InstrumentName, CAMP,,,,
StartTime, 2019-07-01 00:00:00,,,,
EndTime, 2019-07-31 23:59:59,,,,
Date,Carbon monoxide,Nitrogen dioxide,Ozone,PM10 Total 0-10um STP,PM2.5 Total Atmospheric
07/07/2019 07:00:00.000000,0.314852,16.7702,-9999.0,10.95641,5.530769
07/07/2019 07:01:00.000000,0.300581,16.7282,-9999.0,0.00921,5.785714
07/07/2019 07:02:00.000000,0.299696,16.7414,-9999.0,5.702381,5.557143
07/07/2019 07:03:00.000000,0.304623,16.8346,-9999.0,0.014875,6.6
07/07/2019 07:04:00.000000,0.305542,17.0698,-9999.0,6.740909,5.936364
07/07/2019 07:05:00.000000,0.294467,17.4334,-9999.0,0.012202,7.0
07/07/2019 07:06:00.000000,0.29744,22.606,-9999.0,16.278947,8.294737
07/07/2019 07:07:00.000000,0.314533,31.9576,-9999.0,9.075,7.659091
07/07/2019 07:08:00.000000,0.355192,33.5888,-9999.0,12.8375,8.35
07/07/2019 07:09:00.000000,0.370371,36.7742,-9999.0,15.142857,11.414286
07/07/2019 07:10:00.000000,0.362914,37.7004,-9999.0,19.582927,14.631707
07/07/2019 07:11:00.000000,0.384062,37.1044,-9999.0,21.071429,14.157143
07/07/2019 07:12:00.000000,0.416092,36.825,-9999.0,19.7975,13.84
07/07/2019 07:13:00.000000,0.466916,36.4462,-9999.0,19.060976,12.604878
07/07/2019 07:14:00.000000,0.465133,29.0502,-9999.0,30.227273,13.781818
07/07/2019 07:15:00.000000,0.490542,29.9322,-9999.0,22.148718,14.084615
07/07/2019 07:16:00.000000,0.563661,29.0634,-9999.0,0.023758,14.1
07/07/2019 07:17:00.000000,0.523514,26.5956,0.00665,18.863158,15.160526
07/07/2019 07:18:00.000000,0.441735,25.9252,0.016467,33.971428,15.914286
07/07/2019 07:19:00.000000,0.397421,25.3064,0.0194,25.253846,16.253846
07/07/2019 07:20:00.000000,0.388737,24.604,0.019717,0.021801,14.421951
07/07/2019 07:21:00.000000,0.390568,23.8126,0.02105,0.021934,13.585714
07/07/2019 07:22:00.000000,0.395431,22.885,0.021433,20.269231,14.938462
07/07/2019 07:23:00.000000,0.404756,21.6892,0.0231,17.695349,13.393023
07/07/2019 07:24:00.000000,0.396117,20.2994,0.025233,0.017211,13.605263
07/07/2019 07:25:00.000000,0.372041,18.6486,0.02695,0.026882,13.194737
07/07/2019 07:26:00.000000,0.354265,17.4114,0.028933,0.031349,13.845714
07/07/2019 07:27:00.000000,0.333784,16.19075,0.029,0.024977,13.32973
07/07/2019 07:28:00.000000,0.305833,15.101333,0.028733,25.283333,15.213889
07/07/2019 07:29:00.000000,0.284911,16.287,0.027333,0.02049,12.725
07/07/2019 07:30:00.000000,0.289992,17.30375,0.026,0.017457,12.2
07/07/2019 07:31:00.000000,0.303277,13.463,0.026567,0.019178,12.835294
07/07/2019 07:32:00.000000,0.299625,13.733,0.0267,0.029552,12.663158
07/07/2019 07:33:00.000000,0.297728,19.6515,0.0244,0.023982,11.260465
07/07/2019 07:34:00.000000,0.308098,10.5845,0.02665,0.019296,10.915
07/07/2019 07:35:00.000000,0.267563,10.77425,0.030425,13.7125,10.9
07/07/2019 07:36:00.000000,0.22507,11.05775,0.029575,0.011971,9.292308
07/07/2019 07:37:00.000000,0.219558,9.97175,0.029175,16.148718,10.692308
07/07/2019 07:38:00.000000,0.22685,10.619,0.0273,17.536842,12.876316
07/07/2019 07:39:00.000000,0.227221,11.278,0.0248,0.021609,12.294595
07/07/2019 07:40:00.000000,0.224283,11.50575,0.026425,16.186047,10.895349
07/07/2019 07:41:00.000000,0.221386,11.66075,0.028625,0.02875,11.048718
07/07/2019 07:42:00.000000,0.230322,11.75875,0.0286,0.016437,9.4
07/07/2019 07:43:00.000000,0.24402,11.7455,0.0291,0.018924,11.063415
07/07/2019 07:44:00.000000,0.251273,11.72275,0.0296,0.018045,11.230769
07/07/2019 07:45:00.000000,0.300582,11.52975,0.03035,0.017657,11.115789
07/07/2019 07:46:00.000000,0.313915,11.098,0.02975,0.016941,10.583721
07/07/2019 07:47:00.000000,0.386289,10.5825,0.02905,0.034169,8.693023
07/07/2019 07:48:00.000000,0.351673,10.3895,0.029575,16.47561,9.85122
07/07/2019 07:49:00.000000,0.245375,10.302,0.0296,0.01686,8.478049
07/07/2019 07:50:00.000000,0.216207,10.4025,0.028675,0.020865,7.8
07/07/2019 07:51:00.000000,0.204759,10.89425,0.02725,16.466667,8.728571
07/07/2019 07:52:00.000000,0.208704,11.5915,0.025375,13.98,9.231429
07/07/2019 07:53:00.000000,0.21437,13.02375,0.0221,0.015719,12.176923
07/07/2019 07:54:00.000000,0.226488,13.818,0.021,12.7,10.283333
07/07/2019 07:55:00.000000,0.248941,14.2295,0.02415,22.597674,8.165116
07/07/2019 07:56:00.000000,0.270847,14.89625,0.025,0.017736,8.492308
07/07/2019 07:57:00.000000,0.26337,15.96125,0.023,10.721951,8.770732
07/07/2019 07:58:00.000000,0.214092,16.89975,0.021325,16.868966,9.824138
07/07/2019 07:59:00.000000,0.202312,17.255,0.0228,0.011848,8.437209
07/07/2019 08:00:00.000000,0.200982,16.88525,0.025225,0.033808,8.536842
07/07/2019 08:01:00.000000,0.194431,15.8945,0.026125,0.021093,8.697222
07/07/2019 08:02:00.000000,0.206518,14.9005,0.02815,0.009429,7.366667
07/07/2019 08:03:00.000000,0.225476,14.37425,0.029375,12.236585,7.868293
07/07/2019 08:04:00.000000,0.244471,13.719,0.0291,10.369048,7.742857
07/07/2019 08:05:00.000000,0.244371,12.68925,0.029625,7.171429,6.866667
07/07/2019 08:06:00.000000,0.225056,11.3105,0.0314,9.9375,6.36
07/07/2019 08:07:00.000000,0.217146,9.857,0.03385,0.007003,5.442857
07/07/2019 08:08:00.000000,0.207489,9.0725,0.0339,7.68,6.065
07/07/2019 08:09:00.000000,0.21003,8.632,0.031625,0.006319,5.095
07/07/2019 08:10:00.000000,0.222418,8.85225,0.0296,0.012311,6.066667
07/07/2019 08:11:00.000000,0.193259,9.201,0.02815,0.019628,5.842857
07/07/2019 08:12:00.000000,0.189412,12.307,0.024225,23.7,7.05
07/07/2019 08:13:00.000000,0.201438,23.99975,0.01995,8.919512,5.934146
07/07/2019 08:14:00.000000,0.185832,22.46575,0.02,0.01388,6.088235
07/07/2019 08:15:00.000000,0.17303,20.97275,0.0215,0.024856,6.525
07/07/2019 08:16:00.000000,0.192907,19.66025,0.022575,0.009875,5.333333
07/07/2019 08:17:00.000000,0.193614,18.28925,0.024725,0.009223,4.847727
07/07/2019 08:18:00.000000,0.178677,17.41475,0.0286,0.01333,5.056098
07/07/2019 08:19:00.000000,0.16899,16.11025,0.0319,5.102326,4.325581
07/07/2019 08:20:00.000000,0.155148,14.83875,0.032575,0.011088,3.946154
07/07/2019 08:21:00.000000,0.170638,13.50875,0.03285,9.331818,5.497727
07/07/2019 08:22:00.000000,0.156195,12.46525,0.0317,0.008683,4.883333
07/07/2019 08:23:00.000000,0.155272,11.6595,0.02855,0.010915,4.894286
07/07/2019 08:24:00.000000,0.162355,11.1215,0.0269,0.008041,4.402439
07/07/2019 08:25:00.000000,0.172302,10.806,0.026775,13.355,5.455
07/07/2019 08:26:00.000000,0.167943,11.11975,0.027825,9.226667,5.108889
07/07/2019 08:27:00.000000,0.164776,11.8845,0.02685,19.255263,5.421053
07/07/2019 08:28:00.000000,0.186564,12.63625,0.026125,14.102326,5.069767
07/07/2019 08:29:00.000000,0.205551,13.21025,0.02685,11.114286,5.257143
07/07/2019 08:30:00.000000,0.19137,14.07225,0.025325,0.010056,4.528571
07/07/2019 08:31:00.000000,0.169979,14.4325,0.025,0.014249,5.428571
07/07/2019 08:32:00.000000,0.176833,14.699,0.02465,11.5625,6.28
07/07/2019 08:33:00.000000,0.189013,14.6395,0.02685,15.539024,5.631707
07/07/2019 08:34:00.000000,0.183603,14.288,0.0296,0.012946,4.916667
07/07/2019 08:35:00.000000,0.181062,13.615,0.031125,5.216279,4.167442
07/07/2019 08:36:00.000000,0.184046,12.98075,0.031925,9.951163,4.430233
07/07/2019 08:37:00.000000,0.196668,12.58525,0.03145,0.012305,4.759091
07/07/2019 08:38:00.000000,0.194105,11.61075,0.0323,6.585366,4.885366
07/07/2019 08:39:00.000000,0.201664,10.945,0.032675,7.413953,4.813953
07/07/2019 08:40:00.000000,0.2451,9.68775,0.03435,0.012529,6.165854
07/07/2019 08:41:00.000000,0.23693,8.8885,0.03525,0.018534,5.119512
07/07/2019 08:42:00.000000,0.20731,8.48075,0.034,0.005394,3.643243
07/07/2019 08:43:00.000000,0.229642,8.364,0.033075,7.105263,4.915789
07/07/2019 08:44:00.000000,0.256172,8.16675,0.0333,0.00572,4.45
07/07/2019 08:45:00.000000,0.253403,8.89775,0.033575,7.786842,5.310526
07/07/2019 08:46:00.000000,0.439828,9.40125,0.03265,6.9875,4.65
07/07/2019 08:47:00.000000,0.380307,12.34825,0.031025,0.009089,4.930233
07/07/2019 08:48:00.000000,0.225413,13.8475,0.0288,7.4125,5.0
07/07/2019 08:49:00.000000,0.195404,13.79675,0.0286,6.175,4.15
07/07/2019 08:50:00.000000,0.17245,13.812,0.028425,7.87,5.275
07/07/2019 08:51:00.000000,0.18454,13.78725,0.0285,0.005306,4.2625
07/07/2019 08:52:00.000000,0.183529,13.2435,0.03185,0.007227,4.082051
07/07/2019 08:53:00.000000,0.172863,12.6275,0.034125,0.008335,4.5125
07/07/2019 08:54:00.000000,0.152763,12.39575,0.032225,0.004503,3.57561
07/07/2019 08:55:00.000000,0.157874,12.0845,0.031025,6.142857,5.114286
07/07/2019 08:56:00.000000,0.168106,11.5225,0.033975,0.008162,4.625581
07/07/2019 08:57:00.000000,0.16034,10.99775,0.0333,0.008284,4.5
07/07/2019 08:58:00.000000,0.161262,10.65,0.030975,6.29,4.245
07/07/2019 08:59:00.000000,0.155909,10.1925,0.03215,0.008121,4.457143
07/07/2019 09:00:00.000000,0.148321,10.16925,0.033475,0.009849,5.25
07/07/2019 09:01:00.000000,0.144754,10.10425,0.0336,5.842105,3.931579
07/07/2019 09:02:00.000000,0.160467,9.293,0.0353,0.006587,3.6
07/07/2019 09:03:00.000000,0.168925,8.33,0.037925,6.268421,4.134211
07/07/2019 09:04:00.000000,0.158114,7.7255,0.038375,6.346512,4.225581
07/07/2019 09:05:00.000000,0.156113,7.052,0.0381,4.2,3.6
07/07/2019 09:06:00.000000,0.15612,6.3245,0.037275,5.541463,3.929268
07/07/2019 09:07:00.000000,0.156057,5.658,0.037775,3.827907,3.409302
07/07/2019 09:08:00.000000,0.145926,5.0675,0.03855,5.77561,4.107317
07/07/2019 09:09:00.000000,0.142151,4.5205,0.03815,4.208696,3.66087
07/07/2019 09:10:00.000000,0.15721,4.66575,0.036575,0.007501,4.225
07/07/2019 09:11:00.000000,0.171981,5.00225,0.035525,6.24,4.132
07/07/2019 09:12:00.000000,0.165038,5.29625,0.03606,0.007745,4.285714
07/07/2019 09:13:00.000000,0.171544,5.71075,0.035233,0.0074,4.06
07/07/2019 09:14:00.000000,0.166483,6.04725,0.034975,4.118182,3.684848
07/07/2019 09:15:00.000000,0.159225,6.1295,0.03595,0.006851,3.922222
07/07/2019 09:16:00.000000,0.157622,6.18425,0.0373,6.676923,4.492308
07/07/2019 09:17:00.000000,0.157744,6.3825,0.03715,6.878125,4.6
07/07/2019 09:18:00.000000,0.157048,6.33525,0.03674,6.9,4.6
07/07/2019 09:19:00.000000,0.275135,6.38325,0.035667,0.007095,3.971429
07/07/2019 09:20:00.000000,0.35579,6.84025,0.032525,6.34359,4.617949
07/07/2019 09:21:00.000000,0.288579,7.20725,0.0311,0.008762,4.821951
07/07/2019 09:22:00.000000,0.226271,7.59475,0.03175,6.973684,4.636842
07/07/2019 09:23:00.000000,0.187148,8.25675,0.031575,0.008711,4.755556
07/07/2019 09:24:00.000000,0.170488,8.64525,0.033125,0.007552,4.8
07/07/2019 09:25:00.000000,0.163767,9.68025,0.03225,0.010456,5.852381
07/07/2019 09:26:00.000000,0.184772,10.9895,0.026675,0.010882,6.018421
07/07/2019 09:27:00.000000,0.187829,12.02325,0.025575,0.00739,4.388889
07/07/2019 09:28:00.000000,0.169874,12.119,0.0287,3.740541,3.513514
07/07/2019 09:29:00.000000,0.14903,11.35325,0.0352,0.007897,4.514286
07/07/2019 09:30:00.000000,0.132891,10.3945,0.0381,7.766667,5.116667
07/07/2019 09:31:00.000000,0.126934,9.60075,0.038775,0.007288,3.902703
07/07/2019 09:32:00.000000,0.130892,9.1735,0.038325,0.007938,4.347619
07/07/2019 09:33:00.000000,0.135308,8.129,0.036175,6.105,4.0875
07/07/2019 09:34:00.000000,0.140587,6.91875,0.0345,0.007715,4.15
07/07/2019 09:35:00.000000,0.142313,5.93675,0.033825,0.00739,4.048889
07/07/2019 09:36:00.000000,0.138271,5.49525,0.033925,0.007309,4.0
07/07/2019 09:37:00.000000,0.134818,5.82525,0.034075,4.288889,3.766667
07/07/2019 09:38:00.000000,0.134618,6.2485,0.034525,0.006964,4.26
07/07/2019 09:39:00.000000,0.134212,6.70925,0.0346,0.004588,3.502632
07/07/2019 09:40:00.000000,0.1361,6.9125,0.03525,0.008892,5.018182
07/07/2019 09:41:00.000000,0.132352,6.99425,0.03635,0.005299,3.884211
07/07/2019 09:42:00.000000,0.131916,6.95125,0.036175,7.371429,5.1
07/07/2019 09:43:00.000000,0.132289,6.85825,0.035425,0.008324,4.581818
07/07/2019 09:44:00.000000,0.138562,6.624,0.0359,6.512821,4.315385
07/07/2019 09:45:00.000000,0.137409,6.30375,0.037825,0.004872,3.656098
07/07/2019 09:46:00.000000,0.136723,6.09375,0.0375,6.858333,4.705556
07/07/2019 09:47:00.000000,0.135736,6.16475,0.034875,6.509524,4.333333
07/07/2019 09:48:00.000000,0.133217,6.48725,0.0329,7.95641,5.3
07/07/2019 09:49:00.000000,0.132286,6.63025,0.03295,6.6,4.38
07/07/2019 09:50:00.000000,0.128161,6.37175,0.035325,0.009177,4.95
07/07/2019 09:51:00.000000,0.127296,6.153,0.037125,0.009501,5.2
07/07/2019 09:52:00.000000,0.123911,6.1065,0.03725,0.006862,3.755
07/07/2019 09:53:00.000000,0.128205,6.2465,0.036725,3.274419,2.997674
07/07/2019 09:54:00.000000,0.146564,6.1845,0.036575,3.412195,3.412195
07/07/2019 09:55:00.000000,0.150724,5.88075,0.036375,9.89375,6.696875
07/07/2019 09:56:00.000000,0.146942,5.44625,0.036175,4.695556,4.251111
07/07/2019 09:57:00.000000,0.145828,5.02525,0.0374,0.007045,4.041463
07/07/2019 09:58:00.000000,0.140704,4.82975,0.038275,0.005451,3.825
07/07/2019 09:59:00.000000,0.142938,4.7595,0.038075,3.476923,3.461538
07/07/2019 10:00:00.000000,0.148494,4.6835,0.0374,0.00738,4.237838
07/07/2019 10:01:00.000000,0.100688,4.638,0.03625,7.637838,5.07027
07/07/2019 10:02:00.000000,0.045905,4.67775,0.035875,0.008171,4.443182
07/07/2019 10:03:00.000000,0.008631,4.6925,0.0365,0.008242,5.310526
07/07/2019 10:04:00.000000,0.004236,5.2125,0.034225,0.00738,4.230769
07/07/2019 10:05:00.000000,0.004769,6.47425,0.0299,5.742857,3.828571
07/07/2019 10:06:00.000000,-9999.0,8.00175,0.0275,0.011506,6.114286
07/07/2019 10:07:00.000000,0.000857,9.5155,0.02615,4.502632,4.142105
07/07/2019 10:08:00.000000,-9999.0,10.72775,0.0264,4.38,4.295
07/07/2019 10:09:00.000000,0.003263,12.012,0.027475,0.004917,4.068293
07/07/2019 10:10:00.000000,0.003103,13.5085,0.0262,0.005981,4.774419
07/07/2019 10:11:00.000000,6.7e-05,15.27925,0.02415,0.005302,4.385714
07/07/2019 10:12:00.000000,0.056866,16.593,0.022775,6.476744,4.551163
07/07/2019 10:13:00.000000,0.121118,16.99325,0.023625,0.008505,4.686667
07/07/2019 10:14:00.000000,0.129035,16.81,0.02665,4.28,3.935
07/07/2019 10:15:00.000000,0.128982,16.17525,0.0301,4.055,3.97
07/07/2019 10:16:00.000000,0.125511,15.33125,0.032225,8.65,5.87
07/07/2019 10:17:00.000000,0.145698,14.91575,0.03105,7.9875,5.35
07/07/2019 10:18:00.000000,0.134142,14.0835,0.03105,0.004805,3.88
07/07/2019 10:19:00.000000,0.116617,13.06225,0.031025,7.3,5.023256
07/07/2019 10:20:00.000000,0.110455,11.922,0.030975,0.008901,5.0525
07/07/2019 10:21:00.000000,0.113723,11.29825,0.03045,6.085714,5.0
07/07/2019 10:22:00.000000,0.117647,10.96025,0.029775,7.5,5.168421
07/07/2019 10:23:00.000000,0.130001,10.95275,0.031825,7.545,5.03
07/07/2019 10:24:00.000000,0.11836,10.9175,0.03305,11.053846,7.453846
07/07/2019 10:25:00.000000,0.112689,10.37925,0.034075,9.83,6.54
07/07/2019 10:26:00.000000,0.112979,9.78525,0.03435,6.1,4.77
07/07/2019 10:27:00.000000,0.110424,9.27275,0.0347,6.012195,4.168293
07/07/2019 10:28:00.000000,0.110078,8.6265,0.035175,0.008941,4.966667
07/07/2019 10:29:00.000000,0.112215,7.74775,0.035275,8.125,5.3625
07/07/2019 10:30:00.000000,0.113785,6.99075,0.0352,0.00957,5.23
07/07/2019 10:31:00.000000,0.114018,6.51325,0.0352,6.092683,4.004878
07/07/2019 10:32:00.000000,0.114999,6.10575,0.0357,6.842105,4.557895
07/07/2019 10:33:00.000000,0.112965,5.74025,0.03625,6.494737,5.036842
07/07/2019 10:34:00.000000,0.11425,5.41775,0.036325,7.278049,4.929268
07/07/2019 10:35:00.000000,0.115331,5.213,0.036575,7.576744,5.072093
07/07/2019 10:36:00.000000,0.109393,5.0245,0.03665,10.66,7.41
07/07/2019 10:37:00.000000,0.118123,4.82125,0.035975,7.053846,4.864103
07/07/2019 10:38:00.000000,0.155368,4.634,0.036475,0.005732,4.365854
07/07/2019 10:39:00.000000,0.139848,4.46375,0.0368,0.007978,4.655
07/07/2019 10:40:00.000000,0.127467,4.455,0.036125,0.006581,4.954348
07/07/2019 10:41:00.000000,0.14105,4.5375,0.036325,0.007715,4.497674
07/07/2019 10:42:00.000000,0.175315,4.55375,0.0366,6.425,4.23
07/07/2019 10:43:00.000000,0.154151,4.4735,0.03665,0.008079,4.367442
07/07/2019 10:44:00.000000,0.122288,4.39275,0.03695,8.825,5.93
07/07/2019 10:45:00.000000,0.112023,4.26275,0.037275,0.012696,6.954054
07/07/2019 10:46:00.000000,0.112277,4.11775,0.0375,7.9875,5.4
07/07/2019 10:47:00.000000,0.125826,3.9245,0.038175,4.846512,4.497674
07/07/2019 10:48:00.000000,0.134454,3.62925,0.0378,0.011116,6.346154
07/07/2019 10:49:00.000000,0.132707,3.395,0.036475,0.011258,6.205
07/07/2019 10:50:00.000000,0.11877,3.32025,0.0359,0.011258,6.444186
07/07/2019 10:51:00.000000,0.1106,3.32925,0.036,4.558537,4.280488
07/07/2019 10:52:00.000000,0.110034,3.572,0.03495,0.007067,5.190698
07/07/2019 10:53:00.000000,0.112997,4.19425,0.03265,0.009456,5.4
07/07/2019 10:54:00.000000,0.119562,4.869,0.031125,7.266667,4.816667
07/07/2019 10:55:00.000000,0.117802,5.67675,0.031125,4.418919,4.051351
07/07/2019 10:56:00.000000,0.118399,6.44825,0.0312,0.009294,5.331579
07/07/2019 10:57:00.000000,0.119613,6.9085,0.032225,4.887805,4.490244
07/07/2019 10:58:00.000000,0.115429,7.21675,0.0335,0.005751,4.725
07/07/2019 10:59:00.000000,0.118158,7.90475,0.0315,7.435,5.13
07/07/2019 11:00:00.000000,0.12475,9.06125,0.02695,5.152273,4.854545
07/07/2019 11:01:00.000000,0.124839,10.061,0.02475,0.008565,4.970732
07/07/2019 11:02:00.000000,0.123644,10.7395,0.026125,6.923529,4.670588
07/07/2019 11:03:00.000000,0.141246,11.23575,0.026875,0.010791,5.753488
07/07/2019 11:04:00.000000,0.142593,12.21425,0.02525,0.010073,5.595122
07/07/2019 11:05:00.000000,0.137753,13.382,0.0239,0.006896,5.178947
07/07/2019 11:06:00.000000,0.250213,14.903,0.0227,0.009039,5.1725
07/07/2019 11:07:00.000000,0.288994,15.74725,0.023675,7.06,5.573333
07/07/2019 11:08:00.000000,0.184314,15.59175,0.0254,0.006774,5.275676
07/07/2019 11:09:00.000000,0.130554,14.89925,0.028225,0.008554,4.978947
07/07/2019 11:10:00.000000,0.114785,14.34675,0.030225,0.010293,5.62439
07/07/2019 11:11:00.000000,0.117487,13.8745,0.0306,5.871429,5.385714
07/07/2019 11:12:00.000000,0.113777,13.9935,0.02625,7.228571,5.742857
07/07/2019 11:13:00.000000,0.121484,14.187,0.022325,9.276923,6.310256
07/07/2019 11:14:00.000000,0.128989,14.2155,0.022175,10.082927,6.712195
07/07/2019 11:15:00.000000,0.129771,14.413,0.021475,0.01278,7.097674
07/07/2019 11:16:00.000000,0.129994,15.22925,0.019975,0.01185,6.793023
07/07/2019 11:17:00.000000,0.13966,16.34575,0.019925,0.013265,7.288235
07/07/2019 11:18:00.000000,0.161184,17.4455,0.021575,5.784615,5.120513
07/07/2019 11:19:00.000000,0.168205,18.509,0.0224,0.008008,4.681081
07/07/2019 11:20:00.000000,0.153539,19.113,0.020125,0.00728,5.380488
07/07/2019 11:21:00.000000,0.154821,21.86,0.01655,9.280952,6.464286
07/07/2019 11:22:00.000000,0.168782,28.931,0.013275,0.01094,5.992857
07/07/2019 11:23:00.000000,0.202016,31.18175,0.0107,0.014014,7.629545
07/07/2019 11:24:00.000000,0.223993,32.82125,0.00985,0.008614,6.386842
07/07/2019 11:25:00.000000,0.182652,31.079,0.011125,0.010839,7.142857
07/07/2019 11:26:00.000000,0.155865,30.788,0.0131,10.304878,7.097561
07/07/2019 11:27:00.000000,0.164985,30.43925,0.012675,0.012436,6.847368
07/07/2019 11:28:00.000000,0.191729,30.66775,0.0095,0.008554,6.032
07/07/2019 11:29:00.000000,0.185163,31.214,0.006525,12.302439,8.570732
07/07/2019 11:30:00.000000,0.158952,31.8735,0.006,0.014226,7.454839
07/07/2019 11:31:00.000000,0.173195,32.16825,0.0068,7.817241,6.144828
07/07/2019 11:32:00.000000,0.177086,32.2785,0.00825,6.374286,6.017143
07/07/2019 11:33:00.000000,0.15269,31.889,0.010367,0.013164,7.658537
07/07/2019 11:34:00.000000,0.141242,31.5905,0.0123,7.4275,6.7625
07/07/2019 11:35:00.000000,0.165733,31.56725,0.012375,0.010718,6.2375
07/07/2019 11:36:00.000000,0.205269,22.35525,0.014425,0.013811,7.702326
07/07/2019 11:37:00.000000,0.185138,30.22275,0.01395,8.383333,7.316667
07/07/2019 11:38:00.000000,0.167423,31.8175,0.0092,11.761538,9.579487
07/07/2019 11:39:00.000000,0.171143,19.9595,0.01175,11.557143,8.135714
07/07/2019 11:40:00.000000,0.165615,7.98,0.0229,6.014286,5.628571
07/07/2019 11:41:00.000000,0.136662,5.95825,0.031475,5.3,5.214634
07/07/2019 11:42:00.000000,0.131874,6.3085,0.0314,0.009679,5.541463
07/07/2019 11:43:00.000000,0.165077,7.045,0.030075,0.012352,6.79
07/07/2019 11:44:00.000000,0.15017,6.97225,0.0308,10.414634,6.914634
07/07/2019 11:45:00.000000,0.12415,7.0495,0.0313,0.007573,5.65
07/07/2019 11:46:00.000000,0.124314,17.25175,0.0283,0.009193,5.313953
07/07/2019 11:47:00.000000,0.133374,13.702,0.027025,8.531818,5.645455
07/07/2019 11:48:00.000000,0.140954,5.264,0.030975,5.846512,5.448837
07/07/2019 11:49:00.000000,0.129962,5.61375,0.032225,8.276923,5.738462
07/07/2019 11:50:00.000000,0.144666,7.2895,0.030725,8.7875,6.4125
07/07/2019 11:51:00.000000,0.168195,6.55125,0.030425,0.008059,6.14878
07/07/2019 11:52:00.000000,0.146073,6.7115,0.030825,7.907317,6.185366
07/07/2019 11:53:00.000000,0.14013,6.897,0.03035,6.492683,6.114634
07/07/2019 11:54:00.000000,0.148006,7.23525,0.029575,0.012493,7.218605
07/07/2019 11:55:00.000000,0.163262,7.53975,0.02865,0.007715,5.741463
07/07/2019 11:56:00.000000,0.163254,7.761,0.0299,0.012331,7.1
07/07/2019 11:57:00.000000,0.23034,8.1765,0.02925,0.014397,7.928571
07/07/2019 11:58:00.000000,0.203026,14.8135,0.02385,11.410526,8.421053
07/07/2019 11:59:00.000000,0.155328,18.87975,0.0192,7.87561,6.621951
07/07/2019 12:00:00.000000,0.148205,16.90675,0.0209,0.011926,6.726829
07/07/2019 12:01:00.000000,0.141862,15.92025,0.02275,0.011602,6.8
07/07/2019 12:02:00.000000,0.137252,16.23,0.022975,0.01142,6.885
07/07/2019 12:03:00.000000,0.13574,15.93875,0.0246,0.011521,7.397561
07/07/2019 12:04:00.000000,0.132608,15.50925,0.02655,0.008808,6.82
07/07/2019 12:05:00.000000,0.12596,15.2305,0.026075,6.009756,6.017073
07/07/2019 12:06:00.000000,0.124215,15.3335,0.0234,9.688095,6.757143
07/07/2019 12:07:00.000000,0.124719,16.10575,0.01905,0.008039,6.039535
07/07/2019 12:08:00.000000,0.130265,16.21775,0.020575,5.402439,5.402439
07/07/2019 12:09:00.000000,0.296275,15.74325,0.024825,8.8,6.065
07/07/2019 12:10:00.000000,0.417866,15.22825,0.0267,0.011602,6.541463
07/07/2019 12:11:00.000000,0.19977,15.04225,0.02745,6.526829,6.087805
07/07/2019 12:12:00.000000,0.129194,15.38,0.02585,0.009314,6.697436
07/07/2019 12:13:00.000000,0.131358,15.86275,0.0235,8.439024,6.714634
07/07/2019 12:14:00.000000,0.13716,15.92125,0.022125,0.013162,7.373684
07/07/2019 12:15:00.000000,0.177633,15.07325,0.02396,0.013182,7.209091
07/07/2019 12:16:00.000000,0.183767,14.72675,0.0255,7.107895,6.739474
07/07/2019 12:17:00.000000,0.334616,15.1645,0.0243,0.012412,7.2
07/07/2019 12:18:00.000000,0.919391,15.8845,0.0223,10.725,7.3875
07/07/2019 12:19:00.000000,0.516151,16.517,0.021525,0.012101,6.72
07/07/2019 12:20:00.000000,0.197852,16.476,0.0226,0.012631,6.934884
07/07/2019 12:21:00.000000,0.149111,15.95,0.024075,11.445946,7.643243
07/07/2019 12:22:00.000000,0.143701,15.52425,0.0245,0.012165,7.87
07/07/2019 12:23:00.000000,0.130012,15.3005,0.0254,9.788095,7.385714
07/07/2019 12:24:00.000000,0.125978,14.96625,0.02635,0.009185,7.045
07/07/2019 12:25:00.000000,0.143786,14.47,0.02645,11.5625,7.935
07/07/2019 12:26:00.000000,0.152674,13.641,0.025825,11.511628,8.013953
07/07/2019 12:27:00.000000,0.136556,13.20925,0.025925,12.04,8.457143
07/07/2019 12:28:00.000000,0.162379,13.301,0.024975,0.016747,9.261538
07/07/2019 12:29:00.000000,0.154473,13.63775,0.024475,12.723256,10.604651
07/07/2019 12:30:00.000000,0.138774,16.97625,0.023325,0.016626,9.368421
07/07/2019 12:31:00.000000,0.177916,17.99,0.021425,0.016605,9.116216
07/07/2019 12:32:00.000000,0.196892,18.18075,0.021375,13.430769,8.930769
07/07/2019 12:33:00.000000,0.182151,15.467333,0.021975,0.013379,7.292308
07/07/2019 12:34:00.000000,0.14589,15.1285,0.023825,0.009034,6.745
07/07/2019 12:35:00.000000,0.128912,14.9985,0.023925,0.012344,8.530769
07/07/2019 12:36:00.000000,0.136563,11.85475,0.022725,0.009806,7.640541
07/07/2019 12:37:00.000000,0.145645,15.5615,0.021475,12.6,8.663158
07/07/2019 12:38:00.000000,0.184377,28.19575,0.017925,0.016587,9.7625
07/07/2019 12:39:00.000000,0.255328,20.925,0.0175,0.012668,8.164286
07/07/2019 12:40:00.000000,0.191919,18.865167,0.02028,0.014272,8.185714
07/07/2019 12:41:00.000000,0.200975,17.243667,0.019375,0.017602,10.626471
07/07/2019 12:42:00.000000,0.305363,20.504,0.018875,15.2,10.192308
07/07/2019 12:43:00.000000,0.224319,20.29325,0.020375,0.010902,8.034884
07/07/2019 12:44:00.000000,0.167421,20.121,0.020525,0.012019,8.980488
07/07/2019 12:45:00.000000,0.150143,19.93025,0.0207,15.944737,10.884211
07/07/2019 12:46:00.000000,0.140616,19.51525,0.021775,0.017521,9.485714
07/07/2019 12:47:00.000000,0.154548,19.027,0.022575,0.01815,9.971429
07/07/2019 12:48:00.000000,0.210819,19.03425,0.0228,0.015145,8.286364
07/07/2019 12:49:00.000000,0.350262,22.06575,0.02045,11.305,7.49
07/07/2019 12:50:00.000000,0.383914,13.66825,0.022175,12.936842,8.578947
07/07/2019 12:51:00.000000,0.229731,13.5385,0.025375,18.578049,8.8
07/07/2019 12:52:00.000000,0.168653,16.2435,0.0245,0.01949,9.663636
07/07/2019 12:53:00.000000,0.158759,14.22675,0.0242,13.719512,9.117073
07/07/2019 12:54:00.000000,0.144418,13.98775,0.024625,0.030555,8.225581
07/07/2019 12:55:00.000000,0.153721,17.46225,0.0207,0.015917,8.618919
07/07/2019 12:56:00.000000,0.220218,17.90675,0.018475,0.012932,8.185714
07/07/2019 12:57:00.000000,0.216106,12.02275,0.023875,0.011917,7.752174
07/07/2019 12:58:00.000000,0.154427,11.9875,0.026325,0.014536,8.2
07/07/2019 12:59:00.000000,0.20376,14.6445,0.0256,10.297727,7.972727
07/07/2019 13:00:00.000000,0.248423,12.009,0.025325,0.009725,7.554054
07/07/2019 13:01:00.000000,0.179303,13.1465,0.02455,10.6625,7.415
07/07/2019 13:02:00.000000,0.208224,15.24275,0.0235,11.1,7.4
07/07/2019 13:03:00.000000,0.183382,12.5365,0.0252,11.62,7.746667
07/07/2019 13:04:00.000000,0.163837,12.89725,0.0255,0.012425,7.381395
07/07/2019 13:05:00.000000,0.180969,10.17725,0.027225,7.282927,7.036585
07/07/2019 13:06:00.000000,0.179641,10.179,0.029025,13.519048,8.8
07/07/2019 13:07:00.000000,0.153195,10.14875,0.029,7.8375,7.23
07/07/2019 13:08:00.000000,0.147251,9.99175,0.0293,0.012161,8.066667
07/07/2019 13:09:00.000000,0.173472,9.812,0.02865,0.02675,8.139024
07/07/2019 13:10:00.000000,0.276381,9.38675,0.0305,0.011831,6.91
07/07/2019 13:11:00.000000,0.176662,8.88125,0.03285,0.015206,7.125
07/07/2019 13:12:00.000000,0.140893,13.0825,0.03135,16.857143,8.314286
07/07/2019 13:13:00.000000,0.202873,13.25475,0.029075,0.010449,7.037209
07/07/2019 13:14:00.000000,0.235434,10.08575,0.0288,0.015206,8.342857
07/07/2019 13:15:00.000000,0.294107,12.90575,0.027675,7.758974,7.161538
07/07/2019 13:16:00.000000,0.311524,12.4075,0.026475,11.15,7.9725
07/07/2019 13:17:00.000000,0.300198,9.307,0.0279,11.3,8.033333
07/07/2019 13:18:00.000000,0.208858,7.621,0.028725,0.013475,8.765
07/07/2019 13:19:00.000000,0.297138,11.20575,0.0268,0.017506,9.6
07/07/2019 13:20:00.000000,0.265674,10.28075,0.027025,0.015165,9.615
07/07/2019 13:21:00.000000,0.178865,9.34025,0.028175,19.27561,9.24878
07/07/2019 13:22:00.000000,0.195811,9.892,0.028225,0.012173,8.017778
07/07/2019 13:23:00.000000,0.199652,9.7305,0.029225,11.85814,8.832558
07/07/2019 13:24:00.000000,0.17575,9.5745,0.0305,0.015083,9.676923
07/07/2019 13:25:00.000000,0.182949,9.5785,0.029525,16.1,11.488889
07/07/2019 13:26:00.000000,0.285699,9.69875,0.02805,0.038176,8.726829
07/07/2019 13:27:00.000000,0.490116,13.27725,0.02575,17.185,9.39
07/07/2019 13:28:00.000000,0.793301,12.3785,0.025075,13.328205,9.938462
07/07/2019 13:29:00.000000,0.486788,10.83275,0.027375,0.024018,9.314286
07/07/2019 13:30:00.000000,0.209041,12.13075,0.02615,18.445455,10.181818
07/07/2019 13:31:00.000000,0.214237,13.4265,0.02395,0.018144,8.878947
07/07/2019 13:32:00.000000,0.237969,13.66825,0.022975,0.020552,9.212195
07/07/2019 13:33:00.000000,0.23665,13.76125,0.022925,17.3,9.963415
07/07/2019 13:34:00.000000,0.266082,13.71775,0.024125,0.028365,9.766667
07/07/2019 13:35:00.000000,0.224461,13.48025,0.026375,0.019884,8.928571
07/07/2019 13:36:00.000000,0.217495,13.07325,0.027775,0.020786,8.8
07/07/2019 13:37:00.000000,0.204188,13.15425,0.027925,9.673171,8.629268
07/07/2019 13:38:00.000000,0.202475,17.82375,0.0244,22.078571,8.857143
07/07/2019 13:39:00.000000,0.23126,10.37325,0.025875,0.017389,9.733333
07/07/2019 13:40:00.000000,0.177447,7.311,0.0303,16.678049,9.578049
07/07/2019 13:41:00.000000,0.152203,7.61775,0.03055,0.013236,9.329268
07/07/2019 13:42:00.000000,0.153321,7.3615,0.0306,0.020776,9.130769
07/07/2019 13:43:00.000000,0.162197,10.653,0.02905,0.019568,9.1
07/07/2019 13:44:00.000000,0.180042,9.353,0.028875,13.65,9.185
07/07/2019 13:45:00.000000,0.177271,10.672,0.028725,8.857143,8.283333
07/07/2019 13:46:00.000000,0.190638,10.11075,0.028825,14.925,8.355
07/07/2019 13:47:00.000000,0.260721,10.67975,0.029075,0.024291,8.06
07/07/2019 13:48:00.000000,0.362512,10.4935,0.030075,21.116667,11.085714
07/07/2019 13:49:00.000000,0.373235,10.21625,0.031125,12.407317,10.063415
07/07/2019 13:50:00.000000,0.264836,9.96875,0.03105,0.017521,10.308696
07/07/2019 13:51:00.000000,0.17352,9.588,0.03115,0.017232,9.546341
07/07/2019 13:52:00.000000,0.157051,9.30025,0.0308,9.685714,8.971429
07/07/2019 13:53:00.000000,0.203444,9.48275,0.028175,8.49,8.475
07/07/2019 13:54:00.000000,0.228924,11.52825,0.02765,0.016003,9.509756
07/07/2019 13:55:00.000000,0.250128,13.7505,0.02565,0.010867,8.065116
07/07/2019 13:56:00.000000,0.293702,9.921,0.0272,0.015572,9.585
07/07/2019 13:57:00.000000,0.306373,5.51425,0.03165,0.015428,9.075
07/07/2019 13:58:00.000000,0.211143,5.283,0.033575,13.533333,9.842857
07/07/2019 13:59:00.000000,0.17764,5.29575,0.033625,0.015859,8.138462
07/07/2019 14:00:00.000000,0.162651,5.34225,0.03235,14.835294,8.770588
07/07/2019 14:01:00.000000,0.160606,5.37025,0.033125,0.015284,9.657143
07/07/2019 14:02:00.000000,0.155829,5.3435,0.03415,10.773333,9.462222
07/07/2019 14:03:00.000000,0.154216,5.5075,0.03285,0.015839,9.303226
07/07/2019 14:04:00.000000,0.169305,6.0475,0.03025,13.697143,9.688571
07/07/2019 14:05:00.000000,0.186117,6.21325,0.0312,17.535897,8.684615
07/07/2019 14:06:00.000000,0.16591,6.23775,0.03255,9.185714,7.833333
07/07/2019 14:07:00.000000,0.164628,6.3205,0.0315,15.72439,9.026829
07/07/2019 14:08:00.000000,0.219775,6.42675,0.0308,12.361538,8.889744
07/07/2019 14:09:00.000000,0.255564,6.42475,0.0321,14.028205,8.630769
07/07/2019 14:10:00.000000,0.185734,6.456,0.032425,0.022812,9.539024
07/07/2019 14:11:00.000000,0.160506,6.44125,0.031575,0.021506,10.66875
07/07/2019 14:12:00.000000,0.170978,5.95125,0.032375,0.016322,9.443243
07/07/2019 14:13:00.000000,0.203107,5.77425,0.0332,8.614286,8.116667
07/07/2019 14:14:00.000000,0.197503,5.67975,0.033375,0.015426,9.338462
07/07/2019 14:15:00.000000,0.199052,5.58225,0.033325,21.73,9.175
07/07/2019 14:16:00.000000,0.184668,5.44175,0.03275,10.195,8.08
07/07/2019 14:17:00.000000,0.166863,5.42675,0.031975,7.647368,7.563158
07/07/2019 14:18:00.000000,0.181401,5.574,0.0321,11.84186,9.47907
07/07/2019 14:19:00.000000,0.217507,5.80525,0.03015,8.733333,8.3
07/07/2019 14:20:00.000000,0.318739,6.11425,0.028875,0.016818,8.24878
07/07/2019 14:21:00.000000,0.329661,6.3165,0.03045,0.009848,7.515385
07/07/2019 14:22:00.000000,0.221288,6.41375,0.032,0.009611,7.742857
07/07/2019 14:23:00.000000,0.187271,6.57675,0.031975,13.190698,8.660465
07/07/2019 14:24:00.000000,0.27361,6.76975,0.031125,14.07,9.48
07/07/2019 14:25:00.000000,0.248482,6.803,0.032075,11.897619,8.571429
07/07/2019 14:26:00.000000,0.182098,6.57375,0.032775,0.009727,7.55
07/07/2019 14:27:00.000000,0.161762,6.156,0.03265,0.012261,7.233333
07/07/2019 14:28:00.000000,0.185597,5.78775,0.03275,11.375,8.815
07/07/2019 14:29:00.000000,0.169784,5.5905,0.032875,0.013926,8.23
07/07/2019 14:30:00.000000,0.159689,5.511,0.0325,14.3,9.654545
07/07/2019 14:31:00.000000,0.165546,5.27075,0.03265,11.580952,8.071429
07/07/2019 14:32:00.000000,0.170699,5.009,0.03225,11.285714,7.714286
07/07/2019 14:33:00.000000,0.165838,4.91875,0.032075,12.597297,7.951351
07/07/2019 14:34:00.000000,0.161818,4.927,0.032075,0.019657,8.174359
07/07/2019 14:35:00.000000,0.158252,4.91625,0.032475,0.013395,7.773171
07/07/2019 14:36:00.000000,0.16042,4.95525,0.03255,0.028281,9.045455
07/07/2019 14:37:00.000000,0.16135,4.98825,0.032375,17.61,10.235
07/07/2019 14:38:00.000000,0.219091,5.1125,0.0321,0.010704,8.233333
07/07/2019 14:39:00.000000,0.311525,5.45525,0.030875,0.014141,8.451163
07/07/2019 14:40:00.000000,0.317427,5.6965,0.031275,7.911905,7.485714
07/07/2019 14:41:00.000000,0.248836,5.8605,0.032,0.016159,7.902326
07/07/2019 14:42:00.000000,0.197994,6.02325,0.0318,11.919512,8.170732
07/07/2019 14:43:00.000000,0.190657,6.15025,0.032275,0.012957,7.339535
07/07/2019 14:44:00.000000,0.18746,6.25725,0.0325,10.906667,7.115556
07/07/2019 14:45:00.000000,0.177067,6.34675,0.031475,0.011516,6.931579
07/07/2019 14:46:00.000000,0.191073,6.468,0.030475,14.592308,8.930769
07/07/2019 14:47:00.000000,0.233889,6.369,0.031375,0.015278,7.515
07/07/2019 14:48:00.000000,0.236332,6.372,0.032575,0.016656,6.605
07/07/2019 14:49:00.000000,0.221962,6.3905,0.032725,0.012475,6.812195
07/07/2019 14:50:00.000000,0.190556,6.41975,0.03225,0.017675,8.72
07/07/2019 14:51:00.000000,0.185877,6.52375,0.031925,14.345,8.405
07/07/2019 14:52:00.000000,0.187633,6.592,0.032225,11.248718,8.3
07/07/2019 14:53:00.000000,0.190688,6.6825,0.032425,10.373171,6.421951
07/07/2019 14:54:00.000000,0.201982,6.70425,0.03115,6.684091,6.018182
07/07/2019 14:55:00.000000,0.199518,6.80925,0.02985,0.027716,8.030769
07/07/2019 14:56:00.000000,0.196487,7.7825,0.02925,9.3,7.028571
07/07/2019 14:57:00.000000,0.221332,9.4605,0.028175,0.013291,7.646154
07/07/2019 14:58:00.000000,0.228522,6.92925,0.02965,0.033421,6.1
07/07/2019 14:59:00.000000,0.210953,6.25,0.031725,0.008886,5.283721
07/07/2019 15:00:00.000000,0.187735,6.5625,0.032,0.005119,4.167442
07/07/2019 15:01:00.000000,0.159854,6.58525,0.031525,0.015754,5.636364
07/07/2019 15:02:00.000000,0.158637,6.5426,0.031525,5.905263,4.776316
07/07/2019 15:03:00.000000,0.157973,6.476333,0.031475,0.01542,4.423077
07/07/2019 15:04:00.000000,0.155681,6.41325,0.032225,7.544444,4.905556
07/07/2019 15:05:00.000000,0.154656,6.38025,0.032725,17.5,7.18
07/07/2019 15:06:00.000000,0.158055,6.345,0.032575,0.009606,5.4725
07/07/2019 15:07:00.000000,0.161775,6.393,0.031575,0.010973,5.322222
07/07/2019 15:08:00.000000,0.175977,6.48975,0.0308,0.02149,5.476744
07/07/2019 15:09:00.000000,0.187362,6.475,0.03135,0.016733,5.880952
07/07/2019 15:10:00.000000,0.18252,6.525,0.0312,9.975,4.985
07/07/2019 15:11:00.000000,0.218806,13.18825,0.0272,8.584615,5.138462
07/07/2019 15:12:00.000000,0.269257,14.2455,0.025125,15.967568,6.435135
07/07/2019 15:13:00.000000,0.286639,10.62725,0.027425,0.008336,4.892105
07/07/2019 15:14:00.000000,0.213194,7.16825,0.029975,7.968293,5.434146
07/07/2019 15:15:00.000000,0.180659,7.16,0.030375,9.529268,5.119512
07/07/2019 15:16:00.000000,0.237657,7.30425,0.02915,13.975,4.9
07/07/2019 15:17:00.000000,0.267734,7.27725,0.031075,6.9025,4.9825
07/07/2019 15:18:00.000000,0.22401,7.21525,0.0325,10.745454,4.606061
07/07/2019 15:19:00.000000,0.190687,7.20075,0.03225,13.540541,5.391892
07/07/2019 15:20:00.000000,0.171699,7.18025,0.032575,6.764865,4.894595
07/07/2019 15:21:00.000000,0.191688,9.53425,0.030425,0.009643,4.85122
07/07/2019 15:22:00.000000,0.239438,6.76075,0.03175,9.115789,5.892105
07/07/2019 15:23:00.000000,0.201145,8.62125,0.03175,23.778571,4.752381
07/07/2019 15:24:00.000000,0.224208,7.58825,0.03105,9.540909,4.222727
07/07/2019 15:25:00.000000,0.307216,6.91475,0.031725,0.005068,3.971429
07/07/2019 15:26:00.000000,0.281827,6.80025,0.031875,0.014138,6.75
07/07/2019 15:27:00.000000,0.210044,6.60125,0.0328,0.008831,5.15
07/07/2019 15:28:00.000000,0.190343,7.124,0.032,4.22381,3.866667
07/07/2019 15:29:00.000000,0.182488,13.66425,0.02955,4.792683,4.714634
07/07/2019 15:30:00.000000,0.171121,5.206,0.03245,8.630233,6.116279
07/07/2019 15:31:00.000000,0.166417,4.8175,0.035025,0.009781,4.97619
07/07/2019 15:32:00.000000,0.163617,5.04275,0.034675,0.009614,4.130952
07/07/2019 15:33:00.000000,0.175126,5.25425,0.0347,4.4,3.553488
07/07/2019 15:34:00.000000,0.169723,5.25325,0.0348,4.945455,3.709091
07/07/2019 15:35:00.000000,0.164999,5.28,0.03425,0.018329,5.065116
07/07/2019 15:36:00.000000,0.175661,5.26075,0.034225,7.321053,4.331579
07/07/2019 15:37:00.000000,0.175046,5.22125,0.03435,4.114286,3.92381
07/07/2019 15:38:00.000000,0.164329,5.27,0.0345,4.566667,4.27037
07/07/2019 15:39:00.000000,0.155776,5.33425,0.034425,0.007276,3.661538
07/07/2019 15:40:00.000000,0.178233,5.50325,0.034275,6.521053,4.660526
07/07/2019 15:41:00.000000,0.217655,5.55625,0.03455,4.180488,3.690244
07/07/2019 15:42:00.000000,0.206722,5.55525,0.03475,0.009638,4.436364
07/07/2019 15:43:00.000000,0.184268,5.5325,0.034875,0.01156,4.248
07/07/2019 15:44:00.000000,0.163027,5.63325,0.033825,0.027414,3.575
07/07/2019 15:45:00.000000,0.160545,5.8905,0.033125,8.058824,3.811765
07/07/2019 15:46:00.000000,0.170701,5.8505,0.0345,6.775,4.65
07/07/2019 15:47:00.000000,0.185971,6.08925,0.033875,0.01105,4.190909
07/07/2019 15:48:00.000000,0.199286,6.073,0.034125,0.017052,4.234375
07/07/2019 15:49:00.000000,0.219194,6.071,0.034825,5.941667,3.977778
07/07/2019 15:50:00.000000,0.227077,6.03625,0.035575,12.107692,8.130769
07/07/2019 15:51:00.000000,0.208422,6.0505,0.0359,0.023418,6.18
07/07/2019 15:52:00.000000,0.201395,6.141,0.035575,0.014966,5.92
07/07/2019 15:53:00.000000,0.216224,6.06475,0.0353,8.84186,5.05814
07/07/2019 15:54:00.000000,0.195125,6.16325,0.0351,0.00841,4.62381
07/07/2019 15:55:00.000000,0.180778,6.14575,0.03425,4.239474,3.836842
07/07/2019 15:56:00.000000,0.193169,6.437,0.03385,7.995349,4.153488
07/07/2019 15:57:00.000000,0.226764,6.7925,0.034675,0.006534,3.921622
07/07/2019 15:58:00.000000,0.262409,7.06175,0.035575,0.008525,4.428571
07/07/2019 15:59:00.000000,0.264619,7.17075,0.03615,0.010067,4.75122
07/07/2019 16:00:00.000000,0.239096,7.567,0.03405,15.795238,5.104762
07/07/2019 16:01:00.000000,0.164488,7.74675,0.035,0.008584,4.675
07/07/2019 16:02:00.000000,0.068221,7.7385,0.0365,0.010763,5.18
07/07/2019 16:03:00.000000,0.004239,7.187,0.03656,14.893023,4.453488
07/07/2019 16:04:00.000000,-9999.0,7.8595,0.0364,0.01661,4.636842
07/07/2019 16:05:00.000000,-9999.0,6.86475,0.03765,8.502564,4.953846
07/07/2019 16:06:00.000000,-9999.0,5.88775,0.0384,0.012205,4.834146
07/07/2019 16:07:00.000000,-9999.0,5.7365,0.038575,9.483721,4.455814
07/07/2019 16:08:00.000000,-9999.0,5.7905,0.0373,0.011045,5.316667
07/07/2019 16:09:00.000000,-9999.0,5.801,0.0367,0.009833,4.742105
07/07/2019 16:10:00.000000,-9999.0,9.49025,0.03505,11.918182,6.154545
07/07/2019 16:11:00.000000,-9999.0,8.28975,0.0345,14.136585,8.407317
07/07/2019 16:12:00.000000,0.170444,6.73,0.03725,0.015491,5.113514
07/07/2019 16:13:00.000000,0.300409,5.90925,0.03895,0.008506,4.4
07/07/2019 16:14:00.000000,0.258785,5.6635,0.0397,0.005424,4.054545
07/07/2019 16:15:00.000000,0.20884,5.59175,0.0402,4.616667,4.0
07/07/2019 16:16:00.000000,0.186419,5.50075,0.040225,0.007967,3.66
07/07/2019 16:17:00.000000,0.160255,5.29775,0.04035,6.345,3.93
07/07/2019 16:18:00.000000,0.148586,5.19775,0.0405,0.007892,4.25
07/07/2019 16:19:00.000000,0.162397,5.24275,0.04,19.546341,3.958537
07/07/2019 16:20:00.000000,0.181499,5.18075,0.04085,6.865,3.645
07/07/2019 16:21:00.000000,0.266632,5.141,0.041625,10.132558,6.195349
07/07/2019 16:22:00.000000,0.320342,4.97475,0.041225,7.9,4.2
07/07/2019 16:23:00.000000,0.210617,4.72925,0.0419,3.963415,3.529268
07/07/2019 16:24:00.000000,0.154838,4.54075,0.042575,3.33,3.33
07/07/2019 16:25:00.000000,0.168968,4.4735,0.042675,15.65,3.127273
07/07/2019 16:26:00.000000,0.181967,4.2935,0.0422,0.011341,3.44
07/07/2019 16:27:00.000000,0.157225,4.00275,0.042325,0.00512,3.416216
07/07/2019 16:28:00.000000,0.159356,3.7475,0.043025,0.010229,4.771429
07/07/2019 16:29:00.000000,0.186213,3.36725,0.04415,9.086364,4.411364
07/07/2019 16:30:00.000000,0.148171,3.1785,0.045175,4.404878,3.702439
07/07/2019 16:31:00.000000,0.133864,3.06125,0.0449,8.85,6.32
07/07/2019 16:32:00.000000,0.132025,2.416,0.04395,4.84,4.335
07/07/2019 16:33:00.000000,0.149972,9.3385,0.04215,7.95814,4.072093
07/07/2019 16:34:00.000000,0.179359,5.4935,0.039925,0.005509,3.592308
07/07/2019 16:35:00.000000,0.16435,3.4865,0.0416,6.414286,5.214286
07/07/2019 16:36:00.000000,0.148828,2.7525,0.043925,0.008749,4.295349
07/07/2019 16:37:00.000000,0.137359,2.57875,0.0448,0.006741,3.930769
07/07/2019 16:38:00.000000,0.142119,2.58475,0.044575,0.00951,3.728571
07/07/2019 16:39:00.000000,0.140147,2.574,0.0449,4.720455,4.131818
07/07/2019 16:40:00.000000,0.133892,2.56125,0.0455,0.009996,4.115
07/07/2019 16:41:00.000000,0.139622,2.61125,0.045025,9.726667,4.62
07/07/2019 16:42:00.000000,0.169318,2.6015,0.0458,0.009914,5.553659
07/07/2019 16:43:00.000000,0.166874,2.57475,0.04625,13.069231,5.107692
07/07/2019 16:44:00.000000,0.144995,2.58325,0.04565,5.855,4.405
07/07/2019 16:45:00.000000,0.144847,2.58975,0.0454,4.572093,4.472093
07/07/2019 16:46:00.000000,0.148451,2.5935,0.045725,0.006799,4.414286
07/07/2019 16:47:00.000000,0.145456,2.67625,0.045675,0.009851,3.964103
07/07/2019 16:48:00.000000,0.194054,2.95475,0.044375,11.395455,4.936364
07/07/2019 16:49:00.000000,0.301239,3.26175,0.043325,4.518421,3.668421
07/07/2019 16:50:00.000000,0.274806,3.40325,0.04425,3.312821,3.315385
07/07/2019 16:51:00.000000,0.221722,3.644,0.0453,0.008018,4.405
07/07/2019 16:52:00.000000,0.207868,4.0195,0.04595,7.24,4.26
07/07/2019 16:53:00.000000,0.187906,12.685,0.041175,8.782051,4.623077
07/07/2019 16:54:00.000000,0.200271,9.8765,0.0382,0.008379,4.614286
07/07/2019 16:55:00.000000,0.197934,4.67725,0.0436,8.976923,4.512821
07/07/2019 16:56:00.000000,0.169337,3.48125,0.0465,0.007837,4.755
07/07/2019 16:57:00.000000,0.154055,3.506,0.047025,8.151429,5.462857
07/07/2019 16:58:00.000000,0.152906,3.46375,0.047775,0.012574,6.709756
07/07/2019 16:59:00.000000,0.157749,3.4305,0.0477,8.197297,6.062162
07/07/2019 17:00:00.000000,0.169367,3.45075,0.047425,0.004934,3.85122
07/07/2019 17:01:00.000000,0.251941,3.471,0.0473,7.472727,5.054545
07/07/2019 17:02:00.000000,0.271691,3.45325,0.04705,0.019576,4.805
07/07/2019 17:03:00.000000,0.211621,3.464,0.047825,0.012124,4.105
07/07/2019 17:04:00.000000,0.223502,3.48525,0.04895,25.452632,4.0
07/07/2019 17:05:00.000000,0.184569,3.56,0.049325,19.311628,4.946512
07/07/2019 17:06:00.000000,0.183811,3.7395,0.04865,0.009997,5.184615
07/07/2019 17:07:00.000000,0.186708,3.7795,0.049325,4.168293,3.956098
07/07/2019 17:08:00.000000,0.182971,3.732,0.050075,3.7,3.614634
07/07/2019 17:09:00.000000,0.169539,3.664,0.051175,5.814286,4.216667
07/07/2019 17:10:00.000000,0.160393,3.6925,0.0505,0.011541,4.3
07/07/2019 17:11:00.000000,0.232598,7.30275,0.0478,24.1,5.304651
07/07/2019 17:12:00.000000,0.317841,7.82225,0.045375,0.006686,3.621951
07/07/2019 17:13:00.000000,0.30064,4.265,0.0472,8.871429,4.928571
07/07/2019 17:14:00.000000,0.236541,3.6955,0.04875,5.84878,4.431707
07/07/2019 17:15:00.000000,0.208866,3.642,0.05005,0.020733,4.954545
07/07/2019 17:16:00.000000,0.173322,4.924,0.05025,8.628571,4.671429
07/07/2019 17:17:00.000000,0.196555,5.9115,0.04875,4.671795,3.753846
07/07/2019 17:18:00.000000,0.220994,5.9835,0.0473,0.017365,4.468421
07/07/2019 17:19:00.000000,0.21634,4.79775,0.048625,0.008699,3.825581
07/07/2019 17:20:00.000000,0.249133,4.97175,0.050675,0.005465,3.959091
07/07/2019 17:21:00.000000,0.22597,4.98575,0.050425,0.018847,5.371429
07/07/2019 17:22:00.000000,0.208017,4.807,0.05055,8.846154,5.938462
07/07/2019 17:23:00.000000,0.200097,4.637333,0.052075,0.008868,5.131034
07/07/2019 17:24:00.000000,0.178961,4.434,0.0526,5.66,4.086667
07/07/2019 17:25:00.000000,0.180887,4.32775,0.0522,0.011506,4.668293
07/07/2019 17:26:00.000000,0.179991,4.2135,0.051475,0.009328,3.804878
07/07/2019 17:27:00.000000,0.174482,4.05875,0.051475,3.86,3.5125
07/07/2019 17:28:00.000000,0.178876,6.71525,0.050825,0.021742,4.18
07/07/2019 17:29:00.000000,0.227622,6.397,0.051325,0.006052,3.62
07/07/2019 17:30:00.000000,0.21839,6.26775,0.05225,0.0046,3.585
07/07/2019 17:31:00.000000,0.177289,3.95675,0.0519,15.784615,5.8
07/07/2019 17:32:00.000000,0.166462,3.4925,0.052325,0.017888,4.142857
07/07/2019 17:33:00.000000,0.174246,3.727,0.052375,4.535897,3.538462
07/07/2019 17:34:00.000000,0.197855,3.894,0.051025,0.005539,4.238462
07/07/2019 17:35:00.000000,0.257146,4.15425,0.051125,3.875,3.7875
07/07/2019 17:36:00.000000,0.285205,4.109,0.053275,8.257143,5.414286
07/07/2019 17:37:00.000000,0.279209,4.10425,0.0532,0.006713,4.32381
07/07/2019 17:38:00.000000,0.220565,4.27,0.0518,0.00428,3.330233
07/07/2019 17:39:00.000000,0.210694,4.54375,0.05215,0.010086,3.828205
07/07/2019 17:40:00.000000,0.209461,4.55675,0.053575,0.008508,4.340476
07/07/2019 17:41:00.000000,0.192689,4.45125,0.054025,3.984615,3.723077
07/07/2019 17:42:00.000000,0.179791,4.22175,0.053925,0.013399,4.302439
07/07/2019 17:43:00.000000,0.194494,3.911,0.054275,6.534146,3.697561
07/07/2019 17:44:00.000000,0.197041,3.8945,0.055225,4.34,3.946667
07/07/2019 17:45:00.000000,0.1715,3.81875,0.05485,4.27619,4.257143
07/07/2019 17:46:00.000000,0.167985,3.575,0.0546,7.373171,4.385366
07/07/2019 17:47:00.000000,0.192229,4.39075,0.054125,9.357143,3.566667
07/07/2019 17:48:00.000000,0.242652,6.36825,0.05275,0.008645,3.657143
07/07/2019 17:49:00.000000,0.244593,6.376,0.0521,6.755,3.955
07/07/2019 17:50:00.000000,0.219779,4.84925,0.05205,0.008005,4.084615
07/07/2019 17:51:00.000000,0.175912,3.8745,0.0538,0.009819,4.270732
07/07/2019 17:52:00.000000,0.209388,3.7645,0.054925,5.096552,3.913793
07/07/2019 17:53:00.000000,0.305509,3.8775,0.054425,0.011687,4.156098
07/07/2019 17:54:00.000000,0.242297,3.88225,0.0551,0.009585,4.027907
07/07/2019 17:55:00.000000,0.18532,3.92775,0.054825,0.008763,3.664865
07/07/2019 17:56:00.000000,0.175969,4.0275,0.053925,12.147222,4.766667
07/07/2019 17:57:00.000000,0.185518,4.2365,0.05265,9.074359,4.630769
07/07/2019 17:58:00.000000,0.195715,4.376,0.053025,3.953488,3.395349
07/07/2019 17:59:00.000000,0.193688,4.72475,0.053025,5.4,3.284615
07/07/2019 18:00:00.000000,0.204664,4.6985,0.053775,3.184375,3.009375
07/07/2019 18:01:00.000000,0.178401,4.54675,0.054475,6.988889,3.388889
07/07/2019 18:02:00.000000,0.230539,4.66775,0.054175,0.00565,3.497222
07/07/2019 18:03:00.000000,0.337892,4.5725,0.055325,0.007672,3.667442
07/07/2019 18:04:00.000000,0.234934,4.41925,0.05535,3.533333,3.116667
07/07/2019 18:05:00.000000,0.196611,4.1875,0.0559,0.009502,4.255814
07/07/2019 18:06:00.000000,0.182144,3.952,0.05665,0.009373,4.075
07/07/2019 18:07:00.000000,0.158047,3.5005,0.056675,0.011278,4.085
07/07/2019 18:08:00.000000,0.156112,3.3425,0.05655,0.010721,4.271429
07/07/2019 18:09:00.000000,0.164815,3.441,0.054375,0.010347,4.784848
07/07/2019 18:10:00.000000,0.186975,7.0215,0.052075,8.921622,4.297297
07/07/2019 18:11:00.000000,0.283478,6.76025,0.0516,17.328571,5.828571
07/07/2019 18:12:00.000000,0.279755,4.0865,0.0543,9.32093,5.84186
07/07/2019 18:13:00.000000,0.201915,3.6515,0.055275,11.984615,4.023077
07/07/2019 18:14:00.000000,0.187717,3.77575,0.054975,4.319512,3.017073
07/07/2019 18:15:00.000000,0.190921,3.8085,0.055875,5.642857,3.671429
07/07/2019 18:16:00.000000,0.211502,4.04075,0.0553,0.005485,3.8
07/07/2019 18:17:00.000000,0.185575,4.266,0.05475,3.135,3.12
07/07/2019 18:18:00.000000,0.17998,5.9365,0.0546,0.003857,3.0
07/07/2019 18:19:00.000000,0.187553,9.405,0.0518,0.0045,3.430233
07/07/2019 18:20:00.000000,0.240176,5.94275,0.052775,0.008699,3.84
07/07/2019 18:21:00.000000,0.203745,5.327,0.055425,10.192308,3.476923
07/07/2019 18:22:00.000000,0.166941,4.421,0.056775,8.557143,4.428571
07/07/2019 18:23:00.000000,0.197715,4.5545,0.054625,9.502632,3.905263
07/07/2019 18:24:00.000000,0.270756,4.7715,0.0521,0.013666,3.46
07/07/2019 18:25:00.000000,0.242801,4.79,0.054625,4.832432,3.316216
07/07/2019 18:26:00.000000,0.216107,4.84975,0.05625,6.136111,3.202778
07/07/2019 18:27:00.000000,0.233837,4.7855,0.05595,3.285714,2.857143
07/07/2019 18:28:00.000000,0.212336,4.7315,0.0567,0.009706,4.080488
07/07/2019 18:29:00.000000,0.217194,4.67925,0.0569,6.407692,3.792308
07/07/2019 18:30:00.000000,0.206234,4.595,0.05705,0.007735,3.271429
07/07/2019 18:31:00.000000,0.183683,1.84775,0.05515,0.01307,3.365854
07/07/2019 18:32:00.000000,0.209701,3.57325,0.05235,6.770732,4.365854
07/07/2019 18:33:00.000000,0.204655,4.3745,0.054975,0.021298,3.045455
07/07/2019 18:34:00.000000,0.176695,3.412,0.05735,4.932558,2.713953
07/07/2019 18:35:00.000000,0.185667,3.545,0.05805,0.003361,2.616279
07/07/2019 18:36:00.000000,0.210435,3.61075,0.058125,4.485714,3.8
07/07/2019 18:37:00.000000,0.185914,3.538,0.05715,0.003916,2.890244
07/07/2019 18:38:00.000000,0.170394,3.4665,0.056625,0.00797,4.671429
07/07/2019 18:39:00.000000,0.17542,3.39225,0.0571,6.471429,3.542857
07/07/2019 18:40:00.000000,0.202389,3.368,0.05745,0.017441,3.467442
07/07/2019 18:41:00.000000,0.211069,3.5745,0.056625,0.02132,3.235714
07/07/2019 18:42:00.000000,0.218966,3.777,0.0566,0.01712,3.286047
07/07/2019 18:43:00.000000,0.201729,3.71675,0.058125,4.346341,3.212195
07/07/2019 18:44:00.000000,0.169844,3.80625,0.05745,0.011828,3.031579
07/07/2019 18:45:00.000000,0.211014,4.2,0.055075,0.012192,5.38
07/07/2019 18:46:00.000000,0.231399,7.76525,0.053225,0.004992,3.228571
07/07/2019 18:47:00.000000,0.241508,7.1965,0.053125,6.03,3.48
07/07/2019 18:48:00.000000,0.220253,4.4,0.056925,0.007101,3.34186
07/07/2019 18:49:00.000000,0.20105,3.32325,0.0577,0.004141,2.805
07/07/2019 18:50:00.000000,0.189407,3.28025,0.058075,0.004999,3.286047
07/07/2019 18:51:00.000000,0.178597,9.54,0.056125,0.010105,3.983333
07/07/2019 18:52:00.000000,0.202578,3.795,0.055325,0.009041,3.5
07/07/2019 18:53:00.000000,0.226479,7.954,0.05515,0.010354,4.685714
07/07/2019 18:54:00.000000,0.253858,3.78225,0.0565,5.929268,4.387805
07/07/2019 18:55:00.000000,0.213787,3.66425,0.05735,14.032558,3.955814
07/07/2019 18:56:00.000000,0.196013,4.86125,0.056475,12.265,4.7
07/07/2019 18:57:00.000000,0.187764,4.75575,0.05755,0.007199,3.960976
07/07/2019 18:58:00.000000,0.18142,4.559,0.0584,3.531579,3.378947
07/07/2019 18:59:00.000000,0.198124,4.27975,0.059625,0.009085,4.235
07/07/2019 19:00:00.000000,0.238243,4.0255,0.06095,6.44,3.465
07/07/2019 19:01:00.000000,0.369598,3.75925,0.059925,9.77,3.555
07/07/2019 19:02:00.000000,0.237221,3.4995,0.059567,6.676923,3.938462
07/07/2019 19:03:00.000000,0.179235,3.264,0.06,0.009011,4.914286
07/07/2019 19:04:00.000000,0.246677,3.034,0.060575,6.965854,3.385366
07/07/2019 19:05:00.000000,0.209654,3.5475,0.0594,5.7,3.475
07/07/2019 19:06:00.000000,0.187779,6.85375,0.0561,5.702439,3.7
07/07/2019 19:07:00.000000,0.22991,3.51425,0.057075,0.013935,3.3125
07/07/2019 19:08:00.000000,0.184182,2.607,0.059975,4.586047,2.586047
07/07/2019 19:09:00.000000,0.15806,2.8295,0.060425,0.007291,2.781579
07/07/2019 19:10:00.000000,0.167919,2.87425,0.059975,0.008227,4.513793
07/07/2019 19:11:00.000000,0.201101,2.886,0.0591,0.006216,3.572222
07/07/2019 19:12:00.000000,0.189338,3.049,0.057175,5.310811,2.908108
07/07/2019 19:13:00.000000,0.19924,3.3585,0.056325,0.018283,4.402632
07/07/2019 19:14:00.000000,0.391247,3.523,0.056325,8.514286,3.171429
07/07/2019 19:15:00.000000,0.393501,3.49975,0.056625,12.442857,2.478571
07/07/2019 19:16:00.000000,0.210251,3.52125,0.056375,5.678947,2.547368
07/07/2019 19:17:00.000000,0.183437,3.62325,0.05585,0.016495,3.2525
07/07/2019 19:18:00.000000,0.200626,3.52025,0.057075,0.011047,3.042857
07/07/2019 19:19:00.000000,0.16009,3.4495,0.058425,0.005125,2.671429
07/07/2019 19:20:00.000000,0.144669,3.2405,0.05845,5.166667,2.522222
07/07/2019 19:21:00.000000,0.148576,2.96375,0.058025,4.886047,3.053488
07/07/2019 19:22:00.000000,0.150174,2.82125,0.0576,0.016429,3.043902
07/07/2019 19:23:00.000000,0.154051,2.75775,0.057875,0.00912,3.767442
07/07/2019 19:24:00.000000,0.155689,2.64575,0.0576,0.007568,2.639024
07/07/2019 19:25:00.000000,0.134592,2.527,0.05755,4.642857,3.190476
07/07/2019 19:26:00.000000,0.139873,2.60475,0.058,8.115385,3.341026
07/07/2019 19:27:00.000000,0.153705,2.711,0.058925,4.452381,2.995238
07/07/2019 19:28:00.000000,0.168654,2.8275,0.059375,0.003769,2.824444
07/07/2019 19:29:00.000000,0.195012,2.86825,0.059375,0.006223,3.6
07/07/2019 19:30:00.000000,0.233487,2.9255,0.05775,2.752632,2.557895
07/07/2019 19:31:00.000000,0.513105,4.80825,0.054725,11.409756,2.880488
07/07/2019 19:32:00.000000,0.393732,4.974,0.0539,10.046512,3.253488
07/07/2019 19:33:00.000000,0.213418,6.13675,0.0552,6.502439,2.846341
07/07/2019 19:34:00.000000,0.241172,7.4075,0.053075,2.814286,2.166667
07/07/2019 19:35:00.000000,0.278787,8.48075,0.053425,0.002695,2.08
07/07/2019 19:36:00.000000,0.248086,7.8955,0.056025,0.004334,2.490244
07/07/2019 19:37:00.000000,0.217166,7.35375,0.05745,3.6,2.507407
07/07/2019 19:38:00.000000,0.20574,6.72725,0.057225,0.00304,2.19697
07/07/2019 19:39:00.000000,0.17389,5.85575,0.0573,2.01,2.01
07/07/2019 19:40:00.000000,0.151367,4.9945,0.057525,0.005175,2.868421
07/07/2019 19:41:00.000000,0.133151,4.1935,0.05795,0.006993,2.530233
07/07/2019 19:42:00.000000,0.128909,3.964,0.057075,7.0725,3.64
07/07/2019 19:43:00.000000,0.137169,4.71175,0.055475,0.007664,2.829268
07/07/2019 19:44:00.000000,0.153935,3.5215,0.0552,2.745714,2.037143
07/07/2019 19:45:00.000000,0.207655,5.061,0.055025,6.424324,3.116216
07/07/2019 19:46:00.000000,0.291349,5.38925,0.05425,0.008384,3.481579
07/07/2019 19:47:00.000000,0.376798,5.17125,0.0543,5.883333,3.258333
07/07/2019 19:48:00.000000,0.257597,4.93875,0.0559,2.938462,2.353846
07/07/2019 19:49:00.000000,0.185689,1.24725,0.0567,0.003606,2.722222
07/07/2019 19:50:00.000000,0.211742,2.86275,0.0573,0.002893,2.251351
07/07/2019 19:51:00.000000,0.192456,2.52275,0.0579,5.627027,2.883784
07/07/2019 19:52:00.000000,0.180196,2.16125,0.05785,0.004771,3.0225
07/07/2019 19:53:00.000000,0.149049,2.112,0.056925,5.892308,2.835897
07/07/2019 19:54:00.000000,0.155795,2.55075,0.053575,0.026531,2.22
07/07/2019 19:55:00.000000,0.179388,2.972,0.0524,0.008808,2.4875
07/07/2019 19:56:00.000000,0.166978,3.0,0.054525,0.007124,2.680488
07/07/2019 19:57:00.000000,0.13758,3.04075,0.055525,0.003864,2.392308
07/07/2019 19:58:00.000000,0.140166,3.12875,0.05485,0.010677,3.604651
07/07/2019 19:59:00.000000,0.152087,17.9975,0.046025,0.007327,3.528571
07/07/2019 20:00:00.000000,0.168731,8.005,0.05515,14.82,3.228571
07/07/2019 20:01:00.000000,0.191532,4.561667,0.05465,0.00586,2.414286
07/07/2019 20:02:00.000000,0.192366,4.3226,0.05465,3.095349,2.444186
07/07/2019 20:03:00.000000,0.162535,2.681,0.056075,0.008928,2.671429
07/07/2019 20:04:00.000000,0.132942,2.611,0.056875,0.005317,2.785366
07/07/2019 20:05:00.000000,0.130147,2.5435,0.057,0.009381,3.9
07/07/2019 20:06:00.000000,0.138999,2.55975,0.0565,0.015887,3.169231
07/07/2019 20:07:00.000000,0.177927,2.54775,0.054975,6.584615,3.084615
07/07/2019 20:08:00.000000,0.379835,2.45175,0.05585,5.138462,3.448718
07/07/2019 20:09:00.000000,0.360626,2.649,0.05485,6.3,2.385714
07/07/2019 20:10:00.000000,0.235403,2.7825,0.0542,8.25,2.115
07/07/2019 20:11:00.000000,0.228206,2.98575,0.054625,3.207317,2.270732
07/07/2019 20:12:00.000000,0.23154,3.07825,0.0551,0.002767,2.129268
07/07/2019 20:13:00.000000,0.176001,3.26875,0.055775,5.54186,2.267442
07/07/2019 20:14:00.000000,0.148332,6.03775,0.0551,5.6875,2.8775
07/07/2019 20:15:00.000000,0.150218,13.16575,0.052925,8.587805,5.04878
07/07/2019 20:16:00.000000,0.19805,4.472,0.054275,8.042857,3.085714
07/07/2019 20:17:00.000000,0.226627,2.36675,0.0575,0.006247,3.041463
07/07/2019 20:18:00.000000,0.155395,1.791,0.059125,0.007284,2.930769
07/07/2019 20:19:00.000000,0.135017,1.589333,0.057925,0.004734,2.803571
07/07/2019 20:20:00.000000,0.190581,2.98825,0.0574,3.671429,2.716667
07/07/2019 20:21:00.000000,0.222317,8.0535,0.0561,7.015385,3.684615
07/07/2019 20:22:00.000000,0.243773,3.935,0.0555,9.47,3.73
07/07/2019 20:23:00.000000,0.184207,2.86,0.05705,6.960465,2.925581
07/07/2019 20:24:00.000000,0.195213,2.73075,0.05715,10.561538,2.635897
07/07/2019 20:25:00.000000,0.192998,2.6335,0.05835,6.025581,3.102326
07/07/2019 20:26:00.000000,0.16191,2.5405,0.058225,0.003891,2.683721
07/07/2019 20:27:00.000000,0.159777,2.5085,0.057775,0.018718,3.804651
07/07/2019 20:28:00.000000,0.166228,2.93175,0.055875,0.010872,3.15
07/07/2019 20:29:00.000000,0.183358,3.4575,0.0542,5.53871,3.870968
07/07/2019 20:30:00.000000,0.166499,3.46125,0.05675,0.004107,2.88
07/07/2019 20:31:00.000000,0.193226,3.38325,0.0581,4.834146,3.382927
07/07/2019 20:32:00.000000,0.166554,3.5105,0.057825,0.016794,4.012195
07/07/2019 20:33:00.000000,0.161764,3.605,0.0585,5.575,3.165
07/07/2019 20:34:00.000000,0.204563,3.72775,0.058675,0.008711,3.663415
07/07/2019 20:35:00.000000,0.173102,3.783,0.060275,14.033333,2.8
07/07/2019 20:36:00.000000,0.164648,3.30225,0.061225,0.013579,4.406977
07/07/2019 20:37:00.000000,0.166302,2.748,0.06205,6.071429,4.271429
07/07/2019 20:38:00.000000,0.141149,2.71225,0.062575,0.005289,3.027907
07/07/2019 20:39:00.000000,0.139643,2.786,0.062075,0.003843,2.8
07/07/2019 20:40:00.000000,0.15359,2.80275,0.061375,4.678049,3.226829
07/07/2019 20:41:00.000000,0.159633,2.878,0.0613,6.36,3.725
07/07/2019 20:42:00.000000,0.151812,3.12525,0.060225,13.502778,2.925
07/07/2019 20:43:00.000000,0.19892,3.42225,0.05775,14.985714,3.4
07/07/2019 20:44:00.000000,0.405099,3.7725,0.055625,13.4,3.242857
07/07/2019 20:45:00.000000,0.345407,3.974,0.054825,0.010707,3.64186
07/07/2019 20:46:00.000000,0.265081,3.98275,0.055175,8.422727,4.131818
07/07/2019 20:47:00.000000,0.17671,3.81,0.054825,2.5625,2.075
07/07/2019 20:48:00.000000,0.129946,3.604,0.053825,0.013195,1.956098
07/07/2019 20:49:00.000000,0.133248,3.659,0.052125,0.01367,2.431818
07/07/2019 20:50:00.000000,0.148705,3.546,0.052175,4.3,2.414286
07/07/2019 20:51:00.000000,0.26864,3.5695,0.05315,0.007072,2.4
07/07/2019 20:52:00.000000,0.353186,3.328,0.054125,7.129268,2.912195
07/07/2019 20:53:00.000000,0.169842,3.175,0.05535,0.0087,3.08125
07/07/2019 20:54:00.000000,0.129435,3.187,0.05645,2.184848,1.972727
07/07/2019 20:55:00.000000,0.144188,3.3865,0.058267,0.011852,2.932558
07/07/2019 20:56:00.000000,0.156615,3.54075,0.05895,0.018695,2.42
07/07/2019 20:57:00.000000,0.247429,3.4475,0.05815,0.006304,2.638462
07/07/2019 20:58:00.000000,0.848564,3.448,0.0583,11.492683,2.956098
07/07/2019 20:59:00.000000,0.512844,3.066,0.05975,0.00544,2.487805
07/07/2019 21:00:00.000000,0.173038,3.056,0.060625,0.007664,3.168293
07/07/2019 21:01:00.000000,0.139202,3.2705,0.0606,6.6,4.065
07/07/2019 21:02:00.000000,0.175036,3.47725,0.058175,0.012664,2.925
07/07/2019 21:03:00.000000,0.173873,3.497,0.056975,0.011434,2.443902
07/07/2019 21:04:00.000000,0.142523,3.544,0.057025,0.007025,2.229268
07/07/2019 21:05:00.000000,0.146116,3.49975,0.05715,0.003634,2.372093
07/07/2019 21:06:00.000000,0.177669,3.64425,0.055625,2.4,2.4
07/07/2019 21:07:00.000000,0.204318,3.76475,0.05666,0.009922,2.025806
07/07/2019 21:08:00.000000,0.1611,3.93725,0.0589,0.010137,3.53
07/07/2019 21:09:00.000000,0.154842,3.828333,0.0604,0.004107,2.525
07/07/2019 21:10:00.000000,0.151327,3.564,0.06215,4.178049,3.409756
07/07/2019 21:11:00.000000,0.131449,3.5385,0.061825,0.006484,3.685714
07/07/2019 21:12:00.000000,0.18822,7.45975,0.05885,0.03374,3.616667
07/07/2019 21:13:00.000000,0.295956,8.0845,0.058225,60.29,3.685
07/07/2019 21:14:00.000000,0.227706,5.94875,0.061125,0.037631,2.521053
07/07/2019 21:15:00.000000,0.291619,6.6285,0.06285,11.062162,3.389189
07/07/2019 21:16:00.000000,0.340577,6.1475,0.063025,7.778049,4.453659
07/07/2019 21:17:00.000000,0.218164,5.9285,0.06195,0.007133,3.742857
07/07/2019 21:18:00.000000,0.172251,5.489,0.06305,0.015908,3.84878
07/07/2019 21:19:00.000000,0.151122,5.04775,0.063225,0.011391,3.053846
07/07/2019 21:20:00.000000,0.173652,4.60675,0.062925,2.830769,2.223077
07/07/2019 21:21:00.000000,0.209272,4.1775,0.062,5.1,3.214286
07/07/2019 21:22:00.000000,0.190336,3.811,0.05975,0.005528,3.317073
07/07/2019 21:23:00.000000,0.179737,3.6955,0.057875,3.222727,3.040909
07/07/2019 21:24:00.000000,0.196895,3.748,0.057,0.008215,3.0
07/07/2019 21:25:00.000000,0.185519,3.595,0.05785,0.006468,3.083333
07/07/2019 21:26:00.000000,0.15817,3.63625,0.058675,6.038462,3.607692
07/07/2019 21:27:00.000000,0.142788,3.5985,0.05945,0.010198,4.212195
07/07/2019 21:28:00.000000,0.151795,3.5955,0.058925,5.102326,2.960465
07/07/2019 21:29:00.000000,0.203034,3.6295,0.058675,0.036675,3.212195
07/07/2019 21:30:00.000000,0.171677,3.5525,0.059775,0.009293,2.2
07/07/2019 21:31:00.000000,0.151604,3.28025,0.061325,8.308824,4.038235
07/07/2019 21:32:00.000000,0.147227,3.09325,0.0603,0.009379,4.77027
07/07/2019 21:33:00.000000,0.143487,3.04225,0.060275,0.003479,2.721622
07/07/2019 21:34:00.000000,0.137975,3.18175,0.061375,0.007601,3.418605
07/07/2019 21:35:00.000000,0.15542,3.44175,0.061475,0.009389,3.851163
07/07/2019 21:36:00.000000,0.159004,3.42525,0.0626,0.006217,2.816667
07/07/2019 21:37:00.000000,0.136757,3.36075,0.0625,0.009635,3.357895
07/07/2019 21:38:00.000000,0.12718,3.3135,0.06135,3.728571,3.071429
07/07/2019 21:39:00.000000,0.138574,3.62025,0.05945,0.0157,3.085714
07/07/2019 21:40:00.000000,0.160338,3.59275,0.060525,6.831818,3.015909
07/07/2019 21:41:00.000000,0.144543,3.50825,0.062225,0.009506,2.829268
07/07/2019 21:42:00.000000,0.128307,3.22775,0.062225,6.77907,3.134884
07/07/2019 21:43:00.000000,0.12351,2.9205,0.062075,0.004258,2.230303
07/07/2019 21:44:00.000000,0.128912,2.86425,0.061625,0.025582,3.232558
07/07/2019 21:45:00.000000,0.148342,3.24425,0.060825,0.01137,2.932258
07/07/2019 21:46:00.000000,0.185492,8.409,0.0585,5.453659,2.817073
07/07/2019 21:47:00.000000,0.323039,4.451,0.05855,5.258537,3.568293
07/07/2019 21:48:00.000000,0.246646,3.278,0.060975,5.54,3.785
07/07/2019 21:49:00.000000,0.162313,3.813,0.060925,18.714286,2.383333
07/07/2019 21:50:00.000000,0.16371,3.8295,0.060325,11.244828,2.486207
07/07/2019 21:51:00.000000,0.172257,3.982,0.059575,0.028072,3.658621
07/07/2019 21:52:00.000000,0.189168,4.07625,0.059675,3.6,2.925
07/07/2019 21:53:00.000000,0.179093,4.27875,0.059875,5.615152,2.706061
07/07/2019 21:54:00.000000,0.165474,4.53175,0.059875,0.002983,2.133333
07/07/2019 21:55:00.000000,0.173888,4.59525,0.060875,7.695,3.275
07/07/2019 21:56:00.000000,0.156562,4.4445,0.063075,0.014658,3.158537
07/07/2019 21:57:00.000000,0.140034,4.30425,0.06315,4.288095,3.1
07/07/2019 21:58:00.000000,0.130452,4.17275,0.0625,2.289474,2.257895
07/07/2019 21:59:00.000000,0.130259,3.95025,0.06065,5.640909,3.025
07/07/2019 22:00:00.000000,0.135987,3.87,0.059675,13.711628,3.2
07/07/2019 22:01:00.000000,0.103435,3.59725,0.0604,0.004296,2.422727
07/07/2019 22:02:00.000000,0.071729,3.099,0.062475,4.690244,2.897561
07/07/2019 22:03:00.000000,0.008086,2.86,0.063825,0.011696,3.193103
07/07/2019 22:04:00.000000,-9999.0,2.922333,0.063133,6.222222,3.377778
07/07/2019 22:05:00.000000,0.000971,3.13425,0.061175,2.4,2.208333
07/07/2019 22:06:00.000000,-9999.0,3.3785,0.060275,7.152632,3.868421
07/07/2019 22:07:00.000000,0.002658,3.415,0.062075,18.378788,3.715152
07/07/2019 22:08:00.000000,0.001962,3.22125,0.063475,6.885,3.105
07/07/2019 22:09:00.000000,0.000651,3.17175,0.0634,0.011742,2.75
07/07/2019 22:10:00.000000,0.001698,3.237,0.06425,0.005239,2.118182
07/07/2019 22:11:00.000000,-9999.0,3.277,0.06485,0.008571,3.511765
07/07/2019 22:12:00.000000,0.058191,3.58475,0.063375,0.017805,3.185366
07/07/2019 22:13:00.000000,0.134615,3.5795,0.061725,0.007811,2.757143
07/07/2019 22:14:00.000000,0.186279,3.457,0.06295,0.009052,3.471429
07/07/2019 22:15:00.000000,0.203306,3.64025,0.06255,0.003659,2.161538
07/07/2019 22:16:00.000000,0.204217,5.98325,0.058325,12.8375,4.2625
07/07/2019 22:17:00.000000,0.281288,3.191,0.05865,3.87,2.9375
07/07/2019 22:18:00.000000,0.229866,4.2115,0.05865,7.62973,3.391892
07/07/2019 22:19:00.000000,0.211799,8.6965,0.05615,0.015047,2.639535
07/07/2019 22:20:00.000000,0.214099,3.46075,0.05875,7.6,4.128571
07/07/2019 22:21:00.000000,0.170506,5.9595,0.058575,0.011071,4.23871
07/07/2019 22:22:00.000000,0.167575,6.478,0.0594,0.016447,4.490625
07/07/2019 22:23:00.000000,0.171125,6.02425,0.061925,13.397561,4.585366
07/07/2019 22:24:00.000000,0.172418,5.54725,0.0626,0.011819,3.660976
07/07/2019 22:25:00.000000,0.150323,5.16325,0.061475,3.278049,2.587805
07/07/2019 22:26:00.000000,0.167544,4.91975,0.06035,15.128205,3.415385
07/07/2019 22:27:00.000000,0.212645,4.56875,0.05765,0.012706,4.52093
07/07/2019 22:28:00.000000,0.263299,4.12725,0.0527,0.007151,3.018182
07/07/2019 22:29:00.000000,0.246402,3.5895,0.049725,0.019082,4.109756
07/07/2019 22:30:00.000000,0.161782,3.26125,0.0492,11.328571,3.2
07/07/2019 22:31:00.000000,0.123191,3.5095,0.0477,17.925,2.83
07/07/2019 22:32:00.000000,0.146788,3.33475,0.0472,0.019057,2.885
07/07/2019 22:33:00.000000,0.15181,2.008,0.048575,8.197619,2.814286
07/07/2019 22:34:00.000000,0.133767,3.15975,0.048275,7.488889,2.54
07/07/2019 22:35:00.000000,0.132972,3.07575,0.0457,5.37907,2.5
07/07/2019 22:36:00.000000,0.15539,3.194,0.0472,0.008209,2.67
07/07/2019 22:37:00.000000,0.169705,3.2035,0.0471,0.004505,2.784615
07/07/2019 22:38:00.000000,0.141687,3.14175,0.048175,0.010705,3.660465
07/07/2019 22:39:00.000000,0.131115,3.1305,0.0484,16.7625,3.545
07/07/2019 22:40:00.000000,0.131308,3.2115,0.047125,0.010577,3.5
07/07/2019 22:41:00.000000,0.139596,3.27525,0.046775,0.006769,3.417073
07/07/2019 22:42:00.000000,0.138307,3.346,0.047175,6.675,2.89
07/07/2019 22:43:00.000000,0.13234,3.34475,0.0478,8.685,3.65
07/07/2019 22:44:00.000000,0.12961,3.56,0.046175,0.003813,2.115789
07/07/2019 22:45:00.000000,0.137598,3.59975,0.04715,17.964103,2.210256
07/07/2019 22:46:00.000000,0.130164,3.651,0.048475,12.192683,4.604878
07/07/2019 22:47:00.000000,0.130134,3.643,0.04815,0.013295,2.771429
07/07/2019 22:48:00.000000,0.147937,3.564,0.047925,0.013081,3.410526
07/07/2019 22:49:00.000000,0.156431,3.62575,0.046975,13.197561,3.087805
07/07/2019 22:50:00.000000,0.207656,3.70625,0.0464,6.72973,2.664865
07/07/2019 22:51:00.000000,0.213543,3.746,0.0473,0.011481,2.77
07/07/2019 22:52:00.000000,0.163684,3.466,0.04695,0.008083,4.171429
07/07/2019 22:53:00.000000,0.163148,3.51375,0.046875,7.937209,2.42093
07/07/2019 22:54:00.000000,0.166488,3.6375,0.04715,0.010286,1.92381
07/07/2019 22:55:00.000000,0.188621,3.65375,0.047125,11.941463,3.692683
07/07/2019 22:56:00.000000,0.155283,3.6455,0.0478,13.35,3.25
07/07/2019 22:57:00.000000,0.139103,3.6545,0.04675,0.013477,2.452381
07/07/2019 22:58:00.000000,0.150978,3.62925,0.046275,3.474419,2.386047
07/07/2019 22:59:00.000000,0.148519,3.6785,0.046575,10.643182,3.177273
07/07/2019 23:00:00.000000,0.142355,3.6865,0.04655,0.027059,3.541463
07/07/2019 23:01:00.000000,0.149582,3.69325,0.046333,0.032253,5.957895
07/07/2019 23:02:00.000000,0.16518,3.82725,0.04535,0.018502,3.944186
07/07/2019 23:03:00.000000,0.171178,3.89125,0.046025,0.008277,3.2
07/07/2019 23:04:00.000000,0.143338,3.96625,0.047025,0.003444,2.45
07/07/2019 23:05:00.000000,0.147399,3.96275,0.04625,0.015581,4.014634
07/07/2019 23:06:00.000000,0.148072,4.06475,0.045075,9.757895,4.010526
07/07/2019 23:07:00.000000,0.178037,4.14425,0.0451,0.009155,4.631707
07/07/2019 23:08:00.000000,0.18744,4.129,0.0464,6.875,3.475
07/07/2019 23:09:00.000000,0.157611,5.14775,0.0459,0.02093,3.402439
07/07/2019 23:10:00.000000,0.16614,7.66275,0.0442,0.007676,3.425641
07/07/2019 23:11:00.000000,0.167379,4.6375,0.0442,7.8,5.575
07/07/2019 23:12:00.000000,0.157292,4.682,0.044725,10.011905,5.971429
07/07/2019 23:13:00.000000,0.15545,4.64025,0.04445,16.404545,4.486364
07/07/2019 23:14:00.000000,0.162642,4.6255,0.04395,7.35122,3.795238
07/07/2019 23:15:00.000000,0.159875,4.56875,0.044875,3.98,2.984615
07/07/2019 23:16:00.000000,0.146566,4.50175,0.04505,0.004377,3.190244
07/07/2019 23:17:00.000000,0.147512,4.48025,0.04435,0.01464,3.757143
07/07/2019 23:18:00.000000,0.1518,4.4525,0.0443,0.005505,2.9
07/07/2019 23:19:00.000000,0.152899,4.38325,0.045075,6.238298,2.993617
07/07/2019 23:20:00.000000,0.149968,4.27875,0.045575,8.255,3.595
07/07/2019 23:21:00.000000,0.158889,4.1885,0.04555,13.168293,3.621951
07/07/2019 23:22:00.000000,0.161765,4.1365,0.045625,7.57907,3.52093
07/07/2019 23:23:00.000000,0.145977,3.9985,0.0468,4.930233,2.732558
07/07/2019 23:24:00.000000,0.13907,3.83325,0.047575,0.004644,2.880435
07/07/2019 23:25:00.000000,0.131193,3.67375,0.0471,0.005648,3.0
07/07/2019 23:26:00.000000,0.137331,3.56475,0.04685,0.009141,3.241463
07/07/2019 23:27:00.000000,0.148623,3.504,0.046275,0.009057,3.774419
07/07/2019 23:28:00.000000,0.15154,4.8265,0.046225,0.003992,2.597368
07/07/2019 23:29:00.000000,0.142568,8.05675,0.0459,0.00468,3.028571
07/07/2019 23:30:00.000000,0.15452,7.57375,0.043875,0.010144,5.043243
07/07/2019 23:31:00.000000,0.201515,5.7355,0.044,4.0,3.222222
07/07/2019 23:32:00.000000,0.22264,7.03325,0.04405,0.003263,2.6
07/07/2019 23:33:00.000000,0.186746,7.2865,0.04215,0.007238,4.341463
07/07/2019 23:34:00.000000,0.168333,7.49125,0.041425,0.016504,3.515385
07/07/2019 23:35:00.000000,0.184263,7.695,0.041075,0.008367,2.871429
07/07/2019 23:36:00.000000,0.17256,7.3405,0.04355,2.766667,2.395238
07/07/2019 23:37:00.000000,0.150108,6.929,0.046175,0.018261,3.155556
07/07/2019 23:38:00.000000,0.147296,6.422,0.047225,0.012865,2.73617
07/07/2019 23:39:00.000000,0.147121,5.963,0.04695,0.003851,2.007692
07/07/2019 23:40:00.000000,0.141255,5.51375,0.04725,5.314634,2.895122
07/07/2019 23:41:00.000000,0.139874,4.7505,0.0474,0.007833,4.026316
07/07/2019 23:42:00.000000,0.140952,4.14075,0.0473,0.005404,2.407317
07/07/2019 23:43:00.000000,0.140663,3.43375,0.04675,12.94878,2.763415
07/07/2019 23:44:00.000000,0.146986,3.31475,0.04545,7.089744,2.730769
07/07/2019 23:45:00.000000,0.151546,3.27025,0.0457,0.003355,2.110526
07/07/2019 23:46:00.000000,0.146118,3.3075,0.0466,4.742857,2.514286
07/07/2019 23:47:00.000000,0.145476,3.322,0.047025,0.004135,2.345652
07/07/2019 23:48:00.000000,0.143535,3.31675,0.046725,6.67561,3.792683
07/07/2019 23:49:00.000000,0.149982,3.27525,0.0467,5.1875,2.555
07/07/2019 23:50:00.000000,0.143149,3.24375,0.046675,0.003549,2.3
07/07/2019 23:51:00.000000,0.144526,3.286,0.046925,3.771429,2.3
07/07/2019 23:52:00.000000,0.147678,3.28975,0.04715,4.774419,2.988372
07/07/2019 23:53:00.000000,0.15945,3.333,0.046575,0.002711,1.814286
07/07/2019 23:54:00.000000,0.168609,4.4765,0.0466,1.514634,1.514634
07/07/2019 23:55:00.000000,0.148348,6.7005,0.045325,0.003679,2.012195
07/07/2019 23:56:00.000000,0.162559,3.35375,0.0459,0.024747,2.776923
07/07/2019 23:57:00.000000,0.16544,2.52775,0.0478,4.631707,1.704878
07/07/2019 23:58:00.000000,0.134018,2.64775,0.048575,7.119512,2.52439
07/07/2019 23:59:00.000000,0.132414,2.70825,0.0482,0.004499,2.614286
07/08/2019 00:00:00.000000,0.14057,2.74675,0.04745,3.052381,2.942857
07/08/2019 00:01:00.000000,0.142684,2.81375,0.04695,7.05814,3.344186
07/08/2019 00:02:00.000000,0.15409,2.89175,0.04745,0.003095,1.685714
07/08/2019 00:03:00.000000,0.155976,2.96325,0.0479,8.491892,1.818919
07/08/2019 00:04:00.000000,0.148648,3.16225,0.0473,0.003602,1.563636
07/08/2019 00:05:00.000000,0.150585,3.4275,0.046825,1.588372,1.586047
07/08/2019 00:06:00.000000,0.151204,3.59925,0.047225,1.85,1.842857
07/08/2019 00:07:00.000000,0.145293,3.75175,0.04655,0.001981,1.557143
07/08/2019 00:08:00.000000,0.15454,3.9445,0.0457,3.941026,2.261538
07/08/2019 00:09:00.000000,0.159911,4.05575,0.046325,2.062791,1.797674
07/08/2019 00:10:00.000000,0.152654,4.22225,0.0462,3.162791,2.302326
07/08/2019 00:11:00.000000,0.152065,4.5325,0.0453,0.002719,1.973171
07/08/2019 00:12:00.000000,0.159013,4.708333,0.04535,6.15,2.24
07/08/2019 00:13:00.000000,0.172134,4.7295,0.045225,0.004195,2.472093
07/08/2019 00:14:00.000000,0.181953,4.89825,0.044675,6.356098,3.695122
07/08/2019 00:15:00.000000,0.179495,5.022,0.04395,0.004743,2.9
07/08/2019 00:16:00.000000,0.193827,5.037,0.0452,5.607143,2.989286
07/08/2019 00:17:00.000000,0.191156,5.13425,0.0457,0.006471,2.413514
07/08/2019 00:18:00.000000,0.216688,5.3935,0.04325,5.193939,3.172727
07/08/2019 00:19:00.000000,0.195009,5.8025,0.041125,0.003626,2.52
07/08/2019 00:20:00.000000,0.211323,5.7705,0.0454,2.136585,2.143902
07/08/2019 00:21:00.000000,0.181825,5.43525,0.048175,6.921429,2.292857
07/08/2019 00:22:00.000000,0.141819,5.212,0.04735,3.955,3.15
07/08/2019 00:23:00.000000,0.159606,4.9355,0.046875,2.802439,2.27561
07/08/2019 00:24:00.000000,0.240413,4.9835,0.0467,1.915385,1.846154
07/08/2019 00:25:00.000000,0.286967,4.9955,0.0465,0.003647,2.485714
07/08/2019 00:26:00.000000,0.222109,4.7255,0.046025,0.006443,2.261538
07/08/2019 00:27:00.000000,0.192375,4.30425,0.0451,0.004003,2.453846
07/08/2019 00:28:00.000000,0.179193,4.1485,0.046075,0.007516,2.5
07/08/2019 00:29:00.000000,0.146557,4.378,0.046125,2.736585,2.243902
07/08/2019 00:30:00.000000,0.144048,4.61425,0.04565,19.428571,4.783333
07/08/2019 00:31:00.000000,0.159589,4.86925,0.046275,0.007852,2.955814
07/08/2019 00:32:00.000000,0.16396,4.904,0.046325,0.002842,2.060976
07/08/2019 00:33:00.000000,0.167545,4.8245,0.046225,1.65814,1.655814
07/08/2019 00:34:00.000000,0.169157,4.76525,0.045725,0.002547,2.018605
07/08/2019 00:35:00.000000,0.154826,4.734,0.045425,0.003916,2.27
07/08/2019 00:36:00.000000,0.166477,4.8805,0.0446,2.330952,2.214286
07/08/2019 00:37:00.000000,0.207325,5.0465,0.044375,0.002674,2.114286
07/08/2019 00:38:00.000000,0.202991,5.31775,0.0436,0.002189,1.761538
07/08/2019 00:39:00.000000,0.204245,5.67325,0.04355,6.12,3.485
07/08/2019 00:40:00.000000,0.247705,5.82425,0.04395,0.026715,2.789474
07/08/2019 00:41:00.000000,0.239243,6.05575,0.043475,0.008631,2.933333
07/08/2019 00:42:00.000000,0.221479,6.366,0.0437,0.007452,3.516279
07/08/2019 00:43:00.000000,0.190686,6.80325,0.0426,0.003242,2.07
07/08/2019 00:44:00.000000,0.185076,7.18775,0.041825,0.002274,1.715789
07/08/2019 00:45:00.000000,0.188129,7.15525,0.043925,0.005642,2.385714
07/08/2019 00:46:00.000000,0.172598,7.05175,0.044125,0.003688,2.417647
07/08/2019 00:47:00.000000,0.179847,6.9465,0.04325,5.6,2.4
07/08/2019 00:48:00.000000,0.199754,6.92475,0.044075,11.846341,4.960976
07/08/2019 00:49:00.000000,0.196101,6.9695,0.04325,0.007968,3.329412
07/08/2019 00:50:00.000000,0.234402,13.477,0.03935,5.65,4.061111
07/08/2019 00:51:00.000000,0.268014,8.33175,0.040075,0.013048,2.707317
07/08/2019 00:52:00.000000,0.208849,5.526,0.044925,0.008474,3.680488
07/08/2019 00:53:00.000000,0.196382,5.6335,0.04435,4.245455,2.863636
07/08/2019 00:54:00.000000,0.218971,5.733,0.044575,16.413333,2.615556
07/08/2019 00:55:00.000000,0.189799,5.85125,0.04475,0.008157,2.514634
07/08/2019 00:56:00.000000,0.180444,6.00875,0.044575,0.015598,2.672093
07/08/2019 00:57:00.000000,0.190384,6.30875,0.04435,0.00391,2.183721
07/08/2019 00:58:00.000000,0.194882,6.47575,0.044575,0.009823,3.814286
07/08/2019 00:59:00.000000,0.204132,9.0035,0.04195,6.842857,4.1
07/08/2019 01:00:00.000000,0.268327,22.311,0.03145,10.155,4.95
07/08/2019 01:01:00.000000,0.406619,16.24825,0.0318,0.006492,2.9125
07/08/2019 01:02:00.000000,0.323083,7.1405,0.0421,0.003478,2.515
07/08/2019 01:03:00.000000,0.213164,12.01725,0.044,0.002582,1.985714
07/08/2019 01:04:00.000000,0.191785,6.10675,0.045525,0.005691,2.839024
07/08/2019 01:05:00.000000,0.180143,7.51575,0.045425,0.007588,4.243902
07/08/2019 01:06:00.000000,0.204962,14.09025,0.0401,0.005175,2.885
07/08/2019 01:07:00.000000,0.331847,12.534,0.0363,2.546154,2.261538
07/08/2019 01:08:00.000000,0.298722,10.394,0.0362,12.113158,3.715789
07/08/2019 01:09:00.000000,0.278379,5.94225,0.0388,5.865,3.49
07/08/2019 01:10:00.000000,0.238752,5.62725,0.04575,0.002909,2.34186
07/08/2019 01:11:00.000000,0.181261,5.5305,0.04635,4.3,2.269231
07/08/2019 01:12:00.000000,0.176737,5.78025,0.0454,0.016726,2.891111
07/08/2019 01:13:00.000000,0.205008,6.5615,0.042975,0.004258,2.485714
07/08/2019 01:14:00.000000,0.244661,6.9735,0.042075,0.006629,2.571429
07/08/2019 01:15:00.000000,0.223605,6.96475,0.0443,5.587805,2.258537
07/08/2019 01:16:00.000000,0.192712,6.94975,0.045375,0.003373,2.371429
07/08/2019 01:17:00.000000,0.187121,6.885,0.046225,0.004311,2.736842
07/08/2019 01:18:00.000000,0.164496,6.825,0.047475,0.002919,2.287805
07/08/2019 01:19:00.000000,0.143539,6.8925,0.046925,0.002666,2.113333
07/08/2019 01:20:00.000000,0.148793,6.36275,0.04765,0.003695,2.625
07/08/2019 01:21:00.000000,0.147699,5.4065,0.048775,6.647368,2.868421
07/08/2019 01:22:00.000000,0.144719,4.79425,0.048,3.251282,2.812821
07/08/2019 01:23:00.000000,0.168772,4.66525,0.04725,8.34878,3.141463
07/08/2019 01:24:00.000000,0.214575,4.572,0.0469,0.003874,2.5875
07/08/2019 01:25:00.000000,0.210574,4.6065,0.0468,3.086486,3.002703
07/08/2019 01:26:00.000000,0.171066,5.2565,0.046375,6.125581,4.132558
07/08/2019 01:27:00.000000,0.152089,5.5245,0.044525,4.15,3.79
07/08/2019 01:28:00.000000,0.154164,10.3365,0.04125,3.02,3.006667
07/08/2019 01:29:00.000000,0.177727,10.036,0.039625,0.003242,2.57
07/08/2019 01:30:00.000000,0.222217,5.0885,0.044375,2.926829,2.841463
07/08/2019 01:31:00.000000,0.206811,4.00475,0.0464,0.003158,2.471429
07/08/2019 01:32:00.000000,0.176329,4.3575,0.046075,5.97,3.76
07/08/2019 01:33:00.000000,0.15962,4.72325,0.045575,9.49,4.51
07/08/2019 01:34:00.000000,0.159755,5.20875,0.045,0.007684,3.914286
07/08/2019 01:35:00.000000,0.180964,8.36175,0.04135,0.004063,2.970732
07/08/2019 01:36:00.000000,0.197655,15.46875,0.037025,0.004379,3.482927
07/08/2019 01:37:00.000000,0.206642,14.629,0.035575,0.00696,3.765854
07/08/2019 01:38:00.000000,0.240874,16.42675,0.035025,0.011017,4.380488
07/08/2019 01:39:00.000000,0.262211,20.28275,0.032575,0.012783,4.17
07/08/2019 01:40:00.000000,0.304663,19.337,0.030325,0.019091,3.583721
07/08/2019 01:41:00.000000,0.263357,16.48475,0.0324,4.785714,2.985714
07/08/2019 01:42:00.000000,0.243471,14.10075,0.033675,5.278571,3.5
07/08/2019 01:43:00.000000,0.271774,13.19,0.03525,0.019049,3.938462
07/08/2019 01:44:00.000000,0.273387,11.17225,0.036875,0.020058,3.49
07/08/2019 01:45:00.000000,0.239117,10.5235,0.039275,7.823077,2.989744
07/08/2019 01:46:00.000000,0.211796,11.55725,0.038625,0.00758,3.740909
07/08/2019 01:47:00.000000,0.219063,10.84125,0.038725,19.146341,3.568293
07/08/2019 01:48:00.000000,0.23597,12.091,0.0388,0.011423,3.670732
07/08/2019 01:49:00.000000,0.255926,10.269,0.038675,6.685714,3.45
07/08/2019 01:50:00.000000,0.233474,11.17925,0.038075,3.64,3.145
07/08/2019 01:51:00.000000,0.224963,11.53125,0.037475,0.003818,3.015556
07/08/2019 01:52:00.000000,0.229082,11.54425,0.036675,0.012809,4.628571
07/08/2019 01:53:00.000000,0.275624,11.57425,0.036425,4.885,3.88
07/08/2019 01:54:00.000000,0.345998,11.48575,0.036925,4.305405,4.286486
07/08/2019 01:55:00.000000,0.309556,11.335,0.0375,0.013611,4.818605
07/08/2019 01:56:00.000000,0.471328,11.321,0.0371,7.023256,4.9
07/08/2019 01:57:00.000000,0.670511,11.55275,0.036,0.009269,4.65122
07/08/2019 01:58:00.000000,0.565275,11.67775,0.035725,0.005159,3.57561
07/08/2019 01:59:00.000000,0.462556,18.792,0.0337,0.010045,4.260465
07/08/2019 02:00:00.000000,0.359727,19.84975,0.028725,0.005432,3.471111
07/08/2019 02:01:00.000000,0.311845,15.2975,0.0306,4.165,4.15
07/08/2019 02:02:00.000000,0.312779,18.5585,0.029725,0.018308,3.787805
07/08/2019 02:03:00.000000,0.345166,12.9025,0.031825,8.562791,4.269767
07/08/2019 02:04:00.000000,0.299532,10.65325,0.03325,7.275,4.675
07/08/2019 02:05:00.000000,0.27709,17.20775,0.029375,0.011166,5.38
07/08/2019 02:06:00.000000,0.278536,14.50775,0.030525,7.878571,3.614286
07/08/2019 02:07:00.000000,0.294264,10.924,0.0358,6.581395,3.730233
07/08/2019 02:08:00.000000,0.320509,8.97525,0.037725,3.595,3.12
07/08/2019 02:09:00.000000,0.282538,10.05475,0.0386,0.007142,3.082927
07/08/2019 02:10:00.000000,0.253105,12.5115,0.038125,0.011247,3.960465
07/08/2019 02:11:00.000000,0.240371,15.7265,0.0354,0.019269,3.929268
07/08/2019 02:12:00.000000,0.267845,16.35875,0.032775,8.646341,4.839024
07/08/2019 02:13:00.000000,0.313262,16.05075,0.03335,0.011897,6.093182
07/08/2019 02:14:00.000000,0.302754,15.51825,0.035675,4.484615,3.930769
07/08/2019 02:15:00.000000,0.252402,14.83125,0.0381,0.022278,4.095
07/08/2019 02:16:00.000000,0.246832,14.456333,0.038033,9.254545,4.2
07/08/2019 02:17:00.000000,0.313623,13.928333,0.0377,6.6,4.371429
07/08/2019 02:18:00.000000,0.293359,13.17375,0.0402,5.553846,4.4
07/08/2019 02:19:00.000000,0.28126,12.3645,0.040875,6.9,4.65
07/08/2019 02:20:00.000000,0.256924,11.74125,0.039075,10.885714,4.185714
07/08/2019 02:21:00.000000,0.285217,11.4295,0.038075,0.009727,5.2
07/08/2019 02:22:00.000000,0.318509,11.2595,0.0389,8.792683,3.741463
07/08/2019 02:23:00.000000,0.275337,11.478,0.03825,0.020102,5.285714
07/08/2019 02:24:00.000000,0.284135,11.9125,0.035475,4.971429,3.285714
07/08/2019 02:25:00.000000,0.27686,12.82475,0.033875,0.015563,2.984091
07/08/2019 02:26:00.000000,0.26745,13.8285,0.0338,0.011358,3.426829
07/08/2019 02:27:00.000000,0.258712,14.63825,0.035175,0.007426,3.844186
07/08/2019 02:28:00.000000,0.22897,14.72725,0.03885,0.003866,2.745
07/08/2019 02:29:00.000000,0.259401,14.553,0.041725,0.007751,2.585
07/08/2019 02:30:00.000000,0.311035,14.517,0.041675,4.117949,3.210256
07/08/2019 02:31:00.000000,0.258315,14.4755,0.040625,0.002779,2.127907
07/08/2019 02:32:00.000000,0.216618,16.699,0.039175,1.73,1.73
07/08/2019 02:33:00.000000,0.207107,11.79575,0.040025,4.377273,3.129545
07/08/2019 02:34:00.000000,0.187327,11.54075,0.040775,0.003405,2.446667
07/08/2019 02:35:00.000000,0.198036,12.07825,0.0398,0.00915,4.365116
07/08/2019 02:36:00.000000,0.244772,12.25225,0.03935,0.006017,3.176923
07/08/2019 02:37:00.000000,0.215414,12.267,0.039275,2.465116,2.297674
07/08/2019 02:38:00.000000,0.179933,12.16075,0.040225,0.00328,2.541463
07/08/2019 02:39:00.000000,0.211711,16.21225,0.039975,0.009861,4.221951
07/08/2019 02:40:00.000000,0.274222,14.16975,0.03815,3.607317,2.963415
07/08/2019 02:41:00.000000,0.230403,11.29525,0.03875,0.00516,3.044186
07/08/2019 02:42:00.000000,0.316268,18.918,0.035775,0.007604,3.355
07/08/2019 02:43:00.000000,0.315318,15.37175,0.03425,0.017403,3.057143
07/08/2019 02:44:00.000000,0.228413,12.966,0.03845,0.00603,2.743902
07/08/2019 02:45:00.000000,0.237911,10.4125,0.039825,2.87561,2.870732
07/08/2019 02:46:00.000000,0.192982,9.7745,0.04145,0.008638,4.785714
07/08/2019 02:47:00.000000,0.187549,9.76725,0.0409,7.783333,3.933333
07/08/2019 02:48:00.000000,0.199684,9.6965,0.0401,8.905,5.06
07/08/2019 02:49:00.000000,0.214969,9.70025,0.040075,0.010557,4.26
07/08/2019 02:50:00.000000,0.312273,9.68625,0.039875,9.18,5.22
07/08/2019 02:51:00.000000,0.256192,9.4235,0.0423,3.806977,3.262791
07/08/2019 02:52:00.000000,0.215288,9.05275,0.043175,0.013541,3.952381
07/08/2019 02:53:00.000000,0.205707,8.7875,0.0431,8.189474,3.610526
07/08/2019 02:54:00.000000,0.196421,8.5725,0.043025,3.9,3.329268
07/08/2019 02:55:00.000000,0.197959,8.2625,0.04305,0.027673,7.141463
07/08/2019 02:56:00.000000,0.200249,8.034,0.043025,13.557143,4.966667
07/08/2019 02:57:00.000000,0.205913,7.74425,0.0425,17.437209,4.651163
07/08/2019 02:58:00.000000,0.202414,7.567,0.04265,0.0312,6.45
07/08/2019 02:59:00.000000,0.21136,7.811,0.0409,0.017544,5.804878
07/08/2019 03:00:00.000000,0.218931,7.899,0.040525,0.01291,7.029545
07/08/2019 03:01:00.000000,0.22176,7.95175,0.041,24.236585,9.007317
07/08/2019 03:02:00.000000,0.233047,8.21925,0.038825,0.02475,9.131111
07/08/2019 03:03:00.000000,0.240349,8.33475,0.03865,15.014634,7.392683
07/08/2019 03:04:00.000000,0.228777,8.3325,0.0403,9.514286,4.933333
07/08/2019 03:05:00.000000,0.306611,8.46475,0.038975,0.01412,5.775
07/08/2019 03:06:00.000000,0.365391,8.49275,0.038325,9.197436,5.153846
07/08/2019 03:07:00.000000,0.294859,8.44275,0.0376,0.018236,5.777273
07/08/2019 03:08:00.000000,0.326109,8.58525,0.038025,16.252381,7.528571
07/08/2019 03:09:00.000000,0.350883,8.56825,0.03855,17.226316,7.884211
07/08/2019 03:10:00.000000,0.311538,8.5485,0.037625,0.019572,8.569767
07/08/2019 03:11:00.000000,0.266955,8.859,0.0355,0.030935,7.68
07/08/2019 03:12:00.000000,0.253414,9.35875,0.03445,16.521951,6.885366
07/08/2019 03:13:00.000000,0.247072,9.4495,0.0365,0.022846,8.004651
07/08/2019 03:14:00.000000,0.621564,9.7445,0.03735,0.018249,7.021053
07/08/2019 03:15:00.000000,0.843769,11.68525,0.035575,23.875,5.78
07/08/2019 03:16:00.000000,0.397193,15.36825,0.031425,20.815385,6.7
07/08/2019 03:17:00.000000,0.327285,13.54525,0.031375,18.315789,8.415789
07/08/2019 03:18:00.000000,0.346743,14.23125,0.032175,14.916667,7.071429
07/08/2019 03:19:00.000000,0.406918,14.323,0.0323,21.073171,7.463415
07/08/2019 03:20:00.000000,0.295291,13.94075,0.033,14.773171,6.063415
07/08/2019 03:21:00.000000,0.248109,13.5265,0.033025,0.01864,5.8
07/08/2019 03:22:00.000000,0.251521,13.16175,0.0324,14.702564,6.223077
07/08/2019 03:23:00.000000,0.254106,12.634,0.03355,19.02,5.5575
07/08/2019 03:24:00.000000,0.246624,12.1725,0.033775,8.8625,4.89
07/08/2019 03:25:00.000000,0.273079,11.6445,0.0337,9.113636,4.8
07/08/2019 03:26:00.000000,0.286331,11.07725,0.034025,0.016766,4.969231
07/08/2019 03:27:00.000000,0.281625,10.863,0.03435,0.020267,4.835
07/08/2019 03:28:00.000000,0.262286,10.70975,0.034475,11.31,5.5875
07/08/2019 03:29:00.000000,0.234871,10.51725,0.0353,0.007456,5.185714
07/08/2019 03:30:00.000000,0.223699,10.33,0.034875,0.010731,5.1
07/08/2019 03:31:00.000000,0.263007,10.171,0.035525,0.01069,5.44
07/08/2019 03:32:00.000000,0.249135,10.09325,0.034925,0.01658,4.910526
07/08/2019 03:33:00.000000,0.252414,10.19,0.0325,0.012222,5.476923
07/08/2019 03:34:00.000000,0.259997,10.67775,0.030725,0.018616,6.446154
07/08/2019 03:35:00.000000,0.285602,14.25425,0.02975,12.458537,5.57561
07/08/2019 03:36:00.000000,0.314038,14.76625,0.03065,0.006426,4.631707
07/08/2019 03:37:00.000000,0.326517,12.6775,0.032725,0.008867,4.330769
07/08/2019 03:38:00.000000,0.577693,16.97475,0.03115,0.020508,4.728571
07/08/2019 03:39:00.000000,0.61355,15.673,0.032975,6.107317,4.136585
07/08/2019 03:40:00.000000,0.388333,14.884,0.036075,0.006973,4.597561
07/08/2019 03:41:00.000000,0.260678,14.0415,0.03705,0.004782,3.85
07/08/2019 03:42:00.000000,0.233421,13.359,0.0369,9.014286,4.2
07/08/2019 03:43:00.000000,0.252823,12.871,0.036775,0.00903,5.15
07/08/2019 03:44:00.000000,0.245383,12.15125,0.036325,5.933333,4.708889
07/08/2019 03:45:00.000000,0.212697,11.22975,0.037675,0.007724,4.3375
07/08/2019 03:46:00.000000,0.194283,10.17775,0.0392,0.006531,4.217949
07/08/2019 03:47:00.000000,0.21402,9.79675,0.03945,0.009472,5.480488
07/08/2019 03:48:00.000000,0.211649,9.46325,0.039325,0.021269,6.695122
07/08/2019 03:49:00.000000,0.198622,9.2065,0.0393,0.01011,5.393023
07/08/2019 03:50:00.000000,0.192454,8.7355,0.039975,11.088372,4.583721
07/08/2019 03:51:00.000000,0.181206,8.11075,0.039975,0.009565,4.5
07/08/2019 03:52:00.000000,0.177779,7.67975,0.040325,0.013093,5.340909
07/08/2019 03:53:00.000000,0.167654,7.5625,0.041275,0.010172,4.110526
07/08/2019 03:54:00.000000,0.170466,7.50575,0.0414,0.025034,4.244186
07/08/2019 03:55:00.000000,0.237057,7.504,0.039775,7.771429,4.216667
07/08/2019 03:56:00.000000,0.317551,7.7555,0.038375,0.020364,5.918182
07/08/2019 03:57:00.000000,0.38251,7.87825,0.03755,0.013792,6.631707
07/08/2019 03:58:00.000000,0.326778,7.93575,0.03835,26.307317,7.809756
07/08/2019 03:59:00.000000,0.286141,8.063,0.038575,0.018935,8.257143
07/08/2019 04:00:00.000000,0.361724,8.2865,0.03785,25.286047,4.513953
07/08/2019 04:01:00.000000,0.353547,8.554,0.036675,0.027224,5.834091
07/08/2019 04:02:00.000000,0.098236,8.59875,0.037975,11.571429,5.685714
07/08/2019 04:03:00.000000,0.012936,8.66425,0.037875,15.644186,4.997674
07/08/2019 04:04:00.000000,0.004869,8.72575,0.03615,18.068293,4.131707
07/08/2019 04:05:00.000000,0.004174,8.9185,0.03565,0.021763,6.2275
07/08/2019 04:06:00.000000,0.003933,9.2365,0.0359,0.015016,6.014286
07/08/2019 04:07:00.000000,0.003371,9.38425,0.036325,0.040852,5.557143
07/08/2019 04:08:00.000000,-9999.0,9.6425,0.0357,0.021496,5.415789
07/08/2019 04:09:00.000000,0.000287,9.94375,0.0357,0.010367,5.3175
07/08/2019 04:10:00.000000,0.002434,10.5035,0.0346,17.827273,5.018182
07/08/2019 04:11:00.000000,-9999.0,11.2465,0.03305,26.588372,6.97907
07/08/2019 04:12:00.000000,0.135699,16.0225,0.0318,0.011902,4.665
07/08/2019 04:13:00.000000,0.242708,11.50775,0.03465,17.927273,3.909091
07/08/2019 04:14:00.000000,0.227708,10.377,0.036525,0.018448,5.265854
07/08/2019 04:15:00.000000,0.212696,9.32525,0.03765,11.471429,4.814286
07/08/2019 04:16:00.000000,0.219493,9.35275,0.0381,12.651429,6.934286
07/08/2019 04:17:00.000000,0.214317,9.1225,0.039025,0.009799,4.8
07/08/2019 04:18:00.000000,0.190334,8.77675,0.040325,6.15,3.465
07/08/2019 04:19:00.000000,0.161159,8.435,0.041025,13.473529,4.270588
07/08/2019 04:20:00.000000,0.159963,8.132,0.040525,4.545455,3.263636
07/08/2019 04:21:00.000000,0.159012,7.8455,0.040375,7.539024,4.295122
07/08/2019 04:22:00.000000,0.152316,7.67,0.04,4.216667,3.583333
07/08/2019 04:23:00.000000,0.177625,7.6155,0.03855,0.004807,3.826829
07/08/2019 04:24:00.000000,0.220004,7.5725,0.038325,3.573171,3.558537
07/08/2019 04:25:00.000000,0.209929,7.7535,0.0381,0.007909,5.214286
07/08/2019 04:26:00.000000,0.200613,8.3435,0.03605,0.008628,4.467442
07/08/2019 04:27:00.000000,0.219779,8.84275,0.035875,4.085714,3.633333
07/08/2019 04:28:00.000000,0.188711,9.18,0.03745,0.006594,4.329268
07/08/2019 04:29:00.000000,0.176725,9.55025,0.037,0.00682,4.093023
07/08/2019 04:30:00.000000,0.178766,9.858,0.03625,0.013343,4.0
07/08/2019 04:31:00.000000,0.18519,10.135,0.0356,0.005875,3.336585
07/08/2019 04:32:00.000000,0.214189,10.38875,0.03575,7.502439,3.882927
07/08/2019 04:33:00.000000,0.196232,10.41825,0.037125,5.882353,4.082353
07/08/2019 04:34:00.000000,0.183225,9.99225,0.0378,0.004828,3.664103
07/08/2019 04:35:00.000000,0.187748,9.67825,0.038325,0.005567,3.6
07/08/2019 04:36:00.000000,0.176292,9.48375,0.038225,0.049961,9.293023
07/08/2019 04:37:00.000000,0.187542,9.3375,0.037175,0.020276,5.857143
07/08/2019 04:38:00.000000,0.213895,9.0275,0.037825,0.010929,6.132558
07/08/2019 04:39:00.000000,0.210626,8.4985,0.039375,6.485714,5.1
07/08/2019 04:40:00.000000,0.183026,7.97375,0.040225,0.008566,4.131707
07/08/2019 04:41:00.000000,0.194482,7.57225,0.040675,0.005156,3.573171
07/08/2019 04:42:00.000000,0.191276,7.31875,0.04125,6.64,3.668889
07/08/2019 04:43:00.000000,0.235012,7.08175,0.0409,0.008772,4.21
07/08/2019 04:44:00.000000,0.232547,6.808,0.041175,19.221951,6.860976
07/08/2019 04:45:00.000000,0.193093,6.46775,0.041075,0.007252,3.34878
07/08/2019 04:46:00.000000,0.181398,6.074,0.04055,0.007046,3.914286
07/08/2019 04:47:00.000000,0.185794,5.2945,0.040425,3.909756,3.587805
07/08/2019 04:48:00.000000,0.187571,4.4835,0.0414,14.011364,3.752273
07/08/2019 04:49:00.000000,0.172938,3.6775,0.039775,8.010526,4.894737
07/08/2019 04:50:00.000000,0.191898,2.9285,0.039425,0.008484,4.573171
07/08/2019 04:51:00.000000,0.199788,2.128,0.04075,5.574419,4.155814
07/08/2019 04:52:00.000000,0.177255,1.352,0.0407,21.097297,4.618919
07/08/2019 04:53:00.000000,0.172638,0.5435,0.03775,7.596875,5.959375
07/08/2019 04:54:00.000000,0.186041,-9999.0,0.0371,4.975,4.68
07/08/2019 04:55:00.000000,0.201613,-9999.0,0.038875,0.012552,4.741463
07/08/2019 04:56:00.000000,0.200381,-9999.0,0.0376,4.614286,3.685714
07/08/2019 04:57:00.000000,0.244853,1.62925,0.03625,0.016886,5.141379
07/08/2019 04:58:00.000000,0.263222,4.1175,0.036275,4.215625,3.746875
07/08/2019 04:59:00.000000,0.228018,1.009,0.035675,3.711364,3.7
07/08/2019 05:00:00.000000,0.234786,0.955,0.033525,3.7,3.7
07/08/2019 05:01:00.000000,0.332852,0.707,0.032675,0.004971,4.04
07/08/2019 05:02:00.000000,0.265374,0.8455,0.0332,0.004411,3.424138
07/08/2019 05:03:00.000000,0.206533,1.0215,0.033575,3.936667,3.913333
07/08/2019 05:04:00.000000,0.197331,1.12125,0.033975,13.875862,4.937931
07/08/2019 05:05:00.000000,0.197923,1.11625,0.03245,0.01626,4.345161
07/08/2019 05:06:00.000000,0.246824,1.22925,0.031075,0.009092,5.186111
07/08/2019 05:07:00.000000,0.364243,1.37475,0.0321,0.013535,4.843182
07/08/2019 05:08:00.000000,0.426541,1.49575,0.033,0.013761,5.555556
07/08/2019 05:09:00.000000,0.357994,1.62525,0.0311,8.257143,5.466667
07/08/2019 05:10:00.000000,0.302884,1.6735,0.028375,14.992308,5.153846
07/08/2019 05:11:00.000000,0.277364,1.55375,0.0323,0.0159,6.65
07/08/2019 05:12:00.000000,0.236849,1.572,0.032833,0.012177,5.02
07/08/2019 05:13:00.000000,0.270093,1.65775,0.0339,0.023532,4.5
07/08/2019 05:14:00.000000,0.25453,1.58725,0.0349,0.008125,3.855556
07/08/2019 05:15:00.000000,0.204912,1.412,0.033575,0.011869,4.7075
07/08/2019 05:16:00.000000,0.198599,2.545,0.03255,0.006233,4.045455
07/08/2019 05:17:00.000000,0.195815,38.04025,0.03405,7.880488,4.214634
07/08/2019 05:18:00.000000,0.184731,64.49825,0.034325,8.2,5.588889
07/08/2019 05:19:00.000000,0.198868,69.54525,0.0347,9.372727,5.436364
07/08/2019 05:20:00.000000,0.233349,69.9605,0.033425,8.157143,4.014286
07/08/2019 05:21:00.000000,0.300613,70.29825,0.03125,0.013556,4.052632
07/08/2019 05:22:00.000000,0.319627,70.217,0.0287,5.482927,4.019512
07/08/2019 05:23:00.000000,0.334344,70.1335,0.024575,0.020364,5.305263
07/08/2019 05:24:00.000000,0.29082,70.0305,0.0287,0.015119,4.781818
07/08/2019 05:25:00.000000,0.256028,69.99075,0.034175,8.720513,5.107692
07/08/2019 05:26:00.000000,0.248996,55.932,0.035625,7.018182,4.854545
07/08/2019 05:27:00.000000,0.242451,4.2035,0.035,0.009421,5.372727
07/08/2019 05:28:00.000000,0.231413,0.0,0.03486,7.8,4.526923
07/08/2019 05:29:00.000000,0.315367,0.0,0.033225,0.010038,4.583784
07/08/2019 05:30:00.000000,0.685656,-9999.0,0.0318,4.8,4.346154
07/08/2019 05:31:00.000000,0.69613,-9999.0,0.030975,0.012286,4.714634
07/08/2019 05:32:00.000000,0.550048,-9999.0,0.0298,0.015531,6.5
07/08/2019 05:33:00.000000,0.401766,-9999.0,0.0344,9.143902,4.780488
07/08/2019 05:34:00.000000,0.292104,-9999.0,0.037325,0.009861,4.561905
07/08/2019 05:35:00.000000,0.295627,-9999.0,0.034825,0.015181,5.365
07/08/2019 05:36:00.000000,0.320175,4.518,0.032425,10.929545,4.911364
07/08/2019 05:37:00.000000,0.313916,16.694,0.029975,0.030712,6.736842
07/08/2019 05:38:00.000000,0.295501,14.5755,0.030675,13.571429,5.183333
07/08/2019 05:39:00.000000,0.255615,13.91,0.031625,0.012881,4.966667
07/08/2019 05:40:00.000000,0.288905,15.051,0.03005,0.012285,6.457143
07/08/2019 05:41:00.000000,0.304762,15.23575,0.02925,9.046341,5.207317
07/08/2019 05:42:00.000000,0.299716,15.278,0.02905,0.013538,5.778049
07/08/2019 05:43:00.000000,0.287683,15.24475,0.030075,0.019085,5.814286
07/08/2019 05:44:00.000000,0.285607,15.23125,0.0311,9.727027,5.967568
07/08/2019 05:45:00.000000,0.263594,15.28525,0.029625,0.022022,6.505263
07/08/2019 05:46:00.000000,0.251551,15.31625,0.0287,0.009183,5.142857
07/08/2019 05:47:00.000000,0.18234,15.12425,0.0296,0.01212,5.58
07/08/2019 05:48:00.000000,0.353297,15.4165,0.028925,0.010641,6.2
07/08/2019 05:49:00.000000,0.761752,15.50675,0.027225,0.013702,5.626316
07/08/2019 05:50:00.000000,0.953326,15.83475,0.02655,16.25814,6.448837
07/08/2019 05:51:00.000000,1.011903,15.66875,0.0285,0.016804,5.242857
07/08/2019 05:52:00.000000,1.032798,15.669,0.030275,0.012716,5.348718
07/08/2019 05:53:00.000000,1.035871,15.3285,0.032825,23.5375,5.4
07/08/2019 05:54:00.000000,1.038978,14.8935,0.034525,7.957895,5.226316
07/08/2019 05:55:00.000000,1.041265,14.86725,0.03314,16.683784,8.702703
07/08/2019 05:56:00.000000,0.999255,14.5185,0.031467,0.018386,6.165
07/08/2019 05:57:00.000000,0.536449,13.94925,0.03135,16.719512,5.529268
07/08/2019 05:58:00.000000,0.07541,13.49025,0.0321,0.030013,4.814286
07/08/2019 05:59:00.000000,0.015204,13.2145,0.03515,0.010949,4.615789
07/08/2019 06:00:00.000000,0.013908,12.689,0.036875,0.018386,5.247619
07/08/2019 06:01:00.000000,0.014002,12.28525,0.0363,0.015058,5.145
07/08/2019 06:02:00.000000,0.012016,11.8595,0.03665,5.01,4.08
07/08/2019 06:03:00.000000,0.012016,11.052,0.038075,0.00604,4.791892
07/08/2019 06:04:00.000000,0.009916,10.4505,0.037825,12.630769,4.589744
07/08/2019 06:05:00.000000,0.005067,9.914,0.036,10.26,6.965
07/08/2019 06:06:00.000000,-9999.0,9.56325,0.0334,0.013682,5.02
07/08/2019 06:07:00.000000,0.044119,9.24325,0.033525,0.006553,4.175
07/08/2019 06:08:00.000000,0.220746,8.9005,0.036175,0.007724,4.77027
07/08/2019 06:09:00.000000,0.26,8.544,0.03905,0.008875,5.41
07/08/2019 06:10:00.000000,0.202161,8.23275,0.039975,4.777273,4.518182
07/08/2019 06:11:00.000000,0.188808,8.1845,0.038275,10.95,5.9625
07/08/2019 06:12:00.000000,0.179803,7.8505,0.0388,0.01129,4.676923
07/08/2019 06:13:00.000000,0.1961,7.209,0.040225,0.013479,4.826829
07/08/2019 06:14:00.000000,0.195834,7.17725,0.036775,7.912821,5.684615
07/08/2019 06:15:00.000000,0.264,7.72025,0.031925,0.01119,7.383333
07/08/2019 06:16:00.000000,0.340142,8.557,0.029975,0.009956,5.9
07/08/2019 06:17:00.000000,0.360189,9.398,0.030975,7.885366,5.941463
07/08/2019 06:18:00.000000,0.362145,10.45425,0.03065,18.9,6.916667
07/08/2019 06:19:00.000000,0.351389,11.36925,0.030025,7.925,5.74
07/08/2019 06:20:00.000000,0.283008,12.0355,0.030875,9.486364,5.931818
07/08/2019 06:21:00.000000,0.223386,12.69675,0.0322,11.012195,5.336585
07/08/2019 06:22:00.000000,0.228703,12.72475,0.032275,9.614286,4.942857
07/08/2019 06:23:00.000000,0.220196,11.93925,0.03485,7.171429,4.9
07/08/2019 06:24:00.000000,0.189764,10.72275,0.040075,5.307317,4.729268
07/08/2019 06:25:00.000000,0.155834,9.864,0.0402,13.157143,4.271429
07/08/2019 06:26:00.000000,0.140479,9.08,0.038325,0.013576,7.285714
07/08/2019 06:27:00.000000,0.145573,8.282,0.038325,0.009215,6.115789
07/08/2019 06:28:00.000000,0.166932,7.78225,0.0382,7.7,5.713333
07/08/2019 06:29:00.000000,0.195074,7.55175,0.037425,12.876744,6.044186
07/08/2019 06:30:00.000000,0.25457,7.458,0.035125,11.075,6.44
07/08/2019 06:31:00.000000,0.308315,7.7905,0.03215,0.020817,5.642857
07/08/2019 06:32:00.000000,0.25798,8.461,0.028375,29.027907,6.672093
07/08/2019 06:33:00.000000,0.269422,12.54325,0.022325,0.032562,7.932558
07/08/2019 06:34:00.000000,0.323341,15.83025,0.021525,8.127273,6.113636
07/08/2019 06:35:00.000000,0.260395,14.846,0.0254,24.227907,5.297674
07/08/2019 06:36:00.000000,0.247958,15.44175,0.0251,0.010635,4.946154
07/08/2019 06:37:00.000000,0.319517,17.172,0.02335,0.006562,5.328571
07/08/2019 06:38:00.000000,0.385093,17.323,0.022775,0.009442,6.739535
07/08/2019 06:39:00.000000,0.366402,17.354,0.02145,5.571795,5.392308
07/08/2019 06:40:00.000000,0.326223,17.60825,0.0209,14.197727,7.881818
07/08/2019 06:41:00.000000,0.288325,17.50025,0.024,12.674359,6.146154
07/08/2019 06:42:00.000000,0.278872,17.30925,0.0247,0.011869,6.231818
07/08/2019 06:43:00.000000,0.340074,19.68475,0.022625,10.562791,7.246512
07/08/2019 06:44:00.000000,0.349562,16.4205,0.022975,0.014152,6.635
07/08/2019 06:45:00.000000,0.315856,15.5135,0.023825,9.85,5.82
07/08/2019 06:46:00.000000,0.302487,15.33325,0.061225,0.012554,6.369767
07/08/2019 06:47:00.000000,0.283054,15.22175,0.0629,4.796552,4.665517
07/08/2019 06:48:00.000000,0.261497,15.03025,0.062425,0.009779,5.288372
07/08/2019 06:49:00.000000,0.225452,14.8505,0.061425,5.311111,4.966667
07/08/2019 06:50:00.000000,0.217425,14.59775,0.060625,4.9,4.803226
07/08/2019 06:51:00.000000,0.21419,14.38875,0.05965,0.008916,5.318182
07/08/2019 06:52:00.000000,0.20648,14.13725,0.059425,0.011134,5.825
07/08/2019 06:53:00.000000,0.203759,13.89175,0.059675,11.726667,6.913333
07/08/2019 06:54:00.000000,0.218718,13.756,0.0592,13.439535,6.430233
07/08/2019 06:55:00.000000,0.236715,13.61875,0.0587,0.007745,5.038636
07/08/2019 06:56:00.000000,0.236673,13.453667,0.05225,0.009614,5.914286
07/08/2019 06:57:00.000000,0.235896,14.334,-9999.0,0.009635,5.585714
07/08/2019 06:58:00.000000,0.230189,18.16775,-9999.0,17.631818,5.154545
07/08/2019 06:59:00.000000,0.233114,15.1615,-9999.0,0.015551,6.524324
07/08/2019 07:00:00.000000,0.230888,13.481,-9999.0,0.010025,5.946341
07/08/2019 07:01:00.000000,0.225974,13.07925,-9999.0,19.804651,8.123256
07/08/2019 07:02:00.000000,0.217223,12.99675,-9999.0,9.563158,6.215789
07/08/2019 07:03:00.000000,0.208586,12.8965,-9999.0,0.011155,6.068421
07/08/2019 07:04:00.000000,0.209576,12.745,-9999.0,0.008731,5.306977
07/08/2019 07:05:00.000000,0.207153,12.59275,-9999.0,7.446154,4.923077
07/08/2019 07:06:00.000000,0.20247,12.31725,-9999.0,0.009799,4.820513
07/08/2019 07:07:00.000000,0.199825,11.988,-9999.0,0.009861,5.415385
07/08/2019 07:08:00.000000,0.198812,11.67325,-9999.0,7.222222,5.288889
07/08/2019 07:09:00.000000,0.194979,11.51025,-9999.0,9.325,6.025
07/08/2019 07:10:00.000000,0.214015,11.61525,-9999.0,0.006574,4.789744
07/08/2019 07:11:00.000000,0.257858,11.8315,-9999.0,13.042857,6.838095
07/08/2019 07:12:00.000000,0.257505,11.95725,-9999.0,7.054545,5.35
07/08/2019 07:13:00.000000,0.235077,11.98275,-9999.0,5.6075,5.4525
07/08/2019 07:14:00.000000,0.251181,12.41975,-9999.0,0.017647,6.0875
07/08/2019 07:15:00.000000,0.304213,12.70825,-9999.0,12.136585,6.280488
07/08/2019 07:16:00.000000,0.337361,12.95025,0.000425,0.00795,5.619512
07/08/2019 07:17:00.000000,0.264165,12.96625,0.027125,7.555814,5.169767
07/08/2019 07:18:00.000000,0.22041,12.74575,0.027575,0.009892,5.406977
07/08/2019 07:19:00.000000,0.198683,12.457,0.02775,8.0775,6.3525
07/08/2019 07:20:00.000000,0.19172,12.28875,0.02765,0.012877,6.28
07/08/2019 07:21:00.000000,0.191135,12.1385,0.028475,0.009339,5.314286
07/08/2019 07:22:00.000000,0.191079,11.74675,0.02895,9.175862,5.262069
07/08/2019 07:23:00.000000,0.187741,11.56425,0.0287,9.877778,6.286111
07/08/2019 07:24:00.000000,0.184136,11.38075,0.029075,8.289744,5.784615
07/08/2019 07:25:00.000000,0.186296,11.316,0.029425,7.143902,5.978049
07/08/2019 07:26:00.000000,0.191093,11.195,0.029225,0.012836,5.942424
07/08/2019 07:27:00.000000,0.189138,11.10325,0.02925,13.936667,5.44
07/08/2019 07:28:00.000000,0.19133,11.053,0.028675,0.018575,7.14
07/08/2019 07:29:00.000000,0.20318,11.16775,0.02745,0.011745,6.169231
07/08/2019 07:30:00.000000,0.234711,11.4785,0.026575,0.006048,4.6
07/08/2019 07:31:00.000000,0.263205,11.96825,0.02675,0.010018,5.393182
07/08/2019 07:32:00.000000,0.231584,12.16425,0.0291,10.55,5.014286
07/08/2019 07:33:00.000000,0.214828,11.8165,0.034,0.008125,3.906977
07/08/2019 07:34:00.000000,0.179916,11.38775,0.0373,6.489474,4.468421
07/08/2019 07:35:00.000000,0.155038,11.00975,0.0374,5.994595,4.778378
07/08/2019 07:36:00.000000,0.148318,10.61175,0.037175,4.297674,4.109302
07/08/2019 07:37:00.000000,0.152045,10.126,0.0366,5.55641,4.830769
07/08/2019 07:38:00.000000,0.158156,9.5435,0.034975,0.005204,4.097436
07/08/2019 07:39:00.000000,0.16497,8.89425,0.03395,5.941463,4.126829
07/08/2019 07:40:00.000000,0.168553,8.51975,0.0346,4.06875,3.825
07/08/2019 07:41:00.000000,0.168688,8.75075,0.034333,0.009956,4.443902
07/08/2019 07:42:00.000000,0.167033,8.90225,0.034425,6.445455,4.918182
07/08/2019 07:43:00.000000,0.164902,8.949,0.03535,6.573684,4.836842
07/08/2019 07:44:00.000000,0.161449,8.94525,0.035625,4.42093,4.067442
07/08/2019 07:45:00.000000,0.162999,8.83625,0.0355,15.633333,5.458974
07/08/2019 07:46:00.000000,0.171641,8.57825,0.03555,9.021053,4.789474
07/08/2019 07:47:00.000000,0.184523,8.34575,0.035625,7.605263,4.676316
07/08/2019 07:48:00.000000,0.192423,8.262,0.0349,0.008989,4.102439
07/08/2019 07:49:00.000000,0.196,8.05325,0.0347,0.009503,4.586047
07/08/2019 07:50:00.000000,0.176266,8.09925,0.03502,0.010449,4.436364
07/08/2019 07:51:00.000000,0.1736,8.256,0.033275,8.355263,5.052632
07/08/2019 07:52:00.000000,0.176846,8.421,0.031833,0.011067,6.809756
07/08/2019 07:53:00.000000,0.187179,8.65825,0.0312,8.134146,5.670732
07/08/2019 07:54:00.000000,0.207036,8.8565,0.03175,0.006973,4.697674
07/08/2019 07:55:00.000000,0.198036,9.10125,0.031575,0.022051,4.518421
07/08/2019 07:56:00.000000,0.199035,9.308,0.030825,11.906667,5.993333
07/08/2019 07:57:00.000000,0.215453,13.852,0.0293,11.381818,4.906818
07/08/2019 07:58:00.000000,0.233689,11.7055,0.0293,0.007385,4.775
07/08/2019 07:59:00.000000,0.22295,10.6665,0.0302,8.0,6.085714
07/08/2019 08:00:00.000000,0.218136,12.07,0.029475,0.009956,6.464103
07/08/2019 08:01:00.000000,0.297102,12.56175,0.028125,0.010491,6.417949
07/08/2019 08:02:00.000000,0.358964,12.5585,0.0275,13.268293,5.853659
07/08/2019 08:03:00.000000,0.356413,12.5105,0.02778,0.009164,5.177419
07/08/2019 08:04:00.000000,0.424743,12.59825,0.028167,12.62,6.34
07/08/2019 08:05:00.000000,0.581289,12.71875,0.027175,0.014399,6.14
07/08/2019 08:06:00.000000,0.409077,12.7495,0.027075,8.611111,6.0
07/08/2019 08:07:00.000000,0.393346,12.909,0.02755,0.014378,6.402439
07/08/2019 08:08:00.000000,0.457424,13.1965,0.02575,6.168293,5.219512
07/08/2019 08:09:00.000000,0.416253,13.061,0.027075,0.015859,6.468421
07/08/2019 08:10:00.000000,0.319787,12.9645,0.02895,0.01551,6.381395
07/08/2019 08:11:00.000000,0.226237,12.856,0.0298,0.009298,5.797297
07/08/2019 08:12:00.000000,0.204215,12.57425,0.030625,6.865116,5.7
07/08/2019 08:13:00.000000,0.204716,12.24125,0.030075,6.9825,5.7
07/08/2019 08:14:00.000000,0.201554,11.997,0.03086,9.603571,6.567857
07/08/2019 08:15:00.000000,0.198137,11.5295,0.0312,0.011342,5.87561
07/08/2019 08:16:00.000000,0.196617,11.09875,0.03015,0.009265,5.441667
07/08/2019 08:17:00.000000,0.202659,11.014,0.029525,14.830769,4.923077
07/08/2019 08:18:00.000000,0.207972,10.977,0.029575,6.93,4.8
07/08/2019 08:19:00.000000,0.218612,11.05225,0.02875,0.010354,6.145455
07/08/2019 08:20:00.000000,0.24401,11.16525,0.028525,0.009265,5.805
07/08/2019 08:21:00.000000,0.245499,11.243,0.02835,0.013189,5.62
07/08/2019 08:22:00.000000,0.24306,11.3855,0.02805,0.007683,5.266667
07/08/2019 08:23:00.000000,0.24633,11.57975,0.0276,5.284615,5.284615
07/08/2019 08:24:00.000000,0.233837,11.76575,0.026775,8.27,5.3825
07/08/2019 08:25:00.000000,0.214306,11.9095,0.026775,12.111765,5.564706
07/08/2019 08:26:00.000000,0.208086,12.05375,0.027325,0.01587,6.667647
07/08/2019 08:27:00.000000,0.20211,12.158,0.027775,12.471429,7.214286
07/08/2019 08:28:00.000000,0.193439,12.23475,0.027025,0.010148,6.446341
07/08/2019 08:29:00.000000,0.193579,12.33125,0.0269,0.011278,5.871429
07/08/2019 08:30:00.000000,0.192837,12.401,0.027225,0.017462,10.171429
07/08/2019 08:31:00.000000,0.19843,12.321,0.0269,13.927907,7.383721
07/08/2019 08:32:00.000000,0.197543,12.268,0.026325,7.246512,6.197674
07/08/2019 08:33:00.000000,0.197432,12.1425,0.0269,4.984211,4.884211
07/08/2019 08:34:00.000000,0.195086,11.9615,0.027675,7.609756,5.72439
07/08/2019 08:35:00.000000,0.200298,11.7195,0.02875,0.012326,5.985
07/08/2019 08:36:00.000000,0.204545,11.426,0.02965,11.016667,6.171429
07/08/2019 08:37:00.000000,0.193853,11.03225,0.0302,8.829545,5.106818
07/08/2019 08:38:00.000000,0.186517,10.66075,0.03065,0.00984,5.41
07/08/2019 08:39:00.000000,0.182391,10.40375,0.03035,6.790244,5.585366
07/08/2019 08:40:00.000000,0.184122,9.979,0.030575,0.012244,6.121053
07/08/2019 08:41:00.000000,0.182468,9.422,0.03195,5.307317,4.663415
07/08/2019 08:42:00.000000,0.176694,8.9285,0.032825,0.008094,4.742857
07/08/2019 08:43:00.000000,0.176565,8.44175,0.033475,0.008217,4.969231
07/08/2019 08:44:00.000000,0.171971,8.14125,0.03295,0.006902,4.917073
07/08/2019 08:45:00.000000,0.244359,7.91475,0.032475,6.85122,5.668293
07/08/2019 08:46:00.000000,0.350858,7.631,0.0333,4.282927,4.092683
07/08/2019 08:47:00.000000,0.229324,7.2905,0.033125,0.011155,4.561538
07/08/2019 08:48:00.000000,0.166431,7.07525,0.033875,6.5125,5.04
07/08/2019 08:49:00.000000,0.157099,6.90825,0.034325,0.008012,5.1
07/08/2019 08:50:00.000000,0.156694,6.7595,0.034125,0.005978,4.592308
07/08/2019 08:51:00.000000,0.151712,6.67825,0.034275,9.257143,5.357143
07/08/2019 08:52:00.000000,0.159889,6.653,0.03295,0.022063,5.076923
07/08/2019 08:53:00.000000,0.183373,6.8605,0.030625,0.010374,5.176744
07/08/2019 08:54:00.000000,0.185286,7.15025,0.029725,0.008147,4.943902
07/08/2019 08:55:00.000000,0.16639,7.65625,0.029975,3.969048,3.785714
07/08/2019 08:56:00.000000,0.169825,8.25575,0.02945,0.004226,3.427273
07/08/2019 08:57:00.000000,0.166836,8.77325,0.0291,0.006134,4.346512
07/08/2019 08:58:00.000000,0.160259,9.42275,0.029,5.687879,4.887879
07/08/2019 08:59:00.000000,0.160294,9.92025,0.028775,3.855882,3.832353
07/08/2019 09:00:00.000000,0.156195,10.201,0.029075,6.542857,5.05
07/08/2019 09:01:00.000000,0.161288,10.33225,0.029175,0.007283,4.409524
07/08/2019 09:02:00.000000,0.16609,10.63725,0.028175,0.008453,4.795
07/08/2019 09:03:00.000000,0.166508,10.79475,0.027325,0.00556,4.109756
07/08/2019 09:04:00.000000,0.170002,10.95775,0.02685,0.007181,4.338462
07/08/2019 09:05:00.000000,0.171489,11.194,0.0264,0.00558,4.227907
07/08/2019 09:06:00.000000,0.170354,11.7375,0.023825,0.00517,4.2
07/08/2019 09:07:00.000000,0.18055,18.63075,0.018275,0.01153,4.885714
07/08/2019 09:08:00.000000,0.188653,23.701,0.01525,0.00675,4.576087
07/08/2019 09:09:00.000000,0.180803,19.476,0.018525,9.96,4.077778
07/08/2019 09:10:00.000000,0.176226,16.74675,0.0218,8.72,6.08
07/08/2019 09:11:00.000000,0.175278,13.125,0.024025,5.239024,5.034146
07/08/2019 09:12:00.000000,0.186494,12.18975,0.024875,0.009602,4.629268
07/08/2019 09:13:00.000000,0.225311,11.44875,0.025675,0.009202,5.204545
07/08/2019 09:14:00.000000,0.285674,14.53,0.02405,12.6375,5.385
07/08/2019 09:15:00.000000,0.284255,15.36425,0.0223,18.075,4.72
07/08/2019 09:16:00.000000,0.226913,15.41375,0.022075,0.009097,4.931707
07/08/2019 09:17:00.000000,0.209884,15.705,0.021275,11.48,5.87
07/08/2019 09:18:00.000000,0.201765,15.898,0.0208,10.059091,4.95
07/08/2019 09:19:00.000000,0.189554,16.0585,0.02035,5.514286,4.714286
07/08/2019 09:20:00.000000,0.182413,16.33,0.0198,0.005676,4.613953
07/08/2019 09:21:00.000000,0.182407,16.14725,0.021525,10.171429,6.657143
07/08/2019 09:22:00.000000,0.1784,15.875,0.023225,0.0117,6.834146
07/08/2019 09:23:00.000000,0.181164,15.444,0.024075,10.821951,6.714634
07/08/2019 09:24:00.000000,0.180282,14.74875,0.0241,0.011597,7.21
07/08/2019 09:25:00.000000,0.178073,13.91575,0.022425,6.3875,6.11
07/08/2019 09:26:00.000000,0.179431,17.5595,0.019325,12.936585,6.241463
07/08/2019 09:27:00.000000,0.186187,18.523,0.01775,0.007284,5.369231
07/08/2019 09:28:00.000000,0.184105,17.73625,0.01765,0.009261,6.195122
07/08/2019 09:29:00.000000,0.192695,17.6865,0.017525,0.012601,6.06
07/08/2019 09:30:00.000000,0.193721,17.705,0.0174,6.036364,5.395455
07/08/2019 09:31:00.000000,0.179858,17.449,0.0188,0.006395,5.215
07/08/2019 09:32:00.000000,0.180397,16.75975,0.02085,5.797561,5.712195
07/08/2019 09:33:00.000000,0.189902,16.06775,0.021875,0.012155,6.380488
07/08/2019 09:34:00.000000,0.192936,15.4295,0.021575,0.014713,5.646341
07/08/2019 09:35:00.000000,0.191776,14.7895,0.0219,0.007428,5.413953
07/08/2019 09:36:00.000000,0.181151,14.03825,0.022525,0.014835,6.835556
07/08/2019 09:37:00.000000,0.170406,13.40725,0.02195,0.012175,5.819512
07/08/2019 09:38:00.000000,0.168463,12.87,0.02095,11.169231,7.123077
07/08/2019 09:39:00.000000,0.166833,12.499,0.02045,0.012519,5.692683
07/08/2019 09:40:00.000000,0.166987,12.29725,0.02235,6.25,5.57
07/08/2019 09:41:00.000000,0.167197,11.98,0.024375,12.807692,5.515385
07/08/2019 09:42:00.000000,0.176981,11.54175,0.024675,13.335,7.7275
07/08/2019 09:43:00.000000,0.179622,11.08975,0.02435,14.071795,7.438462
07/08/2019 09:44:00.000000,0.169995,10.64875,0.024375,10.6525,7.3
07/08/2019 09:45:00.000000,0.163621,9.99225,0.025375,0.007306,5.905128
07/08/2019 09:46:00.000000,0.158431,9.19925,0.026225,0.010576,6.288372
07/08/2019 09:47:00.000000,0.156749,8.48775,0.026625,0.012824,5.885714
07/08/2019 09:48:00.000000,0.156647,8.1025,0.0266,9.25,5.221429
07/08/2019 09:49:00.000000,0.160078,7.99575,0.025675,0.017626,5.490625
07/08/2019 09:50:00.000000,0.172221,8.03625,0.024625,7.130769,5.417949
07/08/2019 09:51:00.000000,0.191141,8.18625,0.0238,0.012123,6.168293
07/08/2019 09:52:00.000000,0.185244,8.57225,0.023,18.320513,5.961538
07/08/2019 09:53:00.000000,0.179771,8.4315,0.02385,8.938235,6.058824
07/08/2019 09:54:00.000000,0.177363,5.271,0.022425,0.006133,5.090909
07/08/2019 09:55:00.000000,0.180095,14.744,0.020525,16.0,6.155814
07/08/2019 09:56:00.000000,0.179738,13.986,0.019375,0.018542,7.4
07/08/2019 09:57:00.000000,0.166242,13.5435,0.019625,0.012409,6.319512
07/08/2019 09:58:00.000000,0.173801,13.73875,0.020025,0.010531,5.842857
07/08/2019 09:59:00.000000,0.241787,13.58575,0.0213,0.033532,6.828571
07/08/2019 10:00:00.000000,0.227328,13.26375,0.023575,8.534884,5.451163
07/08/2019 10:01:00.000000,0.114036,13.0865,0.024275,0.009174,6.116667
07/08/2019 10:02:00.000000,0.081053,13.213,0.0215,11.47561,6.036585
07/08/2019 10:03:00.000000,0.01386,13.8525,0.01765,5.9775,4.9275
07/08/2019 10:04:00.000000,0.005876,17.29325,0.015775,5.212195,5.212195
07/08/2019 10:05:00.000000,0.006161,23.8155,0.012975,10.375,5.385
07/08/2019 10:06:00.000000,0.002392,16.89375,0.017175,13.777273,6.072727
07/08/2019 10:07:00.000000,0.003925,15.85825,0.019825,0.023083,7.485714
07/08/2019 10:08:00.000000,0.001885,16.28875,0.019,9.871429,5.9
07/08/2019 10:09:00.000000,-9999.0,17.1325,0.017825,11.911905,7.714286
07/08/2019 10:10:00.000000,0.002568,17.139,0.0175,10.12973,6.054054
07/08/2019 10:11:00.000000,0.001775,16.9885,0.018975,0.006135,4.753846
07/08/2019 10:12:00.000000,0.055824,16.4115,0.02215,0.006298,5.121053
07/08/2019 10:13:00.000000,0.117178,15.818,0.02275,0.011516,6.858537
07/08/2019 10:14:00.000000,0.150525,15.7495,0.01935,15.778947,6.778947
07/08/2019 10:15:00.000000,0.154571,15.7335,0.01785,0.020444,6.525
07/08/2019 10:16:00.000000,0.14892,15.52175,0.019575,0.009325,5.985714
07/08/2019 10:17:00.000000,0.149533,15.19625,0.020075,0.007083,5.638462
07/08/2019 10:18:00.000000,0.147481,15.108,0.019,5.961538,5.853846
07/08/2019 10:19:00.000000,0.149173,15.3215,0.017875,0.00588,4.895349
07/08/2019 10:20:00.000000,0.153525,16.2655,0.01655,13.965,6.23
07/08/2019 10:21:00.000000,0.156433,17.09325,0.01605,0.028382,7.01
07/08/2019 10:22:00.000000,0.156176,17.318,0.0165,12.562791,8.160465
07/08/2019 10:23:00.000000,0.154838,17.65275,0.0161,0.013381,7.05
07/08/2019 10:24:00.000000,0.154676,17.9545,0.0169,0.022186,8.342857
07/08/2019 10:25:00.000000,0.178591,18.152,0.01795,16.6125,8.09
07/08/2019 10:26:00.000000,1.029216,18.10075,0.018725,0.013208,6.64
07/08/2019 10:27:00.000000,1.242039,17.76475,0.01965,0.017059,8.695
07/08/2019 10:28:00.000000,0.342164,17.011,0.02115,8.772727,6.854545
07/08/2019 10:29:00.000000,0.19597,16.33925,0.02225,9.7375,6.415
07/08/2019 10:30:00.000000,0.172818,15.67275,0.021975,0.013893,5.881818
07/08/2019 10:31:00.000000,0.163625,14.9245,0.021525,0.01315,5.972727
07/08/2019 10:32:00.000000,0.156141,14.1615,0.0223,0.010157,6.168421
07/08/2019 10:33:00.000000,0.156858,13.476,0.022875,9.042857,5.257143
07/08/2019 10:34:00.000000,0.157166,12.9565,0.023175,8.665217,5.273913
07/08/2019 10:35:00.000000,0.160337,12.44475,0.024,10.228571,5.383333
07/08/2019 10:36:00.000000,0.152219,11.99,0.02605,0.018086,6.08
07/08/2019 10:37:00.000000,0.145057,11.556,0.026375,9.606977,5.683721
07/08/2019 10:38:00.000000,0.140915,11.19825,0.025225,0.008946,5.253333
07/08/2019 10:39:00.000000,0.154664,11.03825,0.02405,0.017849,5.882927
07/08/2019 10:40:00.000000,0.180379,20.9195,0.021875,11.3,5.918605
07/08/2019 10:41:00.000000,0.153936,16.9105,0.020875,0.006901,5.289744
07/08/2019 10:42:00.000000,0.151288,15.978,0.020325,17.492683,6.309756
07/08/2019 10:43:00.000000,0.208454,15.84975,0.01835,21.504878,6.5
07/08/2019 10:44:00.000000,0.311322,15.111667,0.0201,0.014748,6.16875
07/08/2019 10:45:00.000000,0.257666,14.32675,0.026125,9.875,6.2875
07/08/2019 10:46:00.000000,0.473895,13.472,0.02805,0.009292,5.702326
07/08/2019 10:47:00.000000,0.287989,12.6695,0.027975,0.006931,4.914286
07/08/2019 10:48:00.000000,0.199182,11.953,0.026925,7.6175,5.275
07/08/2019 10:49:00.000000,0.220347,11.3465,0.0263,0.012061,6.24
07/08/2019 10:50:00.000000,0.159962,10.68125,0.025925,0.008224,5.342857
07/08/2019 10:51:00.000000,0.170773,9.9945,0.026175,4.455556,4.453333
07/08/2019 10:52:00.000000,0.252666,9.422,0.026125,0.00571,4.671429
07/08/2019 10:53:00.000000,0.290588,9.491,0.02675,9.2375,6.175
07/08/2019 10:54:00.000000,0.210977,9.6775,0.027175,0.01489,6.005405
07/08/2019 10:55:00.000000,0.153817,9.74125,0.026825,0.00973,4.987179
07/08/2019 10:56:00.000000,0.150152,9.76575,0.0266,0.009282,4.8725
07/08/2019 10:57:00.000000,0.156127,9.781,0.025775,0.012224,4.946512
07/08/2019 10:58:00.000000,0.147335,9.765,0.0249,0.013566,5.806977
07/08/2019 10:59:00.000000,0.160253,10.139,0.02305,0.018896,5.995556
07/08/2019 11:00:00.000000,0.164484,10.95125,0.021075,0.01359,5.868293
07/08/2019 11:01:00.000000,0.167421,11.96075,0.019675,6.607692,5.887179
07/08/2019 11:02:00.000000,0.185057,12.917,0.0189,7.930233,6.206977
07/08/2019 11:03:00.000000,0.186772,13.9935,0.017525,0.010988,6.56
07/08/2019 11:04:00.000000,0.165407,14.90375,0.019575,10.681395,5.469767
07/08/2019 11:05:00.000000,0.211832,16.38675,0.02025,0.010825,5.646512
07/08/2019 11:06:00.000000,0.254484,24.325,0.0154,7.345,6.89
07/08/2019 11:07:00.000000,0.204385,14.617,0.019725,0.012543,6.62
07/08/2019 11:08:00.000000,0.187876,11.301,0.0243,10.2,6.0
07/08/2019 11:09:00.000000,0.184764,12.111,0.024325,6.309091,5.345455
07/08/2019 11:10:00.000000,0.172703,12.014,0.02475,0.00617,5.059091
07/08/2019 11:11:00.000000,0.16159,11.6975,0.025525,7.483721,5.490698
07/08/2019 11:12:00.000000,0.156583,11.80375,0.02405,17.495238,7.288095
07/08/2019 11:13:00.000000,0.162137,12.0535,0.021775,19.032558,6.546512
07/08/2019 11:14:00.000000,0.221033,22.3735,0.017175,0.014891,6.138462
07/08/2019 11:15:00.000000,0.346504,27.941,0.01335,11.9325,7.975
07/08/2019 11:16:00.000000,0.285991,15.6055,0.0162,0.01855,8.56
07/08/2019 11:17:00.000000,0.169717,11.42075,0.022125,21.307692,6.194872
07/08/2019 11:18:00.000000,0.143145,12.0875,0.024475,0.020888,5.352273
07/08/2019 11:19:00.000000,0.136232,12.25525,0.025175,7.3,5.04
07/08/2019 11:20:00.000000,0.134562,12.207,0.02515,4.560976,4.558537
07/08/2019 11:21:00.000000,0.139629,12.24475,0.02405,0.026316,6.28
07/08/2019 11:22:00.000000,0.152928,12.44775,0.02295,25.725581,7.27907
07/08/2019 11:23:00.000000,0.17626,12.67925,0.02315,0.016934,6.307143
07/08/2019 11:24:00.000000,0.166732,12.998,0.022025,0.007816,5.080952
07/08/2019 11:25:00.000000,0.163445,13.4365,0.02095,10.16,5.3
07/08/2019 11:26:00.000000,0.175644,13.877,0.021475,0.014982,5.47561
07/08/2019 11:27:00.000000,0.160663,14.084,0.0236,7.980488,5.47561
07/08/2019 11:28:00.000000,0.14611,14.1875,0.024475,8.240909,5.422727
07/08/2019 11:29:00.000000,0.147016,14.19975,0.024425,9.011628,5.35814
07/08/2019 11:30:00.000000,0.155383,13.8975,0.025675,12.08,5.28
07/08/2019 11:31:00.000000,0.159965,13.74825,0.0253,0.015247,6.037209
07/08/2019 11:32:00.000000,0.171239,13.892,0.023425,8.25,5.8875
07/08/2019 11:33:00.000000,0.197608,15.24725,0.02085,0.008691,5.75122
07/08/2019 11:34:00.000000,0.219439,26.7915,0.018125,0.011069,6.17561
07/08/2019 11:35:00.000000,0.223796,17.5655,0.02115,8.578947,6.068421
07/08/2019 11:36:00.000000,0.172952,15.9905,0.022825,7.283721,6.190698
07/08/2019 11:37:00.000000,0.159575,13.2305,0.0235,0.01113,5.92381
07/08/2019 11:38:00.000000,0.229504,13.714,0.023725,0.015938,6.286111
07/08/2019 11:39:00.000000,0.584997,15.589,0.02295,9.9,6.268421
07/08/2019 11:40:00.000000,0.925072,15.212,0.0239,0.011181,6.215789
07/08/2019 11:41:00.000000,0.664483,14.469,0.022575,0.010601,5.975
07/08/2019 11:42:00.000000,0.398189,30.58925,0.01965,9.4,6.628571
07/08/2019 11:43:00.000000,0.277321,25.20225,0.0203,9.609091,6.113636
07/08/2019 11:44:00.000000,0.232257,19.00525,0.02105,11.614286,5.738095
07/08/2019 11:45:00.000000,0.231052,37.69775,0.01625,0.015196,6.7125
07/08/2019 11:46:00.000000,0.273253,43.40525,0.0099,0.018764,6.24
07/08/2019 11:47:00.000000,0.261418,26.46275,0.0109,0.024557,5.947368
07/08/2019 11:48:00.000000,0.309424,25.76775,0.0134,0.014566,5.4525
07/08/2019 11:49:00.000000,0.363707,15.69175,0.018175,7.989655,5.562069
07/08/2019 11:50:00.000000,0.339524,14.94475,0.02324,0.011343,6.709677
07/08/2019 11:51:00.000000,0.249267,9.4555,0.0256,0.011587,6.761905
07/08/2019 11:52:00.000000,0.220875,8.4645,0.028175,16.012821,5.446154
07/08/2019 11:53:00.000000,0.18614,8.506,0.02755,11.078049,4.8
07/08/2019 11:54:00.000000,0.197168,9.0675,0.02425,6.306977,4.746512
07/08/2019 11:55:00.000000,0.210806,9.59875,0.023325,0.008519,5.069231
07/08/2019 11:56:00.000000,0.212891,14.493,0.023175,0.016254,6.631707
07/08/2019 11:57:00.000000,0.208709,12.693,0.02265,0.014697,6.38
07/08/2019 11:58:00.000000,0.200387,10.43275,0.024875,0.008692,5.816279
07/08/2019 11:59:00.000000,0.179591,9.585,0.027375,6.760606,5.354545
07/08/2019 12:00:00.000000,0.170869,10.5745,0.0269,0.007593,5.192308
07/08/2019 12:01:00.000000,0.165197,10.457,0.026633,0.006158,4.82381
07/08/2019 12:02:00.000000,0.163555,10.29075,0.027175,0.010039,5.662791
07/08/2019 12:03:00.000000,0.176962,10.1345,0.02735,0.018216,5.868421
07/08/2019 12:04:00.000000,0.175869,9.8515,0.027925,13.061538,5.438462
07/08/2019 12:05:00.000000,0.167103,9.563,0.02875,7.145455,5.115909
07/08/2019 12:06:00.000000,0.164325,9.1685,0.02945,7.086364,5.786364
07/08/2019 12:07:00.000000,0.241331,8.84225,0.029675,6.092857,5.347619
07/08/2019 12:08:00.000000,0.23232,8.50925,0.029125,5.370732,5.285366
07/08/2019 12:09:00.000000,0.175849,8.15675,0.0297,0.015419,5.82093
07/08/2019 12:10:00.000000,0.173416,8.0105,0.029575,0.015959,5.328571
07/08/2019 12:11:00.000000,0.197713,7.8265,0.029175,8.619512,4.9
07/08/2019 12:12:00.000000,0.189701,10.3025,0.03015,11.514286,4.957143
07/08/2019 12:13:00.000000,0.164267,15.54375,0.02795,0.020386,5.0
07/08/2019 12:14:00.000000,0.179537,10.09825,0.026575,0.017913,5.711905
07/08/2019 12:15:00.000000,0.185234,9.381,0.027275,8.971429,5.671429
07/08/2019 12:16:00.000000,0.196952,7.57525,0.02905,0.006829,4.9
07/08/2019 12:17:00.000000,0.204324,7.55775,0.029925,0.009781,5.313636
07/08/2019 12:18:00.000000,0.175084,7.1825,0.030125,0.013791,5.7
07/08/2019 12:19:00.000000,0.160003,10.68125,0.028625,9.073171,5.419512
07/08/2019 12:20:00.000000,0.155188,7.979,0.0297,5.673684,4.868421
07/08/2019 12:21:00.000000,0.14868,8.6415,0.03015,7.42,5.68
07/08/2019 12:22:00.000000,0.153277,9.8705,0.028875,0.011944,7.039535
07/08/2019 12:23:00.000000,0.164104,10.0125,0.028575,0.014207,7.439024
07/08/2019 12:24:00.000000,0.166454,9.8475,0.0281,8.367442,6.372093
07/08/2019 12:25:00.000000,0.236563,9.6256,0.0283,0.01046,5.213514
07/08/2019 12:26:00.000000,0.272753,9.401667,0.02915,11.790244,5.753659
07/08/2019 12:27:00.000000,0.196545,9.224,0.029275,0.013549,6.145455
07/08/2019 12:28:00.000000,0.170505,9.041,0.02965,0.00823,5.133333
07/08/2019 12:29:00.000000,0.201176,8.5555,0.0318,4.617949,4.55641
07/08/2019 12:30:00.000000,0.213948,8.1175,0.0321,0.005341,4.319512
07/08/2019 12:31:00.000000,0.18757,7.74475,0.031,5.66,4.9625
07/08/2019 12:32:00.000000,0.180004,7.662,0.029075,0.009599,5.48
07/08/2019 12:33:00.000000,0.194968,7.74325,0.0275,10.314286,5.509524
07/08/2019 12:34:00.000000,0.206305,7.74975,0.029075,0.010466,4.595455
07/08/2019 12:35:00.000000,0.163379,7.57125,0.030625,0.00955,5.016279
07/08/2019 12:36:00.000000,0.155692,7.6225,0.02965,12.192857,5.557143
07/08/2019 12:37:00.000000,0.182381,9.71375,0.028525,0.027641,5.07561
07/08/2019 12:38:00.000000,0.23318,12.14325,0.0273,0.025001,4.78
07/08/2019 12:39:00.000000,0.251522,8.283,0.026275,0.01634,4.817073
07/08/2019 12:40:00.000000,0.187286,14.827,0.02365,0.009303,4.487179
07/08/2019 12:41:00.000000,0.191578,12.46625,0.02385,3.875,3.875
07/08/2019 12:42:00.000000,0.305871,11.39975,0.0259,6.052381,4.235714
07/08/2019 12:43:00.000000,0.428199,15.89025,0.0226,17.653659,5.441463
07/08/2019 12:44:00.000000,0.360316,24.6835,0.016525,0.019598,6.041463
07/08/2019 12:45:00.000000,0.316928,14.98925,0.018675,0.010854,5.138462
07/08/2019 12:46:00.000000,0.323274,14.923,,8.7,4.6
07/08/2019 12:47:00.000000,0.33521,,0.0203,0.010751,4.6
07/08/2019 12:48:00.000000,0.367572,15.162,0.019933,9.380488,6.187805
07/08/2019 12:49:00.000000,0.306797,14.66825,0.0203,10.431707,5.943902
07/08/2019 12:50:00.000000,0.252519,13.89225,0.0212,5.634884,4.472093
07/08/2019 12:51:00.000000,0.239834,13.912,0.02065,4.612195,4.612195
07/08/2019 12:52:00.000000,0.234261,16.3595,0.020425,11.44186,5.669767
07/08/2019 12:53:00.000000,0.219779,10.42625,0.0233,0.011678,5.519048
07/08/2019 12:54:00.000000,0.193463,11.61625,0.024275,9.15,5.325
07/08/2019 12:55:00.000000,0.343844,12.45925,0.022975,19.290244,6.660976
07/08/2019 12:56:00.000000,0.420315,12.25425,0.0223,13.280488,4.992683
07/08/2019 12:57:00.000000,0.281683,13.52725,0.020875,14.593548,7.109677
07/08/2019 12:58:00.000000,0.260418,16.66225,0.02095,8.619048,6.047619
07/08/2019 12:59:00.000000,0.238405,14.626,0.021367,0.011771,4.917647
07/08/2019 13:00:00.000000,0.23493,14.5075,0.020025,9.742857,6.139286
07/08/2019 13:01:00.000000,0.236613,14.13,0.01895,9.7,6.557143
07/08/2019 13:02:00.000000,0.25918,16.433,0.0171,12.544828,5.306897
07/08/2019 13:03:00.000000,0.288926,14.484,0.01675,8.707317,5.25122
07/08/2019 13:04:00.000000,0.469952,18.176,0.016375,0.01483,6.671429
07/08/2019 13:05:00.000000,0.675337,19.605,0.013975,21.095122,6.631707
07/08/2019 13:06:00.000000,0.499025,18.37325,0.015075,29.886486,5.559459
07/08/2019 13:07:00.000000,0.481497,19.3365,0.01395,0.029917,8.15
07/08/2019 13:08:00.000000,0.794305,21.2515,0.012075,21.666667,7.764286
07/08/2019 13:09:00.000000,0.961406,24.3825,0.01155,15.085714,7.635714
07/08/2019 13:10:00.000000,0.700582,20.7025,0.012925,0.013185,5.868421
07/08/2019 13:11:00.000000,0.556366,18.3565,0.01355,0.025733,5.9
07/08/2019 13:12:00.000000,0.505677,21.1465,0.012425,12.409302,6.1
07/08/2019 13:13:00.000000,0.43577,14.96175,0.0173,0.009606,5.793023
07/08/2019 13:14:00.000000,0.327522,13.03375,0.02005,0.012239,5.77619
07/08/2019 13:15:00.000000,0.26081,11.3895,0.020925,0.009853,5.65
07/08/2019 13:16:00.000000,0.253002,11.84025,0.0209,0.013473,6.566667
07/08/2019 13:17:00.000000,0.264919,12.31875,0.018825,16.606061,7.239394
07/08/2019 13:18:00.000000,0.31452,11.592,0.017425,0.010799,5.576923
07/08/2019 13:19:00.000000,0.571214,20.40725,0.013725,0.014502,6.351163
07/08/2019 13:20:00.000000,0.638857,25.34425,0.012,10.826829,6.621951
07/08/2019 13:21:00.000000,0.53325,18.1185,0.01575,10.765,4.9725
07/08/2019 13:22:00.000000,0.439589,13.646,0.018325,9.834211,5.210526
07/08/2019 13:23:00.000000,0.315177,13.872,0.018025,0.019624,6.074359
07/08/2019 13:24:00.000000,0.290532,16.68875,0.016375,35.5675,7.44
07/08/2019 13:25:00.000000,0.327443,17.182,0.0151,0.020576,5.840541
07/08/2019 13:26:00.000000,0.32647,17.0635,0.015325,9.025,4.925
07/08/2019 13:27:00.000000,0.293075,17.056,0.01485,0.024428,5.951163
07/08/2019 13:28:00.000000,0.288327,16.98625,0.014725,0.015056,5.619512
07/08/2019 13:29:00.000000,0.28467,16.948,0.01445,16.639024,6.492683
07/08/2019 13:30:00.000000,0.304593,16.71975,0.0153,0.010751,5.492308
07/08/2019 13:31:00.000000,0.29779,16.42975,0.01685,10.036842,6.244737
07/08/2019 13:32:00.000000,0.3395,16.155,0.016175,0.014294,5.018605
07/08/2019 13:33:00.000000,0.347785,16.62025,0.0147,0.01415,6.489362
07/08/2019 13:34:00.000000,0.407748,15.9975,0.01505,0.010587,6.125641
07/08/2019 13:35:00.000000,0.415555,13.4335,0.017275,0.009166,5.82
07/08/2019 13:36:00.000000,0.292851,13.283,0.018175,11.253488,6.986047
07/08/2019 13:37:00.000000,0.309956,13.5555,0.017925,0.028382,5.75
07/08/2019 13:38:00.000000,0.301397,13.63,0.0171,0.020205,6.118605
07/08/2019 13:39:00.000000,0.285657,13.95725,0.015475,0.01794,8.795455
07/08/2019 13:40:00.000000,0.358156,14.51875,0.01395,6.623077,5.84359
07/08/2019 13:41:00.000000,0.418814,15.07275,0.013225,0.026652,6.639535
07/08/2019 13:42:00.000000,0.401591,17.71075,0.012525,0.033964,5.617073
07/08/2019 13:43:00.000000,0.447523,27.69325,0.010375,18.96,5.355
07/08/2019 13:44:00.000000,0.477113,21.6965,0.010575,10.612195,5.946341
07/08/2019 13:45:00.000000,0.402238,18.50925,0.012775,0.016478,6.502439
07/08/2019 13:46:00.000000,0.364783,15.49875,0.015575,5.046154,4.146154
07/08/2019 13:47:00.000000,0.336745,10.84025,0.019375,0.013343,4.328571
07/08/2019 13:48:00.000000,0.260694,10.02725,0.021575,7.666667,4.923077
07/08/2019 13:49:00.000000,0.244377,17.613,0.01835,4.977778,4.471111
07/08/2019 13:50:00.000000,0.271451,15.608,0.01695,0.017222,4.551351
07/08/2019 13:51:00.000000,0.265004,11.34375,0.01905,0.021562,4.6
07/08/2019 13:52:00.000000,0.256471,11.948,0.0192,10.175,5.3875
07/08/2019 13:53:00.000000,0.269915,11.88075,0.019225,0.024223,5.34375
07/08/2019 13:54:00.000000,0.28313,11.99375,0.02015,0.010553,5.460976
07/08/2019 13:55:00.000000,0.205371,11.789,0.02,33.826667,7.53
07/08/2019 13:56:00.000000,0.258494,13.03425,0.018975,0.02795,5.578788
07/08/2019 13:57:00.000000,0.663068,13.33525,0.0177,11.751351,5.056757
07/08/2019 13:58:00.000000,0.921063,13.18975,0.020425,0.005639,3.728205
07/08/2019 13:59:00.000000,0.999035,12.66375,0.0228,0.004229,3.309091
07/08/2019 14:00:00.000000,1.023071,12.237,0.021933,10.719444,3.816667
07/08/2019 14:01:00.000000,1.032236,11.051,0.0217,0.012625,4.290244
07/08/2019 14:02:00.000000,1.030917,11.4296,0.02175,0.006074,3.9
07/08/2019 14:03:00.000000,1.030633,10.08175,0.021625,0.010772,5.431579
07/08/2019 14:04:00.000000,1.020746,10.6095,0.021525,4.392683,3.892683
07/08/2019 14:05:00.000000,0.662326,11.35225,0.0209,7.185714,4.1
07/08/2019 14:06:00.000000,0.11557,12.2525,0.019825,12.836842,4.2
07/08/2019 14:07:00.000000,0.011531,15.78325,0.0174,4.590625,4.2
07/08/2019 14:08:00.000000,0.00953,15.00375,0.0171,8.570588,4.588235
07/08/2019 14:09:00.000000,0.011546,14.231,0.018067,14.754545,4.684091
07/08/2019 14:10:00.000000,0.009655,12.747,0.01925,20.682857,5.408571
07/08/2019 14:11:00.000000,0.009174,12.69375,0.020475,15.504878,6.097561
07/08/2019 14:12:00.000000,0.005307,13.189,0.018025,0.024001,5.773171
07/08/2019 14:13:00.000000,0.006269,13.42725,0.018075,15.68,5.19
07/08/2019 14:14:00.000000,0.001006,13.6095,0.0174,0.017274,7.130769
07/08/2019 14:15:00.000000,0.034155,19.936,0.014675,11.674419,6.411628
07/08/2019 14:16:00.000000,0.28949,14.94075,0.015675,20.519512,7.736585
07/08/2019 14:17:00.000000,0.414775,17.56875,0.01585,0.020984,5.79
07/08/2019 14:18:00.000000,0.458926,17.41375,0.016975,0.009013,5.315
07/08/2019 14:19:00.000000,0.421486,15.93125,0.0185,14.895455,5.127273
07/08/2019 14:20:00.000000,0.368207,14.77,0.0185,16.012821,5.692308
07/08/2019 14:21:00.000000,0.374714,15.1865,0.018275,16.086046,6.05814
07/08/2019 14:22:00.000000,0.413932,15.107,0.020125,25.014286,4.385714
07/08/2019 14:23:00.000000,0.326205,14.852,0.021225,35.018605,7.283721
07/08/2019 14:24:00.000000,0.281217,14.68325,0.020525,10.685714,5.057143
07/08/2019 14:25:00.000000,0.296685,14.58325,0.021275,0.013541,4.855
07/08/2019 14:26:00.000000,0.279966,14.31375,0.021125,0.020906,4.984444
07/08/2019 14:27:00.000000,0.269237,14.34725,0.0209,0.027374,4.297561
07/08/2019 14:28:00.000000,0.2694,14.1675,0.0216,0.019759,3.547368
07/08/2019 14:29:00.000000,0.278672,13.06,0.024275,11.463158,4.215789
07/08/2019 14:30:00.000000,0.284364,12.552,0.0241,10.971429,4.742857
07/08/2019 14:31:00.000000,0.2801,12.32425,0.0221,8.685714,4.2
07/08/2019 14:32:00.000000,0.305004,11.89075,0.02325,0.02124,4.776923
07/08/2019 14:33:00.000000,0.264885,11.052,0.02435,0.014334,4.394737
07/08/2019 14:34:00.000000,0.243562,10.4895,0.02435,9.015789,5.255263
07/08/2019 14:35:00.000000,0.239457,16.18025,0.0234,0.008523,5.057143
07/08/2019 14:36:00.000000,0.24432,10.42225,0.023375,7.15,4.5
07/08/2019 14:37:00.000000,0.234823,10.73175,0.0234,14.623077,3.789744
07/08/2019 14:38:00.000000,0.247807,11.5705,0.02415,0.010474,3.19
07/08/2019 14:39:00.000000,0.297285,7.6525,0.026875,0.008847,3.975
07/08/2019 14:40:00.000000,0.270687,6.12025,0.0288,6.747619,4.442857
07/08/2019 14:41:00.000000,0.240295,8.1665,0.029225,0.017151,4.759091
07/08/2019 14:42:00.000000,0.275571,8.39975,0.027675,0.010453,4.713953
07/08/2019 14:43:00.000000,0.289426,9.1265,0.025775,0.014084,4.871429
07/08/2019 14:44:00.000000,0.324725,6.937,0.026425,6.871429,4.066667
07/08/2019 14:45:00.000000,0.271569,6.819,0.0282,0.005112,3.732558
07/08/2019 14:46:00.000000,0.236224,6.89425,0.028275,0.014142,3.951163
07/08/2019 14:47:00.000000,0.250534,7.34425,0.026975,5.2,4.0
07/08/2019 14:48:00.000000,0.303166,7.477,0.027175,0.007939,4.172973
07/08/2019 14:49:00.000000,0.28526,11.90175,0.025725,10.574194,4.103226
07/08/2019 14:50:00.000000,0.312943,11.95125,0.024125,0.006743,3.615625
07/08/2019 14:51:00.000000,0.293407,8.6935,0.02595,3.425,3.43
07/08/2019 14:52:00.000000,0.321246,8.04875,0.027775,3.054545,3.054545
07/08/2019 14:53:00.000000,0.349143,8.208,0.0267,0.004571,3.5
07/08/2019 14:54:00.000000,0.317749,8.4535,0.025625,4.226829,4.197561
07/08/2019 14:55:00.000000,0.336601,8.56125,0.027725,10.8625,5.575
07/08/2019 14:56:00.000000,0.295065,8.5005,0.02905,0.011909,3.769231
07/08/2019 14:57:00.000000,0.363064,8.67575,0.0284,0.011784,5.14375
07/08/2019 14:58:00.000000,0.413955,8.95575,0.028575,0.009644,4.090244
07/08/2019 14:59:00.000000,0.365815,9.14675,0.029775,0.015302,6.606667
07/08/2019 15:00:00.000000,0.312721,9.55175,0.02975,0.043942,6.04
07/08/2019 15:01:00.000000,0.282932,9.64725,0.0303,0.024213,5.209091
07/08/2019 15:02:00.000000,0.272867,9.39775,0.03095,0.005507,3.655
07/08/2019 15:03:00.000000,0.281761,9.65775,0.029375,11.548571,6.314286
07/08/2019 15:04:00.000000,0.323946,9.86575,0.0296,21.563415,7.995122
07/08/2019 15:05:00.000000,0.319183,10.1695,0.02815,10.104878,5.382927
07/08/2019 15:06:00.000000,0.359079,13.45675,0.025525,0.013416,4.387805
07/08/2019 15:07:00.000000,0.340675,10.6085,0.027525,0.022133,4.722222
07/08/2019 15:08:00.000000,0.335749,11.9345,0.028,0.025245,4.197674
07/08/2019 15:09:00.000000,0.306598,9.83475,0.028025,0.015868,4.441463
07/08/2019 15:10:00.000000,0.361254,8.81925,0.0298,0.011982,4.852381
07/08/2019 15:11:00.000000,0.392517,12.79025,0.02845,0.016899,6.3
07/08/2019 15:12:00.000000,0.329218,14.042,0.028175,10.605,5.345
07/08/2019 15:13:00.000000,0.261583,13.366,0.031075,0.012894,4.6625
07/08/2019 15:14:00.000000,0.224879,12.68475,0.029625,8.744828,5.155172
07/08/2019 15:15:00.000000,0.231205,12.53725,0.028375,0.010903,4.815152
07/08/2019 15:16:00.000000,0.207537,11.78675,0.0311,0.009882,5.82439
07/08/2019 15:17:00.000000,0.214346,16.9315,0.026875,0.013339,4.98
07/08/2019 15:18:00.000000,0.240585,12.475,0.02815,5.86,4.56
07/08/2019 15:19:00.000000,0.226912,7.8155,0.032925,10.509091,4.136364
07/08/2019 15:20:00.000000,0.212818,6.45275,0.035025,0.007594,4.436364
07/08/2019 15:21:00.000000,0.240224,6.51875,0.0352,5.793939,5.081818
07/08/2019 15:22:00.000000,0.210332,12.3355,0.0335,29.43,6.46
07/08/2019 15:23:00.000000,0.228841,16.171,0.031125,0.017665,5.0375
07/08/2019 15:24:00.000000,0.349406,13.33575,0.030475,0.008544,6.069231
07/08/2019 15:25:00.000000,0.400476,10.72875,0.030975,9.471429,5.014286
07/08/2019 15:26:00.000000,0.313993,6.81175,0.031225,0.009708,4.993103
07/08/2019 15:27:00.000000,0.236981,30.72125,0.022633,0.011677,6.87
07/08/2019 15:28:00.000000,0.333516,34.99275,0.026225,33.378378,5.497297
07/08/2019 15:29:00.000000,0.360539,10.683,0.03002,0.021853,7.031034
07/08/2019 15:30:00.000000,0.296013,11.423333,0.031333,0.015173,4.752381
07/08/2019 15:31:00.000000,0.321676,16.9195,0.02875,0.012122,4.71
07/08/2019 15:32:00.000000,0.321197,15.287,0.0291,0.008608,5.141463
07/08/2019 15:33:00.000000,0.302403,9.7755,0.033675,3.868293,3.663415
07/08/2019 15:34:00.000000,0.382816,7.7345,0.03535,0.023571,4.351724
07/08/2019 15:35:00.000000,0.327649,14.54375,0.030575,21.461111,6.544444
07/08/2019 15:36:00.000000,0.31026,10.4385,0.030425,0.005845,3.7125
07/08/2019 15:37:00.000000,0.246287,6.9815,0.036125,7.442105,3.942105
07/08/2019 15:38:00.000000,0.260079,16.061,0.03455,0.013545,7.888571
07/08/2019 15:39:00.000000,0.464666,16.07425,0.0327,0.020326,7.583333
07/08/2019 15:40:00.000000,0.412567,11.14025,0.035175,5.532558,4.067442
07/08/2019 15:41:00.000000,0.316234,9.93875,0.036525,8.066667,3.483333
07/08/2019 15:42:00.000000,0.28686,8.47025,0.0372,10.607692,5.797436
07/08/2019 15:43:00.000000,0.253559,10.04025,0.03735,0.005316,4.060976
07/08/2019 15:44:00.000000,0.295582,9.983,0.035925,27.942857,3.857143
07/08/2019 15:45:00.000000,0.343053,10.209,0.034625,8.33,4.075
07/08/2019 15:46:00.000000,0.361557,10.2875,0.035925,0.007905,5.05
07/08/2019 15:47:00.000000,0.292999,11.927,0.035875,0.031077,4.955814
07/08/2019 15:48:00.000000,0.239242,10.48725,0.036725,0.023891,4.648837
07/08/2019 15:49:00.000000,0.21897,7.224,0.038975,10.345455,5.181818
07/08/2019 15:50:00.000000,0.233099,6.019,0.040525,10.528571,4.685714
07/08/2019 15:51:00.000000,0.204035,5.649,0.04185,0.005187,3.65
07/08/2019 15:52:00.000000,0.197634,5.72,0.04115,0.017107,5.134884
07/08/2019 15:53:00.000000,0.244178,6.0325,0.04035,0.011517,4.37561
07/08/2019 15:54:00.000000,0.243715,6.1615,0.0417,0.013826,3.776923
07/08/2019 15:55:00.000000,0.192017,6.11375,0.042475,0.018049,4.6075
07/08/2019 15:56:00.000000,0.214529,13.429,0.037525,0.012519,5.769697
07/08/2019 15:57:00.000000,0.355065,14.477,0.033925,0.013813,4.355
07/08/2019 15:58:00.000000,0.31674,7.641,0.03755,0.021567,5.557143
07/08/2019 15:59:00.000000,0.272692,7.5805,0.03935,9.595,3.845
07/08/2019 16:00:00.000000,0.245322,7.1715,0.040425,0.006229,3.842857
07/08/2019 16:01:00.000000,0.139088,13.16675,0.040275,2.9,2.795
07/08/2019 16:02:00.000000,0.077905,6.14925,0.041825,8.771429,3.628571
07/08/2019 16:03:00.000000,0.009089,6.511,0.0424,0.026895,4.82439
07/08/2019 16:04:00.000000,0.002515,5.34675,0.043925,15.109091,4.136364
07/08/2019 16:05:00.000000,0.00312,4.9105,0.045,0.009715,3.560976
07/08/2019 16:06:00.000000,0.000408,4.96125,0.043975,0.009216,3.415385
07/08/2019 16:07:00.000000,0.003573,5.0705,0.0436,0.004651,2.975
07/08/2019 16:08:00.000000,-9999.0,5.155,0.04365,0.006138,3.928571
07/08/2019 16:09:00.000000,-9999.0,5.26775,0.0441,13.32093,4.344186
07/08/2019 16:10:00.000000,0.001951,5.35175,0.0452,0.010289,3.653659
07/08/2019 16:11:00.000000,0.000574,5.60525,0.044025,0.010676,3.415909
07/08/2019 16:12:00.000000,0.091572,5.97225,0.0422,0.007911,3.84186
07/08/2019 16:13:00.000000,0.198443,8.488,0.041825,0.024924,3.985714
07/08/2019 16:14:00.000000,0.255033,12.5105,0.038825,9.966667,5.285714
07/08/2019 16:15:00.000000,0.305788,21.725,0.03275,22.1,4.642857
07/08/2019 16:16:00.000000,0.413848,11.0835,0.035275,8.59,3.565
07/08/2019 16:17:00.000000,0.458147,7.10275,0.041975,4.559091,3.843182
07/08/2019 16:18:00.000000,0.368638,8.96875,0.040875,0.007635,4.426829
07/08/2019 16:19:00.000000,0.321135,7.6405,0.04085,14.215789,2.984211
07/08/2019 16:20:00.000000,0.243582,7.70825,0.043025,16.3125,4.655
07/08/2019 16:21:00.000000,0.24427,10.01975,0.0406,6.78,3.96
07/08/2019 16:22:00.000000,0.30533,7.44675,0.041625,0.009752,4.55
07/08/2019 16:23:00.000000,0.22878,6.24175,0.04455,7.071429,4.283333
07/08/2019 16:24:00.000000,0.189324,6.421,0.044325,7.1625,3.7625
07/08/2019 16:25:00.000000,0.194247,6.4475,0.045025,0.006856,3.133333
07/08/2019 16:26:00.000000,0.282734,6.4305,0.045375,0.004472,3.086047
07/08/2019 16:27:00.000000,0.303334,6.56275,0.043775,0.016438,4.5875
07/08/2019 16:28:00.000000,0.21978,7.375,0.043425,0.008161,4.542857
07/08/2019 16:29:00.000000,0.207021,12.3365,0.04065,27.493333,3.373333
07/08/2019 16:30:00.000000,0.294674,8.41625,0.0418,0.023878,3.2
07/08/2019 16:31:00.000000,0.407069,7.549,0.0449,0.006652,3.039024
07/08/2019 16:32:00.000000,0.275938,12.00325,0.04415,0.012031,3.518182
07/08/2019 16:33:00.000000,0.310585,8.053,0.043775,5.728571,4.183333
07/08/2019 16:34:00.000000,0.508797,6.8205,0.04415,0.004237,3.216667
07/08/2019 16:35:00.000000,0.424856,8.96775,0.045225,0.008943,3.688372
07/08/2019 16:36:00.000000,0.271323,9.79875,0.04605,10.446341,4.482927
07/08/2019 16:37:00.000000,0.234937,9.305,0.0454,0.040648,4.6
07/08/2019 16:38:00.000000,0.23405,8.9795,0.046625,10.49697,5.860606
07/08/2019 16:39:00.000000,0.232888,11.8385,0.045975,0.005259,3.504348
07/08/2019 16:40:00.000000,0.273246,9.8945,0.0449,0.032963,6.414634
07/08/2019 16:41:00.000000,0.249582,8.907,0.04555,0.020607,7.0
07/08/2019 16:42:00.000000,0.236698,15.531,0.0439,21.983721,5.27907
07/08/2019 16:43:00.000000,0.248151,13.8495,0.041975,24.28,4.323333
07/08/2019 16:44:00.000000,0.268037,10.36625,0.044325,0.018565,4.3
07/08/2019 16:45:00.000000,0.245945,11.35925,0.044925,4.813514,3.867568
07/08/2019 16:46:00.000000,0.246732,12.999,0.0428,7.155814,4.469767
07/08/2019 16:47:00.000000,0.258453,10.936,0.0452,0.005792,3.886486
07/08/2019 16:48:00.000000,0.259457,7.723,0.04815,5.909302,3.632558
07/08/2019 16:49:00.000000,0.242603,8.54275,0.04825,0.026647,4.976744
07/08/2019 16:50:00.000000,0.260218,8.655,0.04845,0.011122,4.17561
07/08/2019 16:51:00.000000,0.283503,8.57375,0.048875,17.066667,3.725
07/08/2019 16:52:00.000000,0.258689,8.488,0.048025,10.728571,3.614286
07/08/2019 16:53:00.000000,0.223775,8.95,0.046625,7.75641,4.192308
07/08/2019 16:54:00.000000,0.241043,17.5425,0.0426,4.583721,4.123256
07/08/2019 16:55:00.000000,0.300292,22.03825,0.04095,0.022553,5.12439
07/08/2019 16:56:00.000000,0.316979,15.009,0.0411,0.006928,4.242857
07/08/2019 16:57:00.000000,0.35698,16.3435,0.04005,15.312195,4.34878
07/08/2019 16:58:00.000000,0.354453,16.5745,0.040475,16.0,4.821053
07/08/2019 16:59:00.000000,0.299088,12.542,0.043375,27.283333,4.090476
07/08/2019 17:00:00.000000,0.292388,11.84075,0.04555,7.047619,3.9
07/08/2019 17:01:00.000000,0.301792,10.344,0.04505,0.008421,4.064103
07/08/2019 17:02:00.000000,0.352227,13.00175,0.0434,21.157143,3.5
07/08/2019 17:03:00.000000,0.404897,11.571,0.046375,0.013579,4.423529
07/08/2019 17:04:00.000000,0.418649,15.406,0.04605,12.479487,4.697436
07/08/2019 17:05:00.000000,0.585036,17.15225,0.04195,11.809756,6.321951
07/08/2019 17:06:00.000000,0.70318,16.83775,0.039275,0.014772,5.835
07/08/2019 17:07:00.000000,0.556392,14.42725,0.039275,19.369231,4.176923
07/08/2019 17:08:00.000000,0.341706,13.911,0.039575,5.1375,2.965
07/08/2019 17:09:00.000000,0.26989,13.85975,0.040875,12.193023,3.302326
07/08/2019 17:10:00.000000,0.243551,13.5875,0.043125,0.008421,2.805
07/08/2019 17:11:00.000000,0.241545,13.4685,0.042575,10.719512,3.895122
07/08/2019 17:12:00.000000,0.262022,15.32475,0.041175,8.341463,3.85122
07/08/2019 17:13:00.000000,0.290524,14.08875,0.041125,0.014775,3.375
07/08/2019 17:14:00.000000,0.25034,15.633,0.039825,4.889474,3.384211
07/08/2019 17:15:00.000000,0.217969,11.77625,0.041625,0.01503,3.556757
07/08/2019 17:16:00.000000,0.218105,10.6885,0.043233,0.005522,2.768293
07/08/2019 17:17:00.000000,0.222638,11.58575,0.043625,2.657143,2.657143
07/08/2019 17:18:00.000000,0.204892,24.111,0.0396,0.013581,3.9325
07/08/2019 17:19:00.000000,0.21125,19.14725,0.03735,0.018058,3.692857
07/08/2019 17:20:00.000000,0.204435,13.52075,0.042,28.412195,5.314634
07/08/2019 17:21:00.000000,0.204595,12.0525,0.0434,16.625,4.325
07/08/2019 17:22:00.000000,0.205723,11.30925,0.045125,0.006225,3.580488
07/08/2019 17:23:00.000000,0.213696,11.65925,0.0447,0.01727,3.802439
07/08/2019 17:24:00.000000,0.237155,21.75975,0.039625,11.969767,4.82093
07/08/2019 17:25:00.000000,0.298118,25.0905,0.03385,5.216667,3.62381
07/08/2019 17:26:00.000000,0.317496,16.723,0.03605,0.007495,3.844186
07/08/2019 17:27:00.000000,0.248679,15.6665,0.04005,0.024785,3.880488
07/08/2019 17:28:00.000000,0.231074,15.61425,0.040125,0.029491,3.565854
07/08/2019 17:29:00.000000,0.230864,19.8135,0.0394,0.012946,4.285714
07/08/2019 17:30:00.000000,0.258134,21.465,0.037025,13.702778,3.613889
07/08/2019 17:31:00.000000,0.298299,19.452,0.036375,0.047479,6.1
07/08/2019 17:32:00.000000,0.294131,17.21025,0.03955,13.932558,3.853488
07/08/2019 17:33:00.000000,0.319421,17.715,0.040175,0.012435,4.119048
07/08/2019 17:34:00.000000,0.323184,18.11825,0.03935,0.017205,5.007692
07/08/2019 17:35:00.000000,0.27549,18.00275,0.039725,13.869767,5.176744
07/08/2019 17:36:00.000000,0.262191,18.2125,0.038225,14.594872,4.276923
07/08/2019 17:37:00.000000,0.34254,18.3915,0.0364,12.88,4.8
07/08/2019 17:38:00.000000,0.335749,18.08575,0.037575,0.018262,5.473684
07/08/2019 17:39:00.000000,0.307183,17.51675,0.03945,11.915385,3.6
07/08/2019 17:40:00.000000,0.293525,16.87625,0.040625,7.171429,3.242857
07/08/2019 17:41:00.000000,0.269387,16.204,0.04005,0.013457,4.161538
07/08/2019 17:42:00.000000,0.244925,15.82275,0.04026,0.024359,6.351852
07/08/2019 17:43:00.000000,0.232135,15.558,0.0417,0.030683,6.505882
07/08/2019 17:44:00.000000,0.24181,15.13075,0.04,0.04088,5.76
07/08/2019 17:45:00.000000,0.280279,15.45625,0.03795,17.596774,5.693548
07/08/2019 17:46:00.000000,0.306825,23.19675,0.03655,18.433333,4.064103
07/08/2019 17:47:00.000000,0.271827,13.60625,0.0398,0.04644,5.404762
07/08/2019 17:48:00.000000,0.282781,12.0885,0.042575,26.033333,5.533333
07/08/2019 17:49:00.000000,0.245154,12.689,0.043225,35.225581,5.846512
07/08/2019 17:50:00.000000,0.248934,14.763,0.041725,0.023221,4.097561
07/08/2019 17:51:00.000000,0.296769,14.9945,0.03955,0.038984,6.692683
07/08/2019 17:52:00.000000,0.32805,15.1225,0.03925,19.14186,5.22093
07/08/2019 17:53:00.000000,0.292459,15.77975,0.0389,29.051163,3.853488
07/08/2019 17:54:00.000000,0.276417,18.05075,0.0356,0.07419,4.518182
07/08/2019 17:55:00.000000,0.255618,16.11975,0.037225,0.039846,3.170588
07/08/2019 17:56:00.000000,0.229812,12.26325,0.041525,25.131579,3.331579
07/08/2019 17:57:00.000000,0.2305,14.548,0.042475,0.017205,3.98125
07/08/2019 17:58:00.000000,0.256789,14.65925,0.040625,0.047291,3.48
07/08/2019 17:59:00.000000,0.33401,15.84575,0.037875,23.210256,4.530769
07/08/2019 18:00:00.000000,0.386878,18.62325,0.0384,28.135714,4.8
07/08/2019 18:01:00.000000,0.324906,14.192,0.04175,0.029689,3.095
07/08/2019 18:02:00.000000,0.257568,16.1455,0.043,22.133333,3.338095
07/08/2019 18:03:00.000000,0.290594,13.5605,0.041975,18.755556,4.566667
07/08/2019 18:04:00.000000,0.340012,14.426,0.0393,17.45,4.425
07/08/2019 18:05:00.000000,0.345544,14.95925,0.040175,28.965116,3.225581
07/08/2019 18:06:00.000000,0.337543,17.78725,0.038175,31.272093,4.313953
07/08/2019 18:07:00.000000,0.318239,22.42575,0.036725,0.040039,4.8
07/08/2019 18:08:00.000000,0.333546,22.917,0.03795,22.431707,4.497561
07/08/2019 18:09:00.000000,0.30803,18.81175,0.04125,0.019507,4.325
07/08/2019 18:10:00.000000,0.259599,19.40125,0.04405,0.035207,4.6875
07/08/2019 18:11:00.000000,0.249288,19.603,0.042025,26.778049,2.682927
07/08/2019 18:12:00.000000,0.291033,19.60675,0.0406,21.312195,5.219512
07/08/2019 18:13:00.000000,0.359358,19.31075,0.041825,22.628571,4.380952
07/08/2019 18:14:00.000000,0.322215,18.9265,0.043075,0.029652,5.066667
07/08/2019 18:15:00.000000,0.416873,18.65025,0.04345,24.481395,7.24186
07/08/2019 18:16:00.000000,0.352682,18.489,0.04305,0.024097,4.834146
07/08/2019 18:17:00.000000,0.287656,18.38275,0.041475,38.197674,4.153488
07/08/2019 18:18:00.000000,0.288264,18.46,0.04265,0.034239,3.468293
07/08/2019 18:19:00.000000,0.271615,18.263,0.042775,0.030772,4.513636
07/08/2019 18:20:00.000000,0.254814,18.04475,0.042825,0.017105,4.197561
07/08/2019 18:21:00.000000,0.238549,17.92575,0.04335,0.010883,4.158974
07/08/2019 18:22:00.000000,0.23481,17.874,0.043525,14.3,4.434146
07/08/2019 18:23:00.000000,0.358063,18.2065,0.04055,0.017765,5.526667
07/08/2019 18:24:00.000000,0.54418,18.56125,0.038425,25.741176,5.302941
07/08/2019 18:25:00.000000,0.512247,18.7375,0.03965,0.062242,7.6
07/08/2019 18:26:00.000000,0.354864,18.83125,0.04165,27.264865,3.983784
07/08/2019 18:27:00.000000,0.261457,18.55525,0.043975,0.007174,2.538462
07/08/2019 18:28:00.000000,0.231269,18.52625,0.043975,0.030266,4.015385
07/08/2019 18:29:00.000000,0.217307,18.67375,0.0428,21.9,4.5
07/08/2019 18:30:00.000000,0.211523,18.66475,0.04395,17.14,4.9125
07/08/2019 18:31:00.000000,0.220671,18.43425,0.044,0.043265,9.587805
07/08/2019 18:32:00.000000,0.250061,17.97825,0.044575,0.056207,7.415789
07/08/2019 18:33:00.000000,0.225497,17.3345,0.046,0.044962,5.013953
07/08/2019 18:34:00.000000,0.223313,17.24725,0.043375,0.055473,6.655556
07/08/2019 18:35:00.000000,0.275424,17.194,0.04155,28.1725,4.312195
07/08/2019 18:36:00.000000,0.279439,17.07325,0.042025,0.029431,4.959459
07/08/2019 18:37:00.000000,0.245211,16.935,0.041925,0.030404,4.607692
07/08/2019 18:38:00.000000,0.2357,18.3185,0.04015,24.297436,5.671795
07/08/2019 18:39:00.000000,0.287063,29.1085,0.03395,0.036122,6.55641
07/08/2019 18:40:00.000000,0.345504,23.94825,0.031975,14.294872,4.86
07/08/2019 18:41:00.000000,0.30913,19.946,0.037275,0.016611,4.4
07/08/2019 18:42:00.000000,0.298144,25.98025,0.032875,21.121622,7.237838
07/08/2019 18:43:00.000000,0.279776,23.1935,0.032475,0.026169,5.472093
07/08/2019 18:44:00.000000,0.254616,19.6355,0.037725,0.032436,7.159091
07/08/2019 18:45:00.000000,0.298635,23.121,0.03675,16.948837,5.865116
07/08/2019 18:46:00.000000,0.350211,20.01575,0.03795,28.409091,5.190909
07/08/2019 18:47:00.000000,0.318522,20.06275,0.037425,19.705128,5.971795
07/08/2019 18:48:00.000000,0.314666,20.06575,0.036925,33.166667,6.944444
07/08/2019 18:49:00.000000,0.285105,20.13375,0.03905,14.833333,4.516667
07/08/2019 18:50:00.000000,0.234239,19.70075,0.04215,0.020422,4.466667
07/08/2019 18:51:00.000000,0.209844,18.49925,0.04255,19.851282,3.761538
07/08/2019 18:52:00.000000,0.225558,17.4215,0.042075,20.466667,4.016667
07/08/2019 18:53:00.000000,0.244765,11.91225,0.040575,0.015485,5.260976
07/08/2019 18:54:00.000000,0.534881,10.8445,0.04105,0.011137,3.262791
07/08/2019 18:55:00.000000,0.87356,10.28375,0.042025,0.020449,4.09
07/08/2019 18:56:00.000000,0.563999,14.01125,0.039875,0.007021,3.181395
07/08/2019 18:57:00.000000,0.500928,10.71475,0.04065,0.029047,5.667442
07/08/2019 18:58:00.000000,0.650839,7.28725,0.04505,0.059702,3.704545
07/08/2019 18:59:00.000000,0.584301,7.3585,0.045575,28.1625,3.765
07/08/2019 19:00:00.000000,0.303005,15.64725,0.04205,0.030236,3.9
07/08/2019 19:01:00.000000,0.189732,13.51625,0.04225,0.055458,3.812821
07/08/2019 19:02:00.000000,0.206605,9.8335,0.0435,0.031044,7.960526
07/08/2019 19:03:00.000000,0.212866,10.17525,0.04375,0.006517,3.157143
07/08/2019 19:04:00.000000,0.218739,7.1455,0.0441,0.011053,5.827273
07/08/2019 19:05:00.000000,0.305805,9.005,0.0439,27.52439,3.326829
07/08/2019 19:06:00.000000,0.308945,14.52125,0.042425,10.243902,3.226829
07/08/2019 19:07:00.000000,0.23314,7.5895,0.04525,0.004759,2.1
07/08/2019 19:08:00.000000,0.19661,6.77025,0.047075,2.060976,1.9
07/08/2019 19:09:00.000000,0.23131,10.6985,0.043,0.007067,2.070732
07/08/2019 19:10:00.000000,0.251317,10.749,0.0429,15.110638,2.623404
07/08/2019 19:11:00.000000,0.242306,8.797,0.0434,0.019022,1.433333
07/08/2019 19:12:00.000000,0.286962,9.39575,0.0459,3.040909,1.2
07/08/2019 19:13:00.000000,0.327952,15.34425,0.0455,5.197368,3.321053
07/08/2019 19:14:00.000000,0.257382,14.22075,0.041925,0.030879,1.76
07/08/2019 19:15:00.000000,0.234944,9.70825,0.040233,6.8125,1.74
07/08/2019 19:16:00.000000,0.207235,8.44,0.041775,0.006532,1.970732
07/08/2019 19:17:00.000000,0.193965,9.3585,0.04426,0.006777,2.582857
07/08/2019 19:18:00.000000,0.293283,5.648,0.0452,4.961538,1.615385
07/08/2019 19:19:00.000000,0.352626,5.561,0.04675,0.01178,1.572093
07/08/2019 19:20:00.000000,0.239898,5.66575,0.046775,0.015865,3.314286
07/08/2019 19:21:00.000000,0.199816,6.0065,0.04535,14.323256,2.448837
07/08/2019 19:22:00.000000,0.193575,6.14075,0.045925,0.004727,1.585714
07/08/2019 19:23:00.000000,0.165259,6.2655,0.0471,7.04878,2.439024
07/08/2019 19:24:00.000000,0.175816,6.55225,0.04565,0.041358,3.539024
07/08/2019 19:25:00.000000,0.196134,6.48875,0.04758,9.03871,1.667742
07/08/2019 19:26:00.000000,0.158243,6.47975,0.04965,8.528571,1.942857
07/08/2019 19:27:00.000000,0.136824,6.493,0.048267,4.897436,1.512821
07/08/2019 19:28:00.000000,0.175004,8.7055,0.045725,2.341463,1.841463
07/08/2019 19:29:00.000000,0.249312,9.941,0.044925,4.453846,2.153846
07/08/2019 19:30:00.000000,0.215238,8.976,0.045425,5.497561,2.882927
07/08/2019 19:31:00.000000,0.191284,4.939,0.046575,0.016814,2.231707
07/08/2019 19:32:00.000000,0.160176,4.9675,0.049025,5.2875,1.75
07/08/2019 19:33:00.000000,0.144302,5.2745,0.04822,0.002619,1.41875
07/08/2019 19:34:00.000000,0.175479,5.8815,0.045433,2.753846,1.892308
07/08/2019 19:35:00.000000,0.220527,6.75025,0.04355,0.006814,2.51
07/08/2019 19:36:00.000000,0.221471,11.4545,0.0427,32.222857,3.377143
07/08/2019 19:37:00.000000,0.196152,14.29575,0.042,0.011605,2.195349
07/08/2019 19:38:00.000000,0.196716,17.93675,0.0422,5.32439,2.331707
07/08/2019 19:39:00.000000,0.188414,16.137,0.041325,0.004046,2.057143
07/08/2019 19:40:00.000000,0.160266,12.8275,0.040375,0.00217,1.579545
07/08/2019 19:41:00.000000,0.165401,11.90975,0.040575,0.008932,1.755
07/08/2019 19:42:00.000000,0.163999,9.9535,0.04315,2.7,1.8
07/08/2019 19:43:00.000000,0.162729,10.26325,0.045625,0.008251,1.716667
07/08/2019 19:44:00.000000,0.22296,11.8705,0.045,5.275,3.485
07/08/2019 19:45:00.000000,0.342244,11.916,0.0439,2.023077,1.938462
07/08/2019 19:46:00.000000,0.237572,11.732,0.044,0.007349,1.514286
07/08/2019 19:47:00.000000,0.183352,11.208,0.046775,5.542857,2.185714
07/08/2019 19:48:00.000000,0.153147,10.8525,0.04805,6.010256,1.961538
07/08/2019 19:49:00.000000,0.152998,,0.046575,,
07/08/2019 19:50:00.000000,0.18019,10.52975,0.04635,0.005114,2.583784
07/08/2019 19:51:00.000000,0.183191,10.14775,0.04784,4.356522,3.352174
07/08/2019 19:52:00.000000,0.169363,9.7415,0.047767,19.275,2.72
07/08/2019 19:53:00.000000,0.17185,9.12575,0.0498,0.018434,2.770732
07/08/2019 19:54:00.000000,0.194393,9.0705,0.048525,0.012515,3.2125
07/08/2019 19:55:00.000000,0.258713,9.1355,0.04805,0.007354,2.954545
07/08/2019 19:56:00.000000,0.211038,8.89625,0.05075,9.605,3.1475
07/08/2019 19:57:00.000000,0.172675,8.644,0.04985,0.008983,2.861538
07/08/2019 19:58:00.000000,0.177498,12.766,0.048475,0.027805,2.287805
07/08/2019 19:59:00.000000,0.187194,10.408,0.04815,8.923077,2.610256
07/08/2019 20:00:00.000000,0.190385,10.61825,0.04865,0.017562,3.302326
07/08/2019 20:01:00.000000,0.191609,11.102,0.046925,10.708108,3.316216
07/08/2019 20:02:00.000000,0.218251,11.37425,0.044,0.01173,3.214286
07/08/2019 20:03:00.000000,0.213776,11.4445,0.041825,15.014286,5.0
07/08/2019 20:04:00.000000,0.188549,11.35525,0.041075,48.679545,3.281818
07/08/2019 20:05:00.000000,0.16899,11.3215,0.040325,23.582979,2.376596
07/08/2019 20:06:00.000000,0.155099,10.68025,0.04085,0.019185,4.918182
07/08/2019 20:07:00.000000,0.148251,10.22075,0.040725,13.604878,7.54878
07/08/2019 20:08:00.000000,0.164896,13.494,0.0378,0.016599,6.1
07/08/2019 20:09:00.000000,0.196036,,0.034175,,
07/08/2019 20:10:00.000000,0.220313,8.63525,0.035325,0.044392,3.095
07/08/2019 20:11:00.000000,0.191453,8.05175,0.0369,0.039449,6.371429
07/08/2019 20:12:00.000000,0.170908,7.405,0.036625,0.024424,6.557143
07/08/2019 20:13:00.000000,0.193183,7.4985,0.037525,0.042567,5.405263
07/08/2019 20:14:00.000000,0.200914,7.535,0.03915,0.034801,4.783333
07/08/2019 20:15:00.000000,0.167616,7.41375,0.039475,0.021099,2.606977
07/08/2019 20:16:00.000000,0.157094,7.23675,0.03995,15.8,3.366667
07/08/2019 20:17:00.000000,0.167032,7.18925,0.03985,51.155556,3.517778
07/08/2019 20:18:00.000000,0.192777,7.2635,0.039125,0.036786,6.346154
07/08/2019 20:19:00.000000,0.24388,7.369,0.0391,41.075,3.075
07/08/2019 20:20:00.000000,0.343896,7.32925,0.0398,0.029282,2.529268
07/08/2019 20:21:00.000000,1.070573,7.334,0.040325,0.011728,2.755
07/08/2019 20:22:00.000000,0.695852,7.763333,0.038725,15.335714,2.2
07/08/2019 20:23:00.000000,0.246646,7.95075,0.039425,0.003903,1.843902
07/08/2019 20:24:00.000000,0.186671,8.2095,0.040525,19.9,1.716667
07/08/2019 20:25:00.000000,0.201116,8.293,0.04085,0.017973,2.036364
07/08/2019 20:26:00.000000,0.203947,8.184,0.042025,4.065,2.355
07/08/2019 20:27:00.000000,0.175992,7.98675,0.041975,9.687805,3.42439
07/08/2019 20:28:00.000000,0.15676,7.936,0.0423,3.7,2.660976
07/08/2019 20:29:00.000000,0.158039,7.77875,0.0432,0.006375,2.923077
07/08/2019 20:30:00.000000,0.163901,7.1005,0.043675,0.004127,2.668293
07/08/2019 20:31:00.000000,0.155775,6.86,0.044175,8.109091,3.204545
07/08/2019 20:32:00.000000,0.164869,7.415,0.04405,2.340909,1.745455
07/08/2019 20:33:00.000000,0.236008,10.5315,0.04135,9.226829,3.121951
07/08/2019 20:34:00.000000,0.271185,7.0185,0.041925,0.00776,2.711628
07/08/2019 20:35:00.000000,0.206198,6.22625,0.043975,5.712821,2.430769
07/08/2019 20:36:00.000000,0.209762,13.255,0.039725,17.565854,2.656098
07/08/2019 20:37:00.000000,0.299418,24.41575,0.0353,0.01841,2.273171
07/08/2019 20:38:00.000000,0.277599,11.26725,0.038175,0.003561,1.857143
07/08/2019 20:39:00.000000,0.292584,13.387,0.0339,1.972093,1.886047
07/08/2019 20:40:00.000000,0.361999,14.001,0.034625,0.010577,4.393478
07/08/2019 20:41:00.000000,0.371941,16.31825,0.033025,0.017876,3.02093
07/08/2019 20:42:00.000000,0.416236,11.76725,0.034525,0.016649,2.870732
07/08/2019 20:43:00.000000,0.361749,11.0635,0.038725,20.413953,2.481395
07/08/2019 20:44:00.000000,0.330288,24.276,0.027175,5.11,2.145
07/08/2019 20:45:00.000000,0.310561,12.923,0.038425,0.006121,1.846154
07/08/2019 20:46:00.000000,0.25612,7.0225,0.042425,0.002383,1.627273
07/08/2019 20:47:00.000000,0.200009,3.85025,0.04635,0.003637,2.377273
07/08/2019 20:48:00.000000,0.14726,4.90025,0.0454,0.002052,1.633333
07/08/2019 20:49:00.000000,0.186447,,,,
07/08/2019 20:50:00.000000,0.230654,6.26675,0.042925,6.976923,3.0
07/08/2019 20:51:00.000000,0.27046,7.09225,0.040375,6.578571,2.171429
07/08/2019 20:52:00.000000,0.233833,8.18725,0.0373,12.566667,2.857143
07/08/2019 20:53:00.000000,0.242054,9.02175,0.03945,6.515,3.255
07/08/2019 20:54:00.000000,0.209947,9.2605,0.044075,21.757143,2.216667
07/08/2019 20:55:00.000000,0.165265,9.7645,0.04355,0.011538,2.421053
07/08/2019 20:56:00.000000,0.204076,10.0295,0.0427,0.051437,2.5
07/08/2019 20:57:00.000000,0.234061,9.885,0.0431,0.022058,1.735
07/08/2019 20:58:00.000000,0.223802,9.686,0.044025,0.009743,3.759091
07/08/2019 20:59:00.000000,0.259681,9.178,0.0443,15.038462,3.197436
07/08/2019 21:00:00.000000,0.36339,8.62675,0.04325,0.007698,2.073684
07/08/2019 21:01:00.000000,0.282895,9.76725,0.038725,0.004508,3.084615
07/08/2019 21:02:00.000000,0.270878,14.15825,0.038275,1.863415,1.84878
07/08/2019 21:03:00.000000,0.245234,13.71125,0.04205,4.771429,1.514286
07/08/2019 21:04:00.000000,0.253917,8.6575,0.0434,0.008772,1.928571
07/08/2019 21:05:00.000000,0.199094,11.8585,0.042275,0.014485,2.68
07/08/2019 21:06:00.000000,0.222188,11.0715,0.041875,11.945,3.395
07/08/2019 21:07:00.000000,0.273935,10.44575,0.042675,0.004126,1.792683
07/08/2019 21:08:00.000000,0.194338,5.9155,0.0466,0.00521,2.672093
07/08/2019 21:09:00.000000,0.148926,,,,
07/08/2019 21:10:00.000000,0.21893,20.10775,0.032975,0.003851,1.275
07/08/2019 21:11:00.000000,0.271022,8.2685,0.0418,5.265909,1.272727
07/08/2019 21:12:00.000000,0.227255,10.229,0.042075,0.003684,2.157143
07/08/2019 21:13:00.000000,0.289987,19.54425,0.039125,0.007942,1.881395
07/08/2019 21:14:00.000000,0.288131,13.5805,0.042825,0.002662,1.202439
07/08/2019 21:15:00.000000,0.184596,8.04975,0.046225,0.008006,1.957143
07/08/2019 21:16:00.000000,0.147594,9.684,0.044975,5.507317,1.929268
07/08/2019 21:17:00.000000,0.220184,12.49725,0.043975,0.010703,5.233333
07/08/2019 21:18:00.000000,0.289716,11.86925,0.04695,22.542857,2.642857
07/08/2019 21:19:00.000000,0.193605,11.24375,0.0479,11.497619,1.842857
07/08/2019 21:20:00.000000,0.161128,10.6395,0.046575,7.309756,2.739024
07/08/2019 21:21:00.000000,0.18122,10.3845,0.04395,6.109756,2.302439
07/08/2019 21:22:00.000000,0.222749,10.1055,0.043975,4.725,1.945
07/08/2019 21:23:00.000000,0.232878,9.67675,0.045225,1.916667,1.483333
07/08/2019 21:24:00.000000,0.268939,9.62,0.0434,0.005778,1.816667
07/08/2019 21:25:00.000000,0.394154,11.43625,0.044225,0.006375,1.814634
07/08/2019 21:26:00.000000,0.270357,9.57,0.047875,18.810526,1.8
07/08/2019 21:27:00.000000,0.200051,12.62225,0.046825,11.160465,2.660465
07/08/2019 21:28:00.000000,0.225662,8.30625,0.04735,0.01435,2.628571
07/08/2019 21:29:00.000000,0.194812,,,,
07/08/2019 21:30:00.000000,0.205902,10.8625,0.0494,0.011413,3.128571
07/08/2019 21:31:00.000000,0.264469,10.452,0.048975,7.534884,2.009302
07/08/2019 21:32:00.000000,0.537002,10.0655,0.0489,15.395122,2.568293
07/08/2019 21:33:00.000000,0.444129,11.50175,0.047425,18.419048,3.02381
07/08/2019 21:34:00.000000,0.355564,13.52525,0.0442,12.478049,3.526829
07/08/2019 21:35:00.000000,0.281373,9.2875,0.046775,0.004706,2.319512
07/08/2019 21:36:00.000000,0.239467,9.236,0.048125,0.011094,3.46
07/08/2019 21:37:00.000000,0.272353,8.41625,0.048075,17.179545,2.577273
07/08/2019 21:38:00.000000,0.243916,13.4165,0.04315,10.146154,2.4
07/08/2019 21:39:00.000000,0.271266,11.94275,0.0404,0.010144,2.572093
07/08/2019 21:40:00.000000,0.326717,18.15975,0.042425,12.239024,4.258537
07/08/2019 21:41:00.000000,0.276869,21.89475,0.041,18.037209,2.87907
07/08/2019 21:42:00.000000,0.274587,15.13025,0.04335,22.2,3.709756
07/08/2019 21:43:00.000000,0.22985,11.87925,0.045925,53.057143,5.614286
07/08/2019 21:44:00.000000,0.199659,14.92675,0.044075,0.080731,5.3225
07/08/2019 21:45:00.000000,0.585563,17.424,0.038675,19.195455,4.509091
07/08/2019 21:46:00.000000,0.853262,21.25025,0.0371,0.024616,2.389189
07/08/2019 21:47:00.000000,0.397294,14.109,0.0419,0.013688,2.502326
07/08/2019 21:48:00.000000,0.327412,17.249,0.044525,0.018306,3.8
07/08/2019 21:49:00.000000,0.311104,,,,
07/08/2019 21:50:00.000000,0.182668,11.11425,0.047675,25.278947,2.4
07/08/2019 21:51:00.000000,0.227609,16.855,0.04645,15.835897,1.976923
07/08/2019 21:52:00.000000,0.33734,21.76425,0.045,0.019944,4.353846
07/08/2019 21:53:00.000000,0.30746,28.026,0.0382,12.1375,2.93
07/08/2019 21:54:00.000000,0.260482,16.04525,0.037825,0.016287,5.893333
07/08/2019 21:55:00.000000,0.276039,16.77775,0.040825,0.010314,2.713953
07/08/2019 21:56:00.000000,0.344381,14.6105,0.043325,14.965116,3.132558
07/08/2019 21:57:00.000000,0.267193,9.47725,0.048175,0.024456,2.28
07/08/2019 21:58:00.000000,0.230356,9.86725,0.04875,0.030155,3.035
07/08/2019 21:59:00.000000,0.191249,9.619,0.049625,0.007318,2.077273
07/08/2019 22:00:00.000000,0.149096,9.37575,0.050475,13.188095,3.014286
07/08/2019 22:01:00.000000,0.105274,9.2595,0.0501,12.382759,3.393103
07/08/2019 22:02:00.000000,0.071028,9.0795,0.049975,0.01103,2.52
07/08/2019 22:03:00.000000,0.009126,8.876,0.0489,15.633333,2.066667
07/08/2019 22:04:00.000000,0.006269,8.77225,0.04755,17.586111,5.333333
07/08/2019 22:05:00.000000,0.003443,8.853,0.045225,0.009402,2.85
07/08/2019 22:06:00.000000,0.008113,7.17925,0.04525,8.937209,2.353488
07/08/2019 22:07:00.000000,0.001446,12.4375,0.045225,0.014705,2.960465
07/08/2019 22:08:00.000000,0.002594,10.19425,0.0466,0.022585,1.940909
07/08/2019 22:09:00.000000,0.001909,,,,
07/08/2019 22:10:00.000000,0.002583,13.42825,0.047725,12.076744,3.811628
07/08/2019 22:11:00.000000,0.004316,13.05525,0.0486,10.684783,4.456522
07/08/2019 22:12:00.000000,0.166048,12.69975,0.048325,8.64,3.46
07/08/2019 22:13:00.000000,0.276433,16.45375,0.04675,0.003737,2.123077
07/08/2019 22:14:00.000000,0.262219,9.7475,0.0481,0.00742,1.7225
07/08/2019 22:15:00.000000,0.220233,8.55625,0.05135,0.003432,1.855
07/08/2019 22:16:00.000000,0.232686,9.901,0.050075,0.01405,4.836364
07/08/2019 22:17:00.000000,0.277141,9.66725,0.049125,17.927907,3.169767
07/08/2019 22:18:00.000000,0.247127,9.81675,0.048375,0.010255,2.805263
07/08/2019 22:19:00.000000,0.279286,9.53325,0.0507,0.017845,6.3
07/08/2019 22:20:00.000000,0.246162,9.399,0.051225,0.012061,3.884615
07/08/2019 22:21:00.000000,0.207368,9.6405,0.049925,0.010052,3.143902
07/08/2019 22:22:00.000000,0.217536,9.922,0.04815,0.009007,2.790909
07/08/2019 22:23:00.000000,0.261777,10.3825,0.0459,0.014139,3.242857
07/08/2019 22:24:00.000000,0.289506,11.21525,0.04355,0.013713,2.473684
07/08/2019 22:25:00.000000,0.322829,15.47975,0.041775,11.304348,3.004348
07/08/2019 22:26:00.000000,0.319641,14.401,0.046275,0.017548,2.253488
07/08/2019 22:27:00.000000,0.270841,11.391,0.049175,0.018544,2.351351
07/08/2019 22:28:00.000000,0.308411,10.625,0.048025,0.004806,1.751351
07/08/2019 22:29:00.000000,0.332362,,,,
07/08/2019 22:30:00.000000,0.325397,11.27225,0.048925,33.3,4.3
07/08/2019 22:31:00.000000,0.337856,15.632,0.0464,23.083333,2.757143
07/08/2019 22:32:00.000000,0.330859,14.27275,0.045575,0.018289,3.22093
07/08/2019 22:33:00.000000,0.342034,11.90275,0.048125,9.516279,3.074419
07/08/2019 22:34:00.000000,0.298164,11.88625,0.04725,3.619512,2.829268
07/08/2019 22:35:00.000000,0.327819,20.48075,0.043175,0.002759,2.12973
07/08/2019 22:36:00.000000,0.432267,15.05625,0.043775,2.231818,2.154545
07/08/2019 22:37:00.000000,0.32921,10.466,0.048825,13.389286,2.489286
07/08/2019 22:38:00.000000,0.228075,9.23125,0.0509,0.008966,2.961538
07/08/2019 22:39:00.000000,0.221282,14.0225,0.049775,0.031958,2.304545
07/08/2019 22:40:00.000000,0.256319,12.4265,0.048375,11.837778,2.264444
07/08/2019 22:41:00.000000,0.30217,11.96075,0.04925,2.504878,1.773171
07/08/2019 22:42:00.000000,0.258985,10.4755,0.050025,1.956098,1.94878
07/08/2019 22:43:00.000000,0.212645,10.09875,0.05075,0.002501,1.916279
07/08/2019 22:44:00.000000,0.233841,9.84325,0.0512,5.910256,2.323077
07/08/2019 22:45:00.000000,0.260138,11.6075,0.049575,0.017731,3.466667
07/08/2019 22:46:00.000000,0.356892,17.74325,0.04555,0.013798,2.653846
07/08/2019 22:47:00.000000,0.400592,12.914,0.0463,0.015267,3.706522
07/08/2019 22:48:00.000000,0.293315,9.91575,0.050275,9.130233,4.860465
07/08/2019 22:49:00.000000,0.254499,,,,
07/08/2019 22:50:00.000000,0.267833,12.98275,0.048975,0.007282,3.342857
07/08/2019 22:51:00.000000,0.261106,12.4305,0.050975,0.010114,2.504878
07/08/2019 22:52:00.000000,0.230312,11.9475,0.05215,0.004961,2.385366
07/08/2019 22:53:00.000000,0.213612,11.17375,0.054175,0.01384,2.656098
07/08/2019 22:54:00.000000,0.194053,10.777,0.0526,0.004344,1.757143
07/08/2019 22:55:00.000000,0.217092,10.66675,0.0507,0.013542,3.215
07/08/2019 22:56:00.000000,0.243032,10.26075,0.052125,2.934884,1.74186
07/08/2019 22:57:00.000000,0.222717,9.5755,0.053075,22.575,2.42
07/08/2019 22:58:00.000000,0.209141,9.009,0.053025,0.007996,2.257143
07/08/2019 22:59:00.000000,0.206986,9.46225,0.05045,4.931707,1.95122
07/08/2019 23:00:00.000000,0.255925,9.962,0.0492,13.682051,1.9
07/08/2019 23:01:00.000000,0.337992,10.29775,0.05155,0.016457,1.986364
07/08/2019 23:02:00.000000,0.272691,10.63925,0.049825,16.385714,3.285714
07/08/2019 23:03:00.000000,0.249683,10.863,0.048075,0.022411,3.672727
07/08/2019 23:04:00.000000,0.291626,10.7775,0.051425,0.010886,4.382927
07/08/2019 23:05:00.000000,0.259309,11.38025,0.049525,0.008558,4.071429
07/08/2019 23:06:00.000000,0.32866,11.67425,0.048275,11.828571,2.8
07/08/2019 23:07:00.000000,0.485843,11.28525,0.050925,0.012962,2.178947
07/08/2019 23:08:00.000000,0.313787,10.79525,0.05105,0.004456,2.186047
07/08/2019 23:09:00.000000,0.230834,10.7475,0.04945,6.041463,2.626829
07/08/2019 23:10:00.000000,0.219815,10.32425,0.04815,5.51,2.7
07/08/2019 23:11:00.000000,0.221549,9.77175,0.046,0.016566,3.214286
07/08/2019 23:12:00.000000,0.223713,9.89875,0.04325,14.331579,1.952632
07/08/2019 23:13:00.000000,0.229609,9.479,0.041125,8.214286,2.814286
07/08/2019 23:14:00.000000,0.246319,9.149,0.041075,0.012726,3.430233
07/08/2019 23:15:00.000000,0.245098,9.16575,0.042225,4.77381,1.957143
07/08/2019 23:16:00.000000,0.22742,9.0845,0.04365,17.232432,2.305405
07/08/2019 23:17:00.000000,0.206309,8.88525,0.043775,6.4375,2.315
07/08/2019 23:18:00.000000,0.242926,8.64225,0.04405,0.005132,3.056818
07/08/2019 23:19:00.000000,0.250579,8.34025,0.045,3.9,2.093617
07/08/2019 23:20:00.000000,0.188471,7.856,0.045675,0.008294,1.561538
07/08/2019 23:21:00.000000,0.175338,7.2335,0.046375,0.00618,2.704651
07/08/2019 23:22:00.000000,0.172186,6.78075,0.04615,16.178788,3.324242
07/08/2019 23:23:00.000000,0.188456,6.52125,0.045475,8.368182,2.979545
07/08/2019 23:24:00.000000,0.218916,6.6205,0.04435,0.003362,1.965
07/08/2019 23:25:00.000000,0.249069,6.70375,0.04395,1.8,1.8
07/08/2019 23:26:00.000000,0.227752,6.64375,0.04475,9.888372,2.230233
07/08/2019 23:27:00.000000,0.206946,6.68325,0.045075,0.036108,3.065
07/08/2019 23:28:00.000000,0.227788,6.922,0.0446,20.105128,2.184615
07/08/2019 23:29:00.000000,0.232665,7.481,0.04325,14.609756,2.702439
07/08/2019 23:30:00.000000,0.248708,7.908,0.042,0.010569,2.554545
07/08/2019 23:31:00.000000,0.234874,8.33525,0.04125,5.35641,1.976923
07/08/2019 23:32:00.000000,0.248872,8.0165,0.0446,0.008209,3.26
07/08/2019 23:33:00.000000,0.216102,7.85875,0.046125,0.003018,1.792683
07/08/2019 23:34:00.000000,0.243832,8.016,0.04555,8.87561,2.353659
07/08/2019 23:35:00.000000,0.307239,8.31425,0.04502,13.547368,4.942105
07/08/2019 23:36:00.000000,0.288601,8.5015,0.044467,10.377273,3.413636
07/08/2019 23:37:00.000000,0.293586,8.60225,0.042825,12.62,2.505
07/08/2019 23:38:00.000000,0.267568,8.68075,0.043125,13.186842,2.231579
07/08/2019 23:39:00.000000,0.285023,12.07475,0.044175,9.392308,2.792308
07/08/2019 23:40:00.000000,0.372813,10.71475,0.0432,0.003863,2.046341
07/08/2019 23:41:00.000000,0.277541,12.0905,0.043975,0.002906,2.155
07/08/2019 23:42:00.000000,0.256072,8.3995,0.042925,0.008459,2.541463
07/08/2019 23:43:00.000000,0.23552,7.96875,0.044175,20.407317,1.831707
07/08/2019 23:44:00.000000,0.19927,8.3215,0.04508,0.006414,1.605714
07/08/2019 23:45:00.000000,0.194398,8.32075,0.045233,0.003207,2.261111
07/08/2019 23:46:00.000000,0.210124,8.21175,0.04585,2.52381,2.385714
07/08/2019 23:47:00.000000,0.217765,7.936,0.0476,2.328571,2.228571
07/08/2019 23:48:00.000000,0.20444,7.768,0.0482,0.002347,1.86
07/08/2019 23:49:00.000000,0.19595,,,,
07/08/2019 23:50:00.000000,0.187811,7.06,0.0492,0.006206,3.274419
07/08/2019 23:51:00.000000,0.181288,6.4685,0.04976,4.451429,2.36
07/08/2019 23:52:00.000000,0.167255,5.70225,0.049667,3.82069,2.196552
07/08/2019 23:53:00.000000,0.164489,5.4155,0.04944,0.00227,1.69
07/08/2019 23:54:00.000000,0.166882,5.17,0.049033,0.003043,2.186047
07/08/2019 23:55:00.000000,0.174856,5.0335,0.048625,5.325581,3.332558
07/08/2019 23:56:00.000000,0.183034,8.21025,0.0476,10.284615,2.146154
07/08/2019 23:57:00.000000,0.179085,5.965,0.046925,3.758537,2.326829
07/08/2019 23:58:00.000000,0.187404,6.324,0.0477,1.718421,1.726316
07/08/2019 23:59:00.000000,0.197218,6.87725,0.0465,0.007287,3.345455
07/09/2019 00:00:00.000000,0.216143,7.292,0.0447,0.01859,2.971429
07/09/2019 00:01:00.000000,0.266325,7.2965,0.0448,0.003605,1.637143
07/09/2019 00:02:00.000000,0.292042,7.114,0.046725,0.002164,1.686047
07/09/2019 00:03:00.000000,0.238862,7.24325,0.04635,0.002335,1.7
07/09/2019 00:04:00.000000,0.260337,7.4085,0.04485,0.002231,1.7
07/09/2019 00:05:00.000000,0.272536,7.5735,0.044625,3.280488,2.382927
07/09/2019 00:06:00.000000,0.259969,7.3675,0.046175,5.006977,2.248837
07/09/2019 00:07:00.000000,0.218342,6.9415,0.0492,0.002663,1.842105
07/09/2019 00:08:00.000000,0.193763,6.2845,0.050025,3.097297,1.8
07/09/2019 00:09:00.000000,0.177999,6.03925,0.049425,10.368421,1.889474
07/09/2019 00:10:00.000000,0.170959,6.02725,0.048075,18.863158,2.826316
07/09/2019 00:11:00.000000,0.182538,5.62325,0.04795,0.018137,2.382353
07/09/2019 00:12:00.000000,0.184198,5.65325,0.04645,4.487879,3.172727
07/09/2019 00:13:00.000000,0.192669,5.50425,0.0449,0.005166,1.8
07/09/2019 00:14:00.000000,0.191543,5.572,0.047,1.580645,1.506452
07/09/2019 00:15:00.000000,0.178897,5.61575,0.0489,0.00255,2.007692
07/09/2019 00:16:00.000000,0.25748,5.7265,0.0496,0.002442,1.934146
07/09/2019 00:17:00.000000,0.446227,5.887,0.0486,7.2375,3.43
07/09/2019 00:18:00.000000,0.478234,6.116,0.046825,0.008465,3.7
07/09/2019 00:19:00.000000,0.457202,6.29925,0.046325,2.487805,1.992683
07/09/2019 00:20:00.000000,0.25375,6.08,0.04705,0.002299,1.7
07/09/2019 00:21:00.000000,0.1986,6.15825,0.04675,0.005798,2.207692
07/09/2019 00:22:00.000000,0.221195,6.35675,0.04655,7.285714,2.214286
07/09/2019 00:23:00.000000,0.224688,6.37575,0.048675,7.440909,2.372727
07/09/2019 00:24:00.000000,0.196245,6.22,0.0508,0.005936,2.689655
07/09/2019 00:25:00.000000,0.157633,5.845,0.05185,0.002583,1.846341
07/09/2019 00:26:00.000000,0.161379,5.3735,0.0514,2.395652,2.208696
07/09/2019 00:27:00.000000,0.156121,5.08175,0.0508,0.002542,1.705
07/09/2019 00:28:00.000000,0.155595,4.5705,0.052225,0.001674,1.258537
07/09/2019 00:29:00.000000,0.142317,3.9645,0.0525,1.372093,1.367442
07/09/2019 00:30:00.000000,0.139408,3.39525,0.051925,1.054545,1.054545
07/09/2019 00:31:00.000000,0.142065,3.1805,0.052625,0.001487,1.082927
07/09/2019 00:32:00.000000,0.141236,3.11675,0.053025,0.001629,1.272093
07/09/2019 00:33:00.000000,0.140795,3.20475,0.05185,0.003766,2.495122
07/09/2019 00:34:00.000000,0.157722,3.42875,0.049775,0.002218,1.585714
07/09/2019 00:35:00.000000,0.183609,3.78025,0.04715,0.001997,1.57
07/09/2019 00:36:00.000000,0.19729,4.099,0.04885,9.215385,2.023077
07/09/2019 00:37:00.000000,0.179683,4.24075,0.051375,0.004888,1.668182
07/09/2019 00:38:00.000000,0.187127,4.359,0.052025,2.157143,2.016667
07/09/2019 00:39:00.000000,0.184879,4.578,0.05145,0.001854,1.423077
07/09/2019 00:40:00.000000,0.184654,5.05725,0.04955,1.734211,1.734211
07/09/2019 00:41:00.000000,0.206371,5.36425,0.048625,2.704762,1.888095
07/09/2019 00:42:00.000000,0.204884,5.22625,0.049925,1.784615,1.646154
07/09/2019 00:43:00.000000,0.180869,5.0215,0.05005,0.003825,1.77
07/09/2019 00:44:00.000000,0.16195,5.45625,0.04885,1.966667,1.713333
07/09/2019 00:45:00.000000,0.163972,5.711333,0.04745,0.004823,1.956098
07/09/2019 00:46:00.000000,0.179002,6.06775,0.0475,0.002301,1.663158
07/09/2019 00:47:00.000000,0.187048,6.58375,0.0467,0.002026,1.6
07/09/2019 00:48:00.000000,0.209123,6.81225,0.046875,0.002142,1.6
07/09/2019 00:49:00.000000,0.204931,6.4565,0.049775,0.00644,2.114286
07/09/2019 00:50:00.000000,0.171737,6.5335,0.04925,2.474419,2.027907
07/09/2019 00:51:00.000000,0.168196,6.65,0.0484,5.15,2.255
07/09/2019 00:52:00.000000,0.196055,6.26575,0.0491,4.776471,1.970588
07/09/2019 00:53:00.000000,0.227231,6.0615,0.049525,1.41,1.32
07/09/2019 00:54:00.000000,0.212632,5.857,0.04845,5.141463,2.75122
07/09/2019 00:55:00.000000,0.180096,5.59075,0.047325,0.003269,2.314286
07/09/2019 00:56:00.000000,0.19623,5.227,0.04985,0.009608,3.384615
07/09/2019 00:57:00.000000,0.174255,5.19175,0.0513,0.005009,2.309302
07/09/2019 00:58:00.000000,0.153792,5.17425,0.050375,1.971429,1.757143
07/09/2019 00:59:00.000000,0.194635,5.2035,0.0491,0.002146,1.7
07/09/2019 01:00:00.000000,0.217636,5.13125,0.050375,0.004567,2.805
07/09/2019 01:01:00.000000,0.182331,5.282,0.0497,0.004436,2.49
07/09/2019 01:02:00.000000,0.193542,5.19675,0.04975,0.001982,1.55
07/09/2019 01:03:00.000000,0.17793,6.32475,0.04825,2.275,1.925
07/09/2019 01:04:00.000000,0.204253,13.90775,0.045425,1.89,1.745
07/09/2019 01:05:00.000000,0.265859,18.81325,0.043675,0.004802,1.957143
07/09/2019 01:06:00.000000,0.268321,5.7835,0.04735,0.003303,2.416667
07/09/2019 01:07:00.000000,0.21642,4.724,0.050075,0.001992,1.635135
07/09/2019 01:08:00.000000,0.194168,4.59575,0.05,2.082857,1.985714
07/09/2019 01:09:00.000000,0.189618,4.32875,0.049725,0.002356,1.740541
07/09/2019 01:10:00.000000,0.176792,8.83625,0.048475,0.005718,3.476923
07/09/2019 01:11:00.000000,0.245198,10.65425,0.047875,12.126316,2.452632
07/09/2019 01:12:00.000000,0.247027,9.7605,0.045725,0.004294,2.365
07/09/2019 01:13:00.000000,0.364823,13.43425,0.04155,0.002566,2.064865
07/09/2019 01:14:00.000000,0.448681,16.14675,0.038,1.713043,1.713043
07/09/2019 01:15:00.000000,0.341267,15.68325,0.0414,0.002828,2.216279
07/09/2019 01:16:00.000000,0.272891,14.6085,0.046525,0.016368,2.802326
07/09/2019 01:17:00.000000,0.212581,13.64375,0.0467,0.004231,2.302439
07/09/2019 01:18:00.000000,0.194284,12.74675,0.045875,20.078378,2.283784
07/09/2019 01:19:00.000000,0.18981,11.79625,0.04615,0.009174,1.924242
07/09/2019 01:20:00.000000,0.190295,11.00425,0.04465,5.570732,2.812195
07/09/2019 01:21:00.000000,0.199261,10.3845,0.0447,0.044885,2.832432
07/09/2019 01:22:00.000000,0.198814,9.43925,0.044425,12.483333,2.961111
07/09/2019 01:23:00.000000,0.213817,9.68675,0.042,0.005787,3.097059
07/09/2019 01:24:00.000000,0.243684,16.15725,0.03845,0.006732,3.187179
07/09/2019 01:25:00.000000,0.373824,20.40325,0.03565,6.938462,4.130769
07/09/2019 01:26:00.000000,0.559036,15.6,0.038475,9.931707,4.214634
07/09/2019 01:27:00.000000,0.435589,15.72725,0.041525,0.005358,3.685714
07/09/2019 01:28:00.000000,0.350977,14.8675,0.04355,0.005117,3.085714
07/09/2019 01:29:00.000000,0.253043,14.44,0.044175,15.057576,3.387879
07/09/2019 01:30:00.000000,0.189437,14.0345,0.043225,4.530233,3.055814
07/09/2019 01:31:00.000000,0.191486,13.672,0.042325,0.010937,2.569767
07/09/2019 01:32:00.000000,0.234619,13.3185,0.042275,0.005536,2.692308
07/09/2019 01:33:00.000000,0.309691,13.17625,0.041425,0.005033,2.989655
07/09/2019 01:34:00.000000,0.297503,12.37075,0.043975,2.7375,2.5625
07/09/2019 01:35:00.000000,0.221363,10.034,0.032375,5.461538,3.092308
07/09/2019 01:36:00.000000,0.293545,24.47825,0.029,6.790244,4.565854
07/09/2019 01:37:00.000000,0.350397,22.12875,0.033125,3.1375,2.93
07/09/2019 01:38:00.000000,0.280372,15.51475,0.038625,0.020112,3.604651
07/09/2019 01:39:00.000000,0.276207,13.512,0.040925,8.2,3.8
07/09/2019 01:40:00.000000,0.296711,12.547,0.043325,0.00367,2.767442
07/09/2019 01:41:00.000000,0.25675,12.10575,0.045325,0.005117,3.195
07/09/2019 01:42:00.000000,0.222805,11.969,0.0435,0.004593,2.97
07/09/2019 01:43:00.000000,0.25666,11.731,0.043325,7.753488,3.15814
07/09/2019 01:44:00.000000,0.34215,11.49825,0.04365,3.646341,3.029268
07/09/2019 01:45:00.000000,0.375003,11.45025,0.04295,0.002737,2.238462
07/09/2019 01:46:00.000000,0.467937,14.394,0.043175,8.983721,3.304651
07/09/2019 01:47:00.000000,0.34674,15.4465,0.04035,0.030126,6.815
07/09/2019 01:48:00.000000,0.321208,10.4475,0.0436,0.0151,4.142857
07/09/2019 01:49:00.000000,0.268067,9.30125,0.0472,3.995349,3.069767
07/09/2019 01:50:00.000000,0.259291,12.22625,0.04505,20.85,3.833333
07/09/2019 01:51:00.000000,0.618934,13.54525,0.0402,0.010979,4.0
07/09/2019 01:52:00.000000,1.014173,11.1815,0.040675,7.385714,3.75
07/09/2019 01:53:00.000000,0.462318,8.7065,0.0463,0.00712,3.011628
07/09/2019 01:54:00.000000,0.276269,8.2045,0.0482,0.003114,2.302439
07/09/2019 01:55:00.000000,0.26377,8.62075,0.046075,0.0039,2.631818
07/09/2019 01:56:00.000000,0.233318,9.06075,0.0453,0.013713,2.361538
07/09/2019 01:57:00.000000,0.278649,8.84725,0.04945,0.008598,2.553846
07/09/2019 01:58:00.000000,0.284859,8.62475,0.0511,0.003901,2.775
07/09/2019 01:59:00.000000,0.217244,8.57775,0.049375,18.517073,3.141463
07/09/2019 02:00:00.000000,0.191569,8.5565,0.0492,0.004932,2.422727
07/09/2019 02:01:00.000000,0.181396,10.88225,0.048,7.415,4.61
07/09/2019 02:02:00.000000,0.263878,11.01,0.04515,7.177273,2.913636
07/09/2019 02:03:00.000000,0.263299,8.33325,0.046575,0.014672,2.585366
07/09/2019 02:04:00.000000,0.232418,7.411,0.0478,0.006681,2.685
07/09/2019 02:05:00.000000,0.23053,5.2495,0.05045,19.263636,2.290909
07/09/2019 02:06:00.000000,0.188098,5.40025,0.05068,0.004539,1.94186
07/09/2019 02:07:00.000000,0.184866,5.604,0.050267,0.005376,2.737209
07/09/2019 02:08:00.000000,0.195522,5.83,0.05035,0.005533,3.236842
07/09/2019 02:09:00.000000,0.203284,,,,
07/09/2019 02:10:00.000000,0.222652,6.62525,0.04675,0.003054,2.054545
07/09/2019 02:11:00.000000,0.205615,6.71675,0.0485,6.216279,2.753488
07/09/2019 02:12:00.000000,0.178285,6.8345,0.048325,0.006351,3.323077
07/09/2019 02:13:00.000000,0.192419,7.097,0.0474,2.766667,2.62
07/09/2019 02:14:00.000000,0.186469,7.1155,0.04655,0.012441,2.338095
07/09/2019 02:15:00.000000,0.194969,7.107,0.046275,0.005104,1.912903
07/09/2019 02:16:00.000000,0.19544,7.1915,0.044675,10.214286,2.316667
07/09/2019 02:17:00.000000,0.188472,7.012,0.043975,19.113636,3.493182
07/09/2019 02:18:00.000000,0.175598,6.96425,0.044175,0.034593,3.956098
07/09/2019 02:19:00.000000,0.19126,7.0285,0.043625,0.012247,4.426829
07/09/2019 02:20:00.000000,0.19811,7.06025,0.04292,0.019091,3.955556
07/09/2019 02:21:00.000000,0.19413,7.0685,0.04325,15.318182,4.575758
07/09/2019 02:22:00.000000,0.216067,7.10575,0.042833,12.325,4.09
07/09/2019 02:23:00.000000,0.224843,9.18175,0.0415,31.7,3.576923
07/09/2019 02:24:00.000000,0.222041,7.11025,0.041025,0.012732,3.5
07/09/2019 02:25:00.000000,0.204362,6.38375,0.04215,11.083721,2.997674
07/09/2019 02:26:00.000000,0.1991,6.1765,0.042775,0.026619,3.495
07/09/2019 02:27:00.000000,0.188464,6.2572,0.044,0.01822,4.172727
07/09/2019 02:28:00.000000,0.177705,6.378667,0.04315,12.54375,4.784375
07/09/2019 02:29:00.000000,0.203798,,,,
07/09/2019 02:30:00.000000,0.234049,6.55325,0.0427,19.971429,5.457143
07/09/2019 02:31:00.000000,0.313604,6.72325,0.0422,10.114286,3.666667
07/09/2019 02:32:00.000000,0.252314,6.8155,0.04215,0.013333,4.708108
07/09/2019 02:33:00.000000,0.212341,7.08525,0.041325,33.271429,3.583333
07/09/2019 02:34:00.000000,0.235721,7.2205,0.041525,0.026136,5.994737
07/09/2019 02:35:00.000000,0.237516,7.4865,0.039925,0.019859,4.647368
07/09/2019 02:36:00.000000,0.258688,7.8705,0.037875,14.282927,6.092683
07/09/2019 02:37:00.000000,0.225553,8.14225,0.03805,10.715385,4.453846
07/09/2019 02:38:00.000000,0.220508,8.85475,0.0374,0.00425,2.939024
07/09/2019 02:39:00.000000,0.294905,12.18,0.036975,15.684211,4.047368
07/09/2019 02:40:00.000000,0.414771,9.2505,0.038425,47.479487,3.2
07/09/2019 02:41:00.000000,0.322996,8.46775,0.03995,0.014738,4.0
07/09/2019 02:42:00.000000,0.219588,7.91975,0.0398,0.040923,8.263415
07/09/2019 02:43:00.000000,0.217607,7.8625,0.038675,0.029558,6.418919
07/09/2019 02:44:00.000000,0.247424,7.88925,0.038425,0.009777,2.929167
07/09/2019 02:45:00.000000,0.245937,7.85925,0.0391,0.035578,2.7175
07/09/2019 02:46:00.000000,0.290849,8.87325,0.037875,16.802439,3.778049
07/09/2019 02:47:00.000000,0.235525,6.95525,0.039325,14.159091,4.777273
07/09/2019 02:48:00.000000,0.171445,8.45175,0.039025,12.904545,3.863636
07/09/2019 02:49:00.000000,0.198456,,,,
07/09/2019 02:50:00.000000,0.222916,11.054,0.0357,0.045732,5.315385
07/09/2019 02:51:00.000000,0.214182,10.644,0.038375,0.020896,4.414286
07/09/2019 02:52:00.000000,0.234333,10.26875,0.0383,0.020015,4.623077
07/09/2019 02:53:00.000000,0.239738,9.882,0.038475,22.431579,4.363158
07/09/2019 02:54:00.000000,0.197933,9.472,0.039625,0.020005,4.465
07/09/2019 02:55:00.000000,0.179308,8.91625,0.039767,20.263158,4.584211
07/09/2019 02:56:00.000000,0.184297,8.3222,0.04046,23.495349,4.683721
07/09/2019 02:57:00.000000,0.175689,7.659333,0.0412,20.0225,5.26
07/09/2019 02:58:00.000000,0.162237,7.584333,0.0399,20.553846,3.453846
07/09/2019 02:59:00.000000,0.173626,7.6545,0.038475,6.01,3.27
07/09/2019 03:00:00.000000,0.172551,7.257,0.04145,0.018685,4.523684
07/09/2019 03:01:00.000000,0.149452,6.89375,0.04235,0.025238,5.225
07/09/2019 03:02:00.000000,0.152033,6.47175,0.0425,25.25,3.43
07/09/2019 03:03:00.000000,0.163553,6.26575,0.04245,17.44878,5.234146
07/09/2019 03:04:00.000000,0.168443,6.3065,0.042175,0.034014,6.371429
07/09/2019 03:05:00.000000,0.151892,6.34375,0.0426,19.336364,5.204545
07/09/2019 03:06:00.000000,0.140218,5.948,0.0434,0.040268,3.890244
07/09/2019 03:07:00.000000,0.140007,5.4805,0.04305,0.013047,3.435714
07/09/2019 03:08:00.000000,0.153608,5.3715,0.043325,6.857143,3.983333
07/09/2019 03:09:00.000000,0.152649,5.3985,0.0424,0.020811,4.621739
07/09/2019 03:10:00.000000,0.150692,5.4865,0.04135,0.022274,4.615385
07/09/2019 03:11:00.000000,0.161693,5.5705,0.041,0.016396,4.84878
07/09/2019 03:12:00.000000,0.171539,5.5335,0.04085,11.307317,4.65122
07/09/2019 03:13:00.000000,0.174979,5.5815,0.040375,0.018059,3.742857
07/09/2019 03:14:00.000000,0.166438,5.82225,0.040275,0.027888,4.446154
07/09/2019 03:15:00.000000,0.162429,9.74875,0.03955,23.71,5.62
07/09/2019 03:16:00.000000,0.173072,7.79325,0.039525,0.045503,6.316279
07/09/2019 03:17:00.000000,0.160543,7.167,0.03985,17.674359,5.130769
07/09/2019 03:18:00.000000,0.157342,8.129,0.038775,0.040815,4.566667
07/09/2019 03:19:00.000000,0.16279,8.37625,0.0375,0.023221,4.248837
07/09/2019 03:20:00.000000,0.180323,8.26725,0.0392,0.012462,3.945652
07/09/2019 03:21:00.000000,0.167767,7.99025,0.041,12.4525,4.3125
07/09/2019 03:22:00.000000,0.155624,7.71375,0.041275,0.039917,5.771429
07/09/2019 03:23:00.000000,0.150963,7.5155,0.041075,8.231579,3.810526
07/09/2019 03:24:00.000000,0.189311,7.311,0.04085,0.011735,5.27
07/09/2019 03:25:00.000000,0.240858,7.076,0.041,0.026645,4.589474
07/09/2019 03:26:00.000000,0.189942,6.60375,0.042325,0.023243,4.737778
07/09/2019 03:27:00.000000,0.158277,5.97125,0.042725,0.015633,4.133333
07/09/2019 03:28:00.000000,0.144231,5.7425,0.042075,32.356757,5.675676
07/09/2019 03:29:00.000000,0.151702,5.62675,0.041825,0.015468,4.638889
07/09/2019 03:30:00.000000,0.153554,5.57,0.041925,0.018623,6.314286
07/09/2019 03:31:00.000000,0.149636,5.497,0.041225,20.381818,6.179545
07/09/2019 03:32:00.000000,0.185947,7.88325,0.040175,32.344186,4.844186
07/09/2019 03:33:00.000000,0.200345,6.00175,0.0414,32.245,5.025
07/09/2019 03:34:00.000000,0.177645,6.4155,0.041725,0.038236,4.5225
07/09/2019 03:35:00.000000,0.190241,6.77925,0.041075,0.028914,4.4
07/09/2019 03:36:00.000000,0.201143,6.976,0.03985,0.053188,4.147727
07/09/2019 03:37:00.000000,0.197963,6.91125,0.040275,37.476744,6.109302
07/09/2019 03:38:00.000000,0.201511,6.74925,0.04215,17.592308,4.058974
07/09/2019 03:39:00.000000,0.184854,6.50775,0.0425,7.2,3.445
07/09/2019 03:40:00.000000,0.164031,7.6235,0.039175,13.684615,4.330769
07/09/2019 03:41:00.000000,0.185787,9.26975,0.038575,0.013364,3.82
07/09/2019 03:42:00.000000,0.181719,5.37675,0.042275,9.578947,3.278947
07/09/2019 03:43:00.000000,0.166618,4.89475,0.0438,17.813333,3.103333
07/09/2019 03:44:00.000000,0.168183,4.50075,0.0435,0.021567,4.447368
07/09/2019 03:45:00.000000,0.164084,4.55075,0.04325,12.604878,4.368293
07/09/2019 03:46:00.000000,0.159413,4.517,0.043875,0.021191,3.911111
07/09/2019 03:47:00.000000,0.149255,4.5165,0.04385,0.021325,3.397674
07/09/2019 03:48:00.000000,0.149834,4.5795,0.0435,0.02679,5.007317
07/09/2019 03:49:00.000000,0.158619,4.7575,0.04285,14.61,5.3
07/09/2019 03:50:00.000000,0.159869,5.15875,0.040825,13.03,4.79
07/09/2019 03:51:00.000000,0.163448,5.563,0.040175,0.03208,6.937209
07/09/2019 03:52:00.000000,0.19808,5.93225,0.0398,13.97381,5.157143
07/09/2019 03:53:00.000000,0.230182,6.35175,0.039175,0.02383,5.828571
07/09/2019 03:54:00.000000,0.20617,6.9065,0.03805,0.016231,6.410256
07/09/2019 03:55:00.000000,0.196543,7.26,0.03875,0.043371,4.45122
07/09/2019 03:56:00.000000,0.207445,7.67875,0.039075,20.493023,4.1
07/09/2019 03:57:00.000000,0.210229,7.8825,0.038825,5.542857,3.6
07/09/2019 03:58:00.000000,0.1984,7.82575,0.04065,18.071429,4.271429
07/09/2019 03:59:00.000000,0.183412,7.6775,0.0411,21.185714,4.314286
07/09/2019 04:00:00.000000,0.190925,7.502,0.041575,0.027718,4.553846
07/09/2019 04:01:00.000000,0.131883,7.233,0.040675,25.202564,5.023077
07/09/2019 04:02:00.000000,0.08207,7.039,0.03995,0.039391,5.605263
07/09/2019 04:03:00.000000,0.016119,6.9425,0.039525,0.025913,4.760976
07/09/2019 04:04:00.000000,0.004793,6.73325,0.0403,0.005568,3.252632
07/09/2019 04:05:00.000000,0.009187,10.09125,0.039025,0.012797,4.118605
07/09/2019 04:06:00.000000,0.011402,13.4015,0.036925,0.035617,4.726829
07/09/2019 04:07:00.000000,0.007127,7.721,0.038425,16.656098,5.568293
07/09/2019 04:08:00.000000,0.007304,7.91925,0.038275,0.02017,7.23
07/09/2019 04:09:00.000000,0.005266,8.807,0.03775,16.19,6.735
07/09/2019 04:10:00.000000,0.006103,9.888,0.036775,43.487097,7.76129
07/09/2019 04:11:00.000000,0.006048,9.82825,0.03675,26.787097,6.63871
07/09/2019 04:12:00.000000,0.083158,9.66725,0.0378,0.017452,6.165217
07/09/2019 04:13:00.000000,0.16818,9.463,0.0379,4.520455,3.854545
07/09/2019 04:14:00.000000,0.186335,9.1585,0.038575,26.365625,5.340625
07/09/2019 04:15:00.000000,0.178579,8.76025,0.039475,0.02648,6.273529
07/09/2019 04:16:00.000000,0.174442,8.26875,0.04105,0.017911,3.880645
07/09/2019 04:17:00.000000,0.169041,7.9325,0.04055,0.021197,3.714286
07/09/2019 04:18:00.000000,0.170553,7.4525,0.039625,0.022059,4.55
07/09/2019 04:19:00.000000,0.171649,7.125,0.0396,0.019814,6.077778
07/09/2019 04:20:00.000000,0.181608,7.0005,0.038275,33.43,4.86
07/09/2019 04:21:00.000000,0.224879,6.89425,0.037875,12.915789,4.784211
07/09/2019 04:22:00.000000,0.230282,6.80275,0.039675,0.012708,5.06087
07/09/2019 04:23:00.000000,0.189874,6.81675,0.04,0.017837,5.353846
07/09/2019 04:24:00.000000,0.173244,6.9485,0.03965,0.00828,4.973171
07/09/2019 04:25:00.000000,0.179282,7.115,0.03875,0.0138,4.557143
07/09/2019 04:26:00.000000,0.183146,7.2845,0.038325,0.019134,6.214286
07/09/2019 04:27:00.000000,0.192725,7.41575,0.03895,0.054808,5.042857
07/09/2019 04:28:00.000000,0.192309,7.424,0.03935,18.092308,3.7
07/09/2019 04:29:00.000000,0.19492,7.3925,0.040625,22.086364,6.35
07/09/2019 04:30:00.000000,0.223307,7.3565,0.0411,0.018887,6.371429
07/09/2019 04:31:00.000000,0.327982,7.1975,0.0418,13.102439,4.507317
07/09/2019 04:32:00.000000,0.222755,7.08775,0.04125,11.971429,6.0
07/09/2019 04:33:00.000000,0.177961,7.1165,0.040475,22.160976,4.678049
07/09/2019 04:34:00.000000,0.175683,6.946,0.041325,17.709756,4.15122
07/09/2019 04:35:00.000000,0.152093,6.8075,0.04095,0.012595,4.618182
07/09/2019 04:36:00.000000,0.150017,7.01425,0.0386,16.714286,4.442857
07/09/2019 04:37:00.000000,0.159596,7.45675,0.03765,21.85122,4.75122
07/09/2019 04:38:00.000000,0.188584,7.9845,0.0381,19.255,4.46
07/09/2019 04:39:00.000000,0.193935,8.44825,0.03855,0.016766,4.568421
07/09/2019 04:40:00.000000,0.180825,9.03325,0.037125,21.274419,4.169767
07/09/2019 04:41:00.000000,0.194462,9.16475,0.03695,0.030874,3.417073
07/09/2019 04:42:00.000000,0.191337,9.33075,0.038625,0.031029,4.709756
07/09/2019 04:43:00.000000,0.188495,9.5875,0.03845,0.04178,6.1
07/09/2019 04:44:00.000000,0.194335,9.50625,0.037525,17.648837,6.3
07/09/2019 04:45:00.000000,0.181548,9.18275,0.03685,0.040503,6.897561
07/09/2019 04:46:00.000000,0.175051,8.805,0.036825,0.021668,7.338462
07/09/2019 04:47:00.000000,0.190033,7.7645,0.0362,0.033027,5.685714
07/09/2019 04:48:00.000000,0.210349,6.3875,0.035825,0.023669,4.631707
07/09/2019 04:49:00.000000,0.197652,5.21875,0.0361,0.017166,6.434091
07/09/2019 04:50:00.000000,0.194308,4.13975,0.0359,17.341463,4.239024
07/09/2019 04:51:00.000000,0.19986,3.025,0.03555,0.015201,3.545
07/09/2019 04:52:00.000000,0.205847,1.90925,0.035075,7.0,3.833333
07/09/2019 04:53:00.000000,0.203646,0.8765,0.036175,0.023265,4.072727
07/09/2019 04:54:00.000000,0.199493,-9999.0,0.036925,0.019367,5.390698
07/09/2019 04:55:00.000000,0.198634,-9999.0,0.0359,0.03789,5.428571
07/09/2019 04:56:00.000000,0.283313,-9999.0,0.034875,0.014502,4.195349
07/09/2019 04:57:00.000000,0.297205,4.00275,0.036425,20.95,5.275
07/09/2019 04:58:00.000000,0.219527,11.59125,0.037375,0.019347,4.0975
07/09/2019 04:59:00.000000,0.198512,15.6685,0.037575,17.55,4.99
07/09/2019 05:00:00.000000,0.197508,15.95175,0.0376,17.071111,6.382222
07/09/2019 05:01:00.000000,0.19155,12.20825,0.036925,21.356818,7.440909
07/09/2019 05:02:00.000000,0.195691,11.97775,0.03715,0.016991,5.135
07/09/2019 05:03:00.000000,0.195666,11.3745,0.03705,0.029394,4.447727
07/09/2019 05:04:00.000000,0.204821,10.651,0.035575,27.381395,6.034884
07/09/2019 05:05:00.000000,0.215615,9.861,0.034925,14.716667,5.8
07/09/2019 05:06:00.000000,0.218172,8.77525,0.036725,20.188372,5.183721
07/09/2019 05:07:00.000000,0.200843,7.68325,0.037475,0.017711,5.017778
07/09/2019 05:08:00.000000,0.188878,6.36,0.037,17.132558,5.167442
07/09/2019 05:09:00.000000,0.188763,5.557,0.03705,16.78,6.475
07/09/2019 05:10:00.000000,0.188106,4.885,0.0362,24.828571,7.9
07/09/2019 05:11:00.000000,0.193886,4.462,0.03535,17.542857,7.585714
07/09/2019 05:12:00.000000,0.203332,3.74025,0.03395,26.429268,6.256098
07/09/2019 05:13:00.000000,0.20738,3.48275,0.03355,0.009688,4.646154
07/09/2019 05:14:00.000000,0.207814,3.35575,0.034175,16.5,7.375
07/09/2019 05:15:00.000000,0.212263,3.38725,0.033325,0.022329,4.620455
07/09/2019 05:16:00.000000,0.2315,3.27775,0.033625,0.021434,5.7
07/09/2019 05:17:00.000000,0.24207,139.361,0.03535,11.627273,5.654545
07/09/2019 05:18:00.000000,0.228619,331.8215,0.0364,10.72439,4.57561
07/09/2019 05:19:00.000000,0.207888,343.248,0.0362,0.025311,6.465116
07/09/2019 05:20:00.000000,0.205841,344.0735,0.03595,22.497778,5.702222
07/09/2019 05:21:00.000000,0.203019,343.4145,0.036375,20.565854,5.158537
07/09/2019 05:22:00.000000,0.197655,343.388,0.036625,0.028438,6.807317
07/09/2019 05:23:00.000000,0.200691,343.43625,0.035675,19.113953,4.739535
07/09/2019 05:24:00.000000,0.209251,343.3985,0.032725,0.029261,4.113953
07/09/2019 05:25:00.000000,0.224822,343.3115,0.0333,14.440909,4.963636
07/09/2019 05:26:00.000000,0.253931,258.57125,0.034725,0.017957,6.039024
07/09/2019 05:27:00.000000,0.298448,1.868,0.034175,23.8,7.22
07/09/2019 05:28:00.000000,0.325293,0.26025,0.03235,18.612195,6.290244
07/09/2019 05:29:00.000000,0.331406,0.09075,0.027225,0.023522,3.957143
07/09/2019 05:30:00.000000,0.337042,-9999.0,0.0218,22.6125,4.45
07/09/2019 05:31:00.000000,0.349687,-9999.0,0.017225,0.01912,7.536364
07/09/2019 05:32:00.000000,0.35234,-9999.0,0.01575,0.028222,6.463415
07/09/2019 05:33:00.000000,0.327552,-9999.0,0.016575,7.807317,5.204878
07/09/2019 05:34:00.000000,0.322429,-9999.0,0.01705,15.987805,6.02439
07/09/2019 05:35:00.000000,0.33842,-9999.0,0.0166,0.029291,5.773171
07/09/2019 05:36:00.000000,0.349505,4.31525,0.01565,16.360976,8.260976
07/09/2019 05:37:00.000000,0.349694,22.65175,0.0159,18.75,6.352381
07/09/2019 05:38:00.000000,0.338353,23.185333,0.016775,0.018749,6.538462
07/09/2019 05:39:00.000000,0.330716,23.37775,0.016275,20.225,6.36
07/09/2019 05:40:00.000000,0.333162,22.64075,0.01605,0.022627,8.357143
07/09/2019 05:41:00.000000,0.32529,22.343,0.016875,11.809524,5.357143
07/09/2019 05:42:00.000000,0.315311,22.03525,0.0176,14.6,6.085714
07/09/2019 05:43:00.000000,0.301417,21.73525,0.017925,6.615,5.195
07/09/2019 05:44:00.000000,0.297091,21.44575,0.017275,7.202273,6.177273
07/09/2019 05:45:00.000000,0.311343,21.12525,0.016025,0.019536,7.923077
07/09/2019 05:46:00.000000,0.364351,20.9575,0.015075,0.022382,8.806667
07/09/2019 05:47:00.000000,1.354831,20.59075,0.015275,0.088428,6.983333
07/09/2019 05:48:00.000000,3.254794,20.24875,0.01715,0.034533,5.831707
07/09/2019 05:49:00.000000,3.821514,20.246,0.016625,0.033526,7.879487
07/09/2019 05:50:00.000000,3.879125,20.1765,0.016075,26.753333,7.68
07/09/2019 05:51:00.000000,3.887464,19.8405,0.01795,16.078947,7.010526
07/09/2019 05:52:00.000000,3.891229,19.09725,0.020675,0.013918,5.115
07/09/2019 05:53:00.000000,3.893056,18.3285,0.02315,13.45,5.65
07/09/2019 05:54:00.000000,3.891835,17.354,0.023825,0.02458,7.061364
07/09/2019 05:55:00.000000,3.888265,16.48075,0.025,24.92,7.81
07/09/2019 05:56:00.000000,3.698712,15.66225,0.025775,0.021735,5.071429
07/09/2019 05:57:00.000000,1.876977,14.58175,0.02715,0.027012,7.585366
07/09/2019 05:58:00.000000,0.203888,13.557,0.02745,12.92439,5.629268
07/09/2019 05:59:00.000000,0.018804,12.927,0.026425,29.673333,6.14
07/09/2019 06:00:00.000000,0.016213,12.58775,0.02625,23.02439,5.873171
07/09/2019 06:01:00.000000,0.016224,12.46775,0.02522,0.026343,4.933333
07/09/2019 06:02:00.000000,0.01469,12.3775,0.0254,14.114286,4.8
07/09/2019 06:03:00.000000,0.013237,12.35725,0.026575,8.628205,4.461538
07/09/2019 06:04:00.000000,0.009277,12.44625,0.025775,34.772727,5.004545
07/09/2019 06:05:00.000000,0.009643,12.60325,0.02555,0.028261,5.915789
07/09/2019 06:06:00.000000,0.000584,12.79825,0.025775,9.871429,5.842857
07/09/2019 06:07:00.000000,0.035329,12.9775,0.025675,23.580488,6.629268
07/09/2019 06:08:00.000000,0.146215,13.0825,0.0259,16.046512,5.87907
07/09/2019 06:09:00.000000,0.187554,13.02775,0.0267,16.12093,8.023256
07/09/2019 06:10:00.000000,0.171941,12.9725,0.027275,0.025491,6.32
07/09/2019 06:11:00.000000,0.166558,12.896,0.027833,0.024507,6.383333
07/09/2019 06:12:00.000000,0.162168,12.78,0.028,0.013541,6.9125
07/09/2019 06:13:00.000000,0.17311,12.7145,0.027375,14.994872,6.323077
07/09/2019 06:14:00.000000,0.177011,12.55975,0.02705,11.346341,5.943902
07/09/2019 06:15:00.000000,0.175887,12.339,0.0275,0.01429,5.471429
07/09/2019 06:16:00.000000,0.174282,12.5105,0.02825,0.022076,7.660465
07/09/2019 06:17:00.000000,0.176099,14.37475,0.02775,0.025368,5.72
07/09/2019 06:18:00.000000,0.177511,12.7835,0.02655,17.129268,6.409756
07/09/2019 06:19:00.000000,0.174396,11.60075,0.028425,0.027759,5.481395
07/09/2019 06:20:00.000000,0.181132,11.95425,0.029225,0.020424,4.365
07/09/2019 06:21:00.000000,0.196631,13.693,0.028375,16.595,4.455
07/09/2019 06:22:00.000000,0.2783,14.932,0.026925,10.904878,4.841463
07/09/2019 06:23:00.000000,0.311103,12.8885,0.027375,13.963415,5.497561
07/09/2019 06:24:00.000000,0.264088,13.025,0.02785,0.013336,4.417778
07/09/2019 06:25:00.000000,0.283002,13.193,0.028075,18.740909,4.284091
07/09/2019 06:26:00.000000,0.313315,12.96825,0.028825,0.038868,7.445
07/09/2019 06:27:00.000000,0.290099,14.47725,0.026475,36.782927,6.804878
07/09/2019 06:28:00.000000,0.26946,21.87675,0.02135,0.066586,7.940541
07/09/2019 06:29:00.000000,0.243644,17.0065,0.019825,23.160465,7.697674
07/09/2019 06:30:00.000000,0.221958,12.42625,0.023375,14.775556,5.657778
07/09/2019 06:31:00.000000,0.205727,11.33225,0.027375,18.715789,5.131579
07/09/2019 06:32:00.000000,0.193573,11.5905,0.027625,15.222857,4.905714
07/09/2019 06:33:00.000000,0.189321,11.94175,0.026725,6.1,4.557143
07/09/2019 06:34:00.000000,0.1903,12.076,0.027125,0.015593,6.444444
07/09/2019 06:35:00.000000,0.189317,12.0995,0.0287,10.6,6.157143
07/09/2019 06:36:00.000000,0.188809,12.1415,0.028775,15.757143,7.128571
07/09/2019 06:37:00.000000,0.192629,12.22975,0.028625,0.017172,4.9
07/09/2019 06:38:00.000000,0.196536,12.32075,0.028375,0.023973,6.276923
07/09/2019 06:39:00.000000,0.200724,12.431,0.027875,12.18,6.855
07/09/2019 06:40:00.000000,0.204317,12.368,0.027625,0.020291,5.978378
07/09/2019 06:41:00.000000,0.212096,12.3165,0.026675,0.016639,5.558333
07/09/2019 06:42:00.000000,0.214105,12.4975,0.02635,0.006545,4.731707
07/09/2019 06:43:00.000000,0.215459,10.90625,0.02475,11.284615,4.853846
07/09/2019 06:44:00.000000,0.230798,14.125,0.0235,11.462162,7.078378
07/09/2019 06:45:00.000000,0.228671,13.0335,0.0251,0.027564,5.12
07/09/2019 06:46:00.000000,0.214937,12.5855,0.082675,0.022035,5.8
07/09/2019 06:47:00.000000,0.207734,12.1985,0.2456,0.038571,4.9
07/09/2019 06:48:00.000000,0.206957,12.25675,0.2481,19.262791,5.202326
07/09/2019 06:49:00.000000,0.210047,12.262,0.247725,13.664865,6.137838
07/09/2019 06:50:00.000000,0.214315,12.32525,0.246425,12.912195,5.104878
07/09/2019 06:51:00.000000,0.225112,12.46375,0.245325,22.18,8.794286
07/09/2019 06:52:00.000000,0.239595,12.72475,0.24438,18.174286,6.2
07/09/2019 06:53:00.000000,0.249128,12.96875,0.243833,0.016854,5.160976
07/09/2019 06:54:00.000000,0.242296,13.183,0.243575,0.040479,5.675862
07/09/2019 06:55:00.000000,0.218293,13.26575,0.2439,17.131707,5.358537
07/09/2019 06:56:00.000000,0.212113,13.29925,0.219125,0.021675,6.4
07/09/2019 06:57:00.000000,0.210768,13.34825,0.006025,0.037683,8.627586
07/09/2019 06:58:00.000000,0.204942,13.2955,0.00015,24.907692,5.907692
07/09/2019 06:59:00.000000,0.198726,13.14825,-9999.0,0.021668,7.176923
07/09/2019 07:00:00.000000,0.201663,12.87925,-9999.0,0.016965,5.97
07/09/2019 07:01:00.000000,0.200466,12.828333,-9999.0,0.013328,5.36
07/09/2019 07:02:00.000000,0.233172,12.899,-9999.0,14.746154,6.907692
07/09/2019 07:03:00.000000,0.290058,13.10275,-9999.0,13.97,7.71
07/09/2019 07:04:00.000000,0.320421,13.35475,-9999.0,6.22,5.335
07/09/2019 07:05:00.000000,0.312062,13.80525,-9999.0,12.075758,5.190909
07/09/2019 07:06:00.000000,0.344783,14.365,-9999.0,0.018195,6.372973
07/09/2019 07:07:00.000000,0.372326,15.015,-9999.0,5.7,4.457143
07/09/2019 07:08:00.000000,0.330012,15.57675,-9999.0,0.016873,6.302381
07/09/2019 07:09:00.000000,0.300836,16.00625,-9999.0,,
07/09/2019 07:10:00.000000,0.280603,16.199,-9999.0,10.185366,5.287805
07/09/2019 07:11:00.000000,0.255951,16.35725,-9999.0,0.019614,6.209091
07/09/2019 07:12:00.000000,0.244837,16.5465,-9999.0,14.280488,7.726829
07/09/2019 07:13:00.000000,0.254062,16.460833,-9999.0,10.412821,6.053846
07/09/2019 07:14:00.000000,0.251687,16.138,-9999.0,12.931579,4.773684
07/09/2019 07:15:00.000000,0.232784,15.85975,-9999.0,0.012636,6.485714
07/09/2019 07:16:00.000000,0.218273,15.53925,-9999.0,0.012375,6.383333
07/09/2019 07:17:00.000000,0.219101,15.24725,0.006525,0.012834,5.295349
07/09/2019 07:18:00.000000,0.217655,14.8095,0.01625,11.968182,5.1
07/09/2019 07:19:00.000000,0.217288,14.2555,0.01925,0.009564,5.510256
07/09/2019 07:20:00.000000,0.31111,13.65175,0.020025,14.75,5.515
07/09/2019 07:21:00.000000,0.343081,13.1525,0.0201,0.006448,4.4
07/09/2019 07:22:00.000000,0.237176,12.70225,0.020425,0.011904,5.682353
07/09/2019 07:23:00.000000,0.20103,12.221,0.021725,16.885714,6.085714
07/09/2019 07:24:00.000000,0.190782,11.61475,0.022475,7.8,5.253846
07/09/2019 07:25:00.000000,0.192689,11.208,0.0221,10.774419,5.788372
07/09/2019 07:26:00.000000,0.194389,10.9735,0.02195,0.016349,5.066667
07/09/2019 07:27:00.000000,0.198715,10.83725,0.022725,13.939024,5.25122
07/09/2019 07:28:00.000000,0.195725,10.639,0.023225,15.209091,4.522727
07/09/2019 07:29:00.000000,0.182411,10.485,0.02345,0.011015,4.826829
07/09/2019 07:30:00.000000,0.185829,10.544,0.02175,19.888372,6.104651
07/09/2019 07:31:00.000000,0.185726,10.7235,0.0209,10.315385,4.987179
07/09/2019 07:32:00.000000,0.191938,10.83375,0.0218,0.029959,5.9
07/09/2019 07:33:00.000000,0.188915,10.83975,0.02195,11.535,5.235
07/09/2019 07:34:00.000000,0.190891,10.8825,0.021625,0.0089,4.502439
07/09/2019 07:35:00.000000,0.191047,11.041,0.021,12.914286,5.0
07/09/2019 07:36:00.000000,0.19472,11.2475,0.020625,9.9375,4.42
07/09/2019 07:37:00.000000,0.20117,11.33775,0.02125,0.011413,3.958537
07/09/2019 07:38:00.000000,0.2038,11.3725,0.020675,11.02093,5.406977
07/09/2019 07:39:00.000000,0.204375,11.375,0.020275,0.016421,4.290244
07/09/2019 07:40:00.000000,0.198874,11.39625,0.020475,0.024848,5.523077
07/09/2019 07:41:00.000000,0.203634,11.51425,0.019925,0.013582,5.29
07/09/2019 07:42:00.000000,0.211874,11.5295,0.020125,0.013501,5.2
07/09/2019 07:43:00.000000,0.208134,11.4285,0.020375,0.011011,5.692308
07/09/2019 07:44:00.000000,0.210735,11.3325,0.020675,0.016725,4.979487
07/09/2019 07:45:00.000000,0.210712,11.1735,0.020725,0.008286,4.197674
07/09/2019 07:46:00.000000,0.194334,10.867,0.021375,9.8,4.528571
07/09/2019 07:47:00.000000,0.188682,10.559,0.021675,5.392308,4.430769
07/09/2019 07:48:00.000000,0.200355,10.312,0.022175,14.105,6.61
07/09/2019 07:49:00.000000,0.217915,,,,
07/09/2019 07:50:00.000000,0.227824,9.789,0.02305,0.02243,3.4
07/09/2019 07:51:00.000000,0.232655,9.546,0.024,0.012205,4.404651
07/09/2019 07:52:00.000000,0.206019,8.00775,0.0235,0.022164,5.114286
07/09/2019 07:53:00.000000,0.183244,10.975,0.0202,6.015789,3.852632
07/09/2019 07:54:00.000000,0.178258,10.765,0.022275,12.789744,4.174359
07/09/2019 07:55:00.000000,0.172203,8.4435,0.02485,5.409756,3.873171
07/09/2019 07:56:00.000000,0.166999,8.862,0.0248,0.008919,4.7075
07/09/2019 07:57:00.000000,0.168412,10.48175,0.0233,0.019297,3.953488
07/09/2019 07:58:00.000000,0.165969,10.67025,0.0239,0.008307,4.218605
07/09/2019 07:59:00.000000,0.160446,10.36425,0.025125,4.534146,4.214634
07/09/2019 08:00:00.000000,0.169412,10.12375,0.0246,7.471429,5.742857
07/09/2019 08:01:00.000000,0.165327,9.82575,0.024725,0.019338,5.581081
07/09/2019 08:02:00.000000,0.154466,9.52525,0.02495,8.785714,4.814286
07/09/2019 08:03:00.000000,0.147754,9.2455,0.024475,15.623077,4.7
07/09/2019 08:04:00.000000,0.152477,8.993,0.02435,12.869231,4.530769
07/09/2019 08:05:00.000000,0.153238,8.781,0.024525,0.010517,4.668889
07/09/2019 08:06:00.000000,0.152857,8.76,0.0234,0.008744,4.213889
07/09/2019 08:07:00.000000,0.164429,8.85,0.0231,18.86,5.24
07/09/2019 08:08:00.000000,0.161998,8.8675,0.023175,0.011047,4.55
07/09/2019 08:09:00.000000,0.1558,8.97225,0.0223,0.02185,4.752381
07/09/2019 08:10:00.000000,0.158756,9.077,0.02225,0.008173,4.141176
07/09/2019 08:11:00.000000,0.160179,9.158,0.0226,0.01335,5.927027
07/09/2019 08:12:00.000000,0.16066,9.19775,0.0229,0.012189,4.77
07/09/2019 08:13:00.000000,0.159549,9.197,0.023033,0.011414,4.414286
07/09/2019 08:14:00.000000,0.163432,9.17075,0.02285,0.01494,6.355
07/09/2019 08:15:00.000000,0.166845,9.206,0.022725,0.019934,4.548837
07/09/2019 08:16:00.000000,0.16976,9.12275,0.023525,9.066667,4.030769
07/09/2019 08:17:00.000000,0.166556,9.1145,0.023475,0.00854,4.782609
07/09/2019 08:18:00.000000,0.164499,9.1005,0.0229,0.015144,5.228889
07/09/2019 08:19:00.000000,0.165231,9.23625,0.02215,8.536364,4.122727
07/09/2019 08:20:00.000000,0.167702,9.28825,0.021875,0.009547,4.153846
07/09/2019 08:21:00.000000,0.171476,9.262,0.02266,21.16875,3.521875
07/09/2019 08:22:00.000000,0.170013,9.189,0.023433,0.020376,3.5
07/09/2019 08:23:00.000000,0.17071,9.11525,0.023775,0.01429,4.614286
07/09/2019 08:24:00.000000,0.175703,9.09525,0.02325,9.930952,4.285714
07/09/2019 08:25:00.000000,0.182541,8.959,0.023225,0.008814,5.135
07/09/2019 08:26:00.000000,0.173842,8.7805,0.02395,0.014697,4.289474
07/09/2019 08:27:00.000000,0.157714,8.379,0.02535,10.04,4.1
07/09/2019 08:28:00.000000,0.148299,8.01825,0.026475,6.695,3.845
07/09/2019 08:29:00.000000,0.141836,7.70825,0.0265,0.008183,4.053846
07/09/2019 08:30:00.000000,0.143452,7.4245,0.026,13.966667,3.516667
07/09/2019 08:31:00.000000,0.140546,7.1545,0.0255,0.009547,4.39
07/09/2019 08:32:00.000000,0.142155,6.90725,0.025575,3.814286,3.485714
07/09/2019 08:33:00.000000,0.145447,6.708,0.025725,0.012213,5.014286
07/09/2019 08:34:00.000000,0.144143,6.57575,0.0258,9.063415,5.385366
07/09/2019 08:35:00.000000,0.148332,6.57025,0.025775,0.012746,6.335
07/09/2019 08:36:00.000000,0.152494,6.66875,0.02525,0.013488,6.155814
07/09/2019 08:37:00.000000,0.15745,6.786,0.02405,8.453659,5.502439
07/09/2019 08:38:00.000000,0.162395,6.889,0.0238,0.028765,4.894737
07/09/2019 08:39:00.000000,0.167959,7.008,0.024025,6.328947,3.584211
07/09/2019 08:40:00.000000,0.165678,7.15,0.02355,0.020034,4.5
07/09/2019 08:41:00.000000,0.161041,7.25325,0.0233,8.643902,4.436585
07/09/2019 08:42:00.000000,0.151074,7.2925,0.023225,7.92,4.14
07/09/2019 08:43:00.000000,0.147253,7.3735,0.023425,0.008304,3.592308
07/09/2019 08:44:00.000000,0.150986,7.468,0.02335,6.786047,4.274419
07/09/2019 08:45:00.000000,0.151877,7.5595,0.023275,4.218605,3.797674
07/09/2019 08:46:00.000000,0.148476,7.48975,0.0239,5.67,4.03
07/09/2019 08:47:00.000000,0.140559,7.3585,0.0249,0.013803,5.128571
07/09/2019 08:48:00.000000,0.134835,7.16825,0.02635,8.287805,5.3
07/09/2019 08:49:00.000000,0.133351,7.0085,0.0272,6.12619,4.330952
07/09/2019 08:50:00.000000,0.126647,6.8785,0.026775,4.832353,4.005882
07/09/2019 08:51:00.000000,0.12262,6.649,0.026775,0.008862,4.291429
07/09/2019 08:52:00.000000,0.126523,6.37,0.0268,8.002857,3.522857
07/09/2019 08:53:00.000000,0.124699,6.178,0.026275,0.005086,2.91875
07/09/2019 08:54:00.000000,0.125489,6.124,0.0269,12.738636,4.195455
07/09/2019 08:55:00.000000,0.128071,6.09275,0.02705,11.702326,4.486047
07/09/2019 08:56:00.000000,0.125322,6.10625,0.026725,0.00607,3.833333
07/09/2019 08:57:00.000000,0.130605,6.12225,0.026675,5.948837,3.872093
07/09/2019 08:58:00.000000,0.128632,6.13475,0.027025,0.009897,4.839024
07/09/2019 08:59:00.000000,0.133397,6.154,0.027575,0.004081,3.223077
07/09/2019 09:00:00.000000,0.128744,6.17475,0.027275,8.513636,4.329545
07/09/2019 09:01:00.000000,0.130338,6.184,0.0268,0.008994,4.42069
07/09/2019 09:02:00.000000,0.128351,6.19125,0.02675,0.005207,3.333333
07/09/2019 09:03:00.000000,0.132774,6.17725,0.027633,0.009826,4.409756
07/09/2019 09:04:00.000000,0.132921,6.19325,0.0276,0.009808,3.675
07/09/2019 09:05:00.000000,0.130952,6.27575,0.0268,0.004879,3.243902
07/09/2019 09:06:00.000000,0.13738,6.35,0.026075,3.027907,3.032558
07/09/2019 09:07:00.000000,0.137692,6.42425,0.026575,6.073171,3.939024
07/09/2019 09:08:00.000000,0.135002,6.4385,0.026575,6.516667,3.452381
07/09/2019 09:09:00.000000,0.133936,6.3615,0.0267,3.945238,3.471429
07/09/2019 09:10:00.000000,0.134183,6.30775,0.0273,10.933333,5.119048
07/09/2019 09:11:00.000000,0.132367,6.29275,0.0276,11.876923,5.5
07/09/2019 09:12:00.000000,0.137036,6.22725,0.027225,0.00605,3.8
07/09/2019 09:13:00.000000,0.132766,6.07225,0.02695,0.007837,4.962791
07/09/2019 09:14:00.000000,0.134225,5.93525,0.02645,6.735714,4.0
07/09/2019 09:15:00.000000,0.136986,7.97675,0.026875,4.585714,3.285714
07/09/2019 09:16:00.000000,0.142331,6.4395,0.027575,15.3,3.453846
07/09/2019 09:17:00.000000,0.144093,5.70175,0.0275,8.763415,3.926829
07/09/2019 09:18:00.000000,0.154514,5.95275,0.026475,0.007674,3.489362
07/09/2019 09:19:00.000000,0.188919,5.86125,0.02615,9.032432,3.316216
07/09/2019 09:20:00.000000,0.165234,5.95575,0.025725,10.856757,4.975676
07/09/2019 09:21:00.000000,0.16487,6.373,0.023725,0.010506,4.914815
07/09/2019 09:22:00.000000,0.159763,7.0825,0.021075,0.008608,4.815
07/09/2019 09:23:00.000000,0.154159,7.7,0.01995,7.765,4.29
07/09/2019 09:24:00.000000,0.148566,8.36825,0.019775,0.008507,4.456098
07/09/2019 09:25:00.000000,0.141413,9.04,0.019975,19.192308,4.330769
07/09/2019 09:26:00.000000,0.145246,9.49825,0.019375,7.630769,3.792308
07/09/2019 09:27:00.000000,0.157917,10.3885,0.0183,6.253659,3.436585
07/09/2019 09:28:00.000000,0.167706,11.02575,0.019325,3.183784,2.954054
07/09/2019 09:29:00.000000,0.152392,11.3166,0.0196,0.011014,5.546341
07/09/2019 09:30:00.000000,0.152988,11.458333,0.018875,0.008214,4.064516
07/09/2019 09:31:00.000000,0.155319,11.583,0.0184,0.017984,4.170732
07/09/2019 09:32:00.000000,0.154115,11.552,0.019525,0.009053,3.445946
07/09/2019 09:33:00.000000,0.152471,11.1015,0.0238,8.73,3.88
07/09/2019 09:34:00.000000,0.14469,10.7425,0.025775,5.972093,4.416279
07/09/2019 09:35:00.000000,0.138661,10.03125,0.024575,5.767442,3.662791
07/09/2019 09:36:00.000000,0.133866,9.503,0.024175,0.008171,3.236585
07/09/2019 09:37:00.000000,0.137155,8.9285,0.024925,0.004714,2.811429
07/09/2019 09:38:00.000000,0.140469,8.32525,0.02465,5.515385,3.053846
07/09/2019 09:39:00.000000,0.139549,7.78275,0.024375,0.009408,4.304651
07/09/2019 09:40:00.000000,0.138079,7.4635,0.023925,0.008161,4.242857
07/09/2019 09:41:00.000000,0.146415,7.4995,0.0235,8.904878,4.2
07/09/2019 09:42:00.000000,0.149437,7.62525,0.023775,0.013098,3.940909
07/09/2019 09:43:00.000000,0.152056,7.7215,0.023825,12.483333,5.066667
07/09/2019 09:44:00.000000,0.157814,7.782,0.02455,4.64,3.43
07/09/2019 09:45:00.000000,0.152548,7.815,0.025225,5.314286,3.442857
07/09/2019 09:46:00.000000,0.151381,7.81725,0.0247,3.342105,2.994737
07/09/2019 09:47:00.000000,0.161119,7.86675,0.024,10.14186,5.309302
07/09/2019 09:48:00.000000,0.169849,8.08725,0.022625,4.185714,3.45
07/09/2019 09:49:00.000000,0.184037,,,,
07/09/2019 09:50:00.000000,0.188343,7.5445,0.02115,0.010298,4.75814
07/09/2019 09:51:00.000000,0.188589,7.778,0.0204,9.116667,4.966667
07/09/2019 09:52:00.000000,0.203913,9.444,0.0207,11.714286,5.257143
07/09/2019 09:53:00.000000,0.192457,11.32175,0.019975,0.005568,4.0625
07/09/2019 09:54:00.000000,0.193872,10.8975,0.019875,8.406977,4.230233
07/09/2019 09:55:00.000000,0.205171,11.1465,0.01965,4.24,3.45
07/09/2019 09:56:00.000000,0.207724,14.4565,0.018925,7.890909,5.570455
07/09/2019 09:57:00.000000,0.210598,13.9145,0.017725,0.005103,4.019444
07/09/2019 09:58:00.000000,0.230189,13.18,0.0171,0.010296,3.871429
07/09/2019 09:59:00.000000,0.243359,11.089,0.018725,0.013263,4.737209
07/09/2019 10:00:00.000000,0.217671,11.08775,0.019575,0.025179,6.055
07/09/2019 10:01:00.000000,0.138262,11.258,0.0191,0.02524,5.705
07/09/2019 10:02:00.000000,0.077953,11.31175,0.019225,6.3,3.968421
07/09/2019 10:03:00.000000,0.01241,11.354,0.019275,19.819512,9.063415
07/09/2019 10:04:00.000000,0.009215,11.4575,0.0189,13.029268,5.987805
07/09/2019 10:05:00.000000,0.007806,11.4925,0.01925,0.009203,5.135
07/09/2019 10:06:00.000000,0.008357,11.57125,0.018575,0.014427,4.504255
07/09/2019 10:07:00.000000,0.007861,11.70125,0.0184,5.871429,4.657143
07/09/2019 10:08:00.000000,0.007872,12.01,0.0187,7.3375,5.4875
07/09/2019 10:09:00.000000,0.008433,,,,
07/09/2019 10:10:00.000000,0.007902,12.49575,0.018925,0.007067,3.497297
07/09/2019 10:11:00.000000,0.001783,12.644,0.01915,9.221053,5.168421
07/09/2019 10:12:00.000000,0.064591,12.80475,0.01885,0.02116,5.155814
07/09/2019 10:13:00.000000,0.145811,13.167,0.01705,8.92,3.995
07/09/2019 10:14:00.000000,0.168716,13.706,0.015825,9.25,4.922727
07/09/2019 10:15:00.000000,0.153464,14.22225,0.01565,6.597561,4.160976
07/09/2019 10:16:00.000000,0.162209,14.699,0.014325,3.776744,3.413953
07/09/2019 10:17:00.000000,0.177244,15.5255,0.012725,9.877273,5.027273
07/09/2019 10:18:00.000000,0.152055,16.7475,0.01085,0.010681,4.457895
07/09/2019 10:19:00.000000,0.143726,17.92525,0.009775,7.505263,3.878947
07/09/2019 10:20:00.000000,0.147622,19.164,0.009725,7.7375,5.5
07/09/2019 10:21:00.000000,0.15006,20.368,0.0087,0.012483,5.461538
07/09/2019 10:22:00.000000,0.157052,21.49975,0.00765,0.004627,3.547368
07/09/2019 10:23:00.000000,0.166818,22.31075,0.0093,16.12,3.6125
07/09/2019 10:24:00.000000,0.158808,22.3555,0.013275,5.082927,2.953659
07/09/2019 10:25:00.000000,0.150249,21.9665,0.014175,12.721951,6.385366
07/09/2019 10:26:00.000000,0.150172,21.38625,0.013175,6.812195,4.780488
07/09/2019 10:27:00.000000,0.151623,20.83925,0.01325,6.561538,4.230769
07/09/2019 10:28:00.000000,0.164352,20.37375,0.012875,0.004465,3.517647
07/09/2019 10:29:00.000000,0.157289,20.0905,0.009875,0.011876,4.273529
07/09/2019 10:30:00.000000,0.153598,19.871,0.007675,0.022253,7.128571
07/09/2019 10:31:00.000000,0.158073,20.19575,0.007525,5.438462,4.374359
07/09/2019 10:32:00.000000,0.162002,21.2095,0.006375,4.24,4.24
07/09/2019 10:33:00.000000,0.167283,22.43925,0.00505,3.794737,3.710526
07/09/2019 10:34:00.000000,0.164452,23.5725,0.004475,8.015385,4.615385
07/09/2019 10:35:00.000000,0.160377,24.96075,0.004075,12.025641,5.9
07/09/2019 10:36:00.000000,0.164209,26.22675,0.0036,0.015298,6.1
07/09/2019 10:37:00.000000,0.169255,27.24125,0.00305,0.010952,5.07561
07/09/2019 10:38:00.000000,0.163784,28.0955,0.0021,0.009221,5.674419
07/09/2019 10:39:00.000000,0.167915,28.78775,0.002175,10.769767,4.939535
07/09/2019 10:40:00.000000,0.172469,29.16875,0.002625,12.02,5.5
07/09/2019 10:41:00.000000,0.168697,29.44775,0.002775,0.023579,5.002439
07/09/2019 10:42:00.000000,0.163115,29.601,0.0033,0.01638,5.910526
07/09/2019 10:43:00.000000,0.168651,29.471,0.004425,16.436842,6.997368
07/09/2019 10:44:00.000000,0.171803,29.2525,0.005075,0.01463,6.25
07/09/2019 10:45:00.000000,0.169575,29.0315,0.005075,16.523077,5.935897
07/09/2019 10:46:00.000000,0.17286,28.702,0.0054,0.010677,5.413514
07/09/2019 10:47:00.000000,0.182519,28.31825,0.005225,4.926829,4.617073
07/09/2019 10:48:00.000000,0.194426,28.14175,0.00525,0.01458,6.22093
07/09/2019 10:49:00.000000,0.177254,27.73025,0.006425,25.512121,6.090909
07/09/2019 10:50:00.000000,0.167844,27.22125,0.00865,0.02005,5.153846
07/09/2019 10:51:00.000000,0.160125,26.54825,0.010575,0.027447,7.4
07/09/2019 10:52:00.000000,0.152702,21.1685,0.011033,0.030787,5.107895
07/09/2019 10:53:00.000000,0.166325,25.16225,0.0119,7.379487,4.615385
07/09/2019 10:54:00.000000,0.19064,22.205333,0.012475,10.510526,4.768421
07/09/2019 10:55:00.000000,0.179004,20.3755,0.01345,10.24,5.68
07/09/2019 10:56:00.000000,0.159725,20.6005,0.014625,0.024719,7.25
07/09/2019 10:57:00.000000,0.149294,20.42875,0.014967,0.005857,3.714634
07/09/2019 10:58:00.000000,0.144523,20.31125,0.0148,20.459091,6.295455
07/09/2019 10:59:00.000000,0.157625,20.27975,0.01495,0.024113,4.902632
07/09/2019 11:00:00.000000,0.203191,20.012,0.016725,10.85,5.025
07/09/2019 11:01:00.000000,0.185042,19.686,0.01825,4.353846,3.661538
07/09/2019 11:02:00.000000,0.161743,19.02625,0.01975,14.940476,4.428571
07/09/2019 11:03:00.000000,0.154189,18.3485,0.020325,0.023426,4.77
07/09/2019 11:04:00.000000,0.165181,17.94525,0.018675,0.024113,4.114286
07/09/2019 11:05:00.000000,0.171225,17.5215,0.0195,14.607317,4.085366
07/09/2019 11:06:00.000000,0.177058,16.93025,0.02065,24.114634,4.270732
07/09/2019 11:07:00.000000,0.241466,16.13575,0.0208,0.015146,4.723077
07/09/2019 11:08:00.000000,0.185583,15.29025,0.022775,21.322727,5.775
07/09/2019 11:09:00.000000,0.166172,14.6875,0.023375,30.083721,4.644186
07/09/2019 11:10:00.000000,0.211387,14.314,0.02325,0.017694,6.697436
07/09/2019 11:11:00.000000,0.225912,14.33075,0.02195,14.028571,6.783333
07/09/2019 11:12:00.000000,0.223408,14.09775,0.021425,0.005965,3.664103
07/09/2019 11:13:00.000000,0.163492,13.723,0.02265,0.01456,3.597561
07/09/2019 11:14:00.000000,0.17191,13.93825,0.020225,0.01735,5.2
07/09/2019 11:15:00.000000,0.212742,14.7245,0.01585,0.014438,6.755814
07/09/2019 11:16:00.000000,0.254749,16.04125,0.012175,0.02647,7.341463
07/09/2019 11:17:00.000000,0.282259,19.464,0.0122,11.557143,6.15
07/09/2019 11:18:00.000000,0.323588,21.63025,0.012175,0.015773,5.469767
07/09/2019 11:19:00.000000,0.348056,20.3195,0.01265,0.014196,6.432558
07/09/2019 11:20:00.000000,0.290673,22.5585,0.011675,0.016339,7.709756
07/09/2019 11:21:00.000000,0.284319,23.34,0.010175,5.619512,4.656098
07/09/2019 11:22:00.000000,0.304657,23.09975,0.01025,0.019655,4.526829
07/09/2019 11:23:00.000000,0.306021,22.88275,0.01085,0.016602,4.935135
07/09/2019 11:24:00.000000,0.270037,22.63275,0.010925,25.865116,6.634884
07/09/2019 11:25:00.000000,0.239694,22.393,0.010525,0.016177,5.795
07/09/2019 11:26:00.000000,0.214958,22.20925,0.0103,0.014944,5.083721
07/09/2019 11:27:00.000000,0.196559,22.05075,0.009825,10.65122,6.45122
07/09/2019 11:28:00.000000,0.218805,22.623,0.007875,0.016238,4.922222
07/09/2019 11:29:00.000000,0.250102,23.22925,0.007375,22.67,5.38
07/09/2019 11:30:00.000000,0.251213,23.5795,0.007825,0.024104,7.2
07/09/2019 11:31:00.000000,0.260843,22.69725,0.00895,0.012234,5.205
07/09/2019 11:32:00.000000,0.24168,22.55425,0.00975,13.55,6.452778
07/09/2019 11:33:00.000000,0.211118,22.5415,0.009433,11.471429,6.083333
07/09/2019 11:34:00.000000,0.215744,22.5395,0.009325,10.925,5.32
07/09/2019 11:35:00.000000,0.238555,22.51925,0.009625,0.014742,5.2
07/09/2019 11:36:00.000000,0.245286,22.24325,0.0109,5.8375,4.18
07/09/2019 11:37:00.000000,0.227558,21.648,0.013375,7.233333,5.75
07/09/2019 11:38:00.000000,0.20477,21.05925,0.014675,0.015348,4.3
07/09/2019 11:39:00.000000,0.200197,19.9605,0.013675,9.939024,4.170732
07/09/2019 11:40:00.000000,0.217738,18.212,0.01375,0.027653,4.721053
07/09/2019 11:41:00.000000,0.231322,15.63525,0.016625,11.925,4.63
07/09/2019 11:42:00.000000,0.209422,15.87625,0.017775,0.008372,3.8125
07/09/2019 11:43:00.000000,0.192203,15.24325,0.01865,0.005227,4.036842
07/09/2019 11:44:00.000000,0.186785,15.1975,0.02,4.014634,4.014634
07/09/2019 11:45:00.000000,0.183081,15.1885,0.01985,0.004631,3.829268
07/09/2019 11:46:00.000000,0.185268,14.93375,0.02055,0.004388,3.625
07/09/2019 11:47:00.000000,0.178033,16.1585,0.020275,13.466667,4.921429
07/09/2019 11:48:00.000000,0.229309,17.88275,0.019525,21.495238,5.7
07/09/2019 11:49:00.000000,0.521226,11.30875,0.0226,10.9375,4.185
07/09/2019 11:50:00.000000,0.45951,13.27075,0.024225,0.008959,4.913333
07/09/2019 11:51:00.000000,0.276351,14.06075,0.0217,8.437209,5.35814
07/09/2019 11:52:00.000000,0.232762,14.3535,0.0194,0.045529,4.566667
07/09/2019 11:53:00.000000,0.225732,22.4395,0.016725,17.3,5.913636
07/09/2019 11:54:00.000000,0.23033,24.1965,0.0154,0.022658,4.995349
07/09/2019 11:55:00.000000,0.249591,22.6035,0.0157,0.014741,5.82439
07/09/2019 11:56:00.000000,0.266716,24.42025,0.012225,0.013749,6.171429
07/09/2019 11:57:00.000000,0.26135,28.04425,0.00775,0.026424,7.485714
07/09/2019 11:58:00.000000,0.325487,23.3275,0.0092,11.2325,6.215
07/09/2019 11:59:00.000000,0.367743,24.9925,0.01225,8.539474,4.973684
07/09/2019 12:00:00.000000,0.399774,26.82575,0.00885,10.292683,5.397561
07/09/2019 12:01:00.000000,0.337333,26.95825,0.00765,10.870732,4.270732
07/09/2019 12:02:00.000000,0.349742,29.67,0.0076,0.032509,7.369767
07/09/2019 12:03:00.000000,0.379552,29.934,0.010725,16.264865,6.978378
07/09/2019 12:04:00.000000,0.332613,28.24525,0.012,0.022506,5.385714
07/09/2019 12:05:00.000000,0.308742,26.6305,0.009975,0.027427,7.726471
07/09/2019 12:06:00.000000,0.305355,28.456,0.009625,0.018368,5.0775
07/09/2019 12:07:00.000000,0.351483,26.1865,0.008425,0.021718,4.67619
07/09/2019 12:08:00.000000,0.3923,25.46325,0.008625,20.685714,4.271429
07/09/2019 12:09:00.000000,0.481827,26.0745,0.0084,23.975,5.135
07/09/2019 12:10:00.000000,0.520702,23.68375,0.008725,31.910526,7.742105
07/09/2019 12:11:00.000000,0.50174,26.781,0.009025,0.029888,5.65
07/09/2019 12:12:00.000000,0.446031,25.38275,0.009325,15.411905,4.6
07/09/2019 12:13:00.000000,0.392115,26.87675,0.0102,7.861538,5.769231
07/09/2019 12:14:00.000000,0.385413,30.531333,0.0098,28.32439,5.573171
07/09/2019 12:15:00.000000,0.422363,29.831,0.009025,13.45,5.5
07/09/2019 12:16:00.000000,0.444496,27.8695,0.0076,0.01466,4.725581
07/09/2019 12:17:00.000000,0.417307,29.00725,0.005975,5.726829,4.514634
07/09/2019 12:18:00.000000,0.353606,27.5325,0.006775,11.23,4.67
07/09/2019 12:19:00.000000,0.351464,27.34325,0.006525,0.026607,6.842857
07/09/2019 12:20:00.000000,0.385767,27.6105,0.00645,0.017981,5.676923
07/09/2019 12:21:00.000000,0.417795,26.35675,0.008125,29.128205,5.312821
07/09/2019 12:22:00.000000,0.3803,26.15925,0.0091,0.018831,4.871429
07/09/2019 12:23:00.000000,0.394487,25.96825,0.009175,0.015753,6.16
07/09/2019 12:24:00.000000,0.607404,25.7765,0.00855,19.119565,5.213043
07/09/2019 12:25:00.000000,0.664898,25.62875,0.00795,23.457143,5.342857
07/09/2019 12:26:00.000000,0.496502,25.18725,0.0095,12.771429,5.057143
07/09/2019 12:27:00.000000,0.392186,24.6965,0.011675,10.984211,5.978947
07/09/2019 12:28:00.000000,0.34045,23.93475,0.01285,0.02557,6.284091
07/09/2019 12:29:00.000000,0.318672,23.37175,0.01195,6.042857,4.242857
07/09/2019 12:30:00.000000,0.309179,23.04025,0.011075,0.013254,5.855
07/09/2019 12:31:00.000000,0.348872,22.6265,0.011125,8.7,5.605
07/09/2019 12:32:00.000000,0.370774,22.029,0.01275,0.015735,6.435
07/09/2019 12:33:00.000000,0.318027,21.43475,0.01345,10.597778,4.657778
07/09/2019 12:34:00.000000,0.296582,21.25625,0.012825,0.013696,4.721053
07/09/2019 12:35:00.000000,0.296151,21.09775,0.013175,0.00586,4.285714
07/09/2019 12:36:00.000000,0.311027,21.04175,0.0136,0.017692,6.006977
07/09/2019 12:37:00.000000,0.34722,20.8715,0.01315,0.023571,6.214286
07/09/2019 12:38:00.000000,0.392298,20.55,0.0135,10.309677,5.03871
07/09/2019 12:39:00.000000,0.414555,20.31,0.013025,0.026165,5.0
07/09/2019 12:40:00.000000,0.419252,20.31575,0.011875,0.02139,5.958333
07/09/2019 12:41:00.000000,0.467381,20.5295,0.011425,20.614815,4.796296
07/09/2019 12:42:00.000000,0.462338,20.49025,0.0118,14.840625,5.375
07/09/2019 12:43:00.000000,0.424398,20.5245,0.011675,18.722727,5.8
07/09/2019 12:44:00.000000,0.402163,20.77825,0.01105,16.771429,5.061905
07/09/2019 12:45:00.000000,0.385405,21.08325,0.011775,11.245,4.64
07/09/2019 12:46:00.000000,0.357186,21.28975,0.01205,0.016841,5.231579
07/09/2019 12:47:00.000000,0.347595,21.65425,0.010325,0.013089,5.4
07/09/2019 12:48:00.000000,0.37378,22.0445,0.009225,23.242105,8.478947
07/09/2019 12:49:00.000000,0.387824,22.28675,0.008875,,
07/09/2019 12:50:00.000000,0.403296,22.927,0.007625,0.020408,6.070732
07/09/2019 12:51:00.000000,0.415678,23.52575,0.00675,29.7,7.335556
07/09/2019 12:52:00.000000,0.448721,23.967,0.006825,0.048665,6.955814
07/09/2019 12:53:00.000000,0.567608,24.427,0.00695,0.028456,6.3125
07/09/2019 12:54:00.000000,0.565659,24.92825,0.006525,0.033154,8.804651
07/09/2019 12:55:00.000000,0.471497,25.27275,0.006775,0.030138,10.285366
07/09/2019 12:56:00.000000,0.4924,24.1675,0.006975,0.020372,7.95
07/09/2019 12:57:00.000000,0.548769,29.4905,0.00615,0.036731,6.275
07/09/2019 12:58:00.000000,0.560367,26.42275,0.006125,20.366667,7.730556
07/09/2019 12:59:00.000000,0.633069,26.0585,0.005775,0.039597,9.720588
07/09/2019 13:00:00.000000,0.742372,29.4885,0.00545,0.036193,7.323077
07/09/2019 13:01:00.000000,0.6836,25.998,0.006825,0.023717,5.795122
07/09/2019 13:02:00.000000,0.540204,24.5765,0.00725,0.035997,5.828947
07/09/2019 13:03:00.000000,0.468137,25.17025,0.0077,0.031883,6.212195
07/09/2019 13:04:00.000000,0.455623,25.372,0.00775,0.024416,8.808
07/09/2019 13:05:00.000000,0.468046,25.21425,0.008725,0.02598,6.638462
07/09/2019 13:06:00.000000,0.433712,25.164,0.009,57.98,7.18
07/09/2019 13:07:00.000000,0.476467,25.0835,0.0081,0.027666,7.019355
07/09/2019 13:08:00.000000,0.472414,24.93875,0.008275,5.024,4.332
07/09/2019 13:09:00.000000,0.457004,,,,
07/09/2019 13:10:00.000000,0.48567,24.49575,0.0082,0.037126,6.179412
07/09/2019 13:11:00.000000,0.454543,24.2,0.00915,19.697561,7.443902
07/09/2019 13:12:00.000000,0.412091,24.07425,0.009125,23.484211,9.078947
07/09/2019 13:13:00.000000,0.630534,24.03675,0.008425,0.045975,7.873171
07/09/2019 13:14:00.000000,0.881829,23.782,0.00835,23.590909,7.677273
07/09/2019 13:15:00.000000,0.600527,23.5025,0.009825,16.373684,9.797368
07/09/2019 13:16:00.000000,0.45061,23.27975,0.01015,16.434211,8.331579
07/09/2019 13:17:00.000000,0.413976,22.94875,0.0109,0.024542,6.9
07/09/2019 13:18:00.000000,0.425351,23.108,0.011025,31.56,6.466667
07/09/2019 13:19:00.000000,0.432609,23.0405,0.010625,28.102439,7.365854
07/09/2019 13:20:00.000000,0.420879,22.783,0.0103,23.72,7.445
07/09/2019 13:21:00.000000,0.442866,22.44075,0.01065,20.210256,6.525641
07/09/2019 13:22:00.000000,0.439391,22.16625,0.011725,20.515789,7.036842
07/09/2019 13:23:00.000000,0.405829,25.357,0.011575,23.723077,6.779487
07/09/2019 13:24:00.000000,0.403346,21.911,0.011475,34.578571,8.328571
07/09/2019 13:25:00.000000,0.40668,21.74025,0.011525,0.024271,7.45
07/09/2019 13:26:00.000000,0.415468,20.5295,0.011275,0.018403,6.1
07/09/2019 13:27:00.000000,0.418717,20.29775,0.011625,0.02025,7.646154
07/09/2019 13:28:00.000000,0.461346,20.141,0.012925,0.034426,9.42093
07/09/2019 13:29:00.000000,0.444947,,,,
07/09/2019 13:30:00.000000,0.406901,19.7385,0.013975,34.84,8.16
07/09/2019 13:31:00.000000,0.438879,19.58125,0.013375,19.133333,6.85
07/09/2019 13:32:00.000000,0.491359,19.47875,0.01305,31.812195,6.756098
07/09/2019 13:33:00.000000,0.442952,19.483,0.0132,0.043474,10.21
07/09/2019 13:34:00.000000,0.40223,19.39,0.012975,25.314634,9.670732
07/09/2019 13:35:00.000000,0.397563,19.3125,0.012625,23.605263,8.155263
07/09/2019 13:36:00.000000,0.407644,19.51875,0.012675,28.291667,9.044444
07/09/2019 13:37:00.000000,0.443307,19.84075,0.012225,0.032806,10.960976
07/09/2019 13:38:00.000000,0.589156,21.5615,0.0111,0.0623,8.513793
07/09/2019 13:39:00.000000,0.581418,23.357,0.009425,39.365789,7.115789
07/09/2019 13:40:00.000000,0.537482,25.225,0.008675,0.044784,8.439024
07/09/2019 13:41:00.000000,0.505905,21.28375,0.0107,0.030557,7.946154
07/09/2019 13:42:00.000000,0.418338,20.0205,0.013775,0.038034,8.75814
07/09/2019 13:43:00.000000,0.410231,19.65425,0.013875,49.427273,8.747727
07/09/2019 13:44:00.000000,0.406037,23.4815,0.01255,0.061247,7.024138
07/09/2019 13:45:00.000000,0.421977,21.8825,0.012375,53.492308,6.746154
07/09/2019 13:46:00.000000,0.450956,24.4435,0.01195,0.038598,9.595652
07/09/2019 13:47:00.000000,0.451328,21.9615,0.0119,43.4125,9.7225
07/09/2019 13:48:00.000000,0.440614,21.725,0.01325,0.046596,8.666667
07/09/2019 13:49:00.000000,0.482892,21.49825,0.014475,0.048733,7.736585
07/09/2019 13:50:00.000000,0.442543,21.27775,0.0145,33.157143,7.428571
07/09/2019 13:51:00.000000,0.424029,21.04525,0.01385,0.037885,8.717073
07/09/2019 13:52:00.000000,0.425001,21.374,0.014275,46.245238,12.5
07/09/2019 13:53:00.000000,0.423028,24.456,0.013775,28.357895,8.636842
07/09/2019 13:54:00.000000,0.43757,19.393,0.0147,42.195,7.8
07/09/2019 13:55:00.000000,0.401285,20.21075,0.01525,0.044621,6.375676
07/09/2019 13:56:00.000000,0.406792,21.181,0.015225,45.534091,8.777273
07/09/2019 13:57:00.000000,0.441444,21.28875,0.015375,0.041602,8.077273
07/09/2019 13:58:00.000000,0.572376,24.55075,0.01545,0.037329,6.965
07/09/2019 13:59:00.000000,0.592986,21.71925,0.014925,0.045735,9.125
07/09/2019 14:00:00.000000,0.470813,20.3825,0.014775,0.056977,14.371429
07/09/2019 14:01:00.000000,0.469936,19.55225,0.015175,65.195238,12.621429
07/09/2019 14:02:00.000000,0.448823,19.90975,0.01435,0.041896,6.376923
07/09/2019 14:03:00.000000,0.424899,20.05975,0.014325,0.039772,8.146512
07/09/2019 14:04:00.000000,0.414188,20.20875,0.01385,28.939024,10.321951
07/09/2019 14:05:00.000000,0.420818,23.937,0.0123,25.623077,9.246154
07/09/2019 14:06:00.000000,0.57157,23.82325,0.0119,0.035412,9.0
07/09/2019 14:07:00.000000,0.554376,22.82675,0.013075,33.05814,10.548837
07/09/2019 14:08:00.000000,0.453009,23.33525,0.01245,45.871429,7.716667
07/09/2019 14:09:00.000000,0.441101,24.14775,0.011975,0.046432,9.48
07/09/2019 14:10:00.000000,0.423131,21.05825,0.012925,0.059567,11.123529
07/09/2019 14:11:00.000000,0.433411,20.9935,0.0138,0.072391,10.133333
07/09/2019 14:12:00.000000,0.506073,21.75275,0.0138,39.255814,7.22093
07/09/2019 14:13:00.000000,0.793766,26.27675,0.01225,46.528571,8.071429
07/09/2019 14:14:00.000000,0.713275,24.491,0.012825,38.285714,7.7
07/09/2019 14:15:00.000000,0.488069,24.1875,0.0138,0.031893,9.546154
07/09/2019 14:16:00.000000,0.495149,22.098,0.014875,43.133333,9.983333
07/09/2019 14:17:00.000000,0.580288,21.50275,0.01535,0.041905,7.7725
07/09/2019 14:18:00.000000,0.5111,20.646,0.0166,0.042571,8.235
07/09/2019 14:19:00.000000,0.539673,20.5145,0.016075,0.035711,6.765116
07/09/2019 14:20:00.000000,0.559654,25.61225,0.014375,0.0613,6.833333
07/09/2019 14:21:00.000000,0.508306,26.66025,0.013475,0.03356,6.293333
07/09/2019 14:22:00.000000,0.43576,20.07075,0.01665,40.192683,6.2
07/09/2019 14:23:00.000000,0.378633,21.4925,0.0183,37.035,5.095
07/09/2019 14:24:00.000000,0.412672,19.762,0.01905,20.495238,6.528571
07/09/2019 14:25:00.000000,0.486161,28.80425,0.018975,22.444186,5.681395
07/09/2019 14:26:00.000000,0.492129,28.419,0.018275,0.021396,5.756098
07/09/2019 14:27:00.000000,0.443962,19.155,0.02,0.0237,4.8
07/09/2019 14:28:00.000000,0.399924,17.44575,0.01965,29.423077,7.389744
07/09/2019 14:29:00.000000,0.462071,24.31025,0.01585,0.038594,7.747727
07/09/2019 14:30:00.000000,0.467638,22.89975,0.01435,43.693023,5.72093
07/09/2019 14:31:00.000000,0.456748,23.546,0.014675,0.060321,4.546341
07/09/2019 14:32:00.000000,0.562556,30.72825,0.0156,44.785366,8.297561
07/09/2019 14:33:00.000000,0.648213,22.26425,0.0158,48.058974,8.489744
07/09/2019 14:34:00.000000,0.488106,19.0585,0.017475,0.038483,6.907317
07/09/2019 14:35:00.000000,0.445459,25.10675,0.016225,33.65,6.09
07/09/2019 14:36:00.000000,0.542087,24.08925,0.015275,28.257143,4.590476
07/09/2019 14:37:00.000000,0.544166,19.5485,0.0163,45.412195,7.046341
07/09/2019 14:38:00.000000,0.466398,20.09025,0.017075,0.060055,6.731707
07/09/2019 14:39:00.000000,0.456245,20.2565,0.017125,0.034752,9.912821
07/09/2019 14:40:00.000000,0.522111,19.35325,0.016325,0.049052,6.457143
07/09/2019 14:41:00.000000,0.558592,20.1985,0.015525,0.025198,4.784615
07/09/2019 14:42:00.000000,0.482404,20.99275,0.01695,0.046007,10.765789
07/09/2019 14:43:00.000000,0.440102,21.16775,0.016925,28.895238,6.814286
07/09/2019 14:44:00.000000,0.432727,20.118,0.0163,19.062857,5.291429
07/09/2019 14:45:00.000000,0.435344,19.37575,0.018525,0.036479,7.136842
07/09/2019 14:46:00.000000,0.388506,19.285,0.018725,0.047433,5.544444
07/09/2019 14:47:00.000000,0.424463,24.15125,0.015125,22.07381,7.014286
07/09/2019 14:48:00.000000,0.615236,21.58775,0.01635,0.022139,6.45
07/09/2019 14:49:00.000000,0.496917,30.06575,0.017625,,
07/09/2019 14:50:00.000000,0.532005,66.08475,0.011325,25.083784,6.627027
07/09/2019 14:51:00.000000,0.767448,26.44225,0.0119,24.2,6.4
07/09/2019 14:52:00.000000,0.581599,20.1855,0.0164,0.050713,5.684211
07/09/2019 14:53:00.000000,0.384329,18.265,0.01865,0.021756,5.427027
07/09/2019 14:54:00.000000,0.365256,18.334,0.0202,0.035894,4.233333
07/09/2019 14:55:00.000000,0.370296,18.32925,0.020625,19.747059,6.641176
07/09/2019 14:56:00.000000,0.350704,18.60475,0.019,0.036525,4.2625
07/09/2019 14:57:00.000000,0.365082,18.868,0.018775,0.055935,5.222222
07/09/2019 14:58:00.000000,0.425763,18.892,0.019975,0.067536,6.792683
07/09/2019 14:59:00.000000,0.566083,18.95,0.020775,0.035349,4.84
07/09/2019 15:00:00.000000,0.551032,18.789,0.021925,14.2,4.942857
07/09/2019 15:01:00.000000,0.409143,18.62525,0.0221,5.342857,4.142857
07/09/2019 15:02:00.000000,0.353478,18.56875,0.0217,0.024187,4.635897
07/09/2019 15:03:00.000000,0.341286,18.51625,0.021475,21.214286,5.862857
07/09/2019 15:04:00.000000,0.342181,18.16375,0.022275,0.020177,5.330233
07/09/2019 15:05:00.000000,0.360295,17.4895,0.02585,0.035964,3.618182
07/09/2019 15:06:00.000000,0.297987,17.17675,0.026225,0.071674,6.035
07/09/2019 15:07:00.000000,0.46278,17.0035,0.02435,0.032123,5.7925
07/09/2019 15:08:00.000000,0.509266,16.88425,0.0244,26.176316,6.763158
07/09/2019 15:09:00.000000,0.317603,16.9135,0.0233,0.031109,3.457447
07/09/2019 15:10:00.000000,0.280494,17.302,0.020125,0.042528,5.202564
07/09/2019 15:11:00.000000,0.332829,17.523,0.0204,17.157143,5.257143
07/09/2019 15:12:00.000000,0.386312,17.3905,0.0232,0.010679,3.75122
07/09/2019 15:13:00.000000,0.342589,17.8785,0.0226,16.14,5.4625
07/09/2019 15:14:00.000000,0.32759,18.50025,0.020075,0.027932,5.18
07/09/2019 15:15:00.000000,0.342125,17.81275,0.01965,0.028296,4.575
07/09/2019 15:16:00.000000,0.357218,20.86675,0.021975,14.033333,3.333333
07/09/2019 15:17:00.000000,0.325695,16.78225,0.02405,0.029108,5.853488
07/09/2019 15:18:00.000000,0.28955,16.5295,0.0245,20.24,4.41
07/09/2019 15:19:00.000000,0.31241,17.12775,0.02405,19.957143,5.228571
07/09/2019 15:20:00.000000,0.336044,17.3405,0.0242,0.026804,4.204878
07/09/2019 15:21:00.000000,0.333714,17.252,0.02475,21.05,3.3875
07/09/2019 15:22:00.000000,0.283424,17.2795,0.02445,21.17561,5.007317
07/09/2019 15:23:00.000000,0.273557,17.0525,0.02465,0.029763,5.552632
07/09/2019 15:24:00.000000,0.293012,17.09525,0.024275,52.9,4.818421
07/09/2019 15:25:00.000000,0.315657,16.9845,0.024725,26.2875,4.875
07/09/2019 15:26:00.000000,0.311464,16.712,0.02615,13.516279,5.588372
07/09/2019 15:27:00.000000,0.367277,16.481,0.026025,0.033748,4.835135
07/09/2019 15:28:00.000000,0.361501,16.202,0.02625,21.378049,4.519512
07/09/2019 15:29:00.000000,0.332029,16.66425,0.0249,0.028915,7.630769
07/09/2019 15:30:00.000000,0.390339,17.0185,0.02405,17.038462,6.253846
07/09/2019 15:31:00.000000,0.38976,15.90975,0.025775,0.021217,4.925714
07/09/2019 15:32:00.000000,0.339697,14.20725,0.02665,26.242857,5.571429
07/09/2019 15:33:00.000000,0.300139,13.97325,0.02655,0.030283,7.919512
07/09/2019 15:34:00.000000,0.291446,14.3315,0.026225,26.97,4.97
07/09/2019 15:35:00.000000,0.285374,14.65675,0.026325,0.028015,6.266667
07/09/2019 15:36:00.000000,0.320374,15.11,0.02655,0.023063,5.653488
07/09/2019 15:37:00.000000,0.329404,15.438,0.026025,0.023533,3.734091
07/09/2019 15:38:00.000000,0.317073,15.84175,0.026525,0.029808,6.413953
07/09/2019 15:39:00.000000,0.286098,15.90425,0.028725,0.051778,4.153488
07/09/2019 15:40:00.000000,0.256839,15.929,0.030025,0.03358,4.183333
07/09/2019 15:41:00.000000,0.282128,15.94575,0.030575,0.036034,3.705
07/09/2019 15:42:00.000000,0.474741,15.88475,0.0301,26.1,5.32973
07/09/2019 15:43:00.000000,0.459141,15.602,0.031375,0.021679,4.822727
07/09/2019 15:44:00.000000,0.309745,15.196,0.03155,0.02117,3.839535
07/09/2019 15:45:00.000000,0.264029,17.883,0.0289,0.006237,2.67561
07/09/2019 15:46:00.000000,0.450005,23.09975,0.025225,24.95122,5.487805
07/09/2019 15:47:00.000000,0.451938,19.1755,0.027425,0.016609,4.457143
07/09/2019 15:48:00.000000,0.328517,12.6555,0.03185,0.011964,3.431707
07/09/2019 15:49:00.000000,0.288652,11.71525,0.03225,0.005261,3.045
07/09/2019 15:50:00.000000,0.331022,11.6615,0.033475,1.947727,1.963636
07/09/2019 15:51:00.000000,0.432722,11.44125,0.03645,9.0,2.05
07/09/2019 15:52:00.000000,0.270095,11.19025,0.036825,0.019851,4.794737
07/09/2019 15:53:00.000000,0.236841,11.20225,0.03475,0.012436,3.597297
07/09/2019 15:54:00.000000,0.30047,11.252,0.03365,0.029109,5.17907
07/09/2019 15:55:00.000000,0.264779,11.33,0.0336,39.846154,4.738462
07/09/2019 15:56:00.000000,0.281138,11.55325,0.032625,16.9,4.345
07/09/2019 15:57:00.000000,0.324361,11.64025,0.0323,11.346341,3.787805
07/09/2019 15:58:00.000000,0.289512,11.75875,0.033575,0.004709,2.34
07/09/2019 15:59:00.000000,0.29552,25.257,0.020125,8.051163,2.616279
07/09/2019 16:00:00.000000,0.371218,21.82275,0.028425,0.011985,3.228571
07/09/2019 16:01:00.000000,0.206223,11.76675,0.033125,0.014425,5.05
07/09/2019 16:02:00.000000,0.076739,9.78825,0.03575,0.003808,2.642857
07/09/2019 16:03:00.000000,0.007074,9.04025,0.03725,0.015422,3.3
07/09/2019 16:04:00.000000,-9999.0,9.19875,0.0365,0.013385,4.622727
07/09/2019 16:05:00.000000,-9999.0,9.364,0.03745,7.176923,3.023077
07/09/2019 16:06:00.000000,0.002992,9.10025,0.04045,2.735714,2.171429
07/09/2019 16:07:00.000000,-9999.0,8.78925,0.041925,8.613333,2.66
07/09/2019 16:08:00.000000,-9999.0,8.41075,0.042,6.988372,2.713953
07/09/2019 16:09:00.000000,0.000913,8.2165,0.04115,15.018605,3.130233
07/09/2019 16:10:00.000000,-9999.0,8.3005,0.03965,0.00733,2.605
07/09/2019 16:11:00.000000,0.002563,7.9305,0.0421,9.04186,5.167442
07/09/2019 16:12:00.000000,0.064069,7.20975,0.044625,0.012189,2.946341
07/09/2019 16:13:00.000000,0.158214,9.7835,0.042775,0.003227,1.973171
07/09/2019 16:14:00.000000,0.264179,7.2365,0.042725,0.006718,2.668293
07/09/2019 16:15:00.000000,0.231839,5.64975,0.04455,15.885,2.8
07/09/2019 16:16:00.000000,0.195661,7.091,0.043675,3.739024,1.946341
07/09/2019 16:17:00.000000,0.229809,8.41675,0.043925,2.225,2.225
07/09/2019 16:18:00.000000,0.19642,8.56375,0.044075,5.647619,2.042857
07/09/2019 16:19:00.000000,0.180546,8.54925,0.0432,2.369565,1.745652
07/09/2019 16:20:00.000000,0.198966,5.05975,0.04425,5.541463,3.15122
07/09/2019 16:21:00.000000,0.176022,5.512,0.0448,0.029828,2.536364
07/09/2019 16:22:00.000000,0.163003,6.0955,0.04425,0.00951,2.314634
07/09/2019 16:23:00.000000,0.176648,6.11975,0.043325,10.923256,3.472093
07/09/2019 16:24:00.000000,0.197802,6.26,0.04215,0.009393,4.280488
07/09/2019 16:25:00.000000,0.206074,7.12875,0.0429,0.002715,2.076744
07/09/2019 16:26:00.000000,0.189556,14.9645,0.037425,0.033114,3.414286
07/09/2019 16:27:00.000000,0.214875,12.9925,0.03555,18.180952,3.295238
07/09/2019 16:28:00.000000,0.223952,7.445,0.0408,0.011913,4.210526
07/09/2019 16:29:00.000000,0.23329,3.904,0.04525,0.004602,1.971429
07/09/2019 16:30:00.000000,0.196887,4.42175,0.0448,0.027168,2.465714
07/09/2019 16:31:00.000000,0.197813,4.8,0.044025,0.017867,2.757143
07/09/2019 16:32:00.000000,0.179571,4.914,0.046125,9.152632,2.463158
07/09/2019 16:33:00.000000,0.156986,5.052,0.04685,0.024419,2.91
07/09/2019 16:34:00.000000,0.149578,5.10775,0.047,16.022222,3.422222
07/09/2019 16:35:00.000000,0.14987,5.34375,0.046925,0.006528,2.360465
07/09/2019 16:36:00.000000,0.14638,5.386,0.047375,6.557895,3.363158
07/09/2019 16:37:00.000000,0.144517,5.541,0.0469,3.0,2.35
07/09/2019 16:38:00.000000,0.165042,5.242,0.046575,7.819512,4.917073
07/09/2019 16:39:00.000000,0.190469,5.16075,0.046625,3.068293,2.668293
07/09/2019 16:40:00.000000,0.191942,9.5,0.0446,11.604878,3.526829
07/09/2019 16:41:00.000000,0.167348,8.062,0.044475,9.111111,4.84
07/09/2019 16:42:00.000000,0.165563,9.29525,0.0434,11.32,5.582857
07/09/2019 16:43:00.000000,0.17683,14.30875,0.04125,0.010762,4.390909
07/09/2019 16:44:00.000000,0.194811,14.24025,0.041,7.812903,2.458065
07/09/2019 16:45:00.000000,0.250103,17.9295,0.0382,0.00339,2.148837
07/09/2019 16:46:00.000000,0.275678,7.2345,0.04345,9.025,3.12
07/09/2019 16:47:00.000000,0.199469,5.49225,0.046925,10.704762,2.871429
07/09/2019 16:48:00.000000,0.189803,6.23575,0.046525,6.638095,3.416667
07/09/2019 16:49:00.000000,0.242086,7.72825,0.0455,7.283333,3.333333
07/09/2019 16:50:00.000000,0.284851,6.7505,0.046125,6.9,1.928571
07/09/2019 16:51:00.000000,0.252094,6.102,0.047075,11.645238,2.642857
07/09/2019 16:52:00.000000,0.224744,7.0585,0.046025,0.009834,3.314286
07/09/2019 16:53:00.000000,0.240484,6.53925,0.0473,0.00942,4.088372
07/09/2019 16:54:00.000000,0.199958,6.451,0.047925,0.009664,2.492683
07/09/2019 16:55:00.000000,0.181376,6.3995,0.047975,0.024054,2.028571
07/09/2019 16:56:00.000000,0.182812,6.2025,0.04905,6.983333,3.083333
07/09/2019 16:57:00.000000,0.163946,6.0535,0.04935,0.008995,2.79
07/09/2019 16:58:00.000000,0.202123,6.1125,0.0483,0.003929,2.614634
07/09/2019 16:59:00.000000,0.40716,6.301,0.046225,0.00788,2.6
07/09/2019 17:00:00.000000,0.353985,6.42225,0.0467,0.007466,3.809091
07/09/2019 17:01:00.000000,0.252386,8.43075,0.046625,8.697561,2.121951
07/09/2019 17:02:00.000000,0.231572,5.056,0.044925,0.006499,2.138462
07/09/2019 17:03:00.000000,0.29127,6.2895,0.041425,5.068293,2.797561
07/09/2019 17:04:00.000000,0.407775,4.55975,0.045875,0.002304,1.690909
07/09/2019 17:05:00.000000,0.239697,4.06,0.049425,0.002379,1.84
07/09/2019 17:06:00.000000,0.159684,4.52375,0.0486,0.002304,1.814286
07/09/2019 17:07:00.000000,0.165277,4.54175,0.048425,7.665,3.3675
07/09/2019 17:08:00.000000,0.16848,4.66875,0.04875,28.053846,2.769231
07/09/2019 17:09:00.000000,0.194731,4.78225,0.049075,6.446154,2.107692
07/09/2019 17:10:00.000000,0.237751,4.914,0.0496,2.0,2.0
07/09/2019 17:11:00.000000,0.241179,4.7665,0.048875,1.74186,1.748837
07/09/2019 17:12:00.000000,0.227918,5.96925,0.0463,8.471429,1.871429
07/09/2019 17:13:00.000000,0.20197,4.8885,0.0483,0.005809,2.252381
07/09/2019 17:14:00.000000,0.173914,5.25375,0.049975,0.011416,2.213953
07/09/2019 17:15:00.000000,0.170197,7.195,0.04785,2.575,1.69
07/09/2019 17:16:00.000000,0.180631,7.16775,0.047325,1.945455,1.945455
07/09/2019 17:17:00.000000,0.184913,7.1565,0.0477,2.171429,2.171429
07/09/2019 17:18:00.000000,0.214971,7.3365,0.04805,0.005614,2.453846
07/09/2019 17:19:00.000000,0.255606,7.40275,0.048725,11.225581,5.167442
07/09/2019 17:20:00.000000,0.266248,7.26775,0.0372,6.814286,2.6
07/09/2019 17:21:00.000000,0.450007,7.135,0.046025,14.642857,6.083333
07/09/2019 17:22:00.000000,0.403482,7.026,0.041967,0.012823,3.814286
07/09/2019 17:23:00.000000,0.214796,6.95425,0.0423,0.023613,3.045
07/09/2019 17:24:00.000000,0.199427,7.10125,0.044725,4.958537,2.487805
07/09/2019 17:25:00.000000,0.226833,7.1345,0.0454,4.9,2.742857
07/09/2019 17:26:00.000000,0.223182,7.13675,0.044725,0.015395,2.547727
07/09/2019 17:27:00.000000,0.215329,7.2335,0.04555,0.008595,2.85122
07/09/2019 17:28:00.000000,0.190816,7.1945,0.048025,0.003275,2.146512
07/09/2019 17:29:00.000000,0.172838,7.23625,0.04885,0.006486,2.168182
07/09/2019 17:30:00.000000,0.178826,7.5865,0.04945,0.010144,2.885714
07/09/2019 17:31:00.000000,0.18494,7.32,0.049825,0.00604,2.238462
07/09/2019 17:32:00.000000,0.197928,7.25675,0.049175,5.902703,3.272973
07/09/2019 17:33:00.000000,0.201228,7.37625,0.048175,0.026018,3.415789
07/09/2019 17:34:00.000000,0.263594,7.2735,0.047775,0.021868,2.897674
07/09/2019 17:35:00.000000,0.27441,7.1325,0.0477,3.94878,2.031707
07/09/2019 17:36:00.000000,0.234039,7.4385,0.047475,0.022017,2.590909
07/09/2019 17:37:00.000000,0.203566,7.992,0.04575,4.84878,2.187805
07/09/2019 17:38:00.000000,0.22414,8.22225,0.046025,21.780488,1.929268
07/09/2019 17:39:00.000000,0.263536,8.43025,0.04815,9.219512,2.812195
07/09/2019 17:40:00.000000,0.236453,8.4135,0.0486,0.011095,4.768421
07/09/2019 17:41:00.000000,0.248486,8.3835,0.04815,11.025581,2.923256
07/09/2019 17:42:00.000000,0.267539,8.3215,0.048325,5.28,2.755
07/09/2019 17:43:00.000000,0.217558,8.42575,0.049475,35.202632,4.231579
07/09/2019 17:44:00.000000,0.191067,8.266,0.0506,22.913333,3.2
07/09/2019 17:45:00.000000,0.191762,7.68575,0.05065,10.614286,4.114286
07/09/2019 17:46:00.000000,0.194776,7.15825,0.050525,0.007675,2.763415
07/09/2019 17:47:00.000000,0.212256,6.7225,0.052575,0.002918,1.992308
07/09/2019 17:48:00.000000,0.187731,6.6195,0.052475,0.010859,3.918182
07/09/2019 17:49:00.000000,0.17738,6.31425,0.050025,0.021212,3.546512
07/09/2019 17:50:00.000000,0.219193,18.34075,0.0372,14.31,7.735
07/09/2019 17:51:00.000000,0.255824,8.25025,0.04575,16.360976,8.085366
07/09/2019 17:52:00.000000,0.226723,6.3215,0.05015,0.003665,2.64186
07/09/2019 17:53:00.000000,0.219116,7.332,0.051275,0.002516,1.936842
07/09/2019 17:54:00.000000,0.19982,11.5485,0.049125,1.743902,1.743902
07/09/2019 17:55:00.000000,0.203823,4.32925,0.051225,0.012712,4.213514
07/09/2019 17:56:00.000000,0.173686,5.198,0.053525,10.017073,3.704878
07/09/2019 17:57:00.000000,0.181417,7.29725,0.052525,0.003516,2.327907
07/09/2019 17:58:00.000000,0.288352,4.69575,0.051375,0.003038,2.271429
07/09/2019 17:59:00.000000,0.263018,6.8165,0.052125,0.002832,2.132558
07/09/2019 18:00:00.000000,0.184527,9.05775,0.052775,0.015712,2.528571
07/09/2019 18:01:00.000000,0.219196,8.7135,0.051525,3.68,2.005
07/09/2019 18:02:00.000000,0.330844,6.74675,0.052075,2.084211,1.984211
07/09/2019 18:03:00.000000,0.240172,5.6825,0.05405,0.0021,1.657143
07/09/2019 18:04:00.000000,0.187763,5.638,0.05385,8.471429,2.8
07/09/2019 18:05:00.000000,0.198373,11.202,0.0516,0.011922,3.426829
07/09/2019 18:06:00.000000,0.242223,13.49275,0.049,10.7875,2.65
07/09/2019 18:07:00.000000,0.215616,6.8705,0.0498,0.01268,2.585714
07/09/2019 18:08:00.000000,0.199792,3.01175,0.05175,0.013491,3.760976
07/09/2019 18:09:00.000000,0.202139,0.0,0.05065,6.225,2.895
07/09/2019 18:10:00.000000,0.216247,0.0,0.05085,0.005881,2.871429
07/09/2019 18:11:00.000000,0.184235,0.02725,0.051975,0.003298,2.387805
07/09/2019 18:12:00.000000,0.168209,0.02775,0.049775,5.545,2.3
07/09/2019 18:13:00.000000,0.186002,0.01,0.049325,13.65122,3.836585
07/09/2019 18:14:00.000000,0.259441,-9999.0,0.04895,9.825,2.977273
07/09/2019 18:15:00.000000,0.266663,-9999.0,0.04995,10.053659,4.126829
07/09/2019 18:16:00.000000,0.213235,-9999.0,0.03935,10.818605,2.851163
07/09/2019 18:17:00.000000,0.26356,-9999.0,0.044975,0.004104,2.513636
07/09/2019 18:18:00.000000,0.379372,-9999.0,0.0479,0.002857,2.243902
07/09/2019 18:19:00.000000,0.404874,-9999.0,0.050875,2.028571,2.028571
07/09/2019 18:20:00.000000,0.236906,2.049,0.05185,2.17,2.17
07/09/2019 18:21:00.000000,0.229177,1.1155,0.05105,1.945,1.945
07/09/2019 18:22:00.000000,0.203033,0.47725,0.051875,1.729268,1.643902
07/09/2019 18:23:00.000000,0.175795,0.755,0.052525,0.022941,3.904878
07/09/2019 18:24:00.000000,0.385271,0.7575,0.04995,5.402703,2.82973
07/09/2019 18:25:00.000000,0.68333,0.7355,0.048025,2.642857,2.516667
07/09/2019 18:26:00.000000,0.347059,0.7205,0.04875,0.007499,2.33
07/09/2019 18:27:00.000000,0.197678,0.71375,0.050325,0.008035,3.647368
07/09/2019 18:28:00.000000,0.162453,0.98475,0.051,0.004007,2.722727
07/09/2019 18:29:00.000000,0.166536,21.14575,0.051375,0.005357,3.0
07/09/2019 18:30:00.000000,0.179039,57.8575,0.051375,7.336364,3.877273
07/09/2019 18:31:00.000000,0.1713,69.408,0.051325,13.271429,2.714286
07/09/2019 18:32:00.000000,0.162076,70.653,0.051225,0.010756,2.242857
07/09/2019 18:33:00.000000,0.173068,70.5635,0.047275,4.469048,3.228571
07/09/2019 18:34:00.000000,0.228845,70.54275,0.044525,0.005507,2.714286
07/09/2019 18:35:00.000000,0.222091,70.507,0.04755,0.017226,2.767442
07/09/2019 18:36:00.000000,0.167481,70.42525,0.0493,5.062162,2.632432
07/09/2019 18:37:00.000000,0.145929,70.3795,0.051925,4.132558,2.934884
07/09/2019 18:38:00.000000,0.149858,70.16925,0.048125,16.604651,2.225581
07/09/2019 18:39:00.000000,0.283711,17.82925,0.0367,0.011621,2.697561
07/09/2019 18:40:00.000000,0.353686,0.0035,0.044675,0.012931,2.381395
07/09/2019 18:41:00.000000,0.268724,0.0,0.05,0.016701,1.957143
07/09/2019 18:42:00.000000,0.223885,0.0,0.053075,0.006143,1.9
07/09/2019 18:43:00.000000,0.161112,-9999.0,0.05265,6.31,1.9825
07/09/2019 18:44:00.000000,0.158263,-9999.0,0.051825,2.514286,1.833333
07/09/2019 18:45:00.000000,0.194999,-9999.0,0.051375,0.002086,1.632558
07/09/2019 18:46:00.000000,0.20259,-9999.0,0.051567,2.202778,2.183333
07/09/2019 18:47:00.000000,0.177468,-9999.0,0.052233,30.01,1.875
07/09/2019 18:48:00.000000,0.208642,-9999.0,0.051475,12.014286,3.857143
07/09/2019 18:49:00.000000,0.254415,0.04525,0.050525,5.365714,3.314286
07/09/2019 18:50:00.000000,0.218686,0.7295,0.05035,9.565854,3.029268
07/09/2019 18:51:00.000000,0.205495,1.46025,0.049525,14.96,2.5875
07/09/2019 18:52:00.000000,0.235293,2.2665,0.049175,0.008097,3.363636
07/09/2019 18:53:00.000000,0.218344,3.0775,0.04885,2.216279,1.951163
07/09/2019 18:54:00.000000,0.278093,3.65925,0.050375,0.011316,3.215789
07/09/2019 18:55:00.000000,0.223467,4.19075,0.051275,14.754545,4.104545
07/09/2019 18:56:00.000000,0.221327,5.367,0.050525,0.025871,2.44186
07/09/2019 18:57:00.000000,0.226097,11.83375,0.04735,0.019631,2.3625
07/09/2019 18:58:00.000000,0.255767,9.33025,0.046125,8.014286,2.828571
07/09/2019 18:59:00.000000,0.285676,5.453,0.050475,5.185714,3.071429
07/09/2019 19:00:00.000000,0.267157,2.38225,0.0524,4.305,2.675
07/09/2019 19:01:00.000000,0.237635,3.3445,0.052525,0.015989,2.018182
07/09/2019 19:02:00.000000,0.20547,4.08125,0.051625,5.704545,2.086364
07/09/2019 19:03:00.000000,0.200467,4.0915,0.051025,13.54878,2.265854
07/09/2019 19:04:00.000000,0.210518,3.80725,0.051825,14.25,2.13
07/09/2019 19:05:00.000000,0.189405,3.5255,0.05265,6.061538,2.184615
07/09/2019 19:06:00.000000,0.298083,3.5985,0.051125,2.045238,1.771429
07/09/2019 19:07:00.000000,0.460553,3.4765,0.049375,5.114634,3.27561
07/09/2019 19:08:00.000000,0.282099,3.549,0.048875,16.029268,2.273171
07/09/2019 19:09:00.000000,0.236292,4.03125,0.04675,16.746341,2.768293
07/09/2019 19:10:00.000000,0.30813,4.3355,0.046675,17.112195,2.387805
07/09/2019 19:11:00.000000,0.269517,4.317,0.049625,0.009065,2.804545
07/09/2019 19:12:00.000000,0.167252,4.68075,0.0504,15.467442,2.813953
07/09/2019 19:13:00.000000,0.143218,5.19275,0.049675,3.980488,1.946341
07/09/2019 19:14:00.000000,0.160665,5.09375,0.05085,0.008603,2.146667
07/09/2019 19:15:00.000000,0.175273,5.1915,0.051125,21.4,2.446154
07/09/2019 19:16:00.000000,0.168633,4.9715,0.0508,16.772093,3.102326
07/09/2019 19:17:00.000000,0.148013,4.59325,0.05,0.00346,1.693182
07/09/2019 19:18:00.000000,0.13591,4.325,0.0498,0.002415,1.845455
07/09/2019 19:19:00.000000,0.120732,4.4765,0.050025,20.685,1.645
07/09/2019 19:20:00.000000,0.139785,4.18125,0.052175,5.584091,2.020455
07/09/2019 19:21:00.000000,0.1219,3.666,0.053475,8.070732,2.014634
07/09/2019 19:22:00.000000,0.114552,3.4155,0.053675,0.007126,2.512195
07/09/2019 19:23:00.000000,0.112877,3.20125,0.05365,0.004123,2.0
07/09/2019 19:24:00.000000,0.114225,3.30425,0.051425,19.262791,1.727907
07/09/2019 19:25:00.000000,0.129711,3.1545,0.05135,6.3,2.3
07/09/2019 19:26:00.000000,0.132321,2.9125,0.0529,0.003605,2.572093
07/09/2019 19:27:00.000000,0.12664,2.53475,0.0543,0.013725,1.831707
07/09/2019 19:28:00.000000,0.120305,2.5365,0.05455,9.793023,3.039535
07/09/2019 19:29:00.000000,0.124054,2.77775,0.053425,5.457895,2.794737
07/09/2019 19:30:00.000000,0.126226,2.98675,0.053675,0.011207,3.72
07/09/2019 19:31:00.000000,0.138679,3.20425,0.0532,22.538462,3.476923
07/09/2019 19:32:00.000000,0.285673,3.3075,0.051175,4.297619,1.771429
07/09/2019 19:33:00.000000,0.284283,3.56575,0.050775,0.001829,1.415789
07/09/2019 19:34:00.000000,0.229537,3.81625,0.051625,0.009805,2.316667
07/09/2019 19:35:00.000000,0.186754,4.18525,0.050775,15.745161,2.403226
07/09/2019 19:36:00.000000,0.183017,4.54625,0.0485,0.012578,2.4
07/09/2019 19:37:00.000000,0.155159,4.673,0.050675,0.002773,1.635
07/09/2019 19:38:00.000000,0.128556,4.503,0.053825,1.40303,1.40303
07/09/2019 19:39:00.000000,0.132022,5.0855,0.053,4.657143,2.685714
07/09/2019 19:40:00.000000,0.140236,8.228,0.049225,5.721053,2.310526
07/09/2019 19:41:00.000000,0.152142,7.7545,0.0489,0.002773,1.855814
07/09/2019 19:42:00.000000,0.189656,3.72825,0.0527,0.009241,1.635
07/09/2019 19:43:00.000000,0.174053,3.275,0.05295,5.421622,2.605405
07/09/2019 19:44:00.000000,0.183338,4.11125,0.0498,0.010929,2.509677
07/09/2019 19:45:00.000000,0.201687,4.89375,0.049125,0.003365,2.078947
07/09/2019 19:46:00.000000,0.198761,5.1585,0.05165,0.010821,2.388235
07/09/2019 19:47:00.000000,0.158451,7.45175,0.050325,0.002943,1.730233
07/09/2019 19:48:00.000000,0.23628,6.59725,0.0511,6.702703,1.935135
07/09/2019 19:49:00.000000,0.236637,3.05875,0.054675,0.004739,2.341463
07/09/2019 19:50:00.000000,0.162378,3.9385,0.05435,6.814286,1.714286
07/09/2019 19:51:00.000000,0.140541,4.37175,0.052575,0.01248,3.008571
07/09/2019 19:52:00.000000,0.187978,10.53875,0.04875,10.083784,2.656757
07/09/2019 19:53:00.000000,0.251282,8.8405,0.048525,0.004074,2.092308
07/09/2019 19:54:00.000000,0.217992,2.95125,0.053675,9.3,3.438462
07/09/2019 19:55:00.000000,0.143896,2.47425,0.056525,7.040476,2.414286
07/09/2019 19:56:00.000000,0.136484,2.37025,0.056725,3.0,2.370732
07/09/2019 19:57:00.000000,0.129345,2.403,0.05615,1.633333,1.64
07/09/2019 19:58:00.000000,0.162126,8.08825,0.0525,0.003023,2.182927
07/09/2019 19:59:00.000000,0.236511,10.6345,0.048625,17.314286,3.671429
07/09/2019 20:00:00.000000,0.221972,3.56275,0.053375,3.854762,2.014286
07/09/2019 20:01:00.000000,0.237643,6.17525,0.0544,0.00805,2.471429
07/09/2019 20:02:00.000000,0.279775,3.82475,0.055425,3.439024,2.258537
07/09/2019 20:03:00.000000,0.203411,3.161,0.0568,9.513158,1.939474
07/09/2019 20:04:00.000000,0.174261,4.46275,0.0404,0.025121,9.845455
07/09/2019 20:05:00.000000,0.224943,13.937,0.044225,0.010652,4.526829
07/09/2019 20:06:00.000000,0.241973,4.448,0.051475,16.490244,2.653659
07/09/2019 20:07:00.000000,0.172519,6.63475,0.055825,4.441463,2.158537
07/09/2019 20:08:00.000000,0.182766,6.6135,0.0556,0.008689,1.934146
07/09/2019 20:09:00.000000,0.143225,6.77025,0.05065,2.14878,1.387805
07/09/2019 20:10:00.000000,0.189152,19.0355,0.043625,0.012073,1.641463
07/09/2019 20:11:00.000000,0.261628,10.13025,0.048,0.012182,1.95814
07/09/2019 20:12:00.000000,0.26198,6.41,0.0524,5.153846,2.592308
07/09/2019 20:13:00.000000,0.212838,3.577,0.055675,0.014199,3.385714
07/09/2019 20:14:00.000000,0.241474,4.21375,0.056475,0.002918,1.707317
07/09/2019 20:15:00.000000,0.230196,6.13275,0.056275,0.001822,1.4
07/09/2019 20:16:00.000000,0.174226,6.42025,0.055475,1.74,1.74
07/09/2019 20:17:00.000000,0.158242,7.41525,0.053675,0.017258,2.493333
07/09/2019 20:18:00.000000,0.167602,5.97425,0.05465,3.504545,1.822727
07/09/2019 20:19:00.000000,0.153422,6.06375,0.0547,0.031219,3.919512
07/09/2019 20:20:00.000000,0.217289,5.878,0.0551,13.722727,2.254545
07/09/2019 20:21:00.000000,0.213624,6.1115,0.05435,0.028883,2.231818
07/09/2019 20:22:00.000000,0.207349,6.35675,0.051475,0.010975,1.958537
07/09/2019 20:23:00.000000,0.246558,6.87725,0.050075,0.02091,2.746154
07/09/2019 20:24:00.000000,0.215501,6.82375,0.0536,0.009339,3.07
07/09/2019 20:25:00.000000,0.199433,6.66075,0.05635,17.488095,3.271429
07/09/2019 20:26:00.000000,0.193438,6.53825,0.057875,0.003846,1.834884
07/09/2019 20:27:00.000000,0.2627,6.059,0.0589,0.012065,2.325
07/09/2019 20:28:00.000000,0.212712,5.84125,0.058825,0.003225,1.9
07/09/2019 20:29:00.000000,0.142345,5.22025,0.0583,11.361538,4.507692
07/09/2019 20:30:00.000000,0.141328,4.61775,0.0581,0.019174,3.315
07/09/2019 20:31:00.000000,0.133925,4.08275,0.056975,16.597619,2.914286
07/09/2019 20:32:00.000000,0.175709,8.0255,0.05475,11.42619,2.9
07/09/2019 20:33:00.000000,0.23384,13.33725,0.05135,0.009902,3.516667
07/09/2019 20:34:00.000000,0.239176,4.531,0.054275,5.795349,2.825581
07/09/2019 20:35:00.000000,0.190625,4.04025,0.055,0.009003,2.872093
07/09/2019 20:36:00.000000,0.174241,6.5295,0.051875,0.005838,2.9
07/09/2019 20:37:00.000000,0.189773,5.9875,0.053325,0.036226,4.785714
07/09/2019 20:38:00.000000,0.186496,9.134,0.0525,0.02332,2.442857
07/09/2019 20:39:00.000000,0.197674,12.0085,0.050775,3.771429,1.916667
07/09/2019 20:40:00.000000,0.294965,10.09375,0.05085,0.013071,4.119512
07/09/2019 20:41:00.000000,0.285427,5.781,0.052975,0.018763,3.315385
07/09/2019 20:42:00.000000,0.220187,11.075,0.052625,25.977143,3.002857
07/09/2019 20:43:00.000000,0.266146,13.4975,0.0502,0.009901,1.451613
07/09/2019 20:44:00.000000,0.260826,6.847,0.053525,10.972727,1.831818
07/09/2019 20:45:00.000000,0.224151,2.66625,0.056333,0.019604,2.492308
07/09/2019 20:46:00.000000,0.194439,4.02125,0.0565,0.005447,1.983333
07/09/2019 20:47:00.000000,0.199832,5.7465,0.055175,0.013903,2.231707
07/09/2019 20:48:00.000000,0.332921,6.08825,0.055775,0.003724,2.048837
07/09/2019 20:49:00.000000,0.478738,9.883,0.055225,0.016946,2.172093
07/09/2019 20:50:00.000000,0.307989,7.00925,0.052975,0.0121,2.616667
07/09/2019 20:51:00.000000,0.246653,4.4535,0.054975,0.01496,2.786047
07/09/2019 20:52:00.000000,0.38412,6.0805,0.058075,11.888095,4.171429
07/09/2019 20:53:00.000000,0.373783,4.0905,0.058625,0.020519,2.593023
07/09/2019 20:54:00.000000,0.192692,5.11275,0.05855,16.542857,1.957143
07/09/2019 20:55:00.000000,0.250837,11.1985,0.0504,5.213953,2.713953
07/09/2019 20:56:00.000000,0.470225,11.43175,0.05495,0.004242,2.4
07/09/2019 20:57:00.000000,0.34476,9.801,0.058875,0.008074,2.385
07/09/2019 20:58:00.000000,0.232461,9.337,0.0549,2.72973,1.981081
07/09/2019 20:59:00.000000,0.217372,8.622,0.05555,32.514286,2.316667
07/09/2019 21:00:00.000000,0.219407,10.99425,0.053075,10.539024,2.565854
07/09/2019 21:01:00.000000,0.235398,5.04275,0.056525,7.46,2.346667
07/09/2019 21:02:00.000000,0.171322,3.118,0.060075,9.945455,2.990909
07/09/2019 21:03:00.000000,0.149341,4.3555,0.0602,0.017301,1.895349
07/09/2019 21:04:00.000000,0.184466,6.49725,0.059675,0.024087,3.321951
07/09/2019 21:05:00.000000,0.182378,13.02,0.055975,15.378947,4.189474
07/09/2019 21:06:00.000000,0.258061,52.1365,0.046075,13.5625,4.3
07/09/2019 21:07:00.000000,0.529416,11.56225,0.056975,8.194872,2.684615
07/09/2019 21:08:00.000000,0.364443,4.49,0.0583,9.914286,3.185714
07/09/2019 21:09:00.000000,0.200857,5.351,0.058675,0.008365,3.215
07/09/2019 21:10:00.000000,0.176822,5.02375,0.059275,0.011715,4.057143
07/09/2019 21:11:00.000000,0.152505,10.321,0.05644,13.444737,2.910526
07/09/2019 21:12:00.000000,0.172368,7.96175,0.054867,17.168421,2.884211
07/09/2019 21:13:00.000000,0.196491,7.3585,0.05818,0.007814,2.123529
07/09/2019 21:14:00.000000,0.232768,7.03275,0.0576,7.05122,3.295122
07/09/2019 21:15:00.000000,0.353757,16.55,0.050725,0.032713,3.583333
07/09/2019 21:16:00.000000,0.494569,8.30625,0.059875,16.372727,2.675
07/09/2019 21:17:00.000000,0.279065,7.495,0.05925,31.885714,5.842857
07/09/2019 21:18:00.000000,0.292273,8.63775,0.0572,21.147826,2.330435
07/09/2019 21:19:00.000000,0.309574,6.75575,0.0576,0.029205,3.092683
07/09/2019 21:20:00.000000,0.168645,13.10175,0.0562,11.897727,4.090909
07/09/2019 21:21:00.000000,0.151438,15.57575,0.056275,7.402326,2.306977
07/09/2019 21:22:00.000000,0.157867,7.59175,0.0579,8.94878,4.817073
07/09/2019 21:23:00.000000,0.176476,15.33975,0.0561,7.769565,2.717391
07/09/2019 21:24:00.000000,0.243544,6.381333,0.05665,0.012022,3.357895
07/09/2019 21:25:00.000000,0.254875,3.69625,0.061925,0.025298,2.985714
07/09/2019 21:26:00.000000,0.178378,3.44125,0.06405,53.230769,4.0
07/09/2019 21:27:00.000000,0.155952,3.81975,0.0641,0.0389,2.16
07/09/2019 21:28:00.000000,0.133904,3.86975,0.06425,10.81,3.33
07/09/2019 21:29:00.000000,0.141191,3.85375,0.06385,0.004192,2.319512
07/09/2019 21:30:00.000000,0.16206,3.79025,0.06335,0.006374,3.395455
07/09/2019 21:31:00.000000,0.147431,3.888,0.062425,6.366667,2.86
07/09/2019 21:32:00.000000,0.182812,4.199,0.0606,0.038088,2.783721
07/09/2019 21:33:00.000000,0.165353,9.46775,0.05725,0.014348,3.739024
07/09/2019 21:34:00.000000,0.15147,10.3395,0.056375,0.03099,3.142105
07/09/2019 21:35:00.000000,0.172895,9.2555,0.057675,17.346341,1.719512
07/09/2019 21:36:00.000000,0.175849,11.85475,0.056725,0.003876,1.75814
07/09/2019 21:37:00.000000,0.169769,12.225,0.04935,0.002221,1.712195
07/09/2019 21:38:00.000000,0.214215,15.745,0.05245,0.020682,5.695
07/09/2019 21:39:00.000000,0.313767,11.97325,0.054,0.004009,2.647368
07/09/2019 21:40:00.000000,0.402785,14.9895,0.05435,0.018429,1.884615
07/09/2019 21:41:00.000000,0.320658,13.64275,0.057225,0.019176,2.585714
07/09/2019 21:42:00.000000,0.179616,6.09475,0.0588,0.014463,3.302326
07/09/2019 21:43:00.000000,0.157625,5.76875,0.058575,18.257143,2.733333
07/09/2019 21:44:00.000000,0.253937,6.39225,0.0585,9.690698,1.911628
07/09/2019 21:45:00.000000,0.312287,6.176,0.060975,17.373333,2.146667
07/09/2019 21:46:00.000000,0.205058,6.0575,0.062075,0.00767,1.617647
07/09/2019 21:47:00.000000,0.158262,5.79275,0.06185,4.881818,2.895455
07/09/2019 21:48:00.000000,0.183047,11.52475,0.058975,0.018126,2.592308
07/09/2019 21:49:00.000000,0.259158,10.51525,0.05625,9.728571,3.357143
07/09/2019 21:50:00.000000,0.203541,5.143,0.059025,16.014286,2.814286
07/09/2019 21:51:00.000000,0.161242,6.10225,0.06175,13.102439,3.041463
07/09/2019 21:52:00.000000,0.138943,6.35675,0.062725,6.956098,2.246341
07/09/2019 21:53:00.000000,0.141056,7.019,0.061525,0.013798,2.933333
07/09/2019 21:54:00.000000,0.153045,7.328,0.0606,0.00358,2.175
07/09/2019 21:55:00.000000,0.184281,7.52475,0.061675,0.011194,2.0
07/09/2019 21:56:00.000000,0.244602,9.78225,0.059675,0.018299,2.414634
07/09/2019 21:57:00.000000,0.257677,8.394,0.058375,0.005152,2.84
07/09/2019 21:58:00.000000,0.198549,4.8185,0.06155,8.162791,2.555814
07/09/2019 21:59:00.000000,0.152218,2.7235,0.064325,2.939024,1.987805
07/09/2019 22:00:00.000000,0.151742,4.24175,0.063775,0.007356,2.068421
07/09/2019 22:01:00.000000,0.122277,14.25625,0.0582,24.351351,3.235135
07/09/2019 22:02:00.000000,0.092518,9.61775,0.057825,7.4,2.785714
07/09/2019 22:03:00.000000,0.003637,7.2555,0.061525,0.013087,2.957143
07/09/2019 22:04:00.000000,0.000441,6.71375,0.06305,2.830952,1.885714
07/09/2019 22:05:00.000000,-9999.0,6.64375,0.06325,0.002427,1.873333
07/09/2019 22:06:00.000000,0.000198,8.18875,0.06265,13.792857,3.871429
07/09/2019 22:07:00.000000,-9999.0,11.108,0.059425,0.00507,1.971429
07/09/2019 22:08:00.000000,0.004064,8.996,0.0599,0.00338,2.023077
07/09/2019 22:09:00.000000,0.001069,,,,
07/09/2019 22:10:00.000000,0.001509,10.4315,0.062,11.431818,1.963636
07/09/2019 22:11:00.000000,0.001884,12.0905,0.0619,0.004984,2.05814
07/09/2019 22:12:00.000000,0.10668,11.1785,0.06545,5.770732,3.55122
07/09/2019 22:13:00.000000,0.267161,10.03525,0.067,0.019393,1.813636
07/09/2019 22:14:00.000000,0.240001,9.06725,0.0667,0.007181,2.825714
07/09/2019 22:15:00.000000,0.192899,9.4285,0.063275,0.021326,2.0275
07/09/2019 22:16:00.000000,0.217865,9.15875,0.062925,9.4,2.228571
07/09/2019 22:17:00.000000,0.20083,8.88,0.06365,4.9125,2.555
07/09/2019 22:18:00.000000,0.200712,7.64925,0.064675,0.012041,2.682927
07/09/2019 22:19:00.000000,0.231822,8.9135,0.063525,13.551351,3.42973
07/09/2019 22:20:00.000000,0.259348,8.8345,0.064675,7.456098,2.57561
07/09/2019 22:21:00.000000,0.191647,8.4655,0.066575,0.011672,4.628571
07/09/2019 22:22:00.000000,0.14865,8.0905,0.0665,0.0128,5.0
07/09/2019 22:23:00.000000,0.144904,7.67275,0.06715,0.027097,5.666667
07/09/2019 22:24:00.000000,0.147806,7.2815,0.06745,0.031023,3.485714
07/09/2019 22:25:00.000000,0.153144,6.96875,0.0664,0.006832,1.690476
07/09/2019 22:26:00.000000,0.18112,6.587,0.065275,0.010509,1.918605
07/09/2019 22:27:00.000000,0.260475,6.14125,0.0629,0.004098,1.830769
07/09/2019 22:28:00.000000,0.258025,6.09875,0.0629,27.765854,2.141463
07/09/2019 22:29:00.000000,0.172529,,,,
07/09/2019 22:30:00.000000,0.158756,6.279,0.0652,0.005228,2.448837
07/09/2019 22:31:00.000000,0.149012,6.35525,0.065625,24.473171,3.643902
07/09/2019 22:32:00.000000,0.168365,6.74375,0.064875,7.82619,2.871429
07/09/2019 22:33:00.000000,0.309401,15.02075,0.059,2.76,2.44
07/09/2019 22:34:00.000000,0.461239,14.82625,0.0545,0.027314,2.570732
07/09/2019 22:35:00.000000,0.325318,16.791,0.054925,0.023474,4.990244
07/09/2019 22:36:00.000000,0.246849,15.181,0.0565,48.537209,5.065116
07/09/2019 22:37:00.000000,0.233311,12.84925,0.059225,35.848837,4.74186
07/09/2019 22:38:00.000000,0.303183,13.70075,0.061025,0.009317,2.415789
07/09/2019 22:39:00.000000,0.23759,13.217,0.063,8.157143,3.9
07/09/2019 22:40:00.000000,0.226741,21.071,0.05855,23.90625,2.75625
07/09/2019 22:41:00.000000,0.28939,11.66075,0.058,0.018608,2.690323
07/09/2019 22:42:00.000000,0.284782,9.59975,0.06,0.015473,3.205263
07/09/2019 22:43:00.000000,0.241601,12.33575,0.056925,8.271111,2.18
07/09/2019 22:44:00.000000,0.188982,16.23825,0.054225,0.022728,2.654054
07/09/2019 22:45:00.000000,0.22504,9.487,0.059625,0.011051,2.51875
07/09/2019 22:46:00.000000,0.211878,7.52125,0.06495,15.557143,4.814286
07/09/2019 22:47:00.000000,0.22615,10.3765,0.0609,0.012047,3.485714
07/09/2019 22:48:00.000000,0.265288,7.82675,0.0597,9.995,3.53
07/09/2019 22:49:00.000000,0.26413,,,,
07/09/2019 22:50:00.000000,0.233002,9.8285,0.062075,10.461538,2.707692
07/09/2019 22:51:00.000000,0.233304,8.611,0.063925,0.022531,4.142857
07/09/2019 22:52:00.000000,0.248271,8.6475,0.06235,26.644186,4.744186
07/09/2019 22:53:00.000000,0.315561,8.743,0.062825,0.023813,3.6
07/09/2019 22:54:00.000000,0.2122,9.1255,0.06245,0.011072,2.816667
07/09/2019 22:55:00.000000,0.176659,8.86975,0.062525,5.325581,2.872093
07/09/2019 22:56:00.000000,0.195489,17.03025,0.0553,9.741463,2.987805
07/09/2019 22:57:00.000000,0.277683,28.46875,0.05295,9.013333,2.22
07/09/2019 22:58:00.000000,0.356013,8.93575,0.058975,13.321739,2.273913
07/09/2019 22:59:00.000000,0.243937,8.8245,0.060625,19.185,2.3
07/09/2019 23:00:00.000000,0.285953,12.33825,0.0579,0.014095,4.133333
07/09/2019 23:01:00.000000,0.392919,9.61,0.0607,0.009415,2.545
07/09/2019 23:02:00.000000,0.223024,13.23125,0.059325,3.005,2.285
07/09/2019 23:03:00.000000,0.218368,14.86475,0.0586,0.010669,1.8625
07/09/2019 23:04:00.000000,0.268896,7.131,0.059925,16.232432,2.302703
07/09/2019 23:05:00.000000,0.261183,4.80175,0.062375,4.382857,1.928571
07/09/2019 23:06:00.000000,0.238373,4.9465,0.0628,14.270732,3.265854
07/09/2019 23:07:00.000000,0.181711,12.09075,0.055725,13.975,3.245
07/09/2019 23:08:00.000000,0.216664,12.248,0.06085,7.834884,1.995349
07/09/2019 23:09:00.000000,0.246532,,,,
07/09/2019 23:10:00.000000,0.204162,13.407,0.05515,18.373171,2.626829
07/09/2019 23:11:00.000000,0.246782,15.74525,0.05055,34.646341,2.9
07/09/2019 23:12:00.000000,0.289522,13.07075,0.053075,0.024208,5.214286
07/09/2019 23:13:00.000000,0.313695,6.32175,0.05105,2.993023,1.986047
07/09/2019 23:14:00.000000,0.253207,7.38075,0.05785,0.007543,1.916279
07/09/2019 23:15:00.000000,0.225442,12.00475,0.05675,12.82,2.255
07/09/2019 23:16:00.000000,0.235606,8.90375,0.05755,0.02397,2.129268
07/09/2019 23:17:00.000000,0.210119,10.27525,0.05485,0.040073,1.673171
07/09/2019 23:18:00.000000,0.315363,14.7625,0.049625,0.027926,1.77
07/09/2019 23:19:00.000000,0.311936,11.828,0.05215,0.039814,2.418605
07/09/2019 23:20:00.000000,0.269584,6.796,0.05585,14.706977,3.913953
07/09/2019 23:21:00.000000,0.241167,8.7295,0.055425,7.739024,3.053659
07/09/2019 23:22:00.000000,0.236945,4.83,0.0543,6.287805,2.117073
07/09/2019 23:23:00.000000,0.249082,6.6295,0.054325,2.160976,1.658537
07/09/2019 23:24:00.000000,0.220491,6.43,0.057375,0.006074,3.307317
07/09/2019 23:25:00.000000,0.154171,9.017,0.055675,15.367442,1.925581
07/09/2019 23:26:00.000000,0.248134,13.0355,0.051925,0.012428,2.285714
07/09/2019 23:27:00.000000,0.321942,8.643,0.0507,7.927273,2.4
07/09/2019 23:28:00.000000,0.2815,11.7535,0.049025,0.007868,2.565854
07/09/2019 23:29:00.000000,0.233771,,,,
07/09/2019 23:30:00.000000,0.163538,6.58725,0.0564,0.008019,2.188636
07/09/2019 23:31:00.000000,0.188402,8.39575,0.055225,20.695349,1.881395
07/09/2019 23:32:00.000000,0.19778,8.6355,0.054225,8.332558,3.055814
07/09/2019 23:33:00.000000,0.205773,8.591,0.052625,5.157143,2.357143
07/09/2019 23:34:00.000000,0.262104,8.4265,0.052475,0.009208,2.938462
07/09/2019 23:35:00.000000,0.27727,17.71725,0.0497,0.012861,2.0
07/09/2019 23:36:00.000000,0.263302,5.90025,0.05215,0.025159,4.338462
07/09/2019 23:37:00.000000,0.192761,5.20225,0.055275,0.005987,1.869767
07/09/2019 23:38:00.000000,0.203536,3.65375,0.05575,4.207143,1.471429
07/09/2019 23:39:00.000000,0.213358,11.18375,0.0536,0.006513,1.844186
07/09/2019 23:40:00.000000,0.224331,8.41775,0.05225,1.916279,1.397674
07/09/2019 23:41:00.000000,0.243573,8.50425,0.052875,0.037526,2.153659
07/09/2019 23:42:00.000000,0.231573,5.05425,0.055475,0.022142,2.63913
07/09/2019 23:43:00.000000,0.222805,5.06125,0.05535,3.088636,1.390909
07/09/2019 23:44:00.000000,0.320121,5.37675,0.051625,14.913953,4.844186
07/09/2019 23:45:00.000000,0.357208,5.44425,0.052425,14.275,2.8125
07/09/2019 23:46:00.000000,0.242258,7.354,0.05385,21.312195,3.082927
07/09/2019 23:47:00.000000,0.203688,7.8315,0.052867,9.3,1.67
07/09/2019 23:48:00.000000,0.189074,6.67775,0.05405,0.009381,2.177273
07/09/2019 23:49:00.000000,0.174086,,,,
07/09/2019 23:50:00.000000,0.180247,4.3302,0.05396,0.008343,3.095455
07/09/2019 23:51:00.000000,0.187872,4.446,0.052475,0.003134,1.757143
07/09/2019 23:52:00.000000,0.227699,12.483,0.048,0.019885,7.507692
07/09/2019 23:53:00.000000,0.26415,14.52625,0.04405,0.018178,3.44878
07/09/2019 23:54:00.000000,0.27072,14.68975,0.044725,0.009878,1.957143
07/09/2019 23:55:00.000000,0.258276,10.51675,0.0476,0.006809,2.155
07/09/2019 23:56:00.000000,0.309201,16.42425,0.044075,0.01232,3.037209
07/09/2019 23:57:00.000000,0.31284,14.6855,0.044825,0.027429,2.095
07/09/2019 23:58:00.000000,0.232537,3.855,0.050725,14.953488,2.067442
07/09/2019 23:59:00.000000,0.195456,11.05475,0.049575,0.031034,1.253846
07/10/2019 00:00:00.000000,0.248493,11.6975,0.04695,0.006892,1.270732
07/10/2019 00:01:00.000000,0.330095,9.412,0.047575,0.013703,1.645455
07/10/2019 00:02:00.000000,0.290457,9.936,0.048775,0.02062,3.407317
07/10/2019 00:03:00.000000,0.311617,13.3715,0.046425,8.285714,2.157143
07/10/2019 00:04:00.000000,0.287492,7.24775,0.04845,16.242857,2.157143
07/10/2019 00:05:00.000000,0.223758,9.522,0.0484,0.012914,1.855814
07/10/2019 00:06:00.000000,0.260877,8.1895,0.048425,0.012391,1.965854
07/10/2019 00:07:00.000000,0.291162,8.396,0.049525,0.010081,3.172093
07/10/2019 00:08:00.000000,0.24901,8.14425,0.049625,0.005213,1.626667
07/10/2019 00:09:00.000000,0.217925,,,,
07/10/2019 00:10:00.000000,0.228799,7.767,0.04735,10.197619,3.157143
07/10/2019 00:11:00.000000,0.219265,7.62225,0.04705,0.006541,2.833333
07/10/2019 00:12:00.000000,0.292173,13.9645,0.045625,0.002526,1.765
07/10/2019 00:13:00.000000,0.499799,3.9805,0.045075,19.626829,4.758537
07/10/2019 00:14:00.000000,0.631156,6.06825,0.04535,12.8125,2.665
07/10/2019 00:15:00.000000,0.614805,8.19025,0.0471,2.474419,1.425581
07/10/2019 00:16:00.000000,0.229495,5.02675,0.04915,4.735714,1.214286
07/10/2019 00:17:00.000000,0.149514,7.9225,0.047375,0.014183,2.204651
07/10/2019 00:18:00.000000,0.170174,9.21475,0.045575,0.008765,3.483333
07/10/2019 00:19:00.000000,0.19104,10.39325,0.044825,16.366667,3.538095
07/10/2019 00:20:00.000000,0.183981,9.51075,0.04465,25.019048,4.014286
07/10/2019 00:21:00.000000,0.266899,18.835,0.04385,0.023156,1.948837
07/10/2019 00:22:00.000000,0.420218,6.64225,0.045925,0.015373,2.251163
07/10/2019 00:23:00.000000,0.28342,4.4945,0.049775,0.007115,2.4
07/10/2019 00:24:00.000000,0.186543,6.1075,0.049375,0.01216,1.969767
07/10/2019 00:25:00.000000,0.178115,10.43175,0.045025,0.016365,1.727907
07/10/2019 00:26:00.000000,0.270391,10.8455,0.042325,2.95,1.445
07/10/2019 00:27:00.000000,0.24973,12.5245,0.0435,5.716279,2.174419
07/10/2019 00:28:00.000000,0.227875,19.40825,0.041575,0.007948,1.971111
07/10/2019 00:29:00.000000,0.346697,8.484,0.04375,0.016926,2.412195
07/10/2019 00:30:00.000000,0.363733,8.58875,0.045725,0.021319,3.69
07/10/2019 00:31:00.000000,0.347207,9.77475,0.04545,33.631707,2.44878
07/10/2019 00:32:00.000000,0.232009,10.255,0.04405,9.169231,2.2
07/10/2019 00:33:00.000000,0.195913,10.087,0.04685,1.829268,1.602439
07/10/2019 00:34:00.000000,0.171074,9.7445,0.0484,0.005491,1.751351
07/10/2019 00:35:00.000000,0.221827,9.87125,0.045075,10.028571,4.714286
07/10/2019 00:36:00.000000,0.290257,9.85075,0.044975,2.327907,1.75814
07/10/2019 00:37:00.000000,0.271837,10.013,0.0452,3.005128,1.938462
07/10/2019 00:38:00.000000,0.24431,9.71325,0.04685,1.455814,1.325581
07/10/2019 00:39:00.000000,0.188469,9.226,0.048525,8.6375,1.285
07/10/2019 00:40:00.000000,0.150436,8.46825,0.04645,0.014902,1.216667
07/10/2019 00:41:00.000000,0.174535,7.23275,0.045425,0.011176,3.857143
07/10/2019 00:42:00.000000,0.184624,9.1605,0.04525,2.666667,2.125
07/10/2019 00:43:00.000000,0.501128,21.80725,0.04115,0.002649,2.181818
07/10/2019 00:44:00.000000,1.22367,14.489,0.04195,0.004781,2.457143
07/10/2019 00:45:00.000000,0.603724,13.90125,0.0451,1.762791,1.57907
07/10/2019 00:46:00.000000,0.243135,10.0945,0.045075,8.1375,3.2375
07/10/2019 00:47:00.000000,0.297496,11.13725,0.045425,0.005954,1.892308
07/10/2019 00:48:00.000000,0.27559,7.34575,0.045975,14.408333,2.475
07/10/2019 00:49:00.000000,0.216339,7.64775,0.044975,0.011119,2.416667
07/10/2019 00:50:00.000000,0.213436,10.809,0.04475,8.365854,1.960976
07/10/2019 00:51:00.000000,0.232638,14.41675,0.04315,10.625,2.495
07/10/2019 00:52:00.000000,0.233522,8.75575,0.045,14.083333,4.057143
07/10/2019 00:53:00.000000,0.220089,8.9315,0.046875,2.778947,1.781579
07/10/2019 00:54:00.000000,0.294551,16.38025,0.04355,0.015391,2.335
07/10/2019 00:55:00.000000,0.343564,14.1045,0.040675,12.727907,2.416279
07/10/2019 00:56:00.000000,0.301151,16.08125,0.03855,7.519512,2.485366
07/10/2019 00:57:00.000000,0.38618,16.14175,0.038775,0.020815,2.142105
07/10/2019 00:58:00.000000,0.383536,14.04925,0.040175,8.362162,2.008108
07/10/2019 00:59:00.000000,0.277692,19.31825,0.037575,0.038504,2.916667
07/10/2019 01:00:00.000000,0.262783,19.1395,0.037225,0.030363,3.010256
07/10/2019 01:01:00.000000,0.254889,18.69725,0.03815,0.008474,3.0
07/10/2019 01:02:00.000000,0.32893,14.7325,0.03935,0.002674,1.871053
07/10/2019 01:03:00.000000,0.268993,13.86375,0.043325,26.556097,2.468293
07/10/2019 01:04:00.000000,0.257961,12.97825,0.043125,0.081771,2.6
07/10/2019 01:05:00.000000,0.309786,8.522,0.0442,0.013986,3.41
07/10/2019 01:06:00.000000,0.249832,6.784,0.046575,21.421951,2.090244
07/10/2019 01:07:00.000000,0.199651,7.505,0.048125,0.020402,3.247619
07/10/2019 01:08:00.000000,0.263264,8.8245,0.048,11.610526,2.326316
07/10/2019 01:09:00.000000,0.292198,7.02175,0.048,0.006865,3.177778
07/10/2019 01:10:00.000000,0.230827,3.459,0.046375,0.01314,3.98
07/10/2019 01:11:00.000000,0.259152,9.685,0.0438,0.020027,3.328571
07/10/2019 01:12:00.000000,0.251562,10.20475,0.044125,11.955814,3.116279
07/10/2019 01:13:00.000000,0.209349,16.521,0.042925,0.020327,5.431818
07/10/2019 01:14:00.000000,0.203523,14.90475,0.04165,0.024715,3.46
07/10/2019 01:15:00.000000,0.215763,9.5005,0.044175,8.515,3.02
07/10/2019 01:16:00.000000,0.171603,6.21975,0.047575,0.014913,3.084091
07/10/2019 01:17:00.000000,0.159843,7.26975,0.04585,0.01787,2.331707
07/10/2019 01:18:00.000000,0.210226,8.2325,0.043675,0.012578,2.020513
07/10/2019 01:19:00.000000,0.243213,5.661,0.046675,5.211765,2.097059
07/10/2019 01:20:00.000000,0.195761,6.45975,0.04745,10.766667,2.766667
07/10/2019 01:21:00.000000,0.199762,7.51425,0.046125,0.009406,2.729268
07/10/2019 01:22:00.000000,0.252937,11.77675,0.0438,6.735135,2.867568
07/10/2019 01:23:00.000000,0.236683,15.3655,0.04175,4.98,2.033333
07/10/2019 01:24:00.000000,0.226749,12.65775,0.041625,0.020052,1.9
07/10/2019 01:25:00.000000,0.268522,15.01375,0.041025,16.342857,2.328571
07/10/2019 01:26:00.000000,0.252359,14.7945,0.040675,0.016606,2.4
07/10/2019 01:27:00.000000,0.206524,14.91675,0.039725,12.386364,5.006818
07/10/2019 01:28:00.000000,0.224312,14.698,0.041525,10.685714,5.242857
07/10/2019 01:29:00.000000,0.215661,13.8735,0.045475,16.681395,2.876744
07/10/2019 01:30:00.000000,0.170261,13.098,0.045825,4.063043,2.326087
07/10/2019 01:31:00.000000,0.165094,12.9365,0.04205,0.031932,1.792308
07/10/2019 01:32:00.000000,0.168314,15.016,0.0366,8.584211,2.713158
07/10/2019 01:33:00.000000,0.20857,21.2835,0.0347,2.497561,2.031707
07/10/2019 01:34:00.000000,0.247295,25.66575,0.0314,18.785714,2.757143
07/10/2019 01:35:00.000000,0.302593,15.727,0.033525,0.006433,1.811628
07/10/2019 01:36:00.000000,0.233499,18.46875,0.03615,1.7,1.6
07/10/2019 01:37:00.000000,0.192956,17.189,0.035975,0.006989,3.215
07/10/2019 01:38:00.000000,0.177922,15.999,0.038325,0.005493,2.919512
07/10/2019 01:39:00.000000,0.243354,20.82925,0.03455,7.85122,2.970732
07/10/2019 01:40:00.000000,0.316814,17.151,0.036125,7.493023,1.939535
07/10/2019 01:41:00.000000,0.226482,17.098,0.037875,0.497335,9.3075
07/10/2019 01:42:00.000000,0.185072,17.0945,0.037625,74.460976,4.34878
07/10/2019 01:43:00.000000,0.180797,20.22225,0.037,3.485366,2.829268
07/10/2019 01:44:00.000000,0.251864,22.017,0.033775,0.009917,3.225
07/10/2019 01:45:00.000000,0.294788,20.5635,0.03465,7.163415,3.129268
07/10/2019 01:46:00.000000,0.221312,20.12325,0.0367,5.292308,3.607692
07/10/2019 01:47:00.000000,0.203963,20.69275,0.034725,6.6625,2.595
07/10/2019 01:48:00.000000,0.240801,24.05925,0.032275,2.677778,1.977778
07/10/2019 01:49:00.000000,0.247889,21.6065,0.0324,11.093548,1.996774
07/10/2019 01:50:00.000000,0.204494,21.35025,0.032675,0.005667,2.097143
07/10/2019 01:51:00.000000,0.181443,25.55925,0.03105,0.002455,1.934146
07/10/2019 01:52:00.000000,0.182902,25.42575,0.03215,0.014174,3.685
07/10/2019 01:53:00.000000,0.21431,25.347,0.030175,3.639535,2.451163
07/10/2019 01:54:00.000000,0.279458,25.21375,0.02975,14.52,1.862222
07/10/2019 01:55:00.000000,0.27201,25.06625,0.03,0.003859,1.8
07/10/2019 01:56:00.000000,0.252237,24.46525,0.031575,0.014732,1.8
07/10/2019 01:57:00.000000,0.206674,23.3945,0.035025,0.008826,2.473684
07/10/2019 01:58:00.000000,0.194613,22.31675,0.0354,0.017802,2.942857
07/10/2019 01:59:00.000000,0.262565,21.357,0.034725,12.636585,4.536585
07/10/2019 02:00:00.000000,0.300287,23.521,0.034475,7.295122,2.836585
07/10/2019 02:01:00.000000,0.232292,25.579,0.0301,0.016577,3.472973
07/10/2019 02:02:00.000000,0.234443,23.84975,0.02775,7.45,3.415
07/10/2019 02:03:00.000000,0.246394,19.5825,0.03245,0.00939,3.655
07/10/2019 02:04:00.000000,0.221569,18.005,0.035375,0.008264,3.313333
07/10/2019 02:05:00.000000,0.219126,17.8395,0.0352,0.008166,2.1375
07/10/2019 02:06:00.000000,0.231657,18.0405,0.03585,0.012228,2.271429
07/10/2019 02:07:00.000000,0.194464,17.44375,0.0393,19.835135,2.867568
07/10/2019 02:08:00.000000,0.18167,16.87725,0.040175,15.004762,3.257143
07/10/2019 02:09:00.000000,0.238502,16.92125,0.035425,0.039849,2.546512
07/10/2019 02:10:00.000000,0.30757,17.20175,0.033125,11.565854,2.229268
07/10/2019 02:11:00.000000,0.268847,17.18425,0.03565,6.176744,2.2
07/10/2019 02:12:00.000000,0.279812,17.287,0.036225,10.469231,3.384615
07/10/2019 02:13:00.000000,0.351687,16.9805,0.0367,4.385366,3.173171
07/10/2019 02:14:00.000000,0.246345,16.585,0.036975,9.245455,3.940909
07/10/2019 02:15:00.000000,0.186691,17.14575,0.035475,3.797561,2.392683
07/10/2019 02:16:00.000000,0.224839,17.60825,0.0356,0.006725,2.625
07/10/2019 02:17:00.000000,0.222478,17.81675,0.034325,0.012897,3.477273
07/10/2019 02:18:00.000000,0.250314,26.41725,0.03025,0.012091,3.097674
07/10/2019 02:19:00.000000,0.34846,23.29875,0.028925,0.005558,3.0
07/10/2019 02:20:00.000000,0.378194,21.9365,0.029967,0.023525,4.963415
07/10/2019 02:21:00.000000,0.30772,18.28875,0.032425,11.016667,3.071429
07/10/2019 02:22:00.000000,0.261055,18.25775,0.033875,0.017416,3.131818
07/10/2019 02:23:00.000000,0.256241,18.43375,0.0331,12.046154,2.54359
07/10/2019 02:24:00.000000,0.266403,18.80025,0.032025,0.005533,2.741463
07/10/2019 02:25:00.000000,0.327431,19.09325,0.031075,6.823077,2.887179
07/10/2019 02:26:00.000000,0.3416,19.54125,0.03085,6.964103,3.248718
07/10/2019 02:27:00.000000,0.286807,19.737,0.031275,8.09,2.535
07/10/2019 02:28:00.000000,0.241517,25.48025,0.0285,0.027499,2.57
07/10/2019 02:29:00.000000,0.275714,23.70975,0.025075,5.175,1.92
07/10/2019 02:30:00.000000,0.258099,22.295,0.029925,0.002987,2.226829
07/10/2019 02:31:00.000000,0.236502,19.2165,0.032375,17.492683,2.963415
07/10/2019 02:32:00.000000,0.242189,21.339,0.031075,15.415,5.395
07/10/2019 02:33:00.000000,0.245518,21.5245,0.02955,0.004445,2.934211
07/10/2019 02:34:00.000000,0.229195,21.6655,0.02934,0.014695,3.081818
07/10/2019 02:35:00.000000,0.230621,21.6145,0.0305,0.006443,1.934286
07/10/2019 02:36:00.000000,0.275987,21.53175,0.031225,28.9,3.7
07/10/2019 02:37:00.000000,0.287536,21.58875,0.03095,0.012378,2.881395
07/10/2019 02:38:00.000000,0.238943,21.10375,0.032625,0.008136,2.613636
07/10/2019 02:39:00.000000,0.209168,20.171,0.036075,9.053488,3.976744
07/10/2019 02:40:00.000000,0.206185,19.21025,0.037975,0.002983,2.097727
07/10/2019 02:41:00.000000,0.211598,18.0185,0.03815,8.219048,2.9
07/10/2019 02:42:00.000000,0.202823,16.897,0.038425,3.054545,2.236364
07/10/2019 02:43:00.000000,0.19497,16.1755,0.0377,4.842857,3.128571
07/10/2019 02:44:00.000000,0.243955,15.90825,0.034625,14.31,2.96
07/10/2019 02:45:00.000000,0.25096,15.36275,0.03415,0.009805,3.073913
07/10/2019 02:46:00.000000,0.221421,16.65025,0.03415,0.01175,2.927907
07/10/2019 02:47:00.000000,0.247853,18.31475,0.0328,14.992683,3.156098
07/10/2019 02:48:00.000000,0.270192,19.6125,0.033525,0.01568,4.053659
07/10/2019 02:49:00.000000,0.264576,15.341,0.034775,21.270732,3.517073
07/10/2019 02:50:00.000000,0.219911,14.03625,0.0369,0.020519,4.257143
07/10/2019 02:51:00.000000,0.235922,14.787,0.034075,0.012764,4.155814
07/10/2019 02:52:00.000000,0.292155,15.78,0.03075,18.134884,5.606977
07/10/2019 02:53:00.000000,0.421063,18.0355,0.030475,0.015553,5.39
07/10/2019 02:54:00.000000,0.346034,24.1635,0.030425,15.010526,4.878947
07/10/2019 02:55:00.000000,0.272071,24.4115,0.029725,0.011988,4.55
07/10/2019 02:56:00.000000,0.258565,18.96375,0.030475,0.008273,3.416667
07/10/2019 02:57:00.000000,0.237379,15.4965,0.0347,7.420513,3.453846
07/10/2019 02:58:00.000000,0.215115,15.39775,0.0366,2.904878,2.304878
07/10/2019 02:59:00.000000,0.232148,15.00025,0.037975,0.008252,3.178049
07/10/2019 03:00:00.000000,0.249161,15.09525,0.03655,0.007682,3.145
07/10/2019 03:01:00.000000,0.292172,15.4075,0.03295,9.069767,2.932558
07/10/2019 03:02:00.000000,0.291615,15.555,0.033,0.023533,4.480488
07/10/2019 03:03:00.000000,0.275666,27.88325,0.0305,0.022361,5.943902
07/10/2019 03:04:00.000000,0.29481,26.08225,0.02615,5.121951,3.382927
07/10/2019 03:05:00.000000,0.281055,25.55025,0.026075,0.026783,4.77
07/10/2019 03:06:00.000000,0.268427,26.779,0.025575,0.017709,4.673171
07/10/2019 03:07:00.000000,0.298339,29.85425,0.022425,21.890698,4.34186
07/10/2019 03:08:00.000000,0.343948,36.36075,0.017725,8.019512,3.019512
07/10/2019 03:09:00.000000,0.337829,37.07275,0.015475,0.021437,4.075
07/10/2019 03:10:00.000000,0.307191,36.88525,0.01485,0.018591,3.181395
07/10/2019 03:11:00.000000,0.286648,37.093,0.01495,0.011604,2.9125
07/10/2019 03:12:00.000000,0.273999,37.304,0.01348,0.0129,4.828571
07/10/2019 03:13:00.000000,0.262335,37.272,0.015167,0.012953,5.58
07/10/2019 03:14:00.000000,0.305674,37.62325,0.01505,10.030303,4.145455
07/10/2019 03:15:00.000000,0.361753,38.06975,0.0126,0.018623,4.770588
07/10/2019 03:16:00.000000,0.349162,38.55,0.011833,0.025338,4.714286
07/10/2019 03:17:00.000000,0.327171,38.87875,0.012975,11.02093,4.613953
07/10/2019 03:18:00.000000,0.291712,39.2565,0.01385,0.00401,2.933333
07/10/2019 03:19:00.000000,0.256524,39.41375,0.01355,0.013242,4.148837
07/10/2019 03:20:00.000000,0.258629,39.7485,0.012775,21.912195,3.631707
07/10/2019 03:21:00.000000,0.252461,40.34875,0.010875,0.021105,3.328571
07/10/2019 03:22:00.000000,0.26506,43.12875,0.00975,13.604651,7.946512
07/10/2019 03:23:00.000000,0.303927,41.58875,0.01095,4.513636,4.036364
07/10/2019 03:24:00.000000,0.27737,37.549,0.014725,0.010894,3.042857
07/10/2019 03:25:00.000000,0.280982,37.423,0.016475,0.021799,2.916667
07/10/2019 03:26:00.000000,0.299246,35.4865,0.0162,4.885714,2.728571
07/10/2019 03:27:00.000000,0.296364,32.2455,0.019975,2.7,2.616279
07/10/2019 03:28:00.000000,0.267582,32.2115,0.021475,3.705405,3.605405
07/10/2019 03:29:00.000000,0.279944,,,,
07/10/2019 03:30:00.000000,0.316828,32.67175,0.017725,0.019217,3.528571
07/10/2019 03:31:00.000000,0.40392,32.93025,0.017025,4.555814,2.839535
07/10/2019 03:32:00.000000,0.354199,32.844,0.01915,12.423256,6.4
07/10/2019 03:33:00.000000,0.297415,32.614,0.021,0.012689,4.346341
07/10/2019 03:34:00.000000,0.275618,32.14725,0.022375,0.029467,3.457143
07/10/2019 03:35:00.000000,0.273343,32.312,0.022075,12.209302,3.4
07/10/2019 03:36:00.000000,0.301209,32.38525,0.021775,0.003616,2.367442
07/10/2019 03:37:00.000000,0.260973,31.76975,0.02305,5.870588,2.952941
07/10/2019 03:38:00.000000,0.247419,30.89475,0.02405,0.033136,2.658537
07/10/2019 03:39:00.000000,0.246732,28.83,0.023675,0.005961,2.6
07/10/2019 03:40:00.000000,0.294258,28.76225,0.021325,2.258537,2.258537
07/10/2019 03:41:00.000000,0.287642,27.13825,0.023275,17.090909,2.804545
07/10/2019 03:42:00.000000,0.246645,25.7495,0.02575,4.288095,2.4
07/10/2019 03:43:00.000000,0.216649,27.0975,0.0262,10.9625,2.64
07/10/2019 03:44:00.000000,0.224928,28.29975,0.0238,13.012195,3.226829
07/10/2019 03:45:00.000000,0.270203,28.78675,0.020625,16.627907,3.644186
07/10/2019 03:46:00.000000,0.300369,28.21775,0.023675,0.072116,4.385714
07/10/2019 03:47:00.000000,0.244658,24.69275,0.0305,0.084101,5.588372
07/10/2019 03:48:00.000000,0.336841,12.478,0.0368,0.085367,7.348837
07/10/2019 03:49:00.000000,0.379683,9.480667,0.041633,0.093852,9.64
07/10/2019 03:50:00.000000,0.223891,10.1168,0.04296,0.100162,6.756098
07/10/2019 03:51:00.000000,0.193775,10.347,0.0421,0.100894,9.7
07/10/2019 03:52:00.000000,0.220523,10.452333,0.040325,80.990244,13.54878
07/10/2019 03:53:00.000000,0.211414,10.43,0.0417,0.103547,9.955814
07/10/2019 03:54:00.000000,0.194122,10.557,0.042,87.053846,15.815385
07/10/2019 03:55:00.000000,0.205452,10.57875,0.041575,51.755814,11.493023
07/10/2019 03:56:00.000000,0.182785,10.497,0.0419,64.295349,7.083721
07/10/2019 03:57:00.000000,0.157205,12.03525,0.0416,0.057294,9.375
07/10/2019 03:58:00.000000,0.148507,7.87225,0.04275,0.06129,12.133333
07/10/2019 03:59:00.000000,0.142742,7.2365,0.04385,55.973171,9.014634
07/10/2019 04:00:00.000000,0.188287,8.28475,0.043125,44.225,9.004545
07/10/2019 04:01:00.000000,0.145618,8.06875,0.043575,0.050296,5.5
07/10/2019 04:02:00.000000,0.058223,8.118,0.043125,29.709091,6.959091
07/10/2019 04:03:00.000000,0.001956,8.1785,0.041875,40.904878,5.678049
07/10/2019 04:04:00.000000,-9999.0,7.665,0.04115,40.604651,5.65814
07/10/2019 04:05:00.000000,0.000868,7.4825,0.041675,29.088889,5.44
07/10/2019 04:06:00.000000,0.002921,6.40175,0.044025,25.082927,7.682927
07/10/2019 04:07:00.000000,0.001394,5.89725,0.04475,14.428571,5.514286
07/10/2019 04:08:00.000000,0.000264,5.43925,0.0447,16.728571,5.1
07/10/2019 04:09:00.000000,-9999.0,,,,
07/10/2019 04:10:00.000000,0.003009,5.4655,0.042375,40.933333,6.963889
07/10/2019 04:11:00.000000,-9999.0,5.54575,0.043425,0.015452,3.866667
07/10/2019 04:12:00.000000,0.050999,5.60925,0.043575,29.951282,4.807692
07/10/2019 04:13:00.000000,0.123154,5.6225,0.04305,76.525581,4.755814
07/10/2019 04:14:00.000000,0.166707,5.69875,0.04295,30.673171,8.017073
07/10/2019 04:15:00.000000,0.151256,5.93275,0.0418,23.895,4.62
07/10/2019 04:16:00.000000,0.137885,6.26875,0.041525,32.553659,6.546341
07/10/2019 04:17:00.000000,0.14877,6.38525,0.041425,24.86,5.64
07/10/2019 04:18:00.000000,0.15936,6.3585,0.04245,23.733333,7.853333
07/10/2019 04:19:00.000000,0.152956,6.31025,0.04265,0.02783,6.236585
07/10/2019 04:20:00.000000,0.144235,6.30575,0.0414,23.260465,5.039535
07/10/2019 04:21:00.000000,0.180043,6.4965,0.040775,19.694737,4.226316
07/10/2019 04:22:00.000000,0.195652,6.422,0.0416,0.035993,4.270732
07/10/2019 04:23:00.000000,0.196501,6.3445,0.041225,0.01782,4.127907
07/10/2019 04:24:00.000000,0.174419,6.46125,0.0405,35.436585,4.185366
07/10/2019 04:25:00.000000,0.145825,6.323,0.04205,26.153659,5.22439
07/10/2019 04:26:00.000000,0.143017,6.2715,0.0431,0.027026,4.457143
07/10/2019 04:27:00.000000,0.154725,6.239,0.04315,10.528571,4.557143
07/10/2019 04:28:00.000000,0.161046,6.26775,0.0422,0.025303,7.257143
07/10/2019 04:29:00.000000,0.172497,,,,
07/10/2019 04:30:00.000000,0.172104,8.28175,0.03885,26.623809,6.314286
07/10/2019 04:31:00.000000,0.181532,8.0125,0.040225,17.111111,5.953333
07/10/2019 04:32:00.000000,0.179767,6.8245,0.040975,0.025696,4.871429
07/10/2019 04:33:00.000000,0.172285,6.64775,0.041025,24.514634,5.297561
07/10/2019 04:34:00.000000,0.178731,6.75775,0.04005,17.234884,6.002326
07/10/2019 04:35:00.000000,0.184266,6.717,0.040625,0.00795,5.505
07/10/2019 04:36:00.000000,0.179565,6.543,0.04135,13.728571,6.316667
07/10/2019 04:37:00.000000,0.172176,6.5845,0.039825,21.553488,6.5
07/10/2019 04:38:00.000000,0.242519,6.66475,0.039525,21.477273,4.229545
07/10/2019 04:39:00.000000,0.211781,6.74775,0.040325,21.386047,5.52093
07/10/2019 04:40:00.000000,0.163032,6.988,0.039875,25.368889,6.137778
07/10/2019 04:41:00.000000,0.165703,7.2615,0.04015,0.018654,4.54359
07/10/2019 04:42:00.000000,0.169573,7.23975,0.040875,32.131429,6.048571
07/10/2019 04:43:00.000000,0.207305,7.40825,0.039775,0.041138,9.384211
07/10/2019 04:44:00.000000,0.248645,7.67825,0.039575,22.4375,6.515
07/10/2019 04:45:00.000000,0.204822,7.703,0.039475,0.032277,5.814634
07/10/2019 04:46:00.000000,0.182396,6.55525,0.039225,50.576744,7.474419
07/10/2019 04:47:00.000000,0.22137,0.6575,0.039425,42.345454,5.209091
07/10/2019 04:48:00.000000,0.2136,0.0,0.0401,17.795122,4.202439
07/10/2019 04:49:00.000000,0.173892,,,,
07/10/2019 04:50:00.000000,0.182406,-9999.0,0.041225,13.869048,3.842857
07/10/2019 04:51:00.000000,0.170367,-9999.0,0.042025,5.22,4.11
07/10/2019 04:52:00.000000,0.163795,-9999.0,0.04055,15.888636,7.8
07/10/2019 04:53:00.000000,0.175847,-9999.0,0.04125,0.02535,6.276744
07/10/2019 04:54:00.000000,0.177529,-9999.0,0.041425,0.020243,6.325
07/10/2019 04:55:00.000000,0.212598,-9999.0,0.040025,0.019312,5.475
07/10/2019 04:56:00.000000,0.253084,-9999.0,0.04065,25.8,5.216667
07/10/2019 04:57:00.000000,0.198561,2.316,0.04125,32.4,5.795
07/10/2019 04:58:00.000000,0.16915,2.73375,0.041825,0.026735,8.45
07/10/2019 04:59:00.000000,0.165636,0.21175,0.04125,0.019747,6.7
07/10/2019 05:00:00.000000,0.167891,0.02275,0.0404,15.423077,6.046154
07/10/2019 05:01:00.000000,0.19817,0.09525,0.037275,19.123256,4.537209
07/10/2019 05:02:00.000000,0.204965,0.247,0.03355,0.018971,6.584615
07/10/2019 05:03:00.000000,0.212831,0.37975,0.03315,0.030995,5.457143
07/10/2019 05:04:00.000000,0.234125,0.51525,0.035175,23.276923,5.2
07/10/2019 05:05:00.000000,0.213397,0.654,0.03695,11.8,5.566667
07/10/2019 05:06:00.000000,0.195904,0.74825,0.036575,0.044786,11.295
07/10/2019 05:07:00.000000,0.198729,0.829,0.032925,27.9225,9.33
07/10/2019 05:08:00.000000,0.172539,0.9425,0.029225,0.027221,6.076923
07/10/2019 05:09:00.000000,0.162738,,,,
07/10/2019 05:10:00.000000,0.157538,0.98425,0.0287,21.8,5.583333
07/10/2019 05:11:00.000000,0.169769,0.84375,0.0275,24.394444,6.444444
07/10/2019 05:12:00.000000,0.178533,0.76925,0.0245,0.017886,4.614286
07/10/2019 05:13:00.000000,0.171077,0.729,0.02285,0.065536,4.555
07/10/2019 05:14:00.000000,0.16843,0.725,0.0226,0.036081,9.295122
07/10/2019 05:15:00.000000,0.167351,0.72575,0.023825,0.036071,6.955
07/10/2019 05:16:00.000000,0.163776,1.814,0.028125,0.041013,6.228571
07/10/2019 05:17:00.000000,0.16167,33.15775,0.030525,0.023696,6.370732
07/10/2019 05:18:00.000000,0.170267,63.84475,0.03335,25.790244,6.656098
07/10/2019 05:19:00.000000,0.153416,69.9585,0.03395,0.020863,7.286047
07/10/2019 05:20:00.000000,0.150134,70.14125,0.0326,25.4375,6.6125
07/10/2019 05:21:00.000000,0.154994,69.894,0.03005,0.028927,5.315385
07/10/2019 05:22:00.000000,0.15803,70.016,0.03025,20.409091,5.963636
07/10/2019 05:23:00.000000,0.157493,70.00825,0.0316,0.017079,5.15
07/10/2019 05:24:00.000000,0.158162,69.9775,0.0307,16.6,5.34
07/10/2019 05:25:00.000000,0.167737,70.03925,0.029,21.45,5.8125
07/10/2019 05:26:00.000000,0.182277,60.7185,0.02645,0.046136,7.190698
07/10/2019 05:27:00.000000,0.18611,4.33375,0.027625,21.132558,8.488372
07/10/2019 05:28:00.000000,0.167142,0.0,0.029125,0.026422,6.548837
07/10/2019 05:29:00.000000,0.158923,0.0,0.0279,0.063448,5.943902
07/10/2019 05:30:00.000000,0.157835,-9999.0,0.024725,37.374419,7.793023
07/10/2019 05:31:00.000000,0.160067,-9999.0,0.024325,0.04384,8.271429
07/10/2019 05:32:00.000000,0.165235,-9999.0,0.02395,0.025802,5.718605
07/10/2019 05:33:00.000000,0.165207,-9999.0,0.0224,0.033133,6.563158
07/10/2019 05:34:00.000000,0.165218,-9999.0,0.0227,0.02828,11.415385
07/10/2019 05:35:00.000000,0.16513,-9999.0,0.0238,0.056602,9.55122
07/10/2019 05:36:00.000000,0.213068,5.65225,0.0235,0.02891,7.0125
07/10/2019 05:37:00.000000,0.242166,14.449,0.0263,0.052379,7.125
07/10/2019 05:38:00.000000,0.241181,16.41625,0.028525,29.9,7.030769
07/10/2019 05:39:00.000000,0.195916,21.27525,0.0254,37.236842,8.178947
07/10/2019 05:40:00.000000,0.176157,20.72475,0.0244,0.05326,9.824324
07/10/2019 05:41:00.000000,0.160723,19.79275,0.0281,31.534146,6.119512
07/10/2019 05:42:00.000000,0.147825,18.50725,0.031975,19.406977,5.062791
07/10/2019 05:43:00.000000,0.145678,17.5965,0.03258,0.021067,6.925926
07/10/2019 05:44:00.000000,0.153434,16.56025,0.031633,21.288636,5.690909
07/10/2019 05:45:00.000000,0.139193,15.80375,0.030025,0.033132,5.571429
07/10/2019 05:46:00.000000,0.138236,15.12475,0.02765,0.021521,5.338462
07/10/2019 05:47:00.000000,0.106306,14.34,0.02876,39.472973,8.148649
07/10/2019 05:48:00.000000,0.336334,13.466,0.031333,29.923077,6.046154
07/10/2019 05:49:00.000000,0.74913,13.19425,0.032525,,
07/10/2019 05:50:00.000000,0.943514,13.39175,0.03245,0.045858,9.540476
07/10/2019 05:51:00.000000,0.999166,13.52425,0.0304,0.039752,6.734211
07/10/2019 05:52:00.000000,1.017548,13.199,0.03165,27.5,8.718182
07/10/2019 05:53:00.000000,1.024231,12.40525,0.0341,0.023048,5.4
07/10/2019 05:54:00.000000,1.027099,11.5325,0.035125,21.618919,5.232432
07/10/2019 05:55:00.000000,1.027024,10.7664,0.03566,13.74359,6.607692
07/10/2019 05:56:00.000000,0.979518,10.136333,0.0363,18.45,7.735
07/10/2019 05:57:00.000000,0.485406,9.62625,0.03655,37.015789,4.947368
07/10/2019 05:58:00.000000,0.047446,5.94225,0.03485,38.71,5.49
07/10/2019 05:59:00.000000,0.000385,8.58,0.034175,0.017546,6.62439
07/10/2019 06:00:00.000000,-9999.0,7.70175,0.0358,13.19,6.29
07/10/2019 06:01:00.000000,-9999.0,7.05075,0.036425,17.127273,6.836364
07/10/2019 06:02:00.000000,0.000161,6.8205,0.0366,23.314286,8.119048
07/10/2019 06:03:00.000000,-9999.0,6.89725,0.03615,29.172414,8.086207
07/10/2019 06:04:00.000000,-9999.0,6.9215,0.035625,38.553846,8.730769
07/10/2019 06:05:00.000000,-9999.0,7.01125,0.03535,0.03394,5.644118
07/10/2019 06:06:00.000000,-9999.0,7.11275,0.035225,20.541463,5.334146
07/10/2019 06:07:00.000000,0.019042,7.0605,0.035725,0.026876,6.052632
07/10/2019 06:08:00.000000,0.100218,6.93525,0.03685,16.620513,8.230769
07/10/2019 06:09:00.000000,0.11655,6.9355,0.0368,,
07/10/2019 06:10:00.000000,0.119847,6.88325,0.03685,0.020122,6.613333
07/10/2019 06:11:00.000000,0.112412,5.89875,0.037125,0.022371,9.0
07/10/2019 06:12:00.000000,0.106012,6.76325,0.03585,0.023666,5.566667
07/10/2019 06:13:00.000000,0.115927,6.75775,0.036725,22.076923,8.220513
07/10/2019 06:14:00.000000,0.153185,6.8035,0.036775,23.24,7.24
07/10/2019 06:15:00.000000,0.135815,6.70825,0.036775,30.461905,5.685714
07/10/2019 06:16:00.000000,0.116051,6.632,0.03755,0.018633,5.171429
07/10/2019 06:17:00.000000,0.111334,6.5785,0.037525,25.04186,5.1
07/10/2019 06:18:00.000000,0.107493,6.628,0.0365,22.0,6.592857
07/10/2019 06:19:00.000000,0.110261,6.71525,0.036375,23.542857,5.833333
07/10/2019 06:20:00.000000,0.120265,6.64325,0.03735,22.889189,5.097297
07/10/2019 06:21:00.000000,0.116209,6.40625,0.038975,0.039997,6.777273
07/10/2019 06:22:00.000000,0.113834,6.237,0.03945,34.634146,6.909756
07/10/2019 06:23:00.000000,0.115339,6.17275,0.038975,21.17,6.56
07/10/2019 06:24:00.000000,0.120314,6.179,0.0385,0.02533,4.866667
07/10/2019 06:25:00.000000,0.119378,6.29825,0.03725,0.026164,5.566667
07/10/2019 06:26:00.000000,0.124486,6.35475,0.035875,0.030528,6.041463
07/10/2019 06:27:00.000000,0.14421,6.28625,0.036525,19.390698,5.325581
07/10/2019 06:28:00.000000,0.136456,6.35675,0.037925,15.372727,6.263636
07/10/2019 06:29:00.000000,0.116433,6.585,0.0383,0.022404,7.790698
07/10/2019 06:30:00.000000,0.115753,6.7155,0.0392,0.023265,6.258537
07/10/2019 06:31:00.000000,0.113711,6.76025,0.039525,0.030138,5.233333
07/10/2019 06:32:00.000000,0.113731,6.8495,0.03845,0.022188,6.46
07/10/2019 06:33:00.000000,0.12424,6.74975,0.038525,0.022671,6.673333
07/10/2019 06:34:00.000000,0.125031,6.6145,0.038525,10.677419,4.764516
07/10/2019 06:35:00.000000,0.124799,6.67775,0.03715,25.784211,6.744737
07/10/2019 06:36:00.000000,0.120422,7.14,0.034525,23.436364,7.231818
07/10/2019 06:37:00.000000,0.119085,7.90575,0.031625,15.757895,8.226316
07/10/2019 06:38:00.000000,0.123902,8.82975,0.0307,38.558537,7.404878
07/10/2019 06:39:00.000000,0.129278,10.18075,0.02785,26.465,7.712195
07/10/2019 06:40:00.000000,0.127913,11.85125,0.0244,0.024066,5.895238
07/10/2019 06:41:00.000000,0.130637,13.0925,0.025825,23.205556,6.716667
07/10/2019 06:42:00.000000,0.130642,14.01275,0.0289,28.817949,7.223077
07/10/2019 06:43:00.000000,0.128016,14.5025,0.0308,14.514286,5.157143
07/10/2019 06:44:00.000000,0.142097,14.482,0.0325,0.022158,7.775
07/10/2019 06:45:00.000000,0.140175,14.201,0.0326,0.038669,7.036842
07/10/2019 06:46:00.000000,0.132805,13.77525,0.04695,0.027538,7.485714
07/10/2019 06:47:00.000000,0.137802,12.96525,0.064075,0.011904,5.380488
07/10/2019 06:48:00.000000,0.128832,11.8325,0.064625,0.022149,7.876923
07/10/2019 06:49:00.000000,0.129357,11.47,0.0634,0.045917,7.135135
07/10/2019 06:50:00.000000,0.140276,11.78125,0.062025,0.043602,7.269231
07/10/2019 06:51:00.000000,0.140545,12.20425,0.060725,0.037066,6.609091
07/10/2019 06:52:00.000000,0.126844,13.0045,0.059875,0.041655,5.48
07/10/2019 06:53:00.000000,0.130806,13.8795,0.059975,28.102941,6.658824
07/10/2019 06:54:00.000000,0.129422,14.78025,0.05975,0.026718,8.627027
07/10/2019 06:55:00.000000,0.127801,15.704,0.0602,6.409091,5.712121
07/10/2019 06:56:00.000000,0.12823,16.3795,0.047125,0.022805,6.761765
07/10/2019 06:57:00.000000,0.128582,16.6255,-9999.0,18.852941,4.447059
07/10/2019 06:58:00.000000,0.130582,18.26575,-9999.0,0.043766,5.854545
07/10/2019 06:59:00.000000,0.136252,14.68775,-9999.0,17.984211,7.447368
07/10/2019 07:00:00.000000,0.138605,16.29525,-9999.0,34.278571,8.953571
07/10/2019 07:01:00.000000,0.137626,13.65375,-9999.0,0.033705,6.535
07/10/2019 07:02:00.000000,0.127103,11.78625,-9999.0,0.035426,6.535897
07/10/2019 07:03:00.000000,0.130797,11.08425,-9999.0,0.028357,6.6
07/10/2019 07:04:00.000000,0.137342,8.91175,-9999.0,0.034381,6.435556
07/10/2019 07:05:00.000000,0.129092,8.74325,-9999.0,55.27619,12.742857
07/10/2019 07:06:00.000000,0.216049,8.5735,-9999.0,0.04291,8.942857
07/10/2019 07:07:00.000000,0.249411,8.35075,-9999.0,0.036925,7.827778
07/10/2019 07:08:00.000000,0.151025,8.39125,-9999.0,0.029998,7.636842
07/10/2019 07:09:00.000000,0.136467,,,,
07/10/2019 07:10:00.000000,0.132796,8.9415,-9999.0,0.038982,5.772093
07/10/2019 07:11:00.000000,0.122559,8.925,-9999.0,8.8,4.771429
07/10/2019 07:12:00.000000,0.133285,9.301,-9999.0,0.026254,7.602439
07/10/2019 07:13:00.000000,0.153005,9.444,-9999.0,12.663415,6.990244
07/10/2019 07:14:00.000000,0.145545,9.44175,-9999.0,0.024883,5.263415
07/10/2019 07:15:00.000000,0.149521,9.41025,-9999.0,0.032167,6.72093
07/10/2019 07:16:00.000000,0.132022,9.12875,0.006825,18.634146,7.995122
07/10/2019 07:17:00.000000,0.127058,8.43975,0.044125,19.334146,6.790244
07/10/2019 07:18:00.000000,0.121387,7.831,0.0378,0.023982,8.276923
07/10/2019 07:19:00.000000,0.119254,7.488,0.03565,18.405263,5.652632
07/10/2019 07:20:00.000000,0.118116,6.852,0.034275,33.3375,6.97
07/10/2019 07:21:00.000000,0.116683,6.564,0.034225,33.685,7.0525
07/10/2019 07:22:00.000000,0.119813,6.56625,0.033925,0.049377,8.409756
07/10/2019 07:23:00.000000,0.131324,6.5275,0.033775,0.02519,8.951351
07/10/2019 07:24:00.000000,0.135258,6.393,0.03445,0.018478,8.333333
07/10/2019 07:25:00.000000,0.137544,6.468,0.0339,17.457143,7.366667
07/10/2019 07:26:00.000000,0.14047,6.511,0.034075,18.24,6.775
07/10/2019 07:27:00.000000,0.131695,6.6615,0.03305,9.404545,5.231818
07/10/2019 07:28:00.000000,0.127307,6.77875,0.032775,0.017189,7.28
07/10/2019 07:29:00.000000,0.12598,,,,
07/10/2019 07:30:00.000000,0.124305,6.47,0.034925,0.016657,5.865
07/10/2019 07:31:00.000000,0.131386,6.37475,0.034775,12.704545,6.913636
07/10/2019 07:32:00.000000,0.136523,6.568,0.033375,26.785366,7.370732
07/10/2019 07:33:00.000000,0.14802,6.789,0.032125,0.029125,8.505
07/10/2019 07:34:00.000000,0.154068,6.85975,0.03395,16.890244,6.907317
07/10/2019 07:35:00.000000,0.140884,6.56025,0.0356,0.017708,7.976744
07/10/2019 07:36:00.000000,0.134539,6.4075,0.0355,21.209091,6.3
07/10/2019 07:37:00.000000,0.126028,6.48625,0.0345,0.022735,6.516279
07/10/2019 07:38:00.000000,0.120751,6.8965,0.033275,0.018157,6.176923
07/10/2019 07:39:00.000000,0.118592,7.30625,0.03205,0.042394,7.868421
07/10/2019 07:40:00.000000,0.122712,7.6915,0.0311,22.632558,5.360465
07/10/2019 07:41:00.000000,0.124911,7.6105,0.033875,32.845454,4.984091
07/10/2019 07:42:00.000000,0.12963,7.511,0.035975,0.037204,6.376744
07/10/2019 07:43:00.000000,0.13525,7.6885,0.035,17.084615,5.330769
07/10/2019 07:44:00.000000,0.134977,7.89125,0.034775,0.014857,5.937209
07/10/2019 07:45:00.000000,0.131218,7.7105,0.035975,20.97561,6.697561
07/10/2019 07:46:00.000000,0.146861,7.266,0.0369,18.9,7.134884
07/10/2019 07:47:00.000000,0.274774,6.674,0.036975,0.017125,5.990909
07/10/2019 07:48:00.000000,0.19025,5.8965,0.036675,0.019435,6.784615
07/10/2019 07:49:00.000000,0.125924,5.663,0.03655,0.019496,6.326316
07/10/2019 07:50:00.000000,0.132402,5.56625,0.036525,12.076923,5.776923
07/10/2019 07:51:00.000000,0.136191,5.41875,0.0363,18.826829,5.202439
07/10/2019 07:52:00.000000,0.127827,5.108,0.0369,17.7375,8.415
07/10/2019 07:53:00.000000,0.117393,4.8595,0.037875,16.078571,6.514286
07/10/2019 07:54:00.000000,0.11447,4.56775,0.0383,0.00795,4.809302
07/10/2019 07:55:00.000000,0.110581,4.42925,0.037925,0.020252,6.221951
07/10/2019 07:56:00.000000,0.111631,4.296,0.037875,0.014898,6.670732
07/10/2019 07:57:00.000000,0.113458,4.149,0.03785,0.019373,5.577273
07/10/2019 07:58:00.000000,0.118706,4.06125,0.03715,0.02111,7.95
07/10/2019 07:59:00.000000,0.117856,3.8735,0.036875,22.91,6.7
07/10/2019 08:00:00.000000,0.113588,3.8825,0.03675,25.55641,7.584615
07/10/2019 08:01:00.000000,0.119724,4.15475,0.035875,18.6,6.55
07/10/2019 08:02:00.000000,0.120734,4.5445,0.034725,15.566667,6.219048
07/10/2019 08:03:00.000000,0.146572,4.9465,0.03395,0.01895,6.367442
07/10/2019 08:04:00.000000,0.170599,5.2335,0.03375,21.423077,4.961538
07/10/2019 08:05:00.000000,0.12573,5.5005,0.03365,0.021328,6.173333
07/10/2019 08:06:00.000000,0.116695,5.76575,0.033125,0.024062,8.346154
07/10/2019 08:07:00.000000,0.115366,6.10125,0.032575,0.016184,5.895
07/10/2019 08:08:00.000000,0.119788,6.27275,0.03335,0.050472,6.942857
07/10/2019 08:09:00.000000,0.132565,6.27675,0.03465,18.238095,7.02381
07/10/2019 08:10:00.000000,0.164761,6.091,0.035875,10.639024,5.17561
07/10/2019 08:11:00.000000,0.13953,5.9035,0.03685,0.020654,7.822727
07/10/2019 08:12:00.000000,0.118875,5.8745,0.0363,6.369767,5.288372
07/10/2019 08:13:00.000000,0.118089,5.97025,0.035375,17.4,5.571429
07/10/2019 08:14:00.000000,0.120577,6.0875,0.0344,0.016919,6.297561
07/10/2019 08:15:00.000000,0.119948,6.067,0.0346,0.013801,5.227907
07/10/2019 08:16:00.000000,0.117544,5.9165,0.035675,0.006848,5.0
07/10/2019 08:17:00.000000,0.126064,5.9665,0.035325,10.54,5.51
07/10/2019 08:18:00.000000,0.124731,6.23525,0.034667,0.016979,6.705
07/10/2019 08:19:00.000000,0.125251,6.405,0.035025,0.018028,8.26
07/10/2019 08:20:00.000000,0.122658,6.41575,0.035625,18.586046,6.004651
07/10/2019 08:21:00.000000,0.11354,6.4645,0.0347,12.995454,6.031818
07/10/2019 08:22:00.000000,0.114404,6.61375,0.033675,22.181395,6.1
07/10/2019 08:23:00.000000,0.115515,7.01275,0.032575,13.751111,6.775556
07/10/2019 08:24:00.000000,0.118877,7.526,0.0319,0.019373,5.930952
07/10/2019 08:25:00.000000,0.116514,7.74975,0.03265,0.023623,8.983721
07/10/2019 08:26:00.000000,0.117465,7.91925,0.0333,15.241026,6.792308
07/10/2019 08:27:00.000000,0.120278,8.3585,0.032175,0.014268,6.116216
07/10/2019 08:28:00.000000,0.12084,9.28775,0.02965,0.012148,6.015385
07/10/2019 08:29:00.000000,0.123178,,,,
07/10/2019 08:30:00.000000,0.12412,10.7395,0.02742,0.02162,9.425
07/10/2019 08:31:00.000000,0.125868,11.058,0.0297,0.03741,7.057895
07/10/2019 08:32:00.000000,0.120268,11.34275,0.029725,12.165854,5.57561
07/10/2019 08:33:00.000000,0.117356,10.75825,0.028925,0.013883,6.335
07/10/2019 08:34:00.000000,0.125313,13.7205,0.02678,21.248649,6.689189
07/10/2019 08:35:00.000000,0.132258,16.536,0.024867,0.02002,7.990698
07/10/2019 08:36:00.000000,0.124016,14.8095,0.024825,0.007328,5.4
07/10/2019 08:37:00.000000,0.124396,13.17625,0.02655,15.289474,5.589474
07/10/2019 08:38:00.000000,0.131799,12.97925,0.0279,0.016305,6.369767
07/10/2019 08:39:00.000000,0.128736,13.1,0.02725,18.726316,6.668421
07/10/2019 08:40:00.000000,0.128409,13.2645,0.02665,16.92,7.06
07/10/2019 08:41:00.000000,0.123927,13.077,0.0288,15.660976,7.526829
07/10/2019 08:42:00.000000,0.121087,12.41475,0.03175,0.031582,6.683333
07/10/2019 08:43:00.000000,0.120486,11.71575,0.033475,10.643902,4.963415
07/10/2019 08:44:00.000000,0.121667,11.04275,0.033925,0.021119,6.552632
07/10/2019 08:45:00.000000,0.121948,10.29325,0.03405,0.012254,5.546154
07/10/2019 08:46:00.000000,0.121295,9.45375,0.034625,0.025577,5.555
07/10/2019 08:47:00.000000,0.116623,8.41875,0.035625,0.007165,4.595349
07/10/2019 08:48:00.000000,0.114843,7.25125,0.036125,11.05,5.845
07/10/2019 08:49:00.000000,0.117303,,,,
07/10/2019 08:50:00.000000,0.118024,6.596,0.03525,22.3,5.3
07/10/2019 08:51:00.000000,0.121413,6.563,0.03445,7.92,5.473333
07/10/2019 08:52:00.000000,0.122143,6.36425,0.0351,0.01031,5.670732
07/10/2019 08:53:00.000000,0.124181,6.267,0.036325,0.0214,5.7
07/10/2019 08:54:00.000000,0.121918,6.16575,0.036825,0.014084,5.613636
07/10/2019 08:55:00.000000,0.122135,6.26775,0.03625,13.136842,7.076316
07/10/2019 08:56:00.000000,0.121641,6.29475,0.0357,0.005738,4.466667
07/10/2019 08:57:00.000000,0.118482,6.16875,0.036075,0.013626,6.733333
07/10/2019 08:58:00.000000,0.12111,6.008,0.03605,6.133333,5.3
07/10/2019 08:59:00.000000,0.125128,5.9335,0.036125,0.005778,4.73
07/10/2019 09:00:00.000000,0.119877,5.967,0.036525,0.018752,4.867568
07/10/2019 09:01:00.000000,0.121006,5.956,0.036725,0.012311,4.815
07/10/2019 09:02:00.000000,0.117541,5.971,0.036267,17.456757,5.721622
07/10/2019 09:03:00.000000,0.121761,5.9716,0.03584,0.013289,4.871429
07/10/2019 09:04:00.000000,0.123219,5.952,0.035767,15.531707,6.321951
07/10/2019 09:05:00.000000,0.114505,5.947333,0.036325,0.014186,5.427907
07/10/2019 09:06:00.000000,0.115198,5.83825,0.036725,0.008367,4.428571
07/10/2019 09:07:00.000000,0.113713,5.667,0.0377,0.009406,5.146154
07/10/2019 09:08:00.000000,0.115768,5.519,0.037425,0.010049,5.636842
07/10/2019 09:09:00.000000,0.122615,5.32575,0.03765,,
07/10/2019 09:10:00.000000,0.12039,5.14375,0.038225,0.0149,5.05
07/10/2019 09:11:00.000000,0.119583,4.91225,0.037675,17.822727,6.668182
07/10/2019 09:12:00.000000,0.118755,4.9005,0.0372,0.013208,4.570588
07/10/2019 09:13:00.000000,0.115776,4.946,0.0369,0.021126,4.33
07/10/2019 09:14:00.000000,0.116492,5.0465,0.03725,15.432558,6.106977
07/10/2019 09:15:00.000000,0.113685,5.18875,0.036925,0.012961,4.942857
07/10/2019 09:16:00.000000,0.115372,5.323,0.0363,14.428571,6.242857
07/10/2019 09:17:00.000000,0.115013,5.602,0.035625,0.011379,5.083333
07/10/2019 09:18:00.000000,0.118643,5.77975,0.0368,11.65,6.229545
07/10/2019 09:19:00.000000,0.115743,5.9085,0.0368,0.016234,5.811628
07/10/2019 09:20:00.000000,0.117791,5.947,0.0368,0.017709,4.404545
07/10/2019 09:21:00.000000,0.11659,5.90925,0.037525,0.011114,4.98
07/10/2019 09:22:00.000000,0.113949,5.88575,0.036775,0.01834,4.587805
07/10/2019 09:23:00.000000,0.119087,5.9355,0.03665,0.006962,4.672727
07/10/2019 09:24:00.000000,0.119406,5.84025,0.037825,9.55,5.288636
07/10/2019 09:25:00.000000,0.116376,9.9415,0.034825,24.442857,5.057143
07/10/2019 09:26:00.000000,0.115585,6.113,0.035375,0.014147,4.827907
07/10/2019 09:27:00.000000,0.117994,5.6315,0.03795,0.020518,6.0
07/10/2019 09:28:00.000000,0.118435,6.068,0.0378,0.010839,4.755
07/10/2019 09:29:00.000000,0.130598,6.10475,0.037675,0.00575,4.414634
07/10/2019 09:30:00.000000,0.126976,6.03025,0.03705,31.142857,5.15
07/10/2019 09:31:00.000000,0.117244,5.981,0.0366,0.015185,4.707692
07/10/2019 09:32:00.000000,0.119813,5.91875,0.036975,0.021536,4.685714
07/10/2019 09:33:00.000000,0.121198,5.874,0.037775,0.007959,4.030233
07/10/2019 09:34:00.000000,0.117807,6.03525,0.03775,0.010157,4.928571
07/10/2019 09:35:00.000000,0.113123,4.9585,0.037925,15.014286,7.071429
07/10/2019 09:36:00.000000,0.114391,4.945,0.03875,11.497561,6.034146
07/10/2019 09:37:00.000000,0.11652,4.941,0.03895,0.006188,4.165116
07/10/2019 09:38:00.000000,0.116696,14.1165,0.0323,0.010056,5.338462
07/10/2019 09:39:00.000000,0.129091,16.061,0.035975,7.879487,4.728205
07/10/2019 09:40:00.000000,0.131585,5.88225,0.03765,4.561538,4.176923
07/10/2019 09:41:00.000000,0.114834,6.649,0.0373,0.011419,5.2
07/10/2019 09:42:00.000000,0.115557,7.298,0.036175,0.010229,6.635294
07/10/2019 09:43:00.000000,0.114882,7.613,0.035375,0.010727,5.970732
07/10/2019 09:44:00.000000,0.118955,7.6005,0.03545,12.097674,5.197674
07/10/2019 09:45:00.000000,0.121303,7.60175,0.03565,11.366667,4.928571
07/10/2019 09:46:00.000000,0.123021,7.45225,0.03685,9.721739,5.856522
07/10/2019 09:47:00.000000,0.15852,7.27725,0.037325,0.014758,5.66
07/10/2019 09:48:00.000000,0.150777,7.031,0.0377,0.023938,5.682051
07/10/2019 09:49:00.000000,0.136067,,0.034425,,
07/10/2019 09:50:00.000000,0.194166,8.695,0.0332,16.488636,6.609091
07/10/2019 09:51:00.000000,0.175169,4.8165,0.038125,0.015776,6.923077
07/10/2019 09:52:00.000000,0.137778,4.17925,0.0395,0.012254,5.6
07/10/2019 09:53:00.000000,0.137087,5.84625,0.038625,0.01203,6.771429
07/10/2019 09:54:00.000000,0.139176,10.56525,0.03465,0.008631,5.15814
07/10/2019 09:55:00.000000,0.150635,11.374,0.033775,0.017099,5.490909
07/10/2019 09:56:00.000000,0.137289,6.7675,0.03565,0.013129,4.911628
07/10/2019 09:57:00.000000,0.130852,5.876,0.03755,13.764286,5.314286
07/10/2019 09:58:00.000000,0.133378,5.78375,0.036625,0.018686,6.838462
07/10/2019 09:59:00.000000,0.133991,5.7615,0.036175,0.012926,7.013953
07/10/2019 10:00:00.000000,0.127516,5.72475,0.037475,16.934884,5.967442
07/10/2019 10:01:00.000000,0.081935,5.57775,0.03805,0.00802,4.525
07/10/2019 10:02:00.000000,0.039171,5.342,0.03905,9.694286,5.008571
07/10/2019 10:03:00.000000,-9999.0,5.24425,0.0391,11.172093,5.788372
07/10/2019 10:04:00.000000,-9999.0,9.1,0.0365,0.015735,5.9
07/10/2019 10:05:00.000000,-9999.0,6.6055,0.035625,7.632558,4.953488
07/10/2019 10:06:00.000000,-9999.0,5.31075,0.037775,0.013313,6.153846
07/10/2019 10:07:00.000000,-9999.0,5.631,0.037925,0.008692,5.176316
07/10/2019 10:08:00.000000,-9999.0,5.63075,0.037525,6.53,4.815
07/10/2019 10:09:00.000000,-9999.0,5.809,0.03595,0.012624,5.475556
07/10/2019 10:10:00.000000,-9999.0,5.983,0.035,0.016405,6.338462
07/10/2019 10:11:00.000000,-9999.0,6.65125,0.035625,0.030493,4.951163
07/10/2019 10:12:00.000000,0.062127,10.07525,0.034825,0.018743,6.919512
07/10/2019 10:13:00.000000,0.114065,7.043,0.03555,0.010744,5.25122
07/10/2019 10:14:00.000000,0.131359,5.75025,0.0375,18.711628,6.018605
07/10/2019 10:15:00.000000,0.134842,5.73675,0.0378,0.014932,5.689362
07/10/2019 10:16:00.000000,0.165357,6.48725,0.036725,23.06,5.765
07/10/2019 10:17:00.000000,0.15836,13.9085,0.0329,0.020776,8.430303
07/10/2019 10:18:00.000000,0.138514,7.565,0.034775,0.011161,4.828571
07/10/2019 10:19:00.000000,0.132256,6.399,0.037225,0.010591,5.723077
07/10/2019 10:20:00.000000,0.132396,6.517,0.036575,0.00927,4.984615
07/10/2019 10:21:00.000000,0.134827,6.54675,0.036425,0.024689,4.887805
07/10/2019 10:22:00.000000,0.140566,6.583,0.036,12.6,5.746154
07/10/2019 10:23:00.000000,0.148674,6.719,0.034675,11.774419,5.481395
07/10/2019 10:24:00.000000,0.190738,6.88225,0.0342,22.525,8.545
07/10/2019 10:25:00.000000,0.27697,7.1375,0.03385,0.020705,7.557143
07/10/2019 10:26:00.000000,0.687622,7.354,0.03365,26.883721,8.418605
07/10/2019 10:27:00.000000,0.521719,7.5415,0.034775,17.063158,7.589474
07/10/2019 10:28:00.000000,0.195672,7.58725,0.0354,12.85122,6.487805
07/10/2019 10:29:00.000000,0.154959,7.56475,0.035725,13.780488,5.873171
07/10/2019 10:30:00.000000,0.153468,7.50425,0.035925,11.840909,5.884091
07/10/2019 10:31:00.000000,0.15572,7.3385,0.036375,0.013897,5.645
07/10/2019 10:32:00.000000,0.154486,7.10225,0.03645,12.453659,5.685366
07/10/2019 10:33:00.000000,0.153905,6.73575,0.036775,0.012222,6.216279
07/10/2019 10:34:00.000000,0.152787,6.6705,0.03705,0.011826,5.1
07/10/2019 10:35:00.000000,0.169966,6.495,0.03745,0.010253,5.152273
07/10/2019 10:36:00.000000,0.171578,6.2865,0.038275,0.023175,4.946154
07/10/2019 10:37:00.000000,0.188854,6.10775,0.0381,0.012973,5.157143
07/10/2019 10:38:00.000000,0.161741,6.11975,0.036475,0.013166,6.22
07/10/2019 10:39:00.000000,0.169796,6.093,0.036125,11.45,5.666667
07/10/2019 10:40:00.000000,0.276835,6.35275,0.03625,0.013785,6.105263
07/10/2019 10:41:00.000000,0.386416,6.683,0.0348,10.946512,5.339535
07/10/2019 10:42:00.000000,0.206527,6.51025,0.035325,10.4625,5.03
07/10/2019 10:43:00.000000,0.157053,5.98675,0.03505,13.307143,6.114286
07/10/2019 10:44:00.000000,0.161306,16.64075,0.031033,13.956098,4.84878
07/10/2019 10:45:00.000000,0.160771,14.2655,0.02745,17.183721,6.148837
07/10/2019 10:46:00.000000,0.20296,9.99025,0.03005,21.666667,6.022222
07/10/2019 10:47:00.000000,0.250869,12.7765,0.03295,8.6175,4.9275
07/10/2019 10:48:00.000000,0.240234,10.557,0.034375,8.958537,4.956098
07/10/2019 10:49:00.000000,0.22191,8.83975,0.0341,0.024939,8.7
07/10/2019 10:50:00.000000,0.334517,23.98225,0.024925,32.036585,8.019512
07/10/2019 10:51:00.000000,0.274831,10.09125,0.025175,8.728571,5.133333
07/10/2019 10:52:00.000000,0.209331,8.93125,0.0317,26.197674,4.85814
07/10/2019 10:53:00.000000,0.308672,9.34825,0.032375,7.3,4.22
07/10/2019 10:54:00.000000,0.321865,9.94175,0.034075,0.032197,6.225
07/10/2019 10:55:00.000000,0.427053,10.5435,0.03445,27.817073,6.6
07/10/2019 10:56:00.000000,0.274116,14.8935,0.0328,13.795455,6.011364
07/10/2019 10:57:00.000000,0.210707,9.3115,0.03325,0.007198,5.387805
07/10/2019 10:58:00.000000,0.22858,8.8105,0.034,28.938462,5.892308
07/10/2019 10:59:00.000000,0.212365,7.57975,0.0343,14.072093,5.139535
07/10/2019 11:00:00.000000,0.197203,7.3345,0.03505,0.030007,5.092308
07/10/2019 11:01:00.000000,0.211499,7.43925,0.035,25.042857,6.728571
07/10/2019 11:02:00.000000,0.241749,7.89725,0.0322,16.44878,7.0
07/10/2019 11:03:00.000000,0.303617,8.2245,0.030875,25.9375,5.81
07/10/2019 11:04:00.000000,0.420557,7.7915,0.03225,0.016626,6.030233
07/10/2019 11:05:00.000000,0.332214,12.798,0.030475,18.916667,5.747619
07/10/2019 11:06:00.000000,0.214554,10.292,0.029925,0.01105,5.2
07/10/2019 11:07:00.000000,0.222694,8.15375,0.033375,11.782051,5.710256
07/10/2019 11:08:00.000000,0.212707,7.1475,0.03475,0.014872,5.29
07/10/2019 11:09:00.000000,0.175509,7.13425,0.03495,16.158139,5.702326
07/10/2019 11:10:00.000000,0.160224,7.662,0.034475,0.013645,5.884091
07/10/2019 11:11:00.000000,0.165991,19.633,0.029625,22.232558,7.993023
07/10/2019 11:12:00.000000,0.187263,10.7675,0.028525,0.020721,7.005128
07/10/2019 11:13:00.000000,0.221513,9.42525,0.031925,0.017356,7.041463
07/10/2019 11:14:00.000000,0.238601,8.379,0.0337,9.261538,6.507692
07/10/2019 11:15:00.000000,0.178609,8.40675,0.0337,0.031964,5.465
07/10/2019 11:16:00.000000,0.188409,13.45125,0.02925,15.49,6.83
07/10/2019 11:17:00.000000,0.269018,8.91825,0.029275,0.015511,5.12093
07/10/2019 11:18:00.000000,0.224544,9.0875,0.0329,8.976923,5.223077
07/10/2019 11:19:00.000000,0.181564,11.49625,0.031075,10.883333,6.133333
07/10/2019 11:20:00.000000,0.19164,9.9875,0.030675,0.014973,6.895
07/10/2019 11:21:00.000000,0.191842,9.99975,0.0312,0.017315,6.069231
07/10/2019 11:22:00.000000,0.259681,9.901,0.0312,11.657143,5.483333
07/10/2019 11:23:00.000000,0.284747,9.85875,0.03215,0.012159,6.488372
07/10/2019 11:24:00.000000,0.251797,9.98325,0.030775,12.454762,6.357143
07/10/2019 11:25:00.000000,0.301894,10.22075,0.029425,13.509091,7.854545
07/10/2019 11:26:00.000000,0.27342,10.2855,0.030275,0.014964,6.895349
07/10/2019 11:27:00.000000,0.28013,10.453,0.0305,11.681818,5.404545
07/10/2019 11:28:00.000000,0.298561,10.64875,0.03035,14.685714,7.428571
07/10/2019 11:29:00.000000,0.294175,10.79275,0.0302,13.565116,6.509302
07/10/2019 11:30:00.000000,0.276158,14.690667,0.030325,0.013708,6.3
07/10/2019 11:31:00.000000,0.241164,24.402,0.0296,0.013931,6.467442
07/10/2019 11:32:00.000000,0.233148,18.218,0.029975,31.206977,6.930233
07/10/2019 11:33:00.000000,0.216419,12.621,0.030875,0.018234,5.990909
07/10/2019 11:34:00.000000,0.353948,10.1475,0.030125,0.030747,6.0475
07/10/2019 11:35:00.000000,0.431394,11.009,0.0296,0.019378,6.1
07/10/2019 11:36:00.000000,0.294838,10.90275,0.030625,13.114286,6.442857
07/10/2019 11:37:00.000000,0.28601,15.04975,0.029375,0.013769,5.814286
07/10/2019 11:38:00.000000,0.277152,12.02075,0.030775,5.565909,4.690909
07/10/2019 11:39:00.000000,0.235518,14.31175,0.029675,28.3,7.7175
07/10/2019 11:40:00.000000,0.227637,13.93775,0.02855,0.020329,5.941304
07/10/2019 11:41:00.000000,0.222308,13.84325,0.02945,15.215789,7.015789
07/10/2019 11:42:00.000000,0.488357,14.0755,0.027775,0.029046,8.230769
07/10/2019 11:43:00.000000,0.598104,14.5675,0.02675,8.574286,6.554286
07/10/2019 11:44:00.000000,0.399641,16.87925,0.024925,26.004545,8.054545
07/10/2019 11:45:00.000000,0.332293,31.20475,0.023675,0.019236,5.995122
07/10/2019 11:46:00.000000,0.555314,31.65325,0.022875,17.181818,7.954545
07/10/2019 11:47:00.000000,0.517473,20.0065,0.024075,0.011015,5.571429
07/10/2019 11:48:00.000000,0.339642,11.35575,0.02965,0.01546,4.715385
07/10/2019 11:49:00.000000,0.253634,13.79725,0.030125,9.378571,5.664286
07/10/2019 11:50:00.000000,0.250195,13.27425,0.0296,8.03,5.97
07/10/2019 11:51:00.000000,0.306246,14.537,0.0296,16.655,6.255
07/10/2019 11:52:00.000000,0.350955,16.0485,0.0293,12.869231,6.130769
07/10/2019 11:53:00.000000,0.307172,11.625,0.03055,0.010325,5.758537
07/10/2019 11:54:00.000000,0.22625,10.267,0.0325,0.0164,5.273171
07/10/2019 11:55:00.000000,0.224049,14.6645,0.031225,0.019079,7.922222
07/10/2019 11:56:00.000000,0.274566,12.19975,0.029275,0.012881,5.676744
07/10/2019 11:57:00.000000,0.356538,13.7765,0.02885,0.016814,5.792308
07/10/2019 11:58:00.000000,0.451927,15.9795,0.027525,0.015338,6.497561
07/10/2019 11:59:00.000000,0.37448,14.0905,0.02825,0.028957,8.142857
07/10/2019 12:00:00.000000,0.272411,11.97525,0.03,32.5125,7.295
07/10/2019 12:01:00.000000,0.283982,14.3725,0.03015,20.348718,5.576923
07/10/2019 12:02:00.000000,0.338136,18.1435,0.028625,12.210256,5.823077
07/10/2019 12:03:00.000000,0.468639,18.0,0.028025,0.014924,5.143182
07/10/2019 12:04:00.000000,0.324128,12.34925,0.03105,0.02146,5.0
07/10/2019 12:05:00.000000,0.254868,11.261,0.03105,23.885,6.4025
07/10/2019 12:06:00.000000,0.249285,21.108,0.026925,20.395238,8.021429
07/10/2019 12:07:00.000000,0.243322,21.3475,0.025325,0.019575,6.663415
07/10/2019 12:08:00.000000,0.294455,28.56775,0.0216,0.019009,6.142857
07/10/2019 12:09:00.000000,0.322368,20.2655,0.0213,0.023805,6.184615
07/10/2019 12:10:00.000000,0.348857,18.5445,0.0251,0.014148,6.2
07/10/2019 12:11:00.000000,0.346458,19.7715,0.023825,0.022658,5.613953
07/10/2019 12:12:00.000000,0.448017,25.5515,0.018675,17.668293,6.743902
07/10/2019 12:13:00.000000,0.424176,24.84675,0.01915,34.376923,7.507692
07/10/2019 12:14:00.000000,0.365386,25.402,0.020125,0.028854,7.686047
07/10/2019 12:15:00.000000,0.434899,16.0055,0.024575,0.020451,6.360465
07/10/2019 12:16:00.000000,0.400942,17.926,0.026225,0.01792,5.8525
07/10/2019 12:17:00.000000,0.499588,14.157,0.026325,27.758537,7.165854
07/10/2019 12:18:00.000000,0.349804,16.68225,0.027075,0.019256,5.836842
07/10/2019 12:19:00.000000,0.29402,15.20675,0.028625,15.1125,6.79
07/10/2019 12:20:00.000000,0.322766,25.3335,0.025275,28.342857,7.428571
07/10/2019 12:21:00.000000,0.422394,20.30175,0.022725,0.042522,6.313953
07/10/2019 12:22:00.000000,0.361012,15.52075,0.02575,0.023751,8.627027
07/10/2019 12:23:00.000000,0.303311,14.75875,0.028875,0.02278,9.087879
07/10/2019 12:24:00.000000,0.318019,13.69575,0.02645,0.017576,7.266667
07/10/2019 12:25:00.000000,0.402205,19.50125,0.02525,13.953333,6.433333
07/10/2019 12:26:00.000000,0.435394,12.81575,0.02765,0.011148,5.628571
07/10/2019 12:27:00.000000,0.299306,17.762,0.025625,23.826471,6.664706
07/10/2019 12:28:00.000000,0.313734,19.76725,0.022867,14.284091,7.045455
07/10/2019 12:29:00.000000,0.34335,21.57375,0.0214,,
07/10/2019 12:30:00.000000,0.390638,20.228,0.0217,9.325,6.5
07/10/2019 12:31:00.000000,0.427473,19.2245,0.022333,5.442857,5.128571
07/10/2019 12:32:00.000000,0.507694,21.475,0.019375,0.01553,6.685
07/10/2019 12:33:00.000000,0.614739,23.30825,0.018125,0.007379,5.583333
07/10/2019 12:34:00.000000,0.497194,22.7845,0.018375,0.023977,7.34878
07/10/2019 12:35:00.000000,0.388454,26.65575,0.01585,0.020661,7.529268
07/10/2019 12:36:00.000000,0.449174,34.6495,0.01328,16.458823,7.782353
07/10/2019 12:37:00.000000,0.450639,29.34125,0.0137,29.134146,15.397561
07/10/2019 12:38:00.000000,0.460094,20.43725,0.0174,42.716667,12.430555
07/10/2019 12:39:00.000000,0.453233,20.236,0.019275,18.130952,7.114286
07/10/2019 12:40:00.000000,0.339463,24.33325,0.01888,6.233333,5.273333
07/10/2019 12:41:00.000000,0.310943,28.00425,0.016467,0.032297,5.776923
07/10/2019 12:42:00.000000,0.376702,26.38975,0.016675,17.521053,5.647368
07/10/2019 12:43:00.000000,0.351659,28.312,0.01835,19.464286,6.028571
07/10/2019 12:44:00.000000,0.368417,41.37325,0.018125,0.038777,6.438462
07/10/2019 12:45:00.000000,0.381658,14.7995,0.02225,13.102439,5.973171
07/10/2019 12:46:00.000000,0.290578,12.081,0.02655,0.011495,5.813158
07/10/2019 12:47:00.000000,0.272303,17.158,0.025725,8.369231,5.225641
07/10/2019 12:48:00.000000,0.338269,13.902,0.027375,10.07,6.12
07/10/2019 12:49:00.000000,0.292778,25.11375,0.024625,,
07/10/2019 12:50:00.000000,0.341792,18.273,0.0239,0.024236,6.180488
07/10/2019 12:51:00.000000,0.415264,19.86,0.0238,0.021977,5.638462
07/10/2019 12:52:00.000000,0.38993,15.309,0.02375,0.015654,5.841463
07/10/2019 12:53:00.000000,0.360248,13.12,0.026775,0.021066,11.061538
07/10/2019 12:54:00.000000,0.409008,15.58325,0.0253,0.027911,6.475
07/10/2019 12:55:00.000000,0.44364,15.038,0.02435,17.139024,5.926829
07/10/2019 12:56:00.000000,0.430662,13.29975,0.02525,0.020612,7.893023
07/10/2019 12:57:00.000000,0.319197,10.79825,0.02592,0.019762,8.684848
07/10/2019 12:58:00.000000,0.3502,12.35975,0.0257,17.417021,7.168085
07/10/2019 12:59:00.000000,0.783823,15.872,0.024675,0.015101,5.790244
07/10/2019 13:00:00.000000,0.957241,11.13675,0.0262,0.007315,5.011364
07/10/2019 13:01:00.000000,1.076597,14.0615,0.0271,14.365116,5.502326
07/10/2019 13:02:00.000000,0.713206,12.678,0.027425,0.007837,5.516667
07/10/2019 13:03:00.000000,0.333404,13.25925,0.026775,0.015459,4.327907
07/10/2019 13:04:00.000000,0.339318,26.4175,0.024275,0.018054,4.702326
07/10/2019 13:05:00.000000,0.406866,18.93725,0.02355,15.05,5.383333
07/10/2019 13:06:00.000000,0.457743,14.30625,0.02465,0.015315,7.042857
07/10/2019 13:07:00.000000,0.368233,15.53725,0.0253,0.010504,6.014286
07/10/2019 13:08:00.000000,0.501475,15.29425,0.02565,0.025327,5.719512
07/10/2019 13:09:00.000000,0.590777,,,,
07/10/2019 13:10:00.000000,0.478656,13.53125,0.02475,0.030191,7.608889
07/10/2019 13:11:00.000000,0.411357,12.93525,0.026125,0.025714,6.895
07/10/2019 13:12:00.000000,0.378352,12.95,0.0259,0.02092,6.363636
07/10/2019 13:13:00.000000,0.34746,12.5115,0.027667,6.84,5.28
07/10/2019 13:14:00.000000,0.268332,12.6155,0.02896,9.161538,6.369231
07/10/2019 13:15:00.000000,0.23251,12.92275,0.0274,0.007653,4.954839
07/10/2019 13:16:00.000000,0.253626,13.39575,0.026467,6.032558,4.983721
07/10/2019 13:17:00.000000,0.271773,16.511,0.025275,7.775,6.19
07/10/2019 13:18:00.000000,0.345364,25.0855,0.022625,12.285714,6.983333
07/10/2019 13:19:00.000000,0.375463,23.1345,0.0218,5.952381,5.3
07/10/2019 13:20:00.000000,0.363378,14.93225,0.024975,0.005576,4.573171
07/10/2019 13:21:00.000000,0.281607,9.22725,0.0273,0.019593,6.995349
07/10/2019 13:22:00.000000,0.24642,7.325,0.0303,6.542857,5.15
07/10/2019 13:23:00.000000,0.211606,11.31225,0.033425,0.014897,5.72439
07/10/2019 13:24:00.000000,0.220689,7.503,0.034575,0.016391,8.460976
07/10/2019 13:25:00.000000,0.194846,8.3375,0.03665,0.010375,5.997561
07/10/2019 13:26:00.000000,0.177971,9.1415,0.0354,0.033794,15.955
07/10/2019 13:27:00.000000,0.181395,7.4835,0.0354,0.019767,8.55
07/10/2019 13:28:00.000000,0.194262,7.50725,0.0358,0.012441,6.629268
07/10/2019 13:29:00.000000,0.205128,7.2565,0.036275,0.019787,6.092308
07/10/2019 13:30:00.000000,0.196609,7.07975,0.03595,13.823333,5.806667
07/10/2019 13:31:00.000000,0.198295,7.055667,0.034775,8.709302,5.369767
07/10/2019 13:32:00.000000,0.200334,7.0785,0.0331,0.015327,5.64
07/10/2019 13:33:00.000000,0.246205,7.4095,0.031975,6.033333,5.024444
07/10/2019 13:34:00.000000,0.339294,11.55075,0.03055,12.035714,4.814286
07/10/2019 13:35:00.000000,0.377471,6.554,0.03355,5.77619,4.8
07/10/2019 13:36:00.000000,0.329314,7.376,0.034825,4.889286,4.889286
07/10/2019 13:37:00.000000,0.263638,7.81175,0.034075,14.015152,5.384848
07/10/2019 13:38:00.000000,0.238499,27.41275,0.031233,6.47,6.173333
07/10/2019 13:39:00.000000,0.22981,6.945,0.03135,0.013359,4.925
07/10/2019 13:40:00.000000,0.30741,5.92175,0.035625,5.17,4.105
07/10/2019 13:41:00.000000,0.292314,7.167,0.0379,0.011064,5.118605
07/10/2019 13:42:00.000000,0.214028,15.064,0.0343,8.523077,5.135897
07/10/2019 13:43:00.000000,0.235412,8.97675,0.0327,0.012556,5.442857
07/10/2019 13:44:00.000000,0.306605,9.71375,0.033275,0.02823,6.5725
07/10/2019 13:45:00.000000,0.388884,8.47125,0.0328,24.21,6.715
07/10/2019 13:46:00.000000,0.313114,4.79275,0.036175,0.006872,4.290698
07/10/2019 13:47:00.000000,0.263396,4.43575,0.03845,14.575,5.26
07/10/2019 13:48:00.000000,0.221616,5.88,0.0374,0.006851,4.728571
07/10/2019 13:49:00.000000,0.244469,9.898,0.034025,9.106977,5.546512
07/10/2019 13:50:00.000000,0.27418,7.0425,0.033775,18.357143,6.385714
07/10/2019 13:51:00.000000,0.225724,8.57675,0.0347,0.013916,7.271429
07/10/2019 13:52:00.000000,0.227141,12.7975,0.03225,35.185714,7.485714
07/10/2019 13:53:00.000000,0.325748,10.55525,0.030175,0.044391,4.744444
07/10/2019 13:54:00.000000,0.323765,6.81275,0.031975,0.013779,5.942857
07/10/2019 13:55:00.000000,0.27232,7.91975,0.03275,7.542857,5.0
07/10/2019 13:56:00.000000,0.28453,7.8365,0.0342,0.007784,5.307692
07/10/2019 13:57:00.000000,0.2967,12.03575,0.03505,19.4125,5.825
07/10/2019 13:58:00.000000,0.288425,9.326,0.0336,9.655,4.625
07/10/2019 13:59:00.000000,0.296414,9.89825,0.0331,0.017366,7.364103
07/10/2019 14:00:00.000000,0.283217,9.10975,0.03415,6.078261,5.321739
07/10/2019 14:01:00.000000,0.29727,11.884667,0.034025,0.005152,4.213953
07/10/2019 14:02:00.000000,0.275782,7.1455,0.034,10.231818,4.772727
07/10/2019 14:03:00.000000,0.274388,9.183,0.032925,12.780488,5.839024
07/10/2019 14:04:00.000000,0.30774,12.51275,0.030425,0.015194,5.487805
07/10/2019 14:05:00.000000,0.338819,12.48625,0.031,17.434884,4.883721
07/10/2019 14:06:00.000000,0.377919,12.03875,0.0319,0.029113,4.884091
07/10/2019 14:07:00.000000,0.362555,11.7395,0.029725,6.3875,3.965
07/10/2019 14:08:00.000000,0.34603,11.45175,0.030425,13.818182,4.809091
07/10/2019 14:09:00.000000,0.368074,11.013,0.0328,5.829268,4.487805
07/10/2019 14:10:00.000000,0.335261,10.8035,0.032425,0.016149,4.569231
07/10/2019 14:11:00.000000,0.290012,9.384,0.032525,17.597561,8.270732
07/10/2019 14:12:00.000000,0.474448,9.719,0.031825,0.017805,6.113333
07/10/2019 14:13:00.000000,0.451003,14.2445,0.0299,0.026522,7.47
07/10/2019 14:14:00.000000,0.389177,16.25775,0.02925,13.85122,6.946341
07/10/2019 14:15:00.000000,0.416927,11.38325,0.03135,0.014141,6.629268
07/10/2019 14:16:00.000000,0.336164,11.7695,0.031775,0.007909,5.571429
07/10/2019 14:17:00.000000,0.304421,12.874,0.0304,13.438462,6.161538
07/10/2019 14:18:00.000000,0.320242,12.1445,0.030825,12.490698,6.472093
07/10/2019 14:19:00.000000,0.455735,11.71775,0.033825,0.017826,6.411905
07/10/2019 14:20:00.000000,0.326731,10.989,0.0362,5.820513,4.707692
07/10/2019 14:21:00.000000,0.208776,10.57,0.035375,7.230952,5.085714
07/10/2019 14:22:00.000000,0.220444,10.27775,0.034425,10.984615,5.284615
07/10/2019 14:23:00.000000,0.239264,9.836,0.03445,0.011615,5.555
07/10/2019 14:24:00.000000,0.24349,9.4365,0.0333,10.345,6.11
07/10/2019 14:25:00.000000,0.260851,8.9845,0.03235,0.024244,5.866667
07/10/2019 14:26:00.000000,0.373301,19.958,0.029325,0.016019,5.8
07/10/2019 14:27:00.000000,0.518872,14.0055,0.0283,12.821951,7.421951
07/10/2019 14:28:00.000000,0.425732,8.7105,0.0314,0.016502,5.065
07/10/2019 14:29:00.000000,0.32707,11.824,0.032075,11.890476,5.457143
07/10/2019 14:30:00.000000,0.276565,8.79925,0.03195,0.011858,6.79
07/10/2019 14:31:00.000000,0.273057,12.461,0.03065,0.013807,6.314286
07/10/2019 14:32:00.000000,0.312118,8.02,0.032575,10.817073,5.95122
07/10/2019 14:33:00.000000,0.257611,8.72625,0.03375,9.918421,6.321053
07/10/2019 14:34:00.000000,0.308323,16.15575,0.02845,0.01872,7.997727
07/10/2019 14:35:00.000000,0.471155,16.1255,0.02565,12.1,6.653333
07/10/2019 14:36:00.000000,0.562775,15.1115,0.02685,10.567442,5.195349
07/10/2019 14:37:00.000000,0.489663,12.34,0.02855,0.015028,5.602326
07/10/2019 14:38:00.000000,0.431055,8.3445,0.0336,18.589744,4.430769
07/10/2019 14:39:00.000000,0.367982,8.066,0.034725,11.965116,5.539535
07/10/2019 14:40:00.000000,0.260396,9.5055,0.032525,12.069231,5.969231
07/10/2019 14:41:00.000000,0.342294,15.79175,0.0289,0.024899,6.492308
07/10/2019 14:42:00.000000,0.579783,16.65775,0.027375,0.013323,4.78
07/10/2019 14:43:00.000000,0.393614,8.90675,0.0331,12.59,4.755
07/10/2019 14:44:00.000000,0.282119,7.786,0.0356,21.593333,4.713333
07/10/2019 14:45:00.000000,0.276646,8.69,0.034475,12.785,6.57
07/10/2019 14:46:00.000000,0.375627,7.931,0.0328,16.213636,5.302273
07/10/2019 14:47:00.000000,0.32194,8.3955,0.0346,10.712195,5.768293
07/10/2019 14:48:00.000000,0.290686,7.69975,0.0361,10.565854,5.217073
07/10/2019 14:49:00.000000,0.413,,0.035475,,
07/10/2019 14:50:00.000000,0.503855,8.2315,0.033825,8.848837,5.539535
07/10/2019 14:51:00.000000,0.400506,8.11175,0.033825,0.01359,6.168293
07/10/2019 14:52:00.000000,0.331157,8.28325,0.0353,8.948837,5.965116
07/10/2019 14:53:00.000000,0.268268,6.05525,0.0369,5.612195,5.131707
07/10/2019 14:54:00.000000,0.304411,10.32775,0.035075,0.015276,6.195122
07/10/2019 14:55:00.000000,0.457922,15.548,0.03105,0.013686,7.0
07/10/2019 14:56:00.000000,0.450572,11.49525,0.0324,0.024328,5.425581
07/10/2019 14:57:00.000000,0.391739,9.0945,0.034725,15.77561,5.265854
07/10/2019 14:58:00.000000,0.298947,8.17625,0.035875,0.015276,6.405
07/10/2019 14:59:00.000000,0.236877,7.842,0.035975,0.013707,4.872727
07/10/2019 15:00:00.000000,0.22821,13.411,0.03275,11.846512,5.202326
07/10/2019 15:01:00.000000,0.279949,11.82525,0.03155,0.027675,4.781818
07/10/2019 15:02:00.000000,0.355657,9.579,0.033325,13.616667,5.104762
07/10/2019 15:03:00.000000,0.381207,15.728,0.03095,35.3875,5.9875
07/10/2019 15:04:00.000000,0.393429,16.088,0.0308,38.8,5.325581
07/10/2019 15:05:00.000000,0.323369,8.765,0.0336,17.633333,6.033333
07/10/2019 15:06:00.000000,0.258988,10.594,0.03285,16.12,6.394286
07/10/2019 15:07:00.000000,0.279274,9.26825,0.032825,0.014944,7.616216
07/10/2019 15:08:00.000000,0.32103,12.39875,0.031875,25.95,6.455
07/10/2019 15:09:00.000000,0.361056,13.20175,0.031275,16.321951,7.22439
07/10/2019 15:10:00.000000,0.309678,9.57425,0.032475,9.685,7.145
07/10/2019 15:11:00.000000,0.253671,8.171,0.03475,0.031665,6.328571
07/10/2019 15:12:00.000000,0.229032,8.1815,0.0353,0.023829,4.979487
07/10/2019 15:13:00.000000,0.243134,8.22275,0.034925,0.007742,5.057143
07/10/2019 15:14:00.000000,0.276948,8.45975,0.033925,0.015162,5.975
07/10/2019 15:15:00.000000,0.316666,8.741,0.033325,0.025564,6.014634
07/10/2019 15:16:00.000000,0.350753,13.04875,0.031925,0.023237,7.4
07/10/2019 15:17:00.000000,0.360228,10.929,0.032425,17.875,6.1125
07/10/2019 15:18:00.000000,0.30233,9.98825,0.033525,26.714286,5.066667
07/10/2019 15:19:00.000000,0.354419,9.983,0.032975,11.539535,5.144186
07/10/2019 15:20:00.000000,0.372486,10.34475,0.03185,0.017459,5.71
07/10/2019 15:21:00.000000,0.369518,10.74425,0.03145,23.207317,8.619512
07/10/2019 15:22:00.000000,0.515431,10.83325,0.03275,7.521739,5.554348
07/10/2019 15:23:00.000000,0.449471,10.8265,0.0337,4.803125,4.803125
07/10/2019 15:24:00.000000,0.332225,10.84925,0.033775,0.033922,6.6
07/10/2019 15:25:00.000000,0.319918,10.884,0.0336,0.019864,7.326829
07/10/2019 15:26:00.000000,0.298864,10.7575,0.03505,0.018835,8.509756
07/10/2019 15:27:00.000000,0.25715,10.5285,0.036225,0.029881,7.456098
07/10/2019 15:28:00.000000,0.235456,10.03025,0.036475,42.957143,8.571429
07/10/2019 15:29:00.000000,0.229609,9.37725,0.035825,0.034705,6.08
07/10/2019 15:30:00.000000,0.237708,9.14225,0.035775,14.57561,6.197561
07/10/2019 15:31:00.000000,0.257325,9.02075,0.0363,0.014263,5.295349
07/10/2019 15:32:00.000000,0.264115,8.88875,0.035975,0.011849,5.763415
07/10/2019 15:33:00.000000,0.303185,11.1745,0.034025,0.018872,6.480645
07/10/2019 15:34:00.000000,0.334203,10.396,0.03445,0.069479,7.329268
07/10/2019 15:35:00.000000,0.325621,9.76875,0.03545,0.051827,6.134146
07/10/2019 15:36:00.000000,0.369188,11.18425,0.03525,29.385714,6.767857
07/10/2019 15:37:00.000000,0.393142,10.723,0.03575,10.292857,6.028571
07/10/2019 15:38:00.000000,0.379759,8.74925,0.0369,8.155,5.575
07/10/2019 15:39:00.000000,0.324291,8.739,0.036775,0.031922,5.238462
07/10/2019 15:40:00.000000,0.315094,8.87525,0.036575,32.242857,5.971429
07/10/2019 15:41:00.000000,0.344451,9.24625,0.0363,0.029847,6.013953
07/10/2019 15:42:00.000000,0.479722,9.6315,0.034475,0.015826,5.4
07/10/2019 15:43:00.000000,0.469775,9.0665,0.03565,0.019696,6.580488
07/10/2019 15:44:00.000000,0.358131,15.126,0.035125,0.013744,5.27
07/10/2019 15:45:00.000000,0.276798,11.628,0.0334,17.283333,7.314286
07/10/2019 15:46:00.000000,0.34191,12.12225,0.0332,12.08,6.875
07/10/2019 15:47:00.000000,0.35039,15.24575,0.03366,0.025383,7.436364
07/10/2019 15:48:00.000000,0.346546,11.7825,0.033733,0.017691,6.884615
07/10/2019 15:49:00.000000,0.308669,10.6865,0.0359,,
07/10/2019 15:50:00.000000,0.281617,20.414,0.0346,0.023052,6.472093
07/10/2019 15:51:00.000000,0.335704,14.6755,0.0312,0.026901,5.390244
07/10/2019 15:52:00.000000,0.345254,14.84425,0.031,20.55,5.55
07/10/2019 15:53:00.000000,0.300813,8.71025,0.0357,0.013797,5.342857
07/10/2019 15:54:00.000000,0.24584,9.096,0.0383,19.115909,7.372727
07/10/2019 15:55:00.000000,0.275835,10.676,0.03625,14.078049,7.870732
07/10/2019 15:56:00.000000,0.285842,10.23375,0.03865,7.505,5.435
07/10/2019 15:57:00.000000,0.26064,6.493,0.041225,18.265854,6.792683
07/10/2019 15:58:00.000000,0.29943,10.77125,0.0384,21.965116,5.981395
07/10/2019 15:59:00.000000,0.33534,12.02425,0.03695,0.030713,5.371429
07/10/2019 16:00:00.000000,0.344001,8.4925,0.0376,11.3875,5.47
07/10/2019 16:01:00.000000,0.242085,9.50275,0.037575,11.870732,6.439024
07/10/2019 16:02:00.000000,0.103107,7.3365,0.03995,0.027808,5.914286
07/10/2019 16:03:00.000000,0.014406,6.5595,0.042375,11.334884,4.681395
07/10/2019 16:04:00.000000,0.003393,7.133,0.04275,0.00932,4.752632
07/10/2019 16:05:00.000000,0.00808,7.30075,0.040875,0.014808,4.8
07/10/2019 16:06:00.000000,0.005997,7.5085,0.04045,8.405,4.965
07/10/2019 16:07:00.000000,0.008031,7.476,0.042275,19.978947,6.223684
07/10/2019 16:08:00.000000,0.005767,7.266,0.0441,0.029176,5.44186
07/10/2019 16:09:00.000000,0.007237,7.062,0.04425,16.158139,5.113953
07/10/2019 16:10:00.000000,0.005225,7.19,0.0427,0.038318,5.013636
07/10/2019 16:11:00.000000,0.003096,7.50475,0.04075,0.014054,5.17
07/10/2019 16:12:00.000000,0.116051,7.92325,0.0399,0.021301,6.269444
07/10/2019 16:13:00.000000,0.279108,12.69475,0.038433,8.488095,5.595238
07/10/2019 16:14:00.000000,0.319564,7.1315,0.04155,4.840909,4.636364
07/10/2019 16:15:00.000000,0.248934,5.904,0.04485,0.011323,5.571053
07/10/2019 16:16:00.000000,0.221606,8.292,0.043325,10.94186,5.255814
07/10/2019 16:17:00.000000,0.331376,11.52025,0.041,0.014995,4.692308
07/10/2019 16:18:00.000000,0.316308,10.971,0.0419,9.322727,6.068182
07/10/2019 16:19:00.000000,0.278247,10.6495,0.041225,20.990909,8.286364
07/10/2019 16:20:00.000000,0.269043,10.32475,0.040975,13.943478,4.869565
07/10/2019 16:21:00.000000,0.247703,9.701,0.043975,0.017354,5.305
07/10/2019 16:22:00.000000,0.236715,9.1276,0.04445,0.019566,6.469048
07/10/2019 16:23:00.000000,0.234129,8.384667,0.04415,0.021737,6.988571
07/10/2019 16:24:00.000000,0.280128,7.852,0.043033,19.583784,7.0
07/10/2019 16:25:00.000000,0.303784,7.4085,0.04425,15.223684,6.131579
07/10/2019 16:26:00.000000,0.229766,7.14975,0.045775,0.012263,4.359091
07/10/2019 16:27:00.000000,0.240729,6.69775,0.04554,11.530303,7.39697
07/10/2019 16:28:00.000000,0.242959,6.469,0.046133,0.01577,7.665714
07/10/2019 16:29:00.000000,0.243122,,,,
07/10/2019 16:30:00.000000,0.251197,6.38025,0.0453,35.846667,4.6
07/10/2019 16:31:00.000000,0.265911,6.30475,0.04545,39.765909,5.781818
07/10/2019 16:32:00.000000,0.236079,6.104,0.04665,0.050806,5.419355
07/10/2019 16:33:00.000000,0.210911,6.53025,0.045175,0.022269,5.818605
07/10/2019 16:34:00.000000,0.241981,8.0785,0.044475,0.021387,5.552632
07/10/2019 16:35:00.000000,0.496107,9.73375,0.04345,12.917073,6.097561
07/10/2019 16:36:00.000000,0.463518,8.0985,0.043775,38.04,5.953333
07/10/2019 16:37:00.000000,0.294717,7.5115,0.0456,0.008662,3.945
07/10/2019 16:38:00.000000,0.266933,6.87375,0.0473,0.005114,4.023077
07/10/2019 16:39:00.000000,0.235965,6.6925,0.048425,0.03092,4.267442
07/10/2019 16:40:00.000000,0.229562,6.64425,0.04795,42.428571,5.3
07/10/2019 16:41:00.000000,0.28859,6.304,0.048925,16.161538,4.569231
07/10/2019 16:42:00.000000,0.266829,5.9735,0.049725,0.016736,3.723077
07/10/2019 16:43:00.000000,0.30999,5.929,0.04845,21.780488,5.221951
07/10/2019 16:44:00.000000,0.418345,9.66325,0.04655,0.012022,4.823077
07/10/2019 16:45:00.000000,0.636785,15.29075,0.043875,0.024085,4.94878
07/10/2019 16:46:00.000000,0.595775,15.50325,0.043675,19.046341,5.682927
07/10/2019 16:47:00.000000,0.341511,13.70275,0.042275,0.014705,4.34878
07/10/2019 16:48:00.000000,0.275066,6.6165,0.04435,0.018502,6.423256
07/10/2019 16:49:00.000000,0.218297,,0.04775,,
07/10/2019 16:50:00.000000,0.194961,10.8545,0.0465,26.829268,4.531707
07/10/2019 16:51:00.000000,0.214088,10.91325,0.0461,16.921951,5.168293
07/10/2019 16:52:00.000000,0.288527,10.0845,0.048625,8.27,4.49
07/10/2019 16:53:00.000000,0.36222,9.251,0.050175,4.255556,3.816667
07/10/2019 16:54:00.000000,0.315364,8.7435,0.0498,9.778571,4.728571
07/10/2019 16:55:00.000000,0.241024,8.2805,0.04795,11.390244,4.302439
07/10/2019 16:56:00.000000,0.298416,7.35475,0.050425,0.012659,4.971429
07/10/2019 16:57:00.000000,0.23697,6.611,0.05275,0.018965,4.755814
07/10/2019 16:58:00.000000,0.176375,5.86875,0.05145,7.597561,3.760976
07/10/2019 16:59:00.000000,0.173523,5.53975,0.0513,4.385714,4.028571
07/10/2019 17:00:00.000000,0.181336,8.739,0.05015,4.186486,4.183784
07/10/2019 17:01:00.000000,0.21533,8.92525,0.048475,20.263636,4.977273
07/10/2019 17:02:00.000000,0.238699,13.608,0.045,0.040326,4.160976
07/10/2019 17:03:00.000000,0.240117,4.43,0.04895,17.02093,4.081395
07/10/2019 17:04:00.000000,0.244662,4.66125,0.051325,0.011417,4.785714
07/10/2019 17:05:00.000000,0.5109,3.228,0.05245,0.017766,7.3
07/10/2019 17:06:00.000000,0.369307,3.0055,0.053475,12.18,5.757778
07/10/2019 17:07:00.000000,0.217895,3.0955,0.052875,11.7,5.568421
07/10/2019 17:08:00.000000,0.205222,3.20975,0.05265,8.285366,4.319512
07/10/2019 17:09:00.000000,0.243034,,,,
07/10/2019 17:10:00.000000,0.258658,3.63575,0.05285,0.010037,5.083721
07/10/2019 17:11:00.000000,0.23941,3.833,0.0528,0.017428,4.915789
07/10/2019 17:12:00.000000,0.212601,3.9735,0.052675,0.013835,4.9
07/10/2019 17:13:00.000000,0.185456,4.2795,0.051675,6.125581,3.953488
07/10/2019 17:14:00.000000,0.27517,4.84675,0.04935,0.004273,3.285714
07/10/2019 17:15:00.000000,0.35749,4.99025,0.05035,5.754762,3.992857
07/10/2019 17:16:00.000000,0.238583,4.92975,0.0531,18.425,4.015
07/10/2019 17:17:00.000000,0.184112,4.72175,0.05325,16.431579,4.673684
07/10/2019 17:18:00.000000,0.184966,4.7115,0.052725,0.012186,4.454545
07/10/2019 17:19:00.000000,0.186048,4.584,0.053425,9.44,5.08
07/10/2019 17:20:00.000000,0.174347,4.48875,0.053975,0.00944,3.966667
07/10/2019 17:21:00.000000,0.216894,4.57525,0.0506,0.015916,5.585
07/10/2019 17:22:00.000000,0.323632,4.61625,0.04795,17.537209,3.946512
07/10/2019 17:23:00.000000,0.261673,4.849,0.05035,9.095122,4.439024
07/10/2019 17:24:00.000000,0.206889,5.25875,0.050625,0.015263,4.944186
07/10/2019 17:25:00.000000,0.206094,5.51375,0.050775,0.009884,4.914634
07/10/2019 17:26:00.000000,0.21247,5.4545,0.05355,0.020115,7.985714
07/10/2019 17:27:00.000000,0.212829,5.48725,0.053625,25.71,5.185
07/10/2019 17:28:00.000000,0.235379,5.7865,0.0515,0.006926,3.657143
07/10/2019 17:29:00.000000,0.242374,,,,
07/10/2019 17:30:00.000000,0.212078,4.9165,0.053975,0.003926,3.117073
07/10/2019 17:31:00.000000,0.178678,4.4885,0.05425,16.53,3.8425
07/10/2019 17:32:00.000000,0.170713,3.97775,0.054675,0.023526,3.830769
07/10/2019 17:33:00.000000,0.189963,3.817,0.053825,0.010063,4.05814
07/10/2019 17:34:00.000000,0.196417,3.93925,0.05315,0.004563,3.44359
07/10/2019 17:35:00.000000,0.179974,4.028,0.052325,9.633333,4.716667
07/10/2019 17:36:00.000000,0.193936,3.87625,0.051275,9.785714,3.8
07/10/2019 17:37:00.000000,0.207719,3.77175,0.052575,0.010518,5.142857
07/10/2019 17:38:00.000000,0.181529,3.78875,0.054175,7.768182,4.138636
07/10/2019 17:39:00.000000,0.163844,3.932,0.052975,14.283333,4.9
07/10/2019 17:40:00.000000,0.206803,4.233,0.052125,12.674419,4.17907
07/10/2019 17:41:00.000000,0.359149,4.147,0.0536,4.616667,3.25
07/10/2019 17:42:00.000000,0.258704,3.95475,0.053925,7.284615,4.002564
07/10/2019 17:43:00.000000,0.171474,3.711,0.052875,11.986047,3.94186
07/10/2019 17:44:00.000000,0.166816,3.859,0.053475,0.016863,4.075
07/10/2019 17:45:00.000000,0.184902,4.10575,0.054075,0.0086,3.781818
07/10/2019 17:46:00.000000,0.212309,3.991,0.055325,0.00958,4.872093
07/10/2019 17:47:00.000000,0.169091,3.844,0.055075,3.845946,3.424324
07/10/2019 17:48:00.000000,0.166302,3.573,0.05585,22.768293,5.234146
07/10/2019 17:49:00.000000,0.161745,,,,
07/10/2019 17:50:00.000000,0.207652,3.63275,0.0542,23.073171,4.604878
07/10/2019 17:51:00.000000,0.352379,3.69175,0.055075,0.013792,5.330769
07/10/2019 17:52:00.000000,0.363094,3.4315,0.055525,11.795555,5.162222
07/10/2019 17:53:00.000000,0.229161,4.31175,0.054325,0.012299,3.637209
07/10/2019 17:54:00.000000,0.262818,6.07825,0.05325,10.375,4.42
07/10/2019 17:55:00.000000,0.226662,2.822,0.0553,0.03651,15.657143
07/10/2019 17:56:00.000000,0.150847,2.326,0.056425,14.792857,5.5
07/10/2019 17:57:00.000000,0.165419,1.4345,0.055325,17.84,2.905
07/10/2019 17:58:00.000000,0.191167,3.44025,0.05585,9.55,3.657143
07/10/2019 17:59:00.000000,0.168166,3.02325,0.057,6.080488,3.287805
07/10/2019 18:00:00.000000,0.167429,3.50275,0.055325,0.013866,4.128889
07/10/2019 18:01:00.000000,0.179675,3.593,0.05385,0.009506,3.531707
07/10/2019 18:02:00.000000,0.17286,3.47625,0.05495,16.545,5.4625
07/10/2019 18:03:00.000000,0.204117,3.33675,0.055125,9.21,4.5
07/10/2019 18:04:00.000000,0.253988,3.194,0.05595,9.165854,5.002439
07/10/2019 18:05:00.000000,0.186813,3.09175,0.056575,0.022992,3.607317
07/10/2019 18:06:00.000000,0.180154,7.3425,0.053175,25.009524,4.428571
07/10/2019 18:07:00.000000,0.209841,6.309,0.051,0.017492,3.57561
07/10/2019 18:08:00.000000,0.19548,5.43625,0.052575,0.005269,2.805
07/10/2019 18:09:00.000000,0.169761,,,,
07/10/2019 18:10:00.000000,0.196011,6.30375,0.0532,4.618605,4.090698
07/10/2019 18:11:00.000000,0.249207,10.59375,0.0497,15.942857,7.285714
07/10/2019 18:12:00.000000,0.27704,9.833,0.049175,8.880488,4.926829
07/10/2019 18:13:00.000000,0.259198,4.55075,0.052075,20.141379,4.013793
07/10/2019 18:14:00.000000,0.197192,7.15725,0.052875,0.031328,6.814706
07/10/2019 18:15:00.000000,0.205649,7.36925,0.0518,15.994118,4.2
07/10/2019 18:16:00.000000,0.241311,4.20125,0.054575,0.016504,3.154545
07/10/2019 18:17:00.000000,0.187856,4.719,0.055975,22.582051,3.838462
07/10/2019 18:18:00.000000,0.191964,4.543,0.05655,6.7,2.936364
07/10/2019 18:19:00.000000,0.240049,4.38075,0.055475,9.268421,3.963158
07/10/2019 18:20:00.000000,0.217426,4.6305,0.053775,15.807317,3.785366
07/10/2019 18:21:00.000000,0.219506,4.5665,0.0553,0.013661,3.786047
07/10/2019 18:22:00.000000,0.17371,4.2455,0.053525,17.865854,4.568293
07/10/2019 18:23:00.000000,0.176405,22.50375,0.0358,0.025731,4.780952
07/10/2019 18:24:00.000000,0.209015,12.2695,0.051,0.021404,3.95
07/10/2019 18:25:00.000000,0.282426,5.00625,0.054,5.5125,3.885
07/10/2019 18:26:00.000000,0.28008,4.94425,0.05455,18.82973,3.481081
07/10/2019 18:27:00.000000,0.22182,4.02575,0.0546,0.021276,3.573913
07/10/2019 18:28:00.000000,0.193712,3.7425,0.055675,0.011193,3.02
07/10/2019 18:29:00.000000,0.187883,3.73725,0.0552,0.012871,5.506897
07/10/2019 18:30:00.000000,0.214995,3.71225,0.05495,15.074286,4.891429
07/10/2019 18:31:00.000000,0.237595,3.63725,0.056625,0.015188,3.107692
07/10/2019 18:32:00.000000,0.192174,4.159,0.05535,0.00508,3.216667
07/10/2019 18:33:00.000000,0.236517,9.5825,0.051275,0.020534,4.393182
07/10/2019 18:34:00.000000,0.330475,10.16925,0.0476,10.848837,6.234884
07/10/2019 18:35:00.000000,0.301672,5.0215,0.051275,21.268293,6.841463
07/10/2019 18:36:00.000000,0.226263,5.014,0.05505,0.007594,4.7
07/10/2019 18:37:00.000000,0.225005,6.02175,0.0535,0.019834,4.131579
07/10/2019 18:38:00.000000,0.231839,3.40625,0.05615,8.913514,3.613514
07/10/2019 18:39:00.000000,0.206694,6.76775,0.045325,9.475,3.503125
07/10/2019 18:40:00.000000,0.335343,5.5975,0.053725,0.005693,2.722222
07/10/2019 18:41:00.000000,0.275445,2.32475,0.05705,2.63,2.615
07/10/2019 18:42:00.000000,0.184895,2.05425,0.05785,2.767442,2.767442
07/10/2019 18:43:00.000000,0.161729,2.1215,0.055775,0.014163,3.204762
07/10/2019 18:44:00.000000,0.171897,2.652,0.05435,6.3725,3.3
07/10/2019 18:45:00.000000,0.181079,2.794,0.055875,0.014784,4.383333
07/10/2019 18:46:00.000000,0.177561,3.1812,0.055625,8.053846,4.515385
07/10/2019 18:47:00.000000,0.205446,3.495667,0.055,0.01279,3.814286
07/10/2019 18:48:00.000000,0.210825,3.6695,0.05515,0.008793,3.529268
07/10/2019 18:49:00.000000,0.216651,4.17175,0.054775,10.55814,5.47907
07/10/2019 18:50:00.000000,0.254885,4.81425,0.054625,0.023122,4.27
07/10/2019 18:51:00.000000,0.269385,4.79825,0.056425,17.936364,3.579545
07/10/2019 18:52:00.000000,0.203123,4.5325,0.0574,18.846154,3.330769
07/10/2019 18:53:00.000000,0.269609,4.60425,0.05725,0.014631,3.214634
07/10/2019 18:54:00.000000,0.302584,4.42375,0.057,0.005469,3.541463
07/10/2019 18:55:00.000000,0.29977,4.2585,0.056375,3.617073,3.434146
07/10/2019 18:56:00.000000,0.219713,4.3315,0.05645,0.009728,3.314286
07/10/2019 18:57:00.000000,0.220773,4.149,0.055825,9.290698,3.048837
07/10/2019 18:58:00.000000,0.257033,3.9835,0.055575,13.7,3.171429
07/10/2019 18:59:00.000000,0.258697,4.48075,0.0553,0.02279,3.704545
07/10/2019 19:00:00.000000,0.244727,4.5395,0.055675,10.473171,4.995122
07/10/2019 19:01:00.000000,0.218452,5.943,0.055825,18.383333,8.133333
07/10/2019 19:02:00.000000,0.251487,6.825,0.054467,0.020146,4.716279
07/10/2019 19:03:00.000000,0.237204,6.546333,0.054833,10.143902,3.487805
07/10/2019 19:04:00.000000,0.233051,2.481,0.054567,0.020507,2.975
07/10/2019 19:05:00.000000,0.273249,4.470333,0.0554,0.025341,4.066667
07/10/2019 19:06:00.000000,0.255641,6.345667,0.055125,0.036443,4.048649
07/10/2019 19:07:00.000000,0.362041,13.7565,0.0521,17.075,3.745
07/10/2019 19:08:00.000000,0.290151,5.596,0.054075,0.011161,3.19
07/10/2019 19:09:00.000000,0.190929,3.19325,0.0573,7.616667,3.1
07/10/2019 19:10:00.000000,0.18273,7.04875,0.05355,0.022291,4.721951
07/10/2019 19:11:00.000000,0.437171,12.92075,0.048575,21.205,3.555
07/10/2019 19:12:00.000000,0.430867,5.69925,0.0522,0.011197,4.671429
07/10/2019 19:13:00.000000,0.225287,4.87725,0.054625,3.459524,3.185714
07/10/2019 19:14:00.000000,0.216785,5.46875,0.052825,0.011785,4.592308
07/10/2019 19:15:00.000000,0.290648,5.9805,0.050975,17.11,4.645
07/10/2019 19:16:00.000000,0.298318,7.11875,0.052375,14.933333,6.16
07/10/2019 19:17:00.000000,0.26963,6.41425,0.053025,4.37,3.17
07/10/2019 19:18:00.000000,0.206708,5.09875,0.054425,0.010948,4.42
07/10/2019 19:19:00.000000,0.201987,5.23125,0.0549,12.258537,4.94878
07/10/2019 19:20:00.000000,0.24047,6.44,0.055325,8.755814,3.365116
07/10/2019 19:21:00.000000,0.26634,10.33875,0.043075,10.7,3.606667
07/10/2019 19:22:00.000000,0.54461,10.78425,0.05195,15.592857,4.128571
07/10/2019 19:23:00.000000,0.463901,6.56675,0.05125,24.238462,4.115385
07/10/2019 19:24:00.000000,0.352273,7.67925,0.0521,13.7,4.273333
07/10/2019 19:25:00.000000,0.367168,6.18525,0.0537,13.309756,2.934146
07/10/2019 19:26:00.000000,0.304507,5.16175,0.0549,15.054545,2.872727
07/10/2019 19:27:00.000000,0.275174,6.815,0.05315,5.482927,2.985366
07/10/2019 19:28:00.000000,0.261895,6.29575,0.0526,0.01518,3.604545
07/10/2019 19:29:00.000000,0.317493,8.17375,0.05295,0.015798,3.058333
07/10/2019 19:30:00.000000,0.325271,9.76575,0.0546,7.470732,3.0
07/10/2019 19:31:00.000000,0.233137,6.61125,0.05505,0.004707,3.259091
07/10/2019 19:32:00.000000,0.324792,5.326,0.054425,0.021325,4.984211
07/10/2019 19:33:00.000000,0.340128,5.597,0.05475,14.1,3.923256
07/10/2019 19:34:00.000000,0.282149,5.32525,0.056825,0.063166,4.428571
07/10/2019 19:35:00.000000,0.239015,5.07125,0.057475,44.834884,5.976744
07/10/2019 19:36:00.000000,0.217716,6.482,0.055425,0.016843,3.297561
07/10/2019 19:37:00.000000,0.186274,4.319,0.05585,0.007657,3.730769
07/10/2019 19:38:00.000000,0.164902,3.43525,0.057225,13.112195,3.558537
07/10/2019 19:39:00.000000,0.201397,4.552,0.0552,18.188095,4.357143
07/10/2019 19:40:00.000000,0.29405,4.903,0.0532,0.01193,3.817073
07/10/2019 19:41:00.000000,0.248008,9.7865,0.053675,0.004417,3.102439
07/10/2019 19:42:00.000000,0.246667,7.049,0.054425,11.615385,5.179487
07/10/2019 19:43:00.000000,0.288191,4.492,0.0556,0.017386,4.907692
07/10/2019 19:44:00.000000,0.278129,11.21175,0.052525,12.470732,5.397561
07/10/2019 19:45:00.000000,0.43626,13.48675,0.049225,22.585714,3.785714
07/10/2019 19:46:00.000000,0.418005,5.737,0.053525,25.513333,5.84
07/10/2019 19:47:00.000000,0.317519,5.4685,0.055825,36.007143,5.257143
07/10/2019 19:48:00.000000,0.330459,5.7785,0.054625,0.038387,3.995
07/10/2019 19:49:00.000000,0.341796,5.7205,0.055075,19.022727,4.059091
07/10/2019 19:50:00.000000,0.301855,5.57975,0.0564,0.015594,3.160976
07/10/2019 19:51:00.000000,0.240956,5.32925,0.057475,0.0252,6.109091
07/10/2019 19:52:00.000000,0.197564,5.1025,0.057575,9.386047,3.669767
07/10/2019 19:53:00.000000,0.179651,4.8435,0.05795,0.020042,4.557143
07/10/2019 19:54:00.000000,0.214665,4.811,0.056025,14.029268,4.373171
07/10/2019 19:55:00.000000,0.318164,4.61175,0.0558,0.037388,4.716667
07/10/2019 19:56:00.000000,0.298483,4.76175,0.055125,0.013363,4.627273
07/10/2019 19:57:00.000000,0.308543,8.251,0.0526,8.511765,3.188235
07/10/2019 19:58:00.000000,0.301198,6.55875,0.0534,0.018894,3.837209
07/10/2019 19:59:00.000000,0.227555,3.944,0.056,0.024234,4.328205
07/10/2019 20:00:00.000000,0.189084,4.7245,0.057375,24.706977,4.486047
07/10/2019 20:01:00.000000,0.172122,6.0915,0.054925,0.010507,3.99
07/10/2019 20:02:00.000000,0.358716,12.833,0.050125,10.04186,4.15814
07/10/2019 20:03:00.000000,0.454716,8.6385,0.0513,0.027234,7.039535
07/10/2019 20:04:00.000000,0.258628,5.81675,0.05545,17.715385,4.707692
07/10/2019 20:05:00.000000,0.233786,5.94425,0.056725,26.681395,3.339535
07/10/2019 20:06:00.000000,0.254355,6.62175,0.0554,0.02032,3.977273
07/10/2019 20:07:00.000000,0.212813,9.28625,0.050925,10.248718,3.402564
07/10/2019 20:08:00.000000,0.193902,5.95525,0.05295,7.828571,3.128571
07/10/2019 20:09:00.000000,0.288921,3.78225,0.054375,18.122727,3.268182
07/10/2019 20:10:00.000000,0.35023,8.57175,0.052375,0.038633,5.263415
07/10/2019 20:11:00.000000,0.288601,3.92725,0.0512,0.017819,4.675
07/10/2019 20:12:00.000000,0.277547,4.7325,0.05175,0.014509,4.073171
07/10/2019 20:13:00.000000,0.28907,7.10525,0.0526,0.005682,3.146341
07/10/2019 20:14:00.000000,0.53073,2.812,0.056425,0.013409,3.682927
07/10/2019 20:15:00.000000,0.498572,2.76975,0.056125,11.9,3.117073
07/10/2019 20:16:00.000000,0.531156,8.112,0.054775,20.439535,4.302326
07/10/2019 20:17:00.000000,1.27812,6.403,0.0551,0.013955,4.34
07/10/2019 20:18:00.000000,0.600359,2.7215,0.05795,0.004885,2.385294
07/10/2019 20:19:00.000000,0.195001,2.976,0.057875,0.028541,4.395556
07/10/2019 20:20:00.000000,0.159339,2.7735,0.0578,10.85641,4.630769
07/10/2019 20:21:00.000000,0.151352,2.79325,0.057275,10.9625,4.855
07/10/2019 20:22:00.000000,0.170486,5.85475,0.056375,14.87,5.325
07/10/2019 20:23:00.000000,0.237692,6.89825,0.05515,12.293333,5.737778
07/10/2019 20:24:00.000000,0.228108,3.041,0.05735,0.013546,3.417021
07/10/2019 20:25:00.000000,0.180092,2.5405,0.05955,0.004158,2.65
07/10/2019 20:26:00.000000,0.170233,2.43375,0.060225,0.009105,4.215
07/10/2019 20:27:00.000000,0.157826,2.44875,0.0605,6.987805,4.158537
07/10/2019 20:28:00.000000,0.151464,2.3975,0.060325,11.025,4.43
07/10/2019 20:29:00.000000,0.235346,2.3735,0.059725,0.015044,3.82
07/10/2019 20:30:00.000000,0.302865,2.6075,0.058225,13.162791,6.625581
07/10/2019 20:31:00.000000,0.517361,3.0595,0.0562,12.528205,4.9
07/10/2019 20:32:00.000000,0.392444,3.26325,0.057725,0.008398,3.340541
07/10/2019 20:33:00.000000,0.232871,3.35625,0.0594,0.024566,4.553846
07/10/2019 20:34:00.000000,0.190831,3.48325,0.0593,0.005475,3.092683
07/10/2019 20:35:00.000000,0.189609,3.479,0.05985,0.013735,3.323077
07/10/2019 20:36:00.000000,0.176978,3.673,0.058775,0.016188,4.174419
07/10/2019 20:37:00.000000,0.166889,4.18625,0.056375,0.012792,3.525581
07/10/2019 20:38:00.000000,0.187026,4.11975,0.05745,0.018545,3.7875
07/10/2019 20:39:00.000000,0.183862,7.35075,0.055625,0.015502,3.62381
07/10/2019 20:40:00.000000,0.238185,6.3335,0.0546,19.188095,4.542857
07/10/2019 20:41:00.000000,0.234113,5.98725,0.05695,0.017002,4.7
07/10/2019 20:42:00.000000,0.184803,8.6645,0.054725,11.671429,3.95
07/10/2019 20:43:00.000000,0.179648,4.43125,0.0566,26.927273,5.933333
07/10/2019 20:44:00.000000,0.185577,3.68475,0.05655,0.023974,3.277778
07/10/2019 20:45:00.000000,0.203635,11.77725,0.05115,16.980488,4.309756
07/10/2019 20:46:00.000000,0.27585,5.205,0.052225,5.7,3.583333
07/10/2019 20:47:00.000000,0.24249,2.675,0.058925,0.024436,3.918182
07/10/2019 20:48:00.000000,0.176227,3.291,0.05965,0.021682,4.0
07/10/2019 20:49:00.000000,0.173474,7.30325,0.05705,15.597436,4.238462
07/10/2019 20:50:00.000000,0.304288,12.99025,0.051975,0.028934,3.621875
07/10/2019 20:51:00.000000,0.351887,5.4735,0.05345,10.809091,3.168182
07/10/2019 20:52:00.000000,0.304427,6.0015,0.056125,0.009915,2.757143
07/10/2019 20:53:00.000000,0.251392,7.36075,0.05705,15.314286,4.283333
07/10/2019 20:54:00.000000,0.206042,6.86025,0.05785,7.857143,3.228571
07/10/2019 20:55:00.000000,0.218177,19.95425,0.046375,7.829545,4.093182
07/10/2019 20:56:00.000000,0.359699,24.271,0.05145,7.423077,4.553846
07/10/2019 20:57:00.000000,0.343957,8.07125,0.05385,22.175,3.141667
07/10/2019 20:58:00.000000,0.227273,8.97475,0.053025,0.027946,8.328571
07/10/2019 20:59:00.000000,0.223969,7.80575,0.05375,5.165116,3.434884
07/10/2019 21:00:00.000000,0.260137,2.8825,0.05845,0.009484,3.097561
07/10/2019 21:01:00.000000,0.238927,1.84775,0.05975,0.008635,4.063636
07/10/2019 21:02:00.000000,0.160029,1.9425,0.059625,8.626667,4.537778
07/10/2019 21:03:00.000000,0.138954,1.92,0.059767,0.016433,4.213333
07/10/2019 21:04:00.000000,0.171816,1.88625,0.05975,4.522581,2.990323
07/10/2019 21:05:00.000000,0.215194,1.88325,0.05988,19.906667,3.086667
07/10/2019 21:06:00.000000,0.198705,1.94975,0.059333,0.014499,4.562791
07/10/2019 21:07:00.000000,0.163041,2.111,0.0589,0.041865,4.031707
07/10/2019 21:08:00.000000,0.190366,2.35125,0.058425,20.112195,4.14878
07/10/2019 21:09:00.000000,0.204768,2.873,0.057025,4.745946,2.989189
07/10/2019 21:10:00.000000,0.245149,6.98925,0.0554,8.770732,3.739024
07/10/2019 21:11:00.000000,0.215068,8.09925,0.0534,0.032884,3.571795
07/10/2019 21:12:00.000000,0.206864,5.618,0.05635,16.769231,4.938462
07/10/2019 21:13:00.000000,0.327562,6.58975,0.05735,0.01248,4.2
07/10/2019 21:14:00.000000,0.331979,4.3165,0.05785,11.127907,4.167442
07/10/2019 21:15:00.000000,0.199698,2.1685,0.05915,0.024537,8.588372
07/10/2019 21:16:00.000000,0.178878,4.81325,0.05735,0.015593,4.54
07/10/2019 21:17:00.000000,0.212529,17.57225,0.05155,20.504545,4.65
07/10/2019 21:18:00.000000,0.226896,13.72475,0.049525,0.015077,3.575
07/10/2019 21:19:00.000000,0.213316,11.678,0.0531,0.018646,4.685714
07/10/2019 21:20:00.000000,0.220463,12.3925,0.052275,0.028834,4.653846
07/10/2019 21:21:00.000000,0.236571,6.35725,0.053875,0.021362,3.427907
07/10/2019 21:22:00.000000,0.230785,5.51325,0.057325,0.01811,5.835
07/10/2019 21:23:00.000000,0.274333,5.57425,0.057425,0.052715,5.190244
07/10/2019 21:24:00.000000,0.233935,5.34975,0.059475,15.895122,3.292683
07/10/2019 21:25:00.000000,0.178683,5.3655,0.060075,0.011025,2.569767
07/10/2019 21:26:00.000000,0.219044,5.84525,0.056125,0.028231,3.353659
07/10/2019 21:27:00.000000,0.250411,6.09725,0.0544,22.305,10.215
07/10/2019 21:28:00.000000,0.258009,6.3335,0.054175,13.683784,5.367568
07/10/2019 21:29:00.000000,0.368592,6.7105,0.05355,14.44,4.285
07/10/2019 21:30:00.000000,0.362347,6.63275,0.054775,0.03319,3.05
07/10/2019 21:31:00.000000,0.3064,6.69575,0.056,0.013313,3.31
07/10/2019 21:32:00.000000,0.399707,6.96075,0.054225,10.069767,5.465116
07/10/2019 21:33:00.000000,0.305144,6.87825,0.053525,16.514286,5.971429
07/10/2019 21:34:00.000000,0.199448,6.0935,0.056525,12.271429,4.971429
07/10/2019 21:35:00.000000,0.197576,5.77625,0.056525,0.008904,3.0
07/10/2019 21:36:00.000000,0.236968,8.29625,0.0549,7.813636,3.372727
07/10/2019 21:37:00.000000,0.257402,7.78825,0.054425,11.197674,4.876744
07/10/2019 21:38:00.000000,0.21708,7.689,0.05475,0.01241,4.346512
07/10/2019 21:39:00.000000,0.222997,9.974,0.0536,0.008861,3.6
07/10/2019 21:40:00.000000,0.323621,4.589,0.054175,3.941463,3.5
07/10/2019 21:41:00.000000,0.43281,3.33,0.058125,5.725,3.16
07/10/2019 21:42:00.000000,0.333184,2.36975,0.060275,0.008624,3.1
07/10/2019 21:43:00.000000,0.181223,2.71375,0.0596,34.781818,2.927273
07/10/2019 21:44:00.000000,0.211832,12.258,0.05435,0.021486,2.729268
07/10/2019 21:45:00.000000,0.265161,12.19525,0.05225,15.653659,4.631707
07/10/2019 21:46:00.000000,0.298287,7.6155,0.0541,10.785,4.985
07/10/2019 21:47:00.000000,0.252941,3.73475,0.05725,10.07,3.47
07/10/2019 21:48:00.000000,0.175017,2.5685,0.0588,5.935,2.775
07/10/2019 21:49:00.000000,0.157752,2.903,0.05835,3.33,2.865
07/10/2019 21:50:00.000000,0.168735,7.57675,0.0549,0.085813,4.442857
07/10/2019 21:51:00.000000,0.243454,12.564,0.05165,33.931818,4.872727
07/10/2019 21:52:00.000000,0.435778,12.864,0.0501,0.011768,4.211628
07/10/2019 21:53:00.000000,0.401937,7.31,0.051225,10.504651,2.723256
07/10/2019 21:54:00.000000,0.278902,6.65,0.054733,0.011004,3.7
07/10/2019 21:55:00.000000,0.262501,3.939333,0.05745,0.034411,4.495
07/10/2019 21:56:00.000000,0.273017,5.1775,0.0584,17.068293,3.356098
07/10/2019 21:57:00.000000,0.246811,5.01,0.0582,0.009055,2.834884
07/10/2019 21:58:00.000000,0.205342,5.29975,0.056975,0.033012,3.657143
07/10/2019 21:59:00.000000,0.19075,5.4605,0.0564,0.030654,4.571429
07/10/2019 22:00:00.000000,0.230954,5.75825,0.056275,0.005125,2.557143
07/10/2019 22:01:00.000000,0.235346,5.6925,0.058675,6.36,2.546667
07/10/2019 22:02:00.000000,0.08127,5.5405,0.05965,0.024086,3.628571
07/10/2019 22:03:00.000000,0.011129,5.8125,0.05805,0.022611,3.455814
07/10/2019 22:04:00.000000,0.00786,5.73525,0.0586,4.614286,2.885714
07/10/2019 22:05:00.000000,0.006125,5.51775,0.0591,17.036585,3.653659
07/10/2019 22:06:00.000000,0.009598,4.98025,0.059375,0.037221,3.207692
07/10/2019 22:07:00.000000,0.007069,4.838,0.058225,0.021556,4.82093
07/10/2019 22:08:00.000000,0.009038,9.70675,0.0539,4.3,3.06
07/10/2019 22:09:00.000000,0.004761,8.77625,0.0544,8.957143,4.671429
07/10/2019 22:10:00.000000,0.003434,8.1425,0.05655,12.018182,3.738636
07/10/2019 22:11:00.000000,0.00142,4.58375,0.05835,0.008215,3.328571
07/10/2019 22:12:00.000000,0.077351,6.3535,0.059225,13.702439,4.665854
07/10/2019 22:13:00.000000,0.211326,8.8045,0.0577,0.04577,3.4975
07/10/2019 22:14:00.000000,0.327151,8.601,0.05645,0.02113,3.370732
07/10/2019 22:15:00.000000,0.31638,12.91225,0.053125,12.929268,2.887805
07/10/2019 22:16:00.000000,0.329362,13.66275,0.0501,14.597619,2.457143
07/10/2019 22:17:00.000000,0.318329,12.324,0.051175,0.028525,2.485
07/10/2019 22:18:00.000000,0.284857,12.7475,0.052275,0.014877,4.685714
07/10/2019 22:19:00.000000,0.278747,11.37275,0.05425,0.015761,5.2
07/10/2019 22:20:00.000000,0.256604,10.92625,0.054025,5.0,3.828571
07/10/2019 22:21:00.000000,0.273765,10.00675,0.055475,0.036912,3.684091
07/10/2019 22:22:00.000000,0.25417,11.58275,0.0535,18.219512,4.639024
07/10/2019 22:23:00.000000,0.228559,12.4945,0.051,0.030099,4.8
07/10/2019 22:24:00.000000,0.216326,4.8085,0.04865,0.020008,5.312195
07/10/2019 22:25:00.000000,0.203993,14.238,0.031625,13.342857,4.2
07/10/2019 22:26:00.000000,0.260565,21.78425,0.045525,18.913636,3.568182
07/10/2019 22:27:00.000000,0.311047,10.4805,0.050175,7.378571,3.157143
07/10/2019 22:28:00.000000,0.243056,9.367,0.05365,0.013734,4.390698
07/10/2019 22:29:00.000000,0.20041,4.6455,0.0569,0.014914,4.178947
07/10/2019 22:30:00.000000,0.180121,7.15325,0.0562,0.012197,3.295122
07/10/2019 22:31:00.000000,0.181711,13.44075,0.05555,0.017378,6.087805
07/10/2019 22:32:00.000000,0.177599,40.59625,0.0488,0.021652,3.846512
07/10/2019 22:33:00.000000,0.228193,20.75925,0.048575,0.007167,3.227907
07/10/2019 22:34:00.000000,0.202819,14.9795,0.05145,18.659091,3.286364
07/10/2019 22:35:00.000000,0.229657,6.07825,0.0545,0.007469,2.783721
07/10/2019 22:36:00.000000,0.249925,5.6775,0.057875,0.02951,4.441463
07/10/2019 22:37:00.000000,0.26296,10.72325,0.05655,0.031906,2.706977
07/10/2019 22:38:00.000000,0.320174,7.66675,0.054625,0.013427,2.3
07/10/2019 22:39:00.000000,0.350303,6.03675,0.0543,0.025171,3.836585
07/10/2019 22:40:00.000000,0.360963,5.3425,0.055025,6.971429,3.328571
07/10/2019 22:41:00.000000,0.279538,5.4675,0.055075,0.013276,4.040909
07/10/2019 22:42:00.000000,0.275708,6.8085,0.05495,0.015306,4.113953
07/10/2019 22:43:00.000000,0.250355,10.09325,0.0532,10.871429,3.757143
07/10/2019 22:44:00.000000,0.235422,5.41075,0.055175,0.016324,4.04
07/10/2019 22:45:00.000000,0.243385,6.2885,0.05685,23.069231,4.946154
07/10/2019 22:46:00.000000,0.228331,5.5305,0.057375,13.278947,5.605263
07/10/2019 22:47:00.000000,0.220928,5.48325,0.057625,15.52,3.706667
07/10/2019 22:48:00.000000,0.205013,5.327,0.0575,0.006511,2.881818
07/10/2019 22:49:00.000000,0.158198,4.935,0.059275,15.004878,3.226829
07/10/2019 22:50:00.000000,0.156336,9.29625,0.054475,17.985714,4.671429
07/10/2019 22:51:00.000000,0.17668,9.35725,0.0532,20.989744,3.679487
07/10/2019 22:52:00.000000,0.192444,6.287,0.057075,30.24,3.33
07/10/2019 22:53:00.000000,0.214406,4.55375,0.0585,0.017477,3.106667
07/10/2019 22:54:00.000000,0.192514,5.06425,0.058825,0.026315,4.14
07/10/2019 22:55:00.000000,0.200497,5.64625,0.055025,0.025883,4.58125
07/10/2019 22:56:00.000000,0.296624,12.24075,0.052275,8.805405,3.181081
07/10/2019 22:57:00.000000,0.337172,13.454,0.050733,0.017421,3.4875
07/10/2019 22:58:00.000000,0.302151,10.81125,0.050825,19.365,3.585
07/10/2019 22:59:00.000000,0.232851,5.43475,0.056,0.015996,3.769231
07/10/2019 23:00:00.000000,0.183029,4.346,0.05965,0.0087,2.705263
07/10/2019 23:01:00.000000,0.192447,5.451,0.05764,0.021674,3.176923
07/10/2019 23:02:00.000000,0.207137,5.45725,0.058175,9.0,3.046154
07/10/2019 23:03:00.000000,0.19134,5.5225,0.058475,21.648485,2.612121
07/10/2019 23:04:00.000000,0.197051,5.6825,0.05735,0.027913,2.857143
07/10/2019 23:05:00.000000,0.224589,5.92025,0.056475,4.871429,2.214286
07/10/2019 23:06:00.000000,0.259538,6.01925,0.0565,19.842857,3.961905
07/10/2019 23:07:00.000000,0.279877,6.019,0.0566,0.019044,3.638462
07/10/2019 23:08:00.000000,0.222674,5.93425,0.056475,0.025787,4.158824
07/10/2019 23:09:00.000000,0.183254,,,,
07/10/2019 23:10:00.000000,0.237877,6.4595,0.052875,0.024709,4.01
07/10/2019 23:11:00.000000,0.291989,10.54725,0.052167,10.075,2.44
07/10/2019 23:12:00.000000,0.258792,9.4045,0.05285,0.012936,3.135
07/10/2019 23:13:00.000000,0.235166,5.80675,0.054625,8.954762,3.214286
07/10/2019 23:14:00.000000,0.222853,4.2925,0.057525,12.22439,3.797561
07/10/2019 23:15:00.000000,0.214216,6.80425,0.057,16.2,2.675
07/10/2019 23:16:00.000000,0.232555,11.0785,0.0498,0.022197,3.337209
07/10/2019 23:17:00.000000,0.27268,14.29575,0.0495,33.7,2.351282
07/10/2019 23:18:00.000000,0.257041,5.52475,0.05395,19.908333,3.266667
07/10/2019 23:19:00.000000,0.1992,5.7135,0.058275,0.017626,2.99
07/10/2019 23:20:00.000000,0.237987,12.0945,0.0555,0.017205,3.068421
07/10/2019 23:21:00.000000,0.328887,7.673,0.05285,0.00926,3.597143
07/10/2019 23:22:00.000000,0.267564,5.49025,0.0553,0.013486,3.508333
07/10/2019 23:23:00.000000,0.249976,5.7745,0.055375,22.081395,2.746512
07/10/2019 23:24:00.000000,0.271181,6.48875,0.054275,5.445455,2.427273
07/10/2019 23:25:00.000000,0.219193,6.39525,0.056125,0.009056,3.777778
07/10/2019 23:26:00.000000,0.19927,6.18275,0.05734,0.022709,3.32
07/10/2019 23:27:00.000000,0.190521,6.09475,0.057467,0.034236,2.517073
07/10/2019 23:28:00.000000,0.189238,5.77025,0.057125,25.897368,2.821053
07/10/2019 23:29:00.000000,0.238603,4.2005,0.0576,21.63125,5.321875
07/10/2019 23:30:00.000000,0.253664,5.853,0.054267,0.005631,3.0
07/10/2019 23:31:00.000000,0.347168,5.9925,0.054275,8.682927,3.397561
07/10/2019 23:32:00.000000,0.384356,6.4965,0.05785,0.028856,4.016279
07/10/2019 23:33:00.000000,0.4327,8.15475,0.0575,6.16,3.165
07/10/2019 23:34:00.000000,0.29086,8.7695,0.057375,25.209756,8.207317
07/10/2019 23:35:00.000000,0.269892,8.3075,0.057775,26.428571,4.214286
07/10/2019 23:36:00.000000,0.28535,7.56625,0.05875,0.031461,4.505
07/10/2019 23:37:00.000000,0.212002,6.7265,0.060125,0.034465,3.694595
07/10/2019 23:38:00.000000,0.162761,5.78975,0.061175,9.432558,3.416279
07/10/2019 23:39:00.000000,0.145239,5.2565,0.060475,0.022357,3.738462
07/10/2019 23:40:00.000000,0.149652,4.53875,0.0602,31.945454,3.972727
07/10/2019 23:41:00.000000,0.142892,3.87025,0.061025,10.867442,3.655814
07/10/2019 23:42:00.000000,0.147555,3.71975,0.060525,0.018885,4.875
07/10/2019 23:43:00.000000,0.170271,3.5375,0.059925,0.015149,3.804545
07/10/2019 23:44:00.000000,0.236502,9.479,0.055725,0.010821,4.709756
07/10/2019 23:45:00.000000,0.338908,3.18675,0.056425,12.7375,7.28
07/10/2019 23:46:00.000000,0.240752,3.131,0.060775,7.539535,3.932558
07/10/2019 23:47:00.000000,0.19231,4.138,0.060425,9.046341,3.968293
07/10/2019 23:48:00.000000,0.196262,4.51875,0.058575,29.363636,4.704545
07/10/2019 23:49:00.000000,0.19626,4.9355,0.05635,,
07/10/2019 23:50:00.000000,0.195689,5.4485,0.055875,0.014597,3.4
07/10/2019 23:51:00.000000,0.191723,5.44,0.05815,0.028493,3.733333
07/10/2019 23:52:00.000000,0.177412,5.43525,0.0592,0.027026,4.402326
07/10/2019 23:53:00.000000,0.167286,5.68975,0.057575,0.028083,6.666667
07/10/2019 23:54:00.000000,0.197361,5.92625,0.0568,12.492683,3.343902
07/10/2019 23:55:00.000000,0.234015,5.84725,0.06,0.01105,4.248837
07/10/2019 23:56:00.000000,0.20344,5.53825,0.061425,0.013923,5.666667
07/10/2019 23:57:00.000000,0.195877,5.1625,0.060625,8.87907,4.093023
07/10/2019 23:58:00.000000,0.202313,4.71625,0.060475,8.347368,4.473684
07/10/2019 23:59:00.000000,0.200735,4.519,0.06225,122.040909,9.393182
07/11/2019 00:00:00.000000,0.178345,4.312,0.06265,0.041097,3.982927
07/11/2019 00:01:00.000000,0.174956,4.016333,0.0621,17.434146,4.692683
07/11/2019 00:02:00.000000,0.190924,8.51825,0.056,11.215909,5.0
07/11/2019 00:03:00.000000,0.303871,10.4265,0.051425,15.095349,3.709302
07/11/2019 00:04:00.000000,0.311645,5.89875,0.0547,0.012959,3.243902
07/11/2019 00:05:00.000000,0.272608,6.36975,0.0571,18.842857,5.771429
07/11/2019 00:06:00.000000,0.343705,5.38075,0.0584,9.428205,3.830769
07/11/2019 00:07:00.000000,0.635242,5.5325,0.058225,0.022352,3.568421
07/11/2019 00:08:00.000000,0.416494,5.63475,0.058275,0.020285,3.26
07/11/2019 00:09:00.000000,0.237025,5.62325,0.058375,6.97561,4.112195
07/11/2019 00:10:00.000000,0.190357,5.56725,0.0592,17.413514,5.137838
07/11/2019 00:11:00.000000,0.191528,5.5455,0.05815,12.902326,3.665116
07/11/2019 00:12:00.000000,0.209417,8.04625,0.05695,0.011466,3.227907
07/11/2019 00:13:00.000000,0.213514,4.9625,0.05845,0.021572,5.557895
07/11/2019 00:14:00.000000,0.516934,7.86825,0.057625,22.526829,4.858537
07/11/2019 00:15:00.000000,0.694708,6.17825,0.059,0.008306,3.24878
07/11/2019 00:16:00.000000,0.341825,7.17925,0.057075,31.667442,4.674419
07/11/2019 00:17:00.000000,0.294325,11.602,0.05365,26.7,5.771429
07/11/2019 00:18:00.000000,0.319588,5.52275,0.057525,0.029493,3.69
07/11/2019 00:19:00.000000,0.402535,5.0625,0.060425,0.020518,3.816279
07/11/2019 00:20:00.000000,0.438592,6.717,0.057775,8.685714,3.128571
07/11/2019 00:21:00.000000,0.315439,8.47625,0.056025,9.104878,3.085366
07/11/2019 00:22:00.000000,0.261676,4.44125,0.059275,0.011881,3.184211
07/11/2019 00:23:00.000000,0.23161,4.59175,0.06075,21.68,3.546667
07/11/2019 00:24:00.000000,0.278598,6.422,0.060825,0.014628,3.852273
07/11/2019 00:25:00.000000,0.2537,6.106,0.060075,0.013068,4.573684
07/11/2019 00:26:00.000000,0.209969,5.9425,0.0587,0.016391,3.065116
07/11/2019 00:27:00.000000,0.243098,5.932,0.058225,0.012379,3.716667
07/11/2019 00:28:00.000000,0.255142,5.95125,0.057875,0.027225,4.72093
07/11/2019 00:29:00.000000,0.242059,5.9425,0.05785,0.032846,4.471429
07/11/2019 00:30:00.000000,0.235736,5.81775,0.059175,21.99,4.06
07/11/2019 00:31:00.000000,0.217122,5.80625,0.0576,22.357143,5.114286
07/11/2019 00:32:00.000000,0.236046,6.258,0.055175,14.668421,4.963158
07/11/2019 00:33:00.000000,0.272405,6.59675,0.05575,0.022755,3.047368
07/11/2019 00:34:00.000000,0.272741,9.156,0.0555,0.014485,4.157143
07/11/2019 00:35:00.000000,0.305116,16.138,0.04995,0.021277,6.185
07/11/2019 00:36:00.000000,0.309631,13.09025,0.048825,4.786842,3.286842
07/11/2019 00:37:00.000000,0.34192,7.422,0.0544,2.365789,2.365789
07/11/2019 00:38:00.000000,0.479316,7.25,0.0571,0.014624,4.216667
07/11/2019 00:39:00.000000,0.296994,7.3145,0.056675,10.897368,3.818421
07/11/2019 00:40:00.000000,0.228678,4.88575,0.05565,0.008099,3.53
07/11/2019 00:41:00.000000,0.334476,9.17375,0.054825,18.242857,4.833333
07/11/2019 00:42:00.000000,0.315787,6.996,0.056875,0.016317,4.266667
07/11/2019 00:43:00.000000,0.234818,7.941,0.056425,0.017431,3.390909
07/11/2019 00:44:00.000000,0.204868,11.65275,0.05465,8.315385,3.3
07/11/2019 00:45:00.000000,0.218639,14.45025,0.05305,0.009899,2.852632
07/11/2019 00:46:00.000000,0.25023,13.90325,0.05,4.47,3.565
07/11/2019 00:47:00.000000,0.269644,9.4845,0.05215,0.023516,5.131579
07/11/2019 00:48:00.000000,0.238002,9.29125,0.0537,0.016359,3.5025
07/11/2019 00:49:00.000000,0.226128,8.7885,0.055175,10.675676,3.602703
07/11/2019 00:50:00.000000,0.217391,8.8485,0.054525,20.994737,3.265789
07/11/2019 00:51:00.000000,0.244506,8.85325,0.05375,5.926316,3.286842
07/11/2019 00:52:00.000000,0.262233,8.557,0.055825,5.534146,3.470732
07/11/2019 00:53:00.000000,0.225441,7.9425,0.058025,0.010636,4.268293
07/11/2019 00:54:00.000000,0.204616,7.5645,0.057375,0.013857,4.054545
07/11/2019 00:55:00.000000,0.281196,7.353,0.056725,10.446154,3.551282
07/11/2019 00:56:00.000000,0.24966,7.417,0.054975,20.55,4.35
07/11/2019 00:57:00.000000,0.272301,7.72225,0.0522,22.871875,5.371875
07/11/2019 00:58:00.000000,0.4108,7.21425,0.054925,19.2,3.355263
07/11/2019 00:59:00.000000,0.253712,6.59075,0.0567,19.95,5.085
07/11/2019 01:00:00.000000,0.185795,6.6095,0.054975,0.013568,4.579487
07/11/2019 01:01:00.000000,0.221419,6.94975,0.05345,10.397872,3.789362
07/11/2019 01:02:00.000000,0.235435,7.007,0.0534,0.011877,6.090244
07/11/2019 01:03:00.000000,0.2195,6.76725,0.054525,0.017548,4.8
07/11/2019 01:04:00.000000,0.206665,5.5945,0.054725,0.019475,4.932432
07/11/2019 01:05:00.000000,0.20523,5.6525,0.053725,0.011392,4.571429
07/11/2019 01:06:00.000000,0.187107,5.6135,0.0553,0.01509,4.753846
07/11/2019 01:07:00.000000,0.194819,5.34975,0.0557,0.02599,3.44
07/11/2019 01:08:00.000000,0.2007,5.02025,0.056,18.885714,4.533333
07/11/2019 01:09:00.000000,0.180693,4.8625,0.055875,5.339024,3.307317
07/11/2019 01:10:00.000000,0.178504,5.017,0.05565,8.914286,4.028571
07/11/2019 01:11:00.000000,0.24712,4.97525,0.056275,0.010088,4.542857
07/11/2019 01:12:00.000000,0.220677,4.96075,0.05645,0.009084,4.013953
07/11/2019 01:13:00.000000,0.18153,4.95925,0.055475,9.527778,5.65
07/11/2019 01:14:00.000000,0.199431,4.776,0.056925,0.024113,4.923529
07/11/2019 01:15:00.000000,0.178847,4.63375,0.056775,0.009222,2.374286
07/11/2019 01:16:00.000000,0.175248,4.62525,0.05685,9.682857,4.048571
07/11/2019 01:17:00.000000,0.175746,4.5865,0.0574,0.070656,3.587805
07/11/2019 01:18:00.000000,0.399249,4.24575,0.056575,0.039559,5.129167
07/11/2019 01:19:00.000000,0.513772,4.1874,0.0557,0.014881,4.602439
07/11/2019 01:20:00.000000,0.249347,4.0605,0.055675,5.848276,3.92069
07/11/2019 01:21:00.000000,0.191634,3.86325,0.0563,24.788372,4.760465
07/11/2019 01:22:00.000000,0.174536,3.904,0.05535,0.011235,3.115
07/11/2019 01:23:00.000000,0.178978,3.9385,0.05465,0.013986,5.521951
07/11/2019 01:24:00.000000,0.182283,4.4825,0.051325,0.026692,6.582927
07/11/2019 01:25:00.000000,0.229292,4.87975,0.051525,0.038738,5.931707
07/11/2019 01:26:00.000000,0.225835,5.0655,0.053475,0.01793,4.202273
07/11/2019 01:27:00.000000,0.213805,5.39325,0.05225,17.097727,7.7
07/11/2019 01:28:00.000000,0.224128,5.874,0.051375,30.782927,6.84878
07/11/2019 01:29:00.000000,0.241044,6.87575,0.050825,,
07/11/2019 01:30:00.000000,0.270218,7.901,0.050975,0.018676,7.485714
07/11/2019 01:31:00.000000,0.247375,8.47825,0.050375,0.018751,7.723077
07/11/2019 01:32:00.000000,0.224692,8.455,0.0499,0.017631,4.684211
07/11/2019 01:33:00.000000,0.212171,8.41475,0.052125,0.040273,5.132558
07/11/2019 01:34:00.000000,0.20446,8.60575,0.05215,32.575,7.085
07/11/2019 01:35:00.000000,0.24616,8.03425,0.049175,0.038407,6.983333
07/11/2019 01:36:00.000000,0.301375,11.34175,0.044275,0.035774,5.44878
07/11/2019 01:37:00.000000,0.32476,11.82175,0.04635,24.506667,4.777778
07/11/2019 01:38:00.000000,0.265052,6.5465,0.0511,12.388636,4.095455
07/11/2019 01:39:00.000000,0.212448,8.53075,0.050525,32.123256,7.446512
07/11/2019 01:40:00.000000,0.225871,9.46275,0.04925,0.038951,7.56
07/11/2019 01:41:00.000000,0.234365,9.4305,0.049125,39.052273,7.068182
07/11/2019 01:42:00.000000,0.267636,9.32575,0.0489,0.027033,5.542857
07/11/2019 01:43:00.000000,0.303617,9.12725,0.050475,0.021064,4.304878
07/11/2019 01:44:00.000000,0.276583,8.80425,0.051075,0.013101,4.355
07/11/2019 01:45:00.000000,0.272527,8.5625,0.0515,0.01497,4.570732
07/11/2019 01:46:00.000000,0.242096,7.99975,0.053125,0.015672,4.6
07/11/2019 01:47:00.000000,0.182168,7.3735,0.05395,0.01185,5.304762
07/11/2019 01:48:00.000000,0.172958,6.72675,0.053675,0.016397,4.797674
07/11/2019 01:49:00.000000,0.181627,6.218,0.053325,40.922727,4.863636
07/11/2019 01:50:00.000000,0.193672,6.19475,0.050575,33.434146,4.814634
07/11/2019 01:51:00.000000,0.219982,6.2485,0.049575,16.525,5.565
07/11/2019 01:52:00.000000,0.220072,6.326,0.0505,11.412195,4.24878
07/11/2019 01:53:00.000000,0.204056,6.12775,0.05195,10.984615,4.0
07/11/2019 01:54:00.000000,0.250951,6.26725,0.05235,0.016673,5.078049
07/11/2019 01:55:00.000000,0.417414,6.34575,0.05245,17.442857,5.214286
07/11/2019 01:56:00.000000,0.318684,6.41225,0.051575,20.541026,6.3
07/11/2019 01:57:00.000000,0.236582,6.56175,0.051475,0.017061,5.405263
07/11/2019 01:58:00.000000,0.214364,6.27725,0.0517,0.013449,3.693023
07/11/2019 01:59:00.000000,0.210787,5.9675,0.052,6.573333,4.582222
07/11/2019 02:00:00.000000,0.220996,5.7215,0.05165,11.1625,5.48
07/11/2019 02:01:00.000000,0.213468,6.05875,0.048275,0.020635,3.985
07/11/2019 02:02:00.000000,0.249333,9.3925,0.045275,0.018241,4.89
07/11/2019 02:03:00.000000,0.272024,12.8115,0.048325,10.5,4.417073
07/11/2019 02:04:00.000000,0.258869,7.62625,0.0509,0.031005,10.473913
07/11/2019 02:05:00.000000,0.210178,7.67425,0.0504,0.02495,5.7
07/11/2019 02:06:00.000000,0.211605,7.86425,0.049025,12.5,6.407692
07/11/2019 02:07:00.000000,0.240005,7.797,0.049875,0.013394,4.118605
07/11/2019 02:08:00.000000,0.217441,7.68475,0.05135,0.006432,3.877273
07/11/2019 02:09:00.000000,0.194206,7.503,0.05065,,
07/11/2019 02:10:00.000000,0.20591,7.56075,0.04875,13.004878,3.9
07/11/2019 02:11:00.000000,0.218347,7.479,0.049325,0.005963,3.305
07/11/2019 02:12:00.000000,0.209508,7.30925,0.05055,0.013039,5.07
07/11/2019 02:13:00.000000,0.205649,7.20325,0.05035,11.7,4.539535
07/11/2019 02:14:00.000000,0.2007,6.88025,0.05095,0.026246,4.4
07/11/2019 02:15:00.000000,0.195827,6.9845,0.049275,12.597561,6.107317
07/11/2019 02:16:00.000000,0.252305,7.204,0.04855,0.016356,5.034146
07/11/2019 02:17:00.000000,0.285092,7.2465,0.05015,31.914634,6.731707
07/11/2019 02:18:00.000000,0.20536,7.006,0.0515,24.034884,6.330233
07/11/2019 02:19:00.000000,0.180583,6.79875,0.052425,16.1375,3.82
07/11/2019 02:20:00.000000,0.182564,6.68275,0.05145,22.661538,5.176923
07/11/2019 02:21:00.000000,0.192721,6.363,0.049825,0.023216,8.416279
07/11/2019 02:22:00.000000,0.21242,5.37075,0.051075,12.67561,4.570732
07/11/2019 02:23:00.000000,0.249554,5.4275,0.051375,11.988095,5.328571
07/11/2019 02:24:00.000000,0.212436,6.19125,0.050225,19.6,3.965116
07/11/2019 02:25:00.000000,0.198731,6.15525,0.05055,20.6,5.076744
07/11/2019 02:26:00.000000,0.314431,6.42725,0.049675,0.016989,3.928571
07/11/2019 02:27:00.000000,0.413078,6.71725,0.04875,0.016758,3.7
07/11/2019 02:28:00.000000,0.279359,6.701,0.050175,0.032777,4.818605
07/11/2019 02:29:00.000000,0.247653,6.8005,0.04995,0.019688,4.15
07/11/2019 02:30:00.000000,0.305621,6.93425,0.04935,0.017706,4.777273
07/11/2019 02:31:00.000000,0.307218,7.20025,0.047975,0.018802,5.5
07/11/2019 02:32:00.000000,0.233275,7.41025,0.04735,8.768293,5.087805
07/11/2019 02:33:00.000000,0.209488,7.61625,0.0487,0.024283,4.566667
07/11/2019 02:34:00.000000,0.215401,7.58075,0.04795,5.988636,3.981818
07/11/2019 02:35:00.000000,0.234613,7.6715,0.049625,0.009337,4.753659
07/11/2019 02:36:00.000000,0.237299,8.0015,0.051225,22.126829,4.814634
07/11/2019 02:37:00.000000,0.215252,8.27075,0.050575,0.025978,5.485714
07/11/2019 02:38:00.000000,0.219565,8.6105,0.048775,11.275,4.665
07/11/2019 02:39:00.000000,0.236514,8.78275,0.04895,29.242857,5.333333
07/11/2019 02:40:00.000000,0.253551,9.0065,0.0508,23.719512,7.121951
07/11/2019 02:41:00.000000,0.247193,9.32825,0.0508,16.490698,6.074419
07/11/2019 02:42:00.000000,0.243182,9.4835,0.0507,24.95,7.114286
07/11/2019 02:43:00.000000,0.24888,9.66475,0.05105,0.038599,5.607317
07/11/2019 02:44:00.000000,0.238545,9.93075,0.051025,30.428571,8.977143
07/11/2019 02:45:00.000000,0.242968,10.189,0.0501,0.025894,6.385294
07/11/2019 02:46:00.000000,0.244405,10.43025,0.049525,31.119048,7.842857
07/11/2019 02:47:00.000000,0.251444,10.65525,0.049775,19.037209,4.916279
07/11/2019 02:48:00.000000,0.248318,10.84725,0.04965,0.02748,4.485366
07/11/2019 02:49:00.000000,0.244177,10.96075,0.04995,16.978947,5.931579
07/11/2019 02:50:00.000000,0.257038,11.108,0.05005,20.971429,7.657143
07/11/2019 02:51:00.000000,0.245502,11.232,0.05025,0.018828,5.082927
07/11/2019 02:52:00.000000,0.237827,11.362,0.04895,0.032379,7.353488
07/11/2019 02:53:00.000000,0.257675,11.48,0.048175,22.858537,6.092683
07/11/2019 02:54:00.000000,0.265357,11.57575,0.04805,25.583333,5.51
07/11/2019 02:55:00.000000,0.271801,11.79775,0.047175,26.471428,5.692857
07/11/2019 02:56:00.000000,0.287605,11.924,0.04735,0.022419,7.138462
07/11/2019 02:57:00.000000,0.277547,12.11275,0.047975,15.240541,5.808108
07/11/2019 02:58:00.000000,0.280094,12.3125,0.04755,0.016778,4.560976
07/11/2019 02:59:00.000000,0.326938,12.477,0.0469,0.030868,5.082927
07/11/2019 03:00:00.000000,0.360529,12.41925,0.04785,35.430769,5.284615
07/11/2019 03:01:00.000000,0.314505,12.28425,0.048825,36.615385,5.638462
07/11/2019 03:02:00.000000,0.26393,12.0305,0.0493,65.112195,7.065854
07/11/2019 03:03:00.000000,0.25944,11.763,0.0489,34.634884,6.869767
07/11/2019 03:04:00.000000,0.283272,11.47625,0.049475,17.8,4.4
07/11/2019 03:05:00.000000,0.256642,11.1745,0.0497,0.01892,5.652174
07/11/2019 03:06:00.000000,0.235013,10.88825,0.049125,20.340909,4.654545
07/11/2019 03:07:00.000000,0.235165,10.62025,0.048325,0.009071,4.4
07/11/2019 03:08:00.000000,0.24619,10.5845,0.047375,0.011591,5.175758
07/11/2019 03:09:00.000000,0.273383,10.6515,0.04775,0.024631,7.704545
07/11/2019 03:10:00.000000,0.27065,11.012,0.04725,0.039705,14.231818
07/11/2019 03:11:00.000000,0.305919,11.27425,0.04675,0.030325,8.23
07/11/2019 03:12:00.000000,0.485568,11.456,0.0475,37.84,5.555
07/11/2019 03:13:00.000000,0.420095,11.74425,0.047125,0.04836,5.55814
07/11/2019 03:14:00.000000,0.286935,11.95325,0.045875,0.029465,6.535
07/11/2019 03:15:00.000000,0.301381,12.11425,0.045775,13.444186,6.951163
07/11/2019 03:16:00.000000,0.28356,12.17375,0.0466,26.755814,6.569767
07/11/2019 03:17:00.000000,0.265819,12.0455,0.0474,0.028228,7.012195
07/11/2019 03:18:00.000000,0.248885,11.64575,0.04745,18.528571,6.77619
07/11/2019 03:19:00.000000,0.244297,11.523,0.0457,16.607317,5.419512
07/11/2019 03:20:00.000000,0.303256,11.60325,0.045175,51.258537,8.870732
07/11/2019 03:21:00.000000,0.299786,11.61,0.0458,43.287879,9.5
07/11/2019 03:22:00.000000,0.266125,11.49825,0.04615,23.4125,8.395
07/11/2019 03:23:00.000000,0.263003,11.4025,0.04575,21.671429,7.366667
07/11/2019 03:24:00.000000,0.25495,11.3275,0.04605,0.036733,6.715152
07/11/2019 03:25:00.000000,0.242996,11.483,0.04515,0.027679,5.441935
07/11/2019 03:26:00.000000,0.26436,11.921,0.043125,14.747619,6.016667
07/11/2019 03:27:00.000000,0.26047,12.05025,0.043575,0.025385,5.609091
07/11/2019 03:28:00.000000,0.263305,12.25425,0.043875,34.737209,5.75814
07/11/2019 03:29:00.000000,0.256597,12.38125,0.043925,0.028464,6.136842
07/11/2019 03:30:00.000000,0.240909,12.5575,0.04425,0.041952,6.953488
07/11/2019 03:31:00.000000,0.244764,12.73025,0.044025,35.331707,5.990244
07/11/2019 03:32:00.000000,0.244038,13.0105,0.04395,0.039942,5.885
07/11/2019 03:33:00.000000,0.243616,13.11575,0.0435,49.442857,5.214286
07/11/2019 03:34:00.000000,0.250799,13.02775,0.042725,0.025029,6.295122
07/11/2019 03:35:00.000000,0.255348,13.21575,0.04085,23.295349,6.918605
07/11/2019 03:36:00.000000,0.268879,13.285,0.038975,19.885,6.835
07/11/2019 03:37:00.000000,0.26912,13.461,0.0385,37.413953,7.402326
07/11/2019 03:38:00.000000,0.263716,13.61475,0.037975,0.037841,7.239474
07/11/2019 03:39:00.000000,0.252707,13.78075,0.037175,23.85,7.2
07/11/2019 03:40:00.000000,0.240054,20.7555,0.0348,0.034849,7.6125
07/11/2019 03:41:00.000000,0.234694,15.08325,0.03515,0.022424,7.102439
07/11/2019 03:42:00.000000,0.24191,12.90325,0.037575,34.716279,8.634884
07/11/2019 03:43:00.000000,0.265169,11.63775,0.036825,28.75122,7.960976
07/11/2019 03:44:00.000000,0.327215,11.56675,0.0381,0.047107,6.1375
07/11/2019 03:45:00.000000,0.289699,11.521,0.0393,0.033594,6.753659
07/11/2019 03:46:00.000000,0.237083,11.59225,0.038975,0.045539,8.957143
07/11/2019 03:47:00.000000,0.23443,11.77025,0.0376,44.62093,8.697674
07/11/2019 03:48:00.000000,0.244908,12.003,0.036525,19.514286,6.285714
07/11/2019 03:49:00.000000,0.267555,12.0675,0.03715,0.043291,12.2875
07/11/2019 03:50:00.000000,0.27777,12.241,0.036775,0.034241,8.622727
07/11/2019 03:51:00.000000,0.25692,12.82075,0.0344,0.035745,8.665
07/11/2019 03:52:00.000000,0.243006,13.251,0.0341,0.048927,6.216667
07/11/2019 03:53:00.000000,0.239009,13.45625,0.0367,0.04711,6.975
07/11/2019 03:54:00.000000,0.235273,13.592,0.036475,0.035285,7.616667
07/11/2019 03:55:00.000000,0.27734,14.2005,0.03285,0.061817,5.575
07/11/2019 03:56:00.000000,0.284603,14.8055,0.031025,32.06,6.382222
07/11/2019 03:57:00.000000,0.25559,15.103,0.033625,0.043239,8.839024
07/11/2019 03:58:00.000000,0.250754,15.202,0.035725,26.18,11.0
07/11/2019 03:59:00.000000,0.244479,14.7095,0.0368,29.345238,7.6
07/11/2019 04:00:00.000000,0.229118,14.45775,0.037625,23.090909,6.847727
07/11/2019 04:01:00.000000,0.226001,14.34475,0.0377,0.036262,6.713953
07/11/2019 04:02:00.000000,0.074883,14.101,0.037925,0.035908,8.663415
07/11/2019 04:03:00.000000,0.021101,11.715,0.0372,33.092857,5.571429
07/11/2019 04:04:00.000000,0.000827,12.5625,0.035675,0.02999,5.512195
07/11/2019 04:05:00.000000,0.006581,12.7345,0.036375,0.0306,5.171429
07/11/2019 04:06:00.000000,0.003392,12.01025,0.037775,0.021588,6.2
07/11/2019 04:07:00.000000,0.003699,8.189,0.039075,10.514286,6.15
07/11/2019 04:08:00.000000,0.006641,11.784,0.040175,32.321053,7.784211
07/11/2019 04:09:00.000000,0.00355,10.563,0.040075,,
07/11/2019 04:10:00.000000,0.003584,10.93325,0.038725,0.028964,8.065854
07/11/2019 04:11:00.000000,0.003381,10.8515,0.0392,19.257143,8.814286
07/11/2019 04:12:00.000000,0.064814,10.80475,0.04,0.022918,6.982051
07/11/2019 04:13:00.000000,0.172021,10.8475,0.03935,0.025764,6.871429
07/11/2019 04:14:00.000000,0.220861,10.79975,0.039525,15.162791,5.781395
07/11/2019 04:15:00.000000,0.205531,10.72575,0.03995,0.019604,5.685
07/11/2019 04:16:00.000000,0.201556,10.50975,0.04095,33.914286,7.757143
07/11/2019 04:17:00.000000,0.266199,10.4875,0.040575,0.031716,4.830233
07/11/2019 04:18:00.000000,0.266486,10.4455,0.039625,15.171429,6.7
07/11/2019 04:19:00.000000,0.2266,10.45525,0.040275,18.097368,5.876316
07/11/2019 04:20:00.000000,0.205939,10.61325,0.039675,27.67,4.92
07/11/2019 04:21:00.000000,0.211838,10.77075,0.03815,30.39,9.3375
07/11/2019 04:22:00.000000,0.230607,11.0365,0.03742,0.034325,6.433333
07/11/2019 04:23:00.000000,0.246946,11.35875,0.037667,18.354545,6.20303
07/11/2019 04:24:00.000000,0.259051,11.44575,0.0404,12.757143,5.617143
07/11/2019 04:25:00.000000,0.213669,11.37325,0.0409,16.114286,8.0
07/11/2019 04:26:00.000000,0.198576,11.26925,0.0414,22.532558,5.474419
07/11/2019 04:27:00.000000,0.189252,11.21125,0.041925,6.42093,4.311628
07/11/2019 04:28:00.000000,0.194302,16.914,0.0387,31.145,4.71
07/11/2019 04:29:00.000000,0.330616,24.9195,0.0297,0.035104,7.253846
07/11/2019 04:30:00.000000,0.345443,9.2335,0.034675,0.021844,5.128571
07/11/2019 04:31:00.000000,0.243019,11.879,0.0397,30.271429,5.471429
07/11/2019 04:32:00.000000,0.295265,27.02725,0.031875,31.821951,7.64878
07/11/2019 04:33:00.000000,0.423131,24.52025,0.02855,26.106977,7.483721
07/11/2019 04:34:00.000000,0.733809,27.44225,0.027925,0.023839,6.285714
07/11/2019 04:35:00.000000,0.546756,29.161,0.028,0.021179,5.583721
07/11/2019 04:36:00.000000,0.268336,25.718,0.03015,15.337209,4.746512
07/11/2019 04:37:00.000000,0.226812,22.87,0.030775,0.036973,4.6
07/11/2019 04:38:00.000000,0.268256,13.93825,0.034075,27.971429,6.914286
07/11/2019 04:39:00.000000,0.2567,10.077,0.039275,0.035018,5.438462
07/11/2019 04:40:00.000000,0.21136,9.73125,0.04175,31.985714,6.433333
07/11/2019 04:41:00.000000,0.197034,9.59625,0.041775,25.538462,6.446154
07/11/2019 04:42:00.000000,0.190335,9.76825,0.0404,0.033316,7.509756
07/11/2019 04:43:00.000000,0.20078,13.309,0.03895,0.030555,6.610811
07/11/2019 04:44:00.000000,0.222444,23.95225,0.03565,25.2,6.233333
07/11/2019 04:45:00.000000,0.230171,17.812,0.033125,0.018038,5.362791
07/11/2019 04:46:00.000000,0.227063,12.7065,0.03205,28.477778,8.666667
07/11/2019 04:47:00.000000,0.267021,0.0175,0.02765,23.504545,10.927273
07/11/2019 04:48:00.000000,0.226269,0.0,0.034675,41.607317,6.67561
07/11/2019 04:49:00.000000,0.179952,0.0,0.04285,0.043154,5.469767
07/11/2019 04:50:00.000000,0.16743,-9999.0,0.043375,0.037073,4.628571
07/11/2019 04:51:00.000000,0.182854,-9999.0,0.042167,0.022356,7.638462
07/11/2019 04:52:00.000000,0.18271,-9999.0,0.0423,16.630769,5.053846
07/11/2019 04:53:00.000000,0.188857,-9999.0,0.04,33.767442,8.45814
07/11/2019 04:54:00.000000,0.193729,-9999.0,0.0376,24.654545,6.325
07/11/2019 04:55:00.000000,0.193242,-9999.0,0.03885,0.019761,5.283721
07/11/2019 04:56:00.000000,0.18061,-9999.0,0.04005,0.039512,7.67561
07/11/2019 04:57:00.000000,0.171323,2.3695,0.040675,0.047239,8.953659
07/11/2019 04:58:00.000000,0.187325,8.71425,0.03985,0.008541,4.746341
07/11/2019 04:59:00.000000,0.189951,12.3595,0.040575,0.020824,5.780952
07/11/2019 05:00:00.000000,0.179659,15.71125,0.041475,24.4625,5.605
07/11/2019 05:01:00.000000,0.184903,15.25925,0.042225,33.983333,5.666667
07/11/2019 05:02:00.000000,0.172282,14.40675,0.043375,21.4,5.107692
07/11/2019 05:03:00.000000,0.165829,13.24,0.04145,0.017134,5.356757
07/11/2019 05:04:00.000000,0.20066,12.0905,0.039475,0.036714,6.335
07/11/2019 05:05:00.000000,0.189112,10.802,0.039375,0.03321,6.585714
07/11/2019 05:06:00.000000,0.190662,9.343,0.039,17.12,7.195
07/11/2019 05:07:00.000000,0.215812,7.80075,0.038475,0.027033,6.8
07/11/2019 05:08:00.000000,0.216584,5.9505,0.0387,21.019512,6.529268
07/11/2019 05:09:00.000000,0.209896,4.58075,0.0383,16.0,6.907895
07/11/2019 05:10:00.000000,0.198075,3.96675,0.0374,0.03406,6.228571
07/11/2019 05:11:00.000000,0.179849,3.629,0.037825,0.008085,4.642857
07/11/2019 05:12:00.000000,0.191697,3.0035,0.037725,0.02156,6.44878
07/11/2019 05:13:00.000000,0.220215,2.78175,0.038775,25.414634,4.921951
07/11/2019 05:14:00.000000,0.242294,2.9045,0.0408,0.048592,6.092683
07/11/2019 05:15:00.000000,0.316827,3.13725,0.04045,30.05,7.76
07/11/2019 05:16:00.000000,0.377496,3.44225,0.040375,29.542857,6.114286
07/11/2019 05:17:00.000000,0.303355,118.95975,0.0419,0.023457,7.652632
07/11/2019 05:18:00.000000,0.216405,321.61875,0.0428,20.602564,7.069231
07/11/2019 05:19:00.000000,0.173933,342.79175,0.043325,23.7125,5.965
07/11/2019 05:20:00.000000,0.171111,344.52675,0.043325,0.040082,6.392308
07/11/2019 05:21:00.000000,0.171078,342.00225,0.04285,23.921875,5.3375
07/11/2019 05:22:00.000000,0.180907,341.9645,0.04195,0.029596,8.303125
07/11/2019 05:23:00.000000,0.272468,341.91175,0.03935,22.44878,6.692683
07/11/2019 05:24:00.000000,0.307809,341.99725,0.037125,39.193103,8.427586
07/11/2019 05:25:00.000000,0.211038,342.302,0.038975,31.589189,6.489189
07/11/2019 05:26:00.000000,0.190408,300.8795,0.04005,0.024948,8.395
07/11/2019 05:27:00.000000,0.192271,24.31725,0.04075,24.516667,7.05
07/11/2019 05:28:00.000000,0.189409,0.13875,0.042075,22.273529,6.611765
07/11/2019 05:29:00.000000,0.181108,0.0,0.043375,0.026646,5.466667
07/11/2019 05:30:00.000000,0.16724,-9999.0,0.043975,0.031014,6.08
07/11/2019 05:31:00.000000,0.168733,-9999.0,0.0433,26.1375,6.71
07/11/2019 05:32:00.000000,0.174971,-9999.0,0.041375,0.03824,6.883333
07/11/2019 05:33:00.000000,0.21538,-9999.0,0.041575,31.960526,7.994737
07/11/2019 05:34:00.000000,0.211308,-9999.0,0.04325,0.023292,7.333333
07/11/2019 05:35:00.000000,0.16683,-9999.0,0.043575,0.043602,6.446341
07/11/2019 05:36:00.000000,0.166918,1.4545,0.0432,25.425,6.81
07/11/2019 05:37:00.000000,0.182021,10.4975,0.042725,17.562791,6.813953
07/11/2019 05:38:00.000000,0.192653,8.772667,0.0434,11.321622,5.543243
07/11/2019 05:39:00.000000,0.183256,8.7055,0.04415,25.15,5.397059
07/11/2019 05:40:00.000000,0.176583,9.09425,0.04305,17.392308,5.315385
07/11/2019 05:41:00.000000,0.186873,9.46275,0.0415,26.741463,4.470732
07/11/2019 05:42:00.000000,0.215651,9.682,0.04105,0.026107,8.426829
07/11/2019 05:43:00.000000,0.197979,9.94525,0.041325,20.169767,8.665116
07/11/2019 05:44:00.000000,0.201741,10.12875,0.04195,15.2,5.625
07/11/2019 05:45:00.000000,0.205292,10.1365,0.043275,0.022912,7.251163
07/11/2019 05:46:00.000000,0.286426,10.1775,0.042725,38.654054,6.908108
07/11/2019 05:47:00.000000,1.340205,10.23525,0.042775,0.045283,6.890476
07/11/2019 05:48:00.000000,3.239858,10.106,0.0436,22.328125,7.48125
07/11/2019 05:49:00.000000,3.813825,9.94225,0.043533,0.027738,6.264706
07/11/2019 05:50:00.000000,3.866939,9.77325,0.04325,19.576471,5.623529
07/11/2019 05:51:00.000000,3.872661,9.4375,0.04376,26.419231,7.619231
07/11/2019 05:52:00.000000,3.87784,9.079,0.0454,13.361538,6.305128
07/11/2019 05:53:00.000000,3.881214,8.8565,0.045625,0.030747,5.617073
07/11/2019 05:54:00.000000,3.87768,8.65025,0.044975,29.957895,5.5
07/11/2019 05:55:00.000000,3.876893,8.703,0.0436,26.836585,5.926829
07/11/2019 05:56:00.000000,3.684623,8.97725,0.04205,0.037973,6.256098
07/11/2019 05:57:00.000000,1.848844,12.42,0.04114,0.024967,5.629167
07/11/2019 05:58:00.000000,0.173053,13.30575,0.039633,0.023086,7.266667
07/11/2019 05:59:00.000000,0.007302,17.66625,0.034625,0.043908,10.065
07/11/2019 06:00:00.000000,0.001776,19.74075,0.039025,24.66,6.505
07/11/2019 06:01:00.000000,-9999.0,8.5105,0.044775,0.03451,6.473684
07/11/2019 06:02:00.000000,-9999.0,9.28525,0.044775,27.62,7.025
07/11/2019 06:03:00.000000,-9999.0,9.24725,0.044125,15.425,8.63
07/11/2019 06:04:00.000000,-9999.0,9.0965,0.044225,0.033031,6.197778
07/11/2019 06:05:00.000000,-9999.0,9.126,0.043825,0.024254,6.956757
07/11/2019 06:06:00.000000,-9999.0,9.0864,0.044067,14.634375,4.584375
07/11/2019 06:07:00.000000,0.023166,9.0905,0.04435,0.027883,5.916667
07/11/2019 06:08:00.000000,0.116198,9.16125,0.043275,0.035151,6.541463
07/11/2019 06:09:00.000000,0.147679,9.28825,0.042375,,
07/11/2019 06:10:00.000000,0.155733,9.441,0.0421,0.025784,7.921622
07/11/2019 06:11:00.000000,0.205484,9.776,0.041325,0.045221,7.42
07/11/2019 06:12:00.000000,0.197614,9.97025,0.041575,0.031429,7.128571
07/11/2019 06:13:00.000000,0.158412,9.9665,0.0435,7.75,5.57
07/11/2019 06:14:00.000000,0.153846,9.908,0.04515,0.023417,6.915
07/11/2019 06:15:00.000000,0.141341,9.76525,0.045925,0.029485,5.088889
07/11/2019 06:16:00.000000,0.135748,9.3595,0.046825,0.027397,4.7
07/11/2019 06:17:00.000000,0.131226,9.061,0.04585,21.64186,7.883721
07/11/2019 06:18:00.000000,0.133491,8.82575,0.044975,17.473171,5.668293
07/11/2019 06:19:00.000000,0.136757,8.5075,0.044875,0.02381,5.37
07/11/2019 06:20:00.000000,0.147934,8.25725,0.045,0.03146,6.882051
07/11/2019 06:21:00.000000,0.14809,8.0795,0.0452,15.206977,5.981395
07/11/2019 06:22:00.000000,0.142304,7.94025,0.0454,27.085714,5.285714
07/11/2019 06:23:00.000000,0.143756,7.8495,0.045375,0.029868,6.706977
07/11/2019 06:24:00.000000,0.139459,6.69475,0.037875,21.823077,6.34359
07/11/2019 06:25:00.000000,0.142587,10.9735,0.03985,17.285366,7.565854
07/11/2019 06:26:00.000000,0.149071,10.87025,0.04045,30.7,6.092683
07/11/2019 06:27:00.000000,0.152251,9.5785,0.042025,23.265854,5.543902
07/11/2019 06:28:00.000000,0.155813,9.11475,0.0442,0.03588,5.831707
07/11/2019 06:29:00.000000,0.159368,,,,
07/11/2019 06:30:00.000000,0.147782,8.36025,0.04655,25.614286,6.414286
07/11/2019 06:31:00.000000,0.146272,7.99375,0.047175,0.04224,8.990244
07/11/2019 06:32:00.000000,0.14545,7.6275,0.046825,0.048607,5.859091
07/11/2019 06:33:00.000000,0.152738,7.31125,0.046375,30.9375,6.83
07/11/2019 06:34:00.000000,0.158947,7.00125,0.046225,0.033395,6.335
07/11/2019 06:35:00.000000,0.151895,6.68675,0.046325,27.814286,6.2
07/11/2019 06:36:00.000000,0.144633,6.511,0.046375,28.087805,8.078049
07/11/2019 06:37:00.000000,0.14761,6.52575,0.0467,0.047427,5.846809
07/11/2019 06:38:00.000000,0.15202,6.48025,0.04715,0.020992,5.4
07/11/2019 06:39:00.000000,0.153184,6.38625,0.047825,36.577273,8.679545
07/11/2019 06:40:00.000000,0.15215,6.28175,0.048025,0.041837,6.385714
07/11/2019 06:41:00.000000,0.152807,6.11,0.047775,34.571428,6.4
07/11/2019 06:42:00.000000,0.154796,6.10525,0.045275,0.055001,8.530769
07/11/2019 06:43:00.000000,0.161661,6.35025,0.04485,25.681818,11.059091
07/11/2019 06:44:00.000000,0.166582,6.24575,0.04775,0.047423,6.153846
07/11/2019 06:45:00.000000,0.160455,6.00075,0.049,0.02318,4.858537
07/11/2019 06:46:00.000000,0.146167,5.89725,0.19075,0.044439,7.885714
07/11/2019 06:47:00.000000,0.141901,5.79575,0.24905,0.025462,7.367442
07/11/2019 06:48:00.000000,0.14259,5.65475,0.25385,18.32,6.35
07/11/2019 06:49:00.000000,0.14482,,,,
07/11/2019 06:50:00.000000,0.146537,5.304,0.2483,16.077273,6.518182
07/11/2019 06:51:00.000000,0.157215,4.948,0.24575,14.697674,8.630233
07/11/2019 06:52:00.000000,0.16969,4.9765,0.2458,0.048818,6.114286
07/11/2019 06:53:00.000000,0.187817,5.11375,0.2466,14.642857,5.771429
07/11/2019 06:54:00.000000,0.191609,5.2865,0.245775,19.365854,5.202439
07/11/2019 06:55:00.000000,0.20558,5.50025,0.2454,0.029113,6.12
07/11/2019 06:56:00.000000,0.203061,5.55025,0.210225,0.022331,8.161538
07/11/2019 06:57:00.000000,0.178572,5.532,0.0001,0.019292,5.472727
07/11/2019 06:58:00.000000,0.163617,5.4545,0.0005,0.022083,7.137143
07/11/2019 06:59:00.000000,0.166572,5.31825,-9999.0,0.018775,5.628571
07/11/2019 07:00:00.000000,0.177777,5.273,-9999.0,0.027811,8.0225
07/11/2019 07:01:00.000000,0.167832,5.433,-9999.0,0.015997,5.384615
07/11/2019 07:02:00.000000,0.176108,5.2415,-9999.0,0.036028,5.48
07/11/2019 07:03:00.000000,0.182961,5.14775,-9999.0,0.021288,5.114286
07/11/2019 07:04:00.000000,0.193364,5.2565,-9999.0,26.071429,6.728571
07/11/2019 07:05:00.000000,0.200744,5.43875,-9999.0,19.6,7.193333
07/11/2019 07:06:00.000000,0.193924,5.61,-9999.0,0.040154,6.769767
07/11/2019 07:07:00.000000,0.186043,5.87275,-9999.0,0.017553,5.163415
07/11/2019 07:08:00.000000,0.19502,5.9255,-9999.0,0.031946,4.815
07/11/2019 07:09:00.000000,0.201955,,,,
07/11/2019 07:10:00.000000,0.196335,5.99175,-9999.0,0.02512,6.130233
07/11/2019 07:11:00.000000,0.198408,6.1245,0.000175,0.023337,7.778378
07/11/2019 07:12:00.000000,0.196873,6.26325,-9999.0,0.055267,7.702439
07/11/2019 07:13:00.000000,0.186863,6.42675,-9999.0,0.031085,6.584615
07/11/2019 07:14:00.000000,0.184876,6.53125,-9999.0,27.310526,11.789474
07/11/2019 07:15:00.000000,0.186726,6.606,-9999.0,0.02857,5.543902
07/11/2019 07:16:00.000000,0.187714,6.777,0.009125,22.427907,7.139535
07/11/2019 07:17:00.000000,0.194644,6.918,0.05325,28.571428,8.285714
07/11/2019 07:18:00.000000,0.194603,7.066,0.0458,0.016117,7.195349
07/11/2019 07:19:00.000000,0.180889,7.31725,0.04255,0.033298,6.903571
07/11/2019 07:20:00.000000,0.189642,7.66825,0.039025,0.031378,6.512121
07/11/2019 07:21:00.000000,0.205298,8.05125,0.036975,19.609091,8.633333
07/11/2019 07:22:00.000000,0.210341,8.51275,0.03615,0.014393,5.626829
07/11/2019 07:23:00.000000,0.217128,9.00525,0.03575,0.044057,7.595349
07/11/2019 07:24:00.000000,0.217119,9.47975,0.03525,0.02605,9.184615
07/11/2019 07:25:00.000000,0.220137,10.044,0.0348,0.039721,8.609756
07/11/2019 07:26:00.000000,0.228545,10.61825,0.03465,0.023644,8.071429
07/11/2019 07:27:00.000000,0.226794,11.04275,0.034225,0.025916,7.170732
07/11/2019 07:28:00.000000,0.212453,11.31475,0.034675,22.130769,6.830769
07/11/2019 07:29:00.000000,0.203166,,,,
07/11/2019 07:30:00.000000,0.208572,11.82575,0.033675,24.87561,6.397561
07/11/2019 07:31:00.000000,0.231724,12.0745,0.033,0.041713,8.689744
07/11/2019 07:32:00.000000,0.250133,12.2995,0.032325,19.72,7.4
07/11/2019 07:33:00.000000,0.251963,12.509,0.0317,27.612195,6.246341
07/11/2019 07:34:00.000000,0.2621,12.742,0.0312,0.024594,8.046154
07/11/2019 07:35:00.000000,0.268768,12.985,0.031375,0.030562,8.146154
07/11/2019 07:36:00.000000,0.265522,13.2065,0.031,16.104651,6.034884
07/11/2019 07:37:00.000000,0.256202,13.243,0.032625,0.03304,7.765116
07/11/2019 07:38:00.000000,0.239425,13.20775,0.034175,26.994737,8.857895
07/11/2019 07:39:00.000000,0.222021,13.17875,0.0338,37.31,9.085
07/11/2019 07:40:00.000000,0.212375,13.011,0.03405,0.03938,7.637209
07/11/2019 07:41:00.000000,0.203028,12.7215,0.034125,0.024636,6.3
07/11/2019 07:42:00.000000,0.201507,12.43525,0.0335,0.017408,7.453846
07/11/2019 07:43:00.000000,0.212863,12.16075,0.033067,22.109091,8.390909
07/11/2019 07:44:00.000000,0.218074,11.961,0.032525,0.027223,8.753846
07/11/2019 07:45:00.000000,0.220345,11.814,0.032875,0.042319,7.939535
07/11/2019 07:46:00.000000,0.215496,11.62825,0.033525,27.185714,6.857143
07/11/2019 07:47:00.000000,0.207028,11.39825,0.0336,0.039576,7.130233
07/11/2019 07:48:00.000000,0.204184,11.441,0.03315,30.457143,10.95
07/11/2019 07:49:00.000000,0.215277,,,,
07/11/2019 07:50:00.000000,0.24622,11.683,0.0314,0.024975,6.61
07/11/2019 07:51:00.000000,0.266001,11.77725,0.03145,42.75,7.514286
07/11/2019 07:52:00.000000,0.262451,11.91675,0.030525,0.026295,6.533333
07/11/2019 07:53:00.000000,0.262473,12.0805,0.029625,27.614286,6.557143
07/11/2019 07:54:00.000000,0.264912,12.31325,0.030025,0.020737,7.446154
07/11/2019 07:55:00.000000,0.255389,12.519,0.030475,26.953333,7.768889
07/11/2019 07:56:00.000000,0.247768,12.63075,0.030125,0.019612,6.690244
07/11/2019 07:57:00.000000,0.248043,12.7795,0.02945,0.01828,6.756098
07/11/2019 07:58:00.000000,0.251096,12.959,0.02905,26.068182,6.463636
07/11/2019 07:59:00.000000,0.255271,13.1195,0.0286,36.717073,8.192683
07/11/2019 08:00:00.000000,0.262786,13.29,0.027425,10.436364,6.340909
07/11/2019 08:01:00.000000,0.260932,13.50675,0.0271,0.031894,6.0
07/11/2019 08:02:00.000000,0.256476,13.7975,0.027425,28.795122,8.646341
07/11/2019 08:03:00.000000,0.250308,14.06025,0.02745,0.026889,7.516667
07/11/2019 08:04:00.000000,0.237494,14.29225,0.027825,0.040802,9.078049
07/11/2019 08:05:00.000000,0.228778,14.33975,0.02805,25.722727,8.054545
07/11/2019 08:06:00.000000,0.227953,14.32075,0.0285,0.028454,8.31
07/11/2019 08:07:00.000000,0.221124,14.29425,0.03,15.34878,7.873171
07/11/2019 08:08:00.000000,0.220114,14.36775,0.0302,0.037221,7.136585
07/11/2019 08:09:00.000000,0.250544,14.4,0.029875,26.314286,6.657143
07/11/2019 08:10:00.000000,0.247943,14.40725,0.029625,22.685714,9.942857
07/11/2019 08:11:00.000000,0.233894,14.5545,0.027875,0.035997,8.686364
07/11/2019 08:12:00.000000,0.24011,14.75875,0.027425,0.043228,6.692683
07/11/2019 08:13:00.000000,0.254877,15.00625,0.02735,39.170732,5.802439
07/11/2019 08:14:00.000000,0.277898,15.3165,0.026725,0.023326,7.757143
07/11/2019 08:15:00.000000,0.291756,15.6785,0.026425,0.032408,8.184615
07/11/2019 08:16:00.000000,0.284057,15.959,0.0252,0.027677,8.542857
07/11/2019 08:17:00.000000,0.271197,16.03725,0.026525,36.976923,7.923077
07/11/2019 08:18:00.000000,0.243302,15.5825,0.0318,44.035,6.7275
07/11/2019 08:19:00.000000,0.21737,15.20775,0.033875,26.371428,7.333333
07/11/2019 08:20:00.000000,0.207427,14.88775,0.031325,31.044186,6.295349
07/11/2019 08:21:00.000000,0.219904,14.8565,0.02935,25.187805,8.14878
07/11/2019 08:22:00.000000,0.228034,17.87025,0.025475,31.093023,10.823256
07/11/2019 08:23:00.000000,0.246857,18.353,0.0239,0.025692,7.572727
07/11/2019 08:24:00.000000,0.262157,17.7585,0.02515,0.01878,6.225581
07/11/2019 08:25:00.000000,0.271918,17.94575,0.024875,27.55,7.545
07/11/2019 08:26:00.000000,0.271587,17.918,0.02445,24.369697,7.390909
07/11/2019 08:27:00.000000,0.25267,17.89675,0.02456,20.2,8.075758
07/11/2019 08:28:00.000000,0.242438,17.86975,0.0243,0.012959,7.315385
07/11/2019 08:29:00.000000,0.238441,,,,
07/11/2019 08:30:00.000000,0.243607,17.7275,0.024225,0.020806,8.773171
07/11/2019 08:31:00.000000,0.247795,17.66325,0.02345,35.495122,9.041463
07/11/2019 08:32:00.000000,0.262015,17.48775,0.023925,0.023666,7.465116
07/11/2019 08:33:00.000000,0.349061,17.31425,0.025225,19.317949,9.061538
07/11/2019 08:34:00.000000,0.453989,17.23025,0.02425,19.006522,7.5
07/11/2019 08:35:00.000000,0.340363,17.23075,0.02245,27.2125,9.735
07/11/2019 08:36:00.000000,0.300492,17.42425,0.02125,26.133333,10.538462
07/11/2019 08:37:00.000000,0.300022,17.7215,0.02055,38.819512,10.019512
07/11/2019 08:38:00.000000,0.29673,17.9535,0.0209,17.351282,8.123077
07/11/2019 08:39:00.000000,0.29456,18.09325,0.021125,15.52093,7.465116
07/11/2019 08:40:00.000000,0.297655,18.2955,0.021475,0.033416,6.404878
07/11/2019 08:41:00.000000,0.29534,18.50575,0.022275,0.019747,7.135
07/11/2019 08:42:00.000000,0.290446,18.52275,0.023,18.757143,9.1
07/11/2019 08:43:00.000000,0.285784,18.59275,0.0223,19.228571,7.942857
07/11/2019 08:44:00.000000,0.279529,18.57025,0.020975,20.907317,7.358537
07/11/2019 08:45:00.000000,0.271271,18.444,0.0208,23.545946,8.808108
07/11/2019 08:46:00.000000,0.260874,18.41725,0.02065,17.772973,8.848649
07/11/2019 08:47:00.000000,0.26483,18.40875,0.021225,0.037093,9.75
07/11/2019 08:48:00.000000,0.259105,18.45925,0.0219,23.48,9.57
07/11/2019 08:49:00.000000,0.247959,18.4595,0.02215,18.32439,10.439024
07/11/2019 08:50:00.000000,0.246912,18.53875,0.0224,18.064286,7.171429
07/11/2019 08:51:00.000000,0.242918,18.4295,0.022375,31.384615,7.615385
07/11/2019 08:52:00.000000,0.238826,18.24775,0.0226,27.3,7.715556
07/11/2019 08:53:00.000000,0.239076,18.1575,0.022825,0.021683,8.212195
07/11/2019 08:54:00.000000,0.247377,18.004,0.0233,12.702564,7.2
07/11/2019 08:55:00.000000,0.25414,17.856,0.023575,17.71,6.83
07/11/2019 08:56:00.000000,0.246435,17.71925,0.0238,20.5375,7.2375
07/11/2019 08:57:00.000000,0.253539,17.606,0.0247,0.018972,6.793333
07/11/2019 08:58:00.000000,0.255881,17.24875,0.026325,0.017688,7.884615
07/11/2019 08:59:00.000000,0.228627,16.8005,0.028625,28.769231,7.084615
07/11/2019 09:00:00.000000,0.216719,16.36675,0.028975,18.538462,6.9
07/11/2019 09:01:00.000000,0.220204,15.9312,0.02866,0.023696,8.202632
07/11/2019 09:02:00.000000,0.230931,15.626667,0.0281,29.475,9.505
07/11/2019 09:03:00.000000,0.235807,15.3785,0.0277,0.014462,8.078049
07/11/2019 09:04:00.000000,0.235768,15.289,0.026425,0.022063,7.970732
07/11/2019 09:05:00.000000,0.239659,15.08275,0.0263,14.823077,8.676923
07/11/2019 09:06:00.000000,0.22357,15.0755,0.027025,12.44878,7.263415
07/11/2019 09:07:00.000000,0.219586,15.33,0.026175,0.025001,8.345455
07/11/2019 09:08:00.000000,0.241113,15.5775,0.026,16.521951,7.107317
07/11/2019 09:09:00.000000,0.252362,,0.026275,,
07/11/2019 09:10:00.000000,0.259021,15.82225,0.0269,16.2625,8.53
07/11/2019 09:11:00.000000,0.253168,15.842,0.027025,21.834884,7.897674
07/11/2019 09:12:00.000000,0.247857,15.73225,0.026325,0.020913,7.631818
07/11/2019 09:13:00.000000,0.247991,15.79775,0.0251,0.026049,8.705
07/11/2019 09:14:00.000000,0.247989,16.015,0.024425,20.16,8.122857
07/11/2019 09:15:00.000000,0.23236,15.98775,0.024925,0.034225,8.612195
07/11/2019 09:16:00.000000,0.216754,15.837,0.02605,16.125,8.19
07/11/2019 09:17:00.000000,0.211016,15.67475,0.027025,16.266667,7.585714
07/11/2019 09:18:00.000000,0.225145,15.37675,0.02855,18.544186,8.704651
07/11/2019 09:19:00.000000,0.231868,14.97975,0.029225,19.857143,7.614286
07/11/2019 09:20:00.000000,0.219362,14.5355,0.02925,0.033074,9.85
07/11/2019 09:21:00.000000,0.226919,13.9265,0.0301,0.030753,9.461538
07/11/2019 09:22:00.000000,0.262384,13.31675,0.030725,37.1625,8.21
07/11/2019 09:23:00.000000,0.389912,12.72125,0.03085,12.65,7.80625
07/11/2019 09:24:00.000000,0.378536,12.12675,0.031325,22.42439,7.629268
07/11/2019 09:25:00.000000,0.280915,11.626,0.031075,0.022063,9.15
07/11/2019 09:26:00.000000,0.262087,11.33125,0.030725,0.033518,9.588571
07/11/2019 09:27:00.000000,0.259933,11.19375,0.03,17.884615,9.682051
07/11/2019 09:28:00.000000,0.240908,11.1715,0.02915,20.053125,9.11875
07/11/2019 09:29:00.000000,0.220565,11.2175,0.028475,0.017757,8.505
07/11/2019 09:30:00.000000,0.215791,11.29675,0.028875,18.442857,9.257143
07/11/2019 09:31:00.000000,0.21578,11.389,0.030075,22.302273,7.931818
07/11/2019 09:32:00.000000,0.203234,11.645,0.029325,0.018126,8.38
07/11/2019 09:33:00.000000,0.20442,11.8525,0.0287,17.6,11.743902
07/11/2019 09:34:00.000000,0.195223,11.909,0.029825,0.063016,8.982927
07/11/2019 09:35:00.000000,0.175136,11.94875,0.029775,24.170732,8.214634
07/11/2019 09:36:00.000000,0.185834,11.99975,0.028725,0.014351,7.697297
07/11/2019 09:37:00.000000,0.206761,11.98625,0.028525,16.9,9.091429
07/11/2019 09:38:00.000000,0.220847,13.928,0.028975,30.497619,8.628571
07/11/2019 09:39:00.000000,0.223305,9.96625,0.03035,19.637209,8.327907
07/11/2019 09:40:00.000000,0.204237,9.62,0.0319,0.026743,8.982927
07/11/2019 09:41:00.000000,0.189871,9.334,0.032275,0.029687,9.013953
07/11/2019 09:42:00.000000,0.196028,9.24775,0.0321,24.397059,7.932353
07/11/2019 09:43:00.000000,0.192741,9.302,0.0314,13.957895,7.492105
07/11/2019 09:44:00.000000,0.184484,9.29075,0.0317,14.370732,9.619512
07/11/2019 09:45:00.000000,0.178994,9.25375,0.032525,15.226829,9.317073
07/11/2019 09:46:00.000000,0.168407,9.151,0.033075,19.995122,8.687805
07/11/2019 09:47:00.000000,0.170033,9.0025,0.033675,0.021627,7.511628
07/11/2019 09:48:00.000000,0.168074,8.946,0.033675,15.414286,9.442857
07/11/2019 09:49:00.000000,0.158249,8.83425,0.03405,0.017775,9.8
07/11/2019 09:50:00.000000,0.162432,8.6415,0.0343,0.019619,9.885714
07/11/2019 09:51:00.000000,0.174227,8.4065,0.034125,13.518605,7.723256
07/11/2019 09:52:00.000000,0.177383,8.27025,0.033375,15.172727,7.468182
07/11/2019 09:53:00.000000,0.196629,8.18,0.032925,0.033705,7.580952
07/11/2019 09:54:00.000000,0.203163,8.15025,0.0329,0.023604,10.026471
07/11/2019 09:55:00.000000,0.202176,8.1945,0.033075,0.020244,8.3675
07/11/2019 09:56:00.000000,0.205395,8.1135,0.03315,0.017242,7.917143
07/11/2019 09:57:00.000000,0.205748,8.107,0.0328,11.584615,7.253846
07/11/2019 09:58:00.000000,0.205282,8.1525,0.0323,0.016607,6.785366
07/11/2019 09:59:00.000000,0.20518,8.2595,0.032325,0.02428,9.0925
07/11/2019 10:00:00.000000,0.195429,8.32375,0.03215,14.3,7.971429
07/11/2019 10:01:00.000000,0.124257,8.33025,0.032275,0.025028,7.614286
07/11/2019 10:02:00.000000,0.068821,14.89875,0.028475,14.90625,8.25625
07/11/2019 10:03:00.000000,0.002803,17.41275,0.0251,0.014876,8.3
07/11/2019 10:04:00.000000,-9999.0,10.34175,0.03,11.195238,7.185714
07/11/2019 10:05:00.000000,-9999.0,8.21,0.0335,30.4375,9.04
07/11/2019 10:06:00.000000,-9999.0,7.8195,0.034075,9.590476,6.828571
07/11/2019 10:07:00.000000,-9999.0,7.727,0.034475,0.0199,9.709091
07/11/2019 10:08:00.000000,-9999.0,7.732,0.034325,0.031216,9.4375
07/11/2019 10:09:00.000000,-9999.0,,,,
07/11/2019 10:10:00.000000,-9999.0,7.809,0.034725,0.019695,8.461111
07/11/2019 10:11:00.000000,-9999.0,7.799,0.035225,0.020534,8.042857
07/11/2019 10:12:00.000000,0.061228,7.63525,0.036375,14.602941,8.182353
07/11/2019 10:13:00.000000,0.134074,7.416,0.036933,0.020381,7.390476
07/11/2019 10:14:00.000000,0.15787,7.21725,0.037425,0.016012,7.2
07/11/2019 10:15:00.000000,0.151943,7.0655,0.03752,25.630556,9.533333
07/11/2019 10:16:00.000000,0.154933,6.87875,0.0369,0.035232,8.041026
07/11/2019 10:17:00.000000,0.164448,6.7565,0.03675,0.019188,7.7
07/11/2019 10:18:00.000000,0.167921,6.71875,0.036725,28.485366,9.578049
07/11/2019 10:19:00.000000,0.164807,6.6715,0.037225,0.021534,7.992683
07/11/2019 10:20:00.000000,0.165829,6.54725,0.038375,0.024997,7.433333
07/11/2019 10:21:00.000000,0.164809,6.41625,0.03925,0.017334,7.229268
07/11/2019 10:22:00.000000,0.157313,6.2535,0.039725,0.01716,9.41
07/11/2019 10:23:00.000000,0.157474,6.04325,0.040175,0.034904,9.462222
07/11/2019 10:24:00.000000,0.158184,5.80825,0.04,19.234884,7.893023
07/11/2019 10:25:00.000000,0.158437,5.54575,0.0401,7.50303,7.212121
07/11/2019 10:26:00.000000,0.151566,5.109,0.040233,0.025192,7.289744
07/11/2019 10:27:00.000000,0.15737,4.795,0.0403,16.482609,8.826087
07/11/2019 10:28:00.000000,0.179165,4.646,0.0401,7.913953,6.839535
07/11/2019 10:29:00.000000,0.171765,4.525,0.040675,,
07/11/2019 10:30:00.000000,0.157628,4.43225,0.04095,0.011228,7.858537
07/11/2019 10:31:00.000000,0.152289,4.38,0.0411,0.008298,6.67561
07/11/2019 10:32:00.000000,0.152267,4.36025,0.041025,14.502439,7.609756
07/11/2019 10:33:00.000000,0.154494,4.35525,0.0407,0.021842,7.975
07/11/2019 10:34:00.000000,0.154922,4.3215,0.0408,0.019355,6.463415
07/11/2019 10:35:00.000000,0.153927,4.34275,0.040275,0.02224,6.869767
07/11/2019 10:36:00.000000,0.159656,4.41975,0.0395,0.019683,8.8
07/11/2019 10:37:00.000000,0.208559,4.55925,0.039575,15.14375,8.365625
07/11/2019 10:38:00.000000,0.271773,4.73525,0.0401,19.05814,6.960465
07/11/2019 10:39:00.000000,0.297244,4.867,0.039825,0.023122,6.951351
07/11/2019 10:40:00.000000,0.273134,5.06275,0.04,0.019747,8.371429
07/11/2019 10:41:00.000000,0.243803,5.2445,0.039925,0.025091,8.346154
07/11/2019 10:42:00.000000,0.245286,5.42975,0.039,12.653333,7.117778
07/11/2019 10:43:00.000000,0.243872,5.5835,0.03845,0.017531,8.1375
07/11/2019 10:44:00.000000,0.244979,5.6865,0.0376,0.008596,6.65
07/11/2019 10:45:00.000000,0.246017,5.73075,0.03755,6.130769,6.130769
07/11/2019 10:46:00.000000,0.245293,5.82025,0.0373,0.01868,8.319512
07/11/2019 10:47:00.000000,0.223596,5.88475,0.036775,0.012925,7.436111
07/11/2019 10:48:00.000000,0.21968,5.91625,0.0365,20.623256,8.776744
07/11/2019 10:49:00.000000,0.219741,6.014,0.036175,0.033524,8.32
07/11/2019 10:50:00.000000,0.225357,6.19675,0.0354,62.266667,10.216667
07/11/2019 10:51:00.000000,0.2436,6.31125,0.0357,0.026425,8.075
07/11/2019 10:52:00.000000,0.224405,6.5665,0.0348,8.546512,7.674419
07/11/2019 10:53:00.000000,0.224562,7.0605,0.031975,0.02384,8.668571
07/11/2019 10:54:00.000000,0.263316,7.71375,0.03025,12.890476,8.785714
07/11/2019 10:55:00.000000,0.29384,8.1585,0.031975,0.009212,7.257143
07/11/2019 10:56:00.000000,0.268744,8.63825,0.032275,0.021665,8.261765
07/11/2019 10:57:00.000000,0.271703,9.16125,0.03155,16.653846,8.046154
07/11/2019 10:58:00.000000,0.286555,9.38125,0.032325,0.021137,8.930769
07/11/2019 10:59:00.000000,0.277907,9.61375,0.033075,0.029269,7.64878
07/11/2019 11:00:00.000000,0.274757,9.72075,0.033875,27.246512,10.411628
07/11/2019 11:01:00.000000,0.280226,9.56625,0.0347,18.459459,9.340541
07/11/2019 11:02:00.000000,0.249908,9.43275,0.033425,21.819512,8.721951
07/11/2019 11:03:00.000000,0.23463,9.80725,0.03125,15.315,7.935
07/11/2019 11:04:00.000000,0.248278,10.09975,0.0306,0.019588,8.5
07/11/2019 11:05:00.000000,0.267197,10.062,0.031475,20.753846,9.107692
07/11/2019 11:06:00.000000,0.279654,10.24975,0.03175,18.275,7.33
07/11/2019 11:07:00.000000,0.295449,10.42525,0.0317,0.026278,7.24878
07/11/2019 11:08:00.000000,0.32076,10.6135,0.032275,0.031287,9.64375
07/11/2019 11:09:00.000000,0.28742,10.856,0.032275,0.020428,8.237778
07/11/2019 11:10:00.000000,0.274498,10.80875,0.0318,14.615,8.495
07/11/2019 11:11:00.000000,0.293249,10.56425,0.031525,0.024301,8.0
07/11/2019 11:12:00.000000,0.295298,10.3865,0.03105,0.018748,8.873684
07/11/2019 11:13:00.000000,0.293841,10.93625,0.0297,0.010941,8.039535
07/11/2019 11:14:00.000000,0.306927,15.92875,0.026675,0.019055,9.614286
07/11/2019 11:15:00.000000,0.301722,13.908,0.028275,13.188889,8.033333
07/11/2019 11:16:00.000000,0.28687,12.3995,0.029925,0.029997,11.66129
07/11/2019 11:17:00.000000,0.281256,15.62875,0.02755,0.01885,8.777273
07/11/2019 11:18:00.000000,0.273118,11.8835,0.029625,19.773684,7.973684
07/11/2019 11:19:00.000000,0.258961,10.92875,0.029,0.019588,9.415789
07/11/2019 11:20:00.000000,0.268366,23.1855,0.022275,14.22,8.425
07/11/2019 11:21:00.000000,0.279866,22.81575,0.01925,20.166667,9.297778
07/11/2019 11:22:00.000000,0.259655,15.623,0.02485,21.997436,9.935897
07/11/2019 11:23:00.000000,0.243938,14.64625,0.0277,0.031973,7.453659
07/11/2019 11:24:00.000000,0.244098,14.4276,0.02816,15.685714,7.871429
07/11/2019 11:25:00.000000,0.301818,14.147333,0.0286,0.025456,9.118605
07/11/2019 11:26:00.000000,0.335393,13.9235,0.030125,18.57619,10.328571
07/11/2019 11:27:00.000000,0.356025,13.6645,0.030725,0.034715,8.807692
07/11/2019 11:28:00.000000,0.329607,13.52,0.029775,18.312195,10.292683
07/11/2019 11:29:00.000000,0.310574,13.32325,0.029375,9.744186,8.104651
07/11/2019 11:30:00.000000,0.294594,13.06275,0.029975,11.286667,8.393333
07/11/2019 11:31:00.000000,0.282618,12.7745,0.0306,0.014252,8.416279
07/11/2019 11:32:00.000000,0.274792,15.81625,0.028275,16.522727,8.486364
07/11/2019 11:33:00.000000,0.271778,17.343,0.025425,17.902326,10.651163
07/11/2019 11:34:00.000000,0.279021,17.1785,0.025725,9.369231,8.207692
07/11/2019 11:35:00.000000,0.288992,15.85675,0.026025,22.936364,8.036364
07/11/2019 11:36:00.000000,0.278051,15.91675,0.025725,28.265,8.61
07/11/2019 11:37:00.000000,0.278245,15.93625,0.0256,0.022069,9.308696
07/11/2019 11:38:00.000000,0.305648,16.1,0.02425,15.223077,10.076923
07/11/2019 11:39:00.000000,0.291603,16.056,0.0264,0.028331,10.686486
07/11/2019 11:40:00.000000,0.23759,15.69275,0.030525,27.481818,7.672727
07/11/2019 11:41:00.000000,0.21323,15.36875,0.030825,12.542857,7.771429
07/11/2019 11:42:00.000000,0.206046,14.9205,0.03185,23.258536,7.985366
07/11/2019 11:43:00.000000,0.205735,14.3605,0.032475,14.0,9.009091
07/11/2019 11:44:00.000000,0.200801,14.0805,0.02935,0.030294,7.860465
07/11/2019 11:45:00.000000,0.223806,14.19625,0.026275,19.85,9.725
07/11/2019 11:46:00.000000,0.275456,20.91475,0.02365,16.82093,9.497674
07/11/2019 11:47:00.000000,0.352892,19.9515,0.022025,0.022538,9.484615
07/11/2019 11:48:00.000000,0.335369,17.16875,0.02385,0.01756,9.0
07/11/2019 11:49:00.000000,0.280486,15.882,0.026325,0.02385,10.817949
07/11/2019 11:50:00.000000,0.242169,16.157,0.025125,0.016689,8.55
07/11/2019 11:51:00.000000,0.249556,16.67925,0.022475,0.015756,7.92439
07/11/2019 11:52:00.000000,0.277747,17.46325,0.0201,17.532558,8.234884
07/11/2019 11:53:00.000000,0.318214,25.9805,0.017725,23.684211,8.131579
07/11/2019 11:54:00.000000,0.361451,26.281,0.0161,0.02108,8.185366
07/11/2019 11:55:00.000000,0.358459,26.271,0.017325,14.434884,7.613953
07/11/2019 11:56:00.000000,0.300349,23.37825,0.018775,12.509302,7.413953
07/11/2019 11:57:00.000000,0.291868,21.8165,0.0195,0.040649,10.657143
07/11/2019 11:58:00.000000,0.301112,23.30075,0.019,0.032167,7.97
07/11/2019 11:59:00.000000,0.317618,23.7565,0.019,18.94,9.355
07/11/2019 12:00:00.000000,0.307198,23.5745,0.019425,0.032433,8.085
07/11/2019 12:01:00.000000,0.31458,23.41375,0.019925,26.2375,10.86
07/11/2019 12:02:00.000000,0.325079,23.211,0.01975,0.029589,9.257143
07/11/2019 12:03:00.000000,0.356245,22.63125,0.022125,0.011705,7.006977
07/11/2019 12:04:00.000000,0.334538,21.90275,0.02485,0.015286,8.57
07/11/2019 12:05:00.000000,0.288037,21.0325,0.025825,0.018642,10.521951
07/11/2019 12:06:00.000000,0.283865,20.0185,0.0275,28.673333,11.84
07/11/2019 12:07:00.000000,0.275149,19.18425,0.027925,0.0292,8.627027
07/11/2019 12:08:00.000000,0.28678,18.246,0.02895,0.027502,9.295122
07/11/2019 12:09:00.000000,0.339993,17.06,0.0301,15.8,7.528571
07/11/2019 12:10:00.000000,0.295308,15.91275,0.03115,15.453488,9.316279
07/11/2019 12:11:00.000000,0.244205,15.19175,0.032025,19.287805,9.970732
07/11/2019 12:12:00.000000,0.238989,14.62975,0.0309,0.011843,7.848837
07/11/2019 12:13:00.000000,0.247589,14.2885,0.030225,0.01549,7.414634
07/11/2019 12:14:00.000000,0.259042,14.4145,0.02825,21.3,7.230769
07/11/2019 12:15:00.000000,0.286088,14.726,0.0256,25.527907,8.318605
07/11/2019 12:16:00.000000,0.314768,15.007,0.026425,0.020776,7.728571
07/11/2019 12:17:00.000000,0.309925,15.26125,0.02785,30.485,8.025
07/11/2019 12:18:00.000000,0.278493,15.77775,0.027,0.024219,8.457895
07/11/2019 12:19:00.000000,0.294954,16.254,0.026575,10.61,7.395
07/11/2019 12:20:00.000000,0.332078,16.7785,0.026225,6.814634,6.517073
07/11/2019 12:21:00.000000,0.301647,17.25125,0.025425,0.029392,9.29
07/11/2019 12:22:00.000000,0.286771,17.595,0.024875,23.743902,8.178049
07/11/2019 12:23:00.000000,0.285764,17.75575,0.0241,0.016381,7.557143
07/11/2019 12:24:00.000000,0.319882,18.0815,0.02385,21.728205,10.546154
07/11/2019 12:25:00.000000,0.36599,18.68,0.023075,0.030878,9.12093
07/11/2019 12:26:00.000000,0.383661,19.42675,0.0212,0.018164,8.8
07/11/2019 12:27:00.000000,0.562404,20.0945,0.020275,0.02703,8.8
07/11/2019 12:28:00.000000,0.4248,24.3635,0.01835,25.981818,10.009091
07/11/2019 12:29:00.000000,0.326263,25.443,0.01735,0.023621,9.523077
07/11/2019 12:30:00.000000,0.332959,24.0315,0.01785,0.030825,8.976923
07/11/2019 12:31:00.000000,0.350109,26.70625,0.016575,29.745455,8.727273
07/11/2019 12:32:00.000000,0.429736,29.68575,0.015,18.87561,8.285366
07/11/2019 12:33:00.000000,0.511439,34.292,0.0125,0.032511,10.015
07/11/2019 12:34:00.000000,0.483224,27.05125,0.015275,0.039792,10.807895
07/11/2019 12:35:00.000000,0.391053,22.93775,0.01725,0.029305,9.351163
07/11/2019 12:36:00.000000,0.346614,25.32375,0.01555,35.409524,8.071429
07/11/2019 12:37:00.000000,0.370493,24.9325,0.01675,25.053333,8.94
07/11/2019 12:38:00.000000,0.3827,24.0685,0.01895,20.106977,10.132558
07/11/2019 12:39:00.000000,0.393991,23.56575,0.0198,17.268421,8.042105
07/11/2019 12:40:00.000000,0.405371,23.9095,0.01905,0.020345,10.4225
07/11/2019 12:41:00.000000,0.357246,23.792,0.021225,0.017528,8.504651
07/11/2019 12:42:00.000000,0.335628,21.54375,0.025475,15.793023,7.932558
07/11/2019 12:43:00.000000,0.330002,23.49075,0.0232,13.809756,8.92439
07/11/2019 12:44:00.000000,0.335734,17.61575,0.024575,0.016,7.42619
07/11/2019 12:45:00.000000,0.327987,18.7335,0.026,22.170732,7.282927
07/11/2019 12:46:00.000000,0.306169,21.96225,0.02475,21.095349,6.783721
07/11/2019 12:47:00.000000,0.350748,14.55425,0.027975,16.638461,7.546154
07/11/2019 12:48:00.000000,0.319931,17.917,0.02765,0.036004,9.005263
07/11/2019 12:49:00.000000,0.29187,19.87575,0.0252,29.8,7.671429
07/11/2019 12:50:00.000000,0.309298,19.858,0.02625,24.871429,8.685714
07/11/2019 12:51:00.000000,0.315512,19.35025,0.0283,27.369767,6.890698
07/11/2019 12:52:00.000000,0.315547,19.20225,0.0267,0.030453,6.667442
07/11/2019 12:53:00.000000,0.385682,19.1595,0.025125,15.107317,7.980488
07/11/2019 12:54:00.000000,0.402357,18.907,0.0258,0.03464,8.542857
07/11/2019 12:55:00.000000,0.360228,18.6695,0.02645,9.775,6.39
07/11/2019 12:56:00.000000,0.417034,18.37825,0.026775,0.012994,7.955
07/11/2019 12:57:00.000000,0.467692,20.177,0.0264,0.020923,6.77
07/11/2019 12:58:00.000000,0.388912,13.75425,0.026775,26.471428,8.214286
07/11/2019 12:59:00.000000,0.425493,17.93975,0.026675,16.95,7.48
07/11/2019 13:00:00.000000,0.506255,23.1995,0.022275,22.530769,7.053846
07/11/2019 13:01:00.000000,0.424073,24.429,0.020025,0.045922,10.942857
07/11/2019 13:02:00.000000,0.390256,23.30275,0.020725,35.182927,8.863415
07/11/2019 13:03:00.000000,0.397669,20.85225,0.022625,0.024525,8.642857
07/11/2019 13:04:00.000000,0.384386,20.98325,0.022775,21.6825,6.39
07/11/2019 13:05:00.000000,0.396279,21.42075,0.020875,20.453846,7.676923
07/11/2019 13:06:00.000000,0.394909,21.76,0.02065,0.022894,7.131579
07/11/2019 13:07:00.000000,0.38418,22.02475,0.02095,0.031041,6.916279
07/11/2019 13:08:00.000000,0.470347,22.0685,0.022825,0.022312,7.502326
07/11/2019 13:09:00.000000,0.755092,23.6305,0.02365,,
07/11/2019 13:10:00.000000,0.581617,21.905,0.023775,0.029756,8.707692
07/11/2019 13:11:00.000000,0.445347,20.08725,0.025475,0.023445,10.33
07/11/2019 13:12:00.000000,0.358624,23.07425,0.024,0.034935,6.818182
07/11/2019 13:13:00.000000,0.357282,20.76875,0.02405,0.032095,8.636842
07/11/2019 13:14:00.000000,0.343452,20.77575,0.025175,0.02839,8.483721
07/11/2019 13:15:00.000000,0.322323,20.67175,0.02585,0.044301,7.04
07/11/2019 13:16:00.000000,0.317547,20.55975,0.025025,0.045773,8.606977
07/11/2019 13:17:00.000000,0.335869,20.62475,0.0242,32.219048,8.019048
07/11/2019 13:18:00.000000,0.344474,20.56975,0.0251,0.021176,8.330233
07/11/2019 13:19:00.000000,0.350412,20.394,0.025575,15.618421,7.665789
07/11/2019 13:20:00.000000,0.334319,20.17225,0.025875,24.72093,10.081395
07/11/2019 13:21:00.000000,0.320441,20.04175,0.025125,30.265116,9.123256
07/11/2019 13:22:00.000000,0.340805,20.01,0.025425,0.030329,10.7
07/11/2019 13:23:00.000000,0.35177,19.77875,0.026625,0.031998,9.166667
07/11/2019 13:24:00.000000,0.350953,19.71425,0.02675,0.023702,7.15
07/11/2019 13:25:00.000000,0.331648,18.9955,0.028225,0.062739,8.63
07/11/2019 13:26:00.000000,0.302312,18.71775,0.02725,28.385714,9.328571
07/11/2019 13:27:00.000000,0.340374,18.94575,0.024725,0.042529,9.229268
07/11/2019 13:28:00.000000,0.383653,19.06375,0.025375,0.040694,9.71
07/11/2019 13:29:00.000000,0.439341,18.88875,0.026025,,
07/11/2019 13:30:00.000000,0.670411,18.9325,0.02575,29.67907,9.744186
07/11/2019 13:31:00.000000,0.528951,19.36775,0.024925,30.646512,12.486047
07/11/2019 13:32:00.000000,0.388548,19.63,0.0246,0.04455,11.145
07/11/2019 13:33:00.000000,0.514887,20.30275,0.024775,23.790476,11.4
07/11/2019 13:34:00.000000,0.442559,20.62275,0.024467,19.625581,8.144186
07/11/2019 13:35:00.000000,0.382861,20.38475,0.0253,0.010552,7.431579
07/11/2019 13:36:00.000000,0.458815,20.549,0.02505,0.029282,8.942857
07/11/2019 13:37:00.000000,0.422799,20.606,0.0262,0.02257,10.547368
07/11/2019 13:38:00.000000,0.334193,20.4065,0.027725,0.028988,10.631818
07/11/2019 13:39:00.000000,0.322276,21.55625,0.02582,38.468571,10.017143
07/11/2019 13:40:00.000000,0.403353,21.30275,0.0244,25.327586,10.396552
07/11/2019 13:41:00.000000,0.367998,19.72425,0.0259,0.033384,10.694118
07/11/2019 13:42:00.000000,0.323338,19.84175,0.026575,41.892857,9.253571
07/11/2019 13:43:00.000000,0.340054,20.1384,0.02532,0.041651,8.812121
07/11/2019 13:44:00.000000,0.363374,20.24025,0.0249,29.175758,7.248485
07/11/2019 13:45:00.000000,0.350282,20.4305,0.02525,0.021227,9.17907
07/11/2019 13:46:00.000000,0.338525,20.6435,0.0256,0.043547,11.942105
07/11/2019 13:47:00.000000,0.338058,20.65675,0.02605,32.813953,10.162791
07/11/2019 13:48:00.000000,0.328917,21.74625,0.02575,16.430952,8.257143
07/11/2019 13:49:00.000000,0.360303,,,,
07/11/2019 13:50:00.000000,0.386226,19.721,0.02685,0.034163,10.565
07/11/2019 13:51:00.000000,0.325609,20.3825,0.026225,0.033007,7.902326
07/11/2019 13:52:00.000000,0.310756,20.401,0.024625,32.292105,10.094737
07/11/2019 13:53:00.000000,0.364401,21.0225,0.023325,28.897561,11.539024
07/11/2019 13:54:00.000000,0.584539,21.21075,0.0241,39.568293,10.456098
07/11/2019 13:55:00.000000,0.544454,21.657,0.023925,36.126667,8.764444
07/11/2019 13:56:00.000000,0.413851,21.66325,0.02565,30.02,8.7475
07/11/2019 13:57:00.000000,0.346535,21.522667,0.0274,34.733333,9.202778
07/11/2019 13:58:00.000000,0.317955,21.521667,0.026425,28.930233,7.837209
07/11/2019 13:59:00.000000,0.368176,21.51475,0.0269,29.693023,11.55814
07/11/2019 14:00:00.000000,0.397473,21.5535,0.026075,32.792308,11.184615
07/11/2019 14:01:00.000000,0.433539,25.5965,0.020725,0.041037,8.097561
07/11/2019 14:02:00.000000,0.493223,23.42225,0.02225,0.044738,7.443902
07/11/2019 14:03:00.000000,0.43354,21.55,0.02545,0.03481,10.960526
07/11/2019 14:04:00.000000,0.418653,21.63125,0.0252,20.446341,7.636585
07/11/2019 14:05:00.000000,0.399792,22.519,0.0242,0.060833,9.98
07/11/2019 14:06:00.000000,0.418683,25.29075,0.023475,38.623077,10.992308
07/11/2019 14:07:00.000000,0.490098,21.53725,0.025825,57.175,10.35
07/11/2019 14:08:00.000000,0.457366,26.50775,0.024925,0.056015,11.48
07/11/2019 14:09:00.000000,0.445228,21.49025,0.0254,0.031718,7.86
07/11/2019 14:10:00.000000,0.420544,20.31875,0.027675,0.023413,5.904545
07/11/2019 14:11:00.000000,0.370416,17.411,0.028825,0.025282,5.036585
07/11/2019 14:12:00.000000,0.375323,16.7135,0.031,20.931818,7.843182
07/11/2019 14:13:00.000000,0.372448,10.94775,0.031125,0.018899,7.37561
07/11/2019 14:14:00.000000,0.378029,23.808,0.023775,0.03408,8.314286
07/11/2019 14:15:00.000000,0.47522,31.31825,0.01895,0.043766,7.433333
07/11/2019 14:16:00.000000,0.534176,20.78175,0.0229,0.025062,6.0
07/11/2019 14:17:00.000000,0.600711,18.74225,0.026175,11.45,5.8
07/11/2019 14:18:00.000000,0.594743,27.5475,0.023875,0.034673,4.87907
07/11/2019 14:19:00.000000,0.56472,20.697,0.0242,0.014705,5.128571
07/11/2019 14:20:00.000000,0.418578,16.39375,0.029525,20.504651,8.211628
07/11/2019 14:21:00.000000,0.338439,15.595,0.0309,25.575,6.66
07/11/2019 14:22:00.000000,0.325025,15.614,0.030225,0.031323,10.295
07/11/2019 14:23:00.000000,0.575223,17.385,0.0286,29.6625,7.175
07/11/2019 14:24:00.000000,1.323454,16.953,0.02805,0.032481,5.55
07/11/2019 14:25:00.000000,2.266217,17.94325,0.029525,0.028429,6.168293
07/11/2019 14:26:00.000000,2.281574,19.142,0.029225,0.027332,5.873171
07/11/2019 14:27:00.000000,1.148431,17.94275,0.0303,0.01764,6.657143
07/11/2019 14:28:00.000000,0.785559,14.9675,0.03055,25.476923,8.369231
07/11/2019 14:29:00.000000,3.013755,17.004,0.031625,28.582222,6.826667
07/11/2019 14:30:00.000000,3.254743,15.08,0.031875,29.746512,8.651163
07/11/2019 14:31:00.000000,1.408213,17.69875,0.032775,0.023986,9.253333
07/11/2019 14:32:00.000000,3.078949,16.90075,0.031,0.040139,17.385
07/11/2019 14:33:00.000000,4.680502,18.9725,0.02835,0.03377,7.573171
07/11/2019 14:34:00.000000,2.336549,19.06425,0.0296,0.06554,11.714286
07/11/2019 14:35:00.000000,5.719415,16.7655,0.028775,0.042885,8.21
07/11/2019 14:36:00.000000,6.837789,22.7115,0.025175,28.4,7.357143
07/11/2019 14:37:00.000000,3.471616,23.186,0.024425,0.035465,7.216279
07/11/2019 14:38:00.000000,1.14303,18.7595,0.027425,0.01289,5.567442
07/11/2019 14:39:00.000000,0.582965,16.75425,0.031025,18.530233,5.572093
07/11/2019 14:40:00.000000,0.485048,16.536,0.032225,21.222727,6.031818
07/11/2019 14:41:00.000000,0.440837,22.7585,0.0294,23.278947,6.010526
07/11/2019 14:42:00.000000,0.517789,20.82375,0.0281,0.03249,6.086842
07/11/2019 14:43:00.000000,0.456885,15.92725,0.03155,0.017698,4.895349
07/11/2019 14:44:00.000000,0.380302,17.2125,0.0324,17.646341,9.617073
07/11/2019 14:45:00.000000,0.459797,17.37175,0.032225,0.043753,6.614286
07/11/2019 14:46:00.000000,0.466174,17.06675,0.034325,0.039399,6.0
07/11/2019 14:47:00.000000,0.395254,16.8265,0.034425,26.473684,6.347368
07/11/2019 14:48:00.000000,0.357336,18.32475,0.0333,23.375,6.3125
07/11/2019 14:49:00.000000,0.38427,25.54875,0.02935,0.037535,6.382927
07/11/2019 14:50:00.000000,0.5092,21.37775,0.02825,22.7,5.955556
07/11/2019 14:51:00.000000,0.511204,19.18925,0.029125,19.171795,8.602564
07/11/2019 14:52:00.000000,0.416631,16.4175,0.031375,27.460465,4.697674
07/11/2019 14:53:00.000000,0.352523,16.22575,0.032525,0.025679,5.184615
07/11/2019 14:54:00.000000,0.328799,16.22725,0.032725,0.03277,8.715
07/11/2019 14:55:00.000000,0.321672,16.2175,0.0329,21.665789,4.289474
07/11/2019 14:56:00.000000,0.320932,16.28425,0.03285,96.86,6.473333
07/11/2019 14:57:00.000000,0.325554,16.56525,0.030225,21.836585,4.595122
07/11/2019 14:58:00.000000,0.382459,16.51325,0.0312,26.837838,4.805405
07/11/2019 14:59:00.000000,0.383058,16.3115,0.03415,0.022571,4.981818
07/11/2019 15:00:00.000000,0.373972,16.274,0.0334,26.023077,6.133333
07/11/2019 15:01:00.000000,0.371299,16.24425,0.03315,31.145455,7.077273
07/11/2019 15:02:00.000000,0.341535,16.531,0.03235,0.024113,6.278947
07/11/2019 15:03:00.000000,0.394593,17.97575,0.03085,15.976744,5.613953
07/11/2019 15:04:00.000000,0.536784,20.4855,0.0319,0.012195,4.54
07/11/2019 15:05:00.000000,0.582555,18.8836,0.0318,35.615625,9.53125
07/11/2019 15:06:00.000000,0.586758,15.6206,0.03266,0.022706,5.245
07/11/2019 15:07:00.000000,0.470682,14.5384,0.03478,0.033009,4.782759
07/11/2019 15:08:00.000000,0.343547,14.5066,0.03512,27.761905,4.271429
07/11/2019 15:09:00.000000,0.335618,14.439,0.03576,0.016757,4.03
07/11/2019 15:10:00.000000,0.300643,14.5142,0.03546,17.566667,6.513333
07/11/2019 15:11:00.000000,0.305453,14.6188,0.03436,0.027686,6.3
07/11/2019 15:12:00.000000,0.410119,14.631,0.03474,19.468293,5.517073
07/11/2019 15:13:00.000000,0.378139,15.614,0.03398,0.036121,4.156098
07/11/2019 15:14:00.000000,0.32416,20.7216,0.0328,13.605556,5.222222
07/11/2019 15:15:00.000000,0.299355,14.2938,0.0357,0.020775,6.478947
07/11/2019 15:16:00.000000,0.284371,14.5886,0.03658,22.0625,7.04
07/11/2019 15:17:00.000000,0.278407,15.0628,0.0368,0.039936,5.563415
07/11/2019 15:18:00.000000,0.290815,14.957,0.03808,0.024569,4.609091
07/11/2019 15:19:00.000000,0.294186,14.743,0.03866,37.2,5.357143
07/11/2019 15:20:00.000000,0.276505,14.6136,0.03874,26.514286,6.833333
07/11/2019 15:21:00.000000,0.272066,14.428,0.03976,0.03797,6.835714
07/11/2019 15:22:00.000000,0.270799,14.5398,0.03876,0.027198,5.331818
07/11/2019 15:23:00.000000,0.277241,14.6154,0.03762,0.061897,7.671429
07/11/2019 15:24:00.000000,0.395521,14.7888,0.03634,37.629268,7.07561
07/11/2019 15:25:00.000000,0.515618,14.9356,0.03568,0.070042,5.73
07/11/2019 15:26:00.000000,0.355349,15.1778,0.03646,0.05839,6.072973
07/11/2019 15:27:00.000000,0.308846,17.6338,0.03404,0.046689,6.683784
07/11/2019 15:28:00.000000,0.323372,18.7088,0.0342,0.046111,5.409302
07/11/2019 15:29:00.000000,0.308792,14.675,0.03898,22.775676,7.162162
07/11/2019 15:30:00.000000,0.277012,13.2574,0.04014,0.033983,7.482927
07/11/2019 15:31:00.000000,0.27535,14.3882,0.04044,35.135,9.03
07/11/2019 15:32:00.000000,0.294386,15.0046,0.04022,21.731707,5.885366
07/11/2019 15:33:00.000000,0.279091,15.356,0.03914,0.027182,7.811628
07/11/2019 15:34:00.000000,0.286364,15.1976,0.03916,0.041191,6.493023
07/11/2019 15:35:00.000000,0.314375,15.4928,0.03924,32.478049,6.365854
07/11/2019 15:36:00.000000,0.328269,15.9126,0.03866,0.066946,9.217073
07/11/2019 15:37:00.000000,0.35641,16.2648,0.03756,40.847727,7.765909
07/11/2019 15:38:00.000000,0.369216,16.2044,0.03958,0.055097,6.885714
07/11/2019 15:39:00.000000,0.328913,15.9958,0.04002,0.042145,5.263415
07/11/2019 15:40:00.000000,0.579555,15.8856,0.03896,58.809091,9.613636
07/11/2019 15:41:00.000000,0.591801,15.6612,0.03992,0.07001,9.225
07/11/2019 15:42:00.000000,0.34602,14.7118,0.04006,0.03938,8.405
07/11/2019 15:43:00.000000,0.342043,19.85,0.03894,23.933333,7.030769
07/11/2019 15:44:00.000000,0.368997,16.8648,0.03978,53.307317,6.714634
07/11/2019 15:45:00.000000,0.379008,14.4008,0.04096,0.05489,7.642857
07/11/2019 15:46:00.000000,0.458575,17.45,0.04024,0.052791,9.434884
07/11/2019 15:47:00.000000,0.715319,18.5794,0.03838,0.037221,7.462791
07/11/2019 15:48:00.000000,0.506414,14.5098,0.04178,56.242857,9.928571
07/11/2019 15:49:00.000000,0.327041,13.9516,0.0435,0.05264,7.789474
07/11/2019 15:50:00.000000,0.283778,13.8518,0.04388,44.467442,9.193023
07/11/2019 15:51:00.000000,0.281158,13.923,0.04352,56.6,7.785714
07/11/2019 15:52:00.000000,0.282683,14.45,0.0427,52.381579,7.173684
07/11/2019 15:53:00.000000,0.295121,23.9554,0.03838,0.052213,10.245
07/11/2019 15:54:00.000000,0.346326,17.3576,0.03858,25.460465,6.697674
07/11/2019 15:55:00.000000,0.516354,19.8484,0.03932,0.039736,7.890244
07/11/2019 15:56:00.000000,0.434079,17.2756,0.0408,0.025888,6.8125
07/11/2019 15:57:00.000000,0.320654,13.1666,0.04418,0.031573,7.64
07/11/2019 15:58:00.000000,0.309139,13.2066,0.04496,28.511905,8.057143
07/11/2019 15:59:00.000000,0.31536,12.5582,0.04576,0.020554,6.206977
07/11/2019 16:00:00.000000,0.267502,12.4134,0.0469,24.39,7.6
07/11/2019 16:01:00.000000,0.242035,17.407,0.04684,26.802439,8.326829
07/11/2019 16:02:00.000000,0.084686,13.5498,0.04662,44.557143,7.457143
07/11/2019 16:03:00.000000,0.023182,12.653,0.04708,27.653333,7.82
07/11/2019 16:04:00.000000,0.007773,13.975,0.04768,26.5,9.627273
07/11/2019 16:05:00.000000,0.005245,14.165,0.04728,0.03661,6.213514
07/11/2019 16:06:00.000000,0.011363,14.0244,0.04732,33.160976,6.909756
07/11/2019 16:07:00.000000,0.004416,13.7022,0.04786,17.385714,6.428571
07/11/2019 16:08:00.000000,0.002146,13.422,0.04242,21.493023,5.955814
07/11/2019 16:09:00.000000,0.010322,28.3224,0.03726,23.260465,7.072093
07/11/2019 16:10:00.000000,0.002332,18.742,0.04226,57.388372,6.095349
07/11/2019 16:11:00.000000,0.008023,20.2548,0.0432,26.378261,5.117391
07/11/2019 16:12:00.000000,0.128293,21.3026,0.04232,49.442857,6.714286
07/11/2019 16:13:00.000000,0.275049,16.7358,0.03916,0.050364,8.56
07/11/2019 16:14:00.000000,0.30572,31.195,0.03364,44.174419,6.648837
07/11/2019 16:15:00.000000,0.319852,15.4078,0.04748,0.050839,7.309091
07/11/2019 16:16:00.000000,0.307835,14.2122,0.04972,34.545455,5.045455
07/11/2019 16:17:00.000000,0.357698,16.1886,0.04854,0.033245,7.414286
07/11/2019 16:18:00.000000,0.478184,16.7044,0.04706,0.036051,6.086364
07/11/2019 16:19:00.000000,0.509914,17.0164,0.04756,0.031324,6.918605
07/11/2019 16:20:00.000000,0.405019,16.087,0.0484,20.525,5.165909
07/11/2019 16:21:00.000000,0.385172,15.8965,0.04896,0.040954,5.742857
07/11/2019 16:22:00.000000,0.371107,14.860833,0.04934,19.28,4.91
07/11/2019 16:23:00.000000,0.331071,13.06525,0.051,27.888095,6.671429
07/11/2019 16:24:00.000000,0.313486,13.1065,0.0515,0.039465,6.828571
07/11/2019 16:25:00.000000,0.323957,13.23225,0.05146,25.507317,6.8
07/11/2019 16:26:00.000000,0.373342,13.4645,0.05088,24.35814,6.283721
07/11/2019 16:27:00.000000,0.430491,13.5345,0.05108,28.25814,7.037209
07/11/2019 16:28:00.000000,0.362061,13.569167,0.053,0.052848,8.668182
07/11/2019 16:29:00.000000,0.337885,,,,
07/11/2019 16:30:00.000000,0.342387,18.586833,0.0485,21.304545,8.204545
07/11/2019 16:31:00.000000,0.426287,18.19775,0.04478,19.117073,10.47561
07/11/2019 16:32:00.000000,0.509444,26.051333,0.04226,33.285714,6.271429
07/11/2019 16:33:00.000000,0.632962,39.72325,0.0373,0.03508,5.907895
07/11/2019 16:34:00.000000,0.580242,19.426333,0.04256,27.762791,4.709302
07/11/2019 16:35:00.000000,0.509898,16.8395,0.0495,0.025838,5.594737
07/11/2019 16:36:00.000000,0.661256,32.3845,0.0444,0.028876,6.629268
07/11/2019 16:37:00.000000,0.553352,21.6355,0.04754,0.046221,5.44
07/11/2019 16:38:00.000000,0.359197,13.681667,0.05476,0.053975,7.439024
07/11/2019 16:39:00.000000,0.348453,15.369,0.05248,27.283333,7.233333
07/11/2019 16:40:00.000000,0.42684,13.9655,0.05326,0.06842,5.833333
07/11/2019 16:41:00.000000,0.357465,13.40375,0.05528,0.03053,6.197561
07/11/2019 16:42:00.000000,0.289683,13.3395,0.05472,28.459091,7.393182
07/11/2019 16:43:00.000000,0.280206,12.525,0.0546,0.048146,6.57561
07/11/2019 16:44:00.000000,0.314093,12.569,0.0549,39.456098,6.485366
07/11/2019 16:45:00.000000,0.30874,16.06575,0.0557,36.797561,6.334146
07/11/2019 16:46:00.000000,0.327449,15.618167,0.05484,0.068564,7.336364
07/11/2019 16:47:00.000000,0.491601,16.02175,0.05598,18.761538,4.538462
07/11/2019 16:48:00.000000,0.567333,15.6585,0.05638,36.614286,5.8
07/11/2019 16:49:00.000000,0.398046,15.8695,0.05412,17.223077,5.0
07/11/2019 16:50:00.000000,0.439687,17.255,0.052967,22.34,5.6
07/11/2019 16:51:00.000000,0.387783,24.922,0.05245,0.019343,5.716279
07/11/2019 16:52:00.000000,0.364697,19.797,0.05318,0.028818,6.872093
07/11/2019 16:53:00.000000,0.312768,16.26775,0.05674,0.02091,6.246341
07/11/2019 16:54:00.000000,0.313694,13.320667,0.05726,26.002439,6.868293
07/11/2019 16:55:00.000000,0.285869,12.25875,0.05764,28.471795,5.815385
07/11/2019 16:56:00.000000,0.340155,13.002833,0.0578,0.02291,4.831707
07/11/2019 16:57:00.000000,0.352629,12.935,0.05798,0.013754,4.866667
07/11/2019 16:58:00.000000,0.297247,12.962667,0.05795,0.031154,6.376923
07/11/2019 16:59:00.000000,0.263304,12.782,0.05895,0.024905,4.415385
07/11/2019 17:00:00.000000,0.256633,12.721,0.05954,0.054755,6.390244
07/11/2019 17:01:00.000000,0.306176,15.249,0.05714,0.036905,6.462222
07/11/2019 17:02:00.000000,0.50538,23.450167,0.05018,22.807317,7.146341
07/11/2019 17:03:00.000000,0.651969,20.7975,0.04878,33.7875,9.0
07/11/2019 17:04:00.000000,0.523309,16.379167,0.05368,0.029323,5.614286
07/11/2019 17:05:00.000000,0.448877,16.3155,0.05392,15.239024,5.939024
07/11/2019 17:06:00.000000,0.465297,25.951833,0.03936,0.040299,7.284615
07/11/2019 17:07:00.000000,0.509573,28.02475,0.04882,19.714286,7.585714
07/11/2019 17:08:00.000000,0.578595,15.380167,0.05624,0.040789,9.862162
07/11/2019 17:09:00.000000,0.453129,,,,
07/11/2019 17:10:00.000000,0.344686,13.079667,0.06164,0.01779,7.404651
07/11/2019 17:11:00.000000,0.566959,13.87375,0.06028,0.045051,7.005
07/11/2019 17:12:00.000000,0.533503,13.575,0.06178,30.245238,4.928571
07/11/2019 17:13:00.000000,0.305839,13.321,0.06286,0.03386,8.697561
07/11/2019 17:14:00.000000,0.323423,13.183667,0.0626,15.113333,6.022222
07/11/2019 17:15:00.000000,0.316757,12.88825,0.06394,20.986047,6.260465
07/11/2019 17:16:00.000000,0.292311,12.698833,0.06376,0.044214,8.8
07/11/2019 17:17:00.000000,0.318129,12.73625,0.06206,28.448718,6.069231
07/11/2019 17:18:00.000000,0.370816,14.077667,0.05978,0.014851,5.155814
07/11/2019 17:19:00.000000,0.462615,16.0035,0.058,0.035363,5.013953
07/11/2019 17:20:00.000000,0.536146,11.6725,0.0609,31.916667,5.25
07/11/2019 17:21:00.000000,0.358082,12.554,0.06276,25.463636,4.522727
07/11/2019 17:22:00.000000,0.322354,11.692167,0.06374,0.026779,5.942857
07/11/2019 17:23:00.000000,0.325541,11.79725,0.06518,0.02712,4.755
07/11/2019 17:24:00.000000,0.281176,11.7935,0.06524,22.944186,4.5
07/11/2019 17:25:00.000000,0.274542,11.78575,0.06426,0.027925,5.487179
07/11/2019 17:26:00.000000,0.249608,11.768,0.0638,34.171429,4.057143
07/11/2019 17:27:00.000000,0.245309,11.70225,0.06366,0.062319,7.556098
07/11/2019 17:28:00.000000,0.247888,11.815667,0.06298,32.185714,7.283333
07/11/2019 17:29:00.000000,0.314358,12.03075,0.06232,0.024263,6.346512
07/11/2019 17:30:00.000000,0.345682,23.305833,0.05554,31.04186,6.372093
07/11/2019 17:31:00.000000,0.34004,19.59475,0.05316,31.9125,6.655
07/11/2019 17:32:00.000000,0.309094,13.169,0.05958,0.028607,4.214286
07/11/2019 17:33:00.000000,0.277508,11.95375,0.06256,26.715,6.945
07/11/2019 17:34:00.000000,0.316964,12.122,0.06232,31.427907,6.662791
07/11/2019 17:35:00.000000,0.770751,12.49325,0.06072,0.023266,5.666667
07/11/2019 17:36:00.000000,0.648657,12.787167,0.06026,28.786047,4.983721
07/11/2019 17:37:00.000000,0.336517,13.054,0.05924,0.033297,5.590909
07/11/2019 17:38:00.000000,0.296405,13.590333,0.05822,0.027376,6.212195
07/11/2019 17:39:00.000000,0.268878,13.933,0.05928,15.690244,6.641463
07/11/2019 17:40:00.000000,0.231112,14.115167,0.0601,31.42093,5.667442
07/11/2019 17:41:00.000000,0.230418,14.284,0.05918,0.024479,6.274419
07/11/2019 17:42:00.000000,0.24921,14.343167,0.05916,0.020008,6.830233
07/11/2019 17:43:00.000000,0.278872,14.098,0.06106,23.140476,5.842857
07/11/2019 17:44:00.000000,0.27131,13.767,0.06134,0.024162,4.928571
07/11/2019 17:45:00.000000,0.268231,13.63925,0.06002,14.585366,6.292683
07/11/2019 17:46:00.000000,0.298731,20.207833,0.05772,16.985366,4.931707
07/11/2019 17:47:00.000000,0.326405,15.85125,0.05618,0.046803,4.95
07/11/2019 17:48:00.000000,0.362548,13.1965,0.05874,25.6,6.275
07/11/2019 17:49:00.000000,0.339828,11.29875,0.0598,0.030224,4.52
07/11/2019 17:50:00.000000,0.605545,23.2475,0.05744,35.87381,5.9
07/11/2019 17:51:00.000000,0.568513,28.39875,0.0541,0.031879,7.571429
07/11/2019 17:52:00.000000,0.338783,19.9085,0.05432,0.037616,5.455814
07/11/2019 17:53:00.000000,0.341899,20.69025,0.05502,0.035526,5.0
07/11/2019 17:54:00.000000,0.303473,14.8415,0.05662,0.078869,6.457143
07/11/2019 17:55:00.000000,0.25926,12.7715,0.0592,35.971428,4.283333
07/11/2019 17:56:00.000000,0.302954,16.799167,0.05492,22.39,5.945
07/11/2019 17:57:00.000000,0.360484,15.96275,0.0548,0.025887,6.4
07/11/2019 17:58:00.000000,0.306872,15.8515,0.05726,0.02493,5.975
07/11/2019 17:59:00.000000,0.367387,15.12575,0.05848,0.018019,7.195238
07/11/2019 18:00:00.000000,0.301302,14.398833,0.05762,0.04078,5.014286
07/11/2019 18:01:00.000000,0.240803,16.411,0.05338,0.021562,4.265116
07/11/2019 18:02:00.000000,0.245465,10.256833,0.05418,0.018782,5.139024
07/11/2019 18:03:00.000000,0.198734,9.44325,0.05688,15.0875,4.025
07/11/2019 18:04:00.000000,0.182265,9.5738,0.05826,0.051496,6.673684
07/11/2019 18:05:00.000000,0.189629,9.4968,0.0579,0.052368,6.95
07/11/2019 18:06:00.000000,0.248536,19.978,0.05616,29.59,4.995
07/11/2019 18:07:00.000000,0.282651,13.9654,0.05464,0.009864,3.819512
07/11/2019 18:08:00.000000,0.259677,19.696,0.05272,0.023234,6.507143
07/11/2019 18:09:00.000000,0.273157,,,,
07/11/2019 18:10:00.000000,0.240988,19.1646,0.05738,0.036494,5.525
07/11/2019 18:11:00.000000,0.23102,22.3602,0.0545,0.048564,5.985714
07/11/2019 18:12:00.000000,0.255885,21.527,0.05392,28.839024,5.965854
07/11/2019 18:13:00.000000,0.277609,17.4016,0.0566,0.054784,5.747619
07/11/2019 18:14:00.000000,0.232565,16.4196,0.05796,0.038516,6.682927
07/11/2019 18:15:00.000000,0.288011,17.0694,0.05768,27.45,6.475
07/11/2019 18:16:00.000000,0.362033,17.9184,0.05842,0.043506,5.489474
07/11/2019 18:17:00.000000,0.268943,24.6096,0.057,38.72,6.08
07/11/2019 18:18:00.000000,0.305177,17.735,0.05718,27.902564,5.74359
07/11/2019 18:19:00.000000,0.360862,15.0162,0.0599,0.037083,4.534783
07/11/2019 18:20:00.000000,0.273765,17.231,0.05928,0.043006,5.504651
07/11/2019 18:21:00.000000,0.412491,17.4632,0.058,0.036734,5.752381
07/11/2019 18:22:00.000000,0.514737,16.9,0.05794,32.625,12.515
07/11/2019 18:23:00.000000,0.289884,16.3646,0.05552,0.031574,6.771795
07/11/2019 18:24:00.000000,0.232297,15.273,0.05336,33.909524,8.62381
07/11/2019 18:25:00.000000,0.2255,14.1634,0.05298,0.048253,6.433333
07/11/2019 18:26:00.000000,0.525057,13.3288,0.05132,0.03786,5.25
07/11/2019 18:27:00.000000,0.648914,12.7034,0.05044,0.050122,6.394595
07/11/2019 18:28:00.000000,0.592588,11.8334,0.05362,0.027688,5.023684
07/11/2019 18:29:00.000000,0.391677,,,,
07/11/2019 18:30:00.000000,0.250878,11.019667,0.054,0.036213,5.54
07/11/2019 18:31:00.000000,0.264218,10.8935,0.05458,21.183784,4.286486
07/11/2019 18:32:00.000000,0.284382,11.2074,0.05552,0.034883,5.375
07/11/2019 18:33:00.000000,0.324012,11.3484,0.05618,0.02795,4.690244
07/11/2019 18:34:00.000000,0.332948,10.978,0.05656,25.0,4.374359
07/11/2019 18:35:00.000000,0.309729,10.385,0.057,19.966667,3.7
07/11/2019 18:36:00.000000,0.231355,10.205,0.05628,0.042644,3.5
07/11/2019 18:37:00.000000,0.203826,10.0216,0.05644,19.890244,3.34878
07/11/2019 18:38:00.000000,0.242209,9.3578,0.05632,14.086047,4.416279
07/11/2019 18:39:00.000000,0.31179,12.4394,0.05288,21.075,2.925
07/11/2019 18:40:00.000000,0.416201,9.997333,0.05202,0.047975,2.671429
07/11/2019 18:41:00.000000,0.481081,6.5835,0.05206,0.057007,2.870588
07/11/2019 18:42:00.000000,0.330784,5.6036,0.05512,18.242424,2.033333
07/11/2019 18:43:00.000000,0.253256,6.109,0.05526,0.015847,2.164865
07/11/2019 18:44:00.000000,0.25496,6.4432,0.05396,26.374074,3.040741
07/11/2019 18:45:00.000000,0.21661,6.5632,0.05604,0.0372,3.532258
07/11/2019 18:46:00.000000,0.179199,4.7454,0.05728,0.028612,3.52
07/11/2019 18:47:00.000000,0.171569,4.3944,0.05696,0.02269,4.038462
07/11/2019 18:48:00.000000,0.237956,10.2062,0.05678,17.411628,4.276744
07/11/2019 18:49:00.000000,0.757495,,,,
07/11/2019 18:50:00.000000,0.793205,14.173,0.053,0.025421,3.8
07/11/2019 18:51:00.000000,0.331694,7.8426,0.0549,17.72093,4.253488
07/11/2019 18:52:00.000000,0.232331,7.9908,0.05504,0.039156,5.185714
07/11/2019 18:53:00.000000,0.217807,10.9932,0.05354,0.027458,3.634884
07/11/2019 18:54:00.000000,0.22201,10.9312,0.05348,0.019532,4.792308
07/11/2019 18:55:00.000000,0.213824,10.8934,0.05148,13.969231,4.184615
07/11/2019 18:56:00.000000,0.241258,11.5628,0.04596,13.214286,3.038095
07/11/2019 18:57:00.000000,0.394885,27.3444,0.03974,19.4,4.4
07/11/2019 18:58:00.000000,0.435744,12.7794,0.0432,93.8625,6.7
07/11/2019 18:59:00.000000,0.270372,4.7,0.0517,0.03265,3.361538
07/11/2019 19:00:00.000000,0.228022,6.9014,0.05172,0.027906,3.207143
07/11/2019 19:01:00.000000,0.445973,16.7078,0.0463,0.01694,3.723404
07/11/2019 19:02:00.000000,0.315637,11.8742,0.0473,25.271429,3.971429
07/11/2019 19:03:00.000000,0.180966,9.4792,0.04852,0.010094,3.914286
07/11/2019 19:04:00.000000,0.199053,11.2938,0.04634,10.275,2.88
07/11/2019 19:05:00.000000,0.290462,7.1522,0.04718,29.09,6.695
07/11/2019 19:06:00.000000,0.295751,12.5828,0.04814,0.015392,3.427273
07/11/2019 19:07:00.000000,0.310978,5.664,0.0497,26.193333,3.222222
07/11/2019 19:08:00.000000,0.208349,4.0898,0.0538,0.01946,3.3
07/11/2019 19:09:00.000000,0.153387,6.0196,0.0541,,
07/11/2019 19:10:00.000000,0.143164,5.9458,0.0549,6.92,2.92
07/11/2019 19:11:00.000000,0.134398,5.9842,0.055,0.018336,3.376471
07/11/2019 19:12:00.000000,0.194961,10.5608,0.0522,22.553846,7.207692
07/11/2019 19:13:00.000000,0.311543,10.5262,0.051,13.35,3.9
07/11/2019 19:14:00.000000,0.303338,8.5066,0.05182,14.393023,2.325581
07/11/2019 19:15:00.000000,0.269045,6.9158,0.05394,34.265,3.22
07/11/2019 19:16:00.000000,0.249746,7.359,0.05474,0.018664,2.37561
07/11/2019 19:17:00.000000,0.2138,7.8462,0.05632,0.005835,1.913043
07/11/2019 19:18:00.000000,0.194138,7.628333,0.05638,0.015965,3.694444
07/11/2019 19:19:00.000000,0.216543,7.1135,0.05358,8.657143,3.054286
07/11/2019 19:20:00.000000,0.259327,9.140667,0.05314,13.825,4.145833
07/11/2019 19:21:00.000000,0.280356,8.615,0.0562,0.02459,2.616667
07/11/2019 19:22:00.000000,0.194291,8.004,0.05888,0.011916,2.64
07/11/2019 19:23:00.000000,0.150302,7.3966,0.05888,22.6,2.95
07/11/2019 19:24:00.000000,0.158101,10.1798,0.0469,10.372093,3.251163
07/11/2019 19:25:00.000000,0.242482,19.8374,0.0558,21.453846,4.823077
07/11/2019 19:26:00.000000,0.241121,4.7086,0.05902,0.018291,3.57
07/11/2019 19:27:00.000000,0.193822,9.173,0.05806,13.804762,2.528571
07/11/2019 19:28:00.000000,0.197342,3.26,0.05952,0.018464,3.42439
07/11/2019 19:29:00.000000,0.16577,3.4654,0.06068,0.012549,4.004762
07/11/2019 19:30:00.000000,0.165319,3.2308,0.05916,0.007547,3.094595
07/11/2019 19:31:00.000000,0.21076,3.3482,0.05624,0.00983,3.157143
07/11/2019 19:32:00.000000,0.252673,4.573,0.0547,0.018703,2.69
07/11/2019 19:33:00.000000,0.262812,14.486,0.04986,41.142857,5.342857
07/11/2019 19:34:00.000000,0.302707,13.6922,0.04668,0.019769,3.063415
07/11/2019 19:35:00.000000,0.237341,9.1684,0.05086,8.6625,2.16
07/11/2019 19:36:00.000000,0.201347,8.2274,0.05284,0.019467,2.004762
07/11/2019 19:37:00.000000,0.187851,5.7158,0.05522,20.907895,3.936842
07/11/2019 19:38:00.000000,0.163219,4.7956,0.05634,13.1,2.55
07/11/2019 19:39:00.000000,0.155278,4.8522,0.05624,8.1,3.914286
07/11/2019 19:40:00.000000,0.205609,5.0502,0.05506,0.011228,3.776923
07/11/2019 19:41:00.000000,0.290419,12.294,0.05242,6.67907,2.667442
07/11/2019 19:42:00.000000,0.263224,6.8182,0.05378,0.036759,3.277273
07/11/2019 19:43:00.000000,0.223123,6.2354,0.0551,0.00871,1.785
07/11/2019 19:44:00.000000,0.220446,6.3596,0.05554,0.019779,2.453333
07/11/2019 19:45:00.000000,0.217716,6.0072,0.057,0.010556,2.6
07/11/2019 19:46:00.000000,0.192626,5.723,0.05596,8.82,2.94
07/11/2019 19:47:00.000000,0.215291,5.942,0.0529,17.904651,4.204651
07/11/2019 19:48:00.000000,0.199361,6.2158,0.05208,16.881818,3.559091
07/11/2019 19:49:00.000000,0.18284,,,,
07/11/2019 19:50:00.000000,0.178694,10.7514,0.04976,0.025549,5.960976
07/11/2019 19:51:00.000000,0.211575,10.2918,0.0491,13.816667,2.816667
07/11/2019 19:52:00.000000,0.27993,9.5238,0.04768,0.05042,3.721951
07/11/2019 19:53:00.000000,0.557669,17.5156,0.0451,0.016531,2.570455
07/11/2019 19:54:00.000000,0.464219,12.9014,0.04302,22.615385,2.046154
07/11/2019 19:55:00.000000,0.352696,12.1422,0.04488,15.956098,2.939024
07/11/2019 19:56:00.000000,0.272838,9.4304,0.04922,0.022582,3.014286
07/11/2019 19:57:00.000000,0.327977,11.9138,0.049,0.009781,2.487805
07/11/2019 19:58:00.000000,0.474482,6.147,0.05042,0.018994,2.912195
07/11/2019 19:59:00.000000,0.977498,10.5608,0.04604,0.025855,3.257143
07/11/2019 20:00:00.000000,0.64103,13.4524,0.05126,0.013091,2.958537
07/11/2019 20:01:00.000000,0.296923,4.441,0.05145,23.15641,3.323077
07/11/2019 20:02:00.000000,0.252049,7.100667,0.049867,0.019665,3.321429
07/11/2019 20:03:00.000000,0.241587,4.55325,0.051125,0.005777,2.82
07/11/2019 20:04:00.000000,0.24641,13.025667,0.048233,0.002888,2.223077
07/11/2019 20:05:00.000000,0.508999,9.2635,0.0477,26.638461,2.992308
07/11/2019 20:06:00.000000,0.384494,10.06375,0.048475,0.01825,3.657895
07/11/2019 20:07:00.000000,0.250988,4.007,0.05215,0.018,1.958333
07/11/2019 20:08:00.000000,0.198622,7.05025,0.0527,0.016151,3.348387
07/11/2019 20:09:00.000000,0.267259,6.331,0.051425,,
07/11/2019 20:10:00.000000,0.195002,6.11175,0.0526,3.547727,2.525
07/11/2019 20:11:00.000000,0.226821,5.996,0.0529,0.003231,2.3775
07/11/2019 20:12:00.000000,0.233464,5.86575,0.05485,7.104878,3.685366
07/11/2019 20:13:00.000000,0.174966,13.48825,0.052275,14.45,4.021429
07/11/2019 20:14:00.000000,0.210406,9.32025,0.0481,25.47561,5.609756
07/11/2019 20:15:00.000000,0.206413,7.09825,0.0526,0.019131,4.160526
07/11/2019 20:16:00.000000,0.192299,3.8545,0.0567,10.586486,4.105405
07/11/2019 20:17:00.000000,0.144082,3.304,0.058525,18.569231,2.394872
07/11/2019 20:18:00.000000,0.118395,3.402,0.058,0.03492,3.717073
07/11/2019 20:19:00.000000,0.12866,3.511,0.05645,16.238889,4.683333
07/11/2019 20:20:00.000000,0.146289,4.06275,0.053775,10.636842,3.044737
07/11/2019 20:21:00.000000,0.188961,4.691,0.052125,0.008611,2.797674
07/11/2019 20:22:00.000000,0.21644,5.113,0.053375,0.007846,2.346512
07/11/2019 20:23:00.000000,0.180615,5.42825,0.05375,5.839024,2.434146
07/11/2019 20:24:00.000000,0.168528,5.85625,0.054425,7.421053,3.089474
07/11/2019 20:25:00.000000,0.175755,6.287,0.0552,0.017068,2.49
07/11/2019 20:26:00.000000,0.210718,6.6845,0.0573,0.017068,2.177143
07/11/2019 20:27:00.000000,0.220419,6.93525,0.05775,29.475,2.744444
07/11/2019 20:28:00.000000,0.258296,6.98025,0.056375,17.82,4.288571
07/11/2019 20:29:00.000000,0.206701,8.39325,0.05605,0.005558,2.85814
07/11/2019 20:30:00.000000,0.16597,5.98275,0.054325,0.018206,4.187179
07/11/2019 20:31:00.000000,0.201748,7.84625,0.0548,5.429268,2.860976
07/11/2019 20:32:00.000000,0.237963,4.299,0.057925,15.121951,4.017073
07/11/2019 20:33:00.000000,0.204844,4.57725,0.058825,0.01645,3.135294
07/11/2019 20:34:00.000000,0.174653,3.483,0.058775,15.327778,5.155556
07/11/2019 20:35:00.000000,0.160508,5.86925,0.0552,24.55,6.04
07/11/2019 20:36:00.000000,0.17488,11.98375,0.05095,0.039125,4.206061
07/11/2019 20:37:00.000000,0.257983,10.199,0.05225,0.035121,3.42069
07/11/2019 20:38:00.000000,0.266127,8.7975,0.054875,0.022156,2.169697
07/11/2019 20:39:00.000000,0.230055,7.23975,0.050925,0.039169,3.106977
07/11/2019 20:40:00.000000,0.213645,14.666,0.050975,21.0,4.92
07/11/2019 20:41:00.000000,0.239355,12.80275,0.0503,0.022451,2.5875
07/11/2019 20:42:00.000000,0.255194,9.50725,0.05395,0.021291,4.165854
07/11/2019 20:43:00.000000,0.245888,7.6605,0.05675,32.025,5.675
07/11/2019 20:44:00.000000,0.228235,5.811,0.05795,27.15,3.107143
07/11/2019 20:45:00.000000,0.213841,16.092,0.054025,0.069191,2.475758
07/11/2019 20:46:00.000000,0.328312,11.763,0.053675,0.015952,2.24878
07/11/2019 20:47:00.000000,0.219739,6.563,0.057375,14.3125,4.225
07/11/2019 20:48:00.000000,0.218882,13.51975,0.0528,0.013633,3.134884
07/11/2019 20:49:00.000000,0.391756,11.14225,0.051525,0.025799,2.378571
07/11/2019 20:50:00.000000,0.25419,11.662,0.054575,0.034603,2.544737
07/11/2019 20:51:00.000000,0.222174,10.78075,0.054875,18.107143,5.35
07/11/2019 20:52:00.000000,0.250438,12.969,0.05185,0.027312,3.742857
07/11/2019 20:53:00.000000,0.266642,9.95825,0.0524,0.014046,3.560465
07/11/2019 20:54:00.000000,0.260364,10.6225,0.0549,0.016569,3.230435
07/11/2019 20:55:00.000000,0.289505,9.7665,0.053625,0.01428,2.843902
07/11/2019 20:56:00.000000,0.282882,9.76575,0.0539,0.02396,2.326316
07/11/2019 20:57:00.000000,0.260904,20.228,0.050275,9.987805,2.980488
07/11/2019 20:58:00.000000,0.228399,19.65575,0.047575,0.008982,2.894737
07/11/2019 20:59:00.000000,0.197471,13.84375,0.04995,5.982051,3.097436
07/11/2019 21:00:00.000000,0.199939,10.6785,0.053575,0.022717,3.832558
07/11/2019 21:01:00.000000,0.2244,10.36775,0.0523,0.006146,2.14878
07/11/2019 21:02:00.000000,0.322302,6.7275,0.046925,0.009898,2.130233
07/11/2019 21:03:00.000000,0.442848,12.3325,0.046575,8.268421,2.115789
07/11/2019 21:04:00.000000,0.369834,16.94325,0.046775,13.97907,2.616279
07/11/2019 21:05:00.000000,0.316625,11.241,0.04445,0.018988,3.561111
07/11/2019 21:06:00.000000,0.315816,13.58925,0.055775,15.01,3.19
07/11/2019 21:07:00.000000,0.309138,7.9225,0.055125,0.011584,2.242857
07/11/2019 21:08:00.000000,0.216291,10.45225,0.0537,0.009766,3.775676
07/11/2019 21:09:00.000000,0.196855,13.04525,0.052225,12.268421,5.657895
07/11/2019 21:10:00.000000,0.173307,13.065,0.051425,34.335714,2.95
07/11/2019 21:11:00.000000,0.172515,11.53375,0.0513,6.839535,1.969767
07/11/2019 21:12:00.000000,0.193405,11.713,0.052425,2.3375,2.325
07/11/2019 21:13:00.000000,0.207237,5.75525,0.053825,4.673684,3.242105
07/11/2019 21:14:00.000000,0.205279,11.977,0.050825,0.010497,3.881481
07/11/2019 21:15:00.000000,0.302319,13.55875,0.0443,0.023284,3.217073
07/11/2019 21:16:00.000000,0.334524,15.296,0.04465,0.011261,3.271429
07/11/2019 21:17:00.000000,0.251354,5.902,0.052225,0.007434,2.193023
07/11/2019 21:18:00.000000,0.187539,5.9755,0.0559,0.008394,2.590909
07/11/2019 21:19:00.000000,0.169375,9.1875,0.053275,14.961538,4.307692
07/11/2019 21:20:00.000000,0.205636,23.95325,0.045275,0.01379,3.742857
07/11/2019 21:21:00.000000,0.219903,11.6095,0.058475,22.902326,2.395349
07/11/2019 21:22:00.000000,0.227367,4.8755,0.059225,0.00472,1.783333
07/11/2019 21:23:00.000000,0.19782,5.3245,0.058725,8.215385,3.646154
07/11/2019 21:24:00.000000,0.186602,5.90425,0.056525,16.336585,4.965854
07/11/2019 21:25:00.000000,0.218646,6.5495,0.056575,10.3,2.805
07/11/2019 21:26:00.000000,0.173436,2.75325,0.059525,3.081818,1.827273
07/11/2019 21:27:00.000000,0.119806,3.208,0.061,0.013506,2.276923
07/11/2019 21:28:00.000000,0.110711,3.06325,0.06055,0.010312,2.05
07/11/2019 21:29:00.000000,0.117485,,,,
07/11/2019 21:30:00.000000,0.138174,3.98125,0.05535,0.016471,2.857143
07/11/2019 21:31:00.000000,0.173774,4.649,0.053,0.011446,2.886364
07/11/2019 21:32:00.000000,0.26992,5.7685,0.0519,0.009429,4.584211
07/11/2019 21:33:00.000000,0.379104,6.284,0.0545,0.014684,4.481395
07/11/2019 21:34:00.000000,0.314369,10.64825,0.053175,0.016733,4.06
07/11/2019 21:35:00.000000,0.344719,18.95975,0.046975,0.014476,3.914286
07/11/2019 21:36:00.000000,0.518715,22.22025,0.042725,0.013779,2.559459
07/11/2019 21:37:00.000000,0.483148,11.03775,0.048,22.66,2.217778
07/11/2019 21:38:00.000000,0.253137,13.37625,0.052475,29.406667,5.84
07/11/2019 21:39:00.000000,0.25213,12.76525,0.051825,17.69,4.87
07/11/2019 21:40:00.000000,0.230855,9.459,0.055675,13.195455,3.563636
07/11/2019 21:41:00.000000,0.17818,9.374,0.0554,19.242857,2.9
07/11/2019 21:42:00.000000,0.189134,9.576,0.0567,16.083721,2.627907
07/11/2019 21:43:00.000000,0.186261,10.03,0.0559,0.028934,3.11
07/11/2019 21:44:00.000000,0.16991,11.05575,0.052525,21.8,3.936364
07/11/2019 21:45:00.000000,0.186592,11.486,0.054675,9.394872,4.710256
07/11/2019 21:46:00.000000,0.195835,11.52825,0.058325,0.016197,4.383333
07/11/2019 21:47:00.000000,0.205067,11.3115,0.059525,14.52093,3.295349
07/11/2019 21:48:00.000000,0.196927,16.29775,0.058375,0.020464,3.184615
07/11/2019 21:49:00.000000,0.261377,,,,
07/11/2019 21:50:00.000000,0.289349,22.1375,0.051933,23.524242,5.030303
07/11/2019 21:51:00.000000,0.372494,14.47025,0.051225,30.275,6.375
07/11/2019 21:52:00.000000,0.306294,11.49875,0.055125,0.076906,3.685714
07/11/2019 21:53:00.000000,0.230101,8.28175,0.0577,0.038764,2.830769
07/11/2019 21:54:00.000000,0.21949,11.35575,0.0572,21.361905,4.6
07/11/2019 21:55:00.000000,0.234881,17.22425,0.054,13.341026,3.969231
07/11/2019 21:56:00.000000,0.344417,20.209,0.05,0.038069,3.8
07/11/2019 21:57:00.000000,0.401121,15.0755,0.050725,10.909091,3.295455
07/11/2019 21:58:00.000000,0.337393,9.22825,0.05625,20.840909,3.368182
07/11/2019 21:59:00.000000,0.293191,13.77775,0.05735,35.784211,2.642105
07/11/2019 22:00:00.000000,0.354766,13.84725,0.05525,29.602632,3.005263
07/11/2019 22:01:00.000000,0.292996,7.88825,0.058575,18.644827,3.003448
07/11/2019 22:02:00.000000,0.045662,12.265333,0.060775,0.020246,2.835897
07/11/2019 22:03:00.000000,0.002899,9.948,0.05905,0.016546,2.454545
07/11/2019 22:04:00.000000,-9999.0,11.97875,0.057525,0.021054,6.379412
07/11/2019 22:05:00.000000,-9999.0,7.935,0.05955,0.012333,3.426829
07/11/2019 22:06:00.000000,-9999.0,15.3785,0.0574,29.015,4.88
07/11/2019 22:07:00.000000,-9999.0,11.3175,0.056275,0.019189,4.466667
07/11/2019 22:08:00.000000,-9999.0,6.89225,0.06155,0.040799,4.98
07/11/2019 22:09:00.000000,-9999.0,,,,
07/11/2019 22:10:00.000000,0.000919,7.78425,0.060275,35.553659,5.960976
07/11/2019 22:11:00.000000,-9999.0,14.4655,0.056375,17.148649,3.918919
07/11/2019 22:12:00.000000,0.160127,14.16075,0.05395,3.358537,1.992683
07/11/2019 22:13:00.000000,0.297145,8.31125,0.0575,25.602439,4.436585
07/11/2019 22:14:00.000000,0.273643,12.80375,0.0565,15.814286,4.916667
07/11/2019 22:15:00.000000,0.277053,14.11925,0.055775,33.681818,4.327273
07/11/2019 22:16:00.000000,0.481393,20.288,0.0538,0.04288,2.317647
07/11/2019 22:17:00.000000,0.518521,18.756,0.0533,0.033209,2.588571
07/11/2019 22:18:00.000000,0.532513,9.6545,0.057725,22.034146,5.07561
07/11/2019 22:19:00.000000,0.461253,8.972,0.06055,14.543902,3.707317
07/11/2019 22:20:00.000000,0.329454,5.82925,0.0607,33.027273,3.222727
07/11/2019 22:21:00.000000,0.262859,10.499,0.059475,0.006946,2.687805
07/11/2019 22:22:00.000000,0.263206,9.7025,0.0617,0.006767,3.276923
07/11/2019 22:23:00.000000,0.213048,8.864,0.063775,32.797619,4.085714
07/11/2019 22:24:00.000000,0.223814,11.803,0.06085,0.032797,2.742857
07/11/2019 22:25:00.000000,0.325161,10.817,0.060075,31.02439,2.926829
07/11/2019 22:26:00.000000,0.279575,8.17375,0.063275,0.045873,6.685714
07/11/2019 22:27:00.000000,0.210583,6.16225,0.064325,0.024863,5.015385
07/11/2019 22:28:00.000000,0.238709,7.14775,0.0601,23.5,4.6
07/11/2019 22:29:00.000000,0.355009,8.47125,0.055975,0.040852,5.714286
07/11/2019 22:30:00.000000,0.370352,9.538,0.055775,17.142857,3.585714
07/11/2019 22:31:00.000000,0.385999,9.8205,0.0625,0.005202,2.929268
07/11/2019 22:32:00.000000,0.229522,9.72125,0.06765,0.0357,5.887805
07/11/2019 22:33:00.000000,0.134748,9.627,0.067275,0.005614,2.676923
07/11/2019 22:34:00.000000,0.137483,9.76675,0.065725,0.015926,3.513636
07/11/2019 22:35:00.000000,0.429689,10.63925,0.06115,0.036322,5.592683
07/11/2019 22:36:00.000000,0.806608,10.8735,0.05855,18.739024,3.509756
07/11/2019 22:37:00.000000,0.42526,10.154,0.062625,38.55,4.035
07/11/2019 22:38:00.000000,0.225082,9.4655,0.063775,0.016842,4.103571
07/11/2019 22:39:00.000000,0.184427,12.8975,0.05865,0.033008,5.356757
07/11/2019 22:40:00.000000,0.237648,16.408,0.05545,25.921875,6.5375
07/11/2019 22:41:00.000000,0.260306,19.32875,0.05335,0.03424,4.05
07/11/2019 22:42:00.000000,0.296361,16.2155,0.0544,0.026598,4.475
07/11/2019 22:43:00.000000,0.378543,12.48,0.05615,27.340541,5.102703
07/11/2019 22:44:00.000000,0.545846,13.018,0.05725,0.024483,5.2
07/11/2019 22:45:00.000000,0.400261,10.34575,0.05955,13.55,3.33
07/11/2019 22:46:00.000000,0.258758,14.81325,0.0572,0.025528,3.768293
07/11/2019 22:47:00.000000,0.375898,16.1555,0.055875,0.025545,3.983721
07/11/2019 22:48:00.000000,0.877223,13.051,0.05615,4.585714,2.285714
07/11/2019 22:49:00.000000,0.77717,15.2845,0.059625,,
07/11/2019 22:50:00.000000,0.264522,9.4535,0.064325,0.028569,3.990698
07/11/2019 22:51:00.000000,0.256497,8.13825,0.06515,31.110526,4.621053
07/11/2019 22:52:00.000000,0.347326,9.06275,0.061733,25.486047,3.444186
07/11/2019 22:53:00.000000,0.284982,10.41375,0.06055,0.018454,5.894737
07/11/2019 22:54:00.000000,0.224686,20.9805,0.058825,26.43,3.5125
07/11/2019 22:55:00.000000,0.290183,12.22275,0.0591,38.295238,3.785714
07/11/2019 22:56:00.000000,0.265423,12.6005,0.06095,0.039772,2.37
07/11/2019 22:57:00.000000,0.316495,7.78075,0.061875,23.771429,2.271429
07/11/2019 22:58:00.000000,0.332489,5.58875,0.06595,0.042723,3.595455
07/11/2019 22:59:00.000000,0.189709,5.874,0.06685,0.023898,4.136842
07/11/2019 23:00:00.000000,0.199201,6.61025,0.063225,18.794444,4.116667
07/11/2019 23:01:00.000000,0.337886,6.92175,0.061925,15.33,2.07
07/11/2019 23:02:00.000000,0.296088,7.15825,0.0629,9.22,2.346667
07/11/2019 23:03:00.000000,0.231678,7.9415,0.060425,0.016811,4.551163
07/11/2019 23:04:00.000000,0.249469,10.69225,0.057425,41.505263,4.394737
07/11/2019 23:05:00.000000,0.29887,20.69475,0.05455,0.040728,3.192308
07/11/2019 23:06:00.000000,0.337202,11.95275,0.054775,0.016747,2.592308
07/11/2019 23:07:00.000000,0.317559,12.17775,0.0575,14.502326,2.24186
07/11/2019 23:08:00.000000,0.256542,17.135,0.054825,0.015099,4.375676
07/11/2019 23:09:00.000000,0.261347,13.0905,0.054575,16.631707,3.646341
07/11/2019 23:10:00.000000,0.253588,11.30875,0.0581,0.029331,4.833333
07/11/2019 23:11:00.000000,0.21199,11.5485,0.05955,9.083333,2.85
07/11/2019 23:12:00.000000,0.178765,6.499,0.06015,6.376744,3.002326
07/11/2019 23:13:00.000000,0.180144,4.784,0.062975,15.41,4.205
07/11/2019 23:14:00.000000,0.182198,4.27075,0.064175,0.031023,3.562162
07/11/2019 23:15:00.000000,0.195398,3.12125,0.06118,0.027628,4.271875
07/11/2019 23:16:00.000000,0.223023,10.02125,0.056667,0.024927,2.6
07/11/2019 23:17:00.000000,0.247971,15.205,0.0556,0.028528,3.484615
07/11/2019 23:18:00.000000,0.384023,9.25375,0.056475,0.024298,3.205
07/11/2019 23:19:00.000000,0.404539,10.19775,0.059475,0.015382,4.042857
07/11/2019 23:20:00.000000,0.387636,6.58725,0.05925,0.005658,3.17561
07/11/2019 23:21:00.000000,0.252947,7.615,0.057125,12.238462,3.169231
07/11/2019 23:22:00.000000,0.217475,8.07475,0.05875,20.697674,3.544186
07/11/2019 23:23:00.000000,0.224033,10.22375,0.058675,26.6125,2.92
07/11/2019 23:24:00.000000,0.31248,9.96375,0.057925,5.648837,2.8
07/11/2019 23:25:00.000000,0.389443,9.93525,0.059025,24.5875,4.755
07/11/2019 23:26:00.000000,0.389102,9.99175,0.058025,11.242857,5.357143
07/11/2019 23:27:00.000000,0.359667,9.904,0.058475,0.029107,3.533333
07/11/2019 23:28:00.000000,0.259172,9.22325,0.061,25.52381,4.352381
07/11/2019 23:29:00.000000,0.197007,8.74075,0.06125,0.043689,5.102326
07/11/2019 23:30:00.000000,0.225338,8.5585,0.05875,0.030325,4.864865
07/11/2019 23:31:00.000000,0.322752,12.393333,0.057675,0.032854,5.909756
07/11/2019 23:32:00.000000,0.476485,9.4375,0.058375,0.02544,4.655
07/11/2019 23:33:00.000000,0.351769,9.4415,0.05955,33.239024,4.731707
07/11/2019 23:34:00.000000,0.239731,15.82175,0.054575,0.024318,5.444737
07/11/2019 23:35:00.000000,0.250573,20.98775,0.0477,14.375,5.33
07/11/2019 23:36:00.000000,0.31909,12.3115,0.05245,0.024416,4.543182
07/11/2019 23:37:00.000000,0.318124,9.372,0.057125,0.033396,3.281395
07/11/2019 23:38:00.000000,0.324616,8.3815,0.059125,0.021372,3.530233
07/11/2019 23:39:00.000000,0.317428,8.78625,0.057125,0.015737,4.297436
07/11/2019 23:40:00.000000,0.273138,8.56125,0.058575,0.026272,5.695455
07/11/2019 23:41:00.000000,0.235933,8.638,0.058125,0.021695,4.965
07/11/2019 23:42:00.000000,0.268459,8.79025,0.05775,3.988889,3.383333
07/11/2019 23:43:00.000000,0.279064,9.19225,0.0578,0.013325,3.739024
07/11/2019 23:44:00.000000,0.350304,12.1365,0.054,0.041009,9.716667
07/11/2019 23:45:00.000000,0.365751,7.86525,0.055575,0.035942,5.316667
07/11/2019 23:46:00.000000,0.3196,9.344,0.05755,0.067636,6.1
07/11/2019 23:47:00.000000,0.311431,7.3195,0.05805,0.026628,3.657143
07/11/2019 23:48:00.000000,0.263959,7.62625,0.05765,0.011902,3.4475
07/11/2019 23:49:00.000000,0.252427,7.78425,0.05705,0.015287,4.442857
07/11/2019 23:50:00.000000,0.231524,9.16975,0.055825,0.018068,3.168421
07/11/2019 23:51:00.000000,0.265799,11.9055,0.0522,12.593182,3.763636
07/11/2019 23:52:00.000000,0.335693,10.5255,0.053225,0.012807,4.326829
07/11/2019 23:53:00.000000,0.350461,9.6815,0.05575,32.977273,4.486364
07/11/2019 23:54:00.000000,0.370474,6.4375,0.057875,26.833333,4.157143
07/11/2019 23:55:00.000000,0.356757,6.76875,0.05885,0.045914,3.763636
07/11/2019 23:56:00.000000,0.257827,12.808,0.056325,0.023372,7.185
07/11/2019 23:57:00.000000,0.310972,11.74775,0.0546,16.570732,4.129268
07/11/2019 23:58:00.000000,0.347458,8.91675,0.057425,0.032859,3.928571
07/11/2019 23:59:00.000000,0.310309,8.8215,0.05805,0.041009,5.621951
07/12/2019 00:00:00.000000,0.314336,8.45575,0.058275,0.018176,3.328571
07/12/2019 00:01:00.000000,0.277451,8.18975,0.0595,0.043078,4.94
07/12/2019 00:02:00.000000,0.382664,8.234333,0.06005,18.057143,5.966667
07/12/2019 00:03:00.000000,0.422032,8.3795,0.0584,0.015869,5.178378
07/12/2019 00:04:00.000000,0.280954,8.4115,0.05835,4.486364,3.445455
07/12/2019 00:05:00.000000,0.256805,8.22625,0.059525,0.017572,5.51
07/12/2019 00:06:00.000000,0.285871,8.16225,0.05905,0.01142,3.62
07/12/2019 00:07:00.000000,0.288014,8.29375,0.05815,0.004458,3.035897
07/12/2019 00:08:00.000000,0.249007,6.8365,0.059925,23.914286,3.428571
07/12/2019 00:09:00.000000,0.220494,11.28625,0.0588,17.829268,3.926829
07/12/2019 00:10:00.000000,0.318726,17.012,0.051225,0.030633,4.168421
07/12/2019 00:11:00.000000,0.393632,12.35225,0.053275,0.023045,3.533333
07/12/2019 00:12:00.000000,0.325223,15.33475,0.055425,0.049527,3.895
07/12/2019 00:13:00.000000,0.29939,28.1105,0.051475,0.027364,3.83
07/12/2019 00:14:00.000000,0.283592,16.5395,0.05495,16.353488,3.883721
07/12/2019 00:15:00.000000,0.266225,8.6655,0.05905,0.030195,4.414286
07/12/2019 00:16:00.000000,0.255635,6.9865,0.059875,0.017767,3.209302
07/12/2019 00:17:00.000000,0.235592,10.535,0.058975,0.022395,3.995122
07/12/2019 00:18:00.000000,0.236441,11.64225,0.058775,16.66087,3.852174
07/12/2019 00:19:00.000000,0.220531,11.03775,0.0609,20.452381,3.183333
07/12/2019 00:20:00.000000,0.226352,10.673,0.06065,0.013959,3.441463
07/12/2019 00:21:00.000000,0.254445,9.9815,0.0614,0.020061,7.476923
07/12/2019 00:22:00.000000,0.218875,11.92475,0.05495,0.018135,6.134884
07/12/2019 00:23:00.000000,0.273845,10.601,0.057575,12.546341,4.34878
07/12/2019 00:24:00.000000,0.32959,7.62875,0.05665,21.121429,3.071429
07/12/2019 00:25:00.000000,0.31245,9.9365,0.057625,16.814286,4.1
07/12/2019 00:26:00.000000,0.248422,7.27325,0.0587,0.051272,3.369231
07/12/2019 00:27:00.000000,0.217192,6.7285,0.0587,26.614634,5.273171
07/12/2019 00:28:00.000000,0.204785,6.70375,0.058875,10.874419,3.462791
07/12/2019 00:29:00.000000,0.198658,,,,
07/12/2019 00:30:00.000000,0.221487,6.8385,0.058525,0.011827,4.055
07/12/2019 00:31:00.000000,0.281522,8.9015,0.0564,19.235,3.77
07/12/2019 00:32:00.000000,0.335061,11.0435,0.054925,17.231111,4.291111
07/12/2019 00:33:00.000000,0.320304,16.378,0.053975,0.012536,3.395349
07/12/2019 00:34:00.000000,0.249504,10.9415,0.05385,0.03342,3.626829
07/12/2019 00:35:00.000000,0.229108,8.60175,0.056225,0.015284,3.530769
07/12/2019 00:36:00.000000,0.213638,12.16325,0.05445,0.017874,3.5
07/12/2019 00:37:00.000000,0.272242,14.34825,0.051725,0.023293,2.836585
07/12/2019 00:38:00.000000,0.321195,16.77375,0.04945,0.018569,2.786047
07/12/2019 00:39:00.000000,0.322579,18.25875,0.047625,10.769048,3.571429
07/12/2019 00:40:00.000000,0.262324,16.77025,0.0473,18.305,2.765
07/12/2019 00:41:00.000000,0.362542,16.25025,0.047075,25.319512,4.004878
07/12/2019 00:42:00.000000,0.35917,18.479,0.046625,0.020396,3.511628
07/12/2019 00:43:00.000000,0.358724,21.28125,0.0456,0.021927,6.057143
07/12/2019 00:44:00.000000,0.34008,12.41525,0.05035,38.51,4.46
07/12/2019 00:45:00.000000,0.334851,9.9795,0.055375,0.023407,4.854054
07/12/2019 00:46:00.000000,0.308483,8.95875,0.05615,0.029566,4.317073
07/12/2019 00:47:00.000000,0.284982,10.34425,0.053725,0.026551,3.01
07/12/2019 00:48:00.000000,0.309727,10.8715,0.05145,0.022761,5.761538
07/12/2019 00:49:00.000000,0.311951,,,,
07/12/2019 00:50:00.000000,0.361012,21.34275,0.044825,0.02709,3.24186
07/12/2019 00:51:00.000000,0.360321,13.1645,0.0467,0.021491,3.416279
07/12/2019 00:52:00.000000,0.276974,9.41425,0.05215,4.410526,2.805263
07/12/2019 00:53:00.000000,0.23774,10.0535,0.051875,0.015743,4.552632
07/12/2019 00:54:00.000000,0.229977,9.92825,0.053175,14.695,6.345
07/12/2019 00:55:00.000000,0.241512,9.96175,0.052975,13.61,5.835
07/12/2019 00:56:00.000000,0.235153,10.142,0.051125,18.075,3.4725
07/12/2019 00:57:00.000000,0.213001,10.0595,0.052425,0.017275,3.666667
07/12/2019 00:58:00.000000,0.22805,10.02975,0.052475,0.017571,3.716279
07/12/2019 00:59:00.000000,0.214439,10.0695,0.0524,0.012867,3.259524
07/12/2019 01:00:00.000000,0.270311,12.03825,0.04915,19.330952,3.714286
07/12/2019 01:01:00.000000,0.363701,13.50425,0.048225,0.036667,4.642105
07/12/2019 01:02:00.000000,0.27764,12.913,0.05145,0.028354,5.5425
07/12/2019 01:03:00.000000,0.258763,12.245,0.048725,23.15,4.366667
07/12/2019 01:04:00.000000,0.307424,11.99425,0.04855,0.015187,3.502439
07/12/2019 01:05:00.000000,0.296305,11.30575,0.050175,0.039073,8.5
07/12/2019 01:06:00.000000,0.306646,13.24325,0.048325,17.585714,5.457143
07/12/2019 01:07:00.000000,0.295902,13.544,0.046175,21.205263,4.968421
07/12/2019 01:08:00.000000,0.423112,11.38625,0.0466,19.418919,3.575676
07/12/2019 01:09:00.000000,0.359568,,,,
07/12/2019 01:10:00.000000,0.306769,16.6135,0.04495,20.927273,4.631818
07/12/2019 01:11:00.000000,0.309487,18.418,0.042775,0.022269,3.928571
07/12/2019 01:12:00.000000,0.316352,21.96275,0.04005,5.160976,3.643902
07/12/2019 01:13:00.000000,0.309351,16.7915,0.043225,21.365,4.705
07/12/2019 01:14:00.000000,0.380946,12.61525,0.04675,0.046983,4.984211
07/12/2019 01:15:00.000000,0.427399,10.4745,0.046625,30.704878,6.02439
07/12/2019 01:16:00.000000,0.461689,11.15075,0.04565,10.855,3.82
07/12/2019 01:17:00.000000,0.445715,11.4535,0.048525,0.022412,5.904545
07/12/2019 01:18:00.000000,0.340744,19.91425,0.046125,0.013049,5.626316
07/12/2019 01:19:00.000000,0.314263,17.81275,0.043375,3.757143,3.357143
07/12/2019 01:20:00.000000,0.287092,14.8575,0.0453,9.402439,3.768293
07/12/2019 01:21:00.000000,0.280589,13.0555,0.04655,0.016927,4.75
07/12/2019 01:22:00.000000,0.262253,12.964,0.045625,0.026934,5.242857
07/12/2019 01:23:00.000000,0.298598,18.55325,0.04335,0.025734,5.3
07/12/2019 01:24:00.000000,0.401709,19.95975,0.040725,0.024984,3.32093
07/12/2019 01:25:00.000000,0.636879,20.35125,0.038025,0.026119,4.987179
07/12/2019 01:26:00.000000,0.55536,22.353,0.037875,0.025255,3.859091
07/12/2019 01:27:00.000000,0.377961,19.63575,0.040025,16.702439,6.417073
07/12/2019 01:28:00.000000,0.289303,22.305,0.03895,0.027884,6.138462
07/12/2019 01:29:00.000000,0.31298,,,,
07/12/2019 01:30:00.000000,0.428201,23.997,0.035725,0.050183,3.685714
07/12/2019 01:31:00.000000,0.339074,24.47475,0.033875,26.915385,6.446154
07/12/2019 01:32:00.000000,0.274214,24.936,0.03065,21.141463,6.917073
07/12/2019 01:33:00.000000,0.271143,25.3775,0.0295,21.446154,4.784615
07/12/2019 01:34:00.000000,0.263714,25.4735,0.032075,0.017965,4.148837
07/12/2019 01:35:00.000000,0.241781,25.50375,0.035675,0.018607,5.095122
07/12/2019 01:36:00.000000,0.252004,25.7195,0.03585,0.034947,5.725
07/12/2019 01:37:00.000000,0.323287,25.87975,0.036075,0.020668,5.117073
07/12/2019 01:38:00.000000,0.325764,25.2585,0.0383,13.738636,4.327273
07/12/2019 01:39:00.000000,0.323621,24.5465,0.03655,0.042939,4.37
07/12/2019 01:40:00.000000,0.331094,22.104,0.03295,16.604878,4.234146
07/12/2019 01:41:00.000000,0.346909,22.38825,0.035125,0.007192,3.110811
07/12/2019 01:42:00.000000,0.374,17.481,0.03885,7.9525,3.56
07/12/2019 01:43:00.000000,0.307578,17.46525,0.040225,20.990698,4.537209
07/12/2019 01:44:00.000000,0.288756,17.0095,0.039,36.6,4.7
07/12/2019 01:45:00.000000,0.345053,17.02075,0.03995,0.034518,4.7
07/12/2019 01:46:00.000000,0.482895,16.59775,0.042725,34.852941,6.205882
07/12/2019 01:47:00.000000,0.399744,16.272,0.0418,0.033407,7.466667
07/12/2019 01:48:00.000000,0.330654,16.0,0.0411,0.034304,7.2875
07/12/2019 01:49:00.000000,0.373942,,,,
07/12/2019 01:50:00.000000,0.311652,15.21125,0.042875,10.425581,4.039535
07/12/2019 01:51:00.000000,0.312412,14.934,0.0411,0.016159,4.8
07/12/2019 01:52:00.000000,0.406911,18.34075,0.0368,12.15,4.405
07/12/2019 01:53:00.000000,0.602751,22.98625,0.03625,0.015946,4.783871
07/12/2019 01:54:00.000000,0.529708,10.78925,0.04315,3.513333,3.156667
07/12/2019 01:55:00.000000,0.286192,11.01975,0.0459,18.521212,4.748485
07/12/2019 01:56:00.000000,0.295971,12.57325,0.044533,15.3,4.885714
07/12/2019 01:57:00.000000,0.320929,10.909,0.04505,12.648837,4.9
07/12/2019 01:58:00.000000,0.281412,11.167,0.04475,0.006788,4.042857
07/12/2019 01:59:00.000000,0.270531,11.21375,0.043575,0.021939,4.75
07/12/2019 02:00:00.000000,0.245474,11.30425,0.0449,0.020104,6.761905
07/12/2019 02:01:00.000000,0.318413,11.50925,0.044225,18.876744,4.618605
07/12/2019 02:02:00.000000,0.348189,11.6575,0.043275,0.020659,5.581818
07/12/2019 02:03:00.000000,0.298831,12.061,0.0419,0.033685,5.205
07/12/2019 02:04:00.000000,0.278926,18.80025,0.031325,0.049782,5.020513
07/12/2019 02:05:00.000000,0.303205,40.01025,0.023275,0.025157,4.392105
07/12/2019 02:06:00.000000,0.521321,34.98925,0.022925,0.021298,5.216667
07/12/2019 02:07:00.000000,1.520678,30.9105,0.0255,16.9,5.066667
07/12/2019 02:08:00.000000,1.300573,22.5735,0.0305,21.913514,4.810811
07/12/2019 02:09:00.000000,0.614715,20.34725,0.033425,0.023175,4.365789
07/12/2019 02:10:00.000000,0.418235,19.9665,0.034475,0.045347,3.879545
07/12/2019 02:11:00.000000,0.343114,17.13175,0.0355,0.035412,6.0275
07/12/2019 02:12:00.000000,0.291609,30.107,0.0313,30.636364,4.481818
07/12/2019 02:13:00.000000,0.278821,24.74,0.030475,18.1,5.97
07/12/2019 02:14:00.000000,0.305888,21.34575,0.032225,10.404878,4.25122
07/12/2019 02:15:00.000000,0.320432,19.9145,0.0344,0.01744,6.11
07/12/2019 02:16:00.000000,0.425697,20.19225,0.033275,0.020723,8.03
07/12/2019 02:17:00.000000,0.485152,20.15575,0.0336,0.022386,7.525581
07/12/2019 02:18:00.000000,0.52762,19.88125,0.036025,15.5875,5.785
07/12/2019 02:19:00.000000,0.457538,19.7585,0.035025,25.44,7.32
07/12/2019 02:20:00.000000,0.434697,19.66175,0.03415,0.013325,7.016667
07/12/2019 02:21:00.000000,0.455482,19.277,0.037675,26.128571,4.983333
07/12/2019 02:22:00.000000,0.473832,18.93025,0.03935,0.016374,6.023256
07/12/2019 02:23:00.000000,0.436674,18.85375,0.038675,27.842857,5.014286
07/12/2019 02:24:00.000000,0.425951,19.104,0.03965,18.915,4.545
07/12/2019 02:25:00.000000,0.338807,17.19475,0.04125,22.723077,6.446154
07/12/2019 02:26:00.000000,0.308733,17.643,0.04,0.02149,4.828571
07/12/2019 02:27:00.000000,0.316651,17.39975,0.0388,13.180488,6.821951
07/12/2019 02:28:00.000000,0.304511,17.57225,0.03805,44.470732,6.221951
07/12/2019 02:29:00.000000,0.308324,17.72575,0.037875,23.109302,6.334884
07/12/2019 02:30:00.000000,0.316686,17.872,0.0374,31.558537,8.192683
07/12/2019 02:31:00.000000,0.321131,18.179,0.03695,24.865116,5.402326
07/12/2019 02:32:00.000000,0.356803,18.66475,0.036,23.653846,7.607692
07/12/2019 02:33:00.000000,0.52282,18.9375,0.03685,0.028075,7.134375
07/12/2019 02:34:00.000000,0.523581,24.64925,0.036575,0.03969,5.843243
07/12/2019 02:35:00.000000,0.523471,26.8705,0.032225,0.030449,7.221951
07/12/2019 02:36:00.000000,0.562413,26.09775,0.032175,27.161538,7.415385
07/12/2019 02:37:00.000000,0.543579,24.73625,0.032875,34.415789,6.305263
07/12/2019 02:38:00.000000,0.485109,23.8,0.034475,49.364444,8.977778
07/12/2019 02:39:00.000000,0.440444,23.68975,0.035625,60.934884,6.932558
07/12/2019 02:40:00.000000,0.429537,22.783,0.0391,26.67,6.85
07/12/2019 02:41:00.000000,0.34075,21.7265,0.0409,0.016012,4.757143
07/12/2019 02:42:00.000000,0.296585,20.80725,0.0395,30.67931,5.268966
07/12/2019 02:43:00.000000,0.312248,25.04975,0.03768,0.023348,7.532353
07/12/2019 02:44:00.000000,0.283833,11.08225,0.042533,19.533333,4.393333
07/12/2019 02:45:00.000000,0.245454,10.425,0.04635,0.028298,3.986047
07/12/2019 02:46:00.000000,0.247733,10.13575,0.045975,13.585714,5.242857
07/12/2019 02:47:00.000000,0.241389,8.3375,0.04645,25.076744,7.090698
07/12/2019 02:48:00.000000,0.230341,8.2235,0.047475,20.136585,5.180488
07/12/2019 02:49:00.000000,0.271132,8.576,0.045525,0.02685,5.225
07/12/2019 02:50:00.000000,0.285357,8.88675,0.04415,0.025637,6.566667
07/12/2019 02:51:00.000000,0.229612,9.106,0.04535,16.043902,5.519512
07/12/2019 02:52:00.000000,0.184075,9.213,0.04625,0.026034,4.873171
07/12/2019 02:53:00.000000,0.184306,10.7205,0.046375,25.191667,2.855556
07/12/2019 02:54:00.000000,0.20245,12.809333,0.04595,21.135,2.97
07/12/2019 02:55:00.000000,0.198348,9.5035,0.045875,15.153846,6.046154
07/12/2019 02:56:00.000000,0.188795,11.194,0.0443,0.022691,3.183333
07/12/2019 02:57:00.000000,0.204418,12.51375,0.04415,0.041788,4.94186
07/12/2019 02:58:00.000000,0.203719,12.09525,0.0459,50.42973,6.421622
07/12/2019 02:59:00.000000,0.192902,11.61325,0.04685,43.409091,5.242424
07/12/2019 03:00:00.000000,0.189257,11.21925,0.046925,16.413636,3.472727
07/12/2019 03:01:00.000000,0.19269,10.7605,0.048075,29.461538,3.961538
07/12/2019 03:02:00.000000,0.197555,10.21525,0.049175,55.897778,4.606667
07/12/2019 03:03:00.000000,0.198309,9.63325,0.048725,43.693103,5.762069
07/12/2019 03:04:00.000000,0.198248,9.13425,0.04835,30.11875,5.21875
07/12/2019 03:05:00.000000,0.186952,8.888,0.04885,29.871428,4.95
07/12/2019 03:06:00.000000,0.225809,8.993,0.0485,0.02869,3.442857
07/12/2019 03:07:00.000000,0.278951,9.04625,0.0473,26.071429,3.457143
07/12/2019 03:08:00.000000,0.204472,9.04375,0.04775,0.044999,3.586047
07/12/2019 03:09:00.000000,0.178172,9.0655,0.04815,0.046312,5.092683
07/12/2019 03:10:00.000000,0.181547,9.23275,0.04815,0.038198,4.295
07/12/2019 03:11:00.000000,0.190337,9.426,0.048525,0.025039,5.523256
07/12/2019 03:12:00.000000,0.196405,9.581,0.0479,22.216667,7.257143
07/12/2019 03:13:00.000000,0.201039,10.406,0.04425,0.077188,7.667442
07/12/2019 03:14:00.000000,0.225802,11.27025,0.0439,0.045259,4.963415
07/12/2019 03:15:00.000000,0.262788,11.21775,0.045825,43.902273,7.163636
07/12/2019 03:16:00.000000,0.328109,12.1275,0.044025,35.638889,7.433333
07/12/2019 03:17:00.000000,0.310524,12.4485,0.043025,23.416279,6.797674
07/12/2019 03:18:00.000000,0.321301,12.4765,0.044525,21.959091,7.625
07/12/2019 03:19:00.000000,0.324525,12.0435,0.048425,11.130233,4.702326
07/12/2019 03:20:00.000000,0.224835,11.7435,0.04865,23.3,5.723077
07/12/2019 03:21:00.000000,0.23272,11.8415,0.04535,0.055627,4.881395
07/12/2019 03:22:00.000000,0.279867,12.2165,0.042875,0.066725,4.532558
07/12/2019 03:23:00.000000,0.244715,12.8705,0.04005,0.103034,8.271429
07/12/2019 03:24:00.000000,0.214235,13.71375,0.03755,49.625581,8.397674
07/12/2019 03:25:00.000000,0.249284,14.456,0.035425,46.328571,8.385714
07/12/2019 03:26:00.000000,0.246165,15.044,0.036925,0.052123,8.8125
07/12/2019 03:27:00.000000,0.189353,16.20775,0.037575,63.914286,17.157143
07/12/2019 03:28:00.000000,0.17363,17.10525,0.038225,0.072727,10.285714
07/12/2019 03:29:00.000000,0.170673,17.129,0.040725,,
07/12/2019 03:30:00.000000,0.169726,16.475,0.044925,27.939474,4.394737
07/12/2019 03:31:00.000000,0.14241,15.5105,0.0467,22.303226,7.890323
07/12/2019 03:32:00.000000,0.140301,14.709,0.0432,0.03267,5.771429
07/12/2019 03:33:00.000000,0.15315,14.0125,0.04025,0.042898,6.59
07/12/2019 03:34:00.000000,0.171834,13.85425,0.038025,38.311429,4.857143
07/12/2019 03:35:00.000000,0.17068,13.246,0.03905,0.021111,5.141463
07/12/2019 03:36:00.000000,0.144097,13.0445,0.0394,0.034574,5.52381
07/12/2019 03:37:00.000000,0.139493,12.76775,0.040525,0.025002,4.144118
07/12/2019 03:38:00.000000,0.132938,12.37825,0.045725,4.184615,2.376923
07/12/2019 03:39:00.000000,0.124597,11.976,0.04775,0.015532,2.084615
07/12/2019 03:40:00.000000,0.13133,11.147,0.047375,0.018977,2.27561
07/12/2019 03:41:00.000000,0.141941,10.10675,0.0481,0.02295,2.384615
07/12/2019 03:42:00.000000,0.149789,18.362,0.044425,34.084615,4.419231
07/12/2019 03:43:00.000000,0.248213,16.0115,0.042925,17.633333,2.560606
07/12/2019 03:44:00.000000,0.239993,5.1435,0.0482,0.017234,5.517143
07/12/2019 03:45:00.000000,0.169803,9.3505,0.04685,0.005269,2.860465
07/12/2019 03:46:00.000000,0.161825,6.6985,0.04535,13.159524,4.25
07/12/2019 03:47:00.000000,0.152608,5.6985,0.04765,0.008485,3.6
07/12/2019 03:48:00.000000,0.185796,12.465,0.04595,3.07381,2.814286
07/12/2019 03:49:00.000000,0.218663,6.08275,0.045225,,
07/12/2019 03:50:00.000000,0.177132,3.9675,0.048425,30.9375,3.86
07/12/2019 03:51:00.000000,0.144474,2.76575,0.051625,11.028571,2.642857
07/12/2019 03:52:00.000000,0.131614,2.718667,0.05295,14.3375,3.08
07/12/2019 03:53:00.000000,0.138728,2.7375,0.053,6.086111,3.366667
07/12/2019 03:54:00.000000,0.139144,2.74825,0.05305,0.019064,2.971429
07/12/2019 03:55:00.000000,0.133202,2.82025,0.0522,0.020863,3.416279
07/12/2019 03:56:00.000000,0.144929,3.12025,0.051,0.016885,3.413158
07/12/2019 03:57:00.000000,0.159684,3.22225,0.051325,3.075,2.816667
07/12/2019 03:58:00.000000,0.261875,3.3045,0.051,44.081818,3.059091
07/12/2019 03:59:00.000000,0.298308,3.40225,0.0503,0.052601,4.12
07/12/2019 04:00:00.000000,0.152734,3.39025,0.0507,16.465854,4.043902
07/12/2019 04:01:00.000000,0.125115,3.4005,0.05125,0.005491,1.670588
07/12/2019 04:02:00.000000,0.043835,3.38725,0.05125,19.24878,5.782927
07/12/2019 04:03:00.000000,0.008788,3.2865,0.050475,0.014397,4.66129
07/12/2019 04:04:00.000000,0.002429,3.02725,0.0502,20.60303,3.339394
07/12/2019 04:05:00.000000,0.004594,2.9675,0.0499,0.018163,4.173529
07/12/2019 04:06:00.000000,0.008747,2.829,0.0502,0.028941,5.067857
07/12/2019 04:07:00.000000,0.01081,4.267,0.0508,0.039602,4.170968
07/12/2019 04:08:00.000000,0.005528,4.62,0.04888,0.027229,2.943478
07/12/2019 04:09:00.000000,0.003858,2.6365,0.049025,,
07/12/2019 04:10:00.000000,0.011865,2.8695,0.0502,3.142857,1.528571
07/12/2019 04:11:00.000000,0.005244,2.748,0.050225,26.706061,10.80303
07/12/2019 04:12:00.000000,0.038803,2.8015,0.049675,0.025454,4.73913
07/12/2019 04:13:00.000000,0.097447,2.8505,0.049125,26.4875,4.42
07/12/2019 04:14:00.000000,0.132468,2.81625,0.04955,0.005346,2.526829
07/12/2019 04:15:00.000000,0.1296,2.841,0.05,0.014518,2.531818
07/12/2019 04:16:00.000000,0.126613,2.87475,0.0498,8.614286,4.766667
07/12/2019 04:17:00.000000,0.122531,2.87375,0.05035,0.028705,2.773333
07/12/2019 04:18:00.000000,0.120053,2.851,0.050475,0.014911,2.139474
07/12/2019 04:19:00.000000,0.13298,2.73925,0.051125,2.695122,2.014634
07/12/2019 04:20:00.000000,0.121372,2.61225,0.051475,0.002417,1.915
07/12/2019 04:21:00.000000,0.126202,2.504,0.051725,1.984615,1.982051
07/12/2019 04:22:00.000000,0.125186,2.51075,0.05125,3.684211,3.094737
07/12/2019 04:23:00.000000,0.125002,2.5075,0.050375,0.017138,2.528571
07/12/2019 04:24:00.000000,0.121098,2.537,0.04915,7.542424,2.306061
07/12/2019 04:25:00.000000,0.124449,2.64,0.048725,47.283721,4.623256
07/12/2019 04:26:00.000000,0.126257,2.684,0.049625,0.011133,3.083333
07/12/2019 04:27:00.000000,0.115132,2.78075,0.0507,11.807692,4.730769
07/12/2019 04:28:00.000000,0.110349,2.93675,0.0499,0.007883,2.975
07/12/2019 04:29:00.000000,0.111854,,,,
07/12/2019 04:30:00.000000,0.114924,3.1065,0.04975,9.34878,3.326829
07/12/2019 04:31:00.000000,0.114418,3.17475,0.04945,12.346341,2.887805
07/12/2019 04:32:00.000000,0.123389,3.27225,0.048575,3.384615,2.123077
07/12/2019 04:33:00.000000,0.121322,3.29375,0.0483,4.646341,3.243902
07/12/2019 04:34:00.000000,0.115202,3.585,0.0471,2.984615,2.738462
07/12/2019 04:35:00.000000,0.119577,3.93225,0.046275,0.003757,2.936842
07/12/2019 04:36:00.000000,0.131218,4.46775,0.045575,0.004031,3.169231
07/12/2019 04:37:00.000000,0.139929,4.80975,0.044975,13.487179,3.984615
07/12/2019 04:38:00.000000,0.145538,5.17025,0.045475,4.166667,2.35
07/12/2019 04:39:00.000000,0.17353,5.446,0.04585,7.461905,3.371429
07/12/2019 04:40:00.000000,0.186925,5.66825,0.047025,0.003651,2.567442
07/12/2019 04:41:00.000000,0.187316,5.84275,0.04645,0.014879,2.652273
07/12/2019 04:42:00.000000,0.15705,5.829,0.046325,0.008875,2.7
07/12/2019 04:43:00.000000,0.149837,5.84125,0.045425,2.872727,2.363636
07/12/2019 04:44:00.000000,0.15905,6.3015,0.044,0.002445,1.958537
07/12/2019 04:45:00.000000,0.166039,7.107667,0.041925,0.004869,3.029412
07/12/2019 04:46:00.000000,0.175475,7.9775,0.0398,0.010908,4.476744
07/12/2019 04:47:00.000000,0.206737,7.6195,0.040225,0.003847,2.745
07/12/2019 04:48:00.000000,0.193522,6.92325,0.0429,0.002698,2.142857
07/12/2019 04:49:00.000000,0.19336,,,,
07/12/2019 04:50:00.000000,0.188,5.5925,0.042625,9.002326,3.346512
07/12/2019 04:51:00.000000,0.181481,4.84675,0.04215,0.00351,2.342857
07/12/2019 04:52:00.000000,0.171528,3.4435,0.042525,0.009506,2.71
07/12/2019 04:53:00.000000,0.167845,1.695,0.04055,8.167568,4.475676
07/12/2019 04:54:00.000000,0.170104,0.16175,0.03875,12.225,4.205
07/12/2019 04:55:00.000000,0.193728,-9999.0,0.0381,0.025083,3.187805
07/12/2019 04:56:00.000000,0.219262,-9999.0,0.037825,0.016284,3.5775
07/12/2019 04:57:00.000000,0.225927,1.96225,0.039775,13.345238,3.528571
07/12/2019 04:58:00.000000,0.20406,4.45875,0.04075,15.140909,2.55
07/12/2019 04:59:00.000000,0.185074,1.29325,0.041,0.005558,3.165
07/12/2019 05:00:00.000000,0.188846,1.24,0.03835,0.040399,13.932558
07/12/2019 05:01:00.000000,0.203325,0.822,0.0327,0.062566,20.16
07/12/2019 05:02:00.000000,0.204466,0.66525,0.02985,26.173171,16.958536
07/12/2019 05:03:00.000000,0.206743,0.7975,0.032525,0.021715,12.475
07/12/2019 05:04:00.000000,0.219725,0.96075,0.03395,18.461905,7.857143
07/12/2019 05:05:00.000000,0.327972,1.08375,0.03305,5.591429,4.277143
07/12/2019 05:06:00.000000,0.352774,1.2395,0.033275,7.688095,3.728571
07/12/2019 05:07:00.000000,0.249872,1.4515,0.034975,3.358974,2.551282
07/12/2019 05:08:00.000000,0.201202,1.58125,0.037525,0.014484,3.865217
07/12/2019 05:09:00.000000,0.179691,1.76875,0.03775,0.003726,2.37907
07/12/2019 05:10:00.000000,0.186093,1.8725,0.0378,0.011336,2.61
07/12/2019 05:11:00.000000,0.194166,1.853,0.03775,0.002979,1.836364
07/12/2019 05:12:00.000000,0.188037,1.823,0.0378,3.975,2.3125
07/12/2019 05:13:00.000000,0.182781,1.8135,0.038325,0.004737,2.14
07/12/2019 05:14:00.000000,0.179463,1.71875,0.039125,0.003053,2.185714
07/12/2019 05:15:00.000000,0.181983,1.5225,0.037625,2.3,2.2
07/12/2019 05:16:00.000000,0.188416,2.00125,0.033925,0.00881,2.54
07/12/2019 05:17:00.000000,0.215805,31.4075,0.03105,6.092308,3.035897
07/12/2019 05:18:00.000000,0.201569,63.7235,0.030125,0.013126,5.055
07/12/2019 05:19:00.000000,0.172683,69.2835,0.028475,6.342857,4.628571
07/12/2019 05:20:00.000000,0.173417,70.2205,0.030925,0.006147,3.113333
07/12/2019 05:21:00.000000,0.16841,70.44875,0.034475,0.007452,2.476923
07/12/2019 05:22:00.000000,0.176868,70.34075,0.03345,0.015221,2.484091
07/12/2019 05:23:00.000000,0.205363,70.29025,0.031375,9.1,2.243902
07/12/2019 05:24:00.000000,0.180584,70.29475,0.02785,0.007958,3.142857
07/12/2019 05:25:00.000000,0.18772,70.31675,0.024275,0.029552,3.3
07/12/2019 05:26:00.000000,0.291089,65.64525,0.0254,15.672727,2.868182
07/12/2019 05:27:00.000000,0.237774,9.20375,0.026225,0.017104,2.970732
07/12/2019 05:28:00.000000,0.221628,0.0145,0.026775,0.003732,2.146341
07/12/2019 05:29:00.000000,0.236272,,,,
07/12/2019 05:30:00.000000,0.2084,-9999.0,0.024725,26.733333,4.363889
07/12/2019 05:31:00.000000,0.194016,-9999.0,0.02505,0.009524,2.9
07/12/2019 05:32:00.000000,0.206963,-9999.0,0.027475,11.068182,5.377273
07/12/2019 05:33:00.000000,0.186262,-9999.0,0.026425,10.528571,3.657143
07/12/2019 05:34:00.000000,0.183365,-9999.0,0.026025,0.008243,2.56
07/12/2019 05:35:00.000000,0.187169,-9999.0,0.03075,0.025366,3.59
07/12/2019 05:36:00.000000,0.183293,-9999.0,0.03425,0.012526,4.228571
07/12/2019 05:37:00.000000,0.182621,1.089333,0.036525,0.007517,2.592683
07/12/2019 05:38:00.000000,0.166687,2.0935,0.0376,0.007412,4.092683
07/12/2019 05:39:00.000000,0.158909,3.39175,0.0372,0.002929,2.3
07/12/2019 05:40:00.000000,0.164245,4.6335,0.036375,0.025618,2.51
07/12/2019 05:41:00.000000,0.178678,6.11525,0.0358,8.404651,2.944186
07/12/2019 05:42:00.000000,0.208455,11.5945,0.036125,7.192683,4.141463
07/12/2019 05:43:00.000000,0.248747,9.11875,0.0369,10.448571,3.388571
07/12/2019 05:44:00.000000,0.214925,9.766,0.03675,0.017912,3.716279
07/12/2019 05:45:00.000000,0.180697,9.389,0.03675,0.013649,3.8
07/12/2019 05:46:00.000000,0.19481,9.3585,0.037125,11.185714,2.171429
07/12/2019 05:47:00.000000,0.128281,9.14,0.0384,0.013873,2.325
07/12/2019 05:48:00.000000,0.336642,8.83525,0.039925,0.007728,3.325
07/12/2019 05:49:00.000000,0.753827,8.61875,0.03925,14.795,3.67
07/12/2019 05:50:00.000000,0.946532,8.52825,0.038225,0.013023,4.471429
07/12/2019 05:51:00.000000,1.005534,8.3485,0.03845,6.525926,3.444444
07/12/2019 05:52:00.000000,1.024596,8.16725,0.0386,12.767568,3.986486
07/12/2019 05:53:00.000000,1.030764,8.24325,0.037525,0.010696,2.502273
07/12/2019 05:54:00.000000,1.032731,8.17575,0.037825,2.789474,2.031579
07/12/2019 05:55:00.000000,1.034573,8.15075,0.038725,0.010821,2.0
07/12/2019 05:56:00.000000,0.989205,8.04575,0.040225,7.15122,3.792683
07/12/2019 05:57:00.000000,0.503039,7.927,0.040825,0.016284,3.071429
07/12/2019 05:58:00.000000,0.055287,7.6265,0.0408,7.223077,3.407692
07/12/2019 05:59:00.000000,0.008412,7.456,0.0405,12.453333,3.326667
07/12/2019 06:00:00.000000,0.008495,7.19125,0.04055,0.003712,2.181395
07/12/2019 06:01:00.000000,0.006318,6.63575,0.04275,0.002286,1.829268
07/12/2019 06:02:00.000000,0.00501,7.69125,0.04235,0.002265,1.8
07/12/2019 06:03:00.000000,0.003067,20.519,0.038325,0.005956,2.730769
07/12/2019 06:04:00.000000,0.000479,13.1495,0.0355,11.195349,3.416279
07/12/2019 06:05:00.000000,2.1e-05,10.35375,0.03605,13.485714,3.671429
07/12/2019 06:06:00.000000,-9999.0,8.45375,0.03795,7.442857,2.328571
07/12/2019 06:07:00.000000,0.053611,8.29225,0.038275,0.015781,2.185714
07/12/2019 06:08:00.000000,0.184681,8.34375,0.0376,0.005872,2.367568
07/12/2019 06:09:00.000000,0.202551,,,,
07/12/2019 06:10:00.000000,0.17709,8.317,0.0388,0.0177,3.188372
07/12/2019 06:11:00.000000,0.157425,6.936,0.03105,7.814634,3.470732
07/12/2019 06:12:00.000000,0.198386,10.34475,0.034725,0.010496,3.330769
07/12/2019 06:13:00.000000,0.236075,9.17025,0.0358,8.84,2.97
07/12/2019 06:14:00.000000,0.261386,8.641,0.0361,12.083721,4.448837
07/12/2019 06:15:00.000000,0.269451,8.624,0.03645,7.292683,4.368293
07/12/2019 06:16:00.000000,0.239702,8.499,0.037425,0.009519,4.213953
07/12/2019 06:17:00.000000,0.215137,8.43,0.0379,10.871429,2.571429
07/12/2019 06:18:00.000000,0.210045,8.34375,0.037725,0.008106,3.75122
07/12/2019 06:19:00.000000,0.220603,8.19925,0.03785,8.995238,3.228571
07/12/2019 06:20:00.000000,0.219218,8.00525,0.038325,3.168293,2.246341
07/12/2019 06:21:00.000000,0.2434,7.94025,0.0379,2.265854,2.265854
07/12/2019 06:22:00.000000,0.231805,7.83025,0.037675,6.3,3.216667
07/12/2019 06:23:00.000000,0.204113,7.74875,0.038525,34.583721,19.748837
07/12/2019 06:24:00.000000,0.204404,7.601,0.039875,0.00953,6.137209
07/12/2019 06:25:00.000000,0.183567,7.388,0.040175,0.003843,2.997674
07/12/2019 06:26:00.000000,0.170005,7.27825,0.03965,2.9,2.814634
07/12/2019 06:27:00.000000,0.178352,7.2325,0.039425,0.009635,4.440909
07/12/2019 06:28:00.000000,0.19309,7.30575,0.038825,9.509524,4.7
07/12/2019 06:29:00.000000,0.220009,,,,
07/12/2019 06:30:00.000000,0.210847,7.36675,0.03705,5.852381,3.085714
07/12/2019 06:31:00.000000,0.18457,7.45225,0.037525,0.007823,2.466667
07/12/2019 06:32:00.000000,0.175899,7.60225,0.03815,4.62619,3.171429
07/12/2019 06:33:00.000000,0.172335,7.79525,0.037925,2.506977,2.353488
07/12/2019 06:34:00.000000,0.165251,7.97125,0.036925,0.007257,2.769767
07/12/2019 06:35:00.000000,0.172267,8.19175,0.0356,0.008922,2.985
07/12/2019 06:36:00.000000,0.185298,8.3085,0.03575,0.004205,2.917949
07/12/2019 06:37:00.000000,0.177715,8.3265,0.036325,11.195122,5.290244
07/12/2019 06:38:00.000000,0.173639,8.30025,0.03665,11.366667,3.557143
07/12/2019 06:39:00.000000,0.17683,10.83675,0.03505,6.3875,3.37
07/12/2019 06:40:00.000000,0.192424,8.02825,0.036175,0.009664,3.143902
07/12/2019 06:41:00.000000,0.171008,7.93725,0.03735,6.655,3.44
07/12/2019 06:42:00.000000,0.156319,8.24,0.03575,10.92439,3.329268
07/12/2019 06:43:00.000000,0.178575,8.43525,0.0349,0.018659,3.3
07/12/2019 06:44:00.000000,0.207385,8.554,0.035825,4.272727,2.609091
07/12/2019 06:45:00.000000,0.197265,8.6465,0.035675,5.083333,3.471429
07/12/2019 06:46:00.000000,0.185125,8.6525,0.03695,7.485714,3.1
07/12/2019 06:47:00.000000,0.175461,8.72575,0.046625,18.264865,5.345946
07/12/2019 06:48:00.000000,0.175232,9.0125,0.056525,0.017446,4.677273
07/12/2019 06:49:00.000000,0.189123,,,,
07/12/2019 06:50:00.000000,0.198084,9.911,0.05895,0.023774,5.192308
07/12/2019 06:51:00.000000,0.197678,10.2145,0.05955,21.016279,3.451163
07/12/2019 06:52:00.000000,0.182242,10.516,0.059375,14.363158,3.621053
07/12/2019 06:53:00.000000,0.186345,11.12,0.059525,0.019659,5.157143
07/12/2019 06:54:00.000000,0.189129,12.1605,0.0598,13.382927,4.653659
07/12/2019 06:55:00.000000,0.189694,13.079,0.0598,21.153659,3.902439
07/12/2019 06:56:00.000000,0.193745,13.91375,0.0596,0.02273,5.631915
07/12/2019 06:57:00.000000,0.193127,14.61225,0.0012,0.013015,4.795
07/12/2019 06:58:00.000000,0.194471,14.93925,-9999.0,0.009506,4.3375
07/12/2019 06:59:00.000000,0.201581,15.14,-9999.0,0.022834,4.966667
07/12/2019 07:00:00.000000,0.203668,15.34175,-9999.0,0.017298,5.788372
07/12/2019 07:01:00.000000,0.205988,15.2755,-9999.0,13.552381,3.257143
07/12/2019 07:02:00.000000,0.212345,14.9615,-9999.0,0.022792,4.7975
07/12/2019 07:03:00.000000,0.22262,14.5185,-9999.0,0.025957,6.39
07/12/2019 07:04:00.000000,0.214864,13.88475,-9999.0,48.033333,4.114286
07/12/2019 07:05:00.000000,0.198287,13.08975,-9999.0,25.814286,3.528571
07/12/2019 07:06:00.000000,0.187777,12.5375,-9999.0,15.125,5.03
07/12/2019 07:07:00.000000,0.180654,12.0575,-9999.0,10.378947,4.794737
07/12/2019 07:08:00.000000,0.176047,11.33725,-9999.0,11.492683,4.358537
07/12/2019 07:09:00.000000,0.161618,,,,
07/12/2019 07:10:00.000000,0.157158,9.499,-9999.0,0.020186,3.756818
07/12/2019 07:11:00.000000,0.170346,8.64875,-9999.0,23.071429,5.1
07/12/2019 07:12:00.000000,0.165964,7.95225,-9999.0,6.583333,3.519048
07/12/2019 07:13:00.000000,0.175396,7.36125,-9999.0,0.003766,3.015385
07/12/2019 07:14:00.000000,0.190643,6.747,-9999.0,0.003297,2.666667
07/12/2019 07:15:00.000000,0.167691,6.41275,7.5e-05,0.007501,3.705
07/12/2019 07:16:00.000000,0.153622,6.29275,-9999.0,0.010411,3.217073
07/12/2019 07:17:00.000000,0.150758,6.2115,0.040975,0.014543,3.614286
07/12/2019 07:18:00.000000,0.149695,6.219,0.0389,8.45814,3.951163
07/12/2019 07:19:00.000000,0.153995,6.2955,0.036775,0.017464,5.457143
07/12/2019 07:20:00.000000,0.169799,6.46925,0.034875,15.277273,5.009091
07/12/2019 07:21:00.000000,0.228485,6.7075,0.033625,16.275,3.795
07/12/2019 07:22:00.000000,0.290821,7.13175,0.0329,0.014908,3.002439
07/12/2019 07:23:00.000000,0.20412,7.34725,0.03305,9.919512,4.480488
07/12/2019 07:24:00.000000,0.295644,7.641,0.03345,0.010651,4.197674
07/12/2019 07:25:00.000000,0.372765,7.98675,0.03355,0.010389,4.533333
07/12/2019 07:26:00.000000,0.194613,8.2075,0.033675,0.024359,3.1975
07/12/2019 07:27:00.000000,0.145414,8.498,0.0336,0.015316,4.957143
07/12/2019 07:28:00.000000,0.147171,8.90775,0.032625,18.72381,6.157143
07/12/2019 07:29:00.000000,0.154395,,,,
07/12/2019 07:30:00.000000,0.19425,9.457,0.03155,0.014534,4.88
07/12/2019 07:31:00.000000,0.209259,9.78,0.0322,9.763636,5.781818
07/12/2019 07:32:00.000000,0.168243,10.008,0.032,0.012315,5.826087
07/12/2019 07:33:00.000000,0.156811,10.2385,0.03175,0.014149,3.828571
07/12/2019 07:34:00.000000,0.157012,10.49675,0.031875,21.272727,4.709091
07/12/2019 07:35:00.000000,0.154761,10.597,0.032525,0.014232,4.647727
07/12/2019 07:36:00.000000,0.155272,10.46325,0.032475,24.528571,4.016667
07/12/2019 07:37:00.000000,0.148584,10.17825,0.0326,0.035966,5.485714
07/12/2019 07:38:00.000000,0.141596,10.13125,0.032575,0.016274,3.706667
07/12/2019 07:39:00.000000,0.172375,11.138,0.032675,0.017879,4.6
07/12/2019 07:40:00.000000,0.230843,8.2155,0.034025,0.032653,4.205
07/12/2019 07:41:00.000000,0.176987,7.06775,0.03515,0.022671,4.186364
07/12/2019 07:42:00.000000,0.14218,6.09275,0.0361,0.010617,3.514286
07/12/2019 07:43:00.000000,0.131481,6.19925,0.036025,0.029235,4.437838
07/12/2019 07:44:00.000000,0.131983,6.29175,0.0356,0.005626,2.815
07/12/2019 07:45:00.000000,0.132529,6.421,0.035075,0.01367,3.509091
07/12/2019 07:46:00.000000,0.140703,7.39825,0.03455,0.017379,4.639024
07/12/2019 07:47:00.000000,0.137748,8.203,0.033325,0.021296,3.860976
07/12/2019 07:48:00.000000,0.140869,8.7015,0.033525,18.414286,3.014286
07/12/2019 07:49:00.000000,0.143608,,,,
07/12/2019 07:50:00.000000,0.1361,5.49625,0.035875,0.018959,4.528571
07/12/2019 07:51:00.000000,0.130184,5.567,0.0363,0.011477,5.257143
07/12/2019 07:52:00.000000,0.141543,5.652,0.036175,0.011082,5.235
07/12/2019 07:53:00.000000,0.15994,5.6775,0.0365,0.007107,3.507692
07/12/2019 07:54:00.000000,0.142134,5.61925,0.036825,0.015098,6.046512
07/12/2019 07:55:00.000000,0.134977,5.64,0.03685,14.982927,3.790244
07/12/2019 07:56:00.000000,0.185292,5.68675,0.036525,21.690909,4.627273
07/12/2019 07:57:00.000000,0.170793,5.783,0.0355,5.088372,2.639535
07/12/2019 07:58:00.000000,0.158518,5.843,0.035025,19.0,4.2125
07/12/2019 07:59:00.000000,0.161237,5.88775,0.0356,0.010239,4.328571
07/12/2019 08:00:00.000000,0.150374,5.891,0.03545,0.008741,3.290909
07/12/2019 08:01:00.000000,0.137258,5.896333,0.0356,0.020187,3.676471
07/12/2019 08:02:00.000000,0.129522,5.95575,0.0361,0.005827,2.621053
07/12/2019 08:03:00.000000,0.122892,5.92775,0.0368,2.1125,2.1125
07/12/2019 08:04:00.000000,0.116828,5.84725,0.037225,0.01334,3.828571
07/12/2019 08:05:00.000000,0.116256,5.787,0.036575,0.011425,3.67561
07/12/2019 08:06:00.000000,0.123185,5.646,0.0372,7.671429,3.42
07/12/2019 08:07:00.000000,0.12286,5.4165,0.0384,0.006368,2.75
07/12/2019 08:08:00.000000,0.117976,5.2935,0.037675,2.788889,2.522222
07/12/2019 08:09:00.000000,0.118694,5.20775,0.0374,0.011467,3.245714
07/12/2019 08:10:00.000000,0.121245,5.15225,0.037075,3.863636,2.854545
07/12/2019 08:11:00.000000,0.12535,5.15975,0.036775,0.006805,3.731034
07/12/2019 08:12:00.000000,0.12184,5.1875,0.037225,0.008678,2.677419
07/12/2019 08:13:00.000000,0.114736,5.15825,0.037575,4.2,3.148649
07/12/2019 08:14:00.000000,0.117104,5.11475,0.037525,7.1,2.871429
07/12/2019 08:15:00.000000,0.124592,5.22175,0.0365,6.371875,3.26875
07/12/2019 08:16:00.000000,0.159246,5.327,0.035625,14.25,3.11875
07/12/2019 08:17:00.000000,0.169869,5.4325,0.0359,0.021782,3.667568
07/12/2019 08:18:00.000000,0.163616,8.4005,0.03395,0.008043,2.815385
07/12/2019 08:19:00.000000,0.172808,6.2165,0.034775,0.002827,2.225
07/12/2019 08:20:00.000000,0.153077,5.1615,0.037125,4.39375,3.128125
07/12/2019 08:21:00.000000,0.132331,5.3845,0.037125,4.342857,2.766667
07/12/2019 08:22:00.000000,0.126109,5.42375,0.0362,2.495,2.135
07/12/2019 08:23:00.000000,0.138734,5.411,0.035875,0.0159,2.45
07/12/2019 08:24:00.000000,0.152624,5.45675,0.035625,0.006214,2.6
07/12/2019 08:25:00.000000,0.199589,10.26025,0.031475,10.0,3.016667
07/12/2019 08:26:00.000000,0.189624,14.70975,0.028525,0.013842,4.031034
07/12/2019 08:27:00.000000,0.157418,12.1875,0.028675,0.010725,2.892857
07/12/2019 08:28:00.000000,0.136378,8.76375,0.03075,5.814706,2.8
07/12/2019 08:29:00.000000,0.127325,5.2475,0.03555,10.375,3.675
07/12/2019 08:30:00.000000,0.114233,5.21475,0.03695,0.011244,3.189474
07/12/2019 08:31:00.000000,0.113566,5.13625,0.0376,0.003866,2.238095
07/12/2019 08:32:00.000000,0.113977,5.00575,0.03795,0.004365,2.62439
07/12/2019 08:33:00.000000,0.112099,4.98325,0.03695,0.011078,3.714286
07/12/2019 08:34:00.000000,0.11755,5.17525,0.03535,0.007046,3.685714
07/12/2019 08:35:00.000000,0.120774,5.36125,0.034675,0.026042,2.964103
07/12/2019 08:36:00.000000,0.130809,5.51775,0.03505,0.012699,2.961905
07/12/2019 08:37:00.000000,0.13606,7.115,0.028,11.8625,4.615
07/12/2019 08:38:00.000000,0.1371,11.11925,0.032975,6.757778,3.717778
07/12/2019 08:39:00.000000,0.143381,7.2515,0.034475,0.0069,2.911364
07/12/2019 08:40:00.000000,0.149109,7.24875,0.03445,5.076923,3.225
07/12/2019 08:41:00.000000,0.143857,7.91025,0.033775,0.006651,3.3
07/12/2019 08:42:00.000000,0.151597,7.93975,0.033775,7.307317,3.54878
07/12/2019 08:43:00.000000,0.161391,7.561,0.0341,3.571429,2.814286
07/12/2019 08:44:00.000000,0.155847,12.35,0.031275,15.502703,5.02973
07/12/2019 08:45:00.000000,0.151476,13.5445,0.029225,15.9875,4.99
07/12/2019 08:46:00.000000,0.146343,9.5715,0.0315,10.671429,3.564286
07/12/2019 08:47:00.000000,0.143369,6.613,0.0347,0.004635,2.711628
07/12/2019 08:48:00.000000,0.142148,6.89275,0.035275,0.002827,2.258537
07/12/2019 08:49:00.000000,0.139331,6.907,0.035125,0.009498,4.547619
07/12/2019 08:50:00.000000,0.139216,6.7515,0.0355,3.431707,2.965854
07/12/2019 08:51:00.000000,0.131811,6.5615,0.0361,0.002741,2.175
07/12/2019 08:52:00.000000,0.120258,6.307,0.037025,0.017457,3.128571
07/12/2019 08:53:00.000000,0.116839,6.092,0.03645,6.915909,2.695455
07/12/2019 08:54:00.000000,0.116104,5.8615,0.035325,0.006061,2.6
07/12/2019 08:55:00.000000,0.115561,5.63425,0.03485,3.558537,2.857143
07/12/2019 08:56:00.000000,0.113376,5.40075,0.034925,0.014094,2.985714
07/12/2019 08:57:00.000000,0.119009,5.32625,0.0355,0.00631,3.0
07/12/2019 08:58:00.000000,0.124341,5.33025,0.035825,0.002906,2.238462
07/12/2019 08:59:00.000000,0.119444,5.31475,0.0362,5.852632,3.784211
07/12/2019 09:00:00.000000,0.119945,5.2845,0.036975,0.004234,2.424138
07/12/2019 09:01:00.000000,0.113739,5.19375,0.037625,2.215385,2.217949
07/12/2019 09:02:00.000000,0.112338,5.11475,0.037475,0.009133,2.8125
07/12/2019 09:03:00.000000,0.113884,5.0275,0.037,10.775,2.475
07/12/2019 09:04:00.000000,0.111218,4.9055,0.03745,0.010524,3.1425
07/12/2019 09:05:00.000000,0.120522,4.762,0.037225,20.578049,3.641463
07/12/2019 09:06:00.000000,0.13083,4.683,0.03625,7.655,2.51
07/12/2019 09:07:00.000000,0.126687,4.74275,0.035325,0.008739,2.555
07/12/2019 09:08:00.000000,0.13445,4.8765,0.034775,15.873684,3.105263
07/12/2019 09:09:00.000000,0.158735,4.95775,0.035525,6.2125,2.86
07/12/2019 09:10:00.000000,0.14741,4.90825,0.0375,7.968421,2.547368
07/12/2019 09:11:00.000000,0.12806,4.8775,0.03855,10.73125,3.275
07/12/2019 09:12:00.000000,0.122813,4.859,0.0378,0.010711,5.475676
07/12/2019 09:13:00.000000,0.122399,4.82025,0.0379,7.052632,3.578947
07/12/2019 09:14:00.000000,0.120632,4.67175,0.0381,3.3,2.785366
07/12/2019 09:15:00.000000,0.120842,4.44075,0.0382,29.05,2.527778
07/12/2019 09:16:00.000000,0.114631,4.14325,0.038925,0.01363,2.776923
07/12/2019 09:17:00.000000,0.107564,3.9845,0.0387,2.78,2.508571
07/12/2019 09:18:00.000000,0.107658,3.9535,0.038075,0.005487,3.567647
07/12/2019 09:19:00.000000,0.110565,3.9555,0.0373,0.007721,3.254545
07/12/2019 09:20:00.000000,0.116907,3.96225,0.03785,0.020431,2.605
07/12/2019 09:21:00.000000,0.114571,4.052,0.037975,0.0122,3.069767
07/12/2019 09:22:00.000000,0.107275,4.149,0.037875,0.005632,2.509091
07/12/2019 09:23:00.000000,0.106915,4.18725,0.037725,0.012315,2.826829
07/12/2019 09:24:00.000000,0.111298,4.35475,0.037675,7.839024,4.060976
07/12/2019 09:25:00.000000,0.110772,4.52125,0.037725,0.003627,2.763415
07/12/2019 09:26:00.000000,0.108461,4.514,0.038075,13.483784,3.337838
07/12/2019 09:27:00.000000,0.105783,4.56675,0.036725,0.030844,4.277273
07/12/2019 09:28:00.000000,0.116991,4.608,0.0371,5.84186,2.390698
07/12/2019 09:29:00.000000,0.117204,4.4485,0.038525,,
07/12/2019 09:30:00.000000,0.113767,4.3875,0.038425,0.012419,4.19
07/12/2019 09:31:00.000000,0.110144,4.46125,0.037675,13.913953,3.730233
07/12/2019 09:32:00.000000,0.114759,4.43,0.03725,0.004022,2.41
07/12/2019 09:33:00.000000,0.114148,4.35675,0.0371,0.014403,2.974419
07/12/2019 09:34:00.000000,0.114887,4.585,0.0371,10.6,4.385714
07/12/2019 09:35:00.000000,0.113639,4.94925,0.036175,0.031592,3.917073
07/12/2019 09:36:00.000000,0.115797,5.10625,0.0357,7.85,3.428571
07/12/2019 09:37:00.000000,0.120247,5.2525,0.037625,0.011853,2.546341
07/12/2019 09:38:00.000000,0.120057,5.31625,0.037933,0.015859,2.653333
07/12/2019 09:39:00.000000,0.118702,5.38,0.036975,10.676744,2.867442
07/12/2019 09:40:00.000000,0.122186,5.43325,0.0365,0.012371,2.9
07/12/2019 09:41:00.000000,0.125497,5.510667,0.03605,6.615789,3.236842
07/12/2019 09:42:00.000000,0.12625,5.5565,0.0355,2.869231,2.453846
07/12/2019 09:43:00.000000,0.133088,5.29325,0.0358,2.384615,2.382051
07/12/2019 09:44:00.000000,0.129623,5.2205,0.036225,0.004017,3.076923
07/12/2019 09:45:00.000000,0.123261,5.23875,0.0368,14.995122,3.029268
07/12/2019 09:46:00.000000,0.113973,5.256,0.036625,0.029507,4.833333
07/12/2019 09:47:00.000000,0.111265,5.20075,0.037075,11.614286,3.4
07/12/2019 09:48:00.000000,0.10818,5.14975,0.03695,7.792683,3.017073
07/12/2019 09:49:00.000000,0.109268,5.056,0.036875,0.007628,4.028571
07/12/2019 09:50:00.000000,0.1083,4.912,0.03735,4.1625,3.52
07/12/2019 09:51:00.000000,0.107722,4.852,0.0375,0.006798,2.969767
07/12/2019 09:52:00.000000,0.11338,4.733,0.03685,8.206897,2.513793
07/12/2019 09:53:00.000000,0.110427,4.71025,0.0368,6.076667,3.08
07/12/2019 09:54:00.000000,0.108638,4.708,0.037525,0.008158,3.014634
07/12/2019 09:55:00.000000,0.108989,4.73275,0.037375,6.425,4.275
07/12/2019 09:56:00.000000,0.109681,4.677,0.0374,0.003747,2.976923
07/12/2019 09:57:00.000000,0.108704,4.95,0.03515,0.02411,2.7
07/12/2019 09:58:00.000000,0.119352,5.15225,0.03505,15.719512,2.443902
07/12/2019 09:59:00.000000,0.121785,5.10875,0.0368,0.009878,2.828571
07/12/2019 10:00:00.000000,0.113542,5.09925,0.0373,0.008966,3.416279
07/12/2019 10:01:00.000000,0.110939,5.0255,0.0376,28.346341,2.421951
07/12/2019 10:02:00.000000,0.03782,4.983,0.03775,6.283721,2.032558
07/12/2019 10:03:00.000000,0.010387,5.08825,0.0369,15.6,4.671429
07/12/2019 10:04:00.000000,0.003893,5.302,0.036075,0.009287,3.402632
07/12/2019 10:05:00.000000,0.007292,5.11875,0.035875,0.014967,3.185366
07/12/2019 10:06:00.000000,0.00716,5.15375,0.034875,0.008375,3.54
07/12/2019 10:07:00.000000,0.010613,5.30375,0.034975,9.892857,3.085714
07/12/2019 10:08:00.000000,0.006714,5.27425,0.0367,4.844186,2.569767
07/12/2019 10:09:00.000000,0.005884,,,,
07/12/2019 10:10:00.000000,0.008409,5.1335,0.03795,0.012376,3.404545
07/12/2019 10:11:00.000000,0.007167,4.8575,0.037625,6.6,3.2
07/12/2019 10:12:00.000000,0.025862,4.65025,0.038275,0.025188,2.857143
07/12/2019 10:13:00.000000,0.07156,4.519,0.03785,0.009235,2.885366
07/12/2019 10:14:00.000000,0.12522,4.38675,0.036325,0.009329,2.73
07/12/2019 10:15:00.000000,0.181885,4.2545,0.036925,5.25,2.615
07/12/2019 10:16:00.000000,0.126552,4.24225,0.038375,0.029085,4.485714
07/12/2019 10:17:00.000000,0.095119,4.29025,0.038625,0.021788,3.257143
07/12/2019 10:18:00.000000,0.089892,4.39725,0.038125,0.009598,2.916216
07/12/2019 10:19:00.000000,0.08796,4.4195,0.0385,0.006426,2.642857
07/12/2019 10:20:00.000000,0.090788,4.39625,0.039,0.008271,2.852273
07/12/2019 10:21:00.000000,0.091504,4.24825,0.0386,13.705263,2.815789
07/12/2019 10:22:00.000000,0.090732,4.02775,0.038625,0.004519,2.627907
07/12/2019 10:23:00.000000,0.091257,3.94225,0.03875,0.006655,3.197561
07/12/2019 10:24:00.000000,0.092311,3.91025,0.03855,0.013807,3.384615
07/12/2019 10:25:00.000000,0.096745,3.91,0.038525,0.008386,3.147727
07/12/2019 10:26:00.000000,0.098887,3.8315,0.038175,9.569767,2.927907
07/12/2019 10:27:00.000000,0.100077,3.85975,0.0379,4.7,2.557143
07/12/2019 10:28:00.000000,0.098507,3.89075,0.037725,0.015506,3.016279
07/12/2019 10:29:00.000000,0.096313,,,,
07/12/2019 10:30:00.000000,0.090557,4.032,0.0374,0.04596,2.931579
07/12/2019 10:31:00.000000,0.098051,4.155,0.0362,12.420513,3.966667
07/12/2019 10:32:00.000000,0.111982,4.243,0.03665,0.011671,2.84
07/12/2019 10:33:00.000000,0.110458,4.28625,0.0374,0.004664,2.514286
07/12/2019 10:34:00.000000,0.107683,4.30725,0.0377,0.013682,3.092308
07/12/2019 10:35:00.000000,0.101383,4.29025,0.037625,7.060976,3.117073
07/12/2019 10:36:00.000000,0.101979,4.28025,0.0378,0.003193,2.067442
07/12/2019 10:37:00.000000,0.102351,4.28225,0.03805,0.01107,2.825
07/12/2019 10:38:00.000000,0.102317,4.2495,0.038075,0.016128,3.5
07/12/2019 10:39:00.000000,0.097671,4.20175,0.0375,0.017103,6.821739
07/12/2019 10:40:00.000000,0.10399,4.182,0.037275,0.010324,3.971429
07/12/2019 10:41:00.000000,0.106626,4.1825,0.037725,7.685714,4.954286
07/12/2019 10:42:00.000000,0.114177,4.18375,0.0377,0.01134,3.147368
07/12/2019 10:43:00.000000,0.108406,4.2355,0.037075,0.010759,4.165854
07/12/2019 10:44:00.000000,0.103324,4.343,0.0363,0.00767,3.195349
07/12/2019 10:45:00.000000,0.106342,4.487,0.035925,0.012687,3.685714
07/12/2019 10:46:00.000000,0.11298,4.60325,0.035675,0.005618,3.195455
07/12/2019 10:47:00.000000,0.115004,4.729,0.035975,2.61875,2.615625
07/12/2019 10:48:00.000000,0.109832,4.81075,0.036425,0.016574,5.908108
07/12/2019 10:49:00.000000,0.112802,,,,
07/12/2019 10:50:00.000000,0.111781,4.9755,0.03665,16.323077,3.594872
07/12/2019 10:51:00.000000,0.110085,5.03825,0.036375,25.972093,3.025581
07/12/2019 10:52:00.000000,0.108728,5.03625,0.03585,0.023985,2.9
07/12/2019 10:53:00.000000,0.104571,5.126,0.034825,10.989474,2.986842
07/12/2019 10:54:00.000000,0.111633,5.1475,0.035075,0.009267,4.285714
07/12/2019 10:55:00.000000,0.114501,5.09475,0.03625,5.932258,4.016129
07/12/2019 10:56:00.000000,0.106659,5.0555,0.036175,2.997561,2.719512
07/12/2019 10:57:00.000000,0.10106,5.051,0.036,0.018139,4.814286
07/12/2019 10:58:00.000000,0.099603,5.03075,0.036275,0.005701,2.507895
07/12/2019 10:59:00.000000,0.099298,5.05925,0.035975,0.007173,3.509756
07/12/2019 11:00:00.000000,0.107087,5.26775,0.035075,0.00881,2.690244
07/12/2019 11:01:00.000000,0.117344,5.25525,0.035425,8.9,2.665
07/12/2019 11:02:00.000000,0.104545,5.3555,0.03585,18.665116,2.95814
07/12/2019 11:03:00.000000,0.104496,5.4705,0.035725,0.011537,3.257143
07/12/2019 11:04:00.000000,0.119612,5.70925,0.0344,12.505128,4.694872
07/12/2019 11:05:00.000000,0.11329,5.9825,0.0341,14.226316,3.047368
07/12/2019 11:06:00.000000,0.104326,6.30575,0.03415,38.985366,5.517073
07/12/2019 11:07:00.000000,0.099673,6.50225,0.034125,0.03296,3.166667
07/12/2019 11:08:00.000000,0.103752,6.5005,0.034375,6.895122,3.197561
07/12/2019 11:09:00.000000,0.108658,6.56475,0.034575,,
07/12/2019 11:10:00.000000,0.105979,6.5745,0.03465,13.414634,3.070732
07/12/2019 11:11:00.000000,0.103031,13.4455,0.0343,0.042029,4.12
07/12/2019 11:12:00.000000,0.097995,8.66675,0.0342,0.007153,2.94
07/12/2019 11:13:00.000000,0.096118,5.332,0.035125,0.005642,2.870732
07/12/2019 11:14:00.000000,0.100944,5.453,0.0356,0.003354,2.39
07/12/2019 11:15:00.000000,0.100642,5.4295,0.03535,2.214286,2.214286
07/12/2019 11:16:00.000000,0.096877,5.38725,0.03555,23.968293,2.780488
07/12/2019 11:17:00.000000,0.101832,5.30575,0.03625,0.016811,2.57619
07/12/2019 11:18:00.000000,0.098436,5.32825,0.0351,9.313333,3.175556
07/12/2019 11:19:00.000000,0.106371,5.321,0.0351,0.009441,4.394737
07/12/2019 11:20:00.000000,0.105133,5.19125,0.0363,0.017039,2.885714
07/12/2019 11:21:00.000000,0.10236,4.98425,0.0372,0.01325,3.35
07/12/2019 11:22:00.000000,0.097799,4.7615,0.037575,0.030497,4.337209
07/12/2019 11:23:00.000000,0.101436,4.54925,0.037175,0.01677,5.095
07/12/2019 11:24:00.000000,0.102425,4.50225,0.0369,0.023954,3.213636
07/12/2019 11:25:00.000000,0.137461,4.4895,0.036375,0.024016,3.904651
07/12/2019 11:26:00.000000,0.142633,4.38225,0.036425,5.133333,3.171111
07/12/2019 11:27:00.000000,0.113571,4.26275,0.03675,4.261765,3.0
07/12/2019 11:28:00.000000,0.105786,4.27,0.03655,22.111628,3.688372
07/12/2019 11:29:00.000000,0.105773,4.381,0.03645,0.008074,2.966667
07/12/2019 11:30:00.000000,0.108481,4.43925,0.036675,7.541463,3.056098
07/12/2019 11:31:00.000000,0.113348,4.483,0.037,4.017073,3.265854
07/12/2019 11:32:00.000000,0.123922,4.47175,0.037075,4.144444,3.131111
07/12/2019 11:33:00.000000,0.127725,4.4605,0.036775,8.271875,4.940625
07/12/2019 11:34:00.000000,0.108504,4.458,0.037,3.915385,3.307692
07/12/2019 11:35:00.000000,0.162753,4.50275,0.0375,0.009441,4.317647
07/12/2019 11:36:00.000000,0.25801,4.511,0.0375,0.005611,3.204878
07/12/2019 11:37:00.000000,0.158884,4.6,0.037125,0.008716,4.280488
07/12/2019 11:38:00.000000,0.117466,4.663,0.037325,0.00646,3.560976
07/12/2019 11:39:00.000000,0.109914,4.6945,0.0372,0.013085,4.609091
07/12/2019 11:40:00.000000,0.114192,4.66,0.0377,7.2,2.7875
07/12/2019 11:41:00.000000,0.110721,4.6235,0.03785,0.006045,3.021053
07/12/2019 11:42:00.000000,0.108066,4.65675,0.037575,0.015838,5.353333
07/12/2019 11:43:00.000000,0.109113,4.675,0.0374,0.004337,2.908511
07/12/2019 11:44:00.000000,0.113659,4.76325,0.036725,0.003106,2.413953
07/12/2019 11:45:00.000000,0.121825,4.86725,0.03605,0.008178,3.257143
07/12/2019 11:46:00.000000,0.112898,5.1755,0.0355,3.453333,2.76
07/12/2019 11:47:00.000000,0.117682,5.74575,0.03465,0.009027,3.863158
07/12/2019 11:48:00.000000,0.127982,5.99425,0.035625,0.009441,3.811538
07/12/2019 11:49:00.000000,0.122779,6.249,0.036,19.4,3.2
07/12/2019 11:50:00.000000,0.126678,6.51175,0.034875,0.009917,2.93
07/12/2019 11:51:00.000000,0.149224,6.7575,0.03495,7.068421,3.068421
07/12/2019 11:52:00.000000,0.136805,6.8675,0.0357,9.176923,3.015385
07/12/2019 11:53:00.000000,0.151998,6.98075,0.035725,0.007557,3.338462
07/12/2019 11:54:00.000000,0.205619,6.92225,0.036125,0.008468,4.781818
07/12/2019 11:55:00.000000,0.165631,6.627,0.0359,0.003923,3.063158
07/12/2019 11:56:00.000000,0.135283,6.67025,0.0349,0.003934,3.121053
07/12/2019 11:57:00.000000,0.136583,8.42625,0.03425,8.66,4.213333
07/12/2019 11:58:00.000000,0.166741,9.52875,0.03395,0.005994,3.190909
07/12/2019 11:59:00.000000,0.174374,6.70325,0.034725,11.6,3.085366
07/12/2019 12:00:00.000000,0.146142,7.485,0.0347,0.008592,3.266667
07/12/2019 12:01:00.000000,0.137845,6.93025,0.03505,0.012195,4.409756
07/12/2019 12:02:00.000000,0.130877,6.88125,0.03535,0.003934,2.8
07/12/2019 12:03:00.000000,0.132009,6.90275,0.035025,0.012671,3.622727
07/12/2019 12:04:00.000000,0.148292,7.11225,0.033875,0.013654,4.644444
07/12/2019 12:05:00.000000,0.172694,7.43675,0.03285,0.011843,4.543902
07/12/2019 12:06:00.000000,0.186286,7.6475,0.032575,0.020445,4.669231
07/12/2019 12:07:00.000000,0.164264,7.73725,0.03325,20.260976,3.760976
07/12/2019 12:08:00.000000,0.148759,7.9575,0.033275,0.011594,4.453659
07/12/2019 12:09:00.000000,0.148073,8.345,0.032275,3.8,3.142857
07/12/2019 12:10:00.000000,0.148213,8.7635,0.0316,10.988372,4.223256
07/12/2019 12:11:00.000000,0.162171,15.97275,0.0271,8.654348,4.923913
07/12/2019 12:12:00.000000,0.212987,15.15125,0.025675,0.011304,6.97907
07/12/2019 12:13:00.000000,0.231337,10.919,0.028725,0.023271,4.632558
07/12/2019 12:14:00.000000,0.205058,11.985,0.02845,16.087805,5.395122
07/12/2019 12:15:00.000000,0.242744,14.47,0.02485,0.022795,4.660976
07/12/2019 12:16:00.000000,0.309978,22.76,0.01915,0.010693,3.745946
07/12/2019 12:17:00.000000,0.303147,22.4895,0.01935,0.015486,3.6
07/12/2019 12:18:00.000000,0.288541,16.34825,0.02455,0.099834,4.632558
07/12/2019 12:19:00.000000,0.215187,13.0415,0.0276,0.034006,4.458537
07/12/2019 12:20:00.000000,0.176779,13.20375,0.0279,23.209091,4.4
07/12/2019 12:21:00.000000,0.169025,13.99775,0.027175,0.014379,3.195349
07/12/2019 12:22:00.000000,0.193474,14.084,0.026625,0.01236,4.353846
07/12/2019 12:23:00.000000,0.209831,14.129,0.0263,0.004555,3.325
07/12/2019 12:24:00.000000,0.205561,14.22325,0.026775,17.151163,4.906977
07/12/2019 12:25:00.000000,0.209738,14.28375,0.026125,0.015176,4.527273
07/12/2019 12:26:00.000000,0.22019,14.2575,0.026125,9.628571,4.057143
07/12/2019 12:27:00.000000,0.231533,16.759,0.0263,0.010186,3.917073
07/12/2019 12:28:00.000000,0.22744,17.1415,0.02565,9.146154,4.407692
07/12/2019 12:29:00.000000,0.217958,13.243,0.026675,0.026845,8.990909
07/12/2019 12:30:00.000000,0.200909,13.394,0.027075,0.019912,5.976923
07/12/2019 12:31:00.000000,0.221563,14.2135,0.027125,0.013796,4.528571
07/12/2019 12:32:00.000000,0.232154,13.17575,0.0255,13.407692,6.938462
07/12/2019 12:33:00.000000,0.248717,17.922,0.0227,0.013316,5.707692
07/12/2019 12:34:00.000000,0.257807,16.809,0.022825,0.022501,3.453846
07/12/2019 12:35:00.000000,0.270199,18.538,0.022725,15.246341,5.090244
07/12/2019 12:36:00.000000,0.274962,19.7985,0.0246,0.014545,3.807692
07/12/2019 12:37:00.000000,0.244522,19.383,0.027075,3.9,2.987805
07/12/2019 12:38:00.000000,0.230397,18.6315,0.02745,10.839024,4.436585
07/12/2019 12:39:00.000000,0.23818,17.74475,0.02885,20.346667,5.133333
07/12/2019 12:40:00.000000,0.218846,16.80325,0.0295,0.014797,3.823256
07/12/2019 12:41:00.000000,0.198553,16.101,0.02885,9.558537,4.263415
07/12/2019 12:42:00.000000,0.240126,15.34275,0.027925,35.047619,3.714286
07/12/2019 12:43:00.000000,0.244206,14.43425,0.0284,0.011138,3.083721
07/12/2019 12:44:00.000000,0.2382,14.3205,0.027,0.005001,3.958974
07/12/2019 12:45:00.000000,0.232673,14.207,0.0263,0.020463,4.957143
07/12/2019 12:46:00.000000,0.217536,14.46475,0.026675,0.012357,3.825
07/12/2019 12:47:00.000000,0.207849,14.78175,0.026875,5.809524,4.285714
07/12/2019 12:48:00.000000,0.204896,14.95425,0.02755,11.221951,5.229268
07/12/2019 12:49:00.000000,0.201213,15.0085,0.027675,10.378947,5.063158
07/12/2019 12:50:00.000000,0.205858,15.19725,0.02725,3.71,2.96
07/12/2019 12:51:00.000000,0.224868,15.43125,0.0278,7.341463,3.112195
07/12/2019 12:52:00.000000,0.214045,15.494,0.026275,17.0125,4.39
07/12/2019 12:53:00.000000,0.214173,15.45525,0.025775,18.042857,5.714286
07/12/2019 12:54:00.000000,0.211151,15.324,0.026775,10.914634,5.473171
07/12/2019 12:55:00.000000,0.209844,15.4925,0.02685,0.023963,9.497561
07/12/2019 12:56:00.000000,0.210012,16.0335,0.02535,4.809756,3.797561
07/12/2019 12:57:00.000000,0.242972,16.63375,0.0225,18.814286,5.357143
07/12/2019 12:58:00.000000,0.301347,25.35925,0.018275,40.278947,6.534211
07/12/2019 12:59:00.000000,0.345336,30.01875,0.01395,26.621053,4.426316
07/12/2019 13:00:00.000000,0.359212,24.2545,0.0154,0.031322,4.51
07/12/2019 13:01:00.000000,0.344278,20.97275,0.01845,35.846667,4.86
07/12/2019 13:02:00.000000,0.334664,21.67,0.01965,0.033375,4.9
07/12/2019 13:03:00.000000,0.325805,21.746,0.020175,19.282927,6.807317
07/12/2019 13:04:00.000000,0.340577,22.00425,0.019425,0.023993,6.611364
07/12/2019 13:05:00.000000,0.359849,21.753,0.0195,13.434884,4.262791
07/12/2019 13:06:00.000000,0.338556,21.23375,0.02215,0.049743,5.676923
07/12/2019 13:07:00.000000,0.316766,20.36875,0.025125,31.946154,4.392308
07/12/2019 13:08:00.000000,0.273554,19.442,0.027025,0.022383,5.030769
07/12/2019 13:09:00.000000,0.223645,18.519,0.02725,0.021184,5.626829
07/12/2019 13:10:00.000000,0.212834,17.67175,0.0271,0.05697,6.363415
07/12/2019 13:11:00.000000,0.227705,17.0225,0.02595,0.02415,4.951163
07/12/2019 13:12:00.000000,0.268045,16.151,0.02585,0.044737,6.45
07/12/2019 13:13:00.000000,0.246733,15.64325,0.025725,21.05,5.865
07/12/2019 13:14:00.000000,0.231219,15.326,0.026075,0.035636,5.181818
07/12/2019 13:15:00.000000,0.23148,15.407,0.02635,0.05383,5.697561
07/12/2019 13:16:00.000000,0.228123,15.545,0.025867,0.024724,6.314286
07/12/2019 13:17:00.000000,0.233204,15.813333,0.02605,0.028084,7.643902
07/12/2019 13:18:00.000000,0.244963,15.961,0.025625,0.042411,9.7975
07/12/2019 13:19:00.000000,0.258996,16.0065,0.02515,0.029152,6.223077
07/12/2019 13:20:00.000000,0.290785,22.61925,0.023975,21.064286,4.985714
07/12/2019 13:21:00.000000,0.2978,22.63025,0.02355,17.685366,4.402439
07/12/2019 13:22:00.000000,0.279534,17.51325,0.025225,33.76,5.575
07/12/2019 13:23:00.000000,0.26195,17.4115,0.025475,0.049114,6.640909
07/12/2019 13:24:00.000000,0.287305,16.445,0.0247,0.03955,5.962791
07/12/2019 13:25:00.000000,0.317737,16.97575,0.023625,0.03807,9.466667
07/12/2019 13:26:00.000000,0.34338,18.78,0.022525,0.027645,8.127273
07/12/2019 13:27:00.000000,0.381399,24.26425,0.021825,24.1625,5.505
07/12/2019 13:28:00.000000,0.323198,19.467,0.02365,0.035929,7.836585
07/12/2019 13:29:00.000000,0.281839,16.30425,0.0259,29.151282,4.338462
07/12/2019 13:30:00.000000,0.2961,15.56625,0.0265,0.039872,7.472093
07/12/2019 13:31:00.000000,0.2662,15.83175,0.025475,0.032736,6.106667
07/12/2019 13:32:00.000000,0.288889,16.14175,0.025175,0.032528,4.860976
07/12/2019 13:33:00.000000,0.457552,16.28475,0.02545,20.271795,6.646154
07/12/2019 13:34:00.000000,0.446245,16.34475,0.02675,0.013437,3.756098
07/12/2019 13:35:00.000000,0.347088,16.2525,0.028425,0.022456,5.366667
07/12/2019 13:36:00.000000,0.278899,16.28775,0.0276,71.518182,6.625
07/12/2019 13:37:00.000000,0.265676,16.41,0.026225,0.028663,5.487179
07/12/2019 13:38:00.000000,0.283635,16.28775,0.02715,0.045021,4.523077
07/12/2019 13:39:00.000000,0.260287,16.20975,0.02775,22.632558,4.483721
07/12/2019 13:40:00.000000,0.278022,15.96975,0.0284,0.013485,3.471429
07/12/2019 13:41:00.000000,0.283275,15.713,0.029175,0.029577,6.36
07/12/2019 13:42:00.000000,0.243671,15.6685,0.028525,28.828571,7.733333
07/12/2019 13:43:00.000000,0.25496,15.87625,0.027775,22.1,5.928571
07/12/2019 13:44:00.000000,0.268755,15.95225,0.02745,17.514634,6.026829
07/12/2019 13:45:00.000000,0.264749,15.9195,0.027625,24.7,6.013636
07/12/2019 13:46:00.000000,0.257389,16.02225,0.027575,0.024345,8.295
07/12/2019 13:47:00.000000,0.264773,15.89675,0.028225,0.015332,4.236842
07/12/2019 13:48:00.000000,0.251597,15.8545,0.028975,21.673171,6.387805
07/12/2019 13:49:00.000000,0.241351,15.99825,0.028775,30.181395,5.027907
07/12/2019 13:50:00.000000,0.241208,15.998,0.0282,0.029103,6.385
07/12/2019 13:51:00.000000,0.238152,15.9385,0.027625,0.016745,4.627273
07/12/2019 13:52:00.000000,0.24205,16.06025,0.0269,37.614286,5.383333
07/12/2019 13:53:00.000000,0.26225,17.56175,0.0252,24.074419,7.525581
07/12/2019 13:54:00.000000,0.290574,20.36775,0.023975,0.027977,4.656098
07/12/2019 13:55:00.000000,0.310902,19.8235,0.02485,0.041839,6.414286
07/12/2019 13:56:00.000000,0.32005,20.468,0.0238,35.754545,6.631818
07/12/2019 13:57:00.000000,0.317347,20.205,0.022825,0.053851,5.155
07/12/2019 13:58:00.000000,0.332932,26.91125,0.0213,29.3875,7.535
07/12/2019 13:59:00.000000,0.367888,26.224,0.01875,0.040395,11.466667
07/12/2019 14:00:00.000000,0.431613,24.701,0.017475,0.038609,6.538095
07/12/2019 14:01:00.000000,0.440587,20.858,0.021275,0.039241,6.972973
07/12/2019 14:02:00.000000,0.418784,30.06875,0.0198,35.131707,5.536585
07/12/2019 14:03:00.000000,0.380079,27.1935,0.017175,45.873684,8.815789
07/12/2019 14:04:00.000000,0.342115,18.787,0.0231,40.45,7.3
07/12/2019 14:05:00.000000,0.302958,18.52025,0.02545,52.317073,7.080488
07/12/2019 14:06:00.000000,0.266143,18.7395,0.0258,41.278049,6.392683
07/12/2019 14:07:00.000000,0.24568,19.60525,0.0251,0.086933,8.033333
07/12/2019 14:08:00.000000,0.254134,19.6525,0.02375,52.735714,8.995238
07/12/2019 14:09:00.000000,0.275968,19.546,0.02445,0.061375,9.704444
07/12/2019 14:10:00.000000,0.283992,19.4755,0.025925,0.049112,6.387805
07/12/2019 14:11:00.000000,0.287656,19.3375,0.02615,0.040712,5.714286
07/12/2019 14:12:00.000000,0.351003,19.37,0.0244,0.074111,5.346667
07/12/2019 14:13:00.000000,0.33604,19.37175,0.02435,34.248837,6.623256
07/12/2019 14:14:00.000000,0.287055,19.47425,0.024425,0.055874,8.807143
07/12/2019 14:15:00.000000,0.316918,20.24575,0.02335,38.902326,6.767442
07/12/2019 14:16:00.000000,0.319177,25.43825,0.021475,0.04461,6.982927
07/12/2019 14:17:00.000000,0.361194,22.47925,0.02085,0.027159,4.844186
07/12/2019 14:18:00.000000,0.3897,24.353,0.021175,0.067116,6.288095
07/12/2019 14:19:00.000000,0.438517,25.7885,0.022175,53.137209,5.488372
07/12/2019 14:20:00.000000,0.398151,25.311,0.02295,36.235714,5.471429
07/12/2019 14:21:00.000000,0.335057,24.8255,0.023275,0.032077,7.672093
07/12/2019 14:22:00.000000,0.293703,24.08875,0.024325,28.227273,8.9
07/12/2019 14:23:00.000000,0.264207,23.37825,0.024825,43.115385,6.484615
07/12/2019 14:24:00.000000,0.261999,22.64825,0.02465,0.02501,5.319048
07/12/2019 14:25:00.000000,0.326588,21.9435,0.0243,0.046541,6.258537
07/12/2019 14:26:00.000000,0.380011,23.56575,0.023225,0.044935,7.627907
07/12/2019 14:27:00.000000,0.396134,23.634,0.022175,0.045274,6.710256
07/12/2019 14:28:00.000000,0.496244,26.4415,0.020125,0.052308,6.909524
07/12/2019 14:29:00.000000,0.657516,24.69825,0.02075,0.049881,9.909756
07/12/2019 14:30:00.000000,0.525631,21.1925,0.0234,48.512195,8.053659
07/12/2019 14:31:00.000000,0.332373,20.26225,0.02485,55.215,4.6625
07/12/2019 14:32:00.000000,0.272013,20.1975,0.02565,0.049468,5.978571
07/12/2019 14:33:00.000000,0.252531,20.10575,0.0259,0.084066,9.088889
07/12/2019 14:34:00.000000,0.259914,19.94075,0.026275,39.843902,5.97561
07/12/2019 14:35:00.000000,0.28612,29.46525,0.0236,0.053562,7.865854
07/12/2019 14:36:00.000000,0.368154,44.10875,0.018875,0.055386,7.143902
07/12/2019 14:37:00.000000,0.349885,27.90225,0.01815,0.045101,6.575
07/12/2019 14:38:00.000000,0.348751,27.113,0.01825,0.072384,4.635714
07/12/2019 14:39:00.000000,0.3967,23.99375,0.0198,0.046705,5.493333
07/12/2019 14:40:00.000000,0.432823,27.5625,0.020125,33.289744,3.692308
07/12/2019 14:41:00.000000,0.426159,27.93175,0.021975,0.069796,5.644444
07/12/2019 14:42:00.000000,0.374283,22.1995,0.023425,0.030708,4.252273
07/12/2019 14:43:00.000000,0.331239,22.0945,0.025225,25.184211,3.531579
07/12/2019 14:44:00.000000,0.302001,21.62075,0.0273,0.024629,4.025
07/12/2019 14:45:00.000000,0.311074,21.33925,0.02615,0.070756,5.965116
07/12/2019 14:46:00.000000,0.339877,22.425,0.025,46.4,5.833333
07/12/2019 14:47:00.000000,0.324476,23.70275,0.02385,0.044204,3.776923
07/12/2019 14:48:00.000000,0.310039,21.6375,0.02435,0.057213,4.571429
07/12/2019 14:49:00.000000,0.291764,22.197,0.024325,0.05396,5.325581
07/12/2019 14:50:00.000000,0.34492,23.61625,0.024775,29.627273,6.493182
07/12/2019 14:51:00.000000,0.392977,23.25075,0.026175,0.038013,5.585714
07/12/2019 14:52:00.000000,0.368613,22.6135,0.0275,46.016667,4.513889
07/12/2019 14:53:00.000000,0.396068,22.005,0.0277,0.052008,6.402128
07/12/2019 14:54:00.000000,0.407683,22.1025,0.027075,0.073838,5.042222
07/12/2019 14:55:00.000000,0.449315,22.87575,0.026125,0.082891,4.192308
07/12/2019 14:56:00.000000,0.386297,20.55475,0.026,0.052856,5.63617
07/12/2019 14:57:00.000000,0.418025,23.7565,0.0257,0.027016,8.164706
07/12/2019 14:58:00.000000,0.374371,17.6975,0.027925,36.844186,7.525581
07/12/2019 14:59:00.000000,0.292051,15.819,0.031775,0.022527,4.536842
07/12/2019 15:00:00.000000,0.248667,14.53225,0.033725,22.134884,3.413953
07/12/2019 15:01:00.000000,0.233852,14.63725,0.0332,0.013704,2.489189
07/12/2019 15:02:00.000000,0.260117,15.0735,0.030725,0.01819,3.557143
07/12/2019 15:03:00.000000,0.285559,15.7465,0.027925,0.049621,14.363415
07/12/2019 15:04:00.000000,0.308541,16.35625,0.028875,0.029633,7.544444
07/12/2019 15:05:00.000000,0.299005,17.05475,0.028225,0.034604,4.880952
07/12/2019 15:06:00.000000,0.318855,17.94875,0.0262,45.45,6.125
07/12/2019 15:07:00.000000,0.361724,18.95375,0.02585,28.764103,8.653846
07/12/2019 15:08:00.000000,0.340541,19.69025,0.027925,17.209524,5.642857
07/12/2019 15:09:00.000000,0.32685,20.296,0.02795,,
07/12/2019 15:10:00.000000,0.363696,22.94675,0.02525,37.315789,5.852632
07/12/2019 15:11:00.000000,0.478775,21.256,0.023725,0.037247,3.875
07/12/2019 15:12:00.000000,0.513404,20.00325,0.027,21.6,9.014286
07/12/2019 15:13:00.000000,0.412894,19.231,0.0277,37.476923,5.446154
07/12/2019 15:14:00.000000,0.408882,26.50775,0.0232,37.934884,6.362791
07/12/2019 15:15:00.000000,0.651014,34.56525,0.022175,22.22,4.16
07/12/2019 15:16:00.000000,0.689797,20.1505,0.026875,17.715217,3.713043
07/12/2019 15:17:00.000000,0.474679,20.5715,0.0293,22.3,4.221053
07/12/2019 15:18:00.000000,0.40567,19.55675,0.0303,0.022626,3.836364
07/12/2019 15:19:00.000000,0.414742,20.3985,0.03015,24.609756,4.246341
07/12/2019 15:20:00.000000,0.487724,25.14175,0.02925,21.345946,3.743243
07/12/2019 15:21:00.000000,0.439351,18.28725,0.031225,0.045789,5.555814
07/12/2019 15:22:00.000000,0.401309,19.65675,0.0321,0.041444,3.713636
07/12/2019 15:23:00.000000,0.437588,20.705,0.029525,0.049854,3.019048
07/12/2019 15:24:00.000000,0.416481,16.91475,0.0288,35.721951,5.253659
07/12/2019 15:25:00.000000,0.378815,14.92225,0.030925,24.194737,3.905263
07/12/2019 15:26:00.000000,0.331675,18.77225,0.032625,0.029852,5.441463
07/12/2019 15:27:00.000000,0.316499,19.14675,0.0327,0.027293,6.72439
07/12/2019 15:28:00.000000,0.332045,18.12,0.032825,0.02241,5.866667
07/12/2019 15:29:00.000000,0.417257,18.23475,0.032525,0.026174,2.780488
07/12/2019 15:30:00.000000,0.540695,18.36775,0.032825,0.041831,5.628571
07/12/2019 15:31:00.000000,0.388209,18.87825,0.03165,0.031043,5.54
07/12/2019 15:32:00.000000,0.417904,19.29075,0.0317,0.023666,4.445455
07/12/2019 15:33:00.000000,0.489723,19.43325,0.03365,19.154545,6.302273
07/12/2019 15:34:00.000000,0.371661,19.30975,0.034875,27.857143,4.985714
07/12/2019 15:35:00.000000,0.328185,19.4675,0.034675,34.023256,4.951163
07/12/2019 15:36:00.000000,0.379584,19.32925,0.0359,25.666667,3.94375
07/12/2019 15:37:00.000000,0.424692,19.145,0.0358,0.045558,4.128571
07/12/2019 15:38:00.000000,0.39066,18.84825,0.036075,0.034066,4.71
07/12/2019 15:39:00.000000,0.394083,18.38125,0.03505,0.028374,5.410256
07/12/2019 15:40:00.000000,0.720228,18.19475,0.035325,0.027274,6.594737
07/12/2019 15:41:00.000000,0.491546,22.7315,0.033175,0.034319,6.472727
07/12/2019 15:42:00.000000,0.314212,23.45575,0.03205,26.433333,5.02381
07/12/2019 15:43:00.000000,0.323581,18.72775,0.0352,0.041599,4.44186
07/12/2019 15:44:00.000000,0.329571,21.743,0.035375,19.988372,3.730233
07/12/2019 15:45:00.000000,0.484753,29.1715,0.031475,17.4,4.741463
07/12/2019 15:46:00.000000,0.521516,25.94825,0.030775,18.42439,4.814634
07/12/2019 15:47:00.000000,0.382607,29.795,0.03495,18.005,5.99
07/12/2019 15:48:00.000000,0.317196,15.192,0.03715,0.015521,3.45
07/12/2019 15:49:00.000000,0.301847,,,,
07/12/2019 15:50:00.000000,0.329501,16.15675,0.039275,0.030762,5.936585
07/12/2019 15:51:00.000000,0.306727,15.3665,0.0403,26.725,5.395
07/12/2019 15:52:00.000000,0.340953,15.65725,0.0388,0.02289,3.770455
07/12/2019 15:53:00.000000,0.372228,15.91825,0.03735,0.040376,3.672093
07/12/2019 15:54:00.000000,0.349398,14.14375,0.03585,18.075862,6.403448
07/12/2019 15:55:00.000000,0.369116,23.083,0.034625,0.029698,6.208571
07/12/2019 15:56:00.000000,0.343867,19.429,0.0363,0.033329,3.126829
07/12/2019 15:57:00.000000,0.312895,17.522,0.03885,0.048719,6.231818
07/12/2019 15:58:00.000000,0.356054,18.37675,0.038925,25.4625,5.1675
07/12/2019 15:59:00.000000,0.344908,18.28675,0.03785,0.04412,4.2
07/12/2019 16:00:00.000000,0.27611,20.335,0.0375,0.027982,7.429268
07/12/2019 16:01:00.000000,0.301437,22.61675,0.036075,19.615385,3.938462
07/12/2019 16:02:00.000000,0.109577,16.4775,0.03825,38.502439,6.358537
07/12/2019 16:03:00.000000,0.000787,16.506,0.0409,0.035156,7.155
07/12/2019 16:04:00.000000,-9999.0,16.46725,0.040875,39.530233,7.281395
07/12/2019 16:05:00.000000,-9999.0,21.21625,0.0383,50.1625,9.0
07/12/2019 16:06:00.000000,-9999.0,21.639,0.0373,44.470732,8.787805
07/12/2019 16:07:00.000000,-9999.0,18.66975,0.03835,0.029086,3.75
07/12/2019 16:08:00.000000,-9999.0,17.76725,0.0387,0.028642,3.788372
07/12/2019 16:09:00.000000,-9999.0,17.2555,0.034,22.1125,4.9625
07/12/2019 16:10:00.000000,-9999.0,21.36,0.03445,32.6,4.331707
07/12/2019 16:11:00.000000,-9999.0,17.27625,0.0389,0.027647,3.597674
07/12/2019 16:12:00.000000,0.137012,19.45575,0.040275,0.038597,4.007692
07/12/2019 16:13:00.000000,0.311472,20.9475,0.0386,0.031758,3.929268
07/12/2019 16:14:00.000000,0.317221,21.0595,0.038,36.371795,3.653846
07/12/2019 16:15:00.000000,0.318491,21.53625,0.035925,0.056602,7.227273
07/12/2019 16:16:00.000000,0.361698,22.07825,0.034425,34.314286,6.257143
07/12/2019 16:17:00.000000,0.423583,22.76575,0.0347,0.037342,6.084091
07/12/2019 16:18:00.000000,0.488293,22.99975,0.03745,22.168293,8.234146
07/12/2019 16:19:00.000000,0.543526,23.133,0.038325,37.595454,6.581818
07/12/2019 16:20:00.000000,0.458071,23.33925,0.03765,26.221053,5.526316
07/12/2019 16:21:00.000000,0.419914,23.77975,0.03595,34.225,6.59
07/12/2019 16:22:00.000000,0.398702,24.395,0.035175,0.035297,6.54186
07/12/2019 16:23:00.000000,0.426756,24.65775,0.036475,0.033955,4.871429
07/12/2019 16:24:00.000000,0.392368,24.47675,0.03925,39.104878,5.512195
07/12/2019 16:25:00.000000,0.308502,24.46475,0.0398,35.481818,5.506061
07/12/2019 16:26:00.000000,0.330785,32.47975,0.036667,43.033333,5.846667
07/12/2019 16:27:00.000000,0.396897,38.76675,0.0306,0.039711,4.987805
07/12/2019 16:28:00.000000,0.516086,32.31425,0.03005,34.710256,8.492308
07/12/2019 16:29:00.000000,0.429896,,,,
07/12/2019 16:30:00.000000,0.353935,31.34475,0.037825,42.9,5.173333
07/12/2019 16:31:00.000000,0.376284,29.53075,0.0367,0.071675,8.195455
07/12/2019 16:32:00.000000,0.335229,27.1135,0.0385,45.860976,6.907317
07/12/2019 16:33:00.000000,0.295527,28.07025,0.03885,0.082106,6.343902
07/12/2019 16:34:00.000000,0.317142,28.08925,0.037075,46.3,8.64
07/12/2019 16:35:00.000000,0.407088,24.3965,0.037775,62.802326,8.330233
07/12/2019 16:36:00.000000,0.424445,28.75075,0.03645,0.087715,6.127273
07/12/2019 16:37:00.000000,0.452765,34.7195,0.03335,0.105912,6.397561
07/12/2019 16:38:00.000000,0.469612,28.63375,0.0359,0.056765,8.844186
07/12/2019 16:39:00.000000,0.451735,29.98425,0.038825,0.090265,10.246512
07/12/2019 16:40:00.000000,0.522459,34.7825,0.03615,0.0902,7.485714
07/12/2019 16:41:00.000000,0.474745,29.666,0.035575,65.785714,8.028571
07/12/2019 16:42:00.000000,0.380282,28.5845,0.039175,0.059167,9.565854
07/12/2019 16:43:00.000000,0.367196,28.6645,0.03875,84.709756,8.604878
07/12/2019 16:44:00.000000,0.41182,28.77775,0.03716,53.35,6.85
07/12/2019 16:45:00.000000,0.465658,29.10575,0.036533,0.11172,11.022222
07/12/2019 16:46:00.000000,0.69158,26.16225,0.037725,0.079889,7.873171
07/12/2019 16:47:00.000000,1.50444,26.43175,0.03815,54.478049,5.443902
07/12/2019 16:48:00.000000,0.942287,26.09925,0.0395,39.0,7.58
07/12/2019 16:49:00.000000,0.401361,39.83225,0.036825,48.12973,10.178378
07/12/2019 16:50:00.000000,0.492219,28.2405,0.0451,0.040281,5.542857
07/12/2019 16:51:00.000000,0.437221,19.387,0.042475,46.653488,6.572093
07/12/2019 16:52:00.000000,0.444768,29.87025,0.03946,0.050724,6.902941
07/12/2019 16:53:00.000000,0.525114,34.49025,0.037133,27.5875,8.005
07/12/2019 16:54:00.000000,0.497219,25.44775,0.038375,0.026175,5.532558
07/12/2019 16:55:00.000000,0.408698,22.694,0.041125,0.058657,8.388889
07/12/2019 16:56:00.000000,0.379407,29.37425,0.038375,0.053976,5.785
07/12/2019 16:57:00.000000,0.391701,26.21975,0.035725,0.071419,4.435
07/12/2019 16:58:00.000000,0.36191,27.2715,0.038425,91.927273,11.784091
07/12/2019 16:59:00.000000,0.357419,27.77225,0.038925,39.064103,6.4
07/12/2019 17:00:00.000000,0.409036,21.04575,0.0431,49.068182,5.140909
07/12/2019 17:01:00.000000,0.35502,19.07275,0.047425,0.071918,5.692308
07/12/2019 17:02:00.000000,0.297613,21.0195,0.04695,56.785366,6.190244
07/12/2019 17:03:00.000000,0.314648,28.97875,0.042525,0.064295,7.365789
07/12/2019 17:04:00.000000,0.358702,26.88775,0.0413,57.622581,7.893548
07/12/2019 17:05:00.000000,0.443714,23.98225,0.045067,29.421053,5.289474
07/12/2019 17:06:00.000000,0.411997,23.951,0.04655,0.051784,11.96
07/12/2019 17:07:00.000000,0.387066,25.0035,0.046925,0.058127,7.017949
07/12/2019 17:08:00.000000,0.405565,19.2975,0.0496,0.038099,4.685714
07/12/2019 17:09:00.000000,0.330122,22.0,0.050825,47.761538,10.830769
07/12/2019 17:10:00.000000,0.389252,23.88375,0.047725,34.160526,5.763158
07/12/2019 17:11:00.000000,0.381006,22.71675,0.0487,19.071795,4.179487
07/12/2019 17:12:00.000000,0.270036,22.07525,0.050775,0.029042,6.102174
07/12/2019 17:13:00.000000,0.266819,27.511,0.037025,0.021939,4.566667
07/12/2019 17:14:00.000000,0.561725,26.856,0.045825,0.027912,4.2125
07/12/2019 17:15:00.000000,0.772819,19.8595,0.04702,0.043237,4.853846
07/12/2019 17:16:00.000000,0.49504,15.4815,0.050633,16.4,4.712903
07/12/2019 17:17:00.000000,0.392947,13.853333,0.0529,33.822222,9.751852
07/12/2019 17:18:00.000000,0.286941,10.946,0.054925,32.852381,10.266667
07/12/2019 17:19:00.000000,0.226934,13.19075,0.0547,0.067157,16.05
07/12/2019 17:20:00.000000,0.24316,13.551,0.053475,0.053205,10.084848
07/12/2019 17:21:00.000000,0.250994,13.85575,0.052525,0.052588,8.141463
07/12/2019 17:22:00.000000,0.246252,13.74225,0.0549,32.59,4.92
07/12/2019 17:23:00.000000,0.255927,16.12425,0.051925,63.032258,12.177419
07/12/2019 17:24:00.000000,0.268614,21.35825,0.0576,0.034279,10.545714
07/12/2019 17:25:00.000000,0.223131,10.98325,0.05705,0.062642,8.809524
07/12/2019 17:26:00.000000,0.19759,10.40375,0.0564,0.040613,8.125
07/12/2019 17:27:00.000000,0.247113,12.53375,0.056125,0.055444,6.14
07/12/2019 17:28:00.000000,0.308052,13.601,0.057325,51.9,10.025
07/12/2019 17:29:00.000000,0.261671,11.88425,0.0594,0.058243,8.030952
07/12/2019 17:30:00.000000,0.250641,12.67575,0.058225,0.058813,7.28
07/12/2019 17:31:00.000000,0.289615,15.86625,0.055325,55.723077,5.246154
07/12/2019 17:32:00.000000,0.294861,11.1385,0.05585,46.92,10.3
07/12/2019 17:33:00.000000,0.369367,15.79325,0.0539,0.048476,8.746512
07/12/2019 17:34:00.000000,0.382346,18.24525,0.05315,59.95,7.1
07/12/2019 17:35:00.000000,0.34435,15.43225,0.055625,38.012821,8.648718
07/12/2019 17:36:00.000000,0.346297,14.13725,0.058225,0.032675,7.675
07/12/2019 17:37:00.000000,0.302606,11.463,0.058175,29.165854,4.1
07/12/2019 17:38:00.000000,0.235429,9.9415,0.0585,31.353488,6.246512
07/12/2019 17:39:00.000000,0.201006,10.19325,0.05865,0.040736,5.654545
07/12/2019 17:40:00.000000,0.448033,10.27275,0.059425,0.058027,6.924324
07/12/2019 17:41:00.000000,0.576627,17.121,0.0553,0.054885,10.692683
07/12/2019 17:42:00.000000,0.404724,15.29825,0.05025,0.041212,6.002439
07/12/2019 17:43:00.000000,0.301873,9.4125,0.0509,0.035384,4.1
07/12/2019 17:44:00.000000,0.265754,6.188,0.0552,41.043243,3.708108
07/12/2019 17:45:00.000000,0.21015,6.14725,0.055375,0.068881,11.984615
07/12/2019 17:46:00.000000,0.204496,6.219,0.055075,22.271429,7.490476
07/12/2019 17:47:00.000000,0.299992,6.71425,0.054125,41.356757,5.375676
07/12/2019 17:48:00.000000,0.542237,7.28325,0.0537,32.375,6.075
07/12/2019 17:49:00.000000,0.628464,7.58625,0.0536,52.9725,10.175
07/12/2019 17:50:00.000000,0.29077,8.1505,0.05425,36.852632,9.342105
07/12/2019 17:51:00.000000,0.227113,8.63225,0.054675,0.053564,9.634211
07/12/2019 17:52:00.000000,0.241135,9.222,0.05455,0.061547,6.131707
07/12/2019 17:53:00.000000,0.283249,13.927,0.052925,33.1,4.047619
07/12/2019 17:54:00.000000,0.348515,16.10175,0.049575,27.204348,5.521739
07/12/2019 17:55:00.000000,0.401953,14.04575,0.054175,0.047657,5.553846
07/12/2019 17:56:00.000000,0.278643,9.627,0.0587,77.225,4.2
07/12/2019 17:57:00.000000,0.209098,9.8525,0.06045,0.07192,3.49
07/12/2019 17:58:00.000000,0.18775,10.7455,0.061075,22.217778,5.291111
07/12/2019 17:59:00.000000,0.222749,8.81725,0.0612,0.044442,6.1125
07/12/2019 18:00:00.000000,0.237317,9.355,0.062625,0.027717,5.507692
07/12/2019 18:01:00.000000,0.205422,10.729,0.06245,0.026854,5.94
07/12/2019 18:02:00.000000,0.228665,11.36125,0.06195,50.85,13.525
07/12/2019 18:03:00.000000,0.258225,11.26025,0.060975,22.535897,5.538462
07/12/2019 18:04:00.000000,0.206898,11.48025,0.048475,43.185,7.3475
07/12/2019 18:05:00.000000,0.180414,10.69225,0.05765,0.055284,3.831707
07/12/2019 18:06:00.000000,0.191573,10.00375,0.0607,35.471428,4.214286
07/12/2019 18:07:00.000000,0.203328,8.4955,0.06365,51.945454,4.568182
07/12/2019 18:08:00.000000,0.173745,11.70575,0.06345,0.030623,3.506818
07/12/2019 18:09:00.000000,0.175721,10.60675,0.061775,60.907317,11.012195
07/12/2019 18:10:00.000000,0.21093,9.05675,0.0624,0.036016,8.433333
07/12/2019 18:11:00.000000,0.232633,9.81575,0.06245,0.040806,4.953659
07/12/2019 18:12:00.000000,0.212193,15.519,0.060525,0.061863,5.086047
07/12/2019 18:13:00.000000,0.247591,14.34775,0.0608,32.433333,7.7
07/12/2019 18:14:00.000000,0.255978,11.5885,0.0648,37.009756,6.065854
07/12/2019 18:15:00.000000,0.235628,8.4125,0.066875,30.531428,5.408571
07/12/2019 18:16:00.000000,0.202293,8.524,0.066775,38.185714,4.971429
07/12/2019 18:17:00.000000,0.203122,8.642,0.06545,23.707317,4.985366
07/12/2019 18:18:00.000000,0.170616,8.64475,0.067525,31.714286,5.6
07/12/2019 18:19:00.000000,0.165077,8.8405,0.068875,35.006977,6.118605
07/12/2019 18:20:00.000000,0.218678,9.2955,0.068125,0.032175,5.617647
07/12/2019 18:21:00.000000,0.262963,9.16925,0.068925,0.042804,8.009302
07/12/2019 18:22:00.000000,0.211665,9.15575,0.0685,0.053262,7.975
07/12/2019 18:23:00.000000,0.176036,8.9855,0.069675,33.57,3.735
07/12/2019 18:24:00.000000,0.193884,9.042,0.068525,0.044334,7.676923
07/12/2019 18:25:00.000000,0.210589,9.01425,0.068325,18.357143,4.328571
07/12/2019 18:26:00.000000,0.170834,9.15775,0.070075,20.639535,5.190698
07/12/2019 18:27:00.000000,0.188088,11.33825,0.0666,13.309091,4.827273
07/12/2019 18:28:00.000000,0.254423,13.5915,0.065825,0.029614,5.297561
07/12/2019 18:29:00.000000,0.270135,12.62775,0.070425,,
07/12/2019 18:30:00.000000,0.245868,9.65525,0.0724,0.025477,4.634884
07/12/2019 18:31:00.000000,0.190754,10.66875,0.071825,0.039609,7.53
07/12/2019 18:32:00.000000,0.21489,11.0685,0.07015,0.476197,213.127272
07/12/2019 18:33:00.000000,0.254539,17.14875,0.0605,98.195,40.735
07/12/2019 18:34:00.000000,0.242966,21.341,0.063075,0.054893,4.016667
07/12/2019 18:35:00.000000,0.207886,14.463,0.067725,0.028044,4.1625
07/12/2019 18:36:00.000000,0.210746,10.56125,0.06925,0.044647,6.24878
07/12/2019 18:37:00.000000,0.214429,12.2455,0.06745,0.037638,7.197561
07/12/2019 18:38:00.000000,0.184198,10.20325,0.0657,23.881818,6.206818
07/12/2019 18:39:00.000000,0.193131,11.91925,0.06255,21.897368,5.663158
07/12/2019 18:40:00.000000,0.264984,11.91125,0.0677,44.413636,4.995455
07/12/2019 18:41:00.000000,0.254179,11.63325,0.072925,0.036125,6.692683
07/12/2019 18:42:00.000000,0.25367,11.5095,0.0733,0.020893,5.114286
07/12/2019 18:43:00.000000,0.27513,10.908,0.068325,27.919512,4.970732
07/12/2019 18:44:00.000000,0.292874,22.99025,0.0489,0.029222,5.172222
07/12/2019 18:45:00.000000,0.306742,19.11875,0.066725,0.041933,4.116667
07/12/2019 18:46:00.000000,0.320497,17.3635,0.06695,0.028539,5.607317
07/12/2019 18:47:00.000000,0.229046,9.97275,0.0697,21.225,4.03
07/12/2019 18:48:00.000000,0.196618,8.41375,0.0714,0.029422,5.053846
07/12/2019 18:49:00.000000,0.182214,10.3175,0.06885,0.035359,5.895
07/12/2019 18:50:00.000000,0.187724,10.33575,0.06785,33.721951,6.597561
07/12/2019 18:51:00.000000,0.170854,10.09475,0.0694,0.034146,3.271429
07/12/2019 18:52:00.000000,0.183403,11.13475,0.06625,0.045742,4.162791
07/12/2019 18:53:00.000000,0.189229,16.88725,0.06355,18.812195,4.058537
07/12/2019 18:54:00.000000,0.216622,7.91,0.071525,0.046586,4.516279
07/12/2019 18:55:00.000000,0.206822,9.03575,0.07525,33.57907,4.427907
07/12/2019 18:56:00.000000,0.191012,8.788,0.0752,33.136364,5.156818
07/12/2019 18:57:00.000000,0.193407,11.68625,0.07595,23.958974,3.692308
07/12/2019 18:58:00.000000,0.196999,11.17725,0.074125,22.8625,6.2875
07/12/2019 18:59:00.000000,0.21169,9.01775,0.072925,15.147619,5.928571
07/12/2019 19:00:00.000000,0.217653,7.595,0.0733,30.521622,7.559459
07/12/2019 19:01:00.000000,0.208303,8.75125,0.0724,0.040476,4.946154
07/12/2019 19:02:00.000000,0.272257,8.973,0.071475,19.444737,2.7
07/12/2019 19:03:00.000000,0.270439,8.88425,0.0711,0.036628,2.816667
07/12/2019 19:04:00.000000,0.223645,8.77925,0.0707,0.04202,3.157143
07/12/2019 19:05:00.000000,0.236998,8.77975,0.07086,16.466667,4.142857
07/12/2019 19:06:00.000000,0.222434,7.36525,0.069833,0.017637,4.042857
07/12/2019 19:07:00.000000,0.264076,11.5235,0.0528,0.044923,3.139535
07/12/2019 19:08:00.000000,0.444828,13.54325,0.05875,54.65814,4.709302
07/12/2019 19:09:00.000000,0.311243,,,,
07/12/2019 19:10:00.000000,0.204422,17.1595,0.06928,0.041875,7.231429
07/12/2019 19:11:00.000000,0.198766,12.6555,0.0683,22.861538,7.976923
07/12/2019 19:12:00.000000,0.196516,10.61325,0.070025,18.356522,5.386957
07/12/2019 19:13:00.000000,0.164063,12.434,0.0715,0.023381,3.960976
07/12/2019 19:14:00.000000,0.164841,12.18025,0.071775,19.585,4.735
07/12/2019 19:15:00.000000,0.163089,11.607,0.069975,0.033308,4.814286
07/12/2019 19:16:00.000000,0.149778,10.6865,0.072925,49.25,5.65
07/12/2019 19:17:00.000000,0.136721,10.0135,0.075975,23.646341,3.726829
07/12/2019 19:18:00.000000,0.193519,9.95825,0.074475,0.035602,6.816279
07/12/2019 19:19:00.000000,0.258914,9.903,0.073675,0.051489,9.7
07/12/2019 19:20:00.000000,0.251664,9.97025,0.07335,31.290244,5.885366
07/12/2019 19:21:00.000000,0.217216,9.8175,0.0759,0.045463,3.952632
07/12/2019 19:22:00.000000,0.185547,11.99425,0.07195,21.314634,6.943902
07/12/2019 19:23:00.000000,0.206863,8.995,0.0757,11.35814,3.8
07/12/2019 19:24:00.000000,0.196532,11.8345,0.071625,26.456097,4.309756
07/12/2019 19:25:00.000000,0.207462,7.5275,0.07525,0.026063,4.009091
07/12/2019 19:26:00.000000,0.205392,11.22175,0.078525,27.380488,6.460976
07/12/2019 19:27:00.000000,0.227914,19.0265,0.07415,0.039641,5.241463
07/12/2019 19:28:00.000000,0.268894,13.172,0.072825,40.245455,5.677273
07/12/2019 19:29:00.000000,0.276549,10.849,0.076225,0.054026,6.584615
07/12/2019 19:30:00.000000,0.259601,14.44825,0.077125,22.181579,5.857895
07/12/2019 19:31:00.000000,0.227387,15.01,0.07515,0.047909,8.116667
07/12/2019 19:32:00.000000,0.26397,9.9135,0.0759,46.1625,8.855
07/12/2019 19:33:00.000000,0.275551,10.4035,0.07675,0.041489,4.357143
07/12/2019 19:34:00.000000,0.281558,12.59975,0.07635,46.563636,7.720455
07/12/2019 19:35:00.000000,0.259022,12.2375,0.0781,0.037619,7.528571
07/12/2019 19:36:00.000000,0.242772,11.7135,0.078975,0.069873,10.385714
07/12/2019 19:37:00.000000,0.274478,11.635,0.077425,34.96,5.715
07/12/2019 19:38:00.000000,0.294025,12.125,0.075375,41.569767,5.832558
07/12/2019 19:39:00.000000,0.248741,11.83775,0.076875,32.118182,6.518182
07/12/2019 19:40:00.000000,0.193383,11.41525,0.081375,35.931707,8.819512
07/12/2019 19:41:00.000000,0.165848,11.23225,0.080375,0.046149,6.274419
07/12/2019 19:42:00.000000,0.200822,10.8825,0.080075,0.048825,9.353846
07/12/2019 19:43:00.000000,0.202373,10.76325,0.082025,0.047142,6.670732
07/12/2019 19:44:00.000000,0.179824,11.028,0.081375,0.044279,5.930769
07/12/2019 19:45:00.000000,0.403927,10.7725,0.08205,0.043689,7.965116
07/12/2019 19:46:00.000000,0.532346,10.0455,0.0823,0.070144,7.004545
07/12/2019 19:47:00.000000,0.270064,10.02125,0.082225,38.307317,5.092683
07/12/2019 19:48:00.000000,0.2377,9.41225,0.077825,46.228571,4.466667
07/12/2019 19:49:00.000000,0.253203,11.59075,0.081475,30.785714,4.483333
07/12/2019 19:50:00.000000,0.296679,9.67175,0.078675,31.707692,4.669231
07/12/2019 19:51:00.000000,0.294541,11.3655,0.078125,33.609091,4.872727
07/12/2019 19:52:00.000000,0.26037,11.93675,0.076325,0.064102,7.997674
07/12/2019 19:53:00.000000,0.264787,12.203,0.0737,0.086307,6.567442
07/12/2019 19:54:00.000000,0.233796,12.318,0.074625,0.058813,5.056098
07/12/2019 19:55:00.000000,0.190511,12.082667,0.07495,0.071052,4.12
07/12/2019 19:56:00.000000,0.167176,11.822,0.07475,49.255814,6.753488
07/12/2019 19:57:00.000000,0.159552,11.645,0.075625,36.942857,4.628571
07/12/2019 19:58:00.000000,0.172221,15.281,0.070825,0.074439,7.336957
07/12/2019 19:59:00.000000,0.287696,33.09675,0.0625,50.352381,5.157143
07/12/2019 20:00:00.000000,0.321447,21.401,0.06415,0.039572,5.557143
07/12/2019 20:01:00.000000,0.238923,14.4048,0.07255,39.0,4.242857
07/12/2019 20:02:00.000000,0.196618,6.8642,0.07856,28.807317,4.085366
07/12/2019 20:03:00.000000,0.200174,8.219,0.08124,19.388636,4.186364
07/12/2019 20:04:00.000000,0.240891,8.345667,0.0808,28.058537,4.639024
07/12/2019 20:05:00.000000,0.261531,9.923333,0.0784,0.04418,8.315909
07/12/2019 20:06:00.000000,0.214381,33.0505,0.072625,71.957143,6.085714
07/12/2019 20:07:00.000000,0.275897,38.5675,0.0694,40.712821,5.4
07/12/2019 20:08:00.000000,0.375904,10.1295,0.0757,39.79,7.875
07/12/2019 20:09:00.000000,0.287794,14.0175,0.078575,,
07/12/2019 20:10:00.000000,0.271144,8.83575,0.081375,0.037231,5.884444
07/12/2019 20:11:00.000000,0.20282,8.33125,0.0839,22.08,3.995556
07/12/2019 20:12:00.000000,0.195532,8.366,0.0841,0.036217,9.393023
07/12/2019 20:13:00.000000,0.218737,7.69475,0.0831,0.042496,6.353846
07/12/2019 20:14:00.000000,0.215894,10.67825,0.082575,33.12381,9.028571
07/12/2019 20:15:00.000000,0.200107,16.9975,0.0687,28.404878,5.502439
07/12/2019 20:16:00.000000,0.336342,22.499,0.0799,0.056172,6.633333
07/12/2019 20:17:00.000000,0.45709,12.18125,0.083775,0.030211,5.358974
07/12/2019 20:18:00.000000,0.284497,12.68675,0.081175,0.045494,7.428571
07/12/2019 20:19:00.000000,0.258607,18.51525,0.0787,30.791176,7.597059
07/12/2019 20:20:00.000000,0.301014,19.61175,0.074825,35.648571,5.56
07/12/2019 20:21:00.000000,0.333877,12.68525,0.0753,25.316667,6.528571
07/12/2019 20:22:00.000000,0.364514,14.31425,0.077725,15.897674,5.025581
07/12/2019 20:23:00.000000,0.296892,8.244,0.0816,0.014741,5.783333
07/12/2019 20:24:00.000000,0.238693,10.25475,0.082525,0.022009,6.33
07/12/2019 20:25:00.000000,0.325686,9.73675,0.081,0.063993,5.9
07/12/2019 20:26:00.000000,0.355162,11.55825,0.0813,45.9625,4.695
07/12/2019 20:27:00.000000,0.26288,9.05725,0.081925,27.562791,6.34186
07/12/2019 20:28:00.000000,0.215399,8.402,0.082975,54.025,5.765
07/12/2019 20:29:00.000000,0.229099,,,,
07/12/2019 20:30:00.000000,0.229755,8.49125,0.080525,0.056975,5.566667
07/12/2019 20:31:00.000000,0.219186,8.824,0.0788,0.168505,17.913636
07/12/2019 20:32:00.000000,0.249886,8.8725,0.0791,0.086295,7.21
07/12/2019 20:33:00.000000,0.221284,9.33775,0.078175,37.945238,6.271429
07/12/2019 20:34:00.000000,0.20228,9.38,0.0787,0.056694,7.092308
07/12/2019 20:35:00.000000,0.208489,11.2655,0.075975,28.015152,7.2
07/12/2019 20:36:00.000000,0.22266,12.703,0.074567,33.242857,5.314286
07/12/2019 20:37:00.000000,0.286801,11.483,0.07595,0.034248,7.25
07/12/2019 20:38:00.000000,0.43672,12.681,0.073575,31.957143,5.471429
07/12/2019 20:39:00.000000,0.537592,16.8695,0.06935,0.061817,6.814286
07/12/2019 20:40:00.000000,0.525461,16.4425,0.069225,40.567442,7.272093
07/12/2019 20:41:00.000000,0.319433,16.84025,0.068625,34.277273,6.290909
07/12/2019 20:42:00.000000,0.267788,14.722,0.06625,0.044396,5.095349
07/12/2019 20:43:00.000000,0.239238,11.4925,0.072275,0.056608,4.561538
07/12/2019 20:44:00.000000,0.200469,12.26775,0.07525,0.040473,7.9
07/12/2019 20:45:00.000000,0.212076,14.5475,0.072825,32.554762,8.842857
07/12/2019 20:46:00.000000,0.264824,14.64725,0.070775,0.06038,5.176923
07/12/2019 20:47:00.000000,0.27126,14.4225,0.0722,0.039997,4.755
07/12/2019 20:48:00.000000,0.243998,13.53725,0.067375,0.108837,6.763415
07/12/2019 20:49:00.000000,0.229116,,,,
07/12/2019 20:50:00.000000,0.238668,11.12425,0.074675,0.056646,6.460465
07/12/2019 20:51:00.000000,0.245527,6.912,0.0761,29.297561,5.917073
07/12/2019 20:52:00.000000,0.206994,7.246,0.07865,0.05901,5.29
07/12/2019 20:53:00.000000,0.219947,7.21525,0.07915,0.048626,5.628571
07/12/2019 20:54:00.000000,0.216464,8.3915,0.0766,0.044749,5.275
07/12/2019 20:55:00.000000,0.246326,13.995,0.072075,29.857143,9.142857
07/12/2019 20:56:00.000000,0.301231,10.70125,0.072225,29.628571,7.685714
07/12/2019 20:57:00.000000,0.260559,9.13775,0.0744,0.027156,6.186667
07/12/2019 20:58:00.000000,0.235347,12.791,0.075075,0.041073,4.634146
07/12/2019 20:59:00.000000,0.329187,13.369,0.073,34.865116,8.334884
07/12/2019 21:00:00.000000,0.449184,12.616,0.074675,0.023835,8.195556
07/12/2019 21:01:00.000000,0.360274,11.8535,0.076725,0.020084,5.504651
07/12/2019 21:02:00.000000,0.207606,11.41675,0.0755,0.070159,6.016667
07/12/2019 21:03:00.000000,0.212211,10.91625,0.07595,38.115,7.355
07/12/2019 21:04:00.000000,0.211914,13.57425,0.076325,30.656098,5.465854
07/12/2019 21:05:00.000000,0.197444,18.33925,0.0755,31.82093,10.77907
07/12/2019 21:06:00.000000,0.196603,11.27525,0.075875,0.058343,6.74878
07/12/2019 21:07:00.000000,0.282304,13.936,0.075875,40.115385,7.846154
07/12/2019 21:08:00.000000,0.336824,13.61675,0.076625,15.994595,4.848649
07/12/2019 21:09:00.000000,0.216394,10.36475,0.078725,24.692683,6.67561
07/12/2019 21:10:00.000000,0.176809,9.9985,0.0788,0.053553,7.1
07/12/2019 21:11:00.000000,0.203015,11.6305,0.07635,36.705263,5.331579
07/12/2019 21:12:00.000000,0.211187,6.70375,0.078375,0.041997,5.325581
07/12/2019 21:13:00.000000,0.179605,7.59075,0.080025,0.058596,5.236364
07/12/2019 21:14:00.000000,0.171583,7.95175,0.080225,20.988571,5.005714
07/12/2019 21:15:00.000000,0.203129,8.252,0.07885,0.044083,6.275
07/12/2019 21:16:00.000000,0.245267,8.82225,0.0775,23.071429,5.642857
07/12/2019 21:17:00.000000,0.201398,9.33025,0.077625,45.383333,4.916667
07/12/2019 21:18:00.000000,0.204202,9.4585,0.077375,0.04616,4.548837
07/12/2019 21:19:00.000000,0.197601,8.8535,0.0762,27.2,8.357143
07/12/2019 21:20:00.000000,0.185148,16.8955,0.070825,38.937209,6.332558
07/12/2019 21:21:00.000000,0.199041,11.4675,0.070575,0.043249,5.383721
07/12/2019 21:22:00.000000,0.213139,8.90475,0.07485,25.432558,4.783721
07/12/2019 21:23:00.000000,0.185571,9.86325,0.0762,0.033022,7.82
07/12/2019 21:24:00.000000,0.225027,9.62825,0.07295,26.965854,4.202439
07/12/2019 21:25:00.000000,0.334054,10.87,0.072625,24.382927,8.109756
07/12/2019 21:26:00.000000,0.287663,10.89675,0.076075,0.04749,7.816667
07/12/2019 21:27:00.000000,0.255617,10.5225,0.0727,0.075064,4.674419
07/12/2019 21:28:00.000000,0.218846,11.5725,0.072975,0.055951,4.542857
07/12/2019 21:29:00.000000,0.2001,11.24975,0.076375,8.2375,3.835
07/12/2019 21:30:00.000000,0.29222,14.8765,0.075225,0.016011,5.141304
07/12/2019 21:31:00.000000,0.443029,15.6065,0.0718,0.04058,6.464516
07/12/2019 21:32:00.000000,0.31907,15.11375,0.071475,38.64375,7.178125
07/12/2019 21:33:00.000000,0.268902,21.0465,0.0692,0.035579,6.171429
07/12/2019 21:34:00.000000,0.274799,12.44425,0.0685,0.006432,3.45
07/12/2019 21:35:00.000000,0.232138,11.41675,0.069925,0.040298,3.6
07/12/2019 21:36:00.000000,0.215272,24.832,0.0551,0.050885,5.802273
07/12/2019 21:37:00.000000,0.26781,17.37875,0.070775,31.053846,5.1
07/12/2019 21:38:00.000000,0.215253,17.03425,0.0661,0.036445,5.92439
07/12/2019 21:39:00.000000,0.247195,16.137,0.066975,19.617949,5.592308
07/12/2019 21:40:00.000000,0.399507,17.1365,0.067175,26.94359,7.192308
07/12/2019 21:41:00.000000,0.36348,9.169,0.0712,0.030812,4.306061
07/12/2019 21:42:00.000000,0.218733,10.362,0.072,0.033639,4.294118
07/12/2019 21:43:00.000000,0.224391,14.584,0.0684,34.07,5.32
07/12/2019 21:44:00.000000,0.259515,14.35375,0.07085,42.157576,4.654545
07/12/2019 21:45:00.000000,0.257607,14.097,0.0727,0.061158,6.051613
07/12/2019 21:46:00.000000,0.241874,13.34275,0.0764,43.4,8.613333
07/12/2019 21:47:00.000000,0.211199,12.27175,0.079425,24.14,4.58
07/12/2019 21:48:00.000000,0.196433,11.12775,0.08065,0.038727,5.958824
07/12/2019 21:49:00.000000,0.271797,10.10625,0.080175,0.043185,5.097368
07/12/2019 21:50:00.000000,0.280393,9.20275,0.074425,23.838636,5.590909
07/12/2019 21:51:00.000000,0.262131,9.17975,0.062525,31.6,4.97027
07/12/2019 21:52:00.000000,0.227609,4.2665,0.05715,0.031663,5.873913
07/12/2019 21:53:00.000000,0.174304,5.06875,0.056,0.04909,4.307317
07/12/2019 21:54:00.000000,0.161594,5.74,0.05455,23.769231,4.0
07/12/2019 21:55:00.000000,0.180887,5.5635,0.053825,0.018899,2.821053
07/12/2019 21:56:00.000000,0.195614,5.44025,0.0532,0.023982,7.504651
07/12/2019 21:57:00.000000,0.195631,5.43,0.052833,59.763636,7.781818
07/12/2019 21:58:00.000000,0.195757,5.4025,0.05245,56.564865,4.181081
07/12/2019 21:59:00.000000,0.194723,5.27525,0.05365,0.018878,4.7
07/12/2019 22:00:00.000000,0.187342,5.26625,0.054225,0.04005,4.815
07/12/2019 22:01:00.000000,0.181688,11.11475,0.051525,22.529545,4.022727
07/12/2019 22:02:00.000000,0.082097,12.2955,0.048375,0.011242,2.965
07/12/2019 22:03:00.000000,0.012153,9.6045,0.04944,39.951351,6.291892
07/12/2019 22:04:00.000000,-9999.0,7.40975,0.049833,25.55,5.766667
07/12/2019 22:05:00.000000,-9999.0,8.71125,0.049425,0.015591,3.534884
07/12/2019 22:06:00.000000,-9999.0,8.6915,0.049775,0.049635,3.793478
07/12/2019 22:07:00.000000,-9999.0,13.225,0.047575,16.157143,2.357143
07/12/2019 22:08:00.000000,-9999.0,10.899,0.0444,0.012953,2.54186
07/12/2019 22:09:00.000000,-9999.0,9.3725,0.04685,0.028637,4.797674
07/12/2019 22:10:00.000000,-9999.0,7.78425,0.0493,0.028541,2.3
07/12/2019 22:11:00.000000,-9999.0,7.11175,0.052,4.621429,2.128571
07/12/2019 22:12:00.000000,0.076455,7.09375,0.05235,0.006964,2.028571
07/12/2019 22:13:00.000000,0.175228,7.12475,0.05235,0.057885,2.344186
07/12/2019 22:14:00.000000,0.203679,7.156,0.05215,0.018641,2.73913
07/12/2019 22:15:00.000000,0.281555,7.701,0.04975,23.607317,4.336585
07/12/2019 22:16:00.000000,0.41304,8.1055,0.0484,0.031508,3.375
07/12/2019 22:17:00.000000,0.327962,8.6435,0.049925,16.844444,3.955556
07/12/2019 22:18:00.000000,0.249264,10.847,0.0494,0.034047,3.348837
07/12/2019 22:19:00.000000,0.234169,7.352,0.051175,0.005057,2.027907
07/12/2019 22:20:00.000000,0.207908,6.1495,0.0527,4.27561,2.960976
07/12/2019 22:21:00.000000,0.202368,6.05625,0.052925,10.637209,4.834884
07/12/2019 22:22:00.000000,0.206551,6.26525,0.05215,6.068293,2.453659
07/12/2019 22:23:00.000000,0.191283,6.52775,0.0511,8.746512,2.344186
07/12/2019 22:24:00.000000,0.19358,7.1215,0.049425,10.159574,2.487234
07/12/2019 22:25:00.000000,0.224082,7.48225,0.048625,3.385366,2.243902
07/12/2019 22:26:00.000000,0.228481,8.07325,0.0482,0.008474,3.204651
07/12/2019 22:27:00.000000,0.23207,8.331,0.049775,19.476744,3.065116
07/12/2019 22:28:00.000000,0.207581,8.484,0.052075,8.076744,2.74186
07/12/2019 22:29:00.000000,0.193192,8.86925,0.051775,16.476923,3.376923
07/12/2019 22:30:00.000000,0.220032,9.63025,0.050525,0.011281,2.243243
07/12/2019 22:31:00.000000,0.249231,6.892,0.05155,0.010274,4.115385
07/12/2019 22:32:00.000000,0.211754,6.079,0.05335,2.62619,2.185714
07/12/2019 22:33:00.000000,0.225763,11.1565,0.05245,0.022387,2.784615
07/12/2019 22:34:00.000000,0.235467,11.4688,0.05036,0.031043,2.416667
07/12/2019 22:35:00.000000,0.209688,11.015,0.051625,10.857143,2.214286
07/12/2019 22:36:00.000000,0.19984,10.3425,0.05445,0.013838,2.714286
07/12/2019 22:37:00.000000,0.206458,9.55875,0.056175,0.004419,2.042105
07/12/2019 22:38:00.000000,0.29607,8.908,0.055125,0.011871,2.606977
07/12/2019 22:39:00.000000,0.263925,8.5015,0.05325,0.01066,2.446154
07/12/2019 22:40:00.000000,0.223364,7.8045,0.05385,0.022912,2.148649
07/12/2019 22:41:00.000000,0.185352,7.15125,0.053975,10.875,2.865
07/12/2019 22:42:00.000000,0.176247,6.71325,0.053575,0.008174,2.487805
07/12/2019 22:43:00.000000,0.180491,6.272,0.0544,0.011199,3.96
07/12/2019 22:44:00.000000,0.229788,6.10775,0.05565,10.572727,2.972727
07/12/2019 22:45:00.000000,0.199113,5.95875,0.056175,15.05,2.19
07/12/2019 22:46:00.000000,0.169793,5.926,0.054025,8.24878,3.636585
07/12/2019 22:47:00.000000,0.18159,5.78,0.052075,0.011051,4.316667
07/12/2019 22:48:00.000000,0.176808,5.766,0.05325,20.957143,2.983333
07/12/2019 22:49:00.000000,0.164383,5.56675,0.0539,0.004712,1.928571
07/12/2019 22:50:00.000000,0.191308,9.23025,0.0505,0.003394,2.561538
07/12/2019 22:51:00.000000,0.243207,15.87325,0.0492,6.385714,2.357143
07/12/2019 22:52:00.000000,0.281215,10.33425,0.05085,4.25,2.133333
07/12/2019 22:53:00.000000,0.268448,7.619,0.0533,6.576923,3.538462
07/12/2019 22:54:00.000000,0.257219,8.844,0.052825,8.92439,2.390244
07/12/2019 22:55:00.000000,0.294097,11.33175,0.050075,0.013184,2.188372
07/12/2019 22:56:00.000000,0.320523,14.9185,0.0498,0.018755,3.409091
07/12/2019 22:57:00.000000,0.313628,12.6245,0.05015,2.919048,1.628571
07/12/2019 22:58:00.000000,0.298483,8.40775,0.0518,0.013286,1.465
07/12/2019 22:59:00.000000,0.268371,6.6185,0.054225,6.783333,2.116667
07/12/2019 23:00:00.000000,0.256756,6.347,0.055625,0.017012,2.034146
07/12/2019 23:01:00.000000,0.224999,6.98925,0.0542,6.995349,2.860465
07/12/2019 23:02:00.000000,0.243974,9.683,0.048975,4.774419,2.311628
07/12/2019 23:03:00.000000,0.330012,20.892,0.0425,0.009066,2.285714
07/12/2019 23:04:00.000000,0.339062,8.84375,0.055125,15.295122,1.636585
07/12/2019 23:05:00.000000,0.244473,5.5585,0.058125,0.017167,3.248571
07/12/2019 23:06:00.000000,0.182368,6.98125,0.058375,25.615,2.025
07/12/2019 23:07:00.000000,0.174275,5.95575,0.057575,0.016345,3.415
07/12/2019 23:08:00.000000,0.200486,6.19525,0.056925,19.902222,2.517778
07/12/2019 23:09:00.000000,0.234353,6.6985,0.05485,7.69,2.3825
07/12/2019 23:10:00.000000,0.24176,6.85125,0.0548,0.010689,4.828571
07/12/2019 23:11:00.000000,0.218237,6.68375,0.056525,12.453333,3.711111
07/12/2019 23:12:00.000000,0.302625,11.5365,0.05305,6.810256,3.061538
07/12/2019 23:13:00.000000,0.450397,11.2465,0.051475,0.020195,3.860465
07/12/2019 23:14:00.000000,0.50084,7.1035,0.055725,0.005291,1.780488
07/12/2019 23:15:00.000000,0.438947,8.1105,0.057375,0.007497,2.6
07/12/2019 23:16:00.000000,0.381064,7.44825,0.056175,20.576923,4.576923
07/12/2019 23:17:00.000000,0.51781,7.3555,0.056075,0.013554,4.313953
07/12/2019 23:18:00.000000,0.314841,7.1955,0.056925,0.006552,2.190698
07/12/2019 23:19:00.000000,0.205101,7.06675,0.0563,25.753488,2.832558
07/12/2019 23:20:00.000000,0.250669,7.32775,0.054975,0.018639,4.806977
07/12/2019 23:21:00.000000,0.339829,7.31475,0.056175,0.009248,3.728571
07/12/2019 23:22:00.000000,0.374142,7.169,0.056475,0.015765,5.471429
07/12/2019 23:23:00.000000,0.340161,7.3235,0.0542,3.357143,2.542857
07/12/2019 23:24:00.000000,0.278408,7.537,0.054175,16.097297,2.586486
07/12/2019 23:25:00.000000,0.218585,7.59625,0.054625,53.493023,2.197674
07/12/2019 23:26:00.000000,0.206046,7.7925,0.054425,0.028029,3.558333
07/12/2019 23:27:00.000000,0.217748,7.862,0.05425,0.013595,3.019512
07/12/2019 23:28:00.000000,0.223386,7.4065,0.05495,0.026056,3.821622
07/12/2019 23:29:00.000000,0.247114,,,,
07/12/2019 23:30:00.000000,0.19862,6.951,0.058275,23.4125,3.259375
07/12/2019 23:31:00.000000,0.175038,6.66475,0.057725,37.07027,3.383784
07/12/2019 23:32:00.000000,0.201836,6.83125,0.055275,21.117949,3.569231
07/12/2019 23:33:00.000000,0.283856,7.21375,0.053225,15.483721,3.432558
07/12/2019 23:34:00.000000,0.375496,7.703,0.052575,0.013323,3.4
07/12/2019 23:35:00.000000,0.308889,8.37975,0.053175,16.911628,5.809302
07/12/2019 23:36:00.000000,0.246332,8.7245,0.0557,0.031623,4.33
07/12/2019 23:37:00.000000,0.20337,8.91125,0.058025,27.706977,7.355814
07/12/2019 23:38:00.000000,0.171902,9.02825,0.059575,0.005707,3.211628
07/12/2019 23:39:00.000000,0.166042,9.0045,0.059075,21.818182,4.459091
07/12/2019 23:40:00.000000,0.177843,9.0185,0.057225,0.01208,3.423256
07/12/2019 23:41:00.000000,0.205237,8.9955,0.055875,118.485714,3.114286
07/12/2019 23:42:00.000000,0.210134,8.43825,0.056675,0.056422,3.683333
07/12/2019 23:43:00.000000,0.192784,7.692,0.057525,0.045611,3.886047
07/12/2019 23:44:00.000000,0.215699,7.42175,0.057525,0.012364,3.053846
07/12/2019 23:45:00.000000,0.21507,7.432,0.057325,0.015552,5.042857
07/12/2019 23:46:00.000000,0.189399,7.52075,0.056775,11.025,3.2125
07/12/2019 23:47:00.000000,0.197266,8.10675,0.054875,0.014537,4.983333
07/12/2019 23:48:00.000000,0.231499,8.303,0.05305,20.58,5.23
07/12/2019 23:49:00.000000,0.254011,,,,
07/12/2019 23:50:00.000000,0.206086,8.716,0.053,25.721951,4.507317
07/12/2019 23:51:00.000000,0.208449,7.304,0.055025,0.010916,3.368421
07/12/2019 23:52:00.000000,0.195117,7.109,0.056825,0.03247,3.27
07/12/2019 23:53:00.000000,0.168726,6.9175,0.057175,0.01904,3.982927
07/12/2019 23:54:00.000000,0.186705,6.768,0.05725,0.006739,2.939024
07/12/2019 23:55:00.000000,0.289334,6.77925,0.055,13.280488,2.870732
07/12/2019 23:56:00.000000,0.302302,6.90025,0.0541,0.023999,4.785714
07/12/2019 23:57:00.000000,0.254312,6.883,0.05525,11.733333,4.464103
07/12/2019 23:58:00.000000,0.304432,7.0215,0.0538,63.071429,3.466667
07/12/2019 23:59:00.000000,0.409857,6.889,0.055775,0.010673,2.713953
07/13/2019 00:00:00.000000,0.243611,6.755,0.05685,2.261538,2.261538
07/13/2019 00:01:00.000000,0.15984,6.7875,0.056325,22.515,4.835
07/13/2019 00:02:00.000000,0.148654,6.87775,0.0556,22.32973,3.708108
07/13/2019 00:03:00.000000,0.162602,6.79075,0.0555,14.972093,2.625581
07/13/2019 00:04:00.000000,0.19028,6.56925,0.05525,0.009883,3.785714
07/13/2019 00:05:00.000000,0.2742,6.57925,0.05445,0.016241,2.895
07/13/2019 00:06:00.000000,0.242418,6.34025,0.05445,0.01898,6.3
07/13/2019 00:07:00.000000,0.189181,6.32775,0.054975,16.12439,7.014634
07/13/2019 00:08:00.000000,0.17784,6.63275,0.05375,0.008241,3.243902
07/13/2019 00:09:00.000000,0.190875,6.02025,0.05215,0.013743,4.365909
07/13/2019 00:10:00.000000,0.206548,10.43925,0.050725,0.038785,3.0
07/13/2019 00:11:00.000000,0.213878,9.4385,0.051275,19.085714,5.785714
07/13/2019 00:12:00.000000,0.208016,7.22675,0.053275,9.938462,3.674359
07/13/2019 00:13:00.000000,0.185167,8.50125,0.052775,0.008,3.272093
07/13/2019 00:14:00.000000,0.181278,8.89475,0.05095,0.011802,5.085
07/13/2019 00:15:00.000000,0.212761,10.5345,0.04805,0.021819,3.771429
07/13/2019 00:16:00.000000,0.232506,9.46,0.049475,0.010841,4.976316
07/13/2019 00:17:00.000000,0.193839,8.3155,0.051675,15.559091,2.954545
07/13/2019 00:18:00.000000,0.171218,9.88575,0.0505,12.125,3.875
07/13/2019 00:19:00.000000,0.187431,9.79725,0.05115,0.010376,3.417073
07/13/2019 00:20:00.000000,0.184535,9.383,0.052775,7.128571,3.385714
07/13/2019 00:21:00.000000,0.173678,9.00375,0.052925,34.65,3.3125
07/13/2019 00:22:00.000000,0.166782,8.668,0.052625,29.721951,3.043902
07/13/2019 00:23:00.000000,0.160572,8.47775,0.0515,0.007048,3.336364
07/13/2019 00:24:00.000000,0.164599,8.201,0.0514,9.695349,4.002326
07/13/2019 00:25:00.000000,0.174271,8.00825,0.050925,6.11,2.91
07/13/2019 00:26:00.000000,0.215335,7.88225,0.050275,0.022411,2.957143
07/13/2019 00:27:00.000000,0.233256,8.31275,0.0491,0.019304,4.243902
07/13/2019 00:28:00.000000,0.26749,8.42725,0.05,0.022147,4.157143
07/13/2019 00:29:00.000000,0.216678,,,,
07/13/2019 00:30:00.000000,0.204557,8.69225,0.049025,0.021118,5.142857
07/13/2019 00:31:00.000000,0.210468,8.843,0.048075,0.014681,3.9975
07/13/2019 00:32:00.000000,0.180033,9.24875,0.048175,0.006754,3.097674
07/13/2019 00:33:00.000000,0.155817,9.364,0.049075,0.012927,3.516279
07/13/2019 00:34:00.000000,0.162096,9.53675,0.047925,17.814286,3.342857
07/13/2019 00:35:00.000000,0.231129,9.58425,0.0461,0.008389,3.05
07/13/2019 00:36:00.000000,0.279224,10.17675,0.04485,0.014742,3.939024
07/13/2019 00:37:00.000000,0.24256,10.77975,0.0448,0.012663,3.165
07/13/2019 00:38:00.000000,0.236967,11.30275,0.044475,15.931818,6.279545
07/13/2019 00:39:00.000000,0.245675,11.9015,0.0427,0.008748,4.071429
07/13/2019 00:40:00.000000,0.267208,12.40475,0.0425,17.439024,5.092683
07/13/2019 00:41:00.000000,0.229796,13.18825,0.04215,0.012262,3.326829
07/13/2019 00:42:00.000000,0.227958,13.429,0.0437,0.024841,3.928571
07/13/2019 00:43:00.000000,0.209917,13.25,0.04625,0.020282,3.095349
07/13/2019 00:44:00.000000,0.172441,13.242,0.045675,6.380488,2.643902
07/13/2019 00:45:00.000000,0.179229,13.28925,0.044367,0.019892,3.535
07/13/2019 00:46:00.000000,0.200354,12.88225,0.04605,10.246512,4.202326
07/13/2019 00:47:00.000000,0.206188,12.7925,0.0453,0.007007,3.177273
07/13/2019 00:48:00.000000,0.258548,12.4525,0.044875,7.7,3.5
07/13/2019 00:49:00.000000,0.218352,11.876,0.0463,12.4,3.016667
07/13/2019 00:50:00.000000,0.187841,11.65175,0.047025,16.52439,4.35122
07/13/2019 00:51:00.000000,0.167204,12.02475,0.04555,0.01559,3.641026
07/13/2019 00:52:00.000000,0.169568,11.739,0.04485,0.011804,2.738462
07/13/2019 00:53:00.000000,0.158722,11.4345,0.046475,0.086054,2.517073
07/13/2019 00:54:00.000000,0.157251,11.072,0.047,0.012721,3.095
07/13/2019 00:55:00.000000,0.163055,10.11325,0.0491,0.018747,3.541463
07/13/2019 00:56:00.000000,0.146685,9.57775,0.049025,0.108302,48.336364
07/13/2019 00:57:00.000000,0.143281,9.4595,0.046625,30.377273,12.652273
07/13/2019 00:58:00.000000,0.162136,9.48675,0.045275,0.010421,3.2
07/13/2019 00:59:00.000000,0.19819,9.26525,0.04425,0.010958,3.170732
07/13/2019 01:00:00.000000,0.224181,9.06975,0.04455,0.047588,2.866667
07/13/2019 01:01:00.000000,0.211294,8.9915,0.045475,0.014084,3.225
07/13/2019 01:02:00.000000,0.198255,9.15875,0.045075,0.010158,2.271429
07/13/2019 01:03:00.000000,0.181068,9.70375,0.04405,0.020501,2.526829
07/13/2019 01:04:00.000000,0.171654,12.36125,0.04245,0.017051,3.2
07/13/2019 01:05:00.000000,0.1985,13.06875,0.0405,10.238462,3.384615
07/13/2019 01:06:00.000000,0.231862,9.522,0.0423,0.017093,2.726316
07/13/2019 01:07:00.000000,0.202137,10.3455,0.04455,12.853846,3.446154
07/13/2019 01:08:00.000000,0.173543,11.55625,0.04395,10.66,3.855
07/13/2019 01:09:00.000000,0.177772,11.024,0.0439,0.007443,2.781395
07/13/2019 01:10:00.000000,0.232151,9.0665,0.04285,0.016883,2.6
07/13/2019 01:11:00.000000,0.447265,7.68075,0.0419,11.1,3.183333
07/13/2019 01:12:00.000000,0.314669,8.72675,0.040625,0.010828,2.96
07/13/2019 01:13:00.000000,0.18213,8.8705,0.042075,8.4,3.152632
07/13/2019 01:14:00.000000,0.167786,10.145,0.04205,0.012998,3.7
07/13/2019 01:15:00.000000,0.196169,10.27525,0.041425,16.94,3.54
07/13/2019 01:16:00.000000,0.226994,10.55125,0.039925,0.023287,5.666667
07/13/2019 01:17:00.000000,0.22316,10.5675,0.04025,8.814634,3.678049
07/13/2019 01:18:00.000000,0.202455,10.4485,0.0427,8.84,4.475
07/13/2019 01:19:00.000000,0.176976,9.952,0.043775,3.139024,2.395122
07/13/2019 01:20:00.000000,0.167585,9.4345,0.044825,0.005802,2.51
07/13/2019 01:21:00.000000,0.173814,9.058,0.0442,29.972727,2.347727
07/13/2019 01:22:00.000000,0.178531,8.478,0.043975,0.024473,3.0875
07/13/2019 01:23:00.000000,0.172678,7.97575,0.0443,0.012089,3.628571
07/13/2019 01:24:00.000000,0.167737,7.1975,0.044975,7.227907,3.786047
07/13/2019 01:25:00.000000,0.180402,6.629,0.044325,6.76,2.95
07/13/2019 01:26:00.000000,0.204666,6.4405,0.043325,0.017724,2.886957
07/13/2019 01:27:00.000000,0.194921,6.737,0.043825,0.005368,2.128571
07/13/2019 01:28:00.000000,0.178034,6.934,0.04335,0.011789,2.426829
07/13/2019 01:29:00.000000,0.184134,7.18375,0.042625,4.85,2.245
07/13/2019 01:30:00.000000,0.166446,7.9325,0.04115,0.010905,5.114286
07/13/2019 01:31:00.000000,0.193243,8.36975,0.0416,12.49,4.07
07/13/2019 01:32:00.000000,0.200136,8.60325,0.042925,0.014105,2.894118
07/13/2019 01:33:00.000000,0.192834,8.82975,0.042075,3.202439,2.017073
07/13/2019 01:34:00.000000,0.252402,8.979,0.041075,12.532558,2.737209
07/13/2019 01:35:00.000000,0.228884,9.2525,0.039875,10.575,3.495
07/13/2019 01:36:00.000000,0.231203,9.47875,0.04105,6.312195,3.336585
07/13/2019 01:37:00.000000,0.222456,9.4825,0.042025,0.008284,2.55
07/13/2019 01:38:00.000000,0.171851,9.1325,0.04085,7.225,2.91
07/13/2019 01:39:00.000000,0.199066,12.16525,0.036325,4.471429,2.657143
07/13/2019 01:40:00.000000,0.3091,13.6315,0.034575,6.635,2.09
07/13/2019 01:41:00.000000,0.30388,10.66925,0.038275,0.029847,2.774419
07/13/2019 01:42:00.000000,0.207164,8.44125,0.04115,14.337209,3.760465
07/13/2019 01:43:00.000000,0.17605,8.495,0.041375,0.008179,2.821951
07/13/2019 01:44:00.000000,0.259469,8.82525,0.039375,0.025252,2.77
07/13/2019 01:45:00.000000,0.350044,8.9405,0.03945,9.339535,2.197674
07/13/2019 01:46:00.000000,0.286444,9.01475,0.040325,13.986667,2.691111
07/13/2019 01:47:00.000000,0.245354,8.92625,0.040975,3.817073,2.053659
07/13/2019 01:48:00.000000,0.20091,8.65725,0.04285,4.034146,1.985366
07/13/2019 01:49:00.000000,0.157866,8.392,0.0431,2.125,1.83
07/13/2019 01:50:00.000000,0.158538,8.01575,0.044425,0.002392,1.883784
07/13/2019 01:51:00.000000,0.159212,7.5265,0.046075,0.015272,3.018605
07/13/2019 01:52:00.000000,0.14203,6.6805,0.0456,3.852381,1.985714
07/13/2019 01:53:00.000000,0.18379,6.26375,0.04405,4.675,2.38
07/13/2019 01:54:00.000000,0.207188,5.994,0.043025,6.891176,3.438235
07/13/2019 01:55:00.000000,0.172277,5.99825,0.04275,0.008431,2.246667
07/13/2019 01:56:00.000000,0.1749,6.007333,0.0432,0.028704,3.892308
07/13/2019 01:57:00.000000,0.185646,6.0175,0.043575,11.11,2.925
07/13/2019 01:58:00.000000,0.188441,6.098,0.0439,0.005558,2.416216
07/13/2019 01:59:00.000000,0.170431,6.20125,0.044875,0.009915,3.776744
07/13/2019 02:00:00.000000,0.14902,6.2375,0.04545,4.257143,2.75
07/13/2019 02:01:00.000000,0.140385,6.15025,0.04545,0.00246,1.84
07/13/2019 02:02:00.000000,0.147777,5.8505,0.045775,3.648,2.228
07/13/2019 02:03:00.000000,0.144526,5.56975,0.045175,0.005014,2.388571
07/13/2019 02:04:00.000000,0.141001,5.565,0.044375,0.007569,3.505
07/13/2019 02:05:00.000000,0.145938,5.726,0.042825,7.082353,3.041176
07/13/2019 02:06:00.000000,0.182478,5.977,0.04135,2.96,2.122222
07/13/2019 02:07:00.000000,0.228688,6.2265,0.041375,7.207317,2.978049
07/13/2019 02:08:00.000000,0.200933,6.3145,0.04275,0.007317,3.4325
07/13/2019 02:09:00.000000,0.184731,6.79075,0.04215,5.3,3.797436
07/13/2019 02:10:00.000000,0.170312,7.111,0.042225,2.611628,2.365116
07/13/2019 02:11:00.000000,0.210548,7.507,0.0418,0.012998,2.365
07/13/2019 02:12:00.000000,0.273142,7.8015,0.0405,0.009659,2.343902
07/13/2019 02:13:00.000000,0.243451,7.65675,0.042475,4.5525,2.455
07/13/2019 02:14:00.000000,0.212567,7.34175,0.04415,0.008168,3.285714
07/13/2019 02:15:00.000000,0.186152,9.38125,0.0437,9.509524,4.285714
07/13/2019 02:16:00.000000,0.211312,8.1425,0.0425,5.436364,3.147727
07/13/2019 02:17:00.000000,0.201943,13.181,0.03885,4.0,2.7225
07/13/2019 02:18:00.000000,0.210065,10.50675,0.038125,3.267442,3.016279
07/13/2019 02:19:00.000000,0.202937,16.98325,0.0356,0.004116,3.182927
07/13/2019 02:20:00.000000,0.240941,13.0045,0.035425,0.015287,3.915385
07/13/2019 02:21:00.000000,0.272108,11.321,0.038,0.009386,2.559459
07/13/2019 02:22:00.000000,0.283051,6.7845,0.0406,8.774286,4.211429
07/13/2019 02:23:00.000000,0.250452,6.83425,0.042425,13.557143,2.66
07/13/2019 02:24:00.000000,0.199873,10.5145,0.04225,0.008357,2.538462
07/13/2019 02:25:00.000000,0.182762,18.55975,0.035925,10.367857,5.010714
07/13/2019 02:26:00.000000,0.233562,16.908,0.03355,5.872093,3.02093
07/13/2019 02:27:00.000000,0.25601,13.6585,0.035475,6.91,3.18
07/13/2019 02:28:00.000000,0.248355,14.7595,0.036175,6.787805,2.553659
07/13/2019 02:29:00.000000,0.265026,14.00475,0.03585,0.00497,3.161538
07/13/2019 02:30:00.000000,0.276528,13.605,0.037833,0.015708,3.128571
07/13/2019 02:31:00.000000,0.254996,12.959,0.039925,7.65,2.845
07/13/2019 02:32:00.000000,0.212225,12.26625,0.040325,0.02007,2.8
07/13/2019 02:33:00.000000,0.206674,11.528,0.04085,4.857143,2.714286
07/13/2019 02:34:00.000000,0.306621,11.26,0.03925,0.005075,3.956757
07/13/2019 02:35:00.000000,0.561015,11.5855,0.035075,0.022188,4.504762
07/13/2019 02:36:00.000000,0.585106,11.747,0.033125,10.085714,3.578571
07/13/2019 02:37:00.000000,0.445845,11.125,0.037575,6.705,3.2175
07/13/2019 02:38:00.000000,0.32272,10.69825,0.0418,0.006417,2.111628
07/13/2019 02:39:00.000000,0.228556,10.40825,0.043075,3.428571,2.071429
07/13/2019 02:40:00.000000,0.178888,10.16075,0.042525,5.163415,2.1
07/13/2019 02:41:00.000000,0.240248,10.058,0.04155,2.743243,2.1
07/13/2019 02:42:00.000000,0.350564,9.96425,0.03926,0.003016,2.39
07/13/2019 02:43:00.000000,0.341399,8.9445,0.038867,8.711765,2.691176
07/13/2019 02:44:00.000000,0.296082,8.255,0.03955,13.528571,2.528571
07/13/2019 02:45:00.000000,0.260583,8.31475,0.040125,3.872093,2.5
07/13/2019 02:46:00.000000,0.364688,8.457,0.0406,6.630233,3.169767
07/13/2019 02:47:00.000000,0.278477,8.58725,0.042,0.00488,3.128571
07/13/2019 02:48:00.000000,0.200236,8.8115,0.041075,0.008629,3.185714
07/13/2019 02:49:00.000000,0.227175,8.87275,0.04015,0.005152,3.285714
07/13/2019 02:50:00.000000,0.204067,8.45675,0.041,0.003959,2.871429
07/13/2019 02:51:00.000000,0.200969,8.251,0.041325,0.009656,3.739024
07/13/2019 02:52:00.000000,0.232049,8.2205,0.041025,7.838462,4.153846
07/13/2019 02:53:00.000000,0.381128,8.40875,0.039225,6.825,4.71
07/13/2019 02:54:00.000000,0.376995,8.7335,0.038525,0.004021,2.82093
07/13/2019 02:55:00.000000,0.258103,9.3035,0.0368,9.325,3.829545
07/13/2019 02:56:00.000000,0.268249,9.6255,0.03565,0.007268,4.082927
07/13/2019 02:57:00.000000,0.500052,9.88875,0.037025,0.020086,3.497674
07/13/2019 02:58:00.000000,0.590348,10.13775,0.03755,8.414634,3.814634
07/13/2019 02:59:00.000000,0.405895,10.563,0.037175,0.006891,3.476923
07/13/2019 03:00:00.000000,0.443553,10.361,0.03995,1.97561,1.778049
07/13/2019 03:01:00.000000,0.436499,9.8595,0.04195,0.00729,2.31
07/13/2019 03:02:00.000000,0.280361,9.4205,0.04115,0.02872,2.826829
07/13/2019 03:03:00.000000,0.212372,8.8745,0.04185,0.004508,1.904878
07/13/2019 03:04:00.000000,0.236645,8.2335,0.0428,7.760976,2.446341
07/13/2019 03:05:00.000000,0.518449,8.04725,0.041625,0.018523,3.678049
07/13/2019 03:06:00.000000,0.449599,8.3325,0.03795,15.476744,3.813953
07/13/2019 03:07:00.000000,0.333005,8.2985,0.03695,0.021179,3.205
07/13/2019 03:08:00.000000,0.270526,9.1545,0.03535,0.015783,3.78
07/13/2019 03:09:00.000000,0.36953,9.71925,0.034875,0.013471,4.04878
07/13/2019 03:10:00.000000,0.451959,10.01975,0.037475,0.02666,3.053846
07/13/2019 03:11:00.000000,0.341725,10.72175,0.03785,0.007959,2.645
07/13/2019 03:12:00.000000,0.304454,11.31475,0.0379,0.008451,3.546512
07/13/2019 03:13:00.000000,0.305579,11.305,0.039125,0.013492,4.612195
07/13/2019 03:14:00.000000,0.257539,10.90125,0.039425,0.027162,3.865
07/13/2019 03:15:00.000000,0.261379,22.6855,0.0343,11.24186,3.281395
07/13/2019 03:16:00.000000,0.335931,24.11275,0.027175,0.003284,2.215385
07/13/2019 03:17:00.000000,0.323558,15.9165,0.030325,0.008608,3.114286
07/13/2019 03:18:00.000000,0.356591,13.8845,0.0322,4.968182,3.213636
07/13/2019 03:19:00.000000,0.430452,14.00125,0.0334,0.015783,4.232558
07/13/2019 03:20:00.000000,0.456815,13.16325,0.033375,0.0221,3.028571
07/13/2019 03:21:00.000000,0.39893,14.672,0.03385,5.502222,2.72
07/13/2019 03:22:00.000000,0.294111,11.708,0.033875,6.625,4.4
07/13/2019 03:23:00.000000,0.270275,9.55075,0.0366,0.008587,4.7
07/13/2019 03:24:00.000000,0.251014,9.78525,0.037775,0.012446,5.728571
07/13/2019 03:25:00.000000,0.255032,9.85175,0.0384,0.003828,2.912195
07/13/2019 03:26:00.000000,0.246339,9.5405,0.03965,8.7,2.485
07/13/2019 03:27:00.000000,0.228188,9.2935,0.04025,0.004225,2.666667
07/13/2019 03:28:00.000000,0.195479,9.0325,0.039525,0.014214,3.205263
07/13/2019 03:29:00.000000,0.183086,8.75725,0.03945,10.307317,4.068293
07/13/2019 03:30:00.000000,0.181609,8.44575,0.03995,0.01071,3.428571
07/13/2019 03:31:00.000000,0.185348,8.1415,0.040025,3.354545,2.543182
07/13/2019 03:32:00.000000,0.281102,7.86375,0.0399,7.82093,3.002326
07/13/2019 03:33:00.000000,0.508843,7.87325,0.038925,3.310526,2.426316
07/13/2019 03:34:00.000000,0.467648,7.89025,0.0394,0.010467,4.351282
07/13/2019 03:35:00.000000,0.277281,7.81625,0.040575,0.004032,2.914286
07/13/2019 03:36:00.000000,0.204583,7.8655,0.039675,0.010508,3.390244
07/13/2019 03:37:00.000000,0.19952,8.0235,0.03845,25.072093,3.24186
07/13/2019 03:38:00.000000,0.230838,8.178,0.038725,8.435714,3.8
07/13/2019 03:39:00.000000,0.252141,8.609,0.037425,8.341026,3.812821
07/13/2019 03:40:00.000000,0.288082,9.16225,0.0335,5.331818,3.295455
07/13/2019 03:41:00.000000,0.283673,9.17175,0.0364,0.003259,2.526316
07/13/2019 03:42:00.000000,0.229524,9.163,0.039725,0.007604,3.174419
07/13/2019 03:43:00.000000,0.210774,9.5365,0.038775,0.007907,3.3
07/13/2019 03:44:00.000000,0.250083,9.856,0.036725,3.41,2.875
07/13/2019 03:45:00.000000,0.300717,9.844,0.037775,0.008346,3.568293
07/13/2019 03:46:00.000000,0.269336,10.043,0.037925,3.414634,2.931707
07/13/2019 03:47:00.000000,0.382381,15.416,0.03435,5.266667,3.742857
07/13/2019 03:48:00.000000,0.511601,20.73675,0.028275,0.014373,3.558537
07/13/2019 03:49:00.000000,0.526094,15.83075,0.0285,11.139535,3.5
07/13/2019 03:50:00.000000,0.484392,16.90975,0.029675,9.881395,5.651163
07/13/2019 03:51:00.000000,0.579512,17.49925,0.028275,8.071429,5.314286
07/13/2019 03:52:00.000000,0.785852,11.755,0.030725,0.013799,4.081395
07/13/2019 03:53:00.000000,0.608519,16.1085,0.032075,0.010822,3.9
07/13/2019 03:54:00.000000,0.583629,22.1445,0.026475,6.895349,4.072093
07/13/2019 03:55:00.000000,0.530385,28.1055,0.02115,3.561538,2.915385
07/13/2019 03:56:00.000000,0.43481,16.06625,0.02655,2.677778,2.615556
07/13/2019 03:57:00.000000,0.359248,18.8875,0.02815,0.002452,2.0
07/13/2019 03:58:00.000000,0.366943,16.26475,0.028,0.003411,2.582927
07/13/2019 03:59:00.000000,0.344781,14.1275,0.031125,14.665854,3.212195
07/13/2019 04:00:00.000000,0.394353,19.9685,0.029225,0.030431,3.215385
07/13/2019 04:01:00.000000,0.536657,11.771333,0.0306,20.095349,4.576744
07/13/2019 04:02:00.000000,0.11668,14.324,0.03225,0.01085,4.305
07/13/2019 04:03:00.000000,0.017351,18.068,0.029875,6.382927,3.17561
07/13/2019 04:04:00.000000,-9999.0,16.475,0.02925,6.545455,3.518182
07/13/2019 04:05:00.000000,0.003583,17.9985,0.029475,20.142857,3.516667
07/13/2019 04:06:00.000000,-9999.0,18.634,0.02945,24.87561,3.334146
07/13/2019 04:07:00.000000,-9999.0,13.131,0.029425,8.144444,3.3
07/13/2019 04:08:00.000000,-9999.0,19.99775,0.025,6.514286,2.466667
07/13/2019 04:09:00.000000,-9999.0,16.5375,0.02725,13.087805,3.75122
07/13/2019 04:10:00.000000,-9999.0,16.3445,0.0298,13.435,4.255
07/13/2019 04:11:00.000000,-9999.0,14.7495,0.0305,0.021355,5.378049
07/13/2019 04:12:00.000000,0.219539,16.23475,0.0311,27.948837,4.260465
07/13/2019 04:13:00.000000,0.496201,22.87575,0.029775,0.016556,3.166667
07/13/2019 04:14:00.000000,0.513064,25.3175,0.027425,0.038975,5.773333
07/13/2019 04:15:00.000000,0.46037,19.092,0.026,0.020738,6.876923
07/13/2019 04:16:00.000000,0.401987,17.47275,0.02555,0.013836,4.136842
07/13/2019 04:17:00.000000,0.482182,17.11725,0.0266,3.67561,2.746341
07/13/2019 04:18:00.000000,0.530894,19.016,0.02615,26.407317,4.64878
07/13/2019 04:19:00.000000,0.531822,19.35875,0.02735,5.839535,2.934884
07/13/2019 04:20:00.000000,0.373932,18.58925,0.030525,0.039706,4.376923
07/13/2019 04:21:00.000000,0.294658,17.64275,0.032875,11.219512,3.419512
07/13/2019 04:22:00.000000,0.38122,14.083,0.0291,0.014013,4.815
07/13/2019 04:23:00.000000,0.492342,17.17875,0.02745,6.97561,4.673171
07/13/2019 04:24:00.000000,0.394395,17.4675,0.029125,4.202632,4.010526
07/13/2019 04:25:00.000000,0.34509,14.55725,0.029125,0.012555,4.24
07/13/2019 04:26:00.000000,0.41524,12.9745,0.030175,13.095349,4.04186
07/13/2019 04:27:00.000000,0.490653,13.96675,0.02995,0.011263,4.0
07/13/2019 04:28:00.000000,0.481758,14.155,0.029575,18.753846,4.676923
07/13/2019 04:29:00.000000,0.391888,14.33675,0.028725,0.020827,4.035
07/13/2019 04:30:00.000000,0.423816,19.77,0.0246,0.049031,9.65
07/13/2019 04:31:00.000000,0.466803,23.70025,0.020125,0.032955,4.7775
07/13/2019 04:32:00.000000,0.466062,24.75975,0.019275,0.029996,5.88
07/13/2019 04:33:00.000000,0.438337,19.43325,0.0231,20.008108,5.462162
07/13/2019 04:34:00.000000,0.376982,17.29275,0.02625,18.631707,5.043902
07/13/2019 04:35:00.000000,0.3227,18.49075,0.0262,29.494595,5.194595
07/13/2019 04:36:00.000000,0.315667,16.8175,0.026575,22.362162,3.943243
07/13/2019 04:37:00.000000,0.371713,16.95825,0.02705,17.956098,5.856098
07/13/2019 04:38:00.000000,0.448441,17.44,0.02482,21.943333,6.493333
07/13/2019 04:39:00.000000,0.436142,17.520333,0.025125,0.03515,4.707317
07/13/2019 04:40:00.000000,0.457177,17.37825,0.027375,16.95,5.65
07/13/2019 04:41:00.000000,0.360764,17.1825,0.029325,0.050508,5.22
07/13/2019 04:42:00.000000,0.387344,16.987,0.0299,0.03284,4.25
07/13/2019 04:43:00.000000,0.547669,16.41225,0.031425,23.166667,3.433333
07/13/2019 04:44:00.000000,0.596202,16.04625,0.031425,0.008881,2.787805
07/13/2019 04:45:00.000000,0.525434,15.3905,0.0319,3.202564,3.048718
07/13/2019 04:46:00.000000,0.465159,11.952,0.031025,22.156818,5.518182
07/13/2019 04:47:00.000000,0.623305,1.0145,0.03145,0.00875,3.86
07/13/2019 04:48:00.000000,0.602832,0.00475,0.033275,0.007586,4.528571
07/13/2019 04:49:00.000000,0.435115,0.0,0.03385,4.807317,4.102439
07/13/2019 04:50:00.000000,0.392669,-9999.0,0.0307,0.020057,4.774419
07/13/2019 04:51:00.000000,0.425105,-9999.0,0.028275,15.463636,5.320455
07/13/2019 04:52:00.000000,0.511708,-9999.0,0.0287,12.004762,4.714286
07/13/2019 04:53:00.000000,0.508412,-9999.0,0.028375,40.84,5.45
07/13/2019 04:54:00.000000,0.4261,-9999.0,0.029375,0.026915,5.514286
07/13/2019 04:55:00.000000,0.324679,-9999.0,0.028675,10.75,6.025
07/13/2019 04:56:00.000000,0.278098,-9999.0,0.02645,7.748837,5.765116
07/13/2019 04:57:00.000000,0.279514,2.48925,0.023775,4.646512,4.444186
07/13/2019 04:58:00.000000,0.288621,10.483,0.023575,0.012824,5.130769
07/13/2019 04:59:00.000000,0.296286,13.97625,0.0244,0.015172,5.471429
07/13/2019 05:00:00.000000,0.321254,16.058,0.02445,0.020431,5.584444
07/13/2019 05:01:00.000000,0.325012,15.4506,0.0248,13.336585,6.368293
07/13/2019 05:02:00.000000,0.323467,14.734,0.023875,0.021449,6.838462
07/13/2019 05:03:00.000000,0.449598,13.90775,0.02245,0.019547,7.742105
07/13/2019 05:04:00.000000,0.66113,12.49975,0.02065,0.016471,6.534146
07/13/2019 05:05:00.000000,0.621927,11.09225,0.016825,12.823256,5.783721
07/13/2019 05:06:00.000000,0.560741,9.81775,0.012525,0.024993,7.414286
07/13/2019 05:07:00.000000,0.529003,8.4005,0.00745,0.025014,5.214286
07/13/2019 05:08:00.000000,0.630176,7.0545,0.004225,12.971429,6.171429
07/13/2019 05:09:00.000000,0.792613,5.73,0.003575,38.669048,7.942857
07/13/2019 05:10:00.000000,0.850509,5.09425,0.003125,0.041433,6.515789
07/13/2019 05:11:00.000000,0.718537,4.3345,0.003175,0.022343,6.113514
07/13/2019 05:12:00.000000,0.686598,3.805,0.0032,0.031675,8.345455
07/13/2019 05:13:00.000000,0.70805,3.55225,0.003325,16.832558,7.409302
07/13/2019 05:14:00.000000,0.676168,3.42575,0.00445,0.018311,6.702439
07/13/2019 05:15:00.000000,0.630104,3.28625,0.007525,12.309524,6.0
07/13/2019 05:16:00.000000,0.602231,2.4425,0.0103,0.018737,6.241463
07/13/2019 05:17:00.000000,0.584899,127.364,0.010075,27.923529,8.523529
07/13/2019 05:18:00.000000,0.560724,328.035,0.0097,24.35,7.62381
07/13/2019 05:19:00.000000,0.548814,342.40975,0.009525,0.021387,8.32
07/13/2019 05:20:00.000000,0.540418,342.37625,0.008775,13.54,8.17
07/13/2019 05:21:00.000000,0.550083,342.56025,0.0108,0.027986,7.411628
07/13/2019 05:22:00.000000,0.550148,342.69375,0.013825,0.02837,8.495122
07/13/2019 05:23:00.000000,0.517542,342.5845,0.013825,24.481818,6.981818
07/13/2019 05:24:00.000000,0.519683,342.41475,0.013675,0.013551,7.62439
07/13/2019 05:25:00.000000,0.541643,342.43325,0.013975,11.4375,6.525
07/13/2019 05:26:00.000000,0.548728,300.25775,0.014975,34.465217,8.786957
07/13/2019 05:27:00.000000,0.543662,22.87525,0.015225,0.032953,7.566667
07/13/2019 05:28:00.000000,0.551981,0.21825,0.01595,0.00929,6.082353
07/13/2019 05:29:00.000000,0.554127,,,,
07/13/2019 05:30:00.000000,0.533624,-9999.0,0.020025,0.041392,7.135
07/13/2019 05:31:00.000000,0.491579,-9999.0,0.02162,15.697561,6.446341
07/13/2019 05:32:00.000000,0.433351,-9999.0,0.0218,16.709756,7.792683
07/13/2019 05:33:00.000000,0.411552,-9999.0,0.0209,0.031498,6.285714
07/13/2019 05:34:00.000000,0.415868,-9999.0,0.0212,0.034938,8.846512
07/13/2019 05:35:00.000000,0.411367,-9999.0,0.020875,0.028308,12.131707
07/13/2019 05:36:00.000000,0.458988,1.49325,0.01985,42.395122,10.039024
07/13/2019 05:37:00.000000,0.819931,23.81525,0.019325,22.146667,8.586667
07/13/2019 05:38:00.000000,0.801182,26.956333,0.018325,0.01974,8.741463
07/13/2019 05:39:00.000000,0.69669,26.67975,0.018375,20.092857,9.485714
07/13/2019 05:40:00.000000,0.777686,28.1685,0.0188,0.015962,7.8
07/13/2019 05:41:00.000000,0.571567,26.2415,0.018875,0.026258,8.69
07/13/2019 05:42:00.000000,0.443625,26.37225,0.0185,21.146512,9.151163
07/13/2019 05:43:00.000000,0.42366,26.70425,0.017475,0.026154,9.463415
07/13/2019 05:44:00.000000,0.444728,27.02775,0.01725,0.051156,12.671429
07/13/2019 05:45:00.000000,0.450223,27.049,0.017925,0.028085,8.093023
07/13/2019 05:46:00.000000,0.472643,26.99625,0.018275,0.025666,8.295122
07/13/2019 05:47:00.000000,1.373314,26.9555,0.01825,0.025542,8.414286
07/13/2019 05:48:00.000000,3.22866,27.02425,0.0179,22.4,6.327273
07/13/2019 05:49:00.000000,3.811214,26.82625,0.0187,0.042428,10.463158
07/13/2019 05:50:00.000000,3.868077,26.4365,0.021175,0.02933,10.069231
07/13/2019 05:51:00.000000,3.87659,25.95825,0.022175,0.037498,7.430769
07/13/2019 05:52:00.000000,3.876459,25.427,0.0223,0.037789,8.209091
07/13/2019 05:53:00.000000,3.877373,25.03675,0.02245,28.242857,10.4
07/13/2019 05:54:00.000000,3.878911,24.66425,0.022475,0.02413,9.604878
07/13/2019 05:55:00.000000,3.877005,24.22925,0.02285,16.968421,6.871053
07/13/2019 05:56:00.000000,3.694934,23.714,0.022475,23.707692,8.5
07/13/2019 05:57:00.000000,1.886165,23.49725,0.021575,0.05317,9.495
07/13/2019 05:58:00.000000,0.205593,23.622,0.0207,0.041084,7.242105
07/13/2019 05:59:00.000000,0.007442,23.67725,0.0212,0.058844,9.490909
07/13/2019 06:00:00.000000,0.003398,23.5635,0.0225,20.95,11.457143
07/13/2019 06:01:00.000000,0.000234,23.314,0.02445,14.542857,8.614286
07/13/2019 06:02:00.000000,0.000881,22.9835,0.0254,0.028629,6.042857
07/13/2019 06:03:00.000000,0.001262,22.62125,0.025975,15.937209,6.62093
07/13/2019 06:04:00.000000,-9999.0,22.153,0.026075,0.034724,6.542857
07/13/2019 06:05:00.000000,-9999.0,21.70875,0.025875,16.173171,7.268293
07/13/2019 06:06:00.000000,-9999.0,21.41075,0.02525,26.004651,8.174419
07/13/2019 06:07:00.000000,0.063661,25.55175,0.02365,0.021767,9.32439
07/13/2019 06:08:00.000000,0.277853,20.7495,0.02475,17.971429,9.5
07/13/2019 06:09:00.000000,0.346601,,,,
07/13/2019 06:10:00.000000,0.3749,21.122,0.024675,0.018886,8.171429
07/13/2019 06:11:00.000000,0.42239,21.095,0.024125,0.021539,8.795
07/13/2019 06:12:00.000000,0.418039,21.945,0.0245,18.304545,8.122727
07/13/2019 06:13:00.000000,0.385564,22.77225,0.024925,0.036672,6.42439
07/13/2019 06:14:00.000000,0.362611,21.81775,0.025375,15.213636,6.618182
07/13/2019 06:15:00.000000,0.360062,21.46275,0.026025,15.337209,7.646512
07/13/2019 06:16:00.000000,0.350973,21.3315,0.02655,0.018468,7.189744
07/13/2019 06:17:00.000000,0.359333,21.25375,0.0264,17.984211,6.931579
07/13/2019 06:18:00.000000,0.357249,21.571,0.024175,0.027557,7.15814
07/13/2019 06:19:00.000000,0.373045,22.10675,0.0213,24.528571,9.857143
07/13/2019 06:20:00.000000,0.41187,22.8085,0.0197,21.628571,6.785714
07/13/2019 06:21:00.000000,0.432372,23.28875,0.020175,0.01619,6.894737
07/13/2019 06:22:00.000000,0.407702,23.66175,0.02115,0.023996,7.72439
07/13/2019 06:23:00.000000,0.395979,23.9835,0.02115,0.080413,8.323077
07/13/2019 06:24:00.000000,0.388442,24.22325,0.0241,0.032194,9.253659
07/13/2019 06:25:00.000000,0.358813,24.1285,0.0268,16.227273,6.636364
07/13/2019 06:26:00.000000,0.350089,23.65825,0.027525,0.019917,7.348837
07/13/2019 06:27:00.000000,0.343317,22.91375,0.027425,33.17,6.905
07/13/2019 06:28:00.000000,0.350487,22.16475,0.025875,18.044186,6.8
07/13/2019 06:29:00.000000,0.380574,21.698,0.024575,0.025251,6.883333
07/13/2019 06:30:00.000000,0.401222,21.345,0.023825,0.050845,7.426829
07/13/2019 06:31:00.000000,0.39616,21.28225,0.022725,22.357143,7.5
07/13/2019 06:32:00.000000,0.400521,21.4865,0.021525,21.595238,7.757143
07/13/2019 06:33:00.000000,0.399702,25.66175,0.018775,14.553846,8.138462
07/13/2019 06:34:00.000000,0.456285,29.058,0.0158,31.032558,9.874419
07/13/2019 06:35:00.000000,0.504873,28.90525,0.014625,27.7,8.930769
07/13/2019 06:36:00.000000,0.544394,29.22875,0.014375,18.947619,8.014286
07/13/2019 06:37:00.000000,0.554965,29.991,0.012725,0.039472,8.320455
07/13/2019 06:38:00.000000,0.57552,30.17575,0.010525,17.457143,8.4
07/13/2019 06:39:00.000000,0.632655,30.378,0.01005,0.009356,7.082353
07/13/2019 06:40:00.000000,0.625181,30.54525,0.0103,0.026342,11.257143
07/13/2019 06:41:00.000000,0.620063,31.86075,0.0104,0.024213,10.371429
07/13/2019 06:42:00.000000,0.596422,31.28275,0.010125,0.038201,7.933333
07/13/2019 06:43:00.000000,0.628742,31.15375,0.009475,0.031046,8.504651
07/13/2019 06:44:00.000000,0.576617,31.43175,0.009575,21.657143,8.271429
07/13/2019 06:45:00.000000,0.516874,29.76375,0.01065,0.022321,8.630233
07/13/2019 06:46:00.000000,0.489267,29.64775,0.160225,0.017524,8.36
07/13/2019 06:47:00.000000,0.491559,29.552,0.2344,23.107692,8.130769
07/13/2019 06:48:00.000000,0.523707,29.237,0.238225,31.511628,7.669767
07/13/2019 06:49:00.000000,0.540883,33.448,0.241325,19.868293,7.514634
07/13/2019 06:50:00.000000,0.568779,31.6655,0.244225,0.017793,8.435
07/13/2019 06:51:00.000000,0.530203,27.68475,0.24535,0.025071,8.6
07/13/2019 06:52:00.000000,0.47038,28.53575,0.2456,0.032813,7.995455
07/13/2019 06:53:00.000000,0.448978,28.58425,0.24555,0.017098,7.555814
07/13/2019 06:54:00.000000,0.46649,28.588,0.24565,22.960976,9.890244
07/13/2019 06:55:00.000000,0.464939,28.513,0.24485,0.024667,8.466667
07/13/2019 06:56:00.000000,0.450698,28.435,0.199275,16.7,9.63
07/13/2019 06:57:00.000000,0.450346,28.42875,0.000525,30.471739,8.769565
07/13/2019 06:58:00.000000,0.454695,28.4455,0.000575,0.055683,7.914286
07/13/2019 06:59:00.000000,0.457329,28.6115,-9999.0,0.034063,7.710256
07/13/2019 07:00:00.000000,0.463692,28.7735,-9999.0,23.057143,9.157143
07/13/2019 07:01:00.000000,0.475255,29.04225,-9999.0,0.024367,8.316667
07/13/2019 07:02:00.000000,0.523651,29.4415,-9999.0,0.059968,8.1
07/13/2019 07:03:00.000000,0.541777,29.9215,-9999.0,27.457143,7.361905
07/13/2019 07:04:00.000000,0.539111,30.1465,-9999.0,0.021084,8.94
07/13/2019 07:05:00.000000,0.506688,29.894,-9999.0,0.019742,7.266667
07/13/2019 07:06:00.000000,0.449903,29.4055,-9999.0,0.036613,7.232558
07/13/2019 07:07:00.000000,0.410912,28.5705,-9999.0,0.028456,7.937209
07/13/2019 07:08:00.000000,0.385983,27.61375,-9999.0,0.036055,6.835897
07/13/2019 07:09:00.000000,0.361216,26.58525,-9999.0,0.028022,9.828571
07/13/2019 07:10:00.000000,0.362464,25.47025,-9999.0,0.059473,7.053846
07/13/2019 07:11:00.000000,0.373155,24.472,-9999.0,31.840909,7.213636
07/13/2019 07:12:00.000000,0.526101,23.58925,-9999.0,0.01621,6.273171
07/13/2019 07:13:00.000000,0.61257,22.81375,-9999.0,16.92,7.915
07/13/2019 07:14:00.000000,0.407989,22.43775,-9999.0,0.022302,9.175
07/13/2019 07:15:00.000000,0.343157,20.319,-9999.0,0.025482,8.625
07/13/2019 07:16:00.000000,0.336987,18.64875,0.00725,24.444737,8.715789
07/13/2019 07:17:00.000000,0.325673,18.13425,0.0323,23.35814,7.725581
07/13/2019 07:18:00.000000,0.322192,17.94775,0.0238,0.014724,6.061538
07/13/2019 07:19:00.000000,0.331751,17.92525,0.022575,14.557143,6.307143
07/13/2019 07:20:00.000000,0.329086,17.71,0.023025,0.016148,6.814286
07/13/2019 07:21:00.000000,0.307013,17.441,0.023025,30.05,7.118182
07/13/2019 07:22:00.000000,0.292453,17.10675,0.023125,30.634211,8.452632
07/13/2019 07:23:00.000000,0.294859,16.819,0.022675,23.752381,6.638095
07/13/2019 07:24:00.000000,0.300085,16.3135,0.0228,13.876923,6.584615
07/13/2019 07:25:00.000000,0.297887,15.88325,0.022975,16.1,8.00625
07/13/2019 07:26:00.000000,0.295795,15.493333,0.023275,0.018829,7.685366
07/13/2019 07:27:00.000000,0.306358,15.12675,0.023875,0.034441,7.753846
07/13/2019 07:28:00.000000,0.29835,14.79575,0.0248,20.246154,8.246154
07/13/2019 07:29:00.000000,0.274762,14.457,0.02545,0.020355,8.992308
07/13/2019 07:30:00.000000,0.262518,14.17625,0.025375,0.014756,5.861905
07/13/2019 07:31:00.000000,0.271592,13.81575,0.02575,0.014952,6.943243
07/13/2019 07:32:00.000000,0.302561,13.5725,0.02555,8.936842,6.636842
07/13/2019 07:33:00.000000,0.291377,13.75225,0.02325,0.007466,5.790476
07/13/2019 07:34:00.000000,0.289087,13.71575,0.02405,11.8625,6.6875
07/13/2019 07:35:00.000000,0.264712,13.453,0.0264,11.970588,6.005882
07/13/2019 07:36:00.000000,0.247359,13.2675,0.0266,0.011322,6.135714
07/13/2019 07:37:00.000000,0.241033,13.0095,0.027325,9.848649,4.862162
07/13/2019 07:38:00.000000,0.246364,12.87225,0.027575,10.725,5.334375
07/13/2019 07:39:00.000000,0.259213,12.76525,0.02775,22.981818,6.945455
07/13/2019 07:40:00.000000,0.240578,12.5865,0.02845,18.285714,5.433333
07/13/2019 07:41:00.000000,0.228756,12.05175,0.0291,6.773684,4.847368
07/13/2019 07:42:00.000000,0.226212,11.82825,0.0283,7.46087,4.952174
07/13/2019 07:43:00.000000,0.245651,12.0815,0.026975,4.95,4.416667
07/13/2019 07:44:00.000000,0.286506,12.07525,0.02925,5.710638,4.704255
07/13/2019 07:45:00.000000,0.265243,12.018,0.03155,0.006187,4.715
07/13/2019 07:46:00.000000,0.229112,12.12375,0.031025,0.009559,4.616667
07/13/2019 07:47:00.000000,0.217984,12.02875,0.03225,0.012343,6.008571
07/13/2019 07:48:00.000000,0.210735,12.227,0.029675,5.76,4.94
07/13/2019 07:49:00.000000,0.214214,12.4865,0.02655,,4.515
07/13/2019 07:50:00.000000,0.237246,12.54125,0.026825,12.084615,5.007692
07/13/2019 07:51:00.000000,0.237169,12.20575,0.028675,11.8,4.26
07/13/2019 07:52:00.000000,0.248553,12.205667,0.029267,14.528571,5.314286
07/13/2019 07:53:00.000000,0.251322,12.297,0.02955,0.018355,6.52439
07/13/2019 07:54:00.000000,0.232492,12.00275,0.03195,9.180488,5.24878
07/13/2019 07:55:00.000000,0.205652,11.95925,0.03265,5.34,4.83
07/13/2019 07:56:00.000000,0.209408,11.6525,0.0316,0.008002,4.454545
07/13/2019 07:57:00.000000,0.218393,11.268,0.0315,0.023366,3.976923
07/13/2019 07:58:00.000000,0.214929,11.01925,0.03125,0.008827,4.241463
07/13/2019 07:59:00.000000,0.234099,11.109,0.030025,0.02017,9.678049
07/13/2019 08:00:00.000000,0.244124,11.005,0.0306,7.9375,4.9125
07/13/2019 08:01:00.000000,0.216417,10.8484,0.031575,5.797674,3.927907
07/13/2019 08:02:00.000000,0.212819,10.852333,0.0314,7.236585,4.326829
07/13/2019 08:03:00.000000,0.241799,10.86775,0.031375,0.005775,4.15
07/13/2019 08:04:00.000000,0.267563,10.9095,0.03115,4.1,4.1
07/13/2019 08:05:00.000000,0.262536,10.94775,0.031,12.178049,5.095122
07/13/2019 08:06:00.000000,0.242643,11.1235,0.029675,0.022232,7.04359
07/13/2019 08:07:00.000000,0.243183,11.28,0.027925,0.019572,6.707692
07/13/2019 08:08:00.000000,0.252358,11.608,0.027425,0.007466,4.569231
07/13/2019 08:09:00.000000,0.257935,11.929,0.025825,,
07/13/2019 08:10:00.000000,0.267251,13.11,0.0239,0.010662,5.512195
07/13/2019 08:11:00.000000,0.312029,32.11,0.018825,0.016829,5.09
07/13/2019 08:12:00.000000,0.488204,20.18975,0.01975,0.017386,5.514286
07/13/2019 08:13:00.000000,0.413693,15.3715,0.024275,0.01091,4.653488
07/13/2019 08:14:00.000000,0.314821,15.66775,0.023925,16.923529,8.091176
07/13/2019 08:15:00.000000,0.30319,15.3785,0.0238,0.013451,6.321951
07/13/2019 08:16:00.000000,0.283489,15.125,0.025075,0.028068,6.51
07/13/2019 08:17:00.000000,0.268355,14.908,0.026,11.602857,6.6
07/13/2019 08:18:00.000000,0.258839,14.67175,0.02625,0.012415,5.6375
07/13/2019 08:19:00.000000,0.25584,14.40225,0.026025,0.01686,6.663636
07/13/2019 08:20:00.000000,0.253078,14.1435,0.026075,14.9,5.276744
07/13/2019 08:21:00.000000,0.245932,13.83525,0.026475,0.03143,5.0
07/13/2019 08:22:00.000000,0.241155,13.50025,0.0267,9.118605,5.0
07/13/2019 08:23:00.000000,0.241068,13.128,0.02745,10.387805,6.195122
07/13/2019 08:24:00.000000,0.231496,12.832,0.02855,0.010765,5.204878
07/13/2019 08:25:00.000000,0.215955,12.436,0.0298,5.242857,4.666667
07/13/2019 08:26:00.000000,0.206026,11.98025,0.031625,4.197674,4.097674
07/13/2019 08:27:00.000000,0.195963,11.59925,0.03145,8.665854,4.939024
07/13/2019 08:28:00.000000,0.202565,11.30625,0.030175,0.00561,4.160976
07/13/2019 08:29:00.000000,0.208499,11.035,0.029325,6.5,4.685714
07/13/2019 08:30:00.000000,0.209653,10.834,0.028825,0.011116,5.14
07/13/2019 08:31:00.000000,0.213733,10.67675,0.028875,0.0139,5.113953
07/13/2019 08:32:00.000000,0.222775,10.6345,0.029475,0.015344,5.27
07/13/2019 08:33:00.000000,0.217424,10.69025,0.02995,17.36,4.875
07/13/2019 08:34:00.000000,0.21039,10.853,0.0295,13.0375,6.16
07/13/2019 08:35:00.000000,0.212121,11.00125,0.028825,0.016241,5.721212
07/13/2019 08:36:00.000000,0.221538,11.04225,0.02855,0.014519,5.183721
07/13/2019 08:37:00.000000,0.217678,11.051,0.028825,9.968421,5.605263
07/13/2019 08:38:00.000000,0.213075,11.05075,0.0289,0.007641,4.925
07/13/2019 08:39:00.000000,0.20939,11.1255,0.028125,0.011927,6.26
07/13/2019 08:40:00.000000,0.215482,11.263,0.026775,9.165217,6.052174
07/13/2019 08:41:00.000000,0.21845,11.4085,0.026725,24.355555,6.52
07/13/2019 08:42:00.000000,0.219279,11.49225,0.02735,0.008939,5.567442
07/13/2019 08:43:00.000000,0.234777,11.54125,0.02735,0.013934,6.765854
07/13/2019 08:44:00.000000,0.231164,11.57875,0.0281,0.051172,5.971429
07/13/2019 08:45:00.000000,0.211114,11.752,0.02775,0.026065,8.897674
07/13/2019 08:46:00.000000,0.212615,11.95425,0.026975,12.326829,6.341463
07/13/2019 08:47:00.000000,0.224385,12.02775,0.026975,13.438636,6.577273
07/13/2019 08:48:00.000000,0.22091,11.8645,0.028375,6.711765,5.244118
07/13/2019 08:49:00.000000,0.211096,11.93425,0.0272,0.014037,6.023529
07/13/2019 08:50:00.000000,0.215109,14.61825,0.02475,0.015602,6.868182
07/13/2019 08:51:00.000000,0.23143,15.193,0.0242,0.01863,7.254286
07/13/2019 08:52:00.000000,0.236977,13.417,0.0254,0.026889,5.946154
07/13/2019 08:53:00.000000,0.233434,12.84625,0.025975,0.011019,5.785714
07/13/2019 08:54:00.000000,0.229,12.60425,0.025975,5.288889,5.05
07/13/2019 08:55:00.000000,0.221479,12.5625,0.025575,10.188462,6.15
07/13/2019 08:56:00.000000,0.221377,12.60325,0.025467,0.019248,6.975
07/13/2019 08:57:00.000000,0.234995,12.695,0.025025,12.158537,5.17561
07/13/2019 08:58:00.000000,0.23368,12.6625,0.025775,0.011099,5.99
07/13/2019 08:59:00.000000,0.220651,12.60425,0.027025,12.663415,7.736585
07/13/2019 09:00:00.000000,0.212716,12.44225,0.0271,0.011992,5.865854
07/13/2019 09:01:00.000000,0.208041,12.24175,0.02735,4.661538,4.061538
07/13/2019 09:02:00.000000,0.195277,12.09225,0.02805,0.00973,5.484211
07/13/2019 09:03:00.000000,0.192995,12.01875,0.02765,9.695122,5.317073
07/13/2019 09:04:00.000000,0.198348,11.78825,0.0272,16.5825,4.705
07/13/2019 09:05:00.000000,0.197161,11.44775,0.0276,9.419048,4.757143
07/13/2019 09:06:00.000000,0.19043,11.2155,0.0275,7.176744,4.874419
07/13/2019 09:07:00.000000,0.187329,10.93575,0.0278,0.012054,5.575
07/13/2019 09:08:00.000000,0.187897,10.84875,0.027675,17.656522,5.8
07/13/2019 09:09:00.000000,0.189936,10.867,0.02735,8.348649,5.637838
07/13/2019 09:10:00.000000,0.193534,10.84925,0.027475,9.276923,6.753846
07/13/2019 09:11:00.000000,0.196065,10.74325,0.027825,10.12439,5.134146
07/13/2019 09:12:00.000000,0.190776,10.6405,0.028075,6.8,4.653488
07/13/2019 09:13:00.000000,0.191443,10.60925,0.0284,6.858537,5.229268
07/13/2019 09:14:00.000000,0.180458,10.578,0.0285,0.01732,5.854054
07/13/2019 09:15:00.000000,0.174662,10.61975,0.02825,0.014286,4.728205
07/13/2019 09:16:00.000000,0.172795,10.5765,0.02815,9.462162,5.572973
07/13/2019 09:17:00.000000,0.172304,10.4835,0.02805,11.417073,6.026829
07/13/2019 09:18:00.000000,0.175766,10.35425,0.02835,8.397561,5.241463
07/13/2019 09:19:00.000000,0.171939,10.13225,0.029825,0.015633,5.62
07/13/2019 09:20:00.000000,0.167968,9.97725,0.030775,6.02,4.44
07/13/2019 09:21:00.000000,0.172079,9.78525,0.030775,10.158537,6.063415
07/13/2019 09:22:00.000000,0.17409,9.5935,0.0306,0.008022,4.876923
07/13/2019 09:23:00.000000,0.227145,9.48625,0.02935,0.012054,5.695652
07/13/2019 09:24:00.000000,0.255453,9.4164,0.0285,10.425,5.915
07/13/2019 09:25:00.000000,0.301718,9.385667,0.02835,0.007179,4.847619
07/13/2019 09:26:00.000000,0.266964,9.41375,0.028575,14.315385,7.815385
07/13/2019 09:27:00.000000,0.21796,9.66975,0.028,22.490909,8.4
07/13/2019 09:28:00.000000,0.219775,9.9345,0.027325,10.437209,6.306977
07/13/2019 09:29:00.000000,0.211492,10.25375,0.02725,0.01855,6.495
07/13/2019 09:30:00.000000,0.191711,10.69025,0.026775,0.024035,6.6
07/13/2019 09:31:00.000000,0.176398,10.9135,0.027225,0.013065,4.92
07/13/2019 09:32:00.000000,0.163676,11.10325,0.028,0.013394,6.4
07/13/2019 09:33:00.000000,0.162642,11.259,0.027425,18.878947,7.923684
07/13/2019 09:34:00.000000,0.164025,11.42725,0.0271,0.016393,6.033333
07/13/2019 09:35:00.000000,0.1624,11.456,0.02735,7.9625,5.77
07/13/2019 09:36:00.000000,0.159794,11.4815,0.028325,8.076923,4.784615
07/13/2019 09:37:00.000000,0.160124,11.51475,0.028525,8.726829,5.453659
07/13/2019 09:38:00.000000,0.159794,11.45,0.0276,12.5,4.4
07/13/2019 09:39:00.000000,0.1577,11.46875,0.02755,11.994595,5.624324
07/13/2019 09:40:00.000000,0.159472,11.47975,0.027475,8.804762,5.557143
07/13/2019 09:41:00.000000,0.160784,11.48175,0.02795,0.021755,5.841463
07/13/2019 09:42:00.000000,0.159602,11.471,0.027425,0.012429,5.473171
07/13/2019 09:43:00.000000,0.164146,11.46325,0.02755,0.010415,5.229268
07/13/2019 09:44:00.000000,0.16027,11.285,0.02885,0.006882,4.945
07/13/2019 09:45:00.000000,0.153162,11.00625,0.0305,0.009768,6.159375
07/13/2019 09:46:00.000000,0.146884,10.722,0.031225,4.054286,3.822857
07/13/2019 09:47:00.000000,0.148464,10.52225,0.031025,0.007005,4.820513
07/13/2019 09:48:00.000000,0.149978,10.266,0.030775,5.587805,4.336585
07/13/2019 09:49:00.000000,0.148707,10.06475,0.029975,11.671429,6.342857
07/13/2019 09:50:00.000000,0.152725,9.84975,0.029,8.383333,5.157143
07/13/2019 09:51:00.000000,0.156302,9.84175,0.028225,0.010949,6.505405
07/13/2019 09:52:00.000000,0.162183,9.87775,0.02925,0.013579,5.078049
07/13/2019 09:53:00.000000,0.161383,9.90675,0.02985,0.006553,4.2
07/13/2019 09:54:00.000000,0.159316,10.74875,0.02725,0.009881,5.233333
07/13/2019 09:55:00.000000,0.152005,11.89725,0.026775,8.002273,4.622727
07/13/2019 09:56:00.000000,0.152966,10.3565,0.029425,25.453488,5.016279
07/13/2019 09:57:00.000000,0.149601,10.90075,0.029475,10.278947,5.1
07/13/2019 09:58:00.000000,0.148795,9.38775,0.0302,4.914634,4.74878
07/13/2019 09:59:00.000000,0.14691,9.41825,0.030125,0.008875,4.955
07/13/2019 10:00:00.000000,0.147596,9.3785,0.030525,7.446154,5.592308
07/13/2019 10:01:00.000000,0.151804,9.5042,0.03005,8.845,4.935
07/13/2019 10:02:00.000000,0.052454,9.448,0.029725,10.582051,4.715385
07/13/2019 10:03:00.000000,0.003405,9.40225,0.030175,0.006533,4.7
07/13/2019 10:04:00.000000,-9999.0,9.18075,0.02945,0.021283,9.480488
07/13/2019 10:05:00.000000,-9999.0,10.6905,0.028725,0.009347,6.014286
07/13/2019 10:06:00.000000,-9999.0,10.2855,0.0288,0.023275,6.842857
07/13/2019 10:07:00.000000,-9999.0,10.11875,0.028625,10.140541,5.089189
07/13/2019 10:08:00.000000,-9999.0,9.792,0.029675,0.011617,4.794118
07/13/2019 10:09:00.000000,-9999.0,9.6215,0.031075,,
07/13/2019 10:10:00.000000,-9999.0,9.47875,0.030575,8.495122,4.397561
07/13/2019 10:11:00.000000,-9999.0,9.34825,0.030575,0.011371,4.687097
07/13/2019 10:12:00.000000,0.05312,9.2175,0.03045,10.4,4.871429
07/13/2019 10:13:00.000000,0.122888,9.07125,0.0305,9.669231,5.661538
07/13/2019 10:14:00.000000,0.149014,8.9775,0.03,0.013404,5.62439
07/13/2019 10:15:00.000000,0.150948,8.89,0.02935,7.644186,4.846512
07/13/2019 10:16:00.000000,0.151583,8.89325,0.029475,4.755263,4.447368
07/13/2019 10:17:00.000000,0.145264,8.91725,0.030175,0.012449,4.660526
07/13/2019 10:18:00.000000,0.142598,8.87825,0.02995,21.307692,5.884615
07/13/2019 10:19:00.000000,0.142626,8.74475,0.030975,11.168182,4.670455
07/13/2019 10:20:00.000000,0.140041,8.4355,0.03315,0.039936,4.312821
07/13/2019 10:21:00.000000,0.145366,8.24175,0.033425,0.012583,4.895
07/13/2019 10:22:00.000000,0.150466,7.929,0.0332,8.597561,4.834146
07/13/2019 10:23:00.000000,0.144569,7.54475,0.033675,4.808108,4.194595
07/13/2019 10:24:00.000000,0.141123,7.18025,0.033775,0.014103,4.27
07/13/2019 10:25:00.000000,0.144552,6.7635,0.03505,0.0087,3.797674
07/13/2019 10:26:00.000000,0.143033,6.34225,0.03625,0.016948,4.266667
07/13/2019 10:27:00.000000,0.141217,6.1525,0.034925,0.005886,3.975
07/13/2019 10:28:00.000000,0.147361,6.14625,0.033975,18.3375,4.495
07/13/2019 10:29:00.000000,0.147663,6.031,0.033775,6.967442,4.427907
07/13/2019 10:30:00.000000,0.151873,6.0055,0.033625,0.007426,4.30303
07/13/2019 10:31:00.000000,0.152834,6.00825,0.033725,0.013867,5.054054
07/13/2019 10:32:00.000000,0.14572,5.99125,0.034,0.017379,4.618182
07/13/2019 10:33:00.000000,0.145812,6.0385,0.03435,4.286842,3.918421
07/13/2019 10:34:00.000000,0.143103,6.10325,0.03425,0.004252,3.471429
07/13/2019 10:35:00.000000,0.139302,6.011,0.0342,3.839024,3.826829
07/13/2019 10:36:00.000000,0.136115,5.9155,0.0342,6.62,4.58
07/13/2019 10:37:00.000000,0.138796,5.764,0.034675,0.009614,4.514634
07/13/2019 10:38:00.000000,0.138454,5.6055,0.035075,16.029032,3.822581
07/13/2019 10:39:00.000000,0.137586,5.65375,0.0334,0.021837,4.867647
07/13/2019 10:40:00.000000,0.147604,5.7455,0.03205,13.729412,4.414706
07/13/2019 10:41:00.000000,0.146569,5.91075,0.032075,10.069444,4.566667
07/13/2019 10:42:00.000000,0.143888,6.1335,0.03145,0.014082,4.1
07/13/2019 10:43:00.000000,0.14109,6.3705,0.032375,7.976744,4.774419
07/13/2019 10:44:00.000000,0.139296,6.394,0.03375,0.007776,4.653846
07/13/2019 10:45:00.000000,0.142079,6.56475,0.033025,15.321951,4.921951
07/13/2019 10:46:00.000000,0.138849,7.0455,0.03035,0.016342,4.311628
07/13/2019 10:47:00.000000,0.152972,7.3555,0.028825,5.5,4.286047
07/13/2019 10:48:00.000000,0.156611,7.72925,0.028725,23.51,4.555
07/13/2019 10:49:00.000000,0.156226,7.996,0.0289,10.8875,4.6
07/13/2019 10:50:00.000000,0.151609,8.133,0.029225,10.457778,5.106667
07/13/2019 10:51:00.000000,0.149658,8.40075,0.028125,7.982927,4.431707
07/13/2019 10:52:00.000000,0.151355,9.10825,0.0268,13.864103,5.061538
07/13/2019 10:53:00.000000,0.159484,9.67075,0.027,0.020475,4.342857
07/13/2019 10:54:00.000000,0.163756,9.74675,0.028,0.015603,4.96
07/13/2019 10:55:00.000000,0.161312,9.67925,0.02915,0.011304,4.583721
07/13/2019 10:56:00.000000,0.173159,9.5225,0.0299,0.011407,4.585366
07/13/2019 10:57:00.000000,0.165941,9.45975,0.02985,0.02025,4.851163
07/13/2019 10:58:00.000000,0.160253,9.60225,0.0292,0.006155,4.046341
07/13/2019 10:59:00.000000,0.155963,9.44575,0.031175,0.00457,3.729268
07/13/2019 11:00:00.000000,0.141323,9.0685,0.0329,7.712195,3.785366
07/13/2019 11:01:00.000000,0.144547,8.47725,0.032725,0.005595,4.051163
07/13/2019 11:02:00.000000,0.144922,7.98575,0.034,0.009683,4.270732
07/13/2019 11:03:00.000000,0.135322,7.7905,0.03285,16.22439,5.068293
07/13/2019 11:04:00.000000,0.131997,7.57025,0.03155,15.22,4.265
07/13/2019 11:05:00.000000,0.138242,7.40125,0.03215,0.021801,5.095122
07/13/2019 11:06:00.000000,0.134165,7.07,0.03275,0.017959,4.34
07/13/2019 11:07:00.000000,0.128944,6.80225,0.033225,11.44,4.268889
07/13/2019 11:08:00.000000,0.129157,6.41875,0.033675,0.014199,4.988372
07/13/2019 11:09:00.000000,0.131259,6.35375,0.0339,0.006147,4.417073
07/13/2019 11:10:00.000000,0.145169,6.37825,0.03335,0.013072,4.875556
07/13/2019 11:11:00.000000,0.18226,6.68125,0.0298,0.010726,5.085366
07/13/2019 11:12:00.000000,0.189007,7.63,0.024575,0.006956,5.267442
07/13/2019 11:13:00.000000,0.182424,16.71175,0.021925,6.7125,5.385
07/13/2019 11:14:00.000000,0.184914,14.866,0.02145,9.523077,5.146154
07/13/2019 11:15:00.000000,0.196859,14.295,0.0223,11.178947,5.857895
07/13/2019 11:16:00.000000,0.191971,15.09325,0.022575,0.043428,6.084615
07/13/2019 11:17:00.000000,0.179764,19.4675,0.0216,14.271429,5.1
07/13/2019 11:18:00.000000,0.172941,11.89075,0.0261,0.013011,6.793023
07/13/2019 11:19:00.000000,0.173906,8.50525,0.029275,14.644186,5.37907
07/13/2019 11:20:00.000000,0.180208,7.346,0.03045,10.03,5.44
07/13/2019 11:21:00.000000,0.194035,7.14775,0.0321,9.441463,5.670732
07/13/2019 11:22:00.000000,0.213414,6.97125,0.0335,9.670732,5.865854
07/13/2019 11:23:00.000000,0.248198,6.77225,0.0335,0.013503,5.64186
07/13/2019 11:24:00.000000,0.254963,6.57075,0.03395,7.918605,5.193023
07/13/2019 11:25:00.000000,0.219934,6.39975,0.033825,15.271429,5.014286
07/13/2019 11:26:00.000000,0.193497,6.44975,0.0314,9.153846,6.015385
07/13/2019 11:27:00.000000,0.224306,6.69075,0.029225,0.034494,6.2
07/13/2019 11:28:00.000000,0.251078,7.0745,0.027925,0.020192,5.431707
07/13/2019 11:29:00.000000,0.231565,7.5225,0.0271,0.012939,5.821053
07/13/2019 11:30:00.000000,0.202203,7.90625,0.02845,0.012755,4.656098
07/13/2019 11:31:00.000000,0.201165,8.2475,0.02945,0.011997,4.4
07/13/2019 11:32:00.000000,0.194029,8.70725,0.0296,0.012038,6.960976
07/13/2019 11:33:00.000000,0.182563,9.2675,0.02705,0.006301,5.12093
07/13/2019 11:34:00.000000,0.209424,9.82225,0.0257,8.47561,5.368293
07/13/2019 11:35:00.000000,0.209951,10.1635,0.025525,0.009599,5.247368
07/13/2019 11:36:00.000000,0.183565,13.08,0.0235,0.022877,6.215625
07/13/2019 11:37:00.000000,0.169846,20.173,0.021,0.018287,4.785714
07/13/2019 11:38:00.000000,0.17187,17.4295,0.0219,18.423684,5.089474
07/13/2019 11:39:00.000000,0.17168,15.845,0.0234,0.015603,5.953488
07/13/2019 11:40:00.000000,0.173546,14.48425,0.023675,0.008903,5.325581
07/13/2019 11:41:00.000000,0.179973,14.37975,0.02425,10.235714,6.314286
07/13/2019 11:42:00.000000,0.18137,14.13125,0.025425,0.015295,5.639535
07/13/2019 11:43:00.000000,0.17828,13.75575,0.0261,0.014589,7.207317
07/13/2019 11:44:00.000000,0.206914,17.117,0.022775,13.819512,7.926829
07/13/2019 11:45:00.000000,0.237004,17.169,0.02195,22.625581,7.646512
07/13/2019 11:46:00.000000,0.201877,15.798,0.022725,0.01424,5.911111
07/13/2019 11:47:00.000000,0.214834,13.48975,0.024475,0.013134,6.031818
07/13/2019 11:48:00.000000,0.201866,12.43775,0.02795,0.012027,6.27
07/13/2019 11:49:00.000000,0.176891,12.22925,0.029025,,
07/13/2019 11:50:00.000000,0.176268,12.09275,0.028575,17.564103,6.5
07/13/2019 11:51:00.000000,0.177302,16.9075,0.025775,0.014927,6.3
07/13/2019 11:52:00.000000,0.176695,18.84675,0.0223,14.305263,7.563158
07/13/2019 11:53:00.000000,0.200353,19.742,0.0202,11.146154,6.530769
07/13/2019 11:54:00.000000,0.24297,21.407,0.018767,0.024628,8.621951
07/13/2019 11:55:00.000000,0.601803,22.41875,0.017925,0.015984,6.984615
07/13/2019 11:56:00.000000,0.495222,16.7875,0.0206,0.015777,7.273684
07/13/2019 11:57:00.000000,0.306712,13.794,0.024675,18.395455,8.522727
07/13/2019 11:58:00.000000,0.243067,16.097,0.024125,0.026939,6.814286
07/13/2019 11:59:00.000000,0.200165,17.35,0.023025,14.886047,6.24186
07/13/2019 12:00:00.000000,0.205777,17.592,0.0231,0.0292,7.294737
07/13/2019 12:01:00.000000,0.233354,17.52,0.02205,14.562069,8.755172
07/13/2019 12:02:00.000000,0.285106,16.992,0.0241,0.01237,7.2
07/13/2019 12:03:00.000000,0.222539,16.594,0.0246,13.282857,8.691429
07/13/2019 12:04:00.000000,0.185529,16.406,0.023375,15.121951,8.714634
07/13/2019 12:05:00.000000,0.185537,15.83525,0.025075,14.783333,6.585714
07/13/2019 12:06:00.000000,0.220689,15.40375,0.02505,0.019174,7.556757
07/13/2019 12:07:00.000000,0.243951,15.05175,0.0243,0.014324,6.953846
07/13/2019 12:08:00.000000,0.204961,14.88125,0.024525,0.02002,7.770588
07/13/2019 12:09:00.000000,0.190323,14.698,0.024675,,9.153846
07/13/2019 12:10:00.000000,0.207831,14.93875,0.024925,0.044928,7.9
07/13/2019 12:11:00.000000,0.22505,14.82525,0.02485,9.202273,5.786364
07/13/2019 12:12:00.000000,0.194363,14.5135,0.0239,0.05111,9.512195
07/13/2019 12:13:00.000000,0.197277,14.556,0.02325,17.992683,8.407317
07/13/2019 12:14:00.000000,0.202341,14.80525,0.0218,0.014663,8.44
07/13/2019 12:15:00.000000,0.203021,15.18225,0.02,15.71,8.075
07/13/2019 12:16:00.000000,0.197625,15.708,0.019075,26.005,8.85
07/13/2019 12:17:00.000000,0.195235,16.32975,0.017925,21.889474,9.421053
07/13/2019 12:18:00.000000,0.195478,17.00025,0.017,0.023358,8.295349
07/13/2019 12:19:00.000000,0.213641,17.90975,0.016275,0.018331,6.825
07/13/2019 12:20:00.000000,0.227598,19.33525,0.012825,0.02579,9.783721
07/13/2019 12:21:00.000000,0.228143,28.18825,0.01045,0.021846,9.955814
07/13/2019 12:22:00.000000,0.227673,27.18325,0.012225,20.912195,9.985366
07/13/2019 12:23:00.000000,0.229614,23.7255,0.013975,23.368421,6.736842
07/13/2019 12:24:00.000000,0.23786,24.6525,0.011925,17.212195,8.134146
07/13/2019 12:25:00.000000,0.260907,25.38825,0.009675,0.021883,9.185714
07/13/2019 12:26:00.000000,0.260449,27.25025,0.0095,0.03376,10.202564
07/13/2019 12:27:00.000000,0.249982,32.70675,0.00835,17.370732,9.290244
07/13/2019 12:28:00.000000,0.293806,30.287,0.007025,34.9,9.014286
07/13/2019 12:29:00.000000,0.351006,,,,
07/13/2019 12:30:00.000000,0.36936,25.2585,0.011775,19.465,10.32
07/13/2019 12:31:00.000000,0.313515,27.483,0.011025,0.028198,10.8
07/13/2019 12:32:00.000000,0.292885,25.76575,0.010775,0.018457,7.470732
07/13/2019 12:33:00.000000,0.259481,21.45225,0.01375,0.03028,9.37561
07/13/2019 12:34:00.000000,0.527262,21.07175,0.01355,0.020367,7.697727
07/13/2019 12:35:00.000000,0.816345,21.6885,0.011525,18.27561,8.32439
07/13/2019 12:36:00.000000,0.46876,22.48325,0.011075,0.027548,8.5
07/13/2019 12:37:00.000000,0.322191,23.21425,0.0115,0.026076,9.007692
07/13/2019 12:38:00.000000,0.261083,23.81875,0.01165,16.130952,8.928571
07/13/2019 12:39:00.000000,0.246303,24.53925,0.011275,0.021262,9.144737
07/13/2019 12:40:00.000000,0.25216,25.2375,0.011975,25.828571,7.828571
07/13/2019 12:41:00.000000,0.251648,25.65,0.0143,0.036957,10.181395
07/13/2019 12:42:00.000000,0.239673,25.532,0.01495,18.833333,7.877778
07/13/2019 12:43:00.000000,0.27309,25.171,0.014775,24.035135,9.810811
07/13/2019 12:44:00.000000,0.541114,24.63575,0.013825,18.14,8.726667
07/13/2019 12:45:00.000000,0.521604,28.918,0.01185,0.045333,12.457895
07/13/2019 12:46:00.000000,0.443037,26.0785,0.013175,33.189474,9.663158
07/13/2019 12:47:00.000000,0.506872,23.40675,0.013625,29.273684,8.663158
07/13/2019 12:48:00.000000,0.604199,24.384,0.0127,0.031513,10.314286
07/13/2019 12:49:00.000000,0.709179,,,,
07/13/2019 12:50:00.000000,0.488036,27.94825,0.012425,32.452941,11.011765
07/13/2019 12:51:00.000000,0.612875,41.77575,0.0105,0.051043,8.866667
07/13/2019 12:52:00.000000,0.700734,27.166,0.01315,24.286047,8.197674
07/13/2019 12:53:00.000000,0.429386,27.22125,0.01365,0.066205,17.9975
07/13/2019 12:54:00.000000,0.33907,26.37475,0.01215,0.046628,10.828571
07/13/2019 12:55:00.000000,0.37143,24.7525,0.011125,0.0305,11.122917
07/13/2019 12:56:00.000000,0.407764,24.08375,0.008575,57.748837,12.906977
07/13/2019 12:57:00.000000,0.482065,37.3495,0.0066,0.046546,9.327907
07/13/2019 12:58:00.000000,0.638743,36.084,0.00985,33.690698,19.197674
07/13/2019 12:59:00.000000,0.51506,23.95575,0.01395,0.040196,10.7
07/13/2019 13:00:00.000000,0.341265,22.346,0.015125,21.775,11.195
07/13/2019 13:01:00.000000,0.282596,19.47975,0.015725,22.946341,10.917073
07/13/2019 13:02:00.000000,0.275645,19.29675,0.015675,30.116279,12.52093
07/13/2019 13:03:00.000000,0.302402,32.23325,0.011675,21.353658,10.153659
07/13/2019 13:04:00.000000,0.328565,32.80275,0.00945,46.3875,9.02
07/13/2019 13:05:00.000000,0.297006,22.575,0.0138,56.087805,9.543902
07/13/2019 13:06:00.000000,0.25903,22.225,0.015175,0.044518,13.61
07/13/2019 13:07:00.000000,0.276706,22.40325,0.015175,0.029175,7.7
07/13/2019 13:08:00.000000,0.320611,23.22,0.016525,9.256098,7.282927
07/13/2019 13:09:00.000000,0.31144,,,,
07/13/2019 13:10:00.000000,0.254366,16.3285,0.01795,31.616667,10.083333
07/13/2019 13:11:00.000000,0.239653,14.362,0.01885,0.038637,10.716279
07/13/2019 13:12:00.000000,0.240968,18.91175,0.018675,24.27,9.5625
07/13/2019 13:13:00.000000,0.351134,22.4155,0.0177,21.85,8.8
07/13/2019 13:14:00.000000,0.333611,12.421,0.0182,33.7,11.661538
07/13/2019 13:15:00.000000,0.25767,17.516,0.018625,0.043309,8.806061
07/13/2019 13:16:00.000000,0.258993,16.624,0.0187,22.45,10.995
07/13/2019 13:17:00.000000,0.256473,15.17625,0.019825,27.239535,12.404651
07/13/2019 13:18:00.000000,0.235378,15.34175,0.019825,0.034915,12.941463
07/13/2019 13:19:00.000000,0.240148,15.817,0.0192,0.022499,10.0
07/13/2019 13:20:00.000000,0.235787,18.96525,0.0191,14.8,9.5
07/13/2019 13:21:00.000000,0.236571,12.45175,0.019725,20.4625,9.245
07/13/2019 13:22:00.000000,0.233612,16.9,0.019,0.031987,9.455
07/13/2019 13:23:00.000000,0.232264,17.23075,0.018325,0.048155,11.385714
07/13/2019 13:24:00.000000,0.234469,14.87775,0.0197,25.358974,12.884615
07/13/2019 13:25:00.000000,0.225417,15.108,0.0201,31.963415,11.307317
07/13/2019 13:26:00.000000,0.240534,18.33325,0.0195,0.036868,10.246512
07/13/2019 13:27:00.000000,0.248692,15.01525,0.020175,19.382927,9.519512
07/13/2019 13:28:00.000000,0.229847,14.7595,0.0211,0.021493,11.473171
07/13/2019 13:29:00.000000,0.243456,,,,
07/13/2019 13:30:00.000000,0.318498,16.84075,0.019925,38.5,11.01
07/13/2019 13:31:00.000000,0.315021,16.848,0.019875,0.049689,9.292683
07/13/2019 13:32:00.000000,0.311199,16.4245,0.018625,27.239024,10.707317
07/13/2019 13:33:00.000000,0.412692,17.9945,0.018525,0.040071,12.813636
07/13/2019 13:34:00.000000,0.333803,17.09975,0.019625,22.672093,13.616279
07/13/2019 13:35:00.000000,0.254467,16.883,0.0196,38.056757,10.181081
07/13/2019 13:36:00.000000,0.242097,16.6405,0.019375,0.03382,9.073171
07/13/2019 13:37:00.000000,0.313699,16.78675,0.01785,0.041935,9.336842
07/13/2019 13:38:00.000000,0.345954,17.05725,0.018,0.041881,11.542857
07/13/2019 13:39:00.000000,0.271476,17.2895,0.01835,0.040453,11.728571
07/13/2019 13:40:00.000000,0.266168,17.6255,0.017625,0.050321,10.928571
07/13/2019 13:41:00.000000,0.288494,18.02325,0.0173,0.049187,11.144186
07/13/2019 13:42:00.000000,0.276339,18.45475,0.016975,25.189189,11.786486
07/13/2019 13:43:00.000000,0.300082,22.981,0.016275,0.050242,10.063333
07/13/2019 13:44:00.000000,0.320208,31.4205,0.015325,0.046029,11.367647
07/13/2019 13:45:00.000000,0.30442,31.25425,0.0131,0.05298,12.106667
07/13/2019 13:46:00.000000,0.307026,42.74275,0.010425,40.322222,19.325926
07/13/2019 13:47:00.000000,0.341756,25.127,0.01095,0.035203,10.942857
07/13/2019 13:48:00.000000,0.363762,27.74175,0.012025,0.055431,12.829268
07/13/2019 13:49:00.000000,0.334429,26.7215,0.0128,0.068209,12.465
07/13/2019 13:50:00.000000,0.317918,26.12275,0.012,49.654545,14.113636
07/13/2019 13:51:00.000000,0.383757,26.43025,0.0107,0.061594,13.74
07/13/2019 13:52:00.000000,0.636044,29.81025,0.00835,0.054625,11.907692
07/13/2019 13:53:00.000000,0.528342,32.44,0.007925,42.871429,16.485714
07/13/2019 13:54:00.000000,0.356595,33.4395,0.00815,0.038686,10.3
07/13/2019 13:55:00.000000,0.339398,30.19675,0.00925,37.735,12.585
07/13/2019 13:56:00.000000,0.334391,23.6445,0.013575,39.444186,12.339535
07/13/2019 13:57:00.000000,0.290868,22.638,0.01635,0.039542,11.004878
07/13/2019 13:58:00.000000,0.28279,22.695,0.016275,26.242857,11.485714
07/13/2019 13:59:00.000000,0.291479,23.7615,0.01555,22.692857,12.114286
07/13/2019 14:00:00.000000,0.299686,23.99525,0.01415,0.028495,11.171429
07/13/2019 14:01:00.000000,0.296961,24.1225,0.013875,31.192308,11.253846
07/13/2019 14:02:00.000000,0.278036,24.06725,0.0158,0.043828,9.054839
07/13/2019 14:03:00.000000,0.263556,24.1625,0.015925,0.057376,10.065714
07/13/2019 14:04:00.000000,0.260968,24.33325,0.015,29.835,8.91
07/13/2019 14:05:00.000000,0.263077,24.03075,0.01405,0.038939,10.392308
07/13/2019 14:06:00.000000,0.286464,24.78275,0.014525,0.030235,9.5
07/13/2019 14:07:00.000000,0.309631,24.30725,0.016325,0.039227,11.148649
07/13/2019 14:08:00.000000,0.29178,22.8365,0.016625,0.027256,9.393023
07/13/2019 14:09:00.000000,0.257201,21.6085,0.0165,0.03955,8.583721
07/13/2019 14:10:00.000000,0.275799,22.1035,0.0185,0.047739,8.757143
07/13/2019 14:11:00.000000,0.286322,21.949,0.019575,0.039904,7.710811
07/13/2019 14:12:00.000000,0.353826,22.188,0.017775,0.05323,10.416667
07/13/2019 14:13:00.000000,0.386535,22.43825,0.017675,0.030366,11.871429
07/13/2019 14:14:00.000000,0.32455,22.28825,0.02005,0.04513,12.441463
07/13/2019 14:15:00.000000,0.274884,22.023,0.01995,41.007317,10.536585
07/13/2019 14:16:00.000000,0.267698,21.7725,0.01945,0.038283,10.797561
07/13/2019 14:17:00.000000,0.244677,21.5925,0.0183,0.042284,9.644186
07/13/2019 14:18:00.000000,0.2681,21.7435,0.0169,59.507692,8.976923
07/13/2019 14:19:00.000000,0.276925,21.82925,0.01785,0.044451,10.558537
07/13/2019 14:20:00.000000,0.259132,21.40625,0.018625,0.051709,10.046341
07/13/2019 14:21:00.000000,0.245438,20.95975,0.019175,0.049313,11.528571
07/13/2019 14:22:00.000000,0.262951,20.6175,0.020775,0.036214,7.873171
07/13/2019 14:23:00.000000,0.272494,20.10625,0.021325,0.047314,7.630233
07/13/2019 14:24:00.000000,0.268934,18.82025,0.02165,50.160976,10.687805
07/13/2019 14:25:00.000000,0.335534,20.9435,0.021575,27.907692,7.9
07/13/2019 14:26:00.000000,0.369483,19.29275,0.02185,0.045613,6.783721
07/13/2019 14:27:00.000000,0.30634,18.239,0.021425,0.040601,8.646154
07/13/2019 14:28:00.000000,0.28642,18.2375,0.022275,28.874419,8.74186
07/13/2019 14:29:00.000000,0.26618,18.13225,0.023525,0.023997,8.25814
07/13/2019 14:30:00.000000,0.263572,17.88225,0.023625,0.041986,10.964865
07/13/2019 14:31:00.000000,0.264992,18.0795,0.023275,0.036558,9.375
07/13/2019 14:32:00.000000,0.261876,18.163,0.022825,0.030595,9.853659
07/13/2019 14:33:00.000000,0.264778,18.282,0.022375,0.054585,11.45
07/13/2019 14:34:00.000000,0.2661,18.36525,0.0229,0.058123,8.512195
07/13/2019 14:35:00.000000,0.263733,18.42275,0.0239,45.966667,8.161905
07/13/2019 14:36:00.000000,0.26654,18.46925,0.023525,36.742857,9.2
07/13/2019 14:37:00.000000,0.275205,18.466,0.02395,29.565909,11.838636
07/13/2019 14:38:00.000000,0.321866,18.527,0.024075,43.328571,8.871429
07/13/2019 14:39:00.000000,0.386581,18.77975,0.022725,57.714286,6.585714
07/13/2019 14:40:00.000000,0.372759,19.123,0.022175,54.783333,10.05
07/13/2019 14:41:00.000000,0.338424,18.9895,0.024325,0.035367,8.951351
07/13/2019 14:42:00.000000,0.29179,18.7765,0.0257,0.028441,9.744444
07/13/2019 14:43:00.000000,0.271216,18.51625,0.026025,46.153846,7.107692
07/13/2019 14:44:00.000000,0.271014,18.30375,0.026125,24.675,7.96
07/13/2019 14:45:00.000000,0.273598,18.11375,0.0261,29.204545,7.422727
07/13/2019 14:46:00.000000,0.271575,17.9795,0.02585,0.031618,7.043902
07/13/2019 14:47:00.000000,0.273131,17.556,0.026575,0.046753,9.805
07/13/2019 14:48:00.000000,0.27963,17.0185,0.026875,0.02813,9.185714
07/13/2019 14:49:00.000000,0.308938,16.881,0.0267,43.891892,9.67027
07/13/2019 14:50:00.000000,0.33835,16.882,0.027175,30.938095,9.371429
07/13/2019 14:51:00.000000,0.338835,16.9875,0.027125,25.712195,8.531707
07/13/2019 14:52:00.000000,0.297837,16.88125,0.027,24.171429,8.314286
07/13/2019 14:53:00.000000,0.270559,16.8015,0.02775,0.028883,8.214634
07/13/2019 14:54:00.000000,0.271858,16.6605,0.027925,0.033041,8.98
07/13/2019 14:55:00.000000,0.278449,16.55925,0.02755,24.220513,10.623077
07/13/2019 14:56:00.000000,0.282142,16.39575,0.028625,0.046284,9.97907
07/13/2019 14:57:00.000000,0.27928,16.376,0.028375,34.2,7.76
07/13/2019 14:58:00.000000,0.281929,16.3,0.027925,36.223529,11.185294
07/13/2019 14:59:00.000000,0.288406,16.301,0.028125,0.02902,10.409524
07/13/2019 15:00:00.000000,0.294605,16.75825,0.02635,0.047386,9.945
07/13/2019 15:01:00.000000,0.413828,17.05625,0.025933,0.048907,11.827027
07/13/2019 15:02:00.000000,0.492006,17.21575,0.027725,34.6475,10.4175
07/13/2019 15:03:00.000000,0.36645,17.376,0.028375,26.107692,10.053846
07/13/2019 15:04:00.000000,0.330782,17.708,0.027575,0.030261,8.683333
07/13/2019 15:05:00.000000,0.32108,17.9765,0.027925,0.042434,9.688889
07/13/2019 15:06:00.000000,0.29995,18.159,0.0289,0.038651,10.48
07/13/2019 15:07:00.000000,0.309773,18.24225,0.0287,27.052632,10.355263
07/13/2019 15:08:00.000000,0.302541,18.04775,0.028525,0.053532,13.236842
07/13/2019 15:09:00.000000,0.300246,,,,
07/13/2019 15:10:00.000000,0.303359,18.3175,0.027775,0.046529,11.37381
07/13/2019 15:11:00.000000,0.321287,18.54375,0.0274,38.034211,9.115789
07/13/2019 15:12:00.000000,0.305391,18.60475,0.028325,0.037176,8.904878
07/13/2019 15:13:00.000000,0.288526,18.595,0.029175,0.033749,9.709524
07/13/2019 15:14:00.000000,0.287466,18.68975,0.0293,0.058801,9.304651
07/13/2019 15:15:00.000000,0.291026,18.842,0.0288,38.14,10.03
07/13/2019 15:16:00.000000,0.359888,19.048,0.028225,0.037694,8.817073
07/13/2019 15:17:00.000000,0.378851,19.279,0.027925,56.307317,9.64878
07/13/2019 15:18:00.000000,0.361519,19.31575,0.027725,48.568293,7.814634
07/13/2019 15:19:00.000000,0.422594,19.23675,0.02875,0.06021,8.370732
07/13/2019 15:20:00.000000,0.341169,19.0985,0.030175,0.035592,10.925581
07/13/2019 15:21:00.000000,0.29874,18.981,0.031175,0.051164,14.6225
07/13/2019 15:22:00.000000,0.295918,18.824,0.0314,39.825,13.025
07/13/2019 15:23:00.000000,0.291867,18.63275,0.031325,30.693023,8.87907
07/13/2019 15:24:00.000000,0.292154,18.43825,0.030625,37.9,9.663415
07/13/2019 15:25:00.000000,0.302154,18.19075,0.031075,46.276744,8.972093
07/13/2019 15:26:00.000000,0.295036,18.03075,0.031825,0.046816,12.982222
07/13/2019 15:27:00.000000,0.296371,17.94625,0.0321,0.060053,10.379487
07/13/2019 15:28:00.000000,0.324127,18.0815,0.031825,0.045862,9.963636
07/13/2019 15:29:00.000000,0.391933,,,,
07/13/2019 15:30:00.000000,0.655182,24.46775,0.027475,0.038242,9.87
07/13/2019 15:31:00.000000,0.624035,21.41025,0.028325,0.051548,7.5
07/13/2019 15:32:00.000000,0.399271,20.085,0.0302,0.067732,8.985366
07/13/2019 15:33:00.000000,0.387382,20.25675,0.03085,0.05707,9.9
07/13/2019 15:34:00.000000,0.402554,20.28725,0.03105,0.043902,13.043902
07/13/2019 15:35:00.000000,0.388905,20.35025,0.0312,0.03171,9.557143
07/13/2019 15:36:00.000000,0.423544,20.265,0.032025,0.041268,10.15
07/13/2019 15:37:00.000000,0.351971,20.07375,0.032675,0.049105,11.876923
07/13/2019 15:38:00.000000,0.327283,20.0565,0.031425,23.165854,8.570732
07/13/2019 15:39:00.000000,0.386207,19.7385,0.0318,29.906977,7.783721
07/13/2019 15:40:00.000000,0.376023,19.3625,0.03435,0.042989,9.790244
07/13/2019 15:41:00.000000,0.39502,19.292,0.035325,0.025891,7.9975
07/13/2019 15:42:00.000000,0.439556,21.21625,0.034475,28.839024,8.585366
07/13/2019 15:43:00.000000,0.357681,23.692,0.031625,42.060976,10.529268
07/13/2019 15:44:00.000000,0.320674,19.4225,0.032525,78.963636,10.9
07/13/2019 15:45:00.000000,0.33377,21.36125,0.033375,0.047066,13.915385
07/13/2019 15:46:00.000000,0.3736,21.185,0.033,44.928571,9.442857
07/13/2019 15:47:00.000000,0.370801,25.564,0.0335,32.416667,8.016667
07/13/2019 15:48:00.000000,0.39531,21.71425,0.0336,0.036072,8.392308
07/13/2019 15:49:00.000000,0.344202,,,,
07/13/2019 15:50:00.000000,0.299465,21.37425,0.033575,26.465789,9.194737
07/13/2019 15:51:00.000000,0.298084,21.16175,0.033775,22.002703,8.245946
07/13/2019 15:52:00.000000,0.295261,21.09375,0.034025,0.030411,8.397436
07/13/2019 15:53:00.000000,0.293461,20.7355,0.036025,0.022946,6.912195
07/13/2019 15:54:00.000000,0.366716,20.6395,0.035925,18.590244,6.778049
07/13/2019 15:55:00.000000,0.36214,20.70725,0.033625,16.1,7.7525
07/13/2019 15:56:00.000000,0.290673,20.2945,0.036825,21.555,8.62
07/13/2019 15:57:00.000000,0.277784,20.3385,0.037725,0.039853,9.260465
07/13/2019 15:58:00.000000,0.331592,20.81175,0.0343,29.185714,7.114286
07/13/2019 15:59:00.000000,0.32361,21.264,0.0324,31.556097,6.778049
07/13/2019 16:00:00.000000,0.336406,21.577333,0.032767,0.032537,8.053846
07/13/2019 16:01:00.000000,0.353781,22.3145,0.033525,19.78,7.388889
07/13/2019 16:02:00.000000,0.13297,22.42075,0.0343,30.785714,8.016667
07/13/2019 16:03:00.000000,0.020228,22.472,0.03565,0.033664,8.027907
07/13/2019 16:04:00.000000,0.002743,22.66675,0.036275,0.035493,5.268293
07/13/2019 16:05:00.000000,0.002942,22.164,0.038625,0.027327,6.421951
07/13/2019 16:06:00.000000,-9999.0,20.8815,0.041925,0.03847,6.183721
07/13/2019 16:07:00.000000,0.000836,19.78375,0.043025,0.031158,6.686486
07/13/2019 16:08:00.000000,-9999.0,18.94925,0.041075,0.035449,11.188372
07/13/2019 16:09:00.000000,-9999.0,18.286,0.039725,0.029191,9.765854
07/13/2019 16:10:00.000000,-9999.0,17.844333,0.04035,24.2375,8.21
07/13/2019 16:11:00.000000,-9999.0,17.48025,0.0407,0.02657,7.827273
07/13/2019 16:12:00.000000,0.112751,17.2945,0.041025,13.953659,6.77561
07/13/2019 16:13:00.000000,0.247057,17.441,0.040325,0.031695,5.6
07/13/2019 16:14:00.000000,0.272878,17.8885,0.040225,19.242857,6.085714
07/13/2019 16:15:00.000000,0.276584,18.32125,0.040075,0.027343,8.078049
07/13/2019 16:16:00.000000,0.315454,18.3925,0.041075,0.033983,6.607317
07/13/2019 16:17:00.000000,0.278662,18.1305,0.04395,0.025582,6.718605
07/13/2019 16:18:00.000000,0.273449,18.3575,0.042225,0.017946,7.804651
07/13/2019 16:19:00.000000,0.322755,22.13525,0.0401,29.057143,6.542857
07/13/2019 16:20:00.000000,0.313563,20.1205,0.040575,0.021051,7.32
07/13/2019 16:21:00.000000,0.360275,12.81475,0.045725,0.020576,7.585366
07/13/2019 16:22:00.000000,0.397799,11.19225,0.049275,19.943902,4.868293
07/13/2019 16:23:00.000000,0.285799,12.00475,0.049075,22.651163,5.948837
07/13/2019 16:24:00.000000,0.276646,12.13275,0.0487,0.018143,5.945
07/13/2019 16:25:00.000000,0.29663,12.011,0.049475,0.046031,6.48
07/13/2019 16:26:00.000000,0.437878,12.04225,0.04825,0.02879,6.310345
07/13/2019 16:27:00.000000,0.391328,12.43575,0.04625,34.628571,5.721429
07/13/2019 16:28:00.000000,0.287245,12.61025,0.0471,16.184211,4.605263
07/13/2019 16:29:00.000000,0.258345,,,,
07/13/2019 16:30:00.000000,0.285637,13.14475,0.046575,0.042033,4.2
07/13/2019 16:31:00.000000,0.300214,13.883,0.04505,13.431707,5.621951
07/13/2019 16:32:00.000000,0.261981,14.73025,0.0447,0.013653,6.418182
07/13/2019 16:33:00.000000,0.249784,15.82325,0.0434,0.033343,7.992683
07/13/2019 16:34:00.000000,0.257114,16.7095,0.044475,0.034431,8.641463
07/13/2019 16:35:00.000000,0.288134,16.98025,0.046375,20.385714,6.033333
07/13/2019 16:36:00.000000,0.269769,17.397,0.047875,0.020113,7.054545
07/13/2019 16:37:00.000000,0.253732,17.89825,0.048025,0.024859,5.908696
07/13/2019 16:38:00.000000,0.307551,18.118,0.046575,22.075,5.275
07/13/2019 16:39:00.000000,0.314823,18.17125,0.045275,0.037492,8.614634
07/13/2019 16:40:00.000000,0.318912,18.00275,0.0453,0.020802,6.421053
07/13/2019 16:41:00.000000,0.314969,17.48725,0.04665,0.041871,5.1
07/13/2019 16:42:00.000000,0.28646,16.926,0.049875,18.758536,4.302439
07/13/2019 16:43:00.000000,0.257446,16.5165,0.050975,17.804651,5.318605
07/13/2019 16:44:00.000000,0.249122,16.2695,0.050075,22.628571,7.666667
07/13/2019 16:45:00.000000,0.29344,16.2845,0.0486,0.023372,4.41875
07/13/2019 16:46:00.000000,0.341652,16.084,0.048775,0.024921,6.55
07/13/2019 16:47:00.000000,0.269007,15.89925,0.048525,0.020231,4.514286
07/13/2019 16:48:00.000000,0.242196,15.70175,0.048625,27.595349,4.616279
07/13/2019 16:49:00.000000,0.253169,,,,
07/13/2019 16:50:00.000000,0.291756,16.05125,0.04915,0.026066,4.452941
07/13/2019 16:51:00.000000,0.276977,16.34475,0.0481,0.029376,4.565854
07/13/2019 16:52:00.000000,0.299484,16.615,0.047875,0.024148,4.945455
07/13/2019 16:53:00.000000,0.292307,16.69625,0.0481,0.01246,4.0
07/13/2019 16:54:00.000000,0.272467,16.80675,0.0484,15.095349,3.967442
07/13/2019 16:55:00.000000,0.258522,16.84325,0.049125,13.984615,5.776923
07/13/2019 16:56:00.000000,0.260887,16.82925,0.050125,15.108108,5.010811
07/13/2019 16:57:00.000000,0.263703,16.64175,0.051267,0.015091,3.736667
07/13/2019 16:58:00.000000,0.258708,16.7285,0.051875,0.020477,5.594737
07/13/2019 16:59:00.000000,0.271888,16.57675,0.05164,0.023138,4.072414
07/13/2019 17:00:00.000000,0.269847,16.5555,0.051633,0.018986,6.317241
07/13/2019 17:01:00.000000,0.268739,17.04975,0.04778,17.576471,6.302941
07/13/2019 17:02:00.000000,0.258204,17.789,0.045033,14.357143,4.8
07/13/2019 17:03:00.000000,0.256137,18.64875,0.0443,27.739535,4.586047
07/13/2019 17:04:00.000000,0.283528,19.679,0.045025,18.409756,5.741463
07/13/2019 17:05:00.000000,0.434743,21.055,0.044175,0.015101,5.146512
07/13/2019 17:06:00.000000,0.439015,21.74775,0.046125,13.528571,5.5
07/13/2019 17:07:00.000000,0.397387,22.191,0.050725,9.168421,4.436842
07/13/2019 17:08:00.000000,0.301102,22.19975,0.052825,0.01477,4.880488
07/13/2019 17:09:00.000000,0.263531,21.76925,0.052325,5.480952,4.571429
07/13/2019 17:10:00.000000,0.300676,21.24575,0.05145,0.014557,4.24186
07/13/2019 17:11:00.000000,0.304206,21.62525,0.05028,51.075,6.321429
07/13/2019 17:12:00.000000,0.357734,29.64875,0.044675,15.75,4.87
07/13/2019 17:13:00.000000,0.402869,10.6505,0.050433,13.829268,5.453659
07/13/2019 17:14:00.000000,0.26871,8.671667,0.0585,0.014532,4.582609
07/13/2019 17:15:00.000000,0.215802,9.24,0.05905,0.012311,3.457143
07/13/2019 17:16:00.000000,0.223593,10.32925,0.0588,22.161538,3.469231
07/13/2019 17:17:00.000000,0.228244,9.964,0.0598,23.565,3.7475
07/13/2019 17:18:00.000000,0.262594,9.63475,0.062125,11.740909,4.404545
07/13/2019 17:19:00.000000,0.316113,9.35225,0.0638,7.684091,4.672727
07/13/2019 17:20:00.000000,0.255115,9.13175,0.06325,8.085714,4.271429
07/13/2019 17:21:00.000000,0.269623,8.831,0.062,14.567442,3.27907
07/13/2019 17:22:00.000000,0.261195,8.2745,0.0637,5.923077,3.861538
07/13/2019 17:23:00.000000,0.208363,7.76,0.0651,9.915385,5.015385
07/13/2019 17:24:00.000000,0.209373,7.302,0.06505,8.168293,4.370732
07/13/2019 17:25:00.000000,0.230034,7.0415,0.0642,10.733333,4.537778
07/13/2019 17:26:00.000000,0.230897,6.91575,0.06225,0.017594,3.923077
07/13/2019 17:27:00.000000,0.247265,7.19025,0.059975,17.914286,4.4
07/13/2019 17:28:00.000000,0.287065,7.426,0.061775,16.281081,6.283784
07/13/2019 17:29:00.000000,0.277814,9.07575,0.06455,0.016687,5.075676
07/13/2019 17:30:00.000000,0.273248,11.12025,0.06455,17.295122,7.370732
07/13/2019 17:31:00.000000,0.27385,11.6575,0.064325,0.034961,5.253659
07/13/2019 17:32:00.000000,0.276792,8.35,0.06565,11.881395,3.853488
07/13/2019 17:33:00.000000,0.258363,7.52875,0.0681,0.023897,4.087097
07/13/2019 17:34:00.000000,0.253053,7.932,0.067675,0.022861,7.308889
07/13/2019 17:35:00.000000,0.255678,8.13025,0.068875,35.642857,5.585714
07/13/2019 17:36:00.000000,0.278983,8.505,0.06875,18.393023,5.618605
07/13/2019 17:37:00.000000,0.29411,8.8695,0.068375,0.026617,4.546154
07/13/2019 17:38:00.000000,0.282448,9.20125,0.0698,0.033635,4.788889
07/13/2019 17:39:00.000000,0.263242,9.4675,0.069675,21.283333,5.216667
07/13/2019 17:40:00.000000,0.265239,9.5605,0.07035,10.771795,4.707692
07/13/2019 17:41:00.000000,0.2665,9.68275,0.07045,0.01478,6.146667
07/13/2019 17:42:00.000000,0.292711,9.39225,0.07085,19.47561,5.346341
07/13/2019 17:43:00.000000,0.265897,13.04325,0.070475,20.842857,6.45
07/13/2019 17:44:00.000000,0.255724,11.79575,0.070125,12.007692,5.938462
07/13/2019 17:45:00.000000,0.302196,10.8055,0.07175,30.80303,4.672727
07/13/2019 17:46:00.000000,0.368968,9.468,0.071575,0.022024,5.471875
07/13/2019 17:47:00.000000,0.31287,9.0585,0.073275,0.01813,6.790698
07/13/2019 17:48:00.000000,0.285446,9.04,0.073375,9.464516,3.903226
07/13/2019 17:49:00.000000,0.271868,9.16225,0.070475,34.85,5.415
07/13/2019 17:50:00.000000,0.266862,9.1185,0.0698,0.027764,4.907143
07/13/2019 17:51:00.000000,0.24808,9.67075,0.065875,0.014049,3.681395
07/13/2019 17:52:00.000000,0.238327,9.576,0.066075,0.018675,4.95122
07/13/2019 17:53:00.000000,0.223978,9.29625,0.0691,0.009813,4.04
07/13/2019 17:54:00.000000,0.220727,9.05125,0.06895,28.660714,6.017857
07/13/2019 17:55:00.000000,0.222465,8.827667,0.069067,19.265517,4.844828
07/13/2019 17:56:00.000000,0.255676,8.54225,0.069225,11.4625,4.29
07/13/2019 17:57:00.000000,0.273748,8.0305,0.069825,0.013382,3.085714
07/13/2019 17:58:00.000000,0.279252,7.60625,0.0712,0.019302,4.212821
07/13/2019 17:59:00.000000,0.275287,6.72425,0.0717,0.019518,4.584615
07/13/2019 18:00:00.000000,0.313205,6.387,0.070875,21.9,6.725
07/13/2019 18:01:00.000000,0.37291,8.24825,0.06885,14.207317,5.990244
07/13/2019 18:02:00.000000,0.46826,17.445,0.064625,20.276923,5.630769
07/13/2019 18:03:00.000000,0.417694,11.343,0.064825,16.574359,4.553846
07/13/2019 18:04:00.000000,0.336405,10.10525,0.063675,9.987179,5.446154
07/13/2019 18:05:00.000000,0.330067,13.72025,0.0631,11.225,4.24
07/13/2019 18:06:00.000000,0.323608,12.84525,0.06465,0.025026,3.657143
07/13/2019 18:07:00.000000,0.348586,9.298,0.066675,0.020886,4.371429
07/13/2019 18:08:00.000000,0.298608,5.769,0.07105,0.017703,5.190909
07/13/2019 18:09:00.000000,0.248383,5.8545,0.07095,0.016553,4.442857
07/13/2019 18:10:00.000000,0.251187,6.20975,0.0696,11.736364,5.336364
07/13/2019 18:11:00.000000,0.305062,6.40625,0.070125,0.018916,4.560976
07/13/2019 18:12:00.000000,0.279888,6.554,0.071725,0.023915,5.353333
07/13/2019 18:13:00.000000,0.226238,6.713,0.0705,0.012055,3.348837
07/13/2019 18:14:00.000000,0.226503,6.845,0.067375,0.004138,2.75122
07/13/2019 18:15:00.000000,0.244195,7.3245,0.06475,0.013983,4.131579
07/13/2019 18:16:00.000000,0.30322,7.605,0.066425,0.005937,3.104545
07/13/2019 18:17:00.000000,0.352986,7.794,0.070925,0.007929,3.075
07/13/2019 18:18:00.000000,0.328791,6.67125,0.0724,12.614286,2.933333
07/13/2019 18:19:00.000000,0.376174,10.34825,0.069,30.742857,3.566667
07/13/2019 18:20:00.000000,0.458747,9.40425,0.066925,0.006046,2.231818
07/13/2019 18:21:00.000000,0.280735,9.30775,0.0662,9.457143,5.333333
07/13/2019 18:22:00.000000,0.239581,8.15,0.065775,17.16,3.875
07/13/2019 18:23:00.000000,0.268597,7.882,0.068225,0.00522,2.811628
07/13/2019 18:24:00.000000,0.248743,7.51525,0.0709,0.010102,3.048718
07/13/2019 18:25:00.000000,0.20806,7.2265,0.070925,0.010569,3.782927
07/13/2019 18:26:00.000000,0.237488,7.124,0.069825,8.27619,4.957143
07/13/2019 18:27:00.000000,0.29195,7.49225,0.068875,8.384211,3.163158
07/13/2019 18:28:00.000000,0.28855,7.426,0.0697,0.009992,3.657143
07/13/2019 18:29:00.000000,0.23378,7.087,0.07195,0.014086,4.65
07/13/2019 18:30:00.000000,0.214313,6.702,0.072775,8.321053,3.789474
07/13/2019 18:31:00.000000,0.23997,6.538,0.071925,0.003486,2.415385
07/13/2019 18:32:00.000000,0.207888,6.6315,0.07175,15.4125,3.135
07/13/2019 18:33:00.000000,0.194203,6.75625,0.0708,17.040909,2.695455
07/13/2019 18:34:00.000000,0.199826,6.98625,0.06585,22.890244,2.856098
07/13/2019 18:35:00.000000,0.222561,6.3945,0.065775,8.960976,2.9
07/13/2019 18:36:00.000000,0.246361,6.22925,0.067225,3.130233,2.64186
07/13/2019 18:37:00.000000,0.276749,6.322,0.06655,4.026829,2.682927
07/13/2019 18:38:00.000000,0.258966,6.28475,0.066325,0.008223,2.613953
07/13/2019 18:39:00.000000,0.19698,6.12075,0.0656,0.028183,2.6
07/13/2019 18:40:00.000000,0.19664,12.62675,0.06145,0.015705,3.666667
07/13/2019 18:41:00.000000,0.274073,9.87725,0.0618,5.646512,3.527907
07/13/2019 18:42:00.000000,0.251025,7.013,0.06725,5.371429,3.671429
07/13/2019 18:43:00.000000,0.22243,6.09,0.067325,9.8625,3.36
07/13/2019 18:44:00.000000,0.366996,6.5225,0.0654,0.012386,2.509756
07/13/2019 18:45:00.000000,0.787901,7.89775,0.06235,10.016667,3.171429
07/13/2019 18:46:00.000000,0.720764,8.37925,0.06205,0.042536,4.569231
07/13/2019 18:47:00.000000,0.305712,5.29625,0.06425,15.067442,4.025581
07/13/2019 18:48:00.000000,0.231425,5.15725,0.065775,0.015547,4.15
07/13/2019 18:49:00.000000,0.238307,4.99925,0.06695,6.469697,2.357576
07/13/2019 18:50:00.000000,0.248594,4.86,0.068125,0.006666,2.555
07/13/2019 18:51:00.000000,0.202782,4.70225,0.069767,5.938235,2.682353
07/13/2019 18:52:00.000000,0.170167,4.68025,0.068375,0.009407,3.028205
07/13/2019 18:53:00.000000,0.215717,4.677,0.06735,0.003669,2.423077
07/13/2019 18:54:00.000000,0.230083,4.758,0.067425,0.008515,2.470732
07/13/2019 18:55:00.000000,0.207268,11.4005,0.065825,0.008166,2.842857
07/13/2019 18:56:00.000000,0.233513,7.283,0.063975,6.02439,2.985366
07/13/2019 18:57:00.000000,0.233825,7.63525,0.062675,6.264286,2.314286
07/13/2019 18:58:00.000000,0.226117,6.5005,0.061225,0.003795,2.451163
07/13/2019 18:59:00.000000,0.238418,9.91675,0.0615,17.4,3.876744
07/13/2019 19:00:00.000000,0.318633,9.0905,0.060925,0.008253,2.385714
07/13/2019 19:01:00.000000,0.299194,5.275,0.06425,24.288372,2.686047
07/13/2019 19:02:00.000000,0.240356,5.869,0.066175,15.167568,2.718919
07/13/2019 19:03:00.000000,0.243167,7.06975,0.06455,0.009961,3.4875
07/13/2019 19:04:00.000000,0.264428,12.4865,0.048525,10.45,4.535
07/13/2019 19:05:00.000000,0.580029,10.1915,0.05905,3.666667,2.616667
07/13/2019 19:06:00.000000,0.527295,3.68225,0.0625,0.002218,1.685714
07/13/2019 19:07:00.000000,0.220912,3.42375,0.063025,5.918182,2.981818
07/13/2019 19:08:00.000000,0.166336,2.86225,0.061325,0.003175,1.84
07/13/2019 19:09:00.000000,0.155368,2.77425,0.06065,3.636364,2.418182
07/13/2019 19:10:00.000000,0.144777,2.9105,0.0598,0.002871,1.652632
07/13/2019 19:11:00.000000,0.171667,3.28525,0.0602,0.00187,1.432432
07/13/2019 19:12:00.000000,0.181602,11.61875,0.056925,10.960976,1.826829
07/13/2019 19:13:00.000000,0.177706,12.06075,0.0518,19.827907,1.727907
07/13/2019 19:14:00.000000,0.223346,6.549,0.0522,0.017202,1.528571
07/13/2019 19:15:00.000000,0.204713,4.70075,0.05715,0.007643,2.104545
07/13/2019 19:16:00.000000,0.196252,4.8165,0.05845,0.006576,2.769767
07/13/2019 19:17:00.000000,0.185924,4.9855,0.054875,2.308511,1.96383
07/13/2019 19:18:00.000000,0.205642,5.995,0.0536,5.772093,1.8
07/13/2019 19:19:00.000000,0.213103,5.08025,0.05525,6.485714,2.485714
07/13/2019 19:20:00.000000,0.172299,3.7875,0.0564,2.289474,1.702632
07/13/2019 19:21:00.000000,0.169463,3.9505,0.055325,0.01319,3.869231
07/13/2019 19:22:00.000000,0.14842,3.75525,0.053375,7.409756,2.421951
07/13/2019 19:23:00.000000,0.145489,3.6555,0.0533,0.013255,2.77027
07/13/2019 19:24:00.000000,0.168784,3.7515,0.052925,4.453846,1.969231
07/13/2019 19:25:00.000000,0.155647,3.875,0.05215,0.006243,2.561538
07/13/2019 19:26:00.000000,0.190789,4.06575,0.052075,0.006184,1.846341
07/13/2019 19:27:00.000000,0.238363,4.30525,0.05,2.3375,1.955
07/13/2019 19:28:00.000000,0.351069,4.6815,0.05125,0.009114,2.512195
07/13/2019 19:29:00.000000,0.337132,4.9625,0.05495,0.002852,1.835
07/13/2019 19:30:00.000000,0.234024,4.987,0.05855,0.004874,2.297561
07/13/2019 19:31:00.000000,0.168909,4.936,0.05765,0.018096,3.0
07/13/2019 19:32:00.000000,0.170188,4.95025,0.054625,0.00365,1.945
07/13/2019 19:33:00.000000,0.213301,5.0705,0.053175,1.52381,1.528571
07/13/2019 19:34:00.000000,0.229302,5.00425,0.0542,0.021225,2.609756
07/13/2019 19:35:00.000000,0.214755,5.0475,0.054825,3.464103,1.615385
07/13/2019 19:36:00.000000,0.161457,4.96825,0.0546,0.008457,1.983333
07/13/2019 19:37:00.000000,0.163747,4.83275,0.054975,0.002199,1.35
07/13/2019 19:38:00.000000,0.144392,5.01825,0.055775,0.00651,2.057143
07/13/2019 19:39:00.000000,0.14159,5.16275,0.055475,0.005996,2.725
07/13/2019 19:40:00.000000,0.153992,5.039,0.0553,17.0,1.966667
07/13/2019 19:41:00.000000,0.167329,4.85975,0.054975,4.5,1.885714
07/13/2019 19:42:00.000000,0.18081,12.8505,0.050825,7.54878,2.668293
07/13/2019 19:43:00.000000,0.177587,5.6535,0.050875,0.022232,1.853488
07/13/2019 19:44:00.000000,0.178542,4.1575,0.054075,0.003862,1.536842
07/13/2019 19:45:00.000000,0.159291,2.45425,0.0556,0.001608,1.111765
07/13/2019 19:46:00.000000,0.129429,5.06125,0.0544,1.1,1.1
07/13/2019 19:47:00.000000,0.201483,5.47,0.051625,11.6,1.61
07/13/2019 19:48:00.000000,0.420092,5.562,0.0515,0.005893,2.394737
07/13/2019 19:49:00.000000,0.426366,5.451,0.05352,10.985714,1.528571
07/13/2019 19:50:00.000000,0.199907,5.301,0.054333,2.492683,1.073171
07/13/2019 19:51:00.000000,0.179963,4.9965,0.055025,0.007442,1.418605
07/13/2019 19:52:00.000000,0.174163,4.72475,0.0556,0.006436,1.586047
07/13/2019 19:53:00.000000,0.152252,4.42275,0.055875,1.74,1.26
07/13/2019 19:54:00.000000,0.121722,4.13475,0.054925,6.7,2.215385
07/13/2019 19:55:00.000000,0.126931,3.658,0.054175,0.007564,2.907692
07/13/2019 19:56:00.000000,0.141476,4.95975,0.053125,0.003613,1.821053
07/13/2019 19:57:00.000000,0.179343,4.1495,0.0527,6.286047,1.85814
07/13/2019 19:58:00.000000,0.183223,2.709,0.054075,0.006516,1.566667
07/13/2019 19:59:00.000000,0.143649,3.21625,0.05445,2.7875,2.01
07/13/2019 20:00:00.000000,0.200029,3.8975,0.051275,5.018421,2.352632
07/13/2019 20:01:00.000000,0.251015,4.210333,0.050825,0.013572,2.057143
07/13/2019 20:02:00.000000,0.199315,4.309,0.0528,0.007059,1.745
07/13/2019 20:03:00.000000,0.154839,4.30175,0.053625,1.753659,1.443902
07/13/2019 20:04:00.000000,0.143347,4.49275,0.052075,4.953333,2.613333
07/13/2019 20:05:00.000000,0.224356,4.70125,0.051725,0.008643,2.972093
07/13/2019 20:06:00.000000,0.298865,5.119,0.0519,0.005651,2.057143
07/13/2019 20:07:00.000000,0.269067,5.2665,0.05325,5.514286,2.316667
07/13/2019 20:08:00.000000,0.17958,5.00475,0.053575,6.592857,3.685714
07/13/2019 20:09:00.000000,0.163234,4.57625,0.05425,5.255,2.285
07/13/2019 20:10:00.000000,0.186981,1.876,0.0537,0.008215,1.915385
07/13/2019 20:11:00.000000,0.219198,2.43525,0.05495,4.47381,1.642857
07/13/2019 20:12:00.000000,0.168064,5.0075,0.056425,9.81,1.685
07/13/2019 20:13:00.000000,0.175013,6.2555,0.053875,0.011469,2.471429
07/13/2019 20:14:00.000000,0.237301,4.35125,0.053975,0.036479,2.168182
07/13/2019 20:15:00.000000,0.220202,5.5805,0.0546,0.010003,1.757143
07/13/2019 20:16:00.000000,0.200032,5.642,0.05505,1.342857,1.2
07/13/2019 20:17:00.000000,0.153458,5.38875,0.05475,3.670455,1.445455
07/13/2019 20:18:00.000000,0.253886,5.1395,0.054975,3.735714,1.928571
07/13/2019 20:19:00.000000,0.553581,4.839,0.055975,4.580952,1.571429
07/13/2019 20:20:00.000000,0.370355,4.40925,0.056875,4.169767,2.016279
07/13/2019 20:21:00.000000,0.162183,8.54275,0.055775,4.528571,2.614286
07/13/2019 20:22:00.000000,0.201209,9.27725,0.052175,0.005739,1.92
07/13/2019 20:23:00.000000,0.216677,7.542,0.05155,4.12439,2.226829
07/13/2019 20:24:00.000000,0.200117,6.24925,0.052625,5.304651,3.137209
07/13/2019 20:25:00.000000,0.174886,6.236,0.054425,0.018163,2.617073
07/13/2019 20:26:00.000000,0.166836,6.31025,0.05465,0.005922,1.646341
07/13/2019 20:27:00.000000,0.166924,6.058,0.055275,1.369231,1.246154
07/13/2019 20:28:00.000000,0.27197,5.9705,0.055275,0.002355,1.783333
07/13/2019 20:29:00.000000,0.26721,6.04725,0.0552,,
07/13/2019 20:30:00.000000,0.202232,5.9695,0.0552,3.228571,2.233333
07/13/2019 20:31:00.000000,0.208867,5.70175,0.057325,0.006164,1.947727
07/13/2019 20:32:00.000000,0.159202,6.5875,0.05775,1.685,1.22
07/13/2019 20:33:00.000000,0.249018,8.9975,0.057425,0.013782,4.755
07/13/2019 20:34:00.000000,0.341052,10.29175,0.05685,0.009415,3.53
07/13/2019 20:35:00.000000,0.29856,4.018,0.0581,7.248837,2.597674
07/13/2019 20:36:00.000000,0.220758,5.79975,0.0591,3.066667,2.166667
07/13/2019 20:37:00.000000,0.233037,7.28925,0.05815,12.748718,2.012821
07/13/2019 20:38:00.000000,0.200045,7.59425,0.0602,0.003024,1.314286
07/13/2019 20:39:00.000000,0.176753,7.20075,0.060175,0.028553,2.56
07/13/2019 20:40:00.000000,0.170419,6.96875,0.0591,0.023265,2.55
07/13/2019 20:41:00.000000,0.174487,6.789,0.059475,0.005871,1.9
07/13/2019 20:42:00.000000,0.244988,6.281,0.0609,0.001812,1.305
07/13/2019 20:43:00.000000,0.289233,5.63275,0.06205,13.116667,2.533333
07/13/2019 20:44:00.000000,0.156791,4.976,0.06245,2.9875,1.44
07/13/2019 20:45:00.000000,0.185055,4.412,0.06285,0.006784,2.142857
07/13/2019 20:46:00.000000,0.246041,4.525,0.060875,0.006465,2.112903
07/13/2019 20:47:00.000000,0.228756,4.599,0.059275,0.002331,1.585714
07/13/2019 20:48:00.000000,0.249125,4.632,0.06,7.318421,3.184211
07/13/2019 20:49:00.000000,0.214881,5.24925,0.0571,0.013117,2.2625
07/13/2019 20:50:00.000000,0.16771,5.52825,0.058875,0.010302,3.015385
07/13/2019 20:51:00.000000,0.130386,5.533,0.0628,2.325581,1.609302
07/13/2019 20:52:00.000000,0.129914,5.71,0.0611,0.005706,1.557143
07/13/2019 20:53:00.000000,0.232198,6.034,0.059475,30.380488,1.514634
07/13/2019 20:54:00.000000,0.234499,6.05225,0.06025,0.010707,2.257895
07/13/2019 20:55:00.000000,0.288974,5.94175,0.060525,0.004612,2.227907
07/13/2019 20:56:00.000000,0.238958,5.635,0.060675,2.2,2.030769
07/13/2019 20:57:00.000000,0.283501,6.7975,0.0595,4.065116,1.827907
07/13/2019 20:58:00.000000,0.377778,13.8235,0.0568,0.002051,1.368182
07/13/2019 20:59:00.000000,0.269698,5.98125,0.05805,1.215,1.215
07/13/2019 21:00:00.000000,0.227066,9.42575,0.058025,0.025829,2.053659
07/13/2019 21:01:00.000000,0.259197,11.28,0.055875,9.441176,3.8
07/13/2019 21:02:00.000000,0.234227,10.708,0.057675,0.00612,1.667647
07/13/2019 21:03:00.000000,0.231781,9.77,0.0615,12.55,4.0
07/13/2019 21:04:00.000000,0.22534,9.123,0.066925,0.031795,4.316216
07/13/2019 21:05:00.000000,0.183629,8.853,0.0739,37.894595,9.57027
07/13/2019 21:06:00.000000,0.19213,8.5585,0.0839,253.012244,24.844898
07/13/2019 21:07:00.000000,0.192857,8.12725,0.087825,111.86,11.96
07/13/2019 21:08:00.000000,0.204519,8.05725,0.08645,0.036848,7.135
07/13/2019 21:09:00.000000,0.232327,,0.088,,
07/13/2019 21:10:00.000000,0.236589,7.6835,0.0896,25.142857,4.614286
07/13/2019 21:11:00.000000,0.205386,7.94075,0.08795,38.868293,6.663415
07/13/2019 21:12:00.000000,0.179595,7.84225,0.087425,0.0484,7.32381
07/13/2019 21:13:00.000000,0.165883,7.55575,0.086725,0.043059,5.12093
07/13/2019 21:14:00.000000,0.176343,7.26225,0.083925,28.530769,5.907692
07/13/2019 21:15:00.000000,0.206509,7.398,0.083075,0.040355,9.38
07/13/2019 21:16:00.000000,0.246373,7.215,0.084175,0.050199,6.832258
07/13/2019 21:17:00.000000,0.26782,7.3895,0.084725,0.037434,9.053846
07/13/2019 21:18:00.000000,0.23338,7.5965,0.08575,31.533333,4.554545
07/13/2019 21:19:00.000000,0.225908,7.907,0.08535,0.040813,10.265
07/13/2019 21:20:00.000000,0.236126,9.067,0.081475,36.1875,4.825
07/13/2019 21:21:00.000000,0.291763,15.80675,0.081125,0.041445,4.131579
07/13/2019 21:22:00.000000,0.263996,6.23975,0.0879,32.655,4.44
07/13/2019 21:23:00.000000,0.216685,7.175,0.091133,15.833333,5.166667
07/13/2019 21:24:00.000000,0.212445,10.72625,0.089575,23.35814,4.525581
07/13/2019 21:25:00.000000,0.229505,10.78825,0.08755,0.041119,4.315
07/13/2019 21:26:00.000000,0.265131,10.4685,0.08754,0.042444,5.464706
07/13/2019 21:27:00.000000,0.25336,9.93,0.088533,15.4375,6.01
07/13/2019 21:28:00.000000,0.259148,9.45325,0.08965,0.057057,6.825
07/13/2019 21:29:00.000000,0.221387,9.027,0.09018,0.054779,7.085366
07/13/2019 21:30:00.000000,0.192279,8.4625,0.0889,29.928571,6.130952
07/13/2019 21:31:00.000000,0.193023,8.05275,0.0872,26.014286,5.057143
07/13/2019 21:32:00.000000,0.207427,7.9995,0.086375,0.030069,5.668293
07/13/2019 21:33:00.000000,0.215422,7.5735,0.087025,110.868292,6.995122
07/13/2019 21:34:00.000000,0.220479,7.38,0.0889,47.292683,4.380488
07/13/2019 21:35:00.000000,0.201056,7.16425,0.090125,24.004651,5.55814
07/13/2019 21:36:00.000000,0.201657,7.20075,0.089525,0.016056,3.671429
07/13/2019 21:37:00.000000,0.229537,9.31225,0.086,26.556097,5.178049
07/13/2019 21:38:00.000000,0.235387,11.28175,0.0841,0.029349,6.471429
07/13/2019 21:39:00.000000,0.227426,8.1715,0.085675,24.423077,4.892308
07/13/2019 21:40:00.000000,0.229078,11.62325,0.08505,0.02416,5.167568
07/13/2019 21:41:00.000000,0.276197,11.44375,0.082425,0.018935,5.215
07/13/2019 21:42:00.000000,0.309402,11.72625,0.079825,17.329268,6.941463
07/13/2019 21:43:00.000000,0.32591,10.45775,0.079875,0.022031,5.744444
07/13/2019 21:44:00.000000,0.312517,9.28575,0.08085,4.35,3.95
07/13/2019 21:45:00.000000,0.287811,7.806,0.0849,0.020091,3.055556
07/13/2019 21:46:00.000000,0.307411,8.0205,0.08155,0.021602,5.645714
07/13/2019 21:47:00.000000,0.260721,7.39425,0.0873,0.043378,7.634884
07/13/2019 21:48:00.000000,0.234284,7.6585,0.0863,0.025458,5.213333
07/13/2019 21:49:00.000000,0.222745,6.77375,0.087275,0.035536,4.716279
07/13/2019 21:50:00.000000,0.206852,6.69375,0.0883,0.025065,4.113953
07/13/2019 21:51:00.000000,0.216682,6.764,0.088325,0.023582,4.333333
07/13/2019 21:52:00.000000,0.207734,6.58025,0.0898,0.020654,7.236364
07/13/2019 21:53:00.000000,0.21505,6.55125,0.089575,0.016998,6.253846
07/13/2019 21:54:00.000000,0.250231,6.76325,0.087725,13.160465,5.067442
07/13/2019 21:55:00.000000,0.262916,7.08625,0.08605,0.038597,5.58
07/13/2019 21:56:00.000000,0.31352,7.647,0.083125,24.329412,5.988235
07/13/2019 21:57:00.000000,0.319514,8.194,0.081625,18.942857,3.6
07/13/2019 21:58:00.000000,0.280055,11.8595,0.08265,0.039168,4.576744
07/13/2019 21:59:00.000000,0.225779,10.348,0.082025,26.37,5.055
07/13/2019 22:00:00.000000,0.2225,8.054,0.0845,31.934783,4.76087
07/13/2019 22:01:00.000000,0.231827,8.329,0.084825,22.02,4.275
07/13/2019 22:02:00.000000,0.082622,8.1125,0.08355,29.7,4.517949
07/13/2019 22:03:00.000000,0.0181,8.70175,0.081925,0.042268,5.735135
07/13/2019 22:04:00.000000,-9999.0,8.75725,0.083075,0.032338,6.0
07/13/2019 22:05:00.000000,0.004366,8.57175,0.08615,0.03017,5.048649
07/13/2019 22:06:00.000000,0.00453,8.3465,0.086925,19.067442,6.086047
07/13/2019 22:07:00.000000,0.002218,8.31275,0.0862,27.309302,5.667442
07/13/2019 22:08:00.000000,0.006479,8.27575,0.08605,0.019757,3.758537
07/13/2019 22:09:00.000000,0.005164,8.56725,0.082925,21.197222,6.155556
07/13/2019 22:10:00.000000,0.001883,8.62875,0.079625,0.021495,5.141176
07/13/2019 22:11:00.000000,0.001971,8.3125,0.080575,17.685714,6.5
07/13/2019 22:12:00.000000,0.076386,8.54425,0.08065,0.014597,5.434146
07/13/2019 22:13:00.000000,0.207485,9.053,0.080775,0.02383,5.452273
07/13/2019 22:14:00.000000,0.31926,10.17575,0.0781,0.039311,4.913953
07/13/2019 22:15:00.000000,0.311632,10.49525,0.078325,0.031035,6.37561
07/13/2019 22:16:00.000000,0.266247,11.69325,0.078825,0.02564,5.757143
07/13/2019 22:17:00.000000,0.261856,12.55975,0.07575,0.02543,4.210526
07/13/2019 22:18:00.000000,0.250062,9.12025,0.076975,0.017745,4.68
07/13/2019 22:19:00.000000,0.23905,8.77475,0.078525,29.621951,3.946341
07/13/2019 22:20:00.000000,0.223228,9.5905,0.077275,0.018997,5.16
07/13/2019 22:21:00.000000,0.202474,9.5725,0.0769,17.346341,5.656098
07/13/2019 22:22:00.000000,0.188879,9.36325,0.07805,20.27,8.08
07/13/2019 22:23:00.000000,0.186875,8.834,0.08,32.560465,6.072093
07/13/2019 22:24:00.000000,0.181187,8.505,0.080525,13.473171,6.390244
07/13/2019 22:25:00.000000,0.191284,8.80025,0.0768,0.043165,6.751351
07/13/2019 22:26:00.000000,0.21325,9.028,0.074625,0.028956,8.153846
07/13/2019 22:27:00.000000,0.246658,9.41475,0.073825,0.035317,5.663415
07/13/2019 22:28:00.000000,0.355692,14.78475,0.0702,13.789474,3.5
07/13/2019 22:29:00.000000,0.352464,15.85625,0.068725,0.021669,5.867442
07/13/2019 22:30:00.000000,0.273809,11.062,0.071925,0.043078,6.716667
07/13/2019 22:31:00.000000,0.226324,7.4455,0.0751,0.028439,3.930435
07/13/2019 22:32:00.000000,0.199082,7.37725,0.075875,28.1,4.614286
07/13/2019 22:33:00.000000,0.21891,7.28525,0.075875,0.051552,3.78
07/13/2019 22:34:00.000000,0.220216,7.23425,0.0763,29.490909,3.945455
07/13/2019 22:35:00.000000,0.207166,7.652,0.074125,17.314634,6.47561
07/13/2019 22:36:00.000000,0.191986,8.3555,0.069925,0.023364,4.060465
07/13/2019 22:37:00.000000,0.206702,9.142333,0.066975,19.023077,3.684615
07/13/2019 22:38:00.000000,0.225204,9.976,0.066,0.014131,4.128571
07/13/2019 22:39:00.000000,0.215465,10.328,0.069475,0.014831,4.286047
07/13/2019 22:40:00.000000,0.180724,12.5535,0.07175,0.055497,3.190244
07/13/2019 22:41:00.000000,0.194029,12.6635,0.0713,0.058775,5.083333
07/13/2019 22:42:00.000000,0.212038,14.24675,0.0684,23.984211,5.415789
07/13/2019 22:43:00.000000,0.203138,9.9215,0.068425,0.022337,4.109302
07/13/2019 22:44:00.000000,0.204772,8.0875,0.0685,13.440476,4.414286
07/13/2019 22:45:00.000000,0.207275,8.89975,0.06555,11.523684,3.994737
07/13/2019 22:46:00.000000,0.228199,9.90125,0.063525,0.070676,2.87561
07/13/2019 22:47:00.000000,0.263767,20.01325,0.061925,22.772093,4.851163
07/13/2019 22:48:00.000000,0.266967,18.80375,0.06195,28.74878,4.785366
07/13/2019 22:49:00.000000,0.232156,13.42525,0.0644,32.309524,3.928571
07/13/2019 22:50:00.000000,0.236566,11.13575,0.068825,0.017033,3.713953
07/13/2019 22:51:00.000000,0.244789,14.287,0.0683,19.5,5.522857
07/13/2019 22:52:00.000000,0.225144,12.38125,0.0691,23.9125,5.609375
07/13/2019 22:53:00.000000,0.240659,11.866,0.06854,0.015847,3.978049
07/13/2019 22:54:00.000000,0.23979,10.24925,0.071267,14.3,4.715385
07/13/2019 22:55:00.000000,0.238927,10.082,0.071825,12.174419,4.125581
07/13/2019 22:56:00.000000,0.247436,13.3485,0.068925,10.68,3.065
07/13/2019 22:57:00.000000,0.232941,16.2025,0.065175,0.022395,3.641176
07/13/2019 22:58:00.000000,0.285069,10.97375,0.06854,21.506452,5.109677
07/13/2019 22:59:00.000000,0.35358,9.5475,0.072067,15.92,4.21
07/13/2019 23:00:00.000000,0.266502,12.753,0.06945,0.02948,5.088372
07/13/2019 23:01:00.000000,0.241136,13.7525,0.06805,20.217073,5.129268
07/13/2019 23:02:00.000000,0.225138,13.366,0.069125,0.022288,5.689474
07/13/2019 23:03:00.000000,0.214079,12.75275,0.071,14.9025,5.7175
07/13/2019 23:04:00.000000,0.213322,12.04925,0.0721,0.028931,5.531579
07/13/2019 23:05:00.000000,0.229538,11.40825,0.071825,0.021185,4.811628
07/13/2019 23:06:00.000000,0.296926,14.2635,0.066225,0.031594,4.445
07/13/2019 23:07:00.000000,0.344777,14.42725,0.0636,0.046972,4.897561
07/13/2019 23:08:00.000000,0.317705,11.19475,0.067875,0.021916,4.4
07/13/2019 23:09:00.000000,0.257468,10.8,0.068825,,
07/13/2019 23:10:00.000000,0.435675,13.05975,0.0658,0.025206,2.969767
07/13/2019 23:11:00.000000,0.432035,13.35525,0.0629,0.032841,5.11
07/13/2019 23:12:00.000000,0.360703,19.03275,0.057725,26.8,7.833333
07/13/2019 23:13:00.000000,0.435356,15.75225,0.059975,13.37,4.05
07/13/2019 23:14:00.000000,0.327112,17.31925,0.062125,11.252632,2.794737
07/13/2019 23:15:00.000000,0.297874,14.87925,0.06605,0.029529,3.553659
07/13/2019 23:16:00.000000,0.275396,6.35525,0.071225,0.017464,3.7
07/13/2019 23:17:00.000000,0.196476,8.48825,0.0726,0.018571,3.4525
07/13/2019 23:18:00.000000,0.202374,6.2015,0.072525,14.951163,4.572093
07/13/2019 23:19:00.000000,0.208497,6.6275,0.072175,0.017797,4.970732
07/13/2019 23:20:00.000000,0.183632,9.16025,0.069225,21.225,4.15
07/13/2019 23:21:00.000000,0.168602,9.23575,0.067425,19.739024,4.0
07/13/2019 23:22:00.000000,0.311806,9.4685,0.06635,0.032199,5.852632
07/13/2019 23:23:00.000000,0.491367,9.73475,0.0662,0.036152,8.042424
07/13/2019 23:24:00.000000,0.248504,10.20575,0.064375,18.1375,5.9125
07/13/2019 23:25:00.000000,0.198711,10.60475,0.064675,0.014424,5.6875
07/13/2019 23:26:00.000000,0.225099,10.84,0.067475,0.016371,3.745
07/13/2019 23:27:00.000000,0.254446,10.98525,0.068075,0.020168,4.65
07/13/2019 23:28:00.000000,0.284649,11.122,0.0678,10.071429,4.728571
07/13/2019 23:29:00.000000,0.281572,,,,
07/13/2019 23:30:00.000000,0.302528,11.70325,0.0662,0.021008,5.748571
07/13/2019 23:31:00.000000,0.253521,13.86175,0.06605,22.355,4.695
07/13/2019 23:32:00.000000,0.33181,18.001,0.062475,29.907317,6.378049
07/13/2019 23:33:00.000000,0.295029,10.28375,0.065925,0.024488,4.278125
07/13/2019 23:34:00.000000,0.235909,15.192,0.0675,18.881818,4.975758
07/13/2019 23:35:00.000000,0.261594,17.80775,0.06715,12.136667,4.613333
07/13/2019 23:36:00.000000,0.268682,16.58875,0.06695,0.040856,4.017143
07/13/2019 23:37:00.000000,0.342141,15.96775,0.066,11.109756,4.256098
07/13/2019 23:38:00.000000,0.315366,15.34575,0.066175,0.01669,3.611628
07/13/2019 23:39:00.000000,0.296587,14.2685,0.068275,10.044186,4.790698
07/13/2019 23:40:00.000000,0.281181,13.4565,0.06785,0.020632,5.690909
07/13/2019 23:41:00.000000,0.382596,13.91275,0.0649,0.041693,4.946341
07/13/2019 23:42:00.000000,0.352123,14.5515,0.06355,12.707317,3.721951
07/13/2019 23:43:00.000000,0.256839,12.64475,0.064125,13.507692,6.461538
07/13/2019 23:44:00.000000,0.267387,13.07675,0.063975,0.011531,5.083333
07/13/2019 23:45:00.000000,0.286038,10.3945,0.0663,9.55,4.205
07/13/2019 23:46:00.000000,0.256163,10.17825,0.06355,0.028762,4.185714
07/13/2019 23:47:00.000000,0.317736,18.387,0.058,22.229545,5.581818
07/13/2019 23:48:00.000000,0.323425,19.4795,0.0584,18.212195,5.714634
07/13/2019 23:49:00.000000,0.343071,13.385,0.0622,13.325,3.66
07/13/2019 23:50:00.000000,0.377155,10.642,0.069225,0.012609,4.529268
07/13/2019 23:51:00.000000,0.219272,10.10325,0.070625,4.753846,4.107692
07/13/2019 23:52:00.000000,0.18114,9.432,0.068825,0.028663,4.930769
07/13/2019 23:53:00.000000,0.197128,7.45025,0.0644,19.582927,3.904878
07/13/2019 23:54:00.000000,0.193717,8.256,0.06965,0.014374,4.106977
07/13/2019 23:55:00.000000,0.19039,8.722,0.0684,0.021926,4.027273
07/13/2019 23:56:00.000000,0.201775,8.49825,0.06805,16.041463,5.109756
07/13/2019 23:57:00.000000,0.29168,9.1535,0.0665,0.01431,4.284615
07/13/2019 23:58:00.000000,0.335405,10.45075,0.065175,12.8,6.411111
07/13/2019 23:59:00.000000,0.285005,13.7795,0.064067,33.131707,4.758537
07/14/2019 00:00:00.000000,0.243594,12.48525,0.0635,0.019759,4.058537
07/14/2019 00:01:00.000000,0.231441,8.26525,0.063,0.036278,4.259091
07/14/2019 00:02:00.000000,0.241596,6.97075,0.0624,23.14359,3.538462
07/14/2019 00:03:00.000000,0.204483,6.89575,0.06145,0.014233,4.997727
07/14/2019 00:04:00.000000,0.185893,6.76,0.05945,11.864103,3.607692
07/14/2019 00:05:00.000000,0.190323,6.74775,0.0581,13.589474,2.931579
07/14/2019 00:06:00.000000,0.208639,6.87775,0.057275,0.020163,3.497561
07/14/2019 00:07:00.000000,0.26261,7.43375,0.053875,4.527273,2.822727
07/14/2019 00:08:00.000000,0.295337,7.8845,0.051225,2.868182,2.868182
07/14/2019 00:09:00.000000,0.300398,7.9155,0.053325,0.017259,3.244186
07/14/2019 00:10:00.000000,0.278457,8.09375,0.053575,12.117073,5.604878
07/14/2019 00:11:00.000000,0.259849,8.26975,0.05335,0.015132,5.573171
07/14/2019 00:12:00.000000,0.248585,8.33325,0.053525,0.017013,5.24186
07/14/2019 00:13:00.000000,0.192909,8.29125,0.052825,7.571429,4.342857
07/14/2019 00:14:00.000000,0.215708,7.985,0.051,0.012093,3.681818
07/14/2019 00:15:00.000000,0.258326,7.3535,0.050225,0.023225,3.514286
07/14/2019 00:16:00.000000,0.223956,6.75375,0.0503,0.017026,3.668421
07/14/2019 00:17:00.000000,0.178001,6.59025,0.0506,16.115,5.995
07/14/2019 00:18:00.000000,0.178919,6.38825,0.049025,22.407317,6.058537
07/14/2019 00:19:00.000000,0.189586,6.081,0.049275,0.005874,3.342857
07/14/2019 00:20:00.000000,0.172543,5.92275,0.05035,7.569048,3.928571
07/14/2019 00:21:00.000000,0.193281,5.80325,0.049875,0.011296,4.614286
07/14/2019 00:22:00.000000,0.220682,6.118,0.047675,8.608824,3.923529
07/14/2019 00:23:00.000000,0.213266,6.60625,0.04635,0.022464,4.073333
07/14/2019 00:24:00.000000,0.217489,7.00025,0.046825,0.015075,4.1
07/14/2019 00:25:00.000000,0.254793,7.27425,0.050075,12.9,4.197059
07/14/2019 00:26:00.000000,0.261631,7.419,0.05425,4.482927,3.431707
07/14/2019 00:27:00.000000,0.245288,7.6355,0.05615,0.013589,7.65
07/14/2019 00:28:00.000000,0.209888,7.828,0.06096,14.039024,6.721951
07/14/2019 00:29:00.000000,0.198126,7.98875,0.063667,0.035504,5.636364
07/14/2019 00:30:00.000000,0.204916,7.74775,0.064325,0.041289,6.106667
07/14/2019 00:31:00.000000,0.209652,7.3815,0.06505,54.72439,5.602439
07/14/2019 00:32:00.000000,0.194217,7.03575,0.06705,26.2425,6.4075
07/14/2019 00:33:00.000000,0.193678,6.83225,0.0687,0.093877,7.475
07/14/2019 00:34:00.000000,0.221564,6.73225,0.069425,27.227907,6.009302
07/14/2019 00:35:00.000000,0.207765,6.811,0.06825,0.026144,6.818605
07/14/2019 00:36:00.000000,0.426572,7.18075,0.0664,34.725,6.83
07/14/2019 00:37:00.000000,0.600267,7.1755,0.06775,28.069231,8.746154
07/14/2019 00:38:00.000000,0.305873,7.2125,0.0692,19.942857,8.157143
07/14/2019 00:39:00.000000,0.202081,7.35675,0.0688,0.026247,7.581395
07/14/2019 00:40:00.000000,0.194572,7.52225,0.069475,0.034476,7.246154
07/14/2019 00:41:00.000000,0.20868,7.99725,0.0693,20.0,10.746667
07/14/2019 00:42:00.000000,0.234864,11.77075,0.06625,26.568293,8.663415
07/14/2019 00:43:00.000000,0.258401,6.06775,0.0655,23.957143,8.014286
07/14/2019 00:44:00.000000,0.206402,9.149,0.065525,39.123077,9.312821
07/14/2019 00:45:00.000000,0.25967,9.0015,0.062425,0.045799,8.660976
07/14/2019 00:46:00.000000,0.332981,9.3585,0.0578,0.050019,8.255263
07/14/2019 00:47:00.000000,0.301563,9.13225,0.056175,28.065714,6.451429
07/14/2019 00:48:00.000000,0.227801,8.7475,0.0556,0.037199,9.217073
07/14/2019 00:49:00.000000,0.181219,8.491667,0.05375,59.006667,11.78
07/14/2019 00:50:00.000000,0.187606,8.174,0.052025,0.075077,13.286957
07/14/2019 00:51:00.000000,0.233526,7.66225,0.052875,58.615,13.245
07/14/2019 00:52:00.000000,0.243573,7.08375,0.053775,71.727273,14.881818
07/14/2019 00:53:00.000000,0.197162,6.6445,0.0523,0.087954,16.309756
07/14/2019 00:54:00.000000,0.190448,6.03375,0.050875,0.04511,10.576923
07/14/2019 00:55:00.000000,0.167388,5.83575,0.05065,37.190244,10.695122
07/14/2019 00:56:00.000000,0.193737,6.579,0.0492,0.032287,10.735897
07/14/2019 00:57:00.000000,0.196076,10.42775,0.0477,0.04159,15.844118
07/14/2019 00:58:00.000000,0.173411,6.59875,0.04945,0.030055,11.439535
07/14/2019 00:59:00.000000,0.167498,7.907,0.049875,23.207317,12.607317
07/14/2019 01:00:00.000000,0.171971,8.55225,0.049,0.030429,8.697674
07/14/2019 01:01:00.000000,0.178814,8.6525,0.049275,26.557143,8.0
07/14/2019 01:02:00.000000,0.18169,8.18675,0.05325,0.01746,7.136364
07/14/2019 01:03:00.000000,0.152552,7.66375,0.055275,9.778049,5.121951
07/14/2019 01:04:00.000000,0.184671,7.14425,0.05595,7.397727,5.388636
07/14/2019 01:05:00.000000,0.223283,6.50175,0.0578,14.85122,6.729268
07/14/2019 01:06:00.000000,0.162316,5.97075,0.056675,11.004878,5.87561
07/14/2019 01:07:00.000000,0.246737,7.3055,0.052625,0.01343,7.366667
07/14/2019 01:08:00.000000,1.324229,10.72625,0.05045,0.023954,6.585714
07/14/2019 01:09:00.000000,1.38615,7.5325,0.0505,,
07/14/2019 01:10:00.000000,0.458927,7.21075,0.050875,23.135135,8.756757
07/14/2019 01:11:00.000000,0.224838,6.6995,0.0521,14.773333,8.408889
07/14/2019 01:12:00.000000,0.20386,6.88725,0.050675,0.022348,8.3
07/14/2019 01:13:00.000000,0.227061,7.251,0.049125,0.01673,8.644186
07/14/2019 01:14:00.000000,0.257794,7.42975,0.049975,11.186364,6.281818
07/14/2019 01:15:00.000000,0.217848,7.56625,0.050425,14.961538,7.846154
07/14/2019 01:16:00.000000,0.199765,7.85575,0.04955,19.042857,10.533333
07/14/2019 01:17:00.000000,0.241375,8.39625,0.048725,0.032504,10.087805
07/14/2019 01:18:00.000000,0.318367,8.933,0.048175,0.019716,8.928571
07/14/2019 01:19:00.000000,0.431614,9.5255,0.047325,0.02153,10.407317
07/14/2019 01:20:00.000000,0.408996,9.8345,0.04795,0.017491,8.480488
07/14/2019 01:21:00.000000,0.287194,9.828,0.04975,22.38,9.113333
07/14/2019 01:22:00.000000,0.242983,9.9415,0.05065,15.03,8.535
07/14/2019 01:23:00.000000,0.213783,9.951,0.051325,0.016251,7.989744
07/14/2019 01:24:00.000000,0.217121,10.02275,0.05075,23.086046,9.87907
07/14/2019 01:25:00.000000,0.270142,9.995,0.05035,9.525,7.31
07/14/2019 01:26:00.000000,0.241019,9.61175,0.0537,0.016343,8.171429
07/14/2019 01:27:00.000000,0.199146,9.1035,0.055375,0.022038,8.653846
07/14/2019 01:28:00.000000,0.194774,8.83125,0.0538,0.01864,9.35641
07/14/2019 01:29:00.000000,0.205456,8.635,0.0539,0.018268,9.075
07/14/2019 01:30:00.000000,0.206616,8.32,0.05625,0.016003,8.576923
07/14/2019 01:31:00.000000,0.215054,8.1865,0.055775,12.5375,9.52
07/14/2019 01:32:00.000000,0.273607,7.993,0.0537,23.381818,9.531818
07/14/2019 01:33:00.000000,0.350921,7.6855,0.05355,15.475,9.075
07/14/2019 01:34:00.000000,0.290368,7.6745,0.054475,13.225,7.98
07/14/2019 01:35:00.000000,0.219242,7.84825,0.053225,0.020442,8.231818
07/14/2019 01:36:00.000000,0.232761,7.93775,0.051725,17.602439,9.665854
07/14/2019 01:37:00.000000,0.242611,7.95825,0.052675,0.009501,7.253659
07/14/2019 01:38:00.000000,0.235408,8.335,0.052425,9.563636,7.388636
07/14/2019 01:39:00.000000,0.228237,8.737,0.0519,0.009953,7.85
07/14/2019 01:40:00.000000,0.209833,8.6585,0.05185,0.016291,8.665
07/14/2019 01:41:00.000000,0.231571,10.31525,0.04795,15.280488,8.373171
07/14/2019 01:42:00.000000,0.364773,17.225,0.04355,12.230233,9.137209
07/14/2019 01:43:00.000000,0.368664,14.5435,0.043725,12.21,8.28
07/14/2019 01:44:00.000000,0.425314,12.1515,0.0468,0.019906,9.465854
07/14/2019 01:45:00.000000,0.491747,10.815,0.048225,13.328571,10.128571
07/14/2019 01:46:00.000000,0.330935,11.1325,0.04835,0.019516,10.371429
07/14/2019 01:47:00.000000,0.262792,11.4595,0.046225,0.022697,9.72
07/14/2019 01:48:00.000000,0.314075,11.77425,0.04395,13.867442,8.739535
07/14/2019 01:49:00.000000,0.302573,12.0295,0.04365,0.01696,8.081818
07/14/2019 01:50:00.000000,0.286424,12.39675,0.043025,11.517073,8.35122
07/14/2019 01:51:00.000000,0.289116,13.01525,0.041525,14.185366,8.4
07/14/2019 01:52:00.000000,0.298687,13.826,0.039075,0.016682,8.914286
07/14/2019 01:53:00.000000,0.373394,14.54475,0.038675,0.026494,12.23
07/14/2019 01:54:00.000000,0.412009,14.78225,0.039825,0.011108,8.428571
07/14/2019 01:55:00.000000,0.350346,16.3695,0.039525,0.017546,10.630233
07/14/2019 01:56:00.000000,0.35061,15.888,0.0393,0.012949,8.41
07/14/2019 01:57:00.000000,0.369385,14.26625,0.04005,0.019367,9.846154
07/14/2019 01:58:00.000000,0.425843,15.858,0.038275,0.016053,8.190698
07/14/2019 01:59:00.000000,0.49743,16.168,0.038,0.015128,7.97
07/14/2019 02:00:00.000000,0.445725,19.58225,0.03605,14.085714,9.8
07/14/2019 02:01:00.000000,0.406811,17.44575,0.034375,0.025385,10.61
07/14/2019 02:02:00.000000,0.418381,16.91675,0.03595,0.014974,9.276744
07/14/2019 02:03:00.000000,0.42964,12.321,0.03895,0.01623,9.085366
07/14/2019 02:04:00.000000,0.364642,11.90525,0.0409,0.016323,9.1
07/14/2019 02:05:00.000000,0.281743,11.687,0.04225,9.8,6.9
07/14/2019 02:06:00.000000,0.263178,11.43,0.043075,0.023132,6.75
07/14/2019 02:07:00.000000,0.294752,11.315,0.041725,12.992857,8.514286
07/14/2019 02:08:00.000000,0.291298,11.0785,0.0416,0.015614,8.629268
07/14/2019 02:09:00.000000,0.354967,10.774,0.04245,0.013087,7.404878
07/14/2019 02:10:00.000000,0.595959,10.45075,0.041675,0.010687,6.602439
07/14/2019 02:11:00.000000,0.518626,10.51625,0.040275,0.01298,7.609756
07/14/2019 02:12:00.000000,0.50795,12.8785,0.037575,0.017073,8.561538
07/14/2019 02:13:00.000000,0.34172,19.3795,0.033975,7.669231,6.894872
07/14/2019 02:14:00.000000,0.297652,17.2445,0.033025,17.688095,10.957143
07/14/2019 02:15:00.000000,0.317141,17.13325,0.0335,13.533333,9.694872
07/14/2019 02:16:00.000000,0.357085,16.967,0.03375,0.018784,10.539535
07/14/2019 02:17:00.000000,0.445377,17.096,0.032525,17.937209,12.693023
07/14/2019 02:18:00.000000,0.443681,17.21375,0.033025,15.312195,11.719512
07/14/2019 02:19:00.000000,0.410465,17.265,0.034025,15.402326,9.383721
07/14/2019 02:20:00.000000,0.406248,17.19525,0.034525,18.9,11.21
07/14/2019 02:21:00.000000,0.386295,16.93975,0.036525,0.018434,10.261538
07/14/2019 02:22:00.000000,0.37877,20.3115,0.033375,0.017693,8.083333
07/14/2019 02:23:00.000000,0.588517,25.6655,0.02685,0.01484,8.376923
07/14/2019 02:24:00.000000,0.564542,17.9295,0.027825,13.255882,10.732353
07/14/2019 02:25:00.000000,0.46601,23.11825,0.027825,16.3,10.628571
07/14/2019 02:26:00.000000,0.462862,19.817,0.029925,13.2,9.35
07/14/2019 02:27:00.000000,0.481029,21.32725,0.03185,24.265116,12.283721
07/14/2019 02:28:00.000000,0.562078,25.924,0.02785,26.061538,12.969231
07/14/2019 02:29:00.000000,0.541891,27.761,0.025275,0.018908,9.234483
07/14/2019 02:30:00.000000,0.482922,26.954,0.02805,14.576923,10.538462
07/14/2019 02:31:00.000000,0.403211,26.48525,0.027425,12.292308,8.769231
07/14/2019 02:32:00.000000,0.409393,26.341,0.02385,16.75,10.729412
07/14/2019 02:33:00.000000,0.3926,26.04975,0.025775,16.65,10.25
07/14/2019 02:34:00.000000,0.36589,25.11425,0.028375,14.85,10.35
07/14/2019 02:35:00.000000,0.374406,24.02675,0.02925,0.023243,10.313636
07/14/2019 02:36:00.000000,0.346972,22.76825,0.03055,0.019649,10.215385
07/14/2019 02:37:00.000000,0.323609,21.81525,0.030975,0.019732,9.607692
07/14/2019 02:38:00.000000,0.375884,21.6,0.0293,0.023171,12.231707
07/14/2019 02:39:00.000000,0.388169,20.9065,0.029875,0.028578,11.078049
07/14/2019 02:40:00.000000,0.323856,19.87625,0.03065,0.025519,9.829412
07/14/2019 02:41:00.000000,0.302982,19.087,0.030325,0.028763,12.457143
07/14/2019 02:42:00.000000,0.328959,18.85025,0.031125,16.6,9.075
07/14/2019 02:43:00.000000,0.292205,18.64225,0.03245,19.463415,11.302439
07/14/2019 02:44:00.000000,0.297736,18.73075,0.031775,19.065,10.44
07/14/2019 02:45:00.000000,0.373695,18.99875,0.030425,0.024118,11.907317
07/14/2019 02:46:00.000000,0.405412,20.5755,0.029825,17.246154,10.423077
07/14/2019 02:47:00.000000,0.406764,26.02375,0.02885,0.025496,9.842857
07/14/2019 02:48:00.000000,0.475671,25.12775,0.02605,0.022071,10.671795
07/14/2019 02:49:00.000000,0.488979,23.64325,0.02505,17.340909,9.85
07/14/2019 02:50:00.000000,0.565099,21.90625,0.028075,17.47561,10.382927
07/14/2019 02:51:00.000000,0.48234,20.00925,0.029625,17.902778,11.386111
07/14/2019 02:52:00.000000,0.439214,20.81275,0.0301,25.642105,11.936842
07/14/2019 02:53:00.000000,0.387328,20.13175,0.031575,16.515,10.3
07/14/2019 02:54:00.000000,0.361823,19.801,0.031275,0.022215,12.04
07/14/2019 02:55:00.000000,0.386891,19.67125,0.030925,15.946154,10.453846
07/14/2019 02:56:00.000000,0.362607,19.1225,0.03375,20.325,10.185
07/14/2019 02:57:00.000000,0.353235,23.174,0.03065,16.885714,11.571429
07/14/2019 02:58:00.000000,0.43989,20.93925,0.029,15.171429,10.6
07/14/2019 02:59:00.000000,0.436808,22.49025,0.028675,0.021454,11.845
07/14/2019 03:00:00.000000,0.454401,22.395,0.027975,19.828571,11.5
07/14/2019 03:01:00.000000,0.450666,22.02075,0.029825,0.022358,12.505
07/14/2019 03:02:00.000000,0.402672,21.9555,0.030575,24.93125,10.54375
07/14/2019 03:03:00.000000,0.382768,21.875,0.030175,16.333333,10.484615
07/14/2019 03:04:00.000000,0.37698,21.361,0.031575,19.845238,12.985714
07/14/2019 03:05:00.000000,0.347618,20.72,0.032825,0.032924,11.162791
07/14/2019 03:06:00.000000,0.33796,20.1085,0.03255,20.973529,10.8
07/14/2019 03:07:00.000000,0.348959,19.7105,0.031525,11.560606,9.733333
07/14/2019 03:08:00.000000,0.413493,19.99275,0.028575,15.46,9.093333
07/14/2019 03:09:00.000000,0.448968,23.38875,0.0242,0.022265,10.53
07/14/2019 03:10:00.000000,0.42877,18.97325,0.027875,14.9,8.875
07/14/2019 03:11:00.000000,0.420661,18.71025,0.032575,0.021297,12.470588
07/14/2019 03:12:00.000000,0.672375,21.6615,0.030875,15.571429,11.242857
07/14/2019 03:13:00.000000,0.950146,21.40325,0.0284,0.030524,10.56
07/14/2019 03:14:00.000000,0.675325,21.1675,0.027375,17.216216,8.656757
07/14/2019 03:15:00.000000,0.597941,21.86325,0.025,0.017693,8.046154
07/14/2019 03:16:00.000000,0.727679,22.3005,0.026125,13.033333,10.230303
07/14/2019 03:17:00.000000,0.529885,21.64275,0.030975,8.47561,7.995122
07/14/2019 03:18:00.000000,0.369873,20.87725,0.03275,16.121053,10.210526
07/14/2019 03:19:00.000000,0.317231,20.1075,0.032725,17.312903,11.764516
07/14/2019 03:20:00.000000,0.286364,19.37625,0.0323,14.96,10.1375
07/14/2019 03:21:00.000000,0.277667,18.793,0.031575,15.218182,9.813636
07/14/2019 03:22:00.000000,0.282291,18.26325,0.0315,0.015509,7.811429
07/14/2019 03:23:00.000000,0.295859,17.6655,0.032075,0.020391,11.937931
07/14/2019 03:24:00.000000,0.337431,17.2935,0.031075,18.678788,9.675758
07/14/2019 03:25:00.000000,0.3424,17.679,0.0299,0.022492,10.714286
07/14/2019 03:26:00.000000,0.328577,18.1085,0.029575,0.019072,10.383721
07/14/2019 03:27:00.000000,0.371258,18.81275,0.027725,24.630769,9.725641
07/14/2019 03:28:00.000000,0.543711,20.04775,0.0237,0.031121,9.43
07/14/2019 03:29:00.000000,0.575964,,,,
07/14/2019 03:30:00.000000,0.48303,22.6675,0.02065,17.771429,7.814286
07/14/2019 03:31:00.000000,0.434885,23.9965,0.02015,0.023511,10.711111
07/14/2019 03:32:00.000000,0.388841,25.56025,0.0165,23.085714,9.428571
07/14/2019 03:33:00.000000,0.360094,27.7715,0.013525,0.024996,9.625
07/14/2019 03:34:00.000000,0.356467,29.883,0.01305,30.642857,10.214286
07/14/2019 03:35:00.000000,0.378762,31.6445,0.014325,41.463415,11.378049
07/14/2019 03:36:00.000000,0.394032,32.002,0.017133,22.682927,11.770732
07/14/2019 03:37:00.000000,0.354667,31.88725,0.02015,16.028571,10.55
07/14/2019 03:38:00.000000,0.322999,31.822333,0.021867,0.020314,8.94
07/14/2019 03:39:00.000000,0.304291,31.253333,0.023375,0.026429,7.765
07/14/2019 03:40:00.000000,0.289549,30.18325,0.02595,0.016653,9.67
07/14/2019 03:41:00.000000,0.292611,28.90525,0.024125,0.020366,9.478947
07/14/2019 03:42:00.000000,0.304131,27.82175,0.021625,0.037236,12.228571
07/14/2019 03:43:00.000000,0.285927,27.0095,0.02225,0.027388,10.923077
07/14/2019 03:44:00.000000,0.28804,26.11125,0.0253,0.029533,10.26
07/14/2019 03:45:00.000000,0.315337,25.6385,0.024725,21.433333,12.106667
07/14/2019 03:46:00.000000,0.368033,24.93,0.0262,27.289744,9.269231
07/14/2019 03:47:00.000000,0.372892,24.249,0.030125,17.614634,9.297561
07/14/2019 03:48:00.000000,0.338869,23.7285,0.03155,0.015694,9.315789
07/14/2019 03:49:00.000000,0.306387,22.62825,0.031175,20.152381,14.785714
07/14/2019 03:50:00.000000,0.298346,21.33725,0.03075,0.018655,10.941026
07/14/2019 03:51:00.000000,0.30452,20.10625,0.0312,12.614286,9.566667
07/14/2019 03:52:00.000000,0.3127,19.45775,0.031075,0.027847,9.329268
07/14/2019 03:53:00.000000,0.321902,18.79375,0.02985,23.148837,10.137209
07/14/2019 03:54:00.000000,0.32668,18.43825,0.03005,10.15,8.029545
07/14/2019 03:55:00.000000,0.352981,21.269,0.029675,16.731579,8.863158
07/14/2019 03:56:00.000000,0.396754,24.90875,0.027725,0.022199,9.865
07/14/2019 03:57:00.000000,0.390251,19.881,0.0285,15.704878,8.463415
07/14/2019 03:58:00.000000,0.374269,15.9545,0.0325,0.021466,9.404651
07/14/2019 03:59:00.000000,0.355043,14.5685,0.034925,0.029747,6.553846
07/14/2019 04:00:00.000000,0.316151,14.03175,0.037525,18.795122,6.597561
07/14/2019 04:01:00.000000,0.297893,13.749,0.038425,12.421951,7.553659
07/14/2019 04:02:00.000000,0.090198,13.518,0.037125,12.114634,5.992683
07/14/2019 04:03:00.000000,0.012317,13.28125,0.035875,0.024233,8.090244
07/14/2019 04:04:00.000000,-9999.0,13.08375,0.0359,18.816279,7.930233
07/14/2019 04:05:00.000000,-9999.0,12.985,0.03655,0.018971,9.12
07/14/2019 04:06:00.000000,-9999.0,12.655,0.037375,7.457143,6.65
07/14/2019 04:07:00.000000,-9999.0,12.51325,0.036275,17.4875,6.61
07/14/2019 04:08:00.000000,-9999.0,13.03875,0.032875,0.025174,7.961364
07/14/2019 04:09:00.000000,-9999.0,13.866,0.0302,50.440476,16.342857
07/14/2019 04:10:00.000000,-9999.0,14.3455,0.031,0.027128,7.865217
07/14/2019 04:11:00.000000,-9999.0,14.661,0.032875,23.1,6.516667
07/14/2019 04:12:00.000000,0.090063,15.05975,0.03195,8.727027,6.772973
07/14/2019 04:13:00.000000,0.248732,15.46525,0.03,0.026529,9.702439
07/14/2019 04:14:00.000000,0.379914,16.02775,0.03015,0.027707,7.954545
07/14/2019 04:15:00.000000,0.430642,16.53925,0.0304,18.475,10.405
07/14/2019 04:16:00.000000,0.404243,16.40525,0.0313,21.37,7.84
07/14/2019 04:17:00.000000,0.380673,15.99875,0.032175,17.028571,7.814286
07/14/2019 04:18:00.000000,0.354636,15.7655,0.032675,0.026125,6.461538
07/14/2019 04:19:00.000000,0.306861,15.56,0.03325,7.838095,6.37619
07/14/2019 04:20:00.000000,0.292184,15.208,0.033,11.702326,7.690698
07/14/2019 04:21:00.000000,0.311516,14.932,0.0322,17.805128,9.294872
07/14/2019 04:22:00.000000,0.413446,14.96,0.03125,14.813953,7.77907
07/14/2019 04:23:00.000000,0.421384,14.8385,0.0308,10.7,5.63
07/14/2019 04:24:00.000000,0.387822,14.667,0.032325,15.5375,6.83
07/14/2019 04:25:00.000000,0.358152,14.6095,0.0332,20.25122,7.014634
07/14/2019 04:26:00.000000,0.330449,14.7405,0.0327,0.016387,5.97561
07/14/2019 04:27:00.000000,0.322059,15.1925,0.029425,24.288372,9.5
07/14/2019 04:28:00.000000,0.324239,15.818,0.02705,12.375,7.04
07/14/2019 04:29:00.000000,0.335822,16.07025,0.029225,0.016677,7.916667
07/14/2019 04:30:00.000000,0.343386,20.77025,0.026925,19.723256,10.093023
07/14/2019 04:31:00.000000,0.410337,20.461,0.02355,12.007317,8.35122
07/14/2019 04:32:00.000000,0.456642,20.7145,0.0226,22.220513,8.338462
07/14/2019 04:33:00.000000,0.446102,26.6435,0.02135,24.5125,7.55
07/14/2019 04:34:00.000000,0.393146,19.02775,0.0257,19.542857,8.257143
07/14/2019 04:35:00.000000,0.375052,18.823,0.026775,0.025735,10.731818
07/14/2019 04:36:00.000000,0.387202,21.68075,0.023675,0.0156,9.2025
07/14/2019 04:37:00.000000,0.396195,24.2355,0.01835,16.32439,8.55122
07/14/2019 04:38:00.000000,0.417181,24.8785,0.01525,0.020445,9.609756
07/14/2019 04:39:00.000000,0.425685,25.64325,0.0142,9.043182,8.245455
07/14/2019 04:40:00.000000,0.42308,31.868,0.01235,0.027484,9.542857
07/14/2019 04:41:00.000000,0.446361,31.916,0.011,18.47647,10.620588
07/14/2019 04:42:00.000000,0.446017,30.67975,0.01234,0.02088,9.631429
07/14/2019 04:43:00.000000,0.423865,30.33525,0.012967,14.559459,9.081081
07/14/2019 04:44:00.000000,0.422017,30.39625,0.01285,0.017308,10.354839
07/14/2019 04:45:00.000000,0.43804,30.362,0.013075,0.021025,11.078788
07/14/2019 04:46:00.000000,0.445412,18.16,0.01515,13.12,8.865714
07/14/2019 04:47:00.000000,0.435998,0.0435,0.018825,0.018921,8.8
07/14/2019 04:48:00.000000,0.383829,0.10875,0.0215,14.371429,9.8
07/14/2019 04:49:00.000000,0.36535,0.165,0.023275,21.069767,9.497674
07/14/2019 04:50:00.000000,0.363573,0.20175,0.024925,19.116667,10.342857
07/14/2019 04:51:00.000000,0.353477,0.217,0.026175,0.011714,7.328571
07/14/2019 04:52:00.000000,0.322072,0.247,0.027375,0.022269,6.716279
07/14/2019 04:53:00.000000,0.306503,0.26975,0.0283,17.739535,7.818605
07/14/2019 04:54:00.000000,0.296234,0.2865,0.0277,0.014102,7.916279
07/14/2019 04:55:00.000000,0.298465,0.3145,0.02745,8.789189,8.235135
07/14/2019 04:56:00.000000,0.319272,0.31975,0.0265,19.069767,10.623256
07/14/2019 04:57:00.000000,0.335258,4.491,0.025,12.625581,8.160465
07/14/2019 04:58:00.000000,0.324078,4.567,0.025025,11.3,7.614286
07/14/2019 04:59:00.000000,0.316207,2.379,0.025275,0.022662,9.009756
07/14/2019 05:00:00.000000,0.313368,1.68725,0.02365,0.020263,8.446341
07/14/2019 05:01:00.000000,0.344387,1.727,0.0238,13.138461,8.469231
07/14/2019 05:02:00.000000,0.35116,1.825,0.025575,0.013978,7.002381
07/14/2019 05:03:00.000000,0.322803,1.7535,0.0274,13.304545,7.75
07/14/2019 05:04:00.000000,0.313308,1.7065,0.0274,11.095455,8.331818
07/14/2019 05:05:00.000000,0.312452,1.793,0.0268,15.5,6.210526
07/14/2019 05:06:00.000000,0.322079,1.76225,0.02675,7.082353,5.8
07/14/2019 05:07:00.000000,0.311427,1.775,0.028,7.918605,6.746512
07/14/2019 05:08:00.000000,0.28499,1.814,0.0299,0.012117,5.973684
07/14/2019 05:09:00.000000,0.2564,1.86475,0.030875,0.010359,4.711628
07/14/2019 05:10:00.000000,0.258452,1.99075,0.0301,8.435897,5.092308
07/14/2019 05:11:00.000000,0.276926,2.045,0.0298,0.010442,6.15
07/14/2019 05:12:00.000000,0.26443,2.0385,0.0303,0.011869,5.961538
07/14/2019 05:13:00.000000,0.24342,1.915,0.030475,0.006575,4.554545
07/14/2019 05:14:00.000000,0.235576,1.94275,0.0299,0.011972,5.315385
07/14/2019 05:15:00.000000,0.240494,1.82475,0.030275,8.258974,5.923077
07/14/2019 05:16:00.000000,0.230426,0.87575,0.0315,7.73,5.235
07/14/2019 05:17:00.000000,0.214995,30.43175,0.03135,0.008105,5.346154
07/14/2019 05:18:00.000000,0.220556,63.5805,0.03045,0.009987,5.656098
07/14/2019 05:19:00.000000,0.231278,69.943,0.029325,0.020139,5.353333
07/14/2019 05:20:00.000000,0.230396,70.1095,0.028125,0.019664,8.558333
07/14/2019 05:21:00.000000,0.229991,70.519,0.0281,0.018837,5.302941
07/14/2019 05:22:00.000000,0.236724,70.42625,0.028375,21.539474,6.210526
07/14/2019 05:23:00.000000,0.254014,70.335,0.0285,0.010501,5.553846
07/14/2019 05:24:00.000000,0.310468,70.283,0.028175,0.009943,5.011765
07/14/2019 05:25:00.000000,0.347658,70.232,0.0277,10.185714,5.514286
07/14/2019 05:26:00.000000,0.291653,65.9675,0.02715,0.023345,5.092308
07/14/2019 05:27:00.000000,0.29889,8.962,0.026325,15.256818,5.431818
07/14/2019 05:28:00.000000,0.299894,0.0,0.02575,0.009355,5.414634
07/14/2019 05:29:00.000000,0.341659,0.0,0.025075,5.325,5.06
07/14/2019 05:30:00.000000,0.632107,-9999.0,0.024025,0.014383,6.093182
07/14/2019 05:31:00.000000,0.440811,-9999.0,0.026,9.48,5.45
07/14/2019 05:32:00.000000,0.253477,-9999.0,0.0261,5.142857,4.614286
07/14/2019 05:33:00.000000,0.266629,-9999.0,0.024575,0.008673,4.7625
07/14/2019 05:34:00.000000,0.310015,-9999.0,0.0254,13.774419,5.230233
07/14/2019 05:35:00.000000,0.298067,-9999.0,0.026475,0.012101,6.068293
07/14/2019 05:36:00.000000,0.251316,-9999.0,0.026625,0.005534,3.980488
07/14/2019 05:37:00.000000,0.230581,11.659667,0.0251,8.246512,4.632558
07/14/2019 05:38:00.000000,0.243792,10.69975,0.0246,0.012789,6.585
07/14/2019 05:39:00.000000,0.243753,10.137,0.025175,0.011467,5.528571
07/14/2019 05:40:00.000000,0.247656,9.3855,0.02585,7.555,5.3
07/14/2019 05:41:00.000000,0.283751,8.933,0.026225,0.011508,5.3
07/14/2019 05:42:00.000000,0.29766,8.9575,0.026525,0.012725,5.132558
07/14/2019 05:43:00.000000,0.263098,8.89125,0.0272,6.915,4.605
07/14/2019 05:44:00.000000,0.234447,8.8545,0.026475,7.328571,4.757143
07/14/2019 05:45:00.000000,0.22179,8.9095,0.025575,4.453846,4.038462
07/14/2019 05:46:00.000000,0.217484,8.9455,0.025825,0.009363,5.676923
07/14/2019 05:47:00.000000,0.150831,8.9465,0.02555,11.787179,6.084615
07/14/2019 05:48:00.000000,0.35228,8.9205,0.025475,0.009755,4.904878
07/14/2019 05:49:00.000000,0.755607,8.83125,0.025125,,
07/14/2019 05:50:00.000000,0.947172,8.8805,0.024175,8.715385,6.415385
07/14/2019 05:51:00.000000,1.004562,9.052,0.023575,6.328571,5.028571
07/14/2019 05:52:00.000000,1.022347,9.11375,0.02415,0.010415,4.8
07/14/2019 05:53:00.000000,1.02757,9.07025,0.02495,0.012353,5.629268
07/14/2019 05:54:00.000000,1.028552,9.10525,0.0245,6.614634,4.639024
07/14/2019 05:55:00.000000,1.032386,9.2585,0.024025,0.019671,6.790244
07/14/2019 05:56:00.000000,0.97709,9.42425,0.02425,7.185714,5.057143
07/14/2019 05:57:00.000000,0.482841,9.4085,0.02495,10.382222,5.028889
07/14/2019 05:58:00.000000,0.050974,9.40975,0.024375,0.007168,5.186364
07/14/2019 05:59:00.000000,0.000698,9.401,0.024075,5.916667,5.2
07/14/2019 06:00:00.000000,0.000411,9.3805,0.0254,9.342857,5.8
07/14/2019 06:01:00.000000,-9999.0,9.3965,0.025375,9.643902,5.319512
07/14/2019 06:02:00.000000,-9999.0,9.3715,0.024525,0.00552,4.171429
07/14/2019 06:03:00.000000,0.000828,9.22525,0.02475,11.340909,4.690909
07/14/2019 06:04:00.000000,-9999.0,9.02575,0.025025,7.357143,4.55
07/14/2019 06:05:00.000000,-9999.0,9.0255,0.024525,0.011431,5.35
07/14/2019 06:06:00.000000,-9999.0,9.00025,0.024625,10.832558,4.495349
07/14/2019 06:07:00.000000,0.029497,8.8705,0.025925,0.00759,4.81
07/14/2019 06:08:00.000000,0.136703,8.91675,0.025075,9.55,6.475
07/14/2019 06:09:00.000000,0.183983,8.883,0.02485,7.862791,5.151163
07/14/2019 06:10:00.000000,0.192754,8.726,0.0258,0.012327,4.9
07/14/2019 06:11:00.000000,0.171539,8.629,0.025975,0.005355,3.957143
07/14/2019 06:12:00.000000,0.169679,8.6195,0.0258,6.231579,5.147368
07/14/2019 06:13:00.000000,0.175191,8.444,0.026775,4.266667,4.066667
07/14/2019 06:14:00.000000,0.170153,8.16875,0.02695,0.005036,4.053846
07/14/2019 06:15:00.000000,0.170896,7.9935,0.026225,9.392683,4.953659
07/14/2019 06:16:00.000000,0.172316,7.8315,0.0262,9.271429,5.357143
07/14/2019 06:17:00.000000,0.177634,7.696,0.0268,6.135897,5.061538
07/14/2019 06:18:00.000000,0.224949,7.66975,0.02695,0.008064,4.740909
07/14/2019 06:19:00.000000,0.257102,7.60175,0.02745,0.005324,4.1
07/14/2019 06:20:00.000000,0.216813,7.34275,0.0293,9.7875,6.21
07/14/2019 06:21:00.000000,0.180418,7.15325,0.029975,0.010381,5.445
07/14/2019 06:22:00.000000,0.167886,7.1885,0.028575,0.006169,4.773171
07/14/2019 06:23:00.000000,0.181284,7.197,0.028025,0.005468,3.857895
07/14/2019 06:24:00.000000,0.18137,7.064,0.028467,3.47907,3.365116
07/14/2019 06:25:00.000000,0.178851,6.8425,0.0304,4.157143,3.383333
07/14/2019 06:26:00.000000,0.166029,7.13775,0.029,0.017231,3.485106
07/14/2019 06:27:00.000000,0.186708,7.342,0.02665,8.141463,4.182927
07/14/2019 06:28:00.000000,0.19654,7.53175,0.027425,5.628571,4.216667
07/14/2019 06:29:00.000000,0.213773,7.71325,0.028325,6.765854,4.370732
07/14/2019 06:30:00.000000,0.25064,7.7595,0.029025,0.012065,4.145652
07/14/2019 06:31:00.000000,0.239743,7.82725,0.0295,7.171429,4.014286
07/14/2019 06:32:00.000000,0.205623,7.877,0.029925,3.946512,3.569767
07/14/2019 06:33:00.000000,0.188977,7.95725,0.0297,0.006599,3.665854
07/14/2019 06:34:00.000000,0.206838,7.5485,0.02905,0.005104,3.95814
07/14/2019 06:35:00.000000,0.225171,7.228,0.0291,0.016293,4.583333
07/14/2019 06:36:00.000000,0.272035,7.20625,0.0281,4.544186,3.495349
07/14/2019 06:37:00.000000,0.268548,7.171,0.02835,0.010662,4.9
07/14/2019 06:38:00.000000,0.228694,7.05025,0.02955,0.004795,3.707317
07/14/2019 06:39:00.000000,0.229146,7.19525,0.028475,0.011693,4.085714
07/14/2019 06:40:00.000000,0.271351,7.33075,0.02815,0.006929,3.942857
07/14/2019 06:41:00.000000,0.272245,7.42175,0.0305,0.011539,5.133333
07/14/2019 06:42:00.000000,0.260578,7.36175,0.0308,4.236585,3.607317
07/14/2019 06:43:00.000000,0.231386,7.15425,0.030875,0.007827,3.3
07/14/2019 06:44:00.000000,0.197623,6.931,0.031025,0.004197,3.128571
07/14/2019 06:45:00.000000,0.179723,7.06675,0.03035,0.007806,4.740909
07/14/2019 06:46:00.000000,0.178958,7.09,0.029925,0.005445,4.246512
07/14/2019 06:47:00.000000,0.180784,6.6525,0.0394,0.003382,2.819512
07/14/2019 06:48:00.000000,0.168381,6.306,0.052325,0.003898,3.039024
07/14/2019 06:49:00.000000,0.168891,6.14325,0.0567,0.007053,4.128571
07/14/2019 06:50:00.000000,0.180521,6.3405,0.05745,0.009837,5.495122
07/14/2019 06:51:00.000000,0.197632,6.5475,0.05795,0.008693,4.065116
07/14/2019 06:52:00.000000,0.178534,6.60675,0.058425,0.00525,3.885366
07/14/2019 06:53:00.000000,0.167486,6.38875,0.05835,0.011415,3.645
07/14/2019 06:54:00.000000,0.174485,6.29425,0.05805,6.725,3.515
07/14/2019 06:55:00.000000,0.174426,6.30175,0.058125,0.004382,3.327907
07/14/2019 06:56:00.000000,0.177354,6.34075,0.05025,0.008507,4.239024
07/14/2019 06:57:00.000000,0.431048,6.0815,-9999.0,10.584615,4.230769
07/14/2019 06:58:00.000000,0.593777,5.60675,-9999.0,0.006713,3.773171
07/14/2019 06:59:00.000000,0.266936,5.331,-9999.0,0.003454,2.757143
07/14/2019 07:00:00.000000,0.166546,5.07825,-9999.0,0.004805,3.609091
07/14/2019 07:01:00.000000,0.141054,4.84225,-9999.0,0.003815,3.12
07/14/2019 07:02:00.000000,0.143142,4.685,-9999.0,0.005754,4.078049
07/14/2019 07:03:00.000000,0.143047,4.45325,-9999.0,0.003784,3.115385
07/14/2019 07:04:00.000000,0.134893,4.2665,-9999.0,4.0375,4.0375
07/14/2019 07:05:00.000000,0.139268,4.26175,-9999.0,0.004517,3.605
07/14/2019 07:06:00.000000,0.140878,4.30475,-9999.0,0.004341,3.5
07/14/2019 07:07:00.000000,0.137155,4.2225,-9999.0,4.435,3.415
07/14/2019 07:08:00.000000,0.147243,4.2565,-9999.0,4.428571,3.733333
07/14/2019 07:09:00.000000,0.163878,4.2625,-9999.0,0.008507,5.865116
07/14/2019 07:10:00.000000,0.183154,4.2935,-9999.0,0.007538,4.565116
07/14/2019 07:11:00.000000,0.21423,4.4455,-9999.0,3.365854,3.190244
07/14/2019 07:12:00.000000,0.292328,4.6365,-9999.0,5.261905,3.969048
07/14/2019 07:13:00.000000,0.298831,4.761,-9999.0,0.009301,3.929268
07/14/2019 07:14:00.000000,0.212414,4.87975,-9999.0,0.004537,3.387805
07/14/2019 07:15:00.000000,0.170517,4.98125,-9999.0,5.523529,3.876471
07/14/2019 07:16:00.000000,0.165789,5.10725,0.0052,0.007796,3.710714
07/14/2019 07:17:00.000000,0.169445,5.305,0.0421,3.775,3.445
07/14/2019 07:18:00.000000,0.17275,5.53675,0.03062,5.226923,4.457692
07/14/2019 07:19:00.000000,0.172063,5.678,0.029225,8.98125,4.69375
07/14/2019 07:20:00.000000,0.163759,5.56425,0.0297,4.281395,3.581395
07/14/2019 07:21:00.000000,0.150042,5.535,0.0292,5.607317,3.912195
07/14/2019 07:22:00.000000,0.146961,5.515,0.02835,15.451163,4.0
07/14/2019 07:23:00.000000,0.146039,5.53175,0.028375,0.005269,3.24
07/14/2019 07:24:00.000000,0.142599,5.5595,0.0273,6.379545,3.963636
07/14/2019 07:25:00.000000,0.171853,5.628,0.026225,8.085714,3.933333
07/14/2019 07:26:00.000000,0.164011,5.64325,0.02606,10.81875,3.5125
07/14/2019 07:27:00.000000,0.142584,5.8095,0.026,4.986957,3.586957
07/14/2019 07:28:00.000000,0.146627,6.15075,0.025525,0.004614,3.6
07/14/2019 07:29:00.000000,0.16527,,,,
07/14/2019 07:30:00.000000,0.233084,10.4805,0.024075,3.314634,3.314634
07/14/2019 07:31:00.000000,0.247723,8.9895,0.025625,0.004645,3.642857
07/14/2019 07:32:00.000000,0.213568,8.278,0.02705,10.64878,3.443902
07/14/2019 07:33:00.000000,0.184043,9.015,0.026825,26.22,3.825
07/14/2019 07:34:00.000000,0.175393,8.8015,0.0265,0.006704,3.307692
07/14/2019 07:35:00.000000,0.175929,8.7665,0.0268,0.004418,3.448571
07/14/2019 07:36:00.000000,0.179438,8.701667,0.027475,0.005561,3.5
07/14/2019 07:37:00.000000,0.186043,8.652,0.0275,0.004912,3.751351
07/14/2019 07:38:00.000000,0.183359,8.70125,0.026425,3.546512,3.54186
07/14/2019 07:39:00.000000,0.199513,8.78825,0.025125,6.597674,4.016279
07/14/2019 07:40:00.000000,0.20155,8.911,0.025575,0.004809,3.681395
07/14/2019 07:41:00.000000,0.185956,9.0495,0.0256,7.868293,5.507317
07/14/2019 07:42:00.000000,0.165115,9.225,0.026025,4.571429,4.15
07/14/2019 07:43:00.000000,0.154271,9.5065,0.026125,0.004022,3.302439
07/14/2019 07:44:00.000000,0.174759,9.8145,0.025225,0.004854,3.885714
07/14/2019 07:45:00.000000,0.192792,10.1495,0.025,5.751351,4.194595
07/14/2019 07:46:00.000000,0.175723,10.41175,0.024575,0.017114,3.713889
07/14/2019 07:47:00.000000,0.178285,10.6845,0.024025,0.018698,6.023256
07/14/2019 07:48:00.000000,0.187268,11.00775,0.02435,12.637209,5.797674
07/14/2019 07:49:00.000000,0.180042,11.33475,0.0242,0.005677,4.071429
07/14/2019 07:50:00.000000,0.172789,11.631,0.025075,0.013072,4.637209
07/14/2019 07:51:00.000000,0.174749,11.8225,0.025075,0.007374,4.458537
07/14/2019 07:52:00.000000,0.195812,11.95025,0.025,0.00396,3.21
07/14/2019 07:53:00.000000,0.439277,12.11025,0.024125,0.008228,4.73913
07/14/2019 07:54:00.000000,0.47667,18.08475,0.023025,4.0,3.714286
07/14/2019 07:55:00.000000,0.285673,15.27125,0.02265,9.2,4.509091
07/14/2019 07:56:00.000000,0.201932,13.687,0.02245,5.55,4.36
07/14/2019 07:57:00.000000,0.195944,13.8325,0.0227,0.004916,3.875
07/14/2019 07:58:00.000000,0.183079,13.714,0.0232,14.185714,4.057143
07/14/2019 07:59:00.000000,0.176965,13.695,0.0231,0.008516,4.1
07/14/2019 08:00:00.000000,0.171462,13.6215,0.022675,0.012774,4.272093
07/14/2019 08:01:00.000000,0.170268,13.70025,0.0234,0.009339,4.64
07/14/2019 08:02:00.000000,0.1744,13.61875,0.025375,0.007775,4.242105
07/14/2019 08:03:00.000000,0.186907,13.62975,0.024725,15.639535,5.634884
07/14/2019 08:04:00.000000,0.192701,13.7105,0.023725,9.866667,4.891111
07/14/2019 08:05:00.000000,0.201162,17.1975,0.0212,8.090698,5.765116
07/14/2019 08:06:00.000000,0.222761,15.82775,0.020625,7.157143,4.57619
07/14/2019 08:07:00.000000,0.202333,13.98075,0.023425,0.00541,3.922222
07/14/2019 08:08:00.000000,0.185535,12.985,0.025925,3.8175,3.74
07/14/2019 08:09:00.000000,0.177238,12.1305,0.0265,0.006644,4.004762
07/14/2019 08:10:00.000000,0.158662,12.2745,0.0251,4.575,4.175
07/14/2019 08:11:00.000000,0.15685,12.39925,0.025125,6.156522,4.356522
07/14/2019 08:12:00.000000,0.155523,12.31625,0.027,0.01012,4.4
07/14/2019 08:13:00.000000,0.14725,12.064,0.029325,0.004937,3.347619
07/14/2019 08:14:00.000000,0.144595,11.76225,0.030575,3.261905,3.261905
07/14/2019 08:15:00.000000,0.145477,11.50975,0.0295,0.006233,3.8425
07/14/2019 08:16:00.000000,0.144394,12.49525,0.0271,7.276316,4.815789
07/14/2019 08:17:00.000000,0.164132,14.145,0.025275,6.3825,4.4
07/14/2019 08:18:00.000000,0.174256,12.68725,0.025425,0.004217,3.225
07/14/2019 08:19:00.000000,0.156719,15.31725,0.02415,7.253488,3.95814
07/14/2019 08:20:00.000000,0.164136,14.1905,0.0251,5.251351,4.2
07/14/2019 08:21:00.000000,0.162834,13.18325,0.025875,0.005801,3.953846
07/14/2019 08:22:00.000000,0.155719,16.04825,0.02345,0.004669,3.669231
07/14/2019 08:23:00.000000,0.158394,12.93225,0.023725,4.95,4.2
07/14/2019 08:24:00.000000,0.162477,14.02575,0.02485,6.732432,4.321622
07/14/2019 08:25:00.000000,0.184381,15.3775,0.025525,13.65122,5.507317
07/14/2019 08:26:00.000000,0.202979,13.7365,0.025275,0.012136,4.473171
07/14/2019 08:27:00.000000,0.171527,12.8655,0.025375,4.570732,3.797561
07/14/2019 08:28:00.000000,0.157327,12.15625,0.025725,0.004052,3.275
07/14/2019 08:29:00.000000,0.151956,12.19075,0.0256,0.004052,3.28
07/14/2019 08:30:00.000000,0.164206,12.3405,0.0244,5.883333,3.62381
07/14/2019 08:31:00.000000,0.198446,12.36625,0.024675,0.004196,3.0475
07/14/2019 08:32:00.000000,0.213048,12.36775,0.02575,0.004073,3.25
07/14/2019 08:33:00.000000,0.198578,12.3,0.026575,6.102564,3.823077
07/14/2019 08:34:00.000000,0.180944,12.205,0.026425,4.304878,3.534146
07/14/2019 08:35:00.000000,0.180367,12.07,0.02665,15.734146,3.802439
07/14/2019 08:36:00.000000,0.164782,11.87975,0.026875,0.011781,4.067442
07/14/2019 08:37:00.000000,0.152295,11.61525,0.0274,4.723913,3.552174
07/14/2019 08:38:00.000000,0.143655,11.29,0.026975,0.004119,3.230769
07/14/2019 08:39:00.000000,0.143735,11.079,0.026875,0.009619,4.352941
07/14/2019 08:40:00.000000,0.146784,10.79575,0.028075,0.005911,4.15
07/14/2019 08:41:00.000000,0.141502,10.57925,0.0278,0.008857,3.773171
07/14/2019 08:42:00.000000,0.143066,10.30225,0.027525,4.9,3.84359
07/14/2019 08:43:00.000000,0.157224,10.0205,0.028,0.008824,4.447826
07/14/2019 08:44:00.000000,0.174271,9.76,0.02815,6.076923,4.1875
07/14/2019 08:45:00.000000,0.153443,9.47725,0.028475,0.005081,3.778261
07/14/2019 08:46:00.000000,0.145595,9.1675,0.02885,0.006336,3.785
07/14/2019 08:47:00.000000,0.143221,8.94525,0.0289,4.285714,3.633333
07/14/2019 08:48:00.000000,0.149704,8.6195,0.02995,0.004546,3.6
07/14/2019 08:49:00.000000,0.138792,8.21675,0.030575,,
07/14/2019 08:50:00.000000,0.139014,7.86825,0.03055,5.336585,4.141463
07/14/2019 08:51:00.000000,0.137084,7.58425,0.03075,5.347368,4.2
07/14/2019 08:52:00.000000,0.145018,7.356,0.03095,4.147727,4.027273
07/14/2019 08:53:00.000000,0.135748,7.1225,0.03115,6.179487,4.087179
07/14/2019 08:54:00.000000,0.129334,6.83075,0.03185,15.388889,7.133333
07/14/2019 08:55:00.000000,0.127894,6.488,0.0318,11.995,4.455
07/14/2019 08:56:00.000000,0.131185,6.35475,0.030975,0.010532,4.552632
07/14/2019 08:57:00.000000,0.13125,6.24175,0.0304,0.005348,3.783333
07/14/2019 08:58:00.000000,0.134887,6.1825,0.0304,0.006192,4.195
07/14/2019 08:59:00.000000,0.140385,6.099,0.0312,0.006336,4.135
07/14/2019 09:00:00.000000,0.136375,6.01525,0.031975,3.593182,3.495455
07/14/2019 09:01:00.000000,0.13113,5.9432,0.031825,0.004196,3.4
07/14/2019 09:02:00.000000,0.130487,5.944333,0.032025,5.171875,3.725
07/14/2019 09:03:00.000000,0.13146,5.9305,0.03165,0.004567,3.16
07/14/2019 09:04:00.000000,0.134464,5.93375,0.03185,14.067647,4.458824
07/14/2019 09:05:00.000000,0.139437,5.92175,0.0313,0.007961,3.725806
07/14/2019 09:06:00.000000,0.138298,5.92475,0.0305,3.629268,3.529268
07/14/2019 09:07:00.000000,0.140353,5.93975,0.03085,4.026829,4.012195
07/14/2019 09:08:00.000000,0.137462,5.98,0.031,6.821951,4.953659
07/14/2019 09:09:00.000000,0.137012,6.1155,0.030175,0.004813,3.819512
07/14/2019 09:10:00.000000,0.134369,6.254,0.029325,0.017906,5.05122
07/14/2019 09:11:00.000000,0.136447,6.29925,0.029175,4.951282,3.692308
07/14/2019 09:12:00.000000,0.147714,6.339,0.03035,3.4,3.311429
07/14/2019 09:13:00.000000,0.149109,6.2425,0.0316,0.006798,3.895
07/14/2019 09:14:00.000000,0.136671,6.1465,0.031825,3.65122,3.402439
07/14/2019 09:15:00.000000,0.147451,6.0585,0.03194,3.978125,3.978125
07/14/2019 09:16:00.000000,0.14861,5.873,0.032867,5.078049,4.663415
07/14/2019 09:17:00.000000,0.124525,5.6255,0.032875,0.004505,3.61
07/14/2019 09:18:00.000000,0.128643,5.44875,0.032425,0.004772,3.828571
07/14/2019 09:19:00.000000,0.131795,5.32525,0.0321,4.238462,3.730769
07/14/2019 09:20:00.000000,0.125073,5.1895,0.0325,6.014286,3.785714
07/14/2019 09:21:00.000000,0.117194,5.186,0.032625,4.592683,4.056098
07/14/2019 09:22:00.000000,0.120022,5.1765,0.032175,3.462162,3.42973
07/14/2019 09:23:00.000000,0.122415,5.14925,0.03175,0.008711,4.49
07/14/2019 09:24:00.000000,0.125666,5.20475,0.031275,0.0083,4.045455
07/14/2019 09:25:00.000000,0.124321,5.2495,0.031225,0.007613,3.727907
07/14/2019 09:26:00.000000,0.124288,5.26175,0.031,10.882609,4.830435
07/14/2019 09:27:00.000000,0.124145,5.3115,0.0304,6.12093,4.397674
07/14/2019 09:28:00.000000,0.123063,5.5245,0.0299,0.005122,3.875
07/14/2019 09:29:00.000000,0.120917,6.02325,0.02835,4.323077,4.223077
07/14/2019 09:30:00.000000,0.126545,6.69725,0.026,0.009647,4.638462
07/14/2019 09:31:00.000000,0.128334,7.48075,0.025175,4.987805,4.358537
07/14/2019 09:32:00.000000,0.129865,8.35525,0.0237,0.007097,4.634884
07/14/2019 09:33:00.000000,0.137964,9.13475,0.02305,0.008639,4.9475
07/14/2019 09:34:00.000000,0.129129,9.93,0.0232,13.651163,4.311628
07/14/2019 09:35:00.000000,0.13074,10.7155,0.0225,7.739024,4.285366
07/14/2019 09:36:00.000000,0.141059,11.04225,0.024375,6.546154,4.638462
07/14/2019 09:37:00.000000,0.136316,10.9695,0.0256,0.005451,4.102439
07/14/2019 09:38:00.000000,0.138188,10.7325,0.0257,3.740541,3.748649
07/14/2019 09:39:00.000000,0.137711,10.186,0.02695,7.93913,4.608696
07/14/2019 09:40:00.000000,0.148154,9.484,0.02725,0.017834,5.302703
07/14/2019 09:41:00.000000,0.167948,8.7505,0.0281,0.009577,4.65
07/14/2019 09:42:00.000000,0.171551,7.92175,0.028425,0.005588,4.154545
07/14/2019 09:43:00.000000,0.184537,7.17075,0.028475,8.225,4.78
07/14/2019 09:44:00.000000,0.181377,6.78525,0.028325,0.006738,4.473171
07/14/2019 09:45:00.000000,0.181713,6.487,0.027475,8.057143,4.657143
07/14/2019 09:46:00.000000,0.201496,6.14675,0.02795,4.4,3.866667
07/14/2019 09:47:00.000000,0.17117,5.95025,0.028375,0.006101,4.639024
07/14/2019 09:48:00.000000,0.147506,5.812,0.0278,0.007991,5.141463
07/14/2019 09:49:00.000000,0.143177,5.77025,0.027625,5.835,4.69
07/14/2019 09:50:00.000000,0.147233,5.7745,0.027625,0.012901,4.005
07/14/2019 09:51:00.000000,0.143405,5.73725,0.02785,0.008577,4.593333
07/14/2019 09:52:00.000000,0.140474,5.66525,0.027725,0.005423,4.285366
07/14/2019 09:53:00.000000,0.147313,5.5415,0.027425,15.771429,4.971429
07/14/2019 09:54:00.000000,0.15026,5.51,0.027625,0.008936,5.272727
07/14/2019 09:55:00.000000,0.145295,5.6015,0.027575,4.25122,4.104878
07/14/2019 09:56:00.000000,0.145176,5.82925,0.027175,4.778049,4.668293
07/14/2019 09:57:00.000000,0.144844,5.97175,0.02655,0.004791,3.857143
07/14/2019 09:58:00.000000,0.141326,6.13025,0.026175,0.00953,3.955
07/14/2019 09:59:00.000000,0.138363,6.30075,0.0265,0.006555,4.291176
07/14/2019 10:00:00.000000,0.132713,6.5415,0.026575,19.427273,6.286364
07/14/2019 10:01:00.000000,0.131019,6.833333,0.02585,0.012279,5.762791
07/14/2019 10:02:00.000000,0.044588,7.09625,0.02575,6.082927,4.490244
07/14/2019 10:03:00.000000,0.003978,7.341,0.026,0.012228,5.068293
07/14/2019 10:04:00.000000,-9999.0,7.4185,0.02535,0.006011,3.919512
07/14/2019 10:05:00.000000,-9999.0,7.53925,0.025175,3.7,3.7
07/14/2019 10:06:00.000000,-9999.0,7.5715,0.025975,3.7,3.7
07/14/2019 10:07:00.000000,-9999.0,7.51125,0.02645,0.00476,3.868421
07/14/2019 10:08:00.000000,-9999.0,7.43425,0.026475,3.987805,3.9
07/14/2019 10:09:00.000000,-9999.0,7.293,0.0258,0.010156,4.8075
07/14/2019 10:10:00.000000,-9999.0,7.132,0.026775,6.862791,4.139535
07/14/2019 10:11:00.000000,-9999.0,6.848,0.027575,0.009848,5.280488
07/14/2019 10:12:00.000000,0.043322,6.6665,0.0271,0.008165,5.258696
07/14/2019 10:13:00.000000,0.100703,6.47225,0.02685,0.024579,6.668421
07/14/2019 10:14:00.000000,0.12349,6.26125,0.027275,16.14,7.077778
07/14/2019 10:15:00.000000,0.126567,6.10375,0.0269,0.01949,5.557143
07/14/2019 10:16:00.000000,0.130768,5.93625,0.02675,12.183333,5.966667
07/14/2019 10:17:00.000000,0.128758,5.7215,0.027725,0.008083,4.904878
07/14/2019 10:18:00.000000,0.125629,5.479,0.028525,0.013048,6.407317
07/14/2019 10:19:00.000000,0.121019,5.284,0.02865,0.006278,4.257895
07/14/2019 10:20:00.000000,0.120725,5.08725,0.0288,0.015449,3.884615
07/14/2019 10:21:00.000000,0.117422,5.0255,0.02815,8.966667,4.066667
07/14/2019 10:22:00.000000,0.119778,5.19025,0.0279,10.96,4.695
07/14/2019 10:23:00.000000,0.11866,5.19375,0.028425,10.154545,5.220455
07/14/2019 10:24:00.000000,0.116729,5.102,0.028,0.018342,4.470732
07/14/2019 10:25:00.000000,0.121159,4.9985,0.02815,0.021419,4.385366
07/14/2019 10:26:00.000000,0.143383,4.89825,0.02915,5.567442,3.711628
07/14/2019 10:27:00.000000,0.147372,4.83,0.029775,8.742857,4.285714
07/14/2019 10:28:00.000000,0.123426,4.69975,0.02975,0.009868,4.23
07/14/2019 10:29:00.000000,0.119855,4.41675,0.029,0.01071,4.789474
07/14/2019 10:30:00.000000,0.124028,4.11575,0.0282,0.006955,4.206667
07/14/2019 10:31:00.000000,0.123321,3.949,0.02945,0.013951,4.186047
07/14/2019 10:32:00.000000,0.119024,3.77625,0.03065,4.960976,3.936585
07/14/2019 10:33:00.000000,0.125227,3.6695,0.03075,3.646154,3.561538
07/14/2019 10:34:00.000000,0.130898,3.6315,0.030625,5.870455,4.172727
07/14/2019 10:35:00.000000,0.119539,3.57575,0.030825,8.4,6.0
07/14/2019 10:36:00.000000,0.113895,3.48075,0.0312,5.271429,4.883333
07/14/2019 10:37:00.000000,0.112762,3.44975,0.031475,5.225,4.43
07/14/2019 10:38:00.000000,0.110766,3.24575,0.030725,0.01986,4.14186
07/14/2019 10:39:00.000000,0.10926,3.15875,0.030825,5.261905,3.585714
07/14/2019 10:40:00.000000,0.105905,3.144,0.030925,0.014567,4.021053
07/14/2019 10:41:00.000000,0.111431,3.125,0.030825,15.97561,3.934146
07/14/2019 10:42:00.000000,0.110551,3.065,0.030525,11.482927,4.070732
07/14/2019 10:43:00.000000,0.110056,2.977,0.030575,0.005814,3.6
07/14/2019 10:44:00.000000,0.119119,2.935,0.0311,3.5875,3.5
07/14/2019 10:45:00.000000,0.118215,2.85475,0.03185,0.011011,3.666667
07/14/2019 10:46:00.000000,0.114357,2.755,0.032725,14.55,4.805
07/14/2019 10:47:00.000000,0.111757,2.6525,0.0325,7.686364,5.0
07/14/2019 10:48:00.000000,0.108713,2.5745,0.032425,4.02439,3.804878
07/14/2019 10:49:00.000000,0.111858,2.48275,0.03175,0.008751,4.530769
07/14/2019 10:50:00.000000,0.112299,2.418,0.031475,0.005711,4.023077
07/14/2019 10:51:00.000000,0.108875,2.40175,0.03155,5.36,4.385714
07/14/2019 10:52:00.000000,0.110028,2.3815,0.031375,4.227027,4.064865
07/14/2019 10:53:00.000000,0.109713,2.39875,0.031375,0.005393,4.384
07/14/2019 10:54:00.000000,0.108068,2.4545,0.031325,0.006368,3.985366
07/14/2019 10:55:00.000000,0.111828,2.4975,0.031,0.0053,3.729268
07/14/2019 10:56:00.000000,0.111781,2.53975,0.030925,0.004437,3.529268
07/14/2019 10:57:00.000000,0.109512,2.581,0.031,0.004417,3.585366
07/14/2019 10:58:00.000000,0.110809,2.60325,0.031525,3.77619,3.771429
07/14/2019 10:59:00.000000,0.109744,2.5765,0.032275,6.295349,4.316279
07/14/2019 11:00:00.000000,0.106468,2.54,0.032275,6.52439,4.826829
07/14/2019 11:01:00.000000,0.104769,2.49225,0.03285,0.008012,4.986364
07/14/2019 11:02:00.000000,0.104551,2.43675,0.033175,0.004509,3.586047
07/14/2019 11:03:00.000000,0.103036,2.444,0.032725,0.004304,3.485714
07/14/2019 11:04:00.000000,0.109716,2.475,0.03185,3.596774,3.5
07/14/2019 11:05:00.000000,0.111531,2.4635,0.032075,0.0068,4.320513
07/14/2019 11:06:00.000000,0.115574,2.48175,0.0321,4.021053,3.892105
07/14/2019 11:07:00.000000,0.1125,2.541,0.0315,0.004782,3.8
07/14/2019 11:08:00.000000,0.114035,2.60325,0.03155,0.004469,3.633333
07/14/2019 11:09:00.000000,0.117087,2.6725,0.03175,,
07/14/2019 11:10:00.000000,0.118045,2.71875,0.0317,5.328571,3.9
07/14/2019 11:11:00.000000,0.115993,2.762,0.031725,8.871429,4.46
07/14/2019 11:12:00.000000,0.109598,2.783,0.03234,9.126667,5.663333
07/14/2019 11:13:00.000000,0.110037,2.822,0.032667,6.897619,4.202381
07/14/2019 11:14:00.000000,0.110277,2.85025,0.03245,0.008259,4.425
07/14/2019 11:15:00.000000,0.114656,2.85475,0.032575,11.913636,5.593182
07/14/2019 11:16:00.000000,0.115312,2.85925,0.033325,4.617949,3.684615
07/14/2019 11:17:00.000000,0.110087,2.8445,0.03305,0.003744,3.043902
07/14/2019 11:18:00.000000,0.110271,2.855,0.032875,12.945,4.445
07/14/2019 11:19:00.000000,0.111063,2.83275,0.032725,0.005019,3.373171
07/14/2019 11:20:00.000000,0.113099,2.8345,0.0321,6.972093,4.562791
07/14/2019 11:21:00.000000,0.111632,2.878,0.032175,4.514286,4.028571
07/14/2019 11:22:00.000000,0.114529,2.8625,0.032325,0.009462,3.646154
07/14/2019 11:23:00.000000,0.120869,2.829,0.03185,7.323077,3.684615
07/14/2019 11:24:00.000000,0.126792,2.83275,0.03195,0.009904,3.535897
07/14/2019 11:25:00.000000,0.12244,2.861,0.03195,4.264103,3.584615
07/14/2019 11:26:00.000000,0.119279,2.9795,0.0318,0.01012,3.6
07/14/2019 11:27:00.000000,0.117139,3.10225,0.03115,6.474359,4.123077
07/14/2019 11:28:00.000000,0.117924,3.13325,0.0312,3.75,3.45
07/14/2019 11:29:00.000000,0.116585,3.115,0.032025,0.004525,3.556098
07/14/2019 11:30:00.000000,0.115165,3.1675,0.0327,6.0625,4.365
07/14/2019 11:31:00.000000,0.113387,3.21225,0.032325,3.511111,3.440741
07/14/2019 11:32:00.000000,0.117467,3.256,0.03214,0.008269,3.689655
07/14/2019 11:33:00.000000,0.120581,3.301,0.0316,0.005739,3.602857
07/14/2019 11:34:00.000000,0.133628,3.314667,0.031133,0.012702,3.685714
07/14/2019 11:35:00.000000,0.146816,3.253,0.031725,4.797436,3.784615
07/14/2019 11:36:00.000000,0.127182,3.39225,0.03165,4.904651,4.051163
07/14/2019 11:37:00.000000,0.119555,3.44375,0.03165,0.007683,4.276471
07/14/2019 11:38:00.000000,0.120922,3.4905,0.0316,0.008701,4.591667
07/14/2019 11:39:00.000000,0.123481,3.616,0.03095,8.417391,3.817391
07/14/2019 11:40:00.000000,0.134552,3.79425,0.03,7.985366,4.126829
07/14/2019 11:41:00.000000,0.151082,3.92475,0.030025,0.016764,5.692683
07/14/2019 11:42:00.000000,0.148247,3.9615,0.03135,8.209756,4.121951
07/14/2019 11:43:00.000000,0.129522,3.983,0.031475,0.007755,4.04878
07/14/2019 11:44:00.000000,0.123492,3.97725,0.0302,0.004145,3.246341
07/14/2019 11:45:00.000000,0.132567,4.108,0.02975,0.01118,4.691892
07/14/2019 11:46:00.000000,0.136749,4.20975,0.029975,0.009925,3.906818
07/14/2019 11:47:00.000000,0.134355,4.30625,0.03085,0.009102,4.281818
07/14/2019 11:48:00.000000,0.149955,4.2905,0.0308,5.344186,3.869767
07/14/2019 11:49:00.000000,0.138541,,,,
07/14/2019 11:50:00.000000,0.126765,4.32875,0.03025,0.005214,3.717949
07/14/2019 11:51:00.000000,0.125086,4.34675,0.03085,0.004567,3.614634
07/14/2019 11:52:00.000000,0.12679,4.32125,0.0307,0.006037,4.112195
07/14/2019 11:53:00.000000,0.129554,4.27625,0.030875,0.010583,5.616667
07/14/2019 11:54:00.000000,0.142813,4.2015,0.030025,0.018451,4.795
07/14/2019 11:55:00.000000,0.14476,4.06,0.0298,7.336842,4.684211
07/14/2019 11:56:00.000000,0.133283,3.9095,0.031175,0.004248,3.414286
07/14/2019 11:57:00.000000,0.122284,3.68775,0.0325,6.175,4.39
07/14/2019 11:58:00.000000,0.117761,3.50025,0.03255,0.007014,4.772093
07/14/2019 11:59:00.000000,0.113749,3.30025,0.03195,0.005245,4.046512
07/14/2019 12:00:00.000000,0.112896,3.1095,0.0324,3.317073,3.302439
07/14/2019 12:01:00.000000,0.117112,2.9255,0.032425,3.2,3.2
07/14/2019 12:02:00.000000,0.118424,2.843,0.031375,0.00469,3.854839
07/14/2019 12:03:00.000000,0.120439,2.71975,0.031767,0.006068,3.737838
07/14/2019 12:04:00.000000,0.117083,2.61,0.032733,0.010244,4.568421
07/14/2019 12:05:00.000000,0.109872,2.5816,0.03374,14.6375,4.445
07/14/2019 12:06:00.000000,0.10854,2.572667,0.0336,0.00828,4.142857
07/14/2019 12:07:00.000000,0.11094,2.554333,0.0332,0.004119,3.242857
07/14/2019 12:08:00.000000,0.115199,2.513,0.033275,6.061538,3.692308
07/14/2019 12:09:00.000000,0.113553,2.4365,0.032875,,
07/14/2019 12:10:00.000000,0.10932,2.335,0.0328,0.004542,3.483721
07/14/2019 12:11:00.000000,0.106878,2.29275,0.03315,0.012955,4.175556
07/14/2019 12:12:00.000000,0.110271,2.362,0.032775,6.063158,4.131579
07/14/2019 12:13:00.000000,0.115193,2.39275,0.032575,0.005643,4.015385
07/14/2019 12:14:00.000000,0.120587,2.458,0.032025,0.004202,3.419512
07/14/2019 12:15:00.000000,0.127212,2.52125,0.03175,15.260465,4.332558
07/14/2019 12:16:00.000000,0.120744,2.58425,0.032375,0.005968,3.817073
07/14/2019 12:17:00.000000,0.117399,2.72775,0.032275,0.006507,4.297561
07/14/2019 12:18:00.000000,0.119427,2.9475,0.03175,5.488095,4.22381
07/14/2019 12:19:00.000000,0.120993,3.1755,0.030725,18.1,4.115
07/14/2019 12:20:00.000000,0.119173,3.29825,0.03065,0.005682,3.331707
07/14/2019 12:21:00.000000,0.118401,3.4075,0.0311,3.876923,3.876923
07/14/2019 12:22:00.000000,0.117064,3.415,0.0318,8.248276,3.806897
07/14/2019 12:23:00.000000,0.115209,3.52525,0.031275,5.34,4.14
07/14/2019 12:24:00.000000,0.117467,3.62775,0.03065,5.307692,3.871795
07/14/2019 12:25:00.000000,0.117493,3.666,0.031075,10.028571,6.210714
07/14/2019 12:26:00.000000,0.113576,3.60175,0.031275,0.011147,4.881081
07/14/2019 12:27:00.000000,0.113765,3.561,0.0307,0.043454,4.371429
07/14/2019 12:28:00.000000,0.1192,3.57075,0.03055,0.011013,4.556098
07/14/2019 12:29:00.000000,0.126027,3.595,0.03075,0.004511,3.57561
07/14/2019 12:30:00.000000,0.12781,3.679,0.0297,5.847059,4.717647
07/14/2019 12:31:00.000000,0.121729,3.71775,0.029925,6.0,4.12
07/14/2019 12:32:00.000000,0.122086,3.77825,0.030125,0.004145,3.222727
07/14/2019 12:33:00.000000,0.129258,3.80475,0.03025,0.007713,3.937209
07/14/2019 12:34:00.000000,0.129313,3.87175,0.02965,0.011135,6.183333
07/14/2019 12:35:00.000000,0.126989,3.95275,0.029225,0.004823,3.771429
07/14/2019 12:36:00.000000,0.137615,4.011,0.030125,0.009917,3.7375
07/14/2019 12:37:00.000000,0.137555,4.066,0.03045,3.834146,3.287805
07/14/2019 12:38:00.000000,0.134606,4.105,0.03005,0.017753,3.54
07/14/2019 12:39:00.000000,0.138419,4.12475,0.030325,4.67561,3.258537
07/14/2019 12:40:00.000000,0.152647,4.13475,0.0303,0.008883,5.342857
07/14/2019 12:41:00.000000,0.149852,4.3425,0.028575,4.002857,3.854286
07/14/2019 12:42:00.000000,0.139395,4.49975,0.027525,6.631707,3.373171
07/14/2019 12:43:00.000000,0.14158,4.6085,0.0276,3.633333,3.131111
07/14/2019 12:44:00.000000,0.147477,7.766,0.0255,0.003861,3.1
07/14/2019 12:45:00.000000,0.177459,9.33825,0.0244,0.008884,4.0625
07/14/2019 12:46:00.000000,0.16275,4.80025,0.026925,6.055556,3.525926
07/14/2019 12:47:00.000000,0.136687,6.2485,0.026,8.044737,3.689474
07/14/2019 12:48:00.000000,0.144326,6.562,0.026125,4.830233,4.130233
07/14/2019 12:49:00.000000,0.188362,7.88775,0.025925,0.028682,4.028571
07/14/2019 12:50:00.000000,0.186214,7.16875,0.0243,11.792683,4.878049
07/14/2019 12:51:00.000000,0.198434,7.28725,0.025575,0.004245,3.166667
07/14/2019 12:52:00.000000,0.179676,7.11125,0.02755,6.057143,3.383333
07/14/2019 12:53:00.000000,0.142972,6.9185,0.0277,3.771429,3.333333
07/14/2019 12:54:00.000000,0.137222,6.68925,0.027433,0.003559,2.76
07/14/2019 12:55:00.000000,0.13761,6.431333,0.027675,0.007305,4.545714
07/14/2019 12:56:00.000000,0.136827,6.1545,0.0276,0.009417,4.515385
07/14/2019 12:57:00.000000,0.136965,6.6175,0.02675,5.995556,3.74
07/14/2019 12:58:00.000000,0.137286,9.385,0.025,4.825,4.195
07/14/2019 12:59:00.000000,0.145419,6.00075,0.0257,5.036842,4.136842
07/14/2019 13:00:00.000000,0.143996,5.4465,0.027267,4.85122,3.602439
07/14/2019 13:01:00.000000,0.140465,4.92625,0.027825,3.153125,3.1125
07/14/2019 13:02:00.000000,0.140136,4.99825,0.0284,0.003975,3.181579
07/14/2019 13:03:00.000000,0.140833,5.10875,0.027875,2.87,2.88
07/14/2019 13:04:00.000000,0.151814,5.286,0.027275,0.00693,4.421622
07/14/2019 13:05:00.000000,0.151556,5.4,0.027325,3.678125,3.45
07/14/2019 13:06:00.000000,0.149365,5.51175,0.027175,25.8375,5.265625
07/14/2019 13:07:00.000000,0.148446,5.7525,0.02604,7.44375,3.95625
07/14/2019 13:08:00.000000,0.157941,5.9065,0.026025,5.364286,3.971429
07/14/2019 13:09:00.000000,0.16129,6.071,0.026433,,
07/14/2019 13:10:00.000000,0.159759,6.1865,0.026275,0.004302,3.4025
07/14/2019 13:11:00.000000,0.160943,6.243,0.026625,0.00636,3.834375
07/14/2019 13:12:00.000000,0.16444,6.2855,0.02585,0.013967,3.597561
07/14/2019 13:13:00.000000,0.175661,6.41125,0.025,0.017209,5.391111
07/14/2019 13:14:00.000000,0.177502,6.42925,0.0256,10.438462,6.223077
07/14/2019 13:15:00.000000,0.174919,6.325,0.026,4.527907,3.85814
07/14/2019 13:16:00.000000,0.175626,6.321,0.0261,3.476744,3.386047
07/14/2019 13:17:00.000000,0.174241,6.2695,0.026675,9.671429,5.65
07/14/2019 13:18:00.000000,0.162255,6.206,0.027125,0.0069,3.984615
07/14/2019 13:19:00.000000,0.157658,6.1505,0.0277,0.008408,4.077273
07/14/2019 13:20:00.000000,0.157044,6.049,0.02725,11.072093,4.630233
07/14/2019 13:21:00.000000,0.160401,5.8785,0.026925,0.016128,3.846341
07/14/2019 13:22:00.000000,0.16556,5.78325,0.027325,0.008137,3.7825
07/14/2019 13:23:00.000000,0.159159,5.689,0.02772,3.744118,3.702941
07/14/2019 13:24:00.000000,0.155355,5.5275,0.027667,0.007691,4.376667
07/14/2019 13:25:00.000000,0.152668,5.54025,0.027175,0.019719,4.166667
07/14/2019 13:26:00.000000,0.155435,5.64525,0.0261,0.011645,4.528571
07/14/2019 13:27:00.000000,0.164517,5.861,0.024325,5.742105,4.763158
07/14/2019 13:28:00.000000,0.178526,6.02175,0.024325,0.004421,3.418182
07/14/2019 13:29:00.000000,0.179405,6.16075,0.02586,6.289655,5.034483
07/14/2019 13:30:00.000000,0.174844,6.27325,0.025733,0.009839,4.723529
07/14/2019 13:31:00.000000,0.167682,6.37975,0.0263,7.353846,4.264103
07/14/2019 13:32:00.000000,0.157634,6.456,0.02678,0.008771,3.6225
07/14/2019 13:33:00.000000,0.153339,6.35525,0.026767,0.010132,4.095
07/14/2019 13:34:00.000000,0.156481,6.19525,0.027325,8.5,4.37
07/14/2019 13:35:00.000000,0.155789,5.888,0.027825,0.009852,3.794595
07/14/2019 13:36:00.000000,0.157666,5.665333,0.027925,7.527273,5.129545
07/14/2019 13:37:00.000000,0.158553,5.42075,0.02765,0.007274,3.94878
07/14/2019 13:38:00.000000,0.158167,5.239,0.027975,6.790698,3.7
07/14/2019 13:39:00.000000,0.151041,5.089,0.02785,4.828947,3.960526
07/14/2019 13:40:00.000000,0.149975,5.017,0.028225,0.007898,4.85
07/14/2019 13:41:00.000000,0.150945,4.9415,0.028375,0.01107,5.344444
07/14/2019 13:42:00.000000,0.151697,4.95175,0.02835,0.006306,4.295
07/14/2019 13:43:00.000000,0.157785,4.9145,0.028,3.775,3.675
07/14/2019 13:44:00.000000,0.157757,7.402,0.022925,0.018771,4.202326
07/14/2019 13:45:00.000000,0.158977,16.04975,0.018675,7.202439,3.787805
07/14/2019 13:46:00.000000,0.177312,16.69525,0.0215,5.97,4.525
07/14/2019 13:47:00.000000,0.190182,6.54625,0.026125,0.020004,3.935
07/14/2019 13:48:00.000000,0.200683,5.44275,0.02845,0.009489,3.970732
07/14/2019 13:49:00.000000,0.184234,5.61,0.02785,0.005393,3.746154
07/14/2019 13:50:00.000000,0.17175,5.669,0.027125,0.01037,5.919512
07/14/2019 13:51:00.000000,0.172815,5.7495,0.0264,0.007843,4.25122
07/14/2019 13:52:00.000000,0.177597,5.79525,0.02695,3.533333,3.3
07/14/2019 13:53:00.000000,0.176057,5.88175,0.027275,13.275,4.147222
07/14/2019 13:54:00.000000,0.179449,5.942,0.027,0.005123,3.271429
07/14/2019 13:55:00.000000,0.179791,6.01075,0.02705,3.357143,3.357143
07/14/2019 13:56:00.000000,0.175766,5.99425,0.028125,0.008869,4.242105
07/14/2019 13:57:00.000000,0.170995,5.91625,0.029575,5.029268,4.04878
07/14/2019 13:58:00.000000,0.160137,5.8345,0.0296,3.45,3.333333
07/14/2019 13:59:00.000000,0.16044,5.68675,0.029175,0.004545,3.533333
07/14/2019 14:00:00.000000,0.162412,5.5715,0.0292,3.52381,3.514286
07/14/2019 14:01:00.000000,0.16285,5.4704,0.02905,3.071429,3.071429
07/14/2019 14:02:00.000000,0.178737,5.487,0.028275,7.833333,4.416667
07/14/2019 14:03:00.000000,0.191512,5.45975,0.028,0.021569,3.859091
07/14/2019 14:04:00.000000,0.180032,5.508,0.028225,0.010528,3.268182
07/14/2019 14:05:00.000000,0.172187,5.5725,0.028425,0.008178,3.8
07/14/2019 14:06:00.000000,0.171882,5.662,0.028075,0.01326,3.733333
07/14/2019 14:07:00.000000,0.169209,5.77975,0.027625,0.022164,3.614634
07/14/2019 14:08:00.000000,0.168973,5.902,0.02765,0.010815,4.62439
07/14/2019 14:09:00.000000,0.175857,5.97225,0.0282,6.545,3.645
07/14/2019 14:10:00.000000,0.173397,5.90875,0.028925,0.004478,3.314634
07/14/2019 14:11:00.000000,0.169919,5.9375,0.029125,10.071429,5.528571
07/14/2019 14:12:00.000000,0.169413,5.99975,0.0286,11.57,4.3275
07/14/2019 14:13:00.000000,0.170361,6.09125,0.027925,0.00701,3.533333
07/14/2019 14:14:00.000000,0.174017,6.1725,0.02825,6.255814,4.213953
07/14/2019 14:15:00.000000,0.180665,6.29075,0.028175,0.011583,4.828571
07/14/2019 14:16:00.000000,0.186739,6.40375,0.0276,0.014903,3.614286
07/14/2019 14:17:00.000000,0.196818,6.4745,0.0277,6.838462,4.161538
07/14/2019 14:18:00.000000,0.209757,6.591,0.027675,0.011766,5.06
07/14/2019 14:19:00.000000,0.186293,6.6185,0.029225,0.0233,4.855814
07/14/2019 14:20:00.000000,0.169679,6.56525,0.030475,0.024314,3.695
07/14/2019 14:21:00.000000,0.170269,6.60375,0.030225,0.006089,3.415
07/14/2019 14:22:00.000000,0.17968,6.85875,0.028225,0.015563,3.951351
07/14/2019 14:23:00.000000,0.190641,7.03175,0.02715,7.72,3.222857
07/14/2019 14:24:00.000000,0.211014,7.161,0.027725,6.973171,3.882927
07/14/2019 14:25:00.000000,0.209856,7.341,0.027875,0.023277,3.32
07/14/2019 14:26:00.000000,0.212276,7.488,0.0284,0.008683,3.977273
07/14/2019 14:27:00.000000,0.202746,7.6415,0.02915,6.553659,3.843902
07/14/2019 14:28:00.000000,0.196058,7.88125,0.02965,0.016187,4.214634
07/14/2019 14:29:00.000000,0.19565,8.013,0.029075,0.005131,3.378378
07/14/2019 14:30:00.000000,0.200123,7.90275,0.02885,13.742857,3.885714
07/14/2019 14:31:00.000000,0.190993,7.8485,0.0302,0.009682,3.05
07/14/2019 14:32:00.000000,0.185425,7.8685,0.0311,0.004693,3.325
07/14/2019 14:33:00.000000,0.18266,7.78275,0.030975,0.003506,2.810526
07/14/2019 14:34:00.000000,0.182946,7.77075,0.031,0.009025,2.785
07/14/2019 14:35:00.000000,0.183559,7.82075,0.0311,0.004407,3.057143
07/14/2019 14:36:00.000000,0.184169,7.83525,0.031275,5.130769,3.353846
07/14/2019 14:37:00.000000,0.176779,7.769,0.03165,0.004544,3.313636
07/14/2019 14:38:00.000000,0.174955,7.7345,0.03205,0.003627,2.875
07/14/2019 14:39:00.000000,0.187239,7.75975,0.032075,0.003564,2.8
07/14/2019 14:40:00.000000,0.238402,7.694,0.0317,0.010564,3.214634
07/14/2019 14:41:00.000000,0.289199,7.83475,0.03105,3.674419,3.04186
07/14/2019 14:42:00.000000,0.236758,7.953,0.03095,7.165909,5.438636
07/14/2019 14:43:00.000000,0.199926,8.127,0.0301,0.0077,3.928571
07/14/2019 14:44:00.000000,0.190461,8.29075,0.030075,0.004741,3.063158
07/14/2019 14:45:00.000000,0.196207,8.52675,0.03085,0.013268,5.369231
07/14/2019 14:46:00.000000,0.204957,8.74975,0.031,0.006077,3.675
07/14/2019 14:47:00.000000,0.184741,8.90675,0.031175,3.116667,2.97619
07/14/2019 14:48:00.000000,0.181875,9.12775,0.030975,11.145,3.325
07/14/2019 14:49:00.000000,0.187931,9.38825,0.029175,13.480952,3.742857
07/14/2019 14:50:00.000000,0.211877,9.664,0.028575,0.010334,4.312195
07/14/2019 14:51:00.000000,0.238201,9.87775,0.028575,5.832558,3.969767
07/14/2019 14:52:00.000000,0.234773,10.0425,0.0285,6.714286,4.071429
07/14/2019 14:53:00.000000,0.223914,10.16475,0.02955,0.020033,6.071429
07/14/2019 14:54:00.000000,0.214572,10.17975,0.031175,11.231707,5.631707
07/14/2019 14:55:00.000000,0.201935,10.1945,0.031625,3.711429,3.425714
07/14/2019 14:56:00.000000,0.195372,10.24075,0.03135,7.122222,5.64
07/14/2019 14:57:00.000000,0.197208,10.3035,0.03085,4.115,3.9375
07/14/2019 14:58:00.000000,0.20183,10.323,0.030875,3.5,3.5
07/14/2019 14:59:00.000000,0.204005,10.294,0.031225,9.338462,3.753846
07/14/2019 15:00:00.000000,0.203653,10.239,0.03215,0.007439,3.8
07/14/2019 15:01:00.000000,0.203549,10.2115,0.032925,5.742857,4.228571
07/14/2019 15:02:00.000000,0.206616,10.3285,0.03205,0.013495,5.106452
07/14/2019 15:03:00.000000,0.222946,10.516,0.031525,0.008571,4.479412
07/14/2019 15:04:00.000000,0.237064,10.6635,0.031975,3.576923,3.497436
07/14/2019 15:05:00.000000,0.243695,10.625,0.0325,0.011363,4.762791
07/14/2019 15:06:00.000000,0.247229,10.4935,0.03325,0.024091,4.652174
07/14/2019 15:07:00.000000,0.25001,10.455,0.032475,5.713953,3.427907
07/14/2019 15:08:00.000000,0.247482,10.3955,0.03215,5.405263,3.957895
07/14/2019 15:09:00.000000,0.240073,,,,
07/14/2019 15:10:00.000000,0.237075,10.44775,0.033575,0.005202,3.905
07/14/2019 15:11:00.000000,0.240834,10.42475,0.0339,4.857143,4.228571
07/14/2019 15:12:00.000000,0.22858,10.30575,0.034525,0.0238,3.446341
07/14/2019 15:13:00.000000,0.221986,10.255,0.0344,0.024719,4.405
07/14/2019 15:14:00.000000,0.222675,10.2435,0.03445,0.014174,3.995455
07/14/2019 15:15:00.000000,0.213949,10.2065,0.0348,11.651163,4.486047
07/14/2019 15:16:00.000000,0.212397,10.3025,0.035033,0.004925,3.336842
07/14/2019 15:17:00.000000,0.218217,10.5695,0.033625,5.99,4.12
07/14/2019 15:18:00.000000,0.2284,11.01875,0.0316,0.009404,4.047368
07/14/2019 15:19:00.000000,0.310369,11.66125,0.029525,0.021373,4.425
07/14/2019 15:20:00.000000,0.558815,12.296,0.029525,17.04878,4.926829
07/14/2019 15:21:00.000000,0.438687,12.862,0.03085,0.028954,3.839024
07/14/2019 15:22:00.000000,0.306362,13.5185,0.0315,0.03011,3.942857
07/14/2019 15:23:00.000000,0.274043,14.22075,0.03125,11.571429,4.685714
07/14/2019 15:24:00.000000,0.271025,20.11125,0.029075,7.158974,4.292308
07/14/2019 15:25:00.000000,0.271367,22.692,0.025375,7.228571,3.857143
07/14/2019 15:26:00.000000,0.262275,21.823,0.025175,4.536364,4.059091
07/14/2019 15:27:00.000000,0.299193,19.7475,0.027525,6.82,4.865
07/14/2019 15:28:00.000000,0.414963,19.3655,0.02925,0.005378,3.98
07/14/2019 15:29:00.000000,0.335715,19.35025,0.0294,5.185714,3.633333
07/14/2019 15:30:00.000000,0.254892,19.41325,0.0292,0.01967,3.685714
07/14/2019 15:31:00.000000,0.233871,19.41175,0.029675,10.404878,4.72439
07/14/2019 15:32:00.000000,0.233922,19.587,0.028425,17.995349,4.813953
07/14/2019 15:33:00.000000,0.246518,19.844,0.027125,13.442857,4.882857
07/14/2019 15:34:00.000000,0.243394,20.10875,0.027875,7.397297,4.062162
07/14/2019 15:35:00.000000,0.231534,20.23325,0.0287,0.011328,3.814634
07/14/2019 15:36:00.000000,0.238602,20.1085,0.0298,0.020671,3.035
07/14/2019 15:37:00.000000,0.285328,19.9835,0.03105,14.278378,4.072973
07/14/2019 15:38:00.000000,0.275721,19.74375,0.031475,0.021432,3.538462
07/14/2019 15:39:00.000000,0.252182,19.73925,0.031925,0.011973,3.914286
07/14/2019 15:40:00.000000,0.260912,19.748,0.0311,10.4,3.590909
07/14/2019 15:41:00.000000,0.254781,19.338,0.0321,9.346875,4.565625
07/14/2019 15:42:00.000000,0.22409,18.9355,0.0333,8.231429,3.434286
07/14/2019 15:43:00.000000,0.255073,18.591333,0.032575,5.628571,3.914286
07/14/2019 15:44:00.000000,0.299421,22.276,0.030125,0.00871,3.4
07/14/2019 15:45:00.000000,0.308489,18.508,0.02845,13.15,4.514286
07/14/2019 15:46:00.000000,0.274156,20.39,0.029975,4.983333,3.383333
07/14/2019 15:47:00.000000,0.259293,20.974,0.03065,0.027033,5.183333
07/14/2019 15:48:00.000000,0.276175,19.879,0.031025,13.991304,5.091304
07/14/2019 15:49:00.000000,0.255457,,,,
07/14/2019 15:50:00.000000,0.241323,19.3,0.032475,0.00989,3.539535
07/14/2019 15:51:00.000000,0.276256,19.4245,0.032225,9.657895,5.421053
07/14/2019 15:52:00.000000,0.269864,19.54525,0.03235,8.8375,3.28125
07/14/2019 15:53:00.000000,0.273437,19.74525,0.032,0.010042,3.2
07/14/2019 15:54:00.000000,0.242734,19.89975,0.03255,0.004135,2.865116
07/14/2019 15:55:00.000000,0.234121,20.38175,0.0319,7.190244,3.739024
07/14/2019 15:56:00.000000,0.262554,20.66325,0.031775,7.009756,3.302439
07/14/2019 15:57:00.000000,0.279002,20.164,0.0331,7.326829,4.139024
07/14/2019 15:58:00.000000,0.358109,23.86775,0.031925,0.005751,3.630233
07/14/2019 15:59:00.000000,0.326362,26.496,0.03045,8.126829,3.997561
07/14/2019 16:00:00.000000,0.274284,23.4025,0.03145,9.836364,5.05
07/14/2019 16:01:00.000000,0.337126,23.82725,0.031875,0.004613,3.261905
07/14/2019 16:02:00.000000,0.191726,23.54775,0.031575,0.009525,3.416667
07/14/2019 16:03:00.000000,0.027196,23.519,0.031875,5.358974,4.6
07/14/2019 16:04:00.000000,0.001071,23.2085,0.035375,13.545238,3.771429
07/14/2019 16:05:00.000000,0.00167,22.6785,0.037425,7.9625,3.94
07/14/2019 16:06:00.000000,0.00195,22.0365,0.037625,0.010558,5.078049
07/14/2019 16:07:00.000000,0.000879,21.12175,0.038875,3.719048,3.361905
07/14/2019 16:08:00.000000,-9999.0,19.874,0.0412,0.007884,3.526829
07/14/2019 16:09:00.000000,0.000643,,,,
07/14/2019 16:10:00.000000,0.000687,17.83325,0.0403,0.004059,3.111628
07/14/2019 16:11:00.000000,-9999.0,16.949,0.04085,10.148276,4.255172
07/14/2019 16:12:00.000000,0.072631,16.232,0.04215,7.291429,4.98
07/14/2019 16:13:00.000000,0.170186,15.67025,0.0416,6.940541,4.664865
07/14/2019 16:14:00.000000,0.22361,15.40725,0.040975,0.019786,4.771429
07/14/2019 16:15:00.000000,0.227664,15.40975,0.0414,13.147368,4.294737
07/14/2019 16:16:00.000000,0.239101,16.01275,0.03965,0.011259,4.102703
07/14/2019 16:17:00.000000,0.236617,16.3315,0.039475,0.006954,3.931818
07/14/2019 16:18:00.000000,0.229603,16.28375,0.041325,4.227907,3.986047
07/14/2019 16:19:00.000000,0.227762,16.33175,0.041475,3.843902,3.743902
07/14/2019 16:20:00.000000,0.22301,16.5855,0.041375,0.006678,3.957143
07/14/2019 16:21:00.000000,0.222517,16.76575,0.041625,0.01441,5.326829
07/14/2019 16:22:00.000000,0.217565,16.8585,0.040925,0.015707,5.771429
07/14/2019 16:23:00.000000,0.217974,16.9095,0.0407,0.008657,4.353571
07/14/2019 16:24:00.000000,0.214315,16.7025,0.04135,0.009669,4.127907
07/14/2019 16:25:00.000000,0.20102,16.65,0.042125,0.026282,4.686486
07/14/2019 16:26:00.000000,0.20227,16.5665,0.042125,0.005986,3.34878
07/14/2019 16:27:00.000000,0.197388,16.4975,0.042033,5.725,2.93
07/14/2019 16:28:00.000000,0.198133,16.394,0.042025,6.186842,3.942105
07/14/2019 16:29:00.000000,0.203148,16.743,0.03975,0.007537,3.77
07/14/2019 16:30:00.000000,0.212651,16.74775,0.04036,0.006331,3.79697
07/14/2019 16:31:00.000000,0.201979,16.54525,0.043167,6.478049,3.634146
07/14/2019 16:32:00.000000,0.194533,16.35275,0.04365,8.880952,3.42381
07/14/2019 16:33:00.000000,0.196188,16.18225,0.043725,6.295,3.655
07/14/2019 16:34:00.000000,0.225673,16.156,0.043075,7.415,3.1225
07/14/2019 16:35:00.000000,0.224861,16.0305,0.043025,5.606977,3.895349
07/14/2019 16:36:00.000000,0.209972,16.0175,0.0435,8.614634,4.953659
07/14/2019 16:37:00.000000,0.208655,15.5705,0.04345,0.014408,3.990244
07/14/2019 16:38:00.000000,0.219695,15.4515,0.043225,9.75,4.1875
07/14/2019 16:39:00.000000,0.221886,15.47875,0.04265,0.00577,2.739474
07/14/2019 16:40:00.000000,0.225294,15.52275,0.04285,0.008689,2.894444
07/14/2019 16:41:00.000000,0.243983,15.52975,0.0443,0.009964,3.653488
07/14/2019 16:42:00.000000,0.248822,15.43625,0.0447,0.004636,3.294737
07/14/2019 16:43:00.000000,0.241034,17.465,0.043675,7.760465,3.45814
07/14/2019 16:44:00.000000,0.25362,15.486,0.043575,4.59,3.84
07/14/2019 16:45:00.000000,0.238095,13.7245,0.04555,10.086047,4.588372
07/14/2019 16:46:00.000000,0.221474,13.291,0.0468,15.502632,5.542105
07/14/2019 16:47:00.000000,0.232177,13.9905,0.047325,0.020225,4.334146
07/14/2019 16:48:00.000000,0.224774,13.7865,0.048575,0.009068,3.343182
07/14/2019 16:49:00.000000,0.234487,13.60225,0.049725,6.623077,4.046154
07/14/2019 16:50:00.000000,0.232689,13.41725,0.0499,3.648718,3.269231
07/14/2019 16:51:00.000000,0.216798,13.24,0.050675,0.011787,5.256098
07/14/2019 16:52:00.000000,0.197812,13.138,0.05125,0.026186,4.757143
07/14/2019 16:53:00.000000,0.199028,13.088,0.051175,25.753659,4.173171
07/14/2019 16:54:00.000000,0.223099,13.015,0.05005,0.011202,4.1
07/14/2019 16:55:00.000000,0.211493,12.87475,0.05,6.3,3.25
07/14/2019 16:56:00.000000,0.195672,12.8165,0.0517,10.088372,4.562791
07/14/2019 16:57:00.000000,0.221122,12.51425,0.054675,3.888372,2.993023
07/14/2019 16:58:00.000000,0.234456,12.10375,0.05715,0.014485,4.026829
07/14/2019 16:59:00.000000,0.222157,11.75225,0.05675,0.005103,3.271429
07/14/2019 17:00:00.000000,0.282476,11.3555,0.05585,0.011297,4.095122
07/14/2019 17:01:00.000000,0.307591,10.7295,0.05605,0.012422,3.705
07/14/2019 17:02:00.000000,0.210472,10.09775,0.055275,5.331707,2.831707
07/14/2019 17:03:00.000000,0.183547,9.49125,0.0556,0.003477,2.529268
07/14/2019 17:04:00.000000,0.16377,8.9375,0.056425,0.003846,2.836842
07/14/2019 17:05:00.000000,0.164709,8.655,0.057225,2.74186,2.727907
07/14/2019 17:06:00.000000,0.160491,8.47025,0.0569,0.0078,3.289474
07/14/2019 17:07:00.000000,0.160438,8.264,0.055967,6.386486,2.967568
07/14/2019 17:08:00.000000,0.164448,8.392,0.054733,0.024974,3.323077
07/14/2019 17:09:00.000000,0.188659,8.464,0.053425,5.37561,2.802439
07/14/2019 17:10:00.000000,0.268337,8.506,0.05395,0.011849,4.476923
07/14/2019 17:11:00.000000,0.240001,8.822,0.055675,0.004144,2.921951
07/14/2019 17:12:00.000000,0.218659,9.22775,0.05635,0.027657,7.057143
07/14/2019 17:13:00.000000,0.225509,9.678,0.056325,0.011773,3.617073
07/14/2019 17:14:00.000000,0.2135,10.19475,0.05665,0.007033,3.671429
07/14/2019 17:15:00.000000,0.197218,10.12875,0.055375,2.688372,2.460465
07/14/2019 17:16:00.000000,0.173616,12.25275,0.051725,0.008451,3.495455
07/14/2019 17:17:00.000000,0.165594,7.6945,0.054325,0.008602,3.530769
07/14/2019 17:18:00.000000,0.16857,8.08625,0.05835,0.007618,3.413953
07/14/2019 17:19:00.000000,0.176854,9.3545,0.05855,0.005514,3.073684
07/14/2019 17:20:00.000000,0.180073,9.86225,0.057975,0.022849,4.876316
07/14/2019 17:21:00.000000,0.203678,12.6075,0.056825,9.733333,2.597436
07/14/2019 17:22:00.000000,0.215184,7.88325,0.0572,11.4,2.116667
07/14/2019 17:23:00.000000,0.193304,9.22375,0.05635,4.5,2.528571
07/14/2019 17:24:00.000000,0.186577,7.70575,0.056425,10.028261,2.684783
07/14/2019 17:25:00.000000,0.180138,7.6725,0.056325,0.004193,2.44186
07/14/2019 17:26:00.000000,0.194717,7.45075,0.05605,4.489189,2.902703
07/14/2019 17:27:00.000000,0.233512,7.12525,0.0559,0.002662,2.01
07/14/2019 17:28:00.000000,0.239701,6.7,0.055525,0.019358,3.336585
07/14/2019 17:29:00.000000,0.211748,6.28125,0.056025,0.005075,2.845946
07/14/2019 17:30:00.000000,0.18129,6.18975,0.05525,0.009825,3.794737
07/14/2019 17:31:00.000000,0.194165,5.91925,0.0545,5.461538,3.830769
07/14/2019 17:32:00.000000,0.179347,5.4345,0.055575,0.002683,2.107692
07/14/2019 17:33:00.000000,0.156405,5.366,0.0546,6.420513,3.238462
07/14/2019 17:34:00.000000,0.169884,5.50025,0.0554,4.509091,2.659091
07/14/2019 17:35:00.000000,0.175238,5.746,0.055675,2.819512,2.5
07/14/2019 17:36:00.000000,0.182492,5.96125,0.05365,2.685714,2.328571
07/14/2019 17:37:00.000000,0.264506,6.25725,0.0532,6.9,4.014286
07/14/2019 17:38:00.000000,0.369218,6.155,0.0538,12.074419,3.295349
07/14/2019 17:39:00.000000,0.266491,6.11325,0.0551,5.473684,2.257895
07/14/2019 17:40:00.000000,0.216925,6.17575,0.056,13.1,3.3
07/14/2019 17:41:00.000000,0.177991,5.95075,0.05545,0.008829,2.905
07/14/2019 17:42:00.000000,0.184345,5.761,0.05395,5.76087,2.206522
07/14/2019 17:43:00.000000,0.181379,8.0485,0.054325,0.009672,2.270732
07/14/2019 17:44:00.000000,0.181261,7.07775,0.053375,0.006557,2.728571
07/14/2019 17:45:00.000000,0.337452,5.7995,0.05365,6.530769,2.471795
07/14/2019 17:46:00.000000,0.514982,3.4385,0.05575,2.304651,1.797674
07/14/2019 17:47:00.000000,0.252331,3.462,0.055675,0.016815,4.597561
07/14/2019 17:48:00.000000,0.239895,3.83775,0.054975,0.005454,2.418605
07/14/2019 17:49:00.000000,0.326458,3.987,0.056025,0.007033,2.252632
07/14/2019 17:50:00.000000,0.211878,4.095,0.0558,0.006406,2.384091
07/14/2019 17:51:00.000000,0.177782,4.358,0.054375,0.014435,2.314634
07/14/2019 17:52:00.000000,0.183681,4.676,0.054475,8.694737,2.889474
07/14/2019 17:53:00.000000,0.174475,4.8465,0.055575,3.848649,2.481081
07/14/2019 17:54:00.000000,0.201482,4.93125,0.056,2.163636,2.054545
07/14/2019 17:55:00.000000,0.254078,5.12775,0.054675,8.023256,3.548837
07/14/2019 17:56:00.000000,0.330443,4.0815,0.053225,0.016123,2.34878
07/14/2019 17:57:00.000000,0.248868,1.36125,0.054425,5.7,2.271429
07/14/2019 17:58:00.000000,0.182994,3.3525,0.057025,2.313953,2.04186
07/14/2019 17:59:00.000000,0.141754,3.183,0.057275,7.525,2.595
07/14/2019 18:00:00.000000,0.155471,7.987,0.054725,2.972727,2.195455
07/14/2019 18:01:00.000000,0.183262,3.632,0.05505,7.606977,2.183721
07/14/2019 18:02:00.000000,0.169185,3.4245,0.05545,3.084615,2.115385
07/14/2019 18:03:00.000000,0.249017,6.16575,0.05345,15.138095,4.742857
07/14/2019 18:04:00.000000,0.276855,6.308,0.0545,0.004453,2.752381
07/14/2019 18:05:00.000000,0.227356,5.9525,0.055875,0.002622,2.029268
07/14/2019 18:06:00.000000,0.185926,5.49925,0.0562,2.253846,2.169231
07/14/2019 18:07:00.000000,0.139576,5.1675,0.054625,5.236364,2.620455
07/14/2019 18:08:00.000000,0.168761,5.16875,0.052825,0.006568,2.615
07/14/2019 18:09:00.000000,0.175718,4.75325,0.055625,7.159091,2.263636
07/14/2019 18:10:00.000000,0.163977,4.354,0.05705,4.504762,2.542857
07/14/2019 18:11:00.000000,0.146332,3.81725,0.05635,0.002702,2.002439
07/14/2019 18:12:00.000000,0.156845,3.714,0.054975,0.007219,2.497561
07/14/2019 18:13:00.000000,0.178267,3.7315,0.054425,6.928571,3.628571
07/14/2019 18:14:00.000000,0.173606,3.832,0.054175,0.012552,3.302439
07/14/2019 18:15:00.000000,0.205767,3.90525,0.0525,6.570732,3.882927
07/14/2019 18:16:00.000000,0.225578,3.65475,0.05215,0.01029,2.854545
07/14/2019 18:17:00.000000,0.18961,3.921,0.05315,0.0029,1.828571
07/14/2019 18:18:00.000000,0.166664,4.312,0.05325,0.009944,2.034884
07/14/2019 18:19:00.000000,0.176769,7.42975,0.052025,6.393023,3.046512
07/14/2019 18:20:00.000000,0.215157,3.15425,0.053825,0.008635,3.716279
07/14/2019 18:21:00.000000,0.169721,3.7115,0.05535,10.2,5.080488
07/14/2019 18:22:00.000000,0.17737,3.25925,0.055225,0.007844,3.290698
07/14/2019 18:23:00.000000,0.203029,3.01775,0.053875,4.131818,2.381818
07/14/2019 18:24:00.000000,0.222327,3.1825,0.0542,0.004474,2.718919
07/14/2019 18:25:00.000000,0.25207,5.1405,0.055325,0.017789,5.446341
07/14/2019 18:26:00.000000,0.244669,6.3245,0.050675,0.007669,2.471429
07/14/2019 18:27:00.000000,0.248824,5.029,0.037775,0.007474,2.5
07/14/2019 18:28:00.000000,0.34038,7.3325,0.05325,2.27619,1.828571
07/14/2019 18:29:00.000000,0.231231,4.3845,0.05335,0.020957,2.130233
07/14/2019 18:30:00.000000,0.17813,2.88875,0.0544,0.004512,2.115789
07/14/2019 18:31:00.000000,0.194317,2.25275,0.054925,0.00441,2.357143
07/14/2019 18:32:00.000000,0.170259,1.7255,0.05345,18.053846,2.146154
07/14/2019 18:33:00.000000,0.166406,3.40625,0.05395,7.353659,2.441463
07/14/2019 18:34:00.000000,0.164643,3.80675,0.054925,10.945,2.4175
07/14/2019 18:35:00.000000,0.157521,2.55,0.056725,0.007031,3.072727
07/14/2019 18:36:00.000000,0.146364,2.392,0.058275,4.966667,2.87619
07/14/2019 18:37:00.000000,0.120271,2.37875,0.058025,0.013769,1.975
07/14/2019 18:38:00.000000,0.11521,2.41875,0.0565,0.003109,1.648837
07/14/2019 18:39:00.000000,0.124172,2.51275,0.056425,2.125,2.11
07/14/2019 18:40:00.000000,0.125478,2.603,0.05635,4.953488,2.286047
07/14/2019 18:41:00.000000,0.122417,2.70125,0.05515,0.003088,2.134146
07/14/2019 18:42:00.000000,0.14672,11.2855,0.0511,15.417073,3.55122
07/14/2019 18:43:00.000000,0.223838,22.94625,0.0446,0.012643,3.540909
07/14/2019 18:44:00.000000,0.221621,19.82225,0.046975,0.00884,3.16
07/14/2019 18:45:00.000000,0.197144,4.718,0.057125,6.77,2.5225
07/14/2019 18:46:00.000000,0.192227,4.98925,0.058475,6.05,2.733333
07/14/2019 18:47:00.000000,0.220725,6.14925,0.05755,0.002897,2.053659
07/14/2019 18:48:00.000000,0.272763,6.07,0.0584,0.003415,2.604762
07/14/2019 18:49:00.000000,0.202556,5.67075,0.0594,7.192857,3.385714
07/14/2019 18:50:00.000000,0.298832,5.74275,0.056675,8.7625,5.795
07/14/2019 18:51:00.000000,0.566141,5.9075,0.05465,0.004048,3.126829
07/14/2019 18:52:00.000000,0.325896,6.1915,0.054375,0.009185,2.769231
07/14/2019 18:53:00.000000,0.20322,6.31025,0.054675,3.08,2.29
07/14/2019 18:54:00.000000,0.194145,6.2,0.05655,19.251163,2.116279
07/14/2019 18:55:00.000000,0.19997,5.927,0.05885,0.006789,1.931579
07/14/2019 18:56:00.000000,0.197201,5.887,0.0599,0.0059,2.677273
07/14/2019 18:57:00.000000,0.176773,5.95975,0.06055,6.734884,2.8
07/14/2019 18:58:00.000000,0.223651,5.64225,0.06135,6.209756,3.056098
07/14/2019 18:59:00.000000,0.217621,5.247,0.063,0.006252,2.931579
07/14/2019 19:00:00.000000,0.178895,4.75225,0.062525,2.7,2.381818
07/14/2019 19:01:00.000000,0.165974,4.38,0.06255,4.230769,2.469231
07/14/2019 19:02:00.000000,0.185842,4.573,0.0606,0.023199,2.328571
07/14/2019 19:03:00.000000,0.29485,4.9325,0.0586,0.013576,3.153659
07/14/2019 19:04:00.000000,0.232279,5.05475,0.0599,0.0058,2.7
07/14/2019 19:05:00.000000,0.248056,5.18425,0.0604,0.003115,2.342857
07/14/2019 19:06:00.000000,0.24485,5.0895,0.06365,7.080488,3.836585
07/14/2019 19:07:00.000000,0.171739,5.045,0.06405,0.007927,3.673171
07/14/2019 19:08:00.000000,0.185535,5.44525,0.061325,8.730952,3.171429
07/14/2019 19:09:00.000000,0.229863,6.00475,0.0588,0.01136,2.59
07/14/2019 19:10:00.000000,0.251695,6.04925,0.057975,0.011864,3.853846
07/14/2019 19:11:00.000000,0.269252,5.85775,0.061475,7.09,3.11
07/14/2019 19:12:00.000000,0.217746,5.70975,0.064975,0.003669,2.558537
07/14/2019 19:13:00.000000,0.205889,5.6815,0.064425,2.414286,2.414286
07/14/2019 19:14:00.000000,0.266113,5.876,0.064575,7.861905,3.6
07/14/2019 19:15:00.000000,0.250996,6.40225,0.0623,6.254054,3.297297
07/14/2019 19:16:00.000000,0.22277,6.41025,0.06005,0.008217,4.907317
07/14/2019 19:17:00.000000,0.183431,5.84,0.064175,0.005765,3.663415
07/14/2019 19:18:00.000000,0.157701,5.619,0.0633,0.01307,3.230769
07/14/2019 19:19:00.000000,0.242164,10.856,0.058075,3.95,2.7125
07/14/2019 19:20:00.000000,0.290887,9.36125,0.05715,0.00571,2.686364
07/14/2019 19:21:00.000000,0.296841,5.80275,0.0624,0.002968,2.19
07/14/2019 19:22:00.000000,0.256039,5.785,0.061975,0.008571,4.0375
07/14/2019 19:23:00.000000,0.197598,9.24875,0.0595,0.008603,3.614706
07/14/2019 19:24:00.000000,0.245592,7.422,0.05985,10.715789,3.339474
07/14/2019 19:25:00.000000,0.268898,5.84275,0.061575,0.003809,2.353488
07/14/2019 19:26:00.000000,0.35169,7.6245,0.061125,5.716279,2.769767
07/14/2019 19:27:00.000000,0.518003,8.2685,0.060625,2.87619,2.471429
07/14/2019 19:28:00.000000,0.432104,7.23175,0.057725,5.046341,2.997561
07/14/2019 19:29:00.000000,0.607364,,,,
07/14/2019 19:30:00.000000,0.608692,10.21125,0.05546,21.403846,2.496154
07/14/2019 19:31:00.000000,0.359598,8.2925,0.055333,13.676316,3.005263
07/14/2019 19:32:00.000000,0.254443,7.60725,0.05775,0.010743,3.514634
07/14/2019 19:33:00.000000,0.198056,7.76075,0.05665,0.021571,3.342857
07/14/2019 19:34:00.000000,0.197451,7.823,0.054825,0.015066,3.214286
07/14/2019 19:35:00.000000,0.29197,8.2115,0.053675,4.144186,3.027907
07/14/2019 19:36:00.000000,0.402396,8.805,0.0512,15.857143,4.457143
07/14/2019 19:37:00.000000,0.314328,9.73225,0.0482,18.345946,4.008108
07/14/2019 19:38:00.000000,0.236872,10.411,0.047975,0.020775,4.932558
07/14/2019 19:39:00.000000,0.206268,10.56125,0.0507,0.012642,4.409091
07/14/2019 19:40:00.000000,0.199997,10.5515,0.051625,11.113636,3.711364
07/14/2019 19:41:00.000000,0.194188,10.37175,0.05145,0.018358,4.114286
07/14/2019 19:42:00.000000,0.188329,10.56575,0.050875,8.789474,3.189474
07/14/2019 19:43:00.000000,0.191449,10.17225,0.050025,0.013954,3.595
07/14/2019 19:44:00.000000,0.189519,9.561,0.050175,16.57381,3.528571
07/14/2019 19:45:00.000000,0.182093,8.9725,0.04905,9.92439,3.243902
07/14/2019 19:46:00.000000,0.194772,8.51525,0.048675,0.009954,3.2
07/14/2019 19:47:00.000000,0.208687,8.332,0.050325,14.723077,4.384615
07/14/2019 19:48:00.000000,0.220702,8.29125,0.050925,4.625,3.2
07/14/2019 19:49:00.000000,0.229691,8.32375,0.05005,0.004647,3.597561
07/14/2019 19:50:00.000000,0.234214,8.15375,0.050175,10.285366,4.382927
07/14/2019 19:51:00.000000,0.232026,8.09625,0.0501,0.010653,4.5
07/14/2019 19:52:00.000000,0.288035,8.5555,0.048025,0.011491,3.771429
07/14/2019 19:53:00.000000,0.474612,8.5335,0.046675,0.023629,4.869231
07/14/2019 19:54:00.000000,0.376094,8.94125,0.046825,8.4,3.661538
07/14/2019 19:55:00.000000,0.286957,9.534,0.04615,4.297727,3.736364
07/14/2019 19:56:00.000000,0.256026,9.97575,0.04605,0.00789,4.46
07/14/2019 19:57:00.000000,0.268404,10.141,0.047725,0.004768,3.57561
07/14/2019 19:58:00.000000,0.266572,10.3955,0.047925,0.025254,4.42
07/14/2019 19:59:00.000000,0.332615,10.491,0.048075,10.536364,5.104545
07/14/2019 20:00:00.000000,0.263704,10.068,0.04985,4.08,3.5
07/14/2019 20:01:00.000000,0.204649,9.8065,0.050375,14.246341,2.868293
07/14/2019 20:02:00.000000,0.197812,9.331,0.050825,0.00771,3.226829
07/14/2019 20:03:00.000000,0.195176,9.21,0.049525,6.3,3.042857
07/14/2019 20:04:00.000000,0.225386,9.278,0.047,0.004078,2.914286
07/14/2019 20:05:00.000000,0.219182,9.3435,0.04645,8.848649,3.905405
07/14/2019 20:06:00.000000,0.209053,9.4765,0.045775,11.756098,4.1
07/14/2019 20:07:00.000000,0.229645,9.5715,0.04545,0.019848,4.35814
07/14/2019 20:08:00.000000,0.254732,9.46525,0.046675,0.004726,2.771429
07/14/2019 20:09:00.000000,0.219023,9.1935,0.04705,0.009621,2.67
07/14/2019 20:10:00.000000,0.182206,7.4515,0.046825,11.841463,3.031707
07/14/2019 20:11:00.000000,0.167346,7.10675,0.0453,0.009133,3.769767
07/14/2019 20:12:00.000000,0.168558,7.70475,0.043925,0.011597,3.561538
07/14/2019 20:13:00.000000,0.178787,6.163333,0.044275,10.560465,4.446512
07/14/2019 20:14:00.000000,0.172638,5.12075,0.045175,9.504878,5.026829
07/14/2019 20:15:00.000000,0.167841,5.216,0.04465,0.004733,2.994737
07/14/2019 20:16:00.000000,0.169756,5.398,0.0443,0.007658,4.392683
07/14/2019 20:17:00.000000,0.159138,5.6775,0.043625,0.005027,2.985714
07/14/2019 20:18:00.000000,0.159374,5.78325,0.043575,6.681818,3.477273
07/14/2019 20:19:00.000000,0.155063,5.94575,0.043075,2.897561,2.490244
07/14/2019 20:20:00.000000,0.157113,6.077,0.04335,5.663636,3.225
07/14/2019 20:21:00.000000,0.156504,6.1375,0.044225,3.557143,2.65
07/14/2019 20:22:00.000000,0.152587,6.173,0.04445,0.0049,2.414286
07/14/2019 20:23:00.000000,0.150036,6.23025,0.043175,4.0,2.790625
07/14/2019 20:24:00.000000,0.158242,6.20675,0.043375,4.2625,2.6375
07/14/2019 20:25:00.000000,0.15341,6.08775,0.04385,2.72439,2.434146
07/14/2019 20:26:00.000000,0.157079,6.1995,0.043075,0.002938,2.234286
07/14/2019 20:27:00.000000,0.155956,6.2175,0.043575,4.407317,2.712195
07/14/2019 20:28:00.000000,0.153563,6.204,0.044,2.309756,2.031707
07/14/2019 20:29:00.000000,0.144262,,,,
07/14/2019 20:30:00.000000,0.152676,6.54675,0.042975,3.89,2.706667
07/14/2019 20:31:00.000000,0.157041,5.9885,0.0433,0.003214,2.44186
07/14/2019 20:32:00.000000,0.147888,6.5945,0.04385,0.002705,2.14
07/14/2019 20:33:00.000000,0.157183,7.2625,0.04395,0.006881,2.957143
07/14/2019 20:34:00.000000,0.170107,7.056,0.044825,5.168182,3.445455
07/14/2019 20:35:00.000000,0.153776,6.8775,0.044625,5.1,3.75
07/14/2019 20:36:00.000000,0.153998,6.71575,0.043625,16.353846,2.869231
07/14/2019 20:37:00.000000,0.158531,6.58125,0.043325,0.006618,2.44186
07/14/2019 20:38:00.000000,0.165268,6.40925,0.042925,0.007074,2.655
07/14/2019 20:39:00.000000,0.167472,6.233,0.0425,5.089744,3.461538
07/14/2019 20:40:00.000000,0.155443,6.0055,0.0433,0.003097,2.304545
07/14/2019 20:41:00.000000,0.155468,5.70975,0.04315,0.002917,2.27
07/14/2019 20:42:00.000000,0.140665,8.108,0.041025,4.614286,2.814286
07/14/2019 20:43:00.000000,0.140433,5.47625,0.040875,0.007647,2.305
07/14/2019 20:44:00.000000,0.135488,4.82775,0.04175,2.671429,2.028571
07/14/2019 20:45:00.000000,0.138462,4.8485,0.041775,2.014286,2.0
07/14/2019 20:46:00.000000,0.14253,4.605,0.042675,0.002429,1.914634
07/14/2019 20:47:00.000000,0.140155,4.4845,0.0425,2.076744,2.067442
07/14/2019 20:48:00.000000,0.153225,4.456,0.041425,0.002323,1.840909
07/14/2019 20:49:00.000000,0.168014,4.742,0.039475,0.003108,2.383333
07/14/2019 20:50:00.000000,0.168308,4.9355,0.03875,0.002718,2.155814
07/14/2019 20:51:00.000000,0.16817,4.89425,0.0404,2.011905,2.014286
07/14/2019 20:52:00.000000,0.153894,4.747,0.042,0.004885,2.507692
07/14/2019 20:53:00.000000,0.143916,4.59525,0.042675,7.6,3.880488
07/14/2019 20:54:00.000000,0.155157,4.4985,0.04295,0.007402,2.825
07/14/2019 20:55:00.000000,0.169495,4.43575,0.0426,2.418605,1.997674
07/14/2019 20:56:00.000000,0.155168,4.2905,0.042425,0.004651,2.763636
07/14/2019 20:57:00.000000,0.148083,3.77925,0.04225,5.336585,2.473171
07/14/2019 20:58:00.000000,0.140051,3.46675,0.042425,3.252174,2.4
07/14/2019 20:59:00.000000,0.145483,3.39225,0.04265,0.005908,2.657143
07/14/2019 21:00:00.000000,0.143395,3.46425,0.041775,0.002726,2.02
07/14/2019 21:01:00.000000,0.146074,3.60425,0.041125,1.551282,1.561538
07/14/2019 21:02:00.000000,0.140587,3.8215,0.041475,1.7625,1.7625
07/14/2019 21:03:00.000000,0.135659,3.97425,0.04205,3.209524,2.228571
07/14/2019 21:04:00.000000,0.148975,4.23475,0.041925,0.015252,3.146154
07/14/2019 21:05:00.000000,0.186724,4.54775,0.04065,5.505128,3.130769
07/14/2019 21:06:00.000000,0.170568,4.7995,0.0405,0.006003,2.768293
07/14/2019 21:07:00.000000,0.147283,5.04375,0.041,6.790244,4.309756
07/14/2019 21:08:00.000000,0.146788,8.27825,0.03995,0.00333,2.225
07/14/2019 21:09:00.000000,0.191646,,,,
07/14/2019 21:10:00.000000,0.241192,7.6765,0.038675,8.157143,2.928571
07/14/2019 21:11:00.000000,0.20303,9.10275,0.03895,5.941463,2.829268
07/14/2019 21:12:00.000000,0.20978,12.7415,0.037525,5.230769,3.476923
07/14/2019 21:13:00.000000,0.204002,8.4875,0.037225,0.009588,3.083721
07/14/2019 21:14:00.000000,0.200947,9.03675,0.0372,0.00403,2.311628
07/14/2019 21:15:00.000000,0.188812,9.3105,0.037325,0.008421,2.547368
07/14/2019 21:16:00.000000,0.181723,9.3155,0.037125,6.99,3.195
07/14/2019 21:17:00.000000,0.178997,9.2505,0.038,0.008252,2.955814
07/14/2019 21:18:00.000000,0.191417,9.14475,0.03925,18.948837,4.706977
07/14/2019 21:19:00.000000,0.229814,9.0485,0.039275,0.01084,3.13
07/14/2019 21:20:00.000000,0.225079,8.75475,0.039525,3.397436,2.884615
07/14/2019 21:21:00.000000,0.197513,8.5105,0.03855,3.176744,2.813953
07/14/2019 21:22:00.000000,0.194478,8.6085,0.035625,0.002797,2.133333
07/14/2019 21:23:00.000000,0.208492,8.61975,0.0354,0.004131,2.690909
07/14/2019 21:24:00.000000,0.202244,8.537,0.036375,0.006674,3.228571
07/14/2019 21:25:00.000000,0.168509,8.27,0.03935,0.004064,2.315789
07/14/2019 21:26:00.000000,0.148731,7.99275,0.040225,0.00644,2.456098
07/14/2019 21:27:00.000000,0.149405,7.71425,0.03975,0.004995,3.363636
07/14/2019 21:28:00.000000,0.152925,7.49825,0.040375,2.057143,2.042857
07/14/2019 21:29:00.000000,0.149737,7.13775,0.041625,2.473684,2.136842
07/14/2019 21:30:00.000000,0.140228,6.61425,0.04155,0.002772,2.114634
07/14/2019 21:31:00.000000,0.15064,6.0945,0.04095,2.1,2.015
07/14/2019 21:32:00.000000,0.145988,5.75675,0.040275,3.039024,2.426829
07/14/2019 21:33:00.000000,0.151055,5.7135,0.0396,2.146341,2.073171
07/14/2019 21:34:00.000000,0.15679,5.55775,0.040325,4.995238,3.028571
07/14/2019 21:35:00.000000,0.166955,5.42775,0.0403,6.153488,3.367442
07/14/2019 21:36:00.000000,0.170011,5.4255,0.038675,5.1625,3.57
07/14/2019 21:37:00.000000,0.174637,5.9965,0.037125,0.006877,3.016667
07/14/2019 21:38:00.000000,0.165562,7.74775,0.03875,0.003385,2.22
07/14/2019 21:39:00.000000,0.163224,5.3415,0.03925,0.002772,2.186047
07/14/2019 21:40:00.000000,0.305811,5.29775,0.03865,0.002581,2.031579
07/14/2019 21:41:00.000000,0.333867,5.609,0.038775,4.8,3.105
07/14/2019 21:42:00.000000,0.279526,5.73525,0.03835,2.733333,2.442857
07/14/2019 21:43:00.000000,0.241492,5.85625,0.03825,0.007067,2.64
07/14/2019 21:44:00.000000,0.209646,5.87725,0.0384,12.521951,3.126829
07/14/2019 21:45:00.000000,0.176174,5.78875,0.03885,0.007702,3.116667
07/14/2019 21:46:00.000000,0.157588,5.599,0.0396,0.002983,2.08
07/14/2019 21:47:00.000000,0.145068,5.47675,0.0392,2.241463,2.241463
07/14/2019 21:48:00.000000,0.168339,5.3665,0.039725,13.840476,2.3
07/14/2019 21:49:00.000000,0.158385,5.15975,0.040433,0.008125,3.153659
07/14/2019 21:50:00.000000,0.142846,4.94325,0.039775,3.1125,2.875
07/14/2019 21:51:00.000000,0.156971,4.8485,0.038675,4.607317,2.629268
07/14/2019 21:52:00.000000,0.186659,4.74575,0.038725,5.582927,2.682927
07/14/2019 21:53:00.000000,0.163769,4.763,0.038725,0.007351,3.704651
07/14/2019 21:54:00.000000,0.153427,4.90125,0.0389,13.263415,2.821951
07/14/2019 21:55:00.000000,0.154469,4.898,0.0397,0.005473,2.263636
07/14/2019 21:56:00.000000,0.153623,4.9415,0.039825,3.071795,2.984615
07/14/2019 21:57:00.000000,0.210394,5.1485,0.038925,17.375,3.45
07/14/2019 21:58:00.000000,0.244115,5.103,0.0393,6.547368,3.163158
07/14/2019 21:59:00.000000,0.184391,4.88575,0.04095,2.955556,2.7
07/14/2019 22:00:00.000000,0.159635,4.87725,0.04035,2.246512,2.255814
07/14/2019 22:01:00.000000,0.164706,5.17975,0.0405,2.285,2.285
07/14/2019 22:02:00.000000,0.062808,5.441,0.04055,0.005367,2.875556
07/14/2019 22:03:00.000000,0.009292,5.47475,0.040825,0.016481,2.916216
07/14/2019 22:04:00.000000,0.001044,5.37,0.042025,3.929268,2.217073
07/14/2019 22:05:00.000000,-9999.0,5.10425,0.04255,0.00303,2.356098
07/14/2019 22:06:00.000000,-9999.0,5.18825,0.041925,7.053659,2.997561
07/14/2019 22:07:00.000000,-9999.0,5.447,0.04045,0.004215,2.927907
07/14/2019 22:08:00.000000,-9999.0,5.68525,0.040375,0.003588,2.727907
07/14/2019 22:09:00.000000,-9999.0,,,,
07/14/2019 22:10:00.000000,-9999.0,5.33425,0.0402,7.080488,2.592683
07/14/2019 22:11:00.000000,-9999.0,5.674,0.039425,0.010628,2.990909
07/14/2019 22:12:00.000000,0.138048,6.04375,0.039975,0.019093,3.444186
07/14/2019 22:13:00.000000,0.295759,6.55925,0.040075,7.68,4.18
07/14/2019 22:14:00.000000,0.39873,6.96575,0.03965,4.709302,3.095349
07/14/2019 22:15:00.000000,0.353238,7.006,0.041075,12.578049,3.668293
07/14/2019 22:16:00.000000,0.242521,6.98675,0.043325,6.7875,3.46
07/14/2019 22:17:00.000000,0.232885,7.3735,0.042625,12.667391,4.226087
07/14/2019 22:18:00.000000,0.240237,7.3265,0.0429,6.453846,3.976923
07/14/2019 22:19:00.000000,0.216473,7.03175,0.0446,0.011624,3.814634
07/14/2019 22:20:00.000000,0.198671,6.85375,0.04535,0.023516,9.286486
07/14/2019 22:21:00.000000,0.204881,6.54125,0.045575,0.013477,4.245
07/14/2019 22:22:00.000000,0.202323,8.32675,0.043375,0.006703,2.869767
07/14/2019 22:23:00.000000,0.202143,5.54825,0.04335,6.2875,3.395
07/14/2019 22:24:00.000000,0.191386,5.433,0.04595,3.448718,2.992308
07/14/2019 22:25:00.000000,0.191903,5.562,0.046625,6.0,2.9
07/14/2019 22:26:00.000000,0.200366,5.58725,0.047,10.716279,2.986047
07/14/2019 22:27:00.000000,0.215842,5.611,0.046075,4.059091,2.913636
07/14/2019 22:28:00.000000,0.247733,5.98675,0.044025,0.011167,3.07
07/14/2019 22:29:00.000000,0.258001,7.41175,0.040725,7.74878,3.1
07/14/2019 22:30:00.000000,0.366903,12.6105,0.03905,4.9625,3.355
07/14/2019 22:31:00.000000,0.53495,10.99275,0.0405,0.008817,4.59
07/14/2019 22:32:00.000000,0.377855,13.07475,0.034275,8.473171,4.360976
07/14/2019 22:33:00.000000,0.391626,12.52125,0.03835,0.020831,3.11
07/14/2019 22:34:00.000000,0.38498,6.309,0.04105,4.95,2.4
07/14/2019 22:35:00.000000,0.25751,5.887,0.0426,0.008453,2.725
07/14/2019 22:36:00.000000,0.219683,5.78675,0.04265,0.01092,2.458537
07/14/2019 22:37:00.000000,0.34939,6.02,0.04076,0.00369,1.819512
07/14/2019 22:38:00.000000,0.411772,6.008,0.0415,4.5875,2.465
07/14/2019 22:39:00.000000,0.269037,5.805,0.0434,0.002896,1.838462
07/14/2019 22:40:00.000000,0.198462,5.62275,0.043875,0.006801,2.646512
07/14/2019 22:41:00.000000,0.172539,5.5065,0.043025,6.875,2.8
07/14/2019 22:42:00.000000,0.217275,5.31475,0.043675,5.075,3.48
07/14/2019 22:43:00.000000,0.211662,5.25625,0.0435,0.007251,3.168182
07/14/2019 22:44:00.000000,0.203838,5.31925,0.042575,0.006715,2.848837
07/14/2019 22:45:00.000000,0.238808,5.2235,0.041775,0.00313,2.035
07/14/2019 22:46:00.000000,0.241293,5.3695,0.03965,0.003407,2.665
07/14/2019 22:47:00.000000,0.262681,6.687,0.0391,0.004671,2.715
07/14/2019 22:48:00.000000,0.242142,7.09,0.0409,0.00285,2.033333
07/14/2019 22:49:00.000000,0.228624,7.915,0.0404,0.006192,2.835
07/14/2019 22:50:00.000000,0.230627,7.55,0.040525,0.010263,4.84186
07/14/2019 22:51:00.000000,0.230401,7.3625,0.041775,5.945238,4.342857
07/14/2019 22:52:00.000000,0.242727,9.4705,0.04055,0.003771,2.657143
07/14/2019 22:53:00.000000,0.286318,6.85275,0.040125,0.002978,2.315
07/14/2019 22:54:00.000000,0.25548,5.97875,0.04185,0.003493,2.616279
07/14/2019 22:55:00.000000,0.232694,5.553,0.0424,8.114286,4.071429
07/14/2019 22:56:00.000000,0.255391,5.5165,0.04365,0.005459,3.014286
07/14/2019 22:57:00.000000,0.245818,5.51325,0.044725,0.012476,2.542857
07/14/2019 22:58:00.000000,0.248463,9.433,0.040975,0.01498,3.992683
07/14/2019 22:59:00.000000,0.36653,10.15225,0.036925,0.007982,3.025
07/14/2019 23:00:00.000000,0.396269,5.8615,0.041825,6.363158,4.736842
07/14/2019 23:01:00.000000,0.268334,5.348,0.045725,5.481395,3.034884
07/14/2019 23:02:00.000000,0.245565,5.686,0.045025,9.865854,4.663415
07/14/2019 23:03:00.000000,0.331524,11.15,0.039025,0.013465,3.4
07/14/2019 23:04:00.000000,0.346772,8.0195,0.039725,0.015496,2.671429
07/14/2019 23:05:00.000000,0.259839,7.45,0.043375,0.008207,2.768421
07/14/2019 23:06:00.000000,0.244811,8.3175,0.042575,5.2,3.25
07/14/2019 23:07:00.000000,0.273311,8.523667,0.0405,0.00373,2.794737
07/14/2019 23:08:00.000000,0.422875,12.09075,0.0378,0.00731,3.644444
07/14/2019 23:09:00.000000,0.516017,14.05275,0.037625,4.26,3.408571
07/14/2019 23:10:00.000000,0.449822,8.0795,0.041875,0.009383,3.487805
07/14/2019 23:11:00.000000,0.451366,9.7115,0.04305,5.793023,3.586047
07/14/2019 23:12:00.000000,0.500202,9.5495,0.041225,8.186667,4.528889
07/14/2019 23:13:00.000000,0.430063,9.61925,0.041075,12.526829,4.358537
07/14/2019 23:14:00.000000,0.350981,9.48275,0.0434,9.221622,4.467568
07/14/2019 23:15:00.000000,0.266066,9.36675,0.0445,0.012087,3.646341
07/14/2019 23:16:00.000000,0.25264,9.52175,0.042225,6.274359,3.076923
07/14/2019 23:17:00.000000,0.282523,9.38975,0.043425,5.715789,3.084211
07/14/2019 23:18:00.000000,0.247758,8.89675,0.046725,0.011085,3.1
07/14/2019 23:19:00.000000,0.222847,8.4515,0.046725,9.15814,3.186047
07/14/2019 23:20:00.000000,0.251754,8.071,0.04605,3.580488,2.858537
07/14/2019 23:21:00.000000,0.270849,7.6445,0.0466,0.003114,2.316129
07/14/2019 23:22:00.000000,0.22983,7.3405,0.046825,0.007961,3.458621
07/14/2019 23:23:00.000000,0.231883,7.18325,0.0464,4.645946,3.583784
07/14/2019 23:24:00.000000,0.265324,6.96225,0.0442,6.311111,3.093333
07/14/2019 23:25:00.000000,0.249248,6.873,0.045225,0.00413,2.83
07/14/2019 23:26:00.000000,0.24062,6.94875,0.0476,0.003724,2.8
07/14/2019 23:27:00.000000,0.249011,7.03275,0.04785,0.003143,2.315625
07/14/2019 23:28:00.000000,0.24917,7.19625,0.04635,0.018231,2.982927
07/14/2019 23:29:00.000000,0.264879,,,,
07/14/2019 23:30:00.000000,0.245451,8.55875,0.042,0.003527,2.59
07/14/2019 23:31:00.000000,0.241895,8.94675,0.043875,6.138462,3.346154
07/14/2019 23:32:00.000000,0.239698,9.1325,0.044475,0.009191,3.24186
07/14/2019 23:33:00.000000,0.240313,9.76525,0.04275,5.065854,3.882927
07/14/2019 23:34:00.000000,0.241475,10.0685,0.0455,5.14186,3.483721
07/14/2019 23:35:00.000000,0.228662,10.23725,0.0475,0.003965,2.971429
07/14/2019 23:36:00.000000,0.212647,10.00575,0.0497,0.01276,4.159375
07/14/2019 23:37:00.000000,0.223786,9.30125,0.048825,4.671429,3.428571
07/14/2019 23:38:00.000000,0.386075,8.6975,0.05095,0.006468,3.3
07/14/2019 23:39:00.000000,0.362472,8.26575,0.055775,5.714286,3.466667
07/14/2019 23:40:00.000000,0.252643,7.76425,0.05565,9.3,3.158537
07/14/2019 23:41:00.000000,0.206105,7.02575,0.055525,3.841463,3.012195
07/14/2019 23:42:00.000000,0.209605,6.7535,0.0562,0.007365,3.583333
07/14/2019 23:43:00.000000,0.204206,6.472,0.0576,0.006393,3.2
07/14/2019 23:44:00.000000,0.187399,6.196,0.058575,4.385714,3.014286
07/14/2019 23:45:00.000000,0.177567,6.2815,0.058025,4.895,2.9175
07/14/2019 23:46:00.000000,0.173363,6.3985,0.056875,0.006279,3.506667
07/14/2019 23:47:00.000000,0.175845,6.43875,0.056525,6.09,4.875
07/14/2019 23:48:00.000000,0.189253,6.395,0.056225,0.027641,3.917778
07/14/2019 23:49:00.000000,0.215129,,,,
07/14/2019 23:50:00.000000,0.199285,6.6215,0.05365,22.125,3.38
07/14/2019 23:51:00.000000,0.199375,6.913,0.05395,10.688636,4.172727
07/14/2019 23:52:00.000000,0.204527,7.118,0.056175,0.010873,3.617073
07/14/2019 23:53:00.000000,0.202548,7.1065,0.0554,3.609302,2.897674
07/14/2019 23:54:00.000000,0.287186,12.84325,0.051025,0.008059,3.4
07/14/2019 23:55:00.000000,0.874089,11.2655,0.050375,0.007142,3.5
07/14/2019 23:56:00.000000,0.797633,9.7545,0.0535,0.004435,3.075
07/14/2019 23:57:00.000000,0.3218,18.7635,0.051725,7.475,4.275
07/14/2019 23:58:00.000000,0.259754,16.9735,0.0499,0.007803,4.585714
07/14/2019 23:59:00.000000,0.243375,13.68825,0.050225,5.273171,3.831707
07/15/2019 00:00:00.000000,0.248979,16.9315,0.049125,0.009104,3.443902
07/15/2019 00:01:00.000000,0.316483,16.2665,0.0468,0.01066,4.791304
07/15/2019 00:02:00.000000,0.292855,15.78775,0.04745,0.008412,4.915789
07/15/2019 00:03:00.000000,0.295129,15.297,0.05155,0.006225,3.965
07/15/2019 00:04:00.000000,0.317185,14.2395,0.056425,0.012436,4.057143
07/15/2019 00:05:00.000000,0.271014,13.17425,0.05745,0.004951,3.414286
07/15/2019 00:06:00.000000,0.222663,12.08625,0.0569,3.121277,3.125532
07/15/2019 00:07:00.000000,0.23514,11.0545,0.05715,0.00396,3.1
07/15/2019 00:08:00.000000,0.249588,10.093,0.056575,0.010284,5.585714
07/15/2019 00:09:00.000000,0.245445,,,,
07/15/2019 00:10:00.000000,0.229882,8.34025,0.056175,0.020367,4.914286
07/15/2019 00:11:00.000000,0.285653,7.829,0.056175,12.444737,3.989474
07/15/2019 00:12:00.000000,0.338272,7.82325,0.056375,7.545455,5.7
07/15/2019 00:13:00.000000,0.266324,9.65425,0.054225,0.004141,3.376923
07/15/2019 00:14:00.000000,0.278772,12.46425,0.052425,0.015885,6.513953
07/15/2019 00:15:00.000000,0.337703,9.6945,0.054375,4.351163,3.583721
07/15/2019 00:16:00.000000,0.34769,7.90675,0.0547,5.460976,3.753659
07/15/2019 00:17:00.000000,0.321813,9.23375,0.053275,0.004727,3.473171
07/15/2019 00:18:00.000000,0.326509,9.2925,0.051725,6.231707,3.741463
07/15/2019 00:19:00.000000,0.28131,9.152,0.052775,0.013111,5.514286
07/15/2019 00:20:00.000000,0.239428,8.947,0.05205,0.011186,3.726829
07/15/2019 00:21:00.000000,0.244849,8.7635,0.051175,4.142857,3.3
07/15/2019 00:22:00.000000,0.271011,8.679,0.050325,7.461538,5.753846
07/15/2019 00:23:00.000000,0.254636,8.51125,0.05065,0.019586,4.834146
07/15/2019 00:24:00.000000,0.238477,8.211,0.050875,0.004625,2.815
07/15/2019 00:25:00.000000,0.278055,8.25675,0.048575,7.14,4.82
07/15/2019 00:26:00.000000,0.307843,8.27525,0.048725,4.590323,3.545161
07/15/2019 00:27:00.000000,0.266567,8.08875,0.0506,8.373684,4.257895
07/15/2019 00:28:00.000000,0.22345,7.91925,0.050825,0.006924,4.053333
07/15/2019 00:29:00.000000,0.213462,7.83025,0.049425,8.585,3.83
07/15/2019 00:30:00.000000,0.226324,7.60925,0.049475,6.809756,3.970732
07/15/2019 00:31:00.000000,0.246082,7.555,0.047725,15.571429,4.333333
07/15/2019 00:32:00.000000,0.254462,7.649,0.04715,9.4875,4.4
07/15/2019 00:33:00.000000,0.302003,7.211,0.04915,0.013026,3.628571
07/15/2019 00:34:00.000000,0.380207,6.91475,0.049675,5.555,3.585
07/15/2019 00:35:00.000000,0.273328,7.14375,0.048475,0.008199,3.431111
07/15/2019 00:36:00.000000,0.240099,7.1805,0.04785,5.030769,3.4
07/15/2019 00:37:00.000000,0.227353,7.223,0.04725,13.385,3.57
07/15/2019 00:38:00.000000,0.240017,7.39975,0.046725,0.010914,4.2
07/15/2019 00:39:00.000000,0.236898,7.47075,0.04685,0.004815,3.538462
07/15/2019 00:40:00.000000,0.231836,7.57475,0.045725,6.914286,3.057143
07/15/2019 00:41:00.000000,0.218136,7.66575,0.0469,0.003825,2.657143
07/15/2019 00:42:00.000000,0.213944,7.5475,0.049275,0.003305,2.6
07/15/2019 00:43:00.000000,0.204236,7.0545,0.048975,2.771429,2.771429
07/15/2019 00:44:00.000000,0.216857,6.954,0.049,0.007055,2.967442
07/15/2019 00:45:00.000000,0.205745,6.555,0.050475,3.4,3.0
07/15/2019 00:46:00.000000,0.182447,6.1425,0.050525,0.007076,3.171429
07/15/2019 00:47:00.000000,0.179479,5.742,0.05025,3.4,3.033333
07/15/2019 00:48:00.000000,0.188528,5.30275,0.050475,0.013135,4.02
07/15/2019 00:49:00.000000,0.188618,,,,
07/15/2019 00:50:00.000000,0.182695,4.9325,0.05125,15.3,3.852632
07/15/2019 00:51:00.000000,0.197705,7.39625,0.05025,0.010296,3.317647
07/15/2019 00:52:00.000000,0.249157,6.18575,0.04905,3.9,3.55
07/15/2019 00:53:00.000000,0.22073,9.616,0.046725,5.74878,4.263415
07/15/2019 00:54:00.000000,0.226382,9.3305,0.045925,0.005068,3.876923
07/15/2019 00:55:00.000000,0.28534,13.3265,0.044775,0.008908,3.8
07/15/2019 00:56:00.000000,0.500271,7.69,0.045775,0.006592,3.542857
07/15/2019 00:57:00.000000,0.432698,8.58725,0.0462,0.00821,3.928571
07/15/2019 00:58:00.000000,0.417647,9.60925,0.04495,0.013965,4.25814
07/15/2019 00:59:00.000000,0.334342,9.36675,0.04605,3.954545,3.177273
07/15/2019 01:00:00.000000,0.227738,9.09625,0.046225,6.527907,4.118605
07/15/2019 01:01:00.000000,0.205047,9.3115,0.04255,23.011111,6.466667
07/15/2019 01:02:00.000000,0.214072,9.45325,0.042275,7.18,3.995
07/15/2019 01:03:00.000000,0.217303,9.299,0.045075,0.007913,3.48125
07/15/2019 01:04:00.000000,0.214998,9.11725,0.047025,0.006919,3.79
07/15/2019 01:05:00.000000,0.232343,8.95,0.046975,0.008358,3.969231
07/15/2019 01:06:00.000000,0.242013,8.3165,0.0468,0.004528,3.018919
07/15/2019 01:07:00.000000,0.20354,9.07425,0.04655,3.339024,3.326829
07/15/2019 01:08:00.000000,0.21257,8.22575,0.04715,6.643902,3.570732
07/15/2019 01:09:00.000000,0.211832,6.47925,0.0473,0.004137,2.968293
07/15/2019 01:10:00.000000,0.20374,6.35575,0.04855,0.010135,2.986667
07/15/2019 01:11:00.000000,0.211959,6.14175,0.0506,18.690476,5.314286
07/15/2019 01:12:00.000000,0.190179,5.875,0.050825,0.00803,3.72
07/15/2019 01:13:00.000000,0.188069,5.599,0.051475,0.018301,3.841463
07/15/2019 01:14:00.000000,0.20468,5.579,0.050025,5.069767,3.211628
07/15/2019 01:15:00.000000,0.243961,5.62825,0.048025,7.194737,4.026316
07/15/2019 01:16:00.000000,0.273091,5.59625,0.048425,0.024186,4.2
07/15/2019 01:17:00.000000,0.388754,5.598,0.048925,0.006424,3.773171
07/15/2019 01:18:00.000000,0.380934,5.8105,0.04885,0.004691,3.7
07/15/2019 01:19:00.000000,0.298291,6.07225,0.048225,0.007016,4.214286
07/15/2019 01:20:00.000000,0.22135,6.30275,0.04845,0.005245,4.025
07/15/2019 01:21:00.000000,0.198425,6.491,0.0495,0.014457,5.365854
07/15/2019 01:22:00.000000,0.186751,6.37875,0.0492,0.009603,4.571429
07/15/2019 01:23:00.000000,0.181394,6.23125,0.04925,5.792308,4.487179
07/15/2019 01:24:00.000000,0.181668,6.183,0.048675,7.914286,3.814286
07/15/2019 01:25:00.000000,0.20821,6.0995,0.04805,5.976744,3.616279
07/15/2019 01:26:00.000000,0.258049,5.93,0.048675,3.885714,3.514286
07/15/2019 01:27:00.000000,0.273715,5.81275,0.048525,0.027659,6.242857
07/15/2019 01:28:00.000000,0.232467,5.74325,0.04875,0.012347,5.373171
07/15/2019 01:29:00.000000,0.198811,5.6915,0.04975,0.00543,4.067442
07/15/2019 01:30:00.000000,0.182646,5.62825,0.049633,0.006921,4.442857
07/15/2019 01:31:00.000000,0.183262,5.6915,0.048525,10.785,4.925
07/15/2019 01:32:00.000000,0.189325,6.0285,0.047425,0.009488,5.090244
07/15/2019 01:33:00.000000,0.205431,6.34775,0.04585,0.004818,3.74
07/15/2019 01:34:00.000000,0.229338,6.687667,0.04735,0.011176,3.692
07/15/2019 01:35:00.000000,0.20601,9.2425,0.04635,4.709756,3.614634
07/15/2019 01:36:00.000000,0.253494,10.3035,0.0438,0.013275,3.86
07/15/2019 01:37:00.000000,0.39082,10.029,0.0444,0.006047,4.073333
07/15/2019 01:38:00.000000,0.344549,9.8655,0.045425,0.011123,4.35
07/15/2019 01:39:00.000000,0.253637,9.53875,0.044825,6.446512,3.711628
07/15/2019 01:40:00.000000,0.217675,8.94825,0.048125,3.957447,3.6
07/15/2019 01:41:00.000000,0.183193,8.4275,0.049025,3.942857,3.857143
07/15/2019 01:42:00.000000,0.224636,8.16675,0.04795,0.009476,4.236364
07/15/2019 01:43:00.000000,0.296601,8.1005,0.04665,0.011619,4.215385
07/15/2019 01:44:00.000000,0.290388,7.66825,0.0464,0.007714,4.37
07/15/2019 01:45:00.000000,0.257213,7.2155,0.04935,0.005133,3.885714
07/15/2019 01:46:00.000000,0.20775,6.6585,0.05025,0.010613,4.65
07/15/2019 01:47:00.000000,0.19323,6.31875,0.04976,6.582143,4.221429
07/15/2019 01:48:00.000000,0.233146,6.23475,0.049125,0.010592,4.393939
07/15/2019 01:49:00.000000,0.273315,6.0505,0.048867,0.009412,4.570732
07/15/2019 01:50:00.000000,0.2278,5.69325,0.048975,7.973684,5.105263
07/15/2019 01:51:00.000000,0.211328,5.25625,0.04858,0.007493,4.036364
07/15/2019 01:52:00.000000,0.227961,5.07375,0.047933,0.007736,5.1
07/15/2019 01:53:00.000000,0.23211,1.301,0.0469,3.65,3.43
07/15/2019 01:54:00.000000,0.240656,4.33875,0.046525,0.003699,2.935
07/15/2019 01:55:00.000000,0.246061,10.02075,0.044025,8.7,4.217647
07/15/2019 01:56:00.000000,0.274945,8.659,0.04182,0.013578,5.083333
07/15/2019 01:57:00.000000,0.431182,8.53275,0.044467,11.530556,4.35
07/15/2019 01:58:00.000000,0.569046,12.6005,0.039375,0.004926,3.346341
07/15/2019 01:59:00.000000,0.374446,15.825,0.037025,0.005663,4.228571
07/15/2019 02:00:00.000000,0.305174,13.50075,0.040275,5.15,4.478571
07/15/2019 02:01:00.000000,0.265648,16.11375,0.04276,0.005368,3.822581
07/15/2019 02:02:00.000000,0.258621,8.59675,0.043033,0.004231,3.375
07/15/2019 02:03:00.000000,0.246975,8.0365,0.045175,0.004168,3.3
07/15/2019 02:04:00.000000,0.229988,7.504,0.0456,0.004052,3.22069
07/15/2019 02:05:00.000000,0.219135,8.27325,0.04528,0.008494,4.55625
07/15/2019 02:06:00.000000,0.211713,7.90725,0.045867,6.0625,4.345
07/15/2019 02:07:00.000000,0.207563,7.68975,0.0476,0.004895,3.794737
07/15/2019 02:08:00.000000,0.196632,7.514,0.04725,0.006947,3.894118
07/15/2019 02:09:00.000000,0.231988,7.37425,0.047,0.004231,3.214286
07/15/2019 02:10:00.000000,0.226055,7.35525,0.046425,3.272973,3.267568
07/15/2019 02:11:00.000000,0.204934,7.31375,0.046,0.008452,3.728571
07/15/2019 02:12:00.000000,0.205754,7.077,0.047275,0.007337,3.885366
07/15/2019 02:13:00.000000,0.213959,7.1225,0.046575,5.955,4.665
07/15/2019 02:14:00.000000,0.268385,7.98275,0.0423,0.010126,3.95
07/15/2019 02:15:00.000000,0.293404,8.40175,0.042625,0.0092,4.302326
07/15/2019 02:16:00.000000,0.231055,8.732,0.044025,3.8,3.469231
07/15/2019 02:17:00.000000,0.235783,9.075,0.04365,0.00902,4.842857
07/15/2019 02:18:00.000000,0.26189,9.08125,0.043925,0.009346,5.1
07/15/2019 02:19:00.000000,0.253447,8.95275,0.04615,5.197619,3.9
07/15/2019 02:20:00.000000,0.224433,9.111,0.0471,11.905405,3.527027
07/15/2019 02:21:00.000000,0.210693,9.218,0.04445,10.557895,3.836842
07/15/2019 02:22:00.000000,0.235512,8.77875,0.0441,0.011133,4.188889
07/15/2019 02:23:00.000000,0.250488,8.893,0.045533,0.008862,3.947727
07/15/2019 02:24:00.000000,0.272358,10.903,0.04345,0.006045,3.732558
07/15/2019 02:25:00.000000,0.298615,8.3115,0.0438,4.8625,3.87
07/15/2019 02:26:00.000000,0.29575,7.68825,0.045825,0.01046,4.821622
07/15/2019 02:27:00.000000,0.242496,7.8215,0.04565,3.072727,2.963636
07/15/2019 02:28:00.000000,0.250858,7.83425,0.0456,0.010481,3.326829
07/15/2019 02:29:00.000000,0.247536,7.8495,0.04555,9.571429,3.228571
07/15/2019 02:30:00.000000,0.225317,7.9625,0.0446,4.042857,3.028571
07/15/2019 02:31:00.000000,0.227033,7.84825,0.044675,0.008189,4.02
07/15/2019 02:32:00.000000,0.221289,7.76425,0.0462,6.466667,3.95
07/15/2019 02:33:00.000000,0.221754,7.8485,0.045175,4.771429,3.728571
07/15/2019 02:34:00.000000,0.221628,7.942,0.044375,11.383721,7.313953
07/15/2019 02:35:00.000000,0.221757,7.887,0.044575,0.00732,4.4
07/15/2019 02:36:00.000000,0.219478,7.78325,0.044175,0.006898,3.714634
07/15/2019 02:37:00.000000,0.209536,7.73025,0.0432,3.121429,2.928571
07/15/2019 02:38:00.000000,0.20137,7.50025,0.043075,0.005145,3.312195
07/15/2019 02:39:00.000000,0.203234,7.391,0.04405,0.008872,2.897674
07/15/2019 02:40:00.000000,0.203405,7.45225,0.043225,0.01093,3.04878
07/15/2019 02:41:00.000000,0.243888,7.3555,0.041575,6.430769,4.030769
07/15/2019 02:42:00.000000,0.245877,7.17725,0.0425,0.003402,2.645455
07/15/2019 02:43:00.000000,0.220092,7.08975,0.043025,0.004525,3.093333
07/15/2019 02:44:00.000000,0.193996,7.0148,0.0431,0.007318,3.695
07/15/2019 02:45:00.000000,0.194095,6.985,0.041975,0.00779,3.031707
07/15/2019 02:46:00.000000,0.213599,7.05725,0.041025,0.006887,3.328571
07/15/2019 02:47:00.000000,0.209669,7.17725,0.04145,0.003335,2.575
07/15/2019 02:48:00.000000,0.199356,7.22725,0.0417,0.003135,2.484615
07/15/2019 02:49:00.000000,0.204259,7.111,0.0418,,
07/15/2019 02:50:00.000000,0.197856,7.18675,0.041275,0.018665,3.014286
07/15/2019 02:51:00.000000,0.199409,7.275,0.04065,0.006973,3.0
07/15/2019 02:52:00.000000,0.204044,7.44075,0.039975,0.004173,2.916667
07/15/2019 02:53:00.000000,0.207852,7.62325,0.03975,4.5125,3.3375
07/15/2019 02:54:00.000000,0.218551,7.71925,0.040125,0.01122,3.825
07/15/2019 02:55:00.000000,0.216019,7.795,0.040725,8.785714,4.585714
07/15/2019 02:56:00.000000,0.203364,7.869,0.040725,0.022135,3.945946
07/15/2019 02:57:00.000000,0.198306,7.92925,0.040125,0.007351,3.55
07/15/2019 02:58:00.000000,0.203263,7.9775,0.039475,0.004415,3.327907
07/15/2019 02:59:00.000000,0.232344,8.19475,0.03785,0.003932,3.046154
07/15/2019 03:00:00.000000,0.28311,8.48,0.036725,6.16,3.765
07/15/2019 03:01:00.000000,0.292206,8.61175,0.03765,3.357143,2.957143
07/15/2019 03:02:00.000000,0.239069,8.76825,0.03895,4.643902,3.056098
07/15/2019 03:03:00.000000,0.223477,8.93825,0.038425,5.191176,3.585294
07/15/2019 03:04:00.000000,0.226557,9.13375,0.037925,0.015332,3.683784
07/15/2019 03:05:00.000000,0.224559,9.13125,0.039325,0.00599,2.945946
07/15/2019 03:06:00.000000,0.286073,9.29425,0.03815,2.739474,2.715789
07/15/2019 03:07:00.000000,0.382751,9.35525,0.0365,10.072973,4.375676
07/15/2019 03:08:00.000000,0.32281,9.1665,0.037475,4.525,3.440625
07/15/2019 03:09:00.000000,0.260162,9.25425,0.03805,0.016504,3.656098
07/15/2019 03:10:00.000000,0.261683,9.3085,0.037775,9.5,4.3
07/15/2019 03:11:00.000000,0.25509,9.1455,0.03895,5.760465,4.148837
07/15/2019 03:12:00.000000,0.242023,8.99525,0.039725,6.5,4.185714
07/15/2019 03:13:00.000000,0.233085,8.956,0.040475,8.005263,3.057895
07/15/2019 03:14:00.000000,0.223714,8.7555,0.040425,13.007692,3.307692
07/15/2019 03:15:00.000000,0.24559,8.46775,0.0401,6.930769,3.315385
07/15/2019 03:16:00.000000,0.236421,8.38125,0.0398,12.497674,3.988372
07/15/2019 03:17:00.000000,0.240142,8.14425,0.03895,7.739535,4.267442
07/15/2019 03:18:00.000000,0.249052,7.85825,0.03995,5.57561,3.27561
07/15/2019 03:19:00.000000,0.208911,7.70325,0.04165,0.003854,2.665789
07/15/2019 03:20:00.000000,0.190604,7.59925,0.0414,0.003578,2.857143
07/15/2019 03:21:00.000000,0.215735,7.54975,0.03915,0.015145,2.983721
07/15/2019 03:22:00.000000,0.289547,7.75625,0.0379,6.228205,4.046154
07/15/2019 03:23:00.000000,0.255218,7.678,0.040325,3.080488,3.004878
07/15/2019 03:24:00.000000,0.204228,7.6505,0.040475,0.014915,3.225
07/15/2019 03:25:00.000000,0.228092,7.62675,0.0401,0.010522,3.215
07/15/2019 03:26:00.000000,0.239523,7.66975,0.040533,0.006579,3.968293
07/15/2019 03:27:00.000000,0.21569,7.6695,0.040475,0.003514,2.825
07/15/2019 03:28:00.000000,0.198777,7.70775,0.040075,3.121053,3.021053
07/15/2019 03:29:00.000000,0.237067,7.68825,0.04035,4.723077,3.353846
07/15/2019 03:30:00.000000,0.276598,7.58825,0.03985,7.694737,5.0
07/15/2019 03:31:00.000000,0.262805,8.04975,0.03755,0.011442,4.783721
07/15/2019 03:32:00.000000,0.261485,8.158,0.037625,7.919512,4.785366
07/15/2019 03:33:00.000000,0.258075,8.0215,0.039575,0.004142,3.241026
07/15/2019 03:34:00.000000,0.281124,7.613,0.0402,4.438095,3.62381
07/15/2019 03:35:00.000000,0.274785,11.58825,0.036575,5.460465,4.537209
07/15/2019 03:36:00.000000,0.269748,6.6275,0.037275,0.003922,3.207317
07/15/2019 03:37:00.000000,0.225514,6.199,0.04115,11.621429,3.071429
07/15/2019 03:38:00.000000,0.188611,6.29625,0.040425,7.080488,3.597561
07/15/2019 03:39:00.000000,0.188092,6.62175,0.038525,0.010877,3.363636
07/15/2019 03:40:00.000000,0.191743,6.8505,0.037825,6.490698,4.332558
07/15/2019 03:41:00.000000,0.195388,7.00325,0.0388,12.246341,3.446341
07/15/2019 03:42:00.000000,0.191226,7.1625,0.039575,0.005627,3.555
07/15/2019 03:43:00.000000,0.189277,7.24675,0.040325,3.183721,3.169767
07/15/2019 03:44:00.000000,0.185116,7.324,0.0406,0.004006,3.183721
07/15/2019 03:45:00.000000,0.237695,8.0115,0.036525,3.2,3.2
07/15/2019 03:46:00.000000,0.345564,8.1025,0.0374,4.668182,4.236364
07/15/2019 03:47:00.000000,0.266256,7.735,0.041175,6.014286,5.233333
07/15/2019 03:48:00.000000,0.203375,7.55475,0.0411,0.016546,4.525
07/15/2019 03:49:00.000000,0.197336,7.31375,0.04155,4.380952,3.2
07/15/2019 03:50:00.000000,0.202621,7.06475,0.041775,4.971429,4.028571
07/15/2019 03:51:00.000000,0.263291,7.05125,0.04105,0.011657,5.060465
07/15/2019 03:52:00.000000,0.529309,7.0485,0.0405,4.656098,3.919512
07/15/2019 03:53:00.000000,0.401457,6.4835,0.04085,0.004262,3.361538
07/15/2019 03:54:00.000000,0.2209,6.56725,0.039625,4.0875,3.98
07/15/2019 03:55:00.000000,0.194218,6.6605,0.039825,5.475,4.355
07/15/2019 03:56:00.000000,0.197906,6.81675,0.039075,3.938095,3.714286
07/15/2019 03:57:00.000000,0.231392,7.107,0.03715,3.357143,3.342857
07/15/2019 03:58:00.000000,0.248068,7.21325,0.03945,4.11,4.0
07/15/2019 03:59:00.000000,0.197487,7.15875,0.040675,0.011114,4.185366
07/15/2019 04:00:00.000000,0.189292,7.15025,0.039775,4.421951,3.602439
07/15/2019 04:01:00.000000,0.202637,7.07375,0.039175,0.005745,4.1
07/15/2019 04:02:00.000000,0.085134,6.7365,0.040825,0.004345,3.346341
07/15/2019 04:03:00.000000,0.027024,6.628,0.040825,5.395122,3.726829
07/15/2019 04:04:00.000000,0.015972,6.446,0.039975,0.012053,4.553488
07/15/2019 04:05:00.000000,0.010398,6.266,0.040075,0.005824,3.67561
07/15/2019 04:06:00.000000,0.010238,6.273,0.04035,8.768293,3.5
07/15/2019 04:07:00.000000,0.013025,6.23225,0.039825,0.005842,3.665854
07/15/2019 04:08:00.000000,0.007738,14.68925,0.035475,5.57,5.02
07/15/2019 04:09:00.000000,0.011646,13.82525,0.030925,50.013043,4.226087
07/15/2019 04:10:00.000000,0.00721,7.88725,0.035675,12.32439,3.912195
07/15/2019 04:11:00.000000,0.003094,7.218,0.03855,0.009556,3.985
07/15/2019 04:12:00.000000,0.073013,7.357,0.03815,0.006677,4.085
07/15/2019 04:13:00.000000,0.186451,7.531,0.0371,14.609302,4.602326
07/15/2019 04:14:00.000000,0.266836,9.52575,0.03505,14.407317,3.931707
07/15/2019 04:15:00.000000,0.313174,10.40825,0.033375,5.785714,3.885714
07/15/2019 04:16:00.000000,0.273797,8.22475,0.03565,7.209756,4.339024
07/15/2019 04:17:00.000000,0.216343,6.4425,0.038575,4.342857,4.047619
07/15/2019 04:18:00.000000,0.189074,5.97025,0.040025,3.309091,3.327273
07/15/2019 04:19:00.000000,0.197723,5.986667,0.039725,5.942857,3.971429
07/15/2019 04:20:00.000000,0.21285,6.0065,0.0394,3.757143,3.5
07/15/2019 04:21:00.000000,0.199569,6.0545,0.0394,5.310526,4.326316
07/15/2019 04:22:00.000000,0.205038,6.04575,0.040125,0.005863,4.242857
07/15/2019 04:23:00.000000,0.187216,6.04075,0.0402,3.811628,3.781395
07/15/2019 04:24:00.000000,0.183323,6.1065,0.039425,3.529268,3.529268
07/15/2019 04:25:00.000000,0.18472,8.88575,0.036425,3.842857,3.757143
07/15/2019 04:26:00.000000,0.197796,19.1425,0.030975,3.466667,3.377778
07/15/2019 04:27:00.000000,0.222603,5.4525,0.036625,0.007793,3.465854
07/15/2019 04:28:00.000000,0.195418,5.1295,0.041125,12.690244,3.756098
07/15/2019 04:29:00.000000,0.166682,5.66875,0.040475,,
07/15/2019 04:30:00.000000,0.166462,5.59725,0.039825,0.004209,3.368421
07/15/2019 04:31:00.000000,0.171606,5.68025,0.039525,3.916279,3.830233
07/15/2019 04:32:00.000000,0.177806,5.73225,0.0392,0.00448,3.566667
07/15/2019 04:33:00.000000,0.17792,5.76525,0.03945,0.007814,3.75814
07/15/2019 04:34:00.000000,0.17462,5.79925,0.03935,0.009023,4.82
07/15/2019 04:35:00.000000,0.172783,5.838,0.039725,4.985714,3.8
07/15/2019 04:36:00.000000,0.175759,6.14925,0.03845,0.007731,3.763636
07/15/2019 04:37:00.000000,0.181128,6.585,0.03685,11.280488,4.141463
07/15/2019 04:38:00.000000,0.206878,6.8855,0.03715,6.402703,4.2
07/15/2019 04:39:00.000000,0.21422,7.0435,0.037525,0.00746,4.027273
07/15/2019 04:40:00.000000,0.19438,8.0075,0.034325,10.568571,4.68
07/15/2019 04:41:00.000000,0.196223,19.4085,0.028225,3.805556,3.472222
07/15/2019 04:42:00.000000,0.237333,13.68875,0.03095,6.4,3.233333
07/15/2019 04:43:00.000000,0.296075,7.43525,0.036175,5.978378,3.618919
07/15/2019 04:44:00.000000,0.242272,6.1825,0.039125,3.580488,3.273171
07/15/2019 04:45:00.000000,0.188763,6.37025,0.03875,0.006814,3.369231
07/15/2019 04:46:00.000000,0.183654,6.4015,0.03805,0.004511,3.4
07/15/2019 04:47:00.000000,0.18725,5.84625,0.0373,3.128571,3.135714
07/15/2019 04:48:00.000000,0.188012,5.03425,0.0384,0.006856,3.953659
07/15/2019 04:49:00.000000,0.172385,4.32025,0.0401,2.394444,2.35
07/15/2019 04:50:00.000000,0.17397,3.46825,0.0406,0.00448,2.988372
07/15/2019 04:51:00.000000,0.16399,2.69375,0.04065,0.004626,3.445455
07/15/2019 04:52:00.000000,0.157615,1.91275,0.04005,0.007262,3.585
07/15/2019 04:53:00.000000,0.161544,1.069,0.0397,5.166667,3.433333
07/15/2019 04:54:00.000000,0.164359,0.26475,0.039075,0.003615,2.802439
07/15/2019 04:55:00.000000,0.154922,0.0755,0.03845,2.7,2.7
07/15/2019 04:56:00.000000,0.155373,0.0315,0.03915,0.003261,2.615385
07/15/2019 04:57:00.000000,0.159578,3.24175,0.0399,2.94,2.94
07/15/2019 04:58:00.000000,0.157944,11.25725,0.039725,0.003522,2.827907
07/15/2019 04:59:00.000000,0.161732,14.1485,0.03975,10.558974,3.730769
07/15/2019 05:00:00.000000,0.176668,13.91725,0.039325,0.00523,3.22
07/15/2019 05:01:00.000000,0.182031,13.5375,0.039475,2.642857,2.6
07/15/2019 05:02:00.000000,0.160403,13.317,0.040525,0.003584,2.759459
07/15/2019 05:03:00.000000,0.155342,12.6675,0.0411,0.006949,3.214634
07/15/2019 05:04:00.000000,0.155889,11.61575,0.040325,4.276923,2.961538
07/15/2019 05:05:00.000000,0.199071,10.3195,0.038825,0.007522,3.079487
07/15/2019 05:06:00.000000,0.207979,9.101,0.039075,4.914286,3.433333
07/15/2019 05:07:00.000000,0.161763,7.77925,0.0387,4.107692,3.330769
07/15/2019 05:08:00.000000,0.152778,6.37325,0.03855,0.005116,2.96
07/15/2019 05:09:00.000000,0.162325,4.76325,0.038725,6.382927,3.070732
07/15/2019 05:10:00.000000,0.168604,3.8355,0.038875,0.003907,2.772727
07/15/2019 05:11:00.000000,0.16437,3.33875,0.038675,0.003268,2.6125
07/15/2019 05:12:00.000000,0.166974,3.19075,0.03735,0.003361,2.685714
07/15/2019 05:13:00.000000,0.181848,3.03775,0.03555,0.009896,4.5
07/15/2019 05:14:00.000000,0.196574,2.623,0.035975,6.413636,4.368182
07/15/2019 05:15:00.000000,0.200214,2.40175,0.03625,0.029156,3.117778
07/15/2019 05:16:00.000000,0.202255,1.7565,0.035375,6.466667,2.483333
07/15/2019 05:17:00.000000,0.181003,111.4225,0.035675,2.488372,2.486047
07/15/2019 05:18:00.000000,0.173007,328.1715,0.037225,0.003434,2.757143
07/15/2019 05:19:00.000000,0.18554,343.372,0.0384,0.005265,3.15122
07/15/2019 05:20:00.000000,0.26573,341.673,0.03805,0.010509,4.228571
07/15/2019 05:21:00.000000,0.229012,342.1915,0.038875,0.008574,3.813953
07/15/2019 05:22:00.000000,0.154898,342.00525,0.04005,3.0,2.684615
07/15/2019 05:23:00.000000,0.143826,342.28775,0.040075,0.007388,2.837778
07/15/2019 05:24:00.000000,0.151585,342.39475,0.041075,0.021976,3.16
07/15/2019 05:25:00.000000,0.140571,342.4005,0.0412,8.376923,2.946154
07/15/2019 05:26:00.000000,0.136824,304.20525,0.039225,0.003912,2.563636
07/15/2019 05:27:00.000000,0.153419,47.8705,0.03855,2.32439,2.329268
07/15/2019 05:28:00.000000,0.161372,0.111,0.03835,5.409091,4.286364
07/15/2019 05:29:00.000000,0.158812,0.0,0.0378,3.265854,3.063415
07/15/2019 05:30:00.000000,0.160718,-9999.0,0.0384,0.003725,2.885
07/15/2019 05:31:00.000000,0.155747,-9999.0,0.038475,2.745,2.73
07/15/2019 05:32:00.000000,0.218183,-9999.0,0.038775,2.259524,2.271429
07/15/2019 05:33:00.000000,0.207818,-9999.0,0.0398,0.00514,2.721053
07/15/2019 05:34:00.000000,0.146507,-9999.0,0.0399,0.019354,2.552941
07/15/2019 05:35:00.000000,0.145975,-9999.0,0.039725,0.007773,2.402941
07/15/2019 05:36:00.000000,0.141841,-9999.0,0.039,0.006951,3.545238
07/15/2019 05:37:00.000000,0.142999,0.69775,0.039,2.9625,2.68
07/15/2019 05:38:00.000000,0.15314,1.649,0.039375,0.004787,3.188372
07/15/2019 05:39:00.000000,0.148793,2.2255,0.040275,0.005432,3.471429
07/15/2019 05:40:00.000000,0.136899,2.95675,0.04015,0.003413,2.588571
07/15/2019 05:41:00.000000,0.142508,3.738,0.03955,4.908108,2.818919
07/15/2019 05:42:00.000000,0.148128,4.509,0.039225,2.786486,2.313514
07/15/2019 05:43:00.000000,0.148486,5.19025,0.03945,0.012429,3.037209
07/15/2019 05:44:00.000000,0.153939,5.68825,0.040025,6.775,4.305
07/15/2019 05:45:00.000000,0.15181,5.5725,0.0403,7.55122,3.560976
07/15/2019 05:46:00.000000,0.187453,5.49225,0.039325,14.486842,2.810526
07/15/2019 05:47:00.000000,1.246047,5.4515,0.03965,0.0053,2.119512
07/15/2019 05:48:00.000000,3.224976,5.41775,0.039975,0.005612,3.078049
07/15/2019 05:49:00.000000,3.816437,5.41025,0.0392,2.7725,2.475
07/15/2019 05:50:00.000000,3.870642,5.36275,0.039675,0.003596,2.631707
07/15/2019 05:51:00.000000,3.882343,5.38925,0.039425,0.00821,2.782051
07/15/2019 05:52:00.000000,3.881369,5.504,0.038625,6.507143,4.0
07/15/2019 05:53:00.000000,3.886968,5.20525,0.03815,0.00476,3.471429
07/15/2019 05:54:00.000000,3.884943,7.72575,0.0369,5.846341,3.3
07/15/2019 05:55:00.000000,3.884629,5.4255,0.0389,4.846154,3.553846
07/15/2019 05:56:00.000000,3.696497,5.37025,0.03955,4.6,3.002439
07/15/2019 05:57:00.000000,1.883758,5.33775,0.03885,0.008583,2.646667
07/15/2019 05:58:00.000000,0.211882,5.3745,0.0388,0.003363,2.340909
07/15/2019 05:59:00.000000,0.018737,5.386,0.039075,0.008116,2.644186
07/15/2019 06:00:00.000000,0.012983,5.4045,0.039125,2.871429,2.283333
07/15/2019 06:01:00.000000,0.011513,5.3965,0.039125,2.47,2.4625
07/15/2019 06:02:00.000000,0.009527,5.46725,0.038525,0.008023,3.504651
07/15/2019 06:03:00.000000,0.005357,5.592,0.0379,0.003902,2.839535
07/15/2019 06:04:00.000000,0.005081,5.80375,0.0372,0.005885,3.69
07/15/2019 06:05:00.000000,0.007755,6.00225,0.036975,0.006673,3.728571
07/15/2019 06:06:00.000000,0.001238,6.23925,0.03635,5.656098,3.785366
07/15/2019 06:07:00.000000,0.032702,6.55725,0.036075,10.269231,3.969231
07/15/2019 06:08:00.000000,0.111496,6.949,0.035075,5.568293,3.402439
07/15/2019 06:09:00.000000,0.139043,7.48925,0.0344,3.1,2.8875
07/15/2019 06:10:00.000000,0.141308,8.0545,0.0333,2.713953,2.713953
07/15/2019 06:11:00.000000,0.157028,8.69875,0.0318,0.007235,3.715385
07/15/2019 06:12:00.000000,0.15558,9.3605,0.03165,3.509091,3.245455
07/15/2019 06:13:00.000000,0.140861,9.97725,0.031475,0.004312,3.445455
07/15/2019 06:14:00.000000,0.1355,10.591,0.03075,0.006976,3.671429
07/15/2019 06:15:00.000000,0.141685,11.18275,0.030125,0.00368,2.85
07/15/2019 06:16:00.000000,0.151701,11.72175,0.03045,0.004727,3.626316
07/15/2019 06:17:00.000000,0.163034,12.098,0.03025,7.4,3.031707
07/15/2019 06:18:00.000000,0.158951,12.2375,0.0307,0.004934,2.983721
07/15/2019 06:19:00.000000,0.156605,12.22575,0.03125,0.007784,3.506667
07/15/2019 06:20:00.000000,0.157211,12.24975,0.030725,0.004892,3.6
07/15/2019 06:21:00.000000,0.164091,12.27075,0.02965,16.28,3.26
07/15/2019 06:22:00.000000,0.182606,12.21825,0.029625,10.1,2.942857
07/15/2019 06:23:00.000000,0.194976,12.13425,0.02995,0.006945,3.414286
07/15/2019 06:24:00.000000,0.189246,12.0265,0.0302,7.678571,3.764286
07/15/2019 06:25:00.000000,0.184956,12.04125,0.029675,0.022265,3.62381
07/15/2019 06:26:00.000000,0.185256,12.12125,0.029425,6.682927,3.429268
07/15/2019 06:27:00.000000,0.18577,12.00925,0.03025,6.114286,3.733333
07/15/2019 06:28:00.000000,0.184225,11.7445,0.0301,0.010331,3.285714
07/15/2019 06:29:00.000000,0.208735,11.48175,0.02975,0.007257,3.285714
07/15/2019 06:30:00.000000,0.200377,11.06325,0.032175,6.7,2.971795
07/15/2019 06:31:00.000000,0.166927,10.521,0.03385,3.288095,2.814286
07/15/2019 06:32:00.000000,0.157868,9.97875,0.034175,0.007691,3.804651
07/15/2019 06:33:00.000000,0.153829,9.3905,0.034475,13.158536,3.402439
07/15/2019 06:34:00.000000,0.150664,8.8905,0.033875,9.455,3.13
07/15/2019 06:35:00.000000,0.187189,8.7415,0.0317,16.969048,3.271429
07/15/2019 06:36:00.000000,0.214937,8.65875,0.030975,0.007339,3.642857
07/15/2019 06:37:00.000000,0.179826,8.559,0.0314,0.004368,3.358537
07/15/2019 06:38:00.000000,0.163848,8.62825,0.031025,4.675,3.2175
07/15/2019 06:39:00.000000,0.153593,8.772,0.03155,6.65,4.05
07/15/2019 06:40:00.000000,0.151689,8.87575,0.031925,0.003675,2.828571
07/15/2019 06:41:00.000000,0.146884,8.946,0.03225,0.009037,3.825
07/15/2019 06:42:00.000000,0.142917,9.0305,0.03175,0.010362,4.421053
07/15/2019 06:43:00.000000,0.144681,8.97225,0.031225,5.4,2.951613
07/15/2019 06:44:00.000000,0.145172,8.958,0.03115,14.82,3.325
07/15/2019 06:45:00.000000,0.155846,8.98675,0.030525,14.3,3.4
07/15/2019 06:46:00.000000,0.166053,9.047,0.176075,0.006825,2.721875
07/15/2019 06:47:00.000000,0.158888,9.18,0.23795,6.797561,4.321951
07/15/2019 06:48:00.000000,0.156676,9.41625,0.241775,0.00642,3.63125
07/15/2019 06:49:00.000000,0.154895,9.6475,0.243325,,
07/15/2019 06:50:00.000000,0.156508,9.77675,0.243925,0.004156,3.339024
07/15/2019 06:51:00.000000,0.152609,9.89525,0.2444,0.007041,4.136364
07/15/2019 06:52:00.000000,0.151988,9.95225,0.24495,2.988235,2.844118
07/15/2019 06:53:00.000000,0.152782,10.0275,0.245225,0.006213,3.405405
07/15/2019 06:54:00.000000,0.154258,10.21125,0.24575,0.003949,3.069767
07/15/2019 06:55:00.000000,0.154732,10.52975,0.245725,6.23,5.125
07/15/2019 06:56:00.000000,0.163088,10.94975,0.189525,0.004797,3.8375
07/15/2019 06:57:00.000000,0.163835,11.44925,-9999.0,9.219512,4.539024
07/15/2019 06:58:00.000000,0.166568,11.8635,-9999.0,4.234884,3.495349
07/15/2019 06:59:00.000000,0.160611,12.07775,-9999.0,0.011827,3.883333
07/15/2019 07:00:00.000000,0.158896,12.344,-9999.0,4.12439,3.231707
07/15/2019 07:01:00.000000,0.162667,12.75175,-9999.0,4.557143,3.514286
07/15/2019 07:02:00.000000,0.163873,13.0405,-9999.0,6.728571,4.371429
07/15/2019 07:03:00.000000,0.170808,12.97625,-9999.0,0.006989,4.063158
07/15/2019 07:04:00.000000,0.180592,12.59925,-9999.0,0.007154,3.5
07/15/2019 07:05:00.000000,0.180232,12.1715,-9999.0,4.869231,3.564103
07/15/2019 07:06:00.000000,0.186292,11.96925,-9999.0,8.805405,6.02973
07/15/2019 07:07:00.000000,0.200039,12.0455,-9999.0,0.012207,4.1
07/15/2019 07:08:00.000000,0.208982,11.8665,-9999.0,0.005761,3.53
07/15/2019 07:09:00.000000,0.201931,11.41025,-9999.0,0.014889,3.921053
07/15/2019 07:10:00.000000,0.19079,10.92175,-9999.0,8.905128,4.169231
07/15/2019 07:11:00.000000,0.185712,10.434,-9999.0,5.323077,4.2
07/15/2019 07:12:00.000000,0.186039,10.09875,-9999.0,3.935135,3.781081
07/15/2019 07:13:00.000000,0.18198,9.755,-9999.0,0.009458,4.72
07/15/2019 07:14:00.000000,0.182953,9.33975,-9999.0,0.009788,4.816279
07/15/2019 07:15:00.000000,0.237144,8.86925,-9999.0,9.915385,4.546154
07/15/2019 07:16:00.000000,0.899737,8.595,0.00235,0.011523,4.67
07/15/2019 07:17:00.000000,0.852756,8.36675,0.041275,0.006525,3.765
07/15/2019 07:18:00.000000,0.262772,8.1395,0.03095,0.007744,4.197561
07/15/2019 07:19:00.000000,0.177066,8.09225,0.027875,0.006319,3.838462
07/15/2019 07:20:00.000000,0.179687,8.08575,0.025875,3.874074,3.792593
07/15/2019 07:21:00.000000,0.180976,8.119,0.0254,0.013898,3.621622
07/15/2019 07:22:00.000000,0.18027,8.31525,0.0244,4.134483,3.506897
07/15/2019 07:23:00.000000,0.188198,8.62875,0.02298,14.591892,4.278378
07/15/2019 07:24:00.000000,0.181559,9.66675,0.019533,4.633333,3.75
07/15/2019 07:25:00.000000,0.178395,10.57275,0.0185,7.387805,4.553659
07/15/2019 07:26:00.000000,0.179484,11.1125,0.02025,0.00689,4.357143
07/15/2019 07:27:00.000000,0.182568,11.41625,0.022425,5.274359,4.469231
07/15/2019 07:28:00.000000,0.183023,11.683,0.02282,5.784375,3.821875
07/15/2019 07:29:00.000000,0.185698,11.88175,0.022833,0.005115,3.8
07/15/2019 07:30:00.000000,0.179713,11.8505,0.02335,0.008724,4.13
07/15/2019 07:31:00.000000,0.182722,11.63925,0.024325,4.648718,4.115385
07/15/2019 07:32:00.000000,0.183744,10.965,0.024275,0.004682,3.762222
07/15/2019 07:33:00.000000,0.196169,10.63125,0.022725,3.963415,3.870732
07/15/2019 07:34:00.000000,0.203336,10.8425,0.020825,6.134146,3.814634
07/15/2019 07:35:00.000000,0.206331,11.00375,0.02115,5.123256,4.746512
07/15/2019 07:36:00.000000,0.19667,11.09425,0.02265,0.014725,4.469767
07/15/2019 07:37:00.000000,0.184288,11.148,0.023775,0.012539,4.235
07/15/2019 07:38:00.000000,0.181435,11.1775,0.02422,0.011199,4.293939
07/15/2019 07:39:00.000000,0.179756,11.199667,0.023533,4.511628,3.869767
07/15/2019 07:40:00.000000,0.182908,11.22425,0.0234,0.008414,4.482927
07/15/2019 07:41:00.000000,0.183411,11.03025,0.0237,5.4,4.422727
07/15/2019 07:42:00.000000,0.186792,10.5775,0.02395,8.211628,5.432558
07/15/2019 07:43:00.000000,0.173383,10.3255,0.02425,0.010662,5.347368
07/15/2019 07:44:00.000000,0.17207,10.25125,0.0238,0.007858,5.384444
07/15/2019 07:45:00.000000,0.1946,10.353,0.02265,3.867442,3.765116
07/15/2019 07:46:00.000000,0.204701,10.51975,0.023625,0.005376,4.253488
07/15/2019 07:47:00.000000,0.193988,10.376,0.024975,7.409091,4.4
07/15/2019 07:48:00.000000,0.177617,9.83125,0.026375,6.446341,4.826829
07/15/2019 07:49:00.000000,0.15798,,,,
07/15/2019 07:50:00.000000,0.157155,8.9645,0.02715,5.553659,4.329268
07/15/2019 07:51:00.000000,0.164281,8.4995,0.0275,0.007538,5.32439
07/15/2019 07:52:00.000000,0.153668,7.9605,0.02715,5.42766,4.104255
07/15/2019 07:53:00.000000,0.152692,7.27675,0.0278,0.007374,4.242857
07/15/2019 07:54:00.000000,0.153594,6.65725,0.0279,0.015695,3.802439
07/15/2019 07:55:00.000000,0.152656,6.3165,0.027675,0.00726,4.376923
07/15/2019 07:56:00.000000,0.15499,6.23225,0.027875,5.88,5.01
07/15/2019 07:57:00.000000,0.160679,6.17725,0.0275,8.282927,5.1
07/15/2019 07:58:00.000000,0.166711,6.13825,0.0275,0.00655,4.575
07/15/2019 07:59:00.000000,0.185934,6.1675,0.028075,6.813636,3.895455
07/15/2019 08:00:00.000000,0.200697,6.423,0.0281,11.85,11.031818
07/15/2019 08:01:00.000000,0.185952,6.64375,0.0278,0.005829,5.26
07/15/2019 08:02:00.000000,0.172478,6.9095,0.027275,0.007898,4.92093
07/15/2019 08:03:00.000000,0.171893,7.1505,0.0266,0.017673,4.758537
07/15/2019 08:04:00.000000,0.184981,7.3925,0.0266,0.005515,3.718182
07/15/2019 08:05:00.000000,0.19032,7.639,0.026825,0.010443,4.871429
07/15/2019 08:06:00.000000,0.177253,7.88025,0.02675,6.894872,4.423077
07/15/2019 08:07:00.000000,0.176693,8.07225,0.02665,7.197561,5.580488
07/15/2019 08:08:00.000000,0.181011,8.07975,0.02585,0.004604,3.734884
07/15/2019 08:09:00.000000,0.181517,8.1325,0.025375,0.015303,5.556098
07/15/2019 08:10:00.000000,0.190399,8.17625,0.0253,8.381395,5.162791
07/15/2019 08:11:00.000000,0.651724,8.2745,0.0246,0.014603,5.512195
07/15/2019 08:12:00.000000,2.446804,8.70925,0.02265,0.007487,4.739535
07/15/2019 08:13:00.000000,2.488404,8.96,0.023575,0.01484,4.855
07/15/2019 08:14:00.000000,1.143082,8.94425,0.026825,0.009794,5.4
07/15/2019 08:15:00.000000,0.414918,8.9325,0.0271,3.985714,3.7
07/15/2019 08:16:00.000000,0.21448,8.9205,0.025775,9.851282,4.838462
07/15/2019 08:17:00.000000,0.172512,8.85275,0.02645,0.014479,3.819512
07/15/2019 08:18:00.000000,0.164409,8.76575,0.0269,0.006086,3.942857
07/15/2019 08:19:00.000000,0.167205,8.6235,0.0271,0.009732,4.0
07/15/2019 08:20:00.000000,0.159497,8.15775,0.026625,0.022708,4.833333
07/15/2019 08:21:00.000000,0.156079,7.97575,0.026025,0.013995,4.317073
07/15/2019 08:22:00.000000,0.16339,8.009,0.025825,0.009299,4.588235
07/15/2019 08:23:00.000000,0.173399,7.1505,0.02585,0.005664,4.007692
07/15/2019 08:24:00.000000,0.203957,7.70825,0.02435,5.92093,4.330233
07/15/2019 08:25:00.000000,0.291457,9.0495,0.02345,4.167442,3.969767
07/15/2019 08:26:00.000000,0.228288,8.15175,0.024775,0.009866,3.814286
07/15/2019 08:27:00.000000,0.186202,7.44725,0.026025,4.645652,3.882609
07/15/2019 08:28:00.000000,0.179197,7.41675,0.02615,0.011308,3.640541
07/15/2019 08:29:00.000000,0.174191,,,,
07/15/2019 08:30:00.000000,0.174262,7.328,0.025175,6.678947,3.921053
07/15/2019 08:31:00.000000,0.191243,7.31825,0.024825,0.007229,4.171429
07/15/2019 08:32:00.000000,0.18776,7.178,0.026275,3.28,3.045
07/15/2019 08:33:00.000000,0.163433,6.95875,0.02775,0.004181,3.402326
07/15/2019 08:34:00.000000,0.151127,6.69,0.028,0.008342,4.785714
07/15/2019 08:35:00.000000,0.141948,6.39075,0.0283,4.839024,3.804878
07/15/2019 08:36:00.000000,0.138235,6.1235,0.028375,3.109302,2.997674
07/15/2019 08:37:00.000000,0.139397,5.85225,0.02855,0.004305,3.414286
07/15/2019 08:38:00.000000,0.139583,5.572,0.02865,3.338462,3.330769
07/15/2019 08:39:00.000000,0.136795,5.2615,0.0278,10.1,5.51
07/15/2019 08:40:00.000000,0.147022,5.0735,0.02785,0.005829,3.848718
07/15/2019 08:41:00.000000,0.144343,4.951,0.028075,9.967647,3.976471
07/15/2019 08:42:00.000000,0.131408,4.8365,0.02835,0.006859,3.715385
07/15/2019 08:43:00.000000,0.132655,4.771,0.028067,5.007692,3.530769
07/15/2019 08:44:00.000000,0.133207,4.74275,0.02766,5.29697,4.178788
07/15/2019 08:45:00.000000,0.134902,4.633,0.0287,0.005417,3.592105
07/15/2019 08:46:00.000000,0.134618,4.5705,0.028625,5.576744,3.583721
07/15/2019 08:47:00.000000,0.132135,4.50875,0.0287,3.906977,3.6
07/15/2019 08:48:00.000000,0.13657,4.42375,0.029025,0.003656,2.997674
07/15/2019 08:49:00.000000,0.13916,4.368,0.02925,0.003893,3.155
07/15/2019 08:50:00.000000,0.134646,4.30425,0.029475,0.00622,4.305
07/15/2019 08:51:00.000000,0.133426,4.20925,0.029275,3.463158,3.321053
07/15/2019 08:52:00.000000,0.13156,4.1175,0.029375,0.011658,3.525
07/15/2019 08:53:00.000000,0.133475,4.10625,0.02935,0.004387,3.0
07/15/2019 08:54:00.000000,0.140606,4.0665,0.0289,0.007806,3.573684
07/15/2019 08:55:00.000000,0.141571,4.03325,0.028675,0.006591,3.959459
07/15/2019 08:56:00.000000,0.153319,4.08275,0.02875,6.178947,3.410526
07/15/2019 08:57:00.000000,0.154851,4.13825,0.0289,0.004964,3.641463
07/15/2019 08:58:00.000000,0.163892,4.21925,0.028475,3.316129,3.312903
07/15/2019 08:59:00.000000,0.178971,4.373,0.02825,0.004542,3.688235
07/15/2019 09:00:00.000000,0.194521,4.50775,0.028375,0.007755,3.602941
07/15/2019 09:01:00.000000,0.191343,4.639,0.028675,0.004809,3.514634
07/15/2019 09:02:00.000000,0.179216,4.801,0.0283,0.008074,3.928571
07/15/2019 09:03:00.000000,0.173619,4.99925,0.027625,0.008064,4.34
07/15/2019 09:04:00.000000,0.15966,5.17,0.0281,7.904878,3.460976
07/15/2019 09:05:00.000000,0.147714,5.3045,0.028375,0.005561,3.3
07/15/2019 09:06:00.000000,0.145289,5.40525,0.028475,0.003522,2.71875
07/15/2019 09:07:00.000000,0.138336,5.48725,0.02785,0.006735,3.95
07/15/2019 09:08:00.000000,0.134661,4.121,0.027325,0.004778,3.771429
07/15/2019 09:09:00.000000,0.138488,14.92225,0.023375,,
07/15/2019 09:10:00.000000,0.139412,10.76775,0.021275,0.016343,3.6825
07/15/2019 09:11:00.000000,0.150688,7.32325,0.0244,0.005757,3.783333
07/15/2019 09:12:00.000000,0.146886,6.588,0.026125,0.007098,4.284848
07/15/2019 09:13:00.000000,0.13903,5.627,0.02635,10.972973,4.105405
07/15/2019 09:14:00.000000,0.13782,5.61675,0.026675,0.004988,3.505
07/15/2019 09:15:00.000000,0.137447,5.6055,0.02725,0.004309,3.485
07/15/2019 09:16:00.000000,0.140613,5.57225,0.027725,0.008845,4.876744
07/15/2019 09:17:00.000000,0.137638,5.55575,0.027575,0.004392,3.478049
07/15/2019 09:18:00.000000,0.198787,5.491,0.0276,13.273171,3.968293
07/15/2019 09:19:00.000000,0.287447,5.41225,0.027425,0.012856,4.442857
07/15/2019 09:20:00.000000,0.211843,5.33475,0.027675,0.004988,3.642857
07/15/2019 09:21:00.000000,0.154383,5.32775,0.027225,0.008279,4.16
07/15/2019 09:22:00.000000,0.141889,5.30725,0.02695,0.00468,3.609091
07/15/2019 09:23:00.000000,0.136739,5.29725,0.027525,3.585294,3.585294
07/15/2019 09:24:00.000000,0.137397,5.31,0.02742,0.005924,4.567742
07/15/2019 09:25:00.000000,0.137959,5.4215,0.0271,0.006078,4.343902
07/15/2019 09:26:00.000000,0.142495,5.475,0.02705,0.007343,3.621212
07/15/2019 09:27:00.000000,0.139693,5.479,0.0279,0.005626,4.102326
07/15/2019 09:28:00.000000,0.133688,5.46125,0.02835,0.006675,4.115789
07/15/2019 09:29:00.000000,0.136999,5.39925,0.027475,6.016279,4.272093
07/15/2019 09:30:00.000000,0.134842,5.474,0.027,3.5625,3.365
07/15/2019 09:31:00.000000,0.134943,5.711,0.0266,2.94186,2.94186
07/15/2019 09:32:00.000000,0.155718,5.9695,0.02575,0.009915,4.607317
07/15/2019 09:33:00.000000,0.152808,6.08775,0.025525,5.6125,3.88
07/15/2019 09:34:00.000000,0.146698,6.379,0.025175,14.946341,4.468293
07/15/2019 09:35:00.000000,0.142909,6.90725,0.0241,8.31,4.09
07/15/2019 09:36:00.000000,0.143949,7.5735,0.02315,0.007498,4.405405
07/15/2019 09:37:00.000000,0.148985,8.2845,0.02285,3.978947,3.742105
07/15/2019 09:38:00.000000,0.1514,8.863,0.022875,0.007158,4.028571
07/15/2019 09:39:00.000000,0.147042,9.19,0.02235,6.969048,4.35
07/15/2019 09:40:00.000000,0.141415,9.49275,0.02275,0.01046,4.316667
07/15/2019 09:41:00.000000,0.145266,9.871,0.022975,4.540909,3.879545
07/15/2019 09:42:00.000000,0.145653,10.0915,0.022325,0.0159,4.323077
07/15/2019 09:43:00.000000,0.145065,10.08175,0.022575,0.008763,5.3075
07/15/2019 09:44:00.000000,0.142811,9.93475,0.0233,6.164865,3.991892
07/15/2019 09:45:00.000000,0.140175,9.75025,0.0236,6.614286,4.533333
07/15/2019 09:46:00.000000,0.142874,9.982333,0.02205,11.7,4.942857
07/15/2019 09:47:00.000000,0.166013,9.90875,0.022925,4.447368,3.231579
07/15/2019 09:48:00.000000,0.15326,9.558,0.0259,0.003692,2.985366
07/15/2019 09:49:00.000000,0.139523,9.236,0.02645,0.023049,6.183721
07/15/2019 09:50:00.000000,0.130263,8.9805,0.0259,0.008063,4.806977
07/15/2019 09:51:00.000000,0.135536,8.752,0.025275,3.57907,3.467442
07/15/2019 09:52:00.000000,0.134781,8.555,0.025475,0.005204,3.726829
07/15/2019 09:53:00.000000,0.131815,8.38325,0.0261,0.006325,3.968182
07/15/2019 09:54:00.000000,0.129129,7.77625,0.02635,0.003703,2.984615
07/15/2019 09:55:00.000000,0.130651,7.42475,0.02685,7.495122,3.463415
07/15/2019 09:56:00.000000,0.130135,7.45175,0.02705,0.011375,4.705
07/15/2019 09:57:00.000000,0.133366,7.52525,0.0264,8.158537,3.790244
07/15/2019 09:58:00.000000,0.149128,7.62575,0.026075,0.007828,3.84878
07/15/2019 09:59:00.000000,0.1587,7.66825,0.026325,0.006399,4.331818
07/15/2019 10:00:00.000000,0.139325,7.75875,0.0259,8.016667,4.233333
07/15/2019 10:01:00.000000,0.141166,7.8315,0.026075,0.00834,4.114634
07/15/2019 10:02:00.000000,0.052214,7.892,0.026325,0.005362,3.928571
07/15/2019 10:03:00.000000,0.012761,7.964,0.026475,0.007067,3.727273
07/15/2019 10:04:00.000000,0.00536,7.9305,0.026775,0.008854,3.785366
07/15/2019 10:05:00.000000,0.002983,7.815,0.026975,3.65,3.05
07/15/2019 10:06:00.000000,0.002047,7.62275,0.028,5.16087,4.204348
07/15/2019 10:07:00.000000,0.001404,7.48525,0.028167,3.25,3.18125
07/15/2019 10:08:00.000000,0.004258,7.292,0.028125,0.007776,3.940909
07/15/2019 10:09:00.000000,-9999.0,7.1595,0.028375,3.786207,3.386207
07/15/2019 10:10:00.000000,-9999.0,7.0775,0.02818,15.176316,4.076316
07/15/2019 10:11:00.000000,0.003038,6.9705,0.028267,0.006338,4.183721
07/15/2019 10:12:00.000000,0.0365,6.9255,0.027825,0.00416,3.438462
07/15/2019 10:13:00.000000,0.099151,6.967,0.02725,5.85,4.66
07/15/2019 10:14:00.000000,0.122716,7.0255,0.027625,0.003585,2.928571
07/15/2019 10:15:00.000000,0.121366,7.11275,0.027625,8.725,3.535
07/15/2019 10:16:00.000000,0.120598,7.2295,0.0273,0.004602,3.278947
07/15/2019 10:17:00.000000,0.123112,7.28025,0.027175,9.254054,3.367568
07/15/2019 10:18:00.000000,0.129467,7.29325,0.0277,3.680952,2.885714
07/15/2019 10:19:00.000000,0.140078,7.432,0.027275,0.003903,3.138462
07/15/2019 10:20:00.000000,0.135473,7.52475,0.02685,0.003944,3.2
07/15/2019 10:21:00.000000,0.135896,7.69475,0.025775,0.010723,4.884211
07/15/2019 10:22:00.000000,0.132772,7.84675,0.025475,4.330435,3.721739
07/15/2019 10:23:00.000000,0.129743,7.8805,0.027075,5.795122,4.52439
07/15/2019 10:24:00.000000,0.125528,7.83925,0.027525,15.913158,3.397368
07/15/2019 10:25:00.000000,0.123181,7.81325,0.027525,0.016723,3.371429
07/15/2019 10:26:00.000000,0.123393,7.89325,0.0274,0.006442,3.57
07/15/2019 10:27:00.000000,0.124635,8.01175,0.02655,0.006006,3.944186
07/15/2019 10:28:00.000000,0.131672,7.9795,0.02665,3.330769,3.215385
07/15/2019 10:29:00.000000,0.134388,7.8325,0.026725,0.006194,4.021622
07/15/2019 10:30:00.000000,0.140677,7.7585,0.02655,3.35814,3.195349
07/15/2019 10:31:00.000000,0.133404,9.60675,0.025825,0.004155,3.353488
07/15/2019 10:32:00.000000,0.130254,9.1455,0.025575,0.003857,3.15
07/15/2019 10:33:00.000000,0.132876,10.7495,0.0249,0.005636,3.444186
07/15/2019 10:34:00.000000,0.14038,10.19875,0.02435,3.6,3.330769
07/15/2019 10:35:00.000000,0.144434,9.85175,0.0257,0.006459,3.730233
07/15/2019 10:36:00.000000,0.141417,9.63275,0.0264,7.881818,3.968182
07/15/2019 10:37:00.000000,0.15059,13.69625,0.02545,0.005369,3.913953
07/15/2019 10:38:00.000000,0.184679,9.85375,0.024025,0.005389,3.9
07/15/2019 10:39:00.000000,0.193314,11.399,0.024725,6.628571,4.757143
07/15/2019 10:40:00.000000,0.196393,11.3175,0.023625,0.009658,4.982927
07/15/2019 10:41:00.000000,0.205019,10.29525,0.0237,0.00432,3.371429
07/15/2019 10:42:00.000000,0.21308,10.1755,0.024025,0.006767,3.868293
07/15/2019 10:43:00.000000,0.217871,10.0035,0.024625,0.003867,3.053488
07/15/2019 10:44:00.000000,0.195491,9.9602,0.02412,6.511905,3.328571
07/15/2019 10:45:00.000000,0.190431,9.9426,0.02314,0.008413,4.432558
07/15/2019 10:46:00.000000,0.216151,9.847,0.0233,12.690244,3.917073
07/15/2019 10:47:00.000000,0.191311,9.734333,0.024025,5.971053,3.715789
07/15/2019 10:48:00.000000,0.167575,9.5415,0.02485,6.16,3.785
07/15/2019 10:49:00.000000,0.156435,9.32825,0.024775,0.004505,3.376923
07/15/2019 10:50:00.000000,0.147811,9.145,0.02515,4.358974,4.230769
07/15/2019 10:51:00.000000,0.141129,9.12075,0.024875,7.3875,4.23
07/15/2019 10:52:00.000000,0.146799,9.23525,0.0232,0.010745,5.090476
07/15/2019 10:53:00.000000,0.157691,9.3085,0.0223,4.085714,3.585714
07/15/2019 10:54:00.000000,0.168677,9.469,0.021725,10.784091,3.972727
07/15/2019 10:55:00.000000,0.181996,9.59875,0.0216,0.005434,3.758537
07/15/2019 10:56:00.000000,0.168547,9.77425,0.021425,0.008741,4.38
07/15/2019 10:57:00.000000,0.17292,9.899,0.02185,6.531579,5.173684
07/15/2019 10:58:00.000000,0.177384,10.032,0.02265,7.278049,4.190244
07/15/2019 10:59:00.000000,0.169728,10.249,0.0221,0.007539,4.492308
07/15/2019 11:00:00.000000,0.169808,15.827,0.020175,0.006379,4.6
07/15/2019 11:01:00.000000,0.173156,11.2245,0.020075,7.319512,4.343902
07/15/2019 11:02:00.000000,0.195466,9.041,0.0195,8.053488,5.590698
07/15/2019 11:03:00.000000,0.191146,15.5,0.0171,14.773171,4.34878
07/15/2019 11:04:00.000000,0.170806,11.20625,0.01995,0.011217,4.183333
07/15/2019 11:05:00.000000,0.168085,10.082,0.021425,6.176744,4.802326
07/15/2019 11:06:00.000000,0.169806,15.6745,0.018225,0.006245,4.383721
07/15/2019 11:07:00.000000,0.173663,17.063,0.015775,14.987805,3.873171
07/15/2019 11:08:00.000000,0.185594,14.61725,0.0183,0.01174,5.265116
07/15/2019 11:09:00.000000,0.184948,14.7655,0.018225,5.432558,5.013953
07/15/2019 11:10:00.000000,0.177915,17.34275,0.014975,8.2,4.226316
07/15/2019 11:11:00.000000,0.174403,16.39875,0.01605,0.010115,5.3
07/15/2019 11:12:00.000000,0.166622,12.6285,0.018975,8.446667,5.077778
07/15/2019 11:13:00.000000,0.163113,20.0915,0.0151,10.090698,6.255814
07/15/2019 11:14:00.000000,0.185591,19.53025,0.013775,8.284615,5.315385
07/15/2019 11:15:00.000000,0.177814,16.03775,0.01705,0.007365,5.35814
07/15/2019 11:16:00.000000,0.167766,14.7555,0.017525,5.066667,4.966667
07/15/2019 11:17:00.000000,0.176563,14.875,0.0175,7.4,4.728571
07/15/2019 11:18:00.000000,0.172357,18.06325,0.016525,0.052378,6.145
07/15/2019 11:19:00.000000,0.194236,20.42075,0.01515,0.02068,5.236364
07/15/2019 11:20:00.000000,0.217589,16.16875,0.0168,7.863415,4.868293
07/15/2019 11:21:00.000000,0.221654,15.67025,0.0178,17.185714,5.485714
07/15/2019 11:22:00.000000,0.190848,15.58925,0.01865,9.22,5.765
07/15/2019 11:23:00.000000,0.176243,12.891,0.022,5.674419,5.297674
07/15/2019 11:24:00.000000,0.162013,12.2825,0.0253,5.982927,4.453659
07/15/2019 11:25:00.000000,0.160275,11.6895,0.0259,4.12093,3.869767
07/15/2019 11:26:00.000000,0.16498,11.18,0.02525,9.02,4.297143
07/15/2019 11:27:00.000000,0.156948,10.74275,0.024975,0.00994,5.56129
07/15/2019 11:28:00.000000,0.158416,10.35575,0.0236,0.006955,4.815385
07/15/2019 11:29:00.000000,0.17341,,,,
07/15/2019 11:30:00.000000,0.228047,26.04325,0.01775,0.014628,5.04
07/15/2019 11:31:00.000000,0.258753,21.24175,0.0152,0.006251,4.813333
07/15/2019 11:32:00.000000,0.194927,23.721,0.0139,8.485714,4.885714
07/15/2019 11:33:00.000000,0.174165,17.99675,0.0166,0.011392,4.814634
07/15/2019 11:34:00.000000,0.1795,10.0645,0.022975,9.982927,5.653659
07/15/2019 11:35:00.000000,0.184155,12.45275,0.022125,8.07381,5.628571
07/15/2019 11:36:00.000000,0.171424,14.99875,0.0218,4.697727,4.390909
07/15/2019 11:37:00.000000,0.163388,9.5115,0.0235,9.072093,5.576744
07/15/2019 11:38:00.000000,0.163245,11.1945,0.022825,0.013871,5.285714
07/15/2019 11:39:00.000000,0.171071,7.69925,0.025875,0.009343,5.114286
07/15/2019 11:40:00.000000,0.215368,11.61475,0.024925,0.005389,4.094595
07/15/2019 11:41:00.000000,0.290554,12.56325,0.02265,8.49,4.58
07/15/2019 11:42:00.000000,0.314726,12.2945,0.0242,0.007643,4.614634
07/15/2019 11:43:00.000000,0.231826,19.1475,0.022975,0.007909,4.515
07/15/2019 11:44:00.000000,0.173019,21.5,0.021675,13.538462,4.838462
07/15/2019 11:45:00.000000,0.164257,9.272,0.02475,11.902439,4.387805
07/15/2019 11:46:00.000000,0.163365,9.123,0.025025,0.006762,4.214286
07/15/2019 11:47:00.000000,0.172373,11.743,0.024225,0.014097,4.2
07/15/2019 11:48:00.000000,0.183173,10.538,0.02405,6.130769,4.707692
07/15/2019 11:49:00.000000,0.185096,,,,
07/15/2019 11:50:00.000000,0.195685,13.68175,0.019525,6.935,4.58
07/15/2019 11:51:00.000000,0.198074,11.67475,0.022375,9.019512,5.680488
07/15/2019 11:52:00.000000,0.181522,10.36975,0.023125,8.973171,4.960976
07/15/2019 11:53:00.000000,0.172706,16.312,0.022625,16.563158,5.305263
07/15/2019 11:54:00.000000,0.367357,20.886,0.0195,0.018645,5.744186
07/15/2019 11:55:00.000000,1.035236,17.8345,0.01815,5.9375,4.78
07/15/2019 11:56:00.000000,0.693405,12.6995,0.021125,0.008134,4.683721
07/15/2019 11:57:00.000000,0.250094,10.7775,0.0228,0.007376,5.042857
07/15/2019 11:58:00.000000,0.18585,10.84,0.0225,5.887805,5.014634
07/15/2019 11:59:00.000000,0.179934,11.0145,0.022675,11.042857,5.916667
07/15/2019 12:00:00.000000,0.188523,11.1105,0.022575,9.168293,6.526829
07/15/2019 12:01:00.000000,0.207952,11.24175,0.022525,0.008954,5.665
07/15/2019 12:02:00.000000,0.218617,11.27325,0.023275,8.336957,5.847826
07/15/2019 12:03:00.000000,0.207069,11.3485,0.024025,0.006485,4.25
07/15/2019 12:04:00.000000,0.237095,11.39325,0.02415,9.703448,4.586207
07/15/2019 12:05:00.000000,0.236846,11.46425,0.0233,0.006946,4.771429
07/15/2019 12:06:00.000000,0.233157,11.619,0.023075,0.016556,8.897561
07/15/2019 12:07:00.000000,0.221005,11.5035,0.0235,8.261538,6.215385
07/15/2019 12:08:00.000000,0.183253,11.42125,0.023275,0.012499,6.118182
07/15/2019 12:09:00.000000,0.183121,,,,
07/15/2019 12:10:00.000000,0.206342,14.777,0.018975,0.007028,5.441463
07/15/2019 12:11:00.000000,0.200588,13.04575,0.0207,0.012703,5.5
07/15/2019 12:12:00.000000,0.196596,11.4145,0.022125,18.259524,6.916667
07/15/2019 12:13:00.000000,0.229384,11.3775,0.021975,5.005556,4.575
07/15/2019 12:14:00.000000,0.243408,11.58625,0.02205,0.00545,4.415909
07/15/2019 12:15:00.000000,0.229735,15.95225,0.021175,0.009917,4.742857
07/15/2019 12:16:00.000000,0.218654,16.26325,0.01985,11.775,6.5
07/15/2019 12:17:00.000000,0.315407,22.1405,0.01595,0.00836,5.795349
07/15/2019 12:18:00.000000,0.597318,20.361,0.01345,11.993939,6.915152
07/15/2019 12:19:00.000000,0.56377,23.5375,0.01245,12.140909,5.618182
07/15/2019 12:20:00.000000,0.516869,20.589,0.011425,17.297619,9.0
07/15/2019 12:21:00.000000,0.619248,20.5565,0.012,0.051838,35.142857
07/15/2019 12:22:00.000000,0.522098,23.507,0.013275,28.646341,12.595122
07/15/2019 12:23:00.000000,0.570519,27.25425,0.012775,0.028276,8.608696
07/15/2019 12:24:00.000000,0.708188,24.48125,0.0128,0.015674,6.83
07/15/2019 12:25:00.000000,0.514643,30.28875,0.01035,0.021678,8.343243
07/15/2019 12:26:00.000000,0.431281,28.452,0.009325,0.019158,7.191892
07/15/2019 12:27:00.000000,0.438799,26.86725,0.01205,13.021951,6.558537
07/15/2019 12:28:00.000000,0.376753,25.6165,0.015175,0.019121,7.188372
07/15/2019 12:29:00.000000,0.285637,,,,
07/15/2019 12:30:00.000000,0.259725,19.96775,0.019525,9.9,6.445
07/15/2019 12:31:00.000000,0.339097,22.02,0.017667,11.542857,6.7
07/15/2019 12:32:00.000000,0.60258,25.56675,0.01415,20.644737,8.805263
07/15/2019 12:33:00.000000,0.568984,20.11375,0.012625,0.018386,6.8375
07/15/2019 12:34:00.000000,0.315743,18.55875,0.0161,0.007835,5.725581
07/15/2019 12:35:00.000000,0.26569,24.21125,0.0134,0.021434,6.8
07/15/2019 12:36:00.000000,0.587009,27.6525,0.00924,23.733333,11.308333
07/15/2019 12:37:00.000000,0.683006,25.7485,0.007767,15.976923,8.582051
07/15/2019 12:38:00.000000,0.595738,26.01175,0.0064,18.640476,9.221429
07/15/2019 12:39:00.000000,0.721236,26.06625,0.004825,25.371429,7.0
07/15/2019 12:40:00.000000,0.714997,26.19125,0.005425,19.0,8.860465
07/15/2019 12:41:00.000000,0.555257,26.52525,0.006125,28.021622,9.3
07/15/2019 12:42:00.000000,0.507889,27.023,0.00586,0.032617,9.78
07/15/2019 12:43:00.000000,0.544005,27.38075,0.006767,0.020877,6.589189
07/15/2019 12:44:00.000000,0.511115,27.52175,0.008125,15.734884,6.583721
07/15/2019 12:45:00.000000,0.455449,27.839,0.0083,0.022124,8.3
07/15/2019 12:46:00.000000,0.446091,27.901,0.008625,0.027221,6.721951
07/15/2019 12:47:00.000000,0.432846,27.41225,0.009125,0.027552,5.894737
07/15/2019 12:48:00.000000,0.41578,26.92825,0.01045,0.02302,8.028571
07/15/2019 12:49:00.000000,0.393656,26.47975,0.0103,0.01031,5.818605
07/15/2019 12:50:00.000000,0.384771,25.7325,0.010075,0.026501,6.07027
07/15/2019 12:51:00.000000,0.396401,25.134,0.0109,34.742857,6.491429
07/15/2019 12:52:00.000000,0.438264,24.45925,0.012,0.027774,8.276923
07/15/2019 12:53:00.000000,0.412337,23.47725,0.0131,0.016903,6.786364
07/15/2019 12:54:00.000000,0.359209,22.7075,0.013175,22.584211,6.331579
07/15/2019 12:55:00.000000,0.343353,22.3755,0.01275,0.019974,7.32439
07/15/2019 12:56:00.000000,0.350593,22.3385,0.012125,0.013558,5.75
07/15/2019 12:57:00.000000,0.384659,22.14525,0.01175,0.042759,9.933333
07/15/2019 12:58:00.000000,0.404973,22.2275,0.010975,0.029133,7.612195
07/15/2019 12:59:00.000000,0.400826,22.07025,0.012,0.024338,5.557143
07/15/2019 13:00:00.000000,0.452417,22.1855,0.0118,0.012278,5.383784
07/15/2019 13:01:00.000000,0.473742,22.53075,0.0107,0.024795,6.253659
07/15/2019 13:02:00.000000,0.454687,22.7235,0.011675,0.009216,4.851163
07/15/2019 13:03:00.000000,0.468282,22.84675,0.01265,0.005542,4.431579
07/15/2019 13:04:00.000000,0.509954,22.84775,0.011675,12.064286,6.114286
07/15/2019 13:05:00.000000,0.581539,22.69325,0.010925,0.00822,5.4
07/15/2019 13:06:00.000000,0.569015,24.872,0.01005,14.461905,7.514286
07/15/2019 13:07:00.000000,0.51212,25.081,0.01045,0.033565,6.965
07/15/2019 13:08:00.000000,0.478269,27.323,0.009275,22.261538,6.038462
07/15/2019 13:09:00.000000,0.494305,26.359,0.009075,0.027088,9.263636
07/15/2019 13:10:00.000000,0.486691,25.361,0.00955,0.034841,7.473529
07/15/2019 13:11:00.000000,0.507697,26.1275,0.009925,0.026673,6.635
07/15/2019 13:12:00.000000,0.460783,26.2315,0.01115,0.02329,8.378049
07/15/2019 13:13:00.000000,0.412265,25.83675,0.0131,27.041176,5.691176
07/15/2019 13:14:00.000000,0.419886,25.2775,0.01465,0.021754,5.6
07/15/2019 13:15:00.000000,0.430863,24.783,0.014875,11.72,5.09
07/15/2019 13:16:00.000000,0.405939,24.142,0.0149,0.014677,4.915385
07/15/2019 13:17:00.000000,0.37912,23.541,0.01585,10.423684,5.910526
07/15/2019 13:18:00.000000,0.381879,22.72475,0.0162,0.021187,5.654054
07/15/2019 13:19:00.000000,0.428181,21.639,0.0144,0.023612,6.021053
07/15/2019 13:20:00.000000,0.40302,21.0265,0.01395,27.47,6.625
07/15/2019 13:21:00.000000,0.414435,20.68125,0.01455,0.017186,5.846341
07/15/2019 13:22:00.000000,0.47589,20.3955,0.015675,9.15,4.935
07/15/2019 13:23:00.000000,0.434624,20.40075,0.01505,17.319355,5.380645
07/15/2019 13:24:00.000000,0.47116,20.64325,0.01385,21.466667,5.883333
07/15/2019 13:25:00.000000,0.523154,21.26375,0.013167,5.13125,4.640625
07/15/2019 13:26:00.000000,0.498792,22.052333,0.013225,0.012459,5.63125
07/15/2019 13:27:00.000000,0.460538,22.21425,0.0132,0.020026,6.484615
07/15/2019 13:28:00.000000,0.450433,22.2455,0.013475,0.012471,5.356098
07/15/2019 13:29:00.000000,0.420391,22.32575,0.014325,18.285714,5.357143
07/15/2019 13:30:00.000000,0.395946,22.48975,0.014475,39.1,4.983333
07/15/2019 13:31:00.000000,0.387877,22.404,0.014175,15.268182,5.488636
07/15/2019 13:32:00.000000,0.397907,22.248,0.014525,9.25625,4.4375
07/15/2019 13:33:00.000000,0.402922,21.7355,0.0148,0.02713,7.153488
07/15/2019 13:34:00.000000,0.417444,21.67525,0.013525,21.480952,6.057143
07/15/2019 13:35:00.000000,0.447322,22.66325,0.01125,0.022335,6.228571
07/15/2019 13:36:00.000000,0.455304,26.56725,0.010025,36.353659,5.019512
07/15/2019 13:37:00.000000,0.480619,23.61575,0.0119,15.946667,6.446667
07/15/2019 13:38:00.000000,0.506191,23.12,0.0121,15.219512,8.026829
07/15/2019 13:39:00.000000,0.512993,24.014,0.011625,0.024068,5.471429
07/15/2019 13:40:00.000000,0.51317,24.2105,0.01135,0.022447,6.209091
07/15/2019 13:41:00.000000,0.460527,24.33075,0.01085,27.258537,5.460976
07/15/2019 13:42:00.000000,0.463598,24.30125,0.01175,0.017479,6.074419
07/15/2019 13:43:00.000000,0.687944,23.6985,0.0122,0.009478,5.605
07/15/2019 13:44:00.000000,0.786229,22.75225,0.0131,11.655882,4.529412
07/15/2019 13:45:00.000000,0.61649,22.27275,0.01445,0.01796,5.775
07/15/2019 13:46:00.000000,0.501419,20.8395,0.014975,0.008397,3.965625
07/15/2019 13:47:00.000000,0.406867,21.094,0.014725,11.16129,4.867742
07/15/2019 13:48:00.000000,0.41619,21.25075,0.01475,0.012991,4.813953
07/15/2019 13:49:00.000000,0.444828,21.28775,0.015325,11.092857,6.085714
07/15/2019 13:50:00.000000,0.41243,21.18525,0.0161,4.370732,3.653659
07/15/2019 13:51:00.000000,0.404793,21.056,0.0167,14.12381,3.971429
07/15/2019 13:52:00.000000,0.425874,20.96,0.0164,17.307317,3.758537
07/15/2019 13:53:00.000000,0.412109,20.8105,0.01675,0.011016,3.873333
07/15/2019 13:54:00.000000,0.386809,20.73425,0.0176,0.014146,6.471429
07/15/2019 13:55:00.000000,0.362456,20.63725,0.017625,26.35122,6.131707
07/15/2019 13:56:00.000000,0.3757,20.57325,0.016425,0.011929,4.967442
07/15/2019 13:57:00.000000,0.470885,20.50575,0.016275,0.013914,6.285
07/15/2019 13:58:00.000000,0.501156,20.669667,0.016633,20.668966,5.344828
07/15/2019 13:59:00.000000,0.446658,21.009333,0.016167,20.8,6.1
07/15/2019 14:00:00.000000,0.419463,21.207333,0.0157,0.026357,4.990244
07/15/2019 14:01:00.000000,0.418777,21.39075,0.01575,16.07,5.31
07/15/2019 14:02:00.000000,0.415912,19.81,0.015825,12.126829,4.37561
07/15/2019 14:03:00.000000,0.389722,20.1145,0.015025,25.3,4.453846
07/15/2019 14:04:00.000000,0.403745,24.2915,0.01425,20.361538,5.853846
07/15/2019 14:05:00.000000,0.449181,23.94425,0.0157,34.18,6.1
07/15/2019 14:06:00.000000,0.471757,23.45625,0.0171,26.985714,5.5
07/15/2019 14:07:00.000000,0.435113,23.29,0.0176,0.017312,4.285714
07/15/2019 14:08:00.000000,0.424819,23.13925,0.0172,0.025931,5.481818
07/15/2019 14:09:00.000000,0.423671,23.24825,0.01745,38.681395,5.951163
07/15/2019 14:10:00.000000,0.434128,23.137,0.018475,18.157143,7.585714
07/15/2019 14:11:00.000000,0.422403,22.8685,0.01905,32.517073,5.239024
07/15/2019 14:12:00.000000,0.442828,22.5525,0.019125,0.056563,5.928947
07/15/2019 14:13:00.000000,0.454434,22.33725,0.01795,22.9,4.334091
07/15/2019 14:14:00.000000,0.447117,22.067,0.018325,24.592683,5.02439
07/15/2019 14:15:00.000000,0.390436,21.7545,0.020325,14.785714,5.542857
07/15/2019 14:16:00.000000,0.368444,21.44275,0.019825,24.1125,7.81
07/15/2019 14:17:00.000000,0.36643,22.578,0.018625,33.757143,5.971429
07/15/2019 14:18:00.000000,0.394619,20.87525,0.018725,0.032103,5.6
07/15/2019 14:19:00.000000,0.423639,20.974,0.019675,14.728571,5.183333
07/15/2019 14:20:00.000000,0.408084,20.2645,0.020475,0.011131,4.071429
07/15/2019 14:21:00.000000,0.378792,20.193,0.0214,9.514286,4.757143
07/15/2019 14:22:00.000000,0.449774,20.227,0.021,0.077869,7.577273
07/15/2019 14:23:00.000000,0.505973,20.39125,0.0202,0.048163,5.1125
07/15/2019 14:24:00.000000,0.444414,20.53975,0.019975,0.030814,5.38
07/15/2019 14:25:00.000000,0.42997,20.72,0.01955,0.054146,7.814286
07/15/2019 14:26:00.000000,0.412484,21.06875,0.019025,0.030118,4.974359
07/15/2019 14:27:00.000000,0.422142,21.31825,0.0187,0.041596,4.670732
07/15/2019 14:28:00.000000,0.427614,24.16025,0.017925,0.035249,6.304444
07/15/2019 14:29:00.000000,0.402383,,,,
07/15/2019 14:30:00.000000,0.363047,21.96125,0.02065,25.773684,6.131579
07/15/2019 14:31:00.000000,0.36162,21.7745,0.0199,0.031583,7.080488
07/15/2019 14:32:00.000000,0.390402,25.31125,0.018975,0.031231,8.915
07/15/2019 14:33:00.000000,0.433944,25.54125,0.01865,34.160976,5.358537
07/15/2019 14:34:00.000000,0.405578,22.64225,0.019925,15.65,4.021875
07/15/2019 14:35:00.000000,0.377918,20.30625,0.021425,0.031563,5.416667
07/15/2019 14:36:00.000000,0.371658,20.05225,0.0216,0.026546,5.534146
07/15/2019 14:37:00.000000,0.469117,20.5825,0.021075,0.02197,6.357143
07/15/2019 14:38:00.000000,0.538602,17.6965,0.0195,0.024851,5.233333
07/15/2019 14:39:00.000000,0.541924,21.24975,0.019975,0.025762,4.225581
07/15/2019 14:40:00.000000,0.460975,18.7945,0.02365,0.022309,5.728571
07/15/2019 14:41:00.000000,0.388058,18.5795,0.02435,27.395238,4.8
07/15/2019 14:42:00.000000,0.3585,18.745,0.025475,0.026367,5.6725
07/15/2019 14:43:00.000000,0.314909,18.38675,0.02745,0.03481,6.242857
07/15/2019 14:44:00.000000,0.333684,14.572,0.0274,0.034364,5.98
07/15/2019 14:45:00.000000,0.413093,20.5805,0.02505,0.023037,4.686667
07/15/2019 14:46:00.000000,0.392482,17.30175,0.024433,0.019494,5.261538
07/15/2019 14:47:00.000000,0.318668,14.708,0.027175,0.036083,7.981395
07/15/2019 14:48:00.000000,0.344005,14.93625,0.02735,30.481081,4.210811
07/15/2019 14:49:00.000000,0.417346,16.36,0.02705,32.5875,6.715
07/15/2019 14:50:00.000000,0.401733,16.6355,0.025675,0.03013,9.923077
07/15/2019 14:51:00.000000,0.333775,16.57875,0.02595,0.035746,6.269767
07/15/2019 14:52:00.000000,0.324994,16.42475,0.027625,0.038932,9.371429
07/15/2019 14:53:00.000000,0.297571,16.3865,0.02675,24.397561,5.731707
07/15/2019 14:54:00.000000,0.318218,20.82975,0.025525,23.556098,5.939024
07/15/2019 14:55:00.000000,0.330417,20.107,0.025575,0.024447,4.866667
07/15/2019 14:56:00.000000,0.300353,19.0725,0.02575,0.049184,5.38
07/15/2019 14:57:00.000000,0.306638,18.55575,0.0253,16.335,5.245
07/15/2019 14:58:00.000000,0.325707,17.467,0.02635,38.504878,9.041463
07/15/2019 14:59:00.000000,0.371729,19.05925,0.02675,22.795122,6.978049
07/15/2019 15:00:00.000000,0.399677,21.90875,0.026575,23.146341,5.746341
07/15/2019 15:01:00.000000,0.343052,17.66875,0.02765,0.070285,6.890698
07/15/2019 15:02:00.000000,0.316747,18.94725,0.027225,30.740909,6.343182
07/15/2019 15:03:00.000000,0.311151,18.348,0.0278,0.028582,5.260976
07/15/2019 15:04:00.000000,0.322387,24.00775,0.02605,0.027051,6.918605
07/15/2019 15:05:00.000000,0.346108,24.04175,0.023275,0.05308,8.088372
07/15/2019 15:06:00.000000,0.35231,20.86525,0.025075,0.028646,8.451351
07/15/2019 15:07:00.000000,0.384069,20.7775,0.025975,23.24186,5.904651
07/15/2019 15:08:00.000000,0.404395,29.07925,0.02265,25.246512,11.853488
07/15/2019 15:09:00.000000,0.453666,23.15525,0.0218,29.486957,6.795652
07/15/2019 15:10:00.000000,0.439803,20.29975,0.02555,0.023095,3.985714
07/15/2019 15:11:00.000000,0.393864,19.79475,0.028075,0.037833,6.845
07/15/2019 15:12:00.000000,0.389664,19.50525,0.028975,24.615385,6.723077
07/15/2019 15:13:00.000000,0.370947,19.4525,0.029125,0.078401,5.009302
07/15/2019 15:14:00.000000,0.383869,19.588,0.02835,28.730233,4.527907
07/15/2019 15:15:00.000000,0.430049,19.701,0.02785,48.125,6.88
07/15/2019 15:16:00.000000,0.361296,20.2355,0.029,0.032195,5.77
07/15/2019 15:17:00.000000,0.352759,21.58275,0.0287,33.573171,6.439024
07/15/2019 15:18:00.000000,0.355409,19.49425,0.029475,19.38,5.646667
07/15/2019 15:19:00.000000,0.338911,19.2235,0.0311,14.339024,5.073171
07/15/2019 15:20:00.000000,0.360268,19.395,0.03125,31.54878,6.280488
07/15/2019 15:21:00.000000,0.32979,19.45425,0.03035,0.034932,4.916667
07/15/2019 15:22:00.000000,0.316189,19.32625,0.03075,27.042857,4.428571
07/15/2019 15:23:00.000000,0.311806,19.045,0.032275,0.041701,5.271795
07/15/2019 15:24:00.000000,0.293667,18.621,0.033725,24.2625,5.315
07/15/2019 15:25:00.000000,0.273901,18.365,0.034225,21.106977,4.462791
07/15/2019 15:26:00.000000,0.273022,22.31375,0.031825,0.031415,7.171795
07/15/2019 15:27:00.000000,0.283447,17.137,0.03,0.047916,7.466667
07/15/2019 15:28:00.000000,0.282204,16.4155,0.030225,47.055814,6.395349
07/15/2019 15:29:00.000000,0.295304,15.6155,0.0305,0.047927,7.142857
07/15/2019 15:30:00.000000,0.266604,15.64025,0.0317,25.257143,5.05
07/15/2019 15:31:00.000000,0.266893,15.58675,0.0322,0.049695,6.693023
07/15/2019 15:32:00.000000,0.285353,15.50125,0.03295,24.043902,4.795122
07/15/2019 15:33:00.000000,0.286407,16.63325,0.032525,0.051582,6.714286
07/15/2019 15:34:00.000000,0.346376,24.37125,0.027825,0.067251,7.013636
07/15/2019 15:35:00.000000,0.449593,22.027,0.02495,0.050494,6.139535
07/15/2019 15:36:00.000000,0.454991,13.87525,0.030275,39.7625,4.98
07/15/2019 15:37:00.000000,0.338177,12.9545,0.036175,27.1375,3.4875
07/15/2019 15:38:00.000000,0.258007,13.22125,0.035125,0.040489,4.671429
07/15/2019 15:39:00.000000,0.261978,13.62725,0.033075,0.043924,3.468421
07/15/2019 15:40:00.000000,0.290301,14.076333,0.031525,0.03715,4.194286
07/15/2019 15:41:00.000000,0.361893,14.54175,0.0305,22.307692,5.230769
07/15/2019 15:42:00.000000,0.304106,14.96875,0.0313,0.032847,5.725
07/15/2019 15:43:00.000000,0.270524,15.43625,0.03105,22.135,4.2325
07/15/2019 15:44:00.000000,0.286096,16.0495,0.0299,25.372727,4.590909
07/15/2019 15:45:00.000000,0.286724,17.56675,0.030025,13.358974,4.530769
07/15/2019 15:46:00.000000,0.262918,12.45825,0.03535,23.9575,5.655
07/15/2019 15:47:00.000000,0.242669,14.57175,0.034925,0.020099,4.4975
07/15/2019 15:48:00.000000,0.276768,14.932,0.03375,0.022211,4.797561
07/15/2019 15:49:00.000000,0.266772,18.52675,0.033275,17.309091,2.881818
07/15/2019 15:50:00.000000,0.239718,13.838,0.034075,0.019375,5.083333
07/15/2019 15:51:00.000000,0.23767,12.868,0.035625,21.371429,5.428571
07/15/2019 15:52:00.000000,0.234056,14.68175,0.035375,25.464103,4.130769
07/15/2019 15:53:00.000000,0.232792,14.61875,0.036025,33.223077,7.538462
07/15/2019 15:54:00.000000,0.228949,14.4795,0.036725,9.391892,4.016216
07/15/2019 15:55:00.000000,0.225281,14.3625,0.035975,14.140909,3.381818
07/15/2019 15:56:00.000000,0.256669,14.2865,0.035675,15.771429,5.185714
07/15/2019 15:57:00.000000,0.346615,14.10875,0.03705,0.022855,3.758537
07/15/2019 15:58:00.000000,0.327003,15.778,0.036175,0.031061,6.669767
07/15/2019 15:59:00.000000,0.289382,17.3935,0.03525,0.036044,4.885714
07/15/2019 16:00:00.000000,0.247714,14.64775,0.03605,19.192308,3.992308
07/15/2019 16:01:00.000000,0.234423,15.132,0.035975,0.012888,3.642857
07/15/2019 16:02:00.000000,0.090234,14.27525,0.036225,0.022442,4.512195
07/15/2019 16:03:00.000000,0.020576,14.3865,0.0369,0.01613,4.215152
07/15/2019 16:04:00.000000,0.005128,14.21125,0.038567,0.035917,5.480488
07/15/2019 16:05:00.000000,0.007016,13.984,0.03875,0.043025,4.704878
07/15/2019 16:06:00.000000,0.00576,13.861,0.037975,24.646154,6.023077
07/15/2019 16:07:00.000000,0.005859,13.99825,0.0375,21.542857,5.1
07/15/2019 16:08:00.000000,0.004808,14.0155,0.03785,20.346667,6.46
07/15/2019 16:09:00.000000,0.002366,14.00625,0.038525,0.021243,6.354545
07/15/2019 16:10:00.000000,0.001547,14.07675,0.03805,13.390323,5.13871
07/15/2019 16:11:00.000000,0.001331,14.3035,0.03685,0.030207,5.1
07/15/2019 16:12:00.000000,0.081285,14.3935,0.0376,0.026358,5.7
07/15/2019 16:13:00.000000,0.193291,14.65725,0.0377,20.389474,3.947368
07/15/2019 16:14:00.000000,0.224792,14.7145,0.0391,23.096154,3.503846
07/15/2019 16:15:00.000000,0.228224,14.41175,0.0394,0.027393,3.985714
07/15/2019 16:16:00.000000,0.24822,14.4055,0.037725,0.01717,2.779487
07/15/2019 16:17:00.000000,0.270662,14.6765,0.0378,11.831707,3.097561
07/15/2019 16:18:00.000000,0.394491,20.2625,0.037575,15.886047,5.04186
07/15/2019 16:19:00.000000,0.637919,19.82,0.035525,23.343182,3.045455
07/15/2019 16:20:00.000000,0.419243,17.968,0.0359,18.3,3.705
07/15/2019 16:21:00.000000,0.280633,13.46825,0.0392,0.02815,6.042857
07/15/2019 16:22:00.000000,0.244979,13.54525,0.040075,23.597619,4.285714
07/15/2019 16:23:00.000000,0.23448,13.59375,0.040925,0.030746,2.827907
07/15/2019 16:24:00.000000,0.217558,13.3925,0.041975,14.807692,3.276923
07/15/2019 16:25:00.000000,0.23509,13.32825,0.042,0.041402,4.063415
07/15/2019 16:26:00.000000,0.349399,13.1895,0.04365,18.021053,5.210526
07/15/2019 16:27:00.000000,0.307422,13.023,0.044075,0.018632,4.251282
07/15/2019 16:28:00.000000,0.22541,13.2965,0.0416,35.812195,3.829268
07/15/2019 16:29:00.000000,0.250509,13.41725,0.04075,0.020085,3.376923
07/15/2019 16:30:00.000000,0.273288,13.322,0.0423,21.783721,3.816279
07/15/2019 16:31:00.000000,0.249256,13.169,0.04335,0.028153,3.05
07/15/2019 16:32:00.000000,0.232912,13.09725,0.044725,0.015411,5.014286
07/15/2019 16:33:00.000000,0.22096,12.812,0.045225,11.946512,5.132558
07/15/2019 16:34:00.000000,0.224252,12.36,0.0475,9.802326,4.067442
07/15/2019 16:35:00.000000,0.217398,12.07625,0.047125,0.026109,4.681579
07/15/2019 16:36:00.000000,0.212528,11.3305,0.046775,34.095122,3.092683
07/15/2019 16:37:00.000000,0.222372,10.644,0.0485,12.753488,2.627907
07/15/2019 16:38:00.000000,0.219899,10.0825,0.048325,18.746341,2.429268
07/15/2019 16:39:00.000000,0.222638,9.71325,0.0473,15.653846,2.653846
07/15/2019 16:40:00.000000,0.226099,9.4875,0.048325,12.097561,3.126829
07/15/2019 16:41:00.000000,0.263205,9.84025,0.04755,0.012755,5.815385
07/15/2019 16:42:00.000000,0.272482,9.8675,0.04865,0.008473,3.967647
07/15/2019 16:43:00.000000,0.281517,9.89125,0.048125,0.009724,3.138462
07/15/2019 16:44:00.000000,0.387802,10.25825,0.0467,0.003083,2.073684
07/15/2019 16:45:00.000000,0.423368,14.7815,0.045075,27.094872,3.469231
07/15/2019 16:46:00.000000,0.339793,13.68275,0.0461,12.476316,3.868421
07/15/2019 16:47:00.000000,0.378771,12.45325,0.04865,0.003417,2.292308
07/15/2019 16:48:00.000000,0.375616,11.14475,0.0492,14.713514,2.67027
07/15/2019 16:49:00.000000,0.511214,11.10775,0.04885,8.095349,2.972093
07/15/2019 16:50:00.000000,0.399801,10.8075,0.0495,13.497674,3.688372
07/15/2019 16:51:00.000000,0.275806,10.48075,0.051225,13.4,2.428571
07/15/2019 16:52:00.000000,0.223566,10.14775,0.052025,28.114286,2.8
07/15/2019 16:53:00.000000,0.228292,11.42725,0.0498,0.042496,4.180488
07/15/2019 16:54:00.000000,0.27716,14.58725,0.04895,0.015491,3.389474
07/15/2019 16:55:00.000000,0.35466,10.148,0.0513,0.021199,2.581395
07/15/2019 16:56:00.000000,0.298321,9.69925,0.0517,0.031162,3.091111
07/15/2019 16:57:00.000000,0.330941,11.2025,0.05085,0.01115,2.857143
07/15/2019 16:58:00.000000,0.351466,11.014,0.05225,7.15,2.46
07/15/2019 16:59:00.000000,0.260676,10.64725,0.052375,18.791304,2.834783
07/15/2019 17:00:00.000000,0.225371,10.4335,0.051675,0.018241,3.072727
07/15/2019 17:01:00.000000,0.31222,20.87075,0.03525,0.017486,2.253846
07/15/2019 17:02:00.000000,0.558871,19.3405,0.04445,0.021548,3.75
07/15/2019 17:03:00.000000,0.38417,8.44475,0.0464,0.024078,4.441463
07/15/2019 17:04:00.000000,0.27469,10.3515,0.049875,12.402439,4.060976
07/15/2019 17:05:00.000000,0.246591,10.41025,0.052125,11.458333,4.805556
07/15/2019 17:06:00.000000,0.24144,9.652,0.0521,7.065,3.9275
07/15/2019 17:07:00.000000,0.286027,9.74825,0.052625,0.013812,4.768571
07/15/2019 17:08:00.000000,0.313089,10.214,0.0506,0.012482,4.207692
07/15/2019 17:09:00.000000,0.354846,10.54275,0.050475,8.969767,3.597674
07/15/2019 17:10:00.000000,0.346576,10.414,0.053825,11.326667,5.273333
07/15/2019 17:11:00.000000,0.275231,10.13775,0.056025,5.641463,3.053659
07/15/2019 17:12:00.000000,0.217845,9.8745,0.055825,18.202439,2.865854
07/15/2019 17:13:00.000000,0.199369,9.8075,0.054075,18.592683,5.470732
07/15/2019 17:14:00.000000,0.388541,9.828,0.055275,16.443902,4.292683
07/15/2019 17:15:00.000000,0.346074,9.58125,0.058175,0.021711,4.426829
07/15/2019 17:16:00.000000,0.223234,9.01425,0.056125,0.008732,2.84359
07/15/2019 17:17:00.000000,0.220776,8.49225,0.054925,4.34878,2.6
07/15/2019 17:18:00.000000,0.252134,8.36525,0.054975,17.5,2.933333
07/15/2019 17:19:00.000000,0.289683,8.42075,0.055425,0.019997,4.16
07/15/2019 17:20:00.000000,0.219823,8.60625,0.054325,0.012626,2.654545
07/15/2019 17:21:00.000000,0.253339,8.46925,0.0551,4.939024,2.512195
07/15/2019 17:22:00.000000,0.25957,8.1715,0.057775,0.005646,2.414634
07/15/2019 17:23:00.000000,0.192662,8.11975,0.05795,0.024285,1.897674
07/15/2019 17:24:00.000000,0.186576,7.93275,0.057725,0.019223,3.097297
07/15/2019 17:25:00.000000,0.176866,8.0075,0.057975,0.0053,2.408108
07/15/2019 17:26:00.000000,0.200663,8.068,0.0581,7.613333,2.296667
07/15/2019 17:27:00.000000,0.222164,7.84975,0.05895,0.011534,1.912903
07/15/2019 17:28:00.000000,0.187353,7.48075,0.058325,0.01514,3.329545
07/15/2019 17:29:00.000000,0.22897,,,,
07/15/2019 17:30:00.000000,0.287651,7.90975,0.055975,20.1,3.628571
07/15/2019 17:31:00.000000,0.230155,8.028,0.057725,12.842857,4.9
07/15/2019 17:32:00.000000,0.686592,8.3905,0.0568,0.011026,3.958537
07/15/2019 17:33:00.000000,0.627512,13.98375,0.055625,14.142857,2.771429
07/15/2019 17:34:00.000000,0.282791,8.53825,0.057875,13.16,3.365
07/15/2019 17:35:00.000000,0.22664,7.366,0.0592,8.722727,2.981818
07/15/2019 17:36:00.000000,0.218907,5.71825,0.0601,0.019943,2.645
07/15/2019 17:37:00.000000,0.232864,6.40775,0.057775,15.404545,3.118182
07/15/2019 17:38:00.000000,0.242557,6.53575,0.0599,14.7,2.795238
07/15/2019 17:39:00.000000,0.194755,6.6155,0.063325,14.6,3.822727
07/15/2019 17:40:00.000000,0.180546,7.04375,0.062475,0.014702,4.168182
07/15/2019 17:41:00.000000,0.213028,7.30375,0.06145,7.171429,3.45
07/15/2019 17:42:00.000000,0.220099,7.5905,0.0611,0.011925,2.914286
07/15/2019 17:43:00.000000,0.211454,7.6955,0.062475,15.624242,3.772727
07/15/2019 17:44:00.000000,0.185693,11.19125,0.061475,0.016791,3.634146
07/15/2019 17:45:00.000000,0.226958,12.01625,0.057425,0.008428,2.739535
07/15/2019 17:46:00.000000,0.285241,13.40275,0.0554,2.82439,2.434146
07/15/2019 17:47:00.000000,0.214033,8.13625,0.06005,5.276923,3.446154
07/15/2019 17:48:00.000000,0.174117,5.81825,0.0638,0.024775,2.673684
07/15/2019 17:49:00.000000,0.163676,,,,
07/15/2019 17:50:00.000000,0.160679,7.003,0.063275,0.021458,3.038095
07/15/2019 17:51:00.000000,0.20227,7.1995,0.0619,0.005995,2.053659
07/15/2019 17:52:00.000000,0.287877,7.39625,0.06065,0.018898,2.412195
07/15/2019 17:53:00.000000,0.27757,7.49075,0.061025,0.005322,1.673913
07/15/2019 17:54:00.000000,0.236067,7.299,0.0624,0.007277,2.313953
07/15/2019 17:55:00.000000,0.194984,7.23275,0.06165,6.6625,2.84
07/15/2019 17:56:00.000000,0.19305,7.253,0.0612,0.008515,2.64186
07/15/2019 17:57:00.000000,0.187257,7.22875,0.062475,0.018898,3.3
07/15/2019 17:58:00.000000,0.182589,7.12075,0.06265,8.527907,3.486047
07/15/2019 17:59:00.000000,0.217246,6.95175,0.0616,0.016143,3.112121
07/15/2019 18:00:00.000000,0.221226,7.03,0.0604,0.009763,3.28125
07/15/2019 18:01:00.000000,0.243907,6.9035,0.0617,0.008209,2.792308
07/15/2019 18:02:00.000000,0.199722,7.47175,0.059925,9.65,2.955
07/15/2019 18:03:00.000000,0.199792,7.96275,0.05795,11.344444,2.655556
07/15/2019 18:04:00.000000,0.235542,8.18175,0.05985,11.5,2.764444
07/15/2019 18:05:00.000000,0.324575,8.448,0.062775,0.007928,2.114286
07/15/2019 18:06:00.000000,0.265905,9.76775,0.063625,0.008245,3.833333
07/15/2019 18:07:00.000000,0.224383,6.67075,0.06505,2.459524,2.142857
07/15/2019 18:08:00.000000,0.240286,16.6955,0.06245,6.32,2.055
07/15/2019 18:09:00.000000,0.248392,,,,
07/15/2019 18:10:00.000000,0.218004,11.99125,0.0599,0.014162,3.636585
07/15/2019 18:11:00.000000,0.211853,7.6975,0.0616,0.011773,3.217073
07/15/2019 18:12:00.000000,0.232713,7.6535,0.0643,10.266667,3.016667
07/15/2019 18:13:00.000000,0.328677,6.645,0.0653,8.885714,4.628571
07/15/2019 18:14:00.000000,0.244733,5.8765,0.067225,0.008827,4.645
07/15/2019 18:15:00.000000,0.190571,5.9105,0.0673,0.003675,2.4
07/15/2019 18:16:00.000000,0.197416,6.13,0.06605,13.154545,3.381818
07/15/2019 18:17:00.000000,0.208022,6.33825,0.066275,14.812195,4.62439
07/15/2019 18:18:00.000000,0.262447,11.83325,0.064425,13.34878,4.219512
07/15/2019 18:19:00.000000,0.364009,15.26825,0.0597,0.01439,4.697561
07/15/2019 18:20:00.000000,0.416771,11.1755,0.0612,3.666667,3.066667
07/15/2019 18:21:00.000000,0.325828,7.95575,0.065425,12.32,3.225
07/15/2019 18:22:00.000000,0.242646,7.6,0.06715,0.132233,2.7225
07/15/2019 18:23:00.000000,0.242318,11.4715,0.064075,19.604762,3.457143
07/15/2019 18:24:00.000000,0.262556,11.65,0.061175,0.008536,2.917073
07/15/2019 18:25:00.000000,0.251059,11.55625,0.0626,0.013072,2.886364
07/15/2019 18:26:00.000000,0.243722,11.45575,0.0628,8.075,2.475
07/15/2019 18:27:00.000000,0.210363,9.1385,0.0646,17.4125,1.805
07/15/2019 18:28:00.000000,0.19597,7.51675,0.065075,25.185366,2.612195
07/15/2019 18:29:00.000000,0.191617,,,,
07/15/2019 18:30:00.000000,0.192372,6.944,0.05965,10.560465,4.562791
07/15/2019 18:31:00.000000,0.224131,7.0065,0.0568,14.814286,4.371429
07/15/2019 18:32:00.000000,0.232653,7.35875,0.055575,0.038556,3.357143
07/15/2019 18:33:00.000000,0.265394,7.91,0.054,0.026913,2.428571
07/15/2019 18:34:00.000000,0.2677,8.3695,0.0558,0.020701,6.877273
07/15/2019 18:35:00.000000,0.236724,11.27775,0.05885,0.086761,12.892683
07/15/2019 18:36:00.000000,0.20187,14.6885,0.057775,0.04264,7.063636
07/15/2019 18:37:00.000000,0.173423,9.325,0.057325,0.023849,6.171429
07/15/2019 18:38:00.000000,0.208783,7.3985,0.059725,21.068182,5.381818
07/15/2019 18:39:00.000000,0.218077,6.43,0.06035,14.514286,4.6
07/15/2019 18:40:00.000000,0.166945,6.925,0.059875,10.363636,2.427273
07/15/2019 18:41:00.000000,0.155036,7.10225,0.061,17.154545,5.295455
07/15/2019 18:42:00.000000,0.173549,7.16675,0.06265,0.016733,3.113333
07/15/2019 18:43:00.000000,0.173927,7.266,0.0621,0.047459,4.334884
07/15/2019 18:44:00.000000,0.185019,7.39975,0.060075,21.727027,4.013514
07/15/2019 18:45:00.000000,0.231622,12.189,0.058725,4.98,2.795
07/15/2019 18:46:00.000000,0.291075,12.65375,0.05886,0.039273,7.897297
07/15/2019 18:47:00.000000,0.266193,13.38125,0.060067,34.251163,3.725581
07/15/2019 18:48:00.000000,0.205603,16.4915,0.05805,0.028963,7.302326
07/15/2019 18:49:00.000000,0.259617,,,,
07/15/2019 18:50:00.000000,0.263813,8.2595,0.059,0.045649,3.742857
07/15/2019 18:51:00.000000,0.201734,7.88575,0.06026,0.041662,7.176471
07/15/2019 18:52:00.000000,0.195579,3.7185,0.0619,0.07729,6.383333
07/15/2019 18:53:00.000000,0.197711,8.85425,0.061425,0.064875,4.846154
07/15/2019 18:54:00.000000,0.2009,7.8745,0.059475,33.961905,3.4
07/15/2019 18:55:00.000000,0.223739,4.628,0.05915,0.074304,8.87907
07/15/2019 18:56:00.000000,0.191785,4.68025,0.05795,41.765854,4.25122
07/15/2019 18:57:00.000000,0.184666,7.84525,0.0568,24.736364,3.559091
07/15/2019 18:58:00.000000,0.187359,13.562,0.053525,36.728571,3.683333
07/15/2019 18:59:00.000000,0.215268,9.351,0.051925,0.038329,5.145
07/15/2019 19:00:00.000000,0.205153,10.42175,0.053875,0.039332,4.706667
07/15/2019 19:01:00.000000,0.186115,7.0305,0.0559,21.8875,4.175
07/15/2019 19:02:00.000000,0.171345,7.959,0.0581,37.175,4.877273
07/15/2019 19:03:00.000000,0.186577,8.1965,0.05895,0.029258,8.4
07/15/2019 19:04:00.000000,0.168247,7.77425,0.06016,44.822222,2.969444
07/15/2019 19:05:00.000000,0.155148,7.10125,0.0585,34.911429,9.405714
07/15/2019 19:06:00.000000,0.174221,6.4535,0.0607,20.83,5.31
07/15/2019 19:07:00.000000,0.189446,6.123,0.06178,0.036662,8.925926
07/15/2019 19:08:00.000000,0.197334,6.187,0.061967,0.077565,9.953659
07/15/2019 19:09:00.000000,0.170355,6.20075,0.06145,31.109302,6.916279
07/15/2019 19:10:00.000000,0.15976,6.21125,0.0607,0.026433,4.976744
07/15/2019 19:11:00.000000,0.181456,6.41475,0.06025,18.890244,4.956098
07/15/2019 19:12:00.000000,0.195432,6.72925,0.060575,22.411628,8.527907
07/15/2019 19:13:00.000000,0.189695,6.86725,0.06205,30.871428,6.357143
07/15/2019 19:14:00.000000,0.186181,6.5455,0.063875,0.041011,4.904878
07/15/2019 19:15:00.000000,0.213914,6.7165,0.062975,0.127653,4.183721
07/15/2019 19:16:00.000000,0.213397,8.183,0.06295,0.03889,4.357143
07/15/2019 19:17:00.000000,0.167537,9.91525,0.0633,0.062556,6.673684
07/15/2019 19:18:00.000000,0.223751,10.953,0.061825,0.023461,7.013043
07/15/2019 19:19:00.000000,0.252687,11.97175,0.06215,28.373333,4.382222
07/15/2019 19:20:00.000000,0.21159,9.96375,0.0626,0.027877,5.909302
07/15/2019 19:21:00.000000,0.198258,8.2155,0.063825,0.026279,6.552632
07/15/2019 19:22:00.000000,0.202711,8.1875,0.063525,17.976744,4.104651
07/15/2019 19:23:00.000000,0.201064,8.1575,0.06405,24.030952,6.014286
07/15/2019 19:24:00.000000,0.217347,8.39225,0.06315,30.17,4.19
07/15/2019 19:25:00.000000,0.218011,8.874,0.059925,13.195455,3.022727
07/15/2019 19:26:00.000000,0.236614,9.1055,0.061125,0.021189,4.226829
07/15/2019 19:27:00.000000,0.201486,9.07825,0.064475,19.642857,3.833333
07/15/2019 19:28:00.000000,0.190897,9.07375,0.06515,0.006665,3.7
07/15/2019 19:29:00.000000,0.184093,,,,
07/15/2019 19:30:00.000000,0.193357,9.46775,0.063125,12.267442,6.276744
07/15/2019 19:31:00.000000,0.205693,10.03,0.062725,25.163415,5.729268
07/15/2019 19:32:00.000000,0.24122,9.884,0.063375,0.049119,4.343478
07/15/2019 19:33:00.000000,0.230984,9.348,0.06525,41.975,5.715
07/15/2019 19:34:00.000000,0.192725,8.9345,0.065475,0.028737,4.193023
07/15/2019 19:35:00.000000,0.19884,12.2395,0.063475,0.030503,4.677273
07/15/2019 19:36:00.000000,0.248754,15.46425,0.0604,0.027208,6.541463
07/15/2019 19:37:00.000000,0.291612,10.19575,0.061025,0.045587,8.086957
07/15/2019 19:38:00.000000,0.212481,8.2625,0.062925,0.037814,7.11
07/15/2019 19:39:00.000000,0.192057,7.63525,0.064275,0.021792,7.983333
07/15/2019 19:40:00.000000,0.18319,7.831,0.063025,20.32439,6.75122
07/15/2019 19:41:00.000000,0.213744,8.3795,0.060875,0.018046,4.066667
07/15/2019 19:42:00.000000,0.237609,8.7485,0.0608,0.017087,3.338462
07/15/2019 19:43:00.000000,0.207593,9.02475,0.06215,18.0,7.05
07/15/2019 19:44:00.000000,0.212764,12.9235,0.0593,19.482927,7.287805
07/15/2019 19:45:00.000000,0.307522,9.18525,0.058175,0.024528,4.980488
07/15/2019 19:46:00.000000,0.28079,8.946,0.058775,0.054042,6.870455
07/15/2019 19:47:00.000000,0.199273,8.19625,0.054725,32.486364,4.709091
07/15/2019 19:48:00.000000,0.272627,16.01175,0.049,0.013864,3.421951
07/15/2019 19:49:00.000000,0.360291,,,,
07/15/2019 19:50:00.000000,0.234428,8.793,0.0563,26.2925,4.6075
07/15/2019 19:51:00.000000,0.201361,6.31925,0.0566,27.585366,4.953659
07/15/2019 19:52:00.000000,0.193851,3.58,0.055925,75.618182,6.697727
07/15/2019 19:53:00.000000,0.208148,4.1355,0.05425,35.277419,4.445161
07/15/2019 19:54:00.000000,0.186109,4.38975,0.05504,0.053205,4.475758
07/15/2019 19:55:00.000000,0.3532,4.71275,0.055067,0.07538,2.818182
07/15/2019 19:56:00.000000,0.386808,7.83175,0.04975,0.032171,4.414706
07/15/2019 19:57:00.000000,0.182798,10.898,0.04762,22.329412,5.570588
07/15/2019 19:58:00.000000,0.170513,9.56875,0.043567,23.907692,4.5
07/15/2019 19:59:00.000000,0.197141,7.019,0.0536,0.044221,5.32439
07/15/2019 20:00:00.000000,0.181202,5.4975,0.053375,0.039315,3.666667
07/15/2019 20:01:00.000000,0.174235,8.0436,0.052875,0.034013,5.823529
07/15/2019 20:02:00.000000,0.174433,3.352333,0.051975,0.018928,3.878947
07/15/2019 20:03:00.000000,0.234069,14.1865,0.04935,0.018573,5.442857
07/15/2019 20:04:00.000000,0.437251,9.25025,0.0499,0.023127,3.941026
07/15/2019 20:05:00.000000,0.263711,3.335,0.05295,0.019607,4.490476
07/15/2019 20:06:00.000000,0.158484,4.94425,0.05245,0.035672,4.96
07/15/2019 20:07:00.000000,0.160268,6.4,0.051075,0.067092,5.583333
07/15/2019 20:08:00.000000,0.19966,8.94825,0.049175,47.1875,5.0
07/15/2019 20:09:00.000000,0.269093,11.217,0.04855,,
07/15/2019 20:10:00.000000,0.24912,7.499,0.049425,0.061493,6.769767
07/15/2019 20:11:00.000000,0.237482,9.9115,0.04995,25.592683,6.780488
07/15/2019 20:12:00.000000,0.243763,9.905,0.050175,0.041199,4.946512
07/15/2019 20:13:00.000000,0.232129,9.68575,0.047975,0.056461,6.909302
07/15/2019 20:14:00.000000,0.249414,9.5875,0.047275,59.1,8.253333
07/15/2019 20:15:00.000000,0.232141,9.2115,0.0496,20.597143,6.068571
07/15/2019 20:16:00.000000,0.180338,8.78275,0.05135,36.138095,4.854762
07/15/2019 20:17:00.000000,0.168991,8.81325,0.049075,0.036286,5.546154
07/15/2019 20:18:00.000000,0.229576,11.39,0.0467,21.706977,6.704651
07/15/2019 20:19:00.000000,0.255153,7.10075,0.049325,27.694444,6.994444
07/15/2019 20:20:00.000000,0.224235,9.2295,0.049275,53.819512,8.404878
07/15/2019 20:21:00.000000,0.237366,9.4285,0.046175,0.03974,7.142857
07/15/2019 20:22:00.000000,0.234112,9.97175,0.0452,23.753846,4.064103
07/15/2019 20:23:00.000000,0.254744,5.8025,0.04525,0.025712,4.858333
07/15/2019 20:24:00.000000,0.2384,12.0065,0.0449,18.009091,4.640909
07/15/2019 20:25:00.000000,0.234179,10.01325,0.0476,13.409091,6.845455
07/15/2019 20:26:00.000000,0.201537,11.56375,0.0481,24.488372,5.860465
07/15/2019 20:27:00.000000,0.219526,14.214,0.0464,0.029623,5.516667
07/15/2019 20:28:00.000000,0.228848,11.6975,0.0467,0.045172,10.583333
07/15/2019 20:29:00.000000,0.179574,11.119,0.045875,0.061649,8.604762
07/15/2019 20:30:00.000000,0.213538,15.85525,0.043025,29.970732,4.785366
07/15/2019 20:31:00.000000,0.250313,10.673,0.044225,20.494444,5.95
07/15/2019 20:32:00.000000,0.230567,13.68625,0.04655,0.026427,8.04
07/15/2019 20:33:00.000000,0.198659,9.844,0.047825,0.021229,5.169767
07/15/2019 20:34:00.000000,0.183272,9.61725,0.04705,0.020749,5.939535
07/15/2019 20:35:00.000000,0.186583,10.288,0.043725,0.050922,4.956098
07/15/2019 20:36:00.000000,0.214646,10.62375,0.043975,0.008346,3.419512
07/15/2019 20:37:00.000000,0.200848,13.21575,0.045,0.044497,6.813953
07/15/2019 20:38:00.000000,0.255584,13.9395,0.0454,0.01996,4.528889
07/15/2019 20:39:00.000000,0.277241,10.14025,0.047675,0.05574,6.344186
07/15/2019 20:40:00.000000,0.280163,9.906,0.0477,0.04281,6.035
07/15/2019 20:41:00.000000,0.411536,12.153,0.0387,22.748837,4.67907
07/15/2019 20:42:00.000000,0.305258,24.62525,0.04175,24.185366,5.765854
07/15/2019 20:43:00.000000,0.292263,11.25225,0.045375,0.016811,4.8
07/15/2019 20:44:00.000000,0.254899,10.77925,0.047125,29.254545,4.852273
07/15/2019 20:45:00.000000,0.206397,8.82475,0.048675,0.024811,4.997143
07/15/2019 20:46:00.000000,0.186065,7.374,0.05085,0.028607,4.0
07/15/2019 20:47:00.000000,0.182711,10.6305,0.049325,45.902941,4.770588
07/15/2019 20:48:00.000000,0.181333,6.83675,0.0501,0.033653,4.2
07/15/2019 20:49:00.000000,0.167003,7.56225,0.04925,5.890244,2.904878
07/15/2019 20:50:00.000000,0.171676,14.9065,0.044475,0.02637,5.824444
07/15/2019 20:51:00.000000,0.175216,11.4,0.044875,33.495122,6.980488
07/15/2019 20:52:00.000000,0.172191,10.04825,0.04695,27.453488,5.895349
07/15/2019 20:53:00.000000,0.182166,11.21075,0.046075,0.031921,5.215625
07/15/2019 20:54:00.000000,0.192734,11.70725,0.042525,34.446154,6.384615
07/15/2019 20:55:00.000000,0.199335,11.95275,0.043325,0.026189,4.276744
07/15/2019 20:56:00.000000,0.167618,12.1795,0.04375,22.719048,5.233333
07/15/2019 20:57:00.000000,0.177355,12.51925,0.042975,41.596875,7.04375
07/15/2019 20:58:00.000000,0.196687,12.4915,0.044825,36.434884,5.797674
07/15/2019 20:59:00.000000,0.178812,9.959,0.04495,0.028418,6.257895
07/15/2019 21:00:00.000000,0.20709,11.24925,0.042325,14.228571,5.628571
07/15/2019 21:01:00.000000,0.224024,17.15275,0.040225,0.028047,5.073171
07/15/2019 21:02:00.000000,0.245126,16.807,0.040575,0.027463,5.66
07/15/2019 21:03:00.000000,0.215791,13.88075,0.0421,46.759524,8.707143
07/15/2019 21:04:00.000000,0.19753,16.76075,0.04115,45.555555,5.806667
07/15/2019 21:05:00.000000,0.239392,13.83025,0.041125,0.0353,6.112766
07/15/2019 21:06:00.000000,0.289283,13.7205,0.042525,23.94878,4.25122
07/15/2019 21:07:00.000000,0.323793,11.096,0.04555,20.075,6.875
07/15/2019 21:08:00.000000,0.271795,24.76725,0.031925,23.921739,9.01087
07/15/2019 21:09:00.000000,0.291537,24.83775,0.0383,0.026961,6.895122
07/15/2019 21:10:00.000000,0.25022,17.51525,0.0377,16.728571,5.542857
07/15/2019 21:11:00.000000,0.238355,11.94625,0.042,27.802326,8.325581
07/15/2019 21:12:00.000000,0.242263,11.351,0.045725,13.437209,5.3
07/15/2019 21:13:00.000000,0.304226,12.11725,0.0459,0.046201,6.557143
07/15/2019 21:14:00.000000,0.273159,11.835,0.0464,21.936585,5.278049
07/15/2019 21:15:00.000000,0.251883,11.51425,0.04625,27.221951,4.146341
07/15/2019 21:16:00.000000,0.21382,11.1545,0.0455,0.025922,4.912195
07/15/2019 21:17:00.000000,0.206105,10.94475,0.045575,0.01977,5.940909
07/15/2019 21:18:00.000000,0.199627,14.777,0.044325,27.095349,3.448837
07/15/2019 21:19:00.000000,0.212135,11.18775,0.044775,0.022931,4.025
07/15/2019 21:20:00.000000,0.204822,11.19175,0.04535,18.653488,5.372093
07/15/2019 21:21:00.000000,0.219503,9.69575,0.045475,0.036143,7.385
07/15/2019 21:22:00.000000,0.255529,14.64575,0.03775,31.665854,6.078049
07/15/2019 21:23:00.000000,0.296799,17.08975,0.045025,30.889474,7.736842
07/15/2019 21:24:00.000000,0.306266,14.04075,0.04395,0.040507,4.770732
07/15/2019 21:25:00.000000,0.323847,17.4935,0.039375,31.436585,4.282927
07/15/2019 21:26:00.000000,0.293031,18.005,0.038725,31.556097,8.312195
07/15/2019 21:27:00.000000,0.245474,13.76425,0.04055,0.064108,5.742857
07/15/2019 21:28:00.000000,0.260966,10.2525,0.0444,0.041143,4.17561
07/15/2019 21:29:00.000000,0.225495,8.82975,0.04605,0.03252,4.87234
07/15/2019 21:30:00.000000,0.186743,8.88125,0.045525,13.9,4.475
07/15/2019 21:31:00.000000,0.192839,9.08325,0.0446,0.028241,4.826829
07/15/2019 21:32:00.000000,0.208237,9.109,0.045025,0.02091,4.56
07/15/2019 21:33:00.000000,0.185207,10.74375,0.04455,0.041397,3.5
07/15/2019 21:34:00.000000,0.17858,15.52375,0.0411,0.034448,3.045
07/15/2019 21:35:00.000000,0.229449,11.03525,0.04295,0.020084,5.228571
07/15/2019 21:36:00.000000,0.244003,12.02825,0.04495,0.020635,4.667391
07/15/2019 21:37:00.000000,0.240603,10.208,0.0451,0.040613,3.625
07/15/2019 21:38:00.000000,0.24822,9.834,0.04675,28.426829,4.412195
07/15/2019 21:39:00.000000,0.223396,9.79,0.047075,0.027181,5.453659
07/15/2019 21:40:00.000000,0.229027,9.62625,0.04715,11.278261,5.104348
07/15/2019 21:41:00.000000,0.24441,11.075,0.046975,0.034788,6.177273
07/15/2019 21:42:00.000000,0.230326,9.6195,0.04625,34.6,4.428571
07/15/2019 21:43:00.000000,0.225791,9.15275,0.046375,0.029665,4.442857
07/15/2019 21:44:00.000000,0.209282,12.873,0.044575,0.023275,3.913953
07/15/2019 21:45:00.000000,0.209434,9.7405,0.0443,15.59,4.14
07/15/2019 21:46:00.000000,0.197322,10.8095,0.04505,0.03104,3.287805
07/15/2019 21:47:00.000000,0.214185,10.58175,0.044375,0.024714,4.277273
07/15/2019 21:48:00.000000,0.352678,11.05,0.04255,0.015467,4.583721
07/15/2019 21:49:00.000000,0.431334,17.07825,0.039225,0.024968,3.906667
07/15/2019 21:50:00.000000,0.411497,36.79575,0.036025,6.4,3.8
07/15/2019 21:51:00.000000,0.351782,30.029,0.037825,13.630769,6.34359
07/15/2019 21:52:00.000000,0.269905,13.046,0.040775,0.043355,5.534146
07/15/2019 21:53:00.000000,0.319859,13.975,0.041525,18.69,4.11
07/15/2019 21:54:00.000000,0.322065,12.0215,0.042825,0.038785,7.18
07/15/2019 21:55:00.000000,0.251999,13.2135,0.041175,23.589744,4.882051
07/15/2019 21:56:00.000000,0.238584,14.19675,0.03645,0.039864,6.2
07/15/2019 21:57:00.000000,0.275212,25.6625,0.031725,29.783333,7.288889
07/15/2019 21:58:00.000000,0.398715,32.36575,0.029575,23.028571,6.483333
07/15/2019 21:59:00.000000,0.389094,17.01375,0.03725,25.097674,6.048837
07/15/2019 22:00:00.000000,0.276903,13.513,0.04305,34.478049,6.0
07/15/2019 22:01:00.000000,0.254365,9.96275,0.04575,34.730769,6.574359
07/15/2019 22:02:00.000000,0.066286,10.76775,0.045625,19.8875,7.295
07/15/2019 22:03:00.000000,0.013867,11.1485,0.0445,0.0418,6.536364
07/15/2019 22:04:00.000000,0.007208,11.004,0.045375,38.995122,5.119512
07/15/2019 22:05:00.000000,0.005672,11.28425,0.0429,44.997619,9.014286
07/15/2019 22:06:00.000000,0.007736,11.95225,0.0397,26.33421,8.436842
07/15/2019 22:07:00.000000,0.003911,15.12925,0.0396,0.018493,4.851163
07/15/2019 22:08:00.000000,0.006037,20.02975,0.040175,20.888372,5.146512
07/15/2019 22:09:00.000000,0.002267,32.13325,0.039825,23.080952,4.957143
07/15/2019 22:10:00.000000,0.003274,11.2655,0.041575,0.01697,3.093023
07/15/2019 22:11:00.000000,0.001866,13.564,0.042625,61.714286,4.857143
07/15/2019 22:12:00.000000,0.073867,13.084,0.04365,35.642857,6.485714
07/15/2019 22:13:00.000000,0.190998,12.772,0.043575,26.12439,3.712195
07/15/2019 22:14:00.000000,0.238855,12.587,0.04475,26.8,3.285714
07/15/2019 22:15:00.000000,0.243092,13.5135,0.0432,0.048621,3.969767
07/15/2019 22:16:00.000000,0.343053,13.417,0.0421,0.041524,4.514634
07/15/2019 22:17:00.000000,0.35095,13.684,0.042125,46.932558,4.686047
07/15/2019 22:18:00.000000,0.296812,20.026,0.039225,0.037075,6.476923
07/15/2019 22:19:00.000000,0.314014,15.4445,0.03985,0.018453,5.370455
07/15/2019 22:20:00.000000,0.254609,12.30875,0.04345,25.565116,5.434884
07/15/2019 22:21:00.000000,0.228922,13.397,0.04365,0.043953,5.154545
07/15/2019 22:22:00.000000,0.2378,22.61375,0.038125,0.017385,4.848837
07/15/2019 22:23:00.000000,0.214196,18.585,0.036825,16.083721,2.993023
07/15/2019 22:24:00.000000,0.30347,17.53875,0.038575,0.016078,2.7
07/15/2019 22:25:00.000000,0.363532,9.30275,0.0425,15.563415,3.126829
07/15/2019 22:26:00.000000,0.25923,9.09675,0.0454,21.573171,2.868293
07/15/2019 22:27:00.000000,0.248294,11.87075,0.044325,0.02335,1.966667
07/15/2019 22:28:00.000000,0.205039,14.414,0.04255,0.033723,5.75814
07/15/2019 22:29:00.000000,0.227656,15.87525,0.040775,0.021953,5.060465
07/15/2019 22:30:00.000000,0.284477,16.29525,0.038975,13.660465,2.706977
07/15/2019 22:31:00.000000,0.303025,9.65325,0.041925,0.012769,2.468182
07/15/2019 22:32:00.000000,0.243624,9.16775,0.0412,0.018186,2.075
07/15/2019 22:33:00.000000,0.216839,28.84825,0.031775,7.631818,2.163636
07/15/2019 22:34:00.000000,0.250001,20.75575,0.038275,5.085714,1.866667
07/15/2019 22:35:00.000000,0.226772,15.042,0.0397,7.911628,3.223256
07/15/2019 22:36:00.000000,0.218946,11.7515,0.042175,2.571429,1.871429
07/15/2019 22:37:00.000000,0.223974,12.6675,0.04175,28.116667,2.457143
07/15/2019 22:38:00.000000,0.282533,8.92775,0.043925,10.271429,2.771429
07/15/2019 22:39:00.000000,0.242485,5.04175,0.0471,2.664706,1.976471
07/15/2019 22:40:00.000000,0.184301,7.02125,0.047725,0.022203,2.31
07/15/2019 22:41:00.000000,0.163726,9.794,0.047125,9.605,2.9775
07/15/2019 22:42:00.000000,0.178941,12.049,0.04485,6.719512,3.612195
07/15/2019 22:43:00.000000,0.18002,13.45,0.041725,17.076923,3.530769
07/15/2019 22:44:00.000000,0.203176,15.27125,0.0404,0.00781,2.997674
07/15/2019 22:45:00.000000,0.208102,13.9885,0.04375,0.013386,2.9
07/15/2019 22:46:00.000000,0.194416,13.51475,0.0457,8.085294,4.064706
07/15/2019 22:47:00.000000,0.218306,12.6375,0.047375,5.635556,2.833333
07/15/2019 22:48:00.000000,0.209896,11.909,0.046575,6.558824,2.6
07/15/2019 22:49:00.000000,0.215266,11.15825,0.045975,3.1,2.515
07/15/2019 22:50:00.000000,0.210291,10.6785,0.0459,6.516667,2.666667
07/15/2019 22:51:00.000000,0.260677,9.775,0.046675,0.011299,4.617949
07/15/2019 22:52:00.000000,0.21837,9.2295,0.046075,0.013833,3.093023
07/15/2019 22:53:00.000000,0.202207,9.211,0.0455,6.1975,2.3875
07/15/2019 22:54:00.000000,0.176171,6.00375,0.046,0.003276,2.214634
07/15/2019 22:55:00.000000,0.152449,8.01,0.0451,0.006516,1.773171
07/15/2019 22:56:00.000000,0.167415,3.833,0.048575,0.003291,1.44186
07/15/2019 22:57:00.000000,0.225341,7.35575,0.04855,3.854545,1.918182
07/15/2019 22:58:00.000000,0.27317,6.76125,0.0481,0.001742,1.231707
07/15/2019 22:59:00.000000,0.232836,6.48425,0.04855,2.97,1.78
07/15/2019 23:00:00.000000,0.231902,6.49825,0.046125,6.385714,1.985714
07/15/2019 23:01:00.000000,0.249073,6.6955,0.044625,0.00927,2.342857
07/15/2019 23:02:00.000000,0.209261,6.791,0.0452,7.712195,2.980488
07/15/2019 23:03:00.000000,0.202191,7.25125,0.043075,5.692683,1.990244
07/15/2019 23:04:00.000000,0.288667,7.41425,0.045275,0.002003,1.292308
07/15/2019 23:05:00.000000,0.242977,7.85475,0.044975,13.45,2.2
07/15/2019 23:06:00.000000,0.207864,9.3615,0.041925,0.022767,3.002326
07/15/2019 23:07:00.000000,0.270016,10.81375,0.041875,0.022353,6.1
07/15/2019 23:08:00.000000,0.245026,11.5995,0.04415,0.032929,7.96
07/15/2019 23:09:00.000000,0.223774,12.17775,0.04495,0.017556,6.127273
07/15/2019 23:10:00.000000,0.243209,12.40975,0.047525,0.01607,3.790698
07/15/2019 23:11:00.000000,0.209423,12.2035,0.048725,0.018523,4.225
07/15/2019 23:12:00.000000,0.225792,16.2725,0.04495,11.595349,3.869767
07/15/2019 23:13:00.000000,0.323126,21.052,0.039375,38.218605,7.232558
07/15/2019 23:14:00.000000,0.395831,19.0615,0.0365,0.072498,6.17907
07/15/2019 23:15:00.000000,0.313275,16.893,0.0361,52.970732,7.863415
07/15/2019 23:16:00.000000,0.269601,16.12825,0.0369,0.037469,8.534884
07/15/2019 23:17:00.000000,0.229026,16.0665,0.0372,0.044006,9.855814
07/15/2019 23:18:00.000000,0.217842,16.50275,0.037025,19.05122,7.709756
07/15/2019 23:19:00.000000,0.214682,11.96675,0.040225,0.029185,7.047727
07/15/2019 23:20:00.000000,0.202402,9.9935,0.04325,20.27,7.255
07/15/2019 23:21:00.000000,0.200645,6.846,0.044525,0.021573,8.157143
07/15/2019 23:22:00.000000,0.181146,6.201,0.044075,0.088813,5.838462
07/15/2019 23:23:00.000000,0.200861,6.643,0.042275,0.046715,5.214634
07/15/2019 23:24:00.000000,0.201465,7.1295,0.04185,0.061831,7.226667
07/15/2019 23:25:00.000000,0.198634,7.66425,0.04185,13.392683,4.526829
07/15/2019 23:26:00.000000,0.183721,8.3115,0.040975,0.045673,6.245455
07/15/2019 23:27:00.000000,0.197653,13.31125,0.036725,29.2,6.427273
07/15/2019 23:28:00.000000,0.260711,11.4755,0.03815,15.624444,5.724444
07/15/2019 23:29:00.000000,0.207867,9.827,0.0424,16.413953,5.6
07/15/2019 23:30:00.000000,0.162404,12.43625,0.040775,0.02453,6.202326
07/15/2019 23:31:00.000000,0.167086,12.82725,0.0392,0.024715,4.757143
07/15/2019 23:32:00.000000,0.186946,13.307,0.03585,0.016842,4.841463
07/15/2019 23:33:00.000000,0.222152,16.4375,0.03325,31.275,5.691667
07/15/2019 23:34:00.000000,0.265481,13.8855,0.034825,18.3,5.128571
07/15/2019 23:35:00.000000,0.26561,14.3285,0.036225,0.015942,4.228571
07/15/2019 23:36:00.000000,0.483073,9.401,0.038675,0.030364,5.642857
07/15/2019 23:37:00.000000,0.423224,12.69775,0.03905,18.70303,6.745455
07/15/2019 23:38:00.000000,0.243945,13.394,0.03875,0.020914,4.4
07/15/2019 23:39:00.000000,0.222603,12.41975,0.0396,13.26,5.688889
07/15/2019 23:40:00.000000,0.196611,12.218,0.039525,0.026781,5.747727
07/15/2019 23:41:00.000000,0.226968,12.03775,0.039425,12.957143,4.928571
07/15/2019 23:42:00.000000,0.238256,11.909,0.038975,16.590698,5.316279
07/15/2019 23:43:00.000000,0.231663,15.34525,0.0383,17.741463,4.631707
07/15/2019 23:44:00.000000,0.195411,16.28425,0.0365,0.022264,5.677273
07/15/2019 23:45:00.000000,0.194804,16.6925,0.03475,10.765789,5.573684
07/15/2019 23:46:00.000000,0.198122,18.14675,0.033475,0.006608,4.994737
07/15/2019 23:47:00.000000,0.230327,19.7955,0.0341,0.019981,4.392308
07/15/2019 23:48:00.000000,0.247526,19.05725,0.036725,0.015774,3.528571
07/15/2019 23:49:00.000000,0.204699,,,,
07/15/2019 23:50:00.000000,0.197123,17.073,0.038375,4.631707,4.443902
07/15/2019 23:51:00.000000,0.219552,15.9205,0.0381,0.010815,4.4
07/15/2019 23:52:00.000000,0.219636,14.57625,0.040225,6.318919,4.316216
07/15/2019 23:53:00.000000,0.189851,13.31175,0.040925,9.634211,4.215789
07/15/2019 23:54:00.000000,0.200206,12.19625,0.03995,13.345,5.815
07/15/2019 23:55:00.000000,0.199459,11.43725,0.038475,5.493333,4.453333
07/15/2019 23:56:00.000000,0.210009,11.24125,0.03645,0.021236,4.027907
07/15/2019 23:57:00.000000,0.218873,11.6125,0.034433,8.404,5.056
07/15/2019 23:58:00.000000,0.212084,11.665667,0.0354,6.507317,5.014634
07/15/2019 23:59:00.000000,0.224542,11.692,0.038725,0.010195,5.171429
07/16/2019 00:00:00.000000,0.22651,11.80275,0.03955,0.012932,6.480488
07/16/2019 00:01:00.000000,0.214175,12.631,0.03775,8.8,5.0
07/16/2019 00:02:00.000000,0.211138,13.014,0.03625,9.265,5.55
07/16/2019 00:03:00.000000,0.206249,13.3705,0.0374,9.736842,4.942105
07/16/2019 00:04:00.000000,0.204154,12.968,0.0374,0.036252,4.457143
07/16/2019 00:05:00.000000,0.258736,14.706,0.0375,0.017662,5.275
07/16/2019 00:06:00.000000,0.213618,14.40775,0.037275,7.6125,5.315
07/16/2019 00:07:00.000000,0.199071,14.05975,0.036375,16.02093,5.634884
07/16/2019 00:08:00.000000,0.202863,13.77175,0.035625,10.268182,5.195455
07/16/2019 00:09:00.000000,0.252468,23.983,0.02995,0.006207,4.59
07/16/2019 00:10:00.000000,0.279324,16.411,0.030725,0.014136,5.366667
07/16/2019 00:11:00.000000,0.272604,10.15525,0.037825,0.010996,5.242857
07/16/2019 00:12:00.000000,0.23524,8.2935,0.04055,5.131818,4.695455
07/16/2019 00:13:00.000000,0.195569,6.206,0.041725,0.011721,5.206667
07/16/2019 00:14:00.000000,0.174203,6.3385,0.04115,5.239535,4.611628
07/16/2019 00:15:00.000000,0.182945,6.77825,0.039975,0.008491,5.871429
07/16/2019 00:16:00.000000,0.199385,10.77175,0.038225,12.248837,4.927907
07/16/2019 00:17:00.000000,0.191081,9.658,0.04045,9.157143,5.3
07/16/2019 00:18:00.000000,0.200274,8.8815,0.0414,4.812195,4.460976
07/16/2019 00:19:00.000000,0.219891,8.49525,0.041225,6.462162,4.645946
07/16/2019 00:20:00.000000,0.19952,12.3455,0.038375,0.011408,5.086207
07/16/2019 00:21:00.000000,0.250643,8.82175,0.037033,0.00767,4.673171
07/16/2019 00:22:00.000000,0.240435,8.625,0.0402,0.012653,5.890698
07/16/2019 00:23:00.000000,0.263973,7.3355,0.041825,7.013333,4.326667
07/16/2019 00:24:00.000000,0.248449,7.0325,0.0431,0.009448,5.1
07/16/2019 00:25:00.000000,0.17408,6.83325,0.043825,0.005057,3.5
07/16/2019 00:26:00.000000,0.164384,8.70825,0.04215,0.011092,5.078049
07/16/2019 00:27:00.000000,0.208531,14.48875,0.037325,8.784211,3.884211
07/16/2019 00:28:00.000000,0.223242,9.15025,0.03735,0.008137,4.357895
07/16/2019 00:29:00.000000,0.208028,,,,
07/16/2019 00:30:00.000000,0.38262,12.07525,0.037575,8.378049,6.02439
07/16/2019 00:31:00.000000,0.569422,11.47625,0.037925,0.005411,3.895122
07/16/2019 00:32:00.000000,0.326381,11.30625,0.038675,9.490244,3.582927
07/16/2019 00:33:00.000000,0.212823,11.0005,0.03885,0.008012,3.094737
07/16/2019 00:34:00.000000,0.187128,10.55275,0.040175,0.003871,2.662222
07/16/2019 00:35:00.000000,0.182322,10.205,0.041,0.010114,2.93
07/16/2019 00:36:00.000000,0.295386,9.981,0.0407,0.007846,3.0875
07/16/2019 00:37:00.000000,0.352751,14.261,0.037125,0.027928,3.607692
07/16/2019 00:38:00.000000,0.377379,20.83425,0.032175,10.039535,4.388372
07/16/2019 00:39:00.000000,0.362813,20.88275,0.0327,23.890244,4.414634
07/16/2019 00:40:00.000000,0.25615,14.16725,0.03585,0.019188,3.290244
07/16/2019 00:41:00.000000,0.22949,10.30475,0.039475,9.525641,4.320513
07/16/2019 00:42:00.000000,0.20042,8.1305,0.040975,8.2125,4.5
07/16/2019 00:43:00.000000,0.192794,8.4,0.03855,4.047619,3.642857
07/16/2019 00:44:00.000000,0.187261,8.96975,0.037725,0.008324,4.769231
07/16/2019 00:45:00.000000,0.170005,9.4575,0.0384,0.008803,4.914286
07/16/2019 00:46:00.000000,0.185578,17.342,0.03505,0.010822,4.211628
07/16/2019 00:47:00.000000,0.225639,15.05025,0.0331,8.487805,5.636585
07/16/2019 00:48:00.000000,0.228611,24.189,0.031075,0.012896,6.393333
07/16/2019 00:49:00.000000,0.25156,,,,
07/16/2019 00:50:00.000000,0.283229,20.69025,0.029025,11.457143,4.371429
07/16/2019 00:51:00.000000,0.240365,21.2715,0.0324,10.9,4.71
07/16/2019 00:52:00.000000,0.220601,15.41025,0.033625,9.509302,5.972093
07/16/2019 00:53:00.000000,0.223597,17.8985,0.033275,6.490244,4.004878
07/16/2019 00:54:00.000000,0.248543,17.82175,0.031725,16.042857,5.616667
07/16/2019 00:55:00.000000,0.293095,21.47825,0.031225,0.011607,5.228571
07/16/2019 00:56:00.000000,0.326094,21.444,0.030075,11.557895,4.594737
07/16/2019 00:57:00.000000,0.324655,19.48975,0.03005,0.014441,3.515385
07/16/2019 00:58:00.000000,0.296493,17.5955,0.0332,4.338462,3.3
07/16/2019 00:59:00.000000,0.256538,18.38325,0.033725,0.012341,5.246154
07/16/2019 01:00:00.000000,0.289447,19.56725,0.0322,17.971429,4.142857
07/16/2019 01:01:00.000000,0.306309,19.18825,0.031875,0.022705,6.395349
07/16/2019 01:02:00.000000,0.283896,21.79725,0.028975,14.057143,6.114286
07/16/2019 01:03:00.000000,0.279468,20.03275,0.0283,20.111628,6.086047
07/16/2019 01:04:00.000000,0.267193,14.91525,0.0328,0.017627,5.597674
07/16/2019 01:05:00.000000,0.811873,21.9865,0.03205,0.010239,5.757143
07/16/2019 01:06:00.000000,2.053527,12.90775,0.03325,0.012965,6.318182
07/16/2019 01:07:00.000000,0.876637,11.35675,0.038275,0.016649,5.638462
07/16/2019 01:08:00.000000,0.357989,11.487,0.0385,5.519512,4.304878
07/16/2019 01:09:00.000000,0.358588,,,,
07/16/2019 01:10:00.000000,0.556233,20.23375,0.037875,10.946667,5.34
07/16/2019 01:11:00.000000,0.38793,10.844,0.037225,0.007007,4.610526
07/16/2019 01:12:00.000000,0.236381,12.66425,0.039325,0.021823,6.719512
07/16/2019 01:13:00.000000,0.213574,13.689,0.03815,0.028287,7.1
07/16/2019 01:14:00.000000,0.333011,9.6025,0.037825,0.024151,5.563415
07/16/2019 01:15:00.000000,0.320066,9.8645,0.04105,0.020077,9.067442
07/16/2019 01:16:00.000000,0.273339,10.2185,0.040575,13.4,7.261538
07/16/2019 01:17:00.000000,0.318201,11.204,0.038175,14.917949,6.189744
07/16/2019 01:18:00.000000,0.284662,8.769,0.0386,0.020306,8.77907
07/16/2019 01:19:00.000000,0.233314,11.58975,0.0379,13.477778,6.96
07/16/2019 01:20:00.000000,0.345572,12.77925,0.03655,0.018706,7.025
07/16/2019 01:21:00.000000,0.478201,11.899,0.03875,0.017696,6.225
07/16/2019 01:22:00.000000,0.414799,11.1215,0.04115,11.397436,6.1
07/16/2019 01:23:00.000000,0.255482,15.40575,0.037875,17.936585,8.404878
07/16/2019 01:24:00.000000,0.370973,22.20775,0.028575,6.63913,5.321739
07/16/2019 01:25:00.000000,0.427061,16.80175,0.03045,12.6,5.8
07/16/2019 01:26:00.000000,0.417543,18.846,0.031575,0.01219,6.928889
07/16/2019 01:27:00.000000,0.582758,23.13625,0.028675,0.026126,7.351163
07/16/2019 01:28:00.000000,0.429271,27.05775,0.02505,0.023003,8.4
07/16/2019 01:29:00.000000,0.370365,,,,
07/16/2019 01:30:00.000000,0.510581,24.05175,0.02355,18.982927,8.807317
07/16/2019 01:31:00.000000,0.448283,24.427333,0.0259,0.011841,6.026829
07/16/2019 01:32:00.000000,0.402653,23.16675,0.032425,0.010385,4.743182
07/16/2019 01:33:00.000000,0.322133,21.625,0.037575,16.1,9.057143
07/16/2019 01:34:00.000000,0.237471,19.63375,0.03975,0.028253,7.59
07/16/2019 01:35:00.000000,0.200083,17.7585,0.040625,9.490244,5.663415
07/16/2019 01:36:00.000000,0.183642,15.9925,0.039575,0.015462,6.428571
07/16/2019 01:37:00.000000,0.185433,14.28725,0.039075,17.961538,8.292308
07/16/2019 01:38:00.000000,0.191722,12.666,0.038425,37.830233,7.846512
07/16/2019 01:39:00.000000,0.21273,11.389,0.037375,0.017441,8.035135
07/16/2019 01:40:00.000000,0.233475,11.01,0.0382,0.016097,7.328571
07/16/2019 01:41:00.000000,0.26711,10.90025,0.038825,6.085366,5.236585
07/16/2019 01:42:00.000000,0.268914,10.74325,0.0405,22.195349,7.662791
07/16/2019 01:43:00.000000,0.235113,10.8385,0.040175,0.015899,7.683721
07/16/2019 01:44:00.000000,0.234112,10.67,0.03985,0.012555,5.76
07/16/2019 01:45:00.000000,0.231872,10.36725,0.04075,0.016733,6.83
07/16/2019 01:46:00.000000,0.234194,9.962,0.0407,16.528571,7.614286
07/16/2019 01:47:00.000000,0.22927,9.55075,0.0402,0.020452,7.528571
07/16/2019 01:48:00.000000,0.225419,9.301,0.038725,0.022786,6.830233
07/16/2019 01:49:00.000000,0.226441,,,,
07/16/2019 01:50:00.000000,0.226639,9.443,0.038425,0.008616,6.542857
07/16/2019 01:51:00.000000,0.225102,12.5125,0.0374,5.25,5.25
07/16/2019 01:52:00.000000,0.226654,10.788,0.0375,0.020015,5.185366
07/16/2019 01:53:00.000000,0.21948,9.46425,0.0399,0.016326,6.815
07/16/2019 01:54:00.000000,0.21338,9.44825,0.039925,0.013815,5.485
07/16/2019 01:55:00.000000,0.210827,9.5405,0.0389,11.753659,8.102439
07/16/2019 01:56:00.000000,0.254363,9.6035,0.0382,18.793023,6.87907
07/16/2019 01:57:00.000000,0.289823,9.7245,0.037675,16.080952,5.07619
07/16/2019 01:58:00.000000,0.266062,9.8235,0.0375,0.013902,6.057143
07/16/2019 01:59:00.000000,0.24209,10.12975,0.03705,0.015993,6.029268
07/16/2019 02:00:00.000000,0.246035,10.44825,0.036875,0.041643,7.195122
07/16/2019 02:01:00.000000,0.249876,10.4655,0.03795,13.336585,6.290244
07/16/2019 02:02:00.000000,0.230984,10.44525,0.0389,9.783721,5.583721
07/16/2019 02:03:00.000000,0.213111,10.539,0.037825,11.74,5.16
07/16/2019 02:04:00.000000,0.219687,10.69075,0.036875,0.03079,8.997561
07/16/2019 02:05:00.000000,0.245521,10.69125,0.037875,0.014703,6.116279
07/16/2019 02:06:00.000000,0.239865,10.546,0.03995,12.436842,6.410526
07/16/2019 02:07:00.000000,0.212712,10.1235,0.041475,11.928205,5.076923
07/16/2019 02:08:00.000000,0.204796,9.7135,0.041275,13.82619,5.828571
07/16/2019 02:09:00.000000,0.202831,9.56175,0.04125,8.694872,4.730769
07/16/2019 02:10:00.000000,0.20688,9.4475,0.0412,16.504878,5.695122
07/16/2019 02:11:00.000000,0.197505,9.3035,0.039625,0.027331,5.9
07/16/2019 02:12:00.000000,0.21488,9.40575,0.0393,13.314286,6.757143
07/16/2019 02:13:00.000000,0.241581,9.786,0.039425,6.797368,5.839474
07/16/2019 02:14:00.000000,0.241354,9.90275,0.03835,8.939024,6.302439
07/16/2019 02:15:00.000000,0.23495,10.517,0.0347,0.020857,7.9
07/16/2019 02:16:00.000000,0.267747,14.367,0.031075,13.66,7.265
07/16/2019 02:17:00.000000,0.301025,13.7565,0.0331,0.012096,7.1
07/16/2019 02:18:00.000000,0.271144,12.0195,0.0357,0.012522,7.014634
07/16/2019 02:19:00.000000,0.244497,11.103,0.03755,0.016139,6.826667
07/16/2019 02:20:00.000000,0.231778,11.02825,0.038225,13.286364,7.640909
07/16/2019 02:21:00.000000,0.24061,11.0255,0.037475,0.023528,7.195455
07/16/2019 02:22:00.000000,0.223171,11.06925,0.0371,6.756098,5.307317
07/16/2019 02:23:00.000000,0.218566,11.19275,0.0375,19.025,6.105
07/16/2019 02:24:00.000000,0.228255,11.26025,0.0372,0.014904,7.836585
07/16/2019 02:25:00.000000,0.235688,11.35725,0.036725,0.020674,8.1
07/16/2019 02:26:00.000000,0.245777,11.5065,0.036125,0.019356,9.6
07/16/2019 02:27:00.000000,0.256554,11.60875,0.0361,0.014271,6.974419
07/16/2019 02:28:00.000000,0.270074,11.68775,0.036125,0.020103,7.769231
07/16/2019 02:29:00.000000,0.271719,11.9175,0.03525,0.014281,5.865854
07/16/2019 02:30:00.000000,0.277502,11.98,0.03515,14.051282,6.346154
07/16/2019 02:31:00.000000,0.343263,12.162,0.033775,11.293333,7.26
07/16/2019 02:32:00.000000,0.331415,12.727,0.03255,0.032226,9.3375
07/16/2019 02:33:00.000000,0.298935,17.0095,0.032725,0.016066,7.483333
07/16/2019 02:34:00.000000,0.299923,11.6345,0.03505,13.125,6.845
07/16/2019 02:35:00.000000,0.260155,11.55025,0.037025,10.371429,7.228571
07/16/2019 02:36:00.000000,0.25003,13.038,0.036,0.011686,6.697674
07/16/2019 02:37:00.000000,0.263812,12.87425,0.03655,0.019574,6.856098
07/16/2019 02:38:00.000000,0.254606,12.58025,0.03805,33.086486,5.727027
07/16/2019 02:39:00.000000,0.233946,12.2855,0.0378,0.029724,7.276923
07/16/2019 02:40:00.000000,0.243813,11.962,0.036975,11.455,7.345
07/16/2019 02:41:00.000000,0.256017,11.79425,0.035825,0.01644,6.019512
07/16/2019 02:42:00.000000,0.242418,11.4425,0.037,0.015724,5.411429
07/16/2019 02:43:00.000000,0.22795,11.1145,0.037625,14.419512,7.021951
07/16/2019 02:44:00.000000,0.224916,10.8395,0.036575,16.865116,7.816279
07/16/2019 02:45:00.000000,0.25453,10.82125,0.0359,0.016544,6.790244
07/16/2019 02:46:00.000000,0.280365,11.03125,0.035575,0.024494,6.268293
07/16/2019 02:47:00.000000,0.278113,11.2475,0.034625,14.163415,6.456098
07/16/2019 02:48:00.000000,0.298074,16.403,0.031325,0.028998,7.012195
07/16/2019 02:49:00.000000,0.431358,18.989,0.0285,32.718605,5.844186
07/16/2019 02:50:00.000000,0.395062,15.1365,0.030725,18.05122,6.346341
07/16/2019 02:51:00.000000,0.314875,13.9685,0.032125,0.025448,7.75
07/16/2019 02:52:00.000000,0.305756,13.313,0.033425,18.602326,7.053488
07/16/2019 02:53:00.000000,0.285712,13.1455,0.0352,0.009434,6.557143
07/16/2019 02:54:00.000000,0.251654,12.927,0.036125,13.371429,7.014286
07/16/2019 02:55:00.000000,0.248324,12.6305,0.036,15.9,7.78
07/16/2019 02:56:00.000000,0.314389,12.304,0.035875,12.785,7.475
07/16/2019 02:57:00.000000,0.330865,12.03125,0.035275,11.021053,6.473684
07/16/2019 02:58:00.000000,0.30394,11.82325,0.03515,0.012309,6.214634
07/16/2019 02:59:00.000000,0.287289,11.551,0.035475,11.865116,7.748837
07/16/2019 03:00:00.000000,0.25612,11.36175,0.03575,20.053659,6.378049
07/16/2019 03:01:00.000000,0.235322,11.349,0.035225,0.029621,8.157143
07/16/2019 03:02:00.000000,0.283113,11.36525,0.035,11.265116,6.693023
07/16/2019 03:03:00.000000,0.312754,11.5155,0.03545,15.858537,6.570732
07/16/2019 03:04:00.000000,0.260354,11.74025,0.034875,0.011354,5.653488
07/16/2019 03:05:00.000000,0.242802,11.89275,0.03435,0.024961,6.69
07/16/2019 03:06:00.000000,0.238507,11.8895,0.034625,0.016232,6.214286
07/16/2019 03:07:00.000000,0.239678,11.86975,0.03555,0.03427,7.92439
07/16/2019 03:08:00.000000,0.235966,11.7705,0.036025,0.020809,5.728571
07/16/2019 03:09:00.000000,0.2273,11.6165,0.036425,0.013835,5.966667
07/16/2019 03:10:00.000000,0.22402,11.395,0.036975,14.657895,5.510526
07/16/2019 03:11:00.000000,0.233456,11.25175,0.0361,18.411628,6.404651
07/16/2019 03:12:00.000000,0.255862,10.996,0.03505,0.030046,8.433333
07/16/2019 03:13:00.000000,0.254909,10.8325,0.034625,15.207692,6.769231
07/16/2019 03:14:00.000000,0.282983,10.7365,0.03515,8.075,4.85
07/16/2019 03:15:00.000000,0.284856,10.568,0.0364,54.889474,5.726316
07/16/2019 03:16:00.000000,0.226051,10.43725,0.0372,11.648837,4.953488
07/16/2019 03:17:00.000000,0.208604,10.3945,0.036625,0.013993,8.85
07/16/2019 03:18:00.000000,0.23166,10.4465,0.0354,11.669231,5.346154
07/16/2019 03:19:00.000000,0.240756,10.41025,0.034575,0.030007,5.2
07/16/2019 03:20:00.000000,0.278016,10.48725,0.034975,13.662963,6.066667
07/16/2019 03:21:00.000000,0.282418,10.19125,0.036725,0.010697,5.324242
07/16/2019 03:22:00.000000,0.225951,9.9155,0.037775,12.506897,7.810345
07/16/2019 03:23:00.000000,0.217588,10.00225,0.036925,4.95,4.8
07/16/2019 03:24:00.000000,0.239771,10.286,0.0352,5.045455,4.952273
07/16/2019 03:25:00.000000,0.23719,10.29525,0.036,5.7,5.0
07/16/2019 03:26:00.000000,0.224042,10.1165,0.0373,15.742857,8.0
07/16/2019 03:27:00.000000,0.217139,10.047,0.0371,0.014086,5.707407
07/16/2019 03:28:00.000000,0.213351,9.84825,0.037875,0.017725,6.28
07/16/2019 03:29:00.000000,0.225877,9.935,0.038575,,
07/16/2019 03:30:00.000000,0.225333,9.9965,0.0385,8.367742,6.096774
07/16/2019 03:31:00.000000,0.209401,9.74975,0.0381,11.057143,4.728571
07/16/2019 03:32:00.000000,0.203143,9.32875,0.03855,24.7,6.058974
07/16/2019 03:33:00.000000,0.210582,9.192,0.0385,14.911765,6.482353
07/16/2019 03:34:00.000000,0.210856,9.2195,0.0371,4.945161,4.758065
07/16/2019 03:35:00.000000,0.205926,9.21275,0.036767,10.7,5.7
07/16/2019 03:36:00.000000,0.21281,9.26775,0.036725,11.788095,5.385714
07/16/2019 03:37:00.000000,0.222991,9.28575,0.03675,0.014221,5.47
07/16/2019 03:38:00.000000,0.22428,9.55075,0.035875,12.514286,6.357143
07/16/2019 03:39:00.000000,0.273279,9.904,0.034675,0.023208,6.997561
07/16/2019 03:40:00.000000,0.301474,10.84425,0.03515,0.018046,5.478049
07/16/2019 03:41:00.000000,0.256145,13.01175,0.03535,9.625581,5.630233
07/16/2019 03:42:00.000000,0.262327,10.769,0.0353,13.480952,7.242857
07/16/2019 03:43:00.000000,0.264581,10.4455,0.036,0.019679,8.402564
07/16/2019 03:44:00.000000,0.262298,10.9945,0.035375,8.916667,5.85
07/16/2019 03:45:00.000000,0.256491,10.82675,0.035825,7.926829,6.129268
07/16/2019 03:46:00.000000,0.237766,10.7115,0.036025,0.016998,5.889744
07/16/2019 03:47:00.000000,0.233766,10.516,0.035675,9.123256,6.832558
07/16/2019 03:48:00.000000,0.21913,10.27875,0.036575,0.021242,5.378049
07/16/2019 03:49:00.000000,0.205489,,,,
07/16/2019 03:50:00.000000,0.201773,9.8295,0.037725,8.915,5.245
07/16/2019 03:51:00.000000,0.212878,9.684,0.037175,0.01117,5.904762
07/16/2019 03:52:00.000000,0.273058,9.56825,0.0361,11.295,6.935
07/16/2019 03:53:00.000000,0.339932,9.704,0.034925,14.682857,6.602857
07/16/2019 03:54:00.000000,0.28284,12.7635,0.03345,0.009669,6.076923
07/16/2019 03:55:00.000000,0.24345,12.32025,0.033225,0.010072,5.835294
07/16/2019 03:56:00.000000,0.226612,13.2865,0.033425,0.010642,7.0
07/16/2019 03:57:00.000000,0.231982,15.288,0.031275,21.8,5.657143
07/16/2019 03:58:00.000000,0.242956,15.1655,0.032075,0.016604,6.997727
07/16/2019 03:59:00.000000,0.244076,14.919,0.032325,15.411628,7.127907
07/16/2019 04:00:00.000000,0.265946,14.6475,0.032125,18.128571,6.757143
07/16/2019 04:01:00.000000,0.272734,14.387333,0.03225,10.975,6.7
07/16/2019 04:02:00.000000,0.076513,13.90225,0.032375,12.748837,6.130233
07/16/2019 04:03:00.000000,0.01483,13.5465,0.031875,9.964865,6.586486
07/16/2019 04:04:00.000000,-9999.0,13.297,0.0311,18.375,6.205
07/16/2019 04:05:00.000000,-9999.0,13.11975,0.03085,12.256098,7.065854
07/16/2019 04:06:00.000000,0.00011,16.9255,0.02955,0.012546,6.040426
07/16/2019 04:07:00.000000,-9999.0,14.19925,0.03045,0.02971,13.265
07/16/2019 04:08:00.000000,-9999.0,10.078,0.03475,9.490244,6.14878
07/16/2019 04:09:00.000000,-9999.0,,,,
07/16/2019 04:10:00.000000,-9999.0,15.23775,0.03175,8.352174,6.234783
07/16/2019 04:11:00.000000,-9999.0,13.4995,0.030225,0.012143,6.576471
07/16/2019 04:12:00.000000,0.081794,13.6795,0.0297,11.425,6.685
07/16/2019 04:13:00.000000,0.237303,13.5805,0.030125,9.285714,5.757143
07/16/2019 04:14:00.000000,0.30747,12.7625,0.032525,0.011573,6.112195
07/16/2019 04:15:00.000000,0.272528,12.74775,0.032125,0.02296,6.2
07/16/2019 04:16:00.000000,0.283606,13.03425,0.031875,29.007317,17.395122
07/16/2019 04:17:00.000000,0.271785,13.1455,0.0311,23.692308,9.033333
07/16/2019 04:18:00.000000,0.246794,13.16625,0.03085,0.010124,5.430769
07/16/2019 04:19:00.000000,0.23558,13.231,0.0308,17.510526,5.621053
07/16/2019 04:20:00.000000,0.244099,13.0455,0.0309,15.873171,6.468293
07/16/2019 04:21:00.000000,0.237933,12.946,0.0322,0.016811,7.804651
07/16/2019 04:22:00.000000,0.22596,12.82675,0.0329,0.011532,6.507317
07/16/2019 04:23:00.000000,0.223914,12.48275,0.033275,44.182927,7.992683
07/16/2019 04:24:00.000000,0.214245,11.577,0.034,19.048649,7.881081
07/16/2019 04:25:00.000000,0.201017,11.04825,0.0337,0.018012,6.865
07/16/2019 04:26:00.000000,0.203138,11.014,0.03205,0.018488,6.2
07/16/2019 04:27:00.000000,0.22188,10.71675,0.03225,0.012298,6.506977
07/16/2019 04:28:00.000000,0.231524,10.53425,0.032725,0.006915,5.183333
07/16/2019 04:29:00.000000,0.228898,10.3045,0.03305,10.021951,6.692683
07/16/2019 04:30:00.000000,0.214716,10.48425,0.032125,15.528571,6.742857
07/16/2019 04:31:00.000000,0.224447,10.59675,0.03095,24.825,7.616667
07/16/2019 04:32:00.000000,0.226316,10.7045,0.0325,0.016996,6.355
07/16/2019 04:33:00.000000,0.238351,10.661,0.0339,16.895,7.885
07/16/2019 04:34:00.000000,0.279711,10.13825,0.034,15.509756,7.090244
07/16/2019 04:35:00.000000,0.2647,9.94225,0.033225,0.014495,6.042857
07/16/2019 04:36:00.000000,0.226012,9.7845,0.0328,13.985366,6.92439
07/16/2019 04:37:00.000000,0.245282,9.745,0.03245,16.285714,7.516667
07/16/2019 04:38:00.000000,0.24418,9.4695,0.032475,0.018423,8.795122
07/16/2019 04:39:00.000000,0.233148,9.1675,0.03315,0.015508,7.240541
07/16/2019 04:40:00.000000,0.218718,9.0475,0.033875,0.018527,7.318919
07/16/2019 04:41:00.000000,0.21158,8.96725,0.0333,0.015921,6.073171
07/16/2019 04:42:00.000000,0.234313,8.89625,0.0325,0.013916,6.815385
07/16/2019 04:43:00.000000,0.251736,8.9735,0.03185,23.378049,8.45122
07/16/2019 04:44:00.000000,0.272752,9.02225,0.0315,0.014577,6.102703
07/16/2019 04:45:00.000000,0.280116,13.17075,0.028925,25.0,6.021053
07/16/2019 04:46:00.000000,0.281324,8.1415,0.02715,16.085714,7.3
07/16/2019 04:47:00.000000,0.261094,0.1425,0.0295,0.021084,8.182927
07/16/2019 04:48:00.000000,0.248033,-9999.0,0.0306,0.031719,5.985714
07/16/2019 04:49:00.000000,0.263182,-9999.0,0.030225,,
07/16/2019 04:50:00.000000,0.26932,-9999.0,0.0298,14.713953,6.725581
07/16/2019 04:51:00.000000,0.254511,-9999.0,0.030175,13.240541,7.378378
07/16/2019 04:52:00.000000,0.238462,0.0295,0.0324,13.022222,6.655556
07/16/2019 04:53:00.000000,0.227362,0.0725,0.032725,0.011874,6.584211
07/16/2019 04:54:00.000000,0.229898,0.109,0.0319,0.012886,6.085714
07/16/2019 04:55:00.000000,0.20598,0.1265,0.031625,0.019865,6.085366
07/16/2019 04:56:00.000000,0.204019,0.09775,0.0304,14.482222,6.606667
07/16/2019 04:57:00.000000,0.216821,3.0235,0.029675,0.014145,6.175
07/16/2019 04:58:00.000000,0.221883,4.708,0.031625,18.345455,7.654545
07/16/2019 04:59:00.000000,0.204832,1.49575,0.03266,17.379412,8.582353
07/16/2019 05:00:00.000000,0.209825,1.76225,0.030533,15.037838,9.186486
07/16/2019 05:01:00.000000,0.226304,1.306,0.03026,25.64375,6.5875
07/16/2019 05:02:00.000000,0.212679,1.15375,0.0327,20.109756,5.646341
07/16/2019 05:03:00.000000,0.20833,1.093,0.03225,0.020051,8.004545
07/16/2019 05:04:00.000000,0.220546,1.14025,0.03245,12.502326,6.893023
07/16/2019 05:05:00.000000,0.217007,1.18575,0.033525,5.678049,5.063415
07/16/2019 05:06:00.000000,0.210672,1.18275,0.033,0.01462,7.370732
07/16/2019 05:07:00.000000,0.227832,1.30425,0.032875,20.740541,7.732432
07/16/2019 05:08:00.000000,0.211347,1.38975,0.0334,12.935,6.765
07/16/2019 05:09:00.000000,0.196126,1.389,0.03405,9.815,5.5275
07/16/2019 05:10:00.000000,0.192156,1.354,0.034075,0.018461,7.724242
07/16/2019 05:11:00.000000,0.205019,1.48075,0.033875,9.928571,5.914286
07/16/2019 05:12:00.000000,0.204307,1.445,0.033375,0.037336,6.804651
07/16/2019 05:13:00.000000,0.198549,1.463,0.032775,0.023211,6.146341
07/16/2019 05:14:00.000000,0.198259,1.425,0.032175,16.3,10.08
07/16/2019 05:15:00.000000,0.199557,1.29075,0.0309,0.01526,7.686486
07/16/2019 05:16:00.000000,0.211534,1.22925,0.03115,14.376923,8.215385
07/16/2019 05:17:00.000000,0.215057,32.85725,0.03155,19.046341,8.814634
07/16/2019 05:18:00.000000,0.220028,65.56025,0.029875,0.027893,7.185714
07/16/2019 05:19:00.000000,0.221707,69.851,0.0298,8.3875,6.305
07/16/2019 05:20:00.000000,0.216959,69.99475,0.03155,0.017121,6.534884
07/16/2019 05:21:00.000000,0.225689,71.0255,0.031575,0.021669,9.530233
07/16/2019 05:22:00.000000,0.248776,70.60275,0.032725,6.8,5.725581
07/16/2019 05:23:00.000000,0.221892,70.48775,0.032675,16.488372,5.860465
07/16/2019 05:24:00.000000,0.244622,70.331,0.032325,16.9,6.930769
07/16/2019 05:25:00.000000,0.273537,70.2515,0.03165,0.019995,6.152632
07/16/2019 05:26:00.000000,0.267382,53.03625,0.031225,0.015611,6.78
07/16/2019 05:27:00.000000,0.257929,4.7005,0.029825,15.6125,6.4875
07/16/2019 05:28:00.000000,0.255358,0.0,0.02885,0.044745,6.907692
07/16/2019 05:29:00.000000,0.24673,0.0,0.029675,15.916667,7.083333
07/16/2019 05:30:00.000000,0.22989,-9999.0,0.030875,0.017057,5.814286
07/16/2019 05:31:00.000000,0.216353,-9999.0,0.031475,0.012865,6.030233
07/16/2019 05:32:00.000000,0.208305,-9999.0,0.031175,11.207692,7.115385
07/16/2019 05:33:00.000000,0.254499,-9999.0,0.031125,0.019514,6.783721
07/16/2019 05:34:00.000000,0.380746,-9999.0,0.031625,0.009003,5.647619
07/16/2019 05:35:00.000000,0.25564,-9999.0,0.03285,0.01557,6.85122
07/16/2019 05:36:00.000000,0.208439,-9999.0,0.033475,14.087179,6.761538
07/16/2019 05:37:00.000000,0.261894,1.195667,0.03335,0.026659,8.543902
07/16/2019 05:38:00.000000,0.282059,2.3075,0.032275,0.011151,6.505
07/16/2019 05:39:00.000000,0.208698,3.7025,0.0312,0.026887,10.795122
07/16/2019 05:40:00.000000,0.18948,4.9325,0.031475,13.488372,8.330233
07/16/2019 05:41:00.000000,0.188553,6.22725,0.031725,19.341463,6.092683
07/16/2019 05:42:00.000000,0.199423,7.413,0.03175,27.825,6.48
07/16/2019 05:43:00.000000,0.205896,8.67075,0.0314,0.018399,7.535
07/16/2019 05:44:00.000000,0.208323,9.57475,0.0322,17.719512,7.870732
07/16/2019 05:45:00.000000,0.194767,9.5155,0.0326,10.656757,7.22973
07/16/2019 05:46:00.000000,0.190616,9.34575,0.03175,0.016293,6.826471
07/16/2019 05:47:00.000000,0.134432,9.163,0.03135,0.022178,7.554286
07/16/2019 05:48:00.000000,0.336047,8.96425,0.032825,0.016541,7.016667
07/16/2019 05:49:00.000000,0.75272,8.77125,0.0332,12.034884,6.813953
07/16/2019 05:50:00.000000,0.956086,8.598,0.0336,6.6375,5.645
07/16/2019 05:51:00.000000,1.014219,8.43675,0.033825,16.247619,6.085714
07/16/2019 05:52:00.000000,1.032086,8.31725,0.033325,0.02637,7.409091
07/16/2019 05:53:00.000000,1.041439,8.22825,0.033325,24.657143,7.183333
07/16/2019 05:54:00.000000,1.043409,8.09525,0.033425,14.770732,6.768293
07/16/2019 05:55:00.000000,1.045478,7.943,0.032675,0.032937,6.786047
07/16/2019 05:56:00.000000,0.998591,7.9995,0.0318,0.017821,6.886047
07/16/2019 05:57:00.000000,0.518972,8.0775,0.031925,12.776744,8.104651
07/16/2019 05:58:00.000000,0.068456,8.15525,0.032333,17.388372,6.290698
07/16/2019 05:59:00.000000,0.016703,8.28175,0.03185,16.27561,7.75122
07/16/2019 06:00:00.000000,0.018261,8.4865,0.03085,0.021559,7.771429
07/16/2019 06:01:00.000000,0.01684,8.6495,0.031325,0.013967,7.187805
07/16/2019 06:02:00.000000,0.014552,8.788,0.0316,28.19,7.015
07/16/2019 06:03:00.000000,0.010585,8.86025,0.03115,0.01256,5.971429
07/16/2019 06:04:00.000000,0.008863,8.861,0.031975,0.013178,7.245
07/16/2019 06:05:00.000000,0.004781,8.874,0.032925,0.015798,6.390244
07/16/2019 06:06:00.000000,-9999.0,8.823,0.0339,12.825,6.625
07/16/2019 06:07:00.000000,0.045418,8.7695,0.03325,6.226829,5.373171
07/16/2019 06:08:00.000000,0.161454,8.6585,0.033075,13.436842,7.373684
07/16/2019 06:09:00.000000,0.215467,8.55975,0.0328,0.016189,6.946341
07/16/2019 06:10:00.000000,0.258442,8.474,0.031725,0.006641,4.993023
07/16/2019 06:11:00.000000,0.291583,8.42575,0.031625,0.019118,8.642857
07/16/2019 06:12:00.000000,0.290822,8.4015,0.032,7.6,6.430435
07/16/2019 06:13:00.000000,0.294162,8.44625,0.03155,0.018272,9.011628
07/16/2019 06:14:00.000000,0.328614,8.56,0.031225,7.745,6.695
07/16/2019 06:15:00.000000,0.351709,8.7415,0.031,0.013684,6.284091
07/16/2019 06:16:00.000000,0.304883,8.8145,0.03175,0.01887,7.676744
07/16/2019 06:17:00.000000,0.222502,8.9255,0.032175,0.01423,7.812766
07/16/2019 06:18:00.000000,0.200629,8.9865,0.032075,0.028203,7.205
07/16/2019 06:19:00.000000,0.190082,9.01175,0.033525,32.762791,7.1
07/16/2019 06:20:00.000000,0.179103,9.02375,0.03385,15.6375,6.275
07/16/2019 06:21:00.000000,0.175449,9.0795,0.03235,10.51,7.545
07/16/2019 06:22:00.000000,0.186094,9.22875,0.031525,0.015808,7.095238
07/16/2019 06:23:00.000000,0.202054,9.111,0.03195,10.180952,6.228571
07/16/2019 06:24:00.000000,0.192122,9.08725,0.031975,16.081395,6.444186
07/16/2019 06:25:00.000000,0.195898,9.03575,0.0316,0.038277,6.415
07/16/2019 06:26:00.000000,0.192498,9.0295,0.0325,0.01754,5.971429
07/16/2019 06:27:00.000000,0.192988,9.094,0.03295,11.635,7.175
07/16/2019 06:28:00.000000,0.19481,9.17925,0.0317,13.15,6.473684
07/16/2019 06:29:00.000000,0.185826,9.11,0.032125,0.016695,7.8
07/16/2019 06:30:00.000000,0.180196,8.97375,0.03225,12.304878,8.014634
07/16/2019 06:31:00.000000,0.182016,9.00175,0.031325,0.014405,6.822727
07/16/2019 06:32:00.000000,0.188306,9.11775,0.0312,0.015828,7.62
07/16/2019 06:33:00.000000,0.193731,9.184,0.031275,7.353333,6.5
07/16/2019 06:34:00.000000,0.201515,9.149,0.0316,17.38,7.405
07/16/2019 06:35:00.000000,0.202119,9.0545,0.032275,21.041463,5.360976
07/16/2019 06:36:00.000000,0.186614,8.9335,0.032275,14.028571,6.185714
07/16/2019 06:37:00.000000,0.18339,8.83925,0.032025,16.228571,6.657143
07/16/2019 06:38:00.000000,0.187386,8.69,0.032275,0.023624,7.7
07/16/2019 06:39:00.000000,0.182442,8.4645,0.033125,0.02184,8.070732
07/16/2019 06:40:00.000000,0.173723,8.229,0.0335,0.041164,7.160976
07/16/2019 06:41:00.000000,0.173122,8.023,0.033075,15.242857,7.0
07/16/2019 06:42:00.000000,0.178126,7.937,0.0336,7.095349,6.225581
07/16/2019 06:43:00.000000,0.179643,7.87525,0.033175,18.241463,8.917073
07/16/2019 06:44:00.000000,0.176195,7.836,0.0321,7.009756,5.502439
07/16/2019 06:45:00.000000,0.183368,7.72475,0.032825,11.314286,5.214286
07/16/2019 06:46:00.000000,0.180189,7.61575,0.0344,0.01759,6.5
07/16/2019 06:47:00.000000,0.170961,7.5,0.0422,12.986047,8.113953
07/16/2019 06:48:00.000000,0.164485,7.325,0.052675,17.284615,6.353846
07/16/2019 06:49:00.000000,0.162017,7.15325,0.0561,0.019876,9.317073
07/16/2019 06:50:00.000000,0.166683,7.09275,0.0572,10.146154,6.307692
07/16/2019 06:51:00.000000,0.205563,7.05425,0.057425,0.013511,6.430769
07/16/2019 06:52:00.000000,0.252589,7.01475,0.057275,18.069767,6.686047
07/16/2019 06:53:00.000000,0.215564,7.0185,0.057925,0.017497,7.529268
07/16/2019 06:54:00.000000,0.195572,7.09325,0.057875,14.553659,5.626829
07/16/2019 06:55:00.000000,0.189419,7.19175,0.0581,0.01726,6.4
07/16/2019 06:56:00.000000,0.193137,7.23575,0.052275,0.029639,6.6
07/16/2019 06:57:00.000000,0.180245,7.27,0.00045,0.020689,6.085714
07/16/2019 06:58:00.000000,0.17445,7.14175,-9999.0,0.013316,6.084091
07/16/2019 06:59:00.000000,0.172745,6.97075,-9999.0,14.095,6.6775
07/16/2019 07:00:00.000000,0.170548,6.80375,-9999.0,0.017167,5.514286
07/16/2019 07:01:00.000000,0.166137,6.68225,-9999.0,13.287805,6.836585
07/16/2019 07:02:00.000000,0.170981,6.5045,-9999.0,0.015798,6.335
07/16/2019 07:03:00.000000,0.175075,6.353,-9999.0,10.241463,5.17561
07/16/2019 07:04:00.000000,0.164332,6.2404,-9999.0,12.9625,5.51
07/16/2019 07:05:00.000000,0.165834,6.151333,-9999.0,0.018207,6.546512
07/16/2019 07:06:00.000000,0.176306,6.0835,-9999.0,0.014933,7.388372
07/16/2019 07:07:00.000000,0.206522,6.03725,-9999.0,11.753846,6.146154
07/16/2019 07:08:00.000000,0.201512,5.997,-9999.0,0.011802,5.4
07/16/2019 07:09:00.000000,0.178678,5.91175,-9999.0,15.178571,5.642857
07/16/2019 07:10:00.000000,0.159729,5.8345,-9999.0,0.015036,5.435714
07/16/2019 07:11:00.000000,0.15679,5.759,-9999.0,0.019546,5.316667
07/16/2019 07:12:00.000000,0.159111,5.70275,-9999.0,0.016313,5.3
07/16/2019 07:13:00.000000,0.162118,5.62625,-9999.0,0.016992,9.21
07/16/2019 07:14:00.000000,0.167877,5.5245,-9999.0,11.1125,7.0125
07/16/2019 07:15:00.000000,0.181977,5.40475,-9999.0,10.268182,4.872727
07/16/2019 07:16:00.000000,0.182065,5.273,0.0059,0.010442,5.628571
07/16/2019 07:17:00.000000,0.185514,5.19625,0.0476,7.517143,4.634286
07/16/2019 07:18:00.000000,0.191916,5.16075,0.036825,0.012049,4.766667
07/16/2019 07:19:00.000000,0.190576,5.10675,0.0341,0.013223,6.139535
07/16/2019 07:20:00.000000,0.167484,4.954,0.0339,5.592683,4.863415
07/16/2019 07:21:00.000000,0.149834,4.79625,0.034475,9.890698,5.772093
07/16/2019 07:22:00.000000,0.149965,4.7115,0.034,0.011514,5.569767
07/16/2019 07:23:00.000000,0.173858,4.646,0.033075,12.195455,6.363636
07/16/2019 07:24:00.000000,0.168263,4.60175,0.03315,0.014665,5.804348
07/16/2019 07:25:00.000000,0.157127,4.589,0.032975,0.015386,5.529268
07/16/2019 07:26:00.000000,0.169386,4.63625,0.032425,0.015159,5.581818
07/16/2019 07:27:00.000000,0.169309,4.7585,0.031825,8.67619,5.864286
07/16/2019 07:28:00.000000,0.179474,5.018,0.031525,12.530233,5.193023
07/16/2019 07:29:00.000000,0.191937,5.238,0.0324,4.969767,3.981395
07/16/2019 07:30:00.000000,0.194851,5.44,0.03285,0.009879,6.27561
07/16/2019 07:31:00.000000,0.182531,5.602,0.0332,4.483333,4.214286
07/16/2019 07:32:00.000000,0.167577,5.7135,0.0336,11.04186,4.144186
07/16/2019 07:33:00.000000,0.157746,5.7915,0.034225,0.011384,4.786047
07/16/2019 07:34:00.000000,0.15635,5.79275,0.034475,8.425641,5.248718
07/16/2019 07:35:00.000000,0.15844,5.735,0.034225,0.021118,4.868182
07/16/2019 07:36:00.000000,0.155929,7.44475,0.031375,0.014189,4.283721
07/16/2019 07:37:00.000000,0.158591,11.6995,0.028725,13.325,6.07
07/16/2019 07:38:00.000000,0.156598,7.65375,0.032775,0.014292,5.711628
07/16/2019 07:39:00.000000,0.144183,4.68825,0.036,0.011982,5.35122
07/16/2019 07:40:00.000000,0.135181,4.609,0.03635,8.460976,5.385366
07/16/2019 07:41:00.000000,0.145516,4.6135,0.03595,10.718182,5.227273
07/16/2019 07:42:00.000000,0.153121,4.62425,0.035625,8.138462,4.379487
07/16/2019 07:43:00.000000,0.153521,4.638,0.035025,9.307317,5.053659
07/16/2019 07:44:00.000000,0.15093,4.692,0.0348,12.760976,5.712195
07/16/2019 07:45:00.000000,0.154456,4.77275,0.035525,15.631579,4.705263
07/16/2019 07:46:00.000000,0.150605,4.86775,0.035375,0.022376,4.331818
07/16/2019 07:47:00.000000,0.151991,5.02875,0.0346,0.00794,4.045
07/16/2019 07:48:00.000000,0.179161,5.22175,0.03485,0.009796,5.878049
07/16/2019 07:49:00.000000,0.181343,5.19475,0.037325,0.010765,5.090244
07/16/2019 07:50:00.000000,0.146846,5.058,0.039325,10.192683,4.814634
07/16/2019 07:51:00.000000,0.133967,4.96375,0.039175,0.015034,4.468293
07/16/2019 07:52:00.000000,0.138227,4.87975,0.038,0.010941,4.983333
07/16/2019 07:53:00.000000,0.141219,4.837,0.037375,0.009623,4.242857
07/16/2019 07:54:00.000000,0.142532,4.81125,0.0371,0.010779,4.957143
07/16/2019 07:55:00.000000,0.141246,4.7195,0.03725,0.007723,4.495455
07/16/2019 07:56:00.000000,0.142455,4.601,0.03705,19.525,5.59
07/16/2019 07:57:00.000000,0.136728,5.2085,0.035925,0.00826,4.040541
07/16/2019 07:58:00.000000,0.14243,5.73275,0.035975,0.011915,5.625581
07/16/2019 07:59:00.000000,0.140988,5.9415,0.03645,10.12,7.105
07/16/2019 08:00:00.000000,0.143159,6.11125,0.036625,11.936842,5.194737
07/16/2019 08:01:00.000000,0.141662,6.224,0.036725,0.007083,4.46
07/16/2019 08:02:00.000000,0.146647,6.361,0.0366,7.375,4.315
07/16/2019 08:03:00.000000,0.14841,6.431,0.037225,0.013918,4.388095
07/16/2019 08:04:00.000000,0.142322,6.49925,0.037,18.414286,5.514286
07/16/2019 08:05:00.000000,0.139945,6.09925,0.0368,0.011461,5.181818
07/16/2019 08:06:00.000000,0.138714,5.8905,0.036675,4.410256,4.169231
07/16/2019 08:07:00.000000,0.144212,5.9205,0.036575,0.005177,4.17
07/16/2019 08:08:00.000000,0.142027,5.98575,0.0368,0.011797,5.895652
07/16/2019 08:09:00.000000,0.141025,6.16925,0.0354,6.988095,5.171429
07/16/2019 08:10:00.000000,0.141443,6.35825,0.03425,0.008383,4.911905
07/16/2019 08:11:00.000000,0.144453,6.5385,0.03465,0.015942,6.185714
07/16/2019 08:12:00.000000,0.145086,6.6375,0.035825,5.64359,4.707692
07/16/2019 08:13:00.000000,0.142043,6.81225,0.0349,12.815,5.885
07/16/2019 08:14:00.000000,0.142065,6.98875,0.03345,0.011199,5.1
07/16/2019 08:15:00.000000,0.144559,7.2635,0.033875,0.013199,4.9
07/16/2019 08:16:00.000000,0.151925,7.545,0.034225,0.033657,6.65
07/16/2019 08:17:00.000000,0.157519,7.615,0.03375,0.015045,7.085366
07/16/2019 08:18:00.000000,0.157865,7.66575,0.033625,10.675,6.25
07/16/2019 08:19:00.000000,0.184818,7.696,0.034225,0.0062,4.617949
07/16/2019 08:20:00.000000,0.207306,7.75075,0.035175,0.00863,5.342857
07/16/2019 08:21:00.000000,0.219985,7.84225,0.033775,0.030834,7.5
07/16/2019 08:22:00.000000,0.215847,7.91775,0.0328,12.86,6.625
07/16/2019 08:23:00.000000,0.191371,7.79375,0.033275,0.009536,6.23
07/16/2019 08:24:00.000000,0.184571,7.69475,0.03255,0.006323,5.085714
07/16/2019 08:25:00.000000,0.201866,7.678,0.032275,0.016817,6.448837
07/16/2019 08:26:00.000000,0.191619,7.61175,0.0327,15.165,6.7
07/16/2019 08:27:00.000000,0.171964,7.468,0.033475,0.011658,5.610811
07/16/2019 08:28:00.000000,0.155973,7.23125,0.034575,8.983784,5.818919
07/16/2019 08:29:00.000000,0.148553,6.8895,0.0345,4.835,4.37
07/16/2019 08:30:00.000000,0.145163,6.6255,0.0344,0.015942,6.626316
07/16/2019 08:31:00.000000,0.144712,6.40525,0.034525,17.695,5.655
07/16/2019 08:32:00.000000,0.142513,6.19775,0.03445,16.294737,8.515789
07/16/2019 08:33:00.000000,0.142444,5.96075,0.03435,11.528571,7.35
07/16/2019 08:34:00.000000,0.143787,5.7695,0.034475,0.006776,5.272727
07/16/2019 08:35:00.000000,0.147312,5.71875,0.03465,0.012523,5.925
07/16/2019 08:36:00.000000,0.14819,5.7625,0.034875,13.771429,6.35
07/16/2019 08:37:00.000000,0.144226,5.802,0.036,6.395,5.125
07/16/2019 08:38:00.000000,0.142962,5.82775,0.0354,0.007538,5.835
07/16/2019 08:39:00.000000,0.147629,5.84375,0.03505,0.03315,5.5875
07/16/2019 08:40:00.000000,0.150085,5.77625,0.0367,20.3,5.928571
07/16/2019 08:41:00.000000,0.148507,5.63725,0.03765,0.00829,5.397674
07/16/2019 08:42:00.000000,0.140074,5.53625,0.037475,0.009979,6.394737
07/16/2019 08:43:00.000000,0.135333,5.4405,0.037,0.013872,5.728125
07/16/2019 08:44:00.000000,0.140144,5.4535,0.037175,0.017569,5.442857
07/16/2019 08:45:00.000000,0.168808,5.3465,0.03775,0.012698,4.883721
07/16/2019 08:46:00.000000,0.258211,5.2705,0.037125,0.013707,6.171429
07/16/2019 08:47:00.000000,0.298932,5.236,0.0373,0.00897,5.0875
07/16/2019 08:48:00.000000,0.236352,5.19775,0.037825,8.543243,5.318919
07/16/2019 08:49:00.000000,0.15951,5.19025,0.0376,0.009289,4.453488
07/16/2019 08:50:00.000000,0.138317,5.14725,0.0373,9.628571,4.985714
07/16/2019 08:51:00.000000,0.136458,5.15775,0.037075,0.015189,4.758537
07/16/2019 08:52:00.000000,0.136719,5.02825,0.03735,0.006612,4.615
07/16/2019 08:53:00.000000,0.137369,5.01525,0.036825,0.008074,5.118182
07/16/2019 08:54:00.000000,0.137996,4.98375,0.036575,12.453846,6.420513
07/16/2019 08:55:00.000000,0.13695,4.95275,0.03665,11.597297,6.443243
07/16/2019 08:56:00.000000,0.135113,4.897,0.0373,0.006519,3.403333
07/16/2019 08:57:00.000000,0.132707,4.7605,0.0383,6.642857,5.133333
07/16/2019 08:58:00.000000,0.131105,4.5965,0.03825,4.055,3.8
07/16/2019 08:59:00.000000,0.126973,4.441,0.038125,6.5,4.785714
07/16/2019 09:00:00.000000,0.124126,4.28475,0.037925,0.009897,4.571429
07/16/2019 09:01:00.000000,0.121905,4.19125,0.03735,0.020432,4.672093
07/16/2019 09:02:00.000000,0.123843,4.03975,0.036975,0.020658,6.485
07/16/2019 09:03:00.000000,0.125227,3.86575,0.036775,7.371429,5.148571
07/16/2019 09:04:00.000000,0.121999,3.81875,0.037025,0.019072,4.93
07/16/2019 09:05:00.000000,0.126669,3.931,0.036575,0.014733,6.448837
07/16/2019 09:06:00.000000,0.130119,4.0265,0.03625,0.009544,4.907317
07/16/2019 09:07:00.000000,0.135357,4.1155,0.03645,0.015345,5.535
07/16/2019 09:08:00.000000,0.147761,4.23625,0.036325,8.634146,5.529268
07/16/2019 09:09:00.000000,0.146647,4.29775,0.03625,,
07/16/2019 09:10:00.000000,0.14011,4.44,0.0365,0.008578,4.586364
07/16/2019 09:11:00.000000,0.142191,4.56825,0.035925,5.825,4.515
07/16/2019 09:12:00.000000,0.144847,4.6645,0.035575,0.008372,4.416216
07/16/2019 09:13:00.000000,0.148186,4.6655,0.03615,0.009154,4.227907
07/16/2019 09:14:00.000000,0.152191,4.67275,0.03615,0.014605,3.613514
07/16/2019 09:15:00.000000,0.150659,4.678,0.0358,10.728571,4.166667
07/16/2019 09:16:00.000000,0.149228,4.7105,0.03578,10.206061,5.269697
07/16/2019 09:17:00.000000,0.153646,4.7895,0.035025,0.007652,4.014286
07/16/2019 09:18:00.000000,0.153594,4.8525,0.034433,0.010367,5.64186
07/16/2019 09:19:00.000000,0.147946,4.9225,0.03385,7.971429,5.828571
07/16/2019 09:20:00.000000,0.145938,4.961,0.034525,0.008393,4.966667
07/16/2019 09:21:00.000000,0.14979,5.0035,0.035225,8.57907,4.111628
07/16/2019 09:22:00.000000,0.148073,5.085,0.03495,0.012013,4.857143
07/16/2019 09:23:00.000000,0.14666,5.212333,0.03455,7.232558,4.74186
07/16/2019 09:24:00.000000,0.15035,5.33075,0.034575,0.015798,6.06
07/16/2019 09:25:00.000000,0.152242,5.57125,0.0337,5.5125,4.515
07/16/2019 09:26:00.000000,0.15648,6.32525,0.029975,0.013021,5.4
07/16/2019 09:27:00.000000,0.152506,7.42175,0.02645,16.3,5.433333
07/16/2019 09:28:00.000000,0.149017,8.57475,0.025575,0.015983,6.335
07/16/2019 09:29:00.000000,0.163335,,,,
07/16/2019 09:30:00.000000,0.188663,10.88225,0.025,14.095122,6.563415
07/16/2019 09:31:00.000000,0.201417,12.10275,0.023525,17.25,6.557143
07/16/2019 09:32:00.000000,0.189797,13.256,0.02385,15.853333,6.24
07/16/2019 09:33:00.000000,0.209113,14.18325,0.025175,6.265909,4.686364
07/16/2019 09:34:00.000000,0.184061,14.36,0.0257,12.916667,6.483333
07/16/2019 09:35:00.000000,0.16921,14.22625,0.0261,0.011627,5.05
07/16/2019 09:36:00.000000,0.166005,14.12025,0.02575,0.00984,5.9
07/16/2019 09:37:00.000000,0.163472,13.9925,0.024975,0.012819,5.669767
07/16/2019 09:38:00.000000,0.161128,13.71175,0.025275,12.245454,7.029545
07/16/2019 09:39:00.000000,0.161135,13.38725,0.0255,0.021673,6.373684
07/16/2019 09:40:00.000000,0.160485,13.135,0.02515,13.638636,6.956818
07/16/2019 09:41:00.000000,0.153243,13.08425,0.023375,0.008772,5.425581
07/16/2019 09:42:00.000000,0.15616,13.1605,0.021775,0.018386,4.846154
07/16/2019 09:43:00.000000,0.161302,13.15275,0.0214,12.414286,4.628571
07/16/2019 09:44:00.000000,0.147418,13.294,0.019725,0.012983,5.285714
07/16/2019 09:45:00.000000,0.140892,13.22075,0.019825,12.085,5.315
07/16/2019 09:46:00.000000,0.145097,12.85375,0.02195,0.011469,5.386047
07/16/2019 09:47:00.000000,0.152946,12.36825,0.023225,23.575,4.89
07/16/2019 09:48:00.000000,0.157039,11.786,0.0238,0.026917,4.457143
07/16/2019 09:49:00.000000,0.157625,,,,
07/16/2019 09:50:00.000000,0.154952,10.38525,0.022825,20.85,6.033333
07/16/2019 09:51:00.000000,0.145151,10.161,0.02055,11.430769,5.6
07/16/2019 09:52:00.000000,0.145845,9.862,0.01935,0.016517,5.0
07/16/2019 09:53:00.000000,0.140463,9.8465,0.018925,0.019404,5.159459
07/16/2019 09:54:00.000000,0.138835,10.15425,0.018425,8.673171,4.687805
07/16/2019 09:55:00.000000,0.142964,10.71775,0.017075,0.013195,4.762162
07/16/2019 09:56:00.000000,0.142568,15.66625,0.013875,14.109677,6.541935
07/16/2019 09:57:00.000000,0.145981,19.23425,0.011933,0.007827,4.965116
07/16/2019 09:58:00.000000,0.151918,16.06675,0.013675,0.009384,4.53
07/16/2019 09:59:00.000000,0.151819,14.9345,0.015175,9.815,5.52
07/16/2019 10:00:00.000000,0.158205,14.05225,0.016525,0.010255,5.445
07/16/2019 10:01:00.000000,0.168883,14.15725,0.01695,0.010641,5.140909
07/16/2019 10:02:00.000000,0.070332,14.0115,0.017225,0.011418,5.016667
07/16/2019 10:03:00.000000,0.018739,13.73075,0.018175,0.019931,6.269231
07/16/2019 10:04:00.000000,0.008227,13.36425,0.01885,16.278571,5.728571
07/16/2019 10:05:00.000000,0.00859,13.0715,0.018775,7.55,5.347727
07/16/2019 10:06:00.000000,0.008998,12.675,0.0192,0.006783,5.203333
07/16/2019 10:07:00.000000,0.007269,12.4,0.0191,10.725,5.285
07/16/2019 10:08:00.000000,0.003392,12.03025,0.01872,10.118421,6.221053
07/16/2019 10:09:00.000000,0.007732,11.7285,0.0189,12.297674,8.623256
07/16/2019 10:10:00.000000,0.001652,11.5895,0.01935,8.022727,5.459091
07/16/2019 10:11:00.000000,0.004879,11.23875,0.0207,15.921951,6.180488
07/16/2019 10:12:00.000000,0.061439,10.94975,0.0213,13.564103,5.638462
07/16/2019 10:13:00.000000,0.135245,10.5595,0.02105,12.166667,5.5
07/16/2019 10:14:00.000000,0.146471,10.10475,0.022075,0.012977,7.634146
07/16/2019 10:15:00.000000,0.14564,9.777,0.02175,0.020906,6.121951
07/16/2019 10:16:00.000000,0.153853,9.51,0.02095,13.114286,7.085714
07/16/2019 10:17:00.000000,0.150151,9.0965,0.02145,0.0103,5.84878
07/16/2019 10:18:00.000000,0.139316,8.48925,0.02305,0.006396,5.078947
07/16/2019 10:19:00.000000,0.133096,8.45825,0.02275,0.0122,5.946512
07/16/2019 10:20:00.000000,0.129828,8.22525,0.02275,0.010821,6.391429
07/16/2019 10:21:00.000000,0.132541,7.9675,0.023675,8.648718,5.964103
07/16/2019 10:22:00.000000,0.142499,7.835,0.0233,0.009881,6.238462
07/16/2019 10:23:00.000000,0.136922,7.509,0.023675,9.223684,4.913158
07/16/2019 10:24:00.000000,0.133133,7.0325,0.024425,0.016155,8.184375
07/16/2019 10:25:00.000000,0.132176,6.659,0.0245,9.214286,5.565714
07/16/2019 10:26:00.000000,0.133294,6.483,0.0242,4.464286,4.339286
07/16/2019 10:27:00.000000,0.134156,6.1315,0.02385,0.010541,4.384444
07/16/2019 10:28:00.000000,0.146284,5.95725,0.02365,11.902439,4.570732
07/16/2019 10:29:00.000000,0.147124,5.78125,0.024575,0.014286,6.243243
07/16/2019 10:30:00.000000,0.130915,5.62375,0.0246,8.526829,4.536585
07/16/2019 10:31:00.000000,0.125894,5.419,0.02475,11.025581,6.437209
07/16/2019 10:32:00.000000,0.122543,5.3215,0.025025,22.853658,5.34878
07/16/2019 10:33:00.000000,0.12307,5.25775,0.024625,11.72093,5.272093
07/16/2019 10:34:00.000000,0.124715,5.17875,0.024925,8.384211,6.226316
07/16/2019 10:35:00.000000,0.128489,5.08925,0.0247,5.478049,5.204878
07/16/2019 10:36:00.000000,0.124508,5.0415,0.02485,6.058974,5.507692
07/16/2019 10:37:00.000000,0.12294,5.03525,0.02545,0.007929,5.185366
07/16/2019 10:38:00.000000,0.122185,4.97625,0.0259,4.6625,4.505
07/16/2019 10:39:00.000000,0.122995,5.12925,0.02495,9.35,5.273529
07/16/2019 10:40:00.000000,0.125277,5.309,0.02395,7.4875,5.475
07/16/2019 10:41:00.000000,0.130288,5.46575,0.0239,17.34,5.586667
07/16/2019 10:42:00.000000,0.134297,5.5465,0.02445,0.010561,6.368293
07/16/2019 10:43:00.000000,0.129509,5.625,0.0248,0.013357,7.684615
07/16/2019 10:44:00.000000,0.1322,5.6345,0.02545,8.073684,5.815789
07/16/2019 10:45:00.000000,0.14118,5.71475,0.024825,7.513636,5.327273
07/16/2019 10:46:00.000000,0.159151,5.85425,0.02475,7.842857,5.642857
07/16/2019 10:47:00.000000,0.142355,5.8675,0.024925,0.008653,5.871429
07/16/2019 10:48:00.000000,0.138579,5.8875,0.0242,9.975,6.24
07/16/2019 10:49:00.000000,0.141378,5.9405,0.024075,8.381818,6.468182
07/16/2019 10:50:00.000000,0.142766,6.1835,0.023525,0.00799,6.415
07/16/2019 10:51:00.000000,0.180136,6.43775,0.0227,0.006706,5.55
07/16/2019 10:52:00.000000,0.208104,6.81575,0.02225,0.011536,6.0
07/16/2019 10:53:00.000000,0.187304,7.10875,0.022625,0.014003,7.8
07/16/2019 10:54:00.000000,0.173106,12.1545,0.020975,21.232558,6.895349
07/16/2019 10:55:00.000000,0.207196,13.42775,0.01885,17.319512,6.614634
07/16/2019 10:56:00.000000,0.21535,15.43875,0.0176,7.733333,6.093333
07/16/2019 10:57:00.000000,0.178845,11.8275,0.0186,8.65,6.255
07/16/2019 10:58:00.000000,0.153322,10.25225,0.020675,0.012352,6.205405
07/16/2019 10:59:00.000000,0.14663,10.0945,0.021225,10.387179,6.453846
07/16/2019 11:00:00.000000,0.152933,13.71725,0.018875,0.008347,6.5
07/16/2019 11:01:00.000000,0.219343,16.5315,0.0155,13.571875,7.953125
07/16/2019 11:02:00.000000,0.482766,15.255,0.0162,12.345455,8.090909
07/16/2019 11:03:00.000000,0.368775,10.37175,0.0186,0.007521,5.975
07/16/2019 11:04:00.000000,0.179968,9.02075,0.02055,0.007073,5.766667
07/16/2019 11:05:00.000000,0.147284,9.045,0.020525,0.023796,6.571429
07/16/2019 11:06:00.000000,0.147382,10.865,0.01965,0.017804,8.414286
07/16/2019 11:07:00.000000,0.165658,14.35975,0.01865,0.011292,7.684615
07/16/2019 11:08:00.000000,0.173808,10.51525,0.0192,12.982927,8.268293
07/16/2019 11:09:00.000000,0.157318,14.07525,0.016625,10.895,8.485
07/16/2019 11:10:00.000000,0.18846,14.919,0.015075,0.013391,7.560976
07/16/2019 11:11:00.000000,0.201529,11.07225,0.018325,0.012443,8.873333
07/16/2019 11:12:00.000000,0.171715,10.93875,0.01905,0.027037,7.825
07/16/2019 11:13:00.000000,0.156095,14.2085,0.016225,15.5,9.215
07/16/2019 11:14:00.000000,0.164628,19.51025,0.014375,0.01479,8.731707
07/16/2019 11:15:00.000000,0.170257,18.65375,0.01365,0.014086,8.856098
07/16/2019 11:16:00.000000,0.172376,21.51475,0.010825,0.024569,7.95
07/16/2019 11:17:00.000000,0.185954,21.69225,0.00955,23.546341,9.956098
07/16/2019 11:18:00.000000,0.183915,21.66,0.009425,0.016997,8.428571
07/16/2019 11:19:00.000000,0.181068,21.65375,0.00905,0.013302,7.762222
07/16/2019 11:20:00.000000,0.191231,21.93625,0.0074,0.012844,8.216279
07/16/2019 11:21:00.000000,0.181861,22.4565,0.0064,0.022116,8.128571
07/16/2019 11:22:00.000000,0.176366,23.2035,0.004725,0.01658,8.602703
07/16/2019 11:23:00.000000,0.172695,24.05075,0.00285,17.809091,9.877273
07/16/2019 11:24:00.000000,0.174265,24.77575,0.003475,0.009852,7.453659
07/16/2019 11:25:00.000000,0.188452,25.40275,0.00415,20.002326,8.376744
07/16/2019 11:26:00.000000,0.199095,26.1215,0.004275,11.882927,7.853659
07/16/2019 11:27:00.000000,0.197933,28.9515,0.00395,14.515385,9.984615
07/16/2019 11:28:00.000000,0.260856,28.05475,0.004175,11.565789,8.663158
07/16/2019 11:29:00.000000,0.236749,23.23575,0.0062,0.009669,7.460976
07/16/2019 11:30:00.000000,0.189159,21.8125,0.0095,0.015938,8.5
07/16/2019 11:31:00.000000,0.209761,18.046,0.01355,12.057143,6.557143
07/16/2019 11:32:00.000000,0.181457,32.40025,0.01425,11.185714,7.783333
07/16/2019 11:33:00.000000,0.166618,20.70975,0.014767,11.3625,8.525
07/16/2019 11:34:00.000000,0.187639,12.8325,0.01635,0.017791,8.340909
07/16/2019 11:35:00.000000,0.213553,16.564667,0.0148,18.7,8.008333
07/16/2019 11:36:00.000000,0.254659,17.3165,0.0133,14.55,6.916667
07/16/2019 11:37:00.000000,0.23757,15.64925,0.01435,0.017139,7.783333
07/16/2019 11:38:00.000000,0.228228,19.0665,0.013175,23.790476,6.766667
07/16/2019 11:39:00.000000,0.293015,19.64275,0.011325,23.015789,8.452632
07/16/2019 11:40:00.000000,0.339939,21.822,0.010575,16.809756,8.885366
07/16/2019 11:41:00.000000,0.356347,23.1095,0.01015,0.020213,8.383721
07/16/2019 11:42:00.000000,0.305369,23.601,0.009925,0.024264,8.55814
07/16/2019 11:43:00.000000,0.265444,19.59825,0.010675,0.022595,7.57561
07/16/2019 11:44:00.000000,0.271447,19.0625,0.0135,10.788095,6.971429
07/16/2019 11:45:00.000000,0.319619,19.642,0.01385,6.923077,6.392308
07/16/2019 11:46:00.000000,0.283983,22.12275,0.0138,11.843902,6.880488
07/16/2019 11:47:00.000000,0.228222,18.06475,0.0144,0.024447,7.344186
07/16/2019 11:48:00.000000,0.201502,18.36325,0.01495,21.755,8.165
07/16/2019 11:49:00.000000,0.270144,16.2375,0.01535,13.607143,7.528571
07/16/2019 11:50:00.000000,0.309252,16.54925,0.016825,10.215385,6.553846
07/16/2019 11:51:00.000000,0.272437,12.32125,0.018825,0.011867,6.14186
07/16/2019 11:52:00.000000,0.210869,12.084,0.02035,0.015715,7.85814
07/16/2019 11:53:00.000000,0.171361,12.156,0.0197,14.271429,8.8
07/16/2019 11:54:00.000000,0.199899,12.42825,0.01835,37.722581,8.029032
07/16/2019 11:55:00.000000,0.355745,12.8255,0.017325,0.022381,7.222857
07/16/2019 11:56:00.000000,0.453139,12.96225,0.018,0.018015,6.521212
07/16/2019 11:57:00.000000,0.415234,13.07075,0.017825,0.017669,7.614286
07/16/2019 11:58:00.000000,0.334869,13.28925,0.016775,19.706977,6.795349
07/16/2019 11:59:00.000000,0.385826,13.717,0.0164,21.569048,7.2
07/16/2019 12:00:00.000000,0.998495,14.8405,0.01765,10.9,6.95
07/16/2019 12:01:00.000000,1.114216,15.53,0.01875,19.95,7.983333
07/16/2019 12:02:00.000000,0.83475,17.749,0.0173,0.042823,6.578049
07/16/2019 12:03:00.000000,1.337252,20.48475,0.01415,34.432558,7.418605
07/16/2019 12:04:00.000000,1.497422,19.19975,0.013325,0.02983,7.345
07/16/2019 12:05:00.000000,0.824168,17.42425,0.0141,15.246341,7.129268
07/16/2019 12:06:00.000000,0.464475,16.8695,0.014525,9.078571,6.585714
07/16/2019 12:07:00.000000,0.323846,16.605,0.01575,8.997059,6.994118
07/16/2019 12:08:00.000000,0.268099,16.22675,0.01615,31.151429,8.46
07/16/2019 12:09:00.000000,0.321696,15.706,0.0172,18.634884,7.467442
07/16/2019 12:10:00.000000,0.286164,15.1685,0.017625,12.5,7.466667
07/16/2019 12:11:00.000000,0.200471,14.9135,0.01695,53.3,8.954545
07/16/2019 12:12:00.000000,0.186927,14.81825,0.014925,0.016775,6.504651
07/16/2019 12:13:00.000000,0.205561,16.103,0.01385,0.033753,7.471429
07/16/2019 12:14:00.000000,0.238748,18.14825,0.013225,19.50303,6.245455
07/16/2019 12:15:00.000000,0.254081,17.41175,0.013025,0.05756,24.138461
07/16/2019 12:16:00.000000,0.262641,21.3395,0.0122,0.030614,12.973171
07/16/2019 12:17:00.000000,0.304538,17.335,0.01215,24.090698,7.402326
07/16/2019 12:18:00.000000,0.312681,17.23875,0.01285,23.05,8.483333
07/16/2019 12:19:00.000000,0.299424,15.7255,0.013575,18.775,7.525
07/16/2019 12:20:00.000000,0.297521,15.5745,0.014975,0.015643,7.0525
07/16/2019 12:21:00.000000,0.30825,15.26125,0.016675,0.016836,6.914634
07/16/2019 12:22:00.000000,0.262167,14.97125,0.0169,0.010945,6.383721
07/16/2019 12:23:00.000000,0.246457,14.6835,0.016975,0.010857,6.384783
07/16/2019 12:24:00.000000,0.24223,14.32825,0.017425,0.015031,8.05
07/16/2019 12:25:00.000000,0.229993,13.92675,0.018575,0.020674,5.871429
07/16/2019 12:26:00.000000,0.219614,13.4085,0.019475,14.069231,7.361538
07/16/2019 12:27:00.000000,0.206627,13.20375,0.018175,0.01249,6.275676
07/16/2019 12:28:00.000000,0.200588,12.97675,0.017575,9.469767,6.688372
07/16/2019 12:29:00.000000,0.299589,13.089,0.015975,0.020266,6.371429
07/16/2019 12:30:00.000000,0.357304,13.3045,0.014825,13.785366,6.3
07/16/2019 12:31:00.000000,0.282871,13.47675,0.015075,0.014385,7.054054
07/16/2019 12:32:00.000000,0.247313,13.75425,0.015,0.010964,6.381818
07/16/2019 12:33:00.000000,0.243068,14.33675,0.013525,7.245455,4.842424
07/16/2019 12:34:00.000000,0.296231,17.76225,0.011175,0.035287,10.946341
07/16/2019 12:35:00.000000,0.373676,22.977,0.008475,0.017322,8.372727
07/16/2019 12:36:00.000000,0.529829,19.98125,0.009033,6.423077,5.6
07/16/2019 12:37:00.000000,0.485633,24.44925,0.0095,0.029391,4.855814
07/16/2019 12:38:00.000000,0.475531,24.412,0.008275,25.171429,6.685714
07/16/2019 12:39:00.000000,0.421793,20.27225,0.00855,25.706667,6.826667
07/16/2019 12:40:00.000000,0.375641,19.7665,0.0097,0.018331,6.630769
07/16/2019 12:41:00.000000,0.386929,22.0285,0.00915,20.573171,7.917073
07/16/2019 12:42:00.000000,0.382722,21.9065,0.00725,0.015202,6.485
07/16/2019 12:43:00.000000,0.351777,23.83775,0.00695,21.528571,8.257143
07/16/2019 12:44:00.000000,0.343135,25.9655,0.007025,0.043454,10.057143
07/16/2019 12:45:00.000000,0.382282,22.26325,0.00815,0.012456,5.739535
07/16/2019 12:46:00.000000,0.357885,20.41775,0.010025,12.130769,6.476923
07/16/2019 12:47:00.000000,0.295324,19.45725,0.0107,0.016869,7.374359
07/16/2019 12:48:00.000000,0.292897,17.01525,0.01285,17.086842,5.731579
07/16/2019 12:49:00.000000,0.263026,,,,
07/16/2019 12:50:00.000000,0.27053,22.09475,0.0117,0.029615,6.355
07/16/2019 12:51:00.000000,0.291737,19.9205,0.01075,0.016734,5.976923
07/16/2019 12:52:00.000000,0.28965,20.66675,0.011325,0.011058,5.128571
07/16/2019 12:53:00.000000,0.351746,18.051,0.0133,0.009872,5.6
07/16/2019 12:54:00.000000,0.337099,18.07775,0.01405,19.680488,7.309756
07/16/2019 12:55:00.000000,0.324376,20.2115,0.01215,24.883721,8.286047
07/16/2019 12:56:00.000000,0.368202,18.39825,0.01095,12.62619,6.771429
07/16/2019 12:57:00.000000,0.356066,17.56375,0.011675,7.544186,4.176744
07/16/2019 12:58:00.000000,0.348156,16.208,0.0131,19.781818,5.902273
07/16/2019 12:59:00.000000,0.340983,16.07775,0.01468,10.617073,5.019512
07/16/2019 13:00:00.000000,0.369557,15.99675,0.015667,0.011377,4.189744
07/16/2019 13:01:00.000000,0.441598,16.07675,0.015575,0.005621,4.013636
07/16/2019 13:02:00.000000,0.412425,16.02175,0.014975,8.677273,4.504545
07/16/2019 13:03:00.000000,0.374151,15.76575,0.015775,15.009302,4.265116
07/16/2019 13:04:00.000000,0.311747,14.4415,0.01695,15.25,7.09
07/16/2019 13:05:00.000000,0.354231,15.15925,0.01526,9.777419,4.406452
07/16/2019 13:06:00.000000,0.500924,18.132,0.014367,14.517073,5.836585
07/16/2019 13:07:00.000000,0.470303,16.05025,0.015025,11.857143,5.671429
07/16/2019 13:08:00.000000,0.376182,13.029,0.0163,0.019958,4.319512
07/16/2019 13:09:00.000000,0.358254,,0.01736,,
07/16/2019 13:10:00.000000,0.310254,13.0025,0.016433,0.016004,4.507895
07/16/2019 13:11:00.000000,0.285605,13.49775,0.01595,19.418182,5.377273
07/16/2019 13:12:00.000000,0.314403,13.993,0.015625,0.016666,6.06875
07/16/2019 13:13:00.000000,0.395942,14.293,0.01555,0.016676,5.855814
07/16/2019 13:14:00.000000,0.387949,14.46125,0.016875,12.897674,5.297674
07/16/2019 13:15:00.000000,0.353583,14.55425,0.018025,13.82,5.795
07/16/2019 13:16:00.000000,0.297657,14.87425,0.0181,11.776667,5.416667
07/16/2019 13:17:00.000000,0.441302,15.14675,0.018075,0.024071,6.152941
07/16/2019 13:18:00.000000,0.446285,14.89475,0.0184,0.01556,5.234146
07/16/2019 13:19:00.000000,0.317918,14.5755,0.017425,9.575,4.675
07/16/2019 13:20:00.000000,0.469661,14.960667,0.0156,0.006474,3.832
07/16/2019 13:21:00.000000,0.499441,16.89925,0.014325,0.030851,6.808824
07/16/2019 13:22:00.000000,0.440778,16.12425,0.014525,0.013743,5.1
07/16/2019 13:23:00.000000,0.409725,15.80675,0.013625,0.018668,5.546809
07/16/2019 13:24:00.000000,0.429838,16.91075,0.013425,10.746667,5.7
07/16/2019 13:25:00.000000,0.384631,15.75225,0.014775,0.013753,5.785714
07/16/2019 13:26:00.000000,0.3645,16.3855,0.014775,0.015126,6.05814
07/16/2019 13:27:00.000000,0.406919,16.71,0.01465,0.02319,7.12439
07/16/2019 13:28:00.000000,0.36274,18.55675,0.014425,17.523077,8.569231
07/16/2019 13:29:00.000000,0.348218,18.77925,0.0135,12.546341,6.429268
07/16/2019 13:30:00.000000,0.362316,17.092,0.012,0.018833,6.525
07/16/2019 13:31:00.000000,0.391712,16.09675,0.012975,0.028745,8.385
07/16/2019 13:32:00.000000,0.405272,15.62475,0.0149,0.017031,5.968293
07/16/2019 13:33:00.000000,0.353288,18.35325,0.014475,0.006968,4.48
07/16/2019 13:34:00.000000,0.36388,18.7705,0.013325,0.012386,5.146154
07/16/2019 13:35:00.000000,0.381022,18.842,0.01285,12.82093,5.816279
07/16/2019 13:36:00.000000,0.404163,18.3205,0.013175,22.614286,7.7
07/16/2019 13:37:00.000000,0.399069,16.1695,0.014175,15.109302,5.313953
07/16/2019 13:38:00.000000,0.420679,15.10275,0.016075,0.033414,5.642857
07/16/2019 13:39:00.000000,0.385287,15.406,0.015025,15.59,5.205
07/16/2019 13:40:00.000000,0.326527,15.643,0.0143,15.757143,6.1
07/16/2019 13:41:00.000000,0.377587,15.877,0.0138,27.882051,5.961538
07/16/2019 13:42:00.000000,0.584592,16.11125,0.01435,0.029723,7.095122
07/16/2019 13:43:00.000000,0.584531,15.002,0.015125,15.085714,5.883333
07/16/2019 13:44:00.000000,0.452066,14.7185,0.01395,0.029151,7.190698
07/16/2019 13:45:00.000000,0.417748,18.39975,0.01245,16.825,6.395
07/16/2019 13:46:00.000000,0.443371,21.1885,0.01165,13.221429,6.371429
07/16/2019 13:47:00.000000,0.494484,22.1665,0.0106,12.986047,7.432558
07/16/2019 13:48:00.000000,0.53569,21.8585,0.01065,0.037775,9.376923
07/16/2019 13:49:00.000000,0.608704,,,,
07/16/2019 13:50:00.000000,0.58123,25.0305,0.008475,27.961905,9.285714
07/16/2019 13:51:00.000000,0.648835,25.85125,0.008725,0.024559,5.657895
07/16/2019 13:52:00.000000,0.643851,25.11825,0.010325,0.015297,5.671429
07/16/2019 13:53:00.000000,0.48535,24.19675,0.0108,0.040882,7.342857
07/16/2019 13:54:00.000000,0.418077,23.673,0.010525,29.240909,9.702273
07/16/2019 13:55:00.000000,0.477477,22.92575,0.0121,0.025389,7.442857
07/16/2019 13:56:00.000000,0.48488,22.69175,0.01255,36.565,7.4125
07/16/2019 13:57:00.000000,0.388564,22.088,0.011875,17.331818,5.565909
07/16/2019 13:58:00.000000,0.399367,26.57025,0.009775,16.265,4.87
07/16/2019 13:59:00.000000,0.471374,27.617,0.0079,40.004878,6.080488
07/16/2019 14:00:00.000000,0.431162,24.96375,0.01015,0.02389,6.723077
07/16/2019 14:01:00.000000,0.395818,19.06675,0.013725,11.776744,4.390698
07/16/2019 14:02:00.000000,0.442229,18.846,0.014775,0.034053,6.916667
07/16/2019 14:03:00.000000,0.571984,19.15125,0.01505,0.026112,7.334146
07/16/2019 14:04:00.000000,0.617645,19.242,0.015175,0.017749,5.558537
07/16/2019 14:05:00.000000,0.486128,22.741,0.0132,28.112195,5.114634
07/16/2019 14:06:00.000000,0.43311,23.46125,0.0118,0.013572,5.017073
07/16/2019 14:07:00.000000,0.481284,22.437,0.0127,0.014766,4.661538
07/16/2019 14:08:00.000000,0.657028,18.12,0.01445,0.03586,5.112195
07/16/2019 14:09:00.000000,0.62865,,,,
07/16/2019 14:10:00.000000,0.464242,16.60225,0.01705,0.016114,4.836364
07/16/2019 14:11:00.000000,0.371441,16.84275,0.017975,27.66,4.36
07/16/2019 14:12:00.000000,0.336923,17.2775,0.0172,0.034941,5.49
07/16/2019 14:13:00.000000,0.333557,17.50225,0.0162,0.024138,5.116667
07/16/2019 14:14:00.000000,0.347046,17.83075,0.0171,0.023441,5.170732
07/16/2019 14:15:00.000000,0.360345,15.74425,0.017525,0.019879,5.2
07/16/2019 14:16:00.000000,0.359585,17.1175,0.01885,11.331579,5.031579
07/16/2019 14:17:00.000000,0.354156,21.48025,0.02055,10.021875,4.03125
07/16/2019 14:18:00.000000,0.324992,19.4565,0.020225,27.688889,6.686667
07/16/2019 14:19:00.000000,0.32844,18.91725,0.019775,12.752632,4.826316
07/16/2019 14:20:00.000000,0.412854,18.688,0.019433,0.024378,4.953846
07/16/2019 14:21:00.000000,0.477128,18.45775,0.01874,0.042995,5.766667
07/16/2019 14:22:00.000000,0.427705,20.21575,0.017775,30.421622,7.648649
07/16/2019 14:23:00.000000,0.526517,19.30525,0.017667,0.027971,5.72093
07/16/2019 14:24:00.000000,0.493538,18.71975,0.017,0.043528,8.4
07/16/2019 14:25:00.000000,0.428453,18.529,0.017675,0.029447,7.123077
07/16/2019 14:26:00.000000,0.491211,23.20325,0.017175,0.016246,4.430769
07/16/2019 14:27:00.000000,0.547233,19.5625,0.017475,0.009139,4.0
07/16/2019 14:28:00.000000,0.464451,17.388,0.0186,0.027416,3.914634
07/16/2019 14:29:00.000000,0.332524,17.19425,0.0198,0.01756,4.830769
07/16/2019 14:30:00.000000,0.295653,16.9084,0.021,10.382927,4.743902
07/16/2019 14:31:00.000000,0.281682,16.731,0.021575,14.126829,4.870732
07/16/2019 14:32:00.000000,0.282753,15.65025,0.02155,4.9,3.85
07/16/2019 14:33:00.000000,0.287387,17.44825,0.020625,11.115909,3.531818
07/16/2019 14:34:00.000000,0.30018,14.021,0.021575,16.731818,4.340909
07/16/2019 14:35:00.000000,0.312237,15.35475,0.021825,21.775,4.755
07/16/2019 14:36:00.000000,0.453731,18.14,0.02025,17.237209,6.004651
07/16/2019 14:37:00.000000,0.722578,19.28125,0.01945,29.548649,6.2
07/16/2019 14:38:00.000000,0.60781,16.84775,0.02105,24.880645,6.393548
07/16/2019 14:39:00.000000,0.365387,17.4775,0.021375,0.028831,5.082927
07/16/2019 14:40:00.000000,0.330489,21.01075,0.01865,30.012195,5.070732
07/16/2019 14:41:00.000000,0.456347,23.2275,0.016175,0.032912,5.861538
07/16/2019 14:42:00.000000,0.543642,17.634,0.017775,51.771429,7.021429
07/16/2019 14:43:00.000000,0.500521,23.036,0.0178,0.038573,4.742857
07/16/2019 14:44:00.000000,0.517836,21.90975,0.017625,30.7,4.519048
07/16/2019 14:45:00.000000,0.461229,20.62,0.01845,0.04199,8.028205
07/16/2019 14:46:00.000000,0.411942,19.78775,0.019625,19.502439,8.970732
07/16/2019 14:47:00.000000,0.42136,19.992,0.019475,0.069504,11.083333
07/16/2019 14:48:00.000000,0.420264,20.55825,0.01985,0.031223,6.427273
07/16/2019 14:49:00.000000,0.384104,26.59675,0.0194,30.171429,8.383333
07/16/2019 14:50:00.000000,0.370111,32.95675,0.016,0.018889,6.875
07/16/2019 14:51:00.000000,0.414762,24.5865,0.015925,0.030513,5.913953
07/16/2019 14:52:00.000000,0.441443,23.27925,0.01835,29.590909,8.131818
07/16/2019 14:53:00.000000,0.447713,20.4005,0.019925,0.020699,6.195122
07/16/2019 14:54:00.000000,0.389452,15.6655,0.022775,0.020488,6.739024
07/16/2019 14:55:00.000000,0.355385,18.91975,0.022325,0.029774,5.638636
07/16/2019 14:56:00.000000,0.33235,19.46,0.022325,0.032655,5.91
07/16/2019 14:57:00.000000,0.403833,12.97575,0.025675,0.024504,5.004878
07/16/2019 14:58:00.000000,0.505276,12.6885,0.028075,16.0,5.905
07/16/2019 14:59:00.000000,0.330958,11.85925,0.029125,0.044305,5.169231
07/16/2019 15:00:00.000000,0.251276,11.81425,0.0295,21.315385,5.084615
07/16/2019 15:01:00.000000,0.234929,11.80425,0.029375,0.016228,3.895349
07/16/2019 15:02:00.000000,0.234565,11.9255,0.0281,0.040691,4.193333
07/16/2019 15:03:00.000000,0.268206,14.03225,0.025525,0.031604,5.495122
07/16/2019 15:04:00.000000,0.344307,19.4575,0.0228,22.953846,6.684615
07/16/2019 15:05:00.000000,0.414108,20.98,0.02085,35.325,5.625
07/16/2019 15:06:00.000000,0.47248,21.18375,0.020175,0.046857,5.826829
07/16/2019 15:07:00.000000,0.662242,20.25175,0.0212,0.024925,6.483333
07/16/2019 15:08:00.000000,0.788862,20.8425,0.0231,0.055267,6.772727
07/16/2019 15:09:00.000000,0.550342,21.74425,0.0231,41.487805,8.292683
07/16/2019 15:10:00.000000,0.435546,23.52975,0.0205,0.037705,10.0025
07/16/2019 15:11:00.000000,0.462737,20.821,0.02155,0.02848,8.216667
07/16/2019 15:12:00.000000,0.408353,21.699,0.022325,0.021032,6.789474
07/16/2019 15:13:00.000000,0.405154,22.6105,0.0221,29.087805,5.746341
07/16/2019 15:14:00.000000,0.405909,21.47225,0.023175,41.473171,7.17561
07/16/2019 15:15:00.000000,0.384349,20.9185,0.024125,0.033643,6.82
07/16/2019 15:16:00.000000,0.401842,21.81125,0.02335,0.029099,6.002564
07/16/2019 15:17:00.000000,0.390483,22.09925,0.022075,34.0,8.051163
07/16/2019 15:18:00.000000,0.384605,19.66825,0.023125,0.028909,6.233333
07/16/2019 15:19:00.000000,0.363335,21.4245,0.0242,0.036073,8.037209
07/16/2019 15:20:00.000000,0.448665,34.10375,0.021575,0.031434,8.822222
07/16/2019 15:21:00.000000,0.635173,26.01525,0.0215,20.415789,8.731579
07/16/2019 15:22:00.000000,0.794161,23.533,0.023467,0.071581,10.784211
07/16/2019 15:23:00.000000,0.76177,21.058,0.022875,27.375676,6.994595
07/16/2019 15:24:00.000000,0.491987,19.06875,0.022375,18.4825,5.375
07/16/2019 15:25:00.000000,0.393883,16.775,0.023875,21.742857,4.95
07/16/2019 15:26:00.000000,0.358693,19.3845,0.02455,21.607143,7.214286
07/16/2019 15:27:00.000000,0.359004,18.39075,0.0232,0.027358,6.65
07/16/2019 15:28:00.000000,0.319674,17.909,0.025075,11.568182,6.240909
07/16/2019 15:29:00.000000,0.313775,19.4925,0.024625,0.030688,4.663415
07/16/2019 15:30:00.000000,0.360075,18.23225,0.024675,0.049679,5.153488
07/16/2019 15:31:00.000000,0.518137,20.315,0.0243,0.037148,5.642857
07/16/2019 15:32:00.000000,0.475648,18.77875,0.02475,16.67,5.445
07/16/2019 15:33:00.000000,0.332438,19.5765,0.02545,0.031413,6.346512
07/16/2019 15:34:00.000000,0.33665,22.6565,0.0233,23.251163,5.913953
07/16/2019 15:35:00.000000,0.347498,21.29025,0.022375,48.765854,5.44878
07/16/2019 15:36:00.000000,0.352466,22.577,0.023275,39.369231,5.823077
07/16/2019 15:37:00.000000,0.498249,23.3415,0.023225,0.049531,7.785714
07/16/2019 15:38:00.000000,0.833784,26.25625,0.021475,0.041322,6.809302
07/16/2019 15:39:00.000000,0.616678,26.70625,0.0204,38.774286,9.125714
07/16/2019 15:40:00.000000,0.444419,31.12025,0.018,0.039176,7.578049
07/16/2019 15:41:00.000000,0.429812,27.13275,0.01805,0.035491,7.807692
07/16/2019 15:42:00.000000,0.370963,25.60875,0.019975,0.02965,7.021951
07/16/2019 15:43:00.000000,0.367758,26.783,0.020325,0.049148,6.373171
07/16/2019 15:44:00.000000,0.483395,29.13025,0.017975,0.033622,6.641463
07/16/2019 15:45:00.000000,0.480893,27.431,0.01844,32.309375,5.73125
07/16/2019 15:46:00.000000,0.422992,26.555,0.020533,0.03745,6.118605
07/16/2019 15:47:00.000000,0.371583,25.0955,0.02195,0.03577,4.228571
07/16/2019 15:48:00.000000,0.350453,24.40275,0.023525,34.353488,5.87907
07/16/2019 15:49:00.000000,0.34917,,,,
07/16/2019 15:50:00.000000,0.39144,23.82475,0.024375,40.409302,7.106977
07/16/2019 15:51:00.000000,0.464589,23.74625,0.02395,22.931707,6.119512
07/16/2019 15:52:00.000000,0.38874,23.6215,0.022825,27.45,6.65
07/16/2019 15:53:00.000000,0.340656,27.67375,0.020675,37.863415,6.373171
07/16/2019 15:54:00.000000,0.368217,26.97,0.019275,0.04082,6.98
07/16/2019 15:55:00.000000,0.406933,25.48425,0.020825,33.305,8.375
07/16/2019 15:56:00.000000,0.583297,25.69475,0.020575,42.1125,7.325
07/16/2019 15:57:00.000000,0.692476,25.8795,0.020875,23.409756,7.1
07/16/2019 15:58:00.000000,0.580327,27.811,0.020975,28.914286,9.5
07/16/2019 15:59:00.000000,0.529358,36.331,0.017875,0.037003,6.741463
07/16/2019 16:00:00.000000,0.588596,32.9735,0.018925,19.674419,4.860465
07/16/2019 16:01:00.000000,0.500663,27.80575,0.023025,0.068708,8.185366
07/16/2019 16:02:00.000000,0.122828,29.2805,0.0228,0.042659,10.514286
07/16/2019 16:03:00.000000,0.029898,30.374,0.02015,0.057889,7.506667
07/16/2019 16:04:00.000000,0.00206,32.5295,0.018125,0.031681,6.087805
07/16/2019 16:05:00.000000,0.005288,27.54,0.021475,61.4,11.704878
07/16/2019 16:06:00.000000,0.000308,27.7135,0.024125,40.015385,9.315385
07/16/2019 16:07:00.000000,0.001861,29.08075,0.022375,0.049596,9.037778
07/16/2019 16:08:00.000000,0.007775,28.65925,0.021075,37.831818,8.931818
07/16/2019 16:09:00.000000,0.001047,,,,
07/16/2019 16:10:00.000000,-9999.0,28.33875,0.025125,53.827907,7.002326
07/16/2019 16:11:00.000000,0.00586,30.65675,0.02455,0.069645,10.113953
07/16/2019 16:12:00.000000,0.155408,32.1415,0.02375,53.481818,10.872727
07/16/2019 16:13:00.000000,0.406483,34.0055,0.022,0.07502,10.24
07/16/2019 16:14:00.000000,0.602691,35.20725,0.020275,0.086839,11.715
07/16/2019 16:15:00.000000,0.588924,34.401,0.021575,0.087038,17.248837
07/16/2019 16:16:00.000000,0.545341,36.22775,0.02145,89.290476,11.928571
07/16/2019 16:17:00.000000,0.575438,39.49625,0.0184,0.083642,11.497561
07/16/2019 16:18:00.000000,0.661232,36.52375,0.0172,0.056526,9.766667
07/16/2019 16:19:00.000000,0.590256,34.20375,0.0198,80.064865,17.281081
07/16/2019 16:20:00.000000,0.521716,35.14425,0.02015,67.557143,10.9
07/16/2019 16:21:00.000000,0.519859,35.4225,0.01975,47.036585,12.958537
07/16/2019 16:22:00.000000,0.533018,36.37825,0.018825,77.791304,12.856522
07/16/2019 16:23:00.000000,0.538366,36.10075,0.01902,62.042857,12.507143
07/16/2019 16:24:00.000000,0.52659,35.92575,0.018175,69.513333,13.37
07/16/2019 16:25:00.000000,0.508587,35.537,0.018333,0.070343,12.233333
07/16/2019 16:26:00.000000,0.54837,35.0585,0.018325,0.102547,11.410526
07/16/2019 16:27:00.000000,0.535318,32.769,0.019225,60.8,9.175
07/16/2019 16:28:00.000000,0.491018,28.24425,0.02278,26.796428,7.460714
07/16/2019 16:29:00.000000,0.460853,,,,
07/16/2019 16:30:00.000000,0.422052,23.69775,0.02535,0.062384,11.453846
07/16/2019 16:31:00.000000,0.476237,29.945,0.023575,0.074182,12.412195
07/16/2019 16:32:00.000000,0.682712,33.565,0.02155,108.5,9.25
07/16/2019 16:33:00.000000,0.585967,32.7235,0.021325,78.3,15.542857
07/16/2019 16:34:00.000000,0.494341,34.1185,0.020675,0.109595,10.382927
07/16/2019 16:35:00.000000,0.49466,33.77575,0.02085,0.070288,10.934884
07/16/2019 16:36:00.000000,0.461658,33.2115,0.02072,0.085333,9.263158
07/16/2019 16:37:00.000000,0.44217,32.39875,0.021367,0.083067,8.306522
07/16/2019 16:38:00.000000,0.455815,33.139,0.021925,53.65,13.116667
07/16/2019 16:39:00.000000,0.441678,38.35825,0.020675,0.046279,12.6
07/16/2019 16:40:00.000000,0.41922,27.74225,0.02145,0.085703,10.688889
07/16/2019 16:41:00.000000,0.385954,28.00775,0.022675,0.040321,6.543902
07/16/2019 16:42:00.000000,0.38652,31.0685,0.021325,38.94186,8.160465
07/16/2019 16:43:00.000000,0.446398,28.2545,0.021525,0.067451,10.373333
07/16/2019 16:44:00.000000,0.433338,28.132,0.0219,0.059961,9.318182
07/16/2019 16:45:00.000000,0.442777,25.85,0.022475,0.059503,8.768293
07/16/2019 16:46:00.000000,0.382775,25.09975,0.02375,0.050986,11.377273
07/16/2019 16:47:00.000000,0.358747,25.16325,0.02395,85.71,9.08
07/16/2019 16:48:00.000000,0.360119,25.14075,0.02555,45.369767,7.260465
07/16/2019 16:49:00.000000,0.362858,,,,
07/16/2019 16:50:00.000000,0.377151,25.398,0.025333,23.476923,6.641026
07/16/2019 16:51:00.000000,0.416011,25.56225,0.025725,29.785,6.9125
07/16/2019 16:52:00.000000,0.427884,25.4475,0.0264,0.056469,9.448889
07/16/2019 16:53:00.000000,0.400504,23.879,0.0269,36.004545,8.086364
07/16/2019 16:54:00.000000,0.408938,24.72975,0.02635,0.053075,9.383333
07/16/2019 16:55:00.000000,0.405341,29.0955,0.0234,0.04588,12.014286
07/16/2019 16:56:00.000000,0.393458,32.28675,0.0202,27.64186,9.560465
07/16/2019 16:57:00.000000,0.373842,29.06125,0.0215,0.036161,7.214286
07/16/2019 16:58:00.000000,0.382786,27.7085,0.02425,18.695349,7.253488
07/16/2019 16:59:00.000000,0.354853,30.955,0.024475,0.035509,10.19
07/16/2019 17:00:00.000000,0.427116,29.00275,0.023675,44.05122,6.943902
07/16/2019 17:01:00.000000,0.470534,29.325,0.02415,24.67619,5.7
07/16/2019 17:02:00.000000,0.409304,27.636,0.023075,24.069231,5.853846
07/16/2019 17:03:00.000000,0.561435,26.019,0.02405,0.038899,8.733333
07/16/2019 17:04:00.000000,0.51786,25.85775,0.027275,30.304878,6.141463
07/16/2019 17:05:00.000000,0.370059,25.501,0.02965,0.039505,7.190698
07/16/2019 17:06:00.000000,0.36203,25.1515,0.030575,0.031116,4.939024
07/16/2019 17:07:00.000000,0.332036,24.801,0.029975,21.781395,6.909302
07/16/2019 17:08:00.000000,0.387973,26.185,0.029275,50.453659,7.982927
07/16/2019 17:09:00.000000,0.363095,,,,
07/16/2019 17:10:00.000000,0.337499,22.618,0.030475,0.062174,14.697727
07/16/2019 17:11:00.000000,0.312456,23.30725,0.032075,41.966667,8.023077
07/16/2019 17:12:00.000000,0.299582,24.08725,0.0319,0.056524,7.426316
07/16/2019 17:13:00.000000,0.306729,23.799,0.03255,0.050503,10.673171
07/16/2019 17:14:00.000000,0.355161,27.204,0.030325,34.35,10.85
07/16/2019 17:15:00.000000,0.442372,34.69925,0.027075,0.026312,7.043902
07/16/2019 17:16:00.000000,0.470397,22.42375,0.0303,18.99,5.89
07/16/2019 17:17:00.000000,0.357994,25.64525,0.0311,34.360976,7.643902
07/16/2019 17:18:00.000000,0.38068,26.08025,0.029725,26.228571,5.328571
07/16/2019 17:19:00.000000,0.434343,21.433,0.032375,21.625,7.195
07/16/2019 17:20:00.000000,0.391914,22.2495,0.033275,0.031896,7.856098
07/16/2019 17:21:00.000000,0.347983,23.7055,0.031425,0.020595,8.314634
07/16/2019 17:22:00.000000,0.31602,22.09175,0.0327,0.008603,5.637209
07/16/2019 17:23:00.000000,0.348075,22.16,0.034025,0.025174,7.225
07/16/2019 17:24:00.000000,0.327987,22.43475,0.03505,0.057439,7.255814
07/16/2019 17:25:00.000000,0.314413,24.328,0.03305,0.038557,6.333333
07/16/2019 17:26:00.000000,0.353791,29.46025,0.02945,0.043627,6.2
07/16/2019 17:27:00.000000,0.365526,25.942,0.031925,18.685714,6.371429
07/16/2019 17:28:00.000000,0.349016,23.40925,0.033725,25.909756,8.44878
07/16/2019 17:29:00.000000,0.362106,,,,
07/16/2019 17:30:00.000000,0.358978,22.52275,0.036125,0.052196,6.412195
07/16/2019 17:31:00.000000,0.350726,22.2655,0.037725,0.057574,5.746512
07/16/2019 17:32:00.000000,0.333979,22.26325,0.035375,41.7375,6.79
07/16/2019 17:33:00.000000,0.353316,22.28925,0.033375,0.046275,8.806977
07/16/2019 17:34:00.000000,0.354915,22.1495,0.0356,28.077273,9.772727
07/16/2019 17:35:00.000000,0.334614,22.0285,0.038075,36.153846,7.869231
07/16/2019 17:36:00.000000,0.338475,21.908,0.03735,0.067901,9.833333
07/16/2019 17:37:00.000000,0.329504,21.7955,0.038025,0.046297,7.3
07/16/2019 17:38:00.000000,0.304449,21.6505,0.038975,39.055,6.7
07/16/2019 17:39:00.000000,0.318385,21.9695,0.037625,47.391892,8.124324
07/16/2019 17:40:00.000000,0.326612,25.13675,0.036425,30.735,6.19
07/16/2019 17:41:00.000000,0.356803,22.14475,0.0372,0.057517,8.646512
07/16/2019 17:42:00.000000,0.35303,21.217,0.038,0.055694,6.212195
07/16/2019 17:43:00.000000,0.310067,18.25675,0.0408,0.043229,8.1
07/16/2019 17:44:00.000000,0.287424,18.41825,0.0422,0.037548,6.92439
07/16/2019 17:45:00.000000,0.332193,20.58725,0.040725,28.348837,7.52093
07/16/2019 17:46:00.000000,0.378796,21.1235,0.039625,29.940909,7.095455
07/16/2019 17:47:00.000000,0.329686,22.39825,0.03845,0.041221,6.915
07/16/2019 17:48:00.000000,0.316783,19.83225,0.040175,20.9,9.338636
07/16/2019 17:49:00.000000,0.360278,,,,
07/16/2019 17:50:00.000000,0.455209,22.15225,0.0387,16.365854,5.902439
07/16/2019 17:51:00.000000,0.41288,24.9945,0.03845,33.768182,5.195455
07/16/2019 17:52:00.000000,0.324099,19.5385,0.042375,23.6875,4.675
07/16/2019 17:53:00.000000,0.283866,20.157,0.043825,0.044338,13.236364
07/16/2019 17:54:00.000000,0.328982,21.003,0.043325,38.793333,9.053333
07/16/2019 17:55:00.000000,0.378096,20.743,0.043225,14.433333,5.885714
07/16/2019 17:56:00.000000,0.365078,22.79625,0.0414,0.027401,7.490244
07/16/2019 17:57:00.000000,0.342669,20.3005,0.04195,31.0,7.214286
07/16/2019 17:58:00.000000,0.386013,24.389,0.041425,27.5,7.442857
07/16/2019 17:59:00.000000,0.558696,23.85625,0.041325,37.751163,7.081395
07/16/2019 18:00:00.000000,0.379012,20.8235,0.043625,35.544444,6.046667
07/16/2019 18:01:00.000000,0.317878,19.79375,0.044025,0.025032,6.602439
07/16/2019 18:02:00.000000,0.296435,22.94675,0.043325,0.039009,7.818605
07/16/2019 18:03:00.000000,0.361034,22.76975,0.042025,0.047255,7.34359
07/16/2019 18:04:00.000000,0.376981,20.2475,0.04445,33.342857,7.371429
07/16/2019 18:05:00.000000,0.363345,22.038,0.043375,32.04,7.73
07/16/2019 18:06:00.000000,0.397737,27.1145,0.040975,15.936585,5.495122
07/16/2019 18:07:00.000000,0.391596,21.79275,0.047575,0.03799,5.184211
07/16/2019 18:08:00.000000,0.378389,22.01025,0.0466,0.041526,6.466667
07/16/2019 18:09:00.000000,0.381212,,,,
07/16/2019 18:10:00.000000,0.371742,19.17125,0.04695,32.215789,5.931579
07/16/2019 18:11:00.000000,0.389197,19.3035,0.0474,0.051099,8.051163
07/16/2019 18:12:00.000000,0.363556,19.1245,0.049225,0.036688,5.692308
07/16/2019 18:13:00.000000,0.294606,19.3555,0.0497,0.027459,6.754545
07/16/2019 18:14:00.000000,0.298796,24.151,0.047125,19.946512,5.881395
07/16/2019 18:15:00.000000,0.326775,22.065,0.047375,33.761538,5.446154
07/16/2019 18:16:00.000000,0.315671,16.094,0.045125,0.04691,9.352941
07/16/2019 18:17:00.000000,0.395844,19.96725,0.04525,0.039635,9.62069
07/16/2019 18:18:00.000000,0.355339,17.0935,0.0526,0.040736,9.429268
07/16/2019 18:19:00.000000,0.269482,18.10825,0.052925,33.714634,7.292683
07/16/2019 18:20:00.000000,0.261507,18.97425,0.053125,0.011636,4.297436
07/16/2019 18:21:00.000000,0.27335,18.8185,0.0537,15.914286,6.3
07/16/2019 18:22:00.000000,0.26655,18.75925,0.05275,0.050277,4.821951
07/16/2019 18:23:00.000000,0.282284,19.17,0.050825,0.061632,9.9
07/16/2019 18:24:00.000000,0.330049,19.577,0.050325,0.044794,7.2525
07/16/2019 18:25:00.000000,0.377496,19.733,0.05295,39.966667,6.0
07/16/2019 18:26:00.000000,0.327186,19.81875,0.05375,23.502439,6.668293
07/16/2019 18:27:00.000000,0.299521,19.65,0.054425,0.022407,7.05
07/16/2019 18:28:00.000000,0.312895,19.66175,0.05495,0.041116,5.05122
07/16/2019 18:29:00.000000,0.321827,19.71375,0.054867,22.339535,6.42093
07/16/2019 18:30:00.000000,0.346885,19.74975,0.055,0.024005,7.038462
07/16/2019 18:31:00.000000,0.372823,19.78825,0.05455,36.864286,6.328571
07/16/2019 18:32:00.000000,0.32245,19.91675,0.054375,47.230233,6.2
07/16/2019 18:33:00.000000,0.316783,37.28525,0.03415,0.071886,7.443902
07/16/2019 18:34:00.000000,0.468824,33.4695,0.0381,0.061719,8.904651
07/16/2019 18:35:00.000000,0.438693,38.9575,0.040125,35.263636,6.156818
07/16/2019 18:36:00.000000,0.31867,40.6005,0.039125,0.034379,10.436364
07/16/2019 18:37:00.000000,0.278234,27.38825,0.048075,54.157143,7.616667
07/16/2019 18:38:00.000000,0.318009,32.29475,0.0465,0.067329,5.442857
07/16/2019 18:39:00.000000,0.348039,23.2435,0.04755,26.978571,5.371429
07/16/2019 18:40:00.000000,0.309645,22.92025,0.051375,41.716279,19.967442
07/16/2019 18:41:00.000000,0.316415,20.68675,0.0541,24.376744,9.634884
07/16/2019 18:42:00.000000,0.377246,21.4985,0.05355,19.854762,6.385714
07/16/2019 18:43:00.000000,0.400912,21.539,0.054025,28.1,7.39
07/16/2019 18:44:00.000000,0.347198,21.2675,0.057425,0.017335,5.295122
07/16/2019 18:45:00.000000,0.325456,14.748,0.057425,0.02295,5.576923
07/16/2019 18:46:00.000000,0.301282,15.26775,0.05965,13.887805,5.202439
07/16/2019 18:47:00.000000,0.286426,17.063,0.05965,0.029616,7.4925
07/16/2019 18:48:00.000000,0.314636,20.40275,0.057325,36.392308,8.338462
07/16/2019 18:49:00.000000,0.379575,22.001,0.05688,23.802857,6.514286
07/16/2019 18:50:00.000000,0.381768,21.96,0.0578,23.242857,6.142857
07/16/2019 18:51:00.000000,0.354325,22.65,0.05695,0.065567,4.465116
07/16/2019 18:52:00.000000,0.333365,21.348,0.05544,39.375676,5.854054
07/16/2019 18:53:00.000000,0.391901,13.5185,0.058967,0.023967,5.997059
07/16/2019 18:54:00.000000,0.315585,16.89425,0.061325,3.357576,3.187879
07/16/2019 18:55:00.000000,0.258854,16.0955,0.06005,0.030185,5.143243
07/16/2019 18:56:00.000000,0.286562,30.958,0.051025,0.023477,5.373684
07/16/2019 18:57:00.000000,0.456823,37.89325,0.053475,40.153125,6.271875
07/16/2019 18:58:00.000000,0.820032,14.058,0.06245,15.991892,5.132432
07/16/2019 18:59:00.000000,0.636119,11.98225,0.065775,0.027484,6.380488
07/16/2019 19:00:00.000000,0.356502,12.23625,0.06585,17.104651,3.760465
07/16/2019 19:01:00.000000,0.317234,13.04375,0.064775,14.3125,2.62
07/16/2019 19:02:00.000000,0.368514,13.0625,0.064975,25.142857,5.414286
07/16/2019 19:03:00.000000,0.34139,13.21,0.06385,0.019367,4.265116
07/16/2019 19:04:00.000000,0.315356,13.225,0.0609,0.030216,3.835
07/16/2019 19:05:00.000000,0.391643,13.40525,0.0589,0.024729,4.765517
07/16/2019 19:06:00.000000,0.35946,13.28925,0.0646,15.6375,5.5875
07/16/2019 19:07:00.000000,0.277058,13.29725,0.06595,0.016108,5.526667
07/16/2019 19:08:00.000000,0.296612,19.03625,0.06135,19.155,4.225
07/16/2019 19:09:00.000000,0.373768,17.1275,0.05815,0.029813,5.220513
07/16/2019 19:10:00.000000,0.353983,10.2575,0.062,11.014286,5.142857
07/16/2019 19:11:00.000000,0.286525,7.794,0.066325,0.009449,3.927907
07/16/2019 19:12:00.000000,0.223794,7.79975,0.067525,29.887879,3.7
07/16/2019 19:13:00.000000,0.211457,8.086,0.067425,40.368421,4.923684
07/16/2019 19:14:00.000000,0.236131,8.2685,0.07058,0.042976,4.531818
07/16/2019 19:15:00.000000,0.240427,8.5325,0.0718,0.030964,4.330769
07/16/2019 19:16:00.000000,0.230007,13.65625,0.06715,21.314286,5.757143
07/16/2019 19:17:00.000000,0.302047,15.3745,0.063775,25.268293,3.780488
07/16/2019 19:18:00.000000,0.318624,12.43375,0.065775,25.747368,5.0
07/16/2019 19:19:00.000000,0.28846,19.59075,0.06325,34.218605,5.213953
07/16/2019 19:20:00.000000,0.355466,11.66225,0.06465,25.077143,4.72
07/16/2019 19:21:00.000000,0.316533,10.7125,0.0713,13.761111,4.016667
07/16/2019 19:22:00.000000,0.235252,11.523,0.072075,0.033961,4.595
07/16/2019 19:23:00.000000,0.242464,11.50775,0.07145,0.017768,3.145455
07/16/2019 19:24:00.000000,0.263315,11.4005,0.072125,0.012099,4.286667
07/16/2019 19:25:00.000000,0.267424,11.7335,0.065175,23.356757,5.672973
07/16/2019 19:26:00.000000,0.274236,19.2765,0.0579,13.695238,3.9
07/16/2019 19:27:00.000000,0.363726,20.20225,0.074167,0.023108,4.477419
07/16/2019 19:28:00.000000,0.386236,11.07675,0.07474,3.978788,3.433333
07/16/2019 19:29:00.000000,0.269783,,,,
07/16/2019 19:30:00.000000,0.312574,11.98025,0.07125,0.026305,5.14
07/16/2019 19:31:00.000000,0.371494,10.60325,0.07335,0.039479,3.607692
07/16/2019 19:32:00.000000,0.2956,10.98125,0.0717,0.007201,3.129268
07/16/2019 19:33:00.000000,0.309457,11.403,0.070025,0.01337,4.63
07/16/2019 19:34:00.000000,0.387042,11.67,0.070225,0.02104,3.781395
07/16/2019 19:35:00.000000,0.406967,11.80825,0.0722,13.734211,4.694737
07/16/2019 19:36:00.000000,0.343167,11.97325,0.0723,19.93,3.285
07/16/2019 19:37:00.000000,0.29571,12.22525,0.070775,20.587805,4.963415
07/16/2019 19:38:00.000000,0.353213,12.376,0.071025,18.863889,2.883333
07/16/2019 19:39:00.000000,0.317535,12.0065,0.073475,0.004415,2.057143
07/16/2019 19:40:00.000000,0.244562,18.13875,0.057125,0.039332,5.811429
07/16/2019 19:41:00.000000,0.320568,32.6615,0.05385,15.605263,5.505263
07/16/2019 19:42:00.000000,0.323991,11.0175,0.06535,0.022999,5.789474
07/16/2019 19:43:00.000000,0.22724,13.37325,0.0601,0.019552,4.259091
07/16/2019 19:44:00.000000,0.282044,16.20525,0.06665,8.368889,2.96
07/16/2019 19:45:00.000000,0.345794,9.35125,0.07275,0.023249,3.895122
07/16/2019 19:46:00.000000,0.244478,8.0055,0.075475,17.245455,5.277273
07/16/2019 19:47:00.000000,0.210471,9.2055,0.07465,0.020844,8.531579
07/16/2019 19:48:00.000000,0.217319,7.15775,0.074875,0.02254,3.55122
07/16/2019 19:49:00.000000,0.226995,7.3455,0.07325,10.07561,3.614634
07/16/2019 19:50:00.000000,0.238446,7.20175,0.0714,0.020494,4.414286
07/16/2019 19:51:00.000000,0.207192,7.05075,0.070625,0.015162,3.722727
07/16/2019 19:52:00.000000,0.196505,10.94,0.0694,0.034787,3.347368
07/16/2019 19:53:00.000000,0.234648,14.21425,0.06685,27.253846,2.623077
07/16/2019 19:54:00.000000,0.254187,11.3195,0.063975,0.008917,2.756098
07/16/2019 19:55:00.000000,0.224779,8.2535,0.06745,11.916667,5.3
07/16/2019 19:56:00.000000,0.28193,10.7055,0.0679,4.3075,2.995
07/16/2019 19:57:00.000000,0.405994,11.5345,0.065475,9.604762,1.914286
07/16/2019 19:58:00.000000,0.35284,11.112,0.068525,9.671429,3.374286
07/16/2019 19:59:00.000000,0.252209,10.6155,0.0695,0.004828,1.863333
07/16/2019 20:00:00.000000,0.223824,9.957,0.068333,6.685714,2.142857
07/16/2019 20:01:00.000000,0.240991,9.463,0.06832,0.017681,2.457143
07/16/2019 20:02:00.000000,0.304979,8.9824,0.06802,0.014362,2.75
07/16/2019 20:03:00.000000,0.29314,8.6588,0.06758,0.012468,2.8
07/16/2019 20:04:00.000000,0.261709,9.784333,0.066775,13.995349,2.369767
07/16/2019 20:05:00.000000,0.315455,14.146,0.06445,0.010557,2.47619
07/16/2019 20:06:00.000000,0.364397,9.21475,0.0664,10.897561,2.756098
07/16/2019 20:07:00.000000,0.305566,16.15425,0.063775,7.851282,3.561538
07/16/2019 20:08:00.000000,0.32638,13.5755,0.062275,15.047368,3.781579
07/16/2019 20:09:00.000000,0.305498,,0.06625,,
07/16/2019 20:10:00.000000,0.251986,6.705,0.06875,7.693023,3.011628
07/16/2019 20:11:00.000000,0.198728,7.311,0.070275,0.014973,2.125581
07/16/2019 20:12:00.000000,0.217438,14.66725,0.05875,0.014474,3.36
07/16/2019 20:13:00.000000,0.303654,10.371,0.06685,0.008537,2.831707
07/16/2019 20:14:00.000000,0.255159,5.78975,0.06765,0.012597,4.392308
07/16/2019 20:15:00.000000,0.222731,6.6325,0.0697,0.009414,2.745
07/16/2019 20:16:00.000000,0.240808,6.674,0.0718,0.011816,3.609091
07/16/2019 20:17:00.000000,0.221583,6.3745,0.070475,3.4125,2.315
07/16/2019 20:18:00.000000,0.194735,6.2625,0.065,7.261538,3.230769
07/16/2019 20:19:00.000000,0.188873,6.34775,0.061275,0.020953,4.442857
07/16/2019 20:20:00.000000,0.246141,6.27025,0.059825,0.009367,3.742857
07/16/2019 20:21:00.000000,0.206057,6.1265,0.057725,5.1,2.657143
07/16/2019 20:22:00.000000,0.175439,6.2425,0.053175,10.7875,2.84
07/16/2019 20:23:00.000000,0.220207,6.57675,0.049275,2.721951,1.490244
07/16/2019 20:24:00.000000,0.22793,6.37525,0.051425,0.006451,1.626829
07/16/2019 20:25:00.000000,0.161782,6.147,0.055125,0.010035,1.870732
07/16/2019 20:26:00.000000,0.162084,6.14225,0.05825,6.343902,2.241463
07/16/2019 20:27:00.000000,0.165619,5.908,0.058,3.453659,2.214634
07/16/2019 20:28:00.000000,0.218321,5.8755,0.05815,11.204545,1.779545
07/16/2019 20:29:00.000000,0.212207,5.742,0.05985,4.614286,2.471429
07/16/2019 20:30:00.000000,0.176028,12.17225,0.054,6.5375,3.45
07/16/2019 20:31:00.000000,0.281299,19.65225,0.044225,7.086842,3.010526
07/16/2019 20:32:00.000000,0.420753,13.736,0.046525,2.281395,1.695349
07/16/2019 20:33:00.000000,0.359077,7.48425,0.05365,0.00435,1.671429
07/16/2019 20:34:00.000000,0.224144,5.2245,0.056475,1.663333,1.603333
07/16/2019 20:35:00.000000,0.166439,5.979,0.05605,5.388571,2.765714
07/16/2019 20:36:00.000000,0.215493,12.66075,0.051175,0.003947,2.276923
07/16/2019 20:37:00.000000,0.311949,13.2345,0.0485,14.214634,3.139024
07/16/2019 20:38:00.000000,0.267014,13.03475,0.0507,8.857143,2.05
07/16/2019 20:39:00.000000,0.325717,14.47725,0.049025,0.002512,1.466667
07/16/2019 20:40:00.000000,0.377332,17.4235,0.04555,0.010798,2.082927
07/16/2019 20:41:00.000000,0.284725,9.03325,0.050675,0.005992,2.362791
07/16/2019 20:42:00.000000,0.220868,9.724,0.05285,1.768421,1.531579
07/16/2019 20:43:00.000000,0.265941,13.7045,0.051725,0.006133,2.446154
07/16/2019 20:44:00.000000,0.33663,10.4535,0.0542,0.012729,4.236111
07/16/2019 20:45:00.000000,0.322275,12.0815,0.05535,30.990476,2.561905
07/16/2019 20:46:00.000000,0.248112,10.689,0.0556,0.014065,3.32439
07/16/2019 20:47:00.000000,0.203977,17.17125,0.05365,4.9375,3.415
07/16/2019 20:48:00.000000,0.233579,16.72675,0.050675,9.218605,2.453488
07/16/2019 20:49:00.000000,0.283418,12.50025,0.0543,6.075676,3.013514
07/16/2019 20:50:00.000000,0.244742,10.717,0.057025,0.002755,1.9
07/16/2019 20:51:00.000000,0.206913,13.13775,0.05665,0.007712,2.695122
07/16/2019 20:52:00.000000,0.20148,10.504,0.05615,11.884615,1.969231
07/16/2019 20:53:00.000000,0.492608,8.853,0.056575,4.9375,2.2375
07/16/2019 20:54:00.000000,0.6604,10.0285,0.055925,0.001961,1.442857
07/16/2019 20:55:00.000000,0.361902,6.39225,0.05845,12.85122,1.563415
07/16/2019 20:56:00.000000,0.222946,6.53075,0.0614,0.010942,2.933333
07/16/2019 20:57:00.000000,0.201307,5.977,0.060775,2.515789,1.936842
07/16/2019 20:58:00.000000,0.208911,5.52125,0.0598,0.006695,2.088571
07/16/2019 20:59:00.000000,0.188848,5.96875,0.057725,0.00247,1.587805
07/16/2019 21:00:00.000000,0.221664,15.12875,0.055,0.007202,2.411429
07/16/2019 21:01:00.000000,0.332114,7.23175,0.064825,1.641935,1.535484
07/16/2019 21:02:00.000000,0.282252,7.323,0.0615,0.009708,2.510526
07/16/2019 21:03:00.000000,0.386513,20.781,0.050275,0.016996,2.872727
07/16/2019 21:04:00.000000,0.735825,16.3935,0.04885,0.007081,2.732432
07/16/2019 21:05:00.000000,0.610066,7.6155,0.060175,1.81,1.51
07/16/2019 21:06:00.000000,0.894062,7.28525,0.062625,0.008982,2.169565
07/16/2019 21:07:00.000000,0.540043,14.13575,0.0567,16.209524,3.414286
07/16/2019 21:08:00.000000,0.244344,8.737,0.0555,11.765909,3.518182
07/16/2019 21:09:00.000000,0.259925,8.885,0.05575,0.02401,2.985714
07/16/2019 21:10:00.000000,0.275576,14.61525,0.054,0.042028,5.814286
07/16/2019 21:11:00.000000,0.26323,13.149,0.055525,0.060379,6.043902
07/16/2019 21:12:00.000000,0.245842,15.454,0.055875,0.046306,3.085714
07/16/2019 21:13:00.000000,0.259483,13.42075,0.056425,0.059242,3.628571
07/16/2019 21:14:00.000000,0.226084,13.07325,0.05805,15.026667,4.84
07/16/2019 21:15:00.000000,0.22749,12.68375,0.057725,0.017136,3.714286
07/16/2019 21:16:00.000000,0.239643,14.23575,0.0536,21.358824,3.402941
07/16/2019 21:17:00.000000,0.343852,18.23425,0.052175,40.490625,2.81875
07/16/2019 21:18:00.000000,0.436034,10.2475,0.056,34.791176,2.023529
07/16/2019 21:19:00.000000,0.442388,7.31175,0.0597,0.029882,3.448276
07/16/2019 21:20:00.000000,0.302547,13.4145,0.056425,8.218605,3.155814
07/16/2019 21:21:00.000000,0.290264,6.63925,0.058167,0.013419,2.583721
07/16/2019 21:22:00.000000,0.236137,9.51425,0.0619,0.034245,3.268293
07/16/2019 21:23:00.000000,0.311942,12.20425,0.058425,28.575,6.205
07/16/2019 21:24:00.000000,0.323034,11.414,0.056475,38.372727,5.663636
07/16/2019 21:25:00.000000,0.296444,12.96275,0.057775,0.035873,3.384615
07/16/2019 21:26:00.000000,0.269264,16.32325,0.055375,22.953488,4.97907
07/16/2019 21:27:00.000000,0.327536,11.81725,0.05675,0.035495,10.376923
07/16/2019 21:28:00.000000,0.270841,15.95475,0.0575,0.028212,4.556098
07/16/2019 21:29:00.000000,0.266705,17.657,0.054275,18.641463,3.912195
07/16/2019 21:30:00.000000,0.284385,16.87725,0.052525,0.028629,2.395556
07/16/2019 21:31:00.000000,0.343462,14.18125,0.0537,18.030952,3.9
07/16/2019 21:32:00.000000,0.369815,9.99325,0.057775,0.035276,5.057143
07/16/2019 21:33:00.000000,0.281362,8.15875,0.06,0.019115,3.823256
07/16/2019 21:34:00.000000,0.24338,8.1565,0.0612,18.209756,4.390244
07/16/2019 21:35:00.000000,0.280959,8.59375,0.061275,18.926316,4.331579
07/16/2019 21:36:00.000000,0.279668,7.07025,0.061825,13.585714,1.9
07/16/2019 21:37:00.000000,0.205151,8.8645,0.062075,0.030128,4.461538
07/16/2019 21:38:00.000000,1.085784,7.239,0.0602,0.010035,2.678049
07/16/2019 21:39:00.000000,2.082338,13.82025,0.060875,17.12,3.135
07/16/2019 21:40:00.000000,0.719729,8.2625,0.06115,12.929545,2.522727
07/16/2019 21:41:00.000000,0.254163,6.5925,0.0639,0.012294,2.885714
07/16/2019 21:42:00.000000,0.189107,9.608,0.0627,15.833333,3.086667
07/16/2019 21:43:00.000000,0.237503,7.496,0.055375,9.030769,2.507692
07/16/2019 21:44:00.000000,0.279305,10.2495,0.06275,23.371429,3.316667
07/16/2019 21:45:00.000000,0.237071,20.0145,0.05915,0.023053,3.925
07/16/2019 21:46:00.000000,0.287425,21.79275,0.0533,0.033271,5.84186
07/16/2019 21:47:00.000000,0.390115,21.5995,0.0526,0.023031,3.926316
07/16/2019 21:48:00.000000,0.350081,14.9805,0.055375,0.032775,3.251064
07/16/2019 21:49:00.000000,0.295522,7.43075,0.06135,0.047955,3.113636
07/16/2019 21:50:00.000000,0.29164,7.20875,0.0635,15.309756,3.612195
07/16/2019 21:51:00.000000,0.212995,7.52575,0.063375,20.57907,1.893023
07/16/2019 21:52:00.000000,0.21079,13.44475,0.0601,8.068182,2.809091
07/16/2019 21:53:00.000000,0.25417,10.20775,0.059775,0.017921,3.85
07/16/2019 21:54:00.000000,0.232291,10.005,0.06335,0.015289,3.485714
07/16/2019 21:55:00.000000,0.295549,11.61725,0.060375,27.229545,4.790909
07/16/2019 21:56:00.000000,0.311225,11.472,0.059725,0.026272,3.145
07/16/2019 21:57:00.000000,0.264622,11.33475,0.0614,22.584615,2.376923
07/16/2019 21:58:00.000000,0.239713,11.05325,0.0616,0.032274,2.98
07/16/2019 21:59:00.000000,0.224633,10.78625,0.0607,17.427907,2.84186
07/16/2019 22:00:00.000000,0.201126,10.47275,0.06245,0.01157,3.48
07/16/2019 22:01:00.000000,0.191105,10.30825,0.063675,0.009547,3.016667
07/16/2019 22:02:00.000000,0.068407,10.15475,0.063825,0.00833,2.9
07/16/2019 22:03:00.000000,0.014994,13.2535,0.063375,6.9875,3.58
07/16/2019 22:04:00.000000,0.001414,14.75925,0.061325,0.01966,3.107692
07/16/2019 22:05:00.000000,0.002849,6.76675,0.063,0.008636,2.915
07/16/2019 22:06:00.000000,0.000597,8.10775,0.06645,0.012748,2.9
07/16/2019 22:07:00.000000,0.002317,7.60325,0.06695,17.714634,4.558537
07/16/2019 22:08:00.000000,0.004327,5.68375,0.0656,10.619512,4.729268
07/16/2019 22:09:00.000000,0.001633,6.41725,0.062825,0.015726,4.269767
07/16/2019 22:10:00.000000,0.000376,6.759,0.064125,0.023711,2.742857
07/16/2019 22:11:00.000000,0.005244,7.05625,0.0652,13.7,4.0
07/16/2019 22:12:00.000000,0.140628,7.0445,0.0668,9.1,2.763415
07/16/2019 22:13:00.000000,0.27306,7.09225,0.068,0.011924,4.042857
07/16/2019 22:14:00.000000,0.228202,7.9365,0.06565,0.00984,2.678049
07/16/2019 22:15:00.000000,0.219035,11.18725,0.064325,0.024952,6.874419
07/16/2019 22:16:00.000000,0.226779,13.2325,0.062,7.1875,4.115
07/16/2019 22:17:00.000000,0.295405,9.17375,0.06015,2.204545,1.902273
07/16/2019 22:18:00.000000,0.293415,9.5245,0.060625,29.728571,1.342857
07/16/2019 22:19:00.000000,0.2467,9.8385,0.061675,19.463158,2.057895
07/16/2019 22:20:00.000000,0.188881,9.5075,0.06305,15.407317,2.797561
07/16/2019 22:21:00.000000,0.169546,9.59825,0.06055,12.088372,3.486047
07/16/2019 22:22:00.000000,0.206724,9.47575,0.061,0.003554,2.1125
07/16/2019 22:23:00.000000,0.215605,9.2535,0.0621,1.986047,1.983721
07/16/2019 22:24:00.000000,0.257,9.3574,0.06134,0.016543,3.438462
07/16/2019 22:25:00.000000,0.573471,14.554,0.059375,0.022485,3.102439
07/16/2019 22:26:00.000000,0.573343,12.619,0.0601,13.11282,2.302564
07/16/2019 22:27:00.000000,0.331276,11.37825,0.0611,21.61,2.2
07/16/2019 22:28:00.000000,0.253005,5.222,0.064325,0.006802,1.777778
07/16/2019 22:29:00.000000,0.1865,4.72625,0.067,11.66,2.635
07/16/2019 22:30:00.000000,0.172414,4.753,0.066375,3.415789,1.789474
07/16/2019 22:31:00.000000,0.196203,10.55725,0.0626,0.01139,3.57907
07/16/2019 22:32:00.000000,0.288783,22.162,0.055925,3.875,3.05
07/16/2019 22:33:00.000000,0.336411,22.04975,0.057675,6.030435,2.476087
07/16/2019 22:34:00.000000,0.20573,10.01775,0.062025,0.021614,2.744186
07/16/2019 22:35:00.000000,0.170732,6.57225,0.063825,9.214286,3.314286
07/16/2019 22:36:00.000000,0.166902,6.29225,0.06375,2.710811,2.059459
07/16/2019 22:37:00.000000,0.225382,7.16375,0.063025,9.733333,1.961905
07/16/2019 22:38:00.000000,0.254913,7.1595,0.06305,8.042857,2.6
07/16/2019 22:39:00.000000,0.20996,7.511,0.061875,17.87,2.36
07/16/2019 22:40:00.000000,0.220786,12.4605,0.058625,9.26,4.91
07/16/2019 22:41:00.000000,0.231146,11.33325,0.05955,0.021173,3.914286
07/16/2019 22:42:00.000000,0.226041,8.46825,0.0625,7.882051,2.769231
07/16/2019 22:43:00.000000,0.211664,11.625,0.06085,29.975,2.77
07/16/2019 22:44:00.000000,0.236546,6.099,0.06155,0.019929,3.34375
07/16/2019 22:45:00.000000,0.218733,11.7985,0.059425,0.026456,3.108571
07/16/2019 22:46:00.000000,0.257078,12.06325,0.057175,0.005183,2.242857
07/16/2019 22:47:00.000000,0.269395,10.9545,0.05985,8.836364,4.259091
07/16/2019 22:48:00.000000,0.247511,11.12275,0.05885,8.625,2.815
07/16/2019 22:49:00.000000,0.240971,10.96275,0.059975,0.003079,1.811628
07/16/2019 22:50:00.000000,0.210514,10.24975,0.060025,10.915152,1.7
07/16/2019 22:51:00.000000,0.246258,7.76425,0.05865,26.956098,4.104878
07/16/2019 22:52:00.000000,0.251141,9.43975,0.0579,0.024051,3.94375
07/16/2019 22:53:00.000000,0.207795,10.76675,0.055675,0.013564,2.3
07/16/2019 22:54:00.000000,0.215398,6.76925,0.057533,0.002351,1.265
07/16/2019 22:55:00.000000,0.213059,7.5665,0.05824,8.723529,2.7
07/16/2019 22:56:00.000000,0.206527,8.68325,0.0575,0.010216,3.091429
07/16/2019 22:57:00.000000,0.235211,8.91925,0.0561,10.7,4.538462
07/16/2019 22:58:00.000000,0.293085,9.07575,0.0554,3.360976,2.409756
07/16/2019 22:59:00.000000,0.301848,8.79325,0.0583,0.005842,1.747368
07/16/2019 23:00:00.000000,0.225157,8.38325,0.06135,0.007185,1.528571
07/16/2019 23:01:00.000000,0.178809,9.581333,0.059175,0.011809,2.87619
07/16/2019 23:02:00.000000,0.238773,12.43,0.055025,0.007261,2.855814
07/16/2019 23:03:00.000000,0.277111,6.94125,0.0578,0.014895,1.764706
07/16/2019 23:04:00.000000,0.231429,7.49825,0.058275,5.942857,1.614286
07/16/2019 23:05:00.000000,0.299319,8.18375,0.057975,12.739024,1.765854
07/16/2019 23:06:00.000000,0.350302,12.434,0.05755,0.025812,2.057143
07/16/2019 23:07:00.000000,0.253739,6.91725,0.0598,0.005634,1.157143
07/16/2019 23:08:00.000000,0.165225,5.58275,0.0623,0.001842,1.423077
07/16/2019 23:09:00.000000,0.151092,,,,
07/16/2019 23:10:00.000000,0.168262,6.1555,0.0625,0.002965,1.471429
07/16/2019 23:11:00.000000,0.203276,6.20525,0.0609,0.013353,2.053659
07/16/2019 23:12:00.000000,0.211773,6.64675,0.058475,0.011279,1.509091
07/16/2019 23:13:00.000000,0.223623,11.753,0.056725,16.748837,2.088372
07/16/2019 23:14:00.000000,0.213449,9.19525,0.05595,25.370732,1.773171
07/16/2019 23:15:00.000000,0.203452,10.35225,0.058725,9.926316,2.710526
07/16/2019 23:16:00.000000,0.214857,9.407,0.056875,1.970732,1.534146
07/16/2019 23:17:00.000000,0.252014,9.7815,0.05475,0.00607,2.175
07/16/2019 23:18:00.000000,0.253945,11.05425,0.054,9.588571,2.491429
07/16/2019 23:19:00.000000,0.245036,10.784,0.05605,6.18,1.94
07/16/2019 23:20:00.000000,0.227949,10.026,0.0611,0.005138,2.04878
07/16/2019 23:21:00.000000,0.172585,9.18775,0.062825,11.326829,1.673171
07/16/2019 23:22:00.000000,0.180391,8.75775,0.059375,4.497561,3.05122
07/16/2019 23:23:00.000000,0.239809,14.97475,0.05695,1.169697,1.166667
07/16/2019 23:24:00.000000,0.286621,3.87725,0.06265,0.007055,2.35
07/16/2019 23:25:00.000000,0.264074,6.8615,0.0616,11.332258,2.6
07/16/2019 23:26:00.000000,0.572073,11.25725,0.058625,0.007336,2.697143
07/16/2019 23:27:00.000000,0.412083,5.7835,0.06165,0.00264,1.757143
07/16/2019 23:28:00.000000,0.239061,6.18875,0.0608,0.006593,2.371429
07/16/2019 23:29:00.000000,0.264917,6.9565,0.059025,,
07/16/2019 23:30:00.000000,0.235825,7.17475,0.058875,0.018719,1.5
07/16/2019 23:31:00.000000,0.198027,7.20425,0.060325,9.275,2.277778
07/16/2019 23:32:00.000000,0.18729,7.28925,0.060667,2.868293,1.873171
07/16/2019 23:33:00.000000,0.18401,7.3635,0.059475,11.49,2.055
07/16/2019 23:34:00.000000,0.186694,7.15425,0.060225,11.142857,1.928571
07/16/2019 23:35:00.000000,0.160448,7.06625,0.060025,8.4075,2.1475
07/16/2019 23:36:00.000000,0.169138,7.099,0.05964,1.984848,1.715152
07/16/2019 23:37:00.000000,0.18782,6.79225,0.060533,0.004388,1.79697
07/16/2019 23:38:00.000000,0.196946,6.7225,0.05915,7.13,3.33
07/16/2019 23:39:00.000000,0.233309,6.9775,0.05878,5.064706,2.094118
07/16/2019 23:40:00.000000,0.22361,6.60225,0.060667,0.008548,1.49
07/16/2019 23:41:00.000000,0.206817,6.05875,0.062275,7.426829,1.314634
07/16/2019 23:42:00.000000,0.1935,5.77675,0.0638,0.003511,1.3
07/16/2019 23:43:00.000000,0.155779,5.59875,0.063775,7.161905,1.728571
07/16/2019 23:44:00.000000,0.173916,10.39225,0.05965,0.009983,1.886047
07/16/2019 23:45:00.000000,0.201368,6.71525,0.059575,0.015318,1.9
07/16/2019 23:46:00.000000,0.203605,10.52775,0.0614,9.159574,2.325532
07/16/2019 23:47:00.000000,0.278294,11.0235,0.05965,1.9625,1.21
07/16/2019 23:48:00.000000,0.343325,10.121,0.060075,3.782609,1.423913
07/16/2019 23:49:00.000000,0.22694,10.16025,0.058125,0.006335,2.720513
07/16/2019 23:50:00.000000,0.218263,10.5815,0.0545,0.008569,2.131707
07/16/2019 23:51:00.000000,0.278258,10.298,0.057,0.010178,1.402439
07/16/2019 23:52:00.000000,0.291477,9.718,0.061475,18.336585,2.153659
07/16/2019 23:53:00.000000,0.229995,9.4165,0.060275,0.027541,3.585714
07/16/2019 23:54:00.000000,0.224489,15.32525,0.056325,12.546667,3.453333
07/16/2019 23:55:00.000000,0.273302,16.213,0.051025,6.090476,3.485714
07/16/2019 23:56:00.000000,0.311664,8.00575,0.054575,9.35122,2.219512
07/16/2019 23:57:00.000000,0.285212,9.743667,0.057425,22.4125,1.83
07/16/2019 23:58:00.000000,0.272928,7.066,0.057625,0.026653,1.715909
07/16/2019 23:59:00.000000,0.238022,4.84525,0.060775,10.663415,1.358537
07/17/2019 00:00:00.000000,0.238055,4.7755,0.062125,15.476923,1.638462
07/17/2019 00:01:00.000000,0.206491,8.7052,0.060075,12.66,3.68
07/17/2019 00:02:00.000000,0.235733,7.205,0.059975,0.006853,2.006383
07/17/2019 00:03:00.000000,0.216771,6.584,0.0619,6.023077,2.546154
07/17/2019 00:04:00.000000,0.192564,6.30125,0.061425,0.008993,2.507407
07/17/2019 00:05:00.000000,0.187965,6.34625,0.061025,12.121429,3.357143
07/17/2019 00:06:00.000000,0.18596,6.3625,0.060525,0.005404,1.265714
07/17/2019 00:07:00.000000,0.206356,6.1005,0.061275,8.325,2.325
07/17/2019 00:08:00.000000,0.273507,6.26,0.059,0.009394,3.358974
07/17/2019 00:09:00.000000,0.807435,6.48675,0.056775,0.010532,1.785714
07/17/2019 00:10:00.000000,0.895301,6.49325,0.0597,6.459091,2.363636
07/17/2019 00:11:00.000000,0.306931,6.24275,0.062625,6.2,1.809091
07/17/2019 00:12:00.000000,0.188364,6.0475,0.06245,3.212195,2.114634
07/17/2019 00:13:00.000000,0.204376,8.5595,0.054075,9.5,2.894737
07/17/2019 00:14:00.000000,0.259841,11.99725,0.062425,0.007351,1.365116
07/17/2019 00:15:00.000000,0.232359,4.6055,0.06335,7.770732,3.587805
07/17/2019 00:16:00.000000,0.186187,7.68125,0.06095,1.541379,1.396552
07/17/2019 00:17:00.000000,0.208396,8.45125,0.05905,0.012748,1.394595
07/17/2019 00:18:00.000000,0.203201,7.38675,0.0602,2.844186,1.486047
07/17/2019 00:19:00.000000,0.204268,7.204,0.060875,6.892683,1.665854
07/17/2019 00:20:00.000000,0.205859,6.9375,0.06145,14.251163,1.7
07/17/2019 00:21:00.000000,0.199154,6.54575,0.062,0.002874,1.1
07/17/2019 00:22:00.000000,0.184409,6.10525,0.057775,13.728205,1.761538
07/17/2019 00:23:00.000000,0.248547,17.07575,0.055925,9.587879,2.675758
07/17/2019 00:24:00.000000,0.280928,6.708,0.0611,0.004323,1.34
07/17/2019 00:25:00.000000,0.225755,4.18375,0.061225,4.311429,2.368571
07/17/2019 00:26:00.000000,0.208558,4.8545,0.0599,5.936585,3.395122
07/17/2019 00:27:00.000000,0.238443,5.48175,0.0576,0.006886,2.770732
07/17/2019 00:28:00.000000,0.27714,6.09075,0.0553,0.011066,3.195
07/17/2019 00:29:00.000000,0.311828,6.61625,0.055925,5.88,2.875
07/17/2019 00:30:00.000000,0.282606,6.79325,0.059125,5.227907,2.883721
07/17/2019 00:31:00.000000,0.212282,7.07175,0.05825,0.025827,3.244186
07/17/2019 00:32:00.000000,0.246033,7.35275,0.0571,9.77619,1.45
07/17/2019 00:33:00.000000,0.241209,7.3635,0.06015,5.356818,1.690909
07/17/2019 00:34:00.000000,0.17749,7.23875,0.059575,1.452381,1.114286
07/17/2019 00:35:00.000000,0.165696,6.5885,0.057075,4.138462,1.871795
07/17/2019 00:36:00.000000,0.217789,10.3755,0.0521,4.855,2.595
07/17/2019 00:37:00.000000,0.287943,12.92,0.0499,0.007008,2.362222
07/17/2019 00:38:00.000000,0.441361,12.38575,0.05135,13.290244,1.531707
07/17/2019 00:39:00.000000,0.38306,8.4665,0.05525,0.010643,1.828571
07/17/2019 00:40:00.000000,0.22008,8.116,0.05765,0.01607,2.24
07/17/2019 00:41:00.000000,0.195222,8.051,0.055725,0.006498,2.043902
07/17/2019 00:42:00.000000,0.43393,8.18525,0.0544,0.002131,1.483721
07/17/2019 00:43:00.000000,0.421932,7.85275,0.0578,1.052632,1.063158
07/17/2019 00:44:00.000000,0.22095,7.344,0.06005,0.001454,1.084615
07/17/2019 00:45:00.000000,0.150803,7.40325,0.0566,13.123529,2.582353
07/17/2019 00:46:00.000000,0.162679,7.57925,0.05405,0.010018,1.934483
07/17/2019 00:47:00.000000,0.195,7.735,0.054325,1.990244,1.643902
07/17/2019 00:48:00.000000,0.237451,8.6595,0.052675,7.269231,3.376923
07/17/2019 00:49:00.000000,0.278731,,,,
07/17/2019 00:50:00.000000,0.261339,14.5905,0.05055,4.691176,2.502941
07/17/2019 00:51:00.000000,0.315324,11.55175,0.051175,0.01039,2.926829
07/17/2019 00:52:00.000000,0.38703,16.09375,0.0498,22.668085,1.638298
07/17/2019 00:53:00.000000,0.361306,15.01125,0.0498,0.012617,1.7875
07/17/2019 00:54:00.000000,0.290405,14.8175,0.0501,0.002999,2.052273
07/17/2019 00:55:00.000000,0.301756,11.0775,0.053475,1.494595,1.494595
07/17/2019 00:56:00.000000,0.246983,5.36175,0.057675,5.537778,2.835556
07/17/2019 00:57:00.000000,0.201297,6.25925,0.057425,0.010566,4.046512
07/17/2019 00:58:00.000000,0.202867,5.40525,0.058275,0.007362,2.057143
07/17/2019 00:59:00.000000,0.198273,5.3505,0.057325,0.011566,1.956098
07/17/2019 01:00:00.000000,0.240397,5.60725,0.055275,22.386364,2.0
07/17/2019 01:01:00.000000,0.252071,5.82525,0.0558,13.783721,2.418605
07/17/2019 01:02:00.000000,0.416259,6.4585,0.054375,0.008217,2.081081
07/17/2019 01:03:00.000000,0.445094,7.0175,0.0544,0.012639,2.257143
07/17/2019 01:04:00.000000,0.245736,7.17175,0.056275,0.007195,2.581818
07/17/2019 01:05:00.000000,0.220958,7.14475,0.0575,0.002625,1.917073
07/17/2019 01:06:00.000000,0.290141,7.13375,0.057125,0.006255,2.226829
07/17/2019 01:07:00.000000,0.347555,7.0465,0.054925,4.411628,2.644186
07/17/2019 01:08:00.000000,0.265807,7.026,0.053575,11.613953,3.646512
07/17/2019 01:09:00.000000,0.222998,7.153,0.0533,,
07/17/2019 01:10:00.000000,0.205508,6.735,0.053725,4.785,2.575
07/17/2019 01:11:00.000000,0.210307,6.37325,0.0549,7.028571,2.971429
07/17/2019 01:12:00.000000,0.195817,6.349,0.05605,14.813953,1.895349
07/17/2019 01:13:00.000000,0.170665,6.69275,0.054575,0.006835,1.7
07/17/2019 01:14:00.000000,0.195468,7.49025,0.0502,0.0109,2.402439
07/17/2019 01:15:00.000000,0.238771,8.321,0.050725,0.012021,4.844737
07/17/2019 01:16:00.000000,0.225001,8.46775,0.052525,12.556818,3.472727
07/17/2019 01:17:00.000000,0.209612,8.479,0.052525,0.056543,6.309091
07/17/2019 01:18:00.000000,0.196951,8.43225,0.0535,10.797674,2.927907
07/17/2019 01:19:00.000000,0.178902,8.334,0.05485,4.315,2.63
07/17/2019 01:20:00.000000,0.16732,8.31675,0.05505,4.875,2.53
07/17/2019 01:21:00.000000,0.16308,7.96975,0.056,0.012583,2.67561
07/17/2019 01:22:00.000000,0.143786,6.88975,0.0565,3.6875,2.19
07/17/2019 01:23:00.000000,0.144934,6.41275,0.0535,5.893023,2.444186
07/17/2019 01:24:00.000000,0.190046,11.1005,0.050075,0.004258,1.875676
07/17/2019 01:25:00.000000,0.254322,6.5175,0.053125,0.001901,1.455814
07/17/2019 01:26:00.000000,0.198475,4.4825,0.05555,0.003432,2.014634
07/17/2019 01:27:00.000000,0.157031,5.15725,0.05575,4.197619,1.928571
07/17/2019 01:28:00.000000,0.224325,5.535,0.053525,4.744186,2.486047
07/17/2019 01:29:00.000000,0.235876,5.96075,0.0516,3.834146,2.514634
07/17/2019 01:30:00.000000,0.225367,6.0215,0.05415,0.013674,2.585
07/17/2019 01:31:00.000000,0.170129,6.3775,0.053825,6.228571,2.766667
07/17/2019 01:32:00.000000,0.153212,6.968,0.051767,0.002662,1.902632
07/17/2019 01:33:00.000000,0.165451,7.0205,0.05274,0.014028,2.783333
07/17/2019 01:34:00.000000,0.167916,7.1,0.053175,0.003506,2.003125
07/17/2019 01:35:00.000000,0.168637,7.72875,0.048767,20.292592,3.248148
07/17/2019 01:36:00.000000,0.18298,7.649,0.048775,12.415,2.365
07/17/2019 01:37:00.000000,0.18134,7.32375,0.0524,0.01927,2.628571
07/17/2019 01:38:00.000000,0.197428,7.46775,0.05105,0.015872,4.540625
07/17/2019 01:39:00.000000,0.287871,7.20625,0.0528,0.005947,2.714286
07/17/2019 01:40:00.000000,0.225211,6.5615,0.05455,7.821053,3.578947
07/17/2019 01:41:00.000000,0.204301,6.55175,0.0541,4.423077,3.038462
07/17/2019 01:42:00.000000,0.208516,6.53775,0.0542,9.033333,4.983333
07/17/2019 01:43:00.000000,0.18809,6.15425,0.052775,0.011659,4.109302
07/17/2019 01:44:00.000000,0.282376,6.29075,0.05055,0.009465,4.326829
07/17/2019 01:45:00.000000,0.335929,6.49575,0.0509,8.657143,3.885714
07/17/2019 01:46:00.000000,0.270702,6.32925,0.052925,0.003163,2.0
07/17/2019 01:47:00.000000,0.196253,6.389,0.0529,0.01483,3.427273
07/17/2019 01:48:00.000000,0.165111,6.53875,0.052225,25.575,2.595
07/17/2019 01:49:00.000000,0.189199,6.63575,0.052,10.689189,2.483784
07/17/2019 01:50:00.000000,0.209742,6.75725,0.051325,0.002746,1.738462
07/17/2019 01:51:00.000000,0.244383,6.77125,0.051825,0.013352,2.192308
07/17/2019 01:52:00.000000,0.281632,6.42925,0.052375,2.879487,1.792308
07/17/2019 01:53:00.000000,0.208756,6.321,0.052625,0.009981,3.468421
07/17/2019 01:54:00.000000,0.172432,6.4765,0.052425,0.016093,2.853488
07/17/2019 01:55:00.000000,0.195609,6.64875,0.051875,0.009503,3.975
07/17/2019 01:56:00.000000,0.239569,6.6555,0.0522,0.008105,2.645455
07/17/2019 01:57:00.000000,0.256775,13.92925,0.032375,0.011969,4.034884
07/17/2019 01:58:00.000000,0.29713,20.88525,0.035925,6.8,3.025
07/17/2019 01:59:00.000000,0.264633,8.413,0.0473,5.55,2.29
07/17/2019 02:00:00.000000,0.279802,8.787,0.050625,0.006261,2.371429
07/17/2019 02:01:00.000000,0.357851,7.033,0.051067,0.007029,2.484211
07/17/2019 02:02:00.000000,0.237783,8.1165,0.05125,0.005352,2.65122
07/17/2019 02:03:00.000000,0.199256,7.8215,0.052075,12.6,3.130769
07/17/2019 02:04:00.000000,0.226917,7.45275,0.053575,0.009025,3.0675
07/17/2019 02:05:00.000000,0.195553,7.054,0.0542,6.305263,2.631579
07/17/2019 02:06:00.000000,0.18843,6.74925,0.054225,4.264286,2.652381
07/17/2019 02:07:00.000000,0.243959,6.61575,0.052125,4.514286,2.77619
07/17/2019 02:08:00.000000,0.299618,6.4505,0.051675,11.2,2.871111
07/17/2019 02:09:00.000000,0.196519,6.364,0.051575,11.95814,2.976744
07/17/2019 02:10:00.000000,0.177256,6.3925,0.05155,0.006587,2.85
07/17/2019 02:11:00.000000,0.166481,6.49125,0.052375,4.0325,2.4125
07/17/2019 02:12:00.000000,0.175422,6.6165,0.052525,0.013879,2.519512
07/17/2019 02:13:00.000000,0.176496,6.82275,0.052275,0.018911,2.826829
07/17/2019 02:14:00.000000,0.379944,6.77525,0.0527,6.155,2.125
07/17/2019 02:15:00.000000,0.485534,6.60025,0.05335,0.008091,3.828571
07/17/2019 02:16:00.000000,0.256492,6.6065,0.052325,5.719048,3.292857
07/17/2019 02:17:00.000000,0.220854,6.47225,0.05215,0.007091,2.462162
07/17/2019 02:18:00.000000,0.229489,6.3655,0.052225,0.015778,2.453846
07/17/2019 02:19:00.000000,0.262585,6.247,0.0521,4.557143,1.890476
07/17/2019 02:20:00.000000,0.229175,6.221,0.0523,4.45,2.171429
07/17/2019 02:21:00.000000,0.1843,6.24,0.0515,5.5875,3.35
07/17/2019 02:22:00.000000,0.181398,6.24325,0.051875,0.003264,2.371429
07/17/2019 02:23:00.000000,0.163142,6.2535,0.05265,0.002637,2.057143
07/17/2019 02:24:00.000000,0.159292,6.01175,0.0533,8.145,2.7975
07/17/2019 02:25:00.000000,0.176666,5.91,0.052925,15.348837,2.693023
07/17/2019 02:26:00.000000,0.183997,5.66575,0.0535,0.005797,2.046512
07/17/2019 02:27:00.000000,0.16519,5.571,0.053925,0.002454,1.9
07/17/2019 02:28:00.000000,0.153364,5.446,0.054075,0.007268,3.7
07/17/2019 02:29:00.000000,0.18851,5.29075,0.05365,8.509524,3.045238
07/17/2019 02:30:00.000000,0.278263,5.28025,0.0529,0.004184,2.12
07/17/2019 02:31:00.000000,0.356713,13.65425,0.04955,0.005775,2.553488
07/17/2019 02:32:00.000000,0.319892,12.44,0.0459,2.94878,2.387805
07/17/2019 02:33:00.000000,0.272706,7.99325,0.048675,11.985714,3.4
07/17/2019 02:34:00.000000,0.199996,5.91525,0.05165,0.027501,4.22093
07/17/2019 02:35:00.000000,0.170881,5.76175,0.05255,13.153488,3.953488
07/17/2019 02:36:00.000000,0.158486,5.82775,0.0527,7.0225,2.87
07/17/2019 02:37:00.000000,0.162494,5.97025,0.051675,0.008041,3.204878
07/17/2019 02:38:00.000000,0.182179,6.21775,0.050025,0.003308,2.190244
07/17/2019 02:39:00.000000,0.209862,6.311,0.05055,0.002831,2.172093
07/17/2019 02:40:00.000000,0.194706,6.30525,0.052,0.012897,2.071429
07/17/2019 02:41:00.000000,0.20641,6.29225,0.052075,7.357143,2.685714
07/17/2019 02:42:00.000000,0.203766,6.24875,0.052425,12.2,2.597561
07/17/2019 02:43:00.000000,0.167384,6.338,0.05205,0.021047,2.192308
07/17/2019 02:44:00.000000,0.168828,6.60925,0.04915,19.822727,2.475
07/17/2019 02:45:00.000000,0.190306,6.84375,0.0482,12.771795,4.189744
07/17/2019 02:46:00.000000,0.211514,6.7185,0.05025,0.007987,2.635714
07/17/2019 02:47:00.000000,0.191629,6.6945,0.051225,5.6325,2.925
07/17/2019 02:48:00.000000,0.176777,13.3485,0.041875,5.928571,3.495238
07/17/2019 02:49:00.000000,0.18277,8.3655,0.049925,,
07/17/2019 02:50:00.000000,0.176302,5.9515,0.051625,15.35,2.307143
07/17/2019 02:51:00.000000,0.187799,7.00125,0.0517,13.285714,3.442857
07/17/2019 02:52:00.000000,0.218284,8.07325,0.05045,12.17027,3.7
07/17/2019 02:53:00.000000,0.196813,7.83125,0.050275,0.005282,2.641463
07/17/2019 02:54:00.000000,0.174922,7.67425,0.0504,13.29,3.125
07/17/2019 02:55:00.000000,0.242333,7.781,0.04835,8.869565,3.071739
07/17/2019 02:56:00.000000,0.846309,7.94375,0.045775,8.829545,3.154545
07/17/2019 02:57:00.000000,0.909121,7.78575,0.048375,0.004824,2.713514
07/17/2019 02:58:00.000000,0.421454,7.79475,0.049675,0.003005,2.373333
07/17/2019 02:59:00.000000,0.310189,7.765,0.04905,2.069767,2.076744
07/17/2019 03:00:00.000000,0.247492,7.87725,0.0479,0.003463,2.546341
07/17/2019 03:01:00.000000,0.222572,8.14275,0.047625,4.268182,2.468182
07/17/2019 03:02:00.000000,0.23863,8.20425,0.048875,2.633333,2.161538
07/17/2019 03:03:00.000000,0.231428,8.71975,0.046475,0.012399,2.732558
07/17/2019 03:04:00.000000,0.307724,9.12625,0.044525,0.016462,3.144186
07/17/2019 03:05:00.000000,0.297937,9.739,0.0453,0.015086,3.695
07/17/2019 03:06:00.000000,0.262099,9.873,0.046425,0.017353,3.497297
07/17/2019 03:07:00.000000,0.25612,10.13225,0.04735,0.00858,3.4
07/17/2019 03:08:00.000000,0.418835,10.254,0.046975,3.015385,2.74359
07/17/2019 03:09:00.000000,0.540539,10.1365,0.0485,5.257143,2.6
07/17/2019 03:10:00.000000,0.326275,10.15675,0.049375,7.06,3.32
07/17/2019 03:11:00.000000,0.281778,9.68325,0.047875,0.009277,3.033333
07/17/2019 03:12:00.000000,0.28724,9.1685,0.047275,0.020879,2.495238
07/17/2019 03:13:00.000000,0.230761,8.77825,0.047675,0.008622,2.87234
07/17/2019 03:14:00.000000,0.210241,8.76175,0.045975,0.003064,2.0925
07/17/2019 03:15:00.000000,0.223,8.51475,0.047125,1.661538,1.646154
07/17/2019 03:16:00.000000,0.216151,8.24625,0.04814,0.006213,2.569697
07/17/2019 03:17:00.000000,0.196557,8.60375,0.046267,0.012218,2.427907
07/17/2019 03:18:00.000000,0.25048,8.78075,0.0467,10.963636,3.240909
07/17/2019 03:19:00.000000,0.269838,8.59925,0.04675,6.305128,3.738462
07/17/2019 03:20:00.000000,0.287485,10.4045,0.04484,0.009109,4.536
07/17/2019 03:21:00.000000,0.324243,14.13425,0.042733,9.666667,2.683333
07/17/2019 03:22:00.000000,0.390642,8.241,0.0443,5.531579,2.707895
07/17/2019 03:23:00.000000,0.541902,6.3065,0.047175,0.013525,2.287805
07/17/2019 03:24:00.000000,0.310253,5.946,0.0479,3.178571,2.028571
07/17/2019 03:25:00.000000,0.198876,5.8075,0.04755,0.010683,4.323256
07/17/2019 03:26:00.000000,0.182961,5.80325,0.048175,0.012392,2.642857
07/17/2019 03:27:00.000000,0.174665,5.99475,0.047525,15.565116,3.762791
07/17/2019 03:28:00.000000,0.188694,6.17975,0.0474,6.686842,2.736842
07/17/2019 03:29:00.000000,0.225537,6.44625,0.046975,,
07/17/2019 03:30:00.000000,0.2778,6.82775,0.045625,0.003546,2.594737
07/17/2019 03:31:00.000000,0.285036,7.04575,0.04585,6.4,3.304348
07/17/2019 03:32:00.000000,0.206691,7.269,0.046725,0.004052,2.490909
07/17/2019 03:33:00.000000,0.169764,7.59175,0.0455,0.009265,3.665854
07/17/2019 03:34:00.000000,0.17831,7.73975,0.04605,8.387805,4.839024
07/17/2019 03:35:00.000000,0.172968,7.798667,0.046975,0.004155,2.6
07/17/2019 03:36:00.000000,0.178639,8.081,0.044075,0.014934,3.080952
07/17/2019 03:37:00.000000,0.208651,8.117,0.045025,9.911905,2.685714
07/17/2019 03:38:00.000000,0.195089,7.924,0.04695,2.405714,2.211429
07/17/2019 03:39:00.000000,0.184065,7.78975,0.0464,0.002575,2.03
07/17/2019 03:40:00.000000,0.172573,7.82525,0.045725,5.553333,3.266667
07/17/2019 03:41:00.000000,0.190721,7.7195,0.045125,2.311429,2.237143
07/17/2019 03:42:00.000000,0.203298,7.61075,0.046875,16.913953,2.618605
07/17/2019 03:43:00.000000,0.164153,7.42075,0.047325,12.412821,3.461538
07/17/2019 03:44:00.000000,0.162154,7.052,0.047075,10.6125,3.345
07/17/2019 03:45:00.000000,0.166633,6.90875,0.046425,2.9,2.095349
07/17/2019 03:46:00.000000,0.166361,6.948,0.04645,0.007251,2.842857
07/17/2019 03:47:00.000000,0.16292,7.02225,0.046575,2.3875,1.95
07/17/2019 03:48:00.000000,0.168718,6.8845,0.046775,4.313333,3.056667
07/17/2019 03:49:00.000000,0.159469,,0.04575,,
07/17/2019 03:50:00.000000,0.183757,7.24675,0.0446,28.621951,3.1
07/17/2019 03:51:00.000000,0.183289,7.355,0.046,0.016568,3.68125
07/17/2019 03:52:00.000000,0.154892,7.4875,0.045725,3.285714,2.757143
07/17/2019 03:53:00.000000,0.162583,7.59825,0.04595,9.3,2.769231
07/17/2019 03:54:00.000000,0.161329,7.39725,0.048,0.006887,2.605882
07/17/2019 03:55:00.000000,0.153309,7.36125,0.047275,0.008737,3.523077
07/17/2019 03:56:00.000000,0.212563,7.84325,0.044275,0.01525,3.1
07/17/2019 03:57:00.000000,0.249706,7.74875,0.0454,14.233333,3.433333
07/17/2019 03:58:00.000000,0.181012,7.4505,0.047325,0.047842,4.268293
07/17/2019 03:59:00.000000,0.152254,7.45025,0.042025,0.009768,3.046154
07/17/2019 04:00:00.000000,0.189588,17.1305,0.03365,0.003516,2.63
07/17/2019 04:01:00.000000,0.238642,12.244,0.041075,0.002589,2.081818
07/17/2019 04:02:00.000000,0.064427,7.07925,0.045725,7.378049,3.078049
07/17/2019 04:03:00.000000,0.010597,5.2755,0.04845,8.65122,2.702439
07/17/2019 04:04:00.000000,-9999.0,5.4305,0.0487,0.003718,2.345
07/17/2019 04:05:00.000000,-9999.0,5.579,0.047475,13.714286,2.642857
07/17/2019 04:06:00.000000,-9999.0,5.664,0.04765,8.37619,3.3
07/17/2019 04:07:00.000000,-9999.0,5.79475,0.047175,0.041767,5.192683
07/17/2019 04:08:00.000000,-9999.0,5.90375,0.0471,0.025725,3.804348
07/17/2019 04:09:00.000000,-9999.0,6.29,0.04635,21.228571,3.328571
07/17/2019 04:10:00.000000,-9999.0,6.533,0.04705,0.005979,2.531707
07/17/2019 04:11:00.000000,-9999.0,6.752,0.04745,0.010989,2.572093
07/17/2019 04:12:00.000000,0.069645,6.931,0.046675,12.986047,4.665116
07/17/2019 04:13:00.000000,0.189167,7.1585,0.04695,0.012108,3.114286
07/17/2019 04:14:00.000000,0.20113,7.24775,0.04745,9.853659,3.141463
07/17/2019 04:15:00.000000,0.171561,7.241,0.04815,0.017937,2.12
07/17/2019 04:16:00.000000,0.153112,7.20475,0.0479,3.057143,2.582857
07/17/2019 04:17:00.000000,0.151344,8.342,0.04725,7.809524,4.142857
07/17/2019 04:18:00.000000,0.191313,11.8705,0.046425,0.011879,2.35122
07/17/2019 04:19:00.000000,0.228079,8.90825,0.0452,4.551163,2.176744
07/17/2019 04:20:00.000000,0.233566,6.03825,0.047425,0.013361,2.704545
07/17/2019 04:21:00.000000,0.194565,4.5395,0.049675,7.634783,3.06087
07/17/2019 04:22:00.000000,0.171359,4.20925,0.04865,0.005865,3.438462
07/17/2019 04:23:00.000000,0.19744,4.509,0.0481,2.94878,2.753659
07/17/2019 04:24:00.000000,0.202035,4.933,0.048025,0.00225,1.838462
07/17/2019 04:25:00.000000,0.186088,7.9515,0.047875,0.005151,2.288636
07/17/2019 04:26:00.000000,0.171903,8.32925,0.047867,3.419048,2.914286
07/17/2019 04:27:00.000000,0.201318,7.2755,0.0483,2.271429,2.228571
07/17/2019 04:28:00.000000,0.213237,6.082,0.0484,23.981081,9.472973
07/17/2019 04:29:00.000000,0.175087,6.372,0.049225,,
07/17/2019 04:30:00.000000,0.151984,6.217,0.050175,4.747826,2.447826
07/17/2019 04:31:00.000000,0.180844,6.11,0.04955,0.007507,2.7
07/17/2019 04:32:00.000000,0.251164,6.15225,0.048225,6.1,2.967568
07/17/2019 04:33:00.000000,0.261534,6.13925,0.047925,14.392308,2.661538
07/17/2019 04:34:00.000000,0.23297,6.23375,0.047175,0.004158,2.171429
07/17/2019 04:35:00.000000,0.19989,6.46225,0.046375,0.00704,3.557143
07/17/2019 04:36:00.000000,0.180418,6.676,0.046075,2.372093,2.125581
07/17/2019 04:37:00.000000,0.170964,6.7355,0.04715,2.561538,2.476923
07/17/2019 04:38:00.000000,0.169417,6.89375,0.047375,0.009638,3.030233
07/17/2019 04:39:00.000000,0.186927,7.06325,0.0463,5.360465,3.35814
07/17/2019 04:40:00.000000,0.182386,7.095,0.0463,1.988372,1.765116
07/17/2019 04:41:00.000000,0.172292,7.27825,0.04635,12.669231,2.684615
07/17/2019 04:42:00.000000,0.16394,7.291,0.046475,0.008925,3.070732
07/17/2019 04:43:00.000000,0.201849,7.06025,0.0471,8.44878,3.356098
07/17/2019 04:44:00.000000,0.204565,6.86925,0.047325,8.359524,3.228571
07/17/2019 04:45:00.000000,0.191061,6.82525,0.04735,0.007469,2.91
07/17/2019 04:46:00.000000,0.189835,6.8475,0.0463,0.01403,2.392308
07/17/2019 04:47:00.000000,0.222272,6.3125,0.04665,7.813636,2.384091
07/17/2019 04:48:00.000000,0.198088,5.39375,0.0472,7.820455,1.968182
07/17/2019 04:49:00.000000,0.189123,4.436,0.04555,0.007518,3.281818
07/17/2019 04:50:00.000000,0.245793,3.492,0.044875,2.343182,2.118182
07/17/2019 04:51:00.000000,0.227792,2.66775,0.045825,1.813953,1.813953
07/17/2019 04:52:00.000000,0.176495,1.84825,0.0466,0.002792,2.05814
07/17/2019 04:53:00.000000,0.165858,1.1285,0.047025,16.541463,3.978049
07/17/2019 04:54:00.000000,0.164324,0.2455,0.047025,0.005914,2.868421
07/17/2019 04:55:00.000000,0.166376,-9999.0,0.0466,0.004273,3.031818
07/17/2019 04:56:00.000000,0.187367,-9999.0,0.045775,2.119512,2.07561
07/17/2019 04:57:00.000000,0.168062,2.494,0.04445,2.248718,2.153846
07/17/2019 04:58:00.000000,0.151501,10.358,0.043125,11.905,3.56
07/17/2019 04:59:00.000000,0.156654,14.08525,0.0448,0.013289,4.640909
07/17/2019 05:00:00.000000,0.156159,13.46825,0.04645,8.294872,3.446154
07/17/2019 05:01:00.000000,0.152294,13.0388,0.046,8.168421,3.607895
07/17/2019 05:02:00.000000,0.163107,12.44,0.0462,0.007195,3.951163
07/17/2019 05:03:00.000000,0.153798,12.0075,0.04615,8.690909,3.309091
07/17/2019 05:04:00.000000,0.161464,11.2315,0.04585,21.525581,5.497674
07/17/2019 05:05:00.000000,0.17198,10.1315,0.045375,22.5375,6.395
07/17/2019 05:06:00.000000,0.163739,9.0205,0.0467,8.509091,6.327273
07/17/2019 05:07:00.000000,0.158363,7.708,0.047675,6.814286,6.8
07/17/2019 05:08:00.000000,0.165293,6.693,0.0475,9.034146,7.582927
07/17/2019 05:09:00.000000,0.175148,5.39375,0.0464,,
07/17/2019 05:10:00.000000,0.189114,4.397,0.0438,13.657143,9.757143
07/17/2019 05:11:00.000000,0.202819,3.57,0.0425,9.453333,8.94
07/17/2019 05:12:00.000000,0.202686,3.04575,0.0442,0.021016,9.995122
07/17/2019 05:13:00.000000,0.186993,2.9065,0.044525,0.017839,9.771429
07/17/2019 05:14:00.000000,0.201441,2.8395,0.043175,0.025501,9.953846
07/17/2019 05:15:00.000000,0.240331,2.78075,0.0431,0.018293,10.771429
07/17/2019 05:16:00.000000,0.229155,8.17725,0.04285,0.01458,9.442857
07/17/2019 05:17:00.000000,0.245993,102.00325,0.04365,0.015919,7.663415
07/17/2019 05:18:00.000000,0.259347,302.10775,0.0447,0.011693,7.656098
07/17/2019 05:19:00.000000,0.207963,343.714,0.045225,0.011296,5.575
07/17/2019 05:20:00.000000,0.18212,344.663,0.045175,6.418605,5.283721
07/17/2019 05:21:00.000000,0.175314,343.203,0.046375,6.172727,4.954545
07/17/2019 05:22:00.000000,0.169563,342.51075,0.047725,4.15122,3.960976
07/17/2019 05:23:00.000000,0.186532,342.45375,0.04715,3.538462,3.546154
07/17/2019 05:24:00.000000,0.168911,342.59075,0.0468,0.004163,3.333333
07/17/2019 05:25:00.000000,0.1691,342.6165,0.046025,0.003532,2.787805
07/17/2019 05:26:00.000000,0.233367,322.33975,0.045525,0.008688,2.956098
07/17/2019 05:27:00.000000,0.261938,45.31025,0.044125,0.014454,2.75
07/17/2019 05:28:00.000000,0.207432,0.154,0.0427,3.897674,2.527907
07/17/2019 05:29:00.000000,0.165683,0.01175,0.045725,4.45,3.154545
07/17/2019 05:30:00.000000,0.144442,-9999.0,0.04715,0.003033,2.37907
07/17/2019 05:31:00.000000,0.133814,-9999.0,0.047425,0.006673,2.971429
07/17/2019 05:32:00.000000,0.139795,-9999.0,0.047225,0.009905,4.3
07/17/2019 05:33:00.000000,0.138288,-9999.0,0.047175,0.003148,2.384615
07/17/2019 05:34:00.000000,0.133933,-9999.0,0.04675,1.903226,1.903226
07/17/2019 05:35:00.000000,0.139622,-9999.0,0.04645,0.017571,2.497561
07/17/2019 05:36:00.000000,0.134903,-9999.0,0.046575,0.007217,2.771429
07/17/2019 05:37:00.000000,0.142639,4.26725,0.046425,0.008336,3.571429
07/17/2019 05:38:00.000000,0.230179,6.318,0.04625,0.003702,2.773684
07/17/2019 05:39:00.000000,0.232773,5.6885,0.04715,0.014182,2.309375
07/17/2019 05:40:00.000000,0.182949,8.27575,0.046675,3.57931,2.686207
07/17/2019 05:41:00.000000,0.153619,9.9115,0.045825,5.934286,2.605714
07/17/2019 05:42:00.000000,0.140114,9.57025,0.045375,2.955,2.43
07/17/2019 05:43:00.000000,0.154045,9.25275,0.044625,6.82,3.165
07/17/2019 05:44:00.000000,0.154266,8.838,0.045425,5.071795,3.464103
07/17/2019 05:45:00.000000,0.140931,8.30325,0.0457,6.628571,4.078571
07/17/2019 05:46:00.000000,0.170235,7.72875,0.0466,0.003534,2.655
07/17/2019 05:47:00.000000,1.237282,7.209,0.046625,0.002328,1.897674
07/17/2019 05:48:00.000000,3.229146,6.85525,0.04435,13.984615,3.153846
07/17/2019 05:49:00.000000,3.813169,6.63575,0.04375,0.008482,3.313636
07/17/2019 05:50:00.000000,3.865705,6.3735,0.046125,4.464444,2.962222
07/17/2019 05:51:00.000000,3.875548,6.148,0.0463,2.321951,2.131707
07/17/2019 05:52:00.000000,3.881301,5.94475,0.04655,6.2,2.17
07/17/2019 05:53:00.000000,3.881504,5.797,0.046575,5.857143,2.971429
07/17/2019 05:54:00.000000,3.880468,5.68725,0.046575,2.352381,2.071429
07/17/2019 05:55:00.000000,3.881182,5.58375,0.046825,10.272093,2.737209
07/17/2019 05:56:00.000000,3.728058,5.328,0.04745,2.40625,2.125
07/17/2019 05:57:00.000000,2.010101,5.209,0.04655,6.75,3.940625
07/17/2019 05:58:00.000000,0.245864,7.331,0.043775,5.781395,3.916279
07/17/2019 05:59:00.000000,0.016713,9.85,0.042275,5.113889,3.413889
07/17/2019 06:00:00.000000,0.013262,7.17975,0.04395,20.266667,4.469444
07/17/2019 06:01:00.000000,0.014234,6.0705,0.0451,16.640909,3.238636
07/17/2019 06:02:00.000000,0.009758,5.9385,0.045825,6.905,2.83
07/17/2019 06:03:00.000000,0.006902,5.8215,0.046175,0.006537,2.205
07/17/2019 06:04:00.000000,0.006348,5.708,0.04585,0.020562,3.734884
07/17/2019 06:05:00.000000,0.005909,5.5485,0.046175,0.018583,4.086047
07/17/2019 06:06:00.000000,-9999.0,5.485,0.0464,0.00371,2.175
07/17/2019 06:07:00.000000,0.028496,5.381,0.04625,0.002385,1.814634
07/17/2019 06:08:00.000000,0.083046,5.22125,0.0468,0.002206,1.715
07/17/2019 06:09:00.000000,0.105261,5.01975,0.04695,0.008121,2.590476
07/17/2019 06:10:00.000000,0.106582,4.88475,0.0469,2.536364,2.412121
07/17/2019 06:11:00.000000,0.107061,4.819,0.04685,5.473171,2.229268
07/17/2019 06:12:00.000000,0.250866,5.15625,0.0458,7.478261,4.113043
07/17/2019 06:13:00.000000,0.49273,5.2345,0.04635,11.642857,2.342857
07/17/2019 06:14:00.000000,0.243302,5.22,0.04655,11.695455,2.431818
07/17/2019 06:15:00.000000,0.132523,5.1845,0.046375,0.003284,1.919512
07/17/2019 06:16:00.000000,0.123123,5.1075,0.047125,0.00502,2.485714
07/17/2019 06:17:00.000000,0.127589,5.05925,0.047525,6.437209,2.85814
07/17/2019 06:18:00.000000,0.141065,5.0265,0.047175,0.017393,2.9
07/17/2019 06:19:00.000000,0.13576,4.93775,0.04695,0.003587,1.95
07/17/2019 06:20:00.000000,0.12028,4.455,0.046975,0.012614,3.181818
07/17/2019 06:21:00.000000,0.117736,4.44525,0.045825,0.003661,2.285714
07/17/2019 06:22:00.000000,0.126081,4.60425,0.043875,0.007363,4.202273
07/17/2019 06:23:00.000000,0.133922,4.65225,0.045125,0.002489,2.061538
07/17/2019 06:24:00.000000,0.136965,4.759,0.0462,11.584615,2.615385
07/17/2019 06:25:00.000000,0.136259,4.7745,0.046775,0.017545,2.879487
07/17/2019 06:26:00.000000,0.12413,4.72,0.04765,27.935484,3.770968
07/17/2019 06:27:00.000000,0.132002,4.71575,0.047175,0.005271,2.185
07/17/2019 06:28:00.000000,0.148572,4.73475,0.047025,6.823077,3.084615
07/17/2019 06:29:00.000000,0.130138,4.55975,0.04765,5.128571,2.7
07/17/2019 06:30:00.000000,0.120261,4.188,0.04785,5.980488,2.173171
07/17/2019 06:31:00.000000,0.124229,7.30725,0.046175,0.015162,4.14878
07/17/2019 06:32:00.000000,0.134162,7.64175,0.0432,3.675,2.46
07/17/2019 06:33:00.000000,0.130834,6.18675,0.0437,0.002406,1.93
07/17/2019 06:34:00.000000,0.121926,4.937,0.04585,0.005747,2.932558
07/17/2019 06:35:00.000000,0.114881,4.60525,0.0469,0.006027,2.07561
07/17/2019 06:36:00.000000,0.110652,4.693,0.045775,2.715789,2.321053
07/17/2019 06:37:00.000000,0.125235,7.8605,0.044675,4.853846,2.315385
07/17/2019 06:38:00.000000,0.136292,4.69675,0.0456,0.005616,2.046154
07/17/2019 06:39:00.000000,0.122175,4.99275,0.0458,2.117073,1.82439
07/17/2019 06:40:00.000000,0.116369,4.08475,0.0463,0.005135,2.128889
07/17/2019 06:41:00.000000,0.114419,3.656,0.0475,4.943902,3.085366
07/17/2019 06:42:00.000000,0.110892,3.6575,0.047475,3.975676,3.048649
07/17/2019 06:43:00.000000,0.11973,3.6925,0.046625,0.005345,2.746154
07/17/2019 06:44:00.000000,0.125028,3.66625,0.0471,8.2375,2.275
07/17/2019 06:45:00.000000,0.122071,3.6585,0.047125,5.272093,2.113953
07/17/2019 06:46:00.000000,0.12493,3.70425,0.153175,0.008047,2.441463
07/17/2019 06:47:00.000000,0.114427,3.68075,0.236475,0.010006,2.841463
07/17/2019 06:48:00.000000,0.122056,3.67,0.240425,0.002688,1.781395
07/17/2019 06:49:00.000000,0.155079,3.7175,0.24195,,
07/17/2019 06:50:00.000000,0.153766,3.7365,0.2444,10.5625,2.705
07/17/2019 06:51:00.000000,0.144414,3.71775,0.245675,0.009539,2.164103
07/17/2019 06:52:00.000000,0.135902,3.74625,0.24565,7.728571,2.014286
07/17/2019 06:53:00.000000,0.12988,3.765,0.24525,0.006359,3.263158
07/17/2019 06:54:00.000000,0.117984,3.7215,0.24525,8.043902,3.670732
07/17/2019 06:55:00.000000,0.112703,3.70025,0.24495,8.34,2.771111
07/17/2019 06:56:00.000000,0.138105,3.6925,0.208925,0.007886,2.092308
07/17/2019 06:57:00.000000,0.145467,3.68,-9999.0,0.008001,2.768293
07/17/2019 06:58:00.000000,0.118623,3.57375,-9999.0,7.002326,3.067442
07/17/2019 06:59:00.000000,0.112473,3.44825,-9999.0,0.00454,2.676923
07/17/2019 07:00:00.000000,0.11658,3.28975,-9999.0,0.009087,2.6
07/17/2019 07:01:00.000000,0.113404,3.15575,-9999.0,2.457143,1.742857
07/17/2019 07:02:00.000000,0.11429,3.04375,-9999.0,0.006306,1.856098
07/17/2019 07:03:00.000000,0.129843,3.06325,-9999.0,0.007001,3.406977
07/17/2019 07:04:00.000000,0.150371,3.05925,-9999.0,0.01002,2.757143
07/17/2019 07:05:00.000000,0.127743,3.05375,-9999.0,0.003809,2.43
07/17/2019 07:06:00.000000,0.113722,3.019,-9999.0,4.069231,2.748718
07/17/2019 07:07:00.000000,0.107543,3.02475,-9999.0,2.009524,1.857143
07/17/2019 07:08:00.000000,0.111829,3.061,-9999.0,0.003169,2.37027
07/17/2019 07:09:00.000000,0.115785,3.28625,-9999.0,0.005564,2.246154
07/17/2019 07:10:00.000000,0.116237,3.46025,-9999.0,15.225,3.475
07/17/2019 07:11:00.000000,0.132993,4.074,-9999.0,0.009727,3.281395
07/17/2019 07:12:00.000000,0.14485,4.2845,-9999.0,2.306667,1.848889
07/17/2019 07:13:00.000000,0.119762,4.20425,-9999.0,0.010756,2.62
07/17/2019 07:14:00.000000,0.108223,4.27325,-9999.0,0.007635,3.148718
07/17/2019 07:15:00.000000,0.108986,4.3255,-9999.0,2.129268,1.74878
07/17/2019 07:16:00.000000,0.102936,4.368,0.0068,4.842857,2.957143
07/17/2019 07:17:00.000000,0.103549,4.1765,0.057475,0.00219,1.676923
07/17/2019 07:18:00.000000,0.108195,4.06375,0.0496,0.001987,1.57
07/17/2019 07:19:00.000000,0.105407,3.44925,0.047175,15.297561,2.282927
07/17/2019 07:20:00.000000,0.110464,3.2545,0.045025,0.007084,2.314286
07/17/2019 07:21:00.000000,0.113122,3.292,0.04435,0.017104,2.62
07/17/2019 07:22:00.000000,0.107379,3.27675,0.04505,0.007371,2.107692
07/17/2019 07:23:00.000000,0.110125,3.2425,0.045,12.911111,2.0
07/17/2019 07:24:00.000000,0.22963,3.512,0.043275,0.003249,1.578947
07/17/2019 07:25:00.000000,0.285754,3.5725,0.0441,0.005902,2.52
07/17/2019 07:26:00.000000,0.141656,3.56975,0.04505,2.428571,2.1
07/17/2019 07:27:00.000000,0.107293,3.53625,0.045675,0.017099,3.376744
07/17/2019 07:28:00.000000,0.106185,3.4425,0.045925,8.160465,2.481395
07/17/2019 07:29:00.000000,0.106873,3.3685,0.04565,1.961905,1.507143
07/17/2019 07:30:00.000000,0.107452,3.30275,0.0457,0.008764,1.733333
07/17/2019 07:31:00.000000,0.100205,3.28725,0.0458,0.021006,2.595349
07/17/2019 07:32:00.000000,0.103232,2.9835,0.046475,0.010111,4.162791
07/17/2019 07:33:00.000000,0.103021,2.9,0.0464,0.002521,1.946154
07/17/2019 07:34:00.000000,0.099292,2.84075,0.046075,3.393023,1.844186
07/17/2019 07:35:00.000000,0.10159,2.77575,0.04645,0.033133,1.9
07/17/2019 07:36:00.000000,0.101466,2.75275,0.0471,0.008262,2.588372
07/17/2019 07:37:00.000000,0.099306,2.78125,0.047125,2.039024,1.760976
07/17/2019 07:38:00.000000,0.102448,2.8865,0.04695,0.007525,3.204444
07/17/2019 07:39:00.000000,0.106682,6.55175,0.045175,0.013538,3.582927
07/17/2019 07:40:00.000000,0.134197,5.3785,0.0438,0.004617,2.131818
07/17/2019 07:41:00.000000,0.12475,3.5505,0.045625,0.006978,1.9
07/17/2019 07:42:00.000000,0.103916,3.25825,0.046625,7.966667,2.304762
07/17/2019 07:43:00.000000,0.100863,3.231,0.046125,0.006772,2.656098
07/17/2019 07:44:00.000000,0.10043,3.1875,0.046425,4.207143,2.442857
07/17/2019 07:45:00.000000,0.101858,3.1275,0.047125,0.005369,1.9
07/17/2019 07:46:00.000000,0.101711,5.678,0.046575,7.987805,2.397561
07/17/2019 07:47:00.000000,0.101538,4.63125,0.044975,0.016055,2.5
07/17/2019 07:48:00.000000,0.103248,3.1435,0.046,3.68,1.905
07/17/2019 07:49:00.000000,0.104844,2.78475,0.046575,0.002967,2.04878
07/17/2019 07:50:00.000000,0.113268,2.7835,0.046525,1.892308,1.846154
07/17/2019 07:51:00.000000,0.106475,2.812,0.04665,0.003171,2.04878
07/17/2019 07:52:00.000000,0.105623,2.85875,0.046975,0.004517,1.840909
07/17/2019 07:53:00.000000,0.111024,2.9225,0.046775,2.071429,1.8
07/17/2019 07:54:00.000000,0.108097,3.00225,0.046125,1.970732,1.885366
07/17/2019 07:55:00.000000,0.106074,3.08975,0.046575,9.14186,1.648837
07/17/2019 07:56:00.000000,0.104937,3.164,0.04705,0.007932,2.114286
07/17/2019 07:57:00.000000,0.107881,3.23925,0.0474,0.012211,2.286047
07/17/2019 07:58:00.000000,0.116237,3.337,0.04705,0.004152,2.3
07/17/2019 07:59:00.000000,0.11393,3.416,0.046575,0.006593,3.731579
07/17/2019 08:00:00.000000,0.107537,3.491,0.045375,0.003902,2.2
07/17/2019 08:01:00.000000,0.111465,3.5295,0.044825,15.719512,4.204878
07/17/2019 08:02:00.000000,0.110368,3.53925,0.04525,6.317073,2.295122
07/17/2019 08:03:00.000000,0.109341,3.645,0.045,0.006426,2.582927
07/17/2019 08:04:00.000000,0.116671,5.37975,0.0425,0.013969,2.613953
07/17/2019 08:05:00.000000,0.129441,7.74975,0.04225,0.003222,1.838462
07/17/2019 08:06:00.000000,0.130919,3.64025,0.044625,0.005575,2.909091
07/17/2019 08:07:00.000000,0.115977,3.52925,0.045675,0.005318,2.1
07/17/2019 08:08:00.000000,0.108099,3.6615,0.04565,5.978049,2.241463
07/17/2019 08:09:00.000000,0.108004,3.699,0.04525,5.353488,2.816279
07/17/2019 08:10:00.000000,0.110184,3.72775,0.04485,4.495238,2.471429
07/17/2019 08:11:00.000000,0.111878,3.76175,0.04475,11.984615,2.661538
07/17/2019 08:12:00.000000,0.117252,3.799,0.044625,7.162791,1.839535
07/17/2019 08:13:00.000000,0.122339,6.69125,0.043925,0.010054,2.031707
07/17/2019 08:14:00.000000,0.130985,9.99825,0.04115,2.56,1.675
07/17/2019 08:15:00.000000,0.127003,4.4195,0.04235,5.612195,2.453659
07/17/2019 08:16:00.000000,0.115785,4.16325,0.04415,0.007141,3.62439
07/17/2019 08:17:00.000000,0.114213,4.19025,0.044575,2.242857,2.05
07/17/2019 08:18:00.000000,0.11695,4.23925,0.0446,5.777273,2.909091
07/17/2019 08:19:00.000000,0.131076,4.3065,0.0439,5.957143,2.328571
07/17/2019 08:20:00.000000,0.127834,4.37325,0.04355,2.33,1.69
07/17/2019 08:21:00.000000,0.133481,4.48625,0.0434,0.015305,3.221951
07/17/2019 08:22:00.000000,0.160586,4.639,0.04295,3.388571,2.237143
07/17/2019 08:23:00.000000,0.147927,4.7095,0.043775,1.870732,1.773171
07/17/2019 08:24:00.000000,0.123082,4.73775,0.04435,0.002698,2.035135
07/17/2019 08:25:00.000000,0.110449,4.778,0.044225,4.4,2.674359
07/17/2019 08:26:00.000000,0.111485,4.79225,0.04395,5.152381,2.371429
07/17/2019 08:27:00.000000,0.11372,4.79875,0.0436,0.002146,1.54
07/17/2019 08:28:00.000000,0.111312,4.78975,0.04345,0.006105,3.465116
07/17/2019 08:29:00.000000,0.109572,4.65325,0.0437,2.169565,2.06087
07/17/2019 08:30:00.000000,0.109873,4.50575,0.043825,2.216667,2.133333
07/17/2019 08:31:00.000000,0.111007,4.60525,0.042625,0.013534,2.029268
07/17/2019 08:32:00.000000,0.115493,4.73775,0.042225,0.005105,2.169231
07/17/2019 08:33:00.000000,0.120474,4.73275,0.04295,0.008939,2.285714
07/17/2019 08:34:00.000000,0.115458,4.644,0.04375,0.008344,1.96
07/17/2019 08:35:00.000000,0.108261,4.5295,0.043975,5.842105,2.878947
07/17/2019 08:36:00.000000,0.114587,4.46875,0.04355,0.003272,1.9375
07/17/2019 08:37:00.000000,0.118107,4.51075,0.043325,0.007429,2.661538
07/17/2019 08:38:00.000000,0.117365,4.555,0.042925,10.991892,2.967568
07/17/2019 08:39:00.000000,0.126009,4.396,0.043425,0.010899,3.336842
07/17/2019 08:40:00.000000,0.118192,4.233,0.043625,0.002992,2.034146
07/17/2019 08:41:00.000000,0.112173,4.22075,0.043175,13.842105,2.389474
07/17/2019 08:42:00.000000,0.11307,4.245,0.04325,0.003784,1.919512
07/17/2019 08:43:00.000000,0.113832,4.2905,0.0429,0.009478,4.073684
07/17/2019 08:44:00.000000,0.127026,4.27525,0.0432,5.488889,3.166667
07/17/2019 08:45:00.000000,0.126748,4.23125,0.04375,1.408571,1.345714
07/17/2019 08:46:00.000000,0.114532,4.10625,0.04375,12.277143,3.145714
07/17/2019 08:47:00.000000,0.112791,4.072,0.044025,0.003665,2.171429
07/17/2019 08:48:00.000000,0.111931,4.0365,0.043825,2.0,2.0
07/17/2019 08:49:00.000000,0.114014,4.0065,0.04385,1.915217,1.830435
07/17/2019 08:50:00.000000,0.115063,3.9605,0.043725,4.278571,1.885714
07/17/2019 08:51:00.000000,0.115539,3.9185,0.04355,2.62093,2.151163
07/17/2019 08:52:00.000000,0.113243,3.93075,0.0431,0.009752,2.115
07/17/2019 08:53:00.000000,0.115855,3.96375,0.0432,5.82439,2.185366
07/17/2019 08:54:00.000000,0.118621,4.01375,0.043925,15.795238,2.714286
07/17/2019 08:55:00.000000,0.114554,4.0265,0.0439,8.770732,2.970732
07/17/2019 08:56:00.000000,0.111688,4.018,0.043575,7.944444,2.333333
07/17/2019 08:57:00.000000,0.111025,3.97725,0.0436,0.005324,2.583333
07/17/2019 08:58:00.000000,0.109659,3.945,0.04395,0.008242,3.014634
07/17/2019 08:59:00.000000,0.11095,3.9375,0.04405,5.943182,2.343182
07/17/2019 09:00:00.000000,0.121946,3.913,0.04325,4.14359,2.635897
07/17/2019 09:01:00.000000,0.123462,3.89675,0.0435,0.015534,1.904651
07/17/2019 09:02:00.000000,0.11881,3.8905,0.04375,0.006189,2.05814
07/17/2019 09:03:00.000000,0.117275,3.904,0.043675,4.459091,2.704545
07/17/2019 09:04:00.000000,0.113869,3.922,0.04385,0.007054,3.795122
07/17/2019 09:05:00.000000,0.114688,3.88325,0.04485,0.006329,2.736842
07/17/2019 09:06:00.000000,0.115326,3.92475,0.044425,0.005793,3.110256
07/17/2019 09:07:00.000000,0.121965,3.88425,0.043375,0.012971,3.114634
07/17/2019 09:08:00.000000,0.122459,3.82,0.043575,0.01019,3.438462
07/17/2019 09:09:00.000000,0.114406,3.7375,0.044025,2.326667,1.642222
07/17/2019 09:10:00.000000,0.116562,3.63525,0.044125,0.015607,2.95
07/17/2019 09:11:00.000000,0.157847,3.53125,0.043675,0.009756,3.545455
07/17/2019 09:12:00.000000,0.14643,3.476,0.043925,2.831707,2.356098
07/17/2019 09:13:00.000000,0.144133,3.453,0.04455,1.835714,1.835714
07/17/2019 09:14:00.000000,0.166291,3.35425,0.045025,0.006538,3.25122
07/17/2019 09:15:00.000000,0.120307,3.2945,0.044875,5.995,2.565
07/17/2019 09:16:00.000000,0.10825,3.26075,0.04465,0.008102,3.93
07/17/2019 09:17:00.000000,0.110641,3.24525,0.044625,9.416667,2.7
07/17/2019 09:18:00.000000,0.111159,3.24225,0.045075,0.012878,5.003571
07/17/2019 09:19:00.000000,0.107004,3.223,0.044525,6.863158,3.331579
07/17/2019 09:20:00.000000,0.111466,3.20875,0.04415,0.017149,2.66
07/17/2019 09:21:00.000000,0.107214,3.20525,0.044475,0.009637,4.062791
07/17/2019 09:22:00.000000,0.101946,3.23475,0.044225,6.426316,3.373684
07/17/2019 09:23:00.000000,0.103668,3.27575,0.044825,0.002773,2.01
07/17/2019 09:24:00.000000,0.113649,3.331,0.0443,0.010049,4.490909
07/17/2019 09:25:00.000000,0.117928,3.3795,0.044075,0.021984,3.572414
07/17/2019 09:26:00.000000,0.112074,3.4315,0.04365,25.886111,2.033333
07/17/2019 09:27:00.000000,0.112359,3.458,0.0435,0.010702,2.51
07/17/2019 09:28:00.000000,0.110134,3.45925,0.04335,11.037838,2.767568
07/17/2019 09:29:00.000000,0.104899,3.49175,0.0435,0.016129,3.057143
07/17/2019 09:30:00.000000,0.109693,3.521,0.0435,10.980488,4.465854
07/17/2019 09:31:00.000000,0.114663,3.534,0.043375,0.009583,4.0875
07/17/2019 09:32:00.000000,0.113077,3.521,0.0441,3.511628,3.053488
07/17/2019 09:33:00.000000,0.107125,3.48675,0.044425,0.005242,2.373171
07/17/2019 09:34:00.000000,0.103689,3.4835,0.0437,0.005263,2.12381
07/17/2019 09:35:00.000000,0.107184,3.48,0.04405,6.57561,2.697561
07/17/2019 09:36:00.000000,0.104206,3.638,0.042925,0.011163,3.133333
07/17/2019 09:37:00.000000,0.104336,3.98725,0.040775,11.214286,4.142857
07/17/2019 09:38:00.000000,0.104935,4.15225,0.040875,0.003193,2.123256
07/17/2019 09:39:00.000000,0.106468,4.197,0.042025,11.260976,2.468293
07/17/2019 09:40:00.000000,0.106185,4.1455,0.0433,11.4125,3.025
07/17/2019 09:41:00.000000,0.10318,4.059,0.044325,0.009292,3.688636
07/17/2019 09:42:00.000000,0.101073,4.01275,0.04385,12.478049,2.77561
07/17/2019 09:43:00.000000,0.100743,3.9865,0.0435,3.745455,1.781818
07/17/2019 09:44:00.000000,0.101942,3.8065,0.04345,9.852632,3.621053
07/17/2019 09:45:00.000000,0.099847,3.42725,0.04305,0.003361,2.106977
07/17/2019 09:46:00.000000,0.098826,3.22725,0.0434,7.385714,2.485714
07/17/2019 09:47:00.000000,0.103267,3.17025,0.043775,0.006953,2.168182
07/17/2019 09:48:00.000000,0.102877,3.24175,0.0432,0.011883,2.763415
07/17/2019 09:49:00.000000,0.101527,3.31625,0.042975,0.009838,3.753659
07/17/2019 09:50:00.000000,0.103808,3.305,0.04385,2.462791,2.093023
07/17/2019 09:51:00.000000,0.102385,3.284,0.04395,7.74,2.44
07/17/2019 09:52:00.000000,0.103072,3.28625,0.04435,18.966667,2.937778
07/17/2019 09:53:00.000000,0.105053,3.3805,0.044525,8.230769,2.661538
07/17/2019 09:54:00.000000,0.114875,3.5065,0.043825,6.448718,3.123077
07/17/2019 09:55:00.000000,0.130067,3.64575,0.042625,8.4,3.113636
07/17/2019 09:56:00.000000,0.11925,3.75125,0.042075,7.318182,3.013636
07/17/2019 09:57:00.000000,0.117173,3.87625,0.04225,0.003505,2.402439
07/17/2019 09:58:00.000000,0.113715,4.05075,0.042025,0.015165,4.05814
07/17/2019 09:59:00.000000,0.110693,4.2785,0.0414,0.004217,2.685714
07/17/2019 10:00:00.000000,0.11519,4.49675,0.041325,0.002664,2.145
07/17/2019 10:01:00.000000,0.137558,4.89525,0.04085,0.008116,3.6
07/17/2019 10:02:00.000000,0.046401,5.12975,0.040025,0.014568,3.381818
07/17/2019 10:03:00.000000,0.012812,5.27975,0.04025,0.004464,2.787805
07/17/2019 10:04:00.000000,0.002606,5.4345,0.040475,8.759091,2.613636
07/17/2019 10:05:00.000000,0.000276,5.62,0.04055,10.133333,2.431111
07/17/2019 10:06:00.000000,0.001049,5.808,0.04025,0.003469,2.055814
07/17/2019 10:07:00.000000,0.003633,6.0295,0.039875,0.002571,1.915385
07/17/2019 10:08:00.000000,0.001215,6.36825,0.0396,0.009382,4.642857
07/17/2019 10:09:00.000000,0.002418,6.34075,0.039575,0.019766,2.862791
07/17/2019 10:10:00.000000,0.001712,6.5835,0.038475,0.007222,2.245
07/17/2019 10:11:00.000000,0.00127,6.9875,0.037225,0.010496,2.287179
07/17/2019 10:12:00.000000,0.034254,7.3875,0.03716,15.378125,2.203125
07/17/2019 10:13:00.000000,0.093194,7.822,0.037467,4.07561,2.029268
07/17/2019 10:14:00.000000,0.118542,8.23225,0.03716,11.96,4.03
07/17/2019 10:15:00.000000,0.116577,8.72375,0.0356,0.003549,2.256757
07/17/2019 10:16:00.000000,0.117194,8.8495,0.036625,6.85122,2.397561
07/17/2019 10:17:00.000000,0.111535,9.065,0.03725,0.007814,3.104545
07/17/2019 10:18:00.000000,0.107239,9.12575,0.03696,8.235294,3.976471
07/17/2019 10:19:00.000000,0.11088,9.3185,0.035767,10.106977,3.827907
07/17/2019 10:20:00.000000,0.113955,9.7805,0.033525,0.011656,3.285714
07/17/2019 10:21:00.000000,0.112585,9.7925,0.034725,7.286957,2.691304
07/17/2019 10:22:00.000000,0.12694,9.787,0.035575,0.010127,2.258537
07/17/2019 10:23:00.000000,0.174953,9.701,0.035975,5.35,3.581818
07/17/2019 10:24:00.000000,0.145378,9.817,0.036275,7.682051,2.492308
07/17/2019 10:25:00.000000,0.126835,9.9385,0.036375,0.018161,2.559091
07/17/2019 10:26:00.000000,0.140788,10.1155,0.0356,16.955814,3.718605
07/17/2019 10:27:00.000000,0.137509,9.91875,0.0347,3.941463,2.363415
07/17/2019 10:28:00.000000,0.127376,9.661,0.034025,0.012449,4.339024
07/17/2019 10:29:00.000000,0.121632,9.78525,0.0342,0.008168,2.993023
07/17/2019 10:30:00.000000,0.116285,9.817,0.03505,14.475676,3.118919
07/17/2019 10:31:00.000000,0.115043,9.85275,0.03505,3.55,2.01
07/17/2019 10:32:00.000000,0.114414,9.82125,0.0354,0.010066,4.028571
07/17/2019 10:33:00.000000,0.11855,9.70425,0.035625,0.010869,5.08
07/17/2019 10:34:00.000000,0.12178,9.4985,0.035325,0.015371,3.165116
07/17/2019 10:35:00.000000,0.118936,9.26125,0.036625,0.011744,2.785366
07/17/2019 10:36:00.000000,0.117497,9.3645,0.037,6.357143,2.628571
07/17/2019 10:37:00.000000,0.115631,9.16275,0.037175,0.013299,5.45
07/17/2019 10:38:00.000000,0.118251,8.84375,0.037675,3.155556,2.693333
07/17/2019 10:39:00.000000,0.122578,8.4235,0.03795,0.002521,2.027907
07/17/2019 10:40:00.000000,0.123213,8.113,0.03805,9.287805,2.853659
07/17/2019 10:41:00.000000,0.122455,7.77775,0.03815,0.006803,2.492308
07/17/2019 10:42:00.000000,0.141082,7.4585,0.0387,0.009804,3.942857
07/17/2019 10:43:00.000000,0.166759,7.2485,0.03845,0.004049,2.914286
07/17/2019 10:44:00.000000,0.158319,6.68825,0.038075,0.014732,4.516216
07/17/2019 10:45:00.000000,0.192609,6.3775,0.038775,8.383721,4.716279
07/17/2019 10:46:00.000000,0.187365,6.19875,0.0395,0.007564,2.5125
07/17/2019 10:47:00.000000,0.141586,6.116,0.038975,0.002678,1.858537
07/17/2019 10:48:00.000000,0.133802,6.02075,0.03865,0.020905,2.972093
07/17/2019 10:49:00.000000,0.134716,6.01775,0.038525,11.928571,3.714286
07/17/2019 10:50:00.000000,0.160228,6.09575,0.038425,6.246341,3.273171
07/17/2019 10:51:00.000000,0.155266,6.14875,0.0378,8.525581,2.597674
07/17/2019 10:52:00.000000,0.135849,8.52075,0.035225,0.016675,2.75814
07/17/2019 10:53:00.000000,0.139078,11.7095,0.0313,3.885714,2.371429
07/17/2019 10:54:00.000000,0.152116,9.7995,0.0329,8.358537,3.239024
07/17/2019 10:55:00.000000,0.16025,10.86725,0.033525,0.01538,4.171429
07/17/2019 10:56:00.000000,0.151556,9.9735,0.033875,0.004287,2.8975
07/17/2019 10:57:00.000000,0.184257,9.63425,0.0361,14.172727,3.55
07/17/2019 10:58:00.000000,0.196125,9.55175,0.03555,4.511628,3.097674
07/17/2019 10:59:00.000000,0.208409,9.62375,0.0332,12.626667,3.0
07/17/2019 11:00:00.000000,0.190064,9.7125,0.03215,0.021414,3.257143
07/17/2019 11:01:00.000000,0.165369,9.7485,0.03285,20.46,3.3
07/17/2019 11:02:00.000000,0.148554,9.4205,0.03495,10.15,3.825
07/17/2019 11:03:00.000000,0.143997,9.046,0.03635,0.011883,3.090476
07/17/2019 11:04:00.000000,0.188145,8.74375,0.037375,0.010614,3.668293
07/17/2019 11:05:00.000000,0.17225,8.547,0.03825,0.015868,4.314286
07/17/2019 11:06:00.000000,0.14266,8.08225,0.038175,0.020707,3.646512
07/17/2019 11:07:00.000000,0.129348,7.41975,0.037975,0.009084,3.585714
07/17/2019 11:08:00.000000,0.141066,6.7205,0.038125,6.318421,3.110526
07/17/2019 11:09:00.000000,0.142104,6.105,0.038475,8.6625,3.6125
07/17/2019 11:10:00.000000,0.130446,6.14425,0.03715,0.012268,2.931707
07/17/2019 11:11:00.000000,0.129763,6.01825,0.0376,13.983333,2.8
07/17/2019 11:12:00.000000,0.132252,5.90725,0.038425,0.014817,2.628571
07/17/2019 11:13:00.000000,0.128904,5.834,0.038375,16.652273,2.6
07/17/2019 11:14:00.000000,0.123017,5.83175,0.038425,11.642857,2.0
07/17/2019 11:15:00.000000,0.119591,6.06675,0.03685,0.003139,1.733333
07/17/2019 11:16:00.000000,0.120779,6.25775,0.036025,0.00805,2.38
07/17/2019 11:17:00.000000,0.126527,6.40675,0.0362,0.03036,9.414634
07/17/2019 11:18:00.000000,0.151368,6.332,0.0364,9.161905,4.257143
07/17/2019 11:19:00.000000,0.189864,6.547,0.035575,0.002597,1.823256
07/17/2019 11:20:00.000000,0.213717,6.84025,0.0358,10.428571,3.85
07/17/2019 11:21:00.000000,0.172306,7.11175,0.0365,18.836585,3.702439
07/17/2019 11:22:00.000000,0.161389,7.426,0.036425,0.009544,3.166667
07/17/2019 11:23:00.000000,0.151876,7.43725,0.03625,2.42,1.91
07/17/2019 11:24:00.000000,0.157123,7.499,0.03595,0.002806,2.21
07/17/2019 11:25:00.000000,0.164887,7.4695,0.03705,0.029617,6.914286
07/17/2019 11:26:00.000000,0.154741,7.3385,0.03875,0.005071,2.857143
07/17/2019 11:27:00.000000,0.133791,7.24525,0.038125,0.020452,2.257143
07/17/2019 11:28:00.000000,0.139761,7.59875,0.03545,8.361905,3.242857
07/17/2019 11:29:00.000000,0.167272,7.81175,0.0357,10.676596,3.144681
07/17/2019 11:30:00.000000,0.172721,7.80375,0.03635,6.795455,3.531818
07/17/2019 11:31:00.000000,0.156805,7.8415,0.036975,0.008375,4.033333
07/17/2019 11:32:00.000000,0.140227,11.8165,0.036275,0.005505,3.246341
07/17/2019 11:33:00.000000,0.149629,9.1655,0.035775,0.009467,3.015385
07/17/2019 11:34:00.000000,0.143233,6.5365,0.037725,0.008137,2.661538
07/17/2019 11:35:00.000000,0.134157,7.029,0.038175,3.044186,2.432558
07/17/2019 11:36:00.000000,0.137933,7.23725,0.035225,8.558537,4.44878
07/17/2019 11:37:00.000000,0.144352,7.653,0.034575,0.003038,2.209091
07/17/2019 11:38:00.000000,0.160528,7.6985,0.0377,1.8,1.8
07/17/2019 11:39:00.000000,0.218458,7.52975,0.039875,4.346341,2.995122
07/17/2019 11:40:00.000000,0.205957,7.58525,0.038325,0.007357,3.622222
07/17/2019 11:41:00.000000,0.252428,7.69825,0.03755,13.297561,3.036585
07/17/2019 11:42:00.000000,0.231946,7.92625,0.03645,17.104878,2.473171
07/17/2019 11:43:00.000000,0.224322,14.07225,0.0305,6.055814,3.776744
07/17/2019 11:44:00.000000,0.242058,18.087,0.0277,6.2125,4.255
07/17/2019 11:45:00.000000,0.219228,12.97625,0.0316,10.027907,3.783721
07/17/2019 11:46:00.000000,0.199803,11.0805,0.0339,13.697674,2.862791
07/17/2019 11:47:00.000000,0.246976,7.21375,0.031675,4.05,2.615
07/17/2019 11:48:00.000000,0.337473,14.53975,0.03145,0.031976,2.348837
07/17/2019 11:49:00.000000,0.261331,8.793,0.03535,9.716279,2.55814
07/17/2019 11:50:00.000000,0.178063,9.015,0.0335,6.713953,3.116279
07/17/2019 11:51:00.000000,0.229772,10.17875,0.03115,0.014928,3.375
07/17/2019 11:52:00.000000,0.324234,10.23575,0.03395,0.019858,3.65814
07/17/2019 11:53:00.000000,0.367909,10.1745,0.0353,0.011773,2.611628
07/17/2019 11:54:00.000000,0.287348,10.182,0.03505,0.018796,3.0
07/17/2019 11:55:00.000000,0.221773,12.81,0.03145,0.0077,3.357143
07/17/2019 11:56:00.000000,0.257451,17.45425,0.028675,8.36,3.825
07/17/2019 11:57:00.000000,0.289876,15.29425,0.0278,9.654054,3.564865
07/17/2019 11:58:00.000000,0.240322,25.187,0.023475,6.982927,3.158537
07/17/2019 11:59:00.000000,0.226491,15.08375,0.0263,12.757143,4.385714
07/17/2019 12:00:00.000000,0.245969,18.40175,0.02615,0.021468,3.228571
07/17/2019 12:01:00.000000,0.344249,36.055,0.016625,5.023256,2.916279
07/17/2019 12:02:00.000000,0.417891,27.68975,0.01525,10.32766,4.091489
07/17/2019 12:03:00.000000,0.388195,20.42575,0.02265,0.024994,4.043902
07/17/2019 12:04:00.000000,0.316524,18.584,0.024375,0.008345,2.9
07/17/2019 12:05:00.000000,0.245044,16.9875,0.025575,9.905,3.125
07/17/2019 12:06:00.000000,0.220836,15.98025,0.02765,0.008439,3.538462
07/17/2019 12:07:00.000000,0.215073,17.38175,0.026875,0.036149,2.809756
07/17/2019 12:08:00.000000,0.244992,15.86625,0.02855,16.105405,4.42973
07/17/2019 12:09:00.000000,0.237447,13.5295,0.03065,13.019512,2.736585
07/17/2019 12:10:00.000000,0.226078,13.32225,0.031,0.00923,3.816667
07/17/2019 12:11:00.000000,0.222055,12.96925,0.0326,0.009531,4.1
07/17/2019 12:12:00.000000,0.198548,14.39275,0.03295,9.089474,5.447368
07/17/2019 12:13:00.000000,0.299886,10.614,0.034025,6.4125,3.66
07/17/2019 12:14:00.000000,0.278676,12.5785,0.033125,0.021227,4.595455
07/17/2019 12:15:00.000000,0.214776,12.71775,0.032725,0.020873,3.307317
07/17/2019 12:16:00.000000,0.224317,12.39725,0.0326,8.114286,2.571429
07/17/2019 12:17:00.000000,0.281443,12.3605,0.0308,0.017866,4.405882
07/17/2019 12:18:00.000000,0.284943,12.40775,0.0314,0.017585,3.638235
07/17/2019 12:19:00.000000,0.27256,12.5255,0.030925,12.866667,4.433333
07/17/2019 12:20:00.000000,0.344098,15.81175,0.02905,9.425926,2.674074
07/17/2019 12:21:00.000000,0.331445,18.9025,0.028325,15.259091,5.290909
07/17/2019 12:22:00.000000,0.262272,17.177,0.0273,10.172414,5.041379
07/17/2019 12:23:00.000000,0.209708,16.19325,0.026475,0.010035,4.123333
07/17/2019 12:24:00.000000,0.21093,15.43125,0.028875,8.388372,2.551163
07/17/2019 12:25:00.000000,0.217641,16.56375,0.03135,9.655,3.125
07/17/2019 12:26:00.000000,0.246344,20.788,0.026625,0.013522,3.3
07/17/2019 12:27:00.000000,0.26304,16.1285,0.025325,35.571795,8.966667
07/17/2019 12:28:00.000000,0.247287,16.12875,0.026775,0.021734,5.27561
07/17/2019 12:29:00.000000,0.269039,18.2255,0.025275,0.012836,4.245
07/17/2019 12:30:00.000000,0.286471,20.92225,0.02325,13.252632,4.705263
07/17/2019 12:31:00.000000,0.238066,19.31725,0.0237,0.010033,3.34878
07/17/2019 12:32:00.000000,0.21081,14.85225,0.02725,12.248837,2.927907
07/17/2019 12:33:00.000000,0.256757,12.97475,0.0306,10.1875,2.985
07/17/2019 12:34:00.000000,0.27899,16.08125,0.0287,19.17907,4.118605
07/17/2019 12:35:00.000000,0.294726,22.2875,0.02005,16.687805,6.434146
07/17/2019 12:36:00.000000,0.361179,25.5755,0.015975,0.017066,5.519512
07/17/2019 12:37:00.000000,0.344375,19.02725,0.021325,24.483333,4.633333
07/17/2019 12:38:00.000000,0.357459,20.9255,0.023025,10.351163,3.983721
07/17/2019 12:39:00.000000,0.429445,20.467,0.022275,8.895122,3.558537
07/17/2019 12:40:00.000000,0.350033,22.502,0.021075,0.009465,2.823077
07/17/2019 12:41:00.000000,0.30553,22.089,0.022325,0.020933,2.7
07/17/2019 12:42:00.000000,0.38287,21.57725,0.025,6.488095,3.042857
07/17/2019 12:43:00.000000,0.307906,20.7755,0.027175,0.019531,3.78
07/17/2019 12:44:00.000000,0.255438,19.89525,0.027525,0.025228,4.690244
07/17/2019 12:45:00.000000,0.243113,25.13225,0.026825,0.016338,5.226829
07/17/2019 12:46:00.000000,0.25201,18.55125,0.0266,12.886364,3.831818
07/17/2019 12:47:00.000000,0.281682,13.982,0.0294,0.065033,3.6
07/17/2019 12:48:00.000000,0.280965,12.43775,0.031275,0.015951,3.515909
07/17/2019 12:49:00.000000,0.207912,12.554,0.0309,0.011665,3.5
07/17/2019 12:50:00.000000,0.184883,12.89125,0.029925,8.075,3.5
07/17/2019 12:51:00.000000,0.189343,13.71425,0.02725,9.180488,5.719512
07/17/2019 12:52:00.000000,0.211165,14.2365,0.027825,11.682927,3.62439
07/17/2019 12:53:00.000000,0.217579,15.951,0.02885,12.765,3.03
07/17/2019 12:54:00.000000,0.220047,19.91525,0.0269,0.01727,3.428571
07/17/2019 12:55:00.000000,0.252636,16.503,0.0277,10.287805,3.158537
07/17/2019 12:56:00.000000,0.292571,18.29275,0.0277,0.019483,3.595
07/17/2019 12:57:00.000000,0.388745,24.4455,0.024025,0.02466,4.106977
07/17/2019 12:58:00.000000,0.476698,35.62175,0.020475,0.027449,4.965
07/17/2019 12:59:00.000000,0.63544,19.877,0.022275,0.012007,4.016667
07/17/2019 13:00:00.000000,0.499708,15.98975,0.027,16.1,3.7125
07/17/2019 13:01:00.000000,0.341949,16.22275,0.028475,0.015203,3.872093
07/17/2019 13:02:00.000000,0.312201,16.45825,0.0276,0.011381,4.846512
07/17/2019 13:03:00.000000,0.472666,16.56825,0.02775,0.018132,4.829268
07/17/2019 13:04:00.000000,0.421873,16.81325,0.02655,17.678947,3.536842
07/17/2019 13:05:00.000000,0.296171,17.00925,0.026725,16.919512,3.465854
07/17/2019 13:06:00.000000,0.269919,16.77875,0.029625,8.492308,3.330769
07/17/2019 13:07:00.000000,0.24079,16.56075,0.02995,0.035151,3.05
07/17/2019 13:08:00.000000,0.239501,16.4745,0.028675,0.010174,3.425
07/17/2019 13:09:00.000000,0.296084,16.2705,0.0292,0.021775,2.746512
07/17/2019 13:10:00.000000,0.290902,16.2115,0.02805,8.784211,3.357895
07/17/2019 13:11:00.000000,0.284485,20.054,0.024,11.42,6.14
07/17/2019 13:12:00.000000,0.424957,26.6675,0.0203,0.017565,4.907317
07/17/2019 13:13:00.000000,0.45611,26.07125,0.019625,4.353659,3.234146
07/17/2019 13:14:00.000000,0.42808,25.1855,0.0197,0.01452,3.342857
07/17/2019 13:15:00.000000,0.400613,25.5445,0.01915,0.027013,4.3625
07/17/2019 13:16:00.000000,0.408141,25.5125,0.0194,18.436585,4.5
07/17/2019 13:17:00.000000,0.403241,25.19325,0.0209,0.005337,3.209302
07/17/2019 13:18:00.000000,0.368176,24.91325,0.0215,2.471429,2.485714
07/17/2019 13:19:00.000000,0.343982,24.67525,0.021875,0.018015,5.9
07/17/2019 13:20:00.000000,0.307556,24.351,0.02275,11.131707,4.536585
07/17/2019 13:21:00.000000,0.302202,24.20675,0.022075,23.825641,5.769231
07/17/2019 13:22:00.000000,0.314899,24.085,0.0201,17.546341,5.487805
07/17/2019 13:23:00.000000,0.354589,23.944,0.019525,0.020751,3.771429
07/17/2019 13:24:00.000000,0.444578,23.92525,0.0199,14.12,4.35
07/17/2019 13:25:00.000000,0.490201,26.9605,0.018925,0.044575,10.242222
07/17/2019 13:26:00.000000,0.528897,29.10225,0.017525,0.028521,8.851111
07/17/2019 13:27:00.000000,0.460054,28.62375,0.017225,34.6,6.53
07/17/2019 13:28:00.000000,0.42173,28.78675,0.017,20.813333,5.608889
07/17/2019 13:29:00.000000,0.407791,28.962,0.01725,28.685714,6.1
07/17/2019 13:30:00.000000,0.3821,29.04775,0.016575,30.136585,7.565854
07/17/2019 13:31:00.000000,0.391192,29.2185,0.01575,37.293333,7.366667
07/17/2019 13:32:00.000000,0.509759,29.457,0.015875,29.35122,6.719512
07/17/2019 13:33:00.000000,0.513582,29.5835,0.01635,0.068056,5.282927
07/17/2019 13:34:00.000000,0.495924,31.05125,0.015,0.039414,7.863636
07/17/2019 13:35:00.000000,0.535803,35.55675,0.012625,51.792683,7.885366
07/17/2019 13:36:00.000000,0.52251,29.11,0.014625,0.373932,6.337209
07/17/2019 13:37:00.000000,0.484813,33.73075,0.01445,91.014286,9.014286
07/17/2019 13:38:00.000000,0.460024,31.06475,0.01415,0.036174,8.118182
07/17/2019 13:39:00.000000,0.445392,31.4125,0.0155,37.326667,10.348889
07/17/2019 13:40:00.000000,0.482096,28.10975,0.01715,0.035448,7.691429
07/17/2019 13:41:00.000000,0.554857,27.8475,0.019225,0.042472,6.671111
07/17/2019 13:42:00.000000,0.498892,27.247,0.022,20.074359,4.130769
07/17/2019 13:43:00.000000,0.395376,26.67325,0.0229,23.972727,4.304545
07/17/2019 13:44:00.000000,0.346863,25.904,0.0241,0.02902,3.65
07/17/2019 13:45:00.000000,0.345876,25.2175,0.0246,0.033662,6.527273
07/17/2019 13:46:00.000000,0.34597,24.8175,0.0223,0.033988,4.913636
07/17/2019 13:47:00.000000,0.356259,24.44275,0.0222,29.28,6.48
07/17/2019 13:48:00.000000,0.367055,24.064,0.023425,0.063183,6.643902
07/17/2019 13:49:00.000000,0.393015,23.89475,0.022625,22.090909,5.086364
07/17/2019 13:50:00.000000,0.405426,24.1245,0.02135,21.983333,5.966667
07/17/2019 13:51:00.000000,0.436784,24.14625,0.02205,0.018087,4.914286
07/17/2019 13:52:00.000000,0.43667,24.04575,0.024925,0.033579,5.557143
07/17/2019 13:53:00.000000,0.390873,23.729,0.027475,0.027848,4.504878
07/17/2019 13:54:00.000000,0.347246,23.06175,0.028125,0.018305,5.074419
07/17/2019 13:55:00.000000,0.333479,22.588,0.027125,0.018892,4.858537
07/17/2019 13:56:00.000000,0.347384,22.2825,0.0258,15.264286,4.371429
07/17/2019 13:57:00.000000,0.402674,21.86525,0.025225,28.22,7.87
07/17/2019 13:58:00.000000,0.483585,21.4805,0.024625,0.054315,7.646341
07/17/2019 13:59:00.000000,0.903179,21.2485,0.024575,37.402439,3.402439
07/17/2019 14:00:00.000000,1.360042,21.30825,0.024925,35.639535,4.334884
07/17/2019 14:01:00.000000,0.810385,21.82575,0.023925,21.329268,4.434146
07/17/2019 14:02:00.000000,0.517005,22.05325,0.02555,0.022277,4.818605
07/17/2019 14:03:00.000000,0.396035,21.851,0.02735,0.034161,6.863636
07/17/2019 14:04:00.000000,0.335192,20.97425,0.03035,11.511765,4.005882
07/17/2019 14:05:00.000000,0.29594,20.29875,0.031325,28.094595,4.386486
07/17/2019 14:06:00.000000,0.274871,19.84625,0.02865,60.345833,5.554167
07/17/2019 14:07:00.000000,0.348518,19.40725,0.0276,18.68,4.633333
07/17/2019 14:08:00.000000,0.370297,19.052,0.0286,27.221622,4.405405
07/17/2019 14:09:00.000000,0.305666,18.5755,0.0284,17.493182,4.820455
07/17/2019 14:10:00.000000,0.336443,22.4605,0.026725,0.104236,10.107317
07/17/2019 14:11:00.000000,0.441327,24.778,0.024325,0.03611,4.228571
07/17/2019 14:12:00.000000,0.438787,21.39425,0.024425,0.017894,5.842857
07/17/2019 14:13:00.000000,0.439974,20.9745,0.025425,0.018855,3.128571
07/17/2019 14:14:00.000000,0.406922,22.661,0.024825,0.035112,4.795122
07/17/2019 14:15:00.000000,0.383112,25.4565,0.0226,0.02392,5.43
07/17/2019 14:16:00.000000,0.388253,23.935,0.024075,15.057143,3.666667
07/17/2019 14:17:00.000000,0.368235,19.7305,0.02755,12.158974,2.876923
07/17/2019 14:18:00.000000,0.341448,19.15475,0.02715,0.01486,4.145455
07/17/2019 14:19:00.000000,0.427955,27.0335,0.023125,0.027502,5.620513
07/17/2019 14:20:00.000000,0.480426,22.32475,0.024575,14.652632,3.694737
07/17/2019 14:21:00.000000,0.356433,18.923,0.02865,15.578571,3.3
07/17/2019 14:22:00.000000,0.316483,21.697,0.02695,0.016725,4.66
07/17/2019 14:23:00.000000,0.363958,22.84625,0.024825,0.015572,5.072727
07/17/2019 14:24:00.000000,0.384819,23.259,0.023825,13.453846,6.284615
07/17/2019 14:25:00.000000,0.472079,23.52225,0.02315,0.041315,4.004651
07/17/2019 14:26:00.000000,0.483176,23.2315,0.02645,0.017494,4.282927
07/17/2019 14:27:00.000000,0.44712,23.17625,0.02645,0.023361,6.173333
07/17/2019 14:28:00.000000,0.453745,23.33175,0.02525,13.375,4.63
07/17/2019 14:29:00.000000,0.424104,22.88975,0.02715,29.933333,5.686667
07/17/2019 14:30:00.000000,0.345266,21.16925,0.0283,0.017965,4.376923
07/17/2019 14:31:00.000000,0.339541,17.5405,0.028725,18.471429,4.6
07/17/2019 14:32:00.000000,0.346444,26.511,0.023875,0.032336,5.884615
07/17/2019 14:33:00.000000,0.413387,20.3155,0.024525,0.026055,9.54186
07/17/2019 14:34:00.000000,0.402945,18.041,0.02855,20.057143,4.528571
07/17/2019 14:35:00.000000,0.408019,20.3485,0.027675,26.983721,4.116279
07/17/2019 14:36:00.000000,0.41759,19.925,0.02805,0.164962,20.106977
07/17/2019 14:37:00.000000,0.382993,19.65825,0.0297,44.672727,8.820455
07/17/2019 14:38:00.000000,0.366976,19.58625,0.03025,37.752381,4.385714
07/17/2019 14:39:00.000000,0.316921,19.479,0.030925,0.0211,2.766667
07/17/2019 14:40:00.000000,0.307585,19.28775,0.0305,18.186047,6.027907
07/17/2019 14:41:00.000000,0.331446,19.11775,0.029575,0.040079,4.028571
07/17/2019 14:42:00.000000,0.336726,19.3285,0.026625,0.040465,5.64878
07/17/2019 14:43:00.000000,0.393828,24.679,0.023825,0.022102,4.967442
07/17/2019 14:44:00.000000,0.453473,18.28475,0.0276,0.027544,4.715
07/17/2019 14:45:00.000000,0.431767,16.35975,0.031825,18.252632,3.689474
07/17/2019 14:46:00.000000,0.380301,20.7035,0.030225,0.027858,4.185714
07/17/2019 14:47:00.000000,0.371061,14.7145,0.0311,14.887805,3.104878
07/17/2019 14:48:00.000000,0.359641,14.6365,0.031725,9.241176,4.258824
07/17/2019 14:49:00.000000,0.355508,18.7065,0.03165,0.014395,4.883784
07/17/2019 14:50:00.000000,0.370741,20.23075,0.031933,0.027697,6.748649
07/17/2019 14:51:00.000000,0.403368,16.84525,0.03068,0.031751,5.058065
07/17/2019 14:52:00.000000,0.360352,20.40825,0.0295,23.163158,2.481579
07/17/2019 14:53:00.000000,0.385723,15.222333,0.031633,0.045171,6.385714
07/17/2019 14:54:00.000000,0.409946,24.46675,0.027325,15.4,5.54
07/17/2019 14:55:00.000000,0.454093,26.681,0.02435,11.012121,4.481818
07/17/2019 14:56:00.000000,0.449199,19.5555,0.02945,0.034861,4.106667
07/17/2019 14:57:00.000000,0.46384,17.28175,0.032325,0.02322,3.76087
07/17/2019 14:58:00.000000,0.442129,15.765,0.034575,15.330769,4.461538
07/17/2019 14:59:00.000000,0.360588,15.556,0.03365,0.026765,4.308824
07/17/2019 15:00:00.000000,0.363915,16.99175,0.031125,0.026808,5.142105
07/17/2019 15:01:00.000000,0.433361,22.94475,0.028325,18.289286,7.035714
07/17/2019 15:02:00.000000,0.494292,22.24025,0.0268,0.02929,5.844828
07/17/2019 15:03:00.000000,0.424166,18.832667,0.028725,0.027013,3.772414
07/17/2019 15:04:00.000000,0.374443,18.3665,0.030525,0.020647,4.21
07/17/2019 15:05:00.000000,0.459871,18.72025,0.03045,13.305,3.45
07/17/2019 15:06:00.000000,0.495252,18.6295,0.03235,34.745,4.575
07/17/2019 15:07:00.000000,0.438189,18.599,0.03135,23.745833,5.183333
07/17/2019 15:08:00.000000,0.440959,18.661,0.031825,32.633333,4.140741
07/17/2019 15:09:00.000000,0.390684,18.64175,0.0332,19.018421,5.110526
07/17/2019 15:10:00.000000,0.361638,18.6885,0.032525,37.945714,5.465714
07/17/2019 15:11:00.000000,0.369857,18.68975,0.032775,0.02386,3.185714
07/17/2019 15:12:00.000000,0.376655,18.5455,0.03355,11.661765,3.197059
07/17/2019 15:13:00.000000,0.411355,18.39825,0.03215,13.802381,4.314286
07/17/2019 15:14:00.000000,0.439317,18.27325,0.0346,0.018315,5.446512
07/17/2019 15:15:00.000000,0.389227,17.75925,0.036875,12.966667,4.057143
07/17/2019 15:16:00.000000,0.328864,17.702,0.03575,0.051295,3.629268
07/17/2019 15:17:00.000000,0.332326,17.544,0.0346,0.02633,4.097143
07/17/2019 15:18:00.000000,0.300023,17.3925,0.035975,8.985294,3.326471
07/17/2019 15:19:00.000000,0.308594,16.775,0.0382,0.033625,5.073333
07/17/2019 15:20:00.000000,0.374509,16.681,0.035025,0.027133,3.240909
07/17/2019 15:21:00.000000,0.461382,16.7365,0.031575,7.905,3.6425
07/17/2019 15:22:00.000000,0.509433,20.73075,0.030025,0.010694,2.677273
07/17/2019 15:23:00.000000,0.513425,14.74725,0.03545,17.757143,4.128571
07/17/2019 15:24:00.000000,0.419501,13.35,0.0402,0.016074,3.638462
07/17/2019 15:25:00.000000,0.324228,13.002,0.04125,0.00981,3.079545
07/17/2019 15:26:00.000000,0.286767,13.28775,0.041425,12.74878,2.743902
07/17/2019 15:27:00.000000,0.288969,13.3975,0.040525,0.019857,2.1
07/17/2019 15:28:00.000000,0.317686,11.70275,0.040025,25.486047,2.516279
07/17/2019 15:29:00.000000,0.315121,12.48675,0.04,24.2625,4.045
07/17/2019 15:30:00.000000,0.299026,12.78875,0.040925,13.878947,3.036842
07/17/2019 15:31:00.000000,0.274997,12.0965,0.041425,0.00539,2.60625
07/17/2019 15:32:00.000000,0.288256,16.6925,0.039325,0.02791,3.197561
07/17/2019 15:33:00.000000,0.375202,13.0965,0.039825,12.543902,4.409756
07/17/2019 15:34:00.000000,0.34983,11.4665,0.043625,0.019415,4.002439
07/17/2019 15:35:00.000000,0.316161,12.08325,0.04255,0.017095,3.302439
07/17/2019 15:36:00.000000,0.287845,10.95525,0.04305,0.018242,2.953846
07/17/2019 15:37:00.000000,0.339383,11.121,0.0435,0.015524,4.607317
07/17/2019 15:38:00.000000,0.465101,25.292,0.038,16.684211,6.247368
07/17/2019 15:39:00.000000,0.611284,26.44825,0.0347,15.305,4.375
07/17/2019 15:40:00.000000,0.66029,19.62725,0.0396,0.038296,5.376744
07/17/2019 15:41:00.000000,0.380249,17.63125,0.04005,15.621951,5.429268
07/17/2019 15:42:00.000000,0.363574,18.234,0.03915,0.047287,4.034146
07/17/2019 15:43:00.000000,0.393718,17.81525,0.0386,0.026278,3.136585
07/17/2019 15:44:00.000000,0.361283,18.08375,0.0376,0.011758,3.857143
07/17/2019 15:45:00.000000,0.357194,18.28275,0.038275,28.409091,5.261364
07/17/2019 15:46:00.000000,0.357677,18.036,0.04155,66.142857,3.916667
07/17/2019 15:47:00.000000,0.33391,17.69075,0.042875,0.026824,3.6
07/17/2019 15:48:00.000000,0.386517,17.4295,0.042575,0.012682,3.258537
07/17/2019 15:49:00.000000,0.333529,19.43375,0.039725,21.553846,5.992308
07/17/2019 15:50:00.000000,0.339409,36.4235,0.031675,0.039522,7.528571
07/17/2019 15:51:00.000000,0.439695,22.402,0.030075,0.024452,4.555
07/17/2019 15:52:00.000000,0.431931,20.15525,0.0353,0.004659,2.54878
07/17/2019 15:53:00.000000,0.436167,15.19,0.041225,11.3,3.157143
07/17/2019 15:54:00.000000,0.399707,14.728,0.043975,32.428571,3.985714
07/17/2019 15:55:00.000000,0.390274,17.40425,0.04445,0.010793,3.758537
07/17/2019 15:56:00.000000,0.354523,16.36075,0.045775,15.523256,3.613953
07/17/2019 15:57:00.000000,0.283102,15.62925,0.0477,0.024259,3.35122
07/17/2019 15:58:00.000000,0.277332,15.0825,0.047475,12.346512,3.902326
07/17/2019 15:59:00.000000,0.296612,15.30075,0.0446,7.154545,3.309091
07/17/2019 16:00:00.000000,0.398944,15.35025,0.042725,0.039484,3.294444
07/17/2019 16:01:00.000000,0.366802,14.94525,0.045075,0.017844,4.854545
07/17/2019 16:02:00.000000,0.106438,14.76,0.04465,10.714286,5.014286
07/17/2019 16:03:00.000000,0.018225,14.07125,0.04685,13.844737,2.960526
07/17/2019 16:04:00.000000,-9999.0,13.6075,0.0508,0.019145,4.869231
07/17/2019 16:05:00.000000,-9999.0,13.321,0.0511,0.010915,4.056098
07/17/2019 16:06:00.000000,0.002753,12.97125,0.0505,0.024172,4.55
07/17/2019 16:07:00.000000,-9999.0,12.82525,0.048425,0.00523,2.94186
07/17/2019 16:08:00.000000,-9999.0,11.37825,0.0475,0.029505,3.59
07/17/2019 16:09:00.000000,0.000287,8.51675,0.050775,18.314286,3.971429
07/17/2019 16:10:00.000000,-9999.0,11.55925,0.051067,0.016974,4.607895
07/17/2019 16:11:00.000000,-9999.0,15.2845,0.0489,0.004605,2.992683
07/17/2019 16:12:00.000000,0.058842,14.43625,0.05102,2.413043,2.413043
07/17/2019 16:13:00.000000,0.149035,13.3735,0.053675,11.806061,4.921212
07/17/2019 16:14:00.000000,0.193357,12.12425,0.054967,0.031378,4.485714
07/17/2019 16:15:00.000000,0.198255,10.96525,0.0541,11.014634,3.717073
07/17/2019 16:16:00.000000,0.191512,9.98175,0.05495,0.01816,2.746341
07/17/2019 16:17:00.000000,0.199261,16.19925,0.056175,2.937143,2.502857
07/17/2019 16:18:00.000000,0.213623,12.8405,0.05575,0.022651,3.193333
07/17/2019 16:19:00.000000,0.21004,9.14075,0.056,46.856098,6.460976
07/17/2019 16:20:00.000000,0.225532,8.99025,0.05735,0.009254,3.618182
07/17/2019 16:21:00.000000,0.245976,9.40875,0.05775,0.019845,3.441463
07/17/2019 16:22:00.000000,0.232965,10.3515,0.057725,0.023662,3.238462
07/17/2019 16:23:00.000000,0.299546,11.11775,0.057775,8.073333,3.453333
07/17/2019 16:24:00.000000,0.31466,11.2665,0.057725,8.5125,3.0625
07/17/2019 16:25:00.000000,0.24934,11.21875,0.0445,7.739535,3.25814
07/17/2019 16:26:00.000000,0.22077,11.20225,-9999.0,0.019128,4.495122
07/17/2019 16:27:00.000000,0.210007,11.148,-9999.0,0.006688,2.83
07/17/2019 16:28:00.000000,0.195055,10.60325,-9999.0,3.090244,2.841463
07/17/2019 16:29:00.000000,0.231307,9.56,-9999.0,0.003665,2.813636
07/17/2019 16:30:00.000000,0.281981,8.0955,-9999.0,0.013582,3.389474
07/17/2019 16:31:00.000000,0.174341,6.84425,-9999.0,27.9,5.471429
07/17/2019 16:32:00.000000,0.165193,6.08425,-9999.0,23.73,4.81
07/17/2019 16:33:00.000000,0.158514,5.6235,-9999.0,0.019791,3.228571
07/17/2019 16:34:00.000000,0.143985,5.06275,-9999.0,0.009939,3.171429
07/17/2019 16:35:00.000000,0.146336,4.5915,-9999.0,0.017575,3.890909
07/17/2019 16:36:00.000000,0.176624,5.42275,-9999.0,6.9,2.866667
07/17/2019 16:37:00.000000,0.243963,15.5415,-9999.0,0.013799,4.123256
07/17/2019 16:38:00.000000,0.233198,8.12725,-9999.0,0.021196,2.857143
07/17/2019 16:39:00.000000,0.249086,8.72575,-9999.0,19.086046,3.632558
07/17/2019 16:40:00.000000,0.242975,7.018,-9999.0,0.008882,3.295455
07/17/2019 16:41:00.000000,0.18172,4.71475,-9999.0,12.4,3.71
07/17/2019 16:42:00.000000,0.141328,5.063,-9999.0,0.006998,3.714286
07/17/2019 16:43:00.000000,0.146745,6.646,-9999.0,0.022325,3.1
07/17/2019 16:44:00.000000,0.254721,14.375,-9999.0,16.236585,3.085366
07/17/2019 16:45:00.000000,0.27018,10.6505,-9999.0,15.373171,4.039024
07/17/2019 16:46:00.000000,0.202537,9.4345,0.054475,0.005322,3.15
07/17/2019 16:47:00.000000,0.191582,9.51925,0.0523,0.070384,3.172727
07/17/2019 16:48:00.000000,0.191389,9.9125,0.050575,0.052647,5.052632
07/17/2019 16:49:00.000000,0.176155,10.1735,0.0495,0.019131,4.290244
07/17/2019 16:50:00.000000,0.168456,10.21025,0.0507,0.013137,4.185714
07/17/2019 16:51:00.000000,0.229346,10.166,0.050325,22.495455,2.645455
07/17/2019 16:52:00.000000,0.303613,9.35925,0.0511,527.814285,3.685714
07/17/2019 16:53:00.000000,0.230666,8.257,0.0519,81.621951,3.373171
07/17/2019 16:54:00.000000,0.19408,23.4915,0.043475,0.009419,3.557143
07/17/2019 16:55:00.000000,0.224491,25.08225,0.040475,0.037123,10.06
07/17/2019 16:56:00.000000,0.275375,21.6855,0.0408,0.030744,4.2
07/17/2019 16:57:00.000000,0.340615,18.0795,0.0426,8.640541,2.910811
07/17/2019 16:58:00.000000,0.308271,10.16775,0.0459,0.016803,4.845
07/17/2019 16:59:00.000000,0.229136,8.59025,0.05025,0.015576,4.235484
07/17/2019 17:00:00.000000,0.243353,9.1235,0.050025,0.006141,3.229412
07/17/2019 17:01:00.000000,0.258862,3.341,0.05356,26.925,3.965
07/17/2019 17:02:00.000000,0.176929,8.055,0.054775,20.080952,2.814286
07/17/2019 17:03:00.000000,0.158528,13.041,0.051025,18.409091,2.69697
07/17/2019 17:04:00.000000,0.153088,13.98,0.04815,10.35,3.21
07/17/2019 17:05:00.000000,0.227384,14.086,0.0473,4.427907,3.055814
07/17/2019 17:06:00.000000,0.536204,11.956,0.04935,0.014651,2.827907
07/17/2019 17:07:00.000000,0.615127,10.6875,0.05045,8.385714,4.55
07/17/2019 17:08:00.000000,0.343831,13.2435,0.049625,0.003964,2.945
07/17/2019 17:09:00.000000,0.198309,12.633,0.0513,15.954839,5.6
07/17/2019 17:10:00.000000,0.180753,11.88675,0.053725,9.697143,3.368571
07/17/2019 17:11:00.000000,0.207065,10.996,0.056375,0.007741,3.215909
07/17/2019 17:12:00.000000,0.186985,9.92775,0.056975,6.890698,3.869767
07/17/2019 17:13:00.000000,0.165901,9.0425,0.055125,0.008797,3.297561
07/17/2019 17:14:00.000000,0.163693,8.10925,0.055225,15.0125,3.455
07/17/2019 17:15:00.000000,0.177079,6.93725,0.056825,0.012183,3.665854
07/17/2019 17:16:00.000000,0.192282,5.608,0.058575,3.576316,2.918421
07/17/2019 17:17:00.000000,0.146841,4.738,0.0598,0.007131,3.144186
07/17/2019 17:18:00.000000,0.11663,4.1815,0.0597,8.687805,3.370732
07/17/2019 17:19:00.000000,0.116639,3.9305,0.0585,0.032706,3.663415
07/17/2019 17:20:00.000000,0.15907,4.26075,0.056975,0.012027,3.285366
07/17/2019 17:21:00.000000,0.190159,4.0715,0.058175,0.013705,5.171429
07/17/2019 17:22:00.000000,0.206009,3.9775,0.059375,7.311628,4.725581
07/17/2019 17:23:00.000000,0.169331,4.17,0.059375,0.004757,3.284444
07/17/2019 17:24:00.000000,0.156497,4.69625,0.057975,0.013206,3.833333
07/17/2019 17:25:00.000000,0.240834,5.7515,0.055,11.327907,4.167442
07/17/2019 17:26:00.000000,0.312039,11.1915,0.053975,7.73,3.095
07/17/2019 17:27:00.000000,0.284773,8.4055,0.057175,8.943902,3.668293
07/17/2019 17:28:00.000000,0.194544,8.05,0.059025,5.205263,3.884211
07/17/2019 17:29:00.000000,0.193442,8.643,0.05755,0.003961,2.884615
07/17/2019 17:30:00.000000,0.188875,9.4175,0.058075,23.2375,3.765625
07/17/2019 17:31:00.000000,0.175405,9.30675,0.058825,7.684615,3.461538
07/17/2019 17:32:00.000000,0.21344,9.147,0.058825,6.848837,4.153488
07/17/2019 17:33:00.000000,0.237769,8.86625,0.0599,7.352632,3.036842
07/17/2019 17:34:00.000000,0.278777,8.77075,0.060475,0.027375,4.441379
07/17/2019 17:35:00.000000,0.318741,8.703,0.058675,0.016484,4.305714
07/17/2019 17:36:00.000000,0.326123,16.20475,0.054,11.36,4.47
07/17/2019 17:37:00.000000,0.402945,10.11775,0.056275,0.021709,3.214286
07/17/2019 17:38:00.000000,0.340745,5.6235,0.062725,0.008764,3.09697
07/17/2019 17:39:00.000000,0.185093,4.505,0.064325,0.011554,5.237143
07/17/2019 17:40:00.000000,0.141221,6.498,0.062425,8.633333,4.008333
07/17/2019 17:41:00.000000,0.241005,16.97025,0.05675,0.021886,4.877143
07/17/2019 17:42:00.000000,0.406207,13.14425,0.05445,0.008665,2.788889
07/17/2019 17:43:00.000000,0.455806,7.0895,0.059975,0.057594,3.214286
07/17/2019 17:44:00.000000,0.231872,11.38775,0.060925,0.029016,3.723077
07/17/2019 17:45:00.000000,0.191511,10.51125,0.059175,17.721951,6.787805
07/17/2019 17:46:00.000000,0.237907,14.54575,0.056825,0.025466,4.693182
07/17/2019 17:47:00.000000,0.392911,12.0945,0.056625,17.462791,5.706977
07/17/2019 17:48:00.000000,0.323671,10.48125,0.060075,0.022232,5.013333
07/17/2019 17:49:00.000000,0.256576,7.42575,0.06305,0.033749,4.042105
07/17/2019 17:50:00.000000,0.218056,7.534,0.063575,0.020435,5.1375
07/17/2019 17:51:00.000000,0.284094,12.742,0.0597,0.021353,4.709091
07/17/2019 17:52:00.000000,0.407258,14.32775,0.056075,0.037897,8.0
07/17/2019 17:53:00.000000,0.238042,8.59475,0.0594,6.5375,3.84
07/17/2019 17:54:00.000000,0.563871,9.7465,0.0609,7.439024,3.768293
07/17/2019 17:55:00.000000,0.873862,9.14225,0.060975,30.565854,4.582927
07/17/2019 17:56:00.000000,0.978484,8.67325,0.06325,0.027188,6.328571
07/17/2019 17:57:00.000000,1.007507,8.32425,0.0646,0.022488,4.29375
07/17/2019 17:58:00.000000,1.017709,9.667,0.0646,0.044799,4.412195
07/17/2019 17:59:00.000000,1.023443,9.086,0.065025,21.892683,4.329268
07/17/2019 18:00:00.000000,1.02638,9.66825,0.065025,0.014456,3.45
07/17/2019 18:01:00.000000,1.024459,8.40475,0.064425,0.030429,4.295122
07/17/2019 18:02:00.000000,0.770859,7.6295,0.064075,0.042193,5.35
07/17/2019 18:03:00.000000,0.178572,8.065,0.063925,18.990909,4.118182
07/17/2019 18:04:00.000000,0.01356,12.31525,0.063225,0.025443,6.630952
07/17/2019 18:05:00.000000,0.006152,11.06975,0.061325,36.902439,7.341463
07/17/2019 18:06:00.000000,0.003875,27.9855,0.0554,0.01936,5.67907
07/17/2019 18:07:00.000000,0.000742,25.563,0.05585,33.617073,4.460976
07/17/2019 18:08:00.000000,0.000428,11.981,0.060375,25.436364,3.543182
07/17/2019 18:09:00.000000,0.002183,11.01525,0.06325,24.4625,4.93
07/17/2019 18:10:00.000000,-9999.0,9.01725,0.06515,0.02351,4.95122
07/17/2019 18:11:00.000000,-9999.0,7.20075,0.065925,0.011714,4.131707
07/17/2019 18:12:00.000000,0.018961,7.8495,0.06355,33.988372,5.032558
07/17/2019 18:13:00.000000,0.210154,16.18875,0.060575,0.0493,4.855814
07/17/2019 18:14:00.000000,0.292136,9.931,0.06295,35.615,6.5
07/17/2019 18:15:00.000000,0.247683,10.86,0.06545,0.008536,4.204651
07/17/2019 18:16:00.000000,0.267242,7.865,0.0665,7.485714,3.7
07/17/2019 18:17:00.000000,0.194291,6.80675,0.0687,0.02814,3.956098
07/17/2019 18:18:00.000000,0.169401,8.97125,0.063825,6.753846,3.576923
07/17/2019 18:19:00.000000,0.245406,9.56875,0.0628,13.225,3.415
07/17/2019 18:20:00.000000,0.208566,11.061,0.064875,0.012926,3.486047
07/17/2019 18:21:00.000000,0.237285,12.92425,0.062775,22.2625,4.35
07/17/2019 18:22:00.000000,0.315379,22.3135,0.047275,29.0,6.2
07/17/2019 18:23:00.000000,0.354928,17.45325,0.0652,0.023979,4.365854
07/17/2019 18:24:00.000000,0.266621,13.073,0.063825,25.053659,5.195122
07/17/2019 18:25:00.000000,0.261899,16.445,0.06015,0.02651,5.487179
07/17/2019 18:26:00.000000,0.289655,12.07025,0.062125,25.490244,4.560976
07/17/2019 18:27:00.000000,0.258843,10.31625,0.0645,0.043587,6.434783
07/17/2019 18:28:00.000000,0.249761,10.71425,0.0645,23.415,4.42
07/17/2019 18:29:00.000000,0.243082,,,,
07/17/2019 18:30:00.000000,0.274635,18.40475,0.057725,11.995122,5.321951
07/17/2019 18:31:00.000000,0.357269,10.56725,0.0627,40.855,3.9
07/17/2019 18:32:00.000000,0.249419,7.592,0.067675,0.022228,3.345
07/17/2019 18:33:00.000000,0.195183,9.71725,0.06875,0.029712,4.065
07/17/2019 18:34:00.000000,0.215602,9.05175,0.067275,0.028276,8.430769
07/17/2019 18:35:00.000000,0.217583,9.329,0.06565,24.533333,5.906667
07/17/2019 18:36:00.000000,0.230534,9.60175,0.065075,0.01729,5.572093
07/17/2019 18:37:00.000000,0.249301,9.7015,0.066,0.036883,3.885714
07/17/2019 18:38:00.000000,0.266123,9.847,0.0657,0.039029,3.263158
07/17/2019 18:39:00.000000,0.311743,23.46725,0.05915,40.7625,3.965
07/17/2019 18:40:00.000000,0.449321,19.4125,0.05675,0.040817,5.906977
07/17/2019 18:41:00.000000,0.328084,18.31775,0.0592,42.330233,3.962791
07/17/2019 18:42:00.000000,0.254148,21.183,0.058425,0.041581,5.751163
07/17/2019 18:43:00.000000,0.280855,8.76025,0.064175,11.7,3.871429
07/17/2019 18:44:00.000000,0.229764,10.36375,0.067475,0.014285,3.925
07/17/2019 18:45:00.000000,0.26199,10.58425,0.066625,0.012192,4.426829
07/17/2019 18:46:00.000000,0.347604,10.83675,0.064775,0.020447,4.242857
07/17/2019 18:47:00.000000,0.312462,17.95275,0.0618,0.015371,5.723077
07/17/2019 18:48:00.000000,0.34315,13.06075,0.0637,0.024009,8.369231
07/17/2019 18:49:00.000000,0.45506,,,,
07/17/2019 18:50:00.000000,0.354283,9.7185,0.066225,0.023409,5.542857
07/17/2019 18:51:00.000000,0.29164,7.19725,0.07085,13.157143,4.866667
07/17/2019 18:52:00.000000,0.247078,6.21175,0.07275,10.057143,4.871429
07/17/2019 18:53:00.000000,0.23996,8.3335,0.070525,33.363636,6.454545
07/17/2019 18:54:00.000000,0.718454,14.61675,0.06625,12.173684,4.931579
07/17/2019 18:55:00.000000,1.095347,12.42175,0.06735,0.014666,5.197561
07/17/2019 18:56:00.000000,0.648303,12.79775,0.06645,0.019777,5.65
07/17/2019 18:57:00.000000,0.516678,12.15325,0.067375,0.029315,4.469231
07/17/2019 18:58:00.000000,0.468836,10.74025,0.065825,0.020813,4.115
07/17/2019 18:59:00.000000,0.2835,23.3635,0.059225,18.128571,4.785714
07/17/2019 19:00:00.000000,0.321645,21.338,0.0555,44.571428,6.271429
07/17/2019 19:01:00.000000,0.512103,22.6855,0.060167,0.009427,3.695
07/17/2019 19:02:00.000000,0.481571,7.7355,0.072,9.397436,3.571795
07/17/2019 19:03:00.000000,0.274698,14.74075,0.06595,0.028015,4.870732
07/17/2019 19:04:00.000000,0.309599,10.4965,0.0647,0.022434,5.12439
07/17/2019 19:05:00.000000,0.322586,8.98425,0.067975,0.011969,4.0
07/17/2019 19:06:00.000000,0.329095,11.35075,0.067375,11.5625,4.805
07/17/2019 19:07:00.000000,0.364974,8.7335,0.068075,28.486364,3.995455
07/17/2019 19:08:00.000000,0.263337,9.14875,0.070575,0.028277,4.123077
07/17/2019 19:09:00.000000,0.257537,12.64925,0.0684,0.031857,4.682927
07/17/2019 19:10:00.000000,0.393244,12.844,0.06625,18.46,3.951429
07/17/2019 19:11:00.000000,0.341071,12.65225,0.066425,0.01851,3.938462
07/17/2019 19:12:00.000000,0.320385,13.02175,0.063975,0.031899,3.446512
07/17/2019 19:13:00.000000,0.295326,12.874,0.063625,0.041423,4.004348
07/17/2019 19:14:00.000000,0.238223,12.34375,0.064825,16.534146,4.2
07/17/2019 19:15:00.000000,0.211692,11.93,0.0652,5.261538,3.607692
07/17/2019 19:16:00.000000,0.228241,11.342,0.066925,30.297674,4.053488
07/17/2019 19:17:00.000000,0.269094,10.63925,0.068275,23.463415,4.2
07/17/2019 19:18:00.000000,0.282764,10.205,0.06755,0.007568,3.066667
07/17/2019 19:19:00.000000,0.280144,9.77675,0.066625,0.027251,7.175
07/17/2019 19:20:00.000000,0.252255,8.84075,0.067175,0.033601,5.653659
07/17/2019 19:21:00.000000,0.262608,12.49175,0.0659,0.04214,3.684211
07/17/2019 19:22:00.000000,0.335203,9.13525,0.064025,0.028854,4.733333
07/17/2019 19:23:00.000000,0.313608,5.311,0.065575,0.031204,5.168182
07/17/2019 19:24:00.000000,0.277995,10.10475,0.066525,0.025194,3.76
07/17/2019 19:25:00.000000,0.241121,12.035,0.0677,11.312821,3.907692
07/17/2019 19:26:00.000000,0.267998,8.84975,0.067975,0.011824,4.428571
07/17/2019 19:27:00.000000,0.323067,5.07625,0.069,0.014001,4.243902
07/17/2019 19:28:00.000000,0.3258,6.0305,0.068575,0.013522,3.857143
07/17/2019 19:29:00.000000,0.242992,6.93425,0.068825,18.785,4.14
07/17/2019 19:30:00.000000,0.183832,9.71175,0.0651,0.020892,4.623077
07/17/2019 19:31:00.000000,0.185099,5.899,0.0717,0.00665,3.2975
07/17/2019 19:32:00.000000,0.177871,5.0745,0.07315,6.061538,3.084615
07/17/2019 19:33:00.000000,0.167738,5.86725,0.072275,11.902326,3.788372
07/17/2019 19:34:00.000000,0.191322,6.1555,0.070075,12.345,4.92
07/17/2019 19:35:00.000000,0.238096,11.56375,0.067125,0.01114,4.592308
07/17/2019 19:36:00.000000,0.289404,5.7415,0.069525,0.013073,5.626667
07/17/2019 19:37:00.000000,0.263782,4.963,0.073125,0.015238,4.342857
07/17/2019 19:38:00.000000,0.19661,5.008,0.073075,0.020012,5.128571
07/17/2019 19:39:00.000000,0.176446,5.0805,0.072325,0.023492,4.1
07/17/2019 19:40:00.000000,0.192259,5.39725,0.07035,8.542857,4.585714
07/17/2019 19:41:00.000000,0.233532,5.8845,0.069625,0.009757,4.7
07/17/2019 19:42:00.000000,0.221945,6.8065,0.06885,0.013918,6.506977
07/17/2019 19:43:00.000000,0.198961,7.5045,0.068775,0.009634,4.385366
07/17/2019 19:44:00.000000,0.341801,8.544,0.067,0.011005,3.972093
07/17/2019 19:45:00.000000,0.488855,9.25725,0.066125,6.675,3.915
07/17/2019 19:46:00.000000,0.446446,9.755,0.068975,14.044186,3.813953
07/17/2019 19:47:00.000000,0.326861,10.01375,0.067725,7.215789,3.463158
07/17/2019 19:48:00.000000,0.280907,9.98975,0.06675,17.217143,3.814286
07/17/2019 19:49:00.000000,0.217443,9.3855,0.068075,10.55122,3.643902
07/17/2019 19:50:00.000000,0.165882,8.3215,0.070525,31.2,4.5
07/17/2019 19:51:00.000000,0.19031,9.7025,0.069875,18.661905,4.7
07/17/2019 19:52:00.000000,0.358043,24.25475,0.061475,23.025581,8.227907
07/17/2019 19:53:00.000000,0.552158,11.911,0.0537,16.72439,7.604878
07/17/2019 19:54:00.000000,0.633649,18.616,0.051875,10.690909,3.859091
07/17/2019 19:55:00.000000,0.503761,7.74375,0.069625,0.020427,6.53
07/17/2019 19:56:00.000000,0.314978,7.51525,0.0682,0.011889,5.392683
07/17/2019 19:57:00.000000,0.425698,9.8155,0.06555,0.019012,3.4
07/17/2019 19:58:00.000000,0.676705,11.77125,0.06375,0.01604,5.585714
07/17/2019 19:59:00.000000,0.32785,17.377,0.060925,0.015623,4.804878
07/17/2019 20:00:00.000000,0.276324,13.94625,0.05775,4.166667,3.205128
07/17/2019 20:01:00.000000,0.309994,6.355,0.063925,0.012784,3.595
07/17/2019 20:02:00.000000,0.21351,7.23375,0.0688,19.216667,4.128571
07/17/2019 20:03:00.000000,0.243911,6.064,0.0679,17.578049,3.602439
07/17/2019 20:04:00.000000,0.263748,5.02825,0.06975,0.013472,4.780488
07/17/2019 20:05:00.000000,0.214463,8.169,0.0699,0.025839,4.231707
07/17/2019 20:06:00.000000,0.196204,12.773,0.066275,28.246154,3.930769
07/17/2019 20:07:00.000000,0.186509,5.85425,0.0678,36.360976,3.643902
07/17/2019 20:08:00.000000,0.176258,6.87375,0.0689,0.016249,4.282927
07/17/2019 20:09:00.000000,0.201233,8.072,0.0673,31.42439,9.095122
07/17/2019 20:10:00.000000,0.267433,9.8645,0.05985,0.045954,6.075
07/17/2019 20:11:00.000000,0.30154,18.2735,0.059225,0.011448,4.631707
07/17/2019 20:12:00.000000,0.314623,26.6045,0.05565,6.830233,4.5
07/17/2019 20:13:00.000000,0.351384,20.185,0.05165,7.768421,4.078947
07/17/2019 20:14:00.000000,0.327746,21.47975,0.050325,17.4375,4.595
07/17/2019 20:15:00.000000,0.332747,11.316,0.054225,0.011003,3.328571
07/17/2019 20:16:00.000000,0.364966,10.574,0.06115,17.245,3.925
07/17/2019 20:17:00.000000,0.34477,10.364,0.0565,22.342857,6.157143
07/17/2019 20:18:00.000000,0.344299,22.90825,0.04355,17.823256,6.5
07/17/2019 20:19:00.000000,0.402235,30.77,0.0418,0.013266,3.853659
07/17/2019 20:20:00.000000,0.339427,13.67425,0.050625,0.017226,5.27
07/17/2019 20:21:00.000000,0.249932,12.17,0.060025,7.905,4.28
07/17/2019 20:22:00.000000,0.31108,33.19675,0.0469,0.018501,5.590698
07/17/2019 20:23:00.000000,0.622464,23.12775,0.043975,0.006009,3.92093
07/17/2019 20:24:00.000000,0.448326,23.151,0.0471,10.053488,3.851163
07/17/2019 20:25:00.000000,0.34698,7.6895,0.0605,27.133333,3.9
07/17/2019 20:26:00.000000,0.2415,7.82175,0.0577,16.360526,4.321053
07/17/2019 20:27:00.000000,0.336043,27.717,0.0401,11.186842,3.642105
07/17/2019 20:28:00.000000,0.49515,17.30975,0.051725,25.281395,4.102326
07/17/2019 20:29:00.000000,0.390733,13.9215,0.05405,0.042222,3.769767
07/17/2019 20:30:00.000000,0.402863,14.649,0.057075,0.047253,6.185714
07/17/2019 20:31:00.000000,0.30815,12.10625,0.058575,26.339024,8.307317
07/17/2019 20:32:00.000000,0.238218,12.53925,0.0584,22.785714,4.657143
07/17/2019 20:33:00.000000,0.27514,24.469,0.053075,0.019098,4.17
07/17/2019 20:34:00.000000,0.275305,20.496,0.0531,0.013239,4.372093
07/17/2019 20:35:00.000000,0.240494,12.887667,0.059433,12.834146,5.063415
07/17/2019 20:36:00.000000,0.258601,11.379,0.063333,15.323684,7.557895
07/17/2019 20:37:00.000000,0.234361,10.914667,0.0638,0.035606,6.890244
07/17/2019 20:38:00.000000,0.243079,12.510667,0.063167,22.807317,4.285366
07/17/2019 20:39:00.000000,0.258157,12.991333,0.0618,30.146512,5.248837
07/17/2019 20:40:00.000000,0.299642,12.9115,0.0611,0.012317,3.916667
07/17/2019 20:41:00.000000,0.351099,12.437333,0.06385,21.126316,3.884211
07/17/2019 20:42:00.000000,0.323967,12.1435,0.065125,9.3,4.5
07/17/2019 20:43:00.000000,0.288379,12.0795,0.065475,0.012018,4.002439
07/17/2019 20:44:00.000000,0.269949,11.55425,0.06755,0.00457,3.039535
07/17/2019 20:45:00.000000,0.215909,10.61475,0.070975,0.030563,4.816667
07/17/2019 20:46:00.000000,0.164723,9.84,0.0718,0.033176,3.904545
07/17/2019 20:47:00.000000,0.190345,8.5645,0.07255,0.026034,4.474419
07/17/2019 20:48:00.000000,0.196505,14.2865,0.0552,28.242857,4.085714
07/17/2019 20:49:00.000000,0.321671,32.99625,0.05305,15.187805,4.082927
07/17/2019 20:50:00.000000,0.410932,12.02125,0.065475,12.461538,4.1
07/17/2019 20:51:00.000000,0.226937,9.45825,0.066625,0.031837,3.842857
07/17/2019 20:52:00.000000,0.163176,9.02,0.067175,14.05814,4.746512
07/17/2019 20:53:00.000000,0.192136,8.262,0.066075,12.126316,4.057895
07/17/2019 20:54:00.000000,0.274084,11.7075,0.063125,0.030692,5.62093
07/17/2019 20:55:00.000000,0.339566,24.865,0.0565,23.822727,4.518182
07/17/2019 20:56:00.000000,0.427404,22.83875,0.054225,10.9375,3.62
07/17/2019 20:57:00.000000,0.453383,15.6705,0.060075,0.004462,2.992308
07/17/2019 20:58:00.000000,0.291509,13.273,0.060725,0.031823,5.875
07/17/2019 20:59:00.000000,0.295702,12.3825,0.061025,12.97907,6.227907
07/17/2019 21:00:00.000000,0.303843,14.95225,0.060825,0.027841,5.683721
07/17/2019 21:01:00.000000,0.295417,14.57925,0.060125,12.389744,5.107692
07/17/2019 21:02:00.000000,0.286747,5.9275,0.06655,0.014326,5.426829
07/17/2019 21:03:00.000000,0.185204,5.6435,0.069075,26.5,4.5925
07/17/2019 21:04:00.000000,0.180886,8.40725,0.066725,0.016114,3.552174
07/17/2019 21:05:00.000000,0.262331,14.29375,0.06215,0.011807,4.165
07/17/2019 21:06:00.000000,0.279798,11.5015,0.06205,0.020074,5.836585
07/17/2019 21:07:00.000000,0.297523,8.221,0.06565,13.985714,4.128571
07/17/2019 21:08:00.000000,0.252859,13.56425,0.063925,20.371429,4.057143
07/17/2019 21:09:00.000000,0.291651,16.9635,0.0615,8.985714,4.6
07/17/2019 21:10:00.000000,0.337715,10.64725,0.062125,0.011164,4.95
07/17/2019 21:11:00.000000,0.253397,5.9665,0.067575,0.012606,4.166667
07/17/2019 21:12:00.000000,0.189655,5.03275,0.07,10.216667,4.857143
07/17/2019 21:13:00.000000,0.182746,5.5315,0.06885,10.7375,4.66
07/17/2019 21:14:00.000000,0.186968,5.93375,0.069225,11.746512,4.513953
07/17/2019 21:15:00.000000,0.189454,6.107,0.069675,0.006221,3.5
07/17/2019 21:16:00.000000,0.188982,9.8405,0.069825,0.025741,4.153659
07/17/2019 21:17:00.000000,0.221622,7.14175,0.069175,13.081818,6.113636
07/17/2019 21:18:00.000000,0.197278,8.5365,0.068325,13.953846,5.825641
07/17/2019 21:19:00.000000,0.220394,6.3445,0.068625,0.007097,3.821951
07/17/2019 21:20:00.000000,0.264012,5.7285,0.06915,8.2025,4.3
07/17/2019 21:21:00.000000,0.284766,6.28225,0.0673,11.490476,3.728571
07/17/2019 21:22:00.000000,0.225085,11.48125,0.067425,18.228571,3.6
07/17/2019 21:23:00.000000,0.226669,4.8125,0.071075,0.007971,3.35122
07/17/2019 21:24:00.000000,0.193451,3.71825,0.073825,16.37561,5.263415
07/17/2019 21:25:00.000000,0.168655,4.48775,0.072475,13.245455,4.65
07/17/2019 21:26:00.000000,0.173234,5.28125,0.069,26.192308,5.648718
07/17/2019 21:27:00.000000,0.249804,11.73625,0.06615,9.575,3.775
07/17/2019 21:28:00.000000,0.268992,8.00025,0.068575,0.021552,4.088372
07/17/2019 21:29:00.000000,0.240278,6.14625,0.0652,13.869231,4.282051
07/17/2019 21:30:00.000000,0.273843,7.74425,0.071025,18.972727,3.868182
07/17/2019 21:31:00.000000,0.284952,6.842,0.0707,0.025193,3.294737
07/17/2019 21:32:00.000000,0.248415,5.9145,0.069525,11.839474,5.221053
07/17/2019 21:33:00.000000,0.240609,5.18375,0.0697,17.992308,5.6
07/17/2019 21:34:00.000000,0.231227,5.27425,0.07015,16.347368,3.342105
07/17/2019 21:35:00.000000,0.190564,5.4915,0.07145,12.383721,4.255814
07/17/2019 21:36:00.000000,0.163737,5.66825,0.0725,0.004987,3.25
07/17/2019 21:37:00.000000,0.189395,5.9025,0.07095,17.933333,4.745455
07/17/2019 21:38:00.000000,0.255814,6.5525,0.066975,0.019863,4.202439
07/17/2019 21:39:00.000000,0.270434,7.5025,0.064575,0.014076,5.168571
07/17/2019 21:40:00.000000,0.262088,8.375,0.065225,0.012568,5.296875
07/17/2019 21:41:00.000000,0.239859,9.253,0.064825,13.428571,3.716667
07/17/2019 21:42:00.000000,0.247239,9.88025,0.064325,0.019939,4.409091
07/17/2019 21:43:00.000000,0.269396,18.252,0.052275,20.625,5.025
07/17/2019 21:44:00.000000,0.312328,16.0295,0.070325,0.021633,7.414286
07/17/2019 21:45:00.000000,0.288196,10.42725,0.06895,0.019118,6.95
07/17/2019 21:46:00.000000,0.305969,9.44125,0.069525,9.934146,5.178049
07/17/2019 21:47:00.000000,0.25823,7.6525,0.071925,0.010747,3.795
07/17/2019 21:48:00.000000,0.243058,15.01875,0.0698,0.031612,5.32093
07/17/2019 21:49:00.000000,0.272301,7.53075,0.0702,0.015338,4.985366
07/17/2019 21:50:00.000000,0.209189,6.97475,0.0711,7.508511,3.793617
07/17/2019 21:51:00.000000,0.206973,10.076,0.06975,0.019731,4.195
07/17/2019 21:52:00.000000,0.265052,18.0135,0.057825,0.016701,3.868182
07/17/2019 21:53:00.000000,0.333239,19.52375,0.071475,0.00665,4.158974
07/17/2019 21:54:00.000000,0.336736,20.67175,0.061475,0.015899,4.621053
07/17/2019 21:55:00.000000,0.402733,14.78025,0.072675,0.019779,5.783333
07/17/2019 21:56:00.000000,0.259713,7.29025,0.07325,5.951163,3.990698
07/17/2019 21:57:00.000000,0.221108,6.85575,0.0739,0.016599,3.171429
07/17/2019 21:58:00.000000,0.20936,9.986,0.07015,8.725,3.265
07/17/2019 21:59:00.000000,0.249879,14.201,0.065725,0.004586,3.040909
07/17/2019 22:00:00.000000,0.369156,10.71925,0.0677,0.02701,3.95
07/17/2019 22:01:00.000000,0.45127,10.748,0.061025,0.011922,4.1
07/17/2019 22:02:00.000000,0.512305,13.1875,0.0723,4.247368,3.594737
07/17/2019 22:03:00.000000,0.090209,6.74775,0.073625,10.683333,3.82381
07/17/2019 22:04:00.000000,-9999.0,13.643,0.0705,0.012468,3.573684
07/17/2019 22:05:00.000000,0.003149,12.59325,0.068675,0.004901,2.864103
07/17/2019 22:06:00.000000,-9999.0,7.0835,0.07155,13.304762,3.509524
07/17/2019 22:07:00.000000,-9999.0,4.27525,0.07185,23.422857,3.202857
07/17/2019 22:08:00.000000,-9999.0,12.87975,0.069375,8.3375,3.41
07/17/2019 22:09:00.000000,-9999.0,12.8175,0.067625,0.021442,3.806977
07/17/2019 22:10:00.000000,0.000574,8.93575,0.068075,5.852381,3.070732
07/17/2019 22:11:00.000000,-9999.0,15.29575,0.0642,0.014459,5.448889
07/17/2019 22:12:00.000000,0.079616,18.702,0.065375,15.373171,5.336585
07/17/2019 22:13:00.000000,0.202529,13.33475,0.06655,0.017287,5.118605
07/17/2019 22:14:00.000000,0.231957,9.24,0.0668,5.105,3.9
07/17/2019 22:15:00.000000,0.235174,7.641,0.073125,0.018231,5.0
07/17/2019 22:16:00.000000,0.463957,10.7325,0.072975,11.845,4.69
07/17/2019 22:17:00.000000,0.570951,8.45125,0.071925,0.012909,4.6
07/17/2019 22:18:00.000000,0.309096,8.87125,0.07125,0.031829,3.675
07/17/2019 22:19:00.000000,0.28211,9.729,0.072825,16.0,3.168293
07/17/2019 22:20:00.000000,0.245515,12.33075,0.07315,0.022175,4.1725
07/17/2019 22:21:00.000000,0.257219,13.2825,0.069675,24.058537,4.4
07/17/2019 22:22:00.000000,0.250616,5.24,0.074575,11.577273,3.895455
07/17/2019 22:23:00.000000,0.230449,3.53225,0.0785,7.378049,3.55122
07/17/2019 22:24:00.000000,0.22111,3.47125,0.07735,0.013987,3.925
07/17/2019 22:25:00.000000,0.216905,3.76475,0.075575,4.385,3.32
07/17/2019 22:26:00.000000,0.273328,3.931,0.074925,10.57561,3.639024
07/17/2019 22:27:00.000000,0.262667,11.2885,0.070225,0.011068,3.872093
07/17/2019 22:28:00.000000,0.259156,9.4315,0.07075,12.209756,3.985366
07/17/2019 22:29:00.000000,0.235188,15.95425,0.068975,0.007029,3.742857
07/17/2019 22:30:00.000000,0.238336,17.19725,0.06865,0.026153,3.442857
07/17/2019 22:31:00.000000,0.220667,12.373,0.07185,0.024033,6.387805
07/17/2019 22:32:00.000000,0.251722,9.82875,0.0745,9.8,4.509756
07/17/2019 22:33:00.000000,0.267656,9.335,0.075375,19.428571,10.185714
07/17/2019 22:34:00.000000,0.329779,8.882,0.076325,18.962791,5.951163
07/17/2019 22:35:00.000000,0.265561,8.37225,0.077825,18.169767,4.84186
07/17/2019 22:36:00.000000,0.23322,7.93525,0.07855,0.059865,5.571429
07/17/2019 22:37:00.000000,0.252524,9.864,0.07655,0.022519,4.419512
07/17/2019 22:38:00.000000,0.354973,15.59625,0.07245,0.022082,5.22
07/17/2019 22:39:00.000000,0.445422,11.5325,0.074775,0.02088,7.316667
07/17/2019 22:40:00.000000,0.506334,11.85275,0.07385,0.013178,4.752632
07/17/2019 22:41:00.000000,0.832653,10.3305,0.07375,0.017744,4.88
07/17/2019 22:42:00.000000,0.648092,11.43625,0.071425,23.440909,6.85
07/17/2019 22:43:00.000000,0.419059,11.349,0.07415,0.026294,5.004878
07/17/2019 22:44:00.000000,0.31188,11.1165,0.07645,0.018853,4.7
07/17/2019 22:45:00.000000,0.208343,11.3405,0.073175,0.016702,4.615789
07/17/2019 22:46:00.000000,0.28942,19.743,0.06955,0.007528,4.342857
07/17/2019 22:47:00.000000,0.444518,15.54575,0.068075,0.015166,4.556098
07/17/2019 22:48:00.000000,0.461103,11.16325,0.071025,0.02205,6.719565
07/17/2019 22:49:00.000000,0.446242,10.839,0.073475,0.029267,4.948837
07/17/2019 22:50:00.000000,0.412247,10.78,0.074425,0.025958,4.346154
07/17/2019 22:51:00.000000,0.357477,10.8595,0.074325,0.021495,6.085
07/17/2019 22:52:00.000000,0.295743,11.665,0.06965,0.02145,7.174419
07/17/2019 22:53:00.000000,0.364543,27.8245,0.058725,23.9,6.369231
07/17/2019 22:54:00.000000,0.474757,19.53425,0.0749,24.840541,6.556757
07/17/2019 22:55:00.000000,0.440093,12.01575,0.0731,14.2125,4.56
07/17/2019 22:56:00.000000,0.328623,8.027,0.072975,0.007141,3.855814
07/17/2019 22:57:00.000000,0.281823,23.6075,0.0667,0.013725,5.452174
07/17/2019 22:58:00.000000,0.363653,17.41725,0.065225,0.042542,6.226829
07/17/2019 22:59:00.000000,0.352817,11.7385,0.0719,0.025203,5.195
07/17/2019 23:00:00.000000,0.338554,12.33125,0.0734,12.672093,6.548837
07/17/2019 23:01:00.000000,0.39897,12.33075,0.071375,0.02091,4.142857
07/17/2019 23:02:00.000000,0.385391,25.8675,0.0619,20.897436,6.492308
07/17/2019 23:03:00.000000,0.436805,30.93775,0.0611,8.985714,4.342857
07/17/2019 23:04:00.000000,0.366353,10.94125,0.070825,0.021894,4.328571
07/17/2019 23:05:00.000000,0.468503,13.68525,0.0702,0.032942,7.035
07/17/2019 23:06:00.000000,2.117022,12.7015,0.0697,0.030543,5.155814
07/17/2019 23:07:00.000000,1.668942,12.75775,0.0701,0.014855,5.214286
07/17/2019 23:08:00.000000,0.85752,12.32625,0.069675,0.253929,22.1
07/17/2019 23:09:00.000000,0.926431,12.0625,0.066925,0.027386,6.572093
07/17/2019 23:10:00.000000,0.529864,11.4295,0.067675,11.778049,5.136585
07/17/2019 23:11:00.000000,0.283789,11.12,0.06765,4.91,3.785
07/17/2019 23:12:00.000000,0.3786,19.9015,0.06285,0.017647,4.435
07/17/2019 23:13:00.000000,0.423425,9.81475,0.063325,22.186364,4.945455
07/17/2019 23:14:00.000000,0.93608,10.9785,0.064,13.590698,5.516279
07/17/2019 23:15:00.000000,2.355583,7.367,0.06745,30.917949,16.346154
07/17/2019 23:16:00.000000,1.000195,8.5755,0.06595,16.05122,8.482927
07/17/2019 23:17:00.000000,0.390128,9.24575,0.066475,0.017387,5.286364
07/17/2019 23:18:00.000000,0.271565,9.02525,0.068475,30.314286,9.457143
07/17/2019 23:19:00.000000,0.269411,8.94225,0.06645,28.516279,5.209302
07/17/2019 23:20:00.000000,0.25875,11.913,0.06235,14.326829,6.44878
07/17/2019 23:21:00.000000,0.299008,13.4975,0.060875,12.771429,5.6
07/17/2019 23:22:00.000000,0.960486,12.8305,0.061875,54.392857,11.314286
07/17/2019 23:23:00.000000,1.332838,14.0185,0.06105,0.025714,8.614286
07/17/2019 23:24:00.000000,0.959142,15.782,0.06125,49.183333,5.409524
07/17/2019 23:25:00.000000,0.664288,15.00125,0.06385,0.068945,7.725581
07/17/2019 23:26:00.000000,0.53035,14.5025,0.062425,0.033808,7.194595
07/17/2019 23:27:00.000000,0.971388,13.86975,0.062475,21.156098,5.890244
07/17/2019 23:28:00.000000,0.972461,13.16925,0.063775,15.12,5.87
07/17/2019 23:29:00.000000,1.676079,12.86575,0.061925,0.021112,5.9
07/17/2019 23:30:00.000000,2.031262,12.09325,0.0631,0.01376,4.17907
07/17/2019 23:31:00.000000,1.929584,11.30525,0.06315,21.695652,5.634783
07/17/2019 23:32:00.000000,0.826044,10.96,0.063625,0.020201,4.804878
07/17/2019 23:33:00.000000,0.382016,11.095,0.0631,26.505128,4.430769
07/17/2019 23:34:00.000000,0.289337,11.88525,0.059875,16.092683,4.741463
07/17/2019 23:35:00.000000,0.289763,10.79475,0.0615,13.381395,5.488372
07/17/2019 23:36:00.000000,0.3021,16.26025,0.06295,13.9,4.057143
07/17/2019 23:37:00.000000,0.32705,15.1805,0.06205,0.026779,5.592683
07/17/2019 23:38:00.000000,0.3069,10.951,0.063975,24.185366,4.87561
07/17/2019 23:39:00.000000,0.296287,12.9825,0.066475,19.690476,5.728571
07/17/2019 23:40:00.000000,0.275675,11.12775,0.0668,0.031498,4.833333
07/17/2019 23:41:00.000000,0.370853,11.331,0.063,0.024152,3.660976
07/17/2019 23:42:00.000000,0.440074,11.4225,0.06065,27.735714,6.242857
07/17/2019 23:43:00.000000,0.446179,11.69125,0.0595,40.3125,5.935
07/17/2019 23:44:00.000000,0.457273,12.436,0.057775,0.031142,5.627907
07/17/2019 23:45:00.000000,0.464136,13.1605,0.05425,19.247619,7.485714
07/17/2019 23:46:00.000000,0.401915,13.5035,0.055175,8.314286,5.571429
07/17/2019 23:47:00.000000,0.366904,13.5655,0.059525,0.018608,7.351163
07/17/2019 23:48:00.000000,0.4223,13.6105,0.05995,8.848718,4.110256
07/17/2019 23:49:00.000000,0.402394,13.2035,0.063125,0.030698,4.872093
07/17/2019 23:50:00.000000,0.262252,12.358,0.06485,0.018804,4.07561
07/17/2019 23:51:00.000000,0.224979,15.045,0.0604,13.109756,4.480488
07/17/2019 23:52:00.000000,0.309751,24.738,0.047375,26.376923,5.361538
07/17/2019 23:53:00.000000,0.373081,25.31475,0.051475,12.383333,4.833333
07/17/2019 23:54:00.000000,0.391218,27.86775,0.046375,0.017133,5.44
07/17/2019 23:55:00.000000,0.435827,19.15375,0.05285,0.019723,4.835
07/17/2019 23:56:00.000000,0.351388,16.64275,0.054775,0.015805,4.017073
07/17/2019 23:57:00.000000,0.316485,9.6395,0.058725,0.018222,4.156098
07/17/2019 23:58:00.000000,0.286465,8.17625,0.0617,17.487805,5.395122
07/17/2019 23:59:00.000000,0.258528,8.58575,0.05885,22.52093,4.427907
07/18/2019 00:00:00.000000,0.302998,8.66025,0.061125,11.654545,4.620455
07/18/2019 00:01:00.000000,0.255303,9.72325,0.0626,0.012533,5.288636
07/18/2019 00:02:00.000000,0.266801,19.1415,0.055875,0.004586,3.275
07/18/2019 00:03:00.000000,0.315906,18.1055,0.05235,0.027024,4.448837
07/18/2019 00:04:00.000000,0.353655,13.52575,0.054175,0.028426,9.472093
07/18/2019 00:05:00.000000,0.386094,15.6745,0.0567,11.141463,5.395122
07/18/2019 00:06:00.000000,0.371977,14.9565,0.0596,3.9375,3.34
07/18/2019 00:07:00.000000,0.315288,12.312,0.060075,9.983721,3.788372
07/18/2019 00:08:00.000000,0.408838,19.93625,0.05445,0.015131,5.846154
07/18/2019 00:09:00.000000,0.584152,15.43625,0.05435,16.178049,6.797561
07/18/2019 00:10:00.000000,0.48598,8.81625,0.060075,11.443902,4.680488
07/18/2019 00:11:00.000000,0.326679,9.2975,0.062775,0.024332,5.071429
07/18/2019 00:12:00.000000,0.25074,7.5135,0.06365,11.24186,4.613953
07/18/2019 00:13:00.000000,0.215485,7.596,0.06305,0.037108,5.775
07/18/2019 00:14:00.000000,0.223363,7.64475,0.0637,12.326829,4.890244
07/18/2019 00:15:00.000000,0.225757,7.544,0.064725,11.602381,5.128571
07/18/2019 00:16:00.000000,0.238803,10.28675,0.063025,0.023725,5.025
07/18/2019 00:17:00.000000,0.294304,8.51375,0.063725,0.011589,5.0
07/18/2019 00:18:00.000000,0.251478,18.489,0.059825,7.627273,4.831818
07/18/2019 00:19:00.000000,0.192983,28.38025,0.052375,0.019479,9.623077
07/18/2019 00:20:00.000000,0.253048,16.9195,0.057625,0.032462,6.060976
07/18/2019 00:21:00.000000,0.298498,15.53875,0.0598,0.023881,4.462162
07/18/2019 00:22:00.000000,0.536962,10.31775,0.0604,0.04053,6.731579
07/18/2019 00:23:00.000000,0.528156,7.278,0.06435,0.013685,5.286364
07/18/2019 00:24:00.000000,0.417138,12.9,0.063175,0.01637,5.597561
07/18/2019 00:25:00.000000,0.520531,16.45225,0.060125,0.015133,4.495349
07/18/2019 00:26:00.000000,0.383043,9.72375,0.06245,0.026591,4.892308
07/18/2019 00:27:00.000000,0.242879,7.2085,0.06645,11.831707,5.256098
07/18/2019 00:28:00.000000,0.193798,9.69775,0.0646,16.414286,6.328571
07/18/2019 00:29:00.000000,0.209535,13.2265,0.060625,,4.693023
07/18/2019 00:30:00.000000,0.245976,13.32125,0.061475,4.64,3.635
07/18/2019 00:31:00.000000,0.242751,13.36875,0.059475,0.019481,6.516216
07/18/2019 00:32:00.000000,0.316512,13.342,0.059425,0.007245,4.815385
07/18/2019 00:33:00.000000,0.367995,12.8415,0.06355,0.025844,7.192308
07/18/2019 00:34:00.000000,0.325426,11.91125,0.0668,12.2125,5.575
07/18/2019 00:35:00.000000,0.259726,11.255,0.065875,0.019467,4.346341
07/18/2019 00:36:00.000000,0.316358,10.61875,0.064125,0.012555,4.626829
07/18/2019 00:37:00.000000,0.250167,10.06825,0.06575,11.973171,5.139024
07/18/2019 00:38:00.000000,0.208843,9.58425,0.066325,0.014008,4.260976
07/18/2019 00:39:00.000000,0.239492,8.6845,0.0675,0.014632,4.265854
07/18/2019 00:40:00.000000,0.259069,7.7865,0.06815,13.156098,5.543902
07/18/2019 00:41:00.000000,0.226658,7.51675,0.06655,0.005767,3.790698
07/18/2019 00:42:00.000000,0.232954,8.643,0.0649,7.939024,4.253659
07/18/2019 00:43:00.000000,0.275376,16.46525,0.0652,0.006397,3.976923
07/18/2019 00:44:00.000000,0.264613,15.201,0.063825,0.012947,4.830769
07/18/2019 00:45:00.000000,0.308673,12.91075,0.06525,25.526829,3.634146
07/18/2019 00:46:00.000000,0.278289,6.10175,0.06805,17.692857,3.4
07/18/2019 00:47:00.000000,0.267922,6.0705,0.06845,5.5,3.65
07/18/2019 00:48:00.000000,0.249583,6.18175,0.0679,0.006264,4.646512
07/18/2019 00:49:00.000000,0.23399,6.29525,0.06755,7.546341,5.131707
07/18/2019 00:50:00.000000,0.246502,6.35625,0.0678,0.010364,4.9525
07/18/2019 00:51:00.000000,0.237246,6.3235,0.0686,0.017429,4.319512
07/18/2019 00:52:00.000000,0.202052,6.3745,0.067925,0.024204,4.285366
07/18/2019 00:53:00.000000,0.206522,6.50225,0.067975,8.152381,3.957143
07/18/2019 00:54:00.000000,0.199029,6.66625,0.067125,16.05,4.835
07/18/2019 00:55:00.000000,0.198176,7.17925,0.06485,0.018878,4.829268
07/18/2019 00:56:00.000000,0.241917,7.70175,0.065625,10.828571,6.257143
07/18/2019 00:57:00.000000,0.274593,8.9225,0.06535,8.843243,5.635135
07/18/2019 00:58:00.000000,0.25731,16.43175,0.0619,19.097674,5.069767
07/18/2019 00:59:00.000000,0.269958,10.932,0.063025,12.517949,6.269231
07/18/2019 01:00:00.000000,0.246746,9.4115,0.066375,0.014124,4.833333
07/18/2019 01:01:00.000000,0.241518,7.57775,0.0686,4.094118,3.917647
07/18/2019 01:02:00.000000,0.282942,7.6665,0.068,0.012295,5.009756
07/18/2019 01:03:00.000000,0.307716,7.6875,0.067375,0.012328,4.265
07/18/2019 01:04:00.000000,0.214471,10.74775,0.067425,15.05,5.481818
07/18/2019 01:05:00.000000,0.239645,10.83975,0.0654,8.545455,4.270455
07/18/2019 01:06:00.000000,0.249403,7.32275,0.0652,10.311765,5.65
07/18/2019 01:07:00.000000,0.2065,7.17825,0.0664,0.007017,4.853846
07/18/2019 01:08:00.000000,0.19612,7.441,0.065225,0.029233,6.727027
07/18/2019 01:09:00.000000,0.196353,8.45025,0.0638,0.025081,5.097727
07/18/2019 01:10:00.000000,0.212134,9.4945,0.063225,0.020018,4.021212
07/18/2019 01:11:00.000000,0.200149,9.9355,0.0606,22.560465,5.72093
07/18/2019 01:12:00.000000,0.231562,10.50375,0.0578,0.016656,4.8
07/18/2019 01:13:00.000000,0.322403,11.2975,0.05505,0.030794,5.451064
07/18/2019 01:14:00.000000,0.311686,12.112,0.0563,0.014393,6.688372
07/18/2019 01:15:00.000000,0.282802,12.632,0.056875,0.020581,5.54
07/18/2019 01:16:00.000000,0.36021,13.415,0.0555,33.228571,5.471429
07/18/2019 01:17:00.000000,0.301009,13.08425,0.05835,0.020836,6.435
07/18/2019 01:18:00.000000,0.242542,11.916,0.0638,0.022754,6.0
07/18/2019 01:19:00.000000,0.22853,11.401,0.064575,13.1125,4.965
07/18/2019 01:20:00.000000,0.228954,10.75325,0.063825,0.035906,4.885366
07/18/2019 01:21:00.000000,0.329098,10.06775,0.06285,7.369767,3.560465
07/18/2019 01:22:00.000000,0.630905,9.6025,0.06305,8.462791,4.418605
07/18/2019 01:23:00.000000,0.424017,9.183,0.063275,0.015059,5.2
07/18/2019 01:24:00.000000,0.26073,8.49525,0.063075,0.005422,3.624324
07/18/2019 01:25:00.000000,0.275538,11.3955,0.059375,0.255433,21.739024
07/18/2019 01:26:00.000000,0.282472,12.6895,0.057725,0.027944,7.05
07/18/2019 01:27:00.000000,0.289723,10.9805,0.057475,15.15,4.4
07/18/2019 01:28:00.000000,0.277603,11.731,0.05735,0.012249,5.360465
07/18/2019 01:29:00.000000,0.27298,13.30375,0.05985,13.8375,6.435
07/18/2019 01:30:00.000000,0.324141,13.37975,0.058775,18.348718,4.653846
07/18/2019 01:31:00.000000,0.387142,17.355,0.055475,14.455556,7.073333
07/18/2019 01:32:00.000000,0.469649,13.182,0.0518,20.152632,7.5
07/18/2019 01:33:00.000000,0.430671,6.086,0.057225,18.681818,5.061364
07/18/2019 01:34:00.000000,0.253095,9.59025,0.05975,0.02493,4.169767
07/18/2019 01:35:00.000000,0.194507,9.071,0.0573,0.029509,4.185714
07/18/2019 01:36:00.000000,0.221186,8.78475,0.057575,17.745455,6.05
07/18/2019 01:37:00.000000,0.225034,8.63125,0.05875,0.024897,6.4
07/18/2019 01:38:00.000000,0.259098,8.71925,0.058025,18.729268,9.131707
07/18/2019 01:39:00.000000,0.261932,8.7485,0.058675,16.409524,4.2
07/18/2019 01:40:00.000000,0.213079,8.693,0.05845,0.00729,3.469231
07/18/2019 01:41:00.000000,0.207559,8.649,0.056767,0.009153,3.585714
07/18/2019 01:42:00.000000,0.211056,8.57225,0.05705,13.306977,3.944186
07/18/2019 01:43:00.000000,0.214149,16.319,0.05635,22.541463,4.597561
07/18/2019 01:44:00.000000,0.243317,18.77475,0.05428,12.431429,6.254286
07/18/2019 01:45:00.000000,0.284967,6.566,0.0572,0.024628,5.582051
07/18/2019 01:46:00.000000,0.234889,6.71325,0.058525,29.675,5.415
07/18/2019 01:47:00.000000,0.200828,5.14325,0.05935,17.656098,3.907317
07/18/2019 01:48:00.000000,0.179724,5.4045,0.0582,0.026046,5.64
07/18/2019 01:49:00.000000,0.210332,,,,
07/18/2019 01:50:00.000000,0.246346,6.34025,0.055525,11.539024,4.27561
07/18/2019 01:51:00.000000,0.215934,6.633,0.05675,0.027285,4.1
07/18/2019 01:52:00.000000,0.19402,6.8935,0.0575,18.771429,5.042857
07/18/2019 01:53:00.000000,0.200912,6.939,0.05935,0.031945,5.863415
07/18/2019 01:54:00.000000,0.169301,7.31775,0.05905,5.857143,3.085714
07/18/2019 01:55:00.000000,0.186998,7.997,0.056325,18.432558,6.55814
07/18/2019 01:56:00.000000,0.221906,8.06925,0.05395,16.665,4.565
07/18/2019 01:57:00.000000,0.227079,7.80475,0.05655,0.014089,4.444186
07/18/2019 01:58:00.000000,0.188554,7.51375,0.05925,0.027055,7.513953
07/18/2019 01:59:00.000000,0.166042,7.4235,0.05905,0.019244,6.576923
07/18/2019 02:00:00.000000,0.192818,7.575,0.05745,17.171429,4.414286
07/18/2019 02:01:00.000000,0.258559,8.44975,0.053325,15.433333,5.453846
07/18/2019 02:02:00.000000,0.272356,8.57475,0.053825,0.029,4.694595
07/18/2019 02:03:00.000000,0.235007,8.161,0.056325,0.01381,4.583784
07/18/2019 02:04:00.000000,0.204373,7.71875,0.05735,0.012404,5.869231
07/18/2019 02:05:00.000000,0.26722,7.62225,0.058725,13.61,4.78
07/18/2019 02:06:00.000000,0.239339,7.5475,0.059275,0.00473,2.97
07/18/2019 02:07:00.000000,0.204051,7.80525,0.057975,17.271429,5.2
07/18/2019 02:08:00.000000,0.284014,8.21875,0.054875,20.557143,6.031429
07/18/2019 02:09:00.000000,0.29865,,,,
07/18/2019 02:10:00.000000,0.353536,8.37125,0.052125,0.039775,8.236842
07/18/2019 02:11:00.000000,0.350533,9.222,0.0506,14.938095,7.271429
07/18/2019 02:12:00.000000,0.373246,10.3205,0.048775,0.022656,10.638462
07/18/2019 02:13:00.000000,0.296626,11.20775,0.0468,0.022121,6.053846
07/18/2019 02:14:00.000000,0.269158,11.3925,0.05365,0.019753,3.904878
07/18/2019 02:15:00.000000,0.216872,11.3355,0.0563,30.628571,6.271429
07/18/2019 02:16:00.000000,0.243764,10.92175,0.054225,18.738462,6.192308
07/18/2019 02:17:00.000000,0.248865,10.3415,0.05505,15.769767,5.513953
07/18/2019 02:18:00.000000,0.219984,9.99525,0.055575,0.057759,22.578947
07/18/2019 02:19:00.000000,0.224068,9.353,0.054425,19.95,10.12
07/18/2019 02:20:00.000000,0.272672,8.50575,0.054,0.01599,6.2
07/18/2019 02:21:00.000000,0.280167,7.94075,0.054733,0.027898,5.613514
07/18/2019 02:22:00.000000,0.256001,8.4155,0.053725,15.345161,5.258065
07/18/2019 02:23:00.000000,0.254117,8.83725,0.0513,0.013642,4.595455
07/18/2019 02:24:00.000000,0.274414,9.32375,0.050325,0.017459,8.14878
07/18/2019 02:25:00.000000,0.323872,9.80325,0.05045,0.025901,6.936585
07/18/2019 02:26:00.000000,0.382322,10.01075,0.052225,0.021845,4.05
07/18/2019 02:27:00.000000,0.377578,9.82175,0.054625,16.038462,4.7
07/18/2019 02:28:00.000000,0.261582,9.549,0.056825,0.030893,4.295455
07/18/2019 02:29:00.000000,0.191321,9.38275,0.05695,0.016919,4.533333
07/18/2019 02:30:00.000000,0.190192,8.79375,0.05665,8.415,3.92
07/18/2019 02:31:00.000000,0.190043,8.064,0.0559,0.010545,3.970732
07/18/2019 02:32:00.000000,0.193509,7.43675,0.054725,9.214286,4.428571
07/18/2019 02:33:00.000000,0.197773,6.8715,0.05505,19.164102,5.261538
07/18/2019 02:34:00.000000,0.189056,6.46525,0.0557,0.012178,4.2
07/18/2019 02:35:00.000000,0.177356,6.501,0.0549,9.090244,4.17561
07/18/2019 02:36:00.000000,0.199433,6.73925,0.0543,0.011296,4.457143
07/18/2019 02:37:00.000000,0.206839,6.7365,0.0554,0.017097,4.075
07/18/2019 02:38:00.000000,0.190509,6.71875,0.056625,0.010103,4.32381
07/18/2019 02:39:00.000000,0.179244,6.725,0.056325,10.6,4.746667
07/18/2019 02:40:00.000000,0.183754,9.86375,0.054575,9.272727,3.936364
07/18/2019 02:41:00.000000,0.194018,11.89075,0.052275,10.917949,4.323077
07/18/2019 02:42:00.000000,0.210696,6.693,0.0532,8.153846,4.315385
07/18/2019 02:43:00.000000,0.202914,8.67925,0.054375,0.011347,4.3
07/18/2019 02:44:00.000000,0.193017,6.8585,0.05505,0.021879,3.873171
07/18/2019 02:45:00.000000,0.194092,6.8755,0.05545,0.025814,5.165854
07/18/2019 02:46:00.000000,0.196979,6.959,0.054075,0.014488,4.792105
07/18/2019 02:47:00.000000,0.203489,7.08875,0.0537,0.005664,4.017073
07/18/2019 02:48:00.000000,0.205732,7.27025,0.053225,13.62093,6.051163
07/18/2019 02:49:00.000000,0.219688,,,,
07/18/2019 02:50:00.000000,0.231743,8.09725,0.0499,0.025027,7.295
07/18/2019 02:51:00.000000,0.23481,8.6795,0.0496,0.0134,5.66
07/18/2019 02:52:00.000000,0.229088,8.97325,0.052475,0.010676,5.13
07/18/2019 02:53:00.000000,0.213633,9.069,0.054175,16.044186,4.497674
07/18/2019 02:54:00.000000,0.211858,9.1375,0.05345,0.039253,3.9
07/18/2019 02:55:00.000000,0.232575,9.097,0.054025,0.029233,4.228571
07/18/2019 02:56:00.000000,0.214262,8.94825,0.0549,0.017633,4.638462
07/18/2019 02:57:00.000000,0.196487,8.75025,0.053725,10.75122,4.617073
07/18/2019 02:58:00.000000,0.213968,8.26775,0.053775,0.016956,4.016667
07/18/2019 02:59:00.000000,0.213027,7.67375,0.054575,10.948837,6.653488
07/18/2019 03:00:00.000000,0.184949,7.38925,0.055125,22.771429,5.471429
07/18/2019 03:01:00.000000,0.176159,7.1886,0.055275,0.013214,4.86
07/18/2019 03:02:00.000000,0.176523,6.971667,0.0553,4.182927,3.604878
07/18/2019 03:03:00.000000,0.181822,6.91075,0.05425,31.509756,4.339024
07/18/2019 03:04:00.000000,0.199578,6.891,0.0535,15.95814,4.844186
07/18/2019 03:05:00.000000,0.206524,6.83025,0.0536,0.01643,6.0
07/18/2019 03:06:00.000000,0.204016,6.7685,0.0538,0.042561,3.971429
07/18/2019 03:07:00.000000,0.194326,6.95625,0.053275,0.017809,4.285714
07/18/2019 03:08:00.000000,0.191112,7.03375,0.0541,11.3125,4.995
07/18/2019 03:09:00.000000,0.187753,,,,
07/18/2019 03:10:00.000000,0.20027,7.9765,0.052375,11.35641,5.792308
07/18/2019 03:11:00.000000,0.19643,6.454,0.0546,8.223077,4.238462
07/18/2019 03:12:00.000000,0.180931,6.419,0.0553,8.65,4.835
07/18/2019 03:13:00.000000,0.174745,6.4885,0.054425,8.44878,4.231707
07/18/2019 03:14:00.000000,0.186861,6.5865,0.053575,0.028555,8.163415
07/18/2019 03:15:00.000000,0.185566,6.641,0.053775,0.018893,6.28
07/18/2019 03:16:00.000000,0.180596,6.742,0.053975,14.030769,7.046154
07/18/2019 03:17:00.000000,0.18508,6.93025,0.05325,10.971429,4.8
07/18/2019 03:18:00.000000,0.195808,7.12925,0.052425,0.036228,4.742857
07/18/2019 03:19:00.000000,0.196148,7.48625,0.0506,0.014401,4.05
07/18/2019 03:20:00.000000,0.218494,7.9505,0.049625,0.017058,4.94
07/18/2019 03:21:00.000000,0.239216,8.316,0.050075,8.707317,4.246341
07/18/2019 03:22:00.000000,0.230416,8.47875,0.05105,4.5,3.843902
07/18/2019 03:23:00.000000,0.22837,8.77925,0.0504,9.0625,6.01
07/18/2019 03:24:00.000000,0.234661,9.1285,0.0501,0.011714,6.4
07/18/2019 03:25:00.000000,0.220722,9.3055,0.0517,0.022794,5.04
07/18/2019 03:26:00.000000,0.206066,11.25875,0.04985,0.047603,5.56
07/18/2019 03:27:00.000000,0.346412,16.874,0.04485,16.842857,5.528571
07/18/2019 03:28:00.000000,0.548467,12.181,0.04555,0.009196,5.330769
07/18/2019 03:29:00.000000,0.378361,,,,
07/18/2019 03:30:00.000000,0.30064,12.63475,0.0459,0.005858,4.233333
07/18/2019 03:31:00.000000,0.275341,12.5835,0.04645,0.024926,4.853659
07/18/2019 03:32:00.000000,0.265581,12.54725,0.046925,31.385,4.2575
07/18/2019 03:33:00.000000,0.247548,12.497,0.046525,0.021612,5.465854
07/18/2019 03:34:00.000000,0.23777,12.4295,0.04705,5.962791,4.581395
07/18/2019 03:35:00.000000,0.255314,12.228,0.0479,0.008474,5.246154
07/18/2019 03:36:00.000000,0.259108,12.02975,0.0478,0.005139,4.048889
07/18/2019 03:37:00.000000,0.281391,11.76925,0.048025,0.017327,5.790244
07/18/2019 03:38:00.000000,0.254173,11.47875,0.04835,12.8,4.625
07/18/2019 03:39:00.000000,0.227773,11.10175,0.048975,7.781395,3.897674
07/18/2019 03:40:00.000000,0.222265,10.75675,0.048425,10.788095,5.0
07/18/2019 03:41:00.000000,0.225725,10.56275,0.047325,0.017422,5.114634
07/18/2019 03:42:00.000000,0.240815,10.3805,0.0474,0.015387,5.86
07/18/2019 03:43:00.000000,0.266876,10.26175,0.047625,0.015293,4.984615
07/18/2019 03:44:00.000000,0.255736,10.20475,0.047,0.018897,6.576923
07/18/2019 03:45:00.000000,0.228433,10.28975,0.046375,17.942857,4.816667
07/18/2019 03:46:00.000000,0.225161,10.4835,0.0453,16.292683,6.192683
07/18/2019 03:47:00.000000,0.252765,10.813,0.045625,0.013859,6.5
07/18/2019 03:48:00.000000,0.245891,11.11175,0.045425,3.855556,3.707407
07/18/2019 03:49:00.000000,0.229859,11.28425,0.04525,6.758537,4.795122
07/18/2019 03:50:00.000000,0.211715,11.49875,0.044575,0.005517,4.242105
07/18/2019 03:51:00.000000,0.214942,11.852,0.043125,18.342105,5.7
07/18/2019 03:52:00.000000,0.226391,12.29925,0.04195,0.019294,6.688372
07/18/2019 03:53:00.000000,0.239665,12.79,0.04085,0.014294,5.946341
07/18/2019 03:54:00.000000,0.253279,13.03025,0.0418,0.006021,4.355
07/18/2019 03:55:00.000000,0.231368,12.99125,0.04495,0.018968,6.337209
07/18/2019 03:56:00.000000,0.201991,12.71325,0.0467,0.014073,4.66
07/18/2019 03:57:00.000000,0.191189,12.4115,0.048,0.020694,4.214634
07/18/2019 03:58:00.000000,0.190552,12.0005,0.048525,0.01,5.135
07/18/2019 03:59:00.000000,0.212873,11.776,0.046125,0.004916,3.842857
07/18/2019 04:00:00.000000,0.207335,11.254,0.04555,0.016705,4.880488
07/18/2019 04:01:00.000000,0.20661,10.46925,0.0475,19.157143,5.442857
07/18/2019 04:02:00.000000,0.082114,9.78975,0.047875,12.0,5.25
07/18/2019 04:03:00.000000,0.023069,9.45575,0.04875,0.012326,5.456098
07/18/2019 04:04:00.000000,0.004491,9.1905,0.049325,0.005647,4.214286
07/18/2019 04:05:00.000000,0.008994,9.27025,0.0471,15.941463,3.829268
07/18/2019 04:06:00.000000,0.008244,9.51125,0.04595,7.418182,3.89697
07/18/2019 04:07:00.000000,0.003763,9.2105,0.0472,0.009651,3.476923
07/18/2019 04:08:00.000000,0.010992,9.075,0.0472,10.023256,5.576744
07/18/2019 04:09:00.000000,0.006279,9.238,0.0465,0.009651,4.673171
07/18/2019 04:10:00.000000,0.008806,9.32225,0.047075,14.342857,4.9
07/18/2019 04:11:00.000000,0.002549,9.581,0.04665,13.328571,6.497619
07/18/2019 04:12:00.000000,0.054052,8.96375,0.0456,0.011091,5.17
07/18/2019 04:13:00.000000,0.154819,11.37625,0.04375,0.014381,5.677273
07/18/2019 04:14:00.000000,0.193367,8.7455,0.04615,0.020457,4.7
07/18/2019 04:15:00.000000,0.178823,10.9405,0.045675,13.846512,5.532558
07/18/2019 04:16:00.000000,0.204183,11.85525,0.045625,0.005919,4.1325
07/18/2019 04:17:00.000000,0.194721,11.553,0.047475,0.009534,4.295
07/18/2019 04:18:00.000000,0.180797,11.282,0.04745,0.025702,5.409091
07/18/2019 04:19:00.000000,0.174866,11.09225,0.0465,0.010142,4.4
07/18/2019 04:20:00.000000,0.18992,11.0985,0.04515,15.407317,5.821951
07/18/2019 04:21:00.000000,0.196231,11.24075,0.044,0.023602,6.857895
07/18/2019 04:22:00.000000,0.194675,11.32,0.04165,13.585714,5.8
07/18/2019 04:23:00.000000,0.220211,11.3625,0.04215,30.787805,6.880488
07/18/2019 04:24:00.000000,0.225435,11.38825,0.045625,15.857143,4.871429
07/18/2019 04:25:00.000000,0.207193,11.48925,0.04585,9.675,4.33
07/18/2019 04:26:00.000000,0.18971,11.5725,0.044975,0.005911,4.214634
07/18/2019 04:27:00.000000,0.182838,11.525,0.044825,0.010615,5.228571
07/18/2019 04:28:00.000000,0.178301,11.40375,0.0444,9.323077,4.215385
07/18/2019 04:29:00.000000,0.17874,,,,
07/18/2019 04:30:00.000000,0.18659,10.93425,0.043625,8.8,4.107692
07/18/2019 04:31:00.000000,0.189202,10.76675,0.043375,6.727273,5.122727
07/18/2019 04:32:00.000000,0.187734,10.788,0.0447,0.014184,4.446341
07/18/2019 04:33:00.000000,0.180681,10.73575,0.045975,17.143902,4.3
07/18/2019 04:34:00.000000,0.168587,10.51475,0.046825,13.566667,5.228889
07/18/2019 04:35:00.000000,0.162751,10.36575,0.0462,0.016578,6.253659
07/18/2019 04:36:00.000000,0.162056,10.145,0.045825,18.082051,5.384615
07/18/2019 04:37:00.000000,0.161097,9.808,0.0462,0.020447,4.812903
07/18/2019 04:38:00.000000,0.166921,9.4005,0.047075,17.727273,6.157576
07/18/2019 04:39:00.000000,0.16446,8.895,0.0471,0.020206,4.440541
07/18/2019 04:40:00.000000,0.16509,8.583,0.047375,0.014124,6.242857
07/18/2019 04:41:00.000000,0.162153,8.21825,0.04805,0.019472,6.173171
07/18/2019 04:42:00.000000,0.15106,8.09125,0.047075,0.019661,7.2
07/18/2019 04:43:00.000000,0.147699,7.834,0.0471,12.480435,5.486957
07/18/2019 04:44:00.000000,0.148991,7.5505,0.047675,0.014533,5.718182
07/18/2019 04:45:00.000000,0.151249,7.3875,0.047225,0.011125,4.95
07/18/2019 04:46:00.000000,0.151404,7.152,0.047,0.015089,6.527273
07/18/2019 04:47:00.000000,0.153456,6.31675,0.0471,14.178049,5.556098
07/18/2019 04:48:00.000000,0.157865,5.39425,0.046525,5.895349,4.546512
07/18/2019 04:49:00.000000,0.20749,,,,
07/18/2019 04:50:00.000000,0.204398,3.6025,0.047875,0.022997,6.128571
07/18/2019 04:51:00.000000,0.1623,2.782,0.047275,14.433333,7.147619
07/18/2019 04:52:00.000000,0.159861,1.91825,0.047475,0.018222,4.632558
07/18/2019 04:53:00.000000,0.157865,1.0515,0.0482,0.008902,4.031818
07/18/2019 04:54:00.000000,0.15607,0.3325,0.04885,4.36,3.9175
07/18/2019 04:55:00.000000,0.166513,0.21375,0.0485,11.410526,4.307895
07/18/2019 04:56:00.000000,0.150001,0.1335,0.047575,5.202439,3.985366
07/18/2019 04:57:00.000000,0.154578,1.7435,0.04665,11.484615,7.369231
07/18/2019 04:58:00.000000,0.15931,4.7935,0.046575,0.011111,5.771429
07/18/2019 04:59:00.000000,0.175268,2.50475,0.047625,0.014714,5.148837
07/18/2019 05:00:00.000000,0.170827,1.868,0.047775,13.166667,4.433333
07/18/2019 05:01:00.000000,0.156321,1.795,0.0478,0.026286,5.166667
07/18/2019 05:02:00.000000,0.162286,1.897,0.04725,15.055,6.235
07/18/2019 05:03:00.000000,0.170013,1.9245,0.04675,8.589655,4.855172
07/18/2019 05:04:00.000000,0.164704,1.943333,0.046625,0.01286,4.281081
07/18/2019 05:05:00.000000,0.16239,2.0435,0.046075,5.192683,4.285366
07/18/2019 05:06:00.000000,0.167371,2.16375,0.045825,12.495122,5.921951
07/18/2019 05:07:00.000000,0.170234,2.23325,0.046075,15.3,5.775
07/18/2019 05:08:00.000000,0.169247,2.22375,0.0462,0.013258,6.131818
07/18/2019 05:09:00.000000,0.172107,2.232,0.045325,11.355814,5.948837
07/18/2019 05:10:00.000000,0.192252,2.29375,0.044875,9.563636,4.833333
07/18/2019 05:11:00.000000,0.181319,2.24425,0.04505,16.826316,5.136842
07/18/2019 05:12:00.000000,0.180544,2.09825,0.04435,0.014676,4.702439
07/18/2019 05:13:00.000000,0.199924,1.91425,0.0434,0.031628,5.375
07/18/2019 05:14:00.000000,0.223763,1.74075,0.042625,29.985366,5.314634
07/18/2019 05:15:00.000000,0.210069,1.52725,0.0441,0.011191,4.62
07/18/2019 05:16:00.000000,0.180454,1.63825,0.04495,0.011777,4.930233
07/18/2019 05:17:00.000000,0.175025,26.71125,0.045175,8.815385,5.169231
07/18/2019 05:18:00.000000,0.169445,62.63875,0.0455,11.118182,5.620455
07/18/2019 05:19:00.000000,0.161067,70.2985,0.046075,8.721053,4.639474
07/18/2019 05:20:00.000000,0.160678,70.389,0.0466,0.005805,4.314634
07/18/2019 05:21:00.000000,0.163202,70.215,0.0463,0.031398,4.895
07/18/2019 05:22:00.000000,0.167881,70.38625,0.046075,11.7625,5.085
07/18/2019 05:23:00.000000,0.180342,70.427,0.04545,0.016306,7.055
07/18/2019 05:24:00.000000,0.393359,70.4175,0.045075,10.161538,5.538462
07/18/2019 05:25:00.000000,0.356796,70.409,0.045225,0.011892,5.782857
07/18/2019 05:26:00.000000,0.196251,61.28425,0.044675,0.018104,6.055
07/18/2019 05:27:00.000000,0.169338,4.766,0.044425,14.727907,5.325581
07/18/2019 05:28:00.000000,0.166268,0.0,0.04405,0.016358,5.866667
07/18/2019 05:29:00.000000,0.168303,0.0,0.0447,0.013067,5.828571
07/18/2019 05:30:00.000000,0.172435,-9999.0,0.04525,0.014948,4.926471
07/18/2019 05:31:00.000000,0.175209,-9999.0,0.043825,0.006706,4.643902
07/18/2019 05:32:00.000000,0.17065,-9999.0,0.04325,16.488636,7.622727
07/18/2019 05:33:00.000000,0.169815,-9999.0,0.044125,10.317073,6.05122
07/18/2019 05:34:00.000000,0.169385,-9999.0,0.04415,0.014958,5.529268
07/18/2019 05:35:00.000000,0.172245,-9999.0,0.044025,9.809756,5.5
07/18/2019 05:36:00.000000,0.177758,-9999.0,0.043975,0.02086,4.369565
07/18/2019 05:37:00.000000,0.183357,0.861,0.043975,16.951282,5.046154
07/18/2019 05:38:00.000000,0.173999,1.81725,0.043925,0.017507,5.628571
07/18/2019 05:39:00.000000,0.167109,2.83075,0.044075,16.505,4.68
07/18/2019 05:40:00.000000,0.170711,3.87,0.0428,16.828571,6.0
07/18/2019 05:41:00.000000,0.16853,25.22575,0.02695,0.017933,6.895
07/18/2019 05:42:00.000000,0.200006,20.01975,0.0387,0.044274,5.463415
07/18/2019 05:43:00.000000,0.230691,11.3775,0.040275,15.795455,5.368182
07/18/2019 05:44:00.000000,0.20788,10.57475,0.0414,0.007376,5.315385
07/18/2019 05:45:00.000000,0.189059,9.8645,0.04165,9.530769,6.653846
07/18/2019 05:46:00.000000,0.181909,9.841,0.04175,0.018632,6.24
07/18/2019 05:47:00.000000,0.126256,9.7445,0.0423,24.851163,5.669767
07/18/2019 05:48:00.000000,0.352691,9.626,0.042825,0.022377,5.772727
07/18/2019 05:49:00.000000,0.763005,9.5435,0.042875,14.260465,6.144186
07/18/2019 05:50:00.000000,0.945993,9.531,0.04275,6.041026,5.1
07/18/2019 05:51:00.000000,1.002801,9.6955,0.04085,0.011642,5.328571
07/18/2019 05:52:00.000000,1.024575,9.8895,0.039725,8.223684,5.315789
07/18/2019 05:53:00.000000,1.02698,10.0575,0.04075,0.017933,6.561364
07/18/2019 05:54:00.000000,1.03215,10.16875,0.04105,0.017161,5.695
07/18/2019 05:55:00.000000,1.03053,10.325,0.040975,11.92619,5.757143
07/18/2019 05:56:00.000000,0.978954,10.53225,0.039925,0.023253,6.746512
07/18/2019 05:57:00.000000,0.484244,10.741,0.039225,0.015888,5.978378
07/18/2019 05:58:00.000000,0.054153,10.80675,0.039425,10.5,5.8
07/18/2019 05:59:00.000000,0.005049,10.69825,0.039225,11.345238,5.371429
07/18/2019 06:00:00.000000,0.003586,10.6285,0.039175,0.007626,5.47
07/18/2019 06:01:00.000000,0.002452,10.5675,0.03935,0.023765,8.56
07/18/2019 06:02:00.000000,0.000178,10.55125,0.039175,12.447619,5.664286
07/18/2019 06:03:00.000000,0.000204,10.51675,0.038875,0.028876,6.475
07/18/2019 06:04:00.000000,-9999.0,10.38225,0.0389,24.266667,7.884615
07/18/2019 06:05:00.000000,-9999.0,10.19725,0.039775,8.563415,6.05122
07/18/2019 06:06:00.000000,-9999.0,10.11125,0.04025,0.011455,7.321951
07/18/2019 06:07:00.000000,0.024919,9.8205,0.040975,28.153659,5.721951
07/18/2019 06:08:00.000000,0.116793,9.5085,0.04125,0.018841,5.4
07/18/2019 06:09:00.000000,0.152436,9.2615,0.040525,12.414634,5.570732
07/18/2019 06:10:00.000000,0.15902,9.064,0.039775,0.007928,5.169767
07/18/2019 06:11:00.000000,0.163339,8.88175,0.039975,12.884615,6.115385
07/18/2019 06:12:00.000000,0.162489,8.818,0.039925,16.51,6.555
07/18/2019 06:13:00.000000,0.165424,8.7595,0.039175,10.668293,6.856098
07/18/2019 06:14:00.000000,0.171929,8.6285,0.03945,14.465854,5.363415
07/18/2019 06:15:00.000000,0.175424,8.576,0.04005,0.028402,5.6
07/18/2019 06:16:00.000000,0.169686,8.52475,0.04125,0.012544,5.53
07/18/2019 06:17:00.000000,0.157868,8.22875,0.042425,0.022338,5.921053
07/18/2019 06:18:00.000000,0.151579,7.94275,0.042325,0.017608,6.768293
07/18/2019 06:19:00.000000,0.150702,7.7165,0.0421,22.25,8.515
07/18/2019 06:20:00.000000,0.158304,7.41875,0.0423,0.019046,7.77561
07/18/2019 06:21:00.000000,0.162462,7.19725,0.0426,14.52439,6.02439
07/18/2019 06:22:00.000000,0.160885,7.07225,0.04175,15.980488,7.109756
07/18/2019 06:23:00.000000,0.179061,7.06425,0.0404,9.064286,6.285714
07/18/2019 06:24:00.000000,0.175334,7.183,0.040175,0.011065,6.271429
07/18/2019 06:25:00.000000,0.174503,7.40225,0.0411,0.011565,6.05
07/18/2019 06:26:00.000000,0.174712,7.54725,0.041775,5.661538,5.153846
07/18/2019 06:27:00.000000,0.170303,7.638,0.04135,15.153846,9.907692
07/18/2019 06:28:00.000000,0.161486,7.71975,0.0407,0.014274,7.777273
07/18/2019 06:29:00.000000,0.161632,7.754,0.040975,14.135897,5.523077
07/18/2019 06:30:00.000000,0.161446,7.827,0.0402,16.280488,5.541463
07/18/2019 06:31:00.000000,0.16435,7.831,0.040125,15.002381,5.6
07/18/2019 06:32:00.000000,0.159559,7.6765,0.0411,0.023297,5.43
07/18/2019 06:33:00.000000,0.153715,7.60975,0.0406,0.018004,5.645455
07/18/2019 06:34:00.000000,0.160756,7.65775,0.0396,0.018504,8.023256
07/18/2019 06:35:00.000000,0.179274,7.8055,0.039175,13.12093,6.223256
07/18/2019 06:36:00.000000,0.180735,8.009,0.03935,14.209756,7.209756
07/18/2019 06:37:00.000000,0.172873,8.30575,0.03855,0.01103,6.463636
07/18/2019 06:38:00.000000,0.175482,8.611,0.0377,17.346154,6.553846
07/18/2019 06:39:00.000000,0.182253,8.79,0.03865,10.723077,5.584615
07/18/2019 06:40:00.000000,0.174937,9.0275,0.03895,0.013673,6.339024
07/18/2019 06:41:00.000000,0.177301,9.216,0.03895,0.021185,6.751351
07/18/2019 06:42:00.000000,0.190575,9.3445,0.038675,11.725,7.14
07/18/2019 06:43:00.000000,0.189621,9.44325,0.0388,11.128571,7.028571
07/18/2019 06:44:00.000000,0.17972,9.51425,0.03825,0.006308,4.820513
07/18/2019 06:45:00.000000,0.176463,9.53175,0.038225,23.357143,7.071429
07/18/2019 06:46:00.000000,0.184721,9.409,0.039325,21.207317,7.841463
07/18/2019 06:47:00.000000,0.175437,9.43625,0.046025,0.009311,5.309091
07/18/2019 06:48:00.000000,0.170775,9.41875,0.053975,5.244186,5.244186
07/18/2019 06:49:00.000000,0.171186,9.4305,0.056875,17.016667,6.842857
07/18/2019 06:50:00.000000,0.168075,9.31375,0.058075,9.978049,7.1
07/18/2019 06:51:00.000000,0.159203,9.178,0.058725,9.435,6.505
07/18/2019 06:52:00.000000,0.158768,9.03025,0.058225,0.015089,6.143902
07/18/2019 06:53:00.000000,0.164597,8.89175,0.05825,8.925,5.76
07/18/2019 06:54:00.000000,0.16853,8.819,0.05855,0.014112,6.465
07/18/2019 06:55:00.000000,0.173568,8.78425,0.058175,9.602326,6.686047
07/18/2019 06:56:00.000000,0.171756,8.664,0.044775,0.01856,8.254545
07/18/2019 06:57:00.000000,0.167653,8.564,-9999.0,0.028857,6.442857
07/18/2019 06:58:00.000000,0.164258,8.73525,5e-05,0.010815,5.592308
07/18/2019 06:59:00.000000,0.186953,8.85875,-9999.0,0.029372,6.246341
07/18/2019 07:00:00.000000,0.173272,8.85625,-9999.0,17.85,6.995
07/18/2019 07:01:00.000000,0.150849,8.833,-9999.0,21.257143,7.35
07/18/2019 07:02:00.000000,0.143294,8.8485,-9999.0,0.016222,6.9
07/18/2019 07:03:00.000000,0.144634,8.92575,-9999.0,11.5875,7.055
07/18/2019 07:04:00.000000,0.150676,13.7545,-9999.0,0.013295,6.58
07/18/2019 07:05:00.000000,0.158251,13.855,-9999.0,0.016056,6.33
07/18/2019 07:06:00.000000,0.158675,10.32475,-9999.0,0.040394,12.814286
07/18/2019 07:07:00.000000,0.156748,10.60925,-9999.0,57.244186,13.039535
07/18/2019 07:08:00.000000,0.153429,10.6735,-9999.0,50.735,16.64
07/18/2019 07:09:00.000000,0.15443,10.63875,-9999.0,22.183333,9.609524
07/18/2019 07:10:00.000000,0.157535,10.73075,-9999.0,36.380488,11.470732
07/18/2019 07:11:00.000000,0.161291,10.91825,-9999.0,0.017621,8.328571
07/18/2019 07:12:00.000000,0.170619,11.13525,-9999.0,23.0,7.790244
07/18/2019 07:13:00.000000,0.169004,11.443,-9999.0,16.431111,8.137778
07/18/2019 07:14:00.000000,0.171965,11.721,-9999.0,0.014781,8.285366
07/18/2019 07:15:00.000000,0.171099,11.9365,-9999.0,0.028909,7.869767
07/18/2019 07:16:00.000000,0.170487,12.055,-9999.0,17.812195,9.592683
07/18/2019 07:17:00.000000,0.166159,12.0775,0.041075,0.019746,9.305
07/18/2019 07:18:00.000000,0.163335,11.9135,0.037775,0.019839,6.866667
07/18/2019 07:19:00.000000,0.161266,11.748,0.03475,0.016025,7.663636
07/18/2019 07:20:00.000000,0.15938,11.46775,0.033175,11.828571,7.457143
07/18/2019 07:21:00.000000,0.159775,11.10425,0.03325,0.01334,7.788571
07/18/2019 07:22:00.000000,0.156303,10.715,0.033075,0.016128,6.15
07/18/2019 07:23:00.000000,0.161457,10.45825,0.032475,0.022348,7.67
07/18/2019 07:24:00.000000,0.162678,10.257,0.0324,0.018098,6.81
07/18/2019 07:25:00.000000,0.16688,10.11575,0.033325,0.013558,7.951111
07/18/2019 07:26:00.000000,0.170865,10.1025,0.0331,16.795349,7.081395
07/18/2019 07:27:00.000000,0.176865,9.99925,0.03244,0.015527,8.423077
07/18/2019 07:28:00.000000,0.181094,9.923,0.033333,16.560465,7.753488
07/18/2019 07:29:00.000000,0.180583,9.80925,0.033375,0.010345,6.6375
07/18/2019 07:30:00.000000,0.187113,9.666,0.0338,13.35,9.2125
07/18/2019 07:31:00.000000,0.192686,9.5005,0.03405,20.6,10.371429
07/18/2019 07:32:00.000000,0.210131,9.45475,0.033975,8.441463,7.085366
07/18/2019 07:33:00.000000,0.228905,9.411,0.03385,0.025312,7.097561
07/18/2019 07:34:00.000000,0.235396,9.32725,0.03385,0.017289,6.35
07/18/2019 07:35:00.000000,0.230832,9.3355,0.034325,18.965116,6.544186
07/18/2019 07:36:00.000000,0.231795,9.289,0.034875,0.011868,6.85
07/18/2019 07:37:00.000000,0.231464,10.9355,0.03225,13.7,7.325
07/18/2019 07:38:00.000000,0.218724,14.39675,0.0281,19.780488,7.570732
07/18/2019 07:39:00.000000,0.204226,12.54525,0.030725,0.010357,6.142857
07/18/2019 07:40:00.000000,0.195413,11.13025,0.032425,10.168293,7.165854
07/18/2019 07:41:00.000000,0.242156,10.147,0.034075,0.009296,6.802439
07/18/2019 07:42:00.000000,0.276873,10.046,0.03495,10.641463,6.956098
07/18/2019 07:43:00.000000,0.20777,9.935,0.0356,11.564286,6.4
07/18/2019 07:44:00.000000,0.177006,9.87075,0.0354,0.012236,6.866667
07/18/2019 07:45:00.000000,0.372374,9.81525,0.03505,0.012319,7.516279
07/18/2019 07:46:00.000000,1.17796,9.81375,0.034625,16.102564,7.261538
07/18/2019 07:47:00.000000,0.764866,9.77875,0.034975,0.010145,6.438462
07/18/2019 07:48:00.000000,0.416542,9.82925,0.0353,0.01706,9.6
07/18/2019 07:49:00.000000,0.291951,9.949,0.03415,0.023954,8.142857
07/18/2019 07:50:00.000000,0.240827,10.081,0.0341,0.018344,7.287805
07/18/2019 07:51:00.000000,0.202261,10.20925,0.03445,7.692308,6.607692
07/18/2019 07:52:00.000000,0.194025,10.34325,0.035275,0.012339,7.114634
07/18/2019 07:53:00.000000,0.191527,10.498,0.035325,0.008708,6.435
07/18/2019 07:54:00.000000,0.192012,10.4875,0.035725,0.012483,6.982927
07/18/2019 07:55:00.000000,0.184809,10.391,0.037275,22.2,6.585714
07/18/2019 07:56:00.000000,0.170548,10.2175,0.037025,12.1,6.5
07/18/2019 07:57:00.000000,0.172814,10.232,0.0357,0.018136,8.642857
07/18/2019 07:58:00.000000,0.181583,10.227,0.034825,0.017184,8.745
07/18/2019 07:59:00.000000,0.187218,10.1965,0.03485,0.015217,7.334146
07/18/2019 08:00:00.000000,0.181992,10.194,0.03505,14.186364,7.352273
07/18/2019 08:01:00.000000,0.180331,10.16625,0.03455,20.381081,6.994595
07/18/2019 08:02:00.000000,0.191964,10.203333,0.03475,11.955814,7.244186
07/18/2019 08:03:00.000000,0.196358,10.36125,0.0342,0.014016,7.3
07/18/2019 08:04:00.000000,0.189222,10.54525,0.0338,39.64,7.06
07/18/2019 08:05:00.000000,0.180471,10.6615,0.033725,28.904878,7.0
07/18/2019 08:06:00.000000,0.189274,10.72425,0.0338,8.994737,6.326316
07/18/2019 08:07:00.000000,0.187196,10.83825,0.033975,9.989474,7.294737
07/18/2019 08:08:00.000000,0.178797,10.91975,0.03405,0.01162,7.157143
07/18/2019 08:09:00.000000,0.173816,10.9165,0.035075,0.015528,8.3
07/18/2019 08:10:00.000000,0.170479,10.80925,0.0357,0.025474,6.916667
07/18/2019 08:11:00.000000,0.171197,10.6385,0.0362,0.021814,7.457143
07/18/2019 08:12:00.000000,0.168165,10.485,0.0361,11.502381,7.942857
07/18/2019 08:13:00.000000,0.163469,10.4535,0.03455,0.02229,8.860465
07/18/2019 08:14:00.000000,0.168889,10.42025,0.034575,0.02169,8.005714
07/18/2019 08:15:00.000000,0.173335,10.392,0.03465,11.542105,7.126316
07/18/2019 08:16:00.000000,0.168342,10.72225,0.03345,0.031739,8.986364
07/18/2019 08:17:00.000000,0.177958,14.96025,0.031425,12.810638,7.42766
07/18/2019 08:18:00.000000,0.175858,11.9735,0.031975,0.019643,6.843902
07/18/2019 08:19:00.000000,0.172402,11.6295,0.03285,0.013833,6.630769
07/18/2019 08:20:00.000000,0.173239,12.45675,0.031925,0.019311,8.64
07/18/2019 08:21:00.000000,0.184603,12.4195,0.0321,0.019452,6.666667
07/18/2019 08:22:00.000000,0.212289,12.3675,0.03185,12.07561,6.968293
07/18/2019 08:23:00.000000,0.227047,12.3385,0.0313,15.054545,9.0
07/18/2019 08:24:00.000000,0.201399,12.175,0.032275,0.025524,7.659091
07/18/2019 08:25:00.000000,0.187857,12.0005,0.032475,0.017883,7.570732
07/18/2019 08:26:00.000000,0.183873,11.84325,0.0321,0.009086,6.395349
07/18/2019 08:27:00.000000,0.198723,11.72575,0.03225,8.953488,6.286047
07/18/2019 08:28:00.000000,0.322013,11.74675,0.032075,0.016378,8.753846
07/18/2019 08:29:00.000000,0.317195,11.64725,0.033025,0.015261,7.057143
07/18/2019 08:30:00.000000,0.229207,11.5445,0.033425,23.985,9.25
07/18/2019 08:31:00.000000,0.195598,11.5535,0.03175,0.018891,8.157143
07/18/2019 08:32:00.000000,0.190421,11.70625,0.031075,15.130769,8.915385
07/18/2019 08:33:00.000000,0.206378,11.83575,0.031275,20.276316,8.144737
07/18/2019 08:34:00.000000,0.225181,12.096,0.0302,0.012168,7.49
07/18/2019 08:35:00.000000,0.242177,12.69775,0.0276,6.831707,6.736585
07/18/2019 08:36:00.000000,0.271049,13.10475,0.0273,20.038462,9.128205
07/18/2019 08:37:00.000000,0.282803,13.56425,0.02835,24.828571,9.083333
07/18/2019 08:38:00.000000,0.27726,13.89225,0.028875,0.01986,8.402439
07/18/2019 08:39:00.000000,0.241459,14.07575,0.02875,11.323077,7.115385
07/18/2019 08:40:00.000000,0.216663,14.10075,0.029925,7.76,7.068889
07/18/2019 08:41:00.000000,0.205427,14.13575,0.0305,13.651163,7.702326
07/18/2019 08:42:00.000000,0.196993,14.04175,0.0303,0.033204,9.45
07/18/2019 08:43:00.000000,0.20346,13.63525,0.02975,9.481818,7.672727
07/18/2019 08:44:00.000000,0.229716,13.35125,0.02905,0.01617,9.1325
07/18/2019 08:45:00.000000,0.260646,13.28075,0.028,14.9875,10.435
07/18/2019 08:46:00.000000,0.247866,13.40125,0.026775,0.013941,7.892308
07/18/2019 08:47:00.000000,0.227647,13.466,0.0281,26.31,8.335
07/18/2019 08:48:00.000000,0.214274,13.72425,0.028425,0.017344,7.47561
07/18/2019 08:49:00.000000,0.20908,14.1565,0.02735,0.019077,9.860976
07/18/2019 08:50:00.000000,0.242937,14.543,0.0269,0.014498,8.25122
07/18/2019 08:51:00.000000,0.250558,14.63125,0.02765,12.914286,8.157143
07/18/2019 08:52:00.000000,0.230435,14.563,0.0294,0.015199,8.029268
07/18/2019 08:53:00.000000,0.215486,14.29175,0.031075,11.5,8.685714
07/18/2019 08:54:00.000000,0.205536,13.9075,0.032125,12.804878,8.117073
07/18/2019 08:55:00.000000,0.202949,13.5945,0.032,0.009507,7.324444
07/18/2019 08:56:00.000000,0.202266,13.134,0.0324,0.00925,7.457143
07/18/2019 08:57:00.000000,0.204722,12.527,0.03205,7.060976,6.987805
07/18/2019 08:58:00.000000,0.210282,11.89425,0.033025,15.142857,7.242857
07/18/2019 08:59:00.000000,0.197074,11.33675,0.035425,0.015086,7.048837
07/18/2019 09:00:00.000000,0.18418,10.88325,0.0365,8.145,7.34
07/18/2019 09:01:00.000000,0.181117,10.789,0.035175,15.780952,8.685714
07/18/2019 09:02:00.000000,0.184859,10.678,0.033875,0.015147,7.437209
07/18/2019 09:03:00.000000,0.190779,10.696,0.033425,22.805263,7.807895
07/18/2019 09:04:00.000000,0.198868,10.86125,0.032375,11.876744,7.481395
07/18/2019 09:05:00.000000,0.197596,11.0475,0.032225,0.02034,9.866667
07/18/2019 09:06:00.000000,0.205301,13.135,0.030475,34.5125,10.025
07/18/2019 09:07:00.000000,0.210255,16.1445,0.028825,17.18,9.745
07/18/2019 09:08:00.000000,0.208727,13.4115,0.030425,13.36,8.595
07/18/2019 09:09:00.000000,0.208048,13.11725,0.0308,13.468421,7.894737
07/18/2019 09:10:00.000000,0.210143,13.0505,0.031675,10.583721,7.972093
07/18/2019 09:11:00.000000,0.211603,13.047,0.031275,0.025358,7.509091
07/18/2019 09:12:00.000000,0.210419,13.1725,0.030225,0.010853,7.484615
07/18/2019 09:13:00.000000,0.206913,13.06075,0.031075,15.142857,7.842857
07/18/2019 09:14:00.000000,0.192622,12.875,0.032025,7.778049,6.534146
07/18/2019 09:15:00.000000,0.184252,12.70625,0.0324,10.242857,7.757143
07/18/2019 09:16:00.000000,0.18131,12.5235,0.0328,12.254839,8.967742
07/18/2019 09:17:00.000000,0.179379,12.39975,0.03155,12.036585,6.95122
07/18/2019 09:18:00.000000,0.195367,11.92875,0.02945,0.035813,7.192308
07/18/2019 09:19:00.000000,0.229039,16.29775,0.0256,0.019405,8.409756
07/18/2019 09:20:00.000000,0.260911,15.08625,0.026975,0.015675,8.171429
07/18/2019 09:21:00.000000,0.242424,12.77225,0.029575,0.015942,6.844186
07/18/2019 09:22:00.000000,0.222068,12.33225,0.031075,25.565,7.45
07/18/2019 09:23:00.000000,0.209618,11.92475,0.03225,9.648276,7.6
07/18/2019 09:24:00.000000,0.20994,11.811,0.0325,0.01081,7.075
07/18/2019 09:25:00.000000,0.195163,11.89325,0.031875,14.231707,7.853659
07/18/2019 09:26:00.000000,0.175432,12.11425,0.03015,0.034827,7.915
07/18/2019 09:27:00.000000,0.180003,12.12525,0.030725,12.414286,7.385714
07/18/2019 09:28:00.000000,0.171983,12.087,0.031725,0.012349,7.3
07/18/2019 09:29:00.000000,0.169787,12.8765,0.030925,0.013639,7.641463
07/18/2019 09:30:00.000000,0.16687,16.84325,0.028325,15.965854,8.382927
07/18/2019 09:31:00.000000,0.166987,12.442,0.029575,18.16,8.33
07/18/2019 09:32:00.000000,0.166451,11.62325,0.03175,0.017036,7.426471
07/18/2019 09:33:00.000000,0.161463,11.5205,0.031675,0.017387,6.642105
07/18/2019 09:34:00.000000,0.165143,11.43025,0.033025,10.6125,5.905
07/18/2019 09:35:00.000000,0.160659,11.126,0.035675,0.013082,6.675
07/18/2019 09:36:00.000000,0.152391,10.81925,0.035925,11.186486,7.151351
07/18/2019 09:37:00.000000,0.154368,10.62925,0.03415,0.015477,7.285714
07/18/2019 09:38:00.000000,0.161355,10.51825,0.032175,6.986364,6.290909
07/18/2019 09:39:00.000000,0.160238,10.392,0.031675,0.008126,6.525
07/18/2019 09:40:00.000000,0.163186,10.25775,0.032525,0.013629,7.694737
07/18/2019 09:41:00.000000,0.158997,10.059,0.033275,10.35,6.795
07/18/2019 09:42:00.000000,0.164286,10.0675,0.033275,0.013433,7.953846
07/18/2019 09:43:00.000000,0.173014,10.19575,0.03345,0.022798,7.15
07/18/2019 09:44:00.000000,0.162903,10.2695,0.033625,0.027196,7.779412
07/18/2019 09:45:00.000000,0.160919,10.33075,0.033167,27.84878,6.946341
07/18/2019 09:46:00.000000,0.160415,10.2865,0.033075,12.046154,6.717949
07/18/2019 09:47:00.000000,0.163089,10.1715,0.03365,0.007403,5.866667
07/18/2019 09:48:00.000000,0.163087,10.1195,0.034075,0.012287,6.490244
07/18/2019 09:49:00.000000,0.156003,10.065,0.033925,8.784211,6.684211
07/18/2019 09:50:00.000000,0.151115,9.864,0.034375,0.01144,7.390909
07/18/2019 09:51:00.000000,0.147654,9.73325,0.03538,0.024811,8.014286
07/18/2019 09:52:00.000000,0.142144,9.99025,0.033767,8.443902,6.870732
07/18/2019 09:53:00.000000,0.152871,11.85625,0.030225,0.030108,7.382927
07/18/2019 09:54:00.000000,0.159443,22.7965,0.0253,18.069767,8.102326
07/18/2019 09:55:00.000000,0.172497,28.24325,0.0172,13.960465,8.45814
07/18/2019 09:56:00.000000,0.193125,28.984,0.0123,23.509756,8.414634
07/18/2019 09:57:00.000000,0.202431,30.12325,0.009025,0.019585,9.171429
07/18/2019 09:58:00.000000,0.210756,30.59275,0.007875,20.362162,8.62973
07/18/2019 09:59:00.000000,0.218986,30.836,0.008025,0.010147,7.204545
07/18/2019 10:00:00.000000,0.228267,31.00625,0.007575,0.037473,7.439024
07/18/2019 10:01:00.000000,0.242384,30.90825,0.0096,0.022057,8.853846
07/18/2019 10:02:00.000000,0.060931,30.69475,0.012,14.195122,7.607317
07/18/2019 10:03:00.000000,0.012162,30.73675,0.011167,15.67,9.1975
07/18/2019 10:04:00.000000,0.000105,31.2105,0.00815,0.039144,10.018605
07/18/2019 10:05:00.000000,-9999.0,31.445,0.00695,0.035581,13.738462
07/18/2019 10:06:00.000000,-9999.0,31.68475,0.007025,0.039968,10.814634
07/18/2019 10:07:00.000000,-9999.0,31.942,0.0073,0.028403,9.073333
07/18/2019 10:08:00.000000,-9999.0,32.2275,0.008,19.957143,10.816667
07/18/2019 10:09:00.000000,-9999.0,32.881,0.00795,,
07/18/2019 10:10:00.000000,-9999.0,33.52425,0.007775,0.027142,10.914286
07/18/2019 10:11:00.000000,-9999.0,33.7385,0.008,0.032994,11.614286
07/18/2019 10:12:00.000000,0.061008,33.35825,0.01,19.17561,10.846341
07/18/2019 10:13:00.000000,0.17335,32.71075,0.012375,21.663415,10.217073
07/18/2019 10:14:00.000000,0.228741,32.02225,0.01345,0.02752,9.084615
07/18/2019 10:15:00.000000,0.229251,31.1855,0.0139,27.376744,8.555814
07/18/2019 10:16:00.000000,0.228113,30.475,0.013625,0.028596,9.1
07/18/2019 10:17:00.000000,0.230556,29.81675,0.0128,0.033013,13.674419
07/18/2019 10:18:00.000000,0.232625,29.21125,0.01265,0.033937,9.395122
07/18/2019 10:19:00.000000,0.236001,28.5025,0.0137,33.169231,9.461538
07/18/2019 10:20:00.000000,0.233798,27.9665,0.015875,19.517073,11.009756
07/18/2019 10:21:00.000000,0.225134,27.6885,0.016225,20.647368,9.531579
07/18/2019 10:22:00.000000,0.217693,27.6085,0.015575,24.542857,10.2
07/18/2019 10:23:00.000000,0.22758,27.788,0.01455,22.957143,9.15
07/18/2019 10:24:00.000000,0.23701,27.67175,0.014575,0.024845,10.014286
07/18/2019 10:25:00.000000,0.239458,26.97475,0.01685,0.019429,9.204878
07/18/2019 10:26:00.000000,0.220083,26.31425,0.0184,20.121951,9.512195
07/18/2019 10:27:00.000000,0.242411,25.98825,0.018375,23.828571,10.457143
07/18/2019 10:28:00.000000,0.347037,25.89825,0.0169,19.573171,11.512195
07/18/2019 10:29:00.000000,0.382342,25.51575,0.01635,15.736842,9.415789
07/18/2019 10:30:00.000000,0.283476,24.473,0.019725,0.017172,7.795
07/18/2019 10:31:00.000000,0.232813,23.041,0.022425,11.907317,8.026829
07/18/2019 10:32:00.000000,0.220646,22.02775,0.0221,27.221951,8.782927
07/18/2019 10:33:00.000000,0.211363,21.08475,0.024,19.518605,8.574419
07/18/2019 10:34:00.000000,0.23486,20.26075,0.025375,13.812195,8.926829
07/18/2019 10:35:00.000000,0.282346,19.156,0.025075,11.025,9.085
07/18/2019 10:36:00.000000,0.270105,21.57675,0.02465,0.016146,10.039024
07/18/2019 10:37:00.000000,0.308017,21.30875,0.02175,0.011202,8.555556
07/18/2019 10:38:00.000000,0.311849,22.989,0.0179,0.023913,10.514286
07/18/2019 10:39:00.000000,0.279484,21.07725,0.01635,17.913953,10.555814
07/18/2019 10:40:00.000000,0.245088,21.32425,0.018125,17.886047,9.244186
07/18/2019 10:41:00.000000,0.326627,20.74225,0.021025,23.535135,9.586486
07/18/2019 10:42:00.000000,0.317111,19.62925,0.0257,18.875,8.085
07/18/2019 10:43:00.000000,0.212062,18.42575,0.02895,0.023056,8.223077
07/18/2019 10:44:00.000000,0.185116,17.146,0.029725,17.85,8.385
07/18/2019 10:45:00.000000,0.168924,15.91975,0.02975,16.684615,10.205128
07/18/2019 10:46:00.000000,0.160962,14.668,0.030225,20.426829,10.002439
07/18/2019 10:47:00.000000,0.189128,13.8255,0.028175,25.841463,8.363415
07/18/2019 10:48:00.000000,0.217081,13.911,0.025825,26.33,8.27
07/18/2019 10:49:00.000000,0.225723,,,,
07/18/2019 10:50:00.000000,0.206442,14.37125,0.02675,0.025338,7.961538
07/18/2019 10:51:00.000000,0.18259,14.221667,0.03015,0.019532,8.325
07/18/2019 10:52:00.000000,0.165403,13.9585,0.03355,0.017398,8.070588
07/18/2019 10:53:00.000000,0.151811,13.865,0.0332,0.02185,7.34
07/18/2019 10:54:00.000000,0.152131,14.00725,0.031175,20.71,8.19
07/18/2019 10:55:00.000000,0.160383,13.6245,0.0315,21.1,6.809302
07/18/2019 10:56:00.000000,0.160532,12.48075,0.03155,14.990698,7.704651
07/18/2019 10:57:00.000000,0.156484,11.518,0.031425,7.625,6.71
07/18/2019 10:58:00.000000,0.16956,11.46875,0.029925,12.96,7.52
07/18/2019 10:59:00.000000,0.214679,11.8985,0.029475,7.404762,6.671429
07/18/2019 11:00:00.000000,0.2522,12.403,0.0301,0.014977,8.527027
07/18/2019 11:01:00.000000,0.267185,12.6685,0.0302,11.709302,8.748837
07/18/2019 11:02:00.000000,0.231873,12.85575,0.029325,0.023265,10.081818
07/18/2019 11:03:00.000000,0.212765,13.0825,0.030075,0.017931,8.405882
07/18/2019 11:04:00.000000,0.203009,13.17675,0.03175,13.315789,8.168421
07/18/2019 11:05:00.000000,0.191601,12.74075,0.0346,0.016475,7.287805
07/18/2019 11:06:00.000000,0.17724,11.96425,0.036275,0.015777,7.353846
07/18/2019 11:07:00.000000,0.173513,11.37025,0.036175,0.024763,8.514286
07/18/2019 11:08:00.000000,0.191546,11.0005,0.034825,0.017066,7.422727
07/18/2019 11:09:00.000000,0.192906,10.86275,0.0326,0.015572,7.113953
07/18/2019 11:10:00.000000,0.175984,10.5025,0.03355,25.176744,8.562791
07/18/2019 11:11:00.000000,0.17056,10.153,0.034675,16.312195,8.009756
07/18/2019 11:12:00.000000,0.21261,10.1255,0.034275,9.619512,7.217073
07/18/2019 11:13:00.000000,0.22188,10.38275,0.0352,15.183784,7.183784
07/18/2019 11:14:00.000000,0.189842,10.414,0.03695,0.017277,9.24878
07/18/2019 11:15:00.000000,0.166493,10.17375,0.037875,12.514286,7.714286
07/18/2019 11:16:00.000000,0.159214,9.8485,0.039225,9.496667,6.82
07/18/2019 11:17:00.000000,0.151878,9.126,0.03955,18.846667,6.8
07/18/2019 11:18:00.000000,0.150126,11.617,0.0377,0.029089,12.090698
07/18/2019 11:19:00.000000,0.192099,17.53475,0.033025,20.327586,12.527586
07/18/2019 11:20:00.000000,0.228434,14.00675,0.032833,26.493182,20.963636
07/18/2019 11:21:00.000000,0.227061,12.02575,0.034125,0.016476,12.42093
07/18/2019 11:22:00.000000,0.268989,11.65575,0.034075,0.010056,8.090698
07/18/2019 11:23:00.000000,0.30151,11.804,0.033,0.017184,7.017073
07/18/2019 11:24:00.000000,0.243973,11.775,0.0343,0.022053,7.491111
07/18/2019 11:25:00.000000,0.179633,11.36175,0.0375,15.8,8.183333
07/18/2019 11:26:00.000000,0.147573,11.1395,0.038525,11.8,7.1
07/18/2019 11:27:00.000000,0.132013,10.822,0.0381,0.014841,6.985714
07/18/2019 11:28:00.000000,0.137908,10.36775,0.0387,12.013953,7.083721
07/18/2019 11:29:00.000000,0.142291,,,,
07/18/2019 11:30:00.000000,0.158124,9.68675,0.03765,0.010038,7.328571
07/18/2019 11:31:00.000000,0.170166,9.6415,0.034975,0.013062,8.586957
07/18/2019 11:32:00.000000,0.184528,9.65,0.033425,0.008238,6.657143
07/18/2019 11:33:00.000000,0.180114,9.78675,0.036,0.016939,8.669231
07/18/2019 11:34:00.000000,0.16662,9.508,0.03795,0.015057,7.814286
07/18/2019 11:35:00.000000,0.157913,9.11975,0.04035,8.774359,7.007692
07/18/2019 11:36:00.000000,0.166532,8.33825,0.04065,0.008547,6.812195
07/18/2019 11:37:00.000000,0.189852,14.81825,0.0348,0.029549,10.353846
07/18/2019 11:38:00.000000,0.235056,11.54175,0.03345,18.87,9.13
07/18/2019 11:39:00.000000,0.201635,9.1395,0.0328,12.736364,8.8
07/18/2019 11:40:00.000000,0.205429,25.1855,0.024025,0.02093,8.545652
07/18/2019 11:41:00.000000,0.207992,22.77825,0.023325,17.4,7.817073
07/18/2019 11:42:00.000000,0.202868,17.573,0.02625,28.994872,7.869231
07/18/2019 11:43:00.000000,0.216227,18.18325,0.0271,22.439535,8.416279
07/18/2019 11:44:00.000000,0.277912,19.432,0.026775,0.033621,10.32
07/18/2019 11:45:00.000000,0.288966,19.12475,0.028925,0.022997,8.018605
07/18/2019 11:46:00.000000,0.286423,18.9305,0.028325,0.012805,7.942857
07/18/2019 11:47:00.000000,0.312319,18.59725,0.028075,12.205263,8.173684
07/18/2019 11:48:00.000000,0.285795,17.949667,0.03005,0.02708,9.490698
07/18/2019 11:49:00.000000,0.233857,,,,
07/18/2019 11:50:00.000000,0.20829,15.536,0.035075,0.00901,6.869231
07/18/2019 11:51:00.000000,0.187307,14.20425,0.0354,0.01155,7.130233
07/18/2019 11:52:00.000000,0.190539,13.685,0.031575,0.021691,8.22439
07/18/2019 11:53:00.000000,0.232989,13.241,0.03135,0.017834,6.942857
07/18/2019 11:54:00.000000,0.327366,12.55625,0.033925,0.021927,8.54186
07/18/2019 11:55:00.000000,0.310023,11.7425,0.034975,10.07561,7.534146
07/18/2019 11:56:00.000000,0.247718,11.26625,0.0348,16.960465,8.074419
07/18/2019 11:57:00.000000,0.21612,11.091,0.0354,8.404651,7.027907
07/18/2019 11:58:00.000000,0.210038,11.3255,0.0347,0.011121,7.660465
07/18/2019 11:59:00.000000,0.211869,11.78475,0.032975,0.03108,7.383333
07/18/2019 12:00:00.000000,0.23771,11.38925,0.033075,0.014335,6.623333
07/18/2019 12:01:00.000000,0.21787,11.0745,0.03355,0.013027,7.760976
07/18/2019 12:02:00.000000,0.217186,10.982,0.0333,18.805,7.5875
07/18/2019 12:03:00.000000,0.244922,11.29975,0.0316,0.03901,8.095
07/18/2019 12:04:00.000000,0.255067,11.60625,0.031875,0.025107,8.2
07/18/2019 12:05:00.000000,0.229936,17.24775,0.030375,0.021802,8.2
07/18/2019 12:06:00.000000,0.235859,13.1865,0.030925,15.004651,7.425581
07/18/2019 12:07:00.000000,0.228049,10.32525,0.032725,0.034808,7.728571
07/18/2019 12:08:00.000000,0.195414,10.31575,0.03375,17.828571,7.628571
07/18/2019 12:09:00.000000,0.184001,9.74325,0.034875,0.011833,7.685
07/18/2019 12:10:00.000000,0.183138,10.69775,0.035025,16.114286,8.642857
07/18/2019 12:11:00.000000,0.223712,10.40475,0.03475,0.008692,6.4375
07/18/2019 12:12:00.000000,0.268192,9.409,0.03255,0.027816,8.373684
07/18/2019 12:13:00.000000,0.222376,13.388,0.03005,12.555814,9.051163
07/18/2019 12:14:00.000000,0.200853,12.44275,0.031925,0.008805,7.145
07/18/2019 12:15:00.000000,0.190403,10.52925,0.034075,10.752273,7.640909
07/18/2019 12:16:00.000000,0.186656,11.15425,0.0331,0.008774,6.873684
07/18/2019 12:17:00.000000,0.195635,11.331,0.031775,0.015983,9.153846
07/18/2019 12:18:00.000000,0.20664,11.703,0.031025,0.016797,9.841935
07/18/2019 12:19:00.000000,0.208835,12.04025,0.0309,0.056002,7.605
07/18/2019 12:20:00.000000,0.206347,12.259,0.031925,0.022069,8.821951
07/18/2019 12:21:00.000000,0.200406,12.46625,0.032475,0.014356,7.52439
07/18/2019 12:22:00.000000,0.18318,13.10975,0.02995,7.737143,7.034286
07/18/2019 12:23:00.000000,0.182473,14.20675,0.02635,19.037037,8.155556
07/18/2019 12:24:00.000000,0.194719,15.23275,0.02535,12.438462,8.623077
07/18/2019 12:25:00.000000,0.204449,16.355,0.023825,31.451282,7.515385
07/18/2019 12:26:00.000000,0.211295,17.09525,0.02435,17.706977,7.213953
07/18/2019 12:27:00.000000,0.193476,21.1185,0.022675,0.013666,8.060465
07/18/2019 12:28:00.000000,0.20282,28.3615,0.018925,0.019704,9.645
07/18/2019 12:29:00.000000,0.224927,26.214,0.018175,0.018138,9.313953
07/18/2019 12:30:00.000000,0.234202,24.352,0.0194,0.028264,8.253488
07/18/2019 12:31:00.000000,0.241556,25.033,0.019575,0.016612,8.354348
07/18/2019 12:32:00.000000,0.237404,25.2345,0.018525,0.016488,7.266667
07/18/2019 12:33:00.000000,0.237934,25.53225,0.018225,18.414286,8.353571
07/18/2019 12:34:00.000000,0.228306,26.10375,0.0162,0.017117,7.717073
07/18/2019 12:35:00.000000,0.235313,26.6,0.015875,0.016374,8.104545
07/18/2019 12:36:00.000000,0.23649,26.8385,0.017475,10.86,7.017778
07/18/2019 12:37:00.000000,0.230697,27.40025,0.016325,20.875758,10.872727
07/18/2019 12:38:00.000000,0.250933,27.726,0.01665,0.026153,7.2375
07/18/2019 12:39:00.000000,0.270551,27.851,0.01825,0.023417,9.442857
07/18/2019 12:40:00.000000,0.24201,27.7325,0.018525,0.008973,6.716279
07/18/2019 12:41:00.000000,0.233981,27.42525,0.019825,14.275,7.22
07/18/2019 12:42:00.000000,0.234757,26.79625,0.020825,0.020729,8.709091
07/18/2019 12:43:00.000000,0.231581,26.29675,0.01995,12.092308,8.069231
07/18/2019 12:44:00.000000,0.262754,26.053,0.01945,0.009367,7.3
07/18/2019 12:45:00.000000,0.370774,25.1135,0.02165,0.02474,6.681818
07/18/2019 12:46:00.000000,0.318453,24.238,0.0236,8.145455,6.179545
07/18/2019 12:47:00.000000,0.260511,23.6655,0.023475,26.35,6.933333
07/18/2019 12:48:00.000000,0.275068,23.08425,0.0233,25.502326,7.630233
07/18/2019 12:49:00.000000,0.284853,,,,
07/18/2019 12:50:00.000000,0.246684,21.7295,0.0258,0.042049,7.2
07/18/2019 12:51:00.000000,0.229608,21.03675,0.0261,0.021242,7.695
07/18/2019 12:52:00.000000,0.228511,20.04875,0.027575,0.026087,6.428571
07/18/2019 12:53:00.000000,0.219661,19.37325,0.028925,12.414286,7.4
07/18/2019 12:54:00.000000,0.212265,18.69575,0.029625,0.008188,6.404878
07/18/2019 12:55:00.000000,0.205465,17.88775,0.029525,15.923256,10.15814
07/18/2019 12:56:00.000000,0.208624,17.192,0.029925,14.170732,8.665854
07/18/2019 12:57:00.000000,0.20805,16.66625,0.029725,0.013496,7.27561
07/18/2019 12:58:00.000000,0.223157,16.35825,0.028975,0.013527,7.861538
07/18/2019 12:59:00.000000,0.229781,16.11225,0.02875,10.021951,7.146341
07/18/2019 13:00:00.000000,0.22082,17.23375,0.027725,11.125,7.425
07/18/2019 13:01:00.000000,0.228192,23.58275,0.023633,14.214286,6.214286
07/18/2019 13:02:00.000000,0.370842,21.50475,0.022075,23.82093,6.344186
07/18/2019 13:03:00.000000,0.38563,18.76275,0.023925,8.865116,6.227907
07/18/2019 13:04:00.000000,0.274424,15.201,0.02715,0.025302,6.284091
07/18/2019 13:05:00.000000,0.241674,15.7105,0.028425,18.339535,6.730233
07/18/2019 13:06:00.000000,0.238636,16.4335,0.02514,0.045465,8.918519
07/18/2019 13:07:00.000000,0.279538,17.60675,0.0209,0.041801,7.5
07/18/2019 13:08:00.000000,0.299349,18.4565,0.021825,0.020662,7.370732
07/18/2019 13:09:00.000000,0.27813,19.017,0.024075,16.914286,9.388571
07/18/2019 13:10:00.000000,0.286525,19.64,0.02475,0.025279,9.292308
07/18/2019 13:11:00.000000,0.283311,20.38875,0.02445,18.542105,8.021053
07/18/2019 13:12:00.000000,0.269582,20.9675,0.02328,0.043074,11.294118
07/18/2019 13:13:00.000000,0.275681,22.6555,0.022033,0.027018,8.684848
07/18/2019 13:14:00.000000,0.276466,22.935,0.02285,27.130233,9.102326
07/18/2019 13:15:00.000000,0.291913,22.87675,0.02225,27.025641,11.353846
07/18/2019 13:16:00.000000,0.296602,22.906,0.0219,28.145455,9.75
07/18/2019 13:17:00.000000,0.288138,22.45525,0.02355,0.032898,10.063415
07/18/2019 13:18:00.000000,0.285087,22.3025,0.024,14.614286,9.171429
07/18/2019 13:19:00.000000,0.291252,22.10825,0.02405,27.012195,9.263415
07/18/2019 13:20:00.000000,0.31145,22.072,0.024175,0.047515,9.816279
07/18/2019 13:21:00.000000,0.355098,22.325,0.021625,0.029109,9.64186
07/18/2019 13:22:00.000000,0.356261,22.4765,0.020675,0.153746,65.190698
07/18/2019 13:23:00.000000,0.349156,22.417,0.0217,39.85,16.9375
07/18/2019 13:24:00.000000,0.362849,22.088,0.02485,0.048737,7.817073
07/18/2019 13:25:00.000000,0.319932,21.87525,0.026925,37.342857,8.3
07/18/2019 13:26:00.000000,0.293081,21.462,0.02675,0.039172,7.553846
07/18/2019 13:27:00.000000,0.282758,21.01575,0.027575,0.02588,10.473171
07/18/2019 13:28:00.000000,0.282859,20.9325,0.025675,0.038385,10.2125
07/18/2019 13:29:00.000000,0.303853,20.56575,0.0235,0.023664,7.006667
07/18/2019 13:30:00.000000,0.313214,20.24925,0.025075,34.732432,10.694595
07/18/2019 13:31:00.000000,0.30745,20.38875,0.024,32.089189,10.118919
07/18/2019 13:32:00.000000,0.33265,24.45025,0.0216,30.036585,11.095122
07/18/2019 13:33:00.000000,0.363816,26.0515,0.019825,0.040196,8.0
07/18/2019 13:34:00.000000,0.405874,28.40375,0.020175,0.045983,9.670455
07/18/2019 13:35:00.000000,0.41759,25.5245,0.021375,0.023509,8.642857
07/18/2019 13:36:00.000000,0.428839,23.0435,0.022625,0.026377,10.107317
07/18/2019 13:37:00.000000,0.42686,24.69275,0.0224,37.002326,10.227907
07/18/2019 13:38:00.000000,0.404957,26.4705,0.0199,31.163158,7.926316
07/18/2019 13:39:00.000000,0.451478,28.17575,0.017875,0.049961,13.815789
07/18/2019 13:40:00.000000,0.45874,26.6935,0.017975,34.414286,10.583333
07/18/2019 13:41:00.000000,0.387263,22.49475,0.0209,16.914286,9.528571
07/18/2019 13:42:00.000000,0.335167,22.1375,0.02365,0.042912,9.327907
07/18/2019 13:43:00.000000,0.339602,22.171,0.0234,0.047546,8.978049
07/18/2019 13:44:00.000000,0.347323,22.34275,0.022275,34.9,7.54
07/18/2019 13:45:00.000000,0.34353,22.618,0.0217,0.044323,11.157143
07/18/2019 13:46:00.000000,0.365199,22.56625,0.023325,0.031904,7.635
07/18/2019 13:47:00.000000,0.33666,23.53775,0.02435,41.538461,7.661538
07/18/2019 13:48:00.000000,0.337098,26.44475,0.0214,33.2,9.176744
07/18/2019 13:49:00.000000,0.393346,27.96625,0.020325,41.007317,11.960976
07/18/2019 13:50:00.000000,0.430001,29.16325,0.018975,0.03857,8.269767
07/18/2019 13:51:00.000000,0.440323,29.301,0.01745,33.531428,9.991429
07/18/2019 13:52:00.000000,0.440994,29.55475,0.016925,0.040997,9.134286
07/18/2019 13:53:00.000000,0.473573,30.44275,0.016875,0.029589,11.5
07/18/2019 13:54:00.000000,0.526531,30.63,0.01705,36.237209,10.953488
07/18/2019 13:55:00.000000,0.518938,30.293,0.0179,49.463415,10.885366
07/18/2019 13:56:00.000000,0.503237,27.40575,0.0186,0.051844,10.561538
07/18/2019 13:57:00.000000,0.471271,26.4895,0.021,0.032882,10.5
07/18/2019 13:58:00.000000,0.440005,26.092,0.02305,0.04931,10.078947
07/18/2019 13:59:00.000000,0.3967,25.955,0.022675,0.045558,9.225581
07/18/2019 14:00:00.000000,0.414129,25.7835,0.02265,0.056151,9.782927
07/18/2019 14:01:00.000000,0.430679,25.6795,0.022125,0.047047,11.335556
07/18/2019 14:02:00.000000,0.519131,25.5895,0.0207,42.705263,9.915789
07/18/2019 14:03:00.000000,0.632425,25.379,0.021875,0.049193,8.835
07/18/2019 14:04:00.000000,0.474905,25.2755,0.02305,0.055945,10.334884
07/18/2019 14:05:00.000000,0.388756,25.59075,0.0223,0.067764,11.374419
07/18/2019 14:06:00.000000,0.381506,25.911667,0.0219,0.030908,9.357143
07/18/2019 14:07:00.000000,0.429507,28.52325,0.02125,41.438462,11.369231
07/18/2019 14:08:00.000000,0.437888,23.98025,0.023375,28.695,8.74
07/18/2019 14:09:00.000000,0.397952,20.59775,0.027325,25.713953,7.865116
07/18/2019 14:10:00.000000,0.346664,20.3885,0.028525,0.052866,7.8
07/18/2019 14:11:00.000000,0.334201,29.33825,0.026325,0.042971,7.8
07/18/2019 14:12:00.000000,0.33789,21.8825,0.026525,0.048937,6.690244
07/18/2019 14:13:00.000000,0.350133,20.65325,0.02805,0.038965,7.52439
07/18/2019 14:14:00.000000,0.350944,18.97025,0.03045,0.027158,5.765909
07/18/2019 14:15:00.000000,0.307473,18.99,0.0306,0.040244,4.885714
07/18/2019 14:16:00.000000,0.347065,23.4065,0.0279,36.348837,7.144186
07/18/2019 14:17:00.000000,0.375935,20.9615,0.02845,0.028138,9.108108
07/18/2019 14:18:00.000000,0.313526,18.055,0.0302,35.725,7.753125
07/18/2019 14:19:00.000000,0.326406,24.5485,0.0294,21.24,6.765
07/18/2019 14:20:00.000000,0.344175,22.56125,0.028525,0.036831,6.087805
07/18/2019 14:21:00.000000,0.321642,20.378,0.0287,0.051623,8.127273
07/18/2019 14:22:00.000000,0.335091,25.13425,0.0258,44.051163,9.018605
07/18/2019 14:23:00.000000,0.4045,25.60625,0.023775,28.49697,9.972727
07/18/2019 14:24:00.000000,0.430852,22.8985,0.026275,0.035606,8.638889
07/18/2019 14:25:00.000000,0.341946,21.72775,0.02915,0.023327,5.892308
07/18/2019 14:26:00.000000,0.284856,21.284,0.0308,29.069767,7.493023
07/18/2019 14:27:00.000000,0.269057,20.85525,0.03185,20.287805,7.302439
07/18/2019 14:28:00.000000,0.261383,18.3445,0.031275,40.907692,6.692308
07/18/2019 14:29:00.000000,0.286076,17.91075,0.030475,25.280488,8.009756
07/18/2019 14:30:00.000000,0.34899,17.8525,0.0315,0.030599,5.913636
07/18/2019 14:31:00.000000,0.315587,16.41475,0.03285,0.039567,4.883333
07/18/2019 14:32:00.000000,0.268948,20.01025,0.031875,36.528571,8.985714
07/18/2019 14:33:00.000000,0.303243,23.1675,0.02895,56.990909,8.922727
07/18/2019 14:34:00.000000,0.362419,24.932,0.023875,45.6625,7.355
07/18/2019 14:35:00.000000,0.651575,29.43975,0.0207,0.053983,8.642857
07/18/2019 14:36:00.000000,1.146387,28.8475,0.0224,59.417073,10.095122
07/18/2019 14:37:00.000000,0.819399,28.62225,0.02245,37.174419,6.34186
07/18/2019 14:38:00.000000,0.526212,28.37275,0.024825,35.82,13.945
07/18/2019 14:39:00.000000,0.397096,27.5135,0.028025,0.066245,7.085714
07/18/2019 14:40:00.000000,0.323671,26.7085,0.028575,0.043215,5.7
07/18/2019 14:41:00.000000,0.315373,25.86125,0.0281,0.098254,7.2
07/18/2019 14:42:00.000000,0.332885,25.3705,0.02615,0.059012,7.415789
07/18/2019 14:43:00.000000,0.359802,21.97425,0.024275,0.054157,9.472727
07/18/2019 14:44:00.000000,0.414829,30.88175,0.022675,44.461538,7.6
07/18/2019 14:45:00.000000,0.464355,27.19425,0.024625,0.040745,8.204651
07/18/2019 14:46:00.000000,0.415176,27.06275,0.026175,0.034967,5.839024
07/18/2019 14:47:00.000000,0.429372,24.673,0.025475,0.052287,7.483333
07/18/2019 14:48:00.000000,0.535971,26.1535,0.0246,0.054829,16.3
07/18/2019 14:49:00.000000,0.513953,28.23675,0.02475,,
07/18/2019 14:50:00.000000,0.446112,23.88425,0.02815,0.045766,6.971795
07/18/2019 14:51:00.000000,0.355034,20.23825,0.0321,0.026102,6.616667
07/18/2019 14:52:00.000000,0.289783,22.1945,0.031875,0.041227,5.287179
07/18/2019 14:53:00.000000,0.289746,20.55325,0.0309,0.050931,6.447826
07/18/2019 14:54:00.000000,0.300801,26.974,0.027425,0.028457,7.553488
07/18/2019 14:55:00.000000,0.355859,35.471,0.022025,41.557778,10.908889
07/18/2019 14:56:00.000000,0.397126,23.6445,0.02635,46.283721,6.939535
07/18/2019 14:57:00.000000,0.42062,24.07275,0.02865,45.487805,6.365854
07/18/2019 14:58:00.000000,0.45448,24.37375,0.0271,43.406977,11.304651
07/18/2019 14:59:00.000000,0.436232,24.71075,0.02745,22.612195,7.290244
07/18/2019 15:00:00.000000,0.445949,24.7485,0.0287,0.033686,5.151282
07/18/2019 15:01:00.000000,0.397119,24.78575,0.028475,34.33125,6.28125
07/18/2019 15:02:00.000000,0.349791,24.839,0.028125,23.030555,6.197222
07/18/2019 15:03:00.000000,0.341572,24.59325,0.02965,34.731034,8.072414
07/18/2019 15:04:00.000000,0.344728,24.39425,0.03115,0.050954,7.693548
07/18/2019 15:05:00.000000,0.336296,24.28925,0.03045,23.254054,6.589189
07/18/2019 15:06:00.000000,0.330356,24.31275,0.028425,24.602632,7.215789
07/18/2019 15:07:00.000000,0.381266,24.62725,0.0261,0.01592,5.12973
07/18/2019 15:08:00.000000,0.382695,24.89725,0.025325,0.071395,6.76
07/18/2019 15:09:00.000000,0.365808,25.13525,0.025925,0.06851,11.014286
07/18/2019 15:10:00.000000,0.415093,24.915,0.0294,0.032429,7.465789
07/18/2019 15:11:00.000000,0.383484,24.493,0.034075,17.431707,5.521951
07/18/2019 15:12:00.000000,0.298547,23.942,0.03485,17.464286,4.930952
07/18/2019 15:13:00.000000,0.275526,23.437,0.033875,26.25814,5.544186
07/18/2019 15:14:00.000000,0.299446,22.88,0.033775,30.647619,6.333333
07/18/2019 15:15:00.000000,0.320264,22.1285,0.03335,0.038562,5.075
07/18/2019 15:16:00.000000,0.336185,21.3455,0.033175,0.048335,5.046512
07/18/2019 15:17:00.000000,0.323448,20.419,0.03265,21.114286,6.190476
07/18/2019 15:18:00.000000,0.348621,20.48925,0.0295,0.04475,7.5075
07/18/2019 15:19:00.000000,0.409211,20.92275,0.029175,39.513953,6.725581
07/18/2019 15:20:00.000000,0.408159,24.2425,0.030125,0.081271,6.846512
07/18/2019 15:21:00.000000,0.375514,20.811,0.031,0.057521,7.225
07/18/2019 15:22:00.000000,0.367922,22.51275,0.0308,64.22381,6.461905
07/18/2019 15:23:00.000000,0.363855,23.81725,0.029,35.886047,6.674419
07/18/2019 15:24:00.000000,0.383534,23.64675,0.02785,0.05565,7.325
07/18/2019 15:25:00.000000,0.368316,27.2995,0.0252,0.056969,7.8
07/18/2019 15:26:00.000000,0.39037,30.9525,0.022325,0.102164,7.0
07/18/2019 15:27:00.000000,0.418825,29.282,0.023225,45.352381,5.328571
07/18/2019 15:28:00.000000,0.41037,24.428,0.028075,40.765116,7.802326
07/18/2019 15:29:00.000000,0.3866,,,,
07/18/2019 15:30:00.000000,0.464929,26.6725,0.026175,0.030884,7.907317
07/18/2019 15:31:00.000000,0.446354,27.9935,0.02595,0.040782,7.307317
07/18/2019 15:32:00.000000,0.38573,36.8755,0.019125,0.047722,8.148837
07/18/2019 15:33:00.000000,0.400648,39.994,0.016875,28.569767,8.47907
07/18/2019 15:34:00.000000,0.43915,33.29775,0.021625,45.417073,8.265854
07/18/2019 15:35:00.000000,0.444231,29.05025,0.02555,33.15,7.3
07/18/2019 15:36:00.000000,0.403652,29.0265,0.026975,0.068459,8.371429
07/18/2019 15:37:00.000000,0.361822,27.91575,0.0265,0.063188,12.152381
07/18/2019 15:38:00.000000,0.362649,25.33,0.028675,0.033062,10.575
07/18/2019 15:39:00.000000,0.387964,24.3565,0.02965,0.03462,8.217073
07/18/2019 15:40:00.000000,0.384429,24.265,0.029875,0.047627,8.25
07/18/2019 15:41:00.000000,0.399329,24.11875,0.031425,0.021411,5.602439
07/18/2019 15:42:00.000000,0.394289,23.9635,0.032025,0.038552,6.9
07/18/2019 15:43:00.000000,0.361974,23.808,0.03175,0.041835,6.076744
07/18/2019 15:44:00.000000,0.366518,23.6235,0.03215,0.019373,5.1
07/18/2019 15:45:00.000000,0.373767,23.638,0.030825,0.02244,6.511628
07/18/2019 15:46:00.000000,0.391471,28.07675,0.0289,0.043837,6.38
07/18/2019 15:47:00.000000,0.426626,38.72325,0.02515,0.035679,8.675
07/18/2019 15:48:00.000000,0.503189,37.43075,0.025025,21.478571,7.928571
07/18/2019 15:49:00.000000,0.475863,,,,
07/18/2019 15:50:00.000000,0.39137,18.9605,0.037525,27.52,7.635
07/18/2019 15:51:00.000000,0.353183,19.815,0.037375,25.82,5.9975
07/18/2019 15:52:00.000000,0.335689,20.5065,0.036025,0.031322,6.275
07/18/2019 15:53:00.000000,0.348454,20.717,0.034675,0.025487,7.380488
07/18/2019 15:54:00.000000,0.383698,20.90575,0.035,0.051918,7.380488
07/18/2019 15:55:00.000000,0.366815,21.268,0.034775,31.097561,7.22439
07/18/2019 15:56:00.000000,0.372397,21.55475,0.0345,24.412195,7.578049
07/18/2019 15:57:00.000000,0.399033,22.2835,0.0319,0.043298,7.7
07/18/2019 15:58:00.000000,0.388605,22.7295,0.032767,36.311628,7.469767
07/18/2019 15:59:00.000000,0.362504,22.779,0.035625,17.2025,6.05
07/18/2019 16:00:00.000000,0.365475,24.359667,0.0346,29.886111,7.855556
07/18/2019 16:01:00.000000,0.468577,29.6602,0.0293,0.025841,7.454545
07/18/2019 16:02:00.000000,0.140033,17.354,0.0351,21.297561,6.602439
07/18/2019 16:03:00.000000,0.040202,19.2475,0.04025,0.034621,5.076744
07/18/2019 16:04:00.000000,0.010522,21.8755,0.0378,31.930233,6.876744
07/18/2019 16:05:00.000000,0.00719,15.221,0.041825,29.356098,5.807317
07/18/2019 16:06:00.000000,0.00886,15.176,0.044225,0.050176,6.481818
07/18/2019 16:07:00.000000,0.00745,15.2905,0.04445,0.021486,5.760976
07/18/2019 16:08:00.000000,0.006402,15.3355,0.0445,0.032218,6.890698
07/18/2019 16:09:00.000000,0.003049,,,,
07/18/2019 16:10:00.000000,0.011426,15.41375,0.046375,0.035746,4.0
07/18/2019 16:11:00.000000,0.005647,15.41875,0.04745,0.026142,5.02
07/18/2019 16:12:00.000000,0.068818,15.43525,0.046725,26.98,5.12
07/18/2019 16:13:00.000000,0.204355,15.732,0.0442,0.026358,5.6775
07/18/2019 16:14:00.000000,0.279158,16.15725,0.0419,29.530769,6.307692
07/18/2019 16:15:00.000000,0.361278,16.516,0.043275,0.039383,6.884848
07/18/2019 16:16:00.000000,0.386608,16.94425,0.0432,15.884615,6.053846
07/18/2019 16:17:00.000000,0.345959,17.675,0.040675,0.020116,5.392308
07/18/2019 16:18:00.000000,0.362422,18.31275,0.042325,20.715789,7.994737
07/18/2019 16:19:00.000000,0.358067,19.3325,0.04145,0.034627,7.833333
07/18/2019 16:20:00.000000,0.316348,19.92875,0.042175,0.045234,10.943902
07/18/2019 16:21:00.000000,0.289316,19.7445,0.0457,0.041159,8.660465
07/18/2019 16:22:00.000000,0.308565,18.22975,0.046125,0.028762,6.585
07/18/2019 16:23:00.000000,0.409781,18.27675,0.0451,26.975,4.336364
07/18/2019 16:24:00.000000,0.373518,15.9675,0.04675,32.618605,6.223256
07/18/2019 16:25:00.000000,0.296159,13.90225,0.04945,0.040304,6.85814
07/18/2019 16:26:00.000000,0.277707,14.13475,0.0496,0.048507,7.832609
07/18/2019 16:27:00.000000,0.280355,14.32175,0.0478,0.030098,6.325581
07/18/2019 16:28:00.000000,0.299812,14.48125,0.0493,17.321053,5.494737
07/18/2019 16:29:00.000000,0.291105,,,,
07/18/2019 16:30:00.000000,0.276543,14.4285,0.050975,26.702703,6.451351
07/18/2019 16:31:00.000000,0.304351,15.2325,0.049475,0.009618,4.271429
07/18/2019 16:32:00.000000,0.349895,16.73375,0.04775,0.020944,5.442857
07/18/2019 16:33:00.000000,0.387814,17.7995,0.04735,0.037522,6.218182
07/18/2019 16:34:00.000000,0.415427,13.68425,0.05075,0.023235,4.148837
07/18/2019 16:35:00.000000,0.349626,10.39625,0.055875,0.036019,5.153846
07/18/2019 16:36:00.000000,0.25279,10.384,0.05705,0.036154,5.143902
07/18/2019 16:37:00.000000,0.22791,10.21325,0.058225,0.024511,6.385714
07/18/2019 16:38:00.000000,0.214139,10.25775,0.05725,0.019604,4.009091
07/18/2019 16:39:00.000000,0.242742,10.45825,0.055775,0.041002,4.65
07/18/2019 16:40:00.000000,0.28233,10.71625,0.055675,0.079865,4.458537
07/18/2019 16:41:00.000000,0.303238,10.958,0.05525,0.048286,3.975
07/18/2019 16:42:00.000000,0.311612,11.27925,0.054775,0.028163,5.614286
07/18/2019 16:43:00.000000,0.320525,11.38725,0.0548,0.033351,6.582927
07/18/2019 16:44:00.000000,0.293404,11.8025,0.054375,0.024835,5.176923
07/18/2019 16:45:00.000000,0.280881,11.91325,0.057625,0.027364,5.244186
07/18/2019 16:46:00.000000,0.231663,11.76225,0.059325,0.015519,5.215556
07/18/2019 16:47:00.000000,0.228049,11.842,0.054,0.02464,4.167442
07/18/2019 16:48:00.000000,0.293976,15.65425,0.045875,0.024057,7.0
07/18/2019 16:49:00.000000,0.38209,13.92675,0.05885,0.030498,5.55122
07/18/2019 16:50:00.000000,0.308782,14.50025,0.05745,0.015584,4.257143
07/18/2019 16:51:00.000000,0.287125,11.8085,0.05735,0.026478,7.711905
07/18/2019 16:52:00.000000,0.26576,9.94025,0.057075,11.967442,4.348837
07/18/2019 16:53:00.000000,0.267827,9.055,0.05925,0.031535,6.0
07/18/2019 16:54:00.000000,0.245949,9.1005,0.059375,0.026197,5.281395
07/18/2019 16:55:00.000000,0.231919,9.369,0.057875,5.365854,3.734146
07/18/2019 16:56:00.000000,0.234952,9.43975,0.0601,0.012861,4.005263
07/18/2019 16:57:00.000000,0.236224,9.55225,0.060975,10.940909,3.763636
07/18/2019 16:58:00.000000,0.226776,9.624,0.06145,11.071429,4.214286
07/18/2019 16:59:00.000000,0.222786,9.3575,0.062025,0.011031,4.470732
07/18/2019 17:00:00.000000,0.223402,9.07675,0.061425,0.012629,4.071429
07/18/2019 17:01:00.000000,0.253929,11.87375,0.051825,5.17,4.165
07/18/2019 17:02:00.000000,0.278142,17.9965,0.06015,0.017345,4.45814
07/18/2019 17:03:00.000000,0.282079,8.987,0.05995,11.917073,5.52439
07/18/2019 17:04:00.000000,0.235108,6.846,0.06165,0.027729,3.814286
07/18/2019 17:05:00.000000,0.210448,6.95275,0.061375,0.015246,4.881818
07/18/2019 17:06:00.000000,0.198277,5.10225,0.059675,0.022565,3.670455
07/18/2019 17:07:00.000000,0.18245,5.3195,0.059025,24.060976,5.44878
07/18/2019 17:08:00.000000,0.237659,5.3535,0.061325,16.685,3.335
07/18/2019 17:09:00.000000,0.245277,5.369,0.06245,0.03588,4.35122
07/18/2019 17:10:00.000000,0.177653,9.04175,0.0608,0.028196,3.24
07/18/2019 17:11:00.000000,0.170215,5.578,0.060475,14.797561,4.409756
07/18/2019 17:12:00.000000,0.164806,6.0465,0.061425,0.032128,4.7
07/18/2019 17:13:00.000000,0.165973,5.0385,0.06045,0.005998,3.0
07/18/2019 17:14:00.000000,0.177754,5.66275,0.15465,0.023801,4.116667
07/18/2019 17:15:00.000000,0.161445,5.4185,0.239725,13.518605,4.227907
07/18/2019 17:16:00.000000,0.139,5.70025,0.241575,0.010729,2.866667
07/18/2019 17:17:00.000000,0.146403,2.6405,0.242575,7.986047,4.44186
07/18/2019 17:18:00.000000,0.143093,3.3925,0.243425,0.015349,5.48
07/18/2019 17:19:00.000000,0.168899,3.678,0.2442,11.624444,3.28
07/18/2019 17:20:00.000000,0.211842,4.24475,0.2452,5.454545,2.868182
07/18/2019 17:21:00.000000,0.20419,4.385,0.24595,2.47381,2.283333
07/18/2019 17:22:00.000000,0.155871,4.55125,0.245625,0.027223,3.060465
07/18/2019 17:23:00.000000,0.185975,5.07575,0.244075,0.017789,3.95
07/18/2019 17:24:00.000000,0.205061,5.92825,0.2443,8.395,3.675
07/18/2019 17:25:00.000000,0.221063,6.42825,0.2449,12.0625,4.365
07/18/2019 17:26:00.000000,0.377717,6.95675,0.245075,0.013277,3.992308
07/18/2019 17:27:00.000000,0.504096,7.142,0.245575,0.011437,3.153659
07/18/2019 17:28:00.000000,0.303923,7.11025,0.24545,0.012249,4.621951
07/18/2019 17:29:00.000000,0.217848,,,,
07/18/2019 17:30:00.000000,0.217706,7.44225,0.2442,0.013098,2.816667
07/18/2019 17:31:00.000000,0.168285,7.2075,0.2439,0.015698,2.89375
07/18/2019 17:32:00.000000,0.189028,6.788,0.244475,0.026305,4.793023
07/18/2019 17:33:00.000000,0.21706,6.73825,0.2445,0.009901,2.67027
07/18/2019 17:34:00.000000,0.685879,6.51575,0.0888,45.668293,18.078049
07/18/2019 17:35:00.000000,4.578862,6.7565,-9999.0,0.039994,7.073333
07/18/2019 17:36:00.000000,8.943255,13.4955,-9999.0,0.120746,26.223333
07/18/2019 17:37:00.000000,15.278774,21.7985,-9999.0,0.141591,21.521951
07/18/2019 17:38:00.000000,15.965727,13.148,-9999.0,0.032064,5.283721
07/18/2019 17:39:00.000000,4.154378,9.21975,-9999.0,0.035341,4.348837
07/18/2019 17:40:00.000000,0.516922,10.2515,-9999.0,19.805128,3.838462
07/18/2019 17:41:00.000000,0.224349,11.17525,-9999.0,57.87,2.255
07/18/2019 17:42:00.000000,0.220381,11.2995,-9999.0,0.015898,3.806977
07/18/2019 17:43:00.000000,0.204296,10.59075,-9999.0,0.016833,3.221951
07/18/2019 17:44:00.000000,0.167241,9.88875,0.000275,0.009352,2.669767
07/18/2019 17:45:00.000000,0.18872,9.775,-9999.0,7.23,3.2125
07/18/2019 17:46:00.000000,0.211995,9.24675,-9999.0,0.031176,2.96
07/18/2019 17:47:00.000000,0.155933,8.29675,-9999.0,5.68,2.305
07/18/2019 17:48:00.000000,0.139285,7.1975,-9999.0,0.016268,4.748889
07/18/2019 17:49:00.000000,0.136297,5.8485,2.5e-05,0.004328,2.804651
07/18/2019 17:50:00.000000,0.126146,4.709,2.5e-05,16.229268,2.741463
07/18/2019 17:51:00.000000,0.143089,4.805,5e-05,0.018888,2.285714
07/18/2019 17:52:00.000000,0.181933,4.62675,2.5e-05,14.704545,5.227273
07/18/2019 17:53:00.000000,0.174298,3.905,0.061575,18.021739,2.832609
07/18/2019 17:54:00.000000,0.191494,3.6695,0.05945,0.016496,3.484615
07/18/2019 17:55:00.000000,0.302632,3.91025,0.05955,0.02282,8.184615
07/18/2019 17:56:00.000000,0.263868,4.11675,0.059025,0.01211,3.554054
07/18/2019 17:57:00.000000,0.195826,4.21675,0.0583,2.975,2.075
07/18/2019 17:58:00.000000,0.183673,4.306,0.058375,2.257143,2.257143
07/18/2019 17:59:00.000000,0.196667,4.237,0.05825,1.860976,1.873171
07/18/2019 18:00:00.000000,0.181546,4.38025,0.05875,0.024467,4.295349
07/18/2019 18:01:00.000000,0.1654,4.29025,0.0594,4.258537,2.480488
07/18/2019 18:02:00.000000,0.233471,4.13975,0.0596,0.016715,3.248837
07/18/2019 18:03:00.000000,0.209422,4.154,0.059725,45.606667,2.706667
07/18/2019 18:04:00.000000,0.145228,4.5095,0.05935,8.939535,2.255814
07/18/2019 18:05:00.000000,0.231548,4.766,0.126975,5.44878,2.968293
07/18/2019 18:06:00.000000,0.241694,5.055,0.13045,11.607317,3.014634
07/18/2019 18:07:00.000000,0.201245,4.963,0.22745,0.009682,2.658537
07/18/2019 18:08:00.000000,0.151604,4.982,0.234425,0.003625,2.43
07/18/2019 18:09:00.000000,0.125515,,,,
07/18/2019 18:10:00.000000,0.12933,5.26175,0.246,0.006288,3.21
07/18/2019 18:11:00.000000,0.168448,5.0445,0.24845,0.033353,2.538462
07/18/2019 18:12:00.000000,0.15998,5.103667,0.248425,13.580952,2.828571
07/18/2019 18:13:00.000000,0.147073,6.9385,0.248125,17.063636,3.165909
07/18/2019 18:14:00.000000,0.218379,12.4085,0.248,0.004491,2.287805
07/18/2019 18:15:00.000000,0.30292,8.07725,0.24775,2.013953,2.013953
07/18/2019 18:16:00.000000,0.354186,8.47375,0.2476,0.012424,2.7875
07/18/2019 18:17:00.000000,0.240017,10.82625,0.248325,0.013205,2.982051
07/18/2019 18:18:00.000000,0.199355,10.749,0.248575,0.004453,2.665116
07/18/2019 18:19:00.000000,0.197943,14.32225,0.247775,0.003179,2.429268
07/18/2019 18:20:00.000000,0.296103,16.41975,0.2478,17.423256,3.088372
07/18/2019 18:21:00.000000,0.293324,9.75575,0.247125,0.04432,4.037209
07/18/2019 18:22:00.000000,0.238152,6.77775,0.246775,0.006711,2.578049
07/18/2019 18:23:00.000000,0.162668,7.77825,0.24655,0.003016,2.3
07/18/2019 18:24:00.000000,0.202705,9.61275,0.066725,0.019556,3.66
07/18/2019 18:25:00.000000,0.702027,7.64625,-9999.0,26.081395,3.297674
07/18/2019 18:26:00.000000,0.536063,10.2765,0.0004,45.627027,2.767568
07/18/2019 18:27:00.000000,0.208675,6.03175,0.000425,16.074419,4.593023
07/18/2019 18:28:00.000000,0.150923,4.172,0.000225,0.003935,2.576744
07/18/2019 18:29:00.000000,0.145091,,,,
07/18/2019 18:30:00.000000,0.172454,9.06,-9999.0,0.021083,3.385714
07/18/2019 18:31:00.000000,0.217889,11.0665,-9999.0,0.012828,3.766667
07/18/2019 18:32:00.000000,0.253055,4.947,-9999.0,7.7625,2.3125
07/18/2019 18:33:00.000000,0.193367,4.653,-9999.0,0.037206,2.957143
07/18/2019 18:34:00.000000,0.155669,7.55425,5e-05,11.26,2.76
07/18/2019 18:35:00.000000,0.155362,4.3485,0.0003,0.016776,3.214286
07/18/2019 18:36:00.000000,0.127437,2.97025,-9999.0,7.521951,2.702439
07/18/2019 18:37:00.000000,0.143184,3.36375,5e-05,11.090909,3.636364
07/18/2019 18:38:00.000000,0.199326,4.60925,0.04975,0.011916,3.124444
07/18/2019 18:39:00.000000,0.210118,8.801,0.06465,0.003721,2.407692
07/18/2019 18:40:00.000000,0.170297,7.57425,0.06435,0.007205,2.556098
07/18/2019 18:41:00.000000,0.165638,8.58425,0.06445,11.292308,3.615385
07/18/2019 18:42:00.000000,0.23943,10.084,0.063425,0.013565,2.7
07/18/2019 18:43:00.000000,0.274322,9.18275,0.062,12.155,2.67
07/18/2019 18:44:00.000000,0.172742,8.4445,0.06125,0.01048,3.72439
07/18/2019 18:45:00.000000,0.135474,7.51425,0.060575,7.231579,3.165789
07/18/2019 18:46:00.000000,0.126889,6.56775,0.060425,13.697561,1.890244
07/18/2019 18:47:00.000000,0.148629,5.76025,0.06105,0.007629,3.236585
07/18/2019 18:48:00.000000,0.17967,5.05075,0.06075,9.229268,4.163415
07/18/2019 18:49:00.000000,0.160992,,,,
07/18/2019 18:50:00.000000,0.124297,3.39425,0.2119,0.016881,4.163636
07/18/2019 18:51:00.000000,0.114178,3.105,0.213,0.006147,3.025
07/18/2019 18:52:00.000000,0.112791,2.98925,0.2117,5.614286,2.457143
07/18/2019 18:53:00.000000,0.114007,3.15875,0.208,5.9,2.061538
07/18/2019 18:54:00.000000,0.116552,3.056,0.205925,0.020374,3.6
07/18/2019 18:55:00.000000,0.113209,2.865,0.205125,0.013452,3.811905
07/18/2019 18:56:00.000000,0.113744,4.04075,0.20455,0.011277,3.8
07/18/2019 18:57:00.000000,0.179255,12.45625,0.204675,0.003646,2.466667
07/18/2019 18:58:00.000000,0.275319,9.883,0.205,0.021364,2.625
07/18/2019 18:59:00.000000,0.225308,6.07075,0.204375,4.209756,2.102439
07/18/2019 19:00:00.000000,0.17886,4.358,0.203925,0.0022,1.653333
07/18/2019 19:01:00.000000,0.163643,4.36225,0.204575,3.990244,2.026829
07/18/2019 19:02:00.000000,0.153485,4.42925,0.205,0.016849,4.626316
07/18/2019 19:03:00.000000,0.206773,11.09375,0.205125,0.023593,3.819512
07/18/2019 19:04:00.000000,0.310685,8.7585,0.204975,3.9,2.155
07/18/2019 19:05:00.000000,0.255923,6.15225,0.204725,0.005744,2.629412
07/18/2019 19:06:00.000000,0.202479,16.58225,0.205025,0.033911,3.126829
07/18/2019 19:07:00.000000,0.238688,27.397,0.20515,0.015548,4.053659
07/18/2019 19:08:00.000000,0.341551,24.94375,0.205,12.374359,4.648718
07/18/2019 19:09:00.000000,0.457205,16.68475,0.204875,3.12439,2.417073
07/18/2019 19:10:00.000000,0.47078,10.35275,0.204675,5.075,2.355
07/18/2019 19:11:00.000000,0.325577,10.45625,0.2051,0.007908,2.669231
07/18/2019 19:12:00.000000,0.253126,5.817,0.2046,4.644186,3.118605
07/18/2019 19:13:00.000000,0.181915,6.5655,0.205275,2.955,2.69
07/18/2019 19:14:00.000000,0.15394,6.28125,0.167825,0.016329,3.031818
07/18/2019 19:15:00.000000,0.138536,5.991,0.162225,25.421429,2.585714
07/18/2019 19:16:00.000000,0.144001,5.57225,0.161525,21.313636,2.5
07/18/2019 19:17:00.000000,0.155715,9.865,0.158825,0.012253,2.413043
07/18/2019 19:18:00.000000,0.206958,7.16825,0.154925,14.892,2.124
07/18/2019 19:19:00.000000,0.30829,9.113,0.1532,9.636842,2.268421
07/18/2019 19:20:00.000000,0.44308,9.605,0.152925,4.241935,2.590323
07/18/2019 19:21:00.000000,0.362712,9.19325,0.1531,0.019319,5.709091
07/18/2019 19:22:00.000000,0.252029,9.064,0.1527,16.885714,4.657143
07/18/2019 19:23:00.000000,0.218272,8.58125,0.152375,8.723077,5.076923
07/18/2019 19:24:00.000000,0.195681,8.09175,0.153275,0.009943,3.828571
07/18/2019 19:25:00.000000,0.204727,7.56075,0.15365,0.220989,2.248889
07/18/2019 19:26:00.000000,0.187841,6.93475,0.153275,30.481395,1.748837
07/18/2019 19:27:00.000000,0.170149,6.23275,0.1531,1.786364,1.786364
07/18/2019 19:28:00.000000,0.137209,5.79775,0.15335,10.063636,3.027273
07/18/2019 19:29:00.000000,0.19334,5.9145,0.15305,0.022391,3.733333
07/18/2019 19:30:00.000000,0.22225,5.59425,0.148525,0.004922,2.673333
07/18/2019 19:31:00.000000,0.192175,6.5845,0.11085,0.013347,2.670732
07/18/2019 19:32:00.000000,0.243721,6.5705,0.1095,8.661905,3.985714
07/18/2019 19:33:00.000000,0.199993,4.925,0.10805,2.914286,2.314286
07/18/2019 19:34:00.000000,0.164365,7.766,0.105275,0.009728,3.45122
07/18/2019 19:35:00.000000,0.188684,8.75275,0.103267,10.31,2.65
07/18/2019 19:36:00.000000,0.203153,8.73475,0.102,0.004075,2.415909
07/18/2019 19:37:00.000000,0.204489,8.967,0.10205,1.968182,1.968182
07/18/2019 19:38:00.000000,0.195324,9.03475,0.10235,9.351163,5.667442
07/18/2019 19:39:00.000000,0.207457,9.01,0.1022,0.030453,5.971429
07/18/2019 19:40:00.000000,0.255881,10.85225,0.101975,0.021342,4.345455
07/18/2019 19:41:00.000000,0.43777,6.11225,0.10235,6.942857,4.1
07/18/2019 19:42:00.000000,0.287987,4.12225,0.102025,0.009757,3.711765
07/18/2019 19:43:00.000000,0.149411,4.198,0.10162,5.767647,2.729412
07/18/2019 19:44:00.000000,0.134055,6.986,0.101833,0.01994,3.728571
07/18/2019 19:45:00.000000,0.187436,10.71425,0.10195,14.04,2.625
07/18/2019 19:46:00.000000,0.251288,5.719,0.10214,0.010002,2.314634
07/18/2019 19:47:00.000000,0.254553,7.11125,0.102233,2.414286,2.3
07/18/2019 19:48:00.000000,0.264249,5.7605,0.10185,5.275,2.385
07/18/2019 19:49:00.000000,0.248062,6.608,0.101375,2.716667,2.314286
07/18/2019 19:50:00.000000,0.206799,9.7915,0.10155,0.011379,2.710256
07/18/2019 19:51:00.000000,0.219106,10.678,0.10155,0.004251,2.028571
07/18/2019 19:52:00.000000,0.20922,10.37575,0.10165,1.984211,1.984211
07/18/2019 19:53:00.000000,0.184356,13.1225,0.10145,11.0125,3.8375
07/18/2019 19:54:00.000000,0.167752,8.26175,0.10126,0.018812,4.013953
07/18/2019 19:55:00.000000,0.153027,7.06075,0.101433,0.020935,2.730769
07/18/2019 19:56:00.000000,0.228521,9.20375,0.0784,3.144,2.5
07/18/2019 19:57:00.000000,0.344123,5.171333,0.064133,3.835294,2.417647
07/18/2019 19:58:00.000000,0.325858,5.3405,0.0628,0.003615,2.4
07/18/2019 19:59:00.000000,0.32042,5.164,0.061,0.007283,2.568421
07/18/2019 20:00:00.000000,0.277671,5.572,0.06065,6.706977,2.944186
07/18/2019 20:01:00.000000,0.183639,7.85325,0.061775,0.007069,3.0
07/18/2019 20:02:00.000000,0.159038,8.98075,0.060425,8.369767,2.311628
07/18/2019 20:03:00.000000,0.183033,8.523,0.06125,0.034143,2.366667
07/18/2019 20:04:00.000000,0.207316,3.698,0.064,0.00581,2.15
07/18/2019 20:05:00.000000,0.17341,2.82575,0.0645,0.002459,1.85
07/18/2019 20:06:00.000000,0.19564,3.34575,0.062575,0.01506,3.685714
07/18/2019 20:07:00.000000,0.316031,3.87775,0.063125,0.017571,2.448485
07/18/2019 20:08:00.000000,0.22314,4.2435,0.0649,0.00998,3.823256
07/18/2019 20:09:00.000000,0.17406,4.74825,0.064775,2.541026,2.153846
07/18/2019 20:10:00.000000,0.206627,5.085,0.063575,0.008397,2.836364
07/18/2019 20:11:00.000000,0.203347,8.02125,0.05205,0.00334,2.261538
07/18/2019 20:12:00.000000,0.254621,22.013,0.057025,5.224444,2.86
07/18/2019 20:13:00.000000,0.184339,5.7745,0.06565,0.010914,2.747727
07/18/2019 20:14:00.000000,0.166569,12.8115,0.06155,7.778947,3.121053
07/18/2019 20:15:00.000000,0.201375,10.52275,0.0594,8.818605,2.167442
07/18/2019 20:16:00.000000,0.19253,5.019,0.062325,17.571429,2.171429
07/18/2019 20:17:00.000000,0.203567,5.571,0.061925,14.8,4.366667
07/18/2019 20:18:00.000000,0.234371,4.56875,0.063175,3.216279,2.413953
07/18/2019 20:19:00.000000,0.220384,6.03825,0.062,2.275,2.27
07/18/2019 20:20:00.000000,0.221774,7.93225,0.062325,29.781081,5.483784
07/18/2019 20:21:00.000000,0.193049,8.5695,0.0629,0.011913,3.62439
07/18/2019 20:22:00.000000,0.152542,2.80275,0.0655,2.459524,2.116667
07/18/2019 20:23:00.000000,0.129349,2.37025,0.067575,0.002073,1.563158
07/18/2019 20:24:00.000000,0.132176,2.5805,0.066925,13.304651,2.42093
07/18/2019 20:25:00.000000,0.14372,2.5815,0.0673,9.171429,3.85
07/18/2019 20:26:00.000000,0.116986,2.5605,0.066575,0.010576,3.842857
07/18/2019 20:27:00.000000,0.140049,2.8275,0.063675,0.012033,2.2
07/18/2019 20:28:00.000000,0.19593,6.25275,0.059975,15.673171,3.009756
07/18/2019 20:29:00.000000,0.213423,11.3605,0.05985,0.0248,3.2
07/18/2019 20:30:00.000000,0.198558,4.67725,0.0643,9.07381,2.428571
07/18/2019 20:31:00.000000,0.181206,9.0725,0.062675,3.146341,2.470732
07/18/2019 20:32:00.000000,0.195736,12.081,0.060925,0.013651,3.5725
07/18/2019 20:33:00.000000,0.197301,11.08375,0.062275,0.009014,2.448889
07/18/2019 20:34:00.000000,0.192621,10.688,0.060925,26.345455,5.636364
07/18/2019 20:35:00.000000,0.354842,10.89075,0.060075,8.345455,2.686364
07/18/2019 20:36:00.000000,0.297391,4.13675,0.065,0.008958,2.692308
07/18/2019 20:37:00.000000,0.17505,2.1485,0.069225,17.470732,10.346341
07/18/2019 20:38:00.000000,0.127164,2.43325,0.07015,4.34,3.23
07/18/2019 20:39:00.000000,0.119383,2.4975,0.0693,0.010837,2.22
07/18/2019 20:40:00.000000,0.113775,2.628,0.06845,7.653488,2.127907
07/18/2019 20:41:00.000000,0.205476,3.01625,0.0673,0.017081,3.2
07/18/2019 20:42:00.000000,0.22811,3.5975,0.0681,0.009408,2.789744
07/18/2019 20:43:00.000000,0.183089,3.99625,0.068975,0.002952,1.85
07/18/2019 20:44:00.000000,0.204917,4.54125,0.070167,0.000203,0.2975
07/18/2019 20:45:00.000000,0.210436,5.259,0.0708,0.0,0.0
07/18/2019 20:46:00.000000,0.201186,5.3615,0.07085,0.009172,2.219512
07/18/2019 20:47:00.000000,0.158684,5.43475,0.0701,9.690476,3.114286
07/18/2019 20:48:00.000000,0.132649,5.69575,0.069767,0.022569,1.944186
07/18/2019 20:49:00.000000,0.115374,5.64525,0.069325,7.85,1.955
07/18/2019 20:50:00.000000,0.122842,5.62175,0.06635,0.031633,2.863636
07/18/2019 20:51:00.000000,0.117652,5.6125,0.06575,0.019293,2.831111
07/18/2019 20:52:00.000000,0.151114,6.8655,0.06345,5.671429,2.628571
07/18/2019 20:53:00.000000,0.206703,3.16225,0.065525,16.9125,2.775
07/18/2019 20:54:00.000000,0.171799,3.46875,0.069675,0.006693,2.885
07/18/2019 20:55:00.000000,0.131094,3.1885,0.070825,0.01233,2.9
07/18/2019 20:56:00.000000,0.117108,3.18275,0.0716,0.02404,2.053846
07/18/2019 20:57:00.000000,0.112686,3.51325,0.069775,10.425,2.75
07/18/2019 20:58:00.000000,0.130307,6.643,0.066625,0.00933,2.730769
07/18/2019 20:59:00.000000,0.19483,12.58425,0.062325,13.3,3.5
07/18/2019 21:00:00.000000,0.27351,16.77475,0.059775,0.016301,3.614286
07/18/2019 21:01:00.000000,0.352369,15.44925,0.060025,0.003686,2.142857
07/18/2019 21:02:00.000000,0.334531,17.75825,0.0637,14.204651,4.076744
07/18/2019 21:03:00.000000,0.27686,16.64525,0.064875,14.870455,3.981818
07/18/2019 21:04:00.000000,0.229653,5.5295,0.06766,6.280645,4.383871
07/18/2019 21:05:00.000000,0.163336,4.19125,0.06855,4.252941,3.041176
07/18/2019 21:06:00.000000,0.166279,4.80275,0.0693,7.9,2.828571
07/18/2019 21:07:00.000000,0.174976,8.22325,0.068575,3.045455,2.211364
07/18/2019 21:08:00.000000,0.181507,9.84175,0.06585,0.009148,3.26
07/18/2019 21:09:00.000000,0.262423,7.90625,0.06588,0.005645,2.734286
07/18/2019 21:10:00.000000,0.299999,10.4525,0.065533,0.007842,2.616667
07/18/2019 21:11:00.000000,0.251392,17.251,0.0627,20.885714,3.683333
07/18/2019 21:12:00.000000,0.300044,14.4395,0.06165,0.038941,3.73
07/18/2019 21:13:00.000000,0.261662,6.096,0.068,0.021724,3.7
07/18/2019 21:14:00.000000,0.189397,14.2975,0.068825,35.7875,3.785
07/18/2019 21:15:00.000000,0.254958,11.23975,0.067675,0.028056,3.031707
07/18/2019 21:16:00.000000,0.259901,13.07725,0.0727,0.036191,3.872093
07/18/2019 21:17:00.000000,0.266783,16.575,0.071525,183.8375,4.51
07/18/2019 21:18:00.000000,0.379104,15.52825,0.071375,0.082366,2.721951
07/18/2019 21:19:00.000000,0.361263,11.5665,0.07275,28.261538,2.315385
07/18/2019 21:20:00.000000,0.237345,13.9805,0.069875,0.054445,2.897561
07/18/2019 21:21:00.000000,0.22633,17.65425,0.07205,0.039617,5.115385
07/18/2019 21:22:00.000000,0.250956,7.94975,0.07935,17.963636,4.827273
07/18/2019 21:23:00.000000,0.237899,6.2975,0.08025,0.025712,3.521053
07/18/2019 21:24:00.000000,0.18266,6.5005,0.0808,0.020958,3.725
07/18/2019 21:25:00.000000,0.19765,13.238,0.07865,0.019876,5.342857
07/18/2019 21:26:00.000000,0.291302,46.55275,0.043275,24.709756,4.917073
07/18/2019 21:27:00.000000,0.373861,29.00975,0.0579,19.110526,2.610526
07/18/2019 21:28:00.000000,0.367412,17.857,0.06525,0.022174,2.712195
07/18/2019 21:29:00.000000,0.352378,,,,
07/18/2019 21:30:00.000000,0.312955,12.86675,0.074475,3.406667,2.273333
07/18/2019 21:31:00.000000,0.360228,13.667,0.07335,0.034318,2.015909
07/18/2019 21:32:00.000000,0.313069,14.825,0.062325,0.035536,2.507692
07/18/2019 21:33:00.000000,0.269435,13.537,0.0648,37.684615,2.764103
07/18/2019 21:34:00.000000,0.228567,4.152,0.070275,0.021976,3.051163
07/18/2019 21:35:00.000000,0.157841,3.3725,0.0751,15.271429,2.328571
07/18/2019 21:36:00.000000,0.149143,6.2545,0.0726,17.357143,2.714286
07/18/2019 21:37:00.000000,0.224776,18.92225,0.068225,47.73421,4.568421
07/18/2019 21:38:00.000000,0.31857,12.12825,0.0716,26.153846,5.720513
07/18/2019 21:39:00.000000,0.266925,12.36625,0.077225,0.023752,4.363415
07/18/2019 21:40:00.000000,0.271484,7.64575,0.079925,0.016146,2.64878
07/18/2019 21:41:00.000000,0.251684,8.01325,0.08305,17.842857,3.771429
07/18/2019 21:42:00.000000,0.260215,19.21325,0.0811,0.021318,2.877273
07/18/2019 21:43:00.000000,0.237198,14.07575,0.077725,27.527273,3.027273
07/18/2019 21:44:00.000000,0.382563,15.29,0.07635,29.203125,7.540625
07/18/2019 21:45:00.000000,0.4979,16.45325,0.074425,0.021498,3.525581
07/18/2019 21:46:00.000000,0.387436,15.43175,0.072725,0.031935,5.131818
07/18/2019 21:47:00.000000,0.272681,19.0045,0.07365,30.07907,3.606977
07/18/2019 21:48:00.000000,0.275545,17.03725,0.068575,15.615,1.855
07/18/2019 21:49:00.000000,0.262715,5.18775,0.07415,0.012114,4.126316
07/18/2019 21:50:00.000000,0.268008,8.78,0.075925,23.492308,2.569231
07/18/2019 21:51:00.000000,0.280728,9.799,0.073825,0.020305,3.984848
07/18/2019 21:52:00.000000,0.29764,13.2885,0.071825,0.019164,3.602857
07/18/2019 21:53:00.000000,0.419708,18.9015,0.06835,25.723077,3.923077
07/18/2019 21:54:00.000000,0.570626,12.8905,0.069525,38.342857,3.666667
07/18/2019 21:55:00.000000,0.600652,10.22525,0.072325,35.404878,12.64878
07/18/2019 21:56:00.000000,0.382212,10.27075,0.076625,0.038603,5.3725
07/18/2019 21:57:00.000000,0.24965,8.282,0.0778,28.355556,3.162222
07/18/2019 21:58:00.000000,0.204417,8.86,0.0767,0.027865,3.444186
07/18/2019 21:59:00.000000,0.224122,9.1115,0.075325,0.011786,2.214286
07/18/2019 22:00:00.000000,0.258795,13.87525,0.07425,7.014286,2.085714
07/18/2019 22:01:00.000000,0.237745,12.64225,0.073425,0.014659,3.957778
07/18/2019 22:02:00.000000,0.096306,11.09525,0.076675,22.35122,5.580488
07/18/2019 22:03:00.000000,0.016876,9.6935,0.08075,0.032563,5.965
07/18/2019 22:04:00.000000,-9999.0,9.6225,0.081975,21.62439,3.439024
07/18/2019 22:05:00.000000,-9999.0,9.51025,0.081575,35.029268,3.768293
07/18/2019 22:06:00.000000,-9999.0,9.712,0.079525,0.026244,4.492308
07/18/2019 22:07:00.000000,-9999.0,14.7075,0.0747,23.181818,4.6
07/18/2019 22:08:00.000000,-9999.0,15.6165,0.072175,15.304545,4.772727
07/18/2019 22:09:00.000000,-9999.0,,,,
07/18/2019 22:10:00.000000,-9999.0,7.00425,0.080375,11.072727,4.068182
07/18/2019 22:11:00.000000,-9999.0,6.475,0.081075,18.286047,3.569767
07/18/2019 22:12:00.000000,0.111141,7.14675,0.0769,69.32093,10.783721
07/18/2019 22:13:00.000000,0.284765,7.31725,0.07765,0.040277,4.66
07/18/2019 22:14:00.000000,0.244178,9.9615,0.07745,33.846512,2.327907
07/18/2019 22:15:00.000000,0.219477,10.39225,0.07695,0.016217,3.380488
07/18/2019 22:16:00.000000,0.206783,8.8385,0.07875,0.02612,3.427273
07/18/2019 22:17:00.000000,0.158802,6.4655,0.0801,38.371429,3.228571
07/18/2019 22:18:00.000000,0.216365,6.714,0.077975,20.05,4.39
07/18/2019 22:19:00.000000,0.334533,6.9455,0.077875,15.25,3.41
07/18/2019 22:20:00.000000,0.227334,9.061,0.07875,0.005514,2.081395
07/18/2019 22:21:00.000000,0.173802,5.06825,0.0791,0.022035,4.318182
07/18/2019 22:22:00.000000,0.173296,4.89325,0.0789,0.012874,2.847368
07/18/2019 22:23:00.000000,0.193088,11.07625,0.077625,9.98,2.9125
07/18/2019 22:24:00.000000,0.234962,9.6815,0.078225,0.024736,4.36
07/18/2019 22:25:00.000000,0.320852,7.537,0.079825,15.034146,2.978049
07/18/2019 22:26:00.000000,0.34175,11.6155,0.077575,11.097727,3.304545
07/18/2019 22:27:00.000000,0.411864,13.5015,0.0749,0.004653,2.104545
07/18/2019 22:28:00.000000,0.345604,18.3635,0.0643,0.022368,3.778049
07/18/2019 22:29:00.000000,0.346146,,,,
07/18/2019 22:30:00.000000,0.380194,8.05075,0.076125,0.006362,2.634211
07/18/2019 22:31:00.000000,0.320885,8.68,0.079725,0.019625,2.702326
07/18/2019 22:32:00.000000,0.289157,10.0485,0.076625,30.052632,2.715789
07/18/2019 22:33:00.000000,0.351057,11.5035,0.07655,0.019543,3.366667
07/18/2019 22:34:00.000000,0.326614,8.09375,0.081375,17.87,4.35
07/18/2019 22:35:00.000000,0.257422,9.68625,0.080525,0.036098,4.24186
07/18/2019 22:36:00.000000,0.264178,10.973,0.0789,25.214286,5.45
07/18/2019 22:37:00.000000,0.263252,10.128,0.078275,11.415385,2.569231
07/18/2019 22:38:00.000000,0.588176,11.91275,0.0774,0.018996,3.634884
07/18/2019 22:39:00.000000,0.707327,13.209,0.076825,0.014185,3.635714
07/18/2019 22:40:00.000000,0.327563,13.66975,0.075,3.026829,2.14878
07/18/2019 22:41:00.000000,0.252425,16.88425,0.07405,0.043926,3.120513
07/18/2019 22:42:00.000000,0.25274,33.799,0.070725,28.4625,2.535
07/18/2019 22:43:00.000000,0.337431,11.58275,0.073375,0.036305,5.8
07/18/2019 22:44:00.000000,0.232524,16.188,0.073375,0.01695,3.839024
07/18/2019 22:45:00.000000,0.251317,18.6475,0.069475,14.174419,5.206977
07/18/2019 22:46:00.000000,0.316789,13.8705,0.0723,7.87561,3.621951
07/18/2019 22:47:00.000000,0.289455,18.13825,0.0733,0.019985,3.040909
07/18/2019 22:48:00.000000,0.277085,11.61575,0.07365,9.969048,3.685714
07/18/2019 22:49:00.000000,0.2246,,,,
07/18/2019 22:50:00.000000,0.156478,5.94575,0.082375,0.016789,2.795
07/18/2019 22:51:00.000000,0.207895,10.87775,0.075275,25.244444,3.94
07/18/2019 22:52:00.000000,0.434499,13.95375,0.08065,10.754762,5.214286
07/18/2019 22:53:00.000000,0.376631,18.833,0.07555,10.45,4.028571
07/18/2019 22:54:00.000000,0.355959,15.0665,0.071225,20.56,5.755
07/18/2019 22:55:00.000000,0.383266,12.1105,0.0675,0.013112,3.1
07/18/2019 22:56:00.000000,0.288239,7.97075,0.080875,14.029268,3.62439
07/18/2019 22:57:00.000000,0.306656,6.159,0.08085,15.546667,2.786667
07/18/2019 22:58:00.000000,0.2312,7.4875,0.08045,0.021154,3.637838
07/18/2019 22:59:00.000000,0.24328,8.87825,0.079125,41.514634,3.117073
07/18/2019 23:00:00.000000,0.250754,9.09425,0.0783,21.3,3.935
07/18/2019 23:01:00.000000,0.232236,9.22,0.077675,0.038463,3.44359
07/18/2019 23:02:00.000000,0.202851,9.32075,0.0778,6.470732,2.360976
07/18/2019 23:03:00.000000,0.321419,9.52775,0.076425,0.016702,2.370732
07/18/2019 23:04:00.000000,0.560696,9.52975,0.07665,0.017939,4.034615
07/18/2019 23:05:00.000000,0.326714,9.57925,0.07764,0.019355,4.002941
07/18/2019 23:06:00.000000,0.250283,10.20975,0.074133,0.024773,3.15
07/18/2019 23:07:00.000000,0.314236,12.7505,0.07332,0.058606,3.809524
07/18/2019 23:08:00.000000,0.346234,19.4285,0.068667,18.677778,2.613333
07/18/2019 23:09:00.000000,0.313874,,,,
07/18/2019 23:10:00.000000,0.26347,10.21625,0.0731,0.034529,6.292683
07/18/2019 23:11:00.000000,0.326798,12.38625,0.073925,19.065,10.065
07/18/2019 23:12:00.000000,0.507387,11.085,0.075875,0.020412,6.669565
07/18/2019 23:13:00.000000,0.406189,13.432,0.07365,0.056965,6.131707
07/18/2019 23:14:00.000000,0.322574,18.9225,0.07055,0.03354,3.925
07/18/2019 23:15:00.000000,0.356729,13.90075,0.0736,19.446341,4.368293
07/18/2019 23:16:00.000000,0.34805,12.36375,0.077125,0.018614,3.565
07/18/2019 23:17:00.000000,0.284566,14.1095,0.076675,0.015556,3.146154
07/18/2019 23:18:00.000000,0.337245,13.27075,0.07425,0.022772,4.768293
07/18/2019 23:19:00.000000,0.390946,10.82925,0.07395,11.24,4.22
07/18/2019 23:20:00.000000,0.351915,15.06025,0.0731,0.020951,5.453846
07/18/2019 23:21:00.000000,0.32739,16.3145,0.060325,0.023289,5.862791
07/18/2019 23:22:00.000000,0.387024,14.21975,0.062325,11.87027,4.978378
07/18/2019 23:23:00.000000,0.424085,18.80175,0.069475,0.009172,3.621053
07/18/2019 23:24:00.000000,0.443802,21.2405,0.0696,20.130769,6.530769
07/18/2019 23:25:00.000000,0.623075,10.807,0.072775,16.639024,4.709756
07/18/2019 23:26:00.000000,0.487915,10.45125,0.076175,18.9,2.946154
07/18/2019 23:27:00.000000,0.32873,12.27575,0.07525,0.032034,4.328571
07/18/2019 23:28:00.000000,0.291614,12.49325,0.073475,10.832558,4.683721
07/18/2019 23:29:00.000000,0.302841,,,,
07/18/2019 23:30:00.000000,0.272267,18.65275,0.06895,12.267442,3.704651
07/18/2019 23:31:00.000000,0.278533,12.1235,0.069375,0.010678,2.446341
07/18/2019 23:32:00.000000,0.255661,16.5665,0.0689,0.007823,2.215385
07/18/2019 23:33:00.000000,0.301514,20.4785,0.055975,0.012364,4.514286
07/18/2019 23:34:00.000000,0.432618,16.38375,0.07085,19.227273,2.881818
07/18/2019 23:35:00.000000,0.348686,13.241,0.0586,17.677778,3.366667
07/18/2019 23:36:00.000000,0.335947,22.31025,0.061125,21.226829,3.085366
07/18/2019 23:37:00.000000,0.342328,25.49475,0.059625,0.016705,4.468182
07/18/2019 23:38:00.000000,0.46975,25.424,0.062925,0.029301,4.281395
07/18/2019 23:39:00.000000,0.489771,17.80475,0.06665,20.307692,3.871795
07/18/2019 23:40:00.000000,0.394269,19.258,0.07,0.02203,2.953846
07/18/2019 23:41:00.000000,0.37913,20.10575,0.0687,22.695455,2.713636
07/18/2019 23:42:00.000000,0.320476,16.1545,0.06845,0.018726,2.176923
07/18/2019 23:43:00.000000,0.293269,11.619,0.07145,8.969767,4.276744
07/18/2019 23:44:00.000000,0.307742,16.4295,0.07275,14.265,4.02
07/18/2019 23:45:00.000000,0.302971,24.81225,0.07115,0.026931,3.557143
07/18/2019 23:46:00.000000,0.548677,15.36725,0.0702,25.563636,5.434091
07/18/2019 23:47:00.000000,0.807931,10.0195,0.0706,0.022435,3.046512
07/18/2019 23:48:00.000000,0.589416,15.53025,0.06065,0.029719,4.13
07/18/2019 23:49:00.000000,0.382129,,,,
07/18/2019 23:50:00.000000,0.360143,15.8685,0.071425,27.22093,4.997674
07/18/2019 23:51:00.000000,0.447254,13.758,0.069575,0.02203,3.44878
07/18/2019 23:52:00.000000,0.476914,8.65125,0.0719,12.325581,4.42093
07/18/2019 23:53:00.000000,0.302015,7.102,0.07545,9.514286,3.585714
07/18/2019 23:54:00.000000,0.222109,31.87975,0.06915,20.992857,4.171429
07/18/2019 23:55:00.000000,0.275372,15.7575,0.06645,0.035766,4.728571
07/18/2019 23:56:00.000000,0.273899,9.04925,0.07435,0.034687,5.228571
07/18/2019 23:57:00.000000,0.208089,7.47825,0.07705,0.031,3.77
07/18/2019 23:58:00.000000,0.165357,6.41475,0.07785,0.007306,2.214286
07/18/2019 23:59:00.000000,0.172169,16.0635,0.074175,0.007194,2.682927
07/19/2019 00:00:00.000000,0.270697,16.451,0.068325,14.868293,2.458537
07/19/2019 00:01:00.000000,0.337553,16.831,0.06675,24.188372,1.711628
07/19/2019 00:02:00.000000,0.369866,12.07975,0.067525,0.024271,2.490476
07/19/2019 00:03:00.000000,0.298076,16.7345,0.0674,0.020569,5.109302
07/19/2019 00:04:00.000000,0.358716,17.51175,0.061925,12.0,4.385714
07/19/2019 00:05:00.000000,0.46219,13.77525,0.061475,13.457895,2.976316
07/19/2019 00:06:00.000000,0.371044,16.003,0.06235,14.343182,2.354545
07/19/2019 00:07:00.000000,0.323302,13.0875,0.0637,14.229787,4.789362
07/19/2019 00:08:00.000000,0.30287,16.683,0.0598,0.016083,4.181395
07/19/2019 00:09:00.000000,0.354353,16.81675,0.061275,2.863636,1.840909
07/19/2019 00:10:00.000000,0.402633,12.182,0.0657,0.040029,2.52439
07/19/2019 00:11:00.000000,0.287748,14.907,0.067625,0.043658,7.45
07/19/2019 00:12:00.000000,0.268335,14.71675,0.06765,0.019912,3.828571
07/19/2019 00:13:00.000000,0.288063,18.177,0.0649,0.031211,2.266667
07/19/2019 00:14:00.000000,0.450998,13.471,0.063275,0.024895,3.026316
07/19/2019 00:15:00.000000,0.445614,13.6615,0.067025,10.317073,3.029268
07/19/2019 00:16:00.000000,0.285598,16.06625,0.0658,7.542857,2.485714
07/19/2019 00:17:00.000000,0.478639,25.50075,0.059775,0.016584,3.5
07/19/2019 00:18:00.000000,0.547544,15.1915,0.060525,15.360976,4.280488
07/19/2019 00:19:00.000000,0.502721,20.56625,0.061825,0.04434,2.94878
07/19/2019 00:20:00.000000,0.41784,14.505,0.0622,17.597619,2.871429
07/19/2019 00:21:00.000000,0.39449,13.0665,0.06405,7.82,2.4875
07/19/2019 00:22:00.000000,0.527917,13.32425,0.0645,11.661538,3.876923
07/19/2019 00:23:00.000000,0.473947,13.00675,0.06525,0.032947,3.781081
07/19/2019 00:24:00.000000,0.323018,18.997,0.0631,0.013817,2.928571
07/19/2019 00:25:00.000000,0.357947,10.98025,0.06355,0.015883,4.069231
07/19/2019 00:26:00.000000,0.334427,14.26375,0.0639,8.565116,3.869767
07/19/2019 00:27:00.000000,0.381984,13.32625,0.061325,0.02256,4.307692
07/19/2019 00:28:00.000000,0.328268,14.772,0.0624,0.032605,6.0
07/19/2019 00:29:00.000000,0.298763,,,,
07/19/2019 00:30:00.000000,0.285021,6.874,0.0633,8.546667,1.868889
07/19/2019 00:31:00.000000,0.219896,7.312,0.064675,18.967442,1.723256
07/19/2019 00:32:00.000000,0.306023,7.45075,0.0639,27.228571,3.157143
07/19/2019 00:33:00.000000,0.382736,7.56325,0.06305,0.030244,2.819512
07/19/2019 00:34:00.000000,0.472781,7.88625,0.062425,11.29,2.9475
07/19/2019 00:35:00.000000,0.369507,8.6065,0.0592,0.018646,2.914286
07/19/2019 00:36:00.000000,0.304807,9.505,0.0564,0.003937,2.042857
07/19/2019 00:37:00.000000,0.27293,10.0845,0.0578,12.646154,3.676923
07/19/2019 00:38:00.000000,0.310338,11.2495,0.058875,8.040909,2.359091
07/19/2019 00:39:00.000000,0.340697,14.7655,0.059,0.022214,1.411628
07/19/2019 00:40:00.000000,0.321959,12.74375,0.0597,6.957895,1.789474
07/19/2019 00:41:00.000000,0.303433,12.79725,0.059725,5.917073,1.558537
07/19/2019 00:42:00.000000,0.254124,7.576,0.062675,7.197778,1.922222
07/19/2019 00:43:00.000000,0.177822,8.09125,0.062975,0.005011,2.088372
07/19/2019 00:44:00.000000,0.191213,8.11975,0.062775,0.008009,2.016667
07/19/2019 00:45:00.000000,0.203936,7.9835,0.063575,6.461538,1.492308
07/19/2019 00:46:00.000000,0.203241,6.127,0.0622,0.026901,2.604651
07/19/2019 00:47:00.000000,0.316933,12.9185,0.05795,11.957143,2.028571
07/19/2019 00:48:00.000000,0.335899,9.7905,0.058775,0.007675,1.985714
07/19/2019 00:49:00.000000,0.249432,,,,
07/19/2019 00:50:00.000000,0.189048,11.04225,0.05845,0.007083,2.038462
07/19/2019 00:51:00.000000,0.189352,10.8095,0.05845,21.475,3.995
07/19/2019 00:52:00.000000,0.186991,12.3965,0.05725,0.017472,2.792308
07/19/2019 00:53:00.000000,0.205631,9.4455,0.056975,12.352381,3.7
07/19/2019 00:54:00.000000,0.21102,9.2005,0.05845,19.965,3.22
07/19/2019 00:55:00.000000,0.255344,10.26975,0.05695,16.014286,7.642857
07/19/2019 00:56:00.000000,0.304579,9.593,0.05675,13.26,3.64
07/19/2019 00:57:00.000000,0.23937,7.7115,0.059175,0.012731,3.546341
07/19/2019 00:58:00.000000,0.189799,6.7625,0.059225,0.013668,2.746667
07/19/2019 00:59:00.000000,0.255583,6.78,0.0583,15.74186,2.111628
07/19/2019 01:00:00.000000,0.329383,8.72975,0.05745,0.010589,2.0825
07/19/2019 01:01:00.000000,0.372563,10.492,0.05625,0.025584,4.225
07/19/2019 01:02:00.000000,0.315566,21.9795,0.052225,22.293023,2.506977
07/19/2019 01:03:00.000000,0.298215,14.59575,0.051975,0.01491,2.612195
07/19/2019 01:04:00.000000,0.311744,11.14175,0.054425,20.814286,2.283333
07/19/2019 01:05:00.000000,0.292175,10.19675,0.0554,9.657143,2.628571
07/19/2019 01:06:00.000000,0.254604,10.19475,0.05595,0.020326,4.081818
07/19/2019 01:07:00.000000,0.186337,18.78475,0.05305,0.024327,3.369231
07/19/2019 01:08:00.000000,0.336469,18.65925,0.04995,0.047406,7.515385
07/19/2019 01:09:00.000000,0.419934,,,,
07/19/2019 01:10:00.000000,0.250061,7.68,0.0531,0.096581,3.52
07/19/2019 01:11:00.000000,0.251078,14.879,0.049825,0.051644,2.56
07/19/2019 01:12:00.000000,0.275365,30.53625,0.05135,12.585714,2.416667
07/19/2019 01:13:00.000000,0.291152,10.93575,0.054825,0.00955,2.820455
07/19/2019 01:14:00.000000,0.227577,13.16925,0.053575,18.27619,2.9
07/19/2019 01:15:00.000000,0.276237,13.51725,0.051975,0.02265,2.815
07/19/2019 01:16:00.000000,0.394405,13.076,0.05135,13.352381,1.942857
07/19/2019 01:17:00.000000,0.293133,13.01625,0.052575,7.013636,2.209091
07/19/2019 01:18:00.000000,0.224484,17.334,0.049625,0.008737,2.047727
07/19/2019 01:19:00.000000,0.291874,16.336,0.046425,0.042729,3.85
07/19/2019 01:20:00.000000,0.31806,18.615,0.046025,15.455814,3.111628
07/19/2019 01:21:00.000000,0.347646,15.45675,0.048025,0.026846,2.636585
07/19/2019 01:22:00.000000,0.286089,13.23125,0.05225,0.003905,1.4625
07/19/2019 01:23:00.000000,0.303821,13.49325,0.050175,0.028758,4.313953
07/19/2019 01:24:00.000000,0.35945,13.46975,0.050575,10.718182,2.772727
07/19/2019 01:25:00.000000,0.365743,12.10125,0.051075,17.733333,4.647619
07/19/2019 01:26:00.000000,0.301006,15.4865,0.0511,0.008059,2.336842
07/19/2019 01:27:00.000000,0.271913,13.989,0.0528,11.407143,3.6
07/19/2019 01:28:00.000000,0.325617,28.403,0.03845,0.003688,2.2
07/19/2019 01:29:00.000000,0.418849,,,,
07/19/2019 01:30:00.000000,0.43055,24.891,0.043,7.956098,2.646341
07/19/2019 01:31:00.000000,0.347049,16.12975,0.046675,12.173171,3.721951
07/19/2019 01:32:00.000000,0.350832,15.76225,0.051075,0.007332,3.674419
07/19/2019 01:33:00.000000,0.31125,11.87125,0.05345,8.75814,3.255814
07/19/2019 01:34:00.000000,0.263826,11.423,0.055025,0.003238,2.054545
07/19/2019 01:35:00.000000,0.247991,11.35925,0.0557,17.19,2.675
07/19/2019 01:36:00.000000,0.337851,14.1,0.055675,16.082927,2.373171
07/19/2019 01:37:00.000000,0.423484,12.33975,0.05395,0.055522,2.214286
07/19/2019 01:38:00.000000,0.355129,15.22,0.050675,0.036235,3.469231
07/19/2019 01:39:00.000000,0.313014,12.67425,0.051825,14.469767,2.151163
07/19/2019 01:40:00.000000,0.27686,15.61175,0.052575,0.013819,1.642857
07/19/2019 01:41:00.000000,0.315497,24.34625,0.0473,0.020622,2.365
07/19/2019 01:42:00.000000,0.354031,29.58275,0.044325,0.058665,2.670732
07/19/2019 01:43:00.000000,0.31795,16.56475,0.0483,0.018086,2.44186
07/19/2019 01:44:00.000000,0.318645,13.00575,0.05155,0.017011,3.541463
07/19/2019 01:45:00.000000,0.332661,16.717,0.050975,0.019592,4.045455
07/19/2019 01:46:00.000000,0.351053,17.14325,0.0487,21.328571,2.933333
07/19/2019 01:47:00.000000,0.449966,21.49325,0.045525,0.01282,2.953846
07/19/2019 01:48:00.000000,0.485729,27.25975,0.042575,23.2,2.49
07/19/2019 01:49:00.000000,0.447346,22.589,0.0423,25.385714,3.685714
07/19/2019 01:50:00.000000,0.446797,19.12775,0.0456,0.022156,2.810811
07/19/2019 01:51:00.000000,0.356061,16.75525,0.048775,11.495238,3.285714
07/19/2019 01:52:00.000000,0.324468,15.52725,0.0494,0.032073,5.12093
07/19/2019 01:53:00.000000,0.355766,14.20675,0.05145,0.008518,2.935
07/19/2019 01:54:00.000000,0.380329,14.05425,0.05155,0.035458,4.0
07/19/2019 01:55:00.000000,0.39837,15.2475,0.049675,19.176923,5.061538
07/19/2019 01:56:00.000000,0.409388,13.62825,0.0502,8.836364,4.163636
07/19/2019 01:57:00.000000,0.323299,16.444,0.049525,0.009082,3.4
07/19/2019 01:58:00.000000,0.269098,13.38375,0.049625,4.580488,2.387805
07/19/2019 01:59:00.000000,0.224801,12.99325,0.05115,0.016242,4.831111
07/19/2019 02:00:00.000000,0.21001,13.20175,0.05015,26.876923,4.553846
07/19/2019 02:01:00.000000,0.243537,15.50575,0.047325,0.011619,3.066667
07/19/2019 02:02:00.000000,0.364369,15.615,0.04805,0.021248,2.369767
07/19/2019 02:03:00.000000,0.348011,11.73875,0.049875,0.007802,2.386667
07/19/2019 02:04:00.000000,0.25223,13.98325,0.049525,0.017996,2.227273
07/19/2019 02:05:00.000000,0.29687,15.34275,0.0481,0.028013,3.657143
07/19/2019 02:06:00.000000,0.352055,15.00875,0.049025,0.039496,4.244186
07/19/2019 02:07:00.000000,0.430814,16.58075,0.048,28.0625,3.425
07/19/2019 02:08:00.000000,0.426545,22.32725,0.043725,0.039737,7.163415
07/19/2019 02:09:00.000000,0.358203,,,,
07/19/2019 02:10:00.000000,0.330977,16.43675,0.043925,0.038908,1.807692
07/19/2019 02:11:00.000000,0.301411,13.27675,0.047925,0.02526,2.895122
07/19/2019 02:12:00.000000,0.215808,16.2605,0.045975,0.004524,2.246341
07/19/2019 02:13:00.000000,0.17592,22.2955,0.045225,0.022024,2.953659
07/19/2019 02:14:00.000000,0.190683,20.295,0.0432,15.62,3.015
07/19/2019 02:15:00.000000,0.236919,25.1225,0.03855,0.013523,3.935
07/19/2019 02:16:00.000000,0.356275,18.811,0.039525,6.982927,3.160976
07/19/2019 02:17:00.000000,0.316706,18.5055,0.0426,15.045238,2.314286
07/19/2019 02:18:00.000000,0.254592,14.69825,0.04535,6.17,2.115
07/19/2019 02:19:00.000000,0.230119,14.2885,0.0457,0.009069,2.272093
07/19/2019 02:20:00.000000,0.227625,15.492,0.044825,0.00997,2.726829
07/19/2019 02:21:00.000000,0.263884,15.777,0.042825,0.018127,3.5425
07/19/2019 02:22:00.000000,0.270891,16.2145,0.041275,10.944186,2.753488
07/19/2019 02:23:00.000000,0.397986,16.6975,0.041475,23.488889,1.671111
07/19/2019 02:24:00.000000,0.555436,17.274,0.04025,0.009293,2.435
07/19/2019 02:25:00.000000,0.480346,18.3005,0.0382,0.014119,2.09
07/19/2019 02:26:00.000000,0.230437,19.2685,0.038275,6.866667,3.3
07/19/2019 02:27:00.000000,0.197673,19.8335,0.03935,9.4,3.415789
07/19/2019 02:28:00.000000,0.222236,20.66375,0.0392,0.011122,4.42439
07/19/2019 02:29:00.000000,0.332152,,,,
07/19/2019 02:30:00.000000,0.296567,22.14975,0.0372,7.225,2.745
07/19/2019 02:31:00.000000,0.261379,22.7885,0.036475,0.003991,2.7
07/19/2019 02:32:00.000000,0.271348,23.14975,0.03605,28.77619,3.642857
07/19/2019 02:33:00.000000,0.246919,23.16075,0.036225,0.016448,4.31
07/19/2019 02:34:00.000000,0.255433,22.88175,0.038475,5.395652,3.965217
07/19/2019 02:35:00.000000,0.325213,30.62275,0.03425,3.1125,2.965
07/19/2019 02:36:00.000000,0.535691,28.33925,0.03145,0.038265,3.133333
07/19/2019 02:37:00.000000,0.384087,20.05825,0.03795,6.115385,1.761538
07/19/2019 02:38:00.000000,0.235089,18.52125,0.0412,23.786047,3.090698
07/19/2019 02:39:00.000000,0.222799,16.66475,0.042175,0.027696,4.690698
07/19/2019 02:40:00.000000,0.237375,17.34175,0.04235,4.504651,2.662791
07/19/2019 02:41:00.000000,0.230973,17.44075,0.042475,0.014719,3.928571
07/19/2019 02:42:00.000000,0.212134,17.19075,0.04455,0.017577,2.431579
07/19/2019 02:43:00.000000,0.18979,16.528,0.046325,0.027861,2.95
07/19/2019 02:44:00.000000,0.182134,15.9245,0.04595,26.718605,3.1
07/19/2019 02:45:00.000000,0.185783,15.3055,0.045675,0.005418,2.071429
07/19/2019 02:46:00.000000,0.181157,14.77025,0.04605,0.002916,2.156098
07/19/2019 02:47:00.000000,0.181119,14.0755,0.0472,0.002651,2.031579
07/19/2019 02:48:00.000000,0.177657,13.5495,0.045375,0.021996,4.115385
07/19/2019 02:49:00.000000,0.181345,,,,
07/19/2019 02:50:00.000000,0.21027,13.799,0.04045,16.713953,3.253488
07/19/2019 02:51:00.000000,0.225217,14.60125,0.04075,0.014897,3.511765
07/19/2019 02:52:00.000000,0.338535,15.29125,0.040975,0.016702,3.0
07/19/2019 02:53:00.000000,0.358998,16.0975,0.0392,0.027126,4.1
07/19/2019 02:54:00.000000,0.26755,16.8525,0.038125,0.023793,5.1625
07/19/2019 02:55:00.000000,0.266316,18.08225,0.03695,2.58125,2.196875
07/19/2019 02:56:00.000000,0.319202,26.75925,0.03215,16.192105,3.481579
07/19/2019 02:57:00.000000,0.375256,32.012,0.02695,0.024011,4.204545
07/19/2019 02:58:00.000000,0.425021,26.487,0.0287,22.790244,4.3
07/19/2019 02:59:00.000000,0.327201,23.39925,0.033575,0.012517,3.75
07/19/2019 03:00:00.000000,0.249023,15.2765,0.040125,0.017587,3.430769
07/19/2019 03:01:00.000000,0.214106,16.89525,0.04225,15.871429,3.9
07/19/2019 03:02:00.000000,0.300219,24.4955,0.036375,13.0,4.861111
07/19/2019 03:03:00.000000,0.370259,24.17475,0.03605,13.516667,4.67619
07/19/2019 03:04:00.000000,0.391002,23.46725,0.0374,0.022617,4.941463
07/19/2019 03:05:00.000000,0.947792,22.9815,0.03615,0.017593,4.231707
07/19/2019 03:06:00.000000,0.854826,30.70575,0.03215,8.107317,3.246341
07/19/2019 03:07:00.000000,0.374898,34.218,0.028625,0.026108,4.380488
07/19/2019 03:08:00.000000,0.328075,26.70475,0.0295,0.012863,4.002439
07/19/2019 03:09:00.000000,0.289527,25.88525,0.0319,0.008871,3.392308
07/19/2019 03:10:00.000000,0.235501,26.20825,0.0311,0.012466,4.32439
07/19/2019 03:11:00.000000,0.219117,26.156,0.0309,0.010537,3.560976
07/19/2019 03:12:00.000000,0.220881,26.103,0.0314,10.75,2.45
07/19/2019 03:13:00.000000,0.212088,25.74725,0.0338,0.00958,2.557143
07/19/2019 03:14:00.000000,0.205492,25.16275,0.036725,10.171429,3.971429
07/19/2019 03:15:00.000000,0.198936,24.661,0.036125,14.371429,4.714286
07/19/2019 03:16:00.000000,0.212659,24.157,0.03535,0.011343,3.7
07/19/2019 03:17:00.000000,0.229326,23.7855,0.0339,0.022961,3.331579
07/19/2019 03:18:00.000000,0.280254,23.57775,0.03085,20.965116,3.04186
07/19/2019 03:19:00.000000,0.321231,23.62125,0.0304,0.007167,2.916279
07/19/2019 03:20:00.000000,0.311697,23.8615,0.029725,13.739474,3.247368
07/19/2019 03:21:00.000000,0.381199,24.66375,0.028425,0.037811,4.661111
07/19/2019 03:22:00.000000,0.348445,25.66375,0.0282,0.01982,3.24878
07/19/2019 03:23:00.000000,0.289082,26.53875,0.02845,0.008652,3.25814
07/19/2019 03:24:00.000000,0.27702,29.107,0.02805,9.512195,3.982927
07/19/2019 03:25:00.000000,0.328724,31.42625,0.026975,17.285714,4.271429
07/19/2019 03:26:00.000000,0.341467,35.41075,0.024425,13.442857,5.242857
07/19/2019 03:27:00.000000,0.364612,34.32525,0.022775,0.01418,3.3375
07/19/2019 03:28:00.000000,0.306823,30.6325,0.0251,0.026663,4.345
07/19/2019 03:29:00.000000,0.281718,39.14925,0.020975,0.025302,4.685714
07/19/2019 03:30:00.000000,0.302134,31.557,0.021475,0.015018,3.773684
07/19/2019 03:31:00.000000,0.322361,38.052,0.021325,0.019959,3.84878
07/19/2019 03:32:00.000000,0.318735,36.1985,0.0211,11.538235,4.385294
07/19/2019 03:33:00.000000,0.302636,31.56875,0.02365,0.013779,3.983333
07/19/2019 03:34:00.000000,0.296625,27.36325,0.029625,0.01561,5.041463
07/19/2019 03:35:00.000000,0.295435,27.4605,0.0298,0.028814,4.184615
07/19/2019 03:36:00.000000,0.329222,40.2615,0.0208,0.019238,5.861538
07/19/2019 03:37:00.000000,0.425059,36.778,0.017975,0.024593,5.339535
07/19/2019 03:38:00.000000,0.342355,24.64925,0.027125,0.015281,5.370732
07/19/2019 03:39:00.000000,0.275086,16.9795,0.036275,5.125,3.275
07/19/2019 03:40:00.000000,0.255428,11.49075,0.04285,9.843902,4.041463
07/19/2019 03:41:00.000000,0.232562,12.72525,0.042325,0.015275,3.442105
07/19/2019 03:42:00.000000,0.255073,12.52425,0.042675,0.007714,3.035714
07/19/2019 03:43:00.000000,0.230421,12.57775,0.043775,0.009284,3.518182
07/19/2019 03:44:00.000000,0.210878,12.75475,0.044175,0.016108,4.460465
07/19/2019 03:45:00.000000,0.19698,12.673,0.0441,0.015173,3.65
07/19/2019 03:46:00.000000,0.194525,14.8825,0.041725,0.009087,3.327907
07/19/2019 03:47:00.000000,0.234713,16.516,0.0393,12.090476,3.042857
07/19/2019 03:48:00.000000,0.236687,20.27925,0.037125,3.833333,2.576923
07/19/2019 03:49:00.000000,0.326984,22.4995,0.033675,0.003845,3.082353
07/19/2019 03:50:00.000000,0.390733,22.4135,0.03415,24.366667,2.933333
07/19/2019 03:51:00.000000,0.452811,22.07225,0.03685,15.691176,3.579412
07/19/2019 03:52:00.000000,0.561918,21.51175,0.0388,0.017181,3.0225
07/19/2019 03:53:00.000000,0.358189,20.93275,0.039125,14.675,4.3875
07/19/2019 03:54:00.000000,0.261569,20.10725,0.0402,0.013626,2.907692
07/19/2019 03:55:00.000000,0.216509,19.242,0.0412,0.012407,3.542857
07/19/2019 03:56:00.000000,0.199461,18.6635,0.039975,0.010209,3.365116
07/19/2019 03:57:00.000000,0.21323,18.35675,0.038375,0.016827,5.04375
07/19/2019 03:58:00.000000,0.236853,18.06225,0.03825,0.029461,4.005263
07/19/2019 03:59:00.000000,0.449991,18.623,0.0343,0.018389,5.6
07/19/2019 04:00:00.000000,0.786205,19.1685,0.03325,0.011937,3.953846
07/19/2019 04:01:00.000000,0.645472,19.2325,0.037025,0.004467,2.58
07/19/2019 04:02:00.000000,0.064313,19.5395,0.037475,6.99,3.25
07/19/2019 04:03:00.000000,0.017404,20.29075,0.035875,0.011355,3.4825
07/19/2019 04:04:00.000000,0.004843,20.815,0.035775,16.497561,3.243902
07/19/2019 04:05:00.000000,0.000437,24.403,0.0304,0.016116,3.718182
07/19/2019 04:06:00.000000,0.005578,24.521,0.025925,9.39,4.295
07/19/2019 04:07:00.000000,0.007903,39.726,0.021675,15.257143,5.0
07/19/2019 04:08:00.000000,0.005628,45.502,0.018675,23.214634,4.187805
07/19/2019 04:09:00.000000,0.008995,31.66725,0.0348,0.027991,3.142857
07/19/2019 04:10:00.000000,0.007267,25.797,0.029625,18.172093,3.344186
07/19/2019 04:11:00.000000,0.006263,19.5735,0.036225,21.716667,4.983333
07/19/2019 04:12:00.000000,0.137162,23.0665,0.036725,13.575,4.875
07/19/2019 04:13:00.000000,0.511734,21.68475,0.035825,0.024914,3.125581
07/19/2019 04:14:00.000000,0.83511,20.87425,0.036975,15.51,3.5425
07/19/2019 04:15:00.000000,0.911923,20.35275,0.039675,0.014422,4.214286
07/19/2019 04:16:00.000000,0.70418,18.99375,0.043325,9.473171,4.380488
07/19/2019 04:17:00.000000,0.402901,18.48175,0.04195,0.011923,4.143902
07/19/2019 04:18:00.000000,0.301258,18.45,0.039733,0.010873,3.338462
07/19/2019 04:19:00.000000,0.334976,18.39375,0.03845,0.009365,3.025641
07/19/2019 04:20:00.000000,0.317325,17.90825,0.040275,0.018088,4.468182
07/19/2019 04:21:00.000000,0.251461,17.26725,0.042225,0.004675,2.782051
07/19/2019 04:22:00.000000,0.231615,16.2795,0.042875,1.917073,1.902439
07/19/2019 04:23:00.000000,0.228689,15.6005,0.04545,15.995,4.52
07/19/2019 04:24:00.000000,0.219602,15.4495,0.04585,0.01095,3.463415
07/19/2019 04:25:00.000000,0.218673,15.107,0.0444,0.003835,2.597674
07/19/2019 04:26:00.000000,0.2313,14.016,0.04628,17.293333,5.98
07/19/2019 04:27:00.000000,0.2185,12.86175,0.048975,0.017532,2.706061
07/19/2019 04:28:00.000000,0.21042,11.947,0.050233,0.02063,2.938462
07/19/2019 04:29:00.000000,0.195127,,,,
07/19/2019 04:30:00.000000,0.203472,11.59475,0.04656,0.006072,2.4
07/19/2019 04:31:00.000000,0.211715,11.59725,0.046825,11.6125,3.933333
07/19/2019 04:32:00.000000,0.234769,11.36175,0.04725,0.008854,3.154545
07/19/2019 04:33:00.000000,0.239252,10.8995,0.0487,2.625,2.20625
07/19/2019 04:34:00.000000,0.227915,10.75175,0.048875,17.908333,2.383333
07/19/2019 04:35:00.000000,0.259124,11.08225,0.045033,0.020621,2.483333
07/19/2019 04:36:00.000000,0.249859,11.284667,0.0468,13.985,4.2
07/19/2019 04:37:00.000000,0.253595,11.1755,0.047775,0.012722,4.173684
07/19/2019 04:38:00.000000,0.268824,16.05575,0.04535,18.285,9.285
07/19/2019 04:39:00.000000,0.288888,17.52375,0.04365,8.651351,4.664865
07/19/2019 04:40:00.000000,0.294992,16.6755,0.042375,7.122727,4.404545
07/19/2019 04:41:00.000000,0.254471,16.2785,0.04395,10.566667,3.064444
07/19/2019 04:42:00.000000,0.256309,16.11275,0.044275,6.868182,2.627273
07/19/2019 04:43:00.000000,0.257246,15.5855,0.0455,0.019728,2.258537
07/19/2019 04:44:00.000000,0.2596,15.3615,0.04425,0.009951,2.716279
07/19/2019 04:45:00.000000,0.298985,15.55775,0.041175,16.193023,3.660465
07/19/2019 04:46:00.000000,0.29896,13.34525,0.039425,13.723077,2.953846
07/19/2019 04:47:00.000000,0.265337,0.38075,0.04145,5.487805,3.909756
07/19/2019 04:48:00.000000,0.22977,0.04675,0.045125,12.65641,2.576923
07/19/2019 04:49:00.000000,0.19986,0.0,0.04745,9.773171,2.726829
07/19/2019 04:50:00.000000,0.194473,-9999.0,0.048425,0.01757,2.7175
07/19/2019 04:51:00.000000,0.194618,-9999.0,0.047675,0.003598,1.961538
07/19/2019 04:52:00.000000,0.227273,-9999.0,0.044975,0.011505,2.58
07/19/2019 04:53:00.000000,0.287642,-9999.0,0.041975,10.442857,2.785714
07/19/2019 04:54:00.000000,0.315202,-9999.0,0.0364,8.118182,2.454545
07/19/2019 04:55:00.000000,0.369182,-9999.0,0.03095,14.297561,2.926829
07/19/2019 04:56:00.000000,0.401464,-9999.0,0.033275,9.931707,4.195122
07/19/2019 04:57:00.000000,0.342772,3.26325,0.039475,0.009318,3.546341
07/19/2019 04:58:00.000000,0.305126,11.7335,0.044225,6.715152,2.527273
07/19/2019 04:59:00.000000,0.282297,13.399,0.041875,2.8,2.246667
07/19/2019 05:00:00.000000,0.309271,13.7565,0.039725,0.014863,4.265116
07/19/2019 05:01:00.000000,0.277932,13.3845,0.0422,0.014415,2.738462
07/19/2019 05:02:00.000000,0.311877,13.048,0.0428,0.020612,2.316279
07/19/2019 05:03:00.000000,0.327005,12.511,0.043875,3.778049,1.958537
07/19/2019 05:04:00.000000,0.244737,11.534,0.042825,0.007646,2.729268
07/19/2019 05:05:00.000000,0.235802,10.44175,0.041625,26.842857,3.316667
07/19/2019 05:06:00.000000,0.239407,9.4835,0.041075,16.192857,2.628571
07/19/2019 05:07:00.000000,0.238038,8.40025,0.039475,0.028146,2.753846
07/19/2019 05:08:00.000000,0.314107,7.0985,0.0366,31.565854,5.531707
07/19/2019 05:09:00.000000,0.353158,6.0355,0.033775,0.032841,6.17
07/19/2019 05:10:00.000000,0.296977,5.24025,0.03215,0.008968,3.962791
07/19/2019 05:11:00.000000,0.252561,4.76625,0.031375,3.0,2.914286
07/19/2019 05:12:00.000000,0.220014,4.61825,0.0286,0.010731,5.028571
07/19/2019 05:13:00.000000,0.244546,4.44875,0.021475,0.006125,3.961538
07/19/2019 05:14:00.000000,0.353836,4.05525,0.015975,26.0,6.023256
07/19/2019 05:15:00.000000,0.412725,3.72075,0.019,0.021025,4.808108
07/19/2019 05:16:00.000000,0.465078,1.86825,0.024375,0.020508,6.015789
07/19/2019 05:17:00.000000,0.511645,84.6265,0.026775,33.617647,13.452941
07/19/2019 05:18:00.000000,0.350782,318.5335,0.025325,0.029624,6.063889
07/19/2019 05:19:00.000000,0.299984,342.162,0.0239,17.385,6.5
07/19/2019 05:20:00.000000,0.386894,342.3385,0.02025,0.02097,7.166667
07/19/2019 05:21:00.000000,0.488346,341.58525,0.01645,10.759459,4.475676
07/19/2019 05:22:00.000000,0.575634,341.3485,0.016525,37.507692,4.569231
07/19/2019 05:23:00.000000,0.532526,341.35925,0.018,42.75122,7.929268
07/19/2019 05:24:00.000000,0.462936,341.46975,0.02155,0.030652,5.75
07/19/2019 05:25:00.000000,0.409795,341.67575,0.025425,0.027487,6.22439
07/19/2019 05:26:00.000000,0.367102,319.0845,0.027275,0.019623,6.494118
07/19/2019 05:27:00.000000,0.365726,43.1765,0.0249,9.15,5.285714
07/19/2019 05:28:00.000000,0.379839,0.22175,0.01865,22.470588,12.182353
07/19/2019 05:29:00.000000,0.418268,,,,
07/19/2019 05:30:00.000000,0.430842,-9999.0,0.0183,15.882857,4.62
07/19/2019 05:31:00.000000,0.416044,-9999.0,0.01996,0.01241,4.39375
07/19/2019 05:32:00.000000,0.406489,-9999.0,0.020867,0.028085,4.98125
07/19/2019 05:33:00.000000,0.394423,-9999.0,0.02215,41.02439,5.256098
07/19/2019 05:34:00.000000,0.393217,-9999.0,0.02175,19.37381,6.671429
07/19/2019 05:35:00.000000,0.404839,-9999.0,0.02015,0.008,4.671429
07/19/2019 05:36:00.000000,0.42885,8.9065,0.02,0.016437,4.385714
07/19/2019 05:37:00.000000,0.445177,28.3555,0.02075,0.025886,5.5375
07/19/2019 05:38:00.000000,0.442719,28.685,0.0213,43.642857,6.283333
07/19/2019 05:39:00.000000,0.446731,28.42475,0.02185,0.031141,5.907692
07/19/2019 05:40:00.000000,0.472454,28.25925,0.0214,11.308108,5.043243
07/19/2019 05:41:00.000000,0.467537,28.11825,0.021425,19.931707,6.02439
07/19/2019 05:42:00.000000,0.440437,27.9545,0.021925,16.26,5.862222
07/19/2019 05:43:00.000000,0.423197,27.723,0.022675,9.540909,5.022727
07/19/2019 05:44:00.000000,0.42089,27.37825,0.023425,0.024752,4.986364
07/19/2019 05:45:00.000000,0.410291,26.913,0.024625,6.109756,4.146341
07/19/2019 05:46:00.000000,0.419045,26.26375,0.025975,0.031414,5.607692
07/19/2019 05:47:00.000000,1.353781,25.51725,0.0273,0.028195,4.455
07/19/2019 05:48:00.000000,3.234476,24.779,0.027925,0.021115,4.8
07/19/2019 05:49:00.000000,3.80528,24.1665,0.02805,0.01756,5.778049
07/19/2019 05:50:00.000000,3.862753,23.68225,0.0279,19.616667,7.438095
07/19/2019 05:51:00.000000,3.869455,23.294,0.0271,11.47381,6.6
07/19/2019 05:52:00.000000,3.873768,22.90275,0.0271,17.438095,5.078571
07/19/2019 05:53:00.000000,3.874513,22.5355,0.027625,0.032589,6.534884
07/19/2019 05:54:00.000000,3.873518,22.16725,0.02925,0.019507,5.171429
07/19/2019 05:55:00.000000,3.876086,21.8845,0.03045,0.00758,4.555814
07/19/2019 05:56:00.000000,3.699048,21.59175,0.0307,0.027252,4.7625
07/19/2019 05:57:00.000000,1.867176,21.19775,0.0311,0.022686,4.628571
07/19/2019 05:58:00.000000,0.193214,20.841,0.0305,11.64878,4.002439
07/19/2019 05:59:00.000000,0.007069,20.559,0.029125,17.914286,5.871429
07/19/2019 06:00:00.000000,0.005504,20.3605,0.0292,0.015642,5.163636
07/19/2019 06:01:00.000000,0.002951,20.303,0.0294,0.015114,6.105
07/19/2019 06:02:00.000000,0.003615,20.44975,0.029,11.675,4.94
07/19/2019 06:03:00.000000,0.004881,20.57575,0.028875,0.009869,4.7
07/19/2019 06:04:00.000000,0.001266,25.78175,0.0278,0.011671,5.404762
07/19/2019 06:05:00.000000,0.00282,21.6055,0.028275,14.104762,6.7
07/19/2019 06:06:00.000000,-9999.0,21.209,0.030075,15.72,5.115
07/19/2019 06:07:00.000000,0.062638,20.15125,0.0303,13.42439,4.714634
07/19/2019 06:08:00.000000,0.250006,20.11025,0.02945,15.89,5.21
07/19/2019 06:09:00.000000,0.322424,20.17675,0.02925,11.378571,5.814286
07/19/2019 06:10:00.000000,0.329494,20.18875,0.0296,24.971429,5.3
07/19/2019 06:11:00.000000,0.329764,20.1035,0.03,12.67561,4.346341
07/19/2019 06:12:00.000000,0.327125,20.0115,0.030725,9.116667,4.283333
07/19/2019 06:13:00.000000,0.319374,19.70675,0.0322,0.016978,5.509091
07/19/2019 06:14:00.000000,0.319797,19.31225,0.03315,0.013267,4.581395
07/19/2019 06:15:00.000000,0.311963,18.876,0.033875,0.013486,3.628571
07/19/2019 06:16:00.000000,0.295055,18.21725,0.03515,24.458536,4.865854
07/19/2019 06:17:00.000000,0.277563,17.513,0.03575,6.097619,3.471429
07/19/2019 06:18:00.000000,0.264312,16.8835,0.03595,0.031415,5.781395
07/19/2019 06:19:00.000000,0.273283,16.50175,0.03535,0.03907,5.6
07/19/2019 06:20:00.000000,0.274209,16.0705,0.0351,0.023886,4.390244
07/19/2019 06:21:00.000000,0.255273,15.62475,0.0364,18.75625,4.103125
07/19/2019 06:22:00.000000,0.244953,14.81375,0.03995,0.011254,4.015385
07/19/2019 06:23:00.000000,0.219696,13.93125,0.042625,47.010811,3.162162
07/19/2019 06:24:00.000000,0.206513,13.31725,0.04235,16.697561,4.365854
07/19/2019 06:25:00.000000,0.207278,13.3275,0.038025,9.936585,3.917073
07/19/2019 06:26:00.000000,0.255454,13.12875,0.037725,22.905,7.0175
07/19/2019 06:27:00.000000,0.255052,12.606,0.04005,0.012746,3.96
07/19/2019 06:28:00.000000,0.217198,12.12625,0.04008,0.016801,4.560606
07/19/2019 06:29:00.000000,0.212136,11.74925,0.041633,0.012093,4.434146
07/19/2019 06:30:00.000000,0.199112,12.02375,0.040775,18.909756,6.363415
07/19/2019 06:31:00.000000,0.203041,12.40875,0.039725,12.928571,4.042857
07/19/2019 06:32:00.000000,0.212243,12.5455,0.040125,15.830233,3.34186
07/19/2019 06:33:00.000000,0.209231,12.17425,0.039,20.665,4.5375
07/19/2019 06:34:00.000000,0.215042,11.76,0.0407,0.007155,3.55
07/19/2019 06:35:00.000000,0.200991,11.66875,0.04155,0.010361,3.985714
07/19/2019 06:36:00.000000,0.198033,11.96775,0.03865,0.013565,4.88
07/19/2019 06:37:00.000000,0.219902,12.30975,0.038025,8.958065,3.258065
07/19/2019 06:38:00.000000,0.226084,12.14025,0.03936,14.141176,4.364706
07/19/2019 06:39:00.000000,0.219149,12.0655,0.0399,0.024568,5.157895
07/19/2019 06:40:00.000000,0.215858,12.064,0.039675,0.02655,5.3
07/19/2019 06:41:00.000000,0.215134,11.8735,0.0401,0.012887,4.038235
07/19/2019 06:42:00.000000,0.211619,11.94575,0.040667,0.01065,4.673077
07/19/2019 06:43:00.000000,0.21438,11.84,0.04132,0.009073,3.73125
07/19/2019 06:44:00.000000,0.214289,11.338,0.042533,10.658065,3.603226
07/19/2019 06:45:00.000000,0.210082,10.9205,0.04258,3.345455,2.690909
07/19/2019 06:46:00.000000,0.213338,10.58525,0.1627,0.017444,3.107692
07/19/2019 06:47:00.000000,0.203332,10.22575,0.236075,4.648837,3.286047
07/19/2019 06:48:00.000000,0.196767,9.87325,0.241075,0.010756,3.9
07/19/2019 06:49:00.000000,0.196764,,,,
07/19/2019 06:50:00.000000,0.197968,9.60575,0.24475,0.019546,5.34
07/19/2019 06:51:00.000000,0.205154,9.62825,0.245,0.016215,4.922727
07/19/2019 06:52:00.000000,0.223226,9.698,0.245025,0.021416,5.466667
07/19/2019 06:53:00.000000,0.249889,9.831,0.245075,5.3,3.78
07/19/2019 06:54:00.000000,0.24658,10.0365,0.245225,7.9,5.387179
07/19/2019 06:55:00.000000,0.236606,10.1835,0.245775,0.012258,4.031579
07/19/2019 06:56:00.000000,0.22267,10.319667,0.2125,10.558974,5.561538
07/19/2019 06:57:00.000000,0.214095,10.39475,-9999.0,0.016211,4.363415
07/19/2019 06:58:00.000000,0.215131,10.53375,-9999.0,9.546154,3.853846
07/19/2019 06:59:00.000000,0.211508,10.573,-9999.0,19.8375,6.265
07/19/2019 07:00:00.000000,0.20994,10.50275,-9999.0,0.011197,3.95
07/19/2019 07:01:00.000000,0.210386,10.47925,-9999.0,0.019332,8.755
07/19/2019 07:02:00.000000,0.209563,10.46,-9999.0,16.768182,5.075
07/19/2019 07:03:00.000000,0.21294,10.548,-9999.0,0.031653,6.366667
07/19/2019 07:04:00.000000,0.219699,10.649,-9999.0,0.010542,4.694737
07/19/2019 07:05:00.000000,0.219535,10.71375,-9999.0,17.297674,6.795349
07/19/2019 07:06:00.000000,0.216621,10.80675,-9999.0,10.666667,6.366667
07/19/2019 07:07:00.000000,0.217276,10.81775,-9999.0,8.735714,4.314286
07/19/2019 07:08:00.000000,0.238741,10.76025,-9999.0,3.927907,3.07907
07/19/2019 07:09:00.000000,0.214345,,,,
07/19/2019 07:10:00.000000,0.193766,10.55725,-9999.0,0.009197,3.962162
07/19/2019 07:11:00.000000,0.188766,10.29325,-9999.0,0.0076,3.605714
07/19/2019 07:12:00.000000,0.184411,10.0745,7.5e-05,8.858537,3.087805
07/19/2019 07:13:00.000000,0.185199,9.833,0.0,12.558537,4.365854
07/19/2019 07:14:00.000000,0.186405,9.6655,0.000125,17.606977,4.772093
07/19/2019 07:15:00.000000,0.189075,9.59875,0.000325,0.015574,5.13
07/19/2019 07:16:00.000000,0.19044,9.6515,0.005,13.94878,4.431707
07/19/2019 07:17:00.000000,0.190336,9.67575,0.045475,13.95,3.96
07/19/2019 07:18:00.000000,0.189935,9.9005,0.03945,9.99,5.43
07/19/2019 07:19:00.000000,0.193101,10.2145,0.039225,20.012195,5.956098
07/19/2019 07:20:00.000000,0.194012,10.53575,0.037475,13.528571,3.942857
07/19/2019 07:21:00.000000,0.242269,10.6205,0.0376,0.010926,4.202326
07/19/2019 07:22:00.000000,0.377777,10.62325,0.038425,4.44878,3.958537
07/19/2019 07:23:00.000000,0.273486,10.6125,0.038825,0.015155,4.325
07/19/2019 07:24:00.000000,0.198302,10.67175,0.0382,18.890909,7.077273
07/19/2019 07:25:00.000000,0.194344,10.7815,0.037825,0.01049,4.597561
07/19/2019 07:26:00.000000,0.19528,10.95825,0.0368,0.01958,3.671429
07/19/2019 07:27:00.000000,0.206832,11.1595,0.035975,12.114286,3.85
07/19/2019 07:28:00.000000,0.211077,11.172,0.0366,8.052381,4.414286
07/19/2019 07:29:00.000000,0.206169,11.343,0.036975,0.012039,4.672093
07/19/2019 07:30:00.000000,0.197233,11.488,0.03825,0.012613,4.017073
07/19/2019 07:31:00.000000,0.187355,11.58575,0.0383,11.669231,6.079487
07/19/2019 07:32:00.000000,0.183367,11.52075,0.03865,0.026204,5.028571
07/19/2019 07:33:00.000000,0.179878,11.4345,0.0385,18.269767,4.046512
07/19/2019 07:34:00.000000,0.18108,11.079,0.039225,0.015416,6.717073
07/19/2019 07:35:00.000000,0.182627,10.627,0.040025,0.013577,5.253846
07/19/2019 07:36:00.000000,0.176961,10.3565,0.0396,18.353658,4.643902
07/19/2019 07:37:00.000000,0.177826,10.07825,0.038725,0.013042,4.254545
07/19/2019 07:38:00.000000,0.17598,9.75425,0.03965,9.830233,5.146512
07/19/2019 07:39:00.000000,0.172941,9.487,0.04015,0.00507,3.763415
07/19/2019 07:40:00.000000,0.169034,9.3045,0.040175,6.56,3.5
07/19/2019 07:41:00.000000,0.165542,9.1625,0.039825,0.015378,5.273333
07/19/2019 07:42:00.000000,0.175845,9.068,0.040025,12.840625,4.334375
07/19/2019 07:43:00.000000,0.178087,9.14525,0.039625,0.004996,3.353488
07/19/2019 07:44:00.000000,0.182748,9.379,0.03765,0.036623,7.533333
07/19/2019 07:45:00.000000,0.201002,9.71275,0.03655,25.12,7.1625
07/19/2019 07:46:00.000000,0.207766,11.33225,0.0365,0.026152,4.461364
07/19/2019 07:47:00.000000,0.197714,14.4715,0.03515,0.030301,7.2
07/19/2019 07:48:00.000000,0.212095,20.60825,0.0298,0.03541,5.805556
07/19/2019 07:49:00.000000,0.240009,15.13925,0.0322,12.755556,5.694444
07/19/2019 07:50:00.000000,0.217617,11.53375,0.036275,12.12439,4.504878
07/19/2019 07:51:00.000000,0.210906,11.03,0.0372,0.024265,5.75122
07/19/2019 07:52:00.000000,0.220359,11.0655,0.03745,13.847368,5.073684
07/19/2019 07:53:00.000000,0.206269,10.93925,0.0385,0.0119,3.777419
07/19/2019 07:54:00.000000,0.188913,10.66375,0.04015,0.012181,4.375862
07/19/2019 07:55:00.000000,0.17402,10.52125,0.0388,16.730769,4.4
07/19/2019 07:56:00.000000,0.174702,10.775,0.036275,0.015855,4.485
07/19/2019 07:57:00.000000,0.178082,10.759,0.037975,0.005608,3.728571
07/19/2019 07:58:00.000000,0.179266,10.7245,0.03815,10.985714,5.016667
07/19/2019 07:59:00.000000,0.184113,10.8365,0.036875,0.032247,4.45
07/19/2019 08:00:00.000000,0.190139,10.91275,0.03695,0.020649,6.434146
07/19/2019 08:01:00.000000,0.186048,11.196,0.036825,12.6,6.383333
07/19/2019 08:02:00.000000,0.186758,11.63825,0.036,13.608108,5.964865
07/19/2019 08:03:00.000000,0.187123,11.889,0.035825,0.020558,4.32439
07/19/2019 08:04:00.000000,0.190824,11.868,0.0354,0.009917,4.084091
07/19/2019 08:05:00.000000,0.192487,12.09,0.035775,0.017061,3.766667
07/19/2019 08:06:00.000000,0.224946,12.28975,0.0362,0.01386,5.655
07/19/2019 08:07:00.000000,0.259881,12.321,0.036025,0.015071,5.916667
07/19/2019 08:08:00.000000,0.202539,12.4335,0.036,0.014843,4.546154
07/19/2019 08:09:00.000000,0.193276,12.53425,0.03505,0.021646,4.043902
07/19/2019 08:10:00.000000,0.185385,12.793,0.033575,0.023149,3.658537
07/19/2019 08:11:00.000000,0.191291,12.975,0.0336,0.016943,3.6
07/19/2019 08:12:00.000000,0.192742,13.2,0.0329,0.022163,5.314286
07/19/2019 08:13:00.000000,0.196978,13.4725,0.0321,0.027341,12.016667
07/19/2019 08:14:00.000000,0.19896,13.66675,0.03275,0.020091,6.053659
07/19/2019 08:15:00.000000,0.195199,13.757667,0.0338,22.34186,5.25814
07/19/2019 08:16:00.000000,0.182665,13.870333,0.034325,0.007469,4.353488
07/19/2019 08:17:00.000000,0.179147,13.9665,0.0341,8.602326,4.027907
07/19/2019 08:18:00.000000,0.172361,13.79325,0.034125,0.011037,3.571429
07/19/2019 08:19:00.000000,0.171833,13.66525,0.034275,0.015869,4.785714
07/19/2019 08:20:00.000000,0.183759,13.532,0.03395,0.019284,4.830769
07/19/2019 08:21:00.000000,0.193055,13.41475,0.033725,14.102273,7.406818
07/19/2019 08:22:00.000000,0.198784,13.295,0.034875,0.014472,5.276923
07/19/2019 08:23:00.000000,0.194655,13.14925,0.03635,13.928571,4.8
07/19/2019 08:24:00.000000,0.188741,13.014,0.036125,15.765854,4.031707
07/19/2019 08:25:00.000000,0.182638,12.8475,0.03585,8.8,4.671429
07/19/2019 08:26:00.000000,0.167823,12.68525,0.036725,35.055,4.8
07/19/2019 08:27:00.000000,0.159542,12.422,0.03795,0.014067,3.705263
07/19/2019 08:28:00.000000,0.155757,12.1455,0.038175,0.012021,4.69
07/19/2019 08:29:00.000000,0.157605,11.77925,0.038825,22.45,5.757143
07/19/2019 08:30:00.000000,0.151984,11.489,0.038975,6.533333,3.483333
07/19/2019 08:31:00.000000,0.150224,11.21425,0.0391,42.857143,4.628571
07/19/2019 08:32:00.000000,0.153158,10.8125,0.039975,0.013623,4.039535
07/19/2019 08:33:00.000000,0.148921,10.4655,0.0399,0.004747,3.469767
07/19/2019 08:34:00.000000,0.151958,10.2235,0.0399,6.325581,4.404651
07/19/2019 08:35:00.000000,0.151065,9.9705,0.040675,3.475,3.24
07/19/2019 08:36:00.000000,0.145451,9.68775,0.040625,0.004425,3.425
07/19/2019 08:37:00.000000,0.149147,9.4855,0.040275,8.365854,4.992683
07/19/2019 08:38:00.000000,0.148424,9.26425,0.03945,6.905,4.535
07/19/2019 08:39:00.000000,0.152074,9.0745,0.039525,0.023899,4.821053
07/19/2019 08:40:00.000000,0.150833,8.923,0.041425,0.005511,3.163158
07/19/2019 08:41:00.000000,0.143148,8.743,0.041775,0.035614,3.405263
07/19/2019 08:42:00.000000,0.153879,8.53925,0.042125,23.782927,3.5
07/19/2019 08:43:00.000000,0.155662,8.382,0.04235,21.359459,5.091892
07/19/2019 08:44:00.000000,0.140168,8.246,0.04205,0.021369,3.436585
07/19/2019 08:45:00.000000,0.141952,8.05175,0.0425,0.015461,4.683333
07/19/2019 08:46:00.000000,0.14095,7.8045,0.0431,0.007763,4.053488
07/19/2019 08:47:00.000000,0.150823,7.61,0.043675,0.011909,3.814634
07/19/2019 08:48:00.000000,0.151945,7.4295,0.04375,0.008418,4.133333
07/19/2019 08:49:00.000000,0.139193,7.27525,0.04355,0.004313,3.195349
07/19/2019 08:50:00.000000,0.139355,7.175,0.0423,19.168293,11.792683
07/19/2019 08:51:00.000000,0.143325,7.12775,0.04205,41.8,5.05
07/19/2019 08:52:00.000000,0.144151,6.98475,0.042875,9.913514,3.313514
07/19/2019 08:53:00.000000,0.138817,6.92275,0.043625,0.006674,3.137209
07/19/2019 08:54:00.000000,0.138278,6.73125,0.044975,3.165854,2.768293
07/19/2019 08:55:00.000000,0.134674,6.621,0.04465,0.004978,3.909091
07/19/2019 08:56:00.000000,0.136021,6.64275,0.04315,0.009587,3.0
07/19/2019 08:57:00.000000,0.141844,6.70475,0.04215,0.012622,3.557895
07/19/2019 08:58:00.000000,0.141794,6.705,0.041825,8.133333,3.2
07/19/2019 08:59:00.000000,0.14258,6.7085,0.041375,3.414286,2.757143
07/19/2019 09:00:00.000000,0.145953,6.7135,0.0421,0.024636,4.492683
07/19/2019 09:01:00.000000,0.140273,6.5815,0.043525,0.01148,3.544186
07/19/2019 09:02:00.000000,0.132994,6.6275,0.043875,7.046341,3.897561
07/19/2019 09:03:00.000000,0.134871,6.70325,0.043,3.288095,2.885714
07/19/2019 09:04:00.000000,0.137321,6.748,0.04105,0.003674,2.87
07/19/2019 09:05:00.000000,0.141575,6.755,0.040425,13.925,5.96
07/19/2019 09:06:00.000000,0.1495,6.71125,0.041125,0.011431,4.865116
07/19/2019 09:07:00.000000,0.14963,6.56575,0.042525,0.004947,3.254545
07/19/2019 09:08:00.000000,0.146737,6.437,0.043325,0.008455,4.861538
07/19/2019 09:09:00.000000,0.14563,6.364,0.045175,6.351163,3.306977
07/19/2019 09:10:00.000000,0.134677,6.2455,0.045275,0.01817,4.97907
07/19/2019 09:11:00.000000,0.133252,6.11325,0.0443,4.223256,3.062791
07/19/2019 09:12:00.000000,0.138824,5.93025,0.0439,30.9625,18.51
07/19/2019 09:13:00.000000,0.137715,5.66775,0.0447,0.014445,5.871429
07/19/2019 09:14:00.000000,0.132752,5.4835,0.04475,7.668293,4.153659
07/19/2019 09:15:00.000000,0.134435,5.3865,0.04415,6.12093,4.213953
07/19/2019 09:16:00.000000,0.135378,5.325,0.0444,0.004168,2.956098
07/19/2019 09:17:00.000000,0.132319,5.31225,0.045075,0.003461,2.7
07/19/2019 09:18:00.000000,0.131235,5.30775,0.0444,6.744186,3.904651
07/19/2019 09:19:00.000000,0.129574,5.20775,0.04435,3.355814,2.927907
07/19/2019 09:20:00.000000,0.124813,5.14675,0.0449,5.17561,3.280488
07/19/2019 09:21:00.000000,0.124502,7.2815,0.044475,0.006709,3.566667
07/19/2019 09:22:00.000000,0.138456,7.64975,0.04335,5.284091,3.6
07/19/2019 09:23:00.000000,0.145742,5.94,0.04285,0.008197,3.517391
07/19/2019 09:24:00.000000,0.142837,5.8355,0.04355,11.6,2.75
07/19/2019 09:25:00.000000,0.134793,5.68325,0.043975,9.839024,3.880488
07/19/2019 09:26:00.000000,0.125918,5.65075,0.0442,0.011281,3.583721
07/19/2019 09:27:00.000000,0.122724,5.62175,0.043775,0.004948,2.902439
07/19/2019 09:28:00.000000,0.123888,5.56925,0.043925,0.005503,3.506977
07/19/2019 09:29:00.000000,0.122813,5.51075,0.0436,0.008875,3.6
07/19/2019 09:30:00.000000,0.118932,5.47125,0.0434,0.011036,4.463636
07/19/2019 09:31:00.000000,0.118994,5.4765,0.04305,0.013286,4.6
07/19/2019 09:32:00.000000,0.122347,5.4515,0.04325,8.161538,4.764103
07/19/2019 09:33:00.000000,0.124205,5.548,0.04295,0.00803,3.685714
07/19/2019 09:34:00.000000,0.125144,5.6705,0.04235,0.003976,2.728571
07/19/2019 09:35:00.000000,0.124798,5.79225,0.0425,0.01694,4.266667
07/19/2019 09:36:00.000000,0.124459,5.85625,0.0433,0.015942,7.266667
07/19/2019 09:37:00.000000,0.123558,5.9235,0.043125,7.475,4.23
07/19/2019 09:38:00.000000,0.124587,5.937,0.0426,7.914286,3.514286
07/19/2019 09:39:00.000000,0.123977,5.92825,0.042575,9.690698,4.274419
07/19/2019 09:40:00.000000,0.125975,5.91725,0.043175,6.739024,4.22439
07/19/2019 09:41:00.000000,0.123045,5.85425,0.04275,8.758537,4.2
07/19/2019 09:42:00.000000,0.120855,5.7615,0.041925,3.55,3.0
07/19/2019 09:43:00.000000,0.124677,5.70825,0.04105,0.004111,3.133333
07/19/2019 09:44:00.000000,0.125623,5.785,0.041525,0.01679,3.114634
07/19/2019 09:45:00.000000,0.124964,5.79925,0.0417,0.0177,4.042857
07/19/2019 09:46:00.000000,0.122543,5.88725,0.041325,8.16,3.775
07/19/2019 09:47:00.000000,0.12268,5.905,0.041725,0.008949,4.297561
07/19/2019 09:48:00.000000,0.119958,5.97325,0.0414,4.994872,3.528205
07/19/2019 09:49:00.000000,0.124256,6.0985,0.040275,14.042857,2.714286
07/19/2019 09:50:00.000000,0.128713,6.13975,0.04125,4.372727,2.6
07/19/2019 09:51:00.000000,0.122748,6.0925,0.04215,0.003942,3.030233
07/19/2019 09:52:00.000000,0.120799,5.99475,0.04205,0.003616,2.845
07/19/2019 09:53:00.000000,0.116752,5.94275,0.042425,0.003467,2.715385
07/19/2019 09:54:00.000000,0.119068,5.96775,0.041975,0.004299,3.375556
07/19/2019 09:55:00.000000,0.122454,6.03375,0.0415,0.009999,3.584615
07/19/2019 09:56:00.000000,0.125933,6.0905,0.041375,4.134146,3.514634
07/19/2019 09:57:00.000000,0.12408,6.099,0.04085,12.242857,3.416667
07/19/2019 09:58:00.000000,0.12665,6.121,0.041925,6.506667,3.573333
07/19/2019 09:59:00.000000,0.121728,6.10725,0.043175,8.475,3.266667
07/19/2019 10:00:00.000000,0.119471,6.17175,0.04295,23.025581,4.539535
07/19/2019 10:01:00.000000,0.117695,6.2025,0.042775,0.022505,4.8
07/19/2019 10:02:00.000000,0.035523,6.262,0.04225,0.005339,3.390244
07/19/2019 10:03:00.000000,0.008897,6.46425,0.041275,5.14878,3.526829
07/19/2019 10:04:00.000000,0.00064,6.359,0.04275,0.00412,3.175
07/19/2019 10:05:00.000000,0.002907,6.23925,0.04395,2.75,2.76
07/19/2019 10:06:00.000000,-9999.0,6.2535,0.043275,0.007065,3.041463
07/19/2019 10:07:00.000000,0.00101,6.3185,0.043,0.005292,3.182222
07/19/2019 10:08:00.000000,-9999.0,6.3035,0.043375,0.004871,3.626829
07/19/2019 10:09:00.000000,-9999.0,6.32625,0.042975,0.004965,3.866667
07/19/2019 10:10:00.000000,-9999.0,6.2365,0.04265,4.51,3.135
07/19/2019 10:11:00.000000,-9999.0,5.982,0.043175,0.008432,4.681818
07/19/2019 10:12:00.000000,0.02766,6.0845,0.043,0.004233,3.27907
07/19/2019 10:13:00.000000,0.085828,6.195,0.04305,8.42093,3.172093
07/19/2019 10:14:00.000000,0.113612,6.24525,0.042325,8.1,3.457143
07/19/2019 10:15:00.000000,0.118631,6.226,0.042,0.008137,4.097561
07/19/2019 10:16:00.000000,0.113001,6.20525,0.042675,20.8,4.029268
07/19/2019 10:17:00.000000,0.114595,6.14175,0.04285,0.01052,3.916279
07/19/2019 10:18:00.000000,0.117585,6.16875,0.042,0.007007,4.164286
07/19/2019 10:19:00.000000,0.116926,6.1765,0.0426,3.727273,3.509091
07/19/2019 10:20:00.000000,0.114676,6.1165,0.04305,7.963158,3.4
07/19/2019 10:21:00.000000,0.11331,5.972,0.043175,0.004675,3.314634
07/19/2019 10:22:00.000000,0.108327,5.8225,0.04425,0.007753,3.534146
07/19/2019 10:23:00.000000,0.108885,5.7985,0.044325,0.003949,2.842105
07/19/2019 10:24:00.000000,0.109038,5.8555,0.044,4.685714,3.728571
07/19/2019 10:25:00.000000,0.114199,6.057,0.04295,0.00418,3.2875
07/19/2019 10:26:00.000000,0.122091,6.3275,0.040825,7.639024,5.24878
07/19/2019 10:27:00.000000,0.130336,6.75075,0.039475,0.023104,4.657143
07/19/2019 10:28:00.000000,0.136376,7.06725,0.03935,0.006233,3.677778
07/19/2019 10:29:00.000000,0.136232,7.4085,0.0395,0.008706,3.5
07/19/2019 10:30:00.000000,0.131087,7.764,0.039325,3.915385,3.246154
07/19/2019 10:31:00.000000,0.131993,8.12825,0.038825,8.243243,4.289189
07/19/2019 10:32:00.000000,0.132915,8.4145,0.038275,6.6625,4.5875
07/19/2019 10:33:00.000000,0.133078,8.451,0.040025,3.423077,3.205128
07/19/2019 10:34:00.000000,0.128841,8.20275,0.0417,0.003499,2.829268
07/19/2019 10:35:00.000000,0.123314,7.77875,0.042575,0.00917,4.857143
07/19/2019 10:36:00.000000,0.11759,7.5455,0.042125,0.00707,4.18
07/19/2019 10:37:00.000000,0.114768,7.372,0.040625,3.727778,3.377778
07/19/2019 10:38:00.000000,0.118921,7.17075,0.0416,0.007081,3.764706
07/19/2019 10:39:00.000000,0.117911,6.834,0.0424,6.67561,3.202439
07/19/2019 10:40:00.000000,0.115749,6.572,0.042175,0.003882,2.84186
07/19/2019 10:41:00.000000,0.112724,6.51675,0.04175,0.007768,3.226829
07/19/2019 10:42:00.000000,0.114839,6.55475,0.04135,0.00421,3.04186
07/19/2019 10:43:00.000000,0.116748,6.68775,0.041325,13.385,3.68
07/19/2019 10:44:00.000000,0.113794,6.7045,0.041825,0.004769,2.857143
07/19/2019 10:45:00.000000,0.116099,6.675,0.041675,4.995,3.21
07/19/2019 10:46:00.000000,0.111155,6.74425,0.0406,3.246154,3.038462
07/19/2019 10:47:00.000000,0.110205,6.87775,0.0403,5.370732,3.170732
07/19/2019 10:48:00.000000,0.1102,6.953,0.04115,0.012391,4.360976
07/19/2019 10:49:00.000000,0.112371,6.97325,0.0414,7.7,4.171429
07/19/2019 10:50:00.000000,0.116524,6.94975,0.041275,0.00385,2.951282
07/19/2019 10:51:00.000000,0.110531,6.9205,0.0414,0.009275,3.490244
07/19/2019 10:52:00.000000,0.108972,6.94325,0.041425,10.011111,3.928889
07/19/2019 10:53:00.000000,0.109103,6.921,0.04135,11.093333,3.493333
07/19/2019 10:54:00.000000,0.118174,6.9205,0.0413,7.015385,3.823077
07/19/2019 10:55:00.000000,0.120512,6.9845,0.04045,17.348718,4.771795
07/19/2019 10:56:00.000000,0.11079,7.143,0.039325,0.008509,3.437209
07/19/2019 10:57:00.000000,0.108564,7.28925,0.03875,0.009524,3.631818
07/19/2019 10:58:00.000000,0.10933,7.5015,0.039025,0.00793,3.368293
07/19/2019 10:59:00.000000,0.114312,7.604,0.040475,0.007246,3.807692
07/19/2019 11:00:00.000000,0.114455,7.72725,0.040725,12.957895,3.226316
07/19/2019 11:01:00.000000,0.111754,7.8655,0.040525,0.009517,3.605263
07/19/2019 11:02:00.000000,0.111378,8.06175,0.039725,0.004091,2.943902
07/19/2019 11:03:00.000000,0.111143,8.21025,0.039,0.003958,3.0875
07/19/2019 11:04:00.000000,0.114371,8.245,0.03915,0.004096,3.2775
07/19/2019 11:05:00.000000,0.112265,8.31375,0.038825,0.003582,2.902564
07/19/2019 11:06:00.000000,0.11445,8.331,0.037425,0.007403,3.595455
07/19/2019 11:07:00.000000,0.121459,8.466,0.0378,14.25,3.46
07/19/2019 11:08:00.000000,0.115971,8.5675,0.03875,0.011807,4.069231
07/19/2019 11:09:00.000000,0.110736,8.6475,0.038675,9.466667,3.775
07/19/2019 11:10:00.000000,0.114092,8.582,0.0386,7.809756,3.519512
07/19/2019 11:11:00.000000,0.110008,8.63775,0.037675,10.071429,5.071429
07/19/2019 11:12:00.000000,0.115414,8.64925,0.038675,5.74,4.57
07/19/2019 11:13:00.000000,0.114571,8.5225,0.03935,6.522222,3.211111
07/19/2019 11:14:00.000000,0.109605,8.5045,0.0392,0.004053,2.575676
07/19/2019 11:15:00.000000,0.108746,8.57425,0.03855,0.010913,4.671429
07/19/2019 11:16:00.000000,0.111766,8.637333,0.038275,9.29,4.475
07/19/2019 11:17:00.000000,0.11612,8.7295,0.037675,0.005521,3.6
07/19/2019 11:18:00.000000,0.117178,8.92175,0.036425,4.771795,3.320513
07/19/2019 11:19:00.000000,0.120582,8.976,0.03655,0.003813,2.7
07/19/2019 11:20:00.000000,0.122025,9.13425,0.0368,0.008512,2.762162
07/19/2019 11:21:00.000000,0.120428,9.38575,0.037225,0.012306,4.75
07/19/2019 11:22:00.000000,0.115941,9.67375,0.03705,0.007829,3.497297
07/19/2019 11:23:00.000000,0.122685,9.81875,0.036425,13.433333,3.521951
07/19/2019 11:24:00.000000,0.133378,10.00625,0.03615,0.011836,4.151351
07/19/2019 11:25:00.000000,0.124857,10.13625,0.0364,0.004459,3.015385
07/19/2019 11:26:00.000000,0.121477,10.2825,0.036,5.390476,2.961905
07/19/2019 11:27:00.000000,0.12768,10.39625,0.035875,18.492308,4.65
07/19/2019 11:28:00.000000,0.131628,10.4955,0.0359,10.807895,3.524324
07/19/2019 11:29:00.000000,0.126103,10.655,0.035325,0.0289,3.2
07/19/2019 11:30:00.000000,0.122514,10.828,0.03465,0.013912,3.981579
07/19/2019 11:31:00.000000,0.124444,11.082,0.033975,9.488889,3.78
07/19/2019 11:32:00.000000,0.133227,11.424,0.03295,4.829412,3.317647
07/19/2019 11:33:00.000000,0.142453,11.87325,0.032575,13.74,5.09
07/19/2019 11:34:00.000000,0.144899,12.0885,0.032775,8.818919,4.327027
07/19/2019 11:35:00.000000,0.13643,12.359,0.032325,0.014251,4.416279
07/19/2019 11:36:00.000000,0.13122,12.74275,0.032375,0.015133,3.670732
07/19/2019 11:37:00.000000,0.165044,13.08,0.0321,14.867442,4.42093
07/19/2019 11:38:00.000000,0.202081,13.34675,0.03175,16.235,4.005
07/19/2019 11:39:00.000000,0.150895,13.53075,0.031275,0.010585,3.479545
07/19/2019 11:40:00.000000,0.135957,13.687,0.030875,3.718605,3.148837
07/19/2019 11:41:00.000000,0.145642,14.032,0.030625,0.008699,3.925
07/19/2019 11:42:00.000000,0.176884,14.2365,0.0314,101.251428,4.682857
07/19/2019 11:43:00.000000,0.159588,14.2765,0.032225,30.916279,4.527907
07/19/2019 11:44:00.000000,0.141979,14.1725,0.0331,0.02894,3.99
07/19/2019 11:45:00.000000,0.146822,13.99,0.033425,10.65122,4.326829
07/19/2019 11:46:00.000000,0.144571,13.70725,0.0341,0.018149,5.493182
07/19/2019 11:47:00.000000,0.138725,13.52375,0.033975,0.023078,5.105
07/19/2019 11:48:00.000000,0.144875,13.28625,0.033225,0.009528,4.413953
07/19/2019 11:49:00.000000,0.145316,12.80125,0.033075,11.057143,4.883333
07/19/2019 11:50:00.000000,0.141615,12.576,0.0333,18.0225,3.68
07/19/2019 11:51:00.000000,0.140269,12.4845,0.033475,17.9875,4.165
07/19/2019 11:52:00.000000,0.144108,12.58275,0.032125,18.230233,4.802326
07/19/2019 11:53:00.000000,0.149696,12.52775,0.03285,0.010781,4.490909
07/19/2019 11:54:00.000000,0.145267,12.55925,0.033725,10.9,4.657143
07/19/2019 11:55:00.000000,0.144676,12.55825,0.03335,0.010642,5.116667
07/19/2019 11:56:00.000000,0.145197,12.631,0.03275,0.015468,6.22
07/19/2019 11:57:00.000000,0.149613,12.739,0.03205,4.742857,3.816667
07/19/2019 11:58:00.000000,0.158006,12.86125,0.032325,0.015135,4.87561
07/19/2019 11:59:00.000000,0.156185,13.06125,0.0314,10.213953,4.253488
07/19/2019 12:00:00.000000,0.160988,13.00575,0.031825,0.016549,4.438462
07/19/2019 12:01:00.000000,0.159912,13.06175,0.032975,24.002439,3.04878
07/19/2019 12:02:00.000000,0.157294,13.1445,0.0327,18.443902,4.336585
07/19/2019 12:03:00.000000,0.159502,13.0505,0.03285,9.629412,5.085294
07/19/2019 12:04:00.000000,0.155739,12.87525,0.03335,11.278049,3.904878
07/19/2019 12:05:00.000000,0.156444,12.66075,0.033525,11.423256,4.216279
07/19/2019 12:06:00.000000,0.15683,12.38375,0.03465,0.009216,3.35
07/19/2019 12:07:00.000000,0.152871,12.0945,0.034225,13.841463,4.65122
07/19/2019 12:08:00.000000,0.154852,11.9625,0.0333,21.037209,4.211628
07/19/2019 12:09:00.000000,0.159576,11.88425,0.033625,,
07/19/2019 12:10:00.000000,0.163579,11.98225,0.033425,8.440909,4.904545
07/19/2019 12:11:00.000000,0.166311,11.9835,0.0346,0.01106,4.330233
07/19/2019 12:12:00.000000,0.153411,11.8245,0.03615,0.011589,4.372093
07/19/2019 12:13:00.000000,0.14776,11.8735,0.035175,0.008909,4.907692
07/19/2019 12:14:00.000000,0.153651,12.042,0.034025,5.646154,3.851282
07/19/2019 12:15:00.000000,0.158103,11.91025,0.035375,0.008852,3.685366
07/19/2019 12:16:00.000000,0.154387,11.7295,0.03625,9.910526,4.760526
07/19/2019 12:17:00.000000,0.151145,11.65725,0.035175,12.14375,3.8375
07/19/2019 12:18:00.000000,0.16218,11.47225,0.034133,8.053846,3.123077
07/19/2019 12:19:00.000000,0.168174,11.53875,0.034075,5.876744,3.488372
07/19/2019 12:20:00.000000,0.165997,11.72125,0.0346,0.004321,3.258537
07/19/2019 12:21:00.000000,0.165966,11.688,0.034175,6.86087,3.454348
07/19/2019 12:22:00.000000,0.164086,11.52875,0.034875,10.309756,4.439024
07/19/2019 12:23:00.000000,0.164119,11.74675,0.034825,6.414286,4.0
07/19/2019 12:24:00.000000,0.166177,12.014,0.033625,3.592683,3.285366
07/19/2019 12:25:00.000000,0.172659,12.11,0.033825,21.197674,5.781395
07/19/2019 12:26:00.000000,0.176906,12.3745,0.03255,19.953659,4.790244
07/19/2019 12:27:00.000000,0.206288,12.616,0.03125,10.6125,4.0625
07/19/2019 12:28:00.000000,0.223206,12.87925,0.0315,9.741463,4.853659
07/19/2019 12:29:00.000000,0.209169,,,,
07/19/2019 12:30:00.000000,0.207373,13.83875,0.03065,0.022222,5.888372
07/19/2019 12:31:00.000000,0.209818,14.18325,0.031,4.594872,3.210256
07/19/2019 12:32:00.000000,0.207768,14.3645,0.03122,7.842424,4.642424
07/19/2019 12:33:00.000000,0.196527,14.7265,0.030767,0.014796,5.21
07/19/2019 12:34:00.000000,0.198047,15.017,0.029925,0.012452,4.271429
07/19/2019 12:35:00.000000,0.20587,15.27925,0.02965,0.015921,4.184615
07/19/2019 12:36:00.000000,0.210956,15.47,0.02974,14.185714,3.771429
07/19/2019 12:37:00.000000,0.213542,14.5735,0.028267,12.25122,4.529268
07/19/2019 12:38:00.000000,0.23694,20.28825,0.02595,9.509756,4.202439
07/19/2019 12:39:00.000000,0.324928,16.479,0.026,19.075,5.46
07/19/2019 12:40:00.000000,0.310276,16.224,0.02895,19.534146,4.846341
07/19/2019 12:41:00.000000,0.243234,16.6065,0.028725,16.302326,5.286047
07/19/2019 12:42:00.000000,0.225917,14.94525,0.028075,0.018488,4.104545
07/19/2019 12:43:00.000000,0.233717,14.482,0.02845,0.022506,6.546341
07/19/2019 12:44:00.000000,0.239937,14.61975,0.029475,0.007313,3.931707
07/19/2019 12:45:00.000000,0.227504,14.633,0.03085,9.223077,5.076923
07/19/2019 12:46:00.000000,0.214044,14.5995,0.03165,0.02328,4.802439
07/19/2019 12:47:00.000000,0.206147,14.65975,0.031975,10.330769,3.961538
07/19/2019 12:48:00.000000,0.200269,14.635,0.0325,0.024871,5.055814
07/19/2019 12:49:00.000000,0.198952,,,,
07/19/2019 12:50:00.000000,0.201665,14.664,0.031525,15.683721,4.876744
07/19/2019 12:51:00.000000,0.207816,14.6545,0.030725,19.086667,4.853333
07/19/2019 12:52:00.000000,0.212351,14.6765,0.030775,0.022646,4.8
07/19/2019 12:53:00.000000,0.213125,14.9175,0.030275,0.027144,4.543902
07/19/2019 12:54:00.000000,0.217331,15.1965,0.0297,20.331707,5.012195
07/19/2019 12:55:00.000000,0.223858,15.53025,0.029325,0.018762,5.920513
07/19/2019 12:56:00.000000,0.226352,16.05075,0.028775,0.019628,5.016667
07/19/2019 12:57:00.000000,0.23817,16.3795,0.02895,16.013953,5.746512
07/19/2019 12:58:00.000000,0.231227,16.6615,0.0292,0.019107,4.4
07/19/2019 12:59:00.000000,0.224731,17.1625,0.02805,14.1875,4.61
07/19/2019 13:00:00.000000,0.233763,17.4315,0.028025,30.025,4.2625
07/19/2019 13:01:00.000000,0.232078,17.4155,0.0294,0.013742,3.940909
07/19/2019 13:02:00.000000,0.229991,17.52675,0.0293,25.213636,3.640909
07/19/2019 13:03:00.000000,0.231412,17.481,0.02905,41.343902,4.282927
07/19/2019 13:04:00.000000,0.271843,17.3965,0.0294,0.036678,4.15
07/19/2019 13:05:00.000000,0.280819,17.3875,0.030025,0.020155,4.1
07/19/2019 13:06:00.000000,0.242502,17.439,0.0294,0.027101,6.48
07/19/2019 13:07:00.000000,0.237216,17.426,0.027675,14.853846,5.546154
07/19/2019 13:08:00.000000,0.254354,20.2505,0.02435,0.062521,8.655814
07/19/2019 13:09:00.000000,0.285864,,,,
07/19/2019 13:10:00.000000,0.304589,22.4025,0.024025,0.02165,6.534146
07/19/2019 13:11:00.000000,0.316926,21.606,0.024375,25.339474,5.973684
07/19/2019 13:12:00.000000,0.30276,21.55575,0.02425,0.030887,6.147826
07/19/2019 13:13:00.000000,0.294301,21.539,0.025075,0.035599,4.415
07/19/2019 13:14:00.000000,0.302382,21.4885,0.025725,0.030389,5.046512
07/19/2019 13:15:00.000000,0.310703,21.439,0.025075,0.034125,7.218182
07/19/2019 13:16:00.000000,0.312293,21.4345,0.0249,0.010646,4.857143
07/19/2019 13:17:00.000000,0.323731,22.79075,0.024,0.016007,4.146154
07/19/2019 13:18:00.000000,0.348589,21.96925,0.02505,14.059524,4.614286
07/19/2019 13:19:00.000000,0.311407,18.8545,0.02865,0.042553,4.785714
07/19/2019 13:20:00.000000,0.272541,22.18425,0.0277,14.2,4.883333
07/19/2019 13:21:00.000000,0.288039,19.5905,0.02625,15.1,5.677273
07/19/2019 13:22:00.000000,0.32692,19.8645,0.026325,0.043279,5.63
07/19/2019 13:23:00.000000,0.330212,19.9695,0.0265,0.035427,4.057143
07/19/2019 13:24:00.000000,0.321746,20.00425,0.02635,0.041132,5.576923
07/19/2019 13:25:00.000000,0.354415,19.90825,0.027675,0.01035,3.490698
07/19/2019 13:26:00.000000,0.392888,20.15475,0.026575,0.038679,3.769767
07/19/2019 13:27:00.000000,0.46666,20.61725,0.023525,33.404545,6.922727
07/19/2019 13:28:00.000000,0.439624,22.173,0.023125,0.041066,4.497561
07/19/2019 13:29:00.000000,0.431865,,,,
07/19/2019 13:30:00.000000,0.487147,25.53125,0.0218,13.131818,4.865909
07/19/2019 13:31:00.000000,0.441456,25.60875,0.021875,29.716667,5.916667
07/19/2019 13:32:00.000000,0.441525,24.118,0.0224,0.021172,5.45
07/19/2019 13:33:00.000000,0.704097,28.59325,0.020475,32.472727,7.890909
07/19/2019 13:34:00.000000,0.666064,30.70125,0.0189,20.364865,4.52973
07/19/2019 13:35:00.000000,0.547064,29.076333,0.020275,0.047307,4.312195
07/19/2019 13:36:00.000000,0.500996,31.0595,0.018675,27.590476,5.897619
07/19/2019 13:37:00.000000,0.598722,35.3455,0.016125,0.0355,5.843902
07/19/2019 13:38:00.000000,0.758449,33.0695,0.0156,35.3,7.223256
07/19/2019 13:39:00.000000,0.669385,32.89125,0.0164,0.041509,4.865
07/19/2019 13:40:00.000000,0.530022,32.58225,0.01585,0.04631,8.085714
07/19/2019 13:41:00.000000,0.5803,31.46025,0.015475,0.035449,8.357143
07/19/2019 13:42:00.000000,0.536293,29.46,0.0166,0.034614,6.207692
07/19/2019 13:43:00.000000,0.544559,30.19325,0.017725,29.140909,6.159091
07/19/2019 13:44:00.000000,0.548371,27.938,0.0189,0.038286,5.422727
07/19/2019 13:45:00.000000,0.464292,27.31275,0.0179,48.971428,4.271429
07/19/2019 13:46:00.000000,0.535593,33.19975,0.016475,0.040529,6.036842
07/19/2019 13:47:00.000000,0.600867,31.45875,0.017625,75.037209,5.797674
07/19/2019 13:48:00.000000,0.495226,31.08575,0.018,74.2,7.23
07/19/2019 13:49:00.000000,0.512912,,,,
07/19/2019 13:50:00.000000,0.513794,32.73875,0.01715,31.028571,7.216667
07/19/2019 13:51:00.000000,0.516861,31.02575,0.0172,0.051563,9.21
07/19/2019 13:52:00.000000,0.4808,30.699,0.017975,47.563415,5.417073
07/19/2019 13:53:00.000000,0.465302,32.15325,0.016325,33.963415,8.65122
07/19/2019 13:54:00.000000,0.562431,32.912,0.01605,22.2875,9.54
07/19/2019 13:55:00.000000,0.546706,27.68,0.01855,64.35122,5.587805
07/19/2019 13:56:00.000000,0.449834,28.216,0.01685,0.055189,8.1375
07/19/2019 13:57:00.000000,0.50136,32.352,0.015075,31.504878,9.453659
07/19/2019 13:58:00.000000,0.526495,29.656,0.016725,0.037936,6.266667
07/19/2019 13:59:00.000000,0.557696,29.0315,0.017925,24.556098,7.221951
07/19/2019 14:00:00.000000,0.514133,26.8105,0.020925,0.021901,4.486047
07/19/2019 14:01:00.000000,0.396228,26.63025,0.02255,0.043456,6.802439
07/19/2019 14:02:00.000000,0.341519,26.4705,0.022325,0.059036,8.66
07/19/2019 14:03:00.000000,0.372967,26.13,0.0236,32.046667,7.126667
07/19/2019 14:04:00.000000,0.510889,25.57725,0.0255,0.009819,3.812195
07/19/2019 14:05:00.000000,0.947354,25.07825,0.026625,0.056121,6.955
07/19/2019 14:06:00.000000,0.572282,24.86975,0.0255,26.7,6.183333
07/19/2019 14:07:00.000000,0.437612,24.7025,0.0238,16.961905,5.042857
07/19/2019 14:08:00.000000,0.427575,24.9255,0.02085,0.040404,3.811628
07/19/2019 14:09:00.000000,0.412463,,,,
07/19/2019 14:10:00.000000,0.370779,24.85475,0.025625,51.897619,5.4
07/19/2019 14:11:00.000000,0.325906,24.45125,0.0295,0.035117,5.140909
07/19/2019 14:12:00.000000,0.398058,23.9355,0.031025,29.385366,5.953659
07/19/2019 14:13:00.000000,0.33521,23.19825,0.03255,0.027782,3.197561
07/19/2019 14:14:00.000000,0.249956,22.16425,0.033775,31.957143,3.366667
07/19/2019 14:15:00.000000,0.232445,21.14725,0.033625,47.067442,5.995349
07/19/2019 14:16:00.000000,0.239283,19.89925,0.03355,0.061519,5.371429
07/19/2019 14:17:00.000000,0.234907,18.554,0.0335,33.142857,4.6
07/19/2019 14:18:00.000000,0.2348,18.10575,0.0339,22.571429,5.75
07/19/2019 14:19:00.000000,0.234328,17.87625,0.033325,24.819048,4.32619
07/19/2019 14:20:00.000000,0.237201,17.95175,0.032275,0.046092,4.444186
07/19/2019 14:21:00.000000,0.252965,18.4935,0.0309,0.047153,8.871429
07/19/2019 14:22:00.000000,0.306224,18.8335,0.031775,0.06819,5.727907
07/19/2019 14:23:00.000000,0.301808,18.89825,0.032825,26.119512,5.763415
07/19/2019 14:24:00.000000,0.283133,18.9745,0.032925,0.028815,7.323256
07/19/2019 14:25:00.000000,0.25921,18.98975,0.033,33.896296,3.459259
07/19/2019 14:26:00.000000,0.265065,18.88875,0.033175,0.034747,4.046667
07/19/2019 14:27:00.000000,0.268294,18.57675,0.0347,0.044371,5.05
07/19/2019 14:28:00.000000,0.251835,18.26025,0.034975,0.053983,5.025
07/19/2019 14:29:00.000000,0.253511,,,,
07/19/2019 14:30:00.000000,0.269002,17.66225,0.0335,58.433333,4.55
07/19/2019 14:31:00.000000,0.278566,17.823,0.0334,0.055078,8.328571
07/19/2019 14:32:00.000000,0.280889,17.9405,0.033025,43.368293,8.743902
07/19/2019 14:33:00.000000,0.276002,18.157,0.0327,0.050463,4.705
07/19/2019 14:34:00.000000,0.30361,18.286,0.0341,0.068804,5.290698
07/19/2019 14:35:00.000000,0.291049,18.3155,0.035375,59.046667,5.584444
07/19/2019 14:36:00.000000,0.253056,18.3495,0.03525,38.2125,5.6
07/19/2019 14:37:00.000000,0.245057,18.474,0.035225,50.704762,7.742857
07/19/2019 14:38:00.000000,0.256164,18.4375,0.0357,0.057329,9.385714
07/19/2019 14:39:00.000000,0.260613,18.229,0.036025,0.057459,4.371429
07/19/2019 14:40:00.000000,0.257962,19.25975,0.035425,62.046341,8.963415
07/19/2019 14:41:00.000000,0.276961,20.43675,0.033625,55.084615,7.7
07/19/2019 14:42:00.000000,0.317333,20.76425,0.033,55.522222,7.3
07/19/2019 14:43:00.000000,0.321655,20.56925,0.032125,39.055814,5.997674
07/19/2019 14:44:00.000000,0.313959,19.878,0.0317,87.425,5.6125
07/19/2019 14:45:00.000000,0.335896,19.94,0.032575,0.031003,5.338462
07/19/2019 14:46:00.000000,0.336564,19.90875,0.03345,45.652174,6.169565
07/19/2019 14:47:00.000000,0.312824,22.4635,0.032125,0.105834,4.842857
07/19/2019 14:48:00.000000,0.366181,20.5425,0.03175,0.108661,6.621053
07/19/2019 14:49:00.000000,0.37582,20.69825,0.033125,0.129333,5.377083
07/19/2019 14:50:00.000000,0.375615,21.60375,0.032425,0.048269,5.776923
07/19/2019 14:51:00.000000,0.415479,24.891,0.0301,53.769767,6.502326
07/19/2019 14:52:00.000000,0.439397,23.28225,0.0302,56.781818,6.6
07/19/2019 14:53:00.000000,0.379583,23.8545,0.03245,0.05158,5.739535
07/19/2019 14:54:00.000000,0.334834,21.76275,0.03245,36.393182,6.272727
07/19/2019 14:55:00.000000,0.393825,25.51775,0.03105,69.202564,7.076923
07/19/2019 14:56:00.000000,0.389345,22.48325,0.030975,0.063256,6.235714
07/19/2019 14:57:00.000000,0.322692,22.16325,0.03262,48.632143,5.042857
07/19/2019 14:58:00.000000,0.307934,21.347,0.0338,62.354545,11.138636
07/19/2019 14:59:00.000000,0.31058,21.25375,0.034275,45.778049,11.968293
07/19/2019 15:00:00.000000,0.311533,21.3885,0.033825,60.295238,9.585714
07/19/2019 15:01:00.000000,0.319206,21.599,0.032925,88.991892,7.775676
07/19/2019 15:02:00.000000,0.400601,21.9475,0.031725,0.076012,5.555556
07/19/2019 15:03:00.000000,0.536258,22.323,0.032375,0.055426,5.817949
07/19/2019 15:04:00.000000,0.438582,22.41325,0.034425,67.404762,6.469048
07/19/2019 15:05:00.000000,0.352614,22.6825,0.03435,52.0175,11.775
07/19/2019 15:06:00.000000,0.32692,22.73775,0.035475,0.059406,7.334146
07/19/2019 15:07:00.000000,0.282463,22.809,0.036125,0.064855,4.011765
07/19/2019 15:08:00.000000,0.273827,22.51125,0.036725,0.045944,6.595238
07/19/2019 15:09:00.000000,0.263218,,,,
07/19/2019 15:10:00.000000,0.32586,21.548,0.03595,0.076623,8.157143
07/19/2019 15:11:00.000000,0.388969,21.50725,0.034125,64.395238,8.907143
07/19/2019 15:12:00.000000,0.331901,23.03275,0.0339,64.934146,13.182927
07/19/2019 15:13:00.000000,0.323848,28.91525,0.032075,48.105,6.925
07/19/2019 15:14:00.000000,0.362824,25.32575,0.03225,0.049246,7.912195
07/19/2019 15:15:00.000000,0.325225,22.68725,0.034075,61.7,7.0
07/19/2019 15:16:00.000000,0.281586,19.709,0.036675,33.69697,5.663636
07/19/2019 15:17:00.000000,0.273045,19.35025,0.0382,0.040985,3.392
07/19/2019 15:18:00.000000,0.30661,19.1195,0.0398,0.035556,3.438235
07/19/2019 15:19:00.000000,0.258234,18.83375,0.04055,29.635294,6.358824
07/19/2019 15:20:00.000000,0.235841,19.70675,0.03875,30.814286,9.004762
07/19/2019 15:21:00.000000,0.252867,23.7085,0.032875,0.063778,5.113158
07/19/2019 15:22:00.000000,0.264315,19.64875,0.035125,0.039469,4.023684
07/19/2019 15:23:00.000000,0.319524,16.21075,0.04085,20.827027,3.772973
07/19/2019 15:24:00.000000,1.054496,16.86825,0.0434,0.021742,4.137838
07/19/2019 15:25:00.000000,2.878316,16.6275,0.04375,0.035203,3.705128
07/19/2019 15:26:00.000000,3.759114,16.40125,0.043125,0.018333,2.9
07/19/2019 15:27:00.000000,3.86189,16.07225,0.04375,0.023934,3.6
07/19/2019 15:28:00.000000,3.87439,15.8485,0.04275,29.256757,5.140541
07/19/2019 15:29:00.000000,3.880868,,,,
07/19/2019 15:30:00.000000,3.878218,18.7705,0.03925,0.021307,4.542857
07/19/2019 15:31:00.000000,3.879855,17.33525,0.042325,0.036167,4.5525
07/19/2019 15:32:00.000000,3.877176,17.140833,0.04164,29.110811,4.497297
07/19/2019 15:33:00.000000,3.878087,18.026333,0.0394,0.039805,4.4
07/19/2019 15:34:00.000000,3.87976,18.5724,0.03848,0.039674,6.110256
07/19/2019 15:35:00.000000,3.877045,19.002667,0.0387,21.107692,3.428205
07/19/2019 15:36:00.000000,3.875622,19.761333,0.03585,30.835,2.465
07/19/2019 15:37:00.000000,3.87174,27.139,0.03435,0.076862,5.485366
07/19/2019 15:38:00.000000,3.872883,25.2105,0.0347,0.030363,4.225
07/19/2019 15:39:00.000000,3.293303,25.94925,0.0372,0.057197,3.77619
07/19/2019 15:40:00.000000,1.060411,17.9295,0.04175,36.36,3.645
07/19/2019 15:41:00.000000,0.058973,17.23025,0.0413,54.854545,3.221212
07/19/2019 15:42:00.000000,0.006512,21.70375,0.037925,29.373529,4.608824
07/19/2019 15:43:00.000000,0.005206,24.88125,0.03815,0.028072,3.821053
07/19/2019 15:44:00.000000,0.003972,16.2965,0.0414,0.036225,3.246512
07/19/2019 15:45:00.000000,0.0038,14.88175,0.043675,0.016775,2.67027
07/19/2019 15:46:00.000000,0.00277,16.79,0.04425,43.06,9.475
07/19/2019 15:47:00.000000,-9999.0,23.616,0.040275,23.309756,7.073171
07/19/2019 15:48:00.000000,-9999.0,20.297,0.039025,0.022127,4.378947
07/19/2019 15:49:00.000000,0.033065,,,,
07/19/2019 15:50:00.000000,0.244275,25.39175,0.038125,0.03392,4.883333
07/19/2019 15:51:00.000000,0.328279,16.47475,0.04455,8.99,3.44
07/19/2019 15:52:00.000000,0.313429,13.787,0.04825,23.36,3.56
07/19/2019 15:53:00.000000,0.277706,15.281,0.04695,16.616216,2.945946
07/19/2019 15:54:00.000000,0.266023,15.9785,0.046725,11.797727,2.722727
07/19/2019 15:55:00.000000,0.284246,15.5805,0.0495,21.54,5.42
07/19/2019 15:56:00.000000,0.268928,15.4865,0.04855,0.007327,2.835714
07/19/2019 15:57:00.000000,0.296043,15.28725,0.048075,31.207692,5.528205
07/19/2019 15:58:00.000000,0.352504,14.94125,0.0492,20.844186,4.427907
07/19/2019 15:59:00.000000,0.317176,14.55675,0.0497,16.509302,2.623256
07/19/2019 16:00:00.000000,0.257866,14.34,0.0491,15.719512,3.478049
07/19/2019 16:01:00.000000,0.237334,14.018,0.05065,0.029129,3.275
07/19/2019 16:02:00.000000,0.062021,13.59975,0.05265,0.01846,2.4575
07/19/2019 16:03:00.000000,0.008111,13.4905,0.05305,0.023113,2.723077
07/19/2019 16:04:00.000000,-9999.0,13.28025,0.052975,0.006038,1.962791
07/19/2019 16:05:00.000000,-9999.0,12.927,0.053525,0.033392,3.934146
07/19/2019 16:06:00.000000,-9999.0,13.59425,0.043775,0.031194,3.090909
07/19/2019 16:07:00.000000,-9999.0,19.58925,0.050225,31.390698,5.662791
07/19/2019 16:08:00.000000,-9999.0,17.81975,0.05025,17.082927,5.234146
07/19/2019 16:09:00.000000,0.002538,,,,
07/19/2019 16:10:00.000000,-9999.0,13.177,0.050625,0.018282,6.55
07/19/2019 16:11:00.000000,0.000756,11.84275,0.05345,0.022526,3.7
07/19/2019 16:12:00.000000,0.053322,11.82725,0.054875,0.019692,3.390909
07/19/2019 16:13:00.000000,0.151462,11.5925,0.05745,0.048227,22.851613
07/19/2019 16:14:00.000000,0.207644,11.5095,0.056025,0.024341,6.33
07/19/2019 16:15:00.000000,0.438682,15.65575,0.05075,0.052888,2.968293
07/19/2019 16:16:00.000000,0.879468,21.4905,0.047025,0.031713,3.58
07/19/2019 16:17:00.000000,0.996881,14.84425,0.051525,0.019441,2.242857
07/19/2019 16:18:00.000000,1.022449,12.7175,0.05415,0.026153,2.765
07/19/2019 16:19:00.000000,1.032173,14.0085,0.052325,0.020177,3.497561
07/19/2019 16:20:00.000000,1.033724,14.78525,0.051925,0.028555,3.944186
07/19/2019 16:21:00.000000,1.036844,14.2035,0.056575,9.4875,2.3
07/19/2019 16:22:00.000000,1.0354,13.50075,0.0588,13.1875,3.445
07/19/2019 16:23:00.000000,1.033381,12.96275,0.058175,12.804878,3.273171
07/19/2019 16:24:00.000000,1.034916,12.4625,0.058675,0.004361,2.442105
07/19/2019 16:25:00.000000,1.03563,12.461,0.054675,14.825,2.64
07/19/2019 16:26:00.000000,1.034273,12.293,0.0527,22.556098,3.612195
07/19/2019 16:27:00.000000,1.036007,11.4005,0.0574,0.012146,2.230769
07/19/2019 16:28:00.000000,1.040516,10.3035,0.060325,0.01866,3.747059
07/19/2019 16:29:00.000000,0.8152,,,,
07/19/2019 16:30:00.000000,0.331746,9.6285,0.060925,0.021473,2.185714
07/19/2019 16:31:00.000000,0.202717,9.5375,0.058225,0.024575,6.568293
07/19/2019 16:32:00.000000,0.209659,9.12175,0.0585,10.892308,2.951282
07/19/2019 16:33:00.000000,0.208856,8.3315,0.057075,9.223256,3.462791
07/19/2019 16:34:00.000000,0.301999,7.889,0.05725,0.014501,4.297561
07/19/2019 16:35:00.000000,0.380397,7.959,0.0589,13.314286,2.0
07/19/2019 16:36:00.000000,0.261856,8.1555,0.059825,22.333333,4.0
07/19/2019 16:37:00.000000,0.218683,10.2275,0.057775,8.88,2.445
07/19/2019 16:38:00.000000,0.256234,14.00775,0.056075,12.958537,3.509756
07/19/2019 16:39:00.000000,0.190895,12.0885,0.056,0.013209,3.885714
07/19/2019 16:40:00.000000,0.335934,8.4545,0.0566,0.013996,3.557143
07/19/2019 16:41:00.000000,0.751773,4.38875,0.060425,0.006822,1.92439
07/19/2019 16:42:00.000000,0.919299,4.436,0.061525,0.024077,2.45
07/19/2019 16:43:00.000000,0.954102,4.58,0.06145,20.746154,1.838462
07/19/2019 16:44:00.000000,0.961432,4.70375,0.06165,11.523256,3.206977
07/19/2019 16:45:00.000000,0.96056,4.79625,0.062,0.033351,2.061538
07/19/2019 16:46:00.000000,0.963622,5.07825,0.060375,0.027267,2.660465
07/19/2019 16:47:00.000000,0.965903,5.5355,0.05975,15.353846,2.884615
07/19/2019 16:48:00.000000,0.968389,5.5635,0.062825,11.005556,1.538889
07/19/2019 16:49:00.000000,0.967023,5.9925,0.062425,0.009145,1.596296
07/19/2019 16:50:00.000000,0.968013,6.3795,0.0625,0.016789,1.6
07/19/2019 16:51:00.000000,0.967195,11.785,0.0618,7.705405,2.186486
07/19/2019 16:52:00.000000,0.969502,9.001,0.061525,18.917949,2.384615
07/19/2019 16:53:00.000000,0.966592,11.04625,0.061025,12.07561,3.560976
07/19/2019 16:54:00.000000,0.96773,7.00575,0.0621,0.011795,4.312195
07/19/2019 16:55:00.000000,0.963737,5.943,0.065125,0.020515,3.245
07/19/2019 16:56:00.000000,0.965221,6.09525,0.06365,9.871429,2.485714
07/19/2019 16:57:00.000000,0.98361,6.4015,0.062875,19.413514,1.597297
07/19/2019 16:58:00.000000,1.371349,6.579,0.063225,0.028927,2.52439
07/19/2019 16:59:00.000000,1.868854,6.641,0.064625,18.340476,4.928571
07/19/2019 17:00:00.000000,1.942389,6.82325,0.0643,5.66,2.33
07/19/2019 17:01:00.000000,1.943323,6.9775,0.0654,15.071429,2.9
07/19/2019 17:02:00.000000,1.943023,6.98875,0.066325,0.014734,1.981395
07/19/2019 17:03:00.000000,1.93963,7.422,0.066175,10.535897,2.730769
07/19/2019 17:04:00.000000,1.940698,7.629,0.064175,38.434146,1.87561
07/19/2019 17:05:00.000000,1.941529,7.22875,0.06555,29.921951,1.529268
07/19/2019 17:06:00.000000,1.941727,6.9535,0.066275,12.521951,1.841463
07/19/2019 17:07:00.000000,1.941594,6.7825,0.06665,9.960976,1.643902
07/19/2019 17:08:00.000000,1.942688,6.7425,0.06725,11.09,2.195
07/19/2019 17:09:00.000000,1.941062,6.75775,0.0663,8.632558,3.160465
07/19/2019 17:10:00.000000,1.938045,6.9135,0.064875,0.01149,2.522727
07/19/2019 17:11:00.000000,1.936829,6.99275,0.062075,12.85814,3.990698
07/19/2019 17:12:00.000000,1.935481,6.86475,0.063125,0.017659,4.2125
07/19/2019 17:13:00.000000,1.937484,7.064,0.065475,0.028445,3.18
07/19/2019 17:14:00.000000,1.940459,7.3555,0.066125,8.839024,3.256098
07/19/2019 17:15:00.000000,1.936232,8.02875,0.063625,27.98,4.745
07/19/2019 17:16:00.000000,1.94122,8.0705,0.0653,23.238462,2.620513
07/19/2019 17:17:00.000000,1.93999,8.3655,0.066025,7.604762,2.011905
07/19/2019 17:18:00.000000,1.935846,8.523,0.0657,12.033333,2.528571
07/19/2019 17:19:00.000000,1.929928,8.4605,0.0652,22.128571,4.228571
07/19/2019 17:20:00.000000,1.972417,8.694,0.06375,0.024085,4.67561
07/19/2019 17:21:00.000000,2.563471,9.055,0.06425,0.026234,4.271429
07/19/2019 17:22:00.000000,2.859899,14.0525,0.063425,26.515385,6.653846
07/19/2019 17:23:00.000000,2.883715,10.89625,0.0627,20.2,3.7
07/19/2019 17:24:00.000000,2.886402,13.49025,0.064575,0.019472,3.155
07/19/2019 17:25:00.000000,2.886792,21.19625,0.06095,12.67561,3.882927
07/19/2019 17:26:00.000000,2.888002,26.8645,0.057475,20.906667,3.155556
07/19/2019 17:27:00.000000,2.8895,15.679,0.059875,14.513636,5.102273
07/19/2019 17:28:00.000000,2.887457,16.4605,0.0589,25.03,3.52
07/19/2019 17:29:00.000000,2.887758,17.4525,0.059775,70.128571,7.128571
07/19/2019 17:30:00.000000,2.889588,20.87825,0.060425,0.040601,3.190244
07/19/2019 17:31:00.000000,2.891721,14.265,0.063625,0.059198,3.831579
07/19/2019 17:32:00.000000,2.890252,14.688,0.066375,0.055495,4.356098
07/19/2019 17:33:00.000000,2.889941,13.80325,0.066075,0.0225,4.232558
07/19/2019 17:34:00.000000,2.89044,17.71225,0.062375,0.051836,7.517073
07/19/2019 17:35:00.000000,2.890194,24.04,0.05755,35.15,5.695455
07/19/2019 17:36:00.000000,2.892618,19.57075,0.04305,48.542857,6.05
07/19/2019 17:37:00.000000,2.891474,29.53975,0.0575,30.7,5.435
07/19/2019 17:38:00.000000,2.553402,17.05625,0.0634,33.823256,5.988372
07/19/2019 17:39:00.000000,0.864772,17.39025,0.0622,0.034682,5.335
07/19/2019 17:40:00.000000,0.024045,21.47425,0.060675,0.073976,3.925
07/19/2019 17:41:00.000000,-9999.0,17.5495,0.06185,0.070587,2.67561
07/19/2019 17:42:00.000000,-9999.0,17.64225,0.0642,0.035913,5.35
07/19/2019 17:43:00.000000,-9999.0,18.993,0.062725,0.027275,6.05814
07/19/2019 17:44:00.000000,-9999.0,19.13425,0.06315,30.085366,3.709756
07/19/2019 17:45:00.000000,-9999.0,18.65375,0.0644,24.804762,5.014286
07/19/2019 17:46:00.000000,-9999.0,18.04625,0.064275,0.022996,2.872093
07/19/2019 17:47:00.000000,-9999.0,17.104,0.06585,12.3,2.995
07/19/2019 17:48:00.000000,-9999.0,16.336,0.064975,0.025371,2.768293
07/19/2019 17:49:00.000000,-9999.0,15.32625,0.064725,0.027683,4.039535
07/19/2019 17:50:00.000000,-9999.0,14.0265,0.065975,0.033701,6.05814
07/19/2019 17:51:00.000000,-9999.0,16.07075,0.06105,12.214706,2.905882
07/19/2019 17:52:00.000000,-9999.0,25.25375,0.05245,0.038141,3.488372
07/19/2019 17:53:00.000000,-9999.0,17.245,0.057525,0.051231,8.475
07/19/2019 17:54:00.000000,0.780381,14.23825,0.06525,23.658621,3.227586
07/19/2019 17:55:00.000000,3.072931,13.48875,0.066733,0.022574,5.322581
07/19/2019 17:56:00.000000,3.81065,9.2142,0.068217,20.263415,3.82439
07/19/2019 17:57:00.000000,3.83644,9.772,0.0685,29.165714,5.928571
07/19/2019 17:58:00.000000,3.841506,12.556,0.0658,0.028776,4.02093
07/19/2019 17:59:00.000000,3.842381,11.941,0.058975,29.813514,2.748649
07/19/2019 18:00:00.000000,3.841987,24.436,0.05635,0.023618,3.181818
07/19/2019 18:01:00.000000,3.844883,11.40525,0.062025,0.018328,2.86
07/19/2019 18:02:00.000000,3.842697,10.807,0.061925,28.915,4.33
07/19/2019 18:03:00.000000,3.842346,10.58175,0.06175,0.029892,3.086364
07/19/2019 18:04:00.000000,3.848234,9.55325,0.061775,13.926829,5.617073
07/19/2019 18:05:00.000000,3.843703,9.78425,0.061625,0.032442,3.295
07/19/2019 18:06:00.000000,3.845258,9.69675,0.062075,0.03305,5.896774
07/19/2019 18:07:00.000000,3.849621,9.521,0.0623,0.088471,7.353333
07/19/2019 18:08:00.000000,3.843785,9.166,0.0616,24.644737,2.884211
07/19/2019 18:09:00.000000,3.845336,8.96275,0.061225,0.019371,2.45
07/19/2019 18:10:00.000000,3.845762,8.4415,0.061325,13.0,1.735
07/19/2019 18:11:00.000000,3.842233,7.816,0.062125,0.016711,3.677778
07/19/2019 18:12:00.000000,3.846207,7.07175,0.063175,0.010149,1.82093
07/19/2019 18:13:00.000000,3.843705,6.333,0.062525,0.01962,1.834884
07/19/2019 18:14:00.000000,3.842739,5.79075,0.060925,0.012662,2.069231
07/19/2019 18:15:00.000000,3.846192,5.44125,0.060575,0.010588,1.929268
07/19/2019 18:16:00.000000,3.846417,5.3255,0.06165,9.569231,3.169231
07/19/2019 18:17:00.000000,3.849351,5.34875,0.060725,0.022477,3.232558
07/19/2019 18:18:00.000000,3.84858,5.49275,0.06185,8.007692,2.692308
07/19/2019 18:19:00.000000,3.843677,5.77825,0.0627,0.012408,1.886207
07/19/2019 18:20:00.000000,3.848251,6.2135,0.061525,15.596774,3.248387
07/19/2019 18:21:00.000000,3.844338,13.3015,0.057275,19.588095,4.414286
07/19/2019 18:22:00.000000,3.844421,10.149,0.058367,22.767442,3.739535
07/19/2019 18:23:00.000000,3.848743,12.237,0.0581,11.3,2.41
07/19/2019 18:24:00.000000,3.848967,9.41275,0.05956,0.03447,3.947059
07/19/2019 18:25:00.000000,3.849333,10.434,0.060567,0.02172,2.463415
07/19/2019 18:26:00.000000,3.850005,12.162,0.059725,21.697561,3.65122
07/19/2019 18:27:00.000000,3.852971,11.38325,0.0619,0.043729,2.115
07/19/2019 18:28:00.000000,4.12516,5.35675,0.062975,0.021054,3.592683
07/19/2019 18:29:00.000000,4.688879,,,,
07/19/2019 18:30:00.000000,4.809116,20.3455,0.0569,14.305,4.1
07/19/2019 18:31:00.000000,4.813536,10.776,0.0564,0.009528,3.844186
07/19/2019 18:32:00.000000,4.815463,10.53575,0.059625,0.014324,3.131707
07/19/2019 18:33:00.000000,4.815057,12.1985,0.058525,0.015436,3.981818
07/19/2019 18:34:00.000000,4.818548,10.664,0.0592,0.01401,3.685714
07/19/2019 18:35:00.000000,4.817175,17.9355,0.061,0.016469,4.114286
07/19/2019 18:36:00.000000,4.817414,11.78675,0.0624,0.018681,2.47907
07/19/2019 18:37:00.000000,4.819403,7.09125,0.06385,0.0263,3.828571
07/19/2019 18:38:00.000000,4.817557,6.5365,0.0639,0.024132,2.37907
07/19/2019 18:39:00.000000,4.813835,7.63025,0.0626,0.02392,2.61
07/19/2019 18:40:00.000000,4.816028,7.5585,0.063075,0.047864,2.185714
07/19/2019 18:41:00.000000,4.809814,7.29,0.065,0.011836,3.046512
07/19/2019 18:42:00.000000,4.812935,6.96575,0.0656,0.017512,2.425581
07/19/2019 18:43:00.000000,4.809955,6.545,0.065325,0.015989,2.466667
07/19/2019 18:44:00.000000,4.811333,6.1715,0.06445,0.013446,2.333333
07/19/2019 18:45:00.000000,4.816378,6.172,0.0632,0.018696,2.467442
07/19/2019 18:46:00.000000,4.815832,6.31225,0.06405,0.0404,3.097561
07/19/2019 18:47:00.000000,4.815386,6.197,0.064725,10.95,2.21
07/19/2019 18:48:00.000000,4.817103,6.0625,0.0662,6.325,2.85
07/19/2019 18:49:00.000000,4.814867,6.09275,0.06655,0.018625,3.774419
07/19/2019 18:50:00.000000,4.817275,6.187,0.06615,0.01115,1.945
07/19/2019 18:51:00.000000,4.81502,6.712,0.0646,18.866667,2.35
07/19/2019 18:52:00.000000,4.813856,6.9805,0.06356,0.019021,3.439024
07/19/2019 18:53:00.000000,4.815335,9.806,0.064267,14.488372,3.851163
07/19/2019 18:54:00.000000,4.812353,21.2075,0.05918,7.156757,3.716216
07/19/2019 18:55:00.000000,4.812759,12.1325,0.056833,13.063636,4.540909
07/19/2019 18:56:00.000000,4.814893,9.16725,0.060175,0.012949,2.552632
07/19/2019 18:57:00.000000,4.810953,6.97325,0.06392,14.78,2.12
07/19/2019 18:58:00.000000,4.810983,9.517,0.063225,28.891892,3.943243
07/19/2019 18:59:00.000000,4.813968,10.705,0.061033,0.014772,3.2
07/19/2019 19:00:00.000000,4.925874,8.76675,0.062575,3.480488,2.743902
07/19/2019 19:01:00.000000,4.867012,9.09225,0.064,21.128571,2.866667
07/19/2019 19:02:00.000000,3.017623,10.221667,0.0645,19.695,4.26
07/19/2019 19:03:00.000000,0.571109,9.57475,0.0671,0.006299,2.1375
07/19/2019 19:04:00.000000,0.189889,13.7775,0.055475,5.67027,1.967568
07/19/2019 19:05:00.000000,0.170222,14.77425,0.068925,8.421053,1.915789
07/19/2019 19:06:00.000000,0.176194,3.84475,0.070725,15.373171,1.814634
07/19/2019 19:07:00.000000,0.11104,4.5035,0.070125,0.01142,1.716667
07/19/2019 19:08:00.000000,0.117842,7.5155,0.064025,0.007379,2.704651
07/19/2019 19:09:00.000000,0.222601,10.01125,0.061675,11.5125,1.54
07/19/2019 19:10:00.000000,0.359524,5.02975,0.0703,8.183721,1.969767
07/19/2019 19:11:00.000000,0.204218,5.25975,0.070575,0.010468,3.295122
07/19/2019 19:12:00.000000,0.248434,9.67325,0.06695,6.794595,1.908108
07/19/2019 19:13:00.000000,0.284245,4.931,0.06595,10.902439,6.039024
07/19/2019 19:14:00.000000,0.205935,8.49975,0.065425,9.963415,3.731707
07/19/2019 19:15:00.000000,0.200662,7.81075,0.066975,10.656522,3.708696
07/19/2019 19:16:00.000000,0.206788,8.4675,0.066525,0.012547,2.077778
07/19/2019 19:17:00.000000,0.200844,10.28875,0.067925,3.904545,2.136364
07/19/2019 19:18:00.000000,0.141454,9.56625,0.07015,1.175,1.095
07/19/2019 19:19:00.000000,0.128162,8.834,0.07035,6.544737,1.942105
07/19/2019 19:20:00.000000,0.135475,8.10325,0.070225,7.14186,2.35814
07/19/2019 19:21:00.000000,0.164791,8.02875,0.06635,8.576316,1.810526
07/19/2019 19:22:00.000000,0.221165,7.56825,0.06585,14.682927,1.7
07/19/2019 19:23:00.000000,0.173085,6.8995,0.068075,0.032131,3.815385
07/19/2019 19:24:00.000000,0.14269,6.315,0.0682,20.080952,3.583333
07/19/2019 19:25:00.000000,0.136395,8.717,0.0599,7.430952,2.642857
07/19/2019 19:26:00.000000,0.19748,6.558,0.06805,8.627907,3.532558
07/19/2019 19:27:00.000000,0.210618,8.531,0.0666,0.032669,3.529268
07/19/2019 19:28:00.000000,0.208947,13.79625,0.064925,0.026674,2.553488
07/19/2019 19:29:00.000000,0.184584,11.7945,0.0679,0.010455,2.572093
07/19/2019 19:30:00.000000,0.160374,10.90225,0.069675,15.190244,3.282927
07/19/2019 19:31:00.000000,0.140301,9.79425,0.0697,13.364286,2.114286
07/19/2019 19:32:00.000000,0.134188,8.89325,0.06945,0.011765,1.405
07/19/2019 19:33:00.000000,0.194606,10.2755,0.06865,0.012002,5.088095
07/19/2019 19:34:00.000000,0.206647,17.37925,0.06535,18.957143,5.016667
07/19/2019 19:35:00.000000,0.229673,8.29725,0.06555,0.00856,2.404651
07/19/2019 19:36:00.000000,0.203177,6.5235,0.068975,17.314286,3.166667
07/19/2019 19:37:00.000000,0.186048,7.94025,0.069175,20.374419,3.744186
07/19/2019 19:38:00.000000,0.262249,7.896,0.069325,15.121951,2.34878
07/19/2019 19:39:00.000000,0.233336,7.93025,0.069225,0.016231,2.184444
07/19/2019 19:40:00.000000,0.234802,7.972,0.069,17.685714,1.171429
07/19/2019 19:41:00.000000,0.300716,9.8925,0.068575,0.014095,1.597561
07/19/2019 19:42:00.000000,0.242961,15.59425,0.0625,9.31,2.04
07/19/2019 19:43:00.000000,0.238272,8.9585,0.063875,0.018667,2.293939
07/19/2019 19:44:00.000000,0.223594,11.39825,0.06545,0.00637,2.47
07/19/2019 19:45:00.000000,0.239744,18.70675,0.06375,5.857143,2.582857
07/19/2019 19:46:00.000000,0.243948,12.9275,0.06595,0.01239,2.211765
07/19/2019 19:47:00.000000,0.194262,12.02075,0.068375,26.309524,2.714286
07/19/2019 19:48:00.000000,0.186014,15.44475,0.0667,13.134146,2.458537
07/19/2019 19:49:00.000000,0.237658,7.94425,0.0694,,
07/19/2019 19:50:00.000000,0.20844,6.177,0.07125,11.142857,3.585714
07/19/2019 19:51:00.000000,0.175855,6.48825,0.06975,14.436842,2.639474
07/19/2019 19:52:00.000000,0.354531,12.154,0.064825,0.022332,3.3075
07/19/2019 19:53:00.000000,0.360897,7.269,0.0658,0.017341,2.766667
07/19/2019 19:54:00.000000,0.217301,10.03575,0.066975,17.5,1.242857
07/19/2019 19:55:00.000000,0.207641,10.5615,0.067175,3.766667,1.423077
07/19/2019 19:56:00.000000,0.189771,10.28475,0.064925,6.160465,2.618605
07/19/2019 19:57:00.000000,0.275799,19.58925,0.05945,9.728571,2.971429
07/19/2019 19:58:00.000000,0.344191,10.74175,0.06135,26.057143,1.885714
07/19/2019 19:59:00.000000,0.20919,8.344,0.06785,0.021246,2.533333
07/19/2019 20:00:00.000000,0.234332,5.95875,0.069025,2.448,1.932
07/19/2019 20:01:00.000000,0.194396,5.8235,0.0705,0.007966,1.803125
07/19/2019 20:02:00.000000,0.146731,11.8665,0.06755,19.015,1.8
07/19/2019 20:03:00.000000,0.181811,12.94025,0.066575,0.020304,2.746512
07/19/2019 20:04:00.000000,0.202332,9.96925,0.069525,0.04187,1.534146
07/19/2019 20:05:00.000000,0.206216,12.777,0.06865,0.018006,2.633333
07/19/2019 20:06:00.000000,0.257651,13.34825,0.0688,0.025183,1.359259
07/19/2019 20:07:00.000000,0.249939,7.33175,0.07275,16.785714,4.578571
07/19/2019 20:08:00.000000,0.196842,5.841,0.074375,0.011389,3.430769
07/19/2019 20:09:00.000000,0.178461,7.57125,0.075175,,
07/19/2019 20:10:00.000000,0.171681,8.968,0.07515,0.014109,2.061538
07/19/2019 20:11:00.000000,0.174904,8.607,0.075025,8.788372,1.981395
07/19/2019 20:12:00.000000,0.180571,10.761,0.070225,0.021311,2.507692
07/19/2019 20:13:00.000000,0.211081,13.275,0.067225,9.702439,2.343902
07/19/2019 20:14:00.000000,0.271016,11.01325,0.070125,20.828571,1.271429
07/19/2019 20:15:00.000000,0.286383,5.86675,0.074,20.917391,4.317391
07/19/2019 20:16:00.000000,0.234,5.248,0.0752,0.008228,1.321875
07/19/2019 20:17:00.000000,0.156933,5.33125,0.0745,12.91,2.3375
07/19/2019 20:18:00.000000,0.176676,11.64175,0.07015,0.017017,2.5
07/19/2019 20:19:00.000000,0.269644,8.25125,0.071325,0.026144,2.416279
07/19/2019 20:20:00.000000,0.247837,6.977,0.0739,12.925,3.505
07/19/2019 20:21:00.000000,0.223753,12.35375,0.071375,15.914286,3.1
07/19/2019 20:22:00.000000,0.219217,5.73025,0.073875,11.805128,5.453846
07/19/2019 20:23:00.000000,0.193255,7.3915,0.0737,0.016413,4.739024
07/19/2019 20:24:00.000000,0.22941,8.19225,0.07295,0.020287,3.534146
07/19/2019 20:25:00.000000,0.279235,9.35225,0.073,0.014258,4.665854
07/19/2019 20:26:00.000000,0.249584,9.2425,0.072925,7.752778,3.927778
07/19/2019 20:27:00.000000,0.24098,9.28125,0.0721,0.028055,3.420833
07/19/2019 20:28:00.000000,0.304839,12.7445,0.070075,25.781818,4.078788
07/19/2019 20:29:00.000000,0.355034,12.37775,0.06885,0.01786,4.61
07/19/2019 20:30:00.000000,0.341912,12.5645,0.0703,19.327907,3.581395
07/19/2019 20:31:00.000000,0.232142,8.8695,0.0724,9.552632,2.389474
07/19/2019 20:32:00.000000,0.170488,9.1005,0.074275,0.01967,3.377273
07/19/2019 20:33:00.000000,0.156971,8.775,0.07505,0.01849,3.181395
07/19/2019 20:34:00.000000,0.162719,8.34025,0.075575,7.576923,2.084615
07/19/2019 20:35:00.000000,0.203194,8.06375,0.07495,11.4,4.96
07/19/2019 20:36:00.000000,0.289504,7.6015,0.07665,0.010488,2.131579
07/19/2019 20:37:00.000000,0.225342,7.234,0.07615,0.00341,0.968571
07/19/2019 20:38:00.000000,0.216252,7.2675,0.0675,0.029539,2.104651
07/19/2019 20:39:00.000000,0.261378,9.8365,0.0763,0.023349,2.129268
07/19/2019 20:40:00.000000,0.308835,7.064,0.07655,0.02181,1.757143
07/19/2019 20:41:00.000000,0.218461,8.28825,0.074725,0.013635,2.95
07/19/2019 20:42:00.000000,0.208154,10.60375,0.072925,16.832558,4.288372
07/19/2019 20:43:00.000000,0.176219,9.54425,0.073575,0.012805,2.02439
07/19/2019 20:44:00.000000,0.198839,8.38925,0.075425,13.3375,3.3
07/19/2019 20:45:00.000000,0.207118,7.77825,0.075475,10.553488,2.309302
07/19/2019 20:46:00.000000,0.175684,8.99625,0.07235,16.383784,3.440541
07/19/2019 20:47:00.000000,0.182189,9.75475,0.073667,10.981081,2.191892
07/19/2019 20:48:00.000000,0.184432,8.98325,0.0782,2.585714,1.385714
07/19/2019 20:49:00.000000,0.133289,,,,
07/19/2019 20:50:00.000000,0.169199,8.39625,0.0734,12.925714,3.02
07/19/2019 20:51:00.000000,0.285483,19.4395,0.0669,0.015564,3.2625
07/19/2019 20:52:00.000000,0.281185,13.2475,0.0659,10.109302,2.697674
07/19/2019 20:53:00.000000,0.20785,6.96675,0.073,0.02253,2.002439
07/19/2019 20:54:00.000000,0.189738,10.9385,0.07395,9.747368,4.755263
07/19/2019 20:55:00.000000,0.305594,10.652,0.07065,13.612195,6.317073
07/19/2019 20:56:00.000000,0.312977,19.23675,0.0655,0.013595,4.155814
07/19/2019 20:57:00.000000,0.303713,11.82175,0.06635,0.016956,2.17
07/19/2019 20:58:00.000000,0.245433,6.80225,0.071875,12.373171,2.065854
07/19/2019 20:59:00.000000,0.468265,7.101,0.073775,0.04018,3.12
07/19/2019 21:00:00.000000,0.679692,7.48525,0.071375,22.29,1.855
07/19/2019 21:01:00.000000,0.429533,7.31425,0.07115,10.157143,2.457143
07/19/2019 21:02:00.000000,0.19886,6.87075,0.07356,1.715625,1.534375
07/19/2019 21:03:00.000000,0.139078,6.38675,0.073067,27.528261,1.754348
07/19/2019 21:04:00.000000,0.151957,9.68475,0.06965,0.018873,2.889189
07/19/2019 21:05:00.000000,0.187763,11.25925,0.064275,10.8,3.183333
07/19/2019 21:06:00.000000,0.202111,6.69775,0.06702,0.010734,3.29697
07/19/2019 21:07:00.000000,0.170814,4.85175,0.070733,7.467442,2.462791
07/19/2019 21:08:00.000000,0.148091,4.61775,0.0715,15.453846,2.638462
07/19/2019 21:09:00.000000,0.129091,4.7555,0.07248,0.014546,2.870732
07/19/2019 21:10:00.000000,0.135757,14.4195,0.0685,12.947727,2.381818
07/19/2019 21:11:00.000000,0.265957,9.81675,0.067425,18.633333,3.216667
07/19/2019 21:12:00.000000,0.323164,20.652,0.061225,0.017238,5.8
07/19/2019 21:13:00.000000,0.359174,7.989,0.075125,22.511628,2.672093
07/19/2019 21:14:00.000000,0.254632,10.2425,0.07295,10.029268,2.441463
07/19/2019 21:15:00.000000,0.322787,10.0265,0.07165,20.14878,2.670732
07/19/2019 21:16:00.000000,0.620812,8.0745,0.073175,0.019762,2.276923
07/19/2019 21:17:00.000000,0.351095,11.92225,0.072675,0.015467,5.063158
07/19/2019 21:18:00.000000,0.238165,15.95225,0.069425,0.028688,4.473333
07/19/2019 21:19:00.000000,0.26615,8.3115,0.070375,6.146154,2.120513
07/19/2019 21:20:00.000000,0.213707,11.80425,0.071325,2.178049,1.885366
07/19/2019 21:21:00.000000,0.198991,10.946,0.074925,9.04,2.835
07/19/2019 21:22:00.000000,0.318231,18.88325,0.07005,0.020024,2.053488
07/19/2019 21:23:00.000000,0.60459,10.04075,0.06925,8.9875,2.58
07/19/2019 21:24:00.000000,0.403271,4.71,0.0765,0.012703,2.785366
07/19/2019 21:25:00.000000,0.315415,5.556,0.078025,0.01224,3.809091
07/19/2019 21:26:00.000000,0.214456,7.0945,0.075975,8.74186,3.162791
07/19/2019 21:27:00.000000,0.179529,16.78475,0.071825,19.665,3.51
07/19/2019 21:28:00.000000,0.306285,9.4355,0.071575,26.568421,3.768421
07/19/2019 21:29:00.000000,0.278756,13.17975,0.071725,0.031644,2.888
07/19/2019 21:30:00.000000,0.221564,19.8935,0.06725,7.551724,2.986207
07/19/2019 21:31:00.000000,0.228028,13.54225,0.066725,0.033675,3.588636
07/19/2019 21:32:00.000000,0.242311,11.897,0.07324,0.017193,2.54
07/19/2019 21:33:00.000000,0.2997,14.2365,0.073267,0.016072,2.667568
07/19/2019 21:34:00.000000,0.347582,17.3575,0.064825,0.023467,4.039535
07/19/2019 21:35:00.000000,0.426478,23.437,0.063675,58.244444,4.008333
07/19/2019 21:36:00.000000,0.411486,15.44425,0.0709,53.314286,4.171429
07/19/2019 21:37:00.000000,0.299619,8.284,0.072325,0.016572,2.846154
07/19/2019 21:38:00.000000,0.252493,11.0375,0.072475,34.854545,2.936364
07/19/2019 21:39:00.000000,0.316718,13.0475,0.07085,0.024503,2.913953
07/19/2019 21:40:00.000000,0.308212,9.34775,0.07225,0.013989,3.75
07/19/2019 21:41:00.000000,0.259522,8.366,0.073425,33.77,3.57
07/19/2019 21:42:00.000000,0.22928,9.47875,0.0754,0.027617,2.467442
07/19/2019 21:43:00.000000,0.204819,8.115,0.0759,0.040962,2.470732
07/19/2019 21:44:00.000000,0.263282,7.93625,0.077375,12.8,2.587805
07/19/2019 21:45:00.000000,0.372052,7.75025,0.078425,0.026285,3.885714
07/19/2019 21:46:00.000000,0.318332,7.75625,0.0797,0.012442,2.825
07/19/2019 21:47:00.000000,0.199392,7.43375,0.0818,7.678947,3.105263
07/19/2019 21:48:00.000000,0.247215,7.09125,0.082225,6.490244,2.370732
07/19/2019 21:49:00.000000,0.227922,6.8645,0.081825,0.003316,2.029268
07/19/2019 21:50:00.000000,0.146882,6.7025,0.08185,22.611628,2.251163
07/19/2019 21:51:00.000000,0.129558,6.5305,0.0816,0.013549,2.895
07/19/2019 21:52:00.000000,0.178656,7.0495,0.079275,0.028011,3.084091
07/19/2019 21:53:00.000000,0.246309,7.6895,0.0756,0.02157,2.678947
07/19/2019 21:54:00.000000,0.268934,8.34875,0.075175,0.023702,6.069231
07/19/2019 21:55:00.000000,0.249774,8.9915,0.077225,12.392683,2.719512
07/19/2019 21:56:00.000000,0.361045,10.34775,0.07605,0.020385,4.119512
07/19/2019 21:57:00.000000,0.430885,16.86525,0.07435,0.018759,2.963415
07/19/2019 21:58:00.000000,0.310146,8.98725,0.07735,0.003285,1.639474
07/19/2019 21:59:00.000000,0.201941,7.54675,0.079825,16.063415,5.668293
07/19/2019 22:00:00.000000,0.179993,9.5465,0.078725,34.190698,2.95814
07/19/2019 22:01:00.000000,0.22032,9.781333,0.077975,0.043986,4.505263
07/19/2019 22:02:00.000000,0.081071,9.5685,0.079225,0.040297,3.134091
07/19/2019 22:03:00.000000,0.025853,9.58525,0.079,30.357143,2.285714
07/19/2019 22:04:00.000000,0.007502,10.0475,0.075825,0.022111,3.475
07/19/2019 22:05:00.000000,0.006506,10.5645,0.07425,0.014824,4.185294
07/19/2019 22:06:00.000000,0.001327,10.59125,0.0765,0.020216,2.834146
07/19/2019 22:07:00.000000,0.011161,10.762,0.076675,11.875,3.475
07/19/2019 22:08:00.000000,0.007103,10.7605,0.07685,0.015636,5.142857
07/19/2019 22:09:00.000000,0.00376,6.87375,0.078275,0.051916,2.560465
07/19/2019 22:10:00.000000,0.006391,10.02425,0.076575,0.029151,3.993023
07/19/2019 22:11:00.000000,0.003881,15.78375,0.072425,0.035446,4.136842
07/19/2019 22:12:00.000000,0.100183,16.73025,0.07155,0.023081,3.517647
07/19/2019 22:13:00.000000,0.27183,11.2575,0.07455,0.02615,4.684615
07/19/2019 22:14:00.000000,0.320315,21.1545,0.0736,0.020746,4.803125
07/19/2019 22:15:00.000000,0.334606,8.4785,0.076467,20.941463,4.543902
07/19/2019 22:16:00.000000,0.265728,10.132,0.078,25.838461,8.646154
07/19/2019 22:17:00.000000,0.214751,17.41075,0.07515,38.374419,6.051163
07/19/2019 22:18:00.000000,0.270368,18.26525,0.072325,0.028496,3.506977
07/19/2019 22:19:00.000000,0.302055,10.706,0.0756,11.6875,3.54
07/19/2019 22:20:00.000000,0.224055,8.76925,0.077325,10.019048,3.085714
07/19/2019 22:21:00.000000,0.194854,5.8725,0.079975,0.033257,3.512195
07/19/2019 22:22:00.000000,0.154884,5.99875,0.08075,13.113333,4.275556
07/19/2019 22:23:00.000000,0.210114,6.81375,0.077525,23.938095,6.714286
07/19/2019 22:24:00.000000,0.349851,7.65575,0.0742,0.042011,3.4
07/19/2019 22:25:00.000000,0.32769,8.243,0.0761,12.746512,4.190698
07/19/2019 22:26:00.000000,0.286107,11.88,0.07505,9.5,3.635
07/19/2019 22:27:00.000000,0.384914,14.13625,0.072675,11.911628,3.081395
07/19/2019 22:28:00.000000,0.348007,10.67075,0.076275,13.436364,2.740909
07/19/2019 22:29:00.000000,0.274704,11.264,0.077325,,
07/19/2019 22:30:00.000000,0.442103,14.04875,0.075325,0.017802,3.043902
07/19/2019 22:31:00.000000,0.533933,13.809,0.069425,33.105128,3.761538
07/19/2019 22:32:00.000000,0.411612,16.57225,0.070275,0.01092,2.625
07/19/2019 22:33:00.000000,0.327531,6.68275,0.0774,10.2,2.995
07/19/2019 22:34:00.000000,0.182262,5.22375,0.08005,0.019246,2.07561
07/19/2019 22:35:00.000000,0.147244,5.0985,0.082725,9.763415,1.9
07/19/2019 22:36:00.000000,0.139585,5.10425,0.083825,38.125,2.495
07/19/2019 22:37:00.000000,0.151282,5.325,0.083225,24.5375,4.13
07/19/2019 22:38:00.000000,0.154486,5.73475,0.081325,0.019178,3.104545
07/19/2019 22:39:00.000000,0.215976,15.6515,0.0764,46.931707,3.412195
07/19/2019 22:40:00.000000,0.367201,8.906,0.0766,19.090698,2.725581
07/19/2019 22:41:00.000000,0.228785,8.99225,0.08185,10.72,3.195
07/19/2019 22:42:00.000000,0.174681,18.75225,0.076175,19.304878,2.702439
07/19/2019 22:43:00.000000,0.231692,17.34,0.069575,17.974419,4.406977
07/19/2019 22:44:00.000000,0.304599,12.53325,0.072025,0.0317,2.032558
07/19/2019 22:45:00.000000,0.429747,10.91475,0.076575,0.046953,2.693182
07/19/2019 22:46:00.000000,0.274775,9.536,0.07925,30.24,2.56
07/19/2019 22:47:00.000000,0.264666,13.35275,0.078175,0.024616,3.357143
07/19/2019 22:48:00.000000,0.365188,17.03625,0.07305,0.046253,4.968182
07/19/2019 22:49:00.000000,0.343894,14.85975,0.0714,22.075,2.725
07/19/2019 22:50:00.000000,0.280418,8.58175,0.076175,15.473913,2.963043
07/19/2019 22:51:00.000000,0.225198,12.33975,0.076075,24.034146,3.1
07/19/2019 22:52:00.000000,0.228589,12.185,0.07355,14.160976,4.12439
07/19/2019 22:53:00.000000,0.223905,7.555,0.076325,13.22439,4.556098
07/19/2019 22:54:00.000000,0.250322,7.1405,0.079575,0.054557,4.514634
07/19/2019 22:55:00.000000,0.256902,7.5205,0.07785,0.014738,2.528571
07/19/2019 22:56:00.000000,0.216688,7.36875,0.078975,0.020484,2.375
07/19/2019 22:57:00.000000,0.25867,7.34075,0.080725,29.673171,2.741463
07/19/2019 22:58:00.000000,0.266824,7.31575,0.078675,0.0272,2.627907
07/19/2019 22:59:00.000000,0.199338,7.05525,0.079725,0.039411,2.171429
07/19/2019 23:00:00.000000,0.157014,7.02125,0.07945,21.207692,3.2
07/19/2019 23:01:00.000000,0.157583,10.127,0.07715,0.030959,4.280952
07/19/2019 23:02:00.000000,0.201944,8.92275,0.0769,0.020189,5.39
07/19/2019 23:03:00.000000,0.251633,12.813,0.077,0.025366,4.41
07/19/2019 23:04:00.000000,0.268097,9.58925,0.076375,9.935897,3.607692
07/19/2019 23:05:00.000000,0.257367,6.3425,0.0786,0.015868,2.827273
07/19/2019 23:06:00.000000,0.19067,6.5935,0.080225,0.053658,3.044186
07/19/2019 23:07:00.000000,0.168631,4.546,0.081825,26.9125,2.59
07/19/2019 23:08:00.000000,0.172698,6.4945,0.08065,0.018299,1.985714
07/19/2019 23:09:00.000000,0.302723,19.70275,0.0703,24.037209,4.481395
07/19/2019 23:10:00.000000,0.474056,23.39425,0.0731,0.016827,2.15
07/19/2019 23:11:00.000000,0.363607,6.897,0.08035,0.033081,3.715385
07/19/2019 23:12:00.000000,0.350366,15.62025,0.075725,27.4,3.165
07/19/2019 23:13:00.000000,0.58207,16.39725,0.07145,17.269048,3.257143
07/19/2019 23:14:00.000000,0.365047,11.52175,0.0721,0.062174,5.519512
07/19/2019 23:15:00.000000,0.27659,13.7525,0.075625,27.536364,3.913636
07/19/2019 23:16:00.000000,0.270154,17.00875,0.074175,33.381818,6.206818
07/19/2019 23:17:00.000000,0.313326,12.6975,0.0735,33.860976,5.334146
07/19/2019 23:18:00.000000,0.25043,12.29425,0.07435,0.021341,4.335
07/19/2019 23:19:00.000000,0.217429,18.8175,0.0725,0.016608,4.115385
07/19/2019 23:20:00.000000,0.40281,18.322,0.07,0.021251,5.239535
07/19/2019 23:21:00.000000,0.508111,13.562,0.072925,18.192683,3.195122
07/19/2019 23:22:00.000000,0.376326,31.90025,0.05015,0.017218,4.102326
07/19/2019 23:23:00.000000,0.520939,20.0355,0.06335,0.033109,4.316279
07/19/2019 23:24:00.000000,0.399077,10.3365,0.074125,31.504762,3.871429
07/19/2019 23:25:00.000000,0.243957,10.01425,0.0769,0.026356,2.27
07/19/2019 23:26:00.000000,0.218216,8.86,0.07845,24.744186,3.548837
07/19/2019 23:27:00.000000,0.197311,7.02025,0.079475,0.025434,4.574419
07/19/2019 23:28:00.000000,0.16276,6.612667,0.08005,16.72,2.745
07/19/2019 23:29:00.000000,0.182001,8.502,0.078025,23.053488,3.906977
07/19/2019 23:30:00.000000,0.17871,7.72975,0.0783,0.043469,3.942857
07/19/2019 23:31:00.000000,0.16809,8.4355,0.078675,20.845455,3.986364
07/19/2019 23:32:00.000000,0.172447,7.4195,0.077825,10.422727,3.827273
07/19/2019 23:33:00.000000,0.148392,7.16675,0.0761,0.019266,2.622727
07/19/2019 23:34:00.000000,0.199544,7.24775,0.076575,9.642857,3.428571
07/19/2019 23:35:00.000000,0.25134,14.5675,0.069175,0.019064,3.12
07/19/2019 23:36:00.000000,0.319988,12.33975,0.0705,10.230769,2.830769
07/19/2019 23:37:00.000000,0.25593,8.692,0.071825,0.013054,3.482927
07/19/2019 23:38:00.000000,0.294589,9.35875,0.072425,13.2875,4.025
07/19/2019 23:39:00.000000,0.280501,7.81725,0.071225,5.55,2.836842
07/19/2019 23:40:00.000000,0.219683,15.80275,0.067275,0.013685,2.769231
07/19/2019 23:41:00.000000,0.314209,7.963,0.0632,0.017849,2.629268
07/19/2019 23:42:00.000000,0.514761,15.178,0.062875,0.01499,2.514634
07/19/2019 23:43:00.000000,0.415546,8.59725,0.0674,0.018029,3.0
07/19/2019 23:44:00.000000,0.241075,7.59175,0.070425,0.041729,2.4875
07/19/2019 23:45:00.000000,0.217731,5.28025,0.071525,0.031886,2.830233
07/19/2019 23:46:00.000000,0.217251,4.84775,0.072525,46.235,5.195
07/19/2019 23:47:00.000000,0.214925,8.925,0.06385,13.7225,3.62
07/19/2019 23:48:00.000000,0.209218,5.554,0.072675,16.223077,3.876923
07/19/2019 23:49:00.000000,0.217927,4.27425,0.06775,27.772727,4.518182
07/19/2019 23:50:00.000000,0.321133,6.86825,0.070725,15.982927,2.636585
07/19/2019 23:51:00.000000,0.397968,11.153,0.06735,0.031854,3.773333
07/19/2019 23:52:00.000000,0.377917,11.94275,0.06565,0.045143,2.98
07/19/2019 23:53:00.000000,0.324341,11.79125,0.068225,0.013617,2.8
07/19/2019 23:54:00.000000,0.237718,4.23075,0.07115,33.270732,4.080488
07/19/2019 23:55:00.000000,0.151486,4.124,0.07215,14.695349,3.783721
07/19/2019 23:56:00.000000,0.14539,5.04775,0.0735,13.678947,3.363158
07/19/2019 23:57:00.000000,0.16386,5.0715,0.07335,7.263415,2.531707
07/19/2019 23:58:00.000000,0.167222,4.87925,0.07365,0.011771,4.576744
07/19/2019 23:59:00.000000,0.173324,5.12025,0.0711,7.904545,2.409091
07/20/2019 00:00:00.000000,0.284962,5.40575,0.0686,33.795,4.145
07/20/2019 00:01:00.000000,0.298303,5.5166,0.07,0.041391,12.25814
07/20/2019 00:02:00.000000,0.191018,5.464667,0.071433,0.017691,4.235
07/20/2019 00:03:00.000000,0.138874,5.384,0.07146,0.02181,2.941463
07/20/2019 00:04:00.000000,0.138597,5.386,0.071233,0.045668,5.987805
07/20/2019 00:05:00.000000,0.175849,5.877667,0.0687,18.85814,3.488372
07/20/2019 00:06:00.000000,0.208452,6.467667,0.066667,11.393023,2.827907
07/20/2019 00:07:00.000000,0.201134,6.481333,0.066975,7.02,3.2375
07/20/2019 00:08:00.000000,0.273332,6.94,0.065175,0.014073,3.472727
07/20/2019 00:09:00.000000,0.306835,16.297,0.063225,13.48913,3.665217
07/20/2019 00:10:00.000000,0.327985,12.43175,0.0651,19.467442,4.583721
07/20/2019 00:11:00.000000,0.319886,5.348,0.069475,0.016118,3.671429
07/20/2019 00:12:00.000000,0.253861,9.818,0.0687,0.00861,2.913953
07/20/2019 00:13:00.000000,0.20268,10.6605,0.060575,39.636364,3.145455
07/20/2019 00:14:00.000000,0.184491,19.30375,0.0576,0.043162,3.45814
07/20/2019 00:15:00.000000,0.264461,27.734,0.0535,15.065,4.9025
07/20/2019 00:16:00.000000,0.356833,11.31225,0.060875,0.036305,4.854545
07/20/2019 00:17:00.000000,0.25153,10.274,0.0661,15.453659,3.556098
07/20/2019 00:18:00.000000,0.225746,6.47175,0.06915,11.031818,3.818182
07/20/2019 00:19:00.000000,0.255956,6.3,0.070875,22.738235,7.976471
07/20/2019 00:20:00.000000,0.351235,18.07925,0.056425,0.017199,4.376923
07/20/2019 00:21:00.000000,0.344612,22.38675,0.0652,7.285366,3.534146
07/20/2019 00:22:00.000000,0.302993,14.28975,0.065425,0.00989,2.18
07/20/2019 00:23:00.000000,0.262519,9.2875,0.064025,15.226087,3.426087
07/20/2019 00:24:00.000000,0.232385,9.967,0.068875,0.020746,4.041463
07/20/2019 00:25:00.000000,0.33328,11.24875,0.0691,0.01485,5.205
07/20/2019 00:26:00.000000,0.319312,10.76225,0.067075,0.038392,3.334884
07/20/2019 00:27:00.000000,0.246992,10.643,0.064925,0.017985,3.261538
07/20/2019 00:28:00.000000,0.270033,10.7905,0.0635,0.007605,3.12381
07/20/2019 00:29:00.000000,0.2768,10.40025,0.0658,0.009586,4.728571
07/20/2019 00:30:00.000000,0.232623,10.0585,0.06655,7.67561,3.946341
07/20/2019 00:31:00.000000,0.245076,21.558,0.051425,0.007514,3.285714
07/20/2019 00:32:00.000000,0.500686,17.0075,0.0626,0.041503,2.775
07/20/2019 00:33:00.000000,0.391805,9.86425,0.0643,0.02905,3.728571
07/20/2019 00:34:00.000000,0.255787,7.841,0.064925,27.36,2.548889
07/20/2019 00:35:00.000000,0.193967,13.70275,0.062325,5.978049,2.129268
07/20/2019 00:36:00.000000,0.234172,22.85375,0.05695,0.037314,2.607692
07/20/2019 00:37:00.000000,0.362649,18.60675,0.05695,0.035187,3.635
07/20/2019 00:38:00.000000,0.439526,16.4555,0.059525,0.033888,2.355
07/20/2019 00:39:00.000000,0.361172,10.5075,0.063125,10.9375,3.675
07/20/2019 00:40:00.000000,0.244793,8.10225,0.0668,23.314706,2.005882
07/20/2019 00:41:00.000000,0.200747,10.55375,0.0652,30.2,4.66087
07/20/2019 00:42:00.000000,0.281324,20.3055,0.056675,17.782353,3.247059
07/20/2019 00:43:00.000000,0.742873,12.561,0.057875,17.594444,3.005556
07/20/2019 00:44:00.000000,0.661637,11.22725,0.062525,0.015152,4.109756
07/20/2019 00:45:00.000000,0.329574,12.53375,0.063825,0.025713,2.647826
07/20/2019 00:46:00.000000,0.260774,10.3875,0.064025,0.018859,5.217073
07/20/2019 00:47:00.000000,0.248748,16.625,0.060625,0.029968,2.95
07/20/2019 00:48:00.000000,0.240048,13.32725,0.058775,0.00579,2.486364
07/20/2019 00:49:00.000000,0.256631,,,,
07/20/2019 00:50:00.000000,0.228136,16.7275,0.0556,19.666667,3.951111
07/20/2019 00:51:00.000000,0.28017,13.341,0.0567,12.139535,2.823256
07/20/2019 00:52:00.000000,0.2454,15.47075,0.0579,3.861538,2.515385
07/20/2019 00:53:00.000000,0.34276,13.3335,0.058725,9.173171,3.097561
07/20/2019 00:54:00.000000,0.27447,10.816,0.062575,0.004351,2.683721
07/20/2019 00:55:00.000000,0.168656,10.376,0.063075,0.003121,2.346667
07/20/2019 00:56:00.000000,0.151192,10.28125,0.0601,22.863636,4.545455
07/20/2019 00:57:00.000000,0.171821,10.07075,0.0599,0.02992,7.664865
07/20/2019 00:58:00.000000,0.261856,10.347,0.057775,15.590244,7.234146
07/20/2019 00:59:00.000000,0.315294,10.20375,0.059625,0.00595,3.775
07/20/2019 01:00:00.000000,0.244353,9.9715,0.06195,0.012572,2.705
07/20/2019 01:01:00.000000,0.273595,3.438,0.061525,4.006667,2.937778
07/20/2019 01:02:00.000000,0.348145,11.63675,0.059025,31.9,2.826667
07/20/2019 01:03:00.000000,0.318066,12.66575,0.05825,27.411628,3.574419
07/20/2019 01:04:00.000000,0.270925,14.8365,0.05645,10.986364,4.372727
07/20/2019 01:05:00.000000,0.293994,15.69175,0.055075,23.269767,3.467442
07/20/2019 01:06:00.000000,0.309502,15.7415,0.05565,0.021002,4.7025
07/20/2019 01:07:00.000000,0.250589,13.4035,0.05205,14.98,4.2125
07/20/2019 01:08:00.000000,0.387444,15.64575,0.0645,0.015316,4.1
07/20/2019 01:09:00.000000,0.600365,7.6255,0.067625,0.013674,4.003125
07/20/2019 01:10:00.000000,0.316278,14.24375,0.0664,0.026813,4.582857
07/20/2019 01:11:00.000000,0.217083,22.37075,0.047767,0.028999,3.521951
07/20/2019 01:12:00.000000,0.396091,13.153,0.046175,15.445946,3.718919
07/20/2019 01:13:00.000000,0.524491,7.9455,0.059325,7.418182,3.368182
07/20/2019 01:14:00.000000,0.247881,13.245,0.061625,0.028774,3.468889
07/20/2019 01:15:00.000000,0.20822,16.10975,0.05695,0.039204,3.672727
07/20/2019 01:16:00.000000,0.42321,17.0905,0.05556,0.010074,2.653846
07/20/2019 01:17:00.000000,0.634115,14.7455,0.055333,0.017897,3.005263
07/20/2019 01:18:00.000000,0.464851,9.74675,0.0574,16.558537,3.782927
07/20/2019 01:19:00.000000,0.278353,7.852,0.062,0.026614,8.065
07/20/2019 01:20:00.000000,0.228801,8.7575,0.062125,18.828571,3.911429
07/20/2019 01:21:00.000000,0.232654,7.9215,0.06085,0.030842,2.9
07/20/2019 01:22:00.000000,0.282918,8.63275,0.05835,0.032819,5.051163
07/20/2019 01:23:00.000000,0.44614,9.021,0.05755,23.778378,4.310811
07/20/2019 01:24:00.000000,0.392193,9.1295,0.06004,10.544444,4.933333
07/20/2019 01:25:00.000000,0.275385,9.017,0.06345,0.02878,2.489655
07/20/2019 01:26:00.000000,0.396265,8.73925,0.065733,10.111628,2.986047
07/20/2019 01:27:00.000000,0.321679,8.5725,0.065225,8.9,3.183333
07/20/2019 01:28:00.000000,0.216651,10.00725,0.0621,20.472093,3.451163
07/20/2019 01:29:00.000000,0.268517,11.99925,0.059225,0.055724,5.564706
07/20/2019 01:30:00.000000,0.261829,13.03175,0.05915,0.040203,3.086486
07/20/2019 01:31:00.000000,0.204844,12.1105,0.05785,0.029933,2.914286
07/20/2019 01:32:00.000000,0.216765,11.766,0.057675,0.024784,3.310256
07/20/2019 01:33:00.000000,0.247599,21.16875,0.052,21.026316,4.471053
07/20/2019 01:34:00.000000,0.292532,20.547,0.046475,0.018685,6.042857
07/20/2019 01:35:00.000000,0.497821,11.51025,0.05335,12.295,4.6
07/20/2019 01:36:00.000000,0.60427,11.41275,0.05812,0.033825,2.85
07/20/2019 01:37:00.000000,0.339327,12.214,0.0591,17.83,3.48
07/20/2019 01:38:00.000000,0.312965,11.65225,0.059775,28.590244,3.685366
07/20/2019 01:39:00.000000,0.329554,11.1065,0.06054,33.123256,4.646512
07/20/2019 01:40:00.000000,0.325116,10.63075,0.06035,0.034854,3.83125
07/20/2019 01:41:00.000000,0.289295,10.37025,0.056525,25.025,4.82
07/20/2019 01:42:00.000000,0.291777,16.08,0.050667,0.023841,4.497674
07/20/2019 01:43:00.000000,0.271076,13.901,0.0529,0.023937,6.628571
07/20/2019 01:44:00.000000,0.272077,11.65475,0.054925,21.002439,4.268293
07/20/2019 01:45:00.000000,0.525288,9.795,0.0531,21.242857,3.8
07/20/2019 01:46:00.000000,0.679747,11.36175,0.05495,14.725,4.31
07/20/2019 01:47:00.000000,0.340023,13.0585,0.0557,25.631818,5.325
07/20/2019 01:48:00.000000,0.275766,12.27975,0.05515,0.029413,4.814286
07/20/2019 01:49:00.000000,0.297926,,,,
07/20/2019 01:50:00.000000,0.356565,11.874,0.05775,4.557143,3.385714
07/20/2019 01:51:00.000000,0.338414,11.7,0.05775,0.035021,4.118605
07/20/2019 01:52:00.000000,0.28616,12.02475,0.0543,21.766667,5.55
07/20/2019 01:53:00.000000,0.288478,11.98,0.055125,17.178049,8.360976
07/20/2019 01:54:00.000000,0.284604,11.80675,0.05705,0.021609,5.593333
07/20/2019 01:55:00.000000,0.321793,11.6235,0.0564,0.027663,4.411628
07/20/2019 01:56:00.000000,0.32661,12.3495,0.0551,28.495238,5.328571
07/20/2019 01:57:00.000000,0.376954,21.389,0.048925,0.03717,8.757143
07/20/2019 01:58:00.000000,0.575577,25.8095,0.0436,0.019045,6.14878
07/20/2019 01:59:00.000000,0.773555,20.144,0.0455,0.018162,6.193333
07/20/2019 02:00:00.000000,0.545467,14.29825,0.050825,27.774419,6.3
07/20/2019 02:01:00.000000,0.412173,10.977,0.053425,0.014797,3.99
07/20/2019 02:02:00.000000,0.400521,12.4185,0.05425,0.026813,4.704651
07/20/2019 02:03:00.000000,0.33429,21.7465,0.051325,30.475,5.07
07/20/2019 02:04:00.000000,0.295227,13.15825,0.049875,16.906667,6.053333
07/20/2019 02:05:00.000000,0.270362,14.21675,0.051025,11.473684,4.178947
07/20/2019 02:06:00.000000,0.273969,16.95225,0.049925,24.346341,3.714634
07/20/2019 02:07:00.000000,0.313787,23.30275,0.04425,0.038218,5.153125
07/20/2019 02:08:00.000000,0.415928,13.9075,0.04555,0.032983,5.03
07/20/2019 02:09:00.000000,0.501795,13.49425,0.0509,18.586957,4.830435
07/20/2019 02:10:00.000000,0.538002,17.10775,0.048075,38.614634,4.714634
07/20/2019 02:11:00.000000,0.398893,19.35825,0.046425,18.485,4.785
07/20/2019 02:12:00.000000,0.380839,19.6605,0.046675,15.575,5.82
07/20/2019 02:13:00.000000,0.455111,19.26925,0.047,0.037502,6.512195
07/20/2019 02:14:00.000000,0.463329,18.71925,0.047825,0.040587,6.856098
07/20/2019 02:15:00.000000,0.503811,24.817,0.04242,0.02085,5.721053
07/20/2019 02:16:00.000000,0.723275,21.709333,0.0406,26.485714,6.1
07/20/2019 02:17:00.000000,0.718927,19.306,0.046925,0.018778,5.693333
07/20/2019 02:18:00.000000,0.590934,16.23925,0.050575,0.015103,4.831707
07/20/2019 02:19:00.000000,0.379473,15.0605,0.051975,0.03248,3.695349
07/20/2019 02:20:00.000000,0.315218,14.9955,0.05075,12.653659,3.243902
07/20/2019 02:21:00.000000,0.334447,15.05625,0.049475,31.736585,4.565854
07/20/2019 02:22:00.000000,0.437863,19.609,0.046775,0.028518,5.561538
07/20/2019 02:23:00.000000,0.646066,31.02125,0.038675,0.022948,6.465
07/20/2019 02:24:00.000000,0.564208,30.1665,0.03755,0.029123,6.176923
07/20/2019 02:25:00.000000,0.392764,23.5445,0.04205,0.030807,6.953659
07/20/2019 02:26:00.000000,0.423022,21.03975,0.04415,25.363415,6.502439
07/20/2019 02:27:00.000000,0.442602,16.00975,0.04725,23.497619,5.542857
07/20/2019 02:28:00.000000,0.407456,15.343,0.048475,60.076923,6.5
07/20/2019 02:29:00.000000,0.438554,15.46975,0.047125,24.785714,8.328571
07/20/2019 02:30:00.000000,0.450383,23.94825,0.04265,0.020238,7.35
07/20/2019 02:31:00.000000,0.592409,35.52325,0.0364,22.959091,4.681818
07/20/2019 02:32:00.000000,0.652893,26.64025,0.0376,17.204545,4.804545
07/20/2019 02:33:00.000000,0.538062,20.10625,0.042825,0.015313,4.557143
07/20/2019 02:34:00.000000,0.475566,16.52725,0.045875,19.892683,7.487805
07/20/2019 02:35:00.000000,0.425244,16.78375,0.0465,14.648837,5.504651
07/20/2019 02:36:00.000000,0.401917,23.93975,0.041675,23.915,5.015
07/20/2019 02:37:00.000000,0.514163,27.42175,0.0355,38.006667,8.466667
07/20/2019 02:38:00.000000,0.526472,23.218,0.03775,0.036067,8.087805
07/20/2019 02:39:00.000000,0.491863,17.341,0.04425,45.868293,8.412195
07/20/2019 02:40:00.000000,0.425622,16.11925,0.046525,0.056613,8.414634
07/20/2019 02:41:00.000000,0.401692,17.08875,0.04535,0.02691,4.712195
07/20/2019 02:42:00.000000,0.392899,16.9315,0.047775,22.241463,7.268293
07/20/2019 02:43:00.000000,0.374184,16.69275,0.048875,0.021865,4.775556
07/20/2019 02:44:00.000000,0.425839,16.69,0.048725,24.536585,7.273171
07/20/2019 02:45:00.000000,0.449076,19.796,0.045975,0.039255,8.383333
07/20/2019 02:46:00.000000,0.461451,13.71725,0.046475,20.85,6.014286
07/20/2019 02:47:00.000000,0.373001,15.516,0.047675,0.047682,7.493023
07/20/2019 02:48:00.000000,0.331026,16.64125,0.045375,0.050997,5.9025
07/20/2019 02:49:00.000000,0.372364,18.3325,0.04255,30.914286,4.5
07/20/2019 02:50:00.000000,0.943082,19.1755,0.040125,31.923256,6.02093
07/20/2019 02:51:00.000000,1.372035,19.39,0.041325,0.055235,4.730435
07/20/2019 02:52:00.000000,0.625988,19.39825,0.043325,0.027404,6.1
07/20/2019 02:53:00.000000,0.405868,19.1385,0.044875,0.038602,6.109677
07/20/2019 02:54:00.000000,0.445378,18.85775,0.0461,0.03802,5.846154
07/20/2019 02:55:00.000000,0.393078,20.1855,0.0462,20.715789,8.573684
07/20/2019 02:56:00.000000,0.444049,18.09375,0.043975,27.0,4.716216
07/20/2019 02:57:00.000000,0.455109,17.52125,0.0461,38.489474,11.168421
07/20/2019 02:58:00.000000,0.45409,14.9075,0.04625,0.027722,8.371429
07/20/2019 02:59:00.000000,0.401613,15.15275,0.046825,0.049702,9.984211
07/20/2019 03:00:00.000000,0.393118,15.4645,0.044475,0.063382,9.983721
07/20/2019 03:01:00.000000,0.403576,16.386,0.0427,36.942105,10.994737
07/20/2019 03:02:00.000000,0.370236,18.459,0.042975,23.625714,9.314286
07/20/2019 03:03:00.000000,0.332106,15.893,0.043625,0.047934,9.534884
07/20/2019 03:04:00.000000,0.325553,15.35375,0.044425,31.945,7.39
07/20/2019 03:05:00.000000,0.322587,15.4395,0.043925,22.507143,4.6
07/20/2019 03:06:00.000000,0.357028,25.47025,0.041275,41.802439,7.017073
07/20/2019 03:07:00.000000,0.334715,23.61525,0.039575,43.6,6.82
07/20/2019 03:08:00.000000,0.455785,20.4655,0.04065,0.027513,5.783333
07/20/2019 03:09:00.000000,0.498042,26.38725,0.03925,0.06168,6.031818
07/20/2019 03:10:00.000000,0.478629,21.0405,0.038475,0.039502,8.48
07/20/2019 03:11:00.000000,0.452328,19.1,0.04145,0.027508,3.945714
07/20/2019 03:12:00.000000,0.426647,17.60075,0.043175,21.722581,6.122581
07/20/2019 03:13:00.000000,0.421989,18.00225,0.042725,0.026931,5.64
07/20/2019 03:14:00.000000,0.414024,19.27625,0.0414,0.028225,6.357143
07/20/2019 03:15:00.000000,0.404429,21.62225,0.041725,0.043653,9.60303
07/20/2019 03:16:00.000000,0.43904,17.07225,0.040575,0.025768,6.285366
07/20/2019 03:17:00.000000,0.414123,18.317,0.04125,25.447368,5.447368
07/20/2019 03:18:00.000000,0.37845,15.99875,0.043675,0.031076,6.134211
07/20/2019 03:19:00.000000,0.356,16.063,0.04415,25.231818,5.609091
07/20/2019 03:20:00.000000,0.325938,17.556,0.033425,0.026229,8.221951
07/20/2019 03:21:00.000000,0.356169,21.3005,0.02935,0.022874,6.62093
07/20/2019 03:22:00.000000,0.459032,20.315,0.039225,0.01954,5.957143
07/20/2019 03:23:00.000000,0.379621,17.53425,0.04215,16.704878,5.402439
07/20/2019 03:24:00.000000,0.397642,17.842,0.041825,43.157143,5.642857
07/20/2019 03:25:00.000000,0.393146,16.55175,0.040825,16.409091,4.859091
07/20/2019 03:26:00.000000,0.435529,17.27575,0.0399,15.677143,7.128571
07/20/2019 03:27:00.000000,0.453616,24.25975,0.02095,0.017939,5.057143
07/20/2019 03:28:00.000000,0.596743,30.55525,0.025425,0.027786,5.283333
07/20/2019 03:29:00.000000,0.50929,21.443,0.034125,17.451163,5.486047
07/20/2019 03:30:00.000000,0.422668,19.97525,0.039425,0.014496,4.985714
07/20/2019 03:31:00.000000,0.465083,18.9915,0.041025,0.029475,6.855
07/20/2019 03:32:00.000000,0.503395,18.83875,0.040975,26.345,5.245
07/20/2019 03:33:00.000000,0.458691,18.6915,0.040725,0.022801,4.653846
07/20/2019 03:34:00.000000,0.403899,18.3,0.042625,16.120455,7.881818
07/20/2019 03:35:00.000000,0.523993,17.577,0.04505,0.04823,10.192683
07/20/2019 03:36:00.000000,0.436011,16.824,0.0462,18.086364,6.959091
07/20/2019 03:37:00.000000,0.334387,16.1805,0.04585,17.966667,4.666667
07/20/2019 03:38:00.000000,0.309666,15.7595,0.045,23.280488,4.656098
07/20/2019 03:39:00.000000,0.315225,15.893,0.0425,0.032219,8.997297
07/20/2019 03:40:00.000000,0.354846,18.79425,0.03825,0.030259,7.492857
07/20/2019 03:41:00.000000,0.3708,25.671333,0.0352,29.195238,6.8
07/20/2019 03:42:00.000000,0.397439,22.52725,0.03875,28.44359,6.7
07/20/2019 03:43:00.000000,0.372155,20.557,0.04445,54.389474,4.660526
07/20/2019 03:44:00.000000,0.300612,19.88075,0.0467,0.056346,7.68
07/20/2019 03:45:00.000000,0.270203,19.816,0.04785,0.040608,7.453333
07/20/2019 03:46:00.000000,0.252992,19.78525,0.04745,23.0,6.473684
07/20/2019 03:47:00.000000,0.293131,19.8905,0.04675,20.1625,7.66
07/20/2019 03:48:00.000000,0.304203,19.87375,0.047425,19.248837,6.84186
07/20/2019 03:49:00.000000,0.300709,,,,
07/20/2019 03:50:00.000000,0.314598,19.84325,0.04755,0.037148,6.033333
07/20/2019 03:51:00.000000,0.281519,19.965,0.04665,23.053659,6.953659
07/20/2019 03:52:00.000000,0.277673,20.1215,0.0467,0.017325,6.153488
07/20/2019 03:53:00.000000,0.300226,20.24,0.046225,0.030839,7.2
07/20/2019 03:54:00.000000,0.317807,20.39875,0.0451,0.040827,7.228571
07/20/2019 03:55:00.000000,0.317225,20.66425,0.0437,42.385714,8.4
07/20/2019 03:56:00.000000,0.333376,21.16525,0.043,42.809302,6.84186
07/20/2019 03:57:00.000000,0.34965,21.7465,0.0424,23.478049,7.182927
07/20/2019 03:58:00.000000,0.357202,22.224,0.041925,38.56,6.365
07/20/2019 03:59:00.000000,0.356457,22.45875,0.043475,20.0125,5.435
07/20/2019 04:00:00.000000,0.347449,22.68975,0.044025,0.021991,6.272093
07/20/2019 04:01:00.000000,0.348544,23.0285,0.042825,32.242857,7.371429
07/20/2019 04:02:00.000000,0.106016,23.38,0.041525,0.025999,6.542857
07/20/2019 04:03:00.000000,0.030147,23.66175,0.039475,0.036799,7.541463
07/20/2019 04:04:00.000000,0.003978,24.1485,0.0386,0.030341,6.0
07/20/2019 04:05:00.000000,0.002365,24.4335,0.04,14.265517,7.051724
07/20/2019 04:06:00.000000,0.004311,24.618,0.043075,0.014766,7.013953
07/20/2019 04:07:00.000000,0.000486,24.75375,0.045675,0.032201,7.26087
07/20/2019 04:08:00.000000,-9999.0,25.2475,0.040825,0.027629,10.139535
07/20/2019 04:09:00.000000,0.005465,25.57725,0.04125,0.028504,6.039535
07/20/2019 04:10:00.000000,-9999.0,25.85725,0.0431,0.030429,7.957143
07/20/2019 04:11:00.000000,0.00042,25.837,0.041475,19.865116,8.227907
07/20/2019 04:12:00.000000,0.075683,24.93025,0.04655,0.008138,5.285714
07/20/2019 04:13:00.000000,0.218179,23.5155,0.051775,0.042176,5.914286
07/20/2019 04:14:00.000000,0.287993,22.09425,0.054,0.03721,8.57561
07/20/2019 04:15:00.000000,0.269712,21.0375,0.05305,0.032835,5.0
07/20/2019 04:16:00.000000,0.28744,19.76975,0.05125,0.052523,6.192683
07/20/2019 04:17:00.000000,0.346157,18.626,0.04915,0.046945,7.257895
07/20/2019 04:18:00.000000,0.32805,17.1285,0.050075,21.35,5.7
07/20/2019 04:19:00.000000,0.313136,15.508,0.05205,0.02461,8.8
07/20/2019 04:20:00.000000,0.276288,14.355,0.0531,21.968182,7.240909
07/20/2019 04:21:00.000000,0.232267,13.73475,0.0532,18.678947,5.805263
07/20/2019 04:22:00.000000,0.208213,13.22875,0.0528,0.024808,5.114286
07/20/2019 04:23:00.000000,0.199265,12.6575,0.052975,14.057143,5.271429
07/20/2019 04:24:00.000000,0.208442,15.00225,0.05074,16.486667,4.623333
07/20/2019 04:25:00.000000,0.256545,19.94675,0.046633,0.023563,5.020455
07/20/2019 04:26:00.000000,0.353559,16.49875,0.0459,17.659524,5.614286
07/20/2019 04:27:00.000000,0.448422,16.22825,0.046675,11.640909,3.713636
07/20/2019 04:28:00.000000,0.483203,15.77225,0.047525,0.024932,4.845
07/20/2019 04:29:00.000000,0.360642,15.98575,0.04656,18.115789,3.078947
07/20/2019 04:30:00.000000,0.277087,16.104,0.0461,17.314286,3.38
07/20/2019 04:31:00.000000,0.241689,15.9725,0.0469,16.253846,5.6
07/20/2019 04:32:00.000000,0.230286,15.862,0.0468,21.368293,4.292683
07/20/2019 04:33:00.000000,0.217861,15.6365,0.046125,0.013757,4.774419
07/20/2019 04:34:00.000000,0.210205,15.64875,0.04548,21.929412,4.414706
07/20/2019 04:35:00.000000,0.231933,15.596,0.0457,18.6,6.25
07/20/2019 04:36:00.000000,0.404924,15.8385,0.044367,0.02026,5.446341
07/20/2019 04:37:00.000000,0.505332,15.71975,0.0431,0.043183,7.442857
07/20/2019 04:38:00.000000,0.358617,17.0185,0.041475,0.024711,7.025581
07/20/2019 04:39:00.000000,0.411703,25.0065,0.037325,21.125641,7.510256
07/20/2019 04:40:00.000000,0.407224,21.748,0.03765,20.936585,6.439024
07/20/2019 04:41:00.000000,0.414133,26.993,0.038875,0.014031,4.013636
07/20/2019 04:42:00.000000,0.498864,32.08275,0.0349,0.029414,5.752778
07/20/2019 04:43:00.000000,0.529578,13.83,0.038225,6.828571,4.042857
07/20/2019 04:44:00.000000,0.32367,15.074,0.0436,9.205128,4.123077
07/20/2019 04:45:00.000000,0.333482,19.369,0.04135,0.027254,4.386047
07/20/2019 04:46:00.000000,0.605578,14.49375,0.0376,13.228571,3.542857
07/20/2019 04:47:00.000000,0.577548,0.993,0.03365,0.032092,4.983333
07/20/2019 04:48:00.000000,0.491861,0.628,0.0323,0.030249,4.033333
07/20/2019 04:49:00.000000,0.462719,0.4315,0.036275,0.025509,5.176744
07/20/2019 04:50:00.000000,0.438443,0.3845,0.0374,19.2,4.013333
07/20/2019 04:51:00.000000,0.425679,0.35,0.034525,21.760976,5.678049
07/20/2019 04:52:00.000000,0.481847,0.3155,0.032875,5.4875,3.535
07/20/2019 04:53:00.000000,0.998992,0.253,0.035225,9.871429,4.016667
07/20/2019 04:54:00.000000,0.784614,0.19775,0.03656,15.95,2.744118
07/20/2019 04:55:00.000000,0.334921,0.118,0.034133,131.282222,22.628889
07/20/2019 04:56:00.000000,0.294367,-9999.0,0.0343,0.099457,10.223077
07/20/2019 04:57:00.000000,0.295154,1.7185,0.035125,38.72439,6.702439
07/20/2019 04:58:00.000000,0.453438,5.773,0.0334,0.017652,5.843182
07/20/2019 04:59:00.000000,0.508095,2.358,0.031025,8.146154,4.853846
07/20/2019 05:00:00.000000,0.347725,1.3905,0.031275,0.038405,3.425
07/20/2019 05:01:00.000000,0.260634,1.75075,0.032425,0.028796,4.372973
07/20/2019 05:02:00.000000,0.244612,1.6445,0.03235,12.296774,4.019355
07/20/2019 05:03:00.000000,0.246317,1.75075,0.031775,0.021548,6.065116
07/20/2019 05:04:00.000000,0.255179,1.87875,0.029925,29.863415,7.765854
07/20/2019 05:05:00.000000,0.351306,1.90625,0.02545,0.027825,6.036585
07/20/2019 05:06:00.000000,0.506472,1.96575,0.0234,0.03189,7.607317
07/20/2019 05:07:00.000000,0.602964,2.10975,0.02405,7.583333,4.761905
07/20/2019 05:08:00.000000,0.604951,2.1835,0.023125,53.993023,8.388372
07/20/2019 05:09:00.000000,0.547788,2.2955,0.02065,0.029694,7.128571
07/20/2019 05:10:00.000000,0.493489,2.42525,0.02075,24.287097,4.864516
07/20/2019 05:11:00.000000,0.522469,2.3885,0.02196,30.975,10.05
07/20/2019 05:12:00.000000,0.577735,2.21025,0.0229,24.028571,9.2
07/20/2019 05:13:00.000000,0.482851,2.255,0.02585,34.718182,5.027273
07/20/2019 05:14:00.000000,0.388871,2.13,0.0273,0.039318,4.902326
07/20/2019 05:15:00.000000,0.386926,1.959,0.02498,0.024848,5.580645
07/20/2019 05:16:00.000000,0.412166,2.01175,0.020833,0.036756,6.965854
07/20/2019 05:17:00.000000,0.484376,37.01175,0.01908,0.034911,6.425
07/20/2019 05:18:00.000000,0.490903,64.25125,0.0184,12.115909,4.586364
07/20/2019 05:19:00.000000,0.440852,70.10275,0.0174,15.546875,6.33125
07/20/2019 05:20:00.000000,0.477796,70.72325,0.0127,0.023741,6.42963
07/20/2019 05:21:00.000000,0.499806,70.323667,0.006875,0.036604,5.817143
07/20/2019 05:22:00.000000,0.509961,70.3085,0.009325,20.540476,7.771429
07/20/2019 05:23:00.000000,0.502176,70.3235,0.01705,0.026692,6.676744
07/20/2019 05:24:00.000000,0.539977,70.33725,0.016275,0.022204,6.061538
07/20/2019 05:25:00.000000,0.792415,70.376,0.012875,0.023192,4.714286
07/20/2019 05:26:00.000000,0.636805,61.97025,0.01845,0.015097,5.337209
07/20/2019 05:27:00.000000,0.474525,9.44775,0.01965,0.041892,7.570588
07/20/2019 05:28:00.000000,0.440863,0.0,0.016225,0.03012,6.935
07/20/2019 05:29:00.000000,0.450386,0.0,0.018275,15.342857,6.371429
07/20/2019 05:30:00.000000,0.435393,-9999.0,0.024325,0.035235,6.040909
07/20/2019 05:31:00.000000,0.423085,-9999.0,0.02865,21.063415,7.492683
07/20/2019 05:32:00.000000,0.43004,-9999.0,0.029425,25.915789,6.705263
07/20/2019 05:33:00.000000,0.390262,-9999.0,0.032425,0.030053,6.415
07/20/2019 05:34:00.000000,0.340221,-9999.0,0.035475,0.024892,3.877273
07/20/2019 05:35:00.000000,0.366207,-9999.0,0.0358,0.013118,4.478049
07/20/2019 05:36:00.000000,0.44397,1.75375,0.036575,0.009627,4.445
07/20/2019 05:37:00.000000,0.392106,18.895667,0.038125,8.586667,4.231111
07/20/2019 05:38:00.000000,0.32372,18.94975,0.037825,23.628571,4.885714
07/20/2019 05:39:00.000000,0.324468,20.245,0.03715,0.019537,5.086047
07/20/2019 05:40:00.000000,0.401582,21.868,0.036075,15.716667,4.183333
07/20/2019 05:41:00.000000,0.472691,21.30575,0.0378,22.664102,7.574359
07/20/2019 05:42:00.000000,0.394907,20.6575,0.0389,24.425,6.12
07/20/2019 05:43:00.000000,0.377192,20.2975,0.0362,0.032004,4.17
07/20/2019 05:44:00.000000,0.381226,19.67425,0.0362,0.033414,4.072093
07/20/2019 05:45:00.000000,0.349213,19.09475,0.037325,0.019563,4.27
07/20/2019 05:46:00.000000,0.338932,18.63925,0.036325,0.029785,5.046341
07/20/2019 05:47:00.000000,0.21604,18.4245,0.0349,8.835,4.605
07/20/2019 05:48:00.000000,0.35155,18.22,0.035025,0.02032,5.016279
07/20/2019 05:49:00.000000,0.753748,18.268,0.036725,0.019741,3.631579
07/20/2019 05:50:00.000000,0.949002,18.26275,0.0364,24.05,5.17
07/20/2019 05:51:00.000000,1.009232,18.192,0.0359,25.616667,4.333333
07/20/2019 05:52:00.000000,1.025313,18.5085,0.033625,12.697436,4.184615
07/20/2019 05:53:00.000000,1.031139,18.74125,0.03305,0.028904,5.77561
07/20/2019 05:54:00.000000,1.035471,18.69225,0.035475,0.023201,5.08
07/20/2019 05:55:00.000000,1.033389,18.04325,0.036425,19.695455,4.479545
07/20/2019 05:56:00.000000,0.991885,17.339,0.038775,14.371429,5.085714
07/20/2019 05:57:00.000000,0.516608,16.8845,0.039675,0.005368,2.830769
07/20/2019 05:58:00.000000,0.067155,16.5765,0.038675,0.020022,4.123077
07/20/2019 05:59:00.000000,0.013846,16.40525,0.036425,0.007806,3.639535
07/20/2019 06:00:00.000000,0.011246,15.71025,0.037425,0.004033,2.987805
07/20/2019 06:01:00.000000,0.009178,14.987,0.0402,19.121429,4.614286
07/20/2019 06:02:00.000000,0.011665,14.3625,0.04,14.760465,3.953488
07/20/2019 06:03:00.000000,0.011172,14.111,0.039725,0.025424,4.141463
07/20/2019 06:04:00.000000,0.009177,14.4995,0.036075,0.012495,3.942857
07/20/2019 06:05:00.000000,0.008293,14.854,0.035125,0.013513,4.155
07/20/2019 06:06:00.000000,-9999.0,15.286,0.035,17.93,2.7125
07/20/2019 06:07:00.000000,0.062155,15.4875,0.03395,0.014011,3.006667
07/20/2019 06:08:00.000000,0.263988,15.7485,0.035125,18.361905,4.557143
07/20/2019 06:09:00.000000,0.309388,17.009,0.03335,0.018754,3.771429
07/20/2019 06:10:00.000000,0.41267,23.90775,0.029625,9.7,3.181395
07/20/2019 06:11:00.000000,0.516941,20.798,0.03055,9.526829,3.514634
07/20/2019 06:12:00.000000,0.330924,21.44075,0.0309,0.015534,4.965854
07/20/2019 06:13:00.000000,0.273171,22.2845,0.02845,9.285714,4.866667
07/20/2019 06:14:00.000000,0.272287,23.00925,0.025525,12.392857,4.25
07/20/2019 06:15:00.000000,0.312583,23.616,0.026075,15.704878,4.270732
07/20/2019 06:16:00.000000,0.267322,24.23275,0.026175,0.014764,4.467568
07/20/2019 06:17:00.000000,0.249824,25.084,0.02365,0.012961,3.902439
07/20/2019 06:18:00.000000,0.325643,25.89925,0.0232,0.033286,4.584615
07/20/2019 06:19:00.000000,0.275843,26.68275,0.024925,0.020504,3.495349
07/20/2019 06:20:00.000000,0.272823,27.39925,0.02535,0.02697,3.215
07/20/2019 06:21:00.000000,0.296401,27.5485,0.0262,22.387805,4.65122
07/20/2019 06:22:00.000000,0.254397,25.2335,0.02695,12.984615,4.223077
07/20/2019 06:23:00.000000,0.275418,29.70025,0.02445,15.8,4.865
07/20/2019 06:24:00.000000,0.307991,26.15125,0.02405,26.9875,3.895
07/20/2019 06:25:00.000000,0.296625,25.71475,0.026325,6.021951,3.017073
07/20/2019 06:26:00.000000,0.290694,25.48375,0.026,0.012631,4.965116
07/20/2019 06:27:00.000000,0.283911,25.24825,0.025925,0.02046,8.042857
07/20/2019 06:28:00.000000,0.295093,27.6605,0.024725,0.020482,4.317073
07/20/2019 06:29:00.000000,0.395426,27.08475,0.0245,10.677273,5.068182
07/20/2019 06:30:00.000000,0.401983,26.59125,0.025575,0.046263,5.641463
07/20/2019 06:31:00.000000,0.369571,24.0195,0.0251,23.129268,5.285366
07/20/2019 06:32:00.000000,0.327986,29.8455,0.0226,0.01992,6.146512
07/20/2019 06:33:00.000000,0.348026,25.219,0.023625,0.013265,4.55
07/20/2019 06:34:00.000000,0.320661,26.01875,0.0238,7.942857,3.514286
07/20/2019 06:35:00.000000,0.288449,26.4705,0.0243,17.007317,6.046341
07/20/2019 06:36:00.000000,0.295571,24.73125,0.025025,0.02847,6.583721
07/20/2019 06:37:00.000000,0.308151,24.5995,0.0259,19.0,6.934884
07/20/2019 06:38:00.000000,0.282987,24.2945,0.02805,9.475,4.365
07/20/2019 06:39:00.000000,0.240302,23.85025,0.02855,0.02139,3.9
07/20/2019 06:40:00.000000,0.226424,23.2585,0.03035,9.686047,2.781395
07/20/2019 06:41:00.000000,0.207689,22.7025,0.0296,13.3125,5.745
07/20/2019 06:42:00.000000,0.210414,22.625,0.02655,0.037693,4.592683
07/20/2019 06:43:00.000000,0.21602,28.93925,0.020925,20.665909,4.386364
07/20/2019 06:44:00.000000,0.214913,37.66,0.014725,23.212195,3.631707
07/20/2019 06:45:00.000000,0.223595,40.27175,0.011675,21.928571,4.528571
07/20/2019 06:46:00.000000,0.228936,42.98625,0.0966,0.035479,3.577273
07/20/2019 06:47:00.000000,0.243287,45.76625,0.0597,0.038212,4.428571
07/20/2019 06:48:00.000000,0.253617,46.25625,0.059175,14.2,5.636364
07/20/2019 06:49:00.000000,0.267616,50.021,0.0586,0.026396,5.54186
07/20/2019 06:50:00.000000,0.25454,51.832,0.058375,20.058824,7.052941
07/20/2019 06:51:00.000000,0.24591,51.59625,0.05875,40.9,6.259091
07/20/2019 06:52:00.000000,0.264747,51.37875,0.058975,22.164865,5.597297
07/20/2019 06:53:00.000000,0.396714,51.1225,0.058725,0.024048,7.633333
07/20/2019 06:54:00.000000,0.359357,51.094,0.05875,0.016504,5.594737
07/20/2019 06:55:00.000000,0.262348,50.99575,0.058975,0.033848,5.77931
07/20/2019 06:56:00.000000,0.254987,50.8195,0.04995,0.033169,4.541935
07/20/2019 06:57:00.000000,0.262491,50.4135,-9999.0,0.033665,5.176923
07/20/2019 06:58:00.000000,0.320176,50.06275,-9999.0,0.019793,4.783721
07/20/2019 06:59:00.000000,0.409373,49.8615,-9999.0,16.774419,4.95814
07/20/2019 07:00:00.000000,0.399508,49.74075,0.00015,0.023006,6.166667
07/20/2019 07:01:00.000000,0.312295,49.55875,0.000225,0.024824,4.126316
07/20/2019 07:02:00.000000,0.292861,49.50425,5e-05,21.048571,5.642857
07/20/2019 07:03:00.000000,0.298251,49.637,0.0,0.031939,7.071429
07/20/2019 07:04:00.000000,0.2935,49.89825,-9999.0,0.01824,5.883333
07/20/2019 07:05:00.000000,0.306554,50.29975,-9999.0,0.032975,10.266667
07/20/2019 07:06:00.000000,0.32149,50.48675,-9999.0,0.031519,5.206667
07/20/2019 07:07:00.000000,0.387902,50.11125,0.000125,14.336842,4.242105
07/20/2019 07:08:00.000000,0.375029,49.606,0.000133,35.230233,5.439535
07/20/2019 07:09:00.000000,0.423661,49.251,-9999.0,24.822727,4.922727
07/20/2019 07:10:00.000000,0.604157,48.98675,-9999.0,0.031292,4.994118
07/20/2019 07:11:00.000000,0.487479,48.4305,-9999.0,11.555814,3.995349
07/20/2019 07:12:00.000000,0.345337,47.73225,-9999.0,0.028854,7.18
07/20/2019 07:13:00.000000,0.274355,44.4305,0.0005,0.021757,5.915
07/20/2019 07:14:00.000000,0.355208,45.57775,0.00105,0.023698,5.094737
07/20/2019 07:15:00.000000,0.393735,41.74475,0.000775,0.006742,4.139535
07/20/2019 07:16:00.000000,0.293657,39.31575,0.000975,12.245,3.405
07/20/2019 07:17:00.000000,0.248222,37.63925,0.010275,21.553659,2.958537
07/20/2019 07:18:00.000000,0.260344,34.6515,0.017425,40.604545,6.009091
07/20/2019 07:19:00.000000,0.265766,36.56125,0.014025,0.026751,5.99
07/20/2019 07:20:00.000000,0.242933,38.2135,0.012125,13.590909,5.311364
07/20/2019 07:21:00.000000,0.237981,38.09775,0.010125,20.789474,6.126316
07/20/2019 07:22:00.000000,0.248036,44.565,0.005725,0.025273,7.142105
07/20/2019 07:23:00.000000,0.275644,44.88575,0.004375,6.7,4.985714
07/20/2019 07:24:00.000000,0.284182,43.57175,0.00545,11.471429,5.285714
07/20/2019 07:25:00.000000,0.254271,42.14675,0.0075,0.031866,6.260465
07/20/2019 07:26:00.000000,0.238298,41.85825,0.00885,22.885714,4.342857
07/20/2019 07:27:00.000000,0.242426,41.808,0.0077,0.026729,8.2
07/20/2019 07:28:00.000000,0.264304,41.8475,0.0061,17.1,6.953846
07/20/2019 07:29:00.000000,0.28244,42.0605,0.00575,11.930952,5.914286
07/20/2019 07:30:00.000000,0.280801,42.38775,0.005625,5.110256,4.446154
07/20/2019 07:31:00.000000,0.272523,42.83875,0.005275,20.548837,4.630233
07/20/2019 07:32:00.000000,0.281809,43.3775,0.004275,0.025912,8.355
07/20/2019 07:33:00.000000,0.286126,44.161,0.0032,13.34,6.705
07/20/2019 07:34:00.000000,0.281615,45.0665,0.00325,26.942857,5.466667
07/20/2019 07:35:00.000000,0.754723,45.67275,0.003275,0.02272,6.346154
07/20/2019 07:36:00.000000,1.346671,46.31575,0.002925,11.442857,6.328571
07/20/2019 07:37:00.000000,0.56251,46.546,0.004,23.502326,5.525581
07/20/2019 07:38:00.000000,0.321236,46.3265,0.006375,0.013854,4.404878
07/20/2019 07:39:00.000000,0.363583,45.49425,0.0091,18.073684,5.8
07/20/2019 07:40:00.000000,0.332262,32.175,0.0153,0.021675,3.709756
07/20/2019 07:41:00.000000,0.288971,26.48275,0.022125,10.242857,4.133333
07/20/2019 07:42:00.000000,0.261512,27.178,0.022375,0.009049,3.797674
07/20/2019 07:43:00.000000,0.264579,29.04125,0.019625,18.285714,5.757143
07/20/2019 07:44:00.000000,0.311819,29.65775,0.01785,0.017998,4.563415
07/20/2019 07:45:00.000000,0.324208,29.48125,0.02085,4.395122,3.019512
07/20/2019 07:46:00.000000,0.29755,28.47175,0.026575,0.013574,4.415
07/20/2019 07:47:00.000000,0.256857,27.198,0.0301,8.102326,3.967442
07/20/2019 07:48:00.000000,0.21729,25.86575,0.030725,8.026829,4.397561
07/20/2019 07:49:00.000000,0.204456,24.52075,0.030625,5.336364,3.55
07/20/2019 07:50:00.000000,0.259551,23.09675,0.03115,13.848837,3.316279
07/20/2019 07:51:00.000000,0.25589,21.212,0.03375,17.286364,3.804545
07/20/2019 07:52:00.000000,0.19737,19.3215,0.03395,0.005284,3.053846
07/20/2019 07:53:00.000000,0.183345,17.958,0.0336,7.566667,3.066667
07/20/2019 07:54:00.000000,0.179091,17.33075,0.03375,0.022128,4.4
07/20/2019 07:55:00.000000,0.177441,16.719,0.03525,0.016741,3.997674
07/20/2019 07:56:00.000000,0.169482,16.111,0.036225,0.019941,4.746154
07/20/2019 07:57:00.000000,0.16843,15.71425,0.0341,14.458974,3.751282
07/20/2019 07:58:00.000000,0.174943,15.40375,0.034625,10.585714,4.75
07/20/2019 07:59:00.000000,0.178101,15.20475,0.036075,0.009135,2.865854
07/20/2019 08:00:00.000000,0.175112,15.0785,0.035425,0.022892,4.814286
07/20/2019 08:01:00.000000,0.19212,15.21375,0.03355,0.021212,3.423077
07/20/2019 08:02:00.000000,0.270454,15.56825,0.0316,12.934884,3.1
07/20/2019 08:03:00.000000,0.315205,16.20075,0.0307,0.015254,4.277273
07/20/2019 08:04:00.000000,0.359893,16.875,0.0315,0.011893,4.5
07/20/2019 08:05:00.000000,0.309903,17.35675,0.029775,0.011355,4.5
07/20/2019 08:06:00.000000,0.252751,17.88225,0.029475,11.095,4.075
07/20/2019 08:07:00.000000,0.267433,17.95275,0.03355,22.717391,4.782609
07/20/2019 08:08:00.000000,0.253793,17.79125,0.034975,14.332558,5.674419
07/20/2019 08:09:00.000000,0.235543,17.44475,0.034825,0.008301,5.2
07/20/2019 08:10:00.000000,0.236207,16.815,0.03415,5.907895,3.584211
07/20/2019 08:11:00.000000,0.242973,16.81225,0.029425,0.014005,5.372727
07/20/2019 08:12:00.000000,0.25042,17.124,0.026725,0.004389,3.118605
07/20/2019 08:13:00.000000,0.259528,17.31525,0.026775,12.260976,4.321951
07/20/2019 08:14:00.000000,0.257777,17.652,0.0269,0.017408,5.885714
07/20/2019 08:15:00.000000,0.265972,18.47775,0.027775,19.114286,6.871429
07/20/2019 08:16:00.000000,0.300357,19.4865,0.027425,0.020792,5.392308
07/20/2019 08:17:00.000000,0.303211,20.39825,0.02675,0.012669,6.272093
07/20/2019 08:18:00.000000,0.292839,21.23925,0.02695,10.004348,4.804348
07/20/2019 08:19:00.000000,0.298749,21.04425,0.029167,5.795238,3.728571
07/20/2019 08:20:00.000000,0.293518,20.1072,0.0352,5.977273,4.55
07/20/2019 08:21:00.000000,0.248225,19.54,0.03566,0.005193,3.646341
07/20/2019 08:22:00.000000,0.231944,19.465,0.0306,9.106977,3.586047
07/20/2019 08:23:00.000000,0.264496,19.39725,0.027425,0.019068,4.505882
07/20/2019 08:24:00.000000,0.296266,18.78925,0.031525,0.025575,4.7
07/20/2019 08:25:00.000000,0.273173,18.22525,0.032725,5.605128,3.515385
07/20/2019 08:26:00.000000,0.284963,17.79925,0.032775,0.010116,2.428125
07/20/2019 08:27:00.000000,0.287074,17.164,0.036425,0.014393,4.040909
07/20/2019 08:28:00.000000,0.229332,17.86975,0.032775,7.925641,4.892308
07/20/2019 08:29:00.000000,0.269837,17.9315,0.032025,3.611905,3.285714
07/20/2019 08:30:00.000000,0.263426,17.61225,0.0338,0.010256,3.341463
07/20/2019 08:31:00.000000,0.225479,17.15675,0.034425,9.1625,4.08
07/20/2019 08:32:00.000000,0.226788,17.08075,0.03505,4.142857,3.428571
07/20/2019 08:33:00.000000,0.236601,16.99075,0.0335,0.010265,3.734783
07/20/2019 08:34:00.000000,0.242328,17.125,0.03175,9.431707,4.131707
07/20/2019 08:35:00.000000,0.237224,17.76225,0.0317,9.414286,4.114286
07/20/2019 08:36:00.000000,0.2398,17.99975,0.029225,0.013654,5.46
07/20/2019 08:37:00.000000,0.263531,18.5745,0.0257,0.031125,5.532432
07/20/2019 08:38:00.000000,0.280886,19.17475,0.025225,0.030843,4.390244
07/20/2019 08:39:00.000000,0.287014,19.7595,0.02585,0.020673,5.821951
07/20/2019 08:40:00.000000,0.331873,20.4905,0.025775,0.015868,4.814286
07/20/2019 08:41:00.000000,0.369952,21.051,0.0256,0.023269,5.425
07/20/2019 08:42:00.000000,0.333973,21.4075,0.0266,0.009104,4.014286
07/20/2019 08:43:00.000000,0.298159,21.283,0.029875,0.015433,4.216667
07/20/2019 08:44:00.000000,0.275091,21.0415,0.029275,11.902439,4.726829
07/20/2019 08:45:00.000000,0.273592,21.4925,0.0228,0.016774,4.457143
07/20/2019 08:46:00.000000,0.316527,22.06525,0.020225,27.55,5.505
07/20/2019 08:47:00.000000,0.331519,22.46225,0.022075,20.880488,4.846341
07/20/2019 08:48:00.000000,0.308655,23.029,0.0208,0.027264,6.506977
07/20/2019 08:49:00.000000,0.352119,23.81625,0.020025,0.044306,7.653659
07/20/2019 08:50:00.000000,0.425,24.63725,0.018975,29.428571,7.175
07/20/2019 08:51:00.000000,0.393176,26.02325,0.0185,50.205,5.825
07/20/2019 08:52:00.000000,0.365395,27.0855,0.0191,20.057143,5.266667
07/20/2019 08:53:00.000000,0.39702,26.867,0.0228,0.020285,5.113158
07/20/2019 08:54:00.000000,0.372526,26.3895,0.0259,0.0179,6.12
07/20/2019 08:55:00.000000,0.30934,26.28875,0.025025,5.24878,4.165854
07/20/2019 08:56:00.000000,0.289003,25.6165,0.0278,0.019911,5.257143
07/20/2019 08:57:00.000000,0.28118,24.89075,0.028125,0.018321,5.586364
07/20/2019 08:58:00.000000,0.2673,24.2185,0.0256,0.019825,5.34186
07/20/2019 08:59:00.000000,0.273664,23.342,0.028075,0.023532,5.985714
07/20/2019 09:00:00.000000,0.26832,22.17075,0.0295,28.2125,6.865
07/20/2019 09:01:00.000000,0.248589,21.56325,0.0296,0.044196,5.231579
07/20/2019 09:02:00.000000,0.245727,20.99125,0.030275,17.259459,5.602703
07/20/2019 09:03:00.000000,0.248079,20.2205,0.030275,0.020889,5.069231
07/20/2019 09:04:00.000000,0.26095,20.3935,0.028875,0.022894,4.765625
07/20/2019 09:05:00.000000,0.25987,20.17575,0.028425,0.016266,5.66
07/20/2019 09:06:00.000000,0.264024,19.814,0.02875,10.042857,5.435714
07/20/2019 09:07:00.000000,0.277679,19.733,0.028975,0.022444,7.123077
07/20/2019 09:08:00.000000,0.283995,19.7435,0.029575,23.337838,5.878378
07/20/2019 09:09:00.000000,0.289635,,,,
07/20/2019 09:10:00.000000,0.306627,20.48425,0.024425,40.105405,6.843243
07/20/2019 09:11:00.000000,0.314642,21.0235,0.0234,18.6975,7.23
07/20/2019 09:12:00.000000,0.327453,21.19525,0.0225,21.333333,6.479487
07/20/2019 09:13:00.000000,0.348047,21.84975,0.019475,0.033428,7.626829
07/20/2019 09:14:00.000000,0.346138,22.86725,0.0161,23.8,7.486667
07/20/2019 09:15:00.000000,0.346418,24.00975,0.0155,0.034994,7.538462
07/20/2019 09:16:00.000000,0.351707,25.086,0.015475,30.718605,7.753488
07/20/2019 09:17:00.000000,0.36502,25.903,0.015175,17.994737,8.697368
07/20/2019 09:18:00.000000,0.372838,26.5035,0.015075,17.530769,6.110256
07/20/2019 09:19:00.000000,0.364692,27.04375,0.0157,22.19,5.5
07/20/2019 09:20:00.000000,0.369606,27.4335,0.016625,0.009762,4.725
07/20/2019 09:21:00.000000,0.387287,27.4395,0.016875,0.014276,6.5925
07/20/2019 09:22:00.000000,0.399474,27.12125,0.016725,28.413793,8.037931
07/20/2019 09:23:00.000000,0.393174,26.733,0.017225,0.02039,8.02
07/20/2019 09:24:00.000000,0.3757,26.4345,0.017275,22.631429,6.96
07/20/2019 09:25:00.000000,0.370658,26.267,0.01645,0.016184,5.510256
07/20/2019 09:26:00.000000,0.377124,26.05625,0.01595,0.028874,6.689744
07/20/2019 09:27:00.000000,0.369733,25.766,0.0174,0.026104,5.086111
07/20/2019 09:28:00.000000,0.356842,25.365,0.019375,21.369231,7.717949
07/20/2019 09:29:00.000000,0.346801,25.0565,0.019125,17.723077,7.630769
07/20/2019 09:30:00.000000,0.342792,25.19875,0.0162,27.859091,7.7
07/20/2019 09:31:00.000000,0.345825,25.508,0.01445,26.809756,6.77561
07/20/2019 09:32:00.000000,0.366721,25.5265,0.015575,0.023271,6.854054
07/20/2019 09:33:00.000000,0.383652,25.16125,0.01745,27.394737,7.081579
07/20/2019 09:34:00.000000,0.368756,24.6415,0.02005,0.020585,7.334146
07/20/2019 09:35:00.000000,0.363616,24.16875,0.021325,14.109524,5.8
07/20/2019 09:36:00.000000,0.35907,23.766,0.022075,11.825,6.6775
07/20/2019 09:37:00.000000,0.342377,23.10875,0.023125,0.024481,6.739535
07/20/2019 09:38:00.000000,0.321851,22.071,0.023525,22.3,8.657143
07/20/2019 09:39:00.000000,0.30314,20.726,0.0244,0.010203,6.02381
07/20/2019 09:40:00.000000,0.293156,19.75725,0.0246,16.78,7.2475
07/20/2019 09:41:00.000000,0.284812,18.92425,0.025675,0.013795,7.116216
07/20/2019 09:42:00.000000,0.283746,18.443,0.02555,24.388235,5.629412
07/20/2019 09:43:00.000000,0.279197,18.11175,0.024875,0.023138,6.673684
07/20/2019 09:44:00.000000,0.281134,17.664,0.02665,0.036985,7.98
07/20/2019 09:45:00.000000,0.276883,17.372,0.02665,18.957143,6.807143
07/20/2019 09:46:00.000000,0.275342,17.086,0.02725,16.902703,7.405405
07/20/2019 09:47:00.000000,0.275003,16.61275,0.029075,0.016885,7.682927
07/20/2019 09:48:00.000000,0.261581,16.017,0.029925,0.018372,6.366667
07/20/2019 09:49:00.000000,0.252753,,,,
07/20/2019 09:50:00.000000,0.254842,14.9645,0.029075,0.017361,6.189744
07/20/2019 09:51:00.000000,0.258575,14.27175,0.029525,22.909756,6.326829
07/20/2019 09:52:00.000000,0.251164,13.8,0.031067,17.233333,5.714286
07/20/2019 09:53:00.000000,0.245908,13.16875,0.03165,0.013107,5.577273
07/20/2019 09:54:00.000000,0.239392,12.67575,0.0314,0.022333,8.1575
07/20/2019 09:55:00.000000,0.234653,12.4635,0.03185,0.01625,7.128571
07/20/2019 09:56:00.000000,0.235981,12.396,0.03195,20.148837,7.42093
07/20/2019 09:57:00.000000,0.239953,12.292,0.031075,0.022046,7.55
07/20/2019 09:58:00.000000,0.242365,12.169,0.0305,0.027299,6.86
07/20/2019 09:59:00.000000,0.241625,12.125,0.0306,0.026619,7.130233
07/20/2019 10:00:00.000000,0.244036,12.12825,0.030925,0.025724,5.691892
07/20/2019 10:01:00.000000,0.245076,12.1355,0.03072,22.609302,5.637209
07/20/2019 10:02:00.000000,0.075213,12.169,0.0302,0.017981,6.630769
07/20/2019 10:03:00.000000,0.028352,12.234,0.03035,21.8,7.366667
07/20/2019 10:04:00.000000,0.004681,12.308,0.0303,0.015417,6.657895
07/20/2019 10:05:00.000000,0.002485,12.36625,0.02945,15.981395,8.306977
07/20/2019 10:06:00.000000,0.007046,12.4725,0.028425,0.016741,6.488889
07/20/2019 10:07:00.000000,0.003898,12.573,0.027925,9.441463,4.773171
07/20/2019 10:08:00.000000,0.004418,12.7365,0.027625,17.763636,6.313636
07/20/2019 10:09:00.000000,0.004484,,,,
07/20/2019 10:10:00.000000,0.006477,13.03525,0.029625,15.710256,6.730769
07/20/2019 10:11:00.000000,0.003032,13.05975,0.02955,13.906977,6.5
07/20/2019 10:12:00.000000,0.055717,13.06725,0.029025,0.019215,6.005
07/20/2019 10:13:00.000000,0.16835,13.0225,0.029325,0.016485,7.1
07/20/2019 10:14:00.000000,0.229897,13.057,0.0296,8.245652,5.604348
07/20/2019 10:15:00.000000,0.237144,13.062,0.029075,0.022343,6.15
07/20/2019 10:16:00.000000,0.234847,12.9285,0.029325,19.215385,7.4
07/20/2019 10:17:00.000000,0.230472,12.69375,0.030025,13.403448,5.765517
07/20/2019 10:18:00.000000,0.227154,12.52725,0.031225,0.024359,4.95
07/20/2019 10:19:00.000000,0.225713,12.41075,0.031375,18.239024,5.482927
07/20/2019 10:20:00.000000,0.225709,12.26525,0.03135,9.721951,5.6
07/20/2019 10:21:00.000000,0.21884,12.14225,0.03045,7.641026,5.338462
07/20/2019 10:22:00.000000,0.210311,11.92425,0.029533,0.013862,6.626829
07/20/2019 10:23:00.000000,0.21537,11.78025,0.029475,13.775,7.92
07/20/2019 10:24:00.000000,0.212309,11.717,0.030325,0.014538,7.144737
07/20/2019 10:25:00.000000,0.207136,11.73775,0.029975,10.985,6.575
07/20/2019 10:26:00.000000,0.205373,11.801,0.0294,0.007744,5.347059
07/20/2019 10:27:00.000000,0.203072,11.90825,0.02905,0.014693,5.294286
07/20/2019 10:28:00.000000,0.200044,12.0645,0.02865,15.209091,8.159091
07/20/2019 10:29:00.000000,0.203446,,,,
07/20/2019 10:30:00.000000,0.213296,13.075,0.025925,13.932558,8.130233
07/20/2019 10:31:00.000000,0.2387,13.44,0.0266,18.1375,5.565
07/20/2019 10:32:00.000000,0.236687,13.7275,0.027525,0.044585,6.266667
07/20/2019 10:33:00.000000,0.229081,13.985,0.027825,19.93871,7.274194
07/20/2019 10:34:00.000000,0.219277,14.2885,0.027575,0.019938,7.385714
07/20/2019 10:35:00.000000,0.213034,14.533,0.027525,20.165854,6.321951
07/20/2019 10:36:00.000000,0.201797,14.568,0.0281,27.362791,6.518605
07/20/2019 10:37:00.000000,0.196565,14.30525,0.028725,0.040964,7.546512
07/20/2019 10:38:00.000000,0.197326,13.9215,0.02785,0.017269,5.669231
07/20/2019 10:39:00.000000,0.202716,13.97725,0.02655,0.019881,8.105
07/20/2019 10:40:00.000000,0.210485,13.9275,0.026575,0.017144,6.872727
07/20/2019 10:41:00.000000,0.228822,13.85625,0.02715,0.025934,6.007692
07/20/2019 10:42:00.000000,0.240341,13.68825,0.027425,0.021402,6.989189
07/20/2019 10:43:00.000000,0.211115,13.48575,0.028,11.157143,6.685714
07/20/2019 10:44:00.000000,0.198358,13.4325,0.028125,15.692683,8.092683
07/20/2019 10:45:00.000000,0.190077,13.3805,0.02815,0.022358,8.055814
07/20/2019 10:46:00.000000,0.193362,13.297,0.02785,9.025806,6.035484
07/20/2019 10:47:00.000000,0.185984,12.899,0.027275,0.031199,5.656757
07/20/2019 10:48:00.000000,0.189836,12.882,0.0271,0.020088,8.181395
07/20/2019 10:49:00.000000,0.219723,,,,
07/20/2019 10:50:00.000000,0.20146,12.662,0.0285,0.028774,7.002326
07/20/2019 10:51:00.000000,0.182693,12.6115,0.028775,0.019476,7.35
07/20/2019 10:52:00.000000,0.18118,12.64775,0.0274,0.020799,7.15
07/20/2019 10:53:00.000000,0.179948,12.8975,0.02635,0.018033,6.171111
07/20/2019 10:54:00.000000,0.186666,13.02425,0.027,0.007515,5.4
07/20/2019 10:55:00.000000,0.197653,13.06075,0.027275,0.022281,7.246154
07/20/2019 10:56:00.000000,0.185888,12.986333,0.02735,17.282927,6.831707
07/20/2019 10:57:00.000000,0.178113,13.01075,0.028025,37.62619,6.442857
07/20/2019 10:58:00.000000,0.176172,13.05,0.028525,0.016594,6.23
07/20/2019 10:59:00.000000,0.17206,13.01825,0.02895,10.985714,5.342857
07/20/2019 11:00:00.000000,0.167332,12.93875,0.0283,0.040163,5.971429
07/20/2019 11:01:00.000000,0.171444,12.73625,0.0273,0.027916,7.3375
07/20/2019 11:02:00.000000,0.169038,12.674,0.02685,17.025,6.325
07/20/2019 11:03:00.000000,0.169877,12.733,0.0274,0.023491,7.531579
07/20/2019 11:04:00.000000,0.17458,12.7825,0.02745,0.017691,7.067442
07/20/2019 11:05:00.000000,0.17479,12.878,0.02695,20.339535,5.781395
07/20/2019 11:06:00.000000,0.177898,13.084,0.0263,13.742857,7.057143
07/20/2019 11:07:00.000000,0.181713,13.37125,0.026025,0.033542,8.883333
07/20/2019 11:08:00.000000,0.195224,13.61425,0.026075,17.590244,8.090244
07/20/2019 11:09:00.000000,0.209903,,,,
07/20/2019 11:10:00.000000,0.211031,13.8205,0.026225,16.009091,6.122727
07/20/2019 11:11:00.000000,0.200798,25.3455,0.020775,0.024657,6.753659
07/20/2019 11:12:00.000000,0.219184,27.5935,0.0137,28.431818,5.863636
07/20/2019 11:13:00.000000,0.204163,29.70575,0.01135,0.029454,5.45122
07/20/2019 11:14:00.000000,0.194258,30.87525,0.012025,0.02901,7.285714
07/20/2019 11:15:00.000000,0.204786,22.02925,0.01565,19.7,8.976744
07/20/2019 11:16:00.000000,0.212072,18.647,0.0194,0.015963,5.5
07/20/2019 11:17:00.000000,0.194887,14.78,0.0243,23.605,8.13
07/20/2019 11:18:00.000000,0.194856,14.55125,0.02605,0.021593,6.954545
07/20/2019 11:19:00.000000,0.196095,13.663,0.027,10.795,5.8275
07/20/2019 11:20:00.000000,0.20324,13.48325,0.02725,9.740909,6.272727
07/20/2019 11:21:00.000000,0.221084,13.53375,0.02675,13.4,6.485714
07/20/2019 11:22:00.000000,0.215376,13.6375,0.026425,0.020574,7.1
07/20/2019 11:23:00.000000,0.214111,13.77575,0.025575,21.114286,6.616667
07/20/2019 11:24:00.000000,0.218578,17.864,0.0233,0.032173,6.242857
07/20/2019 11:25:00.000000,0.218728,21.4765,0.01955,13.995349,6.888372
07/20/2019 11:26:00.000000,0.23828,22.27025,0.018875,0.014205,6.746154
07/20/2019 11:27:00.000000,0.252093,19.89375,0.01955,0.018578,6.102439
07/20/2019 11:28:00.000000,0.224321,20.0815,0.01945,0.022393,6.771429
07/20/2019 11:29:00.000000,0.223576,,,,
07/20/2019 11:30:00.000000,0.212955,19.6625,0.020575,18.419512,7.626829
07/20/2019 11:31:00.000000,0.214999,19.501,0.0201,0.014391,7.017073
07/20/2019 11:32:00.000000,0.299588,19.60375,0.019175,14.085714,7.585714
07/20/2019 11:33:00.000000,0.418211,19.651,0.01905,15.65814,7.85814
07/20/2019 11:34:00.000000,0.282432,19.6375,0.019575,14.662791,7.9
07/20/2019 11:35:00.000000,0.223934,19.923,0.019275,0.008664,6.461538
07/20/2019 11:36:00.000000,0.219576,20.03125,0.018675,0.023396,8.04186
07/20/2019 11:37:00.000000,0.197086,20.40575,0.018575,26.428571,6.4
07/20/2019 11:38:00.000000,0.191548,20.95325,0.01845,0.021494,6.925
07/20/2019 11:39:00.000000,0.189414,21.36325,0.01725,22.169444,7.016667
07/20/2019 11:40:00.000000,0.198628,21.6015,0.01665,0.030124,6.827273
07/20/2019 11:41:00.000000,0.211783,21.83325,0.0172,23.45,6.715
07/20/2019 11:42:00.000000,0.272961,22.16125,0.01755,0.019566,6.438462
07/20/2019 11:43:00.000000,0.259491,22.0025,0.018025,16.85,7.165
07/20/2019 11:44:00.000000,0.215547,22.2055,0.017125,0.016985,7.3
07/20/2019 11:45:00.000000,0.218244,22.16025,0.018525,11.863415,6.019512
07/20/2019 11:46:00.000000,0.214869,22.1925,0.018175,0.029592,6.312195
07/20/2019 11:47:00.000000,0.208657,22.4185,0.016,20.139535,8.809302
07/20/2019 11:48:00.000000,0.223614,22.4135,0.016925,0.018445,7.828571
07/20/2019 11:49:00.000000,0.253226,,,,
07/20/2019 11:50:00.000000,0.361359,22.41275,0.01775,0.036417,8.707692
07/20/2019 11:51:00.000000,0.45408,22.63825,0.01815,0.017202,7.285714
07/20/2019 11:52:00.000000,0.403506,22.71275,0.016075,15.057143,7.871429
07/20/2019 11:53:00.000000,0.329747,23.8375,0.013825,0.040712,8.25
07/20/2019 11:54:00.000000,0.318929,26.1395,0.0129,19.05641,7.876923
07/20/2019 11:55:00.000000,0.333959,29.8485,0.012675,35.585,8.395
07/20/2019 11:56:00.000000,0.339309,27.4525,0.01355,0.022416,8.9375
07/20/2019 11:57:00.000000,0.287929,26.15675,0.014125,0.030294,11.151163
07/20/2019 11:58:00.000000,0.27286,25.414,0.014975,0.055277,16.272093
07/20/2019 11:59:00.000000,0.276335,25.45925,0.01565,30.360976,18.009756
07/20/2019 12:00:00.000000,0.296639,25.42575,0.016825,0.041614,20.419512
07/20/2019 12:01:00.000000,0.30581,25.08275,0.018267,26.553846,17.669231
07/20/2019 12:02:00.000000,0.290605,24.70475,0.01865,0.028229,14.260465
07/20/2019 12:03:00.000000,0.283108,24.4165,0.018425,44.946154,12.333333
07/20/2019 12:04:00.000000,0.28081,24.1325,0.01805,29.529268,11.343902
07/20/2019 12:05:00.000000,0.279069,23.808,0.018275,0.027527,11.1
07/20/2019 12:06:00.000000,0.261356,23.40725,0.018775,19.9,10.728205
07/20/2019 12:07:00.000000,0.23903,22.79675,0.020075,13.25,9.07619
07/20/2019 12:08:00.000000,0.22793,22.207,0.021175,0.018193,9.215385
07/20/2019 12:09:00.000000,0.22823,21.8495,0.02125,13.3,8.061538
07/20/2019 12:10:00.000000,0.247862,21.7155,0.02015,25.890244,10.170732
07/20/2019 12:11:00.000000,0.266555,21.26825,0.018025,24.7175,9.875
07/20/2019 12:12:00.000000,0.27199,20.54875,0.017175,0.027114,9.802439
07/20/2019 12:13:00.000000,0.268299,21.983,0.0185,0.026659,8.009756
07/20/2019 12:14:00.000000,0.25484,20.82425,0.020275,0.028497,6.870732
07/20/2019 12:15:00.000000,0.249495,20.85725,0.02095,15.192308,7.097436
07/20/2019 12:16:00.000000,0.272225,20.401,0.02235,21.848837,7.506977
07/20/2019 12:17:00.000000,0.25843,20.039,0.025275,0.024496,6.475
07/20/2019 12:18:00.000000,0.219532,19.9015,0.025275,0.018775,7.57
07/20/2019 12:19:00.000000,0.218527,19.7915,0.024175,0.015177,7.115
07/20/2019 12:20:00.000000,0.225493,19.567,0.024875,0.017079,6.113158
07/20/2019 12:21:00.000000,0.224637,19.257,0.02595,0.0479,9.465
07/20/2019 12:22:00.000000,0.220583,18.83125,0.027025,18.45,8.325
07/20/2019 12:23:00.000000,0.20947,18.44225,0.027025,0.018444,7.6
07/20/2019 12:24:00.000000,0.21324,18.2985,0.026675,0.020455,6.663415
07/20/2019 12:25:00.000000,0.224184,18.27475,0.0265,0.016066,5.777778
07/20/2019 12:26:00.000000,0.215711,18.01625,0.026875,0.023876,6.356098
07/20/2019 12:27:00.000000,0.207551,18.03775,0.025125,21.709756,8.785366
07/20/2019 12:28:00.000000,0.215713,18.3385,0.022825,20.6125,7.4875
07/20/2019 12:29:00.000000,0.234786,18.701,0.02196,0.027919,6.608333
07/20/2019 12:30:00.000000,0.24585,19.1145,0.0225,27.44,7.612
07/20/2019 12:31:00.000000,0.244176,19.73375,0.020867,0.035051,8.186486
07/20/2019 12:32:00.000000,0.261799,20.37425,0.019325,0.043747,7.915385
07/20/2019 12:33:00.000000,0.262238,21.01625,0.018775,22.725,7.425
07/20/2019 12:34:00.000000,0.269143,26.81475,0.01715,0.046391,8.54
07/20/2019 12:35:00.000000,0.326384,27.54325,0.01425,35.025,10.175
07/20/2019 12:36:00.000000,0.344553,24.534,0.013575,29.363636,8.418182
07/20/2019 12:37:00.000000,0.645378,29.9345,0.0137,0.017717,7.2925
07/20/2019 12:38:00.000000,0.832807,25.605,0.0154,18.880645,9.887097
07/20/2019 12:39:00.000000,0.488689,24.023,0.017375,13.590323,7.425806
07/20/2019 12:40:00.000000,0.346233,20.14325,0.018825,0.037588,8.24186
07/20/2019 12:41:00.000000,0.295277,23.50975,0.017025,0.02905,6.933333
07/20/2019 12:42:00.000000,0.276833,25.769,0.0164,0.034125,7.175
07/20/2019 12:43:00.000000,0.268338,25.13975,0.017625,0.035658,6.845455
07/20/2019 12:44:00.000000,0.276789,23.54675,0.017875,23.20625,7.521875
07/20/2019 12:45:00.000000,0.286978,23.3785,0.01845,19.304,9.836
07/20/2019 12:46:00.000000,0.270092,23.37925,0.01925,37.73,7.58
07/20/2019 12:47:00.000000,0.282392,23.8565,0.01905,0.038635,10.1
07/20/2019 12:48:00.000000,0.374996,28.90525,0.016975,26.034146,8.860976
07/20/2019 12:49:00.000000,0.41002,30.7305,0.0148,36.218182,9.845455
07/20/2019 12:50:00.000000,0.352988,26.09,0.01655,23.432432,8.967568
07/20/2019 12:51:00.000000,0.314857,22.589,0.0196,35.390909,6.436364
07/20/2019 12:52:00.000000,0.283441,23.10275,0.0197,31.185,6.25
07/20/2019 12:53:00.000000,0.27846,25.8855,0.017075,26.01,6.4775
07/20/2019 12:54:00.000000,0.288803,27.9575,0.015025,15.0,6.8
07/20/2019 12:55:00.000000,0.322919,24.11975,0.017075,36.209524,5.792857
07/20/2019 12:56:00.000000,0.310235,22.1345,0.0199,30.88,8.19
07/20/2019 12:57:00.000000,0.282738,21.16225,0.019925,25.834884,8.404651
07/20/2019 12:58:00.000000,0.29126,21.627,0.0172,36.130769,10.123077
07/20/2019 12:59:00.000000,0.305851,22.119,0.016975,36.002439,7.890244
07/20/2019 13:00:00.000000,0.294757,22.56725,0.018475,0.0314,6.942857
07/20/2019 13:01:00.000000,0.276597,23.09375,0.01865,18.327778,8.688889
07/20/2019 13:02:00.000000,0.276645,23.35725,0.019075,0.046002,8.744118
07/20/2019 13:03:00.000000,0.284469,22.51625,0.0185,0.042555,9.494872
07/20/2019 13:04:00.000000,0.278565,22.747,0.017225,0.022563,6.226316
07/20/2019 13:05:00.000000,0.317753,23.98825,0.01795,0.023628,6.616667
07/20/2019 13:06:00.000000,0.315511,25.402,0.01885,15.16875,7.6375
07/20/2019 13:07:00.000000,0.318805,23.05075,0.019525,12.4,5.86
07/20/2019 13:08:00.000000,0.295979,23.1465,0.0199,0.02367,7.212121
07/20/2019 13:09:00.000000,0.268432,23.14325,0.020425,17.96,6.71
07/20/2019 13:10:00.000000,0.26497,22.95375,0.021225,0.018739,7.588235
07/20/2019 13:11:00.000000,0.271731,22.908,0.020667,0.021622,8.551515
07/20/2019 13:12:00.000000,0.288949,23.201,0.019825,18.70625,7.41875
07/20/2019 13:13:00.000000,0.285222,23.0995,0.02055,0.026281,7.590244
07/20/2019 13:14:00.000000,0.268327,22.7765,0.022475,0.026065,7.55
07/20/2019 13:15:00.000000,0.258363,22.51,0.0232,14.94,8.22
07/20/2019 13:16:00.000000,0.266938,22.005,0.023275,0.031505,8.553846
07/20/2019 13:17:00.000000,0.283482,21.57525,0.023725,0.020531,6.653846
07/20/2019 13:18:00.000000,0.283343,21.13975,0.024475,25.063158,8.131579
07/20/2019 13:19:00.000000,0.276296,20.498,0.02588,0.018434,6.121053
07/20/2019 13:20:00.000000,0.273955,19.34625,0.027067,0.042355,8.602564
07/20/2019 13:21:00.000000,0.279539,18.9035,0.02695,0.032256,8.190476
07/20/2019 13:22:00.000000,0.296964,18.273,0.0282,0.029669,5.639535
07/20/2019 13:23:00.000000,0.256338,17.4865,0.0304,37.926087,11.052174
07/20/2019 13:24:00.000000,0.224879,16.9805,0.0297,0.024463,8.036842
07/20/2019 13:25:00.000000,0.239588,16.723,0.0279,29.938462,6.692308
07/20/2019 13:26:00.000000,0.251892,16.735,0.0262,30.32093,7.169767
07/20/2019 13:27:00.000000,0.269358,16.83425,0.02615,14.816667,6.3
07/20/2019 13:28:00.000000,0.283934,17.26925,0.0254,31.515556,12.719565
07/20/2019 13:29:00.000000,0.297729,17.2595,0.025675,0.028068,7.227907
07/20/2019 13:30:00.000000,0.315861,17.5815,0.0267,0.027202,6.685714
07/20/2019 13:31:00.000000,0.282375,17.88975,0.0266,0.037764,7.82
07/20/2019 13:32:00.000000,0.273412,19.9865,0.026275,21.383333,7.083333
07/20/2019 13:33:00.000000,0.286173,20.686,0.024625,0.039496,9.204878
07/20/2019 13:34:00.000000,0.299346,17.81925,0.026475,26.423809,7.714286
07/20/2019 13:35:00.000000,0.281837,16.836,0.0283,21.168182,6.390909
07/20/2019 13:36:00.000000,0.277682,16.6805,0.029,21.033333,8.02
07/20/2019 13:37:00.000000,0.274883,16.8275,0.0285,0.009606,5.5775
07/20/2019 13:38:00.000000,0.298503,25.6025,0.026825,16.989474,7.084211
07/20/2019 13:39:00.000000,0.358109,20.7475,0.026275,0.040092,6.169231
07/20/2019 13:40:00.000000,0.31252,17.0875,0.029025,28.653659,6.339024
07/20/2019 13:41:00.000000,0.241474,19.84,0.028175,30.084615,8.176923
07/20/2019 13:42:00.000000,0.246163,22.48175,0.0246,0.032507,6.865116
07/20/2019 13:43:00.000000,0.276299,18.0365,0.025475,0.030652,8.884615
07/20/2019 13:44:00.000000,0.264704,16.072,0.0291,0.028735,6.795455
07/20/2019 13:45:00.000000,0.252187,16.425,0.029575,0.020066,8.015
07/20/2019 13:46:00.000000,0.245476,16.90925,0.02925,0.0304,8.048837
07/20/2019 13:47:00.000000,0.235672,17.04475,0.028125,0.030191,6.44
07/20/2019 13:48:00.000000,0.236383,16.88425,0.029325,0.017464,5.346341
07/20/2019 13:49:00.000000,0.226305,16.7215,0.0302,11.215385,5.284615
07/20/2019 13:50:00.000000,0.235455,16.4485,0.03085,0.025404,6.409756
07/20/2019 13:51:00.000000,0.258964,16.0265,0.03325,17.217949,5.815385
07/20/2019 13:52:00.000000,0.232171,15.591,0.034325,0.023085,5.017073
07/20/2019 13:53:00.000000,0.223192,15.08875,0.034175,0.030462,7.347059
07/20/2019 13:54:00.000000,0.232001,14.7295,0.0336,0.025855,8.684615
07/20/2019 13:55:00.000000,0.280761,14.765,0.030025,0.02272,8.211628
07/20/2019 13:56:00.000000,0.339678,14.62775,0.03045,21.930233,6.981395
07/20/2019 13:57:00.000000,0.469003,14.34975,0.03385,15.027907,6.381395
07/20/2019 13:58:00.000000,0.403612,14.13575,0.034775,0.015792,6.966667
07/20/2019 13:59:00.000000,0.279496,14.08475,0.035625,19.209091,5.804545
07/20/2019 14:00:00.000000,0.247978,14.21875,0.034325,0.020221,7.32093
07/20/2019 14:01:00.000000,0.281964,14.7575,0.03125,51.697674,6.395349
07/20/2019 14:02:00.000000,0.346848,18.923,0.028975,0.044027,6.683871
07/20/2019 14:03:00.000000,0.341833,18.2475,0.02695,0.043507,7.765625
07/20/2019 14:04:00.000000,0.335788,19.01275,0.0266,0.025094,5.314286
07/20/2019 14:05:00.000000,0.335334,18.5985,0.02745,29.93,6.005
07/20/2019 14:06:00.000000,0.721626,17.0735,0.029725,0.025885,8.209302
07/20/2019 14:07:00.000000,0.991202,16.61825,0.030525,0.030936,9.365
07/20/2019 14:08:00.000000,0.54203,16.753,0.03065,0.035077,9.328571
07/20/2019 14:09:00.000000,0.378351,16.89025,0.030775,24.874359,7.776923
07/20/2019 14:10:00.000000,0.39822,17.156,0.03015,39.776744,8.962791
07/20/2019 14:11:00.000000,0.387303,17.3745,0.029775,29.375,5.29
07/20/2019 14:12:00.000000,0.346541,17.64525,0.029425,27.427907,6.665116
07/20/2019 14:13:00.000000,0.338034,17.85475,0.029125,37.707143,6.571429
07/20/2019 14:14:00.000000,0.325629,17.98725,0.030425,0.046783,8.71
07/20/2019 14:15:00.000000,0.323357,19.379,0.02975,19.57381,6.528571
07/20/2019 14:16:00.000000,0.374483,20.956,0.0281,28.982051,9.238462
07/20/2019 14:17:00.000000,0.414086,19.035,0.028975,0.011589,5.397674
07/20/2019 14:18:00.000000,0.37767,19.00275,0.03015,16.285714,5.642857
07/20/2019 14:19:00.000000,0.379604,18.21825,0.031225,0.036528,8.971429
07/20/2019 14:20:00.000000,0.334829,18.1005,0.031825,22.555,6.6125
07/20/2019 14:21:00.000000,0.304199,18.1065,0.03125,0.024734,6.516279
07/20/2019 14:22:00.000000,0.3386,18.20025,0.030875,0.070106,7.795122
07/20/2019 14:23:00.000000,0.380583,18.27025,0.030775,0.037742,8.085
07/20/2019 14:24:00.000000,0.719294,18.28775,0.03135,0.038783,6.825
07/20/2019 14:25:00.000000,0.633356,18.6225,0.031075,0.03821,7.026829
07/20/2019 14:26:00.000000,0.487065,18.8975,0.030825,0.040738,11.026829
07/20/2019 14:27:00.000000,0.592045,19.208,0.031875,18.8,7.3275
07/20/2019 14:28:00.000000,0.485085,19.513,0.0306,0.035387,7.505
07/20/2019 14:29:00.000000,0.396204,25.435,0.030175,40.360976,9.492683
07/20/2019 14:30:00.000000,0.374792,25.8535,0.0295,30.104878,6.129268
07/20/2019 14:31:00.000000,0.328888,21.728,0.030275,0.029938,5.672093
07/20/2019 14:32:00.000000,0.308862,20.077,0.030725,44.95122,6.809756
07/20/2019 14:33:00.000000,0.320922,19.59275,0.031875,0.035442,6.914634
07/20/2019 14:34:00.000000,0.287649,19.46125,0.03255,17.366667,5.253333
07/20/2019 14:35:00.000000,0.260404,19.408,0.031175,19.009302,6.032558
07/20/2019 14:36:00.000000,0.269244,19.3585,0.031425,0.016608,5.167442
07/20/2019 14:37:00.000000,0.356418,19.24025,0.031725,0.026723,8.414634
07/20/2019 14:38:00.000000,0.509648,19.12875,0.0306,0.020215,5.914286
07/20/2019 14:39:00.000000,0.439887,19.0835,0.02935,23.566667,5.566667
07/20/2019 14:40:00.000000,0.373092,20.7865,0.027425,55.972727,7.281818
07/20/2019 14:41:00.000000,0.434163,27.51025,0.02565,21.787805,5.892683
07/20/2019 14:42:00.000000,0.595715,23.31875,0.02725,0.023853,5.85814
07/20/2019 14:43:00.000000,0.476575,20.47125,0.0301,0.023682,6.988372
07/20/2019 14:44:00.000000,0.359,19.446,0.030425,0.032765,7.2
07/20/2019 14:45:00.000000,0.352685,19.83175,0.028975,14.147727,5.386364
07/20/2019 14:46:00.000000,0.361194,20.3225,0.029175,0.027496,5.1
07/20/2019 14:47:00.000000,0.326839,20.57275,0.03145,24.92093,7.07907
07/20/2019 14:48:00.000000,0.290261,20.70775,0.0331,19.08,7.565
07/20/2019 14:49:00.000000,0.28371,20.7,0.03425,0.036059,5.073684
07/20/2019 14:50:00.000000,0.277684,20.6165,0.035275,28.471429,6.914286
07/20/2019 14:51:00.000000,0.281566,20.6425,0.0343,0.028933,6.453846
07/20/2019 14:52:00.000000,0.284094,20.45675,0.03395,17.729268,6.465854
07/20/2019 14:53:00.000000,0.305045,20.0605,0.033575,18.313333,7.106667
07/20/2019 14:54:00.000000,0.320703,19.50375,0.0332,0.024748,5.9
07/20/2019 14:55:00.000000,0.307699,19.25475,0.033425,17.37381,8.614286
07/20/2019 14:56:00.000000,0.303836,19.17175,0.033325,44.628947,4.671053
07/20/2019 14:57:00.000000,0.309149,19.31875,0.03415,0.047906,6.560976
07/20/2019 14:58:00.000000,0.311154,19.24975,0.035525,0.042028,7.0
07/20/2019 14:59:00.000000,0.290091,18.91625,0.0371,0.044023,5.905263
07/20/2019 15:00:00.000000,0.28857,18.73875,0.036525,0.025305,5.616216
07/20/2019 15:01:00.000000,0.33772,18.287,0.037425,0.030282,6.189474
07/20/2019 15:02:00.000000,0.337851,19.67475,0.035675,0.026203,8.838462
07/20/2019 15:03:00.000000,0.34248,19.3245,0.03395,28.485714,7.157143
07/20/2019 15:04:00.000000,0.326171,16.19925,0.037825,19.87,5.61
07/20/2019 15:05:00.000000,0.292833,14.617,0.040025,16.4375,4.465
07/20/2019 15:06:00.000000,0.261754,14.28525,0.04155,0.020997,5.836585
07/20/2019 15:07:00.000000,0.272719,14.18475,0.0413,0.016755,4.661538
07/20/2019 15:08:00.000000,0.280618,14.06225,0.04215,23.495455,6.818182
07/20/2019 15:09:00.000000,0.277543,14.09475,0.041075,39.383333,5.485714
07/20/2019 15:10:00.000000,0.280856,14.0915,0.040975,24.056098,4.431707
07/20/2019 15:11:00.000000,0.256739,13.79375,0.04485,0.025658,5.414286
07/20/2019 15:12:00.000000,0.236539,13.686,0.04465,22.960976,7.392683
07/20/2019 15:13:00.000000,0.241687,13.409,0.04435,0.028333,5.520513
07/20/2019 15:14:00.000000,0.226232,13.1315,0.0452,0.040254,6.485714
07/20/2019 15:15:00.000000,0.212468,12.88275,0.045825,0.028257,5.151163
07/20/2019 15:16:00.000000,0.21419,12.598,0.04695,0.025809,4.9
07/20/2019 15:17:00.000000,0.222712,11.87375,0.04975,0.019783,5.09375
07/20/2019 15:18:00.000000,0.244564,11.32925,0.048475,47.22,5.974286
07/20/2019 15:19:00.000000,0.24055,11.057,0.047975,0.018763,4.371429
07/20/2019 15:20:00.000000,0.225394,10.7205,0.04875,0.022737,4.946154
07/20/2019 15:21:00.000000,0.218767,10.93125,0.047525,10.629412,3.255882
07/20/2019 15:22:00.000000,0.228414,10.72025,0.04985,20.530952,4.057143
07/20/2019 15:23:00.000000,0.212517,10.17075,0.054267,0.022436,7.469767
07/20/2019 15:24:00.000000,0.189034,9.98175,0.055075,0.039513,6.365116
07/20/2019 15:25:00.000000,0.209169,10.182,0.052275,0.014413,4.37907
07/20/2019 15:26:00.000000,0.241683,10.10375,0.052275,0.022855,3.927907
07/20/2019 15:27:00.000000,0.277858,9.92025,0.05385,0.011427,4.8075
07/20/2019 15:28:00.000000,0.257007,9.688,0.05388,0.015372,2.861111
07/20/2019 15:29:00.000000,0.248362,8.96075,0.053133,0.024328,4.942857
07/20/2019 15:30:00.000000,0.255594,9.05175,0.052525,0.028405,3.923256
07/20/2019 15:31:00.000000,0.262606,9.48125,0.051925,25.655814,6.195349
07/20/2019 15:32:00.000000,0.284111,9.5175,0.0525,0.024168,5.063415
07/20/2019 15:33:00.000000,0.254152,9.34625,0.05355,0.025541,8.470732
07/20/2019 15:34:00.000000,0.221155,9.366,0.05455,0.023856,4.425
07/20/2019 15:35:00.000000,0.201669,11.6945,0.05355,40.755,5.895
07/20/2019 15:36:00.000000,0.223128,19.738,0.049225,0.01742,5.869767
07/20/2019 15:37:00.000000,0.267444,11.37275,0.0493,0.014953,3.562791
07/20/2019 15:38:00.000000,0.238773,10.8505,0.05235,14.675,4.52
07/20/2019 15:39:00.000000,0.233239,12.1125,0.053575,26.293333,4.453333
07/20/2019 15:40:00.000000,0.283926,17.894,0.05125,20.977778,7.866667
07/20/2019 15:41:00.000000,0.278475,13.08425,0.051725,0.03512,6.893023
07/20/2019 15:42:00.000000,0.238048,12.57475,0.051875,15.94878,4.12439
07/20/2019 15:43:00.000000,0.232642,13.97575,0.04805,0.005043,3.023077
07/20/2019 15:44:00.000000,0.246603,10.6415,0.0523,0.022324,4.271429
07/20/2019 15:45:00.000000,0.343797,10.1955,0.054325,0.015249,3.159459
07/20/2019 15:46:00.000000,0.431384,9.77875,0.0547,17.285714,7.442857
07/20/2019 15:47:00.000000,0.322685,10.0365,0.0542,0.017819,6.189189
07/20/2019 15:48:00.000000,0.274325,15.5495,0.0513,19.218182,3.436364
07/20/2019 15:49:00.000000,0.314979,,,,
07/20/2019 15:50:00.000000,0.300815,14.198667,0.049325,10.09697,5.554545
07/20/2019 15:51:00.000000,0.267743,10.0,0.046325,0.023714,5.503571
07/20/2019 15:52:00.000000,0.260548,16.26225,0.04525,0.016009,4.14
07/20/2019 15:53:00.000000,0.247835,13.6715,0.0489,29.085714,7.585714
07/20/2019 15:54:00.000000,0.237482,10.9085,0.050775,6.452381,3.742857
07/20/2019 15:55:00.000000,0.202639,13.62,0.05,0.035336,4.468182
07/20/2019 15:56:00.000000,0.211772,13.52925,0.0492,0.017715,3.953659
07/20/2019 15:57:00.000000,0.232871,12.49475,0.048475,0.053368,3.8
07/20/2019 15:58:00.000000,0.297719,13.37425,0.045625,0.027916,4.691892
07/20/2019 15:59:00.000000,0.355346,11.1005,0.04995,0.024976,3.481081
07/20/2019 16:00:00.000000,0.281432,10.6745,0.051225,22.368293,3.234146
07/20/2019 16:01:00.000000,0.207544,11.59725,0.0501,0.018088,5.726316
07/20/2019 16:02:00.000000,0.06457,11.45025,0.050425,0.033487,6.2
07/20/2019 16:03:00.000000,0.017198,11.371,0.049375,21.593023,7.018605
07/20/2019 16:04:00.000000,-9999.0,11.359,0.048775,0.019787,5.354054
07/20/2019 16:05:00.000000,-9999.0,11.02175,0.0509,30.256098,6.47561
07/20/2019 16:06:00.000000,-9999.0,10.71525,0.05095,0.070113,10.48
07/20/2019 16:07:00.000000,0.001069,10.3325,0.05105,47.3625,6.12
07/20/2019 16:08:00.000000,-9999.0,10.08,0.05105,52.538461,4.25641
07/20/2019 16:09:00.000000,-9999.0,,,,
07/20/2019 16:10:00.000000,-9999.0,9.41525,0.05175,0.052691,6.057143
07/20/2019 16:11:00.000000,0.002089,8.889,0.05105,0.024982,4.818182
07/20/2019 16:12:00.000000,0.125049,8.773,0.049175,0.053529,7.024324
07/20/2019 16:13:00.000000,0.352512,13.11775,0.047,28.6,9.4
07/20/2019 16:14:00.000000,0.311165,7.4105,0.0482,25.152632,7.763158
07/20/2019 16:15:00.000000,0.191798,7.94125,0.050475,27.090476,6.704762
07/20/2019 16:16:00.000000,0.200592,5.99625,0.05155,24.04,6.0575
07/20/2019 16:17:00.000000,0.227563,6.16225,0.050675,0.02206,4.417073
07/20/2019 16:18:00.000000,0.258892,8.38575,0.046525,17.785714,3.292857
07/20/2019 16:19:00.000000,0.249474,8.1915,0.04825,0.023585,4.309756
07/20/2019 16:20:00.000000,0.196643,8.20525,0.0489,18.913953,5.313953
07/20/2019 16:21:00.000000,0.240869,10.9985,0.04595,25.904878,6.158537
07/20/2019 16:22:00.000000,0.258586,7.31225,0.04885,34.542857,7.009524
07/20/2019 16:23:00.000000,0.240175,8.346,0.049275,0.034722,6.655556
07/20/2019 16:24:00.000000,0.222386,8.62875,0.04905,35.568293,4.590244
07/20/2019 16:25:00.000000,0.214307,8.60975,0.048325,0.053894,3.948837
07/20/2019 16:26:00.000000,0.208826,9.0535,0.0484,0.039674,4.463636
07/20/2019 16:27:00.000000,0.309219,10.07325,0.049975,27.473684,5.515789
07/20/2019 16:28:00.000000,0.374591,5.764,0.05205,0.048314,4.525
07/20/2019 16:29:00.000000,0.192801,,,,
07/20/2019 16:30:00.000000,0.157944,10.10375,0.050125,0.048185,6.971429
07/20/2019 16:31:00.000000,0.204339,7.4235,0.049175,33.67907,5.053488
07/20/2019 16:32:00.000000,0.200849,7.381,0.0496,0.035842,6.5
07/20/2019 16:33:00.000000,0.177698,9.3295,0.0469,37.0,8.176923
07/20/2019 16:34:00.000000,0.16692,9.11275,0.04715,0.053967,5.409091
07/20/2019 16:35:00.000000,0.173353,9.00725,0.048975,0.057989,5.754762
07/20/2019 16:36:00.000000,0.218441,8.8405,0.0501,32.564103,6.892308
07/20/2019 16:37:00.000000,0.22897,8.51775,0.05085,0.05576,5.360976
07/20/2019 16:38:00.000000,0.194438,8.19875,0.050175,38.245946,8.156757
07/20/2019 16:39:00.000000,0.196063,8.0645,0.049175,0.050169,7.291667
07/20/2019 16:40:00.000000,0.206724,7.958,0.0474,0.032824,4.726087
07/20/2019 16:41:00.000000,0.204528,7.81025,0.046425,0.085092,5.22
07/20/2019 16:42:00.000000,0.234417,7.8985,0.045475,0.059363,6.183784
07/20/2019 16:43:00.000000,0.316474,7.95875,0.04425,0.036643,4.739535
07/20/2019 16:44:00.000000,0.244129,8.32025,0.0448,0.028555,3.990909
07/20/2019 16:45:00.000000,0.282943,11.98975,0.042575,21.318605,4.690698
07/20/2019 16:46:00.000000,0.345512,5.6275,0.0447,26.355555,4.9
07/20/2019 16:47:00.000000,0.223436,6.0355,0.046175,18.336842,4.384211
07/20/2019 16:48:00.000000,0.16939,6.154,0.04585,0.01862,4.980488
07/20/2019 16:49:00.000000,0.177818,,,,
07/20/2019 16:50:00.000000,0.220355,6.07325,0.04915,0.035892,8.130952
07/20/2019 16:51:00.000000,0.227799,6.14725,0.0512,42.769231,7.023077
07/20/2019 16:52:00.000000,0.213192,6.416,0.04845,35.629268,5.870732
07/20/2019 16:53:00.000000,0.200373,6.5225,0.04745,0.035527,4.625581
07/20/2019 16:54:00.000000,0.188699,6.7935,0.048125,31.780952,5.997619
07/20/2019 16:55:00.000000,0.210007,7.076,0.04785,53.514286,5.761905
07/20/2019 16:56:00.000000,0.261985,7.07525,0.0495,47.311364,6.613636
07/20/2019 16:57:00.000000,0.23153,8.5615,0.0494,0.052797,7.959459
07/20/2019 16:58:00.000000,0.239885,7.32275,0.04925,41.971428,6.319048
07/20/2019 16:59:00.000000,0.235745,4.9005,0.051075,43.609756,6.002439
07/20/2019 17:00:00.000000,0.220227,9.0745,0.0494,0.062645,6.72
07/20/2019 17:01:00.000000,0.370525,5.14025,0.04855,25.8,6.822727
07/20/2019 17:02:00.000000,0.350996,5.696,0.0507,0.055737,9.313333
07/20/2019 17:03:00.000000,0.29363,6.25925,0.0501,0.042092,7.309756
07/20/2019 17:04:00.000000,0.241827,6.50075,0.04945,0.039067,6.816279
07/20/2019 17:05:00.000000,0.199962,6.2975,0.04945,44.585366,9.453659
07/20/2019 17:06:00.000000,0.170807,6.34475,0.0492,44.268293,6.158537
07/20/2019 17:07:00.000000,0.175758,6.2835,0.049275,27.795349,4.897674
07/20/2019 17:08:00.000000,0.185764,6.0595,0.049425,0.046275,5.716667
07/20/2019 17:09:00.000000,0.233619,11.887,0.04545,37.573171,8.37561
07/20/2019 17:10:00.000000,0.293004,10.94225,0.044375,0.081663,9.402326
07/20/2019 17:11:00.000000,0.441376,9.54475,0.046425,0.095082,12.167442
07/20/2019 17:12:00.000000,0.405886,8.81775,0.04835,0.055259,9.014634
07/20/2019 17:13:00.000000,0.321924,8.28425,0.050725,0.044532,10.885714
07/20/2019 17:14:00.000000,0.378315,10.11975,0.049475,0.030949,6.825581
07/20/2019 17:15:00.000000,0.797734,5.6655,0.050975,32.802439,8.007317
07/20/2019 17:16:00.000000,0.44617,5.93525,0.0522,0.066235,8.05
07/20/2019 17:17:00.000000,0.211527,6.592,0.0508,57.66,9.445
07/20/2019 17:18:00.000000,0.193773,8.82275,0.04945,68.604545,8.231818
07/20/2019 17:19:00.000000,0.210118,9.1315,0.05055,70.541463,7.402439
07/20/2019 17:20:00.000000,0.220666,5.51475,0.05225,0.065518,8.235
07/20/2019 17:21:00.000000,0.212603,7.83875,0.051625,0.056713,9.0
07/20/2019 17:22:00.000000,0.225189,7.7195,0.05245,36.926829,6.539024
07/20/2019 17:23:00.000000,0.179856,7.4865,0.053675,55.292857,7.985714
07/20/2019 17:24:00.000000,0.178524,7.4765,0.0535,61.757143,8.9
07/20/2019 17:25:00.000000,0.218032,9.55375,0.052375,42.604651,13.302326
07/20/2019 17:26:00.000000,0.237132,9.46,0.051625,60.317073,17.5
07/20/2019 17:27:00.000000,0.22577,7.86825,0.051875,0.080953,12.683333
07/20/2019 17:28:00.000000,0.205153,7.789,0.052025,0.084849,11.77
07/20/2019 17:29:00.000000,0.212426,,,,
07/20/2019 17:30:00.000000,0.188139,8.5915,0.0525,51.768182,10.006818
07/20/2019 17:31:00.000000,0.205908,8.331,0.0514,0.077169,12.573333
07/20/2019 17:32:00.000000,0.27092,8.162,0.050375,0.060126,10.557895
07/20/2019 17:33:00.000000,0.2725,7.776,0.049225,29.404651,8.809302
07/20/2019 17:34:00.000000,0.241605,9.75125,0.048275,0.064602,10.05122
07/20/2019 17:35:00.000000,0.219018,5.7765,0.048125,202.114285,9.1
07/20/2019 17:36:00.000000,0.198293,6.6555,0.047475,85.392683,11.719512
07/20/2019 17:37:00.000000,0.192592,6.23225,0.046925,30.354545,11.695455
07/20/2019 17:38:00.000000,0.194479,6.126,0.04845,41.055,9.9
07/20/2019 17:39:00.000000,0.192057,6.288,0.0478,0.051134,9.258537
07/20/2019 17:40:00.000000,0.199596,6.4055,0.047225,35.8,10.22439
07/20/2019 17:41:00.000000,0.206321,6.70925,0.04655,0.051274,9.114286
07/20/2019 17:42:00.000000,0.259533,6.76325,0.04645,48.116279,8.383721
07/20/2019 17:43:00.000000,0.215459,9.01125,0.045775,0.057997,9.239024
07/20/2019 17:44:00.000000,0.203978,9.82425,0.0445,47.8375,11.0625
07/20/2019 17:45:00.000000,0.194405,11.1825,0.044225,45.771795,10.961538
07/20/2019 17:46:00.000000,0.23083,5.955833,0.04576,24.828571,7.642857
07/20/2019 17:47:00.000000,0.23502,4.5488,0.04752,0.065505,9.746341
07/20/2019 17:48:00.000000,0.280825,5.516,0.0472,0.054184,7.297561
07/20/2019 17:49:00.000000,0.290191,11.405,0.04718,40.487805,8.165854
07/20/2019 17:50:00.000000,0.335964,4.808,0.04764,46.4,8.742857
07/20/2019 17:51:00.000000,0.323523,4.943667,0.048067,0.075591,9.383333
07/20/2019 17:52:00.000000,0.221696,5.650333,0.04855,59.257143,9.333333
07/20/2019 17:53:00.000000,0.267567,5.9875,0.048475,0.05905,9.13
07/20/2019 17:54:00.000000,0.209145,6.03975,0.047675,0.035743,11.358065
07/20/2019 17:55:00.000000,0.189371,6.089,0.0478,0.052316,8.085366
07/20/2019 17:56:00.000000,0.207735,6.2215,0.0474,0.065462,7.705405
07/20/2019 17:57:00.000000,0.230046,6.5705,0.04665,0.057525,10.883333
07/20/2019 17:58:00.000000,0.234746,8.18725,0.0463,0.078264,9.381481
07/20/2019 17:59:00.000000,0.217273,11.61025,0.043925,40.757143,8.7
07/20/2019 18:00:00.000000,0.256834,8.3785,0.0446,0.051177,8.856098
07/20/2019 18:01:00.000000,0.263291,5.87,0.047375,0.042574,11.607692
07/20/2019 18:02:00.000000,0.209984,5.4945,0.048425,59.518182,11.509091
07/20/2019 18:03:00.000000,0.199632,5.35575,0.048575,59.481818,7.945455
07/20/2019 18:04:00.000000,0.191266,5.20575,0.047825,0.055645,12.368421
07/20/2019 18:05:00.000000,0.173205,5.38175,0.045275,0.069607,10.592308
07/20/2019 18:06:00.000000,0.229588,5.42575,0.0452,0.033144,8.804878
07/20/2019 18:07:00.000000,0.275265,8.8345,0.0454,0.053057,11.095349
07/20/2019 18:08:00.000000,0.241194,8.895,0.044625,0.047364,8.316279
07/20/2019 18:09:00.000000,0.197931,,,,
07/20/2019 18:10:00.000000,0.182179,6.6845,0.046825,38.712195,8.329268
07/20/2019 18:11:00.000000,0.206874,7.20475,0.04625,38.725581,12.102326
07/20/2019 18:12:00.000000,0.221942,6.21675,0.0463,0.042092,9.086364
07/20/2019 18:13:00.000000,0.215557,5.458,0.045975,29.428571,9.25
07/20/2019 18:14:00.000000,0.200875,5.70525,0.04555,0.053012,9.227273
07/20/2019 18:15:00.000000,0.188896,5.88925,0.04445,22.615385,8.54359
07/20/2019 18:16:00.000000,0.180613,6.14925,0.04385,0.042864,8.228571
07/20/2019 18:17:00.000000,0.17521,6.36775,0.0441,0.075345,10.325
07/20/2019 18:18:00.000000,0.178269,13.2975,0.042525,0.033897,8.405
07/20/2019 18:19:00.000000,0.220044,8.863,0.0429,0.064146,7.153846
07/20/2019 18:20:00.000000,0.197085,6.0135,0.045475,40.4,8.457143
07/20/2019 18:21:00.000000,0.188983,6.527,0.045925,44.228571,8.7
07/20/2019 18:22:00.000000,0.199444,6.36425,0.046325,0.053484,9.202326
07/20/2019 18:23:00.000000,0.18887,6.20825,0.0466,0.043508,7.447368
07/20/2019 18:24:00.000000,0.183668,8.276,0.044075,0.030657,6.845
07/20/2019 18:25:00.000000,0.248341,5.419,0.04405,35.867442,10.818605
07/20/2019 18:26:00.000000,0.346814,5.43075,0.045725,0.037887,7.64186
07/20/2019 18:27:00.000000,0.251055,4.62025,0.04605,0.038016,7.256098
07/20/2019 18:28:00.000000,0.196197,4.633,0.046075,0.051682,8.332558
07/20/2019 18:29:00.000000,0.220262,,,,
07/20/2019 18:30:00.000000,0.192792,4.7685,0.04785,0.063598,6.432558
07/20/2019 18:31:00.000000,0.186746,7.60425,0.0453,30.813953,7.088372
07/20/2019 18:32:00.000000,0.297639,12.0595,0.045175,50.659459,7.367568
07/20/2019 18:33:00.000000,0.395071,8.241,0.04515,43.142857,10.314286
07/20/2019 18:34:00.000000,0.28696,6.57675,0.0448,0.046462,9.163636
07/20/2019 18:35:00.000000,0.215132,5.0065,0.046375,24.073171,5.897561
07/20/2019 18:36:00.000000,0.196642,4.59075,0.0479,0.031551,7.704878
07/20/2019 18:37:00.000000,0.257238,4.72425,0.048175,0.059231,11.713953
07/20/2019 18:38:00.000000,0.449669,5.070333,0.04658,0.046907,11.636585
07/20/2019 18:39:00.000000,0.302134,5.217333,0.046775,42.085714,10.557143
07/20/2019 18:40:00.000000,0.189941,5.221,0.04855,0.054843,9.8
07/20/2019 18:41:00.000000,0.177398,5.1805,0.04915,44.085,9.02
07/20/2019 18:42:00.000000,0.23513,5.35525,0.047825,30.745238,10.871429
07/20/2019 18:43:00.000000,0.201875,5.4242,0.047125,0.04581,8.59
07/20/2019 18:44:00.000000,0.191502,5.304333,0.048,28.284615,8.330769
07/20/2019 18:45:00.000000,0.182123,3.9795,0.04815,25.314286,8.642857
07/20/2019 18:46:00.000000,0.165489,4.5475,0.0463,0.050563,8.281395
07/20/2019 18:47:00.000000,0.182344,4.50625,0.04675,63.342857,6.657143
07/20/2019 18:48:00.000000,0.220397,4.01375,0.0484,0.03424,8.757895
07/20/2019 18:49:00.000000,0.224082,4.65425,0.048975,0.05499,9.990244
07/20/2019 18:50:00.000000,0.190932,4.55,0.048825,0.034798,11.209756
07/20/2019 18:51:00.000000,0.248522,4.5585,0.048,0.032629,9.65
07/20/2019 18:52:00.000000,0.434178,4.77775,0.0472,27.942857,8.216667
07/20/2019 18:53:00.000000,0.268744,4.7595,0.048675,19.922727,8.420455
07/20/2019 18:54:00.000000,0.205486,4.80875,0.0485,0.036646,9.333333
07/20/2019 18:55:00.000000,0.239725,4.741,0.048325,0.028655,9.246154
07/20/2019 18:56:00.000000,0.31857,4.71275,0.0484,37.302326,11.093023
07/20/2019 18:57:00.000000,0.246633,4.7465,0.0481,32.444186,9.893023
07/20/2019 18:58:00.000000,0.259287,4.89025,0.04825,0.03168,7.033333
07/20/2019 18:59:00.000000,0.299396,4.78475,0.048675,0.052891,8.606977
07/20/2019 19:00:00.000000,0.221867,4.4685,0.049225,34.34359,8.24359
07/20/2019 19:01:00.000000,0.202552,4.32125,0.049075,0.025691,8.953659
07/20/2019 19:02:00.000000,0.215051,4.2925,0.048075,25.453488,8.411628
07/20/2019 19:03:00.000000,0.18016,4.31875,0.047975,0.046775,7.421951
07/20/2019 19:04:00.000000,0.170247,4.45925,0.047625,0.037143,9.085
07/20/2019 19:05:00.000000,0.181713,4.4095,0.047875,18.476316,9.834211
07/20/2019 19:06:00.000000,0.17213,4.347,0.048325,17.285714,7.5
07/20/2019 19:07:00.000000,0.18482,4.44875,0.0471,0.033574,7.017073
07/20/2019 19:08:00.000000,0.219212,4.48825,0.0475,28.926667,8.993333
07/20/2019 19:09:00.000000,0.210238,4.7045,0.047675,0.053552,7.946154
07/20/2019 19:10:00.000000,0.242216,4.89525,0.0462,32.509756,6.24878
07/20/2019 19:11:00.000000,0.22704,5.1195,0.0458,36.185714,7.938095
07/20/2019 19:12:00.000000,0.184017,5.1475,0.046,14.060526,6.463158
07/20/2019 19:13:00.000000,0.170898,5.26875,0.04645,28.6,5.874419
07/20/2019 19:14:00.000000,0.190563,5.2695,0.047175,33.030769,9.353846
07/20/2019 19:15:00.000000,0.178683,5.11075,0.047575,0.062559,8.451163
07/20/2019 19:16:00.000000,0.171954,6.2265,0.0457,34.691892,7.767568
07/20/2019 19:17:00.000000,0.212692,6.685,0.04415,0.045825,7.614286
07/20/2019 19:18:00.000000,0.217459,6.69325,0.045475,24.421622,7.181081
07/20/2019 19:19:00.000000,0.185181,7.65525,0.04435,0.053473,8.728571
07/20/2019 19:20:00.000000,0.250184,9.37425,0.042675,0.044055,9.778378
07/20/2019 19:21:00.000000,0.339817,12.6725,0.042175,53.417949,9.046154
07/20/2019 19:22:00.000000,0.351651,4.806,0.043975,0.041599,7.704545
07/20/2019 19:23:00.000000,0.254598,4.92,0.04505,0.039947,9.57
07/20/2019 19:24:00.000000,0.197112,5.79375,0.0448,27.57619,8.771429
07/20/2019 19:25:00.000000,0.213142,7.418,0.04285,0.046469,6.376667
07/20/2019 19:26:00.000000,0.258537,4.66975,0.044675,0.028973,9.445
07/20/2019 19:27:00.000000,0.197553,5.124,0.0457,26.948649,10.167568
07/20/2019 19:28:00.000000,0.165799,4.74375,0.04495,36.85,9.811111
07/20/2019 19:29:00.000000,0.190199,5.07975,0.04345,0.04781,8.690244
07/20/2019 19:30:00.000000,0.203999,5.2735,0.0435,0.03352,7.123256
07/20/2019 19:31:00.000000,0.189316,6.4075,0.0447,39.336364,7.936364
07/20/2019 19:32:00.000000,0.218143,6.9205,0.045425,26.553846,6.438462
07/20/2019 19:33:00.000000,0.206701,6.5605,0.0462,0.052455,6.904545
07/20/2019 19:34:00.000000,0.168419,5.102,0.047,29.590476,9.228571
07/20/2019 19:35:00.000000,0.151861,3.863,0.04715,0.061195,8.822727
07/20/2019 19:36:00.000000,0.181942,3.7855,0.04685,0.047993,8.7
07/20/2019 19:37:00.000000,0.20432,3.393,0.046625,57.005,7.96
07/20/2019 19:38:00.000000,0.183892,3.2015,0.04665,34.734091,7.984091
07/20/2019 19:39:00.000000,0.190761,3.57,0.045075,0.032347,7.66
07/20/2019 19:40:00.000000,0.235555,3.83775,0.043775,0.028067,8.441935
07/20/2019 19:41:00.000000,0.205442,3.9875,0.04345,0.021655,6.241176
07/20/2019 19:42:00.000000,0.158297,4.20725,0.0429,18.5,5.516667
07/20/2019 19:43:00.000000,0.163251,5.7295,0.04175,0.040082,7.293023
07/20/2019 19:44:00.000000,0.224775,4.7825,0.04155,34.17907,7.683721
07/20/2019 19:45:00.000000,0.188282,3.43225,0.0433,26.357143,8.128571
07/20/2019 19:46:00.000000,0.180733,5.12475,0.04325,0.023593,7.257143
07/20/2019 19:47:00.000000,0.19511,6.1025,0.041475,0.039187,8.026316
07/20/2019 19:48:00.000000,0.258312,13.82675,0.038625,28.171429,8.283333
07/20/2019 19:49:00.000000,0.321008,6.2235,0.040375,0.057002,7.211628
07/20/2019 19:50:00.000000,0.231342,3.96025,0.042475,0.055651,8.261364
07/20/2019 19:51:00.000000,0.204313,4.34075,0.0423,0.035999,9.992683
07/20/2019 19:52:00.000000,0.248636,8.14275,0.039225,0.084388,6.155814
07/20/2019 19:53:00.000000,0.36903,8.118,0.03905,27.472727,6.881818
07/20/2019 19:54:00.000000,0.320876,7.5125,0.0426,21.865854,6.929268
07/20/2019 19:55:00.000000,0.223402,6.88125,0.04295,0.044138,6.9
07/20/2019 19:56:00.000000,0.169472,6.25375,0.04235,0.036478,5.407317
07/20/2019 19:57:00.000000,0.153741,5.67575,0.042325,18.213636,7.877273
07/20/2019 19:58:00.000000,0.200687,5.01225,0.0435,15.725,6.227273
07/20/2019 19:59:00.000000,0.242915,3.42325,0.044175,15.005,6.155
07/20/2019 20:00:00.000000,0.21171,3.074,0.04285,0.026013,7.985
07/20/2019 20:01:00.000000,0.190694,5.023,0.0422,0.044369,8.725
07/20/2019 20:02:00.000000,0.193377,3.76625,0.043675,16.861538,6.769231
07/20/2019 20:03:00.000000,0.180479,4.62625,0.0443,15.87561,5.717073
07/20/2019 20:04:00.000000,0.183667,4.764,0.04275,0.023342,5.168182
07/20/2019 20:05:00.000000,0.252904,4.7805,0.0415,0.024829,6.807317
07/20/2019 20:06:00.000000,0.246756,4.64075,0.042375,19.67619,7.185714
07/20/2019 20:07:00.000000,0.227928,4.45175,0.04205,18.75,6.863636
07/20/2019 20:08:00.000000,0.317409,4.43125,0.0417,0.032432,6.8
07/20/2019 20:09:00.000000,0.226993,4.4555,0.041475,0.019983,8.390698
07/20/2019 20:10:00.000000,0.202545,4.2695,0.041825,0.027447,9.214286
07/20/2019 20:11:00.000000,0.199595,4.2305,0.041825,0.026829,8.546512
07/20/2019 20:12:00.000000,0.177944,4.20675,0.04215,0.048894,5.636364
07/20/2019 20:13:00.000000,0.181681,4.21525,0.04245,0.032899,6.135
07/20/2019 20:14:00.000000,0.177807,4.4945,0.0417,0.030092,6.64
07/20/2019 20:15:00.000000,0.203161,4.74625,0.04125,0.049635,7.818605
07/20/2019 20:16:00.000000,0.226558,1.38975,0.04185,21.713953,8.860465
07/20/2019 20:17:00.000000,0.209905,5.0065,0.04225,15.882927,7.890244
07/20/2019 20:18:00.000000,0.212887,6.02975,0.042525,24.571429,8.533333
07/20/2019 20:19:00.000000,0.189728,5.50825,0.0421,0.039222,9.042857
07/20/2019 20:20:00.000000,0.179776,5.64825,0.04225,23.286957,5.447826
07/20/2019 20:21:00.000000,0.183107,5.68175,0.04255,23.304651,6.323256
07/20/2019 20:22:00.000000,0.192047,5.59475,0.04275,28.109756,5.917073
07/20/2019 20:23:00.000000,0.248809,5.477,0.042775,18.029412,6.382353
07/20/2019 20:24:00.000000,0.229221,5.4265,0.0421,14.693939,5.430303
07/20/2019 20:25:00.000000,0.178828,5.3085,0.042825,0.018988,5.4
07/20/2019 20:26:00.000000,0.163683,5.044,0.04365,0.019284,6.274286
07/20/2019 20:27:00.000000,0.160728,4.94575,0.042075,14.861538,7.4
07/20/2019 20:28:00.000000,0.181784,4.85275,0.042975,0.027004,6.481395
07/20/2019 20:29:00.000000,0.177412,4.51125,0.04535,,6.638462
07/20/2019 20:30:00.000000,0.180161,4.51575,0.044675,32.383333,8.533333
07/20/2019 20:31:00.000000,0.214853,4.459,0.0441,27.776923,6.446154
07/20/2019 20:32:00.000000,0.201498,4.40675,0.0439,16.712195,6.597561
07/20/2019 20:33:00.000000,0.195095,4.59575,0.04215,0.024925,8.429412
07/20/2019 20:34:00.000000,0.184901,5.1605,0.041325,17.196667,7.64
07/20/2019 20:35:00.000000,0.228205,5.0525,0.041775,0.015559,5.104
07/20/2019 20:36:00.000000,0.255581,4.48525,0.042625,16.6,6.028571
07/20/2019 20:37:00.000000,0.237824,6.949,0.0416,36.70303,7.557576
07/20/2019 20:38:00.000000,0.208262,12.8295,0.03955,0.032271,7.6
07/20/2019 20:39:00.000000,0.308777,3.558,0.043525,0.016324,6.669231
07/20/2019 20:40:00.000000,0.287577,3.34775,0.04525,51.655814,4.951163
07/20/2019 20:41:00.000000,0.191608,3.4505,0.04535,20.54878,6.321951
07/20/2019 20:42:00.000000,0.204417,3.24275,0.044575,18.74878,8.563415
07/20/2019 20:43:00.000000,0.207681,7.19625,0.041725,20.3375,7.54
07/20/2019 20:44:00.000000,0.359904,10.82275,0.03945,25.792683,6.787805
07/20/2019 20:45:00.000000,0.402049,5.04775,0.042225,0.049088,10.586364
07/20/2019 20:46:00.000000,0.297311,4.1605,0.043825,0.048195,7.34359
07/20/2019 20:47:00.000000,0.288172,5.0425,0.042,0.061954,7.012195
07/20/2019 20:48:00.000000,0.298154,11.69625,0.03945,31.865,10.075
07/20/2019 20:49:00.000000,0.299147,,,,
07/20/2019 20:50:00.000000,0.213254,6.44275,0.04035,0.046486,11.016667
07/20/2019 20:51:00.000000,0.216442,9.19775,0.038575,33.99,10.05
07/20/2019 20:52:00.000000,0.273326,6.76625,0.03775,25.063415,7.082927
07/20/2019 20:53:00.000000,0.223603,6.4415,0.037475,29.570732,8.092683
07/20/2019 20:54:00.000000,0.214396,5.77175,0.038625,22.225581,7.697674
07/20/2019 20:55:00.000000,0.227778,7.705,0.0379,0.036565,6.168421
07/20/2019 20:56:00.000000,0.252229,6.628,0.038325,19.185366,6.241463
07/20/2019 20:57:00.000000,0.23055,4.91875,0.040025,21.425,7.405
07/20/2019 20:58:00.000000,0.222144,9.86825,0.0372,0.078489,11.433333
07/20/2019 20:59:00.000000,0.269679,7.596,0.037275,0.076484,25.346341
07/20/2019 21:00:00.000000,0.230168,5.2165,0.040325,0.035038,14.266667
07/20/2019 21:01:00.000000,0.186115,4.74475,0.0407,28.057143,9.183333
07/20/2019 21:02:00.000000,0.184605,4.35575,0.0408,38.581395,10.206977
07/20/2019 21:03:00.000000,0.21488,4.341,0.03925,0.022673,6.861538
07/20/2019 21:04:00.000000,0.417472,4.63,0.0391,0.023473,6.2
07/20/2019 21:05:00.000000,0.502076,4.8495,0.03935,18.828571,7.571429
07/20/2019 21:06:00.000000,0.303191,5.379,0.0378,0.029793,5.580488
07/20/2019 21:07:00.000000,0.25537,5.669,0.037525,0.021782,6.565854
07/20/2019 21:08:00.000000,0.233043,5.80325,0.038675,15.886842,7.221053
07/20/2019 21:09:00.000000,0.187279,5.994,0.039475,0.024263,7.631707
07/20/2019 21:10:00.000000,0.201858,9.64525,0.037675,46.733333,12.283333
07/20/2019 21:11:00.000000,0.344499,9.045,0.0345,50.385714,23.2
07/20/2019 21:12:00.000000,0.32311,7.232,0.03442,140.378787,22.872727
07/20/2019 21:13:00.000000,0.256866,8.257,0.035,0.07326,20.938462
07/20/2019 21:14:00.000000,0.225052,7.4235,0.035033,0.043443,18.448837
07/20/2019 21:15:00.000000,0.206981,7.468,0.03505,32.683721,11.904651
07/20/2019 21:16:00.000000,0.169563,6.89825,0.03625,0.03217,10.642857
07/20/2019 21:17:00.000000,0.1539,6.501,0.038875,0.015697,8.978049
07/20/2019 21:18:00.000000,0.154237,6.1065,0.041175,11.078049,8.870732
07/20/2019 21:19:00.000000,0.14102,5.737,0.0414,7.336585,7.021951
07/20/2019 21:20:00.000000,0.137343,5.2375,0.040725,7.742857,6.95
07/20/2019 21:21:00.000000,0.146919,4.77575,0.039525,0.013006,9.828571
07/20/2019 21:22:00.000000,0.164273,4.38225,0.037375,10.736585,9.702439
07/20/2019 21:23:00.000000,0.17339,4.06675,0.034975,7.738462,7.569231
07/20/2019 21:24:00.000000,0.153362,4.116,0.03485,0.013552,9.590244
07/20/2019 21:25:00.000000,0.167852,4.66225,0.0354,14.174419,11.118605
07/20/2019 21:26:00.000000,0.21728,5.2895,0.035,0.017202,10.64359
07/20/2019 21:27:00.000000,0.246795,5.73625,0.036625,14.82439,10.158537
07/20/2019 21:28:00.000000,0.228987,6.073,0.04025,0.01726,11.12439
07/20/2019 21:29:00.000000,0.207534,6.20675,0.042475,12.492308,9.861538
07/20/2019 21:30:00.000000,0.18491,6.09625,0.0434,0.010733,8.142857
07/20/2019 21:31:00.000000,0.195298,6.049,0.044775,11.093023,9.018605
07/20/2019 21:32:00.000000,0.233463,5.77625,0.046025,0.014736,10.135
07/20/2019 21:33:00.000000,0.297136,5.073,0.047475,0.011275,8.09
07/20/2019 21:34:00.000000,0.273228,4.28275,0.04885,8.24878,7.358537
07/20/2019 21:35:00.000000,0.178872,3.76825,0.049475,0.015266,9.709302
07/20/2019 21:36:00.000000,0.153033,3.38,0.0488,11.397297,8.843243
07/20/2019 21:37:00.000000,0.174162,3.13775,0.0486,10.165,8.515
07/20/2019 21:38:00.000000,0.182442,3.3945,0.04635,0.014184,7.544737
07/20/2019 21:39:00.000000,0.19228,3.3525,0.0452,0.018225,9.64359
07/20/2019 21:40:00.000000,0.190834,3.33175,0.0455,0.016,7.997297
07/20/2019 21:41:00.000000,0.19034,3.4225,0.04375,0.017447,9.919512
07/20/2019 21:42:00.000000,0.200667,3.59775,0.04205,0.012713,8.375
07/20/2019 21:43:00.000000,0.210121,3.8345,0.040325,14.714286,10.85
07/20/2019 21:44:00.000000,0.318529,4.10725,0.03965,10.1,8.057143
07/20/2019 21:45:00.000000,0.301494,4.42775,0.040925,0.015246,8.528571
07/20/2019 21:46:00.000000,0.195353,4.19925,0.041925,0.014935,8.271429
07/20/2019 21:47:00.000000,0.162192,4.069,0.04265,0.012977,8.2
07/20/2019 21:48:00.000000,0.163536,4.1195,0.04195,11.353659,9.65122
07/20/2019 21:49:00.000000,0.205746,7.296,0.039725,11.076923,8.669231
07/20/2019 21:50:00.000000,0.21049,5.20625,0.03785,0.009822,7.465
07/20/2019 21:51:00.000000,0.189221,4.23625,0.038475,0.014013,8.077273
07/20/2019 21:52:00.000000,0.187301,4.43325,0.038675,0.016228,8.795
07/20/2019 21:53:00.000000,0.196744,5.03475,0.03845,0.014425,7.816667
07/20/2019 21:54:00.000000,0.18275,5.0575,0.038575,0.021289,11.644186
07/20/2019 21:55:00.000000,0.183208,5.07025,0.03875,0.016203,8.73
07/20/2019 21:56:00.000000,0.19613,4.95475,0.039675,10.895349,7.755814
07/20/2019 21:57:00.000000,0.188967,4.78675,0.039875,12.0125,8.04
07/20/2019 21:58:00.000000,0.187929,4.63775,0.0386,0.016967,9.194737
07/20/2019 21:59:00.000000,0.274835,4.532,0.037375,11.729268,7.180488
07/20/2019 22:00:00.000000,0.242059,4.40175,0.0373,0.024426,9.716667
07/20/2019 22:01:00.000000,0.187695,4.2855,0.0372,18.369231,8.184615
07/20/2019 22:02:00.000000,0.059668,4.1685,0.03595,18.418605,9.055814
07/20/2019 22:03:00.000000,0.016055,4.379,0.033725,0.021187,10.295122
07/20/2019 22:04:00.000000,0.002377,4.44725,0.033825,0.018492,8.97
07/20/2019 22:05:00.000000,0.001535,4.56775,0.034375,0.02257,9.630769
07/20/2019 22:06:00.000000,-9999.0,6.453,0.033175,0.024613,10.730769
07/20/2019 22:07:00.000000,-9999.0,5.70425,0.031825,0.022574,8.721622
07/20/2019 22:08:00.000000,0.001205,5.1295,0.031825,16.254286,9.894286
07/20/2019 22:09:00.000000,-9999.0,4.9975,0.031275,0.01629,8.47561
07/20/2019 22:10:00.000000,-9999.0,8.67975,0.029925,0.017612,9.383333
07/20/2019 22:11:00.000000,-9999.0,6.653,0.029125,0.015919,8.648649
07/20/2019 22:12:00.000000,0.069944,9.38975,0.0275,0.019483,10.305128
07/20/2019 22:13:00.000000,0.231456,11.9385,0.024075,0.019308,10.457143
07/20/2019 22:14:00.000000,0.284223,10.212,0.0259,0.020933,11.165
07/20/2019 22:15:00.000000,0.27183,10.1515,0.0287,0.016769,9.233333
07/20/2019 22:16:00.000000,0.242302,10.091,0.02995,0.024451,7.912821
07/20/2019 22:17:00.000000,0.224351,10.1045,0.030075,0.016087,8.230233
07/20/2019 22:18:00.000000,0.232736,10.10275,0.029325,0.018922,6.997368
07/20/2019 22:19:00.000000,0.249494,13.85575,0.027025,0.032122,8.687179
07/20/2019 22:20:00.000000,0.309193,15.768,0.023825,0.032305,9.1
07/20/2019 22:21:00.000000,0.302043,9.349,0.0265,0.021612,10.035
07/20/2019 22:22:00.000000,0.239386,7.25175,0.0299,23.088889,8.466667
07/20/2019 22:23:00.000000,0.194882,9.646,0.030025,0.017547,7.610526
07/20/2019 22:24:00.000000,0.224171,15.09575,0.0272,0.019709,8.086486
07/20/2019 22:25:00.000000,0.262081,12.41475,0.02525,0.029511,7.071053
07/20/2019 22:26:00.000000,0.249738,12.52425,0.0255,33.3,7.733333
07/20/2019 22:27:00.000000,0.256405,12.016,0.02505,0.031316,7.9
07/20/2019 22:28:00.000000,0.300523,11.50675,0.026475,17.2,8.707692
07/20/2019 22:29:00.000000,0.310258,11.00025,0.02925,0.023023,8.225641
07/20/2019 22:30:00.000000,0.232765,10.44775,0.030275,14.555814,7.513953
07/20/2019 22:31:00.000000,0.217998,9.93275,0.030075,0.032432,8.652632
07/20/2019 22:32:00.000000,0.230141,9.56,0.028875,0.028177,6.780488
07/20/2019 22:33:00.000000,0.205427,8.98775,0.029575,31.945454,6.672727
07/20/2019 22:34:00.000000,0.184613,8.219,0.03145,24.937838,9.035135
07/20/2019 22:35:00.000000,0.189091,7.595,0.031525,0.01219,5.651282
07/20/2019 22:36:00.000000,0.199002,7.5165,0.031525,11.07561,5.763415
07/20/2019 22:37:00.000000,0.206254,10.08375,0.03105,0.019557,5.57
07/20/2019 22:38:00.000000,0.243658,9.76425,0.0306,26.233333,7.566667
07/20/2019 22:39:00.000000,0.239958,5.086,0.03225,0.045486,8.25
07/20/2019 22:40:00.000000,0.213761,7.4145,0.0328,0.02734,7.089189
07/20/2019 22:41:00.000000,0.216287,6.9475,0.033,0.043489,8.694872
07/20/2019 22:42:00.000000,0.227976,6.91375,0.0321,0.010326,6.023077
07/20/2019 22:43:00.000000,0.340819,6.5605,0.0309,0.020411,6.105263
07/20/2019 22:44:00.000000,1.055811,7.049,0.03105,19.237143,7.971429
07/20/2019 22:45:00.000000,0.86514,5.08,0.032175,0.024621,7.607692
07/20/2019 22:46:00.000000,0.298114,5.16925,0.03495,0.080041,6.892105
07/20/2019 22:47:00.000000,0.188085,5.24525,0.034775,0.03658,9.0
07/20/2019 22:48:00.000000,0.186055,5.38375,0.0334,0.028485,7.334884
07/20/2019 22:49:00.000000,0.267727,5.4565,0.03385,0.019856,6.411364
07/20/2019 22:50:00.000000,0.256855,5.451667,0.035067,16.210811,6.024324
07/20/2019 22:51:00.000000,0.239256,5.658667,0.033825,25.607317,8.370732
07/20/2019 22:52:00.000000,0.30467,5.77225,0.03385,0.022055,6.81
07/20/2019 22:53:00.000000,0.338866,5.89375,0.03525,0.023636,5.8125
07/20/2019 22:54:00.000000,0.260251,5.99725,0.0353,0.01996,6.471429
07/20/2019 22:55:00.000000,0.201894,6.08525,0.035675,30.055814,5.223256
07/20/2019 22:56:00.000000,0.212495,6.015,0.036325,0.021594,7.195122
07/20/2019 22:57:00.000000,0.232821,6.037,0.0358,0.015332,5.95
07/20/2019 22:58:00.000000,0.226706,6.089,0.035825,19.67,6.04
07/20/2019 22:59:00.000000,0.197012,6.03975,0.03585,25.720455,7.654545
07/20/2019 23:00:00.000000,0.179996,9.524,0.0355,16.282927,6.670732
07/20/2019 23:01:00.000000,0.180852,6.75275,0.034775,0.020714,5.560976
07/20/2019 23:02:00.000000,0.214823,5.16525,0.035775,91.088571,6.728571
07/20/2019 23:03:00.000000,0.202614,5.48625,0.036575,0.023418,5.218182
07/20/2019 23:04:00.000000,0.19892,5.47275,0.0365,5.82619,4.985714
07/20/2019 23:05:00.000000,0.172238,5.468,0.03655,0.025959,5.589474
07/20/2019 23:06:00.000000,0.150118,5.46725,0.035875,15.472093,5.7
07/20/2019 23:07:00.000000,0.151455,5.5765,0.03485,11.663636,5.7
07/20/2019 23:08:00.000000,0.151422,5.63975,0.035025,14.614634,6.126829
07/20/2019 23:09:00.000000,0.18646,5.79275,0.03475,16.253659,7.907317
07/20/2019 23:10:00.000000,0.203265,5.8635,0.034975,0.019433,6.169231
07/20/2019 23:11:00.000000,0.206051,5.89325,0.035925,30.253659,9.946341
07/20/2019 23:12:00.000000,0.228876,8.08325,0.03445,0.036795,7.013953
07/20/2019 23:13:00.000000,0.199618,8.46425,0.032825,32.756097,6.143902
07/20/2019 23:14:00.000000,0.183997,11.13025,0.03195,24.32619,7.471429
07/20/2019 23:15:00.000000,0.21281,11.0345,0.031275,0.032904,6.419512
07/20/2019 23:16:00.000000,0.242057,10.75025,0.03435,0.017958,7.662791
07/20/2019 23:17:00.000000,0.201164,9.9805,0.0367,0.020824,6.351163
07/20/2019 23:18:00.000000,0.163782,9.23375,0.0367,22.626316,6.352632
07/20/2019 23:19:00.000000,0.147539,8.5775,0.03565,0.019596,6.825
07/20/2019 23:20:00.000000,0.190772,7.96525,0.035225,14.643902,6.473171
07/20/2019 23:21:00.000000,0.200282,7.1935,0.03565,16.106818,6.918182
07/20/2019 23:22:00.000000,0.1943,6.63475,0.034275,15.947619,7.0
07/20/2019 23:23:00.000000,0.29435,6.03525,0.034775,0.020735,7.344186
07/20/2019 23:24:00.000000,0.264918,5.87625,0.035875,0.017361,8.595122
07/20/2019 23:25:00.000000,0.205564,7.79325,0.0329,25.805128,8.969231
07/20/2019 23:26:00.000000,0.405614,9.531,0.030825,0.022072,7.911628
07/20/2019 23:27:00.000000,0.420304,7.49775,0.032825,26.515385,9.751282
07/20/2019 23:28:00.000000,0.280998,7.71075,0.03315,18.345238,8.057143
07/20/2019 23:29:00.000000,0.231433,7.39325,0.0335,17.965854,8.553659
07/20/2019 23:30:00.000000,0.201072,7.2245,0.034475,0.023033,7.2
07/20/2019 23:31:00.000000,0.180377,7.012,0.034925,17.441026,9.689744
07/20/2019 23:32:00.000000,0.221557,6.917,0.03425,0.017182,8.392683
07/20/2019 23:33:00.000000,0.299687,6.85175,0.0333,0.022742,7.754545
07/20/2019 23:34:00.000000,0.354353,6.50175,0.03085,0.026727,8.060976
07/20/2019 23:35:00.000000,0.877837,13.80175,0.02695,0.018434,8.1
07/20/2019 23:36:00.000000,0.939389,7.70325,0.0317,0.017422,7.335
07/20/2019 23:37:00.000000,0.339095,10.491,0.0341,0.015565,6.945
07/20/2019 23:38:00.000000,0.253182,13.63675,0.03065,0.019988,6.984444
07/20/2019 23:39:00.000000,0.271323,8.669,0.031475,14.631707,9.107317
07/20/2019 23:40:00.000000,0.229906,7.04025,0.034975,22.509756,9.741463
07/20/2019 23:41:00.000000,0.189012,6.3885,0.03745,0.013034,6.448649
07/20/2019 23:42:00.000000,0.178759,6.47675,0.038375,16.623256,8.295349
07/20/2019 23:43:00.000000,0.18021,6.543,0.038,0.021042,9.863636
07/20/2019 23:44:00.000000,0.221083,6.63525,0.0372,23.313514,10.386486
07/20/2019 23:45:00.000000,0.238312,6.81875,0.0363,13.139024,8.265854
07/20/2019 23:46:00.000000,0.21293,7.15,0.0361,12.909091,7.727273
07/20/2019 23:47:00.000000,0.245536,7.5435,0.0368,0.032759,7.7
07/20/2019 23:48:00.000000,0.238463,7.88225,0.037325,0.020244,7.04359
07/20/2019 23:49:00.000000,0.238753,8.12625,0.0342,20.285366,11.082927
07/20/2019 23:50:00.000000,0.257096,9.6745,0.02995,0.0228,8.982927
07/20/2019 23:51:00.000000,0.292043,6.48275,0.0327,0.020826,9.0
07/20/2019 23:52:00.000000,0.311678,6.332,0.035725,0.016316,8.930769
07/20/2019 23:53:00.000000,0.224235,5.8785,0.038025,10.771429,6.071429
07/20/2019 23:54:00.000000,0.200561,5.72925,0.04075,0.014721,7.778378
07/20/2019 23:55:00.000000,0.210219,5.538,0.042575,0.015569,6.571429
07/20/2019 23:56:00.000000,0.192942,8.546,0.04175,11.728205,5.115385
07/20/2019 23:57:00.000000,0.213411,6.0965,0.0418,0.014824,5.320455
07/20/2019 23:58:00.000000,0.215035,6.026,0.04235,0.018406,9.439024
07/20/2019 23:59:00.000000,0.207012,4.632,0.043625,14.073171,6.682927
07/21/2019 00:00:00.000000,0.18251,4.121,0.045475,0.016892,6.0
07/21/2019 00:01:00.000000,0.164566,4.058,0.0458,6.95,5.83
07/21/2019 00:02:00.000000,0.151087,4.1085,0.045325,11.67907,6.637209
07/21/2019 00:03:00.000000,0.157468,4.2295,0.044675,8.843902,5.860976
07/21/2019 00:04:00.000000,0.158175,4.29425,0.0443,0.011445,6.710526
07/21/2019 00:05:00.000000,0.182109,4.35575,0.044,12.253488,7.674419
07/21/2019 00:06:00.000000,0.208784,4.538,0.04275,9.052632,7.294737
07/21/2019 00:07:00.000000,0.225687,4.83325,0.042925,0.011783,8.194286
07/21/2019 00:08:00.000000,0.22814,4.9605,0.046225,0.006925,5.302326
07/21/2019 00:09:00.000000,0.178202,5.08375,0.04755,0.010396,5.712195
07/21/2019 00:10:00.000000,0.162666,4.9945,0.048625,0.010477,5.648649
07/21/2019 00:11:00.000000,0.162719,4.901,0.049525,7.542857,4.6
07/21/2019 00:12:00.000000,0.151925,4.7655,0.050775,0.008767,4.744186
07/21/2019 00:13:00.000000,0.139292,4.538,0.05125,9.542105,5.642105
07/21/2019 00:14:00.000000,0.136071,4.27575,0.05085,0.007143,5.028571
07/21/2019 00:15:00.000000,0.157422,9.736,0.04745,8.655,7.365
07/21/2019 00:16:00.000000,0.229045,11.7565,0.043575,0.011068,6.621053
07/21/2019 00:17:00.000000,0.265125,6.98825,0.045775,12.7,7.260465
07/21/2019 00:18:00.000000,0.230618,6.09425,0.0469,0.012889,7.146154
07/21/2019 00:19:00.000000,0.208638,7.12975,0.046375,0.009465,6.173684
07/21/2019 00:20:00.000000,0.229595,7.3895,0.044625,0.009119,6.344186
07/21/2019 00:21:00.000000,0.277809,7.891,0.042925,0.014554,10.085714
07/21/2019 00:22:00.000000,0.273694,8.191,0.0418,0.007586,5.486047
07/21/2019 00:23:00.000000,0.258845,8.3265,0.042675,6.242105,5.407895
07/21/2019 00:24:00.000000,0.224452,8.52225,0.04305,10.09,6.8125
07/21/2019 00:25:00.000000,0.187748,8.7225,0.04395,0.019211,6.654545
07/21/2019 00:26:00.000000,0.173561,9.65975,0.045675,6.43,4.9
07/21/2019 00:27:00.000000,0.162174,7.376,0.04685,0.009968,6.990244
07/21/2019 00:28:00.000000,0.147629,5.3045,0.049175,4.319048,4.228571
07/21/2019 00:29:00.000000,0.134267,4.47225,0.050975,,
07/21/2019 00:30:00.000000,0.138131,4.6425,0.05015,4.404651,4.325581
07/21/2019 00:31:00.000000,0.183878,7.1235,0.0473,7.287805,5.309756
07/21/2019 00:32:00.000000,0.219777,21.79,0.03895,4.714286,4.385714
07/21/2019 00:33:00.000000,0.232854,21.991,0.03395,0.008161,5.132609
07/21/2019 00:34:00.000000,0.345281,23.29525,0.032325,0.007451,5.3
07/21/2019 00:35:00.000000,0.387766,16.518,0.03555,0.012059,7.657895
07/21/2019 00:36:00.000000,0.452207,12.7505,0.038475,11.382927,10.063415
07/21/2019 00:37:00.000000,0.400254,17.64825,0.036875,14.402439,10.731707
07/21/2019 00:38:00.000000,0.334268,23.18075,0.0314,10.546341,8.836585
07/21/2019 00:39:00.000000,0.292016,21.60325,0.029525,13.1,9.007692
07/21/2019 00:40:00.000000,0.296228,10.50575,0.035875,0.013237,8.436842
07/21/2019 00:41:00.000000,0.274178,10.35175,0.040025,0.012052,8.744186
07/21/2019 00:42:00.000000,0.250301,10.5025,0.0395,9.70303,9.090909
07/21/2019 00:43:00.000000,0.257362,10.47425,0.0389,10.55,8.675
07/21/2019 00:44:00.000000,0.249917,10.298,0.0404,9.466667,7.228571
07/21/2019 00:45:00.000000,0.235756,10.18,0.041775,8.5125,6.915
07/21/2019 00:46:00.000000,0.233266,9.9295,0.0421,0.013193,7.665
07/21/2019 00:47:00.000000,0.259524,9.69675,0.0434,0.014088,7.714286
07/21/2019 00:48:00.000000,0.221911,9.37875,0.0445,8.441463,6.590244
07/21/2019 00:49:00.000000,0.20043,9.121,0.0443,8.504545,7.436364
07/21/2019 00:50:00.000000,0.210756,8.994,0.043625,8.891429,7.405714
07/21/2019 00:51:00.000000,0.218773,8.99125,0.04245,0.013803,7.840476
07/21/2019 00:52:00.000000,0.220483,9.21425,0.040525,0.010825,6.761538
07/21/2019 00:53:00.000000,0.228631,10.3125,0.040375,0.013112,7.767647
07/21/2019 00:54:00.000000,0.237447,12.30225,0.040425,8.389474,6.931579
07/21/2019 00:55:00.000000,0.235267,9.30975,0.04175,0.012401,8.336585
07/21/2019 00:56:00.000000,0.235035,14.005,0.038125,9.629412,7.338235
07/21/2019 00:57:00.000000,0.262499,15.03425,0.03585,11.426087,7.734783
07/21/2019 00:58:00.000000,0.26217,13.71625,0.03825,11.259524,8.485714
07/21/2019 00:59:00.000000,0.310603,12.788,0.0379,0.012949,8.264865
07/21/2019 01:00:00.000000,0.294397,11.36075,0.038925,0.008843,6.755
07/21/2019 01:01:00.000000,0.265621,11.471,0.039625,9.081818,6.413636
07/21/2019 01:02:00.000000,0.257719,11.55475,0.039725,7.9125,6.995
07/21/2019 01:03:00.000000,0.245971,11.4905,0.03995,0.009087,5.256757
07/21/2019 01:04:00.000000,0.226317,11.33725,0.040575,9.5,6.855
07/21/2019 01:05:00.000000,0.22153,11.122,0.0414,0.009209,6.194595
07/21/2019 01:06:00.000000,0.209636,10.75475,0.042525,5.3675,5.0925
07/21/2019 01:07:00.000000,0.202895,10.44675,0.04215,7.314286,6.614286
07/21/2019 01:08:00.000000,0.227691,10.305,0.040825,10.773171,7.397561
07/21/2019 01:09:00.000000,0.235615,9.967,0.041025,0.007625,6.068421
07/21/2019 01:10:00.000000,0.232591,9.53425,0.0411,0.011126,6.833333
07/21/2019 01:11:00.000000,0.212141,9.25,0.041825,0.006466,5.34
07/21/2019 01:12:00.000000,0.219998,9.303,0.041125,8.588235,5.773529
07/21/2019 01:13:00.000000,0.238003,9.3195,0.0409,6.437838,5.548649
07/21/2019 01:14:00.000000,0.237178,9.19975,0.043625,0.00873,6.176923
07/21/2019 01:15:00.000000,0.217819,8.95475,0.044975,8.247826,5.706522
07/21/2019 01:16:00.000000,0.216337,8.49875,0.045725,0.005431,4.35
07/21/2019 01:17:00.000000,0.198921,8.1005,0.045375,4.434884,4.434884
07/21/2019 01:18:00.000000,0.18993,7.91925,0.044425,0.006933,5.439024
07/21/2019 01:19:00.000000,0.20166,7.7055,0.04425,7.321053,5.773684
07/21/2019 01:20:00.000000,0.199836,7.2185,0.04535,0.007725,4.928205
07/21/2019 01:21:00.000000,0.190934,6.82825,0.046725,0.005316,4.281818
07/21/2019 01:22:00.000000,0.191924,6.69125,0.04635,0.005346,4.370732
07/21/2019 01:23:00.000000,0.184844,6.632,0.0462,0.005733,4.206061
07/21/2019 01:24:00.000000,0.174792,6.57375,0.04675,0.007379,4.792308
07/21/2019 01:25:00.000000,0.177028,6.5685,0.04635,0.004889,3.975
07/21/2019 01:26:00.000000,0.196361,6.58575,0.045675,3.535714,3.542857
07/21/2019 01:27:00.000000,0.214467,6.44775,0.047075,0.004269,3.5
07/21/2019 01:28:00.000000,0.178023,6.28725,0.048025,0.007176,4.847368
07/21/2019 01:29:00.000000,0.165495,6.4895,0.04465,0.005092,4.1
07/21/2019 01:30:00.000000,0.182161,6.735,0.0439,0.005333,4.328571
07/21/2019 01:31:00.000000,0.173352,6.6845,0.046925,0.004366,3.635
07/21/2019 01:32:00.000000,0.160515,6.73575,0.047425,0.005506,4.018182
07/21/2019 01:33:00.000000,0.178149,6.753,0.046625,3.825,3.683333
07/21/2019 01:34:00.000000,0.226047,6.57875,0.047175,4.572727,4.472727
07/21/2019 01:35:00.000000,0.19955,6.68025,0.046075,9.142857,5.614286
07/21/2019 01:36:00.000000,0.185654,6.9025,0.04595,0.006493,4.946341
07/21/2019 01:37:00.000000,0.194866,6.78525,0.0463,0.007552,5.292308
07/21/2019 01:38:00.000000,0.206655,6.54725,0.046275,6.470732,5.656098
07/21/2019 01:39:00.000000,0.190306,6.97875,0.0444,0.004585,3.821951
07/21/2019 01:40:00.000000,0.192178,7.4155,0.042875,0.005962,4.510526
07/21/2019 01:41:00.000000,0.193377,7.7545,0.043225,0.006563,4.347619
07/21/2019 01:42:00.000000,0.18157,8.1045,0.044325,0.005147,4.127027
07/21/2019 01:43:00.000000,0.173379,8.203,0.04565,6.089189,4.77027
07/21/2019 01:44:00.000000,0.187395,8.3905,0.0448,0.007552,5.578788
07/21/2019 01:45:00.000000,0.200996,8.54275,0.043825,0.008133,5.257143
07/21/2019 01:46:00.000000,0.224834,11.2355,0.0397,10.068182,4.422727
07/21/2019 01:47:00.000000,0.34348,11.852,0.037075,7.4375,5.065
07/21/2019 01:48:00.000000,0.261351,9.697,0.041175,0.008112,5.716279
07/21/2019 01:49:00.000000,0.192162,7.747,0.04365,6.434286,5.08
07/21/2019 01:50:00.000000,0.181958,7.5705,0.042825,4.830769,4.571795
07/21/2019 01:51:00.000000,0.182315,7.91875,0.04175,0.00585,4.584211
07/21/2019 01:52:00.000000,0.18926,8.068,0.04305,4.886047,4.767442
07/21/2019 01:53:00.000000,0.199919,8.0605,0.0448,0.007226,5.146667
07/21/2019 01:54:00.000000,0.20809,8.173,0.044175,5.24,5.115556
07/21/2019 01:55:00.000000,0.218163,8.32175,0.043275,5.1,5.015
07/21/2019 01:56:00.000000,0.249812,8.54975,0.042425,4.510526,4.494737
07/21/2019 01:57:00.000000,0.284004,8.527,0.04315,6.285714,5.428571
07/21/2019 01:58:00.000000,0.274111,8.475,0.043225,6.342857,6.028571
07/21/2019 01:59:00.000000,0.256482,9.651,0.0408,9.0225,5.5225
07/21/2019 02:00:00.000000,0.261043,12.57875,0.039675,6.35122,5.485366
07/21/2019 02:01:00.000000,0.267332,11.67025,0.039725,0.010031,6.714286
07/21/2019 02:02:00.000000,0.257547,10.39725,0.04035,6.692683,5.17561
07/21/2019 02:03:00.000000,0.235486,9.023,0.03955,0.010194,5.726316
07/21/2019 02:04:00.000000,0.209143,16.41125,0.026425,0.007939,5.64186
07/21/2019 02:05:00.000000,0.279306,19.684,0.029475,0.009398,5.006522
07/21/2019 02:06:00.000000,0.271223,11.212,0.036725,0.007194,4.9
07/21/2019 02:07:00.000000,0.217846,8.2175,0.04125,4.67561,4.558537
07/21/2019 02:08:00.000000,0.335095,14.95625,0.037925,7.475,5.095
07/21/2019 02:09:00.000000,0.518555,12.788,0.03445,0.009011,6.112195
07/21/2019 02:10:00.000000,0.441623,11.00575,0.037025,8.441463,5.190244
07/21/2019 02:11:00.000000,0.299224,9.4205,0.040375,6.15,5.525
07/21/2019 02:12:00.000000,0.230972,8.97675,0.041925,0.008898,5.092308
07/21/2019 02:13:00.000000,0.218826,9.1385,0.041275,0.005919,4.658537
07/21/2019 02:14:00.000000,0.215879,9.32975,0.04055,0.004847,4.007692
07/21/2019 02:15:00.000000,0.210419,9.36625,0.04145,0.009266,5.033333
07/21/2019 02:16:00.000000,0.21183,9.35525,0.0414,5.733333,4.693333
07/21/2019 02:17:00.000000,0.204512,9.69775,0.03965,7.021951,5.112195
07/21/2019 02:18:00.000000,0.202489,9.80025,0.039175,0.015001,4.9525
07/21/2019 02:19:00.000000,0.21157,9.92025,0.03955,0.015889,5.573684
07/21/2019 02:20:00.000000,0.220394,9.9855,0.04075,4.062857,3.854286
07/21/2019 02:21:00.000000,0.221771,9.71525,0.04165,4.7625,4.735
07/21/2019 02:22:00.000000,0.210827,9.47425,0.040975,0.009492,6.528571
07/21/2019 02:23:00.000000,0.19659,9.46175,0.04055,4.9375,4.845
07/21/2019 02:24:00.000000,0.191603,9.56575,0.04,14.785714,4.242857
07/21/2019 02:25:00.000000,0.196665,9.34575,0.0393,0.006294,4.030769
07/21/2019 02:26:00.000000,0.201716,9.474,0.039167,16.155555,5.083333
07/21/2019 02:27:00.000000,0.197833,9.731,0.03925,17.666667,4.371111
07/21/2019 02:28:00.000000,0.209958,12.33425,0.03732,35.425,4.878125
07/21/2019 02:29:00.000000,0.332069,19.30225,0.031933,0.027282,4.3
07/21/2019 02:30:00.000000,0.355882,12.82075,0.033625,6.876923,4.453846
07/21/2019 02:31:00.000000,0.261558,8.025,0.04015,4.545,4.5
07/21/2019 02:32:00.000000,0.19027,7.52925,0.042675,0.01125,5.853846
07/21/2019 02:33:00.000000,0.188472,8.0095,0.040375,5.635714,5.130952
07/21/2019 02:34:00.000000,0.208924,8.7505,0.0367,13.55122,6.109756
07/21/2019 02:35:00.000000,0.235401,9.34125,0.03608,0.009932,5.718182
07/21/2019 02:36:00.000000,0.253796,10.20675,0.036433,0.011832,6.72439
07/21/2019 02:37:00.000000,0.253056,11.094,0.035475,6.4,6.046341
07/21/2019 02:38:00.000000,0.282798,12.441,0.031675,18.592308,6.407692
07/21/2019 02:39:00.000000,0.331556,13.5215,0.0311,0.008328,5.642857
07/21/2019 02:40:00.000000,0.271418,14.243,0.033425,0.010017,6.018182
07/21/2019 02:41:00.000000,0.268711,14.53625,0.0343,7.186667,6.186667
07/21/2019 02:42:00.000000,0.279333,14.536,0.033675,0.02165,6.115385
07/21/2019 02:43:00.000000,0.291254,14.69625,0.03255,0.008543,5.842857
07/21/2019 02:44:00.000000,0.303912,14.6255,0.0327,0.006118,5.045946
07/21/2019 02:45:00.000000,0.291297,14.3165,0.03392,0.006466,5.226316
07/21/2019 02:46:00.000000,0.248038,13.7455,0.03365,0.006783,5.577778
07/21/2019 02:47:00.000000,0.293753,13.48125,0.032033,12.85,8.271429
07/21/2019 02:48:00.000000,0.31949,13.1945,0.03235,11.857895,7.268421
07/21/2019 02:49:00.000000,0.256804,,,,
07/21/2019 02:50:00.000000,0.256956,12.68675,0.033575,0.008932,7.063636
07/21/2019 02:51:00.000000,0.272576,12.3455,0.03285,0.012646,5.973684
07/21/2019 02:52:00.000000,0.275994,12.3415,0.0326,0.031809,7.415
07/21/2019 02:53:00.000000,0.273056,13.034,0.029875,13.897561,7.202439
07/21/2019 02:54:00.000000,0.27511,13.959,0.02655,10.252632,6.763158
07/21/2019 02:55:00.000000,0.295509,21.726,0.023,0.013628,5.931707
07/21/2019 02:56:00.000000,0.359578,30.4135,0.016725,13.718421,6.557895
07/21/2019 02:57:00.000000,0.40449,30.477,0.013725,11.97907,6.95814
07/21/2019 02:58:00.000000,0.456626,28.43625,0.01595,6.709302,5.967442
07/21/2019 02:59:00.000000,0.632583,26.31675,0.018725,0.015685,6.82439
07/21/2019 03:00:00.000000,0.566508,26.3875,0.0183,9.9,6.231707
07/21/2019 03:01:00.000000,0.438983,26.3625,0.01755,14.773171,5.353659
07/21/2019 03:02:00.000000,0.383966,26.361,0.018425,0.009188,5.630233
07/21/2019 03:03:00.000000,0.382067,26.17675,0.019225,0.011009,5.872093
07/21/2019 03:04:00.000000,0.421843,30.7385,0.0179,8.234146,6.92439
07/21/2019 03:05:00.000000,0.428066,27.62875,0.016025,0.009914,6.033333
07/21/2019 03:06:00.000000,0.342174,25.827,0.016875,0.00718,5.376923
07/21/2019 03:07:00.000000,0.389684,29.513,0.0157,0.005811,4.716667
07/21/2019 03:08:00.000000,0.497201,28.36425,0.015275,0.006152,5.025
07/21/2019 03:09:00.000000,0.394397,,,,
07/21/2019 03:10:00.000000,0.289305,19.26525,0.024075,24.542857,7.042857
07/21/2019 03:11:00.000000,0.262032,19.0715,0.024075,0.011792,6.11
07/21/2019 03:12:00.000000,0.493133,19.789,0.0216,0.006335,5.05
07/21/2019 03:13:00.000000,0.635824,20.7255,0.018875,0.013794,6.87907
07/21/2019 03:14:00.000000,0.432871,21.59025,0.01815,0.009605,5.914286
07/21/2019 03:15:00.000000,0.327562,22.17175,0.0205,8.706977,6.560465
07/21/2019 03:16:00.000000,0.286256,22.01375,0.0243,0.006642,4.9
07/21/2019 03:17:00.000000,0.278311,21.442,0.0284,9.46,5.28
07/21/2019 03:18:00.000000,0.2478,20.9725,0.029775,31.21,6.505
07/21/2019 03:19:00.000000,0.242989,20.49975,0.02795,0.012548,5.533333
07/21/2019 03:20:00.000000,0.250025,19.9045,0.02425,0.024993,8.8
07/21/2019 03:21:00.000000,0.532021,19.47925,0.021175,7.675,5.49
07/21/2019 03:22:00.000000,0.817976,18.30475,0.024525,7.595652,4.626087
07/21/2019 03:23:00.000000,0.375398,17.2305,0.028675,0.011648,6.183333
07/21/2019 03:24:00.000000,0.252183,17.19325,0.028025,0.031635,5.65
07/21/2019 03:25:00.000000,0.279988,17.87775,0.025575,0.010218,4.421951
07/21/2019 03:26:00.000000,0.244208,18.32475,0.02485,0.005559,4.531707
07/21/2019 03:27:00.000000,0.249047,18.5025,0.0259,0.009421,5.112195
07/21/2019 03:28:00.000000,0.280037,18.46675,0.024425,0.014673,5.452273
07/21/2019 03:29:00.000000,0.313031,,,,
07/21/2019 03:30:00.000000,0.455238,23.73925,0.020075,14.8,5.725
07/21/2019 03:31:00.000000,0.43377,22.61225,0.02155,0.019353,8.01
07/21/2019 03:32:00.000000,0.31562,18.214,0.0236,0.017248,6.53
07/21/2019 03:33:00.000000,0.287468,17.12775,0.024625,0.018168,6.2
07/21/2019 03:34:00.000000,0.310503,24.51275,0.0212,0.011635,5.253488
07/21/2019 03:35:00.000000,0.553752,27.109,0.0182,14.233333,6.516667
07/21/2019 03:36:00.000000,0.692434,25.1225,0.01865,0.03243,7.14
07/21/2019 03:37:00.000000,0.382643,24.6835,0.0185,0.013705,7.455
07/21/2019 03:38:00.000000,0.280606,25.57575,0.018275,18.0,5.5
07/21/2019 03:39:00.000000,0.240233,18.9485,0.022925,0.015899,7.65
07/21/2019 03:40:00.000000,0.225904,14.56775,0.026825,0.008939,6.57
07/21/2019 03:41:00.000000,0.229579,14.20975,0.02705,0.012225,6.215385
07/21/2019 03:42:00.000000,0.234338,19.348,0.0254,0.022573,6.285714
07/21/2019 03:43:00.000000,0.236108,19.4435,0.024925,0.007429,4.94
07/21/2019 03:44:00.000000,0.233481,18.75525,0.025875,4.885,4.7825
07/21/2019 03:45:00.000000,0.220697,18.7455,0.0257,0.005551,4.54186
07/21/2019 03:46:00.000000,0.225846,18.9485,0.023875,8.35,6.455
07/21/2019 03:47:00.000000,0.243595,19.34775,0.0225,8.985366,5.604878
07/21/2019 03:48:00.000000,0.263736,24.20075,0.01885,19.9375,5.655
07/21/2019 03:49:00.000000,0.29705,,0.0151,,
07/21/2019 03:50:00.000000,0.316695,27.973,0.016325,0.017736,5.609756
07/21/2019 03:51:00.000000,0.310815,17.589,0.023625,0.012868,5.414634
07/21/2019 03:52:00.000000,0.2652,14.40675,0.02805,0.006194,4.717073
07/21/2019 03:53:00.000000,0.276583,14.08175,0.0297,0.042676,5.79
07/21/2019 03:54:00.000000,0.26128,13.474,0.03295,0.010909,5.478261
07/21/2019 03:55:00.000000,0.207781,12.6505,0.035225,6.390698,5.046512
07/21/2019 03:56:00.000000,0.184757,11.83675,0.035625,0.00548,4.405
07/21/2019 03:57:00.000000,0.207264,11.254,0.0346,6.238095,5.071429
07/21/2019 03:58:00.000000,0.267701,10.50525,0.034675,4.65,4.443182
07/21/2019 03:59:00.000000,0.316178,9.9625,0.033675,0.006717,5.418605
07/21/2019 04:00:00.000000,0.526192,9.326,0.032225,5.429268,5.258537
07/21/2019 04:01:00.000000,1.107864,7.9652,0.0346,0.005259,4.357895
07/21/2019 04:02:00.000000,0.083649,8.0074,0.03636,4.288372,4.286047
07/21/2019 04:03:00.000000,0.016944,8.625667,0.0357,4.828571,4.814286
07/21/2019 04:04:00.000000,-9999.0,8.63775,0.035375,13.182051,5.407692
07/21/2019 04:05:00.000000,-9999.0,8.667,0.034525,8.730769,5.5
07/21/2019 04:06:00.000000,-9999.0,8.66825,0.03405,7.7,6.515385
07/21/2019 04:07:00.000000,-9999.0,8.608,0.034325,0.009641,6.94878
07/21/2019 04:08:00.000000,-9999.0,8.63075,0.0336,0.006747,5.542857
07/21/2019 04:09:00.000000,-9999.0,,,,
07/21/2019 04:10:00.000000,-9999.0,9.21675,0.0317,12.075,6.77
07/21/2019 04:11:00.000000,-9999.0,9.58525,0.0308,7.969767,5.681395
07/21/2019 04:12:00.000000,0.073759,9.973,0.030525,0.009386,6.012195
07/21/2019 04:13:00.000000,0.211417,10.33625,0.030325,9.74,6.5125
07/21/2019 04:14:00.000000,0.34497,10.7185,0.02995,12.919048,6.514286
07/21/2019 04:15:00.000000,0.385239,11.2175,0.029,0.008642,6.415789
07/21/2019 04:16:00.000000,0.335245,11.8195,0.02815,0.010976,7.604651
07/21/2019 04:17:00.000000,0.312799,12.258,0.02805,0.008224,6.6
07/21/2019 04:18:00.000000,0.308087,12.52,0.02875,0.01277,7.845
07/21/2019 04:19:00.000000,0.284889,12.72475,0.028625,0.010629,7.530233
07/21/2019 04:20:00.000000,0.324717,13.0175,0.027475,8.5,7.143902
07/21/2019 04:21:00.000000,0.335153,13.40425,0.027425,0.01118,7.516667
07/21/2019 04:22:00.000000,0.29981,13.78225,0.028075,10.135,7.855
07/21/2019 04:23:00.000000,0.305648,14.06325,0.028675,11.357143,6.490476
07/21/2019 04:24:00.000000,0.374116,14.2095,0.027925,6.879487,6.130769
07/21/2019 04:25:00.000000,0.377836,14.393,0.026725,0.007022,5.758537
07/21/2019 04:26:00.000000,0.303924,14.465,0.027625,0.008092,5.538095
07/21/2019 04:27:00.000000,0.277806,14.33775,0.03,5.581395,5.327907
07/21/2019 04:28:00.000000,0.254355,13.86075,0.0326,0.007277,5.895
07/21/2019 04:29:00.000000,0.228235,,,,
07/21/2019 04:30:00.000000,0.223755,12.1675,0.035025,6.409302,5.439535
07/21/2019 04:31:00.000000,0.220643,11.41525,0.034325,0.021595,8.230233
07/21/2019 04:32:00.000000,0.320656,11.0525,0.03135,0.016703,7.031579
07/21/2019 04:33:00.000000,0.367883,10.479,0.03145,0.012892,6.613333
07/21/2019 04:34:00.000000,0.249409,10.07,0.031625,0.008561,5.92
07/21/2019 04:35:00.000000,0.242133,10.01825,0.030625,0.017274,6.571429
07/21/2019 04:36:00.000000,0.302959,10.37125,0.030225,8.51,6.02
07/21/2019 04:37:00.000000,0.404984,10.529,0.03255,0.009722,6.830769
07/21/2019 04:38:00.000000,0.313797,10.76275,0.033475,9.8375,7.51
07/21/2019 04:39:00.000000,0.223536,10.76975,0.034675,6.969231,5.794872
07/21/2019 04:40:00.000000,0.219582,10.6255,0.0339,0.013096,6.161538
07/21/2019 04:41:00.000000,0.245001,10.70925,0.031825,10.688889,6.22
07/21/2019 04:42:00.000000,0.245126,10.58525,0.03245,0.006685,5.17561
07/21/2019 04:43:00.000000,0.228964,10.2445,0.0329,7.946667,6.097778
07/21/2019 04:44:00.000000,0.204362,9.86075,0.03205,21.6125,6.725
07/21/2019 04:45:00.000000,0.239676,9.94475,0.0307,0.013045,5.771429
07/21/2019 04:46:00.000000,0.325064,10.09575,0.029525,0.010273,6.880488
07/21/2019 04:47:00.000000,0.290099,9.284,0.029075,0.008581,6.331707
07/21/2019 04:48:00.000000,0.263867,7.85325,0.030725,0.015052,6.54
07/21/2019 04:49:00.000000,0.287383,,,,
07/21/2019 04:50:00.000000,0.313056,5.16325,0.025325,0.022217,7.995
07/21/2019 04:51:00.000000,0.554085,3.982,0.020375,9.79697,6.848485
07/21/2019 04:52:00.000000,1.074337,2.816,0.020925,6.024138,5.834483
07/21/2019 04:53:00.000000,0.715521,1.42975,0.02275,0.01758,6.867647
07/21/2019 04:54:00.000000,0.408121,0.1695,0.02545,0.028658,7.328571
07/21/2019 04:55:00.000000,0.348168,-9999.0,0.026375,9.672973,6.981081
07/21/2019 04:56:00.000000,0.312947,0.595,0.026675,8.897368,6.731579
07/21/2019 04:57:00.000000,0.300081,9.2745,0.028,7.040909,6.613636
07/21/2019 04:58:00.000000,0.307814,13.356,0.029975,0.008428,6.853333
07/21/2019 04:59:00.000000,0.276821,15.90425,0.032025,8.778049,6.473171
07/21/2019 05:00:00.000000,0.238178,15.46225,0.03245,0.014286,10.241463
07/21/2019 05:01:00.000000,0.227436,15.8265,0.0323,0.015582,9.207692
07/21/2019 05:02:00.000000,0.220996,15.26825,0.031625,9.960465,6.388372
07/21/2019 05:03:00.000000,0.225728,14.3225,0.031025,10.016279,6.588372
07/21/2019 05:04:00.000000,0.259222,13.14325,0.03065,9.010811,6.197297
07/21/2019 05:05:00.000000,0.26766,11.83325,0.030675,15.18,10.74
07/21/2019 05:06:00.000000,0.249607,10.47375,0.029975,7.467647,6.864706
07/21/2019 05:07:00.000000,0.263289,9.065333,0.030433,0.029716,6.336842
07/21/2019 05:08:00.000000,0.264737,7.7355,0.031,11.293023,6.316279
07/21/2019 05:09:00.000000,0.263971,,,,
07/21/2019 05:10:00.000000,0.269071,5.47375,0.03145,0.017491,7.161364
07/21/2019 05:11:00.000000,0.271558,4.88425,0.031925,0.00909,5.94878
07/21/2019 05:12:00.000000,0.258626,4.67925,0.032,9.03,6.04
07/21/2019 05:13:00.000000,0.247217,4.7285,0.030575,11.045,6.95
07/21/2019 05:14:00.000000,0.25755,4.5875,0.028975,0.015899,7.618182
07/21/2019 05:15:00.000000,0.280793,4.512,0.02745,11.313636,5.540909
07/21/2019 05:16:00.000000,0.295827,3.74275,0.0249,6.257895,5.547368
07/21/2019 05:17:00.000000,0.325406,123.16,0.02485,6.125,6.11
07/21/2019 05:18:00.000000,0.325493,328.859,0.02555,5.597674,5.597674
07/21/2019 05:19:00.000000,0.329377,340.933,0.02505,0.010729,6.274419
07/21/2019 05:20:00.000000,0.324877,341.961,0.0244,8.975,6.655
07/21/2019 05:21:00.000000,0.337782,341.47525,0.024,0.008563,6.613636
07/21/2019 05:22:00.000000,0.354433,341.325,0.0241,10.971429,6.685714
07/21/2019 05:23:00.000000,0.383801,341.34725,0.023975,0.013222,6.7
07/21/2019 05:24:00.000000,0.408731,341.3505,0.0253,0.013917,6.611628
07/21/2019 05:25:00.000000,0.367792,341.518,0.025875,10.262791,7.202326
07/21/2019 05:26:00.000000,0.367873,300.05375,0.0246,11.177143,6.802857
07/21/2019 05:27:00.000000,0.403169,23.06925,0.023975,0.017473,6.409677
07/21/2019 05:28:00.000000,0.451895,0.23025,0.02505,0.01312,7.942857
07/21/2019 05:29:00.000000,0.407736,,,,
07/21/2019 05:30:00.000000,0.417664,-9999.0,0.025175,0.008665,6.519512
07/21/2019 05:31:00.000000,0.375582,-9999.0,0.024725,0.013692,6.814286
07/21/2019 05:32:00.000000,0.348782,-9999.0,0.02495,9.62439,8.095122
07/21/2019 05:33:00.000000,0.338169,-9999.0,0.02615,0.011689,7.28
07/21/2019 05:34:00.000000,0.298962,-9999.0,0.0254,0.011771,6.246341
07/21/2019 05:35:00.000000,0.294193,-9999.0,0.024275,0.00799,5.929268
07/21/2019 05:36:00.000000,0.302919,3.133,0.022975,0.011322,7.1
07/21/2019 05:37:00.000000,0.313028,16.77975,0.021675,13.181818,7.888636
07/21/2019 05:38:00.000000,0.330224,18.900333,0.02055,0.015266,8.257143
07/21/2019 05:39:00.000000,0.374819,17.04675,0.0211,15.285714,10.271429
07/21/2019 05:40:00.000000,0.381753,16.41475,0.021975,0.024789,7.15814
07/21/2019 05:41:00.000000,0.338118,16.63325,0.0207,0.026383,6.94
07/21/2019 05:42:00.000000,0.335277,16.585,0.02105,0.010443,6.057143
07/21/2019 05:43:00.000000,0.336001,16.62475,0.02205,0.031247,6.656818
07/21/2019 05:44:00.000000,0.362609,16.91025,0.020575,0.018985,6.368182
07/21/2019 05:45:00.000000,0.424613,16.913,0.0215,0.020681,7.729545
07/21/2019 05:46:00.000000,0.395384,16.70125,0.023725,8.65122,6.634146
07/21/2019 05:47:00.000000,1.363527,16.462,0.0234,0.007377,5.89
07/21/2019 05:48:00.000000,3.255731,16.1255,0.02345,6.769048,6.657143
07/21/2019 05:49:00.000000,3.817724,,,,
07/21/2019 05:50:00.000000,3.872436,15.2645,0.023675,8.122727,6.304545
07/21/2019 05:51:00.000000,3.877789,14.89375,0.02385,0.010157,7.807317
07/21/2019 05:52:00.000000,3.88158,14.31375,0.023125,7.581395,7.411628
07/21/2019 05:53:00.000000,3.886359,14.18625,0.02185,0.008563,6.873171
07/21/2019 05:54:00.000000,3.884862,14.28125,0.0211,8.817949,6.8
07/21/2019 05:55:00.000000,3.883697,14.40475,0.02145,12.67,7.31
07/21/2019 05:56:00.000000,3.688941,14.5125,0.021875,11.671429,7.657143
07/21/2019 05:57:00.000000,1.845663,14.5685,0.0219,10.082927,7.7
07/21/2019 05:58:00.000000,0.202663,14.54625,0.021925,0.009074,6.5
07/21/2019 05:59:00.000000,0.017238,14.522,0.02198,9.295833,7.1625
07/21/2019 06:00:00.000000,0.014115,14.57875,0.020967,0.008399,6.068571
07/21/2019 06:01:00.000000,0.012654,14.393,0.0205,8.72,7.19
07/21/2019 06:02:00.000000,0.011203,14.201,0.02078,0.011557,6.728
07/21/2019 06:03:00.000000,0.011135,13.83075,0.02305,0.01124,6.785714
07/21/2019 06:04:00.000000,0.009279,13.571,0.0221,9.184615,7.730769
07/21/2019 06:05:00.000000,0.008887,13.55925,0.0213,7.509091,7.430303
07/21/2019 06:06:00.000000,0.001742,13.5975,0.0208,0.012292,6.82069
07/21/2019 06:07:00.000000,0.061427,13.64225,0.020133,0.014745,8.548571
07/21/2019 06:08:00.000000,0.246441,13.5945,0.0204,0.009247,7.246154
07/21/2019 06:09:00.000000,0.310369,13.617,0.02085,8.63,7.17
07/21/2019 06:10:00.000000,0.301864,13.6755,0.0208,0.030123,9.87907
07/21/2019 06:11:00.000000,0.296663,13.73975,0.020675,0.017207,7.4
07/21/2019 06:12:00.000000,0.285295,13.705,0.0217,9.444186,7.674419
07/21/2019 06:13:00.000000,0.276223,13.54175,0.02215,0.011178,7.8
07/21/2019 06:14:00.000000,0.325282,13.4125,0.02195,12.281395,6.853488
07/21/2019 06:15:00.000000,0.379794,13.218,0.02265,14.321951,6.782927
07/21/2019 06:16:00.000000,0.300457,12.912,0.0237,8.965854,6.714634
07/21/2019 06:17:00.000000,0.275893,12.6145,0.02345,6.709302,6.448837
07/21/2019 06:18:00.000000,0.270017,12.28825,0.023425,0.008532,6.058537
07/21/2019 06:19:00.000000,0.277377,12.07225,0.023325,0.01499,7.105
07/21/2019 06:20:00.000000,0.280665,11.92225,0.023,0.013437,6.787805
07/21/2019 06:21:00.000000,0.274764,11.799,0.0237,0.01077,6.505714
07/21/2019 06:22:00.000000,0.262726,11.5975,0.024175,9.971429,9.671429
07/21/2019 06:23:00.000000,0.258992,11.5295,0.022825,6.7,6.7
07/21/2019 06:24:00.000000,0.266773,11.60825,0.021725,0.021519,6.768293
07/21/2019 06:25:00.000000,0.28332,11.69975,0.021825,0.011342,6.9
07/21/2019 06:26:00.000000,0.286001,11.80525,0.022425,0.009288,6.22
07/21/2019 06:27:00.000000,0.291007,11.92775,0.0221,8.962791,7.304651
07/21/2019 06:28:00.000000,0.292564,12.23275,0.0208,10.333333,8.176923
07/21/2019 06:29:00.000000,0.296625,12.59,0.019925,0.008154,6.4625
07/21/2019 06:30:00.000000,0.302205,12.74425,0.020525,0.011996,7.475
07/21/2019 06:31:00.000000,0.288693,12.78175,0.0216,12.566667,6.757143
07/21/2019 06:32:00.000000,0.27255,12.74675,0.0223,16.538462,5.923077
07/21/2019 06:33:00.000000,0.273206,12.66775,0.02275,8.682927,6.226829
07/21/2019 06:34:00.000000,0.265387,12.7005,0.022225,0.007847,5.542105
07/21/2019 06:35:00.000000,0.259594,12.73075,0.02135,0.007612,6.076923
07/21/2019 06:36:00.000000,0.260557,12.57075,0.020925,17.472093,6.45814
07/21/2019 06:37:00.000000,0.267885,12.4505,0.020475,0.008941,6.158537
07/21/2019 06:38:00.000000,0.276414,12.57125,0.020175,10.314286,5.414286
07/21/2019 06:39:00.000000,0.271025,12.722,0.01985,11.52,6.86
07/21/2019 06:40:00.000000,0.268466,12.8052,0.02038,0.02861,7.530233
07/21/2019 06:41:00.000000,0.267131,12.7518,0.0222,0.0089,5.907692
07/21/2019 06:42:00.000000,0.259659,12.583333,0.0237,0.012159,6.183333
07/21/2019 06:43:00.000000,0.24339,12.39775,0.023375,0.006672,5.190244
07/21/2019 06:44:00.000000,0.245226,12.29025,0.0223,18.345,6.36
07/21/2019 06:45:00.000000,0.253136,12.20375,0.021625,12.066667,5.742857
07/21/2019 06:46:00.000000,0.258716,11.8565,0.106575,0.027603,6.709756
07/21/2019 06:47:00.000000,0.252976,11.5385,0.2386,0.017225,7.072727
07/21/2019 06:48:00.000000,0.242114,11.42125,0.243125,0.016052,6.42
07/21/2019 06:49:00.000000,0.251416,11.46275,0.2445,,
07/21/2019 06:50:00.000000,0.430313,11.78875,0.24395,6.153488,6.153488
07/21/2019 06:51:00.000000,0.639967,12.0905,0.243675,0.012541,8.425
07/21/2019 06:52:00.000000,0.430064,12.2175,0.243525,6.5575,6.2425
07/21/2019 06:53:00.000000,0.337563,11.68725,0.24425,10.862791,7.765116
07/21/2019 06:54:00.000000,0.331257,13.8645,0.2455,0.008827,6.997826
07/21/2019 06:55:00.000000,0.371446,16.714,0.245925,0.013378,7.742857
07/21/2019 06:56:00.000000,0.382116,17.84525,0.214275,0.011817,8.671429
07/21/2019 06:57:00.000000,0.417177,16.8225,-9999.0,7.442857,7.342857
07/21/2019 06:58:00.000000,0.373736,16.548,-9999.0,0.011837,7.525
07/21/2019 06:59:00.000000,0.311804,16.163,0.00015,7.784615,7.435897
07/21/2019 07:00:00.000000,0.305928,15.79275,-9999.0,0.010633,7.065116
07/21/2019 07:01:00.000000,0.295128,15.404,0.000125,11.531707,7.256098
07/21/2019 07:02:00.000000,0.2843,15.01775,0.00075,0.012858,7.883333
07/21/2019 07:03:00.000000,0.283012,14.582,0.00095,7.780488,7.473171
07/21/2019 07:04:00.000000,0.28141,14.20375,0.000325,0.012444,7.976
07/21/2019 07:05:00.000000,0.273223,13.776,0.000325,0.015226,9.261765
07/21/2019 07:06:00.000000,0.264714,13.802,0.00045,0.055909,8.133333
07/21/2019 07:07:00.000000,0.292568,13.975,0.00015,0.024581,10.722581
07/21/2019 07:08:00.000000,0.312834,13.972,-9999.0,7.583333,7.316667
07/21/2019 07:09:00.000000,0.28688,14.0445,5e-05,29.32439,7.114634
07/21/2019 07:10:00.000000,0.293231,14.24975,0.000525,13.125,7.8425
07/21/2019 07:11:00.000000,0.314671,14.2845,0.0007,9.686047,7.397674
07/21/2019 07:12:00.000000,0.318684,14.346,0.001025,7.330769,6.961538
07/21/2019 07:13:00.000000,0.34371,14.42675,0.0007,0.01384,8.793023
07/21/2019 07:14:00.000000,0.340575,14.23175,0.0004,11.404651,8.84186
07/21/2019 07:15:00.000000,0.297172,13.88825,0.000275,11.807692,8.038462
07/21/2019 07:16:00.000000,0.275716,13.75325,0.006825,0.013361,8.094444
07/21/2019 07:17:00.000000,0.280503,13.53525,0.02795,0.023358,8.775556
07/21/2019 07:18:00.000000,0.296717,13.1855,0.019275,10.845238,8.019048
07/21/2019 07:19:00.000000,0.291773,12.927,0.018425,0.015389,8.563415
07/21/2019 07:20:00.000000,0.270275,12.645,0.01695,18.342857,7.5
07/21/2019 07:21:00.000000,0.269089,12.4305,0.016125,0.008795,6.28
07/21/2019 07:22:00.000000,0.270918,12.281,0.0159,0.009478,6.790909
07/21/2019 07:23:00.000000,0.260614,12.21725,0.01625,0.013249,6.483333
07/21/2019 07:24:00.000000,0.260555,12.14875,0.0162,0.016122,7.717073
07/21/2019 07:25:00.000000,0.269789,12.13225,0.01535,12.14878,7.985366
07/21/2019 07:26:00.000000,0.274581,12.17675,0.015225,0.01028,7.057143
07/21/2019 07:27:00.000000,0.268858,12.222,0.01645,0.009781,6.815
07/21/2019 07:28:00.000000,0.261134,12.236,0.017325,9.482979,7.410638
07/21/2019 07:29:00.000000,0.257841,12.28825,0.0182,16.585,6.905
07/21/2019 07:30:00.000000,0.293324,12.36,0.018325,0.012224,7.576471
07/21/2019 07:31:00.000000,0.336981,12.44,0.0181,0.007328,6.0325
07/21/2019 07:32:00.000000,0.298353,12.50675,0.019525,10.881818,6.909091
07/21/2019 07:33:00.000000,0.261594,12.36625,0.02275,0.011379,6.757143
07/21/2019 07:34:00.000000,0.233264,12.093,0.0246,9.616279,6.269767
07/21/2019 07:35:00.000000,0.219438,11.93575,0.0247,20.071429,5.6
07/21/2019 07:36:00.000000,0.216788,11.844,0.02435,0.038431,5.5
07/21/2019 07:37:00.000000,0.224263,11.67275,0.02485,0.028403,7.07561
07/21/2019 07:38:00.000000,0.232897,11.56575,0.024625,12.8625,7.57
07/21/2019 07:39:00.000000,0.28094,11.40125,0.0248,9.815909,6.045455
07/21/2019 07:40:00.000000,0.36171,11.21775,0.026525,0.01387,6.730769
07/21/2019 07:41:00.000000,0.354557,11.2135,0.0277,0.01014,6.471429
07/21/2019 07:42:00.000000,0.496828,11.28075,0.027375,16.4,9.46
07/21/2019 07:43:00.000000,1.064784,11.435,0.025925,0.01334,6.62
07/21/2019 07:44:00.000000,0.658683,11.87925,0.025,12.836364,6.345455
07/21/2019 07:45:00.000000,0.322137,12.33025,0.02455,0.009661,5.887805
07/21/2019 07:46:00.000000,0.325079,12.85575,0.0239,0.010395,6.312195
07/21/2019 07:47:00.000000,0.361953,13.45575,0.024225,4.86,4.53
07/21/2019 07:48:00.000000,0.362938,13.593,0.026925,12.030233,6.523256
07/21/2019 07:49:00.000000,0.277875,13.61325,0.027375,0.024112,6.395455
07/21/2019 07:50:00.000000,0.343523,13.467,0.02825,0.036372,6.642857
07/21/2019 07:51:00.000000,0.339599,13.16475,0.029175,0.020637,6.214706
07/21/2019 07:52:00.000000,0.281108,12.64575,0.0293,14.092683,5.431707
07/21/2019 07:53:00.000000,0.291514,12.13925,0.0289,21.34878,4.509756
07/21/2019 07:54:00.000000,0.325968,11.409,0.02995,10.207143,5.257143
07/21/2019 07:55:00.000000,0.284345,10.39875,0.032,0.023185,5.314286
07/21/2019 07:56:00.000000,0.233916,9.9555,0.03245,9.7,5.821053
07/21/2019 07:57:00.000000,0.236688,9.4925,0.032475,0.01813,4.442857
07/21/2019 07:58:00.000000,0.195721,9.19575,0.033,6.05,4.37
07/21/2019 07:59:00.000000,0.180329,8.8525,0.0336,7.214706,5.661765
07/21/2019 08:00:00.000000,0.187283,8.37875,0.034025,0.035496,5.613636
07/21/2019 08:01:00.000000,0.226913,7.9015,0.034333,7.854348,4.030435
07/21/2019 08:02:00.000000,0.189786,8.0955,0.033,4.1375,4.04
07/21/2019 08:03:00.000000,0.16754,8.037,0.0329,0.011659,4.618182
07/21/2019 08:04:00.000000,0.156187,7.7785,0.0348,16.529412,4.144118
07/21/2019 08:05:00.000000,0.155217,7.50525,0.035675,22.171429,4.874286
07/21/2019 08:06:00.000000,0.153639,7.25525,0.0363,21.515385,5.238462
07/21/2019 08:07:00.000000,0.141938,6.35125,0.0359,0.018731,5.828571
07/21/2019 08:08:00.000000,0.195534,6.60725,0.035325,14.011364,4.604545
07/21/2019 08:09:00.000000,0.216755,5.929,0.035825,0.010905,5.090909
07/21/2019 08:10:00.000000,0.165579,5.6105,0.03635,8.614894,5.287234
07/21/2019 08:11:00.000000,0.157721,5.669,0.036675,0.013187,6.813636
07/21/2019 08:12:00.000000,0.190475,5.6485,0.03635,0.009417,4.413333
07/21/2019 08:13:00.000000,0.193947,5.59825,0.0375,0.012229,4.0875
07/21/2019 08:14:00.000000,0.188935,5.53525,0.038325,9.451163,3.583721
07/21/2019 08:15:00.000000,0.198245,5.53325,0.03815,0.009947,4.968182
07/21/2019 08:16:00.000000,0.212534,5.5225,0.03785,0.00854,4.438462
07/21/2019 08:17:00.000000,0.182762,5.6135,0.0371,0.004647,3.35
07/21/2019 08:18:00.000000,0.18484,6.06325,0.036,18.313636,6.309091
07/21/2019 08:19:00.000000,0.210295,6.225,0.03585,7.925,4.845
07/21/2019 08:20:00.000000,0.297337,6.56125,0.035425,6.584848,4.790909
07/21/2019 08:21:00.000000,0.270974,6.632,0.036275,0.0103,4.8
07/21/2019 08:22:00.000000,0.203203,6.60975,0.0393,0.011572,4.8
07/21/2019 08:23:00.000000,0.177216,6.389,0.03945,6.774419,4.713953
07/21/2019 08:24:00.000000,0.154451,6.54025,0.037975,0.02174,5.131818
07/21/2019 08:25:00.000000,0.144793,6.519,0.037325,0.023429,3.770455
07/21/2019 08:26:00.000000,0.152752,6.2055,0.037625,0.016793,5.285
07/21/2019 08:27:00.000000,0.164915,6.27075,0.036325,4.661538,3.569231
07/21/2019 08:28:00.000000,0.182059,6.1885,0.035225,3.2,3.2
07/21/2019 08:29:00.000000,0.216546,6.080333,0.0381,0.017343,6.195238
07/21/2019 08:30:00.000000,0.227776,5.97275,0.0405,0.022371,4.985
07/21/2019 08:31:00.000000,0.265705,6.0355,0.040125,0.009303,3.753488
07/21/2019 08:32:00.000000,0.309676,5.85425,0.0398,0.013109,4.460465
07/21/2019 08:33:00.000000,0.241497,5.58325,0.040025,10.953846,4.176923
07/21/2019 08:34:00.000000,0.182929,5.30525,0.0403,0.012987,3.838462
07/21/2019 08:35:00.000000,0.154536,5.04725,0.03915,11.628571,3.716667
07/21/2019 08:36:00.000000,0.167128,4.798,0.03855,21.190244,4.612195
07/21/2019 08:37:00.000000,0.21817,4.914,0.038175,12.35,4.379545
07/21/2019 08:38:00.000000,0.257789,5.032,0.039025,0.00859,4.807692
07/21/2019 08:39:00.000000,0.220911,5.07875,0.03975,0.007287,3.957143
07/21/2019 08:40:00.000000,0.227472,5.1185,0.038975,0.005781,4.414634
07/21/2019 08:41:00.000000,0.385634,5.17925,0.038675,8.127273,4.5
07/21/2019 08:42:00.000000,0.375648,5.2815,0.038275,12.761538,4.076923
07/21/2019 08:43:00.000000,0.275228,5.33725,0.03775,20.986047,3.569767
07/21/2019 08:44:00.000000,0.219911,5.466,0.03735,5.790909,3.240909
07/21/2019 08:45:00.000000,0.184899,5.43725,0.038125,3.4625,3.455
07/21/2019 08:46:00.000000,0.165589,5.50075,0.03845,0.009669,5.869231
07/21/2019 08:47:00.000000,0.167878,5.57775,0.038825,0.011562,4.84878
07/21/2019 08:48:00.000000,0.163727,5.54225,0.039275,0.014982,4.77
07/21/2019 08:49:00.000000,0.154472,5.59525,0.03935,0.008102,3.8375
07/21/2019 08:50:00.000000,0.152917,5.77825,0.038775,9.307895,3.615789
07/21/2019 08:51:00.000000,0.167166,5.6475,0.039325,0.015857,4.79
07/21/2019 08:52:00.000000,0.193481,5.38825,0.039875,20.6,5.170732
07/21/2019 08:53:00.000000,0.174991,5.28,0.039925,0.01258,5.2
07/21/2019 08:54:00.000000,0.150224,5.14925,0.03995,0.004621,3.663415
07/21/2019 08:55:00.000000,0.139695,5.05075,0.0399,8.668293,3.741463
07/21/2019 08:56:00.000000,0.14178,5.03875,0.040125,0.014951,3.205
07/21/2019 08:57:00.000000,0.142956,4.96225,0.040125,11.8875,4.8
07/21/2019 08:58:00.000000,0.139572,4.753,0.04,0.024488,4.668182
07/21/2019 08:59:00.000000,0.159307,4.8675,0.0393,0.006015,3.567442
07/21/2019 09:00:00.000000,0.160848,5.054,0.038575,3.570732,3.570732
07/21/2019 09:01:00.000000,0.14094,5.1144,0.0397,13.584615,5.376923
07/21/2019 09:02:00.000000,0.151786,5.174,0.03965,0.012634,4.323256
07/21/2019 09:03:00.000000,0.159263,5.27675,0.039125,0.021579,4.54186
07/21/2019 09:04:00.000000,0.19133,5.36825,0.039175,0.011039,5.546512
07/21/2019 09:05:00.000000,0.223145,5.62,0.0383,6.770455,4.018182
07/21/2019 09:06:00.000000,0.179158,5.6905,0.038025,16.002564,3.617949
07/21/2019 09:07:00.000000,0.152159,5.71625,0.0384,13.285714,5.142857
07/21/2019 09:08:00.000000,0.170479,5.62375,0.03915,0.004859,3.514286
07/21/2019 09:09:00.000000,0.214019,5.6245,0.039425,3.288095,3.285714
07/21/2019 09:10:00.000000,0.228778,5.61425,0.03945,0.023033,5.014286
07/21/2019 09:11:00.000000,0.225323,5.576,0.038825,12.411364,4.522727
07/21/2019 09:12:00.000000,0.23789,5.53625,0.038075,13.559091,4.231818
07/21/2019 09:13:00.000000,0.238164,5.38375,0.038175,5.0625,3.775
07/21/2019 09:14:00.000000,0.217252,5.3825,0.038225,0.015145,4.128571
07/21/2019 09:15:00.000000,0.201787,5.4475,0.037525,8.090476,4.542857
07/21/2019 09:16:00.000000,0.206486,5.63,0.038075,7.229268,5.282927
07/21/2019 09:17:00.000000,0.21649,5.81675,0.038975,0.023429,5.656098
07/21/2019 09:18:00.000000,0.209876,6.05375,0.037625,0.010002,4.616667
07/21/2019 09:19:00.000000,0.351966,6.25125,0.037375,3.939024,3.631707
07/21/2019 09:20:00.000000,0.353386,6.39175,0.037725,0.004269,3.5
07/21/2019 09:21:00.000000,0.209719,6.505,0.03745,9.862791,5.22093
07/21/2019 09:22:00.000000,0.197188,6.61475,0.037625,0.014169,6.35
07/21/2019 09:23:00.000000,0.186099,6.76,0.035875,10.281818,5.463636
07/21/2019 09:24:00.000000,0.194367,7.223,0.033525,0.009971,4.365
07/21/2019 09:25:00.000000,0.185193,7.682,0.0337,6.292683,4.117073
07/21/2019 09:26:00.000000,0.181092,8.10475,0.034225,0.015592,5.193182
07/21/2019 09:27:00.000000,0.179093,8.356,0.03485,0.0064,4.034146
07/21/2019 09:28:00.000000,0.172692,8.569,0.0353,0.00572,3.882609
07/21/2019 09:29:00.000000,0.172923,8.67,0.0359,0.01257,4.646341
07/21/2019 09:30:00.000000,0.172333,8.64375,0.037125,0.013302,5.134884
07/21/2019 09:31:00.000000,0.163097,8.413,0.036925,15.575,6.56
07/21/2019 09:32:00.000000,0.162933,7.944,0.036,10.195455,4.986364
07/21/2019 09:33:00.000000,0.161097,7.53675,0.0363,8.86,5.6625
07/21/2019 09:34:00.000000,0.159249,7.0445,0.03615,0.01086,5.632558
07/21/2019 09:35:00.000000,0.159029,6.76875,0.035975,0.011877,4.155
07/21/2019 09:36:00.000000,0.157971,6.5545,0.036325,5.058537,4.241463
07/21/2019 09:37:00.000000,0.205002,6.53475,0.035825,9.390698,5.137209
07/21/2019 09:38:00.000000,0.643585,6.658,0.035025,20.23,5.725
07/21/2019 09:39:00.000000,0.83484,6.698,0.035325,0.011755,5.061538
07/21/2019 09:40:00.000000,0.425569,6.535,0.035925,3.492593,3.359259
07/21/2019 09:41:00.000000,0.192937,6.458,0.035725,0.007603,4.75
07/21/2019 09:42:00.000000,0.157371,6.528,0.03465,0.008794,5.87027
07/21/2019 09:43:00.000000,0.156653,6.626,0.0343,0.011131,5.131707
07/21/2019 09:44:00.000000,0.154031,6.72575,0.03455,0.008548,4.661538
07/21/2019 09:45:00.000000,0.157237,6.82125,0.033175,0.013006,5.126829
07/21/2019 09:46:00.000000,0.162299,6.9175,0.0321,11.170732,6.565854
07/21/2019 09:47:00.000000,0.166208,7.229,0.031075,0.011648,5.771429
07/21/2019 09:48:00.000000,0.175097,7.55425,0.0315,0.00554,4.325
07/21/2019 09:49:00.000000,0.174794,7.825,0.031125,0.009026,5.55122
07/21/2019 09:50:00.000000,0.170465,8.1095,0.029625,5.329268,5.117073
07/21/2019 09:51:00.000000,0.170249,8.36775,0.029775,0.009677,5.672727
07/21/2019 09:52:00.000000,0.177422,8.645,0.0289,5.371429,4.966667
07/21/2019 09:53:00.000000,0.188434,8.91425,0.0273,5.3125,5.295
07/21/2019 09:54:00.000000,0.204399,9.1385,0.026675,7.27,6.165
07/21/2019 09:55:00.000000,0.200346,9.06625,0.0271,5.053659,4.934146
07/21/2019 09:56:00.000000,0.189889,9.24875,0.0279,0.0111,6.1025
07/21/2019 09:57:00.000000,0.199635,9.3605,0.02855,7.536585,5.546341
07/21/2019 09:58:00.000000,0.206841,9.30775,0.028075,5.236585,4.887805
07/21/2019 09:59:00.000000,0.204804,9.28125,0.027075,0.009107,6.238462
07/21/2019 10:00:00.000000,0.216108,9.2105,0.0274,8.909091,5.659091
07/21/2019 10:01:00.000000,0.216962,9.01025,0.02745,0.018143,5.841463
07/21/2019 10:02:00.000000,0.057499,8.74625,0.02815,10.995238,6.164286
07/21/2019 10:03:00.000000,0.022176,8.62775,0.02795,0.00743,5.775
07/21/2019 10:04:00.000000,0.006014,8.34325,0.02785,0.010866,6.471429
07/21/2019 10:05:00.000000,0.001419,8.24175,0.02735,13.96,5.835
07/21/2019 10:06:00.000000,0.007306,8.269,0.02685,16.348837,5.95814
07/21/2019 10:07:00.000000,-9999.0,8.2475,0.02705,0.014752,6.0
07/21/2019 10:08:00.000000,-9999.0,8.26075,0.02715,0.010915,6.165
07/21/2019 10:09:00.000000,0.001204,8.3715,0.026425,10.997674,6.544186
07/21/2019 10:10:00.000000,0.004178,8.4965,0.02695,0.01008,6.683784
07/21/2019 10:11:00.000000,0.003155,8.5705,0.027325,7.805556,6.311111
07/21/2019 10:12:00.000000,0.055883,8.49575,0.0265,0.010841,6.129268
07/21/2019 10:13:00.000000,0.181145,8.59075,0.025825,0.020678,6.445455
07/21/2019 10:14:00.000000,0.235772,8.57475,0.0266,0.016424,5.636364
07/21/2019 10:15:00.000000,0.208133,8.4645,0.027175,9.757143,6.014286
07/21/2019 10:16:00.000000,0.200791,8.33775,0.027075,0.017125,5.76
07/21/2019 10:17:00.000000,0.195271,8.2205,0.026575,0.00806,5.869231
07/21/2019 10:18:00.000000,0.195349,8.309,0.0258,0.018465,8.385714
07/21/2019 10:19:00.000000,0.201673,8.41,0.025375,10.055814,6.037209
07/21/2019 10:20:00.000000,0.198195,8.61,0.0255,10.055555,6.973333
07/21/2019 10:21:00.000000,0.202812,8.56725,0.02495,0.011207,6.253488
07/21/2019 10:22:00.000000,0.211138,8.497,0.02505,0.010862,6.85
07/21/2019 10:23:00.000000,0.258029,8.5165,0.0259,15.558537,6.402439
07/21/2019 10:24:00.000000,0.234577,8.51025,0.026425,0.008364,5.115385
07/21/2019 10:25:00.000000,0.22114,8.52225,0.026025,0.010537,6.692683
07/21/2019 10:26:00.000000,0.213065,8.46025,0.025625,21.962791,6.139535
07/21/2019 10:27:00.000000,0.216505,8.381,0.0256,18.551351,6.418919
07/21/2019 10:28:00.000000,0.214912,8.2945,0.0255,0.020282,5.148276
07/21/2019 10:29:00.000000,0.208368,,,,
07/21/2019 10:30:00.000000,0.201288,8.17925,0.024567,10.809091,6.640909
07/21/2019 10:31:00.000000,0.19983,8.15575,0.024825,0.007654,5.58
07/21/2019 10:32:00.000000,0.208626,8.248,0.025,0.013785,6.59
07/21/2019 10:33:00.000000,0.227643,8.24125,0.0239,6.397436,5.812821
07/21/2019 10:34:00.000000,0.252552,8.35725,0.0233,8.661538,5.946154
07/21/2019 10:35:00.000000,0.470449,8.696,0.021975,0.032828,6.342857
07/21/2019 10:36:00.000000,0.507371,9.048,0.0215,20.5,7.9
07/21/2019 10:37:00.000000,0.367238,9.401,0.0215,0.009745,6.22093
07/21/2019 10:38:00.000000,0.304501,9.71325,0.02135,13.975,8.62
07/21/2019 10:39:00.000000,0.296881,10.0685,0.020575,9.914286,6.442857
07/21/2019 10:40:00.000000,0.371387,10.4095,0.020225,0.015004,7.285714
07/21/2019 10:41:00.000000,0.335333,10.9405,0.019875,0.008211,5.785714
07/21/2019 10:42:00.000000,0.295834,11.32625,0.01955,0.007299,6.005263
07/21/2019 10:43:00.000000,0.266396,11.452,0.01995,8.12619,6.540476
07/21/2019 10:44:00.000000,0.25765,11.596,0.02,0.03019,8.136585
07/21/2019 10:45:00.000000,0.268036,11.95225,0.019525,15.577273,7.795455
07/21/2019 10:46:00.000000,0.300505,12.5135,0.01805,10.330233,6.753488
07/21/2019 10:47:00.000000,0.298858,13.11575,0.016525,0.011841,8.136585
07/21/2019 10:48:00.000000,0.275429,13.43975,0.0169,0.009164,6.983333
07/21/2019 10:49:00.000000,0.262367,,,,
07/21/2019 10:50:00.000000,0.250178,13.4165,0.01985,10.685714,7.128571
07/21/2019 10:51:00.000000,0.263064,13.5125,0.019625,9.385714,6.228571
07/21/2019 10:52:00.000000,0.253648,13.625,0.02055,9.631818,6.445455
07/21/2019 10:53:00.000000,0.240071,13.5115,0.0211,9.864103,7.730769
07/21/2019 10:54:00.000000,0.241925,13.2155,0.02095,0.014071,7.912195
07/21/2019 10:55:00.000000,0.241099,12.80425,0.022275,0.009813,6.785714
07/21/2019 10:56:00.000000,0.239045,12.38575,0.02505,0.010249,6.986667
07/21/2019 10:57:00.000000,0.218917,12.09075,0.026175,0.006914,5.68
07/21/2019 10:58:00.000000,0.214963,11.8805,0.025275,5.226087,5.230435
07/21/2019 10:59:00.000000,0.212901,11.6285,0.023975,0.011293,6.45
07/21/2019 11:00:00.000000,0.212163,11.4795,0.0229,6.425,5.935
07/21/2019 11:01:00.000000,0.2167,13.246333,0.020525,0.010857,7.209756
07/21/2019 11:02:00.000000,0.222303,21.25725,0.01395,11.504878,7.74878
07/21/2019 11:03:00.000000,0.23226,25.47075,0.010125,0.014679,7.295455
07/21/2019 11:04:00.000000,0.243636,30.50975,0.0071,0.014112,7.027273
07/21/2019 11:05:00.000000,0.257146,29.62825,0.004925,0.017437,8.19
07/21/2019 11:06:00.000000,0.298405,30.0705,0.004375,0.018937,7.907692
07/21/2019 11:07:00.000000,0.262256,30.287,0.004375,11.515385,7.292308
07/21/2019 11:08:00.000000,0.230014,30.39575,0.004375,0.012753,6.945
07/21/2019 11:09:00.000000,0.229997,24.75175,0.007575,10.138462,7.407692
07/21/2019 11:10:00.000000,0.268536,28.25175,0.008,0.015227,8.435
07/21/2019 11:11:00.000000,0.314975,29.16175,0.005325,0.014395,7.902564
07/21/2019 11:12:00.000000,0.371825,30.71925,0.00395,0.014618,8.056098
07/21/2019 11:13:00.000000,0.617394,31.74775,0.003425,0.013301,8.355
07/21/2019 11:14:00.000000,0.728434,32.0275,0.003275,11.704651,8.818605
07/21/2019 11:15:00.000000,0.473427,32.20025,0.003025,0.016403,9.155
07/21/2019 11:16:00.000000,0.4381,32.2905,0.002375,11.335,8.605
07/21/2019 11:17:00.000000,0.415413,32.27025,0.00265,10.214286,7.471429
07/21/2019 11:18:00.000000,0.36031,32.08425,0.002775,12.375,8.235
07/21/2019 11:19:00.000000,0.345836,31.88975,0.00315,0.014943,8.143902
07/21/2019 11:20:00.000000,0.34093,31.60175,0.0036,7.795238,7.242857
07/21/2019 11:21:00.000000,0.346163,31.19825,0.0038,0.012814,7.43913
07/21/2019 11:22:00.000000,0.36763,30.6405,0.00405,0.015957,8.775
07/21/2019 11:23:00.000000,0.350759,30.10525,0.004175,0.012976,7.54878
07/21/2019 11:24:00.000000,0.291121,29.492,0.004575,0.015024,8.32
07/21/2019 11:25:00.000000,0.284187,28.8935,0.004875,10.7,7.14
07/21/2019 11:26:00.000000,0.279339,28.22025,0.00605,0.009205,6.985
07/21/2019 11:27:00.000000,0.265385,24.72075,0.009225,0.012165,8.109756
07/21/2019 11:28:00.000000,0.279173,22.4465,0.010075,0.013807,7.78
07/21/2019 11:29:00.000000,0.302558,21.31875,0.011375,7.611628,7.183721
07/21/2019 11:30:00.000000,0.284127,19.43725,0.012725,9.790909,7.604545
07/21/2019 11:31:00.000000,0.308041,16.3475,0.013825,10.902326,7.951163
07/21/2019 11:32:00.000000,0.300724,13.81175,0.01605,0.009022,6.815385
07/21/2019 11:33:00.000000,0.270847,13.59825,0.017075,9.67,6.8475
07/21/2019 11:34:00.000000,0.254307,13.53775,0.017625,9.955814,6.727907
07/21/2019 11:35:00.000000,0.244449,13.46325,0.01765,0.00809,6.1225
07/21/2019 11:36:00.000000,0.244354,13.413,0.017025,10.140476,6.942857
07/21/2019 11:37:00.000000,0.253515,13.28475,0.018,10.005263,6.678947
07/21/2019 11:38:00.000000,0.261419,13.09625,0.018225,11.005,7.365
07/21/2019 11:39:00.000000,0.262075,12.873,0.01815,10.366667,6.916667
07/21/2019 11:40:00.000000,0.250643,12.72825,0.0183,0.013524,7.395
07/21/2019 11:41:00.000000,0.254853,12.6625,0.017425,8.040476,7.414286
07/21/2019 11:42:00.000000,0.272033,12.59625,0.0178,9.169231,7.4
07/21/2019 11:43:00.000000,0.27098,12.30725,0.019625,7.897674,6.883721
07/21/2019 11:44:00.000000,0.236435,11.923,0.02065,0.008353,6.629268
07/21/2019 11:45:00.000000,0.211706,11.57825,0.020525,0.010888,6.857143
07/21/2019 11:46:00.000000,0.204024,11.3265,0.020525,9.575,6.9
07/21/2019 11:47:00.000000,0.20297,11.073,0.020275,9.258537,7.156098
07/21/2019 11:48:00.000000,0.205308,10.8945,0.01885,0.013625,7.625
07/21/2019 11:49:00.000000,0.20761,10.5395,0.018475,,
07/21/2019 11:50:00.000000,0.215709,10.1295,0.018425,0.00959,6.568293
07/21/2019 11:51:00.000000,0.223574,9.94075,0.018375,9.738462,6.7
07/21/2019 11:52:00.000000,0.224914,9.87075,0.018125,0.012875,7.041463
07/21/2019 11:53:00.000000,0.226171,9.8755,0.0178,0.014335,8.05
07/21/2019 11:54:00.000000,0.227614,9.945,0.017375,0.01105,6.097727
07/21/2019 11:55:00.000000,0.225637,9.99025,0.017475,11.157143,7.45
07/21/2019 11:56:00.000000,0.23991,9.90125,0.017125,0.015125,8.304545
07/21/2019 11:57:00.000000,0.248176,9.98325,0.0167,12.005,7.975
07/21/2019 11:58:00.000000,0.2602,10.1635,0.017325,0.009205,6.884615
07/21/2019 11:59:00.000000,0.258539,10.2545,0.0178,8.74878,7.809756
07/21/2019 12:00:00.000000,0.226301,10.25375,0.018625,0.014602,8.416667
07/21/2019 12:01:00.000000,0.203843,10.176,0.01995,0.013789,7.553488
07/21/2019 12:02:00.000000,0.191469,10.028,0.020075,8.871429,6.2
07/21/2019 12:03:00.000000,0.200595,9.967,0.0189,0.010529,6.5775
07/21/2019 12:04:00.000000,0.212336,9.966,0.01905,8.9625,6.275
07/21/2019 12:05:00.000000,0.213154,9.86575,0.019625,6.004762,5.685714
07/21/2019 12:06:00.000000,0.210807,9.7645,0.0183,10.289474,7.115789
07/21/2019 12:07:00.000000,0.236258,9.915,0.01625,0.013566,7.4825
07/21/2019 12:08:00.000000,0.253295,10.169,0.016125,11.971429,8.0
07/21/2019 12:09:00.000000,0.249367,10.4725,0.0158,0.012878,7.104878
07/21/2019 12:10:00.000000,0.254902,10.995,0.01405,10.216667,6.816667
07/21/2019 12:11:00.000000,0.263792,11.606,0.01435,0.013404,7.568293
07/21/2019 12:12:00.000000,0.262041,11.952,0.015725,11.2,7.528571
07/21/2019 12:13:00.000000,0.258502,12.27775,0.0159,0.010975,5.986364
07/21/2019 12:14:00.000000,0.245595,12.4945,0.016575,9.565854,6.382927
07/21/2019 12:15:00.000000,0.224121,12.7095,0.0164,0.011582,7.594737
07/21/2019 12:16:00.000000,0.217933,12.4415,0.018175,6.06,5.72
07/21/2019 12:17:00.000000,0.210432,12.062,0.018775,0.010772,6.232558
07/21/2019 12:18:00.000000,0.239765,11.4585,0.017525,0.011866,6.57
07/21/2019 12:19:00.000000,0.231243,10.681,0.018725,9.095238,5.914286
07/21/2019 12:20:00.000000,0.202834,10.0495,0.019275,9.790244,6.739024
07/21/2019 12:21:00.000000,0.189759,9.45725,0.01915,6.16,5.71
07/21/2019 12:22:00.000000,0.185626,8.9695,0.019025,0.015996,7.036585
07/21/2019 12:23:00.000000,0.200922,8.2725,0.018775,0.016341,7.385366
07/21/2019 12:24:00.000000,0.229449,8.08875,0.0185,0.014214,6.371429
07/21/2019 12:25:00.000000,0.221544,7.9875,0.0183,0.008889,6.375
07/21/2019 12:26:00.000000,0.21724,7.85575,0.018075,0.01063,6.810256
07/21/2019 12:27:00.000000,0.220987,7.924,0.0179,6.48,6.05
07/21/2019 12:28:00.000000,0.209762,7.981,0.017875,0.011845,6.967647
07/21/2019 12:29:00.000000,0.20128,8.26725,0.017075,9.523684,7.673684
07/21/2019 12:30:00.000000,0.206431,8.5125,0.01725,7.890476,6.342857
07/21/2019 12:31:00.000000,0.228054,8.636,0.018075,8.125,6.695
07/21/2019 12:32:00.000000,0.233656,8.8275,0.017125,0.016867,7.984615
07/21/2019 12:33:00.000000,0.248571,9.02225,0.01615,7.114286,6.142857
07/21/2019 12:34:00.000000,0.224851,9.26525,0.015525,0.010513,6.134884
07/21/2019 12:35:00.000000,0.227214,9.361,0.0158,0.023874,7.228571
07/21/2019 12:36:00.000000,0.280145,9.81925,0.01465,8.857143,6.971429
07/21/2019 12:37:00.000000,0.32649,10.10575,0.013725,8.271429,7.242857
07/21/2019 12:38:00.000000,0.337597,10.553,0.0132,17.05,7.040909
07/21/2019 12:39:00.000000,0.318206,11.004,0.01225,29.764286,7.6
07/21/2019 12:40:00.000000,0.49923,17.774,0.010175,0.01841,7.527273
07/21/2019 12:41:00.000000,0.49263,15.2005,0.009775,14.622222,7.111111
07/21/2019 12:42:00.000000,0.314998,12.06675,0.0112,0.011303,7.355
07/21/2019 12:43:00.000000,0.240101,11.79125,0.01215,9.187097,7.012903
07/21/2019 12:44:00.000000,0.293606,11.60025,0.011975,8.042857,6.614286
07/21/2019 12:45:00.000000,0.396804,11.74825,0.012,0.016221,7.539024
07/21/2019 12:46:00.000000,0.268975,11.63225,0.013,11.42,7.19
07/21/2019 12:47:00.000000,0.233766,11.3035,0.01265,0.014516,8.557143
07/21/2019 12:48:00.000000,0.312619,15.53275,0.011025,11.743902,7.34878
07/21/2019 12:49:00.000000,0.310279,12.71525,0.011275,13.05625,8.45625
07/21/2019 12:50:00.000000,0.255074,11.62425,0.011225,8.145714,7.82
07/21/2019 12:51:00.000000,0.228666,11.5225,0.0117,13.579487,7.969231
07/21/2019 12:52:00.000000,0.214637,11.43425,0.012675,0.008943,6.881395
07/21/2019 12:53:00.000000,0.205024,11.411,0.0125,12.271429,7.783333
07/21/2019 12:54:00.000000,0.203852,11.3545,0.012125,0.012171,7.569767
07/21/2019 12:55:00.000000,0.203049,11.31225,0.01135,0.008811,7.075
07/21/2019 12:56:00.000000,0.204689,11.29725,0.0116,0.007867,6.483721
07/21/2019 12:57:00.000000,0.244813,11.313,0.011425,9.669767,7.862791
07/21/2019 12:58:00.000000,0.453323,11.40725,0.01195,0.01176,7.331707
07/21/2019 12:59:00.000000,0.361823,11.317,0.013175,9.428571,7.628571
07/21/2019 13:00:00.000000,0.236409,11.38725,0.0126,0.025027,8.302326
07/21/2019 13:01:00.000000,0.280864,11.48725,0.0113,0.014168,8.148837
07/21/2019 13:02:00.000000,0.267154,11.70075,0.01075,6.573171,6.307317
07/21/2019 13:03:00.000000,0.259809,11.752,0.011725,0.015389,9.514286
07/21/2019 13:04:00.000000,0.228607,11.6035,0.01295,0.008845,7.21
07/21/2019 13:05:00.000000,0.204397,11.2875,0.014,0.011297,7.088235
07/21/2019 13:06:00.000000,0.201865,11.119,0.012575,11.55122,7.697561
07/21/2019 13:07:00.000000,0.41206,11.19875,0.012425,0.009374,7.3
07/21/2019 13:08:00.000000,0.558534,11.05425,0.013725,8.797619,7.2
07/21/2019 13:09:00.000000,0.366244,10.71075,0.01465,10.307692,7.961538
07/21/2019 13:10:00.000000,0.241909,10.24075,0.0149,7.015,6.6975
07/21/2019 13:11:00.000000,0.198518,9.9815,0.014525,8.344186,7.432558
07/21/2019 13:12:00.000000,0.208343,10.01425,0.01415,12.697436,9.207692
07/21/2019 13:13:00.000000,0.225023,9.9365,0.013375,8.137209,7.65814
07/21/2019 13:14:00.000000,0.337165,15.35675,0.011875,18.739024,7.54878
07/21/2019 13:15:00.000000,0.332158,13.405,0.011675,10.414286,7.771429
07/21/2019 13:16:00.000000,0.251778,9.76725,0.013625,0.011633,7.548837
07/21/2019 13:17:00.000000,0.210063,8.457,0.0147,8.278571,6.728571
07/21/2019 13:18:00.000000,0.190994,9.518,0.0132,0.013252,7.760976
07/21/2019 13:19:00.000000,0.221503,9.03525,0.013525,11.454545,6.963636
07/21/2019 13:20:00.000000,0.407256,8.56125,0.0148,0.01371,7.995122
07/21/2019 13:21:00.000000,0.346168,8.6635,0.014725,0.010544,7.257143
07/21/2019 13:22:00.000000,0.232681,8.737,0.0145,10.954762,7.014286
07/21/2019 13:23:00.000000,0.206797,8.76475,0.015175,0.008651,6.748837
07/21/2019 13:24:00.000000,0.219534,8.77975,0.015925,9.17561,7.297561
07/21/2019 13:25:00.000000,0.233272,8.77425,0.016275,8.815385,7.992308
07/21/2019 13:26:00.000000,0.242036,8.7495,0.0162,0.012977,8.683333
07/21/2019 13:27:00.000000,0.237247,8.659,0.01705,6.610811,6.286486
07/21/2019 13:28:00.000000,0.244865,8.36575,0.019275,6.188235,6.188235
07/21/2019 13:29:00.000000,0.223262,8.035,0.018875,7.668182,6.804545
07/21/2019 13:30:00.000000,0.193681,7.8335,0.018525,7.188889,6.641667
07/21/2019 13:31:00.000000,0.184415,7.59125,0.018725,7.359091,6.684091
07/21/2019 13:32:00.000000,0.179526,7.38575,0.018825,12.957895,8.552632
07/21/2019 13:33:00.000000,0.181674,7.1765,0.01895,11.95,8.128571
07/21/2019 13:34:00.000000,0.17945,6.896,0.019325,0.008479,6.725
07/21/2019 13:35:00.000000,0.184163,6.77975,0.019125,0.008173,6.672093
07/21/2019 13:36:00.000000,0.19946,6.863,0.01845,10.456098,9.17561
07/21/2019 13:37:00.000000,0.197228,6.9685,0.0176,16.875,7.73
07/21/2019 13:38:00.000000,0.191468,6.9655,0.017475,0.015613,7.74
07/21/2019 13:39:00.000000,0.19138,6.99325,0.0179,0.008439,6.604878
07/21/2019 13:40:00.000000,0.187707,6.9775,0.018175,0.007388,6.058537
07/21/2019 13:41:00.000000,0.185393,6.954,0.019125,0.015112,6.846154
07/21/2019 13:42:00.000000,0.181657,6.96825,0.019325,8.7,6.742857
07/21/2019 13:43:00.000000,0.182801,6.872,0.019275,5.95122,5.787805
07/21/2019 13:44:00.000000,0.186571,6.82525,0.019175,0.008665,6.965854
07/21/2019 13:45:00.000000,0.199978,6.766,0.01945,6.52,6.52
07/21/2019 13:46:00.000000,0.217547,6.66775,0.01985,9.44,6.4
07/21/2019 13:47:00.000000,0.198041,6.618,0.02005,12.562791,6.744186
07/21/2019 13:48:00.000000,0.199028,6.6165,0.0198,0.011449,6.8
07/21/2019 13:49:00.000000,0.213946,6.5125,0.020625,0.008133,5.871111
07/21/2019 13:50:00.000000,0.21346,6.30075,0.02175,9.473171,7.358537
07/21/2019 13:51:00.000000,0.189582,6.11625,0.021825,0.01004,5.9
07/21/2019 13:52:00.000000,0.188379,5.7605,0.021975,0.010862,5.686364
07/21/2019 13:53:00.000000,0.18408,5.374,0.0212,0.006555,5.1
07/21/2019 13:54:00.000000,0.225565,5.06425,0.020975,0.009848,5.602326
07/21/2019 13:55:00.000000,0.205471,6.917,0.02085,0.008535,5.867442
07/21/2019 13:56:00.000000,0.188892,6.4105,0.0205,0.01142,6.071429
07/21/2019 13:57:00.000000,0.182411,5.19525,0.0205,11.514286,7.385714
07/21/2019 13:58:00.000000,0.174906,5.85625,0.020125,0.012696,7.0
07/21/2019 13:59:00.000000,0.176225,5.59575,0.0199,7.014634,6.131707
07/21/2019 14:00:00.000000,0.18341,5.607,0.019725,9.235294,6.094118
07/21/2019 14:01:00.000000,0.235972,5.6905,0.019275,5.725,5.335
07/21/2019 14:02:00.000000,0.270559,5.7795,0.019,0.017238,5.605405
07/21/2019 14:03:00.000000,0.211033,5.82725,0.01905,11.027778,7.311111
07/21/2019 14:04:00.000000,0.196369,5.82225,0.01985,0.007291,5.545714
07/21/2019 14:05:00.000000,0.195096,5.80575,0.019625,8.966667,7.033333
07/21/2019 14:06:00.000000,0.190557,5.78625,0.01935,11.438095,7.742857
07/21/2019 14:07:00.000000,0.206582,5.864,0.01965,0.010992,5.836585
07/21/2019 14:08:00.000000,0.213416,5.841,0.019925,0.008733,5.982927
07/21/2019 14:09:00.000000,0.216123,,,,
07/21/2019 14:10:00.000000,0.210064,6.05925,0.018575,11.59375,6.509375
07/21/2019 14:11:00.000000,0.211492,6.36825,0.0195,12.638095,7.719048
07/21/2019 14:12:00.000000,0.21908,6.54925,0.01955,0.012179,6.570732
07/21/2019 14:13:00.000000,0.198168,6.50825,0.020475,0.018879,5.552381
07/21/2019 14:14:00.000000,0.186816,6.4775,0.020625,7.451429,5.16
07/21/2019 14:15:00.000000,0.204872,6.37725,0.020075,0.008613,5.807143
07/21/2019 14:16:00.000000,0.196577,6.442,0.020525,9.570732,6.426829
07/21/2019 14:17:00.000000,0.189312,6.1905,0.020125,0.006924,5.05
07/21/2019 14:18:00.000000,0.199693,6.10075,0.019325,0.025747,6.108696
07/21/2019 14:19:00.000000,0.226498,5.21125,0.018375,20.245,6.5825
07/21/2019 14:20:00.000000,0.215953,8.03525,0.017275,9.7,5.161538
07/21/2019 14:21:00.000000,0.198512,6.94225,0.018975,8.1625,4.9875
07/21/2019 14:22:00.000000,0.218735,6.58625,0.01995,11.685,6.275
07/21/2019 14:23:00.000000,0.31214,7.39325,0.020225,0.014608,7.755814
07/21/2019 14:24:00.000000,0.329683,7.1665,0.0208,0.010621,6.697368
07/21/2019 14:25:00.000000,0.236757,6.95925,0.021025,0.007461,5.628205
07/21/2019 14:26:00.000000,0.19676,6.784,0.021075,0.01261,6.446512
07/21/2019 14:27:00.000000,0.201855,6.612,0.021175,11.589474,5.084211
07/21/2019 14:28:00.000000,0.203201,6.4115,0.02135,0.010239,5.46
07/21/2019 14:29:00.000000,0.195496,6.21525,0.022125,0.013943,6.782222
07/21/2019 14:30:00.000000,0.188043,5.99125,0.02205,10.292308,6.175
07/21/2019 14:31:00.000000,0.190978,5.89425,0.022225,0.009481,5.225581
07/21/2019 14:32:00.000000,0.199789,5.923,0.0226,7.953659,5.697561
07/21/2019 14:33:00.000000,0.193754,5.88,0.02275,0.015441,5.106667
07/21/2019 14:34:00.000000,0.186102,5.838,0.02295,0.007439,4.581395
07/21/2019 14:35:00.000000,0.188936,5.85825,0.0227,9.26,6.965
07/21/2019 14:36:00.000000,0.201401,5.8705,0.023475,0.010036,5.240909
07/21/2019 14:37:00.000000,0.193129,5.889,0.02405,9.42,5.506667
07/21/2019 14:38:00.000000,0.197958,6.00075,0.0233,5.675,5.175
07/21/2019 14:39:00.000000,0.212855,6.0535,0.023525,0.007532,5.442857
07/21/2019 14:40:00.000000,0.214349,6.09825,0.024,0.010787,5.755
07/21/2019 14:41:00.000000,0.227244,6.50025,0.0231,11.914706,6.576471
07/21/2019 14:42:00.000000,0.282639,8.369,0.022,11.913636,8.029545
07/21/2019 14:43:00.000000,0.254581,6.6935,0.0225,11.9,6.84878
07/21/2019 14:44:00.000000,0.213114,6.15925,0.023925,0.014185,5.41
07/21/2019 14:45:00.000000,0.204476,5.75325,0.02516,0.013287,6.294118
07/21/2019 14:46:00.000000,0.244409,5.8795,0.0248,0.022333,5.736585
07/21/2019 14:47:00.000000,0.296333,6.156,0.0244,7.072222,5.169444
07/21/2019 14:48:00.000000,0.260884,6.42275,0.0249,4.809091,4.809091
07/21/2019 14:49:00.000000,0.258677,,0.0259,,
07/21/2019 14:50:00.000000,0.26581,6.7995,0.025875,0.007384,5.204878
07/21/2019 14:51:00.000000,0.327061,6.944,0.025425,0.009413,5.67027
07/21/2019 14:52:00.000000,0.249436,7.0185,0.0262,5.236364,4.959091
07/21/2019 14:53:00.000000,0.200983,6.9995,0.026,0.009371,4.884615
07/21/2019 14:54:00.000000,0.214067,9.109,0.02484,4.910345,4.803448
07/21/2019 14:55:00.000000,0.295384,8.20225,0.024933,5.697436,5.323077
07/21/2019 14:56:00.000000,0.295446,7.54975,0.02636,0.005815,4.566667
07/21/2019 14:57:00.000000,0.324297,7.52125,0.025967,0.013994,5.5375
07/21/2019 14:58:00.000000,0.35812,7.9045,0.02485,0.014867,5.53
07/21/2019 14:59:00.000000,0.388733,7.81275,0.02625,8.516279,5.75814
07/21/2019 15:00:00.000000,0.256812,7.49775,0.02955,0.006493,4.789474
07/21/2019 15:01:00.000000,0.190933,7.20425,0.029475,0.007666,5.026829
07/21/2019 15:02:00.000000,0.185816,6.9005,0.028925,0.006322,4.931579
07/21/2019 15:03:00.000000,0.201472,6.7595,0.028475,9.168293,4.982927
07/21/2019 15:04:00.000000,0.297144,6.675,0.0279,5.597674,4.913953
07/21/2019 15:05:00.000000,0.29775,6.44425,0.0285,5.6,5.155
07/21/2019 15:06:00.000000,0.23055,5.9415,0.029275,8.463636,6.322727
07/21/2019 15:07:00.000000,0.192604,5.791,0.029575,0.009481,5.037209
07/21/2019 15:08:00.000000,0.185668,5.82175,0.0302,4.968421,4.626316
07/21/2019 15:09:00.000000,0.20848,,,,
07/21/2019 15:10:00.000000,0.21268,5.8605,0.031175,0.006134,4.75
07/21/2019 15:11:00.000000,0.20945,5.73725,0.030975,0.005924,4.7
07/21/2019 15:12:00.000000,0.209288,5.493,0.03124,8.489474,5.710526
07/21/2019 15:13:00.000000,0.198171,5.379,0.031133,0.009718,6.242857
07/21/2019 15:14:00.000000,0.228069,5.39525,0.03085,8.714286,6.55
07/21/2019 15:15:00.000000,0.23914,8.56925,0.03145,8.478947,6.347368
07/21/2019 15:16:00.000000,0.252876,6.1135,0.03175,9.721429,6.9
07/21/2019 15:17:00.000000,0.260313,5.634,0.032325,0.006573,5.15814
07/21/2019 15:18:00.000000,0.259383,4.805,0.032625,7.86,5.055
07/21/2019 15:19:00.000000,0.199735,4.61825,0.033825,8.852381,6.245238
07/21/2019 15:20:00.000000,0.179578,4.65175,0.03334,0.009583,5.646512
07/21/2019 15:21:00.000000,0.183678,4.7695,0.032,0.021548,4.907692
07/21/2019 15:22:00.000000,0.20653,4.91425,0.03205,0.011115,5.142857
07/21/2019 15:23:00.000000,0.230836,5.028,0.03255,4.986364,4.681818
07/21/2019 15:24:00.000000,0.233944,5.064,0.0332,0.01326,6.055882
07/21/2019 15:25:00.000000,0.315316,5.29575,0.032425,9.0875,5.53125
07/21/2019 15:26:00.000000,0.537426,5.6155,0.0313,0.012536,5.884848
07/21/2019 15:27:00.000000,0.40559,5.85475,0.030867,0.012956,6.41
07/21/2019 15:28:00.000000,0.243202,7.04625,0.03125,0.007874,4.851515
07/21/2019 15:29:00.000000,0.218292,,,,
07/21/2019 15:30:00.000000,0.211704,7.15775,0.030275,0.014823,5.904545
07/21/2019 15:31:00.000000,0.196032,6.1525,0.031375,6.5,5.5
07/21/2019 15:32:00.000000,0.187964,5.39675,0.032825,8.130952,4.959524
07/21/2019 15:33:00.000000,0.19148,5.7275,0.0323,0.010041,5.234884
07/21/2019 15:34:00.000000,0.280741,5.985,0.03125,16.092857,5.985714
07/21/2019 15:35:00.000000,0.270181,6.02525,0.032225,0.007484,5.090909
07/21/2019 15:36:00.000000,0.228188,5.97175,0.03355,15.909524,5.790476
07/21/2019 15:37:00.000000,0.197483,5.90025,0.034025,12.507895,6.505263
07/21/2019 15:38:00.000000,0.187469,5.82175,0.0348,0.010021,5.485714
07/21/2019 15:39:00.000000,0.196103,5.66275,0.03615,0.010179,6.405
07/21/2019 15:40:00.000000,0.183016,5.547,0.0366,5.518605,5.260465
07/21/2019 15:41:00.000000,0.190484,5.162,0.036575,0.008989,5.257143
07/21/2019 15:42:00.000000,0.209819,4.832,0.037175,0.008536,5.641463
07/21/2019 15:43:00.000000,0.389471,5.044333,0.035675,0.008895,5.36087
07/21/2019 15:44:00.000000,0.426531,4.96425,0.037925,0.006661,4.961538
07/21/2019 15:45:00.000000,0.221364,5.066,0.03895,0.009043,5.402326
07/21/2019 15:46:00.000000,0.187303,5.1915,0.03825,0.011509,6.785714
07/21/2019 15:47:00.000000,0.203541,5.352,0.039025,0.037138,4.746667
07/21/2019 15:48:00.000000,0.268323,5.3865,0.038675,0.016084,4.74
07/21/2019 15:49:00.000000,0.223961,,,,
07/21/2019 15:50:00.000000,0.198922,5.84075,0.03735,0.008421,5.328571
07/21/2019 15:51:00.000000,0.204932,5.66775,0.037675,5.682927,5.4
07/21/2019 15:52:00.000000,0.210642,5.8385,0.037475,0.007368,5.731707
07/21/2019 15:53:00.000000,0.197331,5.82175,0.037025,0.012294,7.12
07/21/2019 15:54:00.000000,0.20357,6.09,0.0358,0.018105,6.285714
07/21/2019 15:55:00.000000,0.236122,6.5255,0.034975,8.163415,6.356098
07/21/2019 15:56:00.000000,0.225507,6.995,0.03475,0.008358,6.4
07/21/2019 15:57:00.000000,0.212333,7.35175,0.034475,10.211628,6.227907
07/21/2019 15:58:00.000000,0.235867,7.562,0.03405,16.760976,7.053659
07/21/2019 15:59:00.000000,0.257947,8.01925,0.034375,0.010392,6.366667
07/21/2019 16:00:00.000000,0.265302,8.6135,0.0337,0.007871,6.2
07/21/2019 16:01:00.000000,0.232455,9.475,0.03295,9.971429,7.314286
07/21/2019 16:02:00.000000,0.076405,9.828,0.0333,20.2,6.635135
07/21/2019 16:03:00.000000,0.034443,10.1725,0.0346,10.85,7.18
07/21/2019 16:04:00.000000,0.01566,10.535,0.034575,0.008831,6.62
07/21/2019 16:05:00.000000,0.014489,10.74775,0.035625,0.024513,7.320513
07/21/2019 16:06:00.000000,0.013098,10.77075,0.037525,12.233333,5.856667
07/21/2019 16:07:00.000000,0.013835,10.8715,0.03765,0.010862,6.657143
07/21/2019 16:08:00.000000,0.014369,10.8265,0.03765,0.008643,6.629268
07/21/2019 16:09:00.000000,0.015907,,,,
07/21/2019 16:10:00.000000,0.017131,10.72975,0.03835,7.446341,6.846341
07/21/2019 16:11:00.000000,0.010884,10.72375,0.0382,0.013905,7.895122
07/21/2019 16:12:00.000000,0.048342,10.65175,0.039825,0.011792,8.013953
07/21/2019 16:13:00.000000,0.170159,10.77625,0.040075,14.835,8.085
07/21/2019 16:14:00.000000,0.25249,10.88225,0.03925,8.764286,6.75
07/21/2019 16:15:00.000000,0.22382,10.90425,0.039625,0.015427,7.513953
07/21/2019 16:16:00.000000,0.206392,10.91675,0.04025,0.030621,9.593023
07/21/2019 16:17:00.000000,0.214723,10.82725,0.0401,0.012341,6.912195
07/21/2019 16:18:00.000000,0.246853,10.68625,0.0403,0.016251,7.168293
07/21/2019 16:19:00.000000,0.23844,10.4415,0.041375,9.270732,7.641463
07/21/2019 16:20:00.000000,0.222596,10.302,0.04058,0.017455,8.230233
07/21/2019 16:21:00.000000,0.226665,10.151667,0.040025,0.026479,7.365
07/21/2019 16:22:00.000000,0.23027,10.06725,0.041625,13.0,6.605
07/21/2019 16:23:00.000000,0.254996,9.77,0.043675,0.01325,6.076923
07/21/2019 16:24:00.000000,0.241922,9.798,0.04325,0.012838,6.387879
07/21/2019 16:25:00.000000,0.254016,10.7765,0.04095,6.075,5.635
07/21/2019 16:26:00.000000,0.262072,9.05175,0.0419,0.010155,6.097561
07/21/2019 16:27:00.000000,0.253298,12.60125,0.04205,17.92619,5.6
07/21/2019 16:28:00.000000,0.228755,9.73425,0.042025,22.014706,8.217647
07/21/2019 16:29:00.000000,0.211405,12.524,0.040975,11.985,8.3
07/21/2019 16:30:00.000000,0.207544,14.85425,0.04075,8.55,7.289474
07/21/2019 16:31:00.000000,0.205653,9.723,0.042775,0.013197,7.877273
07/21/2019 16:32:00.000000,0.264712,8.287,0.04525,6.307143,6.083333
07/21/2019 16:33:00.000000,0.261701,6.14675,0.048125,8.797674,6.388372
07/21/2019 16:34:00.000000,0.188833,6.08325,0.0489,0.020905,6.416216
07/21/2019 16:35:00.000000,0.18063,6.0905,0.048425,0.021561,5.723077
07/21/2019 16:36:00.000000,0.192613,6.10475,0.047625,9.572093,6.437209
07/21/2019 16:37:00.000000,0.1919,6.04,0.04775,6.284615,6.007692
07/21/2019 16:38:00.000000,0.182873,5.966,0.048425,0.011405,6.909091
07/21/2019 16:39:00.000000,0.196967,5.96775,0.047975,16.940909,6.15
07/21/2019 16:40:00.000000,0.215327,6.02775,0.0473,13.869231,7.394872
07/21/2019 16:41:00.000000,0.262473,6.105,0.0476,22.661538,8.8
07/21/2019 16:42:00.000000,0.317025,6.48125,0.047575,11.65,8.416667
07/21/2019 16:43:00.000000,0.381636,6.7015,0.048325,0.022873,7.713953
07/21/2019 16:44:00.000000,0.253209,6.94875,0.0478,0.011278,6.75
07/21/2019 16:45:00.000000,0.204224,7.2965,0.047875,0.009458,7.371429
07/21/2019 16:46:00.000000,0.216985,7.723,0.047825,0.01515,7.585714
07/21/2019 16:47:00.000000,0.244419,8.07425,0.047775,13.860465,7.255814
07/21/2019 16:48:00.000000,0.231162,8.40975,0.0481,11.518182,6.854545
07/21/2019 16:49:00.000000,0.20851,,,,
07/21/2019 16:50:00.000000,0.198412,8.6295,0.047025,0.020143,8.130233
07/21/2019 16:51:00.000000,0.191185,8.624,0.0481,23.873171,6.663415
07/21/2019 16:52:00.000000,0.189023,8.43025,0.048925,9.7375,6.48
07/21/2019 16:53:00.000000,0.18548,8.2295,0.049,0.014175,7.853846
07/21/2019 16:54:00.000000,0.224334,9.2915,0.048325,12.356098,8.014634
07/21/2019 16:55:00.000000,0.256744,9.51025,0.048275,7.804651,7.311628
07/21/2019 16:56:00.000000,0.242496,8.95225,0.0474,13.366667,7.2
07/21/2019 16:57:00.000000,0.221412,8.141,0.0475,0.025539,9.163415
07/21/2019 16:58:00.000000,0.219561,8.28075,0.04705,0.024276,8.94
07/21/2019 16:59:00.000000,0.263006,8.38525,0.047025,14.536364,9.575758
07/21/2019 17:00:00.000000,0.23925,8.43375,0.0484,8.62,7.815
07/21/2019 17:01:00.000000,0.224547,8.489,0.049825,0.010932,6.709756
07/21/2019 17:02:00.000000,0.210734,8.74075,0.0492,0.00804,6.169767
07/21/2019 17:03:00.000000,0.252491,8.78175,0.0503,6.716667,6.614286
07/21/2019 17:04:00.000000,0.278395,8.71875,0.050375,0.017616,6.7
07/21/2019 17:05:00.000000,0.239296,8.642,0.0497,0.009693,6.9475
07/21/2019 17:06:00.000000,0.211998,8.483,0.05065,0.011825,7.085366
07/21/2019 17:07:00.000000,0.199592,8.1665,0.051525,6.6125,6.25
07/21/2019 17:08:00.000000,0.178709,7.8815,0.0527,14.453659,7.12439
07/21/2019 17:09:00.000000,0.179672,7.86175,0.0511,10.24186,7.802326
07/21/2019 17:10:00.000000,0.216316,7.56325,0.05105,0.01356,7.464103
07/21/2019 17:11:00.000000,0.212737,7.382,0.0527,0.011165,6.723077
07/21/2019 17:12:00.000000,0.184556,7.154,0.053575,0.013845,7.365
07/21/2019 17:13:00.000000,0.180817,6.8405,0.055325,10.483333,7.157143
07/21/2019 17:14:00.000000,0.17388,6.54725,0.05565,8.42093,7.1
07/21/2019 17:15:00.000000,0.166555,6.4625,0.0548,15.7125,8.035
07/21/2019 17:16:00.000000,0.194443,7.49925,0.05455,0.00982,7.133333
07/21/2019 17:17:00.000000,0.314605,8.0985,0.05305,15.521951,7.497561
07/21/2019 17:18:00.000000,0.303532,8.24575,0.05195,0.016003,7.988571
07/21/2019 17:19:00.000000,0.287044,6.192,0.052967,8.465854,7.060976
07/21/2019 17:20:00.000000,0.215062,5.99025,0.056025,0.009493,6.813953
07/21/2019 17:21:00.000000,0.168839,6.02625,0.055725,0.027619,7.65
07/21/2019 17:22:00.000000,0.172381,6.08875,0.0553,12.035,7.205
07/21/2019 17:23:00.000000,0.173049,6.28325,0.055075,9.808824,8.070588
07/21/2019 17:24:00.000000,0.199841,6.8135,0.053975,15.3,6.766667
07/21/2019 17:25:00.000000,0.236761,7.1,0.05405,10.429268,7.012195
07/21/2019 17:26:00.000000,0.253199,7.322,0.05455,11.057143,7.266667
07/21/2019 17:27:00.000000,0.241597,9.37075,0.05415,16.123077,7.3
07/21/2019 17:28:00.000000,0.214957,7.9445,0.054325,7.95122,6.531707
07/21/2019 17:29:00.000000,0.207283,8.61575,0.0556,0.011661,7.082927
07/21/2019 17:30:00.000000,0.293312,9.23225,0.0567,0.032071,9.145946
07/21/2019 17:31:00.000000,0.324889,10.653,0.05575,11.685714,7.516667
07/21/2019 17:32:00.000000,0.292352,8.29175,0.055825,0.013942,6.930769
07/21/2019 17:33:00.000000,0.222008,10.525,0.055975,0.014145,6.558537
07/21/2019 17:34:00.000000,0.19409,7.733,0.056275,11.270732,7.246341
07/21/2019 17:35:00.000000,0.184354,7.79575,0.057675,0.023251,7.234146
07/21/2019 17:36:00.000000,0.192991,8.7255,0.0571,8.785,7.035
07/21/2019 17:37:00.000000,0.19409,8.59925,0.057475,0.014276,8.109756
07/21/2019 17:38:00.000000,0.180161,8.78225,0.056075,0.013714,7.873171
07/21/2019 17:39:00.000000,0.198343,8.91875,0.053575,0.014102,6.942857
07/21/2019 17:40:00.000000,0.197255,8.8165,0.055275,22.709756,8.507317
07/21/2019 17:41:00.000000,0.183338,8.6635,0.057725,25.288636,8.295455
07/21/2019 17:42:00.000000,0.17923,8.55875,0.057925,9.626667,7.333333
07/21/2019 17:43:00.000000,0.18888,8.4565,0.058275,15.116279,9.093023
07/21/2019 17:44:00.000000,0.185316,7.5495,0.05665,0.022535,8.805
07/21/2019 17:45:00.000000,0.219671,12.4665,0.053125,0.032379,6.642857
07/21/2019 17:46:00.000000,0.268694,10.8175,0.054425,0.033261,7.133333
07/21/2019 17:47:00.000000,0.260609,9.776,0.05615,12.730769,7.710256
07/21/2019 17:48:00.000000,0.209462,8.05775,0.05695,0.012191,7.714634
07/21/2019 17:49:00.000000,0.18455,10.7335,0.056475,11.625,7.4525
07/21/2019 17:50:00.000000,0.312425,11.9175,0.054725,21.731707,6.321951
07/21/2019 17:51:00.000000,0.317685,11.53725,0.055675,0.010556,6.692308
07/21/2019 17:52:00.000000,0.249008,11.33425,0.056025,0.017927,8.336585
07/21/2019 17:53:00.000000,0.237564,10.9905,0.056275,0.011856,6.925581
07/21/2019 17:54:00.000000,0.210578,10.52925,0.05765,0.014504,7.368293
07/21/2019 17:55:00.000000,0.194776,10.013,0.05845,9.317073,7.670732
07/21/2019 17:56:00.000000,0.208452,9.513,0.058775,0.019905,7.014286
07/21/2019 17:57:00.000000,0.364239,9.07875,0.058375,0.01377,7.497561
07/21/2019 17:58:00.000000,0.492588,8.92375,0.058125,10.388571,6.537143
07/21/2019 17:59:00.000000,0.280563,8.9775,0.05835,13.271795,8.14359
07/21/2019 18:00:00.000000,0.217174,8.862,0.058225,0.046243,7.38
07/21/2019 18:01:00.000000,0.206622,8.86675,0.05665,15.246341,7.039024
07/21/2019 18:02:00.000000,0.18666,8.891,0.057075,0.00907,6.746154
07/21/2019 18:03:00.000000,0.194538,9.04025,0.0586,11.1475,6.61
07/21/2019 18:04:00.000000,0.222229,9.19025,0.058875,0.01444,7.62
07/21/2019 18:05:00.000000,0.214355,9.41425,0.0588,0.022606,8.316279
07/21/2019 18:06:00.000000,0.214862,9.55175,0.0582,14.234884,8.572093
07/21/2019 18:07:00.000000,0.244846,9.49725,0.05935,0.021458,7.008108
07/21/2019 18:08:00.000000,0.238926,9.605,0.05985,13.414286,8.283333
07/21/2019 18:09:00.000000,0.207953,9.57225,0.059375,0.024018,8.775
07/21/2019 18:10:00.000000,0.183514,9.6615,0.06015,0.0145,6.571875
07/21/2019 18:11:00.000000,0.189124,9.77,0.059925,6.645455,6.327273
07/21/2019 18:12:00.000000,0.211109,9.7495,0.0603,0.014245,8.263415
07/21/2019 18:13:00.000000,0.19676,9.51425,0.06225,13.82093,7.739535
07/21/2019 18:14:00.000000,0.195837,9.21625,0.064025,11.077273,6.65
07/21/2019 18:15:00.000000,0.182292,9.024,0.065425,0.01631,7.430769
07/21/2019 18:16:00.000000,0.179884,8.703,0.0648,19.028571,8.285714
07/21/2019 18:17:00.000000,0.21834,8.66025,0.0629,0.043757,6.275
07/21/2019 18:18:00.000000,0.348795,8.6035,0.062125,0.016949,6.234884
07/21/2019 18:19:00.000000,0.342862,8.18475,0.06475,0.008304,6.05122
07/21/2019 18:20:00.000000,0.197115,7.89125,0.0662,9.014286,6.342857
07/21/2019 18:21:00.000000,0.23062,7.85675,0.065225,0.012882,5.989744
07/21/2019 18:22:00.000000,0.250563,7.9025,0.0651,0.011328,6.497561
07/21/2019 18:23:00.000000,0.232785,8.36825,0.065775,0.0079,5.822727
07/21/2019 18:24:00.000000,0.211157,9.95,0.0659,0.012378,6.74
07/21/2019 18:25:00.000000,0.212637,9.33975,0.06595,0.01618,5.957143
07/21/2019 18:26:00.000000,0.302962,6.5145,0.0666,0.019398,5.629268
07/21/2019 18:27:00.000000,0.240033,6.42025,0.067625,0.014394,5.6
07/21/2019 18:28:00.000000,0.168285,10.6295,0.067075,12.602381,6.8
07/21/2019 18:29:00.000000,0.183254,12.4415,0.0626,0.014245,6.654054
07/21/2019 18:30:00.000000,0.223795,8.483,0.0618,0.012946,7.390244
07/21/2019 18:31:00.000000,0.230248,6.6265,0.0656,0.01597,7.327907
07/21/2019 18:32:00.000000,0.207382,8.1385,0.066125,0.011072,5.966667
07/21/2019 18:33:00.000000,0.211528,6.92075,0.06592,0.019068,5.408824
07/21/2019 18:34:00.000000,0.190707,6.54775,0.066767,5.75,5.4
07/21/2019 18:35:00.000000,0.180624,6.72625,0.066425,0.01091,5.787879
07/21/2019 18:36:00.000000,0.224219,7.068,0.0642,5.945,5.375
07/21/2019 18:37:00.000000,0.274996,7.06,0.0632,9.361538,5.638462
07/21/2019 18:38:00.000000,0.45126,7.00725,0.06415,9.843902,6.212195
07/21/2019 18:39:00.000000,0.360364,7.218,0.062925,0.013372,5.713514
07/21/2019 18:40:00.000000,0.279653,7.222,0.062875,0.011413,6.166667
07/21/2019 18:41:00.000000,0.217088,7.1435,0.0647,9.457143,5.442857
07/21/2019 18:42:00.000000,0.179133,6.92725,0.066525,10.112195,5.812195
07/21/2019 18:43:00.000000,0.157167,6.72275,0.06685,0.012941,5.642857
07/21/2019 18:44:00.000000,0.189806,6.58575,0.064775,17.45,5.345
07/21/2019 18:45:00.000000,0.232202,6.58875,0.064625,26.05122,7.604878
07/21/2019 18:46:00.000000,0.204551,7.04325,0.0643,0.014103,5.969231
07/21/2019 18:47:00.000000,0.212571,14.00275,0.060025,0.021731,5.686364
07/21/2019 18:48:00.000000,0.239029,7.38625,0.060575,28.962791,5.786047
07/21/2019 18:49:00.000000,0.221874,6.448,0.0645,21.494872,5.8
07/21/2019 18:50:00.000000,0.208385,6.459333,0.064867,0.016693,7.153846
07/21/2019 18:51:00.000000,0.24807,6.802667,0.06315,0.007226,5.36
07/21/2019 18:52:00.000000,0.209757,7.42975,0.0607,12.788372,6.118605
07/21/2019 18:53:00.000000,0.215695,8.03025,0.059075,0.011378,5.066667
07/21/2019 18:54:00.000000,0.231994,8.39975,0.057975,0.01791,4.972093
07/21/2019 18:55:00.000000,0.219838,8.89,0.057325,0.011794,5.172093
07/21/2019 18:56:00.000000,0.205295,9.612,0.057425,0.011542,5.4475
07/21/2019 18:57:00.000000,0.190106,10.416,0.0572,13.092308,7.276923
07/21/2019 18:58:00.000000,0.211063,11.09725,0.057675,0.013543,6.016667
07/21/2019 18:59:00.000000,0.204722,11.42125,0.05875,0.007469,5.113953
07/21/2019 19:00:00.000000,0.204015,11.436,0.057875,0.006773,5.172093
07/21/2019 19:01:00.000000,0.201288,11.29675,0.058525,0.014338,7.953488
07/21/2019 19:02:00.000000,0.18739,11.199,0.05945,12.218182,5.636364
07/21/2019 19:03:00.000000,0.189641,10.943,0.060225,0.008967,5.631818
07/21/2019 19:04:00.000000,0.172099,10.1655,0.06105,0.018404,7.783333
07/21/2019 19:05:00.000000,0.166404,9.4935,0.059375,0.012647,5.783333
07/21/2019 19:06:00.000000,0.179513,8.76375,0.05965,0.019217,7.804545
07/21/2019 19:07:00.000000,0.181715,8.30925,0.059825,9.778049,5.809756
07/21/2019 19:08:00.000000,0.163149,7.766,0.059975,13.028205,5.312821
07/21/2019 19:09:00.000000,0.166166,7.283,0.060825,19.490476,5.3
07/21/2019 19:10:00.000000,0.16868,7.233,0.0588,11.678049,5.812195
07/21/2019 19:11:00.000000,0.200593,6.404,0.05595,0.014038,5.475
07/21/2019 19:12:00.000000,0.196819,4.55075,0.056675,8.875,5.315
07/21/2019 19:13:00.000000,0.163289,6.51725,0.05895,0.020001,6.422727
07/21/2019 19:14:00.000000,0.160634,5.20375,0.0599,16.286047,7.546512
07/21/2019 19:15:00.000000,0.174295,6.6365,0.060225,0.010585,5.385714
07/21/2019 19:16:00.000000,0.164607,6.99025,0.0596,12.069231,5.930769
07/21/2019 19:17:00.000000,0.163316,7.15475,0.05865,0.022241,5.246341
07/21/2019 19:18:00.000000,0.179085,7.44225,0.057275,11.4,6.715
07/21/2019 19:19:00.000000,0.193022,7.9125,0.05685,0.011744,6.487805
07/21/2019 19:20:00.000000,0.196944,7.994,0.0593,0.024299,6.4
07/21/2019 19:21:00.000000,0.165052,8.33475,0.058925,0.014275,5.885714
07/21/2019 19:22:00.000000,0.154391,8.8945,0.055875,10.563415,6.568293
07/21/2019 19:23:00.000000,0.181144,9.489,0.0556,12.307317,7.197561
07/21/2019 19:24:00.000000,0.199947,9.62225,0.05735,11.355556,5.046667
07/21/2019 19:25:00.000000,0.212524,9.91125,0.0569,0.031328,6.476923
07/21/2019 19:26:00.000000,0.236449,9.61875,0.0601,0.008874,5.337209
07/21/2019 19:27:00.000000,0.184655,8.999,0.0625,15.955814,5.272093
07/21/2019 19:28:00.000000,0.162963,8.738,0.06175,14.532,6.932
07/21/2019 19:29:00.000000,0.208165,8.3785,0.062225,15.620513,7.084615
07/21/2019 19:30:00.000000,0.180336,7.538,0.062675,22.587879,5.548485
07/21/2019 19:31:00.000000,0.172249,17.01075,0.057925,0.023773,6.268293
07/21/2019 19:32:00.000000,0.220848,11.5265,0.057,0.01396,5.969767
07/21/2019 19:33:00.000000,0.187153,4.822,0.062125,0.029965,6.563415
07/21/2019 19:34:00.000000,0.150932,5.5395,0.062775,0.015234,5.753488
07/21/2019 19:35:00.000000,0.157593,5.25625,0.062325,0.020827,6.6
07/21/2019 19:36:00.000000,0.163511,5.02025,0.062075,6.585714,5.171429
07/21/2019 19:37:00.000000,0.166323,5.135,0.061975,0.019027,5.720513
07/21/2019 19:38:00.000000,0.222065,5.31875,0.06255,11.986364,6.909091
07/21/2019 19:39:00.000000,0.208239,5.29725,0.06315,0.010661,6.07561
07/21/2019 19:40:00.000000,0.160033,5.3645,0.0637,0.010757,5.640909
07/21/2019 19:41:00.000000,0.149255,5.4835,0.06305,12.568421,5.936842
07/21/2019 19:42:00.000000,0.151958,5.68075,0.06205,10.790698,6.334884
07/21/2019 19:43:00.000000,0.182257,6.16125,0.06085,11.102439,6.143902
07/21/2019 19:44:00.000000,0.228582,6.504,0.06125,0.017721,7.153659
07/21/2019 19:45:00.000000,0.199733,6.513,0.0634,10.7625,5.855
07/21/2019 19:46:00.000000,0.173489,6.432,0.063275,27.147368,6.989474
07/21/2019 19:47:00.000000,0.164178,6.538,0.062625,0.021684,6.265
07/21/2019 19:48:00.000000,0.175226,6.7405,0.0626,21.993182,7.481818
07/21/2019 19:49:00.000000,0.181471,6.60875,0.064225,0.023655,5.753846
07/21/2019 19:50:00.000000,0.170708,6.4585,0.064575,13.176923,7.515385
07/21/2019 19:51:00.000000,0.146285,5.91025,0.064775,0.019584,5.748837
07/21/2019 19:52:00.000000,0.14231,7.9015,0.0632,12.832558,6.432558
07/21/2019 19:53:00.000000,0.17103,12.68475,0.0601,10.771429,7.114286
07/21/2019 19:54:00.000000,0.181775,6.20225,0.06045,0.01456,6.253488
07/21/2019 19:55:00.000000,0.168287,5.29875,0.06165,0.012535,6.697561
07/21/2019 19:56:00.000000,0.177513,4.7525,0.063,10.357895,8.568421
07/21/2019 19:57:00.000000,0.170547,4.8005,0.062175,16.405263,6.794737
07/21/2019 19:58:00.000000,0.192146,4.90725,0.061425,10.937209,6.055814
07/21/2019 19:59:00.000000,0.236742,5.26225,0.06135,13.075,8.04
07/21/2019 20:00:00.000000,0.24149,6.36575,0.06235,17.612195,8.485366
07/21/2019 20:01:00.000000,0.187358,9.8805,0.060375,13.610526,6.310526
07/21/2019 20:02:00.000000,0.235581,6.42,0.060125,0.0177,6.573684
07/21/2019 20:03:00.000000,0.213429,6.4515,0.061,12.578261,5.815217
07/21/2019 20:04:00.000000,0.220341,6.9105,0.060025,11.242857,5.085714
07/21/2019 20:05:00.000000,0.302417,7.19225,0.0604,14.16,5.68
07/21/2019 20:06:00.000000,0.226829,7.24575,0.060875,0.01077,5.216667
07/21/2019 20:07:00.000000,0.190908,7.132,0.06005,16.911429,7.14
07/21/2019 20:08:00.000000,0.188548,6.331,0.059825,16.605,5.925
07/21/2019 20:09:00.000000,0.198956,,,,
07/21/2019 20:10:00.000000,0.232276,7.1625,0.05705,0.021566,6.371429
07/21/2019 20:11:00.000000,0.186068,5.062,0.061675,0.04458,5.481395
07/21/2019 20:12:00.000000,0.164115,4.57,0.062575,0.018118,5.96087
07/21/2019 20:13:00.000000,0.164829,4.66,0.061775,0.02176,6.185714
07/21/2019 20:14:00.000000,0.200932,5.11975,0.0607,0.022939,6.534884
07/21/2019 20:15:00.000000,0.178718,5.29425,0.06215,0.012486,5.036842
07/21/2019 20:16:00.000000,0.166874,5.286,0.0627,0.011285,5.306667
07/21/2019 20:17:00.000000,0.217229,5.3885,0.0621,0.023256,6.675
07/21/2019 20:18:00.000000,0.205999,5.37575,0.062225,0.034197,6.319512
07/21/2019 20:19:00.000000,0.171245,5.4865,0.062925,13.928571,6.628571
07/21/2019 20:20:00.000000,0.185615,5.42025,0.06355,6.313333,5.686667
07/21/2019 20:21:00.000000,0.177088,5.28875,0.062625,0.01607,5.836364
07/21/2019 20:22:00.000000,0.168024,4.82875,0.06205,0.016906,5.310526
07/21/2019 20:23:00.000000,0.234428,5.276,0.0593,0.029676,5.965
07/21/2019 20:24:00.000000,0.30949,5.753,0.05815,0.016153,6.1
07/21/2019 20:25:00.000000,0.213936,5.74,0.06145,0.010786,5.845652
07/21/2019 20:26:00.000000,0.194054,5.86975,0.062625,9.892683,6.141463
07/21/2019 20:27:00.000000,0.254216,5.8235,0.063025,0.048539,5.778947
07/21/2019 20:28:00.000000,0.201894,5.9925,0.063075,0.025092,7.191429
07/21/2019 20:29:00.000000,0.197621,,0.060875,,
07/21/2019 20:30:00.000000,0.215988,6.67475,0.0601,0.018125,6.216667
07/21/2019 20:31:00.000000,0.187351,6.27175,0.0607,20.96,6.935
07/21/2019 20:32:00.000000,0.186167,5.84275,0.060825,0.019132,6.571429
07/21/2019 20:33:00.000000,0.206779,5.788,0.062025,0.015796,7.188372
07/21/2019 20:34:00.000000,0.215081,5.5875,0.06215,16.69,6.45
07/21/2019 20:35:00.000000,0.166603,5.542,0.062025,16.715385,5.428205
07/21/2019 20:36:00.000000,0.176142,5.595,0.061575,5.984848,5.206061
07/21/2019 20:37:00.000000,0.190632,5.2615,0.0621,0.012674,6.475
07/21/2019 20:38:00.000000,0.162626,4.9945,0.061767,0.014919,5.595
07/21/2019 20:39:00.000000,0.161101,4.9055,0.061575,0.013543,5.995
07/21/2019 20:40:00.000000,0.166536,5.00875,0.06185,0.014509,6.1
07/21/2019 20:41:00.000000,0.168244,5.09275,0.062175,0.020972,5.928571
07/21/2019 20:42:00.000000,0.193003,5.51775,0.0616,12.377273,6.418182
07/21/2019 20:43:00.000000,0.198939,5.54225,0.06185,0.024952,7.430769
07/21/2019 20:44:00.000000,0.246515,5.59,0.060525,9.695,6.24
07/21/2019 20:45:00.000000,0.261161,5.621,0.061025,0.012776,6.512195
07/21/2019 20:46:00.000000,0.222106,6.61875,0.062175,7.981818,5.822727
07/21/2019 20:47:00.000000,0.202599,10.864,0.060475,9.15,6.044444
07/21/2019 20:48:00.000000,0.202287,6.665,0.060175,0.024619,4.814286
07/21/2019 20:49:00.000000,0.176086,,,,
07/21/2019 20:50:00.000000,0.158384,4.9555,0.063125,0.012091,5.4
07/21/2019 20:51:00.000000,0.161548,6.28275,0.06315,0.014894,5.655
07/21/2019 20:52:00.000000,0.166722,3.54775,0.0641,23.728571,5.614286
07/21/2019 20:53:00.000000,0.164126,4.65425,0.063725,0.030987,5.85
07/21/2019 20:54:00.000000,0.331456,5.53525,0.06205,0.023709,5.732432
07/21/2019 20:55:00.000000,0.340187,4.056,0.06115,10.9,5.866667
07/21/2019 20:56:00.000000,0.185837,4.8725,0.06194,0.012888,6.964516
07/21/2019 20:57:00.000000,0.164394,5.2665,0.061667,9.942857,5.457143
07/21/2019 20:58:00.000000,0.201949,3.45675,0.061775,17.146512,5.802326
07/21/2019 20:59:00.000000,0.200938,3.6845,0.061625,0.018296,6.82093
07/21/2019 21:00:00.000000,0.210327,3.9745,0.06095,0.020411,7.165217
07/21/2019 21:01:00.000000,0.192422,4.21625,0.062225,0.024451,9.116667
07/21/2019 21:02:00.000000,0.193096,4.596,0.06285,0.025349,6.636842
07/21/2019 21:03:00.000000,0.213625,5.256,0.062175,0.029346,7.12
07/21/2019 21:04:00.000000,0.23973,5.47175,0.062925,31.030769,8.284615
07/21/2019 21:05:00.000000,0.183507,5.69875,0.0642,11.912195,6.365854
07/21/2019 21:06:00.000000,0.16759,5.796,0.064425,7.285714,5.485714
07/21/2019 21:07:00.000000,0.175454,5.58925,0.064525,0.01147,5.23
07/21/2019 21:08:00.000000,0.158401,5.39,0.0653,0.007415,4.519444
07/21/2019 21:09:00.000000,0.14289,5.29675,0.064667,9.956098,5.609756
07/21/2019 21:10:00.000000,0.197324,5.405,0.063625,0.011292,5.454545
07/21/2019 21:11:00.000000,0.41898,5.07925,0.06515,0.011216,5.143902
07/21/2019 21:12:00.000000,0.291975,5.0595,0.06785,8.54186,6.562791
07/21/2019 21:13:00.000000,0.189336,5.23425,0.066025,0.011021,6.038462
07/21/2019 21:14:00.000000,0.292557,5.48375,0.064525,9.815789,6.715789
07/21/2019 21:15:00.000000,0.307814,5.71575,0.066375,10.086047,6.648837
07/21/2019 21:16:00.000000,0.222479,6.1705,0.06475,0.015322,6.513953
07/21/2019 21:17:00.000000,0.21414,6.192,0.066175,11.881395,6.581395
07/21/2019 21:18:00.000000,0.173937,5.72475,0.068625,5.989474,5.168421
07/21/2019 21:19:00.000000,0.152081,5.5355,0.06828,33.562162,6.413514
07/21/2019 21:20:00.000000,0.154014,5.5615,0.067833,12.142857,6.328571
07/21/2019 21:21:00.000000,0.16064,11.901,0.064075,16.474419,5.881395
07/21/2019 21:22:00.000000,0.179037,11.27425,0.06195,0.009278,5.2
07/21/2019 21:23:00.000000,0.177944,6.476,0.065425,8.357143,5.766667
07/21/2019 21:24:00.000000,0.166051,5.6135,0.0669,14.85,5.39
07/21/2019 21:25:00.000000,0.189585,5.49025,0.065475,8.94,4.74
07/21/2019 21:26:00.000000,0.32465,5.6146,0.06378,0.01247,5.353488
07/21/2019 21:27:00.000000,0.235949,5.614667,0.064575,11.723077,5.330769
07/21/2019 21:28:00.000000,0.171347,5.481,0.06515,0.013713,6.056818
07/21/2019 21:29:00.000000,0.164162,6.125,0.0646,0.016049,7.780488
07/21/2019 21:30:00.000000,0.1614,8.396,0.0621,0.018941,5.28
07/21/2019 21:31:00.000000,0.164322,5.2075,0.062875,8.725,5.735
07/21/2019 21:32:00.000000,0.198736,5.47275,0.06365,0.009985,5.146512
07/21/2019 21:33:00.000000,0.200159,5.50025,0.064075,17.063158,5.336842
07/21/2019 21:34:00.000000,0.180337,5.51075,0.06235,13.36,5.145
07/21/2019 21:35:00.000000,0.195345,5.7405,0.060975,7.407692,5.523077
07/21/2019 21:36:00.000000,0.25518,6.3105,0.0639,13.756098,5.6
07/21/2019 21:37:00.000000,0.361345,3.63375,0.0663,0.012412,6.457143
07/21/2019 21:38:00.000000,0.209376,3.79,0.0664,0.012112,5.657143
07/21/2019 21:39:00.000000,0.21905,4.2575,0.06455,0.016071,7.357778
07/21/2019 21:40:00.000000,0.242284,4.67825,0.06425,0.011363,4.968293
07/21/2019 21:41:00.000000,0.228504,5.1555,0.06345,0.022658,5.435
07/21/2019 21:42:00.000000,0.212518,5.5285,0.0631,8.353846,4.553846
07/21/2019 21:43:00.000000,0.191761,5.76225,0.0635,11.320513,5.923077
07/21/2019 21:44:00.000000,0.168277,5.92725,0.063425,0.01058,5.116667
07/21/2019 21:45:00.000000,0.176979,6.14875,0.06275,8.265,5.835
07/21/2019 21:46:00.000000,0.178812,6.02675,0.06355,10.928205,6.507692
07/21/2019 21:47:00.000000,0.15279,5.677,0.063775,0.026033,7.180488
07/21/2019 21:48:00.000000,0.169551,5.38925,0.0642,0.012589,4.338462
07/21/2019 21:49:00.000000,0.231777,,,,
07/21/2019 21:50:00.000000,0.223379,4.8215,0.06465,8.734146,5.302439
07/21/2019 21:51:00.000000,0.203519,4.6995,0.064275,0.0137,5.145
07/21/2019 21:52:00.000000,0.170435,4.6035,0.06475,0.012236,5.015
07/21/2019 21:53:00.000000,0.157548,4.534,0.064225,0.005242,3.719512
07/21/2019 21:54:00.000000,0.160127,4.699,0.062525,9.234146,5.719512
07/21/2019 21:55:00.000000,0.239981,5.1415,0.06125,15.381818,4.459091
07/21/2019 21:56:00.000000,0.336534,5.1385,0.063375,0.019742,4.03
07/21/2019 21:57:00.000000,0.192536,5.1245,0.06445,0.01635,4.768293
07/21/2019 21:58:00.000000,0.172538,5.14225,0.064875,0.018832,4.985714
07/21/2019 21:59:00.000000,0.254208,5.26925,0.065425,11.207692,6.015385
07/21/2019 22:00:00.000000,0.231987,5.583,0.065075,0.006192,4.541463
07/21/2019 22:01:00.000000,0.189906,5.84275,0.065625,0.033417,4.866667
07/21/2019 22:02:00.000000,0.057522,6.0765,0.0658,0.0107,4.465789
07/21/2019 22:03:00.000000,0.019972,5.78075,0.06705,11.153488,5.067442
07/21/2019 22:04:00.000000,0.005586,5.7955,0.068825,0.01772,5.073171
07/21/2019 22:05:00.000000,0.000451,5.87825,0.0673,0.011549,6.115385
07/21/2019 22:06:00.000000,0.000786,6.1065,0.065625,0.010606,6.5
07/21/2019 22:07:00.000000,-9999.0,6.1025,0.0659,0.011849,4.807692
07/21/2019 22:08:00.000000,0.000742,5.7755,0.06655,8.790476,5.214286
07/21/2019 22:09:00.000000,0.004207,5.7225,0.065375,,
07/21/2019 22:10:00.000000,-9999.0,5.51525,0.064625,10.52381,6.5
07/21/2019 22:11:00.000000,-9999.0,5.478,0.064125,0.015106,5.725
07/21/2019 22:12:00.000000,0.071266,8.28075,0.063725,0.016734,7.419048
07/21/2019 22:13:00.000000,0.203352,5.63725,0.06605,10.088889,6.777778
07/21/2019 22:14:00.000000,0.199648,5.46675,0.067325,18.57561,6.173171
07/21/2019 22:15:00.000000,0.203822,7.034,0.067025,0.01343,6.1
07/21/2019 22:16:00.000000,0.271098,6.5625,0.068825,8.514286,5.947619
07/21/2019 22:17:00.000000,0.188498,6.06475,0.06995,0.014806,6.197436
07/21/2019 22:18:00.000000,0.174803,5.5405,0.069525,0.011699,6.616279
07/21/2019 22:19:00.000000,0.201707,5.08375,0.0699,7.943182,5.85
07/21/2019 22:20:00.000000,0.173944,4.70525,0.071025,8.585714,6.15
07/21/2019 22:21:00.000000,0.166822,4.2795,0.070975,5.735714,5.233333
07/21/2019 22:22:00.000000,0.170123,3.9105,0.0706,9.014286,6.195238
07/21/2019 22:23:00.000000,0.17133,3.701,0.07045,6.085366,5.273171
07/21/2019 22:24:00.000000,0.211987,8.20825,0.0661,9.130769,5.669231
07/21/2019 22:25:00.000000,0.305417,6.8615,0.06595,0.008635,5.57619
07/21/2019 22:26:00.000000,0.219901,5.69125,0.069325,10.176923,6.566667
07/21/2019 22:27:00.000000,0.172912,5.3835,0.06915,9.4175,5.9
07/21/2019 22:28:00.000000,0.173466,5.946,0.06965,0.008967,5.213636
07/21/2019 22:29:00.000000,0.245359,5.77425,0.07075,12.402564,5.330769
07/21/2019 22:30:00.000000,0.268817,5.4685,0.071825,0.007897,4.767442
07/21/2019 22:31:00.000000,0.207035,5.25975,0.070075,8.32,5.8
07/21/2019 22:32:00.000000,0.191401,5.0025,0.069125,18.242105,5.513158
07/21/2019 22:33:00.000000,0.169585,4.83025,0.0699,0.016515,6.366667
07/21/2019 22:34:00.000000,0.168602,4.74025,0.06945,14.98,6.7
07/21/2019 22:35:00.000000,0.203804,4.56725,0.070075,13.631707,6.473171
07/21/2019 22:36:00.000000,0.180433,4.5075,0.070625,0.014442,7.080488
07/21/2019 22:37:00.000000,0.172849,4.54425,0.06985,0.008014,5.77619
07/21/2019 22:38:00.000000,0.2241,4.541,0.070725,26.174419,5.530233
07/21/2019 22:39:00.000000,0.178233,4.47925,0.07145,0.018041,5.972093
07/21/2019 22:40:00.000000,0.149257,4.44975,0.071875,10.19,6.175
07/21/2019 22:41:00.000000,0.15529,4.35525,0.07245,8.966667,6.907143
07/21/2019 22:42:00.000000,0.162767,4.26775,0.0726,0.010971,6.033333
07/21/2019 22:43:00.000000,0.173836,4.387,0.071925,0.02611,5.775676
07/21/2019 22:44:00.000000,0.160799,4.4165,0.07175,0.019731,6.016279
07/21/2019 22:45:00.000000,0.18177,4.55425,0.07105,0.01207,6.334146
07/21/2019 22:46:00.000000,0.215688,6.92,0.068775,9.3525,6.6325
07/21/2019 22:47:00.000000,0.235382,7.5535,0.068825,15.846512,6.623256
07/21/2019 22:48:00.000000,0.199205,6.11225,0.071675,0.010272,6.235135
07/21/2019 22:49:00.000000,0.156451,11.942,0.067375,14.938095,7.242857
07/21/2019 22:50:00.000000,0.190501,5.8645,0.0692,0.009887,6.107143
07/21/2019 22:51:00.000000,0.181673,4.60875,0.0724,8.429412,7.1
07/21/2019 22:52:00.000000,0.164916,4.654,0.072,22.309524,7.171429
07/21/2019 22:53:00.000000,0.172082,4.575,0.0714,0.014659,5.880952
07/21/2019 22:54:00.000000,0.31155,4.515,0.06995,22.08,7.677778
07/21/2019 22:55:00.000000,0.817652,4.72175,0.0702,0.018939,6.952632
07/21/2019 22:56:00.000000,0.405378,5.0115,0.06915,18.822222,6.7
07/21/2019 22:57:00.000000,0.172463,5.8425,0.063975,0.01575,6.246341
07/21/2019 22:58:00.000000,0.195393,6.72375,0.0637,0.013824,7.127907
07/21/2019 22:59:00.000000,0.189536,7.16325,0.066325,23.609302,6.055814
07/21/2019 23:00:00.000000,0.217348,7.658,0.068125,19.271053,8.394737
07/21/2019 23:01:00.000000,0.240739,7.8735,0.070375,12.1,8.042857
07/21/2019 23:02:00.000000,0.201826,8.05875,0.069525,21.740541,7.816216
07/21/2019 23:03:00.000000,0.180789,8.383,0.067025,0.022691,6.178049
07/21/2019 23:04:00.000000,0.195065,8.7485,0.065725,16.926829,7.265854
07/21/2019 23:05:00.000000,0.186604,8.22975,0.068825,0.029528,11.185714
07/21/2019 23:06:00.000000,0.170663,7.93975,0.069175,26.178049,8.731707
07/21/2019 23:07:00.000000,0.198837,7.83425,0.0705,32.28,9.205
07/21/2019 23:08:00.000000,0.185709,7.44925,0.072825,21.068182,7.931818
07/21/2019 23:09:00.000000,0.167442,7.4045,0.072825,,
07/21/2019 23:10:00.000000,0.166256,7.4405,0.072375,0.01461,8.07
07/21/2019 23:11:00.000000,0.179848,10.59925,0.0698,0.02435,8.746512
07/21/2019 23:12:00.000000,0.239786,10.27575,0.067525,19.814286,7.957143
07/21/2019 23:13:00.000000,0.256337,7.32525,0.069025,18.155,9.245
07/21/2019 23:14:00.000000,0.232424,6.84075,0.07045,11.790698,8.553488
07/21/2019 23:15:00.000000,0.203713,6.89525,0.069475,0.022365,7.723077
07/21/2019 23:16:00.000000,0.191231,6.8815,0.069325,13.475,8.45
07/21/2019 23:17:00.000000,0.175728,6.80725,0.070725,7.228947,6.747368
07/21/2019 23:18:00.000000,0.183792,6.81475,0.069825,22.292683,7.339024
07/21/2019 23:19:00.000000,0.206199,6.771,0.07,9.95814,7.5
07/21/2019 23:20:00.000000,0.187206,5.6535,0.070875,15.42,6.905
07/21/2019 23:21:00.000000,0.236777,5.1315,0.069625,19.114286,7.216667
07/21/2019 23:22:00.000000,0.266232,5.838,0.069,15.447619,9.871429
07/21/2019 23:23:00.000000,0.210347,8.19175,0.06885,0.010399,7.369767
07/21/2019 23:24:00.000000,0.240063,6.71375,0.070425,0.008366,6.442857
07/21/2019 23:25:00.000000,0.224492,6.58225,0.07055,17.65122,9.131707
07/21/2019 23:26:00.000000,0.189772,6.42175,0.069475,13.434783,7.226087
07/21/2019 23:27:00.000000,0.187034,6.28275,0.069375,21.5,8.755
07/21/2019 23:28:00.000000,0.183429,6.18725,0.068675,0.011562,6.786957
07/21/2019 23:29:00.000000,0.219814,6.08475,0.067725,0.007836,6.131579
07/21/2019 23:30:00.000000,0.218004,5.97275,0.06825,0.009923,7.646512
07/21/2019 23:31:00.000000,0.189491,5.8415,0.069225,26.112195,7.060976
07/21/2019 23:32:00.000000,0.17648,5.6555,0.06925,9.315385,5.884615
07/21/2019 23:33:00.000000,0.234728,5.694,0.06865,0.015926,7.825
07/21/2019 23:34:00.000000,0.357168,5.82525,0.0682,0.016587,7.610526
07/21/2019 23:35:00.000000,0.263313,5.91975,0.0683,0.009871,6.767442
07/21/2019 23:36:00.000000,0.204445,6.052,0.067875,0.0139,6.684615
07/21/2019 23:37:00.000000,0.202379,6.2205,0.066125,14.118182,6.7
07/21/2019 23:38:00.000000,0.217722,6.43325,0.065325,0.024518,9.357143
07/21/2019 23:39:00.000000,0.188771,6.48375,0.06735,149.436585,7.068293
07/21/2019 23:40:00.000000,0.176045,6.5565,0.0683,31.114286,7.028571
07/21/2019 23:41:00.000000,0.174834,6.44675,0.067725,27.342857,6.071429
07/21/2019 23:42:00.000000,0.197259,6.29575,0.067475,0.018761,5.9
07/21/2019 23:43:00.000000,0.20817,6.2205,0.066575,20.75,6.9
07/21/2019 23:44:00.000000,0.191081,5.87525,0.066175,0.052468,6.761538
07/21/2019 23:45:00.000000,0.254949,5.32075,0.069,15.3875,7.21
07/21/2019 23:46:00.000000,0.264875,4.863,0.069075,6.897561,6.360976
07/21/2019 23:47:00.000000,0.214737,4.65625,0.06795,0.011044,6.8
07/21/2019 23:48:00.000000,0.190366,4.60125,0.0671,6.369048,6.128571
07/21/2019 23:49:00.000000,0.193777,4.56775,0.066625,17.2875,7.955
07/21/2019 23:50:00.000000,0.228039,4.596667,0.066325,0.015315,6.5
07/21/2019 23:51:00.000000,0.19337,4.41875,0.0672,18.880488,6.114634
07/21/2019 23:52:00.000000,0.164724,4.3555,0.06765,0.025509,7.030769
07/21/2019 23:53:00.000000,0.180772,4.75225,0.066175,8.034146,6.090244
07/21/2019 23:54:00.000000,0.220634,4.94525,0.066025,0.02318,6.157143
07/21/2019 23:55:00.000000,0.202353,5.21975,0.065325,0.022989,6.9875
07/21/2019 23:56:00.000000,0.191423,5.8625,0.063,14.653488,7.518605
07/21/2019 23:57:00.000000,0.203573,6.2015,0.06325,12.128571,6.914286
07/21/2019 23:58:00.000000,0.194318,6.55975,0.063625,13.009091,8.440909
07/21/2019 23:59:00.000000,0.181343,7.074,0.063875,6.942857,6.3
07/22/2019 00:00:00.000000,0.172591,8.02225,0.061475,0.012526,5.983333
07/22/2019 00:01:00.000000,0.202166,8.8728,0.059925,0.016832,6.17
07/22/2019 00:02:00.000000,0.219392,9.351667,0.0619,13.588372,8.006977
07/22/2019 00:03:00.000000,0.195312,9.5535,0.062475,0.030921,6.923256
07/22/2019 00:04:00.000000,0.190269,9.21025,0.063225,0.025285,8.053846
07/22/2019 00:05:00.000000,0.199719,9.18825,0.063525,26.136364,7.627273
07/22/2019 00:06:00.000000,0.181986,9.25625,0.06235,0.019988,8.346154
07/22/2019 00:07:00.000000,0.181724,9.5725,0.059675,17.93,7.99
07/22/2019 00:08:00.000000,0.204436,9.69975,0.058025,19.704651,9.104651
07/22/2019 00:09:00.000000,0.179545,10.11625,0.056525,14.280488,8.27561
07/22/2019 00:10:00.000000,0.181031,11.986,0.055,0.023539,7.216279
07/22/2019 00:11:00.000000,0.245227,18.64075,0.0531,26.597561,8.978049
07/22/2019 00:12:00.000000,0.306218,11.72075,0.057125,0.02631,7.916216
07/22/2019 00:13:00.000000,0.230601,12.62625,0.058875,12.214286,7.957143
07/22/2019 00:14:00.000000,0.205704,11.6665,0.0585,0.008823,6.8
07/22/2019 00:15:00.000000,0.275278,11.70025,0.0587,0.012421,7.116279
07/22/2019 00:16:00.000000,0.257766,11.52175,0.05975,0.023469,8.475
07/22/2019 00:17:00.000000,0.203854,11.418,0.059125,11.508108,7.610811
07/22/2019 00:18:00.000000,0.201526,11.08425,0.059825,22.085714,7.742857
07/22/2019 00:19:00.000000,0.215263,11.2315,0.057725,0.019955,7.8
07/22/2019 00:20:00.000000,0.238538,11.603,0.05535,0.036291,7.542857
07/22/2019 00:21:00.000000,0.228768,12.09625,0.054175,0.016156,8.095
07/22/2019 00:22:00.000000,0.251338,12.829,0.05285,0.018014,8.961538
07/22/2019 00:23:00.000000,0.349254,13.2625,0.053025,0.016747,7.267857
07/22/2019 00:24:00.000000,0.325178,13.59275,0.055775,15.697561,8.692683
07/22/2019 00:25:00.000000,0.248923,13.86675,0.055925,22.122857,9.431429
07/22/2019 00:26:00.000000,0.254818,14.35875,0.055075,0.02052,7.568966
07/22/2019 00:27:00.000000,0.255879,14.46675,0.054825,0.014576,7.333333
07/22/2019 00:28:00.000000,0.294211,14.393,0.054875,0.015683,8.32439
07/22/2019 00:29:00.000000,0.244391,13.97425,0.055575,0.029721,8.415789
07/22/2019 00:30:00.000000,0.236306,14.17775,0.052325,0.01348,7.816667
07/22/2019 00:31:00.000000,0.233783,14.67725,0.05015,0.01583,7.271429
07/22/2019 00:32:00.000000,0.249307,15.45325,0.0492,19.345,7.54
07/22/2019 00:33:00.000000,0.280183,15.80125,0.050375,13.105,8.45
07/22/2019 00:34:00.000000,0.299023,16.14875,0.0503,18.929268,8.24878
07/22/2019 00:35:00.000000,0.295967,16.736,0.04855,0.024567,10.013636
07/22/2019 00:36:00.000000,0.263924,16.781,0.052225,21.2,7.385714
07/22/2019 00:37:00.000000,0.281216,15.76325,0.05925,0.016508,6.986047
07/22/2019 00:38:00.000000,0.222495,14.07925,0.06035,0.027462,9.930233
07/22/2019 00:39:00.000000,0.19479,12.31775,0.059075,17.552941,8.267647
07/22/2019 00:40:00.000000,0.193107,10.793,0.0563,0.016999,6.663415
07/22/2019 00:41:00.000000,0.19877,9.758,0.05125,0.015736,7.93
07/22/2019 00:42:00.000000,0.194266,4.81325,0.04755,0.028515,7.184615
07/22/2019 00:43:00.000000,0.198804,3.8235,0.04515,21.885,7.68
07/22/2019 00:44:00.000000,0.268263,10.75175,0.04315,0.02682,9.245
07/22/2019 00:45:00.000000,0.287305,4.656,0.0436,0.02122,7.365854
07/22/2019 00:46:00.000000,0.191592,3.05625,0.0452,27.571428,6.805714
07/22/2019 00:47:00.000000,0.177299,3.13475,0.045275,0.017966,6.371429
07/22/2019 00:48:00.000000,0.177895,3.18525,0.044625,0.015128,6.557143
07/22/2019 00:49:00.000000,0.171025,3.268,0.043975,0.019291,7.457143
07/22/2019 00:50:00.000000,0.170141,5.55525,0.04305,0.0361,7.261538
07/22/2019 00:51:00.000000,0.239068,14.45525,0.04055,29.712195,5.74878
07/22/2019 00:52:00.000000,0.300427,4.632,0.042325,8.033333,4.72
07/22/2019 00:53:00.000000,0.212502,3.56025,0.044075,0.023737,6.142857
07/22/2019 00:54:00.000000,0.192318,2.64075,0.045125,0.015874,6.140909
07/22/2019 00:55:00.000000,0.16724,6.3945,0.04465,0.016747,6.352273
07/22/2019 00:56:00.000000,0.217214,6.921,0.04245,35.427907,5.813953
07/22/2019 00:57:00.000000,0.244079,5.7055,0.041725,0.009882,5.023077
07/22/2019 00:58:00.000000,0.214853,3.5635,0.043025,17.266667,5.853333
07/22/2019 00:59:00.000000,0.195501,3.651,0.0425,7.597368,5.826316
07/22/2019 01:00:00.000000,0.163043,3.839,0.042625,13.5,6.556818
07/22/2019 01:01:00.000000,0.1581,5.41225,0.043025,16.982927,7.895122
07/22/2019 01:02:00.000000,0.171051,6.86175,0.0419,0.024684,6.034884
07/22/2019 01:03:00.000000,0.223399,1.9975,0.0433,0.036495,7.076744
07/22/2019 01:04:00.000000,0.257505,4.7155,0.0428,0.036506,8.166667
07/22/2019 01:05:00.000000,0.229614,4.6125,0.04255,0.026804,6.940625
07/22/2019 01:06:00.000000,0.187913,3.888,0.04335,8.715152,5.736364
07/22/2019 01:07:00.000000,0.177984,6.3105,0.040725,0.018899,7.094872
07/22/2019 01:08:00.000000,0.217371,6.636,0.03995,0.018038,6.289474
07/22/2019 01:09:00.000000,0.231016,6.38875,0.040475,,
07/22/2019 01:10:00.000000,0.205898,3.3065,0.0405,19.054762,6.9
07/22/2019 01:11:00.000000,0.178843,3.895,0.040925,11.590909,5.648485
07/22/2019 01:12:00.000000,0.184252,3.81575,0.04205,0.01493,5.686667
07/22/2019 01:13:00.000000,0.222248,4.181,0.042075,20.533333,6.471429
07/22/2019 01:14:00.000000,0.353584,4.30075,0.041875,0.04039,8.692308
07/22/2019 01:15:00.000000,0.318741,4.476,0.04105,20.180488,7.331707
07/22/2019 01:16:00.000000,0.256817,4.7415,0.0396,0.008515,5.8
07/22/2019 01:17:00.000000,0.222173,4.93725,0.040325,0.028778,6.293333
07/22/2019 01:18:00.000000,0.165009,5.22075,0.04025,0.029356,7.002326
07/22/2019 01:19:00.000000,0.200596,5.48575,0.039025,11.24878,5.64878
07/22/2019 01:20:00.000000,0.352434,5.719,0.040275,49.228571,4.885714
07/22/2019 01:21:00.000000,0.25883,5.6555,0.042075,0.024348,6.685714
07/22/2019 01:22:00.000000,0.183643,5.54125,0.04205,0.032516,7.695652
07/22/2019 01:23:00.000000,0.201007,5.19975,0.040175,8.278378,5.789189
07/22/2019 01:24:00.000000,0.319116,12.92675,0.035075,0.031599,8.025
07/22/2019 01:25:00.000000,0.321943,6.9895,0.0363,0.022032,7.242857
07/22/2019 01:26:00.000000,0.21755,3.5655,0.04085,16.028571,7.271429
07/22/2019 01:27:00.000000,0.174737,5.267,0.04055,0.019581,6.535
07/22/2019 01:28:00.000000,0.166103,2.449,0.0427,16.302703,5.864865
07/22/2019 01:29:00.000000,0.159668,3.5925,0.043525,0.018353,6.574419
07/22/2019 01:30:00.000000,0.168155,4.0965,0.0416,24.409756,6.7
07/22/2019 01:31:00.000000,0.193691,4.476,0.040125,0.014474,6.363158
07/22/2019 01:32:00.000000,0.186571,4.82225,0.04,11.907317,6.129268
07/22/2019 01:33:00.000000,0.16747,5.20225,0.03955,0.025155,6.433333
07/22/2019 01:34:00.000000,0.173852,3.678,0.040225,15.961538,6.246154
07/22/2019 01:35:00.000000,0.194484,6.5595,0.03975,12.282927,6.2
07/22/2019 01:36:00.000000,0.22465,5.795,0.04035,16.342857,5.033333
07/22/2019 01:37:00.000000,0.230163,5.89525,0.04095,0.016193,6.090698
07/22/2019 01:38:00.000000,0.208951,8.228,0.03965,21.634146,6.556098
07/22/2019 01:39:00.000000,0.25959,7.8895,0.03955,13.211111,6.683333
07/22/2019 01:40:00.000000,0.468365,7.6245,0.0399,0.025406,8.74878
07/22/2019 01:41:00.000000,0.346071,7.19575,0.041575,0.02328,7.238462
07/22/2019 01:42:00.000000,0.205857,6.9545,0.041275,14.475,6.305
07/22/2019 01:43:00.000000,0.254914,7.127,0.03925,14.4,5.366667
07/22/2019 01:44:00.000000,0.234131,15.3945,0.033975,16.509302,5.953488
07/22/2019 01:45:00.000000,0.229859,10.81625,0.034925,0.021584,5.328571
07/22/2019 01:46:00.000000,0.214657,9.42275,0.037825,16.771429,7.171429
07/22/2019 01:47:00.000000,0.199877,9.65075,0.037725,0.015803,6.495349
07/22/2019 01:48:00.000000,0.203303,5.5585,0.0409,0.014295,5.1625
07/22/2019 01:49:00.000000,0.192604,6.2095,0.04055,0.023992,5.251163
07/22/2019 01:50:00.000000,0.215381,11.072,0.0335,12.372727,6.25
07/22/2019 01:51:00.000000,0.272885,13.37225,0.034975,0.00737,5.023256
07/22/2019 01:52:00.000000,0.259081,8.34525,0.038275,0.022893,6.223256
07/22/2019 01:53:00.000000,0.186776,6.65025,0.039325,0.023413,5.214286
07/22/2019 01:54:00.000000,0.176542,9.012,0.0384,0.017613,6.792683
07/22/2019 01:55:00.000000,0.202627,9.342,0.036525,0.014684,5.74
07/22/2019 01:56:00.000000,0.293139,9.60775,0.03605,16.717949,5.584615
07/22/2019 01:57:00.000000,0.448102,9.7525,0.03665,12.337209,5.6
07/22/2019 01:58:00.000000,0.303979,9.81375,0.037775,9.831707,5.514634
07/22/2019 01:59:00.000000,0.188979,9.374,0.04,0.015291,6.172727
07/22/2019 02:00:00.000000,0.182525,8.7715,0.041475,44.346154,7.202564
07/22/2019 02:01:00.000000,0.196316,4.40975,0.04265,0.020207,7.484615
07/22/2019 02:02:00.000000,0.250871,4.0555,0.04375,23.307143,8.185714
07/22/2019 02:03:00.000000,0.191099,13.22325,0.040225,21.4,7.35
07/22/2019 02:04:00.000000,0.193276,4.16725,0.0417,11.646154,7.369231
07/22/2019 02:05:00.000000,0.204816,3.17875,0.0454,0.017925,8.339024
07/22/2019 02:06:00.000000,0.169747,3.12525,0.04605,0.019345,7.809091
07/22/2019 02:07:00.000000,0.1589,3.01575,0.046575,0.046065,7.7
07/22/2019 02:08:00.000000,0.172502,3.09825,0.046175,0.033426,7.02
07/22/2019 02:09:00.000000,0.175806,3.257,0.046275,,
07/22/2019 02:10:00.000000,0.175597,3.46875,0.046375,0.024203,8.38
07/22/2019 02:11:00.000000,0.168706,3.5715,0.046825,15.875,8.84
07/22/2019 02:12:00.000000,0.17475,3.885,0.04595,0.015168,7.960976
07/22/2019 02:13:00.000000,0.225827,4.31025,0.045525,0.007396,5.75122
07/22/2019 02:14:00.000000,0.202726,4.60025,0.04645,0.01415,8.7
07/22/2019 02:15:00.000000,0.191996,4.793,0.0473,15.793333,7.74
07/22/2019 02:16:00.000000,0.17415,4.79075,0.0482,0.01591,7.669231
07/22/2019 02:17:00.000000,0.152636,4.62775,0.049325,7.224242,6.472727
07/22/2019 02:18:00.000000,0.150371,4.4245,0.049325,0.012576,5.943902
07/22/2019 02:19:00.000000,0.152938,4.20025,0.050425,10.134884,7.104651
07/22/2019 02:20:00.000000,0.139924,3.77325,0.051325,8.378261,6.726087
07/22/2019 02:21:00.000000,0.132414,3.24575,0.051375,7.13871,6.409677
07/22/2019 02:22:00.000000,0.13705,2.9155,0.050833,0.026721,8.1
07/22/2019 02:23:00.000000,0.158697,2.70925,0.050175,14.3875,7.72
07/22/2019 02:24:00.000000,0.190517,2.68875,0.049025,10.421053,7.852632
07/22/2019 02:25:00.000000,0.227335,2.81975,0.048575,7.45,6.455
07/22/2019 02:26:00.000000,0.181056,2.88,0.0493,0.011753,8.39697
07/22/2019 02:27:00.000000,0.165847,3.077,0.048975,0.012834,7.760976
07/22/2019 02:28:00.000000,0.170084,3.205,0.049375,0.011016,7.264865
07/22/2019 02:29:00.000000,0.153904,,,,
07/22/2019 02:30:00.000000,0.147304,3.307,0.051125,0.01008,6.565
07/22/2019 02:31:00.000000,0.181775,3.41,0.05065,0.00929,6.281081
07/22/2019 02:32:00.000000,0.254582,3.49175,0.04995,0.009914,6.625
07/22/2019 02:33:00.000000,0.274593,3.47525,0.04945,0.013504,7.563636
07/22/2019 02:34:00.000000,0.256601,3.73775,0.0475,10.417073,5.992683
07/22/2019 02:35:00.000000,0.234382,3.86925,0.047,6.289744,5.7
07/22/2019 02:36:00.000000,0.193101,3.96275,0.04826,0.011022,7.545714
07/22/2019 02:37:00.000000,0.166769,4.0615,0.0492,11.161364,6.254545
07/22/2019 02:38:00.000000,0.161085,4.164,0.049275,0.009517,6.084615
07/22/2019 02:39:00.000000,0.164241,4.218,0.04935,0.009777,6.1
07/22/2019 02:40:00.000000,0.157774,4.1505,0.04905,6.233333,5.85
07/22/2019 02:41:00.000000,0.146263,4.04175,0.04958,10.534483,5.413793
07/22/2019 02:42:00.000000,0.139808,3.744,0.049833,13.228205,6.446154
07/22/2019 02:43:00.000000,0.146849,3.66225,0.0487,11.029545,6.6
07/22/2019 02:44:00.000000,0.161644,3.7045,0.04805,6.091892,5.343243
07/22/2019 02:45:00.000000,0.159459,3.773,0.04825,0.018349,6.3
07/22/2019 02:46:00.000000,0.148981,3.849,0.04845,6.737209,5.467442
07/22/2019 02:47:00.000000,0.148793,3.95025,0.0483,0.011396,6.472093
07/22/2019 02:48:00.000000,0.168487,4.17375,0.04715,0.012403,6.276923
07/22/2019 02:49:00.000000,0.183762,4.5905,0.046675,0.018246,6.481818
07/22/2019 02:50:00.000000,0.184786,4.8885,0.047,0.015039,7.86
07/22/2019 02:51:00.000000,0.177978,5.18175,0.04705,0.013918,7.519444
07/22/2019 02:52:00.000000,0.193408,5.408,0.0464,10.131579,7.247368
07/22/2019 02:53:00.000000,0.243622,9.5955,0.03775,0.012911,6.855814
07/22/2019 02:54:00.000000,0.291331,6.111,0.04534,9.023256,5.337209
07/22/2019 02:55:00.000000,0.230189,3.3585,0.049175,0.009746,5.776667
07/22/2019 02:56:00.000000,0.164196,3.71,0.0498,0.008874,5.607692
07/22/2019 02:57:00.000000,0.15549,3.762,0.049175,0.011147,5.31
07/22/2019 02:58:00.000000,0.173862,3.84375,0.049133,0.013098,6.595238
07/22/2019 02:59:00.000000,0.205255,3.875,0.04895,5.8975,5.25
07/22/2019 03:00:00.000000,0.18221,4.008,0.048225,5.069231,5.069231
07/22/2019 03:01:00.000000,0.166916,4.075333,0.047675,0.010904,6.465854
07/22/2019 03:02:00.000000,0.167732,4.145,0.048025,8.15,6.095455
07/22/2019 03:03:00.000000,0.156389,4.14825,0.04885,0.010054,6.086047
07/22/2019 03:04:00.000000,0.154592,4.1725,0.048875,0.032671,19.353333
07/22/2019 03:05:00.000000,0.172036,4.18475,0.04795,0.016667,6.032353
07/22/2019 03:06:00.000000,0.227003,4.2415,0.0471,8.254545,4.477273
07/22/2019 03:07:00.000000,0.267937,4.17425,0.05025,0.008354,3.466667
07/22/2019 03:08:00.000000,0.197634,3.955,0.052325,3.502439,3.129268
07/22/2019 03:09:00.000000,0.157517,3.79025,0.051775,0.004478,3.61
07/22/2019 03:10:00.000000,0.190558,3.68275,0.051475,7.311905,4.128571
07/22/2019 03:11:00.000000,0.208301,3.615,0.0515,3.927907,3.339535
07/22/2019 03:12:00.000000,0.164308,3.53575,0.0513,2.873171,2.858537
07/22/2019 03:13:00.000000,0.142628,3.40875,0.05145,3.144186,3.134884
07/22/2019 03:14:00.000000,0.135473,3.197,0.051775,0.003773,3.03
07/22/2019 03:15:00.000000,0.139298,3.1535,0.051675,0.00539,3.525
07/22/2019 03:16:00.000000,0.165472,3.15625,0.052425,3.218182,3.081818
07/22/2019 03:17:00.000000,0.20441,3.051,0.0531,3.17,3.165
07/22/2019 03:18:00.000000,0.155923,2.99925,0.051975,3.536364,3.536364
07/22/2019 03:19:00.000000,0.136939,2.902,0.0523,0.005301,3.34186
07/22/2019 03:20:00.000000,0.133998,2.8425,0.0522,0.005569,3.557143
07/22/2019 03:21:00.000000,0.134224,2.81525,0.05165,5.012195,4.282927
07/22/2019 03:22:00.000000,0.142566,2.8405,0.051425,0.009648,5.088372
07/22/2019 03:23:00.000000,0.161435,2.86525,0.051675,4.068182,3.645455
07/22/2019 03:24:00.000000,0.189185,3.02275,0.04995,3.129268,3.136585
07/22/2019 03:25:00.000000,0.194978,3.33,0.049225,3.433333,3.35
07/22/2019 03:26:00.000000,0.20886,3.622,0.05005,3.84,3.825
07/22/2019 03:27:00.000000,0.249234,3.92675,0.049675,18.961538,3.307692
07/22/2019 03:28:00.000000,0.240232,3.8855,0.05125,8.639535,4.095349
07/22/2019 03:29:00.000000,0.154331,3.835,0.051725,3.432558,3.211628
07/22/2019 03:30:00.000000,0.136225,3.80275,0.05095,5.753488,3.946512
07/22/2019 03:31:00.000000,0.147386,3.872,0.049325,4.020513,3.761538
07/22/2019 03:32:00.000000,0.152245,3.83525,0.04985,3.788636,3.7
07/22/2019 03:33:00.000000,0.144884,3.76225,0.050225,0.004617,3.7
07/22/2019 03:34:00.000000,0.148081,3.67,0.0495,3.260976,3.273171
07/22/2019 03:35:00.000000,0.152428,3.50625,0.05045,0.006667,4.15
07/22/2019 03:36:00.000000,0.164017,3.8815,0.049075,14.513514,4.048649
07/22/2019 03:37:00.000000,0.206434,4.25475,0.0476,9.660465,5.72093
07/22/2019 03:38:00.000000,0.175138,4.3245,0.049175,4.125581,3.762791
07/22/2019 03:39:00.000000,0.14596,4.3575,0.049475,7.257143,5.2
07/22/2019 03:40:00.000000,0.155264,4.4925,0.049125,0.010731,5.243902
07/22/2019 03:41:00.000000,0.16199,4.5795,0.049175,10.907317,5.285366
07/22/2019 03:42:00.000000,0.158239,4.613,0.048425,0.012964,6.671429
07/22/2019 03:43:00.000000,0.159197,4.77,0.046925,6.173171,5.790244
07/22/2019 03:44:00.000000,0.16285,4.681,0.046875,0.006741,5.34186
07/22/2019 03:45:00.000000,0.162789,4.63225,0.04705,0.008043,5.471429
07/22/2019 03:46:00.000000,0.160407,4.8155,0.0473,5.671429,5.5
07/22/2019 03:47:00.000000,0.161815,4.97,0.046775,0.009098,6.18
07/22/2019 03:48:00.000000,0.172021,5.11925,0.0454,12.242857,5.7
07/22/2019 03:49:00.000000,0.190726,5.19275,0.0455,0.012111,6.471875
07/22/2019 03:50:00.000000,0.186251,5.232,0.0461,0.01016,6.064103
07/22/2019 03:51:00.000000,0.176575,5.379,0.04505,0.011688,6.682927
07/22/2019 03:52:00.000000,0.184565,5.4965,0.044525,8.926667,7.09
07/22/2019 03:53:00.000000,0.187384,5.555,0.045775,0.013387,7.1
07/22/2019 03:54:00.000000,0.182303,5.543,0.0463,0.009116,6.505
07/22/2019 03:55:00.000000,0.186062,5.40275,0.047075,6.197561,6.078049
07/22/2019 03:56:00.000000,0.171438,5.238,0.047425,14.760465,6.688372
07/22/2019 03:57:00.000000,0.160082,5.15025,0.047525,0.017303,7.314286
07/22/2019 03:58:00.000000,0.157136,5.1375,0.0476,0.010951,6.89
07/22/2019 03:59:00.000000,0.163291,5.01175,0.046925,13.27381,7.057143
07/22/2019 04:00:00.000000,0.161245,4.913,0.04595,6.628571,5.683333
07/22/2019 04:01:00.000000,0.167194,4.87225,0.0457,0.007909,5.995
07/22/2019 04:02:00.000000,0.056727,4.9265,0.046,16.797368,7.65
07/22/2019 04:03:00.000000,0.018386,5.067,0.045225,0.012379,6.6825
07/22/2019 04:04:00.000000,0.000367,5.26225,0.04445,6.535135,6.072973
07/22/2019 04:05:00.000000,7.7e-05,5.373,0.04485,0.009063,6.15
07/22/2019 04:06:00.000000,0.000208,5.3985,0.04605,5.942105,5.568421
07/22/2019 04:07:00.000000,-9999.0,5.437,0.04625,0.012564,6.33
07/22/2019 04:08:00.000000,-9999.0,5.52675,0.046225,12.865116,6.523256
07/22/2019 04:09:00.000000,-9999.0,5.52575,0.046125,10.051163,7.639535
07/22/2019 04:10:00.000000,0.000986,5.46625,0.045225,10.663158,8.742105
07/22/2019 04:11:00.000000,-9999.0,5.55125,0.0436,0.014484,7.647368
07/22/2019 04:12:00.000000,0.050073,5.513,0.0433,7.58,6.56
07/22/2019 04:13:00.000000,0.14273,5.63575,0.04365,0.007714,6.233333
07/22/2019 04:14:00.000000,0.183668,5.7205,0.044525,0.007652,6.2
07/22/2019 04:15:00.000000,0.191771,5.775,0.044475,0.007446,6.04
07/22/2019 04:16:00.000000,0.219702,5.93575,0.042575,0.025301,7.285714
07/22/2019 04:17:00.000000,0.208282,6.17075,0.042075,0.012938,6.573684
07/22/2019 04:18:00.000000,0.192432,6.2875,0.04275,0.014893,8.88
07/22/2019 04:19:00.000000,0.188879,6.241,0.042825,0.012424,6.928571
07/22/2019 04:20:00.000000,0.188965,6.179,0.04325,7.115385,6.358974
07/22/2019 04:21:00.000000,0.188907,6.245,0.042525,0.008434,6.716279
07/22/2019 04:22:00.000000,0.191392,6.362,0.042075,6.153659,6.136585
07/22/2019 04:23:00.000000,0.18316,6.29,0.0432,7.805128,7.066667
07/22/2019 04:24:00.000000,0.17924,6.088,0.04295,0.018451,7.985714
07/22/2019 04:25:00.000000,0.184151,5.9045,0.04335,0.013008,8.12381
07/22/2019 04:26:00.000000,0.181914,5.81425,0.0434,0.012716,8.337209
07/22/2019 04:27:00.000000,0.177399,5.695,0.043925,10.5,7.2375
07/22/2019 04:28:00.000000,0.167215,5.6095,0.044125,8.602326,7.216279
07/22/2019 04:29:00.000000,0.169219,5.39,0.043675,0.012244,7.453488
07/22/2019 04:30:00.000000,0.177413,5.2475,0.04325,0.013312,7.031707
07/22/2019 04:31:00.000000,0.18305,5.21975,0.042775,0.010662,7.067442
07/22/2019 04:32:00.000000,0.177057,5.1855,0.042775,0.012675,7.612195
07/22/2019 04:33:00.000000,0.181136,5.25625,0.041625,17.908571,7.782857
07/22/2019 04:34:00.000000,0.199173,5.359,0.040875,17.982979,7.170213
07/22/2019 04:35:00.000000,0.220687,5.47275,0.041725,0.014914,7.342857
07/22/2019 04:36:00.000000,0.202379,5.482,0.042425,14.215385,9.515385
07/22/2019 04:37:00.000000,0.206736,5.42625,0.0428,18.633333,8.038095
07/22/2019 04:38:00.000000,0.225198,5.41025,0.042325,0.010032,6.202222
07/22/2019 04:39:00.000000,0.232012,5.4445,0.040925,0.007981,6.502326
07/22/2019 04:40:00.000000,0.301372,5.56375,0.039575,0.016536,9.507143
07/22/2019 04:41:00.000000,0.361288,5.66125,0.0396,10.673171,7.765854
07/22/2019 04:42:00.000000,0.362152,5.825,0.0395,0.014279,8.072727
07/22/2019 04:43:00.000000,0.32338,6.21175,0.0388,0.013725,7.4125
07/22/2019 04:44:00.000000,0.255952,6.475,0.038675,0.01313,7.895
07/22/2019 04:45:00.000000,0.214136,6.60925,0.0403,0.010176,7.747368
07/22/2019 04:46:00.000000,0.18965,6.62625,0.04115,0.011653,7.783333
07/22/2019 04:47:00.000000,0.191939,5.997,0.040025,0.011448,7.969231
07/22/2019 04:48:00.000000,0.202688,5.1685,0.0392,6.609091,6.359091
07/22/2019 04:49:00.000000,0.213296,4.30725,0.03895,0.012966,6.877273
07/22/2019 04:50:00.000000,0.205317,3.3075,0.038475,9.482051,7.253846
07/22/2019 04:51:00.000000,0.205395,2.3085,0.038225,9.872727,7.972727
07/22/2019 04:52:00.000000,0.253732,1.416,0.0373,8.445455,7.15
07/22/2019 04:53:00.000000,0.31528,0.61675,0.03685,0.009171,6.832558
07/22/2019 04:54:00.000000,0.246866,-9999.0,0.0371,9.130769,6.625641
07/22/2019 04:55:00.000000,0.216465,-9999.0,0.037725,15.897561,6.770732
07/22/2019 04:56:00.000000,0.196464,-9999.0,0.039575,0.011961,6.025581
07/22/2019 04:57:00.000000,0.175921,2.75225,0.0426,0.009704,7.423077
07/22/2019 04:58:00.000000,0.165351,4.9325,0.04355,0.007653,6.157143
07/22/2019 04:59:00.000000,0.169186,1.64675,0.043475,8.62,7.09
07/22/2019 05:00:00.000000,0.161707,2.587,0.0429,10.562791,8.504651
07/22/2019 05:01:00.000000,0.15816,2.1865,0.041875,0.011448,7.310526
07/22/2019 05:02:00.000000,0.157279,2.05725,0.0409,0.008361,6.675
07/22/2019 05:03:00.000000,0.161927,2.0015,0.03905,0.013636,8.819512
07/22/2019 05:04:00.000000,0.176557,2.01375,0.038675,9.831707,8.517073
07/22/2019 05:05:00.000000,0.176863,2.04825,0.03965,9.688372,7.897674
07/22/2019 05:06:00.000000,0.166451,1.9965,0.0407,7.15,6.78
07/22/2019 05:07:00.000000,0.160402,1.96425,0.040825,8.307692,7.276923
07/22/2019 05:08:00.000000,0.163549,1.9515,0.040525,0.010798,7.315909
07/22/2019 05:09:00.000000,0.164469,1.9135,0.03935,10.468293,7.641463
07/22/2019 05:10:00.000000,0.164055,1.863,0.038775,10.956098,8.612195
07/22/2019 05:11:00.000000,0.172777,1.84175,0.038575,0.007663,6.261538
07/22/2019 05:12:00.000000,0.201976,1.84975,0.037075,0.0113,7.434884
07/22/2019 05:13:00.000000,0.207645,1.817,0.035925,0.01968,7.275
07/22/2019 05:14:00.000000,0.190152,1.78325,0.037975,10.82,7.795
07/22/2019 05:15:00.000000,0.171543,1.61625,0.0396,17.0625,6.54
07/22/2019 05:16:00.000000,0.164335,2.1725,0.04095,0.011546,6.816279
07/22/2019 05:17:00.000000,0.157114,34.0425,0.04205,0.00877,6.645
07/22/2019 05:18:00.000000,0.154777,62.79275,0.042025,0.013113,6.263636
07/22/2019 05:19:00.000000,0.152069,69.115,0.041075,9.775,7.775
07/22/2019 05:20:00.000000,0.1561,70.1015,0.040575,0.008308,6.64
07/22/2019 05:21:00.000000,0.160164,70.30925,0.040825,7.194737,6.568421
07/22/2019 05:22:00.000000,0.157382,70.272,0.04125,0.014046,7.678049
07/22/2019 05:23:00.000000,0.156577,70.17575,0.041875,0.010675,7.311364
07/22/2019 05:24:00.000000,0.155597,70.11275,0.0423,10.9375,7.71
07/22/2019 05:25:00.000000,0.150417,70.01025,0.041725,0.012089,7.543902
07/22/2019 05:26:00.000000,0.15468,61.14625,0.040675,8.119512,6.817073
07/22/2019 05:27:00.000000,0.154226,8.86575,0.040425,0.013318,6.273171
07/22/2019 05:28:00.000000,0.158286,0.0,0.0407,0.01004,7.040909
07/22/2019 05:29:00.000000,0.165554,0.0,0.041075,11.725,6.775
07/22/2019 05:30:00.000000,0.163174,-9999.0,0.041575,0.008708,6.281395
07/22/2019 05:31:00.000000,0.165431,-9999.0,0.0414,0.014087,7.356522
07/22/2019 05:32:00.000000,0.168411,-9999.0,0.0409,0.01339,7.1
07/22/2019 05:33:00.000000,0.170443,-9999.0,0.04055,0.010573,6.75122
07/22/2019 05:34:00.000000,0.177222,-9999.0,0.04,5.958974,5.769231
07/22/2019 05:35:00.000000,0.171866,-9999.0,0.0398,5.42381,5.42381
07/22/2019 05:36:00.000000,0.213402,-9999.0,0.038625,0.007427,6.0
07/22/2019 05:37:00.000000,0.281196,1.017333,0.0394,6.43,6.42
07/22/2019 05:38:00.000000,0.219608,1.9455,0.039525,10.716279,6.5
07/22/2019 05:39:00.000000,0.179526,3.14675,0.03885,0.008268,6.242857
07/22/2019 05:40:00.000000,0.175402,4.247,0.037675,7.738462,6.707692
07/22/2019 05:41:00.000000,0.186207,5.3455,0.03815,8.939024,6.202439
07/22/2019 05:42:00.000000,0.176041,6.3755,0.03815,0.010511,6.695
07/22/2019 05:43:00.000000,0.161828,7.48975,0.037625,8.5875,6.545
07/22/2019 05:44:00.000000,0.188703,8.37775,0.036875,0.009558,6.925
07/22/2019 05:45:00.000000,0.210731,8.5155,0.0368,8.295,6.32
07/22/2019 05:46:00.000000,0.171836,8.54825,0.036575,8.826829,6.2
07/22/2019 05:47:00.000000,0.121466,8.459,0.03695,6.197436,5.861538
07/22/2019 05:48:00.000000,0.361642,8.20125,0.037675,8.346341,5.714634
07/22/2019 05:49:00.000000,0.771915,8.047,0.037775,0.009876,6.72439
07/22/2019 05:50:00.000000,0.959534,7.76025,0.038275,8.576923,5.969231
07/22/2019 05:51:00.000000,1.01834,7.44025,0.038725,0.010388,6.231818
07/22/2019 05:52:00.000000,1.034266,6.95875,0.037775,0.010634,6.214634
07/22/2019 05:53:00.000000,1.041163,6.55975,0.037675,0.012232,6.452632
07/22/2019 05:54:00.000000,1.044777,6.14725,0.037825,6.8,6.246154
07/22/2019 05:55:00.000000,1.042975,5.83825,0.038325,9.02,7.22
07/22/2019 05:56:00.000000,0.988697,5.589,0.0393,9.071429,5.983333
07/22/2019 05:57:00.000000,0.491834,5.32525,0.039375,10.02,5.615
07/22/2019 05:58:00.000000,0.06422,5.2095,0.038825,0.010593,7.240909
07/22/2019 05:59:00.000000,0.018275,5.16725,0.0382,11.913953,7.918605
07/22/2019 06:00:00.000000,0.014192,5.141,0.038175,7.225581,6.409302
07/22/2019 06:01:00.000000,0.013751,5.02925,0.0389,8.728205,5.761538
07/22/2019 06:02:00.000000,0.012691,4.95875,0.038875,0.010163,6.038462
07/22/2019 06:03:00.000000,0.010941,4.89125,0.038925,6.175,5.93
07/22/2019 06:04:00.000000,0.011398,4.909,0.03795,0.008995,6.323077
07/22/2019 06:05:00.000000,0.011014,4.947,0.03785,9.4,7.428571
07/22/2019 06:06:00.000000,0.004269,4.90825,0.038475,10.390909,6.736364
07/22/2019 06:07:00.000000,0.030699,4.796,0.038225,0.007888,5.721951
07/22/2019 06:08:00.000000,0.10582,4.73425,0.037825,7.751163,5.944186
07/22/2019 06:09:00.000000,0.133371,4.92775,0.0368,16.090244,5.829268
07/22/2019 06:10:00.000000,0.136417,4.95775,0.0371,0.01254,6.571429
07/22/2019 06:11:00.000000,0.135043,4.98175,0.0374,7.214286,6.014286
07/22/2019 06:12:00.000000,0.136539,5.13825,0.036525,0.014445,6.668293
07/22/2019 06:13:00.000000,0.288291,5.37975,0.03575,0.009056,5.771429
07/22/2019 06:14:00.000000,0.615356,5.51025,0.03665,5.531707,5.343902
07/22/2019 06:15:00.000000,0.374999,5.63925,0.0374,0.006639,5.3
07/22/2019 06:16:00.000000,0.169607,5.69025,0.03715,0.00961,6.626829
07/22/2019 06:17:00.000000,0.136918,5.65425,0.035875,5.709091,5.518182
07/22/2019 06:18:00.000000,0.132085,5.71525,0.035175,0.020141,6.974419
07/22/2019 06:19:00.000000,0.132574,5.84375,0.0351,6.145455,5.172727
07/22/2019 06:20:00.000000,0.137185,5.76825,0.035375,0.007868,5.326829
07/22/2019 06:21:00.000000,0.146494,5.72225,0.035325,0.007614,5.828571
07/22/2019 06:22:00.000000,0.147321,5.80175,0.035275,7.222727,6.245455
07/22/2019 06:23:00.000000,0.14417,5.99975,0.035175,5.190698,5.095349
07/22/2019 06:24:00.000000,0.14267,6.14975,0.035075,5.412195,4.817073
07/22/2019 06:25:00.000000,0.138366,6.19475,0.035125,5.678947,5.147368
07/22/2019 06:26:00.000000,0.142414,6.2375,0.034725,0.008533,5.804545
07/22/2019 06:27:00.000000,0.149321,6.32075,0.033825,0.011295,7.294872
07/22/2019 06:28:00.000000,0.154977,6.67925,0.03245,5.605,5.29
07/22/2019 06:29:00.000000,0.182157,7.5895,0.0292,7.655556,5.42
07/22/2019 06:30:00.000000,0.197073,8.224,0.0302,0.007367,5.158537
07/22/2019 06:31:00.000000,0.170044,8.564,0.032375,0.010354,6.453846
07/22/2019 06:32:00.000000,0.161341,8.94975,0.03215,0.012789,7.72439
07/22/2019 06:33:00.000000,0.157329,9.28525,0.0327,0.007203,5.222727
07/22/2019 06:34:00.000000,0.148949,9.42975,0.033975,6.265854,5.739024
07/22/2019 06:35:00.000000,0.148241,11.2805,0.032325,7.268293,6.231707
07/22/2019 06:36:00.000000,0.252774,21.29125,0.02425,0.032413,8.373171
07/22/2019 06:37:00.000000,0.280134,22.97,0.02065,0.013649,6.914286
07/22/2019 06:38:00.000000,0.198276,18.0565,0.024575,0.006098,4.8
07/22/2019 06:39:00.000000,0.18868,14.304,0.0276,0.006241,5.083333
07/22/2019 06:40:00.000000,0.182703,13.99325,0.0287,6.480488,5.882927
07/22/2019 06:41:00.000000,0.183926,18.3045,0.0252,0.010068,6.853659
07/22/2019 06:42:00.000000,0.212152,16.8755,0.02455,0.013505,6.748649
07/22/2019 06:43:00.000000,0.254932,10.85,0.029875,0.009617,6.614286
07/22/2019 06:44:00.000000,0.201274,7.8225,0.0351,0.020381,7.092308
07/22/2019 06:45:00.000000,0.172531,7.61725,0.03745,8.663415,5.268293
07/22/2019 06:46:00.000000,0.156424,7.308,0.03935,0.006405,5.0
07/22/2019 06:47:00.000000,0.150104,6.97425,0.048,11.146341,5.256098
07/22/2019 06:48:00.000000,0.148173,6.671,0.05795,10.275,5.895
07/22/2019 06:49:00.000000,0.15075,6.514,0.0599,9.569767,5.225581
07/22/2019 06:50:00.000000,0.181389,6.40675,0.059525,0.006374,4.76
07/22/2019 06:51:00.000000,0.163774,6.37025,0.059025,0.005893,4.7
07/22/2019 06:52:00.000000,0.151665,14.888,0.058825,0.007735,4.870732
07/22/2019 06:53:00.000000,0.153396,12.19975,0.058475,0.014651,6.692683
07/22/2019 06:54:00.000000,0.166449,14.039,0.05875,0.010935,5.47
07/22/2019 06:55:00.000000,0.170583,12.57725,0.0592,0.012092,6.037209
07/22/2019 06:56:00.000000,0.157985,12.3315,0.051225,0.005764,4.492683
07/22/2019 06:57:00.000000,0.155377,12.04975,0.001025,5.907317,5.112195
07/22/2019 06:58:00.000000,0.1602,11.9545,-9999.0,0.006591,5.13
07/22/2019 06:59:00.000000,0.172247,11.88725,0.0004,0.01032,5.445455
07/22/2019 07:00:00.000000,0.198964,11.79475,0.000725,0.006172,4.814286
07/22/2019 07:01:00.000000,0.174986,11.24425,0.0006,0.008798,4.951351
07/22/2019 07:02:00.000000,0.139537,10.47825,0.0007,0.009891,5.075
07/22/2019 07:03:00.000000,0.134352,10.15375,0.00065,0.00658,4.785714
07/22/2019 07:04:00.000000,0.146313,10.04875,0.000975,0.009462,5.758537
07/22/2019 07:05:00.000000,0.149043,10.384,0.0005,0.008031,4.695122
07/22/2019 07:06:00.000000,0.156491,10.50725,0.000225,4.972093,4.530233
07/22/2019 07:07:00.000000,0.152542,10.27875,0.00075,4.834146,4.756098
07/22/2019 07:08:00.000000,0.143713,9.77075,0.00055,5.216279,5.106977
07/22/2019 07:09:00.000000,0.194973,15.81575,0.000175,6.061905,5.052381
07/22/2019 07:10:00.000000,0.229502,13.74375,0.000125,0.014673,5.375
07/22/2019 07:11:00.000000,0.191858,13.6695,0.00035,0.00748,4.871429
07/22/2019 07:12:00.000000,0.167432,13.985,0.000675,4.62093,4.62093
07/22/2019 07:13:00.000000,0.143987,14.217,0.001,5.060465,5.060465
07/22/2019 07:14:00.000000,0.141543,14.53225,0.000525,0.00842,5.980488
07/22/2019 07:15:00.000000,0.146707,14.85125,0.0004,0.008828,5.87619
07/22/2019 07:16:00.000000,0.179635,15.247,0.002525,5.489744,5.130769
07/22/2019 07:17:00.000000,0.298629,15.549,0.03185,13.857143,5.128571
07/22/2019 07:18:00.000000,0.226875,16.09475,0.027525,0.012425,6.258537
07/22/2019 07:19:00.000000,0.170322,16.8005,0.023175,7.7,6.0
07/22/2019 07:20:00.000000,0.166439,17.49325,0.0213,0.01079,7.0
07/22/2019 07:21:00.000000,0.162046,17.5005,0.022625,8.778049,5.604878
07/22/2019 07:22:00.000000,0.155332,15.58875,0.023775,0.064108,5.863158
07/22/2019 07:23:00.000000,0.170126,16.47875,0.0227,0.03658,5.790909
07/22/2019 07:24:00.000000,0.192473,21.01575,0.02175,0.015347,7.113953
07/22/2019 07:25:00.000000,0.191635,20.8575,0.021,0.007003,5.414634
07/22/2019 07:26:00.000000,0.185759,20.8185,0.021025,11.0,6.2725
07/22/2019 07:27:00.000000,0.184302,20.47875,0.022325,11.953846,7.469231
07/22/2019 07:28:00.000000,0.178977,19.87475,0.025675,0.007286,5.54186
07/22/2019 07:29:00.000000,0.170927,19.182,0.027,9.675,7.2
07/22/2019 07:30:00.000000,0.173914,18.432,0.0282,9.642105,5.947368
07/22/2019 07:31:00.000000,0.185512,17.442,0.029575,9.75641,5.784615
07/22/2019 07:32:00.000000,0.177206,16.45125,0.030075,0.012327,7.9
07/22/2019 07:33:00.000000,0.175504,15.46075,0.029875,0.009715,6.730769
07/22/2019 07:34:00.000000,0.191975,14.5465,0.02905,10.547619,7.333333
07/22/2019 07:35:00.000000,0.194829,14.05975,0.02825,0.008887,6.170732
07/22/2019 07:36:00.000000,0.174546,13.7615,0.0291,0.012431,6.925
07/22/2019 07:37:00.000000,0.164448,13.46175,0.03045,9.706818,6.527273
07/22/2019 07:38:00.000000,0.162952,13.2685,0.0311,9.712195,6.526829
07/22/2019 07:39:00.000000,0.172229,13.209,0.030925,11.539024,8.429268
07/22/2019 07:40:00.000000,0.201036,13.20875,0.030425,6.82,6.22
07/22/2019 07:41:00.000000,0.212399,13.12025,0.030525,16.928571,7.709524
07/22/2019 07:42:00.000000,0.183903,12.84925,0.0311,0.010218,6.554762
07/22/2019 07:43:00.000000,0.174031,12.419,0.0325,16.260465,7.016279
07/22/2019 07:44:00.000000,0.171173,11.70775,0.03525,0.019496,8.307317
07/22/2019 07:45:00.000000,0.163642,11.12125,0.03655,0.008522,5.911628
07/22/2019 07:46:00.000000,0.162889,10.490667,0.037125,5.792308,5.692308
07/22/2019 07:47:00.000000,0.172205,10.059,0.03695,0.008563,5.721053
07/22/2019 07:48:00.000000,0.178504,9.5055,0.035475,0.011894,6.182927
07/22/2019 07:49:00.000000,0.176752,8.99275,0.03505,0.0075,5.505128
07/22/2019 07:50:00.000000,0.176182,8.496,0.03635,5.063158,5.071053
07/22/2019 07:51:00.000000,0.171863,8.20875,0.0378,5.158974,5.158974
07/22/2019 07:52:00.000000,0.159803,8.1655,0.03735,0.015879,5.506977
07/22/2019 07:53:00.000000,0.159297,8.18,0.0344,0.010422,6.530612
07/22/2019 07:54:00.000000,0.165218,8.21675,0.035425,0.032657,8.2
07/22/2019 07:55:00.000000,0.172074,8.3,0.03565,12.193023,6.516279
07/22/2019 07:56:00.000000,0.170544,8.3855,0.03655,23.063415,8.295122
07/22/2019 07:57:00.000000,0.168819,8.49175,0.0347,52.6,16.466667
07/22/2019 07:58:00.000000,0.168507,8.5595,0.033225,0.033229,12.2475
07/22/2019 07:59:00.000000,0.164348,8.573,0.035525,9.248837,6.95814
07/22/2019 08:00:00.000000,0.160339,8.54975,0.035225,0.008327,6.178049
07/22/2019 08:01:00.000000,0.202004,8.5254,0.0347,0.016432,6.747826
07/22/2019 08:02:00.000000,0.330702,8.563,0.033767,6.683333,5.785714
07/22/2019 08:03:00.000000,0.249241,8.533667,0.032525,0.010815,7.123077
07/22/2019 08:04:00.000000,0.183566,8.5415,0.031775,6.553659,6.37561
07/22/2019 08:05:00.000000,0.165905,8.51175,0.03125,8.342857,6.885714
07/22/2019 08:06:00.000000,0.166679,8.54,0.031475,7.455556,6.306667
07/22/2019 08:07:00.000000,0.167109,8.547,0.032625,9.716667,7.116667
07/22/2019 08:08:00.000000,0.161472,8.54625,0.03385,0.009597,7.47
07/22/2019 08:09:00.000000,0.156916,8.49325,0.034075,,
07/22/2019 08:10:00.000000,0.166091,8.3385,0.034175,8.6125,8.1
07/22/2019 08:11:00.000000,0.179495,8.215,0.03375,0.009085,7.427273
07/22/2019 08:12:00.000000,0.187073,8.005,0.03335,0.008175,6.62
07/22/2019 08:13:00.000000,0.202596,7.78175,0.033,0.008666,6.934783
07/22/2019 08:14:00.000000,0.188631,7.546,0.032825,0.019184,8.02439
07/22/2019 08:15:00.000000,0.181765,10.94175,0.03035,8.204878,7.039024
07/22/2019 08:16:00.000000,0.188529,8.124,0.03055,9.6875,7.055
07/22/2019 08:17:00.000000,0.172424,6.89875,0.032525,7.625581,7.272093
07/22/2019 08:18:00.000000,0.168382,6.8155,0.03295,0.009167,7.385714
07/22/2019 08:19:00.000000,0.182161,6.82175,0.0334,7.0,6.983333
07/22/2019 08:20:00.000000,0.172104,6.735,0.034775,11.745,8.515
07/22/2019 08:21:00.000000,0.156055,6.66425,0.034625,0.009638,7.178049
07/22/2019 08:22:00.000000,0.152312,6.66975,0.0335,0.010416,7.502326
07/22/2019 08:23:00.000000,0.154628,6.74,0.0332,0.014471,9.630769
07/22/2019 08:24:00.000000,0.153025,6.9495,0.031725,11.960976,8.507317
07/22/2019 08:25:00.000000,0.15472,7.27225,0.03035,11.986047,9.304651
07/22/2019 08:26:00.000000,0.156596,7.66,0.030525,0.013999,9.334146
07/22/2019 08:27:00.000000,0.17284,7.9865,0.0306,8.995122,8.617073
07/22/2019 08:28:00.000000,0.197647,8.39925,0.030075,0.014121,8.5
07/22/2019 08:29:00.000000,0.173146,8.783,0.029925,11.257895,8.415789
07/22/2019 08:30:00.000000,0.158329,9.08475,0.030475,0.015858,9.082927
07/22/2019 08:31:00.000000,0.173118,9.316,0.029725,0.015286,9.029268
07/22/2019 08:32:00.000000,0.291596,9.43075,0.028525,9.214286,8.666667
07/22/2019 08:33:00.000000,0.27636,9.461,0.028075,12.370732,9.346341
07/22/2019 08:34:00.000000,0.192455,9.45,0.027825,0.016757,9.238462
07/22/2019 08:35:00.000000,0.175992,9.56775,0.027425,11.665854,8.090244
07/22/2019 08:36:00.000000,0.179284,9.65575,0.0274,12.671429,8.5
07/22/2019 08:37:00.000000,0.160454,10.02225,0.02735,10.414286,8.342857
07/22/2019 08:38:00.000000,0.153757,10.21725,0.027825,9.48,8.3
07/22/2019 08:39:00.000000,0.153318,10.247,0.028325,0.013774,8.216667
07/22/2019 08:40:00.000000,0.15069,10.11925,0.02865,7.623077,7.1
07/22/2019 08:41:00.000000,0.151188,9.90775,0.0294,0.013263,7.92
07/22/2019 08:42:00.000000,0.160153,9.68725,0.029225,13.041304,8.76087
07/22/2019 08:43:00.000000,0.157807,9.41075,0.029075,0.009973,7.357143
07/22/2019 08:44:00.000000,0.171809,9.305,0.028575,10.036364,7.856818
07/22/2019 08:45:00.000000,0.162255,8.83075,0.028225,0.016757,9.53
07/22/2019 08:46:00.000000,0.153655,8.52875,0.028675,11.277273,7.865909
07/22/2019 08:47:00.000000,0.159458,8.401,0.02885,9.690244,8.097561
07/22/2019 08:48:00.000000,0.172102,8.4305,0.02865,0.012568,7.616667
07/22/2019 08:49:00.000000,0.193804,8.504,0.02865,7.753659,7.243902
07/22/2019 08:50:00.000000,0.20528,8.48025,0.02855,0.011097,7.792308
07/22/2019 08:51:00.000000,0.181823,8.47975,0.02825,9.736364,7.479545
07/22/2019 08:52:00.000000,0.187582,8.31175,0.028725,0.011286,8.08
07/22/2019 08:53:00.000000,0.194277,8.217,0.02885,8.6,7.390476
07/22/2019 08:54:00.000000,0.177822,8.106,0.0287,11.658537,7.968293
07/22/2019 08:55:00.000000,0.174032,7.901,0.02975,8.956098,7.160976
07/22/2019 08:56:00.000000,0.170237,7.57325,0.030875,0.008449,6.654545
07/22/2019 08:57:00.000000,0.159398,7.2285,0.031875,0.009307,7.202326
07/22/2019 08:58:00.000000,0.156261,6.97925,0.03185,9.942857,7.385714
07/22/2019 08:59:00.000000,0.149628,6.86225,0.030875,0.011592,8.253659
07/22/2019 09:00:00.000000,0.150036,6.75225,0.03055,0.010878,8.058537
07/22/2019 09:01:00.000000,0.152009,6.669,0.0302,11.423077,7.915385
07/22/2019 09:02:00.000000,0.17833,6.5345,0.030825,0.009572,7.039535
07/22/2019 09:03:00.000000,0.178883,6.45425,0.031325,0.01245,7.156098
07/22/2019 09:04:00.000000,0.149076,6.464,0.031525,8.77381,6.942857
07/22/2019 09:05:00.000000,0.142222,6.52375,0.031775,9.992683,7.646341
07/22/2019 09:06:00.000000,0.14049,6.561,0.031,10.471429,7.8
07/22/2019 09:07:00.000000,0.145486,6.5595,0.0295,0.015511,8.577273
07/22/2019 09:08:00.000000,0.147286,6.55725,0.029025,9.8625,7.765
07/22/2019 09:09:00.000000,0.150216,6.56325,0.0291,11.15,9.215
07/22/2019 09:10:00.000000,0.154521,6.597,0.0285,0.014062,8.327907
07/22/2019 09:11:00.000000,0.154069,6.6695,0.028225,11.328571,8.271429
07/22/2019 09:12:00.000000,0.149269,6.7265,0.02875,7.915385,7.453846
07/22/2019 09:13:00.000000,0.148935,6.83675,0.029325,0.014664,8.133333
07/22/2019 09:14:00.000000,0.145617,6.8085,0.02985,0.018327,9.836585
07/22/2019 09:15:00.000000,0.14229,6.7495,0.0305,0.015358,9.331707
07/22/2019 09:16:00.000000,0.141139,6.69175,0.029875,0.013266,7.541463
07/22/2019 09:17:00.000000,0.141906,6.61,0.0295,12.995,8.645
07/22/2019 09:18:00.000000,0.145428,6.53775,0.029725,0.010235,7.987805
07/22/2019 09:19:00.000000,0.146257,6.44775,0.029825,0.009,7.281818
07/22/2019 09:20:00.000000,0.146394,6.36325,0.02975,0.01197,7.614634
07/22/2019 09:21:00.000000,0.144129,6.26775,0.029475,0.012582,7.7
07/22/2019 09:22:00.000000,0.147861,6.35575,0.02815,0.014184,8.202326
07/22/2019 09:23:00.000000,0.164445,6.5035,0.027125,0.014888,8.131579
07/22/2019 09:24:00.000000,0.160087,6.516,0.027725,11.004878,8.697561
07/22/2019 09:25:00.000000,0.157055,6.55175,0.02865,0.009858,7.869231
07/22/2019 09:26:00.000000,0.151259,6.55025,0.029175,0.009102,7.439474
07/22/2019 09:27:00.000000,0.145048,6.55675,0.02985,12.668293,8.680488
07/22/2019 09:28:00.000000,0.158581,6.53525,0.0301,0.014164,7.790244
07/22/2019 09:29:00.000000,0.246286,6.47275,0.0303,9.55,7.771429
07/22/2019 09:30:00.000000,0.234792,6.289,0.030325,0.009256,7.46
07/22/2019 09:31:00.000000,0.164102,6.0425,0.0297,7.3125,7.315
07/22/2019 09:32:00.000000,0.147483,5.97,0.0291,0.008715,7.132558
07/22/2019 09:33:00.000000,0.148097,5.98575,0.027825,0.013184,8.827273
07/22/2019 09:34:00.000000,0.149863,6.07825,0.027225,14.036364,10.740909
07/22/2019 09:35:00.000000,0.146372,6.15125,0.027325,0.014725,8.6
07/22/2019 09:36:00.000000,0.150879,6.22025,0.027625,9.554545,8.031818
07/22/2019 09:37:00.000000,0.147058,6.26025,0.028475,9.285366,8.597561
07/22/2019 09:38:00.000000,0.143209,6.338,0.02805,9.726829,8.529268
07/22/2019 09:39:00.000000,0.149436,6.4535,0.02755,9.183333,8.671429
07/22/2019 09:40:00.000000,0.15208,6.477,0.027875,11.565,9.21
07/22/2019 09:41:00.000000,0.162318,6.40475,0.028375,14.7125,10.15
07/22/2019 09:42:00.000000,0.173641,6.2855,0.028725,0.012766,8.080488
07/22/2019 09:43:00.000000,0.210201,6.1765,0.0293,10.0,8.642857
07/22/2019 09:44:00.000000,0.232824,6.1015,0.0289,0.014378,8.8
07/22/2019 09:45:00.000000,0.232523,6.1425,0.02815,0.011654,7.784615
07/22/2019 09:46:00.000000,0.230276,6.21775,0.027325,0.014644,8.097561
07/22/2019 09:47:00.000000,0.228205,6.3335,0.02655,9.925,8.2
07/22/2019 09:48:00.000000,0.222965,6.54075,0.025825,13.3625,9.56
07/22/2019 09:49:00.000000,0.189768,6.67,0.026725,0.01399,8.107692
07/22/2019 09:50:00.000000,0.196551,6.80725,0.02655,8.055,7.5525
07/22/2019 09:51:00.000000,0.188168,6.95625,0.02655,7.585366,7.5
07/22/2019 09:52:00.000000,0.157205,7.079,0.02585,7.6,7.584615
07/22/2019 09:53:00.000000,0.156064,13.2655,0.022375,7.857143,7.85
07/22/2019 09:54:00.000000,0.158663,8.454,0.02515,8.609091,8.504545
07/22/2019 09:55:00.000000,0.151412,7.158,0.0278,0.01694,9.353488
07/22/2019 09:56:00.000000,0.156825,6.794,0.0273,0.014705,9.5
07/22/2019 09:57:00.000000,0.157619,6.18025,0.0276,10.342857,9.071429
07/22/2019 09:58:00.000000,0.1533,6.09375,0.029025,14.945238,10.2
07/22/2019 09:59:00.000000,0.152529,6.06375,0.02855,0.015735,8.692683
07/22/2019 10:00:00.000000,0.149387,6.0635,0.027475,0.015654,9.97561
07/22/2019 10:01:00.000000,0.148295,6.0165,0.028275,11.966667,8.3
07/22/2019 10:02:00.000000,0.047036,6.0015,0.02845,12.413953,8.974419
07/22/2019 10:03:00.000000,0.022411,6.9985,0.0267,9.523077,8.684615
07/22/2019 10:04:00.000000,0.006637,9.9785,0.025325,0.01349,9.482927
07/22/2019 10:05:00.000000,0.003707,7.31675,0.025875,9.138095,8.657143
07/22/2019 10:06:00.000000,0.006637,7.9205,0.025025,0.012735,8.761538
07/22/2019 10:07:00.000000,0.004518,8.61825,0.023875,0.01149,8.6675
07/22/2019 10:08:00.000000,-9999.0,8.756,0.02385,0.010327,8.378571
07/22/2019 10:09:00.000000,0.000701,8.84125,0.025025,7.995238,8.004762
07/22/2019 10:10:00.000000,0.008122,8.88375,0.0255,0.017021,10.194118
07/22/2019 10:11:00.000000,0.00269,8.93425,0.0257,0.016552,9.208333
07/22/2019 10:12:00.000000,0.035464,9.03,0.025625,0.018205,10.144186
07/22/2019 10:13:00.000000,0.118862,9.268,0.024975,15.72093,10.716279
07/22/2019 10:14:00.000000,0.164883,9.31,0.0257,0.011715,8.8625
07/22/2019 10:15:00.000000,0.154235,9.1765,0.0259,15.374359,10.84359
07/22/2019 10:16:00.000000,0.150089,8.894,0.026725,0.011368,8.416279
07/22/2019 10:17:00.000000,0.146962,8.58475,0.0284,0.014633,8.380488
07/22/2019 10:18:00.000000,0.144706,8.19025,0.02895,0.014858,8.128571
07/22/2019 10:19:00.000000,0.145178,7.811,0.0295,8.4525,7.76
07/22/2019 10:20:00.000000,0.14774,7.47825,0.028625,8.186486,8.186486
07/22/2019 10:21:00.000000,0.149524,7.10325,0.02715,13.936364,9.572727
07/22/2019 10:22:00.000000,0.151273,6.978,0.027275,0.013164,9.204167
07/22/2019 10:23:00.000000,0.149787,6.7505,0.028225,0.010592,8.303226
07/22/2019 10:24:00.000000,0.141601,6.5585,0.029075,0.01698,9.7675
07/22/2019 10:25:00.000000,0.140337,6.49475,0.0288,0.010919,8.343902
07/22/2019 10:26:00.000000,0.146356,6.59575,0.02835,0.009633,7.861111
07/22/2019 10:27:00.000000,0.189998,6.631,0.0285,0.017297,10.585185
07/22/2019 10:28:00.000000,0.225115,6.57625,0.027525,0.014837,9.12
07/22/2019 10:29:00.000000,0.170176,6.4285,0.026825,9.447222,8.861111
07/22/2019 10:30:00.000000,0.15573,6.34875,0.02755,0.015715,9.054839
07/22/2019 10:31:00.000000,0.150821,6.483,0.027275,13.784,10.204
07/22/2019 10:32:00.000000,0.147231,6.6975,0.0265,0.014144,9.77027
07/22/2019 10:33:00.000000,0.149127,6.84175,0.0266,8.802564,8.533333
07/22/2019 10:34:00.000000,0.146382,6.92225,0.026725,0.018021,10.894595
07/22/2019 10:35:00.000000,0.145792,7.05975,0.02625,0.017654,10.984211
07/22/2019 10:36:00.000000,0.146555,7.15875,0.02575,0.017368,9.72
07/22/2019 10:37:00.000000,0.144049,7.293,0.026225,0.011674,8.771429
07/22/2019 10:38:00.000000,0.147534,7.41775,0.025675,0.01798,10.2
07/22/2019 10:39:00.000000,0.150405,7.55675,0.025075,0.018858,10.291429
07/22/2019 10:40:00.000000,0.148853,7.718,0.02395,0.019858,10.7425
07/22/2019 10:41:00.000000,0.154755,7.8405,0.02435,15.385366,10.197561
07/22/2019 10:42:00.000000,0.1811,7.8755,0.0258,18.448837,12.234884
07/22/2019 10:43:00.000000,0.220601,7.79075,0.026075,0.018083,10.128571
07/22/2019 10:44:00.000000,0.193357,7.623,0.02755,0.012103,9.05
07/22/2019 10:45:00.000000,0.158829,7.42025,0.028125,0.014409,9.295238
07/22/2019 10:46:00.000000,0.150912,7.2185,0.028325,14.492683,10.231707
07/22/2019 10:47:00.000000,0.152602,7.03075,0.028325,16.15122,10.865854
07/22/2019 10:48:00.000000,0.154066,6.8795,0.02755,18.139024,12.058537
07/22/2019 10:49:00.000000,0.162617,7.43875,0.02555,0.020123,11.163636
07/22/2019 10:50:00.000000,0.162452,11.64275,0.022825,15.923684,10.723684
07/22/2019 10:51:00.000000,0.160276,6.953,0.024375,14.370732,9.653659
07/22/2019 10:52:00.000000,0.156549,5.83125,0.0269,10.105128,9.092308
07/22/2019 10:53:00.000000,0.150087,6.627,0.027375,0.016571,9.446154
07/22/2019 10:54:00.000000,0.167418,7.49625,0.02595,0.021233,11.407143
07/22/2019 10:55:00.000000,0.17424,7.3275,0.0258,0.016533,10.025
07/22/2019 10:56:00.000000,0.155867,7.0565,0.027025,0.016555,10.64878
07/22/2019 10:57:00.000000,0.148595,6.97225,0.0267,13.260976,9.97561
07/22/2019 10:58:00.000000,0.150391,7.09975,0.025675,0.011771,9.070732
07/22/2019 10:59:00.000000,0.183041,10.532,0.024575,21.466667,15.44359
07/22/2019 11:00:00.000000,0.401671,10.1015,0.023,17.342857,11.680952
07/22/2019 11:01:00.000000,0.533521,9.10225,0.02354,0.020375,11.066667
07/22/2019 11:02:00.000000,0.277671,7.8645,0.02545,0.013883,10.3
07/22/2019 11:03:00.000000,0.1862,10.44175,0.0233,13.09,9.93
07/22/2019 11:04:00.000000,0.194062,8.43775,0.022425,17.612195,11.863415
07/22/2019 11:05:00.000000,0.157781,7.7815,0.0261,0.016802,10.515789
07/22/2019 11:06:00.000000,0.151483,7.558,0.027325,0.018144,10.114634
07/22/2019 11:07:00.000000,0.172565,7.36475,0.026575,16.775,11.205
07/22/2019 11:08:00.000000,0.193426,7.619,0.025075,0.017064,10.635
07/22/2019 11:09:00.000000,0.200672,10.25875,0.022375,0.017738,9.9
07/22/2019 11:10:00.000000,0.248245,17.9185,0.018675,0.018535,10.138462
07/22/2019 11:11:00.000000,0.246692,13.56675,0.017,0.016492,9.6
07/22/2019 11:12:00.000000,0.197282,12.50325,0.018025,0.020661,11.37
07/22/2019 11:13:00.000000,0.192423,14.053,0.01945,0.021478,11.7
07/22/2019 11:14:00.000000,0.196302,13.55725,0.022525,0.017371,10.646341
07/22/2019 11:15:00.000000,0.188561,12.82525,0.024225,0.022275,12.463415
07/22/2019 11:16:00.000000,0.213719,12.13625,0.02325,0.014734,10.966667
07/22/2019 11:17:00.000000,0.234677,11.39025,0.02605,17.23,12.045
07/22/2019 11:18:00.000000,0.194341,10.49,0.0286,0.021948,11.958537
07/22/2019 11:19:00.000000,0.160785,9.61375,0.02855,0.020906,11.814634
07/22/2019 11:20:00.000000,0.155853,9.6415,0.02765,11.607317,10.77561
07/22/2019 11:21:00.000000,0.165512,12.18775,0.02414,16.538462,13.138461
07/22/2019 11:22:00.000000,0.19967,11.838,0.023067,25.026829,17.014634
07/22/2019 11:23:00.000000,0.262645,9.3225,0.0234,13.484615,11.846154
07/22/2019 11:24:00.000000,0.228271,5.44175,0.0273,0.013713,9.946341
07/22/2019 11:25:00.000000,0.159618,6.9495,0.029675,0.013202,10.485714
07/22/2019 11:26:00.000000,0.152285,10.66525,0.028125,16.690476,11.542857
07/22/2019 11:27:00.000000,0.151242,10.1015,0.029075,15.55,12.390909
07/22/2019 11:28:00.000000,0.140041,9.209,0.033025,0.02295,12.847826
07/22/2019 11:29:00.000000,0.137084,8.70125,0.033075,0.022663,12.319512
07/22/2019 11:30:00.000000,0.137603,8.00125,0.031875,0.021519,12.370732
07/22/2019 11:31:00.000000,0.160179,7.44275,0.031425,0.022459,12.4
07/22/2019 11:32:00.000000,0.228793,6.93725,0.03065,0.021356,11.628571
07/22/2019 11:33:00.000000,0.279819,6.47675,0.0296,17.718182,11.845455
07/22/2019 11:34:00.000000,0.217308,6.159,0.027625,0.019782,11.9
07/22/2019 11:35:00.000000,0.229916,6.58225,0.0249,15.359524,10.442857
07/22/2019 11:36:00.000000,0.226005,7.15525,0.022975,0.016614,9.021053
07/22/2019 11:37:00.000000,0.204715,7.73125,0.019375,0.011577,9.05
07/22/2019 11:38:00.000000,0.219964,8.64,0.016675,0.010596,8.668182
07/22/2019 11:39:00.000000,0.27961,9.37225,0.015425,0.017698,10.148837
07/22/2019 11:40:00.000000,0.253497,10.11725,0.014375,12.09,9.5
07/22/2019 11:41:00.000000,0.236859,10.879,0.013525,13.414286,9.142857
07/22/2019 11:42:00.000000,0.253718,13.83275,0.012675,0.019353,10.545
07/22/2019 11:43:00.000000,0.254656,17.09575,0.01105,16.456098,10.970732
07/22/2019 11:44:00.000000,0.243275,18.52525,0.01035,14.297619,9.542857
07/22/2019 11:45:00.000000,0.260864,14.96275,0.0115,0.016379,10.75122
07/22/2019 11:46:00.000000,0.238936,12.044,0.013925,0.016288,10.66
07/22/2019 11:47:00.000000,0.203275,12.23825,0.01425,0.016511,9.228571
07/22/2019 11:48:00.000000,0.207182,12.171,0.0157,0.015072,9.161905
07/22/2019 11:49:00.000000,0.198389,11.99325,0.017375,13.581818,10.063636
07/22/2019 11:50:00.000000,0.182422,11.82075,0.017625,12.771429,10.285714
07/22/2019 11:51:00.000000,0.177967,11.60025,0.017675,0.017674,10.385366
07/22/2019 11:52:00.000000,0.174937,11.356,0.018025,0.011031,8.67907
07/22/2019 11:53:00.000000,0.178143,11.25675,0.017225,11.987179,8.4
07/22/2019 11:54:00.000000,0.196919,11.1935,0.015375,14.256098,9.42439
07/22/2019 11:55:00.000000,0.2382,11.2275,0.01345,0.015511,8.506818
07/22/2019 11:56:00.000000,0.262159,11.5605,0.0131,13.957143,9.216667
07/22/2019 11:57:00.000000,0.316393,12.5735,0.014025,8.821951,8.119512
07/22/2019 11:58:00.000000,0.369202,16.20525,0.013925,10.145455,8.152273
07/22/2019 11:59:00.000000,0.343856,14.77975,0.01395,11.678947,7.947368
07/22/2019 12:00:00.000000,0.272877,13.392,0.01435,7.822727,7.381818
07/22/2019 12:01:00.000000,0.25336,14.92525,0.013875,0.012756,8.32439
07/22/2019 12:02:00.000000,0.243993,12.69375,0.0143,12.071429,8.585714
07/22/2019 12:03:00.000000,0.221935,15.874333,0.014225,12.728571,9.028571
07/22/2019 12:04:00.000000,0.236599,19.61375,0.0131,12.543902,9.185366
07/22/2019 12:05:00.000000,0.239463,16.206,0.014725,12.153333,8.333333
07/22/2019 12:06:00.000000,0.262938,15.59025,0.016725,11.328571,8.885714
07/22/2019 12:07:00.000000,0.246627,14.91275,0.01805,12.539535,8.581395
07/22/2019 12:08:00.000000,0.222807,14.2595,0.018725,14.075,9.35
07/22/2019 12:09:00.000000,0.204508,13.5325,0.019,10.528571,7.7
07/22/2019 12:10:00.000000,0.191643,12.76925,0.018525,0.015389,8.923077
07/22/2019 12:11:00.000000,0.202857,12.10975,0.01715,0.013286,7.3
07/22/2019 12:12:00.000000,0.243065,11.4995,0.017,0.012225,7.333333
07/22/2019 12:13:00.000000,0.27021,11.21875,0.017475,0.00947,7.22439
07/22/2019 12:14:00.000000,0.208215,11.19975,0.01745,7.212195,7.2
07/22/2019 12:15:00.000000,0.186845,11.39525,0.01695,13.418182,7.977273
07/22/2019 12:16:00.000000,0.208848,11.59925,0.01645,0.012209,7.843902
07/22/2019 12:17:00.000000,0.223521,12.1025,0.0159,0.015919,8.221053
07/22/2019 12:18:00.000000,0.237073,12.57975,0.0148,20.511628,8.816279
07/22/2019 12:19:00.000000,0.224734,13.0465,0.01315,0.02132,9.835
07/22/2019 12:20:00.000000,0.256494,13.614,0.01255,14.22,9.505
07/22/2019 12:21:00.000000,0.297275,14.2125,0.0126,17.129268,9.570732
07/22/2019 12:22:00.000000,0.28627,14.77675,0.011975,12.45,9.09
07/22/2019 12:23:00.000000,0.306419,15.2815,0.01165,19.765909,8.827273
07/22/2019 12:24:00.000000,0.278059,15.6235,0.011775,0.011883,7.685714
07/22/2019 12:25:00.000000,0.248784,15.84125,0.010925,17.7,8.69
07/22/2019 12:26:00.000000,0.245754,16.2075,0.010375,0.017631,8.492105
07/22/2019 12:27:00.000000,0.272434,16.5775,0.01065,13.839024,8.314634
07/22/2019 12:28:00.000000,0.328875,16.73625,0.010025,44.7875,11.275
07/22/2019 12:29:00.000000,0.387635,,,,
07/22/2019 12:30:00.000000,0.377612,16.78725,0.010975,25.133333,10.033333
07/22/2019 12:31:00.000000,0.289874,16.69925,0.011725,21.314634,10.063415
07/22/2019 12:32:00.000000,0.31841,16.48575,0.013125,23.2,11.545
07/22/2019 12:33:00.000000,0.30704,16.09275,0.01455,0.029351,9.409756
07/22/2019 12:34:00.000000,0.253866,15.5905,0.015125,0.035078,7.385
07/22/2019 12:35:00.000000,0.233188,14.933,0.015575,0.021728,9.423256
07/22/2019 12:36:00.000000,0.235117,14.2815,0.0156,8.602326,7.82093
07/22/2019 12:37:00.000000,0.221241,13.71725,0.016,19.092308,9.869231
07/22/2019 12:38:00.000000,0.210743,13.187,0.016925,0.016143,8.757143
07/22/2019 12:39:00.000000,0.214693,12.6685,0.01755,19.376744,7.983721
07/22/2019 12:40:00.000000,0.225367,12.14375,0.017225,16.128205,9.55641
07/22/2019 12:41:00.000000,0.240723,12.02475,0.016825,0.019975,9.205
07/22/2019 12:42:00.000000,0.251738,15.89625,0.015325,0.028943,7.990244
07/22/2019 12:43:00.000000,0.274689,13.04575,0.01465,0.027464,8.5875
07/22/2019 12:44:00.000000,0.240062,12.01125,0.014375,22.760465,7.611628
07/22/2019 12:45:00.000000,0.249085,11.7215,0.0134,20.680488,10.814634
07/22/2019 12:46:00.000000,0.284486,15.863,0.0128,20.009091,9.945455
07/22/2019 12:47:00.000000,0.264752,17.9845,0.011675,0.019389,9.042857
07/22/2019 12:48:00.000000,0.23586,18.7975,0.01375,0.017756,9.674419
07/22/2019 12:49:00.000000,0.216753,13.543,0.016425,,
07/22/2019 12:50:00.000000,0.214562,12.92575,0.016925,0.017756,9.441463
07/22/2019 12:51:00.000000,0.264751,12.466,0.0167,0.024552,9.242857
07/22/2019 12:52:00.000000,0.263655,16.77975,0.013925,0.02047,8.613953
07/22/2019 12:53:00.000000,0.291579,22.8575,0.0114,17.076744,9.618605
07/22/2019 12:54:00.000000,0.307864,15.78525,0.01285,0.01894,8.869231
07/22/2019 12:55:00.000000,0.266885,13.61625,0.014025,0.021858,8.7
07/22/2019 12:56:00.000000,0.263307,13.80625,0.014725,21.88,8.603333
07/22/2019 12:57:00.000000,0.25215,14.35575,0.013475,24.071429,10.008571
07/22/2019 12:58:00.000000,0.308262,14.6715,0.012575,17.585366,7.909756
07/22/2019 12:59:00.000000,0.317697,15.0485,0.0125,13.722727,9.265909
07/22/2019 13:00:00.000000,0.292227,15.44475,0.011825,0.031733,9.428571
07/22/2019 13:01:00.000000,0.422234,14.34875,0.011375,21.948649,10.12973
07/22/2019 13:02:00.000000,0.495732,17.13175,0.011925,14.607692,10.130769
07/22/2019 13:03:00.000000,0.315543,15.4725,0.01325,14.439024,9.843902
07/22/2019 13:04:00.000000,0.260359,14.77,0.014,19.357143,8.633333
07/22/2019 13:05:00.000000,0.255964,14.52075,0.0143,0.024217,8.6475
07/22/2019 13:06:00.000000,0.266881,14.441,0.014975,13.533333,9.385714
07/22/2019 13:07:00.000000,0.251214,14.49875,0.01395,0.017616,10.074359
07/22/2019 13:08:00.000000,0.273457,14.709,0.01245,0.018576,10.2
07/22/2019 13:09:00.000000,0.328479,15.028,0.011875,12.26,9.608889
07/22/2019 13:10:00.000000,0.312705,15.37975,0.011225,20.528571,8.042857
07/22/2019 13:11:00.000000,0.284251,15.691,0.011275,0.02064,9.209756
07/22/2019 13:12:00.000000,0.278194,15.9385,0.01125,0.017432,10.865854
07/22/2019 13:13:00.000000,0.28897,16.232,0.011275,0.017411,9.1625
07/22/2019 13:14:00.000000,0.328155,16.651,0.011175,0.017738,8.605882
07/22/2019 13:15:00.000000,0.336362,16.91025,0.0112,16.431034,8.982759
07/22/2019 13:16:00.000000,0.308903,16.953,0.011575,14.416667,8.25
07/22/2019 13:17:00.000000,0.2788,16.953667,0.011767,21.334884,10.337209
07/22/2019 13:18:00.000000,0.275024,16.8385,0.01155,0.018862,9.348889
07/22/2019 13:19:00.000000,0.271796,16.82475,0.01115,0.033515,11.735
07/22/2019 13:20:00.000000,0.289952,17.12025,0.010025,17.138095,10.057143
07/22/2019 13:21:00.000000,0.312619,17.45275,0.00915,0.044121,10.814286
07/22/2019 13:22:00.000000,0.423739,17.70575,0.009125,21.319512,9.54878
07/22/2019 13:23:00.000000,0.475874,21.319,0.008775,22.023077,9.130769
07/22/2019 13:24:00.000000,0.400728,18.017,0.010225,0.022807,9.785714
07/22/2019 13:25:00.000000,0.364179,20.25975,0.010525,19.755,8.455
07/22/2019 13:26:00.000000,0.399287,18.13425,0.010575,9.344186,7.697674
07/22/2019 13:27:00.000000,0.395553,15.1715,0.012725,6.911628,6.911628
07/22/2019 13:28:00.000000,0.326312,14.88375,0.013625,0.013447,9.360976
07/22/2019 13:29:00.000000,0.284348,15.0475,0.012575,0.023283,9.633333
07/22/2019 13:30:00.000000,0.285791,15.46475,0.01175,0.018744,7.628571
07/22/2019 13:31:00.000000,0.338366,21.16575,0.010075,0.017158,8.32
07/22/2019 13:32:00.000000,0.404636,18.66175,0.009925,19.915385,8.838462
07/22/2019 13:33:00.000000,0.44237,15.8055,0.011775,22.171429,7.316667
07/22/2019 13:34:00.000000,0.506795,16.5965,0.011775,0.024126,8.8
07/22/2019 13:35:00.000000,0.504926,16.708,0.0106,0.026929,9.540476
07/22/2019 13:36:00.000000,0.454634,19.66825,0.010825,17.185714,8.314286
07/22/2019 13:37:00.000000,0.439257,17.54775,0.012475,0.018887,8.271429
07/22/2019 13:38:00.000000,0.380086,15.5275,0.012275,20.269231,9.992308
07/22/2019 13:39:00.000000,0.421116,19.39025,0.010475,0.015992,9.095349
07/22/2019 13:40:00.000000,0.409389,19.9665,0.0098,16.056098,8.319512
07/22/2019 13:41:00.000000,0.404918,19.8305,0.009775,18.990476,11.457143
07/22/2019 13:42:00.000000,0.485562,22.2685,0.009775,17.905128,8.784615
07/22/2019 13:43:00.000000,0.466193,24.6185,0.009325,18.553659,8.2
07/22/2019 13:44:00.000000,0.491564,18.45975,0.0103,17.3,8.795
07/22/2019 13:45:00.000000,0.469436,17.87,0.0099,0.031882,8.9
07/22/2019 13:46:00.000000,0.442803,19.6845,0.009275,35.960465,9.846512
07/22/2019 13:47:00.000000,0.467518,21.60225,0.0084,0.027825,7.685714
07/22/2019 13:48:00.000000,0.522029,21.41925,0.00735,0.023594,10.471429
07/22/2019 13:49:00.000000,0.520998,23.5925,0.006625,0.017836,9.804878
07/22/2019 13:50:00.000000,0.505729,22.30175,0.007375,28.593023,9.772093
07/22/2019 13:51:00.000000,0.436413,25.71275,0.0068,21.895122,8.178049
07/22/2019 13:52:00.000000,0.584862,23.8065,0.007425,0.017354,9.195238
07/22/2019 13:53:00.000000,0.85739,24.00025,0.00855,14.439024,8.817073
07/22/2019 13:54:00.000000,0.895661,21.85925,0.00805,0.027564,9.818605
07/22/2019 13:55:00.000000,0.678769,22.897,0.007275,0.03419,11.371429
07/22/2019 13:56:00.000000,0.627983,23.45925,0.007575,21.725,10.58
07/22/2019 13:57:00.000000,0.596656,20.11075,0.009975,24.571429,11.771429
07/22/2019 13:58:00.000000,0.503972,18.91175,0.01195,0.023799,7.628571
07/22/2019 13:59:00.000000,0.422476,18.2825,0.012325,14.342857,7.566667
07/22/2019 14:00:00.000000,0.396247,19.27,0.011425,34.486667,7.953333
07/22/2019 14:01:00.000000,0.418732,19.3335,0.01165,0.020906,8.336842
07/22/2019 14:02:00.000000,0.444004,18.8295,0.01205,18.343902,9.168293
07/22/2019 14:03:00.000000,0.486978,17.674,0.01205,0.023717,9.472093
07/22/2019 14:04:00.000000,0.448151,18.7245,0.012025,17.406977,9.416279
07/22/2019 14:05:00.000000,0.389782,18.70025,0.01135,21.814286,10.171429
07/22/2019 14:06:00.000000,0.385411,18.86125,0.0111,15.464286,9.785714
07/22/2019 14:07:00.000000,0.411754,19.98225,0.01055,0.011079,8.605263
07/22/2019 14:08:00.000000,0.538521,25.59325,0.009075,0.022086,10.007692
07/22/2019 14:09:00.000000,0.552682,18.72375,0.00975,0.01108,8.414286
07/22/2019 14:10:00.000000,0.350293,18.17,0.01125,13.951163,9.82093
07/22/2019 14:11:00.000000,0.324941,17.075,0.01255,21.566667,10.1
07/22/2019 14:12:00.000000,0.349664,17.27275,0.012175,0.010826,7.923256
07/22/2019 14:13:00.000000,0.307203,17.4305,0.011475,25.119048,11.614286
07/22/2019 14:14:00.000000,0.368277,23.96775,0.00925,63.5,9.633333
07/22/2019 14:15:00.000000,0.493026,24.87625,0.007675,0.041487,9.776923
07/22/2019 14:16:00.000000,0.44426,21.03475,0.0096,18.242857,7.671429
07/22/2019 14:17:00.000000,0.408246,15.5955,0.0113,20.2,7.982927
07/22/2019 14:18:00.000000,0.53382,20.70375,0.010575,17.785714,9.9
07/22/2019 14:19:00.000000,0.604472,22.24075,0.0096,26.214286,13.283333
07/22/2019 14:20:00.000000,0.547363,22.98575,0.010975,31.5,13.986047
07/22/2019 14:21:00.000000,0.496581,18.49775,0.01215,0.039042,9.181395
07/22/2019 14:22:00.000000,0.476264,18.329,0.012775,18.453659,10.44878
07/22/2019 14:23:00.000000,0.441892,17.92025,0.0124,0.026216,9.519512
07/22/2019 14:24:00.000000,0.481734,18.2595,0.011,0.012866,9.3
07/22/2019 14:25:00.000000,0.540697,19.52075,0.0106,0.022462,9.780769
07/22/2019 14:26:00.000000,0.564195,21.48075,0.010325,20.164706,11.935294
07/22/2019 14:27:00.000000,0.522964,19.68,0.009575,20.2,10.092308
07/22/2019 14:28:00.000000,0.54186,23.515,0.010475,0.035272,10.795122
07/22/2019 14:29:00.000000,0.455763,17.25875,0.011975,0.021596,9.063158
07/22/2019 14:30:00.000000,0.432792,18.29375,0.01235,20.864706,9.379412
07/22/2019 14:31:00.000000,0.366994,18.209,0.01185,19.384615,9.310256
07/22/2019 14:32:00.000000,0.375064,18.1005,0.012325,21.117949,9.474359
07/22/2019 14:33:00.000000,0.375388,18.14175,0.0134,15.009091,8.118182
07/22/2019 14:34:00.000000,0.347985,18.052,0.01355,0.034905,11.383333
07/22/2019 14:35:00.000000,0.322742,17.842,0.0134,0.022438,9.45
07/22/2019 14:36:00.000000,0.325547,17.6475,0.014225,0.030915,11.603571
07/22/2019 14:37:00.000000,0.347471,17.4605,0.014375,53.239394,10.924242
07/22/2019 14:38:00.000000,0.336514,17.272,0.01425,18.556818,9.95
07/22/2019 14:39:00.000000,0.311137,17.1015,0.014075,27.714286,11.685714
07/22/2019 14:40:00.000000,0.294789,16.87,0.01385,23.004545,9.668182
07/22/2019 14:41:00.000000,0.341311,17.4015,0.014,17.965116,11.560465
07/22/2019 14:42:00.000000,0.413028,15.68,0.01515,21.195,11.15
07/22/2019 14:43:00.000000,0.32404,15.877,0.015775,0.026863,10.742857
07/22/2019 14:44:00.000000,0.302113,14.90925,0.01525,33.5875,11.38
07/22/2019 14:45:00.000000,0.339681,15.798,0.016575,25.397561,12.780488
07/22/2019 14:46:00.000000,0.30939,15.62625,0.0183,24.468293,12.317073
07/22/2019 14:47:00.000000,0.284025,15.661,0.0176,0.025729,12.45814
07/22/2019 14:48:00.000000,0.326611,15.7835,0.017375,0.024712,10.871429
07/22/2019 14:49:00.000000,0.426806,16.02725,0.016325,,
07/22/2019 14:50:00.000000,0.519673,16.1325,0.01705,13.21,10.695
07/22/2019 14:51:00.000000,0.478788,17.003,0.019475,15.357143,11.614286
07/22/2019 14:52:00.000000,0.432665,14.156,0.02085,11.21,10.525
07/22/2019 14:53:00.000000,0.361953,14.1935,0.0207,0.021482,10.383333
07/22/2019 14:54:00.000000,0.325582,12.5815,0.020675,15.361364,10.820455
07/22/2019 14:55:00.000000,0.328281,13.08225,0.02035,17.290244,11.156098
07/22/2019 14:56:00.000000,0.503892,18.6935,0.0175,32.442857,13.257143
07/22/2019 14:57:00.000000,0.458014,17.017,0.0166,0.026706,11.465854
07/22/2019 14:58:00.000000,0.342871,14.9135,0.01855,0.020885,9.844828
07/22/2019 14:59:00.000000,0.338824,14.97925,0.021425,0.026997,12.297222
07/22/2019 15:00:00.000000,0.305902,14.01725,0.0265,20.936364,11.439394
07/22/2019 15:01:00.000000,0.258686,13.55075,0.026675,18.38125,12.75625
07/22/2019 15:02:00.000000,0.287573,13.496,0.0239,0.041738,11.602632
07/22/2019 15:03:00.000000,0.341689,13.38625,0.0242,0.052594,15.581579
07/22/2019 15:04:00.000000,0.346331,13.0955,0.026225,17.223077,12.053846
07/22/2019 15:05:00.000000,0.321371,12.59925,0.02675,19.725,12.5375
07/22/2019 15:06:00.000000,0.259961,12.0405,0.025475,0.028823,12.46
07/22/2019 15:07:00.000000,0.241928,11.89925,0.024425,0.032014,14.875
07/22/2019 15:08:00.000000,0.273863,14.3625,0.023775,0.031509,15.058537
07/22/2019 15:09:00.000000,0.307524,14.95075,0.0233,47.128571,12.416667
07/22/2019 15:10:00.000000,0.324441,13.70325,0.0239,28.690244,14.717073
07/22/2019 15:11:00.000000,0.29702,12.029,0.02665,0.025855,13.393023
07/22/2019 15:12:00.000000,0.260835,11.54925,0.02735,36.758537,13.782927
07/22/2019 15:13:00.000000,0.2405,11.5745,0.027875,23.890625,14.771875
07/22/2019 15:14:00.000000,0.25158,11.3805,0.028733,0.033814,14.8
07/22/2019 15:15:00.000000,0.269327,11.11075,0.02925,24.245,13.865
07/22/2019 15:16:00.000000,0.335964,10.81125,0.03076,12.58,12.25
07/22/2019 15:17:00.000000,0.671449,10.61475,0.030575,20.151515,13.654545
07/22/2019 15:18:00.000000,0.420964,10.1765,0.032233,0.023954,14.128571
07/22/2019 15:19:00.000000,0.269691,10.01675,0.032725,0.024909,13.45
07/22/2019 15:20:00.000000,0.228921,9.701,0.03114,11.838889,11.647222
07/22/2019 15:21:00.000000,0.20266,9.30925,0.0309,16.253846,12.953846
07/22/2019 15:22:00.000000,0.355304,9.27475,0.0308,0.024826,12.342857
07/22/2019 15:23:00.000000,0.433279,9.21175,0.03,16.777273,13.063636
07/22/2019 15:24:00.000000,0.304513,9.13075,0.029025,0.023336,13.285
07/22/2019 15:25:00.000000,0.243313,8.567,0.02965,23.742857,11.5
07/22/2019 15:26:00.000000,0.291145,12.10325,0.029025,0.016731,11.114634
07/22/2019 15:27:00.000000,0.355199,8.9445,0.029625,10.52,10.505
07/22/2019 15:28:00.000000,0.241189,9.633,0.03225,0.014024,11.171429
07/22/2019 15:29:00.000000,0.217301,9.78,0.032575,13.507317,11.470732
07/22/2019 15:30:00.000000,0.206997,9.70975,0.03154,0.019407,11.789655
07/22/2019 15:31:00.000000,0.242177,11.105,0.029367,21.017073,10.434146
07/22/2019 15:32:00.000000,0.33781,14.19425,0.028825,19.395122,11.821951
07/22/2019 15:33:00.000000,0.276988,9.5145,0.0305,15.926829,11.758537
07/22/2019 15:34:00.000000,0.238983,9.28,0.032,14.987805,11.187805
07/22/2019 15:35:00.000000,0.249334,9.98425,0.031675,0.023064,12.523256
07/22/2019 15:36:00.000000,0.252406,10.987,0.030925,16.880488,10.580488
07/22/2019 15:37:00.000000,0.359654,11.431,0.02952,14.82093,10.630233
07/22/2019 15:38:00.000000,0.502031,8.819,0.0297,29.112195,10.273171
07/22/2019 15:39:00.000000,0.330761,10.151,0.030375,0.022005,11.126316
07/22/2019 15:40:00.000000,0.240258,11.2685,0.029625,14.613953,11.467442
07/22/2019 15:41:00.000000,0.263127,16.2875,0.0258,0.045471,11.413953
07/22/2019 15:42:00.000000,0.327399,13.93825,0.02475,16.170732,11.814634
07/22/2019 15:43:00.000000,0.277477,12.77275,0.026425,16.8,11.316667
07/22/2019 15:44:00.000000,0.25615,16.85875,0.025275,19.510526,12.210526
07/22/2019 15:45:00.000000,0.26572,15.5775,0.023325,37.353488,14.293023
07/22/2019 15:46:00.000000,0.27023,15.58625,0.02345,0.036847,16.64
07/22/2019 15:47:00.000000,0.28334,16.01675,0.022475,31.984211,16.578947
07/22/2019 15:48:00.000000,0.294796,16.12125,0.02235,0.047531,15.457895
07/22/2019 15:49:00.000000,0.342951,,,,
07/22/2019 15:50:00.000000,0.324552,16.019,0.024725,22.157143,13.983333
07/22/2019 15:51:00.000000,0.35585,16.152,0.024375,23.378947,14.910526
07/22/2019 15:52:00.000000,0.341831,15.99975,0.02415,26.887805,14.160976
07/22/2019 15:53:00.000000,0.335184,16.14325,0.024125,32.756097,14.256098
07/22/2019 15:54:00.000000,0.379225,15.73075,0.02565,0.020605,13.1
07/22/2019 15:55:00.000000,0.344363,15.401,0.026075,41.271429,13.316667
07/22/2019 15:56:00.000000,0.308024,13.97475,0.0269,0.036788,14.080556
07/22/2019 15:57:00.000000,0.271416,13.125,0.026775,0.028841,15.636585
07/22/2019 15:58:00.000000,0.250935,13.71525,0.0284,23.630769,15.223077
07/22/2019 15:59:00.000000,0.251248,17.30275,0.02855,28.05,14.25
07/22/2019 16:00:00.000000,0.258005,14.09225,0.02775,0.028167,14.514286
07/22/2019 16:01:00.000000,0.271074,13.58375,0.02705,0.022547,14.693103
07/22/2019 16:02:00.000000,0.077128,11.842667,0.0293,21.24878,15.985366
07/22/2019 16:03:00.000000,0.024096,11.57625,0.030775,20.071429,15.221429
07/22/2019 16:04:00.000000,0.004412,11.6325,0.031275,0.017556,13.22381
07/22/2019 16:05:00.000000,-9999.0,11.753,0.02965,24.07027,14.727027
07/22/2019 16:06:00.000000,0.000794,11.703,0.030325,0.028321,14.9675
07/22/2019 16:07:00.000000,-9999.0,12.7835,0.03065,24.042105,15.739474
07/22/2019 16:08:00.000000,-9999.0,14.0715,0.028375,23.25,14.2175
07/22/2019 16:09:00.000000,4.4e-05,11.7255,0.030225,,
07/22/2019 16:10:00.000000,0.000816,12.2255,0.03145,0.02901,15.407143
07/22/2019 16:11:00.000000,-9999.0,12.14175,0.029975,0.023726,15.075
07/22/2019 16:12:00.000000,0.062272,12.3285,0.02815,0.027641,14.262791
07/22/2019 16:13:00.000000,0.185021,12.33725,0.027175,27.490909,14.872727
07/22/2019 16:14:00.000000,0.259429,12.5955,0.028775,0.039451,15.877778
07/22/2019 16:15:00.000000,0.255195,15.97475,0.0282,25.897436,17.330769
07/22/2019 16:16:00.000000,0.313977,19.3475,0.0262,22.37619,15.757143
07/22/2019 16:17:00.000000,0.350791,12.92,0.029075,66.034211,17.992105
07/22/2019 16:18:00.000000,0.284683,13.34775,0.03065,34.414634,14.668293
07/22/2019 16:19:00.000000,0.272093,12.8095,0.031275,0.029299,14.4
07/22/2019 16:20:00.000000,0.249835,12.6975,0.031475,22.5925,15.3975
07/22/2019 16:21:00.000000,0.250278,12.50475,0.03265,23.248837,14.730233
07/22/2019 16:22:00.000000,0.238546,12.30675,0.033225,15.9,14.1
07/22/2019 16:23:00.000000,0.257546,12.16125,0.0322,0.031338,13.0925
07/22/2019 16:24:00.000000,0.257764,12.155,0.031875,0.02425,13.3
07/22/2019 16:25:00.000000,0.281753,12.24175,0.031275,29.6,14.926316
07/22/2019 16:26:00.000000,0.323015,12.45575,0.030575,29.004651,16.902326
07/22/2019 16:27:00.000000,0.298611,12.80225,0.0309,26.64,18.74
07/22/2019 16:28:00.000000,0.28024,13.10225,0.0312,0.039003,15.780952
07/22/2019 16:29:00.000000,0.264058,13.61625,0.031175,16.972727,13.886364
07/22/2019 16:30:00.000000,0.305585,14.0585,0.032275,0.026002,14.52093
07/22/2019 16:31:00.000000,0.313523,15.61625,0.032425,0.028788,12.965217
07/22/2019 16:32:00.000000,0.320146,19.3035,0.031025,27.082927,16.868293
07/22/2019 16:33:00.000000,0.501704,15.45275,0.0324,0.029363,14.282927
07/22/2019 16:34:00.000000,0.409544,13.55325,0.03415,0.036319,16.433333
07/22/2019 16:35:00.000000,0.291221,16.13225,0.03285,0.031934,14.906977
07/22/2019 16:36:00.000000,0.315248,15.9865,0.031775,0.040534,15.284615
07/22/2019 16:37:00.000000,0.301722,14.60275,0.0312,0.036276,17.761702
07/22/2019 16:38:00.000000,0.306377,14.041,0.0326,0.029627,14.8
07/22/2019 16:39:00.000000,0.291235,12.876,0.034825,0.035283,14.3
07/22/2019 16:40:00.000000,0.265753,12.7885,0.0356,46.261538,24.115385
07/22/2019 16:41:00.000000,0.262994,11.5165,0.0275,42.391111,16.608889
07/22/2019 16:42:00.000000,0.328125,15.8145,0.0335,0.032904,14.255556
07/22/2019 16:43:00.000000,0.325635,11.4765,0.0363,0.029932,15.914286
07/22/2019 16:44:00.000000,0.325746,10.151,0.037125,30.8,17.552273
07/22/2019 16:45:00.000000,0.33543,10.71675,0.034575,0.025867,14.16
07/22/2019 16:46:00.000000,0.291454,13.973,0.0349,25.0,14.185714
07/22/2019 16:47:00.000000,0.272435,11.8565,0.037725,0.040187,13.104878
07/22/2019 16:48:00.000000,0.255757,11.57525,0.037375,26.739024,13.480488
07/22/2019 16:49:00.000000,0.257837,11.58175,0.037275,,
07/22/2019 16:50:00.000000,0.258069,17.0275,0.03485,0.04237,14.581395
07/22/2019 16:51:00.000000,0.256846,18.098,0.033575,29.256098,12.536585
07/22/2019 16:52:00.000000,0.241117,13.56125,0.036,0.029319,13.053659
07/22/2019 16:53:00.000000,0.239734,16.66825,0.036525,19.85,14.45
07/22/2019 16:54:00.000000,0.276276,12.817,0.038275,0.036643,15.2
07/22/2019 16:55:00.000000,0.317682,12.63225,0.037925,0.026796,14.1
07/22/2019 16:56:00.000000,0.280014,12.826,0.038175,0.016615,12.056098
07/22/2019 16:57:00.000000,0.23205,12.83925,0.03855,18.217073,13.080488
07/22/2019 16:58:00.000000,0.26927,12.242,0.0374,19.982353,14.75
07/22/2019 16:59:00.000000,0.382162,12.431,0.03885,0.022709,13.02
07/22/2019 17:00:00.000000,0.31491,11.70225,0.04035,0.025749,12.426316
07/22/2019 17:01:00.000000,0.243631,13.081,0.04055,25.384615,12.146154
07/22/2019 17:02:00.000000,0.24407,13.36025,0.03925,30.585366,16.107317
07/22/2019 17:03:00.000000,0.290138,13.20275,0.0405,0.027332,14.902439
07/22/2019 17:04:00.000000,0.275891,12.79125,0.0429,0.028703,12.934884
07/22/2019 17:05:00.000000,0.265632,12.7935,0.04145,30.261905,12.285714
07/22/2019 17:06:00.000000,0.29361,15.8225,0.03805,20.582353,11.391176
07/22/2019 17:07:00.000000,0.342937,14.59275,0.039075,0.026527,13.308
07/22/2019 17:08:00.000000,0.327131,12.6325,0.041275,0.028148,12.377419
07/22/2019 17:09:00.000000,0.293262,15.15375,0.040525,0.015257,10.575
07/22/2019 17:10:00.000000,0.35407,15.21125,0.04025,0.032121,13.580952
07/22/2019 17:11:00.000000,0.359218,14.388,0.04165,0.032301,13.246154
07/22/2019 17:12:00.000000,0.326079,14.4815,0.041275,29.222222,15.02963
07/22/2019 17:13:00.000000,0.320919,13.8285,0.041825,0.030969,14.075
07/22/2019 17:14:00.000000,0.300947,13.562,0.042375,22.04359,13.097436
07/22/2019 17:15:00.000000,0.252765,14.536,0.04025,17.9,11.530556
07/22/2019 17:16:00.000000,0.303185,13.13725,0.040275,0.024244,12.427273
07/22/2019 17:17:00.000000,0.501902,12.2845,0.04275,0.031231,15.027586
07/22/2019 17:18:00.000000,0.386341,12.696,0.0419,24.713333,11.746667
07/22/2019 17:19:00.000000,0.282186,13.4285,0.04225,0.029887,12.225
07/22/2019 17:20:00.000000,0.351387,11.50375,0.044725,0.025778,13.313043
07/22/2019 17:21:00.000000,0.343058,15.40225,0.04245,32.664706,12.552941
07/22/2019 17:22:00.000000,0.290129,12.629,0.043,26.932353,13.95
07/22/2019 17:23:00.000000,0.267775,11.71275,0.046625,24.0175,12.7
07/22/2019 17:24:00.000000,0.265345,11.56125,0.04705,0.016398,11.08
07/22/2019 17:25:00.000000,0.263339,11.66425,0.0459,0.029612,13.325806
07/22/2019 17:26:00.000000,0.248626,11.906,0.04505,36.553659,13.734146
07/22/2019 17:27:00.000000,0.255093,11.9815,0.04655,28.485366,12.970732
07/22/2019 17:28:00.000000,0.287081,11.7815,0.048425,0.033812,11.847059
07/22/2019 17:29:00.000000,0.255383,11.604,0.048675,0.033897,14.12
07/22/2019 17:30:00.000000,0.306111,11.55425,0.046925,0.039927,12.44
07/22/2019 17:31:00.000000,0.360523,11.47025,0.047775,19.141176,12.217647
07/22/2019 17:32:00.000000,0.258835,11.33475,0.049025,0.03085,12.663636
07/22/2019 17:33:00.000000,0.225087,10.97725,0.04935,0.039546,12.588889
07/22/2019 17:34:00.000000,0.216509,10.63325,0.0493,23.768182,12.036364
07/22/2019 17:35:00.000000,0.26509,41.1445,0.039425,0.046571,12.78
07/22/2019 17:36:00.000000,0.356982,22.6665,0.0489,31.3,12.766667
07/22/2019 17:37:00.000000,0.341138,12.548,0.04725,0.060113,16.427273
07/22/2019 17:38:00.000000,0.30672,11.45675,0.047375,39.977273,14.559091
07/22/2019 17:39:00.000000,0.269202,10.35275,0.049325,29.28,13.2025
07/22/2019 17:40:00.000000,0.240427,10.07075,0.0503,26.107317,13.0
07/22/2019 17:41:00.000000,0.255538,10.21325,0.0499,24.563636,14.05
07/22/2019 17:42:00.000000,0.296454,10.4095,0.04965,26.790476,13.790476
07/22/2019 17:43:00.000000,0.297603,10.3985,0.0507,32.391304,14.404348
07/22/2019 17:44:00.000000,0.233857,10.57375,0.049925,44.852632,15.905263
07/22/2019 17:45:00.000000,0.271476,15.3545,0.0479,0.021715,12.063636
07/22/2019 17:46:00.000000,0.299847,10.18825,0.050175,0.013368,10.428947
07/22/2019 17:47:00.000000,0.250199,10.19475,0.051475,21.363415,12.265854
07/22/2019 17:48:00.000000,0.253942,9.46375,0.053125,0.035397,13.509524
07/22/2019 17:49:00.000000,0.252766,9.56075,0.051975,0.037419,13.868421
07/22/2019 17:50:00.000000,0.236518,10.02025,0.050325,31.123809,13.97619
07/22/2019 17:51:00.000000,0.243091,10.36975,0.05155,0.041598,14.48
07/22/2019 17:52:00.000000,0.26561,10.5085,0.052025,0.030631,11.5
07/22/2019 17:53:00.000000,0.281937,10.40725,0.053925,24.417647,11.570588
07/22/2019 17:54:00.000000,0.238321,10.29375,0.0547,15.43871,9.829032
07/22/2019 17:55:00.000000,0.238204,10.87225,0.050325,0.029905,11.1725
07/22/2019 17:56:00.000000,0.284104,11.377,0.04915,24.628947,11.757895
07/22/2019 17:57:00.000000,0.260476,11.22025,0.0538,19.964,9.784
07/22/2019 17:58:00.000000,0.254295,10.666,0.055425,0.030818,9.153846
07/22/2019 17:59:00.000000,0.2721,10.1775,0.05515,0.022344,8.533333
07/22/2019 18:00:00.000000,0.237873,10.21475,0.054575,0.022538,11.882927
07/22/2019 18:01:00.000000,0.257488,10.68325,0.053425,0.03059,14.130556
07/22/2019 18:02:00.000000,0.22229,11.264,0.052625,18.403125,12.175
07/22/2019 18:03:00.000000,0.231958,11.02875,0.053625,0.021346,11.560976
07/22/2019 18:04:00.000000,0.231757,10.888,0.05445,0.023427,11.828571
07/22/2019 18:05:00.000000,0.223804,11.25425,0.053125,34.969767,12.272093
07/22/2019 18:06:00.000000,0.247535,11.72,0.0519,25.325641,12.112821
07/22/2019 18:07:00.000000,0.236259,13.35675,0.051975,0.021303,9.552632
07/22/2019 18:08:00.000000,0.258628,8.5475,0.0548,20.461538,9.148718
07/22/2019 18:09:00.000000,0.245485,10.254,0.056175,16.102439,10.182927
07/22/2019 18:10:00.000000,0.242321,11.674,0.053875,0.027263,8.78125
07/22/2019 18:11:00.000000,0.30086,9.70475,0.05415,13.346341,8.797561
07/22/2019 18:12:00.000000,0.260109,7.39875,0.05905,0.016351,8.9
07/22/2019 18:13:00.000000,0.195924,7.76875,0.059233,0.034802,8.63
07/22/2019 18:14:00.000000,0.189668,8.39925,0.05785,21.517647,10.188235
07/22/2019 18:15:00.000000,0.197818,8.54,0.057,17.70625,9.775
07/22/2019 18:16:00.000000,0.197878,9.7085,0.05655,0.012845,8.675
07/22/2019 18:17:00.000000,0.236362,16.23,0.055533,0.024903,8.5
07/22/2019 18:18:00.000000,0.276231,13.09025,0.054175,30.628947,9.163158
07/22/2019 18:19:00.000000,0.265747,11.0085,0.05525,0.016885,9.153846
07/22/2019 18:20:00.000000,0.233129,9.8085,0.05768,20.0,10.847059
07/22/2019 18:21:00.000000,0.286985,11.4275,0.055425,0.029704,10.31
07/22/2019 18:22:00.000000,0.328993,9.82225,0.05685,28.148276,11.224138
07/22/2019 18:23:00.000000,0.246059,9.0445,0.059033,0.031301,9.791892
07/22/2019 18:24:00.000000,0.218443,9.51,0.05875,26.704651,10.267442
07/22/2019 18:25:00.000000,0.222596,9.56075,0.0592,23.309524,11.642857
07/22/2019 18:26:00.000000,0.231542,9.778,0.05955,0.03854,13.094595
07/22/2019 18:27:00.000000,0.236996,10.06025,0.059125,0.037859,13.907895
07/22/2019 18:28:00.000000,0.22411,10.21,0.0595,0.041564,11.225
07/22/2019 18:29:00.000000,0.218792,10.19725,0.060825,,
07/22/2019 18:30:00.000000,0.221852,11.16275,0.059525,37.138462,11.051282
07/22/2019 18:31:00.000000,0.291586,19.247,0.05375,0.036858,10.214286
07/22/2019 18:32:00.000000,0.283704,19.5065,0.052525,0.049655,10.87
07/22/2019 18:33:00.000000,0.252103,13.031,0.05635,27.841463,10.292683
07/22/2019 18:34:00.000000,0.228158,12.93125,0.058425,0.035171,9.535
07/22/2019 18:35:00.000000,0.259078,12.96425,0.05925,0.030317,10.414634
07/22/2019 18:36:00.000000,0.284197,12.44975,0.06145,0.047927,9.112195
07/22/2019 18:37:00.000000,0.232749,11.754,0.06435,28.6975,8.9
07/22/2019 18:38:00.000000,0.188,11.27425,0.065,0.033707,9.996667
07/22/2019 18:39:00.000000,0.301015,10.87025,0.06428,0.0382,13.253846
07/22/2019 18:40:00.000000,0.469097,10.39875,0.064467,0.038434,11.215789
07/22/2019 18:41:00.000000,0.269275,10.059,0.063575,14.55122,9.868293
07/22/2019 18:42:00.000000,0.207812,9.6705,0.06455,40.5,9.9
07/22/2019 18:43:00.000000,0.244364,9.664,0.062825,0.046482,12.325
07/22/2019 18:44:00.000000,0.309456,10.098,0.060725,0.041308,11.714634
07/22/2019 18:45:00.000000,0.263759,10.1875,0.064775,0.048143,10.826316
07/22/2019 18:46:00.000000,0.188155,10.16025,0.066625,0.031287,10.776923
07/22/2019 18:47:00.000000,0.206334,10.05525,0.065875,0.018996,9.013953
07/22/2019 18:48:00.000000,0.224041,9.93925,0.066275,0.037843,11.568182
07/22/2019 18:49:00.000000,0.238848,9.84825,0.065625,,
07/22/2019 18:50:00.000000,0.302958,14.28,0.0649,35.461905,9.609524
07/22/2019 18:51:00.000000,0.257437,20.133,0.062425,0.046413,8.986486
07/22/2019 18:52:00.000000,0.234599,12.109,0.0618,32.2025,9.52
07/22/2019 18:53:00.000000,0.272538,11.8895,0.06325,0.039143,10.475
07/22/2019 18:54:00.000000,0.294325,10.99875,0.065875,0.044926,9.685366
07/22/2019 18:55:00.000000,0.243553,9.8725,0.068875,25.385366,9.556098
07/22/2019 18:56:00.000000,0.206666,9.81575,0.068525,17.15,9.3
07/22/2019 18:57:00.000000,0.244822,9.77625,0.0671,0.019404,9.956757
07/22/2019 18:58:00.000000,0.252673,9.9695,0.066525,0.032148,9.595556
07/22/2019 18:59:00.000000,0.361357,10.1675,0.06655,0.024866,8.05
07/22/2019 19:00:00.000000,0.339444,10.27375,0.0673,0.021192,8.712821
07/22/2019 19:01:00.000000,0.259799,10.31725,0.067475,17.388889,9.7
07/22/2019 19:02:00.000000,0.224917,10.3765,0.068325,15.281818,10.068182
07/22/2019 19:03:00.000000,0.218776,10.24525,0.07065,0.02901,9.583721
07/22/2019 19:04:00.000000,0.209701,12.83825,0.0695,0.032383,10.790698
07/22/2019 19:05:00.000000,0.218614,17.1735,0.06585,0.019959,8.085714
07/22/2019 19:06:00.000000,0.21091,17.41325,0.06585,0.030619,7.432558
07/22/2019 19:07:00.000000,0.184925,23.76525,0.0619,0.022193,8.857143
07/22/2019 19:08:00.000000,0.194032,15.03275,0.06095,23.328947,12.047368
07/22/2019 19:09:00.000000,0.217042,9.66925,0.06735,0.048296,10.016667
07/22/2019 19:10:00.000000,0.20087,13.64925,0.069575,0.040913,7.986364
07/22/2019 19:11:00.000000,0.193909,15.399,0.066675,18.315,9.02
07/22/2019 19:12:00.000000,0.225972,12.752,0.06724,0.049374,9.112121
07/22/2019 19:13:00.000000,0.241618,13.372,0.068667,36.4,9.273333
07/22/2019 19:14:00.000000,0.230146,13.288,0.068475,0.012915,8.025
07/22/2019 19:15:00.000000,0.227395,13.14175,0.0694,19.466667,10.216667
07/22/2019 19:16:00.000000,0.210259,13.27675,0.06905,0.035408,8.370588
07/22/2019 19:17:00.000000,0.227846,13.4325,0.06665,0.02394,8.134146
07/22/2019 19:18:00.000000,0.284981,12.992,0.068925,31.827273,10.370454
07/22/2019 19:19:00.000000,0.27787,12.297,0.073,23.365116,10.369767
07/22/2019 19:20:00.000000,0.229527,11.75475,0.073925,0.022268,9.787805
07/22/2019 19:21:00.000000,0.213719,11.161,0.073675,28.190244,9.87561
07/22/2019 19:22:00.000000,0.210419,9.09925,0.0718,0.036787,8.960976
07/22/2019 19:23:00.000000,0.25132,8.34875,0.075925,40.013636,9.059091
07/22/2019 19:24:00.000000,0.230759,10.11525,0.07335,0.019366,7.661538
07/22/2019 19:25:00.000000,0.233879,6.94475,0.0741,20.830233,8.432558
07/22/2019 19:26:00.000000,0.183244,10.25325,0.074775,34.057143,8.514286
07/22/2019 19:27:00.000000,0.165985,8.36575,0.0737,22.104651,8.069767
07/22/2019 19:28:00.000000,0.163867,7.11375,0.075125,0.026075,8.604545
07/22/2019 19:29:00.000000,0.165289,7.33125,0.07345,0.057473,8.409375
07/22/2019 19:30:00.000000,0.167517,7.224,0.074375,38.936364,8.831818
07/22/2019 19:31:00.000000,0.167165,7.199,0.076475,24.357143,7.957143
07/22/2019 19:32:00.000000,0.197486,7.16325,0.076275,0.02997,7.462222
07/22/2019 19:33:00.000000,0.191786,7.2785,0.055633,17.704878,7.485366
07/22/2019 19:34:00.000000,0.19649,7.34375,0.021875,0.019532,8.185714
07/22/2019 19:35:00.000000,0.187761,7.40675,0.021175,17.842857,6.671429
07/22/2019 19:36:00.000000,0.229035,7.9535,0.021325,15.814286,8.971429
07/22/2019 19:37:00.000000,0.520324,8.15075,0.0217,21.251163,9.572093
07/22/2019 19:38:00.000000,0.842788,8.496,0.0391,41.571428,8.142857
07/22/2019 19:39:00.000000,0.43139,8.52975,0.06565,13.131429,6.54
07/22/2019 19:40:00.000000,0.186188,8.499,0.067075,0.024301,9.696875
07/22/2019 19:41:00.000000,0.168427,8.50475,0.0678,28.275676,9.340541
07/22/2019 19:42:00.000000,0.200032,11.695,0.065833,0.018841,7.982927
07/22/2019 19:43:00.000000,0.245694,11.80075,0.06565,21.214634,7.458537
07/22/2019 19:44:00.000000,0.241385,10.34925,0.06824,79.625714,46.531428
07/22/2019 19:45:00.000000,0.222388,11.56275,0.0679,0.038237,17.2
07/22/2019 19:46:00.000000,0.219476,13.33,0.065925,8.715789,6.447368
07/22/2019 19:47:00.000000,0.261868,13.107,0.06694,47.687879,6.181818
07/22/2019 19:48:00.000000,0.265101,13.52975,0.05325,0.031366,6.954054
07/22/2019 19:49:00.000000,0.375857,13.53025,0.0697,0.04218,7.196875
07/22/2019 19:50:00.000000,0.266986,13.62675,0.0674,17.4,7.630233
07/22/2019 19:51:00.000000,0.237168,13.605,0.06825,0.037728,7.185714
07/22/2019 19:52:00.000000,0.269972,13.516,0.06775,0.027208,7.697561
07/22/2019 19:53:00.000000,0.238972,14.749,0.0682,17.604348,9.191304
07/22/2019 19:54:00.000000,0.238424,18.01725,0.0658,0.02553,6.87027
07/22/2019 19:55:00.000000,0.238403,12.98175,0.0674,26.123256,8.865116
07/22/2019 19:56:00.000000,0.207562,10.5235,0.0684,0.046503,5.514286
07/22/2019 19:57:00.000000,0.236426,7.41725,0.0703,27.097561,7.717073
07/22/2019 19:58:00.000000,0.233122,6.5665,0.0728,19.11,5.395
07/22/2019 19:59:00.000000,0.173331,6.54575,0.074225,0.018802,7.132353
07/22/2019 20:00:00.000000,0.16645,6.66475,0.0739,12.728571,5.571429
07/22/2019 20:01:00.000000,0.177548,6.837,0.0738,11.063415,5.129268
07/22/2019 20:02:00.000000,0.172803,7.057333,0.0737,0.027954,5.269231
07/22/2019 20:03:00.000000,0.188299,15.591,0.068575,0.039131,6.86
07/22/2019 20:04:00.000000,0.232183,25.26925,0.063225,0.020102,6.6
07/22/2019 20:05:00.000000,0.220226,14.12225,0.06445,0.016193,5.565
07/22/2019 20:06:00.000000,0.202943,12.86525,0.06585,0.02075,6.168293
07/22/2019 20:07:00.000000,0.208256,11.72475,0.070225,15.153333,8.033333
07/22/2019 20:08:00.000000,0.191573,7.4905,0.0733,20.823077,5.423077
07/22/2019 20:09:00.000000,0.171314,6.45375,0.075175,23.5625,6.3
07/22/2019 20:10:00.000000,0.162216,6.41975,0.075275,7.0,4.528571
07/22/2019 20:11:00.000000,0.168748,6.72,0.074125,0.026034,6.209302
07/22/2019 20:12:00.000000,0.185401,6.9965,0.073175,0.025218,8.045
07/22/2019 20:13:00.000000,0.180081,8.72625,0.07235,26.659091,6.313636
07/22/2019 20:14:00.000000,0.229751,14.61225,0.0679,0.022963,4.895
07/22/2019 20:15:00.000000,0.238577,9.54875,0.068475,0.0209,6.427273
07/22/2019 20:16:00.000000,0.196023,8.9965,0.069325,0.025948,5.6
07/22/2019 20:17:00.000000,0.20183,12.315,0.0689,17.385714,5.9
07/22/2019 20:18:00.000000,0.216257,12.51875,0.0687,21.655814,6.488372
07/22/2019 20:19:00.000000,0.264267,12.838,0.066475,24.751163,4.965116
07/22/2019 20:20:00.000000,0.242673,12.6105,0.069925,0.044649,4.440909
07/22/2019 20:21:00.000000,0.198392,18.69725,0.0624,0.020754,6.107317
07/22/2019 20:22:00.000000,0.19865,17.7625,0.07182,15.583333,6.07619
07/22/2019 20:23:00.000000,0.215528,11.3154,0.0717,29.778571,5.828571
07/22/2019 20:24:00.000000,0.220956,10.789,0.07154,0.026368,5.714634
07/22/2019 20:25:00.000000,0.246287,10.1654,0.0732,19.142857,7.071429
07/22/2019 20:26:00.000000,0.277712,9.8496,0.0747,18.5125,5.685
07/22/2019 20:27:00.000000,0.309814,11.2598,0.07308,27.030769,6.5
07/22/2019 20:28:00.000000,0.306704,10.14,0.0722,0.029235,6.269767
07/22/2019 20:29:00.000000,0.276895,,,,
07/22/2019 20:30:00.000000,0.266631,10.9354,0.07336,14.578049,7.731707
07/22/2019 20:31:00.000000,0.271607,10.5184,0.07428,0.02081,7.219512
07/22/2019 20:32:00.000000,0.21252,10.9118,0.07248,0.019674,6.676923
07/22/2019 20:33:00.000000,0.229592,10.9678,0.07286,17.917073,7.709756
07/22/2019 20:34:00.000000,0.237113,10.696,0.07412,24.4,8.414286
07/22/2019 20:35:00.000000,0.22958,10.611,0.07436,15.885714,7.557143
07/22/2019 20:36:00.000000,0.214593,10.5114,0.07558,19.142857,7.566667
07/22/2019 20:37:00.000000,0.222739,10.488,0.074625,24.85,6.644737
07/22/2019 20:38:00.000000,0.290234,10.456,0.073067,29.904348,6.308696
07/22/2019 20:39:00.000000,0.329982,10.481,0.074475,20.345455,8.1
07/22/2019 20:40:00.000000,0.253323,10.305,0.072533,24.071429,6.785714
07/22/2019 20:41:00.000000,0.213206,10.6045,0.071967,17.0375,7.435
07/22/2019 20:42:00.000000,0.205025,11.266333,0.07275,0.02869,6.595349
07/22/2019 20:43:00.000000,0.217653,11.39,0.0747,23.614634,7.595122
07/22/2019 20:44:00.000000,0.22416,12.78775,0.07275,0.021041,7.8
07/22/2019 20:45:00.000000,0.216736,11.68075,0.072675,0.018251,8.174194
07/22/2019 20:46:00.000000,0.213419,7.808,0.077833,12.755556,7.577778
07/22/2019 20:47:00.000000,0.207974,11.551667,0.0788,13.114286,7.242857
07/22/2019 20:48:00.000000,0.216497,11.0115,0.077425,0.024484,7.971429
07/22/2019 20:49:00.000000,0.219036,10.63025,0.078875,0.025178,6.323077
07/22/2019 20:50:00.000000,0.191115,10.37,0.078525,0.017846,7.506977
07/22/2019 20:51:00.000000,0.19329,10.40075,0.0759,17.306667,7.124444
07/22/2019 20:52:00.000000,0.230406,10.53425,0.074375,10.716279,7.334884
07/22/2019 20:53:00.000000,0.260979,10.4125,0.075975,0.017248,8.572093
07/22/2019 20:54:00.000000,0.28943,10.3335,0.0753,0.029469,8.302439
07/22/2019 20:55:00.000000,0.304676,10.25625,0.07375,28.32439,7.004878
07/22/2019 20:56:00.000000,0.26324,10.19075,0.0761,0.013215,6.63
07/22/2019 20:57:00.000000,0.245935,13.24225,0.07625,12.746154,7.420513
07/22/2019 20:58:00.000000,0.277749,11.8695,0.07415,0.018135,8.971429
07/22/2019 20:59:00.000000,0.233991,7.5945,0.076675,28.9,10.56
07/22/2019 21:00:00.000000,0.198603,7.4065,0.078025,0.02506,6.562162
07/22/2019 21:01:00.000000,0.198799,7.556,0.0779,0.026428,6.326829
07/22/2019 21:02:00.000000,0.1874,7.45425,0.077625,0.008218,5.351613
07/22/2019 21:03:00.000000,0.190577,7.33,0.07815,13.157143,6.814286
07/22/2019 21:04:00.000000,0.18591,7.04375,0.078875,34.646341,5.773171
07/22/2019 21:05:00.000000,0.182965,6.7505,0.07935,37.842857,7.214286
07/22/2019 21:06:00.000000,0.185062,6.55825,0.079225,15.36,7.415
07/22/2019 21:07:00.000000,0.181053,6.629,0.077275,0.020202,7.656098
07/22/2019 21:08:00.000000,0.1881,6.72375,0.076225,18.392683,8.212195
07/22/2019 21:09:00.000000,0.204302,6.87325,0.076825,0.025434,6.586842
07/22/2019 21:10:00.000000,0.214122,6.985,0.077725,11.807143,6.8
07/22/2019 21:11:00.000000,0.229158,7.3395,0.076425,0.017506,5.32439
07/22/2019 21:12:00.000000,0.20836,7.95325,0.0762,0.019541,6.032558
07/22/2019 21:13:00.000000,0.187311,8.02725,0.07875,0.025612,6.626829
07/22/2019 21:14:00.000000,0.176621,8.05925,0.0794,27.714634,7.041463
07/22/2019 21:15:00.000000,0.181372,7.77,0.079475,16.478571,8.128571
07/22/2019 21:16:00.000000,0.188354,7.74,0.077575,0.023848,8.038462
07/22/2019 21:17:00.000000,0.262793,8.41625,0.071275,0.019563,7.485714
07/22/2019 21:18:00.000000,0.313714,8.7415,0.0705,18.540476,6.607143
07/22/2019 21:19:00.000000,0.265924,8.88725,0.0708,32.53,8.2325
07/22/2019 21:20:00.000000,0.256708,8.9325,0.0701,0.032935,10.672727
07/22/2019 21:21:00.000000,0.244359,9.32475,0.0714,16.3625,9.13
07/22/2019 21:22:00.000000,0.239776,15.992,0.069775,0.019732,8.714634
07/22/2019 21:23:00.000000,0.232343,13.75725,0.0686,0.021673,8.19
07/22/2019 21:24:00.000000,0.220199,8.0825,0.07045,0.024195,8.266667
07/22/2019 21:25:00.000000,0.2079,9.25375,0.071425,16.436364,7.868182
07/22/2019 21:26:00.000000,0.208462,10.7025,0.071375,17.255814,9.55814
07/22/2019 21:27:00.000000,0.23652,10.03325,0.073425,8.863636,7.827273
07/22/2019 21:28:00.000000,0.226584,9.4165,0.07415,12.45,7.42
07/22/2019 21:29:00.000000,0.202666,8.81,0.074675,0.026576,8.604651
07/22/2019 21:30:00.000000,0.199861,8.12125,0.0761,0.019023,8.8875
07/22/2019 21:31:00.000000,0.191724,7.4285,0.07665,16.641176,8.302941
07/22/2019 21:32:00.000000,0.182468,6.688,0.076375,15.290909,8.2
07/22/2019 21:33:00.000000,0.192611,6.368,0.07475,0.026322,9.565854
07/22/2019 21:34:00.000000,0.240184,6.55325,0.07275,13.835135,8.340541
07/22/2019 21:35:00.000000,0.369161,6.85875,0.073125,13.548837,8.430233
07/22/2019 21:36:00.000000,0.421578,7.127,0.0736,0.019259,8.21875
07/22/2019 21:37:00.000000,0.350106,7.57475,0.072325,0.037263,10.531818
07/22/2019 21:38:00.000000,0.406716,11.9905,0.0693,15.271429,8.928571
07/22/2019 21:39:00.000000,0.476092,18.383,0.06735,0.023209,8.258537
07/22/2019 21:40:00.000000,0.431869,12.87625,0.0685,0.034346,10.964865
07/22/2019 21:41:00.000000,0.311659,13.7305,0.0675,13.148571,10.625714
07/22/2019 21:42:00.000000,0.272843,8.71575,0.07105,20.209524,9.895238
07/22/2019 21:43:00.000000,0.242135,8.4865,0.072275,15.837209,9.54186
07/22/2019 21:44:00.000000,0.263951,7.784,0.06945,14.74186,9.165116
07/22/2019 21:45:00.000000,0.330796,9.0295,0.06775,21.728571,8.414286
07/22/2019 21:46:00.000000,0.255966,8.25525,0.070975,0.02247,8.559091
07/22/2019 21:47:00.000000,0.212022,11.454,0.06865,0.017522,10.190698
07/22/2019 21:48:00.000000,0.23032,17.01125,0.0557,0.015846,10.483721
07/22/2019 21:49:00.000000,0.255808,19.583,0.058625,0.012123,8.555556
07/22/2019 21:50:00.000000,0.243515,10.239,0.066625,0.021421,9.510526
07/22/2019 21:51:00.000000,0.230263,11.57875,0.07015,24.847826,10.743478
07/22/2019 21:52:00.000000,0.224038,12.283,0.068775,26.312195,10.402439
07/22/2019 21:53:00.000000,0.22155,21.01225,0.062,0.02805,10.484211
07/22/2019 21:54:00.000000,0.37976,19.04775,0.05945,0.025889,10.073171
07/22/2019 21:55:00.000000,0.452548,13.7125,0.0636,22.342857,12.4
07/22/2019 21:56:00.000000,0.340465,12.16125,0.067625,0.037811,10.128571
07/22/2019 21:57:00.000000,0.299976,8.664,0.069525,0.023529,10.35
07/22/2019 21:58:00.000000,0.252174,7.7965,0.0712,0.017879,11.1
07/22/2019 21:59:00.000000,0.225506,7.38225,0.071425,27.242857,11.2
07/22/2019 22:00:00.000000,0.254567,7.906,0.0695,0.025814,10.945
07/22/2019 22:01:00.000000,0.302162,7.94775,0.071,0.027266,11.323077
07/22/2019 22:02:00.000000,0.081532,7.91625,0.07245,0.028761,9.474419
07/22/2019 22:03:00.000000,0.032414,8.07325,0.071725,0.022041,9.540476
07/22/2019 22:04:00.000000,0.006583,8.33675,0.070725,0.042856,9.852273
07/22/2019 22:05:00.000000,0.004094,8.51225,0.070875,17.585714,9.316667
07/22/2019 22:06:00.000000,0.003552,8.5955,0.0711,11.338462,10.384615
07/22/2019 22:07:00.000000,0.006578,8.86275,0.07075,0.040003,10.430769
07/22/2019 22:08:00.000000,0.002242,8.713,0.070975,0.024112,11.410526
07/22/2019 22:09:00.000000,0.004953,9.027,0.071375,0.020303,10.815385
07/22/2019 22:10:00.000000,0.002894,13.27725,0.0696,0.018699,10.95814
07/22/2019 22:11:00.000000,0.001853,11.27925,0.068475,27.785714,10.142857
07/22/2019 22:12:00.000000,0.059999,9.93975,0.069175,0.052975,11.925
07/22/2019 22:13:00.000000,0.180326,11.61525,0.068875,0.037399,10.809091
07/22/2019 22:14:00.000000,0.22824,11.7135,0.069225,14.716667,10.083333
07/22/2019 22:15:00.000000,0.218765,11.78275,0.069025,0.017686,9.915789
07/22/2019 22:16:00.000000,0.231259,12.1045,0.067175,0.019542,10.582927
07/22/2019 22:17:00.000000,0.249163,12.4105,0.0659,0.021332,10.271429
07/22/2019 22:18:00.000000,0.27503,12.29225,0.06905,0.020467,9.375
07/22/2019 22:19:00.000000,0.3143,13.49575,0.0697,0.016768,10.135
07/22/2019 22:20:00.000000,0.288867,18.0885,0.064975,19.563636,11.509091
07/22/2019 22:21:00.000000,0.286161,14.0465,0.065425,0.032777,12.74
07/22/2019 22:22:00.000000,0.26564,15.2035,0.065175,0.028172,9.557143
07/22/2019 22:23:00.000000,0.313101,15.3695,0.06485,0.015756,9.857143
07/22/2019 22:24:00.000000,0.3188,15.27025,0.0648,0.018265,10.083333
07/22/2019 22:25:00.000000,0.298684,15.26525,0.064625,14.1,10.6
07/22/2019 22:26:00.000000,0.310434,14.91075,0.067025,9.419048,9.071429
07/22/2019 22:27:00.000000,0.354275,14.381,0.0682,16.422727,11.045455
07/22/2019 22:28:00.000000,0.337212,12.76325,0.06795,0.019803,10.245
07/22/2019 22:29:00.000000,0.295803,11.24075,0.068975,0.020067,8.833333
07/22/2019 22:30:00.000000,0.309031,9.86125,0.070575,0.016631,9.446154
07/22/2019 22:31:00.000000,0.322245,10.351,0.069575,14.448837,10.460465
07/22/2019 22:32:00.000000,0.350898,10.79425,0.068975,0.016852,9.923077
07/22/2019 22:33:00.000000,0.368172,11.05,0.0682,19.83,12.095
07/22/2019 22:34:00.000000,0.377474,11.0505,0.069125,0.016821,9.369231
07/22/2019 22:35:00.000000,0.343747,10.95825,0.068625,0.018022,10.302326
07/22/2019 22:36:00.000000,0.323211,10.81075,0.06835,0.026127,9.209302
07/22/2019 22:37:00.000000,0.303077,10.49625,0.07045,11.165789,8.918421
07/22/2019 22:38:00.000000,0.332709,10.2355,0.070925,0.010793,8.565116
07/22/2019 22:39:00.000000,0.285335,9.9695,0.0696,0.017474,8.836842
07/22/2019 22:40:00.000000,0.230148,10.418,0.0651,0.047069,10.465217
07/22/2019 22:41:00.000000,0.284026,10.57425,0.063775,27.178049,10.187805
07/22/2019 22:42:00.000000,0.264835,10.729,0.0657,39.997436,11.266667
07/22/2019 22:43:00.000000,0.216832,11.05375,0.064975,0.031175,10.65
07/22/2019 22:44:00.000000,0.220803,11.413,0.0646,0.039765,12.753333
07/22/2019 22:45:00.000000,0.251204,11.457,0.066675,20.418182,10.481818
07/22/2019 22:46:00.000000,0.222748,11.94225,0.0661,23.553846,8.592308
07/22/2019 22:47:00.000000,0.22906,26.703,0.060275,21.560465,9.604651
07/22/2019 22:48:00.000000,0.248093,18.7715,0.05835,0.02912,8.14359
07/22/2019 22:49:00.000000,0.213862,16.317,0.061125,0.033013,11.4
07/22/2019 22:50:00.000000,0.220951,14.6345,0.05985,0.020031,11.225581
07/22/2019 22:51:00.000000,0.258353,13.6435,0.058025,26.385714,9.385714
07/22/2019 22:52:00.000000,0.275174,12.042,0.0599,25.15,9.275
07/22/2019 22:53:00.000000,0.249682,18.804,0.057775,26.004651,10.160465
07/22/2019 22:54:00.000000,0.215739,20.19175,0.055025,0.058335,13.15
07/22/2019 22:55:00.000000,0.207939,11.7805,0.058425,0.026214,11.776316
07/22/2019 22:56:00.000000,0.202053,11.19225,0.059875,0.034071,9.406977
07/22/2019 22:57:00.000000,0.20714,21.509,0.05545,0.04779,10.714286
07/22/2019 22:58:00.000000,0.204602,9.96575,0.058225,26.305,9.81
07/22/2019 22:59:00.000000,0.199372,7.55575,0.062225,16.5,9.513636
07/22/2019 23:00:00.000000,0.19816,9.51775,0.060675,36.919565,11.647826
07/22/2019 23:01:00.000000,0.201238,8.64125,0.05765,29.5125,10.485
07/22/2019 23:02:00.000000,0.265322,8.95425,0.056075,0.032106,12.033333
07/22/2019 23:03:00.000000,0.263459,8.87225,0.057675,0.026038,11.546341
07/22/2019 23:04:00.000000,0.218828,9.028,0.05795,0.019801,9.288889
07/22/2019 23:05:00.000000,0.219588,9.201,0.0577,0.019507,10.018605
07/22/2019 23:06:00.000000,0.210701,9.128,0.059225,0.020284,10.283721
07/22/2019 23:07:00.000000,0.205558,9.056,0.059825,0.02692,13.1875
07/22/2019 23:08:00.000000,0.221109,11.987,0.056775,0.021376,9.093023
07/22/2019 23:09:00.000000,0.256813,20.01275,0.05045,0.034897,9.992683
07/22/2019 23:10:00.000000,0.336484,11.25825,0.0531,0.027808,13.202439
07/22/2019 23:11:00.000000,0.284526,9.212,0.0569,18.176744,9.765116
07/22/2019 23:12:00.000000,0.240388,13.15625,0.052625,20.596429,10.35
07/22/2019 23:13:00.000000,0.237245,18.04775,0.049675,22.736364,11.272727
07/22/2019 23:14:00.000000,0.244004,10.343,0.055275,0.02482,11.3
07/22/2019 23:15:00.000000,0.223331,7.38875,0.056875,15.528571,9.633333
07/22/2019 23:16:00.000000,0.223624,5.9145,0.056525,60.327027,8.083784
07/22/2019 23:17:00.000000,0.252396,6.62025,0.053375,42.58,12.305
07/22/2019 23:18:00.000000,0.28176,7.271,0.052,25.557143,10.871429
07/22/2019 23:19:00.000000,0.272411,7.8445,0.05145,0.020002,7.416667
07/22/2019 23:20:00.000000,0.250245,8.7145,0.05005,11.075,8.445
07/22/2019 23:21:00.000000,0.265527,9.61725,0.0504,0.017196,6.95
07/22/2019 23:22:00.000000,0.253254,13.90525,0.0499,20.132558,7.374419
07/22/2019 23:23:00.000000,0.296176,18.28575,0.045775,0.011603,6.981818
07/22/2019 23:24:00.000000,0.331113,16.60925,0.0435,0.012546,8.247368
07/22/2019 23:25:00.000000,0.317595,13.91125,0.043725,0.012588,7.94
07/22/2019 23:26:00.000000,0.284812,10.814,0.0483,0.015164,7.717073
07/22/2019 23:27:00.000000,0.233202,10.971,0.04975,9.628889,7.7
07/22/2019 23:28:00.000000,0.246599,14.28575,0.046975,32.551282,8.292308
07/22/2019 23:29:00.000000,0.263698,14.72,0.04635,20.955,8.1525
07/22/2019 23:30:00.000000,0.226741,14.59925,0.04655,13.434146,7.417073
07/22/2019 23:31:00.000000,0.225311,14.57825,0.0464,20.516279,8.246512
07/22/2019 23:32:00.000000,0.238018,14.87575,0.044575,0.031166,10.551163
07/22/2019 23:33:00.000000,0.268064,14.75425,0.0455,13.790244,7.4
07/22/2019 23:34:00.000000,0.23703,14.0695,0.049467,15.6,8.176744
07/22/2019 23:35:00.000000,0.199075,13.50575,0.049775,0.016442,7.0875
07/22/2019 23:36:00.000000,0.21711,13.264,0.04825,14.795,7.24
07/22/2019 23:37:00.000000,0.25422,12.943,0.0487,10.376923,8.284615
07/22/2019 23:38:00.000000,0.266983,12.039,0.052225,12.56,7.7575
07/22/2019 23:39:00.000000,0.256662,10.91025,0.05365,0.019056,8.939535
07/22/2019 23:40:00.000000,0.205746,9.4525,0.05355,0.039242,7.737209
07/22/2019 23:41:00.000000,0.193019,9.0145,0.052275,0.021734,8.253488
07/22/2019 23:42:00.000000,0.210052,9.41525,0.05075,14.075,8.825
07/22/2019 23:43:00.000000,0.26031,12.39125,0.049725,19.719512,8.460976
07/22/2019 23:44:00.000000,0.240122,10.80925,0.049925,17.916667,8.316667
07/22/2019 23:45:00.000000,0.256494,11.43625,0.050175,0.0164,7.79
07/22/2019 23:46:00.000000,0.29834,13.9255,0.0497,10.846154,8.292308
07/22/2019 23:47:00.000000,0.275213,13.548,0.0514,15.25,9.36875
07/22/2019 23:48:00.000000,0.216729,12.66975,0.0537,14.913158,9.010526
07/22/2019 23:49:00.000000,0.195129,11.46525,0.056033,0.016901,9.085366
07/22/2019 23:50:00.000000,0.207319,10.432,0.0559,11.8875,8.6625
07/22/2019 23:51:00.000000,0.199933,9.2205,0.056575,0.014441,8.431818
07/22/2019 23:52:00.000000,0.195069,8.261,0.056525,12.5725,8.895
07/22/2019 23:53:00.000000,0.213978,7.26875,0.055575,0.016546,9.342857
07/22/2019 23:54:00.000000,0.207905,6.62225,0.05575,8.262791,7.809302
07/22/2019 23:55:00.000000,0.1893,5.96775,0.05535,12.637209,8.618605
07/22/2019 23:56:00.000000,0.183729,5.74725,0.056075,7.534884,6.906977
07/22/2019 23:57:00.000000,0.180705,5.74425,0.05725,0.01492,7.825
07/22/2019 23:58:00.000000,0.17492,5.75,0.0578,0.01219,6.795349
07/22/2019 23:59:00.000000,0.17528,5.855,0.0576,10.3,7.85
07/23/2019 00:00:00.000000,0.226868,5.694,0.0574,17.951163,10.862791
07/23/2019 00:01:00.000000,0.222603,5.65375,0.0567,8.127907,7.011628
07/23/2019 00:02:00.000000,0.205894,5.88325,0.0553,0.011315,6.96
07/23/2019 00:03:00.000000,0.24148,6.24825,0.053775,0.016378,6.843902
07/23/2019 00:04:00.000000,0.318976,6.7465,0.053025,0.016316,8.0
07/23/2019 00:05:00.000000,0.292249,9.9275,0.051325,0.017795,8.851163
07/23/2019 00:06:00.000000,0.251244,16.025,0.046725,11.390909,7.906818
07/23/2019 00:07:00.000000,0.270622,10.5445,0.047925,0.013003,7.358537
07/23/2019 00:08:00.000000,0.262842,9.50325,0.051725,0.012878,6.875
07/23/2019 00:09:00.000000,0.239664,8.97725,0.0534,,
07/23/2019 00:10:00.000000,0.23021,10.997,0.052375,0.015857,6.915789
07/23/2019 00:11:00.000000,0.254101,13.86925,0.050775,11.325581,7.502326
07/23/2019 00:12:00.000000,0.26152,15.83375,0.050575,29.2,6.571429
07/23/2019 00:13:00.000000,0.274484,17.28025,0.04795,0.021713,7.8875
07/23/2019 00:14:00.000000,0.36599,16.37375,0.04775,0.010711,6.57
07/23/2019 00:15:00.000000,0.403393,15.5505,0.052325,7.573684,6.384211
07/23/2019 00:16:00.000000,0.318037,14.67575,0.05415,0.013253,6.232558
07/23/2019 00:17:00.000000,0.286334,13.98125,0.052275,0.017233,6.036364
07/23/2019 00:18:00.000000,0.313981,13.31675,0.050475,6.617073,5.402439
07/23/2019 00:19:00.000000,0.287179,14.17725,0.049875,0.011747,7.05
07/23/2019 00:20:00.000000,0.266731,18.42425,0.047475,0.011425,7.3
07/23/2019 00:21:00.000000,0.247356,11.6945,0.048,0.007813,5.960465
07/23/2019 00:22:00.000000,0.232187,8.66,0.053025,0.006233,5.02
07/23/2019 00:23:00.000000,0.234619,8.55625,0.0547,0.006495,5.16
07/23/2019 00:24:00.000000,0.234853,8.8015,0.05405,0.026085,8.091304
07/23/2019 00:25:00.000000,0.23256,8.91575,0.0533,7.981395,5.860465
07/23/2019 00:26:00.000000,0.248121,9.60575,0.0513,0.013384,7.25
07/23/2019 00:27:00.000000,0.290087,10.25675,0.048575,10.425,6.92
07/23/2019 00:28:00.000000,0.288314,10.49775,0.051525,5.442857,5.085714
07/23/2019 00:29:00.000000,0.276097,,,,
07/23/2019 00:30:00.000000,0.249827,10.5235,0.055025,0.019042,5.739024
07/23/2019 00:31:00.000000,0.273707,10.518,0.054625,0.007109,4.816667
07/23/2019 00:32:00.000000,0.397179,10.46675,0.05505,4.771429,4.771429
07/23/2019 00:33:00.000000,0.330237,10.5575,0.053975,0.006394,5.056098
07/23/2019 00:34:00.000000,0.30818,12.35975,0.04285,6.241463,5.185366
07/23/2019 00:35:00.000000,0.320433,13.40725,0.051725,0.021024,5.544186
07/23/2019 00:36:00.000000,0.299437,14.241,0.051125,7.868293,5.258537
07/23/2019 00:37:00.000000,0.325104,10.741,0.05045,8.738462,5.792308
07/23/2019 00:38:00.000000,0.300202,13.44075,0.048375,13.533333,5.252381
07/23/2019 00:39:00.000000,0.321712,29.7345,0.040175,10.772727,6.222727
07/23/2019 00:40:00.000000,0.428666,16.88625,0.04015,0.008126,5.590476
07/23/2019 00:41:00.000000,0.41792,17.3995,0.0455,0.023104,5.912195
07/23/2019 00:42:00.000000,0.353897,16.07175,0.046525,0.028788,5.228571
07/23/2019 00:43:00.000000,0.330506,14.644,0.047975,10.059091,4.690909
07/23/2019 00:44:00.000000,0.323933,14.32575,0.0489,8.597561,7.160976
07/23/2019 00:45:00.000000,0.34097,14.1665,0.048625,0.014463,7.423256
07/23/2019 00:46:00.000000,0.320009,13.98425,0.04885,0.007252,5.474419
07/23/2019 00:47:00.000000,0.286293,13.4735,0.050775,0.006105,4.845
07/23/2019 00:48:00.000000,0.268866,13.611,0.0537,0.006484,5.0625
07/23/2019 00:49:00.000000,0.249654,8.1545,0.055775,,
07/23/2019 00:50:00.000000,0.229544,7.62575,0.056675,0.007275,5.557143
07/23/2019 00:51:00.000000,0.242806,9.74075,0.0552,8.729268,5.741463
07/23/2019 00:52:00.000000,0.273339,10.38975,0.0538,12.557143,6.485714
07/23/2019 00:53:00.000000,0.272519,10.11225,0.054175,10.185714,6.857143
07/23/2019 00:54:00.000000,0.246084,9.8715,0.054375,10.04,6.9
07/23/2019 00:55:00.000000,0.231133,9.60475,0.05382,15.764,6.42
07/23/2019 00:56:00.000000,0.213944,9.287,0.053567,8.6375,6.20625
07/23/2019 00:57:00.000000,0.209353,8.859,0.0542,0.018214,7.937931
07/23/2019 00:58:00.000000,0.210183,8.435,0.053875,6.841463,5.717073
07/23/2019 00:59:00.000000,0.220898,8.00675,0.0536,19.583333,6.566667
07/23/2019 01:00:00.000000,0.206783,7.46325,0.0552,0.028922,6.8
07/23/2019 01:01:00.000000,0.18675,7.067,0.0553,0.020824,6.627907
07/23/2019 01:02:00.000000,0.172324,6.6855,0.054525,23.512195,6.102439
07/23/2019 01:03:00.000000,0.174443,6.50825,0.0539,0.017301,6.259091
07/23/2019 01:04:00.000000,0.193675,6.3295,0.054425,18.017391,5.865217
07/23/2019 01:05:00.000000,0.217873,6.2455,0.054375,17.434146,8.360976
07/23/2019 01:06:00.000000,0.330155,6.37825,0.051725,13.147619,7.857143
07/23/2019 01:07:00.000000,0.291369,7.04325,0.04745,22.102273,9.802273
07/23/2019 01:08:00.000000,0.240922,7.38875,0.050675,0.018788,6.75814
07/23/2019 01:09:00.000000,0.208673,7.7715,0.050575,0.025924,9.469767
07/23/2019 01:10:00.000000,0.190204,8.27975,0.05,0.049042,7.666667
07/23/2019 01:11:00.000000,0.190228,8.41525,0.050025,27.285,8.305
07/23/2019 01:12:00.000000,0.191195,8.4585,0.0518,0.027958,6.394737
07/23/2019 01:13:00.000000,0.177627,8.6005,0.053625,17.889474,6.757895
07/23/2019 01:14:00.000000,0.199342,8.4115,0.053425,0.014961,6.046341
07/23/2019 01:15:00.000000,0.207709,7.733,0.05375,0.027902,7.668421
07/23/2019 01:16:00.000000,0.190615,7.46425,0.055075,14.17907,6.537209
07/23/2019 01:17:00.000000,0.204193,7.3095,0.053925,0.030663,6.535714
07/23/2019 01:18:00.000000,0.235798,6.968,0.053525,8.185366,5.404878
07/23/2019 01:19:00.000000,0.220234,6.8135,0.05395,20.665116,8.469767
07/23/2019 01:20:00.000000,0.205779,6.9465,0.05365,0.019327,7.359091
07/23/2019 01:21:00.000000,0.21242,6.8145,0.0547,26.87,8.63
07/23/2019 01:22:00.000000,0.195145,6.76525,0.054525,15.256098,7.739024
07/23/2019 01:23:00.000000,0.219645,6.9875,0.05325,0.025755,6.128571
07/23/2019 01:24:00.000000,0.280479,7.23675,0.05255,12.318182,6.488636
07/23/2019 01:25:00.000000,0.252369,7.33375,0.05265,0.024173,6.345
07/23/2019 01:26:00.000000,0.208707,7.64125,0.051825,7.402273,5.206818
07/23/2019 01:27:00.000000,0.204632,7.764,0.053425,0.007283,5.682927
07/23/2019 01:28:00.000000,0.210243,7.7565,0.055425,0.015743,6.216667
07/23/2019 01:29:00.000000,0.204541,8.11875,0.054,0.023838,7.15
07/23/2019 01:30:00.000000,0.214211,8.27625,0.05295,0.011669,6.185714
07/23/2019 01:31:00.000000,0.217248,8.0405,0.054825,7.14,5.825
07/23/2019 01:32:00.000000,0.228366,7.781,0.0557,0.005887,4.705263
07/23/2019 01:33:00.000000,0.228655,7.825,0.053125,15.083333,6.2
07/23/2019 01:34:00.000000,0.193822,7.97,0.050575,12.22439,5.273171
07/23/2019 01:35:00.000000,0.209309,7.95925,0.0523,0.010565,5.0
07/23/2019 01:36:00.000000,0.203725,8.11975,0.051975,0.011284,5.172093
07/23/2019 01:37:00.000000,0.197093,8.136,0.051625,0.021234,6.597778
07/23/2019 01:38:00.000000,0.196027,8.15,0.052725,0.006199,4.293182
07/23/2019 01:39:00.000000,0.191682,8.4165,0.0524,0.007158,4.032258
07/23/2019 01:40:00.000000,0.190497,8.679,0.052875,6.074359,4.269231
07/23/2019 01:41:00.000000,0.187431,8.62175,0.05335,7.471429,4.557143
07/23/2019 01:42:00.000000,0.186464,8.1785,0.054,0.014097,5.8
07/23/2019 01:43:00.000000,0.17804,8.03525,0.054425,8.905263,4.4
07/23/2019 01:44:00.000000,0.175657,7.66575,0.054525,0.010596,4.196
07/23/2019 01:45:00.000000,0.18764,7.2635,0.05385,0.00547,3.03871
07/23/2019 01:46:00.000000,0.216689,6.994,0.05355,3.416667,3.416667
07/23/2019 01:47:00.000000,0.214011,6.7195,0.05445,2.82,2.82
07/23/2019 01:48:00.000000,0.193334,6.53575,0.054425,0.004522,3.557143
07/23/2019 01:49:00.000000,0.22256,,,,
07/23/2019 01:50:00.000000,0.211865,6.209,0.054975,5.760976,4.373171
07/23/2019 01:51:00.000000,0.182382,6.50575,0.052425,0.004251,3.360976
07/23/2019 01:52:00.000000,0.183034,6.829,0.051125,0.007783,3.620455
07/23/2019 01:53:00.000000,0.192816,6.9085,0.052325,0.003882,2.931707
07/23/2019 01:54:00.000000,0.194456,6.82625,0.0541,0.003954,3.138462
07/23/2019 01:55:00.000000,0.185667,6.76875,0.054375,5.1,3.286364
07/23/2019 01:56:00.000000,0.172179,6.61625,0.05385,7.682927,3.556098
07/23/2019 01:57:00.000000,0.16912,6.58925,0.05385,0.009875,5.452632
07/23/2019 01:58:00.000000,0.163901,6.6385,0.05465,4.471429,4.085714
07/23/2019 01:59:00.000000,0.158795,6.185,0.05455,3.65,3.633333
07/23/2019 02:00:00.000000,0.1659,5.87,0.0543,0.005151,4.180645
07/23/2019 02:01:00.000000,0.170317,5.8835,0.053475,6.716667,4.2
07/23/2019 02:02:00.000000,0.176463,5.936,0.054125,0.005863,3.910714
07/23/2019 02:03:00.000000,0.172501,5.892,0.055475,4.290909,4.287879
07/23/2019 02:04:00.000000,0.164766,9.1775,0.05335,0.008376,5.153659
07/23/2019 02:05:00.000000,0.174355,9.46825,0.051475,0.019059,4.711364
07/23/2019 02:06:00.000000,0.181623,6.21275,0.0532,0.007981,4.345
07/23/2019 02:07:00.000000,0.172983,6.71975,0.054175,0.015235,4.047368
07/23/2019 02:08:00.000000,0.171585,8.38025,0.0532,0.008698,4.678125
07/23/2019 02:09:00.000000,0.183583,7.30175,0.05325,0.007451,4.991176
07/23/2019 02:10:00.000000,0.182744,6.5375,0.053575,6.488372,5.25814
07/23/2019 02:11:00.000000,0.174703,6.6415,0.053425,9.018421,5.213158
07/23/2019 02:12:00.000000,0.177145,6.72625,0.05295,0.015028,4.953846
07/23/2019 02:13:00.000000,0.180508,6.89625,0.052575,9.087805,6.009756
07/23/2019 02:14:00.000000,0.188354,7.1825,0.051175,0.010711,6.702703
07/23/2019 02:15:00.000000,0.200917,12.5335,0.04955,0.007078,5.3
07/23/2019 02:16:00.000000,0.213258,8.18775,0.05075,4.585714,4.571429
07/23/2019 02:17:00.000000,0.193462,13.2875,0.0507,0.011832,5.5
07/23/2019 02:18:00.000000,0.188257,12.12125,0.049625,0.006746,4.585714
07/23/2019 02:19:00.000000,0.19916,11.434,0.05215,0.008065,5.675
07/23/2019 02:20:00.000000,0.183171,10.88075,0.052567,0.008997,5.9
07/23/2019 02:21:00.000000,0.182498,10.4775,0.051025,5.414286,5.214286
07/23/2019 02:22:00.000000,0.19011,10.07525,0.0504,0.005929,4.753333
07/23/2019 02:23:00.000000,0.194934,9.71425,0.050675,6.593023,5.453488
07/23/2019 02:24:00.000000,0.196804,9.177,0.051175,7.85,5.011364
07/23/2019 02:25:00.000000,0.187796,8.581,0.051475,26.790244,6.863415
07/23/2019 02:26:00.000000,0.179573,8.323,0.0505,6.85,5.0
07/23/2019 02:27:00.000000,0.390293,8.588,0.048833,0.012486,5.984615
07/23/2019 02:28:00.000000,0.545707,8.63775,0.049275,0.00882,5.595455
07/23/2019 02:29:00.000000,0.257086,8.423,0.051525,9.782927,6.465854
07/23/2019 02:30:00.000000,0.174892,8.24375,0.051325,0.013768,5.275676
07/23/2019 02:31:00.000000,0.178157,8.28625,0.04975,7.561538,5.846154
07/23/2019 02:32:00.000000,0.195113,8.31225,0.050625,0.006184,4.821053
07/23/2019 02:33:00.000000,0.195099,8.31725,0.05125,0.012323,5.457143
07/23/2019 02:34:00.000000,0.187529,8.17525,0.05115,0.006823,4.58
07/23/2019 02:35:00.000000,0.177701,7.836,0.0521,0.005665,4.572727
07/23/2019 02:36:00.000000,0.166834,7.784,0.0518,7.355556,5.6
07/23/2019 02:37:00.000000,0.167324,7.9855,0.05025,0.007506,5.375
07/23/2019 02:38:00.000000,0.171441,7.95325,0.050125,10.92439,5.380488
07/23/2019 02:39:00.000000,0.168345,7.76525,0.050825,0.010845,6.246154
07/23/2019 02:40:00.000000,0.174399,7.786,0.050775,5.465854,5.290244
07/23/2019 02:41:00.000000,0.182681,8.012,0.0498,0.011069,5.528571
07/23/2019 02:42:00.000000,0.182632,8.4395,0.04775,10.295,5.43
07/23/2019 02:43:00.000000,0.188681,9.1015,0.045225,5.511429,4.654286
07/23/2019 02:44:00.000000,0.191021,9.391,0.045725,6.666667,5.666667
07/23/2019 02:45:00.000000,0.209398,9.33975,0.04845,0.009933,5.473171
07/23/2019 02:46:00.000000,0.244509,9.409,0.0489,5.965854,5.485366
07/23/2019 02:47:00.000000,0.224638,9.34125,0.049225,7.361905,5.585714
07/23/2019 02:48:00.000000,0.192544,9.196,0.05085,4.683721,4.481395
07/23/2019 02:49:00.000000,0.168292,8.90675,0.0508,0.008414,5.328571
07/23/2019 02:50:00.000000,0.164308,8.6275,0.0493,5.110526,4.826316
07/23/2019 02:51:00.000000,0.174004,8.04275,0.048825,10.163415,5.612195
07/23/2019 02:52:00.000000,0.178357,7.79475,0.049725,7.429268,4.970732
07/23/2019 02:53:00.000000,0.176702,7.66175,0.0497,0.01058,6.273333
07/23/2019 02:54:00.000000,0.181608,7.5215,0.049575,0.009652,5.395
07/23/2019 02:55:00.000000,0.194129,7.746,0.04915,0.021551,6.060465
07/23/2019 02:56:00.000000,0.234319,8.10575,0.04805,0.020603,5.521739
07/23/2019 02:57:00.000000,0.228501,8.1555,0.04855,0.01225,6.452381
07/23/2019 02:58:00.000000,0.189473,7.845,0.05045,0.009353,5.176923
07/23/2019 02:59:00.000000,0.170309,7.66025,0.051175,0.007002,5.405263
07/23/2019 03:00:00.000000,0.174064,7.826,0.0496,6.982051,6.176923
07/23/2019 03:01:00.000000,0.198076,7.964333,0.04845,0.008342,6.040909
07/23/2019 03:02:00.000000,0.19073,7.96925,0.050625,0.012828,5.829268
07/23/2019 03:03:00.000000,0.177097,7.87625,0.0494,11.385714,6.314286
07/23/2019 03:04:00.000000,0.223558,7.958,0.04775,0.011168,6.316667
07/23/2019 03:05:00.000000,0.259036,7.9325,0.0486,5.852632,5.457895
07/23/2019 03:06:00.000000,0.210211,8.022,0.04985,9.602326,6.418605
07/23/2019 03:07:00.000000,0.186305,8.0575,0.050575,0.006507,5.07
07/23/2019 03:08:00.000000,0.18133,7.798,0.051625,0.006393,5.133333
07/23/2019 03:09:00.000000,0.176104,7.58275,0.052,7.771429,5.45
07/23/2019 03:10:00.000000,0.180412,7.53025,0.051975,7.295556,6.075556
07/23/2019 03:11:00.000000,0.211773,7.54525,0.05035,0.011962,6.538462
07/23/2019 03:12:00.000000,0.222821,7.345,0.0494,0.016334,5.831707
07/23/2019 03:13:00.000000,0.207669,7.262,0.050625,0.012281,5.443902
07/23/2019 03:14:00.000000,0.220348,7.1875,0.0515,7.325,5.74
07/23/2019 03:15:00.000000,0.212023,7.154,0.051075,6.913636,5.463636
07/23/2019 03:16:00.000000,0.187026,7.1565,0.051,5.490244,5.15122
07/23/2019 03:17:00.000000,0.188247,7.1582,0.05165,0.00662,5.003226
07/23/2019 03:18:00.000000,0.187248,7.147333,0.0522,0.005321,4.225581
07/23/2019 03:19:00.000000,0.195876,6.94375,0.05175,7.547619,6.214286
07/23/2019 03:20:00.000000,0.215227,6.70225,0.051725,9.039535,5.604651
07/23/2019 03:21:00.000000,0.21537,6.657,0.0521,6.41,5.4
07/23/2019 03:22:00.000000,0.193727,6.6665,0.052425,7.137209,6.260465
07/23/2019 03:23:00.000000,0.178418,6.626,0.05285,0.005176,4.3375
07/23/2019 03:24:00.000000,0.174258,6.54675,0.053425,4.5125,4.495
07/23/2019 03:25:00.000000,0.175084,6.513,0.0529,5.126829,5.039024
07/23/2019 03:26:00.000000,0.172128,6.439,0.052675,0.005754,4.681081
07/23/2019 03:27:00.000000,0.172695,6.49,0.051575,0.009549,6.009756
07/23/2019 03:28:00.000000,0.178117,6.5075,0.051125,0.012508,4.94
07/23/2019 03:29:00.000000,0.18142,6.53,0.051625,6.6,4.7
07/23/2019 03:30:00.000000,0.170259,6.57425,0.051675,13.534091,5.218182
07/23/2019 03:31:00.000000,0.166364,6.68525,0.05175,5.284211,4.344737
07/23/2019 03:32:00.000000,0.165748,6.85325,0.051475,17.590476,4.885714
07/23/2019 03:33:00.000000,0.173146,7.2145,0.04955,0.012972,5.939024
07/23/2019 03:34:00.000000,0.198888,7.45475,0.04945,8.611628,5.497674
07/23/2019 03:35:00.000000,0.182297,7.5265,0.0504,0.00662,4.807692
07/23/2019 03:36:00.000000,0.173206,7.5785,0.04985,0.007466,5.728571
07/23/2019 03:37:00.000000,0.169578,7.6985,0.0494,0.006146,4.9
07/23/2019 03:38:00.000000,0.171296,7.785,0.0499,0.006435,5.116667
07/23/2019 03:39:00.000000,0.174555,7.89475,0.049375,5.036585,4.943902
07/23/2019 03:40:00.000000,0.177571,8.003,0.049,0.01454,6.77
07/23/2019 03:41:00.000000,0.176435,7.8605,0.048925,0.013735,7.853488
07/23/2019 03:42:00.000000,0.185808,7.98975,0.048175,0.011075,5.32093
07/23/2019 03:43:00.000000,0.200125,8.17225,0.04795,5.2,4.715385
07/23/2019 03:44:00.000000,0.191854,8.32,0.0478,0.017159,4.784211
07/23/2019 03:45:00.000000,0.189109,8.43425,0.047375,0.017984,5.742857
07/23/2019 03:46:00.000000,0.192085,8.62275,0.0472,9.71,5.985
07/23/2019 03:47:00.000000,0.19343,8.7965,0.0473,0.01091,6.342857
07/23/2019 03:48:00.000000,0.190159,8.8845,0.047725,7.757895,5.978947
07/23/2019 03:49:00.000000,0.189823,,,,
07/23/2019 03:50:00.000000,0.194526,8.97625,0.04785,0.006001,4.725581
07/23/2019 03:51:00.000000,0.201,8.93225,0.04825,6.807317,5.539024
07/23/2019 03:52:00.000000,0.191958,8.85375,0.049,6.671429,5.357143
07/23/2019 03:53:00.000000,0.188675,8.736,0.04875,4.766667,4.55
07/23/2019 03:54:00.000000,0.201282,8.498,0.049,0.008126,5.263636
07/23/2019 03:55:00.000000,0.215039,8.35075,0.048825,5.1625,4.975
07/23/2019 03:56:00.000000,0.199733,8.25825,0.04855,0.005548,4.476923
07/23/2019 03:57:00.000000,0.182618,8.12775,0.048975,9.685714,6.371429
07/23/2019 03:58:00.000000,0.182419,7.8515,0.04965,7.483333,5.45
07/23/2019 03:59:00.000000,0.184882,7.56825,0.051025,4.617073,4.346341
07/23/2019 04:00:00.000000,0.173737,7.38925,0.05115,0.00893,4.788636
07/23/2019 04:01:00.000000,0.17166,7.2855,0.050225,19.457143,5.242857
07/23/2019 04:02:00.000000,0.076435,7.25025,0.04975,0.009157,4.614286
07/23/2019 04:03:00.000000,0.030878,7.137,0.049125,5.018605,4.988372
07/23/2019 04:04:00.000000,0.007673,6.984,0.04965,0.010023,5.186047
07/23/2019 04:05:00.000000,0.007689,6.88225,0.050125,0.009734,5.961538
07/23/2019 04:06:00.000000,0.004836,6.867,0.04965,0.007156,4.9
07/23/2019 04:07:00.000000,0.003713,6.9465,0.04965,5.657143,5.385714
07/23/2019 04:08:00.000000,0.004529,7.049,0.0487,0.006331,5.076923
07/23/2019 04:09:00.000000,0.004485,,0.0476,,
07/23/2019 04:10:00.000000,0.00597,7.313,0.048275,0.008476,6.213333
07/23/2019 04:11:00.000000,0.003072,7.3435,0.048325,4.886957,4.843478
07/23/2019 04:12:00.000000,0.045977,7.49675,0.0477,8.564286,5.457143
07/23/2019 04:13:00.000000,0.140267,8.00875,0.045775,0.008167,5.942857
07/23/2019 04:14:00.000000,0.195507,8.47575,0.044475,0.010951,5.827907
07/23/2019 04:15:00.000000,0.208431,8.7765,0.0452,0.035202,7.336585
07/23/2019 04:16:00.000000,0.212694,8.938,0.045625,11.648837,5.87907
07/23/2019 04:17:00.000000,0.216411,8.9315,0.0468,8.642857,5.428571
07/23/2019 04:18:00.000000,0.208741,8.993,0.0469,8.442857,5.65
07/23/2019 04:19:00.000000,0.203915,9.07575,0.045825,8.227273,5.195455
07/23/2019 04:20:00.000000,0.221854,9.12875,0.04565,0.01621,5.1
07/23/2019 04:21:00.000000,0.211774,8.86625,0.045275,0.017734,5.441463
07/23/2019 04:22:00.000000,0.205361,8.642,0.0449,0.010999,5.329268
07/23/2019 04:23:00.000000,0.214407,8.61925,0.044825,0.01345,6.144444
07/23/2019 04:24:00.000000,0.22994,8.63025,0.045175,0.007724,5.367391
07/23/2019 04:25:00.000000,0.250552,8.5975,0.04595,7.163415,5.797561
07/23/2019 04:26:00.000000,0.258156,8.594,0.046025,0.006797,5.211628
07/23/2019 04:27:00.000000,0.245234,8.60025,0.045625,6.75641,5.523077
07/23/2019 04:28:00.000000,0.241833,8.62525,0.0453,0.0069,5.347368
07/23/2019 04:29:00.000000,0.252264,8.63,0.045075,0.018187,5.384615
07/23/2019 04:30:00.000000,0.242057,8.5725,0.0457,8.542857,5.657143
07/23/2019 04:31:00.000000,0.221765,8.45975,0.04575,0.007765,5.36
07/23/2019 04:32:00.000000,0.217355,8.36675,0.0448,4.866667,4.785714
07/23/2019 04:33:00.000000,0.219378,8.34275,0.0446,8.385714,6.157143
07/23/2019 04:34:00.000000,0.21052,8.35225,0.044725,5.774359,5.469231
07/23/2019 04:35:00.000000,0.202414,8.348,0.045,0.010463,6.6125
07/23/2019 04:36:00.000000,0.202888,8.3265,0.0447,9.488235,6.605882
07/23/2019 04:37:00.000000,0.200161,8.314,0.0442,0.006982,5.490244
07/23/2019 04:38:00.000000,0.196233,8.335,0.0438,4.878947,4.878947
07/23/2019 04:39:00.000000,0.19855,8.295,0.0446,7.346341,5.568293
07/23/2019 04:40:00.000000,0.18979,8.213,0.045275,5.395122,5.017073
07/23/2019 04:41:00.000000,0.181063,8.18625,0.045175,5.0,4.983333
07/23/2019 04:42:00.000000,0.178961,8.14325,0.045,0.006171,5.0
07/23/2019 04:43:00.000000,0.18039,8.0365,0.045575,5.512195,5.414634
07/23/2019 04:44:00.000000,0.176537,7.9505,0.0451,0.009174,6.504651
07/23/2019 04:45:00.000000,0.178232,7.8635,0.0447,0.009606,6.870732
07/23/2019 04:46:00.000000,0.181419,7.64,0.0447,13.8375,5.88
07/23/2019 04:47:00.000000,0.17456,6.80225,0.044375,0.018256,5.87
07/23/2019 04:48:00.000000,0.173339,5.80325,0.044225,7.543902,5.65122
07/23/2019 04:49:00.000000,0.177747,,,,
07/23/2019 04:50:00.000000,0.178897,3.922,0.042175,0.015798,6.32439
07/23/2019 04:51:00.000000,0.192196,2.96375,0.04285,0.018667,6.211364
07/23/2019 04:52:00.000000,0.230386,1.991,0.044375,0.018091,5.530233
07/23/2019 04:53:00.000000,0.264788,0.9775,0.045025,0.010665,5.4
07/23/2019 04:54:00.000000,0.224016,0.16875,0.044625,0.00649,5.058537
07/23/2019 04:55:00.000000,0.179838,0.0435,0.044825,5.0,5.0
07/23/2019 04:56:00.000000,0.17238,0.015,0.045675,0.008999,5.085366
07/23/2019 04:57:00.000000,0.173104,2.455,0.0456,0.014234,5.595
07/23/2019 04:58:00.000000,0.173984,11.72125,0.04275,0.006202,4.590244
07/23/2019 04:59:00.000000,0.200171,13.6755,0.040475,0.00577,4.643243
07/23/2019 05:00:00.000000,0.205659,14.678,0.04325,7.238462,5.884615
07/23/2019 05:01:00.000000,0.19699,12.84175,0.044725,0.013802,5.768571
07/23/2019 05:02:00.000000,0.181298,12.5145,0.044725,0.007508,5.17907
07/23/2019 05:03:00.000000,0.183363,12.04925,0.044625,12.385714,5.0
07/23/2019 05:04:00.000000,0.190027,11.04775,0.044425,8.475,5.225
07/23/2019 05:05:00.000000,0.18761,10.105,0.044675,0.006788,5.3
07/23/2019 05:06:00.000000,0.19232,9.09025,0.043125,0.00685,5.526829
07/23/2019 05:07:00.000000,0.206909,8.1935,0.0426,0.005986,4.919512
07/23/2019 05:08:00.000000,0.20953,7.1765,0.0432,0.008372,5.229268
07/23/2019 05:09:00.000000,0.233692,,,,
07/23/2019 05:10:00.000000,0.300675,5.359,0.04205,0.006006,4.661905
07/23/2019 05:11:00.000000,0.245385,4.67075,0.04295,0.01695,4.7625
07/23/2019 05:12:00.000000,0.21383,4.45025,0.042275,11.040909,5.75
07/23/2019 05:13:00.000000,0.214952,4.29775,0.042125,0.007138,5.261905
07/23/2019 05:14:00.000000,0.221704,4.252,0.040325,0.011416,5.892308
07/23/2019 05:15:00.000000,0.244239,4.295,0.038775,0.011745,6.35814
07/23/2019 05:16:00.000000,0.265822,4.31775,0.040025,0.010059,5.713158
07/23/2019 05:17:00.000000,0.243198,117.3155,0.0408,8.216279,5.883721
07/23/2019 05:18:00.000000,0.230996,317.20925,0.0408,0.011169,5.209302
07/23/2019 05:19:00.000000,0.263544,340.4745,0.040575,0.006315,4.461538
07/23/2019 05:20:00.000000,0.292944,341.00925,0.0403,13.525,5.425
07/23/2019 05:21:00.000000,0.255404,342.292,0.04065,10.32439,6.026829
07/23/2019 05:22:00.000000,0.236911,342.41125,0.04,11.109756,7.192683
07/23/2019 05:23:00.000000,0.235095,342.33575,0.039725,0.010264,6.038462
07/23/2019 05:24:00.000000,0.236939,342.282,0.04015,7.135,5.6
07/23/2019 05:25:00.000000,0.240822,342.13875,0.040067,0.012548,5.830769
07/23/2019 05:26:00.000000,0.231542,277.60525,0.03985,0.019089,8.189474
07/23/2019 05:27:00.000000,0.216032,22.18525,0.03955,14.671429,7.985714
07/23/2019 05:28:00.000000,0.203389,0.18775,0.039475,15.183784,5.883784
07/23/2019 05:29:00.000000,0.220916,,,,
07/23/2019 05:30:00.000000,0.233284,-9999.0,0.04015,0.010779,5.764865
07/23/2019 05:31:00.000000,0.225135,-9999.0,0.039725,5.1,4.409524
07/23/2019 05:32:00.000000,0.21265,-9999.0,0.042075,8.193023,5.290698
07/23/2019 05:33:00.000000,0.192257,-9999.0,0.042,7.005263,5.165789
07/23/2019 05:34:00.000000,0.191797,-9999.0,0.039675,14.568421,5.0
07/23/2019 05:35:00.000000,0.208137,-9999.0,0.03935,0.011787,5.302439
07/23/2019 05:36:00.000000,0.243632,0.06175,0.039075,0.015672,6.155556
07/23/2019 05:37:00.000000,0.238788,1.38675,0.038725,0.010113,6.253659
07/23/2019 05:38:00.000000,0.216308,2.946667,0.0394,0.00898,5.969231
07/23/2019 05:39:00.000000,0.201758,4.09075,0.040375,5.948718,5.361538
07/23/2019 05:40:00.000000,0.191153,5.28375,0.04095,5.6775,5.275
07/23/2019 05:41:00.000000,0.177115,6.37425,0.041675,5.068421,4.918421
07/23/2019 05:42:00.000000,0.183196,10.33,0.04085,0.010381,5.107692
07/23/2019 05:43:00.000000,0.247574,15.56625,0.036425,0.01001,4.828205
07/23/2019 05:44:00.000000,0.334489,10.5455,0.03715,5.115909,4.468182
07/23/2019 05:45:00.000000,0.260804,9.074,0.040775,0.008527,4.47561
07/23/2019 05:46:00.000000,0.23284,8.839,0.04095,0.006776,4.868421
07/23/2019 05:47:00.000000,1.284327,8.9045,0.04048,0.015664,4.814815
07/23/2019 05:48:00.000000,3.252999,9.03425,0.039667,6.663415,5.131707
07/23/2019 05:49:00.000000,3.82935,9.11325,0.039675,,
07/23/2019 05:50:00.000000,3.883086,9.12525,0.040925,4.797297,4.664865
07/23/2019 05:51:00.000000,3.893484,9.1675,0.039725,0.009763,5.185714
07/23/2019 05:52:00.000000,3.892436,9.38375,0.038675,14.586047,5.251163
07/23/2019 05:53:00.000000,3.894194,9.59725,0.03788,0.009608,4.925
07/23/2019 05:54:00.000000,3.89532,9.90075,0.0369,0.005952,4.743902
07/23/2019 05:55:00.000000,3.89333,10.49075,0.0352,0.005829,4.7
07/23/2019 05:56:00.000000,3.69887,10.98725,0.034775,0.00828,5.75
07/23/2019 05:57:00.000000,1.865516,11.44225,0.035325,0.010731,5.85122
07/23/2019 05:58:00.000000,0.210456,12.12375,0.03415,0.009989,5.875
07/23/2019 05:59:00.000000,0.023724,12.8065,0.032875,9.591667,6.786111
07/23/2019 06:00:00.000000,0.017383,13.16275,0.033675,0.013697,6.289474
07/23/2019 06:01:00.000000,0.017105,13.43875,0.03426,0.010875,6.337209
07/23/2019 06:02:00.000000,0.018142,13.57225,0.0346,7.353488,5.711628
07/23/2019 06:03:00.000000,0.01903,12.4515,0.033975,0.010824,5.345
07/23/2019 06:04:00.000000,0.013529,20.083,0.029875,5.773684,5.213158
07/23/2019 06:05:00.000000,0.01291,15.62775,0.031525,8.002564,5.284615
07/23/2019 06:06:00.000000,0.008231,10.6105,0.03735,0.010142,6.061538
07/23/2019 06:07:00.000000,0.041355,10.072,0.037875,5.565854,5.346341
07/23/2019 06:08:00.000000,0.14021,9.50625,0.037775,0.011283,5.544186
07/23/2019 06:09:00.000000,0.174133,,,,
07/23/2019 06:10:00.000000,0.168853,9.26575,0.038675,9.014634,5.895122
07/23/2019 06:11:00.000000,0.163647,9.20375,0.038775,9.685714,5.766667
07/23/2019 06:12:00.000000,0.171089,9.14375,0.038975,0.012764,5.616279
07/23/2019 06:13:00.000000,0.163292,9.09075,0.03865,9.028571,6.2
07/23/2019 06:14:00.000000,0.157774,9.10525,0.03805,11.360976,5.787805
07/23/2019 06:15:00.000000,0.161837,16.19225,0.034275,0.00687,5.105
07/23/2019 06:16:00.000000,0.167588,12.6695,0.033167,0.010131,5.353488
07/23/2019 06:17:00.000000,0.193915,11.81825,0.035675,0.006305,4.887805
07/23/2019 06:18:00.000000,0.21613,9.813667,0.0357,9.804878,5.312195
07/23/2019 06:19:00.000000,0.204509,9.47075,0.034825,0.008094,5.816667
07/23/2019 06:20:00.000000,0.22396,9.6785,0.033875,0.010028,6.41
07/23/2019 06:21:00.000000,0.233267,9.80175,0.034775,0.00866,6.414634
07/23/2019 06:22:00.000000,0.199569,9.757,0.03715,0.018811,4.771429
07/23/2019 06:23:00.000000,0.182667,9.89025,0.036325,9.738462,6.276923
07/23/2019 06:24:00.000000,0.185779,10.3715,0.034925,0.008578,5.375
07/23/2019 06:25:00.000000,0.196081,10.3875,0.036875,9.467442,6.539535
07/23/2019 06:26:00.000000,0.207028,10.29425,0.0379,0.014934,7.142857
07/23/2019 06:27:00.000000,0.196442,10.15,0.03795,0.007261,5.265909
07/23/2019 06:28:00.000000,0.184815,10.102,0.0365,0.005636,4.555814
07/23/2019 06:29:00.000000,0.213598,,,,
07/23/2019 06:30:00.000000,0.247686,10.39925,0.0367,0.005821,4.648837
07/23/2019 06:31:00.000000,0.218267,10.4555,0.03575,0.01768,8.34
07/23/2019 06:32:00.000000,0.204195,10.29975,0.034,0.011859,5.472093
07/23/2019 06:33:00.000000,0.287848,10.49025,0.03505,6.795122,4.729268
07/23/2019 06:34:00.000000,0.306207,10.454,0.036375,0.011745,4.870732
07/23/2019 06:35:00.000000,0.199392,10.501,0.036025,0.009493,5.331818
07/23/2019 06:36:00.000000,0.177184,10.27575,0.036975,0.008351,5.314634
07/23/2019 06:37:00.000000,0.171898,9.97875,0.036925,0.005328,4.27561
07/23/2019 06:38:00.000000,0.174813,9.77225,0.03795,0.011509,5.6
07/23/2019 06:39:00.000000,0.186244,9.5225,0.0377,4.725,4.285
07/23/2019 06:40:00.000000,0.211816,9.25825,0.036875,5.213333,4.346667
07/23/2019 06:41:00.000000,0.218299,8.941,0.03745,0.011077,4.91
07/23/2019 06:42:00.000000,0.223217,9.0395,0.03725,0.016003,4.48
07/23/2019 06:43:00.000000,0.226782,8.92675,0.037825,6.978049,5.014634
07/23/2019 06:44:00.000000,0.225099,8.89575,0.038,9.711905,4.842857
07/23/2019 06:45:00.000000,0.214901,8.777,0.037825,10.712195,6.507317
07/23/2019 06:46:00.000000,0.193525,8.76475,0.187225,0.006089,4.8
07/23/2019 06:47:00.000000,0.202799,8.82425,0.242325,0.008824,4.916279
07/23/2019 06:48:00.000000,0.205647,8.82675,0.24565,0.008454,5.169231
07/23/2019 06:49:00.000000,0.187737,8.94925,0.2449,4.853846,4.607692
07/23/2019 06:50:00.000000,0.194754,9.10325,0.243775,0.013813,6.471429
07/23/2019 06:51:00.000000,0.209939,9.1955,0.24345,0.006757,5.185
07/23/2019 06:52:00.000000,0.259736,9.408,0.243575,0.009102,5.5
07/23/2019 06:53:00.000000,0.58698,9.67075,0.243225,5.039024,4.746341
07/23/2019 06:54:00.000000,0.437673,9.996,0.2432,0.00577,4.696774
07/23/2019 06:55:00.000000,0.224043,10.13525,0.24345,0.005914,4.7825
07/23/2019 06:56:00.000000,0.190406,10.2165,0.189225,6.576923,4.884615
07/23/2019 06:57:00.000000,0.191938,10.0895,-9999.0,0.009082,5.325
07/23/2019 06:58:00.000000,0.199195,9.90075,-9999.0,0.011169,5.659091
07/23/2019 06:59:00.000000,0.195798,9.76525,-9999.0,0.011355,6.289474
07/23/2019 07:00:00.000000,0.193382,9.5995,-9999.0,9.585714,5.435714
07/23/2019 07:01:00.000000,0.198707,9.4345,-9999.0,0.005959,4.55
07/23/2019 07:02:00.000000,0.191188,8.941,-9999.0,0.004971,4.06
07/23/2019 07:03:00.000000,0.239272,8.478,-9999.0,0.00832,5.204651
07/23/2019 07:04:00.000000,0.289141,8.1415,-9999.0,5.25122,4.887805
07/23/2019 07:05:00.000000,0.190983,7.9345,-9999.0,16.51,4.275
07/23/2019 07:06:00.000000,0.180659,7.68375,-9999.0,0.006461,4.113953
07/23/2019 07:07:00.000000,0.180196,7.547,-9999.0,0.00834,4.953659
07/23/2019 07:08:00.000000,0.178281,7.3515,-9999.0,0.012952,4.436585
07/23/2019 07:09:00.000000,0.197655,7.238,-9999.0,0.009357,4.385366
07/23/2019 07:10:00.000000,0.207082,7.307,-9999.0,0.007149,5.0
07/23/2019 07:11:00.000000,0.204561,7.4865,-9999.0,0.011504,6.284615
07/23/2019 07:12:00.000000,0.245547,7.77075,-9999.0,0.006461,5.02973
07/23/2019 07:13:00.000000,0.286043,7.9505,-9999.0,0.012387,5.735
07/23/2019 07:14:00.000000,0.240101,8.155,-9999.0,0.007241,5.387805
07/23/2019 07:15:00.000000,0.210301,8.3455,-9999.0,0.009481,5.214286
07/23/2019 07:16:00.000000,0.197023,8.51175,0.009075,12.85122,7.24878
07/23/2019 07:17:00.000000,0.188069,8.61075,0.048775,17.413636,5.918182
07/23/2019 07:18:00.000000,0.189732,8.66525,0.039375,0.009871,5.107692
07/23/2019 07:19:00.000000,0.203944,8.69875,0.035475,0.006379,5.0
07/23/2019 07:20:00.000000,0.260102,8.8995,0.0323,5.348718,5.253846
07/23/2019 07:21:00.000000,0.3324,9.06225,0.031725,11.851163,5.55814
07/23/2019 07:22:00.000000,0.287262,9.043,0.032475,9.797561,6.097561
07/23/2019 07:23:00.000000,0.244459,9.1715,0.031625,0.012689,5.87
07/23/2019 07:24:00.000000,0.24807,9.20625,0.03205,8.436585,5.202439
07/23/2019 07:25:00.000000,0.211307,9.07875,0.033375,0.018434,5.957143
07/23/2019 07:26:00.000000,0.187642,8.99825,0.034075,0.014238,5.153488
07/23/2019 07:27:00.000000,0.186225,8.71575,0.03445,0.008709,4.658537
07/23/2019 07:28:00.000000,0.187549,8.14275,0.03575,0.008925,5.361538
07/23/2019 07:29:00.000000,0.180892,7.6545,0.03625,0.010935,5.402778
07/23/2019 07:30:00.000000,0.184902,7.2455,0.0379,6.672222,4.622222
07/23/2019 07:31:00.000000,0.17663,6.69125,0.0387,4.475,4.09
07/23/2019 07:32:00.000000,0.165544,6.3105,0.0379,0.004934,4.0
07/23/2019 07:33:00.000000,0.161968,6.1435,0.037875,0.015531,7.872093
07/23/2019 07:34:00.000000,0.171292,6.02475,0.0377,0.008596,5.889474
07/23/2019 07:35:00.000000,0.174219,6.11925,0.0362,10.790244,5.656098
07/23/2019 07:36:00.000000,0.177947,6.319,0.035425,8.24878,5.45122
07/23/2019 07:37:00.000000,0.178641,6.3845,0.0371,6.822727,4.536364
07/23/2019 07:38:00.000000,0.171256,6.601,0.0373,0.005878,4.565
07/23/2019 07:39:00.000000,0.168152,6.92075,0.035575,4.775,4.77
07/23/2019 07:40:00.000000,0.169794,7.176,0.03445,7.35,5.65
07/23/2019 07:41:00.000000,0.176155,7.33325,0.035075,6.827907,5.54186
07/23/2019 07:42:00.000000,0.175618,7.414,0.0362,0.005652,4.565
07/23/2019 07:43:00.000000,0.171148,7.34725,0.03675,6.346154,4.907692
07/23/2019 07:44:00.000000,0.16792,7.35475,0.036475,0.018854,5.423077
07/23/2019 07:45:00.000000,0.174047,7.54275,0.036033,0.028169,6.182927
07/23/2019 07:46:00.000000,0.177082,7.69675,0.035125,0.012792,6.391176
07/23/2019 07:47:00.000000,0.182986,7.804,0.034025,10.3625,5.528125
07/23/2019 07:48:00.000000,0.188791,7.8575,0.03445,0.006032,4.560976
07/23/2019 07:49:00.000000,0.192651,7.95975,0.03425,,
07/23/2019 07:50:00.000000,0.226208,9.9145,0.0327,0.010258,6.985714
07/23/2019 07:51:00.000000,0.220516,23.87575,0.027725,5.677273,5.502273
07/23/2019 07:52:00.000000,0.195827,16.086,0.0262,0.012494,5.968293
07/23/2019 07:53:00.000000,0.197678,13.5225,0.02785,0.017572,6.585714
07/23/2019 07:54:00.000000,0.200503,16.561,0.025233,0.010843,6.6
07/23/2019 07:55:00.000000,0.19822,12.05,0.026325,9.985,7.0125
07/23/2019 07:56:00.000000,0.200557,11.948,0.028375,6.373171,5.819512
07/23/2019 07:57:00.000000,0.202667,11.89175,0.02835,0.006791,5.516667
07/23/2019 07:58:00.000000,0.199996,11.816,0.027875,0.019183,6.4
07/23/2019 07:59:00.000000,0.200651,11.7555,0.0277,0.019973,10.0
07/23/2019 08:00:00.000000,0.197296,11.74625,0.02755,8.742857,7.085714
07/23/2019 08:01:00.000000,0.202783,11.784,0.027025,8.807692,7.176923
07/23/2019 08:02:00.000000,0.206481,11.79075,0.027125,7.833333,6.633333
07/23/2019 08:03:00.000000,0.2053,11.70425,0.0282,11.181395,7.313953
07/23/2019 08:04:00.000000,0.205335,11.5395,0.0291,0.013336,6.753659
07/23/2019 08:05:00.000000,0.203003,11.40125,0.0292,0.015921,6.846667
07/23/2019 08:06:00.000000,0.2037,11.30925,0.0292,0.013828,7.151163
07/23/2019 08:07:00.000000,0.207874,11.1875,0.029475,0.007645,5.641026
07/23/2019 08:08:00.000000,0.212519,11.0605,0.0295,9.395455,7.540909
07/23/2019 08:09:00.000000,0.218824,10.83925,0.02965,8.158974,6.846154
07/23/2019 08:10:00.000000,0.218625,10.67075,0.029025,0.012048,7.251163
07/23/2019 08:11:00.000000,0.22246,13.00675,0.02695,10.453846,8.876923
07/23/2019 08:12:00.000000,0.241055,11.5285,0.025075,6.481395,6.351163
07/23/2019 08:13:00.000000,0.284982,14.865,0.026175,0.012027,5.96087
07/23/2019 08:14:00.000000,0.306203,12.93375,0.028425,0.012007,7.416667
07/23/2019 08:15:00.000000,0.31242,10.8075,0.030425,0.0201,7.358537
07/23/2019 08:16:00.000000,0.297872,10.93125,0.031125,0.019506,7.128571
07/23/2019 08:17:00.000000,0.270407,10.94875,0.03045,11.231707,7.846341
07/23/2019 08:18:00.000000,0.231105,10.7965,0.0313,0.010142,7.065
07/23/2019 08:19:00.000000,0.213464,10.67075,0.0316,10.553488,8.276744
07/23/2019 08:20:00.000000,0.209848,10.75925,0.03015,10.911628,9.016279
07/23/2019 08:21:00.000000,0.216608,14.37825,0.02705,10.459524,8.757143
07/23/2019 08:22:00.000000,0.218408,11.10675,0.028075,0.011863,7.409302
07/23/2019 08:23:00.000000,0.215208,11.059,0.02995,7.957143,7.533333
07/23/2019 08:24:00.000000,0.220701,11.55975,0.029575,8.665854,7.6
07/23/2019 08:25:00.000000,0.219364,11.40475,0.03055,11.037209,8.018605
07/23/2019 08:26:00.000000,0.224294,11.29475,0.029925,12.885,9.8325
07/23/2019 08:27:00.000000,0.223034,11.32375,0.029675,16.712195,9.004878
07/23/2019 08:28:00.000000,0.211426,11.06875,0.0318,0.011193,7.6
07/23/2019 08:29:00.000000,0.205098,10.73675,0.033425,0.008901,7.229268
07/23/2019 08:30:00.000000,0.201631,10.35925,0.033225,9.15,7.115217
07/23/2019 08:31:00.000000,0.198888,10.02025,0.032175,0.015142,8.369231
07/23/2019 08:32:00.000000,0.199724,9.86225,0.0311,23.075,8.6
07/23/2019 08:33:00.000000,0.203566,9.828,0.03085,21.209756,8.6
07/23/2019 08:34:00.000000,0.203111,9.61375,0.0319,9.873171,8.002439
07/23/2019 08:35:00.000000,0.20797,9.35575,0.031075,0.014938,9.1
07/23/2019 08:36:00.000000,0.207366,9.58925,0.029575,0.010334,7.757143
07/23/2019 08:37:00.000000,0.206807,10.0265,0.02945,8.316279,8.295349
07/23/2019 08:38:00.000000,0.207343,10.52525,0.0289,0.010109,8.23
07/23/2019 08:39:00.000000,0.208918,10.853,0.0282,9.657143,7.857143
07/23/2019 08:40:00.000000,0.211754,11.042,0.028125,8.644186,8.218605
07/23/2019 08:41:00.000000,0.211566,11.27125,0.027875,11.669767,9.160465
07/23/2019 08:42:00.000000,0.210019,11.6295,0.02815,12.8125,9.98
07/23/2019 08:43:00.000000,0.210138,11.9635,0.02785,0.01461,9.331707
07/23/2019 08:44:00.000000,0.206661,12.0845,0.0278,0.013546,9.373333
07/23/2019 08:45:00.000000,0.202197,12.08425,0.028,0.016759,9.16
07/23/2019 08:46:00.000000,0.20173,11.94025,0.028275,9.231579,8.342105
07/23/2019 08:47:00.000000,0.200393,11.76125,0.02935,0.008553,6.925
07/23/2019 08:48:00.000000,0.188472,11.55725,0.02995,0.013735,9.116667
07/23/2019 08:49:00.000000,0.198705,11.38175,0.02955,0.023038,8.057143
07/23/2019 08:50:00.000000,0.202877,11.2755,0.028875,0.017805,8.730769
07/23/2019 08:51:00.000000,0.192838,11.168,0.028475,0.019292,10.245454
07/23/2019 08:52:00.000000,0.194727,11.213,0.0271,20.242105,8.226316
07/23/2019 08:53:00.000000,0.192263,11.24,0.0267,0.019823,10.981395
07/23/2019 08:54:00.000000,0.198716,11.4295,0.0267,0.031001,8.807692
07/23/2019 08:55:00.000000,0.200501,11.901,0.025375,0.019067,9.585714
07/23/2019 08:56:00.000000,0.201651,12.06,0.02725,0.010668,8.066667
07/23/2019 08:57:00.000000,0.185178,11.9535,0.0299,0.012834,8.482927
07/23/2019 08:58:00.000000,0.173692,11.8245,0.029725,0.012875,7.914286
07/23/2019 08:59:00.000000,0.17291,11.68025,0.028275,8.2125,7.8
07/23/2019 09:00:00.000000,0.174553,11.442,0.027375,0.009125,7.46
07/23/2019 09:01:00.000000,0.176538,11.15675,0.027575,12.566667,10.066667
07/23/2019 09:02:00.000000,0.173642,10.80175,0.0275,0.020518,8.146154
07/23/2019 09:03:00.000000,0.178016,10.4555,0.026775,0.012752,8.509756
07/23/2019 09:04:00.000000,0.17667,10.298,0.0275,10.335714,8.366667
07/23/2019 09:05:00.000000,0.175706,10.20525,0.02885,8.742105,7.410526
07/23/2019 09:06:00.000000,0.176294,10.075,0.0287,0.015184,8.370732
07/23/2019 09:07:00.000000,0.178032,9.8515,0.028625,11.980952,8.014286
07/23/2019 09:08:00.000000,0.181765,9.471,0.029225,12.153488,9.381395
07/23/2019 09:09:00.000000,0.172756,9.07325,0.029825,,
07/23/2019 09:10:00.000000,0.169209,8.50675,0.031125,0.03889,8.7475
07/23/2019 09:11:00.000000,0.162003,7.78125,0.032225,19.775,7.6
07/23/2019 09:12:00.000000,0.159376,7.1665,0.032175,0.017779,8.922727
07/23/2019 09:13:00.000000,0.159248,6.6595,0.0311,0.012159,7.137838
07/23/2019 09:14:00.000000,0.157193,6.16125,0.031025,10.956522,8.602174
07/23/2019 09:15:00.000000,0.156896,5.6265,0.0316,12.908571,8.951429
07/23/2019 09:16:00.000000,0.153667,5.21375,0.0321,0.014857,8.0475
07/23/2019 09:17:00.000000,0.159026,4.96975,0.0313,0.00938,7.110345
07/23/2019 09:18:00.000000,0.20462,4.9915,0.030575,0.012292,7.812
07/23/2019 09:19:00.000000,0.203795,5.043,0.031075,0.014223,7.982051
07/23/2019 09:20:00.000000,0.167608,5.11425,0.0313,12.35,8.65
07/23/2019 09:21:00.000000,0.156078,5.208,0.030975,11.753659,8.136585
07/23/2019 09:22:00.000000,0.162619,5.17025,0.031767,7.978947,7.428947
07/23/2019 09:23:00.000000,0.160578,5.30625,0.0317,9.732258,8.703226
07/23/2019 09:24:00.000000,0.244992,5.591667,0.029675,12.931579,8.228947
07/23/2019 09:25:00.000000,0.330368,5.72625,0.02905,0.015225,9.764865
07/23/2019 09:26:00.000000,0.213943,5.81875,0.029,20.285,9.98
07/23/2019 09:27:00.000000,0.177663,6.02,0.02885,11.0275,8.38
07/23/2019 09:28:00.000000,0.176289,6.2435,0.02855,0.012302,8.084211
07/23/2019 09:29:00.000000,0.175588,,,,
07/23/2019 09:30:00.000000,0.170892,6.75825,0.026975,9.55,8.405263
07/23/2019 09:31:00.000000,0.168671,6.98375,0.0279,0.017432,8.187805
07/23/2019 09:32:00.000000,0.16998,7.032,0.02855,15.179545,8.795455
07/23/2019 09:33:00.000000,0.167065,7.129,0.028275,16.283333,8.416667
07/23/2019 09:34:00.000000,0.168423,7.16975,0.0287,0.011587,7.136364
07/23/2019 09:35:00.000000,0.168049,7.213,0.028275,8.229412,8.194118
07/23/2019 09:36:00.000000,0.173879,7.53425,0.02535,10.473171,8.943902
07/23/2019 09:37:00.000000,0.185279,7.7155,0.026575,7.92381,7.607143
07/23/2019 09:38:00.000000,0.177377,7.701,0.0284,12.223256,8.176744
07/23/2019 09:39:00.000000,0.171133,7.677,0.0285,0.016083,7.733333
07/23/2019 09:40:00.000000,0.175353,7.7405,0.028425,0.016471,8.902326
07/23/2019 09:41:00.000000,0.171092,7.76625,0.027675,13.414286,8.205714
07/23/2019 09:42:00.000000,0.169218,7.8285,0.028125,0.017044,8.244737
07/23/2019 09:43:00.000000,0.165323,7.8985,0.0273,11.428571,7.958824
07/23/2019 09:44:00.000000,0.169881,7.70575,0.026925,0.014918,7.813889
07/23/2019 09:45:00.000000,0.171299,7.686,0.02745,0.016124,8.281481
07/23/2019 09:46:00.000000,0.168598,7.7595,0.027275,12.672727,10.3
07/23/2019 09:47:00.000000,0.165745,7.87425,0.027725,0.015841,8.509756
07/23/2019 09:48:00.000000,0.168577,7.88825,0.02905,0.023266,9.509756
07/23/2019 09:49:00.000000,0.167339,7.98825,0.028325,12.179487,9.276923
07/23/2019 09:50:00.000000,0.167624,10.38525,0.02545,0.015215,8.518421
07/23/2019 09:51:00.000000,0.1707,11.3105,0.025325,20.154545,8.240909
07/23/2019 09:52:00.000000,0.171618,10.7295,0.0252,12.870732,8.114634
07/23/2019 09:53:00.000000,0.178522,10.30225,0.024425,0.01647,8.616279
07/23/2019 09:54:00.000000,0.177382,9.21,0.0269,12.604878,7.456098
07/23/2019 09:55:00.000000,0.180166,9.07875,0.027975,0.010796,7.971429
07/23/2019 09:56:00.000000,0.186331,9.0125,0.0266,0.013082,8.518605
07/23/2019 09:57:00.000000,0.191059,8.9685,0.026775,0.009939,7.634146
07/23/2019 09:58:00.000000,0.192495,8.924,0.027275,0.016327,9.07561
07/23/2019 09:59:00.000000,0.191644,9.77625,0.0254,0.017246,8.321951
07/23/2019 10:00:00.000000,0.192107,15.826,0.02085,15.237209,10.509302
07/23/2019 10:01:00.000000,0.184633,11.48575,0.023775,0.017225,7.814286
07/23/2019 10:02:00.000000,0.051988,11.17275,0.02685,0.014756,8.854545
07/23/2019 10:03:00.000000,0.02566,10.98775,0.02645,0.010194,7.26129
07/23/2019 10:04:00.000000,0.00639,9.52025,0.028475,0.016878,9.890909
07/23/2019 10:05:00.000000,0.009292,9.191,0.030175,0.010531,7.732558
07/23/2019 10:06:00.000000,0.004203,9.03475,0.029575,0.029961,7.96
07/23/2019 10:07:00.000000,0.005862,8.7525,0.0302,0.012837,7.160976
07/23/2019 10:08:00.000000,0.00802,8.4855,0.03055,16.851282,8.015385
07/23/2019 10:09:00.000000,0.003622,8.32425,0.02955,0.02195,9.56
07/23/2019 10:10:00.000000,0.007381,8.36975,0.02785,15.986364,8.995455
07/23/2019 10:11:00.000000,0.009035,8.3675,0.027375,13.186667,8.815556
07/23/2019 10:12:00.000000,0.030592,8.438,0.027275,8.411628,7.87907
07/23/2019 10:13:00.000000,0.113049,8.71475,0.026225,0.013409,8.128571
07/23/2019 10:14:00.000000,0.156968,8.909,0.02705,0.019511,8.628571
07/23/2019 10:15:00.000000,0.162445,9.289,0.02665,0.033338,9.477778
07/23/2019 10:16:00.000000,0.163126,9.77575,0.02495,16.104878,9.258537
07/23/2019 10:17:00.000000,0.166049,10.28125,0.022875,0.010123,7.585
07/23/2019 10:18:00.000000,0.172999,10.70875,0.02165,0.024042,8.140909
07/23/2019 10:19:00.000000,0.175969,11.19425,0.02125,0.018269,8.982927
07/23/2019 10:20:00.000000,0.173618,11.69025,0.02055,8.463415,7.819512
07/23/2019 10:21:00.000000,0.178674,12.011,0.0206,10.843902,8.282927
07/23/2019 10:22:00.000000,0.180421,12.4035,0.02055,10.516279,8.65814
07/23/2019 10:23:00.000000,0.177531,12.7765,0.020625,0.016489,9.904651
07/23/2019 10:24:00.000000,0.180945,12.92875,0.02085,13.8375,9.675
07/23/2019 10:25:00.000000,0.183244,12.862,0.02205,8.592683,7.892683
07/23/2019 10:26:00.000000,0.220796,12.68125,0.0226,11.695,9.3
07/23/2019 10:27:00.000000,0.226269,12.47925,0.0238,8.371429,7.971429
07/23/2019 10:28:00.000000,0.200534,12.319,0.023575,13.256098,8.987805
07/23/2019 10:29:00.000000,0.209797,,,,
07/23/2019 10:30:00.000000,0.231348,12.262,0.0224,13.320513,9.248718
07/23/2019 10:31:00.000000,0.268886,12.08775,0.0236,14.957143,8.614286
07/23/2019 10:32:00.000000,0.248965,11.93,0.0239,0.019404,8.16
07/23/2019 10:33:00.000000,0.213241,11.93725,0.0228,13.160465,9.02093
07/23/2019 10:34:00.000000,0.224262,12.0805,0.021875,0.016551,9.8
07/23/2019 10:35:00.000000,0.233249,12.20775,0.02185,0.019302,9.214286
07/23/2019 10:36:00.000000,0.234881,12.31425,0.022025,10.971429,8.5
07/23/2019 10:37:00.000000,0.246155,12.3755,0.021975,17.042857,9.342857
07/23/2019 10:38:00.000000,0.260305,12.29925,0.022825,0.025417,9.5
07/23/2019 10:39:00.000000,0.217896,12.49575,0.02235,14.092105,10.281579
07/23/2019 10:40:00.000000,0.197044,12.77125,0.022,9.774359,9.384615
07/23/2019 10:41:00.000000,0.216343,12.85025,0.02255,20.265,10.475
07/23/2019 10:42:00.000000,0.205546,12.8085,0.02235,12.171429,8.728571
07/23/2019 10:43:00.000000,0.192414,12.95225,0.021175,0.011618,7.977778
07/23/2019 10:44:00.000000,0.196323,12.6955,0.0246,0.018915,11.263636
07/23/2019 10:45:00.000000,0.188118,11.9745,0.029725,20.557143,9.757143
07/23/2019 10:46:00.000000,0.168252,11.45625,0.0289,0.013187,8.785366
07/23/2019 10:47:00.000000,0.159685,11.03875,0.027525,0.038054,9.895122
07/23/2019 10:48:00.000000,0.164843,10.60975,0.0259,12.727273,8.586364
07/23/2019 10:49:00.000000,0.171681,10.575,0.023675,10.336842,9.034211
07/23/2019 10:50:00.000000,0.220662,10.65175,0.022925,13.830769,9.707692
07/23/2019 10:51:00.000000,0.250455,10.285,0.0242,17.985366,9.55122
07/23/2019 10:52:00.000000,0.192709,10.23325,0.026275,14.86,9.33
07/23/2019 10:53:00.000000,0.168137,10.456,0.02735,0.019506,8.711364
07/23/2019 10:54:00.000000,0.163994,10.52075,0.02775,0.023501,9.276923
07/23/2019 10:55:00.000000,0.163279,10.538,0.027425,0.023705,9.828571
07/23/2019 10:56:00.000000,0.157391,10.5685,0.026075,15.083721,8.867442
07/23/2019 10:57:00.000000,0.162307,10.5215,0.024875,0.019037,10.388889
07/23/2019 10:58:00.000000,0.215595,10.096,0.026875,19.32381,11.471429
07/23/2019 10:59:00.000000,0.584358,9.817,0.028325,15.315385,10.076923
07/23/2019 11:00:00.000000,0.476256,9.653,0.02895,0.018038,10.2375
07/23/2019 11:01:00.000000,0.244937,9.69325,0.027475,0.018833,9.76
07/23/2019 11:02:00.000000,0.293306,9.9185,0.026125,0.034548,9.45
07/23/2019 11:03:00.000000,0.307169,10.092,0.026733,0.017682,10.073684
07/23/2019 11:04:00.000000,0.250896,14.82175,0.0252,22.786486,9.594595
07/23/2019 11:05:00.000000,0.274373,22.205,0.02245,0.024724,9.674359
07/23/2019 11:06:00.000000,0.278563,10.44925,0.02425,23.526829,9.102439
07/23/2019 11:07:00.000000,0.175228,10.27925,0.02565,16.786047,8.913953
07/23/2019 11:08:00.000000,0.159359,11.43075,0.024625,0.032867,8.9
07/23/2019 11:09:00.000000,0.186219,15.781,0.020625,,
07/23/2019 11:10:00.000000,0.463542,15.7555,0.0181,20.076923,11.269231
07/23/2019 11:11:00.000000,0.714098,24.636,0.016675,0.026263,10.11
07/23/2019 11:12:00.000000,0.321593,17.86825,0.0191,21.585366,9.643902
07/23/2019 11:13:00.000000,0.201845,14.19875,0.0214,0.01173,8.567442
07/23/2019 11:14:00.000000,0.182099,12.8175,0.023225,14.294595,10.216216
07/23/2019 11:15:00.000000,0.173695,13.4865,0.0231,0.020494,9.390244
07/23/2019 11:16:00.000000,0.184837,13.4935,0.022225,0.016856,9.029268
07/23/2019 11:17:00.000000,0.212819,13.5265,0.021325,0.018303,9.170732
07/23/2019 11:18:00.000000,0.238572,13.67125,0.02075,22.212195,9.626829
07/23/2019 11:19:00.000000,0.335439,13.85175,0.01935,28.25641,9.784615
07/23/2019 11:20:00.000000,0.4147,17.4585,0.016825,0.019771,9.961905
07/23/2019 11:21:00.000000,0.421969,17.31225,0.014975,0.034487,9.914634
07/23/2019 11:22:00.000000,0.381828,19.54425,0.0138,0.022166,9.635714
07/23/2019 11:23:00.000000,0.372852,18.996,0.0134,23.354762,8.828571
07/23/2019 11:24:00.000000,0.310574,18.84725,0.01325,0.019954,9.376923
07/23/2019 11:25:00.000000,0.293701,18.613,0.01315,14.653488,10.446512
07/23/2019 11:26:00.000000,0.324456,18.3775,0.013075,15.962791,8.84186
07/23/2019 11:27:00.000000,0.488896,18.14475,0.01345,0.014302,10.795
07/23/2019 11:28:00.000000,0.486338,17.91325,0.014025,0.01716,10.265
07/23/2019 11:29:00.000000,0.332433,17.43875,0.01505,,
07/23/2019 11:30:00.000000,0.292373,16.96425,0.015275,0.018249,8.997674
07/23/2019 11:31:00.000000,0.299905,16.55425,0.016625,22.51,8.985
07/23/2019 11:32:00.000000,0.220674,16.5455,0.015425,0.032874,10.275
07/23/2019 11:33:00.000000,0.215686,16.8855,0.011925,0.014188,10.172727
07/23/2019 11:34:00.000000,0.241495,17.2515,0.011275,0.036192,10.011905
07/23/2019 11:35:00.000000,0.242909,17.49975,0.01225,33.637209,10.167442
07/23/2019 11:36:00.000000,0.278673,17.98025,0.0114,16.554545,10.977273
07/23/2019 11:37:00.000000,0.327727,18.4925,0.011625,19.05,10.016667
07/23/2019 11:38:00.000000,0.356539,18.6775,0.014125,0.024101,9.108108
07/23/2019 11:39:00.000000,0.289691,20.285,0.0132,0.025964,10.468182
07/23/2019 11:40:00.000000,0.333374,23.78075,0.01,20.9625,11.72
07/23/2019 11:41:00.000000,0.35107,23.36275,0.008,21.233333,10.983333
07/23/2019 11:42:00.000000,0.372335,24.70575,0.0063,0.031836,11.977273
07/23/2019 11:43:00.000000,0.395325,24.847,0.005125,0.038971,16.212195
07/23/2019 11:44:00.000000,0.447796,27.48125,0.003825,0.068792,12.462791
07/23/2019 11:45:00.000000,0.655008,26.4495,0.003525,0.037749,11.6
07/23/2019 11:46:00.000000,0.653222,25.56075,0.00405,0.027633,8.865714
07/23/2019 11:47:00.000000,0.459822,23.51275,0.0051,26.0375,9.3125
07/23/2019 11:48:00.000000,0.381954,23.67725,0.00555,27.188636,11.586364
07/23/2019 11:49:00.000000,0.40811,26.1685,0.004075,26.614286,13.333333
07/23/2019 11:50:00.000000,0.566986,25.29075,0.004,0.034381,10.365854
07/23/2019 11:51:00.000000,0.778753,22.30175,0.00595,28.814286,11.033333
07/23/2019 11:52:00.000000,0.909418,21.79375,0.007925,0.015257,8.536364
07/23/2019 11:53:00.000000,0.825651,17.55525,0.008875,0.011196,8.183784
07/23/2019 11:54:00.000000,0.582177,19.22075,0.0091,0.014575,8.54
07/23/2019 11:55:00.000000,0.494944,19.3615,0.010025,0.019847,9.954839
07/23/2019 11:56:00.000000,0.406898,20.75725,0.01,0.009292,7.195
07/23/2019 11:57:00.000000,0.33687,20.34825,0.0114,0.020834,6.102439
07/23/2019 11:58:00.000000,0.336084,19.6785,0.0143,0.026126,7.285714
07/23/2019 11:59:00.000000,0.349874,18.801,0.016275,9.090909,7.068182
07/23/2019 12:00:00.000000,0.295834,17.8355,0.017525,16.495455,7.777273
07/23/2019 12:01:00.000000,0.349986,17.0635,0.0172,8.435,6.965
07/23/2019 12:02:00.000000,0.352719,17.1755,0.01595,0.032732,8.5
07/23/2019 12:03:00.000000,0.259067,19.62575,0.013425,13.765854,8.714634
07/23/2019 12:04:00.000000,0.269372,16.16625,0.012675,11.230769,8.530769
07/23/2019 12:05:00.000000,0.304098,15.668,0.01345,0.012254,7.214286
07/23/2019 12:06:00.000000,0.399933,15.08325,0.0154,0.012783,6.253659
07/23/2019 12:07:00.000000,0.34282,14.80925,0.01555,0.011521,6.614286
07/23/2019 12:08:00.000000,0.269025,14.86025,0.014525,23.827907,7.118605
07/23/2019 12:09:00.000000,0.293872,15.058,0.0132,13.936364,7.545455
07/23/2019 12:10:00.000000,0.290362,15.1765,0.012925,0.031042,8.371429
07/23/2019 12:11:00.000000,0.292841,15.3545,0.012875,22.807317,7.919512
07/23/2019 12:12:00.000000,0.318803,15.491,0.014175,14.357143,7.628571
07/23/2019 12:13:00.000000,0.302285,15.469,0.01565,6.868293,6.063415
07/23/2019 12:14:00.000000,0.418789,15.52475,0.014975,0.033953,7.661538
07/23/2019 12:15:00.000000,0.732077,15.938,0.012975,0.021923,7.060976
07/23/2019 12:16:00.000000,0.494575,16.42175,0.011533,0.019256,7.316667
07/23/2019 12:17:00.000000,0.323772,16.75725,0.01095,13.414286,8.428571
07/23/2019 12:18:00.000000,0.3355,17.20875,0.010475,0.046411,6.978049
07/23/2019 12:19:00.000000,0.397197,17.56875,0.009325,28.093333,7.882222
07/23/2019 12:20:00.000000,0.508328,18.128,0.00865,0.019908,8.785714
07/23/2019 12:21:00.000000,0.686362,19.18,0.0072,0.030208,7.842857
07/23/2019 12:22:00.000000,0.450842,20.02075,0.006425,0.025709,6.157143
07/23/2019 12:23:00.000000,0.325053,20.62375,0.007375,0.023897,6.671429
07/23/2019 12:24:00.000000,0.32567,21.086,0.00715,14.463158,7.221053
07/23/2019 12:25:00.000000,0.318177,21.6045,0.00665,13.02,7.555
07/23/2019 12:26:00.000000,0.2984,22.02125,0.007375,0.017689,6.24
07/23/2019 12:27:00.000000,0.323338,22.4815,0.0071,15.056098,8.487805
07/23/2019 12:28:00.000000,0.418508,21.92275,0.006775,0.026717,8.222727
07/23/2019 12:29:00.000000,0.433328,,,,
07/23/2019 12:30:00.000000,0.500039,21.0845,0.006075,0.01918,8.609756
07/23/2019 12:31:00.000000,0.489257,24.891,0.00625,11.233333,8.453333
07/23/2019 12:32:00.000000,0.44399,25.1905,0.00615,0.007705,5.877273
07/23/2019 12:33:00.000000,0.431713,22.08225,0.0077,15.395349,7.660465
07/23/2019 12:34:00.000000,0.401704,19.83625,0.010425,0.016,8.960465
07/23/2019 12:35:00.000000,0.348364,19.07425,0.014075,0.029616,10.095122
07/23/2019 12:36:00.000000,0.429277,22.767,0.0129,0.035015,11.328571
07/23/2019 12:37:00.000000,0.651596,19.4655,0.009525,0.034389,11.670732
07/23/2019 12:38:00.000000,0.589097,21.17875,0.008,20.918605,8.516279
07/23/2019 12:39:00.000000,0.541177,21.415,0.0074,17.357143,8.085714
07/23/2019 12:40:00.000000,0.582902,21.61475,0.007625,15.858537,8.697561
07/23/2019 12:41:00.000000,0.514787,20.143,0.0078,0.043161,7.815385
07/23/2019 12:42:00.000000,0.471487,19.9935,0.0087,0.043084,6.865789
07/23/2019 12:43:00.000000,0.43497,19.98825,0.009075,0.020524,7.106977
07/23/2019 12:44:00.000000,0.424314,19.86675,0.009675,0.01856,7.714286
07/23/2019 12:45:00.000000,0.46323,19.8675,0.009625,13.1,7.8
07/23/2019 12:46:00.000000,0.468043,19.87025,0.0095,18.42619,7.714286
07/23/2019 12:47:00.000000,0.457186,21.864,0.008175,0.011003,7.02
07/23/2019 12:48:00.000000,0.589802,23.715,0.00695,0.020802,7.237778
07/23/2019 12:49:00.000000,0.541134,,,,
07/23/2019 12:50:00.000000,0.543464,22.73475,0.00765,0.022158,9.58
07/23/2019 12:51:00.000000,0.536241,22.82575,0.00735,29.18,9.475
07/23/2019 12:52:00.000000,0.437564,22.4795,0.008175,16.1,7.233333
07/23/2019 12:53:00.000000,0.428696,22.1525,0.00925,27.683333,5.883333
07/23/2019 12:54:00.000000,0.714112,21.793,0.00965,0.009131,5.355814
07/23/2019 12:55:00.000000,0.661332,20.572,0.01005,0.014768,6.745
07/23/2019 12:56:00.000000,0.560246,24.40775,0.0093,0.025671,8.2
07/23/2019 12:57:00.000000,0.64791,21.138,0.009625,0.02382,7.469231
07/23/2019 12:58:00.000000,0.632619,18.11525,0.011325,0.021742,9.8
07/23/2019 12:59:00.000000,0.513002,19.7815,0.012275,15.066667,10.05
07/23/2019 13:00:00.000000,0.493543,18.27575,0.013025,7.172727,6.459091
07/23/2019 13:01:00.000000,0.465018,18.111,0.012575,0.025609,7.825
07/23/2019 13:02:00.000000,0.396488,19.98225,0.0112,8.793333,6.664444
07/23/2019 13:03:00.000000,0.408335,21.91875,0.00995,26.938095,8.2
07/23/2019 13:04:00.000000,0.46356,19.69225,0.01015,32.860976,6.304878
07/23/2019 13:05:00.000000,0.427396,19.037,0.011075,39.290476,6.085714
07/23/2019 13:06:00.000000,0.36985,19.167,0.0118,0.033447,8.130769
07/23/2019 13:07:00.000000,0.346965,21.11,0.011925,26.085714,7.9
07/23/2019 13:08:00.000000,0.356209,21.091,0.0113,0.015695,7.542857
07/23/2019 13:09:00.000000,0.368045,,,,
07/23/2019 13:10:00.000000,0.429632,14.38575,0.019925,39.244186,10.846512
07/23/2019 13:11:00.000000,0.361867,14.39175,0.022225,0.02345,11.639024
07/23/2019 13:12:00.000000,0.236836,12.5685,0.023175,25.328571,12.142857
07/23/2019 13:13:00.000000,0.198612,12.88975,0.022325,0.05344,12.284444
07/23/2019 13:14:00.000000,0.207619,13.53125,0.01985,28.188095,14.1
07/23/2019 13:15:00.000000,0.215649,14.05075,0.019825,19.331915,12.829787
07/23/2019 13:16:00.000000,0.218612,14.78425,0.01915,0.028329,15.018182
07/23/2019 13:17:00.000000,0.291316,19.27425,0.017125,0.044147,13.672727
07/23/2019 13:18:00.000000,0.330309,24.44575,0.016425,17.638461,13.738462
07/23/2019 13:19:00.000000,0.309211,26.4805,0.0168,0.033177,13.136585
07/23/2019 13:20:00.000000,0.296904,19.961,0.017475,0.016784,12.385366
07/23/2019 13:21:00.000000,0.309933,22.4315,0.0184,0.033352,14.217949
07/23/2019 13:22:00.000000,0.51626,20.42725,0.017575,0.03557,15.605
07/23/2019 13:23:00.000000,0.53976,19.8045,0.018775,31.37561,12.982927
07/23/2019 13:24:00.000000,0.318999,18.55925,0.0197,35.657143,15.414286
07/23/2019 13:25:00.000000,0.315627,18.74225,0.0192,29.236364,15.647727
07/23/2019 13:26:00.000000,0.345448,18.931,0.0179,30.204878,14.660976
07/23/2019 13:27:00.000000,0.468289,19.3635,0.01625,29.571428,15.333333
07/23/2019 13:28:00.000000,0.457271,20.5615,0.016525,24.263158,13.9
07/23/2019 13:29:00.000000,0.419921,34.271,0.016125,,
07/23/2019 13:30:00.000000,0.36596,33.6085,0.014925,0.037655,18.655
07/23/2019 13:31:00.000000,0.303139,23.1295,0.01645,0.041764,15.012195
07/23/2019 13:32:00.000000,0.377367,23.87375,0.0176,34.55122,15.95122
07/23/2019 13:33:00.000000,0.812395,17.5055,0.019125,0.034851,17.807692
07/23/2019 13:34:00.000000,0.577407,17.55225,0.019275,0.036402,16.752632
07/23/2019 13:35:00.000000,0.441393,22.02675,0.0177,43.35,16.925
07/23/2019 13:36:00.000000,0.457734,19.985,0.017975,41.1,15.3
07/23/2019 13:37:00.000000,0.344136,18.47975,0.01975,0.042237,16.65
07/23/2019 13:38:00.000000,0.481449,19.4675,0.0199,0.043346,15.378049
07/23/2019 13:39:00.000000,0.660869,20.75775,0.018225,0.037906,14.411628
07/23/2019 13:40:00.000000,0.616048,21.114667,0.017275,0.050746,14.557143
07/23/2019 13:41:00.000000,0.457851,21.747,0.016675,0.038723,15.628571
07/23/2019 13:42:00.000000,0.385199,21.58175,0.016375,0.02417,14.528261
07/23/2019 13:43:00.000000,0.379163,19.64375,0.018225,42.834146,14.385366
07/23/2019 13:44:00.000000,0.27743,19.53475,0.01965,0.040389,15.97561
07/23/2019 13:45:00.000000,0.246774,20.728,0.01915,46.780488,15.190244
07/23/2019 13:46:00.000000,0.267939,20.7085,0.019025,35.35122,16.02439
07/23/2019 13:47:00.000000,0.331336,26.9185,0.017425,43.084211,14.976316
07/23/2019 13:48:00.000000,0.385262,28.42175,0.015425,47.385714,14.533333
07/23/2019 13:49:00.000000,0.377705,,,,
07/23/2019 13:50:00.000000,0.435441,22.5865,0.017325,43.595122,15.304878
07/23/2019 13:51:00.000000,0.654665,24.58675,0.01655,0.044221,15.44
07/23/2019 13:52:00.000000,0.548919,20.28675,0.017925,51.297619,15.157143
07/23/2019 13:53:00.000000,0.352706,19.10775,0.0193,0.054624,15.525
07/23/2019 13:54:00.000000,0.309766,19.30625,0.019325,0.054374,15.685714
07/23/2019 13:55:00.000000,0.397571,19.2955,0.0205,0.048774,13.958537
07/23/2019 13:56:00.000000,0.305681,19.78775,0.0205,0.038875,13.426667
07/23/2019 13:57:00.000000,0.347551,23.0785,0.01855,0.054818,17.395
07/23/2019 13:58:00.000000,0.428428,20.621,0.017825,34.0625,15.38
07/23/2019 13:59:00.000000,0.410246,19.157,0.020125,0.042937,14.813953
07/23/2019 14:00:00.000000,0.325921,18.33875,0.021675,30.471429,14.633333
07/23/2019 14:01:00.000000,0.354632,18.4936,0.0207,0.043566,14.516667
07/23/2019 14:02:00.000000,0.366189,18.693,0.020067,37.165854,15.097561
07/23/2019 14:03:00.000000,0.33414,18.956,0.019533,39.604878,15.531707
07/23/2019 14:04:00.000000,0.309232,19.360667,0.019175,0.051397,18.35
07/23/2019 14:05:00.000000,0.325484,19.83525,0.018275,61.646341,17.904878
07/23/2019 14:06:00.000000,0.381303,20.41375,0.0171,0.071966,16.595
07/23/2019 14:07:00.000000,0.483482,20.70975,0.018025,0.049484,15.781395
07/23/2019 14:08:00.000000,0.448427,20.90025,0.01885,59.8,19.557143
07/23/2019 14:09:00.000000,0.523576,,0.017875,,
07/23/2019 14:10:00.000000,0.411484,20.36075,0.0181,0.06223,18.266667
07/23/2019 14:11:00.000000,0.404714,22.0155,0.0189,0.041006,16.959091
07/23/2019 14:12:00.000000,0.411319,19.176,0.020775,51.63,19.42
07/23/2019 14:13:00.000000,0.367875,19.6255,0.0209,0.063343,17.414286
07/23/2019 14:14:00.000000,0.355724,18.63025,0.0214,0.065366,15.786667
07/23/2019 14:15:00.000000,0.333303,18.43225,0.0226,35.926316,15.686842
07/23/2019 14:16:00.000000,0.3207,18.541,0.021825,0.031478,15.53
07/23/2019 14:17:00.000000,0.380848,23.283,0.01935,0.03764,16.325
07/23/2019 14:18:00.000000,0.493266,23.606,0.0184,0.060764,15.204545
07/23/2019 14:19:00.000000,0.471255,21.21175,0.0201,53.275,18.4
07/23/2019 14:20:00.000000,0.36309,21.312,0.020225,0.047827,13.615789
07/23/2019 14:21:00.000000,0.386043,18.993,0.021025,23.528571,12.628571
07/23/2019 14:22:00.000000,0.410669,19.4165,0.0213,0.0575,16.2
07/23/2019 14:23:00.000000,0.383711,19.329,0.022075,52.805,16.12
07/23/2019 14:24:00.000000,0.428533,19.27075,0.022025,41.136585,16.597561
07/23/2019 14:25:00.000000,0.334008,19.39175,0.0212,50.2875,14.49
07/23/2019 14:26:00.000000,0.320249,19.6115,0.01965,29.790244,16.919512
07/23/2019 14:27:00.000000,0.31624,19.96475,0.0192,0.077795,15.715
07/23/2019 14:28:00.000000,0.365608,22.77075,0.0187,41.190244,16.42439
07/23/2019 14:29:00.000000,0.403631,,,,
07/23/2019 14:30:00.000000,0.46384,21.0295,0.019725,0.042749,14.9825
07/23/2019 14:31:00.000000,0.495039,22.08075,0.0196,0.039858,15.95
07/23/2019 14:32:00.000000,0.478266,21.965,0.0198,34.160976,16.597561
07/23/2019 14:33:00.000000,0.4482,21.5395,0.021025,0.036726,14.510526
07/23/2019 14:34:00.000000,0.375429,21.46125,0.020325,0.047708,18.394737
07/23/2019 14:35:00.000000,0.414335,28.39975,0.017875,0.0679,26.995122
07/23/2019 14:36:00.000000,0.483268,20.882,0.020075,0.043098,18.317073
07/23/2019 14:37:00.000000,0.40288,18.1445,0.022875,0.052516,14.645714
07/23/2019 14:38:00.000000,0.544231,17.78975,0.02395,45.626829,16.307317
07/23/2019 14:39:00.000000,0.461407,16.28425,0.024975,39.185714,16.434286
07/23/2019 14:40:00.000000,0.290237,16.72,0.0248,0.051942,15.04
07/23/2019 14:41:00.000000,0.301912,17.171,0.0249,31.07,13.833333
07/23/2019 14:42:00.000000,0.316797,17.1575,0.02575,0.041124,15.16
07/23/2019 14:43:00.000000,0.290942,17.18025,0.024825,39.4,16.247059
07/23/2019 14:44:00.000000,0.317384,17.3285,0.0246,0.038628,14.029545
07/23/2019 14:45:00.000000,0.3341,17.187667,0.025333,32.353846,15.038462
07/23/2019 14:46:00.000000,0.356465,19.38175,0.02245,0.041563,15.556098
07/23/2019 14:47:00.000000,0.373085,21.14825,0.0226,42.72,13.56
07/23/2019 14:48:00.000000,0.335494,16.361,0.0247,53.153333,15.648889
07/23/2019 14:49:00.000000,0.331354,20.447,0.025225,27.865854,15.246341
07/23/2019 14:50:00.000000,0.37512,19.398,0.02455,0.042631,16.26
07/23/2019 14:51:00.000000,0.453259,17.38725,0.02455,0.040821,14.135294
07/23/2019 14:52:00.000000,0.459891,17.14025,0.026275,42.275,13.709375
07/23/2019 14:53:00.000000,0.421642,16.96025,0.026625,0.039085,13.7
07/23/2019 14:54:00.000000,0.348838,17.16325,0.025825,0.048938,15.970455
07/23/2019 14:55:00.000000,0.329978,15.59075,0.026525,37.497143,15.868571
07/23/2019 14:56:00.000000,0.321142,16.99675,0.02575,0.044555,15.605556
07/23/2019 14:57:00.000000,0.39489,15.63175,0.024575,0.034339,15.357143
07/23/2019 14:58:00.000000,0.319902,13.46425,0.0265,35.245714,15.591429
07/23/2019 14:59:00.000000,0.294251,19.499,0.0257,28.15,13.815
07/23/2019 15:00:00.000000,0.327021,27.2165,0.022075,0.050526,15.9
07/23/2019 15:01:00.000000,0.420746,17.30625,0.0244,0.038779,15.263636
07/23/2019 15:02:00.000000,0.359463,15.36975,0.027375,29.393333,15.606667
07/23/2019 15:03:00.000000,0.297528,14.86825,0.028,25.332258,14.151613
07/23/2019 15:04:00.000000,0.325995,19.4005,0.02585,34.416216,17.116216
07/23/2019 15:05:00.000000,0.319525,15.50175,0.026675,15.575,13.941667
07/23/2019 15:06:00.000000,0.266558,17.03075,0.025725,32.464286,14.8
07/23/2019 15:07:00.000000,0.298136,12.34275,0.028625,41.573171,14.502439
07/23/2019 15:08:00.000000,0.266201,12.497,0.030525,0.047063,15.59
07/23/2019 15:09:00.000000,0.266103,12.99625,0.0298,23.406061,14.248485
07/23/2019 15:10:00.000000,0.24624,13.0975,0.028675,0.047972,14.804545
07/23/2019 15:11:00.000000,0.234624,13.454,0.02715,0.04878,17.235135
07/23/2019 15:12:00.000000,0.274926,15.38275,0.027225,0.043789,15.374194
07/23/2019 15:13:00.000000,0.34288,16.694,0.028,32.146154,14.707692
07/23/2019 15:14:00.000000,0.284013,14.1845,0.029825,23.031707,15.197561
07/23/2019 15:15:00.000000,0.223474,13.753,0.030025,0.031699,17.17
07/23/2019 15:16:00.000000,0.223259,13.58375,0.030675,0.038032,14.687879
07/23/2019 15:17:00.000000,0.232889,13.5295,0.031225,0.049011,18.305263
07/23/2019 15:18:00.000000,0.249897,13.1225,0.030525,0.039353,13.865625
07/23/2019 15:19:00.000000,0.391424,14.0775,0.03045,0.036899,14.088235
07/23/2019 15:20:00.000000,0.381596,12.906,0.0311,46.697143,14.002857
07/23/2019 15:21:00.000000,0.285222,12.3515,0.029725,44.148718,15.015385
07/23/2019 15:22:00.000000,0.254396,18.24425,0.0264,0.041587,16.851429
07/23/2019 15:23:00.000000,0.304302,15.3975,0.02745,22.606977,13.630233
07/23/2019 15:24:00.000000,0.304398,13.2755,0.0304,28.215385,13.1
07/23/2019 15:25:00.000000,0.276692,14.398,0.031125,0.035725,14.721951
07/23/2019 15:26:00.000000,0.3111,16.309,0.030525,0.035725,16.971429
07/23/2019 15:27:00.000000,0.29984,13.9675,0.0306,28.042105,14.607895
07/23/2019 15:28:00.000000,0.285354,18.3065,0.028425,27.222727,14.027273
07/23/2019 15:29:00.000000,0.335571,17.3085,0.028825,28.84359,16.369231
07/23/2019 15:30:00.000000,0.323745,16.809,0.032375,47.963158,14.610526
07/23/2019 15:31:00.000000,0.267761,16.05775,0.03405,0.045829,14.286364
07/23/2019 15:32:00.000000,0.226479,15.4145,0.03275,0.038091,15.838095
07/23/2019 15:33:00.000000,0.322465,14.99225,0.030175,32.6,14.755
07/23/2019 15:34:00.000000,0.310797,14.62975,0.02945,0.033766,14.073171
07/23/2019 15:35:00.000000,0.300976,16.4245,0.029375,28.24,15.53
07/23/2019 15:36:00.000000,0.389648,17.2075,0.028525,43.534884,15.886047
07/23/2019 15:37:00.000000,0.31619,16.09225,0.029025,0.037971,13.928571
07/23/2019 15:38:00.000000,0.305974,16.5735,0.028875,0.053551,13.345
07/23/2019 15:39:00.000000,0.408924,16.38675,0.031325,44.446341,14.378049
07/23/2019 15:40:00.000000,0.367057,13.3875,0.034875,34.868293,13.770732
07/23/2019 15:41:00.000000,0.386797,12.85325,0.035675,0.04963,16.45
07/23/2019 15:42:00.000000,0.358272,13.15225,0.036775,0.062245,16.307692
07/23/2019 15:43:00.000000,0.269487,13.04575,0.037175,0.055297,13.504348
07/23/2019 15:44:00.000000,0.260577,13.0115,0.035975,0.056353,13.763415
07/23/2019 15:45:00.000000,0.301483,12.96025,0.03585,0.050734,16.153333
07/23/2019 15:46:00.000000,0.329316,15.33275,0.035325,32.6,15.902439
07/23/2019 15:47:00.000000,0.318439,16.224,0.03555,37.38,13.985
07/23/2019 15:48:00.000000,0.268415,13.38825,0.036575,16.119512,12.404878
07/23/2019 15:49:00.000000,0.301825,13.89875,0.03735,78.117073,15.785366
07/23/2019 15:50:00.000000,0.307988,13.5805,0.038275,0.057461,15.21
07/23/2019 15:51:00.000000,0.310974,17.7045,0.034725,0.05983,15.688372
07/23/2019 15:52:00.000000,0.363426,19.218,0.031675,46.374359,16.846154
07/23/2019 15:53:00.000000,0.424482,24.81275,0.0295,32.251282,14.374359
07/23/2019 15:54:00.000000,0.416428,14.71175,0.033575,0.047419,15.16
07/23/2019 15:55:00.000000,0.319858,12.11625,0.038475,0.058335,15.226667
07/23/2019 15:56:00.000000,0.292516,16.236,0.037175,39.814634,14.702439
07/23/2019 15:57:00.000000,0.298308,16.36875,0.035475,0.048818,15.021053
07/23/2019 15:58:00.000000,0.323452,18.81225,0.0346,53.912121,24.024242
07/23/2019 15:59:00.000000,0.370523,14.43675,0.036325,0.051,18.209091
07/23/2019 16:00:00.000000,0.348232,13.11375,0.040533,0.05315,16.658537
07/23/2019 16:01:00.000000,0.318667,14.85775,0.03785,0.040165,15.673684
07/23/2019 16:02:00.000000,0.097834,12.439,0.0387,44.184615,17.433333
07/23/2019 16:03:00.000000,0.036981,12.326333,0.041575,0.056027,15.509524
07/23/2019 16:04:00.000000,0.003287,17.23375,0.033525,0.060686,15.834146
07/23/2019 16:05:00.000000,0.002575,16.7905,0.039975,0.063004,19.421429
07/23/2019 16:06:00.000000,0.003922,14.42425,0.04135,0.046689,16.719048
07/23/2019 16:07:00.000000,-9999.0,15.47325,0.03875,0.041483,15.15
07/23/2019 16:08:00.000000,0.003802,17.17075,0.038225,0.070192,16.752381
07/23/2019 16:09:00.000000,-9999.0,12.317,0.042725,45.34878,18.080488
07/23/2019 16:10:00.000000,-9999.0,13.5265,0.0423,0.064332,18.3
07/23/2019 16:11:00.000000,0.001611,18.621,0.040275,0.055184,15.076744
07/23/2019 16:12:00.000000,0.078909,15.08175,0.040175,0.036213,15.62381
07/23/2019 16:13:00.000000,0.221314,11.904,0.04295,24.866667,13.978571
07/23/2019 16:14:00.000000,0.247367,9.211,0.042075,0.037436,12.541463
07/23/2019 16:15:00.000000,0.237467,5.166,0.04075,0.035539,14.114634
07/23/2019 16:16:00.000000,0.235984,6.388,0.04065,41.951163,16.848837
07/23/2019 16:17:00.000000,0.247958,9.1405,0.042225,32.5,13.825
07/23/2019 16:18:00.000000,0.245542,10.49475,0.041975,44.592308,13.417949
07/23/2019 16:19:00.000000,0.293865,10.1665,0.0419,0.042811,13.62439
07/23/2019 16:20:00.000000,0.440864,9.73175,0.044025,0.04024,13.221951
07/23/2019 16:21:00.000000,0.411731,9.307,0.045425,0.047593,15.295122
07/23/2019 16:22:00.000000,0.234811,8.7425,0.04455,0.034655,14.1
07/23/2019 16:23:00.000000,0.240168,7.93275,0.04385,0.029252,13.142105
07/23/2019 16:24:00.000000,0.265741,7.17125,0.044675,40.454545,12.681818
07/23/2019 16:25:00.000000,0.24398,6.2775,0.0444,21.219512,11.741463
07/23/2019 16:26:00.000000,0.238132,5.39025,0.044425,34.565116,14.74186
07/23/2019 16:27:00.000000,0.270963,4.85,0.0443,32.9,13.061538
07/23/2019 16:28:00.000000,0.30171,4.57575,0.0438,34.502439,12.980488
07/23/2019 16:29:00.000000,0.289917,,,,
07/23/2019 16:30:00.000000,0.286411,3.946,0.045725,29.442105,13.905263
07/23/2019 16:31:00.000000,0.234435,4.1085,0.046125,0.041948,14.564865
07/23/2019 16:32:00.000000,0.213795,3.9715,0.0452,37.603448,14.327586
07/23/2019 16:33:00.000000,0.214639,3.904,0.0438,29.816667,13.490476
07/23/2019 16:34:00.000000,0.255157,4.01225,0.043325,0.043363,14.138095
07/23/2019 16:35:00.000000,0.28296,3.7105,0.044775,35.08,12.96
07/23/2019 16:36:00.000000,0.245601,3.41325,0.04225,43.673684,14.394737
07/23/2019 16:37:00.000000,0.227957,3.31175,0.040825,35.090476,15.561905
07/23/2019 16:38:00.000000,0.243482,3.21025,0.040025,0.051225,15.328571
07/23/2019 16:39:00.000000,0.250779,3.0555,0.0398,23.572222,13.105556
07/23/2019 16:40:00.000000,0.268785,3.1135,0.03795,0.027316,12.52381
07/23/2019 16:41:00.000000,0.358157,3.17375,0.0368,31.912195,10.236585
07/23/2019 16:42:00.000000,0.470924,3.146,0.0393,26.910256,12.292308
07/23/2019 16:43:00.000000,0.466605,3.305,0.039175,31.902439,13.743902
07/23/2019 16:44:00.000000,0.429566,3.26975,0.039025,26.683333,12.483333
07/23/2019 16:45:00.000000,0.441684,3.43075,0.044575,26.860976,11.292683
07/23/2019 16:46:00.000000,0.323489,3.33325,0.04905,0.033325,12.313636
07/23/2019 16:47:00.000000,0.232645,3.3335,0.050125,0.02635,12.072973
07/23/2019 16:48:00.000000,0.225163,3.62975,0.04625,0.045428,11.676744
07/23/2019 16:49:00.000000,0.254964,3.67525,0.041925,28.638095,13.27619
07/23/2019 16:50:00.000000,0.270255,3.64125,0.0431,0.043297,10.814286
07/23/2019 16:51:00.000000,0.257913,3.6995,0.045525,0.03361,12.54359
07/23/2019 16:52:00.000000,0.285699,3.8485,0.047625,0.042868,13.254545
07/23/2019 16:53:00.000000,0.348206,3.81325,0.0464,0.030596,10.643902
07/23/2019 16:54:00.000000,0.423006,3.70775,0.049125,18.902439,10.62439
07/23/2019 16:55:00.000000,0.322896,3.456,0.04905,0.022499,8.826667
07/23/2019 16:56:00.000000,0.400865,3.143,0.0478,0.042605,12.031579
07/23/2019 16:57:00.000000,0.563619,2.95925,0.049075,30.7,10.365
07/23/2019 16:58:00.000000,0.402896,20.518,0.050475,28.285714,10.633333
07/23/2019 16:59:00.000000,0.239998,234.6105,0.04995,0.031885,11.327273
07/23/2019 17:00:00.000000,0.214495,337.705,0.04565,0.026615,11.560976
07/23/2019 17:01:00.000000,0.266833,342.4245,0.046725,0.024013,10.88
07/23/2019 17:02:00.000000,0.255884,342.7715,0.049575,17.92,11.805
07/23/2019 17:03:00.000000,0.251849,343.96225,0.047725,0.036337,11.658537
07/23/2019 17:04:00.000000,0.254927,343.8255,0.047175,0.042088,9.146154
07/23/2019 17:05:00.000000,0.260159,343.54775,0.0503,0.033027,12.0
07/23/2019 17:06:00.000000,0.24733,343.30525,0.051325,0.048244,9.393333
07/23/2019 17:07:00.000000,0.22553,343.02375,0.051425,0.042383,10.104651
07/23/2019 17:08:00.000000,0.210993,342.6265,0.052475,0.029162,13.216667
07/23/2019 17:09:00.000000,0.215218,342.03425,0.05285,25.918605,9.755814
07/23/2019 17:10:00.000000,0.239353,341.484,0.0469,0.032254,8.8525
07/23/2019 17:11:00.000000,0.304344,341.08375,0.0435,28.085714,10.771429
07/23/2019 17:12:00.000000,0.266605,290.3285,0.050275,0.027774,11.514634
07/23/2019 17:13:00.000000,0.213398,37.551,0.054625,0.044957,12.453659
07/23/2019 17:14:00.000000,0.221543,2.6315,0.0547,0.03258,11.063415
07/23/2019 17:15:00.000000,0.260172,3.766,0.0536,23.860465,10.972093
07/23/2019 17:16:00.000000,0.283139,3.82625,0.05275,0.031261,11.592308
07/23/2019 17:17:00.000000,0.238764,3.67525,0.0521,0.043559,9.678947
07/23/2019 17:18:00.000000,0.228008,3.49075,0.05205,23.45122,9.54878
07/23/2019 17:19:00.000000,0.215142,3.38175,0.0523,0.029555,10.965854
07/23/2019 17:20:00.000000,0.241877,16.50275,0.0516,0.027574,10.602439
07/23/2019 17:21:00.000000,0.290865,17.217,0.052925,31.1,12.5625
07/23/2019 17:22:00.000000,0.226983,10.42925,0.0545,0.042522,12.053488
07/23/2019 17:23:00.000000,0.200358,5.023,0.054875,19.618605,10.351163
07/23/2019 17:24:00.000000,0.209712,0.0,0.05245,0.05534,11.278947
07/23/2019 17:25:00.000000,0.278284,0.0,0.05005,37.666667,10.233333
07/23/2019 17:26:00.000000,0.382618,0.0,0.053925,26.221428,9.485714
07/23/2019 17:27:00.000000,0.300934,-9999.0,0.0575,31.071428,9.485714
07/23/2019 17:28:00.000000,0.206477,-9999.0,0.05805,0.029831,8.905
07/23/2019 17:29:00.000000,0.19495,-9999.0,0.05755,0.022614,10.238462
07/23/2019 17:30:00.000000,0.207592,-9999.0,0.055925,28.0,9.642857
07/23/2019 17:31:00.000000,0.213835,-9999.0,0.05595,0.025555,10.916667
07/23/2019 17:32:00.000000,0.226372,-9999.0,0.054575,23.261538,7.646154
07/23/2019 17:33:00.000000,0.277834,-9999.0,0.055675,15.243902,8.45122
07/23/2019 17:34:00.000000,0.267114,-9999.0,0.059125,0.028192,7.684615
07/23/2019 17:35:00.000000,0.22685,-9999.0,0.060775,0.024764,8.847368
07/23/2019 17:36:00.000000,0.192636,-9999.0,0.060625,0.022017,8.338462
07/23/2019 17:37:00.000000,0.182385,-9999.0,0.0592,0.027702,8.285714
07/23/2019 17:38:00.000000,0.243691,-9999.0,0.054525,16.656098,9.239024
07/23/2019 17:39:00.000000,0.349361,-9999.0,0.056375,0.044162,8.2
07/23/2019 17:40:00.000000,0.287569,-9999.0,0.058375,16.27561,7.060976
07/23/2019 17:41:00.000000,0.23388,-9999.0,0.059075,15.485366,7.241463
07/23/2019 17:42:00.000000,0.226845,-9999.0,0.058025,0.025115,8.665854
07/23/2019 17:43:00.000000,0.265992,-9999.0,0.057875,0.02213,8.9825
07/23/2019 17:44:00.000000,0.284142,-9999.0,0.060075,15.424324,7.994595
07/23/2019 17:45:00.000000,0.239002,-9999.0,0.062,0.029911,10.676923
07/23/2019 17:46:00.000000,0.21052,8.29925,0.0605,0.023276,11.282051
07/23/2019 17:47:00.000000,0.222845,11.35325,0.0589,28.5,8.383333
07/23/2019 17:48:00.000000,0.260601,0.36075,0.0592,0.029656,9.966667
07/23/2019 17:49:00.000000,0.313701,,,,
07/23/2019 17:50:00.000000,0.316783,0.013,0.05895,0.033016,9.505263
07/23/2019 17:51:00.000000,0.257495,-9999.0,0.0618,0.03175,8.878947
07/23/2019 17:52:00.000000,0.231334,-9999.0,0.062125,0.039176,10.090698
07/23/2019 17:53:00.000000,0.332982,-9999.0,0.063,0.02042,10.3
07/23/2019 17:54:00.000000,0.280991,-9999.0,0.064425,0.02097,9.3925
07/23/2019 17:55:00.000000,0.246115,-9999.0,0.063775,0.022449,9.393548
07/23/2019 17:56:00.000000,0.259692,-9999.0,0.06345,25.3,10.604651
07/23/2019 17:57:00.000000,0.337084,-9999.0,0.05995,0.037603,9.031579
07/23/2019 17:58:00.000000,0.415631,-9999.0,0.0615,0.026701,10.585714
07/23/2019 17:59:00.000000,0.267205,-9999.0,0.062375,0.018204,9.513158
07/23/2019 18:00:00.000000,0.263868,0.0,0.063275,0.026927,9.878788
07/23/2019 18:01:00.000000,0.241069,1.7175,0.065925,0.016576,9.9
07/23/2019 18:02:00.000000,0.200006,3.679,0.0671,11.0,9.172727
07/23/2019 18:03:00.000000,0.227247,3.68725,0.066433,20.992308,11.233333
07/23/2019 18:04:00.000000,0.247517,3.37925,0.06635,21.283333,8.638889
07/23/2019 18:05:00.000000,0.199895,3.15625,0.06725,0.023963,9.608571
07/23/2019 18:06:00.000000,0.205008,3.08725,0.068375,0.024475,9.963636
07/23/2019 18:07:00.000000,0.248803,3.1515,0.0691,0.038972,9.497222
07/23/2019 18:08:00.000000,0.220304,3.0995,0.067075,20.131818,8.627273
07/23/2019 18:09:00.000000,0.198633,2.76325,0.062875,9.54,7.76
07/23/2019 18:10:00.000000,0.23378,2.546,0.057475,0.025018,7.6
07/23/2019 18:11:00.000000,0.252426,2.5015,0.0658,0.037549,8.697561
07/23/2019 18:12:00.000000,0.241733,6.94575,0.06595,0.033044,9.52439
07/23/2019 18:13:00.000000,0.255961,11.23925,0.068,0.029949,8.231818
07/23/2019 18:14:00.000000,0.249478,11.20875,0.06905,0.02521,7.874359
07/23/2019 18:15:00.000000,0.360452,11.1185,0.0682,29.266667,10.1
07/23/2019 18:16:00.000000,0.586842,11.178,0.068467,27.711111,8.374074
07/23/2019 18:17:00.000000,0.418033,11.3365,0.06878,0.026538,7.7
07/23/2019 18:18:00.000000,0.280754,11.43375,0.065667,12.975758,7.524242
07/23/2019 18:19:00.000000,0.285676,11.5115,0.06445,0.02132,8.246667
07/23/2019 18:20:00.000000,0.364034,11.5095,0.066875,0.027539,8.669231
07/23/2019 18:21:00.000000,0.328739,11.49,0.064825,39.213333,9.26
07/23/2019 18:22:00.000000,0.304577,11.49425,0.064425,0.022984,7.668421
07/23/2019 18:23:00.000000,0.251025,11.74475,0.068125,0.019709,9.688235
07/23/2019 18:24:00.000000,0.299481,27.32575,0.06875,27.5475,9.65
07/23/2019 18:25:00.000000,0.509986,262.45025,0.069875,29.256757,9.416216
07/23/2019 18:26:00.000000,0.382891,340.802,0.071725,0.025487,9.0625
07/23/2019 18:27:00.000000,0.237959,342.196,0.0718,30.688889,9.740741
07/23/2019 18:28:00.000000,0.220184,342.98275,0.070725,0.023112,8.122581
07/23/2019 18:29:00.000000,0.24221,343.98625,0.0731,0.027874,8.782222
07/23/2019 18:30:00.000000,0.217113,343.839,0.0732,0.029611,7.987179
07/23/2019 18:31:00.000000,0.203909,343.653,0.0709,14.481395,7.623256
07/23/2019 18:32:00.000000,0.228173,343.29925,0.06815,0.049627,8.827907
07/23/2019 18:33:00.000000,0.23224,342.8315,0.071475,15.636842,7.947368
07/23/2019 18:34:00.000000,0.233982,342.49975,0.068675,0.024268,10.825
07/23/2019 18:35:00.000000,0.335036,172.22125,0.064625,0.025487,9.830769
07/23/2019 18:36:00.000000,0.351222,2.06925,0.069475,23.494872,9.753846
07/23/2019 18:37:00.000000,0.261455,2.02125,0.0747,0.035524,8.87907
07/23/2019 18:38:00.000000,0.202678,1.9385,0.075375,18.7,9.536585
07/23/2019 18:39:00.000000,0.217459,1.7305,0.073325,0.015749,8.733333
07/23/2019 18:40:00.000000,0.237924,1.82075,0.0732,0.037283,9.760976
07/23/2019 18:41:00.000000,0.241498,1.928,0.073075,15.719512,8.717073
07/23/2019 18:42:00.000000,0.24908,1.8785,0.0742,0.036211,9.812195
07/23/2019 18:43:00.000000,0.244642,1.7815,0.0738,0.027019,8.576923
07/23/2019 18:44:00.000000,0.253941,1.7645,0.06885,0.024645,8.278049
07/23/2019 18:45:00.000000,0.265488,1.787,0.06895,0.02922,7.561538
07/23/2019 18:46:00.000000,0.242114,1.74175,0.071425,39.9,7.55
07/23/2019 18:47:00.000000,0.261936,1.48175,0.073,19.965854,8.302439
07/23/2019 18:48:00.000000,0.2436,31.776,0.074975,25.094118,9.647059
07/23/2019 18:49:00.000000,0.233256,,,,
07/23/2019 18:50:00.000000,0.245308,67.7405,0.076475,20.033333,10.266667
07/23/2019 18:51:00.000000,0.232406,69.711,0.07965,0.025101,8.42
07/23/2019 18:52:00.000000,0.23772,69.58625,0.080025,0.026152,8.842857
07/23/2019 18:53:00.000000,0.229101,69.438,0.080425,0.018557,7.588889
07/23/2019 18:54:00.000000,0.203915,69.45525,0.07975,16.728205,9.333333
07/23/2019 18:55:00.000000,0.210831,48.806,0.078325,0.06479,9.065789
07/23/2019 18:56:00.000000,0.253038,10.50475,0.077025,21.778049,7.539024
07/23/2019 18:57:00.000000,0.313738,1.72675,0.0744,13.98,9.18
07/23/2019 18:58:00.000000,0.308923,0.0,0.076575,22.458974,9.371795
07/23/2019 18:59:00.000000,0.278103,0.0,0.080175,9.8,7.423684
07/23/2019 19:00:00.000000,0.243705,-9999.0,0.078175,11.236585,8.639024
07/23/2019 19:01:00.000000,0.263897,-9999.0,0.0763,19.516279,7.439535
07/23/2019 19:02:00.000000,0.290012,-9999.0,0.077475,19.759091,6.411364
07/23/2019 19:03:00.000000,0.272383,-9999.0,0.08085,14.255556,7.6
07/23/2019 19:04:00.000000,0.233265,-9999.0,0.0803,22.136585,7.202439
07/23/2019 19:05:00.000000,0.235083,-9999.0,0.077225,14.85,8.375
07/23/2019 19:06:00.000000,0.233157,-9999.0,0.078025,0.030271,7.92
07/23/2019 19:07:00.000000,0.2284,-9999.0,0.0797,15.728571,10.114286
07/23/2019 19:08:00.000000,0.218881,-9999.0,0.08145,14.015385,7.546154
07/23/2019 19:09:00.000000,0.212244,-9999.0,0.082425,0.026936,6.997059
07/23/2019 19:10:00.000000,0.2122,-9999.0,0.072975,30.957576,6.90303
07/23/2019 19:11:00.000000,0.246306,-9999.0,0.073433,0.022275,8.240541
07/23/2019 19:12:00.000000,0.300203,-9999.0,0.073625,0.021396,7.557143
07/23/2019 19:13:00.000000,0.326878,-9999.0,0.07625,0.038928,7.483784
07/23/2019 19:14:00.000000,0.267526,-9999.0,0.077633,7.6,6.268421
07/23/2019 19:15:00.000000,0.308259,85.29175,0.078475,17.041463,6.614634
07/23/2019 19:16:00.000000,0.443042,413.44575,0.0783,0.014191,6.02
07/23/2019 19:17:00.000000,0.395472,442.546,0.07795,24.955,7.6
07/23/2019 19:18:00.000000,0.324069,439.042,0.080175,0.024484,7.983721
07/23/2019 19:19:00.000000,0.303946,437.752,0.079725,15.1,6.215
07/23/2019 19:20:00.000000,0.422644,437.522,0.074925,11.8,6.65
07/23/2019 19:21:00.000000,0.453353,437.31,0.077275,14.313636,6.886364
07/23/2019 19:22:00.000000,0.32721,437.03325,0.0814,12.54,6.02
07/23/2019 19:23:00.000000,0.288218,436.688,0.081,0.020996,7.995122
07/23/2019 19:24:00.000000,0.278777,436.302,0.0804,0.016064,6.05
07/23/2019 19:25:00.000000,0.295879,410.56675,0.075575,18.236364,6.809091
07/23/2019 19:26:00.000000,0.356706,334.423,0.070325,0.018261,8.02
07/23/2019 19:27:00.000000,0.353678,328.9565,0.07225,0.029308,9.128889
07/23/2019 19:28:00.000000,0.293859,330.182,0.0748,12.685714,6.716667
07/23/2019 19:29:00.000000,0.238401,330.01975,0.0764,,
07/23/2019 19:30:00.000000,0.256606,330.15225,0.0766,0.029721,5.685714
07/23/2019 19:31:00.000000,0.274745,330.1845,0.077775,16.558537,6.382927
07/23/2019 19:32:00.000000,0.256314,330.24475,0.08075,0.026433,8.008108
07/23/2019 19:33:00.000000,0.25415,330.3565,0.082,25.777273,8.131818
07/23/2019 19:34:00.000000,0.294528,330.54125,0.08045,0.013212,6.145
07/23/2019 19:35:00.000000,0.265158,330.6195,0.080825,11.305263,5.547368
07/23/2019 19:36:00.000000,0.297524,330.58325,0.0828,0.03332,8.05
07/23/2019 19:37:00.000000,0.322102,330.34925,0.0839,0.014194,6.878049
07/23/2019 19:38:00.000000,0.273344,298.5265,0.084475,0.021922,5.822727
07/23/2019 19:39:00.000000,0.232222,242.312,0.086625,0.022322,6.292308
07/23/2019 19:40:00.000000,0.217445,237.33575,0.086925,0.00965,5.65641
07/23/2019 19:41:00.000000,0.280297,236.54625,0.085575,0.010427,5.864286
07/23/2019 19:42:00.000000,0.288394,238.159,0.08425,12.4,5.983333
07/23/2019 19:43:00.000000,0.239729,238.20575,0.08405,12.385294,6.305882
07/23/2019 19:44:00.000000,0.315723,238.05075,0.083325,13.843478,6.947826
07/23/2019 19:45:00.000000,0.352163,237.78525,0.080875,10.211765,5.852941
07/23/2019 19:46:00.000000,0.295902,237.48525,0.079,9.805405,5.175676
07/23/2019 19:47:00.000000,0.290707,237.10375,0.0788,0.01876,4.95
07/23/2019 19:48:00.000000,0.28938,210.40525,0.078575,14.560526,5.342105
07/23/2019 19:49:00.000000,0.339645,,,,
07/23/2019 19:50:00.000000,0.350287,0.13525,0.082525,0.015608,7.031111
07/23/2019 19:51:00.000000,0.31543,0.0,0.082875,14.230769,5.684615
07/23/2019 19:52:00.000000,0.341492,0.04125,0.0826,0.025744,5.982609
07/23/2019 19:53:00.000000,0.312137,0.05175,0.085075,14.17027,6.605405
07/23/2019 19:54:00.000000,0.264629,0.0185,0.0873,12.36,5.46
07/23/2019 19:55:00.000000,0.245328,0.04225,0.0864,0.020655,8.553488
07/23/2019 19:56:00.000000,0.293335,0.0885,0.0848,21.119048,8.345238
07/23/2019 19:57:00.000000,0.342451,-9999.0,0.084875,0.017464,6.807317
07/23/2019 19:58:00.000000,0.313022,0.01725,0.0783,0.015351,6.802439
07/23/2019 19:59:00.000000,0.29997,-9999.0,0.087775,10.140541,5.683784
07/23/2019 20:00:00.000000,0.269027,-9999.0,0.08625,0.015569,6.180488
07/23/2019 20:01:00.000000,0.235408,-9999.0,0.0866,6.568293,5.229268
07/23/2019 20:02:00.000000,0.227617,-9999.0,0.08655,14.74,5.46
07/23/2019 20:03:00.000000,0.224405,-9999.0,0.085275,0.023378,6.285714
07/23/2019 20:04:00.000000,0.214501,-9999.0,0.0828,22.056098,5.034146
07/23/2019 20:05:00.000000,0.216546,-9999.0,0.0823,0.015319,4.63
07/23/2019 20:06:00.000000,0.216627,-9999.0,0.08435,4.685,3.92
07/23/2019 20:07:00.000000,0.213748,-9999.0,0.083975,9.77561,5.25122
07/23/2019 20:08:00.000000,0.249541,15.07525,0.08245,0.022109,8.842857
07/23/2019 20:09:00.000000,0.23334,,,,
07/23/2019 20:10:00.000000,0.241383,132.77625,0.084925,4.783333,4.685714
07/23/2019 20:11:00.000000,0.224061,132.6515,0.08395,0.022481,5.625
07/23/2019 20:12:00.000000,0.234327,132.56975,0.08025,10.275,4.695
07/23/2019 20:13:00.000000,0.268042,132.61875,0.0821,0.007199,4.742857
07/23/2019 20:14:00.000000,0.249684,132.60325,0.08215,0.029085,4.965854
07/23/2019 20:15:00.000000,0.254343,132.493,0.084475,10.02,5.935
07/23/2019 20:16:00.000000,0.252815,132.343,0.08655,14.515909,7.572727
07/23/2019 20:17:00.000000,0.28468,132.2255,0.0871,15.552632,7.118421
07/23/2019 20:18:00.000000,0.254429,132.203,0.0896,13.45122,6.585366
07/23/2019 20:19:00.000000,0.240544,132.116,0.09005,19.957143,9.916667
07/23/2019 20:20:00.000000,0.263509,132.04875,0.090325,15.016667,6.795238
07/23/2019 20:21:00.000000,0.271293,132.01775,0.0919,31.383333,7.4
07/23/2019 20:22:00.000000,0.260875,124.11175,0.09125,0.036893,9.121053
07/23/2019 20:23:00.000000,0.292449,24.98175,0.089,0.034044,6.063636
07/23/2019 20:24:00.000000,0.261234,0.0,0.091875,0.032976,6.66
07/23/2019 20:25:00.000000,0.226269,0.02175,0.092475,0.016816,5.816667
07/23/2019 20:26:00.000000,0.232805,0.17025,0.092,10.672093,5.767442
07/23/2019 20:27:00.000000,0.26625,0.19125,0.0766,19.24359,6.392308
07/23/2019 20:28:00.000000,0.34038,0.05525,0.083325,0.025721,6.666667
07/23/2019 20:29:00.000000,0.327184,,,,
07/23/2019 20:30:00.000000,0.310737,-9999.0,0.089175,0.015757,6.388372
07/23/2019 20:31:00.000000,0.352295,-9999.0,0.0919,28.18,8.526667
07/23/2019 20:32:00.000000,0.346796,-9999.0,0.095575,0.025028,7.316667
07/23/2019 20:33:00.000000,0.300521,-9999.0,0.09185,0.02869,8.445
07/23/2019 20:34:00.000000,0.306648,-9999.0,0.09265,0.023574,8.866667
07/23/2019 20:35:00.000000,0.27896,-9999.0,0.09655,25.171429,8.385714
07/23/2019 20:36:00.000000,0.246631,0.0,0.095225,0.026445,8.3
07/23/2019 20:37:00.000000,0.254888,0.0,0.09625,0.039872,8.039474
07/23/2019 20:38:00.000000,0.255937,0.0,0.09585,19.275,6.47
07/23/2019 20:39:00.000000,0.300469,-9999.0,0.0918,0.067202,7.697619
07/23/2019 20:40:00.000000,0.317314,-9999.0,0.0945,0.024675,6.953488
07/23/2019 20:41:00.000000,0.267701,-9999.0,0.095475,39.730952,8.514286
07/23/2019 20:42:00.000000,0.268591,-9999.0,0.095175,0.035533,9.55
07/23/2019 20:43:00.000000,0.258204,-9999.0,0.095875,0.022299,8.436842
07/23/2019 20:44:00.000000,0.323167,-9999.0,0.09685,40.65,9.22
07/23/2019 20:45:00.000000,0.320493,-9999.0,0.099475,42.45,7.233333
07/23/2019 20:46:00.000000,0.259937,-9999.0,0.0872,0.026682,8.633333
07/23/2019 20:47:00.000000,0.275747,-9999.0,0.095825,17.242857,8.228571
07/23/2019 20:48:00.000000,0.299989,-9999.0,0.099525,0.041149,8.013333
07/23/2019 20:49:00.000000,0.275533,,,,
07/23/2019 20:50:00.000000,0.393877,-9999.0,0.088975,51.646154,10.476923
07/23/2019 20:51:00.000000,0.536909,-9999.0,0.091075,24.9,7.92439
07/23/2019 20:52:00.000000,0.48195,-9999.0,0.091975,0.034367,8.095
07/23/2019 20:53:00.000000,0.431828,-9999.0,0.093425,0.034237,9.063636
07/23/2019 20:54:00.000000,0.348832,-9999.0,0.08735,0.030822,8.943902
07/23/2019 20:55:00.000000,0.306392,13.36975,0.100975,0.045131,9.835
07/23/2019 20:56:00.000000,0.239424,16.55325,0.1014,33.770732,9.914634
07/23/2019 20:57:00.000000,0.239951,15.72525,0.101975,21.785366,9.131707
07/23/2019 20:58:00.000000,0.268836,19.19775,0.0986,47.858537,11.902439
07/23/2019 20:59:00.000000,0.311816,23.41575,0.095325,54.004878,9.668293
07/23/2019 21:00:00.000000,0.308616,22.898,0.0954,0.057509,9.541463
07/23/2019 21:01:00.000000,0.310469,22.50025,0.096,31.9,8.07
07/23/2019 21:02:00.000000,0.34531,21.9695,0.097875,42.231818,7.627273
07/23/2019 21:03:00.000000,0.383694,21.3945,0.0969,0.057768,12.246512
07/23/2019 21:04:00.000000,0.375416,20.422,0.0989,31.190698,8.439535
07/23/2019 21:05:00.000000,0.313768,19.51325,0.098175,31.331818,7.440909
07/23/2019 21:06:00.000000,0.271823,18.27825,0.099225,0.039639,8.08
07/23/2019 21:07:00.000000,0.258513,17.58975,0.10005,20.0,7.265
07/23/2019 21:08:00.000000,0.265726,18.049,0.1012,29.447368,10.805263
07/23/2019 21:09:00.000000,0.283806,23.58325,0.09645,0.050536,11.757143
07/23/2019 21:10:00.000000,0.442832,27.47375,0.087525,29.116279,9.390698
07/23/2019 21:11:00.000000,0.570112,23.48875,0.086625,49.85814,8.569767
07/23/2019 21:12:00.000000,0.386904,16.14025,0.092125,31.563636,7.895455
07/23/2019 21:13:00.000000,0.254967,21.468,0.0902,58.490244,8.482927
07/23/2019 21:14:00.000000,0.316683,24.86825,0.092275,0.036677,7.75
07/23/2019 21:15:00.000000,0.350655,16.88175,0.093225,35.6,9.725
07/23/2019 21:16:00.000000,0.279295,10.89725,0.09815,0.039149,8.819512
07/23/2019 21:17:00.000000,0.229876,12.3785,0.099125,0.029165,6.971429
07/23/2019 21:18:00.000000,0.209805,12.83725,0.097025,20.271429,8.928571
07/23/2019 21:19:00.000000,0.215703,12.75475,0.0946,30.329268,7.336585
07/23/2019 21:20:00.000000,0.230332,21.57675,0.080625,35.185714,8.780952
07/23/2019 21:21:00.000000,0.284739,16.7335,0.0876,0.059702,8.167442
07/23/2019 21:22:00.000000,0.289455,10.0335,0.090725,0.034687,6.568421
07/23/2019 21:23:00.000000,0.239544,8.11325,0.0934,17.5625,6.65
07/23/2019 21:24:00.000000,0.254973,12.2875,0.077325,0.059171,5.151163
07/23/2019 21:25:00.000000,0.337949,19.3515,0.0856,0.043046,4.57
07/23/2019 21:26:00.000000,0.229312,7.47575,0.090625,19.521951,5.268293
07/23/2019 21:27:00.000000,0.171214,8.4265,0.09135,19.5,6.25
07/23/2019 21:28:00.000000,0.173454,11.048,0.088575,0.037117,7.5
07/23/2019 21:29:00.000000,0.229953,,,,
07/23/2019 21:30:00.000000,0.342928,16.0375,0.0883,0.015093,5.62
07/23/2019 21:31:00.000000,0.322985,10.56675,0.088075,0.02804,5.84
07/23/2019 21:32:00.000000,0.26644,11.4175,0.083625,0.022951,7.072093
07/23/2019 21:33:00.000000,0.261521,9.4675,0.0821,23.446341,6.27561
07/23/2019 21:34:00.000000,0.211989,8.31225,0.084,0.020192,4.754545
07/23/2019 21:35:00.000000,0.204524,8.40075,0.085525,0.04161,5.935556
07/23/2019 21:36:00.000000,0.203009,8.57175,0.08595,0.054336,5.760976
07/23/2019 21:37:00.000000,0.200325,9.485,0.08085,18.551282,5.7
07/23/2019 21:38:00.000000,0.200689,10.63025,0.0895,0.041632,7.384211
07/23/2019 21:39:00.000000,0.187078,10.0595,0.087475,30.139474,5.876316
07/23/2019 21:40:00.000000,0.211524,13.579,0.083675,0.02706,3.457143
07/23/2019 21:41:00.000000,0.249929,15.67375,0.0827,23.972093,5.939535
07/23/2019 21:42:00.000000,0.226589,14.998,0.083425,52.6875,7.08
07/23/2019 21:43:00.000000,0.246184,14.63725,0.079575,24.969231,8.723077
07/23/2019 21:44:00.000000,0.290508,14.08225,0.07815,9.523077,4.6
07/23/2019 21:45:00.000000,0.262795,13.204,0.080425,0.028693,3.536585
07/23/2019 21:46:00.000000,0.260604,14.431,0.078725,18.372973,4.840541
07/23/2019 21:47:00.000000,0.279228,15.797,0.076875,17.313953,6.02093
07/23/2019 21:48:00.000000,0.456718,18.59975,0.070825,19.34,4.755
07/23/2019 21:49:00.000000,0.56181,,,,
07/23/2019 21:50:00.000000,0.368593,16.40875,0.0769,15.593182,5.990909
07/23/2019 21:51:00.000000,0.412482,11.45225,0.0765,0.03146,5.975
07/23/2019 21:52:00.000000,0.328592,23.67775,0.073825,0.01874,5.05
07/23/2019 21:53:00.000000,0.332755,21.12875,0.070425,24.21,6.6
07/23/2019 21:54:00.000000,0.431401,18.952,0.071725,24.866667,6.471429
07/23/2019 21:55:00.000000,0.411313,12.3935,0.075875,0.03802,6.823077
07/23/2019 21:56:00.000000,0.304742,12.15125,0.076225,0.028923,6.381818
07/23/2019 21:57:00.000000,0.288785,12.4435,0.073425,15.748837,4.837209
07/23/2019 21:58:00.000000,0.285268,12.2665,0.073775,15.664865,4.348649
07/23/2019 21:59:00.000000,0.227317,12.41675,0.0714,0.018135,5.146154
07/23/2019 22:00:00.000000,0.21865,12.0435,0.072725,14.490909,6.981818
07/23/2019 22:01:00.000000,0.211393,11.4365,0.076675,0.020955,6.3
07/23/2019 22:02:00.000000,0.045677,10.63425,0.078125,15.369231,3.561538
07/23/2019 22:03:00.000000,0.019152,9.91925,0.07735,0.020581,3.182927
07/23/2019 22:04:00.000000,0.006477,8.9855,0.076725,0.022695,4.914286
07/23/2019 22:05:00.000000,0.003415,8.6105,0.0751,9.633333,3.45
07/23/2019 22:06:00.000000,0.00887,8.30525,0.0764,0.024316,4.016667
07/23/2019 22:07:00.000000,0.005017,7.72825,0.076625,0.0324,5.892308
07/23/2019 22:08:00.000000,0.004281,10.0915,0.072825,0.066853,3.188372
07/23/2019 22:09:00.000000,0.001537,,,,
07/23/2019 22:10:00.000000,0.003887,9.99075,0.072075,25.96,5.02
07/23/2019 22:11:00.000000,0.003744,13.72,0.072575,0.023171,3.715385
07/23/2019 22:12:00.000000,0.040889,18.816,0.073075,4.111364,2.636364
07/23/2019 22:13:00.000000,0.14792,8.90175,0.0703,0.008235,4.557143
07/23/2019 22:14:00.000000,0.233593,7.65725,0.07005,0.013098,3.192683
07/23/2019 22:15:00.000000,0.242161,12.8225,0.069075,0.020253,2.9
07/23/2019 22:16:00.000000,0.256402,17.76275,0.06445,4.123256,2.211628
07/23/2019 22:17:00.000000,0.234462,11.9785,0.067025,21.392683,3.209756
07/23/2019 22:18:00.000000,0.210467,8.09975,0.06755,9.469231,4.161538
07/23/2019 22:19:00.000000,0.220492,6.81475,0.0685,8.321951,4.129268
07/23/2019 22:20:00.000000,0.202566,7.31325,0.0727,0.02142,3.35
07/23/2019 22:21:00.000000,0.179958,12.77025,0.071625,0.016773,4.52
07/23/2019 22:22:00.000000,0.187197,11.93875,0.067125,0.005382,2.906977
07/23/2019 22:23:00.000000,0.352054,9.451,0.0661,18.317073,3.197561
07/23/2019 22:24:00.000000,0.432746,9.49875,0.067475,5.097674,2.697674
07/23/2019 22:25:00.000000,0.209741,8.3505,0.06675,0.012465,5.160976
07/23/2019 22:26:00.000000,0.263425,11.70175,0.06445,0.021425,2.685714
07/23/2019 22:27:00.000000,0.375434,11.37375,0.066375,23.766667,5.457143
07/23/2019 22:28:00.000000,0.266545,11.18475,0.06605,0.025125,4.833333
07/23/2019 22:29:00.000000,0.293317,10.9825,0.065125,16.9875,2.73
07/23/2019 22:30:00.000000,0.282736,10.45075,0.06675,3.497619,1.8
07/23/2019 22:31:00.000000,0.198036,9.816,0.065825,4.42,1.955
07/23/2019 22:32:00.000000,0.186772,9.04,0.06475,0.010907,4.731707
07/23/2019 22:33:00.000000,0.202569,8.162,0.064475,4.557143,2.8
07/23/2019 22:34:00.000000,0.179083,8.17075,0.0613,16.04,5.205
07/23/2019 22:35:00.000000,0.189748,8.41425,0.062375,3.840476,2.442857
07/23/2019 22:36:00.000000,0.187859,8.293,0.06695,9.092308,3.623077
07/23/2019 22:37:00.000000,0.175967,8.374,0.0669,0.023023,5.857778
07/23/2019 22:38:00.000000,0.19464,8.883,0.066725,0.005053,2.942857
07/23/2019 22:39:00.000000,0.189125,9.06925,0.069875,22.795455,2.659091
07/23/2019 22:40:00.000000,0.185565,9.1515,0.073025,0.022047,2.614286
07/23/2019 22:41:00.000000,0.192288,9.33975,0.07115,15.2,3.437209
07/23/2019 22:42:00.000000,0.195041,9.0205,0.0692,12.14,3.855
07/23/2019 22:43:00.000000,0.208448,8.51775,0.072325,0.004582,2.960976
07/23/2019 22:44:00.000000,0.20162,8.5415,0.07255,8.770732,3.056098
07/23/2019 22:45:00.000000,0.21952,8.382,0.071125,19.065116,6.025581
07/23/2019 22:46:00.000000,0.274352,8.08875,0.0707,6.316279,3.569767
07/23/2019 22:47:00.000000,0.250861,8.138,0.070325,0.03307,3.504545
07/23/2019 22:48:00.000000,0.231147,9.81875,0.069725,22.023256,4.288372
07/23/2019 22:49:00.000000,0.226089,6.628,0.071175,0.012493,3.204878
07/23/2019 22:50:00.000000,0.197317,6.395,0.07395,0.0146,3.084091
07/23/2019 22:51:00.000000,0.210054,7.48375,0.072025,8.660465,3.183721
07/23/2019 22:52:00.000000,0.220523,7.849,0.0733,10.327273,4.063636
07/23/2019 22:53:00.000000,0.218899,7.64475,0.0738,20.065116,6.781395
07/23/2019 22:54:00.000000,0.215814,7.1675,0.07525,14.06,3.231111
07/23/2019 22:55:00.000000,0.1711,6.6925,0.0769,0.024932,3.182927
07/23/2019 22:56:00.000000,0.167268,8.07625,0.075175,5.263636,3.3
07/23/2019 22:57:00.000000,0.199545,15.918,0.069375,17.595,3.7125
07/23/2019 22:58:00.000000,0.281496,11.95525,0.0675,0.017408,4.233333
07/23/2019 22:59:00.000000,0.327777,7.78325,0.07335,0.011965,5.068293
07/23/2019 23:00:00.000000,0.290727,6.67225,0.0778,0.019388,3.2
07/23/2019 23:01:00.000000,0.24602,6.52225,0.07975,10.463415,4.84878
07/23/2019 23:02:00.000000,0.378586,6.56375,0.0794,0.023012,5.626829
07/23/2019 23:03:00.000000,0.313026,6.4705,0.0798,24.415,3.575
07/23/2019 23:04:00.000000,0.183654,6.847,0.077925,0.01686,4.485714
07/23/2019 23:05:00.000000,0.203366,7.264,0.0757,8.6,4.026316
07/23/2019 23:06:00.000000,0.214502,11.455,0.0737,0.017853,5.078947
07/23/2019 23:07:00.000000,0.244845,14.98775,0.070275,0.016579,3.85
07/23/2019 23:08:00.000000,0.3166,9.7495,0.0731,14.245946,3.702703
07/23/2019 23:09:00.000000,0.292909,,,,
07/23/2019 23:10:00.000000,0.273203,15.35125,0.073575,26.895238,3.214286
07/23/2019 23:11:00.000000,0.282775,14.601,0.073025,0.026078,3.630233
07/23/2019 23:12:00.000000,0.312456,14.0075,0.07185,13.125,5.625
07/23/2019 23:13:00.000000,0.256792,19.704,0.06365,0.016592,3.457895
07/23/2019 23:14:00.000000,0.24506,18.74125,0.067725,18.343902,3.597561
07/23/2019 23:15:00.000000,0.219314,10.90475,0.0699,14.416279,4.130233
07/23/2019 23:16:00.000000,0.264083,9.10675,0.071875,27.309302,4.786047
07/23/2019 23:17:00.000000,0.314193,13.9125,0.0696,0.032863,4.985714
07/23/2019 23:18:00.000000,0.349371,17.186,0.066475,0.040197,3.984615
07/23/2019 23:19:00.000000,0.322626,17.34975,0.064925,0.041971,6.209302
07/23/2019 23:20:00.000000,0.268138,12.8435,0.06635,15.544186,5.223256
07/23/2019 23:21:00.000000,0.211941,10.7815,0.0687,13.046154,4.238462
07/23/2019 23:22:00.000000,0.213094,14.11725,0.063575,0.031759,4.186047
07/23/2019 23:23:00.000000,0.2706,11.7645,0.063025,8.929268,3.234146
07/23/2019 23:24:00.000000,0.260955,18.995,0.061925,10.425,4.63
07/23/2019 23:25:00.000000,0.248729,15.0035,0.0617,27.021951,5.480488
07/23/2019 23:26:00.000000,0.222075,12.79125,0.06395,0.006318,3.018605
07/23/2019 23:27:00.000000,0.20902,12.771,0.0646,2.768421,2.684211
07/23/2019 23:28:00.000000,0.246019,15.91725,0.0614,0.014088,5.17561
07/23/2019 23:29:00.000000,0.341578,21.00725,0.059025,22.142105,3.326316
07/23/2019 23:30:00.000000,0.342738,14.8285,0.0635,0.014249,3.071429
07/23/2019 23:31:00.000000,0.271703,12.354,0.066025,8.123077,2.930769
07/23/2019 23:32:00.000000,0.23596,13.3025,0.0667,22.42,4.26
07/23/2019 23:33:00.000000,0.249097,11.66225,0.0674,0.020216,5.290244
07/23/2019 23:34:00.000000,0.206824,11.5045,0.066975,35.973171,4.460976
07/23/2019 23:35:00.000000,0.23272,12.05475,0.0668,0.019346,3.617073
07/23/2019 23:36:00.000000,0.244285,11.59825,0.071875,0.031747,4.609756
07/23/2019 23:37:00.000000,0.230193,16.92725,0.060625,0.030386,5.31
07/23/2019 23:38:00.000000,0.407133,21.3825,0.0618,23.414634,5.314634
07/23/2019 23:39:00.000000,0.36309,10.70825,0.06865,21.6,5.9
07/23/2019 23:40:00.000000,0.248226,10.16575,0.072825,12.46,5.566667
07/23/2019 23:41:00.000000,0.218189,14.33325,0.070125,20.442857,6.442857
07/23/2019 23:42:00.000000,0.237245,14.9445,0.068175,0.027743,4.497727
07/23/2019 23:43:00.000000,0.313278,13.552,0.068175,5.828571,3.328571
07/23/2019 23:44:00.000000,0.289965,18.83425,0.0688,0.0235,5.061538
07/23/2019 23:45:00.000000,0.241511,6.7425,0.0735,0.014448,5.738462
07/23/2019 23:46:00.000000,0.176147,7.65275,0.076325,0.037328,5.547368
07/23/2019 23:47:00.000000,0.189795,11.853,0.07455,47.986364,5.5
07/23/2019 23:48:00.000000,0.276861,14.70175,0.072575,33.22,5.415556
07/23/2019 23:49:00.000000,0.25646,,,,
07/23/2019 23:50:00.000000,0.192024,13.72775,0.07355,23.507317,4.456098
07/23/2019 23:51:00.000000,0.241414,13.62575,0.071125,0.025744,4.502326
07/23/2019 23:52:00.000000,0.337864,13.441,0.06865,0.024783,5.478049
07/23/2019 23:53:00.000000,0.366657,19.24925,0.0648,0.01157,4.057143
07/23/2019 23:54:00.000000,0.434372,15.27225,0.0661,17.407317,7.129268
07/23/2019 23:55:00.000000,0.395988,17.362,0.06805,0.034635,5.5125
07/23/2019 23:56:00.000000,0.4172,17.49825,0.0661,0.031732,6.565854
07/23/2019 23:57:00.000000,0.450832,19.077,0.058725,0.053804,5.364444
07/23/2019 23:58:00.000000,0.543753,19.94475,0.058525,0.026256,5.35814
07/23/2019 23:59:00.000000,0.41611,19.94925,0.06495,22.526829,6.339024
07/24/2019 00:00:00.000000,0.29378,17.694,0.066075,43.62619,8.128571
07/24/2019 00:01:00.000000,0.265917,14.1325,0.0683,25.914286,5.65
07/24/2019 00:02:00.000000,0.222554,10.71225,0.0724,13.575,3.995
07/24/2019 00:03:00.000000,0.210751,14.1595,0.072725,0.031916,5.865116
07/24/2019 00:04:00.000000,0.243722,12.2675,0.07115,0.022482,7.395122
07/24/2019 00:05:00.000000,0.228603,14.0435,0.0704,0.032864,7.343902
07/24/2019 00:06:00.000000,0.252726,16.80275,0.068425,43.446341,7.385366
07/24/2019 00:07:00.000000,0.322921,14.68125,0.06845,0.019305,6.133333
07/24/2019 00:08:00.000000,0.368322,19.25275,0.06705,0.025935,5.728571
07/24/2019 00:09:00.000000,0.30058,,,,
07/24/2019 00:10:00.000000,0.239695,14.9885,0.068225,0.031631,5.695349
07/24/2019 00:11:00.000000,0.226629,14.76175,0.068325,46.980488,6.182927
07/24/2019 00:12:00.000000,0.256165,14.86875,0.06515,34.921951,6.880488
07/24/2019 00:13:00.000000,0.258708,14.96875,0.06465,0.031184,5.971429
07/24/2019 00:14:00.000000,0.237366,14.856,0.06685,0.030361,5.148837
07/24/2019 00:15:00.000000,0.227574,20.916,0.063675,0.032123,5.34
07/24/2019 00:16:00.000000,0.289624,18.73725,0.059325,6.565116,4.195349
07/24/2019 00:17:00.000000,0.268661,20.879,0.059675,0.024764,4.916667
07/24/2019 00:18:00.000000,0.255101,28.641,0.055975,0.045254,5.1
07/24/2019 00:19:00.000000,0.266027,19.75975,0.054775,38.069231,15.338462
07/24/2019 00:20:00.000000,0.220869,17.18875,0.06065,17.797674,7.046512
07/24/2019 00:21:00.000000,0.2011,23.82725,0.058675,0.019501,5.657143
07/24/2019 00:22:00.000000,0.276528,20.58275,0.056275,0.030283,8.462791
07/24/2019 00:23:00.000000,0.361282,30.029,0.05515,22.825581,5.818605
07/24/2019 00:24:00.000000,0.273781,24.62825,0.05135,0.036195,5.795
07/24/2019 00:25:00.000000,0.251857,19.31,0.0545,0.026115,4.795
07/24/2019 00:26:00.000000,0.264896,19.94975,0.0558,0.026774,3.804651
07/24/2019 00:27:00.000000,0.248402,17.5595,0.05715,28.946154,4.571795
07/24/2019 00:28:00.000000,0.257242,15.98875,0.05905,0.024137,5.225
07/24/2019 00:29:00.000000,0.336638,15.6035,0.06045,20.746512,3.960465
07/24/2019 00:30:00.000000,0.342025,15.4675,0.0621,0.036769,7.385714
07/24/2019 00:31:00.000000,0.293629,14.67325,0.06335,24.271429,5.771429
07/24/2019 00:32:00.000000,0.273535,14.172,0.064275,31.328571,5.228571
07/24/2019 00:33:00.000000,0.209329,14.16375,0.063725,0.039119,9.259091
07/24/2019 00:34:00.000000,0.207503,19.33225,0.059,0.016109,6.026316
07/24/2019 00:35:00.000000,0.245047,19.48975,0.056375,17.6,5.814286
07/24/2019 00:36:00.000000,0.22267,16.83625,0.0597,15.3,5.475
07/24/2019 00:37:00.000000,0.210999,16.8305,0.059225,0.023933,4.195349
07/24/2019 00:38:00.000000,0.214697,14.0725,0.059825,0.015518,4.588636
07/24/2019 00:39:00.000000,0.251683,20.39775,0.059025,13.17381,4.357143
07/24/2019 00:40:00.000000,0.328292,15.194,0.059175,0.012685,4.475
07/24/2019 00:41:00.000000,0.237429,18.1005,0.0589,13.285714,3.728571
07/24/2019 00:42:00.000000,0.227711,18.985,0.0569,11.090244,3.087805
07/24/2019 00:43:00.000000,0.282855,40.77475,0.051175,0.022158,5.125
07/24/2019 00:44:00.000000,0.400734,32.96525,0.045525,0.018582,6.256818
07/24/2019 00:45:00.000000,0.357729,20.8055,0.050825,18.091892,5.897297
07/24/2019 00:46:00.000000,0.283426,14.239,0.05788,12.037931,4.544828
07/24/2019 00:47:00.000000,0.265373,18.7265,0.058333,0.01854,3.659091
07/24/2019 00:48:00.000000,0.256194,11.918667,0.06035,19.277273,3.920455
07/24/2019 00:49:00.000000,0.234514,9.07125,0.06255,17.916667,4.583333
07/24/2019 00:50:00.000000,0.247701,12.622,0.058525,0.036503,3.825
07/24/2019 00:51:00.000000,0.318902,18.50825,0.056433,14.863158,4.515789
07/24/2019 00:52:00.000000,0.300801,17.017,0.057,17.8,4.420513
07/24/2019 00:53:00.000000,0.240176,17.06775,0.057675,10.974194,5.754839
07/24/2019 00:54:00.000000,0.260631,17.98375,0.05825,12.956757,7.554054
07/24/2019 00:55:00.000000,0.280266,23.7415,0.056625,9.863415,5.22439
07/24/2019 00:56:00.000000,0.336977,16.88275,0.05375,0.011687,5.226829
07/24/2019 00:57:00.000000,0.321478,11.788,0.059375,27.42381,4.7
07/24/2019 00:58:00.000000,0.244024,8.424,0.0627,15.318605,5.030233
07/24/2019 00:59:00.000000,0.199372,6.466,0.066025,14.171429,3.9
07/24/2019 01:00:00.000000,0.176702,6.547,0.067325,14.55814,6.711628
07/24/2019 01:01:00.000000,0.221093,7.328,0.0642,14.085714,5.616667
07/24/2019 01:02:00.000000,0.390831,11.8225,0.061125,0.005846,3.855
07/24/2019 01:03:00.000000,0.315442,19.43325,0.0578,0.015325,4.62
07/24/2019 01:04:00.000000,0.27924,15.178,0.057375,20.645455,4.8
07/24/2019 01:05:00.000000,0.276536,13.19375,0.060925,23.217073,4.287805
07/24/2019 01:06:00.000000,0.252389,9.345,0.064025,22.604651,6.006977
07/24/2019 01:07:00.000000,0.209352,9.728,0.064175,0.024504,4.842857
07/24/2019 01:08:00.000000,0.235966,10.29125,0.066125,14.84186,4.34186
07/24/2019 01:09:00.000000,0.216284,9.78025,0.06815,,
07/24/2019 01:10:00.000000,0.225412,9.4665,0.0685,0.023769,6.553846
07/24/2019 01:11:00.000000,0.247225,9.71,0.067825,0.006649,4.332558
07/24/2019 01:12:00.000000,0.226265,9.7845,0.0651,0.026598,5.607317
07/24/2019 01:13:00.000000,0.225263,9.52125,0.06465,0.015647,5.042857
07/24/2019 01:14:00.000000,0.234392,9.25575,0.06585,11.130769,5.407692
07/24/2019 01:15:00.000000,0.20692,9.136,0.065125,0.017622,4.55
07/24/2019 01:16:00.000000,0.213399,9.4295,0.06505,10.5,4.655
07/24/2019 01:17:00.000000,0.201815,9.7055,0.064625,0.015156,6.928571
07/24/2019 01:18:00.000000,0.304677,10.21875,0.06265,0.03423,6.076316
07/24/2019 01:19:00.000000,0.407556,19.139,0.051825,27.485366,10.409756
07/24/2019 01:20:00.000000,0.664983,11.55925,0.06235,0.017578,6.033333
07/24/2019 01:21:00.000000,0.544486,7.3165,0.0663,17.925,5.68
07/24/2019 01:22:00.000000,0.237835,12.184,0.065425,0.016768,4.771429
07/24/2019 01:23:00.000000,0.259283,12.221,0.0636,16.580488,4.931707
07/24/2019 01:24:00.000000,0.296592,22.00475,0.05905,21.874419,8.181395
07/24/2019 01:25:00.000000,0.323257,19.15,0.05355,35.278947,6.694737
07/24/2019 01:26:00.000000,0.329735,17.23125,0.055525,17.569231,5.876923
07/24/2019 01:27:00.000000,0.291527,8.65825,0.0615,15.878049,4.34878
07/24/2019 01:28:00.000000,0.235162,6.73975,0.06745,9.514286,3.85
07/24/2019 01:29:00.000000,0.192988,6.71175,0.068125,0.021857,4.48
07/24/2019 01:30:00.000000,0.181147,6.7865,0.068775,10.5,3.762791
07/24/2019 01:31:00.000000,0.174525,6.77975,0.068925,9.556098,5.05122
07/24/2019 01:32:00.000000,0.177811,6.7435,0.069,0.030145,7.442857
07/24/2019 01:33:00.000000,0.18433,14.657,0.0652,10.535,5.93
07/24/2019 01:34:00.000000,0.233466,14.9935,0.058725,0.006582,5.005
07/24/2019 01:35:00.000000,0.277066,14.7155,0.059725,23.904545,5.554545
07/24/2019 01:36:00.000000,0.294369,15.1835,0.061175,13.318182,6.477273
07/24/2019 01:37:00.000000,0.292051,14.30025,0.060775,9.67561,5.190244
07/24/2019 01:38:00.000000,0.302899,13.7825,0.0633,0.015239,5.928571
07/24/2019 01:39:00.000000,0.270062,14.02775,0.061525,17.746667,6.593333
07/24/2019 01:40:00.000000,0.267073,14.64675,0.057075,17.657143,7.214286
07/24/2019 01:41:00.000000,0.237372,15.5255,0.05675,9.334146,6.070732
07/24/2019 01:42:00.000000,0.24484,16.503,0.05645,15.533333,4.733333
07/24/2019 01:43:00.000000,0.317325,16.637,0.057375,6.416279,4.583721
07/24/2019 01:44:00.000000,0.267268,16.3255,0.060125,13.45,6.6125
07/24/2019 01:45:00.000000,0.230581,15.76325,0.0639,12.6,5.85
07/24/2019 01:46:00.000000,0.209069,15.49925,0.06655,0.020997,6.310256
07/24/2019 01:47:00.000000,0.206193,14.45975,0.0661,0.024629,5.460976
07/24/2019 01:48:00.000000,0.203903,13.4625,0.06505,25.106977,6.974419
07/24/2019 01:49:00.000000,0.232909,12.8605,0.06155,6.811628,4.202326
07/24/2019 01:50:00.000000,0.240947,12.31525,0.057525,0.016355,7.025
07/24/2019 01:51:00.000000,0.263482,12.08525,0.0577,0.029533,5.951163
07/24/2019 01:52:00.000000,0.264638,16.0405,0.051375,13.385714,6.042857
07/24/2019 01:53:00.000000,0.275541,15.86725,0.05685,14.543182,5.006818
07/24/2019 01:54:00.000000,0.282769,10.3805,0.06175,18.369767,6.77907
07/24/2019 01:55:00.000000,0.271342,8.081,0.064325,0.019392,4.486667
07/24/2019 01:56:00.000000,0.254673,13.95375,0.0634,0.026946,5.558065
07/24/2019 01:57:00.000000,0.27056,12.9055,0.059825,14.22093,4.395349
07/24/2019 01:58:00.000000,0.277635,11.48575,0.0599,9.3,5.6025
07/24/2019 01:59:00.000000,0.243384,9.832,0.061875,10.42973,5.145946
07/24/2019 02:00:00.000000,0.237301,16.79275,0.06145,0.020567,5.902564
07/24/2019 02:01:00.000000,0.257614,15.321,0.059175,22.31,4.74
07/24/2019 02:02:00.000000,0.303165,18.59075,0.0587,13.5,6.285
07/24/2019 02:03:00.000000,0.32614,15.83275,0.0573,16.01,6.1875
07/24/2019 02:04:00.000000,0.254232,11.1415,0.0603,5.943902,4.392683
07/24/2019 02:05:00.000000,0.233352,9.56025,0.062975,9.757143,5.183333
07/24/2019 02:06:00.000000,0.23155,9.6205,0.06235,0.006276,4.060465
07/24/2019 02:07:00.000000,0.263256,11.4095,0.06045,8.010526,5.821053
07/24/2019 02:08:00.000000,0.28843,12.1175,0.059275,0.007143,5.171429
07/24/2019 02:09:00.000000,0.321127,12.40025,0.06025,0.028634,5.170732
07/24/2019 02:10:00.000000,0.271346,11.45875,0.0615,0.014696,5.533333
07/24/2019 02:11:00.000000,0.224084,10.52875,0.0625,0.044364,7.485714
07/24/2019 02:12:00.000000,0.27264,10.57575,0.06135,0.041008,6.355
07/24/2019 02:13:00.000000,0.366634,18.0015,0.056075,16.05,7.933333
07/24/2019 02:14:00.000000,0.469353,20.7875,0.049875,0.042443,6.751163
07/24/2019 02:15:00.000000,0.452555,14.735,0.05335,0.020071,6.327907
07/24/2019 02:16:00.000000,0.292265,11.70975,0.05945,0.018362,8.451163
07/24/2019 02:17:00.000000,0.27927,10.50025,0.061025,26.37619,6.057143
07/24/2019 02:18:00.000000,0.286411,10.619,0.0634,15.471429,7.228571
07/24/2019 02:19:00.000000,0.249621,10.78375,0.0623,0.021612,5.693023
07/24/2019 02:20:00.000000,0.281717,10.997,0.06115,18.295,6.4725
07/24/2019 02:21:00.000000,0.246224,10.97325,0.0619,0.034376,7.214286
07/24/2019 02:22:00.000000,0.203393,11.23325,0.05955,0.017271,5.973171
07/24/2019 02:23:00.000000,0.218033,14.26175,0.055525,0.021627,6.302326
07/24/2019 02:24:00.000000,0.293902,22.95225,0.047775,0.01621,5.638462
07/24/2019 02:25:00.000000,0.359117,31.00475,0.0401,0.015324,6.957143
07/24/2019 02:26:00.000000,0.29408,17.37475,0.060225,21.646667,6.506667
07/24/2019 02:27:00.000000,0.288375,12.6215,0.0585,0.033852,7.680488
07/24/2019 02:28:00.000000,0.380072,14.69525,0.056775,0.017495,6.54
07/24/2019 02:29:00.000000,0.438845,15.6125,0.055225,18.844186,6.730233
07/24/2019 02:30:00.000000,0.428812,15.65725,0.056125,17.2325,5.63
07/24/2019 02:31:00.000000,0.323838,15.147,0.059825,14.581818,4.55
07/24/2019 02:32:00.000000,0.235828,14.266,0.061975,0.025519,4.656098
07/24/2019 02:33:00.000000,0.212113,13.4555,0.06105,13.74186,6.851163
07/24/2019 02:34:00.000000,0.218228,12.71575,0.061075,0.015789,5.909302
07/24/2019 02:35:00.000000,0.223663,11.7695,0.063,0.015578,7.815385
07/24/2019 02:36:00.000000,0.2098,10.839,0.063325,0.029325,6.995349
07/24/2019 02:37:00.000000,0.207108,9.85975,0.063275,0.017242,6.716279
07/24/2019 02:38:00.000000,0.211509,8.91625,0.062925,0.016589,5.334146
07/24/2019 02:39:00.000000,0.219602,8.4115,0.0631,13.24186,6.648837
07/24/2019 02:40:00.000000,0.473392,9.65975,0.0613,15.58,7.07
07/24/2019 02:41:00.000000,2.034175,12.008,0.0586,13.695122,6.417073
07/24/2019 02:42:00.000000,1.193632,9.23825,0.06235,13.213636,5.263636
07/24/2019 02:43:00.000000,0.33705,9.0505,0.06365,0.015729,6.6675
07/24/2019 02:44:00.000000,0.301263,9.0245,0.0628,0.025672,6.03125
07/24/2019 02:45:00.000000,0.260394,9.471,0.06165,0.019764,6.514286
07/24/2019 02:46:00.000000,0.234181,9.29175,0.064375,0.016725,5.234146
07/24/2019 02:47:00.000000,0.194676,9.14325,0.066025,0.00739,5.083333
07/24/2019 02:48:00.000000,0.20349,9.015,0.0654,14.266667,5.607692
07/24/2019 02:49:00.000000,0.208716,8.8425,0.06475,0.023149,5.534146
07/24/2019 02:50:00.000000,0.181456,8.658,0.06465,5.65,4.128571
07/24/2019 02:51:00.000000,0.183908,8.544,0.0651,0.016021,4.9
07/24/2019 02:52:00.000000,0.202787,12.268,0.06195,0.033104,5.697561
07/24/2019 02:53:00.000000,0.254808,16.31625,0.058125,7.781395,4.795349
07/24/2019 02:54:00.000000,0.27101,10.0215,0.06025,12.807692,5.869231
07/24/2019 02:55:00.000000,0.213616,8.88875,0.06225,0.027869,6.871429
07/24/2019 02:56:00.000000,0.219379,8.90525,0.06265,23.584615,8.220513
07/24/2019 02:57:00.000000,0.214958,8.9855,0.062675,0.043774,8.4
07/24/2019 02:58:00.000000,0.197295,8.8875,0.0636,0.025062,8.139474
07/24/2019 02:59:00.000000,0.199173,8.6455,0.065875,0.01436,7.1
07/24/2019 03:00:00.000000,0.189851,8.45425,0.06705,11.190625,5.059375
07/24/2019 03:01:00.000000,0.168261,8.203,0.067033,0.013666,5.083333
07/24/2019 03:02:00.000000,0.178005,7.88675,0.067,0.015622,4.6
07/24/2019 03:03:00.000000,0.196586,14.49825,0.06545,16.075,6.332143
07/24/2019 03:04:00.000000,0.180945,12.635,0.06374,14.28,5.632
07/24/2019 03:05:00.000000,0.174289,6.415,0.06715,12.462069,4.731034
07/24/2019 03:06:00.000000,0.18814,7.30225,0.069267,16.960465,5.044186
07/24/2019 03:07:00.000000,0.195966,7.83475,0.0698,30.951163,5.186047
07/24/2019 03:08:00.000000,0.195671,7.48925,0.067175,15.934146,5.2
07/24/2019 03:09:00.000000,0.199546,6.22275,0.0665,0.019532,7.146154
07/24/2019 03:10:00.000000,0.189855,6.2255,0.06715,0.016316,5.29
07/24/2019 03:11:00.000000,0.172199,6.16525,0.06715,0.031391,6.436585
07/24/2019 03:12:00.000000,0.183841,6.3565,0.065625,0.026129,5.290244
07/24/2019 03:13:00.000000,0.212205,6.623,0.06465,0.023707,5.497561
07/24/2019 03:14:00.000000,0.181544,6.68875,0.065925,29.127273,5.768182
07/24/2019 03:15:00.000000,0.164408,6.708,0.06645,0.025639,6.742857
07/24/2019 03:16:00.000000,0.178182,7.1535,0.0646,0.008441,4.671429
07/24/2019 03:17:00.000000,0.228324,7.5645,0.062875,0.015833,4.726829
07/24/2019 03:18:00.000000,0.21906,7.83775,0.06355,11.235897,5.148718
07/24/2019 03:19:00.000000,0.225027,8.21875,0.063325,16.325581,7.962791
07/24/2019 03:20:00.000000,0.224188,8.35475,0.06255,0.020347,7.315385
07/24/2019 03:21:00.000000,0.25096,8.4085,0.062775,0.025702,6.845
07/24/2019 03:22:00.000000,0.305535,8.30975,0.065275,0.021586,7.05814
07/24/2019 03:23:00.000000,0.26995,8.02925,0.0695,13.9375,4.465
07/24/2019 03:24:00.000000,0.181398,7.29675,0.07075,16.257143,6.25
07/24/2019 03:25:00.000000,0.145329,6.6905,0.0708,10.895122,5.24878
07/24/2019 03:26:00.000000,0.153968,6.3545,0.069325,0.015938,7.4
07/24/2019 03:27:00.000000,0.158249,6.266,0.06645,15.58,6.61
07/24/2019 03:28:00.000000,0.193743,6.14225,0.065025,11.525581,6.227907
07/24/2019 03:29:00.000000,0.235051,,,,
07/24/2019 03:30:00.000000,0.23637,6.82,0.061525,11.38,7.3
07/24/2019 03:31:00.000000,0.24098,7.8965,0.0602,16.1,8.374419
07/24/2019 03:32:00.000000,0.255049,8.813,0.0602,26.478571,8.147619
07/24/2019 03:33:00.000000,0.270451,9.65425,0.05985,0.025891,6.221951
07/24/2019 03:34:00.000000,0.285748,9.77575,0.06445,10.642857,5.128571
07/24/2019 03:35:00.000000,0.242531,9.3575,0.069475,19.942857,5.471429
07/24/2019 03:36:00.000000,0.202174,8.974,0.0696,6.626667,4.386667
07/24/2019 03:37:00.000000,0.174754,8.6075,0.069175,0.041829,6.514286
07/24/2019 03:38:00.000000,0.150157,7.785,0.068875,27.688372,6.727907
07/24/2019 03:39:00.000000,0.159679,7.14375,0.06655,48.158696,5.056522
07/24/2019 03:40:00.000000,0.202672,6.42375,0.066475,14.738095,6.571429
07/24/2019 03:41:00.000000,0.210793,5.71675,0.067925,14.26,5.285
07/24/2019 03:42:00.000000,0.209656,5.74075,0.067425,0.035403,6.275
07/24/2019 03:43:00.000000,0.212596,6.46775,0.06488,23.815152,5.433333
07/24/2019 03:44:00.000000,0.214633,7.14475,0.0639,0.03134,8.023077
07/24/2019 03:45:00.000000,0.202213,7.67225,0.06302,12.513333,7.753333
07/24/2019 03:46:00.000000,0.220885,8.286,0.061467,12.837209,7.872093
07/24/2019 03:47:00.000000,0.25027,8.881,0.05865,0.013019,7.73
07/24/2019 03:48:00.000000,0.298122,9.693,0.055175,11.6375,5.405
07/24/2019 03:49:00.000000,0.279215,,,,
07/24/2019 03:50:00.000000,0.266194,11.1235,0.055725,0.023161,6.95
07/24/2019 03:51:00.000000,0.263183,11.1,0.05645,0.014489,6.205263
07/24/2019 03:52:00.000000,0.254359,11.36,0.055625,12.285714,5.828571
07/24/2019 03:53:00.000000,0.258647,11.749,0.0541,0.02181,5.885714
07/24/2019 03:54:00.000000,0.260242,12.09325,0.053725,0.02806,7.592308
07/24/2019 03:55:00.000000,0.272662,12.21875,0.05324,0.024725,9.828571
07/24/2019 03:56:00.000000,0.282809,12.3165,0.053367,14.905714,7.277143
07/24/2019 03:57:00.000000,0.277405,12.33625,0.05436,0.017018,7.006061
07/24/2019 03:58:00.000000,0.275081,12.43725,0.054433,0.019629,8.621951
07/24/2019 03:59:00.000000,0.283943,12.58525,0.054875,20.82093,7.760465
07/24/2019 04:00:00.000000,0.29211,12.591,0.054275,0.018958,6.083333
07/24/2019 04:01:00.000000,0.289684,12.49175,0.053,0.030136,9.686364
07/24/2019 04:02:00.000000,0.082785,12.5515,0.05235,0.011954,6.772093
07/24/2019 04:03:00.000000,0.023022,12.587,0.052475,15.331707,7.992683
07/24/2019 04:04:00.000000,-9999.0,12.90025,0.051825,21.658537,7.968293
07/24/2019 04:05:00.000000,-9999.0,13.48975,0.0486,16.913636,8.159091
07/24/2019 04:06:00.000000,-9999.0,13.893,0.0475,13.782353,6.8
07/24/2019 04:07:00.000000,-9999.0,14.10575,0.050825,0.015603,6.841463
07/24/2019 04:08:00.000000,-9999.0,14.599,0.05095,16.1375,8.26
07/24/2019 04:09:00.000000,-9999.0,15.4175,0.047275,0.026361,8.079545
07/24/2019 04:10:00.000000,-9999.0,15.9105,0.04615,24.521951,8.170732
07/24/2019 04:11:00.000000,-9999.0,16.32525,0.04765,0.026927,7.611364
07/24/2019 04:12:00.000000,0.067836,21.112,0.046475,19.489189,9.762162
07/24/2019 04:13:00.000000,0.255555,18.56275,0.04462,0.029843,6.925926
07/24/2019 04:14:00.000000,0.347405,18.07125,0.045,37.843333,8.636667
07/24/2019 04:15:00.000000,0.366279,18.01925,0.045125,12.288235,6.564706
07/24/2019 04:16:00.000000,0.389156,19.906,0.0447,0.009511,7.01
07/24/2019 04:17:00.000000,0.372295,25.66525,0.040425,25.594872,7.946154
07/24/2019 04:18:00.000000,0.359905,19.23275,0.04145,18.014286,8.185714
07/24/2019 04:19:00.000000,0.360787,18.043,0.04532,0.037548,10.078788
07/24/2019 04:20:00.000000,0.370303,17.99425,0.0446,0.042144,8.816216
07/24/2019 04:21:00.000000,0.389341,18.23,0.04335,0.031589,11.138462
07/24/2019 04:22:00.000000,0.444919,18.391,0.043375,0.047827,8.416279
07/24/2019 04:23:00.000000,0.485906,18.85875,0.0426,0.027731,9.6
07/24/2019 04:24:00.000000,0.483437,19.50825,0.04115,0.040392,8.953488
07/24/2019 04:25:00.000000,0.494376,19.9295,0.0414,20.032558,9.05814
07/24/2019 04:26:00.000000,0.561391,23.112,0.041775,0.076564,10.876923
07/24/2019 04:27:00.000000,0.533761,22.73025,0.040625,0.035355,9.909302
07/24/2019 04:28:00.000000,0.450979,22.524,0.0402,21.574359,10.292308
07/24/2019 04:29:00.000000,0.419471,21.241,0.0428,20.558537,10.487805
07/24/2019 04:30:00.000000,0.409567,20.8475,0.0462,0.020117,7.95
07/24/2019 04:31:00.000000,0.39816,20.2565,0.047575,18.146341,9.890244
07/24/2019 04:32:00.000000,0.397362,19.67725,0.0469,0.023249,9.6025
07/24/2019 04:33:00.000000,0.416271,18.9845,0.048225,0.018871,9.826829
07/24/2019 04:34:00.000000,0.440219,18.12375,0.050825,17.607143,8.957143
07/24/2019 04:35:00.000000,0.416479,17.3935,0.050325,0.023427,10.25122
07/24/2019 04:36:00.000000,0.40156,16.80575,0.04848,41.457143,8.378571
07/24/2019 04:37:00.000000,0.415166,16.2725,0.047425,21.820588,12.570588
07/24/2019 04:38:00.000000,0.44424,15.88175,0.049567,19.8,9.045
07/24/2019 04:39:00.000000,0.507328,15.767,0.04945,38.390244,12.412195
07/24/2019 04:40:00.000000,0.751311,24.66475,0.042875,41.085366,8.063415
07/24/2019 04:41:00.000000,0.854732,19.11875,0.039725,0.025155,8.665116
07/24/2019 04:42:00.000000,0.522602,17.8295,0.043025,13.25625,7.359375
07/24/2019 04:43:00.000000,0.343848,19.295,0.0415,18.92963,8.633333
07/24/2019 04:44:00.000000,0.34486,19.38325,0.039833,20.394118,6.805882
07/24/2019 04:45:00.000000,0.364374,19.40675,0.0394,0.012064,6.4
07/24/2019 04:46:00.000000,0.359988,15.919,0.03965,0.015415,7.082927
07/24/2019 04:47:00.000000,0.357711,1.96725,0.039125,15.516279,6.597674
07/24/2019 04:48:00.000000,0.353274,0.4075,0.038325,0.024244,8.463415
07/24/2019 04:49:00.000000,0.345907,0.38225,0.03705,21.5,7.331818
07/24/2019 04:50:00.000000,0.33663,0.38325,0.0367,0.017354,7.607692
07/24/2019 04:51:00.000000,0.347103,0.39675,0.035725,0.017477,6.242857
07/24/2019 04:52:00.000000,0.368932,0.389,0.034575,0.025164,6.35122
07/24/2019 04:53:00.000000,0.40598,0.3775,0.035525,0.027465,7.1425
07/24/2019 04:54:00.000000,0.376397,0.33025,0.03695,0.02255,8.175
07/24/2019 04:55:00.000000,0.354809,0.27975,0.037,19.866667,6.382051
07/24/2019 04:56:00.000000,0.348464,2.13475,0.036575,19.605,6.1
07/24/2019 04:57:00.000000,0.342762,5.14375,0.0346,14.995,6.1
07/24/2019 04:58:00.000000,0.352886,2.5555,0.035475,15.87381,5.585714
07/24/2019 04:59:00.000000,0.356274,2.143,0.03585,16.015385,6.769231
07/24/2019 05:00:00.000000,0.350361,1.95475,0.034875,10.32093,5.967442
07/24/2019 05:01:00.000000,0.342567,1.52025,0.037625,17.1875,7.415
07/24/2019 05:02:00.000000,0.300263,1.60575,0.04185,14.202439,7.358537
07/24/2019 05:03:00.000000,0.277877,1.6685,0.0424,21.618182,6.206818
07/24/2019 05:04:00.000000,0.300317,1.833,0.042675,0.017329,5.225581
07/24/2019 05:05:00.000000,0.281714,1.99025,0.043275,13.087805,5.782927
07/24/2019 05:06:00.000000,0.267764,2.00875,0.0425,0.013778,5.237143
07/24/2019 05:07:00.000000,0.27976,2.11425,0.042075,20.04359,5.710256
07/24/2019 05:08:00.000000,0.283313,2.17475,0.0421,0.020996,5.411429
07/24/2019 05:09:00.000000,0.283438,2.2975,0.0423,18.787179,8.276923
07/24/2019 05:10:00.000000,0.27502,2.32725,0.042725,14.24359,6.176923
07/24/2019 05:11:00.000000,0.268836,2.35175,0.0421,0.022782,6.125
07/24/2019 05:12:00.000000,0.282886,2.27825,0.04056,33.754286,6.588571
07/24/2019 05:13:00.000000,0.29287,2.12875,0.038533,0.013212,5.828571
07/24/2019 05:14:00.000000,0.302314,2.079,0.03605,0.021991,9.185
07/24/2019 05:15:00.000000,0.330859,2.002,0.038375,14.729268,7.921951
07/24/2019 05:16:00.000000,0.315733,1.91275,0.040175,0.007782,5.706977
07/24/2019 05:17:00.000000,0.288633,39.21775,0.039725,0.019623,8.669767
07/24/2019 05:18:00.000000,0.279318,66.3465,0.039575,0.016879,7.088889
07/24/2019 05:19:00.000000,0.281532,69.820667,0.0401,0.008492,6.19
07/24/2019 05:20:00.000000,0.276626,69.972,0.040333,0.023253,6.270732
07/24/2019 05:21:00.000000,0.270583,70.016667,0.03965,20.221053,6.636842
07/24/2019 05:22:00.000000,0.269821,70.1595,0.039725,19.595238,6.185714
07/24/2019 05:23:00.000000,0.272302,70.20725,0.03905,0.019225,6.185
07/24/2019 05:24:00.000000,0.590953,70.2195,0.037675,23.621951,6.44878
07/24/2019 05:25:00.000000,1.098191,70.222,0.037075,0.028662,7.853333
07/24/2019 05:26:00.000000,0.812338,65.87575,0.038225,0.016753,8.585714
07/24/2019 05:27:00.000000,0.403914,9.19925,0.0388,0.02412,7.671429
07/24/2019 05:28:00.000000,0.288358,0.007,0.039225,0.021327,6.928947
07/24/2019 05:29:00.000000,0.266208,0.0,0.040125,0.027537,6.543902
07/24/2019 05:30:00.000000,0.255089,-9999.0,0.040575,0.008418,5.385714
07/24/2019 05:31:00.000000,0.247676,-9999.0,0.041725,0.005939,4.771429
07/24/2019 05:32:00.000000,0.229669,-9999.0,0.042375,0.016879,6.57
07/24/2019 05:33:00.000000,0.239811,-9999.0,0.043725,0.024755,6.046341
07/24/2019 05:34:00.000000,0.232381,-9999.0,0.0464,0.021713,6.328571
07/24/2019 05:35:00.000000,0.199902,-9999.0,0.046925,9.931818,6.147727
07/24/2019 05:36:00.000000,0.192901,-9999.0,0.0466,11.082927,5.843902
07/24/2019 05:37:00.000000,0.191045,0.644333,0.046925,12.680488,5.629268
07/24/2019 05:38:00.000000,0.18196,1.482,0.04745,15.28,6.62
07/24/2019 05:39:00.000000,0.181832,2.43675,0.04745,9.955814,5.681395
07/24/2019 05:40:00.000000,0.181843,3.40825,0.0475,0.012648,6.52
07/24/2019 05:41:00.000000,0.1847,4.4655,0.046925,0.022723,5.925581
07/24/2019 05:42:00.000000,0.200694,5.9325,0.044575,21.887805,6.297561
07/24/2019 05:43:00.000000,0.222138,7.5155,0.042375,13.0375,5.975
07/24/2019 05:44:00.000000,0.233573,8.65725,0.043825,0.017127,6.5
07/24/2019 05:45:00.000000,0.219098,9.118,0.04435,8.521951,4.807317
07/24/2019 05:46:00.000000,0.215479,9.5215,0.043725,0.017044,6.890244
07/24/2019 05:47:00.000000,0.153238,9.96275,0.043575,13.319048,5.328571
07/24/2019 05:48:00.000000,0.341066,10.315,0.043825,0.025181,5.422222
07/24/2019 05:49:00.000000,0.753142,10.383,0.0452,0.024827,4.731707
07/24/2019 05:50:00.000000,0.951877,10.05525,0.046,9.685,5.365
07/24/2019 05:51:00.000000,1.013209,9.5385,0.046,11.6625,6.775
07/24/2019 05:52:00.000000,1.030708,9.36675,0.045025,12.54,7.085
07/24/2019 05:53:00.000000,1.038081,9.28225,0.04435,8.107143,6.5
07/24/2019 05:54:00.000000,1.043273,8.98175,0.0447,0.014151,7.08
07/24/2019 05:55:00.000000,1.042138,8.65625,0.044925,0.017398,8.372093
07/24/2019 05:56:00.000000,0.997938,8.4675,0.0449,12.128947,6.915789
07/24/2019 05:57:00.000000,0.522544,8.52125,0.044125,11.104348,6.165217
07/24/2019 05:58:00.000000,0.071617,8.85825,0.042525,0.007804,5.35
07/24/2019 05:59:00.000000,0.01527,9.728,0.039975,0.015983,6.053659
07/24/2019 06:00:00.000000,0.011213,10.066,0.04185,0.093607,38.995455
07/24/2019 06:01:00.000000,0.007083,10.286,0.042575,20.035,10.69
07/24/2019 06:02:00.000000,0.00883,10.61825,0.04275,0.014505,5.722727
07/24/2019 06:03:00.000000,0.004607,10.8965,0.042525,0.013985,5.471429
07/24/2019 06:04:00.000000,0.005241,11.28875,0.04065,0.011456,5.742857
07/24/2019 06:05:00.000000,0.004722,11.78725,0.039025,0.012695,6.55
07/24/2019 06:06:00.000000,-9999.0,12.0895,0.0388,0.024203,5.261538
07/24/2019 06:07:00.000000,0.03429,12.10875,0.038,0.014464,4.405
07/24/2019 06:08:00.000000,0.200457,12.56725,0.037175,5.778571,4.9
07/24/2019 06:09:00.000000,0.296551,13.001,0.037525,11.957143,6.028571
07/24/2019 06:10:00.000000,0.224284,13.26225,0.038775,0.023195,6.714286
07/24/2019 06:11:00.000000,0.253095,13.70325,0.038525,16.860465,5.795349
07/24/2019 06:12:00.000000,0.467395,13.89975,0.0381,15.125,5.6
07/24/2019 06:13:00.000000,0.475136,12.74,0.0376,0.006007,4.137209
07/24/2019 06:14:00.000000,0.400064,13.62825,0.036775,0.017895,6.856522
07/24/2019 06:15:00.000000,0.29697,13.90775,0.037725,0.007306,5.311429
07/24/2019 06:16:00.000000,0.225458,12.3445,0.03925,0.011639,4.9
07/24/2019 06:17:00.000000,0.199836,11.662,0.0412,13.107143,4.3
07/24/2019 06:18:00.000000,0.175876,11.413,0.041825,0.008324,4.392593
07/24/2019 06:19:00.000000,0.155838,11.17325,0.04125,0.040695,4.655
07/24/2019 06:20:00.000000,0.164316,10.85675,0.041475,10.685714,4.871429
07/24/2019 06:21:00.000000,0.164833,10.56525,0.0412,9.251163,4.813953
07/24/2019 06:22:00.000000,0.177939,10.3,0.0409,0.008885,4.715789
07/24/2019 06:23:00.000000,0.183687,9.9235,0.041775,12.097619,4.7
07/24/2019 06:24:00.000000,0.171286,9.39125,0.0432,9.714286,4.442857
07/24/2019 06:25:00.000000,0.15631,9.09625,0.043675,9.554545,7.077273
07/24/2019 06:26:00.000000,0.157142,8.7495,0.0438,0.010714,4.382051
07/24/2019 06:27:00.000000,0.152273,8.347,0.0443,8.414286,4.642857
07/24/2019 06:28:00.000000,0.152732,7.9275,0.0451,0.009218,4.123077
07/24/2019 06:29:00.000000,0.170668,7.51675,0.0456,0.011961,5.195122
07/24/2019 06:30:00.000000,0.155345,7.03025,0.04525,0.004791,3.556098
07/24/2019 06:31:00.000000,0.147086,6.69875,0.04485,0.007773,4.389189
07/24/2019 06:32:00.000000,0.148983,6.53675,0.044325,0.00902,4.935135
07/24/2019 06:33:00.000000,0.147546,6.3355,0.044825,7.214286,5.916667
07/24/2019 06:34:00.000000,0.148589,6.18925,0.04365,0.01298,4.890909
07/24/2019 06:35:00.000000,0.154248,6.944,0.0384,0.011514,4.7
07/24/2019 06:36:00.000000,0.170358,7.53525,0.03785,11.105128,5.884615
07/24/2019 06:37:00.000000,0.17536,7.881,0.040975,0.010546,6.445455
07/24/2019 06:38:00.000000,0.167864,8.21325,0.0416,0.004847,3.928571
07/24/2019 06:39:00.000000,0.157582,8.455,0.04265,6.487805,5.036585
07/24/2019 06:40:00.000000,0.150586,8.586,0.04345,0.012942,6.414286
07/24/2019 06:41:00.000000,0.153312,8.72025,0.043125,8.480488,4.807317
07/24/2019 06:42:00.000000,0.164304,8.7835,0.042975,9.304651,4.918605
07/24/2019 06:43:00.000000,0.159547,7.941,0.04375,11.343902,6.45122
07/24/2019 06:44:00.000000,0.146824,7.2385,0.04485,0.005428,4.118605
07/24/2019 06:45:00.000000,0.139027,6.78,0.045325,8.043182,4.822727
07/24/2019 06:46:00.000000,0.142939,6.45775,0.04525,11.259091,5.345455
07/24/2019 06:47:00.000000,0.140471,6.2285,0.048925,7.587805,4.204878
07/24/2019 06:48:00.000000,0.150886,6.1895,0.054825,0.018298,4.416667
07/24/2019 06:49:00.000000,0.195437,,0.0566,,
07/24/2019 06:50:00.000000,0.18888,6.354,0.0568,0.038598,5.330769
07/24/2019 06:51:00.000000,0.174296,6.65625,0.057825,11.377273,6.172727
07/24/2019 06:52:00.000000,0.160854,7.08325,0.058925,26.45,5.79
07/24/2019 06:53:00.000000,0.162465,7.675,0.059475,0.016035,6.283333
07/24/2019 06:54:00.000000,0.169919,8.35075,0.059325,0.006092,4.607317
07/24/2019 06:55:00.000000,0.179832,8.97325,0.059375,7.975,4.47
07/24/2019 06:56:00.000000,0.18071,9.53975,0.049475,9.18,4.415
07/24/2019 06:57:00.000000,0.181709,10.12175,-9999.0,8.783721,5.32093
07/24/2019 06:58:00.000000,0.186804,10.7285,-9999.0,0.017208,6.505405
07/24/2019 06:59:00.000000,0.187375,11.3185,-9999.0,0.024856,5.163415
07/24/2019 07:00:00.000000,0.196762,11.845,-9999.0,19.007317,7.460976
07/24/2019 07:01:00.000000,0.202082,12.1085,-9999.0,0.021902,5.435
07/24/2019 07:02:00.000000,0.202364,12.12875,-9999.0,17.246154,6.148718
07/24/2019 07:03:00.000000,0.204718,12.16725,-9999.0,9.52,5.44
07/24/2019 07:04:00.000000,0.209033,11.7455,-9999.0,5.085714,4.590476
07/24/2019 07:05:00.000000,0.193142,11.1875,-9999.0,11.917391,5.365217
07/24/2019 07:06:00.000000,0.183735,10.50075,-9999.0,0.007878,5.010526
07/24/2019 07:07:00.000000,1.021461,9.8485,-9999.0,8.538462,4.982051
07/24/2019 07:08:00.000000,1.281575,9.31675,-9999.0,0.010199,6.134146
07/24/2019 07:09:00.000000,0.469451,,,,
07/24/2019 07:10:00.000000,0.415005,8.46775,-9999.0,12.506818,6.340909
07/24/2019 07:11:00.000000,0.372308,6.946,-9999.0,13.360526,5.794737
07/24/2019 07:12:00.000000,0.456631,6.56125,-9999.0,0.009826,5.48
07/24/2019 07:13:00.000000,0.359121,6.46325,-9999.0,8.05,4.997222
07/24/2019 07:14:00.000000,0.214803,6.43175,-9999.0,0.021207,6.070732
07/24/2019 07:15:00.000000,0.172602,6.422,-9999.0,7.446341,5.631707
07/24/2019 07:16:00.000000,0.17041,6.58625,0.0063,5.05,4.975
07/24/2019 07:17:00.000000,0.172893,6.77025,0.05275,0.006945,5.569767
07/24/2019 07:18:00.000000,0.199955,6.8025,0.04555,11.735,5.955
07/24/2019 07:19:00.000000,0.286798,6.7565,0.042475,0.017787,6.169231
07/24/2019 07:20:00.000000,0.233293,6.61375,0.041325,0.011319,5.785106
07/24/2019 07:21:00.000000,0.169129,6.4475,0.041925,0.006841,5.030233
07/24/2019 07:22:00.000000,0.148406,6.311,0.04185,0.013268,6.528571
07/24/2019 07:23:00.000000,0.148449,6.15425,0.041025,7.936585,6.543902
07/24/2019 07:24:00.000000,0.149188,5.86375,0.04,0.010137,6.414286
07/24/2019 07:25:00.000000,0.154079,5.44575,0.04135,0.009495,6.4
07/24/2019 07:26:00.000000,0.147473,5.22775,0.04215,0.012749,7.233333
07/24/2019 07:27:00.000000,0.144664,5.0955,0.042175,9.519512,5.692683
07/24/2019 07:28:00.000000,0.147464,5.04025,0.042175,7.745455,5.227273
07/24/2019 07:29:00.000000,0.154607,5.0445,0.042025,0.014304,5.2825
07/24/2019 07:30:00.000000,0.165906,5.0265,0.042075,6.146154,4.889744
07/24/2019 07:31:00.000000,0.156122,5.0225,0.04205,9.514286,5.4
07/24/2019 07:32:00.000000,0.144672,4.99875,0.0419,0.011879,7.2325
07/24/2019 07:33:00.000000,0.146304,5.0825,0.0427,8.331111,5.955556
07/24/2019 07:34:00.000000,0.145142,5.145,0.042975,10.071429,6.028571
07/24/2019 07:35:00.000000,0.145547,5.2325,0.042525,9.622727,6.618182
07/24/2019 07:36:00.000000,0.15056,5.35125,0.042225,0.011194,5.475
07/24/2019 07:37:00.000000,0.150278,5.4645,0.042175,9.339024,6.409756
07/24/2019 07:38:00.000000,0.153521,5.59825,0.041925,8.45,5.843182
07/24/2019 07:39:00.000000,0.152295,5.84225,0.0404,22.148889,7.097778
07/24/2019 07:40:00.000000,0.157217,6.15825,0.03855,0.013516,6.460976
07/24/2019 07:41:00.000000,0.164492,10.2655,0.0375,0.013496,5.871429
07/24/2019 07:42:00.000000,0.164679,18.76375,0.036825,0.008821,5.542857
07/24/2019 07:43:00.000000,0.166269,9.257,0.0371,0.019165,6.5
07/24/2019 07:44:00.000000,0.160299,9.4115,0.03655,20.674419,6.44186
07/24/2019 07:45:00.000000,0.160601,8.6005,0.037775,8.186364,6.063636
07/24/2019 07:46:00.000000,0.154775,8.35025,0.03805,0.028697,6.341463
07/24/2019 07:47:00.000000,0.154844,8.48975,0.036775,29.339535,10.502326
07/24/2019 07:48:00.000000,0.155345,8.78725,0.0351,50.570454,8.609091
07/24/2019 07:49:00.000000,0.157182,9.06625,0.03565,0.046066,6.91
07/24/2019 07:50:00.000000,0.158793,9.22175,0.036575,0.024244,6.870732
07/24/2019 07:51:00.000000,0.15561,9.4095,0.036475,0.010186,6.479545
07/24/2019 07:52:00.000000,0.15582,9.5885,0.036075,0.00735,5.887805
07/24/2019 07:53:00.000000,0.154506,9.72425,0.035925,0.01352,7.252083
07/24/2019 07:54:00.000000,0.156932,9.72675,0.0362,11.987179,8.853846
07/24/2019 07:55:00.000000,0.156172,9.932,0.034925,0.026397,8.153488
07/24/2019 07:56:00.000000,0.155066,9.8965,0.034825,11.455555,7.046667
07/24/2019 07:57:00.000000,0.159715,9.6755,0.03685,12.571429,7.328571
07/24/2019 07:58:00.000000,0.160084,9.51575,0.0379,0.008998,6.306818
07/24/2019 07:59:00.000000,0.157358,9.333,0.037425,19.006977,7.82093
07/24/2019 08:00:00.000000,0.157961,9.121,0.037025,0.010152,5.880488
07/24/2019 08:01:00.000000,0.156765,8.89925,0.036675,0.010566,7.042857
07/24/2019 08:02:00.000000,0.153163,8.7445,0.036625,6.185714,5.928571
07/24/2019 08:03:00.000000,0.154062,8.283,0.037075,7.414286,6.7
07/24/2019 08:04:00.000000,0.156885,7.913,0.03785,6.66,6.477778
07/24/2019 08:05:00.000000,0.153711,7.70275,0.038775,0.020005,7.253659
07/24/2019 08:06:00.000000,0.155366,7.54825,0.03825,0.025185,7.655
07/24/2019 08:07:00.000000,0.16494,7.36825,0.037375,0.021463,7.192308
07/24/2019 08:08:00.000000,0.194571,7.21925,0.037775,0.019612,7.1
07/24/2019 08:09:00.000000,0.250177,7.11825,0.037325,0.017544,9.063636
07/24/2019 08:10:00.000000,0.238197,7.19775,0.035625,6.573171,5.914634
07/24/2019 08:11:00.000000,0.247515,7.52175,0.034275,0.016014,7.027273
07/24/2019 08:12:00.000000,0.26814,7.82875,0.034125,7.727273,6.795455
07/24/2019 08:13:00.000000,0.272397,7.89275,0.035875,10.55,6.7
07/24/2019 08:14:00.000000,0.332376,7.96725,0.03645,6.561538,5.853846
07/24/2019 08:15:00.000000,0.310425,7.94925,0.036925,11.723256,6.990698
07/24/2019 08:16:00.000000,0.231215,7.898,0.037475,6.904878,6.260976
07/24/2019 08:17:00.000000,0.203648,7.848,0.038,0.017212,7.993023
07/24/2019 08:18:00.000000,0.194083,7.69825,0.03775,14.513636,9.393182
07/24/2019 08:19:00.000000,0.189255,7.285,0.037275,0.012173,7.380488
07/24/2019 08:20:00.000000,0.180254,6.9775,0.0373,9.573684,7.421053
07/24/2019 08:21:00.000000,0.177086,6.95125,0.037125,12.98,6.824444
07/24/2019 08:22:00.000000,0.178637,6.945,0.036925,0.026381,9.687805
07/24/2019 08:23:00.000000,0.177183,7.08525,0.037025,0.01238,7.855814
07/24/2019 08:24:00.000000,0.178551,7.2115,0.037,0.012277,8.339024
07/24/2019 08:25:00.000000,0.175673,7.31325,0.036775,16.254762,8.328571
07/24/2019 08:26:00.000000,0.168552,7.35525,0.03675,0.010852,6.834884
07/24/2019 08:27:00.000000,0.166717,7.567,0.0361,12.484615,7.430769
07/24/2019 08:28:00.000000,0.172043,7.672,0.035475,0.026928,6.75
07/24/2019 08:29:00.000000,0.16714,7.755,0.035375,0.018317,6.427907
07/24/2019 08:30:00.000000,0.171615,7.84525,0.034625,0.011663,7.4725
07/24/2019 08:31:00.000000,0.178033,7.92775,0.034575,16.653125,7.990625
07/24/2019 08:32:00.000000,0.188826,8.0875,0.034675,12.713953,7.413953
07/24/2019 08:33:00.000000,0.183578,8.3505,0.033925,0.017561,7.98
07/24/2019 08:34:00.000000,0.179777,8.6175,0.03335,0.014302,7.363636
07/24/2019 08:35:00.000000,0.180863,8.63075,0.034475,6.4875,6.01
07/24/2019 08:36:00.000000,0.174849,8.686,0.0358,6.647826,6.647826
07/24/2019 08:37:00.000000,0.171393,8.6945,0.03545,8.661364,6.8
07/24/2019 08:38:00.000000,0.172727,8.63125,0.035575,0.012828,7.14
07/24/2019 08:39:00.000000,0.165766,8.50775,0.036125,10.239474,6.021053
07/24/2019 08:40:00.000000,0.164374,8.32925,0.0357,0.015457,7.84
07/24/2019 08:41:00.000000,0.167904,8.23675,0.0349,0.020252,9.057143
07/24/2019 08:42:00.000000,0.171994,8.33625,0.034425,0.007847,5.956098
07/24/2019 08:43:00.000000,0.171766,8.521,0.034225,10.009756,7.534146
07/24/2019 08:44:00.000000,0.161573,8.779,0.033575,14.057143,8.757143
07/24/2019 08:45:00.000000,0.159899,9.12825,0.033475,0.017953,6.576744
07/24/2019 08:46:00.000000,0.164649,9.6165,0.033275,10.269231,6.284615
07/24/2019 08:47:00.000000,0.170111,10.077,0.0327,15.025581,7.974419
07/24/2019 08:48:00.000000,0.168972,10.51,0.0325,0.008466,6.328571
07/24/2019 08:49:00.000000,0.168524,,,,
07/24/2019 08:50:00.000000,0.164971,10.70975,0.033325,0.016117,7.753333
07/24/2019 08:51:00.000000,0.161312,10.542,0.0346,11.81,7.105
07/24/2019 08:52:00.000000,0.165416,9.17575,0.034175,0.025892,7.863636
07/24/2019 08:53:00.000000,0.216782,10.2025,0.032575,17.585366,9.707317
07/24/2019 08:54:00.000000,0.272937,8.6235,0.034425,0.035326,8.121951
07/24/2019 08:55:00.000000,0.2362,9.27575,0.034875,0.019365,7.297674
07/24/2019 08:56:00.000000,0.177762,9.3985,0.03415,17.239535,6.94186
07/24/2019 08:57:00.000000,0.164252,9.484,0.0331,0.019608,8.534884
07/24/2019 08:58:00.000000,0.162388,9.55725,0.032325,0.02348,6.75122
07/24/2019 08:59:00.000000,0.165092,9.61675,0.03235,10.763415,7.253659
07/24/2019 09:00:00.000000,0.167549,9.68275,0.03275,0.014665,7.313333
07/24/2019 09:01:00.000000,0.169435,9.71825,0.033,16.05122,7.214634
07/24/2019 09:02:00.000000,0.164059,9.6665,0.033925,0.019042,8.324324
07/24/2019 09:03:00.000000,0.164771,9.50575,0.035,0.015283,7.385714
07/24/2019 09:04:00.000000,0.165223,9.4115,0.03515,6.7,5.914286
07/24/2019 09:05:00.000000,0.188877,9.1765,0.0358,0.022914,7.74878
07/24/2019 09:06:00.000000,0.192284,8.954,0.035225,15.346512,7.681395
07/24/2019 09:07:00.000000,0.167107,8.74525,0.0348,24.567442,7.348837
07/24/2019 09:08:00.000000,0.161742,8.56325,0.03505,12.742857,7.214286
07/24/2019 09:09:00.000000,0.161178,,,,
07/24/2019 09:10:00.000000,0.165495,8.608,0.03355,0.012955,6.995
07/24/2019 09:11:00.000000,0.167587,12.046,0.032625,12.990244,7.909756
07/24/2019 09:12:00.000000,0.176703,15.276,0.0297,17.646667,9.573333
07/24/2019 09:13:00.000000,0.181371,19.08525,0.0268,0.024172,7.675
07/24/2019 09:14:00.000000,0.186261,12.27125,0.028775,0.02239,7.385
07/24/2019 09:15:00.000000,0.184533,11.71375,0.03175,32.046154,7.823077
07/24/2019 09:16:00.000000,0.175718,11.51225,0.032625,0.015664,7.557143
07/24/2019 09:17:00.000000,0.168765,11.224,0.0334,13.090244,7.74878
07/24/2019 09:18:00.000000,0.164673,10.8635,0.034025,21.531707,7.360976
07/24/2019 09:19:00.000000,0.161608,10.437,0.034875,19.015385,8.202564
07/24/2019 09:20:00.000000,0.166004,10.03025,0.035425,14.677273,9.090909
07/24/2019 09:21:00.000000,0.173032,9.6625,0.0344,13.847619,8.514286
07/24/2019 09:22:00.000000,0.164448,9.39825,0.03355,11.82093,7.195349
07/24/2019 09:23:00.000000,0.159139,9.25325,0.032775,0.01408,6.581395
07/24/2019 09:24:00.000000,0.155169,9.33875,0.032225,0.017577,7.881818
07/24/2019 09:25:00.000000,0.150874,9.477,0.0328,0.008506,6.36087
07/24/2019 09:26:00.000000,0.147149,9.63825,0.0331,0.015119,7.205
07/24/2019 09:27:00.000000,0.140406,9.74625,0.033625,0.017382,6.736585
07/24/2019 09:28:00.000000,0.143915,9.7735,0.0339,0.011529,6.266667
07/24/2019 09:29:00.000000,0.137715,,,,
07/24/2019 09:30:00.000000,0.136245,9.21725,0.03665,0.015787,7.03
07/24/2019 09:31:00.000000,0.140615,8.732,0.037175,0.014049,6.3
07/24/2019 09:32:00.000000,0.164796,8.23975,0.036675,17.331818,6.013636
07/24/2019 09:33:00.000000,0.167865,7.74825,0.037275,0.017947,6.0
07/24/2019 09:34:00.000000,0.147894,7.42375,0.03725,8.395122,5.487805
07/24/2019 09:35:00.000000,0.248604,7.179,0.037925,13.165116,6.518605
07/24/2019 09:36:00.000000,0.75367,6.85325,0.0389,10.087805,5.334146
07/24/2019 09:37:00.000000,0.84326,6.6925,0.03855,0.007529,5.612195
07/24/2019 09:38:00.000000,0.395094,6.60925,0.038775,9.168182,6.65
07/24/2019 09:39:00.000000,0.177138,6.55,0.038475,8.742857,6.285714
07/24/2019 09:40:00.000000,0.150282,6.42875,0.0381,0.009709,6.2
07/24/2019 09:41:00.000000,0.145011,6.3925,0.037275,8.657143,5.857143
07/24/2019 09:42:00.000000,0.165906,6.25825,0.03705,0.015499,6.653659
07/24/2019 09:43:00.000000,0.171995,6.3165,0.036975,0.013093,6.302439
07/24/2019 09:44:00.000000,0.151448,6.5275,0.036775,0.013628,7.112195
07/24/2019 09:45:00.000000,0.144678,6.76725,0.035575,0.010758,7.131579
07/24/2019 09:46:00.000000,0.151193,7.1075,0.0345,9.957143,6.671429
07/24/2019 09:47:00.000000,0.157241,7.588,0.03455,16.971429,9.342857
07/24/2019 09:48:00.000000,0.158671,8.10225,0.033975,0.022905,8.61
07/24/2019 09:49:00.000000,0.155922,,,,
07/24/2019 09:50:00.000000,0.153471,9.08675,0.03285,10.104651,7.344186
07/24/2019 09:51:00.000000,0.153262,9.63725,0.03205,9.8625,7.4875
07/24/2019 09:52:00.000000,0.160766,10.21375,0.031425,9.8,7.327907
07/24/2019 09:53:00.000000,0.160205,10.7455,0.031225,11.383333,8.55
07/24/2019 09:54:00.000000,0.153728,11.18625,0.030825,0.014893,8.025581
07/24/2019 09:55:00.000000,0.149381,11.53025,0.030625,13.329268,7.046341
07/24/2019 09:56:00.000000,0.14795,11.832,0.02985,0.019377,7.502326
07/24/2019 09:57:00.000000,0.145852,12.20375,0.029025,13.861364,7.772727
07/24/2019 09:58:00.000000,0.145457,12.645,0.02865,0.039978,9.865116
07/24/2019 09:59:00.000000,0.142667,12.933,0.029175,14.256098,8.407317
07/24/2019 10:00:00.000000,0.140772,13.08375,0.02995,0.015325,8.525
07/24/2019 10:01:00.000000,0.141576,13.11325,0.030925,0.012825,7.458537
07/24/2019 10:02:00.000000,0.040696,13.13925,0.0315,10.702703,7.467568
07/24/2019 10:03:00.000000,0.01926,13.16975,0.0309,10.885,7.415
07/24/2019 10:04:00.000000,0.003833,13.03475,0.031775,12.656098,6.119512
07/24/2019 10:05:00.000000,0.001933,12.797,0.032125,0.018976,9.095455
07/24/2019 10:06:00.000000,0.000781,12.523,0.0314,0.022534,6.697561
07/24/2019 10:07:00.000000,0.001011,12.35575,0.030225,9.280488,6.541463
07/24/2019 10:08:00.000000,0.001417,12.563,0.02905,0.024694,7.843902
07/24/2019 10:09:00.000000,-9999.0,,,,
07/24/2019 10:10:00.000000,3.3e-05,12.755,0.0308,0.00793,5.746341
07/24/2019 10:11:00.000000,0.003966,12.6725,0.0317,6.025532,5.940426
07/24/2019 10:12:00.000000,0.030269,12.7425,0.0315,0.007868,6.259091
07/24/2019 10:13:00.000000,0.109612,12.7165,0.03215,0.007786,6.3
07/24/2019 10:14:00.000000,0.138577,12.6545,0.0325,0.016939,8.34878
07/24/2019 10:15:00.000000,0.140401,12.491,0.0317,12.162791,8.269767
07/24/2019 10:16:00.000000,0.15516,11.97525,0.032475,0.026669,8.285
07/24/2019 10:17:00.000000,0.156122,11.7015,0.032167,0.015098,7.408108
07/24/2019 10:18:00.000000,0.154645,11.708,0.0305,0.022092,9.437209
07/24/2019 10:19:00.000000,0.191877,11.85075,0.029075,20.261905,9.457143
07/24/2019 10:20:00.000000,0.189709,11.8985,0.029325,0.014666,8.553846
07/24/2019 10:21:00.000000,0.162563,11.9995,0.0295,0.012908,6.8
07/24/2019 10:22:00.000000,0.149059,11.9325,0.03072,5.531579,5.428947
07/24/2019 10:23:00.000000,0.153393,11.76425,0.032767,0.011869,5.997561
07/24/2019 10:24:00.000000,0.150213,11.53,0.03395,16.783333,8.071429
07/24/2019 10:25:00.000000,0.14391,11.277,0.0341,0.00793,5.85
07/24/2019 10:26:00.000000,0.145962,10.9,0.033725,0.02092,5.742857
07/24/2019 10:27:00.000000,0.147005,10.5605,0.033225,18.177143,12.0
07/24/2019 10:28:00.000000,0.151552,10.154,0.033,0.021629,8.857692
07/24/2019 10:29:00.000000,0.151846,9.926333,0.033233,14.040476,6.985714
07/24/2019 10:30:00.000000,0.155029,9.6595,0.034575,11.55122,5.787805
07/24/2019 10:31:00.000000,0.157105,9.37425,0.035325,0.017217,5.514286
07/24/2019 10:32:00.000000,0.154963,9.30225,0.035275,13.942857,7.557143
07/24/2019 10:33:00.000000,0.152546,9.19025,0.034825,14.23913,6.119565
07/24/2019 10:34:00.000000,0.151011,8.939,0.0354,15.563889,8.522222
07/24/2019 10:35:00.000000,0.151149,8.6495,0.035325,0.010768,7.234146
07/24/2019 10:36:00.000000,0.154179,8.5575,0.03405,11.957143,8.166667
07/24/2019 10:37:00.000000,0.15919,8.5045,0.032775,9.702439,7.082927
07/24/2019 10:38:00.000000,0.157818,8.5865,0.03275,6.030233,5.727907
07/24/2019 10:39:00.000000,0.160231,8.72225,0.0332,0.007241,5.755
07/24/2019 10:40:00.000000,0.167598,8.715,0.033825,0.006829,5.473684
07/24/2019 10:41:00.000000,0.158972,8.67725,0.034075,8.9125,6.335
07/24/2019 10:42:00.000000,0.158606,8.98425,0.0338,0.015787,6.757143
07/24/2019 10:43:00.000000,0.171618,9.176,0.032825,19.158537,5.690244
07/24/2019 10:44:00.000000,0.169987,9.0725,0.034425,11.309302,6.532558
07/24/2019 10:45:00.000000,0.160237,9.07525,0.03455,13.555,6.87
07/24/2019 10:46:00.000000,0.16859,9.1105,0.033575,0.021485,6.224444
07/24/2019 10:47:00.000000,0.179024,9.01025,0.0341,12.15,6.011905
07/24/2019 10:48:00.000000,0.170531,8.9595,0.035225,10.446667,6.346667
07/24/2019 10:49:00.000000,0.157563,8.932,0.034775,,
07/24/2019 10:50:00.000000,0.153712,8.746,0.034625,0.010275,5.831707
07/24/2019 10:51:00.000000,0.161353,8.615,0.0347,0.030197,7.35
07/24/2019 10:52:00.000000,0.161685,11.88775,0.033225,0.017155,6.931707
07/24/2019 10:53:00.000000,0.181409,12.201,0.031525,12.385366,5.970732
07/24/2019 10:54:00.000000,0.196201,12.534,0.030175,13.269048,7.47381
07/24/2019 10:55:00.000000,0.195571,11.49275,0.03165,18.069048,7.442857
07/24/2019 10:56:00.000000,0.190849,10.84575,0.033425,0.008587,6.172727
07/24/2019 10:57:00.000000,0.186989,10.76425,0.0338,0.007919,6.482857
07/24/2019 10:58:00.000000,0.184012,10.86175,0.033075,19.946341,6.243902
07/24/2019 10:59:00.000000,0.213798,10.99675,0.031975,0.014329,7.5
07/24/2019 11:00:00.000000,0.218614,11.08575,0.031525,0.016239,8.5
07/24/2019 11:01:00.000000,0.20875,11.30525,0.029575,0.010641,6.823077
07/24/2019 11:02:00.000000,0.216821,11.45225,0.03015,10.809302,7.190698
07/24/2019 11:03:00.000000,0.217378,11.59375,0.03025,10.418182,8.25
07/24/2019 11:04:00.000000,0.242473,11.9795,0.028925,0.00834,6.535714
07/24/2019 11:05:00.000000,0.22237,12.50275,0.0281,12.946154,8.153846
07/24/2019 11:06:00.000000,0.227129,12.683,0.029075,11.74878,7.514634
07/24/2019 11:07:00.000000,0.219317,12.84275,0.0297,17.96,7.34
07/24/2019 11:08:00.000000,0.211575,13.15375,0.029025,16.842857,7.4
07/24/2019 11:09:00.000000,0.240236,13.497,0.027425,13.497561,6.902439
07/24/2019 11:10:00.000000,0.246918,13.77225,0.028475,10.767442,6.655814
07/24/2019 11:11:00.000000,0.219235,13.9285,0.0298,9.12,6.0575
07/24/2019 11:12:00.000000,0.203402,14.00875,0.029275,0.013743,7.381481
07/24/2019 11:13:00.000000,0.204608,14.05075,0.028275,0.0159,6.9225
07/24/2019 11:14:00.000000,0.22265,14.2965,0.02775,29.297674,6.95814
07/24/2019 11:15:00.000000,0.241089,14.46475,0.027575,0.017359,6.613636
07/24/2019 11:16:00.000000,0.231396,14.40225,0.02865,7.536842,6.652632
07/24/2019 11:17:00.000000,0.236054,14.0745,0.029175,0.014647,7.569767
07/24/2019 11:18:00.000000,0.237896,14.01675,0.0289,0.013332,7.952381
07/24/2019 11:19:00.000000,0.240929,14.21175,0.0268,13.6,7.9225
07/24/2019 11:20:00.000000,0.244686,14.465,0.02535,0.010816,6.990909
07/24/2019 11:21:00.000000,0.234837,14.53325,0.024225,0.015253,7.74
07/24/2019 11:22:00.000000,0.229197,14.73275,0.02405,13.688235,9.761765
07/24/2019 11:23:00.000000,0.234366,14.78975,0.025125,0.0106,7.567442
07/24/2019 11:24:00.000000,0.240889,14.9385,0.02565,0.021796,6.167442
07/24/2019 11:25:00.000000,0.24136,15.36825,0.025225,0.016373,6.461538
07/24/2019 11:26:00.000000,0.234894,15.5195,0.02575,0.00832,5.913158
07/24/2019 11:27:00.000000,0.242207,15.2205,0.02715,0.013702,7.433333
07/24/2019 11:28:00.000000,0.224574,14.92475,0.02705,11.077419,8.1
07/24/2019 11:29:00.000000,0.233022,14.772,0.0259,15.32,7.325
07/24/2019 11:30:00.000000,0.264816,14.54,0.02635,22.617143,6.734286
07/24/2019 11:31:00.000000,0.395877,14.43025,0.026425,10.133333,6.397778
07/24/2019 11:32:00.000000,0.375305,14.538,0.025425,0.016372,8.466667
07/24/2019 11:33:00.000000,0.269752,14.43375,0.025325,0.010802,6.677778
07/24/2019 11:34:00.000000,0.225425,14.292,0.02645,0.012618,7.152941
07/24/2019 11:35:00.000000,0.221331,14.40975,0.026375,15.967568,8.183784
07/24/2019 11:36:00.000000,0.218931,14.65975,0.0249,12.904545,8.654545
07/24/2019 11:37:00.000000,0.218381,14.74325,0.023675,0.013048,6.95
07/24/2019 11:38:00.000000,0.237361,14.9495,0.0237,0.023819,6.693548
07/24/2019 11:39:00.000000,0.250363,15.117,0.024525,17.137778,8.7
07/24/2019 11:40:00.000000,0.251963,15.09675,0.024025,0.009232,6.351351
07/24/2019 11:41:00.000000,0.256067,15.133,0.024125,0.015079,9.051515
07/24/2019 11:42:00.000000,0.269249,15.2335,0.02515,14.32439,7.987805
07/24/2019 11:43:00.000000,0.400969,15.4445,0.024125,21.242857,9.042857
07/24/2019 11:44:00.000000,0.400061,15.5555,0.0233,10.991176,8.497059
07/24/2019 11:45:00.000000,0.285998,15.46925,0.0253,25.315152,8.109091
07/24/2019 11:46:00.000000,0.258279,15.325,0.025575,0.020756,6.695122
07/24/2019 11:47:00.000000,0.243466,15.423,0.0248,0.009958,6.621739
07/24/2019 11:48:00.000000,0.233196,15.16975,0.026475,0.017662,10.285366
07/24/2019 11:49:00.000000,0.229545,14.92975,0.026475,0.01883,9.316667
07/24/2019 11:50:00.000000,0.231319,14.95825,0.0251,20.576744,9.613953
07/24/2019 11:51:00.000000,0.234681,14.78925,0.0248,16.511364,8.527273
07/24/2019 11:52:00.000000,0.252891,14.53775,0.0249,0.024813,7.86
07/24/2019 11:53:00.000000,0.474346,14.455,0.025325,15.571053,7.310526
07/24/2019 11:54:00.000000,0.711184,14.4435,0.025475,10.14,6.5025
07/24/2019 11:55:00.000000,0.37406,14.364,0.025325,0.015183,7.844828
07/24/2019 11:56:00.000000,0.247171,14.65125,0.024725,0.01383,7.263636
07/24/2019 11:57:00.000000,0.236213,14.916,0.024167,0.030458,8.422222
07/24/2019 11:58:00.000000,0.260208,15.1835,0.024075,0.021022,7.983333
07/24/2019 11:59:00.000000,0.257598,15.5175,0.023825,0.009435,6.076471
07/24/2019 12:00:00.000000,0.284213,15.823,0.023475,0.013246,7.357143
07/24/2019 12:01:00.000000,0.366836,16.2135,0.02246,14.12093,6.711628
07/24/2019 12:02:00.000000,0.320381,16.46975,0.02225,10.733333,7.683333
07/24/2019 12:03:00.000000,0.332955,16.62475,0.021875,0.008124,6.528571
07/24/2019 12:04:00.000000,0.310613,16.9895,0.0209,0.018451,9.322727
07/24/2019 12:05:00.000000,0.27689,17.458,0.020075,18.326316,7.357895
07/24/2019 12:06:00.000000,0.287545,17.8885,0.019,0.022999,8.253846
07/24/2019 12:07:00.000000,0.285565,18.165,0.0195,0.020397,7.619048
07/24/2019 12:08:00.000000,0.286551,18.519,0.01975,0.018133,8.790698
07/24/2019 12:09:00.000000,0.372062,18.819,0.019725,11.857143,7.971429
07/24/2019 12:10:00.000000,0.398639,19.1255,0.01935,11.571429,8.742857
07/24/2019 12:11:00.000000,0.325524,19.40425,0.01885,10.721951,8.558537
07/24/2019 12:12:00.000000,0.323627,19.3225,0.019375,0.017201,7.893333
07/24/2019 12:13:00.000000,0.333645,19.21175,0.01945,13.004545,7.8
07/24/2019 12:14:00.000000,0.367279,21.23525,0.01715,0.02554,7.8875
07/24/2019 12:15:00.000000,0.388212,23.20475,0.0162,0.025305,9.35122
07/24/2019 12:16:00.000000,0.365192,20.8635,0.01725,35.097561,9.84878
07/24/2019 12:17:00.000000,0.32136,18.33325,0.019725,0.032476,9.211628
07/24/2019 12:18:00.000000,0.302711,17.92975,0.0226,16.94878,9.265854
07/24/2019 12:19:00.000000,0.292772,17.58075,0.0246,18.74878,8.446341
07/24/2019 12:20:00.000000,0.278777,17.1715,0.025375,15.614634,8.897561
07/24/2019 12:21:00.000000,0.26572,16.91875,0.024825,22.333333,7.916667
07/24/2019 12:22:00.000000,0.259864,16.81,0.02328,0.034146,8.769444
07/24/2019 12:23:00.000000,0.273731,17.013,0.020633,22.1875,8.8
07/24/2019 12:24:00.000000,0.297402,17.18275,0.0189,0.022375,7.8
07/24/2019 12:25:00.000000,0.298074,17.31625,0.01855,0.03516,6.415385
07/24/2019 12:26:00.000000,0.312476,17.635,0.019575,21.7875,8.24
07/24/2019 12:27:00.000000,0.324013,18.211,0.0197,16.547727,7.759091
07/24/2019 12:28:00.000000,0.347497,18.752,0.019825,15.466667,7.933333
07/24/2019 12:29:00.000000,0.339004,19.1025,0.0204,17.37907,9.506977
07/24/2019 12:30:00.000000,0.333737,19.42225,0.01995,0.019301,8.753659
07/24/2019 12:31:00.000000,0.322576,21.03725,0.018675,0.042065,8.5
07/24/2019 12:32:00.000000,0.338806,19.704,0.01865,0.034217,7.560976
07/24/2019 12:33:00.000000,0.337187,16.714,0.021475,27.238462,7.907692
07/24/2019 12:34:00.000000,0.313376,18.60875,0.022225,16.744186,7.913953
07/24/2019 12:35:00.000000,0.359568,15.4595,0.023475,30.945238,10.042857
07/24/2019 12:36:00.000000,0.307424,14.786,0.025,0.018579,7.134884
07/24/2019 12:37:00.000000,0.25341,14.818,0.0247,11.75814,6.24186
07/24/2019 12:38:00.000000,0.264994,20.8405,0.023375,0.038782,8.795349
07/24/2019 12:39:00.000000,0.343674,17.497,0.022175,0.031616,6.676923
07/24/2019 12:40:00.000000,0.322379,18.339,0.0225,0.05335,5.779545
07/24/2019 12:41:00.000000,0.298276,15.39275,0.023375,0.027284,6.990698
07/24/2019 12:42:00.000000,0.361588,13.39075,0.02625,0.031287,7.370732
07/24/2019 12:43:00.000000,0.282226,15.729,0.02598,0.023964,5.771429
07/24/2019 12:44:00.000000,0.284827,16.43125,0.023367,16.330769,7.7
07/24/2019 12:45:00.000000,0.338485,16.11225,0.022075,0.02484,7.411628
07/24/2019 12:46:00.000000,0.319448,20.107,0.02105,0.040602,10.769231
07/24/2019 12:47:00.000000,0.274995,19.221,0.0209,0.024274,8.618182
07/24/2019 12:48:00.000000,0.260064,19.737,0.02185,0.040525,9.87
07/24/2019 12:49:00.000000,0.264844,21.99,0.020975,0.030759,9.265
07/24/2019 12:50:00.000000,0.290697,20.05725,0.02095,18.912195,9.185366
07/24/2019 12:51:00.000000,0.326079,20.3755,0.022375,41.5,8.776923
07/24/2019 12:52:00.000000,0.305362,20.80925,0.021475,0.041486,10.374419
07/24/2019 12:53:00.000000,0.345673,21.07575,0.020825,19.514286,7.614286
07/24/2019 12:54:00.000000,0.327432,20.65075,0.022825,24.942105,6.784211
07/24/2019 12:55:00.000000,0.283965,20.10625,0.02512,33.084211,7.963158
07/24/2019 12:56:00.000000,0.258097,19.405,0.025033,26.366667,6.630769
07/24/2019 12:57:00.000000,0.267278,20.18475,0.0248,0.016087,6.314634
07/24/2019 12:58:00.000000,0.324074,17.35975,0.025625,0.017598,8.185714
07/24/2019 12:59:00.000000,0.343928,16.8185,0.026675,0.023064,6.8
07/24/2019 13:00:00.000000,0.319875,17.14175,0.02545,27.154545,7.857576
07/24/2019 13:01:00.000000,0.338734,15.41575,0.026025,0.024545,6.185714
07/24/2019 13:02:00.000000,0.431234,17.75425,0.0247,0.012583,6.068421
07/24/2019 13:03:00.000000,0.361672,17.617,0.023475,19.805,9.73
07/24/2019 13:04:00.000000,0.302461,19.33925,0.024625,23.934146,7.597561
07/24/2019 13:05:00.000000,0.328181,17.1185,0.0244,0.021497,6.915385
07/24/2019 13:06:00.000000,0.337197,14.50325,0.02695,12.339474,6.394737
07/24/2019 13:07:00.000000,0.301407,14.56975,0.02855,23.19,6.63
07/24/2019 13:08:00.000000,0.266416,15.0785,0.02745,12.761538,7.038462
07/24/2019 13:09:00.000000,0.265878,19.04125,0.02485,0.022878,6.846154
07/24/2019 13:10:00.000000,0.26528,23.00125,0.022475,9.46,5.471429
07/24/2019 13:11:00.000000,0.270057,20.521,0.02384,0.033664,8.316216
07/24/2019 13:12:00.000000,0.345331,21.301,0.0238,0.018302,7.453488
07/24/2019 13:13:00.000000,0.38524,20.7905,0.023,0.018509,7.64
07/24/2019 13:14:00.000000,0.341452,20.5195,0.024175,27.33,6.51
07/24/2019 13:15:00.000000,0.302026,20.29225,0.0251,0.02903,6.644186
07/24/2019 13:16:00.000000,0.340291,19.655,0.026775,0.01038,5.684615
07/24/2019 13:17:00.000000,0.335688,19.175,0.02805,18.461538,6.6
07/24/2019 13:18:00.000000,0.319557,18.811667,0.0261,0.025598,8.245
07/24/2019 13:19:00.000000,0.314958,18.44675,0.025825,30.859091,6.397727
07/24/2019 13:20:00.000000,0.287227,18.20325,0.024825,0.026529,6.826087
07/24/2019 13:21:00.000000,0.28123,18.488,0.023175,33.671429,9.228571
07/24/2019 13:22:00.000000,0.297651,19.29,0.022325,0.020594,7.506977
07/24/2019 13:23:00.000000,0.318653,21.00025,0.023975,28.919512,9.660976
07/24/2019 13:24:00.000000,0.304575,16.184,0.026275,18.659091,7.940909
07/24/2019 13:25:00.000000,0.253262,15.90725,0.026225,0.019354,7.5125
07/24/2019 13:26:00.000000,0.242609,15.464,0.026275,15.992308,6.315385
07/24/2019 13:27:00.000000,0.376105,15.686,0.02595,0.042408,9.036364
07/24/2019 13:28:00.000000,0.400631,15.85575,0.025125,0.034489,7.506667
07/24/2019 13:29:00.000000,0.28806,16.25875,0.02305,0.044414,7.545455
07/24/2019 13:30:00.000000,0.299532,16.673,0.023125,0.03542,9.234884
07/24/2019 13:31:00.000000,0.301453,17.109,0.022875,20.771795,7.215385
07/24/2019 13:32:00.000000,0.29688,17.5895,0.022625,0.030788,8.348837
07/24/2019 13:33:00.000000,0.278335,18.08775,0.02305,0.037384,10.142857
07/24/2019 13:34:00.000000,0.304564,18.52475,0.02265,0.053347,7.895455
07/24/2019 13:35:00.000000,0.351325,19.49875,0.021375,46.453659,7.5
07/24/2019 13:36:00.000000,0.327014,23.109,0.019025,0.044166,6.431111
07/24/2019 13:37:00.000000,0.354398,20.45525,0.0201,0.040713,7.807692
07/24/2019 13:38:00.000000,0.357469,20.11625,0.021775,0.037777,5.614286
07/24/2019 13:39:00.000000,0.323775,20.9925,0.0218,0.035771,8.283333
07/24/2019 13:40:00.000000,0.314819,20.68425,0.0237,0.027004,9.573684
07/24/2019 13:41:00.000000,0.30258,20.24325,0.0251,17.502439,10.468293
07/24/2019 13:42:00.000000,0.282152,20.84375,0.024025,0.039767,9.687805
07/24/2019 13:43:00.000000,0.320399,19.62525,0.023725,27.42381,8.128571
07/24/2019 13:44:00.000000,0.422832,20.2315,0.02375,0.035797,6.614286
07/24/2019 13:45:00.000000,0.569422,19.20075,0.0228,25.028205,8.405128
07/24/2019 13:46:00.000000,0.443295,21.6935,0.021125,0.052256,10.23
07/24/2019 13:47:00.000000,0.408969,20.00225,0.0213,31.775,8.29
07/24/2019 13:48:00.000000,0.317928,20.80825,0.0215,24.917949,6.8
07/24/2019 13:49:00.000000,0.300122,18.90625,0.022275,16.687805,7.453659
07/24/2019 13:50:00.000000,0.300589,18.81925,0.0232,18.768421,9.452632
07/24/2019 13:51:00.000000,0.294064,19.65575,0.02255,0.052635,7.49
07/24/2019 13:52:00.000000,0.425221,24.49175,0.0204,0.040443,6.485714
07/24/2019 13:53:00.000000,0.450224,21.20125,0.020925,0.032506,6.997561
07/24/2019 13:54:00.000000,0.337677,18.36725,0.023525,19.872727,9.034091
07/24/2019 13:55:00.000000,0.285875,18.89625,0.023725,0.037513,7.94878
07/24/2019 13:56:00.000000,0.344798,19.62625,0.02345,30.55,9.315
07/24/2019 13:57:00.000000,0.353418,20.019,0.022525,22.6875,8.325
07/24/2019 13:58:00.000000,0.422959,22.317,0.0204,21.42381,5.7
07/24/2019 13:59:00.000000,0.438647,22.5955,0.020375,23.619512,8.202439
07/24/2019 14:00:00.000000,0.352089,22.18575,0.021425,27.183721,7.667442
07/24/2019 14:01:00.000000,0.307418,24.8095,0.0214,20.56,8.18
07/24/2019 14:02:00.000000,0.318648,22.85375,0.01925,47.954054,7.797297
07/24/2019 14:03:00.000000,0.362227,21.73625,0.019925,35.318919,6.808108
07/24/2019 14:04:00.000000,0.341734,22.149,0.020475,0.050242,8.092857
07/24/2019 14:05:00.000000,0.362797,22.00925,0.02105,27.714634,8.168293
07/24/2019 14:06:00.000000,0.346828,22.46475,0.021475,23.8,6.933333
07/24/2019 14:07:00.000000,0.321728,20.4895,0.021575,0.026246,7.969231
07/24/2019 14:08:00.000000,0.312733,19.462,0.02295,0.047045,7.165909
07/24/2019 14:09:00.000000,0.308025,19.71625,0.023725,0.035993,6.305
07/24/2019 14:10:00.000000,0.300003,19.94825,0.022475,23.6625,8.7375
07/24/2019 14:11:00.000000,0.357986,20.19525,0.02155,0.036926,8.516667
07/24/2019 14:12:00.000000,0.61723,20.70125,0.021725,24.846154,8.484615
07/24/2019 14:13:00.000000,0.515429,21.13375,0.0226,20.329268,8.243902
07/24/2019 14:14:00.000000,0.386806,21.54325,0.0231,0.054947,11.2
07/24/2019 14:15:00.000000,0.341375,22.24675,0.02195,0.04481,7.3625
07/24/2019 14:16:00.000000,0.349795,22.83125,0.021575,0.029608,7.161538
07/24/2019 14:17:00.000000,0.355752,23.35975,0.02115,29.407317,8.829268
07/24/2019 14:18:00.000000,0.399057,23.7405,0.02105,0.067133,9.766667
07/24/2019 14:19:00.000000,0.50614,23.93575,0.021925,0.047162,6.570732
07/24/2019 14:20:00.000000,0.548762,23.905,0.02125,33.916667,6.942857
07/24/2019 14:21:00.000000,0.552819,23.8495,0.0214,0.043367,7.185
07/24/2019 14:22:00.000000,0.600919,23.69225,0.022725,0.032083,7.2
07/24/2019 14:23:00.000000,0.628664,24.76875,0.021275,24.033333,6.946667
07/24/2019 14:24:00.000000,0.781877,29.94,0.01925,0.032054,8.385
07/24/2019 14:25:00.000000,0.744748,28.33925,0.018825,27.243243,9.872973
07/24/2019 14:26:00.000000,0.606296,24.99025,0.01985,25.355,6.9
07/24/2019 14:27:00.000000,0.541614,22.66975,0.02205,25.416279,6.1
07/24/2019 14:28:00.000000,0.435847,22.76225,0.02205,0.025214,6.1
07/24/2019 14:29:00.000000,0.497115,22.87425,0.02125,0.040586,7.636585
07/24/2019 14:30:00.000000,0.666752,23.32825,0.021125,0.04162,6.7
07/24/2019 14:31:00.000000,0.643362,23.358,0.022475,0.041789,6.582927
07/24/2019 14:32:00.000000,0.497007,22.836,0.02325,0.029703,9.502439
07/24/2019 14:33:00.000000,0.492363,29.96225,0.02235,0.017857,6.314286
07/24/2019 14:34:00.000000,0.499282,26.84825,0.02305,28.347368,6.794737
07/24/2019 14:35:00.000000,0.46214,23.93525,0.022025,19.9,8.9
07/24/2019 14:36:00.000000,0.398068,21.18625,0.024225,0.041969,7.190698
07/24/2019 14:37:00.000000,0.366874,19.5635,0.026625,0.026542,7.239024
07/24/2019 14:38:00.000000,0.389847,19.01675,0.0279,14.728571,5.928571
07/24/2019 14:39:00.000000,0.349896,19.14175,0.0262,17.811905,6.128571
07/24/2019 14:40:00.000000,0.376682,19.51625,0.023825,19.625581,5.597674
07/24/2019 14:41:00.000000,0.417482,20.171,0.024025,0.016779,6.4075
07/24/2019 14:42:00.000000,0.387917,19.6185,0.0265,33.219048,7.028571
07/24/2019 14:43:00.000000,0.347017,22.55075,0.02555,36.438462,8.084615
07/24/2019 14:44:00.000000,0.359899,17.89825,0.025175,21.134146,5.739024
07/24/2019 14:45:00.000000,0.324239,21.917,0.023,19.256098,7.434146
07/24/2019 14:46:00.000000,0.364163,22.63325,0.024425,0.031948,6.685714
07/24/2019 14:47:00.000000,0.450943,20.5485,0.02615,0.023178,7.353659
07/24/2019 14:48:00.000000,0.434758,21.051,0.026525,33.529545,4.840909
07/24/2019 14:49:00.000000,0.398204,20.5365,0.02645,0.025391,5.807692
07/24/2019 14:50:00.000000,0.716201,20.79475,0.0258,0.026898,5.060976
07/24/2019 14:51:00.000000,0.573372,21.1245,0.0251,0.023357,5.480488
07/24/2019 14:52:00.000000,0.390625,21.40825,0.025125,0.026995,9.213953
07/24/2019 14:53:00.000000,0.357454,21.79625,0.025175,0.068901,5.511364
07/24/2019 14:54:00.000000,0.397384,22.2855,0.0239,37.38,7.165
07/24/2019 14:55:00.000000,0.470712,22.87075,0.0232,22.131818,5.181818
07/24/2019 14:56:00.000000,0.442198,23.389,0.0236,37.004878,6.507317
07/24/2019 14:57:00.000000,0.397664,23.7695,0.02375,26.72093,6.283721
07/24/2019 14:58:00.000000,0.398326,25.86175,0.0224,0.050316,7.305
07/24/2019 14:59:00.000000,0.448846,29.43175,0.01965,0.024966,8.091111
07/24/2019 15:00:00.000000,0.570667,26.53225,0.0202,23.12093,6.023256
07/24/2019 15:01:00.000000,0.581073,24.26275,0.02245,0.035815,7.921951
07/24/2019 15:02:00.000000,0.464125,23.43025,0.024575,26.353659,4.887805
07/24/2019 15:03:00.000000,0.428409,22.00575,0.026275,21.404878,6.141463
07/24/2019 15:04:00.000000,0.388734,22.15525,0.02585,0.033345,8.136364
07/24/2019 15:05:00.000000,0.398102,25.33025,0.024075,19.604545,5.822727
07/24/2019 15:06:00.000000,0.457139,22.48025,0.024375,0.025977,9.586047
07/24/2019 15:07:00.000000,0.409978,26.07925,0.024775,34.009302,6.097674
07/24/2019 15:08:00.000000,0.429007,29.0895,0.022825,30.114286,5.65
07/24/2019 15:09:00.000000,0.529879,28.5975,0.0222,0.029214,7.053846
07/24/2019 15:10:00.000000,0.472829,27.9595,0.023125,0.036145,6.271429
07/24/2019 15:11:00.000000,0.419366,27.75175,0.023425,16.074419,6.444186
07/24/2019 15:12:00.000000,0.42106,27.2365,0.026,13.285714,5.557143
07/24/2019 15:13:00.000000,0.41417,22.933,0.030225,17.284615,4.807692
07/24/2019 15:14:00.000000,0.45252,19.3035,0.0312,0.024304,5.38
07/24/2019 15:15:00.000000,0.374416,18.95825,0.032125,31.765,5.5825
07/24/2019 15:16:00.000000,0.330934,17.952,0.0329,0.018751,5.433333
07/24/2019 15:17:00.000000,0.304167,17.5285,0.0336,13.968571,5.011429
07/24/2019 15:18:00.000000,0.303149,17.6095,0.0333,17.011429,6.36
07/24/2019 15:19:00.000000,0.316663,17.823,0.03165,13.7,4.19
07/24/2019 15:20:00.000000,0.625784,21.37375,0.029825,0.063778,4.960976
07/24/2019 15:21:00.000000,0.808569,24.179,0.02855,0.024198,5.697561
07/24/2019 15:22:00.000000,0.90391,21.243,0.028625,17.458536,6.878049
07/24/2019 15:23:00.000000,0.935513,19.24625,0.031175,0.030978,5.153846
07/24/2019 15:24:00.000000,0.450589,17.52725,0.032975,30.971429,3.932143
07/24/2019 15:25:00.000000,0.355963,15.54325,0.034525,0.033766,8.148276
07/24/2019 15:26:00.000000,0.332185,19.04125,0.033425,30.696296,5.025926
07/24/2019 15:27:00.000000,0.34272,19.66,0.03275,29.348485,4.609091
07/24/2019 15:28:00.000000,0.330708,19.399,0.033225,14.9,4.942857
07/24/2019 15:29:00.000000,0.336917,,,,
07/24/2019 15:30:00.000000,0.341953,19.33275,0.033075,0.034293,4.881818
07/24/2019 15:31:00.000000,0.338313,19.3295,0.03305,0.01592,6.225714
07/24/2019 15:32:00.000000,0.334899,19.25775,0.03295,0.045985,5.715385
07/24/2019 15:33:00.000000,0.309724,19.0405,0.034425,23.123077,5.515385
07/24/2019 15:34:00.000000,0.305464,21.7385,0.0324,0.020166,6.6
07/24/2019 15:35:00.000000,0.318779,17.504,0.03545,0.02879,5.185
07/24/2019 15:36:00.000000,0.309114,17.694,0.037175,13.204651,4.230233
07/24/2019 15:37:00.000000,0.349029,16.74925,0.0369,11.6,6.31
07/24/2019 15:38:00.000000,0.322746,16.45275,0.038175,16.116129,6.86129
07/24/2019 15:39:00.000000,0.281042,16.63525,0.037433,15.745455,3.7
07/24/2019 15:40:00.000000,0.310474,16.7705,0.036525,25.358537,4.62439
07/24/2019 15:41:00.000000,0.320423,21.36725,0.035025,16.681818,4.715909
07/24/2019 15:42:00.000000,0.297972,19.98425,0.032775,0.019834,3.757143
07/24/2019 15:43:00.000000,0.319955,23.67075,0.030725,22.935294,5.670588
07/24/2019 15:44:00.000000,0.346763,19.78825,0.032125,33.883333,6.142857
07/24/2019 15:45:00.000000,0.370031,18.06475,0.03765,0.02767,6.626829
07/24/2019 15:46:00.000000,0.412242,16.8215,0.039825,21.9625,5.935
07/24/2019 15:47:00.000000,0.391454,15.12225,0.039225,0.033137,7.085714
07/24/2019 15:48:00.000000,0.274465,20.12325,0.036125,0.02177,5.328571
07/24/2019 15:49:00.000000,0.316032,,,,
07/24/2019 15:50:00.000000,0.341956,16.85425,0.0385,0.018588,3.884615
07/24/2019 15:51:00.000000,0.374145,20.0995,0.03655,0.041311,4.975
07/24/2019 15:52:00.000000,0.332021,19.68175,0.036725,0.050642,6.723077
07/24/2019 15:53:00.000000,0.386819,18.01075,0.038525,0.026104,5.576744
07/24/2019 15:54:00.000000,0.342141,17.6775,0.041775,0.024875,3.776923
07/24/2019 15:55:00.000000,0.285614,17.32725,0.043975,19.806977,3.906977
07/24/2019 15:56:00.000000,0.260099,16.927,0.0446,0.045911,6.805
07/24/2019 15:57:00.000000,0.25266,16.58625,0.044325,0.008463,4.352632
07/24/2019 15:58:00.000000,0.258776,16.28875,0.043775,0.013859,4.909756
07/24/2019 15:59:00.000000,0.270325,16.2125,0.043025,0.018214,5.704545
07/24/2019 16:00:00.000000,0.276317,16.05625,0.044525,0.030453,4.072727
07/24/2019 16:01:00.000000,0.279139,16.125,0.0449,48.183721,8.016279
07/24/2019 16:02:00.000000,0.090168,23.46025,0.042475,31.090909,6.109091
07/24/2019 16:03:00.000000,0.038743,19.5115,0.042175,16.95,7.131579
07/24/2019 16:04:00.000000,0.005065,18.28275,0.044075,0.025712,5.506977
07/24/2019 16:05:00.000000,0.002537,17.82325,0.045025,27.439535,5.802326
07/24/2019 16:06:00.000000,-9999.0,17.82175,0.045825,0.019869,4.839474
07/24/2019 16:07:00.000000,0.004745,18.1435,0.04425,0.026056,7.857143
07/24/2019 16:08:00.000000,0.002153,18.41325,0.043575,0.027753,5.228571
07/24/2019 16:09:00.000000,0.00067,18.5495,0.044475,0.040168,7.08
07/24/2019 16:10:00.000000,0.001098,18.855,0.0434,0.066255,6.377273
07/24/2019 16:11:00.000000,0.000571,18.6655,0.0449,23.55,5.18
07/24/2019 16:12:00.000000,0.058507,18.597,0.046825,20.370732,6.668293
07/24/2019 16:13:00.000000,0.259016,18.4895,0.046425,25.438462,4.107692
07/24/2019 16:14:00.000000,0.435932,26.1065,0.0419,0.031211,6.065
07/24/2019 16:15:00.000000,0.377203,18.735,0.042475,0.0292,6.842857
07/24/2019 16:16:00.000000,0.309405,18.423,0.0459,0.031271,4.35
07/24/2019 16:17:00.000000,0.329348,18.59725,0.046,32.675,4.92
07/24/2019 16:18:00.000000,0.340227,21.693667,0.0437,0.033573,7.671429
07/24/2019 16:19:00.000000,0.305237,20.4745,0.04215,29.9125,6.655
07/24/2019 16:20:00.000000,0.293728,17.123,0.0471,7.640909,4.327273
07/24/2019 16:21:00.000000,0.276427,15.85725,0.0492,0.038175,7.841463
07/24/2019 16:22:00.000000,0.258595,16.10125,0.0491,23.021951,5.341463
07/24/2019 16:23:00.000000,0.260136,16.127,0.048575,0.026325,5.742857
07/24/2019 16:24:00.000000,0.263638,16.172,0.0495,35.665116,5.555814
07/24/2019 16:25:00.000000,0.252058,15.99575,0.050725,24.525,5.755
07/24/2019 16:26:00.000000,0.247849,15.815,0.05165,0.086287,14.305263
07/24/2019 16:27:00.000000,0.246274,16.24575,0.052275,46.423077,7.269231
07/24/2019 16:28:00.000000,0.245333,20.002,0.05085,0.120504,5.780488
07/24/2019 16:29:00.000000,0.254605,16.396,0.0504,,
07/24/2019 16:30:00.000000,0.26823,17.069,0.0497,0.037038,5.165116
07/24/2019 16:31:00.000000,0.280765,16.13,0.049925,0.044019,4.927907
07/24/2019 16:32:00.000000,0.28131,15.866,0.052225,0.037041,7.985714
07/24/2019 16:33:00.000000,0.252342,15.6665,0.0521,0.052371,6.357143
07/24/2019 16:34:00.000000,0.238107,15.46725,0.0516,0.032988,6.853659
07/24/2019 16:35:00.000000,0.233101,15.13525,0.052875,22.704878,5.54878
07/24/2019 16:36:00.000000,0.236205,15.01975,0.052075,59.95,5.13
07/24/2019 16:37:00.000000,0.24775,14.9385,0.051425,42.735897,7.971795
07/24/2019 16:38:00.000000,0.273281,14.886,0.051925,23.218605,8.255814
07/24/2019 16:39:00.000000,0.323461,16.9515,0.05085,0.023196,3.639535
07/24/2019 16:40:00.000000,0.351195,12.30575,0.0541,0.042743,3.753659
07/24/2019 16:41:00.000000,0.268349,14.15475,0.053575,24.829268,4.497561
07/24/2019 16:42:00.000000,0.282112,17.15525,0.051975,21.129268,5.026829
07/24/2019 16:43:00.000000,0.327974,15.46825,0.05485,0.032047,6.94186
07/24/2019 16:44:00.000000,0.260563,19.736,0.0514,26.065854,6.597561
07/24/2019 16:45:00.000000,0.226495,16.03275,0.05105,23.565854,4.707317
07/24/2019 16:46:00.000000,0.247815,16.065,0.054075,35.695,3.975
07/24/2019 16:47:00.000000,1.042393,19.897,0.054875,26.359524,3.985714
07/24/2019 16:48:00.000000,1.74778,17.722,0.05345,0.039533,3.915
07/24/2019 16:49:00.000000,0.713122,16.92325,0.052925,48.725581,6.051163
07/24/2019 16:50:00.000000,0.334106,11.6485,0.057375,26.314286,4.233333
07/24/2019 16:51:00.000000,0.233717,11.71275,0.0581,0.023827,4.225
07/24/2019 16:52:00.000000,0.247031,14.32275,0.0554,0.04352,5.83
07/24/2019 16:53:00.000000,0.344922,16.88325,0.0519,19.523077,4.238462
07/24/2019 16:54:00.000000,0.353586,16.70875,0.052525,5.22,3.477778
07/24/2019 16:55:00.000000,0.33212,12.23675,0.05795,14.110526,4.831579
07/24/2019 16:56:00.000000,0.295038,11.644,0.061225,11.756818,3.804545
07/24/2019 16:57:00.000000,0.249472,9.078,0.063475,0.042512,5.563415
07/24/2019 16:58:00.000000,0.200472,8.97675,0.064725,25.297674,3.639535
07/24/2019 16:59:00.000000,0.195458,9.0655,0.0635,10.923256,3.286047
07/24/2019 17:00:00.000000,0.210957,8.76725,0.06555,10.077273,4.140909
07/24/2019 17:01:00.000000,0.292926,8.46225,0.067425,0.012277,4.046154
07/24/2019 17:02:00.000000,0.510942,8.1555,0.06715,16.053488,4.460465
07/24/2019 17:03:00.000000,0.324648,7.79075,0.0673,15.141379,4.448276
07/24/2019 17:04:00.000000,0.181041,7.412,0.0667,0.05275,6.47
07/24/2019 17:05:00.000000,0.196198,7.51425,0.063867,0.036236,11.343902
07/24/2019 17:06:00.000000,0.253322,7.69775,0.0641,13.485714,4.928571
07/24/2019 17:07:00.000000,0.280906,7.74175,0.065325,23.608511,4.17234
07/24/2019 17:08:00.000000,0.241927,8.10675,0.06555,0.023654,4.216667
07/24/2019 17:09:00.000000,0.259828,8.32075,0.06545,0.023264,3.741176
07/24/2019 17:10:00.000000,0.273963,8.2645,0.066875,0.01952,4.180488
07/24/2019 17:11:00.000000,0.208854,8.16,0.070025,12.957576,5.572727
07/24/2019 17:12:00.000000,0.170154,8.06625,0.07055,18.334146,5.721951
07/24/2019 17:13:00.000000,0.168748,7.60175,0.070425,31.384615,4.469231
07/24/2019 17:14:00.000000,0.184573,7.88,0.069075,8.4,3.371429
07/24/2019 17:15:00.000000,0.228536,27.4665,0.059075,0.036554,4.890244
07/24/2019 17:16:00.000000,0.259991,16.79225,0.068075,13.621951,3.368293
07/24/2019 17:17:00.000000,0.210207,6.3645,0.068475,13.137838,5.321622
07/24/2019 17:18:00.000000,0.181927,6.23325,0.069575,0.027258,5.273171
07/24/2019 17:19:00.000000,0.217312,6.40275,0.070225,10.526316,3.515789
07/24/2019 17:20:00.000000,0.206775,6.7195,0.0693,0.012957,3.2
07/24/2019 17:21:00.000000,0.213141,6.69175,0.0688,19.395122,3.441463
07/24/2019 17:22:00.000000,0.219478,7.12025,0.067425,0.014756,3.974419
07/24/2019 17:23:00.000000,0.215359,6.99625,0.06845,0.018331,4.544444
07/24/2019 17:24:00.000000,0.194076,10.501,0.068725,10.366667,3.444444
07/24/2019 17:25:00.000000,0.172039,8.27,0.06575,3.186842,2.373684
07/24/2019 17:26:00.000000,0.187056,7.8945,0.06505,10.629268,3.253659
07/24/2019 17:27:00.000000,0.220665,5.48575,0.0673,0.025601,2.7875
07/24/2019 17:28:00.000000,0.311914,5.47575,0.06795,15.22,3.35641
07/24/2019 17:29:00.000000,0.228943,5.41325,0.067925,,
07/24/2019 17:30:00.000000,0.154242,5.4055,0.0684,4.9,2.455814
07/24/2019 17:31:00.000000,0.159673,5.35275,0.070175,6.326829,3.42439
07/24/2019 17:32:00.000000,0.171324,5.28625,0.068275,0.004004,2.485714
07/24/2019 17:33:00.000000,0.173056,5.24675,0.066,19.8875,2.725
07/24/2019 17:34:00.000000,0.160521,5.2125,0.064525,8.6,2.457143
07/24/2019 17:35:00.000000,0.160709,7.817,0.065025,0.013374,4.27
07/24/2019 17:36:00.000000,0.268276,21.432,0.0606,10.76,3.24
07/24/2019 17:37:00.000000,0.318377,14.852,0.0534,0.013677,2.655814
07/24/2019 17:38:00.000000,0.292765,7.434,0.068425,0.005518,2.857143
07/24/2019 17:39:00.000000,0.228091,6.16825,0.069325,0.013093,3.068421
07/24/2019 17:40:00.000000,0.197128,4.49275,0.07065,8.355,3.695
07/24/2019 17:41:00.000000,0.170204,4.61425,0.07155,0.019434,3.447619
07/24/2019 17:42:00.000000,0.182882,4.90775,0.070525,13.502439,3.143902
07/24/2019 17:43:00.000000,0.20863,5.1115,0.071175,15.558537,3.697561
07/24/2019 17:44:00.000000,0.191851,5.18875,0.071975,5.016279,3.046512
07/24/2019 17:45:00.000000,0.177973,9.54175,0.07035,12.558537,2.985366
07/24/2019 17:46:00.000000,0.198249,6.86375,0.069125,9.37561,3.512195
07/24/2019 17:47:00.000000,0.200857,8.005,0.06885,4.039535,3.255814
07/24/2019 17:48:00.000000,0.254242,4.40125,0.0693,0.008278,3.882927
07/24/2019 17:49:00.000000,0.271334,4.55925,0.069525,0.011023,2.866667
07/24/2019 17:50:00.000000,0.299064,4.768,0.069775,0.010224,3.8
07/24/2019 17:51:00.000000,0.305004,5.35275,0.0714,13.895349,3.225581
07/24/2019 17:52:00.000000,0.25696,5.56525,0.07195,0.023646,3.185
07/24/2019 17:53:00.000000,0.220364,5.70575,0.07175,0.018044,4.232558
07/24/2019 17:54:00.000000,0.193191,5.78375,0.072375,0.005713,2.942857
07/24/2019 17:55:00.000000,0.211755,6.1905,0.073,19.009091,5.55
07/24/2019 17:56:00.000000,0.254262,10.3405,0.071775,0.014287,3.439024
07/24/2019 17:57:00.000000,0.285088,10.48875,0.071225,47.59,3.33
07/24/2019 17:58:00.000000,0.23277,15.2095,0.068725,23.028571,4.6
07/24/2019 17:59:00.000000,0.26645,10.9295,0.06595,11.425,3.61
07/24/2019 18:00:00.000000,0.261084,7.286,0.068525,3.947368,3.221053
07/24/2019 18:01:00.000000,0.206236,5.93375,0.069,14.878049,3.2
07/24/2019 18:02:00.000000,0.183641,5.424,0.071425,0.03073,4.736585
07/24/2019 18:03:00.000000,0.17734,5.33775,0.074375,18.757143,4.742857
07/24/2019 18:04:00.000000,0.185831,5.55725,0.07395,0.017875,4.533333
07/24/2019 18:05:00.000000,0.192697,5.6925,0.0736,0.013185,3.128571
07/24/2019 18:06:00.000000,0.224979,5.84025,0.0734,14.85,4.345
07/24/2019 18:07:00.000000,0.259828,5.8785,0.074225,0.016144,4.514634
07/24/2019 18:08:00.000000,0.21083,10.8235,0.0722,0.006557,3.722727
07/24/2019 18:09:00.000000,0.334646,14.5905,0.064975,2.276744,2.260465
07/24/2019 18:10:00.000000,0.362125,6.134,0.063525,0.022074,5.109091
07/24/2019 18:11:00.000000,0.250782,6.7575,0.0649,158.448837,3.62093
07/24/2019 18:12:00.000000,0.249755,8.22875,0.066,0.059842,3.212821
07/24/2019 18:13:00.000000,0.27922,11.151,0.067725,0.019306,3.2
07/24/2019 18:14:00.000000,0.313181,8.83575,0.068725,3.965854,2.121951
07/24/2019 18:15:00.000000,0.226676,4.21525,0.07245,0.009079,2.842857
07/24/2019 18:16:00.000000,0.168365,4.97925,0.07525,11.514286,3.085714
07/24/2019 18:17:00.000000,0.168213,5.38275,0.07475,16.52,3.76
07/24/2019 18:18:00.000000,0.178472,5.43825,0.072975,0.019891,4.330233
07/24/2019 18:19:00.000000,0.191855,10.5745,0.06825,4.785,3.1625
07/24/2019 18:20:00.000000,0.240038,12.2005,0.0637,6.073171,3.14878
07/24/2019 18:21:00.000000,0.256712,8.09675,0.066775,19.670732,3.370732
07/24/2019 18:22:00.000000,0.225374,7.9275,0.070225,0.010292,3.4
07/24/2019 18:23:00.000000,0.213577,7.14075,0.07125,0.002947,2.195349
07/24/2019 18:24:00.000000,0.359009,6.913,0.070925,2.426829,2.426829
07/24/2019 18:25:00.000000,0.804906,6.5705,0.071875,18.225,4.71
07/24/2019 18:26:00.000000,0.473751,11.5075,0.069475,24.243902,2.778049
07/24/2019 18:27:00.000000,0.31655,12.71075,0.06525,0.025122,2.470732
07/24/2019 18:28:00.000000,0.255449,8.63325,0.06945,0.029027,4.121951
07/24/2019 18:29:00.000000,0.268,10.8815,0.07035,,
07/24/2019 18:30:00.000000,0.333155,8.51,0.070775,5.771429,2.571429
07/24/2019 18:31:00.000000,0.259436,10.05425,0.070675,8.867442,3.32093
07/24/2019 18:32:00.000000,0.237885,11.19225,0.0608,13.3,3.076923
07/24/2019 18:33:00.000000,0.235705,10.2575,0.06245,0.004366,2.402439
07/24/2019 18:34:00.000000,0.269479,11.46525,0.062825,0.009101,3.171795
07/24/2019 18:35:00.000000,0.291998,13.56825,0.06185,0.003674,2.45
07/24/2019 18:36:00.000000,0.264235,12.623,0.06602,0.021407,3.071429
07/24/2019 18:37:00.000000,0.184968,11.415,0.06954,0.012436,2.602439
07/24/2019 18:38:00.000000,0.148219,10.364,0.069975,3.571429,2.585714
07/24/2019 18:39:00.000000,0.171958,9.377,0.065875,0.023203,3.610526
07/24/2019 18:40:00.000000,0.304707,8.8655,0.06145,0.009242,2.257143
07/24/2019 18:41:00.000000,0.345827,7.978,0.062525,4.866667,2.507692
07/24/2019 18:42:00.000000,0.206393,6.632,0.0645,0.024493,1.914286
07/24/2019 18:43:00.000000,0.13555,6.8835,0.062775,0.003968,1.546154
07/24/2019 18:44:00.000000,0.141317,5.014,0.061525,0.007075,2.014286
07/24/2019 18:45:00.000000,0.133847,2.13775,0.0649,2.125,1.675
07/24/2019 18:46:00.000000,0.118287,2.768,0.066125,9.965854,4.004878
07/24/2019 18:47:00.000000,0.135364,7.19725,0.062225,0.017322,3.557143
07/24/2019 18:48:00.000000,0.179469,7.022,0.061375,0.004799,2.204878
07/24/2019 18:49:00.000000,0.23717,7.16875,0.06295,0.012221,4.646341
07/24/2019 18:50:00.000000,0.184044,4.77175,0.064425,11.457143,3.128571
07/24/2019 18:51:00.000000,0.169803,4.20925,0.06555,0.009729,2.540909
07/24/2019 18:52:00.000000,0.231233,4.37075,0.066075,4.405263,2.247368
07/24/2019 18:53:00.000000,0.204445,4.293,0.0686,0.007811,2.714286
07/24/2019 18:54:00.000000,0.160925,4.1375,0.0704,0.002578,1.757895
07/24/2019 18:55:00.000000,0.132372,7.85125,0.0688,0.006975,1.936842
07/24/2019 18:56:00.000000,0.147016,10.42425,0.065825,3.25,2.68
07/24/2019 18:57:00.000000,0.155455,6.331,0.065225,0.008548,2.713953
07/24/2019 18:58:00.000000,0.158196,5.60325,0.064775,3.471429,2.614286
07/24/2019 18:59:00.000000,0.19004,16.282,0.059075,6.725,2.345
07/24/2019 19:00:00.000000,0.286656,11.18075,0.058175,0.008569,2.13
07/24/2019 19:01:00.000000,0.325914,12.63475,0.0583,3.544444,2.86
07/24/2019 19:02:00.000000,0.228297,9.37825,0.057175,2.569767,2.569767
07/24/2019 19:03:00.000000,0.224781,10.89825,0.058,0.011263,3.366667
07/24/2019 19:04:00.000000,0.263422,9.7445,0.0612,0.027641,2.560976
07/24/2019 19:05:00.000000,0.273174,7.86425,0.064875,10.216667,2.983333
07/24/2019 19:06:00.000000,0.292365,10.74325,0.063125,0.010166,2.84186
07/24/2019 19:07:00.000000,0.264194,10.22975,0.065075,0.016617,2.47
07/24/2019 19:08:00.000000,0.151279,9.23475,0.06845,8.381395,2.227907
07/24/2019 19:09:00.000000,0.127943,8.205,0.0684,0.009547,2.866667
07/24/2019 19:10:00.000000,0.13136,7.0735,0.067725,5.868421,2.157895
07/24/2019 19:11:00.000000,0.131896,6.05375,0.06665,5.6,1.740909
07/24/2019 19:12:00.000000,0.138799,5.076,0.066325,6.745238,1.871429
07/24/2019 19:13:00.000000,0.172697,4.168,0.063525,5.185714,1.9
07/24/2019 19:14:00.000000,0.210955,3.79425,0.062075,11.02,2.155
07/24/2019 19:15:00.000000,0.223538,3.92975,0.06485,5.140476,2.114286
07/24/2019 19:16:00.000000,0.178406,3.962,0.067075,4.990244,2.526829
07/24/2019 19:17:00.000000,0.137239,3.976,0.067225,0.005923,2.345
07/24/2019 19:18:00.000000,0.126085,4.23075,0.065425,2.297619,1.957143
07/24/2019 19:19:00.000000,0.138832,4.4835,0.0625,0.007146,3.515
07/24/2019 19:20:00.000000,0.141504,5.0075,0.0607,7.585,2.2325
07/24/2019 19:21:00.000000,0.186558,5.537,0.060925,4.288095,2.071429
07/24/2019 19:22:00.000000,0.226791,5.45825,0.0644,0.014647,4.565
07/24/2019 19:23:00.000000,0.193156,5.5495,0.06595,0.006198,2.581818
07/24/2019 19:24:00.000000,0.188065,5.61575,0.067525,0.002599,1.771429
07/24/2019 19:25:00.000000,0.157891,5.917,0.0679,0.00834,3.033333
07/24/2019 19:26:00.000000,0.197211,6.44275,0.0647,14.878049,4.32439
07/24/2019 19:27:00.000000,0.228607,6.8065,0.064425,9.678049,2.878049
07/24/2019 19:28:00.000000,0.224149,6.5515,0.0675,23.358974,2.261538
07/24/2019 19:29:00.000000,0.209099,6.282,0.06685,10.904545,2.718182
07/24/2019 19:30:00.000000,0.212705,6.18025,0.0691,0.012314,3.14
07/24/2019 19:31:00.000000,0.160058,5.85175,0.071225,7.1375,2.52
07/24/2019 19:32:00.000000,0.130906,5.762,0.07105,7.765854,3.168293
07/24/2019 19:33:00.000000,0.130222,5.56825,0.0704,5.660976,2.387805
07/24/2019 19:34:00.000000,0.127181,4.90025,0.0704,0.026794,3.126316
07/24/2019 19:35:00.000000,0.141489,4.61025,0.0686,11.153846,2.030769
07/24/2019 19:36:00.000000,0.173537,4.497,0.06865,7.057143,2.057143
07/24/2019 19:37:00.000000,0.182581,4.19375,0.06895,0.031787,1.755814
07/24/2019 19:38:00.000000,0.17251,4.24875,0.067225,0.004744,1.615909
07/24/2019 19:39:00.000000,0.176829,4.5265,0.067,0.023826,2.026829
07/24/2019 19:40:00.000000,0.173206,13.31775,0.06445,0.009233,2.356098
07/24/2019 19:41:00.000000,0.195423,12.60375,0.062675,6.942105,3.663158
07/24/2019 19:42:00.000000,0.18764,9.1115,0.065575,2.465217,2.16087
07/24/2019 19:43:00.000000,0.20214,3.88325,0.069875,4.847368,2.068421
07/24/2019 19:44:00.000000,0.200943,3.89725,0.07095,0.022013,3.55122
07/24/2019 19:45:00.000000,0.192447,4.1025,0.071025,8.323077,2.369231
07/24/2019 19:46:00.000000,0.200092,4.34175,0.071275,0.006131,2.086364
07/24/2019 19:47:00.000000,0.212449,4.82125,0.069825,37.75,2.85
07/24/2019 19:48:00.000000,0.367756,5.4895,0.06825,0.027685,3.507692
07/24/2019 19:49:00.000000,0.339298,6.07525,0.068675,0.042826,2.266667
07/24/2019 19:50:00.000000,0.226239,6.79575,0.070975,8.06,2.33
07/24/2019 19:51:00.000000,0.179271,6.69475,0.073275,0.013332,3.157895
07/24/2019 19:52:00.000000,0.139863,6.426,0.073275,0.007173,2.875
07/24/2019 19:53:00.000000,0.133565,6.26375,0.0719,1.926829,1.690244
07/24/2019 19:54:00.000000,0.202816,6.07025,0.07115,2.185714,2.1
07/24/2019 19:55:00.000000,0.210984,5.3525,0.07305,0.007086,2.285
07/24/2019 19:56:00.000000,0.137752,4.73,0.072075,2.614286,2.133333
07/24/2019 19:57:00.000000,0.209804,4.45675,0.0708,1.843902,1.843902
07/24/2019 19:58:00.000000,0.237329,4.04725,0.069875,0.012322,3.421951
07/24/2019 19:59:00.000000,0.259408,4.44525,0.0693,0.012642,2.078049
07/24/2019 20:00:00.000000,0.275011,4.475,0.0716,5.446512,2.660465
07/24/2019 20:01:00.000000,0.154983,4.26375,0.07265,0.006425,2.716216
07/24/2019 20:02:00.000000,0.120732,4.11475,0.0722,0.018774,2.402326
07/24/2019 20:03:00.000000,0.120159,4.15575,0.072525,0.010215,2.14186
07/24/2019 20:04:00.000000,0.139693,4.158,0.072075,0.003304,1.875
07/24/2019 20:05:00.000000,0.170404,3.98525,0.07165,18.525,2.236364
07/24/2019 20:06:00.000000,0.175741,3.8195,0.071075,11.0025,2.25
07/24/2019 20:07:00.000000,0.180025,3.98775,0.0687,5.978947,2.505263
07/24/2019 20:08:00.000000,0.191493,4.8615,0.06655,7.595349,2.674419
07/24/2019 20:09:00.000000,0.209726,5.35875,0.06815,0.025757,4.182927
07/24/2019 20:10:00.000000,0.182013,5.6085,0.070375,7.95,2.902381
07/24/2019 20:11:00.000000,0.160891,5.67725,0.072175,0.015755,2.516279
07/24/2019 20:12:00.000000,0.160037,5.7745,0.071625,9.2275,4.305
07/24/2019 20:13:00.000000,0.1677,5.66625,0.070875,6.081395,3.418605
07/24/2019 20:14:00.000000,0.180492,6.0105,0.069125,0.010963,2.697561
07/24/2019 20:15:00.000000,0.209864,6.03275,0.0681,3.026316,1.889474
07/24/2019 20:16:00.000000,0.219472,5.7695,0.0674,5.914634,3.339024
07/24/2019 20:17:00.000000,0.200143,7.62275,0.06775,9.441463,4.631707
07/24/2019 20:18:00.000000,0.203338,8.06625,0.0676,0.004289,2.538095
07/24/2019 20:19:00.000000,0.197657,3.941,0.0691,5.831707,1.72439
07/24/2019 20:20:00.000000,0.15499,5.34525,0.069925,11.968182,1.7
07/24/2019 20:21:00.000000,0.162174,5.439,0.070625,16.2675,2.8625
07/24/2019 20:22:00.000000,0.179767,5.2565,0.070025,16.704651,2.488372
07/24/2019 20:23:00.000000,0.189345,5.19375,0.070025,14.238095,3.728571
07/24/2019 20:24:00.000000,0.166166,5.102,0.070525,7.192857,2.471429
07/24/2019 20:25:00.000000,0.14721,5.1065,0.0695,12.165,4.375
07/24/2019 20:26:00.000000,0.184435,5.3015,0.06915,0.005396,2.748837
07/24/2019 20:27:00.000000,0.192663,5.0875,0.0703,0.015395,1.793023
07/24/2019 20:28:00.000000,0.152858,5.07325,0.0697,18.362791,3.262791
07/24/2019 20:29:00.000000,0.158816,5.56125,0.067875,0.027481,5.521739
07/24/2019 20:30:00.000000,0.204994,6.164,0.067375,8.938462,4.489744
07/24/2019 20:31:00.000000,0.20648,6.44925,0.068875,0.004453,2.547826
07/24/2019 20:32:00.000000,0.182356,6.9165,0.059275,14.335,1.95
07/24/2019 20:33:00.000000,0.162148,17.6415,0.062775,16.152941,1.8
07/24/2019 20:34:00.000000,0.15295,6.68075,0.06845,0.021615,1.8
07/24/2019 20:35:00.000000,0.158348,3.5465,0.07095,0.00868,2.107692
07/24/2019 20:36:00.000000,0.149766,6.17225,0.0729,0.013869,1.828571
07/24/2019 20:37:00.000000,0.171278,9.062,0.071625,10.8125,2.3625
07/24/2019 20:38:00.000000,0.196743,9.29875,0.068225,10.784848,3.333333
07/24/2019 20:39:00.000000,0.222476,9.5335,0.0657,8.787097,3.164516
07/24/2019 20:40:00.000000,0.260338,10.2745,0.059725,15.183333,4.2
07/24/2019 20:41:00.000000,0.229218,14.01525,0.057775,0.007281,2.438462
07/24/2019 20:42:00.000000,0.266565,19.55875,0.055775,6.591667,3.291667
07/24/2019 20:43:00.000000,0.327103,4.5875,0.065933,0.013383,4.536842
07/24/2019 20:44:00.000000,0.252964,4.733667,0.07305,8.241176,2.941176
07/24/2019 20:45:00.000000,0.158248,8.7805,0.070625,0.003578,1.851351
07/24/2019 20:46:00.000000,0.163408,17.12975,0.06575,0.009367,3.335897
07/24/2019 20:47:00.000000,0.189108,6.048,0.067125,0.007385,2.288889
07/24/2019 20:48:00.000000,0.181295,4.5425,0.069575,6.739024,2.126829
07/24/2019 20:49:00.000000,0.193133,9.37725,0.06815,2.72,1.735
07/24/2019 20:50:00.000000,0.283201,9.57875,0.067225,5.8,2.355556
07/24/2019 20:51:00.000000,0.296761,5.981,0.069325,9.523256,3.469767
07/24/2019 20:52:00.000000,0.321759,6.82725,0.069375,0.024092,3.153659
07/24/2019 20:53:00.000000,0.241963,6.884,0.068075,41.7775,6.1
07/24/2019 20:54:00.000000,0.177447,6.8625,0.06935,11.7525,2.505
07/24/2019 20:55:00.000000,0.143075,6.728,0.071625,4.969231,2.507692
07/24/2019 20:56:00.000000,0.159297,6.648,0.07235,23.888095,2.752381
07/24/2019 20:57:00.000000,0.237811,6.35375,0.072775,0.022473,2.625641
07/24/2019 20:58:00.000000,0.24887,6.05725,0.0723,0.024045,2.826829
07/24/2019 20:59:00.000000,0.203599,5.71375,0.07215,6.485,2.03
07/24/2019 21:00:00.000000,0.191237,5.57525,0.0702,0.018621,2.0875
07/24/2019 21:01:00.000000,0.220341,5.1576,0.07035,7.585714,2.352381
07/24/2019 21:02:00.000000,0.179741,4.896333,0.07125,0.010162,2.483721
07/24/2019 21:03:00.000000,0.174754,7.895,0.0693,9.646875,2.015625
07/24/2019 21:04:00.000000,0.188563,6.36175,0.06945,0.014608,2.418605
07/24/2019 21:05:00.000000,0.175013,5.377,0.07085,8.325,3.775
07/24/2019 21:06:00.000000,0.151665,3.83375,0.071525,0.028344,2.634146
07/24/2019 21:07:00.000000,0.137514,5.30675,0.0692,12.566667,1.983333
07/24/2019 21:08:00.000000,0.219115,14.62625,0.0639,0.007638,2.5
07/24/2019 21:09:00.000000,0.2506,6.73725,0.066775,6.102439,2.343902
07/24/2019 21:10:00.000000,0.174192,13.2965,0.06885,0.019574,1.795455
07/24/2019 21:11:00.000000,0.159,12.50975,0.068575,0.003403,1.447368
07/24/2019 21:12:00.000000,0.190879,9.4495,0.0692,11.297674,2.902326
07/24/2019 21:13:00.000000,0.192837,4.853,0.071275,11.917073,3.017073
07/24/2019 21:14:00.000000,0.153751,3.89975,0.072175,0.013742,2.317073
07/24/2019 21:15:00.000000,0.157615,4.5505,0.068375,8.236585,3.053659
07/24/2019 21:16:00.000000,0.187846,5.0795,0.06805,0.023392,4.480488
07/24/2019 21:17:00.000000,0.165426,5.32725,0.07115,9.821875,3.246875
07/24/2019 21:18:00.000000,0.143503,5.337,0.07315,0.010842,4.395122
07/24/2019 21:19:00.000000,0.145554,5.59425,0.072,0.008864,2.823077
07/24/2019 21:20:00.000000,0.195464,5.9065,0.07005,1.541667,1.430556
07/24/2019 21:21:00.000000,0.166896,6.2695,0.06875,6.8,2.342857
07/24/2019 21:22:00.000000,0.143251,8.97175,0.067575,9.990476,1.883333
07/24/2019 21:23:00.000000,0.207766,7.91575,0.0689,0.017921,2.380488
07/24/2019 21:24:00.000000,0.208183,8.16025,0.068375,0.032162,2.414286
07/24/2019 21:25:00.000000,0.145485,7.7795,0.06825,8.763415,2.229268
07/24/2019 21:26:00.000000,0.192628,5.668,0.070025,8.072727,2.545455
07/24/2019 21:27:00.000000,0.205852,5.3755,0.071367,9.569231,2.769231
07/24/2019 21:28:00.000000,0.13145,5.03875,0.0728,0.018382,2.123077
07/24/2019 21:29:00.000000,0.114657,5.11525,0.07258,,
07/24/2019 21:30:00.000000,0.141919,5.901,0.0679,11.158537,2.387805
07/24/2019 21:31:00.000000,0.221908,9.86925,0.065375,6.985714,2.716667
07/24/2019 21:32:00.000000,0.375401,6.75175,0.0658,2.378947,1.957895
07/24/2019 21:33:00.000000,0.401136,3.86525,0.06965,5.926829,2.995122
07/24/2019 21:34:00.000000,0.238835,3.37325,0.071525,0.009871,2.116667
07/24/2019 21:35:00.000000,0.272232,3.83925,0.06785,11.44,2.8075
07/24/2019 21:36:00.000000,0.338103,15.557,0.062175,0.027222,7.577273
07/24/2019 21:37:00.000000,0.382043,14.852,0.0591,0.02652,4.759091
07/24/2019 21:38:00.000000,0.426366,9.1835,0.0615,0.022747,4.802326
07/24/2019 21:39:00.000000,0.384994,8.10225,0.06615,3.723077,2.276923
07/24/2019 21:40:00.000000,0.516395,8.706,0.0666,0.010472,2.922727
07/24/2019 21:41:00.000000,0.777921,13.0615,0.06515,11.419512,5.57561
07/24/2019 21:42:00.000000,0.593193,9.5625,0.065975,13.009091,3.495455
07/24/2019 21:43:00.000000,0.351807,6.75125,0.06975,0.013157,3.871429
07/24/2019 21:44:00.000000,0.253449,7.85675,0.070125,9.9,3.333333
07/24/2019 21:45:00.000000,0.282117,10.389,0.0682,2.772093,1.823256
07/24/2019 21:46:00.000000,0.405802,10.333,0.068675,0.013791,3.94
07/24/2019 21:47:00.000000,0.264469,10.533,0.06745,0.021047,2.585714
07/24/2019 21:48:00.000000,0.202323,10.799,0.0652,10.87907,3.246512
07/24/2019 21:49:00.000000,0.259462,10.8815,0.0659,0.006994,2.415385
07/24/2019 21:50:00.000000,0.26613,12.9255,0.0664,7.197674,3.490698
07/24/2019 21:51:00.000000,0.230196,16.4225,0.0631,10.836585,4.126829
07/24/2019 21:52:00.000000,0.244029,11.0785,0.065375,3.055,2.055
07/24/2019 21:53:00.000000,0.233645,7.16675,0.0691,24.734091,2.031818
07/24/2019 21:54:00.000000,0.220404,9.92325,0.070475,0.005799,2.186047
07/24/2019 21:55:00.000000,0.268662,11.059,0.06765,0.009147,2.714286
07/24/2019 21:56:00.000000,0.274133,7.84375,0.0662,0.009902,2.375
07/24/2019 21:57:00.000000,0.223285,8.89575,0.06836,0.004141,1.64375
07/24/2019 21:58:00.000000,0.187063,8.402,0.069567,0.015851,3.606383
07/24/2019 21:59:00.000000,0.20665,7.26625,0.0722,0.016867,2.521622
07/24/2019 22:00:00.000000,0.208933,5.98625,0.07332,13.742857,4.651429
07/24/2019 22:01:00.000000,0.173571,5.16175,0.0736,0.015972,3.946341
07/24/2019 22:02:00.000000,0.061968,4.063,0.0739,0.003725,2.251163
07/24/2019 22:03:00.000000,0.023533,7.6805,0.0654,9.042424,3.881818
07/24/2019 22:04:00.000000,-9999.0,9.48625,0.07038,9.273333,2.993333
07/24/2019 22:05:00.000000,-9999.0,5.9165,0.07135,0.011988,3.58
07/24/2019 22:06:00.000000,-9999.0,6.5245,0.071667,0.030109,4.904651
07/24/2019 22:07:00.000000,-9999.0,6.20075,0.0733,0.021128,3.3
07/24/2019 22:08:00.000000,-9999.0,5.8765,0.0757,7.237143,1.834286
07/24/2019 22:09:00.000000,-9999.0,5.64575,0.075575,0.007775,2.9
07/24/2019 22:10:00.000000,-9999.0,19.18625,0.0605,0.018514,2.169231
07/24/2019 22:11:00.000000,-9999.0,8.0255,0.0692,17.971429,4.25
07/24/2019 22:12:00.000000,0.062362,12.7215,0.067275,0.017979,2.309756
07/24/2019 22:13:00.000000,0.198562,7.62225,0.065675,0.02334,2.915385
07/24/2019 22:14:00.000000,0.201177,6.76375,0.0672,12.129268,2.502439
07/24/2019 22:15:00.000000,0.172086,5.565,0.068925,13.957143,3.171429
07/24/2019 22:16:00.000000,0.162639,9.72075,0.066075,0.027431,2.004545
07/24/2019 22:17:00.000000,0.258513,17.01325,0.055425,0.018999,2.128889
07/24/2019 22:18:00.000000,0.374904,7.089,0.067225,6.771429,1.942857
07/24/2019 22:19:00.000000,0.247131,5.4155,0.0696,0.011714,5.115385
07/24/2019 22:20:00.000000,0.188951,5.53475,0.069825,9.111905,3.471429
07/24/2019 22:21:00.000000,0.172878,5.52,0.0686,8.328571,3.957143
07/24/2019 22:22:00.000000,0.166635,5.47325,0.06835,0.022468,2.690244
07/24/2019 22:23:00.000000,0.146817,5.37825,0.068475,10.725,2.74
07/24/2019 22:24:00.000000,0.145398,5.46175,0.066275,0.007681,1.7
07/24/2019 22:25:00.000000,0.166475,5.20175,0.066925,0.007934,2.446512
07/24/2019 22:26:00.000000,0.139877,4.85725,0.0698,13.009091,3.204545
07/24/2019 22:27:00.000000,0.12545,4.61075,0.069725,7.735897,2.2
07/24/2019 22:28:00.000000,0.134687,4.36,0.069,13.989189,2.643243
07/24/2019 22:29:00.000000,0.170742,4.62725,0.06725,11.469767,3.188372
07/24/2019 22:30:00.000000,0.222376,5.243,0.064325,0.010649,2.195
07/24/2019 22:31:00.000000,0.247708,5.14475,0.0648,0.007678,2.327273
07/24/2019 22:32:00.000000,0.32959,4.80025,0.066025,0.010309,3.518605
07/24/2019 22:33:00.000000,0.237127,5.1085,0.064725,0.00769,2.109302
07/24/2019 22:34:00.000000,0.190243,5.32725,0.064625,0.002531,1.630769
07/24/2019 22:35:00.000000,0.170157,5.8085,0.062625,5.0125,3.0875
07/24/2019 22:36:00.000000,0.183865,6.19425,0.061725,0.010382,3.387179
07/24/2019 22:37:00.000000,0.206762,6.14975,0.06295,13.2325,2.8225
07/24/2019 22:38:00.000000,0.214357,5.718,0.06415,12.8125,3.975
07/24/2019 22:39:00.000000,0.168967,5.90325,0.06545,0.025082,3.260976
07/24/2019 22:40:00.000000,0.152232,6.2625,0.06455,0.007995,3.1
07/24/2019 22:41:00.000000,0.199185,6.47075,0.062925,6.217073,3.185366
07/24/2019 22:42:00.000000,0.252106,7.0465,0.061825,0.007358,2.342857
07/24/2019 22:43:00.000000,0.231086,7.20125,0.061825,0.010961,2.946341
07/24/2019 22:44:00.000000,0.262181,7.41375,0.061825,3.394737,2.426316
07/24/2019 22:45:00.000000,0.276535,14.488,0.058,0.008234,2.728571
07/24/2019 22:46:00.000000,0.399356,24.37375,0.052025,0.023221,3.138462
07/24/2019 22:47:00.000000,0.502246,17.0905,0.052925,8.868085,3.625532
07/24/2019 22:48:00.000000,0.34941,15.559,0.05765,0.021723,2.577273
07/24/2019 22:49:00.000000,0.53382,21.56575,0.055125,0.027461,3.233333
07/24/2019 22:50:00.000000,0.658406,18.0375,0.0548,0.012072,3.570732
07/24/2019 22:51:00.000000,0.399876,11.275,0.059225,0.036431,3.016667
07/24/2019 22:52:00.000000,0.284657,9.9755,0.0628,0.007749,2.310526
07/24/2019 22:53:00.000000,0.292694,12.1605,0.060725,0.023592,2.780488
07/24/2019 22:54:00.000000,0.385083,14.202,0.061125,0.014827,3.238462
07/24/2019 22:55:00.000000,0.490731,10.943,0.057825,3.04186,2.009302
07/24/2019 22:56:00.000000,0.495375,13.6995,0.0555,15.8,2.5
07/24/2019 22:57:00.000000,0.731097,12.848,0.054725,3.844444,2.166667
07/24/2019 22:58:00.000000,0.625415,9.32175,0.059475,0.003789,1.929268
07/24/2019 22:59:00.000000,0.349694,7.796,0.062075,0.008516,3.706977
07/24/2019 23:00:00.000000,0.26062,8.5735,0.0601,17.4875,2.81
07/24/2019 23:01:00.000000,0.236801,9.016333,0.06075,0.023066,1.85
07/24/2019 23:02:00.000000,0.185718,8.67225,0.064225,0.018716,2.455556
07/24/2019 23:03:00.000000,0.155099,8.44525,0.06605,10.443902,3.002439
07/24/2019 23:04:00.000000,0.215696,8.45725,0.0652,0.012521,3.1
07/24/2019 23:05:00.000000,0.264308,8.677,0.06125,0.03739,4.914634
07/24/2019 23:06:00.000000,0.304122,13.62925,0.0595,9.672727,3.475
07/24/2019 23:07:00.000000,0.439399,13.816,0.061625,0.014533,4.326316
07/24/2019 23:08:00.000000,0.297244,5.2485,0.065675,12.6675,5.3425
07/24/2019 23:09:00.000000,0.191013,6.92325,0.066475,0.019534,3.475
07/24/2019 23:10:00.000000,0.185446,6.1755,0.067175,0.023846,2.8
07/24/2019 23:11:00.000000,0.163999,4.74375,0.0688,0.009379,3.246512
07/24/2019 23:12:00.000000,0.129006,5.72925,0.06095,29.807143,8.12381
07/24/2019 23:13:00.000000,0.137191,19.4235,0.0574,0.013389,4.231707
07/24/2019 23:14:00.000000,0.236314,14.76125,0.0568,16.65122,3.180488
07/24/2019 23:15:00.000000,0.30311,15.18825,0.055075,6.1825,2.47
07/24/2019 23:16:00.000000,0.289572,10.7365,0.05435,0.002843,2.2
07/24/2019 23:17:00.000000,0.257506,18.61425,0.051775,17.014286,2.514286
07/24/2019 23:18:00.000000,0.284758,15.0905,0.04825,10.960526,3.484211
07/24/2019 23:19:00.000000,0.281453,16.42075,0.055875,12.909756,3.878049
07/24/2019 23:20:00.000000,0.226904,8.0605,0.05585,13.25,2.586364
07/24/2019 23:21:00.000000,0.210441,13.893,0.0526,5.228571,2.580952
07/24/2019 23:22:00.000000,0.268738,9.72875,0.05245,12.16,3.0875
07/24/2019 23:23:00.000000,0.269873,9.261,0.052925,8.531579,3.568421
07/24/2019 23:24:00.000000,0.265952,10.76625,0.051925,0.033919,3.621429
07/24/2019 23:25:00.000000,0.233811,8.43075,0.053775,11.855,2.9025
07/24/2019 23:26:00.000000,0.203913,7.97425,0.054425,0.019225,2.77619
07/24/2019 23:27:00.000000,0.199983,7.94075,0.0539,0.015151,4.764286
07/24/2019 23:28:00.000000,0.188709,9.29125,0.053425,12.311111,4.86
07/24/2019 23:29:00.000000,0.198218,10.26425,0.0539,0.030601,2.414286
07/24/2019 23:30:00.000000,0.193156,7.6205,0.053575,21.704545,3.477273
07/24/2019 23:31:00.000000,0.195296,8.173,0.052425,0.027234,2.988889
07/24/2019 23:32:00.000000,0.219164,8.23025,0.052725,0.03217,3.225
07/24/2019 23:33:00.000000,0.21063,8.13675,0.05355,0.024567,2.795122
07/24/2019 23:34:00.000000,0.217467,8.28575,0.0529,0.033876,4.615
07/24/2019 23:35:00.000000,0.230295,8.502,0.05055,53.307895,5.444737
07/24/2019 23:36:00.000000,0.286557,9.24825,0.046525,47.88,6.425714
07/24/2019 23:37:00.000000,0.293976,9.7145,0.04715,0.02915,5.141667
07/24/2019 23:38:00.000000,0.250732,9.95,0.04945,0.024085,5.187097
07/24/2019 23:39:00.000000,0.205251,10.0285,0.050975,0.029815,4.065854
07/24/2019 23:40:00.000000,0.198575,10.23875,0.051975,25.8,4.404348
07/24/2019 23:41:00.000000,0.189662,10.837,0.0502,0.025048,3.781818
07/24/2019 23:42:00.000000,0.196806,11.027,0.050525,0.023159,4.520513
07/24/2019 23:43:00.000000,0.196768,11.03275,0.051967,16.231034,3.044828
07/24/2019 23:44:00.000000,0.195505,10.583,0.05196,6.978571,3.442857
07/24/2019 23:45:00.000000,0.200857,10.238667,0.0531,18.282759,4.362069
07/24/2019 23:46:00.000000,0.228847,12.5855,0.053725,0.013699,3.662162
07/24/2019 23:47:00.000000,0.257307,20.32375,0.049725,27.325,5.377778
07/24/2019 23:48:00.000000,0.299164,23.75775,0.046775,10.566667,3.785185
07/24/2019 23:49:00.000000,0.282553,36.60225,0.041975,24.214286,7.628571
07/24/2019 23:50:00.000000,0.237346,26.27925,0.042725,0.008655,4.109524
07/24/2019 23:51:00.000000,0.263043,16.37,0.047625,0.019685,4.872093
07/24/2019 23:52:00.000000,0.305385,16.6365,0.048,5.187879,3.293939
07/24/2019 23:53:00.000000,0.302795,15.401,0.04965,13.62,3.677778
07/24/2019 23:54:00.000000,0.29166,12.45525,0.05475,0.007806,3.365789
07/24/2019 23:55:00.000000,0.220801,12.045,0.058075,12.239535,3.123256
07/24/2019 23:56:00.000000,0.181511,11.6415,0.05775,19.011628,2.951163
07/24/2019 23:57:00.000000,0.187272,11.282,0.057075,13.75,4.025
07/24/2019 23:58:00.000000,0.195411,10.8845,0.057,0.005303,3.0825
07/24/2019 23:59:00.000000,0.198143,10.87975,0.056225,0.010331,4.786364
07/25/2019 00:00:00.000000,0.241197,10.96,0.055325,0.016376,3.630769
07/25/2019 00:01:00.000000,0.230184,11.084,0.0558,0.005749,2.783721
07/25/2019 00:02:00.000000,0.212447,11.57425,0.054525,23.092308,3.520513
07/25/2019 00:03:00.000000,0.260407,12.0795,0.054475,5.413953,2.753488
07/25/2019 00:04:00.000000,0.269195,12.2725,0.0562,4.819512,2.770732
07/25/2019 00:05:00.000000,0.23205,18.49675,0.0534,0.030652,4.716667
07/25/2019 00:06:00.000000,0.265573,16.458,0.050875,0.006353,3.4
07/25/2019 00:07:00.000000,0.253291,15.54825,0.053675,0.010712,4.295122
07/25/2019 00:08:00.000000,0.224083,14.59275,0.05405,0.004561,3.31
07/25/2019 00:09:00.000000,0.241436,15.9815,0.052325,0.030313,3.877273
07/25/2019 00:10:00.000000,0.323683,26.45875,0.046925,0.017893,4.68
07/25/2019 00:11:00.000000,0.33266,21.54975,0.0441,0.004179,2.692683
07/25/2019 00:12:00.000000,0.335273,13.44425,0.050025,0.026272,3.0
07/25/2019 00:13:00.000000,0.299545,20.612,0.049425,0.012982,3.44
07/25/2019 00:14:00.000000,0.339702,24.345,0.043075,7.4375,3.585
07/25/2019 00:15:00.000000,0.3582,18.982,0.0448,0.012212,3.856098
07/25/2019 00:16:00.000000,0.328894,12.157,0.054025,0.03445,9.304444
07/25/2019 00:17:00.000000,0.258986,13.5615,0.059675,0.066739,7.945455
07/25/2019 00:18:00.000000,0.250842,13.37575,0.061525,0.055492,6.565
07/25/2019 00:19:00.000000,0.233816,13.058,0.063475,42.942857,8.066667
07/25/2019 00:20:00.000000,0.219739,12.337,0.0657,0.189015,5.742857
07/25/2019 00:21:00.000000,0.280364,11.95675,0.064,0.166383,8.637209
07/25/2019 00:22:00.000000,0.382886,11.742,0.062875,59.293023,10.604651
07/25/2019 00:23:00.000000,0.259833,13.3985,0.062025,53.7,9.865
07/25/2019 00:24:00.000000,0.24905,16.23025,0.059475,63.504878,9.443902
07/25/2019 00:25:00.000000,0.264455,14.026,0.060425,51.526829,11.704878
07/25/2019 00:26:00.000000,0.247789,14.617,0.06095,26.88,8.95
07/25/2019 00:27:00.000000,0.270187,13.92075,0.061525,0.044015,10.605263
07/25/2019 00:28:00.000000,0.223809,13.73775,0.06255,0.043351,10.566667
07/25/2019 00:29:00.000000,0.214523,13.71725,0.061875,20.332558,5.423256
07/25/2019 00:30:00.000000,0.220744,13.7105,0.06045,25.038462,7.225641
07/25/2019 00:31:00.000000,0.243078,13.69475,0.060325,0.043116,7.713953
07/25/2019 00:32:00.000000,0.249658,13.458,0.06135,0.045404,4.785714
07/25/2019 00:33:00.000000,0.237385,13.7375,0.0593,0.043159,7.693939
07/25/2019 00:34:00.000000,0.25409,14.015,0.05955,0.037615,7.8
07/25/2019 00:35:00.000000,0.252257,14.279,0.061,0.051728,10.619512
07/25/2019 00:36:00.000000,0.244045,16.5355,0.0584,0.041588,7.857143
07/25/2019 00:37:00.000000,0.309002,21.96725,0.053925,0.040662,6.961538
07/25/2019 00:38:00.000000,0.355923,15.507,0.054875,28.365789,8.857895
07/25/2019 00:39:00.000000,0.31104,12.95725,0.059175,21.755814,10.360465
07/25/2019 00:40:00.000000,0.302151,12.3265,0.059375,0.047714,6.916667
07/25/2019 00:41:00.000000,0.316026,12.74225,0.058375,0.052072,8.931707
07/25/2019 00:42:00.000000,0.300063,17.6625,0.056775,33.4,10.586957
07/25/2019 00:43:00.000000,0.286771,28.23025,0.0522,16.135,6.635
07/25/2019 00:44:00.000000,0.315249,20.09325,0.052425,26.242857,6.671429
07/25/2019 00:45:00.000000,0.301102,19.7115,0.054075,0.033904,8.514286
07/25/2019 00:46:00.000000,0.263868,14.50375,0.056875,0.021336,6.675
07/25/2019 00:47:00.000000,0.247051,13.79175,0.060575,0.023915,4.493023
07/25/2019 00:48:00.000000,0.228919,13.49475,0.062475,8.75,3.275
07/25/2019 00:49:00.000000,0.226001,12.989,0.063125,11.660465,5.681395
07/25/2019 00:50:00.000000,0.230729,12.64725,0.0626,0.010915,5.426316
07/25/2019 00:51:00.000000,0.232228,7.8915,0.05365,8.129268,4.958537
07/25/2019 00:52:00.000000,0.323897,10.18075,0.06205,8.534211,5.405263
07/25/2019 00:53:00.000000,0.362409,14.9415,0.05955,10.7875,6.69
07/25/2019 00:54:00.000000,0.361642,14.3705,0.05975,9.514286,6.385714
07/25/2019 00:55:00.000000,0.272424,13.6835,0.060325,0.022168,7.137209
07/25/2019 00:56:00.000000,0.202575,12.8535,0.060175,0.011073,6.019512
07/25/2019 00:57:00.000000,0.21755,13.14925,0.058175,10.358537,5.8
07/25/2019 00:58:00.000000,0.287416,18.42575,0.048075,0.011663,6.671795
07/25/2019 00:59:00.000000,0.359911,20.32975,0.057075,9.55,6.1875
07/25/2019 01:00:00.000000,0.362134,14.612,0.056875,10.1,5.294444
07/25/2019 01:01:00.000000,0.341727,18.78125,0.0441,0.024231,9.435
07/25/2019 01:02:00.000000,0.312512,39.62975,0.0484,18.207317,6.358537
07/25/2019 01:03:00.000000,0.296368,15.61975,0.0538,14.531818,5.181818
07/25/2019 01:04:00.000000,0.291039,15.811333,0.052425,15.431579,4.510526
07/25/2019 01:05:00.000000,0.268791,18.20475,0.050975,0.020462,6.85
07/25/2019 01:06:00.000000,0.231486,17.78575,0.05075,0.006579,4.565
07/25/2019 01:07:00.000000,0.250821,17.87325,0.051725,0.016189,3.842857
07/25/2019 01:08:00.000000,0.45757,24.31625,0.049025,0.014515,4.565
07/25/2019 01:09:00.000000,0.527105,14.08675,0.049725,0.016073,4.602857
07/25/2019 01:10:00.000000,0.295878,30.7185,0.0504,12.602439,5.539024
07/25/2019 01:11:00.000000,0.383326,61.97275,0.049925,0.02401,6.626316
07/25/2019 01:12:00.000000,0.436459,30.218,0.04625,11.366667,6.453333
07/25/2019 01:13:00.000000,0.377638,21.87725,0.04575,0.014378,7.595122
07/25/2019 01:14:00.000000,0.333454,17.3985,0.0488,0.008463,4.5
07/25/2019 01:15:00.000000,0.303031,20.23125,0.04905,9.197561,3.802439
07/25/2019 01:16:00.000000,0.466702,22.948,0.04115,0.014357,5.655
07/25/2019 01:17:00.000000,0.479934,40.90975,0.03005,0.028189,6.2625
07/25/2019 01:18:00.000000,0.538968,29.05925,0.0379,0.03823,6.976923
07/25/2019 01:19:00.000000,0.425124,17.319,0.048025,27.128571,7.85
07/25/2019 01:20:00.000000,0.316601,14.032,0.054175,30.256098,5.865854
07/25/2019 01:21:00.000000,0.260327,13.54975,0.055475,14.357143,6.7
07/25/2019 01:22:00.000000,0.25367,16.74,0.052425,5.235897,4.615385
07/25/2019 01:23:00.000000,0.351702,20.7465,0.04845,6.77561,3.943902
07/25/2019 01:24:00.000000,0.333805,14.80225,0.0519,8.25,4.07
07/25/2019 01:25:00.000000,0.230766,10.8125,0.0534,0.020799,4.528571
07/25/2019 01:26:00.000000,0.267923,16.871,0.052575,0.031452,6.546154
07/25/2019 01:27:00.000000,0.255953,13.37975,0.055525,19.453659,6.987805
07/25/2019 01:28:00.000000,0.218182,17.92825,0.05265,0.022336,6.397674
07/25/2019 01:29:00.000000,0.217307,18.55625,0.049525,12.0875,5.96
07/25/2019 01:30:00.000000,0.244333,20.341,0.0481,0.011842,4.85
07/25/2019 01:31:00.000000,0.24438,15.063,0.055975,0.016348,7.984211
07/25/2019 01:32:00.000000,0.253765,19.312,0.05205,0.022676,4.557895
07/25/2019 01:33:00.000000,0.271467,15.24875,0.05135,0.020552,3.6375
07/25/2019 01:34:00.000000,0.240317,13.661,0.053575,0.024189,5.972727
07/25/2019 01:35:00.000000,0.22969,18.9295,0.05105,17.868571,3.774286
07/25/2019 01:36:00.000000,0.287592,30.971,0.041075,0.018176,6.090244
07/25/2019 01:37:00.000000,0.391465,22.13025,0.0421,12.57,5.65
07/25/2019 01:38:00.000000,0.328236,18.12425,0.0495,11.214286,4.971429
07/25/2019 01:39:00.000000,0.269407,18.98175,0.049175,0.014581,6.1
07/25/2019 01:40:00.000000,0.281095,23.3515,0.0461,10.0,5.794737
07/25/2019 01:41:00.000000,0.261935,23.11625,0.045775,0.016053,5.354545
07/25/2019 01:42:00.000000,0.22607,22.022,0.05235,0.010849,3.952632
07/25/2019 01:43:00.000000,0.194429,20.8065,0.055525,0.013929,4.471429
07/25/2019 01:44:00.000000,0.207048,19.80525,0.052175,0.014718,6.3
07/25/2019 01:45:00.000000,0.236072,19.0505,0.049175,9.129268,5.770732
07/25/2019 01:46:00.000000,0.245044,17.87675,0.05075,0.021372,4.186047
07/25/2019 01:47:00.000000,0.242929,16.71975,0.052825,0.0162,4.672727
07/25/2019 01:48:00.000000,0.276009,15.4685,0.05425,0.019227,8.2
07/25/2019 01:49:00.000000,0.264962,14.7335,0.052925,10.1,6.342857
07/25/2019 01:50:00.000000,0.339871,14.8755,0.0532,7.15122,4.704878
07/25/2019 01:51:00.000000,0.332245,13.67825,0.055325,0.02153,6.134884
07/25/2019 01:52:00.000000,0.318542,13.04475,0.05465,12.02439,4.436585
07/25/2019 01:53:00.000000,0.269453,8.5725,0.058425,12.240909,6.863636
07/25/2019 01:54:00.000000,0.223912,11.3265,0.0578,10.42093,7.551163
07/25/2019 01:55:00.000000,0.264248,17.6655,0.0527,10.953659,5.892683
07/25/2019 01:56:00.000000,0.364919,17.2225,0.052,0.018375,3.872727
07/25/2019 01:57:00.000000,0.345045,20.12875,0.037125,17.119512,5.221951
07/25/2019 01:58:00.000000,0.36566,26.64425,0.044925,11.071429,4.385714
07/25/2019 01:59:00.000000,0.260336,14.77325,0.051175,9.209756,3.260976
07/25/2019 02:00:00.000000,0.194061,9.51225,0.0582,0.006499,3.526829
07/25/2019 02:01:00.000000,0.177805,8.84775,0.0587,0.008819,2.994595
07/25/2019 02:02:00.000000,0.18318,8.8505,0.0591,0.011843,4.483333
07/25/2019 02:03:00.000000,0.214505,8.8125,0.05965,0.012211,4.205
07/25/2019 02:04:00.000000,0.23796,9.01925,0.0575,0.010258,4.704545
07/25/2019 02:05:00.000000,0.294811,8.894,0.0598,0.015143,4.634146
07/25/2019 02:06:00.000000,0.24999,8.687,0.0619,4.41,3.24
07/25/2019 02:07:00.000000,0.163767,8.8375,0.059525,0.007697,3.426829
07/25/2019 02:08:00.000000,0.163924,8.7455,0.05925,0.004247,3.154545
07/25/2019 02:09:00.000000,0.18725,8.50425,0.05975,0.009437,4.214286
07/25/2019 02:10:00.000000,0.206957,8.532,0.05795,0.01467,5.0
07/25/2019 02:11:00.000000,0.199464,13.04175,0.055925,0.019713,4.587805
07/25/2019 02:12:00.000000,0.218003,10.08575,0.056925,0.009636,4.32439
07/25/2019 02:13:00.000000,0.217551,9.06275,0.0582,7.157143,4.383333
07/25/2019 02:14:00.000000,0.234863,10.21425,0.0573,19.885714,4.4
07/25/2019 02:15:00.000000,0.290131,10.50525,0.05815,8.874419,5.260465
07/25/2019 02:16:00.000000,0.23032,10.18725,0.059375,6.265,4.08
07/25/2019 02:17:00.000000,0.218027,9.932,0.059225,6.438462,4.476923
07/25/2019 02:18:00.000000,0.206612,10.05175,0.0587,4.82619,4.514286
07/25/2019 02:19:00.000000,0.203818,9.70025,0.05925,20.990244,4.756098
07/25/2019 02:20:00.000000,0.195716,9.3435,0.0588,0.024642,6.245
07/25/2019 02:21:00.000000,0.203962,9.1295,0.057867,0.015949,5.184848
07/25/2019 02:22:00.000000,0.212302,8.757,0.058625,0.013789,5.782927
07/25/2019 02:23:00.000000,0.208822,8.78875,0.0587,0.012457,4.88
07/25/2019 02:24:00.000000,0.209251,8.89225,0.059175,7.76,4.7
07/25/2019 02:25:00.000000,0.198376,9.04825,0.058625,10.583784,4.448649
07/25/2019 02:26:00.000000,0.219833,8.84125,0.056875,8.82,5.42
07/25/2019 02:27:00.000000,0.237667,8.99925,0.0574,0.009878,5.514286
07/25/2019 02:28:00.000000,0.214805,9.0685,0.059475,0.0082,3.97
07/25/2019 02:29:00.000000,0.204481,9.1845,0.059125,9.130952,5.071429
07/25/2019 02:30:00.000000,0.218182,9.47475,0.057975,0.008945,3.987179
07/25/2019 02:31:00.000000,0.224848,9.55525,0.05755,5.781395,3.872093
07/25/2019 02:32:00.000000,0.213248,17.06225,0.055375,0.016368,6.204878
07/25/2019 02:33:00.000000,0.217708,13.77275,0.054275,0.013646,7.437209
07/25/2019 02:34:00.000000,0.231043,11.3425,0.055675,9.447727,5.181818
07/25/2019 02:35:00.000000,0.24942,10.9205,0.05575,10.880488,6.934146
07/25/2019 02:36:00.000000,0.270375,11.1445,0.05515,11.265,6.64
07/25/2019 02:37:00.000000,0.266718,11.27925,0.054575,0.005906,4.45122
07/25/2019 02:38:00.000000,0.253283,11.2835,0.05625,9.157143,4.1
07/25/2019 02:39:00.000000,0.244166,11.25475,0.056575,0.020285,4.960465
07/25/2019 02:40:00.000000,0.23587,11.2615,0.05575,17.402439,5.441463
07/25/2019 02:41:00.000000,0.231571,11.11275,0.0571,0.018222,8.253488
07/25/2019 02:42:00.000000,0.214541,12.53925,0.05635,0.016525,6.022727
07/25/2019 02:43:00.000000,0.207238,13.9765,0.055925,0.01131,5.687179
07/25/2019 02:44:00.000000,0.213276,9.37775,0.05725,0.010933,4.833333
07/25/2019 02:45:00.000000,0.262268,11.05525,0.055125,5.114286,4.2
07/25/2019 02:46:00.000000,0.286687,13.306,0.0539,6.256098,4.612195
07/25/2019 02:47:00.000000,0.232881,13.1305,0.05545,9.333333,4.866667
07/25/2019 02:48:00.000000,0.207095,12.847,0.0554,9.561538,5.323077
07/25/2019 02:49:00.000000,0.212019,,,,
07/25/2019 02:50:00.000000,0.19842,12.1605,0.0549,0.014599,6.215
07/25/2019 02:51:00.000000,0.198519,11.66025,0.055175,0.01309,6.330769
07/25/2019 02:52:00.000000,0.194016,10.97675,0.05545,0.025846,5.608108
07/25/2019 02:53:00.000000,0.194734,10.3995,0.054725,0.026537,4.557143
07/25/2019 02:54:00.000000,0.186966,9.80325,0.05555,0.014515,5.613333
07/25/2019 02:55:00.000000,0.190604,9.42925,0.053825,0.028946,5.54186
07/25/2019 02:56:00.000000,0.225125,15.80775,0.05015,6.968966,4.824138
07/25/2019 02:57:00.000000,0.247879,13.0505,0.05035,10.267742,4.606452
07/25/2019 02:58:00.000000,0.266397,13.12275,0.050925,0.01684,6.1
07/25/2019 02:59:00.000000,0.253945,14.37475,0.050675,14.172093,5.281395
07/25/2019 03:00:00.000000,0.231562,13.93275,0.051375,0.015436,4.928571
07/25/2019 03:01:00.000000,0.215392,13.49675,0.051,0.015043,5.58
07/25/2019 03:02:00.000000,0.259642,12.83,0.052275,30.171429,9.728571
07/25/2019 03:03:00.000000,0.237925,12.372,0.052125,22.369231,7.692308
07/25/2019 03:04:00.000000,0.244882,12.28175,0.0502,24.156098,9.853659
07/25/2019 03:05:00.000000,0.285871,12.17375,0.0502,0.016274,5.790244
07/25/2019 03:06:00.000000,0.25343,11.38875,0.053,0.008388,4.914286
07/25/2019 03:07:00.000000,0.203876,10.57925,0.054925,8.007317,4.131707
07/25/2019 03:08:00.000000,0.184564,10.23375,0.054975,13.528571,6.057143
07/25/2019 03:09:00.000000,0.190497,9.749,0.05455,0.006564,3.839024
07/25/2019 03:10:00.000000,0.196546,9.63425,0.0548,0.014916,3.571429
07/25/2019 03:11:00.000000,0.187132,9.24425,0.054825,0.006079,3.160976
07/25/2019 03:12:00.000000,0.185558,8.5465,0.0543,3.528571,3.442857
07/25/2019 03:13:00.000000,0.19641,7.797,0.054,6.516279,4.102326
07/25/2019 03:14:00.000000,0.195694,7.7285,0.05445,3.682609,3.243478
07/25/2019 03:15:00.000000,0.185684,7.75775,0.054325,7.75,5.055
07/25/2019 03:16:00.000000,0.184347,7.759,0.0532,0.014394,4.4
07/25/2019 03:17:00.000000,0.197287,7.91525,0.051425,13.390698,5.12093
07/25/2019 03:18:00.000000,0.214871,7.8995,0.051575,9.333333,5.493939
07/25/2019 03:19:00.000000,0.216181,7.93925,0.0524,0.014875,4.728571
07/25/2019 03:20:00.000000,0.199515,7.99775,0.0508,5.09,3.835
07/25/2019 03:21:00.000000,0.208712,8.23225,0.049625,3.452632,3.447368
07/25/2019 03:22:00.000000,0.221937,8.27075,0.05095,16.585366,4.146341
07/25/2019 03:23:00.000000,0.218629,8.3535,0.05105,0.01425,4.892308
07/25/2019 03:24:00.000000,0.218008,8.449,0.05025,10.476923,3.392308
07/25/2019 03:25:00.000000,0.250755,8.27125,0.051175,6.435,3.78
07/25/2019 03:26:00.000000,0.29294,8.193,0.0507,0.017777,3.574419
07/25/2019 03:27:00.000000,0.217486,8.17825,0.049,0.006551,3.09375
07/25/2019 03:28:00.000000,0.216104,8.234333,0.048125,0.003881,3.097143
07/25/2019 03:29:00.000000,0.369998,8.182,0.049433,6.7,3.356098
07/25/2019 03:30:00.000000,0.352903,8.2835,0.049525,18.72439,3.485366
07/25/2019 03:31:00.000000,0.222179,8.215,0.04995,8.719048,3.5
07/25/2019 03:32:00.000000,0.189625,8.0935,0.05115,0.010662,3.5
07/25/2019 03:33:00.000000,0.181346,8.52975,0.04925,0.004653,2.823077
07/25/2019 03:34:00.000000,0.191342,9.079,0.04515,0.011934,4.671429
07/25/2019 03:35:00.000000,0.206584,9.10975,0.046775,0.005404,3.266667
07/25/2019 03:36:00.000000,0.189542,8.83075,0.0498,3.083721,3.083721
07/25/2019 03:37:00.000000,0.179714,8.79275,0.0496,0.008158,4.12
07/25/2019 03:38:00.000000,0.197949,8.82575,0.0487,2.342857,2.162857
07/25/2019 03:39:00.000000,0.195434,8.4835,0.0515,1.771429,1.757143
07/25/2019 03:40:00.000000,0.15436,8.1455,0.053925,11.305,2.38
07/25/2019 03:41:00.000000,0.207097,7.3045,0.053975,6.853659,2.85122
07/25/2019 03:42:00.000000,0.285209,7.168,0.0524,9.841463,3.839024
07/25/2019 03:43:00.000000,0.230846,7.1185,0.051575,0.019926,3.575
07/25/2019 03:44:00.000000,0.20474,7.03025,0.0513,0.010224,3.84
07/25/2019 03:45:00.000000,0.187102,6.551,0.053125,0.003317,2.192683
07/25/2019 03:46:00.000000,0.156736,6.06925,0.054975,0.01032,1.985714
07/25/2019 03:47:00.000000,0.149994,5.92625,0.054925,0.008148,2.26087
07/25/2019 03:48:00.000000,0.137508,5.8465,0.055,2.346667,1.866667
07/25/2019 03:49:00.000000,0.127389,,,,
07/25/2019 03:50:00.000000,0.128471,4.96375,0.05465,0.007375,2.157143
07/25/2019 03:51:00.000000,0.140228,4.60575,0.053775,5.261538,2.115385
07/25/2019 03:52:00.000000,0.334729,4.42075,0.0534,2.314286,1.842857
07/25/2019 03:53:00.000000,0.441973,4.385,0.054675,6.981818,1.715909
07/25/2019 03:54:00.000000,0.26879,4.32325,0.055125,2.763415,1.785366
07/25/2019 03:55:00.000000,0.228241,4.26775,0.05555,0.001576,1.287805
07/25/2019 03:56:00.000000,0.144309,4.2415,0.055975,0.00192,1.531707
07/25/2019 03:57:00.000000,0.113237,4.4075,0.055,0.00555,1.763636
07/25/2019 03:58:00.000000,0.117519,4.60875,0.05424,1.64,1.426667
07/25/2019 03:59:00.000000,0.121791,5.89475,0.054275,3.62069,2.268966
07/25/2019 04:00:00.000000,0.120135,7.31225,0.053367,0.008492,3.625714
07/25/2019 04:01:00.000000,0.152822,5.0345,0.054575,0.005926,2.357143
07/25/2019 04:02:00.000000,0.038218,4.61275,0.054975,0.005258,1.585714
07/25/2019 04:03:00.000000,0.010307,3.64025,0.05545,0.005832,1.414634
07/25/2019 04:04:00.000000,-9999.0,3.70525,0.0561,0.009848,2.006667
07/25/2019 04:05:00.000000,-9999.0,3.7885,0.05585,2.95122,1.843902
07/25/2019 04:06:00.000000,-9999.0,3.8735,0.05585,4.105263,2.389474
07/25/2019 04:07:00.000000,-9999.0,3.87825,0.05585,0.005529,2.587179
07/25/2019 04:08:00.000000,-9999.0,3.8075,0.05585,0.003213,2.175
07/25/2019 04:09:00.000000,-9999.0,3.77725,0.056275,0.003578,1.6625
07/25/2019 04:10:00.000000,-9999.0,3.767,0.056075,1.357143,1.171429
07/25/2019 04:11:00.000000,-9999.0,3.69525,0.05555,2.295122,1.782927
07/25/2019 04:12:00.000000,0.030837,3.60275,0.054625,0.002326,1.725
07/25/2019 04:13:00.000000,0.104502,3.54475,0.0547,0.001794,1.45
07/25/2019 04:14:00.000000,0.141901,3.54725,0.054575,0.001638,1.315385
07/25/2019 04:15:00.000000,0.142708,3.5585,0.05495,10.163636,1.559091
07/25/2019 04:16:00.000000,0.139172,3.64875,0.0554,2.695122,1.514634
07/25/2019 04:17:00.000000,0.16281,3.62675,0.055875,1.5,1.5
07/25/2019 04:18:00.000000,0.151053,3.6185,0.055725,2.360465,1.844186
07/25/2019 04:19:00.000000,0.134946,5.80775,0.054825,0.001867,1.476923
07/25/2019 04:20:00.000000,0.133891,5.427,0.054975,0.004162,1.826829
07/25/2019 04:21:00.000000,0.144651,7.0145,0.053225,1.365854,1.131707
07/25/2019 04:22:00.000000,0.159656,7.16625,0.0526,5.569231,2.1
07/25/2019 04:23:00.000000,0.147772,8.08425,0.053275,0.009619,2.214286
07/25/2019 04:24:00.000000,0.143708,7.63275,0.05375,0.002535,1.605
07/25/2019 04:25:00.000000,0.151605,7.1685,0.054075,11.829268,2.097561
07/25/2019 04:26:00.000000,0.152301,6.85575,0.052825,5.897674,1.781395
07/25/2019 04:27:00.000000,0.308992,6.55275,0.0519,2.7375,1.785
07/25/2019 04:28:00.000000,0.391015,6.32125,0.05215,0.006228,2.31
07/25/2019 04:29:00.000000,0.281437,6.06525,0.052475,0.002149,1.546341
07/25/2019 04:30:00.000000,0.214384,5.62925,0.0537,2.7125,1.74
07/25/2019 04:31:00.000000,0.175167,5.3635,0.05395,4.304878,2.056098
07/25/2019 04:32:00.000000,0.163023,5.3425,0.054075,1.977273,1.511364
07/25/2019 04:33:00.000000,0.159445,5.65175,0.052775,0.001878,1.482927
07/25/2019 04:34:00.000000,0.183702,9.5385,0.0499,5.085366,1.926829
07/25/2019 04:35:00.000000,0.192451,6.975,0.049275,0.005529,2.25814
07/25/2019 04:36:00.000000,0.171034,3.83125,0.053625,2.27381,1.957143
07/25/2019 04:37:00.000000,0.148211,3.849,0.0554,1.573171,1.485366
07/25/2019 04:38:00.000000,0.141109,3.90175,0.05455,2.1,1.571429
07/25/2019 04:39:00.000000,0.143369,3.92475,0.05405,0.001951,1.5175
07/25/2019 04:40:00.000000,0.141053,3.90775,0.054175,0.004173,2.435
07/25/2019 04:41:00.000000,0.158459,3.97625,0.053525,2.985714,2.266667
07/25/2019 04:42:00.000000,0.189813,4.0495,0.053025,0.002598,1.942857
07/25/2019 04:43:00.000000,0.185252,4.17875,0.05305,0.056324,1.65
07/25/2019 04:44:00.000000,0.158015,4.34125,0.05245,0.00705,1.685714
07/25/2019 04:45:00.000000,0.142317,4.4185,0.052425,0.00522,1.784615
07/25/2019 04:46:00.000000,0.15268,4.01475,0.052975,0.002751,1.885366
07/25/2019 04:47:00.000000,0.149672,0.539,0.053075,0.001813,1.468182
07/25/2019 04:48:00.000000,0.143277,0.026,0.053275,3.040909,2.436364
07/25/2019 04:49:00.000000,0.140028,-9999.0,0.053025,5.1,2.085714
07/25/2019 04:50:00.000000,0.147546,-9999.0,0.053125,0.009502,2.765
07/25/2019 04:51:00.000000,0.155611,-9999.0,0.051875,0.004022,2.211628
07/25/2019 04:52:00.000000,0.149928,-9999.0,0.05095,0.005564,3.295122
07/25/2019 04:53:00.000000,0.198024,-9999.0,0.052075,0.006324,3.246154
07/25/2019 04:54:00.000000,0.240073,-9999.0,0.0519,0.001907,1.492683
07/25/2019 04:55:00.000000,0.194244,-9999.0,0.04995,2.9,2.305
07/25/2019 04:56:00.000000,0.176424,-9999.0,0.049525,0.002396,1.902439
07/25/2019 04:57:00.000000,0.193283,4.281,0.04965,0.00523,2.646154
07/25/2019 04:58:00.000000,0.193734,18.08575,0.050525,4.839024,2.117073
07/25/2019 04:59:00.000000,0.15849,19.0285,0.05085,2.45,1.915
07/25/2019 05:00:00.000000,0.151176,19.07375,0.050175,0.003542,2.241463
07/25/2019 05:01:00.000000,0.155829,18.976,0.050725,5.709756,2.214634
07/25/2019 05:02:00.000000,0.151923,18.6765,0.05145,0.003563,2.116279
07/25/2019 05:03:00.000000,0.142884,18.0425,0.050725,0.001917,1.5225
07/25/2019 05:04:00.000000,0.155668,17.41175,0.050775,1.66,1.66
07/25/2019 05:05:00.000000,0.154163,16.8155,0.0511,0.001813,1.446154
07/25/2019 05:06:00.000000,0.1452,16.112,0.050375,0.007272,3.092308
07/25/2019 05:07:00.000000,0.15211,15.36975,0.0486,0.009512,2.423256
07/25/2019 05:08:00.000000,0.20812,14.2905,0.0466,0.013277,4.085714
07/25/2019 05:09:00.000000,0.238115,13.48675,0.0457,,
07/25/2019 05:10:00.000000,0.19936,13.16925,0.04715,0.011633,1.93
07/25/2019 05:11:00.000000,0.163183,12.97225,0.047425,0.006784,2.497561
07/25/2019 05:12:00.000000,0.159834,12.534,0.048025,0.004245,2.766667
07/25/2019 05:13:00.000000,0.174907,12.0595,0.04765,6.736842,3.221053
07/25/2019 05:14:00.000000,0.194097,11.743,0.046975,5.3,2.28
07/25/2019 05:15:00.000000,0.189791,11.5885,0.048475,3.8,2.1
07/25/2019 05:16:00.000000,0.167182,13.3845,0.04915,0.008137,2.1
07/25/2019 05:17:00.000000,0.158513,131.20925,0.0482,0.006056,2.697561
07/25/2019 05:18:00.000000,0.162075,328.593,0.047925,2.180488,1.946341
07/25/2019 05:19:00.000000,0.170943,345.831,0.0479,2.404545,2.388636
07/25/2019 05:20:00.000000,0.170242,347.21775,0.0479,13.104651,2.413953
07/25/2019 05:21:00.000000,0.198995,345.71675,0.0471,8.671429,3.771429
07/25/2019 05:22:00.000000,0.197525,345.373,0.04715,2.782927,2.378049
07/25/2019 05:23:00.000000,0.171171,345.53175,0.040375,5.404348,3.032609
07/25/2019 05:24:00.000000,0.202858,345.77475,0.045525,0.004865,2.325
07/25/2019 05:25:00.000000,0.207599,345.95575,0.04765,0.003222,2.116667
07/25/2019 05:26:00.000000,0.164152,303.6205,0.047725,1.971429,1.928571
07/25/2019 05:27:00.000000,0.163424,23.85825,0.0477,1.9,1.9
07/25/2019 05:28:00.000000,0.172388,0.35075,0.04545,1.984091,1.981818
07/25/2019 05:29:00.000000,0.253359,0.03175,0.0427,,
07/25/2019 05:30:00.000000,0.274122,-9999.0,0.047025,0.006859,2.182927
07/25/2019 05:31:00.000000,0.177959,-9999.0,0.0486,4.2875,2.47
07/25/2019 05:32:00.000000,0.14639,-9999.0,0.04805,0.005092,2.0
07/25/2019 05:33:00.000000,0.145403,-9999.0,0.048025,7.667857,3.346429
07/25/2019 05:34:00.000000,0.155146,-9999.0,0.046825,2.558824,2.429412
07/25/2019 05:35:00.000000,0.165578,-9999.0,0.046975,2.139474,2.147368
07/25/2019 05:36:00.000000,0.175009,-9999.0,0.0481,1.925,1.93
07/25/2019 05:37:00.000000,0.162435,0.7485,0.0484,0.003824,2.58
07/25/2019 05:38:00.000000,0.154667,1.716333,0.047675,0.006298,3.382927
07/25/2019 05:39:00.000000,0.151222,2.49275,0.04715,3.021429,2.814286
07/25/2019 05:40:00.000000,0.154666,3.4005,0.04745,0.003159,2.442857
07/25/2019 05:41:00.000000,0.159634,4.21575,0.048725,0.004365,3.085714
07/25/2019 05:42:00.000000,0.157437,4.95225,0.048875,3.785,2.605
07/25/2019 05:43:00.000000,0.152289,5.642,0.04895,0.005882,2.328571
07/25/2019 05:44:00.000000,0.144771,6.1765,0.0491,0.002889,1.871429
07/25/2019 05:45:00.000000,0.142916,5.9645,0.049625,0.003284,2.057143
07/25/2019 05:46:00.000000,0.178543,5.7485,0.0494,0.002453,1.846154
07/25/2019 05:47:00.000000,1.27644,5.5125,0.04865,1.535714,1.542857
07/25/2019 05:48:00.000000,3.261202,5.30725,0.04865,0.001974,1.586667
07/25/2019 05:49:00.000000,3.827031,5.16725,0.048875,8.0,3.108108
07/25/2019 05:50:00.000000,3.882971,4.9925,0.048775,5.4,3.143902
07/25/2019 05:51:00.000000,3.890201,4.9405,0.0487,0.005279,3.271429
07/25/2019 05:52:00.000000,3.893117,4.872,0.048875,0.004905,2.713953
07/25/2019 05:53:00.000000,3.893983,4.873,0.0483,0.003097,2.258537
07/25/2019 05:54:00.000000,3.891366,4.88925,0.047525,9.928947,2.957895
07/25/2019 05:55:00.000000,3.89272,4.974,0.04705,0.004074,1.879487
07/25/2019 05:56:00.000000,3.701843,5.1115,0.046925,1.964286,1.957143
07/25/2019 05:57:00.000000,1.851115,5.28825,0.047,2.0,1.914634
07/25/2019 05:58:00.000000,0.203426,12.098,0.043875,0.0053,2.881818
07/25/2019 05:59:00.000000,0.025742,12.5935,0.0426,2.309756,2.07561
07/25/2019 06:00:00.000000,0.025254,5.91925,0.0456,0.014944,1.9
07/25/2019 06:01:00.000000,0.019926,5.8665,0.046875,0.009561,2.92439
07/25/2019 06:02:00.000000,0.019268,6.092,0.0465,5.179487,4.115385
07/25/2019 06:03:00.000000,0.017779,6.06275,0.0463,0.00291,2.165854
07/25/2019 06:04:00.000000,0.017767,5.994,0.0461,2.141463,2.056098
07/25/2019 06:05:00.000000,0.015256,5.8925,0.046325,3.775,2.695
07/25/2019 06:06:00.000000,0.007944,5.89525,0.046375,0.004988,2.713953
07/25/2019 06:07:00.000000,0.051015,5.90475,0.0461,0.007274,3.72439
07/25/2019 06:08:00.000000,0.167865,5.9305,0.045875,0.006997,3.473171
07/25/2019 06:09:00.000000,0.198888,6.026,0.0448,12.014286,2.983333
07/25/2019 06:10:00.000000,0.228875,6.201,0.043725,0.00604,3.074359
07/25/2019 06:11:00.000000,0.210675,6.4475,0.0431,5.851163,3.276744
07/25/2019 06:12:00.000000,0.202781,12.6845,0.04155,4.314286,3.3
07/25/2019 06:13:00.000000,0.210773,10.686,0.0407,7.097674,3.3
07/25/2019 06:14:00.000000,0.196655,10.91625,0.04005,0.00357,2.1
07/25/2019 06:15:00.000000,0.163428,6.90275,0.04365,3.761538,2.661538
07/25/2019 06:16:00.000000,0.147731,6.65175,0.04505,5.509524,2.714286
07/25/2019 06:17:00.000000,0.151137,6.803,0.043925,0.005231,2.529268
07/25/2019 06:18:00.000000,0.161009,6.8495,0.043825,5.825581,2.667442
07/25/2019 06:19:00.000000,0.155574,6.93,0.0435,0.006372,3.909091
07/25/2019 06:20:00.000000,0.152861,7.0525,0.043025,10.704878,3.587805
07/25/2019 06:21:00.000000,0.153386,7.22775,0.042625,4.236585,3.158537
07/25/2019 06:22:00.000000,0.15902,7.45025,0.0425,0.004919,2.845
07/25/2019 06:23:00.000000,0.157584,7.70825,0.0419,0.008012,3.56
07/25/2019 06:24:00.000000,0.157613,7.875,0.0426,0.006725,2.922727
07/25/2019 06:25:00.000000,0.167376,8.029,0.042475,0.003155,2.371429
07/25/2019 06:26:00.000000,0.177978,8.305,0.0422,2.476744,2.476744
07/25/2019 06:27:00.000000,0.173916,8.5135,0.04245,3.006667,3.006667
07/25/2019 06:28:00.000000,0.166172,8.7735,0.041275,7.590909,2.763636
07/25/2019 06:29:00.000000,0.175598,8.9595,0.040675,0.0052,2.796875
07/25/2019 06:30:00.000000,0.183443,9.135,0.0408,0.017914,3.574419
07/25/2019 06:31:00.000000,0.185299,9.36,0.040775,8.285,3.105
07/25/2019 06:32:00.000000,0.190399,9.3365,0.042975,3.4,2.915385
07/25/2019 06:33:00.000000,0.180817,9.364,0.042975,3.412195,3.412195
07/25/2019 06:34:00.000000,0.180949,9.4265,0.04125,5.03,3.7475
07/25/2019 06:35:00.000000,0.180895,9.4995,0.041175,0.003518,2.767442
07/25/2019 06:36:00.000000,0.190014,9.4465,0.04145,8.063415,3.62439
07/25/2019 06:37:00.000000,0.19966,9.467,0.04165,4.41,3.63
07/25/2019 06:38:00.000000,0.219222,9.37375,0.0417,0.006424,3.340909
07/25/2019 06:39:00.000000,0.215062,9.13775,0.042775,0.007514,3.7125
07/25/2019 06:40:00.000000,0.198703,9.07575,0.043825,7.642857,3.457143
07/25/2019 06:41:00.000000,0.190978,8.82825,0.0446,8.064103,3.153846
07/25/2019 06:42:00.000000,0.178723,8.60625,0.044125,3.746341,3.014634
07/25/2019 06:43:00.000000,0.267238,8.436,0.0439,0.003394,2.742857
07/25/2019 06:44:00.000000,0.450305,8.37475,0.04285,5.4225,3.03
07/25/2019 06:45:00.000000,0.338277,8.26,0.042025,0.003705,2.761538
07/25/2019 06:46:00.000000,0.254388,8.24425,0.108525,0.004048,3.21
07/25/2019 06:47:00.000000,0.246068,8.38925,0.23415,0.009019,4.543902
07/25/2019 06:48:00.000000,0.25921,8.71425,0.237325,3.873333,3.5
07/25/2019 06:49:00.000000,0.274281,9.347,0.240675,0.03208,5.161538
07/25/2019 06:50:00.000000,0.301855,10.088,0.243725,9.063043,4.921739
07/25/2019 06:51:00.000000,0.309659,11.79375,0.2451,0.008241,5.134884
07/25/2019 06:52:00.000000,0.280431,19.4955,0.245075,13.042857,4.085714
07/25/2019 06:53:00.000000,0.26008,13.509,0.24475,9.1,4.928571
07/25/2019 06:54:00.000000,0.274689,12.253,0.2454,0.005656,4.335
07/25/2019 06:55:00.000000,0.303252,11.6475,0.245225,12.366667,4.374359
07/25/2019 06:56:00.000000,0.317581,10.7575,0.20545,5.283333,4.228571
07/25/2019 06:57:00.000000,0.298319,10.7825,0.000325,0.016077,4.2
07/25/2019 06:58:00.000000,0.315165,10.91875,0.000325,0.011468,4.375
07/25/2019 06:59:00.000000,0.317529,11.217,-9999.0,0.028085,4.57
07/25/2019 07:00:00.000000,0.332484,11.463,-9999.0,0.005895,3.2
07/25/2019 07:01:00.000000,0.346389,11.636,-9999.0,6.942857,4.971429
07/25/2019 07:02:00.000000,0.28932,11.907,-9999.0,0.016315,4.206818
07/25/2019 07:03:00.000000,0.270861,12.2925,-9999.0,13.685714,3.828571
07/25/2019 07:04:00.000000,0.285746,12.83275,-9999.0,9.468182,5.095455
07/25/2019 07:05:00.000000,0.281303,13.04,-9999.0,8.273171,5.812195
07/25/2019 07:06:00.000000,0.257102,13.2155,-9999.0,0.008717,4.442857
07/25/2019 07:07:00.000000,0.251887,13.1815,-9999.0,0.012117,4.2
07/25/2019 07:08:00.000000,0.229144,13.15,-9999.0,0.005717,3.446512
07/25/2019 07:09:00.000000,0.217131,13.4885,-9999.0,0.009433,3.467442
07/25/2019 07:10:00.000000,0.23215,13.68475,-9999.0,0.011879,4.363636
07/25/2019 07:11:00.000000,0.229228,13.71025,-9999.0,0.010127,5.5
07/25/2019 07:12:00.000000,0.226989,13.689,-9999.0,5.2875,3.83
07/25/2019 07:13:00.000000,0.228974,13.7955,-9999.0,0.014874,4.622727
07/25/2019 07:14:00.000000,0.225663,13.97525,-9999.0,0.021549,4.994444
07/25/2019 07:15:00.000000,0.228303,14.1435,0.000175,0.005152,3.188235
07/25/2019 07:16:00.000000,0.223726,14.323,0.007225,0.012625,6.102857
07/25/2019 07:17:00.000000,0.225653,14.276,0.045075,0.009401,4.026087
07/25/2019 07:18:00.000000,0.231629,14.309,0.035125,0.012138,6.335
07/25/2019 07:19:00.000000,0.233882,14.3065,0.032775,0.03661,6.629268
07/25/2019 07:20:00.000000,0.514868,14.14025,0.033075,0.026152,6.175
07/25/2019 07:21:00.000000,0.660459,13.94425,0.03385,0.008582,4.323077
07/25/2019 07:22:00.000000,0.379926,13.514,0.0342,7.157143,4.166667
07/25/2019 07:23:00.000000,0.326879,13.0215,0.034875,0.007152,3.692308
07/25/2019 07:24:00.000000,0.28437,12.52025,0.034825,0.021332,3.851163
07/25/2019 07:25:00.000000,0.274919,12.64275,0.033325,0.0085,3.563636
07/25/2019 07:26:00.000000,0.367623,20.15525,0.0256,0.013941,4.104545
07/25/2019 07:27:00.000000,0.444713,18.73425,0.024575,12.295,3.86
07/25/2019 07:28:00.000000,0.340924,13.525,0.0302,0.006748,3.12
07/25/2019 07:29:00.000000,0.295076,11.167,0.0336,5.830952,3.1
07/25/2019 07:30:00.000000,0.266244,10.49975,0.034475,12.393548,4.067742
07/25/2019 07:31:00.000000,0.289677,10.65475,0.0341,0.022855,4.191176
07/25/2019 07:32:00.000000,0.276472,10.7145,0.034867,16.42381,4.371429
07/25/2019 07:33:00.000000,0.236208,10.729,0.0355,0.00795,3.8
07/25/2019 07:34:00.000000,0.210593,10.752,0.0366,0.024637,3.784091
07/25/2019 07:35:00.000000,0.201573,10.7575,0.036525,0.01323,4.571429
07/25/2019 07:36:00.000000,0.191539,10.77375,0.036725,0.014534,4.443902
07/25/2019 07:37:00.000000,0.187105,10.76975,0.037325,8.171429,3.607143
07/25/2019 07:38:00.000000,0.191201,10.6045,0.037375,4.014634,3.417073
07/25/2019 07:39:00.000000,0.1901,10.55075,0.036525,7.364286,5.114286
07/25/2019 07:40:00.000000,0.191756,10.67025,0.03575,3.425581,3.076744
07/25/2019 07:41:00.000000,0.198427,10.822,0.035325,5.442857,3.214286
07/25/2019 07:42:00.000000,0.19594,10.9445,0.0355,0.009505,3.638462
07/25/2019 07:43:00.000000,0.19191,11.07325,0.03515,0.005694,3.529268
07/25/2019 07:44:00.000000,0.188875,11.1295,0.0356,0.014697,3.5
07/25/2019 07:45:00.000000,0.185683,11.19125,0.036325,5.07,3.585
07/25/2019 07:46:00.000000,0.184199,11.3065,0.03645,0.005507,4.112195
07/25/2019 07:47:00.000000,0.178403,11.38375,0.036175,6.665116,4.630233
07/25/2019 07:48:00.000000,0.179638,11.276,0.035825,0.005176,3.695349
07/25/2019 07:49:00.000000,0.201005,,,,
07/25/2019 07:50:00.000000,0.221261,25.22625,0.025375,0.021656,8.745455
07/25/2019 07:51:00.000000,0.209289,13.90825,0.030075,5.775,4.215
07/25/2019 07:52:00.000000,0.195065,11.6775,0.034,3.3,3.3
07/25/2019 07:53:00.000000,0.187035,12.33175,0.03475,0.011242,4.441463
07/25/2019 07:54:00.000000,0.202171,12.58875,0.03525,8.4,5.6
07/25/2019 07:55:00.000000,0.20739,12.63025,0.0347,0.00499,3.580488
07/25/2019 07:56:00.000000,0.200485,12.7035,0.033325,0.004493,3.544186
07/25/2019 07:57:00.000000,0.21055,12.79,0.0332,11.3,3.85814
07/25/2019 07:58:00.000000,0.217853,12.94375,0.033025,0.010932,4.720513
07/25/2019 07:59:00.000000,0.221672,13.19875,0.032175,0.024865,6.169231
07/25/2019 08:00:00.000000,0.228809,13.35975,0.032275,0.019234,6.06
07/25/2019 08:01:00.000000,0.21545,13.6985,0.031175,9.504651,5.655814
07/25/2019 08:02:00.000000,0.209163,14.16775,0.02975,7.71,4.665
07/25/2019 08:03:00.000000,0.229495,14.649,0.029175,0.019876,3.621951
07/25/2019 08:04:00.000000,0.293731,15.039,0.02915,0.013292,5.03
07/25/2019 08:05:00.000000,0.310725,15.174,0.030875,0.008654,5.216667
07/25/2019 08:06:00.000000,0.256054,15.534,0.030475,12.734146,4.858537
07/25/2019 08:07:00.000000,0.223445,15.8145,0.02905,0.034907,5.05
07/25/2019 08:08:00.000000,0.230649,15.918,0.03015,0.015838,4.5
07/25/2019 08:09:00.000000,0.226213,15.78425,0.030925,4.319512,3.631707
07/25/2019 08:10:00.000000,0.219293,15.52625,0.03185,0.004348,3.414286
07/25/2019 08:11:00.000000,0.221565,15.239,0.031775,0.0147,3.4
07/25/2019 08:12:00.000000,0.225787,15.01425,0.03055,8.530769,4.076923
07/25/2019 08:13:00.000000,0.225567,14.934,0.03105,6.939535,4.2
07/25/2019 08:14:00.000000,0.22484,14.4845,0.031775,0.01352,4.716279
07/25/2019 08:15:00.000000,0.23474,14.1315,0.031225,0.012567,5.228571
07/25/2019 08:16:00.000000,0.231277,13.98275,0.03115,0.011656,3.558537
07/25/2019 08:17:00.000000,0.230961,13.98325,0.030675,8.328571,3.977143
07/25/2019 08:18:00.000000,0.229812,14.18975,0.0297,0.022422,4.0
07/25/2019 08:19:00.000000,0.224022,14.591,0.028625,16.670732,6.390244
07/25/2019 08:20:00.000000,0.215171,14.7825,0.0286,9.516667,3.966667
07/25/2019 08:21:00.000000,0.204611,14.98625,0.030025,8.957895,4.326316
07/25/2019 08:22:00.000000,0.201185,15.20975,0.030025,0.009959,4.332558
07/25/2019 08:23:00.000000,0.202824,15.3955,0.0297,0.008137,4.9
07/25/2019 08:24:00.000000,0.205801,15.50275,0.03025,6.730233,4.655814
07/25/2019 08:25:00.000000,0.19817,15.405,0.031825,0.01031,4.257143
07/25/2019 08:26:00.000000,0.188872,15.25225,0.030875,10.81,5.9
07/25/2019 08:27:00.000000,0.19725,14.836,0.029775,0.010693,4.559091
07/25/2019 08:28:00.000000,0.196255,14.618,0.030675,7.845,4.555
07/25/2019 08:29:00.000000,0.194813,14.63375,0.0308,13.3,4.769231
07/25/2019 08:30:00.000000,0.189535,14.64675,0.0296,5.545,4.12
07/25/2019 08:31:00.000000,0.189202,14.50975,0.030825,0.008943,4.518182
07/25/2019 08:32:00.000000,0.18882,14.474,0.031325,0.010101,4.769231
07/25/2019 08:33:00.000000,0.183497,14.53025,0.03075,5.410256,4.376923
07/25/2019 08:34:00.000000,0.180133,14.46925,0.030275,3.476923,3.397436
07/25/2019 08:35:00.000000,0.187925,14.458,0.02945,26.604545,11.020455
07/25/2019 08:36:00.000000,0.191204,14.50825,0.0288,0.017844,6.89
07/25/2019 08:37:00.000000,0.191041,14.21175,0.029875,0.009232,5.39
07/25/2019 08:38:00.000000,0.189757,13.9035,0.0308,8.619149,4.514894
07/25/2019 08:39:00.000000,0.190858,13.95825,0.02985,0.004663,3.469231
07/25/2019 08:40:00.000000,0.196,14.08925,0.028825,0.009987,4.921951
07/25/2019 08:41:00.000000,0.188932,13.992667,0.0297,4.835,4.18
07/25/2019 08:42:00.000000,0.173365,13.8485,0.031275,8.533333,5.321429
07/25/2019 08:43:00.000000,0.177702,13.67975,0.031525,11.237209,3.574419
07/25/2019 08:44:00.000000,0.175906,13.5195,0.03185,0.017803,3.628571
07/25/2019 08:45:00.000000,0.168108,13.428,0.032,0.009243,3.612821
07/25/2019 08:46:00.000000,0.159607,13.40975,0.032125,14.2375,3.77
07/25/2019 08:47:00.000000,0.158827,13.2715,0.031725,0.008633,3.973333
07/25/2019 08:48:00.000000,0.160091,12.8965,0.031975,0.020543,9.292683
07/25/2019 08:49:00.000000,0.160003,12.8145,0.031275,4.4625,3.74
07/25/2019 08:50:00.000000,0.167426,12.90675,0.030025,3.5625,3.45
07/25/2019 08:51:00.000000,0.182264,13.10525,0.029875,3.181818,3.081818
07/25/2019 08:52:00.000000,0.17246,12.8945,0.032825,0.007485,3.965854
07/25/2019 08:53:00.000000,0.151298,12.507,0.035125,13.242857,3.5
07/25/2019 08:54:00.000000,0.142173,12.00425,0.0362,4.028571,2.483333
07/25/2019 08:55:00.000000,0.13912,11.3695,0.0369,0.002967,2.385366
07/25/2019 08:56:00.000000,0.149209,10.72525,0.037375,0.004115,3.082927
07/25/2019 08:57:00.000000,0.155682,10.0775,0.03765,2.404762,2.407143
07/25/2019 08:58:00.000000,0.149823,9.40175,0.037525,0.008085,3.388372
07/25/2019 08:59:00.000000,0.147097,8.6665,0.037125,0.016976,3.268293
07/25/2019 09:00:00.000000,0.147891,8.40125,0.0362,0.00489,3.027907
07/25/2019 09:01:00.000000,0.15491,8.28275,0.03645,0.006224,4.204651
07/25/2019 09:02:00.000000,0.155511,8.28525,0.03605,0.003836,3.15
07/25/2019 09:03:00.000000,0.154815,8.41175,0.034975,2.814286,2.814286
07/25/2019 09:04:00.000000,0.154679,8.42925,0.0369,8.1375,3.14
07/25/2019 09:05:00.000000,0.147182,8.349,0.039025,3.565116,2.683721
07/25/2019 09:06:00.000000,0.145481,8.34075,0.0382,0.004032,3.107692
07/25/2019 09:07:00.000000,0.151812,8.24875,0.036675,2.62,2.605
07/25/2019 09:08:00.000000,0.156863,8.13175,0.036325,2.246154,2.246154
07/25/2019 09:09:00.000000,0.169075,8.1155,0.036925,0.005624,3.455814
07/25/2019 09:10:00.000000,0.170857,8.04775,0.0372,0.007444,3.7
07/25/2019 09:11:00.000000,0.168064,7.9785,0.036775,0.009139,2.938462
07/25/2019 09:12:00.000000,0.161092,8.13425,0.035875,0.009635,4.05
07/25/2019 09:13:00.000000,0.168341,8.42675,0.035525,3.360976,2.84878
07/25/2019 09:14:00.000000,0.170527,8.58325,0.035825,0.003226,2.6
07/25/2019 09:15:00.000000,0.167511,8.74925,0.035675,0.003122,2.517073
07/25/2019 09:16:00.000000,0.163028,8.95125,0.035225,7.404651,2.75814
07/25/2019 09:17:00.000000,0.163756,9.22175,0.035075,0.005107,3.15122
07/25/2019 09:18:00.000000,0.16325,9.49225,0.034725,11.75122,3.2
07/25/2019 09:19:00.000000,0.164688,9.786,0.034925,5.385366,3.541463
07/25/2019 09:20:00.000000,0.161666,9.908,0.0359,3.341026,3.261538
07/25/2019 09:21:00.000000,0.170605,9.9465,0.03575,0.007166,3.795
07/25/2019 09:22:00.000000,0.192532,10.02275,0.035825,4.278947,3.478947
07/25/2019 09:23:00.000000,0.165654,10.009,0.0362,0.006505,3.789189
07/25/2019 09:24:00.000000,0.158044,9.944,0.03585,7.757143,3.371429
07/25/2019 09:25:00.000000,0.154629,9.79275,0.035975,0.00985,4.366667
07/25/2019 09:26:00.000000,0.147229,9.549,0.037325,0.004419,2.857143
07/25/2019 09:27:00.000000,0.140511,9.35175,0.036875,20.785714,4.683333
07/25/2019 09:28:00.000000,0.143788,9.2705,0.036575,5.25,2.89
07/25/2019 09:29:00.000000,0.150471,9.141,0.037525,0.010759,3.95122
07/25/2019 09:30:00.000000,0.144206,9.031,0.03785,7.289474,3.610526
07/25/2019 09:31:00.000000,0.141657,9.07975,0.036775,11.475,3.585
07/25/2019 09:32:00.000000,0.141999,8.99325,0.03695,3.715,2.41
07/25/2019 09:33:00.000000,0.136788,8.90025,0.037925,2.490909,2.490909
07/25/2019 09:34:00.000000,0.132921,8.9195,0.037675,5.522727,3.190909
07/25/2019 09:35:00.000000,0.128526,8.8435,0.03785,0.012287,6.53
07/25/2019 09:36:00.000000,0.129855,8.82975,0.037575,0.004894,3.19
07/25/2019 09:37:00.000000,0.131272,8.9855,0.036175,0.003738,3.007692
07/25/2019 09:38:00.000000,0.137665,9.0785,0.035675,4.84359,3.692308
07/25/2019 09:39:00.000000,0.138146,9.04575,0.036625,0.006732,3.972973
07/25/2019 09:40:00.000000,0.13792,9.219,0.0363,4.5375,3.3875
07/25/2019 09:41:00.000000,0.137634,9.474,0.035675,0.003701,2.705
07/25/2019 09:42:00.000000,0.142261,9.715,0.035525,0.003246,2.6
07/25/2019 09:43:00.000000,0.144866,9.80375,0.035975,0.003222,2.6
07/25/2019 09:44:00.000000,0.143129,9.8105,0.03655,6.221053,3.778947
07/25/2019 09:45:00.000000,0.137425,9.7385,0.03675,0.006042,3.032258
07/25/2019 09:46:00.000000,0.134261,9.61,0.03735,5.1625,2.575
07/25/2019 09:47:00.000000,0.134821,9.48975,0.037075,4.554286,2.997143
07/25/2019 09:48:00.000000,0.133843,9.3135,0.037375,3.721875,3.29375
07/25/2019 09:49:00.000000,0.135239,9.09125,0.03735,0.006649,3.215
07/25/2019 09:50:00.000000,0.135555,8.8895,0.037625,3.821951,3.117073
07/25/2019 09:51:00.000000,0.13625,8.786,0.037825,0.003614,2.76
07/25/2019 09:52:00.000000,0.132657,8.546,0.039,2.369767,2.355814
07/25/2019 09:53:00.000000,0.129527,8.33,0.039575,5.481395,2.988372
07/25/2019 09:54:00.000000,0.130622,8.21875,0.0383,0.005348,2.92381
07/25/2019 09:55:00.000000,0.13525,8.092,0.03815,8.992308,3.153846
07/25/2019 09:56:00.000000,0.1337,7.93925,0.0377,3.5125,2.69
07/25/2019 09:57:00.000000,0.131591,7.8065,0.037525,4.274419,3.018605
07/25/2019 09:58:00.000000,0.148318,7.6975,0.037675,3.828571,2.842857
07/25/2019 09:59:00.000000,0.153319,7.481,0.038175,0.007682,3.231818
07/25/2019 10:00:00.000000,0.139613,7.38,0.03895,2.951282,2.538462
07/25/2019 10:01:00.000000,0.138458,7.23375,0.0395,0.004935,2.742857
07/25/2019 10:02:00.000000,0.041006,7.0655,0.039825,0.003056,2.381395
07/25/2019 10:03:00.000000,0.02777,6.9415,0.039675,0.017098,3.885714
07/25/2019 10:04:00.000000,0.00923,6.83925,0.039025,4.271429,2.6
07/25/2019 10:05:00.000000,0.009778,6.7405,0.0386,2.3875,2.385
07/25/2019 10:06:00.000000,0.009207,6.642,0.038625,6.92439,3.082927
07/25/2019 10:07:00.000000,0.009307,6.6595,0.038325,0.00636,2.855814
07/25/2019 10:08:00.000000,0.004367,6.735,0.0376,0.006484,4.36
07/25/2019 10:09:00.000000,0.006214,6.8525,0.0377,0.003387,2.815
07/25/2019 10:10:00.000000,0.004509,6.9395,0.03805,0.00287,2.335
07/25/2019 10:11:00.000000,0.002233,7.1355,0.037975,8.128571,2.9
07/25/2019 10:12:00.000000,0.05029,7.38,0.037725,0.003438,2.371429
07/25/2019 10:13:00.000000,0.150882,7.58425,0.0378,2.906977,2.869767
07/25/2019 10:14:00.000000,0.160056,7.83275,0.0368,0.00985,4.45122
07/25/2019 10:15:00.000000,0.153735,8.1155,0.0357,7.195349,3.925581
07/25/2019 10:16:00.000000,0.176577,8.427,0.035425,2.971429,2.514286
07/25/2019 10:17:00.000000,0.16627,8.6505,0.03555,0.005576,2.973684
07/25/2019 10:18:00.000000,0.145272,9.00825,0.035825,5.72439,3.612195
07/25/2019 10:19:00.000000,0.142689,9.281,0.035375,10.8,5.57
07/25/2019 10:20:00.000000,0.145757,9.41825,0.0354,3.975,3.35
07/25/2019 10:21:00.000000,0.145997,9.6005,0.03515,4.1,2.9
07/25/2019 10:22:00.000000,0.144953,9.79225,0.0353,3.353488,3.15814
07/25/2019 10:23:00.000000,0.142959,9.859,0.0364,4.525581,3.716279
07/25/2019 10:24:00.000000,0.137777,9.78375,0.03655,12.953659,3.970732
07/25/2019 10:25:00.000000,0.136131,9.835,0.036075,0.004409,2.827907
07/25/2019 10:26:00.000000,0.136531,9.8195,0.0358,2.77561,2.770732
07/25/2019 10:27:00.000000,0.139746,9.93,0.0346,4.908108,3.205405
07/25/2019 10:28:00.000000,0.137362,10.08525,0.034125,0.005441,2.958537
07/25/2019 10:29:00.000000,0.134371,10.163,0.034175,2.8,2.566667
07/25/2019 10:30:00.000000,0.132504,10.1495,0.034375,2.585366,2.582927
07/25/2019 10:31:00.000000,0.134248,10.07175,0.03555,2.430769,2.435897
07/25/2019 10:32:00.000000,0.177463,10.10025,0.035725,4.37907,3.655814
07/25/2019 10:33:00.000000,0.226397,10.11375,0.035525,3.071429,2.871429
07/25/2019 10:34:00.000000,0.156752,10.0285,0.035625,2.8,2.785
07/25/2019 10:35:00.000000,0.143281,9.76275,0.035275,0.003583,2.8
07/25/2019 10:36:00.000000,0.13643,9.56025,0.0352,0.007795,2.969231
07/25/2019 10:37:00.000000,0.130531,9.37375,0.035725,0.003744,2.742857
07/25/2019 10:38:00.000000,0.129872,9.26275,0.0358,0.004475,3.3
07/25/2019 10:39:00.000000,0.126421,9.2985,0.034925,4.397436,3.992308
07/25/2019 10:40:00.000000,0.133357,9.30275,0.034625,10.275,4.5125
07/25/2019 10:41:00.000000,0.164025,9.2815,0.034225,6.654762,3.742857
07/25/2019 10:42:00.000000,0.170181,9.43975,0.033225,3.246512,2.911628
07/25/2019 10:43:00.000000,0.193492,9.70075,0.03265,0.009363,3.318182
07/25/2019 10:44:00.000000,0.194223,9.961,0.033325,0.006156,3.823077
07/25/2019 10:45:00.000000,0.169573,10.44375,0.031975,7.59,3.56
07/25/2019 10:46:00.000000,0.173998,11.23275,0.028675,0.004805,3.5
07/25/2019 10:47:00.000000,0.269575,11.99075,0.027975,0.003877,3.161538
07/25/2019 10:48:00.000000,0.23066,12.402,0.03025,2.664103,2.676923
07/25/2019 10:49:00.000000,0.170937,12.72625,0.030925,0.007414,3.371429
07/25/2019 10:50:00.000000,0.159233,12.47425,0.03035,8.330769,5.387179
07/25/2019 10:51:00.000000,0.203659,16.915,0.0295,19.62381,4.942857
07/25/2019 10:52:00.000000,0.27026,19.116,0.02625,0.008066,4.294737
07/25/2019 10:53:00.000000,0.334933,18.2375,0.02445,16.097436,3.946154
07/25/2019 10:54:00.000000,0.324904,12.26425,0.029475,8.1625,3.645
07/25/2019 10:55:00.000000,0.192986,10.9405,0.03205,5.1,3.3525
07/25/2019 10:56:00.000000,0.149113,10.9865,0.032625,0.004346,3.3
07/25/2019 10:57:00.000000,0.149723,10.98675,0.032525,16.915,3.895
07/25/2019 10:58:00.000000,0.167154,10.9585,0.03185,6.184615,3.746154
07/25/2019 10:59:00.000000,0.193203,10.96475,0.03105,0.008321,4.788372
07/25/2019 11:00:00.000000,0.234715,11.0845,0.029975,3.4125,3.215
07/25/2019 11:01:00.000000,0.277067,14.6485,0.027625,5.35,3.24
07/25/2019 11:02:00.000000,0.298463,19.16225,0.0254,6.553659,4.046341
07/25/2019 11:03:00.000000,0.298603,17.10075,0.02565,0.02002,5.228571
07/25/2019 11:04:00.000000,0.276591,14.5905,0.0271,0.006612,3.243902
07/25/2019 11:05:00.000000,0.255186,13.12325,0.0296,3.135135,3.124324
07/25/2019 11:06:00.000000,0.246347,13.00925,0.03045,7.769444,5.338889
07/25/2019 11:07:00.000000,0.242305,12.9135,0.029975,7.731579,5.4
07/25/2019 11:08:00.000000,0.240783,12.76325,0.030425,7.50625,4.43125
07/25/2019 11:09:00.000000,0.240861,,,,
07/25/2019 11:10:00.000000,0.234487,12.3625,0.030875,0.006665,4.1
07/25/2019 11:11:00.000000,0.238869,12.188,0.030375,0.003888,2.995
07/25/2019 11:12:00.000000,0.255907,12.041,0.0298,0.003867,3.141463
07/25/2019 11:13:00.000000,0.554612,12.3175,0.028275,0.018348,3.954054
07/25/2019 11:14:00.000000,0.786122,12.91075,0.0254,20.4,6.262162
07/25/2019 11:15:00.000000,0.529681,13.63025,0.0238,21.3375,4.645
07/25/2019 11:16:00.000000,0.331275,14.42575,0.023825,19.445,5.0425
07/25/2019 11:17:00.000000,0.238403,15.27,0.0237,0.009997,4.425581
07/25/2019 11:18:00.000000,0.215086,15.8775,0.02505,13.530435,4.217391
07/25/2019 11:19:00.000000,0.208378,16.507,0.02605,5.3,3.771429
07/25/2019 11:20:00.000000,0.201848,17.378,0.025125,2.915385,2.938462
07/25/2019 11:21:00.000000,0.201395,17.64,0.0249,5.326316,4.905263
07/25/2019 11:22:00.000000,0.206335,17.308,0.026425,8.709091,4.524242
07/25/2019 11:23:00.000000,0.206887,15.74075,0.02655,0.006438,4.413953
07/25/2019 11:24:00.000000,0.210318,17.72,0.025575,19.865854,5.595122
07/25/2019 11:25:00.000000,0.215886,14.067,0.02555,0.010182,4.966667
07/25/2019 11:26:00.000000,0.20716,15.33525,0.025925,0.013988,5.226829
07/25/2019 11:27:00.000000,0.193584,15.45775,0.026525,0.012033,5.3
07/25/2019 11:28:00.000000,0.184306,15.238,0.0268,17.657143,5.3
07/25/2019 11:29:00.000000,0.182623,15.269,0.025825,7.966667,5.213333
07/25/2019 11:30:00.000000,0.185395,25.69675,0.02235,6.045,4.69
07/25/2019 11:31:00.000000,0.189877,32.54475,0.017725,0.011915,6.4
07/25/2019 11:32:00.000000,0.209727,22.29475,0.019975,0.020112,6.371795
07/25/2019 11:33:00.000000,0.208833,17.16375,0.02355,0.019721,5.875
07/25/2019 11:34:00.000000,0.226243,18.71075,0.0236,5.595455,4.418182
07/25/2019 11:35:00.000000,0.280471,18.79075,0.023775,0.010744,6.334146
07/25/2019 11:36:00.000000,0.234491,18.5925,0.0241,0.011936,4.15
07/25/2019 11:37:00.000000,0.198993,18.3195,0.024325,8.470732,4.382927
07/25/2019 11:38:00.000000,0.185211,18.05,0.02435,4.492308,3.907692
07/25/2019 11:39:00.000000,0.193083,17.8,0.0239,10.213333,5.446667
07/25/2019 11:40:00.000000,0.229272,17.56625,0.023475,0.008464,4.6
07/25/2019 11:41:00.000000,0.259631,17.333,0.022625,0.014586,5.002326
07/25/2019 11:42:00.000000,0.274266,17.197,0.022325,4.570732,3.607317
07/25/2019 11:43:00.000000,0.299373,16.914,0.0226,3.8375,3.74
07/25/2019 11:44:00.000000,0.351137,19.794,0.021075,19.904878,7.117073
07/25/2019 11:45:00.000000,0.393568,25.62325,0.017525,0.021611,4.874419
07/25/2019 11:46:00.000000,0.414186,25.86775,0.015475,12.066667,6.004444
07/25/2019 11:47:00.000000,0.375304,25.08,0.01595,8.39375,5.24375
07/25/2019 11:48:00.000000,0.348088,21.29275,0.018375,12.46,4.417143
07/25/2019 11:49:00.000000,0.340369,20.9505,0.02015,0.006902,4.136585
07/25/2019 11:50:00.000000,0.332625,20.63275,0.0228,0.008669,5.278947
07/25/2019 11:51:00.000000,0.389699,20.31,0.02365,0.011217,4.560976
07/25/2019 11:52:00.000000,0.438915,20.064,0.021875,0.014051,4.485714
07/25/2019 11:53:00.000000,0.358746,19.8315,0.02125,12.660465,4.75814
07/25/2019 11:54:00.000000,0.268428,19.64675,0.02055,0.021862,6.0375
07/25/2019 11:55:00.000000,0.256522,19.36625,0.021275,28.090244,5.27561
07/25/2019 11:56:00.000000,0.247543,19.019,0.022425,0.021014,6.042857
07/25/2019 11:57:00.000000,0.227496,18.77825,0.022225,14.769231,6.635897
07/25/2019 11:58:00.000000,0.273442,18.8915,0.020775,10.755814,5.77907
07/25/2019 11:59:00.000000,0.330985,19.168,0.0195,0.015037,4.58
07/25/2019 12:00:00.000000,0.299487,19.2695,0.019775,0.012568,5.146341
07/25/2019 12:01:00.000000,0.340861,19.409,0.021175,0.018451,5.385366
07/25/2019 12:02:00.000000,0.287244,19.44,0.022075,0.008022,4.730233
07/25/2019 12:03:00.000000,0.302982,19.49375,0.021775,7.685714,4.434286
07/25/2019 12:04:00.000000,0.329011,19.5825,0.0216,9.839286,5.075
07/25/2019 12:05:00.000000,0.255251,19.49,0.023567,0.010162,5.85
07/25/2019 12:06:00.000000,0.245865,19.246,0.024725,0.010059,6.085714
07/25/2019 12:07:00.000000,0.419851,19.15675,0.0228,0.015983,7.885
07/25/2019 12:08:00.000000,0.994264,19.206,0.021775,23.165,5.395
07/25/2019 12:09:00.000000,0.893864,19.21125,0.021675,9.170732,5.070732
07/25/2019 12:10:00.000000,0.534601,19.30725,0.021075,0.015942,6.042857
07/25/2019 12:11:00.000000,0.382139,23.23475,0.01745,22.265854,6.541463
07/25/2019 12:12:00.000000,0.299306,27.6685,0.01345,0.016641,7.197561
07/25/2019 12:13:00.000000,0.286797,22.598,0.016125,5.52439,4.978049
07/25/2019 12:14:00.000000,0.25617,18.54825,0.022,4.75814,4.75814
07/25/2019 12:15:00.000000,0.244584,18.10775,0.023775,0.011581,7.2
07/25/2019 12:16:00.000000,0.2721,18.204,0.022625,20.979545,5.497727
07/25/2019 12:17:00.000000,0.274438,18.60825,0.02075,19.64186,5.35814
07/25/2019 12:18:00.000000,0.26691,19.11025,0.019775,0.022051,5.9
07/25/2019 12:19:00.000000,0.265231,19.2005,0.0219,0.016476,5.74186
07/25/2019 12:20:00.000000,0.251738,19.2395,0.0238,0.006603,4.855556
07/25/2019 12:21:00.000000,0.266087,19.2225,0.0244,13.285,4.615
07/25/2019 12:22:00.000000,0.285851,19.16125,0.024575,0.014533,5.535
07/25/2019 12:23:00.000000,0.243803,19.155,0.024625,9.82619,6.228571
07/25/2019 12:24:00.000000,0.239685,19.04425,0.0241,0.014111,6.211905
07/25/2019 12:25:00.000000,0.283776,18.6595,0.0232,0.006284,4.742857
07/25/2019 12:26:00.000000,0.29774,18.32075,0.022575,0.012239,5.428889
07/25/2019 12:27:00.000000,0.254386,19.3935,0.02215,12.861538,7.292308
07/25/2019 12:28:00.000000,0.241039,25.459,0.021675,11.860465,6.260465
07/25/2019 12:29:00.000000,0.236426,20.9035,0.0216,0.006963,5.162791
07/25/2019 12:30:00.000000,0.245571,17.1615,0.024125,14.271429,7.083333
07/25/2019 12:31:00.000000,0.226953,17.91025,0.02335,27.714286,14.357143
07/25/2019 12:32:00.000000,0.254102,24.901,0.021,10.32,7.085
07/25/2019 12:33:00.000000,0.294244,20.56975,0.02275,5.566667,5.266667
07/25/2019 12:34:00.000000,0.252305,21.0655,0.02255,0.021503,5.88
07/25/2019 12:35:00.000000,0.249132,19.47775,0.02295,0.013573,5.485714
07/25/2019 12:36:00.000000,0.258619,20.45425,0.0223,9.518421,6.355263
07/25/2019 12:37:00.000000,0.266184,20.84425,0.020375,0.011503,6.752632
07/25/2019 12:38:00.000000,0.284839,21.07575,0.019875,16.982927,7.653659
07/25/2019 12:39:00.000000,0.300054,21.24975,0.021175,0.029752,6.22439
07/25/2019 12:40:00.000000,0.300341,21.371,0.021925,0.014428,5.128571
07/25/2019 12:41:00.000000,0.373534,21.24375,0.02355,11.614286,5.6
07/25/2019 12:42:00.000000,0.371887,20.99275,0.025225,7.702439,5.017073
07/25/2019 12:43:00.000000,0.287674,20.66125,0.0256,8.75814,5.486047
07/25/2019 12:44:00.000000,0.267064,23.04675,0.02505,0.007631,5.768421
07/25/2019 12:45:00.000000,0.262756,20.55025,0.023225,11.343902,5.543902
07/25/2019 12:46:00.000000,0.260839,21.21925,0.02335,0.019194,6.412195
07/25/2019 12:47:00.000000,0.258718,15.77175,0.0271,11.179487,7.192308
07/25/2019 12:48:00.000000,0.258268,15.81,0.028225,0.015527,6.190244
07/25/2019 12:49:00.000000,0.317695,15.79475,0.02825,13.872093,7.423256
07/25/2019 12:50:00.000000,0.419395,19.19225,0.025425,14.185,6.255
07/25/2019 12:51:00.000000,0.408179,20.66975,0.0224,0.017638,8.635
07/25/2019 12:52:00.000000,0.370338,20.89275,0.024325,0.00853,6.604651
07/25/2019 12:53:00.000000,0.425701,20.938,0.025225,15.334146,8.356098
07/25/2019 12:54:00.000000,0.474788,23.709,0.023025,13.997561,7.473171
07/25/2019 12:55:00.000000,0.59132,23.28,0.020125,0.028308,8.821951
07/25/2019 12:56:00.000000,0.569847,20.8735,0.02185,0.027302,6.518605
07/25/2019 12:57:00.000000,0.414688,17.10525,0.02565,0.022555,5.585714
07/25/2019 12:58:00.000000,0.312165,16.76975,0.026575,14.0375,5.925
07/25/2019 12:59:00.000000,0.31832,16.89925,0.026,0.012231,6.512195
07/25/2019 13:00:00.000000,0.394049,17.211,0.024725,0.015351,6.081818
07/25/2019 13:01:00.000000,0.323517,17.71525,0.02165,0.017155,6.165854
07/25/2019 13:02:00.000000,0.29725,18.1095,0.021875,0.027095,6.028571
07/25/2019 13:03:00.000000,0.375339,18.545,0.022225,11.863636,5.568182
07/25/2019 13:04:00.000000,0.529122,23.11725,0.0188,0.016025,6.945
07/25/2019 13:05:00.000000,0.624455,25.70325,0.01525,0.020057,8.294737
07/25/2019 13:06:00.000000,0.428474,25.15,0.0151,0.014812,6.12
07/25/2019 13:07:00.000000,0.39405,24.47325,0.015775,17.615909,5.959091
07/25/2019 13:08:00.000000,0.452452,24.96425,0.015025,20.344186,6.353488
07/25/2019 13:09:00.000000,0.444762,27.5165,0.0131,0.019808,6.4
07/25/2019 13:10:00.000000,0.394476,26.443,0.013725,21.242857,8.114286
07/25/2019 13:11:00.000000,0.380699,26.48575,0.014475,17.914286,6.342857
07/25/2019 13:12:00.000000,0.389086,26.83775,0.0135,0.02356,8.961538
07/25/2019 13:13:00.000000,0.398349,27.22125,0.012075,12.267568,6.651351
07/25/2019 13:14:00.000000,0.447279,27.5515,0.012625,0.014273,7.471429
07/25/2019 13:15:00.000000,0.489647,27.92425,0.0123,19.378049,7.782927
07/25/2019 13:16:00.000000,0.451642,28.22225,0.012875,0.031137,7.715385
07/25/2019 13:17:00.000000,0.40734,31.54025,0.013,14.828571,6.928571
07/25/2019 13:18:00.000000,0.390783,30.44925,0.012125,0.022368,9.01
07/25/2019 13:19:00.000000,0.41088,30.05975,0.012075,21.736585,9.912195
07/25/2019 13:20:00.000000,0.425178,30.91475,0.012725,0.038901,8.045
07/25/2019 13:21:00.000000,0.437517,30.36775,0.013325,29.271429,9.585714
07/25/2019 13:22:00.000000,0.431474,30.04475,0.01415,16.22,7.0125
07/25/2019 13:23:00.000000,0.41703,24.158,0.01855,0.027789,7.339024
07/25/2019 13:24:00.000000,0.382698,23.2595,0.019875,15.9,6.385714
07/25/2019 13:25:00.000000,0.416221,25.5775,0.017775,22.35,7.645
07/25/2019 13:26:00.000000,0.470266,27.66375,0.015425,34.285366,11.741463
07/25/2019 13:27:00.000000,0.500786,28.06025,0.013925,45.387805,12.980488
07/25/2019 13:28:00.000000,0.502305,28.156,0.01355,0.084373,14.115385
07/25/2019 13:29:00.000000,0.500603,28.26575,0.01275,34.377273,11.104545
07/25/2019 13:30:00.000000,0.457778,28.43825,0.013025,0.046825,12.44186
07/25/2019 13:31:00.000000,0.450997,28.41925,0.0143,0.030928,11.076923
07/25/2019 13:32:00.000000,0.437199,28.281,0.015325,31.833333,11.393333
07/25/2019 13:33:00.000000,0.433161,28.2705,0.01585,41.242857,10.128571
07/25/2019 13:34:00.000000,0.445445,28.397,0.016025,0.039356,10.397561
07/25/2019 13:35:00.000000,0.495079,28.3745,0.015125,0.044047,9.076744
07/25/2019 13:36:00.000000,0.470316,28.2795,0.014975,26.756098,8.373171
07/25/2019 13:37:00.000000,0.473445,27.8725,0.016925,0.029281,10.718182
07/25/2019 13:38:00.000000,0.454818,27.4505,0.017125,23.3,7.581818
07/25/2019 13:39:00.000000,0.414365,27.3045,0.01665,0.053187,7.321053
07/25/2019 13:40:00.000000,0.437812,27.3405,0.01655,36.982927,8.082927
07/25/2019 13:41:00.000000,0.447495,27.145,0.016525,0.029784,7.602439
07/25/2019 13:42:00.000000,0.46607,26.97475,0.017075,25.371429,8.1
07/25/2019 13:43:00.000000,0.486857,27.012,0.015975,20.280488,7.431707
07/25/2019 13:44:00.000000,0.50098,27.184,0.014975,24.145,7.555
07/25/2019 13:45:00.000000,0.551028,27.693,0.0147,0.027991,8.114286
07/25/2019 13:46:00.000000,0.553277,28.516,0.01435,0.037959,7.776923
07/25/2019 13:47:00.000000,0.546491,31.83775,0.01305,0.033318,8.980488
07/25/2019 13:48:00.000000,0.630673,31.77625,0.0118,22.025641,10.723077
07/25/2019 13:49:00.000000,0.719035,30.10775,0.011725,0.032194,9.906818
07/25/2019 13:50:00.000000,0.742286,34.90475,0.009875,19.002439,7.958537
07/25/2019 13:51:00.000000,0.689979,33.47925,0.01065,15.233333,7.514286
07/25/2019 13:52:00.000000,0.663006,31.097,0.013425,28.075,7.415
07/25/2019 13:53:00.000000,0.590531,31.328,0.01375,0.028459,9.492308
07/25/2019 13:54:00.000000,0.563085,30.6895,0.014375,0.029461,9.62381
07/25/2019 13:55:00.000000,0.583435,30.4115,0.015425,18.514286,8.228571
07/25/2019 13:56:00.000000,0.537667,30.019,0.0166,0.027075,8.588636
07/25/2019 13:57:00.000000,0.481374,29.70125,0.0168,36.51,9.55
07/25/2019 13:58:00.000000,0.481868,29.6195,0.015725,26.004878,9.085366
07/25/2019 13:59:00.000000,0.503111,29.79275,0.015475,0.032046,10.1
07/25/2019 14:00:00.000000,0.52449,29.90175,0.016475,25.14,10.135
07/25/2019 14:01:00.000000,0.570684,29.785,0.016975,55.0,7.433333
07/25/2019 14:02:00.000000,0.586355,29.8245,0.017225,35.207692,9.776923
07/25/2019 14:03:00.000000,0.658821,29.79175,0.018175,24.75,11.15
07/25/2019 14:04:00.000000,0.564154,26.723,0.02005,0.024614,7.975
07/25/2019 14:05:00.000000,0.48752,29.68075,0.018,0.022272,6.377273
07/25/2019 14:06:00.000000,0.515315,27.828,0.0175,12.7,7.828571
07/25/2019 14:07:00.000000,0.515917,25.86225,0.019267,21.884615,7.853846
07/25/2019 14:08:00.000000,0.494375,25.7795,0.020075,0.021979,7.628571
07/25/2019 14:09:00.000000,0.577604,25.63,0.02025,0.02545,6.838462
07/25/2019 14:10:00.000000,0.609899,25.806,0.0205,19.984615,7.461538
07/25/2019 14:11:00.000000,0.470985,25.93625,0.020925,35.429268,10.331707
07/25/2019 14:12:00.000000,0.419937,26.4585,0.019825,50.15814,9.416279
07/25/2019 14:13:00.000000,0.420375,26.5955,0.019775,0.052689,10.390698
07/25/2019 14:14:00.000000,0.424317,26.72275,0.020075,0.042492,14.628571
07/25/2019 14:15:00.000000,0.432653,26.87325,0.02025,0.028174,9.239024
07/25/2019 14:16:00.000000,0.421297,27.048,0.02025,39.05814,7.769767
07/25/2019 14:17:00.000000,0.4159,27.20275,0.019025,0.063202,7.183721
07/25/2019 14:18:00.000000,0.428272,27.3925,0.01885,40.806383,9.091489
07/25/2019 14:19:00.000000,0.441235,27.384,0.01925,0.035241,8.230769
07/25/2019 14:20:00.000000,0.472564,27.07475,0.01975,39.242857,8.6
07/25/2019 14:21:00.000000,0.460121,27.423,0.018775,19.583721,8.95814
07/25/2019 14:22:00.000000,0.503684,27.58675,0.0185,33.87,8.915
07/25/2019 14:23:00.000000,0.518095,27.64125,0.020275,0.05647,9.071429
07/25/2019 14:24:00.000000,0.481012,30.078,0.02085,44.314286,9.871429
07/25/2019 14:25:00.000000,0.49972,30.9835,0.018975,0.048214,7.428571
07/25/2019 14:26:00.000000,0.498557,27.731,0.01885,55.261538,9.297436
07/25/2019 14:27:00.000000,0.473524,28.26075,0.019275,0.039172,7.409756
07/25/2019 14:28:00.000000,0.556535,26.55375,0.02045,0.051429,8.45122
07/25/2019 14:29:00.000000,0.595708,25.07725,0.0219,0.04778,8.615789
07/25/2019 14:30:00.000000,0.452227,23.6975,0.02365,0.049924,6.395652
07/25/2019 14:31:00.000000,0.407068,23.38125,0.0254,38.1,5.411364
07/25/2019 14:32:00.000000,0.379101,23.0955,0.026475,0.032988,6.309091
07/25/2019 14:33:00.000000,0.370613,22.567,0.0278,0.015331,5.385714
07/25/2019 14:34:00.000000,0.408437,21.69525,0.0303,15.068293,5.2
07/25/2019 14:35:00.000000,0.33805,20.917,0.030975,19.873333,7.8
07/25/2019 14:36:00.000000,0.293341,20.4775,0.028825,5.836585,4.443902
07/25/2019 14:37:00.000000,0.307329,20.0055,0.027525,18.705263,4.978947
07/25/2019 14:38:00.000000,0.308494,19.98025,0.026325,0.044735,7.986667
07/25/2019 14:39:00.000000,0.335505,20.18675,0.024575,33.038461,5.961538
07/25/2019 14:40:00.000000,0.350778,20.601,0.02315,0.029599,6.383721
07/25/2019 14:41:00.000000,0.397042,28.5465,0.01945,42.187179,7.6
07/25/2019 14:42:00.000000,0.504844,28.8465,0.016875,36.526316,7.715789
07/25/2019 14:43:00.000000,0.684342,28.9985,0.01795,0.033409,7.7
07/25/2019 14:44:00.000000,0.683625,28.58425,0.0187,0.010372,5.261364
07/25/2019 14:45:00.000000,0.621624,28.356,0.018375,13.128571,5.914286
07/25/2019 14:46:00.000000,0.525436,28.28075,0.018475,0.034209,6.582927
07/25/2019 14:47:00.000000,0.446514,28.03075,0.0195,0.033178,9.785714
07/25/2019 14:48:00.000000,0.459677,27.83425,0.019675,0.018126,6.373171
07/25/2019 14:49:00.000000,0.461479,27.6965,0.020625,0.017494,5.872093
07/25/2019 14:50:00.000000,0.497057,22.2415,0.022675,0.014266,6.328571
07/25/2019 14:51:00.000000,0.499257,24.27475,0.025725,14.952381,7.666667
07/25/2019 14:52:00.000000,0.463547,24.22125,0.0229,18.1125,5.59
07/25/2019 14:53:00.000000,0.500755,22.14375,0.023325,0.021422,5.456098
07/25/2019 14:54:00.000000,0.430691,30.7965,0.0227,0.028513,6.790698
07/25/2019 14:55:00.000000,0.429239,24.4385,0.02145,0.047055,5.542857
07/25/2019 14:56:00.000000,0.416531,27.67675,0.02265,0.024894,7.584615
07/25/2019 14:57:00.000000,0.51792,31.81875,0.018375,25.6,6.5
07/25/2019 14:58:00.000000,0.598024,24.70025,0.019225,26.304545,4.904545
07/25/2019 14:59:00.000000,0.520941,25.12775,0.022075,0.036732,7.195349
07/25/2019 15:00:00.000000,0.440106,26.31775,0.0216,26.602439,6.14878
07/25/2019 15:01:00.000000,0.419899,26.911,0.020175,16.509524,6.757143
07/25/2019 15:02:00.000000,0.41527,23.507,0.0223,0.016175,6.387805
07/25/2019 15:03:00.000000,0.408282,22.68925,0.02495,0.027108,6.127273
07/25/2019 15:04:00.000000,0.39117,26.482,0.0237,0.028446,5.236364
07/25/2019 15:05:00.000000,0.417503,22.5935,0.0249,0.044525,4.847368
07/25/2019 15:06:00.000000,0.525009,24.982,0.024175,0.035141,6.771429
07/25/2019 15:07:00.000000,0.549089,25.6965,0.020675,14.05,5.825
07/25/2019 15:08:00.000000,0.491433,19.888,0.02432,24.445714,6.96
07/25/2019 15:09:00.000000,0.420458,18.6125,0.0278,0.028641,7.097059
07/25/2019 15:10:00.000000,0.600367,22.25625,0.026975,0.025662,6.927907
07/25/2019 15:11:00.000000,0.671459,19.0465,0.027525,20.482927,6.558537
07/25/2019 15:12:00.000000,0.510195,20.66325,0.02665,42.104545,7.709091
07/25/2019 15:13:00.000000,0.494467,22.332,0.024075,0.03796,6.975
07/25/2019 15:14:00.000000,0.488492,16.2385,0.028875,0.032133,6.018421
07/25/2019 15:15:00.000000,0.464638,14.98875,0.035375,25.244186,5.146512
07/25/2019 15:16:00.000000,0.344891,19.07175,0.03395,0.017843,6.032558
07/25/2019 15:17:00.000000,0.349316,20.61825,0.031225,14.541667,6.716667
07/25/2019 15:18:00.000000,0.465439,19.849,0.031,0.028213,6.461538
07/25/2019 15:19:00.000000,0.424886,14.8925,0.0346,0.016197,5.721739
07/25/2019 15:20:00.000000,0.322382,16.11075,0.03715,21.757895,4.702632
07/25/2019 15:21:00.000000,0.339381,16.3015,0.0352,13.802326,4.155814
07/25/2019 15:22:00.000000,0.40695,16.2595,0.0332,0.024113,5.390698
07/25/2019 15:23:00.000000,0.372986,16.35225,0.032925,0.019444,5.857143
07/25/2019 15:24:00.000000,0.344846,16.065,0.035167,19.663415,4.534146
07/25/2019 15:25:00.000000,0.303712,15.691667,0.038367,0.026278,6.0325
07/25/2019 15:26:00.000000,0.295955,27.636667,0.0344,0.079377,4.583784
07/25/2019 15:27:00.000000,0.337689,13.513,0.034533,16.05,4.05
07/25/2019 15:28:00.000000,0.307029,9.313667,0.041825,14.770732,4.768293
07/25/2019 15:29:00.000000,0.255984,15.14725,0.04055,0.013149,6.0
07/25/2019 15:30:00.000000,0.279797,17.0365,0.03705,12.315,6.6125
07/25/2019 15:31:00.000000,0.2688,17.57325,0.036275,0.025409,5.2
07/25/2019 15:32:00.000000,0.309767,14.253,0.03775,7.902941,3.929412
07/25/2019 15:33:00.000000,0.386769,12.6885,0.039575,14.0875,6.321875
07/25/2019 15:34:00.000000,0.325747,12.86875,0.039275,0.019877,5.623529
07/25/2019 15:35:00.000000,0.29813,13.04925,0.04045,11.528571,4.142857
07/25/2019 15:36:00.000000,0.337053,13.1405,0.0421,5.67,4.8625
07/25/2019 15:37:00.000000,0.287815,12.80925,0.0434,0.018531,3.98
07/25/2019 15:38:00.000000,0.25647,12.559,0.043025,0.022759,5.255882
07/25/2019 15:39:00.000000,0.310756,12.3945,0.04305,0.013846,4.96
07/25/2019 15:40:00.000000,0.309056,12.34375,0.0429,0.013546,5.412195
07/25/2019 15:41:00.000000,0.372145,16.13575,0.0413,11.755263,4.544737
07/25/2019 15:42:00.000000,0.447719,16.10375,0.04135,0.024696,9.562791
07/25/2019 15:43:00.000000,0.429401,15.708,0.042125,0.035635,7.15
07/25/2019 15:44:00.000000,0.343932,8.107,0.045275,0.018531,3.369231
07/25/2019 15:45:00.000000,0.238872,11.68625,0.04565,10.3625,3.99
07/25/2019 15:46:00.000000,0.277567,9.97225,0.044975,8.609302,4.286047
07/25/2019 15:47:00.000000,0.295137,10.1265,0.04575,0.012803,5.128947
07/25/2019 15:48:00.000000,0.261345,11.4975,0.044675,19.575,4.35
07/25/2019 15:49:00.000000,0.271452,13.946,0.0419,16.990909,4.745455
07/25/2019 15:50:00.000000,0.307456,8.25625,0.045775,7.913636,3.245455
07/25/2019 15:51:00.000000,0.267918,10.865,0.046425,14.488372,6.011628
07/25/2019 15:52:00.000000,0.281283,11.533,0.045675,20.552632,5.068421
07/25/2019 15:53:00.000000,0.287306,9.325,0.04865,0.007694,3.039024
07/25/2019 15:54:00.000000,0.215628,8.88,0.050525,7.188636,4.581818
07/25/2019 15:55:00.000000,0.182373,8.455,0.050175,0.013038,5.333333
07/25/2019 15:56:00.000000,0.215459,8.29925,0.047975,0.012952,4.975
07/25/2019 15:57:00.000000,0.27554,8.01425,0.04865,8.991667,3.477778
07/25/2019 15:58:00.000000,0.399079,7.7655,0.04915,22.685366,4.580488
07/25/2019 15:59:00.000000,0.391888,15.509,0.044725,0.017013,4.114286
07/25/2019 16:00:00.000000,0.347012,22.177,0.03955,8.085714,3.828571
07/25/2019 16:01:00.000000,0.347672,13.19125,0.040433,0.010507,4.141463
07/25/2019 16:02:00.000000,0.069878,8.13725,0.046575,16.185714,3.257143
07/25/2019 16:03:00.000000,0.030237,7.3225,0.049575,7.104762,3.1
07/25/2019 16:04:00.000000,-9999.0,7.1455,0.050275,4.7375,3.44
07/25/2019 16:05:00.000000,-9999.0,7.1975,0.0516,8.1,4.265
07/25/2019 16:06:00.000000,0.00366,7.38425,0.05135,0.005057,3.0875
07/25/2019 16:07:00.000000,-9999.0,7.47925,0.05095,0.00824,2.730769
07/25/2019 16:08:00.000000,-9999.0,9.86575,0.05115,0.003352,2.273171
07/25/2019 16:09:00.000000,0.0,13.96925,0.04885,,
07/25/2019 16:10:00.000000,-9999.0,8.648,0.0487,0.014292,4.8
07/25/2019 16:11:00.000000,-9999.0,7.26125,0.0515,0.007232,3.848148
07/25/2019 16:12:00.000000,0.048132,14.91125,0.047275,10.613158,4.147368
07/25/2019 16:13:00.000000,0.165288,9.486,0.046833,0.018449,4.284615
07/25/2019 16:14:00.000000,0.20865,6.25975,0.05235,0.010263,3.617073
07/25/2019 16:15:00.000000,0.187749,6.63375,0.053575,0.021234,4.353659
07/25/2019 16:16:00.000000,0.187878,7.1585,0.05305,4.988889,2.811111
07/25/2019 16:17:00.000000,0.218295,7.117,0.052725,0.011999,3.357143
07/25/2019 16:18:00.000000,0.21341,6.9495,0.053425,0.008571,2.731707
07/25/2019 16:19:00.000000,0.175271,6.79625,0.053825,0.025241,3.206667
07/25/2019 16:20:00.000000,0.170868,6.70825,0.05435,13.421951,2.802439
07/25/2019 16:21:00.000000,0.184212,9.88775,0.052675,8.45814,4.076744
07/25/2019 16:22:00.000000,0.228015,15.621,0.04625,0.009738,2.883333
07/25/2019 16:23:00.000000,0.292362,11.422,0.04575,0.00458,3.028571
07/25/2019 16:24:00.000000,0.28375,8.97025,0.049475,0.010783,3.274359
07/25/2019 16:25:00.000000,0.279242,9.49025,0.0497,14.906977,3.551163
07/25/2019 16:26:00.000000,0.29639,9.1795,0.051425,0.019636,4.368293
07/25/2019 16:27:00.000000,0.218373,8.75275,0.054575,0.01641,3.482609
07/25/2019 16:28:00.000000,0.173112,8.39075,0.055625,0.024196,4.585714
07/25/2019 16:29:00.000000,0.177845,,,,
07/25/2019 16:30:00.000000,0.185585,9.6315,0.052725,0.012404,2.39
07/25/2019 16:31:00.000000,0.198214,11.9265,0.05085,0.015328,5.105
07/25/2019 16:32:00.000000,0.25264,9.4475,0.051075,12.263415,3.209756
07/25/2019 16:33:00.000000,0.260102,9.5025,0.05225,6.557143,2.457143
07/25/2019 16:34:00.000000,0.255755,9.1355,0.051975,0.015565,3.604651
07/25/2019 16:35:00.000000,0.245038,8.96775,0.05245,0.016914,3.542857
07/25/2019 16:36:00.000000,0.226771,8.60625,0.05455,9.328571,4.014286
07/25/2019 16:37:00.000000,0.200617,8.156,0.05495,3.193023,2.551163
07/25/2019 16:38:00.000000,0.192394,7.9215,0.0542,0.005796,3.662162
07/25/2019 16:39:00.000000,0.212349,11.83375,0.05125,0.013535,4.653333
07/25/2019 16:40:00.000000,0.313554,11.78225,0.04945,0.015435,3.946341
07/25/2019 16:41:00.000000,0.30319,7.815,0.05334,0.014262,3.425
07/25/2019 16:42:00.000000,0.22249,8.51325,0.054167,0.010213,3.977419
07/25/2019 16:43:00.000000,0.208603,10.005667,0.0503,10.7,4.420455
07/25/2019 16:44:00.000000,0.227345,9.8905,0.050625,7.714634,3.646341
07/25/2019 16:45:00.000000,0.216217,9.5425,0.05415,0.005025,2.725806
07/25/2019 16:46:00.000000,0.204695,9.1035,0.0547,11.053659,5.004878
07/25/2019 16:47:00.000000,0.235407,8.9385,0.054,6.209524,3.6
07/25/2019 16:48:00.000000,0.24286,8.6005,0.0549,7.95,3.725
07/25/2019 16:49:00.000000,0.230329,8.404,0.055325,0.010029,2.939535
07/25/2019 16:50:00.000000,0.437966,8.76375,0.0548,9.546154,4.661538
07/25/2019 16:51:00.000000,0.419738,13.9205,0.0536,20.15,9.583333
07/25/2019 16:52:00.000000,0.242185,8.52775,0.0532,0.033987,3.894286
07/25/2019 16:53:00.000000,0.211435,6.72675,0.0551,3.184375,2.440625
07/25/2019 16:54:00.000000,0.209791,6.691,0.0554,0.003701,2.963636
07/25/2019 16:55:00.000000,0.194486,10.8635,0.054625,0.011004,3.715789
07/25/2019 16:56:00.000000,0.263979,15.54975,0.0502,0.009154,4.476923
07/25/2019 16:57:00.000000,0.299295,12.50825,0.049425,0.018394,3.567442
07/25/2019 16:58:00.000000,0.29267,10.59675,0.050375,4.889189,3.232432
07/25/2019 16:59:00.000000,0.260206,9.731,0.051925,14.215909,4.461364
07/25/2019 17:00:00.000000,0.229026,9.477,0.055075,0.015666,3.935
07/25/2019 17:01:00.000000,0.213313,9.34475,0.0557,5.93,4.055
07/25/2019 17:02:00.000000,0.228483,9.251,0.05565,9.4,3.507692
07/25/2019 17:03:00.000000,0.241378,8.96475,0.0578,0.009794,3.232558
07/25/2019 17:04:00.000000,0.236948,8.70275,0.0585,0.004875,3.115
07/25/2019 17:05:00.000000,0.206552,8.44075,0.058675,5.010526,3.184211
07/25/2019 17:06:00.000000,0.200248,8.1235,0.058475,0.013174,5.857143
07/25/2019 17:07:00.000000,0.196446,7.98175,0.05875,0.005005,3.034884
07/25/2019 17:08:00.000000,0.193684,8.0935,0.05725,2.483721,2.483721
07/25/2019 17:09:00.000000,0.260478,7.95825,0.05725,13.813636,3.088636
07/25/2019 17:10:00.000000,0.280714,7.77525,0.058425,20.465854,5.419512
07/25/2019 17:11:00.000000,0.231284,7.71025,0.057775,0.013716,3.286667
07/25/2019 17:12:00.000000,0.216316,7.273,0.057775,0.017077,2.65122
07/25/2019 17:13:00.000000,0.210151,6.74525,0.060125,4.07,2.345
07/25/2019 17:14:00.000000,0.161744,6.2565,0.061475,2.388372,2.3
07/25/2019 17:15:00.000000,0.14507,5.933,0.059425,0.003549,2.725
07/25/2019 17:16:00.000000,0.211063,5.642,0.058825,12.485714,3.828571
07/25/2019 17:17:00.000000,0.238537,8.826,0.05935,0.008552,2.885714
07/25/2019 17:18:00.000000,0.229988,7.6985,0.057,0.003368,2.19
07/25/2019 17:19:00.000000,0.232811,6.6585,0.0586,0.007253,3.069048
07/25/2019 17:20:00.000000,0.191826,11.988,0.05635,0.007944,4.040909
07/25/2019 17:21:00.000000,0.223498,16.731,0.050975,2.6,2.321951
07/25/2019 17:22:00.000000,0.275683,7.27225,0.05625,0.002918,2.255
07/25/2019 17:23:00.000000,0.218022,9.19575,0.0591,22.27561,2.385366
07/25/2019 17:24:00.000000,0.216242,17.6465,0.0518,0.011506,3.923077
07/25/2019 17:25:00.000000,0.387073,15.73525,0.05195,6.528571,4.285714
07/25/2019 17:26:00.000000,0.469114,14.81875,0.0571,0.004263,2.8
07/25/2019 17:27:00.000000,0.282253,14.0915,0.0577,0.035297,4.770455
07/25/2019 17:28:00.000000,0.177234,13.2475,0.058075,11.378049,3.321951
07/25/2019 17:29:00.000000,0.15607,12.071,0.060575,0.007133,2.485714
07/25/2019 17:30:00.000000,0.154717,10.7685,0.060675,0.011758,2.74
07/25/2019 17:31:00.000000,0.17035,9.64025,0.059525,0.011878,3.568293
07/25/2019 17:32:00.000000,0.185703,8.60025,0.0591,8.7375,2.935
07/25/2019 17:33:00.000000,0.19494,7.63175,0.05875,3.005,2.12
07/25/2019 17:34:00.000000,0.185191,6.66075,0.0605,15.6,2.165854
07/25/2019 17:35:00.000000,0.189243,12.21625,0.057375,0.006795,2.554545
07/25/2019 17:36:00.000000,0.373434,13.14125,0.055575,2.128571,2.142857
07/25/2019 17:37:00.000000,0.504599,7.46525,0.05915,0.003912,2.957143
07/25/2019 17:38:00.000000,0.292945,5.6335,0.0607,6.273171,2.74878
07/25/2019 17:39:00.000000,0.197967,4.9855,0.0611,0.00415,2.354545
07/25/2019 17:40:00.000000,0.168592,4.92125,0.0626,4.995349,3.848837
07/25/2019 17:41:00.000000,0.154523,4.70125,0.0624,0.004192,2.690244
07/25/2019 17:42:00.000000,0.170143,8.51875,0.06035,0.006657,2.486667
07/25/2019 17:43:00.000000,0.175822,3.1265,0.06105,22.390698,2.844186
07/25/2019 17:44:00.000000,0.235257,3.173,0.062125,3.192857,2.321429
07/25/2019 17:45:00.000000,0.26538,4.23975,0.06145,6.452381,4.014286
07/25/2019 17:46:00.000000,0.304622,7.841,0.056775,3.55814,3.095349
07/25/2019 17:47:00.000000,0.531,7.57125,0.05565,0.005714,2.55
07/25/2019 17:48:00.000000,0.349988,8.72925,0.05845,0.015136,3.614286
07/25/2019 17:49:00.000000,0.219226,9.47575,0.058475,0.008215,3.627907
07/25/2019 17:50:00.000000,0.182685,6.42475,0.060425,0.01078,4.186047
07/25/2019 17:51:00.000000,0.232108,9.9265,0.057325,0.019534,3.626316
07/25/2019 17:52:00.000000,0.34352,5.8285,0.058525,0.013449,3.075
07/25/2019 17:53:00.000000,0.24137,6.00125,0.0617,13.822222,3.866667
07/25/2019 17:54:00.000000,0.199152,5.0345,0.060925,0.004523,2.725
07/25/2019 17:55:00.000000,0.30782,5.8545,0.0588,2.844186,2.751163
07/25/2019 17:56:00.000000,0.300675,6.085,0.0611,7.839535,2.8
07/25/2019 17:57:00.000000,0.200212,6.53825,0.061625,7.78,5.01
07/25/2019 17:58:00.000000,0.241373,7.1055,0.05885,6.0,3.715789
07/25/2019 17:59:00.000000,0.324836,9.11175,0.0584,0.007383,3.566667
07/25/2019 18:00:00.000000,0.336591,4.49875,0.063075,2.590909,2.304545
07/25/2019 18:01:00.000000,0.210608,6.285,0.0627,12.812195,3.380488
07/25/2019 18:02:00.000000,0.172014,7.89225,0.060575,3.67561,2.404878
07/25/2019 18:03:00.000000,0.194092,10.7445,0.060175,3.345238,2.714286
07/25/2019 18:04:00.000000,0.216289,3.29625,0.0652,6.487805,3.82439
07/25/2019 18:05:00.000000,0.188513,3.03975,0.0676,6.121951,3.146341
07/25/2019 18:06:00.000000,0.165917,3.3865,0.06685,0.003256,2.317073
07/25/2019 18:07:00.000000,0.152044,8.5125,0.055175,16.6,2.806667
07/25/2019 18:08:00.000000,0.235433,16.643,0.0652,7.095,3.495
07/25/2019 18:09:00.000000,0.218153,5.02575,0.06665,0.012527,3.342857
07/25/2019 18:10:00.000000,0.213168,8.99525,0.062775,7.72,4.49
07/25/2019 18:11:00.000000,0.320671,8.809,0.061625,3.586364,3.145455
07/25/2019 18:12:00.000000,0.298903,5.07575,0.0645,0.003881,2.981579
07/25/2019 18:13:00.000000,0.20919,5.079,0.065075,9.76,2.915556
07/25/2019 18:14:00.000000,0.188711,5.26275,0.06215,0.008279,3.5
07/25/2019 18:15:00.000000,0.203745,5.383,0.062775,4.95,3.685
07/25/2019 18:16:00.000000,0.222314,5.3455,0.066225,0.004431,3.271429
07/25/2019 18:17:00.000000,0.195881,5.3205,0.06565,0.006641,3.537778
07/25/2019 18:18:00.000000,0.205711,5.5665,0.063925,3.09,2.8575
07/25/2019 18:19:00.000000,0.268449,5.00425,0.064675,3.635,3.55
07/25/2019 18:20:00.000000,0.800284,7.581,0.06275,0.015845,6.934146
07/25/2019 18:21:00.000000,1.581452,8.69225,0.0625,0.011733,4.1
07/25/2019 18:22:00.000000,5.039528,4.60425,0.065875,9.221053,3.5
07/25/2019 18:23:00.000000,4.087681,4.16975,0.069,0.003972,2.653846
07/25/2019 18:24:00.000000,0.9396,4.07675,0.07085,0.014399,3.268293
07/25/2019 18:25:00.000000,0.275725,7.4285,0.069175,11.653846,3.071795
07/25/2019 18:26:00.000000,0.275922,4.3195,0.069625,0.017617,4.891111
07/25/2019 18:27:00.000000,0.207709,3.778,0.071725,0.008849,4.689744
07/25/2019 18:28:00.000000,0.204727,4.07875,0.071375,6.888372,3.427907
07/25/2019 18:29:00.000000,0.242242,8.8345,0.068075,0.004555,3.2
07/25/2019 18:30:00.000000,0.240402,18.2505,0.060575,9.847727,3.718182
07/25/2019 18:31:00.000000,0.272031,11.21625,0.0613,8.62439,3.980488
07/25/2019 18:32:00.000000,0.329229,12.54575,0.061675,0.013984,4.774419
07/25/2019 18:33:00.000000,0.670061,10.78225,0.059925,0.029957,4.407692
07/25/2019 18:34:00.000000,0.775552,10.87575,0.0615,0.00951,3.0
07/25/2019 18:35:00.000000,0.277813,10.894,0.06375,0.014637,2.884615
07/25/2019 18:36:00.000000,0.193483,10.77725,0.063725,15.965,3.92
07/25/2019 18:37:00.000000,0.20895,10.80875,0.062475,16.434091,5.872727
07/25/2019 18:38:00.000000,0.212834,10.93925,0.063,8.647619,3.871429
07/25/2019 18:39:00.000000,0.201091,12.1475,0.064525,17.697561,6.146341
07/25/2019 18:40:00.000000,0.21941,15.81725,0.0615,29.021951,6.258537
07/25/2019 18:41:00.000000,0.204521,13.78725,0.063325,21.475,4.585
07/25/2019 18:42:00.000000,0.167421,7.63875,0.065925,20.71,4.895
07/25/2019 18:43:00.000000,0.158593,26.56625,0.056675,11.665854,9.182927
07/25/2019 18:44:00.000000,0.176044,22.57025,0.064825,0.01105,5.37561
07/25/2019 18:45:00.000000,0.171153,9.9265,0.064775,16.488889,4.214815
07/25/2019 18:46:00.000000,0.217813,8.5935,0.0645,0.025262,4.025
07/25/2019 18:47:00.000000,0.265377,8.463,0.065275,5.153846,3.153846
07/25/2019 18:48:00.000000,0.293955,10.012,0.06315,8.181818,4.209091
07/25/2019 18:49:00.000000,0.334737,10.388,0.06105,35.431915,3.46383
07/25/2019 18:50:00.000000,0.25286,12.529,0.05815,19.5,4.102703
07/25/2019 18:51:00.000000,0.247813,18.7425,0.056125,18.856098,3.346341
07/25/2019 18:52:00.000000,0.261502,11.75575,0.058425,0.02148,3.702326
07/25/2019 18:53:00.000000,0.252737,9.989,0.059925,0.019273,5.507317
07/25/2019 18:54:00.000000,0.246362,9.8355,0.059075,34.590698,3.204651
07/25/2019 18:55:00.000000,0.242302,11.93975,0.057575,8.858537,2.865854
07/25/2019 18:56:00.000000,0.214935,10.66425,0.05765,6.412195,4.180488
07/25/2019 18:57:00.000000,0.187749,9.20575,0.058975,0.020116,3.104762
07/25/2019 18:58:00.000000,0.183451,7.82325,0.061275,7.815,2.63
07/25/2019 18:59:00.000000,0.181712,7.75975,0.0609,7.520513,3.192308
07/25/2019 19:00:00.000000,0.194369,7.8155,0.06,6.566667,2.792308
07/25/2019 19:01:00.000000,0.20358,11.0265,0.060625,7.567568,4.256757
07/25/2019 19:02:00.000000,0.332502,9.94525,0.059933,0.013537,3.957143
07/25/2019 19:03:00.000000,0.443306,6.744,0.060275,10.239535,3.565116
07/25/2019 19:04:00.000000,0.235852,7.50975,0.06092,0.008742,3.5
07/25/2019 19:05:00.000000,0.223924,8.3695,0.060867,0.010756,3.5
07/25/2019 19:06:00.000000,0.203221,8.328,0.060675,0.007471,3.0625
07/25/2019 19:07:00.000000,0.167511,8.447,0.059425,12.914286,3.428571
07/25/2019 19:08:00.000000,0.18584,8.55025,0.058025,0.011385,3.333333
07/25/2019 19:09:00.000000,0.199574,14.429,0.056075,0.015365,3.130769
07/25/2019 19:10:00.000000,0.204095,12.0035,0.05465,25.795122,6.087805
07/25/2019 19:11:00.000000,0.225464,8.85575,0.057875,5.64878,3.0
07/25/2019 19:12:00.000000,0.245212,8.81725,0.059925,0.003227,2.5
07/25/2019 19:13:00.000000,0.226888,7.6915,0.06115,0.00342,2.670732
07/25/2019 19:14:00.000000,0.20346,7.66575,0.06095,0.006554,2.7
07/25/2019 19:15:00.000000,0.195587,7.8775,0.058825,4.282927,3.382927
07/25/2019 19:16:00.000000,0.533377,8.22,0.057225,0.0187,3.673913
07/25/2019 19:17:00.000000,0.706558,8.68375,0.05645,0.007407,3.273171
07/25/2019 19:18:00.000000,0.306975,8.68275,0.058675,0.020407,3.287805
07/25/2019 19:19:00.000000,0.205143,8.5385,0.061,0.011283,3.47
07/25/2019 19:20:00.000000,0.201843,8.57325,0.0613,20.372727,4.004545
07/25/2019 19:21:00.000000,0.247316,10.72925,0.059275,0.016949,4.272093
07/25/2019 19:22:00.000000,0.253297,14.6565,0.056725,17.37561,4.470732
07/25/2019 19:23:00.000000,0.207936,10.345,0.057025,0.056156,4.073171
07/25/2019 19:24:00.000000,0.206224,6.9595,0.060125,0.02569,4.595
07/25/2019 19:25:00.000000,0.218401,6.99725,0.0619,0.009018,3.334146
07/25/2019 19:26:00.000000,0.356297,7.63325,0.058975,3.653846,3.269231
07/25/2019 19:27:00.000000,0.308328,8.11325,0.057225,6.629268,2.958537
07/25/2019 19:28:00.000000,0.229703,8.0485,0.06025,0.003982,2.387805
07/25/2019 19:29:00.000000,0.176974,7.851,0.06335,6.361538,2.638462
07/25/2019 19:30:00.000000,0.168344,7.6495,0.064375,7.714634,4.578049
07/25/2019 19:31:00.000000,0.179903,7.80075,0.06145,0.073418,3.806818
07/25/2019 19:32:00.000000,0.205754,7.86725,0.05785,16.851163,2.997674
07/25/2019 19:33:00.000000,0.195189,7.823,0.055975,0.024605,6.058537
07/25/2019 19:34:00.000000,0.183667,7.4605,0.053975,10.9,3.6
07/25/2019 19:35:00.000000,0.18084,7.3965,0.05245,0.041565,5.490244
07/25/2019 19:36:00.000000,0.183568,7.911,0.050575,37.65122,5.473171
07/25/2019 19:37:00.000000,0.231,8.47925,0.049925,32.863636,5.315909
07/25/2019 19:38:00.000000,0.355553,9.0885,0.05015,63.851163,6.388372
07/25/2019 19:39:00.000000,0.276919,9.36,0.049775,0.044653,4.56
07/25/2019 19:40:00.000000,0.212426,11.21375,0.049625,44.195,7.175
07/25/2019 19:41:00.000000,0.224619,16.4335,0.048875,26.597561,6.334146
07/25/2019 19:42:00.000000,0.247783,12.9395,0.0481,0.04531,4.441463
07/25/2019 19:43:00.000000,0.247854,14.15875,0.0475,0.048492,7.685366
07/25/2019 19:44:00.000000,0.26736,15.9655,0.047525,7.7375,4.05
07/25/2019 19:45:00.000000,0.233317,15.54225,0.047125,0.017034,4.239024
07/25/2019 19:46:00.000000,0.219368,14.957,0.047275,0.013432,3.714286
07/25/2019 19:47:00.000000,0.225672,14.0285,0.05115,0.005424,3.257143
07/25/2019 19:48:00.000000,0.218223,13.04925,0.05275,3.027907,3.027907
07/25/2019 19:49:00.000000,0.228905,12.175,0.052575,12.165909,3.504545
07/25/2019 19:50:00.000000,0.239285,11.3985,0.052,18.185714,4.8
07/25/2019 19:51:00.000000,0.3228,10.61,0.05235,0.017924,3.98
07/25/2019 19:52:00.000000,0.320493,11.309,0.052,21.414286,3.716667
07/25/2019 19:53:00.000000,0.287304,16.2045,0.04935,8.502564,4.461538
07/25/2019 19:54:00.000000,0.263942,11.94975,0.0502,11.542857,6.314286
07/25/2019 19:55:00.000000,0.256291,11.33,0.050875,34.247619,13.714286
07/25/2019 19:56:00.000000,0.30825,18.86225,0.045025,0.021667,6.4
07/25/2019 19:57:00.000000,0.331033,13.877,0.047325,0.017929,3.975
07/25/2019 19:58:00.000000,0.29957,10.21825,0.05355,0.006062,3.8
07/25/2019 19:59:00.000000,0.265245,10.3985,0.05425,3.131707,3.117073
07/25/2019 20:00:00.000000,0.238363,10.4455,0.05425,0.004788,3.602326
07/25/2019 20:01:00.000000,0.230833,10.3068,0.05632,0.058903,4.348649
07/25/2019 20:02:00.000000,0.217939,10.165667,0.05745,0.029468,7.377778
07/25/2019 20:03:00.000000,0.210214,9.847,0.059475,0.008581,3.804878
07/25/2019 20:04:00.000000,0.196614,11.06775,0.0573,0.005671,4.031915
07/25/2019 20:05:00.000000,0.236243,12.002,0.055125,0.008111,4.046154
07/25/2019 20:06:00.000000,0.276433,8.82425,0.05775,15.366667,3.74
07/25/2019 20:07:00.000000,0.244364,10.1845,0.057325,0.007757,3.783784
07/25/2019 20:08:00.000000,0.241932,10.10025,0.0574,0.01637,5.264583
07/25/2019 20:09:00.000000,0.238831,9.08675,0.059575,0.016713,4.997561
07/25/2019 20:10:00.000000,0.239262,11.49875,0.056025,9.120455,4.722727
07/25/2019 20:11:00.000000,0.301293,20.4,0.0509,0.005299,3.45
07/25/2019 20:12:00.000000,0.308491,12.84275,0.057775,0.009504,4.39
07/25/2019 20:13:00.000000,0.238521,12.97575,0.058175,10.936585,5.512195
07/25/2019 20:14:00.000000,0.331198,14.21075,0.0563,0.008903,4.507692
07/25/2019 20:15:00.000000,0.330515,13.0335,0.0604,0.005149,3.738462
07/25/2019 20:16:00.000000,0.250966,12.9015,0.061425,0.01107,4.554545
07/25/2019 20:17:00.000000,0.218584,12.62875,0.061475,4.953488,3.767442
07/25/2019 20:18:00.000000,0.204318,11.763,0.065075,0.013237,6.948837
07/25/2019 20:19:00.000000,0.192527,11.00275,0.06445,11.583333,4.683333
07/25/2019 20:20:00.000000,0.197822,10.43175,0.0629,10.097674,5.390698
07/25/2019 20:21:00.000000,0.208951,9.71425,0.063225,8.436111,4.683333
07/25/2019 20:22:00.000000,0.204458,9.0645,0.0644,6.797619,4.352381
07/25/2019 20:23:00.000000,0.204052,9.6915,0.0631,3.821739,3.415217
07/25/2019 20:24:00.000000,0.277572,15.551,0.0599,7.339024,4.736585
07/25/2019 20:25:00.000000,0.365322,13.66975,0.0575,16.814286,5.5
07/25/2019 20:26:00.000000,0.340076,9.87425,0.060375,12.163415,4.016667
07/25/2019 20:27:00.000000,0.286606,8.5915,0.064525,0.007585,3.617073
07/25/2019 20:28:00.000000,0.222623,8.57425,0.0645,0.005228,3.771429
07/25/2019 20:29:00.000000,0.214034,8.554,0.0641,0.018513,4.565
07/25/2019 20:30:00.000000,0.220193,8.83,0.0626,9.874359,3.769231
07/25/2019 20:31:00.000000,0.267363,9.14975,0.0616,9.585714,5.571429
07/25/2019 20:32:00.000000,0.306405,9.50325,0.0606,7.321429,4.271429
07/25/2019 20:33:00.000000,0.285186,9.8865,0.061275,0.040282,3.314286
07/25/2019 20:34:00.000000,0.264597,9.9925,0.062975,0.010971,3.03
07/25/2019 20:35:00.000000,0.22503,10.16475,0.06255,16.423256,4.204651
07/25/2019 20:36:00.000000,0.233431,10.37475,0.062375,6.811628,3.625581
07/25/2019 20:37:00.000000,0.247001,10.6635,0.061975,0.021405,4.743902
07/25/2019 20:38:00.000000,0.244234,10.84475,0.06095,0.007714,3.673171
07/25/2019 20:39:00.000000,0.241729,10.81375,0.0613,8.668293,4.082927
07/25/2019 20:40:00.000000,0.223074,10.7395,0.061175,0.012192,4.54
07/25/2019 20:41:00.000000,0.249133,10.543,0.0621,0.011678,5.030233
07/25/2019 20:42:00.000000,0.250189,10.34825,0.0649,0.004821,3.042857
07/25/2019 20:43:00.000000,0.221923,9.961,0.067325,5.881395,3.904651
07/25/2019 20:44:00.000000,0.188189,9.72025,0.066325,7.061538,4.1
07/25/2019 20:45:00.000000,0.187864,13.37925,0.06215,0.01622,4.275
07/25/2019 20:46:00.000000,0.252793,11.7275,0.062075,9.008108,3.545946
07/25/2019 20:47:00.000000,0.287318,8.46025,0.065675,0.004628,2.811364
07/25/2019 20:48:00.000000,0.246704,11.1635,0.066125,0.007971,4.492683
07/25/2019 20:49:00.000000,0.255737,,,,
07/25/2019 20:50:00.000000,0.304216,11.96875,0.06615,10.343902,5.292683
07/25/2019 20:51:00.000000,0.290616,11.56625,0.066125,14.125,4.4625
07/25/2019 20:52:00.000000,0.22346,11.1355,0.065125,0.013726,5.928571
07/25/2019 20:53:00.000000,0.25532,10.973,0.063425,0.011134,5.945
07/25/2019 20:54:00.000000,0.262712,16.35775,0.06105,25.878261,5.465217
07/25/2019 20:55:00.000000,0.303694,14.44375,0.060525,30.121951,15.985366
07/25/2019 20:56:00.000000,0.290094,12.76425,0.064675,0.013619,6.183721
07/25/2019 20:57:00.000000,0.274328,13.15375,0.063875,5.234146,4.129268
07/25/2019 20:58:00.000000,0.247706,11.14775,0.066625,3.457143,3.328571
07/25/2019 20:59:00.000000,0.227027,10.921,0.068425,29.685714,3.2
07/25/2019 21:00:00.000000,0.211745,10.68175,0.067775,8.35,3.116667
07/25/2019 21:01:00.000000,0.227883,10.859,0.06415,0.004129,3.185714
07/25/2019 21:02:00.000000,0.261443,11.1505,0.062075,0.013286,4.834884
07/25/2019 21:03:00.000000,0.28967,11.496,0.063475,0.008441,3.990244
07/25/2019 21:04:00.000000,0.27668,11.34825,0.066675,0.013028,3.55122
07/25/2019 21:05:00.000000,0.253047,11.1035,0.067775,0.010336,3.853488
07/25/2019 21:06:00.000000,0.251797,11.217,0.06605,0.008062,3.393333
07/25/2019 21:07:00.000000,0.328165,11.58475,0.063775,10.490909,4.768182
07/25/2019 21:08:00.000000,0.341056,11.38575,0.067175,0.005757,3.3375
07/25/2019 21:09:00.000000,0.259011,,,,
07/25/2019 21:10:00.000000,0.195154,9.9575,0.068475,14.330233,3.051163
07/25/2019 21:11:00.000000,0.200105,9.20275,0.067725,4.692308,2.935897
07/25/2019 21:12:00.000000,0.216003,9.17375,0.06635,0.00603,3.58
07/25/2019 21:13:00.000000,0.235133,9.03025,0.068775,3.595122,3.45122
07/25/2019 21:14:00.000000,0.217793,8.105,0.071175,0.015806,4.275
07/25/2019 21:15:00.000000,0.21096,8.26,0.0698,0.022694,3.89
07/25/2019 21:16:00.000000,0.228571,13.40475,0.06885,0.057166,4.878049
07/25/2019 21:17:00.000000,0.261119,10.89125,0.068175,16.077273,4.847727
07/25/2019 21:18:00.000000,0.252775,12.21925,0.068125,0.015335,4.713636
07/25/2019 21:19:00.000000,0.267128,7.8235,0.0708,0.015813,4.45
07/25/2019 21:20:00.000000,0.289879,8.8565,0.06935,0.010697,5.257143
07/25/2019 21:21:00.000000,0.271222,17.091,0.064225,0.011385,4.631707
07/25/2019 21:22:00.000000,0.311256,10.47125,0.065375,8.757143,4.166667
07/25/2019 21:23:00.000000,0.282221,11.50475,0.067325,5.8125,3.42
07/25/2019 21:24:00.000000,0.246181,9.7055,0.066825,0.006646,4.068293
07/25/2019 21:25:00.000000,0.226721,8.2265,0.066025,2.614286,2.485714
07/25/2019 21:26:00.000000,0.208323,7.991,0.066225,2.283721,2.283721
07/25/2019 21:27:00.000000,0.185005,7.6665,0.0672,2.65,2.385
07/25/2019 21:28:00.000000,0.169324,7.3465,0.067325,7.907317,2.229268
07/25/2019 21:29:00.000000,0.170085,,,,
07/25/2019 21:30:00.000000,0.187265,6.7585,0.06655,3.592683,2.697561
07/25/2019 21:31:00.000000,0.218982,6.52,0.06675,0.004463,3.145455
07/25/2019 21:32:00.000000,0.221198,6.3645,0.06585,6.8,3.792308
07/25/2019 21:33:00.000000,0.21931,6.30025,0.065925,6.27561,3.131707
07/25/2019 21:34:00.000000,0.200815,8.32125,0.067275,5.239535,3.753488
07/25/2019 21:35:00.000000,0.2049,8.79325,0.0679,0.009783,3.568293
07/25/2019 21:36:00.000000,0.203676,7.234,0.068225,0.008487,4.55814
07/25/2019 21:37:00.000000,0.201886,7.0035,0.068475,0.015492,4.545
07/25/2019 21:38:00.000000,0.21849,8.3425,0.068,0.009792,3.897674
07/25/2019 21:39:00.000000,0.224658,5.438,0.05895,0.0045,2.966667
07/25/2019 21:40:00.000000,0.238891,10.36625,0.066825,0.009942,3.2375
07/25/2019 21:41:00.000000,0.232631,9.15675,0.067775,0.004325,2.446341
07/25/2019 21:42:00.000000,0.236968,10.41,0.06725,8.814286,4.014286
07/25/2019 21:43:00.000000,0.361394,11.5955,0.064825,6.925,3.79
07/25/2019 21:44:00.000000,0.402797,11.56375,0.063025,0.010786,3.53
07/25/2019 21:45:00.000000,0.331209,11.417,0.063,5.1,3.930233
07/25/2019 21:46:00.000000,0.244829,11.322,0.06345,4.331818,3.159091
07/25/2019 21:47:00.000000,0.229841,11.1705,0.064,2.719512,2.573171
07/25/2019 21:48:00.000000,0.240005,11.07075,0.063425,0.008774,2.914634
07/25/2019 21:49:00.000000,0.268673,13.211,0.05835,0.018875,3.167442
07/25/2019 21:50:00.000000,0.296921,20.3125,0.052925,4.070732,2.517073
07/25/2019 21:51:00.000000,0.338911,16.51375,0.055525,8.634146,4.363415
07/25/2019 21:52:00.000000,0.345959,11.428,0.06075,0.009727,3.085
07/25/2019 21:53:00.000000,0.284648,9.55025,0.064425,0.008485,3.4
07/25/2019 21:54:00.000000,0.24109,9.38075,0.066225,3.660465,3.165116
07/25/2019 21:55:00.000000,0.235999,9.1965,0.065975,0.005172,3.185
07/25/2019 21:56:00.000000,0.24746,9.04125,0.066275,2.925,2.69
07/25/2019 21:57:00.000000,0.24415,8.9545,0.065525,6.1,3.192308
07/25/2019 21:58:00.000000,0.240332,8.93825,0.065075,0.017975,4.484615
07/25/2019 21:59:00.000000,0.308773,8.9545,0.065175,7.554545,3.404545
07/25/2019 22:00:00.000000,0.28486,8.89775,0.065625,0.005942,2.947368
07/25/2019 22:01:00.000000,0.232672,8.843,0.066475,0.009671,4.045238
07/25/2019 22:02:00.000000,0.060912,8.92825,0.06635,0.017547,3.163636
07/25/2019 22:03:00.000000,0.030893,9.2315,0.06445,0.007268,3.086047
07/25/2019 22:04:00.000000,0.004122,9.7885,0.06185,0.009915,3.763415
07/25/2019 22:05:00.000000,0.003265,9.7245,0.065175,3.275,2.795
07/25/2019 22:06:00.000000,0.00066,9.56925,0.067375,0.002978,2.348837
07/25/2019 22:07:00.000000,0.002562,9.5335,0.066325,0.004824,3.575
07/25/2019 22:08:00.000000,0.002298,9.925,0.063725,6.594737,4.557895
07/25/2019 22:09:00.000000,0.00033,,,,
07/25/2019 22:10:00.000000,0.00077,10.42875,0.064525,6.958974,3.684615
07/25/2019 22:11:00.000000,-9999.0,10.414,0.065,11.465,3.375
07/25/2019 22:12:00.000000,0.048865,10.74075,0.055275,0.014249,3.646667
07/25/2019 22:13:00.000000,0.198544,28.30475,0.0494,7.345,3.445
07/25/2019 22:14:00.000000,0.331558,20.419,0.0539,3.1125,2.72
07/25/2019 22:15:00.000000,0.335055,10.58075,0.06095,0.009423,3.9125
07/25/2019 22:16:00.000000,0.279214,8.0685,0.06475,0.011971,3.587805
07/25/2019 22:17:00.000000,0.232424,8.3515,0.063475,0.007696,2.731707
07/25/2019 22:18:00.000000,0.271789,9.01,0.0613,6.122222,2.764444
07/25/2019 22:19:00.000000,0.367984,9.8215,0.06025,9.44878,2.970732
07/25/2019 22:20:00.000000,0.355434,10.44925,0.0594,0.017002,5.936364
07/25/2019 22:21:00.000000,0.441626,11.222,0.05985,7.942857,3.228571
07/25/2019 22:22:00.000000,0.36298,11.80325,0.060875,0.003678,2.530769
07/25/2019 22:23:00.000000,0.272391,12.41875,0.061575,0.02278,3.002326
07/25/2019 22:24:00.000000,0.246231,12.657,0.063075,4.4,2.153488
07/25/2019 22:25:00.000000,0.239226,12.561,0.063775,0.028238,3.353846
07/25/2019 22:26:00.000000,0.33995,11.6525,0.058125,10.734884,3.513953
07/25/2019 22:27:00.000000,0.459609,25.39025,0.049975,0.0042,2.9
07/25/2019 22:28:00.000000,0.756764,18.094,0.055925,8.457143,3.216667
07/25/2019 22:29:00.000000,0.895103,,,,
07/25/2019 22:30:00.000000,0.737144,14.35075,0.0595,0.012243,3.55
07/25/2019 22:31:00.000000,0.389774,13.14775,0.06105,0.005376,3.483784
07/25/2019 22:32:00.000000,0.294544,13.35075,0.061075,18.727273,4.968182
07/25/2019 22:33:00.000000,0.293104,13.4195,0.06115,7.45,4.106818
07/25/2019 22:34:00.000000,0.28602,13.292,0.0627,0.010913,3.729268
07/25/2019 22:35:00.000000,0.273666,13.67825,0.061975,0.009954,4.985714
07/25/2019 22:36:00.000000,0.32096,16.249,0.0595,0.008315,4.116667
07/25/2019 22:37:00.000000,0.375884,14.3505,0.059625,0.018694,4.156098
07/25/2019 22:38:00.000000,0.390267,16.838,0.057925,12.657143,6.771429
07/25/2019 22:39:00.000000,0.363594,15.683,0.057875,6.65,4.628571
07/25/2019 22:40:00.000000,0.346543,16.39025,0.057875,9.684091,3.106818
07/25/2019 22:41:00.000000,0.352926,19.98925,0.056725,9.475,3.320455
07/25/2019 22:42:00.000000,0.314083,12.854,0.057225,3.9,3.057143
07/25/2019 22:43:00.000000,0.284554,11.48325,0.059025,2.742857,2.742857
07/25/2019 22:44:00.000000,0.272454,12.18275,0.05755,2.783721,2.783721
07/25/2019 22:45:00.000000,0.287734,17.025,0.05305,0.003339,2.627907
07/25/2019 22:46:00.000000,0.292939,12.294,0.05545,3.902632,3.021053
07/25/2019 22:47:00.000000,0.245152,8.1725,0.0624,0.005809,3.531818
07/25/2019 22:48:00.000000,0.249536,11.15875,0.060575,2.465854,2.319512
07/25/2019 22:49:00.000000,0.270668,9.64675,0.0597,2.012821,2.015385
07/25/2019 22:50:00.000000,0.251815,10.1415,0.05815,2.702439,2.682927
07/25/2019 22:51:00.000000,0.277161,10.222,0.057575,1.95,1.975
07/25/2019 22:52:00.000000,0.291984,13.30025,0.05685,3.16,3.075
07/25/2019 22:53:00.000000,0.300681,8.14275,0.056975,5.261538,2.453846
07/25/2019 22:54:00.000000,0.27326,6.541,0.05875,0.002811,1.961538
07/25/2019 22:55:00.000000,0.240155,8.1785,0.059075,3.1,2.5
07/25/2019 22:56:00.000000,0.223063,8.105,0.058475,14.135714,3.542857
07/25/2019 22:57:00.000000,0.256762,8.2585,0.0569,4.21,2.425
07/25/2019 22:58:00.000000,0.296997,8.4055,0.056875,0.002797,2.113953
07/25/2019 22:59:00.000000,0.261182,8.34925,0.058825,3.440909,2.445455
07/25/2019 23:00:00.000000,0.219163,8.354,0.058725,0.009936,3.972727
07/25/2019 23:01:00.000000,0.221214,8.518,0.058175,5.653659,2.84878
07/25/2019 23:02:00.000000,0.24938,8.84,0.05745,10.67381,3.542857
07/25/2019 23:03:00.000000,0.248288,9.54825,0.05645,0.005377,2.846341
07/25/2019 23:04:00.000000,0.251187,9.996,0.056275,0.003555,2.785
07/25/2019 23:05:00.000000,0.266775,10.26375,0.055375,10.35122,3.482927
07/25/2019 23:06:00.000000,0.322998,14.37425,0.05115,21.072727,5.327273
07/25/2019 23:07:00.000000,0.368251,15.70775,0.05095,0.016208,5.944186
07/25/2019 23:08:00.000000,0.334809,15.94925,0.052325,6.927907,5.053488
07/25/2019 23:09:00.000000,0.314507,14.19,0.052575,0.010749,3.14186
07/25/2019 23:10:00.000000,0.319641,11.46125,0.05545,0.019128,4.736842
07/25/2019 23:11:00.000000,0.298003,10.97675,0.057,0.014875,4.169231
07/25/2019 23:12:00.000000,0.281298,10.992,0.058175,7.665,3.505
07/25/2019 23:13:00.000000,0.263513,10.9245,0.058725,10.691429,4.662857
07/25/2019 23:14:00.000000,0.259534,10.89175,0.057975,9.131707,4.187805
07/25/2019 23:15:00.000000,0.265096,10.998,0.057,0.020715,2.424324
07/25/2019 23:16:00.000000,0.268364,11.05575,0.0567,0.012431,4.853488
07/25/2019 23:17:00.000000,0.28053,11.64825,0.05395,4.35,3.94
07/25/2019 23:18:00.000000,0.296184,12.36925,0.05255,13.446154,4.715385
07/25/2019 23:19:00.000000,0.312368,13.11175,0.052125,0.007544,4.217073
07/25/2019 23:20:00.000000,0.343913,13.61875,0.0531,0.00858,3.846154
07/25/2019 23:21:00.000000,0.377785,14.2385,0.053275,0.01623,5.004651
07/25/2019 23:22:00.000000,0.371989,14.9065,0.05185,0.021111,4.517073
07/25/2019 23:23:00.000000,0.360209,15.06025,0.052875,5.32,3.08
07/25/2019 23:24:00.000000,0.327681,14.789,0.05535,14.340476,3.416667
07/25/2019 23:25:00.000000,0.283165,18.968,0.05465,15.558537,3.670732
07/25/2019 23:26:00.000000,0.236113,14.0335,0.056675,17.719512,3.187805
07/25/2019 23:27:00.000000,0.214742,6.90325,0.059525,8.548837,4.390698
07/25/2019 23:28:00.000000,0.203873,7.12325,0.05865,31.17907,3.739535
07/25/2019 23:29:00.000000,0.21178,11.33025,0.056575,0.011389,3.682051
07/25/2019 23:30:00.000000,0.241848,11.92625,0.0549,0.02922,7.114634
07/25/2019 23:31:00.000000,0.278609,11.79175,0.0553,13.917073,5.736585
07/25/2019 23:32:00.000000,0.276362,11.30625,0.058875,0.010208,5.4
07/25/2019 23:33:00.000000,0.2299,10.53875,0.060975,4.161538,3.961538
07/25/2019 23:34:00.000000,0.219917,11.07175,0.058475,24.860976,4.212195
07/25/2019 23:35:00.000000,0.2293,11.74725,0.0569,14.118605,5.418605
07/25/2019 23:36:00.000000,0.249295,10.69325,0.0574,0.015688,5.166667
07/25/2019 23:37:00.000000,0.295811,9.0075,0.057725,6.576744,5.434884
07/25/2019 23:38:00.000000,0.267504,10.3615,0.056275,13.142857,7.385714
07/25/2019 23:39:00.000000,0.289196,10.68825,0.053825,0.016278,8.033333
07/25/2019 23:40:00.000000,0.32417,11.104,0.052275,13.9,7.757143
07/25/2019 23:41:00.000000,0.320958,11.282,0.0537,7.45,6.0
07/25/2019 23:42:00.000000,0.303444,11.35725,0.05415,9.328571,6.3
07/25/2019 23:43:00.000000,0.66902,11.586,0.05375,0.014459,6.742857
07/25/2019 23:44:00.000000,1.014302,11.67475,0.054575,0.0198,7.307692
07/25/2019 23:45:00.000000,0.516038,11.5505,0.05685,24.266667,7.4
07/25/2019 23:46:00.000000,0.285666,11.43175,0.0573,12.892683,7.058537
07/25/2019 23:47:00.000000,0.273228,11.103,0.05635,15.516667,8.295238
07/25/2019 23:48:00.000000,0.284113,10.901,0.05415,11.771429,6.114286
07/25/2019 23:49:00.000000,0.316514,,,,
07/25/2019 23:50:00.000000,0.303434,10.9725,0.0547,0.012549,7.255
07/25/2019 23:51:00.000000,0.274709,10.917,0.055,10.95122,7.812195
07/25/2019 23:52:00.000000,0.28349,10.98175,0.053675,0.015217,7.131707
07/25/2019 23:53:00.000000,0.298214,11.17575,0.054225,0.014216,7.0
07/25/2019 23:54:00.000000,0.292769,11.2685,0.055125,0.011369,6.833333
07/25/2019 23:55:00.000000,0.278002,11.43725,0.055,0.020514,6.369767
07/25/2019 23:56:00.000000,0.277469,11.132,0.055225,0.013601,6.797561
07/25/2019 23:57:00.000000,0.331535,10.6235,0.055325,10.005263,6.9
07/25/2019 23:58:00.000000,0.349006,10.39,0.055775,8.392683,6.473171
07/25/2019 23:59:00.000000,0.28256,9.95575,0.0572,8.8875,6.4
07/26/2019 00:00:00.000000,0.261321,9.6695,0.056275,0.021666,6.225
07/26/2019 00:01:00.000000,0.292717,9.6475,0.054533,12.110526,6.771053
07/26/2019 00:02:00.000000,0.371461,9.603,0.054625,0.012811,6.45
07/26/2019 00:03:00.000000,0.344732,9.491,0.054125,0.012791,6.3
07/26/2019 00:04:00.000000,0.273998,9.739,0.053125,9.340476,6.742857
07/26/2019 00:05:00.000000,0.279638,10.10775,0.05195,0.00767,5.909524
07/26/2019 00:06:00.000000,0.284348,10.69275,0.0497,0.014118,7.868293
07/26/2019 00:07:00.000000,0.305997,14.55025,0.047625,0.016895,7.6
07/26/2019 00:08:00.000000,0.333521,28.81075,0.0414,11.533333,7.753333
07/26/2019 00:09:00.000000,0.399049,,,,
07/26/2019 00:10:00.000000,0.451524,14.77125,0.044725,0.015596,7.97619
07/26/2019 00:11:00.000000,0.380358,13.8705,0.046525,8.158537,7.453659
07/26/2019 00:12:00.000000,0.319401,13.367,0.046775,12.604762,8.442857
07/26/2019 00:13:00.000000,0.319072,13.342,0.04635,0.017847,8.125
07/26/2019 00:14:00.000000,0.313011,13.1645,0.04795,0.021177,8.510526
07/26/2019 00:15:00.000000,0.290204,12.87425,0.049125,0.014805,8.3125
07/26/2019 00:16:00.000000,0.278287,12.54075,0.049325,0.0165,7.590476
07/26/2019 00:17:00.000000,0.290074,12.1795,0.049925,11.914286,8.185714
07/26/2019 00:18:00.000000,0.342083,11.792,0.050875,13.1825,7.5
07/26/2019 00:19:00.000000,0.333072,11.33775,0.05135,0.013364,7.04186
07/26/2019 00:20:00.000000,0.30043,10.8905,0.051675,14.364286,7.152381
07/26/2019 00:21:00.000000,0.290531,10.448,0.051075,0.01239,7.504762
07/26/2019 00:22:00.000000,0.291217,10.2755,0.049925,0.013402,7.373171
07/26/2019 00:23:00.000000,0.379145,10.3435,0.04825,12.392308,6.584615
07/26/2019 00:24:00.000000,0.721822,10.38225,0.047925,0.011915,6.92973
07/26/2019 00:25:00.000000,0.617231,10.32625,0.049675,14.775,6.06
07/26/2019 00:26:00.000000,0.349941,10.22325,0.050475,0.01621,6.458537
07/26/2019 00:27:00.000000,0.26989,10.2315,0.05065,10.158537,6.246341
07/26/2019 00:28:00.000000,0.260887,10.33925,0.0507,10.442857,6.557143
07/26/2019 00:29:00.000000,0.308535,,,,
07/26/2019 00:30:00.000000,0.31964,15.47825,0.047275,0.013688,5.638462
07/26/2019 00:31:00.000000,0.302825,15.87475,0.04525,0.014428,6.132558
07/26/2019 00:32:00.000000,0.297887,10.0045,0.049275,14.842105,7.673684
07/26/2019 00:33:00.000000,0.274264,9.759,0.0511,0.013284,7.430769
07/26/2019 00:34:00.000000,0.264642,9.9695,0.051225,0.005846,4.645946
07/26/2019 00:35:00.000000,0.260257,9.79325,0.0516,6.424324,5.289189
07/26/2019 00:36:00.000000,0.236026,9.8035,0.050875,0.011167,5.646512
07/26/2019 00:37:00.000000,0.263347,9.8605,0.0491,5.802564,5.061538
07/26/2019 00:38:00.000000,0.289694,9.90275,0.04865,7.319512,5.758537
07/26/2019 00:39:00.000000,0.248628,9.8665,0.049,7.225,5.025
07/26/2019 00:40:00.000000,0.232298,10.006,0.047825,6.216216,4.472973
07/26/2019 00:41:00.000000,0.236456,10.2125,0.04685,8.0,4.553846
07/26/2019 00:42:00.000000,0.251142,10.45125,0.04515,15.242857,6.385714
07/26/2019 00:43:00.000000,0.26912,10.76525,0.044225,0.014816,7.1
07/26/2019 00:44:00.000000,0.273734,10.9135,0.04555,12.2,6.125
07/26/2019 00:45:00.000000,0.273111,10.8825,0.04675,7.042857,4.961905
07/26/2019 00:46:00.000000,0.247517,11.209,0.047525,0.007616,4.475
07/26/2019 00:47:00.000000,0.281451,11.6155,0.0467,0.010265,4.625
07/26/2019 00:48:00.000000,0.376726,11.25475,0.047425,7.369231,5.084615
07/26/2019 00:49:00.000000,0.456148,,,,
07/26/2019 00:50:00.000000,0.323005,10.957,0.0458,0.004533,3.509091
07/26/2019 00:51:00.000000,0.261826,10.506,0.0475,0.007258,3.83617
07/26/2019 00:52:00.000000,0.220617,10.0855,0.0495,12.167568,4.318919
07/26/2019 00:53:00.000000,0.212607,8.761,0.04735,0.022822,4.712195
07/26/2019 00:54:00.000000,0.319743,11.77875,0.04595,0.007781,3.934884
07/26/2019 00:55:00.000000,0.339586,8.31325,0.0484,0.004937,3.757143
07/26/2019 00:56:00.000000,0.24746,7.8215,0.049625,0.035561,3.47619
07/26/2019 00:57:00.000000,0.222564,7.71325,0.04975,10.366667,4.316667
07/26/2019 00:58:00.000000,0.225541,7.622,0.05045,0.004665,3.551163
07/26/2019 00:59:00.000000,0.219217,7.51575,0.050525,3.456098,3.378049
07/26/2019 01:00:00.000000,0.210789,7.47725,0.05025,6.646512,4.85814
07/26/2019 01:01:00.000000,0.223371,7.315,0.05105,0.004721,3.534884
07/26/2019 01:02:00.000000,0.218969,7.2785,0.0507,0.011713,5.97
07/26/2019 01:03:00.000000,0.223903,7.441,0.048425,0.014977,4.12439
07/26/2019 01:04:00.000000,0.247654,7.45825,0.047925,0.015835,3.9475
07/26/2019 01:05:00.000000,0.233323,7.39275,0.049475,0.010815,3.74186
07/26/2019 01:06:00.000000,0.21478,7.34525,0.0504,6.171429,3.785714
07/26/2019 01:07:00.000000,0.225779,7.28475,0.050475,0.011379,3.715385
07/26/2019 01:08:00.000000,0.219382,7.15225,0.05035,0.006526,3.614286
07/26/2019 01:09:00.000000,0.215669,,,,
07/26/2019 01:10:00.000000,0.256029,7.138,0.049125,0.006526,4.015385
07/26/2019 01:11:00.000000,0.243151,7.08675,0.049075,5.642105,4.494737
07/26/2019 01:12:00.000000,0.238143,7.027,0.04885,0.007279,3.85
07/26/2019 01:13:00.000000,0.211801,7.04225,0.049275,0.004246,2.931707
07/26/2019 01:14:00.000000,0.205439,7.0885,0.049475,4.095122,2.970732
07/26/2019 01:15:00.000000,0.234444,7.05075,0.049625,0.007794,3.512195
07/26/2019 01:16:00.000000,0.219838,7.261,0.04955,7.480952,3.514286
07/26/2019 01:17:00.000000,0.201371,7.4875,0.047875,0.012765,3.076923
07/26/2019 01:18:00.000000,0.207909,7.4265,0.047925,13.751282,3.338462
07/26/2019 01:19:00.000000,0.211412,7.23,0.0485,4.45,2.65
07/26/2019 01:20:00.000000,0.202343,9.016,0.048925,5.062791,3.274419
07/26/2019 01:21:00.000000,0.220858,8.016,0.0482,4.542857,3.314286
07/26/2019 01:22:00.000000,0.26055,8.55,0.049475,0.004575,3.470732
07/26/2019 01:23:00.000000,0.229019,8.07075,0.049725,0.003447,2.736957
07/26/2019 01:24:00.000000,0.218603,6.703,0.050775,0.00795,4.693023
07/26/2019 01:25:00.000000,0.211617,6.8975,0.050225,0.005446,3.91
07/26/2019 01:26:00.000000,0.279852,7.4385,0.048125,8.815,4.36
07/26/2019 01:27:00.000000,1.037094,8.05125,0.04705,0.009744,4.247368
07/26/2019 01:28:00.000000,0.858355,8.4955,0.047,5.836842,3.273684
07/26/2019 01:29:00.000000,0.273108,,,,
07/26/2019 01:30:00.000000,0.224043,8.932,0.04835,0.023005,4.028571
07/26/2019 01:31:00.000000,0.222088,9.507,0.04665,10.406977,4.874419
07/26/2019 01:32:00.000000,0.21408,10.22725,0.045225,4.728205,4.153846
07/26/2019 01:33:00.000000,0.237755,10.68025,0.0445,7.614286,3.75
07/26/2019 01:34:00.000000,0.266758,10.6525,0.044375,9.063636,5.254545
07/26/2019 01:35:00.000000,0.246652,10.273,0.0464,0.008793,4.662791
07/26/2019 01:36:00.000000,0.242391,10.1205,0.0475,0.019921,4.5
07/26/2019 01:37:00.000000,0.222432,10.273,0.047275,0.006418,2.909302
07/26/2019 01:38:00.000000,0.218534,10.31275,0.046325,0.009502,4.81
07/26/2019 01:39:00.000000,0.247651,10.9425,0.044375,0.010335,5.456098
07/26/2019 01:40:00.000000,0.276219,8.85925,0.045175,0.00598,4.219512
07/26/2019 01:41:00.000000,0.24174,6.603,0.04775,0.010127,4.259091
07/26/2019 01:42:00.000000,0.22579,6.9185,0.04935,0.010398,4.386364
07/26/2019 01:43:00.000000,0.250611,7.07075,0.0486,4.514286,3.885714
07/26/2019 01:44:00.000000,0.242115,7.18575,0.049325,0.005397,3.967442
07/26/2019 01:45:00.000000,0.235158,7.327,0.049125,0.004038,3.153846
07/26/2019 01:46:00.000000,0.231205,7.3525,0.048825,0.004474,3.597561
07/26/2019 01:47:00.000000,0.220803,7.75,0.047575,16.5625,3.2625
07/26/2019 01:48:00.000000,0.24095,8.61175,0.043075,8.714286,4.142857
07/26/2019 01:49:00.000000,0.27605,8.88725,0.043725,3.585714,3.216667
07/26/2019 01:50:00.000000,0.273305,11.64525,0.04665,9.497561,6.073171
07/26/2019 01:51:00.000000,0.312923,9.61125,0.045375,0.006327,4.171429
07/26/2019 01:52:00.000000,0.298357,8.6715,0.0466,0.005515,3.769231
07/26/2019 01:53:00.000000,0.258838,7.15825,0.04836,3.34,3.316667
07/26/2019 01:54:00.000000,0.266533,6.0065,0.048733,0.005674,3.386047
07/26/2019 01:55:00.000000,0.271972,6.17625,0.04825,3.133333,2.9
07/26/2019 01:56:00.000000,0.226062,6.44225,0.04745,8.285714,3.571429
07/26/2019 01:57:00.000000,0.222594,6.72275,0.047,0.005861,3.615789
07/26/2019 01:58:00.000000,0.233765,7.11325,0.04698,0.004178,3.2125
07/26/2019 01:59:00.000000,0.244042,7.703333,0.046167,0.007628,4.736585
07/26/2019 02:00:00.000000,0.259712,12.4115,0.04075,6.102439,4.402439
07/26/2019 02:01:00.000000,0.304152,17.9155,0.036625,0.004583,2.941176
07/26/2019 02:02:00.000000,0.387687,17.1785,0.038475,0.003388,2.729268
07/26/2019 02:03:00.000000,0.422255,9.9545,0.04135,13.269697,3.184848
07/26/2019 02:04:00.000000,0.313412,10.2075,0.0439,0.005872,3.804545
07/26/2019 02:05:00.000000,0.263726,8.68275,0.045825,11.142105,4.489474
07/26/2019 02:06:00.000000,0.244204,8.531,0.047375,5.532258,3.341935
07/26/2019 02:07:00.000000,0.221214,8.279,0.048925,0.003975,3.042857
07/26/2019 02:08:00.000000,0.211789,8.10875,0.04835,0.008189,4.009091
07/26/2019 02:09:00.000000,0.228494,7.98375,0.047575,3.3125,3.01
07/26/2019 02:10:00.000000,0.237243,7.7665,0.047925,2.979487,2.887179
07/26/2019 02:11:00.000000,0.233433,7.6745,0.045775,0.005708,3.342857
07/26/2019 02:12:00.000000,0.245591,7.70825,0.04505,0.004276,3.3125
07/26/2019 02:13:00.000000,0.250677,7.88825,0.045475,5.818421,4.563158
07/26/2019 02:14:00.000000,0.233834,8.12825,0.045675,6.457143,4.133333
07/26/2019 02:15:00.000000,0.237963,8.512,0.0441,5.917647,3.902941
07/26/2019 02:16:00.000000,0.262225,8.90625,0.043,0.008147,4.75
07/26/2019 02:17:00.000000,0.38075,9.275,0.044125,0.00959,4.558537
07/26/2019 02:18:00.000000,0.383363,9.7275,0.0441,3.805263,3.405263
07/26/2019 02:19:00.000000,0.269341,10.018,0.0437,0.005355,3.451163
07/26/2019 02:20:00.000000,0.25772,10.3155,0.042025,0.004338,3.415
07/26/2019 02:21:00.000000,0.264369,10.53925,0.04175,4.339024,3.741463
07/26/2019 02:22:00.000000,0.267648,10.65,0.0442,0.004691,3.715
07/26/2019 02:23:00.000000,0.2633,10.56825,0.0447,15.729268,3.870732
07/26/2019 02:24:00.000000,0.24402,10.36075,0.044975,0.009443,4.334783
07/26/2019 02:25:00.000000,0.237232,10.0925,0.0455,17.7,3.976923
07/26/2019 02:26:00.000000,0.22554,10.0325,0.04495,0.005577,3.214286
07/26/2019 02:27:00.000000,0.22751,9.8835,0.045325,3.441463,3.441463
07/26/2019 02:28:00.000000,0.23681,9.54675,0.0448,0.014843,3.836842
07/26/2019 02:29:00.000000,0.240146,9.29625,0.043675,0.004395,2.884615
07/26/2019 02:30:00.000000,0.235635,9.23,0.0435,0.008603,5.069231
07/26/2019 02:31:00.000000,0.232696,9.224,0.04335,0.004177,3.4375
07/26/2019 02:32:00.000000,0.22493,9.2825,0.04295,3.264286,3.257143
07/26/2019 02:33:00.000000,0.232498,9.51975,0.042225,0.005929,3.552273
07/26/2019 02:34:00.000000,0.26123,10.08225,0.03735,3.231707,3.087805
07/26/2019 02:35:00.000000,0.300989,10.915,0.035475,3.771429,3.75
07/26/2019 02:36:00.000000,0.295414,11.06725,0.04105,7.373684,4.573684
07/26/2019 02:37:00.000000,0.276358,11.17325,0.042475,4.16,3.595
07/26/2019 02:38:00.000000,0.265874,11.15475,0.043225,3.32439,3.314634
07/26/2019 02:39:00.000000,0.245868,11.06325,0.04355,5.495122,3.641463
07/26/2019 02:40:00.000000,0.223988,10.838,0.04435,0.00823,4.468293
07/26/2019 02:41:00.000000,0.206892,10.31,0.045425,3.860465,3.481395
07/26/2019 02:42:00.000000,0.194855,9.335,0.045375,2.876923,2.876923
07/26/2019 02:43:00.000000,0.195497,8.281,0.045075,0.008602,3.316279
07/26/2019 02:44:00.000000,0.192052,7.87675,0.04435,21.086046,4.604651
07/26/2019 02:45:00.000000,0.200979,7.55525,0.043675,0.014782,4.189744
07/26/2019 02:46:00.000000,0.219041,7.4185,0.04335,0.009783,4.270732
07/26/2019 02:47:00.000000,0.232003,7.41875,0.042925,3.6625,3.28
07/26/2019 02:48:00.000000,0.235092,7.57575,0.0417,0.004306,3.353846
07/26/2019 02:49:00.000000,0.261232,,,,
07/26/2019 02:50:00.000000,0.31341,8.40375,0.0421,0.007764,3.7
07/26/2019 02:51:00.000000,0.294475,8.54325,0.0429,0.014896,3.540909
07/26/2019 02:52:00.000000,0.307135,8.7365,0.041675,0.026801,4.962791
07/26/2019 02:53:00.000000,0.301972,8.9565,0.040175,7.34186,3.909302
07/26/2019 02:54:00.000000,0.283148,9.10225,0.040225,7.078378,3.364865
07/26/2019 02:55:00.000000,0.260453,9.1155,0.0412,0.006917,3.728571
07/26/2019 02:56:00.000000,0.249193,9.1185,0.04105,0.008974,3.5525
07/26/2019 02:57:00.000000,0.2504,8.88675,0.04055,6.258537,4.182927
07/26/2019 02:58:00.000000,0.244005,8.719,0.0421,7.707692,4.130769
07/26/2019 02:59:00.000000,0.227951,8.63125,0.0426,6.02093,3.755814
07/26/2019 03:00:00.000000,0.246745,8.63475,0.041175,0.00673,3.785714
07/26/2019 03:01:00.000000,0.323453,8.521,0.040475,0.006699,3.55
07/26/2019 03:02:00.000000,0.310102,8.51375,0.0408,0.005107,3.84
07/26/2019 03:03:00.000000,0.279469,8.7925,0.039725,4.17561,4.070732
07/26/2019 03:04:00.000000,0.268579,8.7675,0.041275,0.003732,3.08
07/26/2019 03:05:00.000000,0.245509,8.78325,0.041825,5.128571,4.1
07/26/2019 03:06:00.000000,0.247052,8.95,0.041,3.785714,3.614286
07/26/2019 03:07:00.000000,0.250265,9.069,0.04125,0.019467,4.176923
07/26/2019 03:08:00.000000,0.247938,9.0085,0.0415,0.013957,4.397143
07/26/2019 03:09:00.000000,0.260521,8.9875,0.040875,0.004725,3.460976
07/26/2019 03:10:00.000000,0.254249,8.933,0.04155,7.688372,4.590698
07/26/2019 03:11:00.000000,0.266453,8.68225,0.041275,0.009584,5.365714
07/26/2019 03:12:00.000000,0.272729,8.719,0.04105,0.01283,3.685714
07/26/2019 03:13:00.000000,0.260568,8.774,0.04045,4.060526,3.4
07/26/2019 03:14:00.000000,0.252659,8.76125,0.0404,7.085366,4.595122
07/26/2019 03:15:00.000000,0.246419,10.075,0.0394,8.639024,4.885366
07/26/2019 03:16:00.000000,0.274788,17.018,0.0355,0.008074,4.209091
07/26/2019 03:17:00.000000,0.374328,11.65125,0.036725,0.009408,4.804762
07/26/2019 03:18:00.000000,0.321627,10.382,0.03845,0.005118,3.91
07/26/2019 03:19:00.000000,0.294109,11.34375,0.0382,3.46,3.445
07/26/2019 03:20:00.000000,0.293948,11.02825,0.039275,3.823077,3.738462
07/26/2019 03:21:00.000000,0.265261,10.748,0.040475,0.003929,3.213953
07/26/2019 03:22:00.000000,0.241223,10.6555,0.039475,0.012716,4.807317
07/26/2019 03:23:00.000000,0.239137,10.504,0.03935,6.124324,4.010811
07/26/2019 03:24:00.000000,0.243048,10.22275,0.040175,0.004632,3.634146
07/26/2019 03:25:00.000000,0.240907,9.858,0.040375,12.702326,4.030233
07/26/2019 03:26:00.000000,0.254932,9.563,0.039925,5.960976,3.843902
07/26/2019 03:27:00.000000,0.261988,9.26225,0.040125,17.01,4.395
07/26/2019 03:28:00.000000,0.246792,9.2055,0.039525,0.006079,3.753659
07/26/2019 03:29:00.000000,0.249537,9.31225,0.0383,11.328947,3.860526
07/26/2019 03:30:00.000000,0.269886,9.26025,0.037975,12.075,4.41
07/26/2019 03:31:00.000000,0.297428,9.2505,0.0384,7.134146,4.756098
07/26/2019 03:32:00.000000,0.302981,9.261,0.0393,7.8,4.633333
07/26/2019 03:33:00.000000,0.26177,9.44175,0.038975,4.32439,3.917073
07/26/2019 03:34:00.000000,0.238767,9.60475,0.0381,0.004714,3.713953
07/26/2019 03:35:00.000000,0.235823,9.7735,0.03825,0.007671,4.382927
07/26/2019 03:36:00.000000,0.255165,9.87925,0.038625,5.430952,3.814286
07/26/2019 03:37:00.000000,0.254107,10.06725,0.037125,0.004983,3.87
07/26/2019 03:38:00.000000,0.25497,10.54925,0.034325,5.253846,4.069231
07/26/2019 03:39:00.000000,0.27893,10.94025,0.0351,0.007961,4.270732
07/26/2019 03:40:00.000000,0.275396,11.24325,0.0369,0.004539,3.453846
07/26/2019 03:41:00.000000,0.333092,11.57375,0.035425,8.245,6.1875
07/26/2019 03:42:00.000000,0.413794,11.89025,0.034175,12.393333,5.111111
07/26/2019 03:43:00.000000,0.393671,12.59225,0.033875,5.8125,4.12
07/26/2019 03:44:00.000000,0.352601,13.13525,0.033525,0.009935,4.771429
07/26/2019 03:45:00.000000,0.309796,13.2805,0.034325,0.009615,4.473171
07/26/2019 03:46:00.000000,0.280838,13.03475,0.035675,3.5,3.066667
07/26/2019 03:47:00.000000,0.276269,12.77325,0.037825,0.00336,2.713636
07/26/2019 03:48:00.000000,0.2536,12.6885,0.03805,3.05,3.04
07/26/2019 03:49:00.000000,0.244124,12.57075,0.036175,0.014195,5.660976
07/26/2019 03:50:00.000000,0.264314,12.567,0.035075,0.005464,3.957143
07/26/2019 03:51:00.000000,0.281464,12.21775,0.0351,0.006864,4.026829
07/26/2019 03:52:00.000000,0.275394,12.264,0.0342,0.005676,4.1
07/26/2019 03:53:00.000000,0.288889,12.1995,0.035275,0.004301,3.507692
07/26/2019 03:54:00.000000,0.284106,12.2795,0.035125,7.241463,5.44878
07/26/2019 03:55:00.000000,0.276391,12.9775,0.0319,0.008664,4.633333
07/26/2019 03:56:00.000000,0.28474,13.79725,0.030175,7.6875,4.4
07/26/2019 03:57:00.000000,0.26359,21.56975,0.025825,4.753846,4.230769
07/26/2019 03:58:00.000000,0.288042,24.6235,0.02325,0.010202,4.981579
07/26/2019 03:59:00.000000,0.304232,20.75675,0.026775,14.57561,4.160976
07/26/2019 04:00:00.000000,0.276842,21.54175,0.027075,5.782927,4.085366
07/26/2019 04:01:00.000000,0.291717,20.7815,0.024575,0.007919,4.525
07/26/2019 04:02:00.000000,0.123961,18.06275,0.02595,0.009623,5.855814
07/26/2019 04:03:00.000000,0.06284,18.729,0.0287,0.007124,4.465116
07/26/2019 04:04:00.000000,0.007149,19.74325,0.027275,0.005844,4.45814
07/26/2019 04:05:00.000000,0.008019,17.96925,0.028975,5.660465,4.672093
07/26/2019 04:06:00.000000,0.00609,21.69425,0.02775,0.012039,4.782927
07/26/2019 04:07:00.000000,0.005671,18.94525,0.026475,18.182927,4.965854
07/26/2019 04:08:00.000000,0.002902,16.9205,0.02895,0.012184,5.172093
07/26/2019 04:09:00.000000,0.005073,,0.028175,,
07/26/2019 04:10:00.000000,0.005715,18.35825,0.0281,4.2,4.2
07/26/2019 04:11:00.000000,0.005171,18.112,0.030025,0.007888,5.305
07/26/2019 04:12:00.000000,0.057023,17.7085,0.031575,4.468182,4.204545
07/26/2019 04:13:00.000000,0.193329,17.15625,0.03335,8.746512,5.032558
07/26/2019 04:14:00.000000,0.253345,16.79425,0.031475,0.009602,5.876923
07/26/2019 04:15:00.000000,0.261284,16.2375,0.031875,0.008652,5.317073
07/26/2019 04:16:00.000000,0.278694,15.458,0.0354,8.448837,4.865116
07/26/2019 04:17:00.000000,0.259919,14.15325,0.035975,0.008818,5.305263
07/26/2019 04:18:00.000000,0.255449,13.29175,0.034825,0.007186,4.251282
07/26/2019 04:19:00.000000,0.270942,12.761,0.034875,0.00477,3.573171
07/26/2019 04:20:00.000000,0.273801,12.3495,0.035425,0.004233,3.415
07/26/2019 04:21:00.000000,0.272786,11.97875,0.0357,0.008343,4.25
07/26/2019 04:22:00.000000,0.301782,11.37525,0.0371,0.014228,5.365854
07/26/2019 04:23:00.000000,0.832349,11.036,0.036725,0.015859,4.557143
07/26/2019 04:24:00.000000,0.77843,11.0035,0.035375,7.375,4.23
07/26/2019 04:25:00.000000,0.381127,7.72675,0.034825,0.005968,4.035897
07/26/2019 04:26:00.000000,0.285676,10.3475,0.0319,5.185714,3.914286
07/26/2019 04:27:00.000000,0.30019,23.868,0.0274,0.008322,5.169231
07/26/2019 04:28:00.000000,0.46209,18.5915,0.02965,0.00888,3.955
07/26/2019 04:29:00.000000,0.36182,12.3145,0.03195,5.982609,4.569565
07/26/2019 04:30:00.000000,0.267612,17.69675,0.027175,6.735,4.53
07/26/2019 04:31:00.000000,0.24669,12.21025,0.03155,3.886111,3.552778
07/26/2019 04:32:00.000000,0.241109,9.41775,0.03605,0.004213,3.4
07/26/2019 04:33:00.000000,0.257188,8.3955,0.037125,3.983333,3.9
07/26/2019 04:34:00.000000,0.249171,8.4115,0.0374,3.573171,3.573171
07/26/2019 04:35:00.000000,0.232964,8.39375,0.038225,0.003717,2.997674
07/26/2019 04:36:00.000000,0.216936,8.32425,0.0395,7.128571,4.528571
07/26/2019 04:37:00.000000,0.202815,8.21875,0.03915,3.559524,3.257143
07/26/2019 04:38:00.000000,0.206017,8.174,0.037925,0.003614,2.9175
07/26/2019 04:39:00.000000,0.204452,8.1025,0.038575,0.005348,3.763636
07/26/2019 04:40:00.000000,0.199362,8.029,0.039,6.702273,4.881818
07/26/2019 04:41:00.000000,0.223446,7.92,0.0387,3.939024,3.734146
07/26/2019 04:42:00.000000,0.224763,7.7595,0.038775,6.487805,4.780488
07/26/2019 04:43:00.000000,0.228532,7.71875,0.037675,0.009086,4.492308
07/26/2019 04:44:00.000000,0.262655,8.074,0.03495,0.014434,4.895
07/26/2019 04:45:00.000000,0.284909,9.70875,0.033725,5.118421,4.044737
07/26/2019 04:46:00.000000,0.281396,10.588,0.0327,8.388372,5.190698
07/26/2019 04:47:00.000000,0.258731,1.52375,0.032025,9.431707,4.756098
07/26/2019 04:48:00.000000,0.237787,-9999.0,0.03325,0.009489,4.857143
07/26/2019 04:49:00.000000,0.227282,-9999.0,0.03495,0.011302,5.653488
07/26/2019 04:50:00.000000,0.233213,-9999.0,0.0355,0.005878,4.072727
07/26/2019 04:51:00.000000,0.227503,-9999.0,0.0359,6.104878,3.965854
07/26/2019 04:52:00.000000,0.216239,-9999.0,0.035725,0.008249,3.914286
07/26/2019 04:53:00.000000,0.208506,-9999.0,0.036475,7.223077,3.9
07/26/2019 04:54:00.000000,0.210063,-9999.0,0.03695,0.005218,3.65
07/26/2019 04:55:00.000000,0.205728,-9999.0,0.03715,0.004455,3.6
07/26/2019 04:56:00.000000,0.21141,-9999.0,0.036525,5.25,4.610526
07/26/2019 04:57:00.000000,0.205895,1.98775,0.0358,3.785714,3.716667
07/26/2019 04:58:00.000000,0.196824,5.48025,0.03585,8.557143,4.614286
07/26/2019 04:59:00.000000,0.192748,3.10875,0.035225,7.66087,4.545652
07/26/2019 05:00:00.000000,0.201278,2.718,0.0361,3.9,3.565
07/26/2019 05:01:00.000000,0.202385,2.7845,0.036425,0.009363,4.165
07/26/2019 05:02:00.000000,0.203551,2.8105,0.03565,0.008951,4.384615
07/26/2019 05:03:00.000000,0.208484,2.78625,0.03535,0.015364,5.415385
07/26/2019 05:04:00.000000,0.213194,2.8595,0.0352,5.986364,4.477273
07/26/2019 05:05:00.000000,0.207923,2.8625,0.035725,5.730769,4.469231
07/26/2019 05:06:00.000000,0.207136,2.7975,0.036325,0.007919,5.0
07/26/2019 05:07:00.000000,0.201433,2.8905,0.036375,4.195455,4.063636
07/26/2019 05:08:00.000000,0.201634,2.97575,0.036175,0.004723,3.816667
07/26/2019 05:09:00.000000,0.206918,2.98525,0.034975,0.008517,4.893182
07/26/2019 05:10:00.000000,0.211023,2.99925,0.0344,0.016808,4.169231
07/26/2019 05:11:00.000000,0.207744,2.88875,0.035175,0.005723,3.75
07/26/2019 05:12:00.000000,0.206451,2.734,0.035625,0.006538,4.969231
07/26/2019 05:13:00.000000,0.194041,2.74625,0.03495,0.007497,4.514286
07/26/2019 05:14:00.000000,0.202764,2.71825,0.0342,0.004599,3.628571
07/26/2019 05:15:00.000000,0.201782,2.5525,0.0348,0.004331,3.5
07/26/2019 05:16:00.000000,0.197017,3.21825,0.034425,0.004331,3.5
07/26/2019 05:17:00.000000,0.196317,32.8535,0.03385,0.004217,3.414634
07/26/2019 05:18:00.000000,0.208614,64.1225,0.034275,3.22381,3.228571
07/26/2019 05:19:00.000000,0.214962,69.65075,0.03435,3.112766,3.114894
07/26/2019 05:20:00.000000,0.197391,70.08,0.03405,7.35,4.545
07/26/2019 05:21:00.000000,0.192256,69.55625,0.0339,0.004692,3.4875
07/26/2019 05:22:00.000000,0.192364,69.6415,0.03405,0.005682,4.160465
07/26/2019 05:23:00.000000,0.197688,69.6965,0.034075,0.024872,3.525581
07/26/2019 05:24:00.000000,0.206071,69.8265,0.033125,0.018664,5.185
07/26/2019 05:25:00.000000,0.210725,70.0185,0.033175,8.695122,4.77561
07/26/2019 05:26:00.000000,0.220846,61.54175,0.03445,5.592683,4.073171
07/26/2019 05:27:00.000000,0.2024,8.906,0.034975,0.004063,3.222727
07/26/2019 05:28:00.000000,0.199019,0.0,0.0348,4.12,3.525
07/26/2019 05:29:00.000000,0.201805,0.0,0.034525,3.431579,3.347368
07/26/2019 05:30:00.000000,0.204152,-9999.0,0.033975,0.004197,3.3
07/26/2019 05:31:00.000000,0.200497,-9999.0,0.0332,0.008064,4.409756
07/26/2019 05:32:00.000000,0.209868,-9999.0,0.0327,7.141463,4.343902
07/26/2019 05:33:00.000000,0.207435,-9999.0,0.032575,0.010157,4.212821
07/26/2019 05:34:00.000000,0.208647,-9999.0,0.031775,17.9,4.114286
07/26/2019 05:35:00.000000,0.209539,-9999.0,0.031475,8.1,4.520455
07/26/2019 05:36:00.000000,0.208935,-9999.0,0.032075,0.00496,3.843182
07/26/2019 05:37:00.000000,0.209397,1.279,0.0322,0.004475,3.614286
07/26/2019 05:38:00.000000,0.200076,2.47975,0.03185,2.721951,2.746341
07/26/2019 05:39:00.000000,0.195865,3.9585,0.03155,7.636585,4.392683
07/26/2019 05:40:00.000000,0.199275,5.52425,0.03075,7.534146,5.809756
07/26/2019 05:41:00.000000,0.207052,7.0495,0.030625,5.2,4.9
07/26/2019 05:42:00.000000,0.202225,8.682,0.03,7.893333,4.216667
07/26/2019 05:43:00.000000,0.205082,10.4555,0.0295,0.007744,4.795
07/26/2019 05:44:00.000000,0.205478,11.8165,0.0296,0.022067,4.217073
07/26/2019 05:45:00.000000,0.202763,12.048,0.029875,6.642857,4.442857
07/26/2019 05:46:00.000000,0.196602,12.2415,0.0296,4.941463,4.5
07/26/2019 05:47:00.000000,0.138698,12.42925,0.02845,0.0215,6.557143
07/26/2019 05:48:00.000000,0.367054,12.406,0.029725,0.005764,3.814286
07/26/2019 05:49:00.000000,0.778117,12.426,0.02995,0.004207,3.386047
07/26/2019 05:50:00.000000,0.969752,12.26325,0.0294,0.004094,3.314634
07/26/2019 05:51:00.000000,1.026183,12.08075,0.03015,4.157143,3.642857
07/26/2019 05:52:00.000000,1.040066,12.03575,0.03045,0.004527,3.615789
07/26/2019 05:53:00.000000,1.052871,11.929,0.0305,3.511628,3.513953
07/26/2019 05:54:00.000000,1.052638,11.823,0.0301,3.5,3.5
07/26/2019 05:55:00.000000,1.04954,11.65725,0.030525,6.551282,3.923077
07/26/2019 05:56:00.000000,1.001501,11.50975,0.03105,0.004119,3.142857
07/26/2019 05:57:00.000000,0.503888,11.34,0.0306,4.756098,3.512195
07/26/2019 05:58:00.000000,0.068806,11.2835,0.02995,9.860465,4.116279
07/26/2019 05:59:00.000000,0.024093,11.27475,0.029775,7.757143,3.514286
07/26/2019 06:00:00.000000,0.020485,11.1745,0.03075,8.676744,3.313953
07/26/2019 06:01:00.000000,0.018754,10.9926,0.03178,0.019835,3.129412
07/26/2019 06:02:00.000000,0.01683,11.684667,0.031325,10.806667,3.931111
07/26/2019 06:03:00.000000,0.019395,12.9455,0.03025,0.005129,3.443902
07/26/2019 06:04:00.000000,0.016762,9.2215,0.031675,0.003234,2.661538
07/26/2019 06:05:00.000000,0.015381,9.91875,0.032275,9.14,4.2825
07/26/2019 06:06:00.000000,0.008631,9.8445,0.031725,0.014788,3.6
07/26/2019 06:07:00.000000,0.04071,9.867,0.0318,0.008074,3.418182
07/26/2019 06:08:00.000000,0.123856,9.81175,0.032125,0.00379,2.830233
07/26/2019 06:09:00.000000,0.146794,9.78825,0.03215,3.380488,3.280488
07/26/2019 06:10:00.000000,0.15047,9.68325,0.0333,9.542857,4.185714
07/26/2019 06:11:00.000000,0.141603,9.59725,0.0334,6.334146,3.719512
07/26/2019 06:12:00.000000,0.141174,9.5785,0.032075,3.364286,3.119048
07/26/2019 06:13:00.000000,0.144518,9.54875,0.032,0.006797,3.154545
07/26/2019 06:14:00.000000,0.143549,9.41675,0.032825,0.00896,3.5875
07/26/2019 06:15:00.000000,0.140246,9.28275,0.03225,0.00968,5.192857
07/26/2019 06:16:00.000000,0.144246,9.198,0.031925,12.085,3.5
07/26/2019 06:17:00.000000,0.147155,9.11275,0.032375,0.007991,2.72381
07/26/2019 06:18:00.000000,0.144615,9.01775,0.033425,5.553659,3.139024
07/26/2019 06:19:00.000000,0.142964,8.90425,0.033875,0.01621,3.768293
07/26/2019 06:20:00.000000,0.146251,8.68075,0.033625,0.017734,3.597561
07/26/2019 06:21:00.000000,0.144203,8.42925,0.033675,0.005829,2.959091
07/26/2019 06:22:00.000000,0.144528,8.27725,0.0334,3.948718,3.046154
07/26/2019 06:23:00.000000,0.143795,8.17875,0.03245,3.225,2.95
07/26/2019 06:24:00.000000,0.146481,8.161,0.032725,0.003996,3.204762
07/26/2019 06:25:00.000000,0.149077,8.07925,0.0325,11.493182,2.902273
07/26/2019 06:26:00.000000,0.151846,8.0945,0.032,7.885714,3.490476
07/26/2019 06:27:00.000000,0.152082,8.06425,0.032525,4.372093,3.723256
07/26/2019 06:28:00.000000,0.153763,8.04975,0.0331,6.548889,3.3
07/26/2019 06:29:00.000000,0.160312,8.1375,0.0332,6.932432,3.535135
07/26/2019 06:30:00.000000,0.165595,8.0085,0.03365,3.535897,2.884615
07/26/2019 06:31:00.000000,0.151957,7.7815,0.0345,4.725581,3.453488
07/26/2019 06:32:00.000000,0.150532,7.49775,0.03405,3.087805,2.795122
07/26/2019 06:33:00.000000,0.15185,7.30075,0.033225,0.005891,3.361905
07/26/2019 06:34:00.000000,0.159821,7.0745,0.0333,0.007147,3.6
07/26/2019 06:35:00.000000,0.16507,6.8415,0.034425,5.336957,3.76087
07/26/2019 06:36:00.000000,0.157529,6.62675,0.034325,0.008177,3.475676
07/26/2019 06:37:00.000000,0.160403,6.40625,0.03425,0.004305,2.946341
07/26/2019 06:38:00.000000,0.172767,6.3295,0.03475,0.01036,3.514286
07/26/2019 06:39:00.000000,0.171783,6.354,0.034,3.931818,2.795455
07/26/2019 06:40:00.000000,0.177411,6.4045,0.0334,2.766667,2.76
07/26/2019 06:41:00.000000,0.175438,6.363,0.0333,0.005726,2.630769
07/26/2019 06:42:00.000000,0.169894,6.278,0.03375,8.818182,2.997727
07/26/2019 06:43:00.000000,0.1727,6.348,0.033225,0.004387,2.42
07/26/2019 06:44:00.000000,0.168338,6.3265,0.03325,2.3,2.3
07/26/2019 06:45:00.000000,0.161398,6.303,0.03365,4.090698,3.248837
07/26/2019 06:46:00.000000,0.157297,6.2715,0.033975,8.05814,3.65814
07/26/2019 06:47:00.000000,0.158755,6.208,0.042425,0.007724,3.19
07/26/2019 06:48:00.000000,0.154548,6.12475,0.0546,6.92093,4.646512
07/26/2019 06:49:00.000000,0.157817,6.0545,0.058125,6.204878,3.470732
07/26/2019 06:50:00.000000,0.182495,6.00675,0.058325,0.003913,2.702273
07/26/2019 06:51:00.000000,0.193151,5.875,0.057875,5.942857,3.971429
07/26/2019 06:52:00.000000,0.178432,5.8075,0.057525,0.004119,3.013953
07/26/2019 06:53:00.000000,0.162334,5.77025,0.05825,3.189474,3.026316
07/26/2019 06:54:00.000000,0.158927,5.69125,0.0588,0.006035,4.081818
07/26/2019 06:55:00.000000,0.15879,5.63375,0.0582,3.0125,2.94
07/26/2019 06:56:00.000000,0.159042,5.6285,0.047375,4.757143,3.3
07/26/2019 06:57:00.000000,0.162361,5.672,-9999.0,4.764865,3.064865
07/26/2019 06:58:00.000000,0.165136,5.8355,-9999.0,0.007035,4.295238
07/26/2019 06:59:00.000000,0.169643,6.0855,-9999.0,0.007385,3.571429
07/26/2019 07:00:00.000000,0.182489,6.32225,-9999.0,5.75,3.885714
07/26/2019 07:01:00.000000,0.186252,6.52,0.00015,0.009092,4.765
07/26/2019 07:02:00.000000,0.169953,6.717667,0.000125,3.687805,3.278049
07/26/2019 07:03:00.000000,0.165293,6.8815,-9999.0,13.830769,4.269231
07/26/2019 07:04:00.000000,0.166961,7.09725,-9999.0,0.006438,3.256098
07/26/2019 07:05:00.000000,0.160234,7.2635,-9999.0,4.841463,3.331707
07/26/2019 07:06:00.000000,0.156021,7.3655,-9999.0,3.261905,2.971429
07/26/2019 07:07:00.000000,0.156416,7.4165,-9999.0,0.0036,2.9
07/26/2019 07:08:00.000000,0.156934,7.405,-9999.0,2.9,2.9
07/26/2019 07:09:00.000000,0.157526,7.53525,-9999.0,5.678947,3.573684
07/26/2019 07:10:00.000000,0.168065,7.64975,5e-05,0.006089,3.533333
07/26/2019 07:11:00.000000,0.164361,7.644,7.5e-05,16.425,4.01
07/26/2019 07:12:00.000000,0.161306,7.59975,-9999.0,5.18,3.08
07/26/2019 07:13:00.000000,0.166738,7.56225,-9999.0,0.00975,4.566667
07/26/2019 07:14:00.000000,0.163584,7.5135,-9999.0,3.842857,3.271429
07/26/2019 07:15:00.000000,0.168148,7.4755,-9999.0,4.295455,3.336364
07/26/2019 07:16:00.000000,0.167846,7.409,0.00525,5.9875,4.08
07/26/2019 07:17:00.000000,0.165362,7.31125,0.04535,3.925,3.69
07/26/2019 07:18:00.000000,0.165175,7.253,0.034,0.003764,3.085714
07/26/2019 07:19:00.000000,0.168469,7.2575,0.03025,0.003589,2.915385
07/26/2019 07:20:00.000000,0.176414,7.3365,0.0283,3.076744,3.072093
07/26/2019 07:21:00.000000,0.179763,7.44075,0.027475,0.0036,2.927273
07/26/2019 07:22:00.000000,0.182352,7.5245,0.025925,2.813636,2.813636
07/26/2019 07:23:00.000000,0.183893,7.70525,0.025,0.006171,3.488372
07/26/2019 07:24:00.000000,0.175943,7.913,0.024625,0.00902,3.342857
07/26/2019 07:25:00.000000,0.174509,8.094,0.02485,0.004165,3.042857
07/26/2019 07:26:00.000000,0.17302,8.3175,0.02535,0.00721,3.514286
07/26/2019 07:27:00.000000,0.171563,8.51525,0.025725,3.528571,3.171429
07/26/2019 07:28:00.000000,0.171297,8.66125,0.0253,0.009596,5.063415
07/26/2019 07:29:00.000000,0.178487,8.8155,0.0255,6.057143,3.6
07/26/2019 07:30:00.000000,0.169351,8.97025,0.0264,0.005677,4.153659
07/26/2019 07:31:00.000000,0.169189,9.04375,0.025925,0.012326,3.792308
07/26/2019 07:32:00.000000,0.170651,9.0835,0.0265,5.094872,3.612821
07/26/2019 07:33:00.000000,0.164292,9.204,0.026475,0.004396,3.429268
07/26/2019 07:34:00.000000,0.169851,9.29325,0.026075,0.004201,3.4
07/26/2019 07:35:00.000000,0.172003,9.354,0.026825,0.008597,3.997561
07/26/2019 07:36:00.000000,0.160747,9.36925,0.027025,0.004365,3.279487
07/26/2019 07:37:00.000000,0.162936,9.4105,0.0265,3.02439,3.014634
07/26/2019 07:38:00.000000,0.162229,9.39925,0.027125,6.685714,3.428571
07/26/2019 07:39:00.000000,0.162372,9.389,0.027575,3.8,3.33
07/26/2019 07:40:00.000000,0.160545,9.35175,0.027925,2.961538,2.876923
07/26/2019 07:41:00.000000,0.153832,9.2075,0.0283,0.006512,3.878049
07/26/2019 07:42:00.000000,0.154307,8.9615,0.0292,5.934211,3.257895
07/26/2019 07:43:00.000000,0.164793,8.71025,0.0307,0.005362,3.271429
07/26/2019 07:44:00.000000,0.158425,8.50625,0.0306,6.842857,3.9
07/26/2019 07:45:00.000000,0.149968,8.2945,0.02945,0.004807,3.395455
07/26/2019 07:46:00.000000,0.145661,8.05475,0.0304,2.917073,2.873171
07/26/2019 07:47:00.000000,0.234706,7.74675,0.0309,2.8,2.8
07/26/2019 07:48:00.000000,0.304653,7.603,0.0299,0.00379,2.97
07/26/2019 07:49:00.000000,0.282428,7.5655,0.029725,3.014286,3.0
07/26/2019 07:50:00.000000,0.207011,7.6505,0.0291,14.941463,5.560976
07/26/2019 07:51:00.000000,0.17742,7.9135,0.027525,0.00871,3.865854
07/26/2019 07:52:00.000000,0.188798,8.22425,0.026825,6.707692,4.074359
07/26/2019 07:53:00.000000,0.200715,8.4545,0.026225,4.947368,3.947368
07/26/2019 07:54:00.000000,0.206924,8.80425,0.0265,0.003636,2.953488
07/26/2019 07:55:00.000000,0.206874,9.199,0.02715,3.402326,3.386047
07/26/2019 07:56:00.000000,0.198931,9.51575,0.02715,0.016291,3.327907
07/26/2019 07:57:00.000000,0.183212,9.657,0.027725,4.539024,2.958537
07/26/2019 07:58:00.000000,0.168955,9.65825,0.028625,4.685,2.9
07/26/2019 07:59:00.000000,0.162996,9.48475,0.028975,2.907692,2.646154
07/26/2019 08:00:00.000000,0.154573,9.1985,0.029525,5.497561,3.197561
07/26/2019 08:01:00.000000,0.145912,8.8585,0.030425,0.008401,4.053488
07/26/2019 08:02:00.000000,0.143659,8.57975,0.029775,3.261538,2.846154
07/26/2019 08:03:00.000000,0.148067,8.298,0.029025,4.546154,3.615385
07/26/2019 08:04:00.000000,0.149685,8.102,0.028025,3.376923,3.207692
07/26/2019 08:05:00.000000,0.15251,8.0415,0.0274,4.504878,3.697561
07/26/2019 08:06:00.000000,0.15794,8.14275,0.027625,9.704878,3.458537
07/26/2019 08:07:00.000000,0.153434,8.37875,0.02745,6.83,4.42
07/26/2019 08:08:00.000000,0.15089,8.6065,0.02755,0.008863,3.842105
07/26/2019 08:09:00.000000,0.152648,8.63375,0.029875,4.718919,3.786486
07/26/2019 08:10:00.000000,0.144147,8.42525,0.0321,0.005909,3.197674
07/26/2019 08:11:00.000000,0.136543,8.347,0.030975,4.9,3.953659
07/26/2019 08:12:00.000000,0.148512,8.347,0.0283,0.003472,2.731707
07/26/2019 08:13:00.000000,0.156096,8.25925,0.02835,0.004602,3.1425
07/26/2019 08:14:00.000000,0.148896,7.91925,0.0306,2.98,2.875
07/26/2019 08:15:00.000000,0.139337,7.44825,0.031525,0.003143,2.556757
07/26/2019 08:16:00.000000,0.137018,7.07225,0.031025,0.00339,2.75
07/26/2019 08:17:00.000000,0.142949,6.9795,0.030575,0.005403,3.305263
07/26/2019 08:18:00.000000,0.139972,7.0145,0.030675,5.3,3.657143
07/26/2019 08:19:00.000000,0.137904,6.889,0.0306,0.005115,3.446154
07/26/2019 08:20:00.000000,0.140915,6.69425,0.029725,0.004704,3.656098
07/26/2019 08:21:00.000000,0.138803,6.58725,0.029125,2.946341,2.931707
07/26/2019 08:22:00.000000,0.142018,6.68775,0.029025,2.629268,2.629268
07/26/2019 08:23:00.000000,0.143045,6.83625,0.0289,6.84186,3.460465
07/26/2019 08:24:00.000000,0.14722,6.9555,0.02885,3.4625,3.005
07/26/2019 08:25:00.000000,0.145916,7.067,0.0287,0.003574,2.9
07/26/2019 08:26:00.000000,0.144801,7.2555,0.02855,2.727907,2.732558
07/26/2019 08:27:00.000000,0.144773,7.397,0.0282,5.014286,3.728571
07/26/2019 08:28:00.000000,0.144797,7.5865,0.027425,0.004396,3.223077
07/26/2019 08:29:00.000000,0.149477,7.693,0.027625,0.004458,3.528571
07/26/2019 08:30:00.000000,0.153123,7.8245,0.027725,0.004252,3.343902
07/26/2019 08:31:00.000000,0.150468,7.85675,0.027525,0.005732,4.153659
07/26/2019 08:32:00.000000,0.159439,7.87575,0.027725,3.07561,3.012195
07/26/2019 08:33:00.000000,0.161462,7.96475,0.0269,5.131579,4.384211
07/26/2019 08:34:00.000000,0.151556,7.9275,0.027625,5.935897,3.479487
07/26/2019 08:35:00.000000,0.142839,7.86475,0.02815,4.770732,3.556098
07/26/2019 08:36:00.000000,0.138418,7.8195,0.02705,0.003519,2.838462
07/26/2019 08:37:00.000000,0.142024,7.799,0.02715,0.010197,3.553659
07/26/2019 08:38:00.000000,0.140009,7.72325,0.026875,7.257143,5.157143
07/26/2019 08:39:00.000000,0.138128,7.79825,0.0265,14.176923,4.469231
07/26/2019 08:40:00.000000,0.139326,7.93,0.0265,4.341026,2.905128
07/26/2019 08:41:00.000000,0.141859,7.941,0.02705,2.87,2.865
07/26/2019 08:42:00.000000,0.14098,8.0535,0.027075,2.9,2.9
07/26/2019 08:43:00.000000,0.144333,8.23825,0.0266,0.003796,3.067568
07/26/2019 08:44:00.000000,0.146267,8.2895,0.0268,2.675,2.6875
07/26/2019 08:45:00.000000,0.146816,8.34325,0.0266,0.003652,2.933333
07/26/2019 08:46:00.000000,0.147727,8.47375,0.026075,0.007488,3.875
07/26/2019 08:47:00.000000,0.147309,8.5205,0.0262,7.223077,3.830769
07/26/2019 08:48:00.000000,0.148262,8.54925,0.02595,6.263636,4.220455
07/26/2019 08:49:00.000000,0.14776,8.6415,0.025825,0.009971,5.585714
07/26/2019 08:50:00.000000,0.16497,8.67225,0.026475,0.004144,3.346154
07/26/2019 08:51:00.000000,0.155396,8.6985,0.02645,0.00716,4.584211
07/26/2019 08:52:00.000000,0.146021,8.83175,0.025675,4.428571,4.15
07/26/2019 08:53:00.000000,0.14698,8.97325,0.025025,0.00516,3.34
07/26/2019 08:54:00.000000,0.147129,8.99225,0.02525,9.7125,3.965
07/26/2019 08:55:00.000000,0.143703,9.0815,0.025925,0.004914,3.423077
07/26/2019 08:56:00.000000,0.144274,9.1475,0.025275,10.155556,3.213333
07/26/2019 08:57:00.000000,0.144604,9.2185,0.024925,0.010607,3.2
07/26/2019 08:58:00.000000,0.148143,9.35575,0.02505,0.004134,2.943902
07/26/2019 08:59:00.000000,0.150021,9.39925,0.0252,5.204878,3.231707
07/26/2019 09:00:00.000000,0.145998,10.72025,0.022275,3.505405,3.132432
07/26/2019 09:01:00.000000,0.147305,18.046,0.017975,3.016667,3.016667
07/26/2019 09:02:00.000000,0.152151,13.97425,0.0188,0.00359,2.913514
07/26/2019 09:03:00.000000,0.150062,11.62575,0.022,3.597436,3.510256
07/26/2019 09:04:00.000000,0.141281,10.79125,0.023575,3.529268,3.429268
07/26/2019 09:05:00.000000,0.144506,10.7525,0.023825,6.683721,4.069767
07/26/2019 09:06:00.000000,0.150481,10.6805,0.023925,3.443902,3.039024
07/26/2019 09:07:00.000000,0.14997,10.596,0.024575,0.004062,3.31
07/26/2019 09:08:00.000000,0.1461,10.60875,0.024275,0.005724,4.165
07/26/2019 09:09:00.000000,0.146745,10.5215,0.024425,5.07,4.3
07/26/2019 09:10:00.000000,0.152604,10.369,0.0249,3.465116,3.404651
07/26/2019 09:11:00.000000,0.162682,10.0945,0.025525,0.011017,5.942857
07/26/2019 09:12:00.000000,0.15372,9.7865,0.026175,6.3375,4.19
07/26/2019 09:13:00.000000,0.147609,9.426,0.026275,4.77561,3.373171
07/26/2019 09:14:00.000000,0.143388,9.07525,0.026325,0.007612,3.716667
07/26/2019 09:15:00.000000,0.145121,8.9075,0.026075,4.081818,3.463636
07/26/2019 09:16:00.000000,0.151506,8.703,0.025975,6.153846,3.992308
07/26/2019 09:17:00.000000,0.153407,8.32175,0.027225,0.007612,4.441463
07/26/2019 09:18:00.000000,0.143624,7.942,0.02775,0.006483,4.248649
07/26/2019 09:19:00.000000,0.142659,7.6985,0.02745,0.005457,3.353846
07/26/2019 09:20:00.000000,0.144703,7.62375,0.027275,0.0135,3.6125
07/26/2019 09:21:00.000000,0.150877,7.7875,0.026775,4.734146,3.07561
07/26/2019 09:22:00.000000,0.18184,7.68475,0.027575,0.003672,2.980488
07/26/2019 09:23:00.000000,0.157827,7.292,0.027975,0.007283,4.109756
07/26/2019 09:24:00.000000,0.137891,6.92925,0.02795,6.587805,4.812195
07/26/2019 09:25:00.000000,0.13531,6.84825,0.0279,0.009253,4.643902
07/26/2019 09:26:00.000000,0.13587,6.6965,0.027825,6.065116,3.653488
07/26/2019 09:27:00.000000,0.141253,6.61875,0.028,5.711905,3.071429
07/26/2019 09:28:00.000000,0.153292,6.4295,0.0271,0.004144,2.916667
07/26/2019 09:29:00.000000,0.149351,6.1825,0.026725,0.003467,2.813953
07/26/2019 09:30:00.000000,0.147043,6.2185,0.026775,0.005191,3.55
07/26/2019 09:31:00.000000,0.141594,6.45225,0.025475,0.009643,5.392308
07/26/2019 09:32:00.000000,0.139992,7.097,0.02305,4.007143,3.728571
07/26/2019 09:33:00.000000,0.14812,7.7325,0.023175,4.59,3.825
07/26/2019 09:34:00.000000,0.151478,8.13725,0.024575,0.006114,3.818421
07/26/2019 09:35:00.000000,0.143849,8.38,0.0256,3.1625,3.035
07/26/2019 09:36:00.000000,0.140055,8.574,0.0251,0.003467,2.814286
07/26/2019 09:37:00.000000,0.137776,8.8025,0.024525,0.006011,3.395
07/26/2019 09:38:00.000000,0.143459,9.00875,0.02485,4.185714,3.757143
07/26/2019 09:39:00.000000,0.138413,8.98925,0.02495,3.3875,3.375
07/26/2019 09:40:00.000000,0.137023,8.426,0.02595,5.271429,4.071429
07/26/2019 09:41:00.000000,0.136414,7.83075,0.02685,3.756098,3.602439
07/26/2019 09:42:00.000000,0.134346,7.5605,0.02685,0.007694,3.5825
07/26/2019 09:43:00.000000,0.12996,7.3515,0.0267,5.043902,3.687805
07/26/2019 09:44:00.000000,0.126361,7.06475,0.026875,0.004985,3.870732
07/26/2019 09:45:00.000000,0.1237,6.82275,0.026775,0.014649,3.402439
07/26/2019 09:46:00.000000,0.121617,6.57375,0.0264,0.00913,4.163636
07/26/2019 09:47:00.000000,0.127115,6.417,0.0267,5.86,3.705
07/26/2019 09:48:00.000000,0.1277,6.34275,0.02705,0.004165,3.007692
07/26/2019 09:49:00.000000,0.124583,,,,
07/26/2019 09:50:00.000000,0.128479,6.44175,0.0262,0.004124,2.935
07/26/2019 09:51:00.000000,0.127937,6.58975,0.02555,0.003447,2.8
07/26/2019 09:52:00.000000,0.129352,6.75975,0.02635,10.257143,3.828571
07/26/2019 09:53:00.000000,0.127352,6.88,0.026875,0.008207,4.0
07/26/2019 09:54:00.000000,0.129488,7.02875,0.02625,0.006606,4.342857
07/26/2019 09:55:00.000000,0.131395,7.18925,0.025825,3.205405,3.059459
07/26/2019 09:56:00.000000,0.136063,7.356,0.025325,0.008165,3.637209
07/26/2019 09:57:00.000000,0.134507,7.5145,0.0255,4.255,3.715
07/26/2019 09:58:00.000000,0.135442,7.70325,0.0258,0.004452,3.53
07/26/2019 09:59:00.000000,0.132617,7.946,0.024975,0.006586,4.274419
07/26/2019 10:00:00.000000,0.136757,8.26775,0.0243,10.035,4.145
07/26/2019 10:01:00.000000,0.135535,8.64125,0.0232,4.325,3.505
07/26/2019 10:02:00.000000,0.042118,8.93625,0.0234,0.003395,2.805
07/26/2019 10:03:00.000000,0.022077,9.2175,0.02455,0.00716,3.38
07/26/2019 10:04:00.000000,0.00948,9.526,0.0237,5.671429,3.25
07/26/2019 10:05:00.000000,0.008138,10.0365,0.02255,3.56,3.2
07/26/2019 10:06:00.000000,0.007863,14.79725,0.02015,0.006873,4.485714
07/26/2019 10:07:00.000000,0.005202,11.912,0.019975,4.695,3.765
07/26/2019 10:08:00.000000,0.007709,12.1255,0.0212,0.007796,3.35122
07/26/2019 10:09:00.000000,0.006765,11.561,0.022225,0.003939,2.963158
07/26/2019 10:10:00.000000,0.011098,11.38575,0.02365,2.815385,2.817949
07/26/2019 10:11:00.000000,0.004575,11.0655,0.0252,2.542857,2.542857
07/26/2019 10:12:00.000000,0.022158,10.634,0.025975,0.003754,2.925
07/26/2019 10:13:00.000000,0.085312,10.30275,0.025225,5.725,4.53
07/26/2019 10:14:00.000000,0.126238,9.966,0.02525,0.004349,3.509302
07/26/2019 10:15:00.000000,0.130529,9.6785,0.02515,0.003498,2.876923
07/26/2019 10:16:00.000000,0.127743,9.52625,0.02405,7.0875,5.01
07/26/2019 10:17:00.000000,0.129731,9.32475,0.02365,0.008124,3.428571
07/26/2019 10:18:00.000000,0.149043,9.172,0.024675,0.007437,4.214286
07/26/2019 10:19:00.000000,0.16857,9.3,0.02555,0.007273,4.652632
07/26/2019 10:20:00.000000,0.140445,9.4545,0.025025,0.00754,4.408824
07/26/2019 10:21:00.000000,0.128451,9.517,0.024675,3.225,2.955
07/26/2019 10:22:00.000000,0.12684,9.5885,0.0239,0.003436,2.786111
07/26/2019 10:23:00.000000,0.133253,9.62375,0.02355,6.005714,4.257143
07/26/2019 10:24:00.000000,0.132716,9.517,0.023725,4.078947,3.457895
07/26/2019 10:25:00.000000,0.128659,9.5555,0.023875,0.008843,3.470732
07/26/2019 10:26:00.000000,0.131406,9.72075,0.02285,8.290244,4.95122
07/26/2019 10:27:00.000000,0.13623,9.83025,0.0223,3.725,3.245
07/26/2019 10:28:00.000000,0.140231,9.84175,0.02255,0.005601,3.597436
07/26/2019 10:29:00.000000,0.138,9.71575,0.02455,0.010412,3.107692
07/26/2019 10:30:00.000000,0.130348,9.4745,0.026425,3.2875,2.575
07/26/2019 10:31:00.000000,0.125252,9.21725,0.026075,0.008042,4.719512
07/26/2019 10:32:00.000000,0.125019,8.98425,0.026325,0.009961,3.128571
07/26/2019 10:33:00.000000,0.12377,8.7085,0.026125,0.007386,4.165854
07/26/2019 10:34:00.000000,0.126214,8.303,0.025925,0.009089,4.06
07/26/2019 10:35:00.000000,0.127173,7.92825,0.0255,4.997436,3.323077
07/26/2019 10:36:00.000000,0.127427,7.7175,0.025125,6.882927,3.285366
07/26/2019 10:37:00.000000,0.129554,7.742,0.025375,4.888889,3.477778
07/26/2019 10:38:00.000000,0.133841,7.89675,0.0251,0.008843,3.841463
07/26/2019 10:39:00.000000,0.143147,8.047,0.0245,5.985714,3.3
07/26/2019 10:40:00.000000,0.14937,8.2175,0.02445,8.031818,5.1
07/26/2019 10:41:00.000000,0.150334,8.37025,0.02475,0.004903,3.35122
07/26/2019 10:42:00.000000,0.151502,8.4825,0.025125,0.009561,4.955
07/26/2019 10:43:00.000000,0.151043,8.55475,0.02455,0.004052,3.120513
07/26/2019 10:44:00.000000,0.152681,8.75775,0.02345,0.008678,3.832558
07/26/2019 10:45:00.000000,0.154626,8.8945,0.022625,0.010402,4.341463
07/26/2019 10:46:00.000000,0.157253,9.07375,0.021675,0.021029,4.912195
07/26/2019 10:47:00.000000,0.197759,9.40175,0.0213,0.005201,3.13
07/26/2019 10:48:00.000000,0.208531,9.63325,0.02145,0.004021,3.231818
07/26/2019 10:49:00.000000,0.172862,,0.021175,,
07/26/2019 10:50:00.000000,0.188395,10.25675,0.0209,0.008339,4.077273
07/26/2019 10:51:00.000000,0.187262,10.5375,0.021175,6.5,3.866667
07/26/2019 10:52:00.000000,0.170709,10.65625,0.022,0.006966,3.713333
07/26/2019 10:53:00.000000,0.174942,10.698,0.02305,0.009476,5.414286
07/26/2019 10:54:00.000000,0.152166,10.57775,0.02375,0.007345,4.290244
07/26/2019 10:55:00.000000,0.144516,10.264,0.02365,6.581579,4.168421
07/26/2019 10:56:00.000000,0.149284,10.064,0.02315,0.007899,3.18
07/26/2019 10:57:00.000000,0.148648,9.79125,0.02365,7.07027,3.251351
07/26/2019 10:58:00.000000,0.150024,9.381,0.024075,4.446512,3.472093
07/26/2019 10:59:00.000000,0.151538,8.9715,0.02415,0.003227,2.616279
07/26/2019 11:00:00.000000,0.157507,8.611,0.02515,3.876744,3.188372
07/26/2019 11:01:00.000000,0.151836,8.3085,0.025667,0.00504,3.47
07/26/2019 11:02:00.000000,0.144511,8.11675,0.025,3.0,2.907692
07/26/2019 11:03:00.000000,0.146649,7.99925,0.024325,0.003545,2.884615
07/26/2019 11:04:00.000000,0.149177,8.00325,0.02365,0.004077,3.328571
07/26/2019 11:05:00.000000,0.153164,8.1195,0.023275,5.1325,2.9875
07/26/2019 11:06:00.000000,0.161966,8.4345,0.02276,3.280488,2.9
07/26/2019 11:07:00.000000,0.17772,13.01825,0.020433,8.042857,3.4
07/26/2019 11:08:00.000000,0.192117,10.3985,0.0206,0.016474,4.002703
07/26/2019 11:09:00.000000,0.184263,9.01025,0.02215,0.005696,2.904878
07/26/2019 11:10:00.000000,0.181726,9.13025,0.0236,5.283333,2.861905
07/26/2019 11:11:00.000000,0.17922,9.08775,0.023625,8.502564,3.830769
07/26/2019 11:12:00.000000,0.185328,9.0415,0.022925,0.004999,3.235
07/26/2019 11:13:00.000000,0.204843,15.7905,0.020775,7.5,3.946154
07/26/2019 11:14:00.000000,0.212102,17.8965,0.01795,0.008667,4.686486
07/26/2019 11:15:00.000000,0.202845,12.62425,0.019525,0.00836,5.297561
07/26/2019 11:16:00.000000,0.177647,11.9545,0.0205,6.465116,4.646512
07/26/2019 11:17:00.000000,0.169196,11.66975,0.020567,0.00418,3.037209
07/26/2019 11:18:00.000000,0.181802,12.7075,0.0202,3.15,3.14
07/26/2019 11:19:00.000000,0.206649,12.724,0.01976,8.232258,5.135484
07/26/2019 11:20:00.000000,0.194497,12.68,0.0195,7.721875,4.134375
07/26/2019 11:21:00.000000,0.215781,12.35975,0.021375,3.281395,2.895349
07/26/2019 11:22:00.000000,0.18403,11.7345,0.02415,2.7,2.7
07/26/2019 11:23:00.000000,0.156863,11.08975,0.0252,5.55,3.563636
07/26/2019 11:24:00.000000,0.160691,10.39125,0.0256,10.780488,3.443902
07/26/2019 11:25:00.000000,0.173182,9.832,0.025825,0.022969,3.486364
07/26/2019 11:26:00.000000,0.164036,9.1635,0.026025,12.907692,4.074359
07/26/2019 11:27:00.000000,0.151939,8.5165,0.026025,15.944444,4.933333
07/26/2019 11:28:00.000000,0.155662,7.94475,0.026325,0.007007,3.54878
07/26/2019 11:29:00.000000,0.192434,7.86625,0.0256,0.005655,3.128571
07/26/2019 11:30:00.000000,0.361317,8.0125,0.02472,0.005184,3.635135
07/26/2019 11:31:00.000000,0.318778,8.251,0.024067,0.009753,3.616279
07/26/2019 11:32:00.000000,0.233315,8.574,0.02295,0.008851,3.6
07/26/2019 11:33:00.000000,0.2575,8.87525,0.02275,0.004795,3.35
07/26/2019 11:34:00.000000,0.23032,9.236,0.02295,9.9,4.484615
07/26/2019 11:35:00.000000,0.191446,9.5825,0.02325,0.008319,4.281395
07/26/2019 11:36:00.000000,0.187558,9.713,0.024825,0.007561,4.114634
07/26/2019 11:37:00.000000,0.177858,9.70675,0.0243,0.005778,3.758537
07/26/2019 11:38:00.000000,0.175493,9.75475,0.02345,3.034146,2.931707
07/26/2019 11:39:00.000000,0.181631,9.75425,0.023025,0.006823,4.257143
07/26/2019 11:40:00.000000,0.185782,9.68625,0.0233,0.007294,3.987805
07/26/2019 11:41:00.000000,0.191797,9.73475,0.0227,3.748837,3.481395
07/26/2019 11:42:00.000000,0.207364,9.80275,0.02216,9.123077,4.746154
07/26/2019 11:43:00.000000,0.207366,10.0375,0.022167,0.009241,4.230233
07/26/2019 11:44:00.000000,0.205323,10.39625,0.021425,0.012519,3.239535
07/26/2019 11:45:00.000000,0.219733,10.7405,0.020775,0.007438,3.530233
07/26/2019 11:46:00.000000,0.23473,10.98525,0.020925,0.004836,3.685366
07/26/2019 11:47:00.000000,0.259361,11.26325,0.0209,6.687805,5.321951
07/26/2019 11:48:00.000000,0.262127,11.527,0.020225,0.015511,5.682927
07/26/2019 11:49:00.000000,0.259422,,,,
07/26/2019 11:50:00.000000,0.249903,14.2895,0.01905,0.026186,7.44
07/26/2019 11:51:00.000000,0.245844,12.1775,0.018825,0.013789,5.493182
07/26/2019 11:52:00.000000,0.246153,11.767,0.0193,0.01926,4.658537
07/26/2019 11:53:00.000000,0.282492,12.2645,0.018775,5.285,3.325
07/26/2019 11:54:00.000000,0.28801,12.84975,0.0174,0.009569,3.957143
07/26/2019 11:55:00.000000,0.271754,12.98675,0.017175,0.006495,4.431429
07/26/2019 11:56:00.000000,0.274805,13.1465,0.018475,0.004641,3.590909
07/26/2019 11:57:00.000000,0.236526,13.324,0.017725,3.67,3.585
07/26/2019 11:58:00.000000,0.213262,13.69675,0.01635,0.008851,5.314286
07/26/2019 11:59:00.000000,0.214341,14.012,0.015875,0.01463,5.513636
07/26/2019 12:00:00.000000,0.249288,14.46125,0.0155,17.709091,5.845455
07/26/2019 12:01:00.000000,0.231268,15.096333,0.01415,0.00963,4.546154
07/26/2019 12:02:00.000000,0.271184,15.446,0.013,4.51,4.215
07/26/2019 12:03:00.000000,0.484328,15.96675,0.011225,0.010081,4.973333
07/26/2019 12:04:00.000000,0.498045,16.763,0.0105,0.011577,5.0
07/26/2019 12:05:00.000000,0.321396,17.80425,0.00945,12.92381,5.792857
07/26/2019 12:06:00.000000,0.29025,18.354,0.009125,5.37561,4.278049
07/26/2019 12:07:00.000000,0.265846,18.9245,0.010225,0.028993,5.97907
07/26/2019 12:08:00.000000,0.26613,19.31425,0.0117,14.353659,5.531707
07/26/2019 12:09:00.000000,0.265566,,,,
07/26/2019 12:10:00.000000,0.275265,19.7975,0.0103,0.01088,4.528571
07/26/2019 12:11:00.000000,0.297363,19.96875,0.010125,0.013605,5.242857
07/26/2019 12:12:00.000000,0.282094,19.8745,0.00975,9.268182,5.227273
07/26/2019 12:13:00.000000,0.28336,19.6865,0.0096,0.012871,5.453846
07/26/2019 12:14:00.000000,0.302617,19.80975,0.0096,0.012851,6.945
07/26/2019 12:15:00.000000,0.289843,20.23575,0.0087,10.227907,5.565116
07/26/2019 12:16:00.000000,0.29253,20.555,0.008575,16.602439,7.092683
07/26/2019 12:17:00.000000,0.301177,20.84475,0.008625,0.018662,5.154545
07/26/2019 12:18:00.000000,0.317906,20.91675,0.008375,12.9,6.514286
07/26/2019 12:19:00.000000,0.397172,21.04125,0.009425,0.012093,5.645
07/26/2019 12:20:00.000000,0.440954,21.3595,0.010675,0.008963,4.570732
07/26/2019 12:21:00.000000,0.382071,21.13925,0.011375,0.011132,5.518605
07/26/2019 12:22:00.000000,0.338294,19.0985,0.010275,0.012892,6.612195
07/26/2019 12:23:00.000000,0.448924,22.63025,0.00915,0.010477,5.530769
07/26/2019 12:24:00.000000,0.41852,21.211,0.00955,11.957143,4.871429
07/26/2019 12:25:00.000000,0.345493,26.7135,0.0085,9.1,5.226829
07/26/2019 12:26:00.000000,0.341274,23.99775,0.0083,0.010334,4.369231
07/26/2019 12:27:00.000000,0.343079,20.36425,0.01005,0.006016,4.114286
07/26/2019 12:28:00.000000,0.331331,22.47025,0.0105,0.018764,6.469231
07/26/2019 12:29:00.000000,0.421723,24.46225,0.009725,12.224324,5.140541
07/26/2019 12:30:00.000000,0.500188,20.514,0.010675,15.688636,5.136364
07/26/2019 12:31:00.000000,0.520561,19.71975,0.0123,6.853659,4.17561
07/26/2019 12:32:00.000000,0.479495,17.51025,0.013675,0.012847,5.893023
07/26/2019 12:33:00.000000,0.464026,17.529,0.013375,4.960465,4.393023
07/26/2019 12:34:00.000000,0.49834,20.48425,0.012625,9.8,7.295455
07/26/2019 12:35:00.000000,0.510943,32.47625,0.008825,24.393333,6.86
07/26/2019 12:36:00.000000,0.470714,30.8065,0.0062,32.718182,5.943182
07/26/2019 12:37:00.000000,0.384226,27.8705,0.006,16.665854,5.543902
07/26/2019 12:38:00.000000,0.356479,24.85925,0.00675,0.012371,4.746512
07/26/2019 12:39:00.000000,0.457558,24.12075,0.00695,17.19,7.405
07/26/2019 12:40:00.000000,0.634253,29.0365,0.00595,12.717073,7.217073
07/26/2019 12:41:00.000000,0.665598,26.783,0.005925,0.019598,5.478049
07/26/2019 12:42:00.000000,1.158259,25.763,0.0067,12.783333,5.783333
07/26/2019 12:43:00.000000,1.205571,24.68375,0.0075,0.01841,4.71
07/26/2019 12:44:00.000000,0.866429,25.05275,0.008475,8.667568,4.672973
07/26/2019 12:45:00.000000,1.027722,24.94925,0.009025,11.145946,7.035135
07/26/2019 12:46:00.000000,0.775964,24.86025,0.008425,0.006426,4.497561
07/26/2019 12:47:00.000000,0.449141,24.72525,0.008675,0.009259,4.333333
07/26/2019 12:48:00.000000,0.383867,24.46325,0.008075,4.659091,4.140909
07/26/2019 12:49:00.000000,0.385269,,,,
07/26/2019 12:50:00.000000,0.470192,22.66875,0.009975,12.604348,4.206522
07/26/2019 12:51:00.000000,0.525064,23.04975,0.00995,18.356098,3.843902
07/26/2019 12:52:00.000000,0.539572,23.5565,0.00755,0.016764,5.62439
07/26/2019 12:53:00.000000,0.494051,26.99425,0.00585,13.595122,5.743902
07/26/2019 12:54:00.000000,0.512856,24.3885,0.007925,0.034903,5.276923
07/26/2019 12:55:00.000000,0.517582,25.47425,0.00795,15.02,7.07
07/26/2019 12:56:00.000000,0.513,24.8335,0.0084,0.022194,5.715789
07/26/2019 12:57:00.000000,0.476695,23.80375,0.00985,5.302326,3.765116
07/26/2019 12:58:00.000000,0.414233,23.69375,0.0098,14.048718,5.361538
07/26/2019 12:59:00.000000,0.379768,23.5355,0.009825,15.77561,4.24878
07/26/2019 13:00:00.000000,0.356689,23.32775,0.010475,10.525581,3.674419
07/26/2019 13:01:00.000000,0.357915,24.217,0.0094,20.916667,6.741667
07/26/2019 13:02:00.000000,0.412442,27.86775,0.00555,20.345946,6.662162
07/26/2019 13:03:00.000000,0.565581,29.7085,0.004425,0.023498,6.844186
07/26/2019 13:04:00.000000,0.709043,27.0025,0.0044,31.353846,7.323077
07/26/2019 13:05:00.000000,0.790526,28.298,0.00255,0.060289,8.936585
07/26/2019 13:06:00.000000,0.842678,31.94825,0.002675,0.033468,7.369231
07/26/2019 13:07:00.000000,0.790331,27.80225,0.004325,20.842857,8.728571
07/26/2019 13:08:00.000000,0.700469,27.5955,0.0051,0.025662,10.004651
07/26/2019 13:09:00.000000,0.613586,27.589,0.0054,0.020248,9.339535
07/26/2019 13:10:00.000000,0.547387,27.0545,0.00635,0.028178,9.707692
07/26/2019 13:11:00.000000,0.516747,27.04425,0.006475,0.032246,7.716667
07/26/2019 13:12:00.000000,0.559622,26.93475,0.0069,25.858537,9.519512
07/26/2019 13:13:00.000000,0.64362,26.779,0.007,0.035875,8.960976
07/26/2019 13:14:00.000000,0.657504,26.78675,0.0068,34.325581,8.54186
07/26/2019 13:15:00.000000,0.575254,27.04975,0.0067,0.042739,6.878049
07/26/2019 13:16:00.000000,0.548304,27.4145,0.006975,0.037673,5.319512
07/26/2019 13:17:00.000000,0.548894,27.66475,0.0068,28.476923,8.464103
07/26/2019 13:18:00.000000,0.557295,27.69925,0.006925,18.431579,8.863158
07/26/2019 13:19:00.000000,0.554873,27.768,0.0067,0.036743,8.628571
07/26/2019 13:20:00.000000,0.649042,27.9655,0.00615,22.306818,9.663636
07/26/2019 13:21:00.000000,0.692877,28.23825,0.006325,29.25,11.022727
07/26/2019 13:22:00.000000,0.70491,28.35725,0.00655,35.269048,9.314286
07/26/2019 13:23:00.000000,0.714194,27.863,0.0081,0.023954,7.885714
07/26/2019 13:24:00.000000,0.630836,25.6065,0.00975,0.026973,8.123077
07/26/2019 13:25:00.000000,0.549468,22.85025,0.01125,19.528571,6.4
07/26/2019 13:26:00.000000,0.500807,22.57825,0.012225,0.015621,5.59
07/26/2019 13:27:00.000000,0.506301,21.81025,0.012725,0.020005,6.329268
07/26/2019 13:28:00.000000,0.482938,22.34825,0.013075,0.033548,5.725581
07/26/2019 13:29:00.000000,0.471735,,,,
07/26/2019 13:30:00.000000,0.46027,22.13475,0.0116,24.592683,7.27561
07/26/2019 13:31:00.000000,0.430384,22.1195,0.013475,16.314286,7.357143
07/26/2019 13:32:00.000000,0.406442,22.06375,0.01445,0.014412,4.469767
07/26/2019 13:33:00.000000,0.450905,20.46225,0.0141,18.5,6.471429
07/26/2019 13:34:00.000000,0.533331,21.70925,0.0124,0.019891,7.325
07/26/2019 13:35:00.000000,0.554738,27.257,0.01055,0.019933,7.980488
07/26/2019 13:36:00.000000,0.56927,24.03,0.0115,25.553659,9.758537
07/26/2019 13:37:00.000000,0.590469,25.39875,0.01235,0.033548,6.6
07/26/2019 13:38:00.000000,0.665201,25.317,0.012025,19.712195,5.131707
07/26/2019 13:39:00.000000,0.526134,25.091,0.011625,0.021749,6.75
07/26/2019 13:40:00.000000,0.469706,24.8975,0.01155,0.027991,7.1
07/26/2019 13:41:00.000000,0.49594,24.7555,0.011625,25.936364,6.679545
07/26/2019 13:42:00.000000,0.48315,24.5945,0.01165,16.451111,6.435556
07/26/2019 13:43:00.000000,0.430887,23.06925,0.009175,14.39,7.8
07/26/2019 13:44:00.000000,0.401624,25.2985,0.007425,22.504762,7.571429
07/26/2019 13:45:00.000000,0.401595,27.263,0.01015,15.05,6.809091
07/26/2019 13:46:00.000000,0.420978,25.63475,0.0113,0.062192,10.642857
07/26/2019 13:47:00.000000,0.431296,25.078,0.010875,30.835714,8.728571
07/26/2019 13:48:00.000000,0.448762,25.5865,0.010825,0.026939,8.814286
07/26/2019 13:49:00.000000,0.48047,,,,
07/26/2019 13:50:00.000000,0.475513,25.83025,0.01035,0.023072,6.45641
07/26/2019 13:51:00.000000,0.458107,25.95175,0.011725,0.022304,5.516667
07/26/2019 13:52:00.000000,0.455418,25.94725,0.01225,0.026517,7.690244
07/26/2019 13:53:00.000000,0.428834,25.8535,0.0123,0.038479,8.686047
07/26/2019 13:54:00.000000,0.417819,25.8055,0.012925,0.024442,5.944737
07/26/2019 13:55:00.000000,0.426047,25.76625,0.0135,17.373333,8.16
07/26/2019 13:56:00.000000,0.428902,25.69775,0.013325,0.024565,5.782927
07/26/2019 13:57:00.000000,0.438079,25.582,0.01355,0.018324,6.071429
07/26/2019 13:58:00.000000,0.435945,25.69675,0.012925,0.008125,5.783333
07/26/2019 13:59:00.000000,0.452486,25.8205,0.012175,0.03682,8.647368
07/26/2019 14:00:00.000000,0.500727,26.11025,0.011675,25.14,8.52
07/26/2019 14:01:00.000000,0.553967,26.4705,0.011175,19.589189,8.567568
07/26/2019 14:02:00.000000,0.606041,26.72875,0.012225,0.020471,6.933333
07/26/2019 14:03:00.000000,0.605045,26.872,0.0131,61.514634,6.84878
07/26/2019 14:04:00.000000,0.529175,25.41025,0.01255,24.089744,6.9
07/26/2019 14:05:00.000000,0.536706,22.47225,0.0126,26.230769,7.407692
07/26/2019 14:06:00.000000,0.510753,25.81175,0.013225,0.043662,5.357143
07/26/2019 14:07:00.000000,0.506271,25.156,0.0141,0.021594,6.015385
07/26/2019 14:08:00.000000,0.5101,25.2935,0.01455,0.020947,8.428571
07/26/2019 14:09:00.000000,0.493222,25.32075,0.015,18.762791,6.132558
07/26/2019 14:10:00.000000,0.467132,25.35625,0.0148,28.851282,6.292308
07/26/2019 14:11:00.000000,0.45739,25.2655,0.0148,0.022321,6.995
07/26/2019 14:12:00.000000,0.429107,24.959,0.016125,0.029294,6.226471
07/26/2019 14:13:00.000000,0.391564,24.191,0.017075,6.783333,4.4
07/26/2019 14:14:00.000000,0.389294,29.509,0.014975,0.025482,4.6
07/26/2019 14:15:00.000000,0.452455,28.06875,0.013475,0.020604,5.805
07/26/2019 14:16:00.000000,0.467776,27.1775,0.013825,0.017978,4.839024
07/26/2019 14:17:00.000000,0.466601,25.611,0.014025,15.104651,5.006977
07/26/2019 14:18:00.000000,0.489369,25.40625,0.0149,32.727027,6.272973
07/26/2019 14:19:00.000000,0.575472,25.35875,0.015525,0.02911,4.1
07/26/2019 14:20:00.000000,0.709294,25.40825,0.015125,26.485714,7.2
07/26/2019 14:21:00.000000,0.629206,26.086,0.01365,0.010123,4.618182
07/26/2019 14:22:00.000000,0.624926,41.00225,0.011,27.917073,6.063415
07/26/2019 14:23:00.000000,0.633079,26.07925,0.014075,17.094737,6.652632
07/26/2019 14:24:00.000000,0.611806,23.86825,0.01615,0.023913,6.865854
07/26/2019 14:25:00.000000,0.620714,30.43325,0.016425,0.008294,4.339024
07/26/2019 14:26:00.000000,0.505663,21.96625,0.01815,11.185714,5.185714
07/26/2019 14:27:00.000000,0.460299,23.228,0.017575,17.925,9.565
07/26/2019 14:28:00.000000,0.541852,26.20225,0.0147,17.87561,6.458537
07/26/2019 14:29:00.000000,0.622573,,,,
07/26/2019 14:30:00.000000,0.876222,25.792,0.015575,36.05,5.905
07/26/2019 14:31:00.000000,0.632679,22.95125,0.0182,0.019674,6.267442
07/26/2019 14:32:00.000000,0.418298,22.883,0.018525,0.018047,5.459091
07/26/2019 14:33:00.000000,0.476007,24.10525,0.01635,13.093023,6.590698
07/26/2019 14:34:00.000000,0.650021,30.07225,0.0135,29.531707,8.678049
07/26/2019 14:35:00.000000,0.66212,32.58925,0.014425,18.128571,7.714286
07/26/2019 14:36:00.000000,0.717152,29.31875,0.016,0.026809,8.1
07/26/2019 14:37:00.000000,0.664166,25.631,0.0169,0.019382,6.67
07/26/2019 14:38:00.000000,0.50695,26.576,0.016925,0.030342,5.881818
07/26/2019 14:39:00.000000,0.552904,31.112,0.01505,26.414286,9.828571
07/26/2019 14:40:00.000000,0.655659,27.45525,0.01595,0.020021,5.7
07/26/2019 14:41:00.000000,0.504309,30.4935,0.017775,0.030317,5.241463
07/26/2019 14:42:00.000000,0.424959,23.54325,0.0197,0.034194,5.135897
07/26/2019 14:43:00.000000,0.369732,21.83075,0.021,13.160465,4.669767
07/26/2019 14:44:00.000000,0.344334,22.4535,0.021375,4.790909,4.50303
07/26/2019 14:45:00.000000,0.36377,22.60025,0.020425,0.025476,5.014286
07/26/2019 14:46:00.000000,0.394195,22.8005,0.019875,26.886047,6.85814
07/26/2019 14:47:00.000000,0.427098,25.22625,0.017875,23.228205,6.523077
07/26/2019 14:48:00.000000,0.467456,27.263,0.016175,0.023485,9.192308
07/26/2019 14:49:00.000000,0.496067,,,,
07/26/2019 14:50:00.000000,0.562002,29.6975,0.0174,0.019073,4.014286
07/26/2019 14:51:00.000000,0.609547,23.6635,0.0219,0.010089,4.076744
07/26/2019 14:52:00.000000,0.474821,18.59875,0.02475,0.020475,4.018182
07/26/2019 14:53:00.000000,0.333817,19.69325,0.02425,9.5,3.745
07/26/2019 14:54:00.000000,0.306499,18.51775,0.0252,0.017937,4.16
07/26/2019 14:55:00.000000,0.309696,18.27875,0.025775,13.528571,5.116667
07/26/2019 14:56:00.000000,0.317259,18.351,0.025075,0.022535,7.05814
07/26/2019 14:57:00.000000,0.297169,17.091,0.024825,26.453659,5.265854
07/26/2019 14:58:00.000000,0.299754,17.44175,0.023375,14.141463,6.436585
07/26/2019 14:59:00.000000,0.369754,23.7645,0.021575,29.452174,6.021739
07/26/2019 15:00:00.000000,0.457361,19.863,0.02355,13.2875,3.69
07/26/2019 15:01:00.000000,0.456736,22.485,0.02305,0.032984,5.181818
07/26/2019 15:02:00.000000,0.53465,25.92975,0.020275,26.931579,7.510526
07/26/2019 15:03:00.000000,0.429487,21.282,0.019125,17.147368,6.671053
07/26/2019 15:04:00.000000,0.411757,21.6685,0.020575,0.030491,5.25
07/26/2019 15:05:00.000000,0.437299,23.922,0.021925,17.986364,6.468182
07/26/2019 15:06:00.000000,0.690405,24.289,0.021025,27.68,7.89
07/26/2019 15:07:00.000000,0.604847,23.104,0.020275,14.822222,6.35
07/26/2019 15:08:00.000000,0.439442,26.63325,0.01855,30.345238,10.671429
07/26/2019 15:09:00.000000,0.494849,,,,
07/26/2019 15:10:00.000000,0.522412,27.67,0.018325,44.5375,5.95625
07/26/2019 15:11:00.000000,0.52884,24.08675,0.020333,0.04168,6.96
07/26/2019 15:12:00.000000,0.466215,25.03875,0.0203,37.768571,6.617143
07/26/2019 15:13:00.000000,0.495706,28.2525,0.0195,0.032299,7.114286
07/26/2019 15:14:00.000000,0.504304,28.13375,0.0193,0.059951,6.022727
07/26/2019 15:15:00.000000,0.526192,28.0755,0.018925,0.02989,7.830769
07/26/2019 15:16:00.000000,0.505517,27.84675,0.0197,0.032662,7.610526
07/26/2019 15:17:00.000000,0.480922,27.599,0.020125,29.662791,5.951163
07/26/2019 15:18:00.000000,0.501393,27.434,0.020375,32.485714,6.616667
07/26/2019 15:19:00.000000,0.509119,27.176,0.021325,52.74186,7.469767
07/26/2019 15:20:00.000000,0.48563,26.75575,0.022225,0.049634,5.941463
07/26/2019 15:21:00.000000,0.468845,26.469,0.02245,34.266667,6.516667
07/26/2019 15:22:00.000000,0.470779,26.1975,0.023,0.035155,8.710811
07/26/2019 15:23:00.000000,0.455904,25.76475,0.023067,29.443902,6.363415
07/26/2019 15:24:00.000000,0.451738,25.53675,0.023525,20.89375,7.54375
07/26/2019 15:25:00.000000,0.458686,25.304,0.023925,21.031818,5.354545
07/26/2019 15:26:00.000000,0.473534,24.98425,0.024025,32.242857,7.666667
07/26/2019 15:27:00.000000,0.471244,24.8005,0.024125,26.471428,6.533333
07/26/2019 15:28:00.000000,0.461601,26.2465,0.023175,0.024084,7.797727
07/26/2019 15:29:00.000000,0.461526,24.982,0.022475,0.032814,6.9
07/26/2019 15:30:00.000000,0.447935,23.7085,0.024025,0.028305,6.532558
07/26/2019 15:31:00.000000,0.44637,23.883,0.024625,30.578049,8.54878
07/26/2019 15:32:00.000000,0.443489,23.82675,0.024875,0.018642,6.435
07/26/2019 15:33:00.000000,0.436625,23.86025,0.025825,0.019302,6.170732
07/26/2019 15:34:00.000000,0.427642,23.92325,0.025825,12.909756,5.260976
07/26/2019 15:35:00.000000,0.435744,23.90375,0.025475,21.75,5.014286
07/26/2019 15:36:00.000000,0.426683,23.62675,0.026675,7.485714,4.914286
07/26/2019 15:37:00.000000,0.393691,23.45025,0.0277,26.585714,6.271429
07/26/2019 15:38:00.000000,0.38953,23.1595,0.028325,0.015297,5.209302
07/26/2019 15:39:00.000000,0.38877,22.7495,0.0285,11.95641,5.338462
07/26/2019 15:40:00.000000,0.38788,22.34525,0.029175,0.017951,4.635
07/26/2019 15:41:00.000000,0.438142,22.2775,0.029,12.745454,4.306061
07/26/2019 15:42:00.000000,0.59006,22.068,0.027775,0.025187,4.3
07/26/2019 15:43:00.000000,0.505141,21.9055,0.027775,0.021069,4.725
07/26/2019 15:44:00.000000,0.447156,21.967,0.0273,11.728571,4.457143
07/26/2019 15:45:00.000000,0.474308,26.811,0.0249,30.890244,7.814634
07/26/2019 15:46:00.000000,0.413841,21.112,0.026775,26.446341,7.034146
07/26/2019 15:47:00.000000,0.382331,21.4875,0.029675,24.929268,5.263415
07/26/2019 15:48:00.000000,0.375603,21.0185,0.028675,18.102326,4.827907
07/26/2019 15:49:00.000000,0.403755,32.75425,0.026,0.0419,4.371429
07/26/2019 15:50:00.000000,0.428769,23.1745,0.02665,0.03409,5.22093
07/26/2019 15:51:00.000000,0.43426,22.51525,0.02688,22.508333,6.041667
07/26/2019 15:52:00.000000,0.415989,20.547333,0.028567,0.019888,7.1
07/26/2019 15:53:00.000000,0.375248,19.9645,0.0307,17.8,7.01
07/26/2019 15:54:00.000000,0.353472,19.79175,0.031325,0.026865,5.028571
07/26/2019 15:55:00.000000,0.343018,19.6,0.03085,25.041463,5.382927
07/26/2019 15:56:00.000000,0.351637,19.6585,0.03065,20.343902,4.817073
07/26/2019 15:57:00.000000,0.352161,19.71025,0.03135,0.019281,7.643182
07/26/2019 15:58:00.000000,0.382324,19.78675,0.031125,0.033341,6.964706
07/26/2019 15:59:00.000000,0.364121,19.899,0.030625,25.264286,6.217857
07/26/2019 16:00:00.000000,0.356829,20.005,0.03035,0.024202,7.171429
07/26/2019 16:01:00.000000,0.361229,20.07975,0.032325,0.041975,6.189474
07/26/2019 16:02:00.000000,0.105313,20.2445,0.033225,33.943902,5.219512
07/26/2019 16:03:00.000000,0.047161,20.4535,0.033025,22.54,4.688889
07/26/2019 16:04:00.000000,0.004202,20.50725,0.032675,23.1125,6.225
07/26/2019 16:05:00.000000,0.006497,20.702,0.032325,24.483333,5.713889
07/26/2019 16:06:00.000000,-9999.0,20.775,0.033075,20.109677,7.370968
07/26/2019 16:07:00.000000,-9999.0,20.7095,0.033,0.029059,5.25
07/26/2019 16:08:00.000000,0.002938,20.51075,0.033625,17.993333,8.18
07/26/2019 16:09:00.000000,0.002334,20.51775,0.0324,22.488571,5.92
07/26/2019 16:10:00.000000,0.0048,20.4795,0.03275,31.0,8.675
07/26/2019 16:11:00.000000,0.0063,20.213,0.033825,22.52093,6.367442
07/26/2019 16:12:00.000000,0.061918,19.9335,0.0344,0.039848,4.617073
07/26/2019 16:13:00.000000,0.216013,19.4575,0.0355,0.03411,4.990698
07/26/2019 16:14:00.000000,0.30668,19.24675,0.0357,26.6,5.425
07/26/2019 16:15:00.000000,0.318585,22.1295,0.035225,0.028949,4.542105
07/26/2019 16:16:00.000000,0.341829,27.37725,0.0324,22.94,6.44
07/26/2019 16:17:00.000000,0.387231,21.093,0.0316,21.597297,6.686486
07/26/2019 16:18:00.000000,0.370934,19.87375,0.0339,0.021443,5.735714
07/26/2019 16:19:00.000000,0.352685,20.62,0.034725,12.943243,4.932432
07/26/2019 16:20:00.000000,0.33277,20.366,0.0346,0.030293,7.13871
07/26/2019 16:21:00.000000,0.331749,23.58425,0.033625,22.4,6.637143
07/26/2019 16:22:00.000000,0.335886,21.995,0.034,16.444444,5.05
07/26/2019 16:23:00.000000,0.324752,24.954,0.0342,0.021313,5.79375
07/26/2019 16:24:00.000000,0.326133,29.58175,0.0302,19.242105,7.323684
07/26/2019 16:25:00.000000,0.429514,25.768,0.029675,0.009441,3.6625
07/26/2019 16:26:00.000000,0.405555,19.42475,0.0334,12.08,5.66
07/26/2019 16:27:00.000000,0.311759,20.4405,0.0356,0.034326,6.5475
07/26/2019 16:28:00.000000,0.297941,19.82825,0.03605,0.028483,4.466667
07/26/2019 16:29:00.000000,0.527442,20.09575,0.036075,,
07/26/2019 16:30:00.000000,0.657666,20.076,0.03655,16.383333,5.597222
07/26/2019 16:31:00.000000,0.365049,20.072,0.036375,0.016153,4.845455
07/26/2019 16:32:00.000000,0.306267,20.2265,0.035775,0.015874,4.448889
07/26/2019 16:33:00.000000,0.324636,20.38025,0.035425,0.027473,5.825
07/26/2019 16:34:00.000000,0.342095,23.07875,0.035075,0.051682,6.002326
07/26/2019 16:35:00.000000,0.355262,22.2245,0.035475,0.033509,6.357143
07/26/2019 16:36:00.000000,0.346533,20.819,0.0366,0.020856,6.268182
07/26/2019 16:37:00.000000,0.333542,21.65125,0.0365,13.318605,6.506977
07/26/2019 16:38:00.000000,0.431503,22.264,0.0348,0.033422,7.9175
07/26/2019 16:39:00.000000,0.44314,22.49725,0.034,0.03054,5.325641
07/26/2019 16:40:00.000000,0.376126,22.23525,0.036375,32.6,4.155556
07/26/2019 16:41:00.000000,0.352704,22.36225,0.03645,15.5,5.853846
07/26/2019 16:42:00.000000,0.338485,22.29,0.03695,0.02709,4.916129
07/26/2019 16:43:00.000000,0.314094,24.805,0.035175,0.033205,8.137931
07/26/2019 16:44:00.000000,0.439034,25.17675,0.0324,25.633333,7.272222
07/26/2019 16:45:00.000000,0.603614,21.905,0.034975,0.029157,5.491176
07/26/2019 16:46:00.000000,0.485432,23.5445,0.035575,0.038309,6.728571
07/26/2019 16:47:00.000000,0.450827,26.874,0.033725,19.15,6.416667
07/26/2019 16:48:00.000000,0.430039,27.49725,0.0337,29.215789,10.8
07/26/2019 16:49:00.000000,0.437915,24.7345,0.033775,34.107692,7.307692
07/26/2019 16:50:00.000000,0.393903,21.55325,0.03625,0.014858,3.944828
07/26/2019 16:51:00.000000,0.335119,21.4125,0.038167,15.785,4.2125
07/26/2019 16:52:00.000000,0.332681,26.06,0.037825,29.375,4.8075
07/26/2019 16:53:00.000000,0.376343,33.874,0.03335,38.336842,6.876316
07/26/2019 16:54:00.000000,0.397708,28.3315,0.03126,0.023987,7.846875
07/26/2019 16:55:00.000000,0.412144,23.31825,0.035975,0.02445,4.818182
07/26/2019 16:56:00.000000,0.377065,21.954333,0.0379,0.02984,4.194118
07/26/2019 16:57:00.000000,0.38156,22.28,0.036675,0.031047,5.777419
07/26/2019 16:58:00.000000,0.514652,22.87825,0.0355,0.034227,4.907692
07/26/2019 16:59:00.000000,0.451248,25.9395,0.034,35.494118,7.864706
07/26/2019 17:00:00.000000,0.44229,25.4475,0.034175,28.853333,6.713333
07/26/2019 17:01:00.000000,0.429572,23.53875,0.03575,0.035976,5.507317
07/26/2019 17:02:00.000000,0.403167,25.3815,0.035775,0.020872,5.88
07/26/2019 17:03:00.000000,0.452635,25.78725,0.038775,29.692683,8.107317
07/26/2019 17:04:00.000000,0.402226,25.0995,0.041775,0.040073,5.066667
07/26/2019 17:05:00.000000,0.360229,24.675,0.0412,24.528571,5.171429
07/26/2019 17:06:00.000000,0.368383,24.44875,0.039775,15.871429,5.557143
07/26/2019 17:07:00.000000,0.37942,23.9705,0.040325,0.026067,4.58
07/26/2019 17:08:00.000000,0.340027,23.51,0.04135,0.020577,4.058537
07/26/2019 17:09:00.000000,0.365448,23.19025,0.0401,0.026759,5.114286
07/26/2019 17:10:00.000000,0.402845,23.12725,0.039125,20.043902,6.239024
07/26/2019 17:11:00.000000,0.452469,23.326,0.03975,24.135,8.355
07/26/2019 17:12:00.000000,0.415409,23.507,0.04195,0.026807,8.528571
07/26/2019 17:13:00.000000,0.46703,26.22,0.0408,0.028956,6.553846
07/26/2019 17:14:00.000000,0.77317,23.6355,0.0411,0.041399,4.943243
07/26/2019 17:15:00.000000,0.619923,21.46725,0.04305,0.03824,4.785714
07/26/2019 17:16:00.000000,0.413482,24.38025,0.040525,30.493023,5.134884
07/26/2019 17:17:00.000000,0.488507,24.12925,0.0401,0.035989,9.742857
07/26/2019 17:18:00.000000,0.536422,24.235,0.040875,19.1,8.506667
07/26/2019 17:19:00.000000,0.6029,21.08325,0.0433,13.660976,8.968293
07/26/2019 17:20:00.000000,0.458001,24.11975,0.043025,0.024974,10.814286
07/26/2019 17:21:00.000000,0.43366,24.0855,0.04135,17.78,5.9025
07/26/2019 17:22:00.000000,0.462003,18.92475,0.044825,12.307692,4.376923
07/26/2019 17:23:00.000000,0.351236,21.833,0.044,0.014062,5.645455
07/26/2019 17:24:00.000000,0.447793,22.92,0.04425,0.026232,5.985714
07/26/2019 17:25:00.000000,0.514663,17.87925,0.04685,0.030752,5.060976
07/26/2019 17:26:00.000000,0.340014,23.0295,0.044875,5.0,2.834884
07/26/2019 17:27:00.000000,0.351261,17.22225,0.04725,10.518182,4.790909
07/26/2019 17:28:00.000000,0.375332,14.166,0.051575,0.011329,3.734286
07/26/2019 17:29:00.000000,0.3257,14.20325,0.051275,0.020267,4.38
07/26/2019 17:30:00.000000,0.338622,14.29375,0.05045,0.03956,5.007692
07/26/2019 17:31:00.000000,0.294492,19.09675,0.051,0.027982,4.160976
07/26/2019 17:32:00.000000,0.325995,15.40175,0.0518,19.2,3.492308
07/26/2019 17:33:00.000000,0.403039,19.603,0.051675,0.023307,5.695
07/26/2019 17:34:00.000000,0.467421,15.85925,0.047,26.54,4.315
07/26/2019 17:35:00.000000,0.362538,24.292,0.04305,0.02545,5.963415
07/26/2019 17:36:00.000000,0.346417,19.9185,0.04515,44.065854,6.897561
07/26/2019 17:37:00.000000,0.339554,17.64725,0.047025,21.96,6.5875
07/26/2019 17:38:00.000000,0.294149,15.333,0.050625,0.03059,4.723077
07/26/2019 17:39:00.000000,0.25022,15.30575,0.05245,0.017835,3.892308
07/26/2019 17:40:00.000000,0.250242,15.44925,0.051175,0.029439,5.0
07/26/2019 17:41:00.000000,0.295078,16.03975,0.047625,0.049151,7.078049
07/26/2019 17:42:00.000000,0.345628,16.59275,0.047575,0.025397,5.180488
07/26/2019 17:43:00.000000,0.355441,21.80525,0.045825,25.330769,6.030769
07/26/2019 17:44:00.000000,0.355171,22.71475,0.045025,0.023343,4.366667
07/26/2019 17:45:00.000000,0.342794,17.12375,0.05055,0.019583,5.495122
07/26/2019 17:46:00.000000,0.295985,17.54125,0.042975,0.024547,5.037143
07/26/2019 17:47:00.000000,0.381097,24.7125,0.048925,18.74,3.873333
07/26/2019 17:48:00.000000,0.370838,21.225,0.04945,0.018124,4.575
07/26/2019 17:49:00.000000,0.345045,,,,
07/26/2019 17:50:00.000000,0.32957,18.93225,0.050625,0.034853,5.56
07/26/2019 17:51:00.000000,0.353105,19.332,0.049325,0.078038,6.995122
07/26/2019 17:52:00.000000,0.41835,20.14225,0.046525,33.059524,4.542857
07/26/2019 17:53:00.000000,1.013071,25.52,0.0427,0.026701,4.015
07/26/2019 17:54:00.000000,0.866753,23.867,0.042625,0.030709,6.38
07/26/2019 17:55:00.000000,0.438741,19.16775,0.04875,26.458536,5.860976
07/26/2019 17:56:00.000000,0.300191,19.46,0.05075,16.641463,6.212195
07/26/2019 17:57:00.000000,0.28893,20.827,0.05035,21.066667,5.3
07/26/2019 17:58:00.000000,0.325963,20.09625,0.0513,0.02717,5.782927
07/26/2019 17:59:00.000000,0.422047,20.111,0.05125,36.1125,4.965
07/26/2019 18:00:00.000000,0.578443,20.17525,0.050925,0.035924,5.568293
07/26/2019 18:01:00.000000,0.496086,20.205,0.050933,0.023957,6.197561
07/26/2019 18:02:00.000000,0.365601,20.07075,0.051975,0.038694,6.384211
07/26/2019 18:03:00.000000,0.327761,19.695,0.05275,0.039646,6.664286
07/26/2019 18:04:00.000000,0.34845,21.36125,0.052375,0.022678,4.584615
07/26/2019 18:05:00.000000,0.317231,21.163,0.0507,26.689189,3.948649
07/26/2019 18:06:00.000000,0.316959,19.73075,0.05135,0.020458,4.24
07/26/2019 18:07:00.000000,0.299452,19.75925,0.0513,0.03629,5.842857
07/26/2019 18:08:00.000000,0.373231,19.9375,0.050075,0.032162,4.836842
07/26/2019 18:09:00.000000,0.387949,22.677,0.0511,,
07/26/2019 18:10:00.000000,0.381749,21.773,0.052525,42.17907,8.313953
07/26/2019 18:11:00.000000,0.327194,19.007,0.05595,0.037374,6.094737
07/26/2019 18:12:00.000000,0.299306,15.992,0.058475,0.051203,13.2075
07/26/2019 18:13:00.000000,0.3215,16.1365,0.057925,20.205263,6.715789
07/26/2019 18:14:00.000000,0.29707,16.201,0.05595,0.053908,6.526829
07/26/2019 18:15:00.000000,0.28285,16.16725,0.057825,17.646154,5.530769
07/26/2019 18:16:00.000000,0.27274,16.3645,0.058975,0.029226,5.382927
07/26/2019 18:17:00.000000,0.326236,16.886,0.056975,0.030135,5.232558
07/26/2019 18:18:00.000000,0.390575,17.18725,0.057725,0.029086,5.284615
07/26/2019 18:19:00.000000,0.320196,17.1755,0.058775,27.118605,4.955814
07/26/2019 18:20:00.000000,0.295765,16.99875,0.059625,0.019469,3.957143
07/26/2019 18:21:00.000000,0.275465,16.52325,0.0606,7.15,4.395
07/26/2019 18:22:00.000000,0.231969,15.819,0.060725,2.8,2.545
07/26/2019 18:23:00.000000,0.222665,15.3825,0.060625,0.015373,3.1075
07/26/2019 18:24:00.000000,0.246237,14.465,0.062125,11.092308,6.261538
07/26/2019 18:25:00.000000,0.225991,13.216,0.063475,0.034181,6.283721
07/26/2019 18:26:00.000000,0.223187,12.1945,0.0571,0.014322,4.338462
07/26/2019 18:27:00.000000,0.262627,23.328,0.044175,19.014286,3.25
07/26/2019 18:28:00.000000,0.395698,18.18375,0.052275,0.024756,4.683333
07/26/2019 18:29:00.000000,0.404982,,,,
07/26/2019 18:30:00.000000,0.420662,14.08975,0.0571,39.55122,10.997561
07/26/2019 18:31:00.000000,0.410357,15.51575,0.0561,0.022524,4.735
07/26/2019 18:32:00.000000,0.48023,18.72625,0.055075,0.025926,2.714286
07/26/2019 18:33:00.000000,0.399124,7.89325,0.0569,0.02104,3.5075
07/26/2019 18:34:00.000000,0.267595,6.9545,0.060325,0.010064,3.615
07/26/2019 18:35:00.000000,0.204473,5.59425,0.0603,0.002788,1.992308
07/26/2019 18:36:00.000000,0.175809,4.84475,0.061825,1.783333,1.7
07/26/2019 18:37:00.000000,0.153899,4.88575,0.062125,22.094737,2.205263
07/26/2019 18:38:00.000000,0.152175,5.05275,0.0612,13.521951,2.556098
07/26/2019 18:39:00.000000,0.164799,5.407,0.061475,8.412195,3.112195
07/26/2019 18:40:00.000000,0.178715,10.23925,0.05765,0.013879,3.6125
07/26/2019 18:41:00.000000,0.261119,9.61925,0.053575,15.357143,4.3
07/26/2019 18:42:00.000000,0.252048,10.80225,0.05835,0.015846,4.914286
07/26/2019 18:43:00.000000,0.225206,11.38,0.06435,14.1625,4.83
07/26/2019 18:44:00.000000,0.260545,11.22,0.066025,0.005272,3.286364
07/26/2019 18:45:00.000000,0.325058,14.28875,0.063025,3.188372,3.172093
07/26/2019 18:46:00.000000,0.321251,15.0245,0.060675,0.021944,3.716279
07/26/2019 18:47:00.000000,0.321564,16.9655,0.060775,0.021413,3.887805
07/26/2019 18:48:00.000000,0.314088,15.186,0.06,23.011628,2.609302
07/26/2019 18:49:00.000000,0.287774,14.27025,0.063425,0.036785,6.8
07/26/2019 18:50:00.000000,0.292614,14.48575,0.0611,27.309677,4.696774
07/26/2019 18:51:00.000000,0.386692,24.32125,0.048025,0.02385,3.613333
07/26/2019 18:52:00.000000,0.414358,13.7135,0.063425,21.877273,4.031818
07/26/2019 18:53:00.000000,0.3552,9.59325,0.0664,0.01816,3.585714
07/26/2019 18:54:00.000000,0.277075,10.20225,0.066775,0.037548,4.542105
07/26/2019 18:55:00.000000,0.236902,9.26825,0.06335,11.786047,3.753488
07/26/2019 18:56:00.000000,0.23962,9.265,0.063,29.346341,4.653659
07/26/2019 18:57:00.000000,0.232108,9.358,0.06415,14.7,3.434146
07/26/2019 18:58:00.000000,0.284136,9.643,0.064225,0.008808,4.210526
07/26/2019 18:59:00.000000,0.340955,9.9445,0.064875,8.442857,4.485714
07/26/2019 19:00:00.000000,0.322887,10.13875,0.065675,0.003828,2.669231
07/26/2019 19:01:00.000000,0.341793,10.128667,0.06505,6.835484,4.012903
07/26/2019 19:02:00.000000,0.288225,12.4025,0.0528,0.019031,3.090909
07/26/2019 19:03:00.000000,0.314062,30.2735,0.050675,14.495122,3.814634
07/26/2019 19:04:00.000000,0.30911,13.702,0.060775,0.005466,2.718182
07/26/2019 19:05:00.000000,0.338998,14.455,0.05785,2.035294,2.041176
07/26/2019 19:06:00.000000,0.318332,6.9145,0.0609,15.130556,2.483333
07/26/2019 19:07:00.000000,0.228348,7.74125,0.0636,0.019772,2.748837
07/26/2019 19:08:00.000000,0.227596,11.45125,0.061625,0.02907,4.040541
07/26/2019 19:09:00.000000,0.280561,,,,
07/26/2019 19:10:00.000000,0.275501,10.7175,0.067175,0.034448,3.409091
07/26/2019 19:11:00.000000,0.231542,10.16,0.06795,12.275,3.975
07/26/2019 19:12:00.000000,0.219136,9.90325,0.0668,0.015351,3.37027
07/26/2019 19:13:00.000000,0.246804,9.6545,0.0649,0.021753,2.74
07/26/2019 19:14:00.000000,0.256317,9.041,0.06665,5.748718,2.928205
07/26/2019 19:15:00.000000,0.294482,8.4515,0.06795,14.439024,2.609756
07/26/2019 19:16:00.000000,0.380116,7.61925,0.069225,0.013071,2.892857
07/26/2019 19:17:00.000000,0.299795,7.046,0.071825,14.39,2.07
07/26/2019 19:18:00.000000,0.197142,6.711,0.07095,0.005568,1.876744
07/26/2019 19:19:00.000000,0.182307,6.83325,0.06765,8.405405,4.397297
07/26/2019 19:20:00.000000,0.276805,6.39875,0.0686,7.473684,3.284211
07/26/2019 19:21:00.000000,0.268291,6.3115,0.069475,12.119512,4.565854
07/26/2019 19:22:00.000000,0.244494,11.1895,0.064675,21.053488,3.127907
07/26/2019 19:23:00.000000,0.447741,17.2595,0.058225,11.8,2.347619
07/26/2019 19:24:00.000000,0.504427,18.23775,0.056275,0.015852,4.204762
07/26/2019 19:25:00.000000,0.453781,16.82025,0.05715,9.07561,3.439024
07/26/2019 19:26:00.000000,0.310885,9.64,0.062425,0.010234,2.181395
07/26/2019 19:27:00.000000,0.247836,8.71775,0.0646,0.013892,3.925
07/26/2019 19:28:00.000000,0.269942,8.60475,0.065725,0.015193,2.425
07/26/2019 19:29:00.000000,0.231574,,,,
07/26/2019 19:30:00.000000,0.20613,7.957,0.067875,2.686667,2.08
07/26/2019 19:31:00.000000,0.215806,7.68475,0.067925,0.014916,2.505263
07/26/2019 19:32:00.000000,0.259465,7.48875,0.066975,0.00932,2.520455
07/26/2019 19:33:00.000000,0.250005,6.90325,0.06875,0.026653,3.109524
07/26/2019 19:34:00.000000,0.169403,6.3405,0.069775,0.007578,2.468293
07/26/2019 19:35:00.000000,0.150719,6.13025,0.06745,8.047619,3.3
07/26/2019 19:36:00.000000,0.213176,5.12375,0.065275,7.110526,3.231579
07/26/2019 19:37:00.000000,0.366723,13.314,0.053125,0.006301,3.253488
07/26/2019 19:38:00.000000,0.302532,18.96875,0.061775,7.476316,3.223684
07/26/2019 19:39:00.000000,0.267642,12.44825,0.061725,0.004339,2.530769
07/26/2019 19:40:00.000000,0.282254,8.12025,0.065125,0.002616,1.936364
07/26/2019 19:41:00.000000,0.228314,5.307,0.069275,0.008808,2.7
07/26/2019 19:42:00.000000,0.178704,4.25475,0.07055,14.5975,3.875
07/26/2019 19:43:00.000000,0.163852,4.37825,0.07055,9.535897,3.084615
07/26/2019 19:44:00.000000,0.178256,8.74975,0.0669,0.012137,3.936364
07/26/2019 19:45:00.000000,0.264742,11.05625,0.06315,10.919048,4.071429
07/26/2019 19:46:00.000000,0.34832,10.0235,0.0623,13.205882,3.285294
07/26/2019 19:47:00.000000,0.306504,5.6555,0.0655,0.022418,1.908824
07/26/2019 19:48:00.000000,0.232697,4.05175,0.067575,16.254545,1.675
07/26/2019 19:49:00.000000,0.225491,,,,
07/26/2019 19:50:00.000000,0.279662,6.1245,0.064625,4.361905,1.757143
07/26/2019 19:51:00.000000,0.224969,4.10575,0.067325,4.192857,3.328571
07/26/2019 19:52:00.000000,0.175021,32.2235,0.063925,8.953846,2.415385
07/26/2019 19:53:00.000000,0.195839,10.98075,0.0631,8.192857,2.157143
07/26/2019 19:54:00.000000,0.237173,6.25875,0.064725,0.003856,1.951429
07/26/2019 19:55:00.000000,0.21314,3.8475,0.067275,0.009276,1.715385
07/26/2019 19:56:00.000000,0.157895,5.0165,0.0682,3.205405,1.862162
07/26/2019 19:57:00.000000,0.152851,5.58375,0.0675,0.008362,2.386486
07/26/2019 19:58:00.000000,0.166453,5.37,0.06805,2.840541,1.932432
07/26/2019 19:59:00.000000,0.167498,5.4085,0.06698,7.448148,2.355556
07/26/2019 20:00:00.000000,0.175231,5.33975,0.0656,0.003244,1.575
07/26/2019 20:01:00.000000,0.157762,5.19075,0.066375,6.863415,3.639024
07/26/2019 20:02:00.000000,0.21411,5.05975,0.066625,0.002649,1.871429
07/26/2019 20:03:00.000000,0.265434,5.129,0.0655,8.1,2.5
07/26/2019 20:04:00.000000,0.205264,5.241,0.066525,0.012754,2.785366
07/26/2019 20:05:00.000000,0.187872,5.65225,0.06555,14.75122,2.458537
07/26/2019 20:06:00.000000,0.238725,6.168,0.063375,6.851163,2.14186
07/26/2019 20:07:00.000000,0.247089,5.93075,0.064325,0.009255,3.042857
07/26/2019 20:08:00.000000,0.202599,5.76525,0.0652,0.013375,3.032558
07/26/2019 20:09:00.000000,0.17085,5.89375,0.0646,0.010138,2.49
07/26/2019 20:10:00.000000,0.17516,5.92525,0.064475,2.551163,1.969767
07/26/2019 20:11:00.000000,0.174671,5.93475,0.06435,2.325,2.24
07/26/2019 20:12:00.000000,0.18092,5.7895,0.06285,15.9625,2.63
07/26/2019 20:13:00.000000,0.170086,5.2785,0.064125,0.020035,2.530769
07/26/2019 20:14:00.000000,0.144948,4.94125,0.065025,0.015417,3.182927
07/26/2019 20:15:00.000000,0.157778,5.355,0.0639,0.007487,3.213953
07/26/2019 20:16:00.000000,0.19137,5.4705,0.06395,14.770732,3.370732
07/26/2019 20:17:00.000000,0.168165,5.17675,0.066,13.871429,2.885714
07/26/2019 20:18:00.000000,0.145329,5.02125,0.0652,13.157143,2.961905
07/26/2019 20:19:00.000000,0.157008,4.9105,0.0645,0.008862,1.9275
07/26/2019 20:20:00.000000,0.172111,5.44175,0.06195,0.003074,1.869231
07/26/2019 20:21:00.000000,0.173125,6.05825,0.0597,0.008612,3.408108
07/26/2019 20:22:00.000000,0.192489,6.34925,0.06265,0.013234,4.626316
07/26/2019 20:23:00.000000,0.198347,6.4795,0.0626,9.175,3.61
07/26/2019 20:24:00.000000,0.257862,7.086,0.0606,23.914286,3.566667
07/26/2019 20:25:00.000000,0.450701,8.2385,0.059075,16.753659,3.429268
07/26/2019 20:26:00.000000,0.307975,9.274,0.05915,14.568182,3.831818
07/26/2019 20:27:00.000000,0.227734,9.986,0.059475,0.005651,2.781395
07/26/2019 20:28:00.000000,0.225012,9.82275,0.0604,0.018335,2.769231
07/26/2019 20:29:00.000000,0.342807,,,,
07/26/2019 20:30:00.000000,0.332329,14.4415,0.053575,0.010452,2.378947
07/26/2019 20:31:00.000000,0.257649,10.91275,0.056925,6.511628,2.472093
07/26/2019 20:32:00.000000,0.234495,8.40525,0.058325,0.012658,2.84
07/26/2019 20:33:00.000000,0.211764,15.15725,0.0571,11.684091,3.245455
07/26/2019 20:34:00.000000,0.241317,13.4555,0.051575,0.005089,2.436364
07/26/2019 20:35:00.000000,0.276051,3.51975,0.0551,5.002564,2.046154
07/26/2019 20:36:00.000000,0.264539,9.431,0.0582,0.011731,3.83871
07/26/2019 20:37:00.000000,0.264815,5.80975,0.0625,0.026869,2.391892
07/26/2019 20:38:00.000000,0.219696,5.376667,0.065025,7.631818,2.520455
07/26/2019 20:39:00.000000,0.298105,7.54425,0.064,9.533333,3.085714
07/26/2019 20:40:00.000000,0.366763,7.899,0.063625,0.016752,4.384615
07/26/2019 20:41:00.000000,0.274795,7.5345,0.06585,0.009079,2.933333
07/26/2019 20:42:00.000000,0.215035,7.39175,0.06515,0.010661,3.28
07/26/2019 20:43:00.000000,0.227462,7.17475,0.06485,0.027345,4.342857
07/26/2019 20:44:00.000000,0.202964,6.7255,0.0671,13.728571,3.385714
07/26/2019 20:45:00.000000,0.177919,6.68925,0.06685,0.015282,3.626829
07/26/2019 20:46:00.000000,0.20733,11.8915,0.06255,9.565854,3.368293
07/26/2019 20:47:00.000000,0.246652,9.345,0.062325,5.8,2.195
07/26/2019 20:48:00.000000,0.263765,11.48125,0.057425,0.017032,2.0
07/26/2019 20:49:00.000000,0.303005,19.16075,0.067225,3.5,1.915
07/26/2019 20:50:00.000000,0.300511,7.515,0.0677,1.725641,1.730769
07/26/2019 20:51:00.000000,0.235121,4.224,0.070525,11.17561,5.370732
07/26/2019 20:52:00.000000,0.194838,3.71025,0.0708,5.825641,3.646154
07/26/2019 20:53:00.000000,0.195021,3.6155,0.072225,0.017572,3.386957
07/26/2019 20:54:00.000000,0.180877,6.5345,0.069725,15.81,3.655
07/26/2019 20:55:00.000000,0.196288,5.69675,0.067,0.026489,4.188372
07/26/2019 20:56:00.000000,0.165835,5.52925,0.068975,12.75,2.572727
07/26/2019 20:57:00.000000,0.182674,4.0005,0.0696,0.004415,1.876923
07/26/2019 20:58:00.000000,0.154685,4.64875,0.068525,0.003315,2.568293
07/26/2019 20:59:00.000000,0.140991,4.53225,0.070125,13.256757,2.197297
07/26/2019 21:00:00.000000,0.133854,4.30475,0.071975,10.014286,2.871429
07/26/2019 21:01:00.000000,0.150022,4.3235,0.06945,0.011997,2.225581
07/26/2019 21:02:00.000000,0.21651,4.74225,0.065175,0.022631,3.205
07/26/2019 21:03:00.000000,0.232104,5.07575,0.064075,8.882927,2.487805
07/26/2019 21:04:00.000000,0.199272,5.416,0.065275,0.008754,1.957143
07/26/2019 21:05:00.000000,0.207608,5.97075,0.06335,14.104878,4.153659
07/26/2019 21:06:00.000000,0.32647,6.14425,0.0641,9.997619,3.671429
07/26/2019 21:07:00.000000,0.334706,6.121,0.066425,8.676923,2.146154
07/26/2019 21:08:00.000000,0.221718,6.15525,0.067,8.77,1.475
07/26/2019 21:09:00.000000,0.156733,6.04025,0.066325,8.97561,3.192683
07/26/2019 21:10:00.000000,0.144201,5.9015,0.06275,8.113636,3.154545
07/26/2019 21:11:00.000000,0.175633,5.7835,0.0616,2.393333,2.133333
07/26/2019 21:12:00.000000,0.173981,5.28225,0.063875,8.215385,3.030769
07/26/2019 21:13:00.000000,0.157577,4.94575,0.062925,0.023103,3.92
07/26/2019 21:14:00.000000,0.165328,4.8835,0.06225,9.381818,3.427273
07/26/2019 21:15:00.000000,0.162552,8.7025,0.060175,0.019772,5.05
07/26/2019 21:16:00.000000,0.217586,10.0495,0.058,15.657143,4.2
07/26/2019 21:17:00.000000,0.283084,11.39225,0.058525,16.012195,3.317073
07/26/2019 21:18:00.000000,0.270569,5.25525,0.052825,0.007107,2.52
07/26/2019 21:19:00.000000,0.190731,20.83025,0.04905,7.056098,4.058537
07/26/2019 21:20:00.000000,0.251602,10.3055,0.057525,3.757143,2.816667
07/26/2019 21:21:00.000000,0.225277,5.954,0.061675,0.002687,1.722857
07/26/2019 21:22:00.000000,0.159573,5.985,0.062475,3.456098,1.956098
07/26/2019 21:23:00.000000,0.162711,7.25525,0.061825,0.008567,2.345455
07/26/2019 21:24:00.000000,0.193392,7.26425,0.06285,2.375,1.805
07/26/2019 21:25:00.000000,0.227852,7.2135,0.061167,0.024631,3.35
07/26/2019 21:26:00.000000,0.731792,7.67825,0.056975,4.785366,1.992683
07/26/2019 21:27:00.000000,0.94247,7.41175,0.06002,0.007278,3.252941
07/26/2019 21:28:00.000000,0.330685,6.74525,0.0662,34.142857,2.271429
07/26/2019 21:29:00.000000,0.145575,6.0865,0.06745,0.017637,2.014634
07/26/2019 21:30:00.000000,0.132073,5.47125,0.06765,0.006786,2.087179
07/26/2019 21:31:00.000000,0.147745,5.2595,0.066375,0.010622,2.776923
07/26/2019 21:32:00.000000,0.135511,5.16225,0.06455,0.019604,1.625
07/26/2019 21:33:00.000000,0.125497,9.85225,0.060925,15.413953,3.24186
07/26/2019 21:34:00.000000,0.192449,8.5285,0.059825,3.683333,2.228571
07/26/2019 21:35:00.000000,0.258495,8.06675,0.06195,2.1,2.085714
07/26/2019 21:36:00.000000,0.262333,6.37525,0.0646,5.653846,2.776923
07/26/2019 21:37:00.000000,0.219429,5.1895,0.068425,7.405,3.495
07/26/2019 21:38:00.000000,0.151501,5.10275,0.068425,8.384615,2.838462
07/26/2019 21:39:00.000000,0.145115,4.85825,0.06885,0.003442,2.19
07/26/2019 21:40:00.000000,0.148169,6.99525,0.0685,0.018095,3.476744
07/26/2019 21:41:00.000000,0.182466,14.84825,0.0622,0.009429,3.133333
07/26/2019 21:42:00.000000,0.266999,10.53125,0.0619,0.02012,2.743902
07/26/2019 21:43:00.000000,0.368791,16.122,0.059625,0.007501,2.7
07/26/2019 21:44:00.000000,0.42487,11.206,0.058225,17.078049,2.865854
07/26/2019 21:45:00.000000,0.364376,5.9805,0.06445,0.016772,4.180488
07/26/2019 21:46:00.000000,0.227326,5.72125,0.0671,0.010937,2.771429
07/26/2019 21:47:00.000000,0.190405,9.81675,0.06575,11.785714,4.728571
07/26/2019 21:48:00.000000,0.230811,18.4615,0.0602,9.523077,4.338462
07/26/2019 21:49:00.000000,0.287698,13.287,0.057975,9.78,4.98
07/26/2019 21:50:00.000000,0.413154,9.5115,0.0604,18.848837,4.84186
07/26/2019 21:51:00.000000,0.443338,6.864,0.064675,11.9,3.685714
07/26/2019 21:52:00.000000,0.235238,10.125,0.06475,0.012102,4.439024
07/26/2019 21:53:00.000000,0.205275,15.688,0.05985,5.552632,3.0
07/26/2019 21:54:00.000000,0.292742,14.93825,0.058125,13.633333,3.385714
07/26/2019 21:55:00.000000,0.321134,16.849,0.051725,18.485714,3.757143
07/26/2019 21:56:00.000000,0.394703,25.5015,0.043425,0.012779,3.468293
07/26/2019 21:57:00.000000,0.40385,15.08075,0.055125,2.804651,1.893023
07/26/2019 21:58:00.000000,0.270419,10.60875,0.058375,21.619512,2.62439
07/26/2019 21:59:00.000000,0.228268,5.55925,0.0644,0.025937,4.771429
07/26/2019 22:00:00.000000,0.182137,5.53275,0.06605,17.209756,3.64878
07/26/2019 22:01:00.000000,0.179154,14.55025,0.0612,0.015349,2.883721
07/26/2019 22:02:00.000000,0.068809,8.55975,0.0594,0.035146,5.062162
07/26/2019 22:03:00.000000,0.032947,8.70375,0.061625,12.165116,2.82093
07/26/2019 22:04:00.000000,0.00634,5.48175,0.063675,8.709756,3.32439
07/26/2019 22:05:00.000000,0.008704,5.47075,0.0649,10.092683,2.560976
07/26/2019 22:06:00.000000,0.009656,8.16475,0.063725,22.897619,3.085714
07/26/2019 22:07:00.000000,0.010266,8.29375,0.06345,5.135,1.925
07/26/2019 22:08:00.000000,0.008325,15.46675,0.06145,0.023515,3.506977
07/26/2019 22:09:00.000000,0.004439,14.41675,0.05795,0.031849,3.605405
07/26/2019 22:10:00.000000,0.003778,4.84,0.060875,0.011004,3.855
07/26/2019 22:11:00.000000,0.003948,7.21325,0.0634,2.717073,2.32439
07/26/2019 22:12:00.000000,0.061728,8.802,0.060675,0.023282,2.95
07/26/2019 22:13:00.000000,0.196301,8.9565,0.059375,16.778049,2.929268
07/26/2019 22:14:00.000000,0.24325,9.4215,0.058575,0.01927,4.009756
07/26/2019 22:15:00.000000,0.324947,12.30975,0.05675,0.090782,3.435
07/26/2019 22:16:00.000000,0.349999,18.80825,0.054925,0.019701,2.781818
07/26/2019 22:17:00.000000,0.390275,15.9165,0.051,13.376667,4.536667
07/26/2019 22:18:00.000000,0.441661,13.90525,0.0518,11.089286,3.057143
07/26/2019 22:19:00.000000,0.399782,8.05475,0.0576,0.008508,2.351351
07/26/2019 22:20:00.000000,0.335222,8.67325,0.061225,0.007636,3.146512
07/26/2019 22:21:00.000000,0.302924,9.17525,0.059925,10.216667,4.242857
07/26/2019 22:22:00.000000,0.303468,18.0905,0.046925,0.033176,3.469231
07/26/2019 22:23:00.000000,0.336682,32.66475,0.044125,0.013189,2.185714
07/26/2019 22:24:00.000000,0.357691,15.10975,0.049175,0.020589,2.388571
07/26/2019 22:25:00.000000,0.312215,9.77825,0.058,0.022297,3.342857
07/26/2019 22:26:00.000000,0.311855,10.268,0.057575,0.030048,4.28
07/26/2019 22:27:00.000000,0.345587,31.777,0.040925,0.029413,4.109091
07/26/2019 22:28:00.000000,0.421227,20.813,0.04565,0.026549,4.011111
07/26/2019 22:29:00.000000,0.475608,14.40425,0.053175,0.030936,3.142857
07/26/2019 22:30:00.000000,0.450417,19.56775,0.053025,16.92,5.04
07/26/2019 22:31:00.000000,0.525644,22.575,0.04845,21.609302,3.42093
07/26/2019 22:32:00.000000,0.515692,9.3745,0.0522,0.022108,2.153488
07/26/2019 22:33:00.000000,0.3248,10.366,0.058,0.016659,4.057143
07/26/2019 22:34:00.000000,0.275621,8.69525,0.0583,4.481818,2.465909
07/26/2019 22:35:00.000000,0.30086,10.626,0.0574,0.007069,2.3475
07/26/2019 22:36:00.000000,0.367228,14.556,0.052875,11.67561,3.339024
07/26/2019 22:37:00.000000,0.324675,10.697,0.05185,0.007852,2.230769
07/26/2019 22:38:00.000000,0.274448,9.04925,0.05625,7.519512,2.597561
07/26/2019 22:39:00.000000,0.243597,9.2785,0.05515,0.037061,4.307692
07/26/2019 22:40:00.000000,0.268661,9.93175,0.05155,0.126598,2.465854
07/26/2019 22:41:00.000000,0.28372,10.6855,0.05165,17.809091,2.487879
07/26/2019 22:42:00.000000,0.234697,11.39075,0.051575,0.008455,2.67
07/26/2019 22:43:00.000000,0.237822,12.0335,0.051875,0.009224,2.94878
07/26/2019 22:44:00.000000,0.243813,20.3665,0.047025,0.007649,2.902778
07/26/2019 22:45:00.000000,0.34534,27.895,0.041575,7.227273,2.640909
07/26/2019 22:46:00.000000,0.453191,36.21,0.0295,14.561538,3.558974
07/26/2019 22:47:00.000000,0.467735,19.67625,0.0444,4.582222,2.42
07/26/2019 22:48:00.000000,0.402125,14.16725,0.052325,18.408571,2.1
07/26/2019 22:49:00.000000,0.540226,12.84625,0.05288,0.017099,3.84375
07/26/2019 22:50:00.000000,0.448306,14.908,0.050967,0.011774,4.932558
07/26/2019 22:51:00.000000,0.449625,15.38975,0.050575,0.016284,2.539024
07/26/2019 22:52:00.000000,0.452724,14.365,0.055225,8.3625,3.205
07/26/2019 22:53:00.000000,0.271901,13.809,0.0562,0.015909,2.714286
07/26/2019 22:54:00.000000,0.32716,17.93425,0.050575,8.125,5.075
07/26/2019 22:55:00.000000,0.624876,25.46475,0.04155,7.384615,3.302564
07/26/2019 22:56:00.000000,0.949355,16.6765,0.045825,6.346341,2.458537
07/26/2019 22:57:00.000000,0.821484,6.16375,0.055625,0.010681,2.738462
07/26/2019 22:58:00.000000,0.368604,10.876,0.05765,0.00315,2.031707
07/26/2019 22:59:00.000000,0.338321,18.6905,0.05025,0.022123,3.35122
07/26/2019 23:00:00.000000,0.468854,18.3985,0.045475,0.077769,3.685366
07/26/2019 23:01:00.000000,0.393024,14.080333,0.048125,39.202632,6.392105
07/26/2019 23:02:00.000000,0.279466,11.62275,0.050075,0.031223,3.946341
07/26/2019 23:03:00.000000,0.262896,11.99725,0.05025,0.021635,3.814286
07/26/2019 23:04:00.000000,0.266669,15.3675,0.049175,34.661905,5.47619
07/26/2019 23:05:00.000000,0.263532,14.9055,0.05125,25.9,6.36
07/26/2019 23:06:00.000000,0.256233,14.23425,0.052275,23.653488,5.118605
07/26/2019 23:07:00.000000,0.344158,13.44975,0.0521,0.037254,8.11
07/26/2019 23:08:00.000000,0.345084,14.41175,0.0462,35.625581,5.493023
07/26/2019 23:09:00.000000,0.282637,20.42,0.049575,0.051146,3.675
07/26/2019 23:10:00.000000,0.267926,8.3995,0.051925,0.027548,3.764706
07/26/2019 23:11:00.000000,0.243836,9.494,0.052125,0.048179,3.389744
07/26/2019 23:12:00.000000,0.258477,8.8735,0.052725,0.034496,4.34
07/26/2019 23:13:00.000000,0.263125,8.5345,0.050925,33.466667,6.7
07/26/2019 23:14:00.000000,0.334043,11.02175,0.048625,0.036438,5.994737
07/26/2019 23:15:00.000000,0.394952,10.306,0.051025,0.030995,4.518182
07/26/2019 23:16:00.000000,0.538621,10.889,0.05055,47.55,5.233333
07/26/2019 23:17:00.000000,0.397398,13.6445,0.048275,0.033172,6.809756
07/26/2019 23:18:00.000000,0.389603,13.34325,0.0476,0.025957,5.026829
07/26/2019 23:19:00.000000,0.469855,13.44525,0.046275,37.29697,4.693939
07/26/2019 23:20:00.000000,0.395267,13.31975,0.046925,0.042842,5.263636
07/26/2019 23:21:00.000000,0.352673,13.3725,0.048,0.042117,4.96
07/26/2019 23:22:00.000000,0.314503,12.943,0.050725,41.002439,5.690244
07/26/2019 23:23:00.000000,0.261206,12.3015,0.05265,0.026811,4.115789
07/26/2019 23:24:00.000000,0.248968,11.937,0.052275,28.641463,5.541463
07/26/2019 23:25:00.000000,0.414135,11.37225,0.051775,0.017632,5.471429
07/26/2019 23:26:00.000000,1.047742,11.00825,0.05265,0.018422,4.109302
07/26/2019 23:27:00.000000,0.717937,10.83825,0.05235,19.1375,6.025
07/26/2019 23:28:00.000000,0.395757,10.8395,0.050225,0.039747,4.115385
07/26/2019 23:29:00.000000,0.507341,,,,
07/26/2019 23:30:00.000000,0.457082,11.48475,0.04935,0.031209,5.442105
07/26/2019 23:31:00.000000,0.355068,12.28675,0.047425,0.032639,7.595
07/26/2019 23:32:00.000000,0.378156,17.4635,0.04515,0.04186,7.069231
07/26/2019 23:33:00.000000,0.470917,10.4605,0.0485,30.461538,5.258974
07/26/2019 23:34:00.000000,0.341394,9.216,0.05245,0.040302,5.151163
07/26/2019 23:35:00.000000,0.23022,14.02675,0.04745,0.028135,3.925
07/26/2019 23:36:00.000000,0.287255,13.52675,0.0468,0.022094,3.354545
07/26/2019 23:37:00.000000,0.374672,17.6485,0.03525,21.160606,4.463636
07/26/2019 23:38:00.000000,1.043693,27.10225,0.039025,0.043184,4.327907
07/26/2019 23:39:00.000000,0.891625,25.13275,0.03905,30.25,4.385
07/26/2019 23:40:00.000000,0.552387,19.0775,0.039975,0.033343,4.15122
07/26/2019 23:41:00.000000,0.44773,6.76825,0.04965,0.023033,4.015
07/26/2019 23:42:00.000000,0.281061,9.75425,0.05145,35.25,6.583333
07/26/2019 23:43:00.000000,0.270033,6.5315,0.053225,0.023535,4.203448
07/26/2019 23:44:00.000000,0.211411,5.93275,0.054175,15.816667,5.3
07/26/2019 23:45:00.000000,0.181064,6.292,0.053125,0.028049,3.815789
07/26/2019 23:46:00.000000,0.172936,6.825,0.053075,19.666667,6.166667
07/26/2019 23:47:00.000000,0.180421,7.4925,0.0525,0.027758,4.087097
07/26/2019 23:48:00.000000,0.198517,8.386,0.052225,0.03925,6.369231
07/26/2019 23:49:00.000000,0.207237,9.38725,0.050725,0.033429,5.953846
07/26/2019 23:50:00.000000,0.278293,10.73475,0.0477,0.025989,3.476744
07/26/2019 23:51:00.000000,0.346141,19.83225,0.047225,23.702439,4.380488
07/26/2019 23:52:00.000000,0.298646,12.51825,0.0516,19.24359,5.7
07/26/2019 23:53:00.000000,0.250128,11.0075,0.054175,16.304444,4.126667
07/26/2019 23:54:00.000000,0.252534,15.21125,0.0508,0.042356,7.069767
07/26/2019 23:55:00.000000,0.484456,15.3535,0.0492,0.026318,8.62
07/26/2019 23:56:00.000000,0.463975,15.3895,0.049375,18.355263,6.107895
07/26/2019 23:57:00.000000,0.357662,16.67525,0.048225,0.055575,9.3
07/26/2019 23:58:00.000000,0.507261,20.77125,0.04765,0.028852,5.717073
07/26/2019 23:59:00.000000,0.421721,15.30775,0.04815,0.037774,4.473171
07/27/2019 00:00:00.000000,0.32789,15.17,0.0484,0.028852,5.146341
07/27/2019 00:01:00.000000,0.312275,13.45825,0.050075,21.746154,5.3
07/27/2019 00:02:00.000000,0.331805,13.355,0.049875,0.035453,6.852941
07/27/2019 00:03:00.000000,0.358538,13.5075,0.049525,0.029823,9.034146
07/27/2019 00:04:00.000000,0.308129,13.41475,0.0513,0.02352,5.915
07/27/2019 00:05:00.000000,0.480954,13.6915,0.05165,16.515385,5.95641
07/27/2019 00:06:00.000000,0.652511,13.41375,0.052875,32.091111,6.757778
07/27/2019 00:07:00.000000,0.371515,13.249,0.05295,25.517073,6.985366
07/27/2019 00:08:00.000000,0.243032,12.915,0.05295,0.005497,3.175
07/27/2019 00:09:00.000000,0.23508,12.65475,0.05405,0.042426,5.671429
07/27/2019 00:10:00.000000,0.384068,12.033,0.05495,0.036971,4.2625
07/27/2019 00:11:00.000000,0.367285,13.28975,0.05175,14.047059,3.326471
07/27/2019 00:12:00.000000,0.507182,9.04225,0.053625,29.645238,4.842857
07/27/2019 00:13:00.000000,0.402441,10.83,0.05645,32.395,5.1
07/27/2019 00:14:00.000000,0.207438,13.67275,0.053625,19.473684,5.186842
07/27/2019 00:15:00.000000,0.256474,8.544,0.0547,21.168966,4.524138
07/27/2019 00:16:00.000000,0.244612,12.24925,0.0528,0.034834,6.656098
07/27/2019 00:17:00.000000,0.210722,16.003,0.049775,37.136364,4.240909
07/27/2019 00:18:00.000000,0.24577,16.14475,0.049475,0.019299,3.614286
07/27/2019 00:19:00.000000,0.274499,23.2245,0.046775,13.0,4.45
07/27/2019 00:20:00.000000,0.250379,18.3345,0.045425,0.012611,5.433333
07/27/2019 00:21:00.000000,0.253303,25.10775,0.04285,0.024998,3.62
07/27/2019 00:22:00.000000,0.267587,16.97375,0.045925,0.018204,4.770213
07/27/2019 00:23:00.000000,0.374793,16.7465,0.04815,0.030815,4.655814
07/27/2019 00:24:00.000000,0.324165,13.5065,0.048775,17.417073,5.453659
07/27/2019 00:25:00.000000,0.286625,18.002,0.047225,18.9,5.6
07/27/2019 00:26:00.000000,0.305199,19.729,0.0456,19.979412,4.144118
07/27/2019 00:27:00.000000,0.299749,12.8265,0.049025,25.541667,10.322222
07/27/2019 00:28:00.000000,0.263086,14.99175,0.04725,22.7,4.5
07/27/2019 00:29:00.000000,0.282365,20.92375,0.043125,55.785366,4.909756
07/27/2019 00:30:00.000000,0.280243,11.211,0.04755,26.388372,6.318605
07/27/2019 00:31:00.000000,0.22664,11.74625,0.051575,0.042038,5.336364
07/27/2019 00:32:00.000000,0.202083,11.67275,0.051675,15.090244,5.043902
07/27/2019 00:33:00.000000,0.196271,13.14775,0.051675,0.031946,3.012903
07/27/2019 00:34:00.000000,0.192298,12.43525,0.05455,0.019855,4.262857
07/27/2019 00:35:00.000000,0.174592,12.02775,0.054075,26.669048,7.914286
07/27/2019 00:36:00.000000,0.176173,11.5535,0.05385,21.202439,5.512195
07/27/2019 00:37:00.000000,0.189792,12.147,0.051275,0.034501,6.333333
07/27/2019 00:38:00.000000,0.193089,14.83875,0.048425,0.02322,6.6
07/27/2019 00:39:00.000000,0.192002,8.632,0.052275,0.017457,6.030233
07/27/2019 00:40:00.000000,0.206745,11.4995,0.04615,21.595122,6.156098
07/27/2019 00:41:00.000000,0.349431,15.05375,0.05005,11.6,4.565116
07/27/2019 00:42:00.000000,0.407202,16.38525,0.049975,0.027253,6.305128
07/27/2019 00:43:00.000000,0.257401,16.762,0.04955,12.175,4.56
07/27/2019 00:44:00.000000,0.190828,19.40225,0.049725,0.013584,5.56
07/27/2019 00:45:00.000000,0.173712,25.20925,0.04745,0.018123,5.123077
07/27/2019 00:46:00.000000,0.187153,19.351,0.047125,0.022582,4.121951
07/27/2019 00:47:00.000000,0.199582,18.776,0.048875,11.786486,4.259459
07/27/2019 00:48:00.000000,0.177113,11.20825,0.051675,0.013113,4.963415
07/27/2019 00:49:00.000000,0.198168,14.119,0.0495,12.462162,5.183784
07/27/2019 00:50:00.000000,0.265558,20.23725,0.0436,0.014233,5.393548
07/27/2019 00:51:00.000000,0.287903,14.567,0.046725,0.016589,3.771429
07/27/2019 00:52:00.000000,0.21203,16.4635,0.048425,15.813333,4.626667
07/27/2019 00:53:00.000000,0.200954,21.35325,0.044525,0.005896,3.767442
07/27/2019 00:54:00.000000,0.219197,22.3755,0.0423,0.020953,5.944186
07/27/2019 00:55:00.000000,0.23736,22.2155,0.042575,18.21,4.19
07/27/2019 00:56:00.000000,0.244138,21.804,0.0428,0.015997,4.933333
07/27/2019 00:57:00.000000,0.251056,21.83225,0.03955,0.013831,5.37
07/27/2019 00:58:00.000000,0.269738,21.661,0.04075,13.885714,9.085714
07/27/2019 00:59:00.000000,0.258472,21.0815,0.045475,0.022907,4.9
07/27/2019 01:00:00.000000,0.238382,20.75975,0.045,14.611905,5.471429
07/27/2019 01:01:00.000000,0.271807,20.538,0.0432,15.15,5.6125
07/27/2019 01:02:00.000000,0.304878,20.06275,0.04405,31.34878,7.839024
07/27/2019 01:03:00.000000,0.256068,19.9295,0.044075,15.14878,7.104878
07/27/2019 01:04:00.000000,0.254502,19.385,0.04582,0.020889,5.317241
07/27/2019 01:05:00.000000,0.26119,18.81875,0.045975,21.785294,4.908824
07/27/2019 01:06:00.000000,0.281542,18.1255,0.046533,16.35,5.071429
07/27/2019 01:07:00.000000,0.22633,17.562,0.0482,0.018195,4.417073
07/27/2019 01:08:00.000000,0.204023,16.89875,0.047575,0.02035,4.397222
07/27/2019 01:09:00.000000,0.229835,16.45425,0.04515,11.642857,4.914286
07/27/2019 01:10:00.000000,0.275197,16.02025,0.046075,8.646154,5.358974
07/27/2019 01:11:00.000000,0.238453,16.3005,0.046225,11.974359,6.161538
07/27/2019 01:12:00.000000,0.284154,16.4725,0.04685,0.021661,6.3
07/27/2019 01:13:00.000000,0.248329,16.316,0.045475,16.3375,6.13
07/27/2019 01:14:00.000000,0.214542,16.4505,0.0453,5.526667,4.106667
07/27/2019 01:15:00.000000,0.212793,16.91,0.04505,0.029458,6.27561
07/27/2019 01:16:00.000000,0.253189,17.11775,0.0454,0.01027,4.584615
07/27/2019 01:17:00.000000,0.287735,17.06225,0.044975,23.414286,6.533333
07/27/2019 01:18:00.000000,0.368664,17.1305,0.044725,28.4,5.2
07/27/2019 01:19:00.000000,0.262176,16.75625,0.044875,0.030367,4.214286
07/27/2019 01:20:00.000000,0.201846,16.92975,0.044275,0.087805,4.846341
07/27/2019 01:21:00.000000,0.220119,17.06975,0.0436,0.035291,5.0
07/27/2019 01:22:00.000000,0.268186,17.13675,0.04395,0.037129,4.913953
07/27/2019 01:23:00.000000,0.509706,17.2865,0.043275,22.409302,5.674419
07/27/2019 01:24:00.000000,0.470704,17.7375,0.04205,0.026246,5.205
07/27/2019 01:25:00.000000,0.289162,18.62825,0.0405,0.020414,5.918182
07/27/2019 01:26:00.000000,0.32172,19.5865,0.037525,0.020012,6.704545
07/27/2019 01:27:00.000000,0.349535,20.29125,0.03775,0.024281,5.251163
07/27/2019 01:28:00.000000,0.33422,21.24825,0.03845,0.027535,5.167568
07/27/2019 01:29:00.000000,0.328488,21.33275,0.04075,0.019146,5.961538
07/27/2019 01:30:00.000000,0.358288,21.26075,0.04495,0.027831,5.414286
07/27/2019 01:31:00.000000,0.412454,21.0735,0.043525,0.034467,5.559091
07/27/2019 01:32:00.000000,0.398105,20.848,0.043175,0.048372,5.855
07/27/2019 01:33:00.000000,0.396674,20.26875,0.04125,0.024978,5.236585
07/27/2019 01:34:00.000000,0.383044,19.5615,0.03975,13.437838,6.775676
07/27/2019 01:35:00.000000,0.385139,18.624,0.043175,9.8825,6.1925
07/27/2019 01:36:00.000000,0.313571,16.8245,0.0468,0.016208,4.215
07/27/2019 01:37:00.000000,0.249509,15.995,0.0495,0.016166,5.521951
07/27/2019 01:38:00.000000,0.224289,15.26125,0.04995,13.981818,5.281818
07/27/2019 01:39:00.000000,0.247505,14.463,0.049725,0.021597,5.88
07/27/2019 01:40:00.000000,0.257731,13.72525,0.0487,29.014634,7.963415
07/27/2019 01:41:00.000000,0.239356,13.045,0.0458,0.015436,5.314634
07/27/2019 01:42:00.000000,0.252306,12.308,0.045375,0.017729,6.9
07/27/2019 01:43:00.000000,0.250416,13.312,0.04665,9.978049,6.056098
07/27/2019 01:44:00.000000,0.313289,25.08425,0.042775,16.411905,5.714286
07/27/2019 01:45:00.000000,0.401444,18.27975,0.03925,0.021823,6.72
07/27/2019 01:46:00.000000,0.348024,17.04975,0.041775,12.630769,6.561538
07/27/2019 01:47:00.000000,0.319557,14.92725,0.044325,16.937143,5.525714
07/27/2019 01:48:00.000000,0.26926,14.62925,0.04665,0.00783,4.136842
07/27/2019 01:49:00.000000,0.256658,14.25925,0.04918,0.025548,7.583333
07/27/2019 01:50:00.000000,0.237704,13.80925,0.049667,0.013001,4.874419
07/27/2019 01:51:00.000000,0.225304,13.386,0.04955,9.3,4.995
07/27/2019 01:52:00.000000,0.222661,13.0655,0.04915,9.081081,4.681081
07/27/2019 01:53:00.000000,0.225916,12.555,0.048975,0.017729,4.846154
07/27/2019 01:54:00.000000,0.223363,11.98075,0.05005,15.085,5.75
07/27/2019 01:55:00.000000,0.216639,11.37875,0.051425,19.230233,4.006977
07/27/2019 01:56:00.000000,0.2126,11.038,0.050675,17.945,7.61
07/27/2019 01:57:00.000000,0.25326,19.109,0.04425,0.032271,5.536364
07/27/2019 01:58:00.000000,0.404053,12.1555,0.042075,0.02384,4.681081
07/27/2019 01:59:00.000000,0.355736,9.36325,0.04835,17.55,5.45
07/27/2019 02:00:00.000000,0.325441,9.20925,0.05105,15.663158,5.436842
07/27/2019 02:01:00.000000,0.368074,9.560667,0.0511,21.327778,6.316667
07/27/2019 02:02:00.000000,0.494292,9.74225,0.050275,13.794872,5.115385
07/27/2019 02:03:00.000000,0.473892,15.15425,0.0503,0.010666,4.7
07/27/2019 02:04:00.000000,0.352987,16.03975,0.048525,12.251163,6.411628
07/27/2019 02:05:00.000000,0.343522,15.2785,0.0452,0.028477,5.915
07/27/2019 02:06:00.000000,0.298352,19.57525,0.04285,0.034527,7.809524
07/27/2019 02:07:00.000000,0.366664,20.60375,0.040875,0.024852,7.719512
07/27/2019 02:08:00.000000,0.319599,16.9365,0.043725,0.008115,4.865
07/27/2019 02:09:00.000000,0.281987,16.5545,0.046375,0.026369,5.870732
07/27/2019 02:10:00.000000,0.280923,15.9945,0.04725,0.009844,4.863415
07/27/2019 02:11:00.000000,0.270338,15.2705,0.048575,0.023819,5.013953
07/27/2019 02:12:00.000000,0.264527,14.48075,0.0502,0.01564,5.92
07/27/2019 02:13:00.000000,0.250677,13.5585,0.050775,0.019709,4.834884
07/27/2019 02:14:00.000000,0.232495,12.99075,0.048575,0.015198,5.881395
07/27/2019 02:15:00.000000,0.253146,12.59975,0.04685,6.790244,5.619512
07/27/2019 02:16:00.000000,0.272913,12.21175,0.04695,12.431707,6.231707
07/27/2019 02:17:00.000000,0.26827,12.23575,0.0459,0.02365,8.841463
07/27/2019 02:18:00.000000,0.282484,12.51725,0.044975,19.355,7.18
07/27/2019 02:19:00.000000,0.341883,12.60475,0.047125,0.018823,6.143902
07/27/2019 02:20:00.000000,0.346534,12.6575,0.0488,0.02266,7.082927
07/27/2019 02:21:00.000000,0.334544,22.7055,0.040225,0.017221,5.985714
07/27/2019 02:22:00.000000,0.334247,39.8945,0.0186,0.026686,4.523077
07/27/2019 02:23:00.000000,0.584406,37.64625,0.02555,22.965,5.88
07/27/2019 02:24:00.000000,0.610614,22.643,0.03525,0.030459,6.45
07/27/2019 02:25:00.000000,0.406074,16.11025,0.04,0.031787,4.25
07/27/2019 02:26:00.000000,0.366458,17.42275,0.040025,0.013343,4.195455
07/27/2019 02:27:00.000000,0.300878,11.2725,0.0449,16.936585,5.960976
07/27/2019 02:28:00.000000,0.242362,11.09725,0.046925,8.334884,5.030233
07/27/2019 02:29:00.000000,0.25565,11.78775,0.045425,0.01035,4.578049
07/27/2019 02:30:00.000000,0.291727,11.66125,0.04575,0.011151,3.981818
07/27/2019 02:31:00.000000,0.269654,11.79275,0.0449,0.013448,4.25
07/27/2019 02:32:00.000000,0.257097,12.08575,0.04435,0.012015,4.478947
07/27/2019 02:33:00.000000,0.259344,11.943,0.0458,0.011214,4.421951
07/27/2019 02:34:00.000000,0.251195,12.23125,0.0428,12.228571,5.433333
07/27/2019 02:35:00.000000,0.286768,12.76325,0.041975,5.987179,4.369231
07/27/2019 02:36:00.000000,0.347219,12.68125,0.045225,0.018126,5.170732
07/27/2019 02:37:00.000000,0.372781,12.4385,0.04665,13.121951,5.265854
07/27/2019 02:38:00.000000,1.13343,12.3145,0.04735,0.014042,4.753488
07/27/2019 02:39:00.000000,1.326353,15.0585,0.04535,9.463415,4.826829
07/27/2019 02:40:00.000000,0.711255,14.97675,0.0433,12.52,6.8375
07/27/2019 02:41:00.000000,0.374187,10.80675,0.04585,11.917073,6.114634
07/27/2019 02:42:00.000000,0.289745,9.68375,0.047925,0.005579,3.578571
07/27/2019 02:43:00.000000,0.327785,9.51875,0.048675,8.115,4.275
07/27/2019 02:44:00.000000,0.325182,9.4365,0.0479,0.014336,5.415385
07/27/2019 02:45:00.000000,0.307247,9.34025,0.04765,11.06,4.7475
07/27/2019 02:46:00.000000,0.255827,9.22575,0.047875,0.019031,4.576316
07/27/2019 02:47:00.000000,0.247935,9.33475,0.04615,24.109756,7.497561
07/27/2019 02:48:00.000000,0.286023,9.503,0.0447,0.017058,6.305263
07/27/2019 02:49:00.000000,0.332403,9.355,0.0469,0.025335,5.2
07/27/2019 02:50:00.000000,0.291293,9.1835,0.0486,9.674359,4.523077
07/27/2019 02:51:00.000000,0.277104,9.0975,0.049075,20.268293,4.173171
07/27/2019 02:52:00.000000,0.276221,8.90175,0.04895,0.011248,3.797778
07/27/2019 02:53:00.000000,0.308556,8.68725,0.04925,3.992683,3.539024
07/27/2019 02:54:00.000000,0.320248,8.61175,0.0497,0.008326,3.576744
07/27/2019 02:55:00.000000,0.347175,8.15725,0.049175,0.00677,3.445455
07/27/2019 02:56:00.000000,0.320579,7.87825,0.04805,0.0164,5.2
07/27/2019 02:57:00.000000,0.352931,7.81575,0.047925,0.017244,4.97561
07/27/2019 02:58:00.000000,0.380337,7.961,0.0471,0.014594,4.639024
07/27/2019 02:59:00.000000,0.296998,8.42825,0.044775,0.010646,4.131707
07/27/2019 03:00:00.000000,0.2555,8.64375,0.046575,5.714286,3.842857
07/27/2019 03:01:00.000000,0.23583,8.887,0.0477,6.65122,4.546341
07/27/2019 03:02:00.000000,0.257765,8.93625,0.047725,11.202326,3.839535
07/27/2019 03:03:00.000000,0.28585,9.1695,0.047325,8.471429,4.385714
07/27/2019 03:04:00.000000,0.314854,9.41825,0.046525,0.010688,4.925
07/27/2019 03:05:00.000000,0.326396,9.7295,0.045225,0.01577,5.338462
07/27/2019 03:06:00.000000,0.297011,9.77475,0.044725,5.531707,4.290244
07/27/2019 03:07:00.000000,0.306573,9.44725,0.04665,11.3775,5.3375
07/27/2019 03:08:00.000000,0.254674,9.4385,0.04675,12.460976,5.087805
07/27/2019 03:09:00.000000,0.240792,12.75925,0.0439,11.973171,4.231707
07/27/2019 03:10:00.000000,0.301085,11.33525,0.04385,7.7,4.27
07/27/2019 03:11:00.000000,0.292588,9.65225,0.0457,0.02309,4.214634
07/27/2019 03:12:00.000000,0.264143,10.00125,0.0456,0.013443,5.15
07/27/2019 03:13:00.000000,0.255802,10.102,0.045375,0.011891,4.963636
07/27/2019 03:14:00.000000,0.303889,10.18875,0.045125,14.85,6.6
07/27/2019 03:15:00.000000,0.337087,10.378,0.0435,0.013862,6.642857
07/27/2019 03:16:00.000000,0.377535,10.54725,0.042775,0.006417,4.457143
07/27/2019 03:17:00.000000,0.378747,10.657,0.043575,0.014177,7.357143
07/27/2019 03:18:00.000000,0.420981,10.7585,0.04355,12.175,6.7625
07/27/2019 03:19:00.000000,0.390918,10.98875,0.042875,17.176923,4.794872
07/27/2019 03:20:00.000000,0.396847,11.69975,0.03985,0.01554,4.74
07/27/2019 03:21:00.000000,0.350684,11.82925,0.041225,5.121429,4.371429
07/27/2019 03:22:00.000000,0.308528,11.95,0.042175,0.013694,4.969767
07/27/2019 03:23:00.000000,0.298621,11.9115,0.0425,0.016819,6.734884
07/27/2019 03:24:00.000000,0.293099,11.8885,0.0437,23.457143,4.514286
07/27/2019 03:25:00.000000,0.291608,12.07025,0.042325,9.136585,4.697561
07/27/2019 03:26:00.000000,0.29789,12.48375,0.0402,21.684211,6.063158
07/27/2019 03:27:00.000000,0.319881,12.49975,0.040775,16.851282,6.976923
07/27/2019 03:28:00.000000,0.314489,11.863,0.043,9.312195,5.192683
07/27/2019 03:29:00.000000,0.312434,11.7415,0.043625,0.018161,4.715385
07/27/2019 03:30:00.000000,0.301132,11.621,0.0436,0.016169,5.034884
07/27/2019 03:31:00.000000,0.311127,11.66425,0.04295,0.020065,4.673171
07/27/2019 03:32:00.000000,0.329677,11.73275,0.0429,14.281818,7.363636
07/27/2019 03:33:00.000000,0.332036,11.43925,0.0435,0.006294,4.593333
07/27/2019 03:34:00.000000,0.306098,11.18925,0.041775,0.024128,6.794737
07/27/2019 03:35:00.000000,0.352914,18.0285,0.037375,0.018054,4.872093
07/27/2019 03:36:00.000000,0.433611,14.5415,0.0379,8.483333,4.4
07/27/2019 03:37:00.000000,0.377978,12.74575,0.042025,14.181395,7.067442
07/27/2019 03:38:00.000000,0.338803,10.07775,0.044075,9.931707,4.256098
07/27/2019 03:39:00.000000,0.30299,9.35075,0.0454,4.672917,3.78125
07/27/2019 03:40:00.000000,0.309867,9.5325,0.045075,13.664103,4.815385
07/27/2019 03:41:00.000000,0.304602,9.50325,0.04725,10.327907,3.967442
07/27/2019 03:42:00.000000,0.241241,9.3235,0.04855,0.012535,5.085714
07/27/2019 03:43:00.000000,0.213395,9.139,0.047775,4.062791,3.406977
07/27/2019 03:44:00.000000,0.217509,8.90825,0.047975,0.010692,4.12439
07/27/2019 03:45:00.000000,0.217606,8.774,0.0476,0.012347,3.881081
07/27/2019 03:46:00.000000,0.26105,8.73125,0.04605,11.919512,4.995122
07/27/2019 03:47:00.000000,0.389826,8.65625,0.045275,53.760465,4.769767
07/27/2019 03:48:00.000000,0.479732,8.532,0.045425,0.030412,5.297561
07/27/2019 03:49:00.000000,0.417259,8.65075,0.046475,0.015897,5.825
07/27/2019 03:50:00.000000,0.26482,8.65275,0.04855,0.007582,4.285
07/27/2019 03:51:00.000000,0.207547,8.71425,0.04825,0.004262,3.311628
07/27/2019 03:52:00.000000,0.219671,9.944,0.04645,7.941463,3.990244
07/27/2019 03:53:00.000000,0.263656,18.46025,0.041175,0.014148,4.861538
07/27/2019 03:54:00.000000,0.327957,16.329,0.036975,4.728571,3.714286
07/27/2019 03:55:00.000000,0.319851,13.638,0.038425,0.070557,3.834884
07/27/2019 03:56:00.000000,0.289157,18.08275,0.0386,0.015699,4.842857
07/27/2019 03:57:00.000000,0.297152,17.46025,0.03875,15.546154,4.407692
07/27/2019 03:58:00.000000,0.306206,16.87675,0.038975,0.006485,4.043902
07/27/2019 03:59:00.000000,0.3084,16.2915,0.03975,0.009633,3.559524
07/27/2019 04:00:00.000000,0.340065,15.942,0.0391,9.057143,5.214286
07/27/2019 04:01:00.000000,0.376604,15.6456,0.03795,0.01891,5.24186
07/27/2019 04:02:00.000000,0.088064,14.926667,0.04045,9.986364,5.115909
07/27/2019 04:03:00.000000,0.037622,14.15025,0.0434,4.7,4.084615
07/27/2019 04:04:00.000000,0.004783,13.80725,0.04265,0.00616,4.75
07/27/2019 04:05:00.000000,0.000972,22.63425,0.0405,0.014444,4.642857
07/27/2019 04:06:00.000000,0.003031,10.77375,0.04295,9.368293,3.404878
07/27/2019 04:07:00.000000,0.008258,11.01225,0.0448,19.7,5.125581
07/27/2019 04:08:00.000000,0.00531,14.106,0.043575,0.014475,4.270732
07/27/2019 04:09:00.000000,0.001192,13.0595,0.043925,12.215,5.29
07/27/2019 04:10:00.000000,0.004459,12.90575,0.043375,20.072093,5.844186
07/27/2019 04:11:00.000000,0.003366,12.9025,0.041225,0.006945,4.363415
07/27/2019 04:12:00.000000,0.045676,12.8095,0.040525,13.528571,5.814286
07/27/2019 04:13:00.000000,0.170788,12.856,0.0407,0.01435,4.563415
07/27/2019 04:14:00.000000,0.233306,12.4965,0.042375,0.011745,5.815789
07/27/2019 04:15:00.000000,0.288245,12.10075,0.043975,10.228571,5.5
07/27/2019 04:16:00.000000,0.283989,11.6585,0.044375,0.012363,5.4
07/27/2019 04:17:00.000000,0.254174,11.45375,0.043925,0.020928,5.484615
07/27/2019 04:18:00.000000,0.250854,11.2055,0.04345,15.444186,7.47907
07/27/2019 04:19:00.000000,0.25388,10.94675,0.042325,5.685714,4.716667
07/27/2019 04:20:00.000000,0.271169,10.9575,0.0412,28.112821,6.515385
07/27/2019 04:21:00.000000,0.272182,10.64975,0.041575,0.014067,5.063158
07/27/2019 04:22:00.000000,0.242918,10.74275,0.0421,4.743182,3.943182
07/27/2019 04:23:00.000000,0.258561,10.942,0.040925,0.016055,4.809091
07/27/2019 04:24:00.000000,0.266816,11.131,0.040575,9.35814,5.088372
07/27/2019 04:25:00.000000,0.252499,11.4195,0.040175,0.016567,7.6575
07/27/2019 04:26:00.000000,0.448339,11.72425,0.0393,0.005334,4.163636
07/27/2019 04:27:00.000000,0.540699,11.90925,0.0391,0.010122,4.275
07/27/2019 04:28:00.000000,0.387655,12.18875,0.036925,0.00595,4.315385
07/27/2019 04:29:00.000000,0.373972,12.7215,0.036275,5.985714,5.071429
07/27/2019 04:30:00.000000,0.334285,12.9305,0.03905,0.035233,3.930769
07/27/2019 04:31:00.000000,0.288509,12.94325,0.041125,15.730233,4.537209
07/27/2019 04:32:00.000000,0.249,12.82375,0.041825,0.022657,4.027273
07/27/2019 04:33:00.000000,0.235445,12.6285,0.04195,0.019168,4.5125
07/27/2019 04:34:00.000000,0.232833,12.2625,0.04215,0.013976,3.92973
07/27/2019 04:35:00.000000,0.221244,11.9305,0.042375,0.011584,5.262791
07/27/2019 04:36:00.000000,0.216072,11.32675,0.042275,0.012441,4.04878
07/27/2019 04:37:00.000000,0.213075,10.7265,0.0428,0.014143,4.894737
07/27/2019 04:38:00.000000,0.216134,10.433,0.042875,0.040142,5.612195
07/27/2019 04:39:00.000000,0.219579,12.25525,0.040875,21.709756,5.782927
07/27/2019 04:40:00.000000,0.236475,16.34725,0.037775,12.488372,6.05814
07/27/2019 04:41:00.000000,0.28101,14.51425,0.036775,0.018656,6.871429
07/27/2019 04:42:00.000000,0.316016,14.41075,0.036325,0.022845,6.153846
07/27/2019 04:43:00.000000,0.300139,15.42825,0.036475,0.013882,4.97561
07/27/2019 04:44:00.000000,0.383756,15.68425,0.0359,13.729268,5.995122
07/27/2019 04:45:00.000000,0.374221,15.777,0.036775,0.008618,4.057143
07/27/2019 04:46:00.000000,0.299543,13.7595,0.0411,0.005014,3.7
07/27/2019 04:47:00.000000,0.267378,2.788,0.0419,16.295,6.25
07/27/2019 04:48:00.000000,0.320349,0.1345,0.0381,0.005839,3.871429
07/27/2019 04:49:00.000000,0.490882,0.1265,0.03605,0.009892,5.092308
07/27/2019 04:50:00.000000,0.451402,0.02375,0.03975,0.018102,4.273333
07/27/2019 04:51:00.000000,0.348666,0.029,0.0409,9.366667,4.62
07/27/2019 04:52:00.000000,0.377834,0.014,0.039925,0.007897,3.581395
07/27/2019 04:53:00.000000,0.388257,-9999.0,0.0451,4.814286,2.816667
07/27/2019 04:54:00.000000,0.279357,-9999.0,0.048925,0.003353,2.529268
07/27/2019 04:55:00.000000,0.265361,-9999.0,0.048025,0.007385,4.378049
07/27/2019 04:56:00.000000,0.35199,-9999.0,0.047275,0.004669,3.610811
07/27/2019 04:57:00.000000,0.326516,4.738,0.047975,0.008524,3.229268
07/27/2019 04:58:00.000000,0.280055,18.81975,0.04805,3.034884,2.597674
07/27/2019 04:59:00.000000,0.277853,21.25275,0.04795,8.351163,2.583721
07/27/2019 05:00:00.000000,0.27593,22.48025,0.0473,0.003959,2.6
07/27/2019 05:01:00.000000,0.255234,21.1795,0.049525,9.2,3.2
07/27/2019 05:02:00.000000,0.197044,20.54475,0.050225,5.997561,2.873171
07/27/2019 05:03:00.000000,0.218944,19.87,0.047325,0.013036,3.225
07/27/2019 05:04:00.000000,0.295266,19.1775,0.0458,0.011574,4.153659
07/27/2019 05:05:00.000000,0.258938,18.042,0.0474,5.91,3.62
07/27/2019 05:06:00.000000,0.295235,16.835,0.047975,7.046667,3.5
07/27/2019 05:07:00.000000,0.431806,15.71475,0.0483,0.006739,3.586047
07/27/2019 05:08:00.000000,0.291587,14.4935,0.048175,3.27907,3.013953
07/27/2019 05:09:00.000000,0.253473,13.5455,0.046975,5.219512,3.582927
07/27/2019 05:10:00.000000,0.277182,12.84025,0.0451,5.345,3.53
07/27/2019 05:11:00.000000,0.536242,12.26175,0.0436,0.010912,3.671429
07/27/2019 05:12:00.000000,0.543388,12.03075,0.043775,0.014793,3.285366
07/27/2019 05:13:00.000000,0.305426,11.9425,0.044175,16.172093,5.609302
07/27/2019 05:14:00.000000,0.248712,11.98875,0.043225,10.2,3.473684
07/27/2019 05:15:00.000000,0.321032,11.90075,0.04165,0.005154,3.086047
07/27/2019 05:16:00.000000,0.502787,10.6305,0.0434,0.010453,3.438462
07/27/2019 05:17:00.000000,0.458625,148.634,0.04485,0.009994,3.162222
07/27/2019 05:18:00.000000,0.313338,329.86875,0.04535,14.956098,3.953659
07/27/2019 05:19:00.000000,0.232595,345.874,0.0457,0.007762,3.259091
07/27/2019 05:20:00.000000,0.22001,344.9035,0.0469,7.381395,3.272093
07/27/2019 05:21:00.000000,0.190427,346.33625,0.04835,0.007157,2.96
07/27/2019 05:22:00.000000,0.168705,346.1815,0.04995,21.242857,2.9
07/27/2019 05:23:00.000000,0.151199,346.1115,0.050775,0.013228,3.412195
07/27/2019 05:24:00.000000,0.149234,346.055,0.049625,4.797727,3.413636
07/27/2019 05:25:00.000000,0.163275,346.01125,0.0489,0.00967,3.4
07/27/2019 05:26:00.000000,0.170385,303.441,0.04995,0.004563,2.730233
07/27/2019 05:27:00.000000,0.169042,23.22325,0.05145,2.614634,2.6
07/27/2019 05:28:00.000000,0.168032,0.27,0.05145,11.87907,2.85814
07/27/2019 05:29:00.000000,0.147788,0.02525,0.051225,5.36,3.25
07/27/2019 05:30:00.000000,0.146561,-9999.0,0.0514,0.003647,2.713953
07/27/2019 05:31:00.000000,0.150903,-9999.0,0.0517,5.058537,3.112195
07/27/2019 05:32:00.000000,0.145638,-9999.0,0.051025,0.006335,3.285714
07/27/2019 05:33:00.000000,0.151145,-9999.0,0.049975,3.243902,2.958537
07/27/2019 05:34:00.000000,0.199117,-9999.0,0.04935,0.009064,3.151163
07/27/2019 05:35:00.000000,0.515496,-9999.0,0.05025,0.004289,2.602439
07/27/2019 05:36:00.000000,0.372384,-9999.0,0.051775,0.005827,3.605
07/27/2019 05:37:00.000000,0.153273,0.22775,0.05135,0.004703,3.46
07/27/2019 05:38:00.000000,0.149538,0.780333,0.051075,4.55,3.485
07/27/2019 05:39:00.000000,0.160899,1.135,0.0512,5.041463,3.5
07/27/2019 05:40:00.000000,0.169373,1.55675,0.050775,0.01334,3.841463
07/27/2019 05:41:00.000000,0.373546,2.0575,0.0504,3.8375,2.88
07/27/2019 05:42:00.000000,0.416179,2.541,0.05045,0.003944,3.126829
07/27/2019 05:43:00.000000,0.204038,3.22975,0.049675,3.455319,3.365957
07/27/2019 05:44:00.000000,0.153707,4.0425,0.048875,0.004141,3.316279
07/27/2019 05:45:00.000000,0.160382,4.17975,0.05025,2.954545,2.954545
07/27/2019 05:46:00.000000,0.193729,4.2225,0.05075,8.595,4.6
07/27/2019 05:47:00.000000,1.250846,4.3515,0.050125,6.675,3.259091
07/27/2019 05:48:00.000000,3.252567,4.41825,0.05035,9.136364,4.381818
07/27/2019 05:49:00.000000,3.827601,4.4705,0.049475,0.008189,4.934884
07/27/2019 05:50:00.000000,3.883457,4.55325,0.050025,8.633333,4.302564
07/27/2019 05:51:00.000000,3.894225,4.5,0.050125,5.261538,3.871795
07/27/2019 05:52:00.000000,3.895595,4.266,0.049025,0.00928,4.476923
07/27/2019 05:53:00.000000,3.895915,4.35525,0.048675,0.004687,3.481395
07/27/2019 05:54:00.000000,3.899223,4.349,0.050325,4.330769,3.464103
07/27/2019 05:55:00.000000,3.900546,4.31925,0.0508,0.010756,3.584091
07/27/2019 05:56:00.000000,3.722707,4.4425,0.05,0.003907,2.716279
07/27/2019 05:57:00.000000,1.885881,4.44575,0.0504,11.185,5.15
07/27/2019 05:58:00.000000,0.212005,4.58525,0.049425,0.007264,3.5875
07/27/2019 05:59:00.000000,0.027895,4.36775,0.052075,2.542857,2.3
07/27/2019 06:00:00.000000,0.022915,4.34475,0.051375,0.003991,3.065854
07/27/2019 06:01:00.000000,0.024141,4.34675,0.0505,4.665854,3.134146
07/27/2019 06:02:00.000000,0.018632,4.34325,0.05145,11.351163,2.746512
07/27/2019 06:03:00.000000,0.023399,4.403,0.0518,0.007628,3.4
07/27/2019 06:04:00.000000,0.018078,4.28775,0.0512,0.018997,5.214286
07/27/2019 06:05:00.000000,0.014496,4.24675,0.050825,0.00609,2.822727
07/27/2019 06:06:00.000000,0.008396,4.166,0.051125,4.1,3.08
07/27/2019 06:07:00.000000,0.03582,4.2895,0.05115,2.942857,2.783333
07/27/2019 06:08:00.000000,0.134565,4.18025,0.0514,2.611628,2.613953
07/27/2019 06:09:00.000000,0.174623,,,,
07/27/2019 06:10:00.000000,0.207377,4.15275,0.0513,11.48,3.8225
07/27/2019 06:11:00.000000,0.36107,4.14175,0.051375,0.005148,2.85
07/27/2019 06:12:00.000000,0.294608,4.11075,0.052375,0.00274,2.2
07/27/2019 06:13:00.000000,0.157342,4.00025,0.052725,0.007909,3.053333
07/27/2019 06:14:00.000000,0.224846,3.80825,0.052725,5.048837,3.45814
07/27/2019 06:15:00.000000,0.230647,3.66775,0.05355,0.009486,3.7475
07/27/2019 06:16:00.000000,0.136686,3.49725,0.053375,0.003778,2.291892
07/27/2019 06:17:00.000000,0.120095,3.2835,0.0533,6.609756,2.939024
07/27/2019 06:18:00.000000,0.12508,2.999,0.0533,0.007659,3.691111
07/27/2019 06:19:00.000000,0.12356,2.80925,0.0526,2.531818,2.286364
07/27/2019 06:20:00.000000,0.126954,2.722,0.05225,0.00602,2.086364
07/27/2019 06:21:00.000000,0.140316,2.62025,0.052775,2.469767,1.932558
07/27/2019 06:22:00.000000,0.134082,2.55475,0.053275,0.00247,1.984211
07/27/2019 06:23:00.000000,0.136852,2.5505,0.052725,0.002698,2.17
07/27/2019 06:24:00.000000,0.14279,2.57325,0.051975,3.080952,2.628571
07/27/2019 06:25:00.000000,0.135249,2.67525,0.051525,3.115,2.955
07/27/2019 06:26:00.000000,0.136394,2.784,0.051325,6.16,2.65
07/27/2019 06:27:00.000000,0.137403,2.75575,0.05225,0.003736,2.343902
07/27/2019 06:28:00.000000,0.129991,2.73725,0.052,2.3,2.215385
07/27/2019 06:29:00.000000,0.132167,2.78625,0.0518,4.957143,2.542857
07/27/2019 06:30:00.000000,0.131828,2.82725,0.051325,2.536842,2.094737
07/27/2019 06:31:00.000000,0.133008,2.849,0.05135,9.285714,2.166667
07/27/2019 06:32:00.000000,0.134112,2.86475,0.0515,0.004146,1.940909
07/27/2019 06:33:00.000000,0.135647,2.82,0.0512,4.460976,3.265854
07/27/2019 06:34:00.000000,0.132509,2.73575,0.051425,2.441463,2.304878
07/27/2019 06:35:00.000000,0.134281,2.81925,0.05025,5.4,2.002941
07/27/2019 06:36:00.000000,0.132463,3.518,0.047725,0.011713,1.915556
07/27/2019 06:37:00.000000,0.135039,3.67375,0.0496,2.687805,1.473171
07/27/2019 06:38:00.000000,0.134366,3.7175,0.051,0.007131,3.015
07/27/2019 06:39:00.000000,0.135334,3.89975,0.04955,0.003338,2.1
07/27/2019 06:40:00.000000,0.150009,4.18625,0.048125,9.3,2.656818
07/27/2019 06:41:00.000000,0.157279,4.36875,0.04975,0.009298,3.286111
07/27/2019 06:42:00.000000,0.152384,4.551,0.05,4.845455,3.468182
07/27/2019 06:43:00.000000,0.179037,4.76275,0.04915,0.003027,2.238636
07/27/2019 06:44:00.000000,0.199661,4.20425,0.04915,9.497436,1.830769
07/27/2019 06:45:00.000000,0.183326,4.166,0.04995,0.016812,2.742857
07/27/2019 06:46:00.000000,0.153989,4.3025,0.117975,3.425,2.05
07/27/2019 06:47:00.000000,0.167294,7.55575,0.23805,6.65,3.15
07/27/2019 06:48:00.000000,0.217428,7.6375,0.2415,0.009453,2.204878
07/27/2019 06:49:00.000000,0.210593,,,,
07/27/2019 06:50:00.000000,0.215936,4.8745,0.2453,0.016253,2.388372
07/27/2019 06:51:00.000000,0.202934,5.1065,0.245,0.005141,1.99
07/27/2019 06:52:00.000000,0.183155,5.2305,0.24425,0.006406,3.392683
07/27/2019 06:53:00.000000,0.240854,5.388,0.244825,0.008043,2.7
07/27/2019 06:54:00.000000,0.220296,5.421,0.24555,22.330233,3.188372
07/27/2019 06:55:00.000000,0.19206,5.477,0.2457,7.3375,2.775
07/27/2019 06:56:00.000000,0.212201,5.50975,0.193725,0.010759,3.044186
07/27/2019 06:57:00.000000,0.204484,5.639,0.000225,6.580952,3.442857
07/27/2019 06:58:00.000000,0.208738,5.71425,0.000475,2.956098,2.560976
07/27/2019 06:59:00.000000,0.211571,5.73,-9999.0,0.00879,2.741463
07/27/2019 07:00:00.000000,0.219041,6.719,-9999.0,3.325,2.545
07/27/2019 07:01:00.000000,0.223483,8.39375,-9999.0,0.002902,2.33
07/27/2019 07:02:00.000000,0.249452,12.0515,-9999.0,0.012915,2.982927
07/27/2019 07:03:00.000000,0.256331,9.5855,-9999.0,0.008707,3.953659
07/27/2019 07:04:00.000000,0.21399,8.16875,-9999.0,0.003628,2.576923
07/27/2019 07:05:00.000000,0.209162,8.17025,-9999.0,0.00369,2.641463
07/27/2019 07:06:00.000000,0.281775,8.0785,-9999.0,0.002923,2.276923
07/27/2019 07:07:00.000000,0.225879,7.78975,-9999.0,0.002425,1.943902
07/27/2019 07:08:00.000000,0.1601,7.4885,-9999.0,2.602439,2.582927
07/27/2019 07:09:00.000000,0.160671,,,,
07/27/2019 07:10:00.000000,0.199926,7.413,0.000125,0.006841,3.595122
07/27/2019 07:11:00.000000,0.188689,7.11725,-9999.0,0.004499,2.446154
07/27/2019 07:12:00.000000,0.149782,6.8705,-9999.0,0.002736,2.032558
07/27/2019 07:13:00.000000,0.132533,6.408,-9999.0,0.006116,2.418605
07/27/2019 07:14:00.000000,0.140658,6.0805,-9999.0,0.003213,2.073171
07/27/2019 07:15:00.000000,0.146982,5.94825,-9999.0,2.0,2.0
07/27/2019 07:16:00.000000,0.143709,5.92775,-9999.0,0.007567,3.615
07/27/2019 07:17:00.000000,0.157006,5.60325,0.057925,0.003193,2.006977
07/27/2019 07:18:00.000000,0.147865,5.19,0.050375,1.52439,1.443902
07/27/2019 07:19:00.000000,0.1307,4.916,0.049025,1.765116,1.65814
07/27/2019 07:20:00.000000,0.126004,4.78675,0.047625,4.2,2.042857
07/27/2019 07:21:00.000000,0.141872,4.6725,0.046225,0.002405,1.497674
07/27/2019 07:22:00.000000,0.166404,4.57625,0.0457,0.001845,1.485
07/27/2019 07:23:00.000000,0.142959,4.46275,0.0455,5.1,2.416667
07/27/2019 07:24:00.000000,0.137287,4.2585,0.045375,0.003151,2.013953
07/27/2019 07:25:00.000000,0.135945,4.0465,0.044675,6.168293,3.180488
07/27/2019 07:26:00.000000,0.138793,3.94775,0.0444,0.003814,2.367442
07/27/2019 07:27:00.000000,0.142026,3.976,0.044425,2.385366,2.285366
07/27/2019 07:28:00.000000,0.137354,4.14525,0.043225,6.655263,2.126316
07/27/2019 07:29:00.000000,0.183734,4.70775,0.041475,2.6625,2.015
07/27/2019 07:30:00.000000,0.175181,7.03025,0.041575,3.536585,2.512195
07/27/2019 07:31:00.000000,0.146096,5.68775,0.043,0.003172,2.35
07/27/2019 07:32:00.000000,0.137019,4.095,0.04435,0.006385,2.471429
07/27/2019 07:33:00.000000,0.234553,3.962,0.044875,0.00937,2.926829
07/27/2019 07:34:00.000000,0.501271,3.893,0.045825,0.003814,2.238462
07/27/2019 07:35:00.000000,0.423355,3.832,0.04655,0.006758,3.209756
07/27/2019 07:36:00.000000,0.213099,4.07025,0.04555,0.0051,2.792105
07/27/2019 07:37:00.000000,0.157696,4.16725,0.0454,2.513043,2.369565
07/27/2019 07:38:00.000000,0.144101,4.159,0.046375,2.387805,2.3
07/27/2019 07:39:00.000000,0.134874,4.115,0.04665,0.003503,2.726829
07/27/2019 07:40:00.000000,0.135266,4.0935,0.0463,2.812195,2.714634
07/27/2019 07:41:00.000000,0.135479,4.034,0.047325,0.005038,3.390909
07/27/2019 07:42:00.000000,0.133679,4.03625,0.047825,0.011049,2.646341
07/27/2019 07:43:00.000000,0.300372,3.987,0.04775,0.006074,2.757143
07/27/2019 07:44:00.000000,0.364723,3.58325,0.04775,4.816667,2.55
07/27/2019 07:45:00.000000,0.189922,3.43025,0.04825,0.005183,3.256818
07/27/2019 07:46:00.000000,0.16213,3.339,0.04865,2.786667,2.724444
07/27/2019 07:47:00.000000,0.138595,3.338,0.04765,0.007691,2.686047
07/27/2019 07:48:00.000000,0.13178,3.2595,0.04765,0.007028,3.120455
07/27/2019 07:49:00.000000,0.132098,3.2205,0.0481,4.789744,2.692308
07/27/2019 07:50:00.000000,0.140914,3.12775,0.04855,2.480488,2.173171
07/27/2019 07:51:00.000000,0.132136,3.0405,0.049025,4.071429,2.957143
07/27/2019 07:52:00.000000,0.126462,2.981,0.049075,3.430952,3.185714
07/27/2019 07:53:00.000000,0.150638,2.93475,0.04935,0.007318,2.422727
07/27/2019 07:54:00.000000,0.151369,2.882,0.0491,0.005266,2.725
07/27/2019 07:55:00.000000,0.130623,2.77375,0.04865,3.886047,3.218605
07/27/2019 07:56:00.000000,0.140531,2.73175,0.0489,2.431818,2.35
07/27/2019 07:57:00.000000,0.137888,2.70725,0.049125,4.340541,3.583784
07/27/2019 07:58:00.000000,0.13478,2.7765,0.049,2.55122,2.434146
07/27/2019 07:59:00.000000,0.13933,2.878,0.048075,3.571429,2.616667
07/27/2019 08:00:00.000000,0.136528,3.28425,0.04505,0.002964,2.187805
07/27/2019 08:01:00.000000,0.135985,3.6405,0.045425,4.119512,2.356098
07/27/2019 08:02:00.000000,0.144628,4.0005,0.045975,0.003503,2.484848
07/27/2019 08:03:00.000000,0.14802,4.41975,0.0455,0.002384,1.897674
07/27/2019 08:04:00.000000,0.165354,4.54175,0.046975,5.625,2.31
07/27/2019 08:05:00.000000,0.167072,4.58075,0.048075,0.00369,2.314634
07/27/2019 08:06:00.000000,0.153347,4.5785,0.047975,5.987805,2.897561
07/27/2019 08:07:00.000000,0.152407,4.586,0.047975,6.232432,3.172973
07/27/2019 08:08:00.000000,0.148187,4.30075,0.04775,13.610256,2.676923
07/27/2019 08:09:00.000000,0.143044,4.03275,0.04725,0.005846,2.681395
07/27/2019 08:10:00.000000,0.143046,3.7485,0.047,7.821951,3.860976
07/27/2019 08:11:00.000000,0.153464,3.5125,0.0463,8.107692,3.689744
07/27/2019 08:12:00.000000,0.155272,3.6655,0.045725,3.007692,2.330769
07/27/2019 08:13:00.000000,0.152031,3.78175,0.046975,0.005411,2.953659
07/27/2019 08:14:00.000000,0.143715,3.86025,0.047125,0.018616,3.1
07/27/2019 08:15:00.000000,0.150128,3.951,0.047,0.006012,2.497674
07/27/2019 08:16:00.000000,0.17356,4.0145,0.04725,0.006924,3.395122
07/27/2019 08:17:00.000000,0.164885,4.081,0.0474,0.004395,3.092308
07/27/2019 08:18:00.000000,0.152905,4.06575,0.047475,0.004146,2.745
07/27/2019 08:19:00.000000,0.14191,4.07525,0.046375,0.008893,3.454054
07/27/2019 08:20:00.000000,0.143281,4.1285,0.0457,4.113953,3.169767
07/27/2019 08:21:00.000000,0.138043,4.11875,0.04695,0.007567,2.847727
07/27/2019 08:22:00.000000,0.154292,4.09875,0.046825,3.014634,2.458537
07/27/2019 08:23:00.000000,0.209106,4.07275,0.046125,2.569231,2.569231
07/27/2019 08:24:00.000000,0.182224,4.1115,0.046375,0.008645,4.409524
07/27/2019 08:25:00.000000,0.156892,4.15425,0.047,0.004125,2.705263
07/27/2019 08:26:00.000000,0.164466,4.16575,0.046225,0.003483,2.807692
07/27/2019 08:27:00.000000,0.16446,4.10325,0.046125,0.003794,2.9
07/27/2019 08:28:00.000000,0.164052,3.9185,0.04675,2.587805,2.568293
07/27/2019 08:29:00.000000,0.186288,3.90175,0.046425,0.005597,3.188372
07/27/2019 08:30:00.000000,0.20337,3.91825,0.046367,0.010966,3.384615
07/27/2019 08:31:00.000000,0.194809,3.91325,0.0461,3.257143,2.542857
07/27/2019 08:32:00.000000,0.179195,3.86925,0.045675,2.487805,2.485366
07/27/2019 08:33:00.000000,0.176343,3.8655,0.0452,4.006977,3.086047
07/27/2019 08:34:00.000000,0.16713,3.90275,0.045225,4.985714,3.457143
07/27/2019 08:35:00.000000,0.159102,3.93225,0.04562,6.266667,4.180556
07/27/2019 08:36:00.000000,0.166897,3.9895,0.045067,0.012169,2.943243
07/27/2019 08:37:00.000000,0.354733,4.04175,0.04456,0.009578,3.559091
07/27/2019 08:38:00.000000,0.527923,4.06675,0.044833,0.006623,4.278788
07/27/2019 08:39:00.000000,0.278817,4.0815,0.0444,0.00369,3.043243
07/27/2019 08:40:00.000000,0.174437,4.0855,0.0433,3.857143,3.769048
07/27/2019 08:41:00.000000,0.174738,4.109,0.043275,0.009308,3.475
07/27/2019 08:42:00.000000,0.158563,4.17475,0.0437,0.018937,3.316216
07/27/2019 08:43:00.000000,0.162201,4.24025,0.04355,0.013506,3.557143
07/27/2019 08:44:00.000000,0.160195,4.2945,0.0428,0.009857,3.42381
07/27/2019 08:45:00.000000,0.159956,4.493,0.041725,8.457895,3.989474
07/27/2019 08:46:00.000000,0.162999,4.74625,0.04054,6.666667,4.003333
07/27/2019 08:47:00.000000,0.164916,4.87775,0.0416,0.012252,5.105
07/27/2019 08:48:00.000000,0.165965,4.93475,0.042225,8.121429,4.7
07/27/2019 08:49:00.000000,0.164068,5.001,0.04245,7.714634,4.770732
07/27/2019 08:50:00.000000,0.162468,5.03275,0.041825,6.242857,4.114286
07/27/2019 08:51:00.000000,0.166415,5.027,0.041175,0.022741,4.486486
07/27/2019 08:52:00.000000,0.160365,5.045,0.04115,0.009391,3.535484
07/27/2019 08:53:00.000000,0.160288,4.924,0.04075,0.014014,5.25
07/27/2019 08:54:00.000000,0.167332,4.7035,0.0408,8.234146,4.47561
07/27/2019 08:55:00.000000,0.179055,4.66525,0.0409,5.776316,4.047368
07/27/2019 08:56:00.000000,0.296137,4.6555,0.0409,8.021212,4.09697
07/27/2019 08:57:00.000000,0.264958,4.639,0.04115,0.008707,3.606667
07/27/2019 08:58:00.000000,0.186303,4.605,0.041625,0.00881,4.484615
07/27/2019 08:59:00.000000,0.170522,4.61125,0.041475,0.009629,4.955
07/27/2019 09:00:00.000000,0.170017,4.60475,0.04115,0.006281,4.4
07/27/2019 09:01:00.000000,0.170856,4.5895,0.04075,8.136585,4.385366
07/27/2019 09:02:00.000000,0.167963,4.66275,0.04,0.011112,3.816667
07/27/2019 09:03:00.000000,0.170835,4.80725,0.039775,0.013164,4.125
07/27/2019 09:04:00.000000,0.173587,4.9255,0.039275,25.2,4.538462
07/27/2019 09:05:00.000000,0.175619,4.989,0.039225,0.023488,3.828571
07/27/2019 09:06:00.000000,0.170319,5.07175,0.039725,0.014014,4.382927
07/27/2019 09:07:00.000000,0.171247,5.1445,0.039125,7.681818,4.836364
07/27/2019 09:08:00.000000,0.172782,5.25875,0.03805,0.019756,4.815
07/27/2019 09:09:00.000000,0.176228,5.3925,0.0383,0.011215,4.458537
07/27/2019 09:10:00.000000,0.176879,5.4305,0.038825,0.023695,4.986486
07/27/2019 09:11:00.000000,0.184533,5.399,0.039175,16.960976,4.843902
07/27/2019 09:12:00.000000,0.190186,5.4105,0.0383,9.686842,6.276316
07/27/2019 09:13:00.000000,0.192736,5.488,0.0374,5.982353,4.073529
07/27/2019 09:14:00.000000,0.204623,11.16875,0.034367,14.23,4.17
07/27/2019 09:15:00.000000,0.253885,6.86225,0.03542,0.016242,4.780645
07/27/2019 09:16:00.000000,0.236655,5.6965,0.038633,0.010031,4.121875
07/27/2019 09:17:00.000000,0.194132,5.48625,0.039225,0.012567,5.646512
07/27/2019 09:18:00.000000,0.211148,5.55775,0.039175,5.421951,4.634146
07/27/2019 09:19:00.000000,0.271283,5.90875,0.037425,20.5125,4.91
07/27/2019 09:20:00.000000,0.281702,6.2845,0.03695,9.27907,4.483721
07/27/2019 09:21:00.000000,0.243292,6.42375,0.0376,7.763415,4.741463
07/27/2019 09:22:00.000000,0.194766,6.379,0.0397,0.005549,3.95
07/27/2019 09:23:00.000000,0.174981,6.384,0.04065,0.006273,3.973333
07/27/2019 09:24:00.000000,0.184412,6.421,0.03935,15.031707,5.280488
07/27/2019 09:25:00.000000,0.189313,6.4555,0.038925,5.82,4.14
07/27/2019 09:26:00.000000,0.172624,6.393,0.03885,12.784615,4.492308
07/27/2019 09:27:00.000000,0.175631,6.1145,0.03865,21.359524,4.257143
07/27/2019 09:28:00.000000,0.177556,5.8135,0.038725,13.314286,4.816667
07/27/2019 09:29:00.000000,0.175541,5.756,0.03825,,
07/27/2019 09:30:00.000000,0.174779,5.881667,0.03805,0.006812,4.128571
07/27/2019 09:31:00.000000,0.173698,5.92275,0.03785,8.584615,4.592308
07/27/2019 09:32:00.000000,0.168169,5.92125,0.037925,5.9875,4.785
07/27/2019 09:33:00.000000,0.164261,5.95075,0.03765,0.00795,4.993939
07/27/2019 09:34:00.000000,0.162407,5.989,0.03745,0.015052,4.827907
07/27/2019 09:35:00.000000,0.164813,6.05175,0.037375,10.885714,4.371429
07/27/2019 09:36:00.000000,0.168982,6.16275,0.0365,5.1,4.128571
07/27/2019 09:37:00.000000,0.16782,6.3265,0.036225,9.215,4.61
07/27/2019 09:38:00.000000,0.170698,6.54025,0.0366,10.353333,5.933333
07/27/2019 09:39:00.000000,0.176375,6.77425,0.0361,0.023582,4.97907
07/27/2019 09:40:00.000000,0.181765,7.07225,0.035575,0.00853,4.185714
07/27/2019 09:41:00.000000,0.185032,7.31775,0.0356,16.136585,4.185366
07/27/2019 09:42:00.000000,0.275153,13.01925,0.03235,11.402326,6.265116
07/27/2019 09:43:00.000000,0.321218,11.373,0.030625,0.01207,7.11
07/27/2019 09:44:00.000000,0.220291,9.10125,0.033375,9.945455,5.854545
07/27/2019 09:45:00.000000,0.191797,8.38,0.034825,0.00942,4.992105
07/27/2019 09:46:00.000000,0.180326,8.34075,0.0347,0.011822,4.565116
07/27/2019 09:47:00.000000,0.174549,8.27875,0.03365,0.022567,4.930233
07/27/2019 09:48:00.000000,0.177285,8.32625,0.032525,0.011139,4.748837
07/27/2019 09:49:00.000000,0.177642,8.4345,0.031975,,
07/27/2019 09:50:00.000000,0.179037,8.49725,0.032825,24.623077,4.815385
07/27/2019 09:51:00.000000,0.181807,8.638,0.03205,0.010103,4.546154
07/27/2019 09:52:00.000000,0.183988,9.026,0.03015,4.0625,4.075
07/27/2019 09:53:00.000000,0.186455,9.67825,0.027825,6.5,5.083333
07/27/2019 09:54:00.000000,0.186779,10.62225,0.025925,4.942857,4.716667
07/27/2019 09:55:00.000000,0.188131,14.78575,0.023375,10.6,5.028571
07/27/2019 09:56:00.000000,0.181422,21.25775,0.020225,0.014824,6.978049
07/27/2019 09:57:00.000000,0.180834,18.99875,0.019175,14.836364,5.227273
07/27/2019 09:58:00.000000,0.188172,18.34675,0.021375,20.771429,4.9
07/27/2019 09:59:00.000000,0.198436,18.162,0.022925,0.018054,5.495
07/27/2019 10:00:00.000000,0.189024,17.8245,0.024625,9.425,6.11
07/27/2019 10:01:00.000000,0.185988,17.4805,0.025325,8.730769,6.030769
07/27/2019 10:02:00.000000,0.056253,17.395,0.0234,0.009441,5.834146
07/27/2019 10:03:00.000000,0.031339,17.4015,0.0219,0.026283,5.12
07/27/2019 10:04:00.000000,0.010455,17.434,0.0216,11.471429,5.0
07/27/2019 10:05:00.000000,0.009974,17.17375,0.021825,4.051515,3.933333
07/27/2019 10:06:00.000000,0.009922,24.127,0.0176,0.005642,4.495
07/27/2019 10:07:00.000000,0.007872,22.70925,0.0161,0.011294,6.729032
07/27/2019 10:08:00.000000,0.005186,20.8905,0.0186,0.021936,8.2025
07/27/2019 10:09:00.000000,0.004104,20.7225,0.020125,0.012495,6.090698
07/27/2019 10:10:00.000000,0.010769,20.63,0.019775,14.7,6.616667
07/27/2019 10:11:00.000000,0.006225,20.3915,0.020675,0.006967,4.914286
07/27/2019 10:12:00.000000,0.038029,19.885,0.022875,7.053846,5.023077
07/27/2019 10:13:00.000000,0.126798,19.2305,0.023575,9.472727,5.1
07/27/2019 10:14:00.000000,0.190626,18.59425,0.02365,0.019348,5.27
07/27/2019 10:15:00.000000,0.191172,17.757,0.0246,0.01237,5.042857
07/27/2019 10:16:00.000000,0.175468,16.8855,0.025725,9.314286,5.0
07/27/2019 10:17:00.000000,0.170835,15.89025,0.026425,0.008706,5.082927
07/27/2019 10:18:00.000000,0.177155,14.957,0.0269,0.017101,7.753659
07/27/2019 10:19:00.000000,0.192126,14.18825,0.026975,0.006729,5.141463
07/27/2019 10:20:00.000000,0.192166,13.68625,0.026575,4.948718,4.938462
07/27/2019 10:21:00.000000,0.187746,13.51575,0.025325,0.015321,4.746154
07/27/2019 10:22:00.000000,0.19962,13.301,0.024825,0.017402,5.72439
07/27/2019 10:23:00.000000,0.206235,13.151,0.0257,0.010455,5.211628
07/27/2019 10:24:00.000000,0.209191,12.99925,0.026675,0.008675,5.35
07/27/2019 10:25:00.000000,0.189725,12.952,0.02715,0.005952,4.733333
07/27/2019 10:26:00.000000,0.209805,12.84775,0.027175,10.795349,6.106977
07/27/2019 10:27:00.000000,0.20069,12.7025,0.027425,0.011925,4.886364
07/27/2019 10:28:00.000000,0.180603,12.44775,0.028275,7.958696,4.765217
07/27/2019 10:29:00.000000,0.176355,11.943,0.028775,0.012867,5.739024
07/27/2019 10:30:00.000000,0.181528,12.0485,0.0276,12.234884,6.244186
07/27/2019 10:31:00.000000,0.18717,12.1325,0.02805,12.756098,6.470732
07/27/2019 10:32:00.000000,0.172835,12.02675,0.0292,11.8375,7.095
07/27/2019 10:33:00.000000,0.172762,11.8975,0.02815,0.013965,5.823256
07/27/2019 10:34:00.000000,0.177408,12.15325,0.026225,7.529268,5.173171
07/27/2019 10:35:00.000000,0.186626,12.7505,0.023675,0.012671,5.438462
07/27/2019 10:36:00.000000,0.187964,13.7355,0.0211,0.012019,6.268293
07/27/2019 10:37:00.000000,0.195626,14.589,0.022125,9.173171,5.717073
07/27/2019 10:38:00.000000,0.170658,14.77225,0.02425,8.32,5.34
07/27/2019 10:39:00.000000,0.156777,15.23175,0.0237,8.8,6.328571
07/27/2019 10:40:00.000000,0.15424,16.39225,0.020525,0.026964,5.295349
07/27/2019 10:41:00.000000,0.161051,17.98975,0.017475,6.919512,4.660976
07/27/2019 10:42:00.000000,0.161765,19.30975,0.01515,8.712195,4.941463
07/27/2019 10:43:00.000000,0.164457,20.45175,0.01535,8.1,4.746667
07/27/2019 10:44:00.000000,0.162006,21.934,0.017925,0.016397,7.722727
07/27/2019 10:45:00.000000,0.157686,25.36025,0.017025,10.890244,5.468293
07/27/2019 10:46:00.000000,0.165314,19.56275,0.01815,9.557143,6.2
07/27/2019 10:47:00.000000,0.184984,27.04775,0.015525,0.017917,7.0
07/27/2019 10:48:00.000000,0.193763,24.937,0.014025,0.009729,6.08
07/27/2019 10:49:00.000000,0.18859,23.66075,0.017325,9.473684,6.742105
07/27/2019 10:50:00.000000,0.185393,25.1975,0.0166,0.006937,5.461538
07/27/2019 10:51:00.000000,0.177587,24.97325,0.017175,4.69,4.69
07/27/2019 10:52:00.000000,0.192296,24.71,0.01865,4.264865,4.264865
07/27/2019 10:53:00.000000,0.240417,24.432,0.01915,0.013854,5.469231
07/27/2019 10:54:00.000000,0.210995,23.83975,0.020325,0.01191,4.67561
07/27/2019 10:55:00.000000,0.218751,22.736,0.023725,7.32,4.5
07/27/2019 10:56:00.000000,0.223383,21.52675,0.0259,0.019829,5.923256
07/27/2019 10:57:00.000000,0.199407,20.23975,0.026625,11.914286,5.685714
07/27/2019 10:58:00.000000,0.176515,18.8625,0.0273,0.021163,5.771429
07/27/2019 10:59:00.000000,0.178894,18.1065,0.026075,10.172727,6.75
07/27/2019 11:00:00.000000,0.185471,17.19375,0.02555,4.59,4.45
07/27/2019 11:01:00.000000,0.174384,16.07825,0.026533,4.361538,4.269231
07/27/2019 11:02:00.000000,0.154699,15.019,0.02785,0.014102,5.745
07/27/2019 11:03:00.000000,0.14636,14.605,0.028375,0.026146,6.425
07/27/2019 11:04:00.000000,0.145838,21.93175,0.02435,0.012954,4.772727
07/27/2019 11:05:00.000000,0.204247,30.95625,0.01785,0.010183,5.430769
07/27/2019 11:06:00.000000,0.228626,21.2205,0.0192,0.021421,5.685366
07/27/2019 11:07:00.000000,0.169804,18.5975,0.02165,0.012675,5.785366
07/27/2019 11:08:00.000000,0.156222,22.31125,0.02085,19.487805,5.202439
07/27/2019 11:09:00.000000,0.157155,23.3445,0.018925,10.235,5.6775
07/27/2019 11:10:00.000000,0.159242,22.7345,0.018975,9.239024,6.712195
07/27/2019 11:11:00.000000,0.154261,22.55125,0.0185,7.610526,6.292105
07/27/2019 11:12:00.000000,0.162559,27.505,0.0173,13.816667,5.783333
07/27/2019 11:13:00.000000,0.172099,23.9585,0.01785,0.009635,5.273171
07/27/2019 11:14:00.000000,0.157205,22.15525,0.019225,25.035,11.065
07/27/2019 11:15:00.000000,0.158396,28.14125,0.013825,0.032484,8.071429
07/27/2019 11:16:00.000000,0.168655,16.70625,0.017225,0.011104,5.863415
07/27/2019 11:17:00.000000,0.163795,12.4865,0.02745,0.013047,6.2
07/27/2019 11:18:00.000000,0.145254,17.16225,0.02865,0.020222,5.609091
07/27/2019 11:19:00.000000,0.145741,17.69675,0.026075,11.914286,5.916667
07/27/2019 11:20:00.000000,0.152246,17.291,0.0241,0.018888,6.334884
07/27/2019 11:21:00.000000,0.153949,16.77675,0.024075,10.175,5.975
07/27/2019 11:22:00.000000,0.174332,18.02075,0.023825,0.012344,6.155
07/27/2019 11:23:00.000000,0.165228,17.904,0.02295,15.638095,5.514286
07/27/2019 11:24:00.000000,0.184181,18.16425,0.02165,0.013053,6.4
07/27/2019 11:25:00.000000,0.22641,18.1345,0.0218,0.005576,4.443902
07/27/2019 11:26:00.000000,0.215514,18.0725,0.02205,15.682051,5.353846
07/27/2019 11:27:00.000000,0.195988,18.0,0.021575,15.851163,5.513953
07/27/2019 11:28:00.000000,0.190428,17.74675,0.0227,0.017511,6.357143
07/27/2019 11:29:00.000000,0.192117,,0.024225,,
07/27/2019 11:30:00.000000,0.182812,17.20525,0.02445,0.007506,5.167442
07/27/2019 11:31:00.000000,0.18017,16.9305,0.024325,0.014145,5.0
07/27/2019 11:32:00.000000,0.160763,16.246,0.0248,0.015663,4.487805
07/27/2019 11:33:00.000000,0.155952,15.80375,0.025825,0.006536,4.569231
07/27/2019 11:34:00.000000,0.153992,15.33475,0.026325,0.010697,6.32093
07/27/2019 11:35:00.000000,0.156134,14.8735,0.02645,11.151163,5.309302
07/27/2019 11:36:00.000000,0.163854,14.6105,0.02605,8.671429,5.1
07/27/2019 11:37:00.000000,0.161713,14.4705,0.026225,0.010955,6.214286
07/27/2019 11:38:00.000000,0.162649,14.5035,0.02615,0.011822,7.335
07/27/2019 11:39:00.000000,0.158517,14.767,0.024375,0.00689,5.4
07/27/2019 11:40:00.000000,0.157152,15.00575,0.02375,18.365116,7.165116
07/27/2019 11:41:00.000000,0.167609,16.5425,0.0229,0.013003,6.405263
07/27/2019 11:42:00.000000,0.174862,24.8235,0.0195,16.23,5.52
07/27/2019 11:43:00.000000,0.189839,24.49125,0.017,0.016653,6.862791
07/27/2019 11:44:00.000000,0.244818,26.119,0.01615,0.024037,7.790909
07/27/2019 11:45:00.000000,0.4255,23.87625,0.0164,0.020892,7.9
07/27/2019 11:46:00.000000,0.356951,23.14325,0.019475,0.007837,5.748837
07/27/2019 11:47:00.000000,0.24293,22.244,0.020925,0.020747,8.302439
07/27/2019 11:48:00.000000,0.210444,21.7805,0.020825,15.325581,8.627907
07/27/2019 11:49:00.000000,0.191303,19.873,0.022775,0.019242,8.26087
07/27/2019 11:50:00.000000,0.178554,20.33625,0.022975,11.7,7.766667
07/27/2019 11:51:00.000000,0.175664,16.65025,0.0238,11.1,6.585714
07/27/2019 11:52:00.000000,0.171335,16.14075,0.024675,0.030863,6.055814
07/27/2019 11:53:00.000000,0.173609,15.55325,0.024775,16.095455,6.431818
07/27/2019 11:54:00.000000,0.190605,14.13675,0.0218,24.230769,11.746154
07/27/2019 11:55:00.000000,0.307986,21.67975,0.014975,0.021737,7.006977
07/27/2019 11:56:00.000000,0.338198,18.78125,0.0176,26.405,5.4875
07/27/2019 11:57:00.000000,0.222594,15.30675,0.0227,22.715789,6.663158
07/27/2019 11:58:00.000000,0.389884,15.904,0.0241,0.013258,5.953488
07/27/2019 11:59:00.000000,0.356899,13.51325,0.026475,0.013251,6.316279
07/27/2019 12:00:00.000000,0.198392,11.61225,0.0287,6.469767,4.765116
07/27/2019 12:01:00.000000,0.17759,10.14125,0.031125,11.607317,6.463415
07/27/2019 12:02:00.000000,0.185996,10.6615,0.0295,5.3125,4.675
07/27/2019 12:03:00.000000,0.23649,11.36175,0.026425,0.016642,7.007692
07/27/2019 12:04:00.000000,0.208658,11.8105,0.0259,0.020277,7.4175
07/27/2019 12:05:00.000000,0.240609,15.77825,0.02535,0.028671,5.970455
07/27/2019 12:06:00.000000,0.300315,10.903,0.02755,15.007317,6.126829
07/27/2019 12:07:00.000000,0.190925,11.5075,0.0307,0.01725,6.029268
07/27/2019 12:08:00.000000,0.16375,10.8255,0.030975,0.006766,4.885714
07/27/2019 12:09:00.000000,0.177982,,,,
07/27/2019 12:10:00.000000,0.171728,10.40125,0.0323,12.642857,5.416667
07/27/2019 12:11:00.000000,0.162457,10.17125,0.033625,10.12381,5.942857
07/27/2019 12:12:00.000000,0.153086,9.836,0.034875,0.014696,5.413953
07/27/2019 12:13:00.000000,0.153306,9.741,0.0344,11.05,5.895
07/27/2019 12:14:00.000000,0.152628,9.32225,0.035075,0.006107,3.942857
07/27/2019 12:15:00.000000,0.146016,9.006,0.03635,6.61,5.085
07/27/2019 12:16:00.000000,0.15624,8.65225,0.03645,9.987805,4.546341
07/27/2019 12:17:00.000000,0.164977,8.54425,0.0353,0.017734,5.753846
07/27/2019 12:18:00.000000,0.197817,8.725,0.033175,13.581395,6.502326
07/27/2019 12:19:00.000000,0.230498,11.48125,0.03295,9.7,4.834091
07/27/2019 12:20:00.000000,0.290176,18.6195,0.0295,0.01622,5.573913
07/27/2019 12:21:00.000000,0.280231,11.76225,0.0293,17.785714,5.8
07/27/2019 12:22:00.000000,0.196457,13.83725,0.030975,0.018558,6.99
07/27/2019 12:23:00.000000,0.187919,24.38175,0.026525,19.242857,6.085714
07/27/2019 12:24:00.000000,0.194831,27.072,0.0226,0.013501,5.302439
07/27/2019 12:25:00.000000,0.177543,26.89475,0.022825,0.056661,4.443182
07/27/2019 12:26:00.000000,0.176278,22.21475,0.024725,0.039494,7.569767
07/27/2019 12:27:00.000000,0.1772,13.382,0.029275,0.025107,5.077273
07/27/2019 12:28:00.000000,0.180498,10.7465,0.031875,8.472093,4.6
07/27/2019 12:29:00.000000,0.182652,9.79475,0.034125,,
07/27/2019 12:30:00.000000,0.169262,9.10775,0.035425,0.028135,5.241026
07/27/2019 12:31:00.000000,0.145679,9.06925,0.03535,0.028166,3.885714
07/27/2019 12:32:00.000000,0.137145,9.02125,0.03535,0.017971,4.444444
07/27/2019 12:33:00.000000,0.136695,8.95075,0.0361,10.487179,4.261538
07/27/2019 12:34:00.000000,0.13639,8.85975,0.035825,14.404762,5.4
07/27/2019 12:35:00.000000,0.140152,8.7575,0.036,0.006189,4.259459
07/27/2019 12:36:00.000000,0.141815,8.6665,0.0364,0.009145,4.253846
07/27/2019 12:37:00.000000,0.14185,8.57375,0.036475,10.616279,4.213953
07/27/2019 12:38:00.000000,0.136617,8.61325,0.035725,0.018578,4.714286
07/27/2019 12:39:00.000000,0.133561,8.794,0.034425,0.006684,4.540909
07/27/2019 12:40:00.000000,0.140059,9.03125,0.03385,3.987805,3.902439
07/27/2019 12:41:00.000000,0.142282,9.15775,0.0342,8.390909,4.388636
07/27/2019 12:42:00.000000,0.137544,9.34925,0.034075,0.026199,5.451351
07/27/2019 12:43:00.000000,0.13798,9.55175,0.034275,0.01034,4.567442
07/27/2019 12:44:00.000000,0.140995,9.6635,0.0347,5.602381,3.885714
07/27/2019 12:45:00.000000,0.139703,9.609,0.036725,3.771429,3.542857
07/27/2019 12:46:00.000000,0.138158,9.39025,0.037975,19.357143,4.271429
07/27/2019 12:47:00.000000,0.135153,8.98125,0.0384,0.025035,3.028571
07/27/2019 12:48:00.000000,0.133272,8.8585,0.0354,0.010691,4.085714
07/27/2019 12:49:00.000000,0.160518,,,,
07/27/2019 12:50:00.000000,0.265843,22.577,0.01825,0.014478,6.188372
07/27/2019 12:51:00.000000,0.255846,25.456,0.015775,0.030574,7.409756
07/27/2019 12:52:00.000000,0.247349,27.32925,0.0133,17.983721,7.348837
07/27/2019 12:53:00.000000,0.259231,27.73675,0.0107,0.03541,8.681818
07/27/2019 12:54:00.000000,0.287996,27.89825,0.010925,16.635,8.3225
07/27/2019 12:55:00.000000,0.362455,27.624,0.01255,13.929268,7.858537
07/27/2019 12:56:00.000000,0.382314,27.03825,0.015225,20.002564,8.646154
07/27/2019 12:57:00.000000,0.29429,26.27075,0.01645,0.026068,6.883333
07/27/2019 12:58:00.000000,0.26795,25.728,0.0157,13.75,6.585
07/27/2019 12:59:00.000000,0.250506,25.061,0.0162,0.032317,6.6
07/27/2019 13:00:00.000000,0.26892,24.29725,0.0167,12.130769,6.346154
07/27/2019 13:01:00.000000,0.301913,23.40575,0.0164,15.871429,6.128571
07/27/2019 13:02:00.000000,0.296199,22.013,0.0156,21.663636,6.359091
07/27/2019 13:03:00.000000,0.29556,24.1385,0.0138,0.022768,8.754545
07/27/2019 13:04:00.000000,0.293333,23.074,0.013425,0.029442,8.407143
07/27/2019 13:05:00.000000,0.257732,21.5235,0.015425,0.014971,6.77
07/27/2019 13:06:00.000000,0.250424,20.951,0.017825,0.012597,6.925
07/27/2019 13:07:00.000000,0.25396,20.48975,0.020125,0.01555,5.833333
07/27/2019 13:08:00.000000,0.235351,19.91675,0.020975,0.014971,6.843902
07/27/2019 13:09:00.000000,0.226171,,,,
07/27/2019 13:10:00.000000,0.227496,18.8945,0.02065,20.609302,5.84186
07/27/2019 13:11:00.000000,0.230453,18.379,0.021225,0.008849,5.8
07/27/2019 13:12:00.000000,0.228768,17.946,0.021225,23.947619,7.857143
07/27/2019 13:13:00.000000,0.23266,17.5725,0.0201,0.025276,6.578049
07/27/2019 13:14:00.000000,0.238086,17.7,0.01875,15.085714,6.9
07/27/2019 13:15:00.000000,0.238112,17.789,0.0201,0.025586,6.578947
07/27/2019 13:16:00.000000,0.233396,17.82875,0.021775,12.297619,5.9
07/27/2019 13:17:00.000000,0.230071,17.75325,0.02265,0.023025,5.8
07/27/2019 13:18:00.000000,0.227398,17.53175,0.023575,16.856098,6.653659
07/27/2019 13:19:00.000000,0.219864,17.348,0.023775,0.01319,6.379545
07/27/2019 13:20:00.000000,0.21579,17.04325,0.023675,0.018403,8.1
07/27/2019 13:21:00.000000,0.223336,16.83025,0.0226,10.097727,6.681818
07/27/2019 13:22:00.000000,0.224769,16.731,0.01955,0.021194,6.96
07/27/2019 13:23:00.000000,0.239504,17.0515,0.01875,0.020698,6.2
07/27/2019 13:24:00.000000,0.249812,17.253,0.02015,0.018537,6.014634
07/27/2019 13:25:00.000000,0.25154,17.39325,0.019725,0.034903,5.673684
07/27/2019 13:26:00.000000,0.376871,22.334,0.0161,13.885714,6.921429
07/27/2019 13:27:00.000000,0.606325,28.7915,0.010975,12.026829,6.07561
07/27/2019 13:28:00.000000,0.466829,23.0975,0.011675,0.015442,6.835
07/27/2019 13:29:00.000000,0.363971,,,,
07/27/2019 13:30:00.000000,0.32316,15.65975,0.021825,8.126829,6.368293
07/27/2019 13:31:00.000000,0.276091,15.35375,0.023,0.024648,5.738462
07/27/2019 13:32:00.000000,0.271011,15.45675,0.0223,0.01882,6.273684
07/27/2019 13:33:00.000000,0.279047,15.6735,0.020325,32.173333,6.883333
07/27/2019 13:34:00.000000,0.33759,15.93075,0.02005,0.023898,8.685
07/27/2019 13:35:00.000000,0.480027,16.229,0.01945,0.007981,6.025
07/27/2019 13:36:00.000000,0.714827,16.5365,0.0182,0.025395,6.028571
07/27/2019 13:37:00.000000,0.510726,16.946,0.017975,0.030474,7.028889
07/27/2019 13:38:00.000000,0.394671,17.40525,0.0172,0.018761,8.19
07/27/2019 13:39:00.000000,0.404349,17.76,0.01685,0.020539,7.714286
07/27/2019 13:40:00.000000,0.350585,17.98825,0.017875,12.559524,7.771429
07/27/2019 13:41:00.000000,0.324434,18.16775,0.018575,19.341463,7.031707
07/27/2019 13:42:00.000000,0.411755,18.267,0.01935,18.9,6.56
07/27/2019 13:43:00.000000,0.357726,17.8645,0.02235,0.017391,5.727586
07/27/2019 13:44:00.000000,0.269976,17.50375,0.023475,11.453488,6.990698
07/27/2019 13:45:00.000000,0.257478,17.2145,0.020675,0.016378,5.657143
07/27/2019 13:46:00.000000,0.297234,17.12475,0.019,21.202439,7.619512
07/27/2019 13:47:00.000000,0.313044,16.96825,0.019625,13.66,7.9125
07/27/2019 13:48:00.000000,0.298111,16.76275,0.021025,10.510526,5.697368
07/27/2019 13:49:00.000000,0.323509,,,,
07/27/2019 13:50:00.000000,0.638778,16.26725,0.021225,14.306897,8.217241
07/27/2019 13:51:00.000000,0.809269,16.418,0.022975,21.681818,6.572727
07/27/2019 13:52:00.000000,0.479587,16.2965,0.025525,0.016773,5.387805
07/27/2019 13:53:00.000000,0.324694,16.17575,0.02465,19.295238,6.571429
07/27/2019 13:54:00.000000,0.269826,15.81175,0.0235,0.01847,5.789474
07/27/2019 13:55:00.000000,0.265314,15.4795,0.024575,14.675758,4.660606
07/27/2019 13:56:00.000000,0.248634,15.16,0.026025,18.765116,6.32093
07/27/2019 13:57:00.000000,0.257141,14.82825,0.02585,10.2,5.92
07/27/2019 13:58:00.000000,0.241115,14.57,0.0247,0.005855,4.418182
07/27/2019 13:59:00.000000,0.246611,14.4775,0.024175,0.009617,5.723077
07/27/2019 14:00:00.000000,0.265565,14.51775,0.024,0.029371,4.623256
07/27/2019 14:01:00.000000,0.25607,14.22325,0.0251,17.476744,8.167442
07/27/2019 14:02:00.000000,0.232551,14.725,0.025875,0.019608,6.318605
07/27/2019 14:03:00.000000,0.26529,18.8925,0.02295,0.01544,5.9
07/27/2019 14:04:00.000000,0.299981,11.503,0.0255,0.026227,5.9
07/27/2019 14:05:00.000000,0.236538,17.8705,0.028,0.016143,5.658537
07/27/2019 14:06:00.000000,0.211271,12.56025,0.027525,13.653488,6.353488
07/27/2019 14:07:00.000000,0.21463,11.151,0.03004,14.2625,8.20625
07/27/2019 14:08:00.000000,0.205928,14.739,0.02865,13.068421,5.284211
07/27/2019 14:09:00.000000,0.198416,,,,
07/27/2019 14:10:00.000000,0.211097,14.068,0.029275,10.659524,4.914286
07/27/2019 14:11:00.000000,0.219138,13.6895,0.0312,0.012274,5.170732
07/27/2019 14:12:00.000000,0.198321,13.085,0.033175,9.3375,5.54
07/27/2019 14:13:00.000000,0.179676,12.4485,0.033625,0.005711,3.892683
07/27/2019 14:14:00.000000,0.241069,11.99225,0.03345,0.004205,3.34186
07/27/2019 14:15:00.000000,0.292236,11.28475,0.0341,3.105714,3.105714
07/27/2019 14:16:00.000000,0.249847,10.54275,0.03562,12.761364,3.445455
07/27/2019 14:17:00.000000,0.216401,12.1155,0.0342,0.007426,4.086486
07/27/2019 14:18:00.000000,0.190168,9.257,0.03438,0.004361,3.134375
07/27/2019 14:19:00.000000,0.177041,7.324,0.036967,3.634211,3.521053
07/27/2019 14:20:00.000000,0.164467,7.83025,0.036925,0.004534,3.515
07/27/2019 14:21:00.000000,0.170893,7.9865,0.036725,0.011616,4.25
07/27/2019 14:22:00.000000,0.174559,8.00775,0.036575,24.97561,3.609756
07/27/2019 14:23:00.000000,0.171394,7.814,0.0359,0.019429,3.413636
07/27/2019 14:24:00.000000,0.175055,7.88175,0.035875,0.011532,4.5
07/27/2019 14:25:00.000000,0.173301,7.94425,0.035775,0.014899,5.044186
07/27/2019 14:26:00.000000,0.17642,8.09,0.03505,7.248649,4.386486
07/27/2019 14:27:00.000000,0.174846,8.199,0.03422,10.028571,3.728571
07/27/2019 14:28:00.000000,0.186406,8.36625,0.033333,0.012472,4.546154
07/27/2019 14:29:00.000000,0.188636,8.69525,0.032325,0.020661,5.038462
07/27/2019 14:30:00.000000,0.188769,9.04875,0.03195,0.016479,4.4
07/27/2019 14:31:00.000000,0.226539,9.46275,0.031875,9.285714,4.466667
07/27/2019 14:32:00.000000,0.287614,9.7255,0.032925,0.012208,4.665
07/27/2019 14:33:00.000000,0.299163,9.8245,0.034025,0.008985,4.530769
07/27/2019 14:34:00.000000,0.231945,9.74475,0.0348,0.011658,3.467442
07/27/2019 14:35:00.000000,0.198182,9.8025,0.03415,0.014638,4.768182
07/27/2019 14:36:00.000000,0.238463,9.92925,0.03285,0.012911,4.66
07/27/2019 14:37:00.000000,0.263031,10.04675,0.0327,0.014888,5.437209
07/27/2019 14:38:00.000000,0.27227,10.2095,0.032375,5.006667,4.164444
07/27/2019 14:39:00.000000,0.276497,10.14875,0.03345,4.582927,3.65122
07/27/2019 14:40:00.000000,0.21185,10.04175,0.035125,15.713953,3.265116
07/27/2019 14:41:00.000000,0.200124,9.87975,0.03655,0.025047,2.943902
07/27/2019 14:42:00.000000,0.203716,9.91275,0.03785,0.015852,4.761538
07/27/2019 14:43:00.000000,0.188388,10.04875,0.036425,0.012855,4.430233
07/27/2019 14:44:00.000000,0.187756,9.64925,0.037025,0.005059,3.004545
07/27/2019 14:45:00.000000,0.184563,9.242,0.039075,13.9,3.314286
07/27/2019 14:46:00.000000,0.234946,8.788,0.0389,0.016758,7.582927
07/27/2019 14:47:00.000000,0.278255,8.32725,0.03945,0.008083,3.623077
07/27/2019 14:48:00.000000,0.203003,7.87625,0.0415,0.009508,4.542222
07/27/2019 14:49:00.000000,0.164141,7.60875,0.042075,5.813636,2.881818
07/27/2019 14:50:00.000000,0.158295,7.277,0.0408,0.011467,3.268293
07/27/2019 14:51:00.000000,0.175973,7.0555,0.039075,5.942857,3.733333
07/27/2019 14:52:00.000000,0.19145,7.059,0.038525,5.042857,3.114286
07/27/2019 14:53:00.000000,0.210039,6.8525,0.04135,6.2,2.657143
07/27/2019 14:54:00.000000,0.178217,6.63475,0.042625,0.013469,3.282927
07/27/2019 14:55:00.000000,0.153215,6.7205,0.041975,0.007905,2.875
07/27/2019 14:56:00.000000,0.173534,6.57825,0.043525,21.67381,2.542857
07/27/2019 14:57:00.000000,0.152865,6.429,0.044825,0.012942,3.968182
07/27/2019 14:58:00.000000,0.145246,6.4165,0.0439,21.9,2.571429
07/27/2019 14:59:00.000000,0.164775,14.08875,0.039425,0.012822,3.090244
07/27/2019 15:00:00.000000,0.242994,13.783,0.03595,0.003752,2.230952
07/27/2019 15:01:00.000000,0.323239,12.673,0.036925,0.008453,2.442857
07/27/2019 15:02:00.000000,0.383292,17.553,0.035575,5.138462,3.320513
07/27/2019 15:03:00.000000,0.306768,17.30125,0.03655,0.003267,2.565
07/27/2019 15:04:00.000000,0.204643,16.5075,0.03895,2.486111,2.483333
07/27/2019 15:05:00.000000,0.211216,16.13225,0.036425,0.003446,2.694595
07/27/2019 15:06:00.000000,0.292912,15.47275,0.037,15.525581,3.818605
07/27/2019 15:07:00.000000,0.241281,14.80225,0.037675,0.019641,3.235
07/27/2019 15:08:00.000000,0.255711,13.6725,0.039125,0.003937,2.1925
07/27/2019 15:09:00.000000,0.344639,12.483,0.040525,2.942857,2.942857
07/27/2019 15:10:00.000000,0.282472,11.48125,0.040575,0.003105,2.5
07/27/2019 15:11:00.000000,0.217725,11.19825,0.039825,0.003606,2.825
07/27/2019 15:12:00.000000,0.203832,10.713,0.0402,6.952381,3.5
07/27/2019 15:13:00.000000,0.229926,9.9165,0.041525,0.013624,3.771429
07/27/2019 15:14:00.000000,0.243147,9.2105,0.042975,0.006024,4.055
07/27/2019 15:15:00.000000,0.168644,8.48525,0.043525,0.003795,2.995
07/27/2019 15:16:00.000000,0.156857,8.33,0.042625,4.190698,2.972093
07/27/2019 15:17:00.000000,0.202459,8.285,0.04125,2.685714,2.485714
07/27/2019 15:18:00.000000,0.264146,8.07575,0.04174,2.983784,2.983784
07/27/2019 15:19:00.000000,0.222352,7.58725,0.044533,0.006791,2.913953
07/27/2019 15:20:00.000000,0.168628,7.14775,0.04545,3.195122,2.734146
07/27/2019 15:21:00.000000,0.153441,6.77675,0.0448,0.003059,2.445
07/27/2019 15:22:00.000000,0.1702,6.657,0.04465,0.003879,2.4
07/27/2019 15:23:00.000000,0.193281,6.67125,0.043875,0.02359,2.968421
07/27/2019 15:24:00.000000,0.215931,6.5505,0.04302,3.50625,2.4375
07/27/2019 15:25:00.000000,0.270363,6.41225,0.042267,12.321951,6.156098
07/27/2019 15:26:00.000000,0.307536,6.51075,0.041125,6.614634,4.312195
07/27/2019 15:27:00.000000,0.245391,6.83175,0.0415,2.926471,2.691176
07/27/2019 15:28:00.000000,0.19785,6.95925,0.043075,0.007779,2.761538
07/27/2019 15:29:00.000000,0.18121,7.0125,0.043625,0.009934,3.978947
07/27/2019 15:30:00.000000,0.185044,6.94475,0.044475,0.016915,3.273684
07/27/2019 15:31:00.000000,0.163741,6.60375,0.04485,6.558537,3.526829
07/27/2019 15:32:00.000000,0.185625,6.60775,0.044025,2.841463,2.660976
07/27/2019 15:33:00.000000,0.256349,6.341,0.04415,3.871429,2.928571
07/27/2019 15:34:00.000000,0.187056,5.90125,0.0452,0.009104,3.086842
07/27/2019 15:35:00.000000,0.143687,5.5695,0.0455,0.00322,2.239535
07/27/2019 15:36:00.000000,0.144383,5.605,0.0453,14.5,3.524324
07/27/2019 15:37:00.000000,0.150171,5.89075,0.04385,0.018313,4.414634
07/27/2019 15:38:00.000000,0.168346,6.0305,0.043175,0.004958,3.219512
07/27/2019 15:39:00.000000,0.174701,6.19025,0.043,0.007978,3.172093
07/27/2019 15:40:00.000000,0.185534,6.071,0.044,0.003253,2.346341
07/27/2019 15:41:00.000000,0.176115,6.169,0.045425,4.685714,2.8
07/27/2019 15:42:00.000000,0.163185,7.545,0.0439,0.010072,3.582927
07/27/2019 15:43:00.000000,0.194604,12.132,0.0403,3.094872,2.515385
07/27/2019 15:44:00.000000,0.215289,7.6525,0.04135,0.004438,2.471429
07/27/2019 15:45:00.000000,0.204447,9.38925,0.042875,0.003294,2.5
07/27/2019 15:46:00.000000,0.262681,12.519,0.042525,0.00679,3.185714
07/27/2019 15:47:00.000000,0.287722,11.8905,0.043,0.0084,2.617073
07/27/2019 15:48:00.000000,0.205115,11.1405,0.0437,0.009216,2.5
07/27/2019 15:49:00.000000,0.170016,10.56475,0.043125,12.304878,2.329268
07/27/2019 15:50:00.000000,0.179014,10.01975,0.042475,8.671053,3.497368
07/27/2019 15:51:00.000000,0.191683,9.3335,0.0437,0.013247,3.016667
07/27/2019 15:52:00.000000,0.204857,8.699,0.044025,0.015825,3.15
07/27/2019 15:53:00.000000,0.221932,7.99525,0.044325,0.00717,2.943902
07/27/2019 15:54:00.000000,0.198062,7.535,0.0439,5.6,3.585714
07/27/2019 15:55:00.000000,0.178697,7.45825,0.04418,0.008591,3.511111
07/27/2019 15:56:00.000000,0.181063,7.4865,0.044867,0.009705,4.744444
07/27/2019 15:57:00.000000,0.210137,7.440333,0.044567,3.571429,3.22619
07/27/2019 15:58:00.000000,0.275404,7.718,0.0422,7.676923,5.051282
07/27/2019 15:59:00.000000,0.24599,7.80225,0.043625,0.00945,3.205
07/27/2019 16:00:00.000000,0.19155,7.69875,0.045875,6.154762,2.885714
07/27/2019 16:01:00.000000,0.177828,7.658,0.04585,8.159091,3.763636
07/27/2019 16:02:00.000000,0.054092,7.632,0.045275,5.78,3.22
07/27/2019 16:03:00.000000,0.023495,7.6985,0.04565,0.007698,4.039024
07/27/2019 16:04:00.000000,-9999.0,7.8,0.045575,0.008719,3.353846
07/27/2019 16:05:00.000000,-9999.0,7.98925,0.043975,0.003779,2.681818
07/27/2019 16:06:00.000000,-9999.0,33.3725,0.033775,0.017375,2.855
07/27/2019 16:07:00.000000,-9999.0,10.1775,0.044575,0.010338,2.476923
07/27/2019 16:08:00.000000,-9999.0,10.1355,0.04425,13.084091,4.213636
07/27/2019 16:09:00.000000,-9999.0,7.59425,0.045625,0.003811,2.375
07/27/2019 16:10:00.000000,-9999.0,7.711,0.04565,7.726316,4.021053
07/27/2019 16:11:00.000000,-9999.0,7.621,0.0443,18.937838,3.394595
07/27/2019 16:12:00.000000,0.056795,7.86825,0.043825,0.024155,5.931707
07/27/2019 16:13:00.000000,0.184951,8.037,0.04465,10.784211,4.126316
07/27/2019 16:14:00.000000,0.207401,7.9095,0.04795,0.022008,2.870732
07/27/2019 16:15:00.000000,0.172576,7.64425,0.04965,0.004846,2.436585
07/27/2019 16:16:00.000000,0.170256,7.462,0.049525,14.757143,2.828571
07/27/2019 16:17:00.000000,0.174808,7.3155,0.04915,8.524444,3.393333
07/27/2019 16:18:00.000000,0.180089,7.20775,0.048525,0.008731,4.505405
07/27/2019 16:19:00.000000,0.179263,7.10775,0.047525,9.360976,4.358537
07/27/2019 16:20:00.000000,0.186106,6.63325,0.0481,0.011156,3.2
07/27/2019 16:21:00.000000,0.184612,6.21625,0.04885,0.011146,3.0
07/27/2019 16:22:00.000000,0.174681,6.069,0.049,0.007865,2.83
07/27/2019 16:23:00.000000,0.186451,6.12625,0.0491,0.02085,3.232432
07/27/2019 16:24:00.000000,0.218848,6.09125,0.0493,7.157143,2.957143
07/27/2019 16:25:00.000000,0.198545,6.04225,0.049575,3.08,2.645
07/27/2019 16:26:00.000000,0.210072,6.31325,0.047725,0.028608,3.816216
07/27/2019 16:27:00.000000,0.25342,13.521,0.043975,18.466667,4.015556
07/27/2019 16:28:00.000000,0.22745,9.99825,0.04475,5.0,3.0
07/27/2019 16:29:00.000000,0.209227,8.77725,0.047325,0.002896,2.3
07/27/2019 16:30:00.000000,0.206608,8.706,0.048675,0.007162,3.56
07/27/2019 16:31:00.000000,0.198665,8.2395,0.050425,7.35122,3.8
07/27/2019 16:32:00.000000,0.18233,7.889,0.05125,3.945,3.29
07/27/2019 16:33:00.000000,0.178209,7.57825,0.051775,5.067442,4.146512
07/27/2019 16:34:00.000000,0.195784,7.3175,0.0515,0.015521,3.11
07/27/2019 16:35:00.000000,0.218913,7.0505,0.051675,0.00565,2.646667
07/27/2019 16:36:00.000000,0.204486,6.7415,0.051275,2.252632,2.263158
07/27/2019 16:37:00.000000,0.192902,6.37125,0.0516,5.469767,2.630233
07/27/2019 16:38:00.000000,0.253217,6.3965,0.05065,0.013521,3.390909
07/27/2019 16:39:00.000000,0.419887,9.2505,0.048725,0.006707,3.5
07/27/2019 16:40:00.000000,0.41101,9.125,0.049125,0.006068,3.669231
07/27/2019 16:41:00.000000,0.294155,7.2695,0.0521,13.848837,3.355814
07/27/2019 16:42:00.000000,0.205369,4.81325,0.0545,0.006345,2.963158
07/27/2019 16:43:00.000000,0.166449,4.58375,0.054275,0.031492,7.014286
07/27/2019 16:44:00.000000,0.177602,4.64275,0.054725,17.44,3.9875
07/27/2019 16:45:00.000000,0.17128,4.81325,0.054275,0.041287,4.748837
07/27/2019 16:46:00.000000,0.175557,5.52025,0.05205,16.584211,3.231579
07/27/2019 16:47:00.000000,0.181844,6.01125,0.051,6.057143,2.9
07/27/2019 16:48:00.000000,0.190818,6.32425,0.05245,15.54,3.64
07/27/2019 16:49:00.000000,0.191867,6.9115,0.050925,0.007133,3.285714
07/27/2019 16:50:00.000000,0.229638,7.7625,0.0492,0.006111,3.285
07/27/2019 16:51:00.000000,0.246762,8.63875,0.046975,6.675,4.66
07/27/2019 16:52:00.000000,0.241954,9.25775,0.04665,27.022727,3.890909
07/27/2019 16:53:00.000000,0.249181,11.37625,0.04725,0.018174,3.409375
07/27/2019 16:54:00.000000,0.289228,15.2605,0.04465,11.9,4.428571
07/27/2019 16:55:00.000000,0.286144,10.51275,0.046725,3.890909,3.045455
07/27/2019 16:56:00.000000,0.29722,9.02175,0.04945,0.010403,4.25122
07/27/2019 16:57:00.000000,0.291313,6.24975,0.051975,4.209302,3.467442
07/27/2019 16:58:00.000000,0.292735,6.4055,0.052375,7.668293,4.212195
07/27/2019 16:59:00.000000,0.276233,6.4455,0.053975,0.004349,2.692683
07/27/2019 17:00:00.000000,0.266043,6.438,0.054575,5.46,3.335
07/27/2019 17:01:00.000000,0.288845,6.43775,0.054375,0.023801,2.735
07/27/2019 17:02:00.000000,0.237756,7.733,0.051275,0.01252,3.564286
07/27/2019 17:03:00.000000,0.277956,8.22275,0.05125,3.092857,2.807143
07/27/2019 17:04:00.000000,0.243667,6.5395,0.054725,4.879487,3.310256
07/27/2019 17:05:00.000000,0.219735,10.08375,0.053225,0.013523,4.776744
07/27/2019 17:06:00.000000,0.244718,10.859,0.052375,11.428571,4.742857
07/27/2019 17:07:00.000000,0.277389,10.153,0.054975,0.014852,4.123529
07/27/2019 17:08:00.000000,0.239915,9.35975,0.05605,2.7875,2.3125
07/27/2019 17:09:00.000000,0.257116,,,,
07/27/2019 17:10:00.000000,0.201083,8.0425,0.0566,5.021053,2.921053
07/27/2019 17:11:00.000000,0.199895,7.557,0.05585,0.03153,4.9375
07/27/2019 17:12:00.000000,0.256973,7.22375,0.055725,9.916667,3.75
07/27/2019 17:13:00.000000,0.290036,9.8885,0.054125,0.016991,5.115
07/27/2019 17:14:00.000000,0.424054,11.26225,0.051275,0.003964,2.602174
07/27/2019 17:15:00.000000,0.395061,6.6645,0.053125,18.08,3.8
07/27/2019 17:16:00.000000,0.251274,6.17975,0.05722,0.014642,4.002857
07/27/2019 17:17:00.000000,0.195632,14.5135,0.0545,7.526316,3.265789
07/27/2019 17:18:00.000000,0.198801,8.38325,0.052575,12.454286,3.514286
07/27/2019 17:19:00.000000,0.179955,5.986,0.05494,5.34375,3.13125
07/27/2019 17:20:00.000000,0.168408,3.8105,0.0575,26.739024,3.014634
07/27/2019 17:21:00.000000,0.160263,3.81925,0.0584,0.009053,3.434211
07/27/2019 17:22:00.000000,0.157406,3.8275,0.05825,2.609524,2.442857
07/27/2019 17:23:00.000000,0.154719,3.9295,0.057475,6.226829,4.092683
07/27/2019 17:24:00.000000,0.186436,4.079,0.057675,0.00369,2.765116
07/27/2019 17:25:00.000000,0.193264,6.02575,0.0575,9.727907,2.75814
07/27/2019 17:26:00.000000,0.210579,10.9535,0.055375,0.014639,4.306977
07/27/2019 17:27:00.000000,0.259459,8.858,0.053525,0.005596,3.75
07/27/2019 17:28:00.000000,0.34306,6.55475,0.05475,0.009731,4.609091
07/27/2019 17:29:00.000000,0.312276,,,,
07/27/2019 17:30:00.000000,0.225452,5.134,0.0582,0.028289,3.477273
07/27/2019 17:31:00.000000,0.200902,5.207,0.058825,0.008571,3.517073
07/27/2019 17:32:00.000000,0.520693,5.7465,0.0567,0.005864,4.147619
07/27/2019 17:33:00.000000,0.622261,6.0505,0.0558,10.382927,3.27561
07/27/2019 17:34:00.000000,0.350076,6.22625,0.0569,0.014199,3.446667
07/27/2019 17:35:00.000000,0.212832,6.243,0.05745,0.00957,2.985714
07/27/2019 17:36:00.000000,0.372435,6.67675,0.05775,15.0625,3.325
07/27/2019 17:37:00.000000,0.54594,6.7525,0.0595,0.007056,3.145652
07/27/2019 17:38:00.000000,0.248211,6.3675,0.062625,12.235,3.595
07/27/2019 17:39:00.000000,0.18191,6.45,0.0615,0.010098,4.382927
07/27/2019 17:40:00.000000,0.2323,6.059,0.061125,0.006463,4.073171
07/27/2019 17:41:00.000000,0.204069,5.57725,0.0629,0.007978,3.136364
07/27/2019 17:42:00.000000,0.196195,5.3055,0.061675,6.9,3.942857
07/27/2019 17:43:00.000000,0.210834,10.201,0.059125,7.0,3.07561
07/27/2019 17:44:00.000000,0.187092,6.34675,0.0591,7.252632,4.415789
07/27/2019 17:45:00.000000,0.174158,4.8855,0.0613,6.2,3.769231
07/27/2019 17:46:00.000000,0.187616,5.14775,0.061625,6.360976,4.214634
07/27/2019 17:47:00.000000,0.251036,5.41725,0.060375,0.003773,2.842857
07/27/2019 17:48:00.000000,0.287461,5.6555,0.05965,7.314286,3.371429
07/27/2019 17:49:00.000000,0.255551,,,,
07/27/2019 17:50:00.000000,0.210984,5.745,0.063275,0.004312,2.535
07/27/2019 17:51:00.000000,0.171101,5.562,0.065475,0.014855,3.082927
07/27/2019 17:52:00.000000,0.158991,5.4275,0.065425,3.957143,2.514286
07/27/2019 17:53:00.000000,0.167584,5.19425,0.066775,0.007946,3.342857
07/27/2019 17:54:00.000000,0.17523,5.0035,0.0665,11.357143,2.916667
07/27/2019 17:55:00.000000,0.173669,4.78425,0.0662,0.009496,4.009091
07/27/2019 17:56:00.000000,0.161687,4.406,0.0664,0.009669,3.530233
07/27/2019 17:57:00.000000,0.160339,4.06325,0.06705,0.011899,2.622727
07/27/2019 17:58:00.000000,0.158753,4.0135,0.067,12.65,4.425
07/27/2019 17:59:00.000000,0.160285,4.005,0.066725,13.877273,2.934091
07/27/2019 18:00:00.000000,0.159702,4.006,0.06705,0.010986,3.784615
07/27/2019 18:01:00.000000,0.160602,4.07725,0.06735,8.936585,4.512195
07/27/2019 18:02:00.000000,0.159835,4.07175,0.06715,7.314286,5.028571
07/27/2019 18:03:00.000000,0.15786,4.04075,0.066975,7.597561,4.160976
07/27/2019 18:04:00.000000,0.162522,4.0065,0.067425,6.065116,4.086047
07/27/2019 18:05:00.000000,0.17625,4.20475,0.067,0.012554,4.442857
07/27/2019 18:06:00.000000,0.235904,4.5215,0.066875,3.3,2.442857
07/27/2019 18:07:00.000000,0.222228,4.507,0.067675,0.008097,3.214286
07/27/2019 18:08:00.000000,0.179213,4.51,0.06705,3.7,3.06
07/27/2019 18:09:00.000000,0.288239,,,,
07/27/2019 18:10:00.000000,0.379958,8.29475,0.059825,6.155,3.035
07/27/2019 18:11:00.000000,0.261192,4.91425,0.06455,0.004043,2.317647
07/27/2019 18:12:00.000000,0.200897,7.1275,0.06545,2.723077,2.638462
07/27/2019 18:13:00.000000,0.192545,4.53725,0.06625,13.5625,3.635
07/27/2019 18:14:00.000000,0.225884,7.304,0.063225,4.321053,2.536842
07/27/2019 18:15:00.000000,0.344996,8.22625,0.06035,0.01586,3.657576
07/27/2019 18:16:00.000000,0.322072,8.076,0.062575,9.372973,4.386486
07/27/2019 18:17:00.000000,0.242879,6.77,0.0645,7.995349,3.711628
07/27/2019 18:18:00.000000,0.186776,6.129,0.0655,8.571429,3.183333
07/27/2019 18:19:00.000000,0.173155,5.83775,0.0654,0.008444,3.509091
07/27/2019 18:20:00.000000,0.202365,5.8735,0.0634,0.00379,2.490244
07/27/2019 18:21:00.000000,0.239609,5.75775,0.063775,5.117073,4.092683
07/27/2019 18:22:00.000000,0.207908,6.14675,0.063175,0.00379,2.67027
07/27/2019 18:23:00.000000,0.243233,8.01325,0.06045,2.742857,2.742857
07/27/2019 18:24:00.000000,0.260401,5.74375,0.062175,0.005994,3.302326
07/27/2019 18:25:00.000000,0.214213,4.66975,0.06485,0.012304,2.887805
07/27/2019 18:26:00.000000,0.179223,5.893,0.066,8.428571,4.3
07/27/2019 18:27:00.000000,0.168013,5.5155,0.06735,2.628947,2.242105
07/27/2019 18:28:00.000000,0.155147,5.13225,0.067575,0.013233,2.221053
07/27/2019 18:29:00.000000,0.153301,5.21125,0.067025,0.009261,3.497368
07/27/2019 18:30:00.000000,0.154959,13.27975,0.0635,7.657143,3.257143
07/27/2019 18:31:00.000000,0.172599,4.38775,0.063775,0.00408,2.336364
07/27/2019 18:32:00.000000,0.16296,5.904,0.064625,9.102778,2.588889
07/27/2019 18:33:00.000000,0.154382,8.452,0.062575,8.611628,4.234884
07/27/2019 18:34:00.000000,0.174484,7.16925,0.0625,7.327907,3.997674
07/27/2019 18:35:00.000000,0.282611,7.26175,0.06385,0.004827,2.678788
07/27/2019 18:36:00.000000,0.32901,7.521,0.062825,8.515152,3.375758
07/27/2019 18:37:00.000000,0.317075,7.3555,0.065125,0.010837,3.058537
07/27/2019 18:38:00.000000,0.235779,7.6095,0.062175,0.017335,2.583333
07/27/2019 18:39:00.000000,0.289485,8.05125,0.05915,6.538235,3.373529
07/27/2019 18:40:00.000000,0.295134,7.92775,0.063325,6.98,4.505
07/27/2019 18:41:00.000000,0.222051,6.2955,0.065475,0.008969,3.2
07/27/2019 18:42:00.000000,0.205649,7.87525,0.063025,15.180488,2.814634
07/27/2019 18:43:00.000000,0.32172,7.19425,0.06145,6.380952,2.457143
07/27/2019 18:44:00.000000,0.306645,7.54525,0.06245,7.021053,4.336842
07/27/2019 18:45:00.000000,0.215135,3.7495,0.065025,0.005976,2.463889
07/27/2019 18:46:00.000000,0.173773,3.59325,0.066,11.731818,2.918182
07/27/2019 18:47:00.000000,0.177637,3.5355,0.065875,0.005377,2.487805
07/27/2019 18:48:00.000000,0.2104,3.692,0.064875,0.018989,2.980488
07/27/2019 18:49:00.000000,0.198082,,,,
07/27/2019 18:50:00.000000,0.192429,3.98225,0.065725,6.660465,3.913953
07/27/2019 18:51:00.000000,0.182832,4.05125,0.066625,0.010148,4.24
07/27/2019 18:52:00.000000,0.165686,3.97,0.067075,5.026829,3.617073
07/27/2019 18:53:00.000000,0.165446,4.10325,0.066625,0.003535,2.583333
07/27/2019 18:54:00.000000,0.178876,4.26775,0.06675,0.010478,3.823256
07/27/2019 18:55:00.000000,0.175825,4.18525,0.067425,0.004775,2.814286
07/27/2019 18:56:00.000000,0.176413,3.96025,0.067525,4.734146,2.941463
07/27/2019 18:57:00.000000,0.177937,3.9555,0.06655,0.016499,3.768293
07/27/2019 18:58:00.000000,0.213605,3.9945,0.0655,10.66,2.88
07/27/2019 18:59:00.000000,0.416167,4.054,0.06715,22.204878,3.639024
07/27/2019 19:00:00.000000,0.336977,4.38525,0.065925,0.015795,3.373171
07/27/2019 19:01:00.000000,0.249529,4.39225,0.06665,0.009084,3.134146
07/27/2019 19:02:00.000000,0.19992,4.4605,0.0687,5.225,3.1
07/27/2019 19:03:00.000000,0.180095,4.7185,0.067625,5.421053,3.1
07/27/2019 19:04:00.000000,0.186119,5.07425,0.06445,0.018998,4.039024
07/27/2019 19:05:00.000000,0.242179,5.2645,0.063975,6.953659,3.936585
07/27/2019 19:06:00.000000,0.25492,5.07775,0.068725,13.222727,5.8
07/27/2019 19:07:00.000000,0.286582,4.91175,0.068675,13.595455,4.754545
07/27/2019 19:08:00.000000,0.259249,4.7105,0.068025,0.020599,3.985714
07/27/2019 19:09:00.000000,0.19718,4.758,0.068425,6.754545,3.554545
07/27/2019 19:10:00.000000,0.199212,4.802,0.06895,0.009637,3.240909
07/27/2019 19:11:00.000000,0.191473,4.77025,0.069025,0.019614,3.707692
07/27/2019 19:12:00.000000,0.192036,4.755,0.067325,21.56,5.585
07/27/2019 19:13:00.000000,0.212661,4.74025,0.0656,15.733333,4.483333
07/27/2019 19:14:00.000000,0.209288,5.28575,0.06395,0.016896,5.616667
07/27/2019 19:15:00.000000,0.227163,5.827,0.062725,10.545238,4.1
07/27/2019 19:16:00.000000,0.254326,6.1375,0.064875,0.009178,3.716216
07/27/2019 19:17:00.000000,0.247223,6.28125,0.06745,0.009295,3.87
07/27/2019 19:18:00.000000,0.212803,6.4195,0.067675,5.928571,4.066667
07/27/2019 19:19:00.000000,0.21101,6.74675,0.064975,0.009519,4.612195
07/27/2019 19:20:00.000000,0.275683,6.6455,0.065325,10.428571,4.442857
07/27/2019 19:21:00.000000,0.25891,6.343,0.06705,0.004567,3.097368
07/27/2019 19:22:00.000000,0.2212,5.9695,0.065975,0.01569,3.665
07/27/2019 19:23:00.000000,0.210348,5.5445,0.06625,6.07561,3.543902
07/27/2019 19:24:00.000000,0.190046,5.1395,0.0673,0.005117,2.919512
07/27/2019 19:25:00.000000,0.174645,4.90925,0.067775,0.018239,3.8
07/27/2019 19:26:00.000000,0.203248,4.72475,0.0671,0.012056,4.169231
07/27/2019 19:27:00.000000,0.226978,4.44525,0.0669,9.597436,3.523077
07/27/2019 19:28:00.000000,0.230028,4.62275,0.0663,0.014871,4.25
07/27/2019 19:29:00.000000,0.246887,,,,
07/27/2019 19:30:00.000000,0.26536,12.811,0.056933,0.007931,3.572093
07/27/2019 19:31:00.000000,0.244341,16.044,0.059375,18.281081,5.024324
07/27/2019 19:32:00.000000,0.26431,14.4675,0.0615,11.858537,4.104878
07/27/2019 19:33:00.000000,0.349105,7.6695,0.06565,0.016736,5.084615
07/27/2019 19:34:00.000000,0.382829,7.4815,0.068225,0.021586,7.0
07/27/2019 19:35:00.000000,0.26289,7.67275,0.0676,9.179487,5.1
07/27/2019 19:36:00.000000,0.228591,7.74625,0.06735,0.009999,4.527907
07/27/2019 19:37:00.000000,0.229929,7.7585,0.068025,19.340476,5.957143
07/27/2019 19:38:00.000000,0.227313,7.7825,0.068,0.006807,4.15122
07/27/2019 19:39:00.000000,0.228962,7.79825,0.067525,14.143902,3.965854
07/27/2019 19:40:00.000000,0.251697,7.8195,0.066775,0.006282,3.915
07/27/2019 19:41:00.000000,0.295569,7.8235,0.0663,12.538235,7.394118
07/27/2019 19:42:00.000000,0.269032,7.89575,0.0656,0.040043,4.763415
07/27/2019 19:43:00.000000,0.262765,8.125,0.06405,0.006576,2.873171
07/27/2019 19:44:00.000000,0.3107,8.11325,0.0648,0.015226,5.197297
07/27/2019 19:45:00.000000,0.277755,7.82875,0.06678,16.152632,5.952632
07/27/2019 19:46:00.000000,0.241814,7.48475,0.068167,0.004744,3.012195
07/27/2019 19:47:00.000000,0.199534,7.173,0.068825,7.515,4.625
07/27/2019 19:48:00.000000,0.198957,7.149333,0.0667,0.005592,2.965625
07/27/2019 19:49:00.000000,0.229837,7.13225,0.066,0.006371,3.747059
07/27/2019 19:50:00.000000,0.211976,6.85175,0.068625,7.092683,3.970732
07/27/2019 19:51:00.000000,0.201151,6.39475,0.067225,7.3,5.365854
07/27/2019 19:52:00.000000,0.209843,6.0275,0.06635,0.004322,3.380488
07/27/2019 19:53:00.000000,0.194358,5.8425,0.06695,0.007402,3.169231
07/27/2019 19:54:00.000000,0.17265,5.66475,0.066375,2.897727,2.611364
07/27/2019 19:55:00.000000,0.163514,5.475,0.0663,6.888372,2.844186
07/27/2019 19:56:00.000000,0.163258,4.96925,0.0665,0.00377,2.557143
07/27/2019 19:57:00.000000,0.168509,4.61375,0.066125,0.006183,3.42093
07/27/2019 19:58:00.000000,0.184855,4.4225,0.0674,7.914286,3.766667
07/27/2019 19:59:00.000000,0.19148,4.42625,0.0674,0.014152,2.957895
07/27/2019 20:00:00.000000,0.195106,4.2345,0.06815,0.006226,2.702941
07/27/2019 20:01:00.000000,0.189394,4.0935,0.0696,5.602439,3.212195
07/27/2019 20:02:00.000000,0.21213,3.96825,0.0696,0.006145,3.556098
07/27/2019 20:03:00.000000,0.194228,3.922,0.067825,3.45,3.26
07/27/2019 20:04:00.000000,0.17882,3.93975,0.06655,4.836585,2.517073
07/27/2019 20:05:00.000000,0.298725,3.953,0.067025,0.007969,3.06
07/27/2019 20:06:00.000000,0.252019,3.873,0.067825,2.8,2.431707
07/27/2019 20:07:00.000000,0.165831,3.80175,0.067867,2.202941,2.202941
07/27/2019 20:08:00.000000,0.171761,4.288333,0.0659,0.003797,2.885714
07/27/2019 20:09:00.000000,0.210658,4.93475,0.0645,3.612195,3.512195
07/27/2019 20:10:00.000000,0.246007,9.43225,0.0612,0.010555,5.142857
07/27/2019 20:11:00.000000,0.253202,18.25975,0.056275,8.483333,3.857143
07/27/2019 20:12:00.000000,0.284614,13.93375,0.056675,12.048649,3.275676
07/27/2019 20:13:00.000000,0.316417,8.733,0.0619,0.012191,3.006061
07/27/2019 20:14:00.000000,0.319022,9.44025,0.06525,0.007807,3.193939
07/27/2019 20:15:00.000000,0.309977,8.132,0.06465,5.03913,3.808696
07/27/2019 20:16:00.000000,0.266266,6.131,0.065775,0.010336,3.310526
07/27/2019 20:17:00.000000,0.224541,5.73825,0.0682,0.016729,3.797561
07/27/2019 20:18:00.000000,0.208499,5.83075,0.068825,4.536842,2.973684
07/27/2019 20:19:00.000000,0.222434,9.66875,0.06655,5.787805,4.421951
07/27/2019 20:20:00.000000,0.27586,7.6355,0.0659,0.024675,3.560465
07/27/2019 20:21:00.000000,0.260043,8.11325,0.067825,11.236364,2.868182
07/27/2019 20:22:00.000000,0.237014,5.8875,0.07065,3.62439,2.629268
07/27/2019 20:23:00.000000,0.222536,5.83325,0.072475,0.021717,3.52093
07/27/2019 20:24:00.000000,0.220054,6.06525,0.0708,0.020314,3.957143
07/27/2019 20:25:00.000000,0.233306,6.29,0.069175,9.071429,4.75
07/27/2019 20:26:00.000000,0.23098,6.3545,0.070175,0.01235,3.768571
07/27/2019 20:27:00.000000,0.211788,6.31125,0.072575,7.715385,4.207692
07/27/2019 20:28:00.000000,0.198486,6.22775,0.073625,8.4375,4.64
07/27/2019 20:29:00.000000,0.20494,6.2725,0.0724,,
07/27/2019 20:30:00.000000,0.210142,6.6245,0.071225,11.207692,6.415385
07/27/2019 20:31:00.000000,0.210889,6.5005,0.071875,4.608108,4.035135
07/27/2019 20:32:00.000000,0.20986,6.28,0.073475,7.997297,3.932432
07/27/2019 20:33:00.000000,0.301801,6.3775,0.072325,0.004684,2.821053
07/27/2019 20:34:00.000000,0.549243,6.5185,0.072475,0.009617,4.215
07/27/2019 20:35:00.000000,0.362089,6.52625,0.075025,11.985366,5.268293
07/27/2019 20:36:00.000000,0.236837,6.58675,0.075725,0.028988,3.6
07/27/2019 20:37:00.000000,0.209724,6.426,0.075175,15.763636,3.131818
07/27/2019 20:38:00.000000,0.251309,6.07025,0.0745,0.009346,3.359091
07/27/2019 20:39:00.000000,0.245197,5.94875,0.07465,0.006948,3.314634
07/27/2019 20:40:00.000000,0.202288,7.9865,0.0665,0.004904,3.3825
07/27/2019 20:41:00.000000,0.19259,8.169,0.07525,0.003764,2.873171
07/27/2019 20:42:00.000000,0.187525,8.388,0.072875,4.894595,4.178378
07/27/2019 20:43:00.000000,0.18247,5.4395,0.07245,0.003828,2.792683
07/27/2019 20:44:00.000000,0.181386,4.4065,0.07375,12.87,4.975
07/27/2019 20:45:00.000000,0.184233,4.646,0.07285,5.053846,3.553846
07/27/2019 20:46:00.000000,0.188601,4.8895,0.0737,8.630769,3.707692
07/27/2019 20:47:00.000000,0.200166,5.08325,0.073975,3.834884,3.025581
07/27/2019 20:48:00.000000,0.207968,5.1605,0.073725,5.566667,3.65
07/27/2019 20:49:00.000000,0.199929,5.21775,0.07345,15.565789,4.221053
07/27/2019 20:50:00.000000,0.208061,5.3425,0.072875,0.011039,3.787805
07/27/2019 20:51:00.000000,0.208744,5.5895,0.07135,0.017013,4.553659
07/27/2019 20:52:00.000000,0.216173,5.83325,0.0699,0.009642,4.285366
07/27/2019 20:53:00.000000,0.235749,5.96275,0.069075,0.010092,4.031818
07/27/2019 20:54:00.000000,0.233783,5.97775,0.069575,15.0,3.915385
07/27/2019 20:55:00.000000,0.219873,6.04375,0.0694,5.325,3.73
07/27/2019 20:56:00.000000,0.216142,9.3045,0.063625,0.015454,5.485
07/27/2019 20:57:00.000000,0.2288,11.71275,0.068925,0.006668,3.846512
07/27/2019 20:58:00.000000,0.229122,7.4805,0.06925,14.085366,4.509756
07/27/2019 20:59:00.000000,0.243599,7.3975,0.068475,0.015455,4.952273
07/27/2019 21:00:00.000000,0.250227,4.96475,0.068975,0.009243,3.738636
07/27/2019 21:01:00.000000,0.205594,4.4575,0.07055,0.010652,3.415789
07/27/2019 21:02:00.000000,0.205469,4.58975,0.07045,0.009106,3.830233
07/27/2019 21:03:00.000000,0.191681,4.7075,0.0679,0.009764,2.88
07/27/2019 21:04:00.000000,0.185631,4.68675,0.06635,4.145,2.87
07/27/2019 21:05:00.000000,0.163083,4.45375,0.0668,11.4625,2.985
07/27/2019 21:06:00.000000,0.144376,4.24375,0.067375,4.44,2.49
07/27/2019 21:07:00.000000,0.148194,4.0765,0.067925,0.003195,2.4
07/27/2019 21:08:00.000000,0.159288,4.033,0.06705,0.005195,3.59
07/27/2019 21:09:00.000000,0.189441,4.195,0.06545,,
07/27/2019 21:10:00.000000,0.196625,4.15175,0.06475,3.06,2.74
07/27/2019 21:11:00.000000,0.228746,3.95675,0.065,0.00313,2.432558
07/27/2019 21:12:00.000000,0.19282,3.8565,0.062875,6.337838,3.405405
07/27/2019 21:13:00.000000,0.173192,8.3205,0.0579,2.959524,2.571429
07/27/2019 21:14:00.000000,0.194232,3.7955,0.06455,3.59,3.165
07/27/2019 21:15:00.000000,0.187737,5.17875,0.0629,8.09,4.7025
07/27/2019 21:16:00.000000,0.178499,3.77975,0.06305,0.005004,3.147368
07/27/2019 21:17:00.000000,0.171775,3.6775,0.0632,5.602222,3.293333
07/27/2019 21:18:00.000000,0.174237,3.809,0.0617,0.010229,4.339024
07/27/2019 21:19:00.000000,0.17525,4.133,0.06035,0.004126,2.47381
07/27/2019 21:20:00.000000,0.181641,4.66125,0.059275,4.9125,3.05
07/27/2019 21:21:00.000000,0.185725,4.88675,0.06055,6.921951,3.2
07/27/2019 21:22:00.000000,0.202845,5.1095,0.0626,3.085714,2.514286
07/27/2019 21:23:00.000000,0.222245,11.58575,0.055525,0.006571,4.107317
07/27/2019 21:24:00.000000,0.26367,9.93675,0.058475,0.007372,4.4
07/27/2019 21:25:00.000000,0.368567,6.218,0.0617,0.011958,3.628571
07/27/2019 21:26:00.000000,0.267843,5.36275,0.064075,4.785714,3.757143
07/27/2019 21:27:00.000000,0.219774,5.50525,0.06395,0.005607,3.46
07/27/2019 21:28:00.000000,0.234408,5.95675,0.061975,0.003614,2.576471
07/27/2019 21:29:00.000000,0.238643,6.28625,0.061825,7.417073,3.339024
07/27/2019 21:30:00.000000,0.261193,6.55775,0.0615,0.006188,3.246154
07/27/2019 21:31:00.000000,0.28608,11.703,0.058825,4.456098,3.365854
07/27/2019 21:32:00.000000,0.340296,11.7295,0.056575,8.27561,2.973171
07/27/2019 21:33:00.000000,0.370589,5.7975,0.0607,0.008696,2.731818
07/27/2019 21:34:00.000000,0.292879,5.141,0.0627,0.00872,3.126829
07/27/2019 21:35:00.000000,0.204852,6.5475,0.061775,0.004029,2.514286
07/27/2019 21:36:00.000000,0.190483,5.7035,0.06135,0.002753,2.145
07/27/2019 21:37:00.000000,0.180983,5.71625,0.062025,4.638462,3.115385
07/27/2019 21:38:00.000000,0.187081,5.688,0.063225,0.005038,3.3
07/27/2019 21:39:00.000000,0.190633,4.572,0.06425,3.7,3.04186
07/27/2019 21:40:00.000000,0.184063,4.65275,0.063875,2.573333,2.408889
07/27/2019 21:41:00.000000,0.183257,4.68725,0.0643,7.607317,2.982927
07/27/2019 21:42:00.000000,0.176478,4.633,0.065425,0.013572,3.686047
07/27/2019 21:43:00.000000,0.180303,4.53725,0.066025,3.427907,2.423256
07/27/2019 21:44:00.000000,0.24569,4.9205,0.06375,0.008271,2.453846
07/27/2019 21:45:00.000000,0.274497,4.96025,0.06445,5.025,2.755
07/27/2019 21:46:00.000000,0.216771,5.1545,0.0651,14.07907,3.832558
07/27/2019 21:47:00.000000,0.209068,5.50725,0.063025,8.172727,2.822727
07/27/2019 21:48:00.000000,0.201807,5.498,0.064575,0.010914,2.769231
07/27/2019 21:49:00.000000,0.192369,5.4975,0.0646,0.008474,2.716279
07/27/2019 21:50:00.000000,0.214271,5.14475,0.06305,4.857143,3.033333
07/27/2019 21:51:00.000000,0.235195,6.32,0.06145,0.007662,4.295122
07/27/2019 21:52:00.000000,0.231478,4.81375,0.062875,7.369231,3.4
07/27/2019 21:53:00.000000,0.22836,5.23825,0.063225,0.003281,2.269231
07/27/2019 21:54:00.000000,0.2381,6.2125,0.064425,0.005279,2.82439
07/27/2019 21:55:00.000000,0.223322,4.02125,0.065975,0.014566,2.485714
07/27/2019 21:56:00.000000,0.198938,4.948,0.065025,0.0081,3.518605
07/27/2019 21:57:00.000000,0.189526,5.3235,0.0638,5.631579,2.436842
07/27/2019 21:58:00.000000,0.1861,5.16025,0.063125,13.969048,2.885714
07/27/2019 21:59:00.000000,0.21539,5.0085,0.062875,0.003615,1.881395
07/27/2019 22:00:00.000000,0.197737,4.95075,0.06305,0.003124,2.212195
07/27/2019 22:01:00.000000,0.171602,4.8465,0.062625,7.680952,2.380952
07/27/2019 22:02:00.000000,0.056257,4.88175,0.061775,10.7,3.685714
07/27/2019 22:03:00.000000,0.038141,5.26675,0.0599,0.003302,2.206452
07/27/2019 22:04:00.000000,0.005698,5.57725,0.0606,0.00251,1.993548
07/27/2019 22:05:00.000000,0.006792,5.67325,0.063375,2.682927,2.170732
07/27/2019 22:06:00.000000,0.009107,5.854,0.06385,6.9,2.113043
07/27/2019 22:07:00.000000,0.004439,6.637,0.060925,0.004221,2.785714
07/27/2019 22:08:00.000000,0.00418,7.93825,0.06085,0.004333,2.730769
07/27/2019 22:09:00.000000,0.011326,13.8735,0.059425,0.00699,2.870732
07/27/2019 22:10:00.000000,0.002915,4.55175,0.061,0.008173,3.407692
07/27/2019 22:11:00.000000,0.00616,4.88875,0.063875,14.68913,3.934783
07/27/2019 22:12:00.000000,0.031602,15.351,0.061425,5.370732,2.756098
07/27/2019 22:13:00.000000,0.127508,20.12175,0.057675,1.661905,1.557143
07/27/2019 22:14:00.000000,0.176496,5.87525,0.060025,0.005362,2.936585
07/27/2019 22:15:00.000000,0.143531,4.10925,0.063725,0.00225,1.723684
07/27/2019 22:16:00.000000,0.143064,3.90525,0.065,0.004188,2.446512
07/27/2019 22:17:00.000000,0.153984,3.9665,0.065375,2.109302,1.911628
07/27/2019 22:18:00.000000,0.178136,4.13275,0.06465,0.002929,2.222222
07/27/2019 22:19:00.000000,0.212141,6.7755,0.062675,3.513333,2.213333
07/27/2019 22:20:00.000000,0.224972,6.44125,0.0628,0.004662,2.541463
07/27/2019 22:21:00.000000,0.218607,3.21125,0.065425,0.002283,1.759091
07/27/2019 22:22:00.000000,0.179053,3.05,0.06605,1.95,1.8625
07/27/2019 22:23:00.000000,0.165573,3.2605,0.065,0.004828,2.41
07/27/2019 22:24:00.000000,0.169438,3.35925,0.063925,2.490476,1.985714
07/27/2019 22:25:00.000000,0.157419,8.0725,0.05115,1.94878,1.9
07/27/2019 22:26:00.000000,0.154797,10.4435,0.058325,13.339024,2.241463
07/27/2019 22:27:00.000000,0.167476,6.706,0.06015,0.003652,1.78
07/27/2019 22:28:00.000000,0.182058,4.14875,0.060375,0.002073,1.614634
07/27/2019 22:29:00.000000,0.169532,6.221,0.058175,1.25,1.26
07/27/2019 22:30:00.000000,0.164781,5.8865,0.057925,1.804545,1.804545
07/27/2019 22:31:00.000000,0.167813,4.9505,0.05905,0.004216,2.071429
07/27/2019 22:32:00.000000,0.168223,3.74725,0.05935,1.483333,1.294444
07/27/2019 22:33:00.000000,0.154771,3.77575,0.057925,0.001888,1.441463
07/27/2019 22:34:00.000000,0.169655,4.053,0.055375,0.01019,1.925
07/27/2019 22:35:00.000000,0.199548,4.4485,0.0536,5.426829,2.170732
07/27/2019 22:36:00.000000,0.184668,5.01625,0.052575,5.326829,2.029268
07/27/2019 22:37:00.000000,0.197436,5.14825,0.055525,1.628571,1.142857
07/27/2019 22:38:00.000000,0.216102,6.03825,0.056075,1.0,1.0
07/27/2019 22:39:00.000000,0.196082,8.8475,0.0535,4.6,1.857143
07/27/2019 22:40:00.000000,0.220341,8.54325,0.052425,1.984615,1.492308
07/27/2019 22:41:00.000000,0.220792,6.88875,0.0546,3.78,1.825
07/27/2019 22:42:00.000000,0.285701,12.4245,0.053375,0.00517,2.569767
07/27/2019 22:43:00.000000,0.328094,9.50425,0.051975,0.003143,2.02
07/27/2019 22:44:00.000000,0.23371,6.55325,0.054875,10.014286,6.357143
07/27/2019 22:45:00.000000,0.204805,6.39525,0.05485,0.008646,3.087805
07/27/2019 22:46:00.000000,0.253086,12.52225,0.05235,7.472973,3.321622
07/27/2019 22:47:00.000000,0.251173,11.7215,0.049675,11.3,2.3
07/27/2019 22:48:00.000000,0.228366,6.97025,0.0519,0.00281,1.426316
07/27/2019 22:49:00.000000,0.216903,,0.05175,,
07/27/2019 22:50:00.000000,0.27797,10.3796,0.05226,40.384615,2.961538
07/27/2019 22:51:00.000000,0.2369,10.408,0.056967,0.015299,2.8
07/27/2019 22:52:00.000000,0.264926,11.327333,0.055733,0.004125,2.715385
07/27/2019 22:53:00.000000,0.355281,17.008333,0.04865,0.005121,3.302326
07/27/2019 22:54:00.000000,0.325663,23.4075,0.05455,12.12439,3.314634
07/27/2019 22:55:00.000000,0.247561,9.416,0.05645,4.195122,2.702439
07/27/2019 22:56:00.000000,0.192561,9.059,0.0569,9.030952,3.657143
07/27/2019 22:57:00.000000,0.177599,7.904,0.058875,0.008818,3.972093
07/27/2019 22:58:00.000000,0.17223,7.509,0.060625,0.003644,2.744186
07/27/2019 22:59:00.000000,0.191487,7.65225,0.060375,2.940476,2.940476
07/27/2019 23:00:00.000000,0.211595,7.8155,0.060425,2.49,2.49
07/27/2019 23:01:00.000000,0.211987,8.5545,0.0595,5.8,3.857143
07/27/2019 23:02:00.000000,0.197171,9.00325,0.0608,0.009062,4.155
07/27/2019 23:03:00.000000,0.201237,9.54125,0.06065,0.019941,4.03
07/27/2019 23:04:00.000000,0.257764,9.974,0.061075,9.121951,4.170732
07/27/2019 23:05:00.000000,0.234961,10.18475,0.062575,7.478947,4.957895
07/27/2019 23:06:00.000000,0.187161,10.39475,0.062775,17.3,3.830769
07/27/2019 23:07:00.000000,0.181605,10.1255,0.06555,0.020087,3.515
07/27/2019 23:08:00.000000,0.190022,9.83775,0.06635,0.019725,4.402564
07/27/2019 23:09:00.000000,0.187363,,0.066525,,
07/27/2019 23:10:00.000000,0.180823,8.78375,0.066325,21.405,5.15
07/27/2019 23:11:00.000000,0.204917,8.728,0.0653,11.12973,4.175676
07/27/2019 23:12:00.000000,0.214867,8.54875,0.065775,0.009031,4.0
07/27/2019 23:13:00.000000,0.201746,10.55075,0.064725,4.317073,3.487805
07/27/2019 23:14:00.000000,0.187634,6.2945,0.066875,0.00872,3.23
07/27/2019 23:15:00.000000,0.193238,6.80325,0.06795,3.405263,2.778947
07/27/2019 23:16:00.000000,0.196619,7.1985,0.068775,0.012079,5.260976
07/27/2019 23:17:00.000000,0.207496,7.47925,0.068,0.014737,3.915
07/27/2019 23:18:00.000000,0.279384,7.70875,0.06665,0.013745,3.944186
07/27/2019 23:19:00.000000,0.389256,8.1925,0.064675,0.005756,3.405
07/27/2019 23:20:00.000000,0.360812,8.32775,0.065225,6.285366,3.214634
07/27/2019 23:21:00.000000,0.277723,8.26725,0.069575,0.007264,4.057143
07/27/2019 23:22:00.000000,0.248534,8.33675,0.069625,0.018244,4.456098
07/27/2019 23:23:00.000000,0.224832,8.45075,0.068675,7.566667,4.007692
07/27/2019 23:24:00.000000,0.239794,8.71325,0.067475,3.329268,3.131707
07/27/2019 23:25:00.000000,0.213687,9.26875,0.066075,0.020576,4.792683
07/27/2019 23:26:00.000000,0.228169,9.73,0.066325,5.593182,4.063636
07/27/2019 23:27:00.000000,0.24835,10.14325,0.065025,9.966667,3.984444
07/27/2019 23:28:00.000000,0.261437,11.29675,0.062325,0.0064,4.324324
07/27/2019 23:29:00.000000,0.292251,12.17475,0.064325,,
07/27/2019 23:30:00.000000,0.2833,12.60675,0.0664,0.01358,5.8425
07/27/2019 23:31:00.000000,0.298058,15.0625,0.05515,0.004873,3.8
07/27/2019 23:32:00.000000,0.261749,15.59575,0.06385,0.014067,6.29
07/27/2019 23:33:00.000000,0.230424,8.89175,0.06535,32.04186,5.07907
07/27/2019 23:34:00.000000,0.210319,6.12325,0.068375,0.008199,3.979487
07/27/2019 23:35:00.000000,0.199101,6.36475,0.069025,6.221951,3.882927
07/27/2019 23:36:00.000000,0.222695,6.5845,0.068975,0.004316,3.23913
07/27/2019 23:37:00.000000,0.228964,6.434,0.06985,2.673171,2.673171
07/27/2019 23:38:00.000000,0.193821,6.44325,0.068925,6.714286,4.4
07/27/2019 23:39:00.000000,0.21483,7.06075,0.064975,0.009615,5.860976
07/27/2019 23:40:00.000000,0.247655,10.09925,0.062475,8.353488,3.923256
07/27/2019 23:41:00.000000,0.316114,9.458,0.062925,0.004036,2.826316
07/27/2019 23:42:00.000000,0.294213,7.08425,0.0641,9.6125,3.295
07/27/2019 23:43:00.000000,0.205344,12.0585,0.06165,4.235897,3.315385
07/27/2019 23:44:00.000000,0.217241,15.06825,0.054925,7.21,4.455
07/27/2019 23:45:00.000000,0.338088,16.9915,0.05155,8.65,4.033333
07/27/2019 23:46:00.000000,0.38013,16.4385,0.05335,5.23,4.41
07/27/2019 23:47:00.000000,0.277493,10.6115,0.057325,4.26,3.84
07/27/2019 23:48:00.000000,0.222209,8.272,0.0603,0.005846,3.009091
07/27/2019 23:49:00.000000,0.195948,,,,
07/27/2019 23:50:00.000000,0.21099,8.26475,0.061275,6.715,3.3175
07/27/2019 23:51:00.000000,0.201838,8.22575,0.061775,0.011313,3.213953
07/27/2019 23:52:00.000000,0.190733,8.67475,0.058475,7.29,4.135
07/27/2019 23:53:00.000000,0.281461,9.34225,0.05615,5.619512,4.043902
07/27/2019 23:54:00.000000,0.283254,9.6765,0.05785,6.765854,4.085366
07/27/2019 23:55:00.000000,0.214331,9.9425,0.061675,0.00664,3.42973
07/27/2019 23:56:00.000000,0.226381,10.42225,0.059925,6.92619,5.014286
07/27/2019 23:57:00.000000,0.256089,10.8815,0.058075,0.005206,3.7
07/27/2019 23:58:00.000000,0.245723,9.80925,0.061,2.8875,2.89
07/27/2019 23:59:00.000000,0.231906,7.8105,0.062425,0.008758,5.12
07/28/2019 00:00:00.000000,0.22018,10.88,0.060475,6.4625,3.8
07/28/2019 00:01:00.000000,0.246999,8.61675,0.060125,3.773333,3.431111
07/28/2019 00:02:00.000000,0.276878,7.4165,0.0616,0.004195,3.315
07/28/2019 00:03:00.000000,0.221817,7.13475,0.0616,0.007862,3.892308
07/28/2019 00:04:00.000000,0.224368,7.2675,0.06075,0.007968,4.085
07/28/2019 00:05:00.000000,0.286438,7.20825,0.06135,13.2875,4.015
07/28/2019 00:06:00.000000,0.257408,7.002,0.0626,0.009654,4.490909
07/28/2019 00:07:00.000000,0.185249,6.71225,0.0637,0.00449,3.266667
07/28/2019 00:08:00.000000,0.171344,6.4245,0.064525,4.371429,3.942857
07/28/2019 00:09:00.000000,0.177212,,0.064625,,
07/28/2019 00:10:00.000000,0.175635,6.11675,0.062875,5.523077,4.492308
07/28/2019 00:11:00.000000,0.193476,6.0655,0.061125,0.004442,3.290244
07/28/2019 00:12:00.000000,0.221114,6.00275,0.060625,17.107143,3.785714
07/28/2019 00:13:00.000000,0.266188,6.03625,0.06045,8.851724,4.644828
07/28/2019 00:14:00.000000,0.232105,6.2655,0.05955,0.01381,6.995
07/28/2019 00:15:00.000000,0.204858,6.7495,0.058175,0.009263,5.233333
07/28/2019 00:16:00.000000,0.231214,7.35975,0.056025,0.009052,5.142857
07/28/2019 00:17:00.000000,0.246814,8.00825,0.0552,19.65,5.286364
07/28/2019 00:18:00.000000,0.251126,8.44975,0.054625,9.136585,4.190244
07/28/2019 00:19:00.000000,0.238134,8.73375,0.05485,52.9,5.32
07/28/2019 00:20:00.000000,0.24905,8.76875,0.0551,16.416667,4.266667
07/28/2019 00:21:00.000000,0.222016,8.80725,0.0552,0.007781,4.17
07/28/2019 00:22:00.000000,0.192079,8.89025,0.05395,8.551163,3.769767
07/28/2019 00:23:00.000000,0.235491,9.236,0.049625,19.797436,6.228205
07/28/2019 00:24:00.000000,0.325616,14.08175,0.04615,0.020689,6.265116
07/28/2019 00:25:00.000000,0.313837,9.2015,0.049425,8.702326,5.530233
07/28/2019 00:26:00.000000,0.22959,8.532,0.0525,7.907692,4.046154
07/28/2019 00:27:00.000000,0.196072,8.18,0.052425,8.0,3.713953
07/28/2019 00:28:00.000000,0.198896,8.521,0.049825,9.053659,5.15122
07/28/2019 00:29:00.000000,0.211587,,,,
07/28/2019 00:30:00.000000,0.206927,9.021,0.0513,0.00947,3.145
07/28/2019 00:31:00.000000,0.171441,8.66525,0.05275,11.793023,6.113953
07/28/2019 00:32:00.000000,0.165105,8.325,0.052275,0.008063,3.987097
07/28/2019 00:33:00.000000,0.174188,8.067,0.0509,0.0223,2.733333
07/28/2019 00:34:00.000000,0.190002,7.7585,0.05,0.020452,6.456098
07/28/2019 00:35:00.000000,0.192434,7.548,0.049725,0.014495,5.4
07/28/2019 00:36:00.000000,0.208806,6.73175,0.050275,13.592308,4.361538
07/28/2019 00:37:00.000000,0.239356,5.74075,0.053325,0.028333,3.333333
07/28/2019 00:38:00.000000,0.195733,5.58275,0.054525,0.008745,3.444186
07/28/2019 00:39:00.000000,0.164339,5.47525,0.054975,3.153333,3.162222
07/28/2019 00:40:00.000000,0.16411,5.31025,0.05655,4.178049,3.514634
07/28/2019 00:41:00.000000,0.163449,5.0655,0.0571,0.003964,3.005
07/28/2019 00:42:00.000000,0.15842,4.95675,0.056075,0.019982,4.825581
07/28/2019 00:43:00.000000,0.17668,4.97125,0.052575,5.1125,3.5
07/28/2019 00:44:00.000000,0.261768,5.0465,0.051525,3.2,3.115385
07/28/2019 00:45:00.000000,0.308459,5.27975,0.052475,0.01397,4.356757
07/28/2019 00:46:00.000000,0.24367,5.68325,0.0518,0.008315,3.660976
07/28/2019 00:47:00.000000,0.244648,6.31625,0.049875,0.004482,3.248837
07/28/2019 00:48:00.000000,0.254233,6.79325,0.05015,3.616667,3.533333
07/28/2019 00:49:00.000000,0.297026,,,,
07/28/2019 00:50:00.000000,0.243535,7.29225,0.052175,14.805,3.825
07/28/2019 00:51:00.000000,0.21025,7.50025,0.052075,0.011478,3.728571
07/28/2019 00:52:00.000000,0.20304,7.8155,0.049875,0.006514,3.363158
07/28/2019 00:53:00.000000,0.215084,7.94175,0.04945,0.017321,3.816279
07/28/2019 00:54:00.000000,0.226095,7.85,0.049025,5.494737,3.647368
07/28/2019 00:55:00.000000,0.230025,7.67975,0.0481,0.009027,3.846154
07/28/2019 00:56:00.000000,0.215792,7.89525,0.046125,0.006996,4.326829
07/28/2019 00:57:00.000000,0.258345,8.5805,0.0429,15.941463,4.731707
07/28/2019 00:58:00.000000,0.415363,9.266,0.041475,0.01064,3.897436
07/28/2019 00:59:00.000000,0.339208,9.30925,0.044175,5.473333,3.613333
07/28/2019 01:00:00.000000,0.305189,9.25675,0.045025,6.836585,4.453659
07/28/2019 01:01:00.000000,0.429877,9.32725,0.04465,9.715385,5.446154
07/28/2019 01:02:00.000000,0.341641,9.195,0.04575,0.005441,4.057143
07/28/2019 01:03:00.000000,0.256558,9.2205,0.0456,6.736364,3.715909
07/28/2019 01:04:00.000000,0.259925,9.0225,0.0436,3.5,3.1
07/28/2019 01:05:00.000000,0.303924,8.65875,0.043375,4.97907,3.92093
07/28/2019 01:06:00.000000,0.302085,10.84025,0.04615,7.8375,4.44
07/28/2019 01:07:00.000000,0.236711,19.159,0.04525,18.353488,5.169767
07/28/2019 01:08:00.000000,0.243946,13.058,0.04205,16.890909,4.290909
07/28/2019 01:09:00.000000,0.280048,,,,
07/28/2019 01:10:00.000000,0.425958,7.2285,0.04635,0.0042,3.435
07/28/2019 01:11:00.000000,0.327186,8.39475,0.0464,0.007822,4.607692
07/28/2019 01:12:00.000000,0.290001,9.1405,0.04585,0.005187,4.046341
07/28/2019 01:13:00.000000,0.33031,8.8205,0.04715,6.802439,3.65122
07/28/2019 01:14:00.000000,0.402645,8.5765,0.047575,0.005974,3.343902
07/28/2019 01:15:00.000000,0.420788,8.25825,0.048725,0.008441,5.164865
07/28/2019 01:16:00.000000,0.279479,8.249,0.047575,0.0162,4.14878
07/28/2019 01:17:00.000000,0.229647,8.305,0.044925,0.006258,3.407692
07/28/2019 01:18:00.000000,0.261689,8.19425,0.046225,9.81,4.405
07/28/2019 01:19:00.000000,0.284793,8.27975,0.04555,6.353846,4.6
07/28/2019 01:20:00.000000,0.311759,8.93,0.04175,0.008452,4.6
07/28/2019 01:21:00.000000,0.33,9.27475,0.044025,0.005218,3.927273
07/28/2019 01:22:00.000000,0.263868,9.46025,0.047325,0.00526,4.056098
07/28/2019 01:23:00.000000,0.231158,9.5465,0.049375,6.484615,4.015385
07/28/2019 01:24:00.000000,0.212184,9.346,0.049825,7.514634,4.939024
07/28/2019 01:25:00.000000,0.213037,9.2395,0.048625,3.415385,3.153846
07/28/2019 01:26:00.000000,0.226281,9.638,0.047025,10.294737,4.568421
07/28/2019 01:27:00.000000,0.248483,9.5115,0.047075,10.819048,3.357143
07/28/2019 01:28:00.000000,0.348914,9.79625,0.047325,0.008505,4.035
07/28/2019 01:29:00.000000,0.436913,17.27625,0.043,15.675,5.56
07/28/2019 01:30:00.000000,0.505197,11.7285,0.04295,8.085714,4.3
07/28/2019 01:31:00.000000,0.390307,10.63025,0.044925,7.804651,5.032558
07/28/2019 01:32:00.000000,0.303367,8.98725,0.046325,0.009836,4.523077
07/28/2019 01:33:00.000000,0.257452,7.35775,0.049425,0.005316,3.805
07/28/2019 01:34:00.000000,0.248081,7.30875,0.05,0.013212,4.895122
07/28/2019 01:35:00.000000,0.223758,7.23175,0.050025,0.006585,4.669767
07/28/2019 01:36:00.000000,0.219792,7.24375,0.049675,6.937209,4.944186
07/28/2019 01:37:00.000000,0.227423,7.2135,0.0502,4.141463,3.804878
07/28/2019 01:38:00.000000,0.221778,7.191,0.05095,0.008326,4.468421
07/28/2019 01:39:00.000000,0.232831,7.206,0.05,5.625,4.6
07/28/2019 01:40:00.000000,0.247663,7.24225,0.049375,14.097778,4.768889
07/28/2019 01:41:00.000000,0.23744,7.35325,0.049,0.005446,3.509302
07/28/2019 01:42:00.000000,0.246546,7.4655,0.049475,0.004723,3.618182
07/28/2019 01:43:00.000000,0.235433,7.62625,0.0494,0.006734,3.865
07/28/2019 01:44:00.000000,0.223376,7.714,0.04785,0.004723,3.645
07/28/2019 01:45:00.000000,0.243826,7.90725,0.046975,0.006137,4.453659
07/28/2019 01:46:00.000000,0.351189,8.163,0.0468,10.970732,5.539024
07/28/2019 01:47:00.000000,0.316152,8.64625,0.04455,0.006765,4.935
07/28/2019 01:48:00.000000,0.317647,9.0325,0.0431,0.009718,5.3
07/28/2019 01:49:00.000000,0.433224,,,,
07/28/2019 01:50:00.000000,0.398936,9.87975,0.0428,4.96,4.84
07/28/2019 01:51:00.000000,0.343859,10.2365,0.041925,10.57561,7.346341
07/28/2019 01:52:00.000000,0.319329,12.7325,0.041,5.869231,5.330769
07/28/2019 01:53:00.000000,0.356591,17.97225,0.036575,6.886364,5.331818
07/28/2019 01:54:00.000000,0.487917,19.255,0.03185,8.678261,5.823913
07/28/2019 01:55:00.000000,0.535278,15.4335,0.0332,0.011285,5.730769
07/28/2019 01:56:00.000000,0.435678,12.93275,0.038675,5.023077,4.515385
07/28/2019 01:57:00.000000,0.368121,12.00725,0.04175,0.005167,4.13
07/28/2019 01:58:00.000000,0.300099,11.90125,0.043525,3.845,3.845
07/28/2019 01:59:00.000000,0.269751,12.06225,0.0426,3.97561,3.97561
07/28/2019 02:00:00.000000,0.260033,11.9325,0.04255,0.006852,4.341463
07/28/2019 02:01:00.000000,0.257894,11.654,0.044275,0.005756,4.226667
07/28/2019 02:02:00.000000,0.248734,11.347667,0.045267,0.005411,4.2
07/28/2019 02:03:00.000000,0.231683,10.916333,0.04645,5.153659,4.285366
07/28/2019 02:04:00.000000,0.223915,10.49275,0.04675,0.005832,3.94878
07/28/2019 02:05:00.000000,0.265554,10.07175,0.046775,0.004611,3.647727
07/28/2019 02:06:00.000000,0.321197,9.73575,0.046725,0.007261,4.368293
07/28/2019 02:07:00.000000,0.357176,9.26275,0.04595,6.68,4.67
07/28/2019 02:08:00.000000,0.30134,8.69425,0.048125,0.0053,3.757143
07/28/2019 02:09:00.000000,0.51934,8.4765,0.048675,0.003975,3.169767
07/28/2019 02:10:00.000000,0.913708,7.96325,0.0479,3.186667,3.1
07/28/2019 02:11:00.000000,0.507035,8.98325,0.0465,0.00423,3.352273
07/28/2019 02:12:00.000000,0.299036,7.69275,0.0478,0.004365,3.486047
07/28/2019 02:13:00.000000,0.305861,7.262,0.0479,3.925,3.84
07/28/2019 02:14:00.000000,0.267332,6.05125,0.04985,3.916129,3.9
07/28/2019 02:15:00.000000,0.34208,7.06425,0.04805,0.004418,3.557143
07/28/2019 02:16:00.000000,0.346464,10.3795,0.045375,0.007241,3.5
07/28/2019 02:17:00.000000,0.223807,7.91725,0.047975,0.012186,7.083333
07/28/2019 02:18:00.000000,0.203944,6.99425,0.0495,6.02,4.74
07/28/2019 02:19:00.000000,0.199205,6.227,0.049725,9.376471,5.655882
07/28/2019 02:20:00.000000,0.206637,6.34325,0.04875,0.008657,4.425
07/28/2019 02:21:00.000000,0.223404,6.53375,0.04755,4.575,4.2
07/28/2019 02:22:00.000000,0.247448,6.79175,0.0474,6.06875,5.3375
07/28/2019 02:23:00.000000,0.236334,7.111,0.04665,0.016451,5.2125
07/28/2019 02:24:00.000000,0.230862,7.38975,0.04565,0.005494,3.707317
07/28/2019 02:25:00.000000,0.242509,7.78,0.045425,0.005276,4.08
07/28/2019 02:26:00.000000,0.239218,8.1905,0.045125,5.235,4.795
07/28/2019 02:27:00.000000,0.254078,8.48825,0.044975,4.531579,4.478947
07/28/2019 02:28:00.000000,0.268481,8.651,0.0457,0.005258,4.145
07/28/2019 02:29:00.000000,0.2582,8.88375,0.04445,0.010496,4.602326
07/28/2019 02:30:00.000000,0.288384,9.019,0.04405,0.020005,4.354545
07/28/2019 02:31:00.000000,0.275321,9.00075,0.045025,7.357143,4.642857
07/28/2019 02:32:00.000000,0.236059,8.9095,0.046025,6.832558,5.474419
07/28/2019 02:33:00.000000,0.235848,8.956,0.0464,6.022222,5.253333
07/28/2019 02:34:00.000000,0.2703,8.86525,0.046225,0.009987,5.366667
07/28/2019 02:35:00.000000,0.259774,8.84575,0.046175,0.01034,5.4
07/28/2019 02:36:00.000000,0.252832,8.7745,0.0465,5.15,4.805
07/28/2019 02:37:00.000000,0.243916,8.5835,0.046275,5.995455,5.304545
07/28/2019 02:38:00.000000,0.243545,8.56325,0.04495,6.814634,5.04878
07/28/2019 02:39:00.000000,0.248656,8.83975,0.0441,0.011333,4.740909
07/28/2019 02:40:00.000000,0.258717,13.39025,0.04345,0.013067,4.19
07/28/2019 02:41:00.000000,0.252049,9.917,0.044725,0.006923,4.865
07/28/2019 02:42:00.000000,0.251494,7.47725,0.0469,4.225,4.235
07/28/2019 02:43:00.000000,0.25273,7.69825,0.0468,0.010244,5.8
07/28/2019 02:44:00.000000,0.237945,8.595,0.045875,8.686364,6.1
07/28/2019 02:45:00.000000,0.244833,7.98375,0.046375,0.004899,3.89
07/28/2019 02:46:00.000000,0.256562,8.8975,0.045975,3.85,3.85
07/28/2019 02:47:00.000000,0.246827,9.07775,0.0456,7.952381,5.7
07/28/2019 02:48:00.000000,0.241459,9.02825,0.045075,0.007732,4.561538
07/28/2019 02:49:00.000000,0.248876,8.93025,0.045325,0.005646,4.3
07/28/2019 02:50:00.000000,0.242393,8.85375,0.045475,6.8,4.716667
07/28/2019 02:51:00.000000,0.242026,8.80125,0.0457,0.005999,4.627907
07/28/2019 02:52:00.000000,0.241001,8.71075,0.0463,0.007547,5.197561
07/28/2019 02:53:00.000000,0.239584,8.583,0.046675,0.01022,4.873171
07/28/2019 02:54:00.000000,0.238602,8.45825,0.0471,4.83,4.205
07/28/2019 02:55:00.000000,0.23258,8.456,0.0469,0.004996,4.012821
07/28/2019 02:56:00.000000,0.233325,8.51,0.046175,0.005203,4.17
07/28/2019 02:57:00.000000,0.244056,8.68675,0.045275,3.773171,3.773171
07/28/2019 02:58:00.000000,0.249056,8.8715,0.044725,0.006198,4.805
07/28/2019 02:59:00.000000,0.248731,9.08425,0.044325,8.84,6.445
07/28/2019 03:00:00.000000,0.246473,9.4055,0.0438,0.008966,5.071429
07/28/2019 03:01:00.000000,0.240719,9.7935,0.042825,4.905405,4.556757
07/28/2019 03:02:00.000000,0.245707,10.2335,0.04245,0.013268,6.831818
07/28/2019 03:03:00.000000,0.246126,10.5975,0.0429,8.212195,5.236585
07/28/2019 03:04:00.000000,0.243534,10.85525,0.043125,0.008437,5.6
07/28/2019 03:05:00.000000,0.242564,11.0785,0.0431,0.00624,4.85
07/28/2019 03:06:00.000000,0.25333,11.18825,0.043925,0.006986,4.957143
07/28/2019 03:07:00.000000,0.258534,11.13725,0.045125,0.00794,5.0
07/28/2019 03:08:00.000000,0.247003,10.981,0.045325,0.00539,4.073684
07/28/2019 03:09:00.000000,0.238995,10.8475,0.04485,0.00682,4.510256
07/28/2019 03:10:00.000000,0.240443,10.607,0.0453,0.00794,4.857143
07/28/2019 03:11:00.000000,0.268153,10.23875,0.046825,5.814286,4.385714
07/28/2019 03:12:00.000000,0.246495,9.8965,0.04645,0.009785,5.694872
07/28/2019 03:13:00.000000,0.23516,9.636,0.044675,0.008976,4.523256
07/28/2019 03:14:00.000000,0.246424,9.39225,0.04465,9.0125,4.475
07/28/2019 03:15:00.000000,0.251267,9.318,0.044275,6.814286,3.814286
07/28/2019 03:16:00.000000,0.246504,9.23475,0.04425,0.005162,3.7
07/28/2019 03:17:00.000000,0.256849,9.17,0.04345,4.123077,4.123077
07/28/2019 03:18:00.000000,0.298057,9.07275,0.043925,0.006986,4.286364
07/28/2019 03:19:00.000000,0.281442,8.983,0.04605,0.00568,3.787805
07/28/2019 03:20:00.000000,0.245876,8.91975,0.046,0.004623,3.615385
07/28/2019 03:21:00.000000,0.239991,8.8205,0.0453,0.004685,3.685714
07/28/2019 03:22:00.000000,0.243606,8.71725,0.0452,4.414634,4.297561
07/28/2019 03:23:00.000000,0.27693,8.6995,0.044075,0.008085,4.4
07/28/2019 03:24:00.000000,0.319383,8.58375,0.043325,4.509756,4.143902
07/28/2019 03:25:00.000000,0.351378,8.439,0.042875,5.465854,4.868293
07/28/2019 03:26:00.000000,0.356223,8.456,0.04255,0.014948,5.086047
07/28/2019 03:27:00.000000,0.307315,8.62725,0.042675,5.671429,4.52
07/28/2019 03:28:00.000000,0.270724,8.7715,0.0423,0.010124,6.628571
07/28/2019 03:29:00.000000,0.284238,8.9415,0.042725,0.008157,5.290698
07/28/2019 03:30:00.000000,0.308637,9.2795,0.04265,6.363415,4.643902
07/28/2019 03:31:00.000000,0.341393,9.3945,0.042625,6.485366,4.429268
07/28/2019 03:32:00.000000,0.30796,9.5295,0.043425,0.009317,5.572973
07/28/2019 03:33:00.000000,0.273747,9.63025,0.042775,6.85,4.761111
07/28/2019 03:34:00.000000,0.299523,9.886,0.041225,0.006066,4.52439
07/28/2019 03:35:00.000000,0.467178,9.9945,0.042525,0.008282,4.414286
07/28/2019 03:36:00.000000,0.50335,9.93075,0.04425,0.005176,3.971429
07/28/2019 03:37:00.000000,0.338696,9.77025,0.044625,0.008675,5.733333
07/28/2019 03:38:00.000000,0.261439,9.539,0.044925,4.7125,4.57
07/28/2019 03:39:00.000000,0.251521,9.3995,0.04525,0.006273,5.077273
07/28/2019 03:40:00.000000,0.25409,16.395,0.04145,0.007495,5.538462
07/28/2019 03:41:00.000000,0.274314,15.337,0.040325,0.007495,5.34186
07/28/2019 03:42:00.000000,0.344128,10.566,0.04315,0.010559,6.133333
07/28/2019 03:43:00.000000,0.325113,8.5435,0.0458,0.010559,5.365
07/28/2019 03:44:00.000000,0.256603,8.4465,0.0469,0.011159,6.135
07/28/2019 03:45:00.000000,0.244557,8.41725,0.046675,0.01058,5.627273
07/28/2019 03:46:00.000000,0.277299,8.414,0.0457,0.017888,6.012195
07/28/2019 03:47:00.000000,0.318616,8.4205,0.046025,0.013892,6.184615
07/28/2019 03:48:00.000000,0.282619,8.42775,0.046325,0.009896,5.443182
07/28/2019 03:49:00.000000,0.255863,8.45975,0.0462,0.006128,4.794737
07/28/2019 03:50:00.000000,0.261678,8.45175,0.04665,4.442857,4.442857
07/28/2019 03:51:00.000000,0.273345,8.4945,0.046325,0.006149,4.907692
07/28/2019 03:52:00.000000,0.256092,8.6125,0.0454,0.00587,4.743902
07/28/2019 03:53:00.000000,0.255173,8.71925,0.04585,0.013012,5.212195
07/28/2019 03:54:00.000000,0.257513,8.854,0.045775,0.00706,5.216216
07/28/2019 03:55:00.000000,0.265217,12.29325,0.042975,9.866667,6.172222
07/28/2019 03:56:00.000000,0.292443,11.24725,0.043275,6.325,5.775
07/28/2019 03:57:00.000000,0.284912,9.03375,0.046125,9.314286,6.366667
07/28/2019 03:58:00.000000,0.252233,9.0805,0.046275,7.257143,6.852381
07/28/2019 03:59:00.000000,0.252096,9.1235,0.045675,0.011077,8.705128
07/28/2019 04:00:00.000000,0.258513,9.21525,0.044925,8.420588,8.420588
07/28/2019 04:01:00.000000,0.267291,9.35025,0.04505,0.016014,8.313043
07/28/2019 04:02:00.000000,0.098478,9.5175,0.044925,0.034627,8.214634
07/28/2019 04:03:00.000000,0.059829,9.677,0.04485,0.012246,8.114286
07/28/2019 04:04:00.000000,0.0078,9.8105,0.045275,0.013592,9.115385
07/28/2019 04:05:00.000000,0.01061,9.93075,0.0455,0.011749,9.215
07/28/2019 04:06:00.000000,0.010863,10.02975,0.0456,15.278947,11.389474
07/28/2019 04:07:00.000000,0.006915,10.156,0.044925,17.59,16.9
07/28/2019 04:08:00.000000,0.004012,10.10625,0.045675,22.636364,19.268182
07/28/2019 04:09:00.000000,0.007278,10.06325,0.04525,21.718182,18.436364
07/28/2019 04:10:00.000000,0.00394,10.083,0.04435,0.027722,20.760976
07/28/2019 04:11:00.000000,0.007266,16.0575,0.044175,0.031242,20.339535
07/28/2019 04:12:00.000000,0.048104,11.023,0.044475,0.031097,21.914286
07/28/2019 04:13:00.000000,0.203255,10.7685,0.04415,19.8,19.6
07/28/2019 04:14:00.000000,0.314234,10.73525,0.043375,28.133333,21.342424
07/28/2019 04:15:00.000000,0.307072,10.88775,0.04275,0.033116,23.666667
07/28/2019 04:16:00.000000,0.359597,10.962,0.043025,24.568293,20.670732
07/28/2019 04:17:00.000000,0.611585,11.07775,0.042925,23.692105,20.773684
07/28/2019 04:18:00.000000,0.610876,11.2225,0.042525,20.0125,19.625
07/28/2019 04:19:00.000000,0.510912,11.475,0.041725,0.045745,21.637209
07/28/2019 04:20:00.000000,0.432016,11.90925,0.039775,26.771429,21.057143
07/28/2019 04:21:00.000000,0.393235,12.58225,0.03855,33.821951,20.814634
07/28/2019 04:22:00.000000,0.371849,12.87675,0.0402,29.642857,17.633333
07/28/2019 04:23:00.000000,0.355331,13.2065,0.04095,0.024834,16.658537
07/28/2019 04:24:00.000000,0.331906,13.69625,0.039475,0.029089,17.361538
07/28/2019 04:25:00.000000,0.344664,13.766,0.04065,0.021139,14.170732
07/28/2019 04:26:00.000000,0.403483,13.75,0.0426,16.4,14.365
07/28/2019 04:27:00.000000,0.401775,13.71,0.0415,24.806667,13.026667
07/28/2019 04:28:00.000000,0.286698,13.204,0.04205,0.02764,10.08
07/28/2019 04:29:00.000000,0.251082,12.41575,0.0438,11.19,9.345
07/28/2019 04:30:00.000000,0.270898,12.38025,0.042475,0.01736,10.239024
07/28/2019 04:31:00.000000,0.305392,12.5675,0.039825,23.665,12.95
07/28/2019 04:32:00.000000,0.457245,12.4345,0.03915,13.769767,10.302326
07/28/2019 04:33:00.000000,0.428869,12.38725,0.040475,0.01205,9.538462
07/28/2019 04:34:00.000000,0.326761,12.3595,0.0415,0.012029,9.671429
07/28/2019 04:35:00.000000,0.279923,12.13625,0.041375,8.470732,8.419512
07/28/2019 04:36:00.000000,0.25592,12.13325,0.04165,11.15,9.236364
07/28/2019 04:37:00.000000,0.238041,12.10675,0.041475,8.685714,8.371429
07/28/2019 04:38:00.000000,0.240024,11.9,0.040325,0.009845,7.861538
07/28/2019 04:39:00.000000,0.24049,11.36775,0.0396,12.736364,10.045455
07/28/2019 04:40:00.000000,0.251145,11.02725,0.039875,0.01472,9.245
07/28/2019 04:41:00.000000,0.310788,11.0485,0.03885,9.471429,8.314286
07/28/2019 04:42:00.000000,0.33122,11.1015,0.037925,0.017795,8.890909
07/28/2019 04:43:00.000000,0.301549,11.196,0.037675,7.642105,6.642105
07/28/2019 04:44:00.000000,0.276927,11.19325,0.038175,0.009648,6.8
07/28/2019 04:45:00.000000,0.252409,11.1535,0.03795,0.014368,6.469767
07/28/2019 04:46:00.000000,0.240003,10.73875,0.036925,11.726667,7.18
07/28/2019 04:47:00.000000,0.248322,9.52875,0.0366,0.010435,6.787805
07/28/2019 04:48:00.000000,0.250422,8.0595,0.03625,0.009607,6.871429
07/28/2019 04:49:00.000000,0.244876,6.5765,0.032975,5.9,5.5875
07/28/2019 04:50:00.000000,0.251033,5.081,0.032,9.95,6.885
07/28/2019 04:51:00.000000,0.257738,3.78475,0.0345,0.006573,5.048837
07/28/2019 04:52:00.000000,0.262411,2.484,0.03415,6.415,5.295
07/28/2019 04:53:00.000000,0.255281,1.306,0.033425,0.006387,5.06
07/28/2019 04:54:00.000000,0.27978,0.304,0.03335,0.007236,5.757895
07/28/2019 04:55:00.000000,0.284719,0.19425,0.0336,0.010062,6.495
07/28/2019 04:56:00.000000,0.282818,0.1505,0.033275,5.042857,4.8
07/28/2019 04:57:00.000000,0.284272,3.43125,0.03305,0.014927,5.618605
07/28/2019 04:58:00.000000,0.284018,5.897,0.03435,0.007578,5.383333
07/28/2019 04:59:00.000000,0.300853,3.50025,0.034875,7.036585,5.470732
07/28/2019 05:00:00.000000,0.339907,3.08625,0.033575,13.138461,9.138462
07/28/2019 05:01:00.000000,0.289168,2.6,0.0328,9.883333,6.028571
07/28/2019 05:02:00.000000,0.303996,2.693,0.031625,9.214634,6.509756
07/28/2019 05:03:00.000000,0.32829,2.79775,0.031525,0.012998,8.4
07/28/2019 05:04:00.000000,0.306211,2.90725,0.03185,0.011962,6.057143
07/28/2019 05:05:00.000000,0.316521,2.96925,0.03145,0.00682,4.842857
07/28/2019 05:06:00.000000,0.36867,3.02675,0.031775,0.019217,6.242857
07/28/2019 05:07:00.000000,0.332488,3.066,0.030575,0.013402,6.694444
07/28/2019 05:08:00.000000,0.321044,3.1155,0.030775,5.514634,5.334146
07/28/2019 05:09:00.000000,0.308638,3.1375,0.031825,6.597619,5.871429
07/28/2019 05:10:00.000000,0.277623,3.135,0.031225,0.017787,5.231707
07/28/2019 05:11:00.000000,0.281472,3.04775,0.0314,15.972727,5.272727
07/28/2019 05:12:00.000000,0.31748,3.01825,0.031375,0.007359,3.94375
07/28/2019 05:13:00.000000,0.487071,2.96525,0.0296,4.576923,4.576923
07/28/2019 05:14:00.000000,0.415702,2.91475,0.02915,4.214706,4.214706
07/28/2019 05:15:00.000000,0.274278,2.88425,0.030925,10.6,6.473684
07/28/2019 05:16:00.000000,0.27339,3.04975,0.030575,8.655,5.03
07/28/2019 05:17:00.000000,0.307295,35.4165,0.030575,0.007276,4.614634
07/28/2019 05:18:00.000000,0.292299,65.118,0.029425,14.057143,4.942857
07/28/2019 05:19:00.000000,0.351219,70.105667,0.027433,0.010158,5.428571
07/28/2019 05:20:00.000000,0.397888,70.6612,0.02796,0.011029,6.1
07/28/2019 05:21:00.000000,0.406459,70.999333,0.028167,5.271429,4.828571
07/28/2019 05:22:00.000000,0.417096,70.850667,0.0263,9.543243,4.924324
07/28/2019 05:23:00.000000,0.425649,70.77175,0.0258,6.007143,5.257143
07/28/2019 05:24:00.000000,0.438888,70.712,0.02475,0.009515,5.725
07/28/2019 05:25:00.000000,0.489283,70.69975,0.024525,16.295122,6.546341
07/28/2019 05:26:00.000000,0.572356,61.9975,0.022725,0.009992,5.346154
07/28/2019 05:27:00.000000,0.512202,4.90325,0.016775,0.010593,5.526829
07/28/2019 05:28:00.000000,0.400603,0.0,0.0095,0.015859,5.938462
07/28/2019 05:29:00.000000,0.438378,0.0,0.0078,13.060976,6.597561
07/28/2019 05:30:00.000000,0.471089,-9999.0,0.009075,0.009652,6.354545
07/28/2019 05:31:00.000000,0.416411,-9999.0,0.011225,0.013741,5.525581
07/28/2019 05:32:00.000000,0.380508,-9999.0,0.011825,0.011707,5.4
07/28/2019 05:33:00.000000,0.36012,-9999.0,0.011975,0.007037,5.064865
07/28/2019 05:34:00.000000,0.372963,-9999.0,0.011925,5.194118,5.194118
07/28/2019 05:35:00.000000,0.406913,-9999.0,0.011,0.007317,4.909677
07/28/2019 05:36:00.000000,0.427997,3.72075,0.013625,7.615789,5.152632
07/28/2019 05:37:00.000000,0.431749,31.621,0.015125,8.328571,5.028571
07/28/2019 05:38:00.000000,0.373411,31.786,0.015,7.028571,5.171429
07/28/2019 05:39:00.000000,0.380312,28.95925,0.01685,0.013122,5.370732
07/28/2019 05:40:00.000000,0.437736,22.76975,0.0202,0.012811,5.997561
07/28/2019 05:41:00.000000,0.361902,22.6515,0.0221,0.011954,5.090909
07/28/2019 05:42:00.000000,0.401056,22.5595,0.023925,0.006222,4.214286
07/28/2019 05:43:00.000000,0.428812,22.1055,0.0267,0.005209,4.185714
07/28/2019 05:44:00.000000,0.377776,21.637,0.0284,3.683721,3.613953
07/28/2019 05:45:00.000000,0.342848,21.05625,0.029325,7.916667,4.014286
07/28/2019 05:46:00.000000,0.2886,20.53875,0.0283,0.005812,3.929268
07/28/2019 05:47:00.000000,0.183247,20.075,0.028225,0.006414,4.576923
07/28/2019 05:48:00.000000,0.343848,19.488,0.02835,0.005978,4.51875
07/28/2019 05:49:00.000000,0.750211,18.818,0.0277,5.468421,4.239474
07/28/2019 05:50:00.000000,0.948824,18.36675,0.028025,0.007348,4.587879
07/28/2019 05:51:00.000000,1.008014,18.14375,0.028975,0.008043,4.168182
07/28/2019 05:52:00.000000,1.021704,18.30275,0.026875,0.011417,4.937838
07/28/2019 05:53:00.000000,1.030485,18.6055,0.02425,9.017073,4.417073
07/28/2019 05:54:00.000000,1.032463,18.551,0.0247,6.232558,4.213953
07/28/2019 05:55:00.000000,1.033038,18.376,0.0262,20.542857,5.571429
07/28/2019 05:56:00.000000,0.988646,18.5215,0.023875,0.016606,6.14
07/28/2019 05:57:00.000000,0.509127,18.461,0.023625,0.020135,5.602439
07/28/2019 05:58:00.000000,0.06027,18.31375,0.02435,9.514634,6.495122
07/28/2019 05:59:00.000000,0.004394,18.15175,0.023475,5.9,5.671429
07/28/2019 06:00:00.000000,0.006639,17.7595,0.0236,12.014286,6.014286
07/28/2019 06:01:00.000000,0.001735,17.1955,0.024325,10.465854,6.012195
07/28/2019 06:02:00.000000,-9999.0,16.93275,0.02405,0.014177,6.588636
07/28/2019 06:03:00.000000,0.000771,16.733,0.02395,8.053488,6.613953
07/28/2019 06:04:00.000000,-9999.0,16.1815,0.024125,0.006954,5.57561
07/28/2019 06:05:00.000000,-9999.0,16.3205,0.0244,9.326829,6.85122
07/28/2019 06:06:00.000000,-9999.0,17.681,0.02255,7.45,6.0275
07/28/2019 06:07:00.000000,0.070495,15.56875,0.022725,8.53,6.395
07/28/2019 06:08:00.000000,0.296154,15.80675,0.023875,12.828571,5.814286
07/28/2019 06:09:00.000000,0.364575,15.969,0.02355,0.012573,6.639024
07/28/2019 06:10:00.000000,0.359001,15.848,0.0247,0.015382,6.12
07/28/2019 06:11:00.000000,0.346597,15.65375,0.026825,0.010541,5.913953
07/28/2019 06:12:00.000000,0.321798,15.391,0.02824,4.221212,4.154545
07/28/2019 06:13:00.000000,0.298338,15.003,0.028933,0.011713,5.545
07/28/2019 06:14:00.000000,0.282738,14.69425,0.0289,0.009349,5.54
07/28/2019 06:15:00.000000,0.304955,14.73475,0.026875,0.018657,5.329268
07/28/2019 06:16:00.000000,0.382283,14.75975,0.02535,0.021124,5.385366
07/28/2019 06:17:00.000000,0.361465,15.0295,0.023825,0.022524,6.257143
07/28/2019 06:18:00.000000,0.329137,15.37825,0.022075,0.01249,5.975
07/28/2019 06:19:00.000000,0.335056,15.431,0.023825,7.4625,5.9
07/28/2019 06:20:00.000000,0.317257,15.51275,0.025725,9.078049,6.646341
07/28/2019 06:21:00.000000,0.302936,15.65175,0.025925,5.825641,5.405128
07/28/2019 06:22:00.000000,0.29696,15.71,0.02535,4.55,4.533333
07/28/2019 06:23:00.000000,0.303549,15.39625,0.026,6.690476,5.085714
07/28/2019 06:24:00.000000,0.320084,15.13,0.0265,15.673684,4.947368
07/28/2019 06:25:00.000000,0.408646,14.523,0.02635,0.012739,4.814634
07/28/2019 06:26:00.000000,0.376159,14.0355,0.026125,10.45,4.63
07/28/2019 06:27:00.000000,0.325084,14.058,0.025475,6.057143,4.771429
07/28/2019 06:28:00.000000,0.314008,14.07425,0.024725,4.851282,4.8
07/28/2019 06:29:00.000000,0.314356,13.98175,0.02546,10.092857,5.728571
07/28/2019 06:30:00.000000,0.311363,13.894,0.02595,9.918182,6.866667
07/28/2019 06:31:00.000000,0.306099,14.03675,0.024867,9.9,5.285
07/28/2019 06:32:00.000000,0.313556,14.18525,0.024925,0.008437,5.16
07/28/2019 06:33:00.000000,0.320308,14.413,0.02442,9.953333,6.04
07/28/2019 06:34:00.000000,0.324228,14.5375,0.024933,0.006675,4.35625
07/28/2019 06:35:00.000000,0.326131,14.57525,0.025175,6.946341,5.32439
07/28/2019 06:36:00.000000,0.317001,14.7165,0.024575,4.888889,4.583333
07/28/2019 06:37:00.000000,0.322261,14.78125,0.0258,6.728571,5.171429
07/28/2019 06:38:00.000000,0.308576,14.727,0.02652,7.6625,4.55
07/28/2019 06:39:00.000000,0.297241,14.57425,0.027,5.397059,4.911765
07/28/2019 06:40:00.000000,0.292858,14.5095,0.02595,0.01078,7.025
07/28/2019 06:41:00.000000,0.314202,14.492,0.025275,8.956818,5.890909
07/28/2019 06:42:00.000000,0.317497,14.49675,0.02545,7.285,5.785
07/28/2019 06:43:00.000000,0.313732,14.50825,0.02455,0.01078,6.664
07/28/2019 06:44:00.000000,0.333176,14.519,0.024375,0.00709,5.346154
07/28/2019 06:45:00.000000,0.361328,14.54775,0.0252,10.9,5.269231
07/28/2019 06:46:00.000000,0.344951,14.817,0.048975,10.87561,6.046341
07/28/2019 06:47:00.000000,0.348268,15.11975,0.0529,0.008292,5.257143
07/28/2019 06:48:00.000000,0.369829,15.135,0.055625,0.00681,5.269231
07/28/2019 06:49:00.000000,0.344914,15.0565,0.056675,7.363415,5.797561
07/28/2019 06:50:00.000000,0.328558,15.071,0.057075,6.925581,5.313953
07/28/2019 06:51:00.000000,0.344555,14.99675,0.05695,5.131707,4.943902
07/28/2019 06:52:00.000000,0.361168,14.731,0.057175,0.005639,4.56
07/28/2019 06:53:00.000000,0.328576,14.61,0.05715,0.01278,4.916667
07/28/2019 06:54:00.000000,0.30044,14.4725,0.05775,0.010811,5.51
07/28/2019 06:55:00.000000,0.31444,14.65275,0.0587,10.184091,5.859091
07/28/2019 06:56:00.000000,0.340857,14.73375,0.05095,11.494737,6.321053
07/28/2019 06:57:00.000000,0.349985,14.7145,-9999.0,0.011588,5.125
07/28/2019 06:58:00.000000,0.334768,14.617,-9999.0,10.509524,6.014286
07/28/2019 06:59:00.000000,0.335865,14.51725,-9999.0,11.728571,5.6
07/28/2019 07:00:00.000000,0.346787,14.65175,-9999.0,0.007162,5.157143
07/28/2019 07:01:00.000000,0.361676,14.779667,-9999.0,0.012739,6.97
07/28/2019 07:02:00.000000,0.360047,14.7545,-9999.0,0.02468,6.365
07/28/2019 07:03:00.000000,0.34163,14.368,-9999.0,7.5,5.269231
07/28/2019 07:04:00.000000,0.328044,14.17175,-9999.0,0.006449,5.185366
07/28/2019 07:05:00.000000,0.325302,14.2345,-9999.0,0.013406,5.030769
07/28/2019 07:06:00.000000,0.338441,14.3475,-9999.0,0.006749,4.913158
07/28/2019 07:07:00.000000,0.372173,14.3875,-9999.0,0.017474,5.321053
07/28/2019 07:08:00.000000,0.366676,14.33775,-9999.0,8.213158,4.878947
07/28/2019 07:09:00.000000,0.344823,14.45325,-9999.0,,
07/28/2019 07:10:00.000000,0.350475,14.82875,-9999.0,0.009834,5.718605
07/28/2019 07:11:00.000000,0.338578,14.948,-9999.0,10.085714,6.757143
07/28/2019 07:12:00.000000,0.427607,15.09675,-9999.0,11.288372,6.469767
07/28/2019 07:13:00.000000,1.0355,15.3285,0.000125,11.136585,7.936585
07/28/2019 07:14:00.000000,1.02666,15.28875,-9999.0,0.021076,6.914286
07/28/2019 07:15:00.000000,0.628969,15.56775,-9999.0,0.006936,4.763158
07/28/2019 07:16:00.000000,0.472856,15.91525,-9999.0,4.414286,4.4
07/28/2019 07:17:00.000000,0.395307,15.988,0.0324,0.012298,6.034884
07/28/2019 07:18:00.000000,0.535924,15.74,0.02485,5.415385,4.692308
07/28/2019 07:19:00.000000,0.709382,15.987,0.0207,11.085714,7.571429
07/28/2019 07:20:00.000000,0.524419,16.22275,0.0174,0.011946,6.392683
07/28/2019 07:21:00.000000,0.39856,16.21775,0.017325,0.009234,6.015
07/28/2019 07:22:00.000000,0.454312,16.39975,0.01605,0.006646,5.146341
07/28/2019 07:23:00.000000,0.434379,16.317,0.015725,0.017391,6.275
07/28/2019 07:24:00.000000,0.356205,16.25125,0.016075,6.705,5.31
07/28/2019 07:25:00.000000,0.329888,16.3005,0.016,6.85,6.0625
07/28/2019 07:26:00.000000,0.32072,16.52525,0.015525,5.06,4.9625
07/28/2019 07:27:00.000000,0.31843,16.394,0.0161,0.007081,5.646512
07/28/2019 07:28:00.000000,0.316234,16.151,0.017225,12.585714,5.971429
07/28/2019 07:29:00.000000,0.314184,16.15075,0.0178,0.009979,5.828571
07/28/2019 07:30:00.000000,0.306279,16.1355,0.017725,9.454762,5.371429
07/28/2019 07:31:00.000000,0.30902,16.11275,0.018,0.014348,7.994737
07/28/2019 07:32:00.000000,0.304309,16.17925,0.017725,0.013333,5.853659
07/28/2019 07:33:00.000000,0.313185,16.3065,0.0171,0.010559,6.85122
07/28/2019 07:34:00.000000,0.322192,16.35075,0.01695,10.337209,6.067442
07/28/2019 07:35:00.000000,0.339077,16.46975,0.018075,0.011221,6.235135
07/28/2019 07:36:00.000000,0.341956,16.38475,0.0212,0.010186,5.683333
07/28/2019 07:37:00.000000,0.276026,16.364,0.022325,0.010269,6.195
07/28/2019 07:38:00.000000,0.244029,16.31,0.020475,0.010518,5.606667
07/28/2019 07:39:00.000000,0.252177,16.24325,0.0204,0.00735,5.328571
07/28/2019 07:40:00.000000,0.254991,16.06,0.02075,0.006397,4.787805
07/28/2019 07:41:00.000000,0.251282,15.759,0.021125,8.770732,4.534146
07/28/2019 07:42:00.000000,0.247169,15.48475,0.021975,11.571053,5.931579
07/28/2019 07:43:00.000000,0.24474,15.161,0.022175,11.552632,5.610526
07/28/2019 07:44:00.000000,0.261419,15.1425,0.022275,11.939024,5.756098
07/28/2019 07:45:00.000000,0.29312,15.0195,0.02255,12.602326,8.123256
07/28/2019 07:46:00.000000,0.260164,14.8925,0.02165,7.120513,5.2
07/28/2019 07:47:00.000000,0.248704,14.8245,0.021075,0.009989,5.195
07/28/2019 07:48:00.000000,0.244773,14.77075,0.020975,4.761538,4.284615
07/28/2019 07:49:00.000000,0.241126,,,,
07/28/2019 07:50:00.000000,0.241637,14.6565,0.022525,6.478571,5.385714
07/28/2019 07:51:00.000000,0.239527,14.6285,0.02265,0.006369,4.831707
07/28/2019 07:52:00.000000,0.230434,14.657,0.0209,4.8,4.782051
07/28/2019 07:53:00.000000,0.238754,14.82975,0.020825,0.008643,5.397561
07/28/2019 07:54:00.000000,0.247294,14.93825,0.020625,0.011352,5.926829
07/28/2019 07:55:00.000000,0.248008,15.54425,0.019475,0.008167,5.231707
07/28/2019 07:56:00.000000,0.307607,19.9755,0.0178,6.51,5.185
07/28/2019 07:57:00.000000,0.355184,16.31225,0.018875,0.013047,7.419512
07/28/2019 07:58:00.000000,0.291869,14.973,0.021025,5.775,5.11875
07/28/2019 07:59:00.000000,0.254218,14.19725,0.0215,0.005769,4.692308
07/28/2019 08:00:00.000000,0.249303,14.3105,0.021025,0.01741,5.125
07/28/2019 08:01:00.000000,0.282897,14.46225,0.02,0.017245,6.042105
07/28/2019 08:02:00.000000,0.528114,14.54025,0.020375,7.507895,5.273684
07/28/2019 08:03:00.000000,0.49679,14.48475,0.022525,0.005345,4.266667
07/28/2019 08:04:00.000000,0.327494,14.359,0.023475,9.175,5.205
07/28/2019 08:05:00.000000,0.269797,14.227,0.02315,0.011765,5.147727
07/28/2019 08:06:00.000000,0.339551,14.02075,0.022975,0.010214,5.442857
07/28/2019 08:07:00.000000,0.613595,13.83375,0.02315,0.011372,5.5
07/28/2019 08:08:00.000000,0.429961,13.63875,0.022075,10.725581,5.586047
07/28/2019 08:09:00.000000,0.297726,13.382,0.022375,4.909524,4.314286
07/28/2019 08:10:00.000000,0.279189,13.15875,0.0231,5.5,4.78
07/28/2019 08:11:00.000000,0.271362,13.048,0.0229,4.24878,4.153659
07/28/2019 08:12:00.000000,0.287812,12.973,0.02325,9.125581,5.72093
07/28/2019 08:13:00.000000,0.294574,12.9905,0.022525,0.00953,4.8
07/28/2019 08:14:00.000000,0.297402,13.34925,0.020825,9.958537,5.880488
07/28/2019 08:15:00.000000,0.294499,13.549,0.02135,7.929268,5.07561
07/28/2019 08:16:00.000000,0.268716,13.67325,0.022025,0.013505,7.553659
07/28/2019 08:17:00.000000,0.271466,13.886,0.0212,0.006494,5.163636
07/28/2019 08:18:00.000000,0.319001,14.2755,0.020375,0.009344,5.453488
07/28/2019 08:19:00.000000,0.290128,14.66375,0.0201,4.259091,3.959091
07/28/2019 08:20:00.000000,0.248483,14.9665,0.02125,0.009644,4.89
07/28/2019 08:21:00.000000,0.219669,14.9525,0.023075,0.00793,4.497674
07/28/2019 08:22:00.000000,0.204731,14.5125,0.0241,15.393548,4.56129
07/28/2019 08:23:00.000000,0.199306,14.14875,0.025,0.008064,4.343902
07/28/2019 08:24:00.000000,0.208341,13.85925,0.02495,9.175,4.385
07/28/2019 08:25:00.000000,0.21996,13.3385,0.026125,0.007475,4.648571
07/28/2019 08:26:00.000000,0.208983,12.71875,0.025775,6.60625,4.15625
07/28/2019 08:27:00.000000,0.201168,12.089,0.025775,0.006371,4.602326
07/28/2019 08:28:00.000000,0.199786,11.332,0.027833,4.119048,3.928571
07/28/2019 08:29:00.000000,0.188959,,,,
07/28/2019 08:30:00.000000,0.184605,10.46075,0.02875,3.651163,3.511628
07/28/2019 08:31:00.000000,0.187313,10.16525,0.028975,3.225641,3.230769
07/28/2019 08:32:00.000000,0.199594,9.8195,0.03015,0.004527,3.628571
07/28/2019 08:33:00.000000,0.205087,9.867,0.02855,6.969767,3.786047
07/28/2019 08:34:00.000000,0.213615,9.75475,0.027725,0.007012,4.134884
07/28/2019 08:35:00.000000,0.215354,9.50375,0.0295,5.325,3.945
07/28/2019 08:36:00.000000,0.192878,9.49,0.029875,0.007806,4.572727
07/28/2019 08:37:00.000000,0.17701,9.49725,0.029375,6.142857,4.528571
07/28/2019 08:38:00.000000,0.17254,9.424,0.029675,0.00528,4.075
07/28/2019 08:39:00.000000,0.167974,9.30875,0.0302,5.792308,4.507692
07/28/2019 08:40:00.000000,0.160588,9.23575,0.0302,5.042857,4.085714
07/28/2019 08:41:00.000000,0.161179,8.927,0.02995,0.007765,3.829268
07/28/2019 08:42:00.000000,0.178702,8.74975,0.030225,0.005084,3.883721
07/28/2019 08:43:00.000000,0.18994,8.658,0.030775,0.004259,3.407692
07/28/2019 08:44:00.000000,0.165254,8.558,0.031125,0.005228,3.904545
07/28/2019 08:45:00.000000,0.157398,8.47575,0.03085,4.982927,4.170732
07/28/2019 08:46:00.000000,0.157701,8.53175,0.029975,0.003933,3.17561
07/28/2019 08:47:00.000000,0.1606,8.69925,0.029325,4.2,3.6
07/28/2019 08:48:00.000000,0.162334,8.9185,0.028225,3.645946,3.532432
07/28/2019 08:49:00.000000,0.166429,,,,
07/28/2019 08:50:00.000000,0.177401,9.38375,0.0267,0.007301,3.817073
07/28/2019 08:51:00.000000,0.187432,9.7045,0.026375,0.005022,3.786047
07/28/2019 08:52:00.000000,0.181277,10.0555,0.0259,0.008229,4.14
07/28/2019 08:53:00.000000,0.180821,10.3895,0.026,0.006496,4.457143
07/28/2019 08:54:00.000000,0.183389,10.6335,0.026225,8.886047,4.672093
07/28/2019 08:55:00.000000,0.182369,10.80375,0.026075,4.57,3.85
07/28/2019 08:56:00.000000,0.185521,10.8525,0.0256,0.008435,4.732558
07/28/2019 08:57:00.000000,0.190703,10.7545,0.025825,0.011508,5.402326
07/28/2019 08:58:00.000000,0.196914,10.4885,0.027475,0.005517,4.256098
07/28/2019 08:59:00.000000,0.20182,10.238,0.028525,4.25814,4.167442
07/28/2019 09:00:00.000000,0.193293,9.9495,0.028025,5.621429,4.971429
07/28/2019 09:01:00.000000,0.19233,9.61425,0.028475,7.292683,4.843902
07/28/2019 09:02:00.000000,0.178101,9.2625,0.02865,0.00497,3.830952
07/28/2019 09:03:00.000000,0.168178,8.8995,0.02875,4.126829,4.126829
07/28/2019 09:04:00.000000,0.164978,8.556,0.02895,0.020283,4.792308
07/28/2019 09:05:00.000000,0.165338,8.27225,0.02865,8.280488,4.814634
07/28/2019 09:06:00.000000,0.165388,8.2395,0.02825,0.007187,5.141463
07/28/2019 09:07:00.000000,0.177255,8.09375,0.0279,0.009095,5.285
07/28/2019 09:08:00.000000,0.179886,7.941,0.027825,7.5,5.725
07/28/2019 09:09:00.000000,0.172703,7.90575,0.028375,10.660976,4.604878
07/28/2019 09:10:00.000000,0.172636,7.9,0.028375,0.007156,4.228571
07/28/2019 09:11:00.000000,0.172009,7.9115,0.027525,4.421951,4.287805
07/28/2019 09:12:00.000000,0.173853,7.895,0.02735,0.004521,3.697674
07/28/2019 09:13:00.000000,0.175884,7.905,0.028175,7.285714,4.028571
07/28/2019 09:14:00.000000,0.169472,7.9,0.027675,8.165116,4.702326
07/28/2019 09:15:00.000000,0.178144,7.9415,0.02715,0.009567,5.653659
07/28/2019 09:16:00.000000,0.196391,7.97475,0.02725,6.943182,5.127273
07/28/2019 09:17:00.000000,0.189186,7.943,0.027975,0.006025,4.309091
07/28/2019 09:18:00.000000,0.178826,7.84175,0.028275,5.2775,4.2
07/28/2019 09:19:00.000000,0.172166,7.7375,0.02785,0.00588,4.533333
07/28/2019 09:20:00.000000,0.172595,7.68175,0.027925,0.008074,5.437838
07/28/2019 09:21:00.000000,0.168222,7.63825,0.02866,0.007075,4.446154
07/28/2019 09:22:00.000000,0.175576,7.62675,0.02825,8.686667,5.173333
07/28/2019 09:23:00.000000,0.219033,7.60275,0.026867,0.01106,5.394286
07/28/2019 09:24:00.000000,0.203926,7.5775,0.02728,0.007229,4.335484
07/28/2019 09:25:00.000000,0.178451,7.43,0.029033,4.546154,4.384615
07/28/2019 09:26:00.000000,0.164938,7.36475,0.030275,0.005335,4.317949
07/28/2019 09:27:00.000000,0.155617,7.3145,0.029525,0.017095,6.558065
07/28/2019 09:28:00.000000,0.15874,7.287,0.02884,8.209091,4.618182
07/28/2019 09:29:00.000000,0.177808,7.118,0.030133,6.641935,3.725806
07/28/2019 09:30:00.000000,0.181809,6.8235,0.031425,9.631579,4.289474
07/28/2019 09:31:00.000000,0.158596,6.627,0.03055,6.97,4.235
07/28/2019 09:32:00.000000,0.156825,6.603,0.029475,0.009608,5.2725
07/28/2019 09:33:00.000000,0.169423,6.84375,0.028625,6.05,4.557143
07/28/2019 09:34:00.000000,0.181306,7.1755,0.027,0.004675,3.72
07/28/2019 09:35:00.000000,0.17837,7.215,0.027775,3.513158,3.515789
07/28/2019 09:36:00.000000,0.164826,7.217,0.029375,7.626829,3.585366
07/28/2019 09:37:00.000000,0.155377,7.45875,0.02865,0.004809,3.513043
07/28/2019 09:38:00.000000,0.16281,7.607,0.0284,0.006591,4.52
07/28/2019 09:39:00.000000,0.156758,7.678,0.029,5.327273,4.7
07/28/2019 09:40:00.000000,0.148371,7.614,0.0285,0.010628,4.7
07/28/2019 09:41:00.000000,0.160121,7.446,0.02815,5.656098,4.785366
07/28/2019 09:42:00.000000,0.163177,7.2135,0.0281,3.91,3.865
07/28/2019 09:43:00.000000,0.168398,7.29125,0.027625,6.109302,4.646512
07/28/2019 09:44:00.000000,0.178945,7.359,0.02715,3.842857,3.633333
07/28/2019 09:45:00.000000,0.178547,7.32425,0.0274,5.962791,4.174419
07/28/2019 09:46:00.000000,0.176754,7.4465,0.02745,0.004721,3.702439
07/28/2019 09:47:00.000000,0.175821,7.6095,0.027075,6.968182,4.861364
07/28/2019 09:48:00.000000,0.177483,7.7948,0.0263,0.018194,4.424444
07/28/2019 09:49:00.000000,0.178843,7.940333,0.02605,0.008485,4.127907
07/28/2019 09:50:00.000000,0.182205,8.10575,0.025875,17.3875,4.015
07/28/2019 09:51:00.000000,0.18454,8.31375,0.02545,0.011684,3.747368
07/28/2019 09:52:00.000000,0.173855,8.596,0.0251,9.471875,5.25
07/28/2019 09:53:00.000000,0.163491,8.9845,0.024175,0.006973,4.453846
07/28/2019 09:54:00.000000,0.166757,9.4775,0.022625,5.043902,3.787805
07/28/2019 09:55:00.000000,0.179602,9.94675,0.02225,5.086364,4.477273
07/28/2019 09:56:00.000000,0.193954,10.32125,0.023,5.583333,4.503333
07/28/2019 09:57:00.000000,0.188286,10.7045,0.023225,0.005245,3.722857
07/28/2019 09:58:00.000000,0.173538,10.95625,0.023375,3.8,3.7
07/28/2019 09:59:00.000000,0.171564,11.00925,0.02405,0.008423,4.308696
07/28/2019 10:00:00.000000,0.173837,10.965,0.024525,0.004577,3.595122
07/28/2019 10:01:00.000000,0.177545,10.70325,0.0254,0.004083,3.315789
07/28/2019 10:02:00.000000,0.050006,10.264,0.026325,0.009051,5.085
07/28/2019 10:03:00.000000,0.014199,9.85625,0.025625,7.0,4.295
07/28/2019 10:04:00.000000,-9999.0,9.60275,0.024825,9.973171,4.782927
07/28/2019 10:05:00.000000,-9999.0,9.36225,0.024775,6.1125,3.9375
07/28/2019 10:06:00.000000,-9999.0,9.196,0.0249,3.738095,3.542857
07/28/2019 10:07:00.000000,-9999.0,9.04675,0.025325,0.008053,4.614286
07/28/2019 10:08:00.000000,-9999.0,8.93025,0.0256,0.008958,4.369767
07/28/2019 10:09:00.000000,-9999.0,8.92675,0.025625,6.946512,4.386047
07/28/2019 10:10:00.000000,-9999.0,8.95375,0.0251,5.9375,4.145
07/28/2019 10:11:00.000000,-9999.0,8.92,0.025325,6.055,4.44
07/28/2019 10:12:00.000000,0.031428,8.82825,0.025175,0.015561,4.417949
07/28/2019 10:13:00.000000,0.117863,8.708,0.025225,0.005544,3.72973
07/28/2019 10:14:00.000000,0.167602,8.584,0.025425,6.858537,5.092683
07/28/2019 10:15:00.000000,0.174161,8.56875,0.025625,0.00506,3.937209
07/28/2019 10:16:00.000000,0.180622,8.628,0.02475,7.2,3.797143
07/28/2019 10:17:00.000000,0.187504,8.778,0.0234,4.786486,3.967568
07/28/2019 10:18:00.000000,0.192957,8.96575,0.022625,4.784848,4.387879
07/28/2019 10:19:00.000000,0.192732,9.14675,0.02205,0.007047,4.828571
07/28/2019 10:20:00.000000,0.187216,9.32925,0.022025,0.005115,4.138462
07/28/2019 10:21:00.000000,0.184967,9.546,0.0221,0.01436,4.194118
07/28/2019 10:22:00.000000,0.18815,10.02425,0.0203,0.010159,4.456098
07/28/2019 10:23:00.000000,0.195911,10.578,0.01975,9.3,4.233333
07/28/2019 10:24:00.000000,0.201933,10.788,0.021025,7.02439,4.946341
07/28/2019 10:25:00.000000,0.205237,10.77975,0.022575,8.705263,4.678947
07/28/2019 10:26:00.000000,0.192326,10.8335,0.022275,0.008279,4.258537
07/28/2019 10:27:00.000000,0.184364,10.87525,0.021975,6.2525,4.53
07/28/2019 10:28:00.000000,0.182411,10.93975,0.02155,3.885714,3.657143
07/28/2019 10:29:00.000000,0.176155,10.92425,0.0209,4.320513,4.215385
07/28/2019 10:30:00.000000,0.178097,10.61675,0.021175,8.5,4.823913
07/28/2019 10:31:00.000000,0.176286,10.2935,0.02135,6.307692,4.984615
07/28/2019 10:32:00.000000,0.177178,10.33575,0.020575,7.085714,4.666667
07/28/2019 10:33:00.000000,0.180644,10.37725,0.02155,7.731818,4.431818
07/28/2019 10:34:00.000000,0.177601,10.24275,0.02255,4.4,3.905
07/28/2019 10:35:00.000000,0.176652,10.146,0.0222,3.992857,3.992857
07/28/2019 10:36:00.000000,0.183016,10.04275,0.02205,0.006687,4.586486
07/28/2019 10:37:00.000000,0.206614,10.04325,0.021975,4.490476,4.271429
07/28/2019 10:38:00.000000,0.211612,9.98225,0.022375,6.690244,3.687805
07/28/2019 10:39:00.000000,0.193853,9.808,0.02255,5.631818,4.188636
07/28/2019 10:40:00.000000,0.177035,9.463,0.022775,0.004509,3.606667
07/28/2019 10:41:00.000000,0.174812,9.526,0.021825,6.513889,4.533333
07/28/2019 10:42:00.000000,0.176086,9.598,0.020775,5.061905,4.271429
07/28/2019 10:43:00.000000,0.178509,9.5255,0.021625,16.2,3.95
07/28/2019 10:44:00.000000,0.173189,9.37175,0.022433,0.010446,4.072727
07/28/2019 10:45:00.000000,0.171481,9.14475,0.0226,0.011175,6.215385
07/28/2019 10:46:00.000000,0.174253,9.0285,0.02225,6.31,5.07
07/28/2019 10:47:00.000000,0.182509,10.90475,0.0212,8.06087,4.017391
07/28/2019 10:48:00.000000,0.200598,10.86525,0.01935,5.742857,4.316667
07/28/2019 10:49:00.000000,0.20001,8.1915,0.022025,0.004832,3.897297
07/28/2019 10:50:00.000000,0.183355,7.91425,0.023675,0.006596,3.8
07/28/2019 10:51:00.000000,0.171111,7.9025,0.022975,5.587179,4.223077
07/28/2019 10:52:00.000000,0.171176,7.95475,0.02235,4.927273,3.879545
07/28/2019 10:53:00.000000,0.17271,7.97575,0.02295,3.710811,3.548649
07/28/2019 10:54:00.000000,0.170523,8.067,0.023675,3.588095,3.588095
07/28/2019 10:55:00.000000,0.168417,8.22025,0.0239,0.007487,4.152632
07/28/2019 10:56:00.000000,0.177076,8.319,0.023375,0.004376,3.453846
07/28/2019 10:57:00.000000,0.174627,8.32525,0.0243,5.946341,4.409756
07/28/2019 10:58:00.000000,0.167287,8.28725,0.0248,13.085714,3.571429
07/28/2019 10:59:00.000000,0.161125,8.22825,0.024925,0.004735,2.983333
07/28/2019 11:00:00.000000,0.163426,8.2185,0.0247,5.546341,4.060976
07/28/2019 11:01:00.000000,0.164392,8.2605,0.023325,3.875,3.62
07/28/2019 11:02:00.000000,0.169554,8.2,0.0234,0.003523,2.905
07/28/2019 11:03:00.000000,0.16411,8.07725,0.02405,0.008084,3.836364
07/28/2019 11:04:00.000000,0.161127,8.033,0.024225,0.00455,3.505
07/28/2019 11:05:00.000000,0.164621,8.066,0.024575,4.862791,3.830233
07/28/2019 11:06:00.000000,0.165231,8.18275,0.02395,0.006625,4.428571
07/28/2019 11:07:00.000000,0.16717,8.2975,0.02345,8.571429,5.785714
07/28/2019 11:08:00.000000,0.170076,8.33225,0.02405,9.526829,4.378049
07/28/2019 11:09:00.000000,0.171654,8.54675,0.0236,4.156098,3.502439
07/28/2019 11:10:00.000000,0.172103,9.02175,0.022125,0.004417,3.488095
07/28/2019 11:11:00.000000,0.174685,9.21525,0.023625,0.007601,3.417073
07/28/2019 11:12:00.000000,0.188244,9.49625,0.02465,0.011391,4.161538
07/28/2019 11:13:00.000000,0.205486,9.71425,0.023675,4.957143,3.633333
07/28/2019 11:14:00.000000,0.191595,9.80925,0.0239,0.005968,4.329268
07/28/2019 11:15:00.000000,0.172062,9.86475,0.023825,6.34,4.0625
07/28/2019 11:16:00.000000,0.165672,9.885,0.024125,3.680488,3.170732
07/28/2019 11:17:00.000000,0.162631,9.81025,0.02355,0.009696,4.195122
07/28/2019 11:18:00.000000,0.162854,9.5305,0.0237,8.816279,3.711628
07/28/2019 11:19:00.000000,0.165313,9.46075,0.02405,3.702381,3.085714
07/28/2019 11:20:00.000000,0.167437,9.2195,0.0248,0.004489,3.595
07/28/2019 11:21:00.000000,0.169449,9.0265,0.025975,3.1,3.1
07/28/2019 11:22:00.000000,0.170075,8.96,0.026475,2.914634,2.914634
07/28/2019 11:23:00.000000,0.169871,9.0115,0.025,0.005947,3.846512
07/28/2019 11:24:00.000000,0.179178,9.11275,0.02505,7.657143,4.75
07/28/2019 11:25:00.000000,0.178153,9.01975,0.026,0.004561,3.528571
07/28/2019 11:26:00.000000,0.170629,9.16325,0.0251,0.003616,2.96
07/28/2019 11:27:00.000000,0.185137,9.3625,0.02355,0.008772,4.239535
07/28/2019 11:28:00.000000,0.214141,9.5415,0.023775,0.004951,3.735
07/28/2019 11:29:00.000000,0.228053,9.645,0.024,,
07/28/2019 11:30:00.000000,0.213815,9.79075,0.0231,6.132353,3.582353
07/28/2019 11:31:00.000000,0.193318,9.7645,0.0233,0.005444,3.875676
07/28/2019 11:32:00.000000,0.17837,9.5845,0.025425,0.008464,3.128571
07/28/2019 11:33:00.000000,0.171616,9.422,0.0265,0.006153,3.644737
07/28/2019 11:34:00.000000,0.166428,9.03825,0.0251,0.004222,3.273171
07/28/2019 11:35:00.000000,0.159998,8.78,0.0247,0.007344,4.442857
07/28/2019 11:36:00.000000,0.159028,8.64175,0.024225,10.60625,5.35625
07/28/2019 11:37:00.000000,0.158634,8.517333,0.02445,5.426316,4.557895
07/28/2019 11:38:00.000000,0.157332,8.2835,0.024175,5.369048,3.885714
07/28/2019 11:39:00.000000,0.155585,8.147,0.024,0.010056,4.918605
07/28/2019 11:40:00.000000,0.155883,8.34625,0.024025,11.715,3.825
07/28/2019 11:41:00.000000,0.156467,8.45275,0.024325,5.947368,3.689474
07/28/2019 11:42:00.000000,0.152593,8.485,0.02485,0.004602,3.613953
07/28/2019 11:43:00.000000,0.150814,8.40725,0.025225,7.17,4.705
07/28/2019 11:44:00.000000,0.152752,8.30925,0.025025,0.004078,3.2
07/28/2019 11:45:00.000000,0.152082,8.303,0.0243,3.578125,3.578125
07/28/2019 11:46:00.000000,0.152467,8.276,0.024625,4.55,3.513636
07/28/2019 11:47:00.000000,0.145827,8.23475,0.025025,0.009296,3.925
07/28/2019 11:48:00.000000,0.143214,8.04025,0.0248,0.004982,3.7525
07/28/2019 11:49:00.000000,0.143679,7.943,0.02435,3.7,3.7
07/28/2019 11:50:00.000000,0.145179,7.957,0.024675,0.005916,4.289474
07/28/2019 11:51:00.000000,0.14496,8.029,0.025775,5.582927,3.717073
07/28/2019 11:52:00.000000,0.147141,8.10925,0.02595,0.007252,3.515
07/28/2019 11:53:00.000000,0.147454,8.14675,0.02565,0.004674,3.585
07/28/2019 11:54:00.000000,0.146553,8.18825,0.024975,4.564286,4.275
07/28/2019 11:55:00.000000,0.151422,8.30875,0.02485,0.008073,4.591176
07/28/2019 11:56:00.000000,0.150463,8.34975,0.0257,6.908571,4.794286
07/28/2019 11:57:00.000000,0.149466,8.406,0.026,4.275,3.525
07/28/2019 11:58:00.000000,0.149819,8.4525,0.02485,3.385714,3.3
07/28/2019 11:59:00.000000,0.15701,8.46175,0.0244,0.007344,3.816279
07/28/2019 12:00:00.000000,0.163217,8.36125,0.02495,0.008094,4.339024
07/28/2019 12:01:00.000000,0.163156,8.31675,0.025,0.006666,3.9875
07/28/2019 12:02:00.000000,0.15965,8.3515,0.02495,0.004684,3.473171
07/28/2019 12:03:00.000000,0.166818,8.53325,0.025125,2.809091,2.795455
07/28/2019 12:04:00.000000,0.179398,8.68125,0.024875,0.006512,3.560465
07/28/2019 12:05:00.000000,0.188851,8.992,0.023775,3.715789,3.447368
07/28/2019 12:06:00.000000,0.193258,9.354,0.0218,0.028842,12.878261
07/28/2019 12:07:00.000000,0.187177,9.71125,0.021375,6.834884,5.006977
07/28/2019 12:08:00.000000,0.186577,10.11075,0.021275,0.004006,3.242857
07/28/2019 12:09:00.000000,0.185392,10.44625,0.022175,0.010826,5.163415
07/28/2019 12:10:00.000000,0.179151,10.678,0.02225,0.009018,4.738462
07/28/2019 12:11:00.000000,0.171473,10.799,0.0223,6.51,4.213333
07/28/2019 12:12:00.000000,0.157276,11.21175,0.021867,5.1875,4.375
07/28/2019 12:13:00.000000,0.158285,11.42375,0.021375,0.006985,5.185106
07/28/2019 12:14:00.000000,0.163808,11.50975,0.0208,0.014544,6.068293
07/28/2019 12:15:00.000000,0.162136,11.625,0.02115,0.006882,3.971429
07/28/2019 12:16:00.000000,0.163681,11.849,0.021175,0.005567,3.771429
07/28/2019 12:17:00.000000,0.162604,12.07325,0.02105,7.321951,4.312195
07/28/2019 12:18:00.000000,0.175759,12.25875,0.020725,15.702326,4.902326
07/28/2019 12:19:00.000000,0.179371,12.312,0.0203,0.006882,3.605128
07/28/2019 12:20:00.000000,0.170942,12.17725,0.020475,14.572093,4.472093
07/28/2019 12:21:00.000000,0.162846,12.02225,0.021,9.516279,4.365116
07/28/2019 12:22:00.000000,0.163849,11.98025,0.02105,0.010148,4.812195
07/28/2019 12:23:00.000000,0.166336,12.0115,0.0208,6.657143,4.814286
07/28/2019 12:24:00.000000,0.170218,11.9715,0.0212,3.582927,3.34878
07/28/2019 12:25:00.000000,0.169107,12.022,0.020825,0.010894,4.35
07/28/2019 12:26:00.000000,0.172781,12.38975,0.018075,0.006052,4.002439
07/28/2019 12:27:00.000000,0.177476,12.67625,0.0172,4.165909,4.165909
07/28/2019 12:28:00.000000,0.180153,12.8955,0.01845,0.00476,3.771429
07/28/2019 12:29:00.000000,0.178439,13.03575,0.0195,0.010935,6.297297
07/28/2019 12:30:00.000000,0.178241,13.1665,0.019375,0.009602,4.569697
07/28/2019 12:31:00.000000,0.179721,13.447,0.01795,0.008648,4.306452
07/28/2019 12:32:00.000000,0.183862,13.7315,0.01725,7.256098,5.068293
07/28/2019 12:33:00.000000,0.193306,13.89625,0.0172,18.047619,4.671429
07/28/2019 12:34:00.000000,0.195398,13.855,0.016975,0.015079,5.266667
07/28/2019 12:35:00.000000,0.207805,13.9575,0.01696,6.461538,4.661538
07/28/2019 12:36:00.000000,0.208078,14.24025,0.0175,0.011309,3.821053
07/28/2019 12:37:00.000000,0.203612,14.535333,0.017225,4.565714,3.468571
07/28/2019 12:38:00.000000,0.27039,14.916,0.0162,0.006132,4.366667
07/28/2019 12:39:00.000000,0.412307,15.24025,0.014525,0.006574,4.063636
07/28/2019 12:40:00.000000,0.524535,15.89475,0.014125,0.005614,4.338462
07/28/2019 12:41:00.000000,0.39912,16.66975,0.01535,9.9,5.066667
07/28/2019 12:42:00.000000,0.303514,16.887,0.0162,0.009154,5.456098
07/28/2019 12:43:00.000000,0.260897,16.814,0.016775,0.008475,5.669231
07/28/2019 12:44:00.000000,0.216416,16.68425,0.017225,3.816667,3.642857
07/28/2019 12:45:00.000000,0.199342,13.9235,0.01705,0.008373,3.978788
07/28/2019 12:46:00.000000,0.218025,17.223,0.0151,4.288095,3.828571
07/28/2019 12:47:00.000000,0.325062,12.48575,0.016575,0.015322,4.31
07/28/2019 12:48:00.000000,0.26383,12.78475,0.0173,4.842857,3.483333
07/28/2019 12:49:00.000000,0.213351,13.3345,0.017325,5.231707,4.32439
07/28/2019 12:50:00.000000,0.210678,13.31725,0.017175,0.022094,4.248837
07/28/2019 12:51:00.000000,0.210555,13.4885,0.0166,0.013381,4.03
07/28/2019 12:52:00.000000,0.207552,13.66075,0.016075,19.090909,4.95
07/28/2019 12:53:00.000000,0.216604,13.91075,0.015875,5.759091,3.670455
07/28/2019 12:54:00.000000,0.243862,14.11825,0.016575,7.410256,4.184615
07/28/2019 12:55:00.000000,0.237443,14.29325,0.016825,0.011281,4.3
07/28/2019 12:56:00.000000,0.244475,14.61475,0.016475,0.013105,4.880488
07/28/2019 12:57:00.000000,0.355634,14.9725,0.0156,0.012277,5.768293
07/28/2019 12:58:00.000000,0.48177,18.7885,0.013475,0.019089,4.87561
07/28/2019 12:59:00.000000,0.371559,23.96625,0.0111,0.009013,4.865854
07/28/2019 13:00:00.000000,0.311729,23.07575,0.01035,0.020606,5.816667
07/28/2019 13:01:00.000000,0.393861,17.206,0.0126,0.020492,5.709375
07/28/2019 13:02:00.000000,0.33793,17.415,0.0134,17.290698,4.667442
07/28/2019 13:03:00.000000,0.290827,17.60325,0.012375,8.280488,5.097561
07/28/2019 13:04:00.000000,0.259605,17.547,0.012975,0.009816,4.022727
07/28/2019 13:05:00.000000,0.219612,17.52075,0.013,0.026431,4.145455
07/28/2019 13:06:00.000000,0.214507,17.61425,0.012525,11.825,5.305
07/28/2019 13:07:00.000000,0.231537,17.6085,0.0132,0.0088,4.821739
07/28/2019 13:08:00.000000,0.230192,17.7095,0.0129,0.009598,5.04
07/28/2019 13:09:00.000000,0.24287,17.80525,0.0126,0.007318,4.5
07/28/2019 13:10:00.000000,0.307541,19.161,0.01245,0.011962,6.293023
07/28/2019 13:11:00.000000,0.375357,18.5825,0.012325,0.013454,6.355263
07/28/2019 13:12:00.000000,0.316589,18.301,0.012775,5.35122,4.678049
07/28/2019 13:13:00.000000,0.295465,19.72125,0.012025,14.362791,6.15814
07/28/2019 13:14:00.000000,0.284294,19.74925,0.01235,12.458537,6.168293
07/28/2019 13:15:00.000000,0.289176,19.55775,0.013225,0.0173,4.64878
07/28/2019 13:16:00.000000,0.30193,19.31375,0.0142,5.415789,4.147368
07/28/2019 13:17:00.000000,0.344841,19.043,0.014,7.67,4.95
07/28/2019 13:18:00.000000,0.343362,18.75425,0.014125,6.27381,4.757143
07/28/2019 13:19:00.000000,0.295442,18.51925,0.01455,5.027907,4.786047
07/28/2019 13:20:00.000000,0.315269,18.3055,0.013875,0.009845,5.131707
07/28/2019 13:21:00.000000,0.326761,19.402,0.011575,12.590244,6.821951
07/28/2019 13:22:00.000000,0.297796,20.473,0.0112,0.015486,6.845
07/28/2019 13:23:00.000000,0.304415,20.9615,0.011575,0.013354,6.287805
07/28/2019 13:24:00.000000,0.3646,23.7145,0.01095,0.007671,4.744118
07/28/2019 13:25:00.000000,0.366452,19.8685,0.011575,6.545714,5.768571
07/28/2019 13:26:00.000000,0.361332,19.20425,0.0124,0.006622,4.925714
07/28/2019 13:27:00.000000,0.36099,20.40575,0.012525,0.00936,4.802941
07/28/2019 13:28:00.000000,0.427918,21.18175,0.0114,19.013158,6.357895
07/28/2019 13:29:00.000000,0.671846,19.158,0.012975,0.020813,5.497436
07/28/2019 13:30:00.000000,0.678358,21.1245,0.012525,0.026908,6.056818
07/28/2019 13:31:00.000000,0.494302,20.792,0.01155,0.010728,5.52
07/28/2019 13:32:00.000000,0.366386,20.50425,0.012325,0.009774,6.321622
07/28/2019 13:33:00.000000,0.362986,20.35,0.012725,0.014159,5.65
07/28/2019 13:34:00.000000,0.375949,20.2125,0.013325,21.511429,6.568571
07/28/2019 13:35:00.000000,0.370113,20.1085,0.013525,0.011837,5.657143
07/28/2019 13:36:00.000000,0.366614,20.0975,0.0133,7.204878,5.74878
07/28/2019 13:37:00.000000,0.360931,20.12675,0.013,0.013154,7.725
07/28/2019 13:38:00.000000,0.343489,20.261,0.0132,17.415385,5.948718
07/28/2019 13:39:00.000000,0.315837,20.524,0.013375,11.933333,6.453333
07/28/2019 13:40:00.000000,0.306972,21.05325,0.01225,0.010399,6.348837
07/28/2019 13:41:00.000000,0.321393,23.787,0.011675,0.017737,6.385714
07/28/2019 13:42:00.000000,0.361334,25.49275,0.0121,12.77381,6.914286
07/28/2019 13:43:00.000000,0.352547,24.5825,0.0122,21.669565,7.16087
07/28/2019 13:44:00.000000,0.334632,24.998,0.011875,0.02154,9.006977
07/28/2019 13:45:00.000000,0.366026,24.8275,0.01255,34.397436,11.161538
07/28/2019 13:46:00.000000,0.401846,23.2665,0.0131,31.280488,6.54878
07/28/2019 13:47:00.000000,0.3825,23.72,0.0132,39.214286,7.242857
07/28/2019 13:48:00.000000,0.367775,23.4095,0.013625,14.197674,5.434884
07/28/2019 13:49:00.000000,0.351925,23.50725,0.014075,0.026784,6.906977
07/28/2019 13:50:00.000000,0.330498,23.694,0.01445,0.020197,6.514286
07/28/2019 13:51:00.000000,0.316703,23.65425,0.016375,0.015244,5.460976
07/28/2019 13:52:00.000000,0.291313,23.57,0.0164,0.033901,6.061538
07/28/2019 13:53:00.000000,0.292372,23.4465,0.0148,0.042853,10.4
07/28/2019 13:54:00.000000,0.337131,23.4335,0.0136,23.355814,8.337209
07/28/2019 13:55:00.000000,0.381721,23.3305,0.013,12.309302,6.07907
07/28/2019 13:56:00.000000,0.430278,23.3945,0.012925,19.515,7.6975
07/28/2019 13:57:00.000000,0.472543,26.3195,0.013475,17.325,6.7
07/28/2019 13:58:00.000000,0.426565,23.42625,0.01445,14.7,6.755
07/28/2019 13:59:00.000000,0.401431,21.98275,0.01505,0.01508,6.136585
07/28/2019 14:00:00.000000,0.365104,21.45025,0.0163,0.010898,4.971429
07/28/2019 14:01:00.000000,0.326872,21.54825,0.01785,10.595122,5.397561
07/28/2019 14:02:00.000000,0.314031,21.678,0.0177,0.015705,5.933333
07/28/2019 14:03:00.000000,0.366033,21.75,0.0171,11.827907,6.774419
07/28/2019 14:04:00.000000,0.428563,21.35275,0.0189,6.642857,4.585714
07/28/2019 14:05:00.000000,0.374793,20.14125,0.0213,0.010982,3.942857
07/28/2019 14:06:00.000000,0.302091,16.375,0.02295,9.3,3.471429
07/28/2019 14:07:00.000000,0.283256,15.16425,0.024675,3.915789,3.147368
07/28/2019 14:08:00.000000,0.290955,17.00875,0.0257,6.535714,4.214286
07/28/2019 14:09:00.000000,0.267029,15.129,0.027075,0.008,3.625581
07/28/2019 14:10:00.000000,0.236777,15.23075,0.0273,5.86,3.755
07/28/2019 14:11:00.000000,0.306338,22.2175,0.02525,4.530769,4.138462
07/28/2019 14:12:00.000000,0.333583,20.45125,0.023475,4.9,4.2
07/28/2019 14:13:00.000000,0.293932,15.82725,0.02585,5.341463,4.114634
07/28/2019 14:14:00.000000,0.268792,14.70775,0.02715,0.010848,4.612195
07/28/2019 14:15:00.000000,0.234777,14.5135,0.028025,0.008704,4.2
07/28/2019 14:16:00.000000,0.233489,14.41775,0.029325,0.005896,3.502439
07/28/2019 14:17:00.000000,0.235225,14.3305,0.029575,0.006093,3.655
07/28/2019 14:18:00.000000,0.214465,14.348,0.02925,3.495122,3.358537
07/28/2019 14:19:00.000000,0.238006,14.22975,0.030325,4.315385,3.469231
07/28/2019 14:20:00.000000,0.223299,14.035,0.031125,8.373684,3.668421
07/28/2019 14:21:00.000000,0.236526,13.802,0.0311,0.005635,3.527907
07/28/2019 14:22:00.000000,0.23317,12.88075,0.0316,0.010275,3.5
07/28/2019 14:23:00.000000,0.315226,16.32275,0.02765,0.008271,4.268293
07/28/2019 14:24:00.000000,0.579735,20.2515,0.023875,8.107317,3.034146
07/28/2019 14:25:00.000000,0.348459,15.081,0.02685,3.257143,2.457143
07/28/2019 14:26:00.000000,0.254064,17.5435,0.0271,0.017267,3.753846
07/28/2019 14:27:00.000000,0.308927,17.86875,0.02445,0.010988,3.238462
07/28/2019 14:28:00.000000,0.280303,19.499,0.024025,8.22439,3.782927
07/28/2019 14:29:00.000000,0.306029,15.99775,0.026625,0.021855,6.385714
07/28/2019 14:30:00.000000,0.357911,15.337,0.0288,0.021006,5.263415
07/28/2019 14:31:00.000000,0.357016,16.4905,0.028375,8.0,4.184211
07/28/2019 14:32:00.000000,0.260668,16.1535,0.029575,0.008186,4.846154
07/28/2019 14:33:00.000000,0.292968,16.18025,0.0293,0.004976,3.526667
07/28/2019 14:34:00.000000,0.283315,15.82,0.029825,0.007422,3.47
07/28/2019 14:35:00.000000,0.23241,15.59975,0.030975,3.913953,3.413953
07/28/2019 14:36:00.000000,0.23618,15.354,0.0312,0.007783,4.862791
07/28/2019 14:37:00.000000,0.207372,15.0055,0.031825,0.004381,3.145
07/28/2019 14:38:00.000000,0.18397,14.689,0.031325,2.887805,2.8
07/28/2019 14:39:00.000000,0.200194,14.5265,0.03005,12.928571,2.8
07/28/2019 14:40:00.000000,0.238614,14.6025,0.02935,0.007261,3.633333
07/28/2019 14:41:00.000000,0.310312,14.4625,0.029975,0.012861,3.630769
07/28/2019 14:42:00.000000,0.343202,14.69275,0.030775,0.012414,3.681395
07/28/2019 14:43:00.000000,0.336905,20.07075,0.0264,0.010732,3.528571
07/28/2019 14:44:00.000000,0.444874,31.4525,0.02575,0.009305,4.515385
07/28/2019 14:45:00.000000,0.335606,15.09225,0.03095,0.005451,3.77907
07/28/2019 14:46:00.000000,0.194026,16.8525,0.0305,0.004519,3.429268
07/28/2019 14:47:00.000000,0.182447,17.05675,0.02875,3.161538,3.153846
07/28/2019 14:48:00.000000,0.211893,16.56575,0.029525,0.019316,3.75641
07/28/2019 14:49:00.000000,0.219392,16.4775,0.03025,0.018655,3.128571
07/28/2019 14:50:00.000000,0.195127,16.14525,0.031025,0.010447,4.365854
07/28/2019 14:51:00.000000,0.18075,15.31275,0.034,3.354286,2.942857
07/28/2019 14:52:00.000000,0.157755,14.6235,0.035825,0.012387,2.84878
07/28/2019 14:53:00.000000,0.151615,14.23175,0.03485,7.856098,4.35122
07/28/2019 14:54:00.000000,0.169776,13.86975,0.03345,0.006575,3.3
07/28/2019 14:55:00.000000,0.194766,13.32125,0.03355,5.1375,3.185
07/28/2019 14:56:00.000000,0.206045,13.01925,0.033675,5.2,3.46
07/28/2019 14:57:00.000000,0.287063,12.6815,0.0339,0.004312,2.983721
07/28/2019 14:58:00.000000,0.229135,12.4195,0.035175,2.478947,2.378947
07/28/2019 14:59:00.000000,0.177568,12.57275,0.0361,2.825532,2.797872
07/28/2019 15:00:00.000000,0.175091,12.70725,0.0356,10.5125,4.005
07/28/2019 15:01:00.000000,0.264097,12.79075,0.033225,0.00622,3.54
07/28/2019 15:02:00.000000,0.241371,12.96175,0.0315,0.006957,3.4
07/28/2019 15:03:00.000000,0.203509,13.3675,0.031775,3.915789,3.147368
07/28/2019 15:04:00.000000,0.20201,15.28925,0.030325,4.290909,3.272727
07/28/2019 15:05:00.000000,0.21907,23.79625,0.0276,0.004696,3.470732
07/28/2019 15:06:00.000000,0.222833,14.604,0.027925,9.1125,5.5125
07/28/2019 15:07:00.000000,0.220198,8.4835,0.0341,0.011858,4.716667
07/28/2019 15:08:00.000000,0.181418,8.533,0.037675,7.463158,2.984211
07/28/2019 15:09:00.000000,0.149622,8.55875,0.03775,5.35814,2.951163
07/28/2019 15:10:00.000000,0.147897,8.634,0.037475,0.004995,3.604545
07/28/2019 15:11:00.000000,0.168898,10.879,0.0368,3.285714,2.842857
07/28/2019 15:12:00.000000,0.218584,8.406,0.038425,2.325,2.2625
07/28/2019 15:13:00.000000,0.299688,7.4595,0.0394,7.640909,4.1
07/28/2019 15:14:00.000000,0.300255,7.20825,0.0389,12.286047,3.023256
07/28/2019 15:15:00.000000,0.202422,7.25325,0.038525,0.007952,2.463158
07/28/2019 15:16:00.000000,0.177667,7.29225,0.039175,0.003066,2.142857
07/28/2019 15:17:00.000000,0.167164,7.0835,0.041075,1.927907,1.927907
07/28/2019 15:18:00.000000,0.213601,6.78775,0.04255,0.00514,3.009756
07/28/2019 15:19:00.000000,0.209514,6.394,0.04395,2.261905,2.171429
07/28/2019 15:20:00.000000,0.172528,5.946,0.044175,1.916667,1.916667
07/28/2019 15:21:00.000000,0.15922,5.32225,0.044825,0.002786,2.156098
07/28/2019 15:22:00.000000,0.140188,4.71975,0.0454,0.007631,3.112195
07/28/2019 15:23:00.000000,0.145169,3.95675,0.045475,0.003021,2.185714
07/28/2019 15:24:00.000000,0.143566,3.46175,0.0457,0.002917,2.252632
07/28/2019 15:25:00.000000,0.143335,3.43175,0.044275,0.002714,2.129268
07/28/2019 15:26:00.000000,0.169693,6.557,0.0435,5.614286,3.9
07/28/2019 15:27:00.000000,0.188952,13.40075,0.042125,0.00654,2.8875
07/28/2019 15:28:00.000000,0.172199,7.99825,0.041575,0.005942,2.613953
07/28/2019 15:29:00.000000,0.16265,12.0145,0.039925,3.742857,2.517143
07/28/2019 15:30:00.000000,0.198797,7.948,0.038325,0.004387,2.584783
07/28/2019 15:31:00.000000,0.277894,12.2955,0.038875,2.723077,2.515385
07/28/2019 15:32:00.000000,0.242129,11.70525,0.03905,6.586667,2.331111
07/28/2019 15:33:00.000000,0.189316,10.78675,0.04175,0.010422,3.75122
07/28/2019 15:34:00.000000,0.165682,9.963,0.042325,5.016279,2.744186
07/28/2019 15:35:00.000000,0.18493,9.021,0.041875,2.155263,1.910526
07/28/2019 15:36:00.000000,0.186518,8.04475,0.04338,0.003964,2.711429
07/28/2019 15:37:00.000000,0.165704,7.0035,0.043933,0.009149,5.056098
07/28/2019 15:38:00.000000,0.162395,6.35775,0.043375,0.004585,3.130769
07/28/2019 15:39:00.000000,0.151716,5.4605,0.0435,0.003471,2.614286
07/28/2019 15:40:00.000000,0.156382,5.108,0.044225,3.533333,3.1
07/28/2019 15:41:00.000000,0.142239,4.9,0.04556,2.825,2.422222
07/28/2019 15:42:00.000000,0.133222,4.6185,0.046167,3.966667,2.65
07/28/2019 15:43:00.000000,0.143269,4.48625,0.0461,4.027273,2.959091
07/28/2019 15:44:00.000000,0.147931,4.32,0.0462,17.953333,3.953333
07/28/2019 15:45:00.000000,0.131274,4.21,0.04625,0.007692,2.655
07/28/2019 15:46:00.000000,0.175105,4.02425,0.0458,0.015234,2.145
07/28/2019 15:47:00.000000,0.276657,4.0105,0.044925,0.007928,2.357143
07/28/2019 15:48:00.000000,0.234263,4.06625,0.04545,2.585714,2.142857
07/28/2019 15:49:00.000000,0.195189,4.23875,0.04605,,
07/28/2019 15:50:00.000000,0.210355,4.31925,0.046775,2.430769,2.046154
07/28/2019 15:51:00.000000,0.220037,4.3665,0.046675,3.421951,2.653659
07/28/2019 15:52:00.000000,0.174351,4.46275,0.046675,2.125,2.035
07/28/2019 15:53:00.000000,0.144486,4.44975,0.047125,5.1375,2.58
07/28/2019 15:54:00.000000,0.142913,4.29925,0.047075,0.005072,2.956098
07/28/2019 15:55:00.000000,0.16526,4.199,0.047225,3.971429,2.914286
07/28/2019 15:56:00.000000,0.300198,4.079,0.0469,0.003484,2.65
07/28/2019 15:57:00.000000,0.386807,4.189,0.04435,2.761905,2.761905
07/28/2019 15:58:00.000000,0.535513,4.53275,0.04255,0.003473,2.714634
07/28/2019 15:59:00.000000,0.344114,4.5165,0.04585,5.614286,3.642857
07/28/2019 16:00:00.000000,0.185312,4.61475,0.04685,0.00265,2.007317
07/28/2019 16:01:00.000000,0.209365,5.6135,0.045425,0.015699,2.4425
07/28/2019 16:02:00.000000,0.06173,7.43075,0.04535,5.5,2.26
07/28/2019 16:03:00.000000,0.03272,5.956,0.04695,12.592857,2.285714
07/28/2019 16:04:00.000000,0.010445,4.36325,0.047525,5.327907,2.551163
07/28/2019 16:05:00.000000,0.007741,5.0415,0.04725,0.008624,2.854545
07/28/2019 16:06:00.000000,0.01062,5.53375,0.04756,13.186667,3.576667
07/28/2019 16:07:00.000000,0.010169,7.7475,0.047,7.571429,3.685714
07/28/2019 16:08:00.000000,0.007927,6.0675,0.0465,0.003056,2.242857
07/28/2019 16:09:00.000000,0.005434,,,,
07/28/2019 16:10:00.000000,0.004351,3.69975,0.048825,5.453333,3.2
07/28/2019 16:11:00.000000,0.009296,3.625,0.049475,0.002878,2.143243
07/28/2019 16:12:00.000000,0.033119,3.8155,0.0493,6.202326,2.737209
07/28/2019 16:13:00.000000,0.127163,7.26325,0.047575,14.169231,2.551282
07/28/2019 16:14:00.000000,0.177326,3.886,0.04855,4.756098,2.831707
07/28/2019 16:15:00.000000,0.143895,5.24925,0.050375,0.003621,2.813333
07/28/2019 16:16:00.000000,0.169637,5.84625,0.048275,16.055814,3.230233
07/28/2019 16:17:00.000000,0.209976,3.5875,0.04955,0.010038,2.206818
07/28/2019 16:18:00.000000,0.147609,3.962,0.050625,5.88,2.425
07/28/2019 16:19:00.000000,0.136034,3.556,0.050625,0.016874,2.669231
07/28/2019 16:20:00.000000,0.131361,3.18975,0.050575,5.959524,2.442857
07/28/2019 16:21:00.000000,0.144895,5.7405,0.0483,4.814634,2.826829
07/28/2019 16:22:00.000000,0.194342,3.9305,0.049,0.004999,2.728571
07/28/2019 16:23:00.000000,0.178571,3.444,0.0513,0.010332,2.947059
07/28/2019 16:24:00.000000,0.140135,3.50025,0.051,0.003265,2.179487
07/28/2019 16:25:00.000000,0.1294,3.54525,0.049925,0.006011,3.290698
07/28/2019 16:26:00.000000,0.135683,3.5375,0.05068,2.281818,2.142424
07/28/2019 16:27:00.000000,0.136908,3.68225,0.051133,0.002721,2.1
07/28/2019 16:28:00.000000,0.160277,3.9935,0.049625,2.1,2.1
07/28/2019 16:29:00.000000,0.160619,4.213,0.048825,0.003424,2.614286
07/28/2019 16:30:00.000000,0.171662,4.31975,0.049475,8.67561,5.687805
07/28/2019 16:31:00.000000,0.219555,4.59625,0.048875,0.010282,2.918182
07/28/2019 16:32:00.000000,0.225698,4.989667,0.048575,0.003445,2.234146
07/28/2019 16:33:00.000000,0.220294,5.06425,0.05105,0.005922,2.541463
07/28/2019 16:34:00.000000,0.20786,5.229,0.050925,0.005735,3.04186
07/28/2019 16:35:00.000000,0.21007,5.24775,0.0505,0.007827,2.76087
07/28/2019 16:36:00.000000,0.189734,5.05175,0.05145,14.915385,3.038462
07/28/2019 16:37:00.000000,0.214454,4.80025,0.052625,7.195122,2.587805
07/28/2019 16:38:00.000000,0.178256,4.7215,0.053025,0.003924,2.7475
07/28/2019 16:39:00.000000,0.161907,4.776,0.0524,2.210526,2.126316
07/28/2019 16:40:00.000000,0.225458,4.6205,0.051375,6.433333,4.311111
07/28/2019 16:41:00.000000,0.25392,4.8135,0.04975,0.004506,3.04
07/28/2019 16:42:00.000000,0.248223,4.852,0.049767,0.003191,2.383333
07/28/2019 16:43:00.000000,0.243467,4.71025,0.05185,4.114286,3.242857
07/28/2019 16:44:00.000000,0.169769,4.6075,0.0531,2.342857,2.233333
07/28/2019 16:45:00.000000,0.132419,4.6165,0.052625,0.002943,2.171429
07/28/2019 16:46:00.000000,0.139194,4.562,0.0522,1.868182,1.854545
07/28/2019 16:47:00.000000,0.147574,4.209,0.05365,0.007528,2.657143
07/28/2019 16:48:00.000000,0.142269,3.872,0.054075,0.003151,2.195455
07/28/2019 16:49:00.000000,0.146416,3.67725,0.0527,14.656098,3.55122
07/28/2019 16:50:00.000000,0.178026,4.01575,0.050725,0.011108,3.369767
07/28/2019 16:51:00.000000,0.345182,4.619,0.049625,2.842857,2.185714
07/28/2019 16:52:00.000000,0.428455,4.95875,0.0493,7.8625,2.935
07/28/2019 16:53:00.000000,0.269967,4.938,0.051525,3.1725,2.1925
07/28/2019 16:54:00.000000,0.172113,4.8955,0.05275,2.170732,2.170732
07/28/2019 16:55:00.000000,0.14873,4.88275,0.052575,0.006277,3.033333
07/28/2019 16:56:00.000000,0.149112,4.855,0.052225,2.862791,2.613953
07/28/2019 16:57:00.000000,0.159634,5.0595,0.0513,0.010336,2.844186
07/28/2019 16:58:00.000000,0.196756,4.82575,0.0502,0.003761,2.383721
07/28/2019 16:59:00.000000,0.24939,4.85225,0.050175,0.008322,3.046341
07/28/2019 17:00:00.000000,0.311585,4.7555,0.051625,0.003579,2.514286
07/28/2019 17:01:00.000000,0.214373,4.78475,0.053025,2.828571,2.742857
07/28/2019 17:02:00.000000,0.186553,4.8635,0.0531,0.005254,2.629268
07/28/2019 17:03:00.000000,0.181199,4.87725,0.054225,3.683333,3.028571
07/28/2019 17:04:00.000000,0.140289,4.82,0.0559,0.019271,3.015
07/28/2019 17:05:00.000000,0.121789,4.43975,0.056625,16.771429,4.028571
07/28/2019 17:06:00.000000,0.123194,4.23475,0.05465,4.366667,2.828571
07/28/2019 17:07:00.000000,0.148389,3.5655,0.0542,0.005414,3.195
07/28/2019 17:08:00.000000,0.133918,3.57725,0.054475,0.006552,2.689744
07/28/2019 17:09:00.000000,0.149293,3.97625,0.05215,0.006159,2.684615
07/28/2019 17:10:00.000000,0.187944,4.241,0.05235,0.002939,1.97027
07/28/2019 17:11:00.000000,0.1825,3.52425,0.054825,0.002743,2.138462
07/28/2019 17:12:00.000000,0.14359,14.76675,0.0485,0.006899,3.309756
07/28/2019 17:13:00.000000,0.166537,10.682,0.04385,0.003964,2.653846
07/28/2019 17:14:00.000000,0.18336,7.23475,0.04935,0.002678,2.085366
07/28/2019 17:15:00.000000,0.199661,5.434,0.05135,0.003535,2.682927
07/28/2019 17:16:00.000000,0.204657,4.79975,0.0531,2.985366,2.629268
07/28/2019 17:17:00.000000,0.221728,4.70575,0.05465,0.002997,2.261538
07/28/2019 17:18:00.000000,0.296224,4.65975,0.05485,11.24878,3.195122
07/28/2019 17:19:00.000000,0.347453,4.51525,0.05565,0.008089,3.642857
07/28/2019 17:20:00.000000,0.226824,4.40825,0.05605,3.517949,2.938462
07/28/2019 17:21:00.000000,0.202949,4.32825,0.055,0.00872,3.485714
07/28/2019 17:22:00.000000,0.187572,4.189,0.055225,3.0375,2.58
07/28/2019 17:23:00.000000,0.169779,3.95075,0.056875,1.975,1.975
07/28/2019 17:24:00.000000,0.158544,3.743,0.057475,2.155,2.1475
07/28/2019 17:25:00.000000,0.137374,3.581667,0.057,2.618919,2.618919
07/28/2019 17:26:00.000000,0.123674,3.56575,0.055575,0.006134,3.878947
07/28/2019 17:27:00.000000,0.181707,3.7305,0.05445,0.012332,4.1
07/28/2019 17:28:00.000000,0.237554,3.618,0.054725,0.008336,2.9
07/28/2019 17:29:00.000000,0.177911,3.49325,0.055775,0.003783,2.446667
07/28/2019 17:30:00.000000,0.144055,3.32975,0.05745,4.0,3.073684
07/28/2019 17:31:00.000000,0.128369,3.317,0.056975,9.351429,2.714286
07/28/2019 17:32:00.000000,0.135866,3.41375,0.056,0.005544,2.60625
07/28/2019 17:33:00.000000,0.178188,6.975,0.05395,6.582857,3.377143
07/28/2019 17:34:00.000000,0.194534,3.402,0.05425,0.017676,2.902857
07/28/2019 17:35:00.000000,0.161076,4.21675,0.055275,0.01932,3.185714
07/28/2019 17:36:00.000000,0.186561,6.57325,0.05625,3.987805,2.260976
07/28/2019 17:37:00.000000,0.167038,6.3895,0.055433,2.188095,2.185714
07/28/2019 17:38:00.000000,0.149506,6.18075,0.05492,7.590698,2.544186
07/28/2019 17:39:00.000000,0.141946,5.80675,0.056767,0.024353,2.6
07/28/2019 17:40:00.000000,0.143223,5.397,0.05715,0.017676,3.453659
07/28/2019 17:41:00.000000,0.151469,5.0375,0.057025,0.018809,2.995455
07/28/2019 17:42:00.000000,0.156075,4.70575,0.056225,0.009556,3.151351
07/28/2019 17:43:00.000000,0.189542,4.53575,0.05535,0.017763,3.2
07/28/2019 17:44:00.000000,0.253297,4.389,0.055325,0.006299,2.855814
07/28/2019 17:45:00.000000,0.251614,4.0475,0.056,0.007251,3.804651
07/28/2019 17:46:00.000000,0.142201,3.76375,0.0562,2.764286,2.542857
07/28/2019 17:47:00.000000,0.120287,3.625,0.05688,0.004891,3.077778
07/28/2019 17:48:00.000000,0.132218,3.68725,0.057567,0.003608,2.585714
07/28/2019 17:49:00.000000,0.162153,3.66175,0.057225,0.018581,3.536364
07/28/2019 17:50:00.000000,0.177131,3.6925,0.05645,0.010697,3.7
07/28/2019 17:51:00.000000,0.186516,3.79825,0.055175,4.992308,3.192308
07/28/2019 17:52:00.000000,0.202375,3.9945,0.0551,0.003807,2.659524
07/28/2019 17:53:00.000000,0.184156,5.07275,0.05465,0.006366,4.228571
07/28/2019 17:54:00.000000,0.251331,9.76475,0.0528,0.00342,2.75
07/28/2019 17:55:00.000000,0.287451,3.7215,0.054125,11.228571,3.0
07/28/2019 17:56:00.000000,0.176033,5.31825,0.0563,0.005957,3.015
07/28/2019 17:57:00.000000,0.208131,6.63875,0.054675,9.342857,2.828571
07/28/2019 17:58:00.000000,0.271391,3.31625,0.05195,14.79,3.9375
07/28/2019 17:59:00.000000,0.303229,5.729,0.0569,6.695122,4.1
07/28/2019 18:00:00.000000,0.218857,4.36875,0.056875,0.006143,3.242857
07/28/2019 18:01:00.000000,0.151731,4.344,0.055725,6.185714,2.92381
07/28/2019 18:02:00.000000,0.143886,4.4825,0.05495,8.2375,2.9
07/28/2019 18:03:00.000000,0.172031,11.12275,0.0482,0.047218,2.642857
07/28/2019 18:04:00.000000,0.262542,4.42375,0.0562,0.010586,2.855
07/28/2019 18:05:00.000000,0.226441,3.44025,0.05785,0.003396,2.476923
07/28/2019 18:06:00.000000,0.156966,2.432,0.058575,0.007137,3.595122
07/28/2019 18:07:00.000000,0.129094,2.2245,0.0579,0.003234,2.428571
07/28/2019 18:08:00.000000,0.120035,2.3115,0.057675,0.007352,2.286364
07/28/2019 18:09:00.000000,0.121005,2.4645,0.057625,2.4,1.883333
07/28/2019 18:10:00.000000,0.119334,2.6025,0.058075,7.8,3.466667
07/28/2019 18:11:00.000000,0.119515,2.74025,0.058275,2.588235,2.294118
07/28/2019 18:12:00.000000,0.130263,2.98025,0.057325,0.008085,4.270588
07/28/2019 18:13:00.000000,0.182244,3.31,0.055425,3.434375,2.65625
07/28/2019 18:14:00.000000,0.417539,3.6385,0.053675,0.002968,2.261538
07/28/2019 18:15:00.000000,0.366564,3.9455,0.05255,0.007361,2.961538
07/28/2019 18:16:00.000000,0.265086,4.041,0.054425,0.00408,2.229032
07/28/2019 18:17:00.000000,0.179477,3.96075,0.056575,0.003091,2.372093
07/28/2019 18:18:00.000000,0.146488,3.967,0.056,0.006441,2.313636
07/28/2019 18:19:00.000000,0.162164,3.973,0.056,0.025883,2.3
07/28/2019 18:20:00.000000,0.146355,3.7685,0.055525,5.065,2.215
07/28/2019 18:21:00.000000,0.122234,3.63575,0.0555,0.00285,2.2
07/28/2019 18:22:00.000000,0.125301,3.49475,0.05575,0.002612,2.029268
07/28/2019 18:23:00.000000,0.127929,3.23,0.056725,2.169231,2.164103
07/28/2019 18:24:00.000000,0.164766,3.16875,0.05678,0.014066,3.742857
07/28/2019 18:25:00.000000,0.228544,3.27225,0.0551,0.009409,3.371429
07/28/2019 18:26:00.000000,0.185306,3.2515,0.0543,7.625,3.384091
07/28/2019 18:27:00.000000,0.151742,3.43925,0.054225,5.8,3.066667
07/28/2019 18:28:00.000000,0.14485,3.4395,0.055825,0.004233,3.0
07/28/2019 18:29:00.000000,0.138396,3.355,0.057025,0.002925,2.323077
07/28/2019 18:30:00.000000,0.136924,3.2415,0.056425,4.626667,2.46
07/28/2019 18:31:00.000000,0.138975,3.29225,0.055325,0.003364,2.415
07/28/2019 18:32:00.000000,0.156092,3.54575,0.05345,2.57,2.57
07/28/2019 18:33:00.000000,0.166227,3.452,0.055,0.006878,3.28
07/28/2019 18:34:00.000000,0.164529,3.75675,0.055875,0.010853,3.487805
07/28/2019 18:35:00.000000,0.493897,3.6885,0.055225,0.006817,3.5
07/28/2019 18:36:00.000000,0.437994,3.82025,0.055825,8.675,4.18
07/28/2019 18:37:00.000000,0.16466,4.24975,0.053275,8.854545,5.077273
07/28/2019 18:38:00.000000,0.184683,4.394,0.05335,9.99,4.01
07/28/2019 18:39:00.000000,0.178991,4.33475,0.055625,0.010756,3.714286
07/28/2019 18:40:00.000000,0.126398,4.15575,0.055975,0.005121,2.925581
07/28/2019 18:41:00.000000,0.140752,4.289,0.05615,4.457143,2.714286
07/28/2019 18:42:00.000000,0.127174,3.88775,0.0569,0.005449,2.865714
07/28/2019 18:43:00.000000,0.117176,3.71925,0.057133,0.003164,2.385714
07/28/2019 18:44:00.000000,0.119601,3.622,0.057375,7.966667,3.230769
07/28/2019 18:45:00.000000,0.122186,3.1585,0.0574,0.007788,3.569231
07/28/2019 18:46:00.000000,0.120353,3.0425,0.0577,0.00393,2.92
07/28/2019 18:47:00.000000,0.123333,2.98975,0.0577,4.165854,3.056098
07/28/2019 18:48:00.000000,0.125412,2.843,0.057475,2.607317,2.417073
07/28/2019 18:49:00.000000,0.121869,2.2065,0.0575,8.667442,2.472093
07/28/2019 18:50:00.000000,0.123885,6.40975,0.05545,4.537209,2.930233
07/28/2019 18:51:00.000000,0.131892,2.64675,0.05555,0.007149,3.768293
07/28/2019 18:52:00.000000,0.123966,2.54225,0.0568,2.763636,2.518182
07/28/2019 18:53:00.000000,0.123934,2.51275,0.0566,0.009367,4.17
07/28/2019 18:54:00.000000,0.154162,2.80075,0.05495,2.607317,2.280488
07/28/2019 18:55:00.000000,0.196494,10.8785,0.05305,0.005423,2.915385
07/28/2019 18:56:00.000000,0.232081,3.19675,0.0517,0.00249,1.9
07/28/2019 18:57:00.000000,0.183869,5.34975,0.053175,2.04,2.03
07/28/2019 18:58:00.000000,0.15444,2.74125,0.054025,3.768293,2.782927
07/28/2019 18:59:00.000000,0.131575,3.1125,0.055275,0.00625,2.814286
07/28/2019 19:00:00.000000,0.164691,3.234,0.054725,5.830769,3.223077
07/28/2019 19:01:00.000000,0.184597,3.187,0.0555,0.004684,2.627273
07/28/2019 19:02:00.000000,0.130019,3.12075,0.056925,2.562791,2.416279
07/28/2019 19:03:00.000000,0.116896,3.11425,0.056125,0.002396,1.887805
07/28/2019 19:04:00.000000,0.122564,3.1065,0.05375,5.810256,2.476923
07/28/2019 19:05:00.000000,0.155765,3.10075,0.0526,7.184615,2.6
07/28/2019 19:06:00.000000,0.175078,3.105,0.05225,0.008268,2.77
07/28/2019 19:07:00.000000,0.162378,3.11075,0.052225,0.002817,1.953846
07/28/2019 19:08:00.000000,0.134694,2.908,0.052825,1.886364,1.886364
07/28/2019 19:09:00.000000,0.123728,2.95075,0.052325,5.412195,3.095122
07/28/2019 19:10:00.000000,0.131683,3.029,0.051675,0.00289,2.104878
07/28/2019 19:11:00.000000,0.141482,3.19825,0.0514,0.002814,2.15814
07/28/2019 19:12:00.000000,0.1421,3.1655,0.052275,0.006751,3.616667
07/28/2019 19:13:00.000000,0.13705,3.0595,0.05325,0.007098,3.730769
07/28/2019 19:14:00.000000,0.159215,2.9975,0.052525,2.710256,2.515385
07/28/2019 19:15:00.000000,0.213169,3.00425,0.051475,0.004028,2.3
07/28/2019 19:16:00.000000,0.258407,3.0975,0.051125,0.017829,2.726829
07/28/2019 19:17:00.000000,0.213557,3.15375,0.049775,3.691667,2.05
07/28/2019 19:18:00.000000,0.211875,3.22225,0.0506,5.660714,2.960714
07/28/2019 19:19:00.000000,0.269844,3.104,0.0507,0.016593,2.658537
07/28/2019 19:20:00.000000,0.223348,3.159,0.050575,5.45814,3.030233
07/28/2019 19:21:00.000000,0.207788,3.531,0.050375,6.176923,3.438462
07/28/2019 19:22:00.000000,0.24476,3.6485,0.05115,0.006732,3.247368
07/28/2019 19:23:00.000000,0.174605,3.80725,0.05165,0.008128,3.034146
07/28/2019 19:24:00.000000,0.14654,3.95625,0.050925,6.659459,2.581081
07/28/2019 19:25:00.000000,0.14073,3.89375,0.052225,0.003327,2.245
07/28/2019 19:26:00.000000,0.152355,3.759,0.053775,2.027907,2.027907
07/28/2019 19:27:00.000000,0.12969,3.71875,0.05305,4.021053,3.347368
07/28/2019 19:28:00.000000,0.120629,3.7915,0.05145,8.380952,2.454762
07/28/2019 19:29:00.000000,0.14851,3.5455,0.05175,7.27,2.7125
07/28/2019 19:30:00.000000,0.135623,3.57075,0.051575,0.003011,2.025581
07/28/2019 19:31:00.000000,0.151817,3.7095,0.0497,0.002817,2.156098
07/28/2019 19:32:00.000000,0.191614,3.9985,0.0486,0.002968,2.285
07/28/2019 19:33:00.000000,0.166975,4.382,0.048675,0.002507,1.955814
07/28/2019 19:34:00.000000,0.217714,4.6305,0.049475,1.9,1.9
07/28/2019 19:35:00.000000,0.220708,4.71325,0.049425,0.002583,1.984615
07/28/2019 19:36:00.000000,0.170147,4.6445,0.04995,0.002475,1.9125
07/28/2019 19:37:00.000000,0.143482,4.6235,0.049775,0.002824,2.156098
07/28/2019 19:38:00.000000,0.14486,4.568,0.04995,2.025641,2.030769
07/28/2019 19:39:00.000000,0.259372,4.6135,0.048825,2.0,2.0
07/28/2019 19:40:00.000000,0.333582,4.241,0.04935,0.002594,2.0
07/28/2019 19:41:00.000000,0.163567,3.75675,0.051225,0.004139,2.75
07/28/2019 19:42:00.000000,0.11924,3.664,0.051525,6.203226,2.803226
07/28/2019 19:43:00.000000,0.119612,3.75425,0.0508,0.006268,3.746512
07/28/2019 19:44:00.000000,0.142115,4.03675,0.048625,3.5625,2.54
07/28/2019 19:45:00.000000,0.184156,4.22175,0.047175,0.00857,3.328571
07/28/2019 19:46:00.000000,0.204773,4.18725,0.0485,0.004771,2.534483
07/28/2019 19:47:00.000000,0.189872,5.2395,0.04895,0.009327,3.978261
07/28/2019 19:48:00.000000,0.200371,4.046,0.049,0.007488,3.1275
07/28/2019 19:49:00.000000,0.182432,2.60775,0.051375,4.155,2.56
07/28/2019 19:50:00.000000,0.213964,2.206,0.052333,0.002564,1.889744
07/28/2019 19:51:00.000000,0.161027,2.12225,0.0525,6.094737,2.810526
07/28/2019 19:52:00.000000,0.123535,2.1625,0.05196,0.004382,2.233333
07/28/2019 19:53:00.000000,0.151041,2.19825,0.05175,0.00442,3.065385
07/28/2019 19:54:00.000000,0.138783,2.202,0.052375,0.01364,2.423077
07/28/2019 19:55:00.000000,0.109961,2.23375,0.052767,3.587805,2.129268
07/28/2019 19:56:00.000000,0.10716,2.292,0.052325,0.007638,3.115385
07/28/2019 19:57:00.000000,0.11924,2.39725,0.05175,4.834146,2.617073
07/28/2019 19:58:00.000000,0.16094,2.46975,0.051575,6.3,3.86
07/28/2019 19:59:00.000000,0.141161,7.533,0.050175,7.282927,3.07561
07/28/2019 20:00:00.000000,0.126799,4.2755,0.04955,0.006769,2.642857
07/28/2019 20:01:00.000000,0.128584,5.42975,0.05016,0.006906,3.946154
07/28/2019 20:02:00.000000,0.191615,6.491,0.0485,6.595122,2.890244
07/28/2019 20:03:00.000000,0.265445,7.342333,0.046775,0.014619,2.283333
07/28/2019 20:04:00.000000,0.333811,6.85675,0.0478,6.470588,2.102941
07/28/2019 20:05:00.000000,0.421703,6.4785,0.048933,0.003536,1.931579
07/28/2019 20:06:00.000000,0.337144,6.09775,0.048975,2.265909,2.236364
07/28/2019 20:07:00.000000,0.203963,5.7625,0.048125,2.468421,2.468421
07/28/2019 20:08:00.000000,0.158986,5.601,0.0476,0.007919,2.247368
07/28/2019 20:09:00.000000,0.148589,5.394,0.0489,,
07/28/2019 20:10:00.000000,0.129382,5.55475,0.050675,2.936364,2.677273
07/28/2019 20:11:00.000000,0.123321,7.63275,0.0492,0.00533,2.369767
07/28/2019 20:12:00.000000,0.153895,4.2465,0.048475,6.690244,2.880488
07/28/2019 20:13:00.000000,0.140384,5.13175,0.05,2.405714,1.971429
07/28/2019 20:14:00.000000,0.121795,4.537,0.049775,6.623077,2.702564
07/28/2019 20:15:00.000000,0.168843,4.668,0.049175,0.005655,2.218421
07/28/2019 20:16:00.000000,0.999007,4.9395,0.0484,0.010357,2.712195
07/28/2019 20:17:00.000000,2.51856,4.80175,0.049,6.289474,2.547368
07/28/2019 20:18:00.000000,0.773149,4.727,0.049125,4.355,2.585
07/28/2019 20:19:00.000000,0.179881,4.619,0.04905,0.005114,2.682927
07/28/2019 20:20:00.000000,0.144239,4.6525,0.04885,0.003991,2.358537
07/28/2019 20:21:00.000000,0.139647,4.4085,0.04915,0.003016,2.127907
07/28/2019 20:22:00.000000,0.134793,4.15,0.04995,0.003515,2.356098
07/28/2019 20:23:00.000000,0.143596,3.72375,0.050125,0.002885,2.145
07/28/2019 20:24:00.000000,0.136792,3.206,0.05065,11.535,2.44
07/28/2019 20:25:00.000000,0.12036,3.051,0.0506,3.509524,2.242857
07/28/2019 20:26:00.000000,0.122726,2.92625,0.050475,1.857143,1.857143
07/28/2019 20:27:00.000000,0.126354,2.848,0.05105,0.002668,2.0475
07/28/2019 20:28:00.000000,0.139365,2.73425,0.050425,0.003601,2.692308
07/28/2019 20:29:00.000000,0.319759,3.3625,0.047825,5.797561,3.82439
07/28/2019 20:30:00.000000,0.277011,3.471,0.048375,15.971429,2.25
07/28/2019 20:31:00.000000,0.144047,3.5255,0.05045,7.485714,2.566667
07/28/2019 20:32:00.000000,0.126805,3.5415,0.051475,2.56,2.2625
07/28/2019 20:33:00.000000,0.117688,8.52075,0.05065,0.009902,3.39
07/28/2019 20:34:00.000000,0.153606,12.4045,0.035325,0.014344,7.1
07/28/2019 20:35:00.000000,0.270488,7.5515,0.0462,3.461538,2.892308
07/28/2019 20:36:00.000000,0.221349,2.8695,0.049675,9.37561,2.768293
07/28/2019 20:37:00.000000,0.159846,1.9195,0.052075,0.007454,3.316667
07/28/2019 20:38:00.000000,0.132348,1.972,0.052825,5.323077,3.146154
07/28/2019 20:39:00.000000,0.138347,2.07725,0.051525,0.008959,3.015385
07/28/2019 20:40:00.000000,0.166964,2.1425,0.0521,2.7375,2.235
07/28/2019 20:41:00.000000,0.134834,2.256,0.05285,0.003051,2.3475
07/28/2019 20:42:00.000000,0.529367,11.0385,0.051025,2.570732,2.565854
07/28/2019 20:43:00.000000,1.243603,12.5155,0.04835,4.097619,3.2
07/28/2019 20:44:00.000000,0.554633,2.864,0.050425,2.242857,2.1
07/28/2019 20:45:00.000000,0.163068,2.1555,0.0531,0.002253,1.73
07/28/2019 20:46:00.000000,0.110695,2.089,0.053725,0.002968,2.212195
07/28/2019 20:47:00.000000,0.117779,2.98775,0.052,2.738462,2.638462
07/28/2019 20:48:00.000000,0.190528,4.23675,0.04926,0.009881,3.276923
07/28/2019 20:49:00.000000,0.224478,3.2565,0.049733,0.004095,2.611628
07/28/2019 20:50:00.000000,0.302254,3.924,0.0495,0.006847,2.5
07/28/2019 20:51:00.000000,0.265615,2.50975,0.050325,5.0125,2.5
07/28/2019 20:52:00.000000,0.153042,2.54425,0.05115,0.007779,2.930556
07/28/2019 20:53:00.000000,0.125979,2.61775,0.051225,2.14,2.033333
07/28/2019 20:54:00.000000,0.131554,2.68075,0.05046,0.002795,2.194118
07/28/2019 20:55:00.000000,0.152617,3.205,0.05,6.45,2.483333
07/28/2019 20:56:00.000000,0.220353,3.43675,0.04985,0.017161,2.585
07/28/2019 20:57:00.000000,0.186585,3.51225,0.050625,0.018959,3.183333
07/28/2019 20:58:00.000000,0.150258,3.67975,0.0502,0.017248,2.190244
07/28/2019 20:59:00.000000,0.170972,2.1935,0.049825,3.397619,2.085714
07/28/2019 21:00:00.000000,0.191596,2.31125,0.0503,7.104878,2.441463
07/28/2019 21:01:00.000000,0.183615,6.3675,0.04985,5.4,2.75
07/28/2019 21:02:00.000000,0.177854,4.47275,0.0491,0.012936,2.628571
07/28/2019 21:03:00.000000,0.229946,2.63625,0.050625,0.007562,2.77619
07/28/2019 21:04:00.000000,0.18305,3.39325,0.052,2.492857,2.2
07/28/2019 21:05:00.000000,0.147266,3.565,0.051325,6.328571,2.785714
07/28/2019 21:06:00.000000,0.145534,3.46825,0.051425,4.490698,2.983721
07/28/2019 21:07:00.000000,0.142746,3.28,0.05255,0.007705,2.402439
07/28/2019 21:08:00.000000,0.119925,3.03925,0.0527,0.005421,2.972727
07/28/2019 21:09:00.000000,0.108836,2.8185,0.052725,4.0,3.185714
07/28/2019 21:10:00.000000,0.107078,2.738,0.05215,0.003055,2.35
07/28/2019 21:11:00.000000,0.127311,2.82525,0.05085,7.55814,2.367442
07/28/2019 21:12:00.000000,0.142584,9.0,0.0476,5.0,3.4
07/28/2019 21:13:00.000000,0.134409,4.928,0.04765,2.453846,2.330769
07/28/2019 21:14:00.000000,0.13159,4.6555,0.0498,10.045455,2.688636
07/28/2019 21:15:00.000000,0.355696,3.384,0.051425,7.357143,2.714286
07/28/2019 21:16:00.000000,0.566615,4.28825,0.0513,0.008105,3.047368
07/28/2019 21:17:00.000000,0.266355,4.357,0.050525,0.00805,2.766667
07/28/2019 21:18:00.000000,0.171662,4.16025,0.0515,0.006745,2.448837
07/28/2019 21:19:00.000000,0.137747,3.81125,0.053225,0.00335,2.143902
07/28/2019 21:20:00.000000,0.11118,3.46275,0.0531,0.004777,2.523077
07/28/2019 21:21:00.000000,0.109934,3.20325,0.051525,0.015887,2.771429
07/28/2019 21:22:00.000000,0.137356,3.02875,0.0508,3.968182,2.454545
07/28/2019 21:23:00.000000,0.14578,2.8965,0.051925,0.002573,1.969767
07/28/2019 21:24:00.000000,0.18298,2.72175,0.0531,2.165116,2.15814
07/28/2019 21:25:00.000000,0.20114,2.974,0.0514,2.285366,2.282927
07/28/2019 21:26:00.000000,0.164812,3.17275,0.0514,0.002662,2.042857
07/28/2019 21:27:00.000000,0.138139,12.76375,0.04975,6.29,3.815
07/28/2019 21:28:00.000000,0.149985,24.012,0.044575,0.016599,3.260976
07/28/2019 21:29:00.000000,0.192184,6.7445,0.049,0.008527,3.014634
07/28/2019 21:30:00.000000,0.152344,4.38225,0.053175,14.670732,2.658537
07/28/2019 21:31:00.000000,0.123678,3.79775,0.052675,0.008981,2.772093
07/28/2019 21:32:00.000000,0.137326,3.80825,0.0519,2.539024,2.202439
07/28/2019 21:33:00.000000,0.178396,7.4505,0.05045,5.886047,3.046512
07/28/2019 21:34:00.000000,0.162026,6.10725,0.04905,0.003787,2.346341
07/28/2019 21:35:00.000000,0.16187,5.21775,0.049275,2.37561,2.370732
07/28/2019 21:36:00.000000,0.180676,6.475,0.04965,2.225,2.23
07/28/2019 21:37:00.000000,0.176932,7.63475,0.04945,7.74878,3.77561
07/28/2019 21:38:00.000000,0.149703,5.6025,0.05045,0.004263,2.485
07/28/2019 21:39:00.000000,0.135341,2.78625,0.0531,0.018438,4.75
07/28/2019 21:40:00.000000,0.125599,2.849,0.05325,0.008029,3.142857
07/28/2019 21:41:00.000000,0.142129,3.15025,0.051825,12.43,2.8
07/28/2019 21:42:00.000000,0.156001,3.2355,0.051725,12.172727,2.627273
07/28/2019 21:43:00.000000,0.176248,3.25025,0.05225,15.143902,2.685366
07/28/2019 21:44:00.000000,0.186546,2.41275,0.052475,0.00945,2.94878
07/28/2019 21:45:00.000000,0.160661,2.24375,0.052025,7.361905,3.342857
07/28/2019 21:46:00.000000,0.259767,3.3635,0.052375,0.009522,3.570732
07/28/2019 21:47:00.000000,0.290011,8.328,0.051275,4.128571,3.183333
07/28/2019 21:48:00.000000,0.156627,9.185,0.049275,0.009736,4.030769
07/28/2019 21:49:00.000000,0.143305,3.315,0.0518,0.004271,2.565116
07/28/2019 21:50:00.000000,0.13372,5.2785,0.052325,0.003407,2.638462
07/28/2019 21:51:00.000000,0.13422,4.93275,0.05215,4.065854,2.7
07/28/2019 21:52:00.000000,0.126891,4.732,0.052825,0.007494,3.034884
07/28/2019 21:53:00.000000,0.16069,4.51425,0.052675,0.007558,3.34878
07/28/2019 21:54:00.000000,0.161264,4.137,0.052875,0.020737,4.088372
07/28/2019 21:55:00.000000,0.122614,3.7995,0.053375,9.236364,3.854545
07/28/2019 21:56:00.000000,0.135268,3.53275,0.053775,0.008519,3.009756
07/28/2019 21:57:00.000000,0.136007,3.38825,0.053475,0.004262,2.732558
07/28/2019 21:58:00.000000,0.155326,3.21075,0.053325,2.271429,2.271429
07/28/2019 21:59:00.000000,0.191752,5.026,0.053275,0.003058,2.37561
07/28/2019 22:00:00.000000,0.235307,10.85425,0.05055,0.004931,2.826829
07/28/2019 22:01:00.000000,0.224627,4.3486,0.05205,54.807317,2.485366
07/28/2019 22:02:00.000000,0.062165,5.821333,0.0513,0.016473,2.572093
07/28/2019 22:03:00.000000,0.031587,2.952,0.052333,0.002929,2.25
07/28/2019 22:04:00.000000,0.004514,2.848,0.054025,7.57381,4.0
07/28/2019 22:05:00.000000,0.002233,3.001,0.05305,0.005024,3.185714
07/28/2019 22:06:00.000000,0.00408,3.0595,0.05265,12.18,2.32
07/28/2019 22:07:00.000000,-9999.0,2.95475,0.05325,0.010306,3.146512
07/28/2019 22:08:00.000000,0.002804,2.953,0.053175,0.004165,2.626316
07/28/2019 22:09:00.000000,-9999.0,,0.0547,,
07/28/2019 22:10:00.000000,0.000385,2.66375,0.0548,6.96,3.5375
07/28/2019 22:11:00.000000,0.005003,2.59125,0.054575,0.00421,2.67907
07/28/2019 22:12:00.000000,0.038115,2.65825,0.0544,2.325641,2.330769
07/28/2019 22:13:00.000000,0.130793,2.38575,0.05495,0.016903,3.575
07/28/2019 22:14:00.000000,0.146986,2.15325,0.055425,7.85,4.14
07/28/2019 22:15:00.000000,0.117703,2.05275,0.055275,3.214634,2.873171
07/28/2019 22:16:00.000000,0.113262,2.071,0.0535,12.114286,3.114286
07/28/2019 22:17:00.000000,0.125411,6.4245,0.050925,7.471795,3.792308
07/28/2019 22:18:00.000000,0.238656,6.47275,0.0499,0.004161,2.983333
07/28/2019 22:19:00.000000,0.29967,5.53825,0.05015,3.241463,3.141463
07/28/2019 22:20:00.000000,0.215159,4.88075,0.049875,0.003091,2.431707
07/28/2019 22:21:00.000000,0.159609,3.78175,0.051575,13.614286,4.785714
07/28/2019 22:22:00.000000,0.152423,2.87375,0.050575,0.008862,3.507692
07/28/2019 22:23:00.000000,0.159378,2.831,0.05015,12.8875,3.285
07/28/2019 22:24:00.000000,0.171729,2.9625,0.05145,0.015346,3.042857
07/28/2019 22:25:00.000000,0.161207,2.96225,0.053025,0.008615,3.167442
07/28/2019 22:26:00.000000,0.151656,2.92225,0.0525,0.009434,3.888372
07/28/2019 22:27:00.000000,0.32594,3.116,0.051175,0.00367,2.6
07/28/2019 22:28:00.000000,0.3357,3.1565,0.05185,0.007264,2.91
07/28/2019 22:29:00.000000,0.204997,3.08425,0.052525,0.005499,2.655814
07/28/2019 22:30:00.000000,0.153263,3.05225,0.05365,4.877273,2.6
07/28/2019 22:31:00.000000,0.129482,2.90575,0.053375,11.559091,2.768182
07/28/2019 22:32:00.000000,0.135093,2.88875,0.052675,0.003989,2.285714
07/28/2019 22:33:00.000000,0.172373,4.4315,0.05155,9.34,2.86
07/28/2019 22:34:00.000000,0.212246,5.51425,0.051225,0.004107,2.578947
07/28/2019 22:35:00.000000,0.197457,6.23275,0.0508,6.480488,3.743902
07/28/2019 22:36:00.000000,0.300826,4.6155,0.0523,5.493023,3.483721
07/28/2019 22:37:00.000000,0.323265,4.66725,0.051975,0.006973,2.8
07/28/2019 22:38:00.000000,0.480136,4.69075,0.051925,0.005213,2.783333
07/28/2019 22:39:00.000000,0.282211,4.442,0.05345,0.003508,2.628571
07/28/2019 22:40:00.000000,0.162529,4.19725,0.052725,0.003368,2.515385
07/28/2019 22:41:00.000000,0.146572,3.8655,0.053,0.008721,3.865854
07/28/2019 22:42:00.000000,0.119864,3.54225,0.053675,0.003977,2.904878
07/28/2019 22:43:00.000000,0.119694,3.51275,0.05255,2.271429,2.271429
07/28/2019 22:44:00.000000,0.141669,3.644,0.05165,0.004993,2.802326
07/28/2019 22:45:00.000000,0.149087,3.27275,0.053275,5.078049,3.14878
07/28/2019 22:46:00.000000,0.13825,3.06725,0.05265,3.294872,2.938462
07/28/2019 22:47:00.000000,0.177148,3.27125,0.05055,0.00603,3.495
07/28/2019 22:48:00.000000,0.354055,3.79025,0.047975,12.904762,3.771429
07/28/2019 22:49:00.000000,0.461463,4.0855,0.0498,0.019466,3.629268
07/28/2019 22:50:00.000000,0.215618,4.304,0.052575,0.009835,3.087805
07/28/2019 22:51:00.000000,0.17239,4.3505,0.0524,13.065789,2.652632
07/28/2019 22:52:00.000000,0.227389,4.35775,0.051625,11.394737,5.042105
07/28/2019 22:53:00.000000,0.238753,4.72125,0.05075,4.637209,3.65814
07/28/2019 22:54:00.000000,0.201914,5.1375,0.0476,16.095455,3.645455
07/28/2019 22:55:00.000000,0.203851,5.54325,0.0476,0.011481,3.7
07/28/2019 22:56:00.000000,0.165467,5.26875,0.05145,0.018481,2.85
07/28/2019 22:57:00.000000,0.122988,5.26375,0.052325,8.813953,2.7
07/28/2019 22:58:00.000000,0.132136,5.3585,0.051575,0.009707,3.382927
07/28/2019 22:59:00.000000,0.178218,5.18125,0.051525,0.0083,3.16
07/28/2019 23:00:00.000000,0.170143,4.96375,0.052825,2.8,2.42
07/28/2019 23:01:00.000000,0.175254,4.67925,0.0529,11.814286,2.814286
07/28/2019 23:02:00.000000,0.166202,4.3635,0.052725,3.88,2.3225
07/28/2019 23:03:00.000000,0.16957,3.8985,0.0524,7.793023,4.093023
07/28/2019 23:04:00.000000,0.17447,3.92575,0.051825,8.612195,2.94878
07/28/2019 23:05:00.000000,0.16609,4.16475,0.051725,0.009381,3.639024
07/28/2019 23:06:00.000000,0.146712,4.2745,0.0516,3.002439,2.556098
07/28/2019 23:07:00.000000,0.143351,4.427,0.052025,0.003701,2.81
07/28/2019 23:08:00.000000,0.170853,5.13525,0.05125,9.473171,2.302439
07/28/2019 23:09:00.000000,0.199485,9.56975,0.0482,0.004599,2.704545
07/28/2019 23:10:00.000000,0.226532,3.00075,0.050075,0.00317,2.471795
07/28/2019 23:11:00.000000,0.173766,2.71925,0.0533,6.5125,2.75
07/28/2019 23:12:00.000000,0.168496,5.74225,0.0511,0.007782,4.181818
07/28/2019 23:13:00.000000,0.198843,8.0625,0.049825,0.003728,2.765116
07/28/2019 23:14:00.000000,0.208521,7.6395,0.05125,0.003253,2.5
07/28/2019 23:15:00.000000,0.171881,7.11225,0.0515,0.019766,2.672093
07/28/2019 23:16:00.000000,0.148513,6.76675,0.050525,0.004507,2.36
07/28/2019 23:17:00.000000,0.43029,6.52025,0.0497,3.55,2.883333
07/28/2019 23:18:00.000000,0.436094,6.19275,0.048675,7.312195,4.109756
07/28/2019 23:19:00.000000,0.246416,9.17175,0.044575,0.009878,3.695455
07/28/2019 23:20:00.000000,0.229314,12.999,0.042375,0.003556,2.511628
07/28/2019 23:21:00.000000,0.217559,6.0135,0.04785,0.022836,3.992308
07/28/2019 23:22:00.000000,0.1789,4.642,0.05105,0.039857,2.84878
07/28/2019 23:23:00.000000,0.168102,5.19275,0.05065,0.029828,4.148837
07/28/2019 23:24:00.000000,0.187153,4.58125,0.0515,0.009175,4.14186
07/28/2019 23:25:00.000000,0.192159,5.68825,0.050675,10.12,3.08
07/28/2019 23:26:00.000000,0.182496,4.5815,0.05055,0.003785,2.319512
07/28/2019 23:27:00.000000,0.165727,3.62975,0.052925,7.919512,2.780488
07/28/2019 23:28:00.000000,0.150208,3.03425,0.0527,15.290909,3.656818
07/28/2019 23:29:00.000000,0.136816,3.891,0.05285,4.840909,3.022727
07/28/2019 23:30:00.000000,0.128191,3.70725,0.05405,11.225,2.73
07/28/2019 23:31:00.000000,0.11848,3.55075,0.05435,3.733333,2.44
07/28/2019 23:32:00.000000,0.120986,3.4805,0.053475,19.965714,2.897143
07/28/2019 23:33:00.000000,0.126955,3.49175,0.052325,0.013651,4.223684
07/28/2019 23:34:00.000000,0.136689,3.56575,0.05195,3.7925,3.18
07/28/2019 23:35:00.000000,0.137651,3.52775,0.052425,0.009311,3.330233
07/28/2019 23:36:00.000000,0.16715,3.652,0.051075,0.019437,3.734884
07/28/2019 23:37:00.000000,0.205651,4.0095,0.049075,0.012432,4.476923
07/28/2019 23:38:00.000000,0.195206,12.2525,0.04735,21.070732,3.273171
07/28/2019 23:39:00.000000,0.178238,6.089,0.047775,21.966667,2.746667
07/28/2019 23:40:00.000000,0.245687,6.635,0.04815,0.01172,3.035135
07/28/2019 23:41:00.000000,0.280653,6.3785,0.048625,12.511111,2.853333
07/28/2019 23:42:00.000000,0.223497,5.315,0.0506,0.012556,2.885
07/28/2019 23:43:00.000000,0.230354,5.26,0.050975,0.013392,3.323077
07/28/2019 23:44:00.000000,0.233337,5.5185,0.04935,0.016113,3.143902
07/28/2019 23:45:00.000000,0.235368,8.35975,0.04825,14.733333,4.85
07/28/2019 23:46:00.000000,0.292174,6.527,0.04575,0.023347,5.031818
07/28/2019 23:47:00.000000,0.28074,6.79875,0.046125,4.706818,3.138636
07/28/2019 23:48:00.000000,0.299844,5.4385,0.049525,0.018062,3.155
07/28/2019 23:49:00.000000,0.324384,6.1245,0.049675,10.471429,4.116667
07/28/2019 23:50:00.000000,0.211617,6.19475,0.05045,13.581579,3.878947
07/28/2019 23:51:00.000000,0.190765,6.10475,0.050575,0.02516,4.476923
07/28/2019 23:52:00.000000,0.234836,6.15825,0.048925,0.010195,3.58
07/28/2019 23:53:00.000000,0.274953,5.9035,0.049725,0.004788,3.315789
07/28/2019 23:54:00.000000,0.338309,6.5045,0.0497,0.012803,3.8
07/28/2019 23:55:00.000000,0.289528,3.68225,0.05035,9.928571,5.233333
07/28/2019 23:56:00.000000,0.257824,3.65325,0.0522,0.01276,3.536585
07/28/2019 23:57:00.000000,0.237484,4.02625,0.0511,13.117949,3.2
07/28/2019 23:58:00.000000,0.250506,4.191,0.050125,0.021437,4.309756
07/28/2019 23:59:00.000000,0.265991,4.4645,0.04995,30.246154,7.292308
07/29/2019 00:00:00.000000,0.315042,6.16225,0.046075,10.2,4.485
07/29/2019 00:01:00.000000,0.267238,4.5185,0.04765,0.010366,3.05
07/29/2019 00:02:00.000000,0.177974,4.17375,0.051175,0.004984,2.984615
07/29/2019 00:03:00.000000,0.164371,5.51875,0.050725,0.008667,3.170732
07/29/2019 00:04:00.000000,0.182273,5.393,0.05135,0.004494,2.783333
07/29/2019 00:05:00.000000,0.17309,5.14525,0.051875,9.102439,3.553659
07/29/2019 00:06:00.000000,0.172548,5.03275,0.05025,4.446154,3.371795
07/29/2019 00:07:00.000000,0.173852,5.019,0.048975,5.895349,3.902326
07/29/2019 00:08:00.000000,0.2017,5.08075,0.04845,10.529268,4.402439
07/29/2019 00:09:00.000000,0.309683,5.2485,0.04665,13.043243,3.289189
07/29/2019 00:10:00.000000,0.254175,5.855,0.0449,15.670732,3.697561
07/29/2019 00:11:00.000000,0.207472,6.3525,0.0463,0.005898,2.519512
07/29/2019 00:12:00.000000,0.204027,6.676,0.048925,0.00585,3.226316
07/29/2019 00:13:00.000000,0.21604,7.0935,0.047925,0.004718,3.4
07/29/2019 00:14:00.000000,0.284802,7.35975,0.04815,0.013387,2.981081
07/29/2019 00:15:00.000000,0.251249,7.297,0.0509,3.647059,3.288235
07/29/2019 00:16:00.000000,0.176795,7.314,0.0507,0.00974,4.32
07/29/2019 00:17:00.000000,0.181153,7.18875,0.0499,0.004266,2.65814
07/29/2019 00:18:00.000000,0.167954,6.65175,0.050075,3.738462,3.146154
07/29/2019 00:19:00.000000,0.162783,2.28775,0.050975,10.231707,3.134146
07/29/2019 00:20:00.000000,0.164366,4.58725,0.050775,0.012265,3.183333
07/29/2019 00:21:00.000000,0.151829,6.869,0.050675,0.004045,2.683721
07/29/2019 00:22:00.000000,0.189521,5.54875,0.049975,2.856098,2.856098
07/29/2019 00:23:00.000000,0.217279,4.318,0.05005,0.003135,2.469767
07/29/2019 00:24:00.000000,0.182719,5.409,0.04935,0.02277,3.831579
07/29/2019 00:25:00.000000,0.182822,5.4795,0.0501,16.831111,5.168889
07/29/2019 00:26:00.000000,0.223869,5.589,0.049575,4.158537,2.92439
07/29/2019 00:27:00.000000,0.223343,5.65425,0.04855,0.004505,3.271429
07/29/2019 00:28:00.000000,0.184652,5.6055,0.049725,0.00612,2.975
07/29/2019 00:29:00.000000,0.209434,,0.04685,,
07/29/2019 00:30:00.000000,0.198845,6.01,0.04835,0.011663,2.814286
07/29/2019 00:31:00.000000,0.155286,5.743,0.050975,12.46,6.455
07/29/2019 00:32:00.000000,0.141145,5.54825,0.050875,0.004098,3.057895
07/29/2019 00:33:00.000000,0.17194,5.6955,0.048525,0.01697,3.065
07/29/2019 00:34:00.000000,0.279692,5.75125,0.047625,4.217073,2.453659
07/29/2019 00:35:00.000000,0.219752,5.44325,0.0522,2.54878,2.54878
07/29/2019 00:36:00.000000,0.150627,5.04225,0.052425,10.260606,2.890909
07/29/2019 00:37:00.000000,0.142813,4.38975,0.050375,0.007993,3.183333
07/29/2019 00:38:00.000000,0.143624,4.36775,0.050325,2.794872,2.607692
07/29/2019 00:39:00.000000,0.142209,4.4015,0.05165,12.357143,4.385714
07/29/2019 00:40:00.000000,0.139027,4.415,0.051125,0.011149,3.151163
07/29/2019 00:41:00.000000,0.146286,4.76925,0.04865,0.010176,4.0
07/29/2019 00:42:00.000000,0.232932,7.9365,0.046925,0.004141,2.919512
07/29/2019 00:43:00.000000,0.39072,8.67025,0.04705,0.023016,3.95
07/29/2019 00:44:00.000000,0.261252,4.3225,0.04935,9.048837,3.769767
07/29/2019 00:45:00.000000,0.160996,2.7705,0.051375,0.020362,4.38
07/29/2019 00:46:00.000000,0.161988,2.333,0.052475,0.004605,2.686364
07/29/2019 00:47:00.000000,0.189405,2.61575,0.05175,2.316279,2.316279
07/29/2019 00:48:00.000000,0.178833,2.9405,0.05045,0.005196,3.590698
07/29/2019 00:49:00.000000,0.19692,3.16025,0.051025,0.006224,3.969231
07/29/2019 00:50:00.000000,0.172942,3.807,0.0507,0.006535,3.505
07/29/2019 00:51:00.000000,0.224777,4.9935,0.0486,0.017045,2.711628
07/29/2019 00:52:00.000000,0.230879,4.07575,0.049975,0.006214,2.859091
07/29/2019 00:53:00.000000,0.180566,4.92175,0.05085,5.878049,3.92439
07/29/2019 00:54:00.000000,0.171161,3.31475,0.05105,8.760976,2.939024
07/29/2019 00:55:00.000000,0.177324,3.46175,0.049575,0.004757,2.873333
07/29/2019 00:56:00.000000,0.190982,3.70875,0.04795,5.867442,3.486047
07/29/2019 00:57:00.000000,0.19787,11.30975,0.0437,0.020356,3.340909
07/29/2019 00:58:00.000000,0.250255,9.045,0.04235,5.131111,3.046667
07/29/2019 00:59:00.000000,0.235448,7.0875,0.046025,7.271795,3.423077
07/29/2019 01:00:00.000000,0.197152,6.436,0.048,13.042857,3.666667
07/29/2019 01:01:00.000000,0.167867,5.95025,0.049475,8.995349,3.527907
07/29/2019 01:02:00.000000,0.186286,5.79475,0.049225,8.718919,2.981081
07/29/2019 01:03:00.000000,0.177649,11.00325,0.047225,0.028917,6.278571
07/29/2019 01:04:00.000000,0.156094,10.8205,0.044375,8.158696,4.143478
07/29/2019 01:05:00.000000,0.215909,15.04725,0.040975,0.012035,4.110638
07/29/2019 01:06:00.000000,0.253305,8.91675,0.043975,0.007224,3.085714
07/29/2019 01:07:00.000000,0.200866,6.726,0.0488,4.872727,2.986364
07/29/2019 01:08:00.000000,0.207095,6.3345,0.04925,10.859091,3.0
07/29/2019 01:09:00.000000,0.211525,,,,
07/29/2019 01:10:00.000000,0.178075,3.34525,0.05055,0.008314,3.013953
07/29/2019 01:11:00.000000,0.141062,7.692,0.0506,2.709756,2.402439
07/29/2019 01:12:00.000000,0.137804,5.2005,0.050725,8.667442,2.467442
07/29/2019 01:13:00.000000,0.179619,5.75925,0.048775,0.006891,3.1125
07/29/2019 01:14:00.000000,0.283316,6.77675,0.0463,5.177419,2.619355
07/29/2019 01:15:00.000000,0.471587,7.71725,0.045275,0.008496,3.102703
07/29/2019 01:16:00.000000,0.539743,5.5405,0.046175,0.007126,3.103333
07/29/2019 01:17:00.000000,0.256643,3.47575,0.0478,3.214286,2.842857
07/29/2019 01:18:00.000000,0.186074,3.57425,0.048375,0.0221,4.84
07/29/2019 01:19:00.000000,0.212153,7.18875,0.045875,0.00654,2.593182
07/29/2019 01:20:00.000000,0.209627,6.41975,0.0439,0.01199,4.063415
07/29/2019 01:21:00.000000,0.286709,6.0085,0.045125,0.012696,3.430303
07/29/2019 01:22:00.000000,0.50087,6.2465,0.045433,0.00472,2.625581
07/29/2019 01:23:00.000000,0.377858,6.19375,0.045925,0.011954,4.048837
07/29/2019 01:24:00.000000,0.257151,5.996,0.046425,0.008581,3.617073
07/29/2019 01:25:00.000000,0.206657,5.87375,0.04675,0.024605,3.925
07/29/2019 01:26:00.000000,0.196773,5.05925,0.044975,0.012344,4.341463
07/29/2019 01:27:00.000000,0.20734,10.834,0.04015,6.171429,4.15
07/29/2019 01:28:00.000000,0.192946,5.01625,0.042175,0.013964,6.07907
07/29/2019 01:29:00.000000,0.186013,,,,
07/29/2019 01:30:00.000000,0.23056,9.22375,0.043975,2.2,2.2
07/29/2019 01:31:00.000000,0.247277,7.20325,0.043375,0.005472,3.05
07/29/2019 01:32:00.000000,0.198533,6.26975,0.0445,0.003556,2.517073
07/29/2019 01:33:00.000000,0.191164,4.91525,0.044875,0.010519,3.428571
07/29/2019 01:34:00.000000,0.194736,5.447,0.045,0.012209,2.657143
07/29/2019 01:35:00.000000,0.200334,6.6155,0.044525,0.008528,3.18
07/29/2019 01:36:00.000000,0.17241,5.792,0.0442,3.360465,2.955814
07/29/2019 01:37:00.000000,0.151512,5.05625,0.043575,0.01159,3.638462
07/29/2019 01:38:00.000000,0.151229,4.34325,0.04435,0.011441,3.038462
07/29/2019 01:39:00.000000,0.190877,4.7885,0.043225,0.005253,3.07
07/29/2019 01:40:00.000000,0.287868,7.691,0.039975,0.007592,3.015385
07/29/2019 01:41:00.000000,0.217286,15.09975,0.034175,0.012334,3.774419
07/29/2019 01:42:00.000000,0.215361,7.81225,0.035875,0.022287,3.985
07/29/2019 01:43:00.000000,0.246243,6.451,0.0439,0.012419,3.004878
07/29/2019 01:44:00.000000,0.203712,5.2825,0.045425,0.004654,2.721429
07/29/2019 01:45:00.000000,0.196582,4.76975,0.046525,0.003356,2.613953
07/29/2019 01:46:00.000000,0.218084,5.13525,0.04574,0.01096,3.535
07/29/2019 01:47:00.000000,0.190964,5.934,0.04205,2.611429,2.437143
07/29/2019 01:48:00.000000,0.230735,13.674,0.0379,9.857143,2.983333
07/29/2019 01:49:00.000000,0.297217,8.45225,0.03885,0.019561,5.878947
07/29/2019 01:50:00.000000,0.271673,9.28975,0.03945,0.012574,4.521951
07/29/2019 01:51:00.000000,0.287757,4.81775,0.041,5.638462,4.115385
07/29/2019 01:52:00.000000,0.282532,4.87575,0.0422,6.15,3.505
07/29/2019 01:53:00.000000,0.29591,5.03675,0.042075,0.011958,5.37907
07/29/2019 01:54:00.000000,0.202915,5.112,0.0437,7.865854,4.419512
07/29/2019 01:55:00.000000,0.241452,5.158,0.044525,0.012091,2.828571
07/29/2019 01:56:00.000000,0.255713,5.3535,0.044975,14.723077,6.323077
07/29/2019 01:57:00.000000,0.271078,8.55375,0.0421,0.020067,4.477273
07/29/2019 01:58:00.000000,0.339012,8.37925,0.03994,3.151724,2.744828
07/29/2019 01:59:00.000000,0.255967,7.803,0.0419,0.021255,3.45
07/29/2019 02:00:00.000000,0.209121,6.343,0.04245,0.008379,3.005
07/29/2019 02:01:00.000000,0.223207,6.3785,0.042825,0.00753,2.814286
07/29/2019 02:02:00.000000,0.270955,6.4165,0.042275,0.019261,4.224324
07/29/2019 02:03:00.000000,0.340198,6.43225,0.04154,0.007668,2.463636
07/29/2019 02:04:00.000000,0.26498,6.269,0.0433,0.003263,2.569231
07/29/2019 02:05:00.000000,0.187593,7.97775,0.041175,17.439024,3.302439
07/29/2019 02:06:00.000000,0.201063,16.00825,0.024925,19.673684,3.315789
07/29/2019 02:07:00.000000,0.210863,17.7645,0.026,0.012224,3.895
07/29/2019 02:08:00.000000,0.231571,8.13575,0.0347,0.014216,3.682051
07/29/2019 02:09:00.000000,0.278506,,,,
07/29/2019 02:10:00.000000,0.499001,22.48975,0.0271,8.127273,3.765909
07/29/2019 02:11:00.000000,0.365241,12.708,0.03145,8.725,3.995
07/29/2019 02:12:00.000000,0.238728,8.975,0.0378,3.67907,2.981395
07/29/2019 02:13:00.000000,0.202911,7.1495,0.03985,9.77,3.955
07/29/2019 02:14:00.000000,0.217342,10.894,0.03835,21.97561,4.726829
07/29/2019 02:15:00.000000,0.339168,9.713,0.0373,0.013965,4.543902
07/29/2019 02:16:00.000000,0.362131,12.59975,0.0376,12.187805,4.158537
07/29/2019 02:17:00.000000,0.379737,9.79125,0.037325,0.035378,4.953659
07/29/2019 02:18:00.000000,0.346016,12.6895,0.03735,0.041027,5.352273
07/29/2019 02:19:00.000000,0.290953,7.57225,0.033425,0.023719,4.204878
07/29/2019 02:20:00.000000,0.258253,29.031,0.0215,5.472727,3.590909
07/29/2019 02:21:00.000000,0.346554,29.78675,0.025125,0.013224,3.836364
07/29/2019 02:22:00.000000,0.438546,13.87225,0.029625,0.005565,3.042857
07/29/2019 02:23:00.000000,0.270872,12.8385,0.03615,2.811628,2.813953
07/29/2019 02:24:00.000000,0.253567,9.42625,0.03705,4.342857,2.966667
07/29/2019 02:25:00.000000,0.236167,7.4745,0.039125,0.009636,3.171429
07/29/2019 02:26:00.000000,0.219012,7.4955,0.040675,0.02202,3.2
07/29/2019 02:27:00.000000,0.201782,7.6085,0.040625,9.255,4.815
07/29/2019 02:28:00.000000,0.203937,9.77575,0.039525,0.014687,3.814286
07/29/2019 02:29:00.000000,0.315853,,,,
07/29/2019 02:30:00.000000,0.368056,11.433,0.037825,9.386364,4.913636
07/29/2019 02:31:00.000000,0.336533,10.028,0.038775,15.474359,4.015385
07/29/2019 02:32:00.000000,0.443771,11.4415,0.038075,0.021661,2.865
07/29/2019 02:33:00.000000,0.629399,9.8685,0.038425,12.525,3.36
07/29/2019 02:34:00.000000,0.395824,8.80775,0.0398,21.155814,2.897674
07/29/2019 02:35:00.000000,0.281049,8.7865,0.039025,0.008316,3.233333
07/29/2019 02:36:00.000000,0.226845,9.02325,0.0371,12.295455,2.879545
07/29/2019 02:37:00.000000,0.194474,9.200333,0.037525,0.010489,4.165854
07/29/2019 02:38:00.000000,0.19476,9.73025,0.03465,0.008801,4.053333
07/29/2019 02:39:00.000000,0.274185,12.69025,0.03185,0.01412,3.585366
07/29/2019 02:40:00.000000,0.361912,10.97125,0.033925,12.672727,4.088636
07/29/2019 02:41:00.000000,0.309027,12.97125,0.0346,0.025812,4.544186
07/29/2019 02:42:00.000000,0.252768,15.23975,0.03395,18.691111,3.942222
07/29/2019 02:43:00.000000,0.296838,14.267,0.032575,11.953659,3.629268
07/29/2019 02:44:00.000000,0.299447,13.2505,0.03425,10.39,5.47
07/29/2019 02:45:00.000000,0.231011,13.01,0.037075,0.005649,3.562791
07/29/2019 02:46:00.000000,0.242058,12.70525,0.0373,3.212195,3.114634
07/29/2019 02:47:00.000000,0.255668,12.3815,0.036475,6.77,3.015
07/29/2019 02:48:00.000000,0.258604,11.97175,0.037225,0.004932,3.165854
07/29/2019 02:49:00.000000,0.212794,,,,
07/29/2019 02:50:00.000000,0.201312,13.90575,0.036625,0.017727,3.811628
07/29/2019 02:51:00.000000,0.227306,17.28275,0.03375,0.019161,4.9
07/29/2019 02:52:00.000000,0.243505,17.44325,0.03165,5.636585,4.246341
07/29/2019 02:53:00.000000,0.294892,18.10075,0.030825,0.008969,4.441463
07/29/2019 02:54:00.000000,0.307592,16.19975,0.03035,0.014357,4.5
07/29/2019 02:55:00.000000,0.383055,16.518,0.027575,7.728571,4.157143
07/29/2019 02:56:00.000000,0.358412,17.0235,0.0258,0.021052,3.587805
07/29/2019 02:57:00.000000,0.263262,16.95675,0.030825,0.015284,4.924324
07/29/2019 02:58:00.000000,0.22312,16.648,0.034025,15.488372,3.609302
07/29/2019 02:59:00.000000,0.217395,15.38825,0.0343,8.9625,4.83
07/29/2019 03:00:00.000000,0.241651,17.8545,0.032975,4.284091,3.838636
07/29/2019 03:01:00.000000,0.244324,10.5118,0.034575,18.526829,5.921951
07/29/2019 03:02:00.000000,0.232044,14.060333,0.034925,13.521951,5.290244
07/29/2019 03:03:00.000000,0.250073,17.6405,0.032375,0.012442,4.233333
07/29/2019 03:04:00.000000,0.266747,18.56,0.031033,0.036493,4.366667
07/29/2019 03:05:00.000000,0.238608,15.59675,0.0319,23.783333,5.371429
07/29/2019 03:06:00.000000,0.246669,12.8715,0.03405,0.014863,5.427273
07/29/2019 03:07:00.000000,0.230055,12.25575,0.03555,8.335,4.55
07/29/2019 03:08:00.000000,0.242858,15.17975,0.033525,0.01147,3.8
07/29/2019 03:09:00.000000,0.250558,,,,
07/29/2019 03:10:00.000000,0.223041,16.111,0.0292,7.392308,3.884615
07/29/2019 03:11:00.000000,0.219105,12.8255,0.03265,4.525,3.985
07/29/2019 03:12:00.000000,0.227635,15.806,0.031925,0.004478,3.578947
07/29/2019 03:13:00.000000,0.292132,19.4485,0.027625,14.255814,4.002326
07/29/2019 03:14:00.000000,0.377246,16.607,0.030425,39.12,6.334286
07/29/2019 03:15:00.000000,0.339459,15.70025,0.033475,0.042229,6.233333
07/29/2019 03:16:00.000000,0.342811,16.46325,0.03315,22.746154,4.592308
07/29/2019 03:17:00.000000,0.403908,16.17175,0.0335,8.15,3.875
07/29/2019 03:18:00.000000,0.35748,16.10075,0.03145,0.017157,9.519512
07/29/2019 03:19:00.000000,0.400308,16.45225,0.02865,0.013877,6.156818
07/29/2019 03:20:00.000000,0.420387,16.1785,0.031925,0.006875,3.668966
07/29/2019 03:21:00.000000,0.347453,15.69275,0.034833,8.968293,3.512195
07/29/2019 03:22:00.000000,0.30699,15.112,0.035225,0.018712,3.921053
07/29/2019 03:23:00.000000,0.356867,14.468,0.0353,0.012016,4.939024
07/29/2019 03:24:00.000000,0.354214,13.9395,0.0364,12.225641,5.187179
07/29/2019 03:25:00.000000,0.267823,13.42525,0.0378,10.425,4.775
07/29/2019 03:26:00.000000,0.262102,12.5455,0.037575,9.089474,4.784211
07/29/2019 03:27:00.000000,0.259045,11.51825,0.03645,8.555814,4.632558
07/29/2019 03:28:00.000000,0.23999,11.32125,0.035175,0.008936,4.697059
07/29/2019 03:29:00.000000,0.240461,,,,
07/29/2019 03:30:00.000000,0.21666,10.41925,0.0393,16.921053,5.305263
07/29/2019 03:31:00.000000,0.212205,10.215,0.039425,15.652381,4.071429
07/29/2019 03:32:00.000000,0.197899,10.07225,0.039525,7.095238,4.057143
07/29/2019 03:33:00.000000,0.192261,9.87625,0.039625,0.023296,4.957143
07/29/2019 03:34:00.000000,0.189611,9.70925,0.040275,0.023107,4.502439
07/29/2019 03:35:00.000000,0.195582,9.45025,0.03985,12.276923,3.976923
07/29/2019 03:36:00.000000,0.204597,9.09,0.040125,4.748718,3.735897
07/29/2019 03:37:00.000000,0.215142,10.683,0.039125,3.8,3.7
07/29/2019 03:38:00.000000,0.245663,9.18725,0.038075,6.641667,3.783333
07/29/2019 03:39:00.000000,0.221063,8.951,0.04014,3.6125,3.509375
07/29/2019 03:40:00.000000,0.193569,9.081,0.039867,9.930769,3.584615
07/29/2019 03:41:00.000000,0.194206,8.4185,0.041625,9.318182,4.5
07/29/2019 03:42:00.000000,0.179535,8.286333,0.04255,0.0562,3.932
07/29/2019 03:43:00.000000,0.174403,8.308,0.0411,0.041251,4.967647
07/29/2019 03:44:00.000000,0.197748,8.0295,0.04305,0.013361,5.588636
07/29/2019 03:45:00.000000,0.203652,7.75575,0.04285,0.014276,5.786047
07/29/2019 03:46:00.000000,0.186158,7.4255,0.04325,0.005256,3.836585
07/29/2019 03:47:00.000000,0.18112,7.06425,0.043575,0.004531,3.583721
07/29/2019 03:48:00.000000,0.213733,8.9295,0.041275,0.023159,4.371429
07/29/2019 03:49:00.000000,0.289219,9.86575,0.04035,0.010975,4.5
07/29/2019 03:50:00.000000,0.239568,6.24175,0.042425,0.015149,3.814286
07/29/2019 03:51:00.000000,0.209481,6.56375,0.042575,10.275,4.6075
07/29/2019 03:52:00.000000,0.19855,6.85775,0.042325,0.008779,4.025581
07/29/2019 03:53:00.000000,0.185698,6.75425,0.042425,4.257895,3.731579
07/29/2019 03:54:00.000000,0.187497,6.674,0.0421,3.714286,3.614286
07/29/2019 03:55:00.000000,0.18834,6.5655,0.041975,0.01009,3.686364
07/29/2019 03:56:00.000000,0.173213,6.4115,0.042275,17.865116,5.54186
07/29/2019 03:57:00.000000,0.165598,6.262,0.042375,12.193478,4.373913
07/29/2019 03:58:00.000000,0.167737,6.15525,0.042,0.011077,4.015385
07/29/2019 03:59:00.000000,0.16731,5.99775,0.04165,15.8,4.514286
07/29/2019 04:00:00.000000,0.160551,5.9405,0.0418,8.018182,4.684091
07/29/2019 04:01:00.000000,0.158226,5.9985,0.041825,0.020095,5.809756
07/29/2019 04:02:00.000000,0.058674,6.3455,0.040175,0.024736,4.333333
07/29/2019 04:03:00.000000,0.03208,6.91325,0.037475,0.015161,4.390244
07/29/2019 04:04:00.000000,0.005935,7.552,0.0368,0.007433,4.756098
07/29/2019 04:05:00.000000,0.006907,8.14875,0.0373,3.646154,3.651282
07/29/2019 04:06:00.000000,0.003102,8.47,0.03855,12.706818,3.659091
07/29/2019 04:07:00.000000,0.006765,8.74825,0.0393,4.914894,3.612766
07/29/2019 04:08:00.000000,0.002026,8.85125,0.040975,13.8375,6.15
07/29/2019 04:09:00.000000,0.006002,8.87775,0.04095,0.007407,4.380488
07/29/2019 04:10:00.000000,0.004931,17.1265,0.0256,6.295,4.17
07/29/2019 04:11:00.000000,0.004393,15.25775,0.036925,0.013778,5.384615
07/29/2019 04:12:00.000000,0.029612,9.89875,0.0382,4.744186,3.925581
07/29/2019 04:13:00.000000,0.132474,8.86325,0.0384,14.061538,4.869231
07/29/2019 04:14:00.000000,0.228291,7.10825,0.040475,13.246154,5.015385
07/29/2019 04:15:00.000000,0.325181,6.9605,0.0412,0.012457,5.428571
07/29/2019 04:16:00.000000,0.32819,7.05025,0.04045,9.642857,4.557143
07/29/2019 04:17:00.000000,0.324384,7.18025,0.0399,0.016924,5.432558
07/29/2019 04:18:00.000000,0.26336,7.4895,0.038725,0.027829,5.185366
07/29/2019 04:19:00.000000,0.204958,7.75425,0.038225,18.065854,7.746341
07/29/2019 04:20:00.000000,0.199185,8.087,0.038,9.642857,5.028571
07/29/2019 04:21:00.000000,0.196687,8.43,0.037125,0.011513,4.756098
07/29/2019 04:22:00.000000,0.202075,8.65275,0.037525,9.212821,4.546154
07/29/2019 04:23:00.000000,0.197057,8.67725,0.039225,0.018602,4.666667
07/29/2019 04:24:00.000000,0.188109,8.49175,0.04055,20.290244,6.407317
07/29/2019 04:25:00.000000,0.178671,8.223,0.04215,9.715909,4.513636
07/29/2019 04:26:00.000000,0.172312,7.96025,0.041525,8.210256,4.353846
07/29/2019 04:27:00.000000,0.189802,7.76925,0.039975,0.016211,5.0
07/29/2019 04:28:00.000000,0.216596,7.5455,0.0394,16.27561,4.246341
07/29/2019 04:29:00.000000,0.211486,7.519,0.03875,5.395,3.5225
07/29/2019 04:30:00.000000,0.213991,7.42775,0.0395,10.283721,4.776744
07/29/2019 04:31:00.000000,0.196946,10.44475,0.04045,16.67,6.7
07/29/2019 04:32:00.000000,0.231364,15.56425,0.0364,10.04878,5.378049
07/29/2019 04:33:00.000000,0.30613,15.5525,0.031675,0.021364,5.186364
07/29/2019 04:34:00.000000,0.28945,11.677,0.032825,0.010598,5.027907
07/29/2019 04:35:00.000000,0.233003,10.41575,0.03545,0.012965,5.34
07/29/2019 04:36:00.000000,0.201088,9.991,0.03845,0.019604,4.37561
07/29/2019 04:37:00.000000,0.182433,9.592,0.0404,0.00775,4.115909
07/29/2019 04:38:00.000000,0.17187,9.2265,0.0402,8.471429,5.814286
07/29/2019 04:39:00.000000,0.170609,8.90025,0.0394,0.006116,4.3675
07/29/2019 04:40:00.000000,0.182932,8.5825,0.038775,0.008168,4.25814
07/29/2019 04:41:00.000000,0.197233,8.194,0.039225,0.012776,6.357143
07/29/2019 04:42:00.000000,0.185402,7.831,0.0397,4.939535,4.25814
07/29/2019 04:43:00.000000,0.167088,7.67725,0.039325,0.006975,4.214286
07/29/2019 04:44:00.000000,0.219608,7.76675,0.0392,10.745238,5.928571
07/29/2019 04:45:00.000000,0.306634,7.893,0.039225,0.020296,5.353846
07/29/2019 04:46:00.000000,0.21053,7.82075,0.0391,6.385714,4.616667
07/29/2019 04:47:00.000000,0.171567,6.94425,0.038775,18.64878,4.5
07/29/2019 04:48:00.000000,0.171677,5.86325,0.038625,11.909302,5.42093
07/29/2019 04:49:00.000000,0.171634,4.93775,0.03805,12.166667,5.516667
07/29/2019 04:50:00.000000,0.171844,4.0305,0.0382,15.805556,6.763889
07/29/2019 04:51:00.000000,0.177996,2.95125,0.03905,9.128571,5.216667
07/29/2019 04:52:00.000000,0.191794,1.93725,0.040175,4.740476,4.385714
07/29/2019 04:53:00.000000,0.191077,0.804,0.040375,0.017738,5.235
07/29/2019 04:54:00.000000,0.170623,-9999.0,0.03975,0.015605,4.892308
07/29/2019 04:55:00.000000,0.158016,-9999.0,0.038675,0.011024,5.47027
07/29/2019 04:56:00.000000,0.174794,-9999.0,0.03825,9.322727,5.945455
07/29/2019 04:57:00.000000,0.198136,9.26675,0.039,0.010668,5.176471
07/29/2019 04:58:00.000000,0.188656,20.485,0.03864,0.024403,4.125
07/29/2019 04:59:00.000000,0.218745,21.3905,0.0382,0.015606,6.14878
07/29/2019 05:00:00.000000,0.338902,21.795,0.03775,19.806977,5.983721
07/29/2019 05:01:00.000000,0.42278,22.04325,0.0373,16.75,4.795
07/29/2019 05:02:00.000000,0.277322,21.713,0.0371,0.013809,5.718605
07/29/2019 05:03:00.000000,0.202457,21.106,0.037525,10.344186,5.9
07/29/2019 05:04:00.000000,0.189617,20.1315,0.03865,19.468182,5.815909
07/29/2019 05:05:00.000000,0.189221,19.11025,0.038675,11.658974,5.451282
07/29/2019 05:06:00.000000,0.191968,17.913,0.038025,0.017402,5.568889
07/29/2019 05:07:00.000000,0.193115,16.61475,0.0383,21.051163,5.169767
07/29/2019 05:08:00.000000,0.188819,15.31925,0.03805,13.145,4.335
07/29/2019 05:09:00.000000,0.192348,14.17025,0.036425,0.008795,4.802326
07/29/2019 05:10:00.000000,0.20395,13.34125,0.037275,18.388372,5.760465
07/29/2019 05:11:00.000000,0.218728,12.6705,0.03745,14.661905,5.471429
07/29/2019 05:12:00.000000,0.23739,12.52325,0.037125,4.115625,3.85
07/29/2019 05:13:00.000000,0.224835,12.38925,0.03695,0.012117,4.653659
07/29/2019 05:14:00.000000,0.224914,12.18,0.03735,8.956098,4.397561
07/29/2019 05:15:00.000000,0.219052,12.10525,0.03835,0.012629,4.130769
07/29/2019 05:16:00.000000,0.202478,8.51425,0.04025,17.425,4.015
07/29/2019 05:17:00.000000,0.196966,178.2205,0.041875,8.848718,4.507692
07/29/2019 05:18:00.000000,0.18058,333.35925,0.041275,0.0089,4.982609
07/29/2019 05:19:00.000000,0.189742,344.78975,0.04074,12.419355,4.032258
07/29/2019 05:20:00.000000,0.196024,344.069,0.04,11.807143,6.742857
07/29/2019 05:21:00.000000,0.183502,344.36425,0.03975,16.928571,5.014286
07/29/2019 05:22:00.000000,0.174206,344.5165,0.04045,0.013924,5.357143
07/29/2019 05:23:00.000000,0.172299,344.399,0.041975,0.013391,6.095
07/29/2019 05:24:00.000000,0.172209,344.3015,0.042,0.010655,4.813333
07/29/2019 05:25:00.000000,0.220058,344.251,0.04015,11.471429,4.685714
07/29/2019 05:26:00.000000,0.234272,259.254,0.04015,0.009745,5.704651
07/29/2019 05:27:00.000000,0.19074,1.1945,0.0403,7.484615,5.561538
07/29/2019 05:28:00.000000,0.176883,0.0375,0.03955,0.006061,4.657895
07/29/2019 05:29:00.000000,0.176037,0.07575,0.0396,10.219512,5.95122
07/29/2019 05:30:00.000000,0.181273,-9999.0,0.041075,0.014803,4.74878
07/29/2019 05:31:00.000000,0.173463,-9999.0,0.041975,0.012487,5.144444
07/29/2019 05:32:00.000000,0.158969,-9999.0,0.04164,4.073529,3.941176
07/29/2019 05:33:00.000000,0.154957,-9999.0,0.042033,0.0058,4.5
07/29/2019 05:34:00.000000,0.147677,-9999.0,0.042625,0.009441,4.764103
07/29/2019 05:35:00.000000,0.148292,-9999.0,0.042225,0.026519,6.428571
07/29/2019 05:36:00.000000,0.152336,-9999.0,0.041575,0.021386,5.078049
07/29/2019 05:37:00.000000,0.155553,0.793,0.0411,12.86,4.8
07/29/2019 05:38:00.000000,0.161403,1.833,0.040025,0.028355,5.397561
07/29/2019 05:39:00.000000,0.163567,2.56575,0.04,0.020823,4.811628
07/29/2019 05:40:00.000000,0.166169,3.3455,0.040725,11.8,6.414286
07/29/2019 05:41:00.000000,0.157154,4.1665,0.04125,0.015961,5.12439
07/29/2019 05:42:00.000000,0.151082,4.8835,0.04255,0.012936,5.31
07/29/2019 05:43:00.000000,0.154838,5.59075,0.042825,10.1,5.313043
07/29/2019 05:44:00.000000,0.152099,6.126,0.041825,0.011382,4.96
07/29/2019 05:45:00.000000,0.151509,6.0935,0.0412,17.45122,5.497561
07/29/2019 05:46:00.000000,0.192318,6.1895,0.04005,0.015168,5.856098
07/29/2019 05:47:00.000000,1.257386,6.35775,0.039125,12.557143,5.3
07/29/2019 05:48:00.000000,3.229385,6.4645,0.03935,13.635,4.605
07/29/2019 05:49:00.000000,3.817366,,,,
07/29/2019 05:50:00.000000,3.872079,6.78525,0.03855,0.014347,5.81
07/29/2019 05:51:00.000000,3.877381,6.96225,0.03865,0.006564,4.871429
07/29/2019 05:52:00.000000,3.884692,7.1255,0.03865,0.012523,5.635
07/29/2019 05:53:00.000000,3.884081,7.1645,0.03905,0.010377,4.771429
07/29/2019 05:54:00.000000,3.885291,7.00525,0.039275,0.0209,5.112195
07/29/2019 05:55:00.000000,3.881911,6.9045,0.039075,16.1,6.6
07/29/2019 05:56:00.000000,3.693445,6.76825,0.040175,15.641667,9.466667
07/29/2019 05:57:00.000000,1.863683,6.58225,0.04115,13.397619,7.0
07/29/2019 05:58:00.000000,0.206243,6.419,0.040475,15.917143,6.694286
07/29/2019 05:59:00.000000,0.014276,6.25975,0.03975,0.014159,7.38
07/29/2019 06:00:00.000000,0.011565,6.10525,0.039925,17.413158,5.226316
07/29/2019 06:01:00.000000,0.010491,6.003333,0.0401,10.030769,5.307692
07/29/2019 06:02:00.000000,0.00993,5.80725,0.040625,0.024515,5.232558
07/29/2019 06:03:00.000000,0.011982,5.6195,0.041075,0.015567,6.56
07/29/2019 06:04:00.000000,0.008134,5.55375,0.0409,24.053846,5.446154
07/29/2019 06:05:00.000000,0.006927,5.6025,0.0397,7.29,4.095
07/29/2019 06:06:00.000000,0.000579,5.6105,0.038975,0.03515,6.290244
07/29/2019 06:07:00.000000,0.029064,5.59575,0.03935,0.025077,9.118182
07/29/2019 06:08:00.000000,0.10885,5.56075,0.0396,0.037356,6.25
07/29/2019 06:09:00.000000,0.130806,,,,
07/29/2019 06:10:00.000000,0.134412,5.81525,0.036875,17.265116,5.562791
07/29/2019 06:11:00.000000,0.138079,6.37825,0.03345,0.01694,6.053846
07/29/2019 06:12:00.000000,0.169689,6.65825,0.0352,0.034421,5.587805
07/29/2019 06:13:00.000000,0.196795,6.88,0.036725,0.013435,4.905
07/29/2019 06:14:00.000000,0.218052,7.01325,0.03755,15.55,5.82
07/29/2019 06:15:00.000000,0.19175,7.31325,0.0366,0.011805,5.663158
07/29/2019 06:16:00.000000,0.235721,8.02175,0.033875,0.013406,5.268293
07/29/2019 06:17:00.000000,0.220129,8.2035,0.035525,22.995122,7.163415
07/29/2019 06:18:00.000000,0.165764,8.282,0.036025,0.009665,4.78
07/29/2019 06:19:00.000000,0.148939,8.002,0.035875,5.336364,5.336364
07/29/2019 06:20:00.000000,0.14575,8.069,0.035625,21.785714,5.242857
07/29/2019 06:21:00.000000,0.149348,8.13875,0.0349,15.104878,6.395122
07/29/2019 06:22:00.000000,0.153777,8.32425,0.0341,25.239024,6.941463
07/29/2019 06:23:00.000000,0.15436,8.23325,0.03495,13.185366,6.195122
07/29/2019 06:24:00.000000,0.144451,7.76275,0.03565,11.525,5.405
07/29/2019 06:25:00.000000,0.143172,7.843,0.034575,0.0281,5.966667
07/29/2019 06:26:00.000000,0.184504,7.97725,0.0338,9.676744,6.186047
07/29/2019 06:27:00.000000,0.204251,8.1045,0.0342,0.012408,5.69
07/29/2019 06:28:00.000000,0.170932,8.02675,0.034825,0.014927,7.3325
07/29/2019 06:29:00.000000,0.151198,,,,
07/29/2019 06:30:00.000000,0.145339,7.76575,0.035375,0.022376,5.747619
07/29/2019 06:31:00.000000,0.156913,9.27825,0.03335,0.038982,6.018182
07/29/2019 06:32:00.000000,0.156473,16.52075,0.029175,0.025116,5.768293
07/29/2019 06:33:00.000000,0.154192,9.545,0.03085,0.00849,4.870732
07/29/2019 06:34:00.000000,0.155834,7.24075,0.033775,0.014468,7.271429
07/29/2019 06:35:00.000000,0.148319,7.15,0.03465,10.642105,6.015789
07/29/2019 06:36:00.000000,0.179191,7.177,0.034775,10.027027,5.281081
07/29/2019 06:37:00.000000,0.199621,7.20025,0.033975,0.013374,6.56
07/29/2019 06:38:00.000000,0.161851,7.21825,0.0333,0.023405,6.219512
07/29/2019 06:39:00.000000,0.147553,7.2825,0.033675,0.015216,6.937209
07/29/2019 06:40:00.000000,0.147209,7.3365,0.033825,0.009349,6.42
07/29/2019 06:41:00.000000,0.153515,7.394,0.03375,5.402381,5.357143
07/29/2019 06:42:00.000000,0.168099,7.4655,0.03295,0.018803,7.569231
07/29/2019 06:43:00.000000,0.180007,7.58875,0.032775,11.021429,6.028571
07/29/2019 06:44:00.000000,0.192868,7.699,0.0325,0.017662,7.686364
07/29/2019 06:45:00.000000,0.214465,7.87925,0.0319,0.04882,7.575
07/29/2019 06:46:00.000000,0.210283,8.02175,0.1168,0.016186,6.5
07/29/2019 06:47:00.000000,0.194516,8.1005,0.23815,0.012981,5.535
07/29/2019 06:48:00.000000,0.193395,8.297,0.241525,16.585714,7.114286
07/29/2019 06:49:00.000000,0.182015,8.528,0.24365,,
07/29/2019 06:50:00.000000,0.166118,8.68675,0.244275,9.345455,6.475
07/29/2019 06:51:00.000000,0.162897,8.832,0.2443,0.013664,5.958537
07/29/2019 06:52:00.000000,0.163983,8.98475,0.244425,9.561905,6.5
07/29/2019 06:53:00.000000,0.162455,8.942,0.24485,0.018385,6.0
07/29/2019 06:54:00.000000,0.162242,8.9525,0.245275,13.45814,7.155814
07/29/2019 06:55:00.000000,0.166665,8.98725,0.245175,0.016979,8.257143
07/29/2019 06:56:00.000000,0.171455,9.0125,0.216975,21.5,6.785
07/29/2019 06:57:00.000000,0.168708,8.986,-9999.0,0.018599,7.95122
07/29/2019 06:58:00.000000,0.165903,8.83175,-9999.0,0.029341,5.82
07/29/2019 06:59:00.000000,0.162907,8.73125,-9999.0,0.01618,7.233333
07/29/2019 07:00:00.000000,0.159713,8.686,-9999.0,0.013409,7.345
07/29/2019 07:01:00.000000,0.160674,8.545,-9999.0,5.578049,5.080488
07/29/2019 07:02:00.000000,0.159407,8.39925,-9999.0,0.012654,5.302326
07/29/2019 07:03:00.000000,0.153684,8.321,-9999.0,0.010204,6.066667
07/29/2019 07:04:00.000000,0.155083,8.30075,-9999.0,9.225,6.795
07/29/2019 07:05:00.000000,0.154178,8.1445,-9999.0,10.253659,6.302439
07/29/2019 07:06:00.000000,0.149052,8.127,-9999.0,0.019726,5.687805
07/29/2019 07:07:00.000000,0.149802,7.94975,-9999.0,14.095455,6.031818
07/29/2019 07:08:00.000000,0.151102,7.72075,-9999.0,6.857143,5.757143
07/29/2019 07:09:00.000000,0.147739,7.6245,-9999.0,9.14186,5.951163
07/29/2019 07:10:00.000000,0.143476,7.5655,-9999.0,13.227907,5.311628
07/29/2019 07:11:00.000000,0.144171,7.45325,-9999.0,13.371429,7.257143
07/29/2019 07:12:00.000000,0.143105,7.26575,-9999.0,0.023437,7.938462
07/29/2019 07:13:00.000000,0.151887,7.3985,-9999.0,0.022817,6.725
07/29/2019 07:14:00.000000,0.156144,7.41475,0.000375,8.961905,6.757143
07/29/2019 07:15:00.000000,0.153724,7.44225,0.00065,9.834146,5.970732
07/29/2019 07:16:00.000000,0.155248,7.52125,0.00435,0.014133,6.04878
07/29/2019 07:17:00.000000,0.148379,7.51325,0.0443,5.746154,4.915385
07/29/2019 07:18:00.000000,0.142084,7.4975,0.037225,0.024823,6.441463
07/29/2019 07:19:00.000000,0.14587,7.5035,0.0343,0.008467,5.6
07/29/2019 07:20:00.000000,0.144703,7.37025,0.03335,0.022404,5.734884
07/29/2019 07:21:00.000000,0.139568,7.01275,0.034675,11.9375,7.1125
07/29/2019 07:22:00.000000,0.132598,6.6855,0.03525,0.020232,6.095349
07/29/2019 07:23:00.000000,0.132001,6.42725,0.034875,0.020501,5.471429
07/29/2019 07:24:00.000000,0.131856,6.17825,0.03475,13.286842,7.223684
07/29/2019 07:25:00.000000,0.130656,6.04425,0.035,0.013833,7.914634
07/29/2019 07:26:00.000000,0.13139,5.80525,0.0355,0.026725,7.157895
07/29/2019 07:27:00.000000,0.129871,5.5315,0.036375,10.5,5.416667
07/29/2019 07:28:00.000000,0.137152,5.36275,0.035275,0.020098,6.471429
07/29/2019 07:29:00.000000,0.160904,,,,
07/29/2019 07:30:00.000000,0.15967,5.35075,0.03545,0.013647,6.631707
07/29/2019 07:31:00.000000,0.15205,5.3035,0.035725,9.084615,6.869231
07/29/2019 07:32:00.000000,0.172353,5.28275,0.03555,0.015136,6.042857
07/29/2019 07:33:00.000000,0.201454,5.33625,0.035525,14.814286,6.842857
07/29/2019 07:34:00.000000,0.167633,5.45325,0.03535,0.00703,5.138462
07/29/2019 07:35:00.000000,0.162207,5.61025,0.035275,0.025288,5.960976
07/29/2019 07:36:00.000000,0.175026,5.70875,0.03485,0.02443,6.285366
07/29/2019 07:37:00.000000,0.157674,5.829,0.033925,0.013161,5.7
07/29/2019 07:38:00.000000,0.151077,6.031,0.033975,8.77561,5.343902
07/29/2019 07:39:00.000000,0.155528,6.243,0.0341,0.024998,6.691304
07/29/2019 07:40:00.000000,0.160276,6.5395,0.0331,0.013223,6.477778
07/29/2019 07:41:00.000000,0.369048,7.07725,0.03075,0.01772,5.887805
07/29/2019 07:42:00.000000,0.577954,7.43775,0.031175,13.085,5.97
07/29/2019 07:43:00.000000,0.435564,7.67625,0.032425,0.011786,6.774419
07/29/2019 07:44:00.000000,0.254929,7.867,0.032325,6.258696,5.943478
07/29/2019 07:45:00.000000,0.208941,8.12825,0.03235,0.011512,5.713953
07/29/2019 07:46:00.000000,0.198047,8.31675,0.032625,10.804651,6.560465
07/29/2019 07:47:00.000000,0.182535,8.513,0.03215,0.013288,6.953846
07/29/2019 07:48:00.000000,0.17707,8.61525,0.03155,0.007806,6.053488
07/29/2019 07:49:00.000000,0.164975,,,,
07/29/2019 07:50:00.000000,0.161196,8.499,0.0314,17.790244,5.646341
07/29/2019 07:51:00.000000,0.162311,8.53175,0.0316,0.011254,5.670732
07/29/2019 07:52:00.000000,0.16275,8.6305,0.03145,0.011069,6.727907
07/29/2019 07:53:00.000000,0.165564,8.6435,0.031125,0.007744,6.087805
07/29/2019 07:54:00.000000,0.16228,8.7255,0.0315,13.873684,7.028947
07/29/2019 07:55:00.000000,0.162076,8.79775,0.031575,30.058537,6.204878
07/29/2019 07:56:00.000000,0.16491,8.7645,0.031925,0.012741,6.523404
07/29/2019 07:57:00.000000,0.161974,8.684,0.03135,0.013113,6.77
07/29/2019 07:58:00.000000,0.164471,8.62175,0.03165,0.011451,5.804878
07/29/2019 07:59:00.000000,0.163105,8.5745,0.0323,0.009685,5.85814
07/29/2019 08:00:00.000000,0.162017,8.4475,0.033075,7.44186,5.813953
07/29/2019 08:01:00.000000,0.158037,8.28325,0.033875,0.012122,5.716667
07/29/2019 08:02:00.000000,0.155015,8.15525,0.033475,8.331707,5.785366
07/29/2019 08:03:00.000000,0.159391,8.088,0.032975,0.020749,10.428571
07/29/2019 08:04:00.000000,0.177054,8.0505,0.03325,16.46,10.86
07/29/2019 08:05:00.000000,0.197795,8.02525,0.03285,0.032301,7.593333
07/29/2019 08:06:00.000000,0.195244,8.126,0.03165,11.971795,6.725641
07/29/2019 08:07:00.000000,0.191807,8.236,0.0311,0.015302,6.785366
07/29/2019 08:08:00.000000,0.194756,8.4895,0.03085,6.802326,6.111628
07/29/2019 08:09:00.000000,0.193875,,,,
07/29/2019 08:10:00.000000,0.18746,8.95075,0.030875,0.017821,6.057143
07/29/2019 08:11:00.000000,0.183556,9.0855,0.0306,0.014992,7.425581
07/29/2019 08:12:00.000000,0.176607,9.18825,0.030525,0.01347,6.246154
07/29/2019 08:13:00.000000,0.17132,9.23225,0.031075,19.177273,6.690909
07/29/2019 08:14:00.000000,0.172918,9.19625,0.031475,16.460976,5.860976
07/29/2019 08:15:00.000000,0.178427,9.17025,0.03095,0.014106,7.492683
07/29/2019 08:16:00.000000,0.197339,9.16275,0.02935,16.689744,6.784615
07/29/2019 08:17:00.000000,0.221066,9.39475,0.027725,16.28,7.755
07/29/2019 08:18:00.000000,0.253508,9.5725,0.02765,0.013405,6.231579
07/29/2019 08:19:00.000000,0.294388,9.83175,0.027025,9.886667,7.286667
07/29/2019 08:20:00.000000,0.297905,10.144,0.026925,14.95641,6.279487
07/29/2019 08:21:00.000000,0.306056,10.51675,0.0266,23.788372,8.251163
07/29/2019 08:22:00.000000,0.313623,10.8705,0.0267,0.023428,8.427907
07/29/2019 08:23:00.000000,0.298075,11.13125,0.026725,0.035926,8.4
07/29/2019 08:24:00.000000,0.297673,7.1065,0.023925,29.368293,8.314634
07/29/2019 08:25:00.000000,0.372981,12.21025,0.0218,20.319512,6.592683
07/29/2019 08:26:00.000000,0.342759,9.52075,0.026275,0.028068,6.638462
07/29/2019 08:27:00.000000,0.222828,9.2235,0.027625,0.01152,6.445
07/29/2019 08:28:00.000000,0.186445,8.942,0.028575,0.012255,6.483333
07/29/2019 08:29:00.000000,0.182688,,,,
07/29/2019 08:30:00.000000,0.183472,8.5945,0.02885,6.78,6.09
07/29/2019 08:31:00.000000,0.182379,8.46825,0.02885,11.990476,7.028571
07/29/2019 08:32:00.000000,0.184068,8.32975,0.029075,0.017116,6.521875
07/29/2019 08:33:00.000000,0.182013,8.2725,0.02895,15.485714,7.271429
07/29/2019 08:34:00.000000,0.185725,8.27625,0.028375,0.018475,8.76
07/29/2019 08:35:00.000000,0.185643,8.29475,0.027725,0.017157,8.065
07/29/2019 08:36:00.000000,0.203439,8.40875,0.0277,0.008898,6.185714
07/29/2019 08:37:00.000000,0.201461,8.46525,0.028325,11.406977,6.988372
07/29/2019 08:38:00.000000,0.186513,8.436,0.029525,14.906897,7.393103
07/29/2019 08:39:00.000000,0.177951,8.32975,0.030425,0.023892,7.4
07/29/2019 08:40:00.000000,0.17982,8.24075,0.030775,0.011152,6.887805
07/29/2019 08:41:00.000000,0.18059,8.09125,0.029875,0.011077,7.285294
07/29/2019 08:42:00.000000,0.184234,7.9145,0.029625,12.246341,7.641463
07/29/2019 08:43:00.000000,0.182958,7.66425,0.029925,0.029538,8.509524
07/29/2019 08:44:00.000000,0.18077,7.4285,0.029925,7.425806,6.764516
07/29/2019 08:45:00.000000,0.181427,7.2015,0.03065,13.975,6.275
07/29/2019 08:46:00.000000,0.182082,7.0395,0.031225,14.297561,6.968293
07/29/2019 08:47:00.000000,0.187002,6.93125,0.03105,0.018266,7.972727
07/29/2019 08:48:00.000000,0.179898,6.79575,0.0316,0.015119,8.0
07/29/2019 08:49:00.000000,0.168849,6.6645,0.031475,6.906818,6.318182
07/29/2019 08:50:00.000000,0.169902,6.554,0.03085,0.016147,9.234146
07/29/2019 08:51:00.000000,0.17196,6.4595,0.030375,6.354545,6.215152
07/29/2019 08:52:00.000000,0.178871,6.3095,0.02995,0.010305,7.209756
07/29/2019 08:53:00.000000,0.179151,6.31425,0.02995,0.012095,7.317949
07/29/2019 08:54:00.000000,0.176922,6.42225,0.03045,0.015325,6.787805
07/29/2019 08:55:00.000000,0.176044,6.60525,0.03,16.876923,8.307692
07/29/2019 08:56:00.000000,0.17549,6.8175,0.029125,13.52,7.58
07/29/2019 08:57:00.000000,0.184514,7.00125,0.029325,0.015695,7.4
07/29/2019 08:58:00.000000,0.185579,7.229,0.02875,0.021537,6.717073
07/29/2019 08:59:00.000000,0.1742,7.60075,0.0277,11.25814,6.513953
07/29/2019 09:00:00.000000,0.181358,7.77375,0.0284,0.011848,6.83
07/29/2019 09:01:00.000000,0.178009,7.95625,0.027875,0.015119,7.495
07/29/2019 09:02:00.000000,0.17308,8.14925,0.0274,0.013844,7.258537
07/29/2019 09:03:00.000000,0.169337,8.33725,0.02795,0.00904,7.033333
07/29/2019 09:04:00.000000,0.166773,8.504,0.028125,0.010336,6.48
07/29/2019 09:05:00.000000,0.160957,8.62625,0.02905,0.012301,6.228571
07/29/2019 09:06:00.000000,0.159528,8.577,0.029375,5.9,5.366667
07/29/2019 09:07:00.000000,0.163811,8.49475,0.02905,10.907317,7.760976
07/29/2019 09:08:00.000000,0.171017,8.59275,0.02875,11.443902,6.492683
07/29/2019 09:09:00.000000,0.276866,8.70875,0.02855,11.572727,5.940909
07/29/2019 09:10:00.000000,0.703145,8.76325,0.029525,7.453659,6.397561
07/29/2019 09:11:00.000000,0.476498,8.77625,0.0298,14.860465,6.583721
07/29/2019 09:12:00.000000,0.209937,8.85725,0.0293,10.628571,7.266667
07/29/2019 09:13:00.000000,0.190327,8.8185,0.030375,0.009935,6.490909
07/29/2019 09:14:00.000000,0.159122,8.87,0.03095,16.23125,7.36875
07/29/2019 09:15:00.000000,0.150881,13.64775,0.028675,15.625714,7.691429
07/29/2019 09:16:00.000000,0.18969,14.2115,0.02765,0.011787,6.323256
07/29/2019 09:17:00.000000,0.18653,9.23075,0.029175,0.013484,6.531818
07/29/2019 09:18:00.000000,0.152075,9.7155,0.0286,0.01009,6.224242
07/29/2019 09:19:00.000000,0.147849,11.069,0.027125,0.014347,7.754286
07/29/2019 09:20:00.000000,0.154901,11.28525,0.026575,23.855814,7.283721
07/29/2019 09:21:00.000000,0.158057,11.113,0.02755,19.766667,7.2
07/29/2019 09:22:00.000000,0.155281,10.79875,0.0287,0.027152,8.466667
07/29/2019 09:23:00.000000,0.141993,10.44825,0.029575,10.071795,6.407692
07/29/2019 09:24:00.000000,0.131479,10.01875,0.0303,6.480952,5.92381
07/29/2019 09:25:00.000000,0.129772,9.64475,0.030625,0.016826,7.614286
07/29/2019 09:26:00.000000,0.13473,9.33075,0.03045,11.825581,6.351163
07/29/2019 09:27:00.000000,0.146042,9.06825,0.029525,0.016682,6.857895
07/29/2019 09:28:00.000000,0.150559,8.8655,0.028975,14.228571,6.228571
07/29/2019 09:29:00.000000,0.150961,8.7045,0.028475,7.585,6.27
07/29/2019 09:30:00.000000,0.153112,8.67125,0.028325,0.02781,7.057895
07/29/2019 09:31:00.000000,0.15266,8.679,0.02835,0.025631,8.907317
07/29/2019 09:32:00.000000,0.160105,8.7045,0.02765,0.017246,7.721739
07/29/2019 09:33:00.000000,0.157673,8.685,0.0279,17.655263,7.078947
07/29/2019 09:34:00.000000,0.152976,8.5335,0.0288,26.253846,7.423077
07/29/2019 09:35:00.000000,0.150936,8.3645,0.029475,18.581579,8.089474
07/29/2019 09:36:00.000000,0.145862,8.2695,0.02895,0.031708,6.930769
07/29/2019 09:37:00.000000,0.141936,8.36475,0.0276,0.014699,6.4375
07/29/2019 09:38:00.000000,0.143842,8.57825,0.02695,12.47,7.335
07/29/2019 09:39:00.000000,0.144186,8.8135,0.026125,0.024364,6.981818
07/29/2019 09:40:00.000000,0.145611,9.05,0.026,0.027178,7.480645
07/29/2019 09:41:00.000000,0.147569,9.1365,0.0267,0.011627,6.802564
07/29/2019 09:42:00.000000,0.142696,9.24375,0.02685,23.712821,6.869231
07/29/2019 09:43:00.000000,0.139369,9.2255,0.0274,0.047824,8.064706
07/29/2019 09:44:00.000000,0.137532,9.16025,0.0279,0.028226,8.766667
07/29/2019 09:45:00.000000,0.141939,8.98825,0.02695,9.127907,7.05814
07/29/2019 09:46:00.000000,0.145623,9.09425,0.0249,0.036806,8.468421
07/29/2019 09:47:00.000000,0.159357,9.11025,0.0246,24.840909,8.895455
07/29/2019 09:48:00.000000,0.153727,9.01075,0.0255,0.026374,7.934483
07/29/2019 09:49:00.000000,0.142321,9.053,0.02685,18.538462,7.561538
07/29/2019 09:50:00.000000,0.158747,9.15225,0.02715,0.028497,8.446512
07/29/2019 09:51:00.000000,0.160156,9.45325,0.0263,0.024158,10.058333
07/29/2019 09:52:00.000000,0.150627,9.70775,0.0257,20.77561,8.607317
07/29/2019 09:53:00.000000,0.14288,9.66375,0.02615,27.945946,9.724324
07/29/2019 09:54:00.000000,0.14038,9.33825,0.026625,28.025,8.790909
07/29/2019 09:55:00.000000,0.139619,9.11175,0.026625,16.255,7.92
07/29/2019 09:56:00.000000,0.144105,8.9735,0.02625,0.035939,7.628571
07/29/2019 09:57:00.000000,0.162868,8.99175,0.025325,0.027702,8.863158
07/29/2019 09:58:00.000000,0.1874,8.8915,0.02545,0.027476,7.990244
07/29/2019 09:59:00.000000,0.156531,8.597,0.02675,29.352174,10.321739
07/29/2019 10:00:00.000000,0.142662,8.3715,0.026825,24.026316,8.963158
07/29/2019 10:01:00.000000,0.138674,8.28325,0.026925,0.033039,8.87
07/29/2019 10:02:00.000000,0.043004,8.14675,0.027125,0.02262,7.884615
07/29/2019 10:03:00.000000,0.023258,8.0715,0.02675,0.022736,9.065854
07/29/2019 10:04:00.000000,0.001938,8.0785,0.026475,0.033978,9.128571
07/29/2019 10:05:00.000000,0.002504,7.99525,0.02605,0.010344,6.975
07/29/2019 10:06:00.000000,0.000527,8.01325,0.026075,0.022059,8.45
07/29/2019 10:07:00.000000,-9999.0,8.0125,0.0266,0.020739,7.545
07/29/2019 10:08:00.000000,0.00518,7.9815,0.0269,0.009362,6.869767
07/29/2019 10:09:00.000000,0.001718,8.00325,0.026625,15.555,7.8725
07/29/2019 10:10:00.000000,0.002607,7.99075,0.02675,31.193182,8.790909
07/29/2019 10:11:00.000000,-9999.0,7.95625,0.02685,0.035677,8.737209
07/29/2019 10:12:00.000000,0.023256,7.8795,0.02665,30.373809,9.814286
07/29/2019 10:13:00.000000,0.07898,7.75675,0.02665,35.846154,12.792308
07/29/2019 10:14:00.000000,0.122078,7.72225,0.02645,0.024779,9.661538
07/29/2019 10:15:00.000000,0.123041,7.608,0.026875,0.019894,8.073684
07/29/2019 10:16:00.000000,0.12779,7.4205,0.028475,0.02389,8.242857
07/29/2019 10:17:00.000000,0.12817,7.314333,0.02885,25.885714,10.014286
07/29/2019 10:18:00.000000,0.12352,7.2635,0.02775,17.604878,8.280488
07/29/2019 10:19:00.000000,0.128528,7.1945,0.02755,0.020017,8.597561
07/29/2019 10:20:00.000000,0.12596,7.04,0.0277,0.023471,9.72
07/29/2019 10:21:00.000000,0.126014,6.9435,0.028775,23.1,7.472093
07/29/2019 10:22:00.000000,0.125333,6.75925,0.02845,0.030296,9.594595
07/29/2019 10:23:00.000000,0.124913,6.93975,0.027,0.05671,7.513333
07/29/2019 10:24:00.000000,0.130886,7.15525,0.0257,0.019087,8.218605
07/29/2019 10:25:00.000000,0.143029,7.49525,0.025975,0.023542,9.584615
07/29/2019 10:26:00.000000,0.135093,7.75575,0.026475,0.027088,9.454545
07/29/2019 10:27:00.000000,0.14655,8.00425,0.0267,16.495122,9.570732
07/29/2019 10:28:00.000000,0.174844,8.37725,0.026525,0.033055,11.931818
07/29/2019 10:29:00.000000,0.14594,8.9825,0.024425,0.027027,9.128571
07/29/2019 10:30:00.000000,0.137607,9.5515,0.023175,24.769767,8.513953
07/29/2019 10:31:00.000000,0.136583,9.812,0.024175,17.617073,8.329268
07/29/2019 10:32:00.000000,0.135212,9.84725,0.02635,24.545,8.3
07/29/2019 10:33:00.000000,0.131265,9.61475,0.027875,15.329268,9.32439
07/29/2019 10:34:00.000000,0.126415,9.6635,0.02675,25.418182,9.415909
07/29/2019 10:35:00.000000,0.127955,9.6255,0.02645,0.023471,8.363636
07/29/2019 10:36:00.000000,0.126811,9.57375,0.026425,0.02717,7.0
07/29/2019 10:37:00.000000,0.12463,9.27875,0.0263,30.013636,10.331818
07/29/2019 10:38:00.000000,0.138901,8.9415,0.026825,30.514286,11.0
07/29/2019 10:39:00.000000,0.158013,8.72975,0.026275,19.217073,8.182927
07/29/2019 10:40:00.000000,0.158716,8.81075,0.025925,12.868182,7.354545
07/29/2019 10:41:00.000000,0.145503,8.95,0.025725,0.038236,9.7
07/29/2019 10:42:00.000000,0.141888,8.92375,0.0255,19.442857,10.933333
07/29/2019 10:43:00.000000,0.153225,8.61425,0.028575,19.342857,8.016667
07/29/2019 10:44:00.000000,0.144981,8.30075,0.02965,0.030225,7.146154
07/29/2019 10:45:00.000000,0.131376,7.90675,0.02945,35.5125,7.015
07/29/2019 10:46:00.000000,0.131815,7.5525,0.029725,0.038849,8.53
07/29/2019 10:47:00.000000,0.139716,7.18325,0.02985,16.4,7.6
07/29/2019 10:48:00.000000,0.149708,6.7985,0.02965,0.032718,8.862791
07/29/2019 10:49:00.000000,0.170631,6.4195,0.029325,,
07/29/2019 10:50:00.000000,0.182519,6.08325,0.0292,16.842105,7.713158
07/29/2019 10:51:00.000000,0.132786,6.146,0.02935,0.01684,7.061538
07/29/2019 10:52:00.000000,0.122219,6.21125,0.028825,0.015848,7.663415
07/29/2019 10:53:00.000000,0.134978,6.3175,0.028725,0.017368,8.866667
07/29/2019 10:54:00.000000,0.130874,6.3925,0.0291,0.016389,7.256757
07/29/2019 10:55:00.000000,0.120435,6.4115,0.029675,0.028522,9.875
07/29/2019 10:56:00.000000,0.122029,6.4595,0.02975,0.030869,7.732558
07/29/2019 10:57:00.000000,0.122479,11.724,0.027175,0.01594,7.382927
07/29/2019 10:58:00.000000,0.139685,8.40925,0.027275,0.020185,7.914286
07/29/2019 10:59:00.000000,0.132523,6.94275,0.0275,10.890698,7.397674
07/29/2019 11:00:00.000000,0.132752,9.9615,0.0249,18.218182,7.386364
07/29/2019 11:01:00.000000,0.151937,8.635,0.02625,26.385,7.995
07/29/2019 11:02:00.000000,0.142448,8.17475,0.026825,0.022981,8.790909
07/29/2019 11:03:00.000000,0.144045,7.97575,0.027325,0.033675,8.555814
07/29/2019 11:04:00.000000,0.1701,7.8905,0.0282,0.031348,7.214286
07/29/2019 11:05:00.000000,0.155622,7.86025,0.02805,17.8,7.256098
07/29/2019 11:06:00.000000,0.137545,7.793,0.02805,17.371429,7.642857
07/29/2019 11:07:00.000000,0.130494,9.03725,0.027125,0.021838,8.985714
07/29/2019 11:08:00.000000,0.148066,12.96225,0.02425,0.018327,7.492683
07/29/2019 11:09:00.000000,0.183853,12.6285,0.0234,14.9625,8.6
07/29/2019 11:10:00.000000,0.154208,10.65175,0.02505,0.039594,7.78
07/29/2019 11:11:00.000000,0.136521,13.762,0.02475,0.022205,9.555
07/29/2019 11:12:00.000000,0.15147,14.108,0.02345,0.019409,7.5
07/29/2019 11:13:00.000000,0.14987,11.63725,0.024225,0.025124,7.447826
07/29/2019 11:14:00.000000,0.146913,21.807,0.02105,16.790244,9.634146
07/29/2019 11:15:00.000000,0.157296,15.0875,0.021275,23.735,9.575
07/29/2019 11:16:00.000000,0.151796,14.8775,0.023625,0.013695,7.618182
07/29/2019 11:17:00.000000,0.141406,11.83375,0.024925,54.865116,8.748837
07/29/2019 11:18:00.000000,0.154935,8.969,0.026775,0.040696,11.657143
07/29/2019 11:19:00.000000,0.142043,8.9625,0.027175,21.5375,9.38
07/29/2019 11:20:00.000000,0.12675,9.134,0.026425,0.027287,9.988372
07/29/2019 11:21:00.000000,0.12894,9.751,0.023875,14.847619,7.714286
07/29/2019 11:22:00.000000,0.138604,10.843,0.01985,16.0,8.738462
07/29/2019 11:23:00.000000,0.180184,16.027,0.01595,0.04192,8.242105
07/29/2019 11:24:00.000000,0.220949,23.105,0.013025,0.036492,8.692308
07/29/2019 11:25:00.000000,0.210325,27.02575,0.01215,21.225641,10.492308
07/29/2019 11:26:00.000000,0.224617,22.173,0.01425,18.770455,10.309091
07/29/2019 11:27:00.000000,0.202562,23.983,0.014675,27.253333,9.94
07/29/2019 11:28:00.000000,0.174536,23.7135,0.0143,41.858824,10.311765
07/29/2019 11:29:00.000000,0.158896,18.7605,0.018375,19.096552,8.351724
07/29/2019 11:30:00.000000,0.161156,16.89275,0.0192,0.028678,7.855814
07/29/2019 11:31:00.000000,0.187291,17.2515,0.0185,16.45,7.994118
07/29/2019 11:32:00.000000,0.160657,17.2505,0.018975,17.947059,8.388235
07/29/2019 11:33:00.000000,0.143637,17.683,0.01765,0.018038,9.505
07/29/2019 11:34:00.000000,0.149077,19.44175,0.015725,0.02876,10.8
07/29/2019 11:35:00.000000,0.203919,28.31075,0.012625,19.742857,9.5
07/29/2019 11:36:00.000000,0.393398,23.53225,0.013025,0.028596,9.8
07/29/2019 11:37:00.000000,0.286459,22.30075,0.0141,28.739024,9.729268
07/29/2019 11:38:00.000000,0.196072,20.81825,0.01545,0.020077,7.907317
07/29/2019 11:39:00.000000,0.172838,22.6185,0.01615,0.026966,9.837209
07/29/2019 11:40:00.000000,0.172847,22.22925,0.01535,0.031633,8.616667
07/29/2019 11:41:00.000000,0.163062,18.98475,0.0173,14.86875,8.6875
07/29/2019 11:42:00.000000,0.184683,18.54475,0.01865,0.025682,10.772727
07/29/2019 11:43:00.000000,0.275065,18.156,0.019525,0.041947,10.42
07/29/2019 11:44:00.000000,0.207663,20.43,0.0182,0.039786,10.215385
07/29/2019 11:45:00.000000,0.204109,21.98175,0.01515,28.165116,11.318605
07/29/2019 11:46:00.000000,0.591852,22.22625,0.01395,0.014512,9.130769
07/29/2019 11:47:00.000000,0.576102,20.35025,0.01455,51.03,8.9475
07/29/2019 11:48:00.000000,0.252028,19.0895,0.016775,26.185714,8.485714
07/29/2019 11:49:00.000000,0.311479,,,,
07/29/2019 11:50:00.000000,0.36945,15.846,0.0204,0.017933,9.630769
07/29/2019 11:51:00.000000,0.277424,14.073,0.022175,8.65,8.045
07/29/2019 11:52:00.000000,0.276246,16.17025,0.02105,0.018564,7.95814
07/29/2019 11:53:00.000000,0.25009,17.53475,0.0191,0.018055,9.628571
07/29/2019 11:54:00.000000,0.22756,19.90475,0.0174,17.025,9.05
07/29/2019 11:55:00.000000,0.250643,21.5635,0.0135,0.031226,9.067568
07/29/2019 11:56:00.000000,0.292859,21.89525,0.0108,27.723077,9.607692
07/29/2019 11:57:00.000000,0.300854,24.6515,0.0097,49.823809,37.128571
07/29/2019 11:58:00.000000,0.386182,25.688,0.01075,26.02093,15.734884
07/29/2019 11:59:00.000000,0.32087,23.7985,0.0128,0.034991,9.8
07/29/2019 12:00:00.000000,0.234931,23.85675,0.012675,0.032752,10.221053
07/29/2019 12:01:00.000000,0.220033,23.15475,0.014575,0.029841,8.421951
07/29/2019 12:02:00.000000,0.205904,22.61125,0.016325,15.969767,9.248837
07/29/2019 12:03:00.000000,0.236125,18.1235,0.016925,20.021951,10.595122
07/29/2019 12:04:00.000000,0.238811,16.32825,0.01895,0.035297,9.07907
07/29/2019 12:05:00.000000,0.204623,17.919,0.019125,0.024732,10.606977
07/29/2019 12:06:00.000000,0.196432,19.92175,0.017075,9.595122,8.680488
07/29/2019 12:07:00.000000,0.205939,18.1985,0.017725,26.241463,10.34878
07/29/2019 12:08:00.000000,0.231339,22.03375,0.0157,20.471429,8.985714
07/29/2019 12:09:00.000000,0.226396,22.7705,0.01355,0.044986,9.044186
07/29/2019 12:10:00.000000,0.24763,22.7515,0.01295,25.973171,10.636585
07/29/2019 12:11:00.000000,0.387309,22.87975,0.01195,0.042543,9.014286
07/29/2019 12:12:00.000000,0.493993,23.148,0.0113,25.271429,9.471429
07/29/2019 12:13:00.000000,0.335299,22.9205,0.014225,0.022045,11.13
07/29/2019 12:14:00.000000,0.227871,20.689,0.0191,22.613636,10.306818
07/29/2019 12:15:00.000000,0.225786,18.082,0.01975,0.025953,11.538462
07/29/2019 12:16:00.000000,0.254596,20.523,0.017475,0.021027,10.946341
07/29/2019 12:17:00.000000,0.409348,18.25475,0.01835,22.45,9.27
07/29/2019 12:18:00.000000,0.563755,15.40325,0.021625,30.269767,9.430233
07/29/2019 12:19:00.000000,0.351772,18.1545,0.02195,25.832558,10.188372
07/29/2019 12:20:00.000000,0.279001,13.73575,0.022325,0.043785,9.805
07/29/2019 12:21:00.000000,0.256451,14.24575,0.021325,0.045291,9.866667
07/29/2019 12:22:00.000000,0.313121,20.94075,0.0171,0.034482,10.94
07/29/2019 12:23:00.000000,0.552247,20.04325,0.017225,38.745238,9.9
07/29/2019 12:24:00.000000,0.544842,19.1815,0.017475,21.745455,8.775
07/29/2019 12:25:00.000000,0.347968,28.35975,0.013375,0.035378,11.257143
07/29/2019 12:26:00.000000,0.265681,27.3705,0.012,0.035317,10.071429
07/29/2019 12:27:00.000000,0.269439,26.598,0.0124,21.368293,11.043902
07/29/2019 12:28:00.000000,0.239009,22.8875,0.01375,22.145455,11.720455
07/29/2019 12:29:00.000000,0.231424,,,,
07/29/2019 12:30:00.000000,0.287509,23.63175,0.0136,0.041587,10.162791
07/29/2019 12:31:00.000000,0.312168,12.544,0.017,23.116667,10.533333
07/29/2019 12:32:00.000000,0.232763,10.23925,0.02385,0.023409,8.815
07/29/2019 12:33:00.000000,0.201625,10.00225,0.025775,14.336842,9.257895
07/29/2019 12:34:00.000000,0.177324,14.2605,0.025325,24.814286,9.657143
07/29/2019 12:35:00.000000,0.179684,15.86975,0.022225,0.028742,11.283333
07/29/2019 12:36:00.000000,0.206028,12.12475,0.021725,0.023083,10.07
07/29/2019 12:37:00.000000,0.203193,13.83575,0.02252,20.278947,11.315789
07/29/2019 12:38:00.000000,0.201007,13.7025,0.023925,0.026238,11.912195
07/29/2019 12:39:00.000000,0.263184,17.18275,0.022533,0.036986,10.568421
07/29/2019 12:40:00.000000,0.344924,15.2615,0.022225,0.020883,9.133333
07/29/2019 12:41:00.000000,0.240754,11.897,0.0236,0.0256,10.128571
07/29/2019 12:42:00.000000,0.228748,10.8605,0.023625,0.042151,10.5475
07/29/2019 12:43:00.000000,0.220756,9.59575,0.024925,11.966667,8.653846
07/29/2019 12:44:00.000000,0.205577,9.3345,0.026375,12.071429,8.3
07/29/2019 12:45:00.000000,0.176666,14.38475,0.023475,0.031939,9.55
07/29/2019 12:46:00.000000,0.180621,14.59625,0.021475,23.7,8.695
07/29/2019 12:47:00.000000,0.26114,15.161,0.021975,0.037404,12.085366
07/29/2019 12:48:00.000000,0.302723,14.9825,0.021425,20.676923,9.569231
07/29/2019 12:49:00.000000,0.288497,14.8075,0.0222,0.022266,9.416667
07/29/2019 12:50:00.000000,0.26392,14.2785,0.023975,0.026685,9.584615
07/29/2019 12:51:00.000000,0.21116,13.9435,0.0239,16.585714,10.766667
07/29/2019 12:52:00.000000,0.266619,13.446,0.023275,0.031287,9.5
07/29/2019 12:53:00.000000,0.303021,12.91125,0.024225,25.058974,9.538462
07/29/2019 12:54:00.000000,0.297726,12.16475,0.0253,0.024187,8.395349
07/29/2019 12:55:00.000000,0.211543,11.3985,0.02615,24.931707,8.712195
07/29/2019 12:56:00.000000,0.185117,12.17825,0.02545,17.792308,10.576923
07/29/2019 12:57:00.000000,0.233268,8.64775,0.024875,0.023491,9.638636
07/29/2019 12:58:00.000000,0.235886,12.26075,0.024325,0.019398,8.714286
07/29/2019 12:59:00.000000,0.269165,13.139,0.02205,0.023051,9.018605
07/29/2019 13:00:00.000000,0.295263,18.34575,0.019425,0.025612,10.5875
07/29/2019 13:01:00.000000,0.304621,13.97425,0.020675,25.164865,9.291892
07/29/2019 13:02:00.000000,0.244626,13.06125,0.02275,0.028952,9.818605
07/29/2019 13:03:00.000000,0.234785,15.80125,0.020475,18.915,10.255
07/29/2019 13:04:00.000000,0.261023,15.0565,0.02005,18.63,9.625
07/29/2019 13:05:00.000000,0.223628,14.9525,0.021175,0.022928,8.388889
07/29/2019 13:06:00.000000,0.233228,15.0355,0.020575,21.446154,9.289744
07/29/2019 13:07:00.000000,0.237051,14.20375,0.019825,16.448837,8.932558
07/29/2019 13:08:00.000000,0.247477,17.421,0.018625,16.82,8.622222
07/29/2019 13:09:00.000000,0.257561,13.41525,0.01995,0.028644,8.821429
07/29/2019 13:10:00.000000,0.237621,9.2755,0.023975,0.030427,11.063636
07/29/2019 13:11:00.000000,0.213083,15.9795,0.023875,27.471429,9.719048
07/29/2019 13:12:00.000000,0.210905,24.09425,0.019475,0.032619,9.021429
07/29/2019 13:13:00.000000,0.377406,22.59,0.0183,30.736585,9.219512
07/29/2019 13:14:00.000000,0.35977,22.331,0.01835,0.033439,8.309524
07/29/2019 13:15:00.000000,0.284961,19.318,0.01855,0.034771,9.313636
07/29/2019 13:16:00.000000,0.288672,17.38775,0.018475,0.033336,8.785714
07/29/2019 13:17:00.000000,0.276157,14.50075,0.0209,0.024034,8.656522
07/29/2019 13:18:00.000000,0.227169,16.3515,0.021975,29.495122,10.892683
07/29/2019 13:19:00.000000,0.354928,35.844333,0.015825,33.711111,10.155556
07/29/2019 13:20:00.000000,0.432361,20.70675,0.01535,0.036594,8.843902
07/29/2019 13:21:00.000000,0.360769,14.77075,0.020325,37.207692,10.533333
07/29/2019 13:22:00.000000,0.31019,17.31975,0.020575,0.025653,9.219048
07/29/2019 13:23:00.000000,0.308611,10.963,0.023325,16.869231,9.753846
07/29/2019 13:24:00.000000,0.279025,9.0815,0.026175,12.846512,8.872093
07/29/2019 13:25:00.000000,0.207695,8.56775,0.02635,21.768182,12.209091
07/29/2019 13:26:00.000000,0.201106,10.95,0.024725,0.028214,10.690698
07/29/2019 13:27:00.000000,0.249557,16.29425,0.022275,0.018564,9.143902
07/29/2019 13:28:00.000000,0.363356,17.11675,0.0204,24.85,10.572727
07/29/2019 13:29:00.000000,0.372735,11.021,0.022475,,
07/29/2019 13:30:00.000000,0.330164,14.062,0.022,21.38,10.83
07/29/2019 13:31:00.000000,0.377021,17.39225,0.01885,0.024116,9.652381
07/29/2019 13:32:00.000000,0.515224,19.864,0.018175,32.533333,10.266667
07/29/2019 13:33:00.000000,0.394364,15.6875,0.0196,0.042147,10.138462
07/29/2019 13:34:00.000000,0.289313,14.58875,0.02095,31.42093,8.54186
07/29/2019 13:35:00.000000,0.272847,14.35675,0.021075,29.728571,9.592857
07/29/2019 13:36:00.000000,0.278948,14.78625,0.020825,19.446512,10.446512
07/29/2019 13:37:00.000000,0.284223,14.6835,0.022175,13.538462,9.446154
07/29/2019 13:38:00.000000,0.248018,14.276,0.024675,0.040578,9.553333
07/29/2019 13:39:00.000000,0.207811,15.966,0.0241,0.026569,9.071429
07/29/2019 13:40:00.000000,0.23022,20.86875,0.0215,0.036519,9.135714
07/29/2019 13:41:00.000000,0.256811,19.1215,0.019625,41.014286,8.133333
07/29/2019 13:42:00.000000,0.289182,15.95325,0.0199,29.509302,8.023256
07/29/2019 13:43:00.000000,0.255631,21.44925,0.02315,0.02384,9.9
07/29/2019 13:44:00.000000,0.273565,10.80525,0.025,0.032272,10.648718
07/29/2019 13:45:00.000000,0.309606,20.66,0.022275,19.74186,8.565116
07/29/2019 13:46:00.000000,0.284054,20.967,0.02145,0.033665,10.676596
07/29/2019 13:47:00.000000,0.303907,11.87,0.023775,0.034862,13.48
07/29/2019 13:48:00.000000,0.413593,14.0235,0.023125,0.048913,9.855814
07/29/2019 13:49:00.000000,0.652887,15.6235,0.022825,0.02496,8.831818
07/29/2019 13:50:00.000000,0.504417,13.1165,0.025125,0.024837,9.06
07/29/2019 13:51:00.000000,0.328932,12.97225,0.02635,0.040162,9.484615
07/29/2019 13:52:00.000000,0.351486,12.96375,0.0252,0.050721,8.768889
07/29/2019 13:53:00.000000,0.388451,12.85075,0.024825,29.828571,9.490476
07/29/2019 13:54:00.000000,0.299672,12.986,0.0245,0.021681,9.87619
07/29/2019 13:55:00.000000,0.296628,13.14025,0.023875,16.836585,8.729268
07/29/2019 13:56:00.000000,0.259359,13.34275,0.022175,27.561538,9.887179
07/29/2019 13:57:00.000000,0.282802,18.5265,0.020375,40.75,10.025
07/29/2019 13:58:00.000000,0.281186,19.4945,0.01745,0.045333,8.636842
07/29/2019 13:59:00.000000,0.273162,15.12925,0.0207,0.025169,8.604348
07/29/2019 14:00:00.000000,0.234841,13.9735,0.0238,18.960976,8.77561
07/29/2019 14:01:00.000000,0.277688,16.6202,0.02195,0.02813,10.225
07/29/2019 14:02:00.000000,0.344307,16.544333,0.0214,0.033419,11.126829
07/29/2019 14:03:00.000000,0.352684,16.49325,0.021575,45.568293,11.114634
07/29/2019 14:04:00.000000,0.311205,17.685,0.020325,30.592308,12.369231
07/29/2019 14:05:00.000000,0.311999,22.23025,0.016875,0.090386,10.475
07/29/2019 14:06:00.000000,0.379635,23.76925,0.0161,32.990698,8.206977
07/29/2019 14:07:00.000000,0.383238,21.5935,0.01725,17.6625,8.58
07/29/2019 14:08:00.000000,0.305563,18.64225,0.0173,25.565,9.525
07/29/2019 14:09:00.000000,0.285082,18.79825,0.018825,29.942857,7.9
07/29/2019 14:10:00.000000,0.282925,18.1085,0.019975,0.052977,7.853333
07/29/2019 14:11:00.000000,0.300989,22.35475,0.018975,0.029189,9.271429
07/29/2019 14:12:00.000000,0.390459,20.03725,0.01985,0.017997,7.825581
07/29/2019 14:13:00.000000,0.388558,16.3405,0.02225,0.022781,9.1
07/29/2019 14:14:00.000000,0.318925,15.48875,0.022625,29.328571,9.4
07/29/2019 14:15:00.000000,0.329782,14.2105,0.022825,0.041984,9.484615
07/29/2019 14:16:00.000000,0.376718,14.5225,0.02335,0.0297,9.414634
07/29/2019 14:17:00.000000,0.514645,18.4115,0.022675,26.34186,9.055814
07/29/2019 14:18:00.000000,0.818973,20.133,0.022,0.028663,10.1
07/29/2019 14:19:00.000000,0.629432,13.70425,0.024725,0.046304,7.537209
07/29/2019 14:20:00.000000,0.448107,15.18175,0.02435,0.026773,7.260526
07/29/2019 14:21:00.000000,0.479025,14.903,0.025075,0.029347,6.27561
07/29/2019 14:22:00.000000,0.297573,14.437,0.02645,0.037435,8.423256
07/29/2019 14:23:00.000000,0.229606,14.00975,0.0264,29.8875,8.035
07/29/2019 14:24:00.000000,0.211941,13.55075,0.025875,18.87619,7.642857
07/29/2019 14:25:00.000000,0.260113,24.20525,0.021125,20.485714,8.714286
07/29/2019 14:26:00.000000,0.286184,16.351,0.021875,23.625,8.05
07/29/2019 14:27:00.000000,0.244661,14.0185,0.024575,0.035897,10.471429
07/29/2019 14:28:00.000000,0.266115,16.94125,0.022875,9.384615,6.5
07/29/2019 14:29:00.000000,0.323222,,0.0228,,
07/29/2019 14:30:00.000000,0.365767,16.08575,0.02235,0.020505,7.085
07/29/2019 14:31:00.000000,0.319802,17.81275,0.021725,26.002439,7.929268
07/29/2019 14:32:00.000000,0.288676,16.4995,0.022975,0.032001,6.809302
07/29/2019 14:33:00.000000,0.256337,14.45225,0.025175,0.02347,7.433333
07/29/2019 14:34:00.000000,0.212897,12.4335,0.0268,13.342857,7.685714
07/29/2019 14:35:00.000000,0.195443,12.406,0.02795,0.015674,5.95
07/29/2019 14:36:00.000000,0.195501,12.34675,0.0284,0.031134,6.75
07/29/2019 14:37:00.000000,0.195925,12.33675,0.027425,0.040036,6.646154
07/29/2019 14:38:00.000000,0.194348,12.39275,0.027575,9.395122,6.258537
07/29/2019 14:39:00.000000,0.192502,12.49375,0.0274,16.571429,7.142857
07/29/2019 14:40:00.000000,0.196218,12.67425,0.02625,20.130769,7.807692
07/29/2019 14:41:00.000000,0.219096,12.97525,0.025425,28.015385,6.8
07/29/2019 14:42:00.000000,0.301343,13.2965,0.0252,0.020291,6.516279
07/29/2019 14:43:00.000000,0.362873,14.9195,0.023475,31.738462,6.992308
07/29/2019 14:44:00.000000,0.40633,21.0485,0.020625,0.024631,6.239535
07/29/2019 14:45:00.000000,0.335497,19.1015,0.022225,0.023518,6.514634
07/29/2019 14:46:00.000000,0.332035,16.53975,0.02285,28.014286,8.228571
07/29/2019 14:47:00.000000,0.401824,17.19725,0.02195,0.044986,7.390244
07/29/2019 14:48:00.000000,0.378602,16.05575,0.023125,25.111628,6.167442
07/29/2019 14:49:00.000000,0.298582,15.39,0.0241,33.274419,7.548837
07/29/2019 14:50:00.000000,0.256259,15.4955,0.02215,41.792308,8.476923
07/29/2019 14:51:00.000000,0.334241,19.50575,0.0211,0.02809,9.121739
07/29/2019 14:52:00.000000,0.538177,16.77425,0.022825,0.02851,8.353846
07/29/2019 14:53:00.000000,0.657678,20.6315,0.022425,30.756098,9.053659
07/29/2019 14:54:00.000000,0.554282,22.22425,0.022625,22.455814,8.769767
07/29/2019 14:55:00.000000,0.380447,15.01175,0.02485,28.958974,8.023077
07/29/2019 14:56:00.000000,0.30647,16.86575,0.02425,22.864102,7.646154
07/29/2019 14:57:00.000000,0.495883,16.64225,0.022925,22.506977,6.309302
07/29/2019 14:58:00.000000,0.516528,16.15275,0.020975,23.96,7.071429
07/29/2019 14:59:00.000000,0.437861,19.57775,0.02075,31.513636,8.568182
07/29/2019 15:00:00.000000,0.532073,20.841,0.0202,20.393023,11.227907
07/29/2019 15:01:00.000000,0.555285,24.84775,0.0172,0.040368,10.092308
07/29/2019 15:02:00.000000,0.452405,18.38725,0.02095,0.01394,6.726829
07/29/2019 15:03:00.000000,0.309614,18.1415,0.024175,0.017619,6.714286
07/29/2019 15:04:00.000000,0.314222,22.52125,0.021825,0.032311,8.190909
07/29/2019 15:05:00.000000,0.398521,20.437,0.021725,22.7,7.275
07/29/2019 15:06:00.000000,0.38046,20.08625,0.023025,32.808108,8.721622
07/29/2019 15:07:00.000000,0.330861,21.1545,0.02145,0.036693,9.389286
07/29/2019 15:08:00.000000,0.374045,18.45475,0.021467,28.465854,7.607317
07/29/2019 15:09:00.000000,0.379025,21.5785,0.022825,31.984211,8.731579
07/29/2019 15:10:00.000000,0.371454,20.56775,0.0221,0.055268,5.986111
07/29/2019 15:11:00.000000,0.390623,17.38675,0.023633,39.07,9.81
07/29/2019 15:12:00.000000,0.346482,21.071,0.02335,27.772973,7.662162
07/29/2019 15:13:00.000000,0.355472,17.812,0.023875,30.511628,11.888372
07/29/2019 15:14:00.000000,0.363018,17.90475,0.025,0.026665,7.755
07/29/2019 15:15:00.000000,0.396111,17.95325,0.024775,25.606522,6.813043
07/29/2019 15:16:00.000000,0.412861,17.716,0.0265,20.066667,8.716667
07/29/2019 15:17:00.000000,0.40746,17.642,0.026775,0.024675,7.471429
07/29/2019 15:18:00.000000,0.321514,17.11625,0.028075,0.094807,7.704545
07/29/2019 15:19:00.000000,0.298098,16.525,0.0293,44.357143,8.528571
07/29/2019 15:20:00.000000,0.272025,16.02925,0.03025,21.487179,8.264103
07/29/2019 15:21:00.000000,0.257326,15.48675,0.03165,0.031294,6.592308
07/29/2019 15:22:00.000000,0.264264,14.80075,0.032025,31.751163,6.918605
07/29/2019 15:23:00.000000,0.275819,14.391,0.03035,25.887179,7.338462
07/29/2019 15:24:00.000000,0.353942,13.9525,0.02845,0.055419,9.684615
07/29/2019 15:25:00.000000,0.30214,13.29875,0.02995,0.036294,7.577273
07/29/2019 15:26:00.000000,0.286356,13.1995,0.031425,0.023126,7.442857
07/29/2019 15:27:00.000000,0.308347,13.3125,0.030425,0.023174,8.01
07/29/2019 15:28:00.000000,0.30269,13.21025,0.030375,19.505,6.995
07/29/2019 15:29:00.000000,0.404282,13.2685,0.03095,0.027894,7.055
07/29/2019 15:30:00.000000,0.522668,11.67875,0.0307,13.782927,6.587805
07/29/2019 15:31:00.000000,0.317309,14.12475,0.030425,0.015799,5.385714
07/29/2019 15:32:00.000000,0.259759,11.07075,0.03265,15.327907,8.383721
07/29/2019 15:33:00.000000,0.286803,12.55625,0.034675,16.216279,7.14186
07/29/2019 15:34:00.000000,0.338686,12.02375,0.033875,18.77561,7.214634
07/29/2019 15:35:00.000000,0.313784,11.92475,0.034875,0.016494,6.8125
07/29/2019 15:36:00.000000,0.262321,10.073,0.035,0.018157,6.424
07/29/2019 15:37:00.000000,0.246831,7.60975,0.037,18.75,6.496154
07/29/2019 15:38:00.000000,0.25577,10.68525,0.0362,16.513953,6.930233
07/29/2019 15:39:00.000000,0.315456,8.32375,0.036767,11.4,5.628571
07/29/2019 15:40:00.000000,0.255272,8.22825,0.038675,27.164103,6.584615
07/29/2019 15:41:00.000000,0.214629,7.167,0.039425,9.2,5.78
07/29/2019 15:42:00.000000,0.196427,7.24175,0.039475,0.014021,5.855
07/29/2019 15:43:00.000000,0.192617,7.50825,0.03868,12.375,6.771875
07/29/2019 15:44:00.000000,0.228889,7.746,0.03765,0.020589,7.76875
07/29/2019 15:45:00.000000,0.236096,7.892,0.038767,0.012389,6.44
07/29/2019 15:46:00.000000,0.226041,8.20275,0.039125,20.759091,6.872727
07/29/2019 15:47:00.000000,0.222653,8.37775,0.03965,0.024578,7.51
07/29/2019 15:48:00.000000,0.200682,8.66375,0.03935,0.018323,6.742857
07/29/2019 15:49:00.000000,0.212056,8.994,0.0388,0.019429,5.654054
07/29/2019 15:50:00.000000,0.23657,9.061,0.0395,0.012515,5.428571
07/29/2019 15:51:00.000000,0.224126,8.94275,0.03985,9.314634,5.741463
07/29/2019 15:52:00.000000,0.211354,8.91775,0.040325,25.905405,5.8
07/29/2019 15:53:00.000000,0.21508,9.01525,0.04015,13.830233,5.886047
07/29/2019 15:54:00.000000,0.260827,14.94675,0.0365,10.884615,5.730769
07/29/2019 15:55:00.000000,0.319655,10.10725,0.0355,28.636842,8.142105
07/29/2019 15:56:00.000000,0.274084,14.2125,0.03675,0.064082,7.571429
07/29/2019 15:57:00.000000,0.323358,11.257,0.0353,24.765116,7.313953
07/29/2019 15:58:00.000000,0.29462,10.21725,0.03785,18.133333,7.473333
07/29/2019 15:59:00.000000,0.245742,5.92725,0.032075,13.411628,5.693023
07/29/2019 16:00:00.000000,0.233281,15.31025,0.0331,17.921053,6.410526
07/29/2019 16:01:00.000000,0.232187,12.23975,0.035675,15.229268,7.62439
07/29/2019 16:02:00.000000,0.082317,13.349,0.03595,0.019466,6.007317
07/29/2019 16:03:00.000000,0.037141,13.582,0.037175,0.036193,5.275
07/29/2019 16:04:00.000000,0.000171,12.81075,0.036425,14.871429,5.116667
07/29/2019 16:05:00.000000,-9999.0,19.2505,0.032825,0.024618,6.471429
07/29/2019 16:06:00.000000,-9999.0,16.64175,0.03165,0.031133,6.2
07/29/2019 16:07:00.000000,-9999.0,13.66125,0.033775,28.485366,5.246341
07/29/2019 16:08:00.000000,-9999.0,15.32425,0.0348,0.023008,5.013953
07/29/2019 16:09:00.000000,-9999.0,14.71675,0.0372,0.017425,5.595
07/29/2019 16:10:00.000000,-9999.0,14.306,0.039125,0.013771,5.867568
07/29/2019 16:11:00.000000,-9999.0,14.15275,0.037675,18.756818,8.506818
07/29/2019 16:12:00.000000,0.039493,13.64525,0.0383,14.406667,5.533333
07/29/2019 16:13:00.000000,0.168849,13.1295,0.03865,0.029547,6.946154
07/29/2019 16:14:00.000000,0.273518,12.562,0.03915,0.024607,6.79
07/29/2019 16:15:00.000000,0.265567,12.921,0.0394,0.007838,5.17
07/29/2019 16:16:00.000000,0.249284,13.939,0.0387,0.030903,6.005
07/29/2019 16:17:00.000000,0.243736,11.87825,0.03895,0.019466,7.232558
07/29/2019 16:18:00.000000,0.243948,11.52425,0.03955,0.023247,7.57561
07/29/2019 16:19:00.000000,0.240131,10.89675,0.0403,20.734146,6.234146
07/29/2019 16:20:00.000000,0.244909,10.93775,0.04065,10.946154,5.746154
07/29/2019 16:21:00.000000,0.244295,11.16875,0.0397,0.008356,5.603125
07/29/2019 16:22:00.000000,0.281718,11.537,0.03796,0.032442,7.248485
07/29/2019 16:23:00.000000,0.328781,12.83025,0.037467,26.416667,6.897222
07/29/2019 16:24:00.000000,0.306485,16.07625,0.0377,16.758823,8.352941
07/29/2019 16:25:00.000000,0.257931,12.77075,0.03855,0.032674,5.04186
07/29/2019 16:26:00.000000,0.248224,10.327,0.041175,0.027404,7.805714
07/29/2019 16:27:00.000000,0.638628,10.4055,0.04205,18.12619,7.385714
07/29/2019 16:28:00.000000,1.277211,10.42625,0.041575,0.019731,7.043902
07/29/2019 16:29:00.000000,0.571471,10.4165,0.04288,5.309091,4.963636
07/29/2019 16:30:00.000000,0.286032,10.4,0.044033,10.27,6.175
07/29/2019 16:31:00.000000,0.291098,10.49425,0.04295,0.014561,7.595122
07/29/2019 16:32:00.000000,0.259938,10.602333,0.04265,0.025019,6.494737
07/29/2019 16:33:00.000000,0.248331,10.65175,0.0432,0.031596,7.05
07/29/2019 16:34:00.000000,0.24054,10.56275,0.044975,0.014299,5.914286
07/29/2019 16:35:00.000000,0.232712,10.3185,0.046075,13.474359,5.023077
07/29/2019 16:36:00.000000,0.255057,10.2655,0.0452,0.014526,5.674419
07/29/2019 16:37:00.000000,0.320017,10.22575,0.044775,13.071429,6.133333
07/29/2019 16:38:00.000000,0.266144,10.166,0.0465,15.684615,5.953846
07/29/2019 16:39:00.000000,0.223525,9.92575,0.047975,8.955172,5.031034
07/29/2019 16:40:00.000000,0.215361,9.7145,0.048125,19.882927,7.134146
07/29/2019 16:41:00.000000,0.250853,9.612,0.048125,26.158974,6.907692
07/29/2019 16:42:00.000000,0.251107,9.78175,0.046825,22.0,6.392105
07/29/2019 16:43:00.000000,0.238842,10.2295,0.043825,0.028398,6.3
07/29/2019 16:44:00.000000,0.282782,10.83275,0.042775,28.104878,7.409756
07/29/2019 16:45:00.000000,0.310904,11.41975,0.043325,0.023857,7.857143
07/29/2019 16:46:00.000000,0.280223,23.61025,0.032775,43.11,6.8275
07/29/2019 16:47:00.000000,0.358981,29.59975,0.038775,0.030301,6.092308
07/29/2019 16:48:00.000000,0.373061,11.56725,0.044525,0.028348,5.747727
07/29/2019 16:49:00.000000,0.31515,16.83625,0.0457,,
07/29/2019 16:50:00.000000,0.288099,14.71075,0.045875,0.019813,6.015625
07/29/2019 16:51:00.000000,0.295995,11.12975,0.04845,0.01198,5.915385
07/29/2019 16:52:00.000000,0.289436,12.48575,0.048,0.017525,6.563158
07/29/2019 16:53:00.000000,0.276805,12.1125,0.04775,0.023176,6.8875
07/29/2019 16:54:00.000000,0.262832,11.96475,0.0482,0.020661,6.134783
07/29/2019 16:55:00.000000,0.249256,11.887667,0.049225,0.031905,5.338462
07/29/2019 16:56:00.000000,0.267685,11.6755,0.0495,17.03,5.54
07/29/2019 16:57:00.000000,1.042157,11.35525,0.050225,0.018748,4.571429
07/29/2019 16:58:00.000000,1.270556,10.88675,0.0519,0.021116,5.7
07/29/2019 16:59:00.000000,0.468907,10.0835,0.04995,29.55,4.965
07/29/2019 17:00:00.000000,0.289083,14.5895,0.0483,0.01892,5.99
07/29/2019 17:01:00.000000,0.258702,12.03825,0.050875,10.605405,5.875676
07/29/2019 17:02:00.000000,0.254755,12.18575,0.049,0.022605,4.75814
07/29/2019 17:03:00.000000,0.263457,10.4215,0.05065,17.773171,4.882927
07/29/2019 17:04:00.000000,0.264352,10.767,0.05245,11.743243,6.378378
07/29/2019 17:05:00.000000,0.271821,10.74075,0.052025,11.726829,6.539024
07/29/2019 17:06:00.000000,0.266727,18.6545,0.0495,0.017677,4.855556
07/29/2019 17:07:00.000000,0.278294,16.72425,0.047725,25.552381,6.471429
07/29/2019 17:08:00.000000,0.313748,17.58925,0.0484,17.510256,6.630769
07/29/2019 17:09:00.000000,0.290446,12.35725,0.05135,13.721429,6.6
07/29/2019 17:10:00.000000,0.256365,11.967,0.05295,9.195455,6.263636
07/29/2019 17:11:00.000000,0.241835,11.76725,0.053575,0.032481,5.526316
07/29/2019 17:12:00.000000,0.25147,11.623,0.05425,0.019115,5.724324
07/29/2019 17:13:00.000000,0.259449,11.206,0.055775,0.020639,6.587879
07/29/2019 17:14:00.000000,0.238011,10.83275,0.056,0.010729,5.44375
07/29/2019 17:15:00.000000,0.251754,10.48125,0.055475,0.031791,7.44
07/29/2019 17:16:00.000000,0.289954,10.38475,0.053625,25.131818,7.454545
07/29/2019 17:17:00.000000,0.280966,10.19125,0.0545,0.017335,6.813953
07/29/2019 17:18:00.000000,0.285584,9.96725,0.055975,24.914286,6.271429
07/29/2019 17:19:00.000000,0.290212,9.82275,0.055725,14.032558,6.716279
07/29/2019 17:20:00.000000,0.369021,9.64125,0.0563,26.208108,5.878378
07/29/2019 17:21:00.000000,0.356142,9.57025,0.0578,0.022454,7.18
07/29/2019 17:22:00.000000,0.26783,9.72075,0.0576,21.273684,5.978947
07/29/2019 17:23:00.000000,0.261112,9.9085,0.056325,0.014625,4.428571
07/29/2019 17:24:00.000000,0.237223,9.7045,0.0576,9.2,4.86
07/29/2019 17:25:00.000000,0.221506,9.32825,0.06045,0.017122,5.083333
07/29/2019 17:26:00.000000,0.278329,11.862,0.06,0.060596,8.209091
07/29/2019 17:27:00.000000,0.281919,15.388,0.057725,20.478049,7.534146
07/29/2019 17:28:00.000000,0.253837,6.8555,0.0605,10.446341,4.995122
07/29/2019 17:29:00.000000,0.227553,7.2055,0.061775,21.504762,5.885714
07/29/2019 17:30:00.000000,0.267509,10.11425,0.060925,0.024945,5.169231
07/29/2019 17:31:00.000000,0.28012,17.544,0.0562,12.99,5.935
07/29/2019 17:32:00.000000,0.259745,11.83425,0.061175,0.006981,4.3
07/29/2019 17:33:00.000000,0.279068,9.3785,0.06085,26.353846,5.2
07/29/2019 17:34:00.000000,0.298584,6.658,0.0627,0.038106,6.65
07/29/2019 17:35:00.000000,0.320116,6.06525,0.0649,21.7,5.8
07/29/2019 17:36:00.000000,0.24379,6.004,0.0646,12.133333,5.241026
07/29/2019 17:37:00.000000,0.232469,6.09225,0.06365,0.007873,5.025641
07/29/2019 17:38:00.000000,0.243965,6.25875,0.062975,0.005707,4.351351
07/29/2019 17:39:00.000000,0.228407,6.29075,0.064525,13.623077,4.738462
07/29/2019 17:40:00.000000,0.198737,6.48475,0.06405,12.109091,6.709091
07/29/2019 17:41:00.000000,0.240171,6.74225,0.062175,0.017163,6.466667
07/29/2019 17:42:00.000000,0.244281,6.91025,0.063575,0.018579,5.733333
07/29/2019 17:43:00.000000,0.218019,11.47925,0.0633,0.016863,5.6
07/29/2019 17:44:00.000000,0.250608,10.0615,0.062525,0.013902,5.513636
07/29/2019 17:45:00.000000,0.241754,8.61525,0.062525,0.018697,5.305882
07/29/2019 17:46:00.000000,0.253243,10.76475,0.061175,9.189474,5.994737
07/29/2019 17:47:00.000000,0.349799,9.878,0.063625,0.020362,7.12
07/29/2019 17:48:00.000000,0.283956,9.6335,0.063775,0.026667,7.64
07/29/2019 17:49:00.000000,0.234038,9.35925,0.064175,0.019842,4.823077
07/29/2019 17:50:00.000000,0.215055,9.51675,0.06295,0.015938,5.8
07/29/2019 17:51:00.000000,0.306867,15.76125,0.0588,0.012566,4.307317
07/29/2019 17:52:00.000000,0.403408,10.45025,0.060325,12.042857,4.685714
07/29/2019 17:53:00.000000,0.305515,9.6755,0.0622,0.007094,4.205
07/29/2019 17:54:00.000000,0.274297,8.90825,0.063275,23.690698,5.523256
07/29/2019 17:55:00.000000,0.290103,8.882,0.062925,0.035702,6.4
07/29/2019 17:56:00.000000,0.293339,9.44025,0.0609,0.030261,6.838462
07/29/2019 17:57:00.000000,0.319361,9.96075,0.06185,10.293333,4.733333
07/29/2019 17:58:00.000000,0.34504,10.10125,0.0632,10.78,5.08
07/29/2019 17:59:00.000000,0.278046,9.912,0.064625,16.486667,4.946667
07/29/2019 18:00:00.000000,0.232177,9.758,0.0653,11.836585,4.982927
07/29/2019 18:01:00.000000,0.238975,9.662,0.0659,32.585714,5.514286
07/29/2019 18:02:00.000000,0.270491,9.34375,0.0681,28.053333,5.426667
07/29/2019 18:03:00.000000,0.239849,8.831,0.066675,0.023938,4.148148
07/29/2019 18:04:00.000000,0.207287,8.442,0.06555,0.016518,5.845455
07/29/2019 18:05:00.000000,0.218778,7.81025,0.067325,0.020905,4.806818
07/29/2019 18:06:00.000000,0.207224,7.35875,0.06705,0.029381,5.47234
07/29/2019 18:07:00.000000,0.19598,7.457,0.06545,0.023472,5.124138
07/29/2019 18:08:00.000000,0.198984,7.413,0.0665,0.02064,5.681081
07/29/2019 18:09:00.000000,0.20832,7.4315,0.066575,0.015515,5.033333
07/29/2019 18:10:00.000000,0.253183,7.5315,0.067075,13.343333,4.706667
07/29/2019 18:11:00.000000,0.239433,7.65225,0.065325,0.012096,5.184848
07/29/2019 18:12:00.000000,0.241847,7.71175,0.063825,22.547727,4.863636
07/29/2019 18:13:00.000000,0.238906,8.0765,0.061875,16.751429,6.451429
07/29/2019 18:14:00.000000,0.233643,8.313,0.0616,5.605714,4.442857
07/29/2019 18:15:00.000000,0.223221,8.47875,0.06235,24.388235,4.488235
07/29/2019 18:16:00.000000,0.216616,8.92125,0.0616,0.007566,4.078947
07/29/2019 18:17:00.000000,0.223026,8.91675,0.06465,0.030244,5.542857
07/29/2019 18:18:00.000000,0.208602,8.79025,0.068275,0.015888,5.2225
07/29/2019 18:19:00.000000,0.191407,8.275,0.068925,16.515385,5.1
07/29/2019 18:20:00.000000,0.19133,9.04325,0.06275,0.02182,5.571429
07/29/2019 18:21:00.000000,0.229748,16.8435,0.0598,8.984615,5.271795
07/29/2019 18:22:00.000000,0.295217,6.429,0.0658,0.012353,4.085714
07/29/2019 18:23:00.000000,0.235028,4.40175,0.0662,11.343243,4.151351
07/29/2019 18:24:00.000000,0.179235,4.34625,0.066325,6.122222,3.394444
07/29/2019 18:25:00.000000,0.170912,4.1175,0.065775,0.022867,3.274359
07/29/2019 18:26:00.000000,0.161343,3.0505,0.06385,0.015606,3.716667
07/29/2019 18:27:00.000000,0.158271,5.26375,0.055475,0.008624,3.64878
07/29/2019 18:28:00.000000,0.18046,13.849,0.05775,0.021268,4.575
07/29/2019 18:29:00.000000,0.185975,,,,
07/29/2019 18:30:00.000000,0.188669,5.056,0.061975,0.00469,3.3
07/29/2019 18:31:00.000000,0.176794,5.5765,0.06485,16.702564,3.635897
07/29/2019 18:32:00.000000,0.212003,5.26025,0.0637,10.585714,4.192857
07/29/2019 18:33:00.000000,0.279035,2.84575,0.05904,0.020964,5.083784
07/29/2019 18:34:00.000000,0.344116,10.9285,0.0623,0.013353,5.528571
07/29/2019 18:35:00.000000,0.2978,4.93475,0.0639,11.219512,5.014634
07/29/2019 18:36:00.000000,0.252008,5.6825,0.061875,6.781395,3.534884
07/29/2019 18:37:00.000000,0.393097,6.2475,0.0595,13.227907,3.813953
07/29/2019 18:38:00.000000,0.360137,6.02125,0.0603,0.006878,3.462791
07/29/2019 18:39:00.000000,0.267863,5.7285,0.063,9.253488,4.416279
07/29/2019 18:40:00.000000,0.206767,5.5215,0.0641,0.029713,4.205128
07/29/2019 18:41:00.000000,0.201142,5.45825,0.061675,0.014218,4.230233
07/29/2019 18:42:00.000000,0.205047,5.2015,0.0596,0.004458,2.918605
07/29/2019 18:43:00.000000,0.176718,4.89225,0.05725,0.011037,3.364286
07/29/2019 18:44:00.000000,0.165111,4.53025,0.05635,0.01714,2.904545
07/29/2019 18:45:00.000000,0.155762,4.2935,0.0552,8.017949,2.546154
07/29/2019 18:46:00.000000,0.177059,4.15525,0.05405,3.22,2.423333
07/29/2019 18:47:00.000000,0.162683,4.0565,0.05314,2.233333,2.238889
07/29/2019 18:48:00.000000,0.15803,10.25,0.052675,2.107143,2.107143
07/29/2019 18:49:00.000000,0.143117,2.962,0.053333,4.397436,2.920513
07/29/2019 18:50:00.000000,0.145555,2.171,0.0549,0.007012,3.88125
07/29/2019 18:51:00.000000,0.15,7.67475,0.05318,6.929412,3.782353
07/29/2019 18:52:00.000000,0.176844,3.159,0.054267,0.021652,3.607692
07/29/2019 18:53:00.000000,0.34868,3.43575,0.0544,5.133333,2.472222
07/29/2019 18:54:00.000000,0.258528,3.94075,0.0552,16.394737,4.810526
07/29/2019 18:55:00.000000,0.140325,3.699,0.05605,0.00673,2.829268
07/29/2019 18:56:00.000000,0.166065,3.71975,0.056325,4.485366,3.314634
07/29/2019 18:57:00.000000,0.168184,3.66625,0.057475,4.785714,3.066667
07/29/2019 18:58:00.000000,0.131767,3.572,0.058325,5.63,3.2
07/29/2019 18:59:00.000000,0.125354,3.40175,0.059075,0.009296,3.14878
07/29/2019 19:00:00.000000,0.233699,3.398,0.058425,0.005183,3.174468
07/29/2019 19:01:00.000000,0.303466,11.38675,0.051575,0.007658,2.885106
07/29/2019 19:02:00.000000,0.219724,5.88375,0.0581,7.280952,3.571429
07/29/2019 19:03:00.000000,0.175549,3.74525,0.0608,21.457143,2.842857
07/29/2019 19:04:00.000000,0.148963,4.948,0.06265,0.005687,2.6125
07/29/2019 19:05:00.000000,0.159583,2.8845,0.060525,0.003623,2.765854
07/29/2019 19:06:00.000000,0.221247,9.838,0.056425,18.914286,2.883333
07/29/2019 19:07:00.000000,0.217436,6.7555,0.0575,13.935714,2.985714
07/29/2019 19:08:00.000000,0.189341,5.629,0.060675,0.004746,2.829268
07/29/2019 19:09:00.000000,0.203056,9.0725,0.0597,7.538462,4.830769
07/29/2019 19:10:00.000000,0.236244,8.52375,0.05965,14.654762,3.4
07/29/2019 19:11:00.000000,0.199044,12.8135,0.06055,0.036492,4.885
07/29/2019 19:12:00.000000,0.206873,8.88325,0.06075,25.895349,3.409302
07/29/2019 19:13:00.000000,0.183522,5.55175,0.0622,0.013576,2.828571
07/29/2019 19:14:00.000000,0.211253,4.883,0.063875,0.009666,4.0
07/29/2019 19:15:00.000000,0.245816,4.4495,0.0646,0.010633,4.453846
07/29/2019 19:16:00.000000,0.198934,4.792,0.0643,6.94,3.9225
07/29/2019 19:17:00.000000,0.218138,12.06875,0.061125,0.018856,4.653659
07/29/2019 19:18:00.000000,0.263196,8.0675,0.0592,0.006416,3.040541
07/29/2019 19:19:00.000000,0.240798,3.77925,0.0625,0.004606,3.461538
07/29/2019 19:20:00.000000,0.185132,11.60225,0.060825,6.174419,3.85814
07/29/2019 19:21:00.000000,0.239559,10.4225,0.0582,15.157143,2.733333
07/29/2019 19:22:00.000000,0.257119,6.693,0.05865,0.01338,5.231707
07/29/2019 19:23:00.000000,0.17152,5.12125,0.06065,5.26,3.49
07/29/2019 19:24:00.000000,0.15168,7.29525,0.061375,3.102381,2.928571
07/29/2019 19:25:00.000000,0.17754,7.185,0.06078,7.923529,3.723529
07/29/2019 19:26:00.000000,0.171485,6.907,0.060533,0.005756,3.476923
07/29/2019 19:27:00.000000,0.144174,6.34525,0.061625,0.003906,2.971429
07/29/2019 19:28:00.000000,0.134025,5.8205,0.06215,0.008439,2.9
07/29/2019 19:29:00.000000,0.166847,5.33975,0.061625,,
07/29/2019 19:30:00.000000,0.191508,4.88325,0.061475,0.007029,3.328571
07/29/2019 19:31:00.000000,0.155934,4.57075,0.06055,0.010999,3.4
07/29/2019 19:32:00.000000,0.166718,4.428,0.05965,0.009012,3.230769
07/29/2019 19:33:00.000000,0.192669,4.32025,0.05925,9.302439,3.370732
07/29/2019 19:34:00.000000,0.193521,4.496,0.059125,6.385366,2.973171
07/29/2019 19:35:00.000000,0.229064,4.818,0.060825,2.883721,2.555814
07/29/2019 19:36:00.000000,0.333964,5.703,0.059625,0.007937,3.557143
07/29/2019 19:37:00.000000,0.705234,6.318,0.056825,6.888636,4.909091
07/29/2019 19:38:00.000000,0.480643,6.2405,0.059375,0.010744,3.206977
07/29/2019 19:39:00.000000,0.21918,6.3735,0.05964,5.297059,2.997059
07/29/2019 19:40:00.000000,0.175495,6.11925,0.059,4.265,2.83
07/29/2019 19:41:00.000000,0.139564,5.821,0.05935,0.003932,2.8
07/29/2019 19:42:00.000000,0.129671,5.467,0.06015,5.002381,3.314286
07/29/2019 19:43:00.000000,0.133238,5.227,0.061025,0.019723,2.714286
07/29/2019 19:44:00.000000,0.245812,4.682,0.05875,0.006104,2.26
07/29/2019 19:45:00.000000,0.340757,4.63,0.057075,4.155,3.475
07/29/2019 19:46:00.000000,0.210572,4.69275,0.059425,0.007594,3.7
07/29/2019 19:47:00.000000,0.154847,4.42525,0.06095,6.972727,4.378788
07/29/2019 19:48:00.000000,0.169538,4.831,0.0593,0.007051,3.819512
07/29/2019 19:49:00.000000,0.280802,4.96425,0.057975,0.003818,2.666667
07/29/2019 19:50:00.000000,0.219742,4.76225,0.05935,0.016596,2.5
07/29/2019 19:51:00.000000,0.148134,4.651,0.05925,6.556818,2.836364
07/29/2019 19:52:00.000000,0.164589,4.1365,0.058875,7.438095,4.357143
07/29/2019 19:53:00.000000,0.15627,6.3755,0.055825,0.011773,3.427907
07/29/2019 19:54:00.000000,0.159101,19.80925,0.04475,0.008862,2.687805
07/29/2019 19:55:00.000000,0.152311,6.906,0.053075,2.931579,2.347368
07/29/2019 19:56:00.000000,0.191242,3.85425,0.056675,5.905128,2.774359
07/29/2019 19:57:00.000000,0.167174,4.082,0.05825,0.003717,2.285714
07/29/2019 19:58:00.000000,0.144501,7.7285,0.055675,0.003197,2.45
07/29/2019 19:59:00.000000,0.262512,7.487,0.05275,6.155,3.435
07/29/2019 20:00:00.000000,0.317909,9.9625,0.051675,0.013114,4.528889
07/29/2019 20:01:00.000000,0.271459,3.786,0.054125,0.005477,3.145455
07/29/2019 20:02:00.000000,0.166178,3.326,0.05705,6.268421,2.647368
07/29/2019 20:03:00.000000,0.160324,4.063,0.05755,3.285714,2.371429
07/29/2019 20:04:00.000000,0.154798,5.04675,0.056425,5.036585,3.002439
07/29/2019 20:05:00.000000,0.154012,5.48025,0.057975,0.029874,3.506977
07/29/2019 20:06:00.000000,0.159764,5.2475,0.06015,0.0105,3.102439
07/29/2019 20:07:00.000000,0.170698,4.96525,0.059425,6.566667,2.8375
07/29/2019 20:08:00.000000,0.140807,4.75075,0.057925,5.994595,3.386486
07/29/2019 20:09:00.000000,0.15917,10.9425,0.054475,9.316279,3.906977
07/29/2019 20:10:00.000000,0.173017,7.95375,0.053975,5.302273,3.136364
07/29/2019 20:11:00.000000,0.209313,9.912,0.05585,3.268421,2.918421
07/29/2019 20:12:00.000000,0.20167,5.0275,0.058525,3.753488,3.062791
07/29/2019 20:13:00.000000,0.16959,3.8065,0.060875,0.026914,3.186047
07/29/2019 20:14:00.000000,0.156805,4.43175,0.055625,0.005828,2.764103
07/29/2019 20:15:00.000000,0.212554,4.836,0.06135,0.002921,2.271429
07/29/2019 20:16:00.000000,0.274726,5.23475,0.050375,8.653488,2.888372
07/29/2019 20:17:00.000000,0.376569,9.4035,0.0554,5.826316,3.421053
07/29/2019 20:18:00.000000,0.289873,12.2595,0.05665,8.856522,2.873913
07/29/2019 20:19:00.000000,0.169118,12.13075,0.055675,6.693333,3.628889
07/29/2019 20:20:00.000000,0.143489,3.40975,0.060875,3.028571,2.716667
07/29/2019 20:21:00.000000,0.138851,5.576,0.0583,7.570732,3.868293
07/29/2019 20:22:00.000000,0.188647,7.98225,0.0554,9.061538,3.776923
07/29/2019 20:23:00.000000,0.197488,6.6165,0.0595,3.295122,2.539024
07/29/2019 20:24:00.000000,0.196785,6.382,0.06165,2.638462,2.638462
07/29/2019 20:25:00.000000,0.203071,6.03275,0.060625,5.785714,2.7
07/29/2019 20:26:00.000000,0.149885,5.62675,0.06085,3.325,2.7
07/29/2019 20:27:00.000000,0.166537,10.4245,0.05685,5.911364,3.540909
07/29/2019 20:28:00.000000,0.265759,4.22425,0.05605,9.836585,3.273171
07/29/2019 20:29:00.000000,0.215719,5.14125,0.0582,,
07/29/2019 20:30:00.000000,0.182329,7.6785,0.055975,8.488095,2.928571
07/29/2019 20:31:00.000000,0.183543,14.517,0.0473,0.005187,3.068421
07/29/2019 20:32:00.000000,0.284302,20.182,0.0451,9.357143,3.7
07/29/2019 20:33:00.000000,0.406211,15.394,0.047525,0.010029,3.468571
07/29/2019 20:34:00.000000,0.345616,8.66325,0.0519,7.37561,4.253659
07/29/2019 20:35:00.000000,0.260343,5.59975,0.056925,3.322727,3.018182
07/29/2019 20:36:00.000000,0.228727,6.61925,0.057075,29.373684,6.186842
07/29/2019 20:37:00.000000,0.202512,6.39225,0.0589,21.79,5.935
07/29/2019 20:38:00.000000,0.167685,5.96425,0.06025,0.010435,3.55
07/29/2019 20:39:00.000000,0.163775,5.62625,0.0594,0.009304,4.557143
07/29/2019 20:40:00.000000,0.162093,5.374,0.05905,10.757143,4.2
07/29/2019 20:41:00.000000,0.163243,5.30975,0.056825,12.495122,5.67561
07/29/2019 20:42:00.000000,0.236438,12.40475,0.051975,15.346341,5.743902
07/29/2019 20:43:00.000000,0.299223,4.759,0.0536,0.043402,4.047826
07/29/2019 20:44:00.000000,0.206558,8.54125,0.05615,0.011121,2.935
07/29/2019 20:45:00.000000,0.16324,7.399,0.057775,8.9,3.657143
07/29/2019 20:46:00.000000,0.176834,5.399,0.059625,8.86,3.377778
07/29/2019 20:47:00.000000,0.17789,3.22325,0.060425,5.602326,3.3
07/29/2019 20:48:00.000000,0.15352,3.2845,0.059875,0.018433,2.958537
07/29/2019 20:49:00.000000,0.191376,,,,
07/29/2019 20:50:00.000000,0.311742,6.5435,0.053925,9.184783,3.76087
07/29/2019 20:51:00.000000,0.273526,6.8685,0.0558,9.028571,3.271429
07/29/2019 20:52:00.000000,0.224179,4.46575,0.0579,0.010982,3.534884
07/29/2019 20:53:00.000000,0.210118,4.441,0.05815,14.531818,3.347727
07/29/2019 20:54:00.000000,0.270479,4.8465,0.05735,4.34878,2.873171
07/29/2019 20:55:00.000000,0.289159,8.97,0.053975,7.685714,4.257143
07/29/2019 20:56:00.000000,0.280141,7.55575,0.05425,0.010659,4.585714
07/29/2019 20:57:00.000000,0.241561,6.13575,0.055525,0.021063,3.584615
07/29/2019 20:58:00.000000,0.246973,7.06475,0.05525,0.012699,3.997561
07/29/2019 20:59:00.000000,0.198633,8.32275,0.05535,11.076923,3.169231
07/29/2019 21:00:00.000000,0.166542,7.8845,0.05555,7.354545,2.663636
07/29/2019 21:01:00.000000,0.175879,7.406,0.055925,0.032923,4.376923
07/29/2019 21:02:00.000000,0.165753,6.89425,0.0563,0.013195,4.344444
07/29/2019 21:03:00.000000,0.227999,6.49425,0.056125,15.24,3.173333
07/29/2019 21:04:00.000000,0.274653,6.19525,0.054675,18.555,3.33
07/29/2019 21:05:00.000000,0.23692,6.21375,0.052675,13.895122,4.595122
07/29/2019 21:06:00.000000,0.267417,6.07825,0.052825,0.011265,6.238462
07/29/2019 21:07:00.000000,0.272748,5.84825,0.054825,0.007728,3.671429
07/29/2019 21:08:00.000000,0.267942,5.72675,0.05675,0.007469,3.625
07/29/2019 21:09:00.000000,0.236414,,,,
07/29/2019 21:10:00.000000,0.208999,5.82075,0.0549,4.53,2.925
07/29/2019 21:11:00.000000,0.193862,5.51025,0.056,0.028863,3.131818
07/29/2019 21:12:00.000000,0.162189,11.3595,0.052325,20.6,3.2
07/29/2019 21:13:00.000000,0.204858,8.15675,0.052125,0.009813,3.45814
07/29/2019 21:14:00.000000,0.299191,6.299,0.054725,0.010721,3.584615
07/29/2019 21:15:00.000000,0.351219,4.25925,0.05565,13.553846,5.292308
07/29/2019 21:16:00.000000,0.235404,4.082,0.0564,0.006809,2.294444
07/29/2019 21:17:00.000000,0.182164,3.9655,0.057325,0.006419,3.4
07/29/2019 21:18:00.000000,0.176466,4.54775,0.054175,0.01232,3.6
07/29/2019 21:19:00.000000,0.212243,5.01825,0.052475,0.019647,3.516667
07/29/2019 21:20:00.000000,0.199266,5.15325,0.0543,0.014724,3.248837
07/29/2019 21:21:00.000000,0.19483,5.63425,0.051575,0.010904,3.882927
07/29/2019 21:22:00.000000,0.214823,5.96775,0.0522,11.7,3.330233
07/29/2019 21:23:00.000000,0.194142,6.1905,0.05435,9.568293,3.541463
07/29/2019 21:24:00.000000,0.161671,6.71075,0.0525,0.009793,4.102326
07/29/2019 21:25:00.000000,0.198228,7.3155,0.052125,8.138462,3.707692
07/29/2019 21:26:00.000000,0.337401,8.38375,0.052925,0.027917,3.007692
07/29/2019 21:27:00.000000,0.304337,13.188,0.0499,5.3,2.471429
07/29/2019 21:28:00.000000,0.26248,3.95175,0.05455,0.007758,3.153488
07/29/2019 21:29:00.000000,0.200422,,,,
07/29/2019 21:30:00.000000,0.143314,2.812,0.059825,0.010215,3.207317
07/29/2019 21:31:00.000000,0.154197,3.67425,0.05885,0.014002,3.585714
07/29/2019 21:32:00.000000,0.162159,4.13875,0.056275,4.283333,3.169444
07/29/2019 21:33:00.000000,0.193127,4.5425,0.0551,14.052174,2.43913
07/29/2019 21:34:00.000000,0.203928,4.27575,0.054,0.010539,3.157143
07/29/2019 21:35:00.000000,0.187422,10.18475,0.048825,19.706977,3.467442
07/29/2019 21:36:00.000000,0.239092,6.81075,0.051825,5.345455,2.722727
07/29/2019 21:37:00.000000,0.217118,5.01975,0.055975,0.016511,2.342857
07/29/2019 21:38:00.000000,0.171722,5.97475,0.0554,0.013152,4.519512
07/29/2019 21:39:00.000000,0.1901,13.2815,0.050625,0.023878,6.761538
07/29/2019 21:40:00.000000,0.313688,11.13925,0.050175,8.571429,4.192857
07/29/2019 21:41:00.000000,0.313586,6.86925,0.054275,8.830769,3.207692
07/29/2019 21:42:00.000000,0.242549,11.12675,0.052625,0.012062,3.273684
07/29/2019 21:43:00.000000,0.247276,8.7275,0.05225,12.327027,3.3
07/29/2019 21:44:00.000000,0.234176,8.03225,0.053625,9.814634,4.153659
07/29/2019 21:45:00.000000,0.237605,7.7615,0.055175,0.005944,3.62
07/29/2019 21:46:00.000000,0.20287,7.53275,0.055725,23.063415,3.085366
07/29/2019 21:47:00.000000,0.2254,7.49025,0.054525,6.082927,2.658537
07/29/2019 21:48:00.000000,0.241348,7.316,0.0567,0.010544,4.190698
07/29/2019 21:49:00.000000,0.244742,,,,
07/29/2019 21:50:00.000000,0.212955,7.149,0.056775,0.02544,4.777273
07/29/2019 21:51:00.000000,0.197935,6.91125,0.05835,23.646341,3.960976
07/29/2019 21:52:00.000000,0.189425,6.9735,0.05845,0.038402,3.536585
07/29/2019 21:53:00.000000,0.22452,7.5665,0.0567,0.019826,4.016279
07/29/2019 21:54:00.000000,0.254066,8.0965,0.0569,0.02377,4.185714
07/29/2019 21:55:00.000000,0.255998,8.33675,0.056225,22.142857,4.714286
07/29/2019 21:56:00.000000,0.257654,8.8905,0.054225,30.33871,4.606452
07/29/2019 21:57:00.000000,0.262755,8.9175,0.057175,0.037577,8.697561
07/29/2019 21:58:00.000000,0.239308,8.94975,0.057575,0.014305,5.473171
07/29/2019 21:59:00.000000,0.313677,9.52725,0.053,0.015582,4.97
07/29/2019 22:00:00.000000,0.337176,9.98375,0.0539,7.778049,3.634146
07/29/2019 22:01:00.000000,0.232674,10.01,0.055633,497.753658,5.87561
07/29/2019 22:02:00.000000,0.082556,9.6575,0.058,104.5,4.354054
07/29/2019 22:03:00.000000,0.047454,9.93775,0.0572,0.019823,3.59
07/29/2019 22:04:00.000000,0.00839,10.06425,0.0545,10.395238,3.985714
07/29/2019 22:05:00.000000,0.002092,10.318,0.05575,8.46,3.62
07/29/2019 22:06:00.000000,0.007334,10.39225,0.055425,0.015861,4.368421
07/29/2019 22:07:00.000000,0.002604,9.971,0.056,0.011794,4.7625
07/29/2019 22:08:00.000000,0.006215,9.45375,0.05655,0.018115,5.307692
07/29/2019 22:09:00.000000,0.000826,9.21125,0.054325,0.015816,3.626667
07/29/2019 22:10:00.000000,0.003226,9.1655,0.053275,9.141463,2.873171
07/29/2019 22:11:00.000000,0.009657,8.39875,0.054375,9.488372,3.218605
07/29/2019 22:12:00.000000,0.046674,7.9815,0.0529,8.75,2.705
07/29/2019 22:13:00.000000,0.16431,8.01125,0.05164,10.944186,3.186047
07/29/2019 22:14:00.000000,0.283819,8.0595,0.051333,0.018462,3.0375
07/29/2019 22:15:00.000000,0.28962,7.983,0.05215,0.02838,3.67027
07/29/2019 22:16:00.000000,0.328982,10.815,0.0512,0.018869,3.8
07/29/2019 22:17:00.000000,0.308362,8.9305,0.051625,16.982927,3.287805
07/29/2019 22:18:00.000000,0.223061,6.679,0.05365,17.7,2.785366
07/29/2019 22:19:00.000000,0.182506,4.176,0.054175,0.021441,3.266667
07/29/2019 22:20:00.000000,0.168558,4.10375,0.0538,0.01259,3.570732
07/29/2019 22:21:00.000000,0.194826,4.5495,0.0528,0.008505,3.85814
07/29/2019 22:22:00.000000,0.235164,8.7505,0.051075,0.017961,3.039535
07/29/2019 22:23:00.000000,0.272255,11.54575,0.048975,0.014442,3.665
07/29/2019 22:24:00.000000,0.26882,13.08625,0.048425,0.015084,3.117073
07/29/2019 22:25:00.000000,0.241834,10.105,0.0486,14.557143,3.6
07/29/2019 22:26:00.000000,0.20867,10.02775,0.051275,10.495,4.525
07/29/2019 22:27:00.000000,0.215838,10.40975,0.051825,0.027351,11.046154
07/29/2019 22:28:00.000000,0.227543,9.89,0.0495,0.015629,4.415385
07/29/2019 22:29:00.000000,0.216454,9.28475,0.054775,7.485714,3.6
07/29/2019 22:30:00.000000,0.194766,8.57775,0.057125,11.680952,4.9
07/29/2019 22:31:00.000000,0.168539,7.938,0.05365,0.012046,3.5325
07/29/2019 22:32:00.000000,0.172592,7.7815,0.0567,0.024653,5.190244
07/29/2019 22:33:00.000000,0.19843,7.61125,0.05585,0.010351,3.965116
07/29/2019 22:34:00.000000,0.197229,7.289,0.05485,13.8,4.031707
07/29/2019 22:35:00.000000,0.230691,7.02625,0.0551,24.942857,4.7
07/29/2019 22:36:00.000000,0.219102,7.0555,0.052,0.035705,4.46
07/29/2019 22:37:00.000000,0.19299,7.1405,0.053675,12.515789,3.389474
07/29/2019 22:38:00.000000,0.180432,7.315,0.055925,0.015028,3.621053
07/29/2019 22:39:00.000000,0.223562,7.729,0.051225,11.39,5.145
07/29/2019 22:40:00.000000,0.279234,7.4055,0.052925,0.005774,3.378947
07/29/2019 22:41:00.000000,0.213687,7.1015,0.05445,0.012727,5.635
07/29/2019 22:42:00.000000,0.187144,7.0255,0.0543,0.012317,3.62439
07/29/2019 22:43:00.000000,0.189961,11.1975,0.0523,12.551351,3.618919
07/29/2019 22:44:00.000000,0.222846,12.0115,0.047975,9.29,4.21
07/29/2019 22:45:00.000000,0.311326,11.13825,0.04825,0.015761,4.556098
07/29/2019 22:46:00.000000,0.310659,11.094,0.048625,17.764865,5.735135
07/29/2019 22:47:00.000000,0.285841,10.384,0.0509,0.01119,4.325581
07/29/2019 22:48:00.000000,0.226569,9.763,0.05285,33.117073,3.82439
07/29/2019 22:49:00.000000,0.219922,9.4155,0.05165,0.015031,3.381395
07/29/2019 22:50:00.000000,0.209301,9.1875,0.05105,3.025641,2.623077
07/29/2019 22:51:00.000000,0.205165,8.82325,0.050975,8.197297,3.756757
07/29/2019 22:52:00.000000,0.201689,8.2045,0.0525,8.079487,3.589744
07/29/2019 22:53:00.000000,0.196215,7.8685,0.051975,7.985,3.585
07/29/2019 22:54:00.000000,0.206226,7.97025,0.050175,15.341463,4.965854
07/29/2019 22:55:00.000000,0.278828,8.171,0.051525,0.022955,4.707692
07/29/2019 22:56:00.000000,0.31524,8.2155,0.05255,0.010875,3.742857
07/29/2019 22:57:00.000000,0.261914,7.97225,0.053725,13.125581,4.288372
07/29/2019 22:58:00.000000,0.198185,7.75275,0.052875,16.371429,3.871429
07/29/2019 22:59:00.000000,0.206987,7.81875,0.05115,0.032646,5.165854
07/29/2019 23:00:00.000000,0.215801,7.9445,0.051525,0.024095,4.295
07/29/2019 23:01:00.000000,0.192444,7.5795,0.052575,32.631818,4.352273
07/29/2019 23:02:00.000000,0.17291,7.04125,0.052375,0.022361,6.505263
07/29/2019 23:03:00.000000,0.178954,6.824,0.0522,0.024015,5.528571
07/29/2019 23:04:00.000000,0.179625,6.678,0.052575,0.02859,7.014286
07/29/2019 23:05:00.000000,0.174513,6.53275,0.052975,0.024828,6.3925
07/29/2019 23:06:00.000000,0.167546,6.241,0.053525,29.136364,4.818182
07/29/2019 23:07:00.000000,0.175052,6.016,0.05275,0.045653,5.025
07/29/2019 23:08:00.000000,0.204182,6.13625,0.05115,0.029155,6.471429
07/29/2019 23:09:00.000000,0.231398,6.2285,0.05055,0.044602,4.7
07/29/2019 23:10:00.000000,0.290449,6.30925,0.050325,30.778947,5.563158
07/29/2019 23:11:00.000000,0.275916,6.64075,0.0498,19.214286,6.633333
07/29/2019 23:12:00.000000,0.288707,6.96,0.05045,31.461538,7.538462
07/29/2019 23:13:00.000000,0.228441,7.67175,0.048575,0.031957,6.769231
07/29/2019 23:14:00.000000,0.236465,16.13425,0.04575,0.030754,5.589474
07/29/2019 23:15:00.000000,0.290614,15.03775,0.043,0.037881,5.731707
07/29/2019 23:16:00.000000,0.465418,16.10925,0.0435,0.03025,7.171429
07/29/2019 23:17:00.000000,0.926808,9.8865,0.0474,0.026731,4.981818
07/29/2019 23:18:00.000000,0.592055,8.4565,0.050525,0.032108,5.107692
07/29/2019 23:19:00.000000,0.243582,9.68,0.047275,0.066546,4.602439
07/29/2019 23:20:00.000000,0.251326,10.05025,0.045025,30.458537,5.695122
07/29/2019 23:21:00.000000,0.300741,10.1255,0.045525,12.660465,4.523256
07/29/2019 23:22:00.000000,0.286197,10.5135,0.044875,0.023478,5.87561
07/29/2019 23:23:00.000000,0.248093,10.61675,0.047675,0.016798,6.030769
07/29/2019 23:24:00.000000,0.243089,10.42875,0.050975,0.010354,3.535
07/29/2019 23:25:00.000000,0.237756,10.05225,0.0517,0.015423,3.612195
07/29/2019 23:26:00.000000,0.202726,9.80375,0.05075,0.026936,6.014286
07/29/2019 23:27:00.000000,0.221135,9.37825,0.050675,0.00827,3.692308
07/29/2019 23:28:00.000000,0.244387,8.754,0.0519,19.439474,5.710526
07/29/2019 23:29:00.000000,0.20358,8.17025,0.052725,5.1875,3.31
07/29/2019 23:30:00.000000,0.195715,9.134,0.05085,23.202439,4.336585
07/29/2019 23:31:00.000000,0.249915,11.393,0.04845,0.017427,4.765854
07/29/2019 23:32:00.000000,0.275314,11.5435,0.048275,0.011993,3.61
07/29/2019 23:33:00.000000,0.25987,8.99375,0.048275,11.560976,3.826829
07/29/2019 23:34:00.000000,0.228073,7.9945,0.049,0.014066,3.813953
07/29/2019 23:35:00.000000,0.263624,11.14625,0.046875,0.018838,4.914286
07/29/2019 23:36:00.000000,0.38922,13.8225,0.0441,23.438462,4.676923
07/29/2019 23:37:00.000000,0.373853,13.84025,0.043725,12.519512,5.368293
07/29/2019 23:38:00.000000,0.31743,13.58975,0.044,11.660465,3.52093
07/29/2019 23:39:00.000000,0.326612,13.54925,0.043275,0.005435,2.781395
07/29/2019 23:40:00.000000,0.362708,12.92925,0.046675,10.842857,5.616667
07/29/2019 23:41:00.000000,0.361636,12.124,0.0476,5.918605,3.855814
07/29/2019 23:42:00.000000,0.531492,18.78075,0.04365,19.7,5.827907
07/29/2019 23:43:00.000000,0.515964,8.23375,0.04505,19.965854,4.080488
07/29/2019 23:44:00.000000,0.354907,8.18425,0.047825,0.024187,3.782927
07/29/2019 23:45:00.000000,0.288056,10.752,0.045625,17.57561,4.909756
07/29/2019 23:46:00.000000,0.293654,10.7285,0.045325,26.085714,3.954762
07/29/2019 23:47:00.000000,0.346692,13.00725,0.04315,0.010525,4.225
07/29/2019 23:48:00.000000,0.315788,17.33225,0.040375,0.009752,4.556098
07/29/2019 23:49:00.000000,0.254299,8.338,0.0458,,
07/29/2019 23:50:00.000000,0.2126,6.72425,0.04875,0.009881,3.818182
07/29/2019 23:51:00.000000,0.207152,5.55375,0.04935,8.411765,5.008824
07/29/2019 23:52:00.000000,0.190077,5.99625,0.049925,8.571429,3.571429
07/29/2019 23:53:00.000000,0.188658,5.94625,0.05035,0.013017,3.982927
07/29/2019 23:54:00.000000,0.198132,5.8785,0.0502,0.011685,3.848837
07/29/2019 23:55:00.000000,0.212056,5.77175,0.0492,0.008227,3.63
07/29/2019 23:56:00.000000,0.182793,5.65675,0.049725,9.527273,3.340909
07/29/2019 23:57:00.000000,0.170109,5.871,0.048675,0.018579,3.469231
07/29/2019 23:58:00.000000,0.197,11.193,0.046,8.780952,5.214286
07/29/2019 23:59:00.000000,0.230204,6.77975,0.046675,0.013265,4.557143
07/30/2019 00:00:00.000000,0.487078,5.2595,0.048725,4.675,3.125
07/30/2019 00:01:00.000000,0.383822,6.415,0.048325,6.446341,4.607317
07/30/2019 00:02:00.000000,0.24354,6.894,0.046775,0.017709,3.8
07/30/2019 00:03:00.000000,0.304705,7.022,0.046575,0.018041,3.944186
07/30/2019 00:04:00.000000,0.306451,7.16425,0.0463,4.221429,3.057143
07/30/2019 00:05:00.000000,0.283289,7.48275,0.044475,0.006674,2.985366
07/30/2019 00:06:00.000000,0.279712,7.87575,0.043925,0.012953,4.893023
07/30/2019 00:07:00.000000,0.269724,8.071,0.044975,4.472093,3.525581
07/30/2019 00:08:00.000000,0.254142,8.229,0.04565,0.003385,2.6
07/30/2019 00:09:00.000000,0.227297,12.34525,0.044025,0.008356,3.593182
07/30/2019 00:10:00.000000,0.204765,13.793,0.042525,5.148837,3.54186
07/30/2019 00:11:00.000000,0.240649,10.5015,0.04445,2.790698,2.57907
07/30/2019 00:12:00.000000,0.246538,7.1975,0.046325,2.916279,2.830233
07/30/2019 00:13:00.000000,0.238614,7.18775,0.04565,5.828571,2.985714
07/30/2019 00:14:00.000000,0.263992,7.33275,0.0447,9.471429,4.057143
07/30/2019 00:15:00.000000,0.322467,7.427,0.044425,0.017313,6.931707
07/30/2019 00:16:00.000000,0.398274,6.62975,0.043725,16.892105,3.839474
07/30/2019 00:17:00.000000,0.309558,11.3705,0.042,0.023711,3.816279
07/30/2019 00:18:00.000000,0.254532,8.089,0.0436,0.00459,2.455
07/30/2019 00:19:00.000000,0.255288,6.58925,0.046425,15.318182,4.359091
07/30/2019 00:20:00.000000,0.285512,8.05125,0.046575,14.771429,2.985714
07/30/2019 00:21:00.000000,0.233188,7.8195,0.0469,9.85,5.165
07/30/2019 00:22:00.000000,0.198639,10.49825,0.046575,0.029313,3.245455
07/30/2019 00:23:00.000000,0.168726,5.285,0.0469,0.027135,3.629268
07/30/2019 00:24:00.000000,0.157695,4.2795,0.0487,30.545,3.46
07/30/2019 00:25:00.000000,0.150913,4.78975,0.048725,0.022115,2.542857
07/30/2019 00:26:00.000000,0.168162,4.95725,0.04835,8.040909,2.831818
07/30/2019 00:27:00.000000,0.170683,5.041,0.04755,0.014462,4.909302
07/30/2019 00:28:00.000000,0.161338,6.941,0.044475,0.017686,3.47561
07/30/2019 00:29:00.000000,0.187869,10.08325,0.042025,0.025093,4.233333
07/30/2019 00:30:00.000000,0.203742,5.2155,0.046,0.039833,4.4
07/30/2019 00:31:00.000000,0.173651,4.7075,0.04815,0.016223,3.72
07/30/2019 00:32:00.000000,0.161878,4.8175,0.047825,10.733333,3.438095
07/30/2019 00:33:00.000000,0.195021,4.953,0.04675,0.012399,3.229268
07/30/2019 00:34:00.000000,0.242068,5.0595,0.04715,15.857143,3.283333
07/30/2019 00:35:00.000000,0.208916,5.20375,0.047825,4.265854,2.190244
07/30/2019 00:36:00.000000,0.300692,13.40725,0.04375,2.516667,2.5
07/30/2019 00:37:00.000000,0.443666,8.912,0.041925,7.807317,3.843902
07/30/2019 00:38:00.000000,0.268475,6.293,0.045275,8.260976,2.819512
07/30/2019 00:39:00.000000,0.194952,7.624,0.045875,0.003332,2.1625
07/30/2019 00:40:00.000000,0.206386,7.5005,0.0464,0.004088,3.0075
07/30/2019 00:41:00.000000,0.239635,7.5385,0.0451,0.020494,5.41
07/30/2019 00:42:00.000000,0.248094,7.6375,0.042925,0.01565,3.836585
07/30/2019 00:43:00.000000,0.221385,7.6395,0.0434,11.548837,3.081395
07/30/2019 00:44:00.000000,0.217308,7.94225,0.042625,0.031205,4.468182
07/30/2019 00:45:00.000000,0.23993,7.89575,0.044,12.77907,2.634884
07/30/2019 00:46:00.000000,0.210084,8.03225,0.0442,11.995454,5.15
07/30/2019 00:47:00.000000,0.214506,8.244,0.0424,0.014181,6.018919
07/30/2019 00:48:00.000000,0.221528,8.10475,0.04495,0.015107,3.0
07/30/2019 00:49:00.000000,0.204618,7.848,0.046475,8.9,4.528571
07/30/2019 00:50:00.000000,0.194681,7.80325,0.045625,9.620513,2.869231
07/30/2019 00:51:00.000000,0.19933,7.707,0.04595,3.885714,2.75
07/30/2019 00:52:00.000000,0.26468,7.25075,0.0472,7.553659,3.141463
07/30/2019 00:53:00.000000,0.438446,7.01175,0.047675,0.014809,3.114634
07/30/2019 00:54:00.000000,0.303898,6.5095,0.048,10.437209,5.251163
07/30/2019 00:55:00.000000,0.193695,5.96725,0.0489,17.781081,2.924324
07/30/2019 00:56:00.000000,0.164135,4.43725,0.04845,8.882927,4.136585
07/30/2019 00:57:00.000000,0.179645,4.48375,0.04805,0.003925,2.94878
07/30/2019 00:58:00.000000,0.17953,4.651,0.0484,0.014791,6.797561
07/30/2019 00:59:00.000000,0.152768,4.41125,0.04895,3.502381,3.042857
07/30/2019 01:00:00.000000,0.148532,4.137,0.048675,0.011356,3.5
07/30/2019 01:01:00.000000,0.151071,4.18975,0.0483,0.00873,3.017073
07/30/2019 01:02:00.000000,0.147798,4.32875,0.047925,0.01041,4.005
07/30/2019 01:03:00.000000,0.150116,4.50475,0.047375,22.278947,3.105263
07/30/2019 01:04:00.000000,0.170675,4.63275,0.047525,0.012473,3.928571
07/30/2019 01:05:00.000000,0.177882,4.68475,0.04815,2.975,2.485
07/30/2019 01:06:00.000000,0.1661,4.722,0.048375,6.96,4.345
07/30/2019 01:07:00.000000,0.160133,4.6925,0.04925,2.954762,2.571429
07/30/2019 01:08:00.000000,0.145875,4.617,0.049375,0.005968,2.971429
07/30/2019 01:09:00.000000,0.150591,4.66675,0.0482,7.814286,3.185714
07/30/2019 01:10:00.000000,0.201858,4.744,0.04695,0.012897,4.539535
07/30/2019 01:11:00.000000,0.210859,4.66875,0.0468,7.653659,3.77561
07/30/2019 01:12:00.000000,0.199428,4.77125,0.047275,0.005897,2.911628
07/30/2019 01:13:00.000000,0.199841,4.78925,0.048425,0.003496,2.547727
07/30/2019 01:14:00.000000,0.175911,4.9535,0.04745,6.507895,2.934211
07/30/2019 01:15:00.000000,0.193206,5.2155,0.047525,0.004597,3.169231
07/30/2019 01:16:00.000000,0.193418,5.348,0.048475,7.869231,5.4
07/30/2019 01:17:00.000000,0.178794,5.64675,0.04675,0.01349,3.657143
07/30/2019 01:18:00.000000,0.186045,5.7795,0.045525,3.83,2.7225
07/30/2019 01:19:00.000000,0.204606,5.86975,0.046875,0.004348,3.022222
07/30/2019 01:20:00.000000,0.193471,5.75425,0.047975,0.007818,3.1
07/30/2019 01:21:00.000000,0.190114,5.9325,0.0473,8.657895,3.942105
07/30/2019 01:22:00.000000,0.424249,16.45175,0.0461,0.004438,3.14
07/30/2019 01:23:00.000000,0.472863,16.7805,0.04605,5.4,2.642857
07/30/2019 01:24:00.000000,0.243888,4.49925,0.048075,2.971429,2.516667
07/30/2019 01:25:00.000000,0.165093,7.6075,0.0472,2.5,2.5
07/30/2019 01:26:00.000000,0.167447,7.9825,0.045725,2.848718,2.753846
07/30/2019 01:27:00.000000,0.185057,5.9475,0.0462,0.010869,4.204878
07/30/2019 01:28:00.000000,0.18077,5.0845,0.04775,7.814286,4.314286
07/30/2019 01:29:00.000000,0.177965,7.92775,0.046575,11.628571,3.871429
07/30/2019 01:30:00.000000,0.210673,14.23375,0.043525,0.014629,6.12
07/30/2019 01:31:00.000000,0.247924,10.818,0.042325,0.006387,3.037037
07/30/2019 01:32:00.000000,0.213693,6.41625,0.045025,6.656098,4.009756
07/30/2019 01:33:00.000000,0.192024,5.4785,0.0469,0.007262,4.115
07/30/2019 01:34:00.000000,0.175077,5.5185,0.0464,3.354545,3.063636
07/30/2019 01:35:00.000000,0.180875,5.711,0.044425,9.166667,3.066667
07/30/2019 01:36:00.000000,0.220072,5.81325,0.045,0.0114,5.921622
07/30/2019 01:37:00.000000,0.19466,5.89225,0.045675,0.009252,3.685714
07/30/2019 01:38:00.000000,0.191947,6.21575,0.044175,6.511628,3.886047
07/30/2019 01:39:00.000000,0.202412,6.59975,0.044175,8.12093,4.860465
07/30/2019 01:40:00.000000,0.195959,7.20675,0.042,0.01941,5.085714
07/30/2019 01:41:00.000000,0.230162,8.491,0.0397,8.768182,4.427273
07/30/2019 01:42:00.000000,0.371913,19.299,0.033775,13.513889,4.127778
07/30/2019 01:43:00.000000,0.408965,14.834,0.03385,8.0,4.013333
07/30/2019 01:44:00.000000,0.331385,8.9195,0.04025,0.009872,4.097222
07/30/2019 01:45:00.000000,0.28401,6.8485,0.043775,5.3875,3.4
07/30/2019 01:46:00.000000,0.233242,6.8475,0.04435,5.514286,3.8
07/30/2019 01:47:00.000000,0.211338,6.9445,0.04415,0.020016,3.479545
07/30/2019 01:48:00.000000,0.20628,6.78475,0.04535,0.008242,2.971429
07/30/2019 01:49:00.000000,0.206482,6.72925,0.045225,7.819512,3.582927
07/30/2019 01:50:00.000000,0.260146,6.7,0.0451,13.8875,3.525
07/30/2019 01:51:00.000000,0.209261,6.57875,0.045975,6.446341,3.329268
07/30/2019 01:52:00.000000,0.164017,6.4815,0.04555,0.005298,2.945455
07/30/2019 01:53:00.000000,0.166752,6.52325,0.044175,0.01743,3.842857
07/30/2019 01:54:00.000000,0.17166,6.43875,0.044225,5.545455,3.568182
07/30/2019 01:55:00.000000,0.172112,6.57725,0.042425,0.009785,3.332558
07/30/2019 01:56:00.000000,0.204611,7.7515,0.037075,0.006898,4.170968
07/30/2019 01:57:00.000000,0.223384,8.31175,0.03855,7.0,3.033333
07/30/2019 01:58:00.000000,0.220293,8.5145,0.042275,0.008,3.963636
07/30/2019 01:59:00.000000,0.211595,8.7075,0.0426,4.232558,3.397674
07/30/2019 02:00:00.000000,0.207724,8.888,0.042725,0.011276,4.563158
07/30/2019 02:01:00.000000,0.288507,9.04525,0.04235,0.00884,4.714634
07/30/2019 02:02:00.000000,0.383248,9.1995,0.0437,0.004158,2.8
07/30/2019 02:03:00.000000,0.280343,15.59075,0.041975,8.654545,3.677273
07/30/2019 02:04:00.000000,0.223875,9.177,0.040675,0.006992,3.9
07/30/2019 02:05:00.000000,0.223902,6.84425,0.04305,4.7,3.4875
07/30/2019 02:06:00.000000,0.203507,6.17025,0.0449,0.007908,3.054545
07/30/2019 02:07:00.000000,0.228649,6.59825,0.043775,0.016798,3.523404
07/30/2019 02:08:00.000000,0.377287,6.673,0.042325,0.00885,3.514286
07/30/2019 02:09:00.000000,0.336974,13.5595,0.038675,0.00367,2.571111
07/30/2019 02:10:00.000000,0.229401,12.0815,0.03765,0.00302,2.4
07/30/2019 02:11:00.000000,0.205161,7.074,0.042575,4.390476,3.369048
07/30/2019 02:12:00.000000,0.177113,6.88225,0.0433,0.020573,3.5
07/30/2019 02:13:00.000000,0.190546,6.6845,0.0433,0.012939,3.756098
07/30/2019 02:14:00.000000,0.185244,6.7125,0.042275,0.005683,3.62439
07/30/2019 02:15:00.000000,0.185261,6.834,0.042125,0.003817,3.002439
07/30/2019 02:16:00.000000,0.223815,6.93425,0.0421,2.985714,2.985714
07/30/2019 02:17:00.000000,0.222866,6.91775,0.0426,4.492683,3.080488
07/30/2019 02:18:00.000000,0.197125,6.80225,0.044167,7.95122,3.1
07/30/2019 02:19:00.000000,0.195355,6.7525,0.04405,16.502439,3.868293
07/30/2019 02:20:00.000000,0.227227,6.94675,0.041975,0.016777,3.525581
07/30/2019 02:21:00.000000,0.282051,7.12275,0.042175,7.271429,3.485714
07/30/2019 02:22:00.000000,0.234052,9.3835,0.041275,6.657143,4.1
07/30/2019 02:23:00.000000,0.258545,10.59925,0.03945,0.003466,2.663415
07/30/2019 02:24:00.000000,0.281406,8.57675,0.0398,0.012965,4.697674
07/30/2019 02:25:00.000000,0.256573,7.7685,0.040875,6.211111,3.353333
07/30/2019 02:26:00.000000,0.256414,8.095,0.041925,0.006702,3.871429
07/30/2019 02:27:00.000000,0.236854,8.10275,0.0416,3.185714,3.057143
07/30/2019 02:28:00.000000,0.215949,8.05025,0.041025,3.760465,3.653488
07/30/2019 02:29:00.000000,0.254703,7.8765,0.0422,0.005425,3.373171
07/30/2019 02:30:00.000000,0.224425,7.7785,0.042375,0.00731,3.644186
07/30/2019 02:31:00.000000,0.240024,7.5695,0.042525,0.00421,2.915385
07/30/2019 02:32:00.000000,0.202877,7.4195,0.0425,0.007289,3.618182
07/30/2019 02:33:00.000000,0.188487,7.558,0.04215,0.023618,4.546341
07/30/2019 02:34:00.000000,0.180812,10.5985,0.0416,0.013357,5.438462
07/30/2019 02:35:00.000000,0.16756,6.913,0.041875,0.003996,3.028571
07/30/2019 02:36:00.000000,0.17198,7.4965,0.042125,4.017073,3.539024
07/30/2019 02:37:00.000000,0.186039,6.6865,0.04195,0.003891,3.102439
07/30/2019 02:38:00.000000,0.186606,6.585,0.0426,6.297826,3.086957
07/30/2019 02:39:00.000000,0.167592,6.5845,0.043275,9.643182,3.520455
07/30/2019 02:40:00.000000,0.178302,6.57175,0.04315,3.592857,2.828571
07/30/2019 02:41:00.000000,0.189348,6.4135,0.043225,0.010177,3.390909
07/30/2019 02:42:00.000000,0.167922,6.25125,0.043425,7.41,3.4175
07/30/2019 02:43:00.000000,0.159553,6.23975,0.0423,0.004895,3.485714
07/30/2019 02:44:00.000000,0.166648,6.55075,0.039775,0.009005,3.834884
07/30/2019 02:45:00.000000,0.212304,7.116,0.03785,7.756098,4.497561
07/30/2019 02:46:00.000000,0.268225,7.569,0.037725,3.787805,3.319512
07/30/2019 02:47:00.000000,0.235773,7.76975,0.0396,0.007112,3.769767
07/30/2019 02:48:00.000000,0.207644,8.094,0.039625,0.007635,3.310526
07/30/2019 02:49:00.000000,0.184344,8.586,0.0381,0.015249,3.714286
07/30/2019 02:50:00.000000,0.201689,9.17825,0.03695,4.621951,3.543902
07/30/2019 02:51:00.000000,0.236733,9.60175,0.037475,0.006003,3.753333
07/30/2019 02:52:00.000000,0.220118,9.538,0.038525,6.785714,3.216667
07/30/2019 02:53:00.000000,0.217285,10.769,0.036775,0.004879,3.45
07/30/2019 02:54:00.000000,0.229757,14.75325,0.033825,0.004168,3.258537
07/30/2019 02:55:00.000000,0.223007,10.306,0.035175,0.012294,3.533333
07/30/2019 02:56:00.000000,0.216254,10.71425,0.037175,0.006946,4.014634
07/30/2019 02:57:00.000000,0.241408,10.62525,0.037075,0.030418,4.714634
07/30/2019 02:58:00.000000,0.237795,10.329,0.038225,10.073333,3.24
07/30/2019 02:59:00.000000,0.207419,10.13325,0.038525,0.015355,3.840909
07/30/2019 03:00:00.000000,0.227417,10.27975,0.0363,16.214286,4.083333
07/30/2019 03:01:00.000000,0.289352,10.211,0.036125,12.6,4.433333
07/30/2019 03:02:00.000000,0.294424,10.15675,0.036075,3.971429,3.128571
07/30/2019 03:03:00.000000,0.289189,10.24775,0.036675,0.019606,3.3125
07/30/2019 03:04:00.000000,0.213613,10.07025,0.037875,5.659091,3.745455
07/30/2019 03:05:00.000000,0.199877,10.09425,0.03845,8.235,5.5
07/30/2019 03:06:00.000000,0.21264,10.16325,0.0394,0.010707,4.3
07/30/2019 03:07:00.000000,0.205852,9.80125,0.040375,0.043287,4.860465
07/30/2019 03:08:00.000000,0.210092,9.36225,0.038975,24.870732,4.402439
07/30/2019 03:09:00.000000,0.2348,9.589,0.036425,11.866667,5.133333
07/30/2019 03:10:00.000000,0.28261,9.291,0.037175,0.01548,5.125
07/30/2019 03:11:00.000000,0.247926,8.68,0.039925,0.00798,3.676744
07/30/2019 03:12:00.000000,0.193322,8.921,0.0384,14.172093,4.069767
07/30/2019 03:13:00.000000,0.189361,9.31875,0.035025,0.192043,12.6
07/30/2019 03:14:00.000000,0.209861,9.673,0.0347,0.030062,5.104545
07/30/2019 03:15:00.000000,0.216631,9.84975,0.03615,12.0625,4.225
07/30/2019 03:16:00.000000,0.214427,9.77275,0.038275,8.223077,5.823077
07/30/2019 03:17:00.000000,0.19375,9.15575,0.039325,0.027556,4.478049
07/30/2019 03:18:00.000000,0.200411,9.04575,0.039225,0.011155,3.942857
07/30/2019 03:19:00.000000,0.211306,9.15525,0.039425,0.005383,3.985366
07/30/2019 03:20:00.000000,0.190824,8.8845,0.03868,5.885714,4.857143
07/30/2019 03:21:00.000000,0.188006,8.161,0.037867,0.004663,3.652632
07/30/2019 03:22:00.000000,0.204202,9.41025,0.035675,0.006259,3.885714
07/30/2019 03:23:00.000000,0.441488,14.67825,0.03075,5.337209,3.818605
07/30/2019 03:24:00.000000,0.548607,11.846,0.0318,4.090909,3.547727
07/30/2019 03:25:00.000000,0.337053,9.0685,0.035625,0.004538,3.585714
07/30/2019 03:26:00.000000,0.218122,10.02025,0.03535,9.14878,4.62439
07/30/2019 03:27:00.000000,0.198738,9.8065,0.03515,0.008857,3.962791
07/30/2019 03:28:00.000000,0.19761,9.48475,0.0376,0.010234,4.7075
07/30/2019 03:29:00.000000,0.188699,9.14525,0.0386,0.008899,4.136957
07/30/2019 03:30:00.000000,0.173483,8.744,0.039075,3.839024,3.487805
07/30/2019 03:31:00.000000,0.171867,8.30075,0.0389,0.003912,3.148649
07/30/2019 03:32:00.000000,0.180811,7.9545,0.0389,4.8,3.61
07/30/2019 03:33:00.000000,0.264691,7.60025,0.039025,0.010975,3.784211
07/30/2019 03:34:00.000000,0.263216,7.33925,0.038475,6.709756,3.629268
07/30/2019 03:35:00.000000,0.216681,7.3845,0.037225,4.414286,3.433333
07/30/2019 03:36:00.000000,0.192147,7.41575,0.0381,0.004444,3.4
07/30/2019 03:37:00.000000,0.177742,7.45875,0.038275,3.243902,3.229268
07/30/2019 03:38:00.000000,0.190949,7.49725,0.0376,0.007439,4.128889
07/30/2019 03:39:00.000000,0.217467,7.815,0.037025,3.686486,3.378378
07/30/2019 03:40:00.000000,0.258445,8.059,0.03666,3.37561,3.370732
07/30/2019 03:41:00.000000,0.234867,8.666,0.036167,4.726829,3.641463
07/30/2019 03:42:00.000000,0.22393,8.729,0.0361,0.013013,4.283333
07/30/2019 03:43:00.000000,0.22969,8.70575,0.035975,9.795,4.315
07/30/2019 03:44:00.000000,0.257932,9.09225,0.03435,6.568421,3.878947
07/30/2019 03:45:00.000000,0.247733,9.3095,0.0346,0.009106,3.552174
07/30/2019 03:46:00.000000,0.22066,9.8525,0.033575,4.130233,3.5
07/30/2019 03:47:00.000000,0.259929,10.29525,0.0329,7.595,4.0775
07/30/2019 03:48:00.000000,0.407535,10.97,0.030225,0.006022,3.69
07/30/2019 03:49:00.000000,0.517956,11.1165,0.030625,6.306977,4.030233
07/30/2019 03:50:00.000000,0.483398,11.3985,0.033575,0.009169,4.680488
07/30/2019 03:51:00.000000,0.344982,12.837,0.033375,0.005011,3.789474
07/30/2019 03:52:00.000000,0.27911,15.3175,0.03185,0.014253,3.430769
07/30/2019 03:53:00.000000,0.291008,10.533,0.033275,7.367442,4.776744
07/30/2019 03:54:00.000000,0.234777,9.75575,0.035225,0.008023,5.083784
07/30/2019 03:55:00.000000,0.209253,9.665,0.0352,7.505,3.78
07/30/2019 03:56:00.000000,0.212543,9.699,0.0351,0.009512,4.185714
07/30/2019 03:57:00.000000,0.226155,9.70275,0.034725,0.013055,4.384615
07/30/2019 03:58:00.000000,0.248377,9.804,0.033875,0.006085,3.816667
07/30/2019 03:59:00.000000,0.240329,9.87975,0.033825,0.005668,3.95
07/30/2019 04:00:00.000000,0.235346,9.94425,0.034075,0.004313,3.323077
07/30/2019 04:01:00.000000,0.247521,10.2116,0.033025,3.366667,3.283333
07/30/2019 04:02:00.000000,0.112513,10.603333,0.03085,17.74375,3.4875
07/30/2019 04:03:00.000000,0.050588,11.15675,0.0293,9.185714,5.3
07/30/2019 04:04:00.000000,0.01022,11.4425,0.031375,4.895349,4.395349
07/30/2019 04:05:00.000000,0.007237,11.79575,0.0322,0.013992,5.053659
07/30/2019 04:06:00.000000,0.007904,11.87,0.032575,8.934211,4.526316
07/30/2019 04:07:00.000000,0.006423,11.87575,0.03285,0.009137,4.061538
07/30/2019 04:08:00.000000,0.003231,12.071,0.032075,0.004876,3.661538
07/30/2019 04:09:00.000000,0.004474,12.01475,0.032475,,
07/30/2019 04:10:00.000000,0.006687,11.90525,0.03115,0.008273,4.258537
07/30/2019 04:11:00.000000,0.004717,11.946,0.0289,0.010541,4.88
07/30/2019 04:12:00.000000,0.092494,24.3675,0.028475,0.017835,4.5875
07/30/2019 04:13:00.000000,0.318382,24.8795,0.028225,12.25641,6.169231
07/30/2019 04:14:00.000000,0.363967,20.666,0.027925,8.363415,5.063415
07/30/2019 04:15:00.000000,0.326677,13.98725,0.02895,0.010093,4.373171
07/30/2019 04:16:00.000000,0.324046,12.64475,0.0302,7.592308,4.469231
07/30/2019 04:17:00.000000,0.305086,12.52,0.030675,0.008564,5.25
07/30/2019 04:18:00.000000,0.290533,12.497,0.0302,0.012268,6.794872
07/30/2019 04:19:00.000000,0.260264,12.465,0.030625,11.856098,5.221951
07/30/2019 04:20:00.000000,0.254911,12.56725,0.030125,0.009157,4.984615
07/30/2019 04:21:00.000000,0.249876,12.55425,0.0307,0.014911,4.323077
07/30/2019 04:22:00.000000,0.232168,13.0035,0.029475,0.016628,5.8
07/30/2019 04:23:00.000000,0.271889,13.39725,0.027375,11.514286,6.185714
07/30/2019 04:24:00.000000,0.339299,13.58925,0.027525,5.165,4.33
07/30/2019 04:25:00.000000,0.29207,13.5895,0.029025,0.010041,5.285714
07/30/2019 04:26:00.000000,0.239457,13.38,0.0305,0.037158,4.286667
07/30/2019 04:27:00.000000,0.212816,13.184,0.032175,25.785714,3.242857
07/30/2019 04:28:00.000000,0.2186,12.8015,0.03275,0.0249,5.366667
07/30/2019 04:29:00.000000,0.195619,,,,
07/30/2019 04:30:00.000000,0.164095,11.265,0.035725,10.595349,4.844186
07/30/2019 04:31:00.000000,0.157379,10.34675,0.0351,9.890244,3.619512
07/30/2019 04:32:00.000000,0.159012,9.594,0.035075,3.904878,3.143902
07/30/2019 04:33:00.000000,0.158566,9.04725,0.03575,2.927273,2.927273
07/30/2019 04:34:00.000000,0.159698,8.6285,0.036375,0.017563,3.92
07/30/2019 04:35:00.000000,0.158547,8.233,0.035725,8.071429,3.433333
07/30/2019 04:36:00.000000,0.160365,7.99925,0.0349,0.008719,3.895
07/30/2019 04:37:00.000000,0.173097,8.338,0.033825,0.004728,3.483721
07/30/2019 04:38:00.000000,0.21585,8.5715,0.033175,21.242857,3.742857
07/30/2019 04:39:00.000000,0.208702,8.61875,0.0338,9.147727,3.463636
07/30/2019 04:40:00.000000,0.187432,8.67175,0.03385,7.002439,3.058537
07/30/2019 04:41:00.000000,0.19369,8.72275,0.034175,0.019802,3.6
07/30/2019 04:42:00.000000,0.196303,8.77525,0.034675,8.069231,3.361538
07/30/2019 04:43:00.000000,0.184806,8.70775,0.03585,0.009694,4.142105
07/30/2019 04:44:00.000000,0.161982,8.6365,0.03614,11.3875,3.71875
07/30/2019 04:45:00.000000,0.159423,8.04825,0.036033,0.016294,4.302326
07/30/2019 04:46:00.000000,0.155345,7.414,0.036825,7.168293,3.717073
07/30/2019 04:47:00.000000,0.146571,6.383,0.037325,0.006248,3.266667
07/30/2019 04:48:00.000000,0.149519,5.41275,0.0373,2.763636,2.730303
07/30/2019 04:49:00.000000,0.147941,4.303,0.03715,12.260976,3.126829
07/30/2019 04:50:00.000000,0.15928,3.30425,0.03645,0.008582,3.44878
07/30/2019 04:51:00.000000,0.167369,2.4465,0.036675,0.006945,3.266667
07/30/2019 04:52:00.000000,0.148845,1.50625,0.03755,7.307317,3.626829
07/30/2019 04:53:00.000000,0.159604,0.7225,0.036825,0.003752,2.765
07/30/2019 04:54:00.000000,0.164068,0.167,0.03676,2.794444,2.794444
07/30/2019 04:55:00.000000,0.148577,0.04075,0.0372,5.313514,3.302703
07/30/2019 04:56:00.000000,0.157383,-9999.0,0.0365,2.867568,2.737838
07/30/2019 04:57:00.000000,0.161076,1.2415,0.036225,0.012687,4.017647
07/30/2019 04:58:00.000000,0.156842,5.90075,0.035975,14.675,3.805
07/30/2019 04:59:00.000000,0.159599,3.01175,0.0364,0.013775,3.361538
07/30/2019 05:00:00.000000,0.153757,2.10625,0.035775,0.011236,4.49
07/30/2019 05:01:00.000000,0.170594,2.8535,0.035367,3.835135,3.078378
07/30/2019 05:02:00.000000,0.161344,3.037667,0.036567,4.281395,3.697674
07/30/2019 05:03:00.000000,0.136469,3.0276,0.03742,6.715,3.325
07/30/2019 05:04:00.000000,0.126065,3.016,0.037367,0.006178,3.409091
07/30/2019 05:05:00.000000,0.126871,3.082,0.0378,4.669231,3.330769
07/30/2019 05:06:00.000000,0.130514,3.093,0.038725,0.012376,3.543243
07/30/2019 05:07:00.000000,0.12518,3.1445,0.0381,0.005286,3.05
07/30/2019 05:08:00.000000,0.125444,3.20725,0.037675,0.005473,3.2875
07/30/2019 05:09:00.000000,0.14365,3.206,0.03785,0.003773,2.870732
07/30/2019 05:10:00.000000,0.153193,3.1395,0.03885,0.004084,3.078049
07/30/2019 05:11:00.000000,0.129618,3.155,0.039325,0.004022,3.2
07/30/2019 05:12:00.000000,0.125707,3.11875,0.0388,0.010303,4.068421
07/30/2019 05:13:00.000000,0.130736,3.016,0.0379,10.290476,4.147619
07/30/2019 05:14:00.000000,0.133537,2.98425,0.036775,0.009557,3.253846
07/30/2019 05:15:00.000000,0.134101,2.877,0.036475,0.003856,2.4575
07/30/2019 05:16:00.000000,0.133759,2.16125,0.0378,5.178571,4.071429
07/30/2019 05:17:00.000000,0.132405,30.0295,0.038825,13.728571,3.364286
07/30/2019 05:18:00.000000,0.125192,62.6385,0.0384,12.89,3.435
07/30/2019 05:19:00.000000,0.122426,70.35375,0.037775,17.129268,4.068293
07/30/2019 05:20:00.000000,0.121843,70.62775,0.03785,0.008728,3.513158
07/30/2019 05:21:00.000000,0.117416,70.7345,0.0386,3.480952,3.071429
07/30/2019 05:22:00.000000,0.118566,70.59,0.038375,0.003856,3.07619
07/30/2019 05:23:00.000000,0.116037,70.5395,0.0389,3.256098,3.17561
07/30/2019 05:24:00.000000,0.110101,70.57,0.0386,5.044828,2.896552
07/30/2019 05:25:00.000000,0.112262,70.55975,0.03815,0.008427,3.9
07/30/2019 05:26:00.000000,0.116548,61.64825,0.038275,7.7,5.208333
07/30/2019 05:27:00.000000,0.119849,13.66825,0.03825,0.014926,4.010345
07/30/2019 05:28:00.000000,0.121124,0.0,0.038,4.985714,3.28
07/30/2019 05:29:00.000000,0.117171,0.0,0.037825,3.132558,2.969767
07/30/2019 05:30:00.000000,0.11732,-9999.0,0.0383,3.811765,3.355882
07/30/2019 05:31:00.000000,0.12457,-9999.0,0.0385,4.890476,3.47619
07/30/2019 05:32:00.000000,0.127791,-9999.0,0.03805,4.834783,2.769565
07/30/2019 05:33:00.000000,0.127312,-9999.0,0.037675,8.082051,4.505128
07/30/2019 05:34:00.000000,0.128263,-9999.0,0.0379,0.015299,3.084211
07/30/2019 05:35:00.000000,0.124827,-9999.0,0.038075,0.008396,3.005405
07/30/2019 05:36:00.000000,0.120758,-9999.0,0.03785,0.003628,2.584211
07/30/2019 05:37:00.000000,0.129268,0.381333,0.03775,0.0034,2.716279
07/30/2019 05:38:00.000000,0.135657,1.03675,0.03805,0.002757,2.275
07/30/2019 05:39:00.000000,0.126725,1.68275,0.03875,0.015569,3.385366
07/30/2019 05:40:00.000000,0.123485,2.3605,0.037575,0.010904,3.723256
07/30/2019 05:41:00.000000,0.133635,10.25925,0.033425,3.85,2.83
07/30/2019 05:42:00.000000,0.140354,6.80775,0.0342,0.008002,2.57619
07/30/2019 05:43:00.000000,0.140911,5.7555,0.037125,0.013724,3.431707
07/30/2019 05:44:00.000000,0.135731,4.812,0.03775,11.646154,2.930769
07/30/2019 05:45:00.000000,0.130685,4.7385,0.038075,0.007795,3.386842
07/30/2019 05:46:00.000000,0.136712,4.7705,0.037625,0.007712,4.073684
07/30/2019 05:47:00.000000,0.104196,4.8085,0.037325,0.004022,2.990244
07/30/2019 05:48:00.000000,0.349112,4.8275,0.037575,3.659459,2.818919
07/30/2019 05:49:00.000000,0.761145,4.804,0.037975,0.005162,2.807143
07/30/2019 05:50:00.000000,0.95088,4.732,0.03845,5.786667,3.173333
07/30/2019 05:51:00.000000,1.008632,4.664,0.03835,0.011723,3.014286
07/30/2019 05:52:00.000000,1.027827,4.57025,0.038025,0.012158,3.678788
07/30/2019 05:53:00.000000,1.036166,4.44725,0.038025,2.764516,2.396774
07/30/2019 05:54:00.000000,1.033942,4.338,0.03815,2.028571,2.028571
07/30/2019 05:55:00.000000,1.03139,4.21525,0.03815,0.002674,2.186667
07/30/2019 05:56:00.000000,0.979784,4.112,0.038175,0.012065,2.2
07/30/2019 05:57:00.000000,0.49396,4.027,0.039775,4.168182,2.122727
07/30/2019 05:58:00.000000,0.061399,4.0235,0.0398,0.005825,2.985714
07/30/2019 05:59:00.000000,0.008416,4.01225,0.039325,2.607143,2.2
07/30/2019 06:00:00.000000,0.006476,3.9755,0.039875,16.705263,3.197368
07/30/2019 06:01:00.000000,0.004818,3.923,0.040775,2.981818,1.909091
07/30/2019 06:02:00.000000,0.004854,3.82375,0.040175,0.004385,2.675
07/30/2019 06:03:00.000000,0.003989,3.76825,0.039325,0.004581,2.868889
07/30/2019 06:04:00.000000,0.002231,3.77775,0.0396,2.379487,2.307692
07/30/2019 06:05:00.000000,0.000694,3.79275,0.039825,5.443902,2.370732
07/30/2019 06:06:00.000000,-9999.0,3.772,0.039475,2.926829,2.4
07/30/2019 06:07:00.000000,0.013773,3.73475,0.0395,6.1625,3.25
07/30/2019 06:08:00.000000,0.070168,3.73075,0.03965,0.011443,3.066667
07/30/2019 06:09:00.000000,0.087592,3.73275,0.03985,,
07/30/2019 06:10:00.000000,0.086577,3.793,0.03985,9.35,2.652273
07/30/2019 06:11:00.000000,0.091692,3.94975,0.0387,0.004084,2.183721
07/30/2019 06:12:00.000000,0.102177,3.99775,0.037975,2.269231,2.269231
07/30/2019 06:13:00.000000,0.103178,4.08225,0.038325,2.211905,2.214286
07/30/2019 06:14:00.000000,0.108456,4.1275,0.039575,15.709302,3.12093
07/30/2019 06:15:00.000000,0.10047,4.1275,0.0399,4.033333,2.433333
07/30/2019 06:16:00.000000,0.091151,4.17775,0.03895,27.82439,3.068293
07/30/2019 06:17:00.000000,0.096049,4.26475,0.038975,6.209756,2.673171
07/30/2019 06:18:00.000000,0.101391,4.26125,0.039225,2.069767,2.083721
07/30/2019 06:19:00.000000,0.100124,4.09725,0.0395,0.006219,3.668293
07/30/2019 06:20:00.000000,0.100916,4.009,0.03945,5.77,3.815
07/30/2019 06:21:00.000000,0.10721,3.94125,0.039575,6.9,4.45641
07/30/2019 06:22:00.000000,0.127011,3.959,0.038525,0.006862,3.260465
07/30/2019 06:23:00.000000,0.15712,4.04825,0.037975,13.404545,4.009091
07/30/2019 06:24:00.000000,0.148155,4.1405,0.038225,0.009474,2.966667
07/30/2019 06:25:00.000000,0.137456,4.29,0.03725,0.003566,2.29
07/30/2019 06:26:00.000000,0.130135,4.54,0.03655,0.007401,2.95
07/30/2019 06:27:00.000000,0.124349,4.86825,0.03585,6.175,3.015
07/30/2019 06:28:00.000000,0.127771,5.117,0.036525,4.03,2.5625
07/30/2019 06:29:00.000000,0.129138,5.321,0.03765,0.009909,3.968182
07/30/2019 06:30:00.000000,0.11944,5.54225,0.036925,5.853333,3.524444
07/30/2019 06:31:00.000000,0.113805,5.66425,0.03695,0.0034,2.4
07/30/2019 06:32:00.000000,0.110485,5.70175,0.037575,0.003358,2.7
07/30/2019 06:33:00.000000,0.104609,5.64775,0.03785,0.003172,2.5375
07/30/2019 06:34:00.000000,0.108933,5.582,0.037225,0.05193,14.472093
07/30/2019 06:35:00.000000,0.106015,5.65625,0.03615,16.865116,6.083721
07/30/2019 06:36:00.000000,0.108734,5.76275,0.036575,0.010987,4.0
07/30/2019 06:37:00.000000,0.112742,5.85,0.03615,11.028205,4.338462
07/30/2019 06:38:00.000000,0.11641,5.875,0.03655,0.012314,3.38
07/30/2019 06:39:00.000000,0.116163,5.89975,0.037125,0.008106,3.027907
07/30/2019 06:40:00.000000,0.116601,8.22725,0.03685,0.003814,2.485714
07/30/2019 06:41:00.000000,0.14689,7.84125,0.036225,0.016688,4.1
07/30/2019 06:42:00.000000,0.148728,6.32,0.0366,0.005618,2.6
07/30/2019 06:43:00.000000,0.125627,6.241,0.036775,19.853488,2.472093
07/30/2019 06:44:00.000000,0.119117,6.25525,0.0367,0.013516,2.756098
07/30/2019 06:45:00.000000,0.125481,6.1665,0.037125,3.397297,2.627027
07/30/2019 06:46:00.000000,0.141042,6.115,0.037225,0.010282,3.539024
07/30/2019 06:47:00.000000,0.12961,6.353,0.04515,3.657143,2.757143
07/30/2019 06:48:00.000000,0.118839,6.62525,0.055775,13.448571,2.882857
07/30/2019 06:49:00.000000,0.132258,6.69125,0.058525,0.014574,2.9
07/30/2019 06:50:00.000000,0.15072,6.649,0.05875,3.646341,2.387805
07/30/2019 06:51:00.000000,0.13409,6.5775,0.059125,2.564286,2.557143
07/30/2019 06:52:00.000000,0.119329,6.40725,0.058975,2.169767,2.169767
07/30/2019 06:53:00.000000,0.124154,6.415,0.058925,7.766667,2.861538
07/30/2019 06:54:00.000000,0.137472,6.26225,0.05865,0.009671,3.345455
07/30/2019 06:55:00.000000,0.123087,5.764,0.05885,0.003649,2.6575
07/30/2019 06:56:00.000000,0.111692,5.24875,0.050675,6.2,2.586047
07/30/2019 06:57:00.000000,0.107162,5.0405,-9999.0,3.852632,3.105263
07/30/2019 06:58:00.000000,0.108977,5.0345,-9999.0,0.003918,3.005882
07/30/2019 06:59:00.000000,0.116107,4.94775,-9999.0,0.004136,3.282857
07/30/2019 07:00:00.000000,0.122925,4.79775,-9999.0,4.514286,3.642857
07/30/2019 07:01:00.000000,0.112953,4.5655,-9999.0,0.00311,2.545
07/30/2019 07:02:00.000000,0.110738,4.42475,-9999.0,0.006737,3.313333
07/30/2019 07:03:00.000000,0.10718,4.34925,-9999.0,4.527907,3.255814
07/30/2019 07:04:00.000000,0.108058,4.27825,-9999.0,0.005462,3.2
07/30/2019 07:05:00.000000,0.104991,4.05875,-9999.0,0.005701,3.285714
07/30/2019 07:06:00.000000,0.106645,3.7205,-9999.0,0.009484,3.891111
07/30/2019 07:07:00.000000,0.105067,3.84875,-9999.0,2.966667,2.542857
07/30/2019 07:08:00.000000,0.104806,6.115,0.0003,5.87,2.81
07/30/2019 07:09:00.000000,0.105272,3.833,0.000425,0.00341,2.475
07/30/2019 07:10:00.000000,0.103509,3.671,0.000275,5.025,2.4
07/30/2019 07:11:00.000000,0.105803,3.637,-9999.0,0.007629,3.715556
07/30/2019 07:12:00.000000,0.107084,3.64075,-9999.0,4.614286,3.142857
07/30/2019 07:13:00.000000,0.113138,3.705,-9999.0,6.619512,2.743902
07/30/2019 07:14:00.000000,0.112546,3.793,5e-05,3.073171,2.443902
07/30/2019 07:15:00.000000,0.107214,3.90675,-9999.0,0.00538,3.263636
07/30/2019 07:16:00.000000,0.109056,3.99025,0.00625,4.671429,3.15
07/30/2019 07:17:00.000000,0.112788,4.08275,0.049025,6.242857,3.1
07/30/2019 07:18:00.000000,0.107788,4.15375,0.04195,6.85,2.8375
07/30/2019 07:19:00.000000,0.108759,4.238,0.03985,2.855814,2.297674
07/30/2019 07:20:00.000000,0.110016,4.3355,0.037725,0.007525,2.4625
07/30/2019 07:21:00.000000,0.111136,4.367,0.03635,0.003514,2.5
07/30/2019 07:22:00.000000,0.110445,4.46175,0.035825,4.436842,2.921053
07/30/2019 07:23:00.000000,0.11131,4.56925,0.035225,0.008593,3.257143
07/30/2019 07:24:00.000000,0.113678,4.63025,0.03525,4.453659,3.3
07/30/2019 07:25:00.000000,0.112499,4.64075,0.035975,6.228571,3.042857
07/30/2019 07:26:00.000000,0.108128,4.69,0.036075,0.003991,2.914286
07/30/2019 07:27:00.000000,0.112126,4.74175,0.0359,3.92,3.41
07/30/2019 07:28:00.000000,0.117763,4.802,0.035825,0.020264,3.741463
07/30/2019 07:29:00.000000,0.113862,4.82975,0.036425,3.422222,2.666667
07/30/2019 07:30:00.000000,0.113771,4.7225,0.03715,0.00312,2.514286
07/30/2019 07:31:00.000000,0.110918,4.561,0.037025,0.008582,3.968182
07/30/2019 07:32:00.000000,0.106661,4.489,0.037125,8.951429,3.908571
07/30/2019 07:33:00.000000,0.105526,4.462,0.037675,0.004011,2.87561
07/30/2019 07:34:00.000000,0.106835,4.4365,0.037875,6.227907,3.388372
07/30/2019 07:35:00.000000,0.109873,4.391,0.03785,0.007204,3.925
07/30/2019 07:36:00.000000,0.110759,4.31525,0.037825,0.009598,4.774419
07/30/2019 07:37:00.000000,0.109776,4.30525,0.037775,0.007879,3.704878
07/30/2019 07:38:00.000000,0.115495,4.32725,0.03785,5.0625,3.075
07/30/2019 07:39:00.000000,0.116319,4.347,0.037875,6.855,3.85
07/30/2019 07:40:00.000000,0.120833,5.13975,0.03755,0.003934,2.967442
07/30/2019 07:41:00.000000,0.141775,6.386,0.037175,0.008489,4.934146
07/30/2019 07:42:00.000000,0.144281,4.78825,0.037825,0.00883,4.525581
07/30/2019 07:43:00.000000,0.124975,5.24625,0.03785,5.718182,3.363636
07/30/2019 07:44:00.000000,0.11835,5.13925,0.03845,0.004555,3.366667
07/30/2019 07:45:00.000000,0.123904,4.98775,0.038675,2.653846,2.661538
07/30/2019 07:46:00.000000,0.123255,4.83525,0.03875,0.00823,3.87619
07/30/2019 07:47:00.000000,0.116669,4.6615,0.038825,9.828571,3.514286
07/30/2019 07:48:00.000000,0.113747,4.5145,0.03895,6.885366,3.912195
07/30/2019 07:49:00.000000,0.110558,4.3525,0.039075,6.726829,3.573171
07/30/2019 07:50:00.000000,0.111808,4.19325,0.03905,0.004006,2.983721
07/30/2019 07:51:00.000000,0.113143,4.038,0.0387,0.003033,2.476923
07/30/2019 07:52:00.000000,0.118707,3.96375,0.038475,6.56,3.266667
07/30/2019 07:53:00.000000,0.120437,4.00575,0.038075,4.584615,3.653846
07/30/2019 07:54:00.000000,0.146561,4.0715,0.0384,0.003623,2.866667
07/30/2019 07:55:00.000000,0.144457,4.09325,0.0393,6.353846,4.307692
07/30/2019 07:56:00.000000,0.126106,4.09225,0.038875,0.003799,2.978049
07/30/2019 07:57:00.000000,0.119871,4.07325,0.0382,0.004151,3.302326
07/30/2019 07:58:00.000000,0.116722,4.07375,0.038075,5.913333,3.226667
07/30/2019 07:59:00.000000,0.121672,4.10275,0.0389,8.231707,3.2
07/30/2019 08:00:00.000000,0.119921,4.1495,0.0387,0.004638,3.2
07/30/2019 08:01:00.000000,0.129127,4.14075,0.038625,0.007857,3.114286
07/30/2019 08:02:00.000000,0.137232,4.13075,0.039275,0.010464,3.963636
07/30/2019 08:03:00.000000,0.118608,4.17925,0.039075,6.620513,3.423077
07/30/2019 08:04:00.000000,0.114836,4.22575,0.039025,8.908696,3.384783
07/30/2019 08:05:00.000000,0.116944,4.31125,0.03895,11.407317,2.887805
07/30/2019 08:06:00.000000,0.11438,4.35775,0.03925,0.005624,3.053846
07/30/2019 08:07:00.000000,0.114983,4.3975,0.039,7.746512,3.769767
07/30/2019 08:08:00.000000,0.112848,4.4265,0.038225,0.018609,5.345
07/30/2019 08:09:00.000000,0.110861,4.56975,0.03785,8.5,4.933333
07/30/2019 08:10:00.000000,0.111858,4.697,0.037325,6.934884,3.595349
07/30/2019 08:11:00.000000,0.114793,4.92025,0.0365,12.148837,3.4
07/30/2019 08:12:00.000000,0.11263,5.08675,0.037,0.005996,3.14186
07/30/2019 08:13:00.000000,0.112841,5.178,0.037825,0.012551,3.688636
07/30/2019 08:14:00.000000,0.115472,5.243,0.038475,0.021814,3.292308
07/30/2019 08:15:00.000000,0.119093,5.28,0.038825,0.007299,3.2
07/30/2019 08:16:00.000000,0.1123,5.29325,0.039025,0.004197,3.369231
07/30/2019 08:17:00.000000,0.112986,5.23075,0.038825,0.003598,2.885714
07/30/2019 08:18:00.000000,0.119038,5.1765,0.038775,0.007196,3.395
07/30/2019 08:19:00.000000,0.11984,5.1125,0.0378,0.004218,2.925641
07/30/2019 08:20:00.000000,0.115304,5.18225,0.0367,0.004611,3.653659
07/30/2019 08:21:00.000000,0.114541,5.265,0.03715,5.6,4.31
07/30/2019 08:22:00.000000,0.116866,5.47025,0.036275,0.004735,3.55
07/30/2019 08:23:00.000000,0.113084,5.70175,0.0356,0.00794,3.570732
07/30/2019 08:24:00.000000,0.114683,5.8655,0.03675,7.084615,3.6
07/30/2019 08:25:00.000000,0.114054,5.99525,0.037375,7.3625,3.77
07/30/2019 08:26:00.000000,0.111978,6.1555,0.0367,0.005459,3.716667
07/30/2019 08:27:00.000000,0.112093,6.167,0.03665,0.004921,3.863636
07/30/2019 08:28:00.000000,0.112809,6.17725,0.03665,3.487805,3.387805
07/30/2019 08:29:00.000000,0.113917,6.216,0.0369,0.015983,3.3
07/30/2019 08:30:00.000000,0.113944,6.20725,0.036575,4.308571,3.591429
07/30/2019 08:31:00.000000,0.112976,6.2245,0.035525,8.359375,3.696875
07/30/2019 08:32:00.000000,0.118499,6.39975,0.0357,6.825581,4.453488
07/30/2019 08:33:00.000000,0.119314,6.5125,0.03595,0.004801,3.051613
07/30/2019 08:34:00.000000,0.125148,6.54875,0.03595,0.014971,4.628571
07/30/2019 08:35:00.000000,0.124258,6.582,0.036925,0.006381,3.656098
07/30/2019 08:36:00.000000,0.125017,6.5605,0.03695,0.003418,2.795455
07/30/2019 08:37:00.000000,0.126755,6.55725,0.036275,0.006856,4.094872
07/30/2019 08:38:00.000000,0.138023,6.46975,0.03645,0.008487,4.14186
07/30/2019 08:39:00.000000,0.145915,6.22875,0.037775,0.006608,3.671429
07/30/2019 08:40:00.000000,0.136054,5.9025,0.038625,6.365854,4.539024
07/30/2019 08:41:00.000000,0.125852,5.7175,0.038225,0.009313,4.7
07/30/2019 08:42:00.000000,0.14588,5.584,0.03745,0.007785,4.7
07/30/2019 08:43:00.000000,0.16165,5.481,0.0378,0.010635,4.278947
07/30/2019 08:44:00.000000,0.144273,5.37625,0.038625,5.748649,4.032432
07/30/2019 08:45:00.000000,0.129875,5.2245,0.038475,7.909756,4.426829
07/30/2019 08:46:00.000000,0.132869,5.12675,0.03795,0.014259,3.670732
07/30/2019 08:47:00.000000,0.159705,5.11925,0.037175,0.008147,4.421622
07/30/2019 08:48:00.000000,0.183547,5.08625,0.03775,8.319512,4.173171
07/30/2019 08:49:00.000000,0.158671,4.9805,0.039475,0.006464,3.683333
07/30/2019 08:50:00.000000,0.130393,4.849,0.03945,0.009706,4.285714
07/30/2019 08:51:00.000000,0.126252,4.78975,0.038575,9.613636,4.318182
07/30/2019 08:52:00.000000,0.124116,4.77575,0.0378,4.895122,4.129268
07/30/2019 08:53:00.000000,0.126352,4.75725,0.0382,0.006319,4.488235
07/30/2019 08:54:00.000000,0.126193,4.6655,0.03915,6.366667,4.113333
07/30/2019 08:55:00.000000,0.122069,4.57725,0.039725,7.45,4.27
07/30/2019 08:56:00.000000,0.113745,4.531,0.04025,5.325,4.215
07/30/2019 08:57:00.000000,0.115575,4.52375,0.040125,9.533333,4.707692
07/30/2019 08:58:00.000000,0.116566,4.47775,0.03975,4.262791,3.509302
07/30/2019 08:59:00.000000,0.113173,4.43375,0.0395,7.489189,3.635135
07/30/2019 09:00:00.000000,0.118623,4.39375,0.039375,0.004491,3.273171
07/30/2019 09:01:00.000000,0.12261,4.3445,0.039633,6.425641,3.635897
07/30/2019 09:02:00.000000,0.119884,4.32575,0.039175,7.248718,4.461538
07/30/2019 09:03:00.000000,0.123444,4.35,0.03885,3.688095,3.4
07/30/2019 09:04:00.000000,0.12244,4.37525,0.039075,5.061538,3.876923
07/30/2019 09:05:00.000000,0.116992,4.3305,0.039675,3.968421,3.747368
07/30/2019 09:06:00.000000,0.117089,4.29525,0.040275,0.004372,3.534146
07/30/2019 09:07:00.000000,0.113933,4.23025,0.04015,6.157143,3.833333
07/30/2019 09:08:00.000000,0.117488,4.13075,0.039675,0.00497,3.565116
07/30/2019 09:09:00.000000,0.121726,,,,
07/30/2019 09:10:00.000000,0.119965,4.08075,0.039625,0.007754,3.973171
07/30/2019 09:11:00.000000,0.116437,4.06525,0.03945,3.5625,3.56
07/30/2019 09:12:00.000000,0.113775,4.077,0.039125,0.009693,4.086486
07/30/2019 09:13:00.000000,0.116637,4.134,0.0395,0.015715,4.285
07/30/2019 09:14:00.000000,0.117361,4.177,0.03965,0.00959,4.638462
07/30/2019 09:15:00.000000,0.119514,4.265,0.03905,0.010126,4.271429
07/30/2019 09:16:00.000000,0.119458,4.299,0.039625,4.095238,3.6
07/30/2019 09:17:00.000000,0.11558,4.35775,0.039925,8.768293,4.52439
07/30/2019 09:18:00.000000,0.117501,4.467,0.039275,4.5125,3.935
07/30/2019 09:19:00.000000,0.115979,4.546,0.038425,5.153846,4.053846
07/30/2019 09:20:00.000000,0.11824,4.53225,0.039225,5.22439,4.014634
07/30/2019 09:21:00.000000,0.116709,4.5195,0.0401,4.090244,3.829268
07/30/2019 09:22:00.000000,0.114352,4.53725,0.039825,0.00431,3.457143
07/30/2019 09:23:00.000000,0.115754,4.499,0.03995,0.006991,4.494737
07/30/2019 09:24:00.000000,0.115774,4.52425,0.0399,5.85122,4.617073
07/30/2019 09:25:00.000000,0.115483,4.47675,0.040025,4.509302,4.34186
07/30/2019 09:26:00.000000,0.116997,4.40975,0.04,3.617073,3.617073
07/30/2019 09:27:00.000000,0.120222,4.37525,0.039575,3.33,3.33
07/30/2019 09:28:00.000000,0.121662,4.3665,0.03925,6.834884,5.193023
07/30/2019 09:29:00.000000,0.121715,4.3515,0.0395,5.313636,4.377273
07/30/2019 09:30:00.000000,0.117759,4.32175,0.0396,3.779487,3.692308
07/30/2019 09:31:00.000000,0.123148,4.33175,0.039175,7.47619,4.285714
07/30/2019 09:32:00.000000,0.12211,4.297,0.0395,8.930769,4.230769
07/30/2019 09:33:00.000000,0.119444,4.30375,0.040225,0.007023,4.366667
07/30/2019 09:34:00.000000,0.12525,4.25825,0.04,0.016889,5.076923
07/30/2019 09:35:00.000000,0.13996,4.20575,0.039625,5.226087,3.673913
07/30/2019 09:36:00.000000,0.15336,4.21475,0.0399,0.004099,3.315789
07/30/2019 09:37:00.000000,0.18004,4.23775,0.039925,7.318605,4.639535
07/30/2019 09:38:00.000000,0.187488,4.2415,0.0392,0.00692,4.313953
07/30/2019 09:39:00.000000,0.187629,4.21075,0.0388,5.782927,4.285366
07/30/2019 09:40:00.000000,0.175905,4.21825,0.039675,10.406977,5.246512
07/30/2019 09:41:00.000000,0.190813,4.24075,0.0398,5.148837,4.311628
07/30/2019 09:42:00.000000,0.197951,4.30375,0.039675,9.8875,5.63
07/30/2019 09:43:00.000000,0.230836,4.406,0.039325,8.5,5.138462
07/30/2019 09:44:00.000000,0.373273,4.38425,0.039275,0.009392,4.74186
07/30/2019 09:45:00.000000,0.256706,4.39375,0.0399,0.008445,4.952632
07/30/2019 09:46:00.000000,0.173684,4.39875,0.03955,0.008383,5.431818
07/30/2019 09:47:00.000000,0.167435,4.41575,0.03935,0.007374,4.893333
07/30/2019 09:48:00.000000,0.149267,4.42375,0.039175,3.77381,3.685714
07/30/2019 09:49:00.000000,0.143473,4.38125,0.039625,8.623684,5.015789
07/30/2019 09:50:00.000000,0.130017,4.31925,0.03985,0.01656,4.446341
07/30/2019 09:51:00.000000,0.119067,4.2045,0.0397,11.302439,4.3
07/30/2019 09:52:00.000000,0.118503,4.201,0.039675,7.075,4.3
07/30/2019 09:53:00.000000,0.120658,4.19625,0.039625,4.942857,4.3
07/30/2019 09:54:00.000000,0.11918,4.176,0.039675,7.078571,4.3
07/30/2019 09:55:00.000000,0.117831,4.18775,0.039625,0.014828,4.645455
07/30/2019 09:56:00.000000,0.117423,4.2065,0.039375,0.011425,3.85
07/30/2019 09:57:00.000000,0.115244,4.226,0.03955,0.005981,4.02381
07/30/2019 09:58:00.000000,0.113057,4.2155,0.03995,3.673171,3.673171
07/30/2019 09:59:00.000000,0.114643,4.2355,0.040225,0.008992,4.183333
07/30/2019 10:00:00.000000,0.11854,4.23625,0.0406,4.487805,4.043902
07/30/2019 10:01:00.000000,0.117215,4.30325,0.039475,0.007012,5.010526
07/30/2019 10:02:00.000000,0.040742,4.55475,0.038025,5.85,4.6925
07/30/2019 10:03:00.000000,0.018996,4.81825,0.037975,0.018702,4.420513
07/30/2019 10:04:00.000000,-9999.0,5.273,0.0368,0.009577,4.252381
07/30/2019 10:05:00.000000,-9999.0,9.766,0.033375,9.435714,4.504762
07/30/2019 10:06:00.000000,-9999.0,7.9205,0.034625,4.915385,3.725641
07/30/2019 10:07:00.000000,-9999.0,5.1925,0.037575,0.014315,5.145946
07/30/2019 10:08:00.000000,0.00071,5.179,0.03795,5.819048,3.885714
07/30/2019 10:09:00.000000,-9999.0,,,,
07/30/2019 10:10:00.000000,-9999.0,5.23825,0.037275,0.004696,3.853488
07/30/2019 10:11:00.000000,-9999.0,5.25875,0.0378,8.594737,4.173684
07/30/2019 10:12:00.000000,0.015902,5.30675,0.038,7.685,5.425
07/30/2019 10:13:00.000000,0.078506,5.35575,0.0376,4.756098,4.439024
07/30/2019 10:14:00.000000,0.122892,5.415,0.037425,0.010813,4.907317
07/30/2019 10:15:00.000000,0.124011,5.506,0.037575,0.006117,4.3
07/30/2019 10:16:00.000000,0.121446,5.61975,0.037525,0.005149,4.07561
07/30/2019 10:17:00.000000,0.120319,5.6695,0.0374,0.008795,4.1
07/30/2019 10:18:00.000000,0.146764,5.7765,0.0371,10.195122,4.490244
07/30/2019 10:19:00.000000,0.190628,11.375,0.0251,0.018783,8.138462
07/30/2019 10:20:00.000000,0.258759,21.6025,0.02455,10.882927,5.873171
07/30/2019 10:21:00.000000,0.258014,11.01375,0.0286,4.936842,4.010526
07/30/2019 10:22:00.000000,0.180862,8.18475,0.033625,0.011067,4.658537
07/30/2019 10:23:00.000000,0.139439,8.95,0.03475,0.012239,5.884848
07/30/2019 10:24:00.000000,0.126983,9.14375,0.035375,7.677778,5.181481
07/30/2019 10:25:00.000000,0.123235,8.722,0.034725,0.010799,5.412195
07/30/2019 10:26:00.000000,0.124473,9.2055,0.034125,10.206522,5.030435
07/30/2019 10:27:00.000000,0.129559,9.7905,0.0319,11.769231,5.492308
07/30/2019 10:28:00.000000,0.147343,10.20375,0.028875,18.030769,5.846154
07/30/2019 10:29:00.000000,0.161553,10.5375,0.028625,11.577778,6.177778
07/30/2019 10:30:00.000000,0.164953,10.419,0.0314,0.006438,4.509756
07/30/2019 10:31:00.000000,0.14294,10.269,0.032975,0.008269,4.404762
07/30/2019 10:32:00.000000,0.128113,10.054,0.0332,0.012266,4.742553
07/30/2019 10:33:00.000000,0.125236,9.81375,0.033625,5.788,4.344
07/30/2019 10:34:00.000000,0.123325,9.157,0.033175,0.008998,4.822222
07/30/2019 10:35:00.000000,0.127256,9.16725,0.031475,0.011771,5.497561
07/30/2019 10:36:00.000000,0.135072,8.45475,0.0329,0.013723,6.197561
07/30/2019 10:37:00.000000,0.14069,8.3925,0.03315,0.011001,5.475
07/30/2019 10:38:00.000000,0.149137,8.3435,0.033525,0.034944,5.064865
07/30/2019 10:39:00.000000,0.174071,8.44925,0.03285,0.020615,5.165
07/30/2019 10:40:00.000000,0.175545,8.53,0.032125,7.715385,5.2
07/30/2019 10:41:00.000000,0.164139,8.612,0.03245,6.597297,5.467568
07/30/2019 10:42:00.000000,0.156673,8.70575,0.032225,6.4125,4.79697
07/30/2019 10:43:00.000000,0.157148,8.96775,0.031225,5.85,4.794286
07/30/2019 10:44:00.000000,0.177909,9.565,0.027925,0.008484,4.965714
07/30/2019 10:45:00.000000,0.184198,10.289,0.0252,0.012449,6.560976
07/30/2019 10:46:00.000000,0.20702,11.49925,0.023975,0.011237,6.2
07/30/2019 10:47:00.000000,0.205965,12.83575,0.021825,10.153846,6.592308
07/30/2019 10:48:00.000000,0.250843,14.02125,0.02165,13.846154,7.017949
07/30/2019 10:49:00.000000,0.259186,14.985,0.021575,0.015017,5.786364
07/30/2019 10:50:00.000000,0.230638,16.1565,0.021275,12.173684,7.384211
07/30/2019 10:51:00.000000,0.204763,17.01425,0.021,12.702439,7.195122
07/30/2019 10:52:00.000000,0.229852,18.79875,0.0205,0.023789,6.162791
07/30/2019 10:53:00.000000,0.318899,20.47075,0.018375,0.02344,6.16087
07/30/2019 10:54:00.000000,0.318007,18.78225,0.0175,16.626829,7.246341
07/30/2019 10:55:00.000000,0.301384,19.57475,0.0178,0.024562,7.004348
07/30/2019 10:56:00.000000,0.247037,19.359,0.01905,26.623077,8.084615
07/30/2019 10:57:00.000000,0.234642,18.94625,0.01955,0.011222,5.920513
07/30/2019 10:58:00.000000,0.305533,18.087,0.019925,14.495,6.845
07/30/2019 10:59:00.000000,0.285598,17.9735,0.019925,0.016741,7.447368
07/30/2019 11:00:00.000000,0.256804,19.618,0.01825,37.355556,9.34
07/30/2019 11:01:00.000000,0.263753,16.55525,0.0188,24.69375,9.51875
07/30/2019 11:02:00.000000,0.221887,15.28425,0.021075,18.022222,8.083333
07/30/2019 11:03:00.000000,0.197837,15.2165,0.02195,0.02822,7.397222
07/30/2019 11:04:00.000000,0.217197,15.13025,0.0224,24.080556,9.633333
07/30/2019 11:05:00.000000,0.212266,15.02875,0.02175,0.03339,11.033333
07/30/2019 11:06:00.000000,0.227178,15.27,0.0192,27.211765,9.323529
07/30/2019 11:07:00.000000,0.249045,15.21875,0.020825,31.41875,11.05625
07/30/2019 11:08:00.000000,0.216827,14.7005,0.02475,0.020428,9.771429
07/30/2019 11:09:00.000000,0.192645,14.1365,0.02545,0.027927,9.923913
07/30/2019 11:10:00.000000,0.184551,13.92425,0.025525,0.058067,10.589474
07/30/2019 11:11:00.000000,0.178748,13.68175,0.025125,32.309524,10.785714
07/30/2019 11:12:00.000000,0.172949,13.36625,0.02535,36.545,11.565
07/30/2019 11:13:00.000000,0.168224,12.9695,0.025575,21.721053,10.352632
07/30/2019 11:14:00.000000,0.164601,13.221,0.024275,27.744118,9.808824
07/30/2019 11:15:00.000000,0.180052,16.78175,0.0225,0.045692,9.627907
07/30/2019 11:16:00.000000,0.20477,13.7875,0.022625,0.037025,10.031818
07/30/2019 11:17:00.000000,0.188094,17.03625,0.02295,49.2625,11.29
07/30/2019 11:18:00.000000,0.19029,12.28425,0.02415,0.034712,13.352632
07/30/2019 11:19:00.000000,0.184442,16.37575,0.0229,0.027768,12.141026
07/30/2019 11:20:00.000000,0.178666,14.39425,0.022575,0.026029,10.337209
07/30/2019 11:21:00.000000,0.173479,16.68025,0.02255,0.031421,8.05122
07/30/2019 11:22:00.000000,0.192328,19.15825,0.01965,33.830233,11.132558
07/30/2019 11:23:00.000000,0.23076,23.78225,0.0176,33.584211,12.642105
07/30/2019 11:24:00.000000,0.250199,20.11975,0.01685,0.041897,10.9
07/30/2019 11:25:00.000000,0.215655,21.04325,0.016525,23.785366,10.173171
07/30/2019 11:26:00.000000,0.226242,20.11525,0.0164,0.038378,13.146154
07/30/2019 11:27:00.000000,0.262476,21.77525,0.016,0.043688,11.806977
07/30/2019 11:28:00.000000,0.222203,20.6195,0.016075,24.255,11.16
07/30/2019 11:29:00.000000,0.227091,24.18025,0.013475,0.034684,11.184444
07/30/2019 11:30:00.000000,0.25305,23.46,0.0125,0.039861,9.82381
07/30/2019 11:31:00.000000,0.222188,23.26225,0.013725,0.02519,8.842222
07/30/2019 11:32:00.000000,0.207558,18.18925,0.016875,22.0,10.433333
07/30/2019 11:33:00.000000,0.244235,16.70375,0.01815,21.695238,12.414286
07/30/2019 11:34:00.000000,0.297788,17.1215,0.01655,20.2,9.895
07/30/2019 11:35:00.000000,0.417189,17.1915,0.018125,22.72,12.29
07/30/2019 11:36:00.000000,0.342156,16.94975,0.0211,24.697619,11.771429
07/30/2019 11:37:00.000000,0.240035,16.46175,0.023225,27.802439,11.6
07/30/2019 11:38:00.000000,0.238847,15.88025,0.023875,0.034138,10.746341
07/30/2019 11:39:00.000000,0.24112,15.42175,0.02325,30.709091,9.630303
07/30/2019 11:40:00.000000,0.265863,14.98225,0.0229,0.058334,11.068421
07/30/2019 11:41:00.000000,0.260701,14.38575,0.0238,0.03703,11.4
07/30/2019 11:42:00.000000,0.271871,13.4775,0.024367,0.028856,9.771429
07/30/2019 11:43:00.000000,0.283056,15.25325,0.02425,0.036795,11.292683
07/30/2019 11:44:00.000000,0.355315,20.81325,0.023025,0.03516,11.005
07/30/2019 11:45:00.000000,0.32566,12.17225,0.023975,36.042857,9.957143
07/30/2019 11:46:00.000000,0.398599,11.60375,0.025075,0.036856,9.8
07/30/2019 11:47:00.000000,0.366247,12.2175,0.024925,28.789744,11.630769
07/30/2019 11:48:00.000000,0.305016,12.14475,0.0238,0.051601,11.648837
07/30/2019 11:49:00.000000,0.330876,12.211,0.02395,0.037694,13.009756
07/30/2019 11:50:00.000000,0.268488,12.226,0.025175,0.029438,11.928571
07/30/2019 11:51:00.000000,0.314292,12.689,0.024225,0.03702,12.125
07/30/2019 11:52:00.000000,0.29337,13.05075,0.0223,31.769048,12.542857
07/30/2019 11:53:00.000000,0.235736,13.16425,0.023775,25.618605,12.169767
07/30/2019 11:54:00.000000,0.279412,15.31625,0.021925,18.629268,10.05122
07/30/2019 11:55:00.000000,0.334952,20.0105,0.0186,0.045991,12.004878
07/30/2019 11:56:00.000000,0.300668,19.46275,0.01895,0.028968,12.826829
07/30/2019 11:57:00.000000,0.25603,16.9495,0.01855,0.047115,10.748837
07/30/2019 11:58:00.000000,0.276745,12.82475,0.01935,36.238462,13.446154
07/30/2019 11:59:00.000000,0.280276,18.59625,0.021325,38.334146,11.780488
07/30/2019 12:00:00.000000,0.264739,12.79575,0.0232,0.049186,11.146154
07/30/2019 12:01:00.000000,0.272339,14.152667,0.024175,30.823077,10.0
07/30/2019 12:02:00.000000,0.350466,14.55125,0.022225,0.04288,11.171429
07/30/2019 12:03:00.000000,0.290819,13.21,0.023125,46.658536,11.209756
07/30/2019 12:04:00.000000,0.233872,10.837,0.02425,0.045635,10.468421
07/30/2019 12:05:00.000000,0.212806,13.74825,0.02475,0.0369,11.453846
07/30/2019 12:06:00.000000,0.198708,12.3725,0.0247,42.483721,16.413636
07/30/2019 12:07:00.000000,0.203541,12.30375,0.0249,0.04041,14.6
07/30/2019 12:08:00.000000,0.224141,16.28675,0.022375,32.2975,13.4225
07/30/2019 12:09:00.000000,0.228314,14.1495,0.022025,,
07/30/2019 12:10:00.000000,0.211963,18.02125,0.0241,0.032716,12.614634
07/30/2019 12:11:00.000000,0.218972,31.40975,0.021825,0.043696,11.76
07/30/2019 12:12:00.000000,0.217946,17.83625,0.0226,58.568293,11.963415
07/30/2019 12:13:00.000000,0.208138,13.21525,0.02435,31.365217,11.456522
07/30/2019 12:14:00.000000,0.202317,13.63425,0.0238,0.038573,11.533333
07/30/2019 12:15:00.000000,0.210814,14.28925,0.023475,0.041961,12.745454
07/30/2019 12:16:00.000000,0.234794,15.41325,0.021475,0.046737,13.253846
07/30/2019 12:17:00.000000,0.28375,25.96975,0.0152,50.63913,14.669565
07/30/2019 12:18:00.000000,0.321869,21.591,0.01575,0.053248,10.695455
07/30/2019 12:19:00.000000,0.291205,15.40275,0.0214,36.746154,12.115385
07/30/2019 12:20:00.000000,0.230789,13.95875,0.023525,0.040084,14.605263
07/30/2019 12:21:00.000000,0.19579,12.8595,0.02475,23.560465,13.290698
07/30/2019 12:22:00.000000,0.195579,13.124,0.0248,0.043655,13.75
07/30/2019 12:23:00.000000,0.200154,13.21625,0.023675,23.071429,13.042857
07/30/2019 12:24:00.000000,0.215887,13.427,0.022325,0.039594,13.661538
07/30/2019 12:25:00.000000,0.229527,13.726,0.021725,0.035532,13.373171
07/30/2019 12:26:00.000000,0.271483,14.0915,0.021375,36.590698,12.044186
07/30/2019 12:27:00.000000,0.259193,14.4515,0.021275,0.030716,13.342857
07/30/2019 12:28:00.000000,0.248223,14.86375,0.021325,0.047655,12.107317
07/30/2019 12:29:00.000000,0.273103,21.669,0.020125,0.049023,13.090698
07/30/2019 12:30:00.000000,0.3667,20.816,0.01895,29.437209,12.353488
07/30/2019 12:31:00.000000,0.371144,18.68475,0.018025,33.195454,10.602273
07/30/2019 12:32:00.000000,0.343599,22.47775,0.016325,48.940909,15.222727
07/30/2019 12:33:00.000000,0.390841,20.0475,0.0186,52.061538,13.884615
07/30/2019 12:34:00.000000,0.448448,22.78525,0.01865,0.056268,12.9
07/30/2019 12:35:00.000000,0.41469,20.264,0.018,41.375,11.44
07/30/2019 12:36:00.000000,0.329662,16.81025,0.020025,64.086842,28.631579
07/30/2019 12:37:00.000000,0.291304,17.21525,0.019425,0.054819,15.729268
07/30/2019 12:38:00.000000,0.290636,18.271,0.01835,44.765854,12.136585
07/30/2019 12:39:00.000000,0.285583,25.007,0.01685,39.168293,13.012195
07/30/2019 12:40:00.000000,0.283658,21.97275,0.016925,22.646341,11.236585
07/30/2019 12:41:00.000000,0.262975,18.17775,0.019575,26.006977,11.904651
07/30/2019 12:42:00.000000,0.26432,16.8355,0.020475,21.5,10.814286
07/30/2019 12:43:00.000000,0.25997,15.5565,0.02165,12.1,10.515
07/30/2019 12:44:00.000000,0.249771,15.55675,0.0209,0.029206,12.042857
07/30/2019 12:45:00.000000,0.261903,15.8515,0.019575,28.214286,12.9
07/30/2019 12:46:00.000000,0.291746,17.934,0.01755,34.704545,17.577273
07/30/2019 12:47:00.000000,0.34207,24.87225,0.0157,39.577273,12.945455
07/30/2019 12:48:00.000000,0.369653,23.994,0.0169,32.373171,14.917073
07/30/2019 12:49:00.000000,0.360316,25.3495,0.017925,0.059632,14.428571
07/30/2019 12:50:00.000000,0.363993,23.1085,0.017225,34.05,12.434091
07/30/2019 12:51:00.000000,0.304015,20.401,0.0176,36.661905,14.928571
07/30/2019 12:52:00.000000,0.333972,29.05325,0.016,28.190698,14.730233
07/30/2019 12:53:00.000000,0.345811,26.75725,0.014375,0.048515,14.013953
07/30/2019 12:54:00.000000,0.3127,20.36125,0.016225,55.521622,13.983784
07/30/2019 12:55:00.000000,0.317486,21.309,0.0171,31.4125,11.705
07/30/2019 12:56:00.000000,0.330145,17.85425,0.018825,33.465,14.445
07/30/2019 12:57:00.000000,0.364818,18.95125,0.01895,40.585714,12.428571
07/30/2019 12:58:00.000000,0.427631,22.837,0.01665,41.770732,13.963415
07/30/2019 12:59:00.000000,0.4444,24.1155,0.01485,49.854348,13.367391
07/30/2019 13:00:00.000000,0.559868,23.23325,0.014675,31.580488,13.456098
07/30/2019 13:01:00.000000,0.482056,18.06775,0.017775,0.0292,13.255263
07/30/2019 13:02:00.000000,0.331208,19.05375,0.01855,0.021261,11.992683
07/30/2019 13:03:00.000000,0.299265,18.46625,0.019125,0.050175,11.7
07/30/2019 13:04:00.000000,0.296,18.68725,0.020575,40.68,11.466667
07/30/2019 13:05:00.000000,0.287762,18.2985,0.02215,0.024556,12.747368
07/30/2019 13:06:00.000000,0.296605,18.01875,0.021875,0.052064,14.0075
07/30/2019 13:07:00.000000,0.297518,17.91925,0.02055,48.063636,15.304545
07/30/2019 13:08:00.000000,0.326634,17.976,0.018975,0.051367,14.804545
07/30/2019 13:09:00.000000,0.356191,17.78975,0.02005,,
07/30/2019 13:10:00.000000,0.308386,17.432,0.021725,0.055322,15.702632
07/30/2019 13:11:00.000000,0.311938,15.64925,0.02025,45.694737,20.321053
07/30/2019 13:12:00.000000,0.805668,27.234,0.017825,32.302326,15.195349
07/30/2019 13:13:00.000000,1.039937,20.37825,0.01835,25.48,14.54
07/30/2019 13:14:00.000000,0.510332,17.5575,0.02025,22.913333,11.551111
07/30/2019 13:15:00.000000,0.31924,20.217,0.0199,0.049052,12.763415
07/30/2019 13:16:00.000000,0.385851,21.48625,0.018325,0.036553,14.02439
07/30/2019 13:17:00.000000,0.415105,18.11775,0.01985,38.707143,12.707143
07/30/2019 13:18:00.000000,0.380664,18.69525,0.020825,0.06717,16.426316
07/30/2019 13:19:00.000000,0.34948,19.07525,0.0196,0.046387,12.139535
07/30/2019 13:20:00.000000,0.410044,19.40025,0.018375,0.032067,10.8
07/30/2019 13:21:00.000000,0.400967,19.70375,0.018025,0.036724,10.392105
07/30/2019 13:22:00.000000,0.371919,20.05125,0.017625,39.54,11.855556
07/30/2019 13:23:00.000000,0.370567,20.34425,0.017875,41.271429,12.55
07/30/2019 13:24:00.000000,0.445851,20.7395,0.018375,62.595652,14.369565
07/30/2019 13:25:00.000000,0.420086,20.99275,0.018725,0.056719,13.8
07/30/2019 13:26:00.000000,0.432365,21.4365,0.01835,0.04238,13.435897
07/30/2019 13:27:00.000000,0.517688,23.06175,0.01635,35.160465,15.995349
07/30/2019 13:28:00.000000,0.528716,23.2275,0.01565,35.243478,11.456522
07/30/2019 13:29:00.000000,0.482901,26.897,0.015025,0.038559,11.794737
07/30/2019 13:30:00.000000,0.527324,25.30975,0.01485,0.045143,16.130233
07/30/2019 13:31:00.000000,0.510936,22.676,0.01635,43.3,12.484615
07/30/2019 13:32:00.000000,0.454711,20.8375,0.01785,0.052515,13.885714
07/30/2019 13:33:00.000000,0.399477,20.3675,0.0185,0.049409,13.917073
07/30/2019 13:34:00.000000,0.404541,20.71525,0.016625,33.4,12.55
07/30/2019 13:35:00.000000,0.577262,25.49375,0.0137,33.354545,11.990909
07/30/2019 13:36:00.000000,0.587811,24.6845,0.0148,32.485714,15.842857
07/30/2019 13:37:00.000000,0.561073,25.946,0.015375,0.064315,14.142105
07/30/2019 13:38:00.000000,1.423499,23.125,0.0164,38.789189,11.186486
07/30/2019 13:39:00.000000,1.144071,23.7825,0.017225,33.442857,13.95
07/30/2019 13:40:00.000000,0.606857,25.27175,0.015725,0.057465,12.380488
07/30/2019 13:41:00.000000,0.594921,24.26775,0.01525,0.048546,13.184615
07/30/2019 13:42:00.000000,0.712604,30.28075,0.0116,51.377273,13.486364
07/30/2019 13:43:00.000000,0.69782,32.93725,0.010025,38.455814,14.274419
07/30/2019 13:44:00.000000,0.630548,24.66525,0.01375,34.770732,15.168293
07/30/2019 13:45:00.000000,0.606524,23.86175,0.0164,0.056623,13.084615
07/30/2019 13:46:00.000000,0.53355,24.15525,0.0165,0.061148,11.234146
07/30/2019 13:47:00.000000,0.468331,23.33325,0.017125,0.048341,11.426829
07/30/2019 13:48:00.000000,0.449582,23.3005,0.0179,0.041989,13.006977
07/30/2019 13:49:00.000000,0.502144,24.63875,0.016775,45.493333,19.971111
07/30/2019 13:50:00.000000,1.149213,24.917,0.015975,50.385366,14.541463
07/30/2019 13:51:00.000000,2.469637,22.63425,0.0173,73.853333,12.133333
07/30/2019 13:52:00.000000,1.228996,34.5635,0.0156,0.051378,14.4575
07/30/2019 13:53:00.000000,0.555526,27.872,0.01435,0.037336,14.139535
07/30/2019 13:54:00.000000,0.602396,23.0135,0.0171,34.529545,12.906818
07/30/2019 13:55:00.000000,0.637781,23.6295,0.01705,0.052571,12.615385
07/30/2019 13:56:00.000000,0.594804,24.3475,0.01665,0.033331,11.660976
07/30/2019 13:57:00.000000,0.53905,23.36875,0.017775,0.064054,13.273333
07/30/2019 13:58:00.000000,0.444896,21.99425,0.019175,52.726316,13.221053
07/30/2019 13:59:00.000000,0.490253,24.25275,0.018,37.910526,13.873684
07/30/2019 14:00:00.000000,0.631671,24.75225,0.017025,0.042996,13.224242
07/30/2019 14:01:00.000000,0.571209,24.92175,0.016075,0.048033,12.428571
07/30/2019 14:02:00.000000,0.494167,25.2155,0.01485,42.221951,12.982927
07/30/2019 14:03:00.000000,0.508454,27.70925,0.01405,36.060465,13.788372
07/30/2019 14:04:00.000000,0.595023,32.60525,0.013775,49.0,11.86
07/30/2019 14:05:00.000000,0.629531,18.31125,0.019975,26.648837,12.274419
07/30/2019 14:06:00.000000,0.451041,15.85825,0.026475,0.039896,11.717073
07/30/2019 14:07:00.000000,0.329463,14.161,0.027575,0.038484,10.831707
07/30/2019 14:08:00.000000,0.283284,16.1085,0.02635,0.040747,10.785714
07/30/2019 14:09:00.000000,0.295615,16.5035,0.0249,22.652273,8.9
07/30/2019 14:10:00.000000,0.308289,16.78225,0.0246,44.272727,12.4
07/30/2019 14:11:00.000000,0.309537,20.68825,0.023475,0.063104,9.414634
07/30/2019 14:12:00.000000,0.302252,21.78125,0.023275,0.040487,9.828571
07/30/2019 14:13:00.000000,0.316384,20.77575,0.023525,0.041881,13.857143
07/30/2019 14:14:00.000000,0.357862,20.00675,0.02265,0.045658,12.886207
07/30/2019 14:15:00.000000,0.348092,19.43475,0.022125,40.2,13.375862
07/30/2019 14:16:00.000000,0.345671,19.45725,0.022075,45.132353,11.941176
07/30/2019 14:17:00.000000,0.372719,19.506,0.0215,0.036346,10.757895
07/30/2019 14:18:00.000000,0.445994,19.60225,0.0208,33.978049,11.539024
07/30/2019 14:19:00.000000,0.443318,19.765,0.0203,0.038982,13.334884
07/30/2019 14:20:00.000000,0.403811,21.47625,0.020325,0.039178,15.13
07/30/2019 14:21:00.000000,0.35903,19.24775,0.0216,46.005263,12.534211
07/30/2019 14:22:00.000000,0.330082,18.35575,0.0235,0.047582,14.234146
07/30/2019 14:23:00.000000,0.337064,17.932,0.02445,0.030217,11.215385
07/30/2019 14:24:00.000000,0.320412,17.551,0.0254,32.696428,10.214286
07/30/2019 14:25:00.000000,0.315453,19.115,0.024833,54.371795,11.130769
07/30/2019 14:26:00.000000,0.4288,18.29,0.0236,0.063473,11.467442
07/30/2019 14:27:00.000000,0.410589,17.86925,0.0242,47.461364,11.154545
07/30/2019 14:28:00.000000,0.340308,18.33125,0.02375,29.083721,9.637209
07/30/2019 14:29:00.000000,0.345876,18.52425,0.02315,0.048698,12.869231
07/30/2019 14:30:00.000000,0.365138,19.6315,0.0239,0.070619,11.185714
07/30/2019 14:31:00.000000,0.380321,22.0255,0.02395,0.080417,9.74186
07/30/2019 14:32:00.000000,0.393694,19.12825,0.023175,0.067538,10.528571
07/30/2019 14:33:00.000000,0.357559,19.72475,0.023125,0.049386,11.797778
07/30/2019 14:34:00.000000,0.354529,19.62375,0.02324,55.326471,14.552941
07/30/2019 14:35:00.000000,0.384838,19.6595,0.023533,0.034476,11.076923
07/30/2019 14:36:00.000000,0.373604,19.634,0.024025,0.05392,11.675
07/30/2019 14:37:00.000000,0.380817,19.62775,0.02415,51.0,15.255814
07/30/2019 14:38:00.000000,0.35974,19.7095,0.02355,59.7375,11.04
07/30/2019 14:39:00.000000,0.371139,20.00875,0.021975,0.054505,12.292308
07/30/2019 14:40:00.000000,0.464975,20.217,0.0215,0.076253,12.85814
07/30/2019 14:41:00.000000,0.712406,20.22625,0.02315,0.046483,11.207692
07/30/2019 14:42:00.000000,0.586806,20.12725,0.024975,28.189474,11.436842
07/30/2019 14:43:00.000000,0.39596,19.98875,0.025125,32.365854,10.987805
07/30/2019 14:44:00.000000,0.388194,20.15125,0.0232,0.034471,10.816667
07/30/2019 14:45:00.000000,0.606224,20.2085,0.0232,0.030898,8.657143
07/30/2019 14:46:00.000000,0.595198,19.7455,0.026,0.039965,8.556098
07/30/2019 14:47:00.000000,0.372413,19.0095,0.02745,0.029331,7.725
07/30/2019 14:48:00.000000,0.310283,18.2975,0.02775,17.588636,8.290909
07/30/2019 14:49:00.000000,0.31183,17.907,0.02645,27.873529,7.235294
07/30/2019 14:50:00.000000,0.334716,17.912,0.026,0.039213,8.623256
07/30/2019 14:51:00.000000,0.37395,17.649,0.0272,0.023608,7.704878
07/30/2019 14:52:00.000000,0.340509,17.02175,0.028025,35.142857,9.928571
07/30/2019 14:53:00.000000,0.306129,16.8935,0.026225,0.047735,19.605
07/30/2019 14:54:00.000000,0.316923,16.8085,0.027525,0.031168,12.17907
07/30/2019 14:55:00.000000,0.349164,17.01725,0.027825,0.031398,10.870732
07/30/2019 14:56:00.000000,0.39719,17.34775,0.02595,0.027528,8.757143
07/30/2019 14:57:00.000000,0.455112,17.645,0.025225,0.036648,9.415385
07/30/2019 14:58:00.000000,0.42245,17.625,0.025275,0.055768,7.39
07/30/2019 14:59:00.000000,0.397012,18.33725,0.025725,0.043272,11.059091
07/30/2019 15:00:00.000000,0.466393,20.7435,0.0255,0.041345,12.297561
07/30/2019 15:01:00.000000,0.545557,20.15225,0.0249,0.027878,12.659091
07/30/2019 15:02:00.000000,0.589435,16.2735,0.026325,0.025448,8.719512
07/30/2019 15:03:00.000000,0.635255,17.77075,0.02745,0.07337,9.834091
07/30/2019 15:04:00.000000,0.479779,17.935,0.0278,0.054875,9.943902
07/30/2019 15:05:00.000000,0.365775,20.9075,0.025325,0.039209,8.9
07/30/2019 15:06:00.000000,0.380308,21.24225,0.025025,34.078049,9.553659
07/30/2019 15:07:00.000000,0.40027,18.65775,0.0262,37.59,12.505
07/30/2019 15:08:00.000000,0.37208,19.00475,0.0263,29.231707,9.926829
07/30/2019 15:09:00.000000,0.360995,20.732,0.02535,0.046235,10.97561
07/30/2019 15:10:00.000000,0.376505,26.68875,0.021475,46.575,9.6
07/30/2019 15:11:00.000000,0.386004,24.377,0.020175,26.660465,9.902326
07/30/2019 15:12:00.000000,0.381987,19.56825,0.023675,0.02028,8.292683
07/30/2019 15:13:00.000000,0.370698,16.79375,0.02765,17.158537,8.939024
07/30/2019 15:14:00.000000,0.367988,16.768,0.02865,18.86,7.825
07/30/2019 15:15:00.000000,0.400703,16.91875,0.02745,20.63,9.3
07/30/2019 15:16:00.000000,0.492064,17.15625,0.026975,33.537209,9.934884
07/30/2019 15:17:00.000000,0.541293,17.58025,0.026,0.039099,10.673684
07/30/2019 15:18:00.000000,0.518407,18.433,0.0255,0.034689,11.225
07/30/2019 15:19:00.000000,0.467644,24.405,0.024075,27.51,9.43
07/30/2019 15:20:00.000000,0.439941,21.01225,0.023975,24.6,8.842857
07/30/2019 15:21:00.000000,0.414102,19.07775,0.02585,33.478947,9.810526
07/30/2019 15:22:00.000000,0.419142,19.01075,0.026925,10.361538,6.530769
07/30/2019 15:23:00.000000,0.439419,20.54,0.026175,21.328571,9.15
07/30/2019 15:24:00.000000,0.441846,20.68875,0.024725,38.355814,9.381395
07/30/2019 15:25:00.000000,0.433503,20.35675,0.02765,21.89,7.8125
07/30/2019 15:26:00.000000,0.406394,19.894,0.03045,23.531707,6.687805
07/30/2019 15:27:00.000000,0.349436,19.4295,0.02965,0.044741,7.012195
07/30/2019 15:28:00.000000,0.342521,18.97575,0.029925,29.270732,9.404878
07/30/2019 15:29:00.000000,0.335211,18.47875,0.031,0.052651,8.478571
07/30/2019 15:30:00.000000,0.319338,18.14075,0.029975,0.069134,8.216279
07/30/2019 15:31:00.000000,0.333413,17.83675,0.029975,37.646667,9.673333
07/30/2019 15:32:00.000000,0.352178,17.34,0.03045,27.842857,8.442857
07/30/2019 15:33:00.000000,0.326068,17.4995,0.0292,0.020641,6.228571
07/30/2019 15:34:00.000000,0.333697,17.63425,0.029675,0.032227,7.34878
07/30/2019 15:35:00.000000,0.31451,17.56275,0.031075,0.046457,8.72439
07/30/2019 15:36:00.000000,0.288226,17.5225,0.031575,51.618919,8.397297
07/30/2019 15:37:00.000000,0.283487,17.81,0.029825,33.309524,8.471429
07/30/2019 15:38:00.000000,0.314297,19.0355,0.02665,0.060074,9.458974
07/30/2019 15:39:00.000000,0.418329,23.97275,0.0241,0.074474,8.660976
07/30/2019 15:40:00.000000,0.557175,18.3485,0.026575,0.069416,10.573171
07/30/2019 15:41:00.000000,0.417763,15.947,0.0297,0.034571,7.6
07/30/2019 15:42:00.000000,0.306229,16.807,0.03045,0.050843,12.278049
07/30/2019 15:43:00.000000,0.2721,22.11875,0.0282,28.986667,8.217778
07/30/2019 15:44:00.000000,0.276028,18.6245,0.028575,45.216667,8.133333
07/30/2019 15:45:00.000000,0.280573,18.4875,0.02965,42.05122,8.3
07/30/2019 15:46:00.000000,0.284779,17.99425,0.031225,45.246154,10.5
07/30/2019 15:47:00.000000,0.295837,19.82575,0.030775,0.063054,9.760465
07/30/2019 15:48:00.000000,0.327287,21.62925,0.028375,0.042344,7.427273
07/30/2019 15:49:00.000000,0.373995,19.86225,0.0274,29.672727,8.05
07/30/2019 15:50:00.000000,0.522387,20.2755,0.026425,45.139535,8.702326
07/30/2019 15:51:00.000000,0.504784,22.97375,0.02645,0.111165,23.312195
07/30/2019 15:52:00.000000,0.462429,20.05725,0.027675,57.9,11.5
07/30/2019 15:53:00.000000,0.443273,18.47675,0.028675,0.054925,7.918182
07/30/2019 15:54:00.000000,0.373448,19.48725,0.026675,0.051278,6.928571
07/30/2019 15:55:00.000000,0.36618,19.83,0.025025,43.085714,11.942857
07/30/2019 15:56:00.000000,0.465407,20.1595,0.0269,0.072215,12.534884
07/30/2019 15:57:00.000000,0.592185,20.548,0.026425,0.040265,9.316279
07/30/2019 15:58:00.000000,0.534131,20.666,0.02765,34.637143,9.188571
07/30/2019 15:59:00.000000,0.388395,20.593,0.029475,0.034783,6.65
07/30/2019 16:00:00.000000,0.322881,20.84175,0.02855,36.612821,6.284615
07/30/2019 16:01:00.000000,0.34081,21.083,0.0279,42.709756,6.812195
07/30/2019 16:02:00.000000,0.122109,20.768,0.029425,0.067332,10.686047
07/30/2019 16:03:00.000000,0.052969,20.4015,0.029375,42.820588,8.758824
07/30/2019 16:04:00.000000,0.002377,20.127,0.029475,61.704762,8.085714
07/30/2019 16:05:00.000000,0.000589,19.52875,0.031775,51.614286,8.0
07/30/2019 16:06:00.000000,-9999.0,19.07275,0.0336,0.054013,6.258537
07/30/2019 16:07:00.000000,-9999.0,17.92825,0.03225,211.9,103.316666
07/30/2019 16:08:00.000000,-9999.0,23.355,0.0308,0.085632,23.095
07/30/2019 16:09:00.000000,-9999.0,16.85875,0.032025,0.041657,5.068182
07/30/2019 16:10:00.000000,-9999.0,16.81375,0.0336,0.062186,5.172093
07/30/2019 16:11:00.000000,-9999.0,16.121,0.0346,65.211628,6.748837
07/30/2019 16:12:00.000000,0.04072,16.60525,0.034925,0.04374,6.142857
07/30/2019 16:13:00.000000,0.173041,16.5265,0.034875,0.022038,5.228571
07/30/2019 16:14:00.000000,0.257543,16.47425,0.035275,6.831818,5.272727
07/30/2019 16:15:00.000000,0.274211,16.47125,0.03485,0.03683,5.129268
07/30/2019 16:16:00.000000,0.286202,16.524,0.03465,0.049256,5.785714
07/30/2019 16:17:00.000000,0.287096,16.6195,0.035775,0.08019,5.9
07/30/2019 16:18:00.000000,0.283914,16.56725,0.037075,0.063209,9.852273
07/30/2019 16:19:00.000000,0.302467,16.48525,0.037775,37.056098,8.636585
07/30/2019 16:20:00.000000,0.418374,16.15075,0.039225,0.025679,5.814286
07/30/2019 16:21:00.000000,0.346413,15.85075,0.0395,47.443902,6.936585
07/30/2019 16:22:00.000000,0.246361,15.658,0.03835,0.047992,7.285714
07/30/2019 16:23:00.000000,0.288744,20.71425,0.037975,0.024865,7.382927
07/30/2019 16:24:00.000000,0.343111,33.27525,0.036075,67.130952,5.857143
07/30/2019 16:25:00.000000,0.371773,17.854,0.037425,0.043015,8.955814
07/30/2019 16:26:00.000000,0.310873,13.08525,0.0408,35.286842,8.197368
07/30/2019 16:27:00.000000,0.271191,13.925,0.040975,0.044207,8.341463
07/30/2019 16:28:00.000000,0.339133,14.463,0.041125,0.046355,6.863415
07/30/2019 16:29:00.000000,0.319609,14.5435,0.041,42.634146,11.465854
07/30/2019 16:30:00.000000,0.298319,16.966,0.0335,26.245,9.665
07/30/2019 16:31:00.000000,0.405511,25.172,0.029025,0.035271,8.858537
07/30/2019 16:32:00.000000,0.364006,26.0285,0.030625,35.513953,9.230233
07/30/2019 16:33:00.000000,0.349686,23.24225,0.028575,0.054281,6.184211
07/30/2019 16:34:00.000000,0.396022,21.0685,0.031425,0.036667,7.423684
07/30/2019 16:35:00.000000,0.351546,23.209,0.032,52.902439,7.358537
07/30/2019 16:36:00.000000,0.350763,14.7495,0.037675,31.794872,5.184615
07/30/2019 16:37:00.000000,0.323103,13.98,0.041,29.785,6.245
07/30/2019 16:38:00.000000,0.299289,13.9355,0.04155,0.073361,6.585366
07/30/2019 16:39:00.000000,0.291874,13.7575,0.042775,33.773171,5.356098
07/30/2019 16:40:00.000000,0.297952,13.557,0.043825,0.047832,5.442857
07/30/2019 16:41:00.000000,0.304172,13.2285,0.0445,0.037896,6.257895
07/30/2019 16:42:00.000000,0.235348,12.87275,0.04455,19.217949,7.882051
07/30/2019 16:43:00.000000,0.215367,12.502,0.044125,0.045165,8.776923
07/30/2019 16:44:00.000000,0.210695,12.10125,0.0441,0.035896,6.318605
07/30/2019 16:45:00.000000,0.223539,11.83825,0.042775,0.009291,3.784615
07/30/2019 16:46:00.000000,0.309158,11.8965,0.041775,0.020647,6.153488
07/30/2019 16:47:00.000000,0.310966,11.91225,0.042725,21.286667,5.942222
07/30/2019 16:48:00.000000,0.287027,12.13475,0.041875,20.860976,4.77561
07/30/2019 16:49:00.000000,0.290589,14.0275,0.0413,0.034992,4.342857
07/30/2019 16:50:00.000000,0.30453,17.64525,0.039125,19.942857,7.214286
07/30/2019 16:51:00.000000,0.310715,13.93025,0.041525,13.809302,6.109302
07/30/2019 16:52:00.000000,0.284839,13.742,0.0434,18.579487,5.292308
07/30/2019 16:53:00.000000,0.270211,13.67625,0.042825,0.043208,5.961538
07/30/2019 16:54:00.000000,0.267545,13.57075,0.043225,14.07561,5.353659
07/30/2019 16:55:00.000000,0.34405,13.53325,0.044025,0.027637,6.568293
07/30/2019 16:56:00.000000,0.415601,13.40525,0.044775,15.281395,4.576744
07/30/2019 16:57:00.000000,0.465108,13.3145,0.045675,0.018582,3.868293
07/30/2019 16:58:00.000000,0.4202,13.17925,0.045975,23.071429,4.466667
07/30/2019 16:59:00.000000,0.316919,14.60825,0.04585,0.026884,6.068182
07/30/2019 17:00:00.000000,0.269507,11.75175,0.046625,12.1,5.430435
07/30/2019 17:01:00.000000,0.253863,22.293,0.0461,0.023235,5.64
07/30/2019 17:02:00.000000,0.29424,16.221,0.0446,0.046277,4.515385
07/30/2019 17:03:00.000000,0.272378,14.80025,0.044975,15.13,3.365
07/30/2019 17:04:00.000000,0.257402,11.13875,0.049125,0.019491,4.377273
07/30/2019 17:05:00.000000,0.236143,11.57425,0.0506,39.089744,6.546154
07/30/2019 17:06:00.000000,0.239165,11.59475,0.050825,0.067054,6.9
07/30/2019 17:07:00.000000,0.23683,11.553,0.051025,0.039068,5.862162
07/30/2019 17:08:00.000000,0.230399,11.54525,0.051475,0.023825,5.363158
07/30/2019 17:09:00.000000,0.234556,11.4855,0.0518,0.05692,5.718605
07/30/2019 17:10:00.000000,0.235567,11.4585,0.05135,0.039477,7.069231
07/30/2019 17:11:00.000000,0.272475,11.7625,0.05,18.88,4.75
07/30/2019 17:12:00.000000,0.315006,11.947,0.049325,0.02516,5.968293
07/30/2019 17:13:00.000000,0.355105,14.9175,0.04535,0.036192,5.858537
07/30/2019 17:14:00.000000,0.35346,18.4645,0.045125,0.013665,4.690244
07/30/2019 17:15:00.000000,0.567779,13.68825,0.048875,0.013902,5.566667
07/30/2019 17:16:00.000000,0.743076,13.26225,0.048525,0.025635,4.61
07/30/2019 17:17:00.000000,0.491893,16.3195,0.0473,0.019936,5.697297
07/30/2019 17:18:00.000000,0.457726,9.16125,0.051,23.981081,4.391892
07/30/2019 17:19:00.000000,0.38825,17.47225,0.046625,25.058537,3.768293
07/30/2019 17:20:00.000000,0.43228,16.13575,0.045225,13.27,3.87
07/30/2019 17:21:00.000000,0.299241,14.3925,0.048875,17.292308,3.9
07/30/2019 17:22:00.000000,0.256723,9.843,0.04865,14.2,5.0375
07/30/2019 17:23:00.000000,0.289786,13.17075,0.04995,0.01147,3.67
07/30/2019 17:24:00.000000,0.419383,13.19,0.052625,0.019857,4.740541
07/30/2019 17:25:00.000000,0.698318,10.2505,0.053125,11.536364,3.739394
07/30/2019 17:26:00.000000,0.454858,9.5435,0.0551,10.878947,3.784211
07/30/2019 17:27:00.000000,0.290371,18.036,0.04965,0.020858,4.135135
07/30/2019 17:28:00.000000,0.391917,13.4715,0.050375,44.59375,2.746875
07/30/2019 17:29:00.000000,0.370578,10.96175,0.055225,0.018419,3.715385
07/30/2019 17:30:00.000000,0.293189,9.565,0.056375,20.341667,3.219444
07/30/2019 17:31:00.000000,0.251333,7.7495,0.0573,19.07,3.035
07/30/2019 17:32:00.000000,0.201142,11.41675,0.0387,0.024738,2.829268
07/30/2019 17:33:00.000000,0.222388,18.52475,0.051625,0.025599,3.883333
07/30/2019 17:34:00.000000,0.227226,5.6255,0.053525,4.3,2.4
07/30/2019 17:35:00.000000,0.204003,3.91625,0.055,0.014325,2.857895
07/30/2019 17:36:00.000000,0.177328,4.5555,0.055225,6.046154,3.410256
07/30/2019 17:37:00.000000,0.165937,7.7395,0.053675,10.328125,3.403125
07/30/2019 17:38:00.000000,0.228067,15.363,0.05,18.548485,4.078788
07/30/2019 17:39:00.000000,0.289815,7.52525,0.05455,4.483721,2.723256
07/30/2019 17:40:00.000000,0.234372,7.2245,0.05725,5.965714,3.442857
07/30/2019 17:41:00.000000,0.221506,8.1385,0.0555,0.020647,3.3525
07/30/2019 17:42:00.000000,0.242871,7.91975,0.054125,0.013402,3.042857
07/30/2019 17:43:00.000000,0.328108,7.87625,0.054525,0.031398,4.627907
07/30/2019 17:44:00.000000,0.462423,8.092,0.053125,13.458537,3.839024
07/30/2019 17:45:00.000000,0.288194,17.0065,0.05,0.004306,2.753846
07/30/2019 17:46:00.000000,0.287869,16.35475,0.0493,0.043225,5.942857
07/30/2019 17:47:00.000000,0.456788,22.9345,0.0504,0.041463,10.2
07/30/2019 17:48:00.000000,0.509107,30.6975,0.04885,0.085949,8.037209
07/30/2019 17:49:00.000000,0.475215,,,,
07/30/2019 17:50:00.000000,0.422581,26.612,0.045975,48.77619,8.157143
07/30/2019 17:51:00.000000,0.3566,25.647,0.048125,54.375,7.97
07/30/2019 17:52:00.000000,0.367096,22.16825,0.049575,0.045718,8.690909
07/30/2019 17:53:00.000000,0.310193,21.28875,0.0498,0.041675,7.942857
07/30/2019 17:54:00.000000,0.309939,21.72325,0.04906,43.402439,10.787805
07/30/2019 17:55:00.000000,0.339759,22.298,0.0492,0.071939,9.890244
07/30/2019 17:56:00.000000,0.326154,23.045,0.048525,0.053944,8.997674
07/30/2019 17:57:00.000000,0.330829,23.898,0.04775,0.086103,9.236364
07/30/2019 17:58:00.000000,0.340245,25.00675,0.046975,0.099911,11.657143
07/30/2019 17:59:00.000000,0.365083,26.2895,0.046,97.113514,15.497297
07/30/2019 18:00:00.000000,0.427965,28.21275,0.045267,0.09376,12.981818
07/30/2019 18:01:00.000000,0.4845,29.749,0.0445,0.115505,13.954545
07/30/2019 18:02:00.000000,0.471996,31.03875,0.0454,58.075,15.305
07/30/2019 18:03:00.000000,0.458452,32.2695,0.0452,65.06,13.842857
07/30/2019 18:04:00.000000,0.506893,37.23375,0.04345,0.258662,16.611364
07/30/2019 18:05:00.000000,0.546011,36.54375,0.042175,118.897727,29.377273
07/30/2019 18:06:00.000000,0.485239,34.507,0.04415,0.109367,17.446512
07/30/2019 18:07:00.000000,0.475644,34.5255,0.046025,0.092377,13.004878
07/30/2019 18:08:00.000000,0.484583,33.05,0.047,0.073878,15.625581
07/30/2019 18:09:00.000000,0.522997,,,,
07/30/2019 18:10:00.000000,0.581107,36.86225,0.04435,76.553659,10.312195
07/30/2019 18:11:00.000000,0.61468,30.8015,0.048575,73.98,9.897143
07/30/2019 18:12:00.000000,0.530794,27.80575,0.051825,0.060187,8.126667
07/30/2019 18:13:00.000000,0.487467,27.98925,0.05355,57.006977,11.155814
07/30/2019 18:14:00.000000,0.555618,36.5595,0.051075,48.028205,10.092308
07/30/2019 18:15:00.000000,0.550695,30.75975,0.049175,47.85122,9.373171
07/30/2019 18:16:00.000000,0.532618,29.71525,0.052375,0.065582,12.557143
07/30/2019 18:17:00.000000,0.473422,30.6145,0.05325,74.707317,11.136585
07/30/2019 18:18:00.000000,0.48478,34.8835,0.051425,73.285714,9.857143
07/30/2019 18:19:00.000000,0.579025,31.38575,0.0535,0.103869,9.442857
07/30/2019 18:20:00.000000,0.521056,31.02625,0.056575,0.061383,11.731818
07/30/2019 18:21:00.000000,0.449382,31.184,0.056725,0.118627,12.614286
07/30/2019 18:22:00.000000,0.383087,31.668,0.05555,66.313953,13.537209
07/30/2019 18:23:00.000000,0.39636,32.6445,0.05255,89.293023,18.174419
07/30/2019 18:24:00.000000,0.453468,33.14675,0.05265,77.333333,18.726667
07/30/2019 18:25:00.000000,0.470391,33.4505,0.0542,70.395455,15.418182
07/30/2019 18:26:00.000000,0.471457,33.7445,0.05395,0.075794,10.15
07/30/2019 18:27:00.000000,0.482648,33.8455,0.054325,50.616279,9.651163
07/30/2019 18:28:00.000000,0.489712,33.328,0.058175,89.535,9.2875
07/30/2019 18:29:00.000000,0.644438,32.53,0.06185,0.102558,12.481818
07/30/2019 18:30:00.000000,0.688246,31.1665,0.06125,0.083269,7.39
07/30/2019 18:31:00.000000,0.46091,28.614,0.06175,0.056262,7.990698
07/30/2019 18:32:00.000000,0.352583,26.8545,0.062275,0.073412,7.697674
07/30/2019 18:33:00.000000,0.364802,29.24675,0.062125,54.058537,12.892683
07/30/2019 18:34:00.000000,0.407337,27.335,0.062125,52.521951,17.385366
07/30/2019 18:35:00.000000,0.429562,25.9915,0.06285,55.302439,9.62439
07/30/2019 18:36:00.000000,0.399343,22.55625,0.062725,0.070598,9.521951
07/30/2019 18:37:00.000000,0.433187,23.30825,0.062125,44.92,8.865
07/30/2019 18:38:00.000000,0.448147,23.48625,0.0639,53.489474,9.710526
07/30/2019 18:39:00.000000,0.389543,23.63075,0.06415,0.092153,9.9
07/30/2019 18:40:00.000000,0.414293,23.00075,0.0651,62.895122,12.973171
07/30/2019 18:41:00.000000,0.422324,23.6515,0.065175,0.073147,10.958974
07/30/2019 18:42:00.000000,0.377233,23.67875,0.067475,0.06453,10.859091
07/30/2019 18:43:00.000000,0.38439,24.19225,0.068,58.08,9.54
07/30/2019 18:44:00.000000,0.408854,25.2985,0.0652,0.063189,8.531707
07/30/2019 18:45:00.000000,0.426191,26.2565,0.0614,0.103,16.028571
07/30/2019 18:46:00.000000,0.448587,31.47875,0.05925,0.088777,16.614286
07/30/2019 18:47:00.000000,0.437765,39.19875,0.0593,89.242857,13.242857
07/30/2019 18:48:00.000000,0.435463,30.789,0.058825,106.87317,13.126829
07/30/2019 18:49:00.000000,0.452076,,,,
07/30/2019 18:50:00.000000,0.460033,41.30625,0.049525,0.12136,10.123256
07/30/2019 18:51:00.000000,0.493943,38.16875,0.058375,85.915909,8.886364
07/30/2019 18:52:00.000000,0.48117,22.896,0.065475,65.059091,7.045455
07/30/2019 18:53:00.000000,0.426509,22.15875,0.064475,68.502439,7.297561
07/30/2019 18:54:00.000000,0.329968,23.50225,0.062625,56.266667,11.646667
07/30/2019 18:55:00.000000,0.304557,22.12575,0.06305,0.027509,6.918182
07/30/2019 18:56:00.000000,0.488439,16.123,0.06162,0.051602,4.44878
07/30/2019 18:57:00.000000,0.478935,16.486,0.060933,0.089529,5.360976
07/30/2019 18:58:00.000000,0.415891,14.282,0.05935,0.043342,4.495
07/30/2019 18:59:00.000000,0.327177,13.10625,0.062275,74.9375,27.42
07/30/2019 19:00:00.000000,0.250927,13.3695,0.06635,41.875676,8.878378
07/30/2019 19:01:00.000000,0.248783,14.048,0.067925,53.495238,7.928571
07/30/2019 19:02:00.000000,0.319068,15.05375,0.0682,59.997436,7.823077
07/30/2019 19:03:00.000000,0.468686,16.336,0.071925,45.886364,8.909091
07/30/2019 19:04:00.000000,0.633297,17.629,0.0735,0.06195,13.574419
07/30/2019 19:05:00.000000,0.45249,18.827,0.073175,46.915385,9.815385
07/30/2019 19:06:00.000000,0.405708,21.252,0.06885,63.757143,10.542857
07/30/2019 19:07:00.000000,0.450132,20.3985,0.06715,0.061478,9.07907
07/30/2019 19:08:00.000000,0.390678,19.11125,0.0706,66.852174,7.697826
07/30/2019 19:09:00.000000,0.303678,17.4425,0.073875,65.544186,8.42093
07/30/2019 19:10:00.000000,0.280165,16.78075,0.075175,0.083449,7.660976
07/30/2019 19:11:00.000000,0.278282,16.98075,0.07605,0.088167,6.57907
07/30/2019 19:12:00.000000,0.280166,17.1115,0.075575,53.466667,9.606667
07/30/2019 19:13:00.000000,0.287196,17.62525,0.072875,0.071485,9.74878
07/30/2019 19:14:00.000000,0.325269,18.20625,0.074125,67.555814,9.374419
07/30/2019 19:15:00.000000,0.336923,19.0195,0.07355,0.080673,10.157143
07/30/2019 19:16:00.000000,0.378285,26.822,0.06485,76.292308,7.507692
07/30/2019 19:17:00.000000,0.380741,28.9395,0.057025,0.080739,11.333333
07/30/2019 19:18:00.000000,0.381756,28.2375,0.0546,63.077273,9.695455
07/30/2019 19:19:00.000000,0.362204,20.018,0.058825,36.457143,7.55
07/30/2019 19:20:00.000000,0.281214,18.711,0.0629,43.214286,9.0
07/30/2019 19:21:00.000000,0.26544,18.41425,0.06445,33.313333,6.26
07/30/2019 19:22:00.000000,0.238723,18.51325,0.062,0.059951,6.044186
07/30/2019 19:23:00.000000,0.264741,18.81175,0.06175,0.055306,10.18
07/30/2019 19:24:00.000000,0.273649,19.0695,0.06425,36.0375,11.835
07/30/2019 19:25:00.000000,0.254049,19.55175,0.0629,50.327273,8.131818
07/30/2019 19:26:00.000000,0.241335,19.758,0.06405,0.050462,6.562162
07/30/2019 19:27:00.000000,0.30661,22.45925,0.0636,46.775,7.42
07/30/2019 19:28:00.000000,0.321939,23.87075,0.045325,0.064759,8.632558
07/30/2019 19:29:00.000000,0.458922,,,,
07/30/2019 19:30:00.000000,0.644751,27.45875,0.054375,47.151282,6.892308
07/30/2019 19:31:00.000000,0.523188,25.862,0.05575,31.530233,7.660465
07/30/2019 19:32:00.000000,0.347995,24.71075,0.056375,0.041285,6.04186
07/30/2019 19:33:00.000000,0.302538,21.755,0.059125,43.2,6.760526
07/30/2019 19:34:00.000000,0.454151,21.9665,0.05645,0.040898,9.219512
07/30/2019 19:35:00.000000,0.721657,20.4235,0.05945,41.335,10.79
07/30/2019 19:36:00.000000,0.504514,18.39175,0.064575,0.054029,13.065116
07/30/2019 19:37:00.000000,0.303145,19.886,0.064475,30.088372,13.227907
07/30/2019 19:38:00.000000,0.304549,23.7935,0.06285,0.056369,7.3425
07/30/2019 19:39:00.000000,0.283431,24.54625,0.059325,0.069077,7.9
07/30/2019 19:40:00.000000,0.33685,21.82775,0.059475,0.062377,5.971429
07/30/2019 19:41:00.000000,0.370168,19.6745,0.06115,34.214286,5.942857
07/30/2019 19:42:00.000000,0.2961,19.238,0.058975,0.06119,6.171429
07/30/2019 19:43:00.000000,0.271966,20.733,0.05825,26.814286,6.114286
07/30/2019 19:44:00.000000,0.235081,20.3305,0.06,0.042622,6.618182
07/30/2019 19:45:00.000000,0.241584,19.84775,0.0585,0.045425,4.821951
07/30/2019 19:46:00.000000,0.276528,18.90175,0.0608,27.473333,6.926667
07/30/2019 19:47:00.000000,0.267691,18.09,0.0628,28.263415,9.092683
07/30/2019 19:48:00.000000,0.304871,17.6975,0.0586,0.038088,6.156098
07/30/2019 19:49:00.000000,0.318671,20.18025,0.05655,34.562791,7.190698
07/30/2019 19:50:00.000000,0.275998,24.04625,0.0562,0.039582,6.809091
07/30/2019 19:51:00.000000,0.252757,19.622,0.05565,0.043054,6.6175
07/30/2019 19:52:00.000000,0.240637,23.13375,0.047175,28.430769,6.007692
07/30/2019 19:53:00.000000,0.254642,15.6455,0.05665,27.04359,4.587179
07/30/2019 19:54:00.000000,0.345747,16.05275,0.05285,32.960976,4.3
07/30/2019 19:55:00.000000,0.35331,12.09625,0.055175,25.892308,4.3
07/30/2019 19:56:00.000000,0.232846,11.753,0.058025,21.029268,4.982927
07/30/2019 19:57:00.000000,0.245305,13.962,0.0576,25.778049,5.1
07/30/2019 19:58:00.000000,0.230749,10.6175,0.060725,0.060079,5.014634
07/30/2019 19:59:00.000000,0.239753,14.05875,0.0608,0.046755,7.817073
07/30/2019 20:00:00.000000,0.287711,14.69,0.060575,0.051922,7.1
07/30/2019 20:01:00.000000,0.225039,14.4365,0.0607,0.051443,9.438462
07/30/2019 20:02:00.000000,0.226431,14.11075,0.06135,0.052597,7.1875
07/30/2019 20:03:00.000000,0.243564,13.93975,0.059475,43.4,5.575
07/30/2019 20:04:00.000000,0.201442,13.74675,0.06025,0.033306,5.8425
07/30/2019 20:05:00.000000,0.20536,13.37225,0.062525,23.988095,4.52381
07/30/2019 20:06:00.000000,0.198148,12.691,0.064575,0.040029,6.194595
07/30/2019 20:07:00.000000,0.175966,12.4355,0.064775,29.128571,7.035714
07/30/2019 20:08:00.000000,0.181673,11.97775,0.064475,0.034308,4.93
07/30/2019 20:09:00.000000,0.182516,12.14275,0.06215,,
07/30/2019 20:10:00.000000,0.239293,13.30725,0.0642,0.039069,5.827273
07/30/2019 20:11:00.000000,0.221653,14.97825,0.0657,0.033139,4.432432
07/30/2019 20:12:00.000000,0.231222,16.616,0.064325,71.8,4.914286
07/30/2019 20:13:00.000000,0.236278,12.30025,0.064175,0.035056,6.05
07/30/2019 20:14:00.000000,0.223034,10.4665,0.065225,0.048176,4.769444
07/30/2019 20:15:00.000000,0.20949,8.5515,0.067325,0.032001,5.5625
07/30/2019 20:16:00.000000,0.194106,12.50725,0.06655,20.533333,7.357143
07/30/2019 20:17:00.000000,0.212084,7.90275,0.068475,0.02268,7.532432
07/30/2019 20:18:00.000000,0.203193,8.3775,0.07145,25.025,4.95
07/30/2019 20:19:00.000000,0.185765,6.99475,0.075375,45.626087,9.665217
07/30/2019 20:20:00.000000,0.174905,7.27225,0.074775,37.270732,6.187805
07/30/2019 20:21:00.000000,0.182619,7.54325,0.075425,16.672093,4.955814
07/30/2019 20:22:00.000000,0.164992,9.09425,0.0742,21.041463,5.646341
07/30/2019 20:23:00.000000,0.188401,18.626,0.064825,0.038982,5.002273
07/30/2019 20:24:00.000000,0.289161,18.45475,0.0634,0.034621,6.190698
07/30/2019 20:25:00.000000,0.271382,8.99425,0.07115,18.275,4.19
07/30/2019 20:26:00.000000,0.180936,11.23175,0.070525,0.028199,4.218919
07/30/2019 20:27:00.000000,0.220841,16.22225,0.067325,0.025695,5.053488
07/30/2019 20:28:00.000000,0.311786,10.615,0.067625,0.064585,3.82381
07/30/2019 20:29:00.000000,0.251698,8.5855,0.0689,0.030594,5.463415
07/30/2019 20:30:00.000000,0.221503,5.301,0.070775,16.825,6.5875
07/30/2019 20:31:00.000000,0.190259,4.90825,0.070925,12.497561,4.907317
07/30/2019 20:32:00.000000,0.178071,5.04075,0.071275,0.016598,5.175556
07/30/2019 20:33:00.000000,0.176984,5.14525,0.070975,21.27561,5.880488
07/30/2019 20:34:00.000000,0.18207,9.75925,0.068575,20.453659,5.146341
07/30/2019 20:35:00.000000,0.230544,9.8255,0.068075,0.022721,4.828571
07/30/2019 20:36:00.000000,0.20687,6.56075,0.06915,0.017681,4.715
07/30/2019 20:37:00.000000,0.168543,7.36125,0.06585,0.005343,3.521053
07/30/2019 20:38:00.000000,0.19359,6.018,0.063825,26.8375,6.785
07/30/2019 20:39:00.000000,0.300804,5.9795,0.0636,0.021204,4.839024
07/30/2019 20:40:00.000000,0.254691,6.06275,0.0626,17.768293,7.473171
07/30/2019 20:41:00.000000,0.184894,6.317,0.061525,32.814286,6.114286
07/30/2019 20:42:00.000000,0.212418,6.7665,0.061075,12.061111,6.188889
07/30/2019 20:43:00.000000,0.233139,7.44775,0.06215,0.013527,4.67
07/30/2019 20:44:00.000000,0.193075,5.42925,0.065475,14.0,5.685714
07/30/2019 20:45:00.000000,0.171655,2.6745,0.067175,18.646154,5.407692
07/30/2019 20:46:00.000000,0.155772,3.3025,0.0673,10.474419,6.246512
07/30/2019 20:47:00.000000,0.133953,3.05875,0.06695,10.174286,5.525714
07/30/2019 20:48:00.000000,0.134675,3.689,0.063275,0.027084,7.854545
07/30/2019 20:49:00.000000,0.183031,4.47125,0.0621,,
07/30/2019 20:50:00.000000,0.268864,5.13225,0.06285,11.115385,5.261538
07/30/2019 20:51:00.000000,0.257457,6.229,0.0619,0.018137,4.075676
07/30/2019 20:52:00.000000,0.28408,7.72075,0.062975,0.02511,5.084615
07/30/2019 20:53:00.000000,0.273509,5.65475,0.06695,17.195349,7.02093
07/30/2019 20:54:00.000000,0.194292,6.847,0.0672,23.953333,7.106667
07/30/2019 20:55:00.000000,0.198575,8.20275,0.06445,18.317073,5.819512
07/30/2019 20:56:00.000000,0.199742,13.497,0.058925,0.0265,4.917073
07/30/2019 20:57:00.000000,0.248107,15.20675,0.055575,0.029737,6.678049
07/30/2019 20:58:00.000000,0.318626,9.72125,0.059825,9.861538,5.476923
07/30/2019 20:59:00.000000,0.360054,6.46625,0.0629,0.042385,4.779545
07/30/2019 21:00:00.000000,0.275254,6.87,0.06405,0.024445,5.033333
07/30/2019 21:01:00.000000,0.340265,7.45925,0.061875,0.018269,4.409091
07/30/2019 21:02:00.000000,0.300688,10.719,0.06105,11.430769,4.046154
07/30/2019 21:03:00.000000,0.258835,4.68,0.062525,0.015528,4.72
07/30/2019 21:04:00.000000,0.277818,5.8065,0.0642,0.016137,4.8
07/30/2019 21:05:00.000000,0.641257,6.3525,0.0628,6.581818,4.70303
07/30/2019 21:06:00.000000,0.746486,5.4495,0.061367,0.005714,3.825
07/30/2019 21:07:00.000000,0.371348,8.73275,0.060125,0.021793,5.585714
07/30/2019 21:08:00.000000,0.355453,10.1075,0.058325,8.888372,4.265116
07/30/2019 21:09:00.000000,0.323393,10.00425,0.057525,10.988235,5.894118
07/30/2019 21:10:00.000000,0.268514,4.171,0.059375,0.014927,4.945161
07/30/2019 21:11:00.000000,0.211862,7.6365,0.059525,11.994737,4.226316
07/30/2019 21:12:00.000000,0.250393,5.6115,0.061633,0.011577,4.35814
07/30/2019 21:13:00.000000,0.248454,5.5155,0.064575,6.630769,4.738462
07/30/2019 21:14:00.000000,0.233416,9.86975,0.0638,4.021429,3.857143
07/30/2019 21:15:00.000000,0.241267,13.35275,0.062275,0.009963,4.980488
07/30/2019 21:16:00.000000,0.208199,6.051,0.0645,15.997561,5.114634
07/30/2019 21:17:00.000000,0.179509,8.546,0.062875,14.040476,5.357143
07/30/2019 21:18:00.000000,0.199733,10.603333,0.06115,15.555,4.1625
07/30/2019 21:19:00.000000,0.20116,7.882,0.06325,0.0075,3.729268
07/30/2019 21:20:00.000000,0.332197,9.90325,0.0646,10.642857,5.671429
07/30/2019 21:21:00.000000,0.334868,5.45625,0.0646,0.013474,5.07907
07/30/2019 21:22:00.000000,0.175055,8.22575,0.06185,0.031649,4.555814
07/30/2019 21:23:00.000000,0.159438,8.86125,0.060075,0.02292,4.841463
07/30/2019 21:24:00.000000,0.247003,11.462,0.058525,5.3625,3.965
07/30/2019 21:25:00.000000,0.282816,14.01275,0.059375,13.034146,4.568293
07/30/2019 21:26:00.000000,0.267757,8.59625,0.062675,0.017506,4.273171
07/30/2019 21:27:00.000000,0.275396,13.31525,0.0623,0.011933,4.961538
07/30/2019 21:28:00.000000,0.229482,16.99025,0.0585,0.026948,5.857895
07/30/2019 21:29:00.000000,0.231186,9.0165,0.06035,0.033111,4.114286
07/30/2019 21:30:00.000000,0.208638,6.883,0.063775,11.053846,4.815385
07/30/2019 21:31:00.000000,0.225627,9.61525,0.061575,17.2125,5.85
07/30/2019 21:32:00.000000,0.202089,4.395,0.0631,15.288636,5.243182
07/30/2019 21:33:00.000000,0.172142,4.35525,0.063925,0.011507,5.390625
07/30/2019 21:34:00.000000,0.178696,4.36375,0.063225,11.188372,7.465116
07/30/2019 21:35:00.000000,0.173093,3.33425,0.062825,0.022571,5.335
07/30/2019 21:36:00.000000,0.166744,4.19275,0.061225,0.008137,3.957143
07/30/2019 21:37:00.000000,0.216698,6.53225,0.06165,12.285714,4.057143
07/30/2019 21:38:00.000000,0.246694,12.34425,0.0589,0.021869,4.015
07/30/2019 21:39:00.000000,0.283636,14.35275,0.057725,0.010576,4.874286
07/30/2019 21:40:00.000000,0.270346,7.34625,0.058575,7.461765,5.629412
07/30/2019 21:41:00.000000,0.287716,10.69475,0.0558,0.033727,4.9575
07/30/2019 21:42:00.000000,0.291775,14.53775,0.0566,0.011206,4.46
07/30/2019 21:43:00.000000,0.249668,9.60575,0.060075,8.225,5.675
07/30/2019 21:44:00.000000,0.18446,4.20875,0.064325,18.18,5.21
07/30/2019 21:45:00.000000,0.156955,4.8855,0.062775,9.206667,5.933333
07/30/2019 21:46:00.000000,0.214872,4.52325,0.0627,0.010324,5.495455
07/30/2019 21:47:00.000000,0.224066,4.14375,0.063133,0.03251,4.295
07/30/2019 21:48:00.000000,0.204944,4.199,0.063025,16.422727,5.568182
07/30/2019 21:49:00.000000,0.209713,6.0565,0.063225,0.021558,4.685714
07/30/2019 21:50:00.000000,0.255717,13.52475,0.059325,0.021867,4.414286
07/30/2019 21:51:00.000000,0.265662,4.8895,0.060225,0.030348,4.823077
07/30/2019 21:52:00.000000,0.244246,5.84375,0.063525,15.536585,5.070732
07/30/2019 21:53:00.000000,0.191765,4.71775,0.064675,0.013844,5.1
07/30/2019 21:54:00.000000,0.165086,3.36575,0.065875,7.529268,5.1
07/30/2019 21:55:00.000000,0.143626,3.269,0.065725,6.105263,4.594737
07/30/2019 21:56:00.000000,0.127026,3.2005,0.0651,0.008808,5.865854
07/30/2019 21:57:00.000000,0.127775,4.71375,0.065675,12.781081,5.148649
07/30/2019 21:58:00.000000,0.168473,15.30825,0.05984,0.008873,5.290909
07/30/2019 21:59:00.000000,0.294655,10.5725,0.055133,0.012446,4.621212
07/30/2019 22:00:00.000000,0.301525,9.25075,0.05675,13.302857,6.174286
07/30/2019 22:01:00.000000,0.253321,8.033,0.059975,5.737143,5.334286
07/30/2019 22:02:00.000000,0.096672,7.23375,0.063075,4.395,4.365
07/30/2019 22:03:00.000000,0.041261,7.17025,0.0655,4.112195,4.02439
07/30/2019 22:04:00.000000,0.000193,6.75075,0.067425,0.006308,4.693333
07/30/2019 22:05:00.000000,0.004324,6.68675,0.06722,15.377419,5.793548
07/30/2019 22:06:00.000000,0.003052,6.55525,0.066725,12.861538,5.489744
07/30/2019 22:07:00.000000,0.002029,6.28025,0.067325,9.854054,5.735135
07/30/2019 22:08:00.000000,0.003344,6.09275,0.067667,0.014521,5.8
07/30/2019 22:09:00.000000,-9999.0,,,,
07/30/2019 22:10:00.000000,0.004413,18.0835,0.0592,0.021298,6.7
07/30/2019 22:11:00.000000,0.004516,11.777,0.0588,11.646341,5.07561
07/30/2019 22:12:00.000000,0.041959,10.806,0.0621,11.41,6.185
07/30/2019 22:13:00.000000,0.256437,15.00525,0.06035,11.155814,5.327907
07/30/2019 22:14:00.000000,0.575018,10.71975,0.059875,20.1,4.766667
07/30/2019 22:15:00.000000,0.427245,7.74675,0.061725,0.00819,4.784615
07/30/2019 22:16:00.000000,0.291199,6.56375,0.064075,12.211905,6.0
07/30/2019 22:17:00.000000,0.235697,33.646,0.04185,0.029472,6.370732
07/30/2019 22:18:00.000000,0.254835,42.946,0.0428,0.020924,6.65814
07/30/2019 22:19:00.000000,0.295194,15.70675,0.0576,7.454545,6.195455
07/30/2019 22:20:00.000000,0.325103,14.10075,0.0579,5.602439,5.602439
07/30/2019 22:21:00.000000,0.341147,13.7775,0.0569,9.4375,5.585
07/30/2019 22:22:00.000000,0.309375,10.719,0.05925,20.411628,6.030233
07/30/2019 22:23:00.000000,0.252618,8.51275,0.06065,0.017529,4.990244
07/30/2019 22:24:00.000000,0.235878,8.20325,0.060325,0.029228,4.882609
07/30/2019 22:25:00.000000,0.199244,6.57675,0.060225,0.025861,5.657895
07/30/2019 22:26:00.000000,0.185132,20.07925,0.0576,28.093333,5.626667
07/30/2019 22:27:00.000000,0.207799,22.3845,0.046975,16.756098,6.709756
07/30/2019 22:28:00.000000,0.242893,7.945,0.049525,0.014002,6.135
07/30/2019 22:29:00.000000,0.230653,3.71075,0.059675,13.2,5.915
07/30/2019 22:30:00.000000,0.220545,21.756,0.03705,0.008494,5.9
07/30/2019 22:31:00.000000,0.267155,17.51625,0.0475,17.476744,6.502326
07/30/2019 22:32:00.000000,0.280799,24.43275,0.046375,14.060465,6.681395
07/30/2019 22:33:00.000000,0.483708,14.31675,0.048275,14.55122,6.017073
07/30/2019 22:34:00.000000,0.472118,11.52025,0.056175,15.230233,6.244186
07/30/2019 22:35:00.000000,0.464771,11.72475,0.055025,0.015325,5.617073
07/30/2019 22:36:00.000000,0.411928,6.21125,0.058525,9.12,5.67
07/30/2019 22:37:00.000000,0.291922,7.14125,0.060275,9.197561,6.031707
07/30/2019 22:38:00.000000,0.301753,7.79125,0.058375,0.027872,6.78
07/30/2019 22:39:00.000000,0.341468,13.4215,0.058075,35.1125,7.24
07/30/2019 22:40:00.000000,0.486234,15.29275,0.0551,25.9,6.05
07/30/2019 22:41:00.000000,0.476344,22.8945,0.04965,49.339024,9.726829
07/30/2019 22:42:00.000000,0.387472,26.736,0.040225,0.044947,8.342857
07/30/2019 22:43:00.000000,0.365762,17.93425,0.042425,0.044223,7.914634
07/30/2019 22:44:00.000000,0.339253,14.23,0.04815,0.040265,7.236585
07/30/2019 22:45:00.000000,0.322075,26.78025,0.046875,25.592683,7.1
07/30/2019 22:46:00.000000,0.278231,19.1005,0.045275,0.033892,7.846341
07/30/2019 22:47:00.000000,0.307174,20.2245,0.0458,0.023591,6.963636
07/30/2019 22:48:00.000000,0.356465,17.87275,0.04475,30.93,6.715
07/30/2019 22:49:00.000000,0.381814,,,,
07/30/2019 22:50:00.000000,0.349441,13.73,0.05025,0.033991,8.639024
07/30/2019 22:51:00.000000,0.284436,18.83,0.0478,0.029226,9.476923
07/30/2019 22:52:00.000000,0.393738,19.02675,0.044825,0.026684,6.330233
07/30/2019 22:53:00.000000,0.453944,18.2315,0.046375,38.682927,7.336585
07/30/2019 22:54:00.000000,0.432895,17.60325,0.048725,0.021319,7.087805
07/30/2019 22:55:00.000000,0.364399,17.57025,0.046,0.038126,11.505
07/30/2019 22:56:00.000000,0.352526,17.1645,0.0453,32.886364,10.572727
07/30/2019 22:57:00.000000,0.28454,16.59775,0.04855,0.040408,10.215
07/30/2019 22:58:00.000000,0.247565,16.0265,0.04945,0.074292,7.82
07/30/2019 22:59:00.000000,0.261633,19.81475,0.046625,57.530769,10.023077
07/30/2019 23:00:00.000000,0.391098,16.85025,0.04455,0.069315,15.814286
07/30/2019 23:01:00.000000,0.333047,16.774667,0.046725,0.120128,13.3
07/30/2019 23:02:00.000000,0.263361,14.237,0.049825,112.039534,11.088372
07/30/2019 23:03:00.000000,0.287609,15.484,0.0493,73.042857,8.714286
07/30/2019 23:04:00.000000,0.327267,20.251,0.043725,79.845455,11.575
07/30/2019 23:05:00.000000,0.419833,26.47825,0.037675,0.089965,11.7
07/30/2019 23:06:00.000000,0.419425,24.8575,0.03845,69.375,9.225
07/30/2019 23:07:00.000000,0.343615,21.5675,0.0421,59.844737,13.384211
07/30/2019 23:08:00.000000,0.37019,19.943,0.0487,31.65814,8.797674
07/30/2019 23:09:00.000000,0.337543,,,,
07/30/2019 23:10:00.000000,0.346876,17.4095,0.05275,50.981395,11.755814
07/30/2019 23:11:00.000000,0.267259,16.1445,0.054275,32.942857,8.028571
07/30/2019 23:12:00.000000,0.22363,14.81125,0.055175,41.890909,8.609091
07/30/2019 23:13:00.000000,0.243214,13.73,0.053225,35.969767,7.381395
07/30/2019 23:14:00.000000,0.33865,25.79725,0.048075,57.58,11.411111
07/30/2019 23:15:00.000000,0.4369,30.31875,0.043425,0.049382,11.419512
07/30/2019 23:16:00.000000,0.574488,28.445,0.040325,0.083734,9.887179
07/30/2019 23:17:00.000000,0.634683,20.3345,0.04155,0.047069,10.4525
07/30/2019 23:18:00.000000,0.41182,29.24125,0.041375,36.425,9.575
07/30/2019 23:19:00.000000,0.317702,20.61975,0.038525,31.102326,9.890698
07/30/2019 23:20:00.000000,0.411217,27.6945,0.03595,0.061314,8.718605
07/30/2019 23:21:00.000000,0.460609,20.66025,0.039425,29.630233,6.625581
07/30/2019 23:22:00.000000,0.317945,18.75325,0.043025,0.040891,6.547059
07/30/2019 23:23:00.000000,0.237457,12.394,0.0461,34.772093,7.944186
07/30/2019 23:24:00.000000,0.198562,11.31725,0.04815,0.076858,8.3
07/30/2019 23:25:00.000000,0.250803,11.869,0.045875,0.050503,7.37907
07/30/2019 23:26:00.000000,0.31895,11.89525,0.048425,40.910526,9.705263
07/30/2019 23:27:00.000000,0.271883,23.559,0.045925,33.863636,8.681818
07/30/2019 23:28:00.000000,0.27378,26.9325,0.039675,26.426829,8.943902
07/30/2019 23:29:00.000000,0.288199,,,,
07/30/2019 23:30:00.000000,0.260018,14.5095,0.0457,0.040202,8.133333
07/30/2019 23:31:00.000000,0.255692,15.204,0.0459,0.034112,8.2275
07/30/2019 23:32:00.000000,0.346251,15.60975,0.0444,0.065955,8.127273
07/30/2019 23:33:00.000000,0.590897,16.657,0.041925,0.038927,6.772727
07/30/2019 23:34:00.000000,0.624672,14.81,0.0433,47.675,7.095
07/30/2019 23:35:00.000000,0.42805,25.03525,0.040125,39.595,10.6
07/30/2019 23:36:00.000000,0.520972,19.346,0.037975,24.874419,8.274419
07/30/2019 23:37:00.000000,0.681866,37.122,0.03735,0.051938,9.905263
07/30/2019 23:38:00.000000,0.4302,28.81525,0.037525,27.295652,8.128261
07/30/2019 23:39:00.000000,0.307687,19.72575,0.044325,0.047465,8.683333
07/30/2019 23:40:00.000000,0.311339,17.35375,0.046625,0.025787,9.066667
07/30/2019 23:41:00.000000,0.256271,19.51175,0.0474,24.2,8.039474
07/30/2019 23:42:00.000000,0.24057,19.188,0.048375,0.033278,6.165116
07/30/2019 23:43:00.000000,0.231867,17.96,0.050975,0.026904,7.078947
07/30/2019 23:44:00.000000,0.210761,16.522,0.051525,0.088909,6.289474
07/30/2019 23:45:00.000000,0.207477,14.9245,0.05135,28.963636,7.109091
07/30/2019 23:46:00.000000,0.197316,13.26275,0.0517,72.333333,10.295238
07/30/2019 23:47:00.000000,0.180982,11.4495,0.051775,0.059003,10.83913
07/30/2019 23:48:00.000000,0.171323,9.43075,0.053275,0.028592,7.556098
07/30/2019 23:49:00.000000,0.147253,,,,
07/30/2019 23:50:00.000000,0.166297,8.075,0.0506,0.013249,7.328571
07/30/2019 23:51:00.000000,0.1861,10.6045,0.052175,20.033333,6.471111
07/30/2019 23:52:00.000000,0.220751,9.73725,0.049825,11.346512,7.418605
07/30/2019 23:53:00.000000,0.398128,13.59075,0.048475,0.015424,8.114286
07/30/2019 23:54:00.000000,0.409534,4.9035,0.051175,30.2,6.094737
07/30/2019 23:55:00.000000,0.223847,7.087,0.052375,0.029554,6.397436
07/30/2019 23:56:00.000000,0.189418,3.26575,0.0527,0.013707,6.331111
07/30/2019 23:57:00.000000,0.201132,1.7385,0.055275,17.592308,5.707692
07/30/2019 23:58:00.000000,0.194396,1.8695,0.054725,16.002439,9.868293
07/30/2019 23:59:00.000000,0.161273,4.74325,0.051825,0.026047,7.663636
07/31/2019 00:00:00.000000,0.181745,13.94375,0.047675,13.158536,7.456098
07/31/2019 00:01:00.000000,0.238167,9.12825,0.0445,16.75,10.083333
07/31/2019 00:02:00.000000,0.264862,10.647,0.043625,17.857143,6.942857
07/31/2019 00:03:00.000000,0.293486,11.0095,0.0461,22.881395,6.906977
07/31/2019 00:04:00.000000,0.266429,4.58675,0.049375,13.115385,7.035897
07/31/2019 00:05:00.000000,0.197841,2.814,0.050925,7.067442,6.130233
07/31/2019 00:06:00.000000,0.169102,3.058,0.0498,0.00804,6.221951
07/31/2019 00:07:00.000000,0.194909,9.22275,0.0462,33.394872,8.048718
07/31/2019 00:08:00.000000,0.279201,15.45225,0.0418,0.043651,8.18
07/31/2019 00:09:00.000000,0.276172,,,,
07/31/2019 00:10:00.000000,0.232479,8.10975,0.0473,14.824324,6.586486
07/31/2019 00:11:00.000000,0.241716,8.434,0.046875,14.5825,6.3
07/31/2019 00:12:00.000000,0.300754,8.51175,0.046125,0.021074,6.2
07/31/2019 00:13:00.000000,0.376821,8.3355,0.048025,7.863158,5.873684
07/31/2019 00:14:00.000000,0.249155,8.16275,0.048975,0.063249,6.821429
07/31/2019 00:15:00.000000,0.189879,7.82725,0.05,0.018216,5.728571
07/31/2019 00:16:00.000000,0.200691,7.77775,0.048625,0.007291,5.752273
07/31/2019 00:17:00.000000,0.269419,7.58,0.0485,19.883333,7.466667
07/31/2019 00:18:00.000000,0.244275,7.28675,0.0493,0.011656,6.633333
07/31/2019 00:19:00.000000,0.193022,6.73775,0.051575,8.378049,6.05122
07/31/2019 00:20:00.000000,0.163816,6.03375,0.053425,6.116667,5.67619
07/31/2019 00:21:00.000000,0.148884,5.46625,0.0538,0.007091,5.6
07/31/2019 00:22:00.000000,0.14331,5.132,0.0523,13.804651,7.44186
07/31/2019 00:23:00.000000,0.163803,5.187,0.05025,0.009047,5.727273
07/31/2019 00:24:00.000000,0.234144,5.0005,0.050525,11.928571,5.742857
07/31/2019 00:25:00.000000,0.27249,4.77225,0.051975,7.575,5.035
07/31/2019 00:26:00.000000,0.21752,4.6555,0.052825,0.005649,4.135
07/31/2019 00:27:00.000000,0.16064,7.93775,0.0514,6.273684,4.505263
07/31/2019 00:28:00.000000,0.222328,14.907,0.04185,5.360465,5.018605
07/31/2019 00:29:00.000000,0.310514,,,,
07/31/2019 00:30:00.000000,0.294112,8.20375,0.045925,8.614286,5.014286
07/31/2019 00:31:00.000000,0.352632,11.561,0.045975,19.221951,6.380488
07/31/2019 00:32:00.000000,0.321739,14.05275,0.043775,0.0172,7.516667
07/31/2019 00:33:00.000000,0.309746,28.39675,0.036925,6.3375,5.83
07/31/2019 00:34:00.000000,0.365637,21.17625,0.0343,12.871429,6.957143
07/31/2019 00:35:00.000000,0.400237,18.8075,0.038425,12.557143,6.171429
07/31/2019 00:36:00.000000,0.340124,21.85525,0.039625,0.108545,5.743902
07/31/2019 00:37:00.000000,0.311571,20.0015,0.03885,28.94878,7.74878
07/31/2019 00:38:00.000000,0.285173,17.7625,0.03935,0.016082,6.407692
07/31/2019 00:39:00.000000,0.303998,23.54975,0.03645,0.016336,5.93
07/31/2019 00:40:00.000000,0.35711,22.05625,0.036825,45.974419,5.383721
07/31/2019 00:41:00.000000,0.334247,22.98325,0.039625,27.9875,5.215
07/31/2019 00:42:00.000000,0.225156,16.4505,0.042475,13.531707,5.2
07/31/2019 00:43:00.000000,0.197607,17.4025,0.043625,12.026829,5.882927
07/31/2019 00:44:00.000000,0.194058,12.949,0.045725,0.016126,6.68
07/31/2019 00:45:00.000000,0.211494,23.08075,0.04135,0.018064,5.883333
07/31/2019 00:46:00.000000,0.246277,20.77425,0.038725,15.755,8.9175
07/31/2019 00:47:00.000000,0.32198,15.528,0.041725,11.835,6.37
07/31/2019 00:48:00.000000,0.284023,5.62575,0.04945,0.022387,6.663636
07/31/2019 00:49:00.000000,0.20907,,,,
07/31/2019 00:50:00.000000,0.215396,9.548,0.0483,0.014048,5.96
07/31/2019 00:51:00.000000,0.260462,9.7315,0.045175,12.971429,6.928571
07/31/2019 00:52:00.000000,0.265985,15.98325,0.041475,11.272727,6.754545
07/31/2019 00:53:00.000000,0.28093,21.67375,0.038025,14.863415,6.870732
07/31/2019 00:54:00.000000,0.316738,20.1025,0.0376,0.011618,5.393023
07/31/2019 00:55:00.000000,0.353182,12.2345,0.040025,15.928571,5.1
07/31/2019 00:56:00.000000,0.349278,18.66125,0.04065,0.007969,4.363636
07/31/2019 00:57:00.000000,0.546436,18.34125,0.03925,8.346154,5.184615
07/31/2019 00:58:00.000000,0.492336,34.33025,0.031175,0.00841,5.314634
07/31/2019 00:59:00.000000,0.5175,50.09325,0.021025,0.010737,5.043902
07/31/2019 01:00:00.000000,0.81209,34.7835,0.025575,10.640909,6.727273
07/31/2019 01:01:00.000000,0.668707,20.28975,0.036,6.14,5.555
07/31/2019 01:02:00.000000,0.50636,14.242,0.03995,0.020615,7.785714
07/31/2019 01:03:00.000000,0.496172,12.17,0.041725,7.059524,5.885714
07/31/2019 01:04:00.000000,0.461623,12.3955,0.042025,12.045,5.585
07/31/2019 01:05:00.000000,0.411906,18.3615,0.03865,18.7,8.6
07/31/2019 01:06:00.000000,0.348383,20.61425,0.03635,21.661538,7.169231
07/31/2019 01:07:00.000000,0.333496,16.49625,0.039325,23.843902,6.629268
07/31/2019 01:08:00.000000,0.295021,15.58575,0.040275,0.020128,7.282927
07/31/2019 01:09:00.000000,0.292706,,,,
07/31/2019 01:10:00.000000,0.381221,45.17975,0.0167,0.022453,8.428571
07/31/2019 01:11:00.000000,0.389274,31.4845,0.0198,10.761905,6.971429
07/31/2019 01:12:00.000000,0.363409,31.91625,0.02105,0.01885,8.16
07/31/2019 01:13:00.000000,0.439585,22.02225,0.031825,0.024066,6.855172
07/31/2019 01:14:00.000000,0.407548,16.0535,0.038225,22.2125,7.055
07/31/2019 01:15:00.000000,0.391228,17.43325,0.04025,23.333333,8.1
07/31/2019 01:16:00.000000,0.44178,18.43775,0.0415,22.061538,7.538462
07/31/2019 01:17:00.000000,0.341817,18.1,0.040325,8.893023,6.883721
07/31/2019 01:18:00.000000,0.318017,19.5175,0.03865,9.18,6.8825
07/31/2019 01:19:00.000000,0.33554,16.317,0.0418,26.07381,7.5
07/31/2019 01:20:00.000000,0.286698,13.41175,0.044125,15.442857,8.085714
07/31/2019 01:21:00.000000,0.271892,11.632,0.04495,12.94878,9.780488
07/31/2019 01:22:00.000000,0.315192,13.5355,0.0441,0.018096,8.371429
07/31/2019 01:23:00.000000,0.378249,13.62425,0.0438,14.875,10.225
07/31/2019 01:24:00.000000,0.391,13.55525,0.043425,41.985714,7.342857
07/31/2019 01:25:00.000000,0.343383,13.275,0.044375,33.097561,7.397561
07/31/2019 01:26:00.000000,0.29533,14.3735,0.04275,16.312195,8.353659
07/31/2019 01:27:00.000000,0.464517,26.25525,0.035075,0.015562,7.31
07/31/2019 01:28:00.000000,0.568491,18.1405,0.0363,11.657143,8.128571
07/31/2019 01:29:00.000000,0.361982,,,,
07/31/2019 01:30:00.000000,0.276469,14.06675,0.0419,21.197561,8.607317
07/31/2019 01:31:00.000000,0.250657,14.82075,0.03985,24.214286,9.071429
07/31/2019 01:32:00.000000,0.24629,14.67475,0.041975,0.016756,9.357143
07/31/2019 01:33:00.000000,0.236599,14.39575,0.04315,0.019081,9.155814
07/31/2019 01:34:00.000000,0.270672,22.634,0.038375,0.025733,8.165
07/31/2019 01:35:00.000000,0.470316,14.73175,0.03825,8.762791,7.246512
07/31/2019 01:36:00.000000,0.405788,12.63875,0.04245,7.980952,7.871429
07/31/2019 01:37:00.000000,0.346283,19.68275,0.039275,0.017174,8.682927
07/31/2019 01:38:00.000000,0.318466,15.5175,0.040125,0.015124,7.771429
07/31/2019 01:39:00.000000,0.281901,16.0155,0.0417,11.752273,8.356818
07/31/2019 01:40:00.000000,0.274363,19.498,0.037825,8.457143,7.9
07/31/2019 01:41:00.000000,0.301872,20.22925,0.036025,8.855263,7.365789
07/31/2019 01:42:00.000000,0.288878,19.52475,0.0415,0.013492,6.871429
07/31/2019 01:43:00.000000,0.242291,18.2995,0.04565,0.012676,7.397561
07/31/2019 01:44:00.000000,0.226067,16.9985,0.04675,0.019851,6.560976
07/31/2019 01:45:00.000000,0.229938,15.71275,0.046825,11.302703,6.902703
07/31/2019 01:46:00.000000,0.229063,14.32625,0.0472,6.75814,6.311628
07/31/2019 01:47:00.000000,0.212658,13.371,0.0469,6.635897,6.548718
07/31/2019 01:48:00.000000,0.204309,12.385,0.04635,11.992683,6.429268
07/31/2019 01:49:00.000000,0.223231,,,,
07/31/2019 01:50:00.000000,0.222293,10.254,0.04935,5.6,5.552381
07/31/2019 01:51:00.000000,0.206356,10.08775,0.0478,0.009509,5.565
07/31/2019 01:52:00.000000,0.203441,9.96875,0.047975,7.825,5.855
07/31/2019 01:53:00.000000,0.208516,9.78625,0.048875,0.011478,5.9
07/31/2019 01:54:00.000000,0.225519,9.76575,0.0473,0.016944,7.26
07/31/2019 01:55:00.000000,0.293719,17.13775,0.040125,0.020484,8.532558
07/31/2019 01:56:00.000000,0.348236,19.83225,0.035525,0.013132,6.88
07/31/2019 01:57:00.000000,0.337409,13.0765,0.040025,0.02371,7.885714
07/31/2019 01:58:00.000000,0.324911,13.213,0.0411,0.023521,6.57
07/31/2019 01:59:00.000000,0.302971,13.46575,0.041075,0.010326,6.127907
07/31/2019 02:00:00.000000,0.279436,14.1445,0.0399,0.030517,6.272727
07/31/2019 02:01:00.000000,0.325692,20.127,0.03785,0.012232,6.043902
07/31/2019 02:02:00.000000,0.342169,20.1365,0.03735,16.233333,6.74
07/31/2019 02:03:00.000000,0.29668,13.883,0.0426,0.015604,7.15814
07/31/2019 02:04:00.000000,0.303171,13.45025,0.042425,0.059766,6.692308
07/31/2019 02:05:00.000000,0.348784,13.337,0.040675,40.771429,8.314286
07/31/2019 02:06:00.000000,0.38437,20.6115,0.0352,20.4625,8.43
07/31/2019 02:07:00.000000,0.442465,17.056,0.034775,0.027092,7.631707
07/31/2019 02:08:00.000000,0.692152,15.98125,0.03905,0.009666,6.46
07/31/2019 02:09:00.000000,0.620562,,,,
07/31/2019 02:10:00.000000,0.377053,14.2925,0.04095,0.013321,6.96
07/31/2019 02:11:00.000000,0.298413,13.88225,0.04165,8.992683,6.473171
07/31/2019 02:12:00.000000,0.280148,12.91975,0.0411,0.01796,6.64878
07/31/2019 02:13:00.000000,0.269517,12.7505,0.041675,13.1375,6.615
07/31/2019 02:14:00.000000,0.287171,13.16575,0.040475,0.008608,6.347368
07/31/2019 02:15:00.000000,0.317131,13.175,0.041525,0.010567,7.153659
07/31/2019 02:16:00.000000,0.299497,12.66375,0.04535,9.457143,6.528571
07/31/2019 02:17:00.000000,0.258195,11.73875,0.04805,15.257143,6.742857
07/31/2019 02:18:00.000000,0.216279,10.86275,0.048525,7.663415,6.287805
07/31/2019 02:19:00.000000,0.193465,10.242,0.04745,0.01175,6.971429
07/31/2019 02:20:00.000000,0.210989,9.70675,0.0461,7.17,6.575
07/31/2019 02:21:00.000000,0.221978,9.104,0.045767,6.42381,6.328571
07/31/2019 02:22:00.000000,0.21237,8.336,0.043775,0.008849,6.976923
07/31/2019 02:23:00.000000,0.207836,8.1275,0.04135,14.081395,8.82093
07/31/2019 02:24:00.000000,0.258237,17.69925,0.0366,0.010441,7.830769
07/31/2019 02:25:00.000000,0.338508,12.44125,0.034925,11.826829,8.453659
07/31/2019 02:26:00.000000,0.324418,14.16325,0.037825,12.91,9.28
07/31/2019 02:27:00.000000,0.302755,7.9575,0.041775,8.227907,7.609302
07/31/2019 02:28:00.000000,0.270963,7.411,0.044675,0.015279,7.869767
07/31/2019 02:29:00.000000,0.221374,,,,
07/31/2019 02:30:00.000000,0.207016,7.36525,0.044425,21.887805,8.44878
07/31/2019 02:31:00.000000,0.218682,7.455,0.044525,0.024128,8.335
07/31/2019 02:32:00.000000,0.250258,7.72875,0.042725,0.027919,8.3
07/31/2019 02:33:00.000000,0.248581,7.943,0.041375,0.011687,8.048649
07/31/2019 02:34:00.000000,0.25963,8.1685,0.041275,7.502439,7.487805
07/31/2019 02:35:00.000000,0.314072,8.361,0.04115,10.058333,8.527778
07/31/2019 02:36:00.000000,0.27177,8.648,0.041125,0.012986,8.631111
07/31/2019 02:37:00.000000,0.236232,9.18925,0.0401,0.009258,7.336842
07/31/2019 02:38:00.000000,0.235915,9.49725,0.0407,0.013876,8.058974
07/31/2019 02:39:00.000000,0.219975,9.55425,0.041375,0.015824,8.285
07/31/2019 02:40:00.000000,0.221933,9.361,0.04175,0.012734,7.387805
07/31/2019 02:41:00.000000,0.322862,9.33375,0.041375,7.284615,6.946154
07/31/2019 02:42:00.000000,0.416763,9.155,0.041825,0.009132,7.241463
07/31/2019 02:43:00.000000,0.270611,8.9085,0.043925,0.008598,6.860976
07/31/2019 02:44:00.000000,0.200381,8.416,0.04485,0.011195,8.061364
07/31/2019 02:45:00.000000,0.183221,7.929333,0.044025,7.37027,7.294595
07/31/2019 02:46:00.000000,0.188082,7.68175,0.04265,10.87027,8.608108
07/31/2019 02:47:00.000000,0.208396,7.53125,0.042525,8.072093,7.727907
07/31/2019 02:48:00.000000,0.208618,7.602,0.042,10.231707,8.780488
07/31/2019 02:49:00.000000,0.227845,,,,
07/31/2019 02:50:00.000000,0.230472,7.62625,0.041275,12.85,8.3625
07/31/2019 02:51:00.000000,0.22563,7.95,0.039875,7.892683,7.190244
07/31/2019 02:52:00.000000,0.241049,8.521,0.038275,11.086957,9.434783
07/31/2019 02:53:00.000000,0.239895,9.14125,0.037675,0.009737,7.8
07/31/2019 02:54:00.000000,0.249346,9.55375,0.0378,0.011128,8.771429
07/31/2019 02:55:00.000000,0.265245,10.19725,0.036825,0.012561,9.252632
07/31/2019 02:56:00.000000,0.277546,10.665,0.03715,0.011181,8.028261
07/31/2019 02:57:00.000000,0.277876,11.2845,0.036275,0.011045,7.885
07/31/2019 02:58:00.000000,0.294701,11.7905,0.0346,0.020939,8.157143
07/31/2019 02:59:00.000000,0.292661,12.27375,0.033825,12.7625,8.37
07/31/2019 03:00:00.000000,0.273086,12.3955,0.035475,8.5,7.973171
07/31/2019 03:01:00.000000,0.274747,12.626,0.034825,16.415,8.155
07/31/2019 03:02:00.000000,0.291573,13.1795,0.0338,0.019245,7.943902
07/31/2019 03:03:00.000000,0.289437,13.187,0.034825,14.084615,8.323077
07/31/2019 03:04:00.000000,0.287176,13.11,0.0373,8.227273,7.622727
07/31/2019 03:05:00.000000,0.274007,12.83375,0.039,10.713158,8.847368
07/31/2019 03:06:00.000000,0.267387,12.70775,0.0389,0.013367,7.492308
07/31/2019 03:07:00.000000,0.269771,12.3845,0.038775,9.330769,7.284615
07/31/2019 03:08:00.000000,0.278072,12.3885,0.0377,12.755,7.215
07/31/2019 03:09:00.000000,0.311236,12.157,0.037125,0.023721,7.457143
07/31/2019 03:10:00.000000,0.309112,11.73375,0.037575,0.018711,7.5
07/31/2019 03:11:00.000000,0.296753,11.8235,0.03525,12.357143,8.7
07/31/2019 03:12:00.000000,0.349525,12.194,0.0337,16.563889,7.522222
07/31/2019 03:13:00.000000,0.358707,12.54425,0.034475,13.916667,8.846667
07/31/2019 03:14:00.000000,0.324896,12.6555,0.0368,11.476744,7.895349
07/31/2019 03:15:00.000000,0.293152,12.942333,0.0368,0.019914,8.809756
07/31/2019 03:16:00.000000,0.278329,13.154,0.035575,0.010679,6.95122
07/31/2019 03:17:00.000000,0.278111,13.35825,0.035625,0.01163,7.62439
07/31/2019 03:18:00.000000,0.284715,13.77125,0.034525,0.015249,7.530769
07/31/2019 03:19:00.000000,0.32983,13.762,0.0341,0.012342,8.01
07/31/2019 03:20:00.000000,0.336178,13.5885,0.034475,13.626316,9.402632
07/31/2019 03:21:00.000000,0.300687,13.55875,0.035075,12.160606,8.242424
07/31/2019 03:22:00.000000,0.312173,13.917,0.0344,12.442857,8.117143
07/31/2019 03:23:00.000000,0.389104,14.06225,0.034225,0.022246,8.184211
07/31/2019 03:24:00.000000,0.444242,14.16625,0.034267,17.940909,7.190909
07/31/2019 03:25:00.000000,0.35189,14.1835,0.035075,0.011881,7.512195
07/31/2019 03:26:00.000000,0.307834,14.1955,0.034925,0.014831,7.521622
07/31/2019 03:27:00.000000,0.331969,14.5995,0.032775,0.039096,8.277778
07/31/2019 03:28:00.000000,0.367007,18.34325,0.029475,33.225714,8.591429
07/31/2019 03:29:00.000000,0.363858,16.694,0.029225,31.069231,6.907692
07/31/2019 03:30:00.000000,0.372288,16.3045,0.0321,0.022058,8.466667
07/31/2019 03:31:00.000000,0.449274,17.2925,0.0319,12.84878,7.504878
07/31/2019 03:32:00.000000,0.428888,17.19075,0.03225,0.008012,6.009302
07/31/2019 03:33:00.000000,0.371687,17.25825,0.0335,0.00866,6.836364
07/31/2019 03:34:00.000000,0.34625,17.167,0.03435,12.525,7.0
07/31/2019 03:35:00.000000,0.315546,17.002,0.0352,16.487805,7.597561
07/31/2019 03:36:00.000000,0.332235,16.75175,0.035375,0.008911,6.3875
07/31/2019 03:37:00.000000,0.377369,16.36975,0.0366,10.87027,6.116216
07/31/2019 03:38:00.000000,0.325218,16.183,0.0362,0.013754,8.339024
07/31/2019 03:39:00.000000,0.295578,15.8505,0.03605,0.012645,7.44
07/31/2019 03:40:00.000000,0.291911,15.3215,0.03865,0.012666,6.942857
07/31/2019 03:41:00.000000,0.291255,14.77875,0.0388,9.402564,6.646154
07/31/2019 03:42:00.000000,0.306858,14.29875,0.03845,0.011557,7.610526
07/31/2019 03:43:00.000000,0.306238,13.898,0.038575,9.372093,7.283721
07/31/2019 03:44:00.000000,0.280896,13.4495,0.0396,0.007771,6.077273
07/31/2019 03:45:00.000000,0.251414,13.19025,0.039525,0.021211,7.345
07/31/2019 03:46:00.000000,0.250958,12.82175,0.038375,0.018439,8.304762
07/31/2019 03:47:00.000000,0.261107,12.56925,0.038325,19.840909,7.190909
07/31/2019 03:48:00.000000,0.275199,12.501,0.0388,0.01403,8.365854
07/31/2019 03:49:00.000000,0.26726,12.52775,0.0376,0.020892,6.534884
07/31/2019 03:50:00.000000,0.27111,12.682,0.037225,13.102564,7.246154
07/31/2019 03:51:00.000000,0.257757,12.8745,0.037125,12.67619,7.4
07/31/2019 03:52:00.000000,0.25168,13.234,0.036225,0.012389,7.831818
07/31/2019 03:53:00.000000,0.259496,13.65025,0.03495,0.013101,7.310526
07/31/2019 03:54:00.000000,0.27312,14.09175,0.033825,0.015038,8.060465
07/31/2019 03:55:00.000000,0.289564,14.58825,0.03275,19.356098,7.346341
07/31/2019 03:56:00.000000,0.302539,15.00875,0.0331,0.009991,6.776923
07/31/2019 03:57:00.000000,0.366732,15.62425,0.031725,0.036769,8.236585
07/31/2019 03:58:00.000000,0.515959,16.497,0.02905,0.015489,8.584615
07/31/2019 03:59:00.000000,0.485163,17.387,0.02785,0.01263,7.92
07/31/2019 04:00:00.000000,0.411869,18.1125,0.028,0.022561,8.491892
07/31/2019 04:01:00.000000,0.363523,18.712,0.028075,14.5875,7.495
07/31/2019 04:02:00.000000,0.117682,19.1895,0.0286,26.92,7.47
07/31/2019 04:03:00.000000,0.062468,26.9735,0.02705,13.232258,7.693548
07/31/2019 04:04:00.000000,0.009065,31.264,0.023775,0.016149,9.15122
07/31/2019 04:05:00.000000,0.005839,23.7705,0.024775,0.022048,8.830233
07/31/2019 04:06:00.000000,0.008429,19.66025,0.028125,0.019663,9.2
07/31/2019 04:07:00.000000,0.006784,19.06125,0.02935,27.957143,8.614286
07/31/2019 04:08:00.000000,0.008004,18.29375,0.029875,0.031398,8.158537
07/31/2019 04:09:00.000000,0.009238,18.36475,0.02985,16.628571,7.928571
07/31/2019 04:10:00.000000,0.006993,18.33425,0.03075,11.846154,7.817949
07/31/2019 04:11:00.000000,0.003733,18.76075,0.028925,0.030687,11.314286
07/31/2019 04:12:00.000000,0.049303,19.376,0.026575,18.502273,8.877273
07/31/2019 04:13:00.000000,0.188069,19.33225,0.030625,0.020374,7.622727
07/31/2019 04:14:00.000000,0.251851,19.10125,0.033775,20.165,8.18
07/31/2019 04:15:00.000000,0.340088,19.05,0.032525,47.87561,6.763415
07/31/2019 04:16:00.000000,0.511922,18.9585,0.0324,20.52381,6.82381
07/31/2019 04:17:00.000000,0.46612,18.864,0.0322,17.907692,7.661538
07/31/2019 04:18:00.000000,0.397489,27.9035,0.026575,13.939535,9.004651
07/31/2019 04:19:00.000000,0.334145,22.87475,0.028375,21.153659,7.74878
07/31/2019 04:20:00.000000,0.328455,15.2435,0.0351,0.022801,6.657895
07/31/2019 04:21:00.000000,0.307716,12.85825,0.038525,0.017111,5.985714
07/31/2019 04:22:00.000000,0.268357,12.5865,0.03915,23.997561,7.180488
07/31/2019 04:23:00.000000,0.24429,12.45775,0.039625,0.015145,6.981395
07/31/2019 04:24:00.000000,0.253863,12.51725,0.039425,0.038343,6.815789
07/31/2019 04:25:00.000000,0.274253,12.59375,0.039175,0.012268,6.025581
07/31/2019 04:26:00.000000,0.266452,12.38275,0.0417,0.015479,7.190698
07/31/2019 04:27:00.000000,0.223503,12.18875,0.042,0.009329,6.983333
07/31/2019 04:28:00.000000,0.214306,11.95625,0.04235,19.256098,7.14878
07/31/2019 04:29:00.000000,0.219027,11.702,0.042,17.511364,7.704545
07/31/2019 04:30:00.000000,0.206306,11.1635,0.04375,9.671429,6.857143
07/31/2019 04:31:00.000000,0.18776,10.515,0.04505,5.95,5.68
07/31/2019 04:32:00.000000,0.211737,9.8815,0.04505,0.01254,5.7625
07/31/2019 04:33:00.000000,0.229344,9.24,0.0456,0.022372,10.284615
07/31/2019 04:34:00.000000,0.277701,8.84075,0.0458,0.01344,6.985714
07/31/2019 04:35:00.000000,0.254949,8.56,0.0462,6.073171,5.531707
07/31/2019 04:36:00.000000,0.224899,8.08475,0.046975,7.278049,5.814634
07/31/2019 04:37:00.000000,0.201135,7.57675,0.04775,5.727907,5.411628
07/31/2019 04:38:00.000000,0.183109,7.44425,0.0465,9.975,5.725
07/31/2019 04:39:00.000000,0.198547,7.31875,0.046175,0.028971,6.905
07/31/2019 04:40:00.000000,0.218578,7.0385,0.0474,0.028396,7.391429
07/31/2019 04:41:00.000000,0.209305,6.8285,0.047325,0.015657,6.594444
07/31/2019 04:42:00.000000,0.191917,6.80925,0.046575,0.020336,6.992308
07/31/2019 04:43:00.000000,0.188117,6.62975,0.045575,0.008871,6.270732
07/31/2019 04:44:00.000000,0.193226,6.692,0.0458,8.342857,6.957143
07/31/2019 04:45:00.000000,0.202292,6.9145,0.04725,21.214286,7.528571
07/31/2019 04:46:00.000000,0.209608,6.649,0.048525,0.013499,7.081818
07/31/2019 04:47:00.000000,0.174801,5.92525,0.047975,13.069231,7.423077
07/31/2019 04:48:00.000000,0.167899,5.25325,0.046425,0.010305,6.814286
07/31/2019 04:49:00.000000,0.185196,4.4635,0.0455,5.728571,5.585714
07/31/2019 04:50:00.000000,0.183381,3.5855,0.045575,10.404878,7.021951
07/31/2019 04:51:00.000000,0.1781,2.61275,0.0458,6.642857,6.014286
07/31/2019 04:52:00.000000,0.19187,1.70225,0.045975,0.007414,5.885366
07/31/2019 04:53:00.000000,0.178703,0.70675,0.046,0.007184,5.735897
07/31/2019 04:54:00.000000,0.172178,0.15975,0.04615,0.012001,6.214286
07/31/2019 04:55:00.000000,0.173172,0.06725,0.045925,10.412195,6.043902
07/31/2019 04:56:00.000000,0.1686,-9999.0,0.0451,11.0,7.0
07/31/2019 04:57:00.000000,0.173011,11.2965,0.0445,0.011069,5.943243
07/31/2019 04:58:00.000000,0.192997,21.13975,0.04495,0.022327,7.67907
07/31/2019 04:59:00.000000,0.199664,21.51225,0.04355,0.021762,7.745
07/31/2019 05:00:00.000000,0.194565,24.27625,0.0429,12.974286,6.788571
07/31/2019 05:01:00.000000,0.185032,23.55175,0.043925,0.011505,6.429268
07/31/2019 05:02:00.000000,0.175633,22.88325,0.044425,12.212821,7.753846
07/31/2019 05:03:00.000000,0.165869,21.9595,0.045275,0.014789,7.583333
07/31/2019 05:04:00.000000,0.169169,20.5665,0.044525,0.019171,8.45
07/31/2019 05:05:00.000000,0.179389,19.1625,0.043725,9.906977,7.134884
07/31/2019 05:06:00.000000,0.17696,18.0115,0.0435,6.372093,6.046512
07/31/2019 05:07:00.000000,0.182308,16.74575,0.043175,0.013503,5.984091
07/31/2019 05:08:00.000000,0.187137,15.163,0.042075,11.2,7.347368
07/31/2019 05:09:00.000000,0.20738,13.82425,0.042725,9.54359,7.007692
07/31/2019 05:10:00.000000,0.192594,12.9045,0.0438,11.805263,7.236842
07/31/2019 05:11:00.000000,0.190891,12.45225,0.043325,13.562791,6.353488
07/31/2019 05:12:00.000000,0.721093,12.31625,0.042425,0.008346,5.94186
07/31/2019 05:13:00.000000,1.217358,12.38025,0.041825,0.012478,6.070732
07/31/2019 05:14:00.000000,0.532531,12.00425,0.042325,6.42381,5.928571
07/31/2019 05:15:00.000000,0.260413,11.71575,0.041625,20.611905,7.485714
07/31/2019 05:16:00.000000,0.216963,10.57225,0.037875,21.8125,8.72
07/31/2019 05:17:00.000000,0.229179,139.352,0.038325,12.565854,7.821951
07/31/2019 05:18:00.000000,0.216097,333.89025,0.04065,10.128205,6.161538
07/31/2019 05:19:00.000000,0.204622,345.41,0.0426,0.011861,7.448837
07/31/2019 05:20:00.000000,0.178121,345.3625,0.04345,0.008116,6.359459
07/31/2019 05:21:00.000000,0.167444,346.3265,0.0426,7.705714,6.357143
07/31/2019 05:22:00.000000,0.171679,346.15925,0.041575,6.38,6.146667
07/31/2019 05:23:00.000000,0.185662,345.923,0.041325,9.738462,7.961538
07/31/2019 05:24:00.000000,0.213032,345.86025,0.0425,16.742857,7.357143
07/31/2019 05:25:00.000000,0.190981,345.877,0.042975,13.21,7.37
07/31/2019 05:26:00.000000,0.171927,303.62875,0.04185,13.014634,7.656098
07/31/2019 05:27:00.000000,0.187314,23.70325,0.0404,0.011149,7.178261
07/31/2019 05:28:00.000000,0.198052,0.28875,0.03995,0.016306,8.728571
07/31/2019 05:29:00.000000,0.203625,0.04525,0.03925,0.016569,7.2
07/31/2019 05:30:00.000000,0.218606,-9999.0,0.035675,0.028611,7.241463
07/31/2019 05:31:00.000000,0.224927,-9999.0,0.033975,0.035223,7.137209
07/31/2019 05:32:00.000000,0.214489,-9999.0,0.033025,9.715,6.505
07/31/2019 05:33:00.000000,0.232806,-9999.0,0.02785,0.009056,7.15
07/31/2019 05:34:00.000000,0.289745,-9999.0,0.033275,0.008116,6.531707
07/31/2019 05:35:00.000000,0.249607,-9999.0,0.0395,0.009746,6.231818
07/31/2019 05:36:00.000000,0.200953,0.0035,0.03955,8.41,6.695
07/31/2019 05:37:00.000000,0.233562,0.8935,0.03895,0.010999,6.461538
07/31/2019 05:38:00.000000,0.408733,2.097,0.039775,0.016546,7.330769
07/31/2019 05:39:00.000000,0.343832,2.92275,0.04005,11.636585,7.74878
07/31/2019 05:40:00.000000,0.217396,4.00275,0.0394,0.020254,8.057143
07/31/2019 05:41:00.000000,0.193873,5.19725,0.038275,0.020463,8.35
07/31/2019 05:42:00.000000,0.211603,6.483,0.037925,8.479545,7.254545
07/31/2019 05:43:00.000000,0.23797,7.6275,0.0389,0.029342,7.761538
07/31/2019 05:44:00.000000,0.216472,8.56425,0.03905,0.020985,7.289744
07/31/2019 05:45:00.000000,0.194134,8.641,0.038775,12.023077,8.553846
07/31/2019 05:46:00.000000,0.235326,8.61325,0.0384,0.013934,7.6
07/31/2019 05:47:00.000000,1.30198,8.60475,0.038425,13.0,8.192857
07/31/2019 05:48:00.000000,3.231368,8.52725,0.039,0.026164,8.802703
07/31/2019 05:49:00.000000,3.811045,8.24075,0.03885,0.015909,7.341026
07/31/2019 05:50:00.000000,3.866238,8.02925,0.03835,7.225,6.49
07/31/2019 05:51:00.000000,3.872093,7.86325,0.03915,0.018225,7.316667
07/31/2019 05:52:00.000000,3.8729,7.74325,0.039325,12.739024,7.926829
07/31/2019 05:53:00.000000,3.876797,7.927,0.0366,18.446341,7.573171
07/31/2019 05:54:00.000000,3.879892,8.19925,0.035475,0.011653,7.154545
07/31/2019 05:55:00.000000,3.872538,8.3945,0.036725,0.018663,7.518605
07/31/2019 05:56:00.000000,3.660616,8.53575,0.037175,8.826829,7.343902
07/31/2019 05:57:00.000000,1.83271,8.72275,0.037175,9.5625,7.215
07/31/2019 05:58:00.000000,0.204822,8.73775,0.03705,0.013171,8.571429
07/31/2019 05:59:00.000000,0.010936,8.943,0.0363,6.75,6.59
07/31/2019 06:00:00.000000,0.009027,9.0715,0.036625,0.019327,9.102439
07/31/2019 06:01:00.000000,0.009011,8.9995,0.03765,0.021525,7.56
07/31/2019 06:02:00.000000,0.000287,8.6425,0.038275,17.642857,7.2
07/31/2019 06:03:00.000000,0.001992,8.293,0.03905,10.479487,8.594872
07/31/2019 06:04:00.000000,0.000939,8.06775,0.039,17.042857,8.733333
07/31/2019 06:05:00.000000,-9999.0,7.89825,0.0377,0.013607,8.194737
07/31/2019 06:06:00.000000,-9999.0,7.7815,0.0374,0.013096,9.807317
07/31/2019 06:07:00.000000,0.033056,7.68025,0.036925,12.385714,9.6
07/31/2019 06:08:00.000000,0.147563,7.72825,0.036825,0.025276,9.329268
07/31/2019 06:09:00.000000,0.185732,7.5755,0.037575,16.836585,9.963415
07/31/2019 06:10:00.000000,0.184646,8.7235,0.03695,15.333333,8.683333
07/31/2019 06:11:00.000000,0.333349,10.159,0.0353,13.065854,7.887805
07/31/2019 06:12:00.000000,0.307127,8.4255,0.03595,7.431707,6.77561
07/31/2019 06:13:00.000000,0.219677,8.397,0.035625,6.7,6.6
07/31/2019 06:14:00.000000,0.255243,9.01325,0.03485,6.527907,6.432558
07/31/2019 06:15:00.000000,0.235302,8.85275,0.0367,0.007783,6.23
07/31/2019 06:16:00.000000,0.184795,8.73075,0.03735,8.409302,7.404651
07/31/2019 06:17:00.000000,0.170585,8.65625,0.036125,9.866667,9.6
07/31/2019 06:18:00.000000,0.170893,10.37225,0.0308,0.01618,7.495455
07/31/2019 06:19:00.000000,0.176078,14.25825,0.0328,0.046816,9.35
07/31/2019 06:20:00.000000,0.187407,9.2705,0.03575,13.45,8.383333
07/31/2019 06:21:00.000000,0.194011,8.13,0.0371,0.017825,9.069697
07/31/2019 06:22:00.000000,0.176744,15.657,0.034175,0.012112,7.3
07/31/2019 06:23:00.000000,0.213243,18.981,0.03025,0.013652,6.915789
07/31/2019 06:24:00.000000,0.276321,13.75825,0.031325,0.017138,9.606667
07/31/2019 06:25:00.000000,0.221946,10.19675,0.03265,0.016513,7.520513
07/31/2019 06:26:00.000000,0.178857,9.41575,0.03435,10.026829,6.943902
07/31/2019 06:27:00.000000,0.169165,9.62,0.035125,0.012091,6.9
07/31/2019 06:28:00.000000,0.170037,9.45875,0.03525,0.011425,6.648649
07/31/2019 06:29:00.000000,0.170719,9.29875,0.03545,,
07/31/2019 06:30:00.000000,0.172001,9.265,0.0346,17.430769,7.092308
07/31/2019 06:31:00.000000,0.190867,9.85175,0.030825,11.2,7.344186
07/31/2019 06:32:00.000000,0.224581,10.08675,0.031225,13.585366,7.4
07/31/2019 06:33:00.000000,0.2078,10.09475,0.0344,11.962857,7.565714
07/31/2019 06:34:00.000000,0.1809,10.0745,0.0345,0.014932,8.097561
07/31/2019 06:35:00.000000,0.172638,10.1645,0.0339,21.809302,8.286047
07/31/2019 06:36:00.000000,0.168406,10.321,0.03375,13.071429,7.785714
07/31/2019 06:37:00.000000,0.160181,10.45725,0.03385,12.838462,7.530769
07/31/2019 06:38:00.000000,0.163134,10.441,0.034175,14.642857,7.757143
07/31/2019 06:39:00.000000,0.169528,9.8745,0.0336,0.009105,6.804878
07/31/2019 06:40:00.000000,0.167811,9.5785,0.034,10.451163,8.525581
07/31/2019 06:41:00.000000,0.163616,9.414,0.035425,0.025774,8.057895
07/31/2019 06:42:00.000000,0.168092,9.2535,0.035975,14.728571,8.816667
07/31/2019 06:43:00.000000,0.195816,9.088,0.03605,0.011945,8.046667
07/31/2019 06:44:00.000000,0.218534,8.835,0.036375,0.009198,7.297674
07/31/2019 06:45:00.000000,0.190396,8.6775,0.036025,0.016659,8.060465
07/31/2019 06:46:00.000000,0.196769,8.50975,0.110925,0.015639,8.54
07/31/2019 06:47:00.000000,0.200192,8.17425,0.24,11.353846,7.584615
07/31/2019 06:48:00.000000,0.173605,7.868,0.2431,9.882927,7.997561
07/31/2019 06:49:00.000000,0.15137,7.66025,0.2442,,
07/31/2019 06:50:00.000000,0.149445,7.56325,0.2448,0.016472,7.130233
07/31/2019 06:51:00.000000,0.151482,7.381,0.24505,0.02361,7.882927
07/31/2019 06:52:00.000000,0.147064,7.30875,0.245475,0.009802,6.971429
07/31/2019 06:53:00.000000,0.143374,7.2055,0.245825,0.01284,7.052632
07/31/2019 06:54:00.000000,0.148769,7.08025,0.24605,9.145455,7.00303
07/31/2019 06:55:00.000000,0.146743,7.0605,0.246575,0.018105,7.965517
07/31/2019 06:56:00.000000,0.139683,7.27325,0.2068,10.828947,8.252632
07/31/2019 06:57:00.000000,0.152605,7.54175,-9999.0,0.011113,7.973684
07/31/2019 06:58:00.000000,0.166164,7.67425,0.0001,13.923684,8.236842
07/31/2019 06:59:00.000000,0.160875,7.8015,-9999.0,0.012518,6.745455
07/31/2019 07:00:00.000000,0.154073,7.884,-9999.0,0.00924,6.788
07/31/2019 07:01:00.000000,0.150955,7.8045,-9999.0,0.015858,7.312195
07/31/2019 07:02:00.000000,0.152159,7.941,-9999.0,7.190698,6.539535
07/31/2019 07:03:00.000000,0.152151,8.15075,-9999.0,0.007575,6.061538
07/31/2019 07:04:00.000000,0.154193,8.08075,7.5e-05,6.971429,6.971429
07/31/2019 07:05:00.000000,0.157853,7.8955,-9999.0,6.66,6.66
07/31/2019 07:06:00.000000,0.153171,7.62925,0.000125,0.014484,8.4
07/31/2019 07:07:00.000000,0.154124,7.4765,0.00035,10.246154,7.853846
07/31/2019 07:08:00.000000,0.156543,7.42125,-9999.0,0.013298,7.953846
07/31/2019 07:09:00.000000,0.153284,7.339,-9999.0,0.009115,6.804878
07/31/2019 07:10:00.000000,0.140865,7.09025,0.00075,9.023077,6.425641
07/31/2019 07:11:00.000000,0.178652,6.76975,0.000375,0.011196,7.42
07/31/2019 07:12:00.000000,0.243868,6.481,-9999.0,7.528571,6.828571
07/31/2019 07:13:00.000000,0.197159,6.3745,0.000125,11.739024,6.870732
07/31/2019 07:14:00.000000,0.146084,6.2715,0.0002,12.246667,7.828889
07/31/2019 07:15:00.000000,0.133262,6.18125,0.0001,19.657143,10.916667
07/31/2019 07:16:00.000000,0.139234,5.99375,0.004425,8.481579,7.289474
07/31/2019 07:17:00.000000,0.136624,5.8415,0.0483,0.014692,9.56
07/31/2019 07:18:00.000000,0.136848,5.7345,0.041025,0.016919,8.307317
07/31/2019 07:19:00.000000,0.141333,5.70525,0.0382,0.030321,10.057143
07/31/2019 07:20:00.000000,0.13412,5.81125,0.03535,16.5,9.005128
07/31/2019 07:21:00.000000,0.145275,6.04,0.033225,0.032194,10.248837
07/31/2019 07:22:00.000000,0.154061,6.429,0.032825,0.022892,10.5
07/31/2019 07:23:00.000000,0.164261,6.5125,0.034325,0.014963,7.61
07/31/2019 07:24:00.000000,0.159102,6.5505,0.034625,10.411628,7.272093
07/31/2019 07:25:00.000000,0.148726,6.7705,0.034775,0.009115,6.79
07/31/2019 07:26:00.000000,0.153109,6.8665,0.035025,0.017939,8.206977
07/31/2019 07:27:00.000000,0.152101,6.90675,0.034825,21.9,9.442857
07/31/2019 07:28:00.000000,0.153944,6.79775,0.035825,0.02027,7.443902
07/31/2019 07:29:00.000000,0.156555,6.51025,0.036675,7.963415,6.914634
07/31/2019 07:30:00.000000,0.156318,6.17125,0.035725,6.745,6.735
07/31/2019 07:31:00.000000,0.164503,6.04225,0.0361,0.008366,6.7
07/31/2019 07:32:00.000000,0.163141,5.986,0.03715,0.01232,8.131579
07/31/2019 07:33:00.000000,0.164252,5.93925,0.03685,8.766667,6.955556
07/31/2019 07:34:00.000000,0.169648,5.93225,0.037175,0.012268,7.191892
07/31/2019 07:35:00.000000,0.17234,5.93025,0.037175,8.356098,6.943902
07/31/2019 07:36:00.000000,0.173408,6.01025,0.036875,0.012195,6.984615
07/31/2019 07:37:00.000000,0.18307,6.31075,0.0355,6.685366,6.231707
07/31/2019 07:38:00.000000,0.216062,6.45125,0.0347,8.521622,7.224324
07/31/2019 07:39:00.000000,0.212989,6.605,0.0352,0.022039,7.229268
07/31/2019 07:40:00.000000,0.194892,6.8505,0.03515,0.021623,7.628571
07/31/2019 07:41:00.000000,0.186379,6.9035,0.036,7.768293,6.67561
07/31/2019 07:42:00.000000,0.179175,7.00675,0.0363,0.009885,7.182927
07/31/2019 07:43:00.000000,0.17766,7.06375,0.03605,7.943902,6.787805
07/31/2019 07:44:00.000000,0.176529,7.04675,0.036425,8.729268,7.197561
07/31/2019 07:45:00.000000,0.169938,6.73525,0.036375,7.056098,6.873171
07/31/2019 07:46:00.000000,0.168496,6.67225,0.035725,0.011495,7.223077
07/31/2019 07:47:00.000000,0.184363,6.71,0.035675,10.144444,7.126667
07/31/2019 07:48:00.000000,0.182164,8.26675,0.03425,0.012159,7.488235
07/31/2019 07:49:00.000000,0.16723,14.9345,0.030225,0.013427,7.757143
07/31/2019 07:50:00.000000,0.173812,11.33525,0.032325,10.829268,8.056098
07/31/2019 07:51:00.000000,0.169888,12.99275,0.032,0.012325,6.825
07/31/2019 07:52:00.000000,0.171542,9.59025,0.03175,7.172222,6.988889
07/31/2019 07:53:00.000000,0.184575,6.109,0.03555,7.539024,7.0
07/31/2019 07:54:00.000000,0.164571,6.2585,0.037625,0.011722,7.096875
07/31/2019 07:55:00.000000,0.154348,6.2415,0.038,17.356818,7.013636
07/31/2019 07:56:00.000000,0.154827,6.238,0.03755,0.012439,7.0
07/31/2019 07:57:00.000000,0.155317,6.28025,0.036475,0.015058,8.457143
07/31/2019 07:58:00.000000,0.162068,6.2775,0.037475,8.958537,7.219512
07/31/2019 07:59:00.000000,0.162117,6.231,0.037875,0.009322,7.0
07/31/2019 08:00:00.000000,0.161842,6.31275,0.03715,0.008085,6.481818
07/31/2019 08:01:00.000000,0.168061,6.4435,0.0368,7.372093,6.830233
07/31/2019 08:02:00.000000,0.165353,6.48625,0.0377,6.192308,6.138462
07/31/2019 08:03:00.000000,0.164385,6.5615,0.037625,9.6075,7.3875
07/31/2019 08:04:00.000000,0.166745,6.64625,0.0368,0.008012,6.304878
07/31/2019 08:05:00.000000,0.164418,6.709,0.036375,0.010936,6.357143
07/31/2019 08:06:00.000000,0.159636,6.869,0.035675,0.007461,5.8
07/31/2019 08:07:00.000000,0.163354,7.07125,0.0358,0.018907,6.872093
07/31/2019 08:08:00.000000,0.165714,7.1275,0.0362,0.014141,8.6
07/31/2019 08:09:00.000000,0.164812,7.156,0.035675,19.436585,7.790244
07/31/2019 08:10:00.000000,0.15939,7.22,0.036125,0.008462,5.721951
07/31/2019 08:11:00.000000,0.152627,7.33125,0.036725,5.763415,5.741463
07/31/2019 08:12:00.000000,0.153238,7.425,0.0363,15.019512,6.226829
07/31/2019 08:13:00.000000,0.155123,7.5615,0.035625,15.762791,6.634884
07/31/2019 08:14:00.000000,0.155343,7.625,0.035225,0.009509,6.2875
07/31/2019 08:15:00.000000,0.155625,7.70075,0.035325,0.009633,6.370732
07/31/2019 08:16:00.000000,0.157722,7.75675,0.035975,9.1,6.14
07/31/2019 08:17:00.000000,0.153299,7.74575,0.036575,0.008418,5.911111
07/31/2019 08:18:00.000000,0.15491,7.73775,0.0364,0.007701,6.155
07/31/2019 08:19:00.000000,0.154086,7.81775,0.035075,6.2,6.115
07/31/2019 08:20:00.000000,0.156994,7.91,0.0337,0.02305,5.848649
07/31/2019 08:21:00.000000,0.159312,7.84725,0.034,12.148387,7.832258
07/31/2019 08:22:00.000000,0.155438,7.80125,0.0351,0.013998,6.74
07/31/2019 08:23:00.000000,0.152993,7.798,0.03515,6.753333,6.108889
07/31/2019 08:24:00.000000,0.159385,7.78,0.035475,10.35,6.765
07/31/2019 08:25:00.000000,0.160625,7.77225,0.035725,0.011442,6.726667
07/31/2019 08:26:00.000000,0.16043,7.70125,0.036525,0.007908,6.089362
07/31/2019 08:27:00.000000,0.1715,7.534,0.0364,7.133333,6.666667
07/31/2019 08:28:00.000000,0.177951,7.28425,0.036625,0.006817,5.544186
07/31/2019 08:29:00.000000,0.168895,7.01525,0.03785,0.007181,5.731818
07/31/2019 08:30:00.000000,0.155851,6.73325,0.03825,5.454545,5.463636
07/31/2019 08:31:00.000000,0.157202,6.44675,0.03825,5.905263,5.905263
07/31/2019 08:32:00.000000,0.155064,6.17975,0.037825,6.421053,5.915789
07/31/2019 08:33:00.000000,0.147564,5.98525,0.037725,0.011307,6.486047
07/31/2019 08:34:00.000000,0.149365,5.8775,0.037075,0.010111,6.027273
07/31/2019 08:35:00.000000,0.155158,5.819,0.036675,0.008376,6.328571
07/31/2019 08:36:00.000000,0.156209,5.84275,0.036775,0.009374,6.313953
07/31/2019 08:37:00.000000,0.15273,5.9425,0.035825,18.275,7.66
07/31/2019 08:38:00.000000,0.16732,6.317,0.03395,0.035736,7.479545
07/31/2019 08:39:00.000000,0.17541,6.565,0.034075,0.020871,8.695455
07/31/2019 08:40:00.000000,0.171852,6.73975,0.035225,11.07907,7.811628
07/31/2019 08:41:00.000000,0.180278,6.96525,0.03435,6.160976,5.892683
07/31/2019 08:42:00.000000,0.180426,7.04725,0.03475,0.014281,7.819512
07/31/2019 08:43:00.000000,0.173279,6.94875,0.036575,7.267442,6.651163
07/31/2019 08:44:00.000000,0.170942,6.7735,0.03745,0.00684,5.55
07/31/2019 08:45:00.000000,0.171181,6.6175,0.037925,0.015516,6.228571
07/31/2019 08:46:00.000000,0.174207,6.15375,0.037775,11.307317,6.143902
07/31/2019 08:47:00.000000,0.173406,5.8465,0.03715,6.560976,5.843902
07/31/2019 08:48:00.000000,0.174994,5.5695,0.037,0.008936,6.134884
07/31/2019 08:49:00.000000,0.172661,5.259,0.037375,5.585714,5.428571
07/31/2019 08:50:00.000000,0.163469,5.03825,0.0377,8.105,5.895
07/31/2019 08:51:00.000000,0.160737,4.907,0.038075,0.007172,5.55814
07/31/2019 08:52:00.000000,0.203065,4.811,0.0378,10.033333,5.933333
07/31/2019 08:53:00.000000,0.418683,4.7325,0.038075,0.007265,5.483721
07/31/2019 08:54:00.000000,0.32597,4.67025,0.0379,0.010721,6.572093
07/31/2019 08:55:00.000000,0.20574,4.57525,0.038225,7.319512,6.543902
07/31/2019 08:56:00.000000,0.175934,4.49875,0.03835,9.927907,7.790698
07/31/2019 08:57:00.000000,0.155276,4.41675,0.038525,0.01123,5.865854
07/31/2019 08:58:00.000000,0.153735,4.3265,0.0392,0.007659,5.75814
07/31/2019 08:59:00.000000,0.150425,4.2665,0.0391,0.00712,5.7175
07/31/2019 09:00:00.000000,0.154913,4.17725,0.03965,0.01863,6.04
07/31/2019 09:01:00.000000,0.145394,4.0795,0.039367,7.216667,5.6
07/31/2019 09:02:00.000000,0.146116,3.99675,0.039275,0.006642,5.275
07/31/2019 09:03:00.000000,0.150183,3.95,0.03935,0.007327,5.512195
07/31/2019 09:04:00.000000,0.15319,3.93525,0.03925,8.586486,6.932432
07/31/2019 09:05:00.000000,0.157348,3.97225,0.038525,6.3,5.92381
07/31/2019 09:06:00.000000,0.161193,3.9865,0.03855,7.495122,6.146341
07/31/2019 09:07:00.000000,0.153771,4.051,0.0388,9.307692,6.453846
07/31/2019 09:08:00.000000,0.149294,4.187,0.03845,0.011354,5.970732
07/31/2019 09:09:00.000000,0.149635,4.29425,0.0384,7.673171,6.102439
07/31/2019 09:10:00.000000,0.145773,4.379,0.038075,8.011628,6.506977
07/31/2019 09:11:00.000000,0.144584,4.47375,0.03785,0.012807,6.15
07/31/2019 09:12:00.000000,0.142249,4.5515,0.038225,0.011354,6.3
07/31/2019 09:13:00.000000,0.141857,4.5905,0.0379,6.095455,5.604545
07/31/2019 09:14:00.000000,0.138918,4.64825,0.03775,8.307143,6.238095
07/31/2019 09:15:00.000000,0.141371,4.678,0.03775,18.516667,6.17619
07/31/2019 09:16:00.000000,0.140672,4.64875,0.03785,11.41,6.565
07/31/2019 09:17:00.000000,0.140005,4.58325,0.038575,0.011894,6.54878
07/31/2019 09:18:00.000000,0.138757,4.5015,0.0395,0.007307,5.481818
07/31/2019 09:19:00.000000,0.13828,4.4595,0.038875,5.502778,5.502778
07/31/2019 09:20:00.000000,0.141277,4.48675,0.03715,0.010617,6.940541
07/31/2019 09:21:00.000000,0.151528,4.53525,0.0371,6.6,6.072222
07/31/2019 09:22:00.000000,0.155444,4.62425,0.036475,9.936585,6.502439
07/31/2019 09:23:00.000000,0.158067,4.7185,0.03595,7.093548,5.958065
07/31/2019 09:24:00.000000,0.158436,4.80625,0.03606,0.00741,5.936364
07/31/2019 09:25:00.000000,0.158482,4.9875,0.0364,0.011624,6.66
07/31/2019 09:26:00.000000,0.16009,5.252,0.03635,8.411765,7.129412
07/31/2019 09:27:00.000000,0.164548,5.3085,0.037025,6.769231,6.166667
07/31/2019 09:28:00.000000,0.159882,5.22875,0.037775,0.013475,5.502564
07/31/2019 09:29:00.000000,0.155216,5.1245,0.038275,7.353659,6.02439
07/31/2019 09:30:00.000000,0.151828,4.98375,0.0387,9.117073,6.626829
07/31/2019 09:31:00.000000,0.152285,4.8645,0.03895,9.837209,6.776744
07/31/2019 09:32:00.000000,0.152937,4.942,0.03845,0.010034,7.214634
07/31/2019 09:33:00.000000,0.161168,4.80225,0.03855,7.392308,6.607692
07/31/2019 09:34:00.000000,0.158513,4.62725,0.03935,0.010013,6.1675
07/31/2019 09:35:00.000000,0.150818,4.61325,0.038925,0.010199,6.478378
07/31/2019 09:36:00.000000,0.148595,4.65025,0.0381,5.865854,5.553659
07/31/2019 09:37:00.000000,0.154564,4.66225,0.038425,0.006903,5.542857
07/31/2019 09:38:00.000000,0.154739,4.621,0.03875,6.755,6.59
07/31/2019 09:39:00.000000,0.14306,4.48075,0.0388,0.007784,6.2225
07/31/2019 09:40:00.000000,0.128361,4.2505,0.038475,8.917073,6.356098
07/31/2019 09:41:00.000000,0.127844,4.2135,0.038575,0.008801,6.485366
07/31/2019 09:42:00.000000,0.127519,4.201,0.038325,15.694737,6.836842
07/31/2019 09:43:00.000000,0.134322,4.13575,0.0383,9.270732,6.657143
07/31/2019 09:44:00.000000,0.135593,4.02725,0.0385,0.008054,6.255814
07/31/2019 09:45:00.000000,0.129444,4.02825,0.038775,0.009922,6.2
07/31/2019 09:46:00.000000,0.128438,4.08025,0.03835,6.248718,5.871795
07/31/2019 09:47:00.000000,0.132413,4.143,0.03815,0.008156,6.176471
07/31/2019 09:48:00.000000,0.134143,4.20525,0.038,11.066667,6.774359
07/31/2019 09:49:00.000000,0.14046,4.2915,0.037425,19.597674,6.230233
07/31/2019 09:50:00.000000,0.150865,4.3105,0.037425,9.237778,6.411111
07/31/2019 09:51:00.000000,0.149288,4.3555,0.0375,0.009847,6.157143
07/31/2019 09:52:00.000000,0.147712,4.50725,0.037275,11.568182,6.436364
07/31/2019 09:53:00.000000,0.149602,4.63975,0.03745,0.011941,7.007692
07/31/2019 09:54:00.000000,0.14719,4.72275,0.036925,7.74375,7.196875
07/31/2019 09:55:00.000000,0.144399,4.806,0.0365,8.616667,7.038095
07/31/2019 09:56:00.000000,0.142945,4.90025,0.036725,0.007836,6.034146
07/31/2019 09:57:00.000000,0.138314,4.96,0.036125,0.011464,6.711429
07/31/2019 09:58:00.000000,0.143091,5.05425,0.035675,0.009826,6.359091
07/31/2019 09:59:00.000000,0.143049,5.10725,0.035775,8.025,7.05
07/31/2019 10:00:00.000000,0.146599,5.1265,0.036075,8.27,6.86
07/31/2019 10:01:00.000000,0.140548,5.1685,0.035475,0.012397,6.230233
07/31/2019 10:02:00.000000,0.049888,5.29,0.034925,13.735714,7.214286
07/31/2019 10:03:00.000000,0.027768,5.491,0.034325,0.008769,6.539535
07/31/2019 10:04:00.000000,-9999.0,7.639,0.032075,0.007732,6.229268
07/31/2019 10:05:00.000000,-9999.0,12.3065,0.0289,0.008624,6.455
07/31/2019 10:06:00.000000,-9999.0,7.13,0.030625,8.590698,6.930233
07/31/2019 10:07:00.000000,-9999.0,7.09525,0.033075,0.008086,6.405
07/31/2019 10:08:00.000000,-9999.0,7.28225,0.032925,13.710256,6.3
07/31/2019 10:09:00.000000,-9999.0,7.264,0.032825,,
07/31/2019 10:10:00.000000,-9999.0,7.258,0.03385,9.516279,6.672093
07/31/2019 10:11:00.000000,-9999.0,7.20825,0.034075,6.716279,6.269767
07/31/2019 10:12:00.000000,0.018994,7.17425,0.0338,0.008157,6.456098
07/31/2019 10:13:00.000000,0.087951,7.158,0.03365,6.085714,6.071429
07/31/2019 10:14:00.000000,0.140953,7.1835,0.0333,0.011284,6.946512
07/31/2019 10:15:00.000000,0.15153,7.28375,0.03215,0.008944,6.669767
07/31/2019 10:16:00.000000,0.166678,7.58775,0.031,0.011325,6.010526
07/31/2019 10:17:00.000000,0.167034,7.709,0.031325,9.944186,6.588372
07/31/2019 10:18:00.000000,0.148945,7.759,0.032775,6.720455,6.195455
07/31/2019 10:19:00.000000,0.139876,7.89075,0.0327,0.012339,7.016667
07/31/2019 10:20:00.000000,0.145691,8.1355,0.032425,11.297561,7.456098
07/31/2019 10:21:00.000000,0.148229,12.916667,0.0165,10.797674,7.5
07/31/2019 10:22:00.000000,0.184272,23.09125,0.01595,0.022194,7.5
07/31/2019 10:23:00.000000,0.194884,12.35225,0.024025,8.0125,6.48
07/31/2019 10:24:00.000000,0.161338,9.40275,0.030325,8.586364,6.804545
07/31/2019 10:25:00.000000,0.140353,9.8735,0.03075,10.032558,6.555814
07/31/2019 10:26:00.000000,0.136038,9.65775,0.0305,6.857143,6.328571
07/31/2019 10:27:00.000000,0.149328,9.85,0.029775,0.007818,6.213953
07/31/2019 10:28:00.000000,0.166226,10.018,0.029325,0.008953,6.621053
07/31/2019 10:29:00.000000,0.147497,10.157,0.029525,9.127273,6.868182
07/31/2019 10:30:00.000000,0.141785,10.18775,0.0304,0.01528,7.495
07/31/2019 10:31:00.000000,0.138158,10.1925,0.030225,7.085714,6.4
07/31/2019 10:32:00.000000,0.142888,10.205,0.03095,8.014286,6.783333
07/31/2019 10:33:00.000000,0.144436,10.103,0.0317,0.007609,5.871429
07/31/2019 10:34:00.000000,0.147888,9.99025,0.0307,0.014412,6.963158
07/31/2019 10:35:00.000000,0.19642,10.079,0.0295,7.02,6.18
07/31/2019 10:36:00.000000,0.190826,9.8585,0.0313,5.914634,5.914634
07/31/2019 10:37:00.000000,0.14946,9.651,0.0321,0.010525,7.35122
07/31/2019 10:38:00.000000,0.148913,9.581,0.03195,7.54878,7.268293
07/31/2019 10:39:00.000000,0.171022,9.52075,0.0315,10.225581,6.769767
07/31/2019 10:40:00.000000,0.156529,9.526,0.0309,0.010173,6.36
07/31/2019 10:41:00.000000,0.180961,9.64575,0.0313,9.315,6.63
07/31/2019 10:42:00.000000,0.172993,9.867,0.030675,10.718605,7.62093
07/31/2019 10:43:00.000000,0.156906,9.80775,0.030225,0.021277,7.305
07/31/2019 10:44:00.000000,0.15428,12.234,0.0242,0.012592,6.692308
07/31/2019 10:45:00.000000,0.152904,16.66525,0.028625,0.010442,7.188636
07/31/2019 10:46:00.000000,0.153285,11.27275,0.029925,6.184091,6.090909
07/31/2019 10:47:00.000000,0.16906,9.605,0.03155,6.153846,6.153846
07/31/2019 10:48:00.000000,0.167336,8.8335,0.032475,0.015239,8.006977
07/31/2019 10:49:00.000000,0.140894,,,,
07/31/2019 10:50:00.000000,0.144711,9.0815,0.0311,9.170732,6.329268
07/31/2019 10:51:00.000000,0.144634,9.48825,0.032925,7.813636,6.413636
07/31/2019 10:52:00.000000,0.14509,8.11375,0.03355,0.011077,6.912195
07/31/2019 10:53:00.000000,0.142575,8.05275,0.03305,11.752941,6.341176
07/31/2019 10:54:00.000000,0.145558,8.09075,0.032775,6.86,5.9525
07/31/2019 10:55:00.000000,0.147233,8.10575,0.033025,5.645,5.645
07/31/2019 10:56:00.000000,0.151322,8.06125,0.0332,0.018654,7.175
07/31/2019 10:57:00.000000,0.150519,7.997,0.033725,0.009607,6.046154
07/31/2019 10:58:00.000000,0.142582,7.9585,0.0338,0.010952,7.32
07/31/2019 10:59:00.000000,0.141141,7.936,0.034325,0.011677,8.108696
07/31/2019 11:00:00.000000,0.139788,7.8765,0.0344,0.014886,7.171429
07/31/2019 11:01:00.000000,0.14368,7.7405,0.0339,8.812195,6.060976
07/31/2019 11:02:00.000000,0.1497,7.64625,0.033625,0.015486,6.23
07/31/2019 11:03:00.000000,0.153705,7.5305,0.034,0.019317,6.386667
07/31/2019 11:04:00.000000,0.147541,7.57875,0.0333,21.026667,6.98
07/31/2019 11:05:00.000000,0.148676,7.77125,0.0325,0.026439,6.060976
07/31/2019 11:06:00.000000,0.161974,7.861,0.0324,8.777273,6.590909
07/31/2019 11:07:00.000000,0.162299,7.7905,0.0331,0.009482,6.865
07/31/2019 11:08:00.000000,0.14319,7.7505,0.033,6.015,5.88
07/31/2019 11:09:00.000000,0.13755,,,,
07/31/2019 11:10:00.000000,0.137341,7.906,0.03295,0.010787,6.841463
07/31/2019 11:11:00.000000,0.143385,8.0815,0.033,14.962791,6.281395
07/31/2019 11:12:00.000000,0.142804,8.20575,0.033575,0.012795,7.322727
07/31/2019 11:13:00.000000,0.142664,8.20575,0.032675,9.45814,6.209302
07/31/2019 11:14:00.000000,0.155999,8.267,0.032425,9.210345,6.675862
07/31/2019 11:15:00.000000,0.167292,8.613,0.031275,9.027907,7.788372
07/31/2019 11:16:00.000000,0.170752,8.92625,0.03135,0.014286,7.314286
07/31/2019 11:17:00.000000,0.165594,9.2235,0.030375,0.0206,9.58
07/31/2019 11:18:00.000000,0.157417,9.5215,0.0286,7.578049,6.670732
07/31/2019 11:19:00.000000,0.149051,9.83375,0.0288,0.011221,6.854054
07/31/2019 11:20:00.000000,0.152369,9.86225,0.02995,0.018136,5.895
07/31/2019 11:21:00.000000,0.183956,13.5365,0.02815,10.371429,6.95
07/31/2019 11:22:00.000000,0.203634,19.55575,0.023825,6.538462,6.184615
07/31/2019 11:23:00.000000,0.203013,16.8055,0.02255,0.023634,7.210345
07/31/2019 11:24:00.000000,0.266361,15.0155,0.0231,0.022,7.130769
07/31/2019 11:25:00.000000,0.234972,12.5355,0.026975,0.010152,6.25
07/31/2019 11:26:00.000000,0.184646,12.07375,0.031425,10.45122,6.697561
07/31/2019 11:27:00.000000,0.177513,11.62375,0.03185,8.004762,6.714286
07/31/2019 11:28:00.000000,0.1558,11.162,0.03125,14.575,6.958333
07/31/2019 11:29:00.000000,0.15003,,,,
07/31/2019 11:30:00.000000,0.152536,10.33925,0.03,0.011352,7.022727
07/31/2019 11:31:00.000000,0.14492,9.965,0.03055,6.397872,6.065957
07/31/2019 11:32:00.000000,0.149205,9.5975,0.0309,10.030233,8.076744
07/31/2019 11:33:00.000000,0.147242,9.51075,0.031025,0.023895,6.871429
07/31/2019 11:34:00.000000,0.174666,9.45775,0.03195,11.25,6.772727
07/31/2019 11:35:00.000000,0.177456,9.38275,0.032225,0.013216,6.629268
07/31/2019 11:36:00.000000,0.193149,9.2925,0.03164,8.193103,7.065517
07/31/2019 11:37:00.000000,0.191165,9.11125,0.033233,9.806977,7.013953
07/31/2019 11:38:00.000000,0.183824,9.0265,0.0331,14.52,6.235
07/31/2019 11:39:00.000000,0.334299,8.83925,0.03265,0.013072,6.61
07/31/2019 11:40:00.000000,0.437881,8.51625,0.033425,13.1,6.614634
07/31/2019 11:41:00.000000,0.271455,8.15125,0.034625,0.016786,6.685366
07/31/2019 11:42:00.000000,0.162906,10.487,0.033675,11.12,6.615
07/31/2019 11:43:00.000000,0.146931,9.4535,0.032075,0.008105,5.828571
07/31/2019 11:44:00.000000,0.141783,9.92975,0.031875,0.010483,6.388372
07/31/2019 11:45:00.000000,0.141345,9.59425,0.031625,0.010855,6.671429
07/31/2019 11:46:00.000000,0.158866,9.4115,0.032125,10.825,6.19
07/31/2019 11:47:00.000000,0.171853,9.2965,0.032875,6.334146,5.602439
07/31/2019 11:48:00.000000,0.182167,9.134,0.034025,0.014371,6.52
07/31/2019 11:49:00.000000,0.170306,,,,
07/31/2019 11:50:00.000000,0.162482,8.87825,0.03285,0.012675,6.282927
07/31/2019 11:51:00.000000,0.170814,8.7225,0.033175,0.007837,5.963158
07/31/2019 11:52:00.000000,0.15607,10.044,0.0335,18.9375,6.58
07/31/2019 11:53:00.000000,0.198794,18.29375,0.02735,8.331707,6.529268
07/31/2019 11:54:00.000000,0.342084,13.9455,0.02525,0.010876,5.885366
07/31/2019 11:55:00.000000,0.300627,9.768,0.030125,0.011414,6.568293
07/31/2019 11:56:00.000000,0.20237,13.742,0.029825,26.771429,7.728571
07/31/2019 11:57:00.000000,0.204402,13.93675,0.027125,14.130769,6.546154
07/31/2019 11:58:00.000000,0.24784,12.50225,0.02795,0.013812,6.470732
07/31/2019 11:59:00.000000,0.222334,17.9355,0.02575,0.007857,5.985714
07/31/2019 12:00:00.000000,0.219675,16.27125,0.025,0.009181,6.588372
07/31/2019 12:01:00.000000,0.30789,14.98325,0.02695,0.020512,6.783721
07/31/2019 12:02:00.000000,0.314009,14.2165,0.027125,13.690244,7.312195
07/31/2019 12:03:00.000000,0.240892,14.6825,0.025775,12.05,6.805
07/31/2019 12:04:00.000000,0.259744,14.882,0.025125,7.225,6.36
07/31/2019 12:05:00.000000,0.26018,15.0815,0.0253,0.007258,5.871429
07/31/2019 12:06:00.000000,0.223907,15.40525,0.024525,11.393023,8.144186
07/31/2019 12:07:00.000000,0.373385,15.88025,0.023325,11.431579,7.336842
07/31/2019 12:08:00.000000,0.46546,15.99625,0.0239,0.024978,6.505
07/31/2019 12:09:00.000000,0.305157,,,,
07/31/2019 12:10:00.000000,0.244611,16.53775,0.0247,9.539535,6.783721
07/31/2019 12:11:00.000000,0.263464,16.313,0.02655,0.012685,7.705405
07/31/2019 12:12:00.000000,0.214424,16.0355,0.026875,0.007775,6.233333
07/31/2019 12:13:00.000000,0.18993,15.7035,0.02715,10.271429,6.5
07/31/2019 12:14:00.000000,0.17892,15.45225,0.026475,0.027976,7.116279
07/31/2019 12:15:00.000000,0.186346,15.30475,0.0248,11.066667,6.16
07/31/2019 12:16:00.000000,0.216075,15.54725,0.023225,0.023158,7.7
07/31/2019 12:17:00.000000,0.221172,15.807,0.021725,0.021504,8.586047
07/31/2019 12:18:00.000000,0.238048,16.44675,0.020225,0.012075,7.689474
07/31/2019 12:19:00.000000,0.333993,17.4695,0.018125,0.016862,7.073171
07/31/2019 12:20:00.000000,0.333408,18.53825,0.01705,11.394737,7.168421
07/31/2019 12:21:00.000000,0.293309,19.42275,0.018125,19.444444,7.113333
07/31/2019 12:22:00.000000,0.270779,25.79925,0.016725,0.019721,6.165
07/31/2019 12:23:00.000000,0.278224,22.216,0.01665,0.011822,6.946512
07/31/2019 12:24:00.000000,0.264136,22.0645,0.018075,10.233333,6.928571
07/31/2019 12:25:00.000000,0.260996,21.7305,0.01745,13.828571,9.042857
07/31/2019 12:26:00.000000,0.253674,21.464,0.018375,0.010346,7.180488
07/31/2019 12:27:00.000000,0.246137,21.5195,0.01785,0.028518,6.2
07/31/2019 12:28:00.000000,0.266163,21.6725,0.01635,20.168182,7.136364
07/31/2019 12:29:00.000000,0.287181,,,,
07/31/2019 12:30:00.000000,0.293932,22.3365,0.014925,0.014775,6.728571
07/31/2019 12:31:00.000000,0.295435,22.5995,0.0157,0.018152,6.315909
07/31/2019 12:32:00.000000,0.292778,26.2605,0.01575,13.9,7.061538
07/31/2019 12:33:00.000000,0.30291,26.308,0.0144,29.3,9.626667
07/31/2019 12:34:00.000000,0.338663,24.21275,0.015375,0.020877,7.6
07/31/2019 12:35:00.000000,0.383201,23.847,0.015875,65.642857,8.742857
07/31/2019 12:36:00.000000,0.405879,23.89425,0.0159,0.020134,7.895
07/31/2019 12:37:00.000000,0.356657,23.7035,0.017225,0.01238,7.014286
07/31/2019 12:38:00.000000,0.307674,23.59325,0.017375,12.309302,6.64186
07/31/2019 12:39:00.000000,0.306223,23.49375,0.016725,13.202326,6.934884
07/31/2019 12:40:00.000000,0.316425,23.30625,0.0165,0.033288,9.753488
07/31/2019 12:41:00.000000,0.315152,23.51575,0.01485,20.9,9.602439
07/31/2019 12:42:00.000000,0.319734,23.7235,0.014875,0.023407,6.832558
07/31/2019 12:43:00.000000,0.323281,23.80575,0.016675,0.013526,6.96
07/31/2019 12:44:00.000000,0.330398,23.66175,0.017725,0.021373,9.125
07/31/2019 12:45:00.000000,0.380419,23.6085,0.018425,30.183721,7.609302
07/31/2019 12:46:00.000000,0.35299,23.339,0.01905,23.209302,7.634884
07/31/2019 12:47:00.000000,0.318934,23.15325,0.01875,0.019995,8.822727
07/31/2019 12:48:00.000000,0.317608,23.16925,0.017425,0.019012,10.032558
07/31/2019 12:49:00.000000,0.328122,22.7765,0.017675,,
07/31/2019 12:50:00.000000,0.356945,22.2155,0.018975,0.046932,7.9
07/31/2019 12:51:00.000000,0.379744,21.6795,0.02025,25.240909,7.311364
07/31/2019 12:52:00.000000,0.337592,23.6365,0.02105,0.0191,8.475
07/31/2019 12:53:00.000000,0.309305,21.128,0.01965,30.565909,9.304545
07/31/2019 12:54:00.000000,0.330561,22.32625,0.017475,0.025955,8.805
07/31/2019 12:55:00.000000,0.39364,20.96575,0.01735,0.021803,9.553659
07/31/2019 12:56:00.000000,0.384778,21.113,0.01755,0.017664,9.116667
07/31/2019 12:57:00.000000,0.359492,21.46925,0.016225,0.017312,8.25
07/31/2019 12:58:00.000000,0.362294,21.793,0.017,20.595652,6.621739
07/31/2019 12:59:00.000000,0.367105,22.0615,0.017425,27.747368,9.010526
07/31/2019 13:00:00.000000,0.388977,22.32125,0.01695,18.830769,8.679487
07/31/2019 13:01:00.000000,0.439928,22.80725,0.0158,0.03446,6.98
07/31/2019 13:02:00.000000,0.444798,23.288,0.01625,0.027664,8.506977
07/31/2019 13:03:00.000000,0.409194,23.486,0.0174,0.042826,7.015
07/31/2019 13:04:00.000000,0.372788,23.547,0.017475,0.028952,9.453488
07/31/2019 13:05:00.000000,0.356004,23.48975,0.0168,0.022987,8.821951
07/31/2019 13:06:00.000000,0.363643,23.64325,0.015825,19.663158,8.339474
07/31/2019 13:07:00.000000,0.383151,23.8875,0.014975,0.027674,10.415385
07/31/2019 13:08:00.000000,0.394396,23.44975,0.014725,22.133333,9.066667
07/31/2019 13:09:00.000000,0.390562,26.14775,0.0143,23.05,9.318182
07/31/2019 13:10:00.000000,0.383742,25.21475,0.01495,28.771429,8.285714
07/31/2019 13:11:00.000000,0.382843,24.2625,0.01585,27.606977,6.25814
07/31/2019 13:12:00.000000,0.36187,25.09525,0.01555,0.028661,11.214286
07/31/2019 13:13:00.000000,0.34211,25.01275,0.0161,0.022811,7.453488
07/31/2019 13:14:00.000000,0.374061,27.073,0.015675,0.045642,8.561538
07/31/2019 13:15:00.000000,0.588506,28.2305,0.01345,27.245455,8.311364
07/31/2019 13:16:00.000000,0.566679,26.94625,0.01345,18.606383,10.582979
07/31/2019 13:17:00.000000,0.452212,25.12075,0.016025,0.03393,7.35122
07/31/2019 13:18:00.000000,0.394394,25.203,0.016,0.046816,11.571429
07/31/2019 13:19:00.000000,0.359626,25.3255,0.01515,24.974359,9.776923
07/31/2019 13:20:00.000000,0.359006,25.55575,0.0146,26.160976,8.190244
07/31/2019 13:21:00.000000,0.359596,25.594,0.0147,0.031228,7.661538
07/31/2019 13:22:00.000000,0.350529,25.5125,0.01585,0.031394,7.258537
07/31/2019 13:23:00.000000,0.332355,25.29725,0.017325,27.17907,7.974419
07/31/2019 13:24:00.000000,0.318012,25.111,0.01725,21.2,8.015
07/31/2019 13:25:00.000000,0.342232,25.06075,0.01645,17.648837,7.483721
07/31/2019 13:26:00.000000,0.373414,24.902,0.016025,0.042493,10.657143
07/31/2019 13:27:00.000000,0.357194,24.7485,0.016,0.038108,7.646154
07/31/2019 13:28:00.000000,0.336589,24.56375,0.015625,0.053654,7.504545
07/31/2019 13:29:00.000000,0.341825,24.542,0.0155,26.463415,10.673171
07/31/2019 13:30:00.000000,0.357946,24.743,0.015175,0.023729,8.214634
07/31/2019 13:31:00.000000,0.370796,24.9965,0.01575,28.29,8.96
07/31/2019 13:32:00.000000,0.355542,24.98725,0.017325,0.018298,7.914286
07/31/2019 13:33:00.000000,0.333747,24.863,0.017275,17.877273,10.290909
07/31/2019 13:34:00.000000,0.326601,24.64075,0.01805,0.020654,9.642857
07/31/2019 13:35:00.000000,0.326873,24.24125,0.019325,0.020654,6.995455
07/31/2019 13:36:00.000000,0.343223,23.81375,0.01955,0.038941,8.136585
07/31/2019 13:37:00.000000,0.311452,23.5355,0.01855,18.971429,9.0
07/31/2019 13:38:00.000000,0.298975,23.2105,0.017675,33.470732,11.57561
07/31/2019 13:39:00.000000,0.302893,22.86575,0.017733,0.147678,7.285714
07/31/2019 13:40:00.000000,0.297116,22.68,0.017875,50.602381,7.957143
07/31/2019 13:41:00.000000,0.291352,22.63625,0.0173,27.85122,7.687805
07/31/2019 13:42:00.000000,0.305392,22.68925,0.017975,0.015111,7.005
07/31/2019 13:43:00.000000,0.313906,22.8765,0.01795,10.214286,6.642857
07/31/2019 13:44:00.000000,0.332775,22.987,0.018075,0.068837,6.761111
07/31/2019 13:45:00.000000,0.343058,23.263,0.016275,0.040685,9.564865
07/31/2019 13:46:00.000000,0.393416,23.63675,0.015075,0.031945,10.78
07/31/2019 13:47:00.000000,0.414409,24.08,0.01615,34.084615,9.341026
07/31/2019 13:48:00.000000,0.428756,24.555,0.01562,30.86129,8.225806
07/31/2019 13:49:00.000000,0.436645,24.671,0.0171,47.022727,9.881818
07/31/2019 13:50:00.000000,0.427516,25.003,0.016533,0.040248,8.265909
07/31/2019 13:51:00.000000,0.463452,25.37225,0.01495,33.153846,8.323077
07/31/2019 13:52:00.000000,0.499701,25.926,0.014925,24.514286,8.483333
07/31/2019 13:53:00.000000,0.544142,27.67375,0.014775,0.030665,6.785714
07/31/2019 13:54:00.000000,0.672934,30.008,0.01285,20.858537,8.036585
07/31/2019 13:55:00.000000,0.588636,26.4245,0.014425,27.114634,7.958537
07/31/2019 13:56:00.000000,0.531206,26.17775,0.01605,17.838461,7.376923
07/31/2019 13:57:00.000000,0.61677,29.328,0.014125,0.057354,7.814286
07/31/2019 13:58:00.000000,0.529979,26.101,0.0141,0.038224,8.135714
07/31/2019 13:59:00.000000,0.425334,25.9505,0.016125,23.306977,7.511628
07/31/2019 14:00:00.000000,0.398181,27.919,0.015525,0.050596,7.4
07/31/2019 14:01:00.000000,0.422762,29.3765,0.014525,40.933333,7.153846
07/31/2019 14:02:00.000000,0.65764,29.19675,0.01445,0.045632,7.402439
07/31/2019 14:03:00.000000,0.772717,29.13725,0.0138,40.111765,8.629412
07/31/2019 14:04:00.000000,0.812702,28.9855,0.01405,0.040142,8.858824
07/31/2019 14:05:00.000000,0.716728,28.98375,0.0136,0.0417,7.9
07/31/2019 14:06:00.000000,0.526005,29.05,0.01304,34.29375,7.98125
07/31/2019 14:07:00.000000,0.455866,29.549,0.013567,0.050173,10.321429
07/31/2019 14:08:00.000000,0.452515,30.145,0.0127,0.050887,7.509375
07/31/2019 14:09:00.000000,0.479098,30.01275,0.012675,0.022649,7.27561
07/31/2019 14:10:00.000000,0.462015,27.786,0.013875,0.034414,6.736585
07/31/2019 14:11:00.000000,0.444467,27.6915,0.01445,22.836842,6.363158
07/31/2019 14:12:00.000000,0.457964,27.86975,0.0138,0.022867,7.85
07/31/2019 14:13:00.000000,0.556184,28.32325,0.013025,0.048842,8.142857
07/31/2019 14:14:00.000000,0.675433,28.5305,0.013375,43.352941,6.688235
07/31/2019 14:15:00.000000,0.682082,28.771,0.013075,37.48,8.9025
07/31/2019 14:16:00.000000,1.435389,29.051,0.012925,0.039632,8.652632
07/31/2019 14:17:00.000000,1.556888,29.34075,0.013225,0.042786,7.704545
07/31/2019 14:18:00.000000,0.941587,29.6795,0.0136,0.039274,7.816279
07/31/2019 14:19:00.000000,0.750965,29.87725,0.01315,25.329268,6.807317
07/31/2019 14:20:00.000000,0.830467,30.08425,0.012125,0.027283,6.653846
07/31/2019 14:21:00.000000,0.910222,29.89425,0.012525,0.03216,8.73
07/31/2019 14:22:00.000000,0.737123,29.9465,0.013,0.033895,7.5
07/31/2019 14:23:00.000000,0.728246,29.82775,0.013975,25.841463,7.126829
07/31/2019 14:24:00.000000,0.644342,29.7065,0.014175,0.04005,7.8975
07/31/2019 14:25:00.000000,0.585135,29.57975,0.01365,23.0,8.335714
07/31/2019 14:26:00.000000,0.659783,29.47875,0.01345,0.0504,8.706977
07/31/2019 14:27:00.000000,0.848639,29.53925,0.01325,41.113514,7.059459
07/31/2019 14:28:00.000000,0.794599,29.29675,0.0136,33.44,5.9575
07/31/2019 14:29:00.000000,0.661241,28.838,0.014675,27.426316,6.581579
07/31/2019 14:30:00.000000,0.583383,28.60725,0.013975,0.039919,8.446512
07/31/2019 14:31:00.000000,0.603584,28.54625,0.0136,0.019902,7.789474
07/31/2019 14:32:00.000000,0.600046,28.55875,0.014925,33.264706,8.314706
07/31/2019 14:33:00.000000,0.610169,28.5985,0.01476,18.867742,8.780645
07/31/2019 14:34:00.000000,0.534402,25.54825,0.015467,23.272093,6.744186
07/31/2019 14:35:00.000000,0.495898,29.08775,0.014,0.053876,6.580952
07/31/2019 14:36:00.000000,0.637668,30.37525,0.011925,0.038537,7.331579
07/31/2019 14:37:00.000000,0.64413,36.05975,0.01355,0.028749,7.742857
07/31/2019 14:38:00.000000,0.590789,31.69325,0.01485,27.472093,8.195349
07/31/2019 14:39:00.000000,0.579492,27.063,0.016,0.037334,8.216279
07/31/2019 14:40:00.000000,0.575847,29.11,0.01555,0.038268,9.195122
07/31/2019 14:41:00.000000,0.5684,27.47975,0.015025,25.4,6.142857
07/31/2019 14:42:00.000000,0.512323,26.65875,0.01715,0.040476,5.771429
07/31/2019 14:43:00.000000,0.477892,26.59025,0.01805,23.468293,5.717073
07/31/2019 14:44:00.000000,0.502897,26.6065,0.01695,0.019498,6.18
07/31/2019 14:45:00.000000,0.62027,26.381667,0.017825,0.021346,7.313333
07/31/2019 14:46:00.000000,0.556134,26.03175,0.019425,45.284615,7.415385
07/31/2019 14:47:00.000000,0.507035,26.324,0.018275,34.682222,12.086667
07/31/2019 14:48:00.000000,0.569249,27.291,0.0166,0.03073,8.205263
07/31/2019 14:49:00.000000,0.578261,22.277,0.02,0.022351,7.44
07/31/2019 14:50:00.000000,0.504135,29.64775,0.018875,12.457895,6.653846
07/31/2019 14:51:00.000000,0.617092,37.867,0.016275,0.029037,10.210526
07/31/2019 14:52:00.000000,0.727344,22.51425,0.020725,13.9,5.971429
07/31/2019 14:53:00.000000,0.70356,19.3025,0.02365,0.041927,4.926667
07/31/2019 14:54:00.000000,0.494016,22.4505,0.02455,51.45,4.985
07/31/2019 14:55:00.000000,0.423438,21.21975,0.023675,0.033027,5.95
07/31/2019 14:56:00.000000,0.509653,19.02075,0.0243,18.454286,9.208571
07/31/2019 14:57:00.000000,0.493653,17.94925,0.02565,0.0329,7.84878
07/31/2019 14:58:00.000000,0.52599,19.9105,0.02655,0.033728,6.653488
07/31/2019 14:59:00.000000,0.529994,14.00325,0.029025,40.129268,6.585366
07/31/2019 15:00:00.000000,0.593738,13.74675,0.029175,0.043698,5.168421
07/31/2019 15:01:00.000000,0.532735,13.02675,0.0299,18.9,5.728571
07/31/2019 15:02:00.000000,0.586496,14.04575,0.0295,0.013279,5.741026
07/31/2019 15:03:00.000000,0.695563,14.0835,0.0292,9.495238,4.740476
07/31/2019 15:04:00.000000,0.690925,14.213,0.02865,0.014764,6.231579
07/31/2019 15:05:00.000000,0.496551,14.3335,0.0287,16.533333,7.035714
07/31/2019 15:06:00.000000,0.39215,14.60225,0.028925,0.01837,5.6275
07/31/2019 15:07:00.000000,0.356163,15.0765,0.02765,13.56,5.975
07/31/2019 15:08:00.000000,0.361166,15.4605,0.027375,0.040198,7.258537
07/31/2019 15:09:00.000000,0.388934,17.654,0.02625,24.514286,6.185714
07/31/2019 15:10:00.000000,0.462121,20.1885,0.02435,0.04444,6.276923
07/31/2019 15:11:00.000000,0.471697,15.9225,0.0271,12.035294,4.641176
07/31/2019 15:12:00.000000,0.399815,14.19125,0.029275,0.01468,5.589189
07/31/2019 15:13:00.000000,0.414158,16.60875,0.0278,28.3,6.3625
07/31/2019 15:14:00.000000,0.484632,15.38025,0.0289,0.048617,5.038462
07/31/2019 15:15:00.000000,0.455356,15.2985,0.0306,17.32439,4.834146
07/31/2019 15:16:00.000000,0.394822,17.50275,0.03055,0.023435,7.438462
07/31/2019 15:17:00.000000,0.508606,20.87575,0.029875,19.878571,6.142857
07/31/2019 15:18:00.000000,0.685093,13.159,0.0322,0.015517,4.155814
07/31/2019 15:19:00.000000,0.467081,14.37,0.033325,0.006622,4.028947
07/31/2019 15:20:00.000000,0.311061,14.167,0.033675,14.95,5.34
07/31/2019 15:21:00.000000,0.272216,14.07025,0.03505,13.277778,5.466667
07/31/2019 15:22:00.000000,0.269569,13.7925,0.035025,0.030108,5.636842
07/31/2019 15:23:00.000000,0.30748,14.7135,0.031975,15.4,5.384211
07/31/2019 15:24:00.000000,0.427686,13.895,0.033,18.502128,4.814894
07/31/2019 15:25:00.000000,0.354322,13.11975,0.0352,19.410526,5.271053
07/31/2019 15:26:00.000000,0.316569,13.89475,0.0346,0.020079,6.590698
07/31/2019 15:27:00.000000,0.337011,14.90175,0.0335,0.028639,7.225
07/31/2019 15:28:00.000000,0.372532,15.29925,0.034075,0.025743,6.165854
07/31/2019 15:29:00.000000,0.524249,17.3095,0.033,0.028298,5.725
07/31/2019 15:30:00.000000,0.808491,14.25625,0.0342,0.018674,4.8
07/31/2019 15:31:00.000000,0.486672,12.35625,0.036675,0.016608,7.463158
07/31/2019 15:32:00.000000,0.313564,13.696,0.035425,0.007559,5.178378
07/31/2019 15:33:00.000000,0.314897,13.6935,0.0356,0.022704,5.6
07/31/2019 15:34:00.000000,0.320163,13.54575,0.036075,19.557447,5.9
07/31/2019 15:35:00.000000,0.366302,17.76125,0.03435,0.035668,7.669231
07/31/2019 15:36:00.000000,0.44307,14.958,0.034175,21.617391,9.452174
07/31/2019 15:37:00.000000,0.364649,15.7355,0.035875,17.454054,5.989189
07/31/2019 15:38:00.000000,0.36431,16.7495,0.03575,22.307317,5.802439
07/31/2019 15:39:00.000000,0.376571,16.52075,0.03495,40.64186,5.683721
07/31/2019 15:40:00.000000,0.321914,17.855,0.032175,23.809524,5.05
07/31/2019 15:41:00.000000,0.473082,23.261,0.0319,23.609756,5.382927
07/31/2019 15:42:00.000000,0.446012,17.59,0.0333,27.652632,5.5
07/31/2019 15:43:00.000000,0.331319,17.22675,0.0343,29.382609,7.378261
07/31/2019 15:44:00.000000,0.475276,22.649,0.033825,34.571428,5.414286
07/31/2019 15:45:00.000000,0.495177,13.99075,0.03485,28.385366,5.865854
07/31/2019 15:46:00.000000,0.356787,16.14875,0.0351,0.020497,5.782051
07/31/2019 15:47:00.000000,0.282468,11.5535,0.039,0.033406,8.005128
07/31/2019 15:48:00.000000,0.250051,19.89475,0.04005,42.639024,6.770732
07/31/2019 15:49:00.000000,0.330274,12.88825,0.0408,0.027294,7.514286
07/31/2019 15:50:00.000000,0.266989,8.974,0.044375,0.053561,6.422222
07/31/2019 15:51:00.000000,0.217488,6.36775,0.04585,16.483333,5.75
07/31/2019 15:52:00.000000,0.298224,8.66025,0.0451,0.041015,6.4
07/31/2019 15:53:00.000000,0.445554,13.9675,0.039675,0.023575,6.768421
07/31/2019 15:54:00.000000,0.272908,10.2665,0.040125,19.823256,6.130233
07/31/2019 15:55:00.000000,0.198433,9.40375,0.044275,21.476923,6.507692
07/31/2019 15:56:00.000000,0.208398,9.17475,0.04345,0.048539,5.777778
07/31/2019 15:57:00.000000,0.244354,7.313,0.04475,44.992308,5.025641
07/31/2019 15:58:00.000000,0.241963,7.49225,0.0458,0.027401,5.575556
07/31/2019 15:59:00.000000,0.230477,7.9205,0.045625,25.97561,7.017073
07/31/2019 16:00:00.000000,0.23278,8.31275,0.045725,9.5875,4.48
07/31/2019 16:01:00.000000,0.206548,8.1705,0.046575,15.5,4.255
07/31/2019 16:02:00.000000,0.085269,7.8815,0.04785,0.016949,5.653846
07/31/2019 16:03:00.000000,0.051318,7.573,0.048625,0.01785,5.642857
07/31/2019 16:04:00.000000,0.004492,7.348,0.047975,0.015752,5.514286
07/31/2019 16:05:00.000000,0.001076,7.22025,0.0473,0.018253,4.270732
07/31/2019 16:06:00.000000,0.003278,7.08375,0.047475,18.1,5.375
07/31/2019 16:07:00.000000,-9999.0,11.6805,0.0445,0.023553,6.197561
07/31/2019 16:08:00.000000,0.001252,8.0035,0.046075,6.08,4.442222
07/31/2019 16:09:00.000000,0.007034,5.055,0.04985,0.005172,3.929268
07/31/2019 16:10:00.000000,-9999.0,10.03825,0.04755,19.230769,5.761538
07/31/2019 16:11:00.000000,-9999.0,15.926,0.044575,15.15122,4.819512
07/31/2019 16:12:00.000000,0.047795,7.18325,0.046975,13.517073,4.173171
07/31/2019 16:13:00.000000,0.162543,5.21975,0.04985,17.526829,5.978049
07/31/2019 16:14:00.000000,0.1936,8.04975,0.04915,5.23,4.025
07/31/2019 16:15:00.000000,0.184762,9.443,0.04885,13.867442,5.506977
07/31/2019 16:16:00.000000,0.185606,9.14275,0.048525,0.013239,6.223077
07/31/2019 16:17:00.000000,0.222792,6.56575,0.048525,10.968293,6.812195
07/31/2019 16:18:00.000000,0.248368,10.5885,0.047325,77.326667,5.426667
07/31/2019 16:19:00.000000,0.231932,9.18275,0.045825,34.990909,6.840909
07/31/2019 16:20:00.000000,0.309881,11.95575,0.044775,19.568293,7.431707
07/31/2019 16:21:00.000000,0.272914,12.2785,0.045425,26.811111,7.413333
07/31/2019 16:22:00.000000,0.226175,11.23025,0.0454,19.534146,7.058537
07/31/2019 16:23:00.000000,0.215731,11.75025,0.044975,0.06692,6.15
07/31/2019 16:24:00.000000,0.273407,11.85075,0.044675,41.739286,9.664286
07/31/2019 16:25:00.000000,0.267375,11.9845,0.045,0.037745,6.616279
07/31/2019 16:26:00.000000,0.202088,16.53425,0.044125,0.042234,8.82
07/31/2019 16:27:00.000000,0.273515,20.308,0.040175,0.047043,8.871429
07/31/2019 16:28:00.000000,0.412822,11.2335,0.042925,0.032637,10.434884
07/31/2019 16:29:00.000000,0.276446,11.96625,0.047225,0.050569,9.456098
07/31/2019 16:30:00.000000,0.218513,14.175,0.046,0.032851,8.530233
07/31/2019 16:31:00.000000,0.244411,12.8135,0.0455,31.946341,7.258537
07/31/2019 16:32:00.000000,0.281488,12.5285,0.047225,42.561538,6.338462
07/31/2019 16:33:00.000000,0.239613,11.7925,0.046675,0.045639,8.163415
07/31/2019 16:34:00.000000,0.22476,12.13275,0.0462,0.027943,5.757143
07/31/2019 16:35:00.000000,0.217643,11.2485,0.047475,20.004545,5.215909
07/31/2019 16:36:00.000000,0.234552,12.694,0.049425,23.8,8.716279
07/31/2019 16:37:00.000000,0.31035,8.1975,0.049975,0.030786,8.281395
07/31/2019 16:38:00.000000,0.367987,5.718,0.0519,0.020787,7.322727
07/31/2019 16:39:00.000000,0.23439,9.74625,0.0512,22.040909,5.472727
07/31/2019 16:40:00.000000,0.194349,12.4565,0.04845,20.195349,5.974419
07/31/2019 16:41:00.000000,0.24308,11.04825,0.0474,0.021973,8.157143
07/31/2019 16:42:00.000000,0.23349,9.334,0.049125,0.021415,9.089474
07/31/2019 16:43:00.000000,0.228987,9.338,0.04955,0.058227,8.69
07/31/2019 16:44:00.000000,0.233244,10.17,0.048225,36.083721,8.6
07/31/2019 16:45:00.000000,0.22384,14.0865,0.04795,0.039005,8.093333
07/31/2019 16:46:00.000000,0.214382,13.82175,0.0483,67.027907,9.67907
07/31/2019 16:47:00.000000,0.26853,11.90125,0.049275,39.585714,10.15
07/31/2019 16:48:00.000000,0.297404,11.74475,0.050475,0.045127,8.126829
07/31/2019 16:49:00.000000,0.312677,12.194,0.0509,0.049252,9.45
07/31/2019 16:50:00.000000,0.279708,12.2235,0.0509,28.487805,10.995122
07/31/2019 16:51:00.000000,0.246237,12.006,0.05155,0.021452,8.735
07/31/2019 16:52:00.000000,0.250912,11.7125,0.0522,0.025232,6.692308
07/31/2019 16:53:00.000000,0.394554,11.6805,0.05105,0.051463,6.907692
07/31/2019 16:54:00.000000,0.432835,11.80125,0.050825,40.576923,10.035897
07/31/2019 16:55:00.000000,0.294749,17.916,0.0478,0.069432,10.87
07/31/2019 16:56:00.000000,0.288584,10.26425,0.046325,0.046281,8.813043
07/31/2019 16:57:00.000000,0.305974,7.98675,0.05055,0.059173,10.739024
07/31/2019 16:58:00.000000,0.249828,7.7735,0.053825,0.035215,9.761538
07/31/2019 16:59:00.000000,0.19185,8.13575,0.054125,0.049127,10.091111
07/31/2019 17:00:00.000000,0.191735,8.46475,0.0531,0.049615,11.215385
07/31/2019 17:01:00.000000,0.209728,8.62325,0.05285,30.342857,10.8
07/31/2019 17:02:00.000000,0.21325,8.707,0.0537,38.307317,9.334146
07/31/2019 17:03:00.000000,0.219017,8.9095,0.053625,0.060341,11.425
07/31/2019 17:04:00.000000,0.25539,9.0532,0.0523,0.049891,9.42
07/31/2019 17:05:00.000000,0.233723,9.006,0.052775,38.834884,6.404651
07/31/2019 17:06:00.000000,0.351126,9.891,0.0519,0.072752,7.613158
07/31/2019 17:07:00.000000,0.568147,14.7988,0.04914,46.177273,6.618182
07/31/2019 17:08:00.000000,0.425934,15.651,0.048625,28.007895,8.589474
07/31/2019 17:09:00.000000,0.443833,,,,
07/31/2019 17:10:00.000000,0.367151,11.44,0.051425,0.037412,9.615385
07/31/2019 17:11:00.000000,0.326474,11.3415,0.0513,0.036837,8.092683
07/31/2019 17:12:00.000000,0.28278,10.014,0.051,22.246341,5.921951
07/31/2019 17:13:00.000000,0.302243,9.8015,0.052425,31.147368,8.463158
07/31/2019 17:14:00.000000,0.189432,9.619,0.053025,0.031237,10.2
07/31/2019 17:15:00.000000,0.185247,9.493,0.05295,0.031078,8.676923
07/31/2019 17:16:00.000000,0.3131,9.152,0.05435,41.985366,8.385366
07/31/2019 17:17:00.000000,0.242433,8.868,0.054825,0.028419,7.21
07/31/2019 17:18:00.000000,0.215816,8.43825,0.054425,31.59,8.785
07/31/2019 17:19:00.000000,0.198229,10.52425,0.0532,0.036733,9.95
07/31/2019 17:20:00.000000,0.205637,9.131,0.0519,0.06088,7.635
07/31/2019 17:21:00.000000,0.185821,9.04,0.052475,0.048563,7.8
07/31/2019 17:22:00.000000,0.161379,12.3155,0.051775,0.048723,10.034146
07/31/2019 17:23:00.000000,0.187708,10.10775,0.05285,0.039779,10.912195
07/31/2019 17:24:00.000000,0.207112,13.25975,0.0517,0.037645,10.065
07/31/2019 17:25:00.000000,0.246034,10.99175,0.0523,0.049268,9.813636
07/31/2019 17:26:00.000000,0.251525,10.71675,0.0537,32.937209,10.402326
07/31/2019 17:27:00.000000,0.204674,12.08075,0.053775,0.039822,10.821951
07/31/2019 17:28:00.000000,0.170478,8.50175,0.05445,25.62619,10.042857
07/31/2019 17:29:00.000000,0.209988,,,,
07/31/2019 17:30:00.000000,0.205553,8.68825,0.056225,0.046754,10.692683
07/31/2019 17:31:00.000000,0.215224,10.02075,0.05665,0.075202,11.697436
07/31/2019 17:32:00.000000,0.314658,9.932,0.05845,38.67619,8.114286
07/31/2019 17:33:00.000000,0.232526,9.65025,0.05875,36.202326,8.504651
07/31/2019 17:34:00.000000,0.209006,9.35825,0.0591,0.032915,8.453846
07/31/2019 17:35:00.000000,0.230839,11.925,0.0567,28.725,10.95
07/31/2019 17:36:00.000000,0.261816,10.293,0.056925,41.174419,12.572093
07/31/2019 17:37:00.000000,0.235384,7.81725,0.0605,42.331707,10.229268
07/31/2019 17:38:00.000000,0.236364,9.2145,0.059425,39.695454,8.490909
07/31/2019 17:39:00.000000,0.296845,15.37225,0.0567,0.066228,8.982927
07/31/2019 17:40:00.000000,0.24268,6.992,0.0601,0.041538,10.504878
07/31/2019 17:41:00.000000,0.168657,7.644,0.062,0.080475,9.007692
07/31/2019 17:42:00.000000,0.175701,9.216,0.05965,0.077757,8.865854
07/31/2019 17:43:00.000000,0.192952,12.0985,0.058925,27.9,7.795
07/31/2019 17:44:00.000000,0.211586,13.0995,0.05655,0.046571,9.734146
07/31/2019 17:45:00.000000,0.257081,13.01675,0.05495,0.037122,11.63
07/31/2019 17:46:00.000000,0.332617,8.226,0.05885,0.050739,9.192308
07/31/2019 17:47:00.000000,0.29116,9.143,0.06125,0.046057,10.071429
07/31/2019 17:48:00.000000,0.259049,9.92075,0.06155,0.050696,7.909756
07/31/2019 17:49:00.000000,0.220566,10.4325,0.05975,0.047043,9.9
07/31/2019 17:50:00.000000,0.262481,11.07075,0.056325,52.861905,10.128571
07/31/2019 17:51:00.000000,0.275839,11.4615,0.05685,51.135714,10.614286
07/31/2019 17:52:00.000000,0.2348,11.268,0.060625,62.669048,9.071429
07/31/2019 17:53:00.000000,0.198369,11.0365,0.06275,51.525,10.075
07/31/2019 17:54:00.000000,0.189291,10.877,0.0624,0.065073,10.038462
07/31/2019 17:55:00.000000,0.201164,12.475,0.060125,37.45,9.04
07/31/2019 17:56:00.000000,0.193042,17.89725,0.0559,37.90303,8.993939
07/31/2019 17:57:00.000000,0.196401,21.9455,0.05435,31.569048,8.911905
07/31/2019 17:58:00.000000,0.257545,17.85725,0.05435,0.067954,8.305
07/31/2019 17:59:00.000000,0.362145,11.20875,0.058825,0.044666,7.618182
07/31/2019 18:00:00.000000,0.370217,16.579,0.05595,0.045954,10.646154
07/31/2019 18:01:00.000000,0.318686,6.7375,0.05675,38.325,9.84
07/31/2019 18:02:00.000000,0.260007,11.7275,0.05845,0.030886,8.0
07/31/2019 18:03:00.000000,0.217703,9.00425,0.060925,0.048446,9.340909
07/31/2019 18:04:00.000000,0.217956,6.835,0.063175,0.040965,8.0
07/31/2019 18:05:00.000000,0.1842,19.2345,0.059925,51.514286,8.557143
07/31/2019 18:06:00.000000,0.401898,20.98975,0.055325,34.275,8.02
07/31/2019 18:07:00.000000,1.173909,8.91325,0.060725,0.052948,9.77
07/31/2019 18:08:00.000000,0.599287,8.4665,0.064225,0.065562,8.661538
07/31/2019 18:09:00.000000,0.228611,,,,
07/31/2019 18:10:00.000000,0.218209,13.63075,0.060525,0.044731,7.465116
07/31/2019 18:11:00.000000,0.212232,13.13575,0.06135,0.035549,8.395122
07/31/2019 18:12:00.000000,0.20491,12.34075,0.0643,0.034856,8.6
07/31/2019 18:13:00.000000,0.178144,11.930667,0.064125,30.165789,9.357895
07/31/2019 18:14:00.000000,0.168567,11.1505,0.063825,0.03976,7.686364
07/31/2019 18:15:00.000000,0.167023,14.21075,0.06315,0.046161,9.818182
07/31/2019 18:16:00.000000,0.160819,14.30825,0.0626,0.030702,9.085714
07/31/2019 18:17:00.000000,0.171147,8.73,0.063225,26.204878,9.839024
07/31/2019 18:18:00.000000,0.216288,17.11475,0.06105,39.15,9.7375
07/31/2019 18:19:00.000000,0.226991,10.3805,0.062425,39.9925,8.545
07/31/2019 18:20:00.000000,0.194097,9.408,0.0645,0.032755,8.216667
07/31/2019 18:21:00.000000,0.212125,8.19975,0.065175,0.057317,10.085714
07/31/2019 18:22:00.000000,0.250994,7.73375,0.06635,0.043724,8.316667
07/31/2019 18:23:00.000000,0.178801,7.36625,0.066075,0.036648,8.15814
07/31/2019 18:24:00.000000,0.176176,7.06625,0.065,0.034498,9.033333
07/31/2019 18:25:00.000000,0.177799,11.2965,0.06055,0.03624,6.576923
07/31/2019 18:26:00.000000,0.204577,12.1255,0.0515,47.35122,9.914634
07/31/2019 18:27:00.000000,0.393905,11.8595,0.064575,0.051166,6.918182
07/31/2019 18:28:00.000000,0.457317,7.14575,0.06695,0.023335,7.48
07/31/2019 18:29:00.000000,0.207546,6.51725,0.0677,0.060113,8.2
07/31/2019 18:30:00.000000,0.150451,6.5225,0.068325,31.914634,8.726829
07/31/2019 18:31:00.000000,0.152918,6.511,0.0678,33.827273,10.268182
07/31/2019 18:32:00.000000,0.175308,6.91975,0.066475,26.931707,9.817073
07/31/2019 18:33:00.000000,0.221961,11.72475,0.063375,43.659524,11.157143
07/31/2019 18:34:00.000000,0.390475,11.68825,0.062425,28.657143,6.942857
07/31/2019 18:35:00.000000,0.575772,7.416,0.066975,20.8,9.033333
07/31/2019 18:36:00.000000,0.317998,9.0895,0.0687,0.042627,11.433333
07/31/2019 18:37:00.000000,0.225121,10.099,0.065633,0.046762,8.116279
07/31/2019 18:38:00.000000,0.205579,10.4125,0.062825,33.495,9.4625
07/31/2019 18:39:00.000000,0.252072,13.635,0.063,29.904762,7.071429
07/31/2019 18:40:00.000000,0.30732,13.53075,0.063475,0.040807,6.513636
07/31/2019 18:41:00.000000,0.275725,9.43525,0.06575,0.032516,8.54
07/31/2019 18:42:00.000000,0.322834,10.94075,0.065,0.044855,11.439535
07/31/2019 18:43:00.000000,0.323367,11.1405,0.0646,0.053781,8.686111
07/31/2019 18:44:00.000000,0.264562,11.03075,0.068525,0.042788,6.542857
07/31/2019 18:45:00.000000,0.271238,9.27425,0.071,0.038374,8.448649
07/31/2019 18:46:00.000000,0.226692,6.4375,0.07185,0.066271,11.775
07/31/2019 18:47:00.000000,0.179788,10.59475,0.071275,0.043348,10.197727
07/31/2019 18:48:00.000000,0.181965,25.78675,0.0687,0.058803,8.07907
07/31/2019 18:49:00.000000,0.209368,9.912,0.06865,49.904651,6.739535
07/31/2019 18:50:00.000000,0.221691,7.76275,0.07105,0.064003,6.343902
07/31/2019 18:51:00.000000,0.19596,8.237,0.07085,0.062684,8.595
07/31/2019 18:52:00.000000,0.187115,10.16825,0.069325,0.047115,10.885714
07/31/2019 18:53:00.000000,0.201665,10.52525,0.068825,0.048216,8.069231
07/31/2019 18:54:00.000000,0.211169,10.79675,0.0698,0.042128,7.111429
07/31/2019 18:55:00.000000,0.20514,10.80575,0.070725,100.77,6.59
07/31/2019 18:56:00.000000,0.235519,13.584,0.069025,0.075456,9.928571
07/31/2019 18:57:00.000000,0.28025,8.9325,0.068975,0.076072,7.682927
07/31/2019 18:58:00.000000,0.218383,9.14075,0.06355,23.669048,6.685714
07/31/2019 18:59:00.000000,0.229075,10.61975,0.068375,42.133333,7.683333
07/31/2019 19:00:00.000000,0.229851,9.70025,0.069475,24.34878,7.643902
07/31/2019 19:01:00.000000,0.203352,8.196,0.07185,45.711628,9.32093
07/31/2019 19:02:00.000000,0.18101,8.02575,0.074125,0.037645,9.005
07/31/2019 19:03:00.000000,0.166518,7.90825,0.07495,0.043044,10.265854
07/31/2019 19:04:00.000000,0.173827,10.11775,0.070125,44.2,9.65
07/31/2019 19:05:00.000000,0.200421,14.726,0.066875,0.034983,7.833333
07/31/2019 19:06:00.000000,0.212993,10.1265,0.0714,50.245455,8.622727
07/31/2019 19:07:00.000000,0.245448,9.024,0.07235,49.709091,10.009091
07/31/2019 19:08:00.000000,0.224792,11.00875,0.071725,0.066325,9.195349
07/31/2019 19:09:00.000000,0.237622,17.39725,0.069725,0.052501,6.332558
07/31/2019 19:10:00.000000,0.30301,15.62675,0.06945,0.057963,7.155814
07/31/2019 19:11:00.000000,0.268196,14.071,0.0711,38.228571,8.685714
07/31/2019 19:12:00.000000,0.302017,14.606,0.066675,0.069531,8.042857
07/31/2019 19:13:00.000000,0.339336,14.54575,0.06745,0.051297,11.485366
07/31/2019 19:14:00.000000,0.311582,13.2135,0.069225,0.033236,10.034884
07/31/2019 19:15:00.000000,0.260963,14.0915,0.0717,41.672727,8.522727
07/31/2019 19:16:00.000000,0.21279,16.9395,0.071075,0.080684,9.7025
07/31/2019 19:17:00.000000,0.234413,12.776,0.071375,0.035091,7.14
07/31/2019 19:18:00.000000,0.214048,9.09775,0.075675,0.047722,8.757143
07/31/2019 19:19:00.000000,0.187818,10.28375,0.076225,0.033017,7.293023
07/31/2019 19:20:00.000000,0.230706,13.3645,0.074275,0.031898,9.323256
07/31/2019 19:21:00.000000,0.312169,11.937,0.07305,33.071428,8.671429
07/31/2019 19:22:00.000000,0.319998,10.25875,0.07655,0.072834,14.638636
07/31/2019 19:23:00.000000,0.222813,10.18025,0.078,46.085,12.995
07/31/2019 19:24:00.000000,0.181807,10.905,0.078075,0.040211,7.761538
07/31/2019 19:25:00.000000,0.1771,10.4925,0.077575,24.881395,9.662791
07/31/2019 19:26:00.000000,0.204105,10.62875,0.0734,31.506977,8.816279
07/31/2019 19:27:00.000000,0.296774,10.556,0.074425,34.322727,13.163636
07/31/2019 19:28:00.000000,0.246207,10.25375,0.07765,41.593333,7.566667
07/31/2019 19:29:00.000000,0.208628,9.84125,0.07835,68.785714,6.828571
07/31/2019 19:30:00.000000,0.203495,9.46,0.0782,46.765116,10.772093
07/31/2019 19:31:00.000000,0.217421,9.3965,0.0759,36.45122,8.668293
07/31/2019 19:32:00.000000,0.244703,9.433,0.075775,0.059454,7.945
07/31/2019 19:33:00.000000,0.288231,9.78375,0.07695,46.856098,11.229268
07/31/2019 19:34:00.000000,0.297035,11.9685,0.07685,43.768421,12.147368
07/31/2019 19:35:00.000000,0.297576,13.25575,0.07395,44.637209,10.393023
07/31/2019 19:36:00.000000,0.280766,16.58475,0.07035,0.075736,9.328571
07/31/2019 19:37:00.000000,0.268119,18.249,0.067525,51.631707,8.121951
07/31/2019 19:38:00.000000,0.469085,11.0715,0.0732,26.241463,6.619512
07/31/2019 19:39:00.000000,0.349456,13.27875,0.077675,0.085651,8.493023
07/31/2019 19:40:00.000000,0.196676,9.906,0.077425,0.043043,8.471429
07/31/2019 19:41:00.000000,0.188307,15.5455,0.074625,0.088898,9.680488
07/31/2019 19:42:00.000000,0.262967,15.69975,0.070125,67.116279,8.351163
07/31/2019 19:43:00.000000,0.495345,18.736,0.070425,49.462791,10.681395
07/31/2019 19:44:00.000000,0.463231,13.87825,0.074575,0.046231,9.392683
07/31/2019 19:45:00.000000,0.377472,13.4385,0.077025,0.066028,10.132558
07/31/2019 19:46:00.000000,0.306858,13.99375,0.07555,45.171429,15.185714
07/31/2019 19:47:00.000000,0.286723,13.729,0.078575,0.056439,11.665
07/31/2019 19:48:00.000000,0.246821,13.21925,0.083025,47.98,12.082222
07/31/2019 19:49:00.000000,0.233002,12.75625,0.081925,44.602439,11.702439
07/31/2019 19:50:00.000000,0.33608,12.385,0.079075,0.063229,9.090476
07/31/2019 19:51:00.000000,0.478036,12.0445,0.0804,0.085379,12.183721
07/31/2019 19:52:00.000000,0.306012,11.696,0.08155,100.614285,10.585714
07/31/2019 19:53:00.000000,0.230046,11.5815,0.0797,60.785366,8.541463
07/31/2019 19:54:00.000000,0.278078,11.0595,0.0682,0.130439,8.788636
07/31/2019 19:55:00.000000,0.32497,17.45025,0.07065,0.070041,11.034146
07/31/2019 19:56:00.000000,0.370227,13.915,0.075375,38.571428,12.771429
07/31/2019 19:57:00.000000,0.31611,11.69225,0.0786,0.058568,8.885714
07/31/2019 19:58:00.000000,0.372664,11.45525,0.07735,0.048341,9.404651
07/31/2019 19:59:00.000000,0.326635,11.3755,0.078125,32.009756,9.770732
07/31/2019 20:00:00.000000,0.225981,11.122,0.0785,0.067716,9.63
07/31/2019 20:01:00.000000,0.210121,10.66075,0.079675,0.052859,10.605405
07/31/2019 20:02:00.000000,0.214973,10.2915,0.080175,47.552381,15.007143
07/31/2019 20:03:00.000000,0.227885,9.979,0.079525,49.47,11.53
07/31/2019 20:04:00.000000,0.209068,15.28925,0.076875,0.07937,9.895652
07/31/2019 20:05:00.000000,0.186552,14.307,0.073867,0.067004,13.367742
07/31/2019 20:06:00.000000,0.205115,10.84,0.076575,46.909524,9.528571
07/31/2019 20:07:00.000000,0.2426,12.6825,0.076525,0.071983,9.192308
07/31/2019 20:08:00.000000,0.329859,13.27,0.07685,42.208108,7.335135
07/31/2019 20:09:00.000000,0.251842,12.64,0.07925,0.087212,8.127907
07/31/2019 20:10:00.000000,0.250633,12.2105,0.07865,0.069693,10.590323
07/31/2019 20:11:00.000000,0.203181,11.7755,0.07765,0.062036,8.518605
07/31/2019 20:12:00.000000,0.190287,11.5195,0.0772,0.047407,7.368966
07/31/2019 20:13:00.000000,0.186996,11.119,0.077775,0.043465,8.990909
07/31/2019 20:14:00.000000,0.176968,11.17,0.074675,27.92,9.6425
07/31/2019 20:15:00.000000,0.193818,10.93325,0.0746,38.417241,7.658621
07/31/2019 20:16:00.000000,0.236204,19.334,0.071,21.3,6.96
07/31/2019 20:17:00.000000,0.265196,10.47,0.07295,0.030529,9.108
07/31/2019 20:18:00.000000,0.226932,8.819,0.0774,0.031127,10.34
07/31/2019 20:19:00.000000,0.23493,11.538,0.074625,38.783333,9.183333
07/31/2019 20:20:00.000000,0.30268,10.8995,0.07445,37.89,9.23
07/31/2019 20:21:00.000000,0.294249,12.18025,0.076025,0.045984,7.285
07/31/2019 20:22:00.000000,0.301766,12.14225,0.074125,34.431707,7.002439
07/31/2019 20:23:00.000000,0.285909,11.90125,0.075325,0.034819,8.675
07/31/2019 20:24:00.000000,0.347305,16.23075,0.070925,0.058192,8.134783
07/31/2019 20:25:00.000000,0.301468,11.64225,0.070075,39.032558,7.339535
07/31/2019 20:26:00.000000,0.224897,13.141,0.07145,0.06042,9.104762
07/31/2019 20:27:00.000000,0.255657,18.27425,0.06965,37.131707,9.465854
07/31/2019 20:28:00.000000,0.359139,11.97475,0.072125,0.04033,9.769048
07/31/2019 20:29:00.000000,0.290911,9.0905,0.074975,26.163636,7.890909
07/31/2019 20:30:00.000000,0.265349,8.07925,0.0745,25.568293,8.158537
07/31/2019 20:31:00.000000,0.249833,11.427,0.069025,34.67907,9.167442
07/31/2019 20:32:00.000000,0.248557,19.53425,0.0609,30.275,7.225
07/31/2019 20:33:00.000000,0.39524,15.07575,0.0627,0.041849,5.075
07/31/2019 20:34:00.000000,0.35885,13.416,0.0623,0.03265,6.311628
07/31/2019 20:35:00.000000,0.230386,11.03375,0.066125,0.048813,7.045
07/31/2019 20:36:00.000000,0.20876,11.7045,0.067,35.585714,8.090476
07/31/2019 20:37:00.000000,0.244665,11.38875,0.07,33.006383,5.893617
07/31/2019 20:38:00.000000,0.201761,10.92525,0.0734,23.4,5.0
07/31/2019 20:39:00.000000,0.160304,22.06475,0.059025,0.056471,6.152632
07/31/2019 20:40:00.000000,0.202688,20.5485,0.057975,34.530233,5.632558
07/31/2019 20:41:00.000000,0.267449,9.88725,0.06015,0.028941,4.987805
07/31/2019 20:42:00.000000,0.272483,8.91375,0.065425,0.027379,6.572727
07/31/2019 20:43:00.000000,0.218368,9.007,0.070175,29.561538,7.423077
07/31/2019 20:44:00.000000,0.202761,9.36675,0.07045,0.052848,7.792683
07/31/2019 20:45:00.000000,0.238326,9.783,0.06795,0.025122,7.267442
07/31/2019 20:46:00.000000,0.247463,9.865,0.0672,39.610256,8.215385
07/31/2019 20:47:00.000000,0.195533,9.748,0.06795,34.397619,7.345238
07/31/2019 20:48:00.000000,0.15598,9.85875,0.06815,35.961538,5.438462
07/31/2019 20:49:00.000000,0.162258,17.44625,0.064325,0.371523,5.887805
07/31/2019 20:50:00.000000,0.258111,15.805,0.05805,0.099158,6.376744
07/31/2019 20:51:00.000000,0.243025,10.111,0.063,0.024415,7.397674
07/31/2019 20:52:00.000000,0.199499,9.568,0.067475,16.407692,6.315385
07/31/2019 20:53:00.000000,0.231385,14.097,0.06105,21.94,7.377778
07/31/2019 20:54:00.000000,0.229764,19.843,0.053225,33.213636,5.85
07/31/2019 20:55:00.000000,0.316465,27.44475,0.056975,0.040976,5.275
07/31/2019 20:56:00.000000,0.355553,19.67525,0.050625,0.022156,4.421951
07/31/2019 20:57:00.000000,0.350479,13.1575,0.054025,0.019506,5.77619
07/31/2019 20:58:00.000000,0.246277,8.4725,0.0567,28.304651,3.374419
07/31/2019 20:59:00.000000,0.199266,10.7105,0.057675,18.519512,3.163415
07/31/2019 21:00:00.000000,0.185884,13.02125,0.056575,22.1,5.028571
07/31/2019 21:01:00.000000,0.219112,8.88725,0.0609,0.066945,6.588889
07/31/2019 21:02:00.000000,0.23503,9.62025,0.0671,10.504651,4.662791
07/31/2019 21:03:00.000000,0.221257,9.382,0.0677,23.928205,7.430769
07/31/2019 21:04:00.000000,0.217037,9.3775,0.066425,0.041977,6.3375
07/31/2019 21:05:00.000000,0.272435,9.131,0.065975,26.895122,5.758537
07/31/2019 21:06:00.000000,0.236126,8.955,0.066675,44.664286,7.157143
07/31/2019 21:07:00.000000,0.20198,8.51875,0.06992,0.043284,6.23871
07/31/2019 21:08:00.000000,0.172443,8.344,0.0696,0.050706,5.058537
07/31/2019 21:09:00.000000,0.18348,9.37,0.06705,,
07/31/2019 21:10:00.000000,0.197219,5.89,0.06685,0.026298,6.76
07/31/2019 21:11:00.000000,0.156632,15.16675,0.0648,0.041917,5.778378
07/31/2019 21:12:00.000000,0.176714,21.06,0.058433,27.728571,7.016667
07/31/2019 21:13:00.000000,0.238059,7.43975,0.064175,25.34878,5.934146
07/31/2019 21:14:00.000000,0.308,5.8285,0.06875,27.638462,5.276923
07/31/2019 21:15:00.000000,0.212993,5.9995,0.06925,0.021879,5.365
07/31/2019 21:16:00.000000,0.155813,6.56975,0.069125,38.734146,7.021951
07/31/2019 21:17:00.000000,0.166493,6.80625,0.067575,24.805263,9.257895
07/31/2019 21:18:00.000000,0.232836,9.3135,0.0668,0.028577,6.638889
07/31/2019 21:19:00.000000,0.287743,9.386,0.06795,30.813514,7.408108
07/31/2019 21:20:00.000000,0.215051,12.2495,0.06665,0.024575,5.053659
07/31/2019 21:21:00.000000,0.23579,11.54475,0.063625,25.407692,5.107692
07/31/2019 21:22:00.000000,0.275625,10.6745,0.0654,0.036994,6.959459
07/31/2019 21:23:00.000000,0.218611,10.72575,0.066075,28.425641,5.523077
07/31/2019 21:24:00.000000,0.271561,11.1075,0.061725,34.520513,5.915385
07/31/2019 21:25:00.000000,0.292059,11.792,0.0632,14.205263,5.173684
07/31/2019 21:26:00.000000,0.273187,16.2535,0.06655,26.436842,7.947368
07/31/2019 21:27:00.000000,0.235468,20.10125,0.060875,40.727273,6.145455
07/31/2019 21:28:00.000000,0.21991,11.53025,0.0656,62.814286,7.414286
07/31/2019 21:29:00.000000,0.313102,12.22275,0.0632,0.034363,5.4725
07/31/2019 21:30:00.000000,0.354952,16.0495,0.061075,19.85122,6.792683
07/31/2019 21:31:00.000000,0.333198,11.49175,0.0619,21.030769,4.561538
07/31/2019 21:32:00.000000,0.338628,12.42275,0.063375,18.004545,4.877273
07/31/2019 21:33:00.000000,0.678407,9.95675,0.065325,0.0423,7.04
07/31/2019 21:34:00.000000,0.508201,9.4055,0.070175,17.805,5.785
07/31/2019 21:35:00.000000,0.219439,10.806,0.067075,30.828205,4.484615
07/31/2019 21:36:00.000000,0.561354,20.45375,0.05495,0.045425,9.423333
07/31/2019 21:37:00.000000,0.864747,12.1135,0.060925,25.946429,5.067857
07/31/2019 21:38:00.000000,0.487961,8.161,0.06535,29.052632,5.068421
07/31/2019 21:39:00.000000,0.266181,12.487,0.0672,0.032379,6.209756
07/31/2019 21:40:00.000000,0.221862,12.527,0.0645,0.027502,4.733333
07/31/2019 21:41:00.000000,0.300068,8.21825,0.067,0.035781,7.885
07/31/2019 21:42:00.000000,0.246079,8.9595,0.06895,0.017899,6.176744
07/31/2019 21:43:00.000000,0.207139,17.29625,0.06625,0.03719,5.117073
07/31/2019 21:44:00.000000,0.359625,17.96925,0.05905,29.077273,6.554545
07/31/2019 21:45:00.000000,0.361005,11.2235,0.061525,0.039989,5.460465
07/31/2019 21:46:00.000000,0.247256,6.108,0.067625,0.022267,5.2
07/31/2019 21:47:00.000000,0.270769,5.88025,0.070475,0.030438,5.863415
07/31/2019 21:48:00.000000,0.244616,13.328,0.06635,31.128205,7.184615
07/31/2019 21:49:00.000000,0.306441,18.262,0.059925,0.03482,7.4
07/31/2019 21:50:00.000000,0.363526,20.129667,0.056075,0.042131,7.907692
07/31/2019 21:51:00.000000,0.437085,23.93225,0.044725,19.252381,5.342857
07/31/2019 21:52:00.000000,0.654448,29.0935,0.0541,0.056905,4.73
07/31/2019 21:53:00.000000,0.636468,22.27575,0.055725,0.039701,4.273171
07/31/2019 21:54:00.000000,0.4836,18.869,0.056525,0.029461,7.366667
07/31/2019 21:55:00.000000,0.351581,9.94575,0.06315,0.027047,6.063158
07/31/2019 21:56:00.000000,0.250296,10.79125,0.06685,20.686047,6.453488
07/31/2019 21:57:00.000000,0.209249,10.03075,0.0653,0.042946,5.914286
07/31/2019 21:58:00.000000,0.202126,10.01875,0.065275,0.044202,8.164444
07/31/2019 21:59:00.000000,0.234204,10.31975,0.06625,38.018182,6.786364
07/31/2019 22:00:00.000000,0.231529,10.53525,0.06575,26.614286,6.671429
07/31/2019 22:01:00.000000,0.264052,10.679,0.06625,0.033356,10.128571
07/31/2019 22:02:00.000000,0.094487,10.76575,0.067225,16.606977,6.913953
07/31/2019 22:03:00.000000,0.047686,10.98975,0.06525,32.002439,4.421951
07/31/2019 22:04:00.000000,0.006235,11.36425,0.064425,31.8375,9.2
07/31/2019 22:05:00.000000,0.005806,11.8685,0.064325,45.142857,10.442857
07/31/2019 22:06:00.000000,0.008853,12.3225,0.06435,40.228571,6.985714
07/31/2019 22:07:00.000000,0.009502,12.1675,0.065175,0.058644,7.582222
07/31/2019 22:08:00.000000,0.00518,20.04225,0.062625,44.538095,9.514286
07/31/2019 22:09:00.000000,0.005136,11.76475,0.0622,0.046817,8.423256
07/31/2019 22:10:00.000000,0.004432,11.631,0.0617,22.122727,7.077273
07/31/2019 22:11:00.000000,0.00121,10.29475,0.0606,16.5,7.585714
07/31/2019 22:12:00.000000,0.031065,10.7845,0.063075,19.23,7.785
07/31/2019 22:13:00.000000,0.139905,11.27725,0.06375,19.097561,7.287805
07/31/2019 22:14:00.000000,0.254893,10.918,0.066325,43.006977,6.425581
07/31/2019 22:15:00.000000,0.243371,10.495,0.0691,0.033321,7.34
07/31/2019 22:16:00.000000,0.21063,10.535,0.0673,0.021787,6.236842
07/31/2019 22:17:00.000000,0.225656,10.63075,0.065675,0.024111,4.634146
07/31/2019 22:18:00.000000,0.240451,15.5685,0.063025,0.038231,8.134043
07/31/2019 22:19:00.000000,0.268687,14.838,0.061525,0.043823,7.03
07/31/2019 22:20:00.000000,0.258889,11.14,0.06305,18.058974,5.938462
07/31/2019 22:21:00.000000,0.227783,13.08975,0.062025,0.028699,5.120588
07/31/2019 22:22:00.000000,0.273065,14.54375,0.060425,0.025395,7.65
07/31/2019 22:23:00.000000,0.26902,14.66225,0.0627,0.035085,8.445455
07/31/2019 22:24:00.000000,0.239636,14.80125,0.0617,0.044949,8.24186
07/31/2019 22:25:00.000000,0.338261,21.71825,0.0585,0.047675,9.76
07/31/2019 22:26:00.000000,0.494883,14.74,0.061775,42.823256,11.634884
07/31/2019 22:27:00.000000,0.407747,9.13825,0.06785,0.042662,12.92439
07/31/2019 22:28:00.000000,0.232446,12.24525,0.0664,46.326829,8.404878
07/31/2019 22:29:00.000000,0.266296,11.6415,0.065725,60.971429,7.6
07/31/2019 22:30:00.000000,0.30459,11.15275,0.065975,25.375,7.005
07/31/2019 22:31:00.000000,0.363771,13.4885,0.06545,29.902439,8.641463
07/31/2019 22:32:00.000000,0.348216,13.71325,0.066175,21.953659,8.573171
07/31/2019 22:33:00.000000,0.29487,15.84575,0.06255,0.037144,5.822727
07/31/2019 22:34:00.000000,0.435016,22.7805,0.056125,44.780952,7.690476
07/31/2019 22:35:00.000000,0.518686,18.269,0.058775,48.790244,9.02439
07/31/2019 22:36:00.000000,0.337575,12.0125,0.0655,0.025915,8.771429
07/31/2019 22:37:00.000000,0.254268,12.73725,0.0684,24.209091,7.438636
07/31/2019 22:38:00.000000,0.231701,7.6285,0.070475,0.03785,7.866667
07/31/2019 22:39:00.000000,0.221684,8.49575,0.0697,48.620588,10.135294
07/31/2019 22:40:00.000000,0.316032,8.80225,0.06855,0.053529,9.288571
07/31/2019 22:41:00.000000,0.246377,16.033,0.06755,38.930769,10.538462
07/31/2019 22:42:00.000000,0.244296,14.5315,0.06605,0.042676,8.036364
07/31/2019 22:43:00.000000,0.270907,9.491,0.0696,0.038023,7.769231
07/31/2019 22:44:00.000000,0.258308,11.8655,0.068425,26.109091,6.490909
07/31/2019 22:45:00.000000,0.291546,12.18,0.065825,0.037569,5.773171
07/31/2019 22:46:00.000000,0.338678,11.465,0.064975,0.046875,6.625
07/31/2019 22:47:00.000000,0.339048,11.48925,0.0664,0.041854,8.245
07/31/2019 22:48:00.000000,0.284088,11.45425,0.06745,0.039606,8.914634
07/31/2019 22:49:00.000000,0.269422,12.2535,0.067725,79.172727,9.0
07/31/2019 22:50:00.000000,0.275637,15.02025,0.06515,47.942857,6.333333
07/31/2019 22:51:00.000000,0.270378,12.62025,0.06405,0.027601,7.65
07/31/2019 22:52:00.000000,0.290167,15.7705,0.062,0.046428,6.560465
07/31/2019 22:53:00.000000,0.332354,13.5905,0.0637,20.446341,6.897561
07/31/2019 22:54:00.000000,0.302434,13.39925,0.06325,28.160976,6.487805
07/31/2019 22:55:00.000000,0.353166,13.90775,0.06225,0.039468,5.748837
07/31/2019 22:56:00.000000,0.282215,12.623,0.063425,0.027364,7.314286
07/31/2019 22:57:00.000000,0.245155,10.6215,0.066,0.037976,6.485714
07/31/2019 22:58:00.000000,0.239548,11.5885,0.067875,35.85,6.045
07/31/2019 22:59:00.000000,0.259294,10.526,0.06655,31.036585,5.487805
07/31/2019 23:00:00.000000,0.279163,7.5265,0.067375,0.052436,6.8025
07/31/2019 23:01:00.000000,0.304149,12.66875,0.0658,0.036852,7.933333
07/31/2019 23:02:00.000000,0.342204,14.0075,0.062425,0.036766,7.673171
07/31/2019 23:03:00.000000,0.403975,13.8855,0.0637,33.465854,8.453659
07/31/2019 23:04:00.000000,0.295626,13.18275,0.068275,20.5,5.553846
07/31/2019 23:05:00.000000,0.234995,12.35975,0.06915,0.042527,6.640909
07/31/2019 23:06:00.000000,0.228439,13.01475,0.064975,0.038037,7.502326
07/31/2019 23:07:00.000000,0.407667,19.612,0.055525,0.041686,8.030233
07/31/2019 23:08:00.000000,0.547401,22.2535,0.050675,27.731707,10.490244
07/31/2019 23:09:00.000000,0.412619,10.9785,0.059375,0.047757,7.974419
07/31/2019 23:10:00.000000,0.297718,11.308,0.065625,24.242857,8.528571
07/31/2019 23:11:00.000000,0.246299,8.89625,0.06695,0.027339,8.7
07/31/2019 23:12:00.000000,0.213439,12.148,0.066225,52.45,9.125
07/31/2019 23:13:00.000000,0.250248,13.6835,0.064825,99.669048,7.228571
07/31/2019 23:14:00.000000,0.282403,13.58625,0.064425,50.665854,8.095122
07/31/2019 23:15:00.000000,0.317627,14.04475,0.06445,0.043186,8.385714
07/31/2019 23:16:00.000000,0.340842,11.5265,0.064475,0.037688,6.228947
07/31/2019 23:17:00.000000,0.352225,11.40825,0.064825,0.047024,8.128571
07/31/2019 23:18:00.000000,0.293911,11.292,0.06665,30.069767,10.737209
07/31/2019 23:19:00.000000,0.350428,11.101,0.0676,33.962791,8.088372
07/31/2019 23:20:00.000000,0.381522,10.593,0.06915,39.290909,7.340909
07/31/2019 23:21:00.000000,0.274212,10.5495,0.067125,0.056634,13.814286
07/31/2019 23:22:00.000000,0.356283,10.73875,0.064,32.4375,7.42
07/31/2019 23:23:00.000000,0.353924,10.6565,0.066925,31.394737,7.194737
07/31/2019 23:24:00.000000,0.266614,16.55875,0.064525,45.75,12.581818
07/31/2019 23:25:00.000000,0.303823,20.08325,0.06175,37.670732,21.680488
07/31/2019 23:26:00.000000,0.396686,20.3,0.061725,0.064823,11.786364
07/31/2019 23:27:00.000000,0.447923,28.36475,0.0549,35.602326,10.602326
07/31/2019 23:28:00.000000,0.501747,21.36075,0.05405,24.415385,7.146154
07/31/2019 23:29:00.000000,0.385888,12.278,0.06375,0.051832,9.630769
07/31/2019 23:30:00.000000,0.376715,16.56675,0.06265,53.790909,12.386364
07/31/2019 23:31:00.000000,0.502054,17.035,0.062675,43.567442,12.886046
07/31/2019 23:32:00.000000,0.428103,15.794,0.0639,51.907143,11.014286
07/31/2019 23:33:00.000000,0.351479,21.15525,0.06245,0.049515,8.225
07/31/2019 23:34:00.000000,0.447619,13.7915,0.064325,0.050094,8.8
07/31/2019 23:35:00.000000,0.475386,12.60475,0.066575,33.372973,11.445946
07/31/2019 23:36:00.000000,0.359879,15.30825,0.065025,0.062194,10.021951
07/31/2019 23:37:00.000000,0.3858,14.13125,0.0642,0.059212,8.518182
07/31/2019 23:38:00.000000,0.506261,12.783667,0.063925,0.085149,8.371429
07/31/2019 23:39:00.000000,0.44627,13.26575,0.064125,0.050502,9.42439
07/31/2019 23:40:00.000000,0.389736,12.493,0.06695,0.066399,9.770732
07/31/2019 23:41:00.000000,0.405395,12.43125,0.067575,38.631818,7.468182
07/31/2019 23:42:00.000000,0.381508,12.89875,0.063725,33.685714,8.728571
07/31/2019 23:43:00.000000,0.443713,13.33325,0.06075,39.223077,14.669231
07/31/2019 23:44:00.000000,0.349973,13.43875,0.0683,0.046668,9.438462
07/31/2019 23:45:00.000000,0.357794,14.42075,0.065875,30.357143,8.985714
07/31/2019 23:46:00.000000,0.452718,14.77225,0.063725,0.033854,6.509091
07/31/2019 23:47:00.000000,0.366453,18.25025,0.06475,37.075,10.605
07/31/2019 23:48:00.000000,0.304168,14.41675,0.064925,34.397674,7.872093
07/31/2019 23:49:00.000000,0.333791,19.32125,0.0624,39.054545,8.422727
07/31/2019 23:50:00.000000,0.401628,13.691,0.0634,0.065759,11.516667
07/31/2019 23:51:00.000000,0.404794,13.1775,0.064475,34.609756,10.221951
07/31/2019 23:52:00.000000,0.378783,15.444,0.065025,28.512821,11.084615
07/31/2019 23:53:00.000000,0.307169,19.05525,0.06155,32.714286,9.242857
07/31/2019 23:54:00.000000,0.325708,11.26575,0.06525,52.759091,12.095455
07/31/2019 23:55:00.000000,0.349815,10.9885,0.0681,0.162373,13.204545
07/31/2019 23:56:00.000000,0.395968,12.31225,0.066675,39.336585,10.653659
07/31/2019 23:57:00.000000,0.377093,12.1465,0.067975,49.202439,11.858537
07/31/2019 23:58:00.000000,0.289971,11.92875,0.069425,67.259091,9.677273
07/31/2019 23:59:00.000000,0.277884,13.78,0.057475,0.076163,14.615385
07/07/2019 07:00:00.000000,,,,0.013361,
07/07/2019 07:01:00.000000,,,,7.616667,
07/07/2019 07:02:00.000000,,,,0.006936,
07/07/2019 07:03:00.000000,,,,11.592308,
07/07/2019 07:04:00.000000,,,,0.007837,
07/07/2019 07:05:00.000000,,,,9.764286,
07/07/2019 07:06:00.000000,,,,0.020664,
07/07/2019 07:07:00.000000,,,,0.010235,
07/07/2019 07:08:00.000000,,,,0.016095,
07/07/2019 07:09:00.000000,,,,0.018748,
07/07/2019 07:10:00.000000,,,,0.024454,
07/07/2019 07:11:00.000000,,,,0.02597,
07/07/2019 07:12:00.000000,,,,0.024147,
07/07/2019 07:13:00.000000,,,,0.023409,
07/07/2019 07:14:00.000000,,,,0.038008,
07/07/2019 07:15:00.000000,,,,0.026606,
07/07/2019 07:16:00.000000,,,,19.382927,
07/07/2019 07:17:00.000000,,,,0.023153,
07/07/2019 07:18:00.000000,,,,0.043059,
07/07/2019 07:19:00.000000,,,,0.030335,
07/07/2019 07:20:00.000000,,,,17.980488,
07/07/2019 07:21:00.000000,,,,17.816667,
07/07/2019 07:22:00.000000,,,,0.025161,
07/07/2019 07:23:00.000000,,,,0.021616,
07/07/2019 07:24:00.000000,,,,14.268421,
07/07/2019 07:25:00.000000,,,,21.952632,
07/07/2019 07:26:00.000000,,,,25.488571,
07/07/2019 07:27:00.000000,,,,20.105405,
07/07/2019 07:28:00.000000,,,,0.031083,
07/07/2019 07:29:00.000000,,,,16.175,
07/07/2019 07:30:00.000000,,,,14.194737,
07/07/2019 07:31:00.000000,,,,15.582353,
07/07/2019 07:32:00.000000,,,,24.410526,
07/07/2019 07:33:00.000000,,,,19.332558,
07/07/2019 07:34:00.000000,,,,15.665,
07/07/2019 07:35:00.000000,,,,0.016923,
07/07/2019 07:36:00.000000,,,,9.576923,
07/07/2019 07:37:00.000000,,,,0.01944,
07/07/2019 07:38:00.000000,,,,0.021527,
07/07/2019 07:39:00.000000,,,,17.6,
07/07/2019 07:40:00.000000,,,,0.019972,
07/07/2019 07:41:00.000000,,,,23.758974,
07/07/2019 07:42:00.000000,,,,12.825,
07/07/2019 07:43:00.000000,,,,15.539024,
07/07/2019 07:44:00.000000,,,,14.64359,
07/07/2019 07:45:00.000000,,,,14.4,
07/07/2019 07:46:00.000000,,,,13.781395,
07/07/2019 07:47:00.000000,,,,28.327907,
07/07/2019 07:48:00.000000,,,,0.02109,
07/07/2019 07:49:00.000000,,,,13.731707,
07/07/2019 07:50:00.000000,,,,16.9825,
07/07/2019 07:51:00.000000,,,,0.020272,
07/07/2019 07:52:00.000000,,,,0.017125,
07/07/2019 07:53:00.000000,,,,12.823077,
07/07/2019 07:54:00.000000,,,,0.015552,
07/07/2019 07:55:00.000000,,,,0.026981,
07/07/2019 07:56:00.000000,,,,14.048718,
07/07/2019 07:57:00.000000,,,,0.013184,
07/07/2019 07:58:00.000000,,,,0.019572,
07/07/2019 07:59:00.000000,,,,9.94186,
07/07/2019 08:00:00.000000,,,,26.094737,
07/07/2019 08:01:00.000000,,,,13.647222,
07/07/2019 08:02:00.000000,,,,8.2,
07/07/2019 08:03:00.000000,,,,0.01544,
07/07/2019 08:04:00.000000,,,,0.012562,
07/07/2019 08:05:00.000000,,,,0.008541,
07/07/2019 08:06:00.000000,,,,0.012358,
07/07/2019 08:07:00.000000,,,,6.028571,
07/07/2019 08:08:00.000000,,,,0.00962,
07/07/2019 08:09:00.000000,,,,5.38,
07/07/2019 08:10:00.000000,,,,10.927778,
07/07/2019 08:11:00.000000,,,,15.857143,
07/07/2019 08:12:00.000000,,,,0.029595,
07/07/2019 08:13:00.000000,,,,0.010049,
07/07/2019 08:14:00.000000,,,,12.717647,
07/07/2019 08:15:00.000000,,,,19.9875,
07/07/2019 08:16:00.000000,,,,8.78,
07/07/2019 08:17:00.000000,,,,7.504545,
07/07/2019 08:18:00.000000,,,,10.760976,
07/07/2019 08:19:00.000000,,,,0.005962,
07/07/2019 08:20:00.000000,,,,8.7,
07/07/2019 08:21:00.000000,,,,0.011394,
07/07/2019 08:22:00.000000,,,,7.242857,
07/07/2019 08:23:00.000000,,,,9.522857,
07/07/2019 08:24:00.000000,,,,6.782927,
07/07/2019 08:25:00.000000,,,,0.016988,
07/07/2019 08:26:00.000000,,,,0.01089,
07/07/2019 08:27:00.000000,,,,0.024254,
07/07/2019 08:28:00.000000,,,,0.016681,
07/07/2019 08:29:00.000000,,,,0.013414,
07/07/2019 08:30:00.000000,,,,8.4,
07/07/2019 08:31:00.000000,,,,11.52381,
07/07/2019 08:32:00.000000,,,,0.014096,
07/07/2019 08:33:00.000000,,,,0.019195,
07/07/2019 08:34:00.000000,,,,10.957143,
07/07/2019 08:35:00.000000,,,,0.005618,
07/07/2019 08:36:00.000000,,,,0.01262,
07/07/2019 08:37:00.000000,,,,10.102273,
07/07/2019 08:38:00.000000,,,,0.007735,
07/07/2019 08:39:00.000000,,,,0.009119,
07/07/2019 08:40:00.000000,,,,10.146341,
07/07/2019 08:41:00.000000,,,,14.978049,
07/07/2019 08:42:00.000000,,,,5.048649,
07/07/2019 08:43:00.000000,,,,0.009079,
07/07/2019 08:44:00.000000,,,,4.885714,
07/07/2019 08:45:00.000000,,,,0.00974,
07/07/2019 08:46:00.000000,,,,0.008458,
07/07/2019 08:47:00.000000,,,,7.418605,
07/07/2019 08:48:00.000000,,,,0.009048,
07/07/2019 08:49:00.000000,,,,0.007462,
07/07/2019 08:50:00.000000,,,,0.009778,
07/07/2019 08:51:00.000000,,,,4.63,
07/07/2019 08:52:00.000000,,,,5.776923,
07/07/2019 08:53:00.000000,,,,6.78,
07/07/2019 08:54:00.000000,,,,3.912195,
07/07/2019 08:55:00.000000,,,,0.007725,
07/07/2019 08:56:00.000000,,,,6.686047,
07/07/2019 08:57:00.000000,,,,6.785714,
07/07/2019 08:58:00.000000,,,,0.007623,
07/07/2019 08:59:00.000000,,,,6.628571,
07/07/2019 09:00:00.000000,,,,7.95,
07/07/2019 09:01:00.000000,,,,0.006871,
07/07/2019 09:02:00.000000,,,,5.4,
07/07/2019 09:03:00.000000,,,,0.007705,
07/07/2019 09:04:00.000000,,,,0.007725,
07/07/2019 09:05:00.000000,,,,0.004838,
07/07/2019 09:06:00.000000,,,,0.007013,
07/07/2019 09:07:00.000000,,,,0.004513,
07/07/2019 09:08:00.000000,,,,0.007257,
07/07/2019 09:09:00.000000,,,,0.004777,
07/07/2019 09:10:00.000000,,,,5.875,
07/07/2019 09:11:00.000000,,,,0.007715,
07/07/2019 09:12:00.000000,,,,6.385714,
07/07/2019 09:13:00.000000,,,,6.08,
07/07/2019 09:14:00.000000,,,,0.004981,
07/07/2019 09:15:00.000000,,,,5.552778,
07/07/2019 09:16:00.000000,,,,0.008132,
07/07/2019 09:17:00.000000,,,,0.008396,
07/07/2019 09:18:00.000000,,,,0.008416,
07/07/2019 09:19:00.000000,,,,5.847619,
07/07/2019 09:20:00.000000,,,,0.007847,
07/07/2019 09:21:00.000000,,,,7.146341,
07/07/2019 09:22:00.000000,,,,0.008497,
07/07/2019 09:23:00.000000,,,,7.14,
07/07/2019 09:24:00.000000,,,,6.176471,
07/07/2019 09:25:00.000000,,,,8.583333,
07/07/2019 09:26:00.000000,,,,8.931579,
07/07/2019 09:27:00.000000,,,,6.161111,
07/07/2019 09:28:00.000000,,,,0.004568,
07/07/2019 09:29:00.000000,,,,6.571429,
07/07/2019 09:30:00.000000,,,,0.00938,
07/07/2019 09:31:00.000000,,,,5.910811,
07/07/2019 09:32:00.000000,,,,6.516667,
07/07/2019 09:33:00.000000,,,,0.007451,
07/07/2019 09:34:00.000000,,,,6.309091,
07/07/2019 09:35:00.000000,,,,6.088889,
07/07/2019 09:36:00.000000,,,,6.0,
07/07/2019 09:37:00.000000,,,,0.005076,
07/07/2019 09:38:00.000000,,,,5.64,
07/07/2019 09:39:00.000000,,,,3.742105,
07/07/2019 09:40:00.000000,,,,7.336364,
07/07/2019 09:41:00.000000,,,,4.310526,
07/07/2019 09:42:00.000000,,,,0.008852,
07/07/2019 09:43:00.000000,,,,6.854545,
07/07/2019 09:44:00.000000,,,,0.007938,
07/07/2019 09:45:00.000000,,,,4.012195,
07/07/2019 09:46:00.000000,,,,0.008222,
07/07/2019 09:47:00.000000,,,,0.007897,
07/07/2019 09:48:00.000000,,,,0.009603,
07/07/2019 09:49:00.000000,,,,0.007958,
07/07/2019 09:50:00.000000,,,,7.436364,
07/07/2019 09:51:00.000000,,,,7.8,
07/07/2019 09:52:00.000000,,,,5.525,
07/07/2019 09:53:00.000000,,,,0.004,
07/07/2019 09:54:00.000000,,,,0.004142,
07/07/2019 09:55:00.000000,,,,0.010293,
07/07/2019 09:56:00.000000,,,,0.005806,
07/07/2019 09:57:00.000000,,,,5.895122,
07/07/2019 09:58:00.000000,,,,4.091667,
07/07/2019 09:59:00.000000,,,,0.004239,
07/07/2019 10:00:00.000000,,,,6.167568,
07/07/2019 10:01:00.000000,,,,0.009246,
07/07/2019 10:02:00.000000,,,,6.677273,
07/07/2019 10:03:00.000000,,,,6.760526,
07/07/2019 10:04:00.000000,,,,6.102564,
07/07/2019 10:05:00.000000,,,,0.006965,
07/07/2019 10:06:00.000000,,,,9.214286,
07/07/2019 10:07:00.000000,,,,0.00512,
07/07/2019 10:08:00.000000,,,,0.005393,
07/07/2019 10:09:00.000000,,,,4.073171,
07/07/2019 10:10:00.000000,,,,4.883721,
07/07/2019 10:11:00.000000,,,,4.4,
07/07/2019 10:12:00.000000,,,,0.00813,
07/07/2019 10:13:00.000000,,,,6.988889,
07/07/2019 10:14:00.000000,,,,0.004947,
07/07/2019 10:15:00.000000,,,,0.004957,
07/07/2019 10:16:00.000000,,,,0.010786,
07/07/2019 10:17:00.000000,,,,0.009641,
07/07/2019 10:18:00.000000,,,,4.23,
07/07/2019 10:19:00.000000,,,,0.008739,
07/07/2019 10:20:00.000000,,,,7.3225,
07/07/2019 10:21:00.000000,,,,0.007441,
07/07/2019 10:22:00.000000,,,,0.009104,
07/07/2019 10:23:00.000000,,,,0.009185,
07/07/2019 10:24:00.000000,,,,0.013382,
07/07/2019 10:25:00.000000,,,,0.012003,
07/07/2019 10:26:00.000000,,,,0.007502,
07/07/2019 10:27:00.000000,,,,0.007299,
07/07/2019 10:28:00.000000,,,,7.4,
07/07/2019 10:29:00.000000,,,,0.009854,
07/07/2019 10:30:00.000000,,,,7.86,
07/07/2019 10:31:00.000000,,,,0.007461,
07/07/2019 10:32:00.000000,,,,0.008272,
07/07/2019 10:33:00.000000,,,,0.007907,
07/07/2019 10:34:00.000000,,,,0.008799,
07/07/2019 10:35:00.000000,,,,0.009205,
07/07/2019 10:36:00.000000,,,,0.012895,
07/07/2019 10:37:00.000000,,,,0.008658,
07/07/2019 10:38:00.000000,,,,4.678049,
07/07/2019 10:39:00.000000,,,,6.675,
07/07/2019 10:40:00.000000,,,,5.347826,
07/07/2019 10:41:00.000000,,,,6.390698,
07/07/2019 10:42:00.000000,,,,0.007816,
07/07/2019 10:43:00.000000,,,,6.65814,
07/07/2019 10:44:00.000000,,,,0.010671,
07/07/2019 10:45:00.000000,,,,10.456757,
07/07/2019 10:46:00.000000,,,,0.009861,
07/07/2019 10:47:00.000000,,,,0.005994,
07/07/2019 10:48:00.000000,,,,9.223077,
07/07/2019 10:49:00.000000,,,,9.25,
07/07/2019 10:50:00.000000,,,,9.272093,
07/07/2019 10:51:00.000000,,,,0.005832,
07/07/2019 10:52:00.000000,,,,5.932558,
07/07/2019 10:53:00.000000,,,,7.822917,
07/07/2019 10:54:00.000000,,,,0.008828,
07/07/2019 10:55:00.000000,,,,0.005386,
07/07/2019 10:56:00.000000,,,,7.689474,
07/07/2019 10:57:00.000000,,,,0.006156,
07/07/2019 10:58:00.000000,,,,4.74,
07/07/2019 10:59:00.000000,,,,0.00897,
07/07/2019 11:00:00.000000,,,,0.006459,
07/07/2019 11:01:00.000000,,,,7.170732,
07/07/2019 11:02:00.000000,,,,0.008394,
07/07/2019 11:03:00.000000,,,,8.602326,
07/07/2019 11:04:00.000000,,,,8.363415,
07/07/2019 11:05:00.000000,,,,5.886842,
07/07/2019 11:06:00.000000,,,,7.1575,
07/07/2019 11:07:00.000000,,,,0.008766,
07/07/2019 11:08:00.000000,,,,5.621622,
07/07/2019 11:09:00.000000,,,,6.902632,
07/07/2019 11:10:00.000000,,,,8.446341,
07/07/2019 11:11:00.000000,,,,0.007219,
07/07/2019 11:12:00.000000,,,,0.008978,
07/07/2019 11:13:00.000000,,,,0.011284,
07/07/2019 11:14:00.000000,,,,0.012254,
07/07/2019 11:15:00.000000,,,,10.506977,
07/07/2019 11:16:00.000000,,,,9.786047,
07/07/2019 11:17:00.000000,,,,10.823529,
07/07/2019 11:18:00.000000,,,,0.006916,
07/07/2019 11:19:00.000000,,,,6.610811,
07/07/2019 11:20:00.000000,,,,6.063415,
07/07/2019 11:21:00.000000,,,,0.011385,
07/07/2019 11:22:00.000000,,,,9.078571,
07/07/2019 11:23:00.000000,,,,11.425,
07/07/2019 11:24:00.000000,,,,7.047368,
07/07/2019 11:25:00.000000,,,,8.690476,
07/07/2019 11:26:00.000000,,,,0.012537,
07/07/2019 11:27:00.000000,,,,10.271053,
07/07/2019 11:28:00.000000,,,,6.168,
07/07/2019 11:29:00.000000,,,,0.014964,
07/07/2019 11:30:00.000000,,,,11.180645,
07/07/2019 11:31:00.000000,,,,0.010374,
07/07/2019 11:32:00.000000,,,,0.007725,
07/07/2019 11:33:00.000000,,,,10.826829,
07/07/2019 11:34:00.000000,,,,0.008958,
07/07/2019 11:35:00.000000,,,,8.95,
07/07/2019 11:36:00.000000,,,,11.509302,
07/07/2019 11:37:00.000000,,,,0.010182,
07/07/2019 11:38:00.000000,,,,0.014214,
07/07/2019 11:39:00.000000,,,,0.013971,
07/07/2019 11:40:00.000000,,,,0.007654,
07/07/2019 11:41:00.000000,,,,0.006439,
07/07/2019 11:42:00.000000,,,,8.031707,
07/07/2019 11:43:00.000000,,,,10.25,
07/07/2019 11:44:00.000000,,,,0.012655,
07/07/2019 11:45:00.000000,,,,6.114286,
07/07/2019 11:46:00.000000,,,,7.637209,
07/07/2019 11:47:00.000000,,,,0.010327,
07/07/2019 11:48:00.000000,,,,0.007208,
07/07/2019 11:49:00.000000,,,,0.009902,
07/07/2019 11:50:00.000000,,,,0.010671,
07/07/2019 11:51:00.000000,,,,6.517073,
07/07/2019 11:52:00.000000,,,,0.009557,
07/07/2019 11:53:00.000000,,,,0.007937,
07/07/2019 11:54:00.000000,,,,10.530233,
07/07/2019 11:55:00.000000,,,,6.234146,
07/07/2019 11:56:00.000000,,,,10.245,
07/07/2019 11:57:00.000000,,,,11.914286,
07/07/2019 11:58:00.000000,,,,0.01387,
07/07/2019 11:59:00.000000,,,,0.00978,
07/07/2019 12:00:00.000000,,,,9.946341,
07/07/2019 12:01:00.000000,,,,9.538462,
07/07/2019 12:02:00.000000,,,,9.4,
07/07/2019 12:03:00.000000,,,,9.482927,
07/07/2019 12:04:00.000000,,,,7.1375,
07/07/2019 12:05:00.000000,,,,0.00735,
07/07/2019 12:06:00.000000,,,,0.011521,
07/07/2019 12:07:00.000000,,,,6.5,
07/07/2019 12:08:00.000000,,,,0.006561,
07/07/2019 12:09:00.000000,,,,0.010489,
07/07/2019 12:10:00.000000,,,,9.556098,
07/07/2019 12:11:00.000000,,,,0.008018,
07/07/2019 12:12:00.000000,,,,7.74359,
07/07/2019 12:13:00.000000,,,,0.010225,
07/07/2019 12:14:00.000000,,,,10.931579,
07/07/2019 12:15:00.000000,,,,10.718182,
07/07/2019 12:16:00.000000,,,,0.009051,
07/07/2019 12:17:00.000000,,,,10.314286,
07/07/2019 12:18:00.000000,,,,0.01304,
07/07/2019 12:19:00.000000,,,,9.935,
07/07/2019 12:20:00.000000,,,,10.386046,
07/07/2019 12:21:00.000000,,,,0.013787,
07/07/2019 12:22:00.000000,,,,9.97,
07/07/2019 12:23:00.000000,,,,0.011902,
07/07/2019 12:24:00.000000,,,,7.505,
07/07/2019 12:25:00.000000,,,,0.013807,
07/07/2019 12:26:00.000000,,,,0.01403,
07/07/2019 12:27:00.000000,,,,0.014578,
07/07/2019 12:28:00.000000,,,,13.792308,
07/07/2019 12:29:00.000000,,,,0.015531,
07/07/2019 12:30:00.000000,,,,13.789474,
07/07/2019 12:31:00.000000,,,,13.640541,
07/07/2019 12:32:00.000000,,,,0.01636,
07/07/2019 12:33:00.000000,,,,10.946154,
07/07/2019 12:34:00.000000,,,,7.355,
07/07/2019 12:35:00.000000,,,,10.287179,
07/07/2019 12:36:00.000000,,,,7.856757,
07/07/2019 12:37:00.000000,,,,0.014922,
07/07/2019 12:38:00.000000,,,,13.65,
07/07/2019 12:39:00.000000,,,,9.457143,
07/07/2019 12:40:00.000000,,,,11.785714,
07/07/2019 12:41:00.000000,,,,15.111765,
07/07/2019 12:42:00.000000,,,,0.018515,
07/07/2019 12:43:00.000000,,,,8.572093,
07/07/2019 12:44:00.000000,,,,9.982927,
07/07/2019 12:45:00.000000,,,,0.019145,
07/07/2019 12:46:00.000000,,,,14.314286,
07/07/2019 12:47:00.000000,,,,14.928571,
07/07/2019 12:48:00.000000,,,,12.336364,
07/07/2019 12:49:00.000000,,,,0.013785,
07/07/2019 12:50:00.000000,,,,0.015673,
07/07/2019 12:51:00.000000,,,,0.022474,
07/07/2019 12:52:00.000000,,,,15.872727,
07/07/2019 12:53:00.000000,,,,0.01681,
07/07/2019 12:54:00.000000,,,,25.783721,
07/07/2019 12:55:00.000000,,,,12.524324,
07/07/2019 12:56:00.000000,,,,10.640476,
07/07/2019 12:57:00.000000,,,,9.743478,
07/07/2019 12:58:00.000000,,,,12.0,
07/07/2019 12:59:00.000000,,,,0.012567,
07/07/2019 13:00:00.000000,,,,7.910811,
07/07/2019 13:01:00.000000,,,,0.012811,
07/07/2019 13:02:00.000000,,,,0.013521,
07/07/2019 13:03:00.000000,,,,0.01413,
07/07/2019 13:04:00.000000,,,,10.193023,
07/07/2019 13:05:00.000000,,,,0.009116,
07/07/2019 13:06:00.000000,,,,0.016039,
07/07/2019 13:07:00.000000,,,,0.009928,
07/07/2019 13:08:00.000000,,,,9.983333,
07/07/2019 13:09:00.000000,,,,21.878049,
07/07/2019 13:10:00.000000,,,,9.41,
07/07/2019 13:11:00.000000,,,,12.75,
07/07/2019 13:12:00.000000,,,,0.020451,
07/07/2019 13:13:00.000000,,,,8.032558,
07/07/2019 13:14:00.000000,,,,12.790476,
07/07/2019 13:15:00.000000,,,,0.009778,
07/07/2019 13:16:00.000000,,,,0.013498,
07/07/2019 13:17:00.000000,,,,0.013818,
07/07/2019 13:18:00.000000,,,,11.025,
07/07/2019 13:19:00.000000,,,,14.5,
07/07/2019 13:20:00.000000,,,,12.365,
07/07/2019 13:21:00.000000,,,,0.023083,
07/07/2019 13:22:00.000000,,,,9.553333,
07/07/2019 13:23:00.000000,,,,0.014347,
07/07/2019 13:24:00.000000,,,,12.325641,
07/07/2019 13:25:00.000000,,,,0.019628,
07/07/2019 13:26:00.000000,,,,31.568293,
07/07/2019 13:27:00.000000,,,,0.021422,
07/07/2019 13:28:00.000000,,,,0.016347,
07/07/2019 13:29:00.000000,,,,19.983333,
07/07/2019 13:30:00.000000,,,,0.022532,
07/07/2019 13:31:00.000000,,,,14.589474,
07/07/2019 13:32:00.000000,,,,16.921951,
07/07/2019 13:33:00.000000,,,,0.021208,
07/07/2019 13:34:00.000000,,,,23.3,
07/07/2019 13:35:00.000000,,,,15.985714,
07/07/2019 13:36:00.000000,,,,16.990244,
07/07/2019 13:37:00.000000,,,,0.012359,
07/07/2019 13:38:00.000000,,,,0.026213,
07/07/2019 13:39:00.000000,,,,14.15,
07/07/2019 13:40:00.000000,,,,0.02053,
07/07/2019 13:41:00.000000,,,,10.6,
07/07/2019 13:42:00.000000,,,,17.015385,
07/07/2019 13:43:00.000000,,,,15.748837,
07/07/2019 13:44:00.000000,,,,0.016905,
07/07/2019 13:45:00.000000,,,,0.011058,
07/07/2019 13:46:00.000000,,,,0.017972,
07/07/2019 13:47:00.000000,,,,19.81,
07/07/2019 13:48:00.000000,,,,0.025953,
07/07/2019 13:49:00.000000,,,,0.015531,
07/07/2019 13:50:00.000000,,,,14.378261,
07/07/2019 13:51:00.000000,,,,13.960976,
07/07/2019 13:52:00.000000,,,,0.012079,
07/07/2019 13:53:00.000000,,,,0.010477,
07/07/2019 13:54:00.000000,,,,13.229268,
07/07/2019 13:55:00.000000,,,,8.509302,
07/07/2019 13:56:00.000000,,,,12.875,
07/07/2019 13:57:00.000000,,,,12.5275,
07/07/2019 13:58:00.000000,,,,0.016599,
07/07/2019 13:59:00.000000,,,,12.853846,
07/07/2019 14:00:00.000000,,,,0.017688,
07/07/2019 14:01:00.000000,,,,12.328571,
07/07/2019 14:02:00.000000,,,,0.013332,
07/07/2019 14:03:00.000000,,,,13.503226,
07/07/2019 14:04:00.000000,,,,0.016856,
07/07/2019 14:05:00.000000,,,,0.021406,
07/07/2019 14:06:00.000000,,,,0.011627,
07/07/2019 14:07:00.000000,,,,0.019146,
07/07/2019 14:08:00.000000,,,,0.015325,
07/07/2019 14:09:00.000000,,,,0.017173,
07/07/2019 14:10:00.000000,,,,18.582927,
07/07/2019 14:11:00.000000,,,,16.878125,
07/07/2019 14:12:00.000000,,,,13.532432,
07/07/2019 14:13:00.000000,,,,0.010264,
07/07/2019 14:14:00.000000,,,,12.553846,
07/07/2019 14:15:00.000000,,,,0.026652,
07/07/2019 14:16:00.000000,,,,0.011338,
07/07/2019 14:17:00.000000,,,,0.009423,
07/07/2019 14:18:00.000000,,,,0.01483,
07/07/2019 14:19:00.000000,,,,0.010351,
07/07/2019 14:20:00.000000,,,,13.207317,
07/07/2019 14:21:00.000000,,,,8.087179,
07/07/2019 14:22:00.000000,,,,7.752381,
07/07/2019 14:23:00.000000,,,,0.016591,
07/07/2019 14:24:00.000000,,,,0.017449,
07/07/2019 14:25:00.000000,,,,0.014631,
07/07/2019 14:26:00.000000,,,,8.115,
07/07/2019 14:27:00.000000,,,,9.728571,
07/07/2019 14:28:00.000000,,,,0.014236,
07/07/2019 14:29:00.000000,,,,11.116667,
07/07/2019 14:30:00.000000,,,,0.016841,
07/07/2019 14:31:00.000000,,,,0.014226,
07/07/2019 14:32:00.000000,,,,0.014009,
07/07/2019 14:33:00.000000,,,,0.015725,
07/07/2019 14:34:00.000000,,,,15.676923,
07/07/2019 14:35:00.000000,,,,11.14878,
07/07/2019 14:36:00.000000,,,,22.045455,
07/07/2019 14:37:00.000000,,,,0.021263,
07/07/2019 14:38:00.000000,,,,9.333333,
07/07/2019 14:39:00.000000,,,,11.081395,
07/07/2019 14:40:00.000000,,,,0.009649,
07/07/2019 14:41:00.000000,,,,12.790698,
07/07/2019 14:42:00.000000,,,,0.014739,
07/07/2019 14:43:00.000000,,,,10.462791,
07/07/2019 14:44:00.000000,,,,0.01361,
07/07/2019 14:45:00.000000,,,,9.4,
07/07/2019 14:46:00.000000,,,,0.018502,
07/07/2019 14:47:00.000000,,,,12.425,
07/07/2019 14:48:00.000000,,,,13.3125,
07/07/2019 14:49:00.000000,,,,10.34878,
07/07/2019 14:50:00.000000,,,,13.946667,
07/07/2019 14:51:00.000000,,,,0.017841,
07/07/2019 14:52:00.000000,,,,0.013814,
07/07/2019 14:53:00.000000,,,,0.01288,
07/07/2019 14:54:00.000000,,,,0.007928,
07/07/2019 14:55:00.000000,,,,21.430769,
07/07/2019 14:56:00.000000,,,,0.01035,
07/07/2019 14:57:00.000000,,,,10.369231,
07/07/2019 14:58:00.000000,,,,25.62,
07/07/2019 14:59:00.000000,,,,8.409302,
07/07/2019 15:00:00.000000,,,,4.167442,
07/07/2019 15:01:00.000000,,,,11.690909,
07/07/2019 15:02:00.000000,,,,0.007477,
07/07/2019 15:03:00.000000,,,,11.971795,
07/07/2019 15:04:00.000000,,,,0.00821,
07/07/2019 15:05:00.000000,,,,0.022526,
07/07/2019 15:06:00.000000,,,,7.8125,
07/07/2019 15:07:00.000000,,,,8.644444,
07/07/2019 15:08:00.000000,,,,16.774419,
07/07/2019 15:09:00.000000,,,,13.671429,
07/07/2019 15:10:00.000000,,,,0.012176,
07/07/2019 15:11:00.000000,,,,0.010696,
07/07/2019 15:12:00.000000,,,,0.020975,
07/07/2019 15:13:00.000000,,,,7.268421,
07/07/2019 15:14:00.000000,,,,0.010311,
07/07/2019 15:15:00.000000,,,,0.012028,
07/07/2019 15:16:00.000000,,,,0.018136,
07/07/2019 15:17:00.000000,,,,0.008555,
07/07/2019 15:18:00.000000,,,,0.013618,
07/07/2019 15:19:00.000000,,,,0.017048,
07/07/2019 15:20:00.000000,,,,0.008242,
07/07/2019 15:21:00.000000,,,,7.443902,
07/07/2019 15:22:00.000000,,,,0.011547,
07/07/2019 15:23:00.000000,,,,0.030938,
07/07/2019 15:24:00.000000,,,,0.010187,
07/07/2019 15:25:00.000000,,,,4.047619,
07/07/2019 15:26:00.000000,,,,10.7425,
07/07/2019 15:27:00.000000,,,,7.445455,
07/07/2019 15:28:00.000000,,,,0.005109,
07/07/2019 15:29:00.000000,,,,0.006116,
07/07/2019 15:30:00.000000,,,,0.011226,
07/07/2019 15:31:00.000000,,,,7.947619,
07/07/2019 15:32:00.000000,,,,7.621429,
07/07/2019 15:33:00.000000,,,,0.005173,
07/07/2019 15:34:00.000000,,,,0.006374,
07/07/2019 15:35:00.000000,,,,14.097674,
07/07/2019 15:36:00.000000,,,,0.008577,
07/07/2019 15:37:00.000000,,,,0.005117,
07/07/2019 15:38:00.000000,,,,0.005857,
07/07/2019 15:39:00.000000,,,,6.0,
07/07/2019 15:40:00.000000,,,,0.00821,
07/07/2019 15:41:00.000000,,,,0.004956,
07/07/2019 15:42:00.000000,,,,7.418182,
07/07/2019 15:43:00.000000,,,,9.328,
07/07/2019 15:44:00.000000,,,,20.9625,
07/07/2019 15:45:00.000000,,,,0.009924,
07/07/2019 15:46:00.000000,,,,0.008852,
07/07/2019 15:47:00.000000,,,,8.681818,
07/07/2019 15:48:00.000000,,,,13.21875,
07/07/2019 15:49:00.000000,,,,0.007137,
07/07/2019 15:50:00.000000,,,,0.015155,
07/07/2019 15:51:00.000000,,,,18.188889,
07/07/2019 15:52:00.000000,,,,12.14,
07/07/2019 15:53:00.000000,,,,0.011024,
07/07/2019 15:54:00.000000,,,,6.75,
07/07/2019 15:55:00.000000,,,,0.005122,
07/07/2019 15:56:00.000000,,,,0.010244,
07/07/2019 15:57:00.000000,,,,5.394595,
07/07/2019 15:58:00.000000,,,,6.666667,
07/07/2019 15:59:00.000000,,,,7.902439,
07/07/2019 16:00:00.000000,,,,0.020916,
07/07/2019 16:01:00.000000,,,,7.5825,
07/07/2019 16:02:00.000000,,,,8.126667,
07/07/2019 16:03:00.000000,,,,0.018615,
07/07/2019 16:04:00.000000,,,,13.021053,
07/07/2019 16:05:00.000000,,,,0.010982,
07/07/2019 16:06:00.000000,,,,9.692683,
07/07/2019 16:07:00.000000,,,,0.012015,
07/07/2019 16:08:00.000000,,,,8.733333,
07/07/2019 16:09:00.000000,,,,7.731579,
07/07/2019 16:10:00.000000,,,,0.0149,
07/07/2019 16:11:00.000000,,,,0.017855,
07/07/2019 16:12:00.000000,,,,12.221622,
07/07/2019 16:13:00.000000,,,,6.615,
07/07/2019 16:14:00.000000,,,,4.193182,
07/07/2019 16:15:00.000000,,,,0.00581,
07/07/2019 16:16:00.000000,,,,6.315,
07/07/2019 16:17:00.000000,,,,0.00806,
07/07/2019 16:18:00.000000,,,,6.216667,
07/07/2019 16:19:00.000000,,,,0.023952,
07/07/2019 16:20:00.000000,,,,0.009077,
07/07/2019 16:21:00.000000,,,,0.012442,
07/07/2019 16:22:00.000000,,,,0.010029,
07/07/2019 16:23:00.000000,,,,0.005247,
07/07/2019 16:24:00.000000,,,,0.004232,
07/07/2019 16:25:00.000000,,,,0.019318,
07/07/2019 16:26:00.000000,,,,8.5,
07/07/2019 16:27:00.000000,,,,3.913514,
07/07/2019 16:28:00.000000,,,,8.333333,
07/07/2019 16:29:00.000000,,,,0.011517,
07/07/2019 16:30:00.000000,,,,0.005727,
07/07/2019 16:31:00.000000,,,,0.010891,
07/07/2019 16:32:00.000000,,,,0.006247,
07/07/2019 16:33:00.000000,,,,0.00992,
07/07/2019 16:34:00.000000,,,,4.284615,
07/07/2019 16:35:00.000000,,,,0.008029,
07/07/2019 16:36:00.000000,,,,6.9,
07/07/2019 16:37:00.000000,,,,5.24359,
07/07/2019 16:38:00.000000,,,,7.642857,
07/07/2019 16:39:00.000000,,,,0.006234,
07/07/2019 16:40:00.000000,,,,8.0625,
07/07/2019 16:41:00.000000,,,,0.012291,
07/07/2019 16:42:00.000000,,,,7.765854,
07/07/2019 16:43:00.000000,,,,0.016481,
07/07/2019 16:44:00.000000,,,,0.007638,
07/07/2019 16:45:00.000000,,,,0.005798,
07/07/2019 16:46:00.000000,,,,5.392857,
07/07/2019 16:47:00.000000,,,,7.923077,
07/07/2019 16:48:00.000000,,,,0.014343,
07/07/2019 16:49:00.000000,,,,0.005227,
07/07/2019 16:50:00.000000,,,,0.004211,
07/07/2019 16:51:00.000000,,,,6.45,
07/07/2019 16:52:00.000000,,,,0.009206,
07/07/2019 16:53:00.000000,,,,0.011094,
07/07/2019 16:54:00.000000,,,,6.445238,
07/07/2019 16:55:00.000000,,,,0.011276,
07/07/2019 16:56:00.000000,,,,6.085,
07/07/2019 16:57:00.000000,,,,0.010407,
07/07/2019 16:58:00.000000,,,,9.929268,
07/07/2019 16:59:00.000000,,,,0.010547,
07/07/2019 17:00:00.000000,,,,4.036585,
07/07/2019 17:01:00.000000,,,,0.009846,
07/07/2019 17:02:00.000000,,,,14.815,
07/07/2019 17:03:00.000000,,,,9.7875,
07/07/2019 17:04:00.000000,,,,0.033036,
07/07/2019 17:05:00.000000,,,,0.024998,
07/07/2019 17:06:00.000000,,,,8.607692,
07/07/2019 17:07:00.000000,,,,0.005062,
07/07/2019 17:08:00.000000,,,,0.004721,
07/07/2019 17:09:00.000000,,,,0.007537,
07/07/2019 17:10:00.000000,,,,8.853488,
07/07/2019 17:11:00.000000,,,,0.032025,
07/07/2019 17:12:00.000000,,,,6.695122,
07/07/2019 17:13:00.000000,,,,0.011828,
07/07/2019 17:14:00.000000,,,,0.00725,
07/07/2019 17:15:00.000000,,,,15.306818,
07/07/2019 17:16:00.000000,,,,0.010276,
07/07/2019 17:17:00.000000,,,,0.00581,
07/07/2019 17:18:00.000000,,,,13.336842,
07/07/2019 17:19:00.000000,,,,7.25814,
07/07/2019 17:20:00.000000,,,,4.372727,
07/07/2019 17:21:00.000000,,,,14.042857,
07/07/2019 17:22:00.000000,,,,0.010585,
07/07/2019 17:23:00.000000,,,,6.731034,
07/07/2019 17:24:00.000000,,,,0.007172,
07/07/2019 17:25:00.000000,,,,8.836585,
07/07/2019 17:26:00.000000,,,,7.421951,
07/07/2019 17:27:00.000000,,,,0.004872,
07/07/2019 17:28:00.000000,,,,15.995,
07/07/2019 17:29:00.000000,,,,5.3375,
07/07/2019 17:30:00.000000,,,,3.585,
07/07/2019 17:31:00.000000,,,,0.021517,
07/07/2019 17:32:00.000000,,,,14.228571,
07/07/2019 17:33:00.000000,,,,0.005561,
07/07/2019 17:34:00.000000,,,,4.261538,
07/07/2019 17:35:00.000000,,,,0.004931,
07/07/2019 17:36:00.000000,,,,0.010972,
07/07/2019 17:37:00.000000,,,,5.583333,
07/07/2019 17:38:00.000000,,,,3.437209,
07/07/2019 17:39:00.000000,,,,7.776923,
07/07/2019 17:40:00.000000,,,,6.361905,
07/07/2019 17:41:00.000000,,,,0.004872,
07/07/2019 17:42:00.000000,,,,10.368293,
07/07/2019 17:43:00.000000,,,,0.008101,
07/07/2019 17:44:00.000000,,,,0.005437,
07/07/2019 17:45:00.000000,,,,0.005479,
07/07/2019 17:46:00.000000,,,,0.009733,
07/07/2019 17:47:00.000000,,,,0.0121,
07/07/2019 17:48:00.000000,,,,6.869048,
07/07/2019 17:49:00.000000,,,,0.008676,
07/07/2019 17:50:00.000000,,,,6.292308,
07/07/2019 17:51:00.000000,,,,7.604878,
07/07/2019 17:52:00.000000,,,,0.007301,
07/07/2019 17:53:00.000000,,,,8.841463,
07/07/2019 17:54:00.000000,,,,7.606977,
07/07/2019 17:55:00.000000,,,,6.881081,
07/07/2019 17:56:00.000000,,,,0.014008,
07/07/2019 17:57:00.000000,,,,0.011424,
07/07/2019 17:58:00.000000,,,,0.004681,
07/07/2019 17:59:00.000000,,,,0.007169,
07/07/2019 18:00:00.000000,,,,0.004843,
07/07/2019 18:01:00.000000,,,,0.007832,
07/07/2019 18:02:00.000000,,,,3.6,
07/07/2019 18:03:00.000000,,,,5.823256,
07/07/2019 18:04:00.000000,,,,0.004194,
07/07/2019 18:05:00.000000,,,,7.130233,
07/07/2019 18:06:00.000000,,,,7.29,
07/07/2019 18:07:00.000000,,,,8.8625,
07/07/2019 18:08:00.000000,,,,8.307143,
07/07/2019 18:09:00.000000,,,,8.006061,
07/07/2019 18:10:00.000000,,,,0.011463,
07/07/2019 18:11:00.000000,,,,0.021984,
07/07/2019 18:12:00.000000,,,,0.012363,
07/07/2019 18:13:00.000000,,,,0.01517,
07/07/2019 18:14:00.000000,,,,0.005807,
07/07/2019 18:15:00.000000,,,,0.007157,
07/07/2019 18:16:00.000000,,,,4.221951,
07/07/2019 18:17:00.000000,,,,0.00405,
07/07/2019 18:18:00.000000,,,,3.0,
07/07/2019 18:19:00.000000,,,,3.516279,
07/07/2019 18:20:00.000000,,,,6.83,
07/07/2019 18:21:00.000000,,,,0.013049,
07/07/2019 18:22:00.000000,,,,0.011089,
07/07/2019 18:23:00.000000,,,,0.012164,
07/07/2019 18:24:00.000000,,,,10.6625,
07/07/2019 18:25:00.000000,,,,0.0065,
07/07/2019 18:26:00.000000,,,,0.007241,
07/07/2019 18:27:00.000000,,,,0.00433,
07/07/2019 18:28:00.000000,,,,7.665854,
07/07/2019 18:29:00.000000,,,,0.008356,
07/07/2019 18:30:00.000000,,,,6.014286,
07/07/2019 18:31:00.000000,,,,10.268293,
07/07/2019 18:32:00.000000,,,,0.008678,
07/07/2019 18:33:00.000000,,,,16.954545,
07/07/2019 18:34:00.000000,,,,0.006899,
07/07/2019 18:35:00.000000,,,,2.613953,
07/07/2019 18:36:00.000000,,,,0.005692,
07/07/2019 18:37:00.000000,,,,2.956098,
07/07/2019 18:38:00.000000,,,,6.3,
07/07/2019 18:39:00.000000,,,,0.008335,
07/07/2019 18:40:00.000000,,,,13.6,
07/07/2019 18:41:00.000000,,,,16.67381,
07/07/2019 18:42:00.000000,,,,13.2,
07/07/2019 18:43:00.000000,,,,0.006128,
07/07/2019 18:44:00.000000,,,,9.263158,
07/07/2019 18:45:00.000000,,,,9.4375,
07/07/2019 18:46:00.000000,,,,3.728571,
07/07/2019 18:47:00.000000,,,,0.00768,
07/07/2019 18:48:00.000000,,,,5.481395,
07/07/2019 18:49:00.000000,,,,3.175,
07/07/2019 18:50:00.000000,,,,3.918605,
07/07/2019 18:51:00.000000,,,,7.85,
07/07/2019 18:52:00.000000,,,,6.92619,
07/07/2019 18:53:00.000000,,,,8.071429,
07/07/2019 18:54:00.000000,,,,0.00779,
07/07/2019 18:55:00.000000,,,,0.0177,
07/07/2019 18:56:00.000000,,,,0.015727,
07/07/2019 18:57:00.000000,,,,5.453659,
07/07/2019 18:58:00.000000,,,,0.004478,
07/07/2019 18:59:00.000000,,,,7.25,
07/07/2019 19:00:00.000000,,,,0.008142,
07/07/2019 19:01:00.000000,,,,0.01292,
07/07/2019 19:02:00.000000,,,,0.008664,
07/07/2019 19:03:00.000000,,,,6.914286,
07/07/2019 19:04:00.000000,,,,0.008946,
07/07/2019 19:05:00.000000,,,,0.007173,
07/07/2019 19:06:00.000000,,,,0.007368,
07/07/2019 19:07:00.000000,,,,10.45,
07/07/2019 19:08:00.000000,,,,0.005119,
07/07/2019 19:09:00.000000,,,,5.478947,
07/07/2019 19:10:00.000000,,,,6.389655,
07/07/2019 19:11:00.000000,,,,4.816667,
07/07/2019 19:12:00.000000,,,,0.00689,
07/07/2019 19:13:00.000000,,,,13.710526,
07/07/2019 19:14:00.000000,,,,0.010418,
07/07/2019 19:15:00.000000,,,,0.016796,
07/07/2019 19:16:00.000000,,,,0.005879,
07/07/2019 19:17:00.000000,,,,11.75,
07/07/2019 19:18:00.000000,,,,9.085714,
07/07/2019 19:19:00.000000,,,,4.252381,
07/07/2019 19:20:00.000000,,,,0.006848,
07/07/2019 19:21:00.000000,,,,0.006294,
07/07/2019 19:22:00.000000,,,,12.426829,
07/07/2019 19:23:00.000000,,,,7.623256,
07/07/2019 19:24:00.000000,,,,5.834146,
07/07/2019 19:25:00.000000,,,,0.005908,
07/07/2019 19:26:00.000000,,,,0.010737,
07/07/2019 19:27:00.000000,,,,0.005196,
07/07/2019 19:28:00.000000,,,,2.922222,
07/07/2019 19:29:00.000000,,,,4.625,
07/07/2019 19:30:00.000000,,,,0.003491,
07/07/2019 19:31:00.000000,,,,0.015567,
07/07/2019 19:32:00.000000,,,,0.012709,
07/07/2019 19:33:00.000000,,,,0.008191,
07/07/2019 19:34:00.000000,,,,0.003407,
07/07/2019 19:35:00.000000,,,,2.08,
07/07/2019 19:36:00.000000,,,,3.270732,
07/07/2019 19:37:00.000000,,,,0.004657,
07/07/2019 19:38:00.000000,,,,2.463636,
07/07/2019 19:39:00.000000,,,,0.002609,
07/07/2019 19:40:00.000000,,,,3.957895,
07/07/2019 19:41:00.000000,,,,5.404651,
07/07/2019 19:42:00.000000,,,,0.009304,
07/07/2019 19:43:00.000000,,,,5.970732,
07/07/2019 19:44:00.000000,,,,0.00326,
07/07/2019 19:45:00.000000,,,,0.00829,
07/07/2019 19:46:00.000000,,,,6.484211,
07/07/2019 19:47:00.000000,,,,0.00763,
07/07/2019 19:48:00.000000,,,,0.003631,
07/07/2019 19:49:00.000000,,,,2.763889,
07/07/2019 19:50:00.000000,,,,2.22973,
07/07/2019 19:51:00.000000,,,,0.007577,
07/07/2019 19:52:00.000000,,,,3.8875,
07/07/2019 19:53:00.000000,,,,0.007577,
07/07/2019 19:54:00.000000,,,,20.402857,
07/07/2019 19:55:00.000000,,,,7.955,
07/07/2019 19:56:00.000000,,,,5.431707,
07/07/2019 19:57:00.000000,,,,3.117949,
07/07/2019 19:58:00.000000,,,,7.934884,
07/07/2019 19:59:00.000000,,,,5.757143,
07/07/2019 20:00:00.000000,,,,0.018459,
07/07/2019 20:01:00.000000,,,,4.847619,
07/07/2019 20:02:00.000000,,,,0.004047,
07/07/2019 20:03:00.000000,,,,7.088095,
07/07/2019 20:04:00.000000,,,,3.912195,
07/07/2019 20:05:00.000000,,,,7.292308,
07/07/2019 20:06:00.000000,,,,12.446154,
07/07/2019 20:07:00.000000,,,,0.008667,
07/07/2019 20:08:00.000000,,,,0.006679,
07/07/2019 20:09:00.000000,,,,0.008127,
07/07/2019 20:10:00.000000,,,,0.010591,
07/07/2019 20:11:00.000000,,,,0.004323,
07/07/2019 20:12:00.000000,,,,2.12439,
07/07/2019 20:13:00.000000,,,,0.007046,
07/07/2019 20:14:00.000000,,,,0.00737,
07/07/2019 20:15:00.000000,,,,0.011045,
07/07/2019 20:16:00.000000,,,,0.010505,
07/07/2019 20:17:00.000000,,,,4.65122,
07/07/2019 20:18:00.000000,,,,5.638462,
07/07/2019 20:19:00.000000,,,,3.007143,
07/07/2019 20:20:00.000000,,,,0.004734,
07/07/2019 20:21:00.000000,,,,0.009035,
07/07/2019 20:22:00.000000,,,,0.012234,
07/07/2019 20:23:00.000000,,,,0.009143,
07/07/2019 20:24:00.000000,,,,0.013617,
07/07/2019 20:25:00.000000,,,,0.007846,
07/07/2019 20:26:00.000000,,,,2.87907,
07/07/2019 20:27:00.000000,,,,14.818605,
07/07/2019 20:28:00.000000,,,,8.215,
07/07/2019 20:29:00.000000,,,,0.007522,
07/07/2019 20:30:00.000000,,,,3.05,
07/07/2019 20:31:00.000000,,,,0.006203,
07/07/2019 20:32:00.000000,,,,13.365854,
07/07/2019 20:33:00.000000,,,,0.007781,
07/07/2019 20:34:00.000000,,,,6.77561,
07/07/2019 20:35:00.000000,,,,0.018179,
07/07/2019 20:36:00.000000,,,,10.323256,
07/07/2019 20:37:00.000000,,,,0.007987,
07/07/2019 20:38:00.000000,,,,4.037209,
07/07/2019 20:39:00.000000,,,,2.953846,
07/07/2019 20:40:00.000000,,,,0.006001,
07/07/2019 20:41:00.000000,,,,0.008203,
07/07/2019 20:42:00.000000,,,,0.015446,
07/07/2019 20:43:00.000000,,,,0.019364,
07/07/2019 20:44:00.000000,,,,0.017421,
07/07/2019 20:45:00.000000,,,,7.974419,
07/07/2019 20:46:00.000000,,,,0.010859,
07/07/2019 20:47:00.000000,,,,0.003689,
07/07/2019 20:48:00.000000,,,,10.656098,
07/07/2019 20:49:00.000000,,,,10.518182,
07/07/2019 20:50:00.000000,,,,0.005778,
07/07/2019 20:51:00.000000,,,,5.537209,
07/07/2019 20:52:00.000000,,,,0.009152,
07/07/2019 20:53:00.000000,,,,6.709375,
07/07/2019 20:54:00.000000,,,,0.003983,
07/07/2019 20:55:00.000000,,,,9.386047,
07/07/2019 20:56:00.000000,,,,14.625,
07/07/2019 20:57:00.000000,,,,4.389744,
07/07/2019 20:58:00.000000,,,,0.014313,
07/07/2019 20:59:00.000000,,,,3.992683,
07/07/2019 21:00:00.000000,,,,6.1,
07/07/2019 21:01:00.000000,,,,0.008549,
07/07/2019 21:02:00.000000,,,,9.83,
07/07/2019 21:03:00.000000,,,,8.778049,
07/07/2019 21:04:00.000000,,,,5.341463,
07/07/2019 21:05:00.000000,,,,2.67907,
07/07/2019 21:06:00.000000,,,,0.003116,
07/07/2019 21:07:00.000000,,,,8.948387,
07/07/2019 21:08:00.000000,,,,7.785,
07/07/2019 21:09:00.000000,,,,3.08,
07/07/2019 21:10:00.000000,,,,0.00536,
07/07/2019 21:11:00.000000,,,,5.014286,
07/07/2019 21:12:00.000000,,,,26.016667,
07/07/2019 21:13:00.000000,,,,0.077422,
07/07/2019 21:14:00.000000,,,,27.476316,
07/07/2019 21:15:00.000000,,,,0.014849,
07/07/2019 21:16:00.000000,,,,0.010137,
07/07/2019 21:17:00.000000,,,,5.385714,
07/07/2019 21:18:00.000000,,,,12.441463,
07/07/2019 21:19:00.000000,,,,8.707692,
07/07/2019 21:20:00.000000,,,,0.003955,
07/07/2019 21:21:00.000000,,,,0.006506,
07/07/2019 21:22:00.000000,,,,4.273171,
07/07/2019 21:23:00.000000,,,,0.00421,
07/07/2019 21:24:00.000000,,,,6.535714,
07/07/2019 21:25:00.000000,,,,4.942857,
07/07/2019 21:26:00.000000,,,,0.007783,
07/07/2019 21:27:00.000000,,,,7.921951,
07/07/2019 21:28:00.000000,,,,0.006727,
07/07/2019 21:29:00.000000,,,,28.929268,
07/07/2019 21:30:00.000000,,,,6.784615,
07/07/2019 21:31:00.000000,,,,0.008894,
07/07/2019 21:32:00.000000,,,,7.243243,
07/07/2019 21:33:00.000000,,,,2.935135,
07/07/2019 21:34:00.000000,,,,6.1,
07/07/2019 21:35:00.000000,,,,7.288372,
07/07/2019 21:36:00.000000,,,,4.742857,
07/07/2019 21:37:00.000000,,,,7.5,
07/07/2019 21:38:00.000000,,,,0.004968,
07/07/2019 21:39:00.000000,,,,12.428571,
07/07/2019 21:40:00.000000,,,,0.008248,
07/07/2019 21:41:00.000000,,,,7.407317,
07/07/2019 21:42:00.000000,,,,0.008635,
07/07/2019 21:43:00.000000,,,,2.333333,
07/07/2019 21:44:00.000000,,,,19.167442,
07/07/2019 21:45:00.000000,,,,5.683871,
07/07/2019 21:46:00.000000,,,,0.007136,
07/07/2019 21:47:00.000000,,,,0.00677,
07/07/2019 21:48:00.000000,,,,0.007201,
07/07/2019 21:49:00.000000,,,,0.025388,
07/07/2019 21:50:00.000000,,,,0.017335,
07/07/2019 21:51:00.000000,,,,24.803448,
07/07/2019 21:52:00.000000,,,,0.010996,
07/07/2019 21:53:00.000000,,,,0.006468,
07/07/2019 21:54:00.000000,,,,2.616667,
07/07/2019 21:55:00.000000,,,,0.010519,
07/07/2019 21:56:00.000000,,,,11.17561,
07/07/2019 21:57:00.000000,,,,0.005151,
07/07/2019 21:58:00.000000,,,,0.002839,
07/07/2019 21:59:00.000000,,,,0.00756,
07/07/2019 22:00:00.000000,,,,0.018034,
07/07/2019 22:01:00.000000,,,,3.990909,
07/07/2019 22:02:00.000000,,,,0.005972,
07/07/2019 22:03:00.000000,,,,10.217241,
07/07/2019 22:04:00.000000,,,,0.008348,
07/07/2019 22:05:00.000000,,,,0.003862,
07/07/2019 22:06:00.000000,,,,0.009139,
07/07/2019 22:07:00.000000,,,,0.020636,
07/07/2019 22:08:00.000000,,,,0.009149,
07/07/2019 22:09:00.000000,,,,9.257143,
07/07/2019 22:10:00.000000,,,,2.339394,
07/07/2019 22:11:00.000000,,,,7.841176,
07/07/2019 22:12:00.000000,,,,14.004878,
07/07/2019 22:13:00.000000,,,,5.828571,
07/07/2019 22:14:00.000000,,,,7.207143,
07/07/2019 22:15:00.000000,,,,2.630769,
07/07/2019 22:16:00.000000,,,,0.015815,
07/07/2019 22:17:00.000000,,,,0.005967,
07/07/2019 22:18:00.000000,,,,0.009554,
07/07/2019 22:19:00.000000,,,,11.84186,
07/07/2019 22:20:00.000000,,,,0.009917,
07/07/2019 22:21:00.000000,,,,8.645161,
07/07/2019 22:22:00.000000,,,,13.940625,
07/07/2019 22:23:00.000000,,,,0.017227,
07/07/2019 22:24:00.000000,,,,9.117073,
07/07/2019 22:25:00.000000,,,,0.00436,
07/07/2019 22:26:00.000000,,,,0.01868,
07/07/2019 22:27:00.000000,,,,9.883721,
07/07/2019 22:28:00.000000,,,,5.556818,
07/07/2019 22:29:00.000000,,,,15.158537,
07/07/2019 22:30:00.000000,,,,0.014689,
07/07/2019 22:31:00.000000,,,,0.022446,
07/07/2019 22:32:00.000000,,,,14.835,
07/07/2019 22:33:00.000000,,,,0.010871,
07/07/2019 22:34:00.000000,,,,0.009549,
07/07/2019 22:35:00.000000,,,,0.007018,
07/07/2019 22:36:00.000000,,,,6.46,
07/07/2019 22:37:00.000000,,,,3.484615,
07/07/2019 22:38:00.000000,,,,8.732558,
07/07/2019 22:39:00.000000,,,,0.020921,
07/07/2019 22:40:00.000000,,,,7.725581,
07/07/2019 22:41:00.000000,,,,5.290244,
07/07/2019 22:42:00.000000,,,,0.0084,
07/07/2019 22:43:00.000000,,,,0.010997,
07/07/2019 22:44:00.000000,,,,2.747368,
07/07/2019 22:45:00.000000,,,,0.023127,
07/07/2019 22:46:00.000000,,,,0.016081,
07/07/2019 22:47:00.000000,,,,10.471429,
07/07/2019 22:48:00.000000,,,,10.315789,
07/07/2019 22:49:00.000000,,,,0.016547,
07/07/2019 22:50:00.000000,,,,0.008572,
07/07/2019 22:51:00.000000,,,,9.14,
07/07/2019 22:52:00.000000,,,,6.188095,
07/07/2019 22:53:00.000000,,,,0.009951,
07/07/2019 22:54:00.000000,,,,8.12381,
07/07/2019 22:55:00.000000,,,,0.014987,
07/07/2019 22:56:00.000000,,,,0.016884,
07/07/2019 22:57:00.000000,,,,10.747619,
07/07/2019 22:58:00.000000,,,,0.003842,
07/07/2019 22:59:00.000000,,,,0.012805,
07/07/2019 23:00:00.000000,,,,21.402439,
07/07/2019 23:01:00.000000,,,,25.589474,
07/07/2019 23:02:00.000000,,,,15.562791,
07/07/2019 23:03:00.000000,,,,6.865116,
07/07/2019 23:04:00.000000,,,,2.92,
07/07/2019 23:05:00.000000,,,,11.721951,
07/07/2019 23:06:00.000000,,,,0.011528,
07/07/2019 23:07:00.000000,,,,7.343902,
07/07/2019 23:08:00.000000,,,,0.008621,
07/07/2019 23:09:00.000000,,,,16.297561,
07/07/2019 23:10:00.000000,,,,7.061538,
07/07/2019 23:11:00.000000,,,,0.010402,
07/07/2019 23:12:00.000000,,,,0.01273,
07/07/2019 23:13:00.000000,,,,0.021244,
07/07/2019 23:14:00.000000,,,,0.00832,
07/07/2019 23:15:00.000000,,,,0.004985,
07/07/2019 23:16:00.000000,,,,3.509756,
07/07/2019 23:17:00.000000,,,,10.942857,
07/07/2019 23:18:00.000000,,,,5.069231,
07/07/2019 23:19:00.000000,,,,0.00797,
07/07/2019 23:20:00.000000,,,,0.010375,
07/07/2019 23:21:00.000000,,,,0.016734,
07/07/2019 23:22:00.000000,,,,0.009057,
07/07/2019 23:23:00.000000,,,,0.006129,
07/07/2019 23:24:00.000000,,,,3.76087,
07/07/2019 23:25:00.000000,,,,4.510526,
07/07/2019 23:26:00.000000,,,,7.270732,
07/07/2019 23:27:00.000000,,,,7.230233,
07/07/2019 23:28:00.000000,,,,3.018421,
07/07/2019 23:29:00.000000,,,,3.657143,
07/07/2019 23:30:00.000000,,,,8.105405,
07/07/2019 23:31:00.000000,,,,0.004581,
07/07/2019 23:32:00.000000,,,,2.6,
07/07/2019 23:33:00.000000,,,,5.75122,
07/07/2019 23:34:00.000000,,,,13.253846,
07/07/2019 23:35:00.000000,,,,6.442857,
07/07/2019 23:36:00.000000,,,,0.003472,
07/07/2019 23:37:00.000000,,,,13.733333,
07/07/2019 23:38:00.000000,,,,10.278723,
07/07/2019 23:39:00.000000,,,,2.797436,
07/07/2019 23:40:00.000000,,,,0.006577,
07/07/2019 23:41:00.000000,,,,6.247368,
07/07/2019 23:42:00.000000,,,,4.25122,
07/07/2019 23:43:00.000000,,,,0.016002,
07/07/2019 23:44:00.000000,,,,0.009328,
07/07/2019 23:45:00.000000,,,,2.631579,
07/07/2019 23:46:00.000000,,,,0.005872,
07/07/2019 23:47:00.000000,,,,3.2,
07/07/2019 23:48:00.000000,,,,0.008168,
07/07/2019 23:49:00.000000,,,,0.006656,
07/07/2019 23:50:00.000000,,,,2.794737,
07/07/2019 23:51:00.000000,,,,0.004704,
07/07/2019 23:52:00.000000,,,,0.005985,
07/07/2019 23:53:00.000000,,,,2.071429,
07/07/2019 23:54:00.000000,,,,0.001913,
07/07/2019 23:55:00.000000,,,,2.992683,
07/07/2019 23:56:00.000000,,,,20.374359,
07/07/2019 23:57:00.000000,,,,0.006433,
07/07/2019 23:58:00.000000,,,,0.008629,
07/07/2019 23:59:00.000000,,,,3.442857,
07/08/2019 00:00:00.000000,,,,0.003831,
07/08/2019 00:01:00.000000,,,,0.008758,
07/08/2019 00:02:00.000000,,,,2.15,
07/08/2019 00:03:00.000000,,,,0.0104,
07/08/2019 00:04:00.000000,,,,2.604545,
07/08/2019 00:05:00.000000,,,,0.002002,
07/08/2019 00:06:00.000000,,,,0.00234,
07/08/2019 00:07:00.000000,,,,1.557143,
07/08/2019 00:08:00.000000,,,,0.004848,
07/08/2019 00:09:00.000000,,,,0.002698,
07/08/2019 00:10:00.000000,,,,0.003942,
07/08/2019 00:11:00.000000,,,,2.119512,
07/08/2019 00:12:00.000000,,,,0.007673,
07/08/2019 00:13:00.000000,,,,3.1,
07/08/2019 00:14:00.000000,,,,0.007926,
07/08/2019 00:15:00.000000,,,,3.75,
07/08/2019 00:16:00.000000,,,,0.006387,
07/08/2019 00:17:00.000000,,,,5.094595,
07/08/2019 00:18:00.000000,,,,0.006513,
07/08/2019 00:19:00.000000,,,,2.75,
07/08/2019 00:20:00.000000,,,,0.002719,
07/08/2019 00:21:00.000000,,,,0.007399,
07/08/2019 00:22:00.000000,,,,0.00508,
07/08/2019 00:23:00.000000,,,,0.003562,
07/08/2019 00:24:00.000000,,,,0.002466,
07/08/2019 00:25:00.000000,,,,2.945238,
07/08/2019 00:26:00.000000,,,,5.130769,
07/08/2019 00:27:00.000000,,,,3.130769,
07/08/2019 00:28:00.000000,,,,6.029268,
07/08/2019 00:29:00.000000,,,,0.003705,
07/08/2019 00:30:00.000000,,,,0.023936,
07/08/2019 00:31:00.000000,,,,5.244186,
07/08/2019 00:32:00.000000,,,,2.187805,
07/08/2019 00:33:00.000000,,,,0.002126,
07/08/2019 00:34:00.000000,,,,2.04186,
07/08/2019 00:35:00.000000,,,,3.12,
07/08/2019 00:36:00.000000,,,,0.00301,
07/08/2019 00:37:00.000000,,,,2.111905,
07/08/2019 00:38:00.000000,,,,1.751282,
07/08/2019 00:39:00.000000,,,,0.007621,
07/08/2019 00:40:00.000000,,,,21.3,
07/08/2019 00:41:00.000000,,,,6.261111,
07/08/2019 00:42:00.000000,,,,6.051163,
07/08/2019 00:43:00.000000,,,,2.375,
07/08/2019 00:44:00.000000,,,,1.8,
07/08/2019 00:45:00.000000,,,,4.542857,
07/08/2019 00:46:00.000000,,,,2.867647,
07/08/2019 00:47:00.000000,,,,0.006197,
07/08/2019 00:48:00.000000,,,,0.014797,
07/08/2019 00:49:00.000000,,,,4.617647,
07/08/2019 00:50:00.000000,,,,0.007082,
07/08/2019 00:51:00.000000,,,,10.42439,
07/08/2019 00:52:00.000000,,,,6.458537,
07/08/2019 00:53:00.000000,,,,0.005438,
07/08/2019 00:54:00.000000,,,,0.020552,
07/08/2019 00:55:00.000000,,,,6.15122,
07/08/2019 00:56:00.000000,,,,12.837209,
07/08/2019 00:57:00.000000,,,,3.483721,
07/08/2019 00:58:00.000000,,,,7.928571,
07/08/2019 00:59:00.000000,,,,0.008727,
07/08/2019 01:00:00.000000,,,,0.012753,
07/08/2019 01:01:00.000000,,,,4.85,
07/08/2019 01:02:00.000000,,,,2.725,
07/08/2019 01:03:00.000000,,,,2.071429,
07/08/2019 01:04:00.000000,,,,4.634146,
07/08/2019 01:05:00.000000,,,,5.995122,
07/08/2019 01:06:00.000000,,,,4.1875,
07/08/2019 01:07:00.000000,,,,0.003077,
07/08/2019 01:08:00.000000,,,,0.014818,
07/08/2019 01:09:00.000000,,,,0.007609,
07/08/2019 01:10:00.000000,,,,2.546512,
07/08/2019 01:11:00.000000,,,,0.00567,
07/08/2019 01:12:00.000000,,,,12.553333,
07/08/2019 01:13:00.000000,,,,4.057143,
07/08/2019 01:14:00.000000,,,,5.130952,
07/08/2019 01:15:00.000000,,,,0.007072,
07/08/2019 01:16:00.000000,,,,2.857143,
07/08/2019 01:17:00.000000,,,,3.326316,
07/08/2019 01:18:00.000000,,,,2.390244,
07/08/2019 01:19:00.000000,,,,2.111111,
07/08/2019 01:20:00.000000,,,,2.8875,
07/08/2019 01:21:00.000000,,,,0.008652,
07/08/2019 01:22:00.000000,,,,0.004,
07/08/2019 01:23:00.000000,,,,0.011063,
07/08/2019 01:24:00.000000,,,,3.18,
07/08/2019 01:25:00.000000,,,,0.003968,
07/08/2019 01:26:00.000000,,,,0.007979,
07/08/2019 01:27:00.000000,,,,0.005389,
07/08/2019 01:28:00.000000,,,,0.003853,
07/08/2019 01:29:00.000000,,,,2.56,
07/08/2019 01:30:00.000000,,,,0.003684,
07/08/2019 01:31:00.000000,,,,2.485714,
07/08/2019 01:32:00.000000,,,,0.007452,
07/08/2019 01:33:00.000000,,,,0.011915,
07/08/2019 01:34:00.000000,,,,5.859524,
07/08/2019 01:35:00.000000,,,,3.165854,
07/08/2019 01:36:00.000000,,,,3.482927,
07/08/2019 01:37:00.000000,,,,5.563415,
07/08/2019 01:38:00.000000,,,,8.719512,
07/08/2019 01:39:00.000000,,,,10.15,
07/08/2019 01:40:00.000000,,,,15.425581,
07/08/2019 01:41:00.000000,,,,0.006434,
07/08/2019 01:42:00.000000,,,,0.006497,
07/08/2019 01:43:00.000000,,,,15.246154,
07/08/2019 01:44:00.000000,,,,15.895,
07/08/2019 01:45:00.000000,,,,0.009701,
07/08/2019 01:46:00.000000,,,,6.013636,
07/08/2019 01:47:00.000000,,,,0.023728,
07/08/2019 01:48:00.000000,,,,8.404878,
07/08/2019 01:49:00.000000,,,,0.00842,
07/08/2019 01:50:00.000000,,,,0.004746,
07/08/2019 01:51:00.000000,,,,3.013333,
07/08/2019 01:52:00.000000,,,,10.57619,
07/08/2019 01:53:00.000000,,,,0.006316,
07/08/2019 01:54:00.000000,,,,0.00539,
07/08/2019 01:55:00.000000,,,,11.025581,
07/08/2019 01:56:00.000000,,,,0.009039,
07/08/2019 01:57:00.000000,,,,7.395122,
07/08/2019 01:58:00.000000,,,,4.014634,
07/08/2019 01:59:00.000000,,,,8.132558,
07/08/2019 02:00:00.000000,,,,4.133333,
07/08/2019 02:01:00.000000,,,,0.005222,
07/08/2019 02:02:00.000000,,,,14.8,
07/08/2019 02:03:00.000000,,,,0.010821,
07/08/2019 02:04:00.000000,,,,0.009123,
07/08/2019 02:05:00.000000,,,,8.915,
07/08/2019 02:06:00.000000,,,,0.009991,
07/08/2019 02:07:00.000000,,,,0.008315,
07/08/2019 02:08:00.000000,,,,0.004587,
07/08/2019 02:09:00.000000,,,,5.746341,
07/08/2019 02:10:00.000000,,,,9.039535,
07/08/2019 02:11:00.000000,,,,15.47561,
07/08/2019 02:12:00.000000,,,,0.011101,
07/08/2019 02:13:00.000000,,,,9.486364,
07/08/2019 02:14:00.000000,,,,0.005734,
07/08/2019 02:15:00.000000,,,,18.4625,
07/08/2019 02:16:00.000000,,,,0.012467,
07/08/2019 02:17:00.000000,,,,0.008325,
07/08/2019 02:18:00.000000,,,,0.006987,
07/08/2019 02:19:00.000000,,,,0.00866,
07/08/2019 02:20:00.000000,,,,0.013534,
07/08/2019 02:21:00.000000,,,,7.692308,
07/08/2019 02:22:00.000000,,,,0.010982,
07/08/2019 02:23:00.000000,,,,16.214286,
07/08/2019 02:24:00.000000,,,,0.006673,
07/08/2019 02:25:00.000000,,,,13.004545,
07/08/2019 02:26:00.000000,,,,8.768293,
07/08/2019 02:27:00.000000,,,,5.848837,
07/08/2019 02:28:00.000000,,,,3.035,
07/08/2019 02:29:00.000000,,,,6.3625,
07/08/2019 02:30:00.000000,,,,0.005411,
07/08/2019 02:31:00.000000,,,,2.165116,
07/08/2019 02:32:00.000000,,,,0.002173,
07/08/2019 02:33:00.000000,,,,0.005369,
07/08/2019 02:34:00.000000,,,,2.633333,
07/08/2019 02:35:00.000000,,,,7.462791,
07/08/2019 02:36:00.000000,,,,4.746154,
07/08/2019 02:37:00.000000,,,,0.003155,
07/08/2019 02:38:00.000000,,,,2.639024,
07/08/2019 02:39:00.000000,,,,7.992683,
07/08/2019 02:40:00.000000,,,,0.00468,
07/08/2019 02:41:00.000000,,,,4.202326,
07/08/2019 02:42:00.000000,,,,6.15,
07/08/2019 02:43:00.000000,,,,14.328571,
07/08/2019 02:44:00.000000,,,,4.24878,
07/08/2019 02:45:00.000000,,,,0.003589,
07/08/2019 02:46:00.000000,,,,7.128571,
07/08/2019 02:47:00.000000,,,,0.009744,
07/08/2019 02:48:00.000000,,,,0.011121,
07/08/2019 02:49:00.000000,,,,8.388889,
07/08/2019 02:50:00.000000,,,,0.011538,
07/08/2019 02:51:00.000000,,,,0.004987,
07/08/2019 02:52:00.000000,,,,10.816667,
07/08/2019 02:53:00.000000,,,,0.010307,
07/08/2019 02:54:00.000000,,,,0.004987,
07/08/2019 02:55:00.000000,,,,22.592683,
07/08/2019 02:56:00.000000,,,,0.017379,
07/08/2019 02:57:00.000000,,,,0.021567,
07/08/2019 02:58:00.000000,,,,25.171429,
07/08/2019 02:59:00.000000,,,,13.75122,
07/08/2019 03:00:00.000000,,,,10.304545,
07/08/2019 03:01:00.000000,,,,0.029326,
07/08/2019 03:02:00.000000,,,,19.782222,
07/08/2019 03:03:00.000000,,,,0.018787,
07/08/2019 03:04:00.000000,,,,0.011991,
07/08/2019 03:05:00.000000,,,,11.5,
07/08/2019 03:06:00.000000,,,,0.011562,
07/08/2019 03:07:00.000000,,,,15.093182,
07/08/2019 03:08:00.000000,,,,0.020113,
07/08/2019 03:09:00.000000,,,,0.021308,
07/08/2019 03:10:00.000000,,,,15.809302,
07/08/2019 03:11:00.000000,,,,25.475,
07/08/2019 03:12:00.000000,,,,0.021428,
07/08/2019 03:13:00.000000,,,,18.583721,
07/08/2019 03:14:00.000000,,,,14.721053,
07/08/2019 03:15:00.000000,,,,0.028918,
07/08/2019 03:16:00.000000,,,,0.025808,
07/08/2019 03:17:00.000000,,,,0.022656,
07/08/2019 03:18:00.000000,,,,0.01864,
07/08/2019 03:19:00.000000,,,,0.025849,
07/08/2019 03:20:00.000000,,,,0.018475,
07/08/2019 03:21:00.000000,,,,15.184091,
07/08/2019 03:22:00.000000,,,,0.018207,
07/08/2019 03:23:00.000000,,,,0.023398,
07/08/2019 03:24:00.000000,,,,0.011596,
07/08/2019 03:25:00.000000,,,,0.011184,
07/08/2019 03:26:00.000000,,,,13.630769,
07/08/2019 03:27:00.000000,,,,16.44,
07/08/2019 03:28:00.000000,,,,0.014479,
07/08/2019 03:29:00.000000,,,,5.766667,
07/08/2019 03:30:00.000000,,,,8.87561,
07/08/2019 03:31:00.000000,,,,8.635,
07/08/2019 03:32:00.000000,,,,13.468421,
07/08/2019 03:33:00.000000,,,,9.830769,
07/08/2019 03:34:00.000000,,,,15.176923,
07/08/2019 03:35:00.000000,,,,0.015505,
07/08/2019 03:36:00.000000,,,,5.653659,
07/08/2019 03:37:00.000000,,,,7.223077,
07/08/2019 03:38:00.000000,,,,16.871429,
07/08/2019 03:39:00.000000,,,,0.006418,
07/08/2019 03:40:00.000000,,,,5.536585,
07/08/2019 03:41:00.000000,,,,3.9625,
07/08/2019 03:42:00.000000,,,,0.011581,
07/08/2019 03:43:00.000000,,,,7.265,
07/08/2019 03:44:00.000000,,,,0.007364,
07/08/2019 03:45:00.000000,,,,6.25,
07/08/2019 03:46:00.000000,,,,5.397436,
07/08/2019 03:47:00.000000,,,,7.504878,
07/08/2019 03:48:00.000000,,,,17.460976,
07/08/2019 03:49:00.000000,,,,8.860465,
07/08/2019 03:50:00.000000,,,,0.013864,
07/08/2019 03:51:00.000000,,,,8.063158,
07/08/2019 03:52:00.000000,,,,10.422727,
07/08/2019 03:53:00.000000,,,,8.381579,
07/08/2019 03:54:00.000000,,,,19.84186,
07/08/2019 03:55:00.000000,,,,0.008423,
07/08/2019 03:56:00.000000,,,,15.590909,
07/08/2019 03:57:00.000000,,,,11.609756,
07/08/2019 03:58:00.000000,,,,0.032007,
07/08/2019 03:59:00.000000,,,,16.228571,
07/08/2019 04:00:00.000000,,,,0.03211,
07/08/2019 04:01:00.000000,,,,22.35,
07/08/2019 04:02:00.000000,,,,0.014625,
07/08/2019 04:03:00.000000,,,,0.018904,
07/08/2019 04:04:00.000000,,,,0.022195,
07/08/2019 04:05:00.000000,,,,17.64,
07/08/2019 04:06:00.000000,,,,11.861905,
07/08/2019 04:07:00.000000,,,,33.728571,
07/08/2019 04:08:00.000000,,,,17.205263,
07/08/2019 04:09:00.000000,,,,8.3,
07/08/2019 04:10:00.000000,,,,0.020549,
07/08/2019 04:11:00.000000,,,,0.0325,
07/08/2019 04:12:00.000000,,,,9.285,
07/08/2019 04:13:00.000000,,,,0.018766,
07/08/2019 04:14:00.000000,,,,14.885366,
07/08/2019 04:15:00.000000,,,,0.014236,
07/08/2019 04:16:00.000000,,,,0.01513,
07/08/2019 04:17:00.000000,,,,7.876923,
07/08/2019 04:18:00.000000,,,,0.007601,
07/08/2019 04:19:00.000000,,,,0.014514,
07/08/2019 04:20:00.000000,,,,0.005999,
07/08/2019 04:21:00.000000,,,,0.009162,
07/08/2019 04:22:00.000000,,,,0.005197,
07/08/2019 04:23:00.000000,,,,3.926829,
07/08/2019 04:24:00.000000,,,,0.004417,
07/08/2019 04:25:00.000000,,,,6.5,
07/08/2019 04:26:00.000000,,,,7.0,
07/08/2019 04:27:00.000000,,,,0.005136,
07/08/2019 04:28:00.000000,,,,5.392683,
07/08/2019 04:29:00.000000,,,,5.532558,
07/08/2019 04:30:00.000000,,,,12.326923,
07/08/2019 04:31:00.000000,,,,4.57561,
07/08/2019 04:32:00.000000,,,,0.008977,
07/08/2019 04:33:00.000000,,,,0.007313,
07/08/2019 04:34:00.000000,,,,3.84359,
07/08/2019 04:35:00.000000,,,,4.542857,
07/08/2019 04:36:00.000000,,,,41.7,
07/08/2019 04:37:00.000000,,,,15.557143,
07/08/2019 04:38:00.000000,,,,8.786047,
07/08/2019 04:39:00.000000,,,,0.008135,
07/08/2019 04:40:00.000000,,,,6.968293,
07/08/2019 04:41:00.000000,,,,4.026829,
07/08/2019 04:42:00.000000,,,,0.008135,
07/08/2019 04:43:00.000000,,,,7.115,
07/08/2019 04:44:00.000000,,,,0.023337,
07/08/2019 04:45:00.000000,,,,4.604878,
07/08/2019 04:46:00.000000,,,,5.8,
07/08/2019 04:47:00.000000,,,,0.004889,
07/08/2019 04:48:00.000000,,,,0.017153,
07/08/2019 04:49:00.000000,,,,0.010272,
07/08/2019 04:50:00.000000,,,,6.887805,
07/08/2019 04:51:00.000000,,,,0.006964,
07/08/2019 04:52:00.000000,,,,0.024734,
07/08/2019 04:53:00.000000,,,,0.013651,
07/08/2019 04:54:00.000000,,,,0.006183,
07/08/2019 04:55:00.000000,,,,10.319512,
07/08/2019 04:56:00.000000,,,,0.005916,
07/08/2019 04:57:00.000000,,,,16.631034,
07/08/2019 04:58:00.000000,,,,0.008782,
07/08/2019 04:59:00.000000,,,,0.004581,
07/08/2019 05:00:00.000000,,,,0.004561,
07/08/2019 05:01:00.000000,,,,4.04,
07/08/2019 05:02:00.000000,,,,3.424138,
07/08/2019 05:03:00.000000,,,,0.004916,
07/08/2019 05:04:00.000000,,,,0.014779,
07/08/2019 05:05:00.000000,,,,12.822581,
07/08/2019 05:06:00.000000,,,,7.544444,
07/08/2019 05:07:00.000000,,,,10.754545,
07/08/2019 05:08:00.000000,,,,11.18,
07/08/2019 05:09:00.000000,,,,0.010285,
07/08/2019 05:10:00.000000,,,,0.018369,
07/08/2019 05:11:00.000000,,,,13.1225,
07/08/2019 05:12:00.000000,,,,9.89,
07/08/2019 05:13:00.000000,,,,18.478261,
07/08/2019 05:14:00.000000,,,,6.583333,
07/08/2019 05:15:00.000000,,,,9.38,
07/08/2019 05:16:00.000000,,,,5.311364,
07/08/2019 05:17:00.000000,,,,0.00975,
07/08/2019 05:18:00.000000,,,,0.01012,
07/08/2019 05:19:00.000000,,,,0.011643,
07/08/2019 05:20:00.000000,,,,0.01012,
07/08/2019 05:21:00.000000,,,,11.113158,
07/08/2019 05:22:00.000000,,,,0.0065,
07/08/2019 05:23:00.000000,,,,16.631579,
07/08/2019 05:24:00.000000,,,,12.372727,
07/08/2019 05:25:00.000000,,,,0.010881,
07/08/2019 05:26:00.000000,,,,0.008722,
07/08/2019 05:27:00.000000,,,,7.618182,
07/08/2019 05:28:00.000000,,,,0.009627,
07/08/2019 05:29:00.000000,,,,8.167568,
07/08/2019 05:30:00.000000,,,,0.006109,
07/08/2019 05:31:00.000000,,,,9.939024,
07/08/2019 05:32:00.000000,,,,12.531818,
07/08/2019 05:33:00.000000,,,,0.011381,
07/08/2019 05:34:00.000000,,,,8.0,
07/08/2019 05:35:00.000000,,,,12.405,
07/08/2019 05:36:00.000000,,,,0.013497,
07/08/2019 05:37:00.000000,,,,25.523684,
07/08/2019 05:38:00.000000,,,,0.017215,
07/08/2019 05:39:00.000000,,,,10.428571,
07/08/2019 05:40:00.000000,,,,9.957143,
07/08/2019 05:41:00.000000,,,,0.011175,
07/08/2019 05:42:00.000000,,,,11.156098,
07/08/2019 05:43:00.000000,,,,15.716667,
07/08/2019 05:44:00.000000,,,,0.012285,
07/08/2019 05:45:00.000000,,,,18.252632,
07/08/2019 05:46:00.000000,,,,6.75,
07/08/2019 05:47:00.000000,,,,9.93,
07/08/2019 05:48:00.000000,,,,8.571429,
07/08/2019 05:49:00.000000,,,,11.147368,
07/08/2019 05:50:00.000000,,,,0.020173,
07/08/2019 05:51:00.000000,,,,13.528571,
07/08/2019 05:52:00.000000,,,,10.117949,
07/08/2019 05:53:00.000000,,,,0.028206,
07/08/2019 05:54:00.000000,,,,0.010682,
07/08/2019 05:55:00.000000,,,,0.017349,
07/08/2019 05:56:00.000000,,,,14.8125,
07/08/2019 05:57:00.000000,,,,0.020543,
07/08/2019 05:58:00.000000,,,,24.764286,
07/08/2019 05:59:00.000000,,,,8.705263,
07/08/2019 06:00:00.000000,,,,14.916667,
07/08/2019 06:01:00.000000,,,,12.125,
07/08/2019 06:02:00.000000,,,,0.006327,
07/08/2019 06:03:00.000000,,,,4.905405,
07/08/2019 06:04:00.000000,,,,0.015428,
07/08/2019 06:05:00.000000,,,,0.012737,
07/08/2019 06:06:00.000000,,,,11.13,
07/08/2019 06:07:00.000000,,,,5.195,
07/08/2019 06:08:00.000000,,,,6.278378,
07/08/2019 06:09:00.000000,,,,7.21,
07/08/2019 06:10:00.000000,,,,0.005916,
07/08/2019 06:11:00.000000,,,,0.013106,
07/08/2019 06:12:00.000000,,,,9.107692,
07/08/2019 06:13:00.000000,,,,11.058537,
07/08/2019 06:14:00.000000,,,,0.009953,
07/08/2019 06:15:00.000000,,,,9.114286,
07/08/2019 06:16:00.000000,,,,8.028571,
07/08/2019 06:17:00.000000,,,,0.00973,
07/08/2019 06:18:00.000000,,,,0.023326,
07/08/2019 06:19:00.000000,,,,0.0101,
07/08/2019 06:20:00.000000,,,,0.01154,
07/08/2019 06:21:00.000000,,,,0.013597,
07/08/2019 06:22:00.000000,,,,0.011972,
07/08/2019 06:23:00.000000,,,,0.008927,
07/08/2019 06:24:00.000000,,,,0.006644,
07/08/2019 06:25:00.000000,,,,0.015962,
07/08/2019 06:26:00.000000,,,,10.9,
07/08/2019 06:27:00.000000,,,,7.347368,
07/08/2019 06:28:00.000000,,,,0.009442,
07/08/2019 06:29:00.000000,,,,0.015695,
07/08/2019 06:30:00.000000,,,,0.013823,
07/08/2019 06:31:00.000000,,,,17.042857,
07/08/2019 06:32:00.000000,,,,0.035401,
07/08/2019 06:33:00.000000,,,,26.239535,
07/08/2019 06:34:00.000000,,,,0.011313,
07/08/2019 06:35:00.000000,,,,0.029189,
07/08/2019 06:36:00.000000,,,,7.758974,
07/08/2019 06:37:00.000000,,,,5.340476,
07/08/2019 06:38:00.000000,,,,7.723256,
07/08/2019 06:39:00.000000,,,,0.007014,
07/08/2019 06:40:00.000000,,,,0.017423,
07/08/2019 06:41:00.000000,,,,0.015818,
07/08/2019 06:42:00.000000,,,,9.522727,
07/08/2019 06:43:00.000000,,,,0.01298,
07/08/2019 06:44:00.000000,,,,11.48,
07/08/2019 06:45:00.000000,,,,0.01226,
07/08/2019 06:46:00.000000,,,,10.186047,
07/08/2019 06:47:00.000000,,,,0.007426,
07/08/2019 06:48:00.000000,,,,8.134884,
07/08/2019 06:49:00.000000,,,,0.0068,
07/08/2019 06:50:00.000000,,,,0.00604,
07/08/2019 06:51:00.000000,,,,7.318182,
07/08/2019 06:52:00.000000,,,,9.06,
07/08/2019 06:53:00.000000,,,,0.014339,
07/08/2019 06:54:00.000000,,,,0.016558,
07/08/2019 06:55:00.000000,,,,6.013636,
07/08/2019 06:56:00.000000,,,,7.971429,
07/08/2019 06:57:00.000000,,,,7.783333,
07/08/2019 06:58:00.000000,,,,0.021303,
07/08/2019 06:59:00.000000,,,,12.367568,
07/08/2019 07:00:00.000000,,,,8.056098,
07/08/2019 07:01:00.000000,,,,0.023933,
07/08/2019 07:02:00.000000,,,,0.011463,
07/08/2019 07:03:00.000000,,,,8.789474,
07/08/2019 07:04:00.000000,,,,7.34186,
07/08/2019 07:05:00.000000,,,,0.009265,
07/08/2019 07:06:00.000000,,,,7.938462,
07/08/2019 07:07:00.000000,,,,8.0,
07/08/2019 07:08:00.000000,,,,0.008834,
07/08/2019 07:09:00.000000,,,,0.01171,
07/08/2019 07:10:00.000000,,,,5.405128,
07/08/2019 07:11:00.000000,,,,0.016722,
07/08/2019 07:12:00.000000,,,,0.007889,
07/08/2019 07:13:00.000000,,,,0.007005,
07/08/2019 07:14:00.000000,,,,13.7275,
07/08/2019 07:15:00.000000,,,,0.014791,
07/08/2019 07:16:00.000000,,,,6.890244,
07/08/2019 07:17:00.000000,,,,0.00945,
07/08/2019 07:18:00.000000,,,,8.023256,
07/08/2019 07:19:00.000000,,,,0.009976,
07/08/2019 07:20:00.000000,,,,10.34,
07/08/2019 07:21:00.000000,,,,7.852381,
07/08/2019 07:22:00.000000,,,,0.01191,
07/08/2019 07:23:00.000000,,,,0.012177,
07/08/2019 07:24:00.000000,,,,0.010141,
07/08/2019 07:25:00.000000,,,,0.008722,
07/08/2019 07:26:00.000000,,,,10.336364,
07/08/2019 07:27:00.000000,,,,0.017505,
07/08/2019 07:28:00.000000,,,,15.04,
07/08/2019 07:29:00.000000,,,,9.602564,
07/08/2019 07:30:00.000000,,,,5.145,
07/08/2019 07:31:00.000000,,,,8.045455,
07/08/2019 07:32:00.000000,,,,0.013144,
07/08/2019 07:33:00.000000,,,,6.932558,
07/08/2019 07:34:00.000000,,,,0.008063,
07/08/2019 07:35:00.000000,,,,0.007343,
07/08/2019 07:36:00.000000,,,,0.005204,
07/08/2019 07:37:00.000000,,,,0.006767,
07/08/2019 07:38:00.000000,,,,4.192308,
07/08/2019 07:39:00.000000,,,,0.00759,
07/08/2019 07:40:00.000000,,,,0.005646,
07/08/2019 07:41:00.000000,,,,8.046341,
07/08/2019 07:42:00.000000,,,,0.007899,
07/08/2019 07:43:00.000000,,,,0.008105,
07/08/2019 07:44:00.000000,,,,0.005389,
07/08/2019 07:45:00.000000,,,,0.019521,
07/08/2019 07:46:00.000000,,,,0.011252,
07/08/2019 07:47:00.000000,,,,0.009421,
07/08/2019 07:48:00.000000,,,,7.273171,
07/08/2019 07:49:00.000000,,,,7.702326,
07/08/2019 07:50:00.000000,,,,8.527273,
07/08/2019 07:51:00.000000,,,,0.010305,
07/08/2019 07:52:00.000000,,,,8.943902,
07/08/2019 07:53:00.000000,,,,0.009997,
07/08/2019 07:54:00.000000,,,,5.576744,
07/08/2019 07:55:00.000000,,,,18.0,
07/08/2019 07:56:00.000000,,,,0.016754,
07/08/2019 07:57:00.000000,,,,0.014049,
07/08/2019 07:58:00.000000,,,,5.7125,
07/08/2019 07:59:00.000000,,,,0.009647,
07/08/2019 08:00:00.000000,,,,8.061538,
07/08/2019 08:01:00.000000,,,,8.492308,
07/08/2019 08:02:00.000000,,,,0.016579,
07/08/2019 08:03:00.000000,,,,6.3,
07/08/2019 08:04:00.000000,,,,0.015962,
07/08/2019 08:05:00.000000,,,,11.78,
07/08/2019 08:06:00.000000,,,,0.010408,
07/08/2019 08:07:00.000000,,,,11.521951,
07/08/2019 08:08:00.000000,,,,0.007796,
07/08/2019 08:09:00.000000,,,,12.931579,
07/08/2019 08:10:00.000000,,,,12.506977,
07/08/2019 08:11:00.000000,,,,7.356757,
07/08/2019 08:12:00.000000,,,,0.008454,
07/08/2019 08:13:00.000000,,,,0.008619,
07/08/2019 08:14:00.000000,,,,0.011139,
07/08/2019 08:15:00.000000,,,,9.217073,
07/08/2019 08:16:00.000000,,,,7.463889,
07/08/2019 08:17:00.000000,,,,0.018427,
07/08/2019 08:18:00.000000,,,,0.008423,
07/08/2019 08:19:00.000000,,,,8.527273,
07/08/2019 08:20:00.000000,,,,7.485,
07/08/2019 08:21:00.000000,,,,10.665,
07/08/2019 08:22:00.000000,,,,6.085714,
07/08/2019 08:23:00.000000,,,,0.006512,
07/08/2019 08:24:00.000000,,,,0.01023,
07/08/2019 08:25:00.000000,,,,0.014976,
07/08/2019 08:26:00.000000,,,,12.897059,
07/08/2019 08:27:00.000000,,,,0.015387,
07/08/2019 08:28:00.000000,,,,8.131707,
07/08/2019 08:29:00.000000,,,,9.2,
07/08/2019 08:30:00.000000,,,,14.3,
07/08/2019 08:31:00.000000,,,,0.017174,
07/08/2019 08:32:00.000000,,,,0.009183,
07/08/2019 08:33:00.000000,,,,0.006204,
07/08/2019 08:34:00.000000,,,,0.009203,
07/08/2019 08:35:00.000000,,,,10.1,
07/08/2019 08:36:00.000000,,,,0.013538,
07/08/2019 08:37:00.000000,,,,0.010908,
07/08/2019 08:38:00.000000,,,,7.9625,
07/08/2019 08:39:00.000000,,,,0.008402,
07/08/2019 08:40:00.000000,,,,10.073684,
07/08/2019 08:41:00.000000,,,,0.006697,
07/08/2019 08:42:00.000000,,,,6.690476,
07/08/2019 08:43:00.000000,,,,6.661538,
07/08/2019 08:44:00.000000,,,,5.604878,
07/08/2019 08:45:00.000000,,,,0.008402,
07/08/2019 08:46:00.000000,,,,0.005362,
07/08/2019 08:47:00.000000,,,,9.292308,
07/08/2019 08:48:00.000000,,,,0.008238,
07/08/2019 08:49:00.000000,,,,6.526829,
07/08/2019 08:50:00.000000,,,,4.823077,
07/08/2019 08:51:00.000000,,,,0.011093,
07/08/2019 08:52:00.000000,,,,18.023077,
07/08/2019 08:53:00.000000,,,,7.746512,
07/08/2019 08:54:00.000000,,,,6.65122,
07/08/2019 08:55:00.000000,,,,0.005068,
07/08/2019 08:56:00.000000,,,,3.422727,
07/08/2019 08:57:00.000000,,,,5.034884,
07/08/2019 08:58:00.000000,,,,0.006893,
07/08/2019 08:59:00.000000,,,,0.005262,
07/08/2019 09:00:00.000000,,,,0.00796,
07/08/2019 09:01:00.000000,,,,5.947619,
07/08/2019 09:02:00.000000,,,,6.925,
07/08/2019 09:03:00.000000,,,,4.378049,
07/08/2019 09:04:00.000000,,,,5.917949,
07/08/2019 09:05:00.000000,,,,4.47907,
07/08/2019 09:06:00.000000,,,,4.2,
07/08/2019 09:07:00.000000,,,,9.514286,
07/08/2019 09:08:00.000000,,,,5.269565,
07/08/2019 09:09:00.000000,,,,0.012002,
07/08/2019 09:10:00.000000,,,,0.010833,
07/08/2019 09:11:00.000000,,,,0.006647,
07/08/2019 09:12:00.000000,,,,7.873171,
07/08/2019 09:13:00.000000,,,,7.45,
07/08/2019 09:14:00.000000,,,,0.015224,
07/08/2019 09:15:00.000000,,,,0.022108,
07/08/2019 09:16:00.000000,,,,7.119512,
07/08/2019 09:17:00.000000,,,,0.012355,
07/08/2019 09:18:00.000000,,,,0.012437,
07/08/2019 09:19:00.000000,,,,0.006925,
07/08/2019 09:20:00.000000,,,,4.623256,
07/08/2019 09:21:00.000000,,,,0.012314,
07/08/2019 09:22:00.000000,,,,9.478049,
07/08/2019 09:23:00.000000,,,,0.013257,
07/08/2019 09:24:00.000000,,,,9.4,
07/08/2019 09:25:00.000000,,,,0.007694,
07/08/2019 09:26:00.000000,,,,0.01547,
07/08/2019 09:27:00.000000,,,,6.315385,
07/08/2019 09:28:00.000000,,,,7.521951,
07/08/2019 09:29:00.000000,,,,10.3625,
07/08/2019 09:30:00.000000,,,,0.007061,
07/08/2019 09:31:00.000000,,,,5.2125,
07/08/2019 09:32:00.000000,,,,0.007172,
07/08/2019 09:33:00.000000,,,,9.997561,
07/08/2019 09:34:00.000000,,,,11.929268,
07/08/2019 09:35:00.000000,,,,6.42093,
07/08/2019 09:36:00.000000,,,,12.346667,
07/08/2019 09:37:00.000000,,,,10.063415,
07/08/2019 09:38:00.000000,,,,0.013628,
07/08/2019 09:39:00.000000,,,,10.258537,
07/08/2019 09:40:00.000000,,,,0.007439,
07/08/2019 09:41:00.000000,,,,0.016431,
07/08/2019 09:42:00.000000,,,,0.016277,
07/08/2019 09:43:00.000000,,,,0.017207,
07/08/2019 09:44:00.000000,,,,0.012578,
07/08/2019 09:45:00.000000,,,,6.261538,
07/08/2019 09:46:00.000000,,,,8.439535,
07/08/2019 09:47:00.000000,,,,10.357143,
07/08/2019 09:48:00.000000,,,,0.01171,
07/08/2019 09:49:00.000000,,,,15.884375,
07/08/2019 09:50:00.000000,,,,0.007819,
07/08/2019 09:51:00.000000,,,,9.597561,
07/08/2019 09:52:00.000000,,,,0.02294,
07/08/2019 09:53:00.000000,,,,0.008949,
07/08/2019 09:54:00.000000,,,,5.077273,
07/08/2019 09:55:00.000000,,,,0.020481,
07/08/2019 09:56:00.000000,,,,15.314286,
07/08/2019 09:57:00.000000,,,,10.334146,
07/08/2019 09:58:00.000000,,,,8.671429,
07/08/2019 09:59:00.000000,,,,26.157143,
07/08/2019 10:00:00.000000,,,,0.008807,
07/08/2019 10:01:00.000000,,,,7.342857,
07/08/2019 10:02:00.000000,,,,0.014256,
07/08/2019 10:03:00.000000,,,,0.0065,
07/08/2019 10:04:00.000000,,,,0.006429,
07/08/2019 10:05:00.000000,,,,0.013001,
07/08/2019 10:06:00.000000,,,,0.017051,
07/08/2019 10:07:00.000000,,,,18.692857,
07/08/2019 10:08:00.000000,,,,0.011271,
07/08/2019 10:09:00.000000,,,,0.014747,
07/08/2019 10:10:00.000000,,,,0.012026,
07/08/2019 10:11:00.000000,,,,5.369231,
07/08/2019 10:12:00.000000,,,,5.121053,
07/08/2019 10:13:00.000000,,,,9.126829,
07/08/2019 10:14:00.000000,,,,0.019944,
07/08/2019 10:15:00.000000,,,,16.725,
07/08/2019 10:16:00.000000,,,,7.978571,
07/08/2019 10:17:00.000000,,,,5.812821,
07/08/2019 10:18:00.000000,,,,0.007307,
07/08/2019 10:19:00.000000,,,,4.911628,
07/08/2019 10:20:00.000000,,,,0.017967,
07/08/2019 10:21:00.000000,,,,22.655,
07/08/2019 10:22:00.000000,,,,0.015215,
07/08/2019 10:23:00.000000,,,,10.971429,
07/08/2019 10:24:00.000000,,,,17.671429,
07/08/2019 10:25:00.000000,,,,0.020189,
07/08/2019 10:26:00.000000,,,,11.2,
07/08/2019 10:27:00.000000,,,,13.8,
07/08/2019 10:28:00.000000,,,,0.010531,
07/08/2019 10:29:00.000000,,,,0.012021,
07/08/2019 10:30:00.000000,,,,11.295455,
07/08/2019 10:31:00.000000,,,,10.809091,
07/08/2019 10:32:00.000000,,,,8.373684,
07/08/2019 10:33:00.000000,,,,0.011124,
07/08/2019 10:34:00.000000,,,,0.010565,
07/08/2019 10:35:00.000000,,,,0.012631,
07/08/2019 10:36:00.000000,,,,14.495,
07/08/2019 10:37:00.000000,,,,0.011287,
07/08/2019 10:38:00.000000,,,,7.4,
07/08/2019 10:39:00.000000,,,,13.773171,
07/08/2019 10:40:00.000000,,,,0.013423,
07/08/2019 10:41:00.000000,,,,5.892308,
07/08/2019 10:42:00.000000,,,,0.022025,
07/08/2019 10:43:00.000000,,,,0.026472,
07/08/2019 10:44:00.000000,,,,14.125,
07/08/2019 10:45:00.000000,,,,0.012234,
07/08/2019 10:46:00.000000,,,,7.611628,
07/08/2019 10:47:00.000000,,,,5.65,
07/08/2019 10:48:00.000000,,,,0.009353,
07/08/2019 10:49:00.000000,,,,9.88,
07/08/2019 10:50:00.000000,,,,6.666667,
07/08/2019 10:51:00.000000,,,,0.005445,
07/08/2019 10:52:00.000000,,,,4.671429,
07/08/2019 10:53:00.000000,,,,0.010921,
07/08/2019 10:54:00.000000,,,,12.210811,
07/08/2019 10:55:00.000000,,,,7.723077,
07/08/2019 10:56:00.000000,,,,7.56,
07/08/2019 10:57:00.000000,,,,9.990698,
07/08/2019 10:58:00.000000,,,,11.146512,
07/08/2019 10:59:00.000000,,,,15.6,
07/08/2019 11:00:00.000000,,,,11.412195,
07/08/2019 11:01:00.000000,,,,0.008081,
07/08/2019 11:02:00.000000,,,,0.009677,
07/08/2019 11:03:00.000000,,,,9.035556,
07/08/2019 11:04:00.000000,,,,0.012909,
07/08/2019 11:05:00.000000,,,,8.674419,
07/08/2019 11:06:00.000000,,,,0.008965,
07/08/2019 11:07:00.000000,,,,10.705,
07/08/2019 11:08:00.000000,,,,0.012035,
07/08/2019 11:09:00.000000,,,,0.007725,
07/08/2019 11:10:00.000000,,,,5.059091,
07/08/2019 11:11:00.000000,,,,0.009138,
07/08/2019 11:12:00.000000,,,,0.020756,
07/08/2019 11:13:00.000000,,,,0.023368,
07/08/2019 11:14:00.000000,,,,11.764103,
07/08/2019 11:15:00.000000,,,,0.014606,
07/08/2019 11:16:00.000000,,,,15.24,
07/08/2019 11:17:00.000000,,,,0.025919,
07/08/2019 11:18:00.000000,,,,16.409091,
07/08/2019 11:19:00.000000,,,,0.009046,
07/08/2019 11:20:00.000000,,,,0.00556,
07/08/2019 11:21:00.000000,,,,22.06,
07/08/2019 11:22:00.000000,,,,0.032069,
07/08/2019 11:23:00.000000,,,,13.738095,
07/08/2019 11:24:00.000000,,,,6.261905,
07/08/2019 11:25:00.000000,,,,0.012207,
07/08/2019 11:26:00.000000,,,,12.341463,
07/08/2019 11:27:00.000000,,,,0.009748,
07/08/2019 11:28:00.000000,,,,0.010012,
07/08/2019 11:29:00.000000,,,,0.010988,
07/08/2019 11:30:00.000000,,,,0.014606,
07/08/2019 11:31:00.000000,,,,12.506977,
07/08/2019 11:32:00.000000,,,,0.010286,
07/08/2019 11:33:00.000000,,,,7.126829,
07/08/2019 11:34:00.000000,,,,9.080488,
07/08/2019 11:35:00.000000,,,,0.010449,
07/08/2019 11:36:00.000000,,,,0.008884,
07/08/2019 11:37:00.000000,,,,9.242857,
07/08/2019 11:38:00.000000,,,,12.822222,
07/08/2019 11:39:00.000000,,,,0.012767,
07/08/2019 11:40:00.000000,,,,8.984211,
07/08/2019 11:41:00.000000,,,,8.465625,
07/08/2019 11:42:00.000000,,,,0.010734,
07/08/2019 11:43:00.000000,,,,0.01173,
07/08/2019 11:44:00.000000,,,,0.013996,
07/08/2019 11:45:00.000000,,,,12.4125,
07/08/2019 11:46:00.000000,,,,15.48,
07/08/2019 11:47:00.000000,,,,20.115789,
07/08/2019 11:48:00.000000,,,,12.0825,
07/08/2019 11:49:00.000000,,,,0.009392,
07/08/2019 11:50:00.000000,,,,8.874194,
07/08/2019 11:51:00.000000,,,,9.585714,
07/08/2019 11:52:00.000000,,,,0.018944,
07/08/2019 11:53:00.000000,,,,0.01314,
07/08/2019 11:54:00.000000,,,,0.007786,
07/08/2019 11:55:00.000000,,,,6.923077,
07/08/2019 11:56:00.000000,,,,14.173171,
07/08/2019 11:57:00.000000,,,,11.86,
07/08/2019 11:58:00.000000,,,,7.095349,
07/08/2019 11:59:00.000000,,,,0.008254,
07/08/2019 12:00:00.000000,,,,6.158974,
07/08/2019 12:01:00.000000,,,,4.995238,
07/08/2019 12:02:00.000000,,,,8.046512,
07/08/2019 12:03:00.000000,,,,15.336842,
07/08/2019 12:04:00.000000,,,,0.016254,
07/08/2019 12:05:00.000000,,,,0.008631,
07/08/2019 12:06:00.000000,,,,0.008621,
07/08/2019 12:07:00.000000,,,,0.007725,
07/08/2019 12:08:00.000000,,,,0.006524,
07/08/2019 12:09:00.000000,,,,13.146512,
07/08/2019 12:10:00.000000,,,,13.157143,
07/08/2019 12:11:00.000000,,,,0.010595,
07/08/2019 12:12:00.000000,,,,0.014157,
07/08/2019 12:13:00.000000,,,,16.815909,
07/08/2019 12:14:00.000000,,,,14.742857,
07/08/2019 12:15:00.000000,,,,0.01088,
07/08/2019 12:16:00.000000,,,,5.5125,
07/08/2019 12:17:00.000000,,,,8.175,
07/08/2019 12:18:00.000000,,,,11.310811,
07/08/2019 12:19:00.000000,,,,0.011094,
07/08/2019 12:20:00.000000,,,,0.006844,
07/08/2019 12:21:00.000000,,,,0.008978,
07/08/2019 12:22:00.000000,,,,9.765116,
07/08/2019 12:23:00.000000,,,,11.685366,
07/08/2019 12:24:00.000000,,,,0.010614,
07/08/2019 12:25:00.000000,,,,8.467568,
07/08/2019 12:26:00.000000,,,,0.014513,
07/08/2019 12:27:00.000000,,,,11.027273,
07/08/2019 12:28:00.000000,,,,6.771429,
07/08/2019 12:29:00.000000,,,,0.005668,
07/08/2019 12:30:00.000000,,,,4.34878,
07/08/2019 12:31:00.000000,,,,0.006902,
07/08/2019 12:32:00.000000,,,,7.84,
07/08/2019 12:33:00.000000,,,,0.012724,
07/08/2019 12:34:00.000000,,,,8.468182,
07/08/2019 12:35:00.000000,,,,7.695349,
07/08/2019 12:36:00.000000,,,,0.014926,
07/08/2019 12:37:00.000000,,,,22.129268,
07/08/2019 12:38:00.000000,,,,19.725,
07/08/2019 12:39:00.000000,,,,13.060976,
07/08/2019 12:40:00.000000,,,,7.358974,
07/08/2019 12:41:00.000000,,,,0.004824,
07/08/2019 12:42:00.000000,,,,0.007302,
07/08/2019 12:43:00.000000,,,,0.022311,
07/08/2019 12:44:00.000000,,,,15.417073,
07/08/2019 12:45:00.000000,,,,8.776923,
07/08/2019 12:46:00.000000,,,,0.010751,
07/08/2019 12:47:00.000000,,,,8.7,
07/08/2019 12:48:00.000000,,,,0.011678,
07/08/2019 12:49:00.000000,,,,0.012996,
07/08/2019 12:50:00.000000,,,,0.006426,
07/08/2019 12:51:00.000000,,,,0.005788,
07/08/2019 12:52:00.000000,,,,0.014582,
07/08/2019 12:53:00.000000,,,,9.771429,
07/08/2019 12:54:00.000000,,,,0.011369,
07/08/2019 12:55:00.000000,,,,0.024675,
07/08/2019 12:56:00.000000,,,,0.015674,
07/08/2019 12:57:00.000000,,,,0.019136,
07/08/2019 12:58:00.000000,,,,0.012301,
07/08/2019 12:59:00.000000,,,,9.829412,
07/08/2019 13:00:00.000000,,,,0.012111,
07/08/2019 13:01:00.000000,,,,0.011987,
07/08/2019 13:02:00.000000,,,,0.015046,
07/08/2019 13:03:00.000000,,,,0.010401,
07/08/2019 13:04:00.000000,,,,11.742857,
07/08/2019 13:05:00.000000,,,,0.026755,
07/08/2019 13:06:00.000000,,,,0.037156,
07/08/2019 13:07:00.000000,,,,24.95,
07/08/2019 13:08:00.000000,,,,0.0267,
07/08/2019 13:09:00.000000,,,,0.018389,
07/08/2019 13:10:00.000000,,,,10.836842,
07/08/2019 13:11:00.000000,,,,20.0975,
07/08/2019 13:12:00.000000,,,,0.014193,
07/08/2019 13:13:00.000000,,,,7.895349,
07/08/2019 13:14:00.000000,,,,9.778571,
07/08/2019 13:15:00.000000,,,,8.225,
07/08/2019 13:16:00.000000,,,,10.548718,
07/08/2019 13:17:00.000000,,,,0.019778,
07/08/2019 13:18:00.000000,,,,8.615385,
07/08/2019 13:19:00.000000,,,,11.506977,
07/08/2019 13:20:00.000000,,,,0.013206,
07/08/2019 13:21:00.000000,,,,0.013329,
07/08/2019 13:22:00.000000,,,,0.01191,
07/08/2019 13:23:00.000000,,,,15.8,
07/08/2019 13:24:00.000000,,,,0.045658,
07/08/2019 13:25:00.000000,,,,18.091892,
07/08/2019 13:26:00.000000,,,,0.010772,
07/08/2019 13:27:00.000000,,,,19.169767,
07/08/2019 13:28:00.000000,,,,13.102439,
07/08/2019 13:29:00.000000,,,,0.020844,
07/08/2019 13:30:00.000000,,,,9.138462,
07/08/2019 13:31:00.000000,,,,0.012626,
07/08/2019 13:32:00.000000,,,,11.532558,
07/08/2019 13:33:00.000000,,,,11.457447,
07/08/2019 13:34:00.000000,,,,8.610256,
07/08/2019 13:35:00.000000,,,,7.44,
07/08/2019 13:36:00.000000,,,,0.01417,
07/08/2019 13:37:00.000000,,,,22.22,
07/08/2019 13:38:00.000000,,,,17.286047,
07/08/2019 13:39:00.000000,,,,14.522727,
07/08/2019 13:40:00.000000,,,,0.008033,
07/08/2019 13:41:00.000000,,,,21.17907,
07/08/2019 13:42:00.000000,,,,27.319512,
07/08/2019 13:43:00.000000,,,,0.022965,
07/08/2019 13:44:00.000000,,,,0.012617,
07/08/2019 13:45:00.000000,,,,13.165854,
07/08/2019 13:46:00.000000,,,,0.006744,
07/08/2019 13:47:00.000000,,,,10.378571,
07/08/2019 13:48:00.000000,,,,0.009744,
07/08/2019 13:49:00.000000,,,,0.005989,
07/08/2019 13:50:00.000000,,,,14.259459,
07/08/2019 13:51:00.000000,,,,17.468293,
07/08/2019 13:52:00.000000,,,,0.013957,
07/08/2019 13:53:00.000000,,,,19.959375,
07/08/2019 13:54:00.000000,,,,8.570732,
07/08/2019 13:55:00.000000,,,,0.034161,
07/08/2019 13:56:00.000000,,,,20.387879,
07/08/2019 13:57:00.000000,,,,0.015232,
07/08/2019 13:58:00.000000,,,,4.794872,
07/08/2019 13:59:00.000000,,,,3.4,
07/08/2019 14:00:00.000000,,,,0.012158,
07/08/2019 14:01:00.000000,,,,10.209756,
07/08/2019 14:02:00.000000,,,,4.883333,
07/08/2019 14:03:00.000000,,,,8.7,
07/08/2019 14:04:00.000000,,,,0.005625,
07/08/2019 14:05:00.000000,,,,0.008822,
07/08/2019 14:06:00.000000,,,,0.015752,
07/08/2019 14:07:00.000000,,,,0.007295,
07/08/2019 14:08:00.000000,,,,0.009935,
07/08/2019 14:09:00.000000,,,,0.018353,
07/08/2019 14:10:00.000000,,,,0.024911,
07/08/2019 14:11:00.000000,,,,0.019729,
07/08/2019 14:12:00.000000,,,,19.309756,
07/08/2019 14:13:00.000000,,,,0.019712,
07/08/2019 14:14:00.000000,,,,13.766667,
07/08/2019 14:15:00.000000,,,,0.014607,
07/08/2019 14:16:00.000000,,,,0.02538,
07/08/2019 14:17:00.000000,,,,16.5,
07/08/2019 14:18:00.000000,,,,6.775,
07/08/2019 14:19:00.000000,,,,0.017943,
07/08/2019 14:20:00.000000,,,,0.020051,
07/08/2019 14:21:00.000000,,,,0.020134,
07/08/2019 14:22:00.000000,,,,0.031005,
07/08/2019 14:23:00.000000,,,,0.043502,
07/08/2019 14:24:00.000000,,,,0.014271,
07/08/2019 14:25:00.000000,,,,11.0375,
07/08/2019 14:26:00.000000,,,,16.9,
07/08/2019 14:27:00.000000,,,,22.090244,
07/08/2019 14:28:00.000000,,,,15.928947,
07/08/2019 14:29:00.000000,,,,0.014271,
07/08/2019 14:30:00.000000,,,,0.013729,
07/08/2019 14:31:00.000000,,,,0.010954,
07/08/2019 14:32:00.000000,,,,17.366667,
07/08/2019 14:33:00.000000,,,,11.144737,
07/08/2019 14:34:00.000000,,,,0.011359,
07/08/2019 14:35:00.000000,,,,6.757143,
07/08/2019 14:36:00.000000,,,,0.008949,
07/08/2019 14:37:00.000000,,,,0.017902,
07/08/2019 14:38:00.000000,,,,8.22,
07/08/2019 14:39:00.000000,,,,7.08,
07/08/2019 14:40:00.000000,,,,0.008471,
07/08/2019 14:41:00.000000,,,,13.954545,
07/08/2019 14:42:00.000000,,,,8.130233,
07/08/2019 14:43:00.000000,,,,11.371429,
07/08/2019 14:44:00.000000,,,,0.008784,
07/08/2019 14:45:00.000000,,,,3.967442,
07/08/2019 14:46:00.000000,,,,11.530233,
07/08/2019 14:47:00.000000,,,,0.006852,
07/08/2019 14:48:00.000000,,,,6.421622,
07/08/2019 14:49:00.000000,,,,0.01219,
07/08/2019 14:50:00.000000,,,,3.821875,
07/08/2019 14:51:00.000000,,,,0.004288,
07/08/2019 14:52:00.000000,,,,0.003807,
07/08/2019 14:53:00.000000,,,,3.583333,
07/08/2019 14:54:00.000000,,,,0.005278,
07/08/2019 14:55:00.000000,,,,0.013258,
07/08/2019 14:56:00.000000,,,,9.430769,
07/08/2019 14:57:00.000000,,,,9.484375,
07/08/2019 14:58:00.000000,,,,7.621951,
07/08/2019 14:59:00.000000,,,,13.583333,
07/08/2019 15:00:00.000000,,,,35.39,
07/08/2019 15:01:00.000000,,,,18.559091,
07/08/2019 15:02:00.000000,,,,4.8875,
07/08/2019 15:03:00.000000,,,,0.013872,
07/08/2019 15:04:00.000000,,,,0.026731,
07/08/2019 15:05:00.000000,,,,0.013478,
07/08/2019 15:06:00.000000,,,,10.77561,
07/08/2019 15:07:00.000000,,,,17.786667,
07/08/2019 15:08:00.000000,,,,20.118605,
07/08/2019 15:09:00.000000,,,,13.012195,
07/08/2019 15:10:00.000000,,,,9.445238,
07/08/2019 15:11:00.000000,,,,13.7375,
07/08/2019 15:12:00.000000,,,,0.012746,
07/08/2019 15:13:00.000000,,,,10.325,
07/08/2019 15:14:00.000000,,,,0.010933,
07/08/2019 15:15:00.000000,,,,8.787879,
07/08/2019 15:16:00.000000,,,,7.921951,
07/08/2019 15:17:00.000000,,,,10.435,
07/08/2019 15:18:00.000000,,,,0.006424,
07/08/2019 15:19:00.000000,,,,0.011877,
07/08/2019 15:20:00.000000,,,,6.475,
07/08/2019 15:21:00.000000,,,,0.007215,
07/08/2019 15:22:00.000000,,,,0.036356,
07/08/2019 15:23:00.000000,,,,14.9625,
07/08/2019 15:24:00.000000,,,,7.223077,
07/08/2019 15:25:00.000000,,,,0.012064,
07/08/2019 15:26:00.000000,,,,7.1,
07/08/2019 15:27:00.000000,,,,9.1875,
07/08/2019 15:28:00.000000,,,,0.044769,
07/08/2019 15:29:00.000000,,,,11.448276,
07/08/2019 15:30:00.000000,,,,11.87619,
07/08/2019 15:31:00.000000,,,,9.82,
07/08/2019 15:32:00.000000,,,,7.009756,
07/08/2019 15:33:00.000000,,,,0.00462,
07/08/2019 15:34:00.000000,,,,17.22069,
07/08/2019 15:35:00.000000,,,,0.026676,
07/08/2019 15:36:00.000000,,,,6.32,
07/08/2019 15:37:00.000000,,,,0.009693,
07/08/2019 15:38:00.000000,,,,11.5,
07/08/2019 15:39:00.000000,,,,15.8,
07/08/2019 15:40:00.000000,,,,0.005673,
07/08/2019 15:41:00.000000,,,,0.010779,
07/08/2019 15:42:00.000000,,,,0.013568,
07/08/2019 15:43:00.000000,,,,4.846341,
07/08/2019 15:44:00.000000,,,,0.037477,
07/08/2019 15:45:00.000000,,,,0.009981,
07/08/2019 15:46:00.000000,,,,6.218182,
07/08/2019 15:47:00.000000,,,,22.960465,
07/08/2019 15:48:00.000000,,,,19.502326,
07/08/2019 15:49:00.000000,,,,0.015354,
07/08/2019 15:50:00.000000,,,,0.01337,
07/08/2019 15:51:00.000000,,,,4.468182,
07/08/2019 15:52:00.000000,,,,13.132558,
07/08/2019 15:53:00.000000,,,,9.307317,
07/08/2019 15:54:00.000000,,,,10.715385,
07/08/2019 15:55:00.000000,,,,13.99,
07/08/2019 15:56:00.000000,,,,8.487879,
07/08/2019 15:57:00.000000,,,,10.75,
07/08/2019 15:58:00.000000,,,,16.738095,
07/08/2019 15:59:00.000000,,,,0.011409,
07/08/2019 16:00:00.000000,,,,5.114286,
07/08/2019 16:01:00.000000,,,,0.003521,
07/08/2019 16:02:00.000000,,,,0.010933,
07/08/2019 16:03:00.000000,,,,21.741463,
07/08/2019 16:04:00.000000,,,,0.0196,
07/08/2019 16:05:00.000000,,,,7.121951,
07/08/2019 16:06:00.000000,,,,7.246154,
07/08/2019 16:07:00.000000,,,,3.575,
07/08/2019 16:08:00.000000,,,,4.871429,
07/08/2019 16:09:00.000000,,,,0.016928,
07/08/2019 16:10:00.000000,,,,7.9,
07/08/2019 16:11:00.000000,,,,8.427273,
07/08/2019 16:12:00.000000,,,,5.97907,
07/08/2019 16:13:00.000000,,,,19.928571,
07/08/2019 16:14:00.000000,,,,0.013568,
07/08/2019 16:15:00.000000,,,,0.02771,
07/08/2019 16:16:00.000000,,,,0.011356,
07/08/2019 16:17:00.000000,,,,0.005912,
07/08/2019 16:18:00.000000,,,,6.114634,
07/08/2019 16:19:00.000000,,,,0.018055,
07/08/2019 16:20:00.000000,,,,0.020803,
07/08/2019 16:21:00.000000,,,,0.009135,
07/08/2019 16:22:00.000000,,,,7.633333,
07/08/2019 16:23:00.000000,,,,0.009071,
07/08/2019 16:24:00.000000,,,,0.009135,
07/08/2019 16:25:00.000000,,,,5.366667,
07/08/2019 16:26:00.000000,,,,3.451163,
07/08/2019 16:27:00.000000,,,,13.35,
07/08/2019 16:28:00.000000,,,,5.902381,
07/08/2019 16:29:00.000000,,,,0.034048,
07/08/2019 16:30:00.000000,,,,17.92093,
07/08/2019 16:31:00.000000,,,,4.931707,
07/08/2019 16:32:00.000000,,,,9.65,
07/08/2019 16:33:00.000000,,,,0.007495,
07/08/2019 16:34:00.000000,,,,3.316667,
07/08/2019 16:35:00.000000,,,,7.24186,
07/08/2019 16:36:00.000000,,,,0.013266,
07/08/2019 16:37:00.000000,,,,32.326829,
07/08/2019 16:38:00.000000,,,,0.020793,
07/08/2019 16:39:00.000000,,,,4.165217,
07/08/2019 16:40:00.000000,,,,27.058537,
07/08/2019 16:41:00.000000,,,,11.975758,
07/08/2019 16:42:00.000000,,,,0.027625,
07/08/2019 16:43:00.000000,,,,0.030878,
07/08/2019 16:44:00.000000,,,,11.671429,
07/08/2019 16:45:00.000000,,,,0.006449,
07/08/2019 16:46:00.000000,,,,0.009007,
07/08/2019 16:47:00.000000,,,,4.310811,
07/08/2019 16:48:00.000000,,,,0.007529,
07/08/2019 16:49:00.000000,,,,21.35814,
07/08/2019 16:50:00.000000,,,,7.907317,
07/08/2019 16:51:00.000000,,,,0.020458,
07/08/2019 16:52:00.000000,,,,0.013951,
07/08/2019 16:53:00.000000,,,,0.009995,
07/08/2019 16:54:00.000000,,,,0.00571,
07/08/2019 16:55:00.000000,,,,16.74878,
07/08/2019 16:56:00.000000,,,,5.95,
07/08/2019 16:57:00.000000,,,,0.021059,
07/08/2019 16:58:00.000000,,,,0.02026,
07/08/2019 16:59:00.000000,,,,0.03638,
07/08/2019 17:00:00.000000,,,,0.007846,
07/08/2019 17:01:00.000000,,,,6.623077,
07/08/2019 17:02:00.000000,,,,0.02725,
07/08/2019 17:03:00.000000,,,,9.735294,
07/08/2019 17:04:00.000000,,,,0.015135,
07/08/2019 17:05:00.000000,,,,0.015177,
07/08/2019 17:06:00.000000,,,,11.525,
07/08/2019 17:07:00.000000,,,,0.024655,
07/08/2019 17:08:00.000000,,,,0.007535,
07/08/2019 17:09:00.000000,,,,0.015543,
07/08/2019 17:10:00.000000,,,,6.435,
07/08/2019 17:11:00.000000,,,,0.013346,
07/08/2019 17:12:00.000000,,,,0.010766,
07/08/2019 17:13:00.000000,,,,11.7375,
07/08/2019 17:14:00.000000,,,,0.006353,
07/08/2019 17:15:00.000000,,,,11.527027,
07/08/2019 17:16:00.000000,,,,5.158537,
07/08/2019 17:17:00.000000,,,,0.003411,
07/08/2019 17:18:00.000000,,,,9.825,
07/08/2019 17:19:00.000000,,,,14.061905,
07/08/2019 17:20:00.000000,,,,0.038162,
07/08/2019 17:21:00.000000,,,,0.018953,
07/08/2019 17:22:00.000000,,,,5.639024,
07/08/2019 17:23:00.000000,,,,12.887805,
07/08/2019 17:24:00.000000,,,,0.014905,
07/08/2019 17:25:00.000000,,,,0.005728,
07/08/2019 17:26:00.000000,,,,5.655814,
07/08/2019 17:27:00.000000,,,,17.814634,
07/08/2019 17:28:00.000000,,,,23.046341,
07/08/2019 17:29:00.000000,,,,10.885714,
07/08/2019 17:30:00.000000,,,,0.01778,
07/08/2019 17:31:00.000000,,,,34.75,
07/08/2019 17:32:00.000000,,,,0.016195,
07/08/2019 17:33:00.000000,,,,9.490476,
07/08/2019 17:34:00.000000,,,,13.515385,
07/08/2019 17:35:00.000000,,,,0.017713,
07/08/2019 17:36:00.000000,,,,0.018719,
07/08/2019 17:37:00.000000,,,,0.016357,
07/08/2019 17:38:00.000000,,,,13.9,
07/08/2019 17:39:00.000000,,,,0.015155,
07/08/2019 17:40:00.000000,,,,0.009007,
07/08/2019 17:41:00.000000,,,,10.066667,
07/08/2019 17:42:00.000000,,,,18.214815,
07/08/2019 17:43:00.000000,,,,23.97647,
07/08/2019 17:44:00.000000,,,,31.991429,
07/08/2019 17:45:00.000000,,,,0.026501,
07/08/2019 17:46:00.000000,,,,0.023848,
07/08/2019 17:47:00.000000,,,,34.871429,
07/08/2019 17:48:00.000000,,,,0.032003,
07/08/2019 17:49:00.000000,,,,0.046982,
07/08/2019 17:50:00.000000,,,,20.260976,
07/08/2019 17:51:00.000000,,,,28.84878,
07/08/2019 17:52:00.000000,,,,0.022876,
07/08/2019 17:53:00.000000,,,,0.038783,
07/08/2019 17:54:00.000000,,,,60.154545,
07/08/2019 17:55:00.000000,,,,32.270588,
07/08/2019 17:56:00.000000,,,,0.032398,
07/08/2019 17:57:00.000000,,,,14.625,
07/08/2019 17:58:00.000000,,,,36.575,
07/08/2019 17:59:00.000000,,,,0.029425,
07/08/2019 18:00:00.000000,,,,0.03683,
07/08/2019 18:01:00.000000,,,,23.625,
07/08/2019 18:02:00.000000,,,,0.029142,
07/08/2019 18:03:00.000000,,,,0.024104,
07/08/2019 18:04:00.000000,,,,0.022398,
07/08/2019 18:05:00.000000,,,,0.038617,
07/08/2019 18:06:00.000000,,,,0.041034,
07/08/2019 18:07:00.000000,,,,30.9,
07/08/2019 18:08:00.000000,,,,0.02783,
07/08/2019 18:09:00.000000,,,,15.4375,
07/08/2019 18:10:00.000000,,,,26.3675,
07/08/2019 18:11:00.000000,,,,0.034282,
07/08/2019 18:12:00.000000,,,,0.027293,
07/08/2019 18:13:00.000000,,,,0.029324,
07/08/2019 18:14:00.000000,,,,22.971429,
07/08/2019 18:15:00.000000,,,,0.031741,
07/08/2019 18:16:00.000000,,,,18.863415,
07/08/2019 18:17:00.000000,,,,0.05166,
07/08/2019 18:18:00.000000,,,,28.168293,
07/08/2019 18:19:00.000000,,,,23.775,
07/08/2019 18:20:00.000000,,,,13.617073,
07/08/2019 18:21:00.000000,,,,8.474359,
07/08/2019 18:22:00.000000,,,,0.019012,
07/08/2019 18:23:00.000000,,,,13.984444,
07/08/2019 18:24:00.000000,,,,0.032325,
07/08/2019 18:25:00.000000,,,,47.4,
07/08/2019 18:26:00.000000,,,,0.034254,
07/08/2019 18:27:00.000000,,,,6.784615,
07/08/2019 18:28:00.000000,,,,21.861538,
07/08/2019 18:29:00.000000,,,,0.027511,
07/08/2019 18:30:00.000000,,,,0.021904,
07/08/2019 18:31:00.000000,,,,33.157143,
07/08/2019 18:32:00.000000,,,,43.836842,
07/08/2019 18:33:00.000000,,,,35.532558,
07/08/2019 18:34:00.000000,,,,42.908333,
07/08/2019 18:35:00.000000,,,,0.034475,
07/08/2019 18:36:00.000000,,,,22.955263,
07/08/2019 18:37:00.000000,,,,23.669231,
07/08/2019 18:38:00.000000,,,,0.031145,
07/08/2019 18:39:00.000000,,,,28.05641,
07/08/2019 18:40:00.000000,,,,0.017376,
07/08/2019 18:41:00.000000,,,,12.928571,
07/08/2019 18:42:00.000000,,,,0.027255,
07/08/2019 18:43:00.000000,,,,20.472093,
07/08/2019 18:44:00.000000,,,,25.613636,
07/08/2019 18:45:00.000000,,,,0.02201,
07/08/2019 18:46:00.000000,,,,0.036557,
07/08/2019 18:47:00.000000,,,,0.02721,
07/08/2019 18:48:00.000000,,,,0.041528,
07/08/2019 18:49:00.000000,,,,0.018903,
07/08/2019 18:50:00.000000,,,,17.326667,
07/08/2019 18:51:00.000000,,,,0.025339,
07/08/2019 18:52:00.000000,,,,0.026055,
07/08/2019 18:53:00.000000,,,,12.207317,
07/08/2019 18:54:00.000000,,,,8.693023,
07/08/2019 18:55:00.000000,,,,16.45,
07/08/2019 18:56:00.000000,,,,4.786047,
07/08/2019 18:57:00.000000,,,,24.044186,
07/08/2019 18:58:00.000000,,,,46.05,
07/08/2019 18:59:00.000000,,,,0.037148,
07/08/2019 19:00:00.000000,,,,23.805263,
07/08/2019 19:01:00.000000,,,,44.610256,
07/08/2019 19:02:00.000000,,,,23.784211,
07/08/2019 19:03:00.000000,,,,5.645238,
07/08/2019 19:04:00.000000,,,,8.895455,
07/08/2019 19:05:00.000000,,,,0.033748,
07/08/2019 19:06:00.000000,,,,0.014264,
07/08/2019 19:07:00.000000,,,,3.642857,
07/08/2019 19:08:00.000000,,,,0.002645,
07/08/2019 19:09:00.000000,,,,5.763415,
07/08/2019 19:10:00.000000,,,,0.018683,
07/08/2019 19:11:00.000000,,,,14.964444,
07/08/2019 19:12:00.000000,,,,0.00438,
07/08/2019 19:13:00.000000,,,,0.006876,
07/08/2019 19:14:00.000000,,,,24.63,
07/08/2019 19:15:00.000000,,,,0.009936,
07/08/2019 19:16:00.000000,,,,5.204878,
07/08/2019 19:17:00.000000,,,,5.302857,
07/08/2019 19:18:00.000000,,,,0.006328,
07/08/2019 19:19:00.000000,,,,9.374419,
07/08/2019 19:20:00.000000,,,,12.5,
07/08/2019 19:21:00.000000,,,,0.018394,
07/08/2019 19:22:00.000000,,,,3.071429,
07/08/2019 19:23:00.000000,,,,0.008837,
07/08/2019 19:24:00.000000,,,,32.926829,
07/08/2019 19:25:00.000000,,,,0.019667,
07/08/2019 19:26:00.000000,,,,0.010883,
07/08/2019 19:27:00.000000,,,,0.007346,
07/08/2019 19:28:00.000000,,,,0.003151,
07/08/2019 19:29:00.000000,,,,0.005643,
07/08/2019 19:30:00.000000,,,,0.007005,
07/08/2019 19:31:00.000000,,,,13.239024,
07/08/2019 19:32:00.000000,,,,0.007383,
07/08/2019 19:33:00.000000,,,,1.5625,
07/08/2019 19:34:00.000000,,,,0.003492,
07/08/2019 19:35:00.000000,,,,5.38,
07/08/2019 19:36:00.000000,,,,0.033473,
07/08/2019 19:37:00.000000,,,,8.304651,
07/08/2019 19:38:00.000000,,,,0.006771,
07/08/2019 19:39:00.000000,,,,3.1,
07/08/2019 19:40:00.000000,,,,1.663636,
07/08/2019 19:41:00.000000,,,,7.275,
07/08/2019 19:42:00.000000,,,,0.003637,
07/08/2019 19:43:00.000000,,,,6.6,
07/08/2019 19:44:00.000000,,,,0.006784,
07/08/2019 19:45:00.000000,,,,0.002743,
07/08/2019 19:46:00.000000,,,,5.885714,
07/08/2019 19:47:00.000000,,,,0.007136,
07/08/2019 19:48:00.000000,,,,0.007625,
07/08/2019 19:50:00.000000,,,,4.0,
07/08/2019 19:51:00.000000,,,,0.005282,
07/08/2019 19:52:00.000000,,,,0.024161,
07/08/2019 19:53:00.000000,,,,14.085366,
07/08/2019 19:54:00.000000,,,,9.675,
07/08/2019 19:55:00.000000,,,,5.659091,
07/08/2019 19:56:00.000000,,,,0.012097,
07/08/2019 19:57:00.000000,,,,6.912821,
07/08/2019 19:58:00.000000,,,,22.731707,
07/08/2019 19:59:00.000000,,,,0.011637,
07/08/2019 20:00:00.000000,,,,14.088372,
07/08/2019 20:01:00.000000,,,,0.013626,
07/08/2019 20:02:00.000000,,,,9.285714,
07/08/2019 20:03:00.000000,,,,0.018639,
07/08/2019 20:04:00.000000,,,,0.061271,
07/08/2019 20:05:00.000000,,,,0.027849,
07/08/2019 20:06:00.000000,,,,15.468182,
07/08/2019 20:07:00.000000,,,,0.017097,
07/08/2019 20:08:00.000000,,,,13.135714,
07/08/2019 20:10:00.000000,,,,33.9,
07/08/2019 20:11:00.000000,,,,31.542857,
07/08/2019 20:12:00.000000,,,,20.071429,
07/08/2019 20:13:00.000000,,,,32.447368,
07/08/2019 20:14:00.000000,,,,28.071428,
07/08/2019 20:15:00.000000,,,,17.348837,
07/08/2019 20:16:00.000000,,,,0.019932,
07/08/2019 20:17:00.000000,,,,0.069656,
07/08/2019 20:18:00.000000,,,,32.297436,
07/08/2019 20:19:00.000000,,,,0.048412,
07/08/2019 20:20:00.000000,,,,24.558537,
07/08/2019 20:21:00.000000,,,,10.195,
07/08/2019 20:22:00.000000,,,,0.019686,
07/08/2019 20:23:00.000000,,,,3.656098,
07/08/2019 20:24:00.000000,,,,0.026613,
07/08/2019 20:25:00.000000,,,,14.781818,
07/08/2019 20:26:00.000000,,,,0.004184,
07/08/2019 20:27:00.000000,,,,0.012593,
07/08/2019 20:28:00.000000,,,,0.004006,
07/08/2019 20:29:00.000000,,,,4.941026,
07/08/2019 20:30:00.000000,,,,3.47561,
07/08/2019 20:31:00.000000,,,,0.010577,
07/08/2019 20:32:00.000000,,,,0.00266,
07/08/2019 20:33:00.000000,,,,0.012022,
07/08/2019 20:34:00.000000,,,,6.427907,
07/08/2019 20:35:00.000000,,,,0.007174,
07/08/2019 20:36:00.000000,,,,0.023175,
07/08/2019 20:37:00.000000,,,,14.990244,
07/08/2019 20:38:00.000000,,,,3.571429,
07/08/2019 20:39:00.000000,,,,0.002492,
07/08/2019 20:40:00.000000,,,,7.782609,
07/08/2019 20:41:00.000000,,,,13.904651,
07/08/2019 20:42:00.000000,,,,13.295122,
07/08/2019 20:43:00.000000,,,,0.026288,
07/08/2019 20:44:00.000000,,,,0.004802,
07/08/2019 20:45:00.000000,,,,4.653846,
07/08/2019 20:46:00.000000,,,,1.997727,
07/08/2019 20:47:00.000000,,,,2.840909,
07/08/2019 20:48:00.000000,,,,1.7,
07/08/2019 20:50:00.000000,,,,0.009359,
07/08/2019 20:51:00.000000,,,,0.008252,
07/08/2019 20:52:00.000000,,,,0.016229,
07/08/2019 20:53:00.000000,,,,0.007574,
07/08/2019 20:54:00.000000,,,,0.029036,
07/08/2019 20:55:00.000000,,,,9.910526,
07/08/2019 20:56:00.000000,,,,38.504651,
07/08/2019 20:57:00.000000,,,,18.5625,
07/08/2019 20:58:00.000000,,,,7.909091,
07/08/2019 20:59:00.000000,,,,0.019968,
07/08/2019 21:00:00.000000,,,,6.9,
07/08/2019 21:01:00.000000,,,,3.617949,
07/08/2019 21:02:00.000000,,,,0.002418,
07/08/2019 21:03:00.000000,,,,0.005968,
07/08/2019 21:04:00.000000,,,,6.97381,
07/08/2019 21:05:00.000000,,,,11.45,
07/08/2019 21:06:00.000000,,,,0.015245,
07/08/2019 21:07:00.000000,,,,3.021951,
07/08/2019 21:08:00.000000,,,,4.239535,
07/08/2019 21:10:00.000000,,,,2.25,
07/08/2019 21:11:00.000000,,,,0.006409,
07/08/2019 21:12:00.000000,,,,2.716667,
07/08/2019 21:13:00.000000,,,,6.234884,
07/08/2019 21:14:00.000000,,,,1.963415,
07/08/2019 21:15:00.000000,,,,6.561905,
07/08/2019 21:16:00.000000,,,,0.007098,
07/08/2019 21:17:00.000000,,,,8.366667,
07/08/2019 21:18:00.000000,,,,0.028355,
07/08/2019 21:19:00.000000,,,,0.015897,
07/08/2019 21:20:00.000000,,,,0.009477,
07/08/2019 21:21:00.000000,,,,0.007867,
07/08/2019 21:22:00.000000,,,,0.005916,
07/08/2019 21:23:00.000000,,,,0.002121,
07/08/2019 21:24:00.000000,,,,4.314286,
07/08/2019 21:25:00.000000,,,,4.970732,
07/08/2019 21:26:00.000000,,,,0.025626,
07/08/2019 21:27:00.000000,,,,0.013407,
07/08/2019 21:28:00.000000,,,,10.871429,
07/08/2019 21:30:00.000000,,,,9.028571,
07/08/2019 21:31:00.000000,,,,0.00971,
07/08/2019 21:32:00.000000,,,,0.019419,
07/08/2019 21:33:00.000000,,,,0.023593,
07/08/2019 21:34:00.000000,,,,0.016353,
07/08/2019 21:35:00.000000,,,,3.490244,
07/08/2019 21:36:00.000000,,,,8.815,
07/08/2019 21:37:00.000000,,,,0.021375,
07/08/2019 21:38:00.000000,,,,0.0131,
07/08/2019 21:39:00.000000,,,,7.925581,
07/08/2019 21:40:00.000000,,,,0.015464,
07/08/2019 21:41:00.000000,,,,0.02262,
07/08/2019 21:42:00.000000,,,,0.028185,
07/08/2019 21:43:00.000000,,,,0.066543,
07/08/2019 21:44:00.000000,,,,63.455,
07/08/2019 21:45:00.000000,,,,0.027909,
07/08/2019 21:46:00.000000,,,,19.540541,
07/08/2019 21:47:00.000000,,,,10.704651,
07/08/2019 21:48:00.000000,,,,14.542857,
07/08/2019 21:50:00.000000,,,,0.030032,
07/08/2019 21:51:00.000000,,,,0.02073,
07/08/2019 21:52:00.000000,,,,15.669231,
07/08/2019 21:53:00.000000,,,,0.015696,
07/08/2019 21:54:00.000000,,,,12.813333,
07/08/2019 21:55:00.000000,,,,7.786047,
07/08/2019 21:56:00.000000,,,,0.018523,
07/08/2019 21:57:00.000000,,,,19.23,
07/08/2019 21:58:00.000000,,,,23.825,
07/08/2019 21:59:00.000000,,,,5.054545,
07/08/2019 22:00:00.000000,,,,0.016076,
07/08/2019 22:01:00.000000,,,,0.016481,
07/08/2019 22:02:00.000000,,,,8.654286,
07/08/2019 22:03:00.000000,,,,0.020313,
07/08/2019 22:04:00.000000,,,,0.022488,
07/08/2019 22:05:00.000000,,,,8.375,
07/08/2019 22:06:00.000000,,,,0.011683,
07/08/2019 22:07:00.000000,,,,11.35814,
07/08/2019 22:08:00.000000,,,,17.209091,
07/08/2019 22:10:00.000000,,,,0.015839,
07/08/2019 22:11:00.000000,,,,0.013555,
07/08/2019 22:12:00.000000,,,,0.011213,
07/08/2019 22:13:00.000000,,,,3.3,
07/08/2019 22:14:00.000000,,,,5.64,
07/08/2019 22:15:00.000000,,,,2.9575,
07/08/2019 22:16:00.000000,,,,10.570455,
07/08/2019 22:17:00.000000,,,,0.023089,
07/08/2019 22:18:00.000000,,,,8.6,
07/08/2019 22:19:00.000000,,,,13.733333,
07/08/2019 22:20:00.000000,,,,9.169231,
07/08/2019 22:21:00.000000,,,,7.843902,
07/08/2019 22:22:00.000000,,,,7.084091,
07/08/2019 22:23:00.000000,,,,10.879592,
07/08/2019 22:24:00.000000,,,,10.721053,
07/08/2019 22:25:00.000000,,,,0.014479,
07/08/2019 22:26:00.000000,,,,13.823256,
07/08/2019 22:27:00.000000,,,,14.545946,
07/08/2019 22:28:00.000000,,,,3.708108,
07/08/2019 22:30:00.000000,,,,0.044939,
07/08/2019 22:31:00.000000,,,,0.029667,
07/08/2019 22:32:00.000000,,,,14.306977,
07/08/2019 22:33:00.000000,,,,0.012164,
07/08/2019 22:34:00.000000,,,,0.005035,
07/08/2019 22:35:00.000000,,,,2.121622,
07/08/2019 22:36:00.000000,,,,0.002935,
07/08/2019 22:37:00.000000,,,,0.014303,
07/08/2019 22:38:00.000000,,,,7.492308,
07/08/2019 22:39:00.000000,,,,23.577273,
07/08/2019 22:40:00.000000,,,,0.01522,
07/08/2019 22:41:00.000000,,,,0.00367,
07/08/2019 22:42:00.000000,,,,0.002501,
07/08/2019 22:43:00.000000,,,,1.913953,
07/08/2019 22:44:00.000000,,,,0.007516,
07/08/2019 22:45:00.000000,,,,16.00303,
07/08/2019 22:46:00.000000,,,,10.546154,
07/08/2019 22:47:00.000000,,,,11.930435,
07/08/2019 22:48:00.000000,,,,0.011796,
07/08/2019 22:50:00.000000,,,,5.785714,
07/08/2019 22:51:00.000000,,,,7.963415,
07/08/2019 22:52:00.000000,,,,3.646341,
07/08/2019 22:53:00.000000,,,,11.02439,
07/08/2019 22:54:00.000000,,,,2.885714,
07/08/2019 22:55:00.000000,,,,11.05,
07/08/2019 22:56:00.000000,,,,0.004131,
07/08/2019 22:57:00.000000,,,,0.028264,
07/08/2019 22:58:00.000000,,,,5.542857,
07/08/2019 22:59:00.000000,,,,0.00623,
07/08/2019 23:00:00.000000,,,,0.017427,
07/08/2019 23:01:00.000000,,,,12.740909,
07/08/2019 23:02:00.000000,,,,0.021112,
07/08/2019 23:03:00.000000,,,,17.504545,
07/08/2019 23:04:00.000000,,,,8.731707,
07/08/2019 23:05:00.000000,,,,6.707143,
07/08/2019 23:06:00.000000,,,,0.015595,
07/08/2019 23:07:00.000000,,,,10.342105,
07/08/2019 23:08:00.000000,,,,3.095349,
07/08/2019 23:09:00.000000,,,,0.007611,
07/08/2019 23:10:00.000000,,,,0.007071,
07/08/2019 23:11:00.000000,,,,13.185714,
07/08/2019 23:12:00.000000,,,,0.018709,
07/08/2019 23:13:00.000000,,,,0.01079,
07/08/2019 23:14:00.000000,,,,10.039535,
07/08/2019 23:15:00.000000,,,,0.006503,
07/08/2019 23:16:00.000000,,,,0.021426,
07/08/2019 23:17:00.000000,,,,0.009012,
07/08/2019 23:18:00.000000,,,,3.979545,
07/08/2019 23:19:00.000000,,,,0.005085,
07/08/2019 23:20:00.000000,,,,6.523077,
07/08/2019 23:21:00.000000,,,,4.613953,
07/08/2019 23:22:00.000000,,,,0.020397,
07/08/2019 23:23:00.000000,,,,0.011131,
07/08/2019 23:24:00.000000,,,,2.425,
07/08/2019 23:25:00.000000,,,,0.002297,
07/08/2019 23:26:00.000000,,,,0.012602,
07/08/2019 23:27:00.000000,,,,28.625,
07/08/2019 23:28:00.000000,,,,0.026273,
07/08/2019 23:29:00.000000,,,,0.019007,
07/08/2019 23:30:00.000000,,,,8.229545,
07/08/2019 23:31:00.000000,,,,0.006933,
07/08/2019 23:32:00.000000,,,,6.5,
07/08/2019 23:33:00.000000,,,,2.134146,
07/08/2019 23:34:00.000000,,,,0.010832,
07/08/2019 23:35:00.000000,,,,0.017076,
07/08/2019 23:36:00.000000,,,,0.013508,
07/08/2019 23:37:00.000000,,,,0.016014,
07/08/2019 23:38:00.000000,,,,0.0168,
07/08/2019 23:39:00.000000,,,,0.012043,
07/08/2019 23:40:00.000000,,,,2.729268,
07/08/2019 23:41:00.000000,,,,2.25,
07/08/2019 23:42:00.000000,,,,6.739024,
07/08/2019 23:43:00.000000,,,,0.025169,
07/08/2019 23:44:00.000000,,,,2.777143,
07/08/2019 23:45:00.000000,,,,2.669444,
07/08/2019 23:46:00.000000,,,,0.003207,
07/08/2019 23:47:00.000000,,,,0.002974,
07/08/2019 23:48:00.000000,,,,1.8625,
07/08/2019 23:50:00.000000,,,,4.944186,
07/08/2019 23:51:00.000000,,,,0.005632,
07/08/2019 23:52:00.000000,,,,0.005027,
07/08/2019 23:53:00.000000,,,,1.875,
07/08/2019 23:54:00.000000,,,,2.269767,
07/08/2019 23:55:00.000000,,,,0.007028,
07/08/2019 23:56:00.000000,,,,0.013549,
07/08/2019 23:57:00.000000,,,,0.004165,
07/08/2019 23:58:00.000000,,,,0.002138,
07/08/2019 23:59:00.000000,,,,6.933333,
07/09/2019 00:00:00.000000,,,,13.785714,
07/09/2019 00:01:00.000000,,,,2.077143,
07/09/2019 00:02:00.000000,,,,1.7,
07/09/2019 00:03:00.000000,,,,1.789744,
07/09/2019 00:04:00.000000,,,,1.710811,
07/09/2019 00:05:00.000000,,,,0.004375,
07/09/2019 00:06:00.000000,,,,0.006572,
07/09/2019 00:07:00.000000,,,,2.076316,
07/09/2019 00:08:00.000000,,,,0.004041,
07/09/2019 00:09:00.000000,,,,0.013417,
07/09/2019 00:10:00.000000,,,,0.024872,
07/09/2019 00:11:00.000000,,,,14.476471,
07/09/2019 00:12:00.000000,,,,0.008549,
07/09/2019 00:13:00.000000,,,,4.013333,
07/09/2019 00:14:00.000000,,,,0.002753,
07/09/2019 00:15:00.000000,,,,2.007692,
07/09/2019 00:16:00.000000,,,,1.929268,
07/09/2019 00:17:00.000000,,,,0.009791,
07/09/2019 00:18:00.000000,,,,6.714286,
07/09/2019 00:19:00.000000,,,,0.002848,
07/09/2019 00:20:00.000000,,,,1.8,
07/09/2019 00:21:00.000000,,,,4.415385,
07/09/2019 00:22:00.000000,,,,0.009493,
07/09/2019 00:23:00.000000,,,,0.009675,
07/09/2019 00:24:00.000000,,,,3.731034,
07/09/2019 00:25:00.000000,,,,1.931707,
07/09/2019 00:26:00.000000,,,,0.003008,
07/09/2019 00:27:00.000000,,,,1.99,
07/09/2019 00:28:00.000000,,,,1.285366,
07/09/2019 00:29:00.000000,,,,0.001735,
07/09/2019 00:30:00.000000,,,,0.001382,
07/09/2019 00:31:00.000000,,,,1.170732,
07/09/2019 00:32:00.000000,,,,1.286047,
07/09/2019 00:33:00.000000,,,,3.007317,
07/09/2019 00:34:00.000000,,,,1.62619,
07/09/2019 00:35:00.000000,,,,1.57,
07/09/2019 00:36:00.000000,,,,0.011553,
07/09/2019 00:37:00.000000,,,,3.604545,
07/09/2019 00:38:00.000000,,,,0.002751,
07/09/2019 00:39:00.000000,,,,1.423077,
07/09/2019 00:40:00.000000,,,,0.002186,
07/09/2019 00:41:00.000000,,,,0.00342,
07/09/2019 00:42:00.000000,,,,0.002298,
07/09/2019 00:43:00.000000,,,,3.0875,
07/09/2019 00:44:00.000000,,,,0.002658,
07/09/2019 00:45:00.000000,,,,3.84878,
07/09/2019 00:46:00.000000,,,,2.010526,
07/09/2019 00:47:00.000000,,,,1.6,
07/09/2019 00:48:00.000000,,,,1.687805,
07/09/2019 00:49:00.000000,,,,4.977143,
07/09/2019 00:50:00.000000,,,,0.002888,
07/09/2019 00:51:00.000000,,,,0.006695,
07/09/2019 00:52:00.000000,,,,0.005916,
07/09/2019 00:53:00.000000,,,,0.002684,
07/09/2019 00:54:00.000000,,,,0.006844,
07/09/2019 00:55:00.000000,,,,2.716667,
07/09/2019 00:56:00.000000,,,,7.207692,
07/09/2019 00:57:00.000000,,,,4.123256,
07/09/2019 00:58:00.000000,,,,0.002393,
07/09/2019 00:59:00.000000,,,,1.7,
07/09/2019 01:00:00.000000,,,,3.485,
07/09/2019 01:01:00.000000,,,,3.545,
07/09/2019 01:02:00.000000,,,,1.715,
07/09/2019 01:03:00.000000,,,,0.002915,
07/09/2019 01:04:00.000000,,,,0.002328,
07/09/2019 01:05:00.000000,,,,3.685714,
07/09/2019 01:06:00.000000,,,,2.708333,
07/09/2019 01:07:00.000000,,,,1.635135,
07/09/2019 01:08:00.000000,,,,0.002451,
07/09/2019 01:09:00.000000,,,,1.840541,
07/09/2019 01:10:00.000000,,,,4.338462,
07/09/2019 01:11:00.000000,,,,0.016054,
07/09/2019 01:12:00.000000,,,,4.425,
07/09/2019 01:13:00.000000,,,,2.067568,
07/09/2019 01:14:00.000000,,,,0.002231,
07/09/2019 01:15:00.000000,,,,2.230233,
07/09/2019 01:16:00.000000,,,,12.367442,
07/09/2019 01:17:00.000000,,,,3.814634,
07/09/2019 01:18:00.000000,,,,0.027322,
07/09/2019 01:19:00.000000,,,,3.209091,
07/09/2019 01:20:00.000000,,,,0.007341,
07/09/2019 01:21:00.000000,,,,34.048649,
07/09/2019 01:22:00.000000,,,,0.012431,
07/09/2019 01:23:00.000000,,,,3.805882,
07/09/2019 01:24:00.000000,,,,5.315385,
07/09/2019 01:25:00.000000,,,,0.008881,
07/09/2019 01:26:00.000000,,,,0.012751,
07/09/2019 01:27:00.000000,,,,4.657143,
07/09/2019 01:28:00.000000,,,,4.052381,
07/09/2019 01:29:00.000000,,,,0.018193,
07/09/2019 01:30:00.000000,,,,0.00519,
07/09/2019 01:31:00.000000,,,,8.348837,
07/09/2019 01:32:00.000000,,,,3.046154,
07/09/2019 01:33:00.000000,,,,4.344828,
07/09/2019 01:34:00.000000,,,,0.003345,
07/09/2019 01:35:00.000000,,,,0.007183,
07/09/2019 01:36:00.000000,,,,0.008588,
07/09/2019 01:37:00.000000,,,,0.003722,
07/09/2019 01:38:00.000000,,,,14.823256,
07/09/2019 01:39:00.000000,,,,0.009186,
07/09/2019 01:40:00.000000,,,,3.130233,
07/09/2019 01:41:00.000000,,,,4.0,
07/09/2019 01:42:00.000000,,,,3.69,
07/09/2019 01:43:00.000000,,,,0.009951,
07/09/2019 01:44:00.000000,,,,0.004331,
07/09/2019 01:45:00.000000,,,,2.238462,
07/09/2019 01:46:00.000000,,,,0.01187,
07/09/2019 01:47:00.000000,,,,22.935,
07/09/2019 01:48:00.000000,,,,12.514286,
07/09/2019 01:49:00.000000,,,,0.004708,
07/09/2019 01:50:00.000000,,,,0.028469,
07/09/2019 01:51:00.000000,,,,9.385366,
07/09/2019 01:52:00.000000,,,,0.009301,
07/09/2019 01:53:00.000000,,,,5.72093,
07/09/2019 01:54:00.000000,,,,2.602439,
07/09/2019 01:55:00.000000,,,,2.977273,
07/09/2019 01:56:00.000000,,,,10.292308,
07/09/2019 01:57:00.000000,,,,7.2,
07/09/2019 01:58:00.000000,,,,3.16,
07/09/2019 01:59:00.000000,,,,0.024139,
07/09/2019 02:00:00.000000,,,,4.895455,
07/09/2019 02:01:00.000000,,,,0.009813,
07/09/2019 02:02:00.000000,,,,0.008933,
07/09/2019 02:03:00.000000,,,,11.353659,
07/09/2019 02:04:00.000000,,,,5.81,
07/09/2019 02:05:00.000000,,,,0.026378,
07/09/2019 02:06:00.000000,,,,4.295349,
07/09/2019 02:07:00.000000,,,,4.137209,
07/09/2019 02:08:00.000000,,,,4.413158,
07/09/2019 02:10:00.000000,,,,2.709091,
07/09/2019 02:11:00.000000,,,,0.008137,
07/09/2019 02:12:00.000000,,,,5.15641,
07/09/2019 02:13:00.000000,,,,0.003384,
07/09/2019 02:14:00.000000,,,,9.057143,
07/09/2019 02:15:00.000000,,,,2.180645,
07/09/2019 02:16:00.000000,,,,0.01351,
07/09/2019 02:17:00.000000,,,,0.024505,
07/09/2019 02:18:00.000000,,,,27.129268,
07/09/2019 02:19:00.000000,,,,11.056098,
07/09/2019 02:20:00.000000,,,,14.166667,
07/09/2019 02:21:00.000000,,,,0.019321,
07/09/2019 02:22:00.000000,,,,0.015232,
07/09/2019 02:23:00.000000,,,,0.041696,
07/09/2019 02:24:00.000000,,,,11.723256,
07/09/2019 02:25:00.000000,,,,0.014118,
07/09/2019 02:26:00.000000,,,,20.61,
07/09/2019 02:27:00.000000,,,,15.409091,
07/09/2019 02:28:00.000000,,,,0.016045,
07/09/2019 02:30:00.000000,,,,0.025816,
07/09/2019 02:31:00.000000,,,,0.01178,
07/09/2019 02:32:00.000000,,,,10.494595,
07/09/2019 02:33:00.000000,,,,0.043428,
07/09/2019 02:34:00.000000,,,,22.263158,
07/09/2019 02:35:00.000000,,,,16.215789,
07/09/2019 02:36:00.000000,,,,0.017739,
07/09/2019 02:37:00.000000,,,,0.013011,
07/09/2019 02:38:00.000000,,,,3.868293,
07/09/2019 02:39:00.000000,,,,0.020955,
07/09/2019 02:40:00.000000,,,,0.061016,
07/09/2019 02:41:00.000000,,,,14.428571,
07/09/2019 02:42:00.000000,,,,31.163415,
07/09/2019 02:43:00.000000,,,,24.710811,
07/09/2019 02:44:00.000000,,,,3.725,
07/09/2019 02:45:00.000000,,,,26.7,
07/09/2019 02:46:00.000000,,,,0.019076,
07/09/2019 02:47:00.000000,,,,0.017633,
07/09/2019 02:48:00.000000,,,,0.015952,
07/09/2019 02:50:00.000000,,,,35.976923,
07/09/2019 02:51:00.000000,,,,18.157143,
07/09/2019 02:52:00.000000,,,,16.033333,
07/09/2019 02:53:00.000000,,,,0.028587,
07/09/2019 02:54:00.000000,,,,16.63,
07/09/2019 02:55:00.000000,,,,0.02554,
07/09/2019 02:56:00.000000,,,,0.029392,
07/09/2019 02:57:00.000000,,,,0.024337,
07/09/2019 02:58:00.000000,,,,0.025673,
07/09/2019 02:59:00.000000,,,,0.006025,
07/09/2019 03:00:00.000000,,,,14.094737,
07/09/2019 03:01:00.000000,,,,20.01,
07/09/2019 03:02:00.000000,,,,0.031597,
07/09/2019 03:03:00.000000,,,,0.021897,
07/09/2019 03:04:00.000000,,,,27.742857,
07/09/2019 03:05:00.000000,,,,0.0232,
07/09/2019 03:06:00.000000,,,,31.836585,
07/09/2019 03:07:00.000000,,,,11.42381,
07/09/2019 03:08:00.000000,,,,0.008374,
07/09/2019 03:09:00.000000,,,,16.252174,
07/09/2019 03:10:00.000000,,,,17.961538,
07/09/2019 03:11:00.000000,,,,13.560976,
07/09/2019 03:12:00.000000,,,,0.013815,
07/09/2019 03:13:00.000000,,,,14.435714,
07/09/2019 03:14:00.000000,,,,21.923077,
07/09/2019 03:15:00.000000,,,,0.029427,
07/09/2019 03:16:00.000000,,,,35.932558,
07/09/2019 03:17:00.000000,,,,0.020609,
07/09/2019 03:18:00.000000,,,,32.230952,
07/09/2019 03:19:00.000000,,,,19.713953,
07/09/2019 03:20:00.000000,,,,10.430435,
07/09/2019 03:21:00.000000,,,,0.01583,
07/09/2019 03:22:00.000000,,,,31.511905,
07/09/2019 03:23:00.000000,,,,0.010518,
07/09/2019 03:24:00.000000,,,,9.7875,
07/09/2019 03:25:00.000000,,,,21.647368,
07/09/2019 03:26:00.000000,,,,18.717778,
07/09/2019 03:27:00.000000,,,,12.633333,
07/09/2019 03:28:00.000000,,,,0.039102,
07/09/2019 03:29:00.000000,,,,5.655556,
07/09/2019 03:30:00.000000,,,,15.342857,
07/09/2019 03:31:00.000000,,,,0.025078,
07/09/2019 03:32:00.000000,,,,0.039576,
07/09/2019 03:33:00.000000,,,,0.039948,
07/09/2019 03:34:00.000000,,,,30.91,
07/09/2019 03:35:00.000000,,,,22.947619,
07/09/2019 03:36:00.000000,,,,43.175,
07/09/2019 03:37:00.000000,,,,0.046753,
07/09/2019 03:38:00.000000,,,,0.022768,
07/09/2019 03:39:00.000000,,,,0.009363,
07/09/2019 03:40:00.000000,,,,0.016519,
07/09/2019 03:41:00.000000,,,,10.72,
07/09/2019 03:42:00.000000,,,,0.011858,
07/09/2019 03:43:00.000000,,,,0.019714,
07/09/2019 03:44:00.000000,,,,17.405263,
07/09/2019 03:45:00.000000,,,,0.015736,
07/09/2019 03:46:00.000000,,,,18.702778,
07/09/2019 03:47:00.000000,,,,17.17907,
07/09/2019 03:48:00.000000,,,,21.904878,
07/09/2019 03:49:00.000000,,,,0.018272,
07/09/2019 03:50:00.000000,,,,0.016107,
07/09/2019 03:51:00.000000,,,,25.132558,
07/09/2019 03:52:00.000000,,,,0.016633,
07/09/2019 03:53:00.000000,,,,18.8,
07/09/2019 03:54:00.000000,,,,13.638461,
07/09/2019 03:55:00.000000,,,,33.5,
07/09/2019 03:56:00.000000,,,,0.024016,
07/09/2019 03:57:00.000000,,,,0.005805,
07/09/2019 03:58:00.000000,,,,0.023614,
07/09/2019 03:59:00.000000,,,,0.026274,
07/09/2019 04:00:00.000000,,,,22.346154,
07/09/2019 04:01:00.000000,,,,0.031358,
07/09/2019 04:02:00.000000,,,,31.326316,
07/09/2019 04:03:00.000000,,,,21.729268,
07/09/2019 04:04:00.000000,,,,5.752632,
07/09/2019 04:05:00.000000,,,,10.081395,
07/09/2019 04:06:00.000000,,,,27.560976,
07/09/2019 04:07:00.000000,,,,0.019355,
07/09/2019 04:08:00.000000,,,,16.4,
07/09/2019 04:09:00.000000,,,,0.020046,
07/09/2019 04:10:00.000000,,,,0.046186,
07/09/2019 04:11:00.000000,,,,0.03805,
07/09/2019 04:12:00.000000,,,,13.591304,
07/09/2019 04:13:00.000000,,,,0.006122,
07/09/2019 04:14:00.000000,,,,0.026264,
07/09/2019 04:15:00.000000,,,,19.723529,
07/09/2019 04:16:00.000000,,,,13.016129,
07/09/2019 04:17:00.000000,,,,17.771429,
07/09/2019 04:18:00.000000,,,,17.835,
07/09/2019 04:19:00.000000,,,,15.977778,
07/09/2019 04:20:00.000000,,,,0.037661,
07/09/2019 04:21:00.000000,,,,0.016251,
07/09/2019 04:22:00.000000,,,,10.352174,
07/09/2019 04:23:00.000000,,,,14.492308,
07/09/2019 04:24:00.000000,,,,6.243902,
07/09/2019 04:25:00.000000,,,,11.519048,
07/09/2019 04:26:00.000000,,,,15.659524,
07/09/2019 04:27:00.000000,,,,45.157143,
07/09/2019 04:28:00.000000,,,,0.024098,
07/09/2019 04:29:00.000000,,,,0.026652,
07/09/2019 04:30:00.000000,,,,15.057143,
07/09/2019 04:31:00.000000,,,,0.01621,
07/09/2019 04:32:00.000000,,,,0.01483,
07/09/2019 04:33:00.000000,,,,0.026734,
07/09/2019 04:34:00.000000,,,,0.021348,
07/09/2019 04:35:00.000000,,,,10.568182,
07/09/2019 04:36:00.000000,,,,0.021266,
07/09/2019 04:37:00.000000,,,,0.027218,
07/09/2019 04:38:00.000000,,,,0.02349,
07/09/2019 04:39:00.000000,,,,13.836842,
07/09/2019 04:40:00.000000,,,,0.026951,
07/09/2019 04:41:00.000000,,,,24.819512,
07/09/2019 04:42:00.000000,,,,25.114634,
07/09/2019 04:43:00.000000,,,,33.382051,
07/09/2019 04:44:00.000000,,,,0.020442,
07/09/2019 04:45:00.000000,,,,31.546341,
07/09/2019 04:46:00.000000,,,,18.358974,
07/09/2019 04:47:00.000000,,,,26.028571,
07/09/2019 04:48:00.000000,,,,19.534146,
07/09/2019 04:49:00.000000,,,,14.168182,
07/09/2019 04:50:00.000000,,,,0.021753,
07/09/2019 04:51:00.000000,,,,12.73,
07/09/2019 04:52:00.000000,,,,0.008228,
07/09/2019 04:53:00.000000,,,,18.431818,
07/09/2019 04:54:00.000000,,,,15.846512,
07/09/2019 04:55:00.000000,,,,29.7,
07/09/2019 04:56:00.000000,,,,12.481395,
07/09/2019 04:57:00.000000,,,,0.026926,
07/09/2019 04:58:00.000000,,,,16.185,
07/09/2019 04:59:00.000000,,,,0.021935,
07/09/2019 05:00:00.000000,,,,0.020973,
07/09/2019 05:01:00.000000,,,,0.026854,
07/09/2019 05:02:00.000000,,,,14.38,
07/09/2019 05:03:00.000000,,,,23.190909,
07/09/2019 05:04:00.000000,,,,0.034002,
07/09/2019 05:05:00.000000,,,,0.016548,
07/09/2019 05:06:00.000000,,,,0.025568,
07/09/2019 05:07:00.000000,,,,15.086667,
07/09/2019 05:08:00.000000,,,,0.021547,
07/09/2019 05:09:00.000000,,,,0.020611,
07/09/2019 05:10:00.000000,,,,0.031348,
07/09/2019 05:11:00.000000,,,,0.020909,
07/09/2019 05:12:00.000000,,,,0.03356,
07/09/2019 05:13:00.000000,,,,9.415385,
07/09/2019 05:14:00.000000,,,,0.020981,
07/09/2019 05:15:00.000000,,,,18.084091,
07/09/2019 05:16:00.000000,,,,17.42,
07/09/2019 05:17:00.000000,,,,0.014111,
07/09/2019 05:18:00.000000,,,,0.013226,
07/09/2019 05:19:00.000000,,,,20.155814,
07/09/2019 05:20:00.000000,,,,0.027882,
07/09/2019 05:21:00.000000,,,,0.025188,
07/09/2019 05:22:00.000000,,,,22.921951,
07/09/2019 05:23:00.000000,,,,0.0231,
07/09/2019 05:24:00.000000,,,,23.513953,
07/09/2019 05:25:00.000000,,,,0.017083,
07/09/2019 05:26:00.000000,,,,14.436585,
07/09/2019 05:27:00.000000,,,,0.029909,
07/09/2019 05:28:00.000000,,,,0.02238,
07/09/2019 05:29:00.000000,,,,18.997619,
07/09/2019 05:30:00.000000,,,,0.028109,
07/09/2019 05:31:00.000000,,,,15.931818,
07/09/2019 05:32:00.000000,,,,22.312195,
07/09/2019 05:33:00.000000,,,,0.008197,
07/09/2019 05:34:00.000000,,,,0.020323,
07/09/2019 05:35:00.000000,,,,23.304878,
07/09/2019 05:36:00.000000,,,,0.019469,
07/09/2019 05:37:00.000000,,,,0.023604,
07/09/2019 05:38:00.000000,,,,15.523077,
07/09/2019 05:39:00.000000,,,,0.024643,
07/09/2019 05:40:00.000000,,,,18.180952,
07/09/2019 05:41:00.000000,,,,0.014275,
07/09/2019 05:42:00.000000,,,,0.018328,
07/09/2019 05:43:00.000000,,,,0.007333,
07/09/2019 05:44:00.000000,,,,0.009112,
07/09/2019 05:45:00.000000,,,,15.215385,
07/09/2019 05:46:00.000000,,,,18.111111,
07/09/2019 05:47:00.000000,,,,68.271429,
07/09/2019 05:48:00.000000,,,,31.356098,
07/09/2019 05:49:00.000000,,,,27.784615,
07/09/2019 05:50:00.000000,,,,0.032859,
07/09/2019 05:51:00.000000,,,,0.019105,
07/09/2019 05:52:00.000000,,,,11.525,
07/09/2019 05:53:00.000000,,,,0.016722,
07/09/2019 05:54:00.000000,,,,19.434091,
07/09/2019 05:55:00.000000,,,,0.031143,
07/09/2019 05:56:00.000000,,,,18.157143,
07/09/2019 05:57:00.000000,,,,21.595122,
07/09/2019 05:58:00.000000,,,,0.015049,
07/09/2019 05:59:00.000000,,,,0.037832,
07/09/2019 06:00:00.000000,,,,0.027482,
07/09/2019 06:01:00.000000,,,,21.4,
07/09/2019 06:02:00.000000,,,,0.016752,
07/09/2019 06:03:00.000000,,,,0.01035,
07/09/2019 06:04:00.000000,,,,0.044828,
07/09/2019 06:05:00.000000,,,,24.263158,
07/09/2019 06:06:00.000000,,,,0.011571,
07/09/2019 06:07:00.000000,,,,0.030415,
07/09/2019 06:08:00.000000,,,,0.018937,
07/09/2019 06:09:00.000000,,,,0.019983,
07/09/2019 06:10:00.000000,,,,20.16,
07/09/2019 06:11:00.000000,,,,19.985714,
07/09/2019 06:12:00.000000,,,,11.88,
07/09/2019 06:13:00.000000,,,,0.018762,
07/09/2019 06:14:00.000000,,,,0.013572,
07/09/2019 06:15:00.000000,,,,11.542857,
07/09/2019 06:16:00.000000,,,,17.393023,
07/09/2019 06:17:00.000000,,,,20.455,
07/09/2019 06:18:00.000000,,,,0.020752,
07/09/2019 06:19:00.000000,,,,22.17907,
07/09/2019 06:20:00.000000,,,,17.065,
07/09/2019 06:21:00.000000,,,,0.020486,
07/09/2019 06:22:00.000000,,,,0.01311,
07/09/2019 06:23:00.000000,,,,0.017398,
07/09/2019 06:24:00.000000,,,,11.122222,
07/09/2019 06:25:00.000000,,,,0.023984,
07/09/2019 06:26:00.000000,,,,31.0625,
07/09/2019 06:27:00.000000,,,,0.045659,
07/09/2019 06:28:00.000000,,,,52.664865,
07/09/2019 06:29:00.000000,,,,0.025902,
07/09/2019 06:30:00.000000,,,,0.017859,
07/09/2019 06:31:00.000000,,,,0.023348,
07/09/2019 06:32:00.000000,,,,0.019447,
07/09/2019 06:33:00.000000,,,,0.006731,
07/09/2019 06:34:00.000000,,,,14.030556,
07/09/2019 06:35:00.000000,,,,0.012847,
07/09/2019 06:36:00.000000,,,,0.019879,
07/09/2019 06:37:00.000000,,,,14.128571,
07/09/2019 06:38:00.000000,,,,19.030769,
07/09/2019 06:39:00.000000,,,,0.014238,
07/09/2019 06:40:00.000000,,,,16.162162,
07/09/2019 06:41:00.000000,,,,13.938889,
07/09/2019 06:42:00.000000,,,,5.64878,
07/09/2019 06:43:00.000000,,,,0.014577,
07/09/2019 06:44:00.000000,,,,0.014033,
07/09/2019 06:45:00.000000,,,,21.8875,
07/09/2019 06:46:00.000000,,,,18.169231,
07/09/2019 06:47:00.000000,,,,30.261538,
07/09/2019 06:48:00.000000,,,,0.02264,
07/09/2019 06:49:00.000000,,,,0.016423,
07/09/2019 06:50:00.000000,,,,0.01589,
07/09/2019 06:51:00.000000,,,,0.028518,
07/09/2019 06:52:00.000000,,,,0.023409,
07/09/2019 06:53:00.000000,,,,13.987805,
07/09/2019 06:54:00.000000,,,,35.989655,
07/09/2019 06:55:00.000000,,,,0.020024,
07/09/2019 06:56:00.000000,,,,17.361538,
07/09/2019 06:57:00.000000,,,,32.672414,
07/09/2019 06:58:00.000000,,,,0.029771,
07/09/2019 06:59:00.000000,,,,18.069231,
07/09/2019 07:00:00.000000,,,,14.04,
07/09/2019 07:01:00.000000,,,,10.9625,
07/09/2019 07:02:00.000000,,,,0.018051,
07/09/2019 07:03:00.000000,,,,0.017211,
07/09/2019 07:04:00.000000,,,,0.006925,
07/09/2019 07:05:00.000000,,,,0.012847,
07/09/2019 07:06:00.000000,,,,14.813514,
07/09/2019 07:07:00.000000,,,,0.006188,
07/09/2019 07:08:00.000000,,,,13.35,
07/09/2019 07:10:00.000000,,,,0.012513,
07/09/2019 07:11:00.000000,,,,15.497727,
07/09/2019 07:12:00.000000,,,,0.017332,
07/09/2019 07:13:00.000000,,,,0.012564,
07/09/2019 07:14:00.000000,,,,0.016206,
07/09/2019 07:15:00.000000,,,,10.5,
07/09/2019 07:16:00.000000,,,,10.083333,
07/09/2019 07:17:00.000000,,,,10.444186,
07/09/2019 07:18:00.000000,,,,0.014785,
07/09/2019 07:19:00.000000,,,,8.138462,
07/09/2019 07:20:00.000000,,,,0.018515,
07/09/2019 07:21:00.000000,,,,6.069231,
07/09/2019 07:22:00.000000,,,,9.158824,
07/09/2019 07:23:00.000000,,,,0.021274,
07/09/2019 07:24:00.000000,,,,0.00892,
07/09/2019 07:25:00.000000,,,,0.013569,
07/09/2019 07:26:00.000000,,,,13.214286,
07/09/2019 07:27:00.000000,,,,0.017115,
07/09/2019 07:28:00.000000,,,,0.01874,
07/09/2019 07:29:00.000000,,,,9.253659,
07/09/2019 07:30:00.000000,,,,0.024911,
07/09/2019 07:31:00.000000,,,,0.011516,
07/09/2019 07:32:00.000000,,,,24.546154,
07/09/2019 07:33:00.000000,,,,0.012762,
07/09/2019 07:34:00.000000,,,,7.331707,
07/09/2019 07:35:00.000000,,,,0.016124,
07/09/2019 07:36:00.000000,,,,0.011965,
07/09/2019 07:37:00.000000,,,,9.312195,
07/09/2019 07:38:00.000000,,,,0.013651,
07/09/2019 07:39:00.000000,,,,13.207317,
07/09/2019 07:40:00.000000,,,,19.964103,
07/09/2019 07:41:00.000000,,,,11.805,
07/09/2019 07:42:00.000000,,,,10.957895,
07/09/2019 07:43:00.000000,,,,9.153846,
07/09/2019 07:44:00.000000,,,,13.284615,
07/09/2019 07:45:00.000000,,,,7.216279,
07/09/2019 07:46:00.000000,,,,0.012184,
07/09/2019 07:47:00.000000,,,,0.006102,
07/09/2019 07:48:00.000000,,,,0.018195,
07/09/2019 07:50:00.000000,,,,17.930769,
07/09/2019 07:51:00.000000,,,,9.85814,
07/09/2019 07:52:00.000000,,,,17.528571,
07/09/2019 07:53:00.000000,,,,0.00597,
07/09/2019 07:54:00.000000,,,,0.015838,
07/09/2019 07:55:00.000000,,,,0.005776,
07/09/2019 07:56:00.000000,,,,7.03,
07/09/2019 07:57:00.000000,,,,15.25814,
07/09/2019 07:58:00.000000,,,,7.37907,
07/09/2019 07:59:00.000000,,,,0.005429,
07/09/2019 08:00:00.000000,,,,0.009419,
07/09/2019 08:01:00.000000,,,,15.121622,
07/09/2019 08:02:00.000000,,,,0.010103,
07/09/2019 08:03:00.000000,,,,0.019935,
07/09/2019 08:04:00.000000,,,,0.015817,
07/09/2019 08:05:00.000000,,,,8.46,
07/09/2019 08:06:00.000000,,,,6.927778,
07/09/2019 08:07:00.000000,,,,0.022502,
07/09/2019 08:08:00.000000,,,,8.8,
07/09/2019 08:09:00.000000,,,,18.82381,
07/09/2019 08:10:00.000000,,,,6.841176,
07/09/2019 08:11:00.000000,,,,10.954054,
07/09/2019 08:12:00.000000,,,,9.85,
07/09/2019 08:13:00.000000,,,,9.328571,
07/09/2019 08:14:00.000000,,,,12.275,
07/09/2019 08:15:00.000000,,,,16.511628,
07/09/2019 08:16:00.000000,,,,0.011516,
07/09/2019 08:17:00.000000,,,,6.919565,
07/09/2019 08:18:00.000000,,,,12.457778,
07/09/2019 08:19:00.000000,,,,0.010792,
07/09/2019 08:20:00.000000,,,,7.815385,
07/09/2019 08:21:00.000000,,,,0.022167,
07/09/2019 08:22:00.000000,,,,16.402381,
07/09/2019 08:23:00.000000,,,,11.471429,
07/09/2019 08:24:00.000000,,,,0.012193,
07/09/2019 08:25:00.000000,,,,7.165,
07/09/2019 08:26:00.000000,,,,12.257895,
07/09/2019 08:27:00.000000,,,,0.012335,
07/09/2019 08:28:00.000000,,,,0.008244,
07/09/2019 08:29:00.000000,,,,6.707692,
07/09/2019 08:30:00.000000,,,,0.017058,
07/09/2019 08:31:00.000000,,,,7.665,
07/09/2019 08:32:00.000000,,,,0.004743,
07/09/2019 08:33:00.000000,,,,9.571429,
07/09/2019 08:34:00.000000,,,,0.010918,
07/09/2019 08:35:00.000000,,,,10.375,
07/09/2019 08:36:00.000000,,,,11.030233,
07/09/2019 08:37:00.000000,,,,0.010073,
07/09/2019 08:38:00.000000,,,,22.763158,
07/09/2019 08:39:00.000000,,,,0.006454,
07/09/2019 08:40:00.000000,,,,15.430769,
07/09/2019 08:41:00.000000,,,,0.012136,
07/09/2019 08:42:00.000000,,,,0.009697,
07/09/2019 08:43:00.000000,,,,6.9,
07/09/2019 08:44:00.000000,,,,0.008284,
07/09/2019 08:45:00.000000,,,,0.00494,
07/09/2019 08:46:00.000000,,,,0.007095,
07/09/2019 08:47:00.000000,,,,11.109524,
07/09/2019 08:48:00.000000,,,,0.00992,
07/09/2019 08:49:00.000000,,,,0.007381,
07/09/2019 08:50:00.000000,,,,0.005959,
07/09/2019 08:51:00.000000,,,,8.005714,
07/09/2019 08:52:00.000000,,,,0.009775,
07/09/2019 08:53:00.000000,,,,3.059375,
07/09/2019 08:54:00.000000,,,,0.015927,
07/09/2019 08:55:00.000000,,,,0.014151,
07/09/2019 08:56:00.000000,,,,5.372222,
07/09/2019 08:57:00.000000,,,,0.00737,
07/09/2019 08:58:00.000000,,,,8.043902,
07/09/2019 08:59:00.000000,,,,3.730769,
07/09/2019 09:00:00.000000,,,,0.010791,
07/09/2019 09:01:00.000000,,,,7.351724,
07/09/2019 09:02:00.000000,,,,3.418182,
07/09/2019 09:03:00.000000,,,,7.739024,
07/09/2019 09:04:00.000000,,,,8.068182,
07/09/2019 09:05:00.000000,,,,3.785366,
07/09/2019 09:06:00.000000,,,,0.0037,
07/09/2019 09:07:00.000000,,,,0.007318,
07/09/2019 09:08:00.000000,,,,0.007949,
07/09/2019 09:09:00.000000,,,,0.004976,
07/09/2019 09:10:00.000000,,,,0.013318,
07/09/2019 09:11:00.000000,,,,0.014557,
07/09/2019 09:12:00.000000,,,,4.625,
07/09/2019 09:13:00.000000,,,,6.604651,
07/09/2019 09:14:00.000000,,,,0.008222,
07/09/2019 09:15:00.000000,,,,0.005725,
07/09/2019 09:16:00.000000,,,,0.019754,
07/09/2019 09:17:00.000000,,,,0.010923,
07/09/2019 09:18:00.000000,,,,6.253191,
07/09/2019 09:19:00.000000,,,,0.010983,
07/09/2019 09:20:00.000000,,,,0.013369,
07/09/2019 09:21:00.000000,,,,7.922222,
07/09/2019 09:22:00.000000,,,,7.12,
07/09/2019 09:23:00.000000,,,,0.009532,
07/09/2019 09:24:00.000000,,,,7.021951,
07/09/2019 09:25:00.000000,,,,0.024149,
07/09/2019 09:26:00.000000,,,,0.007938,
07/09/2019 09:27:00.000000,,,,0.007674,
07/09/2019 09:28:00.000000,,,,0.003888,
07/09/2019 09:29:00.000000,,,,8.782927,
07/09/2019 09:30:00.000000,,,,5.922581,
07/09/2019 09:31:00.000000,,,,14.165854,
07/09/2019 09:32:00.000000,,,,8.143243,
07/09/2019 09:33:00.000000,,,,0.010067,
07/09/2019 09:34:00.000000,,,,0.007137,
07/09/2019 09:35:00.000000,,,,0.007036,
07/09/2019 09:36:00.000000,,,,6.678049,
07/09/2019 09:37:00.000000,,,,3.011429,
07/09/2019 09:38:00.000000,,,,0.006873,
07/09/2019 09:39:00.000000,,,,7.667442,
07/09/2019 09:40:00.000000,,,,6.785714,
07/09/2019 09:41:00.000000,,,,0.01104,
07/09/2019 09:42:00.000000,,,,10.718182,
07/09/2019 09:43:00.000000,,,,0.015379,
07/09/2019 09:44:00.000000,,,,0.004866,
07/09/2019 09:45:00.000000,,,,0.006561,
07/09/2019 09:46:00.000000,,,,0.003908,
07/09/2019 09:47:00.000000,,,,0.012888,
07/09/2019 09:48:00.000000,,,,0.004485,
07/09/2019 09:50:00.000000,,,,8.769767,
07/09/2019 09:51:00.000000,,,,0.011249,
07/09/2019 09:52:00.000000,,,,0.014427,
07/09/2019 09:53:00.000000,,,,5.13,
07/09/2019 09:54:00.000000,,,,0.010418,
07/09/2019 09:55:00.000000,,,,0.004698,
07/09/2019 09:56:00.000000,,,,0.009922,
07/09/2019 09:57:00.000000,,,,4.466667,
07/09/2019 09:58:00.000000,,,,8.292857,
07/09/2019 09:59:00.000000,,,,10.793023,
07/09/2019 10:00:00.000000,,,,19.7625,
07/09/2019 10:01:00.000000,,,,20.835,
07/09/2019 10:02:00.000000,,,,0.006105,
07/09/2019 10:03:00.000000,,,,0.025533,
07/09/2019 10:04:00.000000,,,,0.015318,
07/09/2019 10:05:00.000000,,,,7.875,
07/09/2019 10:06:00.000000,,,,11.648936,
07/09/2019 10:07:00.000000,,,,0.006591,
07/09/2019 10:08:00.000000,,,,0.009061,
07/09/2019 10:10:00.000000,,,,6.021622,
07/09/2019 10:11:00.000000,,,,0.011592,
07/09/2019 10:12:00.000000,,,,17.146512,
07/09/2019 10:13:00.000000,,,,0.009962,
07/09/2019 10:14:00.000000,,,,0.011319,
07/09/2019 10:15:00.000000,,,,0.007755,
07/09/2019 10:16:00.000000,,,,0.004404,
07/09/2019 10:17:00.000000,,,,0.012483,
07/09/2019 10:18:00.000000,,,,8.902632,
07/09/2019 10:19:00.000000,,,,0.009,
07/09/2019 10:20:00.000000,,,,0.009426,
07/09/2019 10:21:00.000000,,,,10.153846,
07/09/2019 10:22:00.000000,,,,4.352632,
07/09/2019 10:23:00.000000,,,,0.020815,
07/09/2019 10:24:00.000000,,,,0.004981,
07/09/2019 10:25:00.000000,,,,0.015986,
07/09/2019 10:26:00.000000,,,,0.007887,
07/09/2019 10:27:00.000000,,,,0.008049,
07/09/2019 10:28:00.000000,,,,3.788235,
07/09/2019 10:29:00.000000,,,,11.65,
07/09/2019 10:30:00.000000,,,,18.066667,
07/09/2019 10:31:00.000000,,,,0.006257,
07/09/2019 10:32:00.000000,,,,0.005184,
07/09/2019 10:33:00.000000,,,,0.004556,
07/09/2019 10:34:00.000000,,,,0.010175,
07/09/2019 10:35:00.000000,,,,0.014812,
07/09/2019 10:36:00.000000,,,,12.588095,
07/09/2019 10:37:00.000000,,,,9.17561,
07/09/2019 10:38:00.000000,,,,7.667442,
07/09/2019 10:39:00.000000,,,,0.013326,
07/09/2019 10:40:00.000000,,,,0.0146,
07/09/2019 10:41:00.000000,,,,19.12439,
07/09/2019 10:42:00.000000,,,,14.036842,
07/09/2019 10:43:00.000000,,,,0.020323,
07/09/2019 10:44:00.000000,,,,12.35,
07/09/2019 10:45:00.000000,,,,0.020747,
07/09/2019 10:46:00.000000,,,,9.816216,
07/09/2019 10:47:00.000000,,,,0.005814,
07/09/2019 10:48:00.000000,,,,11.555814,
07/09/2019 10:49:00.000000,,,,0.032203,
07/09/2019 10:50:00.000000,,,,17.076923,
07/09/2019 10:51:00.000000,,,,22.185714,
07/09/2019 10:52:00.000000,,,,25.357895,
07/09/2019 10:53:00.000000,,,,0.007805,
07/09/2019 10:54:00.000000,,,,0.013359,
07/09/2019 10:55:00.000000,,,,0.012167,
07/09/2019 10:56:00.000000,,,,23.4,
07/09/2019 10:57:00.000000,,,,6.143902,
07/09/2019 10:58:00.000000,,,,0.026082,
07/09/2019 10:59:00.000000,,,,20.073684,
07/09/2019 11:00:00.000000,,,,0.012642,
07/09/2019 11:01:00.000000,,,,0.004746,
07/09/2019 11:02:00.000000,,,,0.017347,
07/09/2019 11:03:00.000000,,,,19.475,
07/09/2019 11:04:00.000000,,,,19.9,
07/09/2019 11:05:00.000000,,,,0.017871,
07/09/2019 11:06:00.000000,,,,0.028957,
07/09/2019 11:07:00.000000,,,,11.864103,
07/09/2019 11:08:00.000000,,,,0.025034,
07/09/2019 11:09:00.000000,,,,0.03646,
07/09/2019 11:10:00.000000,,,,14.323077,
07/09/2019 11:11:00.000000,,,,0.016926,
07/09/2019 11:12:00.000000,,,,4.769231,
07/09/2019 11:13:00.000000,,,,12.482927,
07/09/2019 11:14:00.000000,,,,14.314286,
07/09/2019 11:15:00.000000,,,,11.888372,
07/09/2019 11:16:00.000000,,,,22.37561,
07/09/2019 11:17:00.000000,,,,0.014438,
07/09/2019 11:18:00.000000,,,,13.113953,
07/09/2019 11:19:00.000000,,,,11.57907,
07/09/2019 11:20:00.000000,,,,13.582927,
07/09/2019 11:21:00.000000,,,,0.007057,
07/09/2019 11:22:00.000000,,,,16.492683,
07/09/2019 11:23:00.000000,,,,13.497297,
07/09/2019 11:24:00.000000,,,,0.030879,
07/09/2019 11:25:00.000000,,,,12.6,
07/09/2019 11:26:00.000000,,,,12.37907,
07/09/2019 11:27:00.000000,,,,0.012982,
07/09/2019 11:28:00.000000,,,,13.588889,
07/09/2019 11:29:00.000000,,,,0.027299,
07/09/2019 11:30:00.000000,,,,19.78,
07/09/2019 11:31:00.000000,,,,9.6375,
07/09/2019 11:32:00.000000,,,,0.014984,
07/09/2019 11:33:00.000000,,,,0.013993,
07/09/2019 11:34:00.000000,,,,0.013265,
07/09/2019 11:35:00.000000,,,,12.246154,
07/09/2019 11:36:00.000000,,,,0.006703,
07/09/2019 11:37:00.000000,,,,0.009059,
07/09/2019 11:38:00.000000,,,,12.457143,
07/09/2019 11:39:00.000000,,,,0.01189,
07/09/2019 11:40:00.000000,,,,22.092105,
07/09/2019 11:41:00.000000,,,,0.013771,
07/09/2019 11:42:00.000000,,,,6.96,
07/09/2019 11:43:00.000000,,,,4.494737,
07/09/2019 11:44:00.000000,,,,0.004863,
07/09/2019 11:45:00.000000,,,,3.829268,
07/09/2019 11:46:00.000000,,,,3.625,
07/09/2019 11:47:00.000000,,,,0.016824,
07/09/2019 11:48:00.000000,,,,0.02641,
07/09/2019 11:49:00.000000,,,,0.012608,
07/09/2019 11:50:00.000000,,,,7.48,
07/09/2019 11:51:00.000000,,,,0.010306,
07/09/2019 11:52:00.000000,,,,36.35,
07/09/2019 11:53:00.000000,,,,0.019317,
07/09/2019 11:54:00.000000,,,,18.472093,
07/09/2019 11:55:00.000000,,,,12.612195,
07/09/2019 11:56:00.000000,,,,11.328571,
07/09/2019 11:57:00.000000,,,,21.071429,
07/09/2019 11:58:00.000000,,,,0.012098,
07/09/2019 11:59:00.000000,,,,0.010357,
07/09/2019 12:00:00.000000,,,,0.012453,
07/09/2019 12:01:00.000000,,,,0.013182,
07/09/2019 12:02:00.000000,,,,25.786047,
07/09/2019 12:03:00.000000,,,,0.018892,
07/09/2019 12:04:00.000000,,,,18.771429,
07/09/2019 12:05:00.000000,,,,23.655882,
07/09/2019 12:06:00.000000,,,,14.7,
07/09/2019 12:07:00.000000,,,,18.157143,
07/09/2019 12:08:00.000000,,,,0.025034,
07/09/2019 12:09:00.000000,,,,0.029018,
07/09/2019 12:10:00.000000,,,,0.038623,
07/09/2019 12:11:00.000000,,,,24.46,
07/09/2019 12:12:00.000000,,,,0.01919,
07/09/2019 12:13:00.000000,,,,0.009898,
07/09/2019 12:14:00.000000,,,,0.033086,
07/09/2019 12:15:00.000000,,,,0.017373,
07/09/2019 12:16:00.000000,,,,12.104651,
07/09/2019 12:17:00.000000,,,,0.007148,
07/09/2019 12:18:00.000000,,,,0.013485,
07/09/2019 12:19:00.000000,,,,22.171429,
07/09/2019 12:20:00.000000,,,,14.384615,
07/09/2019 12:21:00.000000,,,,0.034524,
07/09/2019 12:22:00.000000,,,,15.042857,
07/09/2019 12:23:00.000000,,,,12.98,
07/09/2019 12:24:00.000000,,,,0.023132,
07/09/2019 12:25:00.000000,,,,0.028426,
07/09/2019 12:26:00.000000,,,,0.014588,
07/09/2019 12:27:00.000000,,,,0.013378,
07/09/2019 12:28:00.000000,,,,20.165909,
07/09/2019 12:29:00.000000,,,,0.006584,
07/09/2019 12:30:00.000000,,,,10.36,
07/09/2019 12:31:00.000000,,,,0.010461,
07/09/2019 12:32:00.000000,,,,12.55,
07/09/2019 12:33:00.000000,,,,0.012661,
07/09/2019 12:34:00.000000,,,,11.110526,
07/09/2019 12:35:00.000000,,,,5.214286,
07/09/2019 12:36:00.000000,,,,14.097674,
07/09/2019 12:37:00.000000,,,,19.0,
07/09/2019 12:38:00.000000,,,,0.014205,
07/09/2019 12:39:00.000000,,,,20.628571,
07/09/2019 12:40:00.000000,,,,16.075,
07/09/2019 12:41:00.000000,,,,0.024155,
07/09/2019 12:42:00.000000,,,,0.019036,
07/09/2019 12:43:00.000000,,,,0.023467,
07/09/2019 12:44:00.000000,,,,0.020197,
07/09/2019 12:45:00.000000,,,,0.013751,
07/09/2019 12:46:00.000000,,,,13.536842,
07/09/2019 12:47:00.000000,,,,10.8,
07/09/2019 12:48:00.000000,,,,0.029484,
07/09/2019 12:50:00.000000,,,,16.885366,
07/09/2019 12:51:00.000000,,,,0.037787,
07/09/2019 12:52:00.000000,,,,39.072093,
07/09/2019 12:53:00.000000,,,,23.82,
07/09/2019 12:54:00.000000,,,,26.353488,
07/09/2019 12:55:00.000000,,,,24.846341,
07/09/2019 12:56:00.000000,,,,17.25,
07/09/2019 12:57:00.000000,,,,33.066667,
07/09/2019 12:58:00.000000,,,,0.025104,
07/09/2019 12:59:00.000000,,,,34.132353,
07/09/2019 13:00:00.000000,,,,29.923077,
07/09/2019 13:01:00.000000,,,,19.760976,
07/09/2019 13:02:00.000000,,,,28.552632,
07/09/2019 13:03:00.000000,,,,26.192683,
07/09/2019 13:04:00.000000,,,,20.216,
07/09/2019 13:05:00.000000,,,,21.338461,
07/09/2019 13:06:00.000000,,,,0.068251,
07/09/2019 13:07:00.000000,,,,17.564516,
07/09/2019 13:08:00.000000,,,,0.008362,
07/09/2019 13:10:00.000000,,,,29.579412,
07/09/2019 13:11:00.000000,,,,0.02268,
07/09/2019 13:12:00.000000,,,,0.030219,
07/09/2019 13:13:00.000000,,,,35.958537,
07/09/2019 13:14:00.000000,,,,0.028144,
07/09/2019 13:15:00.000000,,,,0.020338,
07/09/2019 13:16:00.000000,,,,0.020317,
07/09/2019 13:17:00.000000,,,,19.9,
07/09/2019 13:18:00.000000,,,,0.039412,
07/09/2019 13:19:00.000000,,,,0.034324,
07/09/2019 13:20:00.000000,,,,0.029051,
07/09/2019 13:21:00.000000,,,,0.024825,
07/09/2019 13:22:00.000000,,,,0.025358,
07/09/2019 13:23:00.000000,,,,0.029502,
07/09/2019 13:24:00.000000,,,,0.04331,
07/09/2019 13:25:00.000000,,,,21.475,
07/09/2019 13:26:00.000000,,,,15.075,
07/09/2019 13:27:00.000000,,,,16.369231,
07/09/2019 13:28:00.000000,,,,28.018605,
07/09/2019 13:30:00.000000,,,,0.043392,
07/09/2019 13:31:00.000000,,,,0.023553,
07/09/2019 13:32:00.000000,,,,0.04052,
07/09/2019 13:33:00.000000,,,,35.36,
07/09/2019 13:34:00.000000,,,,0.031103,
07/09/2019 13:35:00.000000,,,,0.029092,
07/09/2019 13:36:00.000000,,,,0.035021,
07/09/2019 13:37:00.000000,,,,26.82439,
07/09/2019 13:38:00.000000,,,,56.451724,
07/09/2019 13:39:00.000000,,,,0.048009,
07/09/2019 13:40:00.000000,,,,36.287805,
07/09/2019 13:41:00.000000,,,,25.31282,
07/09/2019 13:42:00.000000,,,,30.855814,
07/09/2019 13:43:00.000000,,,,0.06027,
07/09/2019 13:44:00.000000,,,,49.027586,
07/09/2019 13:45:00.000000,,,,0.066576,
07/09/2019 13:46:00.000000,,,,31.43913,
07/09/2019 13:47:00.000000,,,,0.05386,
07/09/2019 13:48:00.000000,,,,37.977778,
07/09/2019 13:49:00.000000,,,,39.365854,
07/09/2019 13:50:00.000000,,,,0.041267,
07/09/2019 13:51:00.000000,,,,30.507317,
07/09/2019 13:52:00.000000,,,,0.05623,
07/09/2019 13:53:00.000000,,,,0.035394,
07/09/2019 13:54:00.000000,,,,0.051913,
07/09/2019 13:55:00.000000,,,,35.613514,
07/09/2019 13:56:00.000000,,,,0.055642,
07/09/2019 13:57:00.000000,,,,33.009091,
07/09/2019 13:58:00.000000,,,,30.035,
07/09/2019 13:59:00.000000,,,,37.047222,
07/09/2019 14:00:00.000000,,,,46.348571,
07/09/2019 14:01:00.000000,,,,0.079883,
07/09/2019 14:02:00.000000,,,,35.34359,
07/09/2019 14:03:00.000000,,,,31.890698,
07/09/2019 14:04:00.000000,,,,0.035864,
07/09/2019 14:05:00.000000,,,,0.031966,
07/09/2019 14:06:00.000000,,,,28.54186,
07/09/2019 14:07:00.000000,,,,0.041016,
07/09/2019 14:08:00.000000,,,,0.056773,
07/09/2019 14:09:00.000000,,,,37.02,
07/09/2019 14:10:00.000000,,,,49.405882,
07/09/2019 14:11:00.000000,,,,58.169231,
07/09/2019 14:12:00.000000,,,,0.049119,
07/09/2019 14:13:00.000000,,,,0.057709,
07/09/2019 14:14:00.000000,,,,0.048156,
07/09/2019 14:15:00.000000,,,,25.346154,
07/09/2019 14:16:00.000000,,,,0.053928,
07/09/2019 14:17:00.000000,,,,33.6525,
07/09/2019 14:18:00.000000,,,,34.115,
07/09/2019 14:19:00.000000,,,,28.160465,
07/09/2019 14:20:00.000000,,,,49.585714,
07/09/2019 14:21:00.000000,,,,28.253333,
07/09/2019 14:22:00.000000,,,,0.049906,
07/09/2019 14:23:00.000000,,,,0.045846,
07/09/2019 14:24:00.000000,,,,0.024902,
07/09/2019 14:25:00.000000,,,,0.028464,
07/09/2019 14:26:00.000000,,,,17.465854,
07/09/2019 14:27:00.000000,,,,18.728571,
07/09/2019 14:28:00.000000,,,,0.038008,
07/09/2019 14:29:00.000000,,,,30.781818,
07/09/2019 14:30:00.000000,,,,0.055971,
07/09/2019 14:31:00.000000,,,,47.907317,
07/09/2019 14:32:00.000000,,,,0.055964,
07/09/2019 14:33:00.000000,,,,0.060114,
07/09/2019 14:34:00.000000,,,,30.146341,
07/09/2019 14:35:00.000000,,,,0.041943,
07/09/2019 14:36:00.000000,,,,0.035987,
07/09/2019 14:37:00.000000,,,,0.056667,
07/09/2019 14:38:00.000000,,,,47.646341,
07/09/2019 14:39:00.000000,,,,26.664103,
07/09/2019 14:40:00.000000,,,,39.809524,
07/09/2019 14:41:00.000000,,,,19.661538,
07/09/2019 14:42:00.000000,,,,37.397368,
07/09/2019 14:43:00.000000,,,,0.037246,
07/09/2019 14:44:00.000000,,,,0.024662,
07/09/2019 14:45:00.000000,,,,29.376316,
07/09/2019 14:46:00.000000,,,,38.033333,
07/09/2019 14:47:00.000000,,,,0.028994,
07/09/2019 14:48:00.000000,,,,17.4375,
07/09/2019 14:50:00.000000,,,,0.03282,
07/09/2019 14:51:00.000000,,,,0.030528,
07/09/2019 14:52:00.000000,,,,41.378947,
07/09/2019 14:53:00.000000,,,,16.243243,
07/09/2019 14:54:00.000000,,,,29.679487,
07/09/2019 14:55:00.000000,,,,0.02801,
07/09/2019 14:56:00.000000,,,,29.4125,
07/09/2019 14:57:00.000000,,,,46.011111,
07/09/2019 14:58:00.000000,,,,53.74878,
07/09/2019 14:59:00.000000,,,,25.81,
07/09/2019 15:00:00.000000,,,,0.018254,
07/09/2019 15:01:00.000000,,,,0.007025,
07/09/2019 15:02:00.000000,,,,18.407692,
07/09/2019 15:03:00.000000,,,,0.026931,
07/09/2019 15:04:00.000000,,,,15.909302,
07/09/2019 15:05:00.000000,,,,29.136364,
07/09/2019 15:06:00.000000,,,,55.58,
07/09/2019 15:07:00.000000,,,,26.82,
07/09/2019 15:08:00.000000,,,,0.032735,
07/09/2019 15:09:00.000000,,,,24.651064,
07/09/2019 15:10:00.000000,,,,34.025641,
07/09/2019 15:11:00.000000,,,,0.022372,
07/09/2019 15:12:00.000000,,,,8.460976,
07/09/2019 15:13:00.000000,,,,0.020219,
07/09/2019 15:14:00.000000,,,,21.99,
07/09/2019 15:15:00.000000,,,,22.305,
07/09/2019 15:16:00.000000,,,,0.017793,
07/09/2019 15:17:00.000000,,,,23.623256,
07/09/2019 15:18:00.000000,,,,0.026086,
07/09/2019 15:19:00.000000,,,,0.025263,
07/09/2019 15:20:00.000000,,,,21.229268,
07/09/2019 15:21:00.000000,,,,0.026649,
07/09/2019 15:22:00.000000,,,,0.02677,
07/09/2019 15:23:00.000000,,,,23.557895,
07/09/2019 15:24:00.000000,,,,0.064395,
07/09/2019 15:25:00.000000,,,,0.035054,
07/09/2019 15:26:00.000000,,,,0.017723,
07/09/2019 15:27:00.000000,,,,27.189189,
07/09/2019 15:28:00.000000,,,,0.027859,
07/09/2019 15:29:00.000000,,,,22.941026,
07/09/2019 15:30:00.000000,,,,0.021718,
07/09/2019 15:31:00.000000,,,,16.814286,
07/09/2019 15:32:00.000000,,,,0.032945,
07/09/2019 15:33:00.000000,,,,23.787805,
07/09/2019 15:34:00.000000,,,,0.033869,
07/09/2019 15:35:00.000000,,,,22.066667,
07/09/2019 15:36:00.000000,,,,18.074419,
07/09/2019 15:37:00.000000,,,,18.55,
07/09/2019 15:38:00.000000,,,,23.472093,
07/09/2019 15:39:00.000000,,,,41.265116,
07/09/2019 15:40:00.000000,,,,25.914286,
07/09/2019 15:41:00.000000,,,,28.425,
07/09/2019 15:42:00.000000,,,,0.033495,
07/09/2019 15:43:00.000000,,,,16.481818,
07/09/2019 15:44:00.000000,,,,16.676744,
07/09/2019 15:45:00.000000,,,,4.607317,
07/09/2019 15:46:00.000000,,,,0.031076,
07/09/2019 15:47:00.000000,,,,12.15,
07/09/2019 15:48:00.000000,,,,9.387805,
07/09/2019 15:49:00.000000,,,,3.875,
07/09/2019 15:50:00.000000,,,,0.002567,
07/09/2019 15:51:00.000000,,,,0.011187,
07/09/2019 15:52:00.000000,,,,15.844737,
07/09/2019 15:53:00.000000,,,,9.745946,
07/09/2019 15:54:00.000000,,,,23.372093,
07/09/2019 15:55:00.000000,,,,0.05038,
07/09/2019 15:56:00.000000,,,,0.022118,
07/09/2019 15:57:00.000000,,,,0.014506,
07/09/2019 15:58:00.000000,,,,3.325,
07/09/2019 15:59:00.000000,,,,0.010012,
07/09/2019 16:00:00.000000,,,,9.440476,
07/09/2019 16:01:00.000000,,,,11.425,
07/09/2019 16:02:00.000000,,,,3.557143,
07/09/2019 16:03:00.000000,,,,12.574359,
07/09/2019 16:04:00.000000,,,,10.386364,
07/09/2019 16:05:00.000000,,,,0.009185,
07/09/2019 16:06:00.000000,,,,0.003277,
07/09/2019 16:07:00.000000,,,,0.011886,
07/09/2019 16:08:00.000000,,,,0.008633,
07/09/2019 16:09:00.000000,,,,0.019798,
07/09/2019 16:10:00.000000,,,,6.25,
07/09/2019 16:11:00.000000,,,,0.011695,
07/09/2019 16:12:00.000000,,,,9.6,
07/09/2019 16:13:00.000000,,,,3.026829,
07/09/2019 16:14:00.000000,,,,5.058537,
07/09/2019 16:15:00.000000,,,,0.021191,
07/09/2019 16:16:00.000000,,,,0.003967,
07/09/2019 16:17:00.000000,,,,0.002867,
07/09/2019 16:18:00.000000,,,,0.007342,
07/09/2019 16:19:00.000000,,,,0.002624,
07/09/2019 16:20:00.000000,,,,0.007386,
07/09/2019 16:21:00.000000,,,,22.952273,
07/09/2019 16:22:00.000000,,,,8.709756,
07/09/2019 16:23:00.000000,,,,0.014454,
07/09/2019 16:24:00.000000,,,,7.836585,
07/09/2019 16:25:00.000000,,,,2.439535,
07/09/2019 16:26:00.000000,,,,24.5,
07/09/2019 16:27:00.000000,,,,0.021381,
07/09/2019 16:28:00.000000,,,,9.905263,
07/09/2019 16:29:00.000000,,,,2.097143,
07/09/2019 16:30:00.000000,,,,26.414286,
07/09/2019 16:31:00.000000,,,,14.957143,
07/09/2019 16:32:00.000000,,,,0.011377,
07/09/2019 16:33:00.000000,,,,18.46,
07/09/2019 16:34:00.000000,,,,0.020175,
07/09/2019 16:35:00.000000,,,,6.039535,
07/09/2019 16:36:00.000000,,,,0.008591,
07/09/2019 16:37:00.000000,,,,0.003301,
07/09/2019 16:38:00.000000,,,,0.010241,
07/09/2019 16:39:00.000000,,,,0.003586,
07/09/2019 16:40:00.000000,,,,0.015605,
07/09/2019 16:41:00.000000,,,,0.011405,
07/09/2019 16:42:00.000000,,,,0.0136,
07/09/2019 16:43:00.000000,,,,8.563636,
07/09/2019 16:44:00.000000,,,,0.010042,
07/09/2019 16:45:00.000000,,,,2.981395,
07/09/2019 16:46:00.000000,,,,0.0119,
07/09/2019 16:47:00.000000,,,,0.013661,
07/09/2019 16:48:00.000000,,,,0.008379,
07/09/2019 16:49:00.000000,,,,0.009408,
07/09/2019 16:50:00.000000,,,,0.008739,
07/09/2019 16:51:00.000000,,,,0.015091,
07/09/2019 16:52:00.000000,,,,7.895238,
07/09/2019 16:53:00.000000,,,,7.386047,
07/09/2019 16:54:00.000000,,,,7.570732,
07/09/2019 16:55:00.000000,,,,18.142857,
07/09/2019 16:56:00.000000,,,,0.007253,
07/09/2019 16:57:00.000000,,,,6.865,
07/09/2019 16:58:00.000000,,,,3.373171,
07/09/2019 16:59:00.000000,,,,6.138095,
07/09/2019 17:00:00.000000,,,,5.879545,
07/09/2019 17:01:00.000000,,,,0.011246,
07/09/2019 17:02:00.000000,,,,4.915385,
07/09/2019 17:03:00.000000,,,,0.006436,
07/09/2019 17:04:00.000000,,,,2.004545,
07/09/2019 17:05:00.000000,,,,1.84,
07/09/2019 17:06:00.000000,,,,1.814286,
07/09/2019 17:07:00.000000,,,,0.010354,
07/09/2019 17:08:00.000000,,,,0.03702,
07/09/2019 17:09:00.000000,,,,0.005621,
07/09/2019 17:10:00.000000,,,,0.002549,
07/09/2019 17:11:00.000000,,,,0.002198,
07/09/2019 17:12:00.000000,,,,0.011395,
07/09/2019 17:13:00.000000,,,,4.754762,
07/09/2019 17:14:00.000000,,,,8.783721,
07/09/2019 17:15:00.000000,,,,0.00287,
07/09/2019 17:16:00.000000,,,,0.002509,
07/09/2019 17:17:00.000000,,,,0.002786,
07/09/2019 17:18:00.000000,,,,4.292308,
07/09/2019 17:19:00.000000,,,,0.014876,
07/09/2019 17:20:00.000000,,,,0.008209,
07/09/2019 17:21:00.000000,,,,0.019459,
07/09/2019 17:22:00.000000,,,,10.442857,
07/09/2019 17:23:00.000000,,,,18.075,
07/09/2019 17:24:00.000000,,,,0.006771,
07/09/2019 17:25:00.000000,,,,0.006175,
07/09/2019 17:26:00.000000,,,,12.111364,
07/09/2019 17:27:00.000000,,,,6.37561,
07/09/2019 17:28:00.000000,,,,2.553488,
07/09/2019 17:29:00.000000,,,,5.195455,
07/09/2019 17:30:00.000000,,,,8.014286,
07/09/2019 17:31:00.000000,,,,4.676923,
07/09/2019 17:32:00.000000,,,,0.007443,
07/09/2019 17:33:00.000000,,,,20.963158,
07/09/2019 17:34:00.000000,,,,17.088372,
07/09/2019 17:35:00.000000,,,,0.005408,
07/09/2019 17:36:00.000000,,,,17.790909,
07/09/2019 17:37:00.000000,,,,0.006665,
07/09/2019 17:38:00.000000,,,,0.026552,
07/09/2019 17:39:00.000000,,,,0.012252,
07/09/2019 17:40:00.000000,,,,8.771053,
07/09/2019 17:41:00.000000,,,,0.01409,
07/09/2019 17:42:00.000000,,,,0.006908,
07/09/2019 17:43:00.000000,,,,0.043428,
07/09/2019 17:44:00.000000,,,,0.030146,
07/09/2019 17:45:00.000000,,,,0.013922,
07/09/2019 17:46:00.000000,,,,5.839024,
07/09/2019 17:47:00.000000,,,,2.435897,
07/09/2019 17:48:00.000000,,,,8.559091,
07/09/2019 17:49:00.000000,,,,16.167442,
07/09/2019 17:50:00.000000,,,,0.018015,
07/09/2019 17:51:00.000000,,,,0.02117,
07/09/2019 17:52:00.000000,,,,4.074419,
07/09/2019 17:53:00.000000,,,,1.936842,
07/09/2019 17:54:00.000000,,,,0.002207,
07/09/2019 17:55:00.000000,,,,9.240541,
07/09/2019 17:56:00.000000,,,,0.012733,
07/09/2019 17:57:00.000000,,,,3.188372,
07/09/2019 17:58:00.000000,,,,2.364286,
07/09/2019 17:59:00.000000,,,,2.232558,
07/09/2019 18:00:00.000000,,,,11.628571,
07/09/2019 18:01:00.000000,,,,0.003752,
07/09/2019 18:02:00.000000,,,,0.002676,
07/09/2019 18:03:00.000000,,,,1.671429,
07/09/2019 18:04:00.000000,,,,0.011207,
07/09/2019 18:05:00.000000,,,,9.314634,
07/09/2019 18:06:00.000000,,,,0.013907,
07/09/2019 18:07:00.000000,,,,9.971429,
07/09/2019 18:08:00.000000,,,,10.463415,
07/09/2019 18:09:00.000000,,,,0.007706,
07/09/2019 18:10:00.000000,,,,4.657143,
07/09/2019 18:11:00.000000,,,,2.656098,
07/09/2019 18:12:00.000000,,,,0.007418,
07/09/2019 18:13:00.000000,,,,0.01791,
07/09/2019 18:14:00.000000,,,,0.012384,
07/09/2019 18:15:00.000000,,,,0.012974,
07/09/2019 18:16:00.000000,,,,0.013903,
07/09/2019 18:17:00.000000,,,,3.645455,
07/09/2019 18:18:00.000000,,,,2.243902,
07/09/2019 18:19:00.000000,,,,0.002589,
07/09/2019 18:20:00.000000,,,,0.002803,
07/09/2019 18:21:00.000000,,,,0.002504,
07/09/2019 18:22:00.000000,,,,0.002226,
07/09/2019 18:23:00.000000,,,,18.734146,
07/09/2019 18:24:00.000000,,,,0.00826,
07/09/2019 18:25:00.000000,,,,0.003427,
07/09/2019 18:26:00.000000,,,,6.0,
07/09/2019 18:27:00.000000,,,,6.247368,
07/09/2019 18:28:00.000000,,,,3.004545,
07/09/2019 18:29:00.000000,,,,4.214286,
07/09/2019 18:30:00.000000,,,,0.009214,
07/09/2019 18:31:00.000000,,,,0.016863,
07/09/2019 18:32:00.000000,,,,8.033333,
07/09/2019 18:33:00.000000,,,,0.005935,
07/09/2019 18:34:00.000000,,,,4.271429,
07/09/2019 18:35:00.000000,,,,13.425581,
07/09/2019 18:36:00.000000,,,,0.005288,
07/09/2019 18:37:00.000000,,,,0.005406,
07/09/2019 18:38:00.000000,,,,0.022436,
07/09/2019 18:39:00.000000,,,,8.502439,
07/09/2019 18:40:00.000000,,,,9.853488,
07/09/2019 18:41:00.000000,,,,12.785714,
07/09/2019 18:42:00.000000,,,,5.045455,
07/09/2019 18:43:00.000000,,,,0.008463,
07/09/2019 18:44:00.000000,,,,0.00286,
07/09/2019 18:45:00.000000,,,,1.632558,
07/09/2019 18:46:00.000000,,,,0.002893,
07/09/2019 18:47:00.000000,,,,0.04153,
07/09/2019 18:48:00.000000,,,,0.013453,
07/09/2019 18:49:00.000000,,,,0.006796,
07/09/2019 18:50:00.000000,,,,0.012603,
07/09/2019 18:51:00.000000,,,,0.01981,
07/09/2019 18:52:00.000000,,,,6.818182,
07/09/2019 18:53:00.000000,,,,0.002595,
07/09/2019 18:54:00.000000,,,,8.184211,
07/09/2019 18:55:00.000000,,,,0.019488,
07/09/2019 18:56:00.000000,,,,19.618605,
07/09/2019 18:57:00.000000,,,,15.4125,
07/09/2019 18:58:00.000000,,,,0.009767,
07/09/2019 18:59:00.000000,,,,0.006547,
07/09/2019 19:00:00.000000,,,,0.005502,
07/09/2019 19:01:00.000000,,,,14.769697,
07/09/2019 19:02:00.000000,,,,0.006955,
07/09/2019 19:03:00.000000,,,,0.018346,
07/09/2019 19:04:00.000000,,,,0.018282,
07/09/2019 19:05:00.000000,,,,0.006949,
07/09/2019 19:06:00.000000,,,,0.002502,
07/09/2019 19:07:00.000000,,,,0.006917,
07/09/2019 19:08:00.000000,,,,0.021668,
07/09/2019 19:09:00.000000,,,,0.02155,
07/09/2019 19:10:00.000000,,,,0.022131,
07/09/2019 19:11:00.000000,,,,7.613636,
07/09/2019 19:12:00.000000,,,,0.020435,
07/09/2019 19:13:00.000000,,,,0.00393,
07/09/2019 19:14:00.000000,,,,6.393333,
07/09/2019 19:15:00.000000,,,,0.029189,
07/09/2019 19:16:00.000000,,,,0.021083,
07/09/2019 19:17:00.000000,,,,3.102273,
07/09/2019 19:18:00.000000,,,,1.854545,
07/09/2019 19:19:00.000000,,,,0.028665,
07/09/2019 19:20:00.000000,,,,0.005078,
07/09/2019 19:21:00.000000,,,,0.01078,
07/09/2019 19:22:00.000000,,,,5.65122,
07/09/2019 19:23:00.000000,,,,3.261905,
07/09/2019 19:24:00.000000,,,,0.026326,
07/09/2019 19:25:00.000000,,,,0.006757,
07/09/2019 19:26:00.000000,,,,2.816279,
07/09/2019 19:27:00.000000,,,,10.25122,
07/09/2019 19:28:00.000000,,,,0.012515,
07/09/2019 19:29:00.000000,,,,0.006614,
07/09/2019 19:30:00.000000,,,,8.4625,
07/09/2019 19:31:00.000000,,,,0.030729,
07/09/2019 19:32:00.000000,,,,0.004491,
07/09/2019 19:33:00.000000,,,,1.413158,
07/09/2019 19:34:00.000000,,,,7.169444,
07/09/2019 19:35:00.000000,,,,0.018234,
07/09/2019 19:36:00.000000,,,,9.902326,
07/09/2019 19:37:00.000000,,,,2.64,
07/09/2019 19:38:00.000000,,,,0.001842,
07/09/2019 19:39:00.000000,,,,0.006349,
07/09/2019 19:40:00.000000,,,,0.007475,
07/09/2019 19:41:00.000000,,,,2.265116,
07/09/2019 19:42:00.000000,,,,6.585,
07/09/2019 19:43:00.000000,,,,0.006774,
07/09/2019 19:44:00.000000,,,,8.967742,
07/09/2019 19:45:00.000000,,,,3.121053,
07/09/2019 19:46:00.000000,,,,9.376471,
07/09/2019 19:47:00.000000,,,,2.716279,
07/09/2019 19:48:00.000000,,,,0.0091,
07/09/2019 19:49:00.000000,,,,3.914634,
07/09/2019 19:50:00.000000,,,,0.009165,
07/09/2019 19:51:00.000000,,,,9.388571,
07/09/2019 19:52:00.000000,,,,0.013098,
07/09/2019 19:53:00.000000,,,,3.669231,
07/09/2019 19:54:00.000000,,,,0.012546,
07/09/2019 19:55:00.000000,,,,0.008981,
07/09/2019 19:56:00.000000,,,,0.003694,
07/09/2019 19:57:00.000000,,,,0.002058,
07/09/2019 19:58:00.000000,,,,2.290244,
07/09/2019 19:59:00.000000,,,,0.023885,
07/09/2019 20:00:00.000000,,,,0.004174,
07/09/2019 20:01:00.000000,,,,5.9,
07/09/2019 20:02:00.000000,,,,0.00429,
07/09/2019 20:03:00.000000,,,,0.012838,
07/09/2019 20:04:00.000000,,,,19.009091,
07/09/2019 20:05:00.000000,,,,8.685366,
07/09/2019 20:06:00.000000,,,,0.022367,
07/09/2019 20:07:00.000000,,,,0.004466,
07/09/2019 20:08:00.000000,,,,6.368293,
07/09/2019 20:09:00.000000,,,,0.00232,
07/09/2019 20:10:00.000000,,,,8.726829,
07/09/2019 20:11:00.000000,,,,9.397674,
07/09/2019 20:12:00.000000,,,,0.006259,
07/09/2019 20:13:00.000000,,,,10.654762,
07/09/2019 20:14:00.000000,,,,2.878049,
07/09/2019 20:15:00.000000,,,,1.4,
07/09/2019 20:16:00.000000,,,,0.0023,
07/09/2019 20:17:00.000000,,,,12.633333,
07/09/2019 20:18:00.000000,,,,0.003699,
07/09/2019 20:19:00.000000,,,,22.458536,
07/09/2019 20:20:00.000000,,,,0.016406,
07/09/2019 20:21:00.000000,,,,21.590909,
07/09/2019 20:22:00.000000,,,,9.063415,
07/09/2019 20:23:00.000000,,,,15.64359,
07/09/2019 20:24:00.000000,,,,7.89,
07/09/2019 20:25:00.000000,,,,0.023325,
07/09/2019 20:26:00.000000,,,,4.348837,
07/09/2019 20:27:00.000000,,,,8.5125,
07/09/2019 20:28:00.000000,,,,2.971429,
07/09/2019 20:29:00.000000,,,,0.015787,
07/09/2019 20:30:00.000000,,,,14.85,
07/09/2019 20:31:00.000000,,,,0.021469,
07/09/2019 20:32:00.000000,,,,0.015233,
07/09/2019 20:33:00.000000,,,,7.440476,
07/09/2019 20:34:00.000000,,,,0.007576,
07/09/2019 20:35:00.000000,,,,6.976744,
07/09/2019 20:36:00.000000,,,,3.805714,
07/09/2019 20:37:00.000000,,,,29.323809,
07/09/2019 20:38:00.000000,,,,17.119048,
07/09/2019 20:39:00.000000,,,,0.005302,
07/09/2019 20:40:00.000000,,,,10.504878,
07/09/2019 20:41:00.000000,,,,14.576923,
07/09/2019 20:42:00.000000,,,,0.030481,
07/09/2019 20:43:00.000000,,,,2.203226,
07/09/2019 20:44:00.000000,,,,0.013488,
07/09/2019 20:45:00.000000,,,,15.161538,
07/09/2019 20:46:00.000000,,,,3.214286,
07/09/2019 20:47:00.000000,,,,11.207317,
07/09/2019 20:48:00.000000,,,,3.465116,
07/09/2019 20:49:00.000000,,,,13.444186,
07/09/2019 20:50:00.000000,,,,9.728571,
07/09/2019 20:51:00.000000,,,,11.381395,
07/09/2019 20:52:00.000000,,,,0.015392,
07/09/2019 20:53:00.000000,,,,15.6,
07/09/2019 20:54:00.000000,,,,0.021458,
07/09/2019 20:55:00.000000,,,,0.005354,
07/09/2019 20:56:00.000000,,,,3.257143,
07/09/2019 20:57:00.000000,,,,6.1,
07/09/2019 20:58:00.000000,,,,0.003076,
07/09/2019 20:59:00.000000,,,,0.044914,
07/09/2019 21:00:00.000000,,,,0.011077,
07/09/2019 21:01:00.000000,,,,0.009791,
07/09/2019 21:02:00.000000,,,,0.013077,
07/09/2019 21:03:00.000000,,,,13.216279,
07/09/2019 21:04:00.000000,,,,18.341463,
07/09/2019 21:05:00.000000,,,,0.019553,
07/09/2019 21:06:00.000000,,,,0.01754,
07/09/2019 21:07:00.000000,,,,0.011751,
07/09/2019 21:08:00.000000,,,,0.013067,
07/09/2019 21:09:00.000000,,,,6.625,
07/09/2019 21:10:00.000000,,,,8.842857,
07/09/2019 21:11:00.000000,,,,0.016457,
07/09/2019 21:12:00.000000,,,,0.022654,
07/09/2019 21:13:00.000000,,,,2.561765,
07/09/2019 21:14:00.000000,,,,0.009618,
07/09/2019 21:15:00.000000,,,,23.65,
07/09/2019 21:16:00.000000,,,,0.020015,
07/09/2019 21:17:00.000000,,,,0.042977,
07/09/2019 21:18:00.000000,,,,0.0265,
07/09/2019 21:19:00.000000,,,,22.258536,
07/09/2019 21:20:00.000000,,,,0.014965,
07/09/2019 21:21:00.000000,,,,0.009349,
07/09/2019 21:22:00.000000,,,,0.011816,
07/09/2019 21:23:00.000000,,,,0.010518,
07/09/2019 21:24:00.000000,,,,9.176316,
07/09/2019 21:25:00.000000,,,,19.090476,
07/09/2019 21:26:00.000000,,,,0.072671,
07/09/2019 21:27:00.000000,,,,32.085,
07/09/2019 21:28:00.000000,,,,0.012357,
07/09/2019 21:29:00.000000,,,,3.421951,
07/09/2019 21:30:00.000000,,,,4.786364,
07/09/2019 21:31:00.000000,,,,0.008408,
07/09/2019 21:32:00.000000,,,,27.362791,
07/09/2019 21:33:00.000000,,,,12.44878,
07/09/2019 21:34:00.000000,,,,22.673684,
07/09/2019 21:35:00.000000,,,,0.021771,
07/09/2019 21:36:00.000000,,,,3.781395,
07/09/2019 21:37:00.000000,,,,1.712195,
07/09/2019 21:38:00.000000,,,,14.875,
07/09/2019 21:39:00.000000,,,,4.636842,
07/09/2019 21:40:00.000000,,,,13.223077,
07/09/2019 21:41:00.000000,,,,14.785714,
07/09/2019 21:42:00.000000,,,,11.344186,
07/09/2019 21:43:00.000000,,,,0.024409,
07/09/2019 21:44:00.000000,,,,0.011766,
07/09/2019 21:45:00.000000,,,,0.023282,
07/09/2019 21:46:00.000000,,,,2.105882,
07/09/2019 21:47:00.000000,,,,0.006617,
07/09/2019 21:48:00.000000,,,,13.269231,
07/09/2019 21:49:00.000000,,,,0.012214,
07/09/2019 21:50:00.000000,,,,0.021489,
07/09/2019 21:51:00.000000,,,,0.016661,
07/09/2019 21:52:00.000000,,,,0.008743,
07/09/2019 21:53:00.000000,,,,10.2,
07/09/2019 21:54:00.000000,,,,3.227273,
07/09/2019 21:55:00.000000,,,,8.3,
07/09/2019 21:56:00.000000,,,,13.72439,
07/09/2019 21:57:00.000000,,,,4.4375,
07/09/2019 21:58:00.000000,,,,0.011051,
07/09/2019 21:59:00.000000,,,,0.003239,
07/09/2019 22:00:00.000000,,,,5.352632,
07/09/2019 22:01:00.000000,,,,0.026716,
07/09/2019 22:02:00.000000,,,,0.010271,
07/09/2019 22:03:00.000000,,,,10.228571,
07/09/2019 22:04:00.000000,,,,0.004269,
07/09/2019 22:05:00.000000,,,,1.873333,
07/09/2019 22:06:00.000000,,,,0.017096,
07/09/2019 22:07:00.000000,,,,3.571429,
07/09/2019 22:08:00.000000,,,,2.646154,
07/09/2019 22:10:00.000000,,,,0.014214,
07/09/2019 22:11:00.000000,,,,3.309302,
07/09/2019 22:12:00.000000,,,,0.007389,
07/09/2019 22:13:00.000000,,,,15.209091,
07/09/2019 22:14:00.000000,,,,5.2,
07/09/2019 22:15:00.000000,,,,16.645,
07/09/2019 22:16:00.000000,,,,0.012583,
07/09/2019 22:17:00.000000,,,,0.006573,
07/09/2019 22:18:00.000000,,,,9.365854,
07/09/2019 22:19:00.000000,,,,0.017616,
07/09/2019 22:20:00.000000,,,,0.009914,
07/09/2019 22:21:00.000000,,,,9.119048,
07/09/2019 22:22:00.000000,,,,9.844186,
07/09/2019 22:23:00.000000,,,,20.816667,
07/09/2019 22:24:00.000000,,,,23.857143,
07/09/2019 22:25:00.000000,,,,4.178571,
07/09/2019 22:26:00.000000,,,,8.113953,
07/09/2019 22:27:00.000000,,,,3.053846,
07/09/2019 22:28:00.000000,,,,0.035341,
07/09/2019 22:30:00.000000,,,,4.013953,
07/09/2019 22:31:00.000000,,,,0.031219,
07/09/2019 22:32:00.000000,,,,0.011607,
07/09/2019 22:33:00.000000,,,,0.00371,
07/09/2019 22:34:00.000000,,,,21.436585,
07/09/2019 22:35:00.000000,,,,17.67561,
07/09/2019 22:36:00.000000,,,,0.061801,
07/09/2019 22:37:00.000000,,,,0.047929,
07/09/2019 22:38:00.000000,,,,6.889474,
07/09/2019 22:39:00.000000,,,,0.010367,
07/09/2019 22:40:00.000000,,,,0.031568,
07/09/2019 22:41:00.000000,,,,10.558065,
07/09/2019 22:42:00.000000,,,,11.997368,
07/09/2019 22:43:00.000000,,,,0.010669,
07/09/2019 22:44:00.000000,,,,17.537838,
07/09/2019 22:45:00.000000,,,,6.7125,
07/09/2019 22:46:00.000000,,,,0.019891,
07/09/2019 22:47:00.000000,,,,9.042857,
07/09/2019 22:48:00.000000,,,,0.012936,
07/09/2019 22:50:00.000000,,,,0.013692,
07/09/2019 22:51:00.000000,,,,17.792857,
07/09/2019 22:52:00.000000,,,,0.034317,
07/09/2019 22:53:00.000000,,,,18.042857,
07/09/2019 22:54:00.000000,,,,9.233333,
07/09/2019 22:55:00.000000,,,,0.006804,
07/09/2019 22:56:00.000000,,,,0.012936,
07/09/2019 22:57:00.000000,,,,0.011614,
07/09/2019 22:58:00.000000,,,,0.017638,
07/09/2019 22:59:00.000000,,,,0.025471,
07/09/2019 23:00:00.000000,,,,11.683333,
07/09/2019 23:01:00.000000,,,,7.45,
07/09/2019 23:02:00.000000,,,,0.004004,
07/09/2019 23:03:00.000000,,,,8.69,
07/09/2019 23:04:00.000000,,,,0.020754,
07/09/2019 23:05:00.000000,,,,0.007634,
07/09/2019 23:06:00.000000,,,,0.018178,
07/09/2019 23:07:00.000000,,,,0.018178,
07/09/2019 23:08:00.000000,,,,0.010396,
07/09/2019 23:10:00.000000,,,,0.0233,
07/09/2019 23:11:00.000000,,,,0.04405,
07/09/2019 23:12:00.000000,,,,18.157143,
07/09/2019 23:13:00.000000,,,,0.004777,
07/09/2019 23:14:00.000000,,,,5.960465,
07/09/2019 23:15:00.000000,,,,0.01647,
07/09/2019 23:16:00.000000,,,,18.729268,
07/09/2019 23:17:00.000000,,,,31.180488,
07/09/2019 23:18:00.000000,,,,20.95,
07/09/2019 23:19:00.000000,,,,31.716279,
07/09/2019 23:20:00.000000,,,,0.020426,
07/09/2019 23:21:00.000000,,,,0.010007,
07/09/2019 23:22:00.000000,,,,0.00817,
07/09/2019 23:23:00.000000,,,,0.003069,
07/09/2019 23:24:00.000000,,,,4.84878,
07/09/2019 23:25:00.000000,,,,0.019518,
07/09/2019 23:26:00.000000,,,,9.371429,
07/09/2019 23:27:00.000000,,,,0.010288,
07/09/2019 23:28:00.000000,,,,6.021951,
07/09/2019 23:30:00.000000,,,,6.35,
07/09/2019 23:31:00.000000,,,,0.026283,
07/09/2019 23:32:00.000000,,,,0.010894,
07/09/2019 23:33:00.000000,,,,0.0067,
07/09/2019 23:34:00.000000,,,,7.130769,
07/09/2019 23:35:00.000000,,,,10.028205,
07/09/2019 23:36:00.000000,,,,19.538462,
07/09/2019 23:37:00.000000,,,,4.076744,
07/09/2019 23:38:00.000000,,,,0.005252,
07/09/2019 23:39:00.000000,,,,5.04186,
07/09/2019 23:40:00.000000,,,,0.002619,
07/09/2019 23:41:00.000000,,,,29.570732,
07/09/2019 23:42:00.000000,,,,16.765217,
07/09/2019 23:43:00.000000,,,,0.00413,
07/09/2019 23:44:00.000000,,,,0.019282,
07/09/2019 23:45:00.000000,,,,0.018723,
07/09/2019 23:46:00.000000,,,,0.027407,
07/09/2019 23:47:00.000000,,,,0.012882,
07/09/2019 23:48:00.000000,,,,7.222727,
07/09/2019 23:50:00.000000,,,,6.536364,
07/09/2019 23:51:00.000000,,,,2.154762,
07/09/2019 23:52:00.000000,,,,15.971795,
07/09/2019 23:53:00.000000,,,,13.917073,
07/09/2019 23:54:00.000000,,,,7.616667,
07/09/2019 23:55:00.000000,,,,5.1875,
07/09/2019 23:56:00.000000,,,,9.646512,
07/09/2019 23:57:00.000000,,,,21.6875,
07/09/2019 23:58:00.000000,,,,0.019734,
07/09/2019 23:59:00.000000,,,,23.161538,
07/10/2019 00:00:00.000000,,,,4.839024,
07/10/2019 00:01:00.000000,,,,10.9,
07/10/2019 00:02:00.000000,,,,15.985366,
07/10/2019 00:03:00.000000,,,,0.011045,
07/10/2019 00:04:00.000000,,,,0.020728,
07/10/2019 00:05:00.000000,,,,9.711628,
07/10/2019 00:06:00.000000,,,,9.560976,
07/10/2019 00:07:00.000000,,,,7.906977,
07/10/2019 00:08:00.000000,,,,4.22,
07/10/2019 00:10:00.000000,,,,0.012704,
07/10/2019 00:11:00.000000,,,,5.3,
07/10/2019 00:12:00.000000,,,,2.15,
07/10/2019 00:13:00.000000,,,,0.024869,
07/10/2019 00:14:00.000000,,,,0.017205,
07/10/2019 00:15:00.000000,,,,0.003864,
07/10/2019 00:16:00.000000,,,,0.005893,
07/10/2019 00:17:00.000000,,,,11.137209,
07/10/2019 00:18:00.000000,,,,6.588889,
07/10/2019 00:19:00.000000,,,,0.021199,
07/10/2019 00:20:00.000000,,,,0.031915,
07/10/2019 00:21:00.000000,,,,17.416279,
07/10/2019 00:22:00.000000,,,,11.739535,
07/10/2019 00:23:00.000000,,,,5.32093,
07/10/2019 00:24:00.000000,,,,9.702326,
07/10/2019 00:25:00.000000,,,,12.723256,
07/10/2019 00:26:00.000000,,,,0.004442,
07/10/2019 00:27:00.000000,,,,0.007223,
07/10/2019 00:28:00.000000,,,,6.153333,
07/10/2019 00:29:00.000000,,,,13.270732,
07/10/2019 00:30:00.000000,,,,16.54,
07/10/2019 00:31:00.000000,,,,0.042939,
07/10/2019 00:32:00.000000,,,,0.012382,
07/10/2019 00:33:00.000000,,,,0.002519,
07/10/2019 00:34:00.000000,,,,4.354054,
07/10/2019 00:35:00.000000,,,,0.01277,
07/10/2019 00:36:00.000000,,,,0.003639,
07/10/2019 00:37:00.000000,,,,0.003919,
07/10/2019 00:38:00.000000,,,,0.002024,
07/10/2019 00:39:00.000000,,,,0.010702,
07/10/2019 00:40:00.000000,,,,11.533333,
07/10/2019 00:41:00.000000,,,,8.464286,
07/10/2019 00:42:00.000000,,,,0.002756,
07/10/2019 00:43:00.000000,,,,2.181818,
07/10/2019 00:44:00.000000,,,,3.785714,
07/10/2019 00:45:00.000000,,,,0.002089,
07/10/2019 00:46:00.000000,,,,0.010099,
07/10/2019 00:47:00.000000,,,,4.953846,
07/10/2019 00:48:00.000000,,,,0.015583,
07/10/2019 00:49:00.000000,,,,8.616667,
07/10/2019 00:50:00.000000,,,,0.010838,
07/10/2019 00:51:00.000000,,,,0.013909,
07/10/2019 00:52:00.000000,,,,0.017936,
07/10/2019 00:53:00.000000,,,,0.003211,
07/10/2019 00:54:00.000000,,,,11.175,
07/10/2019 00:55:00.000000,,,,0.01639,
07/10/2019 00:56:00.000000,,,,0.009398,
07/10/2019 00:57:00.000000,,,,15.926316,
07/10/2019 00:58:00.000000,,,,0.010805,
07/10/2019 00:59:00.000000,,,,28.428571,
07/10/2019 01:00:00.000000,,,,23.5,
07/10/2019 01:01:00.000000,,,,6.535135,
07/10/2019 01:02:00.000000,,,,2.234211,
07/10/2019 01:03:00.000000,,,,0.036536,
07/10/2019 01:04:00.000000,,,,61.541667,
07/10/2019 01:05:00.000000,,,,10.3525,
07/10/2019 01:06:00.000000,,,,0.02906,
07/10/2019 01:07:00.000000,,,,15.742857,
07/10/2019 01:08:00.000000,,,,0.014835,
07/10/2019 01:09:00.000000,,,,5.511111,
07/10/2019 01:10:00.000000,,,,9.9625,
07/10/2019 01:11:00.000000,,,,15.369048,
07/10/2019 01:12:00.000000,,,,0.01505,
07/10/2019 01:13:00.000000,,,,15.643182,
07/10/2019 01:14:00.000000,,,,19.44,
07/10/2019 01:15:00.000000,,,,0.01239,
07/10/2019 01:16:00.000000,,,,11.745454,
07/10/2019 01:17:00.000000,,,,13.980488,
07/10/2019 01:18:00.000000,,,,9.307692,
07/10/2019 01:19:00.000000,,,,0.007778,
07/10/2019 01:20:00.000000,,,,0.013842,
07/10/2019 01:21:00.000000,,,,7.204878,
07/10/2019 01:22:00.000000,,,,0.008656,
07/10/2019 01:23:00.000000,,,,0.006486,
07/10/2019 01:24:00.000000,,,,15.972093,
07/10/2019 01:25:00.000000,,,,0.021036,
07/10/2019 01:26:00.000000,,,,12.74186,
07/10/2019 01:27:00.000000,,,,0.0159,
07/10/2019 01:28:00.000000,,,,0.013782,
07/10/2019 01:29:00.000000,,,,0.021141,
07/10/2019 01:30:00.000000,,,,0.006348,
07/10/2019 01:31:00.000000,,,,25.938462,
07/10/2019 01:32:00.000000,,,,0.013551,
07/10/2019 01:33:00.000000,,,,0.003484,
07/10/2019 01:34:00.000000,,,,0.023489,
07/10/2019 01:35:00.000000,,,,4.476744,
07/10/2019 01:36:00.000000,,,,0.00218,
07/10/2019 01:37:00.000000,,,,5.525,
07/10/2019 01:38:00.000000,,,,4.236585,
07/10/2019 01:39:00.000000,,,,0.00981,
07/10/2019 01:40:00.000000,,,,0.009597,
07/10/2019 01:41:00.000000,,,,395.425,
07/10/2019 01:42:00.000000,,,,0.107379,
07/10/2019 01:43:00.000000,,,,0.004232,
07/10/2019 01:44:00.000000,,,,7.975,
07/10/2019 01:45:00.000000,,,,0.009223,
07/10/2019 01:46:00.000000,,,,0.006607,
07/10/2019 01:47:00.000000,,,,0.008635,
07/10/2019 01:48:00.000000,,,,0.002967,
07/10/2019 01:49:00.000000,,,,0.011559,
07/10/2019 01:50:00.000000,,,,2.365714,
07/10/2019 01:51:00.000000,,,,1.929268,
07/10/2019 01:52:00.000000,,,,10.4,
07/10/2019 01:53:00.000000,,,,0.00397,
07/10/2019 01:54:00.000000,,,,0.019476,
07/10/2019 01:55:00.000000,,,,3.625,
07/10/2019 01:56:00.000000,,,,10.769231,
07/10/2019 01:57:00.000000,,,,7.347368,
07/10/2019 01:58:00.000000,,,,13.428571,
07/10/2019 01:59:00.000000,,,,0.015979,
07/10/2019 02:00:00.000000,,,,0.009041,
07/10/2019 02:01:00.000000,,,,14.87027,
07/10/2019 02:02:00.000000,,,,0.00971,
07/10/2019 02:03:00.000000,,,,7.375,
07/10/2019 02:04:00.000000,,,,6.15,
07/10/2019 02:05:00.000000,,,,6.4875,
07/10/2019 02:06:00.000000,,,,9.759524,
07/10/2019 02:07:00.000000,,,,0.025243,
07/10/2019 02:08:00.000000,,,,0.019607,
07/10/2019 02:09:00.000000,,,,31.346512,
07/10/2019 02:10:00.000000,,,,0.015441,
07/10/2019 02:11:00.000000,,,,0.00788,
07/10/2019 02:12:00.000000,,,,0.013253,
07/10/2019 02:13:00.000000,,,,0.005798,
07/10/2019 02:14:00.000000,,,,0.011512,
07/10/2019 02:15:00.000000,,,,0.005034,
07/10/2019 02:16:00.000000,,,,5.49,
07/10/2019 02:17:00.000000,,,,10.290909,
07/10/2019 02:18:00.000000,,,,9.451163,
07/10/2019 02:19:00.000000,,,,4.24878,
07/10/2019 02:20:00.000000,,,,18.85122,
07/10/2019 02:21:00.000000,,,,0.014743,
07/10/2019 02:22:00.000000,,,,13.943182,
07/10/2019 02:23:00.000000,,,,0.015379,
07/10/2019 02:24:00.000000,,,,4.173171,
07/10/2019 02:25:00.000000,,,,0.008453,
07/10/2019 02:26:00.000000,,,,0.008877,
07/10/2019 02:27:00.000000,,,,0.010254,
07/10/2019 02:28:00.000000,,,,22.3,
07/10/2019 02:29:00.000000,,,,0.004671,
07/10/2019 02:30:00.000000,,,,2.312195,
07/10/2019 02:31:00.000000,,,,0.02233,
07/10/2019 02:32:00.000000,,,,0.019724,
07/10/2019 02:33:00.000000,,,,4.078947,
07/10/2019 02:34:00.000000,,,,14.233333,
07/10/2019 02:35:00.000000,,,,2.262857,
07/10/2019 02:36:00.000000,,,,0.03907,
07/10/2019 02:37:00.000000,,,,10.6,
07/10/2019 02:38:00.000000,,,,6.477273,
07/10/2019 02:39:00.000000,,,,0.011722,
07/10/2019 02:40:00.000000,,,,2.940909,
07/10/2019 02:41:00.000000,,,,0.01077,
07/10/2019 02:42:00.000000,,,,0.003404,
07/10/2019 02:43:00.000000,,,,0.006382,
07/10/2019 02:44:00.000000,,,,0.01904,
07/10/2019 02:45:00.000000,,,,7.378261,
07/10/2019 02:46:00.000000,,,,9.369767,
07/10/2019 02:47:00.000000,,,,0.018681,
07/10/2019 02:48:00.000000,,,,12.187805,
07/10/2019 02:49:00.000000,,,,0.026352,
07/10/2019 02:50:00.000000,,,,16.0,
07/10/2019 02:51:00.000000,,,,10.044186,
07/10/2019 02:52:00.000000,,,,0.022633,
07/10/2019 02:53:00.000000,,,,12.12,
07/10/2019 02:54:00.000000,,,,0.018956,
07/10/2019 02:55:00.000000,,,,9.285714,
07/10/2019 02:56:00.000000,,,,6.485714,
07/10/2019 02:57:00.000000,,,,0.009329,
07/10/2019 02:58:00.000000,,,,0.00382,
07/10/2019 02:59:00.000000,,,,6.62439,
07/10/2019 03:00:00.000000,,,,6.0,
07/10/2019 03:01:00.000000,,,,0.011355,
07/10/2019 03:02:00.000000,,,,18.443902,
07/10/2019 03:03:00.000000,,,,17.82439,
07/10/2019 03:04:00.000000,,,,0.005329,
07/10/2019 03:05:00.000000,,,,19.83,
07/10/2019 03:06:00.000000,,,,14.370732,
07/10/2019 03:07:00.000000,,,,0.028404,
07/10/2019 03:08:00.000000,,,,0.008716,
07/10/2019 03:09:00.000000,,,,16.11,
07/10/2019 03:10:00.000000,,,,14.902326,
07/10/2019 03:11:00.000000,,,,9.4125,
07/10/2019 03:12:00.000000,,,,10.628571,
07/10/2019 03:13:00.000000,,,,10.2625,
07/10/2019 03:14:00.000000,,,,0.012668,
07/10/2019 03:15:00.000000,,,,16.114706,
07/10/2019 03:16:00.000000,,,,19.911905,
07/10/2019 03:17:00.000000,,,,0.013147,
07/10/2019 03:18:00.000000,,,,3.585714,
07/10/2019 03:19:00.000000,,,,10.0,
07/10/2019 03:20:00.000000,,,,0.028273,
07/10/2019 03:21:00.000000,,,,17.142857,
07/10/2019 03:22:00.000000,,,,0.016978,
07/10/2019 03:23:00.000000,,,,0.005326,
07/10/2019 03:24:00.000000,,,,8.285714,
07/10/2019 03:25:00.000000,,,,16.516667,
07/10/2019 03:26:00.000000,,,,0.005017,
07/10/2019 03:27:00.000000,,,,0.003406,
07/10/2019 03:28:00.000000,,,,0.004794,
07/10/2019 03:30:00.000000,,,,14.685714,
07/10/2019 03:31:00.000000,,,,0.004804,
07/10/2019 03:32:00.000000,,,,0.016473,
07/10/2019 03:33:00.000000,,,,10.434146,
07/10/2019 03:34:00.000000,,,,22.82619,
07/10/2019 03:35:00.000000,,,,0.014381,
07/10/2019 03:36:00.000000,,,,3.316279,
07/10/2019 03:37:00.000000,,,,0.006465,
07/10/2019 03:38:00.000000,,,,24.880488,
07/10/2019 03:39:00.000000,,,,5.869231,
07/10/2019 03:40:00.000000,,,,0.002817,
07/10/2019 03:41:00.000000,,,,0.022203,
07/10/2019 03:42:00.000000,,,,0.004657,
07/10/2019 03:43:00.000000,,,,0.01435,
07/10/2019 03:44:00.000000,,,,0.016431,
07/10/2019 03:45:00.000000,,,,0.021267,
07/10/2019 03:46:00.000000,,,,54.571429,
07/10/2019 03:47:00.000000,,,,66.306977,
07/10/2019 03:48:00.000000,,,,67.730233,
07/10/2019 03:49:00.000000,,,,74.1875,
07/10/2019 03:50:00.000000,,,,79.197561,
07/10/2019 03:51:00.000000,,,,80.163415,
07/10/2019 03:52:00.000000,,,,0.101953,
07/10/2019 03:53:00.000000,,,,82.218605,
07/10/2019 03:54:00.000000,,,,0.109898,
07/10/2019 03:55:00.000000,,,,0.063348,
07/10/2019 03:56:00.000000,,,,0.08212,
07/10/2019 03:57:00.000000,,,,46.625,
07/10/2019 03:58:00.000000,,,,48.5,
07/10/2019 03:59:00.000000,,,,0.070619,
07/10/2019 04:00:00.000000,,,,0.054899,
07/10/2019 04:01:00.000000,,,,40.276744,
07/10/2019 04:02:00.000000,,,,0.037688,
07/10/2019 04:03:00.000000,,,,0.050833,
07/10/2019 04:04:00.000000,,,,0.05093,
07/10/2019 04:05:00.000000,,,,0.037285,
07/10/2019 04:06:00.000000,,,,0.031618,
07/10/2019 04:07:00.000000,,,,0.0184,
07/10/2019 04:08:00.000000,,,,0.020775,
07/10/2019 04:10:00.000000,,,,0.051458,
07/10/2019 04:11:00.000000,,,,14.142857,
07/10/2019 04:12:00.000000,,,,0.038687,
07/10/2019 04:13:00.000000,,,,0.099112,
07/10/2019 04:14:00.000000,,,,0.03339,
07/10/2019 04:15:00.000000,,,,0.030023,
07/10/2019 04:16:00.000000,,,,0.041049,
07/10/2019 04:17:00.000000,,,,0.033514,
07/10/2019 04:18:00.000000,,,,0.029534,
07/10/2019 04:19:00.000000,,,,22.370732,
07/10/2019 04:20:00.000000,,,,0.029056,
07/10/2019 04:21:00.000000,,,,0.024123,
07/10/2019 04:22:00.000000,,,,28.219512,
07/10/2019 04:23:00.000000,,,,14.865116,
07/10/2019 04:24:00.000000,,,,0.046206,
07/10/2019 04:25:00.000000,,,,0.031364,
07/10/2019 04:26:00.000000,,,,21.785714,
07/10/2019 04:27:00.000000,,,,0.012164,
07/10/2019 04:28:00.000000,,,,19.888095,
07/10/2019 04:30:00.000000,,,,0.03348,
07/10/2019 04:31:00.000000,,,,0.020876,
07/10/2019 04:32:00.000000,,,,20.342857,
07/10/2019 04:33:00.000000,,,,0.030806,
07/10/2019 04:34:00.000000,,,,0.021073,
07/10/2019 04:35:00.000000,,,,6.8375,
07/10/2019 04:36:00.000000,,,,0.017787,
07/10/2019 04:37:00.000000,,,,0.027333,
07/10/2019 04:38:00.000000,,,,0.026597,
07/10/2019 04:39:00.000000,,,,0.026573,
07/10/2019 04:40:00.000000,,,,0.031449,
07/10/2019 04:41:00.000000,,,,14.505128,
07/10/2019 04:42:00.000000,,,,0.034441,
07/10/2019 04:43:00.000000,,,,33.121053,
07/10/2019 04:44:00.000000,,,,0.028509,
07/10/2019 04:45:00.000000,,,,26.256098,
07/10/2019 04:46:00.000000,,,,0.061904,
07/10/2019 04:47:00.000000,,,,0.053499,
07/10/2019 04:48:00.000000,,,,0.023561,
07/10/2019 04:50:00.000000,,,,0.016159,
07/10/2019 04:51:00.000000,,,,0.005921,
07/10/2019 04:52:00.000000,,,,0.019582,
07/10/2019 04:53:00.000000,,,,20.509302,
07/10/2019 04:54:00.000000,,,,16.225,
07/10/2019 04:55:00.000000,,,,15.572727,
07/10/2019 04:56:00.000000,,,,0.031656,
07/10/2019 04:57:00.000000,,,,0.039907,
07/10/2019 04:58:00.000000,,,,22.39,
07/10/2019 04:59:00.000000,,,,15.846154,
07/10/2019 05:00:00.000000,,,,0.019178,
07/10/2019 05:01:00.000000,,,,0.023892,
07/10/2019 05:02:00.000000,,,,15.623077,
07/10/2019 05:03:00.000000,,,,24.328571,
07/10/2019 05:04:00.000000,,,,0.028607,
07/10/2019 05:05:00.000000,,,,0.017121,
07/10/2019 05:06:00.000000,,,,34.26,
07/10/2019 05:07:00.000000,,,,0.033197,
07/10/2019 05:08:00.000000,,,,22.230769,
07/10/2019 05:10:00.000000,,,,0.027459,
07/10/2019 05:11:00.000000,,,,0.029806,
07/10/2019 05:12:00.000000,,,,15.071429,
07/10/2019 05:13:00.000000,,,,49.965,
07/10/2019 05:14:00.000000,,,,30.960976,
07/10/2019 05:15:00.000000,,,,28.9625,
07/10/2019 05:16:00.000000,,,,32.814286,
07/10/2019 05:17:00.000000,,,,19.702439,
07/10/2019 05:18:00.000000,,,,0.032432,
07/10/2019 05:19:00.000000,,,,17.434884,
07/10/2019 05:20:00.000000,,,,0.032122,
07/10/2019 05:21:00.000000,,,,23.487179,
07/10/2019 05:22:00.000000,,,,0.025123,
07/10/2019 05:23:00.000000,,,,13.972727,
07/10/2019 05:24:00.000000,,,,0.020925,
07/10/2019 05:25:00.000000,,,,0.027025,
07/10/2019 05:26:00.000000,,,,36.693023,
07/10/2019 05:27:00.000000,,,,0.02477,
07/10/2019 05:28:00.000000,,,,21.216279,
07/10/2019 05:29:00.000000,,,,49.960976,
07/10/2019 05:30:00.000000,,,,0.045544,
07/10/2019 05:31:00.000000,,,,35.37619,
07/10/2019 05:32:00.000000,,,,21.348837,
07/10/2019 05:33:00.000000,,,,26.360526,
07/10/2019 05:34:00.000000,,,,21.534615,
07/10/2019 05:35:00.000000,,,,44.656097,
07/10/2019 05:36:00.000000,,,,23.78,
07/10/2019 05:37:00.000000,,,,41.3125,
07/10/2019 05:38:00.000000,,,,0.03553,
07/10/2019 05:39:00.000000,,,,0.047166,
07/10/2019 05:40:00.000000,,,,42.818919,
07/10/2019 05:41:00.000000,,,,0.037937,
07/10/2019 05:42:00.000000,,,,0.022438,
07/10/2019 05:43:00.000000,,,,17.003704,
07/10/2019 05:44:00.000000,,,,0.026821,
07/10/2019 05:45:00.000000,,,,26.592857,
07/10/2019 05:46:00.000000,,,,17.871795,
07/10/2019 05:47:00.000000,,,,0.046196,
07/10/2019 05:48:00.000000,,,,0.036678,
07/10/2019 05:50:00.000000,,,,37.369048,
07/10/2019 05:51:00.000000,,,,31.984211,
07/10/2019 05:52:00.000000,,,,0.033696,
07/10/2019 05:53:00.000000,,,,18.946512,
07/10/2019 05:54:00.000000,,,,0.026992,
07/10/2019 05:55:00.000000,,,,0.016428,
07/10/2019 05:56:00.000000,,,,0.023121,
07/10/2019 05:57:00.000000,,,,0.046899,
07/10/2019 05:58:00.000000,,,,0.047753,
07/10/2019 05:59:00.000000,,,,15.892683,
07/10/2019 06:00:00.000000,,,,0.016394,
07/10/2019 06:01:00.000000,,,,0.021177,
07/10/2019 06:02:00.000000,,,,0.029209,
07/10/2019 06:03:00.000000,,,,0.036799,
07/10/2019 06:04:00.000000,,,,0.045789,
07/10/2019 06:05:00.000000,,,,25.894118,
07/10/2019 06:06:00.000000,,,,0.025219,
07/10/2019 06:07:00.000000,,,,21.821053,
07/10/2019 06:08:00.000000,,,,0.02079,
07/10/2019 06:10:00.000000,,,,17.553333,
07/10/2019 06:11:00.000000,,,,18.171429,
07/10/2019 06:12:00.000000,,,,19.228571,
07/10/2019 06:13:00.000000,,,,0.02761,
07/10/2019 06:14:00.000000,,,,0.028658,
07/10/2019 06:15:00.000000,,,,0.038374,
07/10/2019 06:16:00.000000,,,,16.121429,
07/10/2019 06:17:00.000000,,,,0.03176,
07/10/2019 06:18:00.000000,,,,0.026624,
07/10/2019 06:19:00.000000,,,,0.028904,
07/10/2019 06:20:00.000000,,,,0.028267,
07/10/2019 06:21:00.000000,,,,31.740909,
07/10/2019 06:22:00.000000,,,,0.042709,
07/10/2019 06:23:00.000000,,,,0.025925,
07/10/2019 06:24:00.000000,,,,20.4,
07/10/2019 06:25:00.000000,,,,21.25,
07/10/2019 06:26:00.000000,,,,24.680488,
07/10/2019 06:27:00.000000,,,,0.024107,
07/10/2019 06:28:00.000000,,,,0.018854,
07/10/2019 06:29:00.000000,,,,18.313953,
07/10/2019 06:30:00.000000,,,,18.9,
07/10/2019 06:31:00.000000,,,,24.802381,
07/10/2019 06:32:00.000000,,,,15.788571,
07/10/2019 06:33:00.000000,,,,18.533333,
07/10/2019 06:34:00.000000,,,,0.015449,
07/10/2019 06:35:00.000000,,,,0.02901,
07/10/2019 06:36:00.000000,,,,0.028969,
07/10/2019 06:37:00.000000,,,,0.01949,
07/10/2019 06:38:00.000000,,,,0.046757,
07/10/2019 06:39:00.000000,,,,0.03297,
07/10/2019 06:40:00.000000,,,,18.690909,
07/10/2019 06:41:00.000000,,,,0.027841,
07/10/2019 06:42:00.000000,,,,0.035185,
07/10/2019 06:43:00.000000,,,,0.018383,
07/10/2019 06:44:00.000000,,,,18.12,
07/10/2019 06:45:00.000000,,,,31.578947,
07/10/2019 06:46:00.000000,,,,21.742857,
07/10/2019 06:47:00.000000,,,,9.12439,
07/10/2019 06:48:00.000000,,,,18.497436,
07/10/2019 06:49:00.000000,,,,40.240541,
07/10/2019 06:50:00.000000,,,,35.384615,
07/10/2019 06:51:00.000000,,,,29.879545,
07/10/2019 06:52:00.000000,,,,34.1125,
07/10/2019 06:53:00.000000,,,,0.03642,
07/10/2019 06:54:00.000000,,,,21.7,
07/10/2019 06:55:00.000000,,,,0.011372,
07/10/2019 06:56:00.000000,,,,22.388235,
07/10/2019 06:57:00.000000,,,,0.024188,
07/10/2019 06:58:00.000000,,,,36.218182,
07/10/2019 06:59:00.000000,,,,0.023153,
07/10/2019 07:00:00.000000,,,,0.03682,
07/10/2019 07:01:00.000000,,,,27.265,
07/10/2019 07:02:00.000000,,,,28.951282,
07/10/2019 07:03:00.000000,,,,22.860465,
07/10/2019 07:04:00.000000,,,,28.048889,
07/10/2019 07:05:00.000000,,,,0.066143,
07/10/2019 07:06:00.000000,,,,27.908571,
07/10/2019 07:07:00.000000,,,,30.986111,
07/10/2019 07:08:00.000000,,,,24.573684,
07/10/2019 07:10:00.000000,,,,31.92093,
07/10/2019 07:11:00.000000,,,,0.011623,
07/10/2019 07:12:00.000000,,,,21.787805,
07/10/2019 07:13:00.000000,,,,0.0159,
07/10/2019 07:14:00.000000,,,,20.785366,
07/10/2019 07:15:00.000000,,,,26.44186,
07/10/2019 07:16:00.000000,,,,0.023123,
07/10/2019 07:17:00.000000,,,,0.023675,
07/10/2019 07:18:00.000000,,,,19.530769,
07/10/2019 07:19:00.000000,,,,0.022611,
07/10/2019 07:20:00.000000,,,,0.040046,
07/10/2019 07:21:00.000000,,,,0.041335,
07/10/2019 07:22:00.000000,,,,40.182927,
07/10/2019 07:23:00.000000,,,,19.718919,
07/10/2019 07:24:00.000000,,,,15.05,
07/10/2019 07:25:00.000000,,,,0.021343,
07/10/2019 07:26:00.000000,,,,0.022386,
07/10/2019 07:27:00.000000,,,,0.01193,
07/10/2019 07:28:00.000000,,,,14.24,
07/10/2019 07:30:00.000000,,,,13.25,
07/10/2019 07:31:00.000000,,,,0.015695,
07/10/2019 07:32:00.000000,,,,0.033631,
07/10/2019 07:33:00.000000,,,,23.975,
07/10/2019 07:34:00.000000,,,,0.020364,
07/10/2019 07:35:00.000000,,,,14.537209,
07/10/2019 07:36:00.000000,,,,0.026526,
07/10/2019 07:37:00.000000,,,,18.676744,
07/10/2019 07:38:00.000000,,,,15.069231,
07/10/2019 07:39:00.000000,,,,32.942105,
07/10/2019 07:40:00.000000,,,,0.026648,
07/10/2019 07:41:00.000000,,,,0.041648,
07/10/2019 07:42:00.000000,,,,30.639535,
07/10/2019 07:43:00.000000,,,,0.021642,
07/10/2019 07:44:00.000000,,,,12.102326,
07/10/2019 07:45:00.000000,,,,0.025443,
07/10/2019 07:46:00.000000,,,,0.023317,
07/10/2019 07:47:00.000000,,,,13.809091,
07/10/2019 07:48:00.000000,,,,15.892308,
07/10/2019 07:49:00.000000,,,,15.878947,
07/10/2019 07:50:00.000000,,,,0.014877,
07/10/2019 07:51:00.000000,,,,0.022868,
07/10/2019 07:52:00.000000,,,,0.021887,
07/10/2019 07:53:00.000000,,,,0.019802,
07/10/2019 07:54:00.000000,,,,6.176744,
07/10/2019 07:55:00.000000,,,,16.807317,
07/10/2019 07:56:00.000000,,,,11.787805,
07/10/2019 07:57:00.000000,,,,15.981818,
07/10/2019 07:58:00.000000,,,,17.225,
07/10/2019 07:59:00.000000,,,,0.027956,
07/10/2019 08:00:00.000000,,,,0.031247,
07/10/2019 08:01:00.000000,,,,0.023028,
07/10/2019 08:02:00.000000,,,,0.018838,
07/10/2019 08:03:00.000000,,,,15.45814,
07/10/2019 08:04:00.000000,,,,0.026838,
07/10/2019 08:05:00.000000,,,,17.077778,
07/10/2019 08:06:00.000000,,,,19.8,
07/10/2019 08:07:00.000000,,,,12.8625,
07/10/2019 08:08:00.000000,,,,42.057143,
07/10/2019 08:09:00.000000,,,,0.025124,
07/10/2019 08:10:00.000000,,,,0.013001,
07/10/2019 08:11:00.000000,,,,17.127273,
07/10/2019 08:12:00.000000,,,,0.007255,
07/10/2019 08:13:00.000000,,,,0.020879,
07/10/2019 08:14:00.000000,,,,14.056098,
07/10/2019 08:15:00.000000,,,,11.355814,
07/10/2019 08:16:00.000000,,,,5.882609,
07/10/2019 08:17:00.000000,,,,0.013412,
07/10/2019 08:18:00.000000,,,,13.775,
07/10/2019 08:19:00.000000,,,,14.7125,
07/10/2019 08:20:00.000000,,,,0.023032,
07/10/2019 08:21:00.000000,,,,0.015633,
07/10/2019 08:22:00.000000,,,,0.027924,
07/10/2019 08:23:00.000000,,,,0.015766,
07/10/2019 08:24:00.000000,,,,15.688095,
07/10/2019 08:25:00.000000,,,,19.125581,
07/10/2019 08:26:00.000000,,,,0.018365,
07/10/2019 08:27:00.000000,,,,11.659459,
07/10/2019 08:28:00.000000,,,,10.005128,
07/10/2019 08:30:00.000000,,,,17.375,
07/10/2019 08:31:00.000000,,,,29.510526,
07/10/2019 08:32:00.000000,,,,0.013093,
07/10/2019 08:33:00.000000,,,,11.18,
07/10/2019 08:34:00.000000,,,,0.023511,
07/10/2019 08:35:00.000000,,,,16.586046,
07/10/2019 08:36:00.000000,,,,6.18,
07/10/2019 08:37:00.000000,,,,0.019775,
07/10/2019 08:38:00.000000,,,,13.586047,
07/10/2019 08:39:00.000000,,,,0.02349,
07/10/2019 08:40:00.000000,,,,0.0206,
07/10/2019 08:41:00.000000,,,,0.019043,
07/10/2019 08:42:00.000000,,,,24.916667,
07/10/2019 08:43:00.000000,,,,0.012132,
07/10/2019 08:44:00.000000,,,,16.568421,
07/10/2019 08:45:00.000000,,,,10.653846,
07/10/2019 08:46:00.000000,,,,20.4125,
07/10/2019 08:47:00.000000,,,,6.855814,
07/10/2019 08:48:00.000000,,,,0.013883,
07/10/2019 08:50:00.000000,,,,0.027592,
07/10/2019 08:51:00.000000,,,,0.00861,
07/10/2019 08:52:00.000000,,,,8.321951,
07/10/2019 08:53:00.000000,,,,16.928571,
07/10/2019 08:54:00.000000,,,,11.909091,
07/10/2019 08:55:00.000000,,,,0.016133,
07/10/2019 08:56:00.000000,,,,5.257143,
07/10/2019 08:57:00.000000,,,,10.483333,
07/10/2019 08:58:00.000000,,,,0.006808,
07/10/2019 08:59:00.000000,,,,4.7375,
07/10/2019 09:00:00.000000,,,,14.418919,
07/10/2019 09:01:00.000000,,,,10.52,
07/10/2019 09:02:00.000000,,,,0.020994,
07/10/2019 09:03:00.000000,,,,10.419048,
07/10/2019 09:04:00.000000,,,,0.018813,
07/10/2019 09:05:00.000000,,,,11.576744,
07/10/2019 09:06:00.000000,,,,7.085714,
07/10/2019 09:07:00.000000,,,,7.6,
07/10/2019 09:08:00.000000,,,,8.221053,
07/10/2019 09:10:00.000000,,,,11.466667,
07/10/2019 09:11:00.000000,,,,0.021585,
07/10/2019 09:12:00.000000,,,,8.505882,
07/10/2019 09:13:00.000000,,,,16.615,
07/10/2019 09:14:00.000000,,,,0.018638,
07/10/2019 09:15:00.000000,,,,10.771429,
07/10/2019 09:16:00.000000,,,,0.017833,
07/10/2019 09:17:00.000000,,,,9.685714,
07/10/2019 09:18:00.000000,,,,0.014442,
07/10/2019 09:19:00.000000,,,,13.218605,
07/10/2019 09:20:00.000000,,,,14.436364,
07/10/2019 09:21:00.000000,,,,9.266667,
07/10/2019 09:22:00.000000,,,,14.746341,
07/10/2019 09:23:00.000000,,,,6.272727,
07/10/2019 09:24:00.000000,,,,0.01202,
07/10/2019 09:25:00.000000,,,,0.031052,
07/10/2019 09:26:00.000000,,,,12.130233,
07/10/2019 09:27:00.000000,,,,16.542857,
07/10/2019 09:28:00.000000,,,,9.2625,
07/10/2019 09:29:00.000000,,,,4.941463,
07/10/2019 09:30:00.000000,,,,0.040304,
07/10/2019 09:31:00.000000,,,,11.364103,
07/10/2019 09:32:00.000000,,,,17.914286,
07/10/2019 09:33:00.000000,,,,6.090698,
07/10/2019 09:34:00.000000,,,,8.569048,
07/10/2019 09:35:00.000000,,,,0.017954,
07/10/2019 09:36:00.000000,,,,0.01431,
07/10/2019 09:37:00.000000,,,,4.713953,
07/10/2019 09:38:00.000000,,,,8.3,
07/10/2019 09:39:00.000000,,,,0.009689,
07/10/2019 09:40:00.000000,,,,0.00574,
07/10/2019 09:41:00.000000,,,,9.430769,
07/10/2019 09:42:00.000000,,,,8.017647,
07/10/2019 09:43:00.000000,,,,8.809756,
07/10/2019 09:44:00.000000,,,,0.014656,
07/10/2019 09:45:00.000000,,,,0.013964,
07/10/2019 09:46:00.000000,,,,0.011949,
07/10/2019 09:47:00.000000,,,,12.135,
07/10/2019 09:48:00.000000,,,,19.707692,
07/10/2019 09:50:00.000000,,,,0.020132,
07/10/2019 09:51:00.000000,,,,12.861538,
07/10/2019 09:52:00.000000,,,,9.925,
07/10/2019 09:53:00.000000,,,,9.864286,
07/10/2019 09:54:00.000000,,,,6.974419,
07/10/2019 09:55:00.000000,,,,14.477273,
07/10/2019 09:56:00.000000,,,,10.462791,
07/10/2019 09:57:00.000000,,,,0.016549,
07/10/2019 09:58:00.000000,,,,15.315385,
07/10/2019 09:59:00.000000,,,,10.286047,
07/10/2019 10:00:00.000000,,,,0.020172,
07/10/2019 10:01:00.000000,,,,6.34,
07/10/2019 10:02:00.000000,,,,0.011257,
07/10/2019 10:03:00.000000,,,,0.013577,
07/10/2019 10:04:00.000000,,,,12.890698,
07/10/2019 10:05:00.000000,,,,0.00971,
07/10/2019 10:06:00.000000,,,,10.961538,
07/10/2019 10:07:00.000000,,,,7.489474,
07/10/2019 10:08:00.000000,,,,0.007949,
07/10/2019 10:09:00.000000,,,,10.14,
07/10/2019 10:10:00.000000,,,,13.492308,
07/10/2019 10:11:00.000000,,,,24.325581,
07/10/2019 10:12:00.000000,,,,15.814634,
07/10/2019 10:13:00.000000,,,,9.192683,
07/10/2019 10:14:00.000000,,,,0.023653,
07/10/2019 10:15:00.000000,,,,12.63617,
07/10/2019 10:16:00.000000,,,,0.029233,
07/10/2019 10:17:00.000000,,,,16.833333,
07/10/2019 10:18:00.000000,,,,9.428571,
07/10/2019 10:19:00.000000,,,,8.674359,
07/10/2019 10:20:00.000000,,,,7.684615,
07/10/2019 10:21:00.000000,,,,19.704878,
07/10/2019 10:22:00.000000,,,,0.014474,
07/10/2019 10:23:00.000000,,,,0.014423,
07/10/2019 10:24:00.000000,,,,0.028491,
07/10/2019 10:25:00.000000,,,,17.264286,
07/10/2019 10:26:00.000000,,,,0.033634,
07/10/2019 10:27:00.000000,,,,0.019566,
07/10/2019 10:28:00.000000,,,,0.015491,
07/10/2019 10:29:00.000000,,,,0.016903,
07/10/2019 10:30:00.000000,,,,0.014262,
07/10/2019 10:31:00.000000,,,,11.415,
07/10/2019 10:32:00.000000,,,,0.015227,
07/10/2019 10:33:00.000000,,,,10.190698,
07/10/2019 10:34:00.000000,,,,9.714286,
07/10/2019 10:35:00.000000,,,,8.522727,
07/10/2019 10:36:00.000000,,,,18.5,
07/10/2019 10:37:00.000000,,,,11.257143,
07/10/2019 10:38:00.000000,,,,10.7625,
07/10/2019 10:39:00.000000,,,,0.013826,
07/10/2019 10:40:00.000000,,,,11.326316,
07/10/2019 10:41:00.000000,,,,0.013318,
07/10/2019 10:42:00.000000,,,,0.012719,
07/10/2019 10:43:00.000000,,,,0.016353,
07/10/2019 10:44:00.000000,,,,0.017023,
07/10/2019 10:45:00.000000,,,,0.021185,
07/10/2019 10:46:00.000000,,,,0.025398,
07/10/2019 10:47:00.000000,,,,0.008699,
07/10/2019 10:48:00.000000,,,,0.011183,
07/10/2019 10:49:00.000000,,,,19.825581,
07/10/2019 10:50:00.000000,,,,0.039537,
07/10/2019 10:51:00.000000,,,,0.008526,
07/10/2019 10:52:00.000000,,,,0.033586,
07/10/2019 10:53:00.000000,,,,0.007583,
07/10/2019 10:54:00.000000,,,,24.84,
07/10/2019 10:55:00.000000,,,,0.033779,
07/10/2019 10:56:00.000000,,,,0.015744,
07/10/2019 10:57:00.000000,,,,6.307317,
07/10/2019 10:58:00.000000,,,,0.036678,
07/10/2019 10:59:00.000000,,,,0.015663,
07/10/2019 11:00:00.000000,,,,25.141026,
07/10/2019 11:01:00.000000,,,,0.030393,
07/10/2019 11:02:00.000000,,,,0.020255,
07/10/2019 11:03:00.000000,,,,0.03092,
07/10/2019 11:04:00.000000,,,,13.216279,
07/10/2019 11:05:00.000000,,,,0.022485,
07/10/2019 11:06:00.000000,,,,9.083333,
07/10/2019 11:07:00.000000,,,,0.014071,
07/10/2019 11:08:00.000000,,,,12.2375,
07/10/2019 11:09:00.000000,,,,0.019971,
07/10/2019 11:10:00.000000,,,,11.013636,
07/10/2019 11:11:00.000000,,,,0.026581,
07/10/2019 11:12:00.000000,,,,16.923077,
07/10/2019 11:13:00.000000,,,,14.234146,
07/10/2019 11:14:00.000000,,,,0.010786,
07/10/2019 11:15:00.000000,,,,25.4625,
07/10/2019 11:16:00.000000,,,,0.01766,
07/10/2019 11:17:00.000000,,,,12.783721,
07/10/2019 11:18:00.000000,,,,0.010543,
07/10/2019 11:19:00.000000,,,,0.013443,
07/10/2019 11:20:00.000000,,,,12.2625,
07/10/2019 11:21:00.000000,,,,14.14359,
07/10/2019 11:22:00.000000,,,,0.013933,
07/10/2019 11:23:00.000000,,,,10.111628,
07/10/2019 11:24:00.000000,,,,0.015257,
07/10/2019 11:25:00.000000,,,,0.016442,
07/10/2019 11:26:00.000000,,,,12.395349,
07/10/2019 11:27:00.000000,,,,0.014154,
07/10/2019 11:28:00.000000,,,,0.018102,
07/10/2019 11:29:00.000000,,,,0.016351,
07/10/2019 11:30:00.000000,,,,11.414286,
07/10/2019 11:31:00.000000,,,,11.444186,
07/10/2019 11:32:00.000000,,,,0.038806,
07/10/2019 11:33:00.000000,,,,16.561364,
07/10/2019 11:34:00.000000,,,,24.1075,
07/10/2019 11:35:00.000000,,,,16.668293,
07/10/2019 11:36:00.000000,,,,0.015774,
07/10/2019 11:37:00.000000,,,,11.390476,
07/10/2019 11:38:00.000000,,,,0.006145,
07/10/2019 11:39:00.000000,,,,0.03665,
07/10/2019 11:40:00.000000,,,,17.543478,
07/10/2019 11:41:00.000000,,,,0.018477,
07/10/2019 11:42:00.000000,,,,23.238462,
07/10/2019 11:43:00.000000,,,,0.014883,
07/10/2019 11:44:00.000000,,,,0.032337,
07/10/2019 11:45:00.000000,,,,16.358537,
07/10/2019 11:46:00.000000,,,,0.020977,
07/10/2019 11:47:00.000000,,,,9.395238,
07/10/2019 11:48:00.000000,,,,13.973077,
07/10/2019 11:49:00.000000,,,,0.012696,
07/10/2019 11:50:00.000000,,,,0.009993,
07/10/2019 11:51:00.000000,,,,0.021069,
07/10/2019 11:52:00.000000,,,,0.015095,
07/10/2019 11:53:00.000000,,,,8.741463,
07/10/2019 11:54:00.000000,,,,13.292683,
07/10/2019 11:55:00.000000,,,,16.236111,
07/10/2019 11:56:00.000000,,,,10.965116,
07/10/2019 11:57:00.000000,,,,13.569231,
07/10/2019 11:58:00.000000,,,,12.707317,
07/10/2019 11:59:00.000000,,,,23.42381,
07/10/2019 12:00:00.000000,,,,0.039887,
07/10/2019 12:01:00.000000,,,,0.023862,
07/10/2019 12:02:00.000000,,,,0.015146,
07/10/2019 12:03:00.000000,,,,12.309091,
07/10/2019 12:04:00.000000,,,,18.047368,
07/10/2019 12:05:00.000000,,,,0.028861,
07/10/2019 12:06:00.000000,,,,0.025034,
07/10/2019 12:07:00.000000,,,,15.936585,
07/10/2019 12:08:00.000000,,,,15.664286,
07/10/2019 12:09:00.000000,,,,19.676923,
07/10/2019 12:10:00.000000,,,,10.92439,
07/10/2019 12:11:00.000000,,,,18.934884,
07/10/2019 12:12:00.000000,,,,0.021544,
07/10/2019 12:13:00.000000,,,,0.041449,
07/10/2019 12:14:00.000000,,,,22.918605,
07/10/2019 12:15:00.000000,,,,16.697674,
07/10/2019 12:16:00.000000,,,,14.725,
07/10/2019 12:17:00.000000,,,,0.032904,
07/10/2019 12:18:00.000000,,,,14.836842,
07/10/2019 12:19:00.000000,,,,0.018244,
07/10/2019 12:20:00.000000,,,,0.033997,
07/10/2019 12:21:00.000000,,,,34.895349,
07/10/2019 12:22:00.000000,,,,14.689189,
07/10/2019 12:23:00.000000,,,,20.112121,
07/10/2019 12:24:00.000000,,,,14.272222,
07/10/2019 12:25:00.000000,,,,0.016796,
07/10/2019 12:26:00.000000,,,,9.028571,
07/10/2019 12:27:00.000000,,,,0.024665,
07/10/2019 12:28:00.000000,,,,0.018106,
07/10/2019 12:30:00.000000,,,,0.016688,
07/10/2019 12:31:00.000000,,,,0.00674,
07/10/2019 12:32:00.000000,,,,12.89,
07/10/2019 12:33:00.000000,,,,6.585714,
07/10/2019 12:34:00.000000,,,,19.982927,
07/10/2019 12:35:00.000000,,,,16.780488,
07/10/2019 12:36:00.000000,,,,0.019938,
07/10/2019 12:37:00.000000,,,,0.035257,
07/10/2019 12:38:00.000000,,,,0.05224,
07/10/2019 12:39:00.000000,,,,0.020841,
07/10/2019 12:40:00.000000,,,,0.007307,
07/10/2019 12:41:00.000000,,,,24.746154,
07/10/2019 12:42:00.000000,,,,0.020287,
07/10/2019 12:43:00.000000,,,,0.024032,
07/10/2019 12:44:00.000000,,,,31.846154,
07/10/2019 12:45:00.000000,,,,0.017366,
07/10/2019 12:46:00.000000,,,,9.394737,
07/10/2019 12:47:00.000000,,,,0.010167,
07/10/2019 12:48:00.000000,,,,0.012302,
07/10/2019 12:50:00.000000,,,,19.470732,
07/10/2019 12:51:00.000000,,,,18.007692,
07/10/2019 12:52:00.000000,,,,13.090244,
07/10/2019 12:53:00.000000,,,,16.920513,
07/10/2019 12:54:00.000000,,,,22.5,
07/10/2019 12:55:00.000000,,,,0.021241,
07/10/2019 12:56:00.000000,,,,16.788372,
07/10/2019 12:57:00.000000,,,,15.833333,
07/10/2019 12:58:00.000000,,,,0.021371,
07/10/2019 12:59:00.000000,,,,11.992683,
07/10/2019 13:00:00.000000,,,,5.759091,
07/10/2019 13:01:00.000000,,,,0.017314,
07/10/2019 13:02:00.000000,,,,6.985714,
07/10/2019 13:03:00.000000,,,,11.946512,
07/10/2019 13:04:00.000000,,,,14.576744,
07/10/2019 13:05:00.000000,,,,0.018557,
07/10/2019 13:06:00.000000,,,,12.545238,
07/10/2019 13:07:00.000000,,,,8.67619,
07/10/2019 13:08:00.000000,,,,19.395122,
07/10/2019 13:10:00.000000,,,,23.491111,
07/10/2019 13:11:00.000000,,,,21.25,
07/10/2019 13:12:00.000000,,,,17.304545,
07/10/2019 13:13:00.000000,,,,0.007458,
07/10/2019 13:14:00.000000,,,,0.011679,
07/10/2019 13:15:00.000000,,,,5.158065,
07/10/2019 13:16:00.000000,,,,0.00749,
07/10/2019 13:17:00.000000,,,,0.009638,
07/10/2019 13:18:00.000000,,,,0.015449,
07/10/2019 13:19:00.000000,,,,0.006957,
07/10/2019 13:20:00.000000,,,,4.573171,
07/10/2019 13:21:00.000000,,,,15.255814,
07/10/2019 13:22:00.000000,,,,0.007141,
07/10/2019 13:23:00.000000,,,,11.82439,
07/10/2019 13:24:00.000000,,,,13.326829,
07/10/2019 13:25:00.000000,,,,8.790244,
07/10/2019 13:26:00.000000,,,,26.6375,
07/10/2019 13:27:00.000000,,,,16.863636,
07/10/2019 13:28:00.000000,,,,10.334146,
07/10/2019 13:29:00.000000,,,,16.412821,
07/10/2019 13:30:00.000000,,,,0.017956,
07/10/2019 13:31:00.000000,,,,0.010886,
07/10/2019 13:32:00.000000,,,,12.7125,
07/10/2019 13:33:00.000000,,,,0.007755,
07/10/2019 13:34:00.000000,,,,0.014303,
07/10/2019 13:35:00.000000,,,,0.007571,
07/10/2019 13:36:00.000000,,,,0.005996,
07/10/2019 13:37:00.000000,,,,0.014672,
07/10/2019 13:38:00.000000,,,,0.010108,
07/10/2019 13:39:00.000000,,,,10.96,
07/10/2019 13:40:00.000000,,,,0.006516,
07/10/2019 13:41:00.000000,,,,9.162791,
07/10/2019 13:42:00.000000,,,,0.010461,
07/10/2019 13:43:00.000000,,,,10.257143,
07/10/2019 13:44:00.000000,,,,23.18,
07/10/2019 13:45:00.000000,,,,0.029863,
07/10/2019 13:46:00.000000,,,,6.237209,
07/10/2019 13:47:00.000000,,,,0.017338,
07/10/2019 13:48:00.000000,,,,6.242857,
07/10/2019 13:49:00.000000,,,,0.011447,
07/10/2019 13:50:00.000000,,,,0.023398,
07/10/2019 13:51:00.000000,,,,11.607143,
07/10/2019 13:52:00.000000,,,,0.045542,
07/10/2019 13:53:00.000000,,,,35.3,
07/10/2019 13:54:00.000000,,,,12.071429,
07/10/2019 13:55:00.000000,,,,0.009196,
07/10/2019 13:56:00.000000,,,,6.369231,
07/10/2019 13:57:00.000000,,,,0.0248,
07/10/2019 13:58:00.000000,,,,0.010817,
07/10/2019 13:59:00.000000,,,,13.702564,
07/10/2019 14:00:00.000000,,,,0.006959,
07/10/2019 14:01:00.000000,,,,4.197674,
07/10/2019 14:02:00.000000,,,,0.012411,
07/10/2019 14:03:00.000000,,,,0.015735,
07/10/2019 14:04:00.000000,,,,12.209756,
07/10/2019 14:05:00.000000,,,,0.021421,
07/10/2019 14:06:00.000000,,,,23.654545,
07/10/2019 14:07:00.000000,,,,0.008994,
07/10/2019 14:08:00.000000,,,,0.016728,
07/10/2019 14:09:00.000000,,,,0.007847,
07/10/2019 14:10:00.000000,,,,13.130769,
07/10/2019 14:11:00.000000,,,,0.021677,
07/10/2019 14:12:00.000000,,,,14.186667,
07/10/2019 14:13:00.000000,,,,21.7375,
07/10/2019 14:14:00.000000,,,,0.017474,
07/10/2019 14:15:00.000000,,,,11.334146,
07/10/2019 14:16:00.000000,,,,6.090476,
07/10/2019 14:17:00.000000,,,,0.016542,
07/10/2019 14:18:00.000000,,,,0.015611,
07/10/2019 14:19:00.000000,,,,14.478571,
07/10/2019 14:20:00.000000,,,,0.007723,
07/10/2019 14:21:00.000000,,,,0.008799,
07/10/2019 14:22:00.000000,,,,0.013582,
07/10/2019 14:23:00.000000,,,,9.305,
07/10/2019 14:24:00.000000,,,,0.012816,
07/10/2019 14:25:00.000000,,,,19.771429,
07/10/2019 14:26:00.000000,,,,12.577273,
07/10/2019 14:27:00.000000,,,,0.0159,
07/10/2019 14:28:00.000000,,,,13.275,
07/10/2019 14:29:00.000000,,,,0.014885,
07/10/2019 14:30:00.000000,,,,9.49,
07/10/2019 14:31:00.000000,,,,11.157143,
07/10/2019 14:32:00.000000,,,,0.013475,
07/10/2019 14:33:00.000000,,,,0.012376,
07/10/2019 14:34:00.000000,,,,15.240909,
07/10/2019 14:35:00.000000,,,,0.015377,
07/10/2019 14:36:00.000000,,,,0.013077,
07/10/2019 14:37:00.000000,,,,12.12093,
07/10/2019 14:38:00.000000,,,,0.023549,
07/10/2019 14:39:00.000000,,,,0.014945,
07/10/2019 14:40:00.000000,,,,0.014963,
07/10/2019 14:41:00.000000,,,,20.084615,
07/10/2019 14:42:00.000000,,,,11.273333,
07/10/2019 14:43:00.000000,,,,0.015983,
07/10/2019 14:44:00.000000,,,,0.027539,
07/10/2019 14:45:00.000000,,,,0.014954,
07/10/2019 14:46:00.000000,,,,0.020805,
07/10/2019 14:47:00.000000,,,,0.012761,
07/10/2019 14:48:00.000000,,,,0.013229,
07/10/2019 14:50:00.000000,,,,0.010874,
07/10/2019 14:51:00.000000,,,,10.782927,
07/10/2019 14:52:00.000000,,,,0.010986,
07/10/2019 14:53:00.000000,,,,0.006724,
07/10/2019 14:54:00.000000,,,,11.758537,
07/10/2019 14:55:00.000000,,,,11.1,
07/10/2019 14:56:00.000000,,,,18.974419,
07/10/2019 14:57:00.000000,,,,0.019256,
07/10/2019 14:58:00.000000,,,,12.45,
07/10/2019 14:59:00.000000,,,,11.05,
07/10/2019 15:00:00.000000,,,,0.014736,
07/10/2019 15:01:00.000000,,,,22.536364,
07/10/2019 15:02:00.000000,,,,0.015681,
07/10/2019 15:03:00.000000,,,,0.045607,
07/10/2019 15:04:00.000000,,,,0.048391,
07/10/2019 15:05:00.000000,,,,0.01935,
07/10/2019 15:06:00.000000,,,,0.019329,
07/10/2019 15:07:00.000000,,,,12.345946,
07/10/2019 15:08:00.000000,,,,0.033213,
07/10/2019 15:09:00.000000,,,,0.019714,
07/10/2019 15:10:00.000000,,,,0.011587,
07/10/2019 15:11:00.000000,,,,24.314286,
07/10/2019 15:12:00.000000,,,,19.489744,
07/10/2019 15:13:00.000000,,,,7.0,
07/10/2019 15:14:00.000000,,,,11.8375,
07/10/2019 15:15:00.000000,,,,19.970732,
07/10/2019 15:16:00.000000,,,,18.75,
07/10/2019 15:17:00.000000,,,,0.02226,
07/10/2019 15:18:00.000000,,,,0.034086,
07/10/2019 15:19:00.000000,,,,0.012419,
07/10/2019 15:20:00.000000,,,,13.725,
07/10/2019 15:21:00.000000,,,,0.030124,
07/10/2019 15:22:00.000000,,,,0.00821,
07/10/2019 15:23:00.000000,,,,0.006025,
07/10/2019 15:24:00.000000,,,,25.714286,
07/10/2019 15:25:00.000000,,,,16.821951,
07/10/2019 15:26:00.000000,,,,15.041463,
07/10/2019 15:27:00.000000,,,,23.060976,
07/10/2019 15:28:00.000000,,,,0.055293,
07/10/2019 15:29:00.000000,,,,28.5875,
07/10/2019 15:30:00.000000,,,,0.01716,
07/10/2019 15:31:00.000000,,,,11.481395,
07/10/2019 15:32:00.000000,,,,9.592683,
07/10/2019 15:33:00.000000,,,,16.751613,
07/10/2019 15:34:00.000000,,,,52.853658,
07/10/2019 15:35:00.000000,,,,42.609756,
07/10/2019 15:36:00.000000,,,,0.039684,
07/10/2019 15:37:00.000000,,,,0.018089,
07/10/2019 15:38:00.000000,,,,0.010055,
07/10/2019 15:39:00.000000,,,,24.638461,
07/10/2019 15:40:00.000000,,,,0.040811,
07/10/2019 15:41:00.000000,,,,24.174419,
07/10/2019 15:42:00.000000,,,,13.314286,
07/10/2019 15:43:00.000000,,,,15.563415,
07/10/2019 15:44:00.000000,,,,11.34,
07/10/2019 15:45:00.000000,,,,0.021205,
07/10/2019 15:46:00.000000,,,,0.015292,
07/10/2019 15:47:00.000000,,,,20.081818,
07/10/2019 15:48:00.000000,,,,14.223077,
07/10/2019 15:50:00.000000,,,,18.739535,
07/10/2019 15:51:00.000000,,,,21.356098,
07/10/2019 15:52:00.000000,,,,0.025855,
07/10/2019 15:53:00.000000,,,,10.445238,
07/10/2019 15:54:00.000000,,,,0.024453,
07/10/2019 15:55:00.000000,,,,0.017342,
07/10/2019 15:56:00.000000,,,,0.00887,
07/10/2019 15:57:00.000000,,,,0.023605,
07/10/2019 15:58:00.000000,,,,0.027806,
07/10/2019 15:59:00.000000,,,,24.271429,
07/10/2019 16:00:00.000000,,,,0.013537,
07/10/2019 16:01:00.000000,,,,0.015068,
07/10/2019 16:02:00.000000,,,,21.457143,
07/10/2019 16:03:00.000000,,,,0.013701,
07/10/2019 16:04:00.000000,,,,7.610526,
07/10/2019 16:05:00.000000,,,,11.410526,
07/10/2019 16:06:00.000000,,,,0.010033,
07/10/2019 16:07:00.000000,,,,0.026485,
07/10/2019 16:08:00.000000,,,,23.137209,
07/10/2019 16:09:00.000000,,,,0.01972,
07/10/2019 16:10:00.000000,,,,29.979545,
07/10/2019 16:11:00.000000,,,,12.69,
07/10/2019 16:12:00.000000,,,,19.216667,
07/10/2019 16:13:00.000000,,,,0.010116,
07/10/2019 16:14:00.000000,,,,0.005918,
07/10/2019 16:15:00.000000,,,,10.342105,
07/10/2019 16:16:00.000000,,,,0.013789,
07/10/2019 16:17:00.000000,,,,11.871795,
07/10/2019 16:18:00.000000,,,,0.011524,
07/10/2019 16:19:00.000000,,,,0.027347,
07/10/2019 16:20:00.000000,,,,0.016935,
07/10/2019 16:21:00.000000,,,,13.705,
07/10/2019 16:22:00.000000,,,,15.485714,
07/10/2019 16:23:00.000000,,,,17.74,
07/10/2019 16:24:00.000000,,,,0.024965,
07/10/2019 16:25:00.000000,,,,0.018846,
07/10/2019 16:26:00.000000,,,,9.890909,
07/10/2019 16:27:00.000000,,,,0.01389,
07/10/2019 16:28:00.000000,,,,12.428571,
07/10/2019 16:30:00.000000,,,,0.046889,
07/10/2019 16:31:00.000000,,,,0.050113,
07/10/2019 16:32:00.000000,,,,40.477419,
07/10/2019 16:33:00.000000,,,,19.653488,
07/10/2019 16:34:00.000000,,,,16.942105,
07/10/2019 16:35:00.000000,,,,0.015903,
07/10/2019 16:36:00.000000,,,,0.050776,
07/10/2019 16:37:00.000000,,,,9.48,
07/10/2019 16:38:00.000000,,,,4.023077,
07/10/2019 16:39:00.000000,,,,23.288372,
07/10/2019 16:40:00.000000,,,,0.054858,
07/10/2019 16:41:00.000000,,,,0.017324,
07/10/2019 16:42:00.000000,,,,13.1,
07/10/2019 16:43:00.000000,,,,0.028211,
07/10/2019 16:44:00.000000,,,,10.210256,
07/10/2019 16:45:00.000000,,,,18.373171,
07/10/2019 16:46:00.000000,,,,0.023938,
07/10/2019 16:47:00.000000,,,,11.963415,
07/10/2019 16:48:00.000000,,,,14.44186,
07/10/2019 16:50:00.000000,,,,0.034849,
07/10/2019 16:51:00.000000,,,,0.020726,
07/10/2019 16:52:00.000000,,,,0.010526,
07/10/2019 16:53:00.000000,,,,0.005095,
07/10/2019 16:54:00.000000,,,,0.012663,
07/10/2019 16:55:00.000000,,,,0.014431,
07/10/2019 16:56:00.000000,,,,10.128571,
07/10/2019 16:57:00.000000,,,,14.718605,
07/10/2019 16:58:00.000000,,,,0.009146,
07/10/2019 16:59:00.000000,,,,0.005424,
07/10/2019 17:00:00.000000,,,,0.005288,
07/10/2019 17:01:00.000000,,,,0.026807,
07/10/2019 17:02:00.000000,,,,32.190244,
07/10/2019 17:03:00.000000,,,,0.022139,
07/10/2019 17:04:00.000000,,,,8.9,
07/10/2019 17:05:00.000000,,,,14.257143,
07/10/2019 17:06:00.000000,,,,0.015517,
07/10/2019 17:07:00.000000,,,,0.01476,
07/10/2019 17:08:00.000000,,,,0.010544,
07/10/2019 17:10:00.000000,,,,7.955814,
07/10/2019 17:11:00.000000,,,,14.065789,
07/10/2019 17:12:00.000000,,,,11.243902,
07/10/2019 17:13:00.000000,,,,0.007359,
07/10/2019 17:14:00.000000,,,,3.461905,
07/10/2019 17:15:00.000000,,,,0.0074,
07/10/2019 17:16:00.000000,,,,0.024494,
07/10/2019 17:17:00.000000,,,,0.020462,
07/10/2019 17:18:00.000000,,,,10.013636,
07/10/2019 17:19:00.000000,,,,0.011942,
07/10/2019 17:20:00.000000,,,,7.561905,
07/10/2019 17:21:00.000000,,,,12.375,
07/10/2019 17:22:00.000000,,,,0.022655,
07/10/2019 17:23:00.000000,,,,0.010618,
07/10/2019 17:24:00.000000,,,,11.802326,
07/10/2019 17:25:00.000000,,,,8.146341,
07/10/2019 17:26:00.000000,,,,15.592857,
07/10/2019 17:27:00.000000,,,,0.033367,
07/10/2019 17:28:00.000000,,,,6.9,
07/10/2019 17:30:00.000000,,,,3.114634,
07/10/2019 17:31:00.000000,,,,0.02221,
07/10/2019 17:32:00.000000,,,,18.646154,
07/10/2019 17:33:00.000000,,,,8.348837,
07/10/2019 17:34:00.000000,,,,3.869231,
07/10/2019 17:35:00.000000,,,,0.012984,
07/10/2019 17:36:00.000000,,,,0.012278,
07/10/2019 17:37:00.000000,,,,8.366667,
07/10/2019 17:38:00.000000,,,,0.009791,
07/10/2019 17:39:00.000000,,,,0.018897,
07/10/2019 17:40:00.000000,,,,0.015806,
07/10/2019 17:41:00.000000,,,,0.004886,
07/10/2019 17:42:00.000000,,,,0.009834,
07/10/2019 17:43:00.000000,,,,0.015472,
07/10/2019 17:44:00.000000,,,,13.3,
07/10/2019 17:45:00.000000,,,,7.509091,
07/10/2019 17:46:00.000000,,,,7.490698,
07/10/2019 17:47:00.000000,,,,0.004405,
07/10/2019 17:48:00.000000,,,,0.02989,
07/10/2019 17:50:00.000000,,,,0.030448,
07/10/2019 17:51:00.000000,,,,12.030769,
07/10/2019 17:52:00.000000,,,,0.015154,
07/10/2019 17:53:00.000000,,,,9.813953,
07/10/2019 17:54:00.000000,,,,0.013069,
07/10/2019 17:55:00.000000,,,,29.357143,
07/10/2019 17:56:00.000000,,,,0.019945,
07/10/2019 17:57:00.000000,,,,0.022456,
07/10/2019 17:58:00.000000,,,,0.012727,
07/10/2019 17:59:00.000000,,,,0.007767,
07/10/2019 18:00:00.000000,,,,11.16,
07/10/2019 18:01:00.000000,,,,7.258537,
07/10/2019 18:02:00.000000,,,,0.020731,
07/10/2019 18:03:00.000000,,,,0.012531,
07/10/2019 18:04:00.000000,,,,0.011559,
07/10/2019 18:05:00.000000,,,,18.607317,
07/10/2019 18:06:00.000000,,,,0.03136,
07/10/2019 18:07:00.000000,,,,13.492683,
07/10/2019 18:08:00.000000,,,,3.7875,
07/10/2019 18:10:00.000000,,,,0.006263,
07/10/2019 18:11:00.000000,,,,0.019784,
07/10/2019 18:12:00.000000,,,,0.011563,
07/10/2019 18:13:00.000000,,,,0.021933,
07/10/2019 18:14:00.000000,,,,25.841176,
07/10/2019 18:15:00.000000,,,,0.019703,
07/10/2019 18:16:00.000000,,,,12.968182,
07/10/2019 18:17:00.000000,,,,0.028897,
07/10/2019 18:18:00.000000,,,,0.005763,
07/10/2019 18:19:00.000000,,,,0.011709,
07/10/2019 18:20:00.000000,,,,0.020152,
07/10/2019 18:21:00.000000,,,,10.532558,
07/10/2019 18:22:00.000000,,,,0.022485,
07/10/2019 18:23:00.000000,,,,20.216667,
07/10/2019 18:24:00.000000,,,,16.6375,
07/10/2019 18:25:00.000000,,,,0.007658,
07/10/2019 18:26:00.000000,,,,0.023864,
07/10/2019 18:27:00.000000,,,,16.352174,
07/10/2019 18:28:00.000000,,,,8.822857,
07/10/2019 18:29:00.000000,,,,10.875862,
07/10/2019 18:30:00.000000,,,,0.018882,
07/10/2019 18:31:00.000000,,,,12.215385,
07/10/2019 18:32:00.000000,,,,4.485714,
07/10/2019 18:33:00.000000,,,,15.390909,
07/10/2019 18:34:00.000000,,,,0.013502,
07/10/2019 18:35:00.000000,,,,0.026728,
07/10/2019 18:36:00.000000,,,,7.292308,
07/10/2019 18:37:00.000000,,,,14.673684,
07/10/2019 18:38:00.000000,,,,0.013574,
07/10/2019 18:39:00.000000,,,,0.011822,
07/10/2019 18:40:00.000000,,,,2.986111,
07/10/2019 18:41:00.000000,,,,0.003327,
07/10/2019 18:42:00.000000,,,,0.003538,
07/10/2019 18:43:00.000000,,,,10.383333,
07/10/2019 18:44:00.000000,,,,0.00732,
07/10/2019 18:45:00.000000,,,,11.2,
07/10/2019 18:46:00.000000,,,,0.0098,
07/10/2019 18:47:00.000000,,,,9.942857,
07/10/2019 18:48:00.000000,,,,7.141463,
07/10/2019 18:49:00.000000,,,,0.013767,
07/10/2019 18:50:00.000000,,,,17.66,
07/10/2019 18:51:00.000000,,,,0.022761,
07/10/2019 18:52:00.000000,,,,0.024055,
07/10/2019 18:53:00.000000,,,,12.0,
07/10/2019 18:54:00.000000,,,,4.565854,
07/10/2019 18:55:00.000000,,,,0.004598,
07/10/2019 18:56:00.000000,,,,7.47619,
07/10/2019 18:57:00.000000,,,,0.011947,
07/10/2019 18:58:00.000000,,,,0.01783,
07/10/2019 18:59:00.000000,,,,17.595455,
07/10/2019 19:00:00.000000,,,,0.012914,
07/10/2019 19:01:00.000000,,,,0.023427,
07/10/2019 19:02:00.000000,,,,16.016279,
07/10/2019 19:03:00.000000,,,,0.012627,
07/10/2019 19:04:00.000000,,,,15.605,
07/10/2019 19:05:00.000000,,,,19.7,
07/10/2019 19:06:00.000000,,,,27.908108,
07/10/2019 19:07:00.000000,,,,0.020524,
07/10/2019 19:08:00.000000,,,,9.205,
07/10/2019 19:09:00.000000,,,,0.009632,
07/10/2019 19:10:00.000000,,,,17.070732,
07/10/2019 19:11:00.000000,,,,0.027335,
07/10/2019 19:12:00.000000,,,,9.614286,
07/10/2019 19:13:00.000000,,,,0.0042,
07/10/2019 19:14:00.000000,,,,8.915385,
07/10/2019 19:15:00.000000,,,,0.022592,
07/10/2019 19:16:00.000000,,,,0.018844,
07/10/2019 19:17:00.000000,,,,0.004584,
07/10/2019 19:18:00.000000,,,,8.377778,
07/10/2019 19:19:00.000000,,,,0.015979,
07/10/2019 19:20:00.000000,,,,0.01085,
07/10/2019 19:21:00.000000,,,,0.013862,
07/10/2019 19:22:00.000000,,,,0.020154,
07/10/2019 19:23:00.000000,,,,0.031822,
07/10/2019 19:24:00.000000,,,,0.017024,
07/10/2019 19:25:00.000000,,,,0.017109,
07/10/2019 19:26:00.000000,,,,0.019355,
07/10/2019 19:27:00.000000,,,,0.006085,
07/10/2019 19:28:00.000000,,,,11.4,
07/10/2019 19:29:00.000000,,,,12.325,
07/10/2019 19:30:00.000000,,,,0.009285,
07/10/2019 19:31:00.000000,,,,3.786364,
07/10/2019 19:32:00.000000,,,,15.610526,
07/10/2019 19:33:00.000000,,,,0.017833,
07/10/2019 19:34:00.000000,,,,45.252381,
07/10/2019 19:35:00.000000,,,,0.056905,
07/10/2019 19:36:00.000000,,,,14.473171,
07/10/2019 19:37:00.000000,,,,6.338462,
07/10/2019 19:38:00.000000,,,,0.017438,
07/10/2019 19:39:00.000000,,,,0.023403,
07/10/2019 19:40:00.000000,,,,9.743902,
07/10/2019 19:41:00.000000,,,,3.670732,
07/10/2019 19:42:00.000000,,,,0.015075,
07/10/2019 19:43:00.000000,,,,13.558974,
07/10/2019 19:44:00.000000,,,,0.015863,
07/10/2019 19:45:00.000000,,,,0.029803,
07/10/2019 19:46:00.000000,,,,0.032726,
07/10/2019 19:47:00.000000,,,,0.046594,
07/10/2019 19:48:00.000000,,,,30.3125,
07/10/2019 19:49:00.000000,,,,0.023556,
07/10/2019 19:50:00.000000,,,,12.534146,
07/10/2019 19:51:00.000000,,,,19.213636,
07/10/2019 19:52:00.000000,,,,0.0111,
07/10/2019 19:53:00.000000,,,,15.142857,
07/10/2019 19:54:00.000000,,,,0.017833,
07/10/2019 19:55:00.000000,,,,28.185714,
07/10/2019 19:56:00.000000,,,,11.6,
07/10/2019 19:57:00.000000,,,,0.01091,
07/10/2019 19:58:00.000000,,,,14.351163,
07/10/2019 19:59:00.000000,,,,18.6,
07/10/2019 20:00:00.000000,,,,0.032186,
07/10/2019 20:01:00.000000,,,,9.45,
07/10/2019 20:02:00.000000,,,,0.013198,
07/10/2019 20:03:00.000000,,,,21.527907,
07/10/2019 20:04:00.000000,,,,0.022884,
07/10/2019 20:05:00.000000,,,,0.033935,
07/10/2019 20:06:00.000000,,,,15.345455,
07/10/2019 20:07:00.000000,,,,0.013349,
07/10/2019 20:08:00.000000,,,,0.010135,
07/10/2019 20:09:00.000000,,,,0.02282,
07/10/2019 20:10:00.000000,,,,30.6,
07/10/2019 20:11:00.000000,,,,13.684091,
07/10/2019 20:12:00.000000,,,,11.341463,
07/10/2019 20:13:00.000000,,,,4.036585,
07/10/2019 20:14:00.000000,,,,10.597561,
07/10/2019 20:15:00.000000,,,,0.015302,
07/10/2019 20:16:00.000000,,,,0.026256,
07/10/2019 20:17:00.000000,,,,10.1,
07/10/2019 20:18:00.000000,,,,2.764706,
07/10/2019 20:19:00.000000,,,,23.0,
07/10/2019 20:20:00.000000,,,,0.014827,
07/10/2019 20:21:00.000000,,,,0.013949,
07/10/2019 20:22:00.000000,,,,0.019027,
07/10/2019 20:23:00.000000,,,,0.015947,
07/10/2019 20:24:00.000000,,,,10.459574,
07/10/2019 20:25:00.000000,,,,3.5625,
07/10/2019 20:26:00.000000,,,,6.8875,
07/10/2019 20:27:00.000000,,,,0.008924,
07/10/2019 20:28:00.000000,,,,0.014745,
07/10/2019 20:29:00.000000,,,,11.725,
07/10/2019 20:30:00.000000,,,,0.017024,
07/10/2019 20:31:00.000000,,,,0.016029,
07/10/2019 20:32:00.000000,,,,6.691892,
07/10/2019 20:33:00.000000,,,,18.466667,
07/10/2019 20:34:00.000000,,,,5.360976,
07/10/2019 20:35:00.000000,,,,10.297436,
07/10/2019 20:36:00.000000,,,,12.548837,
07/10/2019 20:37:00.000000,,,,10.118605,
07/10/2019 20:38:00.000000,,,,15.803125,
07/10/2019 20:39:00.000000,,,,12.211905,
07/10/2019 20:40:00.000000,,,,0.025059,
07/10/2019 20:41:00.000000,,,,11.416667,
07/10/2019 20:42:00.000000,,,,0.015091,
07/10/2019 20:43:00.000000,,,,0.03025,
07/10/2019 20:44:00.000000,,,,16.025,
07/10/2019 20:45:00.000000,,,,0.022005,
07/10/2019 20:46:00.000000,,,,0.005864,
07/10/2019 20:47:00.000000,,,,18.468182,
07/10/2019 20:48:00.000000,,,,17.057143,
07/10/2019 20:49:00.000000,,,,0.019966,
07/10/2019 20:50:00.000000,,,,24.50625,
07/10/2019 20:51:00.000000,,,,0.012836,
07/10/2019 20:52:00.000000,,,,7.719048,
07/10/2019 20:53:00.000000,,,,0.020429,
07/10/2019 20:54:00.000000,,,,0.009344,
07/10/2019 20:55:00.000000,,,,0.010257,
07/10/2019 20:56:00.000000,,,,0.009494,
07/10/2019 20:57:00.000000,,,,0.024198,
07/10/2019 20:58:00.000000,,,,21.742857,
07/10/2019 20:59:00.000000,,,,0.005273,
07/10/2019 21:00:00.000000,,,,7.153659,
07/10/2019 21:01:00.000000,,,,6.736364,
07/10/2019 21:02:00.000000,,,,0.011084,
07/10/2019 21:03:00.000000,,,,13.833333,
07/10/2019 21:04:00.000000,,,,0.005907,
07/10/2019 21:05:00.000000,,,,0.020686,
07/10/2019 21:06:00.000000,,,,10.690698,
07/10/2019 21:07:00.000000,,,,33.721951,
07/10/2019 21:08:00.000000,,,,0.026419,
07/10/2019 21:09:00.000000,,,,0.006694,
07/10/2019 21:10:00.000000,,,,0.010898,
07/10/2019 21:11:00.000000,,,,25.271795,
07/10/2019 21:12:00.000000,,,,0.021846,
07/10/2019 21:13:00.000000,,,,9.542857,
07/10/2019 21:14:00.000000,,,,0.014327,
07/10/2019 21:15:00.000000,,,,19.25814,
07/10/2019 21:16:00.000000,,,,11.6625,
07/10/2019 21:17:00.000000,,,,0.026002,
07/10/2019 21:18:00.000000,,,,11.1625,
07/10/2019 21:19:00.000000,,,,14.709524,
07/10/2019 21:20:00.000000,,,,22.423077,
07/10/2019 21:21:00.000000,,,,16.3,
07/10/2019 21:22:00.000000,,,,13.9625,
07/10/2019 21:23:00.000000,,,,41.458537,
07/10/2019 21:24:00.000000,,,,0.021469,
07/10/2019 21:25:00.000000,,,,8.402326,
07/10/2019 21:26:00.000000,,,,22.587805,
07/10/2019 21:27:00.000000,,,,0.028877,
07/10/2019 21:28:00.000000,,,,0.018067,
07/10/2019 21:29:00.000000,,,,0.018605,
07/10/2019 21:30:00.000000,,,,26.028571,
07/10/2019 21:31:00.000000,,,,9.4375,
07/10/2019 21:32:00.000000,,,,0.012875,
07/10/2019 21:33:00.000000,,,,0.021101,
07/10/2019 21:34:00.000000,,,,0.016023,
07/10/2019 21:35:00.000000,,,,6.642857,
07/10/2019 21:36:00.000000,,,,0.010001,
07/10/2019 21:37:00.000000,,,,0.014324,
07/10/2019 21:38:00.000000,,,,9.548837,
07/10/2019 21:39:00.000000,,,,6.8,
07/10/2019 21:40:00.000000,,,,0.005248,
07/10/2019 21:41:00.000000,,,,0.007334,
07/10/2019 21:42:00.000000,,,,6.7,
07/10/2019 21:43:00.000000,,,,0.043617,
07/10/2019 21:44:00.000000,,,,17.6,
07/10/2019 21:45:00.000000,,,,0.020131,
07/10/2019 21:46:00.000000,,,,0.014057,
07/10/2019 21:47:00.000000,,,,0.013028,
07/10/2019 21:48:00.000000,,,,0.007239,
07/10/2019 21:49:00.000000,,,,0.004112,
07/10/2019 21:50:00.000000,,,,68.228571,
07/10/2019 21:51:00.000000,,,,0.045889,
07/10/2019 21:52:00.000000,,,,10.193023,
07/10/2019 21:53:00.000000,,,,0.013717,
07/10/2019 21:54:00.000000,,,,8.609524,
07/10/2019 21:55:00.000000,,,,27.0,
07/10/2019 21:56:00.000000,,,,0.020791,
07/10/2019 21:57:00.000000,,,,7.090698,
07/10/2019 21:58:00.000000,,,,24.8,
07/10/2019 21:59:00.000000,,,,23.957143,
07/10/2019 22:00:00.000000,,,,4.72381,
07/10/2019 22:01:00.000000,,,,0.008527,
07/10/2019 22:02:00.000000,,,,17.885714,
07/10/2019 22:03:00.000000,,,,17.57907,
07/10/2019 22:04:00.000000,,,,0.005297,
07/10/2019 22:05:00.000000,,,,0.022815,
07/10/2019 22:06:00.000000,,,,28.053846,
07/10/2019 22:07:00.000000,,,,17.151163,
07/10/2019 22:08:00.000000,,,,0.004871,
07/10/2019 22:09:00.000000,,,,0.012149,
07/10/2019 22:10:00.000000,,,,0.015782,
07/10/2019 22:11:00.000000,,,,6.742857,
07/10/2019 22:12:00.000000,,,,0.017186,
07/10/2019 22:13:00.000000,,,,35.1775,
07/10/2019 22:14:00.000000,,,,15.090244,
07/10/2019 22:15:00.000000,,,,0.016627,
07/10/2019 22:16:00.000000,,,,0.018776,
07/10/2019 22:17:00.000000,,,,22.4125,
07/10/2019 22:18:00.000000,,,,11.5,
07/10/2019 22:19:00.000000,,,,12.34878,
07/10/2019 22:20:00.000000,,,,0.006749,
07/10/2019 22:21:00.000000,,,,29.436364,
07/10/2019 22:22:00.000000,,,,0.02404,
07/10/2019 22:23:00.000000,,,,23.42,
07/10/2019 22:24:00.000000,,,,15.239024,
07/10/2019 22:25:00.000000,,,,0.01727,
07/10/2019 22:26:00.000000,,,,0.024213,
07/10/2019 22:27:00.000000,,,,0.010414,
07/10/2019 22:28:00.000000,,,,10.913953,
07/10/2019 22:29:00.000000,,,,11.513158,
07/10/2019 22:30:00.000000,,,,9.426829,
07/10/2019 22:31:00.000000,,,,13.52439,
07/10/2019 22:32:00.000000,,,,16.795349,
07/10/2019 22:33:00.000000,,,,5.153488,
07/10/2019 22:34:00.000000,,,,0.023466,
07/10/2019 22:35:00.000000,,,,5.267442,
07/10/2019 22:36:00.000000,,,,23.273171,
07/10/2019 22:37:00.000000,,,,24.562791,
07/10/2019 22:38:00.000000,,,,10.029268,
07/10/2019 22:39:00.000000,,,,19.721951,
07/10/2019 22:40:00.000000,,,,0.009563,
07/10/2019 22:41:00.000000,,,,10.459091,
07/10/2019 22:42:00.000000,,,,11.84186,
07/10/2019 22:43:00.000000,,,,0.014118,
07/10/2019 22:44:00.000000,,,,12.655,
07/10/2019 22:45:00.000000,,,,0.029646,
07/10/2019 22:46:00.000000,,,,0.017335,
07/10/2019 22:47:00.000000,,,,0.019857,
07/10/2019 22:48:00.000000,,,,4.627273,
07/10/2019 22:49:00.000000,,,,0.018607,
07/10/2019 22:50:00.000000,,,,0.023245,
07/10/2019 22:51:00.000000,,,,0.027028,
07/10/2019 22:52:00.000000,,,,0.038901,
07/10/2019 22:53:00.000000,,,,8.213333,
07/10/2019 22:54:00.000000,,,,21.177778,
07/10/2019 22:55:00.000000,,,,19.509375,
07/10/2019 22:56:00.000000,,,,0.013039,
07/10/2019 22:57:00.000000,,,,14.98125,
07/10/2019 22:58:00.000000,,,,0.024977,
07/10/2019 22:59:00.000000,,,,11.992308,
07/10/2019 23:00:00.000000,,,,6.544737,
07/10/2019 23:01:00.000000,,,,16.9,
07/10/2019 23:02:00.000000,,,,0.010589,
07/10/2019 23:03:00.000000,,,,0.0238,
07/10/2019 23:04:00.000000,,,,21.585714,
07/10/2019 23:05:00.000000,,,,0.004814,
07/10/2019 23:06:00.000000,,,,0.025063,
07/10/2019 23:07:00.000000,,,,14.592308,
07/10/2019 23:08:00.000000,,,,20.094118,
07/10/2019 23:10:00.000000,,,,19.02,
07/10/2019 23:11:00.000000,,,,0.012527,
07/10/2019 23:12:00.000000,,,,9.95,
07/10/2019 23:13:00.000000,,,,0.011524,
07/10/2019 23:14:00.000000,,,,0.016009,
07/10/2019 23:15:00.000000,,,,0.021173,
07/10/2019 23:16:00.000000,,,,17.130233,
07/10/2019 23:17:00.000000,,,,0.045375,
07/10/2019 23:18:00.000000,,,,0.024353,
07/10/2019 23:19:00.000000,,,,13.7875,
07/10/2019 23:20:00.000000,,,,13.3,
07/10/2019 23:21:00.000000,,,,7.557143,
07/10/2019 23:22:00.000000,,,,11.4875,
07/10/2019 23:23:00.000000,,,,0.02984,
07/10/2019 23:24:00.000000,,,,0.005563,
07/10/2019 23:25:00.000000,,,,7.666667,
07/10/2019 23:26:00.000000,,,,16.915,
07/10/2019 23:27:00.000000,,,,26.126829,
07/10/2019 23:28:00.000000,,,,0.033408,
07/10/2019 23:29:00.000000,,,,0.029142,
07/10/2019 23:30:00.000000,,,,4.238462,
07/10/2019 23:31:00.000000,,,,0.011553,
07/10/2019 23:32:00.000000,,,,21.546512,
07/10/2019 23:33:00.000000,,,,0.006202,
07/10/2019 23:34:00.000000,,,,0.03468,
07/10/2019 23:35:00.000000,,,,0.033916,
07/10/2019 23:36:00.000000,,,,24.47,
07/10/2019 23:37:00.000000,,,,26.462162,
07/10/2019 23:38:00.000000,,,,0.010703,
07/10/2019 23:39:00.000000,,,,16.8,
07/10/2019 23:40:00.000000,,,,0.042305,
07/10/2019 23:41:00.000000,,,,0.012076,
07/10/2019 23:42:00.000000,,,,14.07,
07/10/2019 23:43:00.000000,,,,11.931818,
07/10/2019 23:44:00.000000,,,,8.502439,
07/10/2019 23:45:00.000000,,,,0.016743,
07/10/2019 23:46:00.000000,,,,0.009023,
07/10/2019 23:47:00.000000,,,,0.011941,
07/10/2019 23:48:00.000000,,,,0.039515,
07/10/2019 23:50:00.000000,,,,11.271429,
07/10/2019 23:51:00.000000,,,,21.05,
07/10/2019 23:52:00.000000,,,,21.02093,
07/10/2019 23:53:00.000000,,,,21.642857,
07/10/2019 23:54:00.000000,,,,0.015632,
07/10/2019 23:55:00.000000,,,,8.704651,
07/10/2019 23:56:00.000000,,,,10.614286,
07/10/2019 23:57:00.000000,,,,0.01137,
07/10/2019 23:58:00.000000,,,,0.010756,
07/10/2019 23:59:00.000000,,,,0.166705,
07/11/2019 00:00:00.000000,,,,36.390244,
07/11/2019 00:01:00.000000,,,,0.022238,
07/11/2019 00:02:00.000000,,,,0.014904,
07/11/2019 00:03:00.000000,,,,0.019141,
07/11/2019 00:04:00.000000,,,,9.895122,
07/11/2019 00:05:00.000000,,,,0.023989,
07/11/2019 00:06:00.000000,,,,0.012813,
07/11/2019 00:07:00.000000,,,,17.4,
07/11/2019 00:08:00.000000,,,,15.525,
07/11/2019 00:09:00.000000,,,,0.00926,
07/11/2019 00:10:00.000000,,,,0.022417,
07/11/2019 00:11:00.000000,,,,0.016947,
07/11/2019 00:12:00.000000,,,,8.788372,
07/11/2019 00:13:00.000000,,,,16.805263,
07/11/2019 00:14:00.000000,,,,0.028798,
07/11/2019 00:15:00.000000,,,,6.026829,
07/11/2019 00:16:00.000000,,,,0.039703,
07/11/2019 00:17:00.000000,,,,0.034832,
07/11/2019 00:18:00.000000,,,,22.7375,
07/11/2019 00:19:00.000000,,,,15.506977,
07/11/2019 00:20:00.000000,,,,0.01142,
07/11/2019 00:21:00.000000,,,,0.011657,
07/11/2019 00:22:00.000000,,,,9.215789,
07/11/2019 00:23:00.000000,,,,0.027323,
07/11/2019 00:24:00.000000,,,,10.904545,
07/11/2019 00:25:00.000000,,,,10.202632,
07/11/2019 00:26:00.000000,,,,12.809302,
07/11/2019 00:27:00.000000,,,,9.258333,
07/11/2019 00:28:00.000000,,,,21.548837,
07/11/2019 00:29:00.000000,,,,25.571429,
07/11/2019 00:30:00.000000,,,,0.028376,
07/11/2019 00:31:00.000000,,,,0.028669,
07/11/2019 00:32:00.000000,,,,0.018963,
07/11/2019 00:33:00.000000,,,,17.889474,
07/11/2019 00:34:00.000000,,,,11.057143,
07/11/2019 00:35:00.000000,,,,16.685,
07/11/2019 00:36:00.000000,,,,0.005217,
07/11/2019 00:37:00.000000,,,,0.00301,
07/11/2019 00:38:00.000000,,,,10.55,
07/11/2019 00:39:00.000000,,,,0.013917,
07/11/2019 00:40:00.000000,,,,6.62,
07/11/2019 00:41:00.000000,,,,0.024555,
07/11/2019 00:42:00.000000,,,,13.383333,
07/11/2019 00:43:00.000000,,,,13.506818,
07/11/2019 00:44:00.000000,,,,0.010542,
07/11/2019 00:45:00.000000,,,,7.7,
07/11/2019 00:46:00.000000,,,,0.005421,
07/11/2019 00:47:00.000000,,,,17.534211,
07/11/2019 00:48:00.000000,,,,13.225,
07/11/2019 00:49:00.000000,,,,0.013552,
07/11/2019 00:50:00.000000,,,,0.027748,
07/11/2019 00:51:00.000000,,,,0.006428,
07/11/2019 00:52:00.000000,,,,0.007309,
07/11/2019 00:53:00.000000,,,,8.119512,
07/11/2019 00:54:00.000000,,,,10.715909,
07/11/2019 00:55:00.000000,,,,0.013418,
07/11/2019 00:56:00.000000,,,,0.027007,
07/11/2019 00:57:00.000000,,,,0.029115,
07/11/2019 00:58:00.000000,,,,0.025744,
07/11/2019 00:59:00.000000,,,,0.025701,
07/11/2019 01:00:00.000000,,,,11.3,
07/11/2019 01:01:00.000000,,,,0.013396,
07/11/2019 01:02:00.000000,,,,9.182927,
07/11/2019 01:03:00.000000,,,,13.76,
07/11/2019 01:04:00.000000,,,,15.205405,
07/11/2019 01:05:00.000000,,,,8.7,
07/11/2019 01:06:00.000000,,,,11.958974,
07/11/2019 01:07:00.000000,,,,20.42,
07/11/2019 01:08:00.000000,,,,0.024323,
07/11/2019 01:09:00.000000,,,,0.007246,
07/11/2019 01:10:00.000000,,,,0.011029,
07/11/2019 01:11:00.000000,,,,7.814286,
07/11/2019 01:12:00.000000,,,,7.069767,
07/11/2019 01:13:00.000000,,,,0.011477,
07/11/2019 01:14:00.000000,,,,21.538235,
07/11/2019 01:15:00.000000,,,,2.86,
07/11/2019 01:16:00.000000,,,,0.010246,
07/11/2019 01:17:00.000000,,,,56.339024,
07/11/2019 01:18:00.000000,,,,21.654167,
07/11/2019 01:19:00.000000,,,,11.434146,
07/11/2019 01:20:00.000000,,,,0.008666,
07/11/2019 01:21:00.000000,,,,0.030317,
07/11/2019 01:22:00.000000,,,,10.13,
07/11/2019 01:23:00.000000,,,,11.139024,
07/11/2019 01:24:00.000000,,,,21.358537,
07/11/2019 01:25:00.000000,,,,30.468293,
07/11/2019 01:26:00.000000,,,,15.045455,
07/11/2019 01:27:00.000000,,,,0.022077,
07/11/2019 01:28:00.000000,,,,0.040113,
07/11/2019 01:30:00.000000,,,,14.771429,
07/11/2019 01:31:00.000000,,,,14.648718,
07/11/2019 01:32:00.000000,,,,13.831579,
07/11/2019 01:33:00.000000,,,,30.844186,
07/11/2019 01:34:00.000000,,,,0.041637,
07/11/2019 01:35:00.000000,,,,30.25,
07/11/2019 01:36:00.000000,,,,28.092683,
07/11/2019 01:37:00.000000,,,,0.031105,
07/11/2019 01:38:00.000000,,,,0.01534,
07/11/2019 01:39:00.000000,,,,0.041382,
07/11/2019 01:40:00.000000,,,,30.73,
07/11/2019 01:41:00.000000,,,,0.050347,
07/11/2019 01:42:00.000000,,,,22.371429,
07/11/2019 01:43:00.000000,,,,16.668293,
07/11/2019 01:44:00.000000,,,,10.5125,
07/11/2019 01:45:00.000000,,,,11.631707,
07/11/2019 01:46:00.000000,,,,12.233333,
07/11/2019 01:47:00.000000,,,,9.314286,
07/11/2019 01:48:00.000000,,,,12.613953,
07/11/2019 01:49:00.000000,,,,0.054388,
07/11/2019 01:50:00.000000,,,,0.041543,
07/11/2019 01:51:00.000000,,,,0.020182,
07/11/2019 01:52:00.000000,,,,0.01428,
07/11/2019 01:53:00.000000,,,,0.014009,
07/11/2019 01:54:00.000000,,,,13.134146,
07/11/2019 01:55:00.000000,,,,0.022089,
07/11/2019 01:56:00.000000,,,,0.026039,
07/11/2019 01:57:00.000000,,,,13.321053,
07/11/2019 01:58:00.000000,,,,10.560465,
07/11/2019 01:59:00.000000,,,,0.008549,
07/11/2019 02:00:00.000000,,,,0.013878,
07/11/2019 02:01:00.000000,,,,16.32,
07/11/2019 02:02:00.000000,,,,14.55,
07/11/2019 02:03:00.000000,,,,0.013146,
07/11/2019 02:04:00.000000,,,,23.652174,
07/11/2019 02:05:00.000000,,,,20.0,
07/11/2019 02:06:00.000000,,,,0.015171,
07/11/2019 02:07:00.000000,,,,10.525581,
07/11/2019 02:08:00.000000,,,,4.727273,
07/11/2019 02:10:00.000000,,,,0.016652,
07/11/2019 02:11:00.000000,,,,4.325,
07/11/2019 02:12:00.000000,,,,10.6375,
07/11/2019 02:13:00.000000,,,,0.014835,
07/11/2019 02:14:00.000000,,,,20.838461,
07/11/2019 02:15:00.000000,,,,0.016272,
07/11/2019 02:16:00.000000,,,,12.94878,
07/11/2019 02:17:00.000000,,,,0.039218,
07/11/2019 02:18:00.000000,,,,0.030497,
07/11/2019 02:19:00.000000,,,,0.020789,
07/11/2019 02:20:00.000000,,,,0.028556,
07/11/2019 02:21:00.000000,,,,17.990698,
07/11/2019 02:22:00.000000,,,,0.016188,
07/11/2019 02:23:00.000000,,,,0.015175,
07/11/2019 02:24:00.000000,,,,0.024271,
07/11/2019 02:25:00.000000,,,,0.026059,
07/11/2019 02:26:00.000000,,,,13.02381,
07/11/2019 02:27:00.000000,,,,13.317073,
07/11/2019 02:28:00.000000,,,,26.32093,
07/11/2019 02:29:00.000000,,,,14.925,
07/11/2019 02:30:00.000000,,,,14.036364,
07/11/2019 02:31:00.000000,,,,14.885714,
07/11/2019 02:32:00.000000,,,,0.011277,
07/11/2019 02:33:00.000000,,,,19.66,
07/11/2019 02:34:00.000000,,,,0.006903,
07/11/2019 02:35:00.000000,,,,7.158537,
07/11/2019 02:36:00.000000,,,,0.029294,
07/11/2019 02:37:00.000000,,,,20.72381,
07/11/2019 02:38:00.000000,,,,0.013357,
07/11/2019 02:39:00.000000,,,,0.038651,
07/11/2019 02:40:00.000000,,,,0.029473,
07/11/2019 02:41:00.000000,,,,0.020547,
07/11/2019 02:42:00.000000,,,,0.032683,
07/11/2019 02:43:00.000000,,,,30.3,
07/11/2019 02:44:00.000000,,,,0.038451,
07/11/2019 02:45:00.000000,,,,17.588235,
07/11/2019 02:46:00.000000,,,,0.039971,
07/11/2019 02:47:00.000000,,,,0.023359,
07/11/2019 02:48:00.000000,,,,21.468293,
07/11/2019 02:49:00.000000,,,,0.020836,
07/11/2019 02:50:00.000000,,,,0.026891,
07/11/2019 02:51:00.000000,,,,15.397561,
07/11/2019 02:52:00.000000,,,,24.969767,
07/11/2019 02:53:00.000000,,,,0.028479,
07/11/2019 02:54:00.000000,,,,0.031317,
07/11/2019 02:55:00.000000,,,,0.033178,
07/11/2019 02:56:00.000000,,,,18.461538,
07/11/2019 02:57:00.000000,,,,0.019213,
07/11/2019 02:58:00.000000,,,,13.278049,
07/11/2019 02:59:00.000000,,,,24.780488,
07/11/2019 03:00:00.000000,,,,0.04416,
07/11/2019 03:01:00.000000,,,,0.046133,
07/11/2019 03:02:00.000000,,,,0.08118,
07/11/2019 03:03:00.000000,,,,0.045041,
07/11/2019 03:04:00.000000,,,,0.021859,
07/11/2019 03:05:00.000000,,,,15.143478,
07/11/2019 03:06:00.000000,,,,0.025387,
07/11/2019 03:07:00.000000,,,,6.858537,
07/11/2019 03:08:00.000000,,,,10.606061,
07/11/2019 03:09:00.000000,,,,20.106818,
07/11/2019 03:10:00.000000,,,,32.202273,
07/11/2019 03:11:00.000000,,,,23.91,
07/11/2019 03:12:00.000000,,,,0.047228,
07/11/2019 03:13:00.000000,,,,38.362791,
07/11/2019 03:14:00.000000,,,,22.6875,
07/11/2019 03:15:00.000000,,,,0.017197,
07/11/2019 03:16:00.000000,,,,0.033093,
07/11/2019 03:17:00.000000,,,,22.270732,
07/11/2019 03:18:00.000000,,,,0.023404,
07/11/2019 03:19:00.000000,,,,0.020993,
07/11/2019 03:20:00.000000,,,,0.062265,
07/11/2019 03:21:00.000000,,,,0.05634,
07/11/2019 03:22:00.000000,,,,0.030514,
07/11/2019 03:23:00.000000,,,,0.027242,
07/11/2019 03:24:00.000000,,,,31.4,
07/11/2019 03:25:00.000000,,,,19.216129,
07/11/2019 03:26:00.000000,,,,0.018808,
07/11/2019 03:27:00.000000,,,,20.418182,
07/11/2019 03:28:00.000000,,,,0.043125,
07/11/2019 03:29:00.000000,,,,22.05,
07/11/2019 03:30:00.000000,,,,33.825581,
07/11/2019 03:31:00.000000,,,,0.044424,
07/11/2019 03:32:00.000000,,,,31.6125,
07/11/2019 03:33:00.000000,,,,0.061494,
07/11/2019 03:34:00.000000,,,,19.121951,
07/11/2019 03:35:00.000000,,,,0.028883,
07/11/2019 03:36:00.000000,,,,0.025087,
07/11/2019 03:37:00.000000,,,,0.046229,
07/11/2019 03:38:00.000000,,,,29.394737,
07/11/2019 03:39:00.000000,,,,0.030038,
07/11/2019 03:40:00.000000,,,,27.72,
07/11/2019 03:41:00.000000,,,,17.602439,
07/11/2019 03:42:00.000000,,,,0.042819,
07/11/2019 03:43:00.000000,,,,0.036356,
07/11/2019 03:44:00.000000,,,,38.05,
07/11/2019 03:45:00.000000,,,,26.453659,
07/11/2019 03:46:00.000000,,,,36.628571,
07/11/2019 03:47:00.000000,,,,0.055579,
07/11/2019 03:48:00.000000,,,,0.025394,
07/11/2019 03:49:00.000000,,,,35.5,
07/11/2019 03:50:00.000000,,,,26.611364,
07/11/2019 03:51:00.000000,,,,28.6875,
07/11/2019 03:52:00.000000,,,,39.314286,
07/11/2019 03:53:00.000000,,,,37.4125,
07/11/2019 03:54:00.000000,,,,28.15,
07/11/2019 03:55:00.000000,,,,50.4625,
07/11/2019 03:56:00.000000,,,,0.038607,
07/11/2019 03:57:00.000000,,,,34.67561,
07/11/2019 03:58:00.000000,,,,0.033008,
07/11/2019 03:59:00.000000,,,,0.036408,
07/11/2019 04:00:00.000000,,,,0.02921,
07/11/2019 04:01:00.000000,,,,28.539535,
07/11/2019 04:02:00.000000,,,,28.721951,
07/11/2019 04:03:00.000000,,,,0.041656,
07/11/2019 04:04:00.000000,,,,24.65122,
07/11/2019 04:05:00.000000,,,,24.385714,
07/11/2019 04:06:00.000000,,,,17.830769,
07/11/2019 04:07:00.000000,,,,0.012617,
07/11/2019 04:08:00.000000,,,,0.042936,
07/11/2019 04:10:00.000000,,,,23.170732,
07/11/2019 04:11:00.000000,,,,0.024213,
07/11/2019 04:12:00.000000,,,,18.338461,
07/11/2019 04:13:00.000000,,,,20.7,
07/11/2019 04:14:00.000000,,,,0.019167,
07/11/2019 04:15:00.000000,,,,15.73,
07/11/2019 04:16:00.000000,,,,0.041726,
07/11/2019 04:17:00.000000,,,,24.704651,
07/11/2019 04:18:00.000000,,,,0.019479,
07/11/2019 04:19:00.000000,,,,0.022705,
07/11/2019 04:20:00.000000,,,,0.034338,
07/11/2019 04:21:00.000000,,,,0.037876,
07/11/2019 04:22:00.000000,,,,26.636667,
07/11/2019 04:23:00.000000,,,,0.02519,
07/11/2019 04:24:00.000000,,,,0.017427,
07/11/2019 04:25:00.000000,,,,0.019974,
07/11/2019 04:26:00.000000,,,,0.027684,
07/11/2019 04:27:00.000000,,,,0.009207,
07/11/2019 04:28:00.000000,,,,0.03818,
07/11/2019 04:29:00.000000,,,,27.792308,
07/11/2019 04:30:00.000000,,,,17.257143,
07/11/2019 04:31:00.000000,,,,0.037245,
07/11/2019 04:32:00.000000,,,,0.039739,
07/11/2019 04:33:00.000000,,,,0.032777,
07/11/2019 04:34:00.000000,,,,18.942857,
07/11/2019 04:35:00.000000,,,,16.953488,
07/11/2019 04:36:00.000000,,,,0.019184,
07/11/2019 04:37:00.000000,,,,30.266667,
07/11/2019 04:38:00.000000,,,,0.034997,
07/11/2019 04:39:00.000000,,,,28.130769,
07/11/2019 04:40:00.000000,,,,0.039709,
07/11/2019 04:41:00.000000,,,,0.032195,
07/11/2019 04:42:00.000000,,,,26.804878,
07/11/2019 04:43:00.000000,,,,24.432432,
07/11/2019 04:44:00.000000,,,,0.031344,
07/11/2019 04:45:00.000000,,,,14.432558,
07/11/2019 04:46:00.000000,,,,0.034208,
07/11/2019 04:47:00.000000,,,,0.029579,
07/11/2019 04:48:00.000000,,,,0.05125,
07/11/2019 04:49:00.000000,,,,34.316279,
07/11/2019 04:50:00.000000,,,,29.685714,
07/11/2019 04:51:00.000000,,,,17.430769,
07/11/2019 04:52:00.000000,,,,0.020695,
07/11/2019 04:53:00.000000,,,,0.04085,
07/11/2019 04:54:00.000000,,,,0.031551,
07/11/2019 04:55:00.000000,,,,15.627907,
07/11/2019 04:56:00.000000,,,,30.534146,
07/11/2019 04:57:00.000000,,,,37.778049,
07/11/2019 04:58:00.000000,,,,9.034146,
07/11/2019 04:59:00.000000,,,,15.252381,
07/11/2019 05:00:00.000000,,,,0.030816,
07/11/2019 05:01:00.000000,,,,0.043337,
07/11/2019 05:02:00.000000,,,,0.025136,
07/11/2019 05:03:00.000000,,,,12.824324,
07/11/2019 05:04:00.000000,,,,28.725,
07/11/2019 05:05:00.000000,,,,26.871428,
07/11/2019 05:06:00.000000,,,,0.020399,
07/11/2019 05:07:00.000000,,,,21.328571,
07/11/2019 05:08:00.000000,,,,0.026027,
07/11/2019 05:09:00.000000,,,,0.019373,
07/11/2019 05:10:00.000000,,,,26.904762,
07/11/2019 05:11:00.000000,,,,7.928571,
07/11/2019 05:12:00.000000,,,,16.792683,
07/11/2019 05:13:00.000000,,,,0.032246,
07/11/2019 05:14:00.000000,,,,38.209756,
07/11/2019 05:15:00.000000,,,,0.036776,
07/11/2019 05:16:00.000000,,,,0.036784,
07/11/2019 05:17:00.000000,,,,19.763158,
07/11/2019 05:18:00.000000,,,,0.025766,
07/11/2019 05:19:00.000000,,,,0.029296,
07/11/2019 05:20:00.000000,,,,32.64359,
07/11/2019 05:21:00.000000,,,,0.032515,
07/11/2019 05:22:00.000000,,,,23.890625,
07/11/2019 05:23:00.000000,,,,0.027929,
07/11/2019 05:24:00.000000,,,,0.043975,
07/11/2019 05:25:00.000000,,,,0.039296,
07/11/2019 05:26:00.000000,,,,19.5875,
07/11/2019 05:27:00.000000,,,,0.028633,
07/11/2019 05:28:00.000000,,,,0.028095,
07/11/2019 05:29:00.000000,,,,21.325,
07/11/2019 05:30:00.000000,,,,25.15,
07/11/2019 05:31:00.000000,,,,0.032443,
07/11/2019 05:32:00.000000,,,,30.783333,
07/11/2019 05:33:00.000000,,,,0.039689,
07/11/2019 05:34:00.000000,,,,16.688889,
07/11/2019 05:35:00.000000,,,,36.119512,
07/11/2019 05:36:00.000000,,,,0.032381,
07/11/2019 05:37:00.000000,,,,0.02205,
07/11/2019 05:38:00.000000,,,,0.014099,
07/11/2019 05:39:00.000000,,,,0.027049,
07/11/2019 05:40:00.000000,,,,0.02176,
07/11/2019 05:41:00.000000,,,,0.032898,
07/11/2019 05:42:00.000000,,,,20.609756,
07/11/2019 05:43:00.000000,,,,0.025052,
07/11/2019 05:44:00.000000,,,,0.019006,
07/11/2019 05:45:00.000000,,,,18.602326,
07/11/2019 05:46:00.000000,,,,0.048622,
07/11/2019 05:47:00.000000,,,,36.114286,
07/11/2019 05:48:00.000000,,,,0.031419,
07/11/2019 05:49:00.000000,,,,22.326471,
07/11/2019 05:50:00.000000,,,,0.024998,
07/11/2019 05:51:00.000000,,,,0.03086,
07/11/2019 05:52:00.000000,,,,0.015725,
07/11/2019 05:53:00.000000,,,,23.507317,
07/11/2019 05:54:00.000000,,,,0.037601,
07/11/2019 05:55:00.000000,,,,0.033083,
07/11/2019 05:56:00.000000,,,,30.312195,
07/11/2019 05:57:00.000000,,,,17.104167,
07/11/2019 05:58:00.000000,,,,18.471429,
07/11/2019 05:59:00.000000,,,,34.185,
07/11/2019 06:00:00.000000,,,,0.029403,
07/11/2019 06:01:00.000000,,,,27.384211,
07/11/2019 06:02:00.000000,,,,0.0342,
07/11/2019 06:03:00.000000,,,,0.018423,
07/11/2019 06:04:00.000000,,,,25.92,
07/11/2019 06:05:00.000000,,,,20.259459,
07/11/2019 06:06:00.000000,,,,0.019323,
07/11/2019 06:07:00.000000,,,,21.75,
07/11/2019 06:08:00.000000,,,,27.980488,
07/11/2019 06:10:00.000000,,,,20.275676,
07/11/2019 06:11:00.000000,,,,35.775,
07/11/2019 06:12:00.000000,,,,26.142857,
07/11/2019 06:13:00.000000,,,,0.008643,
07/11/2019 06:14:00.000000,,,,17.895,
07/11/2019 06:15:00.000000,,,,23.477778,
07/11/2019 06:16:00.000000,,,,22.242222,
07/11/2019 06:17:00.000000,,,,0.026828,
07/11/2019 06:18:00.000000,,,,0.021452,
07/11/2019 06:19:00.000000,,,,19.025,
07/11/2019 06:20:00.000000,,,,25.066667,
07/11/2019 06:21:00.000000,,,,0.018371,
07/11/2019 06:22:00.000000,,,,0.034748,
07/11/2019 06:23:00.000000,,,,24.395349,
07/11/2019 06:24:00.000000,,,,0.02689,
07/11/2019 06:25:00.000000,,,,0.02119,
07/11/2019 06:26:00.000000,,,,0.039318,
07/11/2019 06:27:00.000000,,,,0.028291,
07/11/2019 06:28:00.000000,,,,28.285366,
07/11/2019 06:30:00.000000,,,,0.033226,
07/11/2019 06:31:00.000000,,,,33.856098,
07/11/2019 06:32:00.000000,,,,38.918182,
07/11/2019 06:33:00.000000,,,,0.03787,
07/11/2019 06:34:00.000000,,,,27.15,
07/11/2019 06:35:00.000000,,,,0.034599,
07/11/2019 06:36:00.000000,,,,0.034851,
07/11/2019 06:37:00.000000,,,,37.782979,
07/11/2019 06:38:00.000000,,,,18.855814,
07/11/2019 06:39:00.000000,,,,0.046971,
07/11/2019 06:40:00.000000,,,,34.009524,
07/11/2019 06:41:00.000000,,,,0.043004,
07/11/2019 06:42:00.000000,,,,43.866667,
07/11/2019 06:43:00.000000,,,,0.030341,
07/11/2019 06:44:00.000000,,,,37.069231,
07/11/2019 06:45:00.000000,,,,19.592683,
07/11/2019 06:46:00.000000,,,,34.628571,
07/11/2019 06:47:00.000000,,,,21.595349,
07/11/2019 06:48:00.000000,,,,0.022659,
07/11/2019 06:50:00.000000,,,,0.019571,
07/11/2019 06:51:00.000000,,,,0.018185,
07/11/2019 06:52:00.000000,,,,37.742857,
07/11/2019 06:53:00.000000,,,,0.01681,
07/11/2019 06:54:00.000000,,,,0.023779,
07/11/2019 06:55:00.000000,,,,23.52,
07/11/2019 06:56:00.000000,,,,17.723077,
07/11/2019 06:57:00.000000,,,,15.504545,
07/11/2019 06:58:00.000000,,,,17.785714,
07/11/2019 06:59:00.000000,,,,15.042857,
07/11/2019 07:00:00.000000,,,,22.575,
07/11/2019 07:01:00.000000,,,,13.451282,
07/11/2019 07:02:00.000000,,,,27.795,
07/11/2019 07:03:00.000000,,,,13.211429,
07/11/2019 07:04:00.000000,,,,0.033453,
07/11/2019 07:05:00.000000,,,,0.026701,
07/11/2019 07:06:00.000000,,,,31.937209,
07/11/2019 07:07:00.000000,,,,15.502439,
07/11/2019 07:08:00.000000,,,,25.175,
07/11/2019 07:10:00.000000,,,,20.230233,
07/11/2019 07:11:00.000000,,,,18.916216,
07/11/2019 07:12:00.000000,,,,42.773171,
07/11/2019 07:13:00.000000,,,,26.761538,
07/11/2019 07:14:00.000000,,,,0.0343,
07/11/2019 07:15:00.000000,,,,23.404878,
07/11/2019 07:16:00.000000,,,,0.027775,
07/11/2019 07:17:00.000000,,,,0.035931,
07/11/2019 07:18:00.000000,,,,14.025581,
07/11/2019 07:19:00.000000,,,,31.267857,
07/11/2019 07:20:00.000000,,,,23.369697,
07/11/2019 07:21:00.000000,,,,0.025276,
07/11/2019 07:22:00.000000,,,,11.94878,
07/11/2019 07:23:00.000000,,,,34.046512,
07/11/2019 07:24:00.000000,,,,21.846154,
07/11/2019 07:25:00.000000,,,,31.529268,
07/11/2019 07:26:00.000000,,,,20.0,
07/11/2019 07:27:00.000000,,,,20.702439,
07/11/2019 07:28:00.000000,,,,0.027516,
07/11/2019 07:30:00.000000,,,,0.030087,
07/11/2019 07:31:00.000000,,,,34.448718,
07/11/2019 07:32:00.000000,,,,0.024822,
07/11/2019 07:33:00.000000,,,,0.033536,
07/11/2019 07:34:00.000000,,,,19.423077,
07/11/2019 07:35:00.000000,,,,24.769231,
07/11/2019 07:36:00.000000,,,,0.02034,
07/11/2019 07:37:00.000000,,,,27.062791,
07/11/2019 07:38:00.000000,,,,0.033474,
07/11/2019 07:39:00.000000,,,,0.045967,
07/11/2019 07:40:00.000000,,,,31.54186,
07/11/2019 07:41:00.000000,,,,19.402564,
07/11/2019 07:42:00.000000,,,,13.876923,
07/11/2019 07:43:00.000000,,,,0.026979,
07/11/2019 07:44:00.000000,,,,21.976923,
07/11/2019 07:45:00.000000,,,,34.955814,
07/11/2019 07:46:00.000000,,,,0.034276,
07/11/2019 07:47:00.000000,,,,32.351163,
07/11/2019 07:48:00.000000,,,,0.037782,
07/11/2019 07:50:00.000000,,,,19.8125,
07/11/2019 07:51:00.000000,,,,0.05129,
07/11/2019 07:52:00.000000,,,,20.92,
07/11/2019 07:53:00.000000,,,,0.033781,
07/11/2019 07:54:00.000000,,,,17.738462,
07/11/2019 07:55:00.000000,,,,0.032812,
07/11/2019 07:56:00.000000,,,,16.407317,
07/11/2019 07:57:00.000000,,,,14.787805,
07/11/2019 07:58:00.000000,,,,0.03347,
07/11/2019 07:59:00.000000,,,,0.044839,
07/11/2019 08:00:00.000000,,,,0.010813,
07/11/2019 08:01:00.000000,,,,24.528571,
07/11/2019 08:02:00.000000,,,,0.035694,
07/11/2019 08:03:00.000000,,,,22.228571,
07/11/2019 08:04:00.000000,,,,32.197561,
07/11/2019 08:05:00.000000,,,,0.031152,
07/11/2019 08:06:00.000000,,,,23.0875,
07/11/2019 08:07:00.000000,,,,0.018537,
07/11/2019 08:08:00.000000,,,,28.646341,
07/11/2019 08:09:00.000000,,,,0.032212,
07/11/2019 08:10:00.000000,,,,0.027749,
07/11/2019 08:11:00.000000,,,,28.936364,
07/11/2019 08:12:00.000000,,,,34.804878,
07/11/2019 08:13:00.000000,,,,0.048679,
07/11/2019 08:14:00.000000,,,,20.257143,
07/11/2019 08:15:00.000000,,,,25.805128,
07/11/2019 08:16:00.000000,,,,22.607143,
07/11/2019 08:17:00.000000,,,,0.047177,
07/11/2019 08:18:00.000000,,,,0.054767,
07/11/2019 08:19:00.000000,,,,0.030968,
07/11/2019 08:20:00.000000,,,,0.038939,
07/11/2019 08:21:00.000000,,,,0.030701,
07/11/2019 08:22:00.000000,,,,0.038692,
07/11/2019 08:23:00.000000,,,,21.463636,
07/11/2019 08:24:00.000000,,,,15.497674,
07/11/2019 08:25:00.000000,,,,0.035236,
07/11/2019 08:26:00.000000,,,,0.029538,
07/11/2019 08:27:00.000000,,,,0.025147,
07/11/2019 08:28:00.000000,,,,8.941026,
07/11/2019 08:30:00.000000,,,,16.885366,
07/11/2019 08:31:00.000000,,,,0.045511,
07/11/2019 08:32:00.000000,,,,20.372093,
07/11/2019 08:33:00.000000,,,,0.023964,
07/11/2019 08:34:00.000000,,,,0.023398,
07/11/2019 08:35:00.000000,,,,0.034074,
07/11/2019 08:36:00.000000,,,,0.03211,
07/11/2019 08:37:00.000000,,,,0.049604,
07/11/2019 08:38:00.000000,,,,0.019881,
07/11/2019 08:39:00.000000,,,,0.019295,
07/11/2019 08:40:00.000000,,,,26.3,
07/11/2019 08:41:00.000000,,,,16.88,
07/11/2019 08:42:00.000000,,,,0.02348,
07/11/2019 08:43:00.000000,,,,0.023717,
07/11/2019 08:44:00.000000,,,,0.025959,
07/11/2019 08:45:00.000000,,,,0.029333,
07/11/2019 08:46:00.000000,,,,0.021475,
07/11/2019 08:47:00.000000,,,,29.652273,
07/11/2019 08:48:00.000000,,,,0.028185,
07/11/2019 08:49:00.000000,,,,0.022382,
07/11/2019 08:50:00.000000,,,,0.022279,
07/11/2019 08:51:00.000000,,,,0.040049,
07/11/2019 08:52:00.000000,,,,0.033187,
07/11/2019 08:53:00.000000,,,,17.958536,
07/11/2019 08:54:00.000000,,,,0.015397,
07/11/2019 08:55:00.000000,,,,0.022371,
07/11/2019 08:56:00.000000,,,,0.025422,
07/11/2019 08:57:00.000000,,,,15.686667,
07/11/2019 08:58:00.000000,,,,14.376923,
07/11/2019 08:59:00.000000,,,,0.036947,
07/11/2019 09:00:00.000000,,,,0.021529,
07/11/2019 09:01:00.000000,,,,19.152632,
07/11/2019 09:02:00.000000,,,,0.035745,
07/11/2019 09:03:00.000000,,,,11.265854,
07/11/2019 09:04:00.000000,,,,18.143902,
07/11/2019 09:05:00.000000,,,,0.018366,
07/11/2019 09:06:00.000000,,,,0.015387,
07/11/2019 09:07:00.000000,,,,20.577273,
07/11/2019 09:08:00.000000,,,,0.020523,
07/11/2019 09:10:00.000000,,,,0.020769,
07/11/2019 09:11:00.000000,,,,0.026398,
07/11/2019 09:12:00.000000,,,,16.913636,
07/11/2019 09:13:00.000000,,,,21.4,
07/11/2019 09:14:00.000000,,,,0.025422,
07/11/2019 09:15:00.000000,,,,28.178049,
07/11/2019 09:16:00.000000,,,,0.018602,
07/11/2019 09:17:00.000000,,,,0.020173,
07/11/2019 09:18:00.000000,,,,0.022721,
07/11/2019 09:19:00.000000,,,,0.024405,
07/11/2019 09:20:00.000000,,,,27.175,
07/11/2019 09:21:00.000000,,,,24.5,
07/11/2019 09:22:00.000000,,,,0.046561,
07/11/2019 09:23:00.000000,,,,0.022926,
07/11/2019 09:24:00.000000,,,,0.028216,
07/11/2019 09:25:00.000000,,,,16.15,
07/11/2019 09:26:00.000000,,,,30.568571,
07/11/2019 09:27:00.000000,,,,0.02067,
07/11/2019 09:28:00.000000,,,,0.023419,
07/11/2019 09:29:00.000000,,,,14.845,
07/11/2019 09:30:00.000000,,,,0.023091,
07/11/2019 09:31:00.000000,,,,0.027584,
07/11/2019 09:32:00.000000,,,,15.305,
07/11/2019 09:33:00.000000,,,,0.02186,
07/11/2019 09:34:00.000000,,,,48.036585,
07/11/2019 09:35:00.000000,,,,0.028128,
07/11/2019 09:36:00.000000,,,,12.12973,
07/11/2019 09:37:00.000000,,,,0.021316,
07/11/2019 09:38:00.000000,,,,0.038171,
07/11/2019 09:39:00.000000,,,,0.023163,
07/11/2019 09:40:00.000000,,,,21.55122,
07/11/2019 09:41:00.000000,,,,24.044186,
07/11/2019 09:42:00.000000,,,,0.030005,
07/11/2019 09:43:00.000000,,,,0.016044,
07/11/2019 09:44:00.000000,,,,0.017818,
07/11/2019 09:45:00.000000,,,,0.018772,
07/11/2019 09:46:00.000000,,,,0.02501,
07/11/2019 09:47:00.000000,,,,17.788372,
07/11/2019 09:48:00.000000,,,,0.018789,
07/11/2019 09:49:00.000000,,,,14.525641,
07/11/2019 09:50:00.000000,,,,15.857143,
07/11/2019 09:51:00.000000,,,,0.016412,
07/11/2019 09:52:00.000000,,,,0.018809,
07/11/2019 09:53:00.000000,,,,26.02381,
07/11/2019 09:54:00.000000,,,,16.464706,
07/11/2019 09:55:00.000000,,,,16.43,
07/11/2019 09:56:00.000000,,,,14.262857,
07/11/2019 09:57:00.000000,,,,0.014752,
07/11/2019 09:58:00.000000,,,,13.363415,
07/11/2019 09:59:00.000000,,,,19.145,
07/11/2019 10:00:00.000000,,,,0.017068,
07/11/2019 10:01:00.000000,,,,19.9,
07/11/2019 10:02:00.000000,,,,0.019803,
07/11/2019 10:03:00.000000,,,,12.280488,
07/11/2019 10:04:00.000000,,,,0.01371,
07/11/2019 10:05:00.000000,,,,0.038501,
07/11/2019 10:06:00.000000,,,,0.0106,
07/11/2019 10:07:00.000000,,,,14.830303,
07/11/2019 10:08:00.000000,,,,27.853125,
07/11/2019 10:10:00.000000,,,,15.536111,
07/11/2019 10:11:00.000000,,,,16.707143,
07/11/2019 10:12:00.000000,,,,0.01815,
07/11/2019 10:13:00.000000,,,,16.4,
07/11/2019 10:14:00.000000,,,,13.315,
07/11/2019 10:15:00.000000,,,,0.029237,
07/11/2019 10:16:00.000000,,,,28.453846,
07/11/2019 10:17:00.000000,,,,16.258974,
07/11/2019 10:18:00.000000,,,,0.036297,
07/11/2019 10:19:00.000000,,,,18.436585,
07/11/2019 10:20:00.000000,,,,20.071429,
07/11/2019 10:21:00.000000,,,,14.378049,
07/11/2019 10:22:00.000000,,,,13.9375,
07/11/2019 10:23:00.000000,,,,27.606667,
07/11/2019 10:24:00.000000,,,,0.022426,
07/11/2019 10:25:00.000000,,,,0.011925,
07/11/2019 10:26:00.000000,,,,20.212821,
07/11/2019 10:27:00.000000,,,,0.019916,
07/11/2019 10:28:00.000000,,,,0.008821,
07/11/2019 10:30:00.000000,,,,9.473171,
07/11/2019 10:31:00.000000,,,,6.863415,
07/11/2019 10:32:00.000000,,,,0.018256,
07/11/2019 10:33:00.000000,,,,17.875,
07/11/2019 10:34:00.000000,,,,15.895122,
07/11/2019 10:35:00.000000,,,,17.909302,
07/11/2019 10:36:00.000000,,,,15.9875,
07/11/2019 10:37:00.000000,,,,0.018657,
07/11/2019 10:38:00.000000,,,,0.023778,
07/11/2019 10:39:00.000000,,,,18.835135,
07/11/2019 10:40:00.000000,,,,16.214286,
07/11/2019 10:41:00.000000,,,,20.030769,
07/11/2019 10:42:00.000000,,,,0.014997,
07/11/2019 10:43:00.000000,,,,14.035,
07/11/2019 10:44:00.000000,,,,7.471429,
07/11/2019 10:45:00.000000,,,,0.007529,
07/11/2019 10:46:00.000000,,,,14.55122,
07/11/2019 10:47:00.000000,,,,9.583333,
07/11/2019 10:48:00.000000,,,,0.025902,
07/11/2019 10:49:00.000000,,,,26.86,
07/11/2019 10:50:00.000000,,,,0.075397,
07/11/2019 10:51:00.000000,,,,14.50625,
07/11/2019 10:52:00.000000,,,,0.010012,
07/11/2019 10:53:00.000000,,,,21.3,
07/11/2019 10:54:00.000000,,,,0.015428,
07/11/2019 10:55:00.000000,,,,7.757143,
07/11/2019 10:56:00.000000,,,,20.688235,
07/11/2019 10:57:00.000000,,,,0.020219,
07/11/2019 10:58:00.000000,,,,17.133333,
07/11/2019 10:59:00.000000,,,,23.360976,
07/11/2019 11:00:00.000000,,,,0.033828,
07/11/2019 11:01:00.000000,,,,0.022006,
07/11/2019 11:02:00.000000,,,,0.026759,
07/11/2019 11:03:00.000000,,,,0.018164,
07/11/2019 11:04:00.000000,,,,15.85,
07/11/2019 11:05:00.000000,,,,0.025991,
07/11/2019 11:06:00.000000,,,,0.022272,
07/11/2019 11:07:00.000000,,,,21.129268,
07/11/2019 11:08:00.000000,,,,25.91875,
07/11/2019 11:09:00.000000,,,,16.744444,
07/11/2019 11:10:00.000000,,,,0.017969,
07/11/2019 11:11:00.000000,,,,19.914286,
07/11/2019 11:12:00.000000,,,,13.594737,
07/11/2019 11:13:00.000000,,,,8.753488,
07/11/2019 11:14:00.000000,,,,15.928571,
07/11/2019 11:15:00.000000,,,,0.015377,
07/11/2019 11:16:00.000000,,,,27.970968,
07/11/2019 11:17:00.000000,,,,14.854545,
07/11/2019 11:18:00.000000,,,,0.025079,
07/11/2019 11:19:00.000000,,,,15.878947,
07/11/2019 11:20:00.000000,,,,0.017477,
07/11/2019 11:21:00.000000,,,,0.024473,
07/11/2019 11:22:00.000000,,,,0.026929,
07/11/2019 11:23:00.000000,,,,25.87561,
07/11/2019 11:24:00.000000,,,,0.018345,
07/11/2019 11:25:00.000000,,,,20.955814,
07/11/2019 11:26:00.000000,,,,0.022632,
07/11/2019 11:27:00.000000,,,,27.776923,
07/11/2019 11:28:00.000000,,,,0.021895,
07/11/2019 11:29:00.000000,,,,0.011398,
07/11/2019 11:30:00.000000,,,,0.014048,
07/11/2019 11:31:00.000000,,,,11.613953,
07/11/2019 11:32:00.000000,,,,0.020657,
07/11/2019 11:33:00.000000,,,,0.022028,
07/11/2019 11:34:00.000000,,,,0.01062,
07/11/2019 11:35:00.000000,,,,0.029835,
07/11/2019 11:36:00.000000,,,,0.03494,
07/11/2019 11:37:00.000000,,,,18.271739,
07/11/2019 11:38:00.000000,,,,0.018509,
07/11/2019 11:39:00.000000,,,,25.505405,
07/11/2019 11:40:00.000000,,,,0.033927,
07/11/2019 11:41:00.000000,,,,0.014099,
07/11/2019 11:42:00.000000,,,,0.029309,
07/11/2019 11:43:00.000000,,,,0.015982,
07/11/2019 11:44:00.000000,,,,23.860465,
07/11/2019 11:45:00.000000,,,,0.023829,
07/11/2019 11:46:00.000000,,,,0.02052,
07/11/2019 11:47:00.000000,,,,18.24359,
07/11/2019 11:48:00.000000,,,,14.666667,
07/11/2019 11:49:00.000000,,,,19.284615,
07/11/2019 11:50:00.000000,,,,14.035,
07/11/2019 11:51:00.000000,,,,12.819512,
07/11/2019 11:52:00.000000,,,,0.021934,
07/11/2019 11:53:00.000000,,,,0.029484,
07/11/2019 11:54:00.000000,,,,17.47561,
07/11/2019 11:55:00.000000,,,,0.017557,
07/11/2019 11:56:00.000000,,,,0.015286,
07/11/2019 11:57:00.000000,,,,32.297619,
07/11/2019 11:58:00.000000,,,,26.84,
07/11/2019 11:59:00.000000,,,,0.022632,
07/11/2019 12:00:00.000000,,,,25.79,
07/11/2019 12:01:00.000000,,,,0.032157,
07/11/2019 12:02:00.000000,,,,23.985714,
07/11/2019 12:03:00.000000,,,,9.072093,
07/11/2019 12:04:00.000000,,,,12.7375,
07/11/2019 12:05:00.000000,,,,15.268293,
07/11/2019 12:06:00.000000,,,,0.034582,
07/11/2019 12:07:00.000000,,,,23.521622,
07/11/2019 12:08:00.000000,,,,22.4,
07/11/2019 12:09:00.000000,,,,0.019643,
07/11/2019 12:10:00.000000,,,,0.018994,
07/11/2019 12:11:00.000000,,,,0.023481,
07/11/2019 12:12:00.000000,,,,9.302326,
07/11/2019 12:13:00.000000,,,,12.721951,
07/11/2019 12:14:00.000000,,,,0.026042,
07/11/2019 12:15:00.000000,,,,0.031185,
07/11/2019 12:16:00.000000,,,,16.385714,
07/11/2019 12:17:00.000000,,,,0.037107,
07/11/2019 12:18:00.000000,,,,17.094737,
07/11/2019 12:19:00.000000,,,,0.012601,
07/11/2019 12:20:00.000000,,,,0.008216,
07/11/2019 12:21:00.000000,,,,22.635,
07/11/2019 12:22:00.000000,,,,0.029095,
07/11/2019 12:23:00.000000,,,,13.721429,
07/11/2019 12:24:00.000000,,,,0.027302,
07/11/2019 12:25:00.000000,,,,25.044186,
07/11/2019 12:26:00.000000,,,,15.615789,
07/11/2019 12:27:00.000000,,,,21.216667,
07/11/2019 12:28:00.000000,,,,0.032231,
07/11/2019 12:29:00.000000,,,,19.525641,
07/11/2019 12:30:00.000000,,,,24.507692,
07/11/2019 12:31:00.000000,,,,0.036978,
07/11/2019 12:32:00.000000,,,,0.022242,
07/11/2019 12:33:00.000000,,,,25.655,
07/11/2019 12:34:00.000000,,,,31.831579,
07/11/2019 12:35:00.000000,,,,24.039535,
07/11/2019 12:36:00.000000,,,,0.044386,
07/11/2019 12:37:00.000000,,,,0.030102,
07/11/2019 12:38:00.000000,,,,0.024735,
07/11/2019 12:39:00.000000,,,,0.021778,
07/11/2019 12:40:00.000000,,,,16.475,
07/11/2019 12:41:00.000000,,,,14.076744,
07/11/2019 12:42:00.000000,,,,0.019556,
07/11/2019 12:43:00.000000,,,,0.017181,
07/11/2019 12:44:00.000000,,,,12.871429,
07/11/2019 12:45:00.000000,,,,0.027562,
07/11/2019 12:46:00.000000,,,,0.026384,
07/11/2019 12:47:00.000000,,,,0.02074,
07/11/2019 12:48:00.000000,,,,29.121053,
07/11/2019 12:49:00.000000,,,,0.03708,
07/11/2019 12:50:00.000000,,,,0.031056,
07/11/2019 12:51:00.000000,,,,0.033909,
07/11/2019 12:52:00.000000,,,,24.467442,
07/11/2019 12:53:00.000000,,,,0.019342,
07/11/2019 12:54:00.000000,,,,28.214286,
07/11/2019 12:55:00.000000,,,,0.01014,
07/11/2019 12:56:00.000000,,,,10.52,
07/11/2019 12:57:00.000000,,,,16.4,
07/11/2019 12:58:00.000000,,,,0.032651,
07/11/2019 12:59:00.000000,,,,0.020031,
07/11/2019 13:00:00.000000,,,,0.028878,
07/11/2019 13:01:00.000000,,,,35.985714,
07/11/2019 13:02:00.000000,,,,0.043615,
07/11/2019 13:03:00.000000,,,,20.252381,
07/11/2019 13:04:00.000000,,,,0.027508,
07/11/2019 13:05:00.000000,,,,0.025305,
07/11/2019 13:06:00.000000,,,,18.4,
07/11/2019 13:07:00.000000,,,,24.651163,
07/11/2019 13:08:00.000000,,,,18.165116,
07/11/2019 13:10:00.000000,,,,23.292308,
07/11/2019 13:11:00.000000,,,,19.245,
07/11/2019 13:12:00.000000,,,,30.906061,
07/11/2019 13:13:00.000000,,,,26.247368,
07/11/2019 13:14:00.000000,,,,22.976744,
07/11/2019 13:15:00.000000,,,,34.67,
07/11/2019 13:16:00.000000,,,,36.8,
07/11/2019 13:17:00.000000,,,,0.039844,
07/11/2019 13:18:00.000000,,,,17.918605,
07/11/2019 13:19:00.000000,,,,0.019414,
07/11/2019 13:20:00.000000,,,,0.03149,
07/11/2019 13:21:00.000000,,,,0.037833,
07/11/2019 13:22:00.000000,,,,24.8,
07/11/2019 13:23:00.000000,,,,25.55,
07/11/2019 13:24:00.000000,,,,17.067647,
07/11/2019 13:25:00.000000,,,,47.995,
07/11/2019 13:26:00.000000,,,,0.033138,
07/11/2019 13:27:00.000000,,,,33.504878,
07/11/2019 13:28:00.000000,,,,32.825,
07/11/2019 13:30:00.000000,,,,0.037522,
07/11/2019 13:31:00.000000,,,,0.03803,
07/11/2019 13:32:00.000000,,,,35.575,
07/11/2019 13:33:00.000000,,,,0.028961,
07/11/2019 13:34:00.000000,,,,0.024296,
07/11/2019 13:35:00.000000,,,,9.052632,
07/11/2019 13:36:00.000000,,,,22.5,
07/11/2019 13:37:00.000000,,,,18.684211,
07/11/2019 13:38:00.000000,,,,22.940909,
07/11/2019 13:39:00.000000,,,,0.043746,
07/11/2019 13:40:00.000000,,,,0.029724,
07/11/2019 13:41:00.000000,,,,28.032353,
07/11/2019 13:42:00.000000,,,,0.049923,
07/11/2019 13:43:00.000000,,,,31.927273,
07/11/2019 13:44:00.000000,,,,0.037108,
07/11/2019 13:45:00.000000,,,,17.434884,
07/11/2019 13:46:00.000000,,,,33.876316,
07/11/2019 13:47:00.000000,,,,0.040712,
07/11/2019 13:48:00.000000,,,,0.019744,
07/11/2019 13:50:00.000000,,,,27.2375,
07/11/2019 13:51:00.000000,,,,26.439535,
07/11/2019 13:52:00.000000,,,,0.040839,
07/11/2019 13:53:00.000000,,,,0.035939,
07/11/2019 13:54:00.000000,,,,0.050637,
07/11/2019 13:55:00.000000,,,,0.044895,
07/11/2019 13:56:00.000000,,,,0.036894,
07/11/2019 13:57:00.000000,,,,0.044269,
07/11/2019 13:58:00.000000,,,,0.035734,
07/11/2019 13:59:00.000000,,,,0.037422,
07/11/2019 14:00:00.000000,,,,0.041449,
07/11/2019 14:01:00.000000,,,,32.702439,
07/11/2019 14:02:00.000000,,,,35.497561,
07/11/2019 14:03:00.000000,,,,27.342105,
07/11/2019 14:04:00.000000,,,,0.025448,
07/11/2019 14:05:00.000000,,,,47.96,
07/11/2019 14:06:00.000000,,,,0.052911,
07/11/2019 14:07:00.000000,,,,0.072562,
07/11/2019 14:08:00.000000,,,,42.857143,
07/11/2019 14:09:00.000000,,,,24.3875,
07/11/2019 14:10:00.000000,,,,18.365909,
07/11/2019 14:11:00.000000,,,,20.119512,
07/11/2019 14:12:00.000000,,,,0.026353,
07/11/2019 14:13:00.000000,,,,14.678049,
07/11/2019 14:14:00.000000,,,,27.807143,
07/11/2019 14:15:00.000000,,,,34.776923,
07/11/2019 14:16:00.000000,,,,18.961905,
07/11/2019 14:17:00.000000,,,,0.014145,
07/11/2019 14:18:00.000000,,,,27.527907,
07/11/2019 14:19:00.000000,,,,12.885714,
07/11/2019 14:20:00.000000,,,,0.026431,
07/11/2019 14:21:00.000000,,,,0.032124,
07/11/2019 14:22:00.000000,,,,24.74,
07/11/2019 14:23:00.000000,,,,0.037245,
07/11/2019 14:24:00.000000,,,,25.477273,
07/11/2019 14:25:00.000000,,,,22.329268,
07/11/2019 14:26:00.000000,,,,21.573171,
07/11/2019 14:27:00.000000,,,,13.483333,
07/11/2019 14:28:00.000000,,,,0.031572,
07/11/2019 14:29:00.000000,,,,0.036221,
07/11/2019 14:30:00.000000,,,,0.037679,
07/11/2019 14:31:00.000000,,,,18.753333,
07/11/2019 14:32:00.000000,,,,31.915,
07/11/2019 14:33:00.000000,,,,26.639024,
07/11/2019 14:34:00.000000,,,,55.428571,
07/11/2019 14:35:00.000000,,,,31.61,
07/11/2019 14:36:00.000000,,,,0.036101,
07/11/2019 14:37:00.000000,,,,27.897674,
07/11/2019 14:38:00.000000,,,,8.572093,
07/11/2019 14:39:00.000000,,,,0.022719,
07/11/2019 14:40:00.000000,,,,0.026961,
07/11/2019 14:41:00.000000,,,,0.029242,
07/11/2019 14:42:00.000000,,,,25.647368,
07/11/2019 14:43:00.000000,,,,13.174419,
07/11/2019 14:44:00.000000,,,,0.022086,
07/11/2019 14:45:00.000000,,,,35.238095,
07/11/2019 14:46:00.000000,,,,30.728571,
07/11/2019 14:47:00.000000,,,,0.033933,
07/11/2019 14:48:00.000000,,,,0.029985,
07/11/2019 14:49:00.000000,,,,29.385366,
07/11/2019 14:50:00.000000,,,,0.029602,
07/11/2019 14:51:00.000000,,,,0.024605,
07/11/2019 14:52:00.000000,,,,0.034447,
07/11/2019 14:53:00.000000,,,,19.707692,
07/11/2019 14:54:00.000000,,,,25.795,
07/11/2019 14:55:00.000000,,,,0.028341,
07/11/2019 14:56:00.000000,,,,0.120028,
07/11/2019 14:57:00.000000,,,,0.033536,
07/11/2019 14:58:00.000000,,,,0.033494,
07/11/2019 14:59:00.000000,,,,17.559091,
07/11/2019 15:00:00.000000,,,,0.032642,
07/11/2019 15:01:00.000000,,,,0.039562,
07/11/2019 15:02:00.000000,,,,15.942105,
07/11/2019 15:03:00.000000,,,,0.020382,
07/11/2019 15:04:00.000000,,,,9.571429,
07/11/2019 15:05:00.000000,,,,0.03764,
07/11/2019 15:06:00.000000,,,,17.375,
07/11/2019 15:07:00.000000,,,,29.158621,
07/11/2019 15:08:00.000000,,,,0.035691,
07/11/2019 15:09:00.000000,,,,12.3625,
07/11/2019 15:10:00.000000,,,,0.022136,
07/11/2019 15:11:00.000000,,,,21.783333,
07/11/2019 15:12:00.000000,,,,0.025044,
07/11/2019 15:13:00.000000,,,,27.292683,
07/11/2019 15:14:00.000000,,,,0.021512,
07/11/2019 15:15:00.000000,,,,16.236842,
07/11/2019 15:16:00.000000,,,,0.027978,
07/11/2019 15:17:00.000000,,,,30.790244,
07/11/2019 15:18:00.000000,,,,19.895455,
07/11/2019 15:19:00.000000,,,,0.049475,
07/11/2019 15:20:00.000000,,,,0.032771,
07/11/2019 15:21:00.000000,,,,29.397619,
07/11/2019 15:22:00.000000,,,,21.502273,
07/11/2019 15:23:00.000000,,,,46.457143,
07/11/2019 15:24:00.000000,,,,0.047566,
07/11/2019 15:25:00.000000,,,,56.05,
07/11/2019 15:26:00.000000,,,,42.124324,
07/11/2019 15:27:00.000000,,,,34.875676,
07/11/2019 15:28:00.000000,,,,35.937209,
07/11/2019 15:29:00.000000,,,,0.030876,
07/11/2019 15:30:00.000000,,,,26.409756,
07/11/2019 15:31:00.000000,,,,0.044975,
07/11/2019 15:32:00.000000,,,,0.028416,
07/11/2019 15:33:00.000000,,,,21.125581,
07/11/2019 15:34:00.000000,,,,32.634884,
07/11/2019 15:35:00.000000,,,,0.041856,
07/11/2019 15:36:00.000000,,,,52.431707,
07/11/2019 15:37:00.000000,,,,0.05282,
07/11/2019 15:38:00.000000,,,,42.885714,
07/11/2019 15:39:00.000000,,,,32.431707,
07/11/2019 15:40:00.000000,,,,0.07647,
07/11/2019 15:41:00.000000,,,,53.725,
07/11/2019 15:42:00.000000,,,,30.085,
07/11/2019 15:43:00.000000,,,,0.031013,
07/11/2019 15:44:00.000000,,,,0.067955,
07/11/2019 15:45:00.000000,,,,42.028571,
07/11/2019 15:46:00.000000,,,,40.802326,
07/11/2019 15:47:00.000000,,,,29.555814,
07/11/2019 15:48:00.000000,,,,0.071644,
07/11/2019 15:49:00.000000,,,,42.389474,
07/11/2019 15:50:00.000000,,,,0.057722,
07/11/2019 15:51:00.000000,,,,0.074152,
07/11/2019 15:52:00.000000,,,,0.066701,
07/11/2019 15:53:00.000000,,,,41.14,
07/11/2019 15:54:00.000000,,,,0.031759,
07/11/2019 15:55:00.000000,,,,30.0,
07/11/2019 15:56:00.000000,,,,20.55,
07/11/2019 15:57:00.000000,,,,24.113333,
07/11/2019 15:58:00.000000,,,,0.037031,
07/11/2019 15:59:00.000000,,,,16.695349,
07/11/2019 16:00:00.000000,,,,0.032535,
07/11/2019 16:01:00.000000,,,,0.034713,
07/11/2019 16:02:00.000000,,,,0.057007,
07/11/2019 16:03:00.000000,,,,0.036761,
07/11/2019 16:04:00.000000,,,,0.034195,
07/11/2019 16:05:00.000000,,,,28.308108,
07/11/2019 16:06:00.000000,,,,0.042973,
07/11/2019 16:07:00.000000,,,,0.023101,
07/11/2019 16:08:00.000000,,,,0.027326,
07/11/2019 16:09:00.000000,,,,0.030093,
07/11/2019 16:10:00.000000,,,,0.072944,
07/11/2019 16:11:00.000000,,,,0.036138,
07/11/2019 16:12:00.000000,,,,0.062043,
07/11/2019 16:13:00.000000,,,,38.306667,
07/11/2019 16:14:00.000000,,,,0.056883,
07/11/2019 16:15:00.000000,,,,39.022727,
07/11/2019 16:16:00.000000,,,,0.044902,
07/11/2019 16:17:00.000000,,,,25.428571,
07/11/2019 16:18:00.000000,,,,27.972727,
07/11/2019 16:19:00.000000,,,,23.916279,
07/11/2019 16:20:00.000000,,,,0.026617,
07/11/2019 16:21:00.000000,,,,31.914286,
07/11/2019 16:22:00.000000,,,,0.025375,
07/11/2019 16:23:00.000000,,,,0.035383,
07/11/2019 16:24:00.000000,,,,30.428571,
07/11/2019 16:25:00.000000,,,,0.033457,
07/11/2019 16:26:00.000000,,,,0.031661,
07/11/2019 16:27:00.000000,,,,0.036569,
07/11/2019 16:28:00.000000,,,,41.077273,
07/11/2019 16:30:00.000000,,,,0.02767,
07/11/2019 16:31:00.000000,,,,0.02503,
07/11/2019 16:32:00.000000,,,,0.042804,
07/11/2019 16:33:00.000000,,,,26.857895,
07/11/2019 16:34:00.000000,,,,0.036263,
07/11/2019 16:35:00.000000,,,,20.284211,
07/11/2019 16:36:00.000000,,,,22.258536,
07/11/2019 16:37:00.000000,,,,35.805,
07/11/2019 16:38:00.000000,,,,41.6,
07/11/2019 16:39:00.000000,,,,0.033567,
07/11/2019 16:40:00.000000,,,,51.08,
07/11/2019 16:41:00.000000,,,,24.819512,
07/11/2019 16:42:00.000000,,,,0.037626,
07/11/2019 16:43:00.000000,,,,36.72439,
07/11/2019 16:44:00.000000,,,,0.051396,
07/11/2019 16:45:00.000000,,,,0.047561,
07/11/2019 16:46:00.000000,,,,51.845454,
07/11/2019 16:47:00.000000,,,,0.02506,
07/11/2019 16:48:00.000000,,,,0.045836,
07/11/2019 16:49:00.000000,,,,0.02281,
07/11/2019 16:50:00.000000,,,,0.029129,
07/11/2019 16:51:00.000000,,,,14.839535,
07/11/2019 16:52:00.000000,,,,22.209302,
07/11/2019 16:53:00.000000,,,,15.890244,
07/11/2019 16:54:00.000000,,,,0.033044,
07/11/2019 16:55:00.000000,,,,0.037004,
07/11/2019 16:56:00.000000,,,,17.009756,
07/11/2019 16:57:00.000000,,,,10.428571,
07/11/2019 16:58:00.000000,,,,24.153846,
07/11/2019 16:59:00.000000,,,,18.779487,
07/11/2019 17:00:00.000000,,,,43.326829,
07/11/2019 17:01:00.000000,,,,28.068889,
07/11/2019 17:02:00.000000,,,,0.029552,
07/11/2019 17:03:00.000000,,,,0.044735,
07/11/2019 17:04:00.000000,,,,23.314286,
07/11/2019 17:05:00.000000,,,,0.019302,
07/11/2019 17:06:00.000000,,,,29.6,
07/11/2019 17:07:00.000000,,,,0.024575,
07/11/2019 17:08:00.000000,,,,30.486486,
07/11/2019 17:10:00.000000,,,,14.427907,
07/11/2019 17:11:00.000000,,,,32.945,
07/11/2019 17:12:00.000000,,,,0.039179,
07/11/2019 17:13:00.000000,,,,26.156098,
07/11/2019 17:14:00.000000,,,,0.018955,
07/11/2019 17:15:00.000000,,,,0.028057,
07/11/2019 17:16:00.000000,,,,33.085714,
07/11/2019 17:17:00.000000,,,,0.036734,
07/11/2019 17:18:00.000000,,,,12.355814,
07/11/2019 17:19:00.000000,,,,27.625581,
07/11/2019 17:20:00.000000,,,,0.041699,
07/11/2019 17:21:00.000000,,,,0.033795,
07/11/2019 17:22:00.000000,,,,20.4,
07/11/2019 17:23:00.000000,,,,20.805,
07/11/2019 17:24:00.000000,,,,0.029795,
07/11/2019 17:25:00.000000,,,,21.046154,
07/11/2019 17:26:00.000000,,,,0.044057,
07/11/2019 17:27:00.000000,,,,48.095122,
07/11/2019 17:28:00.000000,,,,0.042596,
07/11/2019 17:29:00.000000,,,,18.272093,
07/11/2019 17:30:00.000000,,,,0.039859,
07/11/2019 17:31:00.000000,,,,0.041683,
07/11/2019 17:32:00.000000,,,,21.392857,
07/11/2019 17:33:00.000000,,,,0.034646,
07/11/2019 17:34:00.000000,,,,0.040815,
07/11/2019 17:35:00.000000,,,,17.428571,
07/11/2019 17:36:00.000000,,,,0.036537,
07/11/2019 17:37:00.000000,,,,25.193182,
07/11/2019 17:38:00.000000,,,,20.914634,
07/11/2019 17:39:00.000000,,,,0.020592,
07/11/2019 17:40:00.000000,,,,0.040272,
07/11/2019 17:41:00.000000,,,,17.839535,
07/11/2019 17:42:00.000000,,,,15.346512,
07/11/2019 17:43:00.000000,,,,0.030611,
07/11/2019 17:44:00.000000,,,,18.738095,
07/11/2019 17:45:00.000000,,,,0.018703,
07/11/2019 17:46:00.000000,,,,0.022335,
07/11/2019 17:47:00.000000,,,,34.628571,
07/11/2019 17:48:00.000000,,,,0.032227,
07/11/2019 17:49:00.000000,,,,23.16,
07/11/2019 17:50:00.000000,,,,0.047546,
07/11/2019 17:51:00.000000,,,,25.257143,
07/11/2019 17:52:00.000000,,,,28.306977,
07/11/2019 17:53:00.000000,,,,27.3,
07/11/2019 17:54:00.000000,,,,59.066667,
07/11/2019 17:55:00.000000,,,,0.044508,
07/11/2019 17:56:00.000000,,,,0.028329,
07/11/2019 17:57:00.000000,,,,19.8375,
07/11/2019 17:58:00.000000,,,,19.105,
07/11/2019 17:59:00.000000,,,,14.385714,
07/11/2019 18:00:00.000000,,,,30.014286,
07/11/2019 18:01:00.000000,,,,17.483721,
07/11/2019 18:02:00.000000,,,,14.402439,
07/11/2019 18:03:00.000000,,,,0.019785,
07/11/2019 18:04:00.000000,,,,36.568421,
07/11/2019 18:05:00.000000,,,,40.45,
07/11/2019 18:06:00.000000,,,,0.037725,
07/11/2019 18:07:00.000000,,,,8.770732,
07/11/2019 18:08:00.000000,,,,17.380952,
07/11/2019 18:10:00.000000,,,,27.675,
07/11/2019 18:11:00.000000,,,,36.495238,
07/11/2019 18:12:00.000000,,,,0.037168,
07/11/2019 18:13:00.000000,,,,40.647619,
07/11/2019 18:14:00.000000,,,,30.960976,
07/11/2019 18:15:00.000000,,,,0.036009,
07/11/2019 18:16:00.000000,,,,32.836842,
07/11/2019 18:17:00.000000,,,,0.050823,
07/11/2019 18:18:00.000000,,,,0.036212,
07/11/2019 18:19:00.000000,,,,28.115217,
07/11/2019 18:20:00.000000,,,,32.606977,
07/11/2019 18:21:00.000000,,,,28.595238,
07/11/2019 18:22:00.000000,,,,0.043441,
07/11/2019 18:23:00.000000,,,,25.279487,
07/11/2019 18:24:00.000000,,,,0.046294,
07/11/2019 18:25:00.000000,,,,37.023077,
07/11/2019 18:26:00.000000,,,,29.4925,
07/11/2019 18:27:00.000000,,,,37.313514,
07/11/2019 18:28:00.000000,,,,23.405263,
07/11/2019 18:30:00.000000,,,,27.642857,
07/11/2019 18:31:00.000000,,,,0.027056,
07/11/2019 18:32:00.000000,,,,25.9,
07/11/2019 18:33:00.000000,,,,22.0,
07/11/2019 18:34:00.000000,,,,0.033248,
07/11/2019 18:35:00.000000,,,,0.025508,
07/11/2019 18:36:00.000000,,,,31.357143,
07/11/2019 18:37:00.000000,,,,0.024636,
07/11/2019 18:38:00.000000,,,,0.018204,
07/11/2019 18:39:00.000000,,,,0.027819,
07/11/2019 18:40:00.000000,,,,39.538095,
07/11/2019 18:41:00.000000,,,,43.944118,
07/11/2019 18:42:00.000000,,,,0.021862,
07/11/2019 18:43:00.000000,,,,12.032432,
07/11/2019 18:44:00.000000,,,,0.036801,
07/11/2019 18:45:00.000000,,,,28.667742,
07/11/2019 18:46:00.000000,,,,21.96,
07/11/2019 18:47:00.000000,,,,17.623077,
07/11/2019 18:48:00.000000,,,,0.022822,
07/11/2019 18:50:00.000000,,,,18.790909,
07/11/2019 18:51:00.000000,,,,0.022935,
07/11/2019 18:52:00.000000,,,,29.590476,
07/11/2019 18:53:00.000000,,,,21.609302,
07/11/2019 18:54:00.000000,,,,15.238462,
07/11/2019 18:55:00.000000,,,,0.018226,
07/11/2019 18:56:00.000000,,,,0.01718,
07/11/2019 18:57:00.000000,,,,0.02613,
07/11/2019 18:58:00.000000,,,,0.129757,
07/11/2019 18:59:00.000000,,,,23.6,
07/11/2019 19:00:00.000000,,,,20.92381,
07/11/2019 19:01:00.000000,,,,13.285106,
07/11/2019 19:02:00.000000,,,,0.034381,
07/11/2019 19:03:00.000000,,,,8.495238,
07/11/2019 19:04:00.000000,,,,0.013713,
07/11/2019 19:05:00.000000,,,,0.039919,
07/11/2019 19:06:00.000000,,,,12.445455,
07/11/2019 19:07:00.000000,,,,0.035536,
07/11/2019 19:08:00.000000,,,,15.865,
07/11/2019 19:10:00.000000,,,,0.008055,
07/11/2019 19:11:00.000000,,,,16.470588,
07/11/2019 19:12:00.000000,,,,0.030167,
07/11/2019 19:13:00.000000,,,,0.016142,
07/11/2019 19:14:00.000000,,,,0.019024,
07/11/2019 19:15:00.000000,,,,0.046934,
07/11/2019 19:16:00.000000,,,,15.221951,
07/11/2019 19:17:00.000000,,,,2.343478,
07/11/2019 19:18:00.000000,,,,14.838889,
07/11/2019 19:19:00.000000,,,,0.01072,
07/11/2019 19:20:00.000000,,,,0.016308,
07/11/2019 19:21:00.000000,,,,18.592857,
07/11/2019 19:22:00.000000,,,,9.85,
07/11/2019 19:23:00.000000,,,,0.030833,
07/11/2019 19:24:00.000000,,,,0.012303,
07/11/2019 19:25:00.000000,,,,0.029494,
07/11/2019 19:26:00.000000,,,,14.72,
07/11/2019 19:27:00.000000,,,,0.017968,
07/11/2019 19:28:00.000000,,,,14.156098,
07/11/2019 19:29:00.000000,,,,9.616667,
07/11/2019 19:30:00.000000,,,,5.767568,
07/11/2019 19:31:00.000000,,,,7.6,
07/11/2019 19:32:00.000000,,,,14.46,
07/11/2019 19:33:00.000000,,,,0.052761,
07/11/2019 19:34:00.000000,,,,14.412195,
07/11/2019 19:35:00.000000,,,,0.011342,
07/11/2019 19:36:00.000000,,,,16.6,
07/11/2019 19:37:00.000000,,,,0.02711,
07/11/2019 19:38:00.000000,,,,0.017436,
07/11/2019 19:39:00.000000,,,,0.010726,
07/11/2019 19:40:00.000000,,,,8.633333,
07/11/2019 19:41:00.000000,,,,0.008904,
07/11/2019 19:42:00.000000,,,,28.854545,
07/11/2019 19:43:00.000000,,,,6.135,
07/11/2019 19:44:00.000000,,,,15.626667,
07/11/2019 19:45:00.000000,,,,7.855,
07/11/2019 19:46:00.000000,,,,0.011496,
07/11/2019 19:47:00.000000,,,,0.023123,
07/11/2019 19:48:00.000000,,,,0.022249,
07/11/2019 19:50:00.000000,,,,19.473171,
07/11/2019 19:51:00.000000,,,,0.018118,
07/11/2019 19:52:00.000000,,,,39.078049,
07/11/2019 19:53:00.000000,,,,12.318182,
07/11/2019 19:54:00.000000,,,,0.028753,
07/11/2019 19:55:00.000000,,,,0.021554,
07/11/2019 19:56:00.000000,,,,17.271429,
07/11/2019 19:57:00.000000,,,,6.9,
07/11/2019 19:58:00.000000,,,,14.970732,
07/11/2019 19:59:00.000000,,,,19.911905,
07/11/2019 20:00:00.000000,,,,9.42439,
07/11/2019 20:01:00.000000,,,,0.029483,
07/11/2019 20:02:00.000000,,,,15.578571,
07/11/2019 20:03:00.000000,,,,4.74,
07/11/2019 20:04:00.000000,,,,2.223077,
07/11/2019 20:05:00.000000,,,,0.037659,
07/11/2019 20:06:00.000000,,,,10.021053,
07/11/2019 20:07:00.000000,,,,15.175,
07/11/2019 20:08:00.000000,,,,12.570968,
07/11/2019 20:10:00.000000,,,,0.004346,
07/11/2019 20:11:00.000000,,,,2.455,
07/11/2019 20:12:00.000000,,,,0.009702,
07/11/2019 20:13:00.000000,,,,0.019382,
07/11/2019 20:14:00.000000,,,,0.034578,
07/11/2019 20:15:00.000000,,,,13.407895,
07/11/2019 20:16:00.000000,,,,0.013844,
07/11/2019 20:17:00.000000,,,,0.024135,
07/11/2019 20:18:00.000000,,,,26.439024,
07/11/2019 20:19:00.000000,,,,0.020737,
07/11/2019 20:20:00.000000,,,,0.013743,
07/11/2019 20:21:00.000000,,,,6.830233,
07/11/2019 20:22:00.000000,,,,5.97907,
07/11/2019 20:23:00.000000,,,,0.007657,
07/11/2019 20:24:00.000000,,,,0.010022,
07/11/2019 20:25:00.000000,,,,13.4,
07/11/2019 20:26:00.000000,,,,13.108571,
07/11/2019 20:27:00.000000,,,,0.039453,
07/11/2019 20:28:00.000000,,,,0.022539,
07/11/2019 20:29:00.000000,,,,4.727907,
07/11/2019 20:30:00.000000,,,,13.705128,
07/11/2019 20:31:00.000000,,,,0.006163,
07/11/2019 20:32:00.000000,,,,0.020959,
07/11/2019 20:33:00.000000,,,,12.388235,
07/11/2019 20:34:00.000000,,,,0.020307,
07/11/2019 20:35:00.000000,,,,0.032342,
07/11/2019 20:36:00.000000,,,,29.481818,
07/11/2019 20:37:00.000000,,,,26.017241,
07/11/2019 20:38:00.000000,,,,15.393939,
07/11/2019 20:39:00.000000,,,,29.023256,
07/11/2019 20:40:00.000000,,,,0.026915,
07/11/2019 20:41:00.000000,,,,16.95,
07/11/2019 20:42:00.000000,,,,16.253659,
07/11/2019 20:43:00.000000,,,,0.03906,
07/11/2019 20:44:00.000000,,,,0.037451,
07/11/2019 20:45:00.000000,,,,56.127273,
07/11/2019 20:46:00.000000,,,,15.273171,
07/11/2019 20:47:00.000000,,,,0.019978,
07/11/2019 20:48:00.000000,,,,10.969767,
07/11/2019 20:49:00.000000,,,,18.728571,
07/11/2019 20:50:00.000000,,,,26.431579,
07/11/2019 20:51:00.000000,,,,0.023014,
07/11/2019 20:52:00.000000,,,,20.55,
07/11/2019 20:53:00.000000,,,,11.304651,
07/11/2019 20:54:00.000000,,,,12.521739,
07/11/2019 20:55:00.000000,,,,10.778049,
07/11/2019 20:56:00.000000,,,,18.15,
07/11/2019 20:57:00.000000,,,,0.012187,
07/11/2019 20:58:00.000000,,,,6.894737,
07/11/2019 20:59:00.000000,,,,0.007696,
07/11/2019 21:00:00.000000,,,,16.769767,
07/11/2019 21:01:00.000000,,,,4.773171,
07/11/2019 21:02:00.000000,,,,7.206977,
07/11/2019 21:03:00.000000,,,,0.010835,
07/11/2019 21:04:00.000000,,,,0.018749,
07/11/2019 21:05:00.000000,,,,14.555556,
07/11/2019 21:06:00.000000,,,,0.019663,
07/11/2019 21:07:00.000000,,,,9.271429,
07/11/2019 21:08:00.000000,,,,7.545946,
07/11/2019 21:09:00.000000,,,,0.015112,
07/11/2019 21:10:00.000000,,,,0.046021,
07/11/2019 21:11:00.000000,,,,0.006337,
07/11/2019 21:12:00.000000,,,,0.003081,
07/11/2019 21:13:00.000000,,,,0.006369,
07/11/2019 21:14:00.000000,,,,8.855556,
07/11/2019 21:15:00.000000,,,,17.429268,
07/11/2019 21:16:00.000000,,,,9.257143,
07/11/2019 21:17:00.000000,,,,5.909302,
07/11/2019 21:18:00.000000,,,,6.363636,
07/11/2019 21:19:00.000000,,,,0.020494,
07/11/2019 21:20:00.000000,,,,10.77381,
07/11/2019 21:21:00.000000,,,,0.030588,
07/11/2019 21:22:00.000000,,,,5.516667,
07/11/2019 21:23:00.000000,,,,0.011457,
07/11/2019 21:24:00.000000,,,,0.021769,
07/11/2019 21:25:00.000000,,,,0.013037,
07/11/2019 21:26:00.000000,,,,0.003052,
07/11/2019 21:27:00.000000,,,,12.757692,
07/11/2019 21:28:00.000000,,,,8.205556,
07/11/2019 21:30:00.000000,,,,12.585714,
07/11/2019 21:31:00.000000,,,,8.877273,
07/11/2019 21:32:00.000000,,,,7.271053,
07/11/2019 21:33:00.000000,,,,10.972093,
07/11/2019 21:34:00.000000,,,,12.705,
07/11/2019 21:35:00.000000,,,,11.185714,
07/11/2019 21:36:00.000000,,,,10.554054,
07/11/2019 21:37:00.000000,,,,0.031002,
07/11/2019 21:38:00.000000,,,,0.038807,
07/11/2019 21:39:00.000000,,,,0.021867,
07/11/2019 21:40:00.000000,,,,0.017158,
07/11/2019 21:41:00.000000,,,,0.025778,
07/11/2019 21:42:00.000000,,,,0.020704,
07/11/2019 21:43:00.000000,,,,21.7875,
07/11/2019 21:44:00.000000,,,,0.028442,
07/11/2019 21:45:00.000000,,,,0.011485,
07/11/2019 21:46:00.000000,,,,12.057143,
07/11/2019 21:47:00.000000,,,,0.019165,
07/11/2019 21:48:00.000000,,,,15.561538,
07/11/2019 21:50:00.000000,,,,0.028192,
07/11/2019 21:51:00.000000,,,,0.040009,
07/11/2019 21:52:00.000000,,,,56.283333,
07/11/2019 21:53:00.000000,,,,29.146154,
07/11/2019 21:54:00.000000,,,,0.028109,
07/11/2019 21:55:00.000000,,,,0.017921,
07/11/2019 21:56:00.000000,,,,28.356098,
07/11/2019 21:57:00.000000,,,,0.012704,
07/11/2019 21:58:00.000000,,,,0.028344,
07/11/2019 21:59:00.000000,,,,0.048361,
07/11/2019 22:00:00.000000,,,,0.038145,
07/11/2019 22:01:00.000000,,,,0.027242,
07/11/2019 22:02:00.000000,,,,15.676923,
07/11/2019 22:03:00.000000,,,,12.718182,
07/11/2019 22:04:00.000000,,,,17.155882,
07/11/2019 22:05:00.000000,,,,9.74878,
07/11/2019 22:06:00.000000,,,,0.040136,
07/11/2019 22:07:00.000000,,,,16.266667,
07/11/2019 22:08:00.000000,,,,30.325,
07/11/2019 22:10:00.000000,,,,0.048057,
07/11/2019 22:11:00.000000,,,,0.022555,
07/11/2019 22:12:00.000000,,,,0.003715,
07/11/2019 22:13:00.000000,,,,0.035886,
07/11/2019 22:14:00.000000,,,,0.019473,
07/11/2019 22:15:00.000000,,,,0.046552,
07/11/2019 22:16:00.000000,,,,31.476471,
07/11/2019 22:17:00.000000,,,,23.62,
07/11/2019 22:18:00.000000,,,,0.028762,
07/11/2019 22:19:00.000000,,,,0.018369,
07/11/2019 22:20:00.000000,,,,0.043525,
07/11/2019 22:21:00.000000,,,,6.55122,
07/11/2019 22:22:00.000000,,,,4.969231,
07/11/2019 22:23:00.000000,,,,0.04441,
07/11/2019 22:24:00.000000,,,,25.488095,
07/11/2019 22:25:00.000000,,,,0.041038,
07/11/2019 22:26:00.000000,,,,34.907143,
07/11/2019 22:27:00.000000,,,,20.238462,
07/11/2019 22:28:00.000000,,,,0.031324,
07/11/2019 22:29:00.000000,,,,30.757143,
07/11/2019 22:30:00.000000,,,,0.021119,
07/11/2019 22:31:00.000000,,,,4.141463,
07/11/2019 22:32:00.000000,,,,25.621951,
07/11/2019 22:33:00.000000,,,,5.525641,
07/11/2019 22:34:00.000000,,,,11.334091,
07/11/2019 22:35:00.000000,,,,26.758536,
07/11/2019 22:36:00.000000,,,,0.023917,
07/11/2019 22:37:00.000000,,,,0.052608,
07/11/2019 22:38:00.000000,,,,11.346429,
07/11/2019 22:39:00.000000,,,,23.940541,
07/11/2019 22:40:00.000000,,,,0.033956,
07/11/2019 22:41:00.000000,,,,26.155,
07/11/2019 22:42:00.000000,,,,20.6,
07/11/2019 22:43:00.000000,,,,0.036692,
07/11/2019 22:44:00.000000,,,,17.066667,
07/11/2019 22:45:00.000000,,,,0.017509,
07/11/2019 22:46:00.000000,,,,19.07561,
07/11/2019 22:47:00.000000,,,,19.583721,
07/11/2019 22:48:00.000000,,,,0.004638,
07/11/2019 22:50:00.000000,,,,21.774419,
07/11/2019 22:51:00.000000,,,,0.041688,
07/11/2019 22:52:00.000000,,,,0.032673,
07/11/2019 22:53:00.000000,,,,14.952632,
07/11/2019 22:54:00.000000,,,,0.034851,
07/11/2019 22:55:00.000000,,,,0.050583,
07/11/2019 22:56:00.000000,,,,31.115,
07/11/2019 22:57:00.000000,,,,0.030529,
07/11/2019 22:58:00.000000,,,,32.127273,
07/11/2019 22:59:00.000000,,,,19.097368,
07/11/2019 23:00:00.000000,,,,0.024686,
07/11/2019 23:01:00.000000,,,,0.021107,
07/11/2019 23:02:00.000000,,,,0.012331,
07/11/2019 23:03:00.000000,,,,13.160465,
07/11/2019 23:04:00.000000,,,,0.053721,
07/11/2019 23:05:00.000000,,,,27.684615,
07/11/2019 23:06:00.000000,,,,12.646154,
07/11/2019 23:07:00.000000,,,,0.018704,
07/11/2019 23:08:00.000000,,,,10.659459,
07/11/2019 23:09:00.000000,,,,0.021456,
07/11/2019 23:10:00.000000,,,,22.533333,
07/11/2019 23:11:00.000000,,,,0.011824,
07/11/2019 23:12:00.000000,,,,0.008287,
07/11/2019 23:13:00.000000,,,,0.019829,
07/11/2019 23:14:00.000000,,,,24.091892,
07/11/2019 23:15:00.000000,,,,20.065625,
07/11/2019 23:16:00.000000,,,,19.1125,
07/11/2019 23:17:00.000000,,,,22.051282,
07/11/2019 23:18:00.000000,,,,18.59,
07/11/2019 23:19:00.000000,,,,11.642857,
07/11/2019 23:20:00.000000,,,,4.014634,
07/11/2019 23:21:00.000000,,,,0.015731,
07/11/2019 23:22:00.000000,,,,0.02663,
07/11/2019 23:23:00.000000,,,,0.0343,
07/11/2019 23:24:00.000000,,,,0.008945,
07/11/2019 23:25:00.000000,,,,0.030579,
07/11/2019 23:26:00.000000,,,,0.015192,
07/11/2019 23:27:00.000000,,,,23.808333,
07/11/2019 23:28:00.000000,,,,0.033154,
07/11/2019 23:29:00.000000,,,,34.172093,
07/11/2019 23:30:00.000000,,,,22.932432,
07/11/2019 23:31:00.000000,,,,25.565854,
07/11/2019 23:32:00.000000,,,,19.485,
07/11/2019 23:33:00.000000,,,,0.042597,
07/11/2019 23:34:00.000000,,,,14.892105,
07/11/2019 23:35:00.000000,,,,0.018587,
07/11/2019 23:36:00.000000,,,,19.004545,
07/11/2019 23:37:00.000000,,,,25.981395,
07/11/2019 23:38:00.000000,,,,16.158139,
07/11/2019 23:39:00.000000,,,,12.046154,
07/11/2019 23:40:00.000000,,,,20.595455,
07/11/2019 23:41:00.000000,,,,16.4875,
07/11/2019 23:42:00.000000,,,,0.008284,
07/11/2019 23:43:00.000000,,,,10.67561,
07/11/2019 23:44:00.000000,,,,32.271429,
07/11/2019 23:45:00.000000,,,,27.557143,
07/11/2019 23:46:00.000000,,,,53.231818,
07/11/2019 23:47:00.000000,,,,18.47381,
07/11/2019 23:48:00.000000,,,,9.12,
07/11/2019 23:49:00.000000,,,,11.914286,
07/11/2019 23:50:00.000000,,,,13.889474,
07/11/2019 23:51:00.000000,,,,0.016408,
07/11/2019 23:52:00.000000,,,,9.839024,
07/11/2019 23:53:00.000000,,,,0.041591,
07/11/2019 23:54:00.000000,,,,0.034195,
07/11/2019 23:55:00.000000,,,,34.913636,
07/11/2019 23:56:00.000000,,,,19.4,
07/11/2019 23:57:00.000000,,,,0.021453,
07/11/2019 23:58:00.000000,,,,24.828571,
07/11/2019 23:59:00.000000,,,,31.321951,
07/12/2019 00:00:00.000000,,,,15.228571,
07/12/2019 00:01:00.000000,,,,32.35,
07/12/2019 00:02:00.000000,,,,0.021819,
07/12/2019 00:03:00.000000,,,,12.518919,
07/12/2019 00:04:00.000000,,,,0.005207,
07/12/2019 00:05:00.000000,,,,12.82,
07/12/2019 00:06:00.000000,,,,9.23,
07/12/2019 00:07:00.000000,,,,3.815385,
07/12/2019 00:08:00.000000,,,,0.032856,
07/12/2019 00:09:00.000000,,,,0.022548,
07/12/2019 00:10:00.000000,,,,23.273684,
07/12/2019 00:11:00.000000,,,,18.383333,
07/12/2019 00:12:00.000000,,,,36.665,
07/12/2019 00:13:00.000000,,,,20.15,
07/12/2019 00:14:00.000000,,,,0.021247,
07/12/2019 00:15:00.000000,,,,23.485714,
07/12/2019 00:16:00.000000,,,,13.034884,
07/12/2019 00:17:00.000000,,,,17.390244,
07/12/2019 00:18:00.000000,,,,0.021728,
07/12/2019 00:19:00.000000,,,,0.026272,
07/12/2019 00:20:00.000000,,,,10.2,
07/12/2019 00:21:00.000000,,,,15.761538,
07/12/2019 00:22:00.000000,,,,13.874419,
07/12/2019 00:23:00.000000,,,,0.016317,
07/12/2019 00:24:00.000000,,,,0.026813,
07/12/2019 00:25:00.000000,,,,0.022052,
07/12/2019 00:26:00.000000,,,,39.846154,
07/12/2019 00:27:00.000000,,,,0.035102,
07/12/2019 00:28:00.000000,,,,0.015062,
07/12/2019 00:30:00.000000,,,,8.8625,
07/12/2019 00:31:00.000000,,,,0.024662,
07/12/2019 00:32:00.000000,,,,0.022414,
07/12/2019 00:33:00.000000,,,,9.634884,
07/12/2019 00:34:00.000000,,,,26.226829,
07/12/2019 00:35:00.000000,,,,11.530769,
07/12/2019 00:36:00.000000,,,,14.095122,
07/12/2019 00:37:00.000000,,,,18.058537,
07/12/2019 00:38:00.000000,,,,14.211628,
07/12/2019 00:39:00.000000,,,,0.014122,
07/12/2019 00:40:00.000000,,,,0.02348,
07/12/2019 00:41:00.000000,,,,0.032384,
07/12/2019 00:42:00.000000,,,,15.14186,
07/12/2019 00:43:00.000000,,,,17.135714,
07/12/2019 00:44:00.000000,,,,0.049231,
07/12/2019 00:45:00.000000,,,,17.205405,
07/12/2019 00:46:00.000000,,,,23.117073,
07/12/2019 00:47:00.000000,,,,20.465,
07/12/2019 00:48:00.000000,,,,17.584615,
07/12/2019 00:50:00.000000,,,,20.976744,
07/12/2019 00:51:00.000000,,,,16.495349,
07/12/2019 00:52:00.000000,,,,0.00628,
07/12/2019 00:53:00.000000,,,,12.3,
07/12/2019 00:54:00.000000,,,,0.018948,
07/12/2019 00:55:00.000000,,,,0.017593,
07/12/2019 00:56:00.000000,,,,0.023206,
07/12/2019 00:57:00.000000,,,,13.242857,
07/12/2019 00:58:00.000000,,,,13.639535,
07/12/2019 00:59:00.000000,,,,9.759524,
07/12/2019 01:00:00.000000,,,,0.024208,
07/12/2019 01:01:00.000000,,,,28.531579,
07/12/2019 01:02:00.000000,,,,21.84,
07/12/2019 01:03:00.000000,,,,0.029836,
07/12/2019 01:04:00.000000,,,,11.492683,
07/12/2019 01:05:00.000000,,,,31.3625,
07/12/2019 01:06:00.000000,,,,0.023823,
07/12/2019 01:07:00.000000,,,,0.026989,
07/12/2019 01:08:00.000000,,,,0.025122,
07/12/2019 01:10:00.000000,,,,0.026688,
07/12/2019 01:11:00.000000,,,,17.042857,
07/12/2019 01:12:00.000000,,,,0.00738,
07/12/2019 01:13:00.000000,,,,0.027053,
07/12/2019 01:14:00.000000,,,,36.626316,
07/12/2019 01:15:00.000000,,,,0.039736,
07/12/2019 01:16:00.000000,,,,0.01442,
07/12/2019 01:17:00.000000,,,,18.059091,
07/12/2019 01:18:00.000000,,,,10.052632,
07/12/2019 01:19:00.000000,,,,0.004425,
07/12/2019 01:20:00.000000,,,,0.011892,
07/12/2019 01:21:00.000000,,,,13.22,
07/12/2019 01:22:00.000000,,,,21.157143,
07/12/2019 01:23:00.000000,,,,20.2,
07/12/2019 01:24:00.000000,,,,19.455814,
07/12/2019 01:25:00.000000,,,,20.220513,
07/12/2019 01:26:00.000000,,,,19.709091,
07/12/2019 01:27:00.000000,,,,0.021635,
07/12/2019 01:28:00.000000,,,,21.8,
07/12/2019 01:30:00.000000,,,,37.5,
07/12/2019 01:31:00.000000,,,,0.03302,
07/12/2019 01:32:00.000000,,,,0.026846,
07/12/2019 01:33:00.000000,,,,0.027627,
07/12/2019 01:34:00.000000,,,,14.45814,
07/12/2019 01:35:00.000000,,,,14.378049,
07/12/2019 01:36:00.000000,,,,26.33,
07/12/2019 01:37:00.000000,,,,16.960976,
07/12/2019 01:38:00.000000,,,,0.017473,
07/12/2019 01:39:00.000000,,,,32.03,
07/12/2019 01:40:00.000000,,,,0.019524,
07/12/2019 01:41:00.000000,,,,6.278378,
07/12/2019 01:42:00.000000,,,,0.010633,
07/12/2019 01:43:00.000000,,,,0.028426,
07/12/2019 01:44:00.000000,,,,0.046679,
07/12/2019 01:45:00.000000,,,,26.730769,
07/12/2019 01:46:00.000000,,,,0.041952,
07/12/2019 01:47:00.000000,,,,25.814286,
07/12/2019 01:48:00.000000,,,,26.835,
07/12/2019 01:50:00.000000,,,,0.013534,
07/12/2019 01:51:00.000000,,,,12.7,
07/12/2019 01:52:00.000000,,,,0.015626,
07/12/2019 01:53:00.000000,,,,12.580645,
07/12/2019 01:54:00.000000,,,,0.007108,
07/12/2019 01:55:00.000000,,,,0.019276,
07/12/2019 01:56:00.000000,,,,0.019852,
07/12/2019 01:57:00.000000,,,,0.016287,
07/12/2019 01:58:00.000000,,,,4.9,
07/12/2019 01:59:00.000000,,,,17.415,
07/12/2019 02:00:00.000000,,,,15.716667,
07/12/2019 02:01:00.000000,,,,0.023857,
07/12/2019 02:02:00.000000,,,,16.031818,
07/12/2019 02:03:00.000000,,,,26.55,
07/12/2019 02:04:00.000000,,,,38.75641,
07/12/2019 02:05:00.000000,,,,18.768421,
07/12/2019 02:06:00.000000,,,,16.685714,
07/12/2019 02:07:00.000000,,,,0.021618,
07/12/2019 02:08:00.000000,,,,0.027268,
07/12/2019 02:09:00.000000,,,,17.944737,
07/12/2019 02:10:00.000000,,,,33.95,
07/12/2019 02:11:00.000000,,,,27.2125,
07/12/2019 02:12:00.000000,,,,0.038972,
07/12/2019 02:13:00.000000,,,,0.022343,
07/12/2019 02:14:00.000000,,,,0.012984,
07/12/2019 02:15:00.000000,,,,13.34,
07/12/2019 02:16:00.000000,,,,16.1,
07/12/2019 02:17:00.000000,,,,17.460465,
07/12/2019 02:18:00.000000,,,,0.019817,
07/12/2019 02:19:00.000000,,,,0.033291,
07/12/2019 02:20:00.000000,,,,10.416667,
07/12/2019 02:21:00.000000,,,,0.032747,
07/12/2019 02:22:00.000000,,,,12.262791,
07/12/2019 02:23:00.000000,,,,0.034964,
07/12/2019 02:24:00.000000,,,,0.024496,
07/12/2019 02:25:00.000000,,,,0.028952,
07/12/2019 02:26:00.000000,,,,16.4,
07/12/2019 02:27:00.000000,,,,0.016928,
07/12/2019 02:28:00.000000,,,,0.055922,
07/12/2019 02:29:00.000000,,,,0.02972,
07/12/2019 02:30:00.000000,,,,0.039953,
07/12/2019 02:31:00.000000,,,,0.03214,
07/12/2019 02:32:00.000000,,,,0.030215,
07/12/2019 02:33:00.000000,,,,21.471875,
07/12/2019 02:34:00.000000,,,,31.118919,
07/12/2019 02:35:00.000000,,,,23.609756,
07/12/2019 02:36:00.000000,,,,0.034601,
07/12/2019 02:37:00.000000,,,,0.043885,
07/12/2019 02:38:00.000000,,,,0.062835,
07/12/2019 02:39:00.000000,,,,0.077485,
07/12/2019 02:40:00.000000,,,,0.037454,
07/12/2019 02:41:00.000000,,,,11.952381,
07/12/2019 02:42:00.000000,,,,0.033441,
07/12/2019 02:43:00.000000,,,,14.414706,
07/12/2019 02:44:00.000000,,,,0.024679,
07/12/2019 02:45:00.000000,,,,22.206977,
07/12/2019 02:46:00.000000,,,,0.017673,
07/12/2019 02:47:00.000000,,,,0.031961,
07/12/2019 02:48:00.000000,,,,0.026212,
07/12/2019 02:49:00.000000,,,,21.1125,
07/12/2019 02:50:00.000000,,,,20.013333,
07/12/2019 02:51:00.000000,,,,0.020612,
07/12/2019 02:52:00.000000,,,,20.521951,
07/12/2019 02:53:00.000000,,,,0.031038,
07/12/2019 02:54:00.000000,,,,0.027072,
07/12/2019 02:55:00.000000,,,,0.019437,
07/12/2019 02:56:00.000000,,,,17.885714,
07/12/2019 02:57:00.000000,,,,32.816279,
07/12/2019 02:58:00.000000,,,,0.064245,
07/12/2019 02:59:00.000000,,,,0.058248,
07/12/2019 03:00:00.000000,,,,0.022122,
07/12/2019 03:01:00.000000,,,,0.036574,
07/12/2019 03:02:00.000000,,,,0.070833,
07/12/2019 03:03:00.000000,,,,0.060345,
07/12/2019 03:04:00.000000,,,,0.042065,
07/12/2019 03:05:00.000000,,,,0.038013,
07/12/2019 03:06:00.000000,,,,22.357143,
07/12/2019 03:07:00.000000,,,,0.032965,
07/12/2019 03:08:00.000000,,,,35.676744,
07/12/2019 03:09:00.000000,,,,36.436585,
07/12/2019 03:10:00.000000,,,,29.925,
07/12/2019 03:11:00.000000,,,,19.42093,
07/12/2019 03:12:00.000000,,,,0.027909,
07/12/2019 03:13:00.000000,,,,62.037209,
07/12/2019 03:14:00.000000,,,,34.85122,
07/12/2019 03:15:00.000000,,,,0.054611,
07/12/2019 03:16:00.000000,,,,0.045661,
07/12/2019 03:17:00.000000,,,,0.030152,
07/12/2019 03:18:00.000000,,,,0.027866,
07/12/2019 03:19:00.000000,,,,0.013616,
07/12/2019 03:20:00.000000,,,,0.028819,
07/12/2019 03:21:00.000000,,,,43.151163,
07/12/2019 03:22:00.000000,,,,52.125581,
07/12/2019 03:23:00.000000,,,,79.342857,
07/12/2019 03:24:00.000000,,,,0.060176,
07/12/2019 03:25:00.000000,,,,0.058944,
07/12/2019 03:26:00.000000,,,,41.515,
07/12/2019 03:27:00.000000,,,,0.074301,
07/12/2019 03:28:00.000000,,,,57.640476,
07/12/2019 03:30:00.000000,,,,0.03564,
07/12/2019 03:31:00.000000,,,,0.030018,
07/12/2019 03:32:00.000000,,,,25.97619,
07/12/2019 03:33:00.000000,,,,34.2,
07/12/2019 03:34:00.000000,,,,0.047706,
07/12/2019 03:35:00.000000,,,,16.119512,
07/12/2019 03:36:00.000000,,,,26.871428,
07/12/2019 03:37:00.000000,,,,16.614706,
07/12/2019 03:38:00.000000,,,,0.005537,
07/12/2019 03:39:00.000000,,,,12.723077,
07/12/2019 03:40:00.000000,,,,15.002439,
07/12/2019 03:41:00.000000,,,,18.146154,
07/12/2019 03:42:00.000000,,,,0.03897,
07/12/2019 03:43:00.000000,,,,0.027295,
07/12/2019 03:44:00.000000,,,,12.668571,
07/12/2019 03:45:00.000000,,,,3.881395,
07/12/2019 03:46:00.000000,,,,0.015975,
07/12/2019 03:47:00.000000,,,,5.8125,
07/12/2019 03:48:00.000000,,,,0.004041,
07/12/2019 03:50:00.000000,,,,0.038996,
07/12/2019 03:51:00.000000,,,,0.014727,
07/12/2019 03:52:00.000000,,,,0.017795,
07/12/2019 03:53:00.000000,,,,0.008104,
07/12/2019 03:54:00.000000,,,,15.314286,
07/12/2019 03:55:00.000000,,,,16.393023,
07/12/2019 03:56:00.000000,,,,13.173684,
07/12/2019 03:57:00.000000,,,,0.006697,
07/12/2019 03:58:00.000000,,,,0.054125,
07/12/2019 03:59:00.000000,,,,40.975,
07/12/2019 04:00:00.000000,,,,0.021603,
07/12/2019 04:01:00.000000,,,,1.920588,
07/12/2019 04:02:00.000000,,,,0.023296,
07/12/2019 04:03:00.000000,,,,8.345161,
07/12/2019 04:04:00.000000,,,,0.022474,
07/12/2019 04:05:00.000000,,,,12.361765,
07/12/2019 04:06:00.000000,,,,25.889286,
07/12/2019 04:07:00.000000,,,,31.077419,
07/12/2019 04:08:00.000000,,,,18.521739,
07/12/2019 04:10:00.000000,,,,0.003011,
07/12/2019 04:11:00.000000,,,,0.026563,
07/12/2019 04:12:00.000000,,,,20.808696,
07/12/2019 04:13:00.000000,,,,0.034012,
07/12/2019 04:14:00.000000,,,,6.436585,
07/12/2019 04:15:00.000000,,,,11.140909,
07/12/2019 04:16:00.000000,,,,0.010598,
07/12/2019 04:17:00.000000,,,,21.866667,
07/12/2019 04:18:00.000000,,,,9.844737,
07/12/2019 04:19:00.000000,,,,0.003134,
07/12/2019 04:20:00.000000,,,,1.9125,
07/12/2019 04:21:00.000000,,,,0.002522,
07/12/2019 04:22:00.000000,,,,0.004854,
07/12/2019 04:23:00.000000,,,,12.914286,
07/12/2019 04:24:00.000000,,,,0.009761,
07/12/2019 04:25:00.000000,,,,0.0632,
07/12/2019 04:26:00.000000,,,,12.883333,
07/12/2019 04:27:00.000000,,,,0.015702,
07/12/2019 04:28:00.000000,,,,6.5375,
07/12/2019 04:30:00.000000,,,,0.01203,
07/12/2019 04:31:00.000000,,,,0.015882,
07/12/2019 04:32:00.000000,,,,0.003672,
07/12/2019 04:33:00.000000,,,,0.006131,
07/12/2019 04:34:00.000000,,,,0.003556,
07/12/2019 04:35:00.000000,,,,2.947368,
07/12/2019 04:36:00.000000,,,,3.169231,
07/12/2019 04:37:00.000000,,,,0.01775,
07/12/2019 04:38:00.000000,,,,0.003905,
07/12/2019 04:39:00.000000,,,,0.00973,
07/12/2019 04:40:00.000000,,,,3.209302,
07/12/2019 04:41:00.000000,,,,11.209091,
07/12/2019 04:42:00.000000,,,,7.392683,
07/12/2019 04:43:00.000000,,,,0.003356,
07/12/2019 04:44:00.000000,,,,1.958537,
07/12/2019 04:45:00.000000,,,,4.347059,
07/12/2019 04:46:00.000000,,,,8.476744,
07/12/2019 04:47:00.000000,,,,3.3125,
07/12/2019 04:48:00.000000,,,,2.147619,
07/12/2019 04:50:00.000000,,,,0.011446,
07/12/2019 04:51:00.000000,,,,3.185714,
07/12/2019 04:52:00.000000,,,,7.13,
07/12/2019 04:53:00.000000,,,,0.01035,
07/12/2019 04:54:00.000000,,,,0.015685,
07/12/2019 04:55:00.000000,,,,19.373171,
07/12/2019 04:56:00.000000,,,,13.6525,
07/12/2019 04:57:00.000000,,,,0.016915,
07/12/2019 04:58:00.000000,,,,0.019252,
07/12/2019 04:59:00.000000,,,,5.2,
07/12/2019 05:00:00.000000,,,,32.116279,
07/12/2019 05:01:00.000000,,,,50.006667,
07/12/2019 05:02:00.000000,,,,0.031631,
07/12/2019 05:03:00.000000,,,,17.585,
07/12/2019 05:04:00.000000,,,,0.02341,
07/12/2019 05:05:00.000000,,,,0.008042,
07/12/2019 05:06:00.000000,,,,0.009905,
07/12/2019 05:07:00.000000,,,,0.003526,
07/12/2019 05:08:00.000000,,,,10.995652,
07/12/2019 05:09:00.000000,,,,3.523256,
07/12/2019 05:10:00.000000,,,,8.6625,
07/12/2019 05:11:00.000000,,,,2.597727,
07/12/2019 05:12:00.000000,,,,0.004884,
07/12/2019 05:13:00.000000,,,,3.78,
07/12/2019 05:14:00.000000,,,,2.466667,
07/12/2019 05:15:00.000000,,,,0.002905,
07/12/2019 05:16:00.000000,,,,6.635,
07/12/2019 05:17:00.000000,,,,0.00761,
07/12/2019 05:18:00.000000,,,,10.1875,
07/12/2019 05:19:00.000000,,,,0.007621,
07/12/2019 05:20:00.000000,,,,4.906667,
07/12/2019 05:21:00.000000,,,,5.846154,
07/12/2019 05:22:00.000000,,,,11.7,
07/12/2019 05:23:00.000000,,,,0.011168,
07/12/2019 05:24:00.000000,,,,6.442857,
07/12/2019 05:25:00.000000,,,,22.695122,
07/12/2019 05:26:00.000000,,,,0.019049,
07/12/2019 05:27:00.000000,,,,13.585366,
07/12/2019 05:28:00.000000,,,,3.402439,
07/12/2019 05:30:00.000000,,,,0.033745,
07/12/2019 05:31:00.000000,,,,8.3,
07/12/2019 05:32:00.000000,,,,0.014371,
07/12/2019 05:33:00.000000,,,,0.013162,
07/12/2019 05:34:00.000000,,,,6.837778,
07/12/2019 05:35:00.000000,,,,19.12,
07/12/2019 05:36:00.000000,,,,10.685714,
07/12/2019 05:37:00.000000,,,,6.090244,
07/12/2019 05:38:00.000000,,,,5.87561,
07/12/2019 05:39:00.000000,,,,2.4875,
07/12/2019 05:40:00.000000,,,,19.5,
07/12/2019 05:41:00.000000,,,,0.00947,
07/12/2019 05:42:00.000000,,,,0.009082,
07/12/2019 05:43:00.000000,,,,0.013586,
07/12/2019 05:44:00.000000,,,,14.025581,
07/12/2019 05:45:00.000000,,,,11.071429,
07/12/2019 05:46:00.000000,,,,0.014136,
07/12/2019 05:47:00.000000,,,,11.045,
07/12/2019 05:48:00.000000,,,,6.422727,
07/12/2019 05:49:00.000000,,,,0.019514,
07/12/2019 05:50:00.000000,,,,10.742857,
07/12/2019 05:51:00.000000,,,,0.009123,
07/12/2019 05:52:00.000000,,,,0.016819,
07/12/2019 05:53:00.000000,,,,8.818182,
07/12/2019 05:54:00.000000,,,,0.003146,
07/12/2019 05:55:00.000000,,,,8.24,
07/12/2019 05:56:00.000000,,,,0.008808,
07/12/2019 05:57:00.000000,,,,12.702381,
07/12/2019 05:58:00.000000,,,,0.008682,
07/12/2019 05:59:00.000000,,,,0.016117,
07/12/2019 06:00:00.000000,,,,3.325581,
07/12/2019 06:01:00.000000,,,,1.829268,
07/12/2019 06:02:00.000000,,,,1.8,
07/12/2019 06:03:00.000000,,,,4.507692,
07/12/2019 06:04:00.000000,,,,0.014596,
07/12/2019 06:05:00.000000,,,,0.017081,
07/12/2019 06:06:00.000000,,,,0.008819,
07/12/2019 06:07:00.000000,,,,12.302381,
07/12/2019 06:08:00.000000,,,,5.391892,
07/12/2019 06:10:00.000000,,,,13.737209,
07/12/2019 06:11:00.000000,,,,0.009175,
07/12/2019 06:12:00.000000,,,,8.207692,
07/12/2019 06:13:00.000000,,,,0.011157,
07/12/2019 06:14:00.000000,,,,0.015467,
07/12/2019 06:15:00.000000,,,,0.008463,
07/12/2019 06:16:00.000000,,,,7.525581,
07/12/2019 06:17:00.000000,,,,0.013939,
07/12/2019 06:18:00.000000,,,,6.790244,
07/12/2019 06:19:00.000000,,,,0.011457,
07/12/2019 06:20:00.000000,,,,0.003404,
07/12/2019 06:21:00.000000,,,,0.002869,
07/12/2019 06:22:00.000000,,,,0.00842,
07/12/2019 06:23:00.000000,,,,0.044749,
07/12/2019 06:24:00.000000,,,,9.460465,
07/12/2019 06:25:00.000000,,,,3.165116,
07/12/2019 06:26:00.000000,,,,0.003644,
07/12/2019 06:27:00.000000,,,,7.390909,
07/12/2019 06:28:00.000000,,,,0.012022,
07/12/2019 06:30:00.000000,,,,0.007184,
07/12/2019 06:31:00.000000,,,,6.171429,
07/12/2019 06:32:00.000000,,,,0.005728,
07/12/2019 06:33:00.000000,,,,0.002995,
07/12/2019 06:34:00.000000,,,,5.465116,
07/12/2019 06:35:00.000000,,,,7.035,
07/12/2019 06:36:00.000000,,,,3.646154,
07/12/2019 06:37:00.000000,,,,0.013806,
07/12/2019 06:38:00.000000,,,,0.01435,
07/12/2019 06:39:00.000000,,,,0.008304,
07/12/2019 06:40:00.000000,,,,7.74878,
07/12/2019 06:41:00.000000,,,,0.008388,
07/12/2019 06:42:00.000000,,,,0.013576,
07/12/2019 06:43:00.000000,,,,14.881395,
07/12/2019 06:44:00.000000,,,,0.005857,
07/12/2019 06:45:00.000000,,,,0.00638,
07/12/2019 06:46:00.000000,,,,0.009329,
07/12/2019 06:47:00.000000,,,,0.022445,
07/12/2019 06:48:00.000000,,,,13.518182,
07/12/2019 06:50:00.000000,,,,19.55641,
07/12/2019 06:51:00.000000,,,,0.026323,
07/12/2019 06:52:00.000000,,,,0.018092,
07/12/2019 06:53:00.000000,,,,15.757143,
07/12/2019 06:54:00.000000,,,,0.016859,
07/12/2019 06:55:00.000000,,,,0.025989,
07/12/2019 06:56:00.000000,,,,17.831915,
07/12/2019 06:57:00.000000,,,,10.0375,
07/12/2019 06:58:00.000000,,,,7.47,
07/12/2019 06:59:00.000000,,,,18.216667,
07/12/2019 07:00:00.000000,,,,14.037209,
07/12/2019 07:01:00.000000,,,,0.017005,
07/12/2019 07:02:00.000000,,,,17.85,
07/12/2019 07:03:00.000000,,,,20.6125,
07/12/2019 07:04:00.000000,,,,0.061587,
07/12/2019 07:05:00.000000,,,,0.030073,
07/12/2019 07:06:00.000000,,,,0.018309,
07/12/2019 07:07:00.000000,,,,0.012592,
07/12/2019 07:08:00.000000,,,,0.014553,
07/12/2019 07:10:00.000000,,,,16.077273,
07/12/2019 07:11:00.000000,,,,0.029231,
07/12/2019 07:12:00.000000,,,,0.006061,
07/12/2019 07:13:00.000000,,,,3.015385,
07/12/2019 07:14:00.000000,,,,2.657143,
07/12/2019 07:15:00.000000,,,,5.8375,
07/12/2019 07:16:00.000000,,,,8.178049,
07/12/2019 07:17:00.000000,,,,11.414286,
07/12/2019 07:18:00.000000,,,,0.010307,
07/12/2019 07:19:00.000000,,,,13.714286,
07/12/2019 07:20:00.000000,,,,0.019185,
07/12/2019 07:21:00.000000,,,,0.020426,
07/12/2019 07:22:00.000000,,,,12.217073,
07/12/2019 07:23:00.000000,,,,0.012331,
07/12/2019 07:24:00.000000,,,,8.581395,
07/12/2019 07:25:00.000000,,,,8.313333,
07/12/2019 07:26:00.000000,,,,18.67,
07/12/2019 07:27:00.000000,,,,12.785714,
07/12/2019 07:28:00.000000,,,,0.023776,
07/12/2019 07:30:00.000000,,,,12.0375,
07/12/2019 07:31:00.000000,,,,0.012253,
07/12/2019 07:32:00.000000,,,,9.86087,
07/12/2019 07:33:00.000000,,,,11.397619,
07/12/2019 07:34:00.000000,,,,0.026172,
07/12/2019 07:35:00.000000,,,,10.968182,
07/12/2019 07:36:00.000000,,,,0.030131,
07/12/2019 07:37:00.000000,,,,28.861905,
07/12/2019 07:38:00.000000,,,,12.373333,
07/12/2019 07:39:00.000000,,,,14.557143,
07/12/2019 07:40:00.000000,,,,26.335,
07/12/2019 07:41:00.000000,,,,17.763636,
07/12/2019 07:42:00.000000,,,,8.985714,
07/12/2019 07:43:00.000000,,,,23.972973,
07/12/2019 07:44:00.000000,,,,6.1,
07/12/2019 07:45:00.000000,,,,10.654545,
07/12/2019 07:46:00.000000,,,,13.807317,
07/12/2019 07:47:00.000000,,,,16.831707,
07/12/2019 07:48:00.000000,,,,0.023092,
07/12/2019 07:50:00.000000,,,,14.961905,
07/12/2019 07:51:00.000000,,,,9.614286,
07/12/2019 07:52:00.000000,,,,8.855,
07/12/2019 07:53:00.000000,,,,5.938462,
07/12/2019 07:54:00.000000,,,,11.681395,
07/12/2019 07:55:00.000000,,,,0.018834,
07/12/2019 07:56:00.000000,,,,0.027803,
07/12/2019 07:57:00.000000,,,,0.004901,
07/12/2019 07:58:00.000000,,,,0.024723,
07/12/2019 07:59:00.000000,,,,9.057143,
07/12/2019 08:00:00.000000,,,,7.0,
07/12/2019 08:01:00.000000,,,,15.529412,
07/12/2019 08:02:00.000000,,,,5.705263,
07/12/2019 08:03:00.000000,,,,0.002653,
07/12/2019 08:04:00.000000,,,,10.683333,
07/12/2019 08:05:00.000000,,,,9.356098,
07/12/2019 08:06:00.000000,,,,0.009573,
07/12/2019 08:07:00.000000,,,,4.528571,
07/12/2019 08:08:00.000000,,,,0.003777,
07/12/2019 08:09:00.000000,,,,9.371429,
07/12/2019 08:10:00.000000,,,,0.006274,
07/12/2019 08:11:00.000000,,,,5.993103,
07/12/2019 08:12:00.000000,,,,7.135484,
07/12/2019 08:13:00.000000,,,,0.00514,
07/12/2019 08:14:00.000000,,,,0.008304,
07/12/2019 08:15:00.000000,,,,0.007846,
07/12/2019 08:16:00.000000,,,,0.015714,
07/12/2019 08:17:00.000000,,,,17.481081,
07/12/2019 08:18:00.000000,,,,5.364103,
07/12/2019 08:19:00.000000,,,,2.225,
07/12/2019 08:20:00.000000,,,,0.005175,
07/12/2019 08:21:00.000000,,,,0.005362,
07/12/2019 08:22:00.000000,,,,0.002951,
07/12/2019 08:23:00.000000,,,,11.9975,
07/12/2019 08:24:00.000000,,,,5.38,
07/12/2019 08:25:00.000000,,,,0.011598,
07/12/2019 08:26:00.000000,,,,11.027586,
07/12/2019 08:27:00.000000,,,,8.028571,
07/12/2019 08:28:00.000000,,,,0.007129,
07/12/2019 08:29:00.000000,,,,0.012034,
07/12/2019 08:30:00.000000,,,,9.192105,
07/12/2019 08:31:00.000000,,,,3.44878,
07/12/2019 08:32:00.000000,,,,3.414286,
07/12/2019 08:33:00.000000,,,,8.447619,
07/12/2019 08:34:00.000000,,,,5.892857,
07/12/2019 08:35:00.000000,,,,20.141026,
07/12/2019 08:36:00.000000,,,,10.580952,
07/12/2019 08:37:00.000000,,,,0.014528,
07/12/2019 08:38:00.000000,,,,0.008521,
07/12/2019 08:39:00.000000,,,,5.527273,
07/12/2019 08:40:00.000000,,,,0.006339,
07/12/2019 08:41:00.000000,,,,5.32,
07/12/2019 08:42:00.000000,,,,0.009124,
07/12/2019 08:43:00.000000,,,,0.004302,
07/12/2019 08:44:00.000000,,,,0.017646,
07/12/2019 08:45:00.000000,,,,0.020057,
07/12/2019 08:46:00.000000,,,,0.012928,
07/12/2019 08:47:00.000000,,,,3.690698,
07/12/2019 08:48:00.000000,,,,2.258537,
07/12/2019 08:49:00.000000,,,,7.461905,
07/12/2019 08:50:00.000000,,,,0.004614,
07/12/2019 08:51:00.000000,,,,2.175,
07/12/2019 08:52:00.000000,,,,14.357143,
07/12/2019 08:53:00.000000,,,,0.00932,
07/12/2019 08:54:00.000000,,,,4.821951,
07/12/2019 08:55:00.000000,,,,0.004504,
07/12/2019 08:56:00.000000,,,,11.574419,
07/12/2019 08:57:00.000000,,,,4.87561,
07/12/2019 08:58:00.000000,,,,2.321053,
07/12/2019 08:59:00.000000,,,,0.00739,
07/12/2019 09:00:00.000000,,,,2.74,
07/12/2019 09:01:00.000000,,,,0.002761,
07/12/2019 09:02:00.000000,,,,7.24,
07/12/2019 09:03:00.000000,,,,0.013596,
07/12/2019 09:04:00.000000,,,,8.65,
07/12/2019 09:05:00.000000,,,,0.0268,
07/12/2019 09:06:00.000000,,,,0.008067,
07/12/2019 09:07:00.000000,,,,6.925,
07/12/2019 09:08:00.000000,,,,0.020726,
07/12/2019 09:09:00.000000,,,,0.007068,
07/12/2019 09:10:00.000000,,,,0.010296,
07/12/2019 09:11:00.000000,,,,0.012766,
07/12/2019 09:12:00.000000,,,,8.52973,
07/12/2019 09:13:00.000000,,,,0.008635,
07/12/2019 09:14:00.000000,,,,0.003788,
07/12/2019 09:15:00.000000,,,,0.038297,
07/12/2019 09:16:00.000000,,,,10.151282,
07/12/2019 09:17:00.000000,,,,0.005206,
07/12/2019 09:18:00.000000,,,,4.929412,
07/12/2019 09:19:00.000000,,,,6.122727,
07/12/2019 09:20:00.000000,,,,15.925,
07/12/2019 09:21:00.000000,,,,10.434884,
07/12/2019 09:22:00.000000,,,,4.781818,
07/12/2019 09:23:00.000000,,,,9.478049,
07/12/2019 09:24:00.000000,,,,0.00954,
07/12/2019 09:25:00.000000,,,,3.097561,
07/12/2019 09:26:00.000000,,,,0.017635,
07/12/2019 09:27:00.000000,,,,24.181818,
07/12/2019 09:28:00.000000,,,,0.004947,
07/12/2019 09:30:00.000000,,,,9.7875,
07/12/2019 09:31:00.000000,,,,0.017646,
07/12/2019 09:32:00.000000,,,,4.045,
07/12/2019 09:33:00.000000,,,,10.976744,
07/12/2019 09:34:00.000000,,,,0.013063,
07/12/2019 09:35:00.000000,,,,24.7,
07/12/2019 09:36:00.000000,,,,0.010091,
07/12/2019 09:37:00.000000,,,,9.302439,
07/12/2019 09:38:00.000000,,,,12.573333,
07/12/2019 09:39:00.000000,,,,0.013108,
07/12/2019 09:40:00.000000,,,,9.958824,
07/12/2019 09:41:00.000000,,,,0.007877,
07/12/2019 09:42:00.000000,,,,0.003249,
07/12/2019 09:43:00.000000,,,,0.002979,
07/12/2019 09:44:00.000000,,,,3.184615,
07/12/2019 09:45:00.000000,,,,0.019751,
07/12/2019 09:46:00.000000,,,,23.257143,
07/12/2019 09:47:00.000000,,,,0.013368,
07/12/2019 09:48:00.000000,,,,0.009548,
07/12/2019 09:49:00.000000,,,,6.178571,
07/12/2019 09:50:00.000000,,,,0.005075,
07/12/2019 09:51:00.000000,,,,5.362791,
07/12/2019 09:52:00.000000,,,,0.009496,
07/12/2019 09:53:00.000000,,,,0.008189,
07/12/2019 09:54:00.000000,,,,6.512195,
07/12/2019 09:55:00.000000,,,,0.007992,
07/12/2019 09:56:00.000000,,,,3.269231,
07/12/2019 09:57:00.000000,,,,18.566667,
07/12/2019 09:58:00.000000,,,,0.019269,
07/12/2019 09:59:00.000000,,,,8.216667,
07/12/2019 10:00:00.000000,,,,7.213953,
07/12/2019 10:01:00.000000,,,,0.03803,
07/12/2019 10:02:00.000000,,,,0.008852,
07/12/2019 10:03:00.000000,,,,0.019901,
07/12/2019 10:04:00.000000,,,,6.989474,
07/12/2019 10:05:00.000000,,,,12.2,
07/12/2019 10:06:00.000000,,,,6.6,
07/12/2019 10:07:00.000000,,,,0.012532,
07/12/2019 10:08:00.000000,,,,0.005763,
07/12/2019 10:10:00.000000,,,,10.068182,
07/12/2019 10:11:00.000000,,,,0.00794,
07/12/2019 10:12:00.000000,,,,20.657143,
07/12/2019 10:13:00.000000,,,,8.502439,
07/12/2019 10:14:00.000000,,,,7.53,
07/12/2019 10:15:00.000000,,,,0.006281,
07/12/2019 10:16:00.000000,,,,24.445238,
07/12/2019 10:17:00.000000,,,,17.242857,
07/12/2019 10:18:00.000000,,,,8.162162,
07/12/2019 10:19:00.000000,,,,5.238095,
07/12/2019 10:20:00.000000,,,,6.554545,
07/12/2019 10:21:00.000000,,,,0.017808,
07/12/2019 10:22:00.000000,,,,4.04186,
07/12/2019 10:23:00.000000,,,,5.160976,
07/12/2019 10:24:00.000000,,,,10.676923,
07/12/2019 10:25:00.000000,,,,7.022727,
07/12/2019 10:26:00.000000,,,,0.011775,
07/12/2019 10:27:00.000000,,,,0.006033,
07/12/2019 10:28:00.000000,,,,12.990698,
07/12/2019 10:30:00.000000,,,,37.131579,
07/12/2019 10:31:00.000000,,,,0.014905,
07/12/2019 10:32:00.000000,,,,9.5375,
07/12/2019 10:33:00.000000,,,,3.571429,
07/12/2019 10:34:00.000000,,,,11.392308,
07/12/2019 10:35:00.000000,,,,0.008748,
07/12/2019 10:36:00.000000,,,,2.45814,
07/12/2019 10:37:00.000000,,,,9.154545,
07/12/2019 10:38:00.000000,,,,12.966667,
07/12/2019 10:39:00.000000,,,,13.76087,
07/12/2019 10:40:00.000000,,,,8.142857,
07/12/2019 10:41:00.000000,,,,0.009422,
07/12/2019 10:42:00.000000,,,,9.131579,
07/12/2019 10:43:00.000000,,,,8.609756,
07/12/2019 10:44:00.000000,,,,6.025581,
07/12/2019 10:45:00.000000,,,,10.328571,
07/12/2019 10:46:00.000000,,,,4.277273,
07/12/2019 10:47:00.000000,,,,0.003421,
07/12/2019 10:48:00.000000,,,,16.513514,
07/12/2019 10:50:00.000000,,,,0.017849,
07/12/2019 10:51:00.000000,,,,0.032008,
07/12/2019 10:52:00.000000,,,,19.125,
07/12/2019 10:53:00.000000,,,,0.014242,
07/12/2019 10:54:00.000000,,,,7.371429,
07/12/2019 10:55:00.000000,,,,0.00765,
07/12/2019 10:56:00.000000,,,,0.003814,
07/12/2019 10:57:00.000000,,,,15.27381,
07/12/2019 10:58:00.000000,,,,4.060526,
07/12/2019 10:59:00.000000,,,,5.74878,
07/12/2019 11:00:00.000000,,,,7.114634,
07/12/2019 11:01:00.000000,,,,0.011029,
07/12/2019 11:02:00.000000,,,,0.022845,
07/12/2019 11:03:00.000000,,,,8.971429,
07/12/2019 11:04:00.000000,,,,0.015238,
07/12/2019 11:05:00.000000,,,,0.01766,
07/12/2019 11:06:00.000000,,,,0.047701,
07/12/2019 11:07:00.000000,,,,26.533333,
07/12/2019 11:08:00.000000,,,,0.009048,
07/12/2019 11:10:00.000000,,,,0.015911,
07/12/2019 11:11:00.000000,,,,34.95,
07/12/2019 11:12:00.000000,,,,8.125,
07/12/2019 11:13:00.000000,,,,4.468293,
07/12/2019 11:14:00.000000,,,,2.66,
07/12/2019 11:15:00.000000,,,,0.002754,
07/12/2019 11:16:00.000000,,,,0.02913,
07/12/2019 11:17:00.000000,,,,13.533333,
07/12/2019 11:18:00.000000,,,,0.011636,
07/12/2019 11:19:00.000000,,,,7.536842,
07/12/2019 11:20:00.000000,,,,14.083333,
07/12/2019 11:21:00.000000,,,,10.542857,
07/12/2019 11:22:00.000000,,,,25.030233,
07/12/2019 11:23:00.000000,,,,13.22,
07/12/2019 11:24:00.000000,,,,19.829545,
07/12/2019 11:25:00.000000,,,,19.27907,
07/12/2019 11:26:00.000000,,,,0.007039,
07/12/2019 11:27:00.000000,,,,0.005072,
07/12/2019 11:28:00.000000,,,,0.02677,
07/12/2019 11:29:00.000000,,,,5.883333,
07/12/2019 11:30:00.000000,,,,0.009068,
07/12/2019 11:31:00.000000,,,,0.005114,
07/12/2019 11:32:00.000000,,,,0.005135,
07/12/2019 11:33:00.000000,,,,0.009161,
07/12/2019 11:34:00.000000,,,,0.004948,
07/12/2019 11:35:00.000000,,,,8.747059,
07/12/2019 11:36:00.000000,,,,4.404878,
07/12/2019 11:37:00.000000,,,,7.1,
07/12/2019 11:38:00.000000,,,,5.065854,
07/12/2019 11:39:00.000000,,,,10.904545,
07/12/2019 11:40:00.000000,,,,0.009358,
07/12/2019 11:41:00.000000,,,,4.789474,
07/12/2019 11:42:00.000000,,,,13.08,
07/12/2019 11:43:00.000000,,,,3.765957,
07/12/2019 11:44:00.000000,,,,2.5,
07/12/2019 11:45:00.000000,,,,6.816667,
07/12/2019 11:46:00.000000,,,,0.003727,
07/12/2019 11:47:00.000000,,,,7.315789,
07/12/2019 11:48:00.000000,,,,7.430769,
07/12/2019 11:49:00.000000,,,,0.023685,
07/12/2019 11:50:00.000000,,,,7.715,
07/12/2019 11:51:00.000000,,,,0.008975,
07/12/2019 11:52:00.000000,,,,0.011584,
07/12/2019 11:53:00.000000,,,,6.030769,
07/12/2019 11:54:00.000000,,,,6.868182,
07/12/2019 11:55:00.000000,,,,3.365789,
07/12/2019 11:56:00.000000,,,,3.136842,
07/12/2019 11:57:00.000000,,,,0.010497,
07/12/2019 11:58:00.000000,,,,5.095455,
07/12/2019 11:59:00.000000,,,,0.014803,
07/12/2019 12:00:00.000000,,,,7.261111,
07/12/2019 12:01:00.000000,,,,10.0,
07/12/2019 12:02:00.000000,,,,3.452381,
07/12/2019 12:03:00.000000,,,,9.754545,
07/12/2019 12:04:00.000000,,,,10.986667,
07/12/2019 12:05:00.000000,,,,9.634146,
07/12/2019 12:06:00.000000,,,,16.11282,
07/12/2019 12:07:00.000000,,,,0.025341,
07/12/2019 12:08:00.000000,,,,9.812195,
07/12/2019 12:09:00.000000,,,,0.004161,
07/12/2019 12:10:00.000000,,,,0.014306,
07/12/2019 12:11:00.000000,,,,0.010383,
07/12/2019 12:12:00.000000,,,,9.032558,
07/12/2019 12:13:00.000000,,,,18.390698,
07/12/2019 12:14:00.000000,,,,0.019793,
07/12/2019 12:15:00.000000,,,,18.160976,
07/12/2019 12:16:00.000000,,,,9.467568,
07/12/2019 12:17:00.000000,,,,12.174419,
07/12/2019 12:18:00.000000,,,,76.230233,
07/12/2019 12:19:00.000000,,,,29.865854,
07/12/2019 12:20:00.000000,,,,0.028923,
07/12/2019 12:21:00.000000,,,,12.0,
07/12/2019 12:22:00.000000,,,,9.976923,
07/12/2019 12:23:00.000000,,,,4.12,
07/12/2019 12:24:00.000000,,,,0.021956,
07/12/2019 12:25:00.000000,,,,12.777273,
07/12/2019 12:26:00.000000,,,,0.011791,
07/12/2019 12:27:00.000000,,,,8.304878,
07/12/2019 12:28:00.000000,,,,0.011428,
07/12/2019 12:29:00.000000,,,,20.872727,
07/12/2019 12:30:00.000000,,,,16.335897,
07/12/2019 12:31:00.000000,,,,11.371429,
07/12/2019 12:32:00.000000,,,,0.016978,
07/12/2019 12:33:00.000000,,,,10.848718,
07/12/2019 12:34:00.000000,,,,18.184615,
07/12/2019 12:35:00.000000,,,,0.019117,
07/12/2019 12:36:00.000000,,,,11.623077,
07/12/2019 12:37:00.000000,,,,0.005321,
07/12/2019 12:38:00.000000,,,,0.013281,
07/12/2019 12:39:00.000000,,,,0.025011,
07/12/2019 12:40:00.000000,,,,11.532558,
07/12/2019 12:41:00.000000,,,,0.011945,
07/12/2019 12:42:00.000000,,,,0.042038,
07/12/2019 12:43:00.000000,,,,7.953488,
07/12/2019 12:44:00.000000,,,,4.046154,
07/12/2019 12:45:00.000000,,,,17.061905,
07/12/2019 12:46:00.000000,,,,9.705,
07/12/2019 12:47:00.000000,,,,0.007418,
07/12/2019 12:48:00.000000,,,,0.014065,
07/12/2019 12:49:00.000000,,,,0.013003,
07/12/2019 12:50:00.000000,,,,0.004797,
07/12/2019 12:51:00.000000,,,,0.008888,
07/12/2019 12:52:00.000000,,,,0.02076,
07/12/2019 12:53:00.000000,,,,0.022596,
07/12/2019 12:54:00.000000,,,,0.013009,
07/12/2019 12:55:00.000000,,,,18.743902,
07/12/2019 12:56:00.000000,,,,0.005189,
07/12/2019 12:57:00.000000,,,,0.024986,
07/12/2019 12:58:00.000000,,,,0.052573,
07/12/2019 12:59:00.000000,,,,0.031462,
07/12/2019 13:00:00.000000,,,,24.845,
07/12/2019 13:01:00.000000,,,,0.045769,
07/12/2019 13:02:00.000000,,,,27.341463,
07/12/2019 13:03:00.000000,,,,0.023616,
07/12/2019 13:04:00.000000,,,,19.040909,
07/12/2019 13:05:00.000000,,,,0.016389,
07/12/2019 13:06:00.000000,,,,37.546154,
07/12/2019 13:07:00.000000,,,,0.039033,
07/12/2019 13:08:00.000000,,,,17.284615,
07/12/2019 13:09:00.000000,,,,16.980488,
07/12/2019 13:10:00.000000,,,,46.139024,
07/12/2019 13:11:00.000000,,,,17.34186,
07/12/2019 13:12:00.000000,,,,35.733333,
07/12/2019 13:13:00.000000,,,,0.027499,
07/12/2019 13:14:00.000000,,,,28.836364,
07/12/2019 13:15:00.000000,,,,43.670732,
07/12/2019 13:16:00.000000,,,,19.014286,
07/12/2019 13:17:00.000000,,,,22.395122,
07/12/2019 13:18:00.000000,,,,34.115,
07/12/2019 13:19:00.000000,,,,23.123077,
07/12/2019 13:20:00.000000,,,,0.026318,
07/12/2019 13:21:00.000000,,,,0.022213,
07/12/2019 13:22:00.000000,,,,0.0418,
07/12/2019 13:23:00.000000,,,,39.306818,
07/12/2019 13:24:00.000000,,,,31.595349,
07/12/2019 13:25:00.000000,,,,30.428571,
07/12/2019 13:26:00.000000,,,,21.777273,
07/12/2019 13:27:00.000000,,,,0.030024,
07/12/2019 13:28:00.000000,,,,28.680488,
07/12/2019 13:29:00.000000,,,,0.036513,
07/12/2019 13:30:00.000000,,,,31.939535,
07/12/2019 13:31:00.000000,,,,25.9,
07/12/2019 13:32:00.000000,,,,26.041463,
07/12/2019 13:33:00.000000,,,,0.025705,
07/12/2019 13:34:00.000000,,,,10.268293,
07/12/2019 13:35:00.000000,,,,18.273333,
07/12/2019 13:36:00.000000,,,,0.087367,
07/12/2019 13:37:00.000000,,,,21.992308,
07/12/2019 13:38:00.000000,,,,37.04359,
07/12/2019 13:39:00.000000,,,,0.028475,
07/12/2019 13:40:00.000000,,,,11.3,
07/12/2019 13:41:00.000000,,,,22.95,
07/12/2019 13:42:00.000000,,,,0.036533,
07/12/2019 13:43:00.000000,,,,0.027361,
07/12/2019 13:44:00.000000,,,,0.02165,
07/12/2019 13:45:00.000000,,,,0.031335,
07/12/2019 13:46:00.000000,,,,19.835,
07/12/2019 13:47:00.000000,,,,12.547368,
07/12/2019 13:48:00.000000,,,,0.028171,
07/12/2019 13:49:00.000000,,,,0.038737,
07/12/2019 13:50:00.000000,,,,23.5375,
07/12/2019 13:51:00.000000,,,,13.85,
07/12/2019 13:52:00.000000,,,,0.049523,
07/12/2019 13:53:00.000000,,,,0.028836,
07/12/2019 13:54:00.000000,,,,22.139024,
07/12/2019 13:55:00.000000,,,,32.783333,
07/12/2019 13:56:00.000000,,,,0.045167,
07/12/2019 13:57:00.000000,,,,42.205,
07/12/2019 13:58:00.000000,,,,0.036237,
07/12/2019 13:59:00.000000,,,,31.844444,
07/12/2019 14:00:00.000000,,,,30.638095,
07/12/2019 14:01:00.000000,,,,31.07027,
07/12/2019 14:02:00.000000,,,,0.044931,
07/12/2019 14:03:00.000000,,,,0.058683,
07/12/2019 14:04:00.000000,,,,0.050041,
07/12/2019 14:05:00.000000,,,,0.06741,
07/12/2019 14:06:00.000000,,,,0.0503,
07/12/2019 14:07:00.000000,,,,66.169231,
07/12/2019 14:08:00.000000,,,,0.063126,
07/12/2019 14:09:00.000000,,,,48.222222,
07/12/2019 14:10:00.000000,,,,39.139024,
07/12/2019 14:11:00.000000,,,,32.378571,
07/12/2019 14:12:00.000000,,,,55.906667,
07/12/2019 14:13:00.000000,,,,0.041398,
07/12/2019 14:14:00.000000,,,,43.561905,
07/12/2019 14:15:00.000000,,,,0.048731,
07/12/2019 14:16:00.000000,,,,35.273171,
07/12/2019 14:17:00.000000,,,,22.467442,
07/12/2019 14:18:00.000000,,,,48.961905,
07/12/2019 14:19:00.000000,,,,0.067011,
07/12/2019 14:20:00.000000,,,,0.044836,
07/12/2019 14:21:00.000000,,,,25.616279,
07/12/2019 14:22:00.000000,,,,0.036267,
07/12/2019 14:23:00.000000,,,,0.056177,
07/12/2019 14:24:00.000000,,,,21.271429,
07/12/2019 14:25:00.000000,,,,35.195122,
07/12/2019 14:26:00.000000,,,,35.483721,
07/12/2019 14:27:00.000000,,,,35.464103,
07/12/2019 14:28:00.000000,,,,40.85,
07/12/2019 14:29:00.000000,,,,39.390244,
07/12/2019 14:30:00.000000,,,,0.062598,
07/12/2019 14:31:00.000000,,,,0.07102,
07/12/2019 14:32:00.000000,,,,39.885714,
07/12/2019 14:33:00.000000,,,,64.82,
07/12/2019 14:34:00.000000,,,,0.049256,
07/12/2019 14:35:00.000000,,,,41.739024,
07/12/2019 14:36:00.000000,,,,43.604878,
07/12/2019 14:37:00.000000,,,,36.2,
07/12/2019 14:38:00.000000,,,,56.142857,
07/12/2019 14:39:00.000000,,,,38.96,
07/12/2019 14:40:00.000000,,,,0.042566,
07/12/2019 14:41:00.000000,,,,53.3,
07/12/2019 14:42:00.000000,,,,24.7,
07/12/2019 14:43:00.000000,,,,0.032027,
07/12/2019 14:44:00.000000,,,,20.025,
07/12/2019 14:45:00.000000,,,,53.460465,
07/12/2019 14:46:00.000000,,,,0.05928,
07/12/2019 14:47:00.000000,,,,35.253846,
07/12/2019 14:48:00.000000,,,,44.057143,
07/12/2019 14:49:00.000000,,,,42.297674,
07/12/2019 14:50:00.000000,,,,0.038418,
07/12/2019 14:51:00.000000,,,,29.82619,
07/12/2019 14:52:00.000000,,,,0.058864,
07/12/2019 14:53:00.000000,,,,40.87234,
07/12/2019 14:54:00.000000,,,,58.4,
07/12/2019 14:55:00.000000,,,,64.8,
07/12/2019 14:56:00.000000,,,,41.319149,
07/12/2019 14:57:00.000000,,,,19.082353,
07/12/2019 14:58:00.000000,,,,0.046487,
07/12/2019 14:59:00.000000,,,,16.626316,
07/12/2019 15:00:00.000000,,,,0.029142,
07/12/2019 15:01:00.000000,,,,11.786486,
07/12/2019 15:02:00.000000,,,,13.9,
07/12/2019 15:03:00.000000,,,,36.421951,
07/12/2019 15:04:00.000000,,,,24.4,
07/12/2019 15:05:00.000000,,,,26.238095,
07/12/2019 15:06:00.000000,,,,0.060852,
07/12/2019 15:07:00.000000,,,,0.035621,
07/12/2019 15:08:00.000000,,,,0.021454,
07/12/2019 15:10:00.000000,,,,0.049723,
07/12/2019 15:11:00.000000,,,,30.35,
07/12/2019 15:12:00.000000,,,,0.027495,
07/12/2019 15:13:00.000000,,,,0.050135,
07/12/2019 15:14:00.000000,,,,0.048567,
07/12/2019 15:15:00.000000,,,,0.027885,
07/12/2019 15:16:00.000000,,,,0.022819,
07/12/2019 15:17:00.000000,,,,0.028712,
07/12/2019 15:18:00.000000,,,,17.945455,
07/12/2019 15:19:00.000000,,,,0.032132,
07/12/2019 15:20:00.000000,,,,0.026583,
07/12/2019 15:21:00.000000,,,,34.660465,
07/12/2019 15:22:00.000000,,,,32.415909,
07/12/2019 15:23:00.000000,,,,38.409524,
07/12/2019 15:24:00.000000,,,,0.046068,
07/12/2019 15:25:00.000000,,,,0.030927,
07/12/2019 15:26:00.000000,,,,23.04878,
07/12/2019 15:27:00.000000,,,,21.292683,
07/12/2019 15:28:00.000000,,,,17.417949,
07/12/2019 15:29:00.000000,,,,20.370732,
07/12/2019 15:30:00.000000,,,,32.742857,
07/12/2019 15:31:00.000000,,,,23.82,
07/12/2019 15:32:00.000000,,,,18.479545,
07/12/2019 15:33:00.000000,,,,0.024678,
07/12/2019 15:34:00.000000,,,,0.035402,
07/12/2019 15:35:00.000000,,,,0.043976,
07/12/2019 15:36:00.000000,,,,0.033204,
07/12/2019 15:37:00.000000,,,,35.542857,
07/12/2019 15:38:00.000000,,,,26.11,
07/12/2019 15:39:00.000000,,,,21.833333,
07/12/2019 15:40:00.000000,,,,21.065789,
07/12/2019 15:41:00.000000,,,,26.4,
07/12/2019 15:42:00.000000,,,,0.034238,
07/12/2019 15:43:00.000000,,,,32.474419,
07/12/2019 15:44:00.000000,,,,0.02597,
07/12/2019 15:45:00.000000,,,,0.022537,
07/12/2019 15:46:00.000000,,,,0.023833,
07/12/2019 15:47:00.000000,,,,0.023336,
07/12/2019 15:48:00.000000,,,,11.814286,
07/12/2019 15:50:00.000000,,,,23.707317,
07/12/2019 15:51:00.000000,,,,0.034576,
07/12/2019 15:52:00.000000,,,,17.565909,
07/12/2019 15:53:00.000000,,,,31.632558,
07/12/2019 15:54:00.000000,,,,0.028109,
07/12/2019 15:55:00.000000,,,,24.494286,
07/12/2019 15:56:00.000000,,,,25.753659,
07/12/2019 15:57:00.000000,,,,37.672727,
07/12/2019 15:58:00.000000,,,,0.032832,
07/12/2019 15:59:00.000000,,,,34.314286,
07/12/2019 16:00:00.000000,,,,20.758536,
07/12/2019 16:01:00.000000,,,,0.02558,
07/12/2019 16:02:00.000000,,,,0.048757,
07/12/2019 16:03:00.000000,,,,28.095,
07/12/2019 16:04:00.000000,,,,0.051246,
07/12/2019 16:05:00.000000,,,,0.064642,
07/12/2019 16:06:00.000000,,,,0.057955,
07/12/2019 16:07:00.000000,,,,23.92,
07/12/2019 16:08:00.000000,,,,21.962791,
07/12/2019 16:09:00.000000,,,,0.028707,
07/12/2019 16:10:00.000000,,,,0.043336,
07/12/2019 16:11:00.000000,,,,22.095349,
07/12/2019 16:12:00.000000,,,,28.984615,
07/12/2019 16:13:00.000000,,,,24.717073,
07/12/2019 16:14:00.000000,,,,0.049125,
07/12/2019 16:15:00.000000,,,,43.331818,
07/12/2019 16:16:00.000000,,,,0.043683,
07/12/2019 16:17:00.000000,,,,28.986364,
07/12/2019 16:18:00.000000,,,,0.028188,
07/12/2019 16:19:00.000000,,,,0.050132,
07/12/2019 16:20:00.000000,,,,0.03244,
07/12/2019 16:21:00.000000,,,,0.044169,
07/12/2019 16:22:00.000000,,,,26.644186,
07/12/2019 16:23:00.000000,,,,26.171429,
07/12/2019 16:24:00.000000,,,,0.05038,
07/12/2019 16:25:00.000000,,,,0.047784,
07/12/2019 16:26:00.000000,,,,0.05525,
07/12/2019 16:27:00.000000,,,,30.256098,
07/12/2019 16:28:00.000000,,,,0.045208,
07/12/2019 16:30:00.000000,,,,0.054536,
07/12/2019 16:31:00.000000,,,,55.581818,
07/12/2019 16:32:00.000000,,,,0.059903,
07/12/2019 16:33:00.000000,,,,63.704878,
07/12/2019 16:34:00.000000,,,,0.061807,
07/12/2019 16:35:00.000000,,,,0.080676,
07/12/2019 16:36:00.000000,,,,67.672727,
07/12/2019 16:37:00.000000,,,,81.9,
07/12/2019 16:38:00.000000,,,,42.395349,
07/12/2019 16:39:00.000000,,,,71.567442,
07/12/2019 16:40:00.000000,,,,69.271429,
07/12/2019 16:41:00.000000,,,,0.085504,
07/12/2019 16:42:00.000000,,,,44.502439,
07/12/2019 16:43:00.000000,,,,0.108783,
07/12/2019 16:44:00.000000,,,,0.080735,
07/12/2019 16:45:00.000000,,,,87.286667,
07/12/2019 16:46:00.000000,,,,60.687805,
07/12/2019 16:47:00.000000,,,,0.070897,
07/12/2019 16:48:00.000000,,,,0.051656,
07/12/2019 16:49:00.000000,,,,0.062035,
07/12/2019 16:50:00.000000,,,,30.442857,
07/12/2019 16:51:00.000000,,,,0.061255,
07/12/2019 16:52:00.000000,,,,37.026471,
07/12/2019 16:53:00.000000,,,,0.036424,
07/12/2019 16:54:00.000000,,,,19.760465,
07/12/2019 16:55:00.000000,,,,45.415555,
07/12/2019 16:56:00.000000,,,,41.29,
07/12/2019 16:57:00.000000,,,,55.625,
07/12/2019 16:58:00.000000,,,,0.118106,
07/12/2019 16:59:00.000000,,,,0.054193,
07/12/2019 17:00:00.000000,,,,0.063023,
07/12/2019 17:01:00.000000,,,,55.3,
07/12/2019 17:02:00.000000,,,,0.074033,
07/12/2019 17:03:00.000000,,,,50.221053,
07/12/2019 17:04:00.000000,,,,0.07256,
07/12/2019 17:05:00.000000,,,,0.037535,
07/12/2019 17:06:00.000000,,,,40.07,
07/12/2019 17:07:00.000000,,,,44.576923,
07/12/2019 17:08:00.000000,,,,30.57619,
07/12/2019 17:09:00.000000,,,,0.059039,
07/12/2019 17:10:00.000000,,,,0.044029,
07/12/2019 17:11:00.000000,,,,0.024154,
07/12/2019 17:12:00.000000,,,,21.754348,
07/12/2019 17:13:00.000000,,,,17.404762,
07/12/2019 17:14:00.000000,,,,21.26875,
07/12/2019 17:15:00.000000,,,,35.615385,
07/12/2019 17:16:00.000000,,,,0.02662,
07/12/2019 17:17:00.000000,,,,0.042081,
07/12/2019 17:18:00.000000,,,,0.043932,
07/12/2019 17:19:00.000000,,,,56.257143,
07/12/2019 17:20:00.000000,,,,37.975758,
07/12/2019 17:21:00.000000,,,,40.117073,
07/12/2019 17:22:00.000000,,,,0.0443,
07/12/2019 17:23:00.000000,,,,0.073844,
07/12/2019 17:24:00.000000,,,,30.582857,
07/12/2019 17:25:00.000000,,,,46.492857,
07/12/2019 17:26:00.000000,,,,33.55,
07/12/2019 17:27:00.000000,,,,42.06,
07/12/2019 17:28:00.000000,,,,0.068256,
07/12/2019 17:29:00.000000,,,,45.928571,
07/12/2019 17:30:00.000000,,,,45.26,
07/12/2019 17:31:00.000000,,,,0.073416,
07/12/2019 17:32:00.000000,,,,0.059773,
07/12/2019 17:33:00.000000,,,,37.82093,
07/12/2019 17:34:00.000000,,,,0.081284,
07/12/2019 17:35:00.000000,,,,0.047521,
07/12/2019 17:36:00.000000,,,,25.495,
07/12/2019 17:37:00.000000,,,,0.03859,
07/12/2019 17:38:00.000000,,,,0.040801,
07/12/2019 17:39:00.000000,,,,31.345455,
07/12/2019 17:40:00.000000,,,,43.840541,
07/12/2019 17:41:00.000000,,,,42.836585,
07/12/2019 17:42:00.000000,,,,32.302439,
07/12/2019 17:43:00.000000,,,,27.276744,
07/12/2019 17:44:00.000000,,,,0.054598,
07/12/2019 17:45:00.000000,,,,52.307692,
07/12/2019 17:46:00.000000,,,,0.025057,
07/12/2019 17:47:00.000000,,,,0.056233,
07/12/2019 17:48:00.000000,,,,0.03968,
07/12/2019 17:49:00.000000,,,,0.071608,
07/12/2019 17:50:00.000000,,,,0.048309,
07/12/2019 17:51:00.000000,,,,40.965789,
07/12/2019 17:52:00.000000,,,,46.958537,
07/12/2019 17:53:00.000000,,,,0.043139,
07/12/2019 17:54:00.000000,,,,0.03521,
07/12/2019 17:55:00.000000,,,,35.471795,
07/12/2019 17:56:00.000000,,,,0.10624,
07/12/2019 17:57:00.000000,,,,56.58,
07/12/2019 17:58:00.000000,,,,0.028499,
07/12/2019 17:59:00.000000,,,,33.925,
07/12/2019 18:00:00.000000,,,,22.020513,
07/12/2019 18:01:00.000000,,,,20.48,
07/12/2019 18:02:00.000000,,,,0.065593,
07/12/2019 18:03:00.000000,,,,0.031339,
07/12/2019 18:04:00.000000,,,,0.055697,
07/12/2019 18:05:00.000000,,,,42.236585,
07/12/2019 18:06:00.000000,,,,0.046498,
07/12/2019 18:07:00.000000,,,,0.066985,
07/12/2019 18:08:00.000000,,,,22.313636,
07/12/2019 18:09:00.000000,,,,0.078216,
07/12/2019 18:10:00.000000,,,,26.4,
07/12/2019 18:11:00.000000,,,,31.521951,
07/12/2019 18:12:00.000000,,,,47.797674,
07/12/2019 18:13:00.000000,,,,0.042374,
07/12/2019 18:14:00.000000,,,,0.048101,
07/12/2019 18:15:00.000000,,,,0.042233,
07/12/2019 18:16:00.000000,,,,0.049551,
07/12/2019 18:17:00.000000,,,,0.031454,
07/12/2019 18:18:00.000000,,,,0.041046,
07/12/2019 18:19:00.000000,,,,0.045728,
07/12/2019 18:20:00.000000,,,,21.517647,
07/12/2019 18:21:00.000000,,,,33.472093,
07/12/2019 18:22:00.000000,,,,40.88,
07/12/2019 18:23:00.000000,,,,0.044073,
07/12/2019 18:24:00.000000,,,,33.961538,
07/12/2019 18:25:00.000000,,,,0.024562,
07/12/2019 18:26:00.000000,,,,0.026936,
07/12/2019 18:27:00.000000,,,,0.017768,
07/12/2019 18:28:00.000000,,,,23.239024,
07/12/2019 18:30:00.000000,,,,18.865116,
07/12/2019 18:31:00.000000,,,,30.9625,
07/12/2019 18:32:00.000000,,,,376.540909,
07/12/2019 18:33:00.000000,,,,0.094151,
07/12/2019 18:34:00.000000,,,,41.9,
07/12/2019 18:35:00.000000,,,,22.4375,
07/12/2019 18:36:00.000000,,,,33.560976,
07/12/2019 18:37:00.000000,,,,29.268293,
07/12/2019 18:38:00.000000,,,,0.030855,
07/12/2019 18:39:00.000000,,,,0.028514,
07/12/2019 18:40:00.000000,,,,0.059849,
07/12/2019 18:41:00.000000,,,,29.04878,
07/12/2019 18:42:00.000000,,,,16.37381,
07/12/2019 18:43:00.000000,,,,0.037213,
07/12/2019 18:44:00.000000,,,,22.811111,
07/12/2019 18:45:00.000000,,,,31.385714,
07/12/2019 18:46:00.000000,,,,22.585366,
07/12/2019 18:47:00.000000,,,,0.027808,
07/12/2019 18:48:00.000000,,,,22.433333,
07/12/2019 18:49:00.000000,,,,26.8,
07/12/2019 18:50:00.000000,,,,0.044479,
07/12/2019 18:51:00.000000,,,,26.407143,
07/12/2019 18:52:00.000000,,,,34.334884,
07/12/2019 18:53:00.000000,,,,0.02519,
07/12/2019 18:54:00.000000,,,,36.206977,
07/12/2019 18:55:00.000000,,,,0.044465,
07/12/2019 18:56:00.000000,,,,0.043404,
07/12/2019 18:57:00.000000,,,,0.031944,
07/12/2019 18:58:00.000000,,,,0.029964,
07/12/2019 18:59:00.000000,,,,0.020413,
07/12/2019 19:00:00.000000,,,,0.039908,
07/12/2019 19:01:00.000000,,,,30.823077,
07/12/2019 19:02:00.000000,,,,0.02605,
07/12/2019 19:03:00.000000,,,,28.257143,
07/12/2019 19:04:00.000000,,,,32.202381,
07/12/2019 19:05:00.000000,,,,0.022702,
07/12/2019 19:06:00.000000,,,,13.442857,
07/12/2019 19:07:00.000000,,,,34.983721,
07/12/2019 19:08:00.000000,,,,0.071566,
07/12/2019 19:10:00.000000,,,,32.057143,
07/12/2019 19:11:00.000000,,,,0.030554,
07/12/2019 19:12:00.000000,,,,0.023881,
07/12/2019 19:13:00.000000,,,,17.812195,
07/12/2019 19:14:00.000000,,,,0.025639,
07/12/2019 19:15:00.000000,,,,25.714286,
07/12/2019 19:16:00.000000,,,,0.063162,
07/12/2019 19:17:00.000000,,,,0.028243,
07/12/2019 19:18:00.000000,,,,27.390698,
07/12/2019 19:19:00.000000,,,,39.697436,
07/12/2019 19:20:00.000000,,,,0.040504,
07/12/2019 19:21:00.000000,,,,34.278947,
07/12/2019 19:22:00.000000,,,,0.027155,
07/12/2019 19:23:00.000000,,,,0.014486,
07/12/2019 19:24:00.000000,,,,0.035581,
07/12/2019 19:25:00.000000,,,,20.627273,
07/12/2019 19:26:00.000000,,,,0.036661,
07/12/2019 19:27:00.000000,,,,30.165854,
07/12/2019 19:28:00.000000,,,,0.053502,
07/12/2019 19:29:00.000000,,,,41.276923,
07/12/2019 19:30:00.000000,,,,0.027639,
07/12/2019 19:31:00.000000,,,,35.5,
07/12/2019 19:32:00.000000,,,,0.059889,
07/12/2019 19:33:00.000000,,,,31.271429,
07/12/2019 19:34:00.000000,,,,0.060086,
07/12/2019 19:35:00.000000,,,,28.733333,
07/12/2019 19:36:00.000000,,,,54.171429,
07/12/2019 19:37:00.000000,,,,0.046408,
07/12/2019 19:38:00.000000,,,,0.05369,
07/12/2019 19:39:00.000000,,,,0.042618,
07/12/2019 19:40:00.000000,,,,0.046699,
07/12/2019 19:41:00.000000,,,,35.151163,
07/12/2019 19:42:00.000000,,,,37.341026,
07/12/2019 19:43:00.000000,,,,35.907317,
07/12/2019 19:44:00.000000,,,,33.682051,
07/12/2019 19:45:00.000000,,,,33.313953,
07/12/2019 19:46:00.000000,,,,54.838636,
07/12/2019 19:47:00.000000,,,,0.050773,
07/12/2019 19:48:00.000000,,,,0.060138,
07/12/2019 19:49:00.000000,,,,0.04095,
07/12/2019 19:50:00.000000,,,,0.041452,
07/12/2019 19:51:00.000000,,,,0.044008,
07/12/2019 19:52:00.000000,,,,48.953488,
07/12/2019 19:53:00.000000,,,,67.046512,
07/12/2019 19:54:00.000000,,,,44.270732,
07/12/2019 19:55:00.000000,,,,54.8875,
07/12/2019 19:56:00.000000,,,,0.064846,
07/12/2019 19:57:00.000000,,,,0.048834,
07/12/2019 19:58:00.000000,,,,57.708696,
07/12/2019 19:59:00.000000,,,,0.06679,
07/12/2019 20:00:00.000000,,,,29.078571,
07/12/2019 20:01:00.000000,,,,0.050745,
07/12/2019 20:02:00.000000,,,,0.038644,
07/12/2019 20:03:00.000000,,,,0.026062,
07/12/2019 20:04:00.000000,,,,0.036193,
07/12/2019 20:05:00.000000,,,,33.804545,
07/12/2019 20:06:00.000000,,,,0.093108,
07/12/2019 20:07:00.000000,,,,0.055624,
07/12/2019 20:08:00.000000,,,,0.052069,
07/12/2019 20:10:00.000000,,,,28.06,
07/12/2019 20:11:00.000000,,,,0.02888,
07/12/2019 20:12:00.000000,,,,27.776744,
07/12/2019 20:13:00.000000,,,,32.623077,
07/12/2019 20:14:00.000000,,,,0.043235,
07/12/2019 20:15:00.000000,,,,0.037174,
07/12/2019 20:16:00.000000,,,,43.542857,
07/12/2019 20:17:00.000000,,,,22.846154,
07/12/2019 20:18:00.000000,,,,39.777143,
07/12/2019 20:19:00.000000,,,,0.042881,
07/12/2019 20:20:00.000000,,,,0.04482,
07/12/2019 20:21:00.000000,,,,0.03365,
07/12/2019 20:22:00.000000,,,,0.020996,
07/12/2019 20:23:00.000000,,,,11.257143,
07/12/2019 20:24:00.000000,,,,16.8875,
07/12/2019 20:25:00.000000,,,,50.171429,
07/12/2019 20:26:00.000000,,,,0.06027,
07/12/2019 20:27:00.000000,,,,0.036454,
07/12/2019 20:28:00.000000,,,,0.068258,
07/12/2019 20:30:00.000000,,,,51.033333,
07/12/2019 20:31:00.000000,,,,133.490909,
07/12/2019 20:32:00.000000,,,,70.3125,
07/12/2019 20:33:00.000000,,,,0.048103,
07/12/2019 20:34:00.000000,,,,43.053846,
07/12/2019 20:35:00.000000,,,,0.041175,
07/12/2019 20:36:00.000000,,,,0.043628,
07/12/2019 20:37:00.000000,,,,26.914286,
07/12/2019 20:38:00.000000,,,,0.042007,
07/12/2019 20:39:00.000000,,,,46.714286,
07/12/2019 20:40:00.000000,,,,0.051896,
07/12/2019 20:41:00.000000,,,,0.044061,
07/12/2019 20:42:00.000000,,,,34.169767,
07/12/2019 20:43:00.000000,,,,42.930769,
07/12/2019 20:44:00.000000,,,,32.175,
07/12/2019 20:45:00.000000,,,,0.042353,
07/12/2019 20:46:00.000000,,,,45.889744,
07/12/2019 20:47:00.000000,,,,32.075,
07/12/2019 20:48:00.000000,,,,80.263415,
07/12/2019 20:50:00.000000,,,,42.069767,
07/12/2019 20:51:00.000000,,,,0.036332,
07/12/2019 20:52:00.000000,,,,44.165,
07/12/2019 20:53:00.000000,,,,37.961905,
07/12/2019 20:54:00.000000,,,,34.6875,
07/12/2019 20:55:00.000000,,,,0.038216,
07/12/2019 20:56:00.000000,,,,0.038357,
07/12/2019 20:57:00.000000,,,,21.255556,
07/12/2019 20:58:00.000000,,,,30.956098,
07/12/2019 20:59:00.000000,,,,0.045278,
07/12/2019 21:00:00.000000,,,,19.746667,
07/12/2019 21:01:00.000000,,,,15.609302,
07/12/2019 21:02:00.000000,,,,54.233333,
07/12/2019 21:03:00.000000,,,,0.049913,
07/12/2019 21:04:00.000000,,,,0.039758,
07/12/2019 21:05:00.000000,,,,0.041095,
07/12/2019 21:06:00.000000,,,,45.797561,
07/12/2019 21:07:00.000000,,,,0.05238,
07/12/2019 21:08:00.000000,,,,0.021803,
07/12/2019 21:09:00.000000,,,,0.031604,
07/12/2019 21:10:00.000000,,,,41.714286,
07/12/2019 21:11:00.000000,,,,0.047703,
07/12/2019 21:12:00.000000,,,,32.369767,
07/12/2019 21:13:00.000000,,,,45.375758,
07/12/2019 21:14:00.000000,,,,0.035188,
07/12/2019 21:15:00.000000,,,,34.225,
07/12/2019 21:16:00.000000,,,,0.030449,
07/12/2019 21:17:00.000000,,,,0.058929,
07/12/2019 21:18:00.000000,,,,35.069767,
07/12/2019 21:19:00.000000,,,,0.035548,
07/12/2019 21:20:00.000000,,,,0.049684,
07/12/2019 21:21:00.000000,,,,32.823256,
07/12/2019 21:22:00.000000,,,,0.033325,
07/12/2019 21:23:00.000000,,,,25.44,
07/12/2019 21:24:00.000000,,,,0.035015,
07/12/2019 21:25:00.000000,,,,0.031819,
07/12/2019 21:26:00.000000,,,,36.483333,
07/12/2019 21:27:00.000000,,,,58.274419,
07/12/2019 21:28:00.000000,,,,41.930952,
07/12/2019 21:29:00.000000,,,,0.008797,
07/12/2019 21:30:00.000000,,,,12.669565,
07/12/2019 21:31:00.000000,,,,36.16129,
07/12/2019 21:32:00.000000,,,,0.049789,
07/12/2019 21:33:00.000000,,,,27.77619,
07/12/2019 21:34:00.000000,,,,5.9125,
07/12/2019 21:35:00.000000,,,,29.869048,
07/12/2019 21:36:00.000000,,,,38.768182,
07/12/2019 21:37:00.000000,,,,0.039452,
07/12/2019 21:38:00.000000,,,,28.095122,
07/12/2019 21:39:00.000000,,,,0.024951,
07/12/2019 21:40:00.000000,,,,0.0356,
07/12/2019 21:41:00.000000,,,,22.563636,
07/12/2019 21:42:00.000000,,,,26.955882,
07/12/2019 21:43:00.000000,,,,0.045004,
07/12/2019 21:44:00.000000,,,,0.052954,
07/12/2019 21:45:00.000000,,,,48.406452,
07/12/2019 21:46:00.000000,,,,0.055964,
07/12/2019 21:47:00.000000,,,,0.029962,
07/12/2019 21:48:00.000000,,,,29.232353,
07/12/2019 21:49:00.000000,,,,33.118421,
07/12/2019 21:50:00.000000,,,,0.030525,
07/12/2019 21:51:00.000000,,,,0.042508,
07/12/2019 21:52:00.000000,,,,25.136957,
07/12/2019 21:53:00.000000,,,,37.297561,
07/12/2019 21:54:00.000000,,,,0.029727,
07/12/2019 21:55:00.000000,,,,15.184211,
07/12/2019 21:56:00.000000,,,,18.302326,
07/12/2019 21:57:00.000000,,,,0.080351,
07/12/2019 21:58:00.000000,,,,0.071823,
07/12/2019 21:59:00.000000,,,,17.242857,
07/12/2019 22:00:00.000000,,,,29.615,
07/12/2019 22:01:00.000000,,,,0.028548,
07/12/2019 22:02:00.000000,,,,9.64,
07/12/2019 22:03:00.000000,,,,0.050137,
07/12/2019 22:04:00.000000,,,,0.030797,
07/12/2019 22:05:00.000000,,,,12.748837,
07/12/2019 22:06:00.000000,,,,37.2,
07/12/2019 22:07:00.000000,,,,0.018545,
07/12/2019 22:08:00.000000,,,,10.144186,
07/12/2019 22:09:00.000000,,,,21.516279,
07/12/2019 22:10:00.000000,,,,22.066667,
07/12/2019 22:11:00.000000,,,,0.005046,
07/12/2019 22:12:00.000000,,,,5.214286,
07/12/2019 22:13:00.000000,,,,42.613953,
07/12/2019 22:14:00.000000,,,,16.252174,
07/12/2019 22:15:00.000000,,,,0.031508,
07/12/2019 22:16:00.000000,,,,24.5625,
07/12/2019 22:17:00.000000,,,,0.021941,
07/12/2019 22:18:00.000000,,,,25.609302,
07/12/2019 22:19:00.000000,,,,5.372093,
07/12/2019 22:20:00.000000,,,,0.005725,
07/12/2019 22:21:00.000000,,,,0.014156,
07/12/2019 22:22:00.000000,,,,0.007479,
07/12/2019 22:23:00.000000,,,,0.011396,
07/12/2019 22:24:00.000000,,,,0.013108,
07/12/2019 22:25:00.000000,,,,0.003692,
07/12/2019 22:26:00.000000,,,,6.330233,
07/12/2019 22:27:00.000000,,,,0.026055,
07/12/2019 22:28:00.000000,,,,0.009254,
07/12/2019 22:29:00.000000,,,,0.022316,
07/12/2019 22:30:00.000000,,,,9.318919,
07/12/2019 22:31:00.000000,,,,7.984615,
07/12/2019 22:32:00.000000,,,,0.003096,
07/12/2019 22:33:00.000000,,,,16.2,
07/12/2019 22:34:00.000000,,,,23.633333,
07/12/2019 22:35:00.000000,,,,0.014932,
07/12/2019 22:36:00.000000,,,,10.8,
07/12/2019 22:37:00.000000,,,,3.110526,
07/12/2019 22:38:00.000000,,,,9.676744,
07/12/2019 22:39:00.000000,,,,8.246154,
07/12/2019 22:40:00.000000,,,,18.178378,
07/12/2019 22:41:00.000000,,,,0.014546,
07/12/2019 22:42:00.000000,,,,6.270732,
07/12/2019 22:43:00.000000,,,,8.82,
07/12/2019 22:44:00.000000,,,,0.01358,
07/12/2019 22:45:00.000000,,,,0.019802,
07/12/2019 22:46:00.000000,,,,0.01019,
07/12/2019 22:47:00.000000,,,,8.45,
07/12/2019 22:48:00.000000,,,,0.028073,
07/12/2019 22:49:00.000000,,,,4.914286,
07/12/2019 22:50:00.000000,,,,2.576923,
07/12/2019 22:51:00.000000,,,,0.00856,
07/12/2019 22:52:00.000000,,,,0.005129,
07/12/2019 22:53:00.000000,,,,0.008796,
07/12/2019 22:54:00.000000,,,,0.011764,
07/12/2019 22:55:00.000000,,,,10.183721,
07/12/2019 22:56:00.000000,,,,14.272727,
07/12/2019 22:57:00.000000,,,,0.003144,
07/12/2019 22:58:00.000000,,,,9.385,
07/12/2019 22:59:00.000000,,,,0.008538,
07/12/2019 23:00:00.000000,,,,12.502439,
07/12/2019 23:01:00.000000,,,,0.00871,
07/12/2019 23:02:00.000000,,,,0.006266,
07/12/2019 23:03:00.000000,,,,7.154762,
07/12/2019 23:04:00.000000,,,,0.019811,
07/12/2019 23:05:00.000000,,,,12.237143,
07/12/2019 23:06:00.000000,,,,0.032712,
07/12/2019 23:07:00.000000,,,,11.9,
07/12/2019 23:08:00.000000,,,,0.025508,
07/12/2019 23:09:00.000000,,,,0.01028,
07/12/2019 23:10:00.000000,,,,8.283333,
07/12/2019 23:11:00.000000,,,,0.015876,
07/12/2019 23:12:00.000000,,,,0.009137,
07/12/2019 23:13:00.000000,,,,16.239535,
07/12/2019 23:14:00.000000,,,,3.770732,
07/12/2019 23:15:00.000000,,,,6.069048,
07/12/2019 23:16:00.000000,,,,0.026249,
07/12/2019 23:17:00.000000,,,,10.45814,
07/12/2019 23:18:00.000000,,,,4.988372,
07/12/2019 23:19:00.000000,,,,0.032328,
07/12/2019 23:20:00.000000,,,,13.969767,
07/12/2019 23:21:00.000000,,,,6.919048,
07/12/2019 23:22:00.000000,,,,12.385714,
07/12/2019 23:23:00.000000,,,,0.005033,
07/12/2019 23:24:00.000000,,,,0.020085,
07/12/2019 23:25:00.000000,,,,0.067434,
07/12/2019 23:26:00.000000,,,,10.686111,
07/12/2019 23:27:00.000000,,,,10.580488,
07/12/2019 23:28:00.000000,,,,20.267567,
07/12/2019 23:30:00.000000,,,,0.024814,
07/12/2019 23:31:00.000000,,,,0.047568,
07/12/2019 23:32:00.000000,,,,0.028198,
07/12/2019 23:33:00.000000,,,,0.02014,
07/12/2019 23:34:00.000000,,,,10.255,
07/12/2019 23:35:00.000000,,,,0.021218,
07/12/2019 23:36:00.000000,,,,24.7,
07/12/2019 23:37:00.000000,,,,0.035554,
07/12/2019 23:38:00.000000,,,,6.483721,
07/12/2019 23:39:00.000000,,,,0.027135,
07/12/2019 23:40:00.000000,,,,10.35814,
07/12/2019 23:41:00.000000,,,,0.148195,
07/12/2019 23:42:00.000000,,,,41.328571,
07/12/2019 23:43:00.000000,,,,35.897674,
07/12/2019 23:44:00.000000,,,,11.010256,
07/12/2019 23:45:00.000000,,,,11.814286,
07/12/2019 23:46:00.000000,,,,0.014025,
07/12/2019 23:47:00.000000,,,,11.3,
07/12/2019 23:48:00.000000,,,,0.027281,
07/12/2019 23:50:00.000000,,,,0.029091,
07/12/2019 23:51:00.000000,,,,9.073684,
07/12/2019 23:52:00.000000,,,,24.575,
07/12/2019 23:53:00.000000,,,,15.409756,
07/12/2019 23:54:00.000000,,,,5.860976,
07/12/2019 23:55:00.000000,,,,0.017439,
07/12/2019 23:56:00.000000,,,,18.528571,
07/12/2019 23:57:00.000000,,,,0.01384,
07/12/2019 23:58:00.000000,,,,0.085064,
07/12/2019 23:59:00.000000,,,,12.269767,
07/13/2019 00:00:00.000000,,,,0.002843,
07/13/2019 00:01:00.000000,,,,0.030684,
07/13/2019 00:02:00.000000,,,,0.027969,
07/13/2019 00:03:00.000000,,,,0.018721,
07/13/2019 00:04:00.000000,,,,8.185714,
07/13/2019 00:05:00.000000,,,,12.5375,
07/13/2019 00:06:00.000000,,,,14.813636,
07/13/2019 00:07:00.000000,,,,0.020567,
07/13/2019 00:08:00.000000,,,,7.165854,
07/13/2019 00:09:00.000000,,,,10.522727,
07/13/2019 00:10:00.000000,,,,29.675,
07/13/2019 00:11:00.000000,,,,0.02355,
07/13/2019 00:12:00.000000,,,,0.011838,
07/13/2019 00:13:00.000000,,,,6.448837,
07/13/2019 00:14:00.000000,,,,9.1625,
07/13/2019 00:15:00.000000,,,,16.911905,
07/13/2019 00:16:00.000000,,,,8.773684,
07/13/2019 00:17:00.000000,,,,0.02034,
07/13/2019 00:18:00.000000,,,,0.014909,
07/13/2019 00:19:00.000000,,,,8.314634,
07/13/2019 00:20:00.000000,,,,0.008971,
07/13/2019 00:21:00.000000,,,,0.045603,
07/13/2019 00:22:00.000000,,,,0.036855,
07/13/2019 00:23:00.000000,,,,6.868182,
07/13/2019 00:24:00.000000,,,,0.012806,
07/13/2019 00:25:00.000000,,,,0.007291,
07/13/2019 00:26:00.000000,,,,16.871429,
07/13/2019 00:27:00.000000,,,,15.565854,
07/13/2019 00:28:00.000000,,,,17.3,
07/13/2019 00:30:00.000000,,,,16.983333,
07/13/2019 00:31:00.000000,,,,11.905,
07/13/2019 00:32:00.000000,,,,5.693023,
07/13/2019 00:33:00.000000,,,,10.013953,
07/13/2019 00:34:00.000000,,,,0.023184,
07/13/2019 00:35:00.000000,,,,7.428571,
07/13/2019 00:36:00.000000,,,,11.382927,
07/13/2019 00:37:00.000000,,,,10.1,
07/13/2019 00:38:00.000000,,,,0.020652,
07/13/2019 00:39:00.000000,,,,7.557143,
07/13/2019 00:40:00.000000,,,,0.023153,
07/13/2019 00:41:00.000000,,,,10.35122,
07/13/2019 00:42:00.000000,,,,19.195238,
07/13/2019 00:43:00.000000,,,,16.297674,
07/13/2019 00:44:00.000000,,,,0.007218,
07/13/2019 00:45:00.000000,,,,15.2125,
07/13/2019 00:46:00.000000,,,,0.012442,
07/13/2019 00:47:00.000000,,,,5.745455,
07/13/2019 00:48:00.000000,,,,0.009751,
07/13/2019 00:49:00.000000,,,,0.016072,
07/13/2019 00:50:00.000000,,,,0.021116,
07/13/2019 00:51:00.000000,,,,12.553846,
07/13/2019 00:52:00.000000,,,,9.530769,
07/13/2019 00:53:00.000000,,,,63.990244,
07/13/2019 00:54:00.000000,,,,12.9375,
07/13/2019 00:55:00.000000,,,,14.117073,
07/13/2019 00:56:00.000000,,,,81.695455,
07/13/2019 00:57:00.000000,,,,0.031346,
07/13/2019 00:58:00.000000,,,,8.761538,
07/13/2019 00:59:00.000000,,,,8.580488,
07/13/2019 01:00:00.000000,,,,35.8,
07/13/2019 01:01:00.000000,,,,13.27,
07/13/2019 01:02:00.000000,,,,8.071429,
07/13/2019 01:03:00.000000,,,,15.682927,
07/13/2019 01:04:00.000000,,,,13.742857,
07/13/2019 01:05:00.000000,,,,0.012605,
07/13/2019 01:06:00.000000,,,,13.236842,
07/13/2019 01:07:00.000000,,,,0.016147,
07/13/2019 01:08:00.000000,,,,0.013246,
07/13/2019 01:09:00.000000,,,,6.169767,
07/13/2019 01:10:00.000000,,,,12.871429,
07/13/2019 01:11:00.000000,,,,0.01374,
07/13/2019 01:12:00.000000,,,,8.73,
07/13/2019 01:13:00.000000,,,,0.010585,
07/13/2019 01:14:00.000000,,,,10.316667,
07/13/2019 01:15:00.000000,,,,0.02104,
07/13/2019 01:16:00.000000,,,,18.506667,
07/13/2019 01:17:00.000000,,,,0.011045,
07/13/2019 01:18:00.000000,,,,0.011087,
07/13/2019 01:19:00.000000,,,,0.004137,
07/13/2019 01:20:00.000000,,,,4.725,
07/13/2019 01:21:00.000000,,,,0.03671,
07/13/2019 01:22:00.000000,,,,18.675,
07/13/2019 01:23:00.000000,,,,9.188095,
07/13/2019 01:24:00.000000,,,,0.009188,
07/13/2019 01:25:00.000000,,,,0.008536,
07/13/2019 01:26:00.000000,,,,14.543478,
07/13/2019 01:27:00.000000,,,,3.607143,
07/13/2019 01:28:00.000000,,,,9.726829,
07/13/2019 01:29:00.000000,,,,0.006273,
07/13/2019 01:30:00.000000,,,,8.771429,
07/13/2019 01:31:00.000000,,,,0.015705,
07/13/2019 01:32:00.000000,,,,11.188235,
07/13/2019 01:33:00.000000,,,,0.004274,
07/13/2019 01:34:00.000000,,,,0.015768,
07/13/2019 01:35:00.000000,,,,0.013613,
07/13/2019 01:36:00.000000,,,,0.008221,
07/13/2019 01:37:00.000000,,,,6.55,
07/13/2019 01:38:00.000000,,,,0.009106,
07/13/2019 01:39:00.000000,,,,0.005754,
07/13/2019 01:40:00.000000,,,,0.008326,
07/13/2019 01:41:00.000000,,,,24.597674,
07/13/2019 01:42:00.000000,,,,0.018634,
07/13/2019 01:43:00.000000,,,,6.153659,
07/13/2019 01:44:00.000000,,,,18.9,
07/13/2019 01:45:00.000000,,,,0.010824,
07/13/2019 01:46:00.000000,,,,0.017369,
07/13/2019 01:47:00.000000,,,,0.003784,
07/13/2019 01:48:00.000000,,,,0.005301,
07/13/2019 01:49:00.000000,,,,0.002551,
07/13/2019 01:50:00.000000,,,,1.883784,
07/13/2019 01:51:00.000000,,,,11.709302,
07/13/2019 01:52:00.000000,,,,0.003341,
07/13/2019 01:53:00.000000,,,,0.006092,
07/13/2019 01:54:00.000000,,,,0.008874,
07/13/2019 01:55:00.000000,,,,6.523333,
07/13/2019 01:56:00.000000,,,,21.476923,
07/13/2019 01:57:00.000000,,,,0.012736,
07/13/2019 01:58:00.000000,,,,4.259459,
07/13/2019 01:59:00.000000,,,,7.613953,
07/13/2019 02:00:00.000000,,,,0.005026,
07/13/2019 02:01:00.000000,,,,2.07,
07/13/2019 02:02:00.000000,,,,0.004258,
07/13/2019 02:03:00.000000,,,,3.988571,
07/13/2019 02:04:00.000000,,,,6.04,
07/13/2019 02:05:00.000000,,,,0.008915,
07/13/2019 02:06:00.000000,,,,0.003511,
07/13/2019 02:07:00.000000,,,,0.009125,
07/13/2019 02:08:00.000000,,,,5.975,
07/13/2019 02:09:00.000000,,,,0.006679,
07/13/2019 02:10:00.000000,,,,0.003108,
07/13/2019 02:11:00.000000,,,,9.7275,
07/13/2019 02:12:00.000000,,,,7.814634,
07/13/2019 02:13:00.000000,,,,0.005523,
07/13/2019 02:14:00.000000,,,,6.335714,
07/13/2019 02:15:00.000000,,,,0.012074,
07/13/2019 02:16:00.000000,,,,0.00674,
07/13/2019 02:17:00.000000,,,,0.005019,
07/13/2019 02:18:00.000000,,,,0.004074,
07/13/2019 02:19:00.000000,,,,3.270732,
07/13/2019 02:20:00.000000,,,,11.997436,
07/13/2019 02:21:00.000000,,,,6.927027,
07/13/2019 02:22:00.000000,,,,0.010268,
07/13/2019 02:23:00.000000,,,,0.016925,
07/13/2019 02:24:00.000000,,,,6.987179,
07/13/2019 02:25:00.000000,,,,0.011987,
07/13/2019 02:26:00.000000,,,,0.007235,
07/13/2019 02:27:00.000000,,,,0.00864,
07/13/2019 02:28:00.000000,,,,0.008556,
07/13/2019 02:29:00.000000,,,,3.907692,
07/13/2019 02:30:00.000000,,,,12.742857,
07/13/2019 02:31:00.000000,,,,0.010024,
07/13/2019 02:32:00.000000,,,,16.214286,
07/13/2019 02:33:00.000000,,,,0.006564,
07/13/2019 02:34:00.000000,,,,4.040541,
07/13/2019 02:35:00.000000,,,,16.490476,
07/13/2019 02:36:00.000000,,,,0.011912,
07/13/2019 02:37:00.000000,,,,0.008452,
07/13/2019 02:38:00.000000,,,,5.051163,
07/13/2019 02:39:00.000000,,,,0.004362,
07/13/2019 02:40:00.000000,,,,0.006431,
07/13/2019 02:41:00.000000,,,,0.003351,
07/13/2019 02:42:00.000000,,,,2.486667,
07/13/2019 02:43:00.000000,,,,0.009174,
07/13/2019 02:44:00.000000,,,,0.01684,
07/13/2019 02:45:00.000000,,,,0.005613,
07/13/2019 02:46:00.000000,,,,0.008168,
07/13/2019 02:47:00.000000,,,,3.688095,
07/13/2019 02:48:00.000000,,,,7.07619,
07/13/2019 02:49:00.000000,,,,4.0,
07/13/2019 02:50:00.000000,,,,3.142857,
07/13/2019 02:51:00.000000,,,,7.795122,
07/13/2019 02:52:00.000000,,,,0.009865,
07/13/2019 02:53:00.000000,,,,0.008629,
07/13/2019 02:54:00.000000,,,,2.988372,
07/13/2019 02:55:00.000000,,,,0.011205,
07/13/2019 02:56:00.000000,,,,5.67561,
07/13/2019 02:57:00.000000,,,,16.344186,
07/13/2019 02:58:00.000000,,,,0.010514,
07/13/2019 02:59:00.000000,,,,5.528205,
07/13/2019 03:00:00.000000,,,,0.002293,
07/13/2019 03:01:00.000000,,,,5.73,
07/13/2019 03:02:00.000000,,,,22.180488,
07/13/2019 03:03:00.000000,,,,5.021951,
07/13/2019 03:04:00.000000,,,,0.010302,
07/13/2019 03:05:00.000000,,,,14.34878,
07/13/2019 03:06:00.000000,,,,0.019433,
07/13/2019 03:07:00.000000,,,,16.775,
07/13/2019 03:08:00.000000,,,,11.268571,
07/13/2019 03:09:00.000000,,,,10.758537,
07/13/2019 03:10:00.000000,,,,21.020513,
07/13/2019 03:11:00.000000,,,,7.0625,
07/13/2019 03:12:00.000000,,,,6.667442,
07/13/2019 03:13:00.000000,,,,10.485366,
07/13/2019 03:14:00.000000,,,,20.875,
07/13/2019 03:15:00.000000,,,,0.013178,
07/13/2019 03:16:00.000000,,,,3.138462,
07/13/2019 03:17:00.000000,,,,6.669048,
07/13/2019 03:18:00.000000,,,,0.006056,
07/13/2019 03:19:00.000000,,,,12.086047,
07/13/2019 03:20:00.000000,,,,17.440476,
07/13/2019 03:21:00.000000,,,,0.005104,
07/13/2019 03:22:00.000000,,,,0.008691,
07/13/2019 03:23:00.000000,,,,6.85814,
07/13/2019 03:24:00.000000,,,,9.714286,
07/13/2019 03:25:00.000000,,,,3.541463,
07/13/2019 03:26:00.000000,,,,0.011296,
07/13/2019 03:27:00.000000,,,,3.771429,
07/13/2019 03:28:00.000000,,,,10.631579,
07/13/2019 03:29:00.000000,,,,0.01277,
07/13/2019 03:30:00.000000,,,,8.590476,
07/13/2019 03:31:00.000000,,,,0.00364,
07/13/2019 03:32:00.000000,,,,0.01026,
07/13/2019 03:33:00.000000,,,,0.003553,
07/13/2019 03:34:00.000000,,,,7.884615,
07/13/2019 03:35:00.000000,,,,3.585714,
07/13/2019 03:36:00.000000,,,,8.295122,
07/13/2019 03:37:00.000000,,,,0.032183,
07/13/2019 03:38:00.000000,,,,0.00962,
07/13/2019 03:39:00.000000,,,,0.010613,
07/13/2019 03:40:00.000000,,,,0.006424,
07/13/2019 03:41:00.000000,,,,2.715789,
07/13/2019 03:42:00.000000,,,,5.934884,
07/13/2019 03:43:00.000000,,,,6.314286,
07/13/2019 03:44:00.000000,,,,0.00399,
07/13/2019 03:45:00.000000,,,,6.5,
07/13/2019 03:46:00.000000,,,,0.003948,
07/13/2019 03:47:00.000000,,,,0.006727,
07/13/2019 03:48:00.000000,,,,11.219512,
07/13/2019 03:49:00.000000,,,,0.013893,
07/13/2019 03:50:00.000000,,,,0.012294,
07/13/2019 03:51:00.000000,,,,0.009976,
07/13/2019 03:52:00.000000,,,,10.893023,
07/13/2019 03:53:00.000000,,,,8.568293,
07/13/2019 03:54:00.000000,,,,0.008682,
07/13/2019 03:55:00.000000,,,,0.004632,
07/13/2019 03:56:00.000000,,,,0.003359,
07/13/2019 03:57:00.000000,,,,1.983333,
07/13/2019 03:58:00.000000,,,,2.690244,
07/13/2019 03:59:00.000000,,,,0.018006,
07/13/2019 04:00:00.000000,,,,23.723077,
07/13/2019 04:01:00.000000,,,,0.02535,
07/13/2019 04:02:00.000000,,,,9.44,
07/13/2019 04:03:00.000000,,,,0.007918,
07/13/2019 04:04:00.000000,,,,0.008221,
07/13/2019 04:05:00.000000,,,,0.026394,
07/13/2019 04:06:00.000000,,,,0.03137,
07/13/2019 04:07:00.000000,,,,0.009525,
07/13/2019 04:08:00.000000,,,,0.0082,
07/13/2019 04:09:00.000000,,,,0.016984,
07/13/2019 04:10:00.000000,,,,0.016744,
07/13/2019 04:11:00.000000,,,,16.8,
07/13/2019 04:12:00.000000,,,,0.036242,
07/13/2019 04:13:00.000000,,,,14.314286,
07/13/2019 04:14:00.000000,,,,30.544444,
07/13/2019 04:15:00.000000,,,,17.382051,
07/13/2019 04:16:00.000000,,,,11.278947,
07/13/2019 04:17:00.000000,,,,0.004209,
07/13/2019 04:18:00.000000,,,,0.03432,
07/13/2019 04:19:00.000000,,,,0.006189,
07/13/2019 04:20:00.000000,,,,30.335897,
07/13/2019 04:21:00.000000,,,,0.012753,
07/13/2019 04:22:00.000000,,,,11.0625,
07/13/2019 04:23:00.000000,,,,0.008304,
07/13/2019 04:24:00.000000,,,,0.005116,
07/13/2019 04:25:00.000000,,,,9.595,
07/13/2019 04:26:00.000000,,,,0.016576,
07/13/2019 04:27:00.000000,,,,9.335,
07/13/2019 04:28:00.000000,,,,0.024505,
07/13/2019 04:29:00.000000,,,,16.945,
07/13/2019 04:30:00.000000,,,,37.728571,
07/13/2019 04:31:00.000000,,,,27.8525,
07/13/2019 04:32:00.000000,,,,24.065,
07/13/2019 04:33:00.000000,,,,0.024724,
07/13/2019 04:34:00.000000,,,,0.023196,
07/13/2019 04:35:00.000000,,,,0.033682,
07/13/2019 04:36:00.000000,,,,0.027366,
07/13/2019 04:37:00.000000,,,,0.022122,
07/13/2019 04:38:00.000000,,,,0.026128,
07/13/2019 04:39:00.000000,,,,27.734146,
07/13/2019 04:40:00.000000,,,,0.019698,
07/13/2019 04:41:00.000000,,,,38.57,
07/13/2019 04:42:00.000000,,,,25.475,
07/13/2019 04:43:00.000000,,,,0.028927,
07/13/2019 04:44:00.000000,,,,6.72439,
07/13/2019 04:45:00.000000,,,,0.004032,
07/13/2019 04:46:00.000000,,,,0.026209,
07/13/2019 04:47:00.000000,,,,6.1375,
07/13/2019 04:48:00.000000,,,,6.157143,
07/13/2019 04:49:00.000000,,,,0.006048,
07/13/2019 04:50:00.000000,,,,16.783721,
07/13/2019 04:51:00.000000,,,,0.019412,
07/13/2019 04:52:00.000000,,,,0.015172,
07/13/2019 04:53:00.000000,,,,0.050214,
07/13/2019 04:54:00.000000,,,,20.885714,
07/13/2019 04:55:00.000000,,,,0.013759,
07/13/2019 04:56:00.000000,,,,0.009748,
07/13/2019 04:57:00.000000,,,,0.005903,
07/13/2019 04:58:00.000000,,,,10.564102,
07/13/2019 04:59:00.000000,,,,12.185714,
07/13/2019 05:00:00.000000,,,,16.437778,
07/13/2019 05:01:00.000000,,,,0.016877,
07/13/2019 05:02:00.000000,,,,16.984615,
07/13/2019 05:03:00.000000,,,,15.776316,
07/13/2019 05:04:00.000000,,,,13.365854,
07/13/2019 05:05:00.000000,,,,0.015983,
07/13/2019 05:06:00.000000,,,,19.571429,
07/13/2019 05:07:00.000000,,,,20.083333,
07/13/2019 05:08:00.000000,,,,0.015567,
07/13/2019 05:09:00.000000,,,,0.04958,
07/13/2019 05:10:00.000000,,,,33.702632,
07/13/2019 05:11:00.000000,,,,18.308108,
07/13/2019 05:12:00.000000,,,,24.890909,
07/13/2019 05:13:00.000000,,,,0.020555,
07/13/2019 05:14:00.000000,,,,14.770732,
07/13/2019 05:15:00.000000,,,,0.015235,
07/13/2019 05:16:00.000000,,,,14.817073,
07/13/2019 05:17:00.000000,,,,0.035998,
07/13/2019 05:18:00.000000,,,,0.029649,
07/13/2019 05:19:00.000000,,,,17.425,
07/13/2019 05:20:00.000000,,,,0.016586,
07/13/2019 05:21:00.000000,,,,22.102326,
07/13/2019 05:22:00.000000,,,,22.787805,
07/13/2019 05:23:00.000000,,,,0.030709,
07/13/2019 05:24:00.000000,,,,11.453659,
07/13/2019 05:25:00.000000,,,,0.014372,
07/13/2019 05:26:00.000000,,,,0.03685,
07/13/2019 05:27:00.000000,,,,26.7,
07/13/2019 05:28:00.000000,,,,9.294118,
07/13/2019 05:30:00.000000,,,,32.225,
07/13/2019 05:31:00.000000,,,,0.01855,
07/13/2019 05:32:00.000000,,,,0.020909,
07/13/2019 05:33:00.000000,,,,24.728571,
07/13/2019 05:34:00.000000,,,,27.893023,
07/13/2019 05:35:00.000000,,,,22.931707,
07/13/2019 05:36:00.000000,,,,0.053976,
07/13/2019 05:37:00.000000,,,,0.025932,
07/13/2019 05:38:00.000000,,,,15.965854,
07/13/2019 05:39:00.000000,,,,0.025251,
07/13/2019 05:40:00.000000,,,,13.328571,
07/13/2019 05:41:00.000000,,,,20.43,
07/13/2019 05:42:00.000000,,,,0.026248,
07/13/2019 05:43:00.000000,,,,21.0,
07/13/2019 05:44:00.000000,,,,39.771429,
07/13/2019 05:45:00.000000,,,,23.797674,
07/13/2019 05:46:00.000000,,,,20.612195,
07/13/2019 05:47:00.000000,,,,20.511905,
07/13/2019 05:48:00.000000,,,,0.028043,
07/13/2019 05:49:00.000000,,,,33.142105,
07/13/2019 05:50:00.000000,,,,24.761538,
07/13/2019 05:51:00.000000,,,,29.523077,
07/13/2019 05:52:00.000000,,,,30.368182,
07/13/2019 05:53:00.000000,,,,0.034997,
07/13/2019 05:54:00.000000,,,,19.960976,
07/13/2019 05:55:00.000000,,,,0.020882,
07/13/2019 05:56:00.000000,,,,0.030264,
07/13/2019 05:57:00.000000,,,,41.405,
07/13/2019 05:58:00.000000,,,,33.618421,
07/13/2019 05:59:00.000000,,,,46.422727,
07/13/2019 06:00:00.000000,,,,0.024659,
07/13/2019 06:01:00.000000,,,,0.017859,
07/13/2019 06:02:00.000000,,,,23.271429,
07/13/2019 06:03:00.000000,,,,0.020171,
07/13/2019 06:04:00.000000,,,,28.3,
07/13/2019 06:05:00.000000,,,,0.020544,
07/13/2019 06:06:00.000000,,,,0.031863,
07/13/2019 06:07:00.000000,,,,17.243902,
07/13/2019 06:08:00.000000,,,,0.022265,
07/13/2019 06:10:00.000000,,,,15.245238,
07/13/2019 06:11:00.000000,,,,17.4125,
07/13/2019 06:12:00.000000,,,,0.022741,
07/13/2019 06:13:00.000000,,,,29.753659,
07/13/2019 06:14:00.000000,,,,0.020133,
07/13/2019 06:15:00.000000,,,,0.018965,
07/13/2019 06:16:00.000000,,,,14.802564,
07/13/2019 06:17:00.000000,,,,0.022298,
07/13/2019 06:18:00.000000,,,,22.3,
07/13/2019 06:19:00.000000,,,,0.030414,
07/13/2019 06:20:00.000000,,,,0.027081,
07/13/2019 06:21:00.000000,,,,12.431579,
07/13/2019 06:22:00.000000,,,,19.278049,
07/13/2019 06:23:00.000000,,,,65.407692,
07/13/2019 06:24:00.000000,,,,23.363415,
07/13/2019 06:25:00.000000,,,,0.020165,
07/13/2019 06:26:00.000000,,,,16.023256,
07/13/2019 06:27:00.000000,,,,0.040786,
07/13/2019 06:28:00.000000,,,,0.023126,
07/13/2019 06:29:00.000000,,,,20.5,
07/13/2019 06:30:00.000000,,,,42.034146,
07/13/2019 06:31:00.000000,,,,0.028514,
07/13/2019 06:32:00.000000,,,,0.026591,
07/13/2019 06:33:00.000000,,,,0.018196,
07/13/2019 06:34:00.000000,,,,0.038397,
07/13/2019 06:35:00.000000,,,,0.034737,
07/13/2019 06:36:00.000000,,,,0.023117,
07/13/2019 06:37:00.000000,,,,32.322727,
07/13/2019 06:38:00.000000,,,,0.022248,
07/13/2019 06:39:00.000000,,,,8.258824,
07/13/2019 06:40:00.000000,,,,21.642857,
07/13/2019 06:41:00.000000,,,,19.385714,
07/13/2019 06:42:00.000000,,,,29.683333,
07/13/2019 06:43:00.000000,,,,25.446512,
07/13/2019 06:44:00.000000,,,,0.026632,
07/13/2019 06:45:00.000000,,,,18.106977,
07/13/2019 06:46:00.000000,,,,14.385,
07/13/2019 06:47:00.000000,,,,0.02963,
07/13/2019 06:48:00.000000,,,,0.039638,
07/13/2019 06:49:00.000000,,,,0.023954,
07/13/2019 06:50:00.000000,,,,14.615,
07/13/2019 06:51:00.000000,,,,19.970732,
07/13/2019 06:52:00.000000,,,,26.295454,
07/13/2019 06:53:00.000000,,,,14.274419,
07/13/2019 06:54:00.000000,,,,0.029014,
07/13/2019 06:55:00.000000,,,,20.316667,
07/13/2019 06:56:00.000000,,,,0.020526,
07/13/2019 06:57:00.000000,,,,0.038254,
07/13/2019 06:58:00.000000,,,,44.445238,
07/13/2019 06:59:00.000000,,,,27.361538,
07/13/2019 07:00:00.000000,,,,0.028332,
07/13/2019 07:01:00.000000,,,,19.844444,
07/13/2019 07:02:00.000000,,,,45.276923,
07/13/2019 07:03:00.000000,,,,0.030913,
07/13/2019 07:04:00.000000,,,,17.1,
07/13/2019 07:05:00.000000,,,,15.971429,
07/13/2019 07:06:00.000000,,,,28.846512,
07/13/2019 07:07:00.000000,,,,23.444186,
07/13/2019 07:08:00.000000,,,,28.238462,
07/13/2019 07:09:00.000000,,,,23.309524,
07/13/2019 07:10:00.000000,,,,46.753846,
07/13/2019 07:11:00.000000,,,,0.037356,
07/13/2019 07:12:00.000000,,,,13.870732,
07/13/2019 07:13:00.000000,,,,0.02129,
07/13/2019 07:14:00.000000,,,,18.05,
07/13/2019 07:15:00.000000,,,,20.46,
07/13/2019 07:16:00.000000,,,,0.030376,
07/13/2019 07:17:00.000000,,,,0.028745,
07/13/2019 07:18:00.000000,,,,12.723077,
07/13/2019 07:19:00.000000,,,,0.018213,
07/13/2019 07:20:00.000000,,,,13.185714,
07/13/2019 07:21:00.000000,,,,0.039648,
07/13/2019 07:22:00.000000,,,,0.037356,
07/13/2019 07:23:00.000000,,,,0.030542,
07/13/2019 07:24:00.000000,,,,0.019341,
07/13/2019 07:25:00.000000,,,,0.01918,
07/13/2019 07:26:00.000000,,,,15.221951,
07/13/2019 07:27:00.000000,,,,27.241026,
07/13/2019 07:28:00.000000,,,,0.024006,
07/13/2019 07:29:00.000000,,,,16.353846,
07/13/2019 07:30:00.000000,,,,11.585714,
07/13/2019 07:31:00.000000,,,,12.091892,
07/13/2019 07:32:00.000000,,,,0.010497,
07/13/2019 07:33:00.000000,,,,6.17619,
07/13/2019 07:34:00.000000,,,,0.013364,
07/13/2019 07:35:00.000000,,,,0.014911,
07/13/2019 07:36:00.000000,,,,9.307143,
07/13/2019 07:37:00.000000,,,,0.011941,
07/13/2019 07:38:00.000000,,,,0.013116,
07/13/2019 07:39:00.000000,,,,0.0258,
07/13/2019 07:40:00.000000,,,,0.02283,
07/13/2019 07:41:00.000000,,,,0.008517,
07/13/2019 07:42:00.000000,,,,0.009446,
07/13/2019 07:43:00.000000,,,,0.006125,
07/13/2019 07:44:00.000000,,,,0.007074,
07/13/2019 07:45:00.000000,,,,4.98,
07/13/2019 07:46:00.000000,,,,8.05,
07/13/2019 07:47:00.000000,,,,10.108571,
07/13/2019 07:48:00.000000,,,,0.006888,
07/13/2019 07:50:00.000000,,,,0.01454,
07/13/2019 07:51:00.000000,,,,0.014787,
07/13/2019 07:52:00.000000,,,,0.01754,
07/13/2019 07:53:00.000000,,,,14.82439,
07/13/2019 07:54:00.000000,,,,0.011714,
07/13/2019 07:55:00.000000,,,,0.006682,
07/13/2019 07:56:00.000000,,,,6.527273,
07/13/2019 07:57:00.000000,,,,19.441026,
07/13/2019 07:58:00.000000,,,,6.373171,
07/13/2019 07:59:00.000000,,,,16.943902,
07/13/2019 08:00:00.000000,,,,0.010456,
07/13/2019 08:01:00.000000,,,,0.007198,
07/13/2019 08:02:00.000000,,,,0.008909,
07/13/2019 08:03:00.000000,,,,4.585714,
07/13/2019 08:04:00.000000,,,,0.005073,
07/13/2019 08:05:00.000000,,,,0.01456,
07/13/2019 08:06:00.000000,,,,18.182051,
07/13/2019 08:07:00.000000,,,,15.674359,
07/13/2019 08:08:00.000000,,,,5.892308,
07/13/2019 08:10:00.000000,,,,8.492683,
07/13/2019 08:11:00.000000,,,,13.72,
07/13/2019 08:12:00.000000,,,,14.028571,
07/13/2019 08:13:00.000000,,,,8.651163,
07/13/2019 08:14:00.000000,,,,0.019368,
07/13/2019 08:15:00.000000,,,,10.526829,
07/13/2019 08:16:00.000000,,,,22.945,
07/13/2019 08:17:00.000000,,,,0.018221,
07/13/2019 08:18:00.000000,,,,9.975,
07/13/2019 08:19:00.000000,,,,14.745455,
07/13/2019 08:20:00.000000,,,,0.018437,
07/13/2019 08:21:00.000000,,,,25.61,
07/13/2019 08:22:00.000000,,,,0.01258,
07/13/2019 08:23:00.000000,,,,0.012622,
07/13/2019 08:24:00.000000,,,,8.85122,
07/13/2019 08:25:00.000000,,,,0.006208,
07/13/2019 08:26:00.000000,,,,0.005135,
07/13/2019 08:27:00.000000,,,,0.010972,
07/13/2019 08:28:00.000000,,,,4.860976,
07/13/2019 08:29:00.000000,,,,0.008249,
07/13/2019 08:30:00.000000,,,,9.0875,
07/13/2019 08:31:00.000000,,,,11.12093,
07/13/2019 08:32:00.000000,,,,12.45,
07/13/2019 08:33:00.000000,,,,0.021943,
07/13/2019 08:34:00.000000,,,,0.015828,
07/13/2019 08:35:00.000000,,,,13.366667,
07/13/2019 08:36:00.000000,,,,11.67907,
07/13/2019 08:37:00.000000,,,,0.012178,
07/13/2019 08:38:00.000000,,,,5.146875,
07/13/2019 08:39:00.000000,,,,11.022857,
07/13/2019 08:40:00.000000,,,,0.011122,
07/13/2019 08:41:00.000000,,,,0.030699,
07/13/2019 08:42:00.000000,,,,7.918605,
07/13/2019 08:43:00.000000,,,,10.878049,
07/13/2019 08:44:00.000000,,,,40.254762,
07/13/2019 08:45:00.000000,,,,22.502326,
07/13/2019 08:46:00.000000,,,,0.014871,
07/13/2019 08:47:00.000000,,,,0.016694,
07/13/2019 08:48:00.000000,,,,0.010257,
07/13/2019 08:49:00.000000,,,,11.020588,
07/13/2019 08:50:00.000000,,,,12.85,
07/13/2019 08:51:00.000000,,,,15.468571,
07/13/2019 08:52:00.000000,,,,21.3,
07/13/2019 08:53:00.000000,,,,9.438095,
07/13/2019 08:54:00.000000,,,,0.006344,
07/13/2019 08:55:00.000000,,,,0.011153,
07/13/2019 08:56:00.000000,,,,17.084375,
07/13/2019 08:57:00.000000,,,,0.014356,
07/13/2019 08:58:00.000000,,,,9.0875,
07/13/2019 08:59:00.000000,,,,0.015839,
07/13/2019 09:00:00.000000,,,,9.956098,
07/13/2019 09:01:00.000000,,,,0.005266,
07/13/2019 09:02:00.000000,,,,8.055263,
07/13/2019 09:03:00.000000,,,,0.011972,
07/13/2019 09:04:00.000000,,,,0.020549,
07/13/2019 09:05:00.000000,,,,0.011313,
07/13/2019 09:06:00.000000,,,,0.008824,
07/13/2019 09:07:00.000000,,,,9.572727,
07/13/2019 09:08:00.000000,,,,0.02238,
07/13/2019 09:09:00.000000,,,,0.009915,
07/13/2019 09:10:00.000000,,,,0.011663,
07/13/2019 09:11:00.000000,,,,0.012486,
07/13/2019 09:12:00.000000,,,,0.008043,
07/13/2019 09:13:00.000000,,,,0.008598,
07/13/2019 09:14:00.000000,,,,13.405405,
07/13/2019 09:15:00.000000,,,,11.346154,
07/13/2019 09:16:00.000000,,,,0.011684,
07/13/2019 09:17:00.000000,,,,0.014358,
07/13/2019 09:18:00.000000,,,,0.010203,
07/13/2019 09:19:00.000000,,,,12.305,
07/13/2019 09:20:00.000000,,,,0.007035,
07/13/2019 09:21:00.000000,,,,0.012157,
07/13/2019 09:22:00.000000,,,,6.430769,
07/13/2019 09:23:00.000000,,,,9.513043,
07/13/2019 09:24:00.000000,,,,0.012877,
07/13/2019 09:25:00.000000,,,,5.947619,
07/13/2019 09:26:00.000000,,,,0.017155,
07/13/2019 09:27:00.000000,,,,0.027881,
07/13/2019 09:28:00.000000,,,,0.012942,
07/13/2019 09:29:00.000000,,,,15.195,
07/13/2019 09:30:00.000000,,,,19.516216,
07/13/2019 09:31:00.000000,,,,10.98,
07/13/2019 09:32:00.000000,,,,11.004545,
07/13/2019 09:33:00.000000,,,,0.023173,
07/13/2019 09:34:00.000000,,,,13.3,
07/13/2019 09:35:00.000000,,,,0.010046,
07/13/2019 09:36:00.000000,,,,0.009943,
07/13/2019 09:37:00.000000,,,,0.010723,
07/13/2019 09:38:00.000000,,,,0.015161,
07/13/2019 09:39:00.000000,,,,0.014791,
07/13/2019 09:40:00.000000,,,,0.011052,
07/13/2019 09:41:00.000000,,,,18.146341,
07/13/2019 09:42:00.000000,,,,9.853659,
07/13/2019 09:43:00.000000,,,,8.456098,
07/13/2019 09:44:00.000000,,,,5.4375,
07/13/2019 09:45:00.000000,,,,8.778125,
07/13/2019 09:46:00.000000,,,,0.00607,
07/13/2019 09:47:00.000000,,,,5.84359,
07/13/2019 09:48:00.000000,,,,0.006902,
07/13/2019 09:49:00.000000,,,,0.014175,
07/13/2019 09:50:00.000000,,,,0.010621,
07/13/2019 09:51:00.000000,,,,8.994595,
07/13/2019 09:52:00.000000,,,,11.063415,
07/13/2019 09:53:00.000000,,,,5.142857,
07/13/2019 09:54:00.000000,,,,8.317949,
07/13/2019 09:55:00.000000,,,,0.009922,
07/13/2019 09:56:00.000000,,,,0.030691,
07/13/2019 09:57:00.000000,,,,0.012901,
07/13/2019 09:58:00.000000,,,,0.006245,
07/13/2019 09:59:00.000000,,,,7.325,
07/13/2019 10:00:00.000000,,,,0.009183,
07/13/2019 10:01:00.000000,,,,0.010867,
07/13/2019 10:02:00.000000,,,,0.013137,
07/13/2019 10:03:00.000000,,,,5.7,
07/13/2019 10:04:00.000000,,,,16.409756,
07/13/2019 10:05:00.000000,,,,8.285714,
07/13/2019 10:06:00.000000,,,,18.085714,
07/13/2019 10:07:00.000000,,,,0.011771,
07/13/2019 10:08:00.000000,,,,9.635294,
07/13/2019 10:10:00.000000,,,,0.010898,
07/13/2019 10:11:00.000000,,,,9.206452,
07/13/2019 10:12:00.000000,,,,0.012922,
07/13/2019 10:13:00.000000,,,,0.011823,
07/13/2019 10:14:00.000000,,,,10.817073,
07/13/2019 10:15:00.000000,,,,0.009152,
07/13/2019 10:16:00.000000,,,,0.005701,
07/13/2019 10:17:00.000000,,,,11.0,
07/13/2019 10:18:00.000000,,,,0.02722,
07/13/2019 10:19:00.000000,,,,0.01287,
07/13/2019 10:20:00.000000,,,,31.269231,
07/13/2019 10:21:00.000000,,,,11.975,
07/13/2019 10:22:00.000000,,,,0.010652,
07/13/2019 10:23:00.000000,,,,0.005639,
07/13/2019 10:24:00.000000,,,,10.915,
07/13/2019 10:25:00.000000,,,,7.367442,
07/13/2019 10:26:00.000000,,,,13.1,
07/13/2019 10:27:00.000000,,,,5.2125,
07/13/2019 10:28:00.000000,,,,0.02345,
07/13/2019 10:29:00.000000,,,,0.007971,
07/13/2019 10:30:00.000000,,,,6.266667,
07/13/2019 10:31:00.000000,,,,10.824324,
07/13/2019 10:32:00.000000,,,,14.80303,
07/13/2019 10:33:00.000000,,,,0.00717,
07/13/2019 10:34:00.000000,,,,3.471429,
07/13/2019 10:35:00.000000,,,,0.004756,
07/13/2019 10:36:00.000000,,,,0.007396,
07/13/2019 10:37:00.000000,,,,7.72439,
07/13/2019 10:38:00.000000,,,,0.017503,
07/13/2019 10:39:00.000000,,,,17.95,
07/13/2019 10:40:00.000000,,,,0.017667,
07/13/2019 10:41:00.000000,,,,0.012131,
07/13/2019 10:42:00.000000,,,,11.3,
07/13/2019 10:43:00.000000,,,,0.009666,
07/13/2019 10:44:00.000000,,,,6.433333,
07/13/2019 10:45:00.000000,,,,0.020071,
07/13/2019 10:46:00.000000,,,,13.4,
07/13/2019 10:47:00.000000,,,,0.006177,
07/13/2019 10:48:00.000000,,,,0.030795,
07/13/2019 10:49:00.000000,,,,0.012464,
07/13/2019 10:50:00.000000,,,,0.013069,
07/13/2019 10:51:00.000000,,,,0.009571,
07/13/2019 10:52:00.000000,,,,0.01747,
07/13/2019 10:53:00.000000,,,,16.561905,
07/13/2019 10:54:00.000000,,,,13.0,
07/13/2019 10:55:00.000000,,,,9.295349,
07/13/2019 10:56:00.000000,,,,9.25122,
07/13/2019 10:57:00.000000,,,,16.011628,
07/13/2019 10:58:00.000000,,,,5.831707,
07/13/2019 10:59:00.000000,,,,3.72439,
07/13/2019 11:00:00.000000,,,,0.009858,
07/13/2019 11:01:00.000000,,,,4.883721,
07/13/2019 11:02:00.000000,,,,7.712195,
07/13/2019 11:03:00.000000,,,,0.020701,
07/13/2019 11:04:00.000000,,,,0.018484,
07/13/2019 11:05:00.000000,,,,17.531707,
07/13/2019 11:06:00.000000,,,,14.9475,
07/13/2019 11:07:00.000000,,,,0.013861,
07/13/2019 11:08:00.000000,,,,11.516279,
07/13/2019 11:09:00.000000,,,,5.453659,
07/13/2019 11:10:00.000000,,,,10.142222,
07/13/2019 11:11:00.000000,,,,8.895122,
07/13/2019 11:12:00.000000,,,,5.832558,
07/13/2019 11:13:00.000000,,,,0.008329,
07/13/2019 11:14:00.000000,,,,0.011976,
07/13/2019 11:15:00.000000,,,,0.013871,
07/13/2019 11:16:00.000000,,,,34.153846,
07/13/2019 11:17:00.000000,,,,0.015562,
07/13/2019 11:18:00.000000,,,,10.576744,
07/13/2019 11:19:00.000000,,,,0.018328,
07/13/2019 11:20:00.000000,,,,0.011822,
07/13/2019 11:21:00.000000,,,,0.011638,
07/13/2019 11:22:00.000000,,,,0.011904,
07/13/2019 11:23:00.000000,,,,10.904651,
07/13/2019 11:24:00.000000,,,,0.009364,
07/13/2019 11:25:00.000000,,,,0.019455,
07/13/2019 11:26:00.000000,,,,0.010491,
07/13/2019 11:27:00.000000,,,,26.665854,
07/13/2019 11:28:00.000000,,,,17.35122,
07/13/2019 11:29:00.000000,,,,10.771053,
07/13/2019 11:30:00.000000,,,,10.34878,
07/13/2019 11:31:00.000000,,,,9.805,
07/13/2019 11:32:00.000000,,,,9.785366,
07/13/2019 11:33:00.000000,,,,5.530233,
07/13/2019 11:34:00.000000,,,,0.010624,
07/13/2019 11:35:00.000000,,,,7.871053,
07/13/2019 11:36:00.000000,,,,16.996875,
07/13/2019 11:37:00.000000,,,,14.2,
07/13/2019 11:38:00.000000,,,,0.022999,
07/13/2019 11:39:00.000000,,,,13.090698,
07/13/2019 11:40:00.000000,,,,7.539535,
07/13/2019 11:41:00.000000,,,,0.012755,
07/13/2019 11:42:00.000000,,,,12.37907,
07/13/2019 11:43:00.000000,,,,11.917073,
07/13/2019 11:44:00.000000,,,,0.017099,
07/13/2019 11:45:00.000000,,,,0.027927,
07/13/2019 11:46:00.000000,,,,12.233333,
07/13/2019 11:47:00.000000,,,,10.672727,
07/13/2019 11:48:00.000000,,,,9.85,
07/13/2019 11:50:00.000000,,,,0.02135,
07/13/2019 11:51:00.000000,,,,12.604878,
07/13/2019 11:52:00.000000,,,,0.017764,
07/13/2019 11:53:00.000000,,,,0.013339,
07/13/2019 11:54:00.000000,,,,19.378049,
07/13/2019 11:55:00.000000,,,,13.402564,
07/13/2019 11:56:00.000000,,,,12.821053,
07/13/2019 11:57:00.000000,,,,0.022816,
07/13/2019 11:58:00.000000,,,,21.830952,
07/13/2019 11:59:00.000000,,,,0.01769,
07/13/2019 12:00:00.000000,,,,22.963158,
07/13/2019 12:01:00.000000,,,,0.020657,
07/13/2019 12:02:00.000000,,,,10.292105,
07/13/2019 12:03:00.000000,,,,0.015408,
07/13/2019 12:04:00.000000,,,,0.018713,
07/13/2019 12:05:00.000000,,,,0.01812,
07/13/2019 12:06:00.000000,,,,15.537838,
07/13/2019 12:07:00.000000,,,,11.864103,
07/13/2019 12:08:00.000000,,,,17.802941,
07/13/2019 12:10:00.000000,,,,36.171429,
07/13/2019 12:11:00.000000,,,,0.010106,
07/13/2019 12:12:00.000000,,,,42.563415,
07/13/2019 12:13:00.000000,,,,0.020395,
07/13/2019 12:14:00.000000,,,,12.085,
07/13/2019 12:15:00.000000,,,,0.019639,
07/13/2019 12:16:00.000000,,,,0.03281,
07/13/2019 12:17:00.000000,,,,0.026209,
07/13/2019 12:18:00.000000,,,,18.993023,
07/13/2019 12:19:00.000000,,,,14.7625,
07/13/2019 12:20:00.000000,,,,21.446512,
07/13/2019 12:21:00.000000,,,,17.667442,
07/13/2019 12:22:00.000000,,,,0.025525,
07/13/2019 12:23:00.000000,,,,0.028631,
07/13/2019 12:24:00.000000,,,,0.021273,
07/13/2019 12:25:00.000000,,,,17.9,
07/13/2019 12:26:00.000000,,,,27.389744,
07/13/2019 12:27:00.000000,,,,0.02205,
07/13/2019 12:28:00.000000,,,,0.042139,
07/13/2019 12:30:00.000000,,,,0.023915,
07/13/2019 12:31:00.000000,,,,23.023077,
07/13/2019 12:32:00.000000,,,,14.568293,
07/13/2019 12:33:00.000000,,,,24.909756,
07/13/2019 12:34:00.000000,,,,16.472727,
07/13/2019 12:35:00.000000,,,,0.022231,
07/13/2019 12:36:00.000000,,,,22.470732,
07/13/2019 12:37:00.000000,,,,21.153846,
07/13/2019 12:38:00.000000,,,,0.020188,
07/13/2019 12:39:00.000000,,,,17.213158,
07/13/2019 12:40:00.000000,,,,0.031554,
07/13/2019 12:41:00.000000,,,,30.039535,
07/13/2019 12:42:00.000000,,,,0.026535,
07/13/2019 12:43:00.000000,,,,0.029415,
07/13/2019 12:44:00.000000,,,,0.022732,
07/13/2019 12:45:00.000000,,,,36.889474,
07/13/2019 12:46:00.000000,,,,0.041111,
07/13/2019 12:47:00.000000,,,,0.036247,
07/13/2019 12:48:00.000000,,,,25.27619,
07/13/2019 12:50:00.000000,,,,0.040051,
07/13/2019 12:51:00.000000,,,,44.24,
07/13/2019 12:52:00.000000,,,,0.031521,
07/13/2019 12:53:00.000000,,,,57.89,
07/13/2019 12:54:00.000000,,,,37.0,
07/13/2019 12:55:00.000000,,,,24.1875,
07/13/2019 12:56:00.000000,,,,0.07019,
07/13/2019 12:57:00.000000,,,,36.004651,
07/13/2019 12:58:00.000000,,,,0.041738,
07/13/2019 12:59:00.000000,,,,32.325,
07/13/2019 13:00:00.000000,,,,0.027624,
07/13/2019 13:01:00.000000,,,,0.028389,
07/13/2019 13:02:00.000000,,,,0.036888,
07/13/2019 13:03:00.000000,,,,0.026777,
07/13/2019 13:04:00.000000,,,,0.055973,
07/13/2019 13:05:00.000000,,,,0.069619,
07/13/2019 13:06:00.000000,,,,35.455,
07/13/2019 13:07:00.000000,,,,23.054762,
07/13/2019 13:08:00.000000,,,,0.012272,
07/13/2019 13:10:00.000000,,,,0.039173,
07/13/2019 13:11:00.000000,,,,31.137209,
07/13/2019 13:12:00.000000,,,,0.030201,
07/13/2019 13:13:00.000000,,,,0.027037,
07/13/2019 13:14:00.000000,,,,0.041474,
07/13/2019 13:15:00.000000,,,,34.736364,
07/13/2019 13:16:00.000000,,,,0.028502,
07/13/2019 13:17:00.000000,,,,0.033451,
07/13/2019 13:18:00.000000,,,,28.214634,
07/13/2019 13:19:00.000000,,,,17.914286,
07/13/2019 13:20:00.000000,,,,0.018372,
07/13/2019 13:21:00.000000,,,,0.024943,
07/13/2019 13:22:00.000000,,,,26.1125,
07/13/2019 13:23:00.000000,,,,39.314286,
07/13/2019 13:24:00.000000,,,,0.032213,
07/13/2019 13:25:00.000000,,,,0.039237,
07/13/2019 13:26:00.000000,,,,30.05814,
07/13/2019 13:27:00.000000,,,,0.022636,
07/13/2019 13:28:00.000000,,,,17.382927,
07/13/2019 13:30:00.000000,,,,0.041955,
07/13/2019 13:31:00.000000,,,,40.139024,
07/13/2019 13:32:00.000000,,,,0.032471,
07/13/2019 13:33:00.000000,,,,31.995455,
07/13/2019 13:34:00.000000,,,,0.027538,
07/13/2019 13:35:00.000000,,,,0.048979,
07/13/2019 13:36:00.000000,,,,28.32439,
07/13/2019 13:37:00.000000,,,,34.015789,
07/13/2019 13:38:00.000000,,,,33.957143,
07/13/2019 13:39:00.000000,,,,32.757143,
07/13/2019 13:40:00.000000,,,,40.352381,
07/13/2019 13:41:00.000000,,,,39.809302,
07/13/2019 13:42:00.000000,,,,0.029524,
07/13/2019 13:43:00.000000,,,,45.793333,
07/13/2019 13:44:00.000000,,,,35.111765,
07/13/2019 13:45:00.000000,,,,42.233333,
07/13/2019 13:46:00.000000,,,,0.050214,
07/13/2019 13:47:00.000000,,,,29.142857,
07/13/2019 13:48:00.000000,,,,43.434146,
07/13/2019 13:49:00.000000,,,,54.275,
07/13/2019 13:50:00.000000,,,,0.061221,
07/13/2019 13:51:00.000000,,,,49.465,
07/13/2019 13:52:00.000000,,,,44.194872,
07/13/2019 13:53:00.000000,,,,0.053298,
07/13/2019 13:54:00.000000,,,,31.560976,
07/13/2019 13:55:00.000000,,,,0.047752,
07/13/2019 13:56:00.000000,,,,0.049212,
07/13/2019 13:57:00.000000,,,,32.243902,
07/13/2019 13:58:00.000000,,,,0.032486,
07/13/2019 13:59:00.000000,,,,0.028152,
07/13/2019 14:00:00.000000,,,,22.828571,
07/13/2019 14:01:00.000000,,,,0.039808,
07/13/2019 14:02:00.000000,,,,35.693548,
07/13/2019 14:03:00.000000,,,,48.917143,
07/13/2019 14:04:00.000000,,,,0.03773,
07/13/2019 14:05:00.000000,,,,31.369231,
07/13/2019 14:06:00.000000,,,,23.957143,
07/13/2019 14:07:00.000000,,,,33.983784,
07/13/2019 14:08:00.000000,,,,21.044186,
07/13/2019 14:09:00.000000,,,,32.034884,
07/13/2019 14:10:00.000000,,,,38.416667,
07/13/2019 14:11:00.000000,,,,31.878378,
07/13/2019 14:12:00.000000,,,,46.152778,
07/13/2019 14:13:00.000000,,,,23.628571,
07/13/2019 14:14:00.000000,,,,36.921951,
07/13/2019 14:15:00.000000,,,,0.051285,
07/13/2019 14:16:00.000000,,,,29.973171,
07/13/2019 14:17:00.000000,,,,33.906977,
07/13/2019 14:18:00.000000,,,,0.074208,
07/13/2019 14:19:00.000000,,,,34.719512,
07/13/2019 14:20:00.000000,,,,41.480488,
07/13/2019 14:21:00.000000,,,,39.128571,
07/13/2019 14:22:00.000000,,,,28.302439,
07/13/2019 14:23:00.000000,,,,38.0,
07/13/2019 14:24:00.000000,,,,0.062443,
07/13/2019 14:25:00.000000,,,,0.035568,
07/13/2019 14:26:00.000000,,,,35.474419,
07/13/2019 14:27:00.000000,,,,32.661538,
07/13/2019 14:28:00.000000,,,,0.036092,
07/13/2019 14:29:00.000000,,,,19.386047,
07/13/2019 14:30:00.000000,,,,32.024324,
07/13/2019 14:31:00.000000,,,,29.275,
07/13/2019 14:32:00.000000,,,,24.573171,
07/13/2019 14:33:00.000000,,,,48.936667,
07/13/2019 14:34:00.000000,,,,46.385366,
07/13/2019 14:35:00.000000,,,,0.057934,
07/13/2019 14:36:00.000000,,,,0.045534,
07/13/2019 14:37:00.000000,,,,0.036657,
07/13/2019 14:38:00.000000,,,,0.055958,
07/13/2019 14:39:00.000000,,,,0.073851,
07/13/2019 14:40:00.000000,,,,0.068569,
07/13/2019 14:41:00.000000,,,,20.32973,
07/13/2019 14:42:00.000000,,,,22.346667,
07/13/2019 14:43:00.000000,,,,0.060756,
07/13/2019 14:44:00.000000,,,,0.02962,
07/13/2019 14:45:00.000000,,,,0.03757,
07/13/2019 14:46:00.000000,,,,25.231707,
07/13/2019 14:47:00.000000,,,,36.4,
07/13/2019 14:48:00.000000,,,,22.859524,
07/13/2019 14:49:00.000000,,,,0.05726,
07/13/2019 14:50:00.000000,,,,0.038279,
07/13/2019 14:51:00.000000,,,,0.032277,
07/13/2019 14:52:00.000000,,,,0.030519,
07/13/2019 14:53:00.000000,,,,22.858537,
07/13/2019 14:54:00.000000,,,,25.906667,
07/13/2019 14:55:00.000000,,,,0.030529,
07/13/2019 14:56:00.000000,,,,35.774419,
07/13/2019 14:57:00.000000,,,,0.043097,
07/13/2019 14:58:00.000000,,,,0.045419,
07/13/2019 14:59:00.000000,,,,24.133333,
07/13/2019 15:00:00.000000,,,,36.235,
07/13/2019 15:01:00.000000,,,,38.627027,
07/13/2019 15:02:00.000000,,,,0.043498,
07/13/2019 15:03:00.000000,,,,0.03264,
07/13/2019 15:04:00.000000,,,,23.866667,
07/13/2019 15:05:00.000000,,,,33.144444,
07/13/2019 15:06:00.000000,,,,30.68,
07/13/2019 15:07:00.000000,,,,0.03427,
07/13/2019 15:08:00.000000,,,,42.331579,
07/13/2019 15:10:00.000000,,,,36.285714,
07/13/2019 15:11:00.000000,,,,0.048348,
07/13/2019 15:12:00.000000,,,,30.109756,
07/13/2019 15:13:00.000000,,,,26.635714,
07/13/2019 15:14:00.000000,,,,44.74186,
07/13/2019 15:15:00.000000,,,,0.047824,
07/13/2019 15:16:00.000000,,,,30.026829,
07/13/2019 15:17:00.000000,,,,0.073866,
07/13/2019 15:18:00.000000,,,,0.060384,
07/13/2019 15:19:00.000000,,,,47.258537,
07/13/2019 15:20:00.000000,,,,29.581395,
07/13/2019 15:21:00.000000,,,,39.6,
07/13/2019 15:22:00.000000,,,,0.050104,
07/13/2019 15:23:00.000000,,,,0.038473,
07/13/2019 15:24:00.000000,,,,0.049384,
07/13/2019 15:25:00.000000,,,,0.059257,
07/13/2019 15:26:00.000000,,,,37.802222,
07/13/2019 15:27:00.000000,,,,46.989744,
07/13/2019 15:28:00.000000,,,,37.027273,
07/13/2019 15:30:00.000000,,,,30.6525,
07/13/2019 15:31:00.000000,,,,39.5925,
07/13/2019 15:32:00.000000,,,,52.5,
07/13/2019 15:33:00.000000,,,,45.825,
07/13/2019 15:34:00.000000,,,,34.973171,
07/13/2019 15:35:00.000000,,,,25.335714,
07/13/2019 15:36:00.000000,,,,31.722727,
07/13/2019 15:37:00.000000,,,,38.2,
07/13/2019 15:38:00.000000,,,,0.028121,
07/13/2019 15:39:00.000000,,,,0.038889,
07/13/2019 15:40:00.000000,,,,33.656097,
07/13/2019 15:41:00.000000,,,,20.86,
07/13/2019 15:42:00.000000,,,,0.037721,
07/13/2019 15:43:00.000000,,,,0.054054,
07/13/2019 15:44:00.000000,,,,0.104073,
07/13/2019 15:45:00.000000,,,,42.551282,
07/13/2019 15:46:00.000000,,,,0.054381,
07/13/2019 15:47:00.000000,,,,0.041363,
07/13/2019 15:48:00.000000,,,,28.315385,
07/13/2019 15:50:00.000000,,,,0.033749,
07/13/2019 15:51:00.000000,,,,0.027922,
07/13/2019 15:52:00.000000,,,,23.789744,
07/13/2019 15:53:00.000000,,,,18.578049,
07/13/2019 15:54:00.000000,,,,0.023967,
07/13/2019 15:55:00.000000,,,,0.020225,
07/13/2019 15:56:00.000000,,,,0.02811,
07/13/2019 15:57:00.000000,,,,30.832558,
07/13/2019 15:58:00.000000,,,,0.036961,
07/13/2019 15:59:00.000000,,,,0.040555,
07/13/2019 16:00:00.000000,,,,26.038462,
07/13/2019 16:01:00.000000,,,,0.025009,
07/13/2019 16:02:00.000000,,,,0.040353,
07/13/2019 16:03:00.000000,,,,26.776744,
07/13/2019 16:04:00.000000,,,,27.678049,
07/13/2019 16:05:00.000000,,,,21.256098,
07/13/2019 16:06:00.000000,,,,30.793023,
07/13/2019 16:07:00.000000,,,,24.408108,
07/13/2019 16:08:00.000000,,,,28.113953,
07/13/2019 16:09:00.000000,,,,22.739024,
07/13/2019 16:10:00.000000,,,,0.030739,
07/13/2019 16:11:00.000000,,,,20.611364,
07/13/2019 16:12:00.000000,,,,0.017969,
07/13/2019 16:13:00.000000,,,,25.242857,
07/13/2019 16:14:00.000000,,,,0.024776,
07/13/2019 16:15:00.000000,,,,21.570732,
07/13/2019 16:16:00.000000,,,,26.809756,
07/13/2019 16:17:00.000000,,,,19.855814,
07/13/2019 16:18:00.000000,,,,14.07907,
07/13/2019 16:19:00.000000,,,,0.036464,
07/13/2019 16:20:00.000000,,,,16.23,
07/13/2019 16:21:00.000000,,,,16.309756,
07/13/2019 16:22:00.000000,,,,0.025285,
07/13/2019 16:23:00.000000,,,,0.028774,
07/13/2019 16:24:00.000000,,,,14.075,
07/13/2019 16:25:00.000000,,,,36.842857,
07/13/2019 16:26:00.000000,,,,17.341379,
07/13/2019 16:27:00.000000,,,,0.038996,
07/13/2019 16:28:00.000000,,,,0.018486,
07/13/2019 16:30:00.000000,,,,32.87381,
07/13/2019 16:31:00.000000,,,,0.016035,
07/13/2019 16:32:00.000000,,,,10.7,
07/13/2019 16:33:00.000000,,,,24.631707,
07/13/2019 16:34:00.000000,,,,26.987805,
07/13/2019 16:35:00.000000,,,,0.025466,
07/13/2019 16:36:00.000000,,,,15.931818,
07/13/2019 16:37:00.000000,,,,19.321739,
07/13/2019 16:38:00.000000,,,,0.028377,
07/13/2019 16:39:00.000000,,,,28.985366,
07/13/2019 16:40:00.000000,,,,16.960526,
07/13/2019 16:41:00.000000,,,,30.790909,
07/13/2019 16:42:00.000000,,,,0.023175,
07/13/2019 16:43:00.000000,,,,0.022934,
07/13/2019 16:44:00.000000,,,,0.029431,
07/13/2019 16:45:00.000000,,,,16.715625,
07/13/2019 16:46:00.000000,,,,19.242857,
07/13/2019 16:47:00.000000,,,,15.911905,
07/13/2019 16:48:00.000000,,,,0.036016,
07/13/2019 16:50:00.000000,,,,21.091176,
07/13/2019 16:51:00.000000,,,,22.692683,
07/13/2019 16:52:00.000000,,,,18.922727,
07/13/2019 16:53:00.000000,,,,10.483333,
07/13/2019 16:54:00.000000,,,,0.019927,
07/13/2019 16:55:00.000000,,,,0.017752,
07/13/2019 16:56:00.000000,,,,0.019606,
07/13/2019 16:57:00.000000,,,,10.663333,
07/13/2019 16:58:00.000000,,,,15.313158,
07/13/2019 16:59:00.000000,,,,18.427586,
07/13/2019 17:00:00.000000,,,,13.672414,
07/13/2019 17:01:00.000000,,,,0.021432,
07/13/2019 17:02:00.000000,,,,0.0186,
07/13/2019 17:03:00.000000,,,,0.035141,
07/13/2019 17:04:00.000000,,,,0.02448,
07/13/2019 17:05:00.000000,,,,11.551163,
07/13/2019 17:06:00.000000,,,,0.017353,
07/13/2019 17:07:00.000000,,,,0.012259,
07/13/2019 17:08:00.000000,,,,11.502439,
07/13/2019 17:09:00.000000,,,,0.007537,
07/13/2019 17:10:00.000000,,,,11.669767,
07/13/2019 17:11:00.000000,,,,0.054944,
07/13/2019 17:12:00.000000,,,,0.022625,
07/13/2019 17:13:00.000000,,,,0.017788,
07/13/2019 17:14:00.000000,,,,11.095652,
07/13/2019 17:15:00.000000,,,,9.485714,
07/13/2019 17:16:00.000000,,,,0.02845,
07/13/2019 17:17:00.000000,,,,0.030546,
07/13/2019 17:18:00.000000,,,,0.015737,
07/13/2019 17:19:00.000000,,,,0.010125,
07/13/2019 17:20:00.000000,,,,0.010448,
07/13/2019 17:21:00.000000,,,,0.018608,
07/13/2019 17:22:00.000000,,,,0.008225,
07/13/2019 17:23:00.000000,,,,0.012737,
07/13/2019 17:24:00.000000,,,,0.010664,
07/13/2019 17:25:00.000000,,,,0.013751,
07/13/2019 17:26:00.000000,,,,13.466667,
07/13/2019 17:27:00.000000,,,,0.023055,
07/13/2019 17:28:00.000000,,,,0.021566,
07/13/2019 17:29:00.000000,,,,13.059459,
07/13/2019 17:30:00.000000,,,,0.02285,
07/13/2019 17:31:00.000000,,,,26.617073,
07/13/2019 17:32:00.000000,,,,0.014043,
07/13/2019 17:33:00.000000,,,,21.106452,
07/13/2019 17:34:00.000000,,,,17.86,
07/13/2019 17:35:00.000000,,,,0.047759,
07/13/2019 17:36:00.000000,,,,0.022078,
07/13/2019 17:37:00.000000,,,,22.119231,
07/13/2019 17:38:00.000000,,,,27.022222,
07/13/2019 17:39:00.000000,,,,0.026768,
07/13/2019 17:40:00.000000,,,,0.013314,
07/13/2019 17:41:00.000000,,,,12.01,
07/13/2019 17:42:00.000000,,,,0.025614,
07/13/2019 17:43:00.000000,,,,0.026994,
07/13/2019 17:44:00.000000,,,,0.014926,
07/13/2019 17:45:00.000000,,,,0.034602,
07/13/2019 17:46:00.000000,,,,12.628125,
07/13/2019 17:47:00.000000,,,,14.12093,
07/13/2019 17:48:00.000000,,,,0.013697,
07/13/2019 17:49:00.000000,,,,0.043564,
07/13/2019 17:50:00.000000,,,,20.440476,
07/13/2019 17:51:00.000000,,,,10.4,
07/13/2019 17:52:00.000000,,,,14.521951,
07/13/2019 17:53:00.000000,,,,7.611429,
07/13/2019 17:54:00.000000,,,,0.030675,
07/13/2019 17:55:00.000000,,,,0.027982,
07/13/2019 17:56:00.000000,,,,0.015344,
07/13/2019 17:57:00.000000,,,,10.314286,
07/13/2019 17:58:00.000000,,,,14.812821,
07/13/2019 17:59:00.000000,,,,15.015385,
07/13/2019 18:00:00.000000,,,,0.027969,
07/13/2019 18:01:00.000000,,,,0.019016,
07/13/2019 18:02:00.000000,,,,0.026186,
07/13/2019 18:03:00.000000,,,,0.021987,
07/13/2019 18:04:00.000000,,,,0.013538,
07/13/2019 18:05:00.000000,,,,0.014474,
07/13/2019 18:06:00.000000,,,,19.471429,
07/13/2019 18:07:00.000000,,,,15.914286,
07/13/2019 18:08:00.000000,,,,13.545455,
07/13/2019 18:09:00.000000,,,,12.683333,
07/13/2019 18:10:00.000000,,,,0.015316,
07/13/2019 18:11:00.000000,,,,14.587805,
07/13/2019 18:12:00.000000,,,,18.566667,
07/13/2019 18:13:00.000000,,,,8.932558,
07/13/2019 18:14:00.000000,,,,3.568293,
07/13/2019 18:15:00.000000,,,,10.8,
07/13/2019 18:16:00.000000,,,,4.056818,
07/13/2019 18:17:00.000000,,,,6.2375,
07/13/2019 18:18:00.000000,,,,0.016244,
07/13/2019 18:19:00.000000,,,,0.039495,
07/13/2019 18:20:00.000000,,,,6.309091,
07/13/2019 18:21:00.000000,,,,0.013016,
07/13/2019 18:22:00.000000,,,,0.023053,
07/13/2019 18:23:00.000000,,,,4.876744,
07/13/2019 18:24:00.000000,,,,7.494872,
07/13/2019 18:25:00.000000,,,,8.114634,
07/13/2019 18:26:00.000000,,,,0.010796,
07/13/2019 18:27:00.000000,,,,0.010937,
07/13/2019 18:28:00.000000,,,,7.714286,
07/13/2019 18:29:00.000000,,,,10.575,
07/13/2019 18:30:00.000000,,,,0.010644,
07/13/2019 18:31:00.000000,,,,3.076923,
07/13/2019 18:32:00.000000,,,,0.020907,
07/13/2019 18:33:00.000000,,,,0.022188,
07/13/2019 18:34:00.000000,,,,0.030399,
07/13/2019 18:35:00.000000,,,,0.010242,
07/13/2019 18:36:00.000000,,,,0.003921,
07/13/2019 18:37:00.000000,,,,0.00543,
07/13/2019 18:38:00.000000,,,,6.244186,
07/13/2019 18:39:00.000000,,,,20.324324,
07/13/2019 18:40:00.000000,,,,8.842424,
07/13/2019 18:41:00.000000,,,,0.007132,
07/13/2019 18:42:00.000000,,,,0.007025,
07/13/2019 18:43:00.000000,,,,0.013147,
07/13/2019 18:44:00.000000,,,,9.507317,
07/13/2019 18:45:00.000000,,,,0.013103,
07/13/2019 18:46:00.000000,,,,31.458974,
07/13/2019 18:47:00.000000,,,,0.018019,
07/13/2019 18:48:00.000000,,,,11.9,
07/13/2019 18:49:00.000000,,,,0.010051,
07/13/2019 18:50:00.000000,,,,5.195,
07/13/2019 18:51:00.000000,,,,0.007849,
07/13/2019 18:52:00.000000,,,,7.084615,
07/13/2019 18:53:00.000000,,,,3.153846,
07/13/2019 18:54:00.000000,,,,6.35122,
07/13/2019 18:55:00.000000,,,,6.3,
07/13/2019 18:56:00.000000,,,,0.007851,
07/13/2019 18:57:00.000000,,,,0.008188,
07/13/2019 18:58:00.000000,,,,3.202326,
07/13/2019 18:59:00.000000,,,,0.023967,
07/13/2019 19:00:00.000000,,,,7.2,
07/13/2019 19:01:00.000000,,,,0.030904,
07/13/2019 19:02:00.000000,,,,0.019878,
07/13/2019 19:03:00.000000,,,,7.375,
07/13/2019 19:04:00.000000,,,,0.013397,
07/13/2019 19:05:00.000000,,,,0.004785,
07/13/2019 19:06:00.000000,,,,1.685714,
07/13/2019 19:07:00.000000,,,,0.007525,
07/13/2019 19:08:00.000000,,,,2.225,
07/13/2019 19:09:00.000000,,,,0.004698,
07/13/2019 19:10:00.000000,,,,1.726316,
07/13/2019 19:11:00.000000,,,,1.432432,
07/13/2019 19:12:00.000000,,,,0.014023,
07/13/2019 19:13:00.000000,,,,0.025607,
07/13/2019 19:14:00.000000,,,,12.942857,
07/13/2019 19:15:00.000000,,,,5.484091,
07/13/2019 19:16:00.000000,,,,5.034884,
07/13/2019 19:17:00.000000,,,,0.003179,
07/13/2019 19:18:00.000000,,,,0.007382,
07/13/2019 19:19:00.000000,,,,0.00847,
07/13/2019 19:20:00.000000,,,,0.002504,
07/13/2019 19:21:00.000000,,,,10.215385,
07/13/2019 19:22:00.000000,,,,0.009985,
07/13/2019 19:23:00.000000,,,,10.259459,
07/13/2019 19:24:00.000000,,,,0.005134,
07/13/2019 19:25:00.000000,,,,4.694872,
07/13/2019 19:26:00.000000,,,,4.72439,
07/13/2019 19:27:00.000000,,,,0.002918,
07/13/2019 19:28:00.000000,,,,6.741463,
07/13/2019 19:29:00.000000,,,,2.4125,
07/13/2019 19:30:00.000000,,,,3.631707,
07/13/2019 19:31:00.000000,,,,13.157143,
07/13/2019 19:32:00.000000,,,,3.65,
07/13/2019 19:33:00.000000,,,,0.001989,
07/13/2019 19:34:00.000000,,,,15.158537,
07/13/2019 19:35:00.000000,,,,0.0036,
07/13/2019 19:36:00.000000,,,,6.114286,
07/13/2019 19:37:00.000000,,,,2.15,
07/13/2019 19:38:00.000000,,,,4.811905,
07/13/2019 19:39:00.000000,,,,4.58,
07/13/2019 19:40:00.000000,,,,0.023961,
07/13/2019 19:41:00.000000,,,,0.004541,
07/13/2019 19:42:00.000000,,,,0.010449,
07/13/2019 19:43:00.000000,,,,16.416279,
07/13/2019 19:44:00.000000,,,,4.142105,
07/13/2019 19:45:00.000000,,,,1.114706,
07/13/2019 19:46:00.000000,,,,0.001446,
07/13/2019 19:47:00.000000,,,,0.015906,
07/13/2019 19:48:00.000000,,,,4.936842,
07/13/2019 19:49:00.000000,,,,0.012244,
07/13/2019 19:50:00.000000,,,,0.002429,
07/13/2019 19:51:00.000000,,,,5.269767,
07/13/2019 19:52:00.000000,,,,4.981395,
07/13/2019 19:53:00.000000,,,,0.001967,
07/13/2019 19:54:00.000000,,,,0.009376,
07/13/2019 19:55:00.000000,,,,5.869231,
07/13/2019 19:56:00.000000,,,,2.989474,
07/13/2019 19:57:00.000000,,,,0.008557,
07/13/2019 19:58:00.000000,,,,5.1,
07/13/2019 19:59:00.000000,,,,0.003525,
07/13/2019 20:00:00.000000,,,,0.006764,
07/13/2019 20:01:00.000000,,,,10.028571,
07/13/2019 20:02:00.000000,,,,5.1125,
07/13/2019 20:03:00.000000,,,,0.002472,
07/13/2019 20:04:00.000000,,,,0.006324,
07/13/2019 20:05:00.000000,,,,6.648837,
07/13/2019 20:06:00.000000,,,,4.157143,
07/13/2019 20:07:00.000000,,,,0.007178,
07/13/2019 20:08:00.000000,,,,0.0086,
07/13/2019 20:09:00.000000,,,,0.006937,
07/13/2019 20:10:00.000000,,,,6.269231,
07/13/2019 20:11:00.000000,,,,0.006025,
07/13/2019 20:12:00.000000,,,,0.012751,
07/13/2019 20:13:00.000000,,,,8.597619,
07/13/2019 20:14:00.000000,,,,28.422727,
07/13/2019 20:15:00.000000,,,,6.228571,
07/13/2019 20:16:00.000000,,,,0.001822,
07/13/2019 20:17:00.000000,,,,0.004634,
07/13/2019 20:18:00.000000,,,,0.004942,
07/13/2019 20:19:00.000000,,,,0.005974,
07/13/2019 20:20:00.000000,,,,0.00554,
07/13/2019 20:21:00.000000,,,,0.005959,
07/13/2019 20:22:00.000000,,,,4.34,
07/13/2019 20:23:00.000000,,,,0.005453,
07/13/2019 20:24:00.000000,,,,0.006956,
07/13/2019 20:25:00.000000,,,,13.95122,
07/13/2019 20:26:00.000000,,,,4.217073,
07/13/2019 20:27:00.000000,,,,0.001826,
07/13/2019 20:28:00.000000,,,,1.8,
07/13/2019 20:30:00.000000,,,,0.004139,
07/13/2019 20:31:00.000000,,,,4.727273,
07/13/2019 20:32:00.000000,,,,0.001882,
07/13/2019 20:33:00.000000,,,,10.62,
07/13/2019 20:34:00.000000,,,,6.875,
07/13/2019 20:35:00.000000,,,,0.009477,
07/13/2019 20:36:00.000000,,,,0.004046,
07/13/2019 20:37:00.000000,,,,0.016206,
07/13/2019 20:38:00.000000,,,,3.071429,
07/13/2019 20:39:00.000000,,,,20.7125,
07/13/2019 20:40:00.000000,,,,18.014286,
07/13/2019 20:41:00.000000,,,,4.942857,
07/13/2019 20:42:00.000000,,,,1.515,
07/13/2019 20:43:00.000000,,,,0.018855,
07/13/2019 20:44:00.000000,,,,0.003153,
07/13/2019 20:45:00.000000,,,,4.988095,
07/13/2019 20:46:00.000000,,,,4.751613,
07/13/2019 20:47:00.000000,,,,1.957143,
07/13/2019 20:48:00.000000,,,,0.010082,
07/13/2019 20:49:00.000000,,,,9.7675,
07/13/2019 20:50:00.000000,,,,7.984615,
07/13/2019 20:51:00.000000,,,,0.002408,
07/13/2019 20:52:00.000000,,,,4.207143,
07/13/2019 20:53:00.000000,,,,0.042542,
07/13/2019 20:54:00.000000,,,,9.528947,
07/13/2019 20:55:00.000000,,,,3.57907,
07/13/2019 20:56:00.000000,,,,0.002775,
07/13/2019 20:57:00.000000,,,,0.005528,
07/13/2019 20:58:00.000000,,,,1.722727,
07/13/2019 20:59:00.000000,,,,0.00159,
07/13/2019 21:00:00.000000,,,,18.358537,
07/13/2019 21:01:00.000000,,,,0.012832,
07/13/2019 21:02:00.000000,,,,3.458824,
07/13/2019 21:03:00.000000,,,,0.015823,
07/13/2019 21:04:00.000000,,,,24.610811,
07/13/2019 21:05:00.000000,,,,0.050176,
07/13/2019 21:06:00.000000,,,,0.352981,
07/13/2019 21:07:00.000000,,,,0.151979,
07/13/2019 21:08:00.000000,,,,30.02,
07/13/2019 21:10:00.000000,,,,0.033894,
07/13/2019 21:11:00.000000,,,,0.050275,
07/13/2019 21:12:00.000000,,,,37.0,
07/13/2019 21:13:00.000000,,,,32.902326,
07/13/2019 21:14:00.000000,,,,0.037673,
07/13/2019 21:15:00.000000,,,,30.834286,
07/13/2019 21:16:00.000000,,,,40.1,
07/13/2019 21:17:00.000000,,,,28.430769,
07/13/2019 21:18:00.000000,,,,0.039668,
07/13/2019 21:19:00.000000,,,,31.175,
07/13/2019 21:20:00.000000,,,,0.046078,
07/13/2019 21:21:00.000000,,,,31.631579,
07/13/2019 21:22:00.000000,,,,0.042622,
07/13/2019 21:23:00.000000,,,,0.02067,
07/13/2019 21:24:00.000000,,,,0.029631,
07/13/2019 21:25:00.000000,,,,31.8875,
07/13/2019 21:26:00.000000,,,,32.511765,
07/13/2019 21:27:00.000000,,,,0.021152,
07/13/2019 21:28:00.000000,,,,42.805555,
07/13/2019 21:29:00.000000,,,,41.658536,
07/13/2019 21:30:00.000000,,,,0.039701,
07/13/2019 21:31:00.000000,,,,0.033952,
07/13/2019 21:32:00.000000,,,,23.039024,
07/13/2019 21:33:00.000000,,,,0.141579,
07/13/2019 21:34:00.000000,,,,0.063954,
07/13/2019 21:35:00.000000,,,,0.031267,
07/13/2019 21:36:00.000000,,,,11.792857,
07/13/2019 21:37:00.000000,,,,0.033455,
07/13/2019 21:38:00.000000,,,,20.737143,
07/13/2019 21:39:00.000000,,,,0.031527,
07/13/2019 21:40:00.000000,,,,18.548649,
07/13/2019 21:41:00.000000,,,,14.495,
07/13/2019 21:42:00.000000,,,,0.022454,
07/13/2019 21:43:00.000000,,,,16.636111,
07/13/2019 21:44:00.000000,,,,0.009307,
07/13/2019 21:45:00.000000,,,,15.873333,
07/13/2019 21:46:00.000000,,,,16.371429,
07/13/2019 21:47:00.000000,,,,33.839535,
07/13/2019 21:48:00.000000,,,,18.846667,
07/13/2019 21:49:00.000000,,,,27.630233,
07/13/2019 21:50:00.000000,,,,18.916279,
07/13/2019 21:51:00.000000,,,,18.116667,
07/13/2019 21:52:00.000000,,,,15.729545,
07/13/2019 21:53:00.000000,,,,12.617949,
07/13/2019 21:54:00.000000,,,,0.017056,
07/13/2019 21:55:00.000000,,,,34.574286,
07/13/2019 21:56:00.000000,,,,0.034799,
07/13/2019 21:57:00.000000,,,,0.024141,
07/13/2019 21:58:00.000000,,,,29.45814,
07/13/2019 21:59:00.000000,,,,0.033697,
07/13/2019 22:00:00.000000,,,,0.041867,
07/13/2019 22:01:00.000000,,,,0.027421,
07/13/2019 22:02:00.000000,,,,0.038663,
07/13/2019 22:03:00.000000,,,,32.610811,
07/13/2019 22:04:00.000000,,,,24.681818,
07/13/2019 22:05:00.000000,,,,23.313514,
07/13/2019 22:06:00.000000,,,,0.024536,
07/13/2019 22:07:00.000000,,,,0.035312,
07/13/2019 22:08:00.000000,,,,14.929268,
07/13/2019 22:09:00.000000,,,,0.02597,
07/13/2019 22:10:00.000000,,,,15.305882,
07/13/2019 22:11:00.000000,,,,0.022772,
07/13/2019 22:12:00.000000,,,,11.114634,
07/13/2019 22:13:00.000000,,,,18.477273,
07/13/2019 22:14:00.000000,,,,30.683721,
07/13/2019 22:15:00.000000,,,,23.778049,
07/13/2019 22:16:00.000000,,,,19.728571,
07/13/2019 22:17:00.000000,,,,19.647368,
07/13/2019 22:18:00.000000,,,,13.58,
07/13/2019 22:19:00.000000,,,,0.037238,
07/13/2019 22:20:00.000000,,,,14.32,
07/13/2019 22:21:00.000000,,,,0.022278,
07/13/2019 22:22:00.000000,,,,0.026207,
07/13/2019 22:23:00.000000,,,,0.041686,
07/13/2019 22:24:00.000000,,,,0.019522,
07/13/2019 22:25:00.000000,,,,34.205405,
07/13/2019 22:26:00.000000,,,,22.146154,
07/13/2019 22:27:00.000000,,,,27.495122,
07/13/2019 22:28:00.000000,,,,0.018628,
07/13/2019 22:29:00.000000,,,,17.067442,
07/13/2019 22:30:00.000000,,,,33.742857,
07/13/2019 22:31:00.000000,,,,21.356522,
07/13/2019 22:32:00.000000,,,,0.036028,
07/13/2019 22:33:00.000000,,,,40.055,
07/13/2019 22:34:00.000000,,,,0.039074,
07/13/2019 22:35:00.000000,,,,0.022697,
07/13/2019 22:36:00.000000,,,,18.167442,
07/13/2019 22:37:00.000000,,,,0.024596,
07/13/2019 22:38:00.000000,,,,10.7,
07/13/2019 22:39:00.000000,,,,11.537209,
07/13/2019 22:40:00.000000,,,,43.656097,
07/13/2019 22:41:00.000000,,,,45.328571,
07/13/2019 22:42:00.000000,,,,0.031306,
07/13/2019 22:43:00.000000,,,,17.174419,
07/13/2019 22:44:00.000000,,,,0.017615,
07/13/2019 22:45:00.000000,,,,0.014985,
07/13/2019 22:46:00.000000,,,,55.690244,
07/13/2019 22:47:00.000000,,,,0.031112,
07/13/2019 22:48:00.000000,,,,0.036804,
07/13/2019 22:49:00.000000,,,,0.041698,
07/13/2019 22:50:00.000000,,,,12.537209,
07/13/2019 22:51:00.000000,,,,0.02486,
07/13/2019 22:52:00.000000,,,,0.030142,
07/13/2019 22:53:00.000000,,,,11.619512,
07/13/2019 22:54:00.000000,,,,0.018413,
07/13/2019 22:55:00.000000,,,,0.015853,
07/13/2019 22:56:00.000000,,,,0.013825,
07/13/2019 22:57:00.000000,,,,17.252941,
07/13/2019 22:58:00.000000,,,,0.027391,
07/13/2019 22:59:00.000000,,,,0.020716,
07/13/2019 23:00:00.000000,,,,23.074419,
07/13/2019 23:01:00.000000,,,,0.02625,
07/13/2019 23:02:00.000000,,,,17.155263,
07/13/2019 23:03:00.000000,,,,0.01923,
07/13/2019 23:04:00.000000,,,,22.5,
07/13/2019 23:05:00.000000,,,,15.95814,
07/13/2019 23:06:00.000000,,,,24.9625,
07/13/2019 23:07:00.000000,,,,36.643902,
07/13/2019 23:08:00.000000,,,,16.371429,
07/13/2019 23:10:00.000000,,,,19.862791,
07/13/2019 23:11:00.000000,,,,25.585,
07/13/2019 23:12:00.000000,,,,0.034584,
07/13/2019 23:13:00.000000,,,,0.017593,
07/13/2019 23:14:00.000000,,,,0.01455,
07/13/2019 23:15:00.000000,,,,23.165854,
07/13/2019 23:16:00.000000,,,,13.153488,
07/13/2019 23:17:00.000000,,,,14.175,
07/13/2019 23:18:00.000000,,,,0.0193,
07/13/2019 23:19:00.000000,,,,13.890244,
07/13/2019 23:20:00.000000,,,,0.027817,
07/13/2019 23:21:00.000000,,,,0.025197,
07/13/2019 23:22:00.000000,,,,24.521053,
07/13/2019 23:23:00.000000,,,,28.79697,
07/13/2019 23:24:00.000000,,,,0.022716,
07/13/2019 23:25:00.000000,,,,11.4375,
07/13/2019 23:26:00.000000,,,,12.57,
07/13/2019 23:27:00.000000,,,,15.471429,
07/13/2019 23:28:00.000000,,,,0.012459,
07/13/2019 23:30:00.000000,,,,12.402857,
07/13/2019 23:31:00.000000,,,,0.029869,
07/13/2019 23:32:00.000000,,,,0.038869,
07/13/2019 23:33:00.000000,,,,15.5875,
07/13/2019 23:34:00.000000,,,,0.023231,
07/13/2019 23:35:00.000000,,,,0.017625,
07/13/2019 23:36:00.000000,,,,32.882857,
07/13/2019 23:37:00.000000,,,,0.013049,
07/13/2019 23:38:00.000000,,,,12.772093,
07/13/2019 23:39:00.000000,,,,0.012663,
07/13/2019 23:40:00.000000,,,,15.631818,
07/13/2019 23:41:00.000000,,,,32.734146,
07/13/2019 23:42:00.000000,,,,0.017065,
07/13/2019 23:43:00.000000,,,,0.01712,
07/13/2019 23:44:00.000000,,,,8.8,
07/13/2019 23:45:00.000000,,,,0.01233,
07/13/2019 23:46:00.000000,,,,22.671429,
07/13/2019 23:47:00.000000,,,,0.028848,
07/13/2019 23:48:00.000000,,,,0.023714,
07/13/2019 23:49:00.000000,,,,0.017442,
07/13/2019 23:50:00.000000,,,,9.626829,
07/13/2019 23:51:00.000000,,,,0.00638,
07/13/2019 23:52:00.000000,,,,23.105128,
07/13/2019 23:53:00.000000,,,,0.025401,
07/13/2019 23:54:00.000000,,,,11.132558,
07/13/2019 23:55:00.000000,,,,17.3,
07/13/2019 23:56:00.000000,,,,0.02081,
07/13/2019 23:57:00.000000,,,,10.905128,
07/13/2019 23:58:00.000000,,,,0.015736,
07/13/2019 23:59:00.000000,,,,0.042028,
07/14/2019 00:00:00.000000,,,,14.831707,
07/14/2019 00:01:00.000000,,,,28.804545,
07/14/2019 00:02:00.000000,,,,0.030271,
07/14/2019 00:03:00.000000,,,,10.672727,
07/14/2019 00:04:00.000000,,,,0.015085,
07/14/2019 00:05:00.000000,,,,0.017463,
07/14/2019 00:06:00.000000,,,,15.807317,
07/14/2019 00:07:00.000000,,,,0.004901,
07/14/2019 00:08:00.000000,,,,0.003702,
07/14/2019 00:09:00.000000,,,,12.795349,
07/14/2019 00:10:00.000000,,,,0.015412,
07/14/2019 00:11:00.000000,,,,11.8,
07/14/2019 00:12:00.000000,,,,13.213953,
07/14/2019 00:13:00.000000,,,,0.009181,
07/14/2019 00:14:00.000000,,,,9.347727,
07/14/2019 00:15:00.000000,,,,17.585714,
07/14/2019 00:16:00.000000,,,,13.602632,
07/14/2019 00:17:00.000000,,,,0.020947,
07/14/2019 00:18:00.000000,,,,0.028984,
07/14/2019 00:19:00.000000,,,,5.316667,
07/14/2019 00:20:00.000000,,,,0.009912,
07/14/2019 00:21:00.000000,,,,8.816667,
07/14/2019 00:22:00.000000,,,,0.011083,
07/14/2019 00:23:00.000000,,,,17.093333,
07/14/2019 00:24:00.000000,,,,9.914286,
07/14/2019 00:25:00.000000,,,,0.015523,
07/14/2019 00:26:00.000000,,,,0.005244,
07/14/2019 00:27:00.000000,,,,12.773333,
07/14/2019 00:28:00.000000,,,,0.018002,
07/14/2019 00:29:00.000000,,,,27.068182,
07/14/2019 00:30:00.000000,,,,32.22,
07/14/2019 00:31:00.000000,,,,0.071724,
07/14/2019 00:32:00.000000,,,,0.028839,
07/14/2019 00:33:00.000000,,,,71.375,
07/14/2019 00:34:00.000000,,,,0.028389,
07/14/2019 00:35:00.000000,,,,20.383721,
07/14/2019 00:36:00.000000,,,,0.044921,
07/14/2019 00:37:00.000000,,,,0.035032,
07/14/2019 00:38:00.000000,,,,0.024682,
07/14/2019 00:39:00.000000,,,,20.606977,
07/14/2019 00:40:00.000000,,,,26.738462,
07/14/2019 00:41:00.000000,,,,0.025706,
07/14/2019 00:42:00.000000,,,,0.033373,
07/14/2019 00:43:00.000000,,,,0.030438,
07/14/2019 00:44:00.000000,,,,0.049177,
07/14/2019 00:45:00.000000,,,,36.109756,
07/14/2019 00:46:00.000000,,,,39.789474,
07/14/2019 00:47:00.000000,,,,0.03903,
07/14/2019 00:48:00.000000,,,,29.543902,
07/14/2019 00:49:00.000000,,,,0.073113,
07/14/2019 00:50:00.000000,,,,59.430435,
07/14/2019 00:51:00.000000,,,,0.073945,
07/14/2019 00:52:00.000000,,,,0.089805,
07/14/2019 00:53:00.000000,,,,69.787805,
07/14/2019 00:54:00.000000,,,,35.338462,
07/14/2019 00:55:00.000000,,,,0.046233,
07/14/2019 00:56:00.000000,,,,25.523077,
07/14/2019 00:57:00.000000,,,,36.108824,
07/14/2019 00:58:00.000000,,,,23.593023,
07/14/2019 00:59:00.000000,,,,0.029002,
07/14/2019 01:00:00.000000,,,,24.383721,
07/14/2019 01:01:00.000000,,,,0.033096,
07/14/2019 01:02:00.000000,,,,13.161364,
07/14/2019 01:03:00.000000,,,,0.012245,
07/14/2019 01:04:00.000000,,,,0.009249,
07/14/2019 01:05:00.000000,,,,0.017749,
07/14/2019 01:06:00.000000,,,,0.013845,
07/14/2019 01:07:00.000000,,,,10.8,
07/14/2019 01:08:00.000000,,,,19.709524,
07/14/2019 01:10:00.000000,,,,0.028238,
07/14/2019 01:11:00.000000,,,,0.018865,
07/14/2019 01:12:00.000000,,,,17.795349,
07/14/2019 01:13:00.000000,,,,13.627907,
07/14/2019 01:14:00.000000,,,,0.013759,
07/14/2019 01:15:00.000000,,,,0.019006,
07/14/2019 01:16:00.000000,,,,0.023915,
07/14/2019 01:17:00.000000,,,,25.746341,
07/14/2019 01:18:00.000000,,,,16.883333,
07/14/2019 01:19:00.000000,,,,17.270732,
07/14/2019 01:20:00.000000,,,,14.356098,
07/14/2019 01:21:00.000000,,,,0.028307,
07/14/2019 01:22:00.000000,,,,0.017757,
07/14/2019 01:23:00.000000,,,,13.171795,
07/14/2019 01:24:00.000000,,,,0.028992,
07/14/2019 01:25:00.000000,,,,0.010329,
07/14/2019 01:26:00.000000,,,,12.814286,
07/14/2019 01:27:00.000000,,,,17.635897,
07/14/2019 01:28:00.000000,,,,15.323077,
07/14/2019 01:29:00.000000,,,,14.8,
07/14/2019 01:30:00.000000,,,,13.107692,
07/14/2019 01:31:00.000000,,,,0.015458,
07/14/2019 01:32:00.000000,,,,0.029682,
07/14/2019 01:33:00.000000,,,,0.018533,
07/14/2019 01:34:00.000000,,,,0.016271,
07/14/2019 01:35:00.000000,,,,16.381818,
07/14/2019 01:36:00.000000,,,,0.021735,
07/14/2019 01:37:00.000000,,,,8.395122,
07/14/2019 01:38:00.000000,,,,0.011997,
07/14/2019 01:39:00.000000,,,,8.1625,
07/14/2019 01:40:00.000000,,,,12.975,
07/14/2019 01:41:00.000000,,,,0.01892,
07/14/2019 01:42:00.000000,,,,0.014812,
07/14/2019 01:43:00.000000,,,,0.015099,
07/14/2019 01:44:00.000000,,,,15.987805,
07/14/2019 01:45:00.000000,,,,0.01627,
07/14/2019 01:46:00.000000,,,,15.719048,
07/14/2019 01:47:00.000000,,,,18.2875,
07/14/2019 01:48:00.000000,,,,0.016734,
07/14/2019 01:49:00.000000,,,,13.720455,
07/14/2019 01:50:00.000000,,,,0.01409,
07/14/2019 01:51:00.000000,,,,0.017896,
07/14/2019 01:52:00.000000,,,,13.566667,
07/14/2019 01:53:00.000000,,,,20.88,
07/14/2019 01:54:00.000000,,,,9.857143,
07/14/2019 01:55:00.000000,,,,13.660465,
07/14/2019 01:56:00.000000,,,,10.805,
07/14/2019 01:57:00.000000,,,,15.417949,
07/14/2019 01:58:00.000000,,,,13.188372,
07/14/2019 01:59:00.000000,,,,12.275,
07/14/2019 02:00:00.000000,,,,0.017569,
07/14/2019 02:01:00.000000,,,,20.095,
07/14/2019 02:02:00.000000,,,,12.667442,
07/14/2019 02:03:00.000000,,,,13.056098,
07/14/2019 02:04:00.000000,,,,13.213953,
07/14/2019 02:05:00.000000,,,,0.011895,
07/14/2019 02:06:00.000000,,,,18.128571,
07/14/2019 02:07:00.000000,,,,0.015723,
07/14/2019 02:08:00.000000,,,,12.612195,
07/14/2019 02:09:00.000000,,,,10.736585,
07/14/2019 02:10:00.000000,,,,8.731707,
07/14/2019 02:11:00.000000,,,,10.378049,
07/14/2019 02:12:00.000000,,,,13.664103,
07/14/2019 02:13:00.000000,,,,0.009598,
07/14/2019 02:14:00.000000,,,,0.021112,
07/14/2019 02:15:00.000000,,,,0.017033,
07/14/2019 02:16:00.000000,,,,15.281395,
07/14/2019 02:17:00.000000,,,,0.02208,
07/14/2019 02:18:00.000000,,,,0.01865,
07/14/2019 02:19:00.000000,,,,0.019083,
07/14/2019 02:20:00.000000,,,,0.023686,
07/14/2019 02:21:00.000000,,,,15.141026,
07/14/2019 02:22:00.000000,,,,14.328571,
07/14/2019 02:23:00.000000,,,,12.184615,
07/14/2019 02:24:00.000000,,,,0.015973,
07/14/2019 02:25:00.000000,,,,0.020401,
07/14/2019 02:26:00.000000,,,,0.016004,
07/14/2019 02:27:00.000000,,,,0.030524,
07/14/2019 02:28:00.000000,,,,0.032223,
07/14/2019 02:29:00.000000,,,,12.196552,
07/14/2019 02:30:00.000000,,,,0.018197,
07/14/2019 02:31:00.000000,,,,0.014912,
07/14/2019 02:32:00.000000,,,,0.019309,
07/14/2019 02:33:00.000000,,,,0.020545,
07/14/2019 02:34:00.000000,,,,0.018135,
07/14/2019 02:35:00.000000,,,,18.559091,
07/14/2019 02:36:00.000000,,,,16.153846,
07/14/2019 02:37:00.000000,,,,15.938462,
07/14/2019 02:38:00.000000,,,,18.560976,
07/14/2019 02:39:00.000000,,,,22.95122,
07/14/2019 02:40:00.000000,,,,19.811765,
07/14/2019 02:41:00.000000,,,,23.135714,
07/14/2019 02:42:00.000000,,,,0.020102,
07/14/2019 02:43:00.000000,,,,0.024263,
07/14/2019 02:44:00.000000,,,,0.023442,
07/14/2019 02:45:00.000000,,,,19.497561,
07/14/2019 02:46:00.000000,,,,0.021136,
07/14/2019 02:47:00.000000,,,,20.414286,
07/14/2019 02:48:00.000000,,,,18.035897,
07/14/2019 02:49:00.000000,,,,0.021382,
07/14/2019 02:50:00.000000,,,,0.021578,
07/14/2019 02:51:00.000000,,,,0.022164,
07/14/2019 02:52:00.000000,,,,0.032171,
07/14/2019 02:53:00.000000,,,,0.019387,
07/14/2019 02:54:00.000000,,,,17.85,
07/14/2019 02:55:00.000000,,,,0.019531,
07/14/2019 02:56:00.000000,,,,0.025363,
07/14/2019 02:57:00.000000,,,,0.020488,
07/14/2019 02:58:00.000000,,,,0.018636,
07/14/2019 02:59:00.000000,,,,17.21,
07/14/2019 03:00:00.000000,,,,0.024693,
07/14/2019 03:01:00.000000,,,,18.1875,
07/14/2019 03:02:00.000000,,,,0.029072,
07/14/2019 03:03:00.000000,,,,0.019608,
07/14/2019 03:04:00.000000,,,,0.024767,
07/14/2019 03:05:00.000000,,,,26.42093,
07/14/2019 03:06:00.000000,,,,0.025344,
07/14/2019 03:07:00.000000,,,,0.016621,
07/14/2019 03:08:00.000000,,,,0.018908,
07/14/2019 03:09:00.000000,,,,18.1125,
07/14/2019 03:10:00.000000,,,,0.018619,
07/14/2019 03:11:00.000000,,,,17.3,
07/14/2019 03:12:00.000000,,,,0.01932,
07/14/2019 03:13:00.000000,,,,25.175,
07/14/2019 03:14:00.000000,,,,0.021338,
07/14/2019 03:15:00.000000,,,,14.3,
07/14/2019 03:16:00.000000,,,,0.016405,
07/14/2019 03:17:00.000000,,,,0.010607,
07/14/2019 03:18:00.000000,,,,0.019814,
07/14/2019 03:19:00.000000,,,,0.021503,
07/14/2019 03:20:00.000000,,,,0.018702,
07/14/2019 03:21:00.000000,,,,0.018784,
07/14/2019 03:22:00.000000,,,,12.565714,
07/14/2019 03:23:00.000000,,,,17.793103,
07/14/2019 03:24:00.000000,,,,0.022893,
07/14/2019 03:25:00.000000,,,,18.185714,
07/14/2019 03:26:00.000000,,,,15.272093,
07/14/2019 03:27:00.000000,,,,0.030294,
07/14/2019 03:28:00.000000,,,,25.125,
07/14/2019 03:30:00.000000,,,,0.022005,
07/14/2019 03:31:00.000000,,,,19.355555,
07/14/2019 03:32:00.000000,,,,0.02844,
07/14/2019 03:33:00.000000,,,,20.13,
07/14/2019 03:34:00.000000,,,,0.037535,
07/14/2019 03:35:00.000000,,,,0.051043,
07/14/2019 03:36:00.000000,,,,0.026212,
07/14/2019 03:37:00.000000,,,,0.019561,
07/14/2019 03:38:00.000000,,,,16.375,
07/14/2019 03:39:00.000000,,,,21.005,
07/14/2019 03:40:00.000000,,,,13.3825,
07/14/2019 03:41:00.000000,,,,16.152632,
07/14/2019 03:42:00.000000,,,,29.228571,
07/14/2019 03:43:00.000000,,,,22.838461,
07/14/2019 03:44:00.000000,,,,23.68,
07/14/2019 03:45:00.000000,,,,0.026419,
07/14/2019 03:46:00.000000,,,,0.034163,
07/14/2019 03:47:00.000000,,,,0.02083,
07/14/2019 03:48:00.000000,,,,12.936842,
07/14/2019 03:49:00.000000,,,,0.025326,
07/14/2019 03:50:00.000000,,,,15.530769,
07/14/2019 03:51:00.000000,,,,0.015467,
07/14/2019 03:52:00.000000,,,,22.046341,
07/14/2019 03:53:00.000000,,,,0.028652,
07/14/2019 03:54:00.000000,,,,0.01113,
07/14/2019 03:55:00.000000,,,,0.021352,
07/14/2019 03:56:00.000000,,,,17.925,
07/14/2019 03:57:00.000000,,,,0.019339,
07/14/2019 03:58:00.000000,,,,17.206977,
07/14/2019 03:59:00.000000,,,,23.689744,
07/14/2019 04:00:00.000000,,,,0.022757,
07/14/2019 04:01:00.000000,,,,0.014916,
07/14/2019 04:02:00.000000,,,,0.015063,
07/14/2019 04:03:00.000000,,,,19.22439,
07/14/2019 04:04:00.000000,,,,0.023127,
07/14/2019 04:05:00.000000,,,,15.525,
07/14/2019 04:06:00.000000,,,,0.008602,
07/14/2019 04:07:00.000000,,,,0.022362,
07/14/2019 04:08:00.000000,,,,20.193182,
07/14/2019 04:09:00.000000,,,,0.064088,
07/14/2019 04:10:00.000000,,,,23.543478,
07/14/2019 04:11:00.000000,,,,0.02902,
07/14/2019 04:12:00.000000,,,,0.010307,
07/14/2019 04:13:00.000000,,,,20.387805,
07/14/2019 04:14:00.000000,,,,22.354545,
07/14/2019 04:15:00.000000,,,,0.022548,
07/14/2019 04:16:00.000000,,,,0.026859,
07/14/2019 04:17:00.000000,,,,0.020698,
07/14/2019 04:18:00.000000,,,,20.820513,
07/14/2019 04:19:00.000000,,,,0.009501,
07/14/2019 04:20:00.000000,,,,0.014782,
07/14/2019 04:21:00.000000,,,,0.022464,
07/14/2019 04:22:00.000000,,,,0.018095,
07/14/2019 04:23:00.000000,,,,0.013085,
07/14/2019 04:24:00.000000,,,,0.019617,
07/14/2019 04:25:00.000000,,,,0.025372,
07/14/2019 04:26:00.000000,,,,13.714634,
07/14/2019 04:27:00.000000,,,,0.031128,
07/14/2019 04:28:00.000000,,,,0.014555,
07/14/2019 04:29:00.000000,,,,13.228571,
07/14/2019 04:30:00.000000,,,,0.024989,
07/14/2019 04:31:00.000000,,,,0.014441,
07/14/2019 04:32:00.000000,,,,0.028333,
07/14/2019 04:33:00.000000,,,,0.030486,
07/14/2019 04:34:00.000000,,,,0.02384,
07/14/2019 04:35:00.000000,,,,20.65,
07/14/2019 04:36:00.000000,,,,13.165,
07/14/2019 04:37:00.000000,,,,0.020693,
07/14/2019 04:38:00.000000,,,,16.502439,
07/14/2019 04:39:00.000000,,,,0.010921,
07/14/2019 04:40:00.000000,,,,21.214286,
07/14/2019 04:41:00.000000,,,,0.024037,
07/14/2019 04:42:00.000000,,,,16.737143,
07/14/2019 04:43:00.000000,,,,0.018012,
07/14/2019 04:44:00.000000,,,,13.912903,
07/14/2019 04:45:00.000000,,,,17.1,
07/14/2019 04:46:00.000000,,,,0.017453,
07/14/2019 04:47:00.000000,,,,15.911765,
07/14/2019 04:48:00.000000,,,,0.017689,
07/14/2019 04:49:00.000000,,,,0.026704,
07/14/2019 04:50:00.000000,,,,0.023561,
07/14/2019 04:51:00.000000,,,,9.802381,
07/14/2019 04:52:00.000000,,,,17.376744,
07/14/2019 04:53:00.000000,,,,0.021959,
07/14/2019 04:54:00.000000,,,,11.748837,
07/14/2019 04:55:00.000000,,,,0.010669,
07/14/2019 04:56:00.000000,,,,0.024523,
07/14/2019 04:57:00.000000,,,,0.015001,
07/14/2019 04:58:00.000000,,,,0.014019,
07/14/2019 04:59:00.000000,,,,17.787805,
07/14/2019 05:00:00.000000,,,,16.509756,
07/14/2019 05:01:00.000000,,,,0.015994,
07/14/2019 05:02:00.000000,,,,11.152381,
07/14/2019 05:03:00.000000,,,,0.016335,
07/14/2019 05:04:00.000000,,,,0.013874,
07/14/2019 05:05:00.000000,,,,0.019168,
07/14/2019 05:06:00.000000,,,,0.011414,
07/14/2019 05:07:00.000000,,,,0.00978,
07/14/2019 05:08:00.000000,,,,9.784211,
07/14/2019 05:09:00.000000,,,,8.293023,
07/14/2019 05:10:00.000000,,,,0.010442,
07/14/2019 05:11:00.000000,,,,8.413636,
07/14/2019 05:12:00.000000,,,,9.620513,
07/14/2019 05:13:00.000000,,,,5.136364,
07/14/2019 05:14:00.000000,,,,9.730769,
07/14/2019 05:15:00.000000,,,,0.01038,
07/14/2019 05:16:00.000000,,,,0.009594,
07/14/2019 05:17:00.000000,,,,6.551282,
07/14/2019 05:18:00.000000,,,,8.092683,
07/14/2019 05:19:00.000000,,,,16.546667,
07/14/2019 05:20:00.000000,,,,15.308333,
07/14/2019 05:21:00.000000,,,,15.2,
07/14/2019 05:22:00.000000,,,,0.02637,
07/14/2019 05:23:00.000000,,,,9.161538,
07/14/2019 05:24:00.000000,,,,8.267647,
07/14/2019 05:25:00.000000,,,,0.012782,
07/14/2019 05:26:00.000000,,,,18.433333,
07/14/2019 05:27:00.000000,,,,0.018719,
07/14/2019 05:28:00.000000,,,,8.041463,
07/14/2019 05:29:00.000000,,,,0.006505,
07/14/2019 05:30:00.000000,,,,11.231818,
07/14/2019 05:31:00.000000,,,,0.011482,
07/14/2019 05:32:00.000000,,,,0.00604,
07/14/2019 05:33:00.000000,,,,7.125,
07/14/2019 05:34:00.000000,,,,0.016623,
07/14/2019 05:35:00.000000,,,,9.507317,
07/14/2019 05:36:00.000000,,,,4.360976,
07/14/2019 05:37:00.000000,,,,0.010036,
07/14/2019 05:38:00.000000,,,,10.36,
07/14/2019 05:39:00.000000,,,,9.190476,
07/14/2019 05:40:00.000000,,,,0.009384,
07/14/2019 05:41:00.000000,,,,9.34878,
07/14/2019 05:42:00.000000,,,,10.286047,
07/14/2019 05:43:00.000000,,,,0.008641,
07/14/2019 05:44:00.000000,,,,0.009033,
07/14/2019 05:45:00.000000,,,,0.005568,
07/14/2019 05:46:00.000000,,,,7.623077,
07/14/2019 05:47:00.000000,,,,0.014395,
07/14/2019 05:48:00.000000,,,,7.77561,
07/14/2019 05:50:00.000000,,,,0.010827,
07/14/2019 05:51:00.000000,,,,0.007899,
07/14/2019 05:52:00.000000,,,,8.594737,
07/14/2019 05:53:00.000000,,,,10.009756,
07/14/2019 05:54:00.000000,,,,0.008291,
07/14/2019 05:55:00.000000,,,,16.158537,
07/14/2019 05:56:00.000000,,,,0.009248,
07/14/2019 05:57:00.000000,,,,0.012749,
07/14/2019 05:58:00.000000,,,,5.981818,
07/14/2019 05:59:00.000000,,,,0.007271,
07/14/2019 06:00:00.000000,,,,0.011431,
07/14/2019 06:01:00.000000,,,,0.011925,
07/14/2019 06:02:00.000000,,,,4.666667,
07/14/2019 06:03:00.000000,,,,0.013697,
07/14/2019 06:04:00.000000,,,,0.009268,
07/14/2019 06:05:00.000000,,,,9.3875,
07/14/2019 06:06:00.000000,,,,0.01347,
07/14/2019 06:07:00.000000,,,,6.495,
07/14/2019 06:08:00.000000,,,,0.012028,
07/14/2019 06:09:00.000000,,,,0.009536,
07/14/2019 06:10:00.000000,,,,9.831818,
07/14/2019 06:11:00.000000,,,,4.714286,
07/14/2019 06:12:00.000000,,,,0.007868,
07/14/2019 06:13:00.000000,,,,0.004984,
07/14/2019 06:14:00.000000,,,,4.061538,
07/14/2019 06:15:00.000000,,,,0.01209,
07/14/2019 06:16:00.000000,,,,0.011369,
07/14/2019 06:17:00.000000,,,,0.007394,
07/14/2019 06:18:00.000000,,,,6.497727,
07/14/2019 06:19:00.000000,,,,4.397619,
07/14/2019 06:20:00.000000,,,,0.01243,
07/14/2019 06:21:00.000000,,,,8.56,
07/14/2019 06:22:00.000000,,,,5.212195,
07/14/2019 06:23:00.000000,,,,4.447368,
07/14/2019 06:24:00.000000,,,,0.004196,
07/14/2019 06:25:00.000000,,,,0.005218,
07/14/2019 06:26:00.000000,,,,13.23617,
07/14/2019 06:27:00.000000,,,,0.009466,
07/14/2019 06:28:00.000000,,,,0.006847,
07/14/2019 06:29:00.000000,,,,0.008497,
07/14/2019 06:30:00.000000,,,,9.543478,
07/14/2019 06:31:00.000000,,,,0.008631,
07/14/2019 06:32:00.000000,,,,0.004661,
07/14/2019 06:33:00.000000,,,,5.207317,
07/14/2019 06:34:00.000000,,,,4.209302,
07/14/2019 06:35:00.000000,,,,12.571429,
07/14/2019 06:36:00.000000,,,,0.005187,
07/14/2019 06:37:00.000000,,,,8.336842,
07/14/2019 06:38:00.000000,,,,4.234146,
07/14/2019 06:39:00.000000,,,,9.057143,
07/14/2019 06:40:00.000000,,,,5.771429,
07/14/2019 06:41:00.000000,,,,9.1,
07/14/2019 06:42:00.000000,,,,0.004743,
07/14/2019 06:43:00.000000,,,,6.139535,
07/14/2019 06:44:00.000000,,,,3.6,
07/14/2019 06:45:00.000000,,,,6.202273,
07/14/2019 06:46:00.000000,,,,4.534884,
07/14/2019 06:47:00.000000,,,,2.834146,
07/14/2019 06:48:00.000000,,,,3.126829,
07/14/2019 06:49:00.000000,,,,5.842857,
07/14/2019 06:50:00.000000,,,,7.992683,
07/14/2019 06:51:00.000000,,,,7.095349,
07/14/2019 06:52:00.000000,,,,4.42439,
07/14/2019 06:53:00.000000,,,,8.9875,
07/14/2019 06:54:00.000000,,,,0.008033,
07/14/2019 06:55:00.000000,,,,3.704651,
07/14/2019 06:56:00.000000,,,,6.72439,
07/14/2019 06:57:00.000000,,,,0.013446,
07/14/2019 06:58:00.000000,,,,5.668293,
07/14/2019 06:59:00.000000,,,,2.87381,
07/14/2019 07:00:00.000000,,,,3.809091,
07/14/2019 07:01:00.000000,,,,3.15,
07/14/2019 07:02:00.000000,,,,4.536585,
07/14/2019 07:03:00.000000,,,,3.192308,
07/14/2019 07:04:00.000000,,,,0.005069,
07/14/2019 07:05:00.000000,,,,3.69,
07/14/2019 07:06:00.000000,,,,3.5125,
07/14/2019 07:07:00.000000,,,,0.005585,
07/14/2019 07:08:00.000000,,,,0.005466,
07/14/2019 07:09:00.000000,,,,6.786047,
07/14/2019 07:10:00.000000,,,,6.153488,
07/14/2019 07:11:00.000000,,,,0.004022,
07/14/2019 07:12:00.000000,,,,0.006548,
07/14/2019 07:13:00.000000,,,,7.378049,
07/14/2019 07:14:00.000000,,,,3.836585,
07/14/2019 07:15:00.000000,,,,0.007146,
07/14/2019 07:16:00.000000,,,,6.385714,
07/14/2019 07:17:00.000000,,,,0.004517,
07/14/2019 07:18:00.000000,,,,0.00597,
07/14/2019 07:19:00.000000,,,,0.010085,
07/14/2019 07:20:00.000000,,,,0.004908,
07/14/2019 07:21:00.000000,,,,0.007053,
07/14/2019 07:22:00.000000,,,,0.019891,
07/14/2019 07:23:00.000000,,,,5.262222,
07/14/2019 07:24:00.000000,,,,0.008033,
07/14/2019 07:25:00.000000,,,,0.010116,
07/14/2019 07:26:00.000000,,,,0.01322,
07/14/2019 07:27:00.000000,,,,0.005775,
07/14/2019 07:28:00.000000,,,,3.743478,
07/14/2019 07:30:00.000000,,,,0.004088,
07/14/2019 07:31:00.000000,,,,3.728571,
07/14/2019 07:32:00.000000,,,,0.013532,
07/14/2019 07:33:00.000000,,,,0.03382,
07/14/2019 07:34:00.000000,,,,7.223077,
07/14/2019 07:35:00.000000,,,,3.548571,
07/14/2019 07:36:00.000000,,,,4.753846,
07/14/2019 07:37:00.000000,,,,4.045946,
07/14/2019 07:38:00.000000,,,,0.004366,
07/14/2019 07:39:00.000000,,,,0.008403,
07/14/2019 07:40:00.000000,,,,4.169767,
07/14/2019 07:41:00.000000,,,,0.010113,
07/14/2019 07:42:00.000000,,,,0.005304,
07/14/2019 07:43:00.000000,,,,3.302439,
07/14/2019 07:44:00.000000,,,,3.885714,
07/14/2019 07:45:00.000000,,,,0.006603,
07/14/2019 07:46:00.000000,,,,14.355556,
07/14/2019 07:47:00.000000,,,,15.116279,
07/14/2019 07:48:00.000000,,,,0.015479,
07/14/2019 07:49:00.000000,,,,5.1,
07/14/2019 07:50:00.000000,,,,10.181395,
07/14/2019 07:51:00.000000,,,,6.334146,
07/14/2019 07:52:00.000000,,,,3.3125,
07/14/2019 07:53:00.000000,,,,6.478261,
07/14/2019 07:54:00.000000,,,,0.00468,
07/14/2019 07:55:00.000000,,,,0.011787,
07/14/2019 07:56:00.000000,,,,0.006582,
07/14/2019 07:57:00.000000,,,,4.05,
07/14/2019 07:58:00.000000,,,,0.018389,
07/14/2019 07:59:00.000000,,,,6.72,
07/14/2019 08:00:00.000000,,,,10.667442,
07/14/2019 08:01:00.000000,,,,7.375,
07/14/2019 08:02:00.000000,,,,6.326316,
07/14/2019 08:03:00.000000,,,,0.020302,
07/14/2019 08:04:00.000000,,,,0.011416,
07/14/2019 08:05:00.000000,,,,0.010059,
07/14/2019 08:06:00.000000,,,,0.008701,
07/14/2019 08:07:00.000000,,,,4.544444,
07/14/2019 08:08:00.000000,,,,0.00471,
07/14/2019 08:09:00.000000,,,,5.292857,
07/14/2019 08:10:00.000000,,,,0.005492,
07/14/2019 08:11:00.000000,,,,0.007755,
07/14/2019 08:12:00.000000,,,,8.215789,
07/14/2019 08:13:00.000000,,,,4.128571,
07/14/2019 08:14:00.000000,,,,0.004032,
07/14/2019 08:15:00.000000,,,,4.98,
07/14/2019 08:16:00.000000,,,,0.00903,
07/14/2019 08:17:00.000000,,,,0.007755,
07/14/2019 08:18:00.000000,,,,3.675,
07/14/2019 08:19:00.000000,,,,0.008927,
07/14/2019 08:20:00.000000,,,,0.0065,
07/14/2019 08:21:00.000000,,,,4.7,
07/14/2019 08:22:00.000000,,,,3.853846,
07/14/2019 08:23:00.000000,,,,0.006294,
07/14/2019 08:24:00.000000,,,,0.008413,
07/14/2019 08:25:00.000000,,,,0.016888,
07/14/2019 08:26:00.000000,,,,9.858537,
07/14/2019 08:27:00.000000,,,,0.005616,
07/14/2019 08:28:00.000000,,,,3.275,
07/14/2019 08:29:00.000000,,,,3.28,
07/14/2019 08:30:00.000000,,,,0.007261,
07/14/2019 08:31:00.000000,,,,3.7,
07/14/2019 08:32:00.000000,,,,3.25,
07/14/2019 08:33:00.000000,,,,0.007385,
07/14/2019 08:34:00.000000,,,,0.004941,
07/14/2019 08:35:00.000000,,,,0.019979,
07/14/2019 08:36:00.000000,,,,9.234884,
07/14/2019 08:37:00.000000,,,,0.005705,
07/14/2019 08:38:00.000000,,,,3.323077,
07/14/2019 08:39:00.000000,,,,7.891176,
07/14/2019 08:40:00.000000,,,,5.0575,
07/14/2019 08:41:00.000000,,,,6.965854,
07/14/2019 08:42:00.000000,,,,0.005618,
07/14/2019 08:43:00.000000,,,,6.952174,
07/14/2019 08:44:00.000000,,,,0.007467,
07/14/2019 08:45:00.000000,,,,4.16383,
07/14/2019 08:46:00.000000,,,,5.16,
07/14/2019 08:47:00.000000,,,,0.005328,
07/14/2019 08:48:00.000000,,,,3.683333,
07/14/2019 08:50:00.000000,,,,0.006541,
07/14/2019 08:51:00.000000,,,,0.006603,
07/14/2019 08:52:00.000000,,,,0.005204,
07/14/2019 08:53:00.000000,,,,0.007508,
07/14/2019 08:54:00.000000,,,,0.018307,
07/14/2019 08:55:00.000000,,,,0.014913,
07/14/2019 08:56:00.000000,,,,8.589474,
07/14/2019 08:57:00.000000,,,,4.228571,
07/14/2019 08:58:00.000000,,,,5.045,
07/14/2019 08:59:00.000000,,,,5.125,
07/14/2019 09:00:00.000000,,,,0.004546,
07/14/2019 09:01:00.000000,,,,3.4,
07/14/2019 09:02:00.000000,,,,0.006572,
07/14/2019 09:03:00.000000,,,,3.305714,
07/14/2019 09:04:00.000000,,,,0.014286,
07/14/2019 09:05:00.000000,,,,4.141935,
07/14/2019 09:06:00.000000,,,,0.004464,
07/14/2019 09:07:00.000000,,,,0.005009,
07/14/2019 09:08:00.000000,,,,0.008567,
07/14/2019 09:09:00.000000,,,,4.126829,
07/14/2019 09:10:00.000000,,,,14.04878,
07/14/2019 09:11:00.000000,,,,0.005441,
07/14/2019 09:12:00.000000,,,,0.004196,
07/14/2019 09:13:00.000000,,,,5.4125,
07/14/2019 09:14:00.000000,,,,0.00432,
07/14/2019 09:15:00.000000,,,,0.004721,
07/14/2019 09:16:00.000000,,,,0.006408,
07/14/2019 09:17:00.000000,,,,3.77,
07/14/2019 09:18:00.000000,,,,3.852381,
07/14/2019 09:19:00.000000,,,,0.005266,
07/14/2019 09:20:00.000000,,,,0.007364,
07/14/2019 09:21:00.000000,,,,0.005718,
07/14/2019 09:22:00.000000,,,,0.004279,
07/14/2019 09:23:00.000000,,,,7.2375,
07/14/2019 09:24:00.000000,,,,6.706818,
07/14/2019 09:25:00.000000,,,,6.146512,
07/14/2019 09:26:00.000000,,,,0.013185,
07/14/2019 09:27:00.000000,,,,0.00794,
07/14/2019 09:28:00.000000,,,,4.125,
07/14/2019 09:29:00.000000,,,,0.005328,
07/14/2019 09:30:00.000000,,,,7.869231,
07/14/2019 09:31:00.000000,,,,0.006377,
07/14/2019 09:32:00.000000,,,,5.790698,
07/14/2019 09:33:00.000000,,,,7.02,
07/14/2019 09:34:00.000000,,,,0.016394,
07/14/2019 09:35:00.000000,,,,0.009976,
07/14/2019 09:36:00.000000,,,,0.008084,
07/14/2019 09:37:00.000000,,,,4.304878,
07/14/2019 09:38:00.000000,,,,0.004628,
07/14/2019 09:39:00.000000,,,,0.009709,
07/14/2019 09:40:00.000000,,,,14.667568,
07/14/2019 09:41:00.000000,,,,7.542857,
07/14/2019 09:42:00.000000,,,,4.472727,
07/14/2019 09:43:00.000000,,,,0.009902,
07/14/2019 09:44:00.000000,,,,5.287805,
07/14/2019 09:45:00.000000,,,,0.00982,
07/14/2019 09:46:00.000000,,,,0.005064,
07/14/2019 09:47:00.000000,,,,4.980488,
07/14/2019 09:48:00.000000,,,,6.395122,
07/14/2019 09:49:00.000000,,,,0.007211,
07/14/2019 09:50:00.000000,,,,10.25,
07/14/2019 09:51:00.000000,,,,7.077778,
07/14/2019 09:52:00.000000,,,,4.55122,
07/14/2019 09:53:00.000000,,,,0.019043,
07/14/2019 09:54:00.000000,,,,7.854545,
07/14/2019 09:55:00.000000,,,,0.005054,
07/14/2019 09:56:00.000000,,,,0.005937,
07/14/2019 09:57:00.000000,,,,3.957143,
07/14/2019 09:58:00.000000,,,,7.455,
07/14/2019 09:59:00.000000,,,,4.508824,
07/14/2019 10:00:00.000000,,,,0.02505,
07/14/2019 10:01:00.000000,,,,10.7,
07/14/2019 10:02:00.000000,,,,0.007571,
07/14/2019 10:03:00.000000,,,,10.165854,
07/14/2019 10:04:00.000000,,,,4.739024,
07/14/2019 10:05:00.000000,,,,0.004555,
07/14/2019 10:06:00.000000,,,,0.004555,
07/14/2019 10:07:00.000000,,,,3.868421,
07/14/2019 10:08:00.000000,,,,0.004903,
07/14/2019 10:09:00.000000,,,,8.335,
07/14/2019 10:10:00.000000,,,,0.008535,
07/14/2019 10:11:00.000000,,,,8.036585,
07/14/2019 10:12:00.000000,,,,6.647826,
07/14/2019 10:13:00.000000,,,,19.678947,
07/14/2019 10:14:00.000000,,,,0.019532,
07/14/2019 10:15:00.000000,,,,15.871429,
07/14/2019 10:16:00.000000,,,,0.014997,
07/14/2019 10:17:00.000000,,,,6.44878,
07/14/2019 10:18:00.000000,,,,10.868293,
07/14/2019 10:19:00.000000,,,,4.826316,
07/14/2019 10:20:00.000000,,,,12.953846,
07/14/2019 10:21:00.000000,,,,0.011038,
07/14/2019 10:22:00.000000,,,,0.013418,
07/14/2019 10:23:00.000000,,,,0.012515,
07/14/2019 10:24:00.000000,,,,14.87561,
07/14/2019 10:25:00.000000,,,,17.480488,
07/14/2019 10:26:00.000000,,,,0.007324,
07/14/2019 10:27:00.000000,,,,0.010586,
07/14/2019 10:28:00.000000,,,,7.9375,
07/14/2019 10:29:00.000000,,,,8.742105,
07/14/2019 10:30:00.000000,,,,5.433333,
07/14/2019 10:31:00.000000,,,,11.539535,
07/14/2019 10:32:00.000000,,,,0.006586,
07/14/2019 10:33:00.000000,,,,0.004493,
07/14/2019 10:34:00.000000,,,,0.007201,
07/14/2019 10:35:00.000000,,,,0.010217,
07/14/2019 10:36:00.000000,,,,0.006606,
07/14/2019 10:37:00.000000,,,,0.006401,
07/14/2019 10:38:00.000000,,,,16.486047,
07/14/2019 10:39:00.000000,,,,0.007345,
07/14/2019 10:40:00.000000,,,,12.18421,
07/14/2019 10:41:00.000000,,,,0.019615,
07/14/2019 10:42:00.000000,,,,0.014462,
07/14/2019 10:43:00.000000,,,,4.542857,
07/14/2019 10:44:00.000000,,,,0.004417,
07/14/2019 10:45:00.000000,,,,9.085714,
07/14/2019 10:46:00.000000,,,,0.017667,
07/14/2019 10:47:00.000000,,,,0.009799,
07/14/2019 10:48:00.000000,,,,0.005033,
07/14/2019 10:49:00.000000,,,,7.153846,
07/14/2019 10:50:00.000000,,,,4.584615,
07/14/2019 10:51:00.000000,,,,0.006225,
07/14/2019 10:52:00.000000,,,,0.005218,
07/14/2019 10:53:00.000000,,,,4.48,
07/14/2019 10:54:00.000000,,,,5.182927,
07/14/2019 10:55:00.000000,,,,4.246341,
07/14/2019 10:56:00.000000,,,,3.587805,
07/14/2019 10:57:00.000000,,,,3.585366,
07/14/2019 10:58:00.000000,,,,0.004643,
07/14/2019 10:59:00.000000,,,,0.007663,
07/14/2019 11:00:00.000000,,,,0.008053,
07/14/2019 11:01:00.000000,,,,6.5,
07/14/2019 11:02:00.000000,,,,3.688372,
07/14/2019 11:03:00.000000,,,,3.485714,
07/14/2019 11:04:00.000000,,,,0.004406,
07/14/2019 11:05:00.000000,,,,5.546154,
07/14/2019 11:06:00.000000,,,,0.004905,
07/14/2019 11:07:00.000000,,,,3.896774,
07/14/2019 11:08:00.000000,,,,3.642857,
07/14/2019 11:10:00.000000,,,,0.005842,
07/14/2019 11:11:00.000000,,,,0.011601,
07/14/2019 11:12:00.000000,,,,0.011478,
07/14/2019 11:13:00.000000,,,,0.008403,
07/14/2019 11:14:00.000000,,,,6.6875,
07/14/2019 11:15:00.000000,,,,0.015283,
07/14/2019 11:16:00.000000,,,,0.005173,
07/14/2019 11:17:00.000000,,,,3.04878,
07/14/2019 11:18:00.000000,,,,0.016939,
07/14/2019 11:19:00.000000,,,,4.797561,
07/14/2019 11:20:00.000000,,,,0.008917,
07/14/2019 11:21:00.000000,,,,0.005307,
07/14/2019 11:22:00.000000,,,,7.384615,
07/14/2019 11:23:00.000000,,,,0.008968,
07/14/2019 11:24:00.000000,,,,7.961538,
07/14/2019 11:25:00.000000,,,,0.005019,
07/14/2019 11:26:00.000000,,,,9.5125,
07/14/2019 11:27:00.000000,,,,0.007786,
07/14/2019 11:28:00.000000,,,,0.004351,
07/14/2019 11:29:00.000000,,,,3.641463,
07/14/2019 11:30:00.000000,,,,0.007621,
07/14/2019 11:31:00.000000,,,,0.005122,
07/14/2019 11:32:00.000000,,,,7.648276,
07/14/2019 11:33:00.000000,,,,3.72,
07/14/2019 11:34:00.000000,,,,10.030952,
07/14/2019 11:35:00.000000,,,,0.005533,
07/14/2019 11:36:00.000000,,,,0.006171,
07/14/2019 11:37:00.000000,,,,6.423529,
07/14/2019 11:38:00.000000,,,,7.183333,
07/14/2019 11:39:00.000000,,,,0.01047,
07/14/2019 11:40:00.000000,,,,0.009822,
07/14/2019 11:41:00.000000,,,,13.192683,
07/14/2019 11:42:00.000000,,,,0.009596,
07/14/2019 11:43:00.000000,,,,6.346341,
07/14/2019 11:44:00.000000,,,,3.553659,
07/14/2019 11:45:00.000000,,,,8.545946,
07/14/2019 11:46:00.000000,,,,8.131818,
07/14/2019 11:47:00.000000,,,,7.221212,
07/14/2019 11:48:00.000000,,,,0.00651,
07/14/2019 11:50:00.000000,,,,4.830769,
07/14/2019 11:51:00.000000,,,,3.7,
07/14/2019 11:52:00.000000,,,,4.809756,
07/14/2019 11:53:00.000000,,,,8.25,
07/14/2019 11:54:00.000000,,,,14.51,
07/14/2019 11:55:00.000000,,,,0.008495,
07/14/2019 11:56:00.000000,,,,3.614286,
07/14/2019 11:57:00.000000,,,,0.007796,
07/14/2019 11:58:00.000000,,,,5.627907,
07/14/2019 11:59:00.000000,,,,4.209302,
07/14/2019 12:00:00.000000,,,,0.004114,
07/14/2019 12:01:00.000000,,,,0.003949,
07/14/2019 12:02:00.000000,,,,3.948387,
07/14/2019 12:03:00.000000,,,,4.837838,
07/14/2019 12:04:00.000000,,,,8.126316,
07/14/2019 12:05:00.000000,,,,0.018443,
07/14/2019 12:06:00.000000,,,,7.271429,
07/14/2019 12:07:00.000000,,,,3.5,
07/14/2019 12:08:00.000000,,,,0.007796,
07/14/2019 12:10:00.000000,,,,3.651163,
07/14/2019 12:11:00.000000,,,,10.113333,
07/14/2019 12:12:00.000000,,,,0.007147,
07/14/2019 12:13:00.000000,,,,4.623077,
07/14/2019 12:14:00.000000,,,,3.47561,
07/14/2019 12:15:00.000000,,,,0.019824,
07/14/2019 12:16:00.000000,,,,5.67561,
07/14/2019 12:17:00.000000,,,,5.192683,
07/14/2019 12:18:00.000000,,,,0.006795,
07/14/2019 12:19:00.000000,,,,0.023139,
07/14/2019 12:20:00.000000,,,,5.236585,
07/14/2019 12:21:00.000000,,,,0.004867,
07/14/2019 12:22:00.000000,,,,0.00994,
07/14/2019 12:23:00.000000,,,,0.006311,
07/14/2019 12:24:00.000000,,,,0.00662,
07/14/2019 12:25:00.000000,,,,0.011632,
07/14/2019 12:26:00.000000,,,,8.97027,
07/14/2019 12:27:00.000000,,,,34.095238,
07/14/2019 12:28:00.000000,,,,10.865854,
07/14/2019 12:29:00.000000,,,,3.82439,
07/14/2019 12:30:00.000000,,,,0.006629,
07/14/2019 12:31:00.000000,,,,0.007434,
07/14/2019 12:32:00.000000,,,,3.429545,
07/14/2019 12:33:00.000000,,,,6.025581,
07/14/2019 12:34:00.000000,,,,8.814286,
07/14/2019 12:35:00.000000,,,,4.228571,
07/14/2019 12:36:00.000000,,,,7.775,
07/14/2019 12:37:00.000000,,,,0.004513,
07/14/2019 12:38:00.000000,,,,13.485,
07/14/2019 12:39:00.000000,,,,0.005232,
07/14/2019 12:40:00.000000,,,,6.988095,
07/14/2019 12:41:00.000000,,,,0.005597,
07/14/2019 12:42:00.000000,,,,0.00851,
07/14/2019 12:43:00.000000,,,,0.004276,
07/14/2019 12:44:00.000000,,,,3.1,
07/14/2019 12:45:00.000000,,,,6.95,
07/14/2019 12:46:00.000000,,,,0.007793,
07/14/2019 12:47:00.000000,,,,0.009883,
07/14/2019 12:48:00.000000,,,,0.005757,
07/14/2019 12:49:00.000000,,,,21.785714,
07/14/2019 12:50:00.000000,,,,0.014013,
07/14/2019 12:51:00.000000,,,,4.0,
07/14/2019 12:52:00.000000,,,,0.007846,
07/14/2019 12:53:00.000000,,,,0.004464,
07/14/2019 12:54:00.000000,,,,2.76,
07/14/2019 12:55:00.000000,,,,6.78,
07/14/2019 12:56:00.000000,,,,7.510256,
07/14/2019 12:57:00.000000,,,,0.007323,
07/14/2019 12:58:00.000000,,,,0.00598,
07/14/2019 12:59:00.000000,,,,0.006335,
07/14/2019 13:00:00.000000,,,,0.006025,
07/14/2019 13:01:00.000000,,,,0.004402,
07/14/2019 13:02:00.000000,,,,3.184211,
07/14/2019 13:03:00.000000,,,,0.003579,
07/14/2019 13:04:00.000000,,,,5.564865,
07/14/2019 13:05:00.000000,,,,0.004391,
07/14/2019 13:06:00.000000,,,,0.027346,
07/14/2019 13:07:00.000000,,,,0.009615,
07/14/2019 13:08:00.000000,,,,0.006274,
07/14/2019 13:10:00.000000,,,,3.48,
07/14/2019 13:11:00.000000,,,,5.475,
07/14/2019 13:12:00.000000,,,,10.690244,
07/14/2019 13:13:00.000000,,,,13.78,
07/14/2019 13:14:00.000000,,,,0.013219,
07/14/2019 13:15:00.000000,,,,0.005487,
07/14/2019 13:16:00.000000,,,,0.004323,
07/14/2019 13:17:00.000000,,,,0.011847,
07/14/2019 13:18:00.000000,,,,5.294872,
07/14/2019 13:19:00.000000,,,,6.709091,
07/14/2019 13:20:00.000000,,,,0.013638,
07/14/2019 13:21:00.000000,,,,12.980488,
07/14/2019 13:22:00.000000,,,,6.4,
07/14/2019 13:23:00.000000,,,,0.005075,
07/14/2019 13:24:00.000000,,,,6.89,
07/14/2019 13:25:00.000000,,,,15.244444,
07/14/2019 13:26:00.000000,,,,9.114286,
07/14/2019 13:27:00.000000,,,,0.007099,
07/14/2019 13:28:00.000000,,,,3.438636,
07/14/2019 13:29:00.000000,,,,0.006974,
07/14/2019 13:30:00.000000,,,,8.282353,
07/14/2019 13:31:00.000000,,,,0.009351,
07/14/2019 13:32:00.000000,,,,7.03,
07/14/2019 13:33:00.000000,,,,8.275,
07/14/2019 13:34:00.000000,,,,0.0106,
07/14/2019 13:35:00.000000,,,,7.808108,
07/14/2019 13:36:00.000000,,,,0.009394,
07/14/2019 13:37:00.000000,,,,5.743902,
07/14/2019 13:38:00.000000,,,,0.008418,
07/14/2019 13:39:00.000000,,,,0.006131,
07/14/2019 13:40:00.000000,,,,6.37,
07/14/2019 13:41:00.000000,,,,8.938889,
07/14/2019 13:42:00.000000,,,,4.965,
07/14/2019 13:43:00.000000,,,,0.004724,
07/14/2019 13:44:00.000000,,,,15.402326,
07/14/2019 13:45:00.000000,,,,0.009643,
07/14/2019 13:46:00.000000,,,,0.00746,
07/14/2019 13:47:00.000000,,,,16.5,
07/14/2019 13:48:00.000000,,,,7.02439,
07/14/2019 13:49:00.000000,,,,4.366667,
07/14/2019 13:50:00.000000,,,,8.382927,
07/14/2019 13:51:00.000000,,,,6.378049,
07/14/2019 13:52:00.000000,,,,0.004304,
07/14/2019 13:53:00.000000,,,,0.017455,
07/14/2019 13:54:00.000000,,,,4.785714,
07/14/2019 13:55:00.000000,,,,0.004236,
07/14/2019 13:56:00.000000,,,,6.768421,
07/14/2019 13:57:00.000000,,,,0.006188,
07/14/2019 13:58:00.000000,,,,0.004336,
07/14/2019 13:59:00.000000,,,,3.616667,
07/14/2019 14:00:00.000000,,,,0.00444,
07/14/2019 14:01:00.000000,,,,0.003879,
07/14/2019 14:02:00.000000,,,,0.010465,
07/14/2019 14:03:00.000000,,,,16.659091,
07/14/2019 14:04:00.000000,,,,8.681818,
07/14/2019 14:05:00.000000,,,,6.557143,
07/14/2019 14:06:00.000000,,,,10.257143,
07/14/2019 14:07:00.000000,,,,17.131707,
07/14/2019 14:08:00.000000,,,,8.980488,
07/14/2019 14:09:00.000000,,,,0.008095,
07/14/2019 14:10:00.000000,,,,3.739024,
07/14/2019 14:11:00.000000,,,,0.013315,
07/14/2019 14:12:00.000000,,,,0.01461,
07/14/2019 14:13:00.000000,,,,5.942857,
07/14/2019 14:14:00.000000,,,,0.008062,
07/14/2019 14:15:00.000000,,,,8.985714,
07/14/2019 14:16:00.000000,,,,11.628571,
07/14/2019 14:17:00.000000,,,,0.008113,
07/14/2019 14:18:00.000000,,,,9.106667,
07/14/2019 14:19:00.000000,,,,18.083721,
07/14/2019 14:20:00.000000,,,,19.2,
07/14/2019 14:21:00.000000,,,,5.855,
07/14/2019 14:22:00.000000,,,,14.251351,
07/14/2019 14:23:00.000000,,,,0.01195,
07/14/2019 14:24:00.000000,,,,0.008812,
07/14/2019 14:25:00.000000,,,,17.525,
07/14/2019 14:26:00.000000,,,,7.256818,
07/14/2019 14:27:00.000000,,,,0.0084,
07/14/2019 14:28:00.000000,,,,12.334146,
07/14/2019 14:29:00.000000,,,,4.837838,
07/14/2019 14:30:00.000000,,,,0.018399,
07/14/2019 14:31:00.000000,,,,8.072727,
07/14/2019 14:32:00.000000,,,,3.8375,
07/14/2019 14:33:00.000000,,,,2.810526,
07/14/2019 14:34:00.000000,,,,6.78,
07/14/2019 14:35:00.000000,,,,3.62381,
07/14/2019 14:36:00.000000,,,,0.006737,
07/14/2019 14:37:00.000000,,,,3.638636,
07/14/2019 14:38:00.000000,,,,2.89,
07/14/2019 14:39:00.000000,,,,2.8,
07/14/2019 14:40:00.000000,,,,7.921951,
07/14/2019 14:41:00.000000,,,,0.004433,
07/14/2019 14:42:00.000000,,,,0.009302,
07/14/2019 14:43:00.000000,,,,6.157143,
07/14/2019 14:44:00.000000,,,,3.305263,
07/14/2019 14:45:00.000000,,,,10.061538,
07/14/2019 14:46:00.000000,,,,5.0625,
07/14/2019 14:47:00.000000,,,,0.003833,
07/14/2019 14:48:00.000000,,,,0.015027,
07/14/2019 14:49:00.000000,,,,0.017225,
07/14/2019 14:50:00.000000,,,,8.331707,
07/14/2019 14:51:00.000000,,,,0.007358,
07/14/2019 14:52:00.000000,,,,0.008666,
07/14/2019 14:53:00.000000,,,,15.357143,
07/14/2019 14:54:00.000000,,,,0.014036,
07/14/2019 14:55:00.000000,,,,0.006514,
07/14/2019 14:56:00.000000,,,,0.009252,
07/14/2019 14:57:00.000000,,,,0.004908,
07/14/2019 14:58:00.000000,,,,0.004472,
07/14/2019 14:59:00.000000,,,,0.012552,
07/14/2019 15:00:00.000000,,,,6.097674,
07/14/2019 15:01:00.000000,,,,0.007377,
07/14/2019 15:02:00.000000,,,,10.396774,
07/14/2019 15:03:00.000000,,,,5.664706,
07/14/2019 15:04:00.000000,,,,0.004605,
07/14/2019 15:05:00.000000,,,,9.22093,
07/14/2019 15:06:00.000000,,,,19.447826,
07/14/2019 15:07:00.000000,,,,0.00791,
07/14/2019 15:08:00.000000,,,,0.006886,
07/14/2019 15:10:00.000000,,,,4.0,
07/14/2019 15:11:00.000000,,,,0.00614,
07/14/2019 15:12:00.000000,,,,19.312195,
07/14/2019 15:13:00.000000,,,,19.2,
07/14/2019 15:14:00.000000,,,,10.781818,
07/14/2019 15:15:00.000000,,,,0.014836,
07/14/2019 15:16:00.000000,,,,4.271053,
07/14/2019 15:17:00.000000,,,,0.007609,
07/14/2019 15:18:00.000000,,,,7.342105,
07/14/2019 15:19:00.000000,,,,16.85,
07/14/2019 15:20:00.000000,,,,0.02193,
07/14/2019 15:21:00.000000,,,,22.690244,
07/14/2019 15:22:00.000000,,,,23.442857,
07/14/2019 15:23:00.000000,,,,0.01528,
07/14/2019 15:24:00.000000,,,,0.009341,
07/14/2019 15:25:00.000000,,,,0.009331,
07/14/2019 15:26:00.000000,,,,0.005614,
07/14/2019 15:27:00.000000,,,,0.009042,
07/14/2019 15:28:00.000000,,,,4.325,
07/14/2019 15:29:00.000000,,,,0.006782,
07/14/2019 15:30:00.000000,,,,14.657143,
07/14/2019 15:31:00.000000,,,,0.013049,
07/14/2019 15:32:00.000000,,,,0.023537,
07/14/2019 15:33:00.000000,,,,0.016796,
07/14/2019 15:34:00.000000,,,,0.009129,
07/14/2019 15:35:00.000000,,,,8.64878,
07/14/2019 15:36:00.000000,,,,15.545,
07/14/2019 15:37:00.000000,,,,0.018193,
07/14/2019 15:38:00.000000,,,,16.515385,
07/14/2019 15:39:00.000000,,,,9.588095,
07/14/2019 15:40:00.000000,,,,0.013683,
07/14/2019 15:41:00.000000,,,,0.012469,
07/14/2019 15:42:00.000000,,,,0.010923,
07/14/2019 15:43:00.000000,,,,0.007024,
07/14/2019 15:44:00.000000,,,,6.697619,
07/14/2019 15:45:00.000000,,,,0.017754,
07/14/2019 15:46:00.000000,,,,0.005209,
07/14/2019 15:47:00.000000,,,,19.814286,
07/14/2019 15:48:00.000000,,,,0.017413,
07/14/2019 15:50:00.000000,,,,7.860465,
07/14/2019 15:51:00.000000,,,,0.012594,
07/14/2019 15:52:00.000000,,,,0.011727,
07/14/2019 15:53:00.000000,,,,7.857143,
07/14/2019 15:54:00.000000,,,,3.483721,
07/14/2019 15:55:00.000000,,,,0.009516,
07/14/2019 15:56:00.000000,,,,0.00899,
07/14/2019 15:57:00.000000,,,,0.009484,
07/14/2019 15:58:00.000000,,,,4.646512,
07/14/2019 15:59:00.000000,,,,0.010834,
07/14/2019 16:00:00.000000,,,,0.012743,
07/14/2019 16:01:00.000000,,,,3.666667,
07/14/2019 16:02:00.000000,,,,7.0,
07/14/2019 16:03:00.000000,,,,0.006736,
07/14/2019 16:04:00.000000,,,,0.017882,
07/14/2019 16:05:00.000000,,,,0.009847,
07/14/2019 16:06:00.000000,,,,8.078049,
07/14/2019 16:07:00.000000,,,,0.004549,
07/14/2019 16:08:00.000000,,,,5.917073,
07/14/2019 16:10:00.000000,,,,3.197674,
07/14/2019 16:11:00.000000,,,,0.011052,
07/14/2019 16:12:00.000000,,,,0.010311,
07/14/2019 16:13:00.000000,,,,0.008925,
07/14/2019 16:14:00.000000,,,,15.048571,
07/14/2019 16:15:00.000000,,,,0.016754,
07/14/2019 16:16:00.000000,,,,7.543243,
07/14/2019 16:17:00.000000,,,,5.55,
07/14/2019 16:18:00.000000,,,,0.005416,
07/14/2019 16:19:00.000000,,,,0.004936,
07/14/2019 16:20:00.000000,,,,5.085714,
07/14/2019 16:21:00.000000,,,,10.763415,
07/14/2019 16:22:00.000000,,,,12.140476,
07/14/2019 16:23:00.000000,,,,6.414286,
07/14/2019 16:24:00.000000,,,,7.404651,
07/14/2019 16:25:00.000000,,,,19.245946,
07/14/2019 16:26:00.000000,,,,5.792683,
07/14/2019 16:27:00.000000,,,,0.007558,
07/14/2019 16:28:00.000000,,,,0.008,
07/14/2019 16:29:00.000000,,,,5.86,
07/14/2019 16:30:00.000000,,,,4.636364,
07/14/2019 16:31:00.000000,,,,0.008549,
07/14/2019 16:32:00.000000,,,,0.01151,
07/14/2019 16:33:00.000000,,,,0.007858,
07/14/2019 16:34:00.000000,,,,0.009756,
07/14/2019 16:35:00.000000,,,,0.006996,
07/14/2019 16:36:00.000000,,,,0.01147,
07/14/2019 16:37:00.000000,,,,10.992683,
07/14/2019 16:38:00.000000,,,,0.013082,
07/14/2019 16:39:00.000000,,,,2.884211,
07/14/2019 16:40:00.000000,,,,7.366667,
07/14/2019 16:41:00.000000,,,,7.672093,
07/14/2019 16:42:00.000000,,,,3.910526,
07/14/2019 16:43:00.000000,,,,0.010463,
07/14/2019 16:44:00.000000,,,,0.005562,
07/14/2019 16:45:00.000000,,,,0.013396,
07/14/2019 16:46:00.000000,,,,0.020462,
07/14/2019 16:47:00.000000,,,,15.585366,
07/14/2019 16:48:00.000000,,,,7.468182,
07/14/2019 16:49:00.000000,,,,0.008646,
07/14/2019 16:50:00.000000,,,,0.004534,
07/14/2019 16:51:00.000000,,,,8.663415,
07/14/2019 16:52:00.000000,,,,19.730952,
07/14/2019 16:53:00.000000,,,,0.033748,
07/14/2019 16:54:00.000000,,,,9.365854,
07/14/2019 16:55:00.000000,,,,0.008147,
07/14/2019 16:56:00.000000,,,,0.013304,
07/14/2019 16:57:00.000000,,,,0.004485,
07/14/2019 16:58:00.000000,,,,10.346341,
07/14/2019 16:59:00.000000,,,,4.235714,
07/14/2019 17:00:00.000000,,,,8.321951,
07/14/2019 17:01:00.000000,,,,9.55,
07/14/2019 17:02:00.000000,,,,0.006514,
07/14/2019 17:03:00.000000,,,,2.807317,
07/14/2019 17:04:00.000000,,,,2.921053,
07/14/2019 17:05:00.000000,,,,0.003543,
07/14/2019 17:06:00.000000,,,,5.731579,
07/14/2019 17:07:00.000000,,,,0.0083,
07/14/2019 17:08:00.000000,,,,18.605128,
07/14/2019 17:09:00.000000,,,,0.00554,
07/14/2019 17:10:00.000000,,,,8.638462,
07/14/2019 17:11:00.000000,,,,3.639024,
07/14/2019 17:12:00.000000,,,,20.085714,
07/14/2019 17:13:00.000000,,,,9.653659,
07/14/2019 17:14:00.000000,,,,5.571429,
07/14/2019 17:15:00.000000,,,,0.003181,
07/14/2019 17:16:00.000000,,,,6.365909,
07/14/2019 17:17:00.000000,,,,6.638462,
07/14/2019 17:18:00.000000,,,,5.911628,
07/14/2019 17:19:00.000000,,,,4.413158,
07/14/2019 17:20:00.000000,,,,16.478947,
07/14/2019 17:21:00.000000,,,,0.012047,
07/14/2019 17:22:00.000000,,,,0.015092,
07/14/2019 17:23:00.000000,,,,0.00546,
07/14/2019 17:24:00.000000,,,,0.013727,
07/14/2019 17:25:00.000000,,,,3.511628,
07/14/2019 17:26:00.000000,,,,0.005984,
07/14/2019 17:27:00.000000,,,,2.25,
07/14/2019 17:28:00.000000,,,,14.007317,
07/14/2019 17:30:00.000000,,,,7.315789,
07/14/2019 17:31:00.000000,,,,0.006817,
07/14/2019 17:32:00.000000,,,,2.292308,
07/14/2019 17:33:00.000000,,,,0.008646,
07/14/2019 17:34:00.000000,,,,0.005648,
07/14/2019 17:35:00.000000,,,,0.003538,
07/14/2019 17:36:00.000000,,,,0.003495,
07/14/2019 17:37:00.000000,,,,0.009338,
07/14/2019 17:38:00.000000,,,,0.016058,
07/14/2019 17:39:00.000000,,,,0.006265,
07/14/2019 17:40:00.000000,,,,0.0178,
07/14/2019 17:41:00.000000,,,,7.375,
07/14/2019 17:42:00.000000,,,,0.007479,
07/14/2019 17:43:00.000000,,,,7.492683,
07/14/2019 17:44:00.000000,,,,4.971429,
07/14/2019 17:45:00.000000,,,,0.00844,
07/14/2019 17:46:00.000000,,,,0.00333,
07/14/2019 17:47:00.000000,,,,13.553659,
07/14/2019 17:48:00.000000,,,,3.534884,
07/14/2019 17:49:00.000000,,,,5.452632,
07/14/2019 17:50:00.000000,,,,4.922727,
07/14/2019 17:51:00.000000,,,,11.273171,
07/14/2019 17:52:00.000000,,,,0.01134,
07/14/2019 17:53:00.000000,,,,0.005194,
07/14/2019 17:54:00.000000,,,,0.002857,
07/14/2019 17:55:00.000000,,,,0.010171,
07/14/2019 17:56:00.000000,,,,12.5,
07/14/2019 17:57:00.000000,,,,0.007927,
07/14/2019 17:58:00.000000,,,,0.002893,
07/14/2019 17:59:00.000000,,,,0.009642,
07/14/2019 18:00:00.000000,,,,0.003424,
07/14/2019 18:01:00.000000,,,,0.010357,
07/14/2019 18:02:00.000000,,,,0.003424,
07/14/2019 18:03:00.000000,,,,0.018764,
07/14/2019 18:04:00.000000,,,,4.65,
07/14/2019 18:05:00.000000,,,,2.02439,
07/14/2019 18:06:00.000000,,,,0.002954,
07/14/2019 18:07:00.000000,,,,0.007033,
07/14/2019 18:08:00.000000,,,,5.105,
07/14/2019 18:09:00.000000,,,,0.009468,
07/14/2019 18:10:00.000000,,,,0.005686,
07/14/2019 18:11:00.000000,,,,2.168293,
07/14/2019 18:12:00.000000,,,,5.314634,
07/14/2019 18:13:00.000000,,,,0.009088,
07/14/2019 18:14:00.000000,,,,9.490244,
07/14/2019 18:15:00.000000,,,,0.008213,
07/14/2019 18:16:00.000000,,,,7.765909,
07/14/2019 18:17:00.000000,,,,2.461905,
07/14/2019 18:18:00.000000,,,,7.293023,
07/14/2019 18:19:00.000000,,,,0.008148,
07/14/2019 18:20:00.000000,,,,6.616279,
07/14/2019 18:21:00.000000,,,,0.013596,
07/14/2019 18:22:00.000000,,,,6.325581,
07/14/2019 18:23:00.000000,,,,0.005254,
07/14/2019 18:24:00.000000,,,,3.467568,
07/14/2019 18:25:00.000000,,,,12.960976,
07/14/2019 18:26:00.000000,,,,6.230952,
07/14/2019 18:27:00.000000,,,,5.7,
07/14/2019 18:28:00.000000,,,,0.002777,
07/14/2019 18:29:00.000000,,,,15.586047,
07/14/2019 18:30:00.000000,,,,4.2,
07/14/2019 18:31:00.000000,,,,3.314286,
07/14/2019 18:32:00.000000,,,,0.025048,
07/14/2019 18:33:00.000000,,,,0.008797,
07/14/2019 18:34:00.000000,,,,0.015016,
07/14/2019 18:35:00.000000,,,,5.795455,
07/14/2019 18:36:00.000000,,,,0.006471,
07/14/2019 18:37:00.000000,,,,10.591667,
07/14/2019 18:38:00.000000,,,,2.925581,
07/14/2019 18:39:00.000000,,,,0.002795,
07/14/2019 18:40:00.000000,,,,0.006674,
07/14/2019 18:41:00.000000,,,,2.582927,
07/14/2019 18:42:00.000000,,,,0.021321,
07/14/2019 18:43:00.000000,,,,9.988636,
07/14/2019 18:44:00.000000,,,,6.96,
07/14/2019 18:45:00.000000,,,,0.008809,
07/14/2019 18:46:00.000000,,,,0.007758,
07/14/2019 18:47:00.000000,,,,2.485366,
07/14/2019 18:48:00.000000,,,,2.604762,
07/14/2019 18:49:00.000000,,,,0.009553,
07/14/2019 18:50:00.000000,,,,0.011409,
07/14/2019 18:51:00.000000,,,,3.521951,
07/14/2019 18:52:00.000000,,,,6.871795,
07/14/2019 18:53:00.000000,,,,0.003537,
07/14/2019 18:54:00.000000,,,,0.026336,
07/14/2019 18:55:00.000000,,,,4.544737,
07/14/2019 18:56:00.000000,,,,4.736364,
07/14/2019 18:57:00.000000,,,,0.008626,
07/14/2019 18:58:00.000000,,,,0.008065,
07/14/2019 18:59:00.000000,,,,4.836842,
07/14/2019 19:00:00.000000,,,,0.003566,
07/14/2019 19:01:00.000000,,,,0.005349,
07/14/2019 19:02:00.000000,,,,18.385714,
07/14/2019 19:03:00.000000,,,,9.987805,
07/14/2019 19:04:00.000000,,,,4.385714,
07/14/2019 19:05:00.000000,,,,2.466667,
07/14/2019 19:06:00.000000,,,,0.008968,
07/14/2019 19:07:00.000000,,,,6.231707,
07/14/2019 19:08:00.000000,,,,0.011049,
07/14/2019 19:09:00.000000,,,,8.8375,
07/14/2019 19:10:00.000000,,,,9.235897,
07/14/2019 19:11:00.000000,,,,0.009182,
07/14/2019 19:12:00.000000,,,,3.012195,
07/14/2019 19:13:00.000000,,,,0.0031,
07/14/2019 19:14:00.000000,,,,0.010405,
07/14/2019 19:15:00.000000,,,,0.008067,
07/14/2019 19:16:00.000000,,,,6.397561,
07/14/2019 19:17:00.000000,,,,4.621951,
07/14/2019 19:18:00.000000,,,,9.715385,
07/14/2019 19:19:00.000000,,,,0.004328,
07/14/2019 19:20:00.000000,,,,4.340909,
07/14/2019 19:21:00.000000,,,,2.4125,
07/14/2019 19:22:00.000000,,,,8.009375,
07/14/2019 19:23:00.000000,,,,6.258824,
07/14/2019 19:24:00.000000,,,,0.014081,
07/14/2019 19:25:00.000000,,,,3.483721,
07/14/2019 19:26:00.000000,,,,0.007768,
07/14/2019 19:27:00.000000,,,,0.00351,
07/14/2019 19:28:00.000000,,,,0.00673,
07/14/2019 19:30:00.000000,,,,0.022566,
07/14/2019 19:31:00.000000,,,,0.01696,
07/14/2019 19:32:00.000000,,,,8.643902,
07/14/2019 19:33:00.000000,,,,16.457143,
07/14/2019 19:34:00.000000,,,,11.961905,
07/14/2019 19:35:00.000000,,,,0.004729,
07/14/2019 19:36:00.000000,,,,0.021507,
07/14/2019 19:37:00.000000,,,,0.023556,
07/14/2019 19:38:00.000000,,,,16.334884,
07/14/2019 19:39:00.000000,,,,10.213636,
07/14/2019 19:40:00.000000,,,,0.014378,
07/14/2019 19:41:00.000000,,,,14.219048,
07/14/2019 19:42:00.000000,,,,0.010587,
07/14/2019 19:43:00.000000,,,,10.7625,
07/14/2019 19:44:00.000000,,,,0.021454,
07/14/2019 19:45:00.000000,,,,0.012265,
07/14/2019 19:46:00.000000,,,,7.871429,
07/14/2019 19:47:00.000000,,,,0.019533,
07/14/2019 19:48:00.000000,,,,0.00521,
07/14/2019 19:49:00.000000,,,,3.614634,
07/14/2019 19:50:00.000000,,,,0.013493,
07/14/2019 19:51:00.000000,,,,8.589474,
07/14/2019 19:52:00.000000,,,,8.909524,
07/14/2019 19:53:00.000000,,,,18.079487,
07/14/2019 19:54:00.000000,,,,0.009536,
07/14/2019 19:55:00.000000,,,,0.005236,
07/14/2019 19:56:00.000000,,,,5.9625,
07/14/2019 19:57:00.000000,,,,3.853659,
07/14/2019 19:58:00.000000,,,,18.63,
07/14/2019 19:59:00.000000,,,,0.012191,
07/14/2019 20:00:00.000000,,,,0.004758,
07/14/2019 20:01:00.000000,,,,0.019625,
07/14/2019 20:02:00.000000,,,,6.490244,
07/14/2019 20:03:00.000000,,,,0.008135,
07/14/2019 20:04:00.000000,,,,3.414286,
07/14/2019 20:05:00.000000,,,,0.01199,
07/14/2019 20:06:00.000000,,,,0.01508,
07/14/2019 20:07:00.000000,,,,15.446512,
07/14/2019 20:08:00.000000,,,,4.183333,
07/14/2019 20:09:00.000000,,,,7.325,
07/14/2019 20:10:00.000000,,,,0.015452,
07/14/2019 20:11:00.000000,,,,6.993023,
07/14/2019 20:12:00.000000,,,,9.238462,
07/14/2019 20:13:00.000000,,,,0.013423,
07/14/2019 20:14:00.000000,,,,0.012149,
07/14/2019 20:15:00.000000,,,,3.481579,
07/14/2019 20:16:00.000000,,,,6.2,
07/14/2019 20:17:00.000000,,,,3.871429,
07/14/2019 20:18:00.000000,,,,0.008358,
07/14/2019 20:19:00.000000,,,,0.003447,
07/14/2019 20:20:00.000000,,,,0.00717,
07/14/2019 20:21:00.000000,,,,0.004285,
07/14/2019 20:22:00.000000,,,,3.871429,
07/14/2019 20:23:00.000000,,,,0.005091,
07/14/2019 20:24:00.000000,,,,0.005409,
07/14/2019 20:25:00.000000,,,,0.003256,
07/14/2019 20:26:00.000000,,,,2.317143,
07/14/2019 20:27:00.000000,,,,0.005727,
07/14/2019 20:28:00.000000,,,,0.002715,
07/14/2019 20:30:00.000000,,,,0.004868,
07/14/2019 20:31:00.000000,,,,2.609302,
07/14/2019 20:32:00.000000,,,,2.133333,
07/14/2019 20:33:00.000000,,,,5.185714,
07/14/2019 20:34:00.000000,,,,0.006563,
07/14/2019 20:35:00.000000,,,,0.006492,
07/14/2019 20:36:00.000000,,,,0.022008,
07/14/2019 20:37:00.000000,,,,6.009302,
07/14/2019 20:38:00.000000,,,,5.4875,
07/14/2019 20:39:00.000000,,,,0.006438,
07/14/2019 20:40:00.000000,,,,2.581818,
07/14/2019 20:41:00.000000,,,,2.285,
07/14/2019 20:42:00.000000,,,,0.006077,
07/14/2019 20:43:00.000000,,,,5.9625,
07/14/2019 20:44:00.000000,,,,0.003097,
07/14/2019 20:45:00.000000,,,,0.002556,
07/14/2019 20:46:00.000000,,,,1.912195,
07/14/2019 20:47:00.000000,,,,0.002652,
07/14/2019 20:48:00.000000,,,,1.834091,
07/14/2019 20:49:00.000000,,,,2.4,
07/14/2019 20:50:00.000000,,,,2.146512,
07/14/2019 20:51:00.000000,,,,0.002559,
07/14/2019 20:52:00.000000,,,,3.692308,
07/14/2019 20:53:00.000000,,,,0.009887,
07/14/2019 20:54:00.000000,,,,5.975,
07/14/2019 20:55:00.000000,,,,0.002931,
07/14/2019 20:56:00.000000,,,,3.554545,
07/14/2019 20:57:00.000000,,,,0.006945,
07/14/2019 20:58:00.000000,,,,0.003978,
07/14/2019 20:59:00.000000,,,,4.57381,
07/14/2019 21:00:00.000000,,,,2.335,
07/14/2019 21:01:00.000000,,,,0.001952,
07/14/2019 21:02:00.000000,,,,0.002227,
07/14/2019 21:03:00.000000,,,,0.003988,
07/14/2019 21:04:00.000000,,,,12.379487,
07/14/2019 21:05:00.000000,,,,0.007467,
07/14/2019 21:06:00.000000,,,,4.714634,
07/14/2019 21:07:00.000000,,,,0.008655,
07/14/2019 21:08:00.000000,,,,2.6625,
07/14/2019 21:10:00.000000,,,,0.010182,
07/14/2019 21:11:00.000000,,,,0.007658,
07/14/2019 21:12:00.000000,,,,0.006661,
07/14/2019 21:13:00.000000,,,,7.674419,
07/14/2019 21:14:00.000000,,,,2.874419,
07/14/2019 21:15:00.000000,,,,6.942105,
07/14/2019 21:16:00.000000,,,,0.008909,
07/14/2019 21:17:00.000000,,,,6.469767,
07/14/2019 21:18:00.000000,,,,0.023207,
07/14/2019 21:19:00.000000,,,,8.275,
07/14/2019 21:20:00.000000,,,,0.004472,
07/14/2019 21:21:00.000000,,,,0.004025,
07/14/2019 21:22:00.000000,,,,2.2,
07/14/2019 21:23:00.000000,,,,3.329545,
07/14/2019 21:24:00.000000,,,,5.3,
07/14/2019 21:25:00.000000,,,,2.736842,
07/14/2019 21:26:00.000000,,,,5.131707,
07/14/2019 21:27:00.000000,,,,3.872727,
07/14/2019 21:28:00.000000,,,,0.002666,
07/14/2019 21:29:00.000000,,,,0.003132,
07/14/2019 21:30:00.000000,,,,2.173171,
07/14/2019 21:31:00.000000,,,,0.002666,
07/14/2019 21:32:00.000000,,,,0.00383,
07/14/2019 21:33:00.000000,,,,0.002793,
07/14/2019 21:34:00.000000,,,,0.006136,
07/14/2019 21:35:00.000000,,,,0.007808,
07/14/2019 21:36:00.000000,,,,0.006623,
07/14/2019 21:37:00.000000,,,,5.428571,
07/14/2019 21:38:00.000000,,,,2.61,
07/14/2019 21:39:00.000000,,,,2.188372,
07/14/2019 21:40:00.000000,,,,2.031579,
07/14/2019 21:41:00.000000,,,,0.005925,
07/14/2019 21:42:00.000000,,,,0.003639,
07/14/2019 21:43:00.000000,,,,5.63,
07/14/2019 21:44:00.000000,,,,0.015488,
07/14/2019 21:45:00.000000,,,,6.066667,
07/14/2019 21:46:00.000000,,,,2.2375,
07/14/2019 21:47:00.000000,,,,0.002835,
07/14/2019 21:48:00.000000,,,,0.016779,
07/14/2019 21:49:00.000000,,,,5.917073,
07/14/2019 21:50:00.000000,,,,0.004041,
07/14/2019 21:51:00.000000,,,,0.005804,
07/14/2019 21:52:00.000000,,,,0.007076,
07/14/2019 21:53:00.000000,,,,5.786047,
07/14/2019 21:54:00.000000,,,,0.016926,
07/14/2019 21:55:00.000000,,,,3.918182,
07/14/2019 21:56:00.000000,,,,0.003861,
07/14/2019 21:57:00.000000,,,,0.021255,
07/14/2019 21:58:00.000000,,,,0.008994,
07/14/2019 21:59:00.000000,,,,0.003733,
07/14/2019 22:00:00.000000,,,,0.002885,
07/14/2019 22:01:00.000000,,,,0.002906,
07/14/2019 22:02:00.000000,,,,4.242222,
07/14/2019 22:03:00.000000,,,,13.248649,
07/14/2019 22:04:00.000000,,,,0.004004,
07/14/2019 22:05:00.000000,,,,2.363415,
07/14/2019 22:06:00.000000,,,,0.008698,
07/14/2019 22:07:00.000000,,,,3.569767,
07/14/2019 22:08:00.000000,,,,2.811628,
07/14/2019 22:10:00.000000,,,,0.009145,
07/14/2019 22:11:00.000000,,,,8.25,
07/14/2019 22:12:00.000000,,,,14.509302,
07/14/2019 22:13:00.000000,,,,0.00906,
07/14/2019 22:14:00.000000,,,,0.005963,
07/14/2019 22:15:00.000000,,,,0.016606,
07/14/2019 22:16:00.000000,,,,0.008293,
07/14/2019 22:17:00.000000,,,,0.017001,
07/14/2019 22:18:00.000000,,,,0.007499,
07/14/2019 22:19:00.000000,,,,8.87561,
07/14/2019 22:20:00.000000,,,,18.575676,
07/14/2019 22:21:00.000000,,,,10.875,
07/14/2019 22:22:00.000000,,,,5.369767,
07/14/2019 22:23:00.000000,,,,0.008185,
07/14/2019 22:24:00.000000,,,,0.004233,
07/14/2019 22:25:00.000000,,,,0.007981,
07/14/2019 22:26:00.000000,,,,0.014131,
07/14/2019 22:27:00.000000,,,,0.004643,
07/14/2019 22:28:00.000000,,,,8.4125,
07/14/2019 22:29:00.000000,,,,0.009836,
07/14/2019 22:30:00.000000,,,,0.006232,
07/14/2019 22:31:00.000000,,,,6.9625,
07/14/2019 22:32:00.000000,,,,0.010791,
07/14/2019 22:33:00.000000,,,,16.335,
07/14/2019 22:34:00.000000,,,,0.006372,
07/14/2019 22:35:00.000000,,,,6.65,
07/14/2019 22:36:00.000000,,,,8.541463,
07/14/2019 22:37:00.000000,,,,2.895122,
07/14/2019 22:38:00.000000,,,,0.005728,
07/14/2019 22:39:00.000000,,,,2.207692,
07/14/2019 22:40:00.000000,,,,5.4,
07/14/2019 22:41:00.000000,,,,0.008787,
07/14/2019 22:42:00.000000,,,,0.006649,
07/14/2019 22:43:00.000000,,,,5.686364,
07/14/2019 22:44:00.000000,,,,5.197674,
07/14/2019 22:45:00.000000,,,,2.38,
07/14/2019 22:46:00.000000,,,,2.665,
07/14/2019 22:47:00.000000,,,,3.65,
07/14/2019 22:48:00.000000,,,,2.216667,
07/14/2019 22:49:00.000000,,,,4.9625,
07/14/2019 22:50:00.000000,,,,7.995349,
07/14/2019 22:51:00.000000,,,,0.007821,
07/14/2019 22:52:00.000000,,,,2.857143,
07/14/2019 22:53:00.000000,,,,2.3125,
07/14/2019 22:54:00.000000,,,,2.718605,
07/14/2019 22:55:00.000000,,,,0.010242,
07/14/2019 22:56:00.000000,,,,4.114286,
07/14/2019 22:57:00.000000,,,,9.9,
07/14/2019 22:58:00.000000,,,,11.682927,
07/14/2019 22:59:00.000000,,,,6.105,
07/14/2019 23:00:00.000000,,,,0.008145,
07/14/2019 23:01:00.000000,,,,0.007075,
07/14/2019 23:02:00.000000,,,,0.012354,
07/14/2019 23:03:00.000000,,,,10.5,
07/14/2019 23:04:00.000000,,,,12.128571,
07/14/2019 23:05:00.000000,,,,6.336842,
07/14/2019 23:06:00.000000,,,,0.006668,
07/14/2019 23:07:00.000000,,,,3.094737,
07/14/2019 23:08:00.000000,,,,6.1,
07/14/2019 23:09:00.000000,,,,0.006059,
07/14/2019 23:10:00.000000,,,,7.185366,
07/14/2019 23:11:00.000000,,,,0.007502,
07/14/2019 23:12:00.000000,,,,0.010366,
07/14/2019 23:13:00.000000,,,,0.015944,
07/14/2019 23:14:00.000000,,,,0.01152,
07/14/2019 23:15:00.000000,,,,9.368293,
07/14/2019 23:16:00.000000,,,,0.007842,
07/14/2019 23:17:00.000000,,,,0.00733,
07/14/2019 23:18:00.000000,,,,8.587805,
07/14/2019 23:19:00.000000,,,,0.011781,
07/14/2019 23:20:00.000000,,,,0.00428,
07/14/2019 23:21:00.000000,,,,2.316129,
07/14/2019 23:22:00.000000,,,,7.32069,
07/14/2019 23:23:00.000000,,,,0.005746,
07/14/2019 23:24:00.000000,,,,0.008335,
07/14/2019 23:25:00.000000,,,,3.375,
07/14/2019 23:26:00.000000,,,,2.9,
07/14/2019 23:27:00.000000,,,,2.31875,
07/14/2019 23:28:00.000000,,,,13.397561,
07/14/2019 23:30:00.000000,,,,2.95,
07/14/2019 23:31:00.000000,,,,0.008261,
07/14/2019 23:32:00.000000,,,,7.144186,
07/14/2019 23:33:00.000000,,,,0.006294,
07/14/2019 23:34:00.000000,,,,0.006615,
07/14/2019 23:35:00.000000,,,,3.17381,
07/14/2019 23:36:00.000000,,,,12.00625,
07/14/2019 23:37:00.000000,,,,0.005311,
07/14/2019 23:38:00.000000,,,,4.936585,
07/14/2019 23:39:00.000000,,,,0.007365,
07/14/2019 23:40:00.000000,,,,0.012242,
07/14/2019 23:41:00.000000,,,,0.004579,
07/14/2019 23:42:00.000000,,,,5.642857,
07/14/2019 23:43:00.000000,,,,5.057143,
07/14/2019 23:44:00.000000,,,,0.005565,
07/14/2019 23:45:00.000000,,,,0.006321,
07/14/2019 23:46:00.000000,,,,4.913333,
07/14/2019 23:47:00.000000,,,,0.00791,
07/14/2019 23:48:00.000000,,,,20.773333,
07/14/2019 23:50:00.000000,,,,0.029485,
07/14/2019 23:51:00.000000,,,,0.013837,
07/14/2019 23:52:00.000000,,,,8.526829,
07/14/2019 23:53:00.000000,,,,0.004818,
07/14/2019 23:54:00.000000,,,,6.5,
07/14/2019 23:55:00.000000,,,,5.605128,
07/14/2019 23:56:00.000000,,,,3.375,
07/14/2019 23:57:00.000000,,,,0.009295,
07/14/2019 23:58:00.000000,,,,6.042857,
07/14/2019 23:59:00.000000,,,,0.006758,
07/15/2019 00:00:00.000000,,,,7.163415,
07/15/2019 00:01:00.000000,,,,8.391304,
07/15/2019 00:02:00.000000,,,,6.502632,
07/15/2019 00:03:00.000000,,,,4.84,
07/15/2019 00:04:00.000000,,,,9.533333,
07/15/2019 00:05:00.000000,,,,4.285714,
07/15/2019 00:06:00.000000,,,,0.003982,
07/15/2019 00:07:00.000000,,,,3.1,
07/15/2019 00:08:00.000000,,,,7.857143,
07/15/2019 00:10:00.000000,,,,15.4,
07/15/2019 00:11:00.000000,,,,0.015597,
07/15/2019 00:12:00.000000,,,,0.009454,
07/15/2019 00:13:00.000000,,,,3.425641,
07/15/2019 00:14:00.000000,,,,11.848837,
07/15/2019 00:15:00.000000,,,,0.004812,
07/15/2019 00:16:00.000000,,,,0.007218,
07/15/2019 00:17:00.000000,,,,3.792683,
07/15/2019 00:18:00.000000,,,,0.008209,
07/15/2019 00:19:00.000000,,,,10.135714,
07/15/2019 00:20:00.000000,,,,8.892683,
07/15/2019 00:21:00.000000,,,,0.004891,
07/15/2019 00:22:00.000000,,,,0.009953,
07/15/2019 00:23:00.000000,,,,14.858537,
07/15/2019 00:24:00.000000,,,,4.525,
07/15/2019 00:25:00.000000,,,,0.007783,
07/15/2019 00:26:00.000000,,,,0.006629,
07/15/2019 00:27:00.000000,,,,0.011108,
07/15/2019 00:28:00.000000,,,,5.633333,
07/15/2019 00:29:00.000000,,,,0.011289,
07/15/2019 00:30:00.000000,,,,0.008453,
07/15/2019 00:31:00.000000,,,,0.020655,
07/15/2019 00:32:00.000000,,,,0.011629,
07/15/2019 00:33:00.000000,,,,10.161905,
07/15/2019 00:34:00.000000,,,,0.006587,
07/15/2019 00:35:00.000000,,,,6.304444,
07/15/2019 00:36:00.000000,,,,0.0063,
07/15/2019 00:37:00.000000,,,,0.017893,
07/15/2019 00:38:00.000000,,,,8.985714,
07/15/2019 00:39:00.000000,,,,4.107692,
07/15/2019 00:40:00.000000,,,,0.009111,
07/15/2019 00:41:00.000000,,,,3.3,
07/15/2019 00:42:00.000000,,,,2.6,
07/15/2019 00:43:00.000000,,,,0.003538,
07/15/2019 00:44:00.000000,,,,5.381395,
07/15/2019 00:45:00.000000,,,,0.00411,
07/15/2019 00:46:00.000000,,,,5.4,
07/15/2019 00:47:00.000000,,,,0.00411,
07/15/2019 00:48:00.000000,,,,9.8,
07/15/2019 00:50:00.000000,,,,0.020529,
07/15/2019 00:51:00.000000,,,,5.452941,
07/15/2019 00:52:00.000000,,,,0.004852,
07/15/2019 00:53:00.000000,,,,0.0075,
07/15/2019 00:54:00.000000,,,,4.094872,
07/15/2019 00:55:00.000000,,,,6.8625,
07/15/2019 00:56:00.000000,,,,5.328571,
07/15/2019 00:57:00.000000,,,,6.371429,
07/15/2019 00:58:00.000000,,,,10.84186,
07/15/2019 00:59:00.000000,,,,0.004697,
07/15/2019 01:00:00.000000,,,,0.00858,
07/15/2019 01:01:00.000000,,,,0.029845,
07/15/2019 01:02:00.000000,,,,0.008887,
07/15/2019 01:03:00.000000,,,,6.1625,
07/15/2019 01:04:00.000000,,,,5.06,
07/15/2019 01:05:00.000000,,,,6.607692,
07/15/2019 01:06:00.000000,,,,3.332432,
07/15/2019 01:07:00.000000,,,,0.004211,
07/15/2019 01:08:00.000000,,,,0.008337,
07/15/2019 01:09:00.000000,,,,3.214634,
07/15/2019 01:10:00.000000,,,,8.322222,
07/15/2019 01:11:00.000000,,,,0.023037,
07/15/2019 01:12:00.000000,,,,4.83,
07/15/2019 01:13:00.000000,,,,14.697561,
07/15/2019 01:14:00.000000,,,,0.005473,
07/15/2019 01:15:00.000000,,,,0.008918,
07/15/2019 01:16:00.000000,,,,18.255,
07/15/2019 01:17:00.000000,,,,6.1,
07/15/2019 01:18:00.000000,,,,3.7,
07/15/2019 01:19:00.000000,,,,5.414286,
07/15/2019 01:20:00.000000,,,,4.141667,
07/15/2019 01:21:00.000000,,,,11.597561,
07/15/2019 01:22:00.000000,,,,7.928571,
07/15/2019 01:23:00.000000,,,,0.00725,
07/15/2019 01:24:00.000000,,,,0.010226,
07/15/2019 01:25:00.000000,,,,0.007376,
07/15/2019 01:26:00.000000,,,,0.00477,
07/15/2019 01:27:00.000000,,,,20.657143,
07/15/2019 01:28:00.000000,,,,10.695122,
07/15/2019 01:29:00.000000,,,,4.54186,
07/15/2019 01:30:00.000000,,,,5.438095,
07/15/2019 01:31:00.000000,,,,0.01419,
07/15/2019 01:32:00.000000,,,,7.436585,
07/15/2019 01:33:00.000000,,,,3.95,
07/15/2019 01:34:00.000000,,,,10.316,
07/15/2019 01:35:00.000000,,,,0.005414,
07/15/2019 01:36:00.000000,,,,10.113333,
07/15/2019 01:37:00.000000,,,,4.966667,
07/15/2019 01:38:00.000000,,,,8.366667,
07/15/2019 01:39:00.000000,,,,0.007936,
07/15/2019 01:40:00.000000,,,,0.004812,
07/15/2019 01:41:00.000000,,,,0.005023,
07/15/2019 01:42:00.000000,,,,7.281818,
07/15/2019 01:43:00.000000,,,,9.069231,
07/15/2019 01:44:00.000000,,,,6.325,
07/15/2019 01:45:00.000000,,,,4.12619,
07/15/2019 01:46:00.000000,,,,8.1875,
07/15/2019 01:47:00.000000,,,,0.008948,
07/15/2019 01:48:00.000000,,,,8.924242,
07/15/2019 01:49:00.000000,,,,7.507317,
07/15/2019 01:50:00.000000,,,,0.01016,
07/15/2019 01:51:00.000000,,,,5.287879,
07/15/2019 01:52:00.000000,,,,6.046154,
07/15/2019 01:53:00.000000,,,,0.004363,
07/15/2019 01:54:00.000000,,,,2.945,
07/15/2019 01:55:00.000000,,,,0.011537,
07/15/2019 01:56:00.000000,,,,11.061111,
07/15/2019 01:57:00.000000,,,,0.0146,
07/15/2019 01:58:00.000000,,,,4.429268,
07/15/2019 01:59:00.000000,,,,4.4,
07/15/2019 02:00:00.000000,,,,0.006621,
07/15/2019 02:01:00.000000,,,,3.945161,
07/15/2019 02:02:00.000000,,,,3.375,
07/15/2019 02:03:00.000000,,,,3.3,
07/15/2019 02:04:00.000000,,,,3.22069,
07/15/2019 02:05:00.000000,,,,7.753125,
07/15/2019 02:06:00.000000,,,,0.007547,
07/15/2019 02:07:00.000000,,,,3.976316,
07/15/2019 02:08:00.000000,,,,6.029412,
07/15/2019 02:09:00.000000,,,,3.457143,
07/15/2019 02:10:00.000000,,,,0.004147,
07/15/2019 02:11:00.000000,,,,6.559524,
07/15/2019 02:12:00.000000,,,,5.890244,
07/15/2019 02:13:00.000000,,,,0.007547,
07/15/2019 02:14:00.000000,,,,7.925,
07/15/2019 02:15:00.000000,,,,7.339535,
07/15/2019 02:16:00.000000,,,,0.004574,
07/15/2019 02:17:00.000000,,,,7.0,
07/15/2019 02:18:00.000000,,,,7.413636,
07/15/2019 02:19:00.000000,,,,0.006444,
07/15/2019 02:20:00.000000,,,,0.015548,
07/15/2019 02:21:00.000000,,,,0.013046,
07/15/2019 02:22:00.000000,,,,8.462963,
07/15/2019 02:23:00.000000,,,,7.104545,
07/15/2019 02:24:00.000000,,,,4.92093,
07/15/2019 02:25:00.000000,,,,0.00615,
07/15/2019 02:26:00.000000,,,,8.1,
07/15/2019 02:27:00.000000,,,,0.005456,
07/15/2019 02:28:00.000000,,,,7.936585,
07/15/2019 02:29:00.000000,,,,0.012142,
07/15/2019 02:30:00.000000,,,,0.004605,
07/15/2019 02:31:00.000000,,,,6.3375,
07/15/2019 02:32:00.000000,,,,0.008116,
07/15/2019 02:33:00.000000,,,,0.005877,
07/15/2019 02:34:00.000000,,,,0.014928,
07/15/2019 02:35:00.000000,,,,6.090244,
07/15/2019 02:36:00.000000,,,,5.463415,
07/15/2019 02:37:00.000000,,,,0.003811,
07/15/2019 02:38:00.000000,,,,3.995122,
07/15/2019 02:39:00.000000,,,,6.867442,
07/15/2019 02:40:00.000000,,,,8.580488,
07/15/2019 02:41:00.000000,,,,0.007853,
07/15/2019 02:42:00.000000,,,,2.890909,
07/15/2019 02:43:00.000000,,,,3.526667,
07/15/2019 02:44:00.000000,,,,5.655,
07/15/2019 02:45:00.000000,,,,6.17561,
07/15/2019 02:46:00.000000,,,,5.495238,
07/15/2019 02:47:00.000000,,,,2.925,
07/15/2019 02:48:00.000000,,,,2.487179,
07/15/2019 02:50:00.000000,,,,14.071429,
07/15/2019 02:51:00.000000,,,,5.945238,
07/15/2019 02:52:00.000000,,,,3.394444,
07/15/2019 02:53:00.000000,,,,0.005757,
07/15/2019 02:54:00.000000,,,,8.725,
07/15/2019 02:55:00.000000,,,,0.01101,
07/15/2019 02:56:00.000000,,,,17.089189,
07/15/2019 02:57:00.000000,,,,6.657143,
07/15/2019 02:58:00.000000,,,,3.581395,
07/15/2019 02:59:00.000000,,,,3.146154,
07/15/2019 03:00:00.000000,,,,0.008043,
07/15/2019 03:01:00.000000,,,,0.003927,
07/15/2019 03:02:00.000000,,,,0.005718,
07/15/2019 03:03:00.000000,,,,0.006441,
07/15/2019 03:04:00.000000,,,,12.237838,
07/15/2019 03:05:00.000000,,,,4.718919,
07/15/2019 03:06:00.000000,,,,0.003456,
07/15/2019 03:07:00.000000,,,,0.012609,
07/15/2019 03:08:00.000000,,,,0.007666,
07/15/2019 03:09:00.000000,,,,13.34878,
07/15/2019 03:10:00.000000,,,,0.012127,
07/15/2019 03:11:00.000000,,,,0.007352,
07/15/2019 03:12:00.000000,,,,0.008127,
07/15/2019 03:13:00.000000,,,,0.010095,
07/15/2019 03:14:00.000000,,,,0.016086,
07/15/2019 03:15:00.000000,,,,0.008839,
07/15/2019 03:16:00.000000,,,,0.015436,
07/15/2019 03:17:00.000000,,,,0.00976,
07/15/2019 03:18:00.000000,,,,0.007037,
07/15/2019 03:19:00.000000,,,,2.968421,
07/15/2019 03:20:00.000000,,,,2.864286,
07/15/2019 03:21:00.000000,,,,12.109302,
07/15/2019 03:22:00.000000,,,,0.008242,
07/15/2019 03:23:00.000000,,,,0.003995,
07/15/2019 03:24:00.000000,,,,12.065,
07/15/2019 03:25:00.000000,,,,8.625,
07/15/2019 03:26:00.000000,,,,5.42439,
07/15/2019 03:27:00.000000,,,,2.96,
07/15/2019 03:28:00.000000,,,,0.003954,
07/15/2019 03:29:00.000000,,,,0.006087,
07/15/2019 03:30:00.000000,,,,0.009957,
07/15/2019 03:31:00.000000,,,,9.060465,
07/15/2019 03:32:00.000000,,,,0.009821,
07/15/2019 03:33:00.000000,,,,3.638462,
07/15/2019 03:34:00.000000,,,,0.005596,
07/15/2019 03:35:00.000000,,,,0.006924,
07/15/2019 03:36:00.000000,,,,3.295122,
07/15/2019 03:37:00.000000,,,,0.01503,
07/15/2019 03:38:00.000000,,,,0.008357,
07/15/2019 03:39:00.000000,,,,8.518182,
07/15/2019 03:40:00.000000,,,,0.007949,
07/15/2019 03:41:00.000000,,,,0.015709,
07/15/2019 03:42:00.000000,,,,5.11,
07/15/2019 03:43:00.000000,,,,0.003954,
07/15/2019 03:44:00.000000,,,,3.186047,
07/15/2019 03:45:00.000000,,,,0.004012,
07/15/2019 03:46:00.000000,,,,0.005964,
07/15/2019 03:47:00.000000,,,,0.0075,
07/15/2019 03:48:00.000000,,,,13.76,
07/15/2019 03:49:00.000000,,,,0.006184,
07/15/2019 03:50:00.000000,,,,0.006163,
07/15/2019 03:51:00.000000,,,,9.430233,
07/15/2019 03:52:00.000000,,,,0.006184,
07/15/2019 03:53:00.000000,,,,3.376923,
07/15/2019 03:54:00.000000,,,,0.005077,
07/15/2019 03:55:00.000000,,,,0.006831,
07/15/2019 03:56:00.000000,,,,0.005056,
07/15/2019 03:57:00.000000,,,,0.00422,
07/15/2019 03:58:00.000000,,,,0.005077,
07/15/2019 03:59:00.000000,,,,9.117073,
07/15/2019 04:00:00.000000,,,,0.005703,
07/15/2019 04:01:00.000000,,,,4.614286,
07/15/2019 04:02:00.000000,,,,3.434146,
07/15/2019 04:03:00.000000,,,,0.006615,
07/15/2019 04:04:00.000000,,,,9.744186,
07/15/2019 04:05:00.000000,,,,4.341463,
07/15/2019 04:06:00.000000,,,,0.010641,
07/15/2019 04:07:00.000000,,,,4.54878,
07/15/2019 04:08:00.000000,,,,0.006927,
07/15/2019 04:09:00.000000,,,,0.063094,
07/15/2019 04:10:00.000000,,,,0.018423,
07/15/2019 04:11:00.000000,,,,7.67,
07/15/2019 04:12:00.000000,,,,5.28,
07/15/2019 04:13:00.000000,,,,0.017902,
07/15/2019 04:14:00.000000,,,,0.018089,
07/15/2019 04:15:00.000000,,,,0.007532,
07/15/2019 04:16:00.000000,,,,0.008847,
07/15/2019 04:17:00.000000,,,,0.005759,
07/15/2019 04:18:00.000000,,,,0.004173,
07/15/2019 04:19:00.000000,,,,0.007344,
07/15/2019 04:20:00.000000,,,,0.004882,
07/15/2019 04:21:00.000000,,,,0.006551,
07/15/2019 04:22:00.000000,,,,4.630952,
07/15/2019 04:23:00.000000,,,,0.004799,
07/15/2019 04:24:00.000000,,,,0.004423,
07/15/2019 04:25:00.000000,,,,0.004799,
07/15/2019 04:26:00.000000,,,,0.004356,
07/15/2019 04:27:00.000000,,,,6.302439,
07/15/2019 04:28:00.000000,,,,0.015691,
07/15/2019 04:30:00.000000,,,,3.373684,
07/15/2019 04:31:00.000000,,,,0.004876,
07/15/2019 04:32:00.000000,,,,3.571429,
07/15/2019 04:33:00.000000,,,,6.339535,
07/15/2019 04:34:00.000000,,,,7.225,
07/15/2019 04:35:00.000000,,,,0.006314,
07/15/2019 04:36:00.000000,,,,6.197727,
07/15/2019 04:37:00.000000,,,,0.013961,
07/15/2019 04:38:00.000000,,,,0.008043,
07/15/2019 04:39:00.000000,,,,6.009091,
07/15/2019 04:40:00.000000,,,,0.01194,
07/15/2019 04:41:00.000000,,,,0.005011,
07/15/2019 04:42:00.000000,,,,0.008262,
07/15/2019 04:43:00.000000,,,,0.007366,
07/15/2019 04:44:00.000000,,,,0.004272,
07/15/2019 04:45:00.000000,,,,5.484615,
07/15/2019 04:46:00.000000,,,,3.663158,
07/15/2019 04:47:00.000000,,,,0.003907,
07/15/2019 04:48:00.000000,,,,5.319512,
07/15/2019 04:49:00.000000,,,,0.003938,
07/15/2019 04:50:00.000000,,,,3.504651,
07/15/2019 04:51:00.000000,,,,3.7,
07/15/2019 04:52:00.000000,,,,5.655,
07/15/2019 04:53:00.000000,,,,0.006355,
07/15/2019 04:54:00.000000,,,,2.980488,
07/15/2019 04:55:00.000000,,,,0.003376,
07/15/2019 04:56:00.000000,,,,2.615385,
07/15/2019 04:57:00.000000,,,,0.003709,
07/15/2019 04:58:00.000000,,,,2.827907,
07/15/2019 04:59:00.000000,,,,0.013701,
07/15/2019 05:00:00.000000,,,,4.73,
07/15/2019 05:01:00.000000,,,,0.00323,
07/15/2019 05:02:00.000000,,,,2.856757,
07/15/2019 05:03:00.000000,,,,5.37561,
07/15/2019 05:04:00.000000,,,,0.005189,
07/15/2019 05:05:00.000000,,,,5.974359,
07/15/2019 05:06:00.000000,,,,0.006033,
07/15/2019 05:07:00.000000,,,,0.005074,
07/15/2019 05:08:00.000000,,,,4.0875,
07/15/2019 05:09:00.000000,,,,0.008106,
07/15/2019 05:10:00.000000,,,,3.331818,
07/15/2019 05:11:00.000000,,,,2.625,
07/15/2019 05:12:00.000000,,,,2.685714,
07/15/2019 05:13:00.000000,,,,7.721429,
07/15/2019 05:14:00.000000,,,,0.007856,
07/15/2019 05:15:00.000000,,,,24.04,
07/15/2019 05:16:00.000000,,,,0.008075,
07/15/2019 05:17:00.000000,,,,0.003101,
07/15/2019 05:18:00.000000,,,,2.757143,
07/15/2019 05:19:00.000000,,,,4.292683,
07/15/2019 05:20:00.000000,,,,8.528571,
07/15/2019 05:21:00.000000,,,,6.855814,
07/15/2019 05:22:00.000000,,,,0.003933,
07/15/2019 05:23:00.000000,,,,6.053333,
07/15/2019 05:24:00.000000,,,,18.04,
07/15/2019 05:25:00.000000,,,,0.010676,
07/15/2019 05:26:00.000000,,,,3.018182,
07/15/2019 05:27:00.000000,,,,0.002914,
07/15/2019 05:28:00.000000,,,,0.006618,
07/15/2019 05:29:00.000000,,,,0.004245,
07/15/2019 05:30:00.000000,,,,2.9875,
07/15/2019 05:31:00.000000,,,,0.003434,
07/15/2019 05:32:00.000000,,,,0.002851,
07/15/2019 05:33:00.000000,,,,4.197368,
07/15/2019 05:34:00.000000,,,,15.370588,
07/15/2019 05:35:00.000000,,,,2.85,
07/15/2019 05:36:00.000000,,,,5.747619,
07/15/2019 05:37:00.000000,,,,0.003892,
07/15/2019 05:38:00.000000,,,,3.876744,
07/15/2019 05:39:00.000000,,,,4.364286,
07/15/2019 05:40:00.000000,,,,2.742857,
07/15/2019 05:41:00.000000,,,,0.006007,
07/15/2019 05:42:00.000000,,,,0.003492,
07/15/2019 05:43:00.000000,,,,10.216279,
07/15/2019 05:44:00.000000,,,,0.008729,
07/15/2019 05:45:00.000000,,,,0.009374,
07/15/2019 05:46:00.000000,,,,0.017729,
07/15/2019 05:47:00.000000,,,,3.97561,
07/15/2019 05:48:00.000000,,,,4.487805,
07/15/2019 05:49:00.000000,,,,0.003429,
07/15/2019 05:50:00.000000,,,,2.897561,
07/15/2019 05:51:00.000000,,,,6.528205,
07/15/2019 05:52:00.000000,,,,0.008168,
07/15/2019 05:53:00.000000,,,,3.816667,
07/15/2019 05:54:00.000000,,,,0.00743,
07/15/2019 05:55:00.000000,,,,0.005903,
07/15/2019 05:56:00.000000,,,,0.00573,
07/15/2019 05:57:00.000000,,,,6.766667,
07/15/2019 05:58:00.000000,,,,2.954545,
07/15/2019 05:59:00.000000,,,,6.25814,
07/15/2019 06:00:00.000000,,,,0.003228,
07/15/2019 06:01:00.000000,,,,0.003082,
07/15/2019 06:02:00.000000,,,,6.1,
07/15/2019 06:03:00.000000,,,,3.35814,
07/15/2019 06:04:00.000000,,,,4.585,
07/15/2019 06:05:00.000000,,,,5.340476,
07/15/2019 06:06:00.000000,,,,0.007068,
07/15/2019 06:07:00.000000,,,,0.013264,
07/15/2019 06:08:00.000000,,,,0.006632,
07/15/2019 06:09:00.000000,,,,0.003695,
07/15/2019 06:10:00.000000,,,,0.003369,
07/15/2019 06:11:00.000000,,,,5.664103,
07/15/2019 06:12:00.000000,,,,0.004167,
07/15/2019 06:13:00.000000,,,,3.454545,
07/15/2019 06:14:00.000000,,,,5.471429,
07/15/2019 06:15:00.000000,,,,3.165,
07/15/2019 06:16:00.000000,,,,3.710526,
07/15/2019 06:17:00.000000,,,,0.009526,
07/15/2019 06:18:00.000000,,,,4.316279,
07/15/2019 06:19:00.000000,,,,6.113333,
07/15/2019 06:20:00.000000,,,,4.12,
07/15/2019 06:21:00.000000,,,,0.021477,
07/15/2019 06:22:00.000000,,,,0.011837,
07/15/2019 06:23:00.000000,,,,5.785714,
07/15/2019 06:24:00.000000,,,,0.009671,
07/15/2019 06:25:00.000000,,,,17.514286,
07/15/2019 06:26:00.000000,,,,0.007642,
07/15/2019 06:27:00.000000,,,,0.007691,
07/15/2019 06:28:00.000000,,,,8.185714,
07/15/2019 06:29:00.000000,,,,5.945238,
07/15/2019 06:30:00.000000,,,,0.008437,
07/15/2019 06:31:00.000000,,,,0.003903,
07/15/2019 06:32:00.000000,,,,5.897674,
07/15/2019 06:33:00.000000,,,,0.016956,
07/15/2019 06:34:00.000000,,,,0.011273,
07/15/2019 06:35:00.000000,,,,0.021501,
07/15/2019 06:36:00.000000,,,,6.383333,
07/15/2019 06:37:00.000000,,,,3.604878,
07/15/2019 06:38:00.000000,,,,0.005932,
07/15/2019 06:39:00.000000,,,,0.008364,
07/15/2019 06:40:00.000000,,,,3.111905,
07/15/2019 06:41:00.000000,,,,7.19,
07/15/2019 06:42:00.000000,,,,8.289474,
07/15/2019 06:43:00.000000,,,,0.007547,
07/15/2019 06:44:00.000000,,,,0.019337,
07/15/2019 06:45:00.000000,,,,0.017536,
07/15/2019 06:46:00.000000,,,,3.05,
07/15/2019 06:47:00.000000,,,,0.008808,
07/15/2019 06:48:00.000000,,,,4.496875,
07/15/2019 06:50:00.000000,,,,3.463415,
07/15/2019 06:51:00.000000,,,,5.531818,
07/15/2019 06:52:00.000000,,,,0.004218,
07/15/2019 06:53:00.000000,,,,4.889189,
07/15/2019 06:54:00.000000,,,,3.255814,
07/15/2019 06:55:00.000000,,,,0.008043,
07/15/2019 06:56:00.000000,,,,4.0,
07/15/2019 06:57:00.000000,,,,0.011745,
07/15/2019 06:58:00.000000,,,,0.004787,
07/15/2019 06:59:00.000000,,,,8.966667,
07/15/2019 07:00:00.000000,,,,0.00457,
07/15/2019 07:01:00.000000,,,,0.005779,
07/15/2019 07:02:00.000000,,,,0.007816,
07/15/2019 07:03:00.000000,,,,5.621053,
07/15/2019 07:04:00.000000,,,,5.742857,
07/15/2019 07:05:00.000000,,,,0.006058,
07/15/2019 07:06:00.000000,,,,0.010897,
07/15/2019 07:07:00.000000,,,,9.864286,
07/15/2019 07:08:00.000000,,,,4.545,
07/15/2019 07:09:00.000000,,,,12.105263,
07/15/2019 07:10:00.000000,,,,0.011296,
07/15/2019 07:11:00.000000,,,,0.006649,
07/15/2019 07:12:00.000000,,,,0.004915,
07/15/2019 07:13:00.000000,,,,7.71,
07/15/2019 07:14:00.000000,,,,7.883721,
07/15/2019 07:15:00.000000,,,,0.012246,
07/15/2019 07:16:00.000000,,,,9.25,
07/15/2019 07:17:00.000000,,,,5.19,
07/15/2019 07:18:00.000000,,,,6.343902,
07/15/2019 07:19:00.000000,,,,5.146154,
07/15/2019 07:20:00.000000,,,,0.005018,
07/15/2019 07:21:00.000000,,,,11.737838,
07/15/2019 07:22:00.000000,,,,0.007186,
07/15/2019 07:23:00.000000,,,,0.01493,
07/15/2019 07:24:00.000000,,,,0.006897,
07/15/2019 07:25:00.000000,,,,0.008921,
07/15/2019 07:26:00.000000,,,,5.5,
07/15/2019 07:27:00.000000,,,,0.006517,
07/15/2019 07:28:00.000000,,,,0.007022,
07/15/2019 07:29:00.000000,,,,4.1,
07/15/2019 07:30:00.000000,,,,7.115,
07/15/2019 07:31:00.000000,,,,0.005919,
07/15/2019 07:32:00.000000,,,,3.766667,
07/15/2019 07:33:00.000000,,,,0.004888,
07/15/2019 07:34:00.000000,,,,0.007528,
07/15/2019 07:35:00.000000,,,,0.006393,
07/15/2019 07:36:00.000000,,,,12.127907,
07/15/2019 07:37:00.000000,,,,10.165,
07/15/2019 07:38:00.000000,,,,8.936364,
07/15/2019 07:39:00.000000,,,,0.005754,
07/15/2019 07:40:00.000000,,,,6.873171,
07/15/2019 07:41:00.000000,,,,0.006888,
07/15/2019 07:42:00.000000,,,,0.010044,
07/15/2019 07:43:00.000000,,,,8.613158,
07/15/2019 07:44:00.000000,,,,6.26,
07/15/2019 07:45:00.000000,,,,0.004924,
07/15/2019 07:46:00.000000,,,,4.374419,
07/15/2019 07:47:00.000000,,,,0.008342,
07/15/2019 07:48:00.000000,,,,0.008033,
07/15/2019 07:50:00.000000,,,,0.006941,
07/15/2019 07:51:00.000000,,,,6.12439,
07/15/2019 07:52:00.000000,,,,0.006756,
07/15/2019 07:53:00.000000,,,,6.004762,
07/15/2019 07:54:00.000000,,,,12.070732,
07/15/2019 07:55:00.000000,,,,6.446154,
07/15/2019 07:56:00.000000,,,,0.007332,
07/15/2019 07:57:00.000000,,,,0.010092,
07/15/2019 07:58:00.000000,,,,5.36,
07/15/2019 07:59:00.000000,,,,0.008558,
07/15/2019 08:00:00.000000,,,,0.015005,
07/15/2019 08:01:00.000000,,,,5.075,
07/15/2019 08:02:00.000000,,,,6.176744,
07/15/2019 08:03:00.000000,,,,13.770732,
07/15/2019 08:04:00.000000,,,,5.329545,
07/15/2019 08:05:00.000000,,,,8.128571,
07/15/2019 08:06:00.000000,,,,0.008393,
07/15/2019 08:07:00.000000,,,,0.00896,
07/15/2019 08:08:00.000000,,,,3.944186,
07/15/2019 08:09:00.000000,,,,11.526829,
07/15/2019 08:10:00.000000,,,,0.009969,
07/15/2019 08:11:00.000000,,,,11.639024,
07/15/2019 08:12:00.000000,,,,6.434884,
07/15/2019 08:13:00.000000,,,,11.535,
07/15/2019 08:14:00.000000,,,,8.228571,
07/15/2019 08:15:00.000000,,,,0.004624,
07/15/2019 08:16:00.000000,,,,0.012585,
07/15/2019 08:17:00.000000,,,,11.653659,
07/15/2019 08:18:00.000000,,,,5.371429,
07/15/2019 08:19:00.000000,,,,7.655814,
07/15/2019 08:20:00.000000,,,,17.714286,
07/15/2019 08:21:00.000000,,,,11.873171,
07/15/2019 08:22:00.000000,,,,6.620588,
07/15/2019 08:23:00.000000,,,,4.494872,
07/15/2019 08:24:00.000000,,,,0.00725,
07/15/2019 08:25:00.000000,,,,0.005293,
07/15/2019 08:26:00.000000,,,,8.1,
07/15/2019 08:27:00.000000,,,,0.005829,
07/15/2019 08:28:00.000000,,,,9.348649,
07/15/2019 08:30:00.000000,,,,0.008774,
07/15/2019 08:31:00.000000,,,,5.892857,
07/15/2019 08:32:00.000000,,,,0.004119,
07/15/2019 08:33:00.000000,,,,3.418605,
07/15/2019 08:34:00.000000,,,,6.842857,
07/15/2019 08:35:00.000000,,,,0.006055,
07/15/2019 08:36:00.000000,,,,0.003893,
07/15/2019 08:37:00.000000,,,,3.5,
07/15/2019 08:38:00.000000,,,,0.00414,
07/15/2019 08:39:00.000000,,,,0.012317,
07/15/2019 08:40:00.000000,,,,4.615385,
07/15/2019 08:41:00.000000,,,,0.012131,
07/15/2019 08:42:00.000000,,,,3.984615,
07/15/2019 08:43:00.000000,,,,0.006117,
07/15/2019 08:44:00.000000,,,,0.006519,
07/15/2019 08:45:00.000000,,,,4.344737,
07/15/2019 08:46:00.000000,,,,0.006838,
07/15/2019 08:47:00.000000,,,,0.004902,
07/15/2019 08:48:00.000000,,,,2.997674,
07/15/2019 08:49:00.000000,,,,3.155,
07/15/2019 08:50:00.000000,,,,5.125,
07/15/2019 08:51:00.000000,,,,0.004068,
07/15/2019 08:52:00.000000,,,,9.75,
07/15/2019 08:53:00.000000,,,,3.828571,
07/15/2019 08:54:00.000000,,,,6.460526,
07/15/2019 08:55:00.000000,,,,5.27027,
07/15/2019 08:56:00.000000,,,,0.007621,
07/15/2019 08:57:00.000000,,,,4.117073,
07/15/2019 08:58:00.000000,,,,0.004233,
07/15/2019 08:59:00.000000,,,,3.785294,
07/15/2019 09:00:00.000000,,,,7.002941,
07/15/2019 09:01:00.000000,,,,4.112195,
07/15/2019 09:02:00.000000,,,,6.342857,
07/15/2019 09:03:00.000000,,,,6.5375,
07/15/2019 09:04:00.000000,,,,0.009845,
07/15/2019 09:05:00.000000,,,,3.433333,
07/15/2019 09:06:00.000000,,,,2.71875,
07/15/2019 09:07:00.000000,,,,5.271429,
07/15/2019 09:08:00.000000,,,,3.938095,
07/15/2019 09:10:00.000000,,,,12.2625,
07/15/2019 09:11:00.000000,,,,5.271429,
07/15/2019 09:12:00.000000,,,,6.321212,
07/15/2019 09:13:00.000000,,,,0.012249,
07/15/2019 09:14:00.000000,,,,4.3625,
07/15/2019 09:15:00.000000,,,,3.485,
07/15/2019 09:16:00.000000,,,,6.94186,
07/15/2019 09:17:00.000000,,,,3.72439,
07/15/2019 09:18:00.000000,,,,0.017299,
07/15/2019 09:19:00.000000,,,,10.595238,
07/15/2019 09:20:00.000000,,,,4.428571,
07/15/2019 09:21:00.000000,,,,6.475,
07/15/2019 09:22:00.000000,,,,3.897727,
07/15/2019 09:23:00.000000,,,,0.004433,
07/15/2019 09:24:00.000000,,,,5.148387,
07/15/2019 09:25:00.000000,,,,4.936585,
07/15/2019 09:26:00.000000,,,,6.257576,
07/15/2019 09:27:00.000000,,,,4.665116,
07/15/2019 09:28:00.000000,,,,5.326316,
07/15/2019 09:29:00.000000,,,,0.007467,
07/15/2019 09:30:00.000000,,,,0.004248,
07/15/2019 09:31:00.000000,,,,0.00361,
07/15/2019 09:32:00.000000,,,,7.817073,
07/15/2019 09:33:00.000000,,,,0.006757,
07/15/2019 09:34:00.000000,,,,0.018976,
07/15/2019 09:35:00.000000,,,,0.009483,
07/15/2019 09:36:00.000000,,,,6.17027,
07/15/2019 09:37:00.000000,,,,0.00469,
07/15/2019 09:38:00.000000,,,,5.714286,
07/15/2019 09:39:00.000000,,,,0.00865,
07/15/2019 09:40:00.000000,,,,8.35,
07/15/2019 09:41:00.000000,,,,0.005297,
07/15/2019 09:42:00.000000,,,,12.44359,
07/15/2019 09:43:00.000000,,,,7.58,
07/15/2019 09:44:00.000000,,,,0.00757,
07/15/2019 09:45:00.000000,,,,0.008207,
07/15/2019 09:46:00.000000,,,,0.015057,
07/15/2019 09:47:00.000000,,,,0.004587,
07/15/2019 09:48:00.000000,,,,2.985366,
07/15/2019 09:49:00.000000,,,,18.111628,
07/15/2019 09:50:00.000000,,,,7.02093,
07/15/2019 09:51:00.000000,,,,0.004279,
07/15/2019 09:52:00.000000,,,,4.153659,
07/15/2019 09:53:00.000000,,,,5.077273,
07/15/2019 09:54:00.000000,,,,3.107692,
07/15/2019 09:55:00.000000,,,,0.009678,
07/15/2019 09:56:00.000000,,,,9.15,
07/15/2019 09:57:00.000000,,,,0.010007,
07/15/2019 09:58:00.000000,,,,6.463415,
07/15/2019 09:59:00.000000,,,,5.225,
07/15/2019 10:00:00.000000,,,,0.010241,
07/15/2019 10:01:00.000000,,,,6.892683,
07/15/2019 10:02:00.000000,,,,4.285714,
07/15/2019 10:03:00.000000,,,,5.85,
07/15/2019 10:04:00.000000,,,,7.209756,
07/15/2019 10:05:00.000000,,,,0.004037,
07/15/2019 10:06:00.000000,,,,0.006245,
07/15/2019 10:07:00.000000,,,,0.004561,
07/15/2019 10:08:00.000000,,,,6.122727,
07/15/2019 10:09:00.000000,,,,0.004294,
07/15/2019 10:10:00.000000,,,,0.017842,
07/15/2019 10:11:00.000000,,,,5.776744,
07/15/2019 10:12:00.000000,,,,3.438462,
07/15/2019 10:13:00.000000,,,,0.007457,
07/15/2019 10:14:00.000000,,,,3.040476,
07/15/2019 10:15:00.000000,,,,0.011114,
07/15/2019 10:16:00.000000,,,,4.210526,
07/15/2019 10:17:00.000000,,,,0.011853,
07/15/2019 10:18:00.000000,,,,0.004211,
07/15/2019 10:19:00.000000,,,,3.148718,
07/15/2019 10:20:00.000000,,,,3.2,
07/15/2019 10:21:00.000000,,,,8.410526,
07/15/2019 10:22:00.000000,,,,0.005013,
07/15/2019 10:23:00.000000,,,,0.007262,
07/15/2019 10:24:00.000000,,,,0.020312,
07/15/2019 10:25:00.000000,,,,13.8,
07/15/2019 10:26:00.000000,,,,5.805,
07/15/2019 10:27:00.000000,,,,4.844186,
07/15/2019 10:28:00.000000,,,,0.004007,
07/15/2019 10:29:00.000000,,,,4.916216,
07/15/2019 10:30:00.000000,,,,0.003924,
07/15/2019 10:31:00.000000,,,,3.353488,
07/15/2019 10:32:00.000000,,,,3.142857,
07/15/2019 10:33:00.000000,,,,4.476744,
07/15/2019 10:34:00.000000,,,,0.00433,
07/15/2019 10:35:00.000000,,,,5.12093,
07/15/2019 10:36:00.000000,,,,0.009832,
07/15/2019 10:37:00.000000,,,,4.488372,
07/15/2019 10:38:00.000000,,,,4.35122,
07/15/2019 10:39:00.000000,,,,0.008372,
07/15/2019 10:40:00.000000,,,,7.768293,
07/15/2019 10:41:00.000000,,,,3.785714,
07/15/2019 10:42:00.000000,,,,5.319512,
07/15/2019 10:43:00.000000,,,,3.225581,
07/15/2019 10:44:00.000000,,,,0.008218,
07/15/2019 10:45:00.000000,,,,6.823256,
07/15/2019 10:46:00.000000,,,,0.016199,
07/15/2019 10:47:00.000000,,,,0.006839,
07/15/2019 10:48:00.000000,,,,0.007734,
07/15/2019 10:49:00.000000,,,,3.861538,
07/15/2019 10:50:00.000000,,,,0.005434,
07/15/2019 10:51:00.000000,,,,0.009287,
07/15/2019 10:52:00.000000,,,,8.633333,
07/15/2019 10:53:00.000000,,,,0.004632,
07/15/2019 10:54:00.000000,,,,0.014123,
07/15/2019 10:55:00.000000,,,,4.736585,
07/15/2019 10:56:00.000000,,,,6.845,
07/15/2019 10:57:00.000000,,,,0.007991,
07/15/2019 10:58:00.000000,,,,0.009018,
07/15/2019 10:59:00.000000,,,,6.251282,
07/15/2019 11:00:00.000000,,,,5.235,
07/15/2019 11:01:00.000000,,,,0.009224,
07/15/2019 11:02:00.000000,,,,0.009902,
07/15/2019 11:03:00.000000,,,,0.01779,
07/15/2019 11:04:00.000000,,,,9.528571,
07/15/2019 11:05:00.000000,,,,0.007426,
07/15/2019 11:06:00.000000,,,,5.093023,
07/15/2019 11:07:00.000000,,,,0.019382,
07/15/2019 11:08:00.000000,,,,9.5,
07/15/2019 11:09:00.000000,,,,0.006791,
07/15/2019 11:10:00.000000,,,,0.010053,
07/15/2019 11:11:00.000000,,,,8.183333,
07/15/2019 11:12:00.000000,,,,0.010381,
07/15/2019 11:13:00.000000,,,,0.012412,
07/15/2019 11:14:00.000000,,,,0.010238,
07/15/2019 11:15:00.000000,,,,5.92093,
07/15/2019 11:16:00.000000,,,,0.006278,
07/15/2019 11:17:00.000000,,,,0.009027,
07/15/2019 11:18:00.000000,,,,44.2875,
07/15/2019 11:19:00.000000,,,,7.221212,
07/15/2019 11:20:00.000000,,,,0.009622,
07/15/2019 11:21:00.000000,,,,0.020557,
07/15/2019 11:22:00.000000,,,,0.011571,
07/15/2019 11:23:00.000000,,,,0.006996,
07/15/2019 11:24:00.000000,,,,0.007345,
07/15/2019 11:25:00.000000,,,,0.00515,
07/15/2019 11:26:00.000000,,,,0.01114,
07/15/2019 11:27:00.000000,,,,7.487097,
07/15/2019 11:28:00.000000,,,,5.569231,
07/15/2019 11:30:00.000000,,,,12.1525,
07/15/2019 11:31:00.000000,,,,5.026667,
07/15/2019 11:32:00.000000,,,,0.010306,
07/15/2019 11:33:00.000000,,,,9.270732,
07/15/2019 11:34:00.000000,,,,0.012253,
07/15/2019 11:35:00.000000,,,,0.01006,
07/15/2019 11:36:00.000000,,,,0.006003,
07/15/2019 11:37:00.000000,,,,0.010818,
07/15/2019 11:38:00.000000,,,,11.37381,
07/15/2019 11:39:00.000000,,,,7.371429,
07/15/2019 11:40:00.000000,,,,4.291892,
07/15/2019 11:41:00.000000,,,,0.010327,
07/15/2019 11:42:00.000000,,,,6.141463,
07/15/2019 11:43:00.000000,,,,6.475,
07/15/2019 11:44:00.000000,,,,0.016515,
07/15/2019 11:45:00.000000,,,,0.014814,
07/15/2019 11:46:00.000000,,,,5.157143,
07/15/2019 11:47:00.000000,,,,11.85122,
07/15/2019 11:48:00.000000,,,,0.007663,
07/15/2019 11:50:00.000000,,,,0.008544,
07/15/2019 11:51:00.000000,,,,0.011023,
07/15/2019 11:52:00.000000,,,,0.011044,
07/15/2019 11:53:00.000000,,,,0.020264,
07/15/2019 11:54:00.000000,,,,14.995349,
07/15/2019 11:55:00.000000,,,,0.007807,
07/15/2019 11:56:00.000000,,,,6.67907,
07/15/2019 11:57:00.000000,,,,5.971429,
07/15/2019 11:58:00.000000,,,,0.007233,
07/15/2019 11:59:00.000000,,,,0.0134,
07/15/2019 12:00:00.000000,,,,0.011351,
07/15/2019 12:01:00.000000,,,,7.2125,
07/15/2019 12:02:00.000000,,,,0.010142,
07/15/2019 12:03:00.000000,,,,4.326471,
07/15/2019 12:04:00.000000,,,,0.010419,
07/15/2019 12:05:00.000000,,,,5.528571,
07/15/2019 12:06:00.000000,,,,13.678049,
07/15/2019 12:07:00.000000,,,,0.010286,
07/15/2019 12:08:00.000000,,,,10.281818,
07/15/2019 12:10:00.000000,,,,5.690244,
07/15/2019 12:11:00.000000,,,,10.333333,
07/15/2019 12:12:00.000000,,,,0.021985,
07/15/2019 12:13:00.000000,,,,0.008647,
07/15/2019 12:14:00.000000,,,,4.427273,
07/15/2019 12:15:00.000000,,,,8.171429,
07/15/2019 12:16:00.000000,,,,0.014404,
07/15/2019 12:17:00.000000,,,,6.62093,
07/15/2019 12:18:00.000000,,,,0.013185,
07/15/2019 12:19:00.000000,,,,0.014937,
07/15/2019 12:20:00.000000,,,,0.02092,
07/15/2019 12:21:00.000000,,,,43.547619,
07/15/2019 12:22:00.000000,,,,0.035754,
07/15/2019 12:23:00.000000,,,,22.891304,
07/15/2019 12:24:00.000000,,,,12.555,
07/15/2019 12:25:00.000000,,,,17.67027,
07/15/2019 12:26:00.000000,,,,15.564865,
07/15/2019 12:27:00.000000,,,,0.016083,
07/15/2019 12:28:00.000000,,,,15.625581,
07/15/2019 12:30:00.000000,,,,0.011899,
07/15/2019 12:31:00.000000,,,,0.014177,
07/15/2019 12:32:00.000000,,,,0.024998,
07/15/2019 12:33:00.000000,,,,14.35,
07/15/2019 12:34:00.000000,,,,6.606977,
07/15/2019 12:35:00.000000,,,,17.7,
07/15/2019 12:36:00.000000,,,,0.028418,
07/15/2019 12:37:00.000000,,,,0.019896,
07/15/2019 12:38:00.000000,,,,0.022759,
07/15/2019 12:39:00.000000,,,,0.031177,
07/15/2019 12:40:00.000000,,,,0.023799,
07/15/2019 12:41:00.000000,,,,0.034646,
07/15/2019 12:42:00.000000,,,,25.296,
07/15/2019 12:43:00.000000,,,,14.397297,
07/15/2019 12:44:00.000000,,,,0.019652,
07/15/2019 12:45:00.000000,,,,17.7,
07/15/2019 12:46:00.000000,,,,21.77561,
07/15/2019 12:47:00.000000,,,,22.215789,
07/15/2019 12:48:00.000000,,,,18.771429,
07/15/2019 12:49:00.000000,,,,8.906977,
07/15/2019 12:50:00.000000,,,,20.135135,
07/15/2019 12:51:00.000000,,,,0.03972,
07/15/2019 12:52:00.000000,,,,23.338461,
07/15/2019 12:53:00.000000,,,,14.031818,
07/15/2019 12:54:00.000000,,,,0.029158,
07/15/2019 12:55:00.000000,,,,16.631707,
07/15/2019 12:56:00.000000,,,,11.185714,
07/15/2019 12:57:00.000000,,,,33.833333,
07/15/2019 12:58:00.000000,,,,24.292683,
07/15/2019 12:59:00.000000,,,,19.714286,
07/15/2019 13:00:00.000000,,,,10.67027,
07/15/2019 13:01:00.000000,,,,19.739024,
07/15/2019 13:02:00.000000,,,,6.960465,
07/15/2019 13:03:00.000000,,,,4.447368,
07/15/2019 13:04:00.000000,,,,0.014509,
07/15/2019 13:05:00.000000,,,,6.414286,
07/15/2019 13:06:00.000000,,,,0.017395,
07/15/2019 13:07:00.000000,,,,27.175,
07/15/2019 13:08:00.000000,,,,0.027856,
07/15/2019 13:09:00.000000,,,,21.777273,
07/15/2019 13:10:00.000000,,,,29.761765,
07/15/2019 13:11:00.000000,,,,20.9875,
07/15/2019 13:12:00.000000,,,,18.67561,
07/15/2019 13:13:00.000000,,,,0.031261,
07/15/2019 13:14:00.000000,,,,17.146512,
07/15/2019 13:15:00.000000,,,,0.01493,
07/15/2019 13:16:00.000000,,,,11.807692,
07/15/2019 13:17:00.000000,,,,0.01304,
07/15/2019 13:18:00.000000,,,,17.513514,
07/15/2019 13:19:00.000000,,,,18.989474,
07/15/2019 13:20:00.000000,,,,0.033397,
07/15/2019 13:21:00.000000,,,,13.460976,
07/15/2019 13:22:00.000000,,,,0.011485,
07/15/2019 13:23:00.000000,,,,0.019186,
07/15/2019 13:24:00.000000,,,,0.025623,
07/15/2019 13:25:00.000000,,,,0.011008,
07/15/2019 13:26:00.000000,,,,10.69375,
07/15/2019 13:27:00.000000,,,,16.484615,
07/15/2019 13:28:00.000000,,,,9.843902,
07/15/2019 13:29:00.000000,,,,0.022439,
07/15/2019 13:30:00.000000,,,,0.048032,
07/15/2019 13:31:00.000000,,,,0.020197,
07/15/2019 13:32:00.000000,,,,0.012018,
07/15/2019 13:33:00.000000,,,,22.544186,
07/15/2019 13:34:00.000000,,,,0.026943,
07/15/2019 13:35:00.000000,,,,17.842857,
07/15/2019 13:36:00.000000,,,,0.044068,
07/15/2019 13:37:00.000000,,,,0.020965,
07/15/2019 13:38:00.000000,,,,0.018993,
07/15/2019 13:39:00.000000,,,,19.5,
07/15/2019 13:40:00.000000,,,,17.927273,
07/15/2019 13:41:00.000000,,,,0.033379,
07/15/2019 13:42:00.000000,,,,13.54186,
07/15/2019 13:43:00.000000,,,,7.425,
07/15/2019 13:44:00.000000,,,,0.013203,
07/15/2019 13:45:00.000000,,,,14.5125,
07/15/2019 13:46:00.000000,,,,4.340625,
07/15/2019 13:47:00.000000,,,,0.011925,
07/15/2019 13:48:00.000000,,,,10.453488,
07/15/2019 13:49:00.000000,,,,0.013815,
07/15/2019 13:50:00.000000,,,,0.004834,
07/15/2019 13:51:00.000000,,,,0.018212,
07/15/2019 13:52:00.000000,,,,0.021822,
07/15/2019 13:53:00.000000,,,,9.28,
07/15/2019 13:54:00.000000,,,,11.085714,
07/15/2019 13:55:00.000000,,,,0.032087,
07/15/2019 13:56:00.000000,,,,10.674419,
07/15/2019 13:57:00.000000,,,,10.86,
07/15/2019 13:58:00.000000,,,,0.022713,
07/15/2019 14:00:00.000000,,,,20.970732,
07/15/2019 14:01:00.000000,,,,0.019684,
07/15/2019 14:02:00.000000,,,,0.015068,
07/15/2019 14:03:00.000000,,,,0.032674,
07/15/2019 14:04:00.000000,,,,0.024861,
07/15/2019 14:05:00.000000,,,,0.044101,
07/15/2019 14:06:00.000000,,,,0.033125,
07/15/2019 14:07:00.000000,,,,14.211905,
07/15/2019 14:08:00.000000,,,,20.322727,
07/15/2019 14:09:00.000000,,,,0.050165,
07/15/2019 14:10:00.000000,,,,0.022489,
07/15/2019 14:11:00.000000,,,,0.042532,
07/15/2019 14:12:00.000000,,,,44.615789,
07/15/2019 14:13:00.000000,,,,0.027122,
07/15/2019 14:14:00.000000,,,,0.031517,
07/15/2019 14:15:00.000000,,,,0.017733,
07/15/2019 14:16:00.000000,,,,0.031125,
07/15/2019 14:17:00.000000,,,,0.043398,
07/15/2019 14:18:00.000000,,,,26.09,
07/15/2019 14:19:00.000000,,,,0.017769,
07/15/2019 14:20:00.000000,,,,9.071429,
07/15/2019 14:21:00.000000,,,,0.012146,
07/15/2019 14:22:00.000000,,,,58.495455,
07/15/2019 14:23:00.000000,,,,36.625,
07/15/2019 14:24:00.000000,,,,24.7,
07/15/2019 14:25:00.000000,,,,42.011905,
07/15/2019 14:26:00.000000,,,,24.797436,
07/15/2019 14:27:00.000000,,,,32.34878,
07/15/2019 14:28:00.000000,,,,27.56,
07/15/2019 14:30:00.000000,,,,0.032501,
07/15/2019 14:31:00.000000,,,,24.807317,
07/15/2019 14:32:00.000000,,,,24.6,
07/15/2019 14:33:00.000000,,,,0.04308,
07/15/2019 14:34:00.000000,,,,0.025645,
07/15/2019 14:35:00.000000,,,,25.114286,
07/15/2019 14:36:00.000000,,,,20.739024,
07/15/2019 14:37:00.000000,,,,17.214286,
07/15/2019 14:38:00.000000,,,,19.66,
07/15/2019 14:39:00.000000,,,,20.276744,
07/15/2019 14:40:00.000000,,,,17.392857,
07/15/2019 14:41:00.000000,,,,0.034148,
07/15/2019 14:42:00.000000,,,,20.555,
07/15/2019 14:43:00.000000,,,,27.585714,
07/15/2019 14:44:00.000000,,,,27.02,
07/15/2019 14:45:00.000000,,,,17.533333,
07/15/2019 14:46:00.000000,,,,15.266667,
07/15/2019 14:47:00.000000,,,,29.151163,
07/15/2019 14:48:00.000000,,,,0.038819,
07/15/2019 14:49:00.000000,,,,0.041343,
07/15/2019 14:50:00.000000,,,,23.507692,
07/15/2019 14:51:00.000000,,,,28.253488,
07/15/2019 14:52:00.000000,,,,30.621428,
07/15/2019 14:53:00.000000,,,,0.031286,
07/15/2019 14:54:00.000000,,,,0.030011,
07/15/2019 14:55:00.000000,,,,18.930952,
07/15/2019 14:56:00.000000,,,,39.5625,
07/15/2019 14:57:00.000000,,,,0.0215,
07/15/2019 14:58:00.000000,,,,0.048317,
07/15/2019 14:59:00.000000,,,,0.03107,
07/15/2019 15:00:00.000000,,,,0.029369,
07/15/2019 15:01:00.000000,,,,56.111628,
07/15/2019 15:02:00.000000,,,,0.040597,
07/15/2019 15:03:00.000000,,,,22.212195,
07/15/2019 15:04:00.000000,,,,21.211628,
07/15/2019 15:05:00.000000,,,,42.839535,
07/15/2019 15:06:00.000000,,,,22.324324,
07/15/2019 15:07:00.000000,,,,0.029624,
07/15/2019 15:08:00.000000,,,,0.032176,
07/15/2019 15:09:00.000000,,,,0.037407,
07/15/2019 15:10:00.000000,,,,17.414286,
07/15/2019 15:11:00.000000,,,,29.895,
07/15/2019 15:12:00.000000,,,,0.031599,
07/15/2019 15:13:00.000000,,,,62.609302,
07/15/2019 15:14:00.000000,,,,0.038327,
07/15/2019 15:15:00.000000,,,,0.060834,
07/15/2019 15:16:00.000000,,,,23.825,
07/15/2019 15:17:00.000000,,,,0.043724,
07/15/2019 15:18:00.000000,,,,0.023601,
07/15/2019 15:19:00.000000,,,,0.0181,
07/15/2019 15:20:00.000000,,,,0.04135,
07/15/2019 15:21:00.000000,,,,27.742857,
07/15/2019 15:22:00.000000,,,,0.034623,
07/15/2019 15:23:00.000000,,,,32.330769,
07/15/2019 15:24:00.000000,,,,0.030498,
07/15/2019 15:25:00.000000,,,,0.026842,
07/15/2019 15:26:00.000000,,,,24.269231,
07/15/2019 15:27:00.000000,,,,36.316667,
07/15/2019 15:28:00.000000,,,,0.06122,
07/15/2019 15:29:00.000000,,,,38.157143,
07/15/2019 15:30:00.000000,,,,0.031358,
07/15/2019 15:31:00.000000,,,,37.465116,
07/15/2019 15:32:00.000000,,,,0.029885,
07/15/2019 15:33:00.000000,,,,39.028571,
07/15/2019 15:34:00.000000,,,,51.831818,
07/15/2019 15:35:00.000000,,,,39.87907,
07/15/2019 15:36:00.000000,,,,0.051093,
07/15/2019 15:37:00.000000,,,,0.034053,
07/15/2019 15:38:00.000000,,,,31.290476,
07/15/2019 15:39:00.000000,,,,34.097368,
07/15/2019 15:40:00.000000,,,,29.428571,
07/15/2019 15:41:00.000000,,,,0.030148,
07/15/2019 15:42:00.000000,,,,25.7375,
07/15/2019 15:43:00.000000,,,,0.028591,
07/15/2019 15:44:00.000000,,,,0.032481,
07/15/2019 15:45:00.000000,,,,0.017914,
07/15/2019 15:46:00.000000,,,,0.031,
07/15/2019 15:47:00.000000,,,,15.38,
07/15/2019 15:48:00.000000,,,,17.326829,
07/15/2019 15:49:00.000000,,,,0.02234,
07/15/2019 15:50:00.000000,,,,15.033333,
07/15/2019 15:51:00.000000,,,,0.027302,
07/15/2019 15:52:00.000000,,,,0.032616,
07/15/2019 15:53:00.000000,,,,0.042349,
07/15/2019 15:54:00.000000,,,,0.016691,
07/15/2019 15:55:00.000000,,,,0.017957,
07/15/2019 15:56:00.000000,,,,0.020295,
07/15/2019 15:57:00.000000,,,,17.72439,
07/15/2019 15:58:00.000000,,,,24.295349,
07/15/2019 15:59:00.000000,,,,28.042857,
07/15/2019 16:00:00.000000,,,,0.024917,
07/15/2019 16:01:00.000000,,,,9.785714,
07/15/2019 16:02:00.000000,,,,16.780488,
07/15/2019 16:03:00.000000,,,,10.830303,
07/15/2019 16:04:00.000000,,,,26.64878,
07/15/2019 16:05:00.000000,,,,33.070732,
07/15/2019 16:06:00.000000,,,,0.033132,
07/15/2019 16:07:00.000000,,,,0.027669,
07/15/2019 16:08:00.000000,,,,0.026215,
07/15/2019 16:09:00.000000,,,,16.565909,
07/15/2019 16:10:00.000000,,,,0.018107,
07/15/2019 16:11:00.000000,,,,26.237931,
07/15/2019 16:12:00.000000,,,,20.785714,
07/15/2019 16:13:00.000000,,,,0.026444,
07/15/2019 16:14:00.000000,,,,0.029139,
07/15/2019 16:15:00.000000,,,,20.577143,
07/15/2019 16:16:00.000000,,,,13.410256,
07/15/2019 16:17:00.000000,,,,0.015252,
07/15/2019 16:18:00.000000,,,,0.021091,
07/15/2019 16:19:00.000000,,,,0.03101,
07/15/2019 16:20:00.000000,,,,0.023315,
07/15/2019 16:21:00.000000,,,,21.540476,
07/15/2019 16:22:00.000000,,,,0.030682,
07/15/2019 16:23:00.000000,,,,23.713953,
07/15/2019 16:24:00.000000,,,,0.01861,
07/15/2019 16:25:00.000000,,,,30.168293,
07/15/2019 16:26:00.000000,,,,0.021582,
07/15/2019 16:27:00.000000,,,,14.423077,
07/15/2019 16:28:00.000000,,,,0.048561,
07/15/2019 16:29:00.000000,,,,17.330769,
07/15/2019 16:30:00.000000,,,,0.028661,
07/15/2019 16:31:00.000000,,,,21.795,
07/15/2019 16:32:00.000000,,,,12.009524,
07/15/2019 16:33:00.000000,,,,0.015573,
07/15/2019 16:34:00.000000,,,,0.012587,
07/15/2019 16:35:00.000000,,,,19.878947,
07/15/2019 16:36:00.000000,,,,0.044905,
07/15/2019 16:37:00.000000,,,,0.014561,
07/15/2019 16:38:00.000000,,,,0.024836,
07/15/2019 16:39:00.000000,,,,0.019979,
07/15/2019 16:40:00.000000,,,,0.015392,
07/15/2019 16:41:00.000000,,,,9.94359,
07/15/2019 16:42:00.000000,,,,5.623529,
07/15/2019 16:43:00.000000,,,,7.361538,
07/15/2019 16:44:00.000000,,,,2.663158,
07/15/2019 16:45:00.000000,,,,0.036729,
07/15/2019 16:46:00.000000,,,,0.014823,
07/15/2019 16:47:00.000000,,,,3.184615,
07/15/2019 16:48:00.000000,,,,0.018434,
07/15/2019 16:49:00.000000,,,,0.010823,
07/15/2019 16:50:00.000000,,,,0.017203,
07/15/2019 16:51:00.000000,,,,0.017382,
07/15/2019 16:52:00.000000,,,,0.035834,
07/15/2019 16:53:00.000000,,,,32.970732,
07/15/2019 16:54:00.000000,,,,11.742105,
07/15/2019 16:55:00.000000,,,,16.890698,
07/15/2019 16:56:00.000000,,,,23.877778,
07/15/2019 16:57:00.000000,,,,8.142857,
07/15/2019 16:58:00.000000,,,,0.00937,
07/15/2019 16:59:00.000000,,,,0.025139,
07/15/2019 17:00:00.000000,,,,14.295455,
07/15/2019 17:01:00.000000,,,,13.5,
07/15/2019 17:02:00.000000,,,,16.39,
07/15/2019 17:03:00.000000,,,,18.607317,
07/15/2019 17:04:00.000000,,,,0.015951,
07/15/2019 17:05:00.000000,,,,0.014817,
07/15/2019 17:06:00.000000,,,,0.008721,
07/15/2019 17:07:00.000000,,,,11.934286,
07/15/2019 17:08:00.000000,,,,9.746154,
07/15/2019 17:09:00.000000,,,,0.011609,
07/15/2019 17:10:00.000000,,,,0.014889,
07/15/2019 17:11:00.000000,,,,0.006979,
07/15/2019 17:12:00.000000,,,,0.023221,
07/15/2019 17:13:00.000000,,,,0.024154,
07/15/2019 17:14:00.000000,,,,0.021495,
07/15/2019 17:15:00.000000,,,,16.712195,
07/15/2019 17:16:00.000000,,,,6.251282,
07/15/2019 17:17:00.000000,,,,0.005677,
07/15/2019 17:18:00.000000,,,,0.022275,
07/15/2019 17:19:00.000000,,,,15.391429,
07/15/2019 17:20:00.000000,,,,8.293939,
07/15/2019 17:21:00.000000,,,,0.006639,
07/15/2019 17:22:00.000000,,,,4.329268,
07/15/2019 17:23:00.000000,,,,18.7,
07/15/2019 17:24:00.000000,,,,14.275676,
07/15/2019 17:25:00.000000,,,,4.318919,
07/15/2019 17:26:00.000000,,,,0.008341,
07/15/2019 17:27:00.000000,,,,9.154839,
07/15/2019 17:28:00.000000,,,,11.704545,
07/15/2019 17:30:00.000000,,,,0.025967,
07/15/2019 17:31:00.000000,,,,0.017355,
07/15/2019 17:32:00.000000,,,,8.180488,
07/15/2019 17:33:00.000000,,,,0.018225,
07/15/2019 17:34:00.000000,,,,0.017225,
07/15/2019 17:35:00.000000,,,,0.011701,
07/15/2019 17:36:00.000000,,,,15.6375,
07/15/2019 17:37:00.000000,,,,0.020161,
07/15/2019 17:38:00.000000,,,,0.019182,
07/15/2019 17:39:00.000000,,,,0.019051,
07/15/2019 17:40:00.000000,,,,11.145455,
07/15/2019 17:41:00.000000,,,,0.009473,
07/15/2019 17:42:00.000000,,,,9.878571,
07/15/2019 17:43:00.000000,,,,0.018702,
07/15/2019 17:44:00.000000,,,,12.812195,
07/15/2019 17:45:00.000000,,,,6.276744,
07/15/2019 17:46:00.000000,,,,0.003758,
07/15/2019 17:47:00.000000,,,,0.006704,
07/15/2019 17:48:00.000000,,,,19.594737,
07/15/2019 17:50:00.000000,,,,16.952381,
07/15/2019 17:51:00.000000,,,,4.282927,
07/15/2019 17:52:00.000000,,,,14.804878,
07/15/2019 17:53:00.000000,,,,3.858696,
07/15/2019 17:54:00.000000,,,,5.602326,
07/15/2019 17:55:00.000000,,,,0.008667,
07/15/2019 17:56:00.000000,,,,6.523256,
07/15/2019 17:57:00.000000,,,,15.14,
07/15/2019 17:58:00.000000,,,,0.011425,
07/15/2019 17:59:00.000000,,,,13.893939,
07/15/2019 18:00:00.000000,,,,6.125,
07/15/2019 18:01:00.000000,,,,6.346154,
07/15/2019 18:02:00.000000,,,,0.012381,
07/15/2019 18:03:00.000000,,,,0.014684,
07/15/2019 18:04:00.000000,,,,0.014988,
07/15/2019 18:05:00.000000,,,,5.928571,
07/15/2019 18:06:00.000000,,,,6.333333,
07/15/2019 18:07:00.000000,,,,0.003495,
07/15/2019 18:08:00.000000,,,,0.008124,
07/15/2019 18:10:00.000000,,,,10.907317,
07/15/2019 18:11:00.000000,,,,8.980488,
07/15/2019 18:12:00.000000,,,,0.013395,
07/15/2019 18:13:00.000000,,,,0.011646,
07/15/2019 18:14:00.000000,,,,6.675,
07/15/2019 18:15:00.000000,,,,2.761538,
07/15/2019 18:16:00.000000,,,,0.016659,
07/15/2019 18:17:00.000000,,,,0.019334,
07/15/2019 18:18:00.000000,,,,0.017464,
07/15/2019 18:19:00.000000,,,,10.965854,
07/15/2019 18:20:00.000000,,,,0.005357,
07/15/2019 18:21:00.000000,,,,0.015852,
07/15/2019 18:22:00.000000,,,,103.08,
07/15/2019 18:23:00.000000,,,,0.032587,
07/15/2019 18:24:00.000000,,,,6.541463,
07/15/2019 18:25:00.000000,,,,10.140909,
07/15/2019 18:26:00.000000,,,,0.0107,
07/15/2019 18:27:00.000000,,,,0.022118,
07/15/2019 18:28:00.000000,,,,0.03287,
07/15/2019 18:30:00.000000,,,,0.013685,
07/15/2019 18:31:00.000000,,,,0.019158,
07/15/2019 18:32:00.000000,,,,30.388095,
07/15/2019 18:33:00.000000,,,,19.978571,
07/15/2019 18:34:00.000000,,,,15.795455,
07/15/2019 18:35:00.000000,,,,67.9,
07/15/2019 18:36:00.000000,,,,31.127273,
07/15/2019 18:37:00.000000,,,,18.157143,
07/15/2019 18:38:00.000000,,,,0.027379,
07/15/2019 18:39:00.000000,,,,0.019139,
07/15/2019 18:40:00.000000,,,,0.013621,
07/15/2019 18:41:00.000000,,,,0.021974,
07/15/2019 18:42:00.000000,,,,12.522222,
07/15/2019 18:43:00.000000,,,,37.355814,
07/15/2019 18:44:00.000000,,,,0.02835,
07/15/2019 18:45:00.000000,,,,0.006792,
07/15/2019 18:46:00.000000,,,,34.905405,
07/15/2019 18:47:00.000000,,,,0.044482,
07/15/2019 18:48:00.000000,,,,21.627907,
07/15/2019 18:50:00.000000,,,,35.8,
07/15/2019 18:51:00.000000,,,,30.602941,
07/15/2019 18:52:00.000000,,,,59.733333,
07/15/2019 18:53:00.000000,,,,49.861538,
07/15/2019 18:54:00.000000,,,,0.044902,
07/15/2019 18:55:00.000000,,,,58.186047,
07/15/2019 18:56:00.000000,,,,0.055458,
07/15/2019 18:57:00.000000,,,,0.032648,
07/15/2019 18:58:00.000000,,,,0.047002,
07/15/2019 18:59:00.000000,,,,29.41,
07/15/2019 19:00:00.000000,,,,30.473333,
07/15/2019 19:01:00.000000,,,,0.028874,
07/15/2019 19:02:00.000000,,,,0.046808,
07/15/2019 19:03:00.000000,,,,23.433333,
07/15/2019 19:04:00.000000,,,,0.050912,
07/15/2019 19:05:00.000000,,,,0.048225,
07/15/2019 19:06:00.000000,,,,0.025518,
07/15/2019 19:07:00.000000,,,,31.207407,
07/15/2019 19:08:00.000000,,,,60.72439,
07/15/2019 19:09:00.000000,,,,0.041604,
07/15/2019 19:10:00.000000,,,,20.767442,
07/15/2019 19:11:00.000000,,,,0.024301,
07/15/2019 19:12:00.000000,,,,0.029135,
07/15/2019 19:13:00.000000,,,,0.040602,
07/15/2019 19:14:00.000000,,,,31.785366,
07/15/2019 19:15:00.000000,,,,94.686047,
07/15/2019 19:16:00.000000,,,,33.014286,
07/15/2019 19:17:00.000000,,,,47.094737,
07/15/2019 19:18:00.000000,,,,19.830435,
07/15/2019 19:19:00.000000,,,,0.037641,
07/15/2019 19:20:00.000000,,,,22.139535,
07/15/2019 19:21:00.000000,,,,20.365789,
07/15/2019 19:22:00.000000,,,,0.023005,
07/15/2019 19:23:00.000000,,,,0.031347,
07/15/2019 19:24:00.000000,,,,0.039466,
07/15/2019 19:25:00.000000,,,,0.016254,
07/15/2019 19:26:00.000000,,,,15.87561,
07/15/2019 19:27:00.000000,,,,0.025625,
07/15/2019 19:28:00.000000,,,,6.393182,
07/15/2019 19:30:00.000000,,,,0.015203,
07/15/2019 19:31:00.000000,,,,0.033345,
07/15/2019 19:32:00.000000,,,,37.46087,
07/15/2019 19:33:00.000000,,,,0.054535,
07/15/2019 19:34:00.000000,,,,23.483721,
07/15/2019 19:35:00.000000,,,,23.422727,
07/15/2019 19:36:00.000000,,,,21.253659,
07/15/2019 19:37:00.000000,,,,34.53913,
07/15/2019 19:38:00.000000,,,,29.8,
07/15/2019 19:39:00.000000,,,,17.628571,
07/15/2019 19:40:00.000000,,,,0.026722,
07/15/2019 19:41:00.000000,,,,14.414286,
07/15/2019 19:42:00.000000,,,,13.212821,
07/15/2019 19:43:00.000000,,,,0.023717,
07/15/2019 19:44:00.000000,,,,0.025298,
07/15/2019 19:45:00.000000,,,,19.002439,
07/15/2019 19:46:00.000000,,,,40.404545,
07/15/2019 19:47:00.000000,,,,0.041133,
07/15/2019 19:48:00.000000,,,,11.026829,
07/15/2019 19:50:00.000000,,,,0.034831,
07/15/2019 19:51:00.000000,,,,0.035694,
07/15/2019 19:52:00.000000,,,,0.101637,
07/15/2019 19:53:00.000000,,,,0.034228,
07/15/2019 19:54:00.000000,,,,46.99697,
07/15/2019 19:55:00.000000,,,,57.731818,
07/15/2019 19:56:00.000000,,,,17.45,
07/15/2019 19:57:00.000000,,,,0.026261,
07/15/2019 19:58:00.000000,,,,0.031015,
07/15/2019 19:59:00.000000,,,,33.490244,
07/15/2019 20:00:00.000000,,,,30.728571,
07/15/2019 20:01:00.000000,,,,25.244118,
07/15/2019 20:02:00.000000,,,,15.5,
07/15/2019 20:03:00.000000,,,,14.574286,
07/15/2019 20:04:00.000000,,,,17.646154,
07/15/2019 20:05:00.000000,,,,15.45,
07/15/2019 20:06:00.000000,,,,27.255556,
07/15/2019 20:07:00.000000,,,,49.883333,
07/15/2019 20:08:00.000000,,,,0.060467,
07/15/2019 20:10:00.000000,,,,47.144186,
07/15/2019 20:11:00.000000,,,,0.030824,
07/15/2019 20:12:00.000000,,,,30.816279,
07/15/2019 20:13:00.000000,,,,43.139535,
07/15/2019 20:14:00.000000,,,,0.077143,
07/15/2019 20:15:00.000000,,,,0.038456,
07/15/2019 20:16:00.000000,,,,0.047335,
07/15/2019 20:17:00.000000,,,,28.723077,
07/15/2019 20:18:00.000000,,,,0.027437,
07/15/2019 20:19:00.000000,,,,0.033743,
07/15/2019 20:20:00.000000,,,,0.069625,
07/15/2019 20:21:00.000000,,,,23.377143,
07/15/2019 20:22:00.000000,,,,0.030645,
07/15/2019 20:23:00.000000,,,,18.847222,
07/15/2019 20:24:00.000000,,,,0.023069,
07/15/2019 20:25:00.000000,,,,0.016845,
07/15/2019 20:26:00.000000,,,,0.032391,
07/15/2019 20:27:00.000000,,,,23.4,
07/15/2019 20:28:00.000000,,,,34.133333,
07/15/2019 20:29:00.000000,,,,47.67619,
07/15/2019 20:30:00.000000,,,,0.037303,
07/15/2019 20:31:00.000000,,,,0.027494,
07/15/2019 20:32:00.000000,,,,20.688571,
07/15/2019 20:33:00.000000,,,,16.827907,
07/15/2019 20:34:00.000000,,,,16.2,
07/15/2019 20:35:00.000000,,,,38.139024,
07/15/2019 20:36:00.000000,,,,8.94878,
07/15/2019 20:37:00.000000,,,,33.611628,
07/15/2019 20:38:00.000000,,,,16.266667,
07/15/2019 20:39:00.000000,,,,41.737209,
07/15/2019 20:40:00.000000,,,,34.4,
07/15/2019 20:41:00.000000,,,,0.028302,
07/15/2019 20:42:00.000000,,,,0.031105,
07/15/2019 20:43:00.000000,,,,13.885714,
07/15/2019 20:44:00.000000,,,,0.039399,
07/15/2019 20:45:00.000000,,,,17.248571,
07/15/2019 20:46:00.000000,,,,22.028571,
07/15/2019 20:47:00.000000,,,,0.054489,
07/15/2019 20:48:00.000000,,,,27.657143,
07/15/2019 20:49:00.000000,,,,0.005766,
07/15/2019 20:50:00.000000,,,,19.686667,
07/15/2019 20:51:00.000000,,,,0.044244,
07/15/2019 20:52:00.000000,,,,0.034334,
07/15/2019 20:53:00.000000,,,,24.840625,
07/15/2019 20:54:00.000000,,,,0.044978,
07/15/2019 20:55:00.000000,,,,21.486047,
07/15/2019 20:56:00.000000,,,,0.028412,
07/15/2019 20:57:00.000000,,,,0.049682,
07/15/2019 20:58:00.000000,,,,0.045951,
07/15/2019 20:59:00.000000,,,,22.994737,
07/15/2019 21:00:00.000000,,,,0.017777,
07/15/2019 21:01:00.000000,,,,21.409756,
07/15/2019 21:02:00.000000,,,,21.525,
07/15/2019 21:03:00.000000,,,,0.057835,
07/15/2019 21:04:00.000000,,,,0.058132,
07/15/2019 21:05:00.000000,,,,27.77234,
07/15/2019 21:06:00.000000,,,,0.03051,
07/15/2019 21:07:00.000000,,,,0.025646,
07/15/2019 21:08:00.000000,,,,0.030207,
07/15/2019 21:09:00.000000,,,,21.1,
07/15/2019 21:10:00.000000,,,,0.021425,
07/15/2019 21:11:00.000000,,,,0.034916,
07/15/2019 21:12:00.000000,,,,0.017755,
07/15/2019 21:13:00.000000,,,,37.028571,
07/15/2019 21:14:00.000000,,,,0.02851,
07/15/2019 21:15:00.000000,,,,0.034386,
07/15/2019 21:16:00.000000,,,,20.163415,
07/15/2019 21:17:00.000000,,,,15.331818,
07/15/2019 21:18:00.000000,,,,0.033601,
07/15/2019 21:19:00.000000,,,,17.645455,
07/15/2019 21:20:00.000000,,,,0.023601,
07/15/2019 21:21:00.000000,,,,28.62,
07/15/2019 21:22:00.000000,,,,0.040211,
07/15/2019 21:23:00.000000,,,,0.039279,
07/15/2019 21:24:00.000000,,,,31.895122,
07/15/2019 21:25:00.000000,,,,0.039956,
07/15/2019 21:26:00.000000,,,,0.040105,
07/15/2019 21:27:00.000000,,,,50.971428,
07/15/2019 21:28:00.000000,,,,31.834146,
07/15/2019 21:29:00.000000,,,,25.470213,
07/15/2019 21:30:00.000000,,,,0.018347,
07/15/2019 21:31:00.000000,,,,22.458536,
07/15/2019 21:32:00.000000,,,,16.295,
07/15/2019 21:33:00.000000,,,,32.566667,
07/15/2019 21:34:00.000000,,,,26.92,
07/15/2019 21:35:00.000000,,,,15.528571,
07/15/2019 21:36:00.000000,,,,16.334783,
07/15/2019 21:37:00.000000,,,,32.7125,
07/15/2019 21:38:00.000000,,,,0.036334,
07/15/2019 21:39:00.000000,,,,21.239024,
07/15/2019 21:40:00.000000,,,,0.014237,
07/15/2019 21:41:00.000000,,,,27.563636,
07/15/2019 21:42:00.000000,,,,0.043799,
07/15/2019 21:43:00.000000,,,,23.028571,
07/15/2019 21:44:00.000000,,,,18.246512,
07/15/2019 21:45:00.000000,,,,0.019847,
07/15/2019 21:46:00.000000,,,,24.404878,
07/15/2019 21:47:00.000000,,,,19.218182,
07/15/2019 21:48:00.000000,,,,11.990698,
07/15/2019 21:49:00.000000,,,,20.013333,
07/15/2019 21:50:00.000000,,,,0.008654,
07/15/2019 21:51:00.000000,,,,0.017118,
07/15/2019 21:52:00.000000,,,,34.607317,
07/15/2019 21:53:00.000000,,,,0.024206,
07/15/2019 21:54:00.000000,,,,30.3975,
07/15/2019 21:55:00.000000,,,,0.02975,
07/15/2019 21:56:00.000000,,,,31.685714,
07/15/2019 21:57:00.000000,,,,0.037998,
07/15/2019 21:58:00.000000,,,,0.029461,
07/15/2019 21:59:00.000000,,,,0.031739,
07/15/2019 22:00:00.000000,,,,0.043503,
07/15/2019 22:01:00.000000,,,,0.044117,
07/15/2019 22:02:00.000000,,,,0.024365,
07/15/2019 22:03:00.000000,,,,32.05,
07/15/2019 22:04:00.000000,,,,0.049946,
07/15/2019 22:05:00.000000,,,,0.057394,
07/15/2019 22:06:00.000000,,,,0.034426,
07/15/2019 22:07:00.000000,,,,14.27907,
07/15/2019 22:08:00.000000,,,,0.026195,
07/15/2019 22:09:00.000000,,,,0.029242,
07/15/2019 22:10:00.000000,,,,12.772093,
07/15/2019 22:11:00.000000,,,,0.076575,
07/15/2019 22:12:00.000000,,,,0.046505,
07/15/2019 22:13:00.000000,,,,0.033452,
07/15/2019 22:14:00.000000,,,,0.034024,
07/15/2019 22:15:00.000000,,,,38.616279,
07/15/2019 22:16:00.000000,,,,32.47561,
07/15/2019 22:17:00.000000,,,,0.059024,
07/15/2019 22:18:00.000000,,,,28.853846,
07/15/2019 22:19:00.000000,,,,14.131818,
07/15/2019 22:20:00.000000,,,,0.032006,
07/15/2019 22:21:00.000000,,,,34.781818,
07/15/2019 22:22:00.000000,,,,12.925581,
07/15/2019 22:23:00.000000,,,,0.02022,
07/15/2019 22:24:00.000000,,,,12.370732,
07/15/2019 22:25:00.000000,,,,0.019583,
07/15/2019 22:26:00.000000,,,,0.027557,
07/15/2019 22:27:00.000000,,,,18.7,
07/15/2019 22:28:00.000000,,,,26.913953,
07/15/2019 22:29:00.000000,,,,17.132558,
07/15/2019 22:30:00.000000,,,,0.01746,
07/15/2019 22:31:00.000000,,,,9.859091,
07/15/2019 22:32:00.000000,,,,14.4625,
07/15/2019 22:33:00.000000,,,,0.00889,
07/15/2019 22:34:00.000000,,,,0.006414,
07/15/2019 22:35:00.000000,,,,0.010012,
07/15/2019 22:36:00.000000,,,,0.002777,
07/15/2019 22:37:00.000000,,,,0.037435,
07/15/2019 22:38:00.000000,,,,0.011274,
07/15/2019 22:39:00.000000,,,,0.002836,
07/15/2019 22:40:00.000000,,,,16.165,
07/15/2019 22:41:00.000000,,,,0.011417,
07/15/2019 22:42:00.000000,,,,0.008516,
07/15/2019 22:43:00.000000,,,,0.023087,
07/15/2019 22:44:00.000000,,,,7.195349,
07/15/2019 22:45:00.000000,,,,10.062791,
07/15/2019 22:46:00.000000,,,,0.011231,
07/15/2019 22:47:00.000000,,,,0.006994,
07/15/2019 22:48:00.000000,,,,0.008045,
07/15/2019 22:49:00.000000,,,,0.003776,
07/15/2019 22:50:00.000000,,,,0.008903,
07/15/2019 22:51:00.000000,,,,8.694872,
07/15/2019 22:52:00.000000,,,,10.62093,
07/15/2019 22:53:00.000000,,,,0.007322,
07/15/2019 22:54:00.000000,,,,2.653659,
07/15/2019 22:55:00.000000,,,,4.934146,
07/15/2019 22:56:00.000000,,,,2.718605,
07/15/2019 22:57:00.000000,,,,0.005097,
07/15/2019 22:58:00.000000,,,,1.539024,
07/15/2019 22:59:00.000000,,,,0.004022,
07/15/2019 23:00:00.000000,,,,0.008527,
07/15/2019 23:01:00.000000,,,,7.157143,
07/15/2019 23:02:00.000000,,,,0.010013,
07/15/2019 23:03:00.000000,,,,0.007235,
07/15/2019 23:04:00.000000,,,,1.738462,
07/15/2019 23:05:00.000000,,,,0.018961,
07/15/2019 23:06:00.000000,,,,17.534884,
07/15/2019 23:07:00.000000,,,,17.359524,
07/15/2019 23:08:00.000000,,,,24.95,
07/15/2019 23:09:00.000000,,,,14.068182,
07/15/2019 23:10:00.000000,,,,12.5,
07/15/2019 23:11:00.000000,,,,14.285,
07/15/2019 23:12:00.000000,,,,0.014745,
07/15/2019 23:13:00.000000,,,,0.051276,
07/15/2019 23:14:00.000000,,,,55.67907,
07/15/2019 23:15:00.000000,,,,0.067503,
07/15/2019 23:16:00.000000,,,,31.286047,
07/15/2019 23:17:00.000000,,,,33.997674,
07/15/2019 23:18:00.000000,,,,0.022802,
07/15/2019 23:19:00.000000,,,,22.518182,
07/15/2019 23:20:00.000000,,,,0.025479,
07/15/2019 23:21:00.000000,,,,17.128571,
07/15/2019 23:22:00.000000,,,,65.776923,
07/15/2019 23:23:00.000000,,,,39.358537,
07/15/2019 23:24:00.000000,,,,47.86,
07/15/2019 23:25:00.000000,,,,0.013552,
07/15/2019 23:26:00.000000,,,,34.390909,
07/15/2019 23:27:00.000000,,,,0.037399,
07/15/2019 23:28:00.000000,,,,0.019969,
07/15/2019 23:29:00.000000,,,,0.020741,
07/15/2019 23:30:00.000000,,,,19.495349,
07/15/2019 23:31:00.000000,,,,19.557143,
07/15/2019 23:32:00.000000,,,,13.002439,
07/15/2019 23:33:00.000000,,,,0.040077,
07/15/2019 23:34:00.000000,,,,0.023695,
07/15/2019 23:35:00.000000,,,,12.571429,
07/15/2019 23:36:00.000000,,,,24.785714,
07/15/2019 23:37:00.000000,,,,0.025544,
07/15/2019 23:38:00.000000,,,,16.571429,
07/15/2019 23:39:00.000000,,,,0.016735,
07/15/2019 23:40:00.000000,,,,21.595455,
07/15/2019 23:41:00.000000,,,,0.016968,
07/15/2019 23:42:00.000000,,,,0.020652,
07/15/2019 23:43:00.000000,,,,0.022285,
07/15/2019 23:44:00.000000,,,,17.713636,
07/15/2019 23:45:00.000000,,,,0.013342,
07/15/2019 23:46:00.000000,,,,5.578947,
07/15/2019 23:47:00.000000,,,,15.053846,
07/15/2019 23:48:00.000000,,,,11.885714,
07/15/2019 23:50:00.000000,,,,0.005721,
07/15/2019 23:51:00.000000,,,,8.31,
07/15/2019 23:52:00.000000,,,,0.007721,
07/15/2019 23:53:00.000000,,,,0.012336,
07/15/2019 23:54:00.000000,,,,0.017037,
07/15/2019 23:55:00.000000,,,,0.006278,
07/15/2019 23:56:00.000000,,,,16.160465,
07/15/2019 23:57:00.000000,,,,0.013193,
07/15/2019 23:58:00.000000,,,,0.008074,
07/15/2019 23:59:00.000000,,,,8.014286,
07/16/2019 00:00:00.000000,,,,10.231707,
07/16/2019 00:01:00.000000,,,,0.010863,
07/16/2019 00:02:00.000000,,,,0.011675,
07/16/2019 00:03:00.000000,,,,0.012227,
07/16/2019 00:04:00.000000,,,,27.714286,
07/16/2019 00:05:00.000000,,,,14.8625,
07/16/2019 00:06:00.000000,,,,0.009233,
07/16/2019 00:07:00.000000,,,,0.020802,
07/16/2019 00:08:00.000000,,,,0.012039,
07/16/2019 00:09:00.000000,,,,5.245,
07/16/2019 00:10:00.000000,,,,10.926667,
07/16/2019 00:11:00.000000,,,,8.904762,
07/16/2019 00:12:00.000000,,,,0.006273,
07/16/2019 00:13:00.000000,,,,9.233333,
07/16/2019 00:14:00.000000,,,,0.006178,
07/16/2019 00:15:00.000000,,,,6.702381,
07/16/2019 00:16:00.000000,,,,0.015743,
07/16/2019 00:17:00.000000,,,,0.011106,
07/16/2019 00:18:00.000000,,,,0.005814,
07/16/2019 00:19:00.000000,,,,0.008231,
07/16/2019 00:20:00.000000,,,,9.793103,
07/16/2019 00:21:00.000000,,,,6.4,
07/16/2019 00:22:00.000000,,,,10.395349,
07/16/2019 00:23:00.000000,,,,0.008949,
07/16/2019 00:24:00.000000,,,,7.620513,
07/16/2019 00:25:00.000000,,,,3.942857,
07/16/2019 00:26:00.000000,,,,9.182927,
07/16/2019 00:27:00.000000,,,,0.01103,
07/16/2019 00:28:00.000000,,,,6.494737,
07/16/2019 00:30:00.000000,,,,0.010634,
07/16/2019 00:31:00.000000,,,,4.243902,
07/16/2019 00:32:00.000000,,,,0.011675,
07/16/2019 00:33:00.000000,,,,6.373684,
07/16/2019 00:34:00.000000,,,,3.0,
07/16/2019 00:35:00.000000,,,,8.045,
07/16/2019 00:36:00.000000,,,,6.1375,
07/16/2019 00:37:00.000000,,,,22.623077,
07/16/2019 00:38:00.000000,,,,0.013152,
07/16/2019 00:39:00.000000,,,,0.029343,
07/16/2019 00:40:00.000000,,,,15.090244,
07/16/2019 00:41:00.000000,,,,0.012091,
07/16/2019 00:42:00.000000,,,,0.010301,
07/16/2019 00:43:00.000000,,,,0.005328,
07/16/2019 00:44:00.000000,,,,6.715385,
07/16/2019 00:45:00.000000,,,,7.042857,
07/16/2019 00:46:00.000000,,,,8.767442,
07/16/2019 00:47:00.000000,,,,0.010614,
07/16/2019 00:48:00.000000,,,,10.291111,
07/16/2019 00:50:00.000000,,,,0.014253,
07/16/2019 00:51:00.000000,,,,0.01367,
07/16/2019 00:52:00.000000,,,,0.01194,
07/16/2019 00:53:00.000000,,,,0.008293,
07/16/2019 00:54:00.000000,,,,0.019712,
07/16/2019 00:55:00.000000,,,,9.042857,
07/16/2019 00:56:00.000000,,,,0.014399,
07/16/2019 00:57:00.000000,,,,11.538462,
07/16/2019 00:58:00.000000,,,,0.005809,
07/16/2019 00:59:00.000000,,,,10.187179,
07/16/2019 01:00:00.000000,,,,0.022205,
07/16/2019 01:01:00.000000,,,,18.153488,
07/16/2019 01:02:00.000000,,,,0.017689,
07/16/2019 01:03:00.000000,,,,0.024848,
07/16/2019 01:04:00.000000,,,,13.886047,
07/16/2019 01:05:00.000000,,,,8.071429,
07/16/2019 01:06:00.000000,,,,10.495454,
07/16/2019 01:07:00.000000,,,,13.369231,
07/16/2019 01:08:00.000000,,,,0.007138,
07/16/2019 01:10:00.000000,,,,0.01359,
07/16/2019 01:11:00.000000,,,,5.557895,
07/16/2019 01:12:00.000000,,,,17.817073,
07/16/2019 01:13:00.000000,,,,22.8125,
07/16/2019 01:14:00.000000,,,,19.160976,
07/16/2019 01:15:00.000000,,,,16.088372,
07/16/2019 01:16:00.000000,,,,0.016752,
07/16/2019 01:17:00.000000,,,,0.018498,
07/16/2019 01:18:00.000000,,,,16.318605,
07/16/2019 01:19:00.000000,,,,0.017043,
07/16/2019 01:20:00.000000,,,,15.1125,
07/16/2019 01:21:00.000000,,,,14.23,
07/16/2019 01:22:00.000000,,,,0.014343,
07/16/2019 01:23:00.000000,,,,0.021899,
07/16/2019 01:24:00.000000,,,,0.007442,
07/16/2019 01:25:00.000000,,,,0.016388,
07/16/2019 01:26:00.000000,,,,10.0,
07/16/2019 01:27:00.000000,,,,20.24186,
07/16/2019 01:28:00.000000,,,,18.75,
07/16/2019 01:30:00.000000,,,,0.024411,
07/16/2019 01:31:00.000000,,,,9.939024,
07/16/2019 01:32:00.000000,,,,8.327273,
07/16/2019 01:33:00.000000,,,,0.020805,
07/16/2019 01:34:00.000000,,,,22.3875,
07/16/2019 01:35:00.000000,,,,0.011114,
07/16/2019 01:36:00.000000,,,,12.057143,
07/16/2019 01:37:00.000000,,,,0.022994,
07/16/2019 01:38:00.000000,,,,0.048843,
07/16/2019 01:39:00.000000,,,,15.472973,
07/16/2019 01:40:00.000000,,,,12.785714,
07/16/2019 01:41:00.000000,,,,0.00697,
07/16/2019 01:42:00.000000,,,,0.029162,
07/16/2019 01:43:00.000000,,,,13.469767,
07/16/2019 01:44:00.000000,,,,10.1975,
07/16/2019 01:45:00.000000,,,,13.13,
07/16/2019 01:46:00.000000,,,,0.020911,
07/16/2019 01:47:00.000000,,,,16.4,
07/16/2019 01:48:00.000000,,,,18.106977,
07/16/2019 01:50:00.000000,,,,7.188095,
07/16/2019 01:51:00.000000,,,,0.006491,
07/16/2019 01:52:00.000000,,,,15.54878,
07/16/2019 01:53:00.000000,,,,13.2375,
07/16/2019 01:54:00.000000,,,,11.125,
07/16/2019 01:55:00.000000,,,,0.014756,
07/16/2019 01:56:00.000000,,,,0.023787,
07/16/2019 01:57:00.000000,,,,0.02104,
07/16/2019 01:58:00.000000,,,,11.319048,
07/16/2019 01:59:00.000000,,,,12.719512,
07/16/2019 02:00:00.000000,,,,32.492683,
07/16/2019 02:01:00.000000,,,,0.015452,
07/16/2019 02:02:00.000000,,,,0.012174,
07/16/2019 02:03:00.000000,,,,0.014859,
07/16/2019 02:04:00.000000,,,,23.460976,
07/16/2019 02:05:00.000000,,,,12.634884,
07/16/2019 02:06:00.000000,,,,0.015725,
07/16/2019 02:07:00.000000,,,,0.014819,
07/16/2019 02:08:00.000000,,,,0.017344,
07/16/2019 02:09:00.000000,,,,0.010496,
07/16/2019 02:10:00.000000,,,,0.021054,
07/16/2019 02:11:00.000000,,,,21.658139,
07/16/2019 02:12:00.000000,,,,0.016149,
07/16/2019 02:13:00.000000,,,,0.007659,
07/16/2019 02:14:00.000000,,,,0.011213,
07/16/2019 02:15:00.000000,,,,16.435714,
07/16/2019 02:16:00.000000,,,,0.016669,
07/16/2019 02:17:00.000000,,,,9.9,
07/16/2019 02:18:00.000000,,,,9.997561,
07/16/2019 02:19:00.000000,,,,12.786667,
07/16/2019 02:20:00.000000,,,,0.016556,
07/16/2019 02:21:00.000000,,,,18.568182,
07/16/2019 02:22:00.000000,,,,0.007722,
07/16/2019 02:23:00.000000,,,,0.025064,
07/16/2019 02:24:00.000000,,,,12.621951,
07/16/2019 02:25:00.000000,,,,16.221951,
07/16/2019 02:26:00.000000,,,,15.683333,
07/16/2019 02:27:00.000000,,,,11.7,
07/16/2019 02:28:00.000000,,,,15.753846,
07/16/2019 02:29:00.000000,,,,11.819512,
07/16/2019 02:30:00.000000,,,,0.017696,
07/16/2019 02:31:00.000000,,,,0.013835,
07/16/2019 02:32:00.000000,,,,30.271875,
07/16/2019 02:33:00.000000,,,,12.385714,
07/16/2019 02:34:00.000000,,,,0.016253,
07/16/2019 02:35:00.000000,,,,0.013036,
07/16/2019 02:36:00.000000,,,,9.369767,
07/16/2019 02:37:00.000000,,,,16.060976,
07/16/2019 02:38:00.000000,,,,0.0411,
07/16/2019 02:39:00.000000,,,,23.297436,
07/16/2019 02:40:00.000000,,,,0.014509,
07/16/2019 02:41:00.000000,,,,13.387805,
07/16/2019 02:42:00.000000,,,,12.248571,
07/16/2019 02:43:00.000000,,,,0.017893,
07/16/2019 02:44:00.000000,,,,0.020923,
07/16/2019 02:45:00.000000,,,,13.073171,
07/16/2019 02:46:00.000000,,,,19.631707,
07/16/2019 02:47:00.000000,,,,0.01808,
07/16/2019 02:48:00.000000,,,,22.590244,
07/16/2019 02:49:00.000000,,,,0.041442,
07/16/2019 02:50:00.000000,,,,0.021006,
07/16/2019 02:51:00.000000,,,,19.966667,
07/16/2019 02:52:00.000000,,,,0.023061,
07/16/2019 02:53:00.000000,,,,7.992857,
07/16/2019 02:54:00.000000,,,,0.017239,
07/16/2019 02:55:00.000000,,,,0.019886,
07/16/2019 02:56:00.000000,,,,0.015599,
07/16/2019 02:57:00.000000,,,,0.013596,
07/16/2019 02:58:00.000000,,,,9.946341,
07/16/2019 02:59:00.000000,,,,0.014945,
07/16/2019 03:00:00.000000,,,,0.025698,
07/16/2019 03:01:00.000000,,,,23.628571,
07/16/2019 03:02:00.000000,,,,0.012994,
07/16/2019 03:03:00.000000,,,,0.020363,
07/16/2019 03:04:00.000000,,,,9.6,
07/16/2019 03:05:00.000000,,,,19.5125,
07/16/2019 03:06:00.000000,,,,13.557143,
07/16/2019 03:07:00.000000,,,,26.065854,
07/16/2019 03:08:00.000000,,,,17.183333,
07/16/2019 03:09:00.000000,,,,11.4,
07/16/2019 03:10:00.000000,,,,0.018692,
07/16/2019 03:11:00.000000,,,,0.023176,
07/16/2019 03:12:00.000000,,,,23.785714,
07/16/2019 03:13:00.000000,,,,0.017946,
07/16/2019 03:14:00.000000,,,,0.011568,
07/16/2019 03:15:00.000000,,,,0.073448,
07/16/2019 03:16:00.000000,,,,0.012076,
07/16/2019 03:17:00.000000,,,,13.092857,
07/16/2019 03:18:00.000000,,,,0.014988,
07/16/2019 03:19:00.000000,,,,27.743333,
07/16/2019 03:20:00.000000,,,,0.021021,
07/16/2019 03:21:00.000000,,,,7.281818,
07/16/2019 03:22:00.000000,,,,0.014055,
07/16/2019 03:23:00.000000,,,,0.008334,
07/16/2019 03:24:00.000000,,,,0.006302,
07/16/2019 03:25:00.000000,,,,0.007142,
07/16/2019 03:26:00.000000,,,,0.02044,
07/16/2019 03:27:00.000000,,,,9.6,
07/16/2019 03:28:00.000000,,,,13.89,
07/16/2019 03:30:00.000000,,,,0.010137,
07/16/2019 03:31:00.000000,,,,0.013983,
07/16/2019 03:32:00.000000,,,,0.032091,
07/16/2019 03:33:00.000000,,,,0.016833,
07/16/2019 03:34:00.000000,,,,0.008209,
07/16/2019 03:35:00.000000,,,,0.013827,
07/16/2019 03:36:00.000000,,,,0.014667,
07/16/2019 03:37:00.000000,,,,11.45,
07/16/2019 03:38:00.000000,,,,0.015662,
07/16/2019 03:39:00.000000,,,,18.407317,
07/16/2019 03:40:00.000000,,,,14.721951,
07/16/2019 03:41:00.000000,,,,0.011594,
07/16/2019 03:42:00.000000,,,,0.016977,
07/16/2019 03:43:00.000000,,,,15.658974,
07/16/2019 03:44:00.000000,,,,0.010197,
07/16/2019 03:45:00.000000,,,,0.009886,
07/16/2019 03:46:00.000000,,,,13.246154,
07/16/2019 03:47:00.000000,,,,0.010921,
07/16/2019 03:48:00.000000,,,,16.495122,
07/16/2019 03:50:00.000000,,,,0.011066,
07/16/2019 03:51:00.000000,,,,8.988095,
07/16/2019 03:52:00.000000,,,,0.014255,
07/16/2019 03:53:00.000000,,,,0.018633,
07/16/2019 03:54:00.000000,,,,8.361538,
07/16/2019 03:55:00.000000,,,,8.005882,
07/16/2019 03:56:00.000000,,,,8.552381,
07/16/2019 03:57:00.000000,,,,0.028219,
07/16/2019 03:58:00.000000,,,,13.981818,
07/16/2019 03:59:00.000000,,,,0.019389,
07/16/2019 04:00:00.000000,,,,0.022712,
07/16/2019 04:01:00.000000,,,,0.013188,
07/16/2019 04:02:00.000000,,,,0.015921,
07/16/2019 04:03:00.000000,,,,0.012402,
07/16/2019 04:04:00.000000,,,,0.02294,
07/16/2019 04:05:00.000000,,,,0.015176,
07/16/2019 04:06:00.000000,,,,10.114894,
07/16/2019 04:07:00.000000,,,,24.195,
07/16/2019 04:08:00.000000,,,,0.012878,
07/16/2019 04:10:00.000000,,,,0.010031,
07/16/2019 04:11:00.000000,,,,10.1,
07/16/2019 04:12:00.000000,,,,0.01412,
07/16/2019 04:13:00.000000,,,,0.011615,
07/16/2019 04:14:00.000000,,,,9.339024,
07/16/2019 04:15:00.000000,,,,18.665,
07/16/2019 04:16:00.000000,,,,0.036087,
07/16/2019 04:17:00.000000,,,,0.029565,
07/16/2019 04:18:00.000000,,,,7.492308,
07/16/2019 04:19:00.000000,,,,0.021594,
07/16/2019 04:20:00.000000,,,,0.019834,
07/16/2019 04:21:00.000000,,,,13.432558,
07/16/2019 04:22:00.000000,,,,9.187805,
07/16/2019 04:23:00.000000,,,,0.05383,
07/16/2019 04:24:00.000000,,,,0.023871,
07/16/2019 04:25:00.000000,,,,14.575,
07/16/2019 04:26:00.000000,,,,14.885714,
07/16/2019 04:27:00.000000,,,,9.876744,
07/16/2019 04:28:00.000000,,,,5.471429,
07/16/2019 04:29:00.000000,,,,0.012283,
07/16/2019 04:30:00.000000,,,,0.019127,
07/16/2019 04:31:00.000000,,,,0.030462,
07/16/2019 04:32:00.000000,,,,13.075,
07/16/2019 04:33:00.000000,,,,0.020822,
07/16/2019 04:34:00.000000,,,,0.019312,
07/16/2019 04:35:00.000000,,,,11.585714,
07/16/2019 04:36:00.000000,,,,0.017162,
07/16/2019 04:37:00.000000,,,,0.020139,
07/16/2019 04:38:00.000000,,,,14.756098,
07/16/2019 04:39:00.000000,,,,12.424324,
07/16/2019 04:40:00.000000,,,,15.040541,
07/16/2019 04:41:00.000000,,,,12.768293,
07/16/2019 04:42:00.000000,,,,11.166667,
07/16/2019 04:43:00.000000,,,,0.028638,
07/16/2019 04:44:00.000000,,,,11.675676,
07/16/2019 04:45:00.000000,,,,0.030809,
07/16/2019 04:46:00.000000,,,,0.020348,
07/16/2019 04:47:00.000000,,,,17.087805,
07/16/2019 04:48:00.000000,,,,25.828571,
07/16/2019 04:50:00.000000,,,,0.018523,
07/16/2019 04:51:00.000000,,,,0.016417,
07/16/2019 04:52:00.000000,,,,0.016148,
07/16/2019 04:53:00.000000,,,,9.547368,
07/16/2019 04:54:00.000000,,,,10.442857,
07/16/2019 04:55:00.000000,,,,16.319512,
07/16/2019 04:56:00.000000,,,,0.017986,
07/16/2019 04:57:00.000000,,,,11.2875,
07/16/2019 04:58:00.000000,,,,0.022901,
07/16/2019 04:59:00.000000,,,,0.022271,
07/16/2019 05:00:00.000000,,,,0.018647,
07/16/2019 05:01:00.000000,,,,0.028683,
07/16/2019 05:02:00.000000,,,,0.02509,
07/16/2019 05:03:00.000000,,,,16.077273,
07/16/2019 05:04:00.000000,,,,0.015612,
07/16/2019 05:05:00.000000,,,,0.007434,
07/16/2019 05:06:00.000000,,,,11.970732,
07/16/2019 05:07:00.000000,,,,0.025648,
07/16/2019 05:08:00.000000,,,,0.016252,
07/16/2019 05:09:00.000000,,,,0.012142,
07/16/2019 05:10:00.000000,,,,16.481818,
07/16/2019 05:11:00.000000,,,,0.012535,
07/16/2019 05:12:00.000000,,,,30.827907,
07/16/2019 05:13:00.000000,,,,18.35122,
07/16/2019 05:14:00.000000,,,,0.020155,
07/16/2019 05:15:00.000000,,,,12.162162,
07/16/2019 05:16:00.000000,,,,0.017779,
07/16/2019 05:17:00.000000,,,,0.023654,
07/16/2019 05:18:00.000000,,,,22.630952,
07/16/2019 05:19:00.000000,,,,0.011269,
07/16/2019 05:20:00.000000,,,,13.834884,
07/16/2019 05:21:00.000000,,,,17.476744,
07/16/2019 05:22:00.000000,,,,0.00887,
07/16/2019 05:23:00.000000,,,,0.019643,
07/16/2019 05:24:00.000000,,,,0.020987,
07/16/2019 05:25:00.000000,,,,16.036842,
07/16/2019 05:26:00.000000,,,,12.515,
07/16/2019 05:27:00.000000,,,,0.019416,
07/16/2019 05:28:00.000000,,,,36.974359,
07/16/2019 05:29:00.000000,,,,0.019732,
07/16/2019 05:30:00.000000,,,,13.842857,
07/16/2019 05:31:00.000000,,,,10.255814,
07/16/2019 05:32:00.000000,,,,0.013856,
07/16/2019 05:33:00.000000,,,,15.888372,
07/16/2019 05:34:00.000000,,,,7.533333,
07/16/2019 05:35:00.000000,,,,12.741463,
07/16/2019 05:36:00.000000,,,,0.017449,
07/16/2019 05:37:00.000000,,,,21.914634,
07/16/2019 05:38:00.000000,,,,8.3,
07/16/2019 05:39:00.000000,,,,22.531707,
07/16/2019 05:40:00.000000,,,,0.017511,
07/16/2019 05:41:00.000000,,,,0.023748,
07/16/2019 05:42:00.000000,,,,0.0343,
07/16/2019 05:43:00.000000,,,,14.565,
07/16/2019 05:44:00.000000,,,,0.021786,
07/16/2019 05:45:00.000000,,,,0.013567,
07/16/2019 05:46:00.000000,,,,13.958824,
07/16/2019 05:47:00.000000,,,,18.36,
07/16/2019 05:48:00.000000,,,,13.35,
07/16/2019 05:49:00.000000,,,,0.01493,
07/16/2019 05:50:00.000000,,,,0.008157,
07/16/2019 05:51:00.000000,,,,0.019411,
07/16/2019 05:52:00.000000,,,,21.511364,
07/16/2019 05:53:00.000000,,,,0.030459,
07/16/2019 05:54:00.000000,,,,0.018606,
07/16/2019 05:55:00.000000,,,,27.025581,
07/16/2019 05:56:00.000000,,,,13.897674,
07/16/2019 05:57:00.000000,,,,0.015777,
07/16/2019 05:58:00.000000,,,,0.021373,
07/16/2019 05:59:00.000000,,,,0.020155,
07/16/2019 06:00:00.000000,,,,17.442857,
07/16/2019 06:01:00.000000,,,,10.939024,
07/16/2019 06:02:00.000000,,,,0.034441,
07/16/2019 06:03:00.000000,,,,9.542857,
07/16/2019 06:04:00.000000,,,,10.745,
07/16/2019 06:05:00.000000,,,,12.795122,
07/16/2019 06:06:00.000000,,,,0.01588,
07/16/2019 06:07:00.000000,,,,0.007105,
07/16/2019 06:08:00.000000,,,,0.016519,
07/16/2019 06:09:00.000000,,,,12.980488,
07/16/2019 06:10:00.000000,,,,5.630233,
07/16/2019 06:11:00.000000,,,,15.757143,
07/16/2019 06:12:00.000000,,,,0.008734,
07/16/2019 06:13:00.000000,,,,15.048837,
07/16/2019 06:14:00.000000,,,,0.008734,
07/16/2019 06:15:00.000000,,,,10.777273,
07/16/2019 06:16:00.000000,,,,15.372093,
07/16/2019 06:17:00.000000,,,,11.289362,
07/16/2019 06:18:00.000000,,,,22.2375,
07/16/2019 06:19:00.000000,,,,0.040195,
07/16/2019 06:20:00.000000,,,,0.016798,
07/16/2019 06:21:00.000000,,,,0.01289,
07/16/2019 06:22:00.000000,,,,12.678571,
07/16/2019 06:23:00.000000,,,,0.012457,
07/16/2019 06:24:00.000000,,,,0.020407,
07/16/2019 06:25:00.000000,,,,31.21,
07/16/2019 06:26:00.000000,,,,14.935714,
07/16/2019 06:27:00.000000,,,,0.014323,
07/16/2019 06:28:00.000000,,,,0.016385,
07/16/2019 06:29:00.000000,,,,13.485714,
07/16/2019 06:30:00.000000,,,,0.015117,
07/16/2019 06:31:00.000000,,,,11.668182,
07/16/2019 06:32:00.000000,,,,12.705,
07/16/2019 06:33:00.000000,,,,0.008703,
07/16/2019 06:34:00.000000,,,,0.022562,
07/16/2019 06:35:00.000000,,,,0.026264,
07/16/2019 06:36:00.000000,,,,0.016726,
07/16/2019 06:37:00.000000,,,,0.020376,
07/16/2019 06:38:00.000000,,,,18.942857,
07/16/2019 06:39:00.000000,,,,17.763415,
07/16/2019 06:40:00.000000,,,,32.182927,
07/16/2019 06:41:00.000000,,,,0.01719,
07/16/2019 06:42:00.000000,,,,0.008383,
07/16/2019 06:43:00.000000,,,,0.023193,
07/16/2019 06:44:00.000000,,,,0.007487,
07/16/2019 06:45:00.000000,,,,0.014541,
07/16/2019 06:46:00.000000,,,,14.161905,
07/16/2019 06:47:00.000000,,,,0.015983,
07/16/2019 06:48:00.000000,,,,0.021822,
07/16/2019 06:49:00.000000,,,,16.221951,
07/16/2019 06:50:00.000000,,,,0.011946,
07/16/2019 06:51:00.000000,,,,10.792308,
07/16/2019 06:52:00.000000,,,,0.022893,
07/16/2019 06:53:00.000000,,,,14.504878,
07/16/2019 06:54:00.000000,,,,0.018063,
07/16/2019 06:55:00.000000,,,,14.014286,
07/16/2019 06:56:00.000000,,,,23.163158,
07/16/2019 06:57:00.000000,,,,17.271429,
07/16/2019 06:58:00.000000,,,,11.206818,
07/16/2019 06:59:00.000000,,,,0.01794,
07/16/2019 07:00:00.000000,,,,13.930952,
07/16/2019 07:01:00.000000,,,,0.016374,
07/16/2019 07:02:00.000000,,,,12.7625,
07/16/2019 07:03:00.000000,,,,0.012811,
07/16/2019 07:04:00.000000,,,,0.015839,
07/16/2019 07:05:00.000000,,,,14.776744,
07/16/2019 07:06:00.000000,,,,11.906977,
07/16/2019 07:07:00.000000,,,,0.014521,
07/16/2019 07:08:00.000000,,,,9.55,
07/16/2019 07:09:00.000000,,,,0.018352,
07/16/2019 07:10:00.000000,,,,11.947619,
07/16/2019 07:11:00.000000,,,,15.942857,
07/16/2019 07:12:00.000000,,,,13.1,
07/16/2019 07:13:00.000000,,,,13.8125,
07/16/2019 07:14:00.000000,,,,0.013903,
07/16/2019 07:15:00.000000,,,,0.012708,
07/16/2019 07:16:00.000000,,,,8.4,
07/16/2019 07:17:00.000000,,,,0.009454,
07/16/2019 07:18:00.000000,,,,9.825,
07/16/2019 07:19:00.000000,,,,10.716279,
07/16/2019 07:20:00.000000,,,,0.007065,
07/16/2019 07:21:00.000000,,,,0.012193,
07/16/2019 07:22:00.000000,,,,9.265116,
07/16/2019 07:23:00.000000,,,,0.014933,
07/16/2019 07:24:00.000000,,,,11.830435,
07/16/2019 07:25:00.000000,,,,12.490244,
07/16/2019 07:26:00.000000,,,,12.263636,
07/16/2019 07:27:00.000000,,,,0.010968,
07/16/2019 07:28:00.000000,,,,0.015199,
07/16/2019 07:29:00.000000,,,,0.006723,
07/16/2019 07:30:00.000000,,,,8.082927,
07/16/2019 07:31:00.000000,,,,0.005836,
07/16/2019 07:32:00.000000,,,,0.013385,
07/16/2019 07:33:00.000000,,,,9.186047,
07/16/2019 07:34:00.000000,,,,0.010435,
07/16/2019 07:35:00.000000,,,,17.381818,
07/16/2019 07:36:00.000000,,,,11.023256,
07/16/2019 07:37:00.000000,,,,0.016293,
07/16/2019 07:38:00.000000,,,,11.413953,
07/16/2019 07:39:00.000000,,,,9.64878,
07/16/2019 07:40:00.000000,,,,0.010497,
07/16/2019 07:41:00.000000,,,,0.013158,
07/16/2019 07:42:00.000000,,,,0.010126,
07/16/2019 07:43:00.000000,,,,0.011467,
07/16/2019 07:44:00.000000,,,,0.015591,
07/16/2019 07:45:00.000000,,,,0.019221,
07/16/2019 07:46:00.000000,,,,18.159091,
07/16/2019 07:47:00.000000,,,,5.8125,
07/16/2019 07:48:00.000000,,,,8.126829,
07/16/2019 07:49:00.000000,,,,8.7,
07/16/2019 07:50:00.000000,,,,0.012518,
07/16/2019 07:51:00.000000,,,,12.141463,
07/16/2019 07:52:00.000000,,,,8.728571,
07/16/2019 07:53:00.000000,,,,7.747619,
07/16/2019 07:54:00.000000,,,,8.757143,
07/16/2019 07:55:00.000000,,,,6.063636,
07/16/2019 07:56:00.000000,,,,0.023376,
07/16/2019 07:57:00.000000,,,,6.586486,
07/16/2019 07:58:00.000000,,,,9.644186,
07/16/2019 07:59:00.000000,,,,0.012555,
07/16/2019 08:00:00.000000,,,,0.014765,
07/16/2019 08:01:00.000000,,,,5.585,
07/16/2019 08:02:00.000000,,,,0.009065,
07/16/2019 08:03:00.000000,,,,11.519048,
07/16/2019 08:04:00.000000,,,,0.022591,
07/16/2019 08:05:00.000000,,,,8.877273,
07/16/2019 08:06:00.000000,,,,0.005286,
07/16/2019 08:07:00.000000,,,,4.17,
07/16/2019 08:08:00.000000,,,,9.626087,
07/16/2019 08:09:00.000000,,,,0.008889,
07/16/2019 08:10:00.000000,,,,6.764286,
07/16/2019 08:11:00.000000,,,,13.230952,
07/16/2019 08:12:00.000000,,,,0.006445,
07/16/2019 08:13:00.000000,,,,0.015653,
07/16/2019 08:14:00.000000,,,,8.969231,
07/16/2019 08:15:00.000000,,,,10.707692,
07/16/2019 08:16:00.000000,,,,27.733333,
07/16/2019 08:17:00.000000,,,,13.412195,
07/16/2019 08:18:00.000000,,,,0.013204,
07/16/2019 08:19:00.000000,,,,5.135897,
07/16/2019 08:20:00.000000,,,,6.878571,
07/16/2019 08:21:00.000000,,,,24.95,
07/16/2019 08:22:00.000000,,,,0.014376,
07/16/2019 08:23:00.000000,,,,7.89,
07/16/2019 08:24:00.000000,,,,5.271429,
07/16/2019 08:25:00.000000,,,,13.074419,
07/16/2019 08:26:00.000000,,,,0.018815,
07/16/2019 08:27:00.000000,,,,9.764865,
07/16/2019 08:28:00.000000,,,,0.011112,
07/16/2019 08:29:00.000000,,,,0.005571,
07/16/2019 08:30:00.000000,,,,12.436842,
07/16/2019 08:31:00.000000,,,,0.022255,
07/16/2019 08:32:00.000000,,,,0.019907,
07/16/2019 08:33:00.000000,,,,0.013872,
07/16/2019 08:34:00.000000,,,,5.659091,
07/16/2019 08:35:00.000000,,,,9.836364,
07/16/2019 08:36:00.000000,,,,0.017291,
07/16/2019 08:37:00.000000,,,,0.007137,
07/16/2019 08:38:00.000000,,,,6.05,
07/16/2019 08:39:00.000000,,,,25.325,
07/16/2019 08:40:00.000000,,,,0.024366,
07/16/2019 08:41:00.000000,,,,7.146512,
07/16/2019 08:42:00.000000,,,,7.873684,
07/16/2019 08:43:00.000000,,,,12.078125,
07/16/2019 08:44:00.000000,,,,14.085714,
07/16/2019 08:45:00.000000,,,,10.527907,
07/16/2019 08:46:00.000000,,,,11.045238,
07/16/2019 08:47:00.000000,,,,7.4375,
07/16/2019 08:48:00.000000,,,,0.010679,
07/16/2019 08:49:00.000000,,,,7.562791,
07/16/2019 08:50:00.000000,,,,0.012075,
07/16/2019 08:51:00.000000,,,,12.195122,
07/16/2019 08:52:00.000000,,,,5.675,
07/16/2019 08:53:00.000000,,,,6.472727,
07/16/2019 08:54:00.000000,,,,0.015756,
07/16/2019 08:55:00.000000,,,,0.014057,
07/16/2019 08:56:00.000000,,,,3.563333,
07/16/2019 08:57:00.000000,,,,0.008496,
07/16/2019 08:58:00.000000,,,,0.004706,
07/16/2019 08:59:00.000000,,,,0.00829,
07/16/2019 09:00:00.000000,,,,7.942857,
07/16/2019 09:01:00.000000,,,,16.016279,
07/16/2019 09:02:00.000000,,,,16.705,
07/16/2019 09:03:00.000000,,,,0.011709,
07/16/2019 09:04:00.000000,,,,15.6,
07/16/2019 09:05:00.000000,,,,11.765116,
07/16/2019 09:06:00.000000,,,,7.563415,
07/16/2019 09:07:00.000000,,,,12.7,
07/16/2019 09:08:00.000000,,,,0.010799,
07/16/2019 09:10:00.000000,,,,6.904545,
07/16/2019 09:11:00.000000,,,,0.007241,
07/16/2019 09:12:00.000000,,,,6.789189,
07/16/2019 09:13:00.000000,,,,7.430233,
07/16/2019 09:14:00.000000,,,,11.997297,
07/16/2019 09:15:00.000000,,,,0.013309,
07/16/2019 09:16:00.000000,,,,0.01265,
07/16/2019 09:17:00.000000,,,,6.085714,
07/16/2019 09:18:00.000000,,,,8.413953,
07/16/2019 09:19:00.000000,,,,0.009874,
07/16/2019 09:20:00.000000,,,,6.8,
07/16/2019 09:21:00.000000,,,,0.010511,
07/16/2019 09:22:00.000000,,,,9.780952,
07/16/2019 09:23:00.000000,,,,0.00903,
07/16/2019 09:24:00.000000,,,,12.92,
07/16/2019 09:25:00.000000,,,,0.007302,
07/16/2019 09:26:00.000000,,,,10.907143,
07/16/2019 09:27:00.000000,,,,0.020117,
07/16/2019 09:28:00.000000,,,,12.865,
07/16/2019 09:30:00.000000,,,,0.016806,
07/16/2019 09:31:00.000000,,,,0.021166,
07/16/2019 09:32:00.000000,,,,0.019644,
07/16/2019 09:33:00.000000,,,,0.007837,
07/16/2019 09:34:00.000000,,,,0.015922,
07/16/2019 09:35:00.000000,,,,9.138095,
07/16/2019 09:36:00.000000,,,,7.976923,
07/16/2019 09:37:00.000000,,,,10.481395,
07/16/2019 09:38:00.000000,,,,0.015079,
07/16/2019 09:39:00.000000,,,,17.636842,
07/16/2019 09:40:00.000000,,,,0.016866,
07/16/2019 09:41:00.000000,,,,6.934884,
07/16/2019 09:42:00.000000,,,,15.053846,
07/16/2019 09:43:00.000000,,,,0.015448,
07/16/2019 09:44:00.000000,,,,10.466667,
07/16/2019 09:45:00.000000,,,,0.014836,
07/16/2019 09:46:00.000000,,,,9.216279,
07/16/2019 09:47:00.000000,,,,0.028148,
07/16/2019 09:48:00.000000,,,,21.647619,
07/16/2019 09:50:00.000000,,,,0.025666,
07/16/2019 09:51:00.000000,,,,0.014259,
07/16/2019 09:52:00.000000,,,,13.542857,
07/16/2019 09:53:00.000000,,,,15.894595,
07/16/2019 09:54:00.000000,,,,0.01088,
07/16/2019 09:55:00.000000,,,,10.643243,
07/16/2019 09:56:00.000000,,,,0.016597,
07/16/2019 09:57:00.000000,,,,6.111628,
07/16/2019 09:58:00.000000,,,,7.775,
07/16/2019 09:59:00.000000,,,,0.012027,
07/16/2019 10:00:00.000000,,,,8.2625,
07/16/2019 10:01:00.000000,,,,8.709091,
07/16/2019 10:02:00.000000,,,,9.314286,
07/16/2019 10:03:00.000000,,,,16.338461,
07/16/2019 10:04:00.000000,,,,0.020074,
07/16/2019 10:05:00.000000,,,,0.009638,
07/16/2019 10:06:00.000000,,,,5.33,
07/16/2019 10:07:00.000000,,,,0.012851,
07/16/2019 10:08:00.000000,,,,0.012738,
07/16/2019 10:09:00.000000,,,,0.014938,
07/16/2019 10:10:00.000000,,,,0.010047,
07/16/2019 10:11:00.000000,,,,0.019296,
07/16/2019 10:12:00.000000,,,,0.016861,
07/16/2019 10:13:00.000000,,,,0.014922,
07/16/2019 10:14:00.000000,,,,10.54878,
07/16/2019 10:15:00.000000,,,,17.412195,
07/16/2019 10:16:00.000000,,,,0.015817,
07/16/2019 10:17:00.000000,,,,8.302439,
07/16/2019 10:18:00.000000,,,,5.342105,
07/16/2019 10:19:00.000000,,,,9.646512,
07/16/2019 10:20:00.000000,,,,8.36,
07/16/2019 10:21:00.000000,,,,0.010627,
07/16/2019 10:22:00.000000,,,,8.107692,
07/16/2019 10:23:00.000000,,,,0.011495,
07/16/2019 10:24:00.000000,,,,14.246875,
07/16/2019 10:25:00.000000,,,,0.011462,
07/16/2019 10:26:00.000000,,,,0.006674,
07/16/2019 10:27:00.000000,,,,8.268889,
07/16/2019 10:28:00.000000,,,,0.014837,
07/16/2019 10:29:00.000000,,,,11.708108,
07/16/2019 10:30:00.000000,,,,0.010276,
07/16/2019 10:31:00.000000,,,,0.013735,
07/16/2019 10:32:00.000000,,,,0.029012,
07/16/2019 10:33:00.000000,,,,0.013307,
07/16/2019 10:34:00.000000,,,,0.010184,
07/16/2019 10:35:00.000000,,,,0.006562,
07/16/2019 10:36:00.000000,,,,0.00748,
07/16/2019 10:37:00.000000,,,,6.456098,
07/16/2019 10:38:00.000000,,,,0.005602,
07/16/2019 10:39:00.000000,,,,0.010072,
07/16/2019 10:40:00.000000,,,,0.009051,
07/16/2019 10:41:00.000000,,,,0.02195,
07/16/2019 10:42:00.000000,,,,9.065854,
07/16/2019 10:43:00.000000,,,,10.661538,
07/16/2019 10:44:00.000000,,,,0.009674,
07/16/2019 10:45:00.000000,,,,0.009183,
07/16/2019 10:46:00.000000,,,,0.009632,
07/16/2019 10:47:00.000000,,,,7.107143,
07/16/2019 10:48:00.000000,,,,0.012372,
07/16/2019 10:49:00.000000,,,,0.010028,
07/16/2019 10:50:00.000000,,,,6.6,
07/16/2019 10:51:00.000000,,,,5.525,
07/16/2019 10:52:00.000000,,,,9.171429,
07/16/2019 10:53:00.000000,,,,11.33,
07/16/2019 10:54:00.000000,,,,0.026405,
07/16/2019 10:55:00.000000,,,,0.020902,
07/16/2019 10:56:00.000000,,,,0.00853,
07/16/2019 10:57:00.000000,,,,0.010823,
07/16/2019 10:58:00.000000,,,,10.235135,
07/16/2019 10:59:00.000000,,,,0.012708,
07/16/2019 11:00:00.000000,,,,6.964286,
07/16/2019 11:01:00.000000,,,,0.014645,
07/16/2019 11:02:00.000000,,,,0.015409,
07/16/2019 11:03:00.000000,,,,6.59,
07/16/2019 11:04:00.000000,,,,5.771429,
07/16/2019 11:05:00.000000,,,,18.571429,
07/16/2019 11:06:00.000000,,,,14.957143,
07/16/2019 11:07:00.000000,,,,9.466667,
07/16/2019 11:08:00.000000,,,,0.016255,
07/16/2019 11:09:00.000000,,,,0.013055,
07/16/2019 11:10:00.000000,,,,10.926829,
07/16/2019 11:11:00.000000,,,,10.2,
07/16/2019 11:12:00.000000,,,,21.235,
07/16/2019 11:13:00.000000,,,,0.018507,
07/16/2019 11:14:00.000000,,,,12.265854,
07/16/2019 11:15:00.000000,,,,11.558537,
07/16/2019 11:16:00.000000,,,,19.618182,
07/16/2019 11:17:00.000000,,,,0.028997,
07/16/2019 11:18:00.000000,,,,14.571429,
07/16/2019 11:19:00.000000,,,,11.006667,
07/16/2019 11:20:00.000000,,,,10.523256,
07/16/2019 11:21:00.000000,,,,17.811905,
07/16/2019 11:22:00.000000,,,,13.87027,
07/16/2019 11:23:00.000000,,,,0.022269,
07/16/2019 11:24:00.000000,,,,8.514634,
07/16/2019 11:25:00.000000,,,,0.025017,
07/16/2019 11:26:00.000000,,,,0.013628,
07/16/2019 11:27:00.000000,,,,0.018167,
07/16/2019 11:28:00.000000,,,,0.01431,
07/16/2019 11:29:00.000000,,,,7.841463,
07/16/2019 11:30:00.000000,,,,13.378571,
07/16/2019 11:31:00.000000,,,,0.014799,
07/16/2019 11:32:00.000000,,,,0.013679,
07/16/2019 11:33:00.000000,,,,0.013862,
07/16/2019 11:34:00.000000,,,,14.768182,
07/16/2019 11:35:00.000000,,,,0.021862,
07/16/2019 11:36:00.000000,,,,0.01777,
07/16/2019 11:37:00.000000,,,,14.033333,
07/16/2019 11:38:00.000000,,,,0.028416,
07/16/2019 11:39:00.000000,,,,0.028213,
07/16/2019 11:40:00.000000,,,,0.020702,
07/16/2019 11:41:00.000000,,,,16.574419,
07/16/2019 11:42:00.000000,,,,20.05814,
07/16/2019 11:43:00.000000,,,,18.392683,
07/16/2019 11:44:00.000000,,,,0.013659,
07/16/2019 11:45:00.000000,,,,0.008509,
07/16/2019 11:46:00.000000,,,,0.014127,
07/16/2019 11:47:00.000000,,,,20.25814,
07/16/2019 11:48:00.000000,,,,0.026564,
07/16/2019 11:49:00.000000,,,,0.01716,
07/16/2019 11:50:00.000000,,,,0.012519,
07/16/2019 11:51:00.000000,,,,9.713953,
07/16/2019 11:52:00.000000,,,,12.969767,
07/16/2019 11:53:00.000000,,,,0.017404,
07/16/2019 11:54:00.000000,,,,0.039663,
07/16/2019 11:55:00.000000,,,,12.368571,
07/16/2019 11:56:00.000000,,,,15.672727,
07/16/2019 11:57:00.000000,,,,14.428571,
07/16/2019 11:58:00.000000,,,,0.023857,
07/16/2019 11:59:00.000000,,,,0.026279,
07/16/2019 12:00:00.000000,,,,0.013068,
07/16/2019 12:01:00.000000,,,,0.02565,
07/16/2019 12:02:00.000000,,,,34.121951,
07/16/2019 12:03:00.000000,,,,0.042232,
07/16/2019 12:04:00.000000,,,,24.8375,
07/16/2019 12:05:00.000000,,,,0.018201,
07/16/2019 12:06:00.000000,,,,0.010854,
07/16/2019 12:07:00.000000,,,,0.011057,
07/16/2019 12:08:00.000000,,,,0.031949,
07/16/2019 12:09:00.000000,,,,0.021738,
07/16/2019 12:10:00.000000,,,,0.014798,
07/16/2019 12:11:00.000000,,,,0.053657,
07/16/2019 12:12:00.000000,,,,15.186047,
07/16/2019 12:13:00.000000,,,,26.457143,
07/16/2019 12:14:00.000000,,,,0.026538,
07/16/2019 12:15:00.000000,,,,45.702564,
07/16/2019 12:16:00.000000,,,,26.721951,
07/16/2019 12:17:00.000000,,,,0.029565,
07/16/2019 12:18:00.000000,,,,0.028036,
07/16/2019 12:19:00.000000,,,,0.022726,
07/16/2019 12:20:00.000000,,,,13.3325,
07/16/2019 12:21:00.000000,,,,13.704878,
07/16/2019 12:22:00.000000,,,,9.253488,
07/16/2019 12:23:00.000000,,,,8.847826,
07/16/2019 12:24:00.000000,,,,13.267647,
07/16/2019 12:25:00.000000,,,,16.747619,
07/16/2019 12:26:00.000000,,,,0.016909,
07/16/2019 12:27:00.000000,,,,10.386486,
07/16/2019 12:28:00.000000,,,,0.011562,
07/16/2019 12:29:00.000000,,,,16.085714,
07/16/2019 12:30:00.000000,,,,0.016572,
07/16/2019 12:31:00.000000,,,,11.859459,
07/16/2019 12:32:00.000000,,,,9.227273,
07/16/2019 12:33:00.000000,,,,0.009288,
07/16/2019 12:34:00.000000,,,,27.260976,
07/16/2019 12:35:00.000000,,,,15.068182,
07/16/2019 12:36:00.000000,,,,0.007254,
07/16/2019 12:37:00.000000,,,,23.239535,
07/16/2019 12:38:00.000000,,,,0.030908,
07/16/2019 12:39:00.000000,,,,0.031684,
07/16/2019 12:40:00.000000,,,,15.730769,
07/16/2019 12:41:00.000000,,,,0.025718,
07/16/2019 12:42:00.000000,,,,13.0,
07/16/2019 12:43:00.000000,,,,0.027428,
07/16/2019 12:44:00.000000,,,,34.428571,
07/16/2019 12:45:00.000000,,,,11.690698,
07/16/2019 12:46:00.000000,,,,0.015633,
07/16/2019 12:47:00.000000,,,,13.607692,
07/16/2019 12:48:00.000000,,,,0.021374,
07/16/2019 12:50:00.000000,,,,23.6,
07/16/2019 12:51:00.000000,,,,14.361538,
07/16/2019 12:52:00.000000,,,,9.064286,
07/16/2019 12:53:00.000000,,,,7.983333,
07/16/2019 12:54:00.000000,,,,0.025495,
07/16/2019 12:55:00.000000,,,,0.031129,
07/16/2019 12:56:00.000000,,,,0.015022,
07/16/2019 12:57:00.000000,,,,0.009098,
07/16/2019 12:58:00.000000,,,,0.025548,
07/16/2019 12:59:00.000000,,,,0.012163,
07/16/2019 13:00:00.000000,,,,9.148718,
07/16/2019 13:01:00.000000,,,,4.795455,
07/16/2019 13:02:00.000000,,,,0.011128,
07/16/2019 13:03:00.000000,,,,0.019306,
07/16/2019 13:04:00.000000,,,,0.018861,
07/16/2019 13:05:00.000000,,,,0.013633,
07/16/2019 13:06:00.000000,,,,0.018302,
07/16/2019 13:07:00.000000,,,,0.014441,
07/16/2019 13:08:00.000000,,,,15.739024,
07/16/2019 13:10:00.000000,,,,12.536842,
07/16/2019 13:11:00.000000,,,,0.024564,
07/16/2019 13:12:00.000000,,,,14.225,
07/16/2019 13:13:00.000000,,,,13.402326,
07/16/2019 13:14:00.000000,,,,0.015952,
07/16/2019 13:15:00.000000,,,,0.017245,
07/16/2019 13:16:00.000000,,,,0.015229,
07/16/2019 13:17:00.000000,,,,21.394118,
07/16/2019 13:18:00.000000,,,,12.956098,
07/16/2019 13:19:00.000000,,,,0.011657,
07/16/2019 13:20:00.000000,,,,4.112,
07/16/2019 13:21:00.000000,,,,31.076471,
07/16/2019 13:22:00.000000,,,,11.902381,
07/16/2019 13:23:00.000000,,,,14.510638,
07/16/2019 13:24:00.000000,,,,0.012968,
07/16/2019 13:25:00.000000,,,,11.057143,
07/16/2019 13:26:00.000000,,,,12.172093,
07/16/2019 13:27:00.000000,,,,18.446341,
07/16/2019 13:28:00.000000,,,,0.021528,
07/16/2019 13:29:00.000000,,,,0.015291,
07/16/2019 13:30:00.000000,,,,15.05,
07/16/2019 13:31:00.000000,,,,22.85,
07/16/2019 13:32:00.000000,,,,13.187805,
07/16/2019 13:33:00.000000,,,,5.3125,
07/16/2019 13:34:00.000000,,,,10.069231,
07/16/2019 13:35:00.000000,,,,0.015839,
07/16/2019 13:36:00.000000,,,,0.027418,
07/16/2019 13:37:00.000000,,,,0.018485,
07/16/2019 13:38:00.000000,,,,27.328571,
07/16/2019 13:39:00.000000,,,,0.019684,
07/16/2019 13:40:00.000000,,,,0.019457,
07/16/2019 13:41:00.000000,,,,0.033952,
07/16/2019 13:42:00.000000,,,,23.629268,
07/16/2019 13:43:00.000000,,,,0.019006,
07/16/2019 13:44:00.000000,,,,23.781395,
07/16/2019 13:45:00.000000,,,,0.021408,
07/16/2019 13:46:00.000000,,,,0.016601,
07/16/2019 13:47:00.000000,,,,0.016149,
07/16/2019 13:48:00.000000,,,,31.133333,
07/16/2019 13:50:00.000000,,,,0.03371,
07/16/2019 13:51:00.000000,,,,19.257895,
07/16/2019 13:52:00.000000,,,,11.961905,
07/16/2019 13:53:00.000000,,,,33.4,
07/16/2019 13:54:00.000000,,,,0.036846,
07/16/2019 13:55:00.000000,,,,20.114286,
07/16/2019 13:56:00.000000,,,,0.045275,
07/16/2019 13:57:00.000000,,,,0.022651,
07/16/2019 13:58:00.000000,,,,0.020297,
07/16/2019 13:59:00.000000,,,,0.049386,
07/16/2019 14:00:00.000000,,,,18.7,
07/16/2019 14:01:00.000000,,,,0.01485,
07/16/2019 14:02:00.000000,,,,26.552381,
07/16/2019 14:03:00.000000,,,,21.343902,
07/16/2019 14:04:00.000000,,,,14.55122,
07/16/2019 14:05:00.000000,,,,0.036673,
07/16/2019 14:06:00.000000,,,,12.160976,
07/16/2019 14:07:00.000000,,,,11.538462,
07/16/2019 14:08:00.000000,,,,27.804878,
07/16/2019 14:10:00.000000,,,,12.85,
07/16/2019 14:11:00.000000,,,,0.036327,
07/16/2019 14:12:00.000000,,,,27.92,
07/16/2019 14:13:00.000000,,,,19.663889,
07/16/2019 14:14:00.000000,,,,18.57561,
07/16/2019 14:15:00.000000,,,,15.942857,
07/16/2019 14:16:00.000000,,,,0.014003,
07/16/2019 14:17:00.000000,,,,0.012836,
07/16/2019 14:18:00.000000,,,,0.035671,
07/16/2019 14:19:00.000000,,,,0.02062,
07/16/2019 14:20:00.000000,,,,19.646154,
07/16/2019 14:21:00.000000,,,,37.666667,
07/16/2019 14:22:00.000000,,,,0.040787,
07/16/2019 14:23:00.000000,,,,21.853488,
07/16/2019 14:24:00.000000,,,,34.814286,
07/16/2019 14:25:00.000000,,,,23.069231,
07/16/2019 14:26:00.000000,,,,12.715385,
07/16/2019 14:27:00.000000,,,,7.0125,
07/16/2019 14:28:00.000000,,,,22.468293,
07/16/2019 14:29:00.000000,,,,13.366667,
07/16/2019 14:30:00.000000,,,,0.013233,
07/16/2019 14:31:00.000000,,,,0.017771,
07/16/2019 14:32:00.000000,,,,0.005973,
07/16/2019 14:33:00.000000,,,,0.013993,
07/16/2019 14:34:00.000000,,,,0.021543,
07/16/2019 14:35:00.000000,,,,0.027345,
07/16/2019 14:36:00.000000,,,,0.022084,
07/16/2019 14:37:00.000000,,,,0.034055,
07/16/2019 14:38:00.000000,,,,0.033135,
07/16/2019 14:39:00.000000,,,,22.714634,
07/16/2019 14:40:00.000000,,,,0.038855,
07/16/2019 14:41:00.000000,,,,26.15641,
07/16/2019 14:42:00.000000,,,,0.059294,
07/16/2019 14:43:00.000000,,,,27.305714,
07/16/2019 14:44:00.000000,,,,0.03961,
07/16/2019 14:45:00.000000,,,,32.969231,
07/16/2019 14:46:00.000000,,,,0.023968,
07/16/2019 14:47:00.000000,,,,52.4,
07/16/2019 14:48:00.000000,,,,27.422727,
07/16/2019 14:49:00.000000,,,,0.038961,
07/16/2019 14:50:00.000000,,,,16.13,
07/16/2019 14:51:00.000000,,,,23.739535,
07/16/2019 14:52:00.000000,,,,0.037773,
07/16/2019 14:53:00.000000,,,,17.32439,
07/16/2019 14:54:00.000000,,,,16.153659,
07/16/2019 14:55:00.000000,,,,23.122727,
07/16/2019 14:56:00.000000,,,,25.775,
07/16/2019 14:57:00.000000,,,,20.029268,
07/16/2019 14:58:00.000000,,,,0.020041,
07/16/2019 14:59:00.000000,,,,34.082051,
07/16/2019 15:00:00.000000,,,,0.025326,
07/16/2019 15:01:00.000000,,,,13.02093,
07/16/2019 15:02:00.000000,,,,32.397778,
07/16/2019 15:03:00.000000,,,,24.660976,
07/16/2019 15:04:00.000000,,,,0.029099,
07/16/2019 15:05:00.000000,,,,0.044483,
07/16/2019 15:06:00.000000,,,,36.902439,
07/16/2019 15:07:00.000000,,,,19.142857,
07/16/2019 15:08:00.000000,,,,44.527273,
07/16/2019 15:09:00.000000,,,,0.052898,
07/16/2019 15:10:00.000000,,,,29.49,
07/16/2019 15:11:00.000000,,,,22.433333,
07/16/2019 15:12:00.000000,,,,16.515789,
07/16/2019 15:13:00.000000,,,,0.036478,
07/16/2019 15:14:00.000000,,,,0.052281,
07/16/2019 15:15:00.000000,,,,25.7,
07/16/2019 15:16:00.000000,,,,22.938462,
07/16/2019 15:17:00.000000,,,,0.042666,
07/16/2019 15:18:00.000000,,,,22.428571,
07/16/2019 15:19:00.000000,,,,28.948837,
07/16/2019 15:20:00.000000,,,,24.695555,
07/16/2019 15:21:00.000000,,,,0.025962,
07/16/2019 15:22:00.000000,,,,57.923684,
07/16/2019 15:23:00.000000,,,,0.036436,
07/16/2019 15:24:00.000000,,,,0.023423,
07/16/2019 15:25:00.000000,,,,0.027464,
07/16/2019 15:26:00.000000,,,,0.027514,
07/16/2019 15:27:00.000000,,,,21.5,
07/16/2019 15:28:00.000000,,,,0.015167,
07/16/2019 15:29:00.000000,,,,24.426829,
07/16/2019 15:30:00.000000,,,,39.376744,
07/16/2019 15:31:00.000000,,,,28.45,
07/16/2019 15:32:00.000000,,,,0.021494,
07/16/2019 15:33:00.000000,,,,24.967442,
07/16/2019 15:34:00.000000,,,,0.02962,
07/16/2019 15:35:00.000000,,,,0.060371,
07/16/2019 15:36:00.000000,,,,0.050359,
07/16/2019 15:37:00.000000,,,,38.971428,
07/16/2019 15:38:00.000000,,,,32.053488,
07/16/2019 15:39:00.000000,,,,0.047124,
07/16/2019 15:40:00.000000,,,,30.54878,
07/16/2019 15:41:00.000000,,,,27.792308,
07/16/2019 15:42:00.000000,,,,23.034146,
07/16/2019 15:43:00.000000,,,,39.434146,
07/16/2019 15:44:00.000000,,,,26.007317,
07/16/2019 15:45:00.000000,,,,0.038624,
07/16/2019 15:46:00.000000,,,,29.334884,
07/16/2019 15:47:00.000000,,,,28.014286,
07/16/2019 15:48:00.000000,,,,0.043574,
07/16/2019 15:50:00.000000,,,,0.051018,
07/16/2019 15:51:00.000000,,,,0.030538,
07/16/2019 15:52:00.000000,,,,0.035025,
07/16/2019 15:53:00.000000,,,,0.048093,
07/16/2019 15:54:00.000000,,,,31.6125,
07/16/2019 15:55:00.000000,,,,0.042426,
07/16/2019 15:56:00.000000,,,,0.053229,
07/16/2019 15:57:00.000000,,,,0.030448,
07/16/2019 15:58:00.000000,,,,0.036532,
07/16/2019 15:59:00.000000,,,,29.034146,
07/16/2019 16:00:00.000000,,,,0.025095,
07/16/2019 16:01:00.000000,,,,55.919512,
07/16/2019 16:02:00.000000,,,,34.595238,
07/16/2019 16:03:00.000000,,,,44.693333,
07/16/2019 16:04:00.000000,,,,26.397561,
07/16/2019 16:05:00.000000,,,,0.081664,
07/16/2019 16:06:00.000000,,,,0.049035,
07/16/2019 16:07:00.000000,,,,38.846667,
07/16/2019 16:08:00.000000,,,,0.047975,
07/16/2019 16:10:00.000000,,,,0.068636,
07/16/2019 16:11:00.000000,,,,54.830232,
07/16/2019 16:12:00.000000,,,,0.067757,
07/16/2019 16:13:00.000000,,,,58.58,
07/16/2019 16:14:00.000000,,,,68.0125,
07/16/2019 16:15:00.000000,,,,68.597674,
07/16/2019 16:16:00.000000,,,,0.114428,
07/16/2019 16:17:00.000000,,,,67.685366,
07/16/2019 16:18:00.000000,,,,46.25,
07/16/2019 16:19:00.000000,,,,0.094856,
07/16/2019 16:20:00.000000,,,,0.084573,
07/16/2019 16:21:00.000000,,,,0.058695,
07/16/2019 16:22:00.000000,,,,0.103519,
07/16/2019 16:23:00.000000,,,,0.085198,
07/16/2019 16:24:00.000000,,,,0.085885,
07/16/2019 16:25:00.000000,,,,56.342857,
07/16/2019 16:26:00.000000,,,,79.371053,
07/16/2019 16:27:00.000000,,,,0.075834,
07/16/2019 16:28:00.000000,,,,0.036626,
07/16/2019 16:30:00.000000,,,,50.0,
07/16/2019 16:31:00.000000,,,,57.646341,
07/16/2019 16:32:00.000000,,,,0.142435,
07/16/2019 16:33:00.000000,,,,0.096263,
07/16/2019 16:34:00.000000,,,,85.131707,
07/16/2019 16:35:00.000000,,,,57.197674,
07/16/2019 16:36:00.000000,,,,66.194737,
07/16/2019 16:37:00.000000,,,,65.417391,
07/16/2019 16:38:00.000000,,,,0.066936,
07/16/2019 16:39:00.000000,,,,37.257143,
07/16/2019 16:40:00.000000,,,,64.233333,
07/16/2019 16:41:00.000000,,,,34.246341,
07/16/2019 16:42:00.000000,,,,0.050592,
07/16/2019 16:43:00.000000,,,,51.846667,
07/16/2019 16:44:00.000000,,,,47.163636,
07/16/2019 16:45:00.000000,,,,46.556098,
07/16/2019 16:46:00.000000,,,,40.295455,
07/16/2019 16:47:00.000000,,,,0.11429,
07/16/2019 16:48:00.000000,,,,0.053982,
07/16/2019 16:50:00.000000,,,,0.029773,
07/16/2019 16:51:00.000000,,,,0.038746,
07/16/2019 16:52:00.000000,,,,43.48,
07/16/2019 16:53:00.000000,,,,0.045639,
07/16/2019 16:54:00.000000,,,,41.086111,
07/16/2019 16:55:00.000000,,,,36.271429,
07/16/2019 16:56:00.000000,,,,0.034758,
07/16/2019 16:57:00.000000,,,,28.161905,
07/16/2019 16:58:00.000000,,,,0.023812,
07/16/2019 16:59:00.000000,,,,26.965,
07/16/2019 17:00:00.000000,,,,0.057954,
07/16/2019 17:01:00.000000,,,,0.0305,
07/16/2019 17:02:00.000000,,,,0.03082,
07/16/2019 17:03:00.000000,,,,30.333333,
07/16/2019 17:04:00.000000,,,,0.03894,
07/16/2019 17:05:00.000000,,,,30.788372,
07/16/2019 17:06:00.000000,,,,23.87561,
07/16/2019 17:07:00.000000,,,,0.028013,
07/16/2019 17:08:00.000000,,,,0.063901,
07/16/2019 17:10:00.000000,,,,49.263636,
07/16/2019 17:11:00.000000,,,,0.054596,
07/16/2019 17:12:00.000000,,,,44.005263,
07/16/2019 17:13:00.000000,,,,39.15122,
07/16/2019 17:14:00.000000,,,,0.044396,
07/16/2019 17:15:00.000000,,,,20.141463,
07/16/2019 17:16:00.000000,,,,0.024384,
07/16/2019 17:17:00.000000,,,,0.042682,
07/16/2019 17:18:00.000000,,,,0.034069,
07/16/2019 17:19:00.000000,,,,0.027983,
07/16/2019 17:20:00.000000,,,,24.97561,
07/16/2019 17:21:00.000000,,,,16.046341,
07/16/2019 17:22:00.000000,,,,6.44186,
07/16/2019 17:23:00.000000,,,,20.25,
07/16/2019 17:24:00.000000,,,,45.288372,
07/16/2019 17:25:00.000000,,,,29.153333,
07/16/2019 17:26:00.000000,,,,34.039024,
07/16/2019 17:27:00.000000,,,,0.02466,
07/16/2019 17:28:00.000000,,,,0.032659,
07/16/2019 17:30:00.000000,,,,40.673171,
07/16/2019 17:31:00.000000,,,,44.9,
07/16/2019 17:32:00.000000,,,,0.053944,
07/16/2019 17:33:00.000000,,,,35.632558,
07/16/2019 17:34:00.000000,,,,0.03645,
07/16/2019 17:35:00.000000,,,,0.046018,
07/16/2019 17:36:00.000000,,,,53.185714,
07/16/2019 17:37:00.000000,,,,35.4,
07/16/2019 17:38:00.000000,,,,0.050094,
07/16/2019 17:39:00.000000,,,,0.060671,
07/16/2019 17:40:00.000000,,,,0.040011,
07/16/2019 17:41:00.000000,,,,44.762791,
07/16/2019 17:42:00.000000,,,,43.007317,
07/16/2019 17:43:00.000000,,,,33.05,
07/16/2019 17:44:00.000000,,,,29.146341,
07/16/2019 17:45:00.000000,,,,0.036538,
07/16/2019 17:46:00.000000,,,,0.038514,
07/16/2019 17:47:00.000000,,,,31.985,
07/16/2019 17:48:00.000000,,,,0.027486,
07/16/2019 17:50:00.000000,,,,0.0214,
07/16/2019 17:51:00.000000,,,,0.04216,
07/16/2019 17:52:00.000000,,,,0.031375,
07/16/2019 17:53:00.000000,,,,35.106818,
07/16/2019 17:54:00.000000,,,,0.050023,
07/16/2019 17:55:00.000000,,,,0.020371,
07/16/2019 17:56:00.000000,,,,21.429268,
07/16/2019 17:57:00.000000,,,,0.039823,
07/16/2019 17:58:00.000000,,,,0.035748,
07/16/2019 17:59:00.000000,,,,0.04877,
07/16/2019 18:00:00.000000,,,,0.046334,
07/16/2019 18:01:00.000000,,,,18.034146,
07/16/2019 18:02:00.000000,,,,30.95814,
07/16/2019 18:03:00.000000,,,,36.428205,
07/16/2019 18:04:00.000000,,,,0.043326,
07/16/2019 18:05:00.000000,,,,0.041449,
07/16/2019 18:06:00.000000,,,,0.021108,
07/16/2019 18:07:00.000000,,,,29.536842,
07/16/2019 18:08:00.000000,,,,32.08,
07/16/2019 18:10:00.000000,,,,0.041871,
07/16/2019 18:11:00.000000,,,,39.825581,
07/16/2019 18:12:00.000000,,,,27.725641,
07/16/2019 18:13:00.000000,,,,21.036364,
07/16/2019 18:14:00.000000,,,,0.025862,
07/16/2019 18:15:00.000000,,,,0.042938,
07/16/2019 18:16:00.000000,,,,36.226471,
07/16/2019 18:17:00.000000,,,,28.962069,
07/16/2019 18:18:00.000000,,,,31.517073,
07/16/2019 18:19:00.000000,,,,0.043499,
07/16/2019 18:20:00.000000,,,,7.833333,
07/16/2019 18:21:00.000000,,,,0.020184,
07/16/2019 18:22:00.000000,,,,39.939024,
07/16/2019 18:23:00.000000,,,,47.714286,
07/16/2019 18:24:00.000000,,,,34.305,
07/16/2019 18:25:00.000000,,,,0.051767,
07/16/2019 18:26:00.000000,,,,0.031,
07/16/2019 18:27:00.000000,,,,17.228571,
07/16/2019 18:28:00.000000,,,,32.592683,
07/16/2019 18:29:00.000000,,,,0.029846,
07/16/2019 18:30:00.000000,,,,18.433333,
07/16/2019 18:31:00.000000,,,,0.046435,
07/16/2019 18:32:00.000000,,,,0.060855,
07/16/2019 18:33:00.000000,,,,55.465854,
07/16/2019 18:34:00.000000,,,,47.090698,
07/16/2019 18:35:00.000000,,,,0.046154,
07/16/2019 18:36:00.000000,,,,26.065909,
07/16/2019 18:37:00.000000,,,,0.069187,
07/16/2019 18:38:00.000000,,,,51.714286,
07/16/2019 18:39:00.000000,,,,0.033751,
07/16/2019 18:40:00.000000,,,,0.054056,
07/16/2019 18:41:00.000000,,,,0.032505,
07/16/2019 18:42:00.000000,,,,0.02572,
07/16/2019 18:43:00.000000,,,,0.035968,
07/16/2019 18:44:00.000000,,,,14.446341,
07/16/2019 18:45:00.000000,,,,17.230769,
07/16/2019 18:46:00.000000,,,,0.017443,
07/16/2019 18:47:00.000000,,,,21.8275,
07/16/2019 18:48:00.000000,,,,0.048628,
07/16/2019 18:49:00.000000,,,,0.034864,
07/16/2019 18:50:00.000000,,,,0.030245,
07/16/2019 18:51:00.000000,,,,48.769767,
07/16/2019 18:52:00.000000,,,,0.055221,
07/16/2019 18:53:00.000000,,,,12.405882,
07/16/2019 18:54:00.000000,,,,0.006784,
07/16/2019 18:55:00.000000,,,,29.272973,
07/16/2019 18:56:00.000000,,,,18.710526,
07/16/2019 18:57:00.000000,,,,0.045349,
07/16/2019 18:58:00.000000,,,,0.028177,
07/16/2019 18:59:00.000000,,,,20.763415,
07/16/2019 19:00:00.000000,,,,0.021987,
07/16/2019 19:01:00.000000,,,,0.018449,
07/16/2019 19:02:00.000000,,,,0.033652,
07/16/2019 19:03:00.000000,,,,15.64186,
07/16/2019 19:04:00.000000,,,,22.555,
07/16/2019 19:05:00.000000,,,,17.534483,
07/16/2019 19:06:00.000000,,,,0.020458,
07/16/2019 19:07:00.000000,,,,12.54,
07/16/2019 19:08:00.000000,,,,0.025684,
07/16/2019 19:09:00.000000,,,,22.753846,
07/16/2019 19:10:00.000000,,,,0.013261,
07/16/2019 19:11:00.000000,,,,7.365116,
07/16/2019 19:12:00.000000,,,,0.032222,
07/16/2019 19:13:00.000000,,,,0.053739,
07/16/2019 19:14:00.000000,,,,30.459091,
07/16/2019 19:15:00.000000,,,,24.058974,
07/16/2019 19:16:00.000000,,,,0.027608,
07/16/2019 19:17:00.000000,,,,0.033342,
07/16/2019 19:18:00.000000,,,,0.033527,
07/16/2019 19:19:00.000000,,,,0.045322,
07/16/2019 19:20:00.000000,,,,0.031225,
07/16/2019 19:21:00.000000,,,,0.020657,
07/16/2019 19:22:00.000000,,,,25.145,
07/16/2019 19:23:00.000000,,,,14.081818,
07/16/2019 19:24:00.000000,,,,9.453333,
07/16/2019 19:25:00.000000,,,,0.031561,
07/16/2019 19:26:00.000000,,,,0.021146,
07/16/2019 19:27:00.000000,,,,19.1,
07/16/2019 19:28:00.000000,,,,0.009707,
07/16/2019 19:30:00.000000,,,,19.453333,
07/16/2019 19:31:00.000000,,,,29.85641,
07/16/2019 19:32:00.000000,,,,7.282927,
07/16/2019 19:33:00.000000,,,,9.745,
07/16/2019 19:34:00.000000,,,,15.937209,
07/16/2019 19:35:00.000000,,,,0.017714,
07/16/2019 19:36:00.000000,,,,0.026685,
07/16/2019 19:37:00.000000,,,,0.026816,
07/16/2019 19:38:00.000000,,,,0.024478,
07/16/2019 19:39:00.000000,,,,3.97619,
07/16/2019 19:40:00.000000,,,,27.437143,
07/16/2019 19:41:00.000000,,,,0.018388,
07/16/2019 19:42:00.000000,,,,17.2,
07/16/2019 19:43:00.000000,,,,15.163636,
07/16/2019 19:44:00.000000,,,,0.009972,
07/16/2019 19:45:00.000000,,,,17.073171,
07/16/2019 19:46:00.000000,,,,0.022379,
07/16/2019 19:47:00.000000,,,,16.044737,
07/16/2019 19:48:00.000000,,,,17.180488,
07/16/2019 19:49:00.000000,,,,0.011808,
07/16/2019 19:50:00.000000,,,,15.242857,
07/16/2019 19:51:00.000000,,,,11.790909,
07/16/2019 19:52:00.000000,,,,25.876316,
07/16/2019 19:53:00.000000,,,,0.035428,
07/16/2019 19:54:00.000000,,,,8.234146,
07/16/2019 19:55:00.000000,,,,0.016432,
07/16/2019 19:56:00.000000,,,,0.004315,
07/16/2019 19:57:00.000000,,,,0.013777,
07/16/2019 19:58:00.000000,,,,0.012473,
07/16/2019 19:59:00.000000,,,,2.053333,
07/16/2019 20:00:00.000000,,,,0.009167,
07/16/2019 20:01:00.000000,,,,13.314286,
07/16/2019 20:02:00.000000,,,,11.016667,
07/16/2019 20:03:00.000000,,,,9.539535,
07/16/2019 20:04:00.000000,,,,0.017898,
07/16/2019 20:05:00.000000,,,,7.728571,
07/16/2019 20:06:00.000000,,,,0.01406,
07/16/2019 20:07:00.000000,,,,0.010435,
07/16/2019 20:08:00.000000,,,,0.019482,
07/16/2019 20:10:00.000000,,,,0.010056,
07/16/2019 20:11:00.000000,,,,11.644186,
07/16/2019 20:12:00.000000,,,,11.075,
07/16/2019 20:13:00.000000,,,,6.334146,
07/16/2019 20:14:00.000000,,,,9.884615,
07/16/2019 20:15:00.000000,,,,7.185,
07/16/2019 20:16:00.000000,,,,9.190909,
07/16/2019 20:17:00.000000,,,,0.004354,
07/16/2019 20:18:00.000000,,,,0.009339,
07/16/2019 20:19:00.000000,,,,16.342857,
07/16/2019 20:20:00.000000,,,,6.6,
07/16/2019 20:21:00.000000,,,,0.006639,
07/16/2019 20:22:00.000000,,,,0.013689,
07/16/2019 20:23:00.000000,,,,0.002692,
07/16/2019 20:24:00.000000,,,,5.041463,
07/16/2019 20:25:00.000000,,,,7.74878,
07/16/2019 20:26:00.000000,,,,0.008384,
07/16/2019 20:27:00.000000,,,,0.004583,
07/16/2019 20:28:00.000000,,,,0.014245,
07/16/2019 20:29:00.000000,,,,0.005307,
07/16/2019 20:30:00.000000,,,,0.008732,
07/16/2019 20:31:00.000000,,,,0.009254,
07/16/2019 20:32:00.000000,,,,0.002566,
07/16/2019 20:33:00.000000,,,,3.261905,
07/16/2019 20:34:00.000000,,,,0.002708,
07/16/2019 20:35:00.000000,,,,0.006753,
07/16/2019 20:36:00.000000,,,,3.146154,
07/16/2019 20:37:00.000000,,,,0.019204,
07/16/2019 20:38:00.000000,,,,0.010928,
07/16/2019 20:39:00.000000,,,,2.3,
07/16/2019 20:40:00.000000,,,,7.985366,
07/16/2019 20:41:00.000000,,,,4.965116,
07/16/2019 20:42:00.000000,,,,0.002131,
07/16/2019 20:43:00.000000,,,,4.538462,
07/16/2019 20:44:00.000000,,,,9.477778,
07/16/2019 20:45:00.000000,,,,0.041488,
07/16/2019 20:46:00.000000,,,,12.373171,
07/16/2019 20:47:00.000000,,,,0.006201,
07/16/2019 20:48:00.000000,,,,0.01241,
07/16/2019 20:49:00.000000,,,,0.007767,
07/16/2019 20:50:00.000000,,,,2.252381,
07/16/2019 20:51:00.000000,,,,5.641463,
07/16/2019 20:52:00.000000,,,,0.016057,
07/16/2019 20:53:00.000000,,,,0.005926,
07/16/2019 20:54:00.000000,,,,1.597619,
07/16/2019 20:55:00.000000,,,,0.016944,
07/16/2019 20:56:00.000000,,,,8.933333,
07/16/2019 20:57:00.000000,,,,0.002882,
07/16/2019 20:58:00.000000,,,,6.168571,
07/16/2019 20:59:00.000000,,,,2.085366,
07/16/2019 21:00:00.000000,,,,5.145714,
07/16/2019 21:01:00.000000,,,,0.003384,
07/16/2019 21:02:00.000000,,,,6.973684,
07/16/2019 21:03:00.000000,,,,12.875,
07/16/2019 21:04:00.000000,,,,6.127027,
07/16/2019 21:05:00.000000,,,,0.002064,
07/16/2019 21:06:00.000000,,,,6.736957,
07/16/2019 21:07:00.000000,,,,0.021591,
07/16/2019 21:08:00.000000,,,,0.014689,
07/16/2019 21:09:00.000000,,,,18.1,
07/16/2019 21:10:00.000000,,,,31.697619,
07/16/2019 21:11:00.000000,,,,45.780488,
07/16/2019 21:12:00.000000,,,,36.271429,
07/16/2019 21:13:00.000000,,,,44.685714,
07/16/2019 21:14:00.000000,,,,0.017231,
07/16/2019 21:15:00.000000,,,,12.942857,
07/16/2019 21:16:00.000000,,,,0.025511,
07/16/2019 21:17:00.000000,,,,0.04727,
07/16/2019 21:18:00.000000,,,,0.04727,
07/16/2019 21:19:00.000000,,,,19.537931,
07/16/2019 21:20:00.000000,,,,0.0102,
07/16/2019 21:21:00.000000,,,,10.15814,
07/16/2019 21:22:00.000000,,,,25.614634,
07/16/2019 21:23:00.000000,,,,0.037296,
07/16/2019 21:24:00.000000,,,,0.050785,
07/16/2019 21:25:00.000000,,,,28.476923,
07/16/2019 21:26:00.000000,,,,0.029748,
07/16/2019 21:27:00.000000,,,,26.9,
07/16/2019 21:28:00.000000,,,,22.065854,
07/16/2019 21:29:00.000000,,,,0.024458,
07/16/2019 21:30:00.000000,,,,22.015555,
07/16/2019 21:31:00.000000,,,,0.023828,
07/16/2019 21:32:00.000000,,,,27.342857,
07/16/2019 21:33:00.000000,,,,14.2,
07/16/2019 21:34:00.000000,,,,0.023307,
07/16/2019 21:35:00.000000,,,,0.024676,
07/16/2019 21:36:00.000000,,,,0.017898,
07/16/2019 21:37:00.000000,,,,23.276923,
07/16/2019 21:38:00.000000,,,,7.273171,
07/16/2019 21:39:00.000000,,,,0.021982,
07/16/2019 21:40:00.000000,,,,0.017355,
07/16/2019 21:41:00.000000,,,,9.509524,
07/16/2019 21:42:00.000000,,,,0.02031,
07/16/2019 21:43:00.000000,,,,0.01194,
07/16/2019 21:44:00.000000,,,,0.029926,
07/16/2019 21:45:00.000000,,,,17.25,
07/16/2019 21:46:00.000000,,,,25.206977,
07/16/2019 21:47:00.000000,,,,17.147368,
07/16/2019 21:48:00.000000,,,,25.317021,
07/16/2019 21:49:00.000000,,,,37.104545,
07/16/2019 21:50:00.000000,,,,0.020704,
07/16/2019 21:51:00.000000,,,,0.026163,
07/16/2019 21:52:00.000000,,,,0.011157,
07/16/2019 21:53:00.000000,,,,13.89,
07/16/2019 21:54:00.000000,,,,11.614286,
07/16/2019 21:55:00.000000,,,,0.035341,
07/16/2019 21:56:00.000000,,,,19.625,
07/16/2019 21:57:00.000000,,,,0.029382,
07/16/2019 21:58:00.000000,,,,24.8,
07/16/2019 21:59:00.000000,,,,0.023053,
07/16/2019 22:00:00.000000,,,,8.5,
07/16/2019 22:01:00.000000,,,,7.314286,
07/16/2019 22:02:00.000000,,,,6.327907,
07/16/2019 22:03:00.000000,,,,0.009288,
07/16/2019 22:04:00.000000,,,,14.8,
07/16/2019 22:05:00.000000,,,,6.255,
07/16/2019 22:06:00.000000,,,,10.05,
07/16/2019 22:07:00.000000,,,,0.022876,
07/16/2019 22:08:00.000000,,,,0.01333,
07/16/2019 22:09:00.000000,,,,12.125581,
07/16/2019 22:10:00.000000,,,,17.97381,
07/16/2019 22:11:00.000000,,,,0.017855,
07/16/2019 22:12:00.000000,,,,0.011641,
07/16/2019 22:13:00.000000,,,,9.128571,
07/16/2019 22:14:00.000000,,,,7.619512,
07/16/2019 22:15:00.000000,,,,18.269767,
07/16/2019 22:16:00.000000,,,,0.008639,
07/16/2019 22:17:00.000000,,,,0.002614,
07/16/2019 22:18:00.000000,,,,0.041231,
07/16/2019 22:19:00.000000,,,,0.024255,
07/16/2019 22:20:00.000000,,,,0.019861,
07/16/2019 22:21:00.000000,,,,0.01582,
07/16/2019 22:22:00.000000,,,,3.1125,
07/16/2019 22:23:00.000000,,,,0.002589,
07/16/2019 22:24:00.000000,,,,11.9,
07/16/2019 22:25:00.000000,,,,17.029268,
07/16/2019 22:26:00.000000,,,,0.017335,
07/16/2019 22:27:00.000000,,,,0.029085,
07/16/2019 22:28:00.000000,,,,6.126667,
07/16/2019 22:29:00.000000,,,,0.016021,
07/16/2019 22:30:00.000000,,,,0.00333,
07/16/2019 22:31:00.000000,,,,8.493023,
07/16/2019 22:32:00.000000,,,,0.00448,
07/16/2019 22:33:00.000000,,,,0.008061,
07/16/2019 22:34:00.000000,,,,15.62093,
07/16/2019 22:35:00.000000,,,,0.011561,
07/16/2019 22:36:00.000000,,,,0.003202,
07/16/2019 22:37:00.000000,,,,0.013678,
07/16/2019 22:38:00.000000,,,,0.010162,
07/16/2019 22:39:00.000000,,,,0.024261,
07/16/2019 22:40:00.000000,,,,0.014544,
07/16/2019 22:41:00.000000,,,,15.385714,
07/16/2019 22:42:00.000000,,,,0.009904,
07/16/2019 22:43:00.000000,,,,0.042379,
07/16/2019 22:44:00.000000,,,,11.2625,
07/16/2019 22:45:00.000000,,,,23.762857,
07/16/2019 22:46:00.000000,,,,5.257143,
07/16/2019 22:47:00.000000,,,,0.012031,
07/16/2019 22:48:00.000000,,,,0.011344,
07/16/2019 22:49:00.000000,,,,2.72093,
07/16/2019 22:50:00.000000,,,,0.011506,
07/16/2019 22:51:00.000000,,,,0.037204,
07/16/2019 22:52:00.000000,,,,15.575,
07/16/2019 22:53:00.000000,,,,9.894118,
07/16/2019 22:54:00.000000,,,,2.1625,
07/16/2019 22:55:00.000000,,,,0.009328,
07/16/2019 22:56:00.000000,,,,7.451429,
07/16/2019 22:57:00.000000,,,,0.014269,
07/16/2019 22:58:00.000000,,,,0.003608,
07/16/2019 22:59:00.000000,,,,4.189474,
07/16/2019 23:00:00.000000,,,,5.480952,
07/16/2019 23:01:00.000000,,,,8.766667,
07/16/2019 23:02:00.000000,,,,5.246512,
07/16/2019 23:03:00.000000,,,,12.561765,
07/16/2019 23:04:00.000000,,,,0.007964,
07/16/2019 23:05:00.000000,,,,0.016296,
07/16/2019 23:06:00.000000,,,,19.738095,
07/16/2019 23:07:00.000000,,,,3.785714,
07/16/2019 23:08:00.000000,,,,1.435897,
07/16/2019 23:10:00.000000,,,,1.97381,
07/16/2019 23:11:00.000000,,,,10.504878,
07/16/2019 23:12:00.000000,,,,8.386364,
07/16/2019 23:13:00.000000,,,,0.021401,
07/16/2019 23:14:00.000000,,,,0.032681,
07/16/2019 23:15:00.000000,,,,0.013098,
07/16/2019 23:16:00.000000,,,,0.002911,
07/16/2019 23:17:00.000000,,,,5.675,
07/16/2019 23:18:00.000000,,,,0.011315,
07/16/2019 23:19:00.000000,,,,0.007824,
07/16/2019 23:20:00.000000,,,,3.84878,
07/16/2019 23:21:00.000000,,,,0.014199,
07/16/2019 23:22:00.000000,,,,0.00645,
07/16/2019 23:23:00.000000,,,,0.002193,
07/16/2019 23:24:00.000000,,,,5.557143,
07/16/2019 23:25:00.000000,,,,0.013244,
07/16/2019 23:26:00.000000,,,,3.922857,
07/16/2019 23:27:00.000000,,,,1.938095,
07/16/2019 23:28:00.000000,,,,5.042857,
07/16/2019 23:30:00.000000,,,,15.229032,
07/16/2019 23:31:00.000000,,,,0.01424,
07/16/2019 23:32:00.000000,,,,0.003973,
07/16/2019 23:33:00.000000,,,,0.014691,
07/16/2019 23:34:00.000000,,,,0.014561,
07/16/2019 23:35:00.000000,,,,0.011122,
07/16/2019 23:36:00.000000,,,,0.004367,
07/16/2019 23:37:00.000000,,,,3.836364,
07/16/2019 23:38:00.000000,,,,0.009187,
07/16/2019 23:39:00.000000,,,,0.007287,
07/16/2019 23:40:00.000000,,,,6.6,
07/16/2019 23:41:00.000000,,,,0.009845,
07/16/2019 23:42:00.000000,,,,2.690244,
07/16/2019 23:43:00.000000,,,,0.00915,
07/16/2019 23:44:00.000000,,,,7.45814,
07/16/2019 23:45:00.000000,,,,11.6875,
07/16/2019 23:46:00.000000,,,,0.012172,
07/16/2019 23:47:00.000000,,,,0.003,
07/16/2019 23:48:00.000000,,,,0.004778,
07/16/2019 23:49:00.000000,,,,4.897436,
07/16/2019 23:50:00.000000,,,,6.621951,
07/16/2019 23:51:00.000000,,,,7.690244,
07/16/2019 23:52:00.000000,,,,0.023774,
07/16/2019 23:53:00.000000,,,,21.121429,
07/16/2019 23:54:00.000000,,,,0.016791,
07/16/2019 23:55:00.000000,,,,0.008298,
07/16/2019 23:56:00.000000,,,,0.012205,
07/16/2019 23:57:00.000000,,,,0.028489,
07/16/2019 23:58:00.000000,,,,19.881818,
07/16/2019 23:59:00.000000,,,,0.014271,
07/17/2019 00:00:00.000000,,,,0.020274,
07/17/2019 00:01:00.000000,,,,0.017028,
07/17/2019 00:02:00.000000,,,,5.457447,
07/17/2019 00:03:00.000000,,,,0.008028,
07/17/2019 00:04:00.000000,,,,7.07037,
07/17/2019 00:05:00.000000,,,,0.015427,
07/17/2019 00:06:00.000000,,,,1.531429,
07/17/2019 00:07:00.000000,,,,0.008988,
07/17/2019 00:08:00.000000,,,,7.14359,
07/17/2019 00:09:00.000000,,,,7.928571,
07/17/2019 00:10:00.000000,,,,0.008492,
07/17/2019 00:11:00.000000,,,,0.008088,
07/17/2019 00:12:00.000000,,,,0.003978,
07/17/2019 00:13:00.000000,,,,0.012911,
07/17/2019 00:14:00.000000,,,,5.911628,
07/17/2019 00:15:00.000000,,,,0.010726,
07/17/2019 00:16:00.000000,,,,0.004017,
07/17/2019 00:17:00.000000,,,,11.705405,
07/17/2019 00:18:00.000000,,,,0.003278,
07/17/2019 00:19:00.000000,,,,0.009481,
07/17/2019 00:20:00.000000,,,,0.019333,
07/17/2019 00:21:00.000000,,,,3.014286,
07/17/2019 00:22:00.000000,,,,0.019184,
07/17/2019 00:23:00.000000,,,,0.014324,
07/17/2019 00:24:00.000000,,,,1.531429,
07/17/2019 00:25:00.000000,,,,0.004713,
07/17/2019 00:26:00.000000,,,,0.008058,
07/17/2019 00:27:00.000000,,,,5.346341,
07/17/2019 00:28:00.000000,,,,8.175,
07/17/2019 00:29:00.000000,,,,0.007382,
07/17/2019 00:30:00.000000,,,,0.006935,
07/17/2019 00:31:00.000000,,,,18.537209,
07/17/2019 00:32:00.000000,,,,0.012162,
07/17/2019 00:33:00.000000,,,,0.006603,
07/17/2019 00:34:00.000000,,,,0.001708,
07/17/2019 00:35:00.000000,,,,0.005719,
07/17/2019 00:36:00.000000,,,,0.006487,
07/17/2019 00:37:00.000000,,,,5.246667,
07/17/2019 00:38:00.000000,,,,0.018153,
07/17/2019 00:39:00.000000,,,,8.571429,
07/17/2019 00:40:00.000000,,,,11.765,
07/17/2019 00:41:00.000000,,,,5.5,
07/17/2019 00:42:00.000000,,,,1.737209,
07/17/2019 00:43:00.000000,,,,0.001373,
07/17/2019 00:44:00.000000,,,,1.084615,
07/17/2019 00:45:00.000000,,,,0.019296,
07/17/2019 00:46:00.000000,,,,5.175862,
07/17/2019 00:47:00.000000,,,,0.002484,
07/17/2019 00:48:00.000000,,,,0.010057,
07/17/2019 00:50:00.000000,,,,0.007023,
07/17/2019 00:51:00.000000,,,,7.673171,
07/17/2019 00:52:00.000000,,,,0.030418,
07/17/2019 00:53:00.000000,,,,5.134375,
07/17/2019 00:54:00.000000,,,,2.372727,
07/17/2019 00:55:00.000000,,,,0.001937,
07/17/2019 00:56:00.000000,,,,0.00785,
07/17/2019 00:57:00.000000,,,,8.02093,
07/17/2019 00:58:00.000000,,,,5.657143,
07/17/2019 00:59:00.000000,,,,8.54878,
07/17/2019 01:00:00.000000,,,,0.030883,
07/17/2019 01:01:00.000000,,,,0.016626,
07/17/2019 01:02:00.000000,,,,6.672973,
07/17/2019 01:03:00.000000,,,,9.471429,
07/17/2019 01:04:00.000000,,,,4.275758,
07/17/2019 01:05:00.000000,,,,2.056098,
07/17/2019 01:06:00.000000,,,,4.697561,
07/17/2019 01:07:00.000000,,,,0.005789,
07/17/2019 01:08:00.000000,,,,0.015674,
07/17/2019 01:10:00.000000,,,,0.005991,
07/17/2019 01:11:00.000000,,,,0.009359,
07/17/2019 01:12:00.000000,,,,0.019782,
07/17/2019 01:13:00.000000,,,,5.604762,
07/17/2019 01:14:00.000000,,,,8.35122,
07/17/2019 01:15:00.000000,,,,9.068421,
07/17/2019 01:16:00.000000,,,,0.016423,
07/17/2019 01:17:00.000000,,,,41.931818,
07/17/2019 01:18:00.000000,,,,0.012247,
07/17/2019 01:19:00.000000,,,,0.005525,
07/17/2019 01:20:00.000000,,,,0.006519,
07/17/2019 01:21:00.000000,,,,9.302439,
07/17/2019 01:22:00.000000,,,,0.004496,
07/17/2019 01:23:00.000000,,,,0.007771,
07/17/2019 01:24:00.000000,,,,2.643243,
07/17/2019 01:25:00.000000,,,,1.493023,
07/17/2019 01:26:00.000000,,,,2.573171,
07/17/2019 01:27:00.000000,,,,0.005639,
07/17/2019 01:28:00.000000,,,,0.00617,
07/17/2019 01:29:00.000000,,,,0.005013,
07/17/2019 01:30:00.000000,,,,10.2625,
07/17/2019 01:31:00.000000,,,,0.007768,
07/17/2019 01:32:00.000000,,,,2.284211,
07/17/2019 01:33:00.000000,,,,10.033333,
07/17/2019 01:34:00.000000,,,,2.81875,
07/17/2019 01:35:00.000000,,,,0.021472,
07/17/2019 01:36:00.000000,,,,0.015211,
07/17/2019 01:37:00.000000,,,,14.797143,
07/17/2019 01:38:00.000000,,,,11.425,
07/17/2019 01:39:00.000000,,,,5.042857,
07/17/2019 01:40:00.000000,,,,0.010366,
07/17/2019 01:41:00.000000,,,,0.005275,
07/17/2019 01:42:00.000000,,,,0.012641,
07/17/2019 01:43:00.000000,,,,8.895349,
07/17/2019 01:44:00.000000,,,,7.419512,
07/17/2019 01:45:00.000000,,,,0.011562,
07/17/2019 01:46:00.000000,,,,2.814286,
07/17/2019 01:47:00.000000,,,,10.954545,
07/17/2019 01:48:00.000000,,,,0.035109,
07/17/2019 01:49:00.000000,,,,0.01251,
07/17/2019 01:50:00.000000,,,,2.584615,
07/17/2019 01:51:00.000000,,,,9.707692,
07/17/2019 01:52:00.000000,,,,0.003254,
07/17/2019 01:53:00.000000,,,,7.257895,
07/17/2019 01:54:00.000000,,,,12.34186,
07/17/2019 01:55:00.000000,,,,7.65,
07/17/2019 01:56:00.000000,,,,6.190909,
07/17/2019 01:57:00.000000,,,,9.111628,
07/17/2019 01:58:00.000000,,,,0.00856,
07/17/2019 01:59:00.000000,,,,0.007198,
07/17/2019 02:00:00.000000,,,,4.783333,
07/17/2019 02:01:00.000000,,,,5.289474,
07/17/2019 02:02:00.000000,,,,4.229268,
07/17/2019 02:03:00.000000,,,,0.017484,
07/17/2019 02:04:00.000000,,,,7.28,
07/17/2019 02:05:00.000000,,,,0.008476,
07/17/2019 02:06:00.000000,,,,0.00531,
07/17/2019 02:07:00.000000,,,,0.006025,
07/17/2019 02:08:00.000000,,,,0.016145,
07/17/2019 02:09:00.000000,,,,0.015171,
07/17/2019 02:10:00.000000,,,,5.51,
07/17/2019 02:11:00.000000,,,,0.005202,
07/17/2019 02:12:00.000000,,,,10.22439,
07/17/2019 02:13:00.000000,,,,14.619512,
07/17/2019 02:14:00.000000,,,,0.006988,
07/17/2019 02:15:00.000000,,,,6.122857,
07/17/2019 02:16:00.000000,,,,0.007112,
07/17/2019 02:17:00.000000,,,,5.527027,
07/17/2019 02:18:00.000000,,,,11.830769,
07/17/2019 02:19:00.000000,,,,0.004774,
07/17/2019 02:20:00.000000,,,,0.005908,
07/17/2019 02:21:00.000000,,,,0.007326,
07/17/2019 02:22:00.000000,,,,2.804762,
07/17/2019 02:23:00.000000,,,,2.057143,
07/17/2019 02:24:00.000000,,,,0.010973,
07/17/2019 02:25:00.000000,,,,0.020182,
07/17/2019 02:26:00.000000,,,,5.139535,
07/17/2019 02:27:00.000000,,,,1.922727,
07/17/2019 02:28:00.000000,,,,5.2,
07/17/2019 02:29:00.000000,,,,0.011398,
07/17/2019 02:30:00.000000,,,,3.234286,
07/17/2019 02:31:00.000000,,,,4.293023,
07/17/2019 02:32:00.000000,,,,0.003617,
07/17/2019 02:33:00.000000,,,,0.016419,
07/17/2019 02:34:00.000000,,,,20.969767,
07/17/2019 02:35:00.000000,,,,0.015964,
07/17/2019 02:36:00.000000,,,,0.00869,
07/17/2019 02:37:00.000000,,,,6.17561,
07/17/2019 02:38:00.000000,,,,2.873171,
07/17/2019 02:39:00.000000,,,,2.172093,
07/17/2019 02:40:00.000000,,,,9.685714,
07/17/2019 02:41:00.000000,,,,0.008846,
07/17/2019 02:42:00.000000,,,,0.016726,
07/17/2019 02:43:00.000000,,,,15.969231,
07/17/2019 02:44:00.000000,,,,0.025625,
07/17/2019 02:45:00.000000,,,,0.015741,
07/17/2019 02:46:00.000000,,,,6.409524,
07/17/2019 02:47:00.000000,,,,0.007182,
07/17/2019 02:48:00.000000,,,,0.007563,
07/17/2019 02:50:00.000000,,,,0.021099,
07/17/2019 02:51:00.000000,,,,0.016546,
07/17/2019 02:52:00.000000,,,,0.015848,
07/17/2019 02:53:00.000000,,,,4.573171,
07/17/2019 02:54:00.000000,,,,0.017456,
07/17/2019 02:55:00.000000,,,,0.010793,
07/17/2019 02:56:00.000000,,,,0.01132,
07/17/2019 02:57:00.000000,,,,3.948649,
07/17/2019 02:58:00.000000,,,,2.397778,
07/17/2019 02:59:00.000000,,,,0.002603,
07/17/2019 03:00:00.000000,,,,2.62439,
07/17/2019 03:01:00.000000,,,,0.00571,
07/17/2019 03:02:00.000000,,,,0.003242,
07/17/2019 03:03:00.000000,,,,9.374419,
07/17/2019 03:04:00.000000,,,,12.927907,
07/17/2019 03:05:00.000000,,,,11.8975,
07/17/2019 03:06:00.000000,,,,13.559459,
07/17/2019 03:07:00.000000,,,,6.373171,
07/17/2019 03:08:00.000000,,,,0.003867,
07/17/2019 03:09:00.000000,,,,0.006729,
07/17/2019 03:10:00.000000,,,,0.009055,
07/17/2019 03:11:00.000000,,,,7.322222,
07/17/2019 03:12:00.000000,,,,16.204762,
07/17/2019 03:13:00.000000,,,,7.142553,
07/17/2019 03:14:00.000000,,,,2.4375,
07/17/2019 03:15:00.000000,,,,0.002113,
07/17/2019 03:16:00.000000,,,,5.866667,
07/17/2019 03:17:00.000000,,,,9.527907,
07/17/2019 03:18:00.000000,,,,0.014224,
07/17/2019 03:19:00.000000,,,,0.008324,
07/17/2019 03:20:00.000000,,,,7.348,
07/17/2019 03:21:00.000000,,,,0.012298,
07/17/2019 03:22:00.000000,,,,0.006889,
07/17/2019 03:23:00.000000,,,,10.817073,
07/17/2019 03:24:00.000000,,,,0.004683,
07/17/2019 03:25:00.000000,,,,8.625581,
07/17/2019 03:26:00.000000,,,,9.788095,
07/17/2019 03:27:00.000000,,,,0.01948,
07/17/2019 03:28:00.000000,,,,0.00897,
07/17/2019 03:30:00.000000,,,,2.757895,
07/17/2019 03:31:00.000000,,,,0.008147,
07/17/2019 03:32:00.000000,,,,3.054545,
07/17/2019 03:33:00.000000,,,,7.436585,
07/17/2019 03:34:00.000000,,,,0.010616,
07/17/2019 03:35:00.000000,,,,3.085714,
07/17/2019 03:36:00.000000,,,,12.330952,
07/17/2019 03:37:00.000000,,,,0.012811,
07/17/2019 03:38:00.000000,,,,0.005065,
07/17/2019 03:39:00.000000,,,,2.025,
07/17/2019 03:40:00.000000,,,,0.006859,
07/17/2019 03:41:00.000000,,,,0.004021,
07/17/2019 03:42:00.000000,,,,0.020805,
07/17/2019 03:43:00.000000,,,,0.016083,
07/17/2019 03:44:00.000000,,,,0.013469,
07/17/2019 03:45:00.000000,,,,0.004216,
07/17/2019 03:46:00.000000,,,,5.842857,
07/17/2019 03:47:00.000000,,,,0.002772,
07/17/2019 03:48:00.000000,,,,0.004743,
07/17/2019 03:50:00.000000,,,,0.034632,
07/17/2019 03:51:00.000000,,,,7.5875,
07/17/2019 03:52:00.000000,,,,0.004279,
07/17/2019 03:53:00.000000,,,,0.012775,
07/17/2019 03:54:00.000000,,,,3.9,
07/17/2019 03:55:00.000000,,,,6.930769,
07/17/2019 03:56:00.000000,,,,11.742857,
07/17/2019 03:57:00.000000,,,,0.018128,
07/17/2019 03:58:00.000000,,,,36.268293,
07/17/2019 03:59:00.000000,,,,10.215385,
07/17/2019 04:00:00.000000,,,,2.875,
07/17/2019 04:01:00.000000,,,,2.068182,
07/17/2019 04:02:00.000000,,,,0.009821,
07/17/2019 04:03:00.000000,,,,0.01121,
07/17/2019 04:04:00.000000,,,,3.345,
07/17/2019 04:05:00.000000,,,,0.018315,
07/17/2019 04:06:00.000000,,,,0.01021,
07/17/2019 04:07:00.000000,,,,31.302439,
07/17/2019 04:08:00.000000,,,,20.782609,
07/17/2019 04:09:00.000000,,,,0.02701,
07/17/2019 04:10:00.000000,,,,5.443902,
07/17/2019 04:11:00.000000,,,,8.502326,
07/17/2019 04:12:00.000000,,,,0.016695,
07/17/2019 04:13:00.000000,,,,9.657143,
07/17/2019 04:14:00.000000,,,,0.012535,
07/17/2019 04:15:00.000000,,,,14.68,
07/17/2019 04:16:00.000000,,,,0.007432,
07/17/2019 04:17:00.000000,,,,0.010113,
07/17/2019 04:18:00.000000,,,,9.378049,
07/17/2019 04:19:00.000000,,,,0.005509,
07/17/2019 04:20:00.000000,,,,10.204545,
07/17/2019 04:21:00.000000,,,,0.00972,
07/17/2019 04:22:00.000000,,,,4.830769,
07/17/2019 04:23:00.000000,,,,0.003585,
07/17/2019 04:24:00.000000,,,,1.853846,
07/17/2019 04:25:00.000000,,,,3.886364,
07/17/2019 04:26:00.000000,,,,0.004363,
07/17/2019 04:27:00.000000,,,,0.002781,
07/17/2019 04:28:00.000000,,,,0.03269,
07/17/2019 04:30:00.000000,,,,0.005771,
07/17/2019 04:31:00.000000,,,,5.897619,
07/17/2019 04:32:00.000000,,,,0.007685,
07/17/2019 04:33:00.000000,,,,0.019004,
07/17/2019 04:34:00.000000,,,,3.742857,
07/17/2019 04:35:00.000000,,,,5.357143,
07/17/2019 04:36:00.000000,,,,0.002698,
07/17/2019 04:37:00.000000,,,,0.003307,
07/17/2019 04:38:00.000000,,,,7.346512,
07/17/2019 04:39:00.000000,,,,0.006625,
07/17/2019 04:40:00.000000,,,,0.002257,
07/17/2019 04:41:00.000000,,,,0.017135,
07/17/2019 04:42:00.000000,,,,7.412195,
07/17/2019 04:43:00.000000,,,,0.011086,
07/17/2019 04:44:00.000000,,,,0.01077,
07/17/2019 04:45:00.000000,,,,5.206667,
07/17/2019 04:46:00.000000,,,,10.684615,
07/17/2019 04:47:00.000000,,,,0.009532,
07/17/2019 04:48:00.000000,,,,0.009867,
07/17/2019 04:50:00.000000,,,,0.0028,
07/17/2019 04:51:00.000000,,,,0.002275,
07/17/2019 04:52:00.000000,,,,2.153488,
07/17/2019 04:53:00.000000,,,,0.022152,
07/17/2019 04:54:00.000000,,,,5.452632,
07/17/2019 04:55:00.000000,,,,3.4,
07/17/2019 04:56:00.000000,,,,0.002602,
07/17/2019 04:57:00.000000,,,,0.002854,
07/17/2019 04:58:00.000000,,,,0.015908,
07/17/2019 04:59:00.000000,,,,10.75,
07/17/2019 05:00:00.000000,,,,0.010294,
07/17/2019 05:01:00.000000,,,,0.010284,
07/17/2019 05:02:00.000000,,,,5.939535,
07/17/2019 05:03:00.000000,,,,0.011059,
07/17/2019 05:04:00.000000,,,,0.027218,
07/17/2019 05:05:00.000000,,,,0.028307,
07/17/2019 05:06:00.000000,,,,0.009614,
07/17/2019 05:07:00.000000,,,,0.008608,
07/17/2019 05:08:00.000000,,,,0.011551,
07/17/2019 05:10:00.000000,,,,0.017185,
07/17/2019 05:11:00.000000,,,,0.011572,
07/17/2019 05:12:00.000000,,,,15.8,
07/17/2019 05:13:00.000000,,,,14.269048,
07/17/2019 05:14:00.000000,,,,19.823077,
07/17/2019 05:15:00.000000,,,,14.985714,
07/17/2019 05:16:00.000000,,,,11.709524,
07/17/2019 05:17:00.000000,,,,12.629268,
07/17/2019 05:18:00.000000,,,,9.463415,
07/17/2019 05:19:00.000000,,,,9.0,
07/17/2019 05:20:00.000000,,,,0.007844,
07/17/2019 05:21:00.000000,,,,0.007761,
07/17/2019 05:22:00.000000,,,,0.00502,
07/17/2019 05:23:00.000000,,,,0.004424,
07/17/2019 05:24:00.000000,,,,3.333333,
07/17/2019 05:25:00.000000,,,,2.787805,
07/17/2019 05:26:00.000000,,,,6.739024,
07/17/2019 05:27:00.000000,,,,11.242857,
07/17/2019 05:28:00.000000,,,,0.004236,
07/17/2019 05:29:00.000000,,,,0.005794,
07/17/2019 05:30:00.000000,,,,2.623256,
07/17/2019 05:31:00.000000,,,,5.195238,
07/17/2019 05:32:00.000000,,,,7.742857,
07/17/2019 05:33:00.000000,,,,2.938462,
07/17/2019 05:34:00.000000,,,,0.002416,
07/17/2019 05:35:00.000000,,,,13.168293,
07/17/2019 05:36:00.000000,,,,6.114286,
07/17/2019 05:37:00.000000,,,,6.57381,
07/17/2019 05:38:00.000000,,,,3.263158,
07/17/2019 05:39:00.000000,,,,13.8375,
07/17/2019 05:40:00.000000,,,,0.007468,
07/17/2019 05:41:00.000000,,,,0.007353,
07/17/2019 05:42:00.000000,,,,0.003399,
07/17/2019 05:43:00.000000,,,,0.008995,
07/17/2019 05:44:00.000000,,,,0.006202,
07/17/2019 05:45:00.000000,,,,0.007781,
07/17/2019 05:46:00.000000,,,,3.045,
07/17/2019 05:47:00.000000,,,,1.883721,
07/17/2019 05:48:00.000000,,,,0.018826,
07/17/2019 05:49:00.000000,,,,7.070455,
07/17/2019 05:50:00.000000,,,,0.005449,
07/17/2019 05:51:00.000000,,,,0.00274,
07/17/2019 05:52:00.000000,,,,0.008033,
07/17/2019 05:53:00.000000,,,,0.007269,
07/17/2019 05:54:00.000000,,,,0.002782,
07/17/2019 05:55:00.000000,,,,0.014246,
07/17/2019 05:56:00.000000,,,,0.005776,
07/17/2019 05:57:00.000000,,,,0.007154,
07/17/2019 05:58:00.000000,,,,0.007164,
07/17/2019 05:59:00.000000,,,,0.006558,
07/17/2019 06:00:00.000000,,,,0.021621,
07/17/2019 06:01:00.000000,,,,0.020629,
07/17/2019 06:02:00.000000,,,,0.007771,
07/17/2019 06:03:00.000000,,,,5.2125,
07/17/2019 06:04:00.000000,,,,15.697674,
07/17/2019 06:05:00.000000,,,,14.646512,
07/17/2019 06:06:00.000000,,,,3.4375,
07/17/2019 06:07:00.000000,,,,1.9,
07/17/2019 06:08:00.000000,,,,1.725,
07/17/2019 06:09:00.000000,,,,6.033333,
07/17/2019 06:10:00.000000,,,,0.003954,
07/17/2019 06:11:00.000000,,,,0.007154,
07/17/2019 06:12:00.000000,,,,0.009486,
07/17/2019 06:13:00.000000,,,,0.014956,
07/17/2019 06:14:00.000000,,,,0.014632,
07/17/2019 06:15:00.000000,,,,3.234146,
07/17/2019 06:16:00.000000,,,,3.914286,
07/17/2019 06:17:00.000000,,,,0.008263,
07/17/2019 06:18:00.000000,,,,13.345,
07/17/2019 06:19:00.000000,,,,3.243182,
07/17/2019 06:20:00.000000,,,,9.572727,
07/17/2019 06:21:00.000000,,,,3.428571,
07/17/2019 06:22:00.000000,,,,5.654545,
07/17/2019 06:23:00.000000,,,,2.307692,
07/17/2019 06:24:00.000000,,,,0.015986,
07/17/2019 06:25:00.000000,,,,13.892308,
07/17/2019 06:26:00.000000,,,,0.031126,
07/17/2019 06:27:00.000000,,,,5.3,
07/17/2019 06:28:00.000000,,,,0.009068,
07/17/2019 06:29:00.000000,,,,0.006354,
07/17/2019 06:30:00.000000,,,,0.007823,
07/17/2019 06:31:00.000000,,,,11.663415,
07/17/2019 06:32:00.000000,,,,0.003734,
07/17/2019 06:33:00.000000,,,,1.93,
07/17/2019 06:34:00.000000,,,,4.374419,
07/17/2019 06:35:00.000000,,,,4.785366,
07/17/2019 06:36:00.000000,,,,0.003263,
07/17/2019 06:37:00.000000,,,,0.006349,
07/17/2019 06:38:00.000000,,,,4.515385,
07/17/2019 06:39:00.000000,,,,0.002531,
07/17/2019 06:40:00.000000,,,,3.911111,
07/17/2019 06:41:00.000000,,,,0.006317,
07/17/2019 06:42:00.000000,,,,0.004905,
07/17/2019 06:43:00.000000,,,,4.235897,
07/17/2019 06:44:00.000000,,,,0.010574,
07/17/2019 06:45:00.000000,,,,0.006328,
07/17/2019 06:46:00.000000,,,,6.15122,
07/17/2019 06:47:00.000000,,,,7.85122,
07/17/2019 06:48:00.000000,,,,2.506977,
07/17/2019 06:50:00.000000,,,,0.01342,
07/17/2019 06:51:00.000000,,,,7.761538,
07/17/2019 06:52:00.000000,,,,0.009971,
07/17/2019 06:53:00.000000,,,,5.273684,
07/17/2019 06:54:00.000000,,,,0.010396,
07/17/2019 06:55:00.000000,,,,0.010449,
07/17/2019 06:56:00.000000,,,,6.382051,
07/17/2019 06:57:00.000000,,,,6.356098,
07/17/2019 06:58:00.000000,,,,0.009051,
07/17/2019 06:59:00.000000,,,,3.7,
07/17/2019 07:00:00.000000,,,,7.0,
07/17/2019 07:01:00.000000,,,,0.002636,
07/17/2019 07:02:00.000000,,,,4.673171,
07/17/2019 07:03:00.000000,,,,5.544186,
07/17/2019 07:04:00.000000,,,,7.890476,
07/17/2019 07:05:00.000000,,,,3.355,
07/17/2019 07:06:00.000000,,,,0.005215,
07/17/2019 07:07:00.000000,,,,0.002406,
07/17/2019 07:08:00.000000,,,,2.478378,
07/17/2019 07:09:00.000000,,,,4.34359,
07/17/2019 07:10:00.000000,,,,0.020155,
07/17/2019 07:11:00.000000,,,,8.323256,
07/17/2019 07:12:00.000000,,,,0.00261,
07/17/2019 07:13:00.000000,,,,8.06,
07/17/2019 07:14:00.000000,,,,6.235897,
07/17/2019 07:15:00.000000,,,,0.002332,
07/17/2019 07:16:00.000000,,,,0.006532,
07/17/2019 07:17:00.000000,,,,2.015385,
07/17/2019 07:18:00.000000,,,,1.575,
07/17/2019 07:19:00.000000,,,,0.019956,
07/17/2019 07:20:00.000000,,,,6.4,
07/17/2019 07:21:00.000000,,,,12.4375,
07/17/2019 07:22:00.000000,,,,6.484615,
07/17/2019 07:23:00.000000,,,,0.017308,
07/17/2019 07:24:00.000000,,,,3.223684,
07/17/2019 07:25:00.000000,,,,4.5625,
07/17/2019 07:26:00.000000,,,,0.00282,
07/17/2019 07:27:00.000000,,,,13.223256,
07/17/2019 07:28:00.000000,,,,0.009923,
07/17/2019 07:29:00.000000,,,,0.002371,
07/17/2019 07:30:00.000000,,,,6.628571,
07/17/2019 07:31:00.000000,,,,16.425581,
07/17/2019 07:32:00.000000,,,,8.651163,
07/17/2019 07:33:00.000000,,,,2.376923,
07/17/2019 07:34:00.000000,,,,0.004412,
07/17/2019 07:35:00.000000,,,,25.547619,
07/17/2019 07:36:00.000000,,,,7.934884,
07/17/2019 07:37:00.000000,,,,0.002367,
07/17/2019 07:38:00.000000,,,,5.653333,
07/17/2019 07:39:00.000000,,,,10.497561,
07/17/2019 07:40:00.000000,,,,4.118182,
07/17/2019 07:41:00.000000,,,,5.38,
07/17/2019 07:42:00.000000,,,,0.010258,
07/17/2019 07:43:00.000000,,,,5.414634,
07/17/2019 07:44:00.000000,,,,0.005247,
07/17/2019 07:45:00.000000,,,,4.271429,
07/17/2019 07:46:00.000000,,,,0.010216,
07/17/2019 07:47:00.000000,,,,12.495,
07/17/2019 07:48:00.000000,,,,0.003677,
07/17/2019 07:49:00.000000,,,,2.331707,
07/17/2019 07:50:00.000000,,,,0.002316,
07/17/2019 07:51:00.000000,,,,2.482927,
07/17/2019 07:52:00.000000,,,,3.575,
07/17/2019 07:53:00.000000,,,,0.002452,
07/17/2019 07:54:00.000000,,,,0.002483,
07/17/2019 07:55:00.000000,,,,0.012337,
07/17/2019 07:56:00.000000,,,,6.442857,
07/17/2019 07:57:00.000000,,,,9.5,
07/17/2019 07:58:00.000000,,,,3.838462,
07/17/2019 07:59:00.000000,,,,5.057895,
07/17/2019 08:00:00.000000,,,,3.209524,
07/17/2019 08:01:00.000000,,,,0.020908,
07/17/2019 08:02:00.000000,,,,0.006922,
07/17/2019 08:03:00.000000,,,,5.102439,
07/17/2019 08:04:00.000000,,,,10.944186,
07/17/2019 08:05:00.000000,,,,3.238462,
07/17/2019 08:06:00.000000,,,,4.290909,
07/17/2019 08:07:00.000000,,,,4.2,
07/17/2019 08:08:00.000000,,,,0.007668,
07/17/2019 08:09:00.000000,,,,0.00678,
07/17/2019 08:10:00.000000,,,,0.005606,
07/17/2019 08:11:00.000000,,,,0.015473,
07/17/2019 08:12:00.000000,,,,0.008471,
07/17/2019 08:13:00.000000,,,,7.692683,
07/17/2019 08:14:00.000000,,,,0.002689,
07/17/2019 08:15:00.000000,,,,0.007575,
07/17/2019 08:16:00.000000,,,,5.617073,
07/17/2019 08:17:00.000000,,,,0.002536,
07/17/2019 08:18:00.000000,,,,0.007397,
07/17/2019 08:19:00.000000,,,,0.007418,
07/17/2019 08:20:00.000000,,,,0.002563,
07/17/2019 08:21:00.000000,,,,11.797561,
07/17/2019 08:22:00.000000,,,,0.00598,
07/17/2019 08:23:00.000000,,,,0.002271,
07/17/2019 08:24:00.000000,,,,2.132432,
07/17/2019 08:25:00.000000,,,,0.005874,
07/17/2019 08:26:00.000000,,,,0.006473,
07/17/2019 08:27:00.000000,,,,1.906667,
07/17/2019 08:28:00.000000,,,,4.75814,
07/17/2019 08:29:00.000000,,,,0.002605,
07/17/2019 08:30:00.000000,,,,0.002892,
07/17/2019 08:31:00.000000,,,,9.982927,
07/17/2019 08:32:00.000000,,,,4.615385,
07/17/2019 08:33:00.000000,,,,6.742857,
07/17/2019 08:34:00.000000,,,,6.6875,
07/17/2019 08:35:00.000000,,,,0.00722,
07/17/2019 08:36:00.000000,,,,2.115625,
07/17/2019 08:37:00.000000,,,,5.638462,
07/17/2019 08:38:00.000000,,,,0.01465,
07/17/2019 08:39:00.000000,,,,8.860526,
07/17/2019 08:40:00.000000,,,,2.604878,
07/17/2019 08:41:00.000000,,,,0.019125,
07/17/2019 08:42:00.000000,,,,3.892683,
07/17/2019 08:43:00.000000,,,,6.936842,
07/17/2019 08:44:00.000000,,,,0.006842,
07/17/2019 08:45:00.000000,,,,0.002431,
07/17/2019 08:46:00.000000,,,,0.013399,
07/17/2019 08:47:00.000000,,,,3.514286,
07/17/2019 08:48:00.000000,,,,0.002506,
07/17/2019 08:49:00.000000,,,,0.002386,
07/17/2019 08:50:00.000000,,,,0.00547,
07/17/2019 08:51:00.000000,,,,0.003115,
07/17/2019 08:52:00.000000,,,,7.4,
07/17/2019 08:53:00.000000,,,,0.007054,
07/17/2019 08:54:00.000000,,,,0.020275,
07/17/2019 08:55:00.000000,,,,0.010729,
07/17/2019 08:56:00.000000,,,,0.009981,
07/17/2019 08:57:00.000000,,,,3.591667,
07/17/2019 08:58:00.000000,,,,6.217073,
07/17/2019 08:59:00.000000,,,,0.007537,
07/17/2019 09:00:00.000000,,,,0.00509,
07/17/2019 09:01:00.000000,,,,12.118605,
07/17/2019 09:02:00.000000,,,,5.246512,
07/17/2019 09:03:00.000000,,,,0.005595,
07/17/2019 09:04:00.000000,,,,5.412195,
07/17/2019 09:05:00.000000,,,,5.094737,
07/17/2019 09:06:00.000000,,,,4.651282,
07/17/2019 09:07:00.000000,,,,9.978049,
07/17/2019 09:08:00.000000,,,,8.284615,
07/17/2019 09:09:00.000000,,,,0.002313,
07/17/2019 09:10:00.000000,,,,11.894737,
07/17/2019 09:11:00.000000,,,,7.972727,
07/17/2019 09:12:00.000000,,,,0.003229,
07/17/2019 09:13:00.000000,,,,0.002287,
07/17/2019 09:14:00.000000,,,,4.873171,
07/17/2019 09:15:00.000000,,,,0.007751,
07/17/2019 09:16:00.000000,,,,6.45,
07/17/2019 09:17:00.000000,,,,0.012138,
07/17/2019 09:18:00.000000,,,,10.385714,
07/17/2019 09:19:00.000000,,,,0.008189,
07/17/2019 09:20:00.000000,,,,13.17,
07/17/2019 09:21:00.000000,,,,8.118605,
07/17/2019 09:22:00.000000,,,,0.00796,
07/17/2019 09:23:00.000000,,,,2.475,
07/17/2019 09:24:00.000000,,,,7.672727,
07/17/2019 09:25:00.000000,,,,16.372414,
07/17/2019 09:26:00.000000,,,,0.03099,
07/17/2019 09:27:00.000000,,,,9.2125,
07/17/2019 09:28:00.000000,,,,0.014467,
07/17/2019 09:29:00.000000,,,,12.814286,
07/17/2019 09:30:00.000000,,,,0.0136,
07/17/2019 09:31:00.000000,,,,7.73,
07/17/2019 09:32:00.000000,,,,0.004293,
07/17/2019 09:33:00.000000,,,,4.173171,
07/17/2019 09:34:00.000000,,,,4.12381,
07/17/2019 09:35:00.000000,,,,0.008659,
07/17/2019 09:36:00.000000,,,,8.8,
07/17/2019 09:37:00.000000,,,,0.01411,
07/17/2019 09:38:00.000000,,,,3.067442,
07/17/2019 09:39:00.000000,,,,0.015332,
07/17/2019 09:40:00.000000,,,,0.014197,
07/17/2019 09:41:00.000000,,,,7.752273,
07/17/2019 09:42:00.000000,,,,0.016076,
07/17/2019 09:43:00.000000,,,,0.003273,
07/17/2019 09:44:00.000000,,,,0.013219,
07/17/2019 09:45:00.000000,,,,3.004651,
07/17/2019 09:46:00.000000,,,,0.009946,
07/17/2019 09:47:00.000000,,,,5.709091,
07/17/2019 09:48:00.000000,,,,9.226829,
07/17/2019 09:49:00.000000,,,,7.85122,
07/17/2019 09:50:00.000000,,,,0.002915,
07/17/2019 09:51:00.000000,,,,0.010494,
07/17/2019 09:52:00.000000,,,,0.024401,
07/17/2019 09:53:00.000000,,,,0.00918,
07/17/2019 09:54:00.000000,,,,0.00808,
07/17/2019 09:55:00.000000,,,,0.010634,
07/17/2019 09:56:00.000000,,,,0.009244,
07/17/2019 09:57:00.000000,,,,2.973171,
07/17/2019 09:58:00.000000,,,,11.262791,
07/17/2019 09:59:00.000000,,,,3.714286,
07/17/2019 10:00:00.000000,,,,2.16,
07/17/2019 10:01:00.000000,,,,6.1,
07/17/2019 10:02:00.000000,,,,11.390909,
07/17/2019 10:03:00.000000,,,,3.934146,
07/17/2019 10:04:00.000000,,,,0.011394,
07/17/2019 10:05:00.000000,,,,0.012699,
07/17/2019 10:06:00.000000,,,,3.04186,
07/17/2019 10:07:00.000000,,,,2.012821,
07/17/2019 10:08:00.000000,,,,7.285714,
07/17/2019 10:09:00.000000,,,,14.969767,
07/17/2019 10:10:00.000000,,,,6.495,
07/17/2019 10:11:00.000000,,,,8.025641,
07/17/2019 10:12:00.000000,,,,0.018048,
07/17/2019 10:13:00.000000,,,,0.004095,
07/17/2019 10:14:00.000000,,,,0.013598,
07/17/2019 10:15:00.000000,,,,3.586486,
07/17/2019 10:16:00.000000,,,,0.009258,
07/17/2019 10:17:00.000000,,,,6.318182,
07/17/2019 10:18:00.000000,,,,0.010161,
07/17/2019 10:19:00.000000,,,,0.013117,
07/17/2019 10:20:00.000000,,,,9.342857,
07/17/2019 10:21:00.000000,,,,0.008981,
07/17/2019 10:22:00.000000,,,,8.02439,
07/17/2019 10:23:00.000000,,,,0.006617,
07/17/2019 10:24:00.000000,,,,0.009931,
07/17/2019 10:25:00.000000,,,,14.131818,
07/17/2019 10:26:00.000000,,,,0.021286,
07/17/2019 10:27:00.000000,,,,0.004199,
07/17/2019 10:28:00.000000,,,,9.185366,
07/17/2019 10:29:00.000000,,,,6.613953,
07/17/2019 10:30:00.000000,,,,0.018749,
07/17/2019 10:31:00.000000,,,,0.003709,
07/17/2019 10:32:00.000000,,,,7.614286,
07/17/2019 10:33:00.000000,,,,8.6625,
07/17/2019 10:34:00.000000,,,,11.630233,
07/17/2019 10:35:00.000000,,,,9.490244,
07/17/2019 10:36:00.000000,,,,0.00771,
07/17/2019 10:37:00.000000,,,,10.243182,
07/17/2019 10:38:00.000000,,,,0.003674,
07/17/2019 10:39:00.000000,,,,2.023256,
07/17/2019 10:40:00.000000,,,,0.012013,
07/17/2019 10:41:00.000000,,,,5.815385,
07/17/2019 10:42:00.000000,,,,7.657143,
07/17/2019 10:43:00.000000,,,,3.430952,
07/17/2019 10:44:00.000000,,,,11.275676,
07/17/2019 10:45:00.000000,,,,0.010138,
07/17/2019 10:46:00.000000,,,,6.08,
07/17/2019 10:47:00.000000,,,,2.4,
07/17/2019 10:48:00.000000,,,,15.825581,
07/17/2019 10:49:00.000000,,,,0.014376,
07/17/2019 10:50:00.000000,,,,0.007554,
07/17/2019 10:51:00.000000,,,,0.010898,
07/17/2019 10:52:00.000000,,,,12.888372,
07/17/2019 10:53:00.000000,,,,0.004067,
07/17/2019 10:54:00.000000,,,,0.010783,
07/17/2019 10:55:00.000000,,,,12.195238,
07/17/2019 10:56:00.000000,,,,4.1,
07/17/2019 10:57:00.000000,,,,0.018608,
07/17/2019 10:58:00.000000,,,,0.005101,
07/17/2019 10:59:00.000000,,,,0.016794,
07/17/2019 11:00:00.000000,,,,16.971429,
07/17/2019 11:01:00.000000,,,,0.025847,
07/17/2019 11:02:00.000000,,,,0.012029,
07/17/2019 11:03:00.000000,,,,9.409524,
07/17/2019 11:04:00.000000,,,,8.57561,
07/17/2019 11:05:00.000000,,,,12.540476,
07/17/2019 11:06:00.000000,,,,16.369767,
07/17/2019 11:07:00.000000,,,,7.9,
07/17/2019 11:08:00.000000,,,,0.007877,
07/17/2019 11:09:00.000000,,,,0.010957,
07/17/2019 11:10:00.000000,,,,9.768293,
07/17/2019 11:11:00.000000,,,,0.01797,
07/17/2019 11:12:00.000000,,,,11.980952,
07/17/2019 11:13:00.000000,,,,0.021009,
07/17/2019 11:14:00.000000,,,,0.014367,
07/17/2019 11:15:00.000000,,,,2.985714,
07/17/2019 11:16:00.000000,,,,5.95,
07/17/2019 11:17:00.000000,,,,23.558537,
07/17/2019 11:18:00.000000,,,,0.010593,
07/17/2019 11:19:00.000000,,,,2.339535,
07/17/2019 11:20:00.000000,,,,0.013792,
07/17/2019 11:21:00.000000,,,,0.024492,
07/17/2019 11:22:00.000000,,,,7.977778,
07/17/2019 11:23:00.000000,,,,0.002619,
07/17/2019 11:24:00.000000,,,,2.225,
07/17/2019 11:25:00.000000,,,,21.8,
07/17/2019 11:26:00.000000,,,,4.909524,
07/17/2019 11:27:00.000000,,,,15.471429,
07/17/2019 11:28:00.000000,,,,0.010167,
07/17/2019 11:29:00.000000,,,,0.01356,
07/17/2019 11:30:00.000000,,,,0.008137,
07/17/2019 11:31:00.000000,,,,6.533333,
07/17/2019 11:32:00.000000,,,,4.492683,
07/17/2019 11:33:00.000000,,,,7.330769,
07/17/2019 11:34:00.000000,,,,6.592308,
07/17/2019 11:35:00.000000,,,,0.003601,
07/17/2019 11:36:00.000000,,,,0.011026,
07/17/2019 11:37:00.000000,,,,2.836364,
07/17/2019 11:38:00.000000,,,,0.002248,
07/17/2019 11:39:00.000000,,,,0.005567,
07/17/2019 11:40:00.000000,,,,5.826667,
07/17/2019 11:41:00.000000,,,,0.017564,
07/17/2019 11:42:00.000000,,,,0.02157,
07/17/2019 11:43:00.000000,,,,0.006754,
07/17/2019 11:44:00.000000,,,,0.008082,
07/17/2019 11:45:00.000000,,,,0.012827,
07/17/2019 11:46:00.000000,,,,0.01778,
07/17/2019 11:47:00.000000,,,,0.004492,
07/17/2019 11:48:00.000000,,,,24.197674,
07/17/2019 11:49:00.000000,,,,0.010666,
07/17/2019 11:50:00.000000,,,,0.008586,
07/17/2019 11:51:00.000000,,,,11.6875,
07/17/2019 11:52:00.000000,,,,15.669767,
07/17/2019 11:53:00.000000,,,,9.832558,
07/17/2019 11:54:00.000000,,,,14.628571,
07/17/2019 11:55:00.000000,,,,6.52619,
07/17/2019 11:56:00.000000,,,,0.010752,
07/17/2019 11:57:00.000000,,,,0.012159,
07/17/2019 11:58:00.000000,,,,0.008471,
07/17/2019 11:59:00.000000,,,,0.016493,
07/17/2019 12:00:00.000000,,,,17.059524,
07/17/2019 12:01:00.000000,,,,0.005255,
07/17/2019 12:02:00.000000,,,,0.013361,
07/17/2019 12:03:00.000000,,,,19.653659,
07/17/2019 12:04:00.000000,,,,7.769231,
07/17/2019 12:05:00.000000,,,,0.012809,
07/17/2019 12:06:00.000000,,,,6.951282,
07/17/2019 12:07:00.000000,,,,28.0,
07/17/2019 12:08:00.000000,,,,0.019593,
07/17/2019 12:09:00.000000,,,,0.016139,
07/17/2019 12:10:00.000000,,,,7.742857,
07/17/2019 12:11:00.000000,,,,7.597436,
07/17/2019 12:12:00.000000,,,,0.011446,
07/17/2019 12:13:00.000000,,,,0.007835,
07/17/2019 12:14:00.000000,,,,16.636364,
07/17/2019 12:15:00.000000,,,,16.804878,
07/17/2019 12:16:00.000000,,,,0.009396,
07/17/2019 12:17:00.000000,,,,13.291176,
07/17/2019 12:18:00.000000,,,,13.932353,
07/17/2019 12:19:00.000000,,,,0.015983,
07/17/2019 12:20:00.000000,,,,0.01232,
07/17/2019 12:21:00.000000,,,,0.019994,
07/17/2019 12:22:00.000000,,,,0.011586,
07/17/2019 12:23:00.000000,,,,7.73,
07/17/2019 12:24:00.000000,,,,0.010551,
07/17/2019 12:25:00.000000,,,,0.012216,
07/17/2019 12:26:00.000000,,,,10.780952,
07/17/2019 12:27:00.000000,,,,0.046062,
07/17/2019 12:28:00.000000,,,,18.882927,
07/17/2019 12:29:00.000000,,,,10.5,
07/17/2019 12:30:00.000000,,,,0.016951,
07/17/2019 12:31:00.000000,,,,8.104878,
07/17/2019 12:32:00.000000,,,,0.01595,
07/17/2019 12:33:00.000000,,,,0.012625,
07/17/2019 12:34:00.000000,,,,0.024777,
07/17/2019 12:35:00.000000,,,,0.02052,
07/17/2019 12:36:00.000000,,,,13.780488,
07/17/2019 12:37:00.000000,,,,0.032078,
07/17/2019 12:38:00.000000,,,,0.011636,
07/17/2019 12:39:00.000000,,,,0.011274,
07/17/2019 12:40:00.000000,,,,7.661538,
07/17/2019 12:41:00.000000,,,,16.122727,
07/17/2019 12:42:00.000000,,,,0.007592,
07/17/2019 12:43:00.000000,,,,14.775,
07/17/2019 12:44:00.000000,,,,19.92439,
07/17/2019 12:45:00.000000,,,,13.229268,
07/17/2019 12:46:00.000000,,,,0.016286,
07/17/2019 12:47:00.000000,,,,48.87,
07/17/2019 12:48:00.000000,,,,15.127273,
07/17/2019 12:49:00.000000,,,,9.228571,
07/17/2019 12:50:00.000000,,,,0.0101,
07/17/2019 12:51:00.000000,,,,0.011686,
07/17/2019 12:52:00.000000,,,,0.014828,
07/17/2019 12:53:00.000000,,,,0.016138,
07/17/2019 12:54:00.000000,,,,13.671429,
07/17/2019 12:55:00.000000,,,,0.012751,
07/17/2019 12:56:00.000000,,,,14.915,
07/17/2019 12:57:00.000000,,,,19.265116,
07/17/2019 12:58:00.000000,,,,21.175,
07/17/2019 12:59:00.000000,,,,10.257143,
07/17/2019 13:00:00.000000,,,,0.020746,
07/17/2019 13:01:00.000000,,,,12.251163,
07/17/2019 13:02:00.000000,,,,9.125581,
07/17/2019 13:03:00.000000,,,,14.156098,
07/17/2019 13:04:00.000000,,,,0.022584,
07/17/2019 13:05:00.000000,,,,0.021198,
07/17/2019 13:06:00.000000,,,,0.009838,
07/17/2019 13:07:00.000000,,,,26.542857,
07/17/2019 13:08:00.000000,,,,9.0625,
07/17/2019 13:09:00.000000,,,,16.313953,
07/17/2019 13:10:00.000000,,,,0.010006,
07/17/2019 13:11:00.000000,,,,0.014825,
07/17/2019 13:12:00.000000,,,,13.821951,
07/17/2019 13:13:00.000000,,,,0.004945,
07/17/2019 13:14:00.000000,,,,11.192857,
07/17/2019 13:15:00.000000,,,,21.05,
07/17/2019 13:16:00.000000,,,,0.022985,
07/17/2019 13:17:00.000000,,,,4.732558,
07/17/2019 13:18:00.000000,,,,0.003083,
07/17/2019 13:19:00.000000,,,,13.814634,
07/17/2019 13:20:00.000000,,,,0.013611,
07/17/2019 13:21:00.000000,,,,0.030849,
07/17/2019 13:22:00.000000,,,,0.021622,
07/17/2019 13:23:00.000000,,,,16.488095,
07/17/2019 13:24:00.000000,,,,0.017532,
07/17/2019 13:25:00.000000,,,,33.713333,
07/17/2019 13:26:00.000000,,,,23.446667,
07/17/2019 13:27:00.000000,,,,0.044391,
07/17/2019 13:28:00.000000,,,,0.025083,
07/17/2019 13:29:00.000000,,,,0.037956,
07/17/2019 13:30:00.000000,,,,0.038038,
07/17/2019 13:31:00.000000,,,,0.047509,
07/17/2019 13:32:00.000000,,,,0.036138,
07/17/2019 13:33:00.000000,,,,52.912195,
07/17/2019 13:34:00.000000,,,,32.736364,
07/17/2019 13:35:00.000000,,,,0.067455,
07/17/2019 13:36:00.000000,,,,281.658139,
07/17/2019 13:37:00.000000,,,,0.103191,
07/17/2019 13:38:00.000000,,,,30.504545,
07/17/2019 13:39:00.000000,,,,0.047927,
07/17/2019 13:40:00.000000,,,,26.277143,
07/17/2019 13:41:00.000000,,,,32.486667,
07/17/2019 13:42:00.000000,,,,0.024571,
07/17/2019 13:43:00.000000,,,,0.030736,
07/17/2019 13:44:00.000000,,,,23.1,
07/17/2019 13:45:00.000000,,,,26.331818,
07/17/2019 13:46:00.000000,,,,26.913636,
07/17/2019 13:47:00.000000,,,,0.037264,
07/17/2019 13:48:00.000000,,,,48.565854,
07/17/2019 13:49:00.000000,,,,0.025632,
07/17/2019 13:50:00.000000,,,,0.028416,
07/17/2019 13:51:00.000000,,,,14.842857,
07/17/2019 13:52:00.000000,,,,26.009524,
07/17/2019 13:53:00.000000,,,,21.729268,
07/17/2019 13:54:00.000000,,,,14.790698,
07/17/2019 13:55:00.000000,,,,14.853659,
07/17/2019 13:56:00.000000,,,,0.019368,
07/17/2019 13:57:00.000000,,,,0.037111,
07/17/2019 13:58:00.000000,,,,41.939024,
07/17/2019 13:59:00.000000,,,,0.047175,
07/17/2019 14:00:00.000000,,,,0.04631,
07/17/2019 14:01:00.000000,,,,0.025881,
07/17/2019 14:02:00.000000,,,,17.609302,
07/17/2019 14:03:00.000000,,,,25.827273,
07/17/2019 14:04:00.000000,,,,0.017013,
07/17/2019 14:05:00.000000,,,,0.037864,
07/17/2019 14:06:00.000000,,,,0.072103,
07/17/2019 14:07:00.000000,,,,0.031349,
07/17/2019 14:08:00.000000,,,,0.032857,
07/17/2019 14:09:00.000000,,,,0.021167,
07/17/2019 14:10:00.000000,,,,77.14878,
07/17/2019 14:11:00.000000,,,,32.157143,
07/17/2019 14:12:00.000000,,,,14.354762,
07/17/2019 14:13:00.000000,,,,14.697619,
07/17/2019 14:14:00.000000,,,,26.314634,
07/17/2019 14:15:00.000000,,,,19.315,
07/17/2019 14:16:00.000000,,,,0.019017,
07/17/2019 14:17:00.000000,,,,0.015393,
07/17/2019 14:18:00.000000,,,,11.627273,
07/17/2019 14:19:00.000000,,,,21.292308,
07/17/2019 14:20:00.000000,,,,0.017885,
07/17/2019 14:21:00.000000,,,,0.020076,
07/17/2019 14:22:00.000000,,,,13.265,
07/17/2019 14:23:00.000000,,,,12.179545,
07/17/2019 14:24:00.000000,,,,0.017396,
07/17/2019 14:25:00.000000,,,,31.081395,
07/17/2019 14:26:00.000000,,,,14.495122,
07/17/2019 14:27:00.000000,,,,17.711111,
07/17/2019 14:28:00.000000,,,,0.016839,
07/17/2019 14:29:00.000000,,,,0.039719,
07/17/2019 14:30:00.000000,,,,15.423077,
07/17/2019 14:31:00.000000,,,,0.024268,
07/17/2019 14:32:00.000000,,,,24.905128,
07/17/2019 14:33:00.000000,,,,20.623256,
07/17/2019 14:34:00.000000,,,,0.025776,
07/17/2019 14:35:00.000000,,,,0.035225,
07/17/2019 14:36:00.000000,,,,122.32093,
07/17/2019 14:37:00.000000,,,,0.050033,
07/17/2019 14:38:00.000000,,,,0.048878,
07/17/2019 14:39:00.000000,,,,17.885714,
07/17/2019 14:40:00.000000,,,,0.023696,
07/17/2019 14:41:00.000000,,,,30.692857,
07/17/2019 14:42:00.000000,,,,31.531707,
07/17/2019 14:43:00.000000,,,,18.062791,
07/17/2019 14:44:00.000000,,,,21.0,
07/17/2019 14:45:00.000000,,,,0.023234,
07/17/2019 14:46:00.000000,,,,21.385714,
07/17/2019 14:47:00.000000,,,,0.019189,
07/17/2019 14:48:00.000000,,,,0.012782,
07/17/2019 14:49:00.000000,,,,11.532432,
07/17/2019 14:50:00.000000,,,,23.178378,
07/17/2019 14:51:00.000000,,,,24.854839,
07/17/2019 14:52:00.000000,,,,0.029692,
07/17/2019 14:53:00.000000,,,,34.616667,
07/17/2019 14:54:00.000000,,,,0.018278,
07/17/2019 14:55:00.000000,,,,0.014052,
07/17/2019 14:56:00.000000,,,,29.65,
07/17/2019 14:57:00.000000,,,,18.93913,
07/17/2019 14:58:00.000000,,,,0.019655,
07/17/2019 14:59:00.000000,,,,21.7,
07/17/2019 15:00:00.000000,,,,20.857895,
07/17/2019 15:01:00.000000,,,,0.023994,
07/17/2019 15:02:00.000000,,,,23.413793,
07/17/2019 15:03:00.000000,,,,20.510345,
07/17/2019 15:04:00.000000,,,,16.32,
07/17/2019 15:05:00.000000,,,,0.016937,
07/17/2019 15:06:00.000000,,,,0.048237,
07/17/2019 15:07:00.000000,,,,0.033251,
07/17/2019 15:08:00.000000,,,,0.040455,
07/17/2019 15:09:00.000000,,,,0.023565,
07/17/2019 15:10:00.000000,,,,0.051918,
07/17/2019 15:11:00.000000,,,,14.721429,
07/17/2019 15:12:00.000000,,,,0.01544,
07/17/2019 15:13:00.000000,,,,0.017949,
07/17/2019 15:14:00.000000,,,,14.188372,
07/17/2019 15:15:00.000000,,,,0.016668,
07/17/2019 15:16:00.000000,,,,38.614634,
07/17/2019 15:17:00.000000,,,,22.48,
07/17/2019 15:18:00.000000,,,,0.01333,
07/17/2019 15:19:00.000000,,,,24.66,
07/17/2019 15:20:00.000000,,,,21.381818,
07/17/2019 15:21:00.000000,,,,0.008956,
07/17/2019 15:22:00.000000,,,,8.118182,
07/17/2019 15:23:00.000000,,,,0.023803,
07/17/2019 15:24:00.000000,,,,12.953846,
07/17/2019 15:25:00.000000,,,,7.931818,
07/17/2019 15:26:00.000000,,,,0.017022,
07/17/2019 15:27:00.000000,,,,15.242857,
07/17/2019 15:28:00.000000,,,,0.033452,
07/17/2019 15:29:00.000000,,,,0.031231,
07/17/2019 15:30:00.000000,,,,0.016807,
07/17/2019 15:31:00.000000,,,,2.89375,
07/17/2019 15:32:00.000000,,,,20.77561,
07/17/2019 15:33:00.000000,,,,0.0152,
07/17/2019 15:34:00.000000,,,,14.826829,
07/17/2019 15:35:00.000000,,,,13.292683,
07/17/2019 15:36:00.000000,,,,14.015385,
07/17/2019 15:37:00.000000,,,,12.092683,
07/17/2019 15:38:00.000000,,,,0.022143,
07/17/2019 15:39:00.000000,,,,0.019588,
07/17/2019 15:40:00.000000,,,,28.667442,
07/17/2019 15:41:00.000000,,,,0.019364,
07/17/2019 15:42:00.000000,,,,34.926829,
07/17/2019 15:43:00.000000,,,,22.014634,
07/17/2019 15:44:00.000000,,,,9.685714,
07/17/2019 15:45:00.000000,,,,0.038498,
07/17/2019 15:46:00.000000,,,,0.088999,
07/17/2019 15:47:00.000000,,,,24.180488,
07/17/2019 15:48:00.000000,,,,10.195122,
07/17/2019 15:49:00.000000,,,,0.029359,
07/17/2019 15:50:00.000000,,,,30.142857,
07/17/2019 15:51:00.000000,,,,19.3625,
07/17/2019 15:52:00.000000,,,,4.178049,
07/17/2019 15:53:00.000000,,,,0.015503,
07/17/2019 15:54:00.000000,,,,0.043984,
07/17/2019 15:55:00.000000,,,,9.446341,
07/17/2019 15:56:00.000000,,,,0.021033,
07/17/2019 15:57:00.000000,,,,18.509756,
07/17/2019 15:58:00.000000,,,,0.015503,
07/17/2019 15:59:00.000000,,,,0.00898,
07/17/2019 16:00:00.000000,,,,31.055556,
07/17/2019 16:01:00.000000,,,,14.795455,
07/17/2019 16:02:00.000000,,,,0.01383,
07/17/2019 16:03:00.000000,,,,0.01856,
07/17/2019 16:04:00.000000,,,,14.687179,
07/17/2019 16:05:00.000000,,,,8.809756,
07/17/2019 16:06:00.000000,,,,17.828571,
07/17/2019 16:07:00.000000,,,,5.351163,
07/17/2019 16:08:00.000000,,,,21.13,
07/17/2019 16:09:00.000000,,,,0.023375,
07/17/2019 16:10:00.000000,,,,13.218421,
07/17/2019 16:11:00.000000,,,,4.14878,
07/17/2019 16:12:00.000000,,,,0.003201,
07/17/2019 16:13:00.000000,,,,0.013696,
07/17/2019 16:14:00.000000,,,,23.552381,
07/17/2019 16:15:00.000000,,,,0.01302,
07/17/2019 16:16:00.000000,,,,13.55122,
07/17/2019 16:17:00.000000,,,,0.005959,
07/17/2019 16:18:00.000000,,,,16.911111,
07/17/2019 16:19:00.000000,,,,0.061721,
07/17/2019 16:20:00.000000,,,,9.568182,
07/17/2019 16:21:00.000000,,,,14.702439,
07/17/2019 16:22:00.000000,,,,18.04359,
07/17/2019 16:23:00.000000,,,,0.009765,
07/17/2019 16:24:00.000000,,,,0.011233,
07/17/2019 16:25:00.000000,,,,0.010048,
07/17/2019 16:26:00.000000,,,,14.173171,
07/17/2019 16:27:00.000000,,,,5.865,
07/17/2019 16:28:00.000000,,,,0.003926,
07/17/2019 16:29:00.000000,,,,2.811364,
07/17/2019 16:30:00.000000,,,,9.789474,
07/17/2019 16:31:00.000000,,,,0.037929,
07/17/2019 16:32:00.000000,,,,0.030252,
07/17/2019 16:33:00.000000,,,,15.452381,
07/17/2019 16:34:00.000000,,,,7.892857,
07/17/2019 16:35:00.000000,,,,12.786364,
07/17/2019 16:36:00.000000,,,,0.008586,
07/17/2019 16:37:00.000000,,,,10.288372,
07/17/2019 16:38:00.000000,,,,15.885714,
07/17/2019 16:39:00.000000,,,,0.025658,
07/17/2019 16:40:00.000000,,,,7.795455,
07/17/2019 16:41:00.000000,,,,0.016918,
07/17/2019 16:42:00.000000,,,,5.885714,
07/17/2019 16:43:00.000000,,,,16.257143,
07/17/2019 16:44:00.000000,,,,0.021073,
07/17/2019 16:45:00.000000,,,,0.020606,
07/17/2019 16:46:00.000000,,,,4.23,
07/17/2019 16:47:00.000000,,,,49.463636,
07/17/2019 16:48:00.000000,,,,41.389474,
07/17/2019 16:49:00.000000,,,,15.582927,
07/17/2019 16:50:00.000000,,,,10.171429,
07/17/2019 16:51:00.000000,,,,0.031326,
07/17/2019 16:52:00.000000,,,,0.738942,
07/17/2019 16:53:00.000000,,,,0.076543,
07/17/2019 16:54:00.000000,,,,7.228571,
07/17/2019 16:55:00.000000,,,,26.735,
07/17/2019 16:56:00.000000,,,,23.005556,
07/17/2019 16:57:00.000000,,,,0.009595,
07/17/2019 16:58:00.000000,,,,12.02,
07/17/2019 16:59:00.000000,,,,11.648387,
07/17/2019 17:00:00.000000,,,,3.544118,
07/17/2019 17:01:00.000000,,,,0.036783,
07/17/2019 17:02:00.000000,,,,0.027057,
07/17/2019 17:03:00.000000,,,,0.024202,
07/17/2019 17:04:00.000000,,,,0.013053,
07/17/2019 17:05:00.000000,,,,0.005201,
07/17/2019 17:06:00.000000,,,,10.727907,
07/17/2019 17:07:00.000000,,,,0.011097,
07/17/2019 17:08:00.000000,,,,3.25,
07/17/2019 17:09:00.000000,,,,0.016919,
07/17/2019 17:10:00.000000,,,,0.014665,
07/17/2019 17:11:00.000000,,,,6.131818,
07/17/2019 17:12:00.000000,,,,0.009113,
07/17/2019 17:13:00.000000,,,,6.739024,
07/17/2019 17:14:00.000000,,,,0.020131,
07/17/2019 17:15:00.000000,,,,9.797561,
07/17/2019 17:16:00.000000,,,,0.004301,
07/17/2019 17:17:00.000000,,,,5.362791,
07/17/2019 17:18:00.000000,,,,0.011639,
07/17/2019 17:19:00.000000,,,,25.882927,
07/17/2019 17:20:00.000000,,,,8.736585,
07/17/2019 17:21:00.000000,,,,10.371429,
07/17/2019 17:22:00.000000,,,,0.009918,
07/17/2019 17:23:00.000000,,,,3.591111,
07/17/2019 17:24:00.000000,,,,10.285714,
07/17/2019 17:25:00.000000,,,,0.014843,
07/17/2019 17:26:00.000000,,,,0.010225,
07/17/2019 17:27:00.000000,,,,0.011605,
07/17/2019 17:28:00.000000,,,,0.007044,
07/17/2019 17:29:00.000000,,,,2.992308,
07/17/2019 17:30:00.000000,,,,0.02442,
07/17/2019 17:31:00.000000,,,,0.011036,
07/17/2019 17:32:00.000000,,,,0.008939,
07/17/2019 17:33:00.000000,,,,0.009662,
07/17/2019 17:34:00.000000,,,,24.682759,
07/17/2019 17:35:00.000000,,,,8.785714,
07/17/2019 17:36:00.000000,,,,0.015176,
07/17/2019 17:37:00.000000,,,,16.614286,
07/17/2019 17:38:00.000000,,,,3.533333,
07/17/2019 17:39:00.000000,,,,10.482857,
07/17/2019 17:40:00.000000,,,,0.011659,
07/17/2019 17:41:00.000000,,,,16.585714,
07/17/2019 17:42:00.000000,,,,3.277778,
07/17/2019 17:43:00.000000,,,,46.219048,
07/17/2019 17:44:00.000000,,,,21.638461,
07/17/2019 17:45:00.000000,,,,0.023217,
07/17/2019 17:46:00.000000,,,,19.468182,
07/17/2019 17:47:00.000000,,,,0.023015,
07/17/2019 17:48:00.000000,,,,16.931111,
07/17/2019 17:49:00.000000,,,,25.826316,
07/17/2019 17:50:00.000000,,,,15.7025,
07/17/2019 17:51:00.000000,,,,16.395455,
07/17/2019 17:52:00.000000,,,,29.14,
07/17/2019 17:53:00.000000,,,,0.010115,
07/17/2019 17:54:00.000000,,,,0.009616,
07/17/2019 17:55:00.000000,,,,0.039383,
07/17/2019 17:56:00.000000,,,,20.342857,
07/17/2019 17:57:00.000000,,,,17.145833,
07/17/2019 17:58:00.000000,,,,34.585366,
07/17/2019 17:59:00.000000,,,,0.029199,
07/17/2019 18:00:00.000000,,,,10.625,
07/17/2019 18:01:00.000000,,,,23.570732,
07/17/2019 18:02:00.000000,,,,32.5625,
07/17/2019 18:03:00.000000,,,,0.025508,
07/17/2019 18:04:00.000000,,,,19.607143,
07/17/2019 18:05:00.000000,,,,0.047746,
07/17/2019 18:06:00.000000,,,,13.288372,
07/17/2019 18:07:00.000000,,,,0.043283,
07/17/2019 18:08:00.000000,,,,0.033878,
07/17/2019 18:09:00.000000,,,,0.031979,
07/17/2019 18:10:00.000000,,,,17.770732,
07/17/2019 18:11:00.000000,,,,8.746341,
07/17/2019 18:12:00.000000,,,,0.043522,
07/17/2019 18:13:00.000000,,,,37.525581,
07/17/2019 18:14:00.000000,,,,0.047813,
07/17/2019 18:15:00.000000,,,,8.195349,
07/17/2019 18:16:00.000000,,,,0.009694,
07/17/2019 18:17:00.000000,,,,21.758536,
07/17/2019 18:18:00.000000,,,,0.006975,
07/17/2019 18:19:00.000000,,,,0.017987,
07/17/2019 18:20:00.000000,,,,10.004651,
07/17/2019 18:21:00.000000,,,,0.03007,
07/17/2019 18:22:00.000000,,,,0.037815,
07/17/2019 18:23:00.000000,,,,18.72439,
07/17/2019 18:24:00.000000,,,,0.032688,
07/17/2019 18:25:00.000000,,,,20.471795,
07/17/2019 18:26:00.000000,,,,0.034912,
07/17/2019 18:27:00.000000,,,,32.76087,
07/17/2019 18:28:00.000000,,,,0.029688,
07/17/2019 18:30:00.000000,,,,0.016523,
07/17/2019 18:31:00.000000,,,,0.056263,
07/17/2019 18:32:00.000000,,,,18.3125,
07/17/2019 18:33:00.000000,,,,22.3625,
07/17/2019 18:34:00.000000,,,,21.807692,
07/17/2019 18:35:00.000000,,,,0.032205,
07/17/2019 18:36:00.000000,,,,13.986047,
07/17/2019 18:37:00.000000,,,,27.285714,
07/17/2019 18:38:00.000000,,,,29.968421,
07/17/2019 18:39:00.000000,,,,0.053727,
07/17/2019 18:40:00.000000,,,,32.060465,
07/17/2019 18:41:00.000000,,,,0.055611,
07/17/2019 18:42:00.000000,,,,32.713953,
07/17/2019 18:43:00.000000,,,,0.013477,
07/17/2019 18:44:00.000000,,,,10.795,
07/17/2019 18:45:00.000000,,,,9.492683,
07/17/2019 18:46:00.000000,,,,15.285714,
07/17/2019 18:47:00.000000,,,,12.028205,
07/17/2019 18:48:00.000000,,,,17.676923,
07/17/2019 18:50:00.000000,,,,18.87619,
07/17/2019 18:51:00.000000,,,,0.016878,
07/17/2019 18:52:00.000000,,,,0.012952,
07/17/2019 18:53:00.000000,,,,0.045375,
07/17/2019 18:54:00.000000,,,,0.012989,
07/17/2019 18:55:00.000000,,,,10.836585,
07/17/2019 18:56:00.000000,,,,14.975,
07/17/2019 18:57:00.000000,,,,21.930769,
07/17/2019 18:58:00.000000,,,,16.47,
07/17/2019 18:59:00.000000,,,,0.02394,
07/17/2019 19:00:00.000000,,,,0.06219,
07/17/2019 19:01:00.000000,,,,10.14,
07/17/2019 19:02:00.000000,,,,0.013255,
07/17/2019 19:03:00.000000,,,,21.078049,
07/17/2019 19:04:00.000000,,,,17.546341,
07/17/2019 19:05:00.000000,,,,9.342857,
07/17/2019 19:06:00.000000,,,,0.014891,
07/17/2019 19:07:00.000000,,,,0.038284,
07/17/2019 19:08:00.000000,,,,21.446154,
07/17/2019 19:09:00.000000,,,,23.665854,
07/17/2019 19:10:00.000000,,,,0.023948,
07/17/2019 19:11:00.000000,,,,14.192308,
07/17/2019 19:12:00.000000,,,,23.325581,
07/17/2019 19:13:00.000000,,,,30.726087,
07/17/2019 19:14:00.000000,,,,0.023214,
07/17/2019 19:15:00.000000,,,,0.007239,
07/17/2019 19:16:00.000000,,,,0.040435,
07/17/2019 19:17:00.000000,,,,0.030544,
07/17/2019 19:18:00.000000,,,,6.228571,
07/17/2019 19:19:00.000000,,,,20.554545,
07/17/2019 19:20:00.000000,,,,25.817073,
07/17/2019 19:21:00.000000,,,,31.642105,
07/17/2019 19:22:00.000000,,,,21.642857,
07/17/2019 19:23:00.000000,,,,24.031818,
07/17/2019 19:24:00.000000,,,,19.355555,
07/17/2019 19:25:00.000000,,,,0.015177,
07/17/2019 19:26:00.000000,,,,8.978571,
07/17/2019 19:27:00.000000,,,,10.819512,
07/17/2019 19:28:00.000000,,,,10.307143,
07/17/2019 19:29:00.000000,,,,0.024927,
07/17/2019 19:30:00.000000,,,,15.679487,
07/17/2019 19:31:00.000000,,,,5.1825,
07/17/2019 19:32:00.000000,,,,0.00787,
07/17/2019 19:33:00.000000,,,,0.015549,
07/17/2019 19:34:00.000000,,,,0.01658,
07/17/2019 19:35:00.000000,,,,8.238462,
07/17/2019 19:36:00.000000,,,,9.84,
07/17/2019 19:37:00.000000,,,,11.433333,
07/17/2019 19:38:00.000000,,,,15.47619,
07/17/2019 19:39:00.000000,,,,18.114286,
07/17/2019 19:40:00.000000,,,,0.011505,
07/17/2019 19:41:00.000000,,,,7.328571,
07/17/2019 19:42:00.000000,,,,10.755814,
07/17/2019 19:43:00.000000,,,,7.402439,
07/17/2019 19:44:00.000000,,,,8.544186,
07/17/2019 19:45:00.000000,,,,0.008765,
07/17/2019 19:46:00.000000,,,,0.017987,
07/17/2019 19:47:00.000000,,,,0.009514,
07/17/2019 19:48:00.000000,,,,0.022525,
07/17/2019 19:49:00.000000,,,,0.012881,
07/17/2019 19:50:00.000000,,,,0.044372,
07/17/2019 19:51:00.000000,,,,0.023538,
07/17/2019 19:52:00.000000,,,,0.029737,
07/17/2019 19:53:00.000000,,,,0.022265,
07/17/2019 19:54:00.000000,,,,0.014425,
07/17/2019 19:55:00.000000,,,,15.765,
07/17/2019 19:56:00.000000,,,,8.721951,
07/17/2019 19:57:00.000000,,,,14.6,
07/17/2019 19:58:00.000000,,,,12.171429,
07/17/2019 19:59:00.000000,,,,12.039024,
07/17/2019 20:00:00.000000,,,,0.005872,
07/17/2019 20:01:00.000000,,,,9.97,
07/17/2019 20:02:00.000000,,,,0.025406,
07/17/2019 20:03:00.000000,,,,0.023231,
07/17/2019 20:04:00.000000,,,,10.797561,
07/17/2019 20:05:00.000000,,,,19.446341,
07/17/2019 20:06:00.000000,,,,0.038448,
07/17/2019 20:07:00.000000,,,,0.047687,
07/17/2019 20:08:00.000000,,,,13.995122,
07/17/2019 20:09:00.000000,,,,0.043123,
07/17/2019 20:10:00.000000,,,,34.485,
07/17/2019 20:11:00.000000,,,,10.512195,
07/17/2019 20:12:00.000000,,,,0.008905,
07/17/2019 20:13:00.000000,,,,0.01015,
07/17/2019 20:14:00.000000,,,,0.023815,
07/17/2019 20:15:00.000000,,,,8.942857,
07/17/2019 20:16:00.000000,,,,0.023425,
07/17/2019 20:17:00.000000,,,,0.030023,
07/17/2019 20:18:00.000000,,,,0.022777,
07/17/2019 20:19:00.000000,,,,10.502439,
07/17/2019 20:20:00.000000,,,,13.1,
07/17/2019 20:21:00.000000,,,,0.009899,
07/17/2019 20:22:00.000000,,,,13.783721,
07/17/2019 20:23:00.000000,,,,5.176744,
07/17/2019 20:24:00.000000,,,,0.013612,
07/17/2019 20:25:00.000000,,,,0.036076,
07/17/2019 20:26:00.000000,,,,0.02031,
07/17/2019 20:27:00.000000,,,,0.014294,
07/17/2019 20:28:00.000000,,,,0.033533,
07/17/2019 20:29:00.000000,,,,32.325581,
07/17/2019 20:30:00.000000,,,,36.171429,
07/17/2019 20:31:00.000000,,,,0.034381,
07/17/2019 20:32:00.000000,,,,0.029545,
07/17/2019 20:33:00.000000,,,,15.275,
07/17/2019 20:34:00.000000,,,,10.111628,
07/17/2019 20:35:00.000000,,,,0.017134,
07/17/2019 20:36:00.000000,,,,0.020536,
07/17/2019 20:37:00.000000,,,,25.929268,
07/17/2019 20:38:00.000000,,,,0.029059,
07/17/2019 20:39:00.000000,,,,0.04088,
07/17/2019 20:40:00.000000,,,,10.575,
07/17/2019 20:41:00.000000,,,,0.024342,
07/17/2019 20:42:00.000000,,,,0.011253,
07/17/2019 20:43:00.000000,,,,9.131707,
07/17/2019 20:44:00.000000,,,,3.655814,
07/17/2019 20:45:00.000000,,,,21.585714,
07/17/2019 20:46:00.000000,,,,25.390909,
07/17/2019 20:47:00.000000,,,,20.337209,
07/17/2019 20:48:00.000000,,,,0.03751,
07/17/2019 20:49:00.000000,,,,0.018136,
07/17/2019 20:50:00.000000,,,,0.016641,
07/17/2019 20:51:00.000000,,,,23.128571,
07/17/2019 20:52:00.000000,,,,0.017426,
07/17/2019 20:53:00.000000,,,,0.016128,
07/17/2019 20:54:00.000000,,,,22.616279,
07/17/2019 20:55:00.000000,,,,0.031771,
07/17/2019 20:56:00.000000,,,,0.013759,
07/17/2019 20:57:00.000000,,,,3.853846,
07/17/2019 20:58:00.000000,,,,22.9375,
07/17/2019 20:59:00.000000,,,,0.015838,
07/17/2019 21:00:00.000000,,,,21.062791,
07/17/2019 21:01:00.000000,,,,0.014564,
07/17/2019 21:02:00.000000,,,,11.078049,
07/17/2019 21:03:00.000000,,,,0.034844,
07/17/2019 21:04:00.000000,,,,11.547826,
07/17/2019 21:05:00.000000,,,,8.9,
07/17/2019 21:06:00.000000,,,,15.217073,
07/17/2019 21:07:00.000000,,,,0.018335,
07/17/2019 21:08:00.000000,,,,0.026814,
07/17/2019 21:09:00.000000,,,,0.01224,
07/17/2019 21:10:00.000000,,,,8.442857,
07/17/2019 21:11:00.000000,,,,9.471429,
07/17/2019 21:12:00.000000,,,,0.013293,
07/17/2019 21:13:00.000000,,,,0.013932,
07/17/2019 21:14:00.000000,,,,0.015569,
07/17/2019 21:15:00.000000,,,,4.528571,
07/17/2019 21:16:00.000000,,,,20.202439,
07/17/2019 21:17:00.000000,,,,0.017464,
07/17/2019 21:18:00.000000,,,,0.018499,
07/17/2019 21:19:00.000000,,,,4.829268,
07/17/2019 21:20:00.000000,,,,0.011019,
07/17/2019 21:21:00.000000,,,,0.015181,
07/17/2019 21:22:00.000000,,,,0.023562,
07/17/2019 21:23:00.000000,,,,6.114634,
07/17/2019 21:24:00.000000,,,,0.021484,
07/17/2019 21:25:00.000000,,,,0.017964,
07/17/2019 21:26:00.000000,,,,0.033934,
07/17/2019 21:27:00.000000,,,,0.013143,
07/17/2019 21:28:00.000000,,,,16.716279,
07/17/2019 21:29:00.000000,,,,0.018262,
07/17/2019 21:30:00.000000,,,,0.024485,
07/17/2019 21:31:00.000000,,,,18.889474,
07/17/2019 21:32:00.000000,,,,0.016223,
07/17/2019 21:33:00.000000,,,,0.023944,
07/17/2019 21:34:00.000000,,,,0.022069,
07/17/2019 21:35:00.000000,,,,0.016607,
07/17/2019 21:36:00.000000,,,,4.45,
07/17/2019 21:37:00.000000,,,,0.019504,
07/17/2019 21:38:00.000000,,,,14.729268,
07/17/2019 21:39:00.000000,,,,9.437143,
07/17/2019 21:40:00.000000,,,,9.396875,
07/17/2019 21:41:00.000000,,,,0.017425,
07/17/2019 21:42:00.000000,,,,14.940909,
07/17/2019 21:43:00.000000,,,,0.026891,
07/17/2019 21:44:00.000000,,,,15.87381,
07/17/2019 21:45:00.000000,,,,14.59,
07/17/2019 21:46:00.000000,,,,0.013007,
07/17/2019 21:47:00.000000,,,,8.11,
07/17/2019 21:48:00.000000,,,,25.132558,
07/17/2019 21:49:00.000000,,,,12.385366,
07/17/2019 21:50:00.000000,,,,0.009858,
07/17/2019 21:51:00.000000,,,,15.0625,
07/17/2019 21:52:00.000000,,,,12.918182,
07/17/2019 21:53:00.000000,,,,4.923077,
07/17/2019 21:54:00.000000,,,,11.205263,
07/17/2019 21:55:00.000000,,,,14.557143,
07/17/2019 21:56:00.000000,,,,0.00708,
07/17/2019 21:57:00.000000,,,,12.128571,
07/17/2019 21:58:00.000000,,,,0.011208,
07/17/2019 21:59:00.000000,,,,3.668182,
07/17/2019 22:00:00.000000,,,,19.486364,
07/17/2019 22:01:00.000000,,,,9.639535,
07/17/2019 22:02:00.000000,,,,0.005768,
07/17/2019 22:03:00.000000,,,,0.014376,
07/17/2019 22:04:00.000000,,,,9.326316,
07/17/2019 22:05:00.000000,,,,3.776923,
07/17/2019 22:06:00.000000,,,,0.018306,
07/17/2019 22:07:00.000000,,,,0.031609,
07/17/2019 22:08:00.000000,,,,0.009542,
07/17/2019 22:09:00.000000,,,,15.207143,
07/17/2019 22:10:00.000000,,,,0.007387,
07/17/2019 22:11:00.000000,,,,10.628889,
07/17/2019 22:12:00.000000,,,,0.020633,
07/17/2019 22:13:00.000000,,,,12.802326,
07/17/2019 22:14:00.000000,,,,0.006789,
07/17/2019 22:15:00.000000,,,,14.31,
07/17/2019 22:16:00.000000,,,,0.016058,
07/17/2019 22:17:00.000000,,,,9.742857,
07/17/2019 22:18:00.000000,,,,23.795455,
07/17/2019 22:19:00.000000,,,,0.021872,
07/17/2019 22:20:00.000000,,,,16.92,
07/17/2019 22:21:00.000000,,,,0.032019,
07/17/2019 22:22:00.000000,,,,0.015711,
07/17/2019 22:23:00.000000,,,,0.009945,
07/17/2019 22:24:00.000000,,,,10.5,
07/17/2019 22:25:00.000000,,,,0.00605,
07/17/2019 22:26:00.000000,,,,0.013657,
07/17/2019 22:27:00.000000,,,,8.065116,
07/17/2019 22:28:00.000000,,,,0.016201,
07/17/2019 22:29:00.000000,,,,5.028571,
07/17/2019 22:30:00.000000,,,,19.985714,
07/17/2019 22:31:00.000000,,,,17.834146,
07/17/2019 22:32:00.000000,,,,0.013612,
07/17/2019 22:33:00.000000,,,,0.025618,
07/17/2019 22:34:00.000000,,,,0.025484,
07/17/2019 22:35:00.000000,,,,0.024321,
07/17/2019 22:36:00.000000,,,,46.290476,
07/17/2019 22:37:00.000000,,,,15.065854,
07/17/2019 22:38:00.000000,,,,16.66,
07/17/2019 22:39:00.000000,,,,15.633333,
07/17/2019 22:40:00.000000,,,,9.810526,
07/17/2019 22:41:00.000000,,,,13.39,
07/17/2019 22:42:00.000000,,,,0.030134,
07/17/2019 22:43:00.000000,,,,19.395122,
07/17/2019 22:44:00.000000,,,,13.9,
07/17/2019 22:45:00.000000,,,,12.526316,
07/17/2019 22:46:00.000000,,,,5.457143,
07/17/2019 22:47:00.000000,,,,11.556098,
07/17/2019 22:48:00.000000,,,,16.615217,
07/17/2019 22:49:00.000000,,,,22.118605,
07/17/2019 22:50:00.000000,,,,19.430769,
07/17/2019 22:51:00.000000,,,,16.08,
07/17/2019 22:52:00.000000,,,,16.116279,
07/17/2019 22:53:00.000000,,,,0.031687,
07/17/2019 22:54:00.000000,,,,0.033153,
07/17/2019 22:55:00.000000,,,,0.01959,
07/17/2019 22:56:00.000000,,,,5.127907,
07/17/2019 22:57:00.000000,,,,10.856522,
07/17/2019 22:58:00.000000,,,,33.060976,
07/17/2019 22:59:00.000000,,,,18.0625,
07/17/2019 23:00:00.000000,,,,0.017098,
07/17/2019 23:01:00.000000,,,,16.264286,
07/17/2019 23:02:00.000000,,,,0.028076,
07/17/2019 23:03:00.000000,,,,0.010814,
07/17/2019 23:04:00.000000,,,,15.814286,
07/17/2019 23:05:00.000000,,,,24.185,
07/17/2019 23:06:00.000000,,,,23.139535,
07/17/2019 23:07:00.000000,,,,11.9,
07/17/2019 23:08:00.000000,,,,178.871428,
07/17/2019 23:09:00.000000,,,,32.067442,
07/17/2019 23:10:00.000000,,,,0.016155,
07/17/2019 23:11:00.000000,,,,0.005707,
07/17/2019 23:12:00.000000,,,,13.125,
07/17/2019 23:13:00.000000,,,,0.029421,
07/17/2019 23:14:00.000000,,,,0.017206,
07/17/2019 23:15:00.000000,,,,0.042491,
07/17/2019 23:16:00.000000,,,,0.020351,
07/17/2019 23:17:00.000000,,,,13.081818,
07/17/2019 23:18:00.000000,,,,0.04096,
07/17/2019 23:19:00.000000,,,,0.037666,
07/17/2019 23:20:00.000000,,,,0.017753,
07/17/2019 23:21:00.000000,,,,0.016687,
07/17/2019 23:22:00.000000,,,,0.074673,
07/17/2019 23:23:00.000000,,,,20.885714,
07/17/2019 23:24:00.000000,,,,0.068268,
07/17/2019 23:25:00.000000,,,,52.011628,
07/17/2019 23:26:00.000000,,,,27.621622,
07/17/2019 23:27:00.000000,,,,0.02811,
07/17/2019 23:28:00.000000,,,,0.019565,
07/17/2019 23:29:00.000000,,,,16.063415,
07/17/2019 23:30:00.000000,,,,10.72093,
07/17/2019 23:31:00.000000,,,,0.030718,
07/17/2019 23:32:00.000000,,,,15.74878,
07/17/2019 23:33:00.000000,,,,0.036197,
07/17/2019 23:34:00.000000,,,,0.020286,
07/17/2019 23:35:00.000000,,,,0.017428,
07/17/2019 23:36:00.000000,,,,0.018583,
07/17/2019 23:37:00.000000,,,,19.634146,
07/17/2019 23:38:00.000000,,,,0.032656,
07/17/2019 23:39:00.000000,,,,0.026022,
07/17/2019 23:40:00.000000,,,,23.230769,
07/17/2019 23:41:00.000000,,,,17.939024,
07/17/2019 23:42:00.000000,,,,0.036262,
07/17/2019 23:43:00.000000,,,,0.053135,
07/17/2019 23:44:00.000000,,,,22.193023,
07/17/2019 23:45:00.000000,,,,0.025733,
07/17/2019 23:46:00.000000,,,,0.011509,
07/17/2019 23:47:00.000000,,,,14.15814,
07/17/2019 23:48:00.000000,,,,0.012229,
07/17/2019 23:49:00.000000,,,,23.086046,
07/17/2019 23:50:00.000000,,,,13.707317,
07/17/2019 23:51:00.000000,,,,0.017406,
07/17/2019 23:52:00.000000,,,,0.033659,
07/17/2019 23:53:00.000000,,,,0.016119,
07/17/2019 23:54:00.000000,,,,12.915556,
07/17/2019 23:55:00.000000,,,,14.79,
07/17/2019 23:56:00.000000,,,,11.663415,
07/17/2019 23:57:00.000000,,,,14.097561,
07/17/2019 23:58:00.000000,,,,0.02318,
07/17/2019 23:59:00.000000,,,,0.030051,
07/18/2019 00:00:00.000000,,,,0.016116,
07/18/2019 00:01:00.000000,,,,9.368182,
07/18/2019 00:02:00.000000,,,,3.7,
07/18/2019 00:03:00.000000,,,,20.797674,
07/18/2019 00:04:00.000000,,,,21.204651,
07/18/2019 00:05:00.000000,,,,0.015554,
07/18/2019 00:06:00.000000,,,,0.004892,
07/18/2019 00:07:00.000000,,,,0.013045,
07/18/2019 00:08:00.000000,,,,11.607692,
07/18/2019 00:09:00.000000,,,,0.021838,
07/18/2019 00:10:00.000000,,,,0.014986,
07/18/2019 00:11:00.000000,,,,17.92381,
07/18/2019 00:12:00.000000,,,,0.014347,
07/18/2019 00:13:00.000000,,,,26.49,
07/18/2019 00:14:00.000000,,,,0.014795,
07/18/2019 00:15:00.000000,,,,0.015264,
07/18/2019 00:16:00.000000,,,,17.5,
07/18/2019 00:17:00.000000,,,,9.1125,
07/18/2019 00:18:00.000000,,,,0.010184,
07/18/2019 00:19:00.000000,,,,14.225641,
07/18/2019 00:20:00.000000,,,,23.892683,
07/18/2019 00:21:00.000000,,,,18.481081,
07/18/2019 00:22:00.000000,,,,29.618421,
07/18/2019 00:23:00.000000,,,,11.463636,
07/18/2019 00:24:00.000000,,,,11.970732,
07/18/2019 00:25:00.000000,,,,11.395349,
07/18/2019 00:26:00.000000,,,,19.238462,
07/18/2019 00:27:00.000000,,,,0.015282,
07/18/2019 00:28:00.000000,,,,0.022238,
07/18/2019 00:30:00.000000,,,,0.005521,
07/18/2019 00:31:00.000000,,,,14.310811,
07/18/2019 00:32:00.000000,,,,5.974359,
07/18/2019 00:33:00.000000,,,,18.207692,
07/18/2019 00:34:00.000000,,,,0.015771,
07/18/2019 00:35:00.000000,,,,14.42439,
07/18/2019 00:36:00.000000,,,,9.631707,
07/18/2019 00:37:00.000000,,,,0.016191,
07/18/2019 00:38:00.000000,,,,10.607317,
07/18/2019 00:39:00.000000,,,,10.897561,
07/18/2019 00:40:00.000000,,,,0.017473,
07/18/2019 00:41:00.000000,,,,4.909302,
07/18/2019 00:42:00.000000,,,,0.010475,
07/18/2019 00:43:00.000000,,,,4.723077,
07/18/2019 00:44:00.000000,,,,10.007692,
07/18/2019 00:45:00.000000,,,,0.033614,
07/18/2019 00:46:00.000000,,,,0.024405,
07/18/2019 00:47:00.000000,,,,0.007651,
07/18/2019 00:48:00.000000,,,,4.732558,
07/18/2019 00:49:00.000000,,,,0.010007,
07/18/2019 00:50:00.000000,,,,7.745,
07/18/2019 00:51:00.000000,,,,13.007317,
07/18/2019 00:52:00.000000,,,,18.314634,
07/18/2019 00:53:00.000000,,,,0.011679,
07/18/2019 00:54:00.000000,,,,0.021218,
07/18/2019 00:55:00.000000,,,,13.92439,
07/18/2019 00:56:00.000000,,,,0.014576,
07/18/2019 00:57:00.000000,,,,0.011647,
07/18/2019 00:58:00.000000,,,,0.025016,
07/18/2019 00:59:00.000000,,,,0.016888,
07/18/2019 01:00:00.000000,,,,10.633333,
07/18/2019 01:01:00.000000,,,,0.007404,
07/18/2019 01:02:00.000000,,,,8.992683,
07/18/2019 01:03:00.000000,,,,9.275,
07/18/2019 01:04:00.000000,,,,0.020343,
07/18/2019 01:05:00.000000,,,,0.010794,
07/18/2019 01:06:00.000000,,,,0.012857,
07/18/2019 01:07:00.000000,,,,5.661538,
07/18/2019 01:08:00.000000,,,,19.962162,
07/18/2019 01:09:00.000000,,,,19.095455,
07/18/2019 01:10:00.000000,,,,14.036364,
07/18/2019 01:11:00.000000,,,,0.030452,
07/18/2019 01:12:00.000000,,,,13.242857,
07/18/2019 01:13:00.000000,,,,22.578723,
07/18/2019 01:14:00.000000,,,,11.637209,
07/18/2019 01:15:00.000000,,,,15.2,
07/18/2019 01:16:00.000000,,,,0.045808,
07/18/2019 01:17:00.000000,,,,16.5875,
07/18/2019 01:18:00.000000,,,,16.971429,
07/18/2019 01:19:00.000000,,,,0.017177,
07/18/2019 01:20:00.000000,,,,25.987805,
07/18/2019 01:21:00.000000,,,,0.007163,
07/18/2019 01:22:00.000000,,,,0.01171,
07/18/2019 01:23:00.000000,,,,11.238095,
07/18/2019 01:24:00.000000,,,,4.494595,
07/18/2019 01:25:00.000000,,,,184.014634,
07/18/2019 01:26:00.000000,,,,34.68,
07/18/2019 01:27:00.000000,,,,0.021117,
07/18/2019 01:28:00.000000,,,,9.74186,
07/18/2019 01:29:00.000000,,,,0.018751,
07/18/2019 01:30:00.000000,,,,0.024673,
07/18/2019 01:31:00.000000,,,,0.019051,
07/18/2019 01:32:00.000000,,,,0.027279,
07/18/2019 01:33:00.000000,,,,0.024634,
07/18/2019 01:34:00.000000,,,,18.730233,
07/18/2019 01:35:00.000000,,,,22.485714,
07/18/2019 01:36:00.000000,,,,0.023082,
07/18/2019 01:37:00.000000,,,,18.627273,
07/18/2019 01:38:00.000000,,,,0.024847,
07/18/2019 01:39:00.000000,,,,0.021946,
07/18/2019 01:40:00.000000,,,,5.438462,
07/18/2019 01:41:00.000000,,,,7.185714,
07/18/2019 01:42:00.000000,,,,0.017367,
07/18/2019 01:43:00.000000,,,,0.029321,
07/18/2019 01:44:00.000000,,,,0.019868,
07/18/2019 01:45:00.000000,,,,19.1,
07/18/2019 01:46:00.000000,,,,0.038116,
07/18/2019 01:47:00.000000,,,,0.023694,
07/18/2019 01:48:00.000000,,,,19.9375,
07/18/2019 01:50:00.000000,,,,0.014848,
07/18/2019 01:51:00.000000,,,,20.028571,
07/18/2019 01:52:00.000000,,,,0.024866,
07/18/2019 01:53:00.000000,,,,24.360976,
07/18/2019 01:54:00.000000,,,,0.005932,
07/18/2019 01:55:00.000000,,,,0.023627,
07/18/2019 01:56:00.000000,,,,0.021508,
07/18/2019 01:57:00.000000,,,,11.253488,
07/18/2019 01:58:00.000000,,,,19.965116,
07/18/2019 01:59:00.000000,,,,14.961538,
07/18/2019 02:00:00.000000,,,,0.022858,
07/18/2019 02:01:00.000000,,,,0.020129,
07/18/2019 02:02:00.000000,,,,21.467567,
07/18/2019 02:03:00.000000,,,,11.556757,
07/18/2019 02:04:00.000000,,,,9.653846,
07/18/2019 02:05:00.000000,,,,0.018239,
07/18/2019 02:06:00.000000,,,,4.44,
07/18/2019 02:07:00.000000,,,,0.02399,
07/18/2019 02:08:00.000000,,,,0.026397,
07/18/2019 02:10:00.000000,,,,30.805263,
07/18/2019 02:11:00.000000,,,,0.018615,
07/18/2019 02:12:00.000000,,,,16.930769,
07/18/2019 02:13:00.000000,,,,16.938462,
07/18/2019 02:14:00.000000,,,,15.519512,
07/18/2019 02:15:00.000000,,,,0.040873,
07/18/2019 02:16:00.000000,,,,0.02301,
07/18/2019 02:17:00.000000,,,,0.02061,
07/18/2019 02:18:00.000000,,,,41.805263,
07/18/2019 02:19:00.000000,,,,0.022172,
07/18/2019 02:20:00.000000,,,,11.7,
07/18/2019 02:21:00.000000,,,,20.754054,
07/18/2019 02:22:00.000000,,,,0.018843,
07/18/2019 02:23:00.000000,,,,10.775,
07/18/2019 02:24:00.000000,,,,13.473171,
07/18/2019 02:25:00.000000,,,,20.058537,
07/18/2019 02:26:00.000000,,,,17.3125,
07/18/2019 02:27:00.000000,,,,0.020358,
07/18/2019 02:28:00.000000,,,,23.965909,
07/18/2019 02:29:00.000000,,,,13.771429,
07/18/2019 02:30:00.000000,,,,0.010634,
07/18/2019 02:31:00.000000,,,,8.056098,
07/18/2019 02:32:00.000000,,,,0.011848,
07/18/2019 02:33:00.000000,,,,0.025657,
07/18/2019 02:34:00.000000,,,,9.764286,
07/18/2019 02:35:00.000000,,,,0.011917,
07/18/2019 02:36:00.000000,,,,8.671429,
07/18/2019 02:37:00.000000,,,,12.8875,
07/18/2019 02:38:00.000000,,,,8.416667,
07/18/2019 02:39:00.000000,,,,0.013953,
07/18/2019 02:40:00.000000,,,,0.011697,
07/18/2019 02:41:00.000000,,,,0.014005,
07/18/2019 02:42:00.000000,,,,0.010273,
07/18/2019 02:43:00.000000,,,,8.653659,
07/18/2019 02:44:00.000000,,,,16.226829,
07/18/2019 02:45:00.000000,,,,19.634146,
07/18/2019 02:46:00.000000,,,,11.576316,
07/18/2019 02:47:00.000000,,,,4.836585,
07/18/2019 02:48:00.000000,,,,0.018228,
07/18/2019 02:50:00.000000,,,,19.0625,
07/18/2019 02:51:00.000000,,,,11.0125,
07/18/2019 02:52:00.000000,,,,8.4625,
07/18/2019 02:53:00.000000,,,,0.021536,
07/18/2019 02:54:00.000000,,,,29.3,
07/18/2019 02:55:00.000000,,,,23.5,
07/18/2019 02:56:00.000000,,,,14.246154,
07/18/2019 02:57:00.000000,,,,0.013808,
07/18/2019 02:58:00.000000,,,,13.142857,
07/18/2019 02:59:00.000000,,,,0.013775,
07/18/2019 03:00:00.000000,,,,0.029982,
07/18/2019 03:01:00.000000,,,,11.0625,
07/18/2019 03:02:00.000000,,,,0.005142,
07/18/2019 03:03:00.000000,,,,0.041577,
07/18/2019 03:04:00.000000,,,,0.019339,
07/18/2019 03:05:00.000000,,,,12.964102,
07/18/2019 03:06:00.000000,,,,32.721428,
07/18/2019 03:07:00.000000,,,,15.428571,
07/18/2019 03:08:00.000000,,,,0.014296,
07/18/2019 03:10:00.000000,,,,0.014321,
07/18/2019 03:11:00.000000,,,,0.010239,
07/18/2019 03:12:00.000000,,,,0.011052,
07/18/2019 03:13:00.000000,,,,0.010693,
07/18/2019 03:14:00.000000,,,,21.034146,
07/18/2019 03:15:00.000000,,,,12.32,
07/18/2019 03:16:00.000000,,,,0.018005,
07/18/2019 03:17:00.000000,,,,0.013924,
07/18/2019 03:18:00.000000,,,,27.842857,
07/18/2019 03:19:00.000000,,,,12.866667,
07/18/2019 03:20:00.000000,,,,13.213333,
07/18/2019 03:21:00.000000,,,,0.010756,
07/18/2019 03:22:00.000000,,,,0.005378,
07/18/2019 03:23:00.000000,,,,0.011788,
07/18/2019 03:24:00.000000,,,,9.275,
07/18/2019 03:25:00.000000,,,,17.36,
07/18/2019 03:26:00.000000,,,,36.566667,
07/18/2019 03:27:00.000000,,,,0.01975,
07/18/2019 03:28:00.000000,,,,7.684615,
07/18/2019 03:30:00.000000,,,,4.871429,
07/18/2019 03:31:00.000000,,,,18.597561,
07/18/2019 03:32:00.000000,,,,0.040765,
07/18/2019 03:33:00.000000,,,,17.746341,
07/18/2019 03:34:00.000000,,,,0.006754,
07/18/2019 03:35:00.000000,,,,6.579487,
07/18/2019 03:36:00.000000,,,,4.213333,
07/18/2019 03:37:00.000000,,,,13.019512,
07/18/2019 03:38:00.000000,,,,0.016146,
07/18/2019 03:39:00.000000,,,,0.009443,
07/18/2019 03:40:00.000000,,,,0.013838,
07/18/2019 03:41:00.000000,,,,13.670732,
07/18/2019 03:42:00.000000,,,,12.311111,
07/18/2019 03:43:00.000000,,,,12.087179,
07/18/2019 03:44:00.000000,,,,14.723077,
07/18/2019 03:45:00.000000,,,,0.022934,
07/18/2019 03:46:00.000000,,,,0.020488,
07/18/2019 03:47:00.000000,,,,11.325,
07/18/2019 03:48:00.000000,,,,0.006735,
07/18/2019 03:49:00.000000,,,,0.008843,
07/18/2019 03:50:00.000000,,,,4.605263,
07/18/2019 03:51:00.000000,,,,0.024168,
07/18/2019 03:52:00.000000,,,,15.595349,
07/18/2019 03:53:00.000000,,,,11.556098,
07/18/2019 03:54:00.000000,,,,5.22,
07/18/2019 03:55:00.000000,,,,14.627907,
07/18/2019 03:56:00.000000,,,,11.3625,
07/18/2019 03:57:00.000000,,,,16.143902,
07/18/2019 03:58:00.000000,,,,8.325,
07/18/2019 03:59:00.000000,,,,4.1,
07/18/2019 04:00:00.000000,,,,12.819512,
07/18/2019 04:01:00.000000,,,,0.024641,
07/18/2019 04:02:00.000000,,,,0.014147,
07/18/2019 04:03:00.000000,,,,9.802439,
07/18/2019 04:04:00.000000,,,,4.678571,
07/18/2019 04:05:00.000000,,,,0.020773,
07/18/2019 04:06:00.000000,,,,0.011164,
07/18/2019 04:07:00.000000,,,,7.607692,
07/18/2019 04:08:00.000000,,,,0.012836,
07/18/2019 04:09:00.000000,,,,7.912195,
07/18/2019 04:10:00.000000,,,,0.018702,
07/18/2019 04:11:00.000000,,,,0.016778,
07/18/2019 04:12:00.000000,,,,9.105,
07/18/2019 04:13:00.000000,,,,11.590909,
07/18/2019 04:14:00.000000,,,,16.010256,
07/18/2019 04:15:00.000000,,,,0.017577,
07/18/2019 04:16:00.000000,,,,5.325,
07/18/2019 04:17:00.000000,,,,7.3,
07/18/2019 04:18:00.000000,,,,20.854545,
07/18/2019 04:19:00.000000,,,,8.628571,
07/18/2019 04:20:00.000000,,,,0.020221,
07/18/2019 04:21:00.000000,,,,18.636842,
07/18/2019 04:22:00.000000,,,,0.016652,
07/18/2019 04:23:00.000000,,,,0.037629,
07/18/2019 04:24:00.000000,,,,0.019088,
07/18/2019 04:25:00.000000,,,,0.011812,
07/18/2019 04:26:00.000000,,,,4.873171,
07/18/2019 04:27:00.000000,,,,8.264286,
07/18/2019 04:28:00.000000,,,,0.01178,
07/18/2019 04:30:00.000000,,,,0.011087,
07/18/2019 04:31:00.000000,,,,0.008315,
07/18/2019 04:32:00.000000,,,,11.053659,
07/18/2019 04:33:00.000000,,,,0.021875,
07/18/2019 04:34:00.000000,,,,0.016756,
07/18/2019 04:35:00.000000,,,,13.163415,
07/18/2019 04:36:00.000000,,,,0.023069,
07/18/2019 04:37:00.000000,,,,15.509677,
07/18/2019 04:38:00.000000,,,,0.021643,
07/18/2019 04:39:00.000000,,,,16.208108,
07/18/2019 04:40:00.000000,,,,11.407143,
07/18/2019 04:41:00.000000,,,,15.278049,
07/18/2019 04:42:00.000000,,,,15.646154,
07/18/2019 04:43:00.000000,,,,0.015592,
07/18/2019 04:44:00.000000,,,,11.581818,
07/18/2019 04:45:00.000000,,,,9.035,
07/18/2019 04:46:00.000000,,,,11.879545,
07/18/2019 04:47:00.000000,,,,0.018429,
07/18/2019 04:48:00.000000,,,,0.006742,
07/18/2019 04:50:00.000000,,,,17.742857,
07/18/2019 04:51:00.000000,,,,0.017489,
07/18/2019 04:52:00.000000,,,,14.432558,
07/18/2019 04:53:00.000000,,,,7.518182,
07/18/2019 04:54:00.000000,,,,0.005278,
07/18/2019 04:55:00.000000,,,,0.015164,
07/18/2019 04:56:00.000000,,,,0.005833,
07/18/2019 04:57:00.000000,,,,0.014923,
07/18/2019 04:58:00.000000,,,,9.085714,
07/18/2019 04:59:00.000000,,,,11.430232,
07/18/2019 05:00:00.000000,,,,0.016693,
07/18/2019 05:01:00.000000,,,,20.688889,
07/18/2019 05:02:00.000000,,,,0.018274,
07/18/2019 05:03:00.000000,,,,0.012284,
07/18/2019 05:04:00.000000,,,,10.12973,
07/18/2019 05:05:00.000000,,,,0.006043,
07/18/2019 05:06:00.000000,,,,0.016463,
07/18/2019 05:07:00.000000,,,,0.019311,
07/18/2019 05:08:00.000000,,,,10.836364,
07/18/2019 05:09:00.000000,,,,0.01442,
07/18/2019 05:10:00.000000,,,,0.012598,
07/18/2019 05:11:00.000000,,,,0.021961,
07/18/2019 05:12:00.000000,,,,12.139024,
07/18/2019 05:13:00.000000,,,,29.3125,
07/18/2019 05:14:00.000000,,,,0.037642,
07/18/2019 05:15:00.000000,,,,9.875,
07/18/2019 05:16:00.000000,,,,9.297674,
07/18/2019 05:17:00.000000,,,,0.011013,
07/18/2019 05:18:00.000000,,,,0.014141,
07/18/2019 05:19:00.000000,,,,0.010637,
07/18/2019 05:20:00.000000,,,,4.870732,
07/18/2019 05:21:00.000000,,,,23.51,
07/18/2019 05:22:00.000000,,,,0.013858,
07/18/2019 05:23:00.000000,,,,12.8375,
07/18/2019 05:24:00.000000,,,,0.012551,
07/18/2019 05:25:00.000000,,,,9.408571,
07/18/2019 05:26:00.000000,,,,14.075,
07/18/2019 05:27:00.000000,,,,0.018447,
07/18/2019 05:28:00.000000,,,,13.157143,
07/18/2019 05:29:00.000000,,,,10.585714,
07/18/2019 05:30:00.000000,,,,12.432353,
07/18/2019 05:31:00.000000,,,,5.841463,
07/18/2019 05:32:00.000000,,,,0.021173,
07/18/2019 05:33:00.000000,,,,0.012221,
07/18/2019 05:34:00.000000,,,,11.731707,
07/18/2019 05:35:00.000000,,,,0.012075,
07/18/2019 05:36:00.000000,,,,16.269565,
07/18/2019 05:37:00.000000,,,,0.021225,
07/18/2019 05:38:00.000000,,,,14.080952,
07/18/2019 05:39:00.000000,,,,0.020964,
07/18/2019 05:40:00.000000,,,,0.021055,
07/18/2019 05:41:00.000000,,,,14.4375,
07/18/2019 05:42:00.000000,,,,34.470732,
07/18/2019 05:43:00.000000,,,,0.018121,
07/18/2019 05:44:00.000000,,,,6.210256,
07/18/2019 05:45:00.000000,,,,0.012373,
07/18/2019 05:46:00.000000,,,,14.55,
07/18/2019 05:47:00.000000,,,,0.031891,
07/18/2019 05:48:00.000000,,,,18.368182,
07/18/2019 05:49:00.000000,,,,0.01762,
07/18/2019 05:50:00.000000,,,,0.007063,
07/18/2019 05:51:00.000000,,,,9.128571,
07/18/2019 05:52:00.000000,,,,0.010192,
07/18/2019 05:53:00.000000,,,,13.959091,
07/18/2019 05:54:00.000000,,,,13.795,
07/18/2019 05:55:00.000000,,,,0.014845,
07/18/2019 05:56:00.000000,,,,18.153488,
07/18/2019 05:57:00.000000,,,,13.059459,
07/18/2019 05:58:00.000000,,,,0.012967,
07/18/2019 05:59:00.000000,,,,0.014261,
07/18/2019 06:00:00.000000,,,,6.3375,
07/18/2019 06:01:00.000000,,,,18.01,
07/18/2019 06:02:00.000000,,,,0.016107,
07/18/2019 06:03:00.000000,,,,23.3,
07/18/2019 06:04:00.000000,,,,0.030441,
07/18/2019 06:05:00.000000,,,,0.011183,
07/18/2019 06:06:00.000000,,,,9.32439,
07/18/2019 06:07:00.000000,,,,0.034698,
07/18/2019 06:08:00.000000,,,,14.8,
07/18/2019 06:09:00.000000,,,,0.015502,
07/18/2019 06:10:00.000000,,,,6.132558,
07/18/2019 06:11:00.000000,,,,0.015982,
07/18/2019 06:12:00.000000,,,,0.020614,
07/18/2019 06:13:00.000000,,,,0.013528,
07/18/2019 06:14:00.000000,,,,0.017941,
07/18/2019 06:15:00.000000,,,,22.928571,
07/18/2019 06:16:00.000000,,,,9.325,
07/18/2019 06:17:00.000000,,,,18.315789,
07/18/2019 06:18:00.000000,,,,13.939024,
07/18/2019 06:19:00.000000,,,,0.027589,
07/18/2019 06:20:00.000000,,,,15.021951,
07/18/2019 06:21:00.000000,,,,0.018129,
07/18/2019 06:22:00.000000,,,,0.019942,
07/18/2019 06:23:00.000000,,,,0.011815,
07/18/2019 06:24:00.000000,,,,8.871429,
07/18/2019 06:25:00.000000,,,,9.257143,
07/18/2019 06:26:00.000000,,,,0.007147,
07/18/2019 06:27:00.000000,,,,0.018754,
07/18/2019 06:28:00.000000,,,,11.061364,
07/18/2019 06:29:00.000000,,,,0.017462,
07/18/2019 06:30:00.000000,,,,0.020254,
07/18/2019 06:31:00.000000,,,,0.018858,
07/18/2019 06:32:00.000000,,,,18.71,
07/18/2019 06:33:00.000000,,,,14.490909,
07/18/2019 06:34:00.000000,,,,14.902326,
07/18/2019 06:35:00.000000,,,,0.016461,
07/18/2019 06:36:00.000000,,,,0.017752,
07/18/2019 06:37:00.000000,,,,8.627273,
07/18/2019 06:38:00.000000,,,,0.021477,
07/18/2019 06:39:00.000000,,,,0.013548,
07/18/2019 06:40:00.000000,,,,10.992683,
07/18/2019 06:41:00.000000,,,,16.997297,
07/18/2019 06:42:00.000000,,,,0.014797,
07/18/2019 06:43:00.000000,,,,0.013845,
07/18/2019 06:44:00.000000,,,,5.187179,
07/18/2019 06:45:00.000000,,,,0.028474,
07/18/2019 06:46:00.000000,,,,0.026604,
07/18/2019 06:47:00.000000,,,,7.0,
07/18/2019 06:48:00.000000,,,,0.006526,
07/18/2019 06:49:00.000000,,,,0.020431,
07/18/2019 06:50:00.000000,,,,0.012699,
07/18/2019 06:51:00.000000,,,,0.011743,
07/18/2019 06:52:00.000000,,,,12.234146,
07/18/2019 06:53:00.000000,,,,0.011348,
07/18/2019 06:54:00.000000,,,,11.4625,
07/18/2019 06:55:00.000000,,,,0.012138,
07/18/2019 06:56:00.000000,,,,15.086364,
07/18/2019 06:57:00.000000,,,,23.57619,
07/18/2019 06:58:00.000000,,,,8.438462,
07/18/2019 06:59:00.000000,,,,24.02439,
07/18/2019 07:00:00.000000,,,,0.021318,
07/18/2019 07:01:00.000000,,,,0.0263,
07/18/2019 07:02:00.000000,,,,13.614286,
07/18/2019 07:03:00.000000,,,,0.014395,
07/18/2019 07:04:00.000000,,,,10.7,
07/18/2019 07:05:00.000000,,,,12.7875,
07/18/2019 07:06:00.000000,,,,32.985714,
07/18/2019 07:07:00.000000,,,,0.069727,
07/18/2019 07:08:00.000000,,,,0.063332,
07/18/2019 07:09:00.000000,,,,0.024244,
07/18/2019 07:10:00.000000,,,,0.044011,
07/18/2019 07:11:00.000000,,,,15.785714,
07/18/2019 07:12:00.000000,,,,0.028826,
07/18/2019 07:13:00.000000,,,,0.019611,
07/18/2019 07:14:00.000000,,,,12.097561,
07/18/2019 07:15:00.000000,,,,22.527907,
07/18/2019 07:16:00.000000,,,,0.02156,
07/18/2019 07:17:00.000000,,,,15.9125,
07/18/2019 07:18:00.000000,,,,15.994444,
07/18/2019 07:19:00.000000,,,,12.986364,
07/18/2019 07:20:00.000000,,,,0.014646,
07/18/2019 07:21:00.000000,,,,10.437143,
07/18/2019 07:22:00.000000,,,,12.78,
07/18/2019 07:23:00.000000,,,,17.62,
07/18/2019 07:24:00.000000,,,,14.83,
07/18/2019 07:25:00.000000,,,,11.16,
07/18/2019 07:26:00.000000,,,,0.021394,
07/18/2019 07:27:00.000000,,,,12.892308,
07/18/2019 07:28:00.000000,,,,0.020969,
07/18/2019 07:29:00.000000,,,,8.725,
07/18/2019 07:30:00.000000,,,,0.01674,
07/18/2019 07:31:00.000000,,,,0.026193,
07/18/2019 07:32:00.000000,,,,0.009774,
07/18/2019 07:33:00.000000,,,,19.404878,
07/18/2019 07:34:00.000000,,,,14.46,
07/18/2019 07:35:00.000000,,,,0.024058,
07/18/2019 07:36:00.000000,,,,10.483333,
07/18/2019 07:37:00.000000,,,,0.017538,
07/18/2019 07:38:00.000000,,,,0.024887,
07/18/2019 07:39:00.000000,,,,8.333333,
07/18/2019 07:40:00.000000,,,,0.012505,
07/18/2019 07:41:00.000000,,,,7.3,
07/18/2019 07:42:00.000000,,,,0.013105,
07/18/2019 07:43:00.000000,,,,0.014348,
07/18/2019 07:44:00.000000,,,,9.85,
07/18/2019 07:45:00.000000,,,,9.94186,
07/18/2019 07:46:00.000000,,,,0.019669,
07/18/2019 07:47:00.000000,,,,8.030769,
07/18/2019 07:48:00.000000,,,,14.071795,
07/18/2019 07:49:00.000000,,,,19.4,
07/18/2019 07:50:00.000000,,,,14.480488,
07/18/2019 07:51:00.000000,,,,0.009669,
07/18/2019 07:52:00.000000,,,,10.112195,
07/18/2019 07:53:00.000000,,,,6.8375,
07/18/2019 07:54:00.000000,,,,10.25122,
07/18/2019 07:55:00.000000,,,,0.027184,
07/18/2019 07:56:00.000000,,,,0.015445,
07/18/2019 07:57:00.000000,,,,14.728571,
07/18/2019 07:58:00.000000,,,,13.75,
07/18/2019 07:59:00.000000,,,,12.219512,
07/18/2019 08:00:00.000000,,,,0.017598,
07/18/2019 08:01:00.000000,,,,0.025279,
07/18/2019 08:02:00.000000,,,,0.015528,
07/18/2019 08:03:00.000000,,,,11.297561,
07/18/2019 08:04:00.000000,,,,0.050704,
07/18/2019 08:05:00.000000,,,,0.03441,
07/18/2019 08:06:00.000000,,,,0.011358,
07/18/2019 08:07:00.000000,,,,0.012344,
07/18/2019 08:08:00.000000,,,,9.290476,
07/18/2019 08:09:00.000000,,,,12.711905,
07/18/2019 08:10:00.000000,,,,20.742857,
07/18/2019 08:11:00.000000,,,,17.330952,
07/18/2019 08:12:00.000000,,,,0.014619,
07/18/2019 08:13:00.000000,,,,18.4,
07/18/2019 08:14:00.000000,,,,17.494286,
07/18/2019 08:15:00.000000,,,,0.014391,
07/18/2019 08:16:00.000000,,,,26.131818,
07/18/2019 08:17:00.000000,,,,0.016769,
07/18/2019 08:18:00.000000,,,,15.963415,
07/18/2019 08:19:00.000000,,,,11.061538,
07/18/2019 08:20:00.000000,,,,15.695,
07/18/2019 08:21:00.000000,,,,15.7,
07/18/2019 08:22:00.000000,,,,0.015178,
07/18/2019 08:23:00.000000,,,,0.018503,
07/18/2019 08:24:00.000000,,,,20.781818,
07/18/2019 08:25:00.000000,,,,14.258537,
07/18/2019 08:26:00.000000,,,,6.990698,
07/18/2019 08:27:00.000000,,,,0.010986,
07/18/2019 08:28:00.000000,,,,13.410256,
07/18/2019 08:29:00.000000,,,,12.285714,
07/18/2019 08:30:00.000000,,,,0.029388,
07/18/2019 08:31:00.000000,,,,14.647619,
07/18/2019 08:32:00.000000,,,,0.018685,
07/18/2019 08:33:00.000000,,,,0.024851,
07/18/2019 08:34:00.000000,,,,9.275,
07/18/2019 08:35:00.000000,,,,0.008476,
07/18/2019 08:36:00.000000,,,,0.024068,
07/18/2019 08:37:00.000000,,,,0.030626,
07/18/2019 08:38:00.000000,,,,15.82439,
07/18/2019 08:39:00.000000,,,,0.014065,
07/18/2019 08:40:00.000000,,,,0.009652,
07/18/2019 08:41:00.000000,,,,0.016437,
07/18/2019 08:42:00.000000,,,,26.71,
07/18/2019 08:43:00.000000,,,,0.013776,
07/18/2019 08:44:00.000000,,,,13.195,
07/18/2019 08:45:00.000000,,,,0.018495,
07/18/2019 08:46:00.000000,,,,11.207692,
07/18/2019 08:47:00.000000,,,,0.032173,
07/18/2019 08:48:00.000000,,,,13.207317,
07/18/2019 08:49:00.000000,,,,15.52439,
07/18/2019 08:50:00.000000,,,,11.470732,
07/18/2019 08:51:00.000000,,,,0.015839,
07/18/2019 08:52:00.000000,,,,12.234146,
07/18/2019 08:53:00.000000,,,,0.014251,
07/18/2019 08:54:00.000000,,,,0.015756,
07/18/2019 08:55:00.000000,,,,8.102222,
07/18/2019 08:56:00.000000,,,,7.457143,
07/18/2019 08:57:00.000000,,,,0.008713,
07/18/2019 08:58:00.000000,,,,0.019438,
07/18/2019 08:59:00.000000,,,,12.565116,
07/18/2019 09:00:00.000000,,,,0.009735,
07/18/2019 09:01:00.000000,,,,0.018998,
07/18/2019 09:02:00.000000,,,,12.511628,
07/18/2019 09:03:00.000000,,,,0.02859,
07/18/2019 09:04:00.000000,,,,0.014786,
07/18/2019 09:05:00.000000,,,,16.811905,
07/18/2019 09:06:00.000000,,,,0.041775,
07/18/2019 09:07:00.000000,,,,0.021765,
07/18/2019 09:08:00.000000,,,,0.016561,
07/18/2019 09:09:00.000000,,,,0.016706,
07/18/2019 09:10:00.000000,,,,0.012979,
07/18/2019 09:11:00.000000,,,,19.618182,
07/18/2019 09:12:00.000000,,,,9.723077,
07/18/2019 09:13:00.000000,,,,0.019412,
07/18/2019 09:14:00.000000,,,,0.008858,
07/18/2019 09:15:00.000000,,,,0.013047,
07/18/2019 09:16:00.000000,,,,0.014825,
07/18/2019 09:17:00.000000,,,,0.014918,
07/18/2019 09:18:00.000000,,,,28.041026,
07/18/2019 09:19:00.000000,,,,16.656098,
07/18/2019 09:20:00.000000,,,,12.757143,
07/18/2019 09:21:00.000000,,,,12.844186,
07/18/2019 09:22:00.000000,,,,0.032906,
07/18/2019 09:23:00.000000,,,,0.016974,
07/18/2019 09:24:00.000000,,,,8.73,
07/18/2019 09:25:00.000000,,,,0.017935,
07/18/2019 09:26:00.000000,,,,27.5125,
07/18/2019 09:27:00.000000,,,,0.013929,
07/18/2019 09:28:00.000000,,,,9.944186,
07/18/2019 09:29:00.000000,,,,10.939024,
07/18/2019 09:30:00.000000,,,,0.020227,
07/18/2019 09:31:00.000000,,,,0.022633,
07/18/2019 09:32:00.000000,,,,12.382353,
07/18/2019 09:33:00.000000,,,,13.884211,
07/18/2019 09:34:00.000000,,,,0.012937,
07/18/2019 09:35:00.000000,,,,10.509091,
07/18/2019 09:36:00.000000,,,,0.013929,
07/18/2019 09:37:00.000000,,,,12.414286,
07/18/2019 09:38:00.000000,,,,0.008229,
07/18/2019 09:39:00.000000,,,,6.525,
07/18/2019 09:40:00.000000,,,,10.642105,
07/18/2019 09:41:00.000000,,,,0.012762,
07/18/2019 09:42:00.000000,,,,10.792308,
07/18/2019 09:43:00.000000,,,,20.445455,
07/18/2019 09:44:00.000000,,,,22.258823,
07/18/2019 09:45:00.000000,,,,0.035012,
07/18/2019 09:46:00.000000,,,,0.013195,
07/18/2019 09:47:00.000000,,,,6.171429,
07/18/2019 09:48:00.000000,,,,9.739024,
07/18/2019 09:49:00.000000,,,,0.010717,
07/18/2019 09:50:00.000000,,,,9.190909,
07/18/2019 09:51:00.000000,,,,19.328571,
07/18/2019 09:52:00.000000,,,,0.009778,
07/18/2019 09:53:00.000000,,,,23.558537,
07/18/2019 09:54:00.000000,,,,0.021755,
07/18/2019 09:55:00.000000,,,,0.017067,
07/18/2019 09:56:00.000000,,,,0.029674,
07/18/2019 09:57:00.000000,,,,16.178571,
07/18/2019 09:58:00.000000,,,,0.025821,
07/18/2019 09:59:00.000000,,,,8.963636,
07/18/2019 10:00:00.000000,,,,29.302439,
07/18/2019 10:01:00.000000,,,,18.538462,
07/18/2019 10:02:00.000000,,,,0.017334,
07/18/2019 10:03:00.000000,,,,0.019546,
07/18/2019 10:04:00.000000,,,,30.713953,
07/18/2019 10:05:00.000000,,,,29.123077,
07/18/2019 10:06:00.000000,,,,32.17561,
07/18/2019 10:07:00.000000,,,,23.513333,
07/18/2019 10:08:00.000000,,,,0.02445,
07/18/2019 10:10:00.000000,,,,22.271429,
07/18/2019 10:11:00.000000,,,,26.533333,
07/18/2019 10:12:00.000000,,,,0.022935,
07/18/2019 10:13:00.000000,,,,0.027399,
07/18/2019 10:14:00.000000,,,,22.346154,
07/18/2019 10:15:00.000000,,,,0.033547,
07/18/2019 10:16:00.000000,,,,23.057143,
07/18/2019 10:17:00.000000,,,,27.060465,
07/18/2019 10:18:00.000000,,,,27.52439,
07/18/2019 10:19:00.000000,,,,0.040778,
07/18/2019 10:20:00.000000,,,,0.024487,
07/18/2019 10:21:00.000000,,,,0.025836,
07/18/2019 10:22:00.000000,,,,0.03025,
07/18/2019 10:23:00.000000,,,,0.02834,
07/18/2019 10:24:00.000000,,,,20.114286,
07/18/2019 10:25:00.000000,,,,15.687805,
07/18/2019 10:26:00.000000,,,,0.02462,
07/18/2019 10:27:00.000000,,,,0.029236,
07/18/2019 10:28:00.000000,,,,0.024066,
07/18/2019 10:29:00.000000,,,,0.019408,
07/18/2019 10:30:00.000000,,,,13.8875,
07/18/2019 10:31:00.000000,,,,0.01471,
07/18/2019 10:32:00.000000,,,,0.033052,
07/18/2019 10:33:00.000000,,,,0.024086,
07/18/2019 10:34:00.000000,,,,0.017234,
07/18/2019 10:35:00.000000,,,,0.013705,
07/18/2019 10:36:00.000000,,,,13.17561,
07/18/2019 10:37:00.000000,,,,9.04,
07/18/2019 10:38:00.000000,,,,20.092857,
07/18/2019 10:39:00.000000,,,,0.02217,
07/18/2019 10:40:00.000000,,,,0.021985,
07/18/2019 10:41:00.000000,,,,0.028685,
07/18/2019 10:42:00.000000,,,,0.023338,
07/18/2019 10:43:00.000000,,,,18.771795,
07/18/2019 10:44:00.000000,,,,0.022035,
07/18/2019 10:45:00.000000,,,,0.020557,
07/18/2019 10:46:00.000000,,,,0.02503,
07/18/2019 10:47:00.000000,,,,0.031513,
07/18/2019 10:48:00.000000,,,,0.032416,
07/18/2019 10:50:00.000000,,,,20.725641,
07/18/2019 10:51:00.000000,,,,15.76,
07/18/2019 10:52:00.000000,,,,14.141176,
07/18/2019 10:53:00.000000,,,,17.825,
07/18/2019 10:54:00.000000,,,,0.02544,
07/18/2019 10:55:00.000000,,,,0.025974,
07/18/2019 10:56:00.000000,,,,0.01869,
07/18/2019 10:57:00.000000,,,,0.008771,
07/18/2019 10:58:00.000000,,,,0.015798,
07/18/2019 10:59:00.000000,,,,0.008781,
07/18/2019 11:00:00.000000,,,,12.197297,
07/18/2019 11:01:00.000000,,,,0.014423,
07/18/2019 11:02:00.000000,,,,19.172727,
07/18/2019 11:03:00.000000,,,,14.635294,
07/18/2019 11:04:00.000000,,,,0.016393,
07/18/2019 11:05:00.000000,,,,13.385366,
07/18/2019 11:06:00.000000,,,,12.807692,
07/18/2019 11:07:00.000000,,,,20.964286,
07/18/2019 11:08:00.000000,,,,13.568182,
07/18/2019 11:09:00.000000,,,,12.644186,
07/18/2019 11:10:00.000000,,,,0.030548,
07/18/2019 11:11:00.000000,,,,0.02079,
07/18/2019 11:12:00.000000,,,,0.011576,
07/18/2019 11:13:00.000000,,,,0.019444,
07/18/2019 11:14:00.000000,,,,14.180488,
07/18/2019 11:15:00.000000,,,,0.015315,
07/18/2019 11:16:00.000000,,,,0.01248,
07/18/2019 11:17:00.000000,,,,0.023902,
07/18/2019 11:18:00.000000,,,,23.313953,
07/18/2019 11:19:00.000000,,,,0.026038,
07/18/2019 11:20:00.000000,,,,0.03292,
07/18/2019 11:21:00.000000,,,,14.22093,
07/18/2019 11:22:00.000000,,,,8.4,
07/18/2019 11:23:00.000000,,,,13.519512,
07/18/2019 11:24:00.000000,,,,17.624444,
07/18/2019 11:25:00.000000,,,,0.019292,
07/18/2019 11:26:00.000000,,,,0.014255,
07/18/2019 11:27:00.000000,,,,11.992857,
07/18/2019 11:28:00.000000,,,,0.014821,
07/18/2019 11:30:00.000000,,,,8.104762,
07/18/2019 11:31:00.000000,,,,10.404348,
07/18/2019 11:32:00.000000,,,,6.942857,
07/18/2019 11:33:00.000000,,,,13.153846,
07/18/2019 11:34:00.000000,,,,12.342857,
07/18/2019 11:35:00.000000,,,,0.010624,
07/18/2019 11:36:00.000000,,,,6.982927,
07/18/2019 11:37:00.000000,,,,22.623077,
07/18/2019 11:38:00.000000,,,,0.022647,
07/18/2019 11:39:00.000000,,,,0.01551,
07/18/2019 11:40:00.000000,,,,16.708696,
07/18/2019 11:41:00.000000,,,,0.021475,
07/18/2019 11:42:00.000000,,,,0.036522,
07/18/2019 11:43:00.000000,,,,0.027029,
07/18/2019 11:44:00.000000,,,,26.906667,
07/18/2019 11:45:00.000000,,,,19.195349,
07/18/2019 11:46:00.000000,,,,10.857143,
07/18/2019 11:47:00.000000,,,,0.015139,
07/18/2019 11:48:00.000000,,,,21.362791,
07/18/2019 11:50:00.000000,,,,7.623077,
07/18/2019 11:51:00.000000,,,,9.195349,
07/18/2019 11:52:00.000000,,,,17.026829,
07/18/2019 11:53:00.000000,,,,14.7,
07/18/2019 11:54:00.000000,,,,17.448837,
07/18/2019 11:55:00.000000,,,,0.011704,
07/18/2019 11:56:00.000000,,,,0.021598,
07/18/2019 11:57:00.000000,,,,0.009575,
07/18/2019 11:58:00.000000,,,,8.865116,
07/18/2019 11:59:00.000000,,,,24.114286,
07/18/2019 12:00:00.000000,,,,7.266667,
07/18/2019 12:01:00.000000,,,,10.270732,
07/18/2019 12:02:00.000000,,,,0.024005,
07/18/2019 12:03:00.000000,,,,30.74,
07/18/2019 12:04:00.000000,,,,21.21,
07/18/2019 12:05:00.000000,,,,17.697674,
07/18/2019 12:06:00.000000,,,,0.018341,
07/18/2019 12:07:00.000000,,,,27.638095,
07/18/2019 12:08:00.000000,,,,0.021039,
07/18/2019 12:09:00.000000,,,,10.035,
07/18/2019 12:10:00.000000,,,,0.020525,
07/18/2019 12:11:00.000000,,,,7.5,
07/18/2019 12:12:00.000000,,,,21.173684,
07/18/2019 12:13:00.000000,,,,0.014593,
07/18/2019 12:14:00.000000,,,,7.2875,
07/18/2019 12:15:00.000000,,,,0.013728,
07/18/2019 12:16:00.000000,,,,7.457895,
07/18/2019 12:17:00.000000,,,,12.453846,
07/18/2019 12:18:00.000000,,,,13.580645,
07/18/2019 12:19:00.000000,,,,43.01,
07/18/2019 12:20:00.000000,,,,19.943902,
07/18/2019 12:21:00.000000,,,,11.94878,
07/18/2019 12:22:00.000000,,,,0.009093,
07/18/2019 12:23:00.000000,,,,0.020236,
07/18/2019 12:24:00.000000,,,,0.014922,
07/18/2019 12:25:00.000000,,,,0.040143,
07/18/2019 12:26:00.000000,,,,0.020535,
07/18/2019 12:27:00.000000,,,,11.2,
07/18/2019 12:28:00.000000,,,,15.545,
07/18/2019 12:29:00.000000,,,,14.765116,
07/18/2019 12:30:00.000000,,,,22.54186,
07/18/2019 12:31:00.000000,,,,13.947826,
07/18/2019 12:32:00.000000,,,,13.284615,
07/18/2019 12:33:00.000000,,,,0.021407,
07/18/2019 12:34:00.000000,,,,14.034146,
07/18/2019 12:35:00.000000,,,,13.227273,
07/18/2019 12:36:00.000000,,,,0.013288,
07/18/2019 12:37:00.000000,,,,0.022953,
07/18/2019 12:38:00.000000,,,,21.1125,
07/18/2019 12:39:00.000000,,,,18.985714,
07/18/2019 12:40:00.000000,,,,7.944186,
07/18/2019 12:41:00.000000,,,,0.018495,
07/18/2019 12:42:00.000000,,,,16.625,
07/18/2019 12:43:00.000000,,,,0.014701,
07/18/2019 12:44:00.000000,,,,7.8,
07/18/2019 12:45:00.000000,,,,19.520455,
07/18/2019 12:46:00.000000,,,,0.009119,
07/18/2019 12:47:00.000000,,,,0.035247,
07/18/2019 12:48:00.000000,,,,0.031615,
07/18/2019 12:50:00.000000,,,,33.485714,
07/18/2019 12:51:00.000000,,,,17.9,
07/18/2019 12:52:00.000000,,,,20.785714,
07/18/2019 12:53:00.000000,,,,0.014638,
07/18/2019 12:54:00.000000,,,,6.773171,
07/18/2019 12:55:00.000000,,,,0.020569,
07/18/2019 12:56:00.000000,,,,0.017318,
07/18/2019 12:57:00.000000,,,,10.965854,
07/18/2019 12:58:00.000000,,,,10.853846,
07/18/2019 12:59:00.000000,,,,0.012403,
07/18/2019 13:00:00.000000,,,,0.013909,
07/18/2019 13:01:00.000000,,,,0.017932,
07/18/2019 13:02:00.000000,,,,0.029272,
07/18/2019 13:03:00.000000,,,,0.011671,
07/18/2019 13:04:00.000000,,,,20.881818,
07/18/2019 13:05:00.000000,,,,0.023126,
07/18/2019 13:06:00.000000,,,,41.966667,
07/18/2019 13:07:00.000000,,,,33.385714,
07/18/2019 13:08:00.000000,,,,15.819512,
07/18/2019 13:09:00.000000,,,,0.021035,
07/18/2019 13:10:00.000000,,,,20.392308,
07/18/2019 13:11:00.000000,,,,0.023064,
07/18/2019 13:12:00.000000,,,,39.55,
07/18/2019 13:13:00.000000,,,,16.345455,
07/18/2019 13:14:00.000000,,,,0.03325,
07/18/2019 13:15:00.000000,,,,0.033747,
07/18/2019 13:16:00.000000,,,,0.034948,
07/18/2019 13:17:00.000000,,,,26.492683,
07/18/2019 13:18:00.000000,,,,0.018551,
07/18/2019 13:19:00.000000,,,,0.03265,
07/18/2019 13:20:00.000000,,,,38.809302,
07/18/2019 13:21:00.000000,,,,22.890698,
07/18/2019 13:22:00.000000,,,,127.14186,
07/18/2019 13:23:00.000000,,,,0.055693,
07/18/2019 13:24:00.000000,,,,39.582927,
07/18/2019 13:25:00.000000,,,,0.046708,
07/18/2019 13:26:00.000000,,,,31.294872,
07/18/2019 13:27:00.000000,,,,20.314634,
07/18/2019 13:28:00.000000,,,,31.5,
07/18/2019 13:29:00.000000,,,,14.933333,
07/18/2019 13:30:00.000000,,,,0.037329,
07/18/2019 13:31:00.000000,,,,0.040776,
07/18/2019 13:32:00.000000,,,,0.03737,
07/18/2019 13:33:00.000000,,,,32.228205,
07/18/2019 13:34:00.000000,,,,37.177273,
07/18/2019 13:35:00.000000,,,,20.157143,
07/18/2019 13:36:00.000000,,,,20.956098,
07/18/2019 13:37:00.000000,,,,0.045418,
07/18/2019 13:38:00.000000,,,,0.038186,
07/18/2019 13:39:00.000000,,,,39.331579,
07/18/2019 13:40:00.000000,,,,0.042228,
07/18/2019 13:41:00.000000,,,,0.020212,
07/18/2019 13:42:00.000000,,,,33.286047,
07/18/2019 13:43:00.000000,,,,38.041463,
07/18/2019 13:44:00.000000,,,,0.043202,
07/18/2019 13:45:00.000000,,,,35.545238,
07/18/2019 13:46:00.000000,,,,26.35,
07/18/2019 13:47:00.000000,,,,0.053481,
07/18/2019 13:48:00.000000,,,,0.040819,
07/18/2019 13:49:00.000000,,,,0.051582,
07/18/2019 13:50:00.000000,,,,31.34186,
07/18/2019 13:51:00.000000,,,,0.041121,
07/18/2019 13:52:00.000000,,,,32.542857,
07/18/2019 13:53:00.000000,,,,24.042857,
07/18/2019 13:54:00.000000,,,,0.046335,
07/18/2019 13:55:00.000000,,,,0.062445,
07/18/2019 13:56:00.000000,,,,42.2,
07/18/2019 13:57:00.000000,,,,27.176744,
07/18/2019 13:58:00.000000,,,,38.63421,
07/18/2019 13:59:00.000000,,,,36.655814,
07/18/2019 14:00:00.000000,,,,44.429268,
07/18/2019 14:01:00.000000,,,,37.973333,
07/18/2019 14:02:00.000000,,,,0.053941,
07/18/2019 14:03:00.000000,,,,39.52,
07/18/2019 14:04:00.000000,,,,44.367442,
07/18/2019 14:05:00.000000,,,,53.672093,
07/18/2019 14:06:00.000000,,,,26.085714,
07/18/2019 14:07:00.000000,,,,0.054242,
07/18/2019 14:08:00.000000,,,,0.034444,
07/18/2019 14:09:00.000000,,,,0.032307,
07/18/2019 14:10:00.000000,,,,40.83,
07/18/2019 14:11:00.000000,,,,35.041463,
07/18/2019 14:12:00.000000,,,,38.507317,
07/18/2019 14:13:00.000000,,,,31.321951,
07/18/2019 14:14:00.000000,,,,22.081818,
07/18/2019 14:15:00.000000,,,,31.257143,
07/18/2019 14:16:00.000000,,,,0.046192,
07/18/2019 14:17:00.000000,,,,23.594595,
07/18/2019 14:18:00.000000,,,,0.040821,
07/18/2019 14:19:00.000000,,,,0.025282,
07/18/2019 14:20:00.000000,,,,28.502439,
07/18/2019 14:21:00.000000,,,,40.038636,
07/18/2019 14:22:00.000000,,,,0.055748,
07/18/2019 14:23:00.000000,,,,0.040494,
07/18/2019 14:24:00.000000,,,,28.291667,
07/18/2019 14:25:00.000000,,,,19.246154,
07/18/2019 14:26:00.000000,,,,0.038045,
07/18/2019 14:27:00.000000,,,,0.024568,
07/18/2019 14:28:00.000000,,,,0.053972,
07/18/2019 14:29:00.000000,,,,0.030088,
07/18/2019 14:30:00.000000,,,,24.859091,
07/18/2019 14:31:00.000000,,,,30.914286,
07/18/2019 14:32:00.000000,,,,0.046546,
07/18/2019 14:33:00.000000,,,,0.073602,
07/18/2019 14:34:00.000000,,,,0.056881,
07/18/2019 14:35:00.000000,,,,42.742857,
07/18/2019 14:36:00.000000,,,,0.076808,
07/18/2019 14:37:00.000000,,,,0.044997,
07/18/2019 14:38:00.000000,,,,0.04563,
07/18/2019 14:39:00.000000,,,,51.628571,
07/18/2019 14:40:00.000000,,,,34.731818,
07/18/2019 14:41:00.000000,,,,74.557143,
07/18/2019 14:42:00.000000,,,,48.339474,
07/18/2019 14:43:00.000000,,,,42.679545,
07/18/2019 14:44:00.000000,,,,0.056643,
07/18/2019 14:45:00.000000,,,,32.839535,
07/18/2019 14:46:00.000000,,,,27.741463,
07/18/2019 14:47:00.000000,,,,40.228571,
07/18/2019 14:48:00.000000,,,,43.104762,
07/18/2019 14:50:00.000000,,,,35.974359,
07/18/2019 14:51:00.000000,,,,21.514286,
07/18/2019 14:52:00.000000,,,,31.369231,
07/18/2019 14:53:00.000000,,,,39.382609,
07/18/2019 14:54:00.000000,,,,23.476744,
07/18/2019 14:55:00.000000,,,,0.055163,
07/18/2019 14:56:00.000000,,,,0.05895,
07/18/2019 14:57:00.000000,,,,0.057839,
07/18/2019 14:58:00.000000,,,,0.055159,
07/18/2019 14:59:00.000000,,,,0.026889,
07/18/2019 15:00:00.000000,,,,25.664102,
07/18/2019 15:01:00.000000,,,,0.044932,
07/18/2019 15:02:00.000000,,,,0.028806,
07/18/2019 15:03:00.000000,,,,0.045276,
07/18/2019 15:04:00.000000,,,,39.890322,
07/18/2019 15:05:00.000000,,,,0.029071,
07/18/2019 15:06:00.000000,,,,0.031538,
07/18/2019 15:07:00.000000,,,,12.827027,
07/18/2019 15:08:00.000000,,,,54.04,
07/18/2019 15:09:00.000000,,,,50.892857,
07/18/2019 15:10:00.000000,,,,25.897368,
07/18/2019 15:11:00.000000,,,,0.022229,
07/18/2019 15:12:00.000000,,,,0.022393,
07/18/2019 15:13:00.000000,,,,0.034852,
07/18/2019 15:14:00.000000,,,,0.039328,
07/18/2019 15:15:00.000000,,,,30.25,
07/18/2019 15:16:00.000000,,,,36.995349,
07/18/2019 15:17:00.000000,,,,0.024806,
07/18/2019 15:18:00.000000,,,,33.6125,
07/18/2019 15:19:00.000000,,,,0.050613,
07/18/2019 15:20:00.000000,,,,60.983721,
07/18/2019 15:21:00.000000,,,,47.3,
07/18/2019 15:22:00.000000,,,,0.085119,
07/18/2019 15:23:00.000000,,,,0.04487,
07/18/2019 15:24:00.000000,,,,42.3475,
07/18/2019 15:25:00.000000,,,,44.585,
07/18/2019 15:26:00.000000,,,,77.17,
07/18/2019 15:27:00.000000,,,,0.053177,
07/18/2019 15:28:00.000000,,,,0.053198,
07/18/2019 15:30:00.000000,,,,24.395122,
07/18/2019 15:31:00.000000,,,,30.963415,
07/18/2019 15:32:00.000000,,,,36.97907,
07/18/2019 15:33:00.000000,,,,0.036038,
07/18/2019 15:34:00.000000,,,,0.059193,
07/18/2019 15:35:00.000000,,,,0.040183,
07/18/2019 15:36:00.000000,,,,51.778571,
07/18/2019 15:37:00.000000,,,,49.942857,
07/18/2019 15:38:00.000000,,,,27.2275,
07/18/2019 15:39:00.000000,,,,26.55122,
07/18/2019 15:40:00.000000,,,,36.1,
07/18/2019 15:41:00.000000,,,,18.039024,
07/18/2019 15:42:00.000000,,,,29.442857,
07/18/2019 15:43:00.000000,,,,32.551163,
07/18/2019 15:44:00.000000,,,,16.2575,
07/18/2019 15:45:00.000000,,,,17.134884,
07/18/2019 15:46:00.000000,,,,32.9375,
07/18/2019 15:47:00.000000,,,,28.625,
07/18/2019 15:48:00.000000,,,,0.027345,
07/18/2019 15:50:00.000000,,,,0.034061,
07/18/2019 15:51:00.000000,,,,0.033489,
07/18/2019 15:52:00.000000,,,,24.6,
07/18/2019 15:53:00.000000,,,,20.053659,
07/18/2019 15:54:00.000000,,,,37.731707,
07/18/2019 15:55:00.000000,,,,0.038853,
07/18/2019 15:56:00.000000,,,,0.031172,
07/18/2019 15:57:00.000000,,,,33.028571,
07/18/2019 15:58:00.000000,,,,0.046849,
07/18/2019 15:59:00.000000,,,,0.020299,
07/18/2019 16:00:00.000000,,,,0.039331,
07/18/2019 16:01:00.000000,,,,20.827273,
07/18/2019 16:02:00.000000,,,,0.027323,
07/18/2019 16:03:00.000000,,,,26.586047,
07/18/2019 16:04:00.000000,,,,0.041036,
07/18/2019 16:05:00.000000,,,,0.037982,
07/18/2019 16:06:00.000000,,,,38.975,
07/18/2019 16:07:00.000000,,,,15.34878,
07/18/2019 16:08:00.000000,,,,25.762791,
07/18/2019 16:10:00.000000,,,,27.216279,
07/18/2019 16:11:00.000000,,,,20.14,
07/18/2019 16:12:00.000000,,,,0.035273,
07/18/2019 16:13:00.000000,,,,20.485,
07/18/2019 16:14:00.000000,,,,0.037943,
07/18/2019 16:15:00.000000,,,,30.142424,
07/18/2019 16:16:00.000000,,,,0.020828,
07/18/2019 16:17:00.000000,,,,15.584615,
07/18/2019 16:18:00.000000,,,,0.026735,
07/18/2019 16:19:00.000000,,,,26.766667,
07/18/2019 16:20:00.000000,,,,35.141463,
07/18/2019 16:21:00.000000,,,,31.539535,
07/18/2019 16:22:00.000000,,,,21.8,
07/18/2019 16:23:00.000000,,,,0.034858,
07/18/2019 16:24:00.000000,,,,0.041923,
07/18/2019 16:25:00.000000,,,,31.048837,
07/18/2019 16:26:00.000000,,,,37.743478,
07/18/2019 16:27:00.000000,,,,23.144186,
07/18/2019 16:28:00.000000,,,,0.022501,
07/18/2019 16:30:00.000000,,,,0.035145,
07/18/2019 16:31:00.000000,,,,6.411905,
07/18/2019 16:32:00.000000,,,,16.5,
07/18/2019 16:33:00.000000,,,,29.309091,
07/18/2019 16:34:00.000000,,,,17.490698,
07/18/2019 16:35:00.000000,,,,27.315385,
07/18/2019 16:36:00.000000,,,,27.707317,
07/18/2019 16:37:00.000000,,,,18.657143,
07/18/2019 16:38:00.000000,,,,14.984091,
07/18/2019 16:39:00.000000,,,,32.4625,
07/18/2019 16:40:00.000000,,,,62.231707,
07/18/2019 16:41:00.000000,,,,36.64,
07/18/2019 16:42:00.000000,,,,21.442857,
07/18/2019 16:43:00.000000,,,,25.860976,
07/18/2019 16:44:00.000000,,,,18.792308,
07/18/2019 16:45:00.000000,,,,21.213953,
07/18/2019 16:46:00.000000,,,,11.835556,
07/18/2019 16:47:00.000000,,,,19.293023,
07/18/2019 16:48:00.000000,,,,18.485714,
07/18/2019 16:49:00.000000,,,,23.64878,
07/18/2019 16:50:00.000000,,,,11.657143,
07/18/2019 16:51:00.000000,,,,21.040476,
07/18/2019 16:52:00.000000,,,,0.015584,
07/18/2019 16:53:00.000000,,,,24.728571,
07/18/2019 16:54:00.000000,,,,19.776744,
07/18/2019 16:55:00.000000,,,,0.007846,
07/18/2019 16:56:00.000000,,,,9.984211,
07/18/2019 16:57:00.000000,,,,0.014201,
07/18/2019 16:58:00.000000,,,,0.014337,
07/18/2019 16:59:00.000000,,,,8.378049,
07/18/2019 17:00:00.000000,,,,9.8,
07/18/2019 17:01:00.000000,,,,0.006827,
07/18/2019 17:02:00.000000,,,,12.818605,
07/18/2019 17:03:00.000000,,,,0.015307,
07/18/2019 17:04:00.000000,,,,20.771429,
07/18/2019 17:05:00.000000,,,,12.368182,
07/18/2019 17:06:00.000000,,,,17.018182,
07/18/2019 17:07:00.000000,,,,0.031747,
07/18/2019 17:08:00.000000,,,,0.020779,
07/18/2019 17:09:00.000000,,,,27.141463,
07/18/2019 17:10:00.000000,,,,22.255,
07/18/2019 17:11:00.000000,,,,0.018309,
07/18/2019 17:12:00.000000,,,,23.797674,
07/18/2019 17:13:00.000000,,,,5.5875,
07/18/2019 17:14:00.000000,,,,16.95,
07/18/2019 17:15:00.000000,,,,0.016979,
07/18/2019 17:16:00.000000,,,,8.557143,
07/18/2019 17:17:00.000000,,,,0.010351,
07/18/2019 17:18:00.000000,,,,11.675,
07/18/2019 17:19:00.000000,,,,0.014971,
07/18/2019 17:20:00.000000,,,,0.006584,
07/18/2019 17:21:00.000000,,,,0.003101,
07/18/2019 17:22:00.000000,,,,20.316279,
07/18/2019 17:23:00.000000,,,,14.533333,
07/18/2019 17:24:00.000000,,,,0.010429,
07/18/2019 17:25:00.000000,,,,0.015938,
07/18/2019 17:26:00.000000,,,,10.415385,
07/18/2019 17:27:00.000000,,,,8.858537,
07/18/2019 17:28:00.000000,,,,9.402439,
07/18/2019 17:30:00.000000,,,,10.74,
07/18/2019 17:31:00.000000,,,,12.796875,
07/18/2019 17:32:00.000000,,,,19.783721,
07/18/2019 17:33:00.000000,,,,8.359459,
07/18/2019 17:34:00.000000,,,,0.063218,
07/18/2019 17:35:00.000000,,,,24.463333,
07/18/2019 17:36:00.000000,,,,112.626666,
07/18/2019 17:37:00.000000,,,,109.126829,
07/18/2019 17:38:00.000000,,,,29.697674,
07/18/2019 17:39:00.000000,,,,26.465116,
07/18/2019 17:40:00.000000,,,,0.025293,
07/18/2019 17:41:00.000000,,,,0.079533,
07/18/2019 17:42:00.000000,,,,15.409302,
07/18/2019 17:43:00.000000,,,,12.814634,
07/18/2019 17:44:00.000000,,,,7.548837,
07/18/2019 17:45:00.000000,,,,0.00945,
07/18/2019 17:46:00.000000,,,,22.685,
07/18/2019 17:47:00.000000,,,,0.005394,
07/18/2019 17:48:00.000000,,,,11.657778,
07/18/2019 17:49:00.000000,,,,3.67907,
07/18/2019 17:50:00.000000,,,,0.022509,
07/18/2019 17:51:00.000000,,,,14.742857,
07/18/2019 17:52:00.000000,,,,0.019236,
07/18/2019 17:53:00.000000,,,,0.023858,
07/18/2019 17:54:00.000000,,,,13.1,
07/18/2019 17:55:00.000000,,,,17.092308,
07/18/2019 17:56:00.000000,,,,9.783784,
07/18/2019 17:57:00.000000,,,,0.003313,
07/18/2019 17:58:00.000000,,,,0.002965,
07/18/2019 17:59:00.000000,,,,0.0024,
07/18/2019 18:00:00.000000,,,,17.288372,
07/18/2019 18:01:00.000000,,,,0.004715,
07/18/2019 18:02:00.000000,,,,12.439535,
07/18/2019 18:03:00.000000,,,,0.06183,
07/18/2019 18:04:00.000000,,,,0.008113,
07/18/2019 18:05:00.000000,,,,0.007471,
07/18/2019 18:06:00.000000,,,,0.015472,
07/18/2019 18:07:00.000000,,,,7.482927,
07/18/2019 18:08:00.000000,,,,2.95,
07/18/2019 18:10:00.000000,,,,5.005,
07/18/2019 18:11:00.000000,,,,23.976923,
07/18/2019 18:12:00.000000,,,,0.016964,
07/18/2019 18:13:00.000000,,,,0.022323,
07/18/2019 18:14:00.000000,,,,4.368293,
07/18/2019 18:15:00.000000,,,,0.002689,
07/18/2019 18:16:00.000000,,,,9.175,
07/18/2019 18:17:00.000000,,,,10.115385,
07/18/2019 18:18:00.000000,,,,3.818605,
07/18/2019 18:19:00.000000,,,,2.458537,
07/18/2019 18:20:00.000000,,,,0.023495,
07/18/2019 18:21:00.000000,,,,32.995349,
07/18/2019 18:22:00.000000,,,,6.4,
07/18/2019 18:23:00.000000,,,,2.314286,
07/18/2019 18:24:00.000000,,,,14.03,
07/18/2019 18:25:00.000000,,,,0.034929,
07/18/2019 18:26:00.000000,,,,0.060333,
07/18/2019 18:27:00.000000,,,,0.01948,
07/18/2019 18:28:00.000000,,,,3.553488,
07/18/2019 18:30:00.000000,,,,15.695238,
07/18/2019 18:31:00.000000,,,,10.071429,
07/18/2019 18:32:00.000000,,,,0.01011,
07/18/2019 18:33:00.000000,,,,27.057143,
07/18/2019 18:34:00.000000,,,,0.013039,
07/18/2019 18:35:00.000000,,,,12.304762,
07/18/2019 18:36:00.000000,,,,0.009359,
07/18/2019 18:37:00.000000,,,,0.015256,
07/18/2019 18:38:00.000000,,,,9.097778,
07/18/2019 18:39:00.000000,,,,3.269231,
07/18/2019 18:40:00.000000,,,,5.373171,
07/18/2019 18:41:00.000000,,,,0.015141,
07/18/2019 18:42:00.000000,,,,10.492308,
07/18/2019 18:43:00.000000,,,,0.01612,
07/18/2019 18:44:00.000000,,,,8.021951,
07/18/2019 18:45:00.000000,,,,0.009698,
07/18/2019 18:46:00.000000,,,,0.01877,
07/18/2019 18:47:00.000000,,,,6.404878,
07/18/2019 18:48:00.000000,,,,0.012656,
07/18/2019 18:50:00.000000,,,,12.406818,
07/18/2019 18:51:00.000000,,,,5.28,
07/18/2019 18:52:00.000000,,,,0.007694,
07/18/2019 18:53:00.000000,,,,0.007929,
07/18/2019 18:54:00.000000,,,,15.018421,
07/18/2019 18:55:00.000000,,,,10.497619,
07/18/2019 18:56:00.000000,,,,8.689474,
07/18/2019 18:57:00.000000,,,,3.1,
07/18/2019 18:58:00.000000,,,,15.2375,
07/18/2019 18:59:00.000000,,,,0.004389,
07/18/2019 19:00:00.000000,,,,1.653333,
07/18/2019 19:01:00.000000,,,,0.005475,
07/18/2019 19:02:00.000000,,,,12.389474,
07/18/2019 19:03:00.000000,,,,17.270732,
07/18/2019 19:04:00.000000,,,,0.004296,
07/18/2019 19:05:00.000000,,,,4.908824,
07/18/2019 19:06:00.000000,,,,24.341463,
07/18/2019 19:07:00.000000,,,,12.42439,
07/18/2019 19:08:00.000000,,,,0.016698,
07/18/2019 19:09:00.000000,,,,0.004008,
07/18/2019 19:10:00.000000,,,,0.006984,
07/18/2019 19:11:00.000000,,,,5.869231,
07/18/2019 19:12:00.000000,,,,0.006097,
07/18/2019 19:13:00.000000,,,,0.003743,
07/18/2019 19:14:00.000000,,,,11.595455,
07/18/2019 19:15:00.000000,,,,0.034033,
07/18/2019 19:16:00.000000,,,,0.028122,
07/18/2019 19:17:00.000000,,,,7.530435,
07/18/2019 19:18:00.000000,,,,0.01769,
07/18/2019 19:19:00.000000,,,,0.011963,
07/18/2019 19:20:00.000000,,,,0.005856,
07/18/2019 19:21:00.000000,,,,14.027273,
07/18/2019 19:22:00.000000,,,,0.022806,
07/18/2019 19:23:00.000000,,,,0.010798,
07/18/2019 19:24:00.000000,,,,7.542857,
07/18/2019 19:25:00.000000,,,,151.915555,
07/18/2019 19:26:00.000000,,,,0.022111,
07/18/2019 19:27:00.000000,,,,0.002354,
07/18/2019 19:28:00.000000,,,,0.014501,
07/18/2019 19:29:00.000000,,,,16.406667,
07/18/2019 19:30:00.000000,,,,4.446667,
07/18/2019 19:31:00.000000,,,,9.612195,
07/18/2019 19:32:00.000000,,,,0.011298,
07/18/2019 19:33:00.000000,,,,0.003326,
07/18/2019 19:34:00.000000,,,,6.865854,
07/18/2019 19:35:00.000000,,,,0.013954,
07/18/2019 19:36:00.000000,,,,3.518182,
07/18/2019 19:37:00.000000,,,,0.002655,
07/18/2019 19:38:00.000000,,,,0.012536,
07/18/2019 19:39:00.000000,,,,23.309524,
07/18/2019 19:40:00.000000,,,,15.845455,
07/18/2019 19:41:00.000000,,,,0.009531,
07/18/2019 19:42:00.000000,,,,7.932353,
07/18/2019 19:43:00.000000,,,,0.008387,
07/18/2019 19:44:00.000000,,,,15.742857,
07/18/2019 19:45:00.000000,,,,0.018467,
07/18/2019 19:46:00.000000,,,,7.353659,
07/18/2019 19:47:00.000000,,,,0.004435,
07/18/2019 19:48:00.000000,,,,0.007018,
07/18/2019 19:49:00.000000,,,,0.003814,
07/18/2019 19:50:00.000000,,,,8.561538,
07/18/2019 19:51:00.000000,,,,2.828571,
07/18/2019 19:52:00.000000,,,,0.002601,
07/18/2019 19:53:00.000000,,,,0.014229,
07/18/2019 19:54:00.000000,,,,14.067442,
07/18/2019 19:55:00.000000,,,,15.907692,
07/18/2019 19:56:00.000000,,,,0.007991,
07/18/2019 19:57:00.000000,,,,0.005187,
07/18/2019 19:58:00.000000,,,,2.6125,
07/18/2019 19:59:00.000000,,,,5.431579,
07/18/2019 20:00:00.000000,,,,0.008781,
07/18/2019 20:01:00.000000,,,,5.355,
07/18/2019 20:02:00.000000,,,,0.011425,
07/18/2019 20:03:00.000000,,,,26.457143,
07/18/2019 20:04:00.000000,,,,6.0,
07/18/2019 20:05:00.000000,,,,1.842857,
07/18/2019 20:06:00.000000,,,,11.742857,
07/18/2019 20:07:00.000000,,,,13.012121,
07/18/2019 20:08:00.000000,,,,7.751163,
07/18/2019 20:09:00.000000,,,,0.003121,
07/18/2019 20:10:00.000000,,,,6.131818,
07/18/2019 20:11:00.000000,,,,2.94359,
07/18/2019 20:12:00.000000,,,,0.007407,
07/18/2019 20:13:00.000000,,,,7.902273,
07/18/2019 20:14:00.000000,,,,0.010453,
07/18/2019 20:15:00.000000,,,,0.012007,
07/18/2019 20:16:00.000000,,,,0.024533,
07/18/2019 20:17:00.000000,,,,0.019593,
07/18/2019 20:18:00.000000,,,,0.004186,
07/18/2019 20:19:00.000000,,,,0.003084,
07/18/2019 20:20:00.000000,,,,0.04371,
07/18/2019 20:21:00.000000,,,,10.770732,
07/18/2019 20:22:00.000000,,,,0.003076,
07/18/2019 20:23:00.000000,,,,1.563158,
07/18/2019 20:24:00.000000,,,,0.019504,
07/18/2019 20:25:00.000000,,,,0.011797,
07/18/2019 20:26:00.000000,,,,8.011905,
07/18/2019 20:27:00.000000,,,,8.868421,
07/18/2019 20:28:00.000000,,,,0.021589,
07/18/2019 20:29:00.000000,,,,18.228571,
07/18/2019 20:30:00.000000,,,,0.01174,
07/18/2019 20:31:00.000000,,,,0.003973,
07/18/2019 20:32:00.000000,,,,9.555,
07/18/2019 20:33:00.000000,,,,6.9,
07/18/2019 20:34:00.000000,,,,0.038837,
07/18/2019 20:35:00.000000,,,,0.009408,
07/18/2019 20:36:00.000000,,,,6.54359,
07/18/2019 20:37:00.000000,,,,0.024657,
07/18/2019 20:38:00.000000,,,,0.004276,
07/18/2019 20:39:00.000000,,,,7.833333,
07/18/2019 20:40:00.000000,,,,0.010252,
07/18/2019 20:41:00.000000,,,,12.238462,
07/18/2019 20:42:00.000000,,,,7.087179,
07/18/2019 20:43:00.000000,,,,2.49,
07/18/2019 20:44:00.000000,,,,0.27,
07/18/2019 20:46:00.000000,,,,6.497561,
07/18/2019 20:47:00.000000,,,,0.013228,
07/18/2019 20:48:00.000000,,,,16.281395,
07/18/2019 20:49:00.000000,,,,0.010015,
07/18/2019 20:50:00.000000,,,,22.809091,
07/18/2019 20:51:00.000000,,,,14.846667,
07/18/2019 20:52:00.000000,,,,0.006952,
07/18/2019 20:53:00.000000,,,,0.023673,
07/18/2019 20:54:00.000000,,,,5.575,
07/18/2019 20:55:00.000000,,,,8.776744,
07/18/2019 20:56:00.000000,,,,17.130769,
07/18/2019 20:57:00.000000,,,,0.013255,
07/18/2019 20:58:00.000000,,,,6.994872,
07/18/2019 20:59:00.000000,,,,0.018998,
07/18/2019 21:00:00.000000,,,,12.214286,
07/18/2019 21:01:00.000000,,,,3.314286,
07/18/2019 21:02:00.000000,,,,0.018682,
07/18/2019 21:03:00.000000,,,,0.019793,
07/18/2019 21:04:00.000000,,,,0.010969,
07/18/2019 21:05:00.000000,,,,0.006287,
07/18/2019 21:06:00.000000,,,,0.010411,
07/18/2019 21:07:00.000000,,,,0.004309,
07/18/2019 21:08:00.000000,,,,8.096667,
07/18/2019 21:09:00.000000,,,,3.114286,
07/18/2019 21:10:00.000000,,,,5.885714,
07/18/2019 21:11:00.000000,,,,0.027696,
07/18/2019 21:12:00.000000,,,,28.91,
07/18/2019 21:13:00.000000,,,,15.671429,
07/18/2019 21:14:00.000000,,,,0.046941,
07/18/2019 21:15:00.000000,,,,20.304878,
07/18/2019 21:16:00.000000,,,,27.351163,
07/18/2019 21:17:00.000000,,,,0.238579,
07/18/2019 21:18:00.000000,,,,57.378049,
07/18/2019 21:19:00.000000,,,,0.038287,
07/18/2019 21:20:00.000000,,,,40.57561,
07/18/2019 21:21:00.000000,,,,28.676923,
07/18/2019 21:22:00.000000,,,,0.024698,
07/18/2019 21:23:00.000000,,,,19.042105,
07/18/2019 21:24:00.000000,,,,15.3,
07/18/2019 21:25:00.000000,,,,14.7,
07/18/2019 21:26:00.000000,,,,0.032721,
07/18/2019 21:27:00.000000,,,,0.025938,
07/18/2019 21:28:00.000000,,,,16.34878,
07/18/2019 21:30:00.000000,,,,0.003948,
07/18/2019 21:31:00.000000,,,,26.195455,
07/18/2019 21:32:00.000000,,,,26.076923,
07/18/2019 21:33:00.000000,,,,0.050766,
07/18/2019 21:34:00.000000,,,,16.123256,
07/18/2019 21:35:00.000000,,,,0.020508,
07/18/2019 21:36:00.000000,,,,0.023414,
07/18/2019 21:37:00.000000,,,,0.061398,
07/18/2019 21:38:00.000000,,,,0.035599,
07/18/2019 21:39:00.000000,,,,17.473171,
07/18/2019 21:40:00.000000,,,,12.146341,
07/18/2019 21:41:00.000000,,,,0.024473,
07/18/2019 21:42:00.000000,,,,15.863636,
07/18/2019 21:43:00.000000,,,,0.039177,
07/18/2019 21:44:00.000000,,,,0.039718,
07/18/2019 21:45:00.000000,,,,16.374419,
07/18/2019 21:46:00.000000,,,,23.077273,
07/18/2019 21:47:00.000000,,,,0.041222,
07/18/2019 21:48:00.000000,,,,0.019505,
07/18/2019 21:49:00.000000,,,,9.278947,
07/18/2019 21:50:00.000000,,,,0.033442,
07/18/2019 21:51:00.000000,,,,13.612121,
07/18/2019 21:52:00.000000,,,,14.085714,
07/18/2019 21:53:00.000000,,,,0.036067,
07/18/2019 21:54:00.000000,,,,0.052833,
07/18/2019 21:55:00.000000,,,,0.047402,
07/18/2019 21:56:00.000000,,,,28.99,
07/18/2019 21:57:00.000000,,,,0.038355,
07/18/2019 21:58:00.000000,,,,21.086046,
07/18/2019 21:59:00.000000,,,,9.152381,
07/18/2019 22:00:00.000000,,,,0.00942,
07/18/2019 22:01:00.000000,,,,10.531111,
07/18/2019 22:02:00.000000,,,,0.030884,
07/18/2019 22:03:00.000000,,,,24.065,
07/18/2019 22:04:00.000000,,,,0.028959,
07/18/2019 22:05:00.000000,,,,0.048684,
07/18/2019 22:06:00.000000,,,,20.31282,
07/18/2019 22:07:00.000000,,,,0.031997,
07/18/2019 22:08:00.000000,,,,0.019934,
07/18/2019 22:10:00.000000,,,,0.01481,
07/18/2019 22:11:00.000000,,,,0.025355,
07/18/2019 22:12:00.000000,,,,0.098009,
07/18/2019 22:13:00.000000,,,,31.266667,
07/18/2019 22:14:00.000000,,,,0.046444,
07/18/2019 22:15:00.000000,,,,13.602439,
07/18/2019 22:16:00.000000,,,,18.795455,
07/18/2019 22:17:00.000000,,,,0.053523,
07/18/2019 22:18:00.000000,,,,0.02845,
07/18/2019 22:19:00.000000,,,,0.020707,
07/18/2019 22:20:00.000000,,,,3.727907,
07/18/2019 22:21:00.000000,,,,17.234091,
07/18/2019 22:22:00.000000,,,,9.126316,
07/18/2019 22:23:00.000000,,,,0.013415,
07/18/2019 22:24:00.000000,,,,18.7125,
07/18/2019 22:25:00.000000,,,,0.02044,
07/18/2019 22:26:00.000000,,,,0.015219,
07/18/2019 22:27:00.000000,,,,2.988636,
07/18/2019 22:28:00.000000,,,,16.939024,
07/18/2019 22:30:00.000000,,,,4.207895,
07/18/2019 22:31:00.000000,,,,14.948837,
07/18/2019 22:32:00.000000,,,,0.040352,
07/18/2019 22:33:00.000000,,,,13.985714,
07/18/2019 22:34:00.000000,,,,0.02389,
07/18/2019 22:35:00.000000,,,,27.016279,
07/18/2019 22:36:00.000000,,,,0.034091,
07/18/2019 22:37:00.000000,,,,0.015662,
07/18/2019 22:38:00.000000,,,,14.248837,
07/18/2019 22:39:00.000000,,,,10.12381,
07/18/2019 22:40:00.000000,,,,0.004294,
07/18/2019 22:41:00.000000,,,,33.982051,
07/18/2019 22:42:00.000000,,,,0.039048,
07/18/2019 22:43:00.000000,,,,26.9125,
07/18/2019 22:44:00.000000,,,,11.797561,
07/18/2019 22:45:00.000000,,,,0.018928,
07/18/2019 22:46:00.000000,,,,0.011105,
07/18/2019 22:47:00.000000,,,,15.104545,
07/18/2019 22:48:00.000000,,,,0.013915,
07/18/2019 22:50:00.000000,,,,12.55,
07/18/2019 22:51:00.000000,,,,0.033109,
07/18/2019 22:52:00.000000,,,,0.015676,
07/18/2019 22:53:00.000000,,,,0.013975,
07/18/2019 22:54:00.000000,,,,0.027504,
07/18/2019 22:55:00.000000,,,,9.357143,
07/18/2019 22:56:00.000000,,,,0.018703,
07/18/2019 22:57:00.000000,,,,0.020951,
07/18/2019 22:58:00.000000,,,,15.686486,
07/18/2019 22:59:00.000000,,,,0.054222,
07/18/2019 23:00:00.000000,,,,0.029359,
07/18/2019 23:01:00.000000,,,,28.341026,
07/18/2019 23:02:00.000000,,,,0.006302,
07/18/2019 23:03:00.000000,,,,11.690244,
07/18/2019 23:04:00.000000,,,,13.3,
07/18/2019 23:05:00.000000,,,,14.658824,
07/18/2019 23:06:00.000000,,,,18.2,
07/18/2019 23:07:00.000000,,,,41.2,
07/18/2019 23:08:00.000000,,,,0.024054,
07/18/2019 23:10:00.000000,,,,25.043902,
07/18/2019 23:11:00.000000,,,,0.024897,
07/18/2019 23:12:00.000000,,,,15.326087,
07/18/2019 23:13:00.000000,,,,42.9,
07/18/2019 23:14:00.000000,,,,23.725,
07/18/2019 23:15:00.000000,,,,0.026257,
07/18/2019 23:16:00.000000,,,,13.525,
07/18/2019 23:17:00.000000,,,,11.479487,
07/18/2019 23:18:00.000000,,,,17.346341,
07/18/2019 23:19:00.000000,,,,0.015511,
07/18/2019 23:20:00.000000,,,,15.779487,
07/18/2019 23:21:00.000000,,,,17.251163,
07/18/2019 23:22:00.000000,,,,0.016051,
07/18/2019 23:23:00.000000,,,,6.757895,
07/18/2019 23:24:00.000000,,,,0.026864,
07/18/2019 23:25:00.000000,,,,0.022637,
07/18/2019 23:26:00.000000,,,,0.025425,
07/18/2019 23:27:00.000000,,,,23.871429,
07/18/2019 23:28:00.000000,,,,0.015197,
07/18/2019 23:30:00.000000,,,,0.017287,
07/18/2019 23:31:00.000000,,,,7.75122,
07/18/2019 23:32:00.000000,,,,5.730769,
07/18/2019 23:33:00.000000,,,,9.37619,
07/18/2019 23:34:00.000000,,,,0.025492,
07/18/2019 23:35:00.000000,,,,0.024075,
07/18/2019 23:36:00.000000,,,,0.02847,
07/18/2019 23:37:00.000000,,,,12.054545,
07/18/2019 23:38:00.000000,,,,22.116279,
07/18/2019 23:39:00.000000,,,,0.027307,
07/18/2019 23:40:00.000000,,,,16.284615,
07/18/2019 23:41:00.000000,,,,0.030281,
07/18/2019 23:42:00.000000,,,,13.425641,
07/18/2019 23:43:00.000000,,,,0.012117,
07/18/2019 23:44:00.000000,,,,0.019086,
07/18/2019 23:45:00.000000,,,,20.1,
07/18/2019 23:46:00.000000,,,,0.03426,
07/18/2019 23:47:00.000000,,,,16.318605,
07/18/2019 23:48:00.000000,,,,22.4,
07/18/2019 23:50:00.000000,,,,0.03626,
07/18/2019 23:51:00.000000,,,,16.04878,
07/18/2019 23:52:00.000000,,,,0.016635,
07/18/2019 23:53:00.000000,,,,0.012914,
07/18/2019 23:54:00.000000,,,,0.027446,
07/18/2019 23:55:00.000000,,,,26.628571,
07/18/2019 23:56:00.000000,,,,25.62619,
07/18/2019 23:57:00.000000,,,,22.8625,
07/18/2019 23:58:00.000000,,,,4.440476,
07/18/2019 23:59:00.000000,,,,5.414634,
07/19/2019 00:00:00.000000,,,,0.019445,
07/19/2019 00:01:00.000000,,,,0.032244,
07/19/2019 00:02:00.000000,,,,18.0,
07/19/2019 00:03:00.000000,,,,15.209302,
07/19/2019 00:04:00.000000,,,,0.016282,
07/19/2019 00:05:00.000000,,,,0.018187,
07/19/2019 00:06:00.000000,,,,0.019287,
07/19/2019 00:07:00.000000,,,,0.019175,
07/19/2019 00:08:00.000000,,,,11.813953,
07/19/2019 00:09:00.000000,,,,0.00314,
07/19/2019 00:10:00.000000,,,,30.439024,
07/19/2019 00:11:00.000000,,,,32.377273,
07/19/2019 00:12:00.000000,,,,13.840476,
07/19/2019 00:13:00.000000,,,,22.457143,
07/19/2019 00:14:00.000000,,,,18.828947,
07/19/2019 00:15:00.000000,,,,0.013103,
07/19/2019 00:16:00.000000,,,,0.00999,
07/19/2019 00:17:00.000000,,,,12.094872,
07/19/2019 00:18:00.000000,,,,0.020897,
07/19/2019 00:19:00.000000,,,,31.84878,
07/19/2019 00:20:00.000000,,,,0.022718,
07/19/2019 00:21:00.000000,,,,0.009721,
07/19/2019 00:22:00.000000,,,,0.016249,
07/19/2019 00:23:00.000000,,,,23.491892,
07/19/2019 00:24:00.000000,,,,10.888095,
07/19/2019 00:25:00.000000,,,,11.607692,
07/19/2019 00:26:00.000000,,,,0.011319,
07/19/2019 00:27:00.000000,,,,16.138461,
07/19/2019 00:28:00.000000,,,,23.747368,
07/19/2019 00:30:00.000000,,,,0.012002,
07/19/2019 00:31:00.000000,,,,0.025927,
07/19/2019 00:32:00.000000,,,,0.037202,
07/19/2019 00:33:00.000000,,,,22.936585,
07/19/2019 00:34:00.000000,,,,0.014026,
07/19/2019 00:35:00.000000,,,,13.716667,
07/19/2019 00:36:00.000000,,,,3.671429,
07/19/2019 00:37:00.000000,,,,0.018176,
07/19/2019 00:38:00.000000,,,,0.010492,
07/19/2019 00:39:00.000000,,,,15.976744,
07/19/2019 00:40:00.000000,,,,0.007606,
07/19/2019 00:41:00.000000,,,,0.00802,
07/19/2019 00:42:00.000000,,,,0.009787,
07/19/2019 00:43:00.000000,,,,3.865116,
07/19/2019 00:44:00.000000,,,,5.733333,
07/19/2019 00:45:00.000000,,,,0.008681,
07/19/2019 00:46:00.000000,,,,19.57907,
07/19/2019 00:47:00.000000,,,,0.01516,
07/19/2019 00:48:00.000000,,,,5.907143,
07/19/2019 00:50:00.000000,,,,5.489744,
07/19/2019 00:51:00.000000,,,,0.030531,
07/19/2019 00:52:00.000000,,,,13.907692,
07/19/2019 00:53:00.000000,,,,0.016578,
07/19/2019 00:54:00.000000,,,,0.027528,
07/19/2019 00:55:00.000000,,,,0.021155,
07/19/2019 00:56:00.000000,,,,0.01754,
07/19/2019 00:57:00.000000,,,,9.831707,
07/19/2019 00:58:00.000000,,,,10.153333,
07/19/2019 00:59:00.000000,,,,0.021768,
07/19/2019 01:00:00.000000,,,,8.7975,
07/19/2019 01:01:00.000000,,,,18.5625,
07/19/2019 01:02:00.000000,,,,0.03008,
07/19/2019 01:03:00.000000,,,,11.636585,
07/19/2019 01:04:00.000000,,,,0.028829,
07/19/2019 01:05:00.000000,,,,0.011712,
07/19/2019 01:06:00.000000,,,,14.945455,
07/19/2019 01:07:00.000000,,,,18.015385,
07/19/2019 01:08:00.000000,,,,34.138462,
07/19/2019 01:10:00.000000,,,,70.6125,
07/19/2019 01:11:00.000000,,,,42.37,
07/19/2019 01:12:00.000000,,,,0.014703,
07/19/2019 01:13:00.000000,,,,7.286364,
07/19/2019 01:14:00.000000,,,,0.025021,
07/19/2019 01:15:00.000000,,,,17.165,
07/19/2019 01:16:00.000000,,,,0.017652,
07/19/2019 01:17:00.000000,,,,0.008659,
07/19/2019 01:18:00.000000,,,,6.504545,
07/19/2019 01:19:00.000000,,,,30.522727,
07/19/2019 01:20:00.000000,,,,0.018999,
07/19/2019 01:21:00.000000,,,,19.77561,
07/19/2019 01:22:00.000000,,,,3.25,
07/19/2019 01:23:00.000000,,,,20.316279,
07/19/2019 01:24:00.000000,,,,0.012261,
07/19/2019 01:25:00.000000,,,,0.024967,
07/19/2019 01:26:00.000000,,,,6.760526,
07/19/2019 01:27:00.000000,,,,0.015574,
07/19/2019 01:28:00.000000,,,,3.2,
07/19/2019 01:30:00.000000,,,,0.009187,
07/19/2019 01:31:00.000000,,,,0.016865,
07/19/2019 01:32:00.000000,,,,6.381395,
07/19/2019 01:33:00.000000,,,,0.011998,
07/19/2019 01:34:00.000000,,,,3.009091,
07/19/2019 01:35:00.000000,,,,0.023253,
07/19/2019 01:36:00.000000,,,,0.021124,
07/19/2019 01:37:00.000000,,,,40.707143,
07/19/2019 01:38:00.000000,,,,29.123077,
07/19/2019 01:39:00.000000,,,,0.018166,
07/19/2019 01:40:00.000000,,,,10.585714,
07/19/2019 01:41:00.000000,,,,15.13,
07/19/2019 01:42:00.000000,,,,42.956098,
07/19/2019 01:43:00.000000,,,,15.637209,
07/19/2019 01:44:00.000000,,,,12.707317,
07/19/2019 01:45:00.000000,,,,14.640909,
07/19/2019 01:46:00.000000,,,,0.028906,
07/19/2019 01:47:00.000000,,,,10.282051,
07/19/2019 01:48:00.000000,,,,0.031724,
07/19/2019 01:49:00.000000,,,,0.033704,
07/19/2019 01:50:00.000000,,,,17.440541,
07/19/2019 01:51:00.000000,,,,0.015021,
07/19/2019 01:52:00.000000,,,,23.713953,
07/19/2019 01:53:00.000000,,,,7.2875,
07/19/2019 01:54:00.000000,,,,25.957143,
07/19/2019 01:55:00.000000,,,,0.0242,
07/19/2019 01:56:00.000000,,,,0.011026,
07/19/2019 01:57:00.000000,,,,6.883333,
07/19/2019 01:58:00.000000,,,,0.005848,
07/19/2019 01:59:00.000000,,,,11.631111,
07/19/2019 02:00:00.000000,,,,0.037118,
07/19/2019 02:01:00.000000,,,,10.65,
07/19/2019 02:02:00.000000,,,,15.504651,
07/19/2019 02:03:00.000000,,,,6.5,
07/19/2019 02:04:00.000000,,,,13.104545,
07/19/2019 02:05:00.000000,,,,20.742857,
07/19/2019 02:06:00.000000,,,,29.372093,
07/19/2019 02:07:00.000000,,,,0.036951,
07/19/2019 02:08:00.000000,,,,29.982927,
07/19/2019 02:10:00.000000,,,,28.358974,
07/19/2019 02:11:00.000000,,,,19.97561,
07/19/2019 02:12:00.000000,,,,4.426829,
07/19/2019 02:13:00.000000,,,,16.060976,
07/19/2019 02:14:00.000000,,,,0.020384,
07/19/2019 02:15:00.000000,,,,10.475,
07/19/2019 02:16:00.000000,,,,0.008737,
07/19/2019 02:17:00.000000,,,,0.020285,
07/19/2019 02:18:00.000000,,,,0.007101,
07/19/2019 02:19:00.000000,,,,6.723256,
07/19/2019 02:20:00.000000,,,,7.526829,
07/19/2019 02:21:00.000000,,,,13.295,
07/19/2019 02:22:00.000000,,,,0.014148,
07/19/2019 02:23:00.000000,,,,0.031628,
07/19/2019 02:24:00.000000,,,,8.475,
07/19/2019 02:25:00.000000,,,,10.33,
07/19/2019 02:26:00.000000,,,,0.008717,
07/19/2019 02:27:00.000000,,,,0.012758,
07/19/2019 02:28:00.000000,,,,8.507317,
07/19/2019 02:30:00.000000,,,,0.009278,
07/19/2019 02:31:00.000000,,,,3.25814,
07/19/2019 02:32:00.000000,,,,0.039256,
07/19/2019 02:33:00.000000,,,,13.4,
07/19/2019 02:34:00.000000,,,,0.006722,
07/19/2019 02:35:00.000000,,,,0.004002,
07/19/2019 02:36:00.000000,,,,27.414286,
07/19/2019 02:37:00.000000,,,,0.005211,
07/19/2019 02:38:00.000000,,,,0.033168,
07/19/2019 02:39:00.000000,,,,21.302326,
07/19/2019 02:40:00.000000,,,,0.005136,
07/19/2019 02:41:00.000000,,,,10.857143,
07/19/2019 02:42:00.000000,,,,13.263158,
07/19/2019 02:43:00.000000,,,,20.64,
07/19/2019 02:44:00.000000,,,,0.035527,
07/19/2019 02:45:00.000000,,,,5.035714,
07/19/2019 02:46:00.000000,,,,2.263415,
07/19/2019 02:47:00.000000,,,,2.047368,
07/19/2019 02:48:00.000000,,,,16.035897,
07/19/2019 02:50:00.000000,,,,0.022193,
07/19/2019 02:51:00.000000,,,,11.964706,
07/19/2019 02:52:00.000000,,,,12.65,
07/19/2019 02:53:00.000000,,,,20.388095,
07/19/2019 02:54:00.000000,,,,17.6625,
07/19/2019 02:55:00.000000,,,,0.006117,
07/19/2019 02:56:00.000000,,,,0.021138,
07/19/2019 02:57:00.000000,,,,18.263636,
07/19/2019 02:58:00.000000,,,,0.030128,
07/19/2019 02:59:00.000000,,,,11.17619,
07/19/2019 03:00:00.000000,,,,13.182051,
07/19/2019 03:01:00.000000,,,,0.020959,
07/19/2019 03:02:00.000000,,,,0.016505,
07/19/2019 03:03:00.000000,,,,0.017782,
07/19/2019 03:04:00.000000,,,,17.12439,
07/19/2019 03:05:00.000000,,,,14.014634,
07/19/2019 03:06:00.000000,,,,0.010066,
07/19/2019 03:07:00.000000,,,,19.065854,
07/19/2019 03:08:00.000000,,,,10.3,
07/19/2019 03:09:00.000000,,,,6.882051,
07/19/2019 03:10:00.000000,,,,9.409756,
07/19/2019 03:11:00.000000,,,,8.178049,
07/19/2019 03:12:00.000000,,,,0.013944,
07/19/2019 03:13:00.000000,,,,7.5,
07/19/2019 03:14:00.000000,,,,0.013468,
07/19/2019 03:15:00.000000,,,,0.019134,
07/19/2019 03:16:00.000000,,,,8.984615,
07/19/2019 03:17:00.000000,,,,17.194737,
07/19/2019 03:18:00.000000,,,,0.026858,
07/19/2019 03:19:00.000000,,,,6.5,
07/19/2019 03:20:00.000000,,,,0.018642,
07/19/2019 03:21:00.000000,,,,33.963889,
07/19/2019 03:22:00.000000,,,,16.060976,
07/19/2019 03:23:00.000000,,,,7.046512,
07/19/2019 03:24:00.000000,,,,0.01232,
07/19/2019 03:25:00.000000,,,,0.023207,
07/19/2019 03:26:00.000000,,,,0.017097,
07/19/2019 03:27:00.000000,,,,10.985,
07/19/2019 03:28:00.000000,,,,19.975,
07/19/2019 03:29:00.000000,,,,19.928571,
07/19/2019 03:30:00.000000,,,,12.205263,
07/19/2019 03:31:00.000000,,,,15.32439,
07/19/2019 03:32:00.000000,,,,0.016005,
07/19/2019 03:33:00.000000,,,,10.65,
07/19/2019 03:34:00.000000,,,,12.168293,
07/19/2019 03:35:00.000000,,,,21.876923,
07/19/2019 03:36:00.000000,,,,15.476923,
07/19/2019 03:37:00.000000,,,,19.125581,
07/19/2019 03:38:00.000000,,,,11.370732,
07/19/2019 03:39:00.000000,,,,0.006878,
07/19/2019 03:40:00.000000,,,,0.012161,
07/19/2019 03:41:00.000000,,,,12.076316,
07/19/2019 03:42:00.000000,,,,5.42381,
07/19/2019 03:43:00.000000,,,,7.447727,
07/19/2019 03:44:00.000000,,,,12.660465,
07/19/2019 03:45:00.000000,,,,11.527273,
07/19/2019 03:46:00.000000,,,,6.825581,
07/19/2019 03:47:00.000000,,,,0.014991,
07/19/2019 03:48:00.000000,,,,0.005381,
07/19/2019 03:49:00.000000,,,,3.179412,
07/19/2019 03:50:00.000000,,,,0.031764,
07/19/2019 03:51:00.000000,,,,0.02427,
07/19/2019 03:52:00.000000,,,,13.43,
07/19/2019 03:53:00.000000,,,,0.018345,
07/19/2019 03:54:00.000000,,,,10.541026,
07/19/2019 03:55:00.000000,,,,9.547619,
07/19/2019 03:56:00.000000,,,,7.993023,
07/19/2019 03:57:00.000000,,,,14.48125,
07/19/2019 03:58:00.000000,,,,22.95,
07/19/2019 03:59:00.000000,,,,13.828571,
07/19/2019 04:00:00.000000,,,,9.307692,
07/19/2019 04:01:00.000000,,,,3.36,
07/19/2019 04:02:00.000000,,,,0.008988,
07/19/2019 04:03:00.000000,,,,8.735,
07/19/2019 04:04:00.000000,,,,0.02123,
07/19/2019 04:05:00.000000,,,,12.445455,
07/19/2019 04:06:00.000000,,,,0.012209,
07/19/2019 04:07:00.000000,,,,0.019623,
07/19/2019 04:08:00.000000,,,,0.029316,
07/19/2019 04:09:00.000000,,,,21.485714,
07/19/2019 04:10:00.000000,,,,0.023852,
07/19/2019 04:11:00.000000,,,,0.027633,
07/19/2019 04:12:00.000000,,,,0.017827,
07/19/2019 04:13:00.000000,,,,18.530233,
07/19/2019 04:14:00.000000,,,,0.019665,
07/19/2019 04:15:00.000000,,,,11.342857,
07/19/2019 04:16:00.000000,,,,0.012316,
07/19/2019 04:17:00.000000,,,,9.370732,
07/19/2019 04:18:00.000000,,,,8.638462,
07/19/2019 04:19:00.000000,,,,7.24359,
07/19/2019 04:20:00.000000,,,,13.836364,
07/19/2019 04:21:00.000000,,,,4.176923,
07/19/2019 04:22:00.000000,,,,0.002374,
07/19/2019 04:23:00.000000,,,,0.022253,
07/19/2019 04:24:00.000000,,,,9.109756,
07/19/2019 04:25:00.000000,,,,3.283721,
07/19/2019 04:26:00.000000,,,,0.0182,
07/19/2019 04:27:00.000000,,,,12.563636,
07/19/2019 04:28:00.000000,,,,15.615385,
07/19/2019 04:30:00.000000,,,,4.682927,
07/19/2019 04:31:00.000000,,,,0.012901,
07/19/2019 04:32:00.000000,,,,6.357576,
07/19/2019 04:33:00.000000,,,,0.002959,
07/19/2019 04:34:00.000000,,,,0.018788,
07/19/2019 04:35:00.000000,,,,16.028571,
07/19/2019 04:36:00.000000,,,,0.017614,
07/19/2019 04:37:00.000000,,,,10.436842,
07/19/2019 04:38:00.000000,,,,0.024638,
07/19/2019 04:39:00.000000,,,,0.010852,
07/19/2019 04:40:00.000000,,,,0.009259,
07/19/2019 04:41:00.000000,,,,0.013655,
07/19/2019 04:42:00.000000,,,,0.008556,
07/19/2019 04:43:00.000000,,,,14.804878,
07/19/2019 04:44:00.000000,,,,8.169767,
07/19/2019 04:45:00.000000,,,,0.021829,
07/19/2019 04:46:00.000000,,,,0.0174,
07/19/2019 04:47:00.000000,,,,0.006283,
07/19/2019 04:48:00.000000,,,,0.016999,
07/19/2019 04:49:00.000000,,,,0.012184,
07/19/2019 04:50:00.000000,,,,13.4075,
07/19/2019 04:51:00.000000,,,,3.723077,
07/19/2019 04:52:00.000000,,,,8.473333,
07/19/2019 04:53:00.000000,,,,0.013333,
07/19/2019 04:54:00.000000,,,,0.010173,
07/19/2019 04:55:00.000000,,,,0.018467,
07/19/2019 04:56:00.000000,,,,0.012283,
07/19/2019 04:57:00.000000,,,,7.443902,
07/19/2019 04:58:00.000000,,,,0.008632,
07/19/2019 04:59:00.000000,,,,0.003257,
07/19/2019 05:00:00.000000,,,,10.890698,
07/19/2019 05:01:00.000000,,,,11.2,
07/19/2019 05:02:00.000000,,,,16.42093,
07/19/2019 05:03:00.000000,,,,0.005649,
07/19/2019 05:04:00.000000,,,,5.997561,
07/19/2019 05:05:00.000000,,,,0.033278,
07/19/2019 05:06:00.000000,,,,0.02181,
07/19/2019 05:07:00.000000,,,,21.830769,
07/19/2019 05:08:00.000000,,,,0.039747,
07/19/2019 05:09:00.000000,,,,25.86,
07/19/2019 05:10:00.000000,,,,6.04186,
07/19/2019 05:11:00.000000,,,,0.00389,
07/19/2019 05:12:00.000000,,,,8.802381,
07/19/2019 05:13:00.000000,,,,4.692308,
07/19/2019 05:14:00.000000,,,,0.03279,
07/19/2019 05:15:00.000000,,,,16.021622,
07/19/2019 05:16:00.000000,,,,15.921053,
07/19/2019 05:17:00.000000,,,,0.039995,
07/19/2019 05:18:00.000000,,,,22.644444,
07/19/2019 05:19:00.000000,,,,0.022587,
07/19/2019 05:20:00.000000,,,,16.525,
07/19/2019 05:21:00.000000,,,,0.015233,
07/19/2019 05:22:00.000000,,,,0.046802,
07/19/2019 05:23:00.000000,,,,0.055081,
07/19/2019 05:24:00.000000,,,,23.6,
07/19/2019 05:25:00.000000,,,,21.892683,
07/19/2019 05:26:00.000000,,,,13.911765,
07/19/2019 05:27:00.000000,,,,0.011755,
07/19/2019 05:28:00.000000,,,,0.026458,
07/19/2019 05:30:00.000000,,,,0.020382,
07/19/2019 05:31:00.000000,,,,9.075,
07/19/2019 05:32:00.000000,,,,25.465625,
07/19/2019 05:33:00.000000,,,,0.052572,
07/19/2019 05:34:00.000000,,,,0.026298,
07/19/2019 05:35:00.000000,,,,6.071429,
07/19/2019 05:36:00.000000,,,,13.209524,
07/19/2019 05:37:00.000000,,,,20.7875,
07/19/2019 05:38:00.000000,,,,0.054218,
07/19/2019 05:39:00.000000,,,,24.369231,
07/19/2019 05:40:00.000000,,,,0.015581,
07/19/2019 05:41:00.000000,,,,0.024526,
07/19/2019 05:42:00.000000,,,,0.02115,
07/19/2019 05:43:00.000000,,,,0.012369,
07/19/2019 05:44:00.000000,,,,19.856818,
07/19/2019 05:45:00.000000,,,,0.008898,
07/19/2019 05:46:00.000000,,,,25.882051,
07/19/2019 05:47:00.000000,,,,21.575,
07/19/2019 05:48:00.000000,,,,16.214286,
07/19/2019 05:49:00.000000,,,,13.480488,
07/19/2019 05:50:00.000000,,,,0.025359,
07/19/2019 05:51:00.000000,,,,0.015212,
07/19/2019 05:52:00.000000,,,,0.02125,
07/19/2019 05:53:00.000000,,,,26.330233,
07/19/2019 05:54:00.000000,,,,15.142857,
07/19/2019 05:55:00.000000,,,,5.786047,
07/19/2019 05:56:00.000000,,,,22.42,
07/19/2019 05:57:00.000000,,,,17.714286,
07/19/2019 05:58:00.000000,,,,0.014825,
07/19/2019 05:59:00.000000,,,,0.022844,
07/19/2019 06:00:00.000000,,,,11.845455,
07/19/2019 06:01:00.000000,,,,12.0125,
07/19/2019 06:02:00.000000,,,,0.014741,
07/19/2019 06:03:00.000000,,,,7.587805,
07/19/2019 06:04:00.000000,,,,9.366667,
07/19/2019 06:05:00.000000,,,,0.017471,
07/19/2019 06:06:00.000000,,,,0.01978,
07/19/2019 06:07:00.000000,,,,0.017344,
07/19/2019 06:08:00.000000,,,,0.02002,
07/19/2019 06:09:00.000000,,,,0.015016,
07/19/2019 06:10:00.000000,,,,0.030548,
07/19/2019 06:11:00.000000,,,,0.017249,
07/19/2019 06:12:00.000000,,,,0.011581,
07/19/2019 06:13:00.000000,,,,13.409091,
07/19/2019 06:14:00.000000,,,,10.386046,
07/19/2019 06:15:00.000000,,,,10.680952,
07/19/2019 06:16:00.000000,,,,0.032045,
07/19/2019 06:17:00.000000,,,,0.006617,
07/19/2019 06:18:00.000000,,,,25.672093,
07/19/2019 06:19:00.000000,,,,31.15,
07/19/2019 06:20:00.000000,,,,19.44878,
07/19/2019 06:21:00.000000,,,,0.023821,
07/19/2019 06:22:00.000000,,,,9.210256,
07/19/2019 06:23:00.000000,,,,0.063817,
07/19/2019 06:24:00.000000,,,,0.017797,
07/19/2019 06:25:00.000000,,,,0.012814,
07/19/2019 06:26:00.000000,,,,0.03089,
07/19/2019 06:27:00.000000,,,,10.7625,
07/19/2019 06:28:00.000000,,,,14.324242,
07/19/2019 06:29:00.000000,,,,9.856098,
07/19/2019 06:30:00.000000,,,,0.024983,
07/19/2019 06:31:00.000000,,,,0.016031,
07/19/2019 06:32:00.000000,,,,0.020291,
07/19/2019 06:33:00.000000,,,,0.027057,
07/19/2019 06:34:00.000000,,,,6.571429,
07/19/2019 06:35:00.000000,,,,8.064286,
07/19/2019 06:36:00.000000,,,,10.466667,
07/19/2019 06:37:00.000000,,,,0.012072,
07/19/2019 06:38:00.000000,,,,0.016344,
07/19/2019 06:39:00.000000,,,,19.25,
07/19/2019 06:40:00.000000,,,,21.02,
07/19/2019 06:41:00.000000,,,,7.029412,
07/19/2019 06:42:00.000000,,,,9.003846,
07/19/2019 06:43:00.000000,,,,6.484375,
07/19/2019 06:44:00.000000,,,,0.012508,
07/19/2019 06:45:00.000000,,,,0.005996,
07/19/2019 06:46:00.000000,,,,13.323077,
07/19/2019 06:47:00.000000,,,,0.005461,
07/19/2019 06:48:00.000000,,,,8.014286,
07/19/2019 06:50:00.000000,,,,14.805,
07/19/2019 06:51:00.000000,,,,12.75,
07/19/2019 06:52:00.000000,,,,16.216667,
07/19/2019 06:53:00.000000,,,,0.005859,
07/19/2019 06:54:00.000000,,,,0.010389,
07/19/2019 06:55:00.000000,,,,9.481579,
07/19/2019 06:56:00.000000,,,,0.013358,
07/19/2019 06:57:00.000000,,,,12.74878,
07/19/2019 06:58:00.000000,,,,0.011624,
07/19/2019 06:59:00.000000,,,,0.026227,
07/19/2019 07:00:00.000000,,,,8.457143,
07/19/2019 07:01:00.000000,,,,15.8375,
07/19/2019 07:02:00.000000,,,,0.021039,
07/19/2019 07:03:00.000000,,,,23.866667,
07/19/2019 07:04:00.000000,,,,9.234211,
07/19/2019 07:05:00.000000,,,,0.02314,
07/19/2019 07:06:00.000000,,,,0.012663,
07/19/2019 07:07:00.000000,,,,0.011236,
07/19/2019 07:08:00.000000,,,,0.004475,
07/19/2019 07:10:00.000000,,,,7.275676,
07/19/2019 07:11:00.000000,,,,5.737143,
07/19/2019 07:12:00.000000,,,,0.011411,
07/19/2019 07:13:00.000000,,,,0.016035,
07/19/2019 07:14:00.000000,,,,0.02228,
07/19/2019 07:15:00.000000,,,,12.845,
07/19/2019 07:16:00.000000,,,,0.018102,
07/19/2019 07:17:00.000000,,,,0.017504,
07/19/2019 07:18:00.000000,,,,0.012138,
07/19/2019 07:19:00.000000,,,,0.025675,
07/19/2019 07:20:00.000000,,,,0.016264,
07/19/2019 07:21:00.000000,,,,8.84186,
07/19/2019 07:22:00.000000,,,,0.005475,
07/19/2019 07:23:00.000000,,,,11.21,
07/19/2019 07:24:00.000000,,,,0.024771,
07/19/2019 07:25:00.000000,,,,8.973171,
07/19/2019 07:26:00.000000,,,,15.071429,
07/19/2019 07:27:00.000000,,,,0.015134,
07/19/2019 07:28:00.000000,,,,0.009942,
07/19/2019 07:29:00.000000,,,,9.493023,
07/19/2019 07:30:00.000000,,,,10.063415,
07/19/2019 07:31:00.000000,,,,0.014709,
07/19/2019 07:32:00.000000,,,,19.871429,
07/19/2019 07:33:00.000000,,,,0.023084,
07/19/2019 07:34:00.000000,,,,12.407317,
07/19/2019 07:35:00.000000,,,,10.653846,
07/19/2019 07:36:00.000000,,,,0.024289,
07/19/2019 07:37:00.000000,,,,10.718182,
07/19/2019 07:38:00.000000,,,,0.012636,
07/19/2019 07:39:00.000000,,,,4.436585,
07/19/2019 07:40:00.000000,,,,0.008273,
07/19/2019 07:41:00.000000,,,,13.62,
07/19/2019 07:42:00.000000,,,,0.01641,
07/19/2019 07:43:00.000000,,,,4.539535,
07/19/2019 07:44:00.000000,,,,26.283333,
07/19/2019 07:45:00.000000,,,,0.031603,
07/19/2019 07:46:00.000000,,,,21.156818,
07/19/2019 07:47:00.000000,,,,24.059459,
07/19/2019 07:48:00.000000,,,,28.130556,
07/19/2019 07:49:00.000000,,,,0.020856,
07/19/2019 07:50:00.000000,,,,0.015163,
07/19/2019 07:51:00.000000,,,,18.929268,
07/19/2019 07:52:00.000000,,,,0.017222,
07/19/2019 07:53:00.000000,,,,8.409677,
07/19/2019 07:54:00.000000,,,,10.224138,
07/19/2019 07:55:00.000000,,,,0.022066,
07/19/2019 07:56:00.000000,,,,13.055,
07/19/2019 07:57:00.000000,,,,4.914286,
07/19/2019 07:58:00.000000,,,,0.014341,
07/19/2019 07:59:00.000000,,,,24.865,
07/19/2019 08:00:00.000000,,,,17.002439,
07/19/2019 08:01:00.000000,,,,0.015814,
07/19/2019 08:02:00.000000,,,,0.017402,
07/19/2019 08:03:00.000000,,,,16.056098,
07/19/2019 08:04:00.000000,,,,7.431818,
07/19/2019 08:05:00.000000,,,,13.333333,
07/19/2019 08:06:00.000000,,,,10.8625,
07/19/2019 08:07:00.000000,,,,11.8,
07/19/2019 08:08:00.000000,,,,11.838462,
07/19/2019 08:09:00.000000,,,,17.092683,
07/19/2019 08:10:00.000000,,,,18.085366,
07/19/2019 08:11:00.000000,,,,13.557143,
07/19/2019 08:12:00.000000,,,,17.857143,
07/19/2019 08:13:00.000000,,,,22.880556,
07/19/2019 08:14:00.000000,,,,15.360976,
07/19/2019 08:15:00.000000,,,,0.028274,
07/19/2019 08:16:00.000000,,,,6.52093,
07/19/2019 08:17:00.000000,,,,0.011352,
07/19/2019 08:18:00.000000,,,,8.871429,
07/19/2019 08:19:00.000000,,,,12.588095,
07/19/2019 08:20:00.000000,,,,15.3,
07/19/2019 08:21:00.000000,,,,0.017795,
07/19/2019 08:22:00.000000,,,,11.446154,
07/19/2019 08:23:00.000000,,,,0.017622,
07/19/2019 08:24:00.000000,,,,0.020237,
07/19/2019 08:25:00.000000,,,,0.01038,
07/19/2019 08:26:00.000000,,,,0.047528,
07/19/2019 08:27:00.000000,,,,12.718421,
07/19/2019 08:28:00.000000,,,,9.365,
07/19/2019 08:29:00.000000,,,,0.029397,
07/19/2019 08:30:00.000000,,,,0.006099,
07/19/2019 08:31:00.000000,,,,0.05838,
07/19/2019 08:32:00.000000,,,,12.206977,
07/19/2019 08:33:00.000000,,,,3.853488,
07/19/2019 08:34:00.000000,,,,0.008338,
07/19/2019 08:35:00.000000,,,,0.004244,
07/19/2019 08:36:00.000000,,,,3.425,
07/19/2019 08:37:00.000000,,,,0.011164,
07/19/2019 08:38:00.000000,,,,0.008605,
07/19/2019 08:39:00.000000,,,,18.484211,
07/19/2019 08:40:00.000000,,,,4.731579,
07/19/2019 08:41:00.000000,,,,26.521053,
07/19/2019 08:42:00.000000,,,,0.029835,
07/19/2019 08:43:00.000000,,,,0.027169,
07/19/2019 08:44:00.000000,,,,16.885366,
07/19/2019 08:45:00.000000,,,,12.357143,
07/19/2019 08:46:00.000000,,,,6.397674,
07/19/2019 08:47:00.000000,,,,9.285366,
07/19/2019 08:48:00.000000,,,,6.814286,
07/19/2019 08:49:00.000000,,,,3.546512,
07/19/2019 08:50:00.000000,,,,0.025464,
07/19/2019 08:51:00.000000,,,,0.055369,
07/19/2019 08:52:00.000000,,,,0.018353,
07/19/2019 08:53:00.000000,,,,5.132558,
07/19/2019 08:54:00.000000,,,,0.00377,
07/19/2019 08:55:00.000000,,,,3.952273,
07/19/2019 08:56:00.000000,,,,7.325641,
07/19/2019 08:57:00.000000,,,,9.971053,
07/19/2019 08:58:00.000000,,,,0.010115,
07/19/2019 08:59:00.000000,,,,0.003989,
07/19/2019 09:00:00.000000,,,,18.578049,
07/19/2019 09:01:00.000000,,,,10.081395,
07/19/2019 09:02:00.000000,,,,0.008855,
07/19/2019 09:03:00.000000,,,,0.004344,
07/19/2019 09:04:00.000000,,,,2.885,
07/19/2019 09:05:00.000000,,,,0.016726,
07/19/2019 09:06:00.000000,,,,8.960465,
07/19/2019 09:07:00.000000,,,,3.754545,
07/19/2019 09:08:00.000000,,,,6.823077,
07/19/2019 09:09:00.000000,,,,0.00817,
07/19/2019 09:10:00.000000,,,,14.460465,
07/19/2019 09:11:00.000000,,,,0.006249,
07/19/2019 09:12:00.000000,,,,0.036948,
07/19/2019 09:13:00.000000,,,,10.245238,
07/19/2019 09:14:00.000000,,,,0.00954,
07/19/2019 09:15:00.000000,,,,0.007912,
07/19/2019 09:16:00.000000,,,,3.253659,
07/19/2019 09:17:00.000000,,,,2.712195,
07/19/2019 09:18:00.000000,,,,0.008466,
07/19/2019 09:19:00.000000,,,,0.004384,
07/19/2019 09:20:00.000000,,,,0.006381,
07/19/2019 09:21:00.000000,,,,5.257143,
07/19/2019 09:22:00.000000,,,,0.00676,
07/19/2019 09:23:00.000000,,,,6.571739,
07/19/2019 09:24:00.000000,,,,0.014635,
07/19/2019 09:25:00.000000,,,,0.012668,
07/19/2019 09:26:00.000000,,,,8.797674,
07/19/2019 09:27:00.000000,,,,3.74878,
07/19/2019 09:28:00.000000,,,,4.490698,
07/19/2019 09:29:00.000000,,,,7.142105,
07/19/2019 09:30:00.000000,,,,8.929545,
07/19/2019 09:31:00.000000,,,,10.481818,
07/19/2019 09:32:00.000000,,,,0.010479,
07/19/2019 09:33:00.000000,,,,6.242857,
07/19/2019 09:34:00.000000,,,,3.004762,
07/19/2019 09:35:00.000000,,,,13.266667,
07/19/2019 09:36:00.000000,,,,12.644444,
07/19/2019 09:37:00.000000,,,,0.009774,
07/19/2019 09:38:00.000000,,,,0.010074,
07/19/2019 09:39:00.000000,,,,0.012268,
07/19/2019 09:40:00.000000,,,,0.008818,
07/19/2019 09:41:00.000000,,,,0.011033,
07/19/2019 09:42:00.000000,,,,0.00492,
07/19/2019 09:43:00.000000,,,,3.228571,
07/19/2019 09:44:00.000000,,,,14.012195,
07/19/2019 09:45:00.000000,,,,13.871429,
07/19/2019 09:46:00.000000,,,,0.010369,
07/19/2019 09:47:00.000000,,,,7.02439,
07/19/2019 09:48:00.000000,,,,0.006496,
07/19/2019 09:49:00.000000,,,,0.017592,
07/19/2019 09:50:00.000000,,,,0.005971,
07/19/2019 09:51:00.000000,,,,3.116279,
07/19/2019 09:52:00.000000,,,,2.86,
07/19/2019 09:53:00.000000,,,,2.715385,
07/19/2019 09:54:00.000000,,,,3.46,
07/19/2019 09:55:00.000000,,,,8.046154,
07/19/2019 09:56:00.000000,,,,0.004916,
07/19/2019 09:57:00.000000,,,,0.015296,
07/19/2019 09:58:00.000000,,,,0.008511,
07/19/2019 09:59:00.000000,,,,0.011089,
07/19/2019 10:00:00.000000,,,,0.028822,
07/19/2019 10:01:00.000000,,,,17.414286,
07/19/2019 10:02:00.000000,,,,5.002439,
07/19/2019 10:03:00.000000,,,,0.006509,
07/19/2019 10:04:00.000000,,,,3.46,
07/19/2019 10:05:00.000000,,,,0.0034,
07/19/2019 10:06:00.000000,,,,5.346341,
07/19/2019 10:07:00.000000,,,,4.364444,
07/19/2019 10:08:00.000000,,,,3.836585,
07/19/2019 10:09:00.000000,,,,3.971429,
07/19/2019 10:10:00.000000,,,,0.005659,
07/19/2019 10:11:00.000000,,,,6.5,
07/19/2019 10:12:00.000000,,,,3.44186,
07/19/2019 10:13:00.000000,,,,0.010923,
07/19/2019 10:14:00.000000,,,,0.010206,
07/19/2019 10:15:00.000000,,,,6.582927,
07/19/2019 10:16:00.000000,,,,0.027337,
07/19/2019 10:17:00.000000,,,,9.290698,
07/19/2019 10:18:00.000000,,,,5.652381,
07/19/2019 10:19:00.000000,,,,0.004665,
07/19/2019 10:20:00.000000,,,,0.010406,
07/19/2019 10:21:00.000000,,,,3.970732,
07/19/2019 10:22:00.000000,,,,5.87561,
07/19/2019 10:23:00.000000,,,,3.384211,
07/19/2019 10:24:00.000000,,,,0.006147,
07/19/2019 10:25:00.000000,,,,3.38,
07/19/2019 10:26:00.000000,,,,0.009909,
07/19/2019 10:27:00.000000,,,,18.178571,
07/19/2019 10:28:00.000000,,,,6.073333,
07/19/2019 10:29:00.000000,,,,6.783721,
07/19/2019 10:30:00.000000,,,,0.004519,
07/19/2019 10:31:00.000000,,,,0.011105,
07/19/2019 10:32:00.000000,,,,0.008152,
07/19/2019 10:33:00.000000,,,,0.004068,
07/19/2019 10:34:00.000000,,,,2.829268,
07/19/2019 10:35:00.000000,,,,6.914286,
07/19/2019 10:36:00.000000,,,,5.7625,
07/19/2019 10:37:00.000000,,,,0.004327,
07/19/2019 10:38:00.000000,,,,6.311765,
07/19/2019 10:39:00.000000,,,,0.008302,
07/19/2019 10:40:00.000000,,,,3.344186,
07/19/2019 10:41:00.000000,,,,5.873171,
07/19/2019 10:42:00.000000,,,,3.483721,
07/19/2019 10:43:00.000000,,,,0.01808,
07/19/2019 10:44:00.000000,,,,4.485714,
07/19/2019 10:45:00.000000,,,,0.006436,
07/19/2019 10:46:00.000000,,,,0.003975,
07/19/2019 10:47:00.000000,,,,0.006801,
07/19/2019 10:48:00.000000,,,,9.456098,
07/19/2019 10:49:00.000000,,,,0.009602,
07/19/2019 10:50:00.000000,,,,3.407692,
07/19/2019 10:51:00.000000,,,,7.392683,
07/19/2019 10:52:00.000000,,,,0.01266,
07/19/2019 10:53:00.000000,,,,0.01383,
07/19/2019 10:54:00.000000,,,,0.008447,
07/19/2019 10:55:00.000000,,,,0.02058,
07/19/2019 10:56:00.000000,,,,6.467442,
07/19/2019 10:57:00.000000,,,,7.781818,
07/19/2019 10:58:00.000000,,,,6.336585,
07/19/2019 10:59:00.000000,,,,5.825641,
07/19/2019 11:00:00.000000,,,,0.01639,
07/19/2019 11:01:00.000000,,,,7.178947,
07/19/2019 11:02:00.000000,,,,3.446341,
07/19/2019 11:03:00.000000,,,,3.0875,
07/19/2019 11:04:00.000000,,,,3.28,
07/19/2019 11:05:00.000000,,,,2.902564,
07/19/2019 11:06:00.000000,,,,5.909091,
07/19/2019 11:07:00.000000,,,,0.017493,
07/19/2019 11:08:00.000000,,,,10.171795,
07/19/2019 11:09:00.000000,,,,0.012112,
07/19/2019 11:10:00.000000,,,,0.00973,
07/19/2019 11:11:00.000000,,,,0.012592,
07/19/2019 11:12:00.000000,,,,0.006865,
07/19/2019 11:13:00.000000,,,,0.008271,
07/19/2019 11:14:00.000000,,,,3.37027,
07/19/2019 11:15:00.000000,,,,8.161224,
07/19/2019 11:16:00.000000,,,,0.011591,
07/19/2019 11:17:00.000000,,,,4.766667,
07/19/2019 11:18:00.000000,,,,0.005996,
07/19/2019 11:19:00.000000,,,,2.904878,
07/19/2019 11:20:00.000000,,,,6.760526,
07/19/2019 11:21:00.000000,,,,9.609091,
07/19/2019 11:22:00.000000,,,,6.138889,
07/19/2019 11:23:00.000000,,,,0.016935,
07/19/2019 11:24:00.000000,,,,8.040541,
07/19/2019 11:25:00.000000,,,,3.507692,
07/19/2019 11:26:00.000000,,,,0.006773,
07/19/2019 11:27:00.000000,,,,0.025394,
07/19/2019 11:28:00.000000,,,,0.013194,
07/19/2019 11:29:00.000000,,,,22.5,
07/19/2019 11:30:00.000000,,,,10.564865,
07/19/2019 11:31:00.000000,,,,0.011812,
07/19/2019 11:32:00.000000,,,,0.005431,
07/19/2019 11:33:00.000000,,,,0.014868,
07/19/2019 11:34:00.000000,,,,0.010917,
07/19/2019 11:35:00.000000,,,,11.388372,
07/19/2019 11:36:00.000000,,,,12.217073,
07/19/2019 11:37:00.000000,,,,0.018296,
07/19/2019 11:38:00.000000,,,,0.020507,
07/19/2019 11:39:00.000000,,,,8.411364,
07/19/2019 11:40:00.000000,,,,0.004703,
07/19/2019 11:41:00.000000,,,,7.095,
07/19/2019 11:42:00.000000,,,,0.101468,
07/19/2019 11:43:00.000000,,,,0.043971,
07/19/2019 11:44:00.000000,,,,22.915,
07/19/2019 11:45:00.000000,,,,0.013674,
07/19/2019 11:46:00.000000,,,,14.890909,
07/19/2019 11:47:00.000000,,,,18.7875,
07/19/2019 11:48:00.000000,,,,7.325581,
07/19/2019 11:49:00.000000,,,,0.013488,
07/19/2019 11:50:00.000000,,,,0.022376,
07/19/2019 11:51:00.000000,,,,0.022814,
07/19/2019 11:52:00.000000,,,,0.023129,
07/19/2019 11:53:00.000000,,,,8.545455,
07/19/2019 11:54:00.000000,,,,0.013343,
07/19/2019 11:55:00.000000,,,,8.514286,
07/19/2019 11:56:00.000000,,,,12.59,
07/19/2019 11:57:00.000000,,,,0.006255,
07/19/2019 11:58:00.000000,,,,12.434146,
07/19/2019 11:59:00.000000,,,,0.013031,
07/19/2019 12:00:00.000000,,,,13.523077,
07/19/2019 12:01:00.000000,,,,0.030565,
07/19/2019 12:02:00.000000,,,,0.023006,
07/19/2019 12:03:00.000000,,,,0.014026,
07/19/2019 12:04:00.000000,,,,0.014219,
07/19/2019 12:05:00.000000,,,,0.01416,
07/19/2019 12:06:00.000000,,,,7.168182,
07/19/2019 12:07:00.000000,,,,0.016924,
07/19/2019 12:08:00.000000,,,,0.025766,
07/19/2019 12:10:00.000000,,,,0.010442,
07/19/2019 12:11:00.000000,,,,8.916279,
07/19/2019 12:12:00.000000,,,,9.353488,
07/19/2019 12:13:00.000000,,,,7.307692,
07/19/2019 12:14:00.000000,,,,0.007007,
07/19/2019 12:15:00.000000,,,,7.021951,
07/19/2019 12:16:00.000000,,,,0.012549,
07/19/2019 12:17:00.000000,,,,0.01454,
07/19/2019 12:18:00.000000,,,,0.009538,
07/19/2019 12:19:00.000000,,,,0.007105,
07/19/2019 12:20:00.000000,,,,3.580488,
07/19/2019 12:21:00.000000,,,,0.008847,
07/19/2019 12:22:00.000000,,,,0.01291,
07/19/2019 12:23:00.000000,,,,0.007737,
07/19/2019 12:24:00.000000,,,,0.004346,
07/19/2019 12:25:00.000000,,,,0.028389,
07/19/2019 12:26:00.000000,,,,0.024215,
07/19/2019 12:27:00.000000,,,,0.012632,
07/19/2019 12:28:00.000000,,,,0.012085,
07/19/2019 12:30:00.000000,,,,18.416279,
07/19/2019 12:31:00.000000,,,,0.004908,
07/19/2019 12:32:00.000000,,,,0.008301,
07/19/2019 12:33:00.000000,,,,11.7625,
07/19/2019 12:34:00.000000,,,,9.921429,
07/19/2019 12:35:00.000000,,,,13.0,
07/19/2019 12:36:00.000000,,,,0.017572,
07/19/2019 12:37:00.000000,,,,0.01526,
07/19/2019 12:38:00.000000,,,,0.012114,
07/19/2019 12:39:00.000000,,,,0.023152,
07/19/2019 12:40:00.000000,,,,0.024327,
07/19/2019 12:41:00.000000,,,,0.020373,
07/19/2019 12:42:00.000000,,,,14.85,
07/19/2019 12:43:00.000000,,,,17.860976,
07/19/2019 12:44:00.000000,,,,5.860976,
07/19/2019 12:45:00.000000,,,,0.01136,
07/19/2019 12:46:00.000000,,,,19.168293,
07/19/2019 12:47:00.000000,,,,0.01304,
07/19/2019 12:48:00.000000,,,,19.551163,
07/19/2019 12:50:00.000000,,,,0.019201,
07/19/2019 12:51:00.000000,,,,0.023726,
07/19/2019 12:52:00.000000,,,,18.093182,
07/19/2019 12:53:00.000000,,,,21.4,
07/19/2019 12:54:00.000000,,,,0.025547,
07/19/2019 12:55:00.000000,,,,14.848718,
07/19/2019 12:56:00.000000,,,,15.757143,
07/19/2019 12:57:00.000000,,,,0.019969,
07/19/2019 12:58:00.000000,,,,14.971429,
07/19/2019 12:59:00.000000,,,,0.017809,
07/19/2019 13:00:00.000000,,,,0.036497,
07/19/2019 13:01:00.000000,,,,9.520455,
07/19/2019 13:02:00.000000,,,,0.030051,
07/19/2019 13:03:00.000000,,,,0.051084,
07/19/2019 13:04:00.000000,,,,29.042857,
07/19/2019 13:05:00.000000,,,,16.273913,
07/19/2019 13:06:00.000000,,,,21.41,
07/19/2019 13:07:00.000000,,,,0.019054,
07/19/2019 13:08:00.000000,,,,51.388372,
07/19/2019 13:10:00.000000,,,,17.580488,
07/19/2019 13:11:00.000000,,,,0.03124,
07/19/2019 13:12:00.000000,,,,24.734783,
07/19/2019 13:13:00.000000,,,,28.7875,
07/19/2019 13:14:00.000000,,,,24.237209,
07/19/2019 13:15:00.000000,,,,27.436364,
07/19/2019 13:16:00.000000,,,,7.885714,
07/19/2019 13:17:00.000000,,,,13.217949,
07/19/2019 13:18:00.000000,,,,0.01754,
07/19/2019 13:19:00.000000,,,,34.742857,
07/19/2019 13:20:00.000000,,,,0.017685,
07/19/2019 13:21:00.000000,,,,0.018557,
07/19/2019 13:22:00.000000,,,,35.6875,
07/19/2019 13:23:00.000000,,,,28.128571,
07/19/2019 13:24:00.000000,,,,33.084615,
07/19/2019 13:25:00.000000,,,,7.453488,
07/19/2019 13:26:00.000000,,,,31.925581,
07/19/2019 13:27:00.000000,,,,0.041797,
07/19/2019 13:28:00.000000,,,,32.217073,
07/19/2019 13:30:00.000000,,,,0.017022,
07/19/2019 13:31:00.000000,,,,0.037103,
07/19/2019 13:32:00.000000,,,,16.666667,
07/19/2019 13:33:00.000000,,,,0.040742,
07/19/2019 13:34:00.000000,,,,0.02631,
07/19/2019 13:35:00.000000,,,,37.463415,
07/19/2019 13:36:00.000000,,,,0.03601,
07/19/2019 13:37:00.000000,,,,27.868293,
07/19/2019 13:38:00.000000,,,,0.044245,
07/19/2019 13:39:00.000000,,,,33.025,
07/19/2019 13:40:00.000000,,,,37.128571,
07/19/2019 13:41:00.000000,,,,28.042857,
07/19/2019 13:42:00.000000,,,,27.707692,
07/19/2019 13:43:00.000000,,,,0.036388,
07/19/2019 13:44:00.000000,,,,30.595455,
07/19/2019 13:45:00.000000,,,,0.060752,
07/19/2019 13:46:00.000000,,,,31.505263,
07/19/2019 13:47:00.000000,,,,0.094463,
07/19/2019 13:48:00.000000,,,,0.094057,
07/19/2019 13:50:00.000000,,,,0.039845,
07/19/2019 13:51:00.000000,,,,41.345,
07/19/2019 13:52:00.000000,,,,0.059449,
07/19/2019 13:53:00.000000,,,,0.043573,
07/19/2019 13:54:00.000000,,,,0.02859,
07/19/2019 13:55:00.000000,,,,0.079665,
07/19/2019 13:56:00.000000,,,,41.6125,
07/19/2019 13:57:00.000000,,,,0.040218,
07/19/2019 13:58:00.000000,,,,30.116667,
07/19/2019 13:59:00.000000,,,,0.031288,
07/19/2019 14:00:00.000000,,,,17.174419,
07/19/2019 14:01:00.000000,,,,34.626829,
07/19/2019 14:02:00.000000,,,,45.785,
07/19/2019 14:03:00.000000,,,,0.041426,
07/19/2019 14:04:00.000000,,,,7.24878,
07/19/2019 14:05:00.000000,,,,44.115,
07/19/2019 14:06:00.000000,,,,0.03487,
07/19/2019 14:07:00.000000,,,,0.02181,
07/19/2019 14:08:00.000000,,,,32.462791,
07/19/2019 14:10:00.000000,,,,0.065281,
07/19/2019 14:11:00.000000,,,,26.863636,
07/19/2019 14:12:00.000000,,,,0.03674,
07/19/2019 14:13:00.000000,,,,21.763415,
07/19/2019 14:14:00.000000,,,,0.039962,
07/19/2019 14:15:00.000000,,,,0.059842,
07/19/2019 14:16:00.000000,,,,47.390476,
07/19/2019 14:17:00.000000,,,,0.042616,
07/19/2019 14:18:00.000000,,,,0.028799,
07/19/2019 14:19:00.000000,,,,0.030988,
07/19/2019 14:20:00.000000,,,,36.816279,
07/19/2019 14:21:00.000000,,,,37.242857,
07/19/2019 14:22:00.000000,,,,54.467442,
07/19/2019 14:23:00.000000,,,,0.032841,
07/19/2019 14:24:00.000000,,,,22.883721,
07/19/2019 14:25:00.000000,,,,0.040846,
07/19/2019 14:26:00.000000,,,,25.62,
07/19/2019 14:27:00.000000,,,,35.45,
07/19/2019 14:28:00.000000,,,,43.13,
07/19/2019 14:30:00.000000,,,,0.075743,
07/19/2019 14:31:00.000000,,,,42.040476,
07/19/2019 14:32:00.000000,,,,0.05479,
07/19/2019 14:33:00.000000,,,,39.6375,
07/19/2019 14:34:00.000000,,,,54.832558,
07/19/2019 14:35:00.000000,,,,0.074692,
07/19/2019 14:36:00.000000,,,,0.049708,
07/19/2019 14:37:00.000000,,,,0.066687,
07/19/2019 14:38:00.000000,,,,45.4,
07/19/2019 14:39:00.000000,,,,45.257143,
07/19/2019 14:40:00.000000,,,,0.078168,
07/19/2019 14:41:00.000000,,,,0.071679,
07/19/2019 14:42:00.000000,,,,0.070716,
07/19/2019 14:43:00.000000,,,,0.047566,
07/19/2019 14:44:00.000000,,,,0.114111,
07/19/2019 14:45:00.000000,,,,27.846154,
07/19/2019 14:46:00.000000,,,,0.059935,
07/19/2019 14:47:00.000000,,,,81.085714,
07/19/2019 14:48:00.000000,,,,85.457895,
07/19/2019 14:49:00.000000,,,,100.504166,
07/19/2019 14:50:00.000000,,,,42.938462,
07/19/2019 14:51:00.000000,,,,0.07033,
07/19/2019 14:52:00.000000,,,,0.07232,
07/19/2019 14:53:00.000000,,,,41.469767,
07/19/2019 14:54:00.000000,,,,0.046079,
07/19/2019 14:55:00.000000,,,,0.090483,
07/19/2019 14:56:00.000000,,,,42.567857,
07/19/2019 14:57:00.000000,,,,0.060002,
07/19/2019 14:58:00.000000,,,,0.081109,
07/19/2019 14:59:00.000000,,,,0.056611,
07/19/2019 15:00:00.000000,,,,0.077855,
07/19/2019 15:01:00.000000,,,,0.11556,
07/19/2019 15:02:00.000000,,,,60.86,
07/19/2019 15:03:00.000000,,,,44.107692,
07/19/2019 15:04:00.000000,,,,0.089217,
07/19/2019 15:05:00.000000,,,,0.064198,
07/19/2019 15:06:00.000000,,,,46.407317,
07/19/2019 15:07:00.000000,,,,50.511765,
07/19/2019 15:08:00.000000,,,,36.361905,
07/19/2019 15:10:00.000000,,,,59.442857,
07/19/2019 15:11:00.000000,,,,0.082422,
07/19/2019 15:12:00.000000,,,,0.083083,
07/19/2019 15:13:00.000000,,,,0.059966,
07/19/2019 15:14:00.000000,,,,38.890244,
07/19/2019 15:15:00.000000,,,,0.086774,
07/19/2019 15:16:00.000000,,,,0.040833,
07/19/2019 15:17:00.000000,,,,33.94,
07/19/2019 15:18:00.000000,,,,28.070588,
07/19/2019 15:19:00.000000,,,,0.039065,
07/19/2019 15:20:00.000000,,,,0.039711,
07/19/2019 15:21:00.000000,,,,49.931579,
07/19/2019 15:22:00.000000,,,,32.665789,
07/19/2019 15:23:00.000000,,,,0.026044,
07/19/2019 15:24:00.000000,,,,17.132432,
07/19/2019 15:25:00.000000,,,,26.241026,
07/19/2019 15:26:00.000000,,,,15.8,
07/19/2019 15:27:00.000000,,,,17.875,
07/19/2019 15:28:00.000000,,,,0.038804,
07/19/2019 15:30:00.000000,,,,17.065714,
07/19/2019 15:31:00.000000,,,,26.7,
07/19/2019 15:32:00.000000,,,,0.038065,
07/19/2019 15:33:00.000000,,,,30.615,
07/19/2019 15:34:00.000000,,,,30.815385,
07/19/2019 15:35:00.000000,,,,0.025736,
07/19/2019 15:36:00.000000,,,,0.040902,
07/19/2019 15:37:00.000000,,,,59.978049,
07/19/2019 15:38:00.000000,,,,24.525,
07/19/2019 15:39:00.000000,,,,41.738095,
07/19/2019 15:40:00.000000,,,,0.045665,
07/19/2019 15:41:00.000000,,,,0.07263,
07/19/2019 15:42:00.000000,,,,0.035985,
07/19/2019 15:43:00.000000,,,,21.657895,
07/19/2019 15:44:00.000000,,,,27.097674,
07/19/2019 15:45:00.000000,,,,14.272973,
07/19/2019 15:46:00.000000,,,,0.057574,
07/19/2019 15:47:00.000000,,,,0.028906,
07/19/2019 15:48:00.000000,,,,17.015789,
07/19/2019 15:50:00.000000,,,,25.95,
07/19/2019 15:51:00.000000,,,,0.011499,
07/19/2019 15:52:00.000000,,,,0.031211,
07/19/2019 15:53:00.000000,,,,0.022068,
07/19/2019 15:54:00.000000,,,,0.015108,
07/19/2019 15:55:00.000000,,,,0.027666,
07/19/2019 15:56:00.000000,,,,6.157143,
07/19/2019 15:57:00.000000,,,,0.0399,
07/19/2019 15:58:00.000000,,,,0.02715,
07/19/2019 15:59:00.000000,,,,0.021949,
07/19/2019 16:00:00.000000,,,,0.0205,
07/19/2019 16:01:00.000000,,,,22.775,
07/19/2019 16:02:00.000000,,,,14.025,
07/19/2019 16:03:00.000000,,,,18.053846,
07/19/2019 16:04:00.000000,,,,4.186047,
07/19/2019 16:05:00.000000,,,,26.3,
07/19/2019 16:06:00.000000,,,,23.586364,
07/19/2019 16:07:00.000000,,,,0.040454,
07/19/2019 16:08:00.000000,,,,0.02325,
07/19/2019 16:10:00.000000,,,,14.05,
07/19/2019 16:11:00.000000,,,,16.968421,
07/19/2019 16:12:00.000000,,,,14.215152,
07/19/2019 16:13:00.000000,,,,43.712903,
07/19/2019 16:14:00.000000,,,,17.4,
07/19/2019 16:15:00.000000,,,,41.243902,
07/19/2019 16:16:00.000000,,,,23.9,
07/19/2019 16:17:00.000000,,,,14.771429,
07/19/2019 16:18:00.000000,,,,20.19,
07/19/2019 16:19:00.000000,,,,15.32439,
07/19/2019 16:20:00.000000,,,,22.34186,
07/19/2019 16:21:00.000000,,,,0.011516,
07/19/2019 16:22:00.000000,,,,0.017562,
07/19/2019 16:23:00.000000,,,,0.016746,
07/19/2019 16:24:00.000000,,,,4.094737,
07/19/2019 16:25:00.000000,,,,0.020606,
07/19/2019 16:26:00.000000,,,,0.029469,
07/19/2019 16:27:00.000000,,,,10.012821,
07/19/2019 16:28:00.000000,,,,16.152941,
07/19/2019 16:30:00.000000,,,,16.771429,
07/19/2019 16:31:00.000000,,,,18.631707,
07/19/2019 16:32:00.000000,,,,0.013321,
07/19/2019 16:33:00.000000,,,,0.012027,
07/19/2019 16:34:00.000000,,,,10.736585,
07/19/2019 16:35:00.000000,,,,0.017615,
07/19/2019 16:36:00.000000,,,,0.029634,
07/19/2019 16:37:00.000000,,,,0.010104,
07/19/2019 16:38:00.000000,,,,0.017572,
07/19/2019 16:39:00.000000,,,,10.157143,
07/19/2019 16:40:00.000000,,,,10.614286,
07/19/2019 16:41:00.000000,,,,5.507317,
07/19/2019 16:42:00.000000,,,,17.435,
07/19/2019 16:43:00.000000,,,,0.027142,
07/19/2019 16:44:00.000000,,,,0.013875,
07/19/2019 16:45:00.000000,,,,24.338461,
07/19/2019 16:46:00.000000,,,,20.637209,
07/19/2019 16:47:00.000000,,,,0.019817,
07/19/2019 16:48:00.000000,,,,0.014655,
07/19/2019 16:49:00.000000,,,,5.892593,
07/19/2019 16:50:00.000000,,,,12.358537,
07/19/2019 16:51:00.000000,,,,0.009624,
07/19/2019 16:52:00.000000,,,,0.025563,
07/19/2019 16:53:00.000000,,,,0.014607,
07/19/2019 16:54:00.000000,,,,9.070732,
07/19/2019 16:55:00.000000,,,,15.005,
07/19/2019 16:56:00.000000,,,,0.012329,
07/19/2019 16:57:00.000000,,,,0.026459,
07/19/2019 16:58:00.000000,,,,21.490244,
07/19/2019 16:59:00.000000,,,,0.023909,
07/19/2019 17:00:00.000000,,,,0.006156,
07/19/2019 17:01:00.000000,,,,0.020792,
07/19/2019 17:02:00.000000,,,,11.062791,
07/19/2019 17:03:00.000000,,,,0.013774,
07/19/2019 17:04:00.000000,,,,0.048481,
07/19/2019 17:05:00.000000,,,,0.039575,
07/19/2019 17:06:00.000000,,,,0.017419,
07/19/2019 17:07:00.000000,,,,0.013075,
07/19/2019 17:08:00.000000,,,,0.014494,
07/19/2019 17:09:00.000000,,,,0.011405,
07/19/2019 17:10:00.000000,,,,8.804545,
07/19/2019 17:11:00.000000,,,,0.016657,
07/19/2019 17:12:00.000000,,,,13.5,
07/19/2019 17:13:00.000000,,,,21.405,
07/19/2019 17:14:00.000000,,,,0.012631,
07/19/2019 17:15:00.000000,,,,0.03705,
07/19/2019 17:16:00.000000,,,,0.030822,
07/19/2019 17:17:00.000000,,,,0.010971,
07/19/2019 17:18:00.000000,,,,0.015124,
07/19/2019 17:19:00.000000,,,,0.028674,
07/19/2019 17:20:00.000000,,,,18.080488,
07/19/2019 17:21:00.000000,,,,19.614286,
07/19/2019 17:22:00.000000,,,,0.034797,
07/19/2019 17:23:00.000000,,,,0.026521,
07/19/2019 17:24:00.000000,,,,14.45,
07/19/2019 17:25:00.000000,,,,0.016752,
07/19/2019 17:26:00.000000,,,,0.027024,
07/19/2019 17:27:00.000000,,,,0.019427,
07/19/2019 17:28:00.000000,,,,0.033374,
07/19/2019 17:29:00.000000,,,,0.092978,
07/19/2019 17:30:00.000000,,,,29.409756,
07/19/2019 17:31:00.000000,,,,46.036842,
07/19/2019 17:32:00.000000,,,,42.031707,
07/19/2019 17:33:00.000000,,,,17.006977,
07/19/2019 17:34:00.000000,,,,39.119512,
07/19/2019 17:35:00.000000,,,,0.04685,
07/19/2019 17:36:00.000000,,,,0.063273,
07/19/2019 17:37:00.000000,,,,0.041627,
07/19/2019 17:38:00.000000,,,,0.044212,
07/19/2019 17:39:00.000000,,,,26.215,
07/19/2019 17:40:00.000000,,,,55.555,
07/19/2019 17:41:00.000000,,,,52.121951,
07/19/2019 17:42:00.000000,,,,26.245454,
07/19/2019 17:43:00.000000,,,,20.248837,
07/19/2019 17:44:00.000000,,,,0.03988,
07/19/2019 17:45:00.000000,,,,0.033262,
07/19/2019 17:46:00.000000,,,,16.930233,
07/19/2019 17:47:00.000000,,,,0.016478,
07/19/2019 17:48:00.000000,,,,19.482927,
07/19/2019 17:49:00.000000,,,,20.627907,
07/19/2019 17:50:00.000000,,,,25.160465,
07/19/2019 17:51:00.000000,,,,0.020268,
07/19/2019 17:52:00.000000,,,,29.611628,
07/19/2019 17:53:00.000000,,,,38.2375,
07/19/2019 17:54:00.000000,,,,0.035837,
07/19/2019 17:55:00.000000,,,,15.067742,
07/19/2019 17:56:00.000000,,,,0.026486,
07/19/2019 17:57:00.000000,,,,0.036679,
07/19/2019 17:58:00.000000,,,,21.35814,
07/19/2019 17:59:00.000000,,,,0.039532,
07/19/2019 18:00:00.000000,,,,13.942424,
07/19/2019 18:01:00.000000,,,,13.6625,
07/19/2019 18:02:00.000000,,,,0.037604,
07/19/2019 18:03:00.000000,,,,22.013636,
07/19/2019 18:04:00.000000,,,,0.017685,
07/19/2019 18:05:00.000000,,,,23.65,
07/19/2019 18:06:00.000000,,,,25.103226,
07/19/2019 18:07:00.000000,,,,79.813333,
07/19/2019 18:08:00.000000,,,,0.035264,
07/19/2019 18:09:00.000000,,,,14.885714,
07/19/2019 18:10:00.000000,,,,0.016831,
07/19/2019 18:11:00.000000,,,,12.794444,
07/19/2019 18:12:00.000000,,,,7.939535,
07/19/2019 18:13:00.000000,,,,13.997674,
07/19/2019 18:14:00.000000,,,,9.884615,
07/19/2019 18:15:00.000000,,,,8.131707,
07/19/2019 18:16:00.000000,,,,0.012623,
07/19/2019 18:17:00.000000,,,,16.339535,
07/19/2019 18:18:00.000000,,,,0.009707,
07/19/2019 18:19:00.000000,,,,8.837931,
07/19/2019 18:20:00.000000,,,,0.018685,
07/19/2019 18:21:00.000000,,,,0.025856,
07/19/2019 18:22:00.000000,,,,0.030773,
07/19/2019 18:23:00.000000,,,,0.014424,
07/19/2019 18:24:00.000000,,,,30.370588,
07/19/2019 18:25:00.000000,,,,17.512195,
07/19/2019 18:26:00.000000,,,,0.029533,
07/19/2019 18:27:00.000000,,,,32.05,
07/19/2019 18:28:00.000000,,,,16.717073,
07/19/2019 18:30:00.000000,,,,0.01789,
07/19/2019 18:31:00.000000,,,,7.309302,
07/19/2019 18:32:00.000000,,,,10.356098,
07/19/2019 18:33:00.000000,,,,11.420455,
07/19/2019 18:34:00.000000,,,,10.442857,
07/19/2019 18:35:00.000000,,,,12.1,
07/19/2019 18:36:00.000000,,,,13.776744,
07/19/2019 18:37:00.000000,,,,19.142857,
07/19/2019 18:38:00.000000,,,,18.02093,
07/19/2019 18:39:00.000000,,,,18.125,
07/19/2019 18:40:00.000000,,,,34.85,
07/19/2019 18:41:00.000000,,,,10.511628,
07/19/2019 18:42:00.000000,,,,12.567442,
07/19/2019 18:43:00.000000,,,,12.228571,
07/19/2019 18:44:00.000000,,,,10.114286,
07/19/2019 18:45:00.000000,,,,13.930233,
07/19/2019 18:46:00.000000,,,,29.62439,
07/19/2019 18:47:00.000000,,,,0.012203,
07/19/2019 18:48:00.000000,,,,0.008454,
07/19/2019 18:49:00.000000,,,,13.34186,
07/19/2019 18:50:00.000000,,,,8.72,
07/19/2019 18:51:00.000000,,,,0.026954,
07/19/2019 18:52:00.000000,,,,14.868293,
07/19/2019 18:53:00.000000,,,,0.019128,
07/19/2019 18:54:00.000000,,,,0.01122,
07/19/2019 18:55:00.000000,,,,0.017724,
07/19/2019 18:56:00.000000,,,,9.715789,
07/19/2019 18:57:00.000000,,,,0.018958,
07/19/2019 18:58:00.000000,,,,0.040113,
07/19/2019 18:59:00.000000,,,,12.469231,
07/19/2019 19:00:00.000000,,,,0.004287,
07/19/2019 19:01:00.000000,,,,0.030291,
07/19/2019 19:02:00.000000,,,,0.026233,
07/19/2019 19:03:00.000000,,,,3.6,
07/19/2019 19:04:00.000000,,,,0.007649,
07/19/2019 19:05:00.000000,,,,0.011359,
07/19/2019 19:06:00.000000,,,,0.020102,
07/19/2019 19:07:00.000000,,,,8.666667,
07/19/2019 19:08:00.000000,,,,5.551163,
07/19/2019 19:09:00.000000,,,,0.015136,
07/19/2019 19:10:00.000000,,,,0.011245,
07/19/2019 19:11:00.000000,,,,7.756098,
07/19/2019 19:12:00.000000,,,,0.009183,
07/19/2019 19:13:00.000000,,,,0.014099,
07/19/2019 19:14:00.000000,,,,0.013439,
07/19/2019 19:15:00.000000,,,,0.014337,
07/19/2019 19:16:00.000000,,,,9.25,
07/19/2019 19:17:00.000000,,,,0.005503,
07/19/2019 19:18:00.000000,,,,0.001706,
07/19/2019 19:19:00.000000,,,,0.008298,
07/19/2019 19:20:00.000000,,,,0.009387,
07/19/2019 19:21:00.000000,,,,0.011433,
07/19/2019 19:22:00.000000,,,,0.018934,
07/19/2019 19:23:00.000000,,,,24.046154,
07/19/2019 19:24:00.000000,,,,0.027639,
07/19/2019 19:25:00.000000,,,,0.01089,
07/19/2019 19:26:00.000000,,,,0.011406,
07/19/2019 19:27:00.000000,,,,24.621951,
07/19/2019 19:28:00.000000,,,,19.346512,
07/19/2019 19:29:00.000000,,,,7.544186,
07/19/2019 19:30:00.000000,,,,0.020129,
07/19/2019 19:31:00.000000,,,,0.018254,
07/19/2019 19:32:00.000000,,,,8.525,
07/19/2019 19:33:00.000000,,,,8.985714,
07/19/2019 19:34:00.000000,,,,0.024612,
07/19/2019 19:35:00.000000,,,,5.972093,
07/19/2019 19:36:00.000000,,,,0.02284,
07/19/2019 19:37:00.000000,,,,0.027448,
07/19/2019 19:38:00.000000,,,,0.020569,
07/19/2019 19:39:00.000000,,,,12.004444,
07/19/2019 19:40:00.000000,,,,0.023627,
07/19/2019 19:41:00.000000,,,,10.24878,
07/19/2019 19:42:00.000000,,,,0.012544,
07/19/2019 19:43:00.000000,,,,15.121212,
07/19/2019 19:44:00.000000,,,,4.505,
07/19/2019 19:45:00.000000,,,,0.007788,
07/19/2019 19:46:00.000000,,,,9.991176,
07/19/2019 19:47:00.000000,,,,0.033532,
07/19/2019 19:48:00.000000,,,,0.018083,
07/19/2019 19:50:00.000000,,,,0.014544,
07/19/2019 19:51:00.000000,,,,0.01954,
07/19/2019 19:52:00.000000,,,,16.5875,
07/19/2019 19:53:00.000000,,,,11.941667,
07/19/2019 19:54:00.000000,,,,0.023436,
07/19/2019 19:55:00.000000,,,,0.005972,
07/19/2019 19:56:00.000000,,,,0.008135,
07/19/2019 19:57:00.000000,,,,0.013048,
07/19/2019 19:58:00.000000,,,,0.034073,
07/19/2019 19:59:00.000000,,,,15.342857,
07/19/2019 20:00:00.000000,,,,0.006409,
07/19/2019 20:01:00.000000,,,,7.0375,
07/19/2019 20:02:00.000000,,,,0.025397,
07/19/2019 20:03:00.000000,,,,14.818605,
07/19/2019 20:04:00.000000,,,,31.385366,
07/19/2019 20:05:00.000000,,,,12.613889,
07/19/2019 20:06:00.000000,,,,21.32963,
07/19/2019 20:07:00.000000,,,,0.024179,
07/19/2019 20:08:00.000000,,,,8.307692,
07/19/2019 20:10:00.000000,,,,10.746154,
07/19/2019 20:11:00.000000,,,,0.011837,
07/19/2019 20:12:00.000000,,,,15.915385,
07/19/2019 20:13:00.000000,,,,0.013331,
07/19/2019 20:14:00.000000,,,,0.029258,
07/19/2019 20:15:00.000000,,,,0.02819,
07/19/2019 20:16:00.000000,,,,1.9,
07/19/2019 20:17:00.000000,,,,0.016253,
07/19/2019 20:18:00.000000,,,,12.6,
07/19/2019 20:19:00.000000,,,,19.811628,
07/19/2019 20:20:00.000000,,,,0.016928,
07/19/2019 20:21:00.000000,,,,0.021851,
07/19/2019 20:22:00.000000,,,,0.016191,
07/19/2019 20:23:00.000000,,,,12.209756,
07/19/2019 20:24:00.000000,,,,15.136585,
07/19/2019 20:25:00.000000,,,,10.343902,
07/19/2019 20:26:00.000000,,,,0.011013,
07/19/2019 20:27:00.000000,,,,24.470833,
07/19/2019 20:28:00.000000,,,,0.03459,
07/19/2019 20:29:00.000000,,,,14.155,
07/19/2019 20:30:00.000000,,,,0.026062,
07/19/2019 20:31:00.000000,,,,0.011519,
07/19/2019 20:32:00.000000,,,,14.647727,
07/19/2019 20:33:00.000000,,,,13.906977,
07/19/2019 20:34:00.000000,,,,0.00935,
07/19/2019 20:35:00.000000,,,,0.01531,
07/19/2019 20:36:00.000000,,,,8.018421,
07/19/2019 20:37:00.000000,,,,1.642857,
07/19/2019 20:38:00.000000,,,,21.12093,
07/19/2019 20:39:00.000000,,,,17.639024,
07/19/2019 20:40:00.000000,,,,16.171429,
07/19/2019 20:41:00.000000,,,,10.7,
07/19/2019 20:42:00.000000,,,,0.023605,
07/19/2019 20:43:00.000000,,,,10.090244,
07/19/2019 20:44:00.000000,,,,0.018288,
07/19/2019 20:45:00.000000,,,,0.014061,
07/19/2019 20:46:00.000000,,,,0.022896,
07/19/2019 20:47:00.000000,,,,0.013971,
07/19/2019 20:48:00.000000,,,,0.002821,
07/19/2019 20:50:00.000000,,,,0.017725,
07/19/2019 20:51:00.000000,,,,11.55,
07/19/2019 20:52:00.000000,,,,0.013538,
07/19/2019 20:53:00.000000,,,,16.397561,
07/19/2019 20:54:00.000000,,,,0.015058,
07/19/2019 20:55:00.000000,,,,0.018479,
07/19/2019 20:56:00.000000,,,,10.313953,
07/19/2019 20:57:00.000000,,,,12.335,
07/19/2019 20:58:00.000000,,,,0.016687,
07/19/2019 20:59:00.000000,,,,28.45,
07/19/2019 21:00:00.000000,,,,0.029183,
07/19/2019 21:01:00.000000,,,,0.012744,
07/19/2019 21:02:00.000000,,,,0.004361,
07/19/2019 21:03:00.000000,,,,0.040079,
07/19/2019 21:04:00.000000,,,,15.527027,
07/19/2019 21:05:00.000000,,,,0.0144,
07/19/2019 21:06:00.000000,,,,7.39697,
07/19/2019 21:07:00.000000,,,,0.010097,
07/19/2019 21:08:00.000000,,,,0.021791,
07/19/2019 21:09:00.000000,,,,11.017073,
07/19/2019 21:10:00.000000,,,,0.017634,
07/19/2019 21:11:00.000000,,,,0.025945,
07/19/2019 21:12:00.000000,,,,13.185714,
07/19/2019 21:13:00.000000,,,,0.031359,
07/19/2019 21:14:00.000000,,,,0.012146,
07/19/2019 21:15:00.000000,,,,0.028496,
07/19/2019 21:16:00.000000,,,,15.192308,
07/19/2019 21:17:00.000000,,,,11.555263,
07/19/2019 21:18:00.000000,,,,20.646667,
07/19/2019 21:19:00.000000,,,,0.007209,
07/19/2019 21:20:00.000000,,,,0.002786,
07/19/2019 21:21:00.000000,,,,0.012996,
07/19/2019 21:22:00.000000,,,,14.630233,
07/19/2019 21:23:00.000000,,,,0.011766,
07/19/2019 21:24:00.000000,,,,9.295122,
07/19/2019 21:25:00.000000,,,,9.079545,
07/19/2019 21:26:00.000000,,,,0.011811,
07/19/2019 21:27:00.000000,,,,0.027818,
07/19/2019 21:28:00.000000,,,,0.036566,
07/19/2019 21:29:00.000000,,,,24.08,
07/19/2019 21:30:00.000000,,,,0.014891,
07/19/2019 21:31:00.000000,,,,23.840909,
07/19/2019 21:32:00.000000,,,,8.713333,
07/19/2019 21:33:00.000000,,,,11.535135,
07/19/2019 21:34:00.000000,,,,17.018605,
07/19/2019 21:35:00.000000,,,,0.066334,
07/19/2019 21:36:00.000000,,,,0.071602,
07/19/2019 21:37:00.000000,,,,15.323077,
07/19/2019 21:38:00.000000,,,,0.049367,
07/19/2019 21:39:00.000000,,,,19.381395,
07/19/2019 21:40:00.000000,,,,10.76,
07/19/2019 21:41:00.000000,,,,0.048261,
07/19/2019 21:42:00.000000,,,,21.47907,
07/19/2019 21:43:00.000000,,,,29.77561,
07/19/2019 21:44:00.000000,,,,0.016933,
07/19/2019 21:45:00.000000,,,,18.857143,
07/19/2019 21:46:00.000000,,,,9.7,
07/19/2019 21:47:00.000000,,,,0.010344,
07/19/2019 21:48:00.000000,,,,0.008665,
07/19/2019 21:49:00.000000,,,,2.612195,
07/19/2019 21:50:00.000000,,,,0.033246,
07/19/2019 21:51:00.000000,,,,10.7625,
07/19/2019 21:52:00.000000,,,,19.986364,
07/19/2019 21:53:00.000000,,,,16.242105,
07/19/2019 21:54:00.000000,,,,17.405128,
07/19/2019 21:55:00.000000,,,,0.016019,
07/19/2019 21:56:00.000000,,,,14.8,
07/19/2019 21:57:00.000000,,,,13.907317,
07/19/2019 21:58:00.000000,,,,3.342105,
07/19/2019 21:59:00.000000,,,,0.022619,
07/19/2019 22:00:00.000000,,,,0.047708,
07/19/2019 22:01:00.000000,,,,32.842105,
07/19/2019 22:02:00.000000,,,,29.681818,
07/19/2019 22:03:00.000000,,,,0.041019,
07/19/2019 22:04:00.000000,,,,16.05,
07/19/2019 22:05:00.000000,,,,10.2,
07/19/2019 22:06:00.000000,,,,15.192683,
07/19/2019 22:07:00.000000,,,,0.016335,
07/19/2019 22:08:00.000000,,,,11.564286,
07/19/2019 22:09:00.000000,,,,39.22093,
07/19/2019 22:10:00.000000,,,,20.811628,
07/19/2019 22:11:00.000000,,,,25.992105,
07/19/2019 22:12:00.000000,,,,13.829412,
07/19/2019 22:13:00.000000,,,,19.407692,
07/19/2019 22:14:00.000000,,,,13.815625,
07/19/2019 22:15:00.000000,,,,0.028113,
07/19/2019 22:16:00.000000,,,,0.034904,
07/19/2019 22:17:00.000000,,,,0.051443,
07/19/2019 22:18:00.000000,,,,19.886047,
07/19/2019 22:19:00.000000,,,,0.016177,
07/19/2019 22:20:00.000000,,,,0.013628,
07/19/2019 22:21:00.000000,,,,24.92439,
07/19/2019 22:22:00.000000,,,,0.018501,
07/19/2019 22:23:00.000000,,,,0.031452,
07/19/2019 22:24:00.000000,,,,31.490476,
07/19/2019 22:25:00.000000,,,,0.018749,
07/19/2019 22:26:00.000000,,,,0.012906,
07/19/2019 22:27:00.000000,,,,0.01611,
07/19/2019 22:28:00.000000,,,,0.01814,
07/19/2019 22:30:00.000000,,,,13.404878,
07/19/2019 22:31:00.000000,,,,0.043681,
07/19/2019 22:32:00.000000,,,,6.675,
07/19/2019 22:33:00.000000,,,,0.013312,
07/19/2019 22:34:00.000000,,,,14.287805,
07/19/2019 22:35:00.000000,,,,0.01338,
07/19/2019 22:36:00.000000,,,,0.049728,
07/19/2019 22:37:00.000000,,,,0.034363,
07/19/2019 22:38:00.000000,,,,13.881818,
07/19/2019 22:39:00.000000,,,,0.061167,
07/19/2019 22:40:00.000000,,,,0.028361,
07/19/2019 22:41:00.000000,,,,0.014621,
07/19/2019 22:42:00.000000,,,,0.025834,
07/19/2019 22:43:00.000000,,,,0.024458,
07/19/2019 22:44:00.000000,,,,23.609302,
07/19/2019 22:45:00.000000,,,,35.05,
07/19/2019 22:46:00.000000,,,,0.041109,
07/19/2019 22:47:00.000000,,,,17.871429,
07/19/2019 22:48:00.000000,,,,34.827273,
07/19/2019 22:49:00.000000,,,,0.028214,
07/19/2019 22:50:00.000000,,,,0.021143,
07/19/2019 22:51:00.000000,,,,0.033408,
07/19/2019 22:52:00.000000,,,,0.018006,
07/19/2019 22:53:00.000000,,,,0.017983,
07/19/2019 22:54:00.000000,,,,38.497561,
07/19/2019 22:55:00.000000,,,,12.142857,
07/19/2019 22:56:00.000000,,,,14.825,
07/19/2019 22:57:00.000000,,,,0.040898,
07/19/2019 22:58:00.000000,,,,20.553488,
07/19/2019 22:59:00.000000,,,,28.528571,
07/19/2019 23:00:00.000000,,,,0.028022,
07/19/2019 23:01:00.000000,,,,22.807143,
07/19/2019 23:02:00.000000,,,,15.775,
07/19/2019 23:03:00.000000,,,,19.0125,
07/19/2019 23:04:00.000000,,,,0.014,
07/19/2019 23:05:00.000000,,,,11.868182,
07/19/2019 23:06:00.000000,,,,40.623256,
07/19/2019 23:07:00.000000,,,,0.03752,
07/19/2019 23:08:00.000000,,,,13.242857,
07/19/2019 23:09:00.000000,,,,0.031488,
07/19/2019 23:10:00.000000,,,,12.071429,
07/19/2019 23:11:00.000000,,,,24.692308,
07/19/2019 23:12:00.000000,,,,0.037048,
07/19/2019 23:13:00.000000,,,,0.02409,
07/19/2019 23:14:00.000000,,,,46.717073,
07/19/2019 23:15:00.000000,,,,0.039211,
07/19/2019 23:16:00.000000,,,,0.04471,
07/19/2019 23:17:00.000000,,,,0.045814,
07/19/2019 23:18:00.000000,,,,15.425,
07/19/2019 23:19:00.000000,,,,12.284615,
07/19/2019 23:20:00.000000,,,,15.732558,
07/19/2019 23:21:00.000000,,,,0.024515,
07/19/2019 23:22:00.000000,,,,12.883721,
07/19/2019 23:23:00.000000,,,,25.297674,
07/19/2019 23:24:00.000000,,,,0.042224,
07/19/2019 23:25:00.000000,,,,18.8875,
07/19/2019 23:26:00.000000,,,,0.033086,
07/19/2019 23:27:00.000000,,,,18.6,
07/19/2019 23:28:00.000000,,,,0.02262,
07/19/2019 23:29:00.000000,,,,0.030896,
07/19/2019 23:30:00.000000,,,,32.414286,
07/19/2019 23:31:00.000000,,,,0.028765,
07/19/2019 23:32:00.000000,,,,0.014472,
07/19/2019 23:33:00.000000,,,,14.313636,
07/19/2019 23:34:00.000000,,,,0.013234,
07/19/2019 23:35:00.000000,,,,14.0625,
07/19/2019 23:36:00.000000,,,,0.014112,
07/19/2019 23:37:00.000000,,,,9.67561,
07/19/2019 23:38:00.000000,,,,0.017713,
07/19/2019 23:39:00.000000,,,,0.007945,
07/19/2019 23:40:00.000000,,,,10.223077,
07/19/2019 23:41:00.000000,,,,13.263415,
07/19/2019 23:42:00.000000,,,,11.039024,
07/19/2019 23:43:00.000000,,,,13.428571,
07/19/2019 23:44:00.000000,,,,31.75,
07/19/2019 23:45:00.000000,,,,23.286047,
07/19/2019 23:46:00.000000,,,,0.061708,
07/19/2019 23:47:00.000000,,,,0.018015,
07/19/2019 23:48:00.000000,,,,0.021672,
07/19/2019 23:49:00.000000,,,,0.037002,
07/19/2019 23:50:00.000000,,,,0.021986,
07/19/2019 23:51:00.000000,,,,24.277778,
07/19/2019 23:52:00.000000,,,,33.825,
07/19/2019 23:53:00.000000,,,,9.371429,
07/19/2019 23:54:00.000000,,,,0.044025,
07/19/2019 23:55:00.000000,,,,0.020842,
07/19/2019 23:56:00.000000,,,,0.018434,
07/19/2019 23:57:00.000000,,,,0.010286,
07/19/2019 23:58:00.000000,,,,8.795349,
07/19/2019 23:59:00.000000,,,,0.010736,
07/20/2019 00:00:00.000000,,,,0.044948,
07/20/2019 00:01:00.000000,,,,30.397674,
07/20/2019 00:02:00.000000,,,,12.78,
07/20/2019 00:03:00.000000,,,,16.485366,
07/20/2019 00:04:00.000000,,,,34.217073,
07/20/2019 00:05:00.000000,,,,0.026244,
07/20/2019 00:06:00.000000,,,,0.015718,
07/20/2019 00:07:00.000000,,,,0.009846,
07/20/2019 00:08:00.000000,,,,10.572727,
07/20/2019 00:09:00.000000,,,,0.018141,
07/20/2019 00:10:00.000000,,,,0.02583,
07/20/2019 00:11:00.000000,,,,11.714286,
07/20/2019 00:12:00.000000,,,,6.255814,
07/20/2019 00:13:00.000000,,,,0.050715,
07/20/2019 00:14:00.000000,,,,31.609302,
07/20/2019 00:15:00.000000,,,,0.020704,
07/20/2019 00:16:00.000000,,,,27.834091,
07/20/2019 00:17:00.000000,,,,0.020749,
07/20/2019 00:18:00.000000,,,,0.014934,
07/20/2019 00:19:00.000000,,,,0.026977,
07/20/2019 00:20:00.000000,,,,12.607692,
07/20/2019 00:21:00.000000,,,,0.009924,
07/20/2019 00:22:00.000000,,,,7.295,
07/20/2019 00:23:00.000000,,,,0.020073,
07/20/2019 00:24:00.000000,,,,15.346341,
07/20/2019 00:25:00.000000,,,,10.95,
07/20/2019 00:26:00.000000,,,,29.130233,
07/20/2019 00:27:00.000000,,,,12.497436,
07/20/2019 00:28:00.000000,,,,5.811905,
07/20/2019 00:29:00.000000,,,,7.185714,
07/20/2019 00:30:00.000000,,,,0.010325,
07/20/2019 00:31:00.000000,,,,5.67381,
07/20/2019 00:32:00.000000,,,,29.725,
07/20/2019 00:33:00.000000,,,,21.285714,
07/20/2019 00:34:00.000000,,,,0.037393,
07/20/2019 00:35:00.000000,,,,0.00579,
07/20/2019 00:36:00.000000,,,,26.510256,
07/20/2019 00:37:00.000000,,,,26.105,
07/20/2019 00:38:00.000000,,,,25.225,
07/20/2019 00:39:00.000000,,,,0.013786,
07/20/2019 00:40:00.000000,,,,0.03274,
07/20/2019 00:41:00.000000,,,,0.03926,
07/20/2019 00:42:00.000000,,,,0.027717,
07/20/2019 00:43:00.000000,,,,0.02358,
07/20/2019 00:44:00.000000,,,,11.541463,
07/20/2019 00:45:00.000000,,,,18.7,
07/20/2019 00:46:00.000000,,,,14.280488,
07/20/2019 00:47:00.000000,,,,21.766667,
07/20/2019 00:48:00.000000,,,,5.395455,
07/20/2019 00:50:00.000000,,,,0.026799,
07/20/2019 00:51:00.000000,,,,0.015572,
07/20/2019 00:52:00.000000,,,,0.004411,
07/20/2019 00:53:00.000000,,,,0.012964,
07/20/2019 00:54:00.000000,,,,3.674419,
07/20/2019 00:55:00.000000,,,,2.34,
07/20/2019 00:56:00.000000,,,,0.031631,
07/20/2019 00:57:00.000000,,,,22.567568,
07/20/2019 00:58:00.000000,,,,0.020547,
07/20/2019 00:59:00.000000,,,,4.9,
07/20/2019 01:00:00.000000,,,,9.1,
07/20/2019 01:01:00.000000,,,,0.004921,
07/20/2019 01:02:00.000000,,,,0.043971,
07/20/2019 01:03:00.000000,,,,0.036039,
07/20/2019 01:04:00.000000,,,,0.013484,
07/20/2019 01:05:00.000000,,,,0.031928,
07/20/2019 01:06:00.000000,,,,16.62,
07/20/2019 01:07:00.000000,,,,0.020086,
07/20/2019 01:08:00.000000,,,,11.543182,
07/20/2019 01:09:00.000000,,,,9.9375,
07/20/2019 01:10:00.000000,,,,23.014286,
07/20/2019 01:11:00.000000,,,,21.82439,
07/20/2019 01:12:00.000000,,,,0.020195,
07/20/2019 01:13:00.000000,,,,0.00935,
07/20/2019 01:14:00.000000,,,,20.686667,
07/20/2019 01:15:00.000000,,,,29.104545,
07/20/2019 01:16:00.000000,,,,8.002564,
07/20/2019 01:17:00.000000,,,,12.742105,
07/20/2019 01:18:00.000000,,,,0.022288,
07/20/2019 01:19:00.000000,,,,19.705,
07/20/2019 01:20:00.000000,,,,0.025021,
07/20/2019 01:21:00.000000,,,,22.765,
07/20/2019 01:22:00.000000,,,,24.532558,
07/20/2019 01:23:00.000000,,,,0.031604,
07/20/2019 01:24:00.000000,,,,0.017375,
07/20/2019 01:25:00.000000,,,,25.044828,
07/20/2019 01:26:00.000000,,,,0.011517,
07/20/2019 01:27:00.000000,,,,0.012024,
07/20/2019 01:28:00.000000,,,,0.028256,
07/20/2019 01:29:00.000000,,,,38.588235,
07/20/2019 01:30:00.000000,,,,26.183784,
07/20/2019 01:31:00.000000,,,,22.7,
07/20/2019 01:32:00.000000,,,,18.9,
07/20/2019 01:33:00.000000,,,,0.027146,
07/20/2019 01:34:00.000000,,,,14.316667,
07/20/2019 01:35:00.000000,,,,0.016245,
07/20/2019 01:36:00.000000,,,,29.306667,
07/20/2019 01:37:00.000000,,,,0.022438,
07/20/2019 01:38:00.000000,,,,0.039261,
07/20/2019 01:39:00.000000,,,,0.044223,
07/20/2019 01:40:00.000000,,,,24.103125,
07/20/2019 01:41:00.000000,,,,0.033336,
07/20/2019 01:42:00.000000,,,,18.402326,
07/20/2019 01:43:00.000000,,,,18.004762,
07/20/2019 01:44:00.000000,,,,0.028162,
07/20/2019 01:45:00.000000,,,,0.028173,
07/20/2019 01:46:00.000000,,,,0.019136,
07/20/2019 01:47:00.000000,,,,0.034987,
07/20/2019 01:48:00.000000,,,,22.528571,
07/20/2019 01:50:00.000000,,,,0.005181,
07/20/2019 01:51:00.000000,,,,27.832558,
07/20/2019 01:52:00.000000,,,,0.028857,
07/20/2019 01:53:00.000000,,,,0.022957,
07/20/2019 01:54:00.000000,,,,16.28,
07/20/2019 01:55:00.000000,,,,21.148837,
07/20/2019 01:56:00.000000,,,,0.037297,
07/20/2019 01:57:00.000000,,,,27.990476,
07/20/2019 01:58:00.000000,,,,14.056098,
07/20/2019 01:59:00.000000,,,,13.606667,
07/20/2019 02:00:00.000000,,,,0.035728,
07/20/2019 02:01:00.000000,,,,12.515,
07/20/2019 02:02:00.000000,,,,20.9,
07/20/2019 02:03:00.000000,,,,0.040142,
07/20/2019 02:04:00.000000,,,,0.02124,
07/20/2019 02:05:00.000000,,,,0.014962,
07/20/2019 02:06:00.000000,,,,0.032974,
07/20/2019 02:07:00.000000,,,,29.6875,
07/20/2019 02:08:00.000000,,,,25.295,
07/20/2019 02:09:00.000000,,,,0.024156,
07/20/2019 02:10:00.000000,,,,0.053106,
07/20/2019 02:11:00.000000,,,,0.021985,
07/20/2019 02:12:00.000000,,,,0.020729,
07/20/2019 02:13:00.000000,,,,27.829268,
07/20/2019 02:14:00.000000,,,,30.609756,
07/20/2019 02:15:00.000000,,,,16.989474,
07/20/2019 02:16:00.000000,,,,0.036135,
07/20/2019 02:17:00.000000,,,,14.98,
07/20/2019 02:18:00.000000,,,,11.534146,
07/20/2019 02:19:00.000000,,,,23.776744,
07/20/2019 02:20:00.000000,,,,0.015431,
07/20/2019 02:21:00.000000,,,,0.043156,
07/20/2019 02:22:00.000000,,,,22.6,
07/20/2019 02:23:00.000000,,,,17.595,
07/20/2019 02:24:00.000000,,,,21.807692,
07/20/2019 02:25:00.000000,,,,23.290244,
07/20/2019 02:26:00.000000,,,,0.033691,
07/20/2019 02:27:00.000000,,,,0.030917,
07/20/2019 02:28:00.000000,,,,0.081855,
07/20/2019 02:29:00.000000,,,,0.028975,
07/20/2019 02:30:00.000000,,,,15.514286,
07/20/2019 02:31:00.000000,,,,0.030923,
07/20/2019 02:32:00.000000,,,,0.022128,
07/20/2019 02:33:00.000000,,,,11.783333,
07/20/2019 02:34:00.000000,,,,0.026745,
07/20/2019 02:35:00.000000,,,,0.019006,
07/20/2019 02:36:00.000000,,,,0.032593,
07/20/2019 02:37:00.000000,,,,0.051072,
07/20/2019 02:38:00.000000,,,,27.870732,
07/20/2019 02:39:00.000000,,,,0.061647,
07/20/2019 02:40:00.000000,,,,43.307317,
07/20/2019 02:41:00.000000,,,,21.326829,
07/20/2019 02:42:00.000000,,,,0.029713,
07/20/2019 02:43:00.000000,,,,17.073333,
07/20/2019 02:44:00.000000,,,,0.033198,
07/20/2019 02:45:00.000000,,,,29.514286,
07/20/2019 02:46:00.000000,,,,0.02698,
07/20/2019 02:47:00.000000,,,,35.595349,
07/20/2019 02:48:00.000000,,,,38.635,
07/20/2019 02:49:00.000000,,,,0.040007,
07/20/2019 02:50:00.000000,,,,0.042258,
07/20/2019 02:51:00.000000,,,,41.202174,
07/20/2019 02:52:00.000000,,,,22.4,
07/20/2019 02:53:00.000000,,,,32.348387,
07/20/2019 02:54:00.000000,,,,29.161538,
07/20/2019 02:55:00.000000,,,,0.027041,
07/20/2019 02:56:00.000000,,,,0.033398,
07/20/2019 02:57:00.000000,,,,0.051535,
07/20/2019 02:58:00.000000,,,,21.788095,
07/20/2019 02:59:00.000000,,,,36.226316,
07/20/2019 03:00:00.000000,,,,47.574419,
07/20/2019 03:01:00.000000,,,,0.047276,
07/20/2019 03:02:00.000000,,,,0.0332,
07/20/2019 03:03:00.000000,,,,36.809302,
07/20/2019 03:04:00.000000,,,,0.042269,
07/20/2019 03:05:00.000000,,,,0.030236,
07/20/2019 03:06:00.000000,,,,0.054434,
07/20/2019 03:07:00.000000,,,,0.057486,
07/20/2019 03:08:00.000000,,,,20.242857,
07/20/2019 03:09:00.000000,,,,47.922727,
07/20/2019 03:10:00.000000,,,,29.525,
07/20/2019 03:11:00.000000,,,,19.571429,
07/20/2019 03:12:00.000000,,,,0.027896,
07/20/2019 03:13:00.000000,,,,20.48,
07/20/2019 03:14:00.000000,,,,21.521429,
07/20/2019 03:15:00.000000,,,,36.536364,
07/20/2019 03:16:00.000000,,,,18.64878,
07/20/2019 03:17:00.000000,,,,0.033356,
07/20/2019 03:18:00.000000,,,,23.578947,
07/20/2019 03:19:00.000000,,,,0.033093,
07/20/2019 03:20:00.000000,,,,19.629268,
07/20/2019 03:21:00.000000,,,,17.297674,
07/20/2019 03:22:00.000000,,,,14.721429,
07/20/2019 03:23:00.000000,,,,0.021909,
07/20/2019 03:24:00.000000,,,,0.055835,
07/20/2019 03:25:00.000000,,,,0.023027,
07/20/2019 03:26:00.000000,,,,0.019847,
07/20/2019 03:27:00.000000,,,,13.571429,
07/20/2019 03:28:00.000000,,,,21.342857,
07/20/2019 03:29:00.000000,,,,0.023181,
07/20/2019 03:30:00.000000,,,,10.697619,
07/20/2019 03:31:00.000000,,,,23.025,
07/20/2019 03:32:00.000000,,,,0.034592,
07/20/2019 03:33:00.000000,,,,17.207692,
07/20/2019 03:34:00.000000,,,,0.021136,
07/20/2019 03:35:00.000000,,,,37.8,
07/20/2019 03:36:00.000000,,,,0.024816,
07/20/2019 03:37:00.000000,,,,0.023436,
07/20/2019 03:38:00.000000,,,,0.030445,
07/20/2019 03:39:00.000000,,,,24.518919,
07/20/2019 03:40:00.000000,,,,22.575,
07/20/2019 03:41:00.000000,,,,0.037892,
07/20/2019 03:42:00.000000,,,,0.037476,
07/20/2019 03:43:00.000000,,,,0.071119,
07/20/2019 03:44:00.000000,,,,38.13,
07/20/2019 03:45:00.000000,,,,30.64,
07/20/2019 03:46:00.000000,,,,0.030577,
07/20/2019 03:47:00.000000,,,,0.026612,
07/20/2019 03:48:00.000000,,,,0.025276,
07/20/2019 03:50:00.000000,,,,27.9,
07/20/2019 03:51:00.000000,,,,0.03038,
07/20/2019 03:52:00.000000,,,,12.876744,
07/20/2019 03:53:00.000000,,,,23.814286,
07/20/2019 03:54:00.000000,,,,31.361905,
07/20/2019 03:55:00.000000,,,,0.055327,
07/20/2019 03:56:00.000000,,,,0.056313,
07/20/2019 03:57:00.000000,,,,0.031453,
07/20/2019 03:58:00.000000,,,,0.050202,
07/20/2019 03:59:00.000000,,,,0.027664,
07/20/2019 04:00:00.000000,,,,16.723256,
07/20/2019 04:01:00.000000,,,,0.037717,
07/20/2019 04:02:00.000000,,,,19.045238,
07/20/2019 04:03:00.000000,,,,28.931707,
07/20/2019 04:04:00.000000,,,,22.975,
07/20/2019 04:05:00.000000,,,,0.020902,
07/20/2019 04:06:00.000000,,,,11.083721,
07/20/2019 04:07:00.000000,,,,25.134783,
07/20/2019 04:08:00.000000,,,,20.672093,
07/20/2019 04:09:00.000000,,,,21.77907,
07/20/2019 04:10:00.000000,,,,23.214286,
07/20/2019 04:11:00.000000,,,,0.026338,
07/20/2019 04:12:00.000000,,,,6.714286,
07/20/2019 04:13:00.000000,,,,30.371428,
07/20/2019 04:14:00.000000,,,,28.014634,
07/20/2019 04:15:00.000000,,,,24.926087,
07/20/2019 04:16:00.000000,,,,40.843902,
07/20/2019 04:17:00.000000,,,,35.457895,
07/20/2019 04:18:00.000000,,,,0.027213,
07/20/2019 04:19:00.000000,,,,18.735,
07/20/2019 04:20:00.000000,,,,0.028679,
07/20/2019 04:21:00.000000,,,,0.024211,
07/20/2019 04:22:00.000000,,,,19.168571,
07/20/2019 04:23:00.000000,,,,0.017556,
07/20/2019 04:24:00.000000,,,,0.020573,
07/20/2019 04:25:00.000000,,,,17.861364,
07/20/2019 04:26:00.000000,,,,0.022589,
07/20/2019 04:27:00.000000,,,,0.014405,
07/20/2019 04:28:00.000000,,,,18.6625,
07/20/2019 04:29:00.000000,,,,0.023552,
07/20/2019 04:30:00.000000,,,,0.022361,
07/20/2019 04:31:00.000000,,,,0.021164,
07/20/2019 04:32:00.000000,,,,0.028279,
07/20/2019 04:33:00.000000,,,,11.14186,
07/20/2019 04:34:00.000000,,,,0.025018,
07/20/2019 04:35:00.000000,,,,0.024635,
07/20/2019 04:36:00.000000,,,,15.682927,
07/20/2019 04:37:00.000000,,,,31.828571,
07/20/2019 04:38:00.000000,,,,19.84186,
07/20/2019 04:39:00.000000,,,,0.027826,
07/20/2019 04:40:00.000000,,,,0.027319,
07/20/2019 04:41:00.000000,,,,11.3,
07/20/2019 04:42:00.000000,,,,22.888889,
07/20/2019 04:43:00.000000,,,,0.007288,
07/20/2019 04:44:00.000000,,,,0.012416,
07/20/2019 04:45:00.000000,,,,20.976744,
07/20/2019 04:46:00.000000,,,,0.01654,
07/20/2019 04:47:00.000000,,,,23.383333,
07/20/2019 04:48:00.000000,,,,23.335555,
07/20/2019 04:49:00.000000,,,,19.716279,
07/20/2019 04:50:00.000000,,,,0.025106,
07/20/2019 04:51:00.000000,,,,0.028702,
07/20/2019 04:52:00.000000,,,,0.006135,
07/20/2019 04:53:00.000000,,,,0.013523,
07/20/2019 04:54:00.000000,,,,0.019385,
07/20/2019 04:55:00.000000,,,,0.184544,
07/20/2019 04:56:00.000000,,,,79.879487,
07/20/2019 04:57:00.000000,,,,0.047634,
07/20/2019 04:58:00.000000,,,,14.672727,
07/20/2019 04:59:00.000000,,,,0.010252,
07/20/2019 05:00:00.000000,,,,27.815,
07/20/2019 05:01:00.000000,,,,22.854054,
07/20/2019 05:02:00.000000,,,,0.018675,
07/20/2019 05:03:00.000000,,,,16.772093,
07/20/2019 05:04:00.000000,,,,0.038568,
07/20/2019 05:05:00.000000,,,,20.760976,
07/20/2019 05:06:00.000000,,,,24.578049,
07/20/2019 05:07:00.000000,,,,0.009891,
07/20/2019 05:08:00.000000,,,,0.068366,
07/20/2019 05:09:00.000000,,,,20.519048,
07/20/2019 05:10:00.000000,,,,0.028923,
07/20/2019 05:11:00.000000,,,,0.038737,
07/20/2019 05:12:00.000000,,,,0.031576,
07/20/2019 05:13:00.000000,,,,0.044681,
07/20/2019 05:14:00.000000,,,,30.153488,
07/20/2019 05:15:00.000000,,,,16.222581,
07/20/2019 05:16:00.000000,,,,28.519512,
07/20/2019 05:17:00.000000,,,,25.6625,
07/20/2019 05:18:00.000000,,,,0.016826,
07/20/2019 05:19:00.000000,,,,0.020169,
07/20/2019 05:20:00.000000,,,,18.62963,
07/20/2019 05:21:00.000000,,,,30.845714,
07/20/2019 05:22:00.000000,,,,0.027481,
07/20/2019 05:23:00.000000,,,,20.562791,
07/20/2019 05:24:00.000000,,,,16.992308,
07/20/2019 05:25:00.000000,,,,18.271429,
07/20/2019 05:26:00.000000,,,,11.45814,
07/20/2019 05:27:00.000000,,,,37.782353,
07/20/2019 05:28:00.000000,,,,23.265,
07/20/2019 05:29:00.000000,,,,0.020031,
07/20/2019 05:30:00.000000,,,,27.540909,
07/20/2019 05:31:00.000000,,,,0.027668,
07/20/2019 05:32:00.000000,,,,0.033631,
07/20/2019 05:33:00.000000,,,,23.02,
07/20/2019 05:34:00.000000,,,,19.104545,
07/20/2019 05:35:00.000000,,,,9.878049,
07/20/2019 05:36:00.000000,,,,7.38,
07/20/2019 05:37:00.000000,,,,0.011102,
07/20/2019 05:38:00.000000,,,,0.030205,
07/20/2019 05:39:00.000000,,,,14.655814,
07/20/2019 05:40:00.000000,,,,0.020447,
07/20/2019 05:41:00.000000,,,,0.029121,
07/20/2019 05:42:00.000000,,,,0.031788,
07/20/2019 05:43:00.000000,,,,24.6,
07/20/2019 05:44:00.000000,,,,25.718605,
07/20/2019 05:45:00.000000,,,,15.105,
07/20/2019 05:46:00.000000,,,,23.473171,
07/20/2019 05:47:00.000000,,,,0.011904,
07/20/2019 05:48:00.000000,,,,16.325581,
07/20/2019 05:49:00.000000,,,,15.221053,
07/20/2019 05:50:00.000000,,,,0.03105,
07/20/2019 05:51:00.000000,,,,0.033327,
07/20/2019 05:52:00.000000,,,,0.01726,
07/20/2019 05:53:00.000000,,,,22.495122,
07/20/2019 05:54:00.000000,,,,17.7,
07/20/2019 05:55:00.000000,,,,0.025478,
07/20/2019 05:56:00.000000,,,,0.018539,
07/20/2019 05:57:00.000000,,,,4.092308,
07/20/2019 05:58:00.000000,,,,15.6,
07/20/2019 05:59:00.000000,,,,5.274419,
07/20/2019 06:00:00.000000,,,,3.087805,
07/20/2019 06:01:00.000000,,,,0.023714,
07/20/2019 06:02:00.000000,,,,0.019663,
07/20/2019 06:03:00.000000,,,,19.704878,
07/20/2019 06:04:00.000000,,,,8.983333,
07/20/2019 06:05:00.000000,,,,10.46,
07/20/2019 06:06:00.000000,,,,0.02263,
07/20/2019 06:07:00.000000,,,,10.466667,
07/20/2019 06:08:00.000000,,,,0.023215,
07/20/2019 06:09:00.000000,,,,14.138095,
07/20/2019 06:10:00.000000,,,,0.012755,
07/20/2019 06:11:00.000000,,,,0.012101,
07/20/2019 06:12:00.000000,,,,12.331707,
07/20/2019 06:13:00.000000,,,,0.011882,
07/20/2019 06:14:00.000000,,,,0.016346,
07/20/2019 06:15:00.000000,,,,0.020335,
07/20/2019 06:16:00.000000,,,,11.575676,
07/20/2019 06:17:00.000000,,,,10.017073,
07/20/2019 06:18:00.000000,,,,26.376923,
07/20/2019 06:19:00.000000,,,,15.376744,
07/20/2019 06:20:00.000000,,,,20.935,
07/20/2019 06:21:00.000000,,,,0.029047,
07/20/2019 06:22:00.000000,,,,0.017389,
07/20/2019 06:23:00.000000,,,,0.020244,
07/20/2019 06:24:00.000000,,,,0.033584,
07/20/2019 06:25:00.000000,,,,0.006453,
07/20/2019 06:26:00.000000,,,,9.955814,
07/20/2019 06:27:00.000000,,,,16.033333,
07/20/2019 06:28:00.000000,,,,15.734146,
07/20/2019 06:29:00.000000,,,,0.01408,
07/20/2019 06:30:00.000000,,,,36.278049,
07/20/2019 06:31:00.000000,,,,0.030561,
07/20/2019 06:32:00.000000,,,,15.195349,
07/20/2019 06:33:00.000000,,,,10.233333,
07/20/2019 06:34:00.000000,,,,0.010347,
07/20/2019 06:35:00.000000,,,,0.021428,
07/20/2019 06:36:00.000000,,,,22.086046,
07/20/2019 06:37:00.000000,,,,0.024776,
07/20/2019 06:38:00.000000,,,,0.012507,
07/20/2019 06:39:00.000000,,,,17.08,
07/20/2019 06:40:00.000000,,,,0.012067,
07/20/2019 06:41:00.000000,,,,0.016957,
07/20/2019 06:42:00.000000,,,,29.45122,
07/20/2019 06:43:00.000000,,,,0.027671,
07/20/2019 06:44:00.000000,,,,0.030468,
07/20/2019 06:45:00.000000,,,,0.028491,
07/20/2019 06:46:00.000000,,,,27.184091,
07/20/2019 06:47:00.000000,,,,29.573809,
07/20/2019 06:48:00.000000,,,,0.019613,
07/20/2019 06:49:00.000000,,,,20.632558,
07/20/2019 06:50:00.000000,,,,0.026569,
07/20/2019 06:51:00.000000,,,,0.052058,
07/20/2019 06:52:00.000000,,,,0.02888,
07/20/2019 06:53:00.000000,,,,18.772727,
07/20/2019 06:54:00.000000,,,,13.068421,
07/20/2019 06:55:00.000000,,,,30.158621,
07/20/2019 06:56:00.000000,,,,24.122581,
07/20/2019 06:57:00.000000,,,,25.905128,
07/20/2019 06:58:00.000000,,,,15.960465,
07/20/2019 06:59:00.000000,,,,0.021832,
07/20/2019 07:00:00.000000,,,,18.1,
07/20/2019 07:01:00.000000,,,,19.142105,
07/20/2019 07:02:00.000000,,,,0.026729,
07/20/2019 07:03:00.000000,,,,24.535714,
07/20/2019 07:04:00.000000,,,,15.083333,
07/20/2019 07:05:00.000000,,,,24.671429,
07/20/2019 07:06:00.000000,,,,23.7,
07/20/2019 07:07:00.000000,,,,0.017496,
07/20/2019 07:08:00.000000,,,,0.047515,
07/20/2019 07:09:00.000000,,,,0.031012,
07/20/2019 07:10:00.000000,,,,24.638235,
07/20/2019 07:11:00.000000,,,,0.013343,
07/20/2019 07:12:00.000000,,,,21.566667,
07/20/2019 07:13:00.000000,,,,17.295,
07/20/2019 07:14:00.000000,,,,18.197368,
07/20/2019 07:15:00.000000,,,,5.686047,
07/20/2019 07:16:00.000000,,,,0.016687,
07/20/2019 07:17:00.000000,,,,0.028649,
07/20/2019 07:18:00.000000,,,,0.053966,
07/20/2019 07:19:00.000000,,,,22.32,
07/20/2019 07:20:00.000000,,,,0.017194,
07/20/2019 07:21:00.000000,,,,0.027484,
07/20/2019 07:22:00.000000,,,,19.655263,
07/20/2019 07:23:00.000000,,,,0.00754,
07/20/2019 07:24:00.000000,,,,0.015209,
07/20/2019 07:25:00.000000,,,,24.446512,
07/20/2019 07:26:00.000000,,,,0.029235,
07/20/2019 07:27:00.000000,,,,20.757143,
07/20/2019 07:28:00.000000,,,,0.021908,
07/20/2019 07:29:00.000000,,,,0.015198,
07/20/2019 07:30:00.000000,,,,0.006202,
07/20/2019 07:31:00.000000,,,,0.027387,
07/20/2019 07:32:00.000000,,,,20.1625,
07/20/2019 07:33:00.000000,,,,0.01659,
07/20/2019 07:34:00.000000,,,,0.036154,
07/20/2019 07:35:00.000000,,,,17.823077,
07/20/2019 07:36:00.000000,,,,0.014339,
07/20/2019 07:37:00.000000,,,,0.031004,
07/20/2019 07:38:00.000000,,,,12.097561,
07/20/2019 07:39:00.000000,,,,0.024358,
07/20/2019 07:40:00.000000,,,,16.968293,
07/20/2019 07:41:00.000000,,,,0.01268,
07/20/2019 07:42:00.000000,,,,7.134884,
07/20/2019 07:43:00.000000,,,,0.02467,
07/20/2019 07:44:00.000000,,,,14.65122,
07/20/2019 07:45:00.000000,,,,0.004756,
07/20/2019 07:46:00.000000,,,,10.15,
07/20/2019 07:47:00.000000,,,,0.010094,
07/20/2019 07:48:00.000000,,,,0.010407,
07/20/2019 07:49:00.000000,,,,0.006679,
07/20/2019 07:50:00.000000,,,,0.018659,
07/20/2019 07:51:00.000000,,,,0.021975,
07/20/2019 07:52:00.000000,,,,5.161538,
07/20/2019 07:53:00.000000,,,,0.010385,
07/20/2019 07:54:00.000000,,,,16.646667,
07/20/2019 07:55:00.000000,,,,13.127907,
07/20/2019 07:56:00.000000,,,,15.638461,
07/20/2019 07:57:00.000000,,,,0.018399,
07/20/2019 07:58:00.000000,,,,0.013369,
07/20/2019 07:59:00.000000,,,,7.268293,
07/20/2019 08:00:00.000000,,,,17.283333,
07/20/2019 08:01:00.000000,,,,16.520513,
07/20/2019 08:02:00.000000,,,,0.016741,
07/20/2019 08:03:00.000000,,,,11.795455,
07/20/2019 08:04:00.000000,,,,9.128571,
07/20/2019 08:05:00.000000,,,,8.785714,
07/20/2019 08:06:00.000000,,,,0.014285,
07/20/2019 08:07:00.000000,,,,0.028764,
07/20/2019 08:08:00.000000,,,,0.018939,
07/20/2019 08:09:00.000000,,,,6.357143,
07/20/2019 08:10:00.000000,,,,0.007577,
07/20/2019 08:11:00.000000,,,,11.009091,
07/20/2019 08:12:00.000000,,,,3.969767,
07/20/2019 08:13:00.000000,,,,0.015161,
07/20/2019 08:14:00.000000,,,,13.814286,
07/20/2019 08:15:00.000000,,,,0.024444,
07/20/2019 08:16:00.000000,,,,16.023077,
07/20/2019 08:17:00.000000,,,,9.62093,
07/20/2019 08:18:00.000000,,,,0.012863,
07/20/2019 08:19:00.000000,,,,0.007657,
07/20/2019 08:20:00.000000,,,,0.007678,
07/20/2019 08:21:00.000000,,,,3.904878,
07/20/2019 08:22:00.000000,,,,0.011549,
07/20/2019 08:23:00.000000,,,,14.694118,
07/20/2019 08:24:00.000000,,,,20.016667,
07/20/2019 08:25:00.000000,,,,0.006248,
07/20/2019 08:26:00.000000,,,,9.115625,
07/20/2019 08:27:00.000000,,,,11.25,
07/20/2019 08:28:00.000000,,,,0.01045,
07/20/2019 08:29:00.000000,,,,0.004471,
07/20/2019 08:30:00.000000,,,,8.05122,
07/20/2019 08:31:00.000000,,,,0.011829,
07/20/2019 08:32:00.000000,,,,0.004902,
07/20/2019 08:33:00.000000,,,,8.343478,
07/20/2019 08:34:00.000000,,,,0.01217,
07/20/2019 08:35:00.000000,,,,0.012163,
07/20/2019 08:36:00.000000,,,,10.845,
07/20/2019 08:37:00.000000,,,,24.591892,
07/20/2019 08:38:00.000000,,,,24.053659,
07/20/2019 08:39:00.000000,,,,16.514634,
07/20/2019 08:40:00.000000,,,,12.392857,
07/20/2019 08:41:00.000000,,,,18.12,
07/20/2019 08:42:00.000000,,,,7.659524,
07/20/2019 08:43:00.000000,,,,11.433333,
07/20/2019 08:44:00.000000,,,,0.01531,
07/20/2019 08:45:00.000000,,,,12.945238,
07/20/2019 08:46:00.000000,,,,0.037033,
07/20/2019 08:47:00.000000,,,,0.025846,
07/20/2019 08:48:00.000000,,,,21.062791,
07/20/2019 08:49:00.000000,,,,33.421951,
07/20/2019 08:50:00.000000,,,,0.038446,
07/20/2019 08:51:00.000000,,,,0.066837,
07/20/2019 08:52:00.000000,,,,0.022391,
07/20/2019 08:53:00.000000,,,,16.05,
07/20/2019 08:54:00.000000,,,,14.025,
07/20/2019 08:55:00.000000,,,,0.005964,
07/20/2019 08:56:00.000000,,,,14.988095,
07/20/2019 08:57:00.000000,,,,14.340909,
07/20/2019 08:58:00.000000,,,,15.325581,
07/20/2019 08:59:00.000000,,,,18.071429,
07/20/2019 09:00:00.000000,,,,0.036975,
07/20/2019 09:01:00.000000,,,,33.894737,
07/20/2019 09:02:00.000000,,,,0.019062,
07/20/2019 09:03:00.000000,,,,17.907692,
07/20/2019 09:04:00.000000,,,,17.85,
07/20/2019 09:05:00.000000,,,,13.06,
07/20/2019 09:06:00.000000,,,,0.013345,
07/20/2019 09:07:00.000000,,,,17.694872,
07/20/2019 09:08:00.000000,,,,0.02996,
07/20/2019 09:10:00.000000,,,,0.052559,
07/20/2019 09:11:00.000000,,,,0.023368,
07/20/2019 09:12:00.000000,,,,0.027575,
07/20/2019 09:13:00.000000,,,,26.419512,
07/20/2019 09:14:00.000000,,,,0.030051,
07/20/2019 09:15:00.000000,,,,27.548718,
07/20/2019 09:16:00.000000,,,,0.039615,
07/20/2019 09:17:00.000000,,,,0.023352,
07/20/2019 09:18:00.000000,,,,0.022048,
07/20/2019 09:19:00.000000,,,,0.027905,
07/20/2019 09:20:00.000000,,,,8.7625,
07/20/2019 09:21:00.000000,,,,10.645,
07/20/2019 09:22:00.000000,,,,0.03178,
07/20/2019 09:23:00.000000,,,,16.8,
07/20/2019 09:24:00.000000,,,,0.0291,
07/20/2019 09:25:00.000000,,,,13.5,
07/20/2019 09:26:00.000000,,,,22.261538,
07/20/2019 09:27:00.000000,,,,20.316667,
07/20/2019 09:28:00.000000,,,,0.027488,
07/20/2019 09:29:00.000000,,,,0.02188,
07/20/2019 09:30:00.000000,,,,0.03684,
07/20/2019 09:31:00.000000,,,,0.033654,
07/20/2019 09:32:00.000000,,,,18.537838,
07/20/2019 09:33:00.000000,,,,0.034246,
07/20/2019 09:34:00.000000,,,,16.602439,
07/20/2019 09:35:00.000000,,,,0.017789,
07/20/2019 09:36:00.000000,,,,0.014739,
07/20/2019 09:37:00.000000,,,,18.444186,
07/20/2019 09:38:00.000000,,,,0.028181,
07/20/2019 09:39:00.000000,,,,9.314286,
07/20/2019 09:40:00.000000,,,,0.021616,
07/20/2019 09:41:00.000000,,,,11.267568,
07/20/2019 09:42:00.000000,,,,0.032192,
07/20/2019 09:43:00.000000,,,,18.905263,
07/20/2019 09:44:00.000000,,,,28.4,
07/20/2019 09:45:00.000000,,,,0.027389,
07/20/2019 09:46:00.000000,,,,0.021595,
07/20/2019 09:47:00.000000,,,,13.356098,
07/20/2019 09:48:00.000000,,,,14.8,
07/20/2019 09:50:00.000000,,,,13.446154,
07/20/2019 09:51:00.000000,,,,0.030053,
07/20/2019 09:52:00.000000,,,,0.020483,
07/20/2019 09:53:00.000000,,,,10.661364,
07/20/2019 09:54:00.000000,,,,17.14,
07/20/2019 09:55:00.000000,,,,13.028571,
07/20/2019 09:56:00.000000,,,,0.026192,
07/20/2019 09:57:00.000000,,,,17.977778,
07/20/2019 09:58:00.000000,,,,21.16,
07/20/2019 09:59:00.000000,,,,21.181395,
07/20/2019 10:00:00.000000,,,,20.135135,
07/20/2019 10:01:00.000000,,,,0.028515,
07/20/2019 10:02:00.000000,,,,13.710256,
07/20/2019 10:03:00.000000,,,,0.02793,
07/20/2019 10:04:00.000000,,,,11.910526,
07/20/2019 10:05:00.000000,,,,0.020222,
07/20/2019 10:06:00.000000,,,,13.186667,
07/20/2019 10:07:00.000000,,,,0.012124,
07/20/2019 10:08:00.000000,,,,0.022079,
07/20/2019 10:10:00.000000,,,,0.019558,
07/20/2019 10:11:00.000000,,,,0.017786,
07/20/2019 10:12:00.000000,,,,15.045,
07/20/2019 10:13:00.000000,,,,12.814286,
07/20/2019 10:14:00.000000,,,,0.010438,
07/20/2019 10:15:00.000000,,,,18.125,
07/20/2019 10:16:00.000000,,,,0.024006,
07/20/2019 10:17:00.000000,,,,0.0183,
07/20/2019 10:18:00.000000,,,,19.533333,
07/20/2019 10:19:00.000000,,,,0.023303,
07/20/2019 10:20:00.000000,,,,0.012733,
07/20/2019 10:21:00.000000,,,,0.009785,
07/20/2019 10:22:00.000000,,,,10.914634,
07/20/2019 10:23:00.000000,,,,0.017105,
07/20/2019 10:24:00.000000,,,,11.321053,
07/20/2019 10:25:00.000000,,,,0.013738,
07/20/2019 10:26:00.000000,,,,6.141176,
07/20/2019 10:27:00.000000,,,,13.745714,
07/20/2019 10:28:00.000000,,,,0.019306,
07/20/2019 10:30:00.000000,,,,0.017457,
07/20/2019 10:31:00.000000,,,,0.022823,
07/20/2019 10:32:00.000000,,,,36.2,
07/20/2019 10:33:00.000000,,,,0.030778,
07/20/2019 10:34:00.000000,,,,15.871429,
07/20/2019 10:35:00.000000,,,,0.024971,
07/20/2019 10:36:00.000000,,,,0.034004,
07/20/2019 10:37:00.000000,,,,33.074419,
07/20/2019 10:38:00.000000,,,,13.576923,
07/20/2019 10:39:00.000000,,,,16.105,
07/20/2019 10:40:00.000000,,,,13.659091,
07/20/2019 10:41:00.000000,,,,20.969231,
07/20/2019 10:42:00.000000,,,,16.786486,
07/20/2019 10:43:00.000000,,,,0.013837,
07/20/2019 10:44:00.000000,,,,0.020033,
07/20/2019 10:45:00.000000,,,,17.925581,
07/20/2019 10:46:00.000000,,,,0.013464,
07/20/2019 10:47:00.000000,,,,23.648649,
07/20/2019 10:48:00.000000,,,,16.525581,
07/20/2019 10:50:00.000000,,,,23.225581,
07/20/2019 10:51:00.000000,,,,16.185,
07/20/2019 10:52:00.000000,,,,16.71,
07/20/2019 10:53:00.000000,,,,14.646667,
07/20/2019 10:54:00.000000,,,,6.371429,
07/20/2019 10:55:00.000000,,,,16.894872,
07/20/2019 10:56:00.000000,,,,0.021448,
07/20/2019 10:57:00.000000,,,,0.047774,
07/20/2019 10:58:00.000000,,,,15.325,
07/20/2019 10:59:00.000000,,,,0.013654,
07/20/2019 11:00:00.000000,,,,30.2,
07/20/2019 11:01:00.000000,,,,23.5,
07/20/2019 11:02:00.000000,,,,0.021377,
07/20/2019 11:03:00.000000,,,,18.673684,
07/20/2019 11:04:00.000000,,,,14.662791,
07/20/2019 11:05:00.000000,,,,0.025569,
07/20/2019 11:06:00.000000,,,,0.016428,
07/20/2019 11:07:00.000000,,,,25.442857,
07/20/2019 11:08:00.000000,,,,0.021835,
07/20/2019 11:10:00.000000,,,,0.018733,
07/20/2019 11:11:00.000000,,,,19.478049,
07/20/2019 11:12:00.000000,,,,0.035885,
07/20/2019 11:13:00.000000,,,,24.309756,
07/20/2019 11:14:00.000000,,,,23.37619,
07/20/2019 11:15:00.000000,,,,0.02414,
07/20/2019 11:16:00.000000,,,,13.248837,
07/20/2019 11:17:00.000000,,,,0.030385,
07/20/2019 11:18:00.000000,,,,15.612121,
07/20/2019 11:19:00.000000,,,,0.013292,
07/20/2019 11:20:00.000000,,,,0.012092,
07/20/2019 11:21:00.000000,,,,0.01681,
07/20/2019 11:22:00.000000,,,,16.102381,
07/20/2019 11:23:00.000000,,,,0.026645,
07/20/2019 11:24:00.000000,,,,25.77619,
07/20/2019 11:25:00.000000,,,,0.016366,
07/20/2019 11:26:00.000000,,,,11.476923,
07/20/2019 11:27:00.000000,,,,14.729268,
07/20/2019 11:28:00.000000,,,,17.942857,
07/20/2019 11:30:00.000000,,,,0.022765,
07/20/2019 11:31:00.000000,,,,11.878049,
07/20/2019 11:32:00.000000,,,,0.017741,
07/20/2019 11:33:00.000000,,,,0.019591,
07/20/2019 11:34:00.000000,,,,0.018134,
07/20/2019 11:35:00.000000,,,,7.561538,
07/20/2019 11:36:00.000000,,,,17.769767,
07/20/2019 11:37:00.000000,,,,0.033342,
07/20/2019 11:38:00.000000,,,,17.913636,
07/20/2019 11:39:00.000000,,,,0.027966,
07/20/2019 11:40:00.000000,,,,23.720455,
07/20/2019 11:41:00.000000,,,,0.029098,
07/20/2019 11:42:00.000000,,,,16.164102,
07/20/2019 11:43:00.000000,,,,0.020981,
07/20/2019 11:44:00.000000,,,,14.002326,
07/20/2019 11:45:00.000000,,,,0.014558,
07/20/2019 11:46:00.000000,,,,23.039024,
07/20/2019 11:47:00.000000,,,,0.024729,
07/20/2019 11:48:00.000000,,,,14.742857,
07/20/2019 11:50:00.000000,,,,28.707692,
07/20/2019 11:51:00.000000,,,,14.942857,
07/20/2019 11:52:00.000000,,,,0.019344,
07/20/2019 11:53:00.000000,,,,31.7,
07/20/2019 11:54:00.000000,,,,0.022633,
07/20/2019 11:55:00.000000,,,,0.045916,
07/20/2019 11:56:00.000000,,,,19.0375,
07/20/2019 11:57:00.000000,,,,24.153488,
07/20/2019 11:58:00.000000,,,,42.874419,
07/20/2019 11:59:00.000000,,,,0.037769,
07/20/2019 12:00:00.000000,,,,33.304878,
07/20/2019 12:01:00.000000,,,,0.032132,
07/20/2019 12:02:00.000000,,,,22.974419,
07/20/2019 12:03:00.000000,,,,0.056127,
07/20/2019 12:04:00.000000,,,,0.034878,
07/20/2019 12:05:00.000000,,,,22.25,
07/20/2019 12:06:00.000000,,,,0.02445,
07/20/2019 12:07:00.000000,,,,0.015963,
07/20/2019 12:08:00.000000,,,,14.446154,
07/20/2019 12:09:00.000000,,,,0.016272,
07/20/2019 12:10:00.000000,,,,0.033185,
07/20/2019 12:11:00.000000,,,,0.03017,
07/20/2019 12:12:00.000000,,,,22.014634,
07/20/2019 12:13:00.000000,,,,21.52439,
07/20/2019 12:14:00.000000,,,,22.904878,
07/20/2019 12:15:00.000000,,,,0.018337,
07/20/2019 12:16:00.000000,,,,0.028002,
07/20/2019 12:17:00.000000,,,,20.0825,
07/20/2019 12:18:00.000000,,,,15.61,
07/20/2019 12:19:00.000000,,,,12.32,
07/20/2019 12:20:00.000000,,,,13.326316,
07/20/2019 12:21:00.000000,,,,36.8175,
07/20/2019 12:22:00.000000,,,,0.019436,
07/20/2019 12:23:00.000000,,,,14.5175,
07/20/2019 12:24:00.000000,,,,16.42439,
07/20/2019 12:25:00.000000,,,,13.08,
07/20/2019 12:26:00.000000,,,,18.173171,
07/20/2019 12:27:00.000000,,,,0.027148,
07/20/2019 12:28:00.000000,,,,0.025279,
07/20/2019 12:29:00.000000,,,,23.025,
07/20/2019 12:30:00.000000,,,,0.033136,
07/20/2019 12:31:00.000000,,,,28.218919,
07/20/2019 12:32:00.000000,,,,34.684615,
07/20/2019 12:33:00.000000,,,,0.026803,
07/20/2019 12:34:00.000000,,,,35.925,
07/20/2019 12:35:00.000000,,,,0.04267,
07/20/2019 12:36:00.000000,,,,0.037267,
07/20/2019 12:37:00.000000,,,,13.955,
07/20/2019 12:38:00.000000,,,,0.023799,
07/20/2019 12:39:00.000000,,,,0.018657,
07/20/2019 12:40:00.000000,,,,28.355814,
07/20/2019 12:41:00.000000,,,,20.914815,
07/20/2019 12:42:00.000000,,,,26.65,
07/20/2019 12:43:00.000000,,,,28.536364,
07/20/2019 12:44:00.000000,,,,0.027539,
07/20/2019 12:45:00.000000,,,,0.024349,
07/20/2019 12:46:00.000000,,,,0.043179,
07/20/2019 12:47:00.000000,,,,29.787879,
07/20/2019 12:48:00.000000,,,,0.032257,
07/20/2019 12:49:00.000000,,,,0.045867,
07/20/2019 12:50:00.000000,,,,0.028719,
07/20/2019 12:51:00.000000,,,,0.045171,
07/20/2019 12:52:00.000000,,,,0.038999,
07/20/2019 12:53:00.000000,,,,0.032413,
07/20/2019 12:54:00.000000,,,,0.017337,
07/20/2019 12:55:00.000000,,,,0.048215,
07/20/2019 12:56:00.000000,,,,0.037431,
07/20/2019 12:57:00.000000,,,,0.032152,
07/20/2019 12:58:00.000000,,,,0.045881,
07/20/2019 12:59:00.000000,,,,0.044989,
07/20/2019 13:00:00.000000,,,,25.635714,
07/20/2019 13:01:00.000000,,,,0.022771,
07/20/2019 13:02:00.000000,,,,40.905882,
07/20/2019 13:03:00.000000,,,,34.092308,
07/20/2019 13:04:00.000000,,,,15.773684,
07/20/2019 13:05:00.000000,,,,20.083333,
07/20/2019 13:06:00.000000,,,,0.0204,
07/20/2019 13:07:00.000000,,,,0.015418,
07/20/2019 13:08:00.000000,,,,18.49697,
07/20/2019 13:09:00.000000,,,,0.02273,
07/20/2019 13:10:00.000000,,,,14.885294,
07/20/2019 13:11:00.000000,,,,17.969697,
07/20/2019 13:12:00.000000,,,,0.023377,
07/20/2019 13:13:00.000000,,,,20.892683,
07/20/2019 13:14:00.000000,,,,20.8575,
07/20/2019 13:15:00.000000,,,,0.018402,
07/20/2019 13:16:00.000000,,,,24.269231,
07/20/2019 13:17:00.000000,,,,14.976923,
07/20/2019 13:18:00.000000,,,,0.032799,
07/20/2019 13:19:00.000000,,,,11.492105,
07/20/2019 13:20:00.000000,,,,34.933333,
07/20/2019 13:21:00.000000,,,,25.766667,
07/20/2019 13:22:00.000000,,,,23.702326,
07/20/2019 13:23:00.000000,,,,0.047579,
07/20/2019 13:24:00.000000,,,,19.342105,
07/20/2019 13:25:00.000000,,,,0.037154,
07/20/2019 13:26:00.000000,,,,0.037841,
07/20/2019 13:27:00.000000,,,,0.019129,
07/20/2019 13:28:00.000000,,,,0.041863,
07/20/2019 13:29:00.000000,,,,22.311364,
07/20/2019 13:30:00.000000,,,,21.8,
07/20/2019 13:31:00.000000,,,,30.6,
07/20/2019 13:32:00.000000,,,,0.026761,
07/20/2019 13:33:00.000000,,,,31.84878,
07/20/2019 13:34:00.000000,,,,0.033592,
07/20/2019 13:35:00.000000,,,,0.026658,
07/20/2019 13:36:00.000000,,,,0.026255,
07/20/2019 13:37:00.000000,,,,7.415,
07/20/2019 13:38:00.000000,,,,0.020213,
07/20/2019 13:39:00.000000,,,,32.276923,
07/20/2019 13:40:00.000000,,,,0.036216,
07/20/2019 13:41:00.000000,,,,0.03757,
07/20/2019 13:42:00.000000,,,,25.853488,
07/20/2019 13:43:00.000000,,,,24.489744,
07/20/2019 13:44:00.000000,,,,22.893182,
07/20/2019 13:45:00.000000,,,,15.9,
07/20/2019 13:46:00.000000,,,,24.327907,
07/20/2019 13:47:00.000000,,,,24.033333,
07/20/2019 13:48:00.000000,,,,13.712195,
07/20/2019 13:49:00.000000,,,,0.014098,
07/20/2019 13:50:00.000000,,,,20.758536,
07/20/2019 13:51:00.000000,,,,0.021852,
07/20/2019 13:52:00.000000,,,,18.519512,
07/20/2019 13:53:00.000000,,,,25.670588,
07/20/2019 13:54:00.000000,,,,20.515385,
07/20/2019 13:55:00.000000,,,,18.037209,
07/20/2019 13:56:00.000000,,,,0.027396,
07/20/2019 13:57:00.000000,,,,0.019204,
07/20/2019 13:58:00.000000,,,,12.514286,
07/20/2019 13:59:00.000000,,,,0.023893,
07/20/2019 14:00:00.000000,,,,15.911628,
07/20/2019 14:01:00.000000,,,,0.062588,
07/20/2019 14:02:00.000000,,,,28.629032,
07/20/2019 14:03:00.000000,,,,36.41875,
07/20/2019 14:04:00.000000,,,,19.385714,
07/20/2019 14:05:00.000000,,,,0.037516,
07/20/2019 14:06:00.000000,,,,20.411628,
07/20/2019 14:07:00.000000,,,,24.56,
07/20/2019 14:08:00.000000,,,,27.757143,
07/20/2019 14:09:00.000000,,,,0.031712,
07/20/2019 14:10:00.000000,,,,0.049323,
07/20/2019 14:11:00.000000,,,,0.037996,
07/20/2019 14:12:00.000000,,,,0.03482,
07/20/2019 14:13:00.000000,,,,0.047163,
07/20/2019 14:14:00.000000,,,,36.805,
07/20/2019 14:15:00.000000,,,,0.026028,
07/20/2019 14:16:00.000000,,,,0.036185,
07/20/2019 14:17:00.000000,,,,7.811628,
07/20/2019 14:18:00.000000,,,,0.02032,
07/20/2019 14:19:00.000000,,,,29.3,
07/20/2019 14:20:00.000000,,,,0.028913,
07/20/2019 14:21:00.000000,,,,19.37907,
07/20/2019 14:22:00.000000,,,,55.892683,
07/20/2019 14:23:00.000000,,,,28.965,
07/20/2019 14:24:00.000000,,,,30.58,
07/20/2019 14:25:00.000000,,,,29.880488,
07/20/2019 14:26:00.000000,,,,31.990244,
07/20/2019 14:27:00.000000,,,,0.024328,
07/20/2019 14:28:00.000000,,,,28.3,
07/20/2019 14:29:00.000000,,,,0.050882,
07/20/2019 14:30:00.000000,,,,0.038817,
07/20/2019 14:31:00.000000,,,,23.151163,
07/20/2019 14:32:00.000000,,,,0.056746,
07/20/2019 14:33:00.000000,,,,26.585366,
07/20/2019 14:34:00.000000,,,,0.022706,
07/20/2019 14:35:00.000000,,,,0.024219,
07/20/2019 14:36:00.000000,,,,12.774419,
07/20/2019 14:37:00.000000,,,,21.090244,
07/20/2019 14:38:00.000000,,,,15.585714,
07/20/2019 14:39:00.000000,,,,0.030184,
07/20/2019 14:40:00.000000,,,,0.070315,
07/20/2019 14:41:00.000000,,,,0.029116,
07/20/2019 14:42:00.000000,,,,18.713953,
07/20/2019 14:43:00.000000,,,,18.439535,
07/20/2019 14:44:00.000000,,,,25.695,
07/20/2019 14:45:00.000000,,,,0.019129,
07/20/2019 14:46:00.000000,,,,21.671429,
07/20/2019 14:47:00.000000,,,,0.031929,
07/20/2019 14:48:00.000000,,,,0.024653,
07/20/2019 14:49:00.000000,,,,28.189474,
07/20/2019 14:50:00.000000,,,,0.036616,
07/20/2019 14:51:00.000000,,,,22.446154,
07/20/2019 14:52:00.000000,,,,0.0229,
07/20/2019 14:53:00.000000,,,,0.023484,
07/20/2019 14:54:00.000000,,,,19.3,
07/20/2019 14:55:00.000000,,,,0.022477,
07/20/2019 14:56:00.000000,,,,0.056011,
07/20/2019 14:57:00.000000,,,,36.595122,
07/20/2019 14:58:00.000000,,,,32.5375,
07/20/2019 14:59:00.000000,,,,34.221053,
07/20/2019 15:00:00.000000,,,,20.502703,
07/20/2019 15:01:00.000000,,,,23.1,
07/20/2019 15:02:00.000000,,,,20.615385,
07/20/2019 15:03:00.000000,,,,0.036409,
07/20/2019 15:04:00.000000,,,,0.024595,
07/20/2019 15:05:00.000000,,,,0.021083,
07/20/2019 15:06:00.000000,,,,16.285366,
07/20/2019 15:07:00.000000,,,,13.253846,
07/20/2019 15:08:00.000000,,,,0.029793,
07/20/2019 15:09:00.000000,,,,0.051499,
07/20/2019 15:10:00.000000,,,,0.029364,
07/20/2019 15:11:00.000000,,,,19.985714,
07/20/2019 15:12:00.000000,,,,0.029772,
07/20/2019 15:13:00.000000,,,,21.917949,
07/20/2019 15:14:00.000000,,,,30.861905,
07/20/2019 15:15:00.000000,,,,22.548837,
07/20/2019 15:16:00.000000,,,,19.746429,
07/20/2019 15:17:00.000000,,,,14.08125,
07/20/2019 15:18:00.000000,,,,0.05107,
07/20/2019 15:19:00.000000,,,,15.869048,
07/20/2019 15:20:00.000000,,,,17.169231,
07/20/2019 15:21:00.000000,,,,0.015917,
07/20/2019 15:22:00.000000,,,,0.02699,
07/20/2019 15:23:00.000000,,,,17.683721,
07/20/2019 15:24:00.000000,,,,30.167442,
07/20/2019 15:25:00.000000,,,,12.453488,
07/20/2019 15:26:00.000000,,,,17.216279,
07/20/2019 15:27:00.000000,,,,9.8375,
07/20/2019 15:28:00.000000,,,,12.180555,
07/20/2019 15:29:00.000000,,,,18.642857,
07/20/2019 15:30:00.000000,,,,21.909302,
07/20/2019 15:31:00.000000,,,,0.033307,
07/20/2019 15:32:00.000000,,,,19.285366,
07/20/2019 15:33:00.000000,,,,19.768293,
07/20/2019 15:34:00.000000,,,,18.6,
07/20/2019 15:35:00.000000,,,,0.054717,
07/20/2019 15:36:00.000000,,,,14.653488,
07/20/2019 15:37:00.000000,,,,11.560465,
07/20/2019 15:38:00.000000,,,,0.01919,
07/20/2019 15:39:00.000000,,,,0.03471,
07/20/2019 15:40:00.000000,,,,0.026754,
07/20/2019 15:41:00.000000,,,,26.811628,
07/20/2019 15:42:00.000000,,,,0.019439,
07/20/2019 15:43:00.000000,,,,4.397436,
07/20/2019 15:44:00.000000,,,,16.742857,
07/20/2019 15:45:00.000000,,,,12.2,
07/20/2019 15:46:00.000000,,,,0.022851,
07/20/2019 15:47:00.000000,,,,14.194595,
07/20/2019 15:48:00.000000,,,,0.023486,
07/20/2019 15:50:00.000000,,,,0.016722,
07/20/2019 15:51:00.000000,,,,20.885714,
07/20/2019 15:52:00.000000,,,,13.055,
07/20/2019 15:53:00.000000,,,,0.0391,
07/20/2019 15:54:00.000000,,,,0.00699,
07/20/2019 15:55:00.000000,,,,26.577273,
07/20/2019 15:56:00.000000,,,,15.253658,
07/20/2019 15:57:00.000000,,,,39.245,
07/20/2019 15:58:00.000000,,,,23.556757,
07/20/2019 15:59:00.000000,,,,19.316216,
07/20/2019 16:00:00.000000,,,,0.029279,
07/20/2019 16:01:00.000000,,,,14.747368,
07/20/2019 16:02:00.000000,,,,25.653488,
07/20/2019 16:03:00.000000,,,,0.027099,
07/20/2019 16:04:00.000000,,,,15.445946,
07/20/2019 16:05:00.000000,,,,0.039143,
07/20/2019 16:06:00.000000,,,,53.5,
07/20/2019 16:07:00.000000,,,,0.060913,
07/20/2019 16:08:00.000000,,,,0.068523,
07/20/2019 16:10:00.000000,,,,40.335714,
07/20/2019 16:11:00.000000,,,,21.725,
07/20/2019 16:12:00.000000,,,,39.937838,
07/20/2019 16:13:00.000000,,,,0.03424,
07/20/2019 16:14:00.000000,,,,0.032865,
07/20/2019 16:15:00.000000,,,,0.035035,
07/20/2019 16:16:00.000000,,,,0.030803,
07/20/2019 16:17:00.000000,,,,17.32439,
07/20/2019 16:18:00.000000,,,,0.02307,
07/20/2019 16:19:00.000000,,,,18.3,
07/20/2019 16:20:00.000000,,,,0.024445,
07/20/2019 16:21:00.000000,,,,0.034245,
07/20/2019 16:22:00.000000,,,,0.045015,
07/20/2019 16:23:00.000000,,,,27.588889,
07/20/2019 16:24:00.000000,,,,0.048238,
07/20/2019 16:25:00.000000,,,,41.665116,
07/20/2019 16:26:00.000000,,,,31.613636,
07/20/2019 16:27:00.000000,,,,0.035299,
07/20/2019 16:28:00.000000,,,,36.781818,
07/20/2019 16:30:00.000000,,,,36.585714,
07/20/2019 16:31:00.000000,,,,0.042886,
07/20/2019 16:32:00.000000,,,,28.05,
07/20/2019 16:33:00.000000,,,,0.048761,
07/20/2019 16:34:00.000000,,,,41.777273,
07/20/2019 16:35:00.000000,,,,44.814286,
07/20/2019 16:36:00.000000,,,,0.041105,
07/20/2019 16:37:00.000000,,,,42.053659,
07/20/2019 16:38:00.000000,,,,0.047765,
07/20/2019 16:39:00.000000,,,,39.791667,
07/20/2019 16:40:00.000000,,,,22.304348,
07/20/2019 16:41:00.000000,,,,64.36,
07/20/2019 16:42:00.000000,,,,47.867568,
07/20/2019 16:43:00.000000,,,,29.072093,
07/20/2019 16:44:00.000000,,,,22.361364,
07/20/2019 16:45:00.000000,,,,0.027439,
07/20/2019 16:46:00.000000,,,,0.03439,
07/20/2019 16:47:00.000000,,,,0.022463,
07/20/2019 16:48:00.000000,,,,14.541463,
07/20/2019 16:50:00.000000,,,,27.533333,
07/20/2019 16:51:00.000000,,,,0.05593,
07/20/2019 16:52:00.000000,,,,0.044924,
07/20/2019 16:53:00.000000,,,,27.995349,
07/20/2019 16:54:00.000000,,,,0.041534,
07/20/2019 16:55:00.000000,,,,0.071312,
07/20/2019 16:56:00.000000,,,,0.060135,
07/20/2019 16:57:00.000000,,,,41.2,
07/20/2019 16:58:00.000000,,,,0.054149,
07/20/2019 16:59:00.000000,,,,0.056294,
07/20/2019 17:00:00.000000,,,,48.48,
07/20/2019 17:01:00.000000,,,,0.030807,
07/20/2019 17:02:00.000000,,,,44.933333,
07/20/2019 17:03:00.000000,,,,32.321951,
07/20/2019 17:04:00.000000,,,,30.374419,
07/20/2019 17:05:00.000000,,,,0.056959,
07/20/2019 17:06:00.000000,,,,0.057008,
07/20/2019 17:07:00.000000,,,,0.034427,
07/20/2019 17:08:00.000000,,,,35.95,
07/20/2019 17:09:00.000000,,,,0.048335,
07/20/2019 17:10:00.000000,,,,62.509302,
07/20/2019 17:11:00.000000,,,,73.372093,
07/20/2019 17:12:00.000000,,,,45.063415,
07/20/2019 17:13:00.000000,,,,34.942857,
07/20/2019 17:14:00.000000,,,,24.37907,
07/20/2019 17:15:00.000000,,,,0.043594,
07/20/2019 17:16:00.000000,,,,50.6375,
07/20/2019 17:17:00.000000,,,,0.074795,
07/20/2019 17:18:00.000000,,,,0.089219,
07/20/2019 17:19:00.000000,,,,0.090948,
07/20/2019 17:20:00.000000,,,,52.325,
07/20/2019 17:21:00.000000,,,,44.385714,
07/20/2019 17:22:00.000000,,,,0.047155,
07/20/2019 17:23:00.000000,,,,0.072266,
07/20/2019 17:24:00.000000,,,,0.079939,
07/20/2019 17:25:00.000000,,,,0.053959,
07/20/2019 17:26:00.000000,,,,0.079671,
07/20/2019 17:27:00.000000,,,,62.942857,
07/20/2019 17:28:00.000000,,,,65.69,
07/20/2019 17:30:00.000000,,,,0.067944,
07/20/2019 17:31:00.000000,,,,59.62,
07/20/2019 17:32:00.000000,,,,47.386842,
07/20/2019 17:33:00.000000,,,,0.037129,
07/20/2019 17:34:00.000000,,,,48.556098,
07/20/2019 17:35:00.000000,,,,0.273573,
07/20/2019 17:36:00.000000,,,,0.096456,
07/20/2019 17:37:00.000000,,,,0.03668,
07/20/2019 17:38:00.000000,,,,0.054485,
07/20/2019 17:39:00.000000,,,,39.958537,
07/20/2019 17:40:00.000000,,,,0.045807,
07/20/2019 17:41:00.000000,,,,39.485714,
07/20/2019 17:42:00.000000,,,,0.06268,
07/20/2019 17:43:00.000000,,,,45.302439,
07/20/2019 17:44:00.000000,,,,0.061853,
07/20/2019 17:45:00.000000,,,,0.058824,
07/20/2019 17:46:00.000000,,,,0.030158,
07/20/2019 17:47:00.000000,,,,49.585366,
07/20/2019 17:48:00.000000,,,,42.52439,
07/20/2019 17:49:00.000000,,,,0.052133,
07/20/2019 17:50:00.000000,,,,0.060338,
07/20/2019 17:51:00.000000,,,,57.857143,
07/20/2019 17:52:00.000000,,,,0.076349,
07/20/2019 17:53:00.000000,,,,46.425,
07/20/2019 17:54:00.000000,,,,29.76129,
07/20/2019 17:55:00.000000,,,,39.602439,
07/20/2019 17:56:00.000000,,,,50.027027,
07/20/2019 17:57:00.000000,,,,45.266667,
07/20/2019 17:58:00.000000,,,,65.474074,
07/20/2019 17:59:00.000000,,,,0.050243,
07/20/2019 18:00:00.000000,,,,39.487805,
07/20/2019 18:01:00.000000,,,,33.569231,
07/20/2019 18:02:00.000000,,,,0.075482,
07/20/2019 18:03:00.000000,,,,0.076857,
07/20/2019 18:04:00.000000,,,,42.560526,
07/20/2019 18:05:00.000000,,,,53.802564,
07/20/2019 18:06:00.000000,,,,24.958536,
07/20/2019 18:07:00.000000,,,,41.872093,
07/20/2019 18:08:00.000000,,,,36.22093,
07/20/2019 18:10:00.000000,,,,0.050367,
07/20/2019 18:11:00.000000,,,,0.04973,
07/20/2019 18:12:00.000000,,,,32.463636,
07/20/2019 18:13:00.000000,,,,0.037951,
07/20/2019 18:14:00.000000,,,,41.952273,
07/20/2019 18:15:00.000000,,,,0.02952,
07/20/2019 18:16:00.000000,,,,33.714286,
07/20/2019 18:17:00.000000,,,,59.65,
07/20/2019 18:18:00.000000,,,,25.6,
07/20/2019 18:19:00.000000,,,,50.307692,
07/20/2019 18:20:00.000000,,,,0.052561,
07/20/2019 18:21:00.000000,,,,0.056702,
07/20/2019 18:22:00.000000,,,,41.532558,
07/20/2019 18:23:00.000000,,,,33.726316,
07/20/2019 18:24:00.000000,,,,23.645,
07/20/2019 18:25:00.000000,,,,0.04561,
07/20/2019 18:26:00.000000,,,,29.151163,
07/20/2019 18:27:00.000000,,,,29.578049,
07/20/2019 18:28:00.000000,,,,40.769767,
07/20/2019 18:30:00.000000,,,,49.855814,
07/20/2019 18:31:00.000000,,,,0.041271,
07/20/2019 18:32:00.000000,,,,0.064226,
07/20/2019 18:33:00.000000,,,,0.055999,
07/20/2019 18:34:00.000000,,,,36.002273,
07/20/2019 18:35:00.000000,,,,0.031391,
07/20/2019 18:36:00.000000,,,,24.504878,
07/20/2019 18:37:00.000000,,,,47.169767,
07/20/2019 18:38:00.000000,,,,36.014634,
07/20/2019 18:39:00.000000,,,,0.054005,
07/20/2019 18:40:00.000000,,,,42.442857,
07/20/2019 18:41:00.000000,,,,0.056844,
07/20/2019 18:42:00.000000,,,,0.040627,
07/20/2019 18:43:00.000000,,,,37.406667,
07/20/2019 18:44:00.000000,,,,0.037035,
07/20/2019 18:45:00.000000,,,,0.032777,
07/20/2019 18:46:00.000000,,,,39.64186,
07/20/2019 18:47:00.000000,,,,0.080885,
07/20/2019 18:48:00.000000,,,,26.142105,
07/20/2019 18:49:00.000000,,,,43.963415,
07/20/2019 18:50:00.000000,,,,26.5,
07/20/2019 18:51:00.000000,,,,25.385714,
07/20/2019 18:52:00.000000,,,,0.035975,
07/20/2019 18:53:00.000000,,,,0.026063,
07/20/2019 18:54:00.000000,,,,28.714286,
07/20/2019 18:55:00.000000,,,,22.107692,
07/20/2019 18:56:00.000000,,,,0.046849,
07/20/2019 18:57:00.000000,,,,0.042144,
07/20/2019 18:58:00.000000,,,,23.875,
07/20/2019 18:59:00.000000,,,,42.111628,
07/20/2019 19:00:00.000000,,,,0.044056,
07/20/2019 19:01:00.000000,,,,19.280488,
07/20/2019 19:02:00.000000,,,,0.032221,
07/20/2019 19:03:00.000000,,,,36.773171,
07/20/2019 19:04:00.000000,,,,28.595,
07/20/2019 19:05:00.000000,,,,0.024282,
07/20/2019 19:06:00.000000,,,,0.022277,
07/20/2019 19:07:00.000000,,,,26.007317,
07/20/2019 19:08:00.000000,,,,0.037365,
07/20/2019 19:09:00.000000,,,,41.792308,
07/20/2019 19:10:00.000000,,,,0.041236,
07/20/2019 19:11:00.000000,,,,0.046913,
07/20/2019 19:12:00.000000,,,,0.016486,
07/20/2019 19:13:00.000000,,,,0.039015,
07/20/2019 19:14:00.000000,,,,0.042618,
07/20/2019 19:15:00.000000,,,,47.655814,
07/20/2019 19:16:00.000000,,,,0.043476,
07/20/2019 19:17:00.000000,,,,35.385714,
07/20/2019 19:18:00.000000,,,,0.030046,
07/20/2019 19:19:00.000000,,,,40.285714,
07/20/2019 19:20:00.000000,,,,34.737838,
07/20/2019 19:21:00.000000,,,,0.06789,
07/20/2019 19:22:00.000000,,,,33.6,
07/20/2019 19:23:00.000000,,,,31.02,
07/20/2019 19:24:00.000000,,,,0.035313,
07/20/2019 19:25:00.000000,,,,38.7,
07/20/2019 19:26:00.000000,,,,23.715,
07/20/2019 19:27:00.000000,,,,0.035409,
07/20/2019 19:28:00.000000,,,,0.04486,
07/20/2019 19:29:00.000000,,,,37.1,
07/20/2019 19:30:00.000000,,,,26.688372,
07/20/2019 19:31:00.000000,,,,0.051832,
07/20/2019 19:32:00.000000,,,,0.034358,
07/20/2019 19:33:00.000000,,,,40.190909,
07/20/2019 19:34:00.000000,,,,0.037483,
07/20/2019 19:35:00.000000,,,,46.295455,
07/20/2019 19:36:00.000000,,,,38.065,
07/20/2019 19:37:00.000000,,,,0.073318,
07/20/2019 19:38:00.000000,,,,0.042036,
07/20/2019 19:39:00.000000,,,,25.3,
07/20/2019 19:40:00.000000,,,,21.045161,
07/20/2019 19:41:00.000000,,,,16.282353,
07/20/2019 19:42:00.000000,,,,0.024165,
07/20/2019 19:43:00.000000,,,,30.665116,
07/20/2019 19:44:00.000000,,,,0.044167,
07/20/2019 19:45:00.000000,,,,0.033199,
07/20/2019 19:46:00.000000,,,,18.569048,
07/20/2019 19:47:00.000000,,,,29.771053,
07/20/2019 19:48:00.000000,,,,0.035956,
07/20/2019 19:49:00.000000,,,,42.837209,
07/20/2019 19:50:00.000000,,,,43.381818,
07/20/2019 19:51:00.000000,,,,28.2,
07/20/2019 19:52:00.000000,,,,63.169767,
07/20/2019 19:53:00.000000,,,,0.032042,
07/20/2019 19:54:00.000000,,,,0.028133,
07/20/2019 19:55:00.000000,,,,33.769231,
07/20/2019 19:56:00.000000,,,,28.739024,
07/20/2019 19:57:00.000000,,,,0.022602,
07/20/2019 19:58:00.000000,,,,0.020123,
07/20/2019 19:59:00.000000,,,,0.019183,
07/20/2019 20:00:00.000000,,,,20.0625,
07/20/2019 20:01:00.000000,,,,33.635,
07/20/2019 20:02:00.000000,,,,0.019564,
07/20/2019 20:03:00.000000,,,,0.020567,
07/20/2019 20:04:00.000000,,,,18.113636,
07/20/2019 20:05:00.000000,,,,19.365854,
07/20/2019 20:06:00.000000,,,,0.025179,
07/20/2019 20:07:00.000000,,,,0.02391,
07/20/2019 20:08:00.000000,,,,24.861538,
07/20/2019 20:09:00.000000,,,,16.276744,
07/20/2019 20:10:00.000000,,,,21.219048,
07/20/2019 20:11:00.000000,,,,21.067442,
07/20/2019 20:12:00.000000,,,,37.309091,
07/20/2019 20:13:00.000000,,,,26.425,
07/20/2019 20:14:00.000000,,,,23.625,
07/20/2019 20:15:00.000000,,,,38.346512,
07/20/2019 20:16:00.000000,,,,0.026157,
07/20/2019 20:17:00.000000,,,,0.020001,
07/20/2019 20:18:00.000000,,,,0.032165,
07/20/2019 20:19:00.000000,,,,30.592857,
07/20/2019 20:20:00.000000,,,,0.02913,
07/20/2019 20:21:00.000000,,,,0.029799,
07/20/2019 20:22:00.000000,,,,0.036256,
07/20/2019 20:23:00.000000,,,,0.026124,
07/20/2019 20:24:00.000000,,,,0.019593,
07/20/2019 20:25:00.000000,,,,14.987879,
07/20/2019 20:26:00.000000,,,,15.194286,
07/20/2019 20:27:00.000000,,,,0.018879,
07/20/2019 20:28:00.000000,,,,20.823256,
07/20/2019 20:30:00.000000,,,,0.042945,
07/20/2019 20:31:00.000000,,,,0.034874,
07/20/2019 20:32:00.000000,,,,0.020332,
07/20/2019 20:33:00.000000,,,,19.117647,
07/20/2019 20:34:00.000000,,,,0.022687,
07/20/2019 20:35:00.000000,,,,10.86,
07/20/2019 20:36:00.000000,,,,0.021632,
07/20/2019 20:37:00.000000,,,,0.041203,
07/20/2019 20:38:00.000000,,,,24.70625,
07/20/2019 20:39:00.000000,,,,13.402564,
07/20/2019 20:40:00.000000,,,,0.067551,
07/20/2019 20:41:00.000000,,,,0.024088,
07/20/2019 20:42:00.000000,,,,0.024014,
07/20/2019 20:43:00.000000,,,,0.025921,
07/20/2019 20:44:00.000000,,,,0.033283,
07/20/2019 20:45:00.000000,,,,38.222727,
07/20/2019 20:46:00.000000,,,,38.092308,
07/20/2019 20:47:00.000000,,,,48.043902,
07/20/2019 20:48:00.000000,,,,0.038668,
07/20/2019 20:50:00.000000,,,,37.033333,
07/20/2019 20:51:00.000000,,,,0.042882,
07/20/2019 20:52:00.000000,,,,0.03098,
07/20/2019 20:53:00.000000,,,,0.037827,
07/20/2019 20:54:00.000000,,,,0.027473,
07/20/2019 20:55:00.000000,,,,28.226316,
07/20/2019 20:56:00.000000,,,,0.023322,
07/20/2019 20:57:00.000000,,,,0.027374,
07/20/2019 20:58:00.000000,,,,59.457143,
07/20/2019 20:59:00.000000,,,,60.834146,
07/20/2019 21:00:00.000000,,,,29.828571,
07/20/2019 21:01:00.000000,,,,0.035725,
07/20/2019 21:02:00.000000,,,,0.048335,
07/20/2019 21:03:00.000000,,,,16.923077,
07/20/2019 21:04:00.000000,,,,18.728571,
07/20/2019 21:05:00.000000,,,,0.023785,
07/20/2019 21:06:00.000000,,,,23.736585,
07/20/2019 21:07:00.000000,,,,17.087805,
07/20/2019 21:08:00.000000,,,,0.020037,
07/20/2019 21:09:00.000000,,,,19.314634,
07/20/2019 21:10:00.000000,,,,0.058954,
07/20/2019 21:11:00.000000,,,,0.063622,
07/20/2019 21:12:00.000000,,,,0.151286,
07/20/2019 21:13:00.000000,,,,54.189744,
07/20/2019 21:14:00.000000,,,,34.302326,
07/20/2019 21:15:00.000000,,,,0.041059,
07/20/2019 21:16:00.000000,,,,25.288095,
07/20/2019 21:17:00.000000,,,,12.263415,
07/20/2019 21:18:00.000000,,,,0.013765,
07/20/2019 21:19:00.000000,,,,0.009385,
07/20/2019 21:20:00.000000,,,,0.009579,
07/20/2019 21:21:00.000000,,,,10.630952,
07/20/2019 21:22:00.000000,,,,0.013337,
07/20/2019 21:23:00.000000,,,,0.009647,
07/20/2019 21:24:00.000000,,,,11.041463,
07/20/2019 21:25:00.000000,,,,0.017365,
07/20/2019 21:26:00.000000,,,,13.925641,
07/20/2019 21:27:00.000000,,,,0.01827,
07/20/2019 21:28:00.000000,,,,13.97561,
07/20/2019 21:29:00.000000,,,,0.015469,
07/20/2019 21:30:00.000000,,,,8.614286,
07/20/2019 21:31:00.000000,,,,0.013423,
07/20/2019 21:32:00.000000,,,,12.01,
07/20/2019 21:33:00.000000,,,,9.125,
07/20/2019 21:34:00.000000,,,,0.010139,
07/20/2019 21:35:00.000000,,,,12.706977,
07/20/2019 21:36:00.000000,,,,0.014045,
07/20/2019 21:37:00.000000,,,,0.01247,
07/20/2019 21:38:00.000000,,,,11.65,
07/20/2019 21:39:00.000000,,,,15.130769,
07/20/2019 21:40:00.000000,,,,12.991892,
07/20/2019 21:41:00.000000,,,,14.307317,
07/20/2019 21:42:00.000000,,,,10.575,
07/20/2019 21:43:00.000000,,,,0.017836,
07/20/2019 21:44:00.000000,,,,0.012547,
07/20/2019 21:45:00.000000,,,,12.635714,
07/20/2019 21:46:00.000000,,,,12.157143,
07/20/2019 21:47:00.000000,,,,10.502381,
07/20/2019 21:48:00.000000,,,,0.013856,
07/20/2019 21:49:00.000000,,,,0.013605,
07/20/2019 21:50:00.000000,,,,7.94,
07/20/2019 21:51:00.000000,,,,11.545455,
07/20/2019 21:52:00.000000,,,,13.25,
07/20/2019 21:53:00.000000,,,,11.685714,
07/20/2019 21:54:00.000000,,,,17.674419,
07/20/2019 21:55:00.000000,,,,12.9,
07/20/2019 21:56:00.000000,,,,0.013459,
07/20/2019 21:57:00.000000,,,,0.01471,
07/20/2019 21:58:00.000000,,,,13.8,
07/20/2019 21:59:00.000000,,,,0.014602,
07/20/2019 22:00:00.000000,,,,20.057143,
07/20/2019 22:01:00.000000,,,,0.0227,
07/20/2019 22:02:00.000000,,,,0.022684,
07/20/2019 22:03:00.000000,,,,17.134146,
07/20/2019 22:04:00.000000,,,,14.945,
07/20/2019 22:05:00.000000,,,,18.323077,
07/20/2019 22:06:00.000000,,,,19.958974,
07/20/2019 22:07:00.000000,,,,18.256757,
07/20/2019 22:08:00.000000,,,,0.020267,
07/20/2019 22:09:00.000000,,,,13.212195,
07/20/2019 22:10:00.000000,,,,14.271429,
07/20/2019 22:11:00.000000,,,,12.943243,
07/20/2019 22:12:00.000000,,,,15.492308,
07/20/2019 22:13:00.000000,,,,15.583333,
07/20/2019 22:14:00.000000,,,,16.775,
07/20/2019 22:15:00.000000,,,,13.727778,
07/20/2019 22:16:00.000000,,,,19.571795,
07/20/2019 22:17:00.000000,,,,13.230233,
07/20/2019 22:18:00.000000,,,,15.163158,
07/20/2019 22:19:00.000000,,,,25.061538,
07/20/2019 22:20:00.000000,,,,26.038462,
07/20/2019 22:21:00.000000,,,,17.7625,
07/20/2019 22:22:00.000000,,,,0.028971,
07/20/2019 22:23:00.000000,,,,14.889474,
07/20/2019 22:24:00.000000,,,,16.132432,
07/20/2019 22:25:00.000000,,,,23.3,
07/20/2019 22:26:00.000000,,,,0.042306,
07/20/2019 22:27:00.000000,,,,25.79,
07/20/2019 22:28:00.000000,,,,0.02129,
07/20/2019 22:29:00.000000,,,,18.261538,
07/20/2019 22:30:00.000000,,,,0.017868,
07/20/2019 22:31:00.000000,,,,25.621053,
07/20/2019 22:32:00.000000,,,,22.697561,
07/20/2019 22:33:00.000000,,,,0.040748,
07/20/2019 22:34:00.000000,,,,0.030612,
07/20/2019 22:35:00.000000,,,,7.471795,
07/20/2019 22:36:00.000000,,,,0.014436,
07/20/2019 22:37:00.000000,,,,15.33,
07/20/2019 22:38:00.000000,,,,0.033762,
07/20/2019 22:39:00.000000,,,,36.09,
07/20/2019 22:40:00.000000,,,,22.643243,
07/20/2019 22:41:00.000000,,,,34.707692,
07/20/2019 22:42:00.000000,,,,9.571795,
07/20/2019 22:43:00.000000,,,,15.384211,
07/20/2019 22:44:00.000000,,,,0.024265,
07/20/2019 22:45:00.000000,,,,19.587179,
07/20/2019 22:46:00.000000,,,,61.371053,
07/20/2019 22:47:00.000000,,,,32.076923,
07/20/2019 22:48:00.000000,,,,22.772093,
07/20/2019 22:49:00.000000,,,,16.345455,
07/20/2019 22:50:00.000000,,,,0.020138,
07/20/2019 22:51:00.000000,,,,0.032695,
07/20/2019 22:52:00.000000,,,,17.465,
07/20/2019 22:53:00.000000,,,,18.7125,
07/20/2019 22:54:00.000000,,,,16.004762,
07/20/2019 22:55:00.000000,,,,0.038957,
07/20/2019 22:56:00.000000,,,,17.82439,
07/20/2019 22:57:00.000000,,,,11.666667,
07/20/2019 22:58:00.000000,,,,0.025574,
07/20/2019 22:59:00.000000,,,,0.032517,
07/20/2019 23:00:00.000000,,,,0.020264,
07/20/2019 23:01:00.000000,,,,16.429268,
07/20/2019 23:02:00.000000,,,,0.100001,
07/20/2019 23:03:00.000000,,,,23.404545,
07/20/2019 23:04:00.000000,,,,0.007039,
07/20/2019 23:05:00.000000,,,,19.415789,
07/20/2019 23:06:00.000000,,,,0.019109,
07/20/2019 23:07:00.000000,,,,0.014413,
07/20/2019 23:08:00.000000,,,,0.018659,
07/20/2019 23:09:00.000000,,,,0.020458,
07/20/2019 23:10:00.000000,,,,15.553846,
07/20/2019 23:11:00.000000,,,,0.039347,
07/20/2019 23:12:00.000000,,,,29.530233,
07/20/2019 23:13:00.000000,,,,0.041459,
07/20/2019 23:14:00.000000,,,,0.03007,
07/20/2019 23:15:00.000000,,,,26.002439,
07/20/2019 23:16:00.000000,,,,15.055814,
07/20/2019 23:17:00.000000,,,,16.383721,
07/20/2019 23:18:00.000000,,,,0.028999,
07/20/2019 23:19:00.000000,,,,16.0,
07/20/2019 23:20:00.000000,,,,0.018332,
07/20/2019 23:21:00.000000,,,,0.020254,
07/20/2019 23:22:00.000000,,,,0.019972,
07/20/2019 23:23:00.000000,,,,16.502326,
07/20/2019 23:24:00.000000,,,,14.039024,
07/20/2019 23:25:00.000000,,,,0.033133,
07/20/2019 23:26:00.000000,,,,18.474419,
07/20/2019 23:27:00.000000,,,,0.034262,
07/20/2019 23:28:00.000000,,,,0.022489,
07/20/2019 23:29:00.000000,,,,0.022573,
07/20/2019 23:30:00.000000,,,,18.357143,
07/20/2019 23:31:00.000000,,,,0.021775,
07/20/2019 23:32:00.000000,,,,13.87561,
07/20/2019 23:33:00.000000,,,,17.890909,
07/20/2019 23:34:00.000000,,,,21.307317,
07/20/2019 23:35:00.000000,,,,15.146512,
07/20/2019 23:36:00.000000,,,,13.925,
07/20/2019 23:37:00.000000,,,,12.5,
07/20/2019 23:38:00.000000,,,,15.677778,
07/20/2019 23:39:00.000000,,,,0.018204,
07/20/2019 23:40:00.000000,,,,0.028891,
07/20/2019 23:41:00.000000,,,,11.186486,
07/20/2019 23:42:00.000000,,,,0.021129,
07/20/2019 23:43:00.000000,,,,16.630303,
07/20/2019 23:44:00.000000,,,,0.027189,
07/20/2019 23:45:00.000000,,,,0.015837,
07/20/2019 23:46:00.000000,,,,0.016212,
07/20/2019 23:47:00.000000,,,,26.874359,
07/20/2019 23:48:00.000000,,,,16.428205,
07/20/2019 23:49:00.000000,,,,0.024879,
07/20/2019 23:50:00.000000,,,,18.212195,
07/20/2019 23:51:00.000000,,,,16.7,
07/20/2019 23:52:00.000000,,,,12.925641,
07/20/2019 23:53:00.000000,,,,0.013475,
07/20/2019 23:54:00.000000,,,,11.840541,
07/20/2019 23:55:00.000000,,,,12.540476,
07/20/2019 23:56:00.000000,,,,0.01462,
07/20/2019 23:57:00.000000,,,,11.945455,
07/20/2019 23:58:00.000000,,,,14.985366,
07/20/2019 23:59:00.000000,,,,0.017433,
07/21/2019 00:00:00.000000,,,,13.634146,
07/21/2019 00:01:00.000000,,,,0.008994,
07/21/2019 00:02:00.000000,,,,0.014213,
07/21/2019 00:03:00.000000,,,,0.011029,
07/21/2019 00:04:00.000000,,,,9.328947,
07/21/2019 00:05:00.000000,,,,0.014996,
07/21/2019 00:06:00.000000,,,,0.011328,
07/21/2019 00:07:00.000000,,,,9.577143,
07/21/2019 00:08:00.000000,,,,5.381395,
07/21/2019 00:09:00.000000,,,,8.556098,
07/21/2019 00:10:00.000000,,,,8.508108,
07/21/2019 00:11:00.000000,,,,0.00928,
07/21/2019 00:12:00.000000,,,,7.134884,
07/21/2019 00:13:00.000000,,,,0.011656,
07/21/2019 00:14:00.000000,,,,5.595238,
07/21/2019 00:15:00.000000,,,,0.010498,
07/21/2019 00:16:00.000000,,,,9.039474,
07/21/2019 00:17:00.000000,,,,0.015389,
07/21/2019 00:18:00.000000,,,,10.507692,
07/21/2019 00:19:00.000000,,,,7.726316,
07/21/2019 00:20:00.000000,,,,7.472093,
07/21/2019 00:21:00.000000,,,,12.169048,
07/21/2019 00:22:00.000000,,,,5.818605,
07/21/2019 00:23:00.000000,,,,0.007501,
07/21/2019 00:24:00.000000,,,,0.011974,
07/21/2019 00:25:00.000000,,,,16.084091,
07/21/2019 00:26:00.000000,,,,0.008085,
07/21/2019 00:27:00.000000,,,,8.270732,
07/21/2019 00:28:00.000000,,,,0.005563,
07/21/2019 00:30:00.000000,,,,0.005421,
07/21/2019 00:31:00.000000,,,,0.008791,
07/21/2019 00:32:00.000000,,,,0.005847,
07/21/2019 00:33:00.000000,,,,6.743478,
07/21/2019 00:34:00.000000,,,,6.085714,
07/21/2019 00:35:00.000000,,,,9.942105,
07/21/2019 00:36:00.000000,,,,0.013846,
07/21/2019 00:37:00.000000,,,,0.01746,
07/21/2019 00:38:00.000000,,,,0.012973,
07/21/2019 00:39:00.000000,,,,0.015897,
07/21/2019 00:40:00.000000,,,,10.389474,
07/21/2019 00:41:00.000000,,,,9.85814,
07/21/2019 00:42:00.000000,,,,0.011862,
07/21/2019 00:43:00.000000,,,,0.012848,
07/21/2019 00:44:00.000000,,,,0.011628,
07/21/2019 00:45:00.000000,,,,0.010429,
07/21/2019 00:46:00.000000,,,,10.865,
07/21/2019 00:47:00.000000,,,,11.564286,
07/21/2019 00:48:00.000000,,,,0.010388,
07/21/2019 00:49:00.000000,,,,0.010347,
07/21/2019 00:50:00.000000,,,,0.010764,
07/21/2019 00:51:00.000000,,,,11.454762,
07/21/2019 00:52:00.000000,,,,8.1,
07/21/2019 00:53:00.000000,,,,11.588235,
07/21/2019 00:54:00.000000,,,,0.01051,
07/21/2019 00:55:00.000000,,,,10.282927,
07/21/2019 00:56:00.000000,,,,0.012014,
07/21/2019 00:57:00.000000,,,,0.013844,
07/21/2019 00:58:00.000000,,,,0.013763,
07/21/2019 00:59:00.000000,,,,10.613514,
07/21/2019 01:00:00.000000,,,,7.0875,
07/21/2019 01:01:00.000000,,,,0.010896,
07/21/2019 01:02:00.000000,,,,0.009738,
07/21/2019 01:03:00.000000,,,,7.448649,
07/21/2019 01:04:00.000000,,,,0.011465,
07/21/2019 01:05:00.000000,,,,7.464865,
07/21/2019 01:06:00.000000,,,,0.006526,
07/21/2019 01:07:00.000000,,,,0.008843,
07/21/2019 01:08:00.000000,,,,0.013051,
07/21/2019 01:09:00.000000,,,,6.523684,
07/21/2019 01:10:00.000000,,,,8.979487,
07/21/2019 01:11:00.000000,,,,5.716667,
07/21/2019 01:12:00.000000,,,,0.00944,
07/21/2019 01:13:00.000000,,,,0.007857,
07/21/2019 01:14:00.000000,,,,7.220513,
07/21/2019 01:15:00.000000,,,,0.010029,
07/21/2019 01:16:00.000000,,,,4.714286,
07/21/2019 01:17:00.000000,,,,0.005441,
07/21/2019 01:18:00.000000,,,,5.609756,
07/21/2019 01:19:00.000000,,,,0.008974,
07/21/2019 01:20:00.000000,,,,6.279487,
07/21/2019 01:21:00.000000,,,,4.459091,
07/21/2019 01:22:00.000000,,,,4.37561,
07/21/2019 01:23:00.000000,,,,4.787879,
07/21/2019 01:24:00.000000,,,,6.107692,
07/21/2019 01:25:00.000000,,,,4.140909,
07/21/2019 01:26:00.000000,,,,0.0043,
07/21/2019 01:27:00.000000,,,,3.5,
07/21/2019 01:28:00.000000,,,,5.689474,
07/21/2019 01:29:00.000000,,,,4.3,
07/21/2019 01:30:00.000000,,,,4.342857,
07/21/2019 01:31:00.000000,,,,3.635,
07/21/2019 01:32:00.000000,,,,4.475,
07/21/2019 01:33:00.000000,,,,0.004611,
07/21/2019 01:34:00.000000,,,,0.005527,
07/21/2019 01:35:00.000000,,,,0.011552,
07/21/2019 01:36:00.000000,,,,5.631707,
07/21/2019 01:37:00.000000,,,,6.048718,
07/21/2019 01:38:00.000000,,,,0.007918,
07/21/2019 01:39:00.000000,,,,3.939024,
07/21/2019 01:40:00.000000,,,,4.802632,
07/21/2019 01:41:00.000000,,,,5.352381,
07/21/2019 01:42:00.000000,,,,4.240541,
07/21/2019 01:43:00.000000,,,,0.007592,
07/21/2019 01:44:00.000000,,,,6.109091,
07/21/2019 01:45:00.000000,,,,6.614286,
07/21/2019 01:46:00.000000,,,,0.012454,
07/21/2019 01:47:00.000000,,,,0.008917,
07/21/2019 01:48:00.000000,,,,6.655814,
07/21/2019 01:49:00.000000,,,,0.007847,
07/21/2019 01:50:00.000000,,,,0.005809,
07/21/2019 01:51:00.000000,,,,4.773684,
07/21/2019 01:52:00.000000,,,,0.005982,
07/21/2019 01:53:00.000000,,,,5.853333,
07/21/2019 01:54:00.000000,,,,0.006329,
07/21/2019 01:55:00.000000,,,,0.006237,
07/21/2019 01:56:00.000000,,,,0.005452,
07/21/2019 01:57:00.000000,,,,0.007847,
07/21/2019 01:58:00.000000,,,,0.007735,
07/21/2019 01:59:00.000000,,,,0.011404,
07/21/2019 02:00:00.000000,,,,0.007601,
07/21/2019 02:01:00.000000,,,,7.983333,
07/21/2019 02:02:00.000000,,,,0.008041,
07/21/2019 02:03:00.000000,,,,8.168421,
07/21/2019 02:04:00.000000,,,,6.606977,
07/21/2019 02:05:00.000000,,,,7.604348,
07/21/2019 02:06:00.000000,,,,5.933333,
07/21/2019 02:07:00.000000,,,,0.005633,
07/21/2019 02:08:00.000000,,,,0.009439,
07/21/2019 02:09:00.000000,,,,7.402439,
07/21/2019 02:10:00.000000,,,,0.010398,
07/21/2019 02:11:00.000000,,,,0.007388,
07/21/2019 02:12:00.000000,,,,7.153846,
07/21/2019 02:13:00.000000,,,,4.941463,
07/21/2019 02:14:00.000000,,,,4.007692,
07/21/2019 02:15:00.000000,,,,7.138095,
07/21/2019 02:16:00.000000,,,,0.006868,
07/21/2019 02:17:00.000000,,,,0.008745,
07/21/2019 02:18:00.000000,,,,11.89,
07/21/2019 02:19:00.000000,,,,12.952632,
07/21/2019 02:20:00.000000,,,,0.00747,
07/21/2019 02:21:00.000000,,,,0.005895,
07/21/2019 02:22:00.000000,,,,7.557143,
07/21/2019 02:23:00.000000,,,,0.005875,
07/21/2019 02:24:00.000000,,,,0.019005,
07/21/2019 02:25:00.000000,,,,6.007692,
07/21/2019 02:26:00.000000,,,,0.020763,
07/21/2019 02:27:00.000000,,,,0.021631,
07/21/2019 02:28:00.000000,,,,0.038501,
07/21/2019 02:29:00.000000,,,,22.785714,
07/21/2019 02:30:00.000000,,,,0.007541,
07/21/2019 02:31:00.000000,,,,0.005548,
07/21/2019 02:32:00.000000,,,,8.815385,
07/21/2019 02:33:00.000000,,,,0.006713,
07/21/2019 02:34:00.000000,,,,0.017381,
07/21/2019 02:35:00.000000,,,,6.078788,
07/21/2019 02:36:00.000000,,,,9.385366,
07/21/2019 02:37:00.000000,,,,0.007653,
07/21/2019 02:38:00.000000,,,,0.024125,
07/21/2019 02:39:00.000000,,,,7.333333,
07/21/2019 02:40:00.000000,,,,8.004545,
07/21/2019 02:41:00.000000,,,,0.008738,
07/21/2019 02:42:00.000000,,,,17.11282,
07/21/2019 02:43:00.000000,,,,7.411905,
07/21/2019 02:44:00.000000,,,,5.035135,
07/21/2019 02:45:00.000000,,,,5.226316,
07/21/2019 02:46:00.000000,,,,5.577778,
07/21/2019 02:47:00.000000,,,,0.016667,
07/21/2019 02:48:00.000000,,,,0.014293,
07/21/2019 02:50:00.000000,,,,7.45,
07/21/2019 02:51:00.000000,,,,10.031579,
07/21/2019 02:52:00.000000,,,,24.795,
07/21/2019 02:53:00.000000,,,,0.015848,
07/21/2019 02:54:00.000000,,,,0.012441,
07/21/2019 02:55:00.000000,,,,11.053659,
07/21/2019 02:56:00.000000,,,,0.017015,
07/21/2019 02:57:00.000000,,,,0.01461,
07/21/2019 02:58:00.000000,,,,0.007837,
07/21/2019 02:59:00.000000,,,,12.302439,
07/21/2019 03:00:00.000000,,,,0.011838,
07/21/2019 03:01:00.000000,,,,0.018846,
07/21/2019 03:02:00.000000,,,,7.209302,
07/21/2019 03:03:00.000000,,,,9.15814,
07/21/2019 03:04:00.000000,,,,0.01015,
07/21/2019 03:05:00.000000,,,,8.084615,
07/21/2019 03:06:00.000000,,,,5.815385,
07/21/2019 03:07:00.000000,,,,4.714286,
07/21/2019 03:08:00.000000,,,,5.025,
07/21/2019 03:10:00.000000,,,,0.029448,
07/21/2019 03:11:00.000000,,,,9.255,
07/21/2019 03:12:00.000000,,,,5.15,
07/21/2019 03:13:00.000000,,,,11.453488,
07/21/2019 03:14:00.000000,,,,7.7,
07/21/2019 03:15:00.000000,,,,0.010606,
07/21/2019 03:16:00.000000,,,,5.314286,
07/21/2019 03:17:00.000000,,,,0.011485,
07/21/2019 03:18:00.000000,,,,0.037766,
07/21/2019 03:19:00.000000,,,,10.233333,
07/21/2019 03:20:00.000000,,,,20.75122,
07/21/2019 03:21:00.000000,,,,0.009789,
07/21/2019 03:22:00.000000,,,,0.009176,
07/21/2019 03:23:00.000000,,,,9.542857,
07/21/2019 03:24:00.000000,,,,26.6,
07/21/2019 03:25:00.000000,,,,7.829268,
07/21/2019 03:26:00.000000,,,,4.531707,
07/21/2019 03:27:00.000000,,,,7.758537,
07/21/2019 03:28:00.000000,,,,12.1,
07/21/2019 03:30:00.000000,,,,0.017984,
07/21/2019 03:31:00.000000,,,,15.795,
07/21/2019 03:32:00.000000,,,,14.2,
07/21/2019 03:33:00.000000,,,,14.842857,
07/21/2019 03:34:00.000000,,,,9.32093,
07/21/2019 03:35:00.000000,,,,0.017429,
07/21/2019 03:36:00.000000,,,,26.705,
07/21/2019 03:37:00.000000,,,,12.465,
07/21/2019 03:38:00.000000,,,,0.022756,
07/21/2019 03:39:00.000000,,,,12.6625,
07/21/2019 03:40:00.000000,,,,7.5,
07/21/2019 03:41:00.000000,,,,10.030769,
07/21/2019 03:42:00.000000,,,,18.657143,
07/21/2019 03:43:00.000000,,,,7.08,
07/21/2019 03:44:00.000000,,,,0.00599,
07/21/2019 03:45:00.000000,,,,4.555814,
07/21/2019 03:46:00.000000,,,,0.010449,
07/21/2019 03:47:00.000000,,,,0.011011,
07/21/2019 03:48:00.000000,,,,0.025052,
07/21/2019 03:50:00.000000,,,,14.395122,
07/21/2019 03:51:00.000000,,,,10.817073,
07/21/2019 03:52:00.000000,,,,5.270732,
07/21/2019 03:53:00.000000,,,,32.65,
07/21/2019 03:54:00.000000,,,,9.702174,
07/21/2019 03:55:00.000000,,,,0.007827,
07/21/2019 03:56:00.000000,,,,4.615,
07/21/2019 03:57:00.000000,,,,0.007735,
07/21/2019 03:58:00.000000,,,,0.00549,
07/21/2019 03:59:00.000000,,,,5.448837,
07/21/2019 04:00:00.000000,,,,0.006624,
07/21/2019 04:01:00.000000,,,,4.389474,
07/21/2019 04:02:00.000000,,,,0.005248,
07/21/2019 04:03:00.000000,,,,0.005931,
07/21/2019 04:04:00.000000,,,,0.016642,
07/21/2019 04:05:00.000000,,,,0.010099,
07/21/2019 04:06:00.000000,,,,0.009417,
07/21/2019 04:07:00.000000,,,,7.870732,
07/21/2019 04:08:00.000000,,,,5.609524,
07/21/2019 04:10:00.000000,,,,0.014889,
07/21/2019 04:11:00.000000,,,,0.009549,
07/21/2019 04:12:00.000000,,,,7.656098,
07/21/2019 04:13:00.000000,,,,0.012107,
07/21/2019 04:14:00.000000,,,,0.015939,
07/21/2019 04:15:00.000000,,,,7.394737,
07/21/2019 04:16:00.000000,,,,8.823256,
07/21/2019 04:17:00.000000,,,,6.885714,
07/21/2019 04:18:00.000000,,,,10.155,
07/21/2019 04:19:00.000000,,,,8.874419,
07/21/2019 04:20:00.000000,,,,0.010395,
07/21/2019 04:21:00.000000,,,,9.097917,
07/21/2019 04:22:00.000000,,,,0.012484,
07/21/2019 04:23:00.000000,,,,0.013942,
07/21/2019 04:24:00.000000,,,,0.008122,
07/21/2019 04:25:00.000000,,,,5.773171,
07/21/2019 04:26:00.000000,,,,6.533333,
07/21/2019 04:27:00.000000,,,,0.006736,
07/21/2019 04:28:00.000000,,,,5.91,
07/21/2019 04:30:00.000000,,,,0.007766,
07/21/2019 04:31:00.000000,,,,16.955814,
07/21/2019 04:32:00.000000,,,,13.923684,
07/21/2019 04:33:00.000000,,,,10.622222,
07/21/2019 04:34:00.000000,,,,7.24,
07/21/2019 04:35:00.000000,,,,13.642857,
07/21/2019 04:36:00.000000,,,,0.009804,
07/21/2019 04:37:00.000000,,,,7.923077,
07/21/2019 04:38:00.000000,,,,0.012138,
07/21/2019 04:39:00.000000,,,,0.008204,
07/21/2019 04:40:00.000000,,,,10.497436,
07/21/2019 04:41:00.000000,,,,0.013014,
07/21/2019 04:42:00.000000,,,,5.682927,
07/21/2019 04:43:00.000000,,,,0.009926,
07/21/2019 04:44:00.000000,,,,0.0272,
07/21/2019 04:45:00.000000,,,,11.5,
07/21/2019 04:46:00.000000,,,,8.47561,
07/21/2019 04:47:00.000000,,,,7.070732,
07/21/2019 04:48:00.000000,,,,11.915,
07/21/2019 04:50:00.000000,,,,17.26,
07/21/2019 04:51:00.000000,,,,0.014614,
07/21/2019 04:52:00.000000,,,,0.008316,
07/21/2019 04:53:00.000000,,,,16.867647,
07/21/2019 04:54:00.000000,,,,23.028571,
07/21/2019 04:55:00.000000,,,,0.010181,
07/21/2019 04:56:00.000000,,,,0.011017,
07/21/2019 04:57:00.000000,,,,0.008449,
07/21/2019 04:58:00.000000,,,,6.873333,
07/21/2019 04:59:00.000000,,,,0.010919,
07/21/2019 05:00:00.000000,,,,11.490244,
07/21/2019 05:01:00.000000,,,,12.661538,
07/21/2019 05:02:00.000000,,,,0.012307,
07/21/2019 05:03:00.000000,,,,0.012246,
07/21/2019 05:04:00.000000,,,,0.011041,
07/21/2019 05:05:00.000000,,,,0.016838,
07/21/2019 05:06:00.000000,,,,0.009368,
07/21/2019 05:07:00.000000,,,,24.457895,
07/21/2019 05:08:00.000000,,,,0.01447,
07/21/2019 05:10:00.000000,,,,14.504545,
07/21/2019 05:11:00.000000,,,,6.982927,
07/21/2019 05:12:00.000000,,,,0.010995,
07/21/2019 05:13:00.000000,,,,0.013508,
07/21/2019 05:14:00.000000,,,,13.027273,
07/21/2019 05:15:00.000000,,,,0.013958,
07/21/2019 05:16:00.000000,,,,0.008072,
07/21/2019 05:17:00.000000,,,,0.0075,
07/21/2019 05:18:00.000000,,,,0.006887,
07/21/2019 05:19:00.000000,,,,8.946512,
07/21/2019 05:20:00.000000,,,,0.011015,
07/21/2019 05:21:00.000000,,,,6.913636,
07/21/2019 05:22:00.000000,,,,0.013304,
07/21/2019 05:23:00.000000,,,,10.734146,
07/21/2019 05:24:00.000000,,,,11.395349,
07/21/2019 05:25:00.000000,,,,0.01267,
07/21/2019 05:26:00.000000,,,,0.013713,
07/21/2019 05:27:00.000000,,,,15.077419,
07/21/2019 05:28:00.000000,,,,10.442857,
07/21/2019 05:30:00.000000,,,,6.914634,
07/21/2019 05:31:00.000000,,,,11.3,
07/21/2019 05:32:00.000000,,,,0.011873,
07/21/2019 05:33:00.000000,,,,9.55,
07/21/2019 05:34:00.000000,,,,9.6,
07/21/2019 05:35:00.000000,,,,6.441463,
07/21/2019 05:36:00.000000,,,,9.328571,
07/21/2019 05:37:00.000000,,,,0.016022,
07/21/2019 05:38:00.000000,,,,12.378571,
07/21/2019 05:39:00.000000,,,,0.018638,
07/21/2019 05:40:00.000000,,,,20.360465,
07/21/2019 05:41:00.000000,,,,21.5375,
07/21/2019 05:42:00.000000,,,,8.142857,
07/21/2019 05:43:00.000000,,,,25.661364,
07/21/2019 05:44:00.000000,,,,14.977273,
07/21/2019 05:45:00.000000,,,,17.018182,
07/21/2019 05:46:00.000000,,,,0.010872,
07/21/2019 05:47:00.000000,,,,5.9625,
07/21/2019 05:48:00.000000,,,,0.008236,
07/21/2019 05:50:00.000000,,,,0.010484,
07/21/2019 05:51:00.000000,,,,8.395122,
07/21/2019 05:52:00.000000,,,,0.009339,
07/21/2019 05:53:00.000000,,,,6.960976,
07/21/2019 05:54:00.000000,,,,0.010708,
07/21/2019 05:55:00.000000,,,,0.01545,
07/21/2019 05:56:00.000000,,,,0.014366,
07/21/2019 05:57:00.000000,,,,0.012445,
07/21/2019 05:58:00.000000,,,,7.328571,
07/21/2019 05:59:00.000000,,,,0.01076,
07/21/2019 06:00:00.000000,,,,6.194286,
07/21/2019 06:01:00.000000,,,,0.010627,
07/21/2019 06:02:00.000000,,,,9.488,
07/21/2019 06:03:00.000000,,,,9.147619,
07/21/2019 06:04:00.000000,,,,0.01126,
07/21/2019 06:05:00.000000,,,,0.009625,
07/21/2019 06:06:00.000000,,,,10.77931,
07/21/2019 06:07:00.000000,,,,12.357143,
07/21/2019 06:08:00.000000,,,,7.915385,
07/21/2019 06:09:00.000000,,,,0.010545,
07/21/2019 06:10:00.000000,,,,25.076744,
07/21/2019 06:11:00.000000,,,,13.642857,
07/21/2019 06:12:00.000000,,,,0.011495,
07/21/2019 06:13:00.000000,,,,9.115385,
07/21/2019 06:14:00.000000,,,,0.015204,
07/21/2019 06:15:00.000000,,,,0.017514,
07/21/2019 06:16:00.000000,,,,0.011158,
07/21/2019 06:17:00.000000,,,,0.008123,
07/21/2019 06:18:00.000000,,,,6.926829,
07/21/2019 06:19:00.000000,,,,11.845,
07/21/2019 06:20:00.000000,,,,11.078049,
07/21/2019 06:21:00.000000,,,,8.662857,
07/21/2019 06:22:00.000000,,,,0.012343,
07/21/2019 06:23:00.000000,,,,0.007786,
07/21/2019 06:24:00.000000,,,,16.756098,
07/21/2019 06:25:00.000000,,,,9.986667,
07/21/2019 06:26:00.000000,,,,7.6125,
07/21/2019 06:27:00.000000,,,,0.011107,
07/21/2019 06:28:00.000000,,,,0.012742,
07/21/2019 06:29:00.000000,,,,6.825,
07/21/2019 06:30:00.000000,,,,9.53,
07/21/2019 06:31:00.000000,,,,0.015531,
07/21/2019 06:32:00.000000,,,,0.020651,
07/21/2019 06:33:00.000000,,,,0.010187,
07/21/2019 06:34:00.000000,,,,6.457895,
07/21/2019 06:35:00.000000,,,,6.215385,
07/21/2019 06:36:00.000000,,,,0.022326,
07/21/2019 06:37:00.000000,,,,7.797561,
07/21/2019 06:38:00.000000,,,,0.012997,
07/21/2019 06:39:00.000000,,,,0.014162,
07/21/2019 06:40:00.000000,,,,22.613953,
07/21/2019 06:41:00.000000,,,,8.097436,
07/21/2019 06:42:00.000000,,,,9.642857,
07/21/2019 06:43:00.000000,,,,5.77561,
07/21/2019 06:44:00.000000,,,,0.023777,
07/21/2019 06:45:00.000000,,,,0.01435,
07/21/2019 06:46:00.000000,,,,21.741463,
07/21/2019 06:47:00.000000,,,,14.618182,
07/21/2019 06:48:00.000000,,,,13.115,
07/21/2019 06:50:00.000000,,,,0.007623,
07/21/2019 06:51:00.000000,,,,9.955,
07/21/2019 06:52:00.000000,,,,0.00748,
07/21/2019 06:53:00.000000,,,,0.013715,
07/21/2019 06:54:00.000000,,,,7.43913,
07/21/2019 06:55:00.000000,,,,10.657143,
07/21/2019 06:56:00.000000,,,,9.757143,
07/21/2019 06:57:00.000000,,,,0.008939,
07/21/2019 06:58:00.000000,,,,9.48,
07/21/2019 06:59:00.000000,,,,0.009317,
07/21/2019 07:00:00.000000,,,,8.604651,
07/21/2019 07:01:00.000000,,,,0.014368,
07/21/2019 07:02:00.000000,,,,10.055555,
07/21/2019 07:03:00.000000,,,,0.009327,
07/21/2019 07:04:00.000000,,,,10.952,
07/21/2019 07:05:00.000000,,,,12.847059,
07/21/2019 07:06:00.000000,,,,43.585714,
07/21/2019 07:07:00.000000,,,,23.53871,
07/21/2019 07:08:00.000000,,,,0.012046,
07/21/2019 07:09:00.000000,,,,0.03785,
07/21/2019 07:10:00.000000,,,,0.01653,
07/21/2019 07:11:00.000000,,,,0.011842,
07/21/2019 07:12:00.000000,,,,0.009009,
07/21/2019 07:13:00.000000,,,,11.460465,
07/21/2019 07:14:00.000000,,,,0.014003,
07/21/2019 07:15:00.000000,,,,0.014431,
07/21/2019 07:16:00.000000,,,,10.636111,
07/21/2019 07:17:00.000000,,,,19.44,
07/21/2019 07:18:00.000000,,,,0.013921,
07/21/2019 07:19:00.000000,,,,12.568293,
07/21/2019 07:20:00.000000,,,,0.022258,
07/21/2019 07:21:00.000000,,,,7.7375,
07/21/2019 07:22:00.000000,,,,7.654545,
07/21/2019 07:23:00.000000,,,,10.655556,
07/21/2019 07:24:00.000000,,,,13.295122,
07/21/2019 07:25:00.000000,,,,0.014884,
07/21/2019 07:26:00.000000,,,,8.552381,
07/21/2019 07:27:00.000000,,,,8.015,
07/21/2019 07:28:00.000000,,,,0.011501,
07/21/2019 07:29:00.000000,,,,0.020915,
07/21/2019 07:30:00.000000,,,,9.55,
07/21/2019 07:31:00.000000,,,,6.33,
07/21/2019 07:32:00.000000,,,,0.013679,
07/21/2019 07:33:00.000000,,,,9.471429,
07/21/2019 07:34:00.000000,,,,0.0118,
07/21/2019 07:35:00.000000,,,,0.025427,
07/21/2019 07:36:00.000000,,,,30.953846,
07/21/2019 07:37:00.000000,,,,23.84878,
07/21/2019 07:38:00.000000,,,,0.015175,
07/21/2019 07:39:00.000000,,,,0.011934,
07/21/2019 07:40:00.000000,,,,11.25641,
07/21/2019 07:41:00.000000,,,,8.416667,
07/21/2019 07:42:00.000000,,,,0.020545,
07/21/2019 07:43:00.000000,,,,11.111111,
07/21/2019 07:44:00.000000,,,,0.016072,
07/21/2019 07:45:00.000000,,,,8.278049,
07/21/2019 07:46:00.000000,,,,8.42439,
07/21/2019 07:47:00.000000,,,,0.005585,
07/21/2019 07:48:00.000000,,,,0.015338,
07/21/2019 07:49:00.000000,,,,19.345455,
07/21/2019 07:50:00.000000,,,,29.373809,
07/21/2019 07:51:00.000000,,,,12.838235,
07/21/2019 07:52:00.000000,,,,0.017396,
07/21/2019 07:53:00.000000,,,,0.026242,
07/21/2019 07:54:00.000000,,,,0.011893,
07/21/2019 07:55:00.000000,,,,18.285714,
07/21/2019 07:56:00.000000,,,,0.011557,
07/21/2019 07:57:00.000000,,,,14.414286,
07/21/2019 07:58:00.000000,,,,0.006502,
07/21/2019 07:59:00.000000,,,,0.008041,
07/21/2019 08:00:00.000000,,,,27.768182,
07/21/2019 08:01:00.000000,,,,0.007307,
07/21/2019 08:02:00.000000,,,,0.005034,
07/21/2019 08:03:00.000000,,,,9.872727,
07/21/2019 08:04:00.000000,,,,0.020301,
07/21/2019 08:05:00.000000,,,,0.025896,
07/21/2019 08:06:00.000000,,,,0.026354,
07/21/2019 08:07:00.000000,,,,14.795238,
07/21/2019 08:08:00.000000,,,,0.017142,
07/21/2019 08:09:00.000000,,,,8.731818,
07/21/2019 08:10:00.000000,,,,0.010477,
07/21/2019 08:11:00.000000,,,,10.859091,
07/21/2019 08:12:00.000000,,,,7.466667,
07/21/2019 08:13:00.000000,,,,10.24,
07/21/2019 08:14:00.000000,,,,0.011638,
07/21/2019 08:15:00.000000,,,,8.090909,
07/21/2019 08:16:00.000000,,,,6.941026,
07/21/2019 08:17:00.000000,,,,3.609091,
07/21/2019 08:18:00.000000,,,,0.021748,
07/21/2019 08:19:00.000000,,,,0.010428,
07/21/2019 08:20:00.000000,,,,0.007908,
07/21/2019 08:21:00.000000,,,,8.485714,
07/21/2019 08:22:00.000000,,,,9.581579,
07/21/2019 08:23:00.000000,,,,0.008387,
07/21/2019 08:24:00.000000,,,,18.218182,
07/21/2019 08:25:00.000000,,,,19.15,
07/21/2019 08:26:00.000000,,,,13.4875,
07/21/2019 08:27:00.000000,,,,0.005842,
07/21/2019 08:28:00.000000,,,,0.003908,
07/21/2019 08:29:00.000000,,,,14.828571,
07/21/2019 08:30:00.000000,,,,18.4125,
07/21/2019 08:31:00.000000,,,,6.946512,
07/21/2019 08:32:00.000000,,,,10.906977,
07/21/2019 08:33:00.000000,,,,0.013394,
07/21/2019 08:34:00.000000,,,,10.625641,
07/21/2019 08:35:00.000000,,,,0.014168,
07/21/2019 08:36:00.000000,,,,0.025607,
07/21/2019 08:37:00.000000,,,,0.015531,
07/21/2019 08:38:00.000000,,,,6.864103,
07/21/2019 08:39:00.000000,,,,5.957143,
07/21/2019 08:40:00.000000,,,,4.670732,
07/21/2019 08:41:00.000000,,,,0.009771,
07/21/2019 08:42:00.000000,,,,0.015511,
07/21/2019 08:43:00.000000,,,,0.025343,
07/21/2019 08:44:00.000000,,,,0.005842,
07/21/2019 08:45:00.000000,,,,0.004244,
07/21/2019 08:46:00.000000,,,,7.984615,
07/21/2019 08:47:00.000000,,,,9.482927,
07/21/2019 08:48:00.000000,,,,12.32,
07/21/2019 08:49:00.000000,,,,6.14,
07/21/2019 08:50:00.000000,,,,0.011633,
07/21/2019 08:51:00.000000,,,,13.045,
07/21/2019 08:52:00.000000,,,,0.024956,
07/21/2019 08:53:00.000000,,,,9.533333,
07/21/2019 08:54:00.000000,,,,3.960976,
07/21/2019 08:55:00.000000,,,,0.01087,
07/21/2019 08:56:00.000000,,,,12.1125,
07/21/2019 08:57:00.000000,,,,0.014483,
07/21/2019 08:58:00.000000,,,,20.35,
07/21/2019 08:59:00.000000,,,,5.953488,
07/21/2019 09:00:00.000000,,,,0.004376,
07/21/2019 09:01:00.000000,,,,0.017585,
07/21/2019 09:02:00.000000,,,,10.667442,
07/21/2019 09:03:00.000000,,,,17.411628,
07/21/2019 09:04:00.000000,,,,9.623256,
07/21/2019 09:05:00.000000,,,,0.008101,
07/21/2019 09:06:00.000000,,,,0.020115,
07/21/2019 09:07:00.000000,,,,0.015856,
07/21/2019 09:08:00.000000,,,,4.542857,
07/21/2019 09:09:00.000000,,,,0.004015,
07/21/2019 09:10:00.000000,,,,18.27619,
07/21/2019 09:11:00.000000,,,,0.01481,
07/21/2019 09:12:00.000000,,,,0.0167,
07/21/2019 09:13:00.000000,,,,0.005662,
07/21/2019 09:14:00.000000,,,,11.857143,
07/21/2019 09:15:00.000000,,,,0.009616,
07/21/2019 09:16:00.000000,,,,0.008802,
07/21/2019 09:17:00.000000,,,,18.702439,
07/21/2019 09:18:00.000000,,,,8.985714,
07/21/2019 09:19:00.000000,,,,0.004635,
07/21/2019 09:20:00.000000,,,,3.5,
07/21/2019 09:21:00.000000,,,,0.012319,
07/21/2019 09:22:00.000000,,,,11.575,
07/21/2019 09:23:00.000000,,,,0.012482,
07/21/2019 09:24:00.000000,,,,8.315,
07/21/2019 09:25:00.000000,,,,0.007522,
07/21/2019 09:26:00.000000,,,,12.390909,
07/21/2019 09:27:00.000000,,,,5.802439,
07/21/2019 09:28:00.000000,,,,4.669565,
07/21/2019 09:29:00.000000,,,,9.907317,
07/21/2019 09:30:00.000000,,,,10.886046,
07/21/2019 09:31:00.000000,,,,0.01947,
07/21/2019 09:32:00.000000,,,,0.012193,
07/21/2019 09:33:00.000000,,,,0.010809,
07/21/2019 09:34:00.000000,,,,8.888372,
07/21/2019 09:35:00.000000,,,,9.6875,
07/21/2019 09:36:00.000000,,,,0.005923,
07/21/2019 09:37:00.000000,,,,0.011867,
07/21/2019 09:38:00.000000,,,,0.025668,
07/21/2019 09:39:00.000000,,,,10.576923,
07/21/2019 09:40:00.000000,,,,0.005618,
07/21/2019 09:41:00.000000,,,,7.07,
07/21/2019 09:42:00.000000,,,,7.2,
07/21/2019 09:43:00.000000,,,,9.043902,
07/21/2019 09:44:00.000000,,,,7.120513,
07/21/2019 09:45:00.000000,,,,10.487805,
07/21/2019 09:46:00.000000,,,,0.013642,
07/21/2019 09:47:00.000000,,,,9.657143,
07/21/2019 09:48:00.000000,,,,4.7625,
07/21/2019 09:49:00.000000,,,,7.260976,
07/21/2019 09:50:00.000000,,,,0.006373,
07/21/2019 09:51:00.000000,,,,7.690909,
07/21/2019 09:52:00.000000,,,,0.006312,
07/21/2019 09:53:00.000000,,,,0.006536,
07/21/2019 09:54:00.000000,,,,0.009046,
07/21/2019 09:55:00.000000,,,,0.006027,
07/21/2019 09:56:00.000000,,,,8.78,
07/21/2019 09:57:00.000000,,,,0.009016,
07/21/2019 09:58:00.000000,,,,0.00621,
07/21/2019 09:59:00.000000,,,,7.269231,
07/21/2019 10:00:00.000000,,,,0.010957,
07/21/2019 10:01:00.000000,,,,14.631707,
07/21/2019 10:02:00.000000,,,,0.013193,
07/21/2019 10:03:00.000000,,,,6.2875,
07/21/2019 10:04:00.000000,,,,8.7,
07/21/2019 10:05:00.000000,,,,0.017483,
07/21/2019 10:06:00.000000,,,,0.020065,
07/21/2019 10:07:00.000000,,,,12.453846,
07/21/2019 10:08:00.000000,,,,9.15,
07/21/2019 10:09:00.000000,,,,0.013502,
07/21/2019 10:10:00.000000,,,,8.535135,
07/21/2019 10:11:00.000000,,,,0.009562,
07/21/2019 10:12:00.000000,,,,8.82439,
07/21/2019 10:13:00.000000,,,,16.711364,
07/21/2019 10:14:00.000000,,,,13.727273,
07/21/2019 10:15:00.000000,,,,0.011603,
07/21/2019 10:16:00.000000,,,,13.705,
07/21/2019 10:17:00.000000,,,,7.002564,
07/21/2019 10:18:00.000000,,,,14.557143,
07/21/2019 10:19:00.000000,,,,0.012283,
07/21/2019 10:20:00.000000,,,,0.012161,
07/21/2019 10:21:00.000000,,,,9.139535,
07/21/2019 10:22:00.000000,,,,8.914286,
07/21/2019 10:23:00.000000,,,,0.018759,
07/21/2019 10:24:00.000000,,,,6.715385,
07/21/2019 10:25:00.000000,,,,8.85122,
07/21/2019 10:26:00.000000,,,,0.026271,
07/21/2019 10:27:00.000000,,,,0.02284,
07/21/2019 10:28:00.000000,,,,16.348276,
07/21/2019 10:30:00.000000,,,,0.013196,
07/21/2019 10:31:00.000000,,,,6.0625,
07/21/2019 10:32:00.000000,,,,11.6125,
07/21/2019 10:33:00.000000,,,,0.009014,
07/21/2019 10:34:00.000000,,,,0.010496,
07/21/2019 10:35:00.000000,,,,27.457143,
07/21/2019 10:36:00.000000,,,,0.024972,
07/21/2019 10:37:00.000000,,,,7.65814,
07/21/2019 10:38:00.000000,,,,0.01681,
07/21/2019 10:39:00.000000,,,,0.012246,
07/21/2019 10:40:00.000000,,,,12.428571,
07/21/2019 10:41:00.000000,,,,6.571429,
07/21/2019 10:42:00.000000,,,,6.005263,
07/21/2019 10:43:00.000000,,,,0.009752,
07/21/2019 10:44:00.000000,,,,25.217073,
07/21/2019 10:45:00.000000,,,,0.019485,
07/21/2019 10:46:00.000000,,,,0.012794,
07/21/2019 10:47:00.000000,,,,9.72439,
07/21/2019 10:48:00.000000,,,,7.533333,
07/21/2019 10:50:00.000000,,,,0.013051,
07/21/2019 10:51:00.000000,,,,0.011471,
07/21/2019 10:52:00.000000,,,,0.011714,
07/21/2019 10:53:00.000000,,,,0.012004,
07/21/2019 10:54:00.000000,,,,11.704878,
07/21/2019 10:55:00.000000,,,,7.957143,
07/21/2019 10:56:00.000000,,,,8.75,
07/21/2019 10:57:00.000000,,,,5.91,
07/21/2019 10:58:00.000000,,,,0.006346,
07/21/2019 10:59:00.000000,,,,9.283333,
07/21/2019 11:00:00.000000,,,,0.007603,
07/21/2019 11:01:00.000000,,,,8.797561,
07/21/2019 11:02:00.000000,,,,0.013929,
07/21/2019 11:03:00.000000,,,,12.068182,
07/21/2019 11:04:00.000000,,,,11.581818,
07/21/2019 11:05:00.000000,,,,14.39,
07/21/2019 11:06:00.000000,,,,15.576923,
07/21/2019 11:07:00.000000,,,,0.014233,
07/21/2019 11:08:00.000000,,,,10.4625,
07/21/2019 11:09:00.000000,,,,0.012348,
07/21/2019 11:10:00.000000,,,,12.6375,
07/21/2019 11:11:00.000000,,,,11.779487,
07/21/2019 11:12:00.000000,,,,12.039024,
07/21/2019 11:13:00.000000,,,,10.875,
07/21/2019 11:14:00.000000,,,,0.014233,
07/21/2019 11:15:00.000000,,,,13.5625,
07/21/2019 11:16:00.000000,,,,0.013848,
07/21/2019 11:17:00.000000,,,,0.012449,
07/21/2019 11:18:00.000000,,,,0.014923,
07/21/2019 11:19:00.000000,,,,12.260976,
07/21/2019 11:20:00.000000,,,,0.009773,
07/21/2019 11:21:00.000000,,,,10.591304,
07/21/2019 11:22:00.000000,,,,13.2125,
07/21/2019 11:23:00.000000,,,,10.597561,
07/21/2019 11:24:00.000000,,,,12.4625,
07/21/2019 11:25:00.000000,,,,0.013138,
07/21/2019 11:26:00.000000,,,,7.425,
07/21/2019 11:27:00.000000,,,,10.073171,
07/21/2019 11:28:00.000000,,,,11.38,
07/21/2019 11:29:00.000000,,,,0.009529,
07/21/2019 11:30:00.000000,,,,0.011881,
07/21/2019 11:31:00.000000,,,,0.01324,
07/21/2019 11:32:00.000000,,,,7.361538,
07/21/2019 11:33:00.000000,,,,0.0118,
07/21/2019 11:34:00.000000,,,,0.012125,
07/21/2019 11:35:00.000000,,,,6.6825,
07/21/2019 11:36:00.000000,,,,0.012064,
07/21/2019 11:37:00.000000,,,,0.012206,
07/21/2019 11:38:00.000000,,,,0.013361,
07/21/2019 11:39:00.000000,,,,0.012611,
07/21/2019 11:40:00.000000,,,,11.135,
07/21/2019 11:41:00.000000,,,,0.009996,
07/21/2019 11:42:00.000000,,,,0.01107,
07/21/2019 11:43:00.000000,,,,0.009712,
07/21/2019 11:44:00.000000,,,,6.846341,
07/21/2019 11:45:00.000000,,,,9.014286,
07/21/2019 11:46:00.000000,,,,0.011638,
07/21/2019 11:47:00.000000,,,,0.011273,
07/21/2019 11:48:00.000000,,,,11.3,
07/21/2019 11:50:00.000000,,,,7.995122,
07/21/2019 11:51:00.000000,,,,0.01182,
07/21/2019 11:52:00.000000,,,,10.597561,
07/21/2019 11:53:00.000000,,,,11.852273,
07/21/2019 11:54:00.000000,,,,9.056818,
07/21/2019 11:55:00.000000,,,,0.013483,
07/21/2019 11:56:00.000000,,,,12.463636,
07/21/2019 11:57:00.000000,,,,0.014618,
07/21/2019 11:58:00.000000,,,,7.5,
07/21/2019 11:59:00.000000,,,,0.010584,
07/21/2019 12:00:00.000000,,,,12.1,
07/21/2019 12:01:00.000000,,,,11.309302,
07/21/2019 12:02:00.000000,,,,0.010853,
07/21/2019 12:03:00.000000,,,,8.67,
07/21/2019 12:04:00.000000,,,,0.010873,
07/21/2019 12:05:00.000000,,,,0.007492,
07/21/2019 12:06:00.000000,,,,0.012271,
07/21/2019 12:07:00.000000,,,,11.165,
07/21/2019 12:08:00.000000,,,,0.014518,
07/21/2019 12:09:00.000000,,,,10.607317,
07/21/2019 12:10:00.000000,,,,0.012412,
07/21/2019 12:11:00.000000,,,,11.053659,
07/21/2019 12:12:00.000000,,,,0.013607,
07/21/2019 12:13:00.000000,,,,8.954545,
07/21/2019 12:14:00.000000,,,,0.011562,
07/21/2019 12:15:00.000000,,,,9.531579,
07/21/2019 12:16:00.000000,,,,0.007188,
07/21/2019 12:17:00.000000,,,,9.088372,
07/21/2019 12:18:00.000000,,,,9.77,
07/21/2019 12:19:00.000000,,,,0.011096,
07/21/2019 12:20:00.000000,,,,0.011845,
07/21/2019 12:21:00.000000,,,,0.007573,
07/21/2019 12:22:00.000000,,,,13.353659,
07/21/2019 12:23:00.000000,,,,13.382927,
07/21/2019 12:24:00.000000,,,,11.657143,
07/21/2019 12:25:00.000000,,,,7.1125,
07/21/2019 12:26:00.000000,,,,8.784615,
07/21/2019 12:27:00.000000,,,,0.007613,
07/21/2019 12:28:00.000000,,,,10.852941,
07/21/2019 12:29:00.000000,,,,0.011643,
07/21/2019 12:30:00.000000,,,,0.009517,
07/21/2019 12:31:00.000000,,,,0.009861,
07/21/2019 12:32:00.000000,,,,13.953846,
07/21/2019 12:33:00.000000,,,,0.007988,
07/21/2019 12:34:00.000000,,,,8.467442,
07/21/2019 12:35:00.000000,,,,19.207143,
07/21/2019 12:36:00.000000,,,,0.009783,
07/21/2019 12:37:00.000000,,,,0.010178,
07/21/2019 12:38:00.000000,,,,0.02138,
07/21/2019 12:39:00.000000,,,,0.036769,
07/21/2019 12:40:00.000000,,,,14.545455,
07/21/2019 12:41:00.000000,,,,0.017031,
07/21/2019 12:42:00.000000,,,,9.5375,
07/21/2019 12:43:00.000000,,,,0.01107,
07/21/2019 12:44:00.000000,,,,0.010108,
07/21/2019 12:45:00.000000,,,,13.092683,
07/21/2019 12:46:00.000000,,,,0.013684,
07/21/2019 12:47:00.000000,,,,11.857143,
07/21/2019 12:48:00.000000,,,,0.014282,
07/21/2019 12:49:00.000000,,,,0.015531,
07/21/2019 12:50:00.000000,,,,0.011298,
07/21/2019 12:51:00.000000,,,,0.016891,
07/21/2019 12:52:00.000000,,,,7.774419,
07/21/2019 12:53:00.000000,,,,0.015419,
07/21/2019 12:54:00.000000,,,,10.106977,
07/21/2019 12:55:00.000000,,,,7.405,
07/21/2019 12:56:00.000000,,,,6.469767,
07/21/2019 12:57:00.000000,,,,0.011943,
07/21/2019 12:58:00.000000,,,,9.660976,
07/21/2019 12:59:00.000000,,,,0.0115,
07/21/2019 13:00:00.000000,,,,20.093023,
07/21/2019 13:01:00.000000,,,,12.206977,
07/21/2019 13:02:00.000000,,,,0.007806,
07/21/2019 13:03:00.000000,,,,12.171429,
07/21/2019 13:04:00.000000,,,,7.675,
07/21/2019 13:05:00.000000,,,,10.0,
07/21/2019 13:06:00.000000,,,,0.014239,
07/21/2019 13:07:00.000000,,,,8.05,
07/21/2019 13:08:00.000000,,,,0.010819,
07/21/2019 13:09:00.000000,,,,0.012671,
07/21/2019 13:10:00.000000,,,,0.008234,
07/21/2019 13:11:00.000000,,,,0.01028,
07/21/2019 13:12:00.000000,,,,0.015765,
07/21/2019 13:13:00.000000,,,,0.009526,
07/21/2019 13:14:00.000000,,,,0.023918,
07/21/2019 13:15:00.000000,,,,0.011847,
07/21/2019 13:16:00.000000,,,,9.453488,
07/21/2019 13:17:00.000000,,,,0.010045,
07/21/2019 13:18:00.000000,,,,10.660976,
07/21/2019 13:19:00.000000,,,,0.014005,
07/21/2019 13:20:00.000000,,,,11.243902,
07/21/2019 13:21:00.000000,,,,8.733333,
07/21/2019 13:22:00.000000,,,,0.013506,
07/21/2019 13:23:00.000000,,,,7.448837,
07/21/2019 13:24:00.000000,,,,0.01143,
07/21/2019 13:25:00.000000,,,,0.010717,
07/21/2019 13:26:00.000000,,,,10.55,
07/21/2019 13:27:00.000000,,,,0.007593,
07/21/2019 13:28:00.000000,,,,0.00745,
07/21/2019 13:29:00.000000,,,,0.009476,
07/21/2019 13:30:00.000000,,,,0.008753,
07/21/2019 13:31:00.000000,,,,0.009018,
07/21/2019 13:32:00.000000,,,,0.016224,
07/21/2019 13:33:00.000000,,,,0.014522,
07/21/2019 13:34:00.000000,,,,7.15,
07/21/2019 13:35:00.000000,,,,6.672093,
07/21/2019 13:36:00.000000,,,,0.013126,
07/21/2019 13:37:00.000000,,,,0.021,
07/21/2019 13:38:00.000000,,,,12.975,
07/21/2019 13:39:00.000000,,,,7.119512,
07/21/2019 13:40:00.000000,,,,6.058537,
07/21/2019 13:41:00.000000,,,,12.015385,
07/21/2019 13:42:00.000000,,,,0.01031,
07/21/2019 13:43:00.000000,,,,0.007112,
07/21/2019 13:44:00.000000,,,,7.004878,
07/21/2019 13:45:00.000000,,,,0.007929,
07/21/2019 13:46:00.000000,,,,0.011908,
07/21/2019 13:47:00.000000,,,,0.015541,
07/21/2019 13:48:00.000000,,,,9.557143,
07/21/2019 13:49:00.000000,,,,6.804444,
07/21/2019 13:50:00.000000,,,,0.011925,
07/21/2019 13:51:00.000000,,,,8.238095,
07/21/2019 13:52:00.000000,,,,8.777273,
07/21/2019 13:53:00.000000,,,,5.464286,
07/21/2019 13:54:00.000000,,,,8.097674,
07/21/2019 13:55:00.000000,,,,6.87907,
07/21/2019 13:56:00.000000,,,,9.342857,
07/21/2019 13:57:00.000000,,,,0.014134,
07/21/2019 13:58:00.000000,,,,10.214286,
07/21/2019 13:59:00.000000,,,,0.008842,
07/21/2019 14:00:00.000000,,,,0.010737,
07/21/2019 14:01:00.000000,,,,0.007282,
07/21/2019 14:02:00.000000,,,,13.997297,
07/21/2019 14:03:00.000000,,,,0.013429,
07/21/2019 14:04:00.000000,,,,5.785714,
07/21/2019 14:05:00.000000,,,,0.011259,
07/21/2019 14:06:00.000000,,,,0.01421,
07/21/2019 14:07:00.000000,,,,8.812195,
07/21/2019 14:08:00.000000,,,,7.056098,
07/21/2019 14:10:00.000000,,,,0.013954,
07/21/2019 14:11:00.000000,,,,0.015777,
07/21/2019 14:12:00.000000,,,,9.831707,
07/21/2019 14:13:00.000000,,,,15.028571,
07/21/2019 14:14:00.000000,,,,0.009192,
07/21/2019 14:15:00.000000,,,,6.857143,
07/21/2019 14:16:00.000000,,,,0.011752,
07/21/2019 14:17:00.000000,,,,5.566667,
07/21/2019 14:18:00.000000,,,,19.726087,
07/21/2019 14:19:00.000000,,,,0.025271,
07/21/2019 14:20:00.000000,,,,0.012262,
07/21/2019 14:21:00.000000,,,,0.01015,
07/21/2019 14:22:00.000000,,,,0.014468,
07/21/2019 14:23:00.000000,,,,11.713953,
07/21/2019 14:24:00.000000,,,,8.289474,
07/21/2019 14:25:00.000000,,,,5.894872,
07/21/2019 14:26:00.000000,,,,10.246512,
07/21/2019 14:27:00.000000,,,,0.014464,
07/21/2019 14:28:00.000000,,,,8.13,
07/21/2019 14:29:00.000000,,,,11.215555,
07/21/2019 14:30:00.000000,,,,0.012895,
07/21/2019 14:31:00.000000,,,,7.495455,
07/21/2019 14:32:00.000000,,,,0.009919,
07/21/2019 14:33:00.000000,,,,12.52,
07/21/2019 14:34:00.000000,,,,5.916279,
07/21/2019 14:35:00.000000,,,,0.011474,
07/21/2019 14:36:00.000000,,,,7.940909,
07/21/2019 14:37:00.000000,,,,0.011705,
07/21/2019 14:38:00.000000,,,,0.007344,
07/21/2019 14:39:00.000000,,,,6.069048,
07/21/2019 14:40:00.000000,,,,8.665,
07/21/2019 14:41:00.000000,,,,0.014115,
07/21/2019 14:42:00.000000,,,,0.014918,
07/21/2019 14:43:00.000000,,,,0.014913,
07/21/2019 14:44:00.000000,,,,11.305,
07/21/2019 14:45:00.000000,,,,10.470588,
07/21/2019 14:46:00.000000,,,,17.780488,
07/21/2019 14:47:00.000000,,,,0.009366,
07/21/2019 14:48:00.000000,,,,0.006119,
07/21/2019 14:50:00.000000,,,,5.904878,
07/21/2019 14:51:00.000000,,,,7.513514,
07/21/2019 14:52:00.000000,,,,0.006694,
07/21/2019 14:53:00.000000,,,,7.507692,
07/21/2019 14:54:00.000000,,,,0.007028,
07/21/2019 14:55:00.000000,,,,0.00707,
07/21/2019 14:56:00.000000,,,,4.594444,
07/21/2019 14:57:00.000000,,,,11.4875,
07/21/2019 14:58:00.000000,,,,11.82,
07/21/2019 14:59:00.000000,,,,0.010828,
07/21/2019 15:00:00.000000,,,,5.047368,
07/21/2019 15:01:00.000000,,,,6.180488,
07/21/2019 15:02:00.000000,,,,5.097368,
07/21/2019 15:03:00.000000,,,,0.011933,
07/21/2019 15:04:00.000000,,,,0.00669,
07/21/2019 15:05:00.000000,,,,0.007088,
07/21/2019 15:06:00.000000,,,,0.010876,
07/21/2019 15:07:00.000000,,,,7.574419,
07/21/2019 15:08:00.000000,,,,0.00609,
07/21/2019 15:10:00.000000,,,,4.928571,
07/21/2019 15:11:00.000000,,,,4.713514,
07/21/2019 15:12:00.000000,,,,0.011091,
07/21/2019 15:13:00.000000,,,,7.828571,
07/21/2019 15:14:00.000000,,,,0.011048,
07/21/2019 15:15:00.000000,,,,0.010609,
07/21/2019 15:16:00.000000,,,,0.012284,
07/21/2019 15:17:00.000000,,,,5.511628,
07/21/2019 15:18:00.000000,,,,0.01018,
07/21/2019 15:19:00.000000,,,,0.011132,
07/21/2019 15:20:00.000000,,,,7.727907,
07/21/2019 15:21:00.000000,,,,16.653846,
07/21/2019 15:22:00.000000,,,,9.428571,
07/21/2019 15:23:00.000000,,,,0.006145,
07/21/2019 15:24:00.000000,,,,12.267647,
07/21/2019 15:25:00.000000,,,,0.010898,
07/21/2019 15:26:00.000000,,,,10.045455,
07/21/2019 15:27:00.000000,,,,10.27,
07/21/2019 15:28:00.000000,,,,5.063636,
07/21/2019 15:30:00.000000,,,,11.590909,
07/21/2019 15:31:00.000000,,,,0.007506,
07/21/2019 15:32:00.000000,,,,0.010397,
07/21/2019 15:33:00.000000,,,,7.983721,
07/21/2019 15:34:00.000000,,,,0.020747,
07/21/2019 15:35:00.000000,,,,6.577273,
07/21/2019 15:36:00.000000,,,,0.021936,
07/21/2019 15:37:00.000000,,,,0.015378,
07/21/2019 15:38:00.000000,,,,8.171429,
07/21/2019 15:39:00.000000,,,,8.025,
07/21/2019 15:40:00.000000,,,,0.006758,
07/21/2019 15:41:00.000000,,,,7.038095,
07/21/2019 15:42:00.000000,,,,6.787805,
07/21/2019 15:43:00.000000,,,,7.047826,
07/21/2019 15:44:00.000000,,,,5.238462,
07/21/2019 15:45:00.000000,,,,7.223256,
07/21/2019 15:46:00.000000,,,,9.185714,
07/21/2019 15:47:00.000000,,,,30.2,
07/21/2019 15:48:00.000000,,,,12.32,
07/21/2019 15:50:00.000000,,,,6.714286,
07/21/2019 15:51:00.000000,,,,0.007263,
07/21/2019 15:52:00.000000,,,,5.831707,
07/21/2019 15:53:00.000000,,,,9.81,
07/21/2019 15:54:00.000000,,,,14.442857,
07/21/2019 15:55:00.000000,,,,0.010758,
07/21/2019 15:56:00.000000,,,,6.5875,
07/21/2019 15:57:00.000000,,,,0.012645,
07/21/2019 15:58:00.000000,,,,0.021015,
07/21/2019 15:59:00.000000,,,,7.942857,
07/21/2019 16:00:00.000000,,,,6.211628,
07/21/2019 16:01:00.000000,,,,0.012494,
07/21/2019 16:02:00.000000,,,,0.025137,
07/21/2019 16:03:00.000000,,,,0.014394,
07/21/2019 16:04:00.000000,,,,6.92,
07/21/2019 16:05:00.000000,,,,19.530769,
07/21/2019 16:06:00.000000,,,,0.018258,
07/21/2019 16:07:00.000000,,,,8.471429,
07/21/2019 16:08:00.000000,,,,6.758537,
07/21/2019 16:10:00.000000,,,,0.009742,
07/21/2019 16:11:00.000000,,,,11.068293,
07/21/2019 16:12:00.000000,,,,9.218605,
07/21/2019 16:13:00.000000,,,,0.01866,
07/21/2019 16:14:00.000000,,,,0.013123,
07/21/2019 16:15:00.000000,,,,12.081395,
07/21/2019 16:16:00.000000,,,,24.516279,
07/21/2019 16:17:00.000000,,,,8.839024,
07/21/2019 16:18:00.000000,,,,12.973171,
07/21/2019 16:19:00.000000,,,,0.012067,
07/21/2019 16:20:00.000000,,,,14.07907,
07/21/2019 16:21:00.000000,,,,21.005,
07/21/2019 16:22:00.000000,,,,0.017033,
07/21/2019 16:23:00.000000,,,,10.392308,
07/21/2019 16:24:00.000000,,,,10.10303,
07/21/2019 16:25:00.000000,,,,0.007946,
07/21/2019 16:26:00.000000,,,,8.134146,
07/21/2019 16:27:00.000000,,,,0.022111,
07/21/2019 16:28:00.000000,,,,0.027136,
07/21/2019 16:29:00.000000,,,,0.015467,
07/21/2019 16:30:00.000000,,,,0.010939,
07/21/2019 16:31:00.000000,,,,10.459091,
07/21/2019 16:32:00.000000,,,,0.008318,
07/21/2019 16:33:00.000000,,,,0.011045,
07/21/2019 16:34:00.000000,,,,16.505405,
07/21/2019 16:35:00.000000,,,,16.969231,
07/21/2019 16:36:00.000000,,,,0.012442,
07/21/2019 16:37:00.000000,,,,0.008019,
07/21/2019 16:38:00.000000,,,,9.011364,
07/21/2019 16:39:00.000000,,,,0.02118,
07/21/2019 16:40:00.000000,,,,0.017689,
07/21/2019 16:41:00.000000,,,,0.028586,
07/21/2019 16:42:00.000000,,,,0.01479,
07/21/2019 16:43:00.000000,,,,18.306977,
07/21/2019 16:44:00.000000,,,,8.3375,
07/21/2019 16:45:00.000000,,,,7.471429,
07/21/2019 16:46:00.000000,,,,12.057143,
07/21/2019 16:47:00.000000,,,,0.01752,
07/21/2019 16:48:00.000000,,,,0.014811,
07/21/2019 16:50:00.000000,,,,16.1,
07/21/2019 16:51:00.000000,,,,0.030109,
07/21/2019 16:52:00.000000,,,,0.012154,
07/21/2019 16:53:00.000000,,,,11.238462,
07/21/2019 16:54:00.000000,,,,0.015679,
07/21/2019 16:55:00.000000,,,,0.01023,
07/21/2019 16:56:00.000000,,,,0.017286,
07/21/2019 16:57:00.000000,,,,20.434146,
07/21/2019 16:58:00.000000,,,,19.38,
07/21/2019 16:59:00.000000,,,,0.019735,
07/21/2019 17:00:00.000000,,,,0.010381,
07/21/2019 17:01:00.000000,,,,8.653659,
07/21/2019 17:02:00.000000,,,,6.413953,
07/21/2019 17:03:00.000000,,,,0.00857,
07/21/2019 17:04:00.000000,,,,13.284211,
07/21/2019 17:05:00.000000,,,,8.125,
07/21/2019 17:06:00.000000,,,,9.195122,
07/21/2019 17:07:00.000000,,,,0.008241,
07/21/2019 17:08:00.000000,,,,0.018858,
07/21/2019 17:09:00.000000,,,,0.012388,
07/21/2019 17:10:00.000000,,,,10.594872,
07/21/2019 17:11:00.000000,,,,8.938462,
07/21/2019 17:12:00.000000,,,,10.7875,
07/21/2019 17:13:00.000000,,,,0.013294,
07/21/2019 17:14:00.000000,,,,0.01054,
07/21/2019 17:15:00.000000,,,,0.020434,
07/21/2019 17:16:00.000000,,,,8.423077,
07/21/2019 17:17:00.000000,,,,0.02054,
07/21/2019 17:18:00.000000,,,,11.268571,
07/21/2019 17:19:00.000000,,,,0.010628,
07/21/2019 17:20:00.000000,,,,7.481395,
07/21/2019 17:21:00.000000,,,,21.05,
07/21/2019 17:22:00.000000,,,,0.014223,
07/21/2019 17:23:00.000000,,,,0.012582,
07/21/2019 17:24:00.000000,,,,0.020199,
07/21/2019 17:25:00.000000,,,,0.012956,
07/21/2019 17:26:00.000000,,,,0.01422,
07/21/2019 17:27:00.000000,,,,0.021059,
07/21/2019 17:28:00.000000,,,,0.009291,
07/21/2019 17:29:00.000000,,,,8.960976,
07/21/2019 17:30:00.000000,,,,24.275676,
07/21/2019 17:31:00.000000,,,,0.013558,
07/21/2019 17:32:00.000000,,,,10.85641,
07/21/2019 17:33:00.000000,,,,11.1,
07/21/2019 17:34:00.000000,,,,0.014379,
07/21/2019 17:35:00.000000,,,,17.787805,
07/21/2019 17:36:00.000000,,,,0.010171,
07/21/2019 17:37:00.000000,,,,10.926829,
07/21/2019 17:38:00.000000,,,,10.831707,
07/21/2019 17:39:00.000000,,,,11.042857,
07/21/2019 17:40:00.000000,,,,0.030032,
07/21/2019 17:41:00.000000,,,,0.032294,
07/21/2019 17:42:00.000000,,,,0.011108,
07/21/2019 17:43:00.000000,,,,0.019923,
07/21/2019 17:44:00.000000,,,,17.625,
07/21/2019 17:45:00.000000,,,,25.111905,
07/21/2019 17:46:00.000000,,,,26.1,
07/21/2019 17:47:00.000000,,,,0.014804,
07/21/2019 17:48:00.000000,,,,9.597561,
07/21/2019 17:49:00.000000,,,,0.015027,
07/21/2019 17:50:00.000000,,,,0.028609,
07/21/2019 17:51:00.000000,,,,9.015385,
07/21/2019 17:52:00.000000,,,,13.558537,
07/21/2019 17:53:00.000000,,,,9.760465,
07/21/2019 17:54:00.000000,,,,11.190244,
07/21/2019 17:55:00.000000,,,,0.01176,
07/21/2019 17:56:00.000000,,,,15.171429,
07/21/2019 17:57:00.000000,,,,11.163415,
07/21/2019 17:58:00.000000,,,,0.013259,
07/21/2019 17:59:00.000000,,,,0.017013,
07/21/2019 18:00:00.000000,,,,34.595,
07/21/2019 18:01:00.000000,,,,0.016354,
07/21/2019 18:02:00.000000,,,,7.274359,
07/21/2019 18:03:00.000000,,,,0.014174,
07/21/2019 18:04:00.000000,,,,11.325,
07/21/2019 18:05:00.000000,,,,17.486047,
07/21/2019 18:06:00.000000,,,,0.01797,
07/21/2019 18:07:00.000000,,,,16.640541,
07/21/2019 18:08:00.000000,,,,0.016808,
07/21/2019 18:09:00.000000,,,,19.8,
07/21/2019 18:10:00.000000,,,,8.59375,
07/21/2019 18:11:00.000000,,,,0.00856,
07/21/2019 18:12:00.000000,,,,11.404878,
07/21/2019 18:13:00.000000,,,,0.017588,
07/21/2019 18:14:00.000000,,,,0.014288,
07/21/2019 18:15:00.000000,,,,12.866667,
07/21/2019 18:16:00.000000,,,,0.024104,
07/21/2019 18:17:00.000000,,,,34.9625,
07/21/2019 18:18:00.000000,,,,12.490698,
07/21/2019 18:19:00.000000,,,,6.509756,
07/21/2019 18:20:00.000000,,,,0.011413,
07/21/2019 18:21:00.000000,,,,10.074359,
07/21/2019 18:22:00.000000,,,,8.795122,
07/21/2019 18:23:00.000000,,,,6.095455,
07/21/2019 18:24:00.000000,,,,9.86,
07/21/2019 18:25:00.000000,,,,12.728571,
07/21/2019 18:26:00.000000,,,,15.234146,
07/21/2019 18:27:00.000000,,,,11.187879,
07/21/2019 18:28:00.000000,,,,0.015948,
07/21/2019 18:29:00.000000,,,,11.083784,
07/21/2019 18:30:00.000000,,,,10.097561,
07/21/2019 18:31:00.000000,,,,12.581395,
07/21/2019 18:32:00.000000,,,,8.522222,
07/21/2019 18:33:00.000000,,,,17.020588,
07/21/2019 18:34:00.000000,,,,0.010691,
07/21/2019 18:35:00.000000,,,,9.472727,
07/21/2019 18:36:00.000000,,,,0.007677,
07/21/2019 18:37:00.000000,,,,0.011867,
07/21/2019 18:38:00.000000,,,,0.012581,
07/21/2019 18:39:00.000000,,,,10.47027,
07/21/2019 18:40:00.000000,,,,8.933333,
07/21/2019 18:41:00.000000,,,,0.012052,
07/21/2019 18:42:00.000000,,,,0.012917,
07/21/2019 18:43:00.000000,,,,10.114286,
07/21/2019 18:44:00.000000,,,,0.021874,
07/21/2019 18:45:00.000000,,,,0.032832,
07/21/2019 18:46:00.000000,,,,10.274359,
07/21/2019 18:47:00.000000,,,,17.55,
07/21/2019 18:48:00.000000,,,,0.036313,
07/21/2019 18:49:00.000000,,,,0.02802,
07/21/2019 18:50:00.000000,,,,12.923077,
07/21/2019 18:51:00.000000,,,,5.9125,
07/21/2019 18:52:00.000000,,,,0.015818,
07/21/2019 18:53:00.000000,,,,8.817778,
07/21/2019 18:54:00.000000,,,,14.351163,
07/21/2019 18:55:00.000000,,,,9.004651,
07/21/2019 18:56:00.000000,,,,9.02,
07/21/2019 18:57:00.000000,,,,0.016714,
07/21/2019 18:58:00.000000,,,,10.55,
07/21/2019 18:59:00.000000,,,,5.683721,
07/21/2019 19:00:00.000000,,,,5.265116,
07/21/2019 19:01:00.000000,,,,10.955814,
07/21/2019 19:02:00.000000,,,,0.015665,
07/21/2019 19:03:00.000000,,,,7.290909,
07/21/2019 19:04:00.000000,,,,14.557143,
07/21/2019 19:05:00.000000,,,,10.242857,
07/21/2019 19:06:00.000000,,,,15.327273,
07/21/2019 19:07:00.000000,,,,0.012198,
07/21/2019 19:08:00.000000,,,,0.016842,
07/21/2019 19:09:00.000000,,,,0.025338,
07/21/2019 19:10:00.000000,,,,0.014178,
07/21/2019 19:11:00.000000,,,,10.9,
07/21/2019 19:12:00.000000,,,,0.011182,
07/21/2019 19:13:00.000000,,,,15.15,
07/21/2019 19:14:00.000000,,,,0.020945,
07/21/2019 19:15:00.000000,,,,8.547619,
07/21/2019 19:16:00.000000,,,,0.016006,
07/21/2019 19:17:00.000000,,,,16.997561,
07/21/2019 19:18:00.000000,,,,0.01427,
07/21/2019 19:19:00.000000,,,,9.182927,
07/21/2019 19:20:00.000000,,,,18.257143,
07/21/2019 19:21:00.000000,,,,11.657143,
07/21/2019 19:22:00.000000,,,,0.013612,
07/21/2019 19:23:00.000000,,,,0.016004,
07/21/2019 19:24:00.000000,,,,0.014567,
07/21/2019 19:25:00.000000,,,,23.3,
07/21/2019 19:26:00.000000,,,,8.032558,
07/21/2019 19:27:00.000000,,,,0.021417,
07/21/2019 19:28:00.000000,,,,0.019573,
07/21/2019 19:29:00.000000,,,,0.020163,
07/21/2019 19:30:00.000000,,,,0.027062,
07/21/2019 19:31:00.000000,,,,18.673171,
07/21/2019 19:32:00.000000,,,,11.118605,
07/21/2019 19:33:00.000000,,,,22.407317,
07/21/2019 19:34:00.000000,,,,12.625581,
07/21/2019 19:35:00.000000,,,,15.7,
07/21/2019 19:36:00.000000,,,,0.007564,
07/21/2019 19:37:00.000000,,,,13.761538,
07/21/2019 19:38:00.000000,,,,0.015117,
07/21/2019 19:39:00.000000,,,,8.414634,
07/21/2019 19:40:00.000000,,,,8.345455,
07/21/2019 19:41:00.000000,,,,0.016475,
07/21/2019 19:42:00.000000,,,,0.013687,
07/21/2019 19:43:00.000000,,,,0.014331,
07/21/2019 19:44:00.000000,,,,13.658537,
07/21/2019 19:45:00.000000,,,,0.013655,
07/21/2019 19:46:00.000000,,,,0.036106,
07/21/2019 19:47:00.000000,,,,17.45,
07/21/2019 19:48:00.000000,,,,0.028551,
07/21/2019 19:49:00.000000,,,,18.738462,
07/21/2019 19:50:00.000000,,,,0.016424,
07/21/2019 19:51:00.000000,,,,15.053488,
07/21/2019 19:52:00.000000,,,,0.016274,
07/21/2019 19:53:00.000000,,,,0.013702,
07/21/2019 19:54:00.000000,,,,11.274419,
07/21/2019 19:55:00.000000,,,,9.863415,
07/21/2019 19:56:00.000000,,,,0.013418,
07/21/2019 19:57:00.000000,,,,0.021539,
07/21/2019 19:58:00.000000,,,,0.013773,
07/21/2019 19:59:00.000000,,,,0.017131,
07/21/2019 20:00:00.000000,,,,0.023079,
07/21/2019 20:01:00.000000,,,,0.017206,
07/21/2019 20:02:00.000000,,,,13.742105,
07/21/2019 20:03:00.000000,,,,0.016196,
07/21/2019 20:04:00.000000,,,,0.014564,
07/21/2019 20:05:00.000000,,,,0.018153,
07/21/2019 20:06:00.000000,,,,8.155556,
07/21/2019 20:07:00.000000,,,,0.018912,
07/21/2019 20:08:00.000000,,,,0.021416,
07/21/2019 20:10:00.000000,,,,17.180952,
07/21/2019 20:11:00.000000,,,,35.07907,
07/21/2019 20:12:00.000000,,,,13.636957,
07/21/2019 20:13:00.000000,,,,17.316667,
07/21/2019 20:14:00.000000,,,,17.813953,
07/21/2019 20:15:00.000000,,,,9.363158,
07/21/2019 20:16:00.000000,,,,8.793333,
07/21/2019 20:17:00.000000,,,,18.525,
07/21/2019 20:18:00.000000,,,,26.729268,
07/21/2019 20:19:00.000000,,,,0.018429,
07/21/2019 20:20:00.000000,,,,0.008381,
07/21/2019 20:21:00.000000,,,,12.754545,
07/21/2019 20:22:00.000000,,,,13.118421,
07/21/2019 20:23:00.000000,,,,23.5875,
07/21/2019 20:24:00.000000,,,,9.382353,
07/21/2019 20:25:00.000000,,,,8.4,
07/21/2019 20:26:00.000000,,,,0.012591,
07/21/2019 20:27:00.000000,,,,38.142105,
07/21/2019 20:28:00.000000,,,,19.702857,
07/21/2019 20:30:00.000000,,,,14.185714,
07/21/2019 20:31:00.000000,,,,0.026717,
07/21/2019 20:32:00.000000,,,,14.319048,
07/21/2019 20:33:00.000000,,,,12.262791,
07/21/2019 20:34:00.000000,,,,0.021285,
07/21/2019 20:35:00.000000,,,,0.02148,
07/21/2019 20:36:00.000000,,,,0.010419,
07/21/2019 20:37:00.000000,,,,10.1125,
07/21/2019 20:38:00.000000,,,,11.65,
07/21/2019 20:39:00.000000,,,,10.4875,
07/21/2019 20:40:00.000000,,,,11.328571,
07/21/2019 20:41:00.000000,,,,16.609524,
07/21/2019 20:42:00.000000,,,,0.016114,
07/21/2019 20:43:00.000000,,,,19.794872,
07/21/2019 20:44:00.000000,,,,0.012733,
07/21/2019 20:45:00.000000,,,,10.004878,
07/21/2019 20:46:00.000000,,,,0.010368,
07/21/2019 20:47:00.000000,,,,0.011699,
07/21/2019 20:48:00.000000,,,,19.707143,
07/21/2019 20:50:00.000000,,,,9.32619,
07/21/2019 20:51:00.000000,,,,11.65,
07/21/2019 20:52:00.000000,,,,0.02966,
07/21/2019 20:53:00.000000,,,,24.1,
07/21/2019 20:54:00.000000,,,,18.278378,
07/21/2019 20:55:00.000000,,,,0.013978,
07/21/2019 20:56:00.000000,,,,10.180645,
07/21/2019 20:57:00.000000,,,,0.01276,
07/21/2019 20:58:00.000000,,,,0.021459,
07/21/2019 20:59:00.000000,,,,14.14186,
07/21/2019 21:00:00.000000,,,,15.958696,
07/21/2019 21:01:00.000000,,,,19.142857,
07/21/2019 21:02:00.000000,,,,19.773684,
07/21/2019 21:03:00.000000,,,,23.0375,
07/21/2019 21:04:00.000000,,,,0.039691,
07/21/2019 21:05:00.000000,,,,0.015922,
07/21/2019 21:06:00.000000,,,,0.009395,
07/21/2019 21:07:00.000000,,,,8.97,
07/21/2019 21:08:00.000000,,,,4.730556,
07/21/2019 21:09:00.000000,,,,0.012448,
07/21/2019 21:10:00.000000,,,,8.713636,
07/21/2019 21:11:00.000000,,,,8.741463,
07/21/2019 21:12:00.000000,,,,0.010978,
07/21/2019 21:13:00.000000,,,,8.587179,
07/21/2019 21:14:00.000000,,,,0.01254,
07/21/2019 21:15:00.000000,,,,0.012947,
07/21/2019 21:16:00.000000,,,,12.044186,
07/21/2019 21:17:00.000000,,,,0.015258,
07/21/2019 21:18:00.000000,,,,0.007768,
07/21/2019 21:19:00.000000,,,,0.03876,
07/21/2019 21:20:00.000000,,,,0.016423,
07/21/2019 21:21:00.000000,,,,0.020846,
07/21/2019 21:22:00.000000,,,,6.914286,
07/21/2019 21:23:00.000000,,,,0.010628,
07/21/2019 21:24:00.000000,,,,0.018941,
07/21/2019 21:25:00.000000,,,,0.011121,
07/21/2019 21:26:00.000000,,,,9.781395,
07/21/2019 21:27:00.000000,,,,0.015042,
07/21/2019 21:28:00.000000,,,,10.618182,
07/21/2019 21:29:00.000000,,,,12.595122,
07/21/2019 21:30:00.000000,,,,14.825,
07/21/2019 21:31:00.000000,,,,0.011378,
07/21/2019 21:32:00.000000,,,,7.772093,
07/21/2019 21:33:00.000000,,,,0.021787,
07/21/2019 21:34:00.000000,,,,0.017308,
07/21/2019 21:35:00.000000,,,,0.009621,
07/21/2019 21:36:00.000000,,,,0.017443,
07/21/2019 21:37:00.000000,,,,9.514286,
07/21/2019 21:38:00.000000,,,,9.480952,
07/21/2019 21:39:00.000000,,,,12.555555,
07/21/2019 21:40:00.000000,,,,8.746341,
07/21/2019 21:41:00.000000,,,,18.15,
07/21/2019 21:42:00.000000,,,,0.011349,
07/21/2019 21:43:00.000000,,,,0.014256,
07/21/2019 21:44:00.000000,,,,8.142857,
07/21/2019 21:45:00.000000,,,,0.01058,
07/21/2019 21:46:00.000000,,,,0.013871,
07/21/2019 21:47:00.000000,,,,20.519512,
07/21/2019 21:48:00.000000,,,,10.417949,
07/21/2019 21:50:00.000000,,,,0.011146,
07/21/2019 21:51:00.000000,,,,10.725,
07/21/2019 21:52:00.000000,,,,9.655,
07/21/2019 21:53:00.000000,,,,4.44878,
07/21/2019 21:54:00.000000,,,,0.012391,
07/21/2019 21:55:00.000000,,,,0.019517,
07/21/2019 21:56:00.000000,,,,15.4125,
07/21/2019 21:57:00.000000,,,,12.841463,
07/21/2019 21:58:00.000000,,,,14.728571,
07/21/2019 21:59:00.000000,,,,0.014483,
07/21/2019 22:00:00.000000,,,,5.207317,
07/21/2019 22:01:00.000000,,,,24.708333,
07/21/2019 22:02:00.000000,,,,9.989474,
07/21/2019 22:03:00.000000,,,,0.015083,
07/21/2019 22:04:00.000000,,,,13.729268,
07/21/2019 22:05:00.000000,,,,9.512821,
07/21/2019 22:06:00.000000,,,,8.231818,
07/21/2019 22:07:00.000000,,,,9.174359,
07/21/2019 22:08:00.000000,,,,0.011228,
07/21/2019 22:10:00.000000,,,,0.013285,
07/21/2019 22:11:00.000000,,,,11.6275,
07/21/2019 22:12:00.000000,,,,12.911905,
07/21/2019 22:13:00.000000,,,,0.012685,
07/21/2019 22:14:00.000000,,,,0.025141,
07/21/2019 22:15:00.000000,,,,11.55,
07/21/2019 22:16:00.000000,,,,0.010973,
07/21/2019 22:17:00.000000,,,,11.202564,
07/21/2019 22:18:00.000000,,,,9.253488,
07/21/2019 22:19:00.000000,,,,0.010167,
07/21/2019 22:20:00.000000,,,,0.011085,
07/21/2019 22:21:00.000000,,,,0.007126,
07/21/2019 22:22:00.000000,,,,0.01207,
07/21/2019 22:23:00.000000,,,,0.007447,
07/21/2019 22:24:00.000000,,,,0.012177,
07/21/2019 22:25:00.000000,,,,6.433333,
07/21/2019 22:26:00.000000,,,,0.013161,
07/21/2019 22:27:00.000000,,,,0.01192,
07/21/2019 22:28:00.000000,,,,7.070455,
07/21/2019 22:29:00.000000,,,,0.016285,
07/21/2019 22:30:00.000000,,,,6.330233,
07/21/2019 22:31:00.000000,,,,0.011042,
07/21/2019 22:32:00.000000,,,,0.024054,
07/21/2019 22:33:00.000000,,,,13.514286,
07/21/2019 22:34:00.000000,,,,0.019456,
07/21/2019 22:35:00.000000,,,,0.017227,
07/21/2019 22:36:00.000000,,,,11.339024,
07/21/2019 22:37:00.000000,,,,6.633333,
07/21/2019 22:38:00.000000,,,,0.035097,
07/21/2019 22:39:00.000000,,,,15.430233,
07/21/2019 22:40:00.000000,,,,0.01307,
07/21/2019 22:41:00.000000,,,,0.011485,
07/21/2019 22:42:00.000000,,,,8.542857,
07/21/2019 22:43:00.000000,,,,19.245946,
07/21/2019 22:44:00.000000,,,,16.151163,
07/21/2019 22:45:00.000000,,,,9.685366,
07/21/2019 22:46:00.000000,,,,0.012091,
07/21/2019 22:47:00.000000,,,,0.020779,
07/21/2019 22:48:00.000000,,,,9.181081,
07/21/2019 22:49:00.000000,,,,0.020244,
07/21/2019 22:50:00.000000,,,,7.985714,
07/21/2019 22:51:00.000000,,,,0.010743,
07/21/2019 22:52:00.000000,,,,0.03026,
07/21/2019 22:53:00.000000,,,,12.278571,
07/21/2019 22:54:00.000000,,,,0.029083,
07/21/2019 22:55:00.000000,,,,14.636842,
07/21/2019 22:56:00.000000,,,,0.024738,
07/21/2019 22:57:00.000000,,,,13.039024,
07/21/2019 22:58:00.000000,,,,10.762791,
07/21/2019 22:59:00.000000,,,,0.031201,
07/21/2019 23:00:00.000000,,,,0.025121,
07/21/2019 23:01:00.000000,,,,0.015716,
07/21/2019 23:02:00.000000,,,,0.027772,
07/21/2019 23:03:00.000000,,,,17.568293,
07/21/2019 23:04:00.000000,,,,0.021644,
07/21/2019 23:05:00.000000,,,,23.257143,
07/21/2019 23:06:00.000000,,,,0.033429,
07/21/2019 23:07:00.000000,,,,0.041102,
07/21/2019 23:08:00.000000,,,,0.027825,
07/21/2019 23:10:00.000000,,,,11.205,
07/21/2019 23:11:00.000000,,,,19.693023,
07/21/2019 23:12:00.000000,,,,0.025302,
07/21/2019 23:13:00.000000,,,,0.023172,
07/21/2019 23:14:00.000000,,,,0.015271,
07/21/2019 23:15:00.000000,,,,17.653846,
07/21/2019 23:16:00.000000,,,,0.017501,
07/21/2019 23:17:00.000000,,,,0.009494,
07/21/2019 23:18:00.000000,,,,0.027378,
07/21/2019 23:19:00.000000,,,,0.013275,
07/21/2019 23:20:00.000000,,,,0.019455,
07/21/2019 23:21:00.000000,,,,0.024303,
07/21/2019 23:22:00.000000,,,,0.01999,
07/21/2019 23:23:00.000000,,,,8.306977,
07/21/2019 23:24:00.000000,,,,6.535714,
07/21/2019 23:25:00.000000,,,,0.021825,
07/21/2019 23:26:00.000000,,,,0.01729,
07/21/2019 23:27:00.000000,,,,0.026914,
07/21/2019 23:28:00.000000,,,,8.81087,
07/21/2019 23:29:00.000000,,,,6.126316,
07/21/2019 23:30:00.000000,,,,7.774419,
07/21/2019 23:31:00.000000,,,,0.032852,
07/21/2019 23:32:00.000000,,,,0.012301,
07/21/2019 23:33:00.000000,,,,12.7875,
07/21/2019 23:34:00.000000,,,,12.957895,
07/21/2019 23:35:00.000000,,,,7.693023,
07/21/2019 23:36:00.000000,,,,10.930769,
07/21/2019 23:37:00.000000,,,,0.017951,
07/21/2019 23:38:00.000000,,,,19.433333,
07/21/2019 23:39:00.000000,,,,0.182731,
07/21/2019 23:40:00.000000,,,,0.044644,
07/21/2019 23:41:00.000000,,,,0.034303,
07/21/2019 23:42:00.000000,,,,14.35,
07/21/2019 23:43:00.000000,,,,0.026543,
07/21/2019 23:44:00.000000,,,,41.3,
07/21/2019 23:45:00.000000,,,,0.021469,
07/21/2019 23:46:00.000000,,,,0.009104,
07/21/2019 23:47:00.000000,,,,8.7,
07/21/2019 23:48:00.000000,,,,0.008336,
07/21/2019 23:49:00.000000,,,,0.021426,
07/21/2019 23:50:00.000000,,,,11.785714,
07/21/2019 23:51:00.000000,,,,0.023869,
07/21/2019 23:52:00.000000,,,,19.961538,
07/21/2019 23:53:00.000000,,,,0.010617,
07/21/2019 23:54:00.000000,,,,18.514286,
07/21/2019 23:55:00.000000,,,,17.8875,
07/21/2019 23:56:00.000000,,,,0.018695,
07/21/2019 23:57:00.000000,,,,0.015526,
07/21/2019 23:58:00.000000,,,,0.016524,
07/21/2019 23:59:00.000000,,,,0.009061,
07/22/2019 00:00:00.000000,,,,9.585714,
07/22/2019 00:01:00.000000,,,,13.0875,
07/22/2019 00:02:00.000000,,,,0.017279,
07/22/2019 00:03:00.000000,,,,23.939535,
07/22/2019 00:04:00.000000,,,,20.307692,
07/22/2019 00:05:00.000000,,,,0.033749,
07/22/2019 00:06:00.000000,,,,16.623077,
07/22/2019 00:07:00.000000,,,,0.023085,
07/22/2019 00:08:00.000000,,,,0.025116,
07/22/2019 00:09:00.000000,,,,0.017816,
07/22/2019 00:10:00.000000,,,,18.488372,
07/22/2019 00:11:00.000000,,,,0.034438,
07/22/2019 00:12:00.000000,,,,21.154054,
07/22/2019 00:13:00.000000,,,,0.014793,
07/22/2019 00:14:00.000000,,,,7.111905,
07/22/2019 00:15:00.000000,,,,9.693023,
07/22/2019 00:16:00.000000,,,,17.92,
07/22/2019 00:17:00.000000,,,,0.013645,
07/22/2019 00:18:00.000000,,,,0.029031,
07/22/2019 00:19:00.000000,,,,16.109756,
07/22/2019 00:20:00.000000,,,,28.12619,
07/22/2019 00:21:00.000000,,,,14.005,
07/22/2019 00:22:00.000000,,,,13.992308,
07/22/2019 00:23:00.000000,,,,12.860714,
07/22/2019 00:24:00.000000,,,,0.020016,
07/22/2019 00:25:00.000000,,,,0.026812,
07/22/2019 00:26:00.000000,,,,14.306897,
07/22/2019 00:27:00.000000,,,,11.621429,
07/22/2019 00:28:00.000000,,,,12.32439,
07/22/2019 00:29:00.000000,,,,22.605263,
07/22/2019 00:30:00.000000,,,,11.916667,
07/22/2019 00:31:00.000000,,,,12.395238,
07/22/2019 00:32:00.000000,,,,0.025115,
07/22/2019 00:33:00.000000,,,,0.015841,
07/22/2019 00:34:00.000000,,,,0.024082,
07/22/2019 00:35:00.000000,,,,19.440909,
07/22/2019 00:36:00.000000,,,,0.02697,
07/22/2019 00:37:00.000000,,,,13.369767,
07/22/2019 00:38:00.000000,,,,20.923256,
07/22/2019 00:39:00.000000,,,,0.02362,
07/22/2019 00:40:00.000000,,,,13.729268,
07/22/2019 00:41:00.000000,,,,12.505,
07/22/2019 00:42:00.000000,,,,22.076923,
07/22/2019 00:43:00.000000,,,,0.027483,
07/22/2019 00:44:00.000000,,,,21.26,
07/22/2019 00:45:00.000000,,,,17.102439,
07/22/2019 00:46:00.000000,,,,0.031574,
07/22/2019 00:47:00.000000,,,,15.128571,
07/22/2019 00:48:00.000000,,,,12.030952,
07/22/2019 00:49:00.000000,,,,15.159524,
07/22/2019 00:50:00.000000,,,,27.615385,
07/22/2019 00:51:00.000000,,,,0.037477,
07/22/2019 00:52:00.000000,,,,0.008557,
07/22/2019 00:53:00.000000,,,,17.9,
07/22/2019 00:54:00.000000,,,,13.018182,
07/22/2019 00:55:00.000000,,,,13.195455,
07/22/2019 00:56:00.000000,,,,0.046508,
07/22/2019 00:57:00.000000,,,,9.358974,
07/22/2019 00:58:00.000000,,,,0.022266,
07/22/2019 00:59:00.000000,,,,0.008799,
07/22/2019 01:00:00.000000,,,,0.017597,
07/22/2019 01:01:00.000000,,,,0.021523,
07/22/2019 01:02:00.000000,,,,19.451163,
07/22/2019 01:03:00.000000,,,,28.404651,
07/22/2019 01:04:00.000000,,,,28.740741,
07/22/2019 01:05:00.000000,,,,19.109375,
07/22/2019 01:06:00.000000,,,,0.013859,
07/22/2019 01:07:00.000000,,,,14.676923,
07/22/2019 01:08:00.000000,,,,14.421053,
07/22/2019 01:10:00.000000,,,,0.024705,
07/22/2019 01:11:00.000000,,,,0.017261,
07/22/2019 01:12:00.000000,,,,11.833333,
07/22/2019 01:13:00.000000,,,,0.026311,
07/22/2019 01:14:00.000000,,,,31.551282,
07/22/2019 01:15:00.000000,,,,0.024715,
07/22/2019 01:16:00.000000,,,,7.393333,
07/22/2019 01:17:00.000000,,,,21.906667,
07/22/2019 01:18:00.000000,,,,23.367442,
07/22/2019 01:19:00.000000,,,,0.013061,
07/22/2019 01:20:00.000000,,,,0.065525,
07/22/2019 01:21:00.000000,,,,21.7,
07/22/2019 01:22:00.000000,,,,25.304348,
07/22/2019 01:23:00.000000,,,,0.00904,
07/22/2019 01:24:00.000000,,,,30.872222,
07/22/2019 01:25:00.000000,,,,18.033333,
07/22/2019 01:26:00.000000,,,,0.020179,
07/22/2019 01:27:00.000000,,,,15.5625,
07/22/2019 01:28:00.000000,,,,0.020379,
07/22/2019 01:29:00.000000,,,,14.632558,
07/22/2019 01:30:00.000000,,,,0.031309,
07/22/2019 01:31:00.000000,,,,12.252632,
07/22/2019 01:32:00.000000,,,,0.015141,
07/22/2019 01:33:00.000000,,,,19.485714,
07/22/2019 01:34:00.000000,,,,0.019587,
07/22/2019 01:35:00.000000,,,,0.015194,
07/22/2019 01:36:00.000000,,,,0.020961,
07/22/2019 01:37:00.000000,,,,13.14186,
07/22/2019 01:38:00.000000,,,,0.028035,
07/22/2019 01:39:00.000000,,,,0.015792,
07/22/2019 01:40:00.000000,,,,19.853658,
07/22/2019 01:41:00.000000,,,,18.715385,
07/22/2019 01:42:00.000000,,,,0.017814,
07/22/2019 01:43:00.000000,,,,0.018149,
07/22/2019 01:44:00.000000,,,,0.020987,
07/22/2019 01:45:00.000000,,,,17.164286,
07/22/2019 01:46:00.000000,,,,0.021039,
07/22/2019 01:47:00.000000,,,,12.932558,
07/22/2019 01:48:00.000000,,,,11.39,
07/22/2019 01:49:00.000000,,,,18.613953,
07/22/2019 01:50:00.000000,,,,0.015861,
07/22/2019 01:51:00.000000,,,,5.693023,
07/22/2019 01:52:00.000000,,,,18.653488,
07/22/2019 01:53:00.000000,,,,18.585714,
07/22/2019 01:54:00.000000,,,,13.931707,
07/22/2019 01:55:00.000000,,,,11.67,
07/22/2019 01:56:00.000000,,,,0.020688,
07/22/2019 01:57:00.000000,,,,0.015689,
07/22/2019 01:58:00.000000,,,,0.012446,
07/22/2019 01:59:00.000000,,,,12.277273,
07/22/2019 02:00:00.000000,,,,0.055056,
07/22/2019 02:01:00.000000,,,,15.576923,
07/22/2019 02:02:00.000000,,,,0.028302,
07/22/2019 02:03:00.000000,,,,0.026998,
07/22/2019 02:04:00.000000,,,,0.015104,
07/22/2019 02:05:00.000000,,,,14.397561,
07/22/2019 02:06:00.000000,,,,15.445455,
07/22/2019 02:07:00.000000,,,,37.644737,
07/22/2019 02:08:00.000000,,,,26.38,
07/22/2019 02:10:00.000000,,,,19.46,
07/22/2019 02:11:00.000000,,,,0.020155,
07/22/2019 02:12:00.000000,,,,11.95122,
07/22/2019 02:13:00.000000,,,,6.143902,
07/22/2019 02:14:00.000000,,,,11.407692,
07/22/2019 02:15:00.000000,,,,0.019587,
07/22/2019 02:16:00.000000,,,,12.9,
07/22/2019 02:17:00.000000,,,,0.008512,
07/22/2019 02:18:00.000000,,,,9.8,
07/22/2019 02:19:00.000000,,,,0.012644,
07/22/2019 02:20:00.000000,,,,0.010926,
07/22/2019 02:21:00.000000,,,,0.00899,
07/22/2019 02:22:00.000000,,,,20.36,
07/22/2019 02:23:00.000000,,,,0.017451,
07/22/2019 02:24:00.000000,,,,0.012689,
07/22/2019 02:25:00.000000,,,,0.009145,
07/22/2019 02:26:00.000000,,,,9.824242,
07/22/2019 02:27:00.000000,,,,10.285366,
07/22/2019 02:28:00.000000,,,,8.916216,
07/22/2019 02:30:00.000000,,,,8.125,
07/22/2019 02:31:00.000000,,,,7.481081,
07/22/2019 02:32:00.000000,,,,7.925,
07/22/2019 02:33:00.000000,,,,10.677273,
07/22/2019 02:34:00.000000,,,,0.012926,
07/22/2019 02:35:00.000000,,,,0.007578,
07/22/2019 02:36:00.000000,,,,9.78,
07/22/2019 02:37:00.000000,,,,0.014042,
07/22/2019 02:38:00.000000,,,,7.930769,
07/22/2019 02:39:00.000000,,,,7.814286,
07/22/2019 02:40:00.000000,,,,0.007556,
07/22/2019 02:41:00.000000,,,,0.011832,
07/22/2019 02:42:00.000000,,,,0.016637,
07/22/2019 02:43:00.000000,,,,0.013627,
07/22/2019 02:44:00.000000,,,,0.007047,
07/22/2019 02:45:00.000000,,,,14.361905,
07/22/2019 02:46:00.000000,,,,0.00767,
07/22/2019 02:47:00.000000,,,,8.913953,
07/22/2019 02:48:00.000000,,,,9.923077,
07/22/2019 02:49:00.000000,,,,15.824242,
07/22/2019 02:50:00.000000,,,,12.45,
07/22/2019 02:51:00.000000,,,,11.019444,
07/22/2019 02:52:00.000000,,,,0.012558,
07/22/2019 02:53:00.000000,,,,10.353488,
07/22/2019 02:54:00.000000,,,,0.011126,
07/22/2019 02:55:00.000000,,,,7.543333,
07/22/2019 02:56:00.000000,,,,7.019231,
07/22/2019 02:57:00.000000,,,,9.513333,
07/22/2019 02:58:00.000000,,,,10.433333,
07/22/2019 02:59:00.000000,,,,0.006687,
07/22/2019 03:00:00.000000,,,,0.006323,
07/22/2019 03:01:00.000000,,,,8.612195,
07/22/2019 03:02:00.000000,,,,0.010179,
07/22/2019 03:03:00.000000,,,,8.086047,
07/22/2019 03:04:00.000000,,,,28.446667,
07/22/2019 03:05:00.000000,,,,8.547059,
07/22/2019 03:06:00.000000,,,,0.010241,
07/22/2019 03:07:00.000000,,,,6.671429,
07/22/2019 03:08:00.000000,,,,0.00454,
07/22/2019 03:09:00.000000,,,,3.625,
07/22/2019 03:10:00.000000,,,,0.008852,
07/22/2019 03:11:00.000000,,,,0.005038,
07/22/2019 03:12:00.000000,,,,0.003586,
07/22/2019 03:13:00.000000,,,,0.003897,
07/22/2019 03:14:00.000000,,,,3.025,
07/22/2019 03:15:00.000000,,,,4.44,
07/22/2019 03:16:00.000000,,,,0.004063,
07/22/2019 03:17:00.000000,,,,0.003939,
07/22/2019 03:18:00.000000,,,,0.004395,
07/22/2019 03:19:00.000000,,,,4.288372,
07/22/2019 03:20:00.000000,,,,4.485714,
07/22/2019 03:21:00.000000,,,,0.006211,
07/22/2019 03:22:00.000000,,,,7.853488,
07/22/2019 03:23:00.000000,,,,0.005238,
07/22/2019 03:24:00.000000,,,,0.003913,
07/22/2019 03:25:00.000000,,,,0.004265,
07/22/2019 03:26:00.000000,,,,0.004762,
07/22/2019 03:27:00.000000,,,,0.023271,
07/22/2019 03:28:00.000000,,,,0.010807,
07/22/2019 03:29:00.000000,,,,0.004368,
07/22/2019 03:30:00.000000,,,,0.007039,
07/22/2019 03:31:00.000000,,,,0.005114,
07/22/2019 03:32:00.000000,,,,0.0047,
07/22/2019 03:33:00.000000,,,,3.712195,
07/22/2019 03:34:00.000000,,,,0.004079,
07/22/2019 03:35:00.000000,,,,5.445455,
07/22/2019 03:36:00.000000,,,,0.017971,
07/22/2019 03:37:00.000000,,,,0.012257,
07/22/2019 03:38:00.000000,,,,0.005296,
07/22/2019 03:39:00.000000,,,,0.00887,
07/22/2019 03:40:00.000000,,,,8.668293,
07/22/2019 03:41:00.000000,,,,0.013399,
07/22/2019 03:42:00.000000,,,,10.428571,
07/22/2019 03:43:00.000000,,,,0.007919,
07/22/2019 03:44:00.000000,,,,5.427907,
07/22/2019 03:45:00.000000,,,,6.514286,
07/22/2019 03:46:00.000000,,,,0.007072,
07/22/2019 03:47:00.000000,,,,7.37,
07/22/2019 03:48:00.000000,,,,0.015015,
07/22/2019 03:49:00.000000,,,,8.834375,
07/22/2019 03:50:00.000000,,,,8.176923,
07/22/2019 03:51:00.000000,,,,9.504878,
07/22/2019 03:52:00.000000,,,,0.011275,
07/22/2019 03:53:00.000000,,,,10.825581,
07/22/2019 03:54:00.000000,,,,7.175,
07/22/2019 03:55:00.000000,,,,0.007651,
07/22/2019 03:56:00.000000,,,,0.017654,
07/22/2019 03:57:00.000000,,,,13.87381,
07/22/2019 03:58:00.000000,,,,8.755,
07/22/2019 03:59:00.000000,,,,0.016047,
07/22/2019 04:00:00.000000,,,,0.008445,
07/22/2019 04:01:00.000000,,,,6.45,
07/22/2019 04:02:00.000000,,,,0.021029,
07/22/2019 04:03:00.000000,,,,10.6525,
07/22/2019 04:04:00.000000,,,,0.007868,
07/22/2019 04:05:00.000000,,,,7.2,
07/22/2019 04:06:00.000000,,,,0.007229,
07/22/2019 04:07:00.000000,,,,9.84,
07/22/2019 04:08:00.000000,,,,0.016086,
07/22/2019 04:09:00.000000,,,,0.01244,
07/22/2019 04:10:00.000000,,,,0.013161,
07/22/2019 04:11:00.000000,,,,11.663158,
07/22/2019 04:12:00.000000,,,,0.009133,
07/22/2019 04:13:00.000000,,,,6.25,
07/22/2019 04:14:00.000000,,,,6.2,
07/22/2019 04:15:00.000000,,,,6.04,
07/22/2019 04:16:00.000000,,,,21.328571,
07/22/2019 04:17:00.000000,,,,10.347368,
07/22/2019 04:18:00.000000,,,,11.775,
07/22/2019 04:19:00.000000,,,,10.147619,
07/22/2019 04:20:00.000000,,,,0.008639,
07/22/2019 04:21:00.000000,,,,6.816279,
07/22/2019 04:22:00.000000,,,,0.00759,
07/22/2019 04:23:00.000000,,,,0.009668,
07/22/2019 04:24:00.000000,,,,14.564286,
07/22/2019 04:25:00.000000,,,,11.042857,
07/22/2019 04:26:00.000000,,,,10.269767,
07/22/2019 04:27:00.000000,,,,0.012942,
07/22/2019 04:28:00.000000,,,,0.010477,
07/22/2019 04:29:00.000000,,,,9.788372,
07/22/2019 04:30:00.000000,,,,10.782927,
07/22/2019 04:31:00.000000,,,,8.576744,
07/22/2019 04:32:00.000000,,,,10.334146,
07/22/2019 04:33:00.000000,,,,0.022125,
07/22/2019 04:34:00.000000,,,,0.022063,
07/22/2019 04:35:00.000000,,,,11.785714,
07/22/2019 04:36:00.000000,,,,0.017442,
07/22/2019 04:37:00.000000,,,,0.022937,
07/22/2019 04:38:00.000000,,,,8.3,
07/22/2019 04:39:00.000000,,,,6.502326,
07/22/2019 04:40:00.000000,,,,13.82381,
07/22/2019 04:41:00.000000,,,,0.013397,
07/22/2019 04:42:00.000000,,,,11.613636,
07/22/2019 04:43:00.000000,,,,11.09,
07/22/2019 04:44:00.000000,,,,10.66,
07/22/2019 04:45:00.000000,,,,8.168421,
07/22/2019 04:46:00.000000,,,,9.514286,
07/22/2019 04:47:00.000000,,,,9.276923,
07/22/2019 04:48:00.000000,,,,0.00794,
07/22/2019 04:49:00.000000,,,,10.809091,
07/22/2019 04:50:00.000000,,,,0.011551,
07/22/2019 04:51:00.000000,,,,0.012146,
07/22/2019 04:52:00.000000,,,,0.010463,
07/22/2019 04:53:00.000000,,,,7.446512,
07/22/2019 04:54:00.000000,,,,0.01114,
07/22/2019 04:55:00.000000,,,,0.019162,
07/22/2019 04:56:00.000000,,,,9.486047,
07/22/2019 04:57:00.000000,,,,7.864103,
07/22/2019 04:58:00.000000,,,,6.12619,
07/22/2019 04:59:00.000000,,,,0.010545,
07/22/2019 05:00:00.000000,,,,0.012946,
07/22/2019 05:01:00.000000,,,,9.189474,
07/22/2019 05:02:00.000000,,,,6.9,
07/22/2019 05:03:00.000000,,,,10.902439,
07/22/2019 05:04:00.000000,,,,0.011997,
07/22/2019 05:05:00.000000,,,,0.011915,
07/22/2019 05:06:00.000000,,,,0.008544,
07/22/2019 05:07:00.000000,,,,0.010378,
07/22/2019 05:08:00.000000,,,,8.768182,
07/22/2019 05:09:00.000000,,,,0.01296,
07/22/2019 05:10:00.000000,,,,0.013492,
07/22/2019 05:11:00.000000,,,,6.6,
07/22/2019 05:12:00.000000,,,,8.983721,
07/22/2019 05:13:00.000000,,,,15.7125,
07/22/2019 05:14:00.000000,,,,0.012744,
07/22/2019 05:15:00.000000,,,,0.021401,
07/22/2019 05:16:00.000000,,,,9.925581,
07/22/2019 05:17:00.000000,,,,7.2,
07/22/2019 05:18:00.000000,,,,10.363636,
07/22/2019 05:19:00.000000,,,,0.011945,
07/22/2019 05:20:00.000000,,,,6.8875,
07/22/2019 05:21:00.000000,,,,0.008892,
07/22/2019 05:22:00.000000,,,,11.141463,
07/22/2019 05:23:00.000000,,,,8.863636,
07/22/2019 05:24:00.000000,,,,0.013595,
07/22/2019 05:25:00.000000,,,,9.934146,
07/22/2019 05:26:00.000000,,,,0.009896,
07/22/2019 05:27:00.000000,,,,10.631707,
07/22/2019 05:28:00.000000,,,,8.336364,
07/22/2019 05:29:00.000000,,,,0.014783,
07/22/2019 05:30:00.000000,,,,7.409302,
07/22/2019 05:31:00.000000,,,,11.093478,
07/22/2019 05:32:00.000000,,,,10.957143,
07/22/2019 05:33:00.000000,,,,8.809756,
07/22/2019 05:34:00.000000,,,,0.007171,
07/22/2019 05:35:00.000000,,,,0.006659,
07/22/2019 05:36:00.000000,,,,6.016667,
07/22/2019 05:37:00.000000,,,,0.00795,
07/22/2019 05:38:00.000000,,,,0.013513,
07/22/2019 05:39:00.000000,,,,6.907143,
07/22/2019 05:40:00.000000,,,,0.009661,
07/22/2019 05:41:00.000000,,,,0.011075,
07/22/2019 05:42:00.000000,,,,8.59,
07/22/2019 05:43:00.000000,,,,0.010562,
07/22/2019 05:44:00.000000,,,,7.835,
07/22/2019 05:45:00.000000,,,,0.010183,
07/22/2019 05:46:00.000000,,,,0.010839,
07/22/2019 05:47:00.000000,,,,0.007766,
07/22/2019 05:48:00.000000,,,,0.010101,
07/22/2019 05:49:00.000000,,,,7.997561,
07/22/2019 05:50:00.000000,,,,0.010532,
07/22/2019 05:51:00.000000,,,,8.440909,
07/22/2019 05:52:00.000000,,,,8.656098,
07/22/2019 05:53:00.000000,,,,9.963158,
07/22/2019 05:54:00.000000,,,,0.008544,
07/22/2019 05:55:00.000000,,,,0.011023,
07/22/2019 05:56:00.000000,,,,0.011167,
07/22/2019 05:57:00.000000,,,,0.012294,
07/22/2019 05:58:00.000000,,,,8.559091,
07/22/2019 05:59:00.000000,,,,0.014507,
07/22/2019 06:00:00.000000,,,,0.008913,
07/22/2019 06:01:00.000000,,,,0.010593,
07/22/2019 06:02:00.000000,,,,8.228205,
07/22/2019 06:03:00.000000,,,,0.007704,
07/22/2019 06:04:00.000000,,,,7.338462,
07/22/2019 06:05:00.000000,,,,0.011495,
07/22/2019 06:06:00.000000,,,,0.012744,
07/22/2019 06:07:00.000000,,,,6.197561,
07/22/2019 06:08:00.000000,,,,0.009446,
07/22/2019 06:09:00.000000,,,,0.019281,
07/22/2019 06:10:00.000000,,,,10.0,
07/22/2019 06:11:00.000000,,,,0.008974,
07/22/2019 06:12:00.000000,,,,11.865854,
07/22/2019 06:13:00.000000,,,,7.214286,
07/22/2019 06:14:00.000000,,,,0.006823,
07/22/2019 06:15:00.000000,,,,5.4,
07/22/2019 06:16:00.000000,,,,7.87561,
07/22/2019 06:17:00.000000,,,,0.00713,
07/22/2019 06:18:00.000000,,,,16.434884,
07/22/2019 06:19:00.000000,,,,0.008831,
07/22/2019 06:20:00.000000,,,,6.436585,
07/22/2019 06:21:00.000000,,,,6.185714,
07/22/2019 06:22:00.000000,,,,0.008819,
07/22/2019 06:23:00.000000,,,,0.006528,
07/22/2019 06:24:00.000000,,,,0.00663,
07/22/2019 06:25:00.000000,,,,0.006957,
07/22/2019 06:26:00.000000,,,,6.995455,
07/22/2019 06:27:00.000000,,,,9.292308,
07/22/2019 06:28:00.000000,,,,0.006978,
07/22/2019 06:29:00.000000,,,,0.009188,
07/22/2019 06:30:00.000000,,,,5.95122,
07/22/2019 06:31:00.000000,,,,8.476923,
07/22/2019 06:32:00.000000,,,,10.45122,
07/22/2019 06:33:00.000000,,,,5.690909,
07/22/2019 06:34:00.000000,,,,0.007653,
07/22/2019 06:35:00.000000,,,,0.008901,
07/22/2019 06:36:00.000000,,,,26.863415,
07/22/2019 06:37:00.000000,,,,10.571429,
07/22/2019 06:38:00.000000,,,,4.9,
07/22/2019 06:39:00.000000,,,,5.1,
07/22/2019 06:40:00.000000,,,,0.007919,
07/22/2019 06:41:00.000000,,,,8.280488,
07/22/2019 06:42:00.000000,,,,11.094595,
07/22/2019 06:43:00.000000,,,,7.62381,
07/22/2019 06:44:00.000000,,,,16.746154,
07/22/2019 06:45:00.000000,,,,0.011561,
07/22/2019 06:46:00.000000,,,,5.295455,
07/22/2019 06:47:00.000000,,,,0.013505,
07/22/2019 06:48:00.000000,,,,0.012728,
07/22/2019 06:49:00.000000,,,,0.011766,
07/22/2019 06:50:00.000000,,,,5.3875,
07/22/2019 06:51:00.000000,,,,4.8,
07/22/2019 06:52:00.000000,,,,6.336585,
07/22/2019 06:53:00.000000,,,,12.219512,
07/22/2019 06:54:00.000000,,,,8.835,
07/22/2019 06:55:00.000000,,,,9.906977,
07/22/2019 06:56:00.000000,,,,4.931707,
07/22/2019 06:57:00.000000,,,,0.007193,
07/22/2019 06:58:00.000000,,,,5.4125,
07/22/2019 06:59:00.000000,,,,8.236364,
07/22/2019 07:00:00.000000,,,,5.17619,
07/22/2019 07:01:00.000000,,,,6.962162,
07/22/2019 07:02:00.000000,,,,8.018182,
07/22/2019 07:03:00.000000,,,,5.528571,
07/22/2019 07:04:00.000000,,,,7.446341,
07/22/2019 07:05:00.000000,,,,6.660976,
07/22/2019 07:06:00.000000,,,,0.005967,
07/22/2019 07:07:00.000000,,,,0.005947,
07/22/2019 07:08:00.000000,,,,0.006417,
07/22/2019 07:09:00.000000,,,,0.00752,
07/22/2019 07:10:00.000000,,,,11.4,
07/22/2019 07:11:00.000000,,,,6.3,
07/22/2019 07:12:00.000000,,,,0.005661,
07/22/2019 07:13:00.000000,,,,0.006253,
07/22/2019 07:14:00.000000,,,,6.760976,
07/22/2019 07:15:00.000000,,,,7.2,
07/22/2019 07:16:00.000000,,,,0.006478,
07/22/2019 07:17:00.000000,,,,0.017657,
07/22/2019 07:18:00.000000,,,,10.52439,
07/22/2019 07:19:00.000000,,,,0.009278,
07/22/2019 07:20:00.000000,,,,8.65,
07/22/2019 07:21:00.000000,,,,0.010749,
07/22/2019 07:22:00.000000,,,,48.613158,
07/22/2019 07:23:00.000000,,,,32.1,
07/22/2019 07:24:00.000000,,,,13.702326,
07/22/2019 07:25:00.000000,,,,6.007317,
07/22/2019 07:26:00.000000,,,,0.014042,
07/22/2019 07:27:00.000000,,,,0.014552,
07/22/2019 07:28:00.000000,,,,6.565116,
07/22/2019 07:29:00.000000,,,,0.012511,
07/22/2019 07:30:00.000000,,,,0.011694,
07/22/2019 07:31:00.000000,,,,0.01198,
07/22/2019 07:32:00.000000,,,,10.06,
07/22/2019 07:33:00.000000,,,,7.966667,
07/22/2019 07:34:00.000000,,,,0.013266,
07/22/2019 07:35:00.000000,,,,7.270732,
07/22/2019 07:36:00.000000,,,,9.775,
07/22/2019 07:37:00.000000,,,,0.011829,
07/22/2019 07:38:00.000000,,,,0.011935,
07/22/2019 07:39:00.000000,,,,0.014366,
07/22/2019 07:40:00.000000,,,,0.008093,
07/22/2019 07:41:00.000000,,,,0.022071,
07/22/2019 07:42:00.000000,,,,9.37619,
07/22/2019 07:43:00.000000,,,,0.021029,
07/22/2019 07:44:00.000000,,,,16.22439,
07/22/2019 07:45:00.000000,,,,7.14186,
07/22/2019 07:46:00.000000,,,,0.007112,
07/22/2019 07:47:00.000000,,,,6.926316,
07/22/2019 07:48:00.000000,,,,9.687805,
07/22/2019 07:49:00.000000,,,,6.179487,
07/22/2019 07:50:00.000000,,,,0.006192,
07/22/2019 07:51:00.000000,,,,0.006335,
07/22/2019 07:52:00.000000,,,,12.337209,
07/22/2019 07:53:00.000000,,,,8.769388,
07/22/2019 07:54:00.000000,,,,25.988889,
07/22/2019 07:55:00.000000,,,,0.012262,
07/22/2019 07:56:00.000000,,,,0.030429,
07/22/2019 07:57:00.000000,,,,0.067766,
07/22/2019 07:58:00.000000,,,,28.44,
07/22/2019 07:59:00.000000,,,,0.011015,
07/22/2019 08:00:00.000000,,,,6.778049,
07/22/2019 08:01:00.000000,,,,13.154348,
07/22/2019 08:02:00.000000,,,,0.007807,
07/22/2019 08:03:00.000000,,,,8.561538,
07/22/2019 08:04:00.000000,,,,0.007909,
07/22/2019 08:05:00.000000,,,,0.010426,
07/22/2019 08:06:00.000000,,,,0.009106,
07/22/2019 08:07:00.000000,,,,0.012226,
07/22/2019 08:08:00.000000,,,,7.99,
07/22/2019 08:10:00.000000,,,,0.010528,
07/22/2019 08:11:00.000000,,,,7.490909,
07/22/2019 08:12:00.000000,,,,6.6875,
07/22/2019 08:13:00.000000,,,,7.034783,
07/22/2019 08:14:00.000000,,,,15.039024,
07/22/2019 08:15:00.000000,,,,0.009331,
07/22/2019 08:16:00.000000,,,,0.012063,
07/22/2019 08:17:00.000000,,,,0.009249,
07/22/2019 08:18:00.000000,,,,7.47619,
07/22/2019 08:19:00.000000,,,,0.008594,
07/22/2019 08:20:00.000000,,,,0.014303,
07/22/2019 08:21:00.000000,,,,7.595122,
07/22/2019 08:22:00.000000,,,,8.534884,
07/22/2019 08:23:00.000000,,,,11.846154,
07/22/2019 08:24:00.000000,,,,0.014693,
07/22/2019 08:25:00.000000,,,,0.014693,
07/22/2019 08:26:00.000000,,,,11.402439,
07/22/2019 08:27:00.000000,,,,0.011097,
07/22/2019 08:28:00.000000,,,,11.516667,
07/22/2019 08:29:00.000000,,,,0.013815,
07/22/2019 08:30:00.000000,,,,12.978049,
07/22/2019 08:31:00.000000,,,,12.446341,
07/22/2019 08:32:00.000000,,,,0.011403,
07/22/2019 08:33:00.000000,,,,0.015061,
07/22/2019 08:34:00.000000,,,,13.697436,
07/22/2019 08:35:00.000000,,,,0.014366,
07/22/2019 08:36:00.000000,,,,0.01549,
07/22/2019 08:37:00.000000,,,,0.012854,
07/22/2019 08:38:00.000000,,,,0.011648,
07/22/2019 08:39:00.000000,,,,11.285714,
07/22/2019 08:40:00.000000,,,,0.009421,
07/22/2019 08:41:00.000000,,,,10.895,
07/22/2019 08:42:00.000000,,,,0.01596,
07/22/2019 08:43:00.000000,,,,7.985714,
07/22/2019 08:44:00.000000,,,,0.01218,
07/22/2019 08:45:00.000000,,,,13.73,
07/22/2019 08:46:00.000000,,,,0.013958,
07/22/2019 08:47:00.000000,,,,0.011914,
07/22/2019 08:48:00.000000,,,,10.271429,
07/22/2019 08:49:00.000000,,,,0.009584,
07/22/2019 08:50:00.000000,,,,9.076923,
07/22/2019 08:51:00.000000,,,,0.011921,
07/22/2019 08:52:00.000000,,,,9.205,
07/22/2019 08:53:00.000000,,,,0.010531,
07/22/2019 08:54:00.000000,,,,0.014184,
07/22/2019 08:55:00.000000,,,,0.011062,
07/22/2019 08:56:00.000000,,,,6.845455,
07/22/2019 08:57:00.000000,,,,7.660465,
07/22/2019 08:58:00.000000,,,,0.012103,
07/22/2019 08:59:00.000000,,,,9.421951,
07/22/2019 09:00:00.000000,,,,8.860976,
07/22/2019 09:01:00.000000,,,,0.013939,
07/22/2019 09:02:00.000000,,,,7.569767,
07/22/2019 09:03:00.000000,,,,10.243902,
07/22/2019 09:04:00.000000,,,,0.010878,
07/22/2019 09:05:00.000000,,,,0.012246,
07/22/2019 09:06:00.000000,,,,0.012817,
07/22/2019 09:07:00.000000,,,,12.804545,
07/22/2019 09:08:00.000000,,,,0.012266,
07/22/2019 09:09:00.000000,,,,0.013552,
07/22/2019 09:10:00.000000,,,,11.483721,
07/22/2019 09:11:00.000000,,,,0.013858,
07/22/2019 09:12:00.000000,,,,0.009347,
07/22/2019 09:13:00.000000,,,,11.671429,
07/22/2019 09:14:00.000000,,,,14.790244,
07/22/2019 09:15:00.000000,,,,12.72439,
07/22/2019 09:16:00.000000,,,,10.973171,
07/22/2019 09:17:00.000000,,,,0.016133,
07/22/2019 09:18:00.000000,,,,8.704878,
07/22/2019 09:19:00.000000,,,,7.381818,
07/22/2019 09:20:00.000000,,,,9.604878,
07/22/2019 09:21:00.000000,,,,10.25,
07/22/2019 09:22:00.000000,,,,11.472093,
07/22/2019 09:23:00.000000,,,,12.121053,
07/22/2019 09:24:00.000000,,,,0.013368,
07/22/2019 09:25:00.000000,,,,8.261538,
07/22/2019 09:26:00.000000,,,,7.452632,
07/22/2019 09:27:00.000000,,,,0.015797,
07/22/2019 09:28:00.000000,,,,11.692683,
07/22/2019 09:29:00.000000,,,,0.011603,
07/22/2019 09:30:00.000000,,,,7.685,
07/22/2019 09:31:00.000000,,,,0.008949,
07/22/2019 09:32:00.000000,,,,7.127907,
07/22/2019 09:33:00.000000,,,,10.554545,
07/22/2019 09:34:00.000000,,,,0.017409,
07/22/2019 09:35:00.000000,,,,12.185714,
07/22/2019 09:36:00.000000,,,,0.011531,
07/22/2019 09:37:00.000000,,,,0.011378,
07/22/2019 09:38:00.000000,,,,0.01195,
07/22/2019 09:39:00.000000,,,,0.011215,
07/22/2019 09:40:00.000000,,,,0.014399,
07/22/2019 09:41:00.000000,,,,0.018174,
07/22/2019 09:42:00.000000,,,,10.621951,
07/22/2019 09:43:00.000000,,,,0.012246,
07/22/2019 09:44:00.000000,,,,11.615,
07/22/2019 09:45:00.000000,,,,9.7,
07/22/2019 09:46:00.000000,,,,11.704878,
07/22/2019 09:47:00.000000,,,,0.012021,
07/22/2019 09:48:00.000000,,,,0.016582,
07/22/2019 09:49:00.000000,,,,11.546154,
07/22/2019 09:50:00.000000,,,,0.009562,
07/22/2019 09:51:00.000000,,,,0.009296,
07/22/2019 09:52:00.000000,,,,0.009307,
07/22/2019 09:53:00.000000,,,,0.009643,
07/22/2019 09:54:00.000000,,,,0.010572,
07/22/2019 09:55:00.000000,,,,13.518605,
07/22/2019 09:56:00.000000,,,,12.157143,
07/22/2019 09:57:00.000000,,,,0.012541,
07/22/2019 09:58:00.000000,,,,0.018542,
07/22/2019 09:59:00.000000,,,,12.965854,
07/22/2019 10:00:00.000000,,,,12.765854,
07/22/2019 10:01:00.000000,,,,0.014552,
07/22/2019 10:02:00.000000,,,,0.015266,
07/22/2019 10:03:00.000000,,,,0.011347,
07/22/2019 10:04:00.000000,,,,10.792683,
07/22/2019 10:05:00.000000,,,,0.010919,
07/22/2019 10:06:00.000000,,,,10.307692,
07/22/2019 10:07:00.000000,,,,9.4825,
07/22/2019 10:08:00.000000,,,,8.490476,
07/22/2019 10:09:00.000000,,,,0.009756,
07/22/2019 10:10:00.000000,,,,13.405882,
07/22/2019 10:11:00.000000,,,,13.569444,
07/22/2019 10:12:00.000000,,,,14.781395,
07/22/2019 10:13:00.000000,,,,0.019327,
07/22/2019 10:14:00.000000,,,,10.01,
07/22/2019 10:15:00.000000,,,,0.019246,
07/22/2019 10:16:00.000000,,,,9.467442,
07/22/2019 10:17:00.000000,,,,11.804878,
07/22/2019 10:18:00.000000,,,,12.171429,
07/22/2019 10:19:00.000000,,,,0.010307,
07/22/2019 10:20:00.000000,,,,0.010041,
07/22/2019 10:21:00.000000,,,,0.015858,
07/22/2019 10:22:00.000000,,,,11.3125,
07/22/2019 10:23:00.000000,,,,8.432258,
07/22/2019 10:24:00.000000,,,,13.81,
07/22/2019 10:25:00.000000,,,,9.480488,
07/22/2019 10:26:00.000000,,,,7.861111,
07/22/2019 10:27:00.000000,,,,15.585185,
07/22/2019 10:28:00.000000,,,,12.14,
07/22/2019 10:29:00.000000,,,,0.01149,
07/22/2019 10:30:00.000000,,,,12.56129,
07/22/2019 10:31:00.000000,,,,0.016838,
07/22/2019 10:32:00.000000,,,,11.683784,
07/22/2019 10:33:00.000000,,,,0.010735,
07/22/2019 10:34:00.000000,,,,14.543243,
07/22/2019 10:35:00.000000,,,,14.55,
07/22/2019 10:36:00.000000,,,,14.177143,
07/22/2019 10:37:00.000000,,,,9.8,
07/22/2019 10:38:00.000000,,,,14.44,
07/22/2019 10:39:00.000000,,,,15.437143,
07/22/2019 10:40:00.000000,,,,16.18,
07/22/2019 10:41:00.000000,,,,0.018756,
07/22/2019 10:42:00.000000,,,,0.023083,
07/22/2019 10:43:00.000000,,,,15.042857,
07/22/2019 10:44:00.000000,,,,10.275,
07/22/2019 10:45:00.000000,,,,11.538095,
07/22/2019 10:46:00.000000,,,,0.018021,
07/22/2019 10:47:00.000000,,,,0.01994,
07/22/2019 10:48:00.000000,,,,0.022348,
07/22/2019 10:49:00.000000,,,,16.590909,
07/22/2019 10:50:00.000000,,,,0.019491,
07/22/2019 10:51:00.000000,,,,0.017531,
07/22/2019 10:52:00.000000,,,,0.012143,
07/22/2019 10:53:00.000000,,,,13.176923,
07/22/2019 10:54:00.000000,,,,17.233333,
07/22/2019 10:55:00.000000,,,,13.925,
07/22/2019 10:56:00.000000,,,,13.458537,
07/22/2019 10:57:00.000000,,,,0.016182,
07/22/2019 10:58:00.000000,,,,9.821951,
07/22/2019 10:59:00.000000,,,,0.028181,
07/22/2019 11:00:00.000000,,,,0.020293,
07/22/2019 11:01:00.000000,,,,16.520833,
07/22/2019 11:02:00.000000,,,,11.246154,
07/22/2019 11:03:00.000000,,,,0.015978,
07/22/2019 11:04:00.000000,,,,0.021478,
07/22/2019 11:05:00.000000,,,,13.523684,
07/22/2019 11:06:00.000000,,,,14.84878,
07/22/2019 11:07:00.000000,,,,0.020477,
07/22/2019 11:08:00.000000,,,,13.855,
07/22/2019 11:09:00.000000,,,,14.533333,
07/22/2019 11:10:00.000000,,,,15.135897,
07/22/2019 11:11:00.000000,,,,13.35,
07/22/2019 11:12:00.000000,,,,16.925,
07/22/2019 11:13:00.000000,,,,17.514286,
07/22/2019 11:14:00.000000,,,,13.987805,
07/22/2019 11:15:00.000000,,,,18.280488,
07/22/2019 11:16:00.000000,,,,11.814286,
07/22/2019 11:17:00.000000,,,,0.020967,
07/22/2019 11:18:00.000000,,,,17.873171,
07/22/2019 11:19:00.000000,,,,17.009756,
07/22/2019 11:20:00.000000,,,,0.014387,
07/22/2019 11:21:00.000000,,,,0.02017,
07/22/2019 11:22:00.000000,,,,0.03047,
07/22/2019 11:23:00.000000,,,,0.017228,
07/22/2019 11:24:00.000000,,,,11.160976,
07/22/2019 11:25:00.000000,,,,10.747619,
07/22/2019 11:26:00.000000,,,,0.020068,
07/22/2019 11:27:00.000000,,,,0.01921,
07/22/2019 11:28:00.000000,,,,18.865217,
07/22/2019 11:29:00.000000,,,,18.460976,
07/22/2019 11:30:00.000000,,,,17.509756,
07/22/2019 11:31:00.000000,,,,18.3625,
07/22/2019 11:32:00.000000,,,,17.385714,
07/22/2019 11:33:00.000000,,,,0.021703,
07/22/2019 11:34:00.000000,,,,16.072727,
07/22/2019 11:35:00.000000,,,,0.018862,
07/22/2019 11:36:00.000000,,,,13.531579,
07/22/2019 11:37:00.000000,,,,9.685714,
07/22/2019 11:38:00.000000,,,,8.668182,
07/22/2019 11:39:00.000000,,,,14.623256,
07/22/2019 11:40:00.000000,,,,0.015143,
07/22/2019 11:41:00.000000,,,,0.01639,
07/22/2019 11:42:00.000000,,,,15.8875,
07/22/2019 11:43:00.000000,,,,0.02017,
07/22/2019 11:44:00.000000,,,,0.017422,
07/22/2019 11:45:00.000000,,,,13.385366,
07/22/2019 11:46:00.000000,,,,13.3,
07/22/2019 11:47:00.000000,,,,13.471429,
07/22/2019 11:48:00.000000,,,,12.416667,
07/22/2019 11:49:00.000000,,,,0.016736,
07/22/2019 11:50:00.000000,,,,0.015552,
07/22/2019 11:51:00.000000,,,,14.307317,
07/22/2019 11:52:00.000000,,,,9.351163,
07/22/2019 11:53:00.000000,,,,0.014899,
07/22/2019 11:54:00.000000,,,,0.017552,
07/22/2019 11:55:00.000000,,,,12.772727,
07/22/2019 11:56:00.000000,,,,0.017215,
07/22/2019 11:57:00.000000,,,,0.010317,
07/22/2019 11:58:00.000000,,,,0.012592,
07/22/2019 11:59:00.000000,,,,0.014429,
07/22/2019 12:00:00.000000,,,,0.009409,
07/22/2019 12:01:00.000000,,,,10.202439,
07/22/2019 12:02:00.000000,,,,0.014735,
07/22/2019 12:03:00.000000,,,,0.015572,
07/22/2019 12:04:00.000000,,,,0.015368,
07/22/2019 12:05:00.000000,,,,0.014899,
07/22/2019 12:06:00.000000,,,,0.013899,
07/22/2019 12:07:00.000000,,,,0.015348,
07/22/2019 12:08:00.000000,,,,0.017205,
07/22/2019 12:09:00.000000,,,,0.013021,
07/22/2019 12:10:00.000000,,,,12.607692,
07/22/2019 12:11:00.000000,,,,10.706818,
07/22/2019 12:12:00.000000,,,,9.971429,
07/22/2019 12:13:00.000000,,,,7.553659,
07/22/2019 12:14:00.000000,,,,0.008828,
07/22/2019 12:15:00.000000,,,,0.016143,
07/22/2019 12:16:00.000000,,,,9.87561,
07/22/2019 12:17:00.000000,,,,13.057895,
07/22/2019 12:18:00.000000,,,,0.024826,
07/22/2019 12:19:00.000000,,,,17.35,
07/22/2019 12:20:00.000000,,,,0.017447,
07/22/2019 12:21:00.000000,,,,0.020851,
07/22/2019 12:22:00.000000,,,,0.015531,
07/22/2019 12:23:00.000000,,,,0.023582,
07/22/2019 12:24:00.000000,,,,9.083333,
07/22/2019 12:25:00.000000,,,,0.021402,
07/22/2019 12:26:00.000000,,,,14.363158,
07/22/2019 12:27:00.000000,,,,0.016897,
07/22/2019 12:28:00.000000,,,,0.052974,
07/22/2019 12:30:00.000000,,,,0.030737,
07/22/2019 12:31:00.000000,,,,0.026253,
07/22/2019 12:32:00.000000,,,,0.02825,
07/22/2019 12:33:00.000000,,,,24.026829,
07/22/2019 12:34:00.000000,,,,28.775,
07/22/2019 12:35:00.000000,,,,17.051163,
07/22/2019 12:36:00.000000,,,,0.010782,
07/22/2019 12:37:00.000000,,,,0.023134,
07/22/2019 12:38:00.000000,,,,12.742857,
07/22/2019 12:39:00.000000,,,,0.023154,
07/22/2019 12:40:00.000000,,,,0.019954,
07/22/2019 12:41:00.000000,,,,16.375,
07/22/2019 12:42:00.000000,,,,23.841463,
07/22/2019 12:43:00.000000,,,,22.3,
07/22/2019 12:44:00.000000,,,,0.027838,
07/22/2019 12:45:00.000000,,,,0.025389,
07/22/2019 12:46:00.000000,,,,0.024583,
07/22/2019 12:47:00.000000,,,,15.595238,
07/22/2019 12:48:00.000000,,,,14.469767,
07/22/2019 12:50:00.000000,,,,13.641463,
07/22/2019 12:51:00.000000,,,,20.3,
07/22/2019 12:52:00.000000,,,,16.551163,
07/22/2019 12:53:00.000000,,,,0.020858,
07/22/2019 12:54:00.000000,,,,15.438462,
07/22/2019 12:55:00.000000,,,,17.965789,
07/22/2019 12:56:00.000000,,,,0.025838,
07/22/2019 12:57:00.000000,,,,0.029491,
07/22/2019 12:58:00.000000,,,,0.021736,
07/22/2019 12:59:00.000000,,,,0.016919,
07/22/2019 13:00:00.000000,,,,26.242857,
07/22/2019 13:01:00.000000,,,,0.026955,
07/22/2019 13:02:00.000000,,,,0.018025,
07/22/2019 13:03:00.000000,,,,0.017677,
07/22/2019 13:04:00.000000,,,,0.02342,
07/22/2019 13:05:00.000000,,,,19.745,
07/22/2019 13:06:00.000000,,,,0.017003,
07/22/2019 13:07:00.000000,,,,14.392308,
07/22/2019 13:08:00.000000,,,,15.280645,
07/22/2019 13:09:00.000000,,,,0.015082,
07/22/2019 13:10:00.000000,,,,0.024871,
07/22/2019 13:11:00.000000,,,,16.707317,
07/22/2019 13:12:00.000000,,,,14.131707,
07/22/2019 13:13:00.000000,,,,14.2875,
07/22/2019 13:14:00.000000,,,,14.464706,
07/22/2019 13:15:00.000000,,,,0.019619,
07/22/2019 13:16:00.000000,,,,0.017677,
07/22/2019 13:17:00.000000,,,,0.025647,
07/22/2019 13:18:00.000000,,,,15.291111,
07/22/2019 13:19:00.000000,,,,28.0,
07/22/2019 13:20:00.000000,,,,0.021866,
07/22/2019 13:21:00.000000,,,,36.571428,
07/22/2019 13:22:00.000000,,,,0.026689,
07/22/2019 13:23:00.000000,,,,0.026792,
07/22/2019 13:24:00.000000,,,,18.371429,
07/22/2019 13:25:00.000000,,,,0.024176,
07/22/2019 13:26:00.000000,,,,0.010596,
07/22/2019 13:27:00.000000,,,,0.00842,
07/22/2019 13:28:00.000000,,,,11.190244,
07/22/2019 13:29:00.000000,,,,18.966667,
07/22/2019 13:30:00.000000,,,,15.466667,
07/22/2019 13:31:00.000000,,,,14.035,
07/22/2019 13:32:00.000000,,,,0.024126,
07/22/2019 13:33:00.000000,,,,0.027338,
07/22/2019 13:34:00.000000,,,,19.492857,
07/22/2019 13:35:00.000000,,,,22.095238,
07/22/2019 13:36:00.000000,,,,0.020647,
07/22/2019 13:37:00.000000,,,,15.419048,
07/22/2019 13:38:00.000000,,,,0.0252,
07/22/2019 13:39:00.000000,,,,13.311628,
07/22/2019 13:40:00.000000,,,,0.020053,
07/22/2019 13:41:00.000000,,,,0.023458,
07/22/2019 13:42:00.000000,,,,0.021924,
07/22/2019 13:43:00.000000,,,,0.022887,
07/22/2019 13:44:00.000000,,,,0.021186,
07/22/2019 13:45:00.000000,,,,26.267567,
07/22/2019 13:46:00.000000,,,,0.043889,
07/22/2019 13:47:00.000000,,,,23.204762,
07/22/2019 13:48:00.000000,,,,19.27381,
07/22/2019 13:49:00.000000,,,,14.817073,
07/22/2019 13:50:00.000000,,,,0.035816,
07/22/2019 13:51:00.000000,,,,0.026452,
07/22/2019 13:52:00.000000,,,,14.7,
07/22/2019 13:53:00.000000,,,,0.017859,
07/22/2019 13:54:00.000000,,,,21.913953,
07/22/2019 13:55:00.000000,,,,27.592857,
07/22/2019 13:56:00.000000,,,,0.026363,
07/22/2019 13:57:00.000000,,,,0.030569,
07/22/2019 13:58:00.000000,,,,19.714286,
07/22/2019 13:59:00.000000,,,,0.017275,
07/22/2019 14:00:00.000000,,,,0.043936,
07/22/2019 14:01:00.000000,,,,18.668421,
07/22/2019 14:02:00.000000,,,,0.022876,
07/22/2019 14:03:00.000000,,,,19.244186,
07/22/2019 14:04:00.000000,,,,0.021275,
07/22/2019 14:05:00.000000,,,,0.027256,
07/22/2019 14:06:00.000000,,,,0.01868,
07/22/2019 14:07:00.000000,,,,9.289474,
07/22/2019 14:08:00.000000,,,,17.215385,
07/22/2019 14:09:00.000000,,,,9.628571,
07/22/2019 14:10:00.000000,,,,0.017667,
07/22/2019 14:11:00.000000,,,,0.027404,
07/22/2019 14:12:00.000000,,,,9.648837,
07/22/2019 14:13:00.000000,,,,0.031842,
07/22/2019 14:14:00.000000,,,,0.081351,
07/22/2019 14:15:00.000000,,,,36.415385,
07/22/2019 14:16:00.000000,,,,0.021878,
07/22/2019 14:17:00.000000,,,,0.025093,
07/22/2019 14:18:00.000000,,,,0.021673,
07/22/2019 14:19:00.000000,,,,0.033074,
07/22/2019 14:20:00.000000,,,,0.039048,
07/22/2019 14:21:00.000000,,,,31.655814,
07/22/2019 14:22:00.000000,,,,0.021578,
07/22/2019 14:23:00.000000,,,,20.895122,
07/22/2019 14:24:00.000000,,,,10.571429,
07/22/2019 14:25:00.000000,,,,18.630769,
07/22/2019 14:26:00.000000,,,,0.024807,
07/22/2019 14:27:00.000000,,,,0.02496,
07/22/2019 14:28:00.000000,,,,28.190244,
07/22/2019 14:29:00.000000,,,,18.436842,
07/22/2019 14:30:00.000000,,,,0.025478,
07/22/2019 14:31:00.000000,,,,0.023913,
07/22/2019 14:32:00.000000,,,,0.026251,
07/22/2019 14:33:00.000000,,,,0.018087,
07/22/2019 14:34:00.000000,,,,28.208333,
07/22/2019 14:35:00.000000,,,,18.871429,
07/22/2019 14:36:00.000000,,,,25.392857,
07/22/2019 14:37:00.000000,,,,0.061159,
07/22/2019 14:38:00.000000,,,,0.021487,
07/22/2019 14:39:00.000000,,,,0.035518,
07/22/2019 14:40:00.000000,,,,0.028003,
07/22/2019 14:41:00.000000,,,,0.021825,
07/22/2019 14:42:00.000000,,,,0.026716,
07/22/2019 14:43:00.000000,,,,21.635714,
07/22/2019 14:44:00.000000,,,,0.042484,
07/22/2019 14:45:00.000000,,,,0.030681,
07/22/2019 14:46:00.000000,,,,0.030541,
07/22/2019 14:47:00.000000,,,,20.8,
07/22/2019 14:48:00.000000,,,,19.859524,
07/22/2019 14:50:00.000000,,,,0.01621,
07/22/2019 14:51:00.000000,,,,0.019406,
07/22/2019 14:52:00.000000,,,,0.013548,
07/22/2019 14:53:00.000000,,,,16.566667,
07/22/2019 14:54:00.000000,,,,0.018931,
07/22/2019 14:55:00.000000,,,,0.021838,
07/22/2019 14:56:00.000000,,,,0.041893,
07/22/2019 14:57:00.000000,,,,21.904878,
07/22/2019 14:58:00.000000,,,,16.141379,
07/22/2019 14:59:00.000000,,,,21.422222,
07/22/2019 15:00:00.000000,,,,0.02638,
07/22/2019 15:01:00.000000,,,,0.023422,
07/22/2019 15:02:00.000000,,,,35.923684,
07/22/2019 15:03:00.000000,,,,42.305263,
07/22/2019 15:04:00.000000,,,,0.022009,
07/22/2019 15:05:00.000000,,,,0.024453,
07/22/2019 15:06:00.000000,,,,23.125,
07/22/2019 15:07:00.000000,,,,25.645,
07/22/2019 15:08:00.000000,,,,25.221951,
07/22/2019 15:09:00.000000,,,,0.058008,
07/22/2019 15:10:00.000000,,,,0.036435,
07/22/2019 15:11:00.000000,,,,20.597674,
07/22/2019 15:12:00.000000,,,,0.044717,
07/22/2019 15:13:00.000000,,,,0.034032,
07/22/2019 15:14:00.000000,,,,27.225,
07/22/2019 15:15:00.000000,,,,0.030285,
07/22/2019 15:16:00.000000,,,,0.018744,
07/22/2019 15:17:00.000000,,,,0.023705,
07/22/2019 15:18:00.000000,,,,19.166667,
07/22/2019 15:19:00.000000,,,,20.0,
07/22/2019 15:20:00.000000,,,,0.017125,
07/22/2019 15:21:00.000000,,,,0.020155,
07/22/2019 15:22:00.000000,,,,20.014286,
07/22/2019 15:23:00.000000,,,,0.021172,
07/22/2019 15:24:00.000000,,,,18.8375,
07/22/2019 15:25:00.000000,,,,0.029451,
07/22/2019 15:26:00.000000,,,,12.821951,
07/22/2019 15:27:00.000000,,,,0.013136,
07/22/2019 15:28:00.000000,,,,11.280952,
07/22/2019 15:29:00.000000,,,,0.016732,
07/22/2019 15:30:00.000000,,,,16.02069,
07/22/2019 15:31:00.000000,,,,0.025964,
07/22/2019 15:32:00.000000,,,,0.024343,
07/22/2019 15:33:00.000000,,,,0.020134,
07/22/2019 15:34:00.000000,,,,0.018798,
07/22/2019 15:35:00.000000,,,,18.513953,
07/22/2019 15:36:00.000000,,,,0.021225,
07/22/2019 15:37:00.000000,,,,0.018717,
07/22/2019 15:38:00.000000,,,,0.036104,
07/22/2019 15:39:00.000000,,,,17.368421,
07/22/2019 15:40:00.000000,,,,0.018369,
07/22/2019 15:41:00.000000,,,,36.886047,
07/22/2019 15:42:00.000000,,,,0.02105,
07/22/2019 15:43:00.000000,,,,0.020945,
07/22/2019 15:44:00.000000,,,,0.024448,
07/22/2019 15:45:00.000000,,,,0.046305,
07/22/2019 15:46:00.000000,,,,29.065,
07/22/2019 15:47:00.000000,,,,0.040182,
07/22/2019 15:48:00.000000,,,,38.089474,
07/22/2019 15:50:00.000000,,,,0.028243,
07/22/2019 15:51:00.000000,,,,0.029419,
07/22/2019 15:52:00.000000,,,,0.033823,
07/22/2019 15:53:00.000000,,,,0.040978,
07/22/2019 15:54:00.000000,,,,15.842857,
07/22/2019 15:55:00.000000,,,,0.051132,
07/22/2019 15:56:00.000000,,,,24.125,
07/22/2019 15:57:00.000000,,,,22.817073,
07/22/2019 15:58:00.000000,,,,0.029831,
07/22/2019 15:59:00.000000,,,,0.035325,
07/22/2019 16:00:00.000000,,,,22.337143,
07/22/2019 16:01:00.000000,,,,17.089655,
07/22/2019 16:02:00.000000,,,,0.02719,
07/22/2019 16:03:00.000000,,,,0.02523,
07/22/2019 16:04:00.000000,,,,14.395238,
07/22/2019 16:05:00.000000,,,,0.03076,
07/22/2019 16:06:00.000000,,,,22.62,
07/22/2019 16:07:00.000000,,,,0.030613,
07/22/2019 16:08:00.000000,,,,0.029183,
07/22/2019 16:10:00.000000,,,,22.757143,
07/22/2019 16:11:00.000000,,,,19.1275,
07/22/2019 16:12:00.000000,,,,21.560465,
07/22/2019 16:13:00.000000,,,,0.035199,
07/22/2019 16:14:00.000000,,,,31.077778,
07/22/2019 16:15:00.000000,,,,0.032357,
07/22/2019 16:16:00.000000,,,,0.028218,
07/22/2019 16:17:00.000000,,,,0.084614,
07/22/2019 16:18:00.000000,,,,0.038132,
07/22/2019 16:19:00.000000,,,,23.0,
07/22/2019 16:20:00.000000,,,,0.028477,
07/22/2019 16:21:00.000000,,,,0.029468,
07/22/2019 16:22:00.000000,,,,0.019709,
07/22/2019 16:23:00.000000,,,,24.6425,
07/22/2019 16:24:00.000000,,,,19.46,
07/22/2019 16:25:00.000000,,,,0.038328,
07/22/2019 16:26:00.000000,,,,0.03647,
07/22/2019 16:27:00.000000,,,,0.033663,
07/22/2019 16:28:00.000000,,,,30.671429,
07/22/2019 16:29:00.000000,,,,0.021148,
07/22/2019 16:30:00.000000,,,,20.755814,
07/22/2019 16:31:00.000000,,,,22.726087,
07/22/2019 16:32:00.000000,,,,0.034133,
07/22/2019 16:33:00.000000,,,,23.239024,
07/22/2019 16:34:00.000000,,,,28.716667,
07/22/2019 16:35:00.000000,,,,25.095349,
07/22/2019 16:36:00.000000,,,,32.407692,
07/22/2019 16:37:00.000000,,,,28.955319,
07/22/2019 16:38:00.000000,,,,23.221951,
07/22/2019 16:39:00.000000,,,,27.981818,
07/22/2019 16:40:00.000000,,,,0.058103,
07/22/2019 16:41:00.000000,,,,0.053716,
07/22/2019 16:42:00.000000,,,,25.011111,
07/22/2019 16:43:00.000000,,,,23.704762,
07/22/2019 16:44:00.000000,,,,0.039375,
07/22/2019 16:45:00.000000,,,,20.19,
07/22/2019 16:46:00.000000,,,,0.031447,
07/22/2019 16:47:00.000000,,,,31.857143,
07/22/2019 16:48:00.000000,,,,0.034086,
07/22/2019 16:50:00.000000,,,,34.197674,
07/22/2019 16:51:00.000000,,,,0.037298,
07/22/2019 16:52:00.000000,,,,22.978049,
07/22/2019 16:53:00.000000,,,,0.025174,
07/22/2019 16:54:00.000000,,,,29.171429,
07/22/2019 16:55:00.000000,,,,20.580952,
07/22/2019 16:56:00.000000,,,,12.790244,
07/22/2019 16:57:00.000000,,,,0.022878,
07/22/2019 16:58:00.000000,,,,0.025284,
07/22/2019 16:59:00.000000,,,,17.89,
07/22/2019 17:00:00.000000,,,,20.452632,
07/22/2019 17:01:00.000000,,,,0.032059,
07/22/2019 17:02:00.000000,,,,0.039298,
07/22/2019 17:03:00.000000,,,,22.243902,
07/22/2019 17:04:00.000000,,,,22.593023,
07/22/2019 17:05:00.000000,,,,0.038581,
07/22/2019 17:06:00.000000,,,,0.024778,
07/22/2019 17:07:00.000000,,,,21.792,
07/22/2019 17:08:00.000000,,,,22.2,
07/22/2019 17:09:00.000000,,,,13.05,
07/22/2019 17:10:00.000000,,,,24.019048,
07/22/2019 17:11:00.000000,,,,25.25,
07/22/2019 17:12:00.000000,,,,0.035914,
07/22/2019 17:13:00.000000,,,,23.13125,
07/22/2019 17:14:00.000000,,,,0.027937,
07/22/2019 17:15:00.000000,,,,0.022696,
07/22/2019 17:16:00.000000,,,,19.063636,
07/22/2019 17:17:00.000000,,,,25.831034,
07/22/2019 17:18:00.000000,,,,0.03177,
07/22/2019 17:19:00.000000,,,,23.552778,
07/22/2019 17:20:00.000000,,,,19.647826,
07/22/2019 17:21:00.000000,,,,0.038066,
07/22/2019 17:22:00.000000,,,,0.035207,
07/22/2019 17:23:00.000000,,,,0.030321,
07/22/2019 17:24:00.000000,,,,12.977143,
07/22/2019 17:25:00.000000,,,,26.422581,
07/22/2019 17:26:00.000000,,,,0.047185,
07/22/2019 17:27:00.000000,,,,0.036097,
07/22/2019 17:28:00.000000,,,,26.629412,
07/22/2019 17:29:00.000000,,,,26.7,
07/22/2019 17:30:00.000000,,,,31.1175,
07/22/2019 17:31:00.000000,,,,0.0241,
07/22/2019 17:32:00.000000,,,,23.281818,
07/22/2019 17:33:00.000000,,,,30.333333,
07/22/2019 17:34:00.000000,,,,0.029665,
07/22/2019 17:35:00.000000,,,,36.08,
07/22/2019 17:36:00.000000,,,,0.038975,
07/22/2019 17:37:00.000000,,,,51.263636,
07/22/2019 17:38:00.000000,,,,0.049406,
07/22/2019 17:39:00.000000,,,,0.036817,
07/22/2019 17:40:00.000000,,,,0.03317,
07/22/2019 17:41:00.000000,,,,0.031068,
07/22/2019 17:42:00.000000,,,,0.03432,
07/22/2019 17:43:00.000000,,,,0.04122,
07/22/2019 17:44:00.000000,,,,0.056863,
07/22/2019 17:45:00.000000,,,,18.443182,
07/22/2019 17:46:00.000000,,,,10.510526,
07/22/2019 17:47:00.000000,,,,0.02858,
07/22/2019 17:48:00.000000,,,,27.566667,
07/22/2019 17:49:00.000000,,,,29.410526,
07/22/2019 17:50:00.000000,,,,0.039795,
07/22/2019 17:51:00.000000,,,,32.64,
07/22/2019 17:52:00.000000,,,,24.685,
07/22/2019 17:53:00.000000,,,,0.030706,
07/22/2019 17:54:00.000000,,,,0.022015,
07/22/2019 17:55:00.000000,,,,23.12,
07/22/2019 17:56:00.000000,,,,0.031371,
07/22/2019 17:57:00.000000,,,,0.026061,
07/22/2019 17:58:00.000000,,,,24.105128,
07/22/2019 17:59:00.000000,,,,17.533333,
07/22/2019 18:00:00.000000,,,,17.658537,
07/22/2019 18:01:00.000000,,,,23.8,
07/22/2019 18:02:00.000000,,,,0.022875,
07/22/2019 18:03:00.000000,,,,16.74878,
07/22/2019 18:04:00.000000,,,,18.292857,
07/22/2019 18:05:00.000000,,,,0.046344,
07/22/2019 18:06:00.000000,,,,0.030032,
07/22/2019 18:07:00.000000,,,,16.678947,
07/22/2019 18:08:00.000000,,,,0.026791,
07/22/2019 18:09:00.000000,,,,0.019778,
07/22/2019 18:10:00.000000,,,,20.91875,
07/22/2019 18:11:00.000000,,,,0.016955,
07/22/2019 18:12:00.000000,,,,12.76,
07/22/2019 18:13:00.000000,,,,30.11,
07/22/2019 18:14:00.000000,,,,0.026795,
07/22/2019 18:15:00.000000,,,,0.0225,
07/22/2019 18:16:00.000000,,,,9.92,
07/22/2019 18:17:00.000000,,,,19.286842,
07/22/2019 18:18:00.000000,,,,0.040129,
07/22/2019 18:19:00.000000,,,,12.923077,
07/22/2019 18:20:00.000000,,,,0.02623,
07/22/2019 18:21:00.000000,,,,23.34,
07/22/2019 18:22:00.000000,,,,0.034782,
07/22/2019 18:23:00.000000,,,,24.348649,
07/22/2019 18:24:00.000000,,,,0.034324,
07/22/2019 18:25:00.000000,,,,0.029278,
07/22/2019 18:26:00.000000,,,,29.416216,
07/22/2019 18:27:00.000000,,,,29.678947,
07/22/2019 18:28:00.000000,,,,32.3,
07/22/2019 18:30:00.000000,,,,0.050784,
07/22/2019 18:31:00.000000,,,,29.75,
07/22/2019 18:32:00.000000,,,,37.55,
07/22/2019 18:33:00.000000,,,,0.034388,
07/22/2019 18:34:00.000000,,,,27.255,
07/22/2019 18:35:00.000000,,,,23.985366,
07/22/2019 18:36:00.000000,,,,36.536585,
07/22/2019 18:37:00.000000,,,,0.035549,
07/22/2019 18:38:00.000000,,,,26.34,
07/22/2019 18:39:00.000000,,,,30.661538,
07/22/2019 18:40:00.000000,,,,30.073684,
07/22/2019 18:41:00.000000,,,,0.016587,
07/22/2019 18:42:00.000000,,,,0.056128,
07/22/2019 18:43:00.000000,,,,37.3925,
07/22/2019 18:44:00.000000,,,,32.441463,
07/22/2019 18:45:00.000000,,,,37.565789,
07/22/2019 18:46:00.000000,,,,25.128205,
07/22/2019 18:47:00.000000,,,,15.383721,
07/22/2019 18:48:00.000000,,,,28.413636,
07/22/2019 18:50:00.000000,,,,0.046221,
07/22/2019 18:51:00.000000,,,,36.321622,
07/22/2019 18:52:00.000000,,,,0.040827,
07/22/2019 18:53:00.000000,,,,30.62,
07/22/2019 18:54:00.000000,,,,34.926829,
07/22/2019 18:55:00.000000,,,,0.031593,
07/22/2019 18:56:00.000000,,,,0.021218,
07/22/2019 18:57:00.000000,,,,15.172973,
07/22/2019 18:58:00.000000,,,,24.433333,
07/22/2019 18:59:00.000000,,,,19.97,
07/22/2019 19:00:00.000000,,,,16.587179,
07/22/2019 19:01:00.000000,,,,0.022343,
07/22/2019 19:02:00.000000,,,,0.019677,
07/22/2019 19:03:00.000000,,,,22.902326,
07/22/2019 19:04:00.000000,,,,25.348837,
07/22/2019 19:05:00.000000,,,,15.016667,
07/22/2019 19:06:00.000000,,,,24.269767,
07/22/2019 19:07:00.000000,,,,17.085714,
07/22/2019 19:08:00.000000,,,,0.02948,
07/22/2019 19:09:00.000000,,,,38.128571,
07/22/2019 19:10:00.000000,,,,31.906818,
07/22/2019 19:11:00.000000,,,,0.023751,
07/22/2019 19:12:00.000000,,,,44.193939,
07/22/2019 19:13:00.000000,,,,0.047389,
07/22/2019 19:14:00.000000,,,,11.225,
07/22/2019 19:15:00.000000,,,,0.024904,
07/22/2019 19:16:00.000000,,,,29.370588,
07/22/2019 19:17:00.000000,,,,19.441463,
07/22/2019 19:18:00.000000,,,,0.042394,
07/22/2019 19:19:00.000000,,,,0.029362,
07/22/2019 19:20:00.000000,,,,17.597561,
07/22/2019 19:21:00.000000,,,,0.036286,
07/22/2019 19:22:00.000000,,,,28.802439,
07/22/2019 19:23:00.000000,,,,0.052073,
07/22/2019 19:24:00.000000,,,,17.176923,
07/22/2019 19:25:00.000000,,,,0.027067,
07/22/2019 19:26:00.000000,,,,0.044251,
07/22/2019 19:27:00.000000,,,,0.027174,
07/22/2019 19:28:00.000000,,,,20.331818,
07/22/2019 19:29:00.000000,,,,52.078125,
07/22/2019 19:30:00.000000,,,,0.048694,
07/22/2019 19:31:00.000000,,,,0.030094,
07/22/2019 19:32:00.000000,,,,23.34,
07/22/2019 19:33:00.000000,,,,0.02235,
07/22/2019 19:34:00.000000,,,,15.314286,
07/22/2019 19:35:00.000000,,,,0.023097,
07/22/2019 19:36:00.000000,,,,0.020056,
07/22/2019 19:37:00.000000,,,,0.02771,
07/22/2019 19:38:00.000000,,,,0.055033,
07/22/2019 19:39:00.000000,,,,0.022613,
07/22/2019 19:40:00.000000,,,,20.91875,
07/22/2019 19:41:00.000000,,,,0.034593,
07/22/2019 19:42:00.000000,,,,15.290244,
07/22/2019 19:43:00.000000,,,,0.027679,
07/22/2019 19:44:00.000000,,,,0.095606,
07/22/2019 19:45:00.000000,,,,33.83,
07/22/2019 19:46:00.000000,,,,0.009351,
07/22/2019 19:47:00.000000,,,,0.048956,
07/22/2019 19:48:00.000000,,,,26.545946,
07/22/2019 19:49:00.000000,,,,35.95625,
07/22/2019 19:50:00.000000,,,,0.021432,
07/22/2019 19:51:00.000000,,,,28.442857,
07/22/2019 19:52:00.000000,,,,21.568293,
07/22/2019 19:53:00.000000,,,,0.022445,
07/22/2019 19:54:00.000000,,,,20.021622,
07/22/2019 19:55:00.000000,,,,0.03405,
07/22/2019 19:56:00.000000,,,,35.585714,
07/22/2019 19:57:00.000000,,,,0.033897,
07/22/2019 19:58:00.000000,,,,0.023934,
07/22/2019 19:59:00.000000,,,,13.632353,
07/22/2019 20:00:00.000000,,,,0.016314,
07/22/2019 20:01:00.000000,,,,0.014095,
07/22/2019 20:02:00.000000,,,,22.220513,
07/22/2019 20:03:00.000000,,,,30.66,
07/22/2019 20:04:00.000000,,,,15.157143,
07/22/2019 20:05:00.000000,,,,12.57,
07/22/2019 20:06:00.000000,,,,16.185366,
07/22/2019 20:07:00.000000,,,,0.019612,
07/22/2019 20:08:00.000000,,,,0.026722,
07/22/2019 20:09:00.000000,,,,0.030266,
07/22/2019 20:10:00.000000,,,,0.009623,
07/22/2019 20:11:00.000000,,,,20.72093,
07/22/2019 20:12:00.000000,,,,19.375,
07/22/2019 20:13:00.000000,,,,0.034003,
07/22/2019 20:14:00.000000,,,,17.615,
07/22/2019 20:15:00.000000,,,,16.231818,
07/22/2019 20:16:00.000000,,,,20.310256,
07/22/2019 20:17:00.000000,,,,0.022533,
07/22/2019 20:18:00.000000,,,,0.027912,
07/22/2019 20:19:00.000000,,,,0.031852,
07/22/2019 20:20:00.000000,,,,34.945454,
07/22/2019 20:21:00.000000,,,,15.585366,
07/22/2019 20:22:00.000000,,,,0.020109,
07/22/2019 20:23:00.000000,,,,0.037487,
07/22/2019 20:24:00.000000,,,,20.160976,
07/22/2019 20:25:00.000000,,,,0.024669,
07/22/2019 20:26:00.000000,,,,0.023913,
07/22/2019 20:27:00.000000,,,,0.034669,
07/22/2019 20:28:00.000000,,,,22.490698,
07/22/2019 20:30:00.000000,,,,0.018793,
07/22/2019 20:31:00.000000,,,,16.163415,
07/22/2019 20:32:00.000000,,,,15.253846,
07/22/2019 20:33:00.000000,,,,0.022924,
07/22/2019 20:34:00.000000,,,,0.031082,
07/22/2019 20:35:00.000000,,,,0.021031,
07/22/2019 20:36:00.000000,,,,0.02436,
07/22/2019 20:37:00.000000,,,,0.031571,
07/22/2019 20:38:00.000000,,,,0.037111,
07/22/2019 20:39:00.000000,,,,0.026171,
07/22/2019 20:40:00.000000,,,,0.030632,
07/22/2019 20:41:00.000000,,,,0.022307,
07/22/2019 20:42:00.000000,,,,22.611628,
07/22/2019 20:43:00.000000,,,,0.030216,
07/22/2019 20:44:00.000000,,,,16.264706,
07/22/2019 20:45:00.000000,,,,14.064516,
07/22/2019 20:46:00.000000,,,,0.016586,
07/22/2019 20:47:00.000000,,,,0.016778,
07/22/2019 20:48:00.000000,,,,19.454762,
07/22/2019 20:49:00.000000,,,,19.707692,
07/22/2019 20:50:00.000000,,,,13.906977,
07/22/2019 20:51:00.000000,,,,0.022499,
07/22/2019 20:52:00.000000,,,,0.013768,
07/22/2019 20:53:00.000000,,,,13.602326,
07/22/2019 20:54:00.000000,,,,22.409756,
07/22/2019 20:55:00.000000,,,,0.036705,
07/22/2019 20:56:00.000000,,,,11.675,
07/22/2019 20:57:00.000000,,,,0.016789,
07/22/2019 20:58:00.000000,,,,14.1,
07/22/2019 20:59:00.000000,,,,0.037959,
07/22/2019 21:00:00.000000,,,,20.189189,
07/22/2019 21:01:00.000000,,,,20.519512,
07/22/2019 21:02:00.000000,,,,7.632258,
07/22/2019 21:03:00.000000,,,,0.01759,
07/22/2019 21:04:00.000000,,,,0.046393,
07/22/2019 21:05:00.000000,,,,0.048567,
07/22/2019 21:06:00.000000,,,,0.020287,
07/22/2019 21:07:00.000000,,,,15.839024,
07/22/2019 21:08:00.000000,,,,0.023587,
07/22/2019 21:09:00.000000,,,,19.794737,
07/22/2019 21:10:00.000000,,,,0.015749,
07/22/2019 21:11:00.000000,,,,13.602439,
07/22/2019 21:12:00.000000,,,,15.260465,
07/22/2019 21:13:00.000000,,,,20.009756,
07/22/2019 21:14:00.000000,,,,0.035424,
07/22/2019 21:15:00.000000,,,,0.022048,
07/22/2019 21:16:00.000000,,,,18.838461,
07/22/2019 21:17:00.000000,,,,14.983333,
07/22/2019 21:18:00.000000,,,,0.023523,
07/22/2019 21:19:00.000000,,,,0.041431,
07/22/2019 21:20:00.000000,,,,25.313636,
07/22/2019 21:21:00.000000,,,,0.021464,
07/22/2019 21:22:00.000000,,,,15.385366,
07/22/2019 21:23:00.000000,,,,16.93,
07/22/2019 21:24:00.000000,,,,18.914286,
07/22/2019 21:25:00.000000,,,,0.021202,
07/22/2019 21:26:00.000000,,,,0.022098,
07/22/2019 21:27:00.000000,,,,0.011741,
07/22/2019 21:28:00.000000,,,,0.01601,
07/22/2019 21:29:00.000000,,,,20.986047,
07/22/2019 21:30:00.000000,,,,14.5,
07/22/2019 21:31:00.000000,,,,0.021192,
07/22/2019 21:32:00.000000,,,,0.019763,
07/22/2019 21:33:00.000000,,,,20.734146,
07/22/2019 21:34:00.000000,,,,0.017396,
07/22/2019 21:35:00.000000,,,,0.017247,
07/22/2019 21:36:00.000000,,,,15.39375,
07/22/2019 21:37:00.000000,,,,29.663636,
07/22/2019 21:38:00.000000,,,,0.020101,
07/22/2019 21:39:00.000000,,,,18.304878,
07/22/2019 21:40:00.000000,,,,27.17027,
07/22/2019 21:41:00.000000,,,,0.021221,
07/22/2019 21:42:00.000000,,,,0.025002,
07/22/2019 21:43:00.000000,,,,0.02039,
07/22/2019 21:44:00.000000,,,,0.018797,
07/22/2019 21:45:00.000000,,,,0.027441,
07/22/2019 21:46:00.000000,,,,17.315909,
07/22/2019 21:47:00.000000,,,,13.516279,
07/22/2019 21:48:00.000000,,,,12.446512,
07/22/2019 21:49:00.000000,,,,8.702778,
07/22/2019 21:50:00.000000,,,,16.936842,
07/22/2019 21:51:00.000000,,,,0.031249,
07/22/2019 21:52:00.000000,,,,0.033431,
07/22/2019 21:53:00.000000,,,,21.473684,
07/22/2019 21:54:00.000000,,,,20.321951,
07/22/2019 21:55:00.000000,,,,0.028295,
07/22/2019 21:56:00.000000,,,,29.783333,
07/22/2019 21:57:00.000000,,,,18.28,
07/22/2019 21:58:00.000000,,,,13.97381,
07/22/2019 21:59:00.000000,,,,0.034108,
07/22/2019 22:00:00.000000,,,,20.15,
07/22/2019 22:01:00.000000,,,,21.638461,
07/22/2019 22:02:00.000000,,,,22.686047,
07/22/2019 22:03:00.000000,,,,17.07381,
07/22/2019 22:04:00.000000,,,,34.436364,
07/22/2019 22:05:00.000000,,,,0.020562,
07/22/2019 22:06:00.000000,,,,0.014064,
07/22/2019 22:07:00.000000,,,,32.507692,
07/22/2019 22:08:00.000000,,,,18.331579,
07/22/2019 22:09:00.000000,,,,16.048718,
07/22/2019 22:10:00.000000,,,,14.723256,
07/22/2019 22:11:00.000000,,,,0.034719,
07/22/2019 22:12:00.000000,,,,42.78,
07/22/2019 22:13:00.000000,,,,29.8,
07/22/2019 22:14:00.000000,,,,0.019122,
07/22/2019 22:15:00.000000,,,,13.978947,
07/22/2019 22:16:00.000000,,,,15.517073,
07/22/2019 22:17:00.000000,,,,16.933333,
07/22/2019 22:18:00.000000,,,,16.275,
07/22/2019 22:19:00.000000,,,,13.3875,
07/22/2019 22:20:00.000000,,,,0.024451,
07/22/2019 22:21:00.000000,,,,25.626667,
07/22/2019 22:22:00.000000,,,,22.542857,
07/22/2019 22:23:00.000000,,,,13.071429,
07/22/2019 22:24:00.000000,,,,14.257143,
07/22/2019 22:25:00.000000,,,,0.01778,
07/22/2019 22:26:00.000000,,,,0.011678,
07/22/2019 22:27:00.000000,,,,0.0211,
07/22/2019 22:28:00.000000,,,,15.785,
07/22/2019 22:29:00.000000,,,,15.833333,
07/22/2019 22:30:00.000000,,,,13.284615,
07/22/2019 22:31:00.000000,,,,0.018402,
07/22/2019 22:32:00.000000,,,,13.430769,
07/22/2019 22:33:00.000000,,,,0.025737,
07/22/2019 22:34:00.000000,,,,13.892308,
07/22/2019 22:35:00.000000,,,,14.190698,
07/22/2019 22:36:00.000000,,,,20.409302,
07/22/2019 22:37:00.000000,,,,0.012568,
07/22/2019 22:38:00.000000,,,,8.555814,
07/22/2019 22:39:00.000000,,,,13.384211,
07/22/2019 22:40:00.000000,,,,36.582609,
07/22/2019 22:41:00.000000,,,,0.033241,
07/22/2019 22:42:00.000000,,,,0.04924,
07/22/2019 22:43:00.000000,,,,25.757143,
07/22/2019 22:44:00.000000,,,,31.188889,
07/22/2019 22:45:00.000000,,,,0.02403,
07/22/2019 22:46:00.000000,,,,0.030128,
07/22/2019 22:47:00.000000,,,,0.02703,
07/22/2019 22:48:00.000000,,,,22.984615,
07/22/2019 22:49:00.000000,,,,25.931707,
07/22/2019 22:50:00.000000,,,,16.504651,
07/22/2019 22:51:00.000000,,,,0.034336,
07/22/2019 22:52:00.000000,,,,0.031694,
07/22/2019 22:53:00.000000,,,,0.032946,
07/22/2019 22:54:00.000000,,,,45.522727,
07/22/2019 22:55:00.000000,,,,22.207895,
07/22/2019 22:56:00.000000,,,,26.474419,
07/22/2019 22:57:00.000000,,,,37.490476,
07/22/2019 22:58:00.000000,,,,0.031948,
07/22/2019 22:59:00.000000,,,,0.020226,
07/22/2019 23:00:00.000000,,,,0.048729,
07/22/2019 23:01:00.000000,,,,0.036506,
07/22/2019 23:02:00.000000,,,,25.414286,
07/22/2019 23:03:00.000000,,,,20.560976,
07/22/2019 23:04:00.000000,,,,15.553333,
07/22/2019 23:05:00.000000,,,,15.502326,
07/22/2019 23:06:00.000000,,,,16.116279,
07/22/2019 23:07:00.000000,,,,21.625,
07/22/2019 23:08:00.000000,,,,16.655814,
07/22/2019 23:09:00.000000,,,,28.021951,
07/22/2019 23:10:00.000000,,,,21.670732,
07/22/2019 23:11:00.000000,,,,0.022964,
07/22/2019 23:12:00.000000,,,,0.025134,
07/22/2019 23:13:00.000000,,,,0.028029,
07/22/2019 23:14:00.000000,,,,18.824242,
07/22/2019 23:15:00.000000,,,,0.01963,
07/22/2019 23:16:00.000000,,,,0.075506,
07/22/2019 23:17:00.000000,,,,0.054163,
07/22/2019 23:18:00.000000,,,,0.032548,
07/22/2019 23:19:00.000000,,,,15.483333,
07/22/2019 23:20:00.000000,,,,0.014117,
07/22/2019 23:21:00.000000,,,,13.683333,
07/22/2019 23:22:00.000000,,,,0.024882,
07/22/2019 23:23:00.000000,,,,8.490909,
07/22/2019 23:24:00.000000,,,,10.015789,
07/22/2019 23:25:00.000000,,,,10.0225,
07/22/2019 23:26:00.000000,,,,12.056098,
07/22/2019 23:27:00.000000,,,,0.012148,
07/22/2019 23:28:00.000000,,,,0.039607,
07/22/2019 23:29:00.000000,,,,0.026705,
07/22/2019 23:30:00.000000,,,,0.017028,
07/22/2019 23:31:00.000000,,,,0.025469,
07/22/2019 23:32:00.000000,,,,24.981395,
07/22/2019 23:33:00.000000,,,,0.017677,
07/22/2019 23:34:00.000000,,,,0.01931,
07/22/2019 23:35:00.000000,,,,12.95,
07/22/2019 23:36:00.000000,,,,0.018512,
07/22/2019 23:37:00.000000,,,,0.013116,
07/22/2019 23:38:00.000000,,,,0.015689,
07/22/2019 23:39:00.000000,,,,15.251163,
07/22/2019 23:40:00.000000,,,,31.776744,
07/22/2019 23:41:00.000000,,,,16.760465,
07/22/2019 23:42:00.000000,,,,0.017655,
07/22/2019 23:43:00.000000,,,,0.02439,
07/22/2019 23:44:00.000000,,,,0.022487,
07/22/2019 23:45:00.000000,,,,12.98,
07/22/2019 23:46:00.000000,,,,0.013639,
07/22/2019 23:47:00.000000,,,,0.017802,
07/22/2019 23:48:00.000000,,,,0.018833,
07/22/2019 23:49:00.000000,,,,13.407317,
07/22/2019 23:50:00.000000,,,,0.014979,
07/22/2019 23:51:00.000000,,,,11.531818,
07/22/2019 23:52:00.000000,,,,0.015753,
07/22/2019 23:53:00.000000,,,,13.240476,
07/22/2019 23:54:00.000000,,,,0.010703,
07/22/2019 23:55:00.000000,,,,0.015443,
07/22/2019 23:56:00.000000,,,,0.009648,
07/22/2019 23:57:00.000000,,,,12.2,
07/22/2019 23:58:00.000000,,,,9.553488,
07/22/2019 23:59:00.000000,,,,0.012836,
07/23/2019 00:00:00.000000,,,,0.0224,
07/23/2019 00:01:00.000000,,,,0.010606,
07/23/2019 00:02:00.000000,,,,9.0225,
07/23/2019 00:03:00.000000,,,,13.185366,
07/23/2019 00:04:00.000000,,,,13.007143,
07/23/2019 00:05:00.000000,,,,14.202326,
07/23/2019 00:06:00.000000,,,,0.014378,
07/23/2019 00:07:00.000000,,,,10.387805,
07/23/2019 00:08:00.000000,,,,10.3,
07/23/2019 00:10:00.000000,,,,12.652632,
07/23/2019 00:11:00.000000,,,,0.01419,
07/23/2019 00:12:00.000000,,,,0.035882,
07/23/2019 00:13:00.000000,,,,16.625,
07/23/2019 00:14:00.000000,,,,8.45,
07/23/2019 00:15:00.000000,,,,0.00946,
07/23/2019 00:16:00.000000,,,,10.613953,
07/23/2019 00:17:00.000000,,,,13.806818,
07/23/2019 00:18:00.000000,,,,0.008509,
07/23/2019 00:19:00.000000,,,,9.5875,
07/23/2019 00:20:00.000000,,,,9.081395,
07/23/2019 00:21:00.000000,,,,6.146512,
07/23/2019 00:22:00.000000,,,,5.0,
07/23/2019 00:23:00.000000,,,,5.166667,
07/23/2019 00:24:00.000000,,,,21.054348,
07/23/2019 00:25:00.000000,,,,0.010658,
07/23/2019 00:26:00.000000,,,,10.697727,
07/23/2019 00:27:00.000000,,,,0.013132,
07/23/2019 00:28:00.000000,,,,0.006605,
07/23/2019 00:30:00.000000,,,,15.385366,
07/23/2019 00:31:00.000000,,,,6.4,
07/23/2019 00:32:00.000000,,,,0.006026,
07/23/2019 00:33:00.000000,,,,5.063415,
07/23/2019 00:34:00.000000,,,,0.007927,
07/23/2019 00:35:00.000000,,,,16.037209,
07/23/2019 00:36:00.000000,,,,0.00902,
07/23/2019 00:37:00.000000,,,,0.01129,
07/23/2019 00:38:00.000000,,,,0.017619,
07/23/2019 00:39:00.000000,,,,0.013309,
07/23/2019 00:40:00.000000,,,,6.783333,
07/23/2019 00:41:00.000000,,,,17.453659,
07/23/2019 00:42:00.000000,,,,22.659524,
07/23/2019 00:43:00.000000,,,,0.011694,
07/23/2019 00:44:00.000000,,,,0.010915,
07/23/2019 00:45:00.000000,,,,11.351163,
07/23/2019 00:46:00.000000,,,,6.106977,
07/23/2019 00:47:00.000000,,,,4.86,
07/23/2019 00:48:00.000000,,,,5.15,
07/23/2019 00:50:00.000000,,,,6.028571,
07/23/2019 00:51:00.000000,,,,0.011308,
07/23/2019 00:52:00.000000,,,,0.016106,
07/23/2019 00:53:00.000000,,,,0.012578,
07/23/2019 00:54:00.000000,,,,0.012668,
07/23/2019 00:55:00.000000,,,,0.019514,
07/23/2019 00:56:00.000000,,,,0.01296,
07/23/2019 00:57:00.000000,,,,16.22069,
07/23/2019 00:58:00.000000,,,,0.008066,
07/23/2019 00:59:00.000000,,,,0.02638,
07/23/2019 01:00:00.000000,,,,23.014634,
07/23/2019 01:01:00.000000,,,,16.825581,
07/23/2019 01:02:00.000000,,,,0.030206,
07/23/2019 01:03:00.000000,,,,14.436364,
07/23/2019 01:04:00.000000,,,,0.022939,
07/23/2019 01:05:00.000000,,,,0.021727,
07/23/2019 01:06:00.000000,,,,0.016274,
07/23/2019 01:07:00.000000,,,,0.028742,
07/23/2019 01:08:00.000000,,,,15.327907,
07/23/2019 01:09:00.000000,,,,20.309302,
07/23/2019 01:10:00.000000,,,,37.55,
07/23/2019 01:11:00.000000,,,,0.03283,
07/23/2019 01:12:00.000000,,,,22.542105,
07/23/2019 01:13:00.000000,,,,0.021903,
07/23/2019 01:14:00.000000,,,,12.319512,
07/23/2019 01:15:00.000000,,,,21.747368,
07/23/2019 01:16:00.000000,,,,0.016983,
07/23/2019 01:17:00.000000,,,,23.142857,
07/23/2019 01:18:00.000000,,,,0.008627,
07/23/2019 01:19:00.000000,,,,0.026558,
07/23/2019 01:20:00.000000,,,,15.697727,
07/23/2019 01:21:00.000000,,,,0.034778,
07/23/2019 01:22:00.000000,,,,0.017806,
07/23/2019 01:23:00.000000,,,,20.3,
07/23/2019 01:24:00.000000,,,,0.014727,
07/23/2019 01:25:00.000000,,,,18.72,
07/23/2019 01:26:00.000000,,,,0.007825,
07/23/2019 01:27:00.000000,,,,5.790244,
07/23/2019 01:28:00.000000,,,,11.983333,
07/23/2019 01:29:00.000000,,,,18.64,
07/23/2019 01:30:00.000000,,,,9.733333,
07/23/2019 01:31:00.000000,,,,0.008898,
07/23/2019 01:32:00.000000,,,,4.828947,
07/23/2019 01:33:00.000000,,,,0.020181,
07/23/2019 01:34:00.000000,,,,0.014628,
07/23/2019 01:35:00.000000,,,,8.628571,
07/23/2019 01:36:00.000000,,,,8.995349,
07/23/2019 01:37:00.000000,,,,16.362222,
07/23/2019 01:38:00.000000,,,,5.695455,
07/23/2019 01:39:00.000000,,,,5.493548,
07/23/2019 01:40:00.000000,,,,0.007606,
07/23/2019 01:41:00.000000,,,,0.00946,
07/23/2019 01:42:00.000000,,,,11.135714,
07/23/2019 01:43:00.000000,,,,0.010836,
07/23/2019 01:44:00.000000,,,,8.496,
07/23/2019 01:45:00.000000,,,,3.177419,
07/23/2019 01:46:00.000000,,,,0.004324,
07/23/2019 01:47:00.000000,,,,0.003459,
07/23/2019 01:48:00.000000,,,,3.580952,
07/23/2019 01:50:00.000000,,,,0.007116,
07/23/2019 01:51:00.000000,,,,3.55122,
07/23/2019 01:52:00.000000,,,,6.05,
07/23/2019 01:53:00.000000,,,,3.25122,
07/23/2019 01:54:00.000000,,,,3.148718,
07/23/2019 01:55:00.000000,,,,0.006514,
07/23/2019 01:56:00.000000,,,,0.009719,
07/23/2019 01:57:00.000000,,,,7.913158,
07/23/2019 01:58:00.000000,,,,0.005286,
07/23/2019 01:59:00.000000,,,,0.004526,
07/23/2019 02:00:00.000000,,,,4.277419,
07/23/2019 02:01:00.000000,,,,0.00771,
07/23/2019 02:02:00.000000,,,,4.1,
07/23/2019 02:03:00.000000,,,,0.005269,
07/23/2019 02:04:00.000000,,,,6.846341,
07/23/2019 02:05:00.000000,,,,15.577273,
07/23/2019 02:06:00.000000,,,,6.19,
07/23/2019 02:07:00.000000,,,,12.55,
07/23/2019 02:08:00.000000,,,,4.984375,
07/23/2019 02:09:00.000000,,,,6.35,
07/23/2019 02:10:00.000000,,,,0.008085,
07/23/2019 02:11:00.000000,,,,0.011107,
07/23/2019 02:12:00.000000,,,,12.107692,
07/23/2019 02:13:00.000000,,,,0.011541,
07/23/2019 02:14:00.000000,,,,8.6,
07/23/2019 02:15:00.000000,,,,5.586111,
07/23/2019 02:16:00.000000,,,,0.005729,
07/23/2019 02:17:00.000000,,,,9.642857,
07/23/2019 02:18:00.000000,,,,5.271429,
07/23/2019 02:19:00.000000,,,,6.5875,
07/23/2019 02:20:00.000000,,,,7.242857,
07/23/2019 02:21:00.000000,,,,0.0068,
07/23/2019 02:22:00.000000,,,,4.753333,
07/23/2019 02:23:00.000000,,,,0.008126,
07/23/2019 02:24:00.000000,,,,0.009723,
07/23/2019 02:25:00.000000,,,,0.032132,
07/23/2019 02:26:00.000000,,,,0.01362,
07/23/2019 02:27:00.000000,,,,10.292308,
07/23/2019 02:28:00.000000,,,,6.954545,
07/23/2019 02:29:00.000000,,,,0.012174,
07/23/2019 02:30:00.000000,,,,11.105405,
07/23/2019 02:31:00.000000,,,,0.009462,
07/23/2019 02:32:00.000000,,,,4.902632,
07/23/2019 02:33:00.000000,,,,10.085714,
07/23/2019 02:34:00.000000,,,,5.39,
07/23/2019 02:35:00.000000,,,,4.577273,
07/23/2019 02:36:00.000000,,,,0.009015,
07/23/2019 02:37:00.000000,,,,6.015,
07/23/2019 02:38:00.000000,,,,0.013585,
07/23/2019 02:39:00.000000,,,,8.6,
07/23/2019 02:40:00.000000,,,,0.006938,
07/23/2019 02:41:00.000000,,,,9.152381,
07/23/2019 02:42:00.000000,,,,0.012741,
07/23/2019 02:43:00.000000,,,,0.006794,
07/23/2019 02:44:00.000000,,,,0.00826,
07/23/2019 02:45:00.000000,,,,7.953659,
07/23/2019 02:46:00.000000,,,,0.007197,
07/23/2019 02:47:00.000000,,,,0.009199,
07/23/2019 02:48:00.000000,,,,0.005661,
07/23/2019 02:49:00.000000,,,,6.871429,
07/23/2019 02:50:00.000000,,,,0.006084,
07/23/2019 02:51:00.000000,,,,0.013075,
07/23/2019 02:52:00.000000,,,,0.008858,
07/23/2019 02:53:00.000000,,,,8.62,
07/23/2019 02:54:00.000000,,,,7.88,
07/23/2019 02:55:00.000000,,,,16.82093,
07/23/2019 02:56:00.000000,,,,16.773913,
07/23/2019 02:57:00.000000,,,,10.5,
07/23/2019 02:58:00.000000,,,,7.64359,
07/23/2019 02:59:00.000000,,,,5.8,
07/23/2019 03:00:00.000000,,,,0.008734,
07/23/2019 03:01:00.000000,,,,6.768182,
07/23/2019 03:02:00.000000,,,,10.114634,
07/23/2019 03:03:00.000000,,,,0.014148,
07/23/2019 03:04:00.000000,,,,9.185714,
07/23/2019 03:05:00.000000,,,,0.006919,
07/23/2019 03:06:00.000000,,,,0.01223,
07/23/2019 03:07:00.000000,,,,5.4875,
07/23/2019 03:08:00.000000,,,,5.133333,
07/23/2019 03:09:00.000000,,,,0.009837,
07/23/2019 03:10:00.000000,,,,0.008899,
07/23/2019 03:11:00.000000,,,,9.469231,
07/23/2019 03:12:00.000000,,,,13.060976,
07/23/2019 03:13:00.000000,,,,10.170732,
07/23/2019 03:14:00.000000,,,,0.00893,
07/23/2019 03:15:00.000000,,,,0.008548,
07/23/2019 03:16:00.000000,,,,0.00661,
07/23/2019 03:17:00.000000,,,,5.393548,
07/23/2019 03:18:00.000000,,,,4.367442,
07/23/2019 03:19:00.000000,,,,0.009394,
07/23/2019 03:20:00.000000,,,,0.011364,
07/23/2019 03:21:00.000000,,,,0.007651,
07/23/2019 03:22:00.000000,,,,0.008889,
07/23/2019 03:23:00.000000,,,,4.41,
07/23/2019 03:24:00.000000,,,,0.00562,
07/23/2019 03:25:00.000000,,,,0.006373,
07/23/2019 03:26:00.000000,,,,4.681081,
07/23/2019 03:27:00.000000,,,,7.502439,
07/23/2019 03:28:00.000000,,,,10.0125,
07/23/2019 03:29:00.000000,,,,0.007868,
07/23/2019 03:30:00.000000,,,,0.016189,
07/23/2019 03:31:00.000000,,,,0.007321,
07/23/2019 03:32:00.000000,,,,0.020871,
07/23/2019 03:33:00.000000,,,,10.004878,
07/23/2019 03:34:00.000000,,,,0.010662,
07/23/2019 03:35:00.000000,,,,5.3,
07/23/2019 03:36:00.000000,,,,6.109524,
07/23/2019 03:37:00.000000,,,,4.966667,
07/23/2019 03:38:00.000000,,,,5.2,
07/23/2019 03:39:00.000000,,,,0.006249,
07/23/2019 03:40:00.000000,,,,12.0875,
07/23/2019 03:41:00.000000,,,,11.034884,
07/23/2019 03:42:00.000000,,,,8.94186,
07/23/2019 03:43:00.000000,,,,0.00662,
07/23/2019 03:44:00.000000,,,,14.252632,
07/23/2019 03:45:00.000000,,,,14.5,
07/23/2019 03:46:00.000000,,,,0.012127,
07/23/2019 03:47:00.000000,,,,8.814286,
07/23/2019 03:48:00.000000,,,,0.009652,
07/23/2019 03:50:00.000000,,,,4.825581,
07/23/2019 03:51:00.000000,,,,0.008291,
07/23/2019 03:52:00.000000,,,,0.00827,
07/23/2019 03:53:00.000000,,,,0.005898,
07/23/2019 03:54:00.000000,,,,6.704545,
07/23/2019 03:55:00.000000,,,,0.006496,
07/23/2019 03:56:00.000000,,,,4.476923,
07/23/2019 03:57:00.000000,,,,0.011632,
07/23/2019 03:58:00.000000,,,,0.00926,
07/23/2019 03:59:00.000000,,,,0.005857,
07/23/2019 04:00:00.000000,,,,7.243182,
07/23/2019 04:01:00.000000,,,,0.023676,
07/23/2019 04:02:00.000000,,,,7.0,
07/23/2019 04:03:00.000000,,,,0.006208,
07/23/2019 04:04:00.000000,,,,8.197674,
07/23/2019 04:05:00.000000,,,,7.853846,
07/23/2019 04:06:00.000000,,,,5.728571,
07/23/2019 04:07:00.000000,,,,0.006991,
07/23/2019 04:08:00.000000,,,,5.107692,
07/23/2019 04:10:00.000000,,,,6.833333,
07/23/2019 04:11:00.000000,,,,0.006146,
07/23/2019 04:12:00.000000,,,,0.010332,
07/23/2019 04:13:00.000000,,,,6.457143,
07/23/2019 04:14:00.000000,,,,8.939535,
07/23/2019 04:15:00.000000,,,,28.94878,
07/23/2019 04:16:00.000000,,,,0.0152,
07/23/2019 04:17:00.000000,,,,0.010669,
07/23/2019 04:18:00.000000,,,,0.010442,
07/23/2019 04:19:00.000000,,,,0.010175,
07/23/2019 04:20:00.000000,,,,13.257143,
07/23/2019 04:21:00.000000,,,,14.356098,
07/23/2019 04:22:00.000000,,,,8.765854,
07/23/2019 04:23:00.000000,,,,10.924444,
07/23/2019 04:24:00.000000,,,,6.021739,
07/23/2019 04:25:00.000000,,,,0.008795,
07/23/2019 04:26:00.000000,,,,5.434884,
07/23/2019 04:27:00.000000,,,,0.008259,
07/23/2019 04:28:00.000000,,,,5.523684,
07/23/2019 04:29:00.000000,,,,14.861538,
07/23/2019 04:30:00.000000,,,,0.010834,
07/23/2019 04:31:00.000000,,,,6.2375,
07/23/2019 04:32:00.000000,,,,0.006097,
07/23/2019 04:33:00.000000,,,,0.010237,
07/23/2019 04:34:00.000000,,,,0.006931,
07/23/2019 04:35:00.000000,,,,8.625,
07/23/2019 04:36:00.000000,,,,0.011617,
07/23/2019 04:37:00.000000,,,,5.812195,
07/23/2019 04:38:00.000000,,,,0.005983,
07/23/2019 04:39:00.000000,,,,0.009206,
07/23/2019 04:40:00.000000,,,,0.006449,
07/23/2019 04:41:00.000000,,,,0.006171,
07/23/2019 04:42:00.000000,,,,5.0,
07/23/2019 04:43:00.000000,,,,0.00685,
07/23/2019 04:44:00.000000,,,,7.32093,
07/23/2019 04:45:00.000000,,,,7.77561,
07/23/2019 04:46:00.000000,,,,0.017433,
07/23/2019 04:47:00.000000,,,,14.785,
07/23/2019 04:48:00.000000,,,,0.00865,
07/23/2019 04:50:00.000000,,,,12.614634,
07/23/2019 04:51:00.000000,,,,15.061364,
07/23/2019 04:52:00.000000,,,,14.713953,
07/23/2019 04:53:00.000000,,,,9.05122,
07/23/2019 04:54:00.000000,,,,5.378049,
07/23/2019 04:55:00.000000,,,,0.006171,
07/23/2019 04:56:00.000000,,,,7.195122,
07/23/2019 04:57:00.000000,,,,11.24,
07/23/2019 04:58:00.000000,,,,5.314634,
07/23/2019 04:59:00.000000,,,,4.643243,
07/23/2019 05:00:00.000000,,,,0.009195,
07/23/2019 05:01:00.000000,,,,10.848571,
07/23/2019 05:02:00.000000,,,,6.662791,
07/23/2019 05:03:00.000000,,,,0.015839,
07/23/2019 05:04:00.000000,,,,0.009647,
07/23/2019 05:05:00.000000,,,,5.592683,
07/23/2019 05:06:00.000000,,,,5.526829,
07/23/2019 05:07:00.000000,,,,4.897561,
07/23/2019 05:08:00.000000,,,,6.65122,
07/23/2019 05:10:00.000000,,,,5.0,
07/23/2019 05:11:00.000000,,,,12.52,
07/23/2019 05:12:00.000000,,,,0.013185,
07/23/2019 05:13:00.000000,,,,6.119048,
07/23/2019 05:14:00.000000,,,,8.792308,
07/23/2019 05:15:00.000000,,,,9.546512,
07/23/2019 05:16:00.000000,,,,8.215789,
07/23/2019 05:17:00.000000,,,,0.010162,
07/23/2019 05:18:00.000000,,,,9.011628,
07/23/2019 05:19:00.000000,,,,5.430769,
07/23/2019 05:20:00.000000,,,,0.017957,
07/23/2019 05:21:00.000000,,,,0.011951,
07/23/2019 05:22:00.000000,,,,0.013946,
07/23/2019 05:23:00.000000,,,,8.592308,
07/23/2019 05:24:00.000000,,,,0.008763,
07/23/2019 05:25:00.000000,,,,9.923077,
07/23/2019 05:26:00.000000,,,,15.221053,
07/23/2019 05:27:00.000000,,,,0.017978,
07/23/2019 05:28:00.000000,,,,0.018863,
07/23/2019 05:30:00.000000,,,,8.932432,
07/23/2019 05:31:00.000000,,,,0.005924,
07/23/2019 05:32:00.000000,,,,0.010717,
07/23/2019 05:33:00.000000,,,,0.008351,
07/23/2019 05:34:00.000000,,,,0.018554,
07/23/2019 05:35:00.000000,,,,10.009756,
07/23/2019 05:36:00.000000,,,,12.255556,
07/23/2019 05:37:00.000000,,,,8.685366,
07/23/2019 05:38:00.000000,,,,7.253846,
07/23/2019 05:39:00.000000,,,,0.007271,
07/23/2019 05:40:00.000000,,,,0.007023,
07/23/2019 05:41:00.000000,,,,0.00622,
07/23/2019 05:42:00.000000,,,,8.130769,
07/23/2019 05:43:00.000000,,,,8.176923,
07/23/2019 05:44:00.000000,,,,0.006158,
07/23/2019 05:45:00.000000,,,,6.741463,
07/23/2019 05:46:00.000000,,,,5.644737,
07/23/2019 05:47:00.000000,,,,14.451852,
07/23/2019 05:48:00.000000,,,,0.008486,
07/23/2019 05:50:00.000000,,,,0.00587,
07/23/2019 05:51:00.000000,,,,7.8,
07/23/2019 05:52:00.000000,,,,0.018661,
07/23/2019 05:53:00.000000,,,,5.858333,
07/23/2019 05:54:00.000000,,,,4.819512,
07/23/2019 05:55:00.000000,,,,4.72,
07/23/2019 05:56:00.000000,,,,6.5,
07/23/2019 05:57:00.000000,,,,8.67561,
07/23/2019 05:58:00.000000,,,,8.1475,
07/23/2019 05:59:00.000000,,,,0.011925,
07/23/2019 06:00:00.000000,,,,11.060526,
07/23/2019 06:01:00.000000,,,,8.85814,
07/23/2019 06:02:00.000000,,,,0.009011,
07/23/2019 06:03:00.000000,,,,8.6875,
07/23/2019 06:04:00.000000,,,,0.00692,
07/23/2019 06:05:00.000000,,,,0.010061,
07/23/2019 06:06:00.000000,,,,8.225641,
07/23/2019 06:07:00.000000,,,,0.006734,
07/23/2019 06:08:00.000000,,,,9.0,
07/23/2019 06:10:00.000000,,,,0.011355,
07/23/2019 06:11:00.000000,,,,0.011961,
07/23/2019 06:12:00.000000,,,,10.302326,
07/23/2019 06:13:00.000000,,,,0.011025,
07/23/2019 06:14:00.000000,,,,0.014255,
07/23/2019 06:15:00.000000,,,,6.02,
07/23/2019 06:16:00.000000,,,,8.093023,
07/23/2019 06:17:00.000000,,,,5.341463,
07/23/2019 06:18:00.000000,,,,0.012373,
07/23/2019 06:19:00.000000,,,,6.814286,
07/23/2019 06:20:00.000000,,,,7.985,
07/23/2019 06:21:00.000000,,,,7.070732,
07/23/2019 06:22:00.000000,,,,14.916667,
07/23/2019 06:23:00.000000,,,,0.011375,
07/23/2019 06:24:00.000000,,,,7.025,
07/23/2019 06:25:00.000000,,,,0.0119,
07/23/2019 06:26:00.000000,,,,11.957143,
07/23/2019 06:27:00.000000,,,,6.254545,
07/23/2019 06:28:00.000000,,,,4.593023,
07/23/2019 06:30:00.000000,,,,4.727907,
07/23/2019 06:31:00.000000,,,,13.625,
07/23/2019 06:32:00.000000,,,,9.951163,
07/23/2019 06:33:00.000000,,,,0.008177,
07/23/2019 06:34:00.000000,,,,9.302439,
07/23/2019 06:35:00.000000,,,,7.813636,
07/23/2019 06:36:00.000000,,,,6.797561,
07/23/2019 06:37:00.000000,,,,4.480488,
07/23/2019 06:38:00.000000,,,,8.85,
07/23/2019 06:39:00.000000,,,,0.005533,
07/23/2019 06:40:00.000000,,,,0.006521,
07/23/2019 06:41:00.000000,,,,8.715,
07/23/2019 06:42:00.000000,,,,12.855556,
07/23/2019 06:43:00.000000,,,,0.008269,
07/23/2019 06:44:00.000000,,,,0.012167,
07/23/2019 06:45:00.000000,,,,0.013268,
07/23/2019 06:46:00.000000,,,,5.314286,
07/23/2019 06:47:00.000000,,,,7.051163,
07/23/2019 06:48:00.000000,,,,6.892308,
07/23/2019 06:49:00.000000,,,,0.00579,
07/23/2019 06:50:00.000000,,,,10.757143,
07/23/2019 06:51:00.000000,,,,5.935,
07/23/2019 06:52:00.000000,,,,7.214286,
07/23/2019 06:53:00.000000,,,,0.005986,
07/23/2019 06:54:00.000000,,,,4.696774,
07/23/2019 06:55:00.000000,,,,4.785,
07/23/2019 06:56:00.000000,,,,0.0083,
07/23/2019 06:57:00.000000,,,,7.3375,
07/23/2019 06:58:00.000000,,,,8.995455,
07/23/2019 06:59:00.000000,,,,9.2,
07/23/2019 07:00:00.000000,,,,0.011766,
07/23/2019 07:01:00.000000,,,,5.18,
07/23/2019 07:02:00.000000,,,,4.05,
07/23/2019 07:03:00.000000,,,,6.916279,
07/23/2019 07:04:00.000000,,,,0.006533,
07/23/2019 07:05:00.000000,,,,0.01929,
07/23/2019 07:06:00.000000,,,,6.011628,
07/23/2019 07:07:00.000000,,,,6.909756,
07/23/2019 07:08:00.000000,,,,10.287805,
07/23/2019 07:09:00.000000,,,,7.726829,
07/23/2019 07:10:00.000000,,,,5.757143,
07/23/2019 07:11:00.000000,,,,9.510256,
07/23/2019 07:12:00.000000,,,,5.372973,
07/23/2019 07:13:00.000000,,,,10.155,
07/23/2019 07:14:00.000000,,,,6.095122,
07/23/2019 07:15:00.000000,,,,7.542857,
07/23/2019 07:16:00.000000,,,,0.015695,
07/23/2019 07:17:00.000000,,,,0.021745,
07/23/2019 07:18:00.000000,,,,8.776923,
07/23/2019 07:19:00.000000,,,,5.286364,
07/23/2019 07:20:00.000000,,,,0.006615,
07/23/2019 07:21:00.000000,,,,0.014904,
07/23/2019 07:22:00.000000,,,,0.011799,
07/23/2019 07:23:00.000000,,,,10.235,
07/23/2019 07:24:00.000000,,,,0.010207,
07/23/2019 07:25:00.000000,,,,14.528571,
07/23/2019 07:26:00.000000,,,,11.813953,
07/23/2019 07:27:00.000000,,,,7.24878,
07/23/2019 07:28:00.000000,,,,7.223077,
07/23/2019 07:29:00.000000,,,,9.147222,
07/23/2019 07:30:00.000000,,,,0.008925,
07/23/2019 07:31:00.000000,,,,0.005303,
07/23/2019 07:32:00.000000,,,,4.011905,
07/23/2019 07:33:00.000000,,,,12.306977,
07/23/2019 07:34:00.000000,,,,7.505263,
07/23/2019 07:35:00.000000,,,,0.01352,
07/23/2019 07:36:00.000000,,,,0.009745,
07/23/2019 07:37:00.000000,,,,0.00834,
07/23/2019 07:38:00.000000,,,,4.915,
07/23/2019 07:39:00.000000,,,,0.005888,
07/23/2019 07:40:00.000000,,,,0.009294,
07/23/2019 07:41:00.000000,,,,0.00836,
07/23/2019 07:42:00.000000,,,,4.745,
07/23/2019 07:43:00.000000,,,,0.008012,
07/23/2019 07:44:00.000000,,,,14.894872,
07/23/2019 07:45:00.000000,,,,22.417073,
07/23/2019 07:46:00.000000,,,,10.461765,
07/23/2019 07:47:00.000000,,,,0.012433,
07/23/2019 07:48:00.000000,,,,5.131707,
07/23/2019 07:50:00.000000,,,,8.390476,
07/23/2019 07:51:00.000000,,,,0.006709,
07/23/2019 07:52:00.000000,,,,9.941463,
07/23/2019 07:53:00.000000,,,,15.36,
07/23/2019 07:54:00.000000,,,,9.218605,
07/23/2019 07:55:00.000000,,,,0.012464,
07/23/2019 07:56:00.000000,,,,0.007488,
07/23/2019 07:57:00.000000,,,,5.528571,
07/23/2019 07:58:00.000000,,,,14.5,
07/23/2019 07:59:00.000000,,,,16.2375,
07/23/2019 08:00:00.000000,,,,0.010125,
07/23/2019 08:01:00.000000,,,,0.010925,
07/23/2019 08:02:00.000000,,,,0.009643,
07/23/2019 08:03:00.000000,,,,0.013869,
07/23/2019 08:04:00.000000,,,,10.839024,
07/23/2019 08:05:00.000000,,,,12.902222,
07/23/2019 08:06:00.000000,,,,11.162791,
07/23/2019 08:07:00.000000,,,,6.146154,
07/23/2019 08:08:00.000000,,,,0.011945,
07/23/2019 08:09:00.000000,,,,0.010163,
07/23/2019 08:10:00.000000,,,,9.753488,
07/23/2019 08:11:00.000000,,,,0.012847,
07/23/2019 08:12:00.000000,,,,0.007991,
07/23/2019 08:13:00.000000,,,,10.067391,
07/23/2019 08:14:00.000000,,,,9.742857,
07/23/2019 08:15:00.000000,,,,16.712195,
07/23/2019 08:16:00.000000,,,,15.814286,
07/23/2019 08:17:00.000000,,,,0.013933,
07/23/2019 08:18:00.000000,,,,8.205,
07/23/2019 08:19:00.000000,,,,0.012867,
07/23/2019 08:20:00.000000,,,,0.013421,
07/23/2019 08:21:00.000000,,,,0.012888,
07/23/2019 08:22:00.000000,,,,9.604651,
07/23/2019 08:23:00.000000,,,,0.009835,
07/23/2019 08:24:00.000000,,,,0.010593,
07/23/2019 08:25:00.000000,,,,0.013482,
07/23/2019 08:26:00.000000,,,,0.015859,
07/23/2019 08:27:00.000000,,,,0.020303,
07/23/2019 08:28:00.000000,,,,8.885714,
07/23/2019 08:29:00.000000,,,,7.243902,
07/23/2019 08:30:00.000000,,,,0.011193,
07/23/2019 08:31:00.000000,,,,12.464102,
07/23/2019 08:32:00.000000,,,,0.028218,
07/23/2019 08:33:00.000000,,,,0.026397,
07/23/2019 08:34:00.000000,,,,0.012441,
07/23/2019 08:35:00.000000,,,,12.285714,
07/23/2019 08:36:00.000000,,,,8.285714,
07/23/2019 08:37:00.000000,,,,0.010129,
07/23/2019 08:38:00.000000,,,,8.23,
07/23/2019 08:39:00.000000,,,,0.011807,
07/23/2019 08:40:00.000000,,,,0.01062,
07/23/2019 08:41:00.000000,,,,0.014201,
07/23/2019 08:42:00.000000,,,,0.015695,
07/23/2019 08:43:00.000000,,,,11.87561,
07/23/2019 08:44:00.000000,,,,11.006667,
07/23/2019 08:45:00.000000,,,,13.54,
07/23/2019 08:46:00.000000,,,,0.011398,
07/23/2019 08:47:00.000000,,,,6.94,
07/23/2019 08:48:00.000000,,,,11.2,
07/23/2019 08:49:00.000000,,,,19.147619,
07/23/2019 08:50:00.000000,,,,14.258974,
07/23/2019 08:51:00.000000,,,,15.818182,
07/23/2019 08:52:00.000000,,,,0.024768,
07/23/2019 08:53:00.000000,,,,16.009302,
07/23/2019 08:54:00.000000,,,,25.748718,
07/23/2019 08:55:00.000000,,,,15.214286,
07/23/2019 08:56:00.000000,,,,8.52,
07/23/2019 08:57:00.000000,,,,10.531707,
07/23/2019 08:58:00.000000,,,,10.471429,
07/23/2019 08:59:00.000000,,,,0.010198,
07/23/2019 09:00:00.000000,,,,7.4625,
07/23/2019 09:01:00.000000,,,,0.015204,
07/23/2019 09:02:00.000000,,,,16.476923,
07/23/2019 09:03:00.000000,,,,10.843902,
07/23/2019 09:04:00.000000,,,,0.012772,
07/23/2019 09:05:00.000000,,,,0.010668,
07/23/2019 09:06:00.000000,,,,12.12439,
07/23/2019 09:07:00.000000,,,,0.01455,
07/23/2019 09:08:00.000000,,,,0.014939,
07/23/2019 09:10:00.000000,,,,30.3575,
07/23/2019 09:11:00.000000,,,,0.022091,
07/23/2019 09:12:00.000000,,,,14.5,
07/23/2019 09:13:00.000000,,,,9.891892,
07/23/2019 09:14:00.000000,,,,0.01359,
07/23/2019 09:15:00.000000,,,,0.015838,
07/23/2019 09:16:00.000000,,,,12.1925,
07/23/2019 09:17:00.000000,,,,8.382759,
07/23/2019 09:18:00.000000,,,,10.756,
07/23/2019 09:19:00.000000,,,,11.592308,
07/23/2019 09:20:00.000000,,,,0.015082,
07/23/2019 09:21:00.000000,,,,0.014407,
07/23/2019 09:22:00.000000,,,,0.00983,
07/23/2019 09:23:00.000000,,,,0.011342,
07/23/2019 09:24:00.000000,,,,0.015817,
07/23/2019 09:25:00.000000,,,,12.481081,
07/23/2019 09:26:00.000000,,,,0.024973,
07/23/2019 09:27:00.000000,,,,0.013386,
07/23/2019 09:28:00.000000,,,,10.089474,
07/23/2019 09:30:00.000000,,,,0.011628,
07/23/2019 09:31:00.000000,,,,13.936585,
07/23/2019 09:32:00.000000,,,,0.018617,
07/23/2019 09:33:00.000000,,,,0.019966,
07/23/2019 09:34:00.000000,,,,7.384848,
07/23/2019 09:35:00.000000,,,,0.009932,
07/23/2019 09:36:00.000000,,,,0.012936,
07/23/2019 09:37:00.000000,,,,0.009605,
07/23/2019 09:38:00.000000,,,,0.014959,
07/23/2019 09:39:00.000000,,,,13.116667,
07/23/2019 09:40:00.000000,,,,13.425581,
07/23/2019 09:41:00.000000,,,,0.016451,
07/23/2019 09:42:00.000000,,,,13.886486,
07/23/2019 09:43:00.000000,,,,0.014101,
07/23/2019 09:44:00.000000,,,,12.205555,
07/23/2019 09:45:00.000000,,,,13.362963,
07/23/2019 09:46:00.000000,,,,0.015695,
07/23/2019 09:47:00.000000,,,,12.931707,
07/23/2019 09:48:00.000000,,,,18.970732,
07/23/2019 09:49:00.000000,,,,0.015348,
07/23/2019 09:50:00.000000,,,,12.85,
07/23/2019 09:51:00.000000,,,,0.024369,
07/23/2019 09:52:00.000000,,,,0.016287,
07/23/2019 09:53:00.000000,,,,13.506977,
07/23/2019 09:54:00.000000,,,,0.01547,
07/23/2019 09:55:00.000000,,,,8.714286,
07/23/2019 09:56:00.000000,,,,10.767442,
07/23/2019 09:57:00.000000,,,,7.860976,
07/23/2019 09:58:00.000000,,,,13.47561,
07/23/2019 09:59:00.000000,,,,14.073171,
07/23/2019 10:00:00.000000,,,,0.018572,
07/23/2019 10:01:00.000000,,,,14.028571,
07/23/2019 10:02:00.000000,,,,11.986364,
07/23/2019 10:03:00.000000,,,,7.345161,
07/23/2019 10:04:00.000000,,,,13.843182,
07/23/2019 10:05:00.000000,,,,8.206977,
07/23/2019 10:06:00.000000,,,,24.81,
07/23/2019 10:07:00.000000,,,,9.54878,
07/23/2019 10:08:00.000000,,,,0.020103,
07/23/2019 10:09:00.000000,,,,17.814286,
07/23/2019 10:10:00.000000,,,,0.019654,
07/23/2019 10:11:00.000000,,,,0.016266,
07/23/2019 10:12:00.000000,,,,0.01047,
07/23/2019 10:13:00.000000,,,,11.135714,
07/23/2019 10:14:00.000000,,,,16.057143,
07/23/2019 10:15:00.000000,,,,30.313889,
07/23/2019 10:16:00.000000,,,,0.019634,
07/23/2019 10:17:00.000000,,,,8.17,
07/23/2019 10:18:00.000000,,,,20.081818,
07/23/2019 10:19:00.000000,,,,14.54878,
07/23/2019 10:20:00.000000,,,,0.010497,
07/23/2019 10:21:00.000000,,,,0.013167,
07/23/2019 10:22:00.000000,,,,0.012922,
07/23/2019 10:23:00.000000,,,,13.669767,
07/23/2019 10:24:00.000000,,,,0.016938,
07/23/2019 10:25:00.000000,,,,0.01066,
07/23/2019 10:26:00.000000,,,,0.014207,
07/23/2019 10:27:00.000000,,,,0.010375,
07/23/2019 10:28:00.000000,,,,0.016245,
07/23/2019 10:30:00.000000,,,,0.016224,
07/23/2019 10:31:00.000000,,,,0.018242,
07/23/2019 10:32:00.000000,,,,15.9,
07/23/2019 10:33:00.000000,,,,0.016204,
07/23/2019 10:34:00.000000,,,,13.580952,
07/23/2019 10:35:00.000000,,,,15.842857,
07/23/2019 10:36:00.000000,,,,0.013595,
07/23/2019 10:37:00.000000,,,,0.020607,
07/23/2019 10:38:00.000000,,,,20.921951,
07/23/2019 10:39:00.000000,,,,0.01759,
07/23/2019 10:40:00.000000,,,,0.012128,
07/23/2019 10:41:00.000000,,,,0.02452,
07/23/2019 10:42:00.000000,,,,0.015226,
07/23/2019 10:43:00.000000,,,,9.46,
07/23/2019 10:44:00.000000,,,,15.522727,
07/23/2019 10:45:00.000000,,,,0.025009,
07/23/2019 10:46:00.000000,,,,10.22439,
07/23/2019 10:47:00.000000,,,,31.663415,
07/23/2019 10:48:00.000000,,,,0.015817,
07/23/2019 10:49:00.000000,,,,0.012617,
07/23/2019 10:50:00.000000,,,,0.016856,
07/23/2019 10:51:00.000000,,,,0.021891,
07/23/2019 10:52:00.000000,,,,0.018263,
07/23/2019 10:53:00.000000,,,,15.965909,
07/23/2019 10:54:00.000000,,,,19.261538,
07/23/2019 10:55:00.000000,,,,19.371429,
07/23/2019 10:56:00.000000,,,,0.018609,
07/23/2019 10:57:00.000000,,,,15.582222,
07/23/2019 10:58:00.000000,,,,0.023399,
07/23/2019 10:59:00.000000,,,,0.018813,
07/23/2019 11:00:00.000000,,,,14.77,
07/23/2019 11:01:00.000000,,,,15.52,
07/23/2019 11:02:00.000000,,,,27.428571,
07/23/2019 11:03:00.000000,,,,15.244737,
07/23/2019 11:04:00.000000,,,,0.027435,
07/23/2019 11:05:00.000000,,,,20.028205,
07/23/2019 11:06:00.000000,,,,0.028994,
07/23/2019 11:07:00.000000,,,,0.019944,
07/23/2019 11:08:00.000000,,,,26.007692,
07/23/2019 11:10:00.000000,,,,0.025182,
07/23/2019 11:11:00.000000,,,,21.455,
07/23/2019 11:12:00.000000,,,,0.026395,
07/23/2019 11:13:00.000000,,,,10.327907,
07/23/2019 11:14:00.000000,,,,0.017906,
07/23/2019 11:15:00.000000,,,,16.65122,
07/23/2019 11:16:00.000000,,,,13.997561,
07/23/2019 11:17:00.000000,,,,14.865854,
07/23/2019 11:18:00.000000,,,,0.027547,
07/23/2019 11:19:00.000000,,,,0.034874,
07/23/2019 11:20:00.000000,,,,17.333333,
07/23/2019 11:21:00.000000,,,,27.643902,
07/23/2019 11:22:00.000000,,,,18.564286,
07/23/2019 11:23:00.000000,,,,0.028872,
07/23/2019 11:24:00.000000,,,,16.702564,
07/23/2019 11:25:00.000000,,,,0.017845,
07/23/2019 11:26:00.000000,,,,0.019638,
07/23/2019 11:27:00.000000,,,,12.035,
07/23/2019 11:28:00.000000,,,,13.85,
07/23/2019 11:30:00.000000,,,,14.767442,
07/23/2019 11:31:00.000000,,,,0.028193,
07/23/2019 11:32:00.000000,,,,26.69,
07/23/2019 11:33:00.000000,,,,12.518182,
07/23/2019 11:34:00.000000,,,,28.87619,
07/23/2019 11:35:00.000000,,,,0.041261,
07/23/2019 11:36:00.000000,,,,0.01891,
07/23/2019 11:37:00.000000,,,,0.023908,
07/23/2019 11:38:00.000000,,,,19.754054,
07/23/2019 11:39:00.000000,,,,21.168182,
07/23/2019 11:40:00.000000,,,,0.025577,
07/23/2019 11:41:00.000000,,,,0.025974,
07/23/2019 11:42:00.000000,,,,25.672727,
07/23/2019 11:43:00.000000,,,,31.536585,
07/23/2019 11:44:00.000000,,,,54.85814,
07/23/2019 11:45:00.000000,,,,33.103125,
07/23/2019 11:46:00.000000,,,,22.28,
07/23/2019 11:47:00.000000,,,,0.03203,
07/23/2019 11:48:00.000000,,,,0.033271,
07/23/2019 11:49:00.000000,,,,0.032447,
07/23/2019 11:50:00.000000,,,,28.036585,
07/23/2019 11:51:00.000000,,,,0.035236,
07/23/2019 11:52:00.000000,,,,13.034091,
07/23/2019 11:53:00.000000,,,,9.324324,
07/23/2019 11:54:00.000000,,,,11.72,
07/23/2019 11:55:00.000000,,,,17.425806,
07/23/2019 11:56:00.000000,,,,8.335,
07/23/2019 11:57:00.000000,,,,16.346341,
07/23/2019 11:58:00.000000,,,,21.171429,
07/23/2019 11:59:00.000000,,,,0.010157,
07/23/2019 12:00:00.000000,,,,0.020539,
07/23/2019 12:01:00.000000,,,,0.009414,
07/23/2019 12:02:00.000000,,,,27.2,
07/23/2019 12:03:00.000000,,,,0.017872,
07/23/2019 12:04:00.000000,,,,0.01372,
07/23/2019 12:05:00.000000,,,,10.0,
07/23/2019 12:06:00.000000,,,,10.463415,
07/23/2019 12:07:00.000000,,,,9.4,
07/23/2019 12:08:00.000000,,,,0.028539,
07/23/2019 12:09:00.000000,,,,0.017547,
07/23/2019 12:10:00.000000,,,,25.8,
07/23/2019 12:11:00.000000,,,,0.028009,
07/23/2019 12:12:00.000000,,,,0.017791,
07/23/2019 12:13:00.000000,,,,0.00857,
07/23/2019 12:14:00.000000,,,,28.138462,
07/23/2019 12:15:00.000000,,,,17.602439,
07/23/2019 12:16:00.000000,,,,15.766667,
07/23/2019 12:17:00.000000,,,,0.016468,
07/23/2019 12:18:00.000000,,,,39.341463,
07/23/2019 12:19:00.000000,,,,0.035012,
07/23/2019 12:20:00.000000,,,,15.757143,
07/23/2019 12:21:00.000000,,,,25.32381,
07/23/2019 12:22:00.000000,,,,20.885714,
07/23/2019 12:23:00.000000,,,,19.557143,
07/23/2019 12:24:00.000000,,,,0.017913,
07/23/2019 12:25:00.000000,,,,0.015918,
07/23/2019 12:26:00.000000,,,,14.515,
07/23/2019 12:27:00.000000,,,,0.018381,
07/23/2019 12:28:00.000000,,,,22.279545,
07/23/2019 12:30:00.000000,,,,15.880488,
07/23/2019 12:31:00.000000,,,,0.014023,
07/23/2019 12:32:00.000000,,,,6.045455,
07/23/2019 12:33:00.000000,,,,0.018446,
07/23/2019 12:34:00.000000,,,,12.955814,
07/23/2019 12:35:00.000000,,,,24.507317,
07/23/2019 12:36:00.000000,,,,28.657143,
07/23/2019 12:37:00.000000,,,,28.060976,
07/23/2019 12:38:00.000000,,,,0.026103,
07/23/2019 12:39:00.000000,,,,0.021452,
07/23/2019 12:40:00.000000,,,,0.019516,
07/23/2019 12:41:00.000000,,,,34.9,
07/23/2019 12:42:00.000000,,,,35.057895,
07/23/2019 12:43:00.000000,,,,17.125581,
07/23/2019 12:44:00.000000,,,,15.171429,
07/23/2019 12:45:00.000000,,,,0.016183,
07/23/2019 12:46:00.000000,,,,0.022272,
07/23/2019 12:47:00.000000,,,,8.745,
07/23/2019 12:48:00.000000,,,,17.3,
07/23/2019 12:50:00.000000,,,,18.06,
07/23/2019 12:51:00.000000,,,,0.035699,
07/23/2019 12:52:00.000000,,,,0.019845,
07/23/2019 12:53:00.000000,,,,0.034122,
07/23/2019 12:54:00.000000,,,,8.24186,
07/23/2019 12:55:00.000000,,,,12.1,
07/23/2019 12:56:00.000000,,,,21.014286,
07/23/2019 12:57:00.000000,,,,19.161538,
07/23/2019 12:58:00.000000,,,,17.616667,
07/23/2019 12:59:00.000000,,,,0.018595,
07/23/2019 13:00:00.000000,,,,0.00829,
07/23/2019 13:01:00.000000,,,,21.93,
07/23/2019 13:02:00.000000,,,,0.009791,
07/23/2019 13:03:00.000000,,,,0.031883,
07/23/2019 13:04:00.000000,,,,0.040358,
07/23/2019 13:05:00.000000,,,,0.048092,
07/23/2019 13:06:00.000000,,,,26.5,
07/23/2019 13:07:00.000000,,,,0.032089,
07/23/2019 13:08:00.000000,,,,11.940476,
07/23/2019 13:10:00.000000,,,,0.048133,
07/23/2019 13:11:00.000000,,,,18.47561,
07/23/2019 13:12:00.000000,,,,0.030896,
07/23/2019 13:13:00.000000,,,,44.0,
07/23/2019 13:14:00.000000,,,,0.035971,
07/23/2019 13:15:00.000000,,,,0.024179,
07/23/2019 13:16:00.000000,,,,23.15,
07/23/2019 13:17:00.000000,,,,36.25,
07/23/2019 13:18:00.000000,,,,0.019629,
07/23/2019 13:19:00.000000,,,,26.021951,
07/23/2019 13:20:00.000000,,,,14.226829,
07/23/2019 13:21:00.000000,,,,26.335897,
07/23/2019 13:22:00.000000,,,,28.8375,
07/23/2019 13:23:00.000000,,,,0.038898,
07/23/2019 13:24:00.000000,,,,0.044281,
07/23/2019 13:25:00.000000,,,,0.035252,
07/23/2019 13:26:00.000000,,,,0.03744,
07/23/2019 13:27:00.000000,,,,0.036361,
07/23/2019 13:28:00.000000,,,,0.029346,
07/23/2019 13:30:00.000000,,,,30.625,
07/23/2019 13:31:00.000000,,,,33.736585,
07/23/2019 13:32:00.000000,,,,0.042606,
07/23/2019 13:33:00.000000,,,,28.761538,
07/23/2019 13:34:00.000000,,,,29.436842,
07/23/2019 13:35:00.000000,,,,0.054234,
07/23/2019 13:36:00.000000,,,,0.050413,
07/23/2019 13:37:00.000000,,,,34.72,
07/23/2019 13:38:00.000000,,,,35.065854,
07/23/2019 13:39:00.000000,,,,30.997674,
07/23/2019 13:40:00.000000,,,,40.414286,
07/23/2019 13:41:00.000000,,,,32.071428,
07/23/2019 13:42:00.000000,,,,20.395652,
07/23/2019 13:43:00.000000,,,,0.054181,
07/23/2019 13:44:00.000000,,,,33.65122,
07/23/2019 13:45:00.000000,,,,0.059128,
07/23/2019 13:46:00.000000,,,,0.042868,
07/23/2019 13:47:00.000000,,,,0.054232,
07/23/2019 13:48:00.000000,,,,0.058696,
07/23/2019 13:50:00.000000,,,,0.054185,
07/23/2019 13:51:00.000000,,,,36.41,
07/23/2019 13:52:00.000000,,,,0.06421,
07/23/2019 13:53:00.000000,,,,44.575,
07/23/2019 13:54:00.000000,,,,43.9,
07/23/2019 13:55:00.000000,,,,39.304878,
07/23/2019 13:56:00.000000,,,,31.133333,
07/23/2019 13:57:00.000000,,,,44.9625,
07/23/2019 13:58:00.000000,,,,0.042973,
07/23/2019 13:59:00.000000,,,,34.695349,
07/23/2019 14:00:00.000000,,,,0.037963,
07/23/2019 14:01:00.000000,,,,35.271429,
07/23/2019 14:02:00.000000,,,,0.046216,
07/23/2019 14:03:00.000000,,,,0.04941,
07/23/2019 14:04:00.000000,,,,41.285714,
07/23/2019 14:05:00.000000,,,,0.078522,
07/23/2019 14:06:00.000000,,,,58.385,
07/23/2019 14:07:00.000000,,,,40.409302,
07/23/2019 14:08:00.000000,,,,0.07634,
07/23/2019 14:10:00.000000,,,,50.110256,
07/23/2019 14:11:00.000000,,,,33.479545,
07/23/2019 14:12:00.000000,,,,0.066278,
07/23/2019 14:13:00.000000,,,,51.085714,
07/23/2019 14:14:00.000000,,,,52.355556,
07/23/2019 14:15:00.000000,,,,0.043647,
07/23/2019 14:16:00.000000,,,,25.6125,
07/23/2019 14:17:00.000000,,,,29.615,
07/23/2019 14:18:00.000000,,,,48.072727,
07/23/2019 14:19:00.000000,,,,0.066734,
07/23/2019 14:20:00.000000,,,,38.678947,
07/23/2019 14:21:00.000000,,,,0.02822,
07/23/2019 14:22:00.000000,,,,44.442857,
07/23/2019 14:23:00.000000,,,,0.066376,
07/23/2019 14:24:00.000000,,,,0.050217,
07/23/2019 14:25:00.000000,,,,0.063463,
07/23/2019 14:26:00.000000,,,,0.035198,
07/23/2019 14:27:00.000000,,,,60.65,
07/23/2019 14:28:00.000000,,,,0.050147,
07/23/2019 14:30:00.000000,,,,33.39,
07/23/2019 14:31:00.000000,,,,32.063636,
07/23/2019 14:32:00.000000,,,,0.042946,
07/23/2019 14:33:00.000000,,,,29.65,
07/23/2019 14:34:00.000000,,,,37.405263,
07/23/2019 14:35:00.000000,,,,53.256097,
07/23/2019 14:36:00.000000,,,,35.895122,
07/23/2019 14:37:00.000000,,,,44.74,
07/23/2019 14:38:00.000000,,,,0.057148,
07/23/2019 14:39:00.000000,,,,0.048489,
07/23/2019 14:40:00.000000,,,,41.245,
07/23/2019 14:41:00.000000,,,,0.041954,
07/23/2019 14:42:00.000000,,,,32.7125,
07/23/2019 14:43:00.000000,,,,0.047757,
07/23/2019 14:44:00.000000,,,,31.336364,
07/23/2019 14:45:00.000000,,,,0.040707,
07/23/2019 14:46:00.000000,,,,33.139024,
07/23/2019 14:47:00.000000,,,,0.054484,
07/23/2019 14:48:00.000000,,,,0.067259,
07/23/2019 14:49:00.000000,,,,0.032499,
07/23/2019 14:50:00.000000,,,,35.673333,
07/23/2019 14:51:00.000000,,,,32.429412,
07/23/2019 14:52:00.000000,,,,0.051291,
07/23/2019 14:53:00.000000,,,,31.885714,
07/23/2019 14:54:00.000000,,,,38.256818,
07/23/2019 14:55:00.000000,,,,0.046961,
07/23/2019 14:56:00.000000,,,,35.352778,
07/23/2019 14:57:00.000000,,,,27.842857,
07/23/2019 14:58:00.000000,,,,0.042697,
07/23/2019 14:59:00.000000,,,,0.034891,
07/23/2019 15:00:00.000000,,,,39.357143,
07/23/2019 15:01:00.000000,,,,31.468182,
07/23/2019 15:02:00.000000,,,,0.036947,
07/23/2019 15:03:00.000000,,,,0.032957,
07/23/2019 15:04:00.000000,,,,0.043188,
07/23/2019 15:05:00.000000,,,,0.024285,
07/23/2019 15:06:00.000000,,,,0.041753,
07/23/2019 15:07:00.000000,,,,0.052048,
07/23/2019 15:08:00.000000,,,,37.345,
07/23/2019 15:09:00.000000,,,,0.033146,
07/23/2019 15:10:00.000000,,,,37.25,
07/23/2019 15:11:00.000000,,,,38.786486,
07/23/2019 15:12:00.000000,,,,33.667742,
07/23/2019 15:13:00.000000,,,,0.040307,
07/23/2019 15:14:00.000000,,,,0.02849,
07/23/2019 15:15:00.000000,,,,24.945,
07/23/2019 15:16:00.000000,,,,31.609091,
07/23/2019 15:17:00.000000,,,,38.573684,
07/23/2019 15:18:00.000000,,,,28.846875,
07/23/2019 15:19:00.000000,,,,29.567647,
07/23/2019 15:20:00.000000,,,,0.053855,
07/23/2019 15:21:00.000000,,,,0.055354,
07/23/2019 15:22:00.000000,,,,29.905714,
07/23/2019 15:23:00.000000,,,,0.028123,
07/23/2019 15:24:00.000000,,,,0.036186,
07/23/2019 15:25:00.000000,,,,28.460976,
07/23/2019 15:26:00.000000,,,,28.385714,
07/23/2019 15:27:00.000000,,,,0.035274,
07/23/2019 15:28:00.000000,,,,0.034194,
07/23/2019 15:29:00.000000,,,,0.036407,
07/23/2019 15:30:00.000000,,,,0.062529,
07/23/2019 15:31:00.000000,,,,37.25,
07/23/2019 15:32:00.000000,,,,30.542857,
07/23/2019 15:33:00.000000,,,,0.041289,
07/23/2019 15:34:00.000000,,,,27.195122,
07/23/2019 15:35:00.000000,,,,0.035827,
07/23/2019 15:36:00.000000,,,,0.055622,
07/23/2019 15:37:00.000000,,,,31.1,
07/23/2019 15:38:00.000000,,,,41.825,
07/23/2019 15:39:00.000000,,,,0.056169,
07/23/2019 15:40:00.000000,,,,0.04308,
07/23/2019 15:41:00.000000,,,,38.986364,
07/23/2019 15:42:00.000000,,,,48.615385,
07/23/2019 15:43:00.000000,,,,43.96087,
07/23/2019 15:44:00.000000,,,,44.565854,
07/23/2019 15:45:00.000000,,,,40.466667,
07/23/2019 15:46:00.000000,,,,0.040772,
07/23/2019 15:47:00.000000,,,,0.047788,
07/23/2019 15:48:00.000000,,,,0.018284,
07/23/2019 15:49:00.000000,,,,0.104807,
07/23/2019 15:50:00.000000,,,,48.685,
07/23/2019 15:51:00.000000,,,,47.155814,
07/23/2019 15:52:00.000000,,,,0.058535,
07/23/2019 15:53:00.000000,,,,0.038672,
07/23/2019 15:54:00.000000,,,,37.1625,
07/23/2019 15:55:00.000000,,,,45.753333,
07/23/2019 15:56:00.000000,,,,0.049687,
07/23/2019 15:57:00.000000,,,,38.6,
07/23/2019 15:58:00.000000,,,,0.064279,
07/23/2019 15:59:00.000000,,,,41.168182,
07/23/2019 16:00:00.000000,,,,41.897561,
07/23/2019 16:01:00.000000,,,,32.615789,
07/23/2019 16:02:00.000000,,,,0.057924,
07/23/2019 16:03:00.000000,,,,44.685714,
07/23/2019 16:04:00.000000,,,,47.558537,
07/23/2019 16:05:00.000000,,,,49.790476,
07/23/2019 16:06:00.000000,,,,38.038095,
07/23/2019 16:07:00.000000,,,,32.905,
07/23/2019 16:08:00.000000,,,,53.528571,
07/23/2019 16:09:00.000000,,,,0.05609,
07/23/2019 16:10:00.000000,,,,50.222222,
07/23/2019 16:11:00.000000,,,,44.35814,
07/23/2019 16:12:00.000000,,,,29.385714,
07/23/2019 16:13:00.000000,,,,0.031407,
07/23/2019 16:14:00.000000,,,,29.429268,
07/23/2019 16:15:00.000000,,,,28.258537,
07/23/2019 16:16:00.000000,,,,0.054615,
07/23/2019 16:17:00.000000,,,,0.039164,
07/23/2019 16:18:00.000000,,,,0.058156,
07/23/2019 16:19:00.000000,,,,34.84878,
07/23/2019 16:20:00.000000,,,,31.682927,
07/23/2019 16:21:00.000000,,,,37.065854,
07/23/2019 16:22:00.000000,,,,27.82,
07/23/2019 16:23:00.000000,,,,23.205263,
07/23/2019 16:24:00.000000,,,,0.051705,
07/23/2019 16:25:00.000000,,,,0.025866,
07/23/2019 16:26:00.000000,,,,0.044399,
07/23/2019 16:27:00.000000,,,,0.041081,
07/23/2019 16:28:00.000000,,,,0.044188,
07/23/2019 16:30:00.000000,,,,0.037256,
07/23/2019 16:31:00.000000,,,,32.762162,
07/23/2019 16:32:00.000000,,,,0.046692,
07/23/2019 16:33:00.000000,,,,0.037806,
07/23/2019 16:34:00.000000,,,,33.857143,
07/23/2019 16:35:00.000000,,,,0.044462,
07/23/2019 16:36:00.000000,,,,0.055261,
07/23/2019 16:37:00.000000,,,,0.043279,
07/23/2019 16:38:00.000000,,,,39.914286,
07/23/2019 16:39:00.000000,,,,0.029104,
07/23/2019 16:40:00.000000,,,,21.309524,
07/23/2019 16:41:00.000000,,,,0.041366,
07/23/2019 16:42:00.000000,,,,0.033719,
07/23/2019 16:43:00.000000,,,,0.040867,
07/23/2019 16:44:00.000000,,,,0.033918,
07/23/2019 16:45:00.000000,,,,0.034279,
07/23/2019 16:46:00.000000,,,,26.295454,
07/23/2019 16:47:00.000000,,,,21.062162,
07/23/2019 16:48:00.000000,,,,34.511628,
07/23/2019 16:49:00.000000,,,,0.035124,
07/23/2019 16:50:00.000000,,,,33.819048,
07/23/2019 16:51:00.000000,,,,26.610256,
07/23/2019 16:52:00.000000,,,,33.1,
07/23/2019 16:53:00.000000,,,,24.492683,
07/23/2019 16:54:00.000000,,,,0.023892,
07/23/2019 16:55:00.000000,,,,17.706667,
07/23/2019 16:56:00.000000,,,,32.678947,
07/23/2019 16:57:00.000000,,,,0.038706,
07/23/2019 16:58:00.000000,,,,0.035846,
07/23/2019 16:59:00.000000,,,,25.136364,
07/23/2019 17:00:00.000000,,,,21.039024,
07/23/2019 17:01:00.000000,,,,18.92,
07/23/2019 17:02:00.000000,,,,0.022825,
07/23/2019 17:03:00.000000,,,,28.812195,
07/23/2019 17:04:00.000000,,,,33.069231,
07/23/2019 17:05:00.000000,,,,25.566667,
07/23/2019 17:06:00.000000,,,,38.44,
07/23/2019 17:07:00.000000,,,,33.027907,
07/23/2019 17:08:00.000000,,,,22.883333,
07/23/2019 17:09:00.000000,,,,0.032836,
07/23/2019 17:10:00.000000,,,,25.255,
07/23/2019 17:11:00.000000,,,,0.035727,
07/23/2019 17:12:00.000000,,,,21.6,
07/23/2019 17:13:00.000000,,,,36.029268,
07/23/2019 17:14:00.000000,,,,25.22439,
07/23/2019 17:15:00.000000,,,,0.030411,
07/23/2019 17:16:00.000000,,,,24.507692,
07/23/2019 17:17:00.000000,,,,34.2,
07/23/2019 17:18:00.000000,,,,0.030342,
07/23/2019 17:19:00.000000,,,,23.231707,
07/23/2019 17:20:00.000000,,,,21.480488,
07/23/2019 17:21:00.000000,,,,0.03986,
07/23/2019 17:22:00.000000,,,,33.286047,
07/23/2019 17:23:00.000000,,,,0.025615,
07/23/2019 17:24:00.000000,,,,43.589474,
07/23/2019 17:25:00.000000,,,,0.048654,
07/23/2019 17:26:00.000000,,,,0.034175,
07/23/2019 17:27:00.000000,,,,0.039477,
07/23/2019 17:28:00.000000,,,,23.175,
07/23/2019 17:29:00.000000,,,,17.623077,
07/23/2019 17:30:00.000000,,,,0.03505,
07/23/2019 17:31:00.000000,,,,19.728571,
07/23/2019 17:32:00.000000,,,,0.030268,
07/23/2019 17:33:00.000000,,,,0.020058,
07/23/2019 17:34:00.000000,,,,21.671795,
07/23/2019 17:35:00.000000,,,,19.239474,
07/23/2019 17:36:00.000000,,,,17.346154,
07/23/2019 17:37:00.000000,,,,21.504762,
07/23/2019 17:38:00.000000,,,,0.020974,
07/23/2019 17:39:00.000000,,,,35.1,
07/23/2019 17:40:00.000000,,,,0.018716,
07/23/2019 17:41:00.000000,,,,0.019951,
07/23/2019 17:42:00.000000,,,,19.4,
07/23/2019 17:43:00.000000,,,,17.535,
07/23/2019 17:44:00.000000,,,,0.01948,
07/23/2019 17:45:00.000000,,,,23.033333,
07/23/2019 17:46:00.000000,,,,18.866667,
07/23/2019 17:47:00.000000,,,,0.037322,
07/23/2019 17:48:00.000000,,,,23.7,
07/23/2019 17:50:00.000000,,,,25.942105,
07/23/2019 17:51:00.000000,,,,24.931579,
07/23/2019 17:52:00.000000,,,,30.306977,
07/23/2019 17:53:00.000000,,,,16.916279,
07/23/2019 17:54:00.000000,,,,16.3,
07/23/2019 17:55:00.000000,,,,17.858064,
07/23/2019 17:56:00.000000,,,,0.03294,
07/23/2019 17:57:00.000000,,,,29.194737,
07/23/2019 17:58:00.000000,,,,21.471429,
07/23/2019 17:59:00.000000,,,,14.710526,
07/23/2019 18:00:00.000000,,,,23.20303,
07/23/2019 18:01:00.000000,,,,13.597222,
07/23/2019 18:02:00.000000,,,,0.014295,
07/23/2019 18:03:00.000000,,,,0.027055,
07/23/2019 18:04:00.000000,,,,0.027225,
07/23/2019 18:05:00.000000,,,,18.968571,
07/23/2019 18:06:00.000000,,,,19.087879,
07/23/2019 18:07:00.000000,,,,30.094444,
07/23/2019 18:08:00.000000,,,,0.025009,
07/23/2019 18:09:00.000000,,,,0.011826,
07/23/2019 18:10:00.000000,,,,18.705,
07/23/2019 18:11:00.000000,,,,28.629268,
07/23/2019 18:12:00.000000,,,,26.409756,
07/23/2019 18:13:00.000000,,,,23.486364,
07/23/2019 18:14:00.000000,,,,19.946154,
07/23/2019 18:15:00.000000,,,,0.035094,
07/23/2019 18:16:00.000000,,,,0.035264,
07/23/2019 18:17:00.000000,,,,19.272,
07/23/2019 18:18:00.000000,,,,0.017697,
07/23/2019 18:19:00.000000,,,,17.706667,
07/23/2019 18:20:00.000000,,,,22.253846,
07/23/2019 18:21:00.000000,,,,0.046154,
07/23/2019 18:22:00.000000,,,,17.663158,
07/23/2019 18:23:00.000000,,,,15.617647,
07/23/2019 18:24:00.000000,,,,0.036487,
07/23/2019 18:25:00.000000,,,,0.037643,
07/23/2019 18:26:00.000000,,,,18.70625,
07/23/2019 18:27:00.000000,,,,0.036016,
07/23/2019 18:28:00.000000,,,,16.367742,
07/23/2019 18:29:00.000000,,,,21.177778,
07/23/2019 18:30:00.000000,,,,23.082051,
07/23/2019 18:31:00.000000,,,,0.017655,
07/23/2019 18:32:00.000000,,,,36.534884,
07/23/2019 18:33:00.000000,,,,0.025969,
07/23/2019 18:34:00.000000,,,,20.366667,
07/23/2019 18:35:00.000000,,,,19.830769,
07/23/2019 18:36:00.000000,,,,0.030409,
07/23/2019 18:37:00.000000,,,,27.416279,
07/23/2019 18:38:00.000000,,,,0.023198,
07/23/2019 18:39:00.000000,,,,12.571429,
07/23/2019 18:40:00.000000,,,,27.890244,
07/23/2019 18:41:00.000000,,,,0.018748,
07/23/2019 18:42:00.000000,,,,26.57561,
07/23/2019 18:43:00.000000,,,,21.179487,
07/23/2019 18:44:00.000000,,,,19.134146,
07/23/2019 18:45:00.000000,,,,22.646154,
07/23/2019 18:46:00.000000,,,,0.05372,
07/23/2019 18:47:00.000000,,,,0.024524,
07/23/2019 18:48:00.000000,,,,0.030117,
07/23/2019 18:50:00.000000,,,,0.025787,
07/23/2019 18:51:00.000000,,,,19.537143,
07/23/2019 18:52:00.000000,,,,20.264286,
07/23/2019 18:53:00.000000,,,,14.619444,
07/23/2019 18:54:00.000000,,,,0.021604,
07/23/2019 18:55:00.000000,,,,49.642105,
07/23/2019 18:56:00.000000,,,,0.024972,
07/23/2019 18:57:00.000000,,,,0.018107,
07/23/2019 18:58:00.000000,,,,0.029037,
07/23/2019 18:59:00.000000,,,,0.012792,
07/23/2019 19:00:00.000000,,,,0.014806,
07/23/2019 19:01:00.000000,,,,0.025612,
07/23/2019 19:02:00.000000,,,,0.025508,
07/23/2019 19:03:00.000000,,,,0.018754,
07/23/2019 19:04:00.000000,,,,0.028229,
07/23/2019 19:05:00.000000,,,,0.019652,
07/23/2019 19:06:00.000000,,,,24.0125,
07/23/2019 19:07:00.000000,,,,0.020614,
07/23/2019 19:08:00.000000,,,,0.018065,
07/23/2019 19:09:00.000000,,,,22.929412,
07/23/2019 19:10:00.000000,,,,0.037634,
07/23/2019 19:11:00.000000,,,,17.208108,
07/23/2019 19:12:00.000000,,,,16.702381,
07/23/2019 19:13:00.000000,,,,30.237838,
07/23/2019 19:14:00.000000,,,,0.016582,
07/23/2019 19:15:00.000000,,,,0.021683,
07/23/2019 19:16:00.000000,,,,10.5875,
07/23/2019 19:17:00.000000,,,,0.031849,
07/23/2019 19:18:00.000000,,,,18.909302,
07/23/2019 19:19:00.000000,,,,0.019381,
07/23/2019 19:20:00.000000,,,,0.014977,
07/23/2019 19:21:00.000000,,,,0.018261,
07/23/2019 19:22:00.000000,,,,0.016086,
07/23/2019 19:23:00.000000,,,,16.478049,
07/23/2019 19:24:00.000000,,,,12.433333,
07/23/2019 19:25:00.000000,,,,0.023257,
07/23/2019 19:26:00.000000,,,,13.875,
07/23/2019 19:27:00.000000,,,,23.066667,
07/23/2019 19:28:00.000000,,,,0.016836,
07/23/2019 19:30:00.000000,,,,22.578571,
07/23/2019 19:31:00.000000,,,,0.02072,
07/23/2019 19:32:00.000000,,,,20.143243,
07/23/2019 19:33:00.000000,,,,0.033954,
07/23/2019 19:34:00.000000,,,,10.95,
07/23/2019 19:35:00.000000,,,,0.014831,
07/23/2019 19:36:00.000000,,,,24.705,
07/23/2019 19:37:00.000000,,,,11.634146,
07/23/2019 19:38:00.000000,,,,16.495455,
07/23/2019 19:39:00.000000,,,,17.261538,
07/23/2019 19:40:00.000000,,,,8.5,
07/23/2019 19:41:00.000000,,,,8.657143,
07/23/2019 19:42:00.000000,,,,0.016061,
07/23/2019 19:43:00.000000,,,,0.015996,
07/23/2019 19:44:00.000000,,,,0.017551,
07/23/2019 19:45:00.000000,,,,0.013168,
07/23/2019 19:46:00.000000,,,,0.012715,
07/23/2019 19:47:00.000000,,,,14.1625,
07/23/2019 19:48:00.000000,,,,0.01876,
07/23/2019 19:50:00.000000,,,,12.073333,
07/23/2019 19:51:00.000000,,,,0.018653,
07/23/2019 19:52:00.000000,,,,19.726087,
07/23/2019 19:53:00.000000,,,,0.018089,
07/23/2019 19:54:00.000000,,,,0.015977,
07/23/2019 19:55:00.000000,,,,15.77907,
07/23/2019 19:56:00.000000,,,,0.027856,
07/23/2019 19:57:00.000000,,,,14.070732,
07/23/2019 19:58:00.000000,,,,11.85122,
07/23/2019 19:59:00.000000,,,,0.013117,
07/23/2019 20:00:00.000000,,,,11.973171,
07/23/2019 20:01:00.000000,,,,0.007961,
07/23/2019 20:02:00.000000,,,,0.01955,
07/23/2019 20:03:00.000000,,,,18.142857,
07/23/2019 20:04:00.000000,,,,0.028377,
07/23/2019 20:05:00.000000,,,,11.325,
07/23/2019 20:06:00.000000,,,,0.006173,
07/23/2019 20:07:00.000000,,,,0.012431,
07/23/2019 20:08:00.000000,,,,17.314286,
07/23/2019 20:10:00.000000,,,,0.006179,
07/23/2019 20:11:00.000000,,,,17.65,
07/23/2019 20:12:00.000000,,,,0.013868,
07/23/2019 20:13:00.000000,,,,5.661905,
07/23/2019 20:14:00.000000,,,,22.912195,
07/23/2019 20:15:00.000000,,,,0.013377,
07/23/2019 20:16:00.000000,,,,0.018716,
07/23/2019 20:17:00.000000,,,,0.020163,
07/23/2019 20:18:00.000000,,,,0.017486,
07/23/2019 20:19:00.000000,,,,0.025603,
07/23/2019 20:20:00.000000,,,,0.01945,
07/23/2019 20:21:00.000000,,,,0.040649,
07/23/2019 20:22:00.000000,,,,28.821053,
07/23/2019 20:23:00.000000,,,,26.3,
07/23/2019 20:24:00.000000,,,,25.42,
07/23/2019 20:25:00.000000,,,,12.614286,
07/23/2019 20:26:00.000000,,,,0.013833,
07/23/2019 20:27:00.000000,,,,0.024467,
07/23/2019 20:28:00.000000,,,,19.814286,
07/23/2019 20:30:00.000000,,,,11.913953,
07/23/2019 20:31:00.000000,,,,0.036247,
07/23/2019 20:32:00.000000,,,,18.913889,
07/23/2019 20:33:00.000000,,,,22.255,
07/23/2019 20:34:00.000000,,,,18.057143,
07/23/2019 20:35:00.000000,,,,0.032317,
07/23/2019 20:36:00.000000,,,,20.029545,
07/23/2019 20:37:00.000000,,,,31.636842,
07/23/2019 20:38:00.000000,,,,0.025819,
07/23/2019 20:39:00.000000,,,,54.847619,
07/23/2019 20:40:00.000000,,,,17.755814,
07/23/2019 20:41:00.000000,,,,0.049457,
07/23/2019 20:42:00.000000,,,,26.971429,
07/23/2019 20:43:00.000000,,,,17.126316,
07/23/2019 20:44:00.000000,,,,0.051183,
07/23/2019 20:45:00.000000,,,,0.054995,
07/23/2019 20:46:00.000000,,,,19.985714,
07/23/2019 20:47:00.000000,,,,0.0223,
07/23/2019 20:48:00.000000,,,,32.688889,
07/23/2019 20:50:00.000000,,,,0.066464,
07/23/2019 20:51:00.000000,,,,0.033264,
07/23/2019 20:52:00.000000,,,,26.64,
07/23/2019 20:53:00.000000,,,,26.345455,
07/23/2019 20:54:00.000000,,,,23.709756,
07/23/2019 20:55:00.000000,,,,35.03,
07/23/2019 20:56:00.000000,,,,0.043899,
07/23/2019 20:57:00.000000,,,,0.028979,
07/23/2019 20:58:00.000000,,,,0.060164,
07/23/2019 20:59:00.000000,,,,0.069879,
07/23/2019 21:00:00.000000,,,,44.156097,
07/23/2019 21:01:00.000000,,,,0.041966,
07/23/2019 21:02:00.000000,,,,0.054163,
07/23/2019 21:03:00.000000,,,,44.616279,
07/23/2019 21:04:00.000000,,,,0.0393,
07/23/2019 21:05:00.000000,,,,0.040527,
07/23/2019 21:06:00.000000,,,,30.65,
07/23/2019 21:07:00.000000,,,,0.025257,
07/23/2019 21:08:00.000000,,,,0.039397,
07/23/2019 21:09:00.000000,,,,38.723809,
07/23/2019 21:10:00.000000,,,,0.036818,
07/23/2019 21:11:00.000000,,,,0.066479,
07/23/2019 21:12:00.000000,,,,0.039138,
07/23/2019 21:13:00.000000,,,,0.078665,
07/23/2019 21:14:00.000000,,,,30.89,
07/23/2019 21:15:00.000000,,,,0.046759,
07/23/2019 21:16:00.000000,,,,30.514634,
07/23/2019 21:17:00.000000,,,,23.0,
07/23/2019 21:18:00.000000,,,,0.026078,
07/23/2019 21:19:00.000000,,,,0.040222,
07/23/2019 21:20:00.000000,,,,0.045795,
07/23/2019 21:21:00.000000,,,,45.774419,
07/23/2019 21:22:00.000000,,,,27.907895,
07/23/2019 21:23:00.000000,,,,0.022234,
07/23/2019 21:24:00.000000,,,,43.948837,
07/23/2019 21:25:00.000000,,,,34.375,
07/23/2019 21:26:00.000000,,,,0.024073,
07/23/2019 21:27:00.000000,,,,0.025355,
07/23/2019 21:28:00.000000,,,,28.25641,
07/23/2019 21:30:00.000000,,,,11.8,
07/23/2019 21:31:00.000000,,,,21.2125,
07/23/2019 21:32:00.000000,,,,18.039535,
07/23/2019 21:33:00.000000,,,,0.030681,
07/23/2019 21:34:00.000000,,,,16.095455,
07/23/2019 21:35:00.000000,,,,30.76,
07/23/2019 21:36:00.000000,,,,41.602439,
07/23/2019 21:37:00.000000,,,,0.022419,
07/23/2019 21:38:00.000000,,,,30.747368,
07/23/2019 21:39:00.000000,,,,0.038782,
07/23/2019 21:40:00.000000,,,,21.457143,
07/23/2019 21:41:00.000000,,,,0.031414,
07/23/2019 21:42:00.000000,,,,0.070063,
07/23/2019 21:43:00.000000,,,,0.028952,
07/23/2019 21:44:00.000000,,,,0.011704,
07/23/2019 21:45:00.000000,,,,21.534146,
07/23/2019 21:46:00.000000,,,,0.023214,
07/23/2019 21:47:00.000000,,,,0.022446,
07/23/2019 21:48:00.000000,,,,0.025289,
07/23/2019 21:50:00.000000,,,,0.021214,
07/23/2019 21:51:00.000000,,,,24.13,
07/23/2019 21:52:00.000000,,,,14.925,
07/23/2019 21:53:00.000000,,,,0.032486,
07/23/2019 21:54:00.000000,,,,0.032184,
07/23/2019 21:55:00.000000,,,,28.930769,
07/23/2019 21:56:00.000000,,,,22.704545,
07/23/2019 21:57:00.000000,,,,0.019953,
07/23/2019 21:58:00.000000,,,,0.020408,
07/23/2019 21:59:00.000000,,,,14.107692,
07/23/2019 22:00:00.000000,,,,0.01885,
07/23/2019 22:01:00.000000,,,,16.016667,
07/23/2019 22:02:00.000000,,,,0.01997,
07/23/2019 22:03:00.000000,,,,15.863415,
07/23/2019 22:04:00.000000,,,,17.585714,
07/23/2019 22:05:00.000000,,,,0.012493,
07/23/2019 22:06:00.000000,,,,19.057143,
07/23/2019 22:07:00.000000,,,,25.046154,
07/23/2019 22:08:00.000000,,,,51.669767,
07/23/2019 22:10:00.000000,,,,0.033416,
07/23/2019 22:11:00.000000,,,,17.412821,
07/23/2019 22:12:00.000000,,,,0.006247,
07/23/2019 22:13:00.000000,,,,6.457143,
07/23/2019 22:14:00.000000,,,,10.260976,
07/23/2019 22:15:00.000000,,,,15.84359,
07/23/2019 22:16:00.000000,,,,0.005857,
07/23/2019 22:17:00.000000,,,,0.027148,
07/23/2019 22:18:00.000000,,,,0.01258,
07/23/2019 22:19:00.000000,,,,0.010742,
07/23/2019 22:20:00.000000,,,,16.742857,
07/23/2019 22:21:00.000000,,,,12.985,
07/23/2019 22:22:00.000000,,,,3.897674,
07/23/2019 22:23:00.000000,,,,0.022717,
07/23/2019 22:24:00.000000,,,,0.007241,
07/23/2019 22:25:00.000000,,,,9.770732,
07/23/2019 22:26:00.000000,,,,16.657143,
07/23/2019 22:27:00.000000,,,,0.030427,
07/23/2019 22:28:00.000000,,,,19.2,
07/23/2019 22:29:00.000000,,,,0.022139,
07/23/2019 22:30:00.000000,,,,0.003841,
07/23/2019 22:31:00.000000,,,,0.00567,
07/23/2019 22:32:00.000000,,,,8.485366,
07/23/2019 22:33:00.000000,,,,0.006081,
07/23/2019 22:34:00.000000,,,,0.020516,
07/23/2019 22:35:00.000000,,,,0.004231,
07/23/2019 22:36:00.000000,,,,0.011651,
07/23/2019 22:37:00.000000,,,,18.026667,
07/23/2019 22:38:00.000000,,,,4.488095,
07/23/2019 22:39:00.000000,,,,0.02864,
07/23/2019 22:40:00.000000,,,,16.485714,
07/23/2019 22:41:00.000000,,,,0.019712,
07/23/2019 22:42:00.000000,,,,0.015822,
07/23/2019 22:43:00.000000,,,,4.087805,
07/23/2019 22:44:00.000000,,,,0.011715,
07/23/2019 22:45:00.000000,,,,0.024338,
07/23/2019 22:46:00.000000,,,,0.006981,
07/23/2019 22:47:00.000000,,,,25.695455,
07/23/2019 22:48:00.000000,,,,0.029136,
07/23/2019 22:49:00.000000,,,,10.112195,
07/23/2019 22:50:00.000000,,,,11.038636,
07/23/2019 22:51:00.000000,,,,0.010991,
07/23/2019 22:52:00.000000,,,,0.013487,
07/23/2019 22:53:00.000000,,,,0.025635,
07/23/2019 22:54:00.000000,,,,0.01767,
07/23/2019 22:55:00.000000,,,,18.958536,
07/23/2019 22:56:00.000000,,,,0.006182,
07/23/2019 22:57:00.000000,,,,0.024262,
07/23/2019 22:58:00.000000,,,,13.773333,
07/23/2019 22:59:00.000000,,,,9.470732,
07/23/2019 23:00:00.000000,,,,14.557143,
07/23/2019 23:01:00.000000,,,,0.013073,
07/23/2019 23:02:00.000000,,,,17.965854,
07/23/2019 23:03:00.000000,,,,0.032133,
07/23/2019 23:04:00.000000,,,,13.814286,
07/23/2019 23:05:00.000000,,,,0.010902,
07/23/2019 23:06:00.000000,,,,13.321053,
07/23/2019 23:07:00.000000,,,,12.366667,
07/23/2019 23:08:00.000000,,,,0.017856,
07/23/2019 23:10:00.000000,,,,0.034562,
07/23/2019 23:11:00.000000,,,,20.534884,
07/23/2019 23:12:00.000000,,,,0.016562,
07/23/2019 23:13:00.000000,,,,12.789474,
07/23/2019 23:14:00.000000,,,,0.02401,
07/23/2019 23:15:00.000000,,,,0.018401,
07/23/2019 23:16:00.000000,,,,0.036381,
07/23/2019 23:17:00.000000,,,,25.728571,
07/23/2019 23:18:00.000000,,,,30.853846,
07/23/2019 23:19:00.000000,,,,32.474419,
07/23/2019 23:20:00.000000,,,,0.019219,
07/23/2019 23:21:00.000000,,,,0.016787,
07/23/2019 23:22:00.000000,,,,23.927907,
07/23/2019 23:23:00.000000,,,,0.010548,
07/23/2019 23:24:00.000000,,,,0.013805,
07/23/2019 23:25:00.000000,,,,0.036943,
07/23/2019 23:26:00.000000,,,,6.465116,
07/23/2019 23:27:00.000000,,,,0.003579,
07/23/2019 23:28:00.000000,,,,10.614634,
07/23/2019 23:29:00.000000,,,,0.029655,
07/23/2019 23:30:00.000000,,,,11.590476,
07/23/2019 23:31:00.000000,,,,0.010253,
07/23/2019 23:32:00.000000,,,,0.030298,
07/23/2019 23:33:00.000000,,,,15.885366,
07/23/2019 23:34:00.000000,,,,0.04738,
07/23/2019 23:35:00.000000,,,,16.704878,
07/23/2019 23:36:00.000000,,,,23.912195,
07/23/2019 23:37:00.000000,,,,23.845,
07/23/2019 23:38:00.000000,,,,0.030019,
07/23/2019 23:39:00.000000,,,,0.027539,
07/23/2019 23:40:00.000000,,,,0.015325,
07/23/2019 23:41:00.000000,,,,0.027048,
07/23/2019 23:42:00.000000,,,,21.663636,
07/23/2019 23:43:00.000000,,,,0.00607,
07/23/2019 23:44:00.000000,,,,17.584615,
07/23/2019 23:45:00.000000,,,,11.679487,
07/23/2019 23:46:00.000000,,,,28.128947,
07/23/2019 23:47:00.000000,,,,0.062816,
07/23/2019 23:48:00.000000,,,,0.040633,
07/23/2019 23:50:00.000000,,,,0.029618,
07/23/2019 23:51:00.000000,,,,20.234884,
07/23/2019 23:52:00.000000,,,,19.358537,
07/23/2019 23:53:00.000000,,,,9.433333,
07/23/2019 23:54:00.000000,,,,0.022819,
07/23/2019 23:55:00.000000,,,,26.6625,
07/23/2019 23:56:00.000000,,,,24.982927,
07/23/2019 23:57:00.000000,,,,41.053333,
07/23/2019 23:58:00.000000,,,,21.330233,
07/23/2019 23:59:00.000000,,,,0.029085,
07/24/2019 00:00:00.000000,,,,0.056942,
07/24/2019 00:01:00.000000,,,,0.031369,
07/24/2019 00:02:00.000000,,,,0.016824,
07/24/2019 00:03:00.000000,,,,24.174419,
07/24/2019 00:04:00.000000,,,,18.160976,
07/24/2019 00:05:00.000000,,,,25.080488,
07/24/2019 00:06:00.000000,,,,0.056529,
07/24/2019 00:07:00.000000,,,,16.766667,
07/24/2019 00:08:00.000000,,,,19.757143,
07/24/2019 00:10:00.000000,,,,24.781395,
07/24/2019 00:11:00.000000,,,,0.062122,
07/24/2019 00:12:00.000000,,,,0.043118,
07/24/2019 00:13:00.000000,,,,24.914286,
07/24/2019 00:14:00.000000,,,,23.783721,
07/24/2019 00:15:00.000000,,,,25.1125,
07/24/2019 00:16:00.000000,,,,0.007486,
07/24/2019 00:17:00.000000,,,,18.414286,
07/24/2019 00:18:00.000000,,,,34.458537,
07/24/2019 00:19:00.000000,,,,0.04871,
07/24/2019 00:20:00.000000,,,,0.021734,
07/24/2019 00:21:00.000000,,,,15.271429,
07/24/2019 00:22:00.000000,,,,23.216279,
07/24/2019 00:23:00.000000,,,,0.028922,
07/24/2019 00:24:00.000000,,,,27.94,
07/24/2019 00:25:00.000000,,,,21.08,
07/24/2019 00:26:00.000000,,,,20.969767,
07/24/2019 00:27:00.000000,,,,0.03745,
07/24/2019 00:28:00.000000,,,,19.425,
07/24/2019 00:29:00.000000,,,,0.026817,
07/24/2019 00:30:00.000000,,,,28.328571,
07/24/2019 00:31:00.000000,,,,0.030506,
07/24/2019 00:32:00.000000,,,,0.040384,
07/24/2019 00:33:00.000000,,,,30.759091,
07/24/2019 00:34:00.000000,,,,14.078947,
07/24/2019 00:35:00.000000,,,,0.023069,
07/24/2019 00:36:00.000000,,,,0.019206,
07/24/2019 00:37:00.000000,,,,18.486047,
07/24/2019 00:38:00.000000,,,,12.536364,
07/24/2019 00:39:00.000000,,,,0.016939,
07/24/2019 00:40:00.000000,,,,10.075,
07/24/2019 00:41:00.000000,,,,0.017322,
07/24/2019 00:42:00.000000,,,,0.014044,
07/24/2019 00:43:00.000000,,,,17.0,
07/24/2019 00:44:00.000000,,,,14.704545,
07/24/2019 00:45:00.000000,,,,0.02347,
07/24/2019 00:46:00.000000,,,,0.017323,
07/24/2019 00:47:00.000000,,,,14.304545,
07/24/2019 00:48:00.000000,,,,0.025052,
07/24/2019 00:49:00.000000,,,,0.022681,
07/24/2019 00:50:00.000000,,,,30.333333,
07/24/2019 00:51:00.000000,,,,0.018539,
07/24/2019 00:52:00.000000,,,,0.022755,
07/24/2019 00:53:00.000000,,,,0.015626,
07/24/2019 00:54:00.000000,,,,0.015946,
07/24/2019 00:55:00.000000,,,,0.012851,
07/24/2019 00:56:00.000000,,,,9.143902,
07/24/2019 00:57:00.000000,,,,0.033897,
07/24/2019 00:58:00.000000,,,,0.018947,
07/24/2019 00:59:00.000000,,,,0.018242,
07/24/2019 01:00:00.000000,,,,0.018691,
07/24/2019 01:01:00.000000,,,,0.018018,
07/24/2019 01:02:00.000000,,,,5.245,
07/24/2019 01:03:00.000000,,,,11.35,
07/24/2019 01:04:00.000000,,,,0.027101,
07/24/2019 01:05:00.000000,,,,0.029848,
07/24/2019 01:06:00.000000,,,,0.02895,
07/24/2019 01:07:00.000000,,,,19.240476,
07/24/2019 01:08:00.000000,,,,0.018681,
07/24/2019 01:10:00.000000,,,,17.846154,
07/24/2019 01:11:00.000000,,,,6.062791,
07/24/2019 01:12:00.000000,,,,20.056098,
07/24/2019 01:13:00.000000,,,,12.871429,
07/24/2019 01:14:00.000000,,,,0.014238,
07/24/2019 01:15:00.000000,,,,13.604545,
07/24/2019 01:16:00.000000,,,,0.013235,
07/24/2019 01:17:00.000000,,,,11.714286,
07/24/2019 01:18:00.000000,,,,25.557895,
07/24/2019 01:19:00.000000,,,,0.035124,
07/24/2019 01:20:00.000000,,,,14.569444,
07/24/2019 01:21:00.000000,,,,0.02326,
07/24/2019 01:22:00.000000,,,,13.32619,
07/24/2019 01:23:00.000000,,,,0.021746,
07/24/2019 01:24:00.000000,,,,0.028355,
07/24/2019 01:25:00.000000,,,,0.046029,
07/24/2019 01:26:00.000000,,,,0.020361,
07/24/2019 01:27:00.000000,,,,0.020463,
07/24/2019 01:28:00.000000,,,,0.011562,
07/24/2019 01:29:00.000000,,,,16.475,
07/24/2019 01:30:00.000000,,,,0.012783,
07/24/2019 01:31:00.000000,,,,0.012217,
07/24/2019 01:32:00.000000,,,,23.078571,
07/24/2019 01:33:00.000000,,,,0.012005,
07/24/2019 01:34:00.000000,,,,5.365,
07/24/2019 01:35:00.000000,,,,0.032646,
07/24/2019 01:36:00.000000,,,,0.016354,
07/24/2019 01:37:00.000000,,,,0.012085,
07/24/2019 01:38:00.000000,,,,11.854762,
07/24/2019 01:39:00.000000,,,,0.023023,
07/24/2019 01:40:00.000000,,,,0.022392,
07/24/2019 01:41:00.000000,,,,0.011423,
07/24/2019 01:42:00.000000,,,,0.020703,
07/24/2019 01:43:00.000000,,,,0.007287,
07/24/2019 01:44:00.000000,,,,0.017649,
07/24/2019 01:45:00.000000,,,,0.015909,
07/24/2019 01:46:00.000000,,,,16.310256,
07/24/2019 01:47:00.000000,,,,19.204878,
07/24/2019 01:48:00.000000,,,,0.032372,
07/24/2019 01:49:00.000000,,,,0.007065,
07/24/2019 01:50:00.000000,,,,12.45,
07/24/2019 01:51:00.000000,,,,22.648837,
07/24/2019 01:52:00.000000,,,,0.016069,
07/24/2019 01:53:00.000000,,,,0.018801,
07/24/2019 01:54:00.000000,,,,0.023476,
07/24/2019 01:55:00.000000,,,,14.413333,
07/24/2019 01:56:00.000000,,,,23.293548,
07/24/2019 01:57:00.000000,,,,0.017276,
07/24/2019 01:58:00.000000,,,,0.011468,
07/24/2019 01:59:00.000000,,,,0.013373,
07/24/2019 02:00:00.000000,,,,15.776923,
07/24/2019 02:01:00.000000,,,,0.028848,
07/24/2019 02:02:00.000000,,,,0.017709,
07/24/2019 02:03:00.000000,,,,0.020202,
07/24/2019 02:04:00.000000,,,,0.007861,
07/24/2019 02:05:00.000000,,,,0.012172,
07/24/2019 02:06:00.000000,,,,4.762791,
07/24/2019 02:07:00.000000,,,,0.010101,
07/24/2019 02:08:00.000000,,,,5.452381,
07/24/2019 02:09:00.000000,,,,23.526829,
07/24/2019 02:10:00.000000,,,,11.185714,
07/24/2019 02:11:00.000000,,,,35.785714,
07/24/2019 02:12:00.000000,,,,32.225,
07/24/2019 02:13:00.000000,,,,0.020325,
07/24/2019 02:14:00.000000,,,,34.181395,
07/24/2019 02:15:00.000000,,,,15.14186,
07/24/2019 02:16:00.000000,,,,14.597674,
07/24/2019 02:17:00.000000,,,,0.032629,
07/24/2019 02:18:00.000000,,,,0.020029,
07/24/2019 02:19:00.000000,,,,17.288372,
07/24/2019 02:20:00.000000,,,,0.023149,
07/24/2019 02:21:00.000000,,,,27.65,
07/24/2019 02:22:00.000000,,,,13.278049,
07/24/2019 02:23:00.000000,,,,17.311628,
07/24/2019 02:24:00.000000,,,,12.558974,
07/24/2019 02:25:00.000000,,,,12.140476,
07/24/2019 02:26:00.000000,,,,0.026917,
07/24/2019 02:27:00.000000,,,,26.963415,
07/24/2019 02:28:00.000000,,,,13.56,
07/24/2019 02:29:00.000000,,,,0.023524,
07/24/2019 02:30:00.000000,,,,0.022154,
07/24/2019 02:31:00.000000,,,,0.018254,
07/24/2019 02:32:00.000000,,,,20.521951,
07/24/2019 02:33:00.000000,,,,0.017663,
07/24/2019 02:34:00.000000,,,,12.5,
07/24/2019 02:35:00.000000,,,,12.330769,
07/24/2019 02:36:00.000000,,,,23.572093,
07/24/2019 02:37:00.000000,,,,13.267442,
07/24/2019 02:38:00.000000,,,,13.231707,
07/24/2019 02:39:00.000000,,,,0.016705,
07/24/2019 02:40:00.000000,,,,0.019915,
07/24/2019 02:41:00.000000,,,,0.017084,
07/24/2019 02:42:00.000000,,,,0.016684,
07/24/2019 02:43:00.000000,,,,12.52,
07/24/2019 02:44:00.000000,,,,22.66875,
07/24/2019 02:45:00.000000,,,,15.952381,
07/24/2019 02:46:00.000000,,,,13.331707,
07/24/2019 02:47:00.000000,,,,6.297222,
07/24/2019 02:48:00.000000,,,,0.018586,
07/24/2019 02:49:00.000000,,,,18.160976,
07/24/2019 02:50:00.000000,,,,0.006465,
07/24/2019 02:51:00.000000,,,,12.128571,
07/24/2019 02:52:00.000000,,,,25.365854,
07/24/2019 02:53:00.000000,,,,0.0082,
07/24/2019 02:54:00.000000,,,,0.01702,
07/24/2019 02:55:00.000000,,,,21.585714,
07/24/2019 02:56:00.000000,,,,0.029803,
07/24/2019 02:57:00.000000,,,,34.2,
07/24/2019 02:58:00.000000,,,,19.2,
07/24/2019 02:59:00.000000,,,,11.705555,
07/24/2019 03:00:00.000000,,,,0.014034,
07/24/2019 03:01:00.000000,,,,10.857143,
07/24/2019 03:02:00.000000,,,,12.47381,
07/24/2019 03:03:00.000000,,,,0.019311,
07/24/2019 03:04:00.000000,,,,0.01854,
07/24/2019 03:05:00.000000,,,,0.016194,
07/24/2019 03:06:00.000000,,,,0.021211,
07/24/2019 03:07:00.000000,,,,0.038518,
07/24/2019 03:08:00.000000,,,,0.019995,
07/24/2019 03:09:00.000000,,,,15.625641,
07/24/2019 03:10:00.000000,,,,12.775,
07/24/2019 03:11:00.000000,,,,25.558537,
07/24/2019 03:12:00.000000,,,,20.570732,
07/24/2019 03:13:00.000000,,,,18.819512,
07/24/2019 03:14:00.000000,,,,0.036579,
07/24/2019 03:15:00.000000,,,,19.735714,
07/24/2019 03:16:00.000000,,,,6.371429,
07/24/2019 03:17:00.000000,,,,13.004878,
07/24/2019 03:18:00.000000,,,,0.014321,
07/24/2019 03:19:00.000000,,,,0.020536,
07/24/2019 03:20:00.000000,,,,16.130769,
07/24/2019 03:21:00.000000,,,,20.49,
07/24/2019 03:22:00.000000,,,,16.997674,
07/24/2019 03:23:00.000000,,,,0.017702,
07/24/2019 03:24:00.000000,,,,0.020389,
07/24/2019 03:25:00.000000,,,,0.013901,
07/24/2019 03:26:00.000000,,,,12.728571,
07/24/2019 03:27:00.000000,,,,0.01957,
07/24/2019 03:28:00.000000,,,,0.014699,
07/24/2019 03:30:00.000000,,,,0.014195,
07/24/2019 03:31:00.000000,,,,0.020137,
07/24/2019 03:32:00.000000,,,,0.032694,
07/24/2019 03:33:00.000000,,,,20.160976,
07/24/2019 03:34:00.000000,,,,0.013985,
07/24/2019 03:35:00.000000,,,,0.025513,
07/24/2019 03:36:00.000000,,,,0.009113,
07/24/2019 03:37:00.000000,,,,34.857143,
07/24/2019 03:38:00.000000,,,,0.035697,
07/24/2019 03:39:00.000000,,,,0.061672,
07/24/2019 03:40:00.000000,,,,0.021208,
07/24/2019 03:41:00.000000,,,,0.017849,
07/24/2019 03:42:00.000000,,,,28.36,
07/24/2019 03:43:00.000000,,,,0.03197,
07/24/2019 03:44:00.000000,,,,25.038462,
07/24/2019 03:45:00.000000,,,,0.01893,
07/24/2019 03:46:00.000000,,,,0.016085,
07/24/2019 03:47:00.000000,,,,10.2,
07/24/2019 03:48:00.000000,,,,0.014552,
07/24/2019 03:50:00.000000,,,,17.971429,
07/24/2019 03:51:00.000000,,,,11.457895,
07/24/2019 03:52:00.000000,,,,0.015354,
07/24/2019 03:53:00.000000,,,,17.609524,
07/24/2019 03:54:00.000000,,,,22.484615,
07/24/2019 03:55:00.000000,,,,18.664286,
07/24/2019 03:56:00.000000,,,,0.019399,
07/24/2019 03:57:00.000000,,,,13.151515,
07/24/2019 03:58:00.000000,,,,15.660976,
07/24/2019 03:59:00.000000,,,,0.02634,
07/24/2019 04:00:00.000000,,,,15.066667,
07/24/2019 04:01:00.000000,,,,24.322727,
07/24/2019 04:02:00.000000,,,,8.962791,
07/24/2019 04:03:00.000000,,,,0.018707,
07/24/2019 04:04:00.000000,,,,0.027284,
07/24/2019 04:05:00.000000,,,,0.021538,
07/24/2019 04:06:00.000000,,,,0.017406,
07/24/2019 04:07:00.000000,,,,12.346341,
07/24/2019 04:08:00.000000,,,,0.02007,
07/24/2019 04:09:00.000000,,,,21.104545,
07/24/2019 04:10:00.000000,,,,0.030681,
07/24/2019 04:11:00.000000,,,,21.272727,
07/24/2019 04:12:00.000000,,,,0.024579,
07/24/2019 04:13:00.000000,,,,24.403704,
07/24/2019 04:14:00.000000,,,,0.043883,
07/24/2019 04:15:00.000000,,,,0.022901,
07/24/2019 04:16:00.000000,,,,7.845,
07/24/2019 04:17:00.000000,,,,0.031185,
07/24/2019 04:18:00.000000,,,,0.023027,
07/24/2019 04:19:00.000000,,,,33.30303,
07/24/2019 04:20:00.000000,,,,33.362162,
07/24/2019 04:21:00.000000,,,,25.753846,
07/24/2019 04:22:00.000000,,,,37.567442,
07/24/2019 04:23:00.000000,,,,23.32,
07/24/2019 04:24:00.000000,,,,31.427907,
07/24/2019 04:25:00.000000,,,,0.024558,
07/24/2019 04:26:00.000000,,,,57.646154,
07/24/2019 04:27:00.000000,,,,30.381395,
07/24/2019 04:28:00.000000,,,,0.026904,
07/24/2019 04:29:00.000000,,,,0.025825,
07/24/2019 04:30:00.000000,,,,16.2125,
07/24/2019 04:31:00.000000,,,,0.022945,
07/24/2019 04:32:00.000000,,,,18.5,
07/24/2019 04:33:00.000000,,,,15.256098,
07/24/2019 04:34:00.000000,,,,0.022275,
07/24/2019 04:35:00.000000,,,,18.614634,
07/24/2019 04:36:00.000000,,,,0.045743,
07/24/2019 04:37:00.000000,,,,0.033271,
07/24/2019 04:38:00.000000,,,,0.024799,
07/24/2019 04:39:00.000000,,,,0.049283,
07/24/2019 04:40:00.000000,,,,0.051639,
07/24/2019 04:41:00.000000,,,,21.309302,
07/24/2019 04:42:00.000000,,,,0.015604,
07/24/2019 04:43:00.000000,,,,0.021835,
07/24/2019 04:44:00.000000,,,,0.025741,
07/24/2019 04:45:00.000000,,,,10.063415,
07/24/2019 04:46:00.000000,,,,12.014634,
07/24/2019 04:47:00.000000,,,,0.019636,
07/24/2019 04:48:00.000000,,,,19.14878,
07/24/2019 04:49:00.000000,,,,0.027165,
07/24/2019 04:50:00.000000,,,,14.215385,
07/24/2019 04:51:00.000000,,,,13.892857,
07/24/2019 04:52:00.000000,,,,19.956098,
07/24/2019 04:53:00.000000,,,,21.79,
07/24/2019 04:54:00.000000,,,,18.04,
07/24/2019 04:55:00.000000,,,,0.025081,
07/24/2019 04:56:00.000000,,,,0.024547,
07/24/2019 04:57:00.000000,,,,0.018376,
07/24/2019 04:58:00.000000,,,,0.020008,
07/24/2019 04:59:00.000000,,,,0.020092,
07/24/2019 05:00:00.000000,,,,0.012488,
07/24/2019 05:01:00.000000,,,,0.022037,
07/24/2019 05:02:00.000000,,,,0.017426,
07/24/2019 05:03:00.000000,,,,0.027723,
07/24/2019 05:04:00.000000,,,,14.381395,
07/24/2019 05:05:00.000000,,,,0.01641,
07/24/2019 05:06:00.000000,,,,11.194286,
07/24/2019 05:07:00.000000,,,,0.025372,
07/24/2019 05:08:00.000000,,,,15.465714,
07/24/2019 05:09:00.000000,,,,0.023774,
07/24/2019 05:10:00.000000,,,,0.017528,
07/24/2019 05:11:00.000000,,,,17.9625,
07/24/2019 05:12:00.000000,,,,0.03798,
07/24/2019 05:13:00.000000,,,,11.471429,
07/24/2019 05:14:00.000000,,,,16.9,
07/24/2019 05:15:00.000000,,,,0.0181,
07/24/2019 05:16:00.000000,,,,6.7,
07/24/2019 05:17:00.000000,,,,15.309302,
07/24/2019 05:18:00.000000,,,,13.728889,
07/24/2019 05:19:00.000000,,,,7.075,
07/24/2019 05:20:00.000000,,,,18.053659,
07/24/2019 05:21:00.000000,,,,0.02535,
07/24/2019 05:22:00.000000,,,,0.024495,
07/24/2019 05:23:00.000000,,,,15.5625,
07/24/2019 05:24:00.000000,,,,0.030329,
07/24/2019 05:25:00.000000,,,,22.296667,
07/24/2019 05:26:00.000000,,,,13.742857,
07/24/2019 05:27:00.000000,,,,19.030952,
07/24/2019 05:28:00.000000,,,,17.289474,
07/24/2019 05:29:00.000000,,,,21.665854,
07/24/2019 05:30:00.000000,,,,7.347619,
07/24/2019 05:31:00.000000,,,,4.771429,
07/24/2019 05:32:00.000000,,,,13.1,
07/24/2019 05:33:00.000000,,,,19.568293,
07/24/2019 05:34:00.000000,,,,17.557143,
07/24/2019 05:35:00.000000,,,,0.011867,
07/24/2019 05:36:00.000000,,,,0.013982,
07/24/2019 05:37:00.000000,,,,0.015972,
07/24/2019 05:38:00.000000,,,,0.019314,
07/24/2019 05:39:00.000000,,,,0.012178,
07/24/2019 05:40:00.000000,,,,10.075,
07/24/2019 05:41:00.000000,,,,17.888372,
07/24/2019 05:42:00.000000,,,,0.027608,
07/24/2019 05:43:00.000000,,,,0.015723,
07/24/2019 05:44:00.000000,,,,13.585714,
07/24/2019 05:45:00.000000,,,,0.010145,
07/24/2019 05:46:00.000000,,,,13.234146,
07/24/2019 05:47:00.000000,,,,0.016586,
07/24/2019 05:48:00.000000,,,,19.617778,
07/24/2019 05:49:00.000000,,,,19.921951,
07/24/2019 05:50:00.000000,,,,0.012341,
07/24/2019 05:51:00.000000,,,,0.014339,
07/24/2019 05:52:00.000000,,,,0.01565,
07/24/2019 05:53:00.000000,,,,0.010426,
07/24/2019 05:54:00.000000,,,,11.525,
07/24/2019 05:55:00.000000,,,,13.993023,
07/24/2019 05:56:00.000000,,,,0.015254,
07/24/2019 05:57:00.000000,,,,0.013902,
07/24/2019 05:58:00.000000,,,,6.114286,
07/24/2019 05:59:00.000000,,,,12.982927,
07/24/2019 06:00:00.000000,,,,77.172727,
07/24/2019 06:01:00.000000,,,,0.018449,
07/24/2019 06:02:00.000000,,,,11.740909,
07/24/2019 06:03:00.000000,,,,11.242857,
07/24/2019 06:04:00.000000,,,,9.3,
07/24/2019 06:05:00.000000,,,,10.2,
07/24/2019 06:06:00.000000,,,,18.692308,
07/24/2019 06:07:00.000000,,,,11.975,
07/24/2019 06:08:00.000000,,,,0.006954,
07/24/2019 06:09:00.000000,,,,0.014674,
07/24/2019 06:10:00.000000,,,,18.757143,
07/24/2019 06:11:00.000000,,,,0.020794,
07/24/2019 06:12:00.000000,,,,0.018893,
07/24/2019 06:13:00.000000,,,,5.434884,
07/24/2019 06:14:00.000000,,,,14.06087,
07/24/2019 06:15:00.000000,,,,6.765714,
07/24/2019 06:16:00.000000,,,,10.055555,
07/24/2019 06:17:00.000000,,,,0.016492,
07/24/2019 06:18:00.000000,,,,4.737037,
07/24/2019 06:19:00.000000,,,,30.58,
07/24/2019 06:20:00.000000,,,,0.011203,
07/24/2019 06:21:00.000000,,,,0.01166,
07/24/2019 06:22:00.000000,,,,7.255263,
07/24/2019 06:23:00.000000,,,,0.015349,
07/24/2019 06:24:00.000000,,,,0.011847,
07/24/2019 06:25:00.000000,,,,0.01193,
07/24/2019 06:26:00.000000,,,,8.669231,
07/24/2019 06:27:00.000000,,,,0.010486,
07/24/2019 06:28:00.000000,,,,7.441026,
07/24/2019 06:29:00.000000,,,,9.495122,
07/24/2019 06:30:00.000000,,,,4.092683,
07/24/2019 06:31:00.000000,,,,5.981081,
07/24/2019 06:32:00.000000,,,,7.191892,
07/24/2019 06:33:00.000000,,,,0.008989,
07/24/2019 06:34:00.000000,,,,10.302273,
07/24/2019 06:35:00.000000,,,,9.334146,
07/24/2019 06:36:00.000000,,,,0.013977,
07/24/2019 06:37:00.000000,,,,8.563636,
07/24/2019 06:38:00.000000,,,,4.059524,
07/24/2019 06:39:00.000000,,,,0.008355,
07/24/2019 06:40:00.000000,,,,10.259524,
07/24/2019 06:41:00.000000,,,,0.010358,
07/24/2019 06:42:00.000000,,,,0.011686,
07/24/2019 06:43:00.000000,,,,0.014229,
07/24/2019 06:44:00.000000,,,,4.618605,
07/24/2019 06:45:00.000000,,,,0.010202,
07/24/2019 06:46:00.000000,,,,0.014136,
07/24/2019 06:47:00.000000,,,,0.009081,
07/24/2019 06:48:00.000000,,,,14.185714,
07/24/2019 06:50:00.000000,,,,29.694872,
07/24/2019 06:51:00.000000,,,,0.012486,
07/24/2019 06:52:00.000000,,,,0.034042,
07/24/2019 06:53:00.000000,,,,14.35,
07/24/2019 06:54:00.000000,,,,5.339024,
07/24/2019 06:55:00.000000,,,,0.01015,
07/24/2019 06:56:00.000000,,,,0.0115,
07/24/2019 06:57:00.000000,,,,0.010898,
07/24/2019 06:58:00.000000,,,,13.391892,
07/24/2019 06:59:00.000000,,,,19.592683,
07/24/2019 07:00:00.000000,,,,0.02356,
07/24/2019 07:01:00.000000,,,,17.6625,
07/24/2019 07:02:00.000000,,,,0.021456,
07/24/2019 07:03:00.000000,,,,0.011443,
07/24/2019 07:04:00.000000,,,,0.006136,
07/24/2019 07:05:00.000000,,,,0.014905,
07/24/2019 07:06:00.000000,,,,6.257895,
07/24/2019 07:07:00.000000,,,,0.010552,
07/24/2019 07:08:00.000000,,,,8.292683,
07/24/2019 07:10:00.000000,,,,0.015693,
07/24/2019 07:11:00.000000,,,,0.016605,
07/24/2019 07:12:00.000000,,,,8.413333,
07/24/2019 07:13:00.000000,,,,0.010013,
07/24/2019 07:14:00.000000,,,,16.75122,
07/24/2019 07:15:00.000000,,,,0.009598,
07/24/2019 07:16:00.000000,,,,0.006323,
07/24/2019 07:17:00.000000,,,,5.602326,
07/24/2019 07:18:00.000000,,,,0.014449,
07/24/2019 07:19:00.000000,,,,14.323077,
07/24/2019 07:20:00.000000,,,,8.982979,
07/24/2019 07:21:00.000000,,,,5.418605,
07/24/2019 07:22:00.000000,,,,10.990476,
07/24/2019 07:23:00.000000,,,,0.010117,
07/24/2019 07:24:00.000000,,,,8.171429,
07/24/2019 07:25:00.000000,,,,7.617073,
07/24/2019 07:26:00.000000,,,,10.25,
07/24/2019 07:27:00.000000,,,,0.011879,
07/24/2019 07:28:00.000000,,,,0.009702,
07/24/2019 07:29:00.000000,,,,11.58,
07/24/2019 07:30:00.000000,,,,0.007525,
07/24/2019 07:31:00.000000,,,,0.011671,
07/24/2019 07:32:00.000000,,,,9.535,
07/24/2019 07:33:00.000000,,,,0.010345,
07/24/2019 07:34:00.000000,,,,0.012459,
07/24/2019 07:35:00.000000,,,,0.012003,
07/24/2019 07:36:00.000000,,,,8.975,
07/24/2019 07:37:00.000000,,,,0.011588,
07/24/2019 07:38:00.000000,,,,0.010552,
07/24/2019 07:39:00.000000,,,,0.027323,
07/24/2019 07:40:00.000000,,,,10.12439,
07/24/2019 07:41:00.000000,,,,10.928571,
07/24/2019 07:42:00.000000,,,,7.371429,
07/24/2019 07:43:00.000000,,,,14.842857,
07/24/2019 07:44:00.000000,,,,0.026079,
07/24/2019 07:45:00.000000,,,,0.010759,
07/24/2019 07:46:00.000000,,,,23.514634,
07/24/2019 07:47:00.000000,,,,0.036335,
07/24/2019 07:48:00.000000,,,,0.062587,
07/24/2019 07:49:00.000000,,,,36.735,
07/24/2019 07:50:00.000000,,,,19.173171,
07/24/2019 07:51:00.000000,,,,7.890909,
07/24/2019 07:52:00.000000,,,,5.885366,
07/24/2019 07:53:00.000000,,,,11.1375,
07/24/2019 07:54:00.000000,,,,0.014886,
07/24/2019 07:55:00.000000,,,,21.809302,
07/24/2019 07:56:00.000000,,,,0.015134,
07/24/2019 07:57:00.000000,,,,0.015528,
07/24/2019 07:58:00.000000,,,,7.040909,
07/24/2019 07:59:00.000000,,,,0.023076,
07/24/2019 08:00:00.000000,,,,7.868293,
07/24/2019 08:01:00.000000,,,,8.683333,
07/24/2019 08:02:00.000000,,,,0.007423,
07/24/2019 08:03:00.000000,,,,0.009346,
07/24/2019 08:04:00.000000,,,,0.008188,
07/24/2019 08:05:00.000000,,,,15.463415,
07/24/2019 08:06:00.000000,,,,20.06,
07/24/2019 08:07:00.000000,,,,17.461538,
07/24/2019 08:08:00.000000,,,,15.895,
07/24/2019 08:09:00.000000,,,,14.270455,
07/24/2019 08:10:00.000000,,,,0.007475,
07/24/2019 08:11:00.000000,,,,12.468182,
07/24/2019 08:12:00.000000,,,,0.009129,
07/24/2019 08:13:00.000000,,,,0.013536,
07/24/2019 08:14:00.000000,,,,0.007641,
07/24/2019 08:15:00.000000,,,,0.015013,
07/24/2019 08:16:00.000000,,,,0.008239,
07/24/2019 08:17:00.000000,,,,13.611628,
07/24/2019 08:18:00.000000,,,,0.017976,
07/24/2019 08:19:00.000000,,,,10.146341,
07/24/2019 08:20:00.000000,,,,0.011874,
07/24/2019 08:21:00.000000,,,,0.016324,
07/24/2019 08:22:00.000000,,,,20.756098,
07/24/2019 08:23:00.000000,,,,11.032558,
07/24/2019 08:24:00.000000,,,,9.839024,
07/24/2019 08:25:00.000000,,,,0.020454,
07/24/2019 08:26:00.000000,,,,9.481395,
07/24/2019 08:27:00.000000,,,,0.015932,
07/24/2019 08:28:00.000000,,,,21.12,
07/24/2019 08:29:00.000000,,,,15.272093,
07/24/2019 08:30:00.000000,,,,9.8925,
07/24/2019 08:31:00.000000,,,,0.018468,
07/24/2019 08:32:00.000000,,,,0.015241,
07/24/2019 08:33:00.000000,,,,14.0875,
07/24/2019 08:34:00.000000,,,,11.863636,
07/24/2019 08:35:00.000000,,,,0.007744,
07/24/2019 08:36:00.000000,,,,0.008311,
07/24/2019 08:37:00.000000,,,,0.010796,
07/24/2019 08:38:00.000000,,,,10.26,
07/24/2019 08:39:00.000000,,,,0.012652,
07/24/2019 08:40:00.000000,,,,12.325,
07/24/2019 08:41:00.000000,,,,16.22381,
07/24/2019 08:42:00.000000,,,,6.778049,
07/24/2019 08:43:00.000000,,,,0.012807,
07/24/2019 08:44:00.000000,,,,0.017674,
07/24/2019 08:45:00.000000,,,,14.513953,
07/24/2019 08:46:00.000000,,,,0.012271,
07/24/2019 08:47:00.000000,,,,0.019242,
07/24/2019 08:48:00.000000,,,,7.442857,
07/24/2019 08:50:00.000000,,,,13.04,
07/24/2019 08:51:00.000000,,,,0.014498,
07/24/2019 08:52:00.000000,,,,20.409091,
07/24/2019 08:53:00.000000,,,,0.021503,
07/24/2019 08:54:00.000000,,,,27.756098,
07/24/2019 08:55:00.000000,,,,16.52093,
07/24/2019 08:56:00.000000,,,,0.021534,
07/24/2019 08:57:00.000000,,,,15.97907,
07/24/2019 08:58:00.000000,,,,18.860976,
07/24/2019 08:59:00.000000,,,,0.012523,
07/24/2019 09:00:00.000000,,,,11.788889,
07/24/2019 09:01:00.000000,,,,0.020051,
07/24/2019 09:02:00.000000,,,,15.440541,
07/24/2019 09:03:00.000000,,,,12.557143,
07/24/2019 09:04:00.000000,,,,0.007816,
07/24/2019 09:05:00.000000,,,,17.665854,
07/24/2019 09:06:00.000000,,,,0.018455,
07/24/2019 09:07:00.000000,,,,0.031173,
07/24/2019 09:08:00.000000,,,,0.014593,
07/24/2019 09:10:00.000000,,,,10.39,
07/24/2019 09:11:00.000000,,,,0.016271,
07/24/2019 09:12:00.000000,,,,0.02211,
07/24/2019 09:13:00.000000,,,,19.525,
07/24/2019 09:14:00.000000,,,,18.255,
07/24/2019 09:15:00.000000,,,,0.040996,
07/24/2019 09:16:00.000000,,,,13.545238,
07/24/2019 09:17:00.000000,,,,0.016374,
07/24/2019 09:18:00.000000,,,,0.026731,
07/24/2019 09:19:00.000000,,,,0.023121,
07/24/2019 09:20:00.000000,,,,0.017957,
07/24/2019 09:21:00.000000,,,,0.017073,
07/24/2019 09:22:00.000000,,,,0.01443,
07/24/2019 09:23:00.000000,,,,11.413953,
07/24/2019 09:24:00.000000,,,,14.077273,
07/24/2019 09:25:00.000000,,,,7.102174,
07/24/2019 09:26:00.000000,,,,11.81,
07/24/2019 09:27:00.000000,,,,13.995122,
07/24/2019 09:28:00.000000,,,,9.657143,
07/24/2019 09:30:00.000000,,,,12.4875,
07/24/2019 09:31:00.000000,,,,11.514286,
07/24/2019 09:32:00.000000,,,,0.021855,
07/24/2019 09:33:00.000000,,,,14.772093,
07/24/2019 09:34:00.000000,,,,0.009832,
07/24/2019 09:35:00.000000,,,,0.016713,
07/24/2019 09:36:00.000000,,,,0.012085,
07/24/2019 09:37:00.000000,,,,6.326829,
07/24/2019 09:38:00.000000,,,,0.011457,
07/24/2019 09:39:00.000000,,,,0.010717,
07/24/2019 09:40:00.000000,,,,7.893023,
07/24/2019 09:41:00.000000,,,,0.010758,
07/24/2019 09:42:00.000000,,,,12.4,
07/24/2019 09:43:00.000000,,,,10.765854,
07/24/2019 09:44:00.000000,,,,10.997561,
07/24/2019 09:45:00.000000,,,,8.910526,
07/24/2019 09:46:00.000000,,,,0.012414,
07/24/2019 09:47:00.000000,,,,0.021526,
07/24/2019 09:48:00.000000,,,,18.5375,
07/24/2019 09:50:00.000000,,,,0.012568,
07/24/2019 09:51:00.000000,,,,0.012147,
07/24/2019 09:52:00.000000,,,,0.012095,
07/24/2019 09:53:00.000000,,,,0.014245,
07/24/2019 09:54:00.000000,,,,12.053488,
07/24/2019 09:55:00.000000,,,,0.016518,
07/24/2019 09:56:00.000000,,,,15.62093,
07/24/2019 09:57:00.000000,,,,0.017022,
07/24/2019 09:58:00.000000,,,,31.239535,
07/24/2019 09:59:00.000000,,,,0.016518,
07/24/2019 10:00:00.000000,,,,12.375,
07/24/2019 10:01:00.000000,,,,10.42439,
07/24/2019 10:02:00.000000,,,,0.013268,
07/24/2019 10:03:00.000000,,,,0.013442,
07/24/2019 10:04:00.000000,,,,0.015715,
07/24/2019 10:05:00.000000,,,,15.231818,
07/24/2019 10:06:00.000000,,,,18.146341,
07/24/2019 10:07:00.000000,,,,0.010953,
07/24/2019 10:08:00.000000,,,,19.182927,
07/24/2019 10:10:00.000000,,,,6.807317,
07/24/2019 10:11:00.000000,,,,0.007477,
07/24/2019 10:12:00.000000,,,,6.359091,
07/24/2019 10:13:00.000000,,,,6.311905,
07/24/2019 10:14:00.000000,,,,13.412195,
07/24/2019 10:15:00.000000,,,,0.014831,
07/24/2019 10:16:00.000000,,,,20.895,
07/24/2019 10:17:00.000000,,,,13.116216,
07/24/2019 10:18:00.000000,,,,17.495349,
07/24/2019 10:19:00.000000,,,,0.025095,
07/24/2019 10:20:00.000000,,,,12.305128,
07/24/2019 10:21:00.000000,,,,10.492105,
07/24/2019 10:22:00.000000,,,,0.008207,
07/24/2019 10:23:00.000000,,,,9.326829,
07/24/2019 10:24:00.000000,,,,0.021053,
07/24/2019 10:25:00.000000,,,,6.9375,
07/24/2019 10:26:00.000000,,,,16.2,
07/24/2019 10:27:00.000000,,,,0.022401,
07/24/2019 10:28:00.000000,,,,17.334615,
07/24/2019 10:29:00.000000,,,,0.017166,
07/24/2019 10:30:00.000000,,,,0.01407,
07/24/2019 10:31:00.000000,,,,13.771429,
07/24/2019 10:32:00.000000,,,,0.017186,
07/24/2019 10:33:00.000000,,,,0.017608,
07/24/2019 10:34:00.000000,,,,0.01912,
07/24/2019 10:35:00.000000,,,,9.014634,
07/24/2019 10:36:00.000000,,,,0.015088,
07/24/2019 10:37:00.000000,,,,0.011817,
07/24/2019 10:38:00.000000,,,,0.007179,
07/24/2019 10:39:00.000000,,,,5.84,
07/24/2019 10:40:00.000000,,,,5.563158,
07/24/2019 10:41:00.000000,,,,0.0112,
07/24/2019 10:42:00.000000,,,,12.571429,
07/24/2019 10:43:00.000000,,,,0.023974,
07/24/2019 10:44:00.000000,,,,0.013257,
07/24/2019 10:45:00.000000,,,,0.017083,
07/24/2019 10:46:00.000000,,,,17.233333,
07/24/2019 10:47:00.000000,,,,0.014718,
07/24/2019 10:48:00.000000,,,,0.012825,
07/24/2019 10:50:00.000000,,,,8.873171,
07/24/2019 10:51:00.000000,,,,23.24,
07/24/2019 10:52:00.000000,,,,14.731707,
07/24/2019 10:53:00.000000,,,,0.015232,
07/24/2019 10:54:00.000000,,,,0.016405,
07/24/2019 10:55:00.000000,,,,0.022505,
07/24/2019 10:56:00.000000,,,,8.227273,
07/24/2019 10:57:00.000000,,,,6.58,
07/24/2019 10:58:00.000000,,,,0.025309,
07/24/2019 10:59:00.000000,,,,11.933333,
07/24/2019 11:00:00.000000,,,,13.16,
07/24/2019 11:01:00.000000,,,,8.866667,
07/24/2019 11:02:00.000000,,,,0.013497,
07/24/2019 11:03:00.000000,,,,0.012737,
07/24/2019 11:04:00.000000,,,,6.957143,
07/24/2019 11:05:00.000000,,,,0.01666,
07/24/2019 11:06:00.000000,,,,0.014072,
07/24/2019 11:07:00.000000,,,,0.022228,
07/24/2019 11:08:00.000000,,,,0.02117,
07/24/2019 11:09:00.000000,,,,0.016722,
07/24/2019 11:10:00.000000,,,,0.012942,
07/24/2019 11:11:00.000000,,,,0.011196,
07/24/2019 11:12:00.000000,,,,11.677778,
07/24/2019 11:13:00.000000,,,,12.92,
07/24/2019 11:14:00.000000,,,,0.036587,
07/24/2019 11:15:00.000000,,,,15.459091,
07/24/2019 11:16:00.000000,,,,0.009101,
07/24/2019 11:17:00.000000,,,,11.765116,
07/24/2019 11:18:00.000000,,,,10.935714,
07/24/2019 11:19:00.000000,,,,0.016927,
07/24/2019 11:20:00.000000,,,,7.581818,
07/24/2019 11:21:00.000000,,,,13.713333,
07/24/2019 11:22:00.000000,,,,0.016948,
07/24/2019 11:23:00.000000,,,,8.855814,
07/24/2019 11:24:00.000000,,,,17.448837,
07/24/2019 11:25:00.000000,,,,13.776923,
07/24/2019 11:26:00.000000,,,,7.192105,
07/24/2019 11:27:00.000000,,,,10.394444,
07/24/2019 11:28:00.000000,,,,0.013928,
07/24/2019 11:29:00.000000,,,,0.019105,
07/24/2019 11:30:00.000000,,,,0.02647,
07/24/2019 11:31:00.000000,,,,0.011325,
07/24/2019 11:32:00.000000,,,,14.066667,
07/24/2019 11:33:00.000000,,,,7.511111,
07/24/2019 11:34:00.000000,,,,11.205882,
07/24/2019 11:35:00.000000,,,,0.020003,
07/24/2019 11:36:00.000000,,,,0.015633,
07/24/2019 11:37:00.000000,,,,10.466667,
07/24/2019 11:38:00.000000,,,,21.612903,
07/24/2019 11:39:00.000000,,,,0.021009,
07/24/2019 11:40:00.000000,,,,7.178378,
07/24/2019 11:41:00.000000,,,,13.357576,
07/24/2019 11:42:00.000000,,,,0.017623,
07/24/2019 11:43:00.000000,,,,0.026835,
07/24/2019 11:44:00.000000,,,,0.016203,
07/24/2019 11:45:00.000000,,,,0.0268,
07/24/2019 11:46:00.000000,,,,17.187805,
07/24/2019 11:47:00.000000,,,,8.343478,
07/24/2019 11:48:00.000000,,,,14.778049,
07/24/2019 11:49:00.000000,,,,15.316667,
07/24/2019 11:50:00.000000,,,,0.025653,
07/24/2019 11:51:00.000000,,,,0.019977,
07/24/2019 11:52:00.000000,,,,20.4375,
07/24/2019 11:53:00.000000,,,,0.018994,
07/24/2019 11:54:00.000000,,,,0.012253,
07/24/2019 11:55:00.000000,,,,12.865517,
07/24/2019 11:56:00.000000,,,,11.281818,
07/24/2019 11:57:00.000000,,,,28.372222,
07/24/2019 11:58:00.000000,,,,15.277778,
07/24/2019 11:59:00.000000,,,,6.526471,
07/24/2019 12:00:00.000000,,,,12.214286,
07/24/2019 12:01:00.000000,,,,0.017293,
07/24/2019 12:02:00.000000,,,,0.012744,
07/24/2019 12:03:00.000000,,,,6.740476,
07/24/2019 12:04:00.000000,,,,14.504545,
07/24/2019 12:05:00.000000,,,,0.022805,
07/24/2019 12:06:00.000000,,,,18.712821,
07/24/2019 12:07:00.000000,,,,16.67381,
07/24/2019 12:08:00.000000,,,,14.851163,
07/24/2019 12:09:00.000000,,,,0.014343,
07/24/2019 12:10:00.000000,,,,0.01424,
07/24/2019 12:11:00.000000,,,,0.013134,
07/24/2019 12:12:00.000000,,,,13.806667,
07/24/2019 12:13:00.000000,,,,0.01589,
07/24/2019 12:14:00.000000,,,,20.63,
07/24/2019 12:15:00.000000,,,,20.646341,
07/24/2019 12:16:00.000000,,,,0.044472,
07/24/2019 12:17:00.000000,,,,27.102326,
07/24/2019 12:18:00.000000,,,,0.020069,
07/24/2019 12:19:00.000000,,,,0.022846,
07/24/2019 12:20:00.000000,,,,0.019301,
07/24/2019 12:21:00.000000,,,,0.027456,
07/24/2019 12:22:00.000000,,,,28.952778,
07/24/2019 12:23:00.000000,,,,0.027681,
07/24/2019 12:24:00.000000,,,,18.2,
07/24/2019 12:25:00.000000,,,,28.769231,
07/24/2019 12:26:00.000000,,,,0.027313,
07/24/2019 12:27:00.000000,,,,0.020387,
07/24/2019 12:28:00.000000,,,,0.019014,
07/24/2019 12:29:00.000000,,,,0.021289,
07/24/2019 12:30:00.000000,,,,15.709756,
07/24/2019 12:31:00.000000,,,,35.102128,
07/24/2019 12:32:00.000000,,,,27.585366,
07/24/2019 12:33:00.000000,,,,0.033459,
07/24/2019 12:34:00.000000,,,,0.021002,
07/24/2019 12:35:00.000000,,,,0.036984,
07/24/2019 12:36:00.000000,,,,15.016279,
07/24/2019 12:37:00.000000,,,,0.014464,
07/24/2019 12:38:00.000000,,,,32.106977,
07/24/2019 12:39:00.000000,,,,25.2,
07/24/2019 12:40:00.000000,,,,43.995455,
07/24/2019 12:41:00.000000,,,,21.3,
07/24/2019 12:42:00.000000,,,,25.55122,
07/24/2019 12:43:00.000000,,,,19.2,
07/24/2019 12:44:00.000000,,,,0.020262,
07/24/2019 12:45:00.000000,,,,20.230233,
07/24/2019 12:46:00.000000,,,,33.0,
07/24/2019 12:47:00.000000,,,,19.9,
07/24/2019 12:48:00.000000,,,,33.075,
07/24/2019 12:49:00.000000,,,,24.61,
07/24/2019 12:50:00.000000,,,,0.023665,
07/24/2019 12:51:00.000000,,,,0.050985,
07/24/2019 12:52:00.000000,,,,33.051163,
07/24/2019 12:53:00.000000,,,,0.024606,
07/24/2019 12:54:00.000000,,,,0.03114,
07/24/2019 12:55:00.000000,,,,0.041007,
07/24/2019 12:56:00.000000,,,,0.033188,
07/24/2019 12:57:00.000000,,,,12.292683,
07/24/2019 12:58:00.000000,,,,14.37619,
07/24/2019 12:59:00.000000,,,,18.64,
07/24/2019 13:00:00.000000,,,,0.031557,
07/24/2019 13:01:00.000000,,,,19.514286,
07/24/2019 13:02:00.000000,,,,10.031579,
07/24/2019 13:03:00.000000,,,,0.024358,
07/24/2019 13:04:00.000000,,,,0.029707,
07/24/2019 13:05:00.000000,,,,17.192308,
07/24/2019 13:06:00.000000,,,,0.015507,
07/24/2019 13:07:00.000000,,,,0.02853,
07/24/2019 13:08:00.000000,,,,0.016087,
07/24/2019 13:09:00.000000,,,,18.782051,
07/24/2019 13:10:00.000000,,,,0.012526,
07/24/2019 13:11:00.000000,,,,30.283784,
07/24/2019 13:12:00.000000,,,,14.206977,
07/24/2019 13:13:00.000000,,,,14.985,
07/24/2019 13:14:00.000000,,,,0.033621,
07/24/2019 13:15:00.000000,,,,23.037209,
07/24/2019 13:16:00.000000,,,,8.153846,
07/24/2019 13:17:00.000000,,,,0.022662,
07/24/2019 13:18:00.000000,,,,20.625,
07/24/2019 13:19:00.000000,,,,0.03817,
07/24/2019 13:20:00.000000,,,,21.184783,
07/24/2019 13:21:00.000000,,,,0.041271,
07/24/2019 13:22:00.000000,,,,15.965116,
07/24/2019 13:23:00.000000,,,,0.035399,
07/24/2019 13:24:00.000000,,,,0.023716,
07/24/2019 13:25:00.000000,,,,15.52,
07/24/2019 13:26:00.000000,,,,0.019829,
07/24/2019 13:27:00.000000,,,,34.840909,
07/24/2019 13:28:00.000000,,,,27.4,
07/24/2019 13:29:00.000000,,,,36.163636,
07/24/2019 13:30:00.000000,,,,27.990698,
07/24/2019 13:31:00.000000,,,,0.026094,
07/24/2019 13:32:00.000000,,,,25.113953,
07/24/2019 13:33:00.000000,,,,30.257143,
07/24/2019 13:34:00.000000,,,,43.436364,
07/24/2019 13:35:00.000000,,,,0.057565,
07/24/2019 13:36:00.000000,,,,35.453333,
07/24/2019 13:37:00.000000,,,,32.807692,
07/24/2019 13:38:00.000000,,,,30.385714,
07/24/2019 13:39:00.000000,,,,28.8,
07/24/2019 13:40:00.000000,,,,21.694737,
07/24/2019 13:41:00.000000,,,,0.021897,
07/24/2019 13:42:00.000000,,,,32.380488,
07/24/2019 13:43:00.000000,,,,0.034575,
07/24/2019 13:44:00.000000,,,,28.954762,
07/24/2019 13:45:00.000000,,,,0.031325,
07/24/2019 13:46:00.000000,,,,42.95,
07/24/2019 13:47:00.000000,,,,0.04029,
07/24/2019 13:48:00.000000,,,,0.030677,
07/24/2019 13:49:00.000000,,,,0.020979,
07/24/2019 13:50:00.000000,,,,0.023301,
07/24/2019 13:51:00.000000,,,,42.775,
07/24/2019 13:52:00.000000,,,,31.659524,
07/24/2019 13:53:00.000000,,,,26.014634,
07/24/2019 13:54:00.000000,,,,0.024992,
07/24/2019 13:55:00.000000,,,,30.353659,
07/24/2019 13:56:00.000000,,,,0.038201,
07/24/2019 13:57:00.000000,,,,0.028744,
07/24/2019 13:58:00.000000,,,,0.026739,
07/24/2019 13:59:00.000000,,,,0.029427,
07/24/2019 14:00:00.000000,,,,0.033818,
07/24/2019 14:01:00.000000,,,,0.025001,
07/24/2019 14:02:00.000000,,,,0.059762,
07/24/2019 14:03:00.000000,,,,0.044323,
07/24/2019 14:04:00.000000,,,,39.895238,
07/24/2019 14:05:00.000000,,,,0.035149,
07/24/2019 14:06:00.000000,,,,0.029833,
07/24/2019 14:07:00.000000,,,,20.797436,
07/24/2019 14:08:00.000000,,,,36.706818,
07/24/2019 14:09:00.000000,,,,28.405,
07/24/2019 14:10:00.000000,,,,0.029888,
07/24/2019 14:11:00.000000,,,,29.383333,
07/24/2019 14:12:00.000000,,,,0.031575,
07/24/2019 14:13:00.000000,,,,0.02569,
07/24/2019 14:14:00.000000,,,,43.745946,
07/24/2019 14:15:00.000000,,,,35.695,
07/24/2019 14:16:00.000000,,,,23.061538,
07/24/2019 14:17:00.000000,,,,0.03744,
07/24/2019 14:18:00.000000,,,,53.216667,
07/24/2019 14:19:00.000000,,,,36.856098,
07/24/2019 14:20:00.000000,,,,0.042799,
07/24/2019 14:21:00.000000,,,,34.35,
07/24/2019 14:22:00.000000,,,,24.95,
07/24/2019 14:23:00.000000,,,,0.030336,
07/24/2019 14:24:00.000000,,,,25.375,
07/24/2019 14:25:00.000000,,,,0.034379,
07/24/2019 14:26:00.000000,,,,0.03204,
07/24/2019 14:27:00.000000,,,,0.032124,
07/24/2019 14:28:00.000000,,,,19.734884,
07/24/2019 14:29:00.000000,,,,32.373171,
07/24/2019 14:30:00.000000,,,,32.814286,
07/24/2019 14:31:00.000000,,,,33.012195,
07/24/2019 14:32:00.000000,,,,23.197561,
07/24/2019 14:33:00.000000,,,,13.659524,
07/24/2019 14:34:00.000000,,,,0.035735,
07/24/2019 14:35:00.000000,,,,0.025739,
07/24/2019 14:36:00.000000,,,,33.588372,
07/24/2019 14:37:00.000000,,,,19.67561,
07/24/2019 14:38:00.000000,,,,0.018806,
07/24/2019 14:39:00.000000,,,,0.022365,
07/24/2019 14:40:00.000000,,,,0.02482,
07/24/2019 14:41:00.000000,,,,13.085,
07/24/2019 14:42:00.000000,,,,0.040758,
07/24/2019 14:43:00.000000,,,,0.046312,
07/24/2019 14:44:00.000000,,,,0.027859,
07/24/2019 14:45:00.000000,,,,0.02447,
07/24/2019 14:46:00.000000,,,,25.466667,
07/24/2019 14:47:00.000000,,,,17.782927,
07/24/2019 14:48:00.000000,,,,0.041386,
07/24/2019 14:49:00.000000,,,,19.223077,
07/24/2019 14:50:00.000000,,,,21.239024,
07/24/2019 14:51:00.000000,,,,18.35122,
07/24/2019 14:52:00.000000,,,,21.4,
07/24/2019 14:53:00.000000,,,,55.236364,
07/24/2019 14:54:00.000000,,,,0.048213,
07/24/2019 14:55:00.000000,,,,0.029055,
07/24/2019 14:56:00.000000,,,,0.046663,
07/24/2019 14:57:00.000000,,,,0.034611,
07/24/2019 14:58:00.000000,,,,39.73,
07/24/2019 14:59:00.000000,,,,19.262222,
07/24/2019 15:00:00.000000,,,,0.029487,
07/24/2019 15:01:00.000000,,,,28.017073,
07/24/2019 15:02:00.000000,,,,0.033622,
07/24/2019 15:03:00.000000,,,,0.026904,
07/24/2019 15:04:00.000000,,,,25.509091,
07/24/2019 15:05:00.000000,,,,0.024498,
07/24/2019 15:06:00.000000,,,,20.22093,
07/24/2019 15:07:00.000000,,,,0.044577,
07/24/2019 15:08:00.000000,,,,0.037933,
07/24/2019 15:09:00.000000,,,,23.346154,
07/24/2019 15:10:00.000000,,,,27.871428,
07/24/2019 15:11:00.000000,,,,0.019955,
07/24/2019 15:12:00.000000,,,,0.016896,
07/24/2019 15:13:00.000000,,,,0.022386,
07/24/2019 15:14:00.000000,,,,18.92,
07/24/2019 15:15:00.000000,,,,0.041904,
07/24/2019 15:16:00.000000,,,,16.416667,
07/24/2019 15:17:00.000000,,,,0.017557,
07/24/2019 15:18:00.000000,,,,0.020883,
07/24/2019 15:19:00.000000,,,,0.017184,
07/24/2019 15:20:00.000000,,,,47.331707,
07/24/2019 15:21:00.000000,,,,21.273171,
07/24/2019 15:22:00.000000,,,,0.022556,
07/24/2019 15:23:00.000000,,,,23.723077,
07/24/2019 15:24:00.000000,,,,0.037864,
07/24/2019 15:25:00.000000,,,,25.6,
07/24/2019 15:26:00.000000,,,,0.037815,
07/24/2019 15:27:00.000000,,,,0.038039,
07/24/2019 15:28:00.000000,,,,0.017803,
07/24/2019 15:30:00.000000,,,,25.977273,
07/24/2019 15:31:00.000000,,,,13.285714,
07/24/2019 15:32:00.000000,,,,34.651282,
07/24/2019 15:33:00.000000,,,,0.028052,
07/24/2019 15:34:00.000000,,,,16.084615,
07/24/2019 15:35:00.000000,,,,21.93,
07/24/2019 15:36:00.000000,,,,0.016105,
07/24/2019 15:37:00.000000,,,,0.014876,
07/24/2019 15:38:00.000000,,,,0.021459,
07/24/2019 15:39:00.000000,,,,0.020615,
07/24/2019 15:40:00.000000,,,,0.033064,
07/24/2019 15:41:00.000000,,,,0.020604,
07/24/2019 15:42:00.000000,,,,15.452381,
07/24/2019 15:43:00.000000,,,,0.027508,
07/24/2019 15:44:00.000000,,,,0.044052,
07/24/2019 15:45:00.000000,,,,22.129268,
07/24/2019 15:46:00.000000,,,,0.028334,
07/24/2019 15:47:00.000000,,,,25.542857,
07/24/2019 15:48:00.000000,,,,17.528571,
07/24/2019 15:50:00.000000,,,,14.812821,
07/24/2019 15:51:00.000000,,,,30.8,
07/24/2019 15:52:00.000000,,,,39.117949,
07/24/2019 15:53:00.000000,,,,21.983721,
07/24/2019 15:54:00.000000,,,,19.261538,
07/24/2019 15:55:00.000000,,,,0.025562,
07/24/2019 15:56:00.000000,,,,34.95,
07/24/2019 15:57:00.000000,,,,8.181579,
07/24/2019 15:58:00.000000,,,,10.473171,
07/24/2019 15:59:00.000000,,,,14.059091,
07/24/2019 16:00:00.000000,,,,23.352273,
07/24/2019 16:01:00.000000,,,,0.063159,
07/24/2019 16:02:00.000000,,,,0.041615,
07/24/2019 16:03:00.000000,,,,0.022447,
07/24/2019 16:04:00.000000,,,,20.237209,
07/24/2019 16:05:00.000000,,,,0.035099,
07/24/2019 16:06:00.000000,,,,15.278947,
07/24/2019 16:07:00.000000,,,,20.640476,
07/24/2019 16:08:00.000000,,,,21.528571,
07/24/2019 16:09:00.000000,,,,31.36,
07/24/2019 16:10:00.000000,,,,52.013636,
07/24/2019 16:11:00.000000,,,,0.031161,
07/24/2019 16:12:00.000000,,,,0.026099,
07/24/2019 16:13:00.000000,,,,0.032693,
07/24/2019 16:14:00.000000,,,,24.1125,
07/24/2019 16:15:00.000000,,,,22.6,
07/24/2019 16:16:00.000000,,,,24.325,
07/24/2019 16:17:00.000000,,,,0.041961,
07/24/2019 16:18:00.000000,,,,25.785714,
07/24/2019 16:19:00.000000,,,,0.038302,
07/24/2019 16:20:00.000000,,,,0.010908,
07/24/2019 16:21:00.000000,,,,30.207317,
07/24/2019 16:22:00.000000,,,,0.030476,
07/24/2019 16:23:00.000000,,,,20.342857,
07/24/2019 16:24:00.000000,,,,0.044936,
07/24/2019 16:25:00.000000,,,,0.032021,
07/24/2019 16:26:00.000000,,,,67.252631,
07/24/2019 16:27:00.000000,,,,0.060554,
07/24/2019 16:28:00.000000,,,,91.485366,
07/24/2019 16:30:00.000000,,,,28.702326,
07/24/2019 16:31:00.000000,,,,34.265116,
07/24/2019 16:32:00.000000,,,,28.280952,
07/24/2019 16:33:00.000000,,,,40.857143,
07/24/2019 16:34:00.000000,,,,26.241463,
07/24/2019 16:35:00.000000,,,,0.029409,
07/24/2019 16:36:00.000000,,,,0.075247,
07/24/2019 16:37:00.000000,,,,0.054888,
07/24/2019 16:38:00.000000,,,,0.02937,
07/24/2019 16:39:00.000000,,,,18.116279,
07/24/2019 16:40:00.000000,,,,32.35122,
07/24/2019 16:41:00.000000,,,,0.031615,
07/24/2019 16:42:00.000000,,,,0.027233,
07/24/2019 16:43:00.000000,,,,24.5,
07/24/2019 16:44:00.000000,,,,0.033817,
07/24/2019 16:45:00.000000,,,,0.030408,
07/24/2019 16:46:00.000000,,,,0.047562,
07/24/2019 16:47:00.000000,,,,0.033578,
07/24/2019 16:48:00.000000,,,,30.225,
07/24/2019 16:49:00.000000,,,,0.064768,
07/24/2019 16:50:00.000000,,,,0.03508,
07/24/2019 16:51:00.000000,,,,18.275,
07/24/2019 16:52:00.000000,,,,33.835,
07/24/2019 16:53:00.000000,,,,0.025688,
07/24/2019 16:54:00.000000,,,,0.007341,
07/24/2019 16:55:00.000000,,,,0.018201,
07/24/2019 16:56:00.000000,,,,0.015623,
07/24/2019 16:57:00.000000,,,,33.22439,
07/24/2019 16:58:00.000000,,,,0.033337,
07/24/2019 16:59:00.000000,,,,0.014694,
07/24/2019 17:00:00.000000,,,,0.013057,
07/24/2019 17:01:00.000000,,,,9.453846,
07/24/2019 17:02:00.000000,,,,0.021571,
07/24/2019 17:03:00.000000,,,,0.019258,
07/24/2019 17:04:00.000000,,,,45.97,
07/24/2019 17:05:00.000000,,,,28.021951,
07/24/2019 17:06:00.000000,,,,0.017876,
07/24/2019 17:07:00.000000,,,,0.031553,
07/24/2019 17:08:00.000000,,,,18.216667,
07/24/2019 17:09:00.000000,,,,17.8,
07/24/2019 17:10:00.000000,,,,15.04878,
07/24/2019 17:11:00.000000,,,,0.016858,
07/24/2019 17:12:00.000000,,,,0.024065,
07/24/2019 17:13:00.000000,,,,0.041486,
07/24/2019 17:14:00.000000,,,,0.010911,
07/24/2019 17:15:00.000000,,,,27.265854,
07/24/2019 17:16:00.000000,,,,0.016814,
07/24/2019 17:17:00.000000,,,,0.016348,
07/24/2019 17:18:00.000000,,,,21.141463,
07/24/2019 17:19:00.000000,,,,0.013846,
07/24/2019 17:20:00.000000,,,,10.022222,
07/24/2019 17:21:00.000000,,,,0.025633,
07/24/2019 17:22:00.000000,,,,11.588372,
07/24/2019 17:23:00.000000,,,,14.988889,
07/24/2019 17:24:00.000000,,,,0.013898,
07/24/2019 17:25:00.000000,,,,0.00448,
07/24/2019 17:26:00.000000,,,,0.013244,
07/24/2019 17:27:00.000000,,,,20.082051,
07/24/2019 17:28:00.000000,,,,0.019434,
07/24/2019 17:30:00.000000,,,,0.007766,
07/24/2019 17:31:00.000000,,,,0.008093,
07/24/2019 17:32:00.000000,,,,2.859524,
07/24/2019 17:33:00.000000,,,,0.024736,
07/24/2019 17:34:00.000000,,,,0.011665,
07/24/2019 17:35:00.000000,,,,10.38,
07/24/2019 17:36:00.000000,,,,0.01398,
07/24/2019 17:37:00.000000,,,,10.523256,
07/24/2019 17:38:00.000000,,,,4.071429,
07/24/2019 17:39:00.000000,,,,10.381579,
07/24/2019 17:40:00.000000,,,,0.010929,
07/24/2019 17:41:00.000000,,,,15.580952,
07/24/2019 17:42:00.000000,,,,0.017707,
07/24/2019 17:43:00.000000,,,,0.020015,
07/24/2019 17:44:00.000000,,,,0.006571,
07/24/2019 17:45:00.000000,,,,0.015649,
07/24/2019 17:46:00.000000,,,,0.012299,
07/24/2019 17:47:00.000000,,,,0.005425,
07/24/2019 17:48:00.000000,,,,6.54878,
07/24/2019 17:49:00.000000,,,,8.569231,
07/24/2019 17:50:00.000000,,,,7.841026,
07/24/2019 17:51:00.000000,,,,0.017767,
07/24/2019 17:52:00.000000,,,,18.4,
07/24/2019 17:53:00.000000,,,,13.597674,
07/24/2019 17:54:00.000000,,,,3.914286,
07/24/2019 17:55:00.000000,,,,0.023387,
07/24/2019 17:56:00.000000,,,,10.770732,
07/24/2019 17:57:00.000000,,,,0.060736,
07/24/2019 17:58:00.000000,,,,0.030995,
07/24/2019 17:59:00.000000,,,,0.014979,
07/24/2019 18:00:00.000000,,,,0.005685,
07/24/2019 18:01:00.000000,,,,0.018546,
07/24/2019 18:02:00.000000,,,,23.841463,
07/24/2019 18:03:00.000000,,,,0.024561,
07/24/2019 18:04:00.000000,,,,13.671429,
07/24/2019 18:05:00.000000,,,,10.085714,
07/24/2019 18:06:00.000000,,,,0.018955,
07/24/2019 18:07:00.000000,,,,12.263415,
07/24/2019 18:08:00.000000,,,,4.620455,
07/24/2019 18:09:00.000000,,,,0.002965,
07/24/2019 18:10:00.000000,,,,17.954545,
07/24/2019 18:11:00.000000,,,,0.200072,
07/24/2019 18:12:00.000000,,,,35.694872,
07/24/2019 18:13:00.000000,,,,14.746341,
07/24/2019 18:14:00.000000,,,,0.005092,
07/24/2019 18:15:00.000000,,,,7.27381,
07/24/2019 18:16:00.000000,,,,0.014842,
07/24/2019 18:17:00.000000,,,,0.021365,
07/24/2019 18:18:00.000000,,,,15.17907,
07/24/2019 18:19:00.000000,,,,0.006479,
07/24/2019 18:20:00.000000,,,,0.007701,
07/24/2019 18:21:00.000000,,,,0.024703,
07/24/2019 18:22:00.000000,,,,7.585366,
07/24/2019 18:23:00.000000,,,,2.372093,
07/24/2019 18:24:00.000000,,,,0.003196,
07/24/2019 18:25:00.000000,,,,0.023293,
07/24/2019 18:26:00.000000,,,,0.031867,
07/24/2019 18:27:00.000000,,,,19.678049,
07/24/2019 18:28:00.000000,,,,22.487805,
07/24/2019 18:30:00.000000,,,,0.005742,
07/24/2019 18:31:00.000000,,,,0.012099,
07/24/2019 18:32:00.000000,,,,0.017562,
07/24/2019 18:33:00.000000,,,,3.790244,
07/24/2019 18:34:00.000000,,,,6.887179,
07/24/2019 18:35:00.000000,,,,3.025,
07/24/2019 18:36:00.000000,,,,15.878571,
07/24/2019 18:37:00.000000,,,,9.885366,
07/24/2019 18:38:00.000000,,,,0.004181,
07/24/2019 18:39:00.000000,,,,16.594737,
07/24/2019 18:40:00.000000,,,,7.885714,
07/24/2019 18:41:00.000000,,,,0.006259,
07/24/2019 18:42:00.000000,,,,17.9,
07/24/2019 18:43:00.000000,,,,3.884615,
07/24/2019 18:44:00.000000,,,,5.288095,
07/24/2019 18:45:00.000000,,,,0.002535,
07/24/2019 18:46:00.000000,,,,0.013742,
07/24/2019 18:47:00.000000,,,,13.25,
07/24/2019 18:48:00.000000,,,,4.104878,
07/24/2019 18:50:00.000000,,,,0.015027,
07/24/2019 18:51:00.000000,,,,7.622727,
07/24/2019 18:52:00.000000,,,,0.005417,
07/24/2019 18:53:00.000000,,,,5.871429,
07/24/2019 18:54:00.000000,,,,2.084211,
07/24/2019 18:55:00.000000,,,,5.052632,
07/24/2019 18:56:00.000000,,,,0.004079,
07/24/2019 18:57:00.000000,,,,6.434884,
07/24/2019 18:58:00.000000,,,,0.004213,
07/24/2019 18:59:00.000000,,,,0.009156,
07/24/2019 19:00:00.000000,,,,6.6125,
07/24/2019 19:01:00.000000,,,,0.00429,
07/24/2019 19:02:00.000000,,,,0.003313,
07/24/2019 19:03:00.000000,,,,8.306667,
07/24/2019 19:04:00.000000,,,,20.702439,
07/24/2019 19:05:00.000000,,,,0.01174,
07/24/2019 19:06:00.000000,,,,7.8,
07/24/2019 19:07:00.000000,,,,12.39,
07/24/2019 19:08:00.000000,,,,0.010513,
07/24/2019 19:09:00.000000,,,,7.342857,
07/24/2019 19:10:00.000000,,,,0.007483,
07/24/2019 19:11:00.000000,,,,0.007298,
07/24/2019 19:12:00.000000,,,,0.008851,
07/24/2019 19:13:00.000000,,,,0.006603,
07/24/2019 19:14:00.000000,,,,0.014988,
07/24/2019 19:15:00.000000,,,,0.006332,
07/24/2019 19:16:00.000000,,,,0.006542,
07/24/2019 19:17:00.000000,,,,4.59,
07/24/2019 19:18:00.000000,,,,0.002875,
07/24/2019 19:19:00.000000,,,,5.325,
07/24/2019 19:20:00.000000,,,,0.010068,
07/24/2019 19:21:00.000000,,,,0.005398,
07/24/2019 19:22:00.000000,,,,10.685,
07/24/2019 19:23:00.000000,,,,4.986364,
07/24/2019 19:24:00.000000,,,,2.128571,
07/24/2019 19:25:00.000000,,,,6.085714,
07/24/2019 19:26:00.000000,,,,0.019902,
07/24/2019 19:27:00.000000,,,,0.012281,
07/24/2019 19:28:00.000000,,,,0.031498,
07/24/2019 19:29:00.000000,,,,0.013076,
07/24/2019 19:30:00.000000,,,,9.3875,
07/24/2019 19:31:00.000000,,,,0.009178,
07/24/2019 19:32:00.000000,,,,0.010202,
07/24/2019 19:33:00.000000,,,,0.007088,
07/24/2019 19:34:00.000000,,,,19.702632,
07/24/2019 19:35:00.000000,,,,0.013416,
07/24/2019 19:36:00.000000,,,,0.009037,
07/24/2019 19:37:00.000000,,,,23.22093,
07/24/2019 19:38:00.000000,,,,5.465909,
07/24/2019 19:39:00.000000,,,,17.05122,
07/24/2019 19:40:00.000000,,,,7.919512,
07/24/2019 19:41:00.000000,,,,0.009178,
07/24/2019 19:42:00.000000,,,,0.00306,
07/24/2019 19:43:00.000000,,,,0.006699,
07/24/2019 19:44:00.000000,,,,15.985366,
07/24/2019 19:45:00.000000,,,,0.009891,
07/24/2019 19:46:00.000000,,,,4.738636,
07/24/2019 19:47:00.000000,,,,0.053797,
07/24/2019 19:48:00.000000,,,,22.907692,
07/24/2019 19:49:00.000000,,,,31.771429,
07/24/2019 19:50:00.000000,,,,0.007906,
07/24/2019 19:51:00.000000,,,,9.647368,
07/24/2019 19:52:00.000000,,,,5.725,
07/24/2019 19:53:00.000000,,,,0.002346,
07/24/2019 19:54:00.000000,,,,0.002922,
07/24/2019 19:55:00.000000,,,,5.19,
07/24/2019 19:56:00.000000,,,,0.003143,
07/24/2019 19:57:00.000000,,,,0.00239,
07/24/2019 19:58:00.000000,,,,9.087805,
07/24/2019 19:59:00.000000,,,,9.673171,
07/24/2019 20:00:00.000000,,,,0.006939,
07/24/2019 20:01:00.000000,,,,4.9,
07/24/2019 20:02:00.000000,,,,13.309302,
07/24/2019 20:03:00.000000,,,,7.97907,
07/24/2019 20:04:00.000000,,,,2.875,
07/24/2019 20:05:00.000000,,,,0.026762,
07/24/2019 20:06:00.000000,,,,0.013151,
07/24/2019 20:07:00.000000,,,,0.00771,
07/24/2019 20:08:00.000000,,,,0.01021,
07/24/2019 20:09:00.000000,,,,19.226829,
07/24/2019 20:10:00.000000,,,,0.008075,
07/24/2019 20:11:00.000000,,,,11.037209,
07/24/2019 20:12:00.000000,,,,0.011663,
07/24/2019 20:13:00.000000,,,,0.007856,
07/24/2019 20:14:00.000000,,,,8.17561,
07/24/2019 20:15:00.000000,,,,0.003807,
07/24/2019 20:16:00.000000,,,,0.00814,
07/24/2019 20:17:00.000000,,,,0.012604,
07/24/2019 20:18:00.000000,,,,3.657143,
07/24/2019 20:19:00.000000,,,,0.008184,
07/24/2019 20:20:00.000000,,,,0.016233,
07/24/2019 20:21:00.000000,,,,0.021668,
07/24/2019 20:22:00.000000,,,,0.021931,
07/24/2019 20:23:00.000000,,,,0.018316,
07/24/2019 20:24:00.000000,,,,0.008968,
07/24/2019 20:25:00.000000,,,,0.016671,
07/24/2019 20:26:00.000000,,,,4.611628,
07/24/2019 20:27:00.000000,,,,10.925581,
07/24/2019 20:28:00.000000,,,,0.024949,
07/24/2019 20:29:00.000000,,,,20.782609,
07/24/2019 20:30:00.000000,,,,0.011544,
07/24/2019 20:31:00.000000,,,,2.73913,
07/24/2019 20:32:00.000000,,,,0.020098,
07/24/2019 20:33:00.000000,,,,0.021286,
07/24/2019 20:34:00.000000,,,,16.325,
07/24/2019 20:35:00.000000,,,,7.346154,
07/24/2019 20:36:00.000000,,,,11.935714,
07/24/2019 20:37:00.000000,,,,0.014693,
07/24/2019 20:38:00.000000,,,,0.014199,
07/24/2019 20:39:00.000000,,,,0.01186,
07/24/2019 20:40:00.000000,,,,0.018383,
07/24/2019 20:41:00.000000,,,,4.207692,
07/24/2019 20:42:00.000000,,,,0.00761,
07/24/2019 20:43:00.000000,,,,9.8,
07/24/2019 20:44:00.000000,,,,0.010924,
07/24/2019 20:45:00.000000,,,,2.854054,
07/24/2019 20:46:00.000000,,,,6.7,
07/24/2019 20:47:00.000000,,,,5.702778,
07/24/2019 20:48:00.000000,,,,0.009005,
07/24/2019 20:49:00.000000,,,,0.00333,
07/24/2019 20:50:00.000000,,,,0.008009,
07/24/2019 20:51:00.000000,,,,0.012582,
07/24/2019 20:52:00.000000,,,,18.068293,
07/24/2019 20:53:00.000000,,,,0.057003,
07/24/2019 20:54:00.000000,,,,0.011838,
07/24/2019 20:55:00.000000,,,,0.006937,
07/24/2019 20:56:00.000000,,,,0.034377,
07/24/2019 20:57:00.000000,,,,18.525641,
07/24/2019 20:58:00.000000,,,,18.090244,
07/24/2019 20:59:00.000000,,,,0.006032,
07/24/2019 21:00:00.000000,,,,13.7,
07/24/2019 21:01:00.000000,,,,0.009223,
07/24/2019 21:02:00.000000,,,,7.595349,
07/24/2019 21:03:00.000000,,,,0.012148,
07/24/2019 21:04:00.000000,,,,11.076744,
07/24/2019 21:05:00.000000,,,,0.010596,
07/24/2019 21:06:00.000000,,,,21.058537,
07/24/2019 21:07:00.000000,,,,0.015121,
07/24/2019 21:08:00.000000,,,,6.128571,
07/24/2019 21:09:00.000000,,,,0.008052,
07/24/2019 21:10:00.000000,,,,14.188636,
07/24/2019 21:11:00.000000,,,,3.657895,
07/24/2019 21:12:00.000000,,,,0.014092,
07/24/2019 21:13:00.000000,,,,0.015668,
07/24/2019 21:14:00.000000,,,,10.395122,
07/24/2019 21:15:00.000000,,,,0.010875,
07/24/2019 21:16:00.000000,,,,18.058537,
07/24/2019 21:17:00.000000,,,,0.015854,
07/24/2019 21:18:00.000000,,,,8.219512,
07/24/2019 21:19:00.000000,,,,6.692308,
07/24/2019 21:20:00.000000,,,,0.003512,
07/24/2019 21:21:00.000000,,,,0.008741,
07/24/2019 21:22:00.000000,,,,0.01297,
07/24/2019 21:23:00.000000,,,,13.617073,
07/24/2019 21:24:00.000000,,,,25.047619,
07/24/2019 21:25:00.000000,,,,0.012716,
07/24/2019 21:26:00.000000,,,,0.010485,
07/24/2019 21:27:00.000000,,,,0.012569,
07/24/2019 21:28:00.000000,,,,14.030769,
07/24/2019 21:30:00.000000,,,,0.014605,
07/24/2019 21:31:00.000000,,,,0.009378,
07/24/2019 21:32:00.000000,,,,0.003338,
07/24/2019 21:33:00.000000,,,,0.007524,
07/24/2019 21:34:00.000000,,,,7.528571,
07/24/2019 21:35:00.000000,,,,0.01496,
07/24/2019 21:36:00.000000,,,,20.995455,
07/24/2019 21:37:00.000000,,,,20.006818,
07/24/2019 21:38:00.000000,,,,17.137209,
07/24/2019 21:39:00.000000,,,,0.005657,
07/24/2019 21:40:00.000000,,,,8.359091,
07/24/2019 21:41:00.000000,,,,0.014942,
07/24/2019 21:42:00.000000,,,,0.01701,
07/24/2019 21:43:00.000000,,,,9.852381,
07/24/2019 21:44:00.000000,,,,0.012982,
07/24/2019 21:45:00.000000,,,,0.003934,
07/24/2019 21:46:00.000000,,,,11.111111,
07/24/2019 21:47:00.000000,,,,16.157143,
07/24/2019 21:48:00.000000,,,,0.014709,
07/24/2019 21:49:00.000000,,,,5.566667,
07/24/2019 21:50:00.000000,,,,0.009267,
07/24/2019 21:51:00.000000,,,,0.014003,
07/24/2019 21:52:00.000000,,,,0.003162,
07/24/2019 21:53:00.000000,,,,0.030657,
07/24/2019 21:54:00.000000,,,,5.253488,
07/24/2019 21:55:00.000000,,,,7.1,
07/24/2019 21:56:00.000000,,,,7.56,
07/24/2019 21:57:00.000000,,,,2.0625,
07/24/2019 21:58:00.000000,,,,11.557447,
07/24/2019 21:59:00.000000,,,,12.832432,
07/24/2019 22:00:00.000000,,,,0.017815,
07/24/2019 22:01:00.000000,,,,12.219512,
07/24/2019 22:02:00.000000,,,,3.162791,
07/24/2019 22:03:00.000000,,,,0.011735,
07/24/2019 22:04:00.000000,,,,0.01247,
07/24/2019 22:05:00.000000,,,,9.1125,
07/24/2019 22:06:00.000000,,,,22.006977,
07/24/2019 22:07:00.000000,,,,16.557143,
07/24/2019 22:08:00.000000,,,,0.010136,
07/24/2019 22:09:00.000000,,,,5.984615,
07/24/2019 22:10:00.000000,,,,13.646154,
07/24/2019 22:11:00.000000,,,,0.023999,
07/24/2019 22:12:00.000000,,,,13.97561,
07/24/2019 22:13:00.000000,,,,17.346154,
07/24/2019 22:14:00.000000,,,,0.01564,
07/24/2019 22:15:00.000000,,,,0.018635,
07/24/2019 22:16:00.000000,,,,20.445455,
07/24/2019 22:17:00.000000,,,,14.982222,
07/24/2019 22:18:00.000000,,,,0.00827,
07/24/2019 22:19:00.000000,,,,8.646154,
07/24/2019 22:20:00.000000,,,,0.011974,
07/24/2019 22:21:00.000000,,,,0.010878,
07/24/2019 22:22:00.000000,,,,16.480488,
07/24/2019 22:23:00.000000,,,,0.013635,
07/24/2019 22:24:00.000000,,,,6.146154,
07/24/2019 22:25:00.000000,,,,6.030233,
07/24/2019 22:26:00.000000,,,,0.017595,
07/24/2019 22:27:00.000000,,,,0.009693,
07/24/2019 22:28:00.000000,,,,0.018008,
07/24/2019 22:29:00.000000,,,,0.01464,
07/24/2019 22:30:00.000000,,,,8.275,
07/24/2019 22:31:00.000000,,,,6.05,
07/24/2019 22:32:00.000000,,,,7.82093,
07/24/2019 22:33:00.000000,,,,6.034884,
07/24/2019 22:34:00.000000,,,,2.230769,
07/24/2019 22:35:00.000000,,,,0.006745,
07/24/2019 22:36:00.000000,,,,7.853846,
07/24/2019 22:37:00.000000,,,,0.017952,
07/24/2019 22:38:00.000000,,,,0.016586,
07/24/2019 22:39:00.000000,,,,18.831707,
07/24/2019 22:40:00.000000,,,,6.438462,
07/24/2019 22:41:00.000000,,,,0.008149,
07/24/2019 22:42:00.000000,,,,5.714286,
07/24/2019 22:43:00.000000,,,,8.170732,
07/24/2019 22:44:00.000000,,,,0.003798,
07/24/2019 22:45:00.000000,,,,6.085714,
07/24/2019 22:46:00.000000,,,,17.023077,
07/24/2019 22:47:00.000000,,,,0.010853,
07/24/2019 22:48:00.000000,,,,16.209091,
07/24/2019 22:49:00.000000,,,,20.85,
07/24/2019 22:50:00.000000,,,,9.821951,
07/24/2019 22:51:00.000000,,,,26.283333,
07/24/2019 22:52:00.000000,,,,7.234211,
07/24/2019 22:53:00.000000,,,,17.202439,
07/24/2019 22:54:00.000000,,,,11.828205,
07/24/2019 22:55:00.000000,,,,0.003296,
07/24/2019 22:56:00.000000,,,,0.021355,
07/24/2019 22:57:00.000000,,,,0.004417,
07/24/2019 22:58:00.000000,,,,2.890244,
07/24/2019 22:59:00.000000,,,,6.446512,
07/24/2019 23:00:00.000000,,,,0.023304,
07/24/2019 23:01:00.000000,,,,17.916667,
07/24/2019 23:02:00.000000,,,,14.753333,
07/24/2019 23:03:00.000000,,,,0.013233,
07/24/2019 23:04:00.000000,,,,9.652381,
07/24/2019 23:05:00.000000,,,,27.090244,
07/24/2019 23:06:00.000000,,,,0.010189,
07/24/2019 23:07:00.000000,,,,10.794737,
07/24/2019 23:08:00.000000,,,,0.016365,
07/24/2019 23:09:00.000000,,,,14.85,
07/24/2019 23:10:00.000000,,,,18.227273,
07/24/2019 23:11:00.000000,,,,8.506977,
07/24/2019 23:12:00.000000,,,,0.040513,
07/24/2019 23:13:00.000000,,,,12.782927,
07/24/2019 23:14:00.000000,,,,0.022553,
07/24/2019 23:15:00.000000,,,,0.006662,
07/24/2019 23:16:00.000000,,,,2.2,
07/24/2019 23:17:00.000000,,,,0.022546,
07/24/2019 23:18:00.000000,,,,0.013028,
07/24/2019 23:19:00.000000,,,,0.016904,
07/24/2019 23:20:00.000000,,,,0.017016,
07/24/2019 23:21:00.000000,,,,0.005807,
07/24/2019 23:22:00.000000,,,,0.016195,
07/24/2019 23:23:00.000000,,,,0.010001,
07/24/2019 23:24:00.000000,,,,25.747619,
07/24/2019 23:25:00.000000,,,,0.01349,
07/24/2019 23:26:00.000000,,,,14.435714,
07/24/2019 23:27:00.000000,,,,11.904762,
07/24/2019 23:28:00.000000,,,,0.016047,
07/24/2019 23:29:00.000000,,,,22.857143,
07/24/2019 23:30:00.000000,,,,0.027641,
07/24/2019 23:31:00.000000,,,,21.144444,
07/24/2019 23:32:00.000000,,,,24.675,
07/24/2019 23:33:00.000000,,,,19.556098,
07/24/2019 23:34:00.000000,,,,25.7825,
07/24/2019 23:35:00.000000,,,,0.069065,
07/24/2019 23:36:00.000000,,,,0.060807,
07/24/2019 23:37:00.000000,,,,17.783333,
07/24/2019 23:38:00.000000,,,,19.696774,
07/24/2019 23:39:00.000000,,,,23.121951,
07/24/2019 23:40:00.000000,,,,0.032866,
07/24/2019 23:41:00.000000,,,,18.209091,
07/24/2019 23:42:00.000000,,,,18.161538,
07/24/2019 23:43:00.000000,,,,0.020936,
07/24/2019 23:44:00.000000,,,,0.011055,
07/24/2019 23:45:00.000000,,,,0.021314,
07/24/2019 23:46:00.000000,,,,9.643243,
07/24/2019 23:47:00.000000,,,,0.03757,
07/24/2019 23:48:00.000000,,,,0.019091,
07/24/2019 23:49:00.000000,,,,0.028351,
07/24/2019 23:50:00.000000,,,,7.942857,
07/24/2019 23:51:00.000000,,,,14.465116,
07/24/2019 23:52:00.000000,,,,0.008496,
07/24/2019 23:53:00.000000,,,,0.017903,
07/24/2019 23:54:00.000000,,,,6.668421,
07/24/2019 23:55:00.000000,,,,0.015825,
07/24/2019 23:56:00.000000,,,,0.024734,
07/24/2019 23:57:00.000000,,,,0.016546,
07/24/2019 23:58:00.000000,,,,4.46,
07/24/2019 23:59:00.000000,,,,7.870455,
07/25/2019 00:00:00.000000,,,,12.697436,
07/25/2019 00:01:00.000000,,,,4.981395,
07/25/2019 00:02:00.000000,,,,0.031554,
07/25/2019 00:03:00.000000,,,,0.005876,
07/25/2019 00:04:00.000000,,,,0.006343,
07/25/2019 00:05:00.000000,,,,22.857143,
07/25/2019 00:06:00.000000,,,,6.505,
07/25/2019 00:07:00.000000,,,,8.192683,
07/25/2019 00:08:00.000000,,,,3.97,
07/25/2019 00:09:00.000000,,,,22.618182,
07/25/2019 00:10:00.000000,,,,14.905,
07/25/2019 00:11:00.000000,,,,3.434146,
07/25/2019 00:12:00.000000,,,,19.930952,
07/25/2019 00:13:00.000000,,,,11.08,
07/25/2019 00:14:00.000000,,,,0.009365,
07/25/2019 00:15:00.000000,,,,9.419512,
07/25/2019 00:16:00.000000,,,,25.675555,
07/25/2019 00:17:00.000000,,,,51.054545,
07/25/2019 00:18:00.000000,,,,44.1,
07/25/2019 00:19:00.000000,,,,0.054686,
07/25/2019 00:20:00.000000,,,,141.828571,
07/25/2019 00:21:00.000000,,,,133.267441,
07/25/2019 00:22:00.000000,,,,0.072021,
07/25/2019 00:23:00.000000,,,,0.068386,
07/25/2019 00:24:00.000000,,,,0.081398,
07/25/2019 00:25:00.000000,,,,0.064062,
07/25/2019 00:26:00.000000,,,,0.033522,
07/25/2019 00:27:00.000000,,,,34.213158,
07/25/2019 00:28:00.000000,,,,34.313333,
07/25/2019 00:29:00.000000,,,,0.024582,
07/25/2019 00:30:00.000000,,,,0.032398,
07/25/2019 00:31:00.000000,,,,33.613953,
07/25/2019 00:32:00.000000,,,,35.828571,
07/25/2019 00:33:00.000000,,,,33.575758,
07/25/2019 00:34:00.000000,,,,29.985714,
07/25/2019 00:35:00.000000,,,,40.156097,
07/25/2019 00:36:00.000000,,,,33.278571,
07/25/2019 00:37:00.000000,,,,32.184615,
07/25/2019 00:38:00.000000,,,,0.03523,
07/25/2019 00:39:00.000000,,,,0.02721,
07/25/2019 00:40:00.000000,,,,36.758333,
07/25/2019 00:41:00.000000,,,,41.143902,
07/25/2019 00:42:00.000000,,,,0.041641,
07/25/2019 00:43:00.000000,,,,0.018789,
07/25/2019 00:44:00.000000,,,,0.034283,
07/25/2019 00:45:00.000000,,,,26.942857,
07/25/2019 00:46:00.000000,,,,17.3375,
07/25/2019 00:47:00.000000,,,,18.753488,
07/25/2019 00:48:00.000000,,,,0.010242,
07/25/2019 00:49:00.000000,,,,0.015105,
07/25/2019 00:50:00.000000,,,,8.947368,
07/25/2019 00:51:00.000000,,,,0.010252,
07/25/2019 00:52:00.000000,,,,0.01081,
07/25/2019 00:53:00.000000,,,,0.013757,
07/25/2019 00:54:00.000000,,,,0.011936,
07/25/2019 00:55:00.000000,,,,17.044186,
07/25/2019 00:56:00.000000,,,,9.168293,
07/25/2019 00:57:00.000000,,,,0.013221,
07/25/2019 00:58:00.000000,,,,9.305128,
07/25/2019 00:59:00.000000,,,,0.012073,
07/25/2019 01:00:00.000000,,,,0.012821,
07/25/2019 01:01:00.000000,,,,18.53,
07/25/2019 01:02:00.000000,,,,0.022831,
07/25/2019 01:03:00.000000,,,,0.018094,
07/25/2019 01:04:00.000000,,,,0.019652,
07/25/2019 01:05:00.000000,,,,16.225,
07/25/2019 01:06:00.000000,,,,6.015,
07/25/2019 01:07:00.000000,,,,12.480952,
07/25/2019 01:08:00.000000,,,,11.5875,
07/25/2019 01:09:00.000000,,,,13.145714,
07/25/2019 01:10:00.000000,,,,0.015863,
07/25/2019 01:11:00.000000,,,,18.478947,
07/25/2019 01:12:00.000000,,,,0.013757,
07/25/2019 01:13:00.000000,,,,11.329268,
07/25/2019 01:14:00.000000,,,,5.465714,
07/25/2019 01:15:00.000000,,,,0.012,
07/25/2019 01:16:00.000000,,,,11.3,
07/25/2019 01:17:00.000000,,,,21.825,
07/25/2019 01:18:00.000000,,,,29.925641,
07/25/2019 01:19:00.000000,,,,0.033936,
07/25/2019 01:20:00.000000,,,,0.038567,
07/25/2019 01:21:00.000000,,,,0.016684,
07/25/2019 01:22:00.000000,,,,0.0062,
07/25/2019 01:23:00.000000,,,,0.008789,
07/25/2019 01:24:00.000000,,,,0.010484,
07/25/2019 01:25:00.000000,,,,16.152381,
07/25/2019 01:26:00.000000,,,,24.307692,
07/25/2019 01:27:00.000000,,,,0.024231,
07/25/2019 01:28:00.000000,,,,17.716279,
07/25/2019 01:29:00.000000,,,,0.014936,
07/25/2019 01:30:00.000000,,,,9.4625,
07/25/2019 01:31:00.000000,,,,12.652632,
07/25/2019 01:32:00.000000,,,,17.728947,
07/25/2019 01:33:00.000000,,,,16.459375,
07/25/2019 01:34:00.000000,,,,19.70303,
07/25/2019 01:35:00.000000,,,,0.023212,
07/25/2019 01:36:00.000000,,,,14.641463,
07/25/2019 01:37:00.000000,,,,0.015706,
07/25/2019 01:38:00.000000,,,,0.014129,
07/25/2019 01:39:00.000000,,,,11.540476,
07/25/2019 01:40:00.000000,,,,0.012436,
07/25/2019 01:41:00.000000,,,,12.55,
07/25/2019 01:42:00.000000,,,,8.957895,
07/25/2019 01:43:00.000000,,,,10.930952,
07/25/2019 01:44:00.000000,,,,11.65,
07/25/2019 01:45:00.000000,,,,0.011175,
07/25/2019 01:46:00.000000,,,,16.64186,
07/25/2019 01:47:00.000000,,,,13.243182,
07/25/2019 01:48:00.000000,,,,14.983333,
07/25/2019 01:49:00.000000,,,,0.012268,
07/25/2019 01:50:00.000000,,,,0.008831,
07/25/2019 01:51:00.000000,,,,16.437209,
07/25/2019 01:52:00.000000,,,,0.014612,
07/25/2019 01:53:00.000000,,,,0.015496,
07/25/2019 01:54:00.000000,,,,0.012983,
07/25/2019 01:55:00.000000,,,,0.013898,
07/25/2019 01:56:00.000000,,,,14.381818,
07/25/2019 01:57:00.000000,,,,0.021775,
07/25/2019 01:58:00.000000,,,,0.013386,
07/25/2019 01:59:00.000000,,,,0.01156,
07/25/2019 02:00:00.000000,,,,5.429268,
07/25/2019 02:01:00.000000,,,,6.875676,
07/25/2019 02:02:00.000000,,,,9.2,
07/25/2019 02:03:00.000000,,,,9.6875,
07/25/2019 02:04:00.000000,,,,8.193182,
07/25/2019 02:05:00.000000,,,,11.756098,
07/25/2019 02:06:00.000000,,,,0.004761,
07/25/2019 02:07:00.000000,,,,5.902439,
07/25/2019 02:08:00.000000,,,,3.475,
07/25/2019 02:09:00.000000,,,,7.214286,
07/25/2019 02:10:00.000000,,,,11.414286,
07/25/2019 02:11:00.000000,,,,15.414634,
07/25/2019 02:12:00.000000,,,,8.009756,
07/25/2019 02:13:00.000000,,,,0.009028,
07/25/2019 02:14:00.000000,,,,0.025669,
07/25/2019 02:15:00.000000,,,,0.01057,
07/25/2019 02:16:00.000000,,,,0.007791,
07/25/2019 02:17:00.000000,,,,0.008137,
07/25/2019 02:18:00.000000,,,,0.005987,
07/25/2019 02:19:00.000000,,,,0.027934,
07/25/2019 02:20:00.000000,,,,19.89,
07/25/2019 02:21:00.000000,,,,11.027273,
07/25/2019 02:22:00.000000,,,,10.926829,
07/25/2019 02:23:00.000000,,,,9.95,
07/25/2019 02:24:00.000000,,,,0.009563,
07/25/2019 02:25:00.000000,,,,0.013694,
07/25/2019 02:26:00.000000,,,,0.010863,
07/25/2019 02:27:00.000000,,,,7.885714,
07/25/2019 02:28:00.000000,,,,6.575,
07/25/2019 02:29:00.000000,,,,0.011629,
07/25/2019 02:30:00.000000,,,,7.3,
07/25/2019 02:31:00.000000,,,,0.007174,
07/25/2019 02:32:00.000000,,,,12.514634,
07/25/2019 02:33:00.000000,,,,11.032558,
07/25/2019 02:34:00.000000,,,,0.011823,
07/25/2019 02:35:00.000000,,,,0.013761,
07/25/2019 02:36:00.000000,,,,0.01418,
07/25/2019 02:37:00.000000,,,,5.153659,
07/25/2019 02:38:00.000000,,,,0.011949,
07/25/2019 02:39:00.000000,,,,15.765116,
07/25/2019 02:40:00.000000,,,,0.021908,
07/25/2019 02:41:00.000000,,,,14.402326,
07/25/2019 02:42:00.000000,,,,13.102273,
07/25/2019 02:43:00.000000,,,,8.815385,
07/25/2019 02:44:00.000000,,,,8.733333,
07/25/2019 02:45:00.000000,,,,0.006556,
07/25/2019 02:46:00.000000,,,,0.00775,
07/25/2019 02:47:00.000000,,,,0.011729,
07/25/2019 02:48:00.000000,,,,0.012022,
07/25/2019 02:50:00.000000,,,,11.9625,
07/25/2019 02:51:00.000000,,,,10.376923,
07/25/2019 02:52:00.000000,,,,20.97027,
07/25/2019 02:53:00.000000,,,,21.071429,
07/25/2019 02:54:00.000000,,,,11.18,
07/25/2019 02:55:00.000000,,,,23.839535,
07/25/2019 02:56:00.000000,,,,0.014012,
07/25/2019 02:57:00.000000,,,,0.011781,
07/25/2019 02:58:00.000000,,,,13.485714,
07/25/2019 02:59:00.000000,,,,0.017803,
07/25/2019 03:00:00.000000,,,,12.228571,
07/25/2019 03:01:00.000000,,,,11.9875,
07/25/2019 03:02:00.000000,,,,0.037234,
07/25/2019 03:03:00.000000,,,,0.028281,
07/25/2019 03:04:00.000000,,,,0.030206,
07/25/2019 03:05:00.000000,,,,12.678049,
07/25/2019 03:06:00.000000,,,,6.459524,
07/25/2019 03:07:00.000000,,,,0.009915,
07/25/2019 03:08:00.000000,,,,0.016797,
07/25/2019 03:09:00.000000,,,,4.741463,
07/25/2019 03:10:00.000000,,,,12.385714,
07/25/2019 03:11:00.000000,,,,4.380488,
07/25/2019 03:12:00.000000,,,,0.004408,
07/25/2019 03:13:00.000000,,,,0.00796,
07/25/2019 03:14:00.000000,,,,0.004784,
07/25/2019 03:15:00.000000,,,,0.009443,
07/25/2019 03:16:00.000000,,,,11.571429,
07/25/2019 03:17:00.000000,,,,0.016734,
07/25/2019 03:18:00.000000,,,,0.012911,
07/25/2019 03:19:00.000000,,,,11.942857,
07/25/2019 03:20:00.000000,,,,0.006555,
07/25/2019 03:21:00.000000,,,,0.00434,
07/25/2019 03:22:00.000000,,,,0.020844,
07/25/2019 03:23:00.000000,,,,11.261538,
07/25/2019 03:24:00.000000,,,,0.013103,
07/25/2019 03:25:00.000000,,,,0.008158,
07/25/2019 03:26:00.000000,,,,14.002326,
07/25/2019 03:27:00.000000,,,,5.1,
07/25/2019 03:28:00.000000,,,,3.1,
07/25/2019 03:29:00.000000,,,,0.008158,
07/25/2019 03:30:00.000000,,,,0.023097,
07/25/2019 03:31:00.000000,,,,0.011726,
07/25/2019 03:32:00.000000,,,,8.576316,
07/25/2019 03:33:00.000000,,,,3.638462,
07/25/2019 03:34:00.000000,,,,9.728571,
07/25/2019 03:35:00.000000,,,,3.877778,
07/25/2019 03:36:00.000000,,,,0.00386,
07/25/2019 03:37:00.000000,,,,6.585,
07/25/2019 03:38:00.000000,,,,0.004319,
07/25/2019 03:39:00.000000,,,,0.002232,
07/25/2019 03:40:00.000000,,,,0.013917,
07/25/2019 03:41:00.000000,,,,0.008972,
07/25/2019 03:42:00.000000,,,,0.012206,
07/25/2019 03:43:00.000000,,,,16.1875,
07/25/2019 03:44:00.000000,,,,7.99,
07/25/2019 03:45:00.000000,,,,2.44878,
07/25/2019 03:46:00.000000,,,,8.595238,
07/25/2019 03:47:00.000000,,,,6.369565,
07/25/2019 03:48:00.000000,,,,0.003113,
07/25/2019 03:50:00.000000,,,,5.685714,
07/25/2019 03:51:00.000000,,,,0.006581,
07/25/2019 03:52:00.000000,,,,0.003008,
07/25/2019 03:53:00.000000,,,,0.008524,
07/25/2019 03:54:00.000000,,,,0.002998,
07/25/2019 03:55:00.000000,,,,1.302439,
07/25/2019 03:56:00.000000,,,,1.531707,
07/25/2019 03:57:00.000000,,,,4.381818,
07/25/2019 03:58:00.000000,,,,0.002879,
07/25/2019 03:59:00.000000,,,,0.003912,
07/25/2019 04:00:00.000000,,,,6.871429,
07/25/2019 04:01:00.000000,,,,4.580952,
07/25/2019 04:02:00.000000,,,,4.2,
07/25/2019 04:03:00.000000,,,,4.626829,
07/25/2019 04:04:00.000000,,,,7.993333,
07/25/2019 04:05:00.000000,,,,0.003182,
07/25/2019 04:06:00.000000,,,,0.005112,
07/25/2019 04:07:00.000000,,,,4.412821,
07/25/2019 04:08:00.000000,,,,2.65,
07/25/2019 04:09:00.000000,,,,2.8375,
07/25/2019 04:10:00.000000,,,,0.001565,
07/25/2019 04:11:00.000000,,,,0.002984,
07/25/2019 04:12:00.000000,,,,1.8875,
07/25/2019 04:13:00.000000,,,,1.466667,
07/25/2019 04:14:00.000000,,,,1.312821,
07/25/2019 04:15:00.000000,,,,0.013103,
07/25/2019 04:16:00.000000,,,,0.0029,
07/25/2019 04:17:00.000000,,,,0.001878,
07/25/2019 04:18:00.000000,,,,0.003025,
07/25/2019 04:19:00.000000,,,,1.541026,
07/25/2019 04:20:00.000000,,,,3.192683,
07/25/2019 04:21:00.000000,,,,0.001513,
07/25/2019 04:22:00.000000,,,,0.007449,
07/25/2019 04:23:00.000000,,,,7.633333,
07/25/2019 04:24:00.000000,,,,2.445,
07/25/2019 04:25:00.000000,,,,0.015763,
07/25/2019 04:26:00.000000,,,,0.006468,
07/25/2019 04:27:00.000000,,,,0.003328,
07/25/2019 04:28:00.000000,,,,4.795,
07/25/2019 04:29:00.000000,,,,1.863415,
07/25/2019 04:30:00.000000,,,,0.003474,
07/25/2019 04:31:00.000000,,,,0.005466,
07/25/2019 04:32:00.000000,,,,0.002191,
07/25/2019 04:33:00.000000,,,,1.5,
07/25/2019 04:34:00.000000,,,,0.006697,
07/25/2019 04:35:00.000000,,,,4.462791,
07/25/2019 04:36:00.000000,,,,0.002744,
07/25/2019 04:37:00.000000,,,,0.00193,
07/25/2019 04:38:00.000000,,,,0.002681,
07/25/2019 04:39:00.000000,,,,1.605,
07/25/2019 04:40:00.000000,,,,3.2,
07/25/2019 04:41:00.000000,,,,0.003693,
07/25/2019 04:42:00.000000,,,,2.107143,
07/25/2019 04:43:00.000000,,,,42.2,
07/25/2019 04:44:00.000000,,,,7.319048,
07/25/2019 04:45:00.000000,,,,4.053846,
07/25/2019 04:46:00.000000,,,,2.292683,
07/25/2019 04:47:00.000000,,,,1.481818,
07/25/2019 04:48:00.000000,,,,0.003928,
07/25/2019 04:49:00.000000,,,,0.006533,
07/25/2019 04:50:00.000000,,,,7.44,
07/25/2019 04:51:00.000000,,,,3.381395,
07/25/2019 04:52:00.000000,,,,4.380488,
07/25/2019 04:53:00.000000,,,,5.023077,
07/25/2019 04:54:00.000000,,,,1.67561,
07/25/2019 04:55:00.000000,,,,0.003792,
07/25/2019 04:56:00.000000,,,,2.004878,
07/25/2019 04:57:00.000000,,,,4.0,
07/25/2019 04:58:00.000000,,,,0.006074,
07/25/2019 04:59:00.000000,,,,0.002917,
07/25/2019 05:00:00.000000,,,,2.782927,
07/25/2019 05:01:00.000000,,,,0.007293,
07/25/2019 05:02:00.000000,,,,2.744186,
07/25/2019 05:03:00.000000,,,,1.54,
07/25/2019 05:04:00.000000,,,,0.002063,
07/25/2019 05:05:00.000000,,,,1.446154,
07/25/2019 05:06:00.000000,,,,6.020513,
07/25/2019 05:07:00.000000,,,,7.646512,
07/25/2019 05:08:00.000000,,,,10.714286,
07/25/2019 05:10:00.000000,,,,9.445,
07/25/2019 05:11:00.000000,,,,5.307317,
07/25/2019 05:12:00.000000,,,,3.371429,
07/25/2019 05:13:00.000000,,,,0.008366,
07/25/2019 05:14:00.000000,,,,0.006743,
07/25/2019 05:15:00.000000,,,,0.004787,
07/25/2019 05:16:00.000000,,,,6.6625,
07/25/2019 05:17:00.000000,,,,4.795122,
07/25/2019 05:18:00.000000,,,,0.002789,
07/25/2019 05:19:00.000000,,,,0.002976,
07/25/2019 05:20:00.000000,,,,0.015608,
07/25/2019 05:21:00.000000,,,,0.01103,
07/25/2019 05:22:00.000000,,,,0.003788,
07/25/2019 05:23:00.000000,,,,0.006576,
07/25/2019 05:24:00.000000,,,,3.8,
07/25/2019 05:25:00.000000,,,,2.552778,
07/25/2019 05:26:00.000000,,,,0.002473,
07/25/2019 05:27:00.000000,,,,0.002369,
07/25/2019 05:28:00.000000,,,,0.002473,
07/25/2019 05:30:00.000000,,,,5.597561,
07/25/2019 05:31:00.000000,,,,0.005466,
07/25/2019 05:32:00.000000,,,,4.085714,
07/25/2019 05:33:00.000000,,,,0.008573,
07/25/2019 05:34:00.000000,,,,0.004676,
07/25/2019 05:35:00.000000,,,,0.002681,
07/25/2019 05:36:00.000000,,,,0.002411,
07/25/2019 05:37:00.000000,,,,3.125,
07/25/2019 05:38:00.000000,,,,5.143902,
07/25/2019 05:39:00.000000,,,,0.003928,
07/25/2019 05:40:00.000000,,,,2.528571,
07/25/2019 05:41:00.000000,,,,3.557143,
07/25/2019 05:42:00.000000,,,,0.004718,
07/25/2019 05:43:00.000000,,,,4.742857,
07/25/2019 05:44:00.000000,,,,2.242857,
07/25/2019 05:45:00.000000,,,,2.680952,
07/25/2019 05:46:00.000000,,,,1.928205,
07/25/2019 05:47:00.000000,,,,0.001933,
07/25/2019 05:48:00.000000,,,,1.586667,
07/25/2019 05:49:00.000000,,,,0.009685,
07/25/2019 05:50:00.000000,,,,0.006963,
07/25/2019 05:51:00.000000,,,,4.214286,
07/25/2019 05:52:00.000000,,,,3.932558,
07/25/2019 05:53:00.000000,,,,2.44878,
07/25/2019 05:54:00.000000,,,,0.011992,
07/25/2019 05:55:00.000000,,,,2.905128,
07/25/2019 05:56:00.000000,,,,0.002432,
07/25/2019 05:57:00.000000,,,,0.002494,
07/25/2019 05:58:00.000000,,,,4.270455,
07/25/2019 05:59:00.000000,,,,0.002951,
07/25/2019 06:00:00.000000,,,,12.386667,
07/25/2019 06:01:00.000000,,,,7.512195,
07/25/2019 06:02:00.000000,,,,0.006526,
07/25/2019 06:03:00.000000,,,,2.268293,
07/25/2019 06:04:00.000000,,,,0.00266,
07/25/2019 06:05:00.000000,,,,0.004614,
07/25/2019 06:06:00.000000,,,,4.0,
07/25/2019 06:07:00.000000,,,,5.878049,
07/25/2019 06:08:00.000000,,,,5.602439,
07/25/2019 06:09:00.000000,,,,0.014738,
07/25/2019 06:10:00.000000,,,,4.469231,
07/25/2019 06:11:00.000000,,,,0.007099,
07/25/2019 06:12:00.000000,,,,0.005438,
07/25/2019 06:13:00.000000,,,,0.008822,
07/25/2019 06:14:00.000000,,,,2.590476,
07/25/2019 06:15:00.000000,,,,0.00465,
07/25/2019 06:16:00.000000,,,,0.006767,
07/25/2019 06:17:00.000000,,,,4.163415,
07/25/2019 06:18:00.000000,,,,0.007244,
07/25/2019 06:19:00.000000,,,,5.077273,
07/25/2019 06:20:00.000000,,,,0.01316,
07/25/2019 06:21:00.000000,,,,0.00575,
07/25/2019 06:22:00.000000,,,,3.965,
07/25/2019 06:23:00.000000,,,,6.526667,
07/25/2019 06:24:00.000000,,,,5.345455,
07/25/2019 06:25:00.000000,,,,2.7,
07/25/2019 06:26:00.000000,,,,0.003093,
07/25/2019 06:27:00.000000,,,,0.003799,
07/25/2019 06:28:00.000000,,,,0.009797,
07/25/2019 06:29:00.000000,,,,2.971875,
07/25/2019 06:30:00.000000,,,,14.760465,
07/25/2019 06:31:00.000000,,,,0.009496,
07/25/2019 06:32:00.000000,,,,0.004017,
07/25/2019 06:33:00.000000,,,,0.004297,
07/25/2019 06:34:00.000000,,,,0.006414,
07/25/2019 06:35:00.000000,,,,2.976744,
07/25/2019 06:36:00.000000,,,,0.010545,
07/25/2019 06:37:00.000000,,,,0.005044,
07/25/2019 06:38:00.000000,,,,5.068182,
07/25/2019 06:39:00.000000,,,,5.98,
07/25/2019 06:40:00.000000,,,,0.009652,
07/25/2019 06:41:00.000000,,,,0.010067,
07/25/2019 06:42:00.000000,,,,0.004266,
07/25/2019 06:43:00.000000,,,,2.735714,
07/25/2019 06:44:00.000000,,,,0.00713,
07/25/2019 06:45:00.000000,,,,3.207692,
07/25/2019 06:46:00.000000,,,,3.225,
07/25/2019 06:47:00.000000,,,,6.970732,
07/25/2019 06:48:00.000000,,,,0.004556,
07/25/2019 06:49:00.000000,,,,24.658974,
07/25/2019 06:50:00.000000,,,,0.009393,
07/25/2019 06:51:00.000000,,,,6.560465,
07/25/2019 06:52:00.000000,,,,0.016564,
07/25/2019 06:53:00.000000,,,,0.010918,
07/25/2019 06:54:00.000000,,,,4.815,
07/25/2019 06:55:00.000000,,,,0.01562,
07/25/2019 06:56:00.000000,,,,0.006175,
07/25/2019 06:57:00.000000,,,,12.595349,
07/25/2019 06:58:00.000000,,,,9.4125,
07/25/2019 06:59:00.000000,,,,21.925,
07/25/2019 07:00:00.000000,,,,5.6,
07/25/2019 07:01:00.000000,,,,0.008988,
07/25/2019 07:02:00.000000,,,,12.645455,
07/25/2019 07:03:00.000000,,,,0.017052,
07/25/2019 07:04:00.000000,,,,0.011468,
07/25/2019 07:05:00.000000,,,,0.010263,
07/25/2019 07:06:00.000000,,,,7.085714,
07/25/2019 07:07:00.000000,,,,9.557143,
07/25/2019 07:08:00.000000,,,,4.923256,
07/25/2019 07:09:00.000000,,,,7.45814,
07/25/2019 07:10:00.000000,,,,9.454545,
07/25/2019 07:11:00.000000,,,,8.283333,
07/25/2019 07:12:00.000000,,,,0.006416,
07/25/2019 07:13:00.000000,,,,11.55,
07/25/2019 07:14:00.000000,,,,18.725,
07/25/2019 07:15:00.000000,,,,5.167647,
07/25/2019 07:16:00.000000,,,,12.32,
07/25/2019 07:17:00.000000,,,,7.817391,
07/25/2019 07:18:00.000000,,,,9.565,
07/25/2019 07:19:00.000000,,,,28.097561,
07/25/2019 07:20:00.000000,,,,21.4875,
07/25/2019 07:21:00.000000,,,,7.546154,
07/25/2019 07:22:00.000000,,,,0.009028,
07/25/2019 07:23:00.000000,,,,5.830769,
07/25/2019 07:24:00.000000,,,,16.44186,
07/25/2019 07:25:00.000000,,,,7.209091,
07/25/2019 07:26:00.000000,,,,10.895455,
07/25/2019 07:27:00.000000,,,,0.015351,
07/25/2019 07:28:00.000000,,,,3.365714,
07/25/2019 07:29:00.000000,,,,0.00739,
07/25/2019 07:30:00.000000,,,,0.013682,
07/25/2019 07:31:00.000000,,,,19.620588,
07/25/2019 07:32:00.000000,,,,0.020668,
07/25/2019 07:33:00.000000,,,,6.128571,
07/25/2019 07:34:00.000000,,,,19.972727,
07/25/2019 07:35:00.000000,,,,10.3,
07/25/2019 07:36:00.000000,,,,11.785366,
07/25/2019 07:37:00.000000,,,,0.010445,
07/25/2019 07:38:00.000000,,,,0.0051,
07/25/2019 07:39:00.000000,,,,0.008883,
07/25/2019 07:40:00.000000,,,,0.004431,
07/25/2019 07:41:00.000000,,,,0.006675,
07/25/2019 07:42:00.000000,,,,7.676923,
07/25/2019 07:43:00.000000,,,,4.5,
07/25/2019 07:44:00.000000,,,,12.042857,
07/25/2019 07:45:00.000000,,,,0.006505,
07/25/2019 07:46:00.000000,,,,4.453659,
07/25/2019 07:47:00.000000,,,,0.008199,
07/25/2019 07:48:00.000000,,,,4.074419,
07/25/2019 07:50:00.000000,,,,18.186364,
07/25/2019 07:51:00.000000,,,,0.007515,
07/25/2019 07:52:00.000000,,,,0.004099,
07/25/2019 07:53:00.000000,,,,9.358537,
07/25/2019 07:54:00.000000,,,,0.010497,
07/25/2019 07:55:00.000000,,,,3.917073,
07/25/2019 07:56:00.000000,,,,3.630233,
07/25/2019 07:57:00.000000,,,,0.013499,
07/25/2019 07:58:00.000000,,,,8.746154,
07/25/2019 07:59:00.000000,,,,20.566667,
07/25/2019 08:00:00.000000,,,,15.345,
07/25/2019 08:01:00.000000,,,,0.012132,
07/25/2019 08:02:00.000000,,,,0.009607,
07/25/2019 08:03:00.000000,,,,16.456098,
07/25/2019 08:04:00.000000,,,,10.35,
07/25/2019 08:05:00.000000,,,,6.9,
07/25/2019 08:06:00.000000,,,,0.015424,
07/25/2019 08:07:00.000000,,,,28.514286,
07/25/2019 08:08:00.000000,,,,11.707143,
07/25/2019 08:09:00.000000,,,,0.005507,
07/25/2019 08:10:00.000000,,,,3.5,
07/25/2019 08:11:00.000000,,,,12.337209,
07/25/2019 08:12:00.000000,,,,0.010869,
07/25/2019 08:13:00.000000,,,,0.008654,
07/25/2019 08:14:00.000000,,,,11.130233,
07/25/2019 08:15:00.000000,,,,10.02619,
07/25/2019 08:16:00.000000,,,,9.373171,
07/25/2019 08:17:00.000000,,,,0.010621,
07/25/2019 08:18:00.000000,,,,18.287805,
07/25/2019 08:19:00.000000,,,,0.020807,
07/25/2019 08:20:00.000000,,,,0.011822,
07/25/2019 08:21:00.000000,,,,0.011118,
07/25/2019 08:22:00.000000,,,,7.981395,
07/25/2019 08:23:00.000000,,,,6.478571,
07/25/2019 08:24:00.000000,,,,0.008344,
07/25/2019 08:25:00.000000,,,,8.385714,
07/25/2019 08:26:00.000000,,,,0.013375,
07/25/2019 08:27:00.000000,,,,8.522727,
07/25/2019 08:28:00.000000,,,,0.009739,
07/25/2019 08:29:00.000000,,,,0.016397,
07/25/2019 08:30:00.000000,,,,0.006027,
07/25/2019 08:31:00.000000,,,,7.022727,
07/25/2019 08:32:00.000000,,,,8.110256,
07/25/2019 08:33:00.000000,,,,0.006534,
07/25/2019 08:34:00.000000,,,,0.004156,
07/25/2019 08:35:00.000000,,,,0.031987,
07/25/2019 08:36:00.000000,,,,13.5875,
07/25/2019 08:37:00.000000,,,,7.6125,
07/25/2019 08:38:00.000000,,,,0.010566,
07/25/2019 08:39:00.000000,,,,4.005128,
07/25/2019 08:40:00.000000,,,,8.165854,
07/25/2019 08:41:00.000000,,,,0.005593,
07/25/2019 08:42:00.000000,,,,0.010659,
07/25/2019 08:43:00.000000,,,,0.014122,
07/25/2019 08:44:00.000000,,,,14.171429,
07/25/2019 08:45:00.000000,,,,7.6,
07/25/2019 08:46:00.000000,,,,0.018103,
07/25/2019 08:47:00.000000,,,,7.413333,
07/25/2019 08:48:00.000000,,,,16.121951,
07/25/2019 08:49:00.000000,,,,0.004766,
07/25/2019 08:50:00.000000,,,,0.004477,
07/25/2019 08:51:00.000000,,,,0.003908,
07/25/2019 08:52:00.000000,,,,5.909756,
07/25/2019 08:53:00.000000,,,,0.017027,
07/25/2019 08:54:00.000000,,,,0.004104,
07/25/2019 08:55:00.000000,,,,2.385366,
07/25/2019 08:56:00.000000,,,,3.278049,
07/25/2019 08:57:00.000000,,,,0.002967,
07/25/2019 08:58:00.000000,,,,6.151163,
07/25/2019 08:59:00.000000,,,,13.217073,
07/25/2019 09:00:00.000000,,,,4.576744,
07/25/2019 09:01:00.000000,,,,4.944186,
07/25/2019 09:02:00.000000,,,,3.228571,
07/25/2019 09:03:00.000000,,,,0.003484,
07/25/2019 09:04:00.000000,,,,0.010411,
07/25/2019 09:05:00.000000,,,,0.003991,
07/25/2019 09:06:00.000000,,,,3.207692,
07/25/2019 09:07:00.000000,,,,0.003184,
07/25/2019 09:08:00.000000,,,,0.00276,
07/25/2019 09:09:00.000000,,,,4.609302,
07/25/2019 09:10:00.000000,,,,6.046154,
07/25/2019 09:11:00.000000,,,,7.420513,
07/25/2019 09:12:00.000000,,,,7.771429,
07/25/2019 09:13:00.000000,,,,0.004301,
07/25/2019 09:14:00.000000,,,,2.6,
07/25/2019 09:15:00.000000,,,,2.514634,
07/25/2019 09:16:00.000000,,,,0.008994,
07/25/2019 09:17:00.000000,,,,3.897561,
07/25/2019 09:18:00.000000,,,,0.014329,
07/25/2019 09:19:00.000000,,,,0.007175,
07/25/2019 09:20:00.000000,,,,0.004193,
07/25/2019 09:21:00.000000,,,,5.9125,
07/25/2019 09:22:00.000000,,,,0.005328,
07/25/2019 09:23:00.000000,,,,5.651351,
07/25/2019 09:24:00.000000,,,,0.00954,
07/25/2019 09:25:00.000000,,,,7.906061,
07/25/2019 09:26:00.000000,,,,3.319048,
07/25/2019 09:27:00.000000,,,,0.025131,
07/25/2019 09:28:00.000000,,,,0.007599,
07/25/2019 09:29:00.000000,,,,9.009756,
07/25/2019 09:30:00.000000,,,,0.009065,
07/25/2019 09:31:00.000000,,,,0.014104,
07/25/2019 09:32:00.000000,,,,0.004811,
07/25/2019 09:33:00.000000,,,,0.003005,
07/25/2019 09:34:00.000000,,,,0.006711,
07/25/2019 09:35:00.000000,,,,10.1125,
07/25/2019 09:36:00.000000,,,,3.815,
07/25/2019 09:37:00.000000,,,,3.035897,
07/25/2019 09:38:00.000000,,,,0.005906,
07/25/2019 09:39:00.000000,,,,5.445946,
07/25/2019 09:40:00.000000,,,,0.005685,
07/25/2019 09:41:00.000000,,,,2.955,
07/25/2019 09:42:00.000000,,,,2.6125,
07/25/2019 09:43:00.000000,,,,2.6,
07/25/2019 09:44:00.000000,,,,0.00767,
07/25/2019 09:45:00.000000,,,,4.287097,
07/25/2019 09:46:00.000000,,,,0.00634,
07/25/2019 09:47:00.000000,,,,0.005638,
07/25/2019 09:48:00.000000,,,,0.004801,
07/25/2019 09:49:00.000000,,,,5.4,
07/25/2019 09:50:00.000000,,,,0.004791,
07/25/2019 09:51:00.000000,,,,2.905,
07/25/2019 09:52:00.000000,,,,0.002953,
07/25/2019 09:53:00.000000,,,,0.006567,
07/25/2019 09:54:00.000000,,,,4.22619,
07/25/2019 09:55:00.000000,,,,0.011048,
07/25/2019 09:56:00.000000,,,,0.004729,
07/25/2019 09:57:00.000000,,,,0.005286,
07/25/2019 09:58:00.000000,,,,0.00477,
07/25/2019 09:59:00.000000,,,,6.359091,
07/25/2019 10:00:00.000000,,,,0.003418,
07/25/2019 10:01:00.000000,,,,4.028571,
07/25/2019 10:02:00.000000,,,,2.57907,
07/25/2019 10:03:00.000000,,,,14.785714,
07/25/2019 10:04:00.000000,,,,0.004275,
07/25/2019 10:05:00.000000,,,,0.002963,
07/25/2019 10:06:00.000000,,,,0.008446,
07/25/2019 10:07:00.000000,,,,5.225581,
07/25/2019 10:08:00.000000,,,,5.246667,
07/25/2019 10:09:00.000000,,,,2.92,
07/25/2019 10:10:00.000000,,,,2.33,
07/25/2019 10:11:00.000000,,,,0.010573,
07/25/2019 10:12:00.000000,,,,3.514286,
07/25/2019 10:13:00.000000,,,,0.003634,
07/25/2019 10:14:00.000000,,,,7.609756,
07/25/2019 10:15:00.000000,,,,0.008818,
07/25/2019 10:16:00.000000,,,,0.003335,
07/25/2019 10:17:00.000000,,,,4.384211,
07/25/2019 10:18:00.000000,,,,0.007186,
07/25/2019 10:19:00.000000,,,,0.01367,
07/25/2019 10:20:00.000000,,,,0.004481,
07/25/2019 10:21:00.000000,,,,0.005183,
07/25/2019 10:22:00.000000,,,,0.004078,
07/25/2019 10:23:00.000000,,,,0.005668,
07/25/2019 10:24:00.000000,,,,0.0165,
07/25/2019 10:25:00.000000,,,,4.204651,
07/25/2019 10:26:00.000000,,,,0.003449,
07/25/2019 10:27:00.000000,,,,0.006422,
07/25/2019 10:28:00.000000,,,,4.434146,
07/25/2019 10:29:00.000000,,,,0.003283,
07/25/2019 10:30:00.000000,,,,0.003211,
07/25/2019 10:31:00.000000,,,,0.002994,
07/25/2019 10:32:00.000000,,,,0.005586,
07/25/2019 10:33:00.000000,,,,0.003665,
07/25/2019 10:34:00.000000,,,,0.003469,
07/25/2019 10:35:00.000000,,,,2.885714,
07/25/2019 10:36:00.000000,,,,6.030769,
07/25/2019 10:37:00.000000,,,,3.257143,
07/25/2019 10:38:00.000000,,,,3.580952,
07/25/2019 10:39:00.000000,,,,0.005486,
07/25/2019 10:40:00.000000,,,,0.013508,
07/25/2019 10:41:00.000000,,,,0.007992,
07/25/2019 10:42:00.000000,,,,0.003795,
07/25/2019 10:43:00.000000,,,,7.409091,
07/25/2019 10:44:00.000000,,,,5.207692,
07/25/2019 10:45:00.000000,,,,0.009672,
07/25/2019 10:46:00.000000,,,,4.157143,
07/25/2019 10:47:00.000000,,,,3.161538,
07/25/2019 10:48:00.000000,,,,0.003269,
07/25/2019 10:49:00.000000,,,,5.771429,
07/25/2019 10:50:00.000000,,,,0.010518,
07/25/2019 10:51:00.000000,,,,0.024831,
07/25/2019 10:52:00.000000,,,,7.710526,
07/25/2019 10:53:00.000000,,,,0.020586,
07/25/2019 10:54:00.000000,,,,0.009526,
07/25/2019 10:55:00.000000,,,,0.006138,
07/25/2019 10:56:00.000000,,,,3.61,
07/25/2019 10:57:00.000000,,,,0.022213,
07/25/2019 10:58:00.000000,,,,0.006292,
07/25/2019 10:59:00.000000,,,,6.47907,
07/25/2019 11:00:00.000000,,,,0.004006,
07/25/2019 11:01:00.000000,,,,0.006756,
07/25/2019 11:02:00.000000,,,,0.008074,
07/25/2019 11:03:00.000000,,,,16.471429,
07/25/2019 11:04:00.000000,,,,4.665854,
07/25/2019 11:05:00.000000,,,,0.003872,
07/25/2019 11:06:00.000000,,,,0.008301,
07/25/2019 11:07:00.000000,,,,0.009544,
07/25/2019 11:08:00.000000,,,,0.009318,
07/25/2019 11:10:00.000000,,,,5.429412,
07/25/2019 11:11:00.000000,,,,3.0625,
07/25/2019 11:12:00.000000,,,,3.15122,
07/25/2019 11:13:00.000000,,,,15.308108,
07/25/2019 11:14:00.000000,,,,0.025034,
07/25/2019 11:15:00.000000,,,,0.026309,
07/25/2019 11:16:00.000000,,,,0.024046,
07/25/2019 11:17:00.000000,,,,7.74186,
07/25/2019 11:18:00.000000,,,,0.016538,
07/25/2019 11:19:00.000000,,,,0.00687,
07/25/2019 11:20:00.000000,,,,0.003641,
07/25/2019 11:21:00.000000,,,,0.006541,
07/25/2019 11:22:00.000000,,,,0.009935,
07/25/2019 11:23:00.000000,,,,5.1,
07/25/2019 11:24:00.000000,,,,0.023552,
07/25/2019 11:25:00.000000,,,,7.857143,
07/25/2019 11:26:00.000000,,,,11.646341,
07/25/2019 11:27:00.000000,,,,9.735135,
07/25/2019 11:28:00.000000,,,,0.021203,
07/25/2019 11:29:00.000000,,,,0.010333,
07/25/2019 11:30:00.000000,,,,0.007457,
07/25/2019 11:31:00.000000,,,,9.771429,
07/25/2019 11:32:00.000000,,,,16.225641,
07/25/2019 11:33:00.000000,,,,15.97,
07/25/2019 11:34:00.000000,,,,0.007642,
07/25/2019 11:35:00.000000,,,,8.82439,
07/25/2019 11:36:00.000000,,,,9.6875,
07/25/2019 11:37:00.000000,,,,0.010518,
07/25/2019 11:38:00.000000,,,,0.005608,
07/25/2019 11:39:00.000000,,,,0.012285,
07/25/2019 11:40:00.000000,,,,6.8,
07/25/2019 11:41:00.000000,,,,12.186047,
07/25/2019 11:42:00.000000,,,,0.006163,
07/25/2019 11:43:00.000000,,,,0.004704,
07/25/2019 11:44:00.000000,,,,0.024631,
07/25/2019 11:45:00.000000,,,,17.348837,
07/25/2019 11:46:00.000000,,,,0.015079,
07/25/2019 11:47:00.000000,,,,0.010251,
07/25/2019 11:48:00.000000,,,,0.014021,
07/25/2019 11:49:00.000000,,,,5.22439,
07/25/2019 11:50:00.000000,,,,7.063158,
07/25/2019 11:51:00.000000,,,,9.136585,
07/25/2019 11:52:00.000000,,,,11.514286,
07/25/2019 11:53:00.000000,,,,0.015572,
07/25/2019 11:54:00.000000,,,,17.6675,
07/25/2019 11:55:00.000000,,,,0.034353,
07/25/2019 11:56:00.000000,,,,16.671429,
07/25/2019 11:57:00.000000,,,,0.018204,
07/25/2019 11:58:00.000000,,,,0.013432,
07/25/2019 11:59:00.000000,,,,12.225,
07/25/2019 12:00:00.000000,,,,10.053659,
07/25/2019 12:01:00.000000,,,,15.078049,
07/25/2019 12:02:00.000000,,,,6.455814,
07/25/2019 12:03:00.000000,,,,0.00938,
07/25/2019 12:04:00.000000,,,,0.011694,
07/25/2019 12:05:00.000000,,,,8.177778,
07/25/2019 12:06:00.000000,,,,8.157143,
07/25/2019 12:07:00.000000,,,,13.1875,
07/25/2019 12:08:00.000000,,,,0.028366,
07/25/2019 12:09:00.000000,,,,0.012301,
07/25/2019 12:10:00.000000,,,,13.085714,
07/25/2019 12:11:00.000000,,,,0.026967,
07/25/2019 12:12:00.000000,,,,12.95122,
07/25/2019 12:13:00.000000,,,,0.006274,
07/25/2019 12:14:00.000000,,,,0.005893,
07/25/2019 12:15:00.000000,,,,9.645238,
07/25/2019 12:16:00.000000,,,,0.025774,
07/25/2019 12:17:00.000000,,,,0.024478,
07/25/2019 12:18:00.000000,,,,17.828571,
07/25/2019 12:19:00.000000,,,,13.211628,
07/25/2019 12:20:00.000000,,,,5.74,
07/25/2019 12:21:00.000000,,,,0.016188,
07/25/2019 12:22:00.000000,,,,11.9125,
07/25/2019 12:23:00.000000,,,,0.012239,
07/25/2019 12:24:00.000000,,,,11.409524,
07/25/2019 12:25:00.000000,,,,5.345238,
07/25/2019 12:26:00.000000,,,,9.988889,
07/25/2019 12:27:00.000000,,,,0.016065,
07/25/2019 12:28:00.000000,,,,0.014481,
07/25/2019 12:30:00.000000,,,,0.018423,
07/25/2019 12:31:00.000000,,,,0.035272,
07/25/2019 12:32:00.000000,,,,0.010875,
07/25/2019 12:33:00.000000,,,,0.006715,
07/25/2019 12:34:00.000000,,,,16.52,
07/25/2019 12:35:00.000000,,,,11.27619,
07/25/2019 12:36:00.000000,,,,0.011802,
07/25/2019 12:37:00.000000,,,,9.315789,
07/25/2019 12:38:00.000000,,,,0.021688,
07/25/2019 12:39:00.000000,,,,23.678049,
07/25/2019 12:40:00.000000,,,,12.178571,
07/25/2019 12:41:00.000000,,,,0.014466,
07/25/2019 12:42:00.000000,,,,0.009157,
07/25/2019 12:43:00.000000,,,,0.011044,
07/25/2019 12:44:00.000000,,,,6.405263,
07/25/2019 12:45:00.000000,,,,0.014351,
07/25/2019 12:46:00.000000,,,,15.168293,
07/25/2019 12:47:00.000000,,,,0.013557,
07/25/2019 12:48:00.000000,,,,12.378049,
07/25/2019 12:49:00.000000,,,,0.017348,
07/25/2019 12:50:00.000000,,,,0.017606,
07/25/2019 12:51:00.000000,,,,14.2,
07/25/2019 12:52:00.000000,,,,7.130233,
07/25/2019 12:53:00.000000,,,,0.019886,
07/25/2019 12:54:00.000000,,,,0.017142,
07/25/2019 12:55:00.000000,,,,22.368293,
07/25/2019 12:56:00.000000,,,,22.051163,
07/25/2019 12:57:00.000000,,,,18.371429,
07/25/2019 12:58:00.000000,,,,0.017237,
07/25/2019 12:59:00.000000,,,,9.987805,
07/25/2019 13:00:00.000000,,,,12.177273,
07/25/2019 13:01:00.000000,,,,13.678049,
07/25/2019 13:02:00.000000,,,,21.271429,
07/25/2019 13:03:00.000000,,,,0.014304,
07/25/2019 13:04:00.000000,,,,12.775,
07/25/2019 13:05:00.000000,,,,15.965789,
07/25/2019 13:06:00.000000,,,,12.1125,
07/25/2019 13:07:00.000000,,,,0.022171,
07/25/2019 13:08:00.000000,,,,0.025395,
07/25/2019 13:09:00.000000,,,,16.3925,
07/25/2019 13:10:00.000000,,,,0.026919,
07/25/2019 13:11:00.000000,,,,0.021912,
07/25/2019 13:12:00.000000,,,,18.85641,
07/25/2019 13:13:00.000000,,,,0.01475,
07/25/2019 13:14:00.000000,,,,11.464286,
07/25/2019 13:15:00.000000,,,,0.025136,
07/25/2019 13:16:00.000000,,,,24.723077,
07/25/2019 13:17:00.000000,,,,0.017911,
07/25/2019 13:18:00.000000,,,,17.65,
07/25/2019 13:19:00.000000,,,,0.027219,
07/25/2019 13:20:00.000000,,,,30.615,
07/25/2019 13:21:00.000000,,,,0.036164,
07/25/2019 13:22:00.000000,,,,0.018948,
07/25/2019 13:23:00.000000,,,,21.768293,
07/25/2019 13:24:00.000000,,,,0.019155,
07/25/2019 13:25:00.000000,,,,0.028546,
07/25/2019 13:26:00.000000,,,,0.043617,
07/25/2019 13:27:00.000000,,,,0.057672,
07/25/2019 13:28:00.000000,,,,66.253846,
07/25/2019 13:29:00.000000,,,,0.040062,
07/25/2019 13:30:00.000000,,,,37.060465,
07/25/2019 13:31:00.000000,,,,26.25641,
07/25/2019 13:32:00.000000,,,,0.040238,
07/25/2019 13:33:00.000000,,,,0.05207,
07/25/2019 13:34:00.000000,,,,32.356098,
07/25/2019 13:35:00.000000,,,,35.074419,
07/25/2019 13:36:00.000000,,,,0.032828,
07/25/2019 13:37:00.000000,,,,23.55,
07/25/2019 13:38:00.000000,,,,0.029056,
07/25/2019 13:39:00.000000,,,,45.705263,
07/25/2019 13:40:00.000000,,,,0.046889,
07/25/2019 13:41:00.000000,,,,23.270732,
07/25/2019 13:42:00.000000,,,,0.031509,
07/25/2019 13:43:00.000000,,,,0.025486,
07/25/2019 13:44:00.000000,,,,0.03003,
07/25/2019 13:45:00.000000,,,,22.269048,
07/25/2019 13:46:00.000000,,,,30.530769,
07/25/2019 13:47:00.000000,,,,26.392683,
07/25/2019 13:48:00.000000,,,,0.027728,
07/25/2019 13:49:00.000000,,,,25.904545,
07/25/2019 13:50:00.000000,,,,0.023984,
07/25/2019 13:51:00.000000,,,,0.019232,
07/25/2019 13:52:00.000000,,,,0.034823,
07/25/2019 13:53:00.000000,,,,22.379487,
07/25/2019 13:54:00.000000,,,,23.733333,
07/25/2019 13:55:00.000000,,,,0.023392,
07/25/2019 13:56:00.000000,,,,21.745455,
07/25/2019 13:57:00.000000,,,,0.045418,
07/25/2019 13:58:00.000000,,,,0.033458,
07/25/2019 13:59:00.000000,,,,25.594872,
07/25/2019 14:00:00.000000,,,,0.031544,
07/25/2019 14:01:00.000000,,,,0.068064,
07/25/2019 14:02:00.000000,,,,0.044717,
07/25/2019 14:03:00.000000,,,,0.031459,
07/25/2019 14:04:00.000000,,,,19.35,
07/25/2019 14:05:00.000000,,,,17.663636,
07/25/2019 14:06:00.000000,,,,0.016148,
07/25/2019 14:07:00.000000,,,,0.027347,
07/25/2019 14:08:00.000000,,,,17.271429,
07/25/2019 14:09:00.000000,,,,20.261538,
07/25/2019 14:10:00.000000,,,,0.025198,
07/25/2019 14:11:00.000000,,,,0.043635,
07/25/2019 14:12:00.000000,,,,0.063191,
07/25/2019 14:13:00.000000,,,,41.111628,
07/25/2019 14:14:00.000000,,,,33.514286,
07/25/2019 14:15:00.000000,,,,22.085366,
07/25/2019 14:16:00.000000,,,,0.048526,
07/25/2019 14:17:00.000000,,,,50.583721,
07/25/2019 14:18:00.000000,,,,0.051816,
07/25/2019 14:19:00.000000,,,,27.730769,
07/25/2019 14:20:00.000000,,,,0.049093,
07/25/2019 14:21:00.000000,,,,0.026315,
07/25/2019 14:22:00.000000,,,,0.042406,
07/25/2019 14:23:00.000000,,,,44.871429,
07/25/2019 14:24:00.000000,,,,0.056111,
07/25/2019 14:25:00.000000,,,,37.914286,
07/25/2019 14:26:00.000000,,,,0.069627,
07/25/2019 14:27:00.000000,,,,29.44878,
07/25/2019 14:28:00.000000,,,,40.936585,
07/25/2019 14:29:00.000000,,,,37.621053,
07/25/2019 14:30:00.000000,,,,39.467391,
07/25/2019 14:31:00.000000,,,,0.048332,
07/25/2019 14:32:00.000000,,,,25.622727,
07/25/2019 14:33:00.000000,,,,11.785714,
07/25/2019 14:34:00.000000,,,,0.018718,
07/25/2019 14:35:00.000000,,,,0.024936,
07/25/2019 14:36:00.000000,,,,0.00656,
07/25/2019 14:37:00.000000,,,,0.023431,
07/25/2019 14:38:00.000000,,,,35.973333,
07/25/2019 14:39:00.000000,,,,0.04183,
07/25/2019 14:40:00.000000,,,,22.909302,
07/25/2019 14:41:00.000000,,,,0.052146,
07/25/2019 14:42:00.000000,,,,0.046204,
07/25/2019 14:43:00.000000,,,,26.002381,
07/25/2019 14:44:00.000000,,,,7.613636,
07/25/2019 14:45:00.000000,,,,0.016294,
07/25/2019 14:46:00.000000,,,,27.021951,
07/25/2019 14:47:00.000000,,,,26.07619,
07/25/2019 14:48:00.000000,,,,13.746341,
07/25/2019 14:49:00.000000,,,,13.906977,
07/25/2019 14:50:00.000000,,,,11.116667,
07/25/2019 14:51:00.000000,,,,0.018486,
07/25/2019 14:52:00.000000,,,,0.022771,
07/25/2019 14:53:00.000000,,,,16.878049,
07/25/2019 14:54:00.000000,,,,22.874419,
07/25/2019 14:55:00.000000,,,,37.5,
07/25/2019 14:56:00.000000,,,,18.702564,
07/25/2019 14:57:00.000000,,,,0.032498,
07/25/2019 14:58:00.000000,,,,0.033294,
07/25/2019 14:59:00.000000,,,,29.104651,
07/25/2019 15:00:00.000000,,,,0.033611,
07/25/2019 15:01:00.000000,,,,0.020483,
07/25/2019 15:02:00.000000,,,,12.895122,
07/25/2019 15:03:00.000000,,,,21.009091,
07/25/2019 15:04:00.000000,,,,22.365909,
07/25/2019 15:05:00.000000,,,,35.115789,
07/25/2019 15:06:00.000000,,,,27.3,
07/25/2019 15:07:00.000000,,,,0.018606,
07/25/2019 15:08:00.000000,,,,0.027654,
07/25/2019 15:09:00.000000,,,,21.791176,
07/25/2019 15:10:00.000000,,,,20.02093,
07/25/2019 15:11:00.000000,,,,0.026115,
07/25/2019 15:12:00.000000,,,,0.052761,
07/25/2019 15:13:00.000000,,,,29.177273,
07/25/2019 15:14:00.000000,,,,25.123684,
07/25/2019 15:15:00.000000,,,,0.032231,
07/25/2019 15:16:00.000000,,,,13.597674,
07/25/2019 15:17:00.000000,,,,0.018461,
07/25/2019 15:18:00.000000,,,,22.410256,
07/25/2019 15:19:00.000000,,,,12.195652,
07/25/2019 15:20:00.000000,,,,0.028142,
07/25/2019 15:21:00.000000,,,,0.018079,
07/25/2019 15:22:00.000000,,,,19.25814,
07/25/2019 15:23:00.000000,,,,15.057143,
07/25/2019 15:24:00.000000,,,,0.025014,
07/25/2019 15:25:00.000000,,,,20.5125,
07/25/2019 15:26:00.000000,,,,68.327027,
07/25/2019 15:27:00.000000,,,,0.020557,
07/25/2019 15:28:00.000000,,,,0.018593,
07/25/2019 15:29:00.000000,,,,10.169231,
07/25/2019 15:30:00.000000,,,,0.01569,
07/25/2019 15:31:00.000000,,,,19.816667,
07/25/2019 15:32:00.000000,,,,0.01401,
07/25/2019 15:33:00.000000,,,,0.016158,
07/25/2019 15:34:00.000000,,,,15.852941,
07/25/2019 15:35:00.000000,,,,0.01494,
07/25/2019 15:36:00.000000,,,,0.007759,
07/25/2019 15:37:00.000000,,,,14.9,
07/25/2019 15:38:00.000000,,,,18.144118,
07/25/2019 15:39:00.000000,,,,10.635,
07/25/2019 15:40:00.000000,,,,10.617073,
07/25/2019 15:41:00.000000,,,,0.015044,
07/25/2019 15:42:00.000000,,,,19.676744,
07/25/2019 15:43:00.000000,,,,27.985714,
07/25/2019 15:44:00.000000,,,,13.769231,
07/25/2019 15:45:00.000000,,,,0.013358,
07/25/2019 15:46:00.000000,,,,0.011157,
07/25/2019 15:47:00.000000,,,,10.15,
07/25/2019 15:48:00.000000,,,,0.024537,
07/25/2019 15:49:00.000000,,,,0.022666,
07/25/2019 15:50:00.000000,,,,0.010815,
07/25/2019 15:51:00.000000,,,,0.018018,
07/25/2019 15:52:00.000000,,,,0.026289,
07/25/2019 15:53:00.000000,,,,3.807317,
07/25/2019 15:54:00.000000,,,,0.009169,
07/25/2019 15:55:00.000000,,,,10.311111,
07/25/2019 15:56:00.000000,,,,10.09,
07/25/2019 15:57:00.000000,,,,0.011648,
07/25/2019 15:58:00.000000,,,,0.028191,
07/25/2019 15:59:00.000000,,,,12.619048,
07/25/2019 16:00:00.000000,,,,0.010483,
07/25/2019 16:01:00.000000,,,,8.197561,
07/25/2019 16:02:00.000000,,,,0.020501,
07/25/2019 16:03:00.000000,,,,0.009852,
07/25/2019 16:04:00.000000,,,,0.006143,
07/25/2019 16:05:00.000000,,,,0.010198,
07/25/2019 16:06:00.000000,,,,3.56,
07/25/2019 16:07:00.000000,,,,6.574359,
07/25/2019 16:08:00.000000,,,,2.797561,
07/25/2019 16:10:00.000000,,,,10.963889,
07/25/2019 16:11:00.000000,,,,4.325926,
07/25/2019 16:12:00.000000,,,,0.013306,
07/25/2019 16:13:00.000000,,,,14.476923,
07/25/2019 16:14:00.000000,,,,7.612195,
07/25/2019 16:15:00.000000,,,,16.758536,
07/25/2019 16:16:00.000000,,,,0.004928,
07/25/2019 16:17:00.000000,,,,9.528571,
07/25/2019 16:18:00.000000,,,,6.836585,
07/25/2019 16:19:00.000000,,,,20.166667,
07/25/2019 16:20:00.000000,,,,0.017527,
07/25/2019 16:21:00.000000,,,,0.011013,
07/25/2019 16:22:00.000000,,,,7.566667,
07/25/2019 16:23:00.000000,,,,3.814286,
07/25/2019 16:24:00.000000,,,,8.764103,
07/25/2019 16:25:00.000000,,,,0.019011,
07/25/2019 16:26:00.000000,,,,15.202439,
07/25/2019 16:27:00.000000,,,,12.83913,
07/25/2019 16:28:00.000000,,,,18.928571,
07/25/2019 16:30:00.000000,,,,9.3,
07/25/2019 16:31:00.000000,,,,11.775,
07/25/2019 16:32:00.000000,,,,0.015879,
07/25/2019 16:33:00.000000,,,,0.007975,
07/25/2019 16:34:00.000000,,,,11.623256,
07/25/2019 16:35:00.000000,,,,13.028571,
07/25/2019 16:36:00.000000,,,,0.011744,
07/25/2019 16:37:00.000000,,,,0.004361,
07/25/2019 16:38:00.000000,,,,5.121622,
07/25/2019 16:39:00.000000,,,,10.8,
07/25/2019 16:40:00.000000,,,,11.939024,
07/25/2019 16:41:00.000000,,,,11.1,
07/25/2019 16:42:00.000000,,,,7.025806,
07/25/2019 16:43:00.000000,,,,0.013703,
07/25/2019 16:44:00.000000,,,,0.010115,
07/25/2019 16:45:00.000000,,,,2.93871,
07/25/2019 16:46:00.000000,,,,0.01379,
07/25/2019 16:47:00.000000,,,,0.008473,
07/25/2019 16:48:00.000000,,,,0.010245,
07/25/2019 16:49:00.000000,,,,7.711628,
07/25/2019 16:50:00.000000,,,,0.012342,
07/25/2019 16:51:00.000000,,,,0.026161,
07/25/2019 16:52:00.000000,,,,27.348571,
07/25/2019 16:53:00.000000,,,,0.011264,
07/25/2019 16:54:00.000000,,,,2.963636,
07/25/2019 16:55:00.000000,,,,9.531579,
07/25/2019 16:56:00.000000,,,,6.9,
07/25/2019 16:57:00.000000,,,,14.618605,
07/25/2019 16:58:00.000000,,,,0.006869,
07/25/2019 16:59:00.000000,,,,0.018353,
07/25/2019 17:00:00.000000,,,,11.965,
07/25/2019 17:01:00.000000,,,,0.007844,
07/25/2019 17:02:00.000000,,,,0.012134,
07/25/2019 17:03:00.000000,,,,7.52093,
07/25/2019 17:04:00.000000,,,,3.5875,
07/25/2019 17:05:00.000000,,,,0.006414,
07/25/2019 17:06:00.000000,,,,10.271429,
07/25/2019 17:07:00.000000,,,,3.816279,
07/25/2019 17:08:00.000000,,,,0.003229,
07/25/2019 17:09:00.000000,,,,0.017443,
07/25/2019 17:10:00.000000,,,,0.026456,
07/25/2019 17:11:00.000000,,,,9.833333,
07/25/2019 17:12:00.000000,,,,13.265854,
07/25/2019 17:13:00.000000,,,,0.00554,
07/25/2019 17:14:00.000000,,,,0.003095,
07/25/2019 17:15:00.000000,,,,2.75,
07/25/2019 17:16:00.000000,,,,0.015844,
07/25/2019 17:17:00.000000,,,,6.385714,
07/25/2019 17:18:00.000000,,,,2.475,
07/25/2019 17:19:00.000000,,,,5.8,
07/25/2019 17:20:00.000000,,,,6.127273,
07/25/2019 17:21:00.000000,,,,0.003478,
07/25/2019 17:22:00.000000,,,,2.255,
07/25/2019 17:23:00.000000,,,,0.028272,
07/25/2019 17:24:00.000000,,,,8.607692,
07/25/2019 17:25:00.000000,,,,0.00844,
07/25/2019 17:26:00.000000,,,,3.283333,
07/25/2019 17:27:00.000000,,,,28.077273,
07/25/2019 17:28:00.000000,,,,0.016133,
07/25/2019 17:29:00.000000,,,,5.414286,
07/25/2019 17:30:00.000000,,,,9.275,
07/25/2019 17:31:00.000000,,,,9.109756,
07/25/2019 17:32:00.000000,,,,0.011362,
07/25/2019 17:33:00.000000,,,,0.004047,
07/25/2019 17:34:00.000000,,,,0.020343,
07/25/2019 17:35:00.000000,,,,4.395455,
07/25/2019 17:36:00.000000,,,,0.002832,
07/25/2019 17:37:00.000000,,,,3.069048,
07/25/2019 17:38:00.000000,,,,0.007932,
07/25/2019 17:39:00.000000,,,,3.072727,
07/25/2019 17:40:00.000000,,,,0.006369,
07/25/2019 17:41:00.000000,,,,3.243902,
07/25/2019 17:42:00.000000,,,,5.288889,
07/25/2019 17:43:00.000000,,,,0.027763,
07/25/2019 17:44:00.000000,,,,0.010297,
07/25/2019 17:45:00.000000,,,,0.008064,
07/25/2019 17:46:00.000000,,,,0.004743,
07/25/2019 17:47:00.000000,,,,4.4875,
07/25/2019 17:48:00.000000,,,,11.9,
07/25/2019 17:49:00.000000,,,,6.130233,
07/25/2019 17:50:00.000000,,,,8.44186,
07/25/2019 17:51:00.000000,,,,15.147368,
07/25/2019 17:52:00.000000,,,,10.0875,
07/25/2019 17:53:00.000000,,,,0.017529,
07/25/2019 17:54:00.000000,,,,3.9875,
07/25/2019 17:55:00.000000,,,,0.003713,
07/25/2019 17:56:00.000000,,,,0.010774,
07/25/2019 17:57:00.000000,,,,0.010104,
07/25/2019 17:58:00.000000,,,,0.007793,
07/25/2019 17:59:00.000000,,,,5.7,
07/25/2019 18:00:00.000000,,,,0.003109,
07/25/2019 18:01:00.000000,,,,0.017205,
07/25/2019 18:02:00.000000,,,,0.004156,
07/25/2019 18:03:00.000000,,,,0.004393,
07/25/2019 18:04:00.000000,,,,0.008689,
07/25/2019 18:05:00.000000,,,,0.007879,
07/25/2019 18:06:00.000000,,,,2.756098,
07/25/2019 18:07:00.000000,,,,0.022057,
07/25/2019 18:08:00.000000,,,,0.008031,
07/25/2019 18:09:00.000000,,,,9.385714,
07/25/2019 18:10:00.000000,,,,0.009745,
07/25/2019 18:11:00.000000,,,,0.004344,
07/25/2019 18:12:00.000000,,,,3.0,
07/25/2019 18:13:00.000000,,,,0.01313,
07/25/2019 18:14:00.000000,,,,6.571429,
07/25/2019 18:15:00.000000,,,,0.006339,
07/25/2019 18:16:00.000000,,,,3.514286,
07/25/2019 18:17:00.000000,,,,5.033333,
07/25/2019 18:18:00.000000,,,,0.003773,
07/25/2019 18:19:00.000000,,,,0.004803,
07/25/2019 18:20:00.000000,,,,11.653659,
07/25/2019 18:21:00.000000,,,,9.22439,
07/25/2019 18:22:00.000000,,,,0.011981,
07/25/2019 18:23:00.000000,,,,3.546154,
07/25/2019 18:24:00.000000,,,,10.753659,
07/25/2019 18:25:00.000000,,,,0.015057,
07/25/2019 18:26:00.000000,,,,13.457778,
07/25/2019 18:27:00.000000,,,,7.174359,
07/25/2019 18:28:00.000000,,,,0.00898,
07/25/2019 18:29:00.000000,,,,3.622222,
07/25/2019 18:30:00.000000,,,,0.01305,
07/25/2019 18:31:00.000000,,,,0.011141,
07/25/2019 18:32:00.000000,,,,10.697674,
07/25/2019 18:33:00.000000,,,,21.830769,
07/25/2019 18:34:00.000000,,,,7.844444,
07/25/2019 18:35:00.000000,,,,11.030769,
07/25/2019 18:36:00.000000,,,,0.021102,
07/25/2019 18:37:00.000000,,,,0.021275,
07/25/2019 18:38:00.000000,,,,0.010794,
07/25/2019 18:39:00.000000,,,,0.02347,
07/25/2019 18:40:00.000000,,,,0.038153,
07/25/2019 18:41:00.000000,,,,0.027235,
07/25/2019 18:42:00.000000,,,,0.026843,
07/25/2019 18:43:00.000000,,,,0.014219,
07/25/2019 18:44:00.000000,,,,8.64878,
07/25/2019 18:45:00.000000,,,,0.019017,
07/25/2019 18:46:00.000000,,,,19.425,
07/25/2019 18:47:00.000000,,,,0.005685,
07/25/2019 18:48:00.000000,,,,0.010982,
07/25/2019 18:49:00.000000,,,,0.047515,
07/25/2019 18:50:00.000000,,,,0.029265,
07/25/2019 18:51:00.000000,,,,0.024463,
07/25/2019 18:52:00.000000,,,,16.776744,
07/25/2019 18:53:00.000000,,,,15.034146,
07/25/2019 18:54:00.000000,,,,0.046305,
07/25/2019 18:55:00.000000,,,,0.007491,
07/25/2019 18:56:00.000000,,,,0.008463,
07/25/2019 18:57:00.000000,,,,14.816667,
07/25/2019 18:58:00.000000,,,,0.009204,
07/25/2019 18:59:00.000000,,,,0.009762,
07/25/2019 19:00:00.000000,,,,0.008378,
07/25/2019 19:01:00.000000,,,,0.009397,
07/25/2019 19:02:00.000000,,,,10.6,
07/25/2019 19:03:00.000000,,,,0.013202,
07/25/2019 19:04:00.000000,,,,5.825714,
07/25/2019 19:05:00.000000,,,,8.453488,
07/25/2019 19:06:00.000000,,,,5.6625,
07/25/2019 19:07:00.000000,,,,0.016307,
07/25/2019 19:08:00.000000,,,,8.714286,
07/25/2019 19:09:00.000000,,,,12.030769,
07/25/2019 19:10:00.000000,,,,0.032234,
07/25/2019 19:11:00.000000,,,,0.008678,
07/25/2019 19:12:00.000000,,,,2.513953,
07/25/2019 19:13:00.000000,,,,2.67561,
07/25/2019 19:14:00.000000,,,,5.195349,
07/25/2019 19:15:00.000000,,,,0.005571,
07/25/2019 19:16:00.000000,,,,15.056522,
07/25/2019 19:17:00.000000,,,,5.197561,
07/25/2019 19:18:00.000000,,,,16.956098,
07/25/2019 19:19:00.000000,,,,8.625,
07/25/2019 19:20:00.000000,,,,0.025456,
07/25/2019 19:21:00.000000,,,,12.690698,
07/25/2019 19:22:00.000000,,,,0.022045,
07/25/2019 19:23:00.000000,,,,44.521951,
07/25/2019 19:24:00.000000,,,,19.505,
07/25/2019 19:25:00.000000,,,,6.660976,
07/25/2019 19:26:00.000000,,,,0.004712,
07/25/2019 19:27:00.000000,,,,0.008369,
07/25/2019 19:28:00.000000,,,,2.897561,
07/25/2019 19:29:00.000000,,,,0.008049,
07/25/2019 19:30:00.000000,,,,0.009816,
07/25/2019 19:31:00.000000,,,,59.272727,
07/25/2019 19:32:00.000000,,,,0.025197,
07/25/2019 19:33:00.000000,,,,19.504878,
07/25/2019 19:34:00.000000,,,,0.014257,
07/25/2019 19:35:00.000000,,,,33.873171,
07/25/2019 19:36:00.000000,,,,0.047959,
07/25/2019 19:37:00.000000,,,,0.042053,
07/25/2019 19:38:00.000000,,,,0.079993,
07/25/2019 19:39:00.000000,,,,34.405,
07/25/2019 19:40:00.000000,,,,0.055853,
07/25/2019 19:41:00.000000,,,,0.03447,
07/25/2019 19:42:00.000000,,,,35.904878,
07/25/2019 19:43:00.000000,,,,38.1,
07/25/2019 19:44:00.000000,,,,0.011688,
07/25/2019 19:45:00.000000,,,,13.936585,
07/25/2019 19:46:00.000000,,,,10.428571,
07/25/2019 19:47:00.000000,,,,4.114286,
07/25/2019 19:48:00.000000,,,,0.003839,
07/25/2019 19:49:00.000000,,,,0.015379,
07/25/2019 19:50:00.000000,,,,0.022994,
07/25/2019 19:51:00.000000,,,,13.97,
07/25/2019 19:52:00.000000,,,,0.026995,
07/25/2019 19:53:00.000000,,,,0.011651,
07/25/2019 19:54:00.000000,,,,0.014564,
07/25/2019 19:55:00.000000,,,,0.042245,
07/25/2019 19:56:00.000000,,,,18.415,
07/25/2019 19:57:00.000000,,,,14.090909,
07/25/2019 19:58:00.000000,,,,5.478947,
07/25/2019 19:59:00.000000,,,,0.003943,
07/25/2019 20:00:00.000000,,,,3.688372,
07/25/2019 20:01:00.000000,,,,42.256757,
07/25/2019 20:02:00.000000,,,,24.02,
07/25/2019 20:03:00.000000,,,,6.736585,
07/25/2019 20:04:00.000000,,,,4.417021,
07/25/2019 20:05:00.000000,,,,6.405128,
07/25/2019 20:06:00.000000,,,,0.019325,
07/25/2019 20:07:00.000000,,,,5.62973,
07/25/2019 20:08:00.000000,,,,12.291667,
07/25/2019 20:09:00.000000,,,,13.05122,
07/25/2019 20:10:00.000000,,,,0.011517,
07/25/2019 20:11:00.000000,,,,4.0,
07/25/2019 20:12:00.000000,,,,7.465,
07/25/2019 20:13:00.000000,,,,0.014095,
07/25/2019 20:14:00.000000,,,,6.987179,
07/25/2019 20:15:00.000000,,,,4.092308,
07/25/2019 20:16:00.000000,,,,8.509091,
07/25/2019 20:17:00.000000,,,,0.006565,
07/25/2019 20:18:00.000000,,,,10.311628,
07/25/2019 20:19:00.000000,,,,0.01491,
07/25/2019 20:20:00.000000,,,,0.013108,
07/25/2019 20:21:00.000000,,,,0.01092,
07/25/2019 20:22:00.000000,,,,0.008509,
07/25/2019 20:23:00.000000,,,,0.00489,
07/25/2019 20:24:00.000000,,,,0.009182,
07/25/2019 20:25:00.000000,,,,0.021325,
07/25/2019 20:26:00.000000,,,,0.015604,
07/25/2019 20:27:00.000000,,,,5.9,
07/25/2019 20:28:00.000000,,,,4.042857,
07/25/2019 20:29:00.000000,,,,14.925,
07/25/2019 20:30:00.000000,,,,0.01307,
07/25/2019 20:31:00.000000,,,,0.012299,
07/25/2019 20:32:00.000000,,,,0.009578,
07/25/2019 20:33:00.000000,,,,32.028571,
07/25/2019 20:34:00.000000,,,,7.15,
07/25/2019 20:35:00.000000,,,,0.02057,
07/25/2019 20:36:00.000000,,,,0.009235,
07/25/2019 20:37:00.000000,,,,16.936585,
07/25/2019 20:38:00.000000,,,,6.063415,
07/25/2019 20:39:00.000000,,,,0.010799,
07/25/2019 20:40:00.000000,,,,9.485,
07/25/2019 20:41:00.000000,,,,9.069767,
07/25/2019 20:42:00.000000,,,,3.45,
07/25/2019 20:43:00.000000,,,,0.007328,
07/25/2019 20:44:00.000000,,,,0.009064,
07/25/2019 20:45:00.000000,,,,13.05,
07/25/2019 20:46:00.000000,,,,0.011613,
07/25/2019 20:47:00.000000,,,,3.436364,
07/25/2019 20:48:00.000000,,,,6.285366,
07/25/2019 20:50:00.000000,,,,0.013092,
07/25/2019 20:51:00.000000,,,,0.017999,
07/25/2019 20:52:00.000000,,,,10.447619,
07/25/2019 20:53:00.000000,,,,8.625,
07/25/2019 20:54:00.000000,,,,0.032374,
07/25/2019 20:55:00.000000,,,,0.038765,
07/25/2019 20:56:00.000000,,,,9.92093,
07/25/2019 20:57:00.000000,,,,0.006788,
07/25/2019 20:58:00.000000,,,,0.004515,
07/25/2019 20:59:00.000000,,,,0.037358,
07/25/2019 21:00:00.000000,,,,0.010775,
07/25/2019 21:01:00.000000,,,,3.2,
07/25/2019 21:02:00.000000,,,,10.711628,
07/25/2019 21:03:00.000000,,,,6.407317,
07/25/2019 21:04:00.000000,,,,10.195122,
07/25/2019 21:05:00.000000,,,,7.818605,
07/25/2019 21:06:00.000000,,,,6.217778,
07/25/2019 21:07:00.000000,,,,0.013368,
07/25/2019 21:08:00.000000,,,,4.1125,
07/25/2019 21:10:00.000000,,,,0.018068,
07/25/2019 21:11:00.000000,,,,0.006723,
07/25/2019 21:12:00.000000,,,,4.75,
07/25/2019 21:13:00.000000,,,,0.004737,
07/25/2019 21:14:00.000000,,,,12.94,
07/25/2019 21:15:00.000000,,,,17.655,
07/25/2019 21:16:00.000000,,,,44.934146,
07/25/2019 21:17:00.000000,,,,0.02226,
07/25/2019 21:18:00.000000,,,,11.922727,
07/25/2019 21:19:00.000000,,,,12.271429,
07/25/2019 21:20:00.000000,,,,8.185714,
07/25/2019 21:21:00.000000,,,,8.865854,
07/25/2019 21:22:00.000000,,,,0.011299,
07/25/2019 21:23:00.000000,,,,0.007676,
07/25/2019 21:24:00.000000,,,,5.143902,
07/25/2019 21:25:00.000000,,,,0.00346,
07/25/2019 21:26:00.000000,,,,0.002943,
07/25/2019 21:27:00.000000,,,,0.003394,
07/25/2019 21:28:00.000000,,,,0.010031,
07/25/2019 21:30:00.000000,,,,0.004532,
07/25/2019 21:31:00.000000,,,,3.454545,
07/25/2019 21:32:00.000000,,,,0.00856,
07/25/2019 21:33:00.000000,,,,0.008109,
07/25/2019 21:34:00.000000,,,,0.006779,
07/25/2019 21:35:00.000000,,,,7.660976,
07/25/2019 21:36:00.000000,,,,6.593023,
07/25/2019 21:37:00.000000,,,,12.165,
07/25/2019 21:38:00.000000,,,,7.27907,
07/25/2019 21:39:00.000000,,,,3.414286,
07/25/2019 21:40:00.000000,,,,8.12,
07/25/2019 21:41:00.000000,,,,3.236585,
07/25/2019 21:42:00.000000,,,,0.011085,
07/25/2019 21:43:00.000000,,,,0.008967,
07/25/2019 21:44:00.000000,,,,8.5,
07/25/2019 21:45:00.000000,,,,0.006698,
07/25/2019 21:46:00.000000,,,,0.005564,
07/25/2019 21:47:00.000000,,,,0.003595,
07/25/2019 21:48:00.000000,,,,6.939024,
07/25/2019 21:49:00.000000,,,,14.927907,
07/25/2019 21:50:00.000000,,,,0.006013,
07/25/2019 21:51:00.000000,,,,0.010679,
07/25/2019 21:52:00.000000,,,,7.545,
07/25/2019 21:53:00.000000,,,,6.583333,
07/25/2019 21:54:00.000000,,,,0.004809,
07/25/2019 21:55:00.000000,,,,4.05,
07/25/2019 21:56:00.000000,,,,0.003783,
07/25/2019 21:57:00.000000,,,,0.00763,
07/25/2019 21:58:00.000000,,,,14.358974,
07/25/2019 21:59:00.000000,,,,0.010045,
07/25/2019 22:00:00.000000,,,,4.615789,
07/25/2019 22:01:00.000000,,,,7.735714,
07/25/2019 22:02:00.000000,,,,13.381818,
07/25/2019 22:03:00.000000,,,,5.981395,
07/25/2019 22:04:00.000000,,,,7.546341,
07/25/2019 22:05:00.000000,,,,0.003906,
07/25/2019 22:06:00.000000,,,,2.34186,
07/25/2019 22:07:00.000000,,,,3.66,
07/25/2019 22:08:00.000000,,,,0.008752,
07/25/2019 22:10:00.000000,,,,0.008296,
07/25/2019 22:11:00.000000,,,,0.015273,
07/25/2019 22:12:00.000000,,,,11.2,
07/25/2019 22:13:00.000000,,,,0.00904,
07/25/2019 22:14:00.000000,,,,0.003764,
07/25/2019 22:15:00.000000,,,,7.15,
07/25/2019 22:16:00.000000,,,,9.25122,
07/25/2019 22:17:00.000000,,,,6.256098,
07/25/2019 22:18:00.000000,,,,0.007878,
07/25/2019 22:19:00.000000,,,,0.01227,
07/25/2019 22:20:00.000000,,,,13.095455,
07/25/2019 22:21:00.000000,,,,0.009658,
07/25/2019 22:22:00.000000,,,,3.192308,
07/25/2019 22:23:00.000000,,,,16.481395,
07/25/2019 22:24:00.000000,,,,0.004392,
07/25/2019 22:25:00.000000,,,,20.530769,
07/25/2019 22:26:00.000000,,,,0.012632,
07/25/2019 22:27:00.000000,,,,3.628571,
07/25/2019 22:28:00.000000,,,,0.011307,
07/25/2019 22:30:00.000000,,,,9.41,
07/25/2019 22:31:00.000000,,,,4.689189,
07/25/2019 22:32:00.000000,,,,0.025104,
07/25/2019 22:33:00.000000,,,,0.008922,
07/25/2019 22:34:00.000000,,,,8.346341,
07/25/2019 22:35:00.000000,,,,7.857143,
07/25/2019 22:36:00.000000,,,,6.585714,
07/25/2019 22:37:00.000000,,,,14.302439,
07/25/2019 22:38:00.000000,,,,0.015907,
07/25/2019 22:39:00.000000,,,,0.008198,
07/25/2019 22:40:00.000000,,,,0.012792,
07/25/2019 22:41:00.000000,,,,0.011983,
07/25/2019 22:42:00.000000,,,,0.004498,
07/25/2019 22:43:00.000000,,,,0.003477,
07/25/2019 22:44:00.000000,,,,0.003562,
07/25/2019 22:45:00.000000,,,,2.623256,
07/25/2019 22:46:00.000000,,,,0.005066,
07/25/2019 22:47:00.000000,,,,4.531818,
07/25/2019 22:48:00.000000,,,,0.002942,
07/25/2019 22:49:00.000000,,,,0.002559,
07/25/2019 22:50:00.000000,,,,0.003479,
07/25/2019 22:51:00.000000,,,,0.002397,
07/25/2019 22:52:00.000000,,,,0.004158,
07/25/2019 22:53:00.000000,,,,0.006894,
07/25/2019 22:54:00.000000,,,,2.469231,
07/25/2019 22:55:00.000000,,,,0.004047,
07/25/2019 22:56:00.000000,,,,0.018527,
07/25/2019 22:57:00.000000,,,,0.004216,
07/25/2019 22:58:00.000000,,,,2.2,
07/25/2019 22:59:00.000000,,,,0.004428,
07/25/2019 23:00:00.000000,,,,7.363636,
07/25/2019 23:01:00.000000,,,,0.007044,
07/25/2019 23:02:00.000000,,,,0.013199,
07/25/2019 23:03:00.000000,,,,3.84878,
07/25/2019 23:04:00.000000,,,,2.8,
07/25/2019 23:05:00.000000,,,,0.012653,
07/25/2019 23:06:00.000000,,,,0.026322,
07/25/2019 23:07:00.000000,,,,12.172093,
07/25/2019 23:08:00.000000,,,,0.00895,
07/25/2019 23:09:00.000000,,,,8.537209,
07/25/2019 23:10:00.000000,,,,15.131579,
07/25/2019 23:11:00.000000,,,,11.646154,
07/25/2019 23:12:00.000000,,,,0.009691,
07/25/2019 23:13:00.000000,,,,0.012505,
07/25/2019 23:14:00.000000,,,,0.011701,
07/25/2019 23:15:00.000000,,,,16.597297,
07/25/2019 23:16:00.000000,,,,9.539535,
07/25/2019 23:17:00.000000,,,,0.005748,
07/25/2019 23:18:00.000000,,,,0.016864,
07/25/2019 23:19:00.000000,,,,5.72439,
07/25/2019 23:20:00.000000,,,,6.889744,
07/25/2019 23:21:00.000000,,,,12.97907,
07/25/2019 23:22:00.000000,,,,16.797561,
07/25/2019 23:23:00.000000,,,,0.006593,
07/25/2019 23:24:00.000000,,,,0.017392,
07/25/2019 23:25:00.000000,,,,0.019717,
07/25/2019 23:26:00.000000,,,,0.022372,
07/25/2019 23:27:00.000000,,,,0.011198,
07/25/2019 23:28:00.000000,,,,0.038422,
07/25/2019 23:29:00.000000,,,,8.615385,
07/25/2019 23:30:00.000000,,,,24.170732,
07/25/2019 23:31:00.000000,,,,0.018404,
07/25/2019 23:32:00.000000,,,,8.057895,
07/25/2019 23:33:00.000000,,,,0.005413,
07/25/2019 23:34:00.000000,,,,0.029926,
07/25/2019 23:35:00.000000,,,,0.018292,
07/25/2019 23:36:00.000000,,,,12.506667,
07/25/2019 23:37:00.000000,,,,0.008496,
07/25/2019 23:38:00.000000,,,,0.016232,
07/25/2019 23:39:00.000000,,,,12.983333,
07/25/2019 23:40:00.000000,,,,0.017382,
07/25/2019 23:41:00.000000,,,,0.009735,
07/25/2019 23:42:00.000000,,,,0.011582,
07/25/2019 23:43:00.000000,,,,11.65,
07/25/2019 23:44:00.000000,,,,15.876923,
07/25/2019 23:45:00.000000,,,,0.030344,
07/25/2019 23:46:00.000000,,,,0.016941,
07/25/2019 23:47:00.000000,,,,0.0194,
07/25/2019 23:48:00.000000,,,,0.014863,
07/25/2019 23:50:00.000000,,,,9.995,
07/25/2019 23:51:00.000000,,,,0.013631,
07/25/2019 23:52:00.000000,,,,12.22439,
07/25/2019 23:53:00.000000,,,,11.38,
07/25/2019 23:54:00.000000,,,,9.057143,
07/25/2019 23:55:00.000000,,,,16.702326,
07/25/2019 23:56:00.000000,,,,10.743902,
07/25/2019 23:57:00.000000,,,,0.012454,
07/25/2019 23:58:00.000000,,,,0.010503,
07/25/2019 23:59:00.000000,,,,0.011022,
07/26/2019 00:00:00.000000,,,,17.8375,
07/26/2019 00:01:00.000000,,,,0.015154,
07/26/2019 00:02:00.000000,,,,10.35,
07/26/2019 00:03:00.000000,,,,10.27561,
07/26/2019 00:04:00.000000,,,,0.011464,
07/26/2019 00:05:00.000000,,,,6.328571,
07/26/2019 00:06:00.000000,,,,10.64878,
07/26/2019 00:07:00.000000,,,,13.552381,
07/26/2019 00:08:00.000000,,,,0.014055,
07/26/2019 00:10:00.000000,,,,13.428571,
07/26/2019 00:11:00.000000,,,,0.009938,
07/26/2019 00:12:00.000000,,,,0.016252,
07/26/2019 00:13:00.000000,,,,14.355,
07/26/2019 00:14:00.000000,,,,16.926316,
07/26/2019 00:15:00.000000,,,,12.16,
07/26/2019 00:16:00.000000,,,,13.085714,
07/26/2019 00:17:00.000000,,,,0.014639,
07/26/2019 00:18:00.000000,,,,0.016521,
07/26/2019 00:19:00.000000,,,,10.932558,
07/26/2019 00:20:00.000000,,,,0.01811,
07/26/2019 00:21:00.000000,,,,10.314286,
07/26/2019 00:22:00.000000,,,,10.695122,
07/26/2019 00:23:00.000000,,,,0.015426,
07/26/2019 00:24:00.000000,,,,9.9,
07/26/2019 00:25:00.000000,,,,0.018379,
07/26/2019 00:26:00.000000,,,,13.353659,
07/26/2019 00:27:00.000000,,,,0.01239,
07/26/2019 00:28:00.000000,,,,0.013024,
07/26/2019 00:30:00.000000,,,,11.341026,
07/26/2019 00:31:00.000000,,,,11.518605,
07/26/2019 00:32:00.000000,,,,0.018633,
07/26/2019 00:33:00.000000,,,,11.061538,
07/26/2019 00:34:00.000000,,,,5.321622,
07/26/2019 00:35:00.000000,,,,0.008343,
07/26/2019 00:36:00.000000,,,,8.834884,
07/26/2019 00:37:00.000000,,,,0.007023,
07/26/2019 00:38:00.000000,,,,0.009332,
07/26/2019 00:39:00.000000,,,,0.008947,
07/26/2019 00:40:00.000000,,,,0.0077,
07/26/2019 00:41:00.000000,,,,0.010197,
07/26/2019 00:42:00.000000,,,,0.020127,
07/26/2019 00:43:00.000000,,,,12.178571,
07/26/2019 00:44:00.000000,,,,0.015462,
07/26/2019 00:45:00.000000,,,,0.008384,
07/26/2019 00:46:00.000000,,,,6.025,
07/26/2019 00:47:00.000000,,,,8.06,
07/26/2019 00:48:00.000000,,,,0.009106,
07/26/2019 00:50:00.000000,,,,3.586364,
07/26/2019 00:51:00.000000,,,,5.668085,
07/26/2019 00:52:00.000000,,,,0.014998,
07/26/2019 00:53:00.000000,,,,18.009756,
07/26/2019 00:54:00.000000,,,,7.590698,
07/26/2019 00:55:00.000000,,,,3.92381,
07/26/2019 00:56:00.000000,,,,28.333333,
07/26/2019 00:57:00.000000,,,,0.013011,
07/26/2019 00:58:00.000000,,,,3.823256,
07/26/2019 00:59:00.000000,,,,0.004346,
07/26/2019 01:00:00.000000,,,,0.00867,
07/26/2019 01:01:00.000000,,,,4.069767,
07/26/2019 01:02:00.000000,,,,9.46,
07/26/2019 01:03:00.000000,,,,11.965854,
07/26/2019 01:04:00.000000,,,,12.6125,
07/26/2019 01:05:00.000000,,,,8.369767,
07/26/2019 01:06:00.000000,,,,0.007802,
07/26/2019 01:07:00.000000,,,,9.115385,
07/26/2019 01:08:00.000000,,,,5.071429,
07/26/2019 01:10:00.000000,,,,5.130769,
07/26/2019 01:11:00.000000,,,,0.006966,
07/26/2019 01:12:00.000000,,,,5.8,
07/26/2019 01:13:00.000000,,,,3.32439,
07/26/2019 01:14:00.000000,,,,0.005104,
07/26/2019 01:15:00.000000,,,,6.263415,
07/26/2019 01:16:00.000000,,,,0.009317,
07/26/2019 01:17:00.000000,,,,10.302564,
07/26/2019 01:18:00.000000,,,,0.017068,
07/26/2019 01:19:00.000000,,,,0.005578,
07/26/2019 01:20:00.000000,,,,0.006163,
07/26/2019 01:21:00.000000,,,,0.005724,
07/26/2019 01:22:00.000000,,,,3.609756,
07/26/2019 01:23:00.000000,,,,2.736957,
07/26/2019 01:24:00.000000,,,,6.472093,
07/26/2019 01:25:00.000000,,,,4.295,
07/26/2019 01:26:00.000000,,,,0.010912,
07/26/2019 01:27:00.000000,,,,7.702632,
07/26/2019 01:28:00.000000,,,,0.007379,
07/26/2019 01:30:00.000000,,,,18.785714,
07/26/2019 01:31:00.000000,,,,0.013774,
07/26/2019 01:32:00.000000,,,,0.006147,
07/26/2019 01:33:00.000000,,,,0.009398,
07/26/2019 01:34:00.000000,,,,0.011294,
07/26/2019 01:35:00.000000,,,,6.962791,
07/26/2019 01:36:00.000000,,,,16.272727,
07/26/2019 01:37:00.000000,,,,4.72093,
07/26/2019 01:38:00.000000,,,,7.85,
07/26/2019 01:39:00.000000,,,,8.258537,
07/26/2019 01:40:00.000000,,,,4.6,
07/26/2019 01:41:00.000000,,,,8.245455,
07/26/2019 01:42:00.000000,,,,8.295455,
07/26/2019 01:43:00.000000,,,,0.005772,
07/26/2019 01:44:00.000000,,,,4.330233,
07/26/2019 01:45:00.000000,,,,3.179487,
07/26/2019 01:46:00.000000,,,,3.597561,
07/26/2019 01:47:00.000000,,,,0.019916,
07/26/2019 01:48:00.000000,,,,0.011217,
07/26/2019 01:49:00.000000,,,,0.004599,
07/26/2019 01:50:00.000000,,,,0.011446,
07/26/2019 01:51:00.000000,,,,5.066667,
07/26/2019 01:52:00.000000,,,,4.435897,
07/26/2019 01:53:00.000000,,,,0.004491,
07/26/2019 01:54:00.000000,,,,4.625581,
07/26/2019 01:55:00.000000,,,,0.003907,
07/26/2019 01:56:00.000000,,,,0.010143,
07/26/2019 01:57:00.000000,,,,4.510526,
07/26/2019 01:58:00.000000,,,,3.21875,
07/26/2019 01:59:00.000000,,,,6.187805,
07/26/2019 02:00:00.000000,,,,0.007628,
07/26/2019 02:01:00.000000,,,,2.991176,
07/26/2019 02:02:00.000000,,,,2.72439,
07/26/2019 02:03:00.000000,,,,0.013562,
07/26/2019 02:04:00.000000,,,,5.222727,
07/26/2019 02:05:00.000000,,,,0.014694,
07/26/2019 02:06:00.000000,,,,0.008844,
07/26/2019 02:07:00.000000,,,,3.328571,
07/26/2019 02:08:00.000000,,,,6.279545,
07/26/2019 02:09:00.000000,,,,0.003913,
07/26/2019 02:10:00.000000,,,,0.003716,
07/26/2019 02:11:00.000000,,,,4.682857,
07/26/2019 02:12:00.000000,,,,3.46,
07/26/2019 02:13:00.000000,,,,0.007421,
07/26/2019 02:14:00.000000,,,,0.008064,
07/26/2019 02:15:00.000000,,,,0.007473,
07/26/2019 02:16:00.000000,,,,6.495,
07/26/2019 02:17:00.000000,,,,7.653659,
07/26/2019 02:18:00.000000,,,,0.004463,
07/26/2019 02:19:00.000000,,,,4.232558,
07/26/2019 02:20:00.000000,,,,3.55,
07/26/2019 02:21:00.000000,,,,0.00549,
07/26/2019 02:22:00.000000,,,,3.8,
07/26/2019 02:23:00.000000,,,,0.020223,
07/26/2019 02:24:00.000000,,,,7.863043,
07/26/2019 02:25:00.000000,,,,0.023156,
07/26/2019 02:26:00.000000,,,,5.471429,
07/26/2019 02:27:00.000000,,,,0.004312,
07/26/2019 02:28:00.000000,,,,11.489474,
07/26/2019 02:29:00.000000,,,,3.982051,
07/26/2019 02:30:00.000000,,,,6.592308,
07/26/2019 02:31:00.000000,,,,3.645,
07/26/2019 02:32:00.000000,,,,0.004074,
07/26/2019 02:33:00.000000,,,,4.645455,
07/26/2019 02:34:00.000000,,,,0.003928,
07/26/2019 02:35:00.000000,,,,0.004758,
07/26/2019 02:36:00.000000,,,,0.009412,
07/26/2019 02:37:00.000000,,,,0.004809,
07/26/2019 02:38:00.000000,,,,0.004121,
07/26/2019 02:39:00.000000,,,,0.006946,
07/26/2019 02:40:00.000000,,,,6.568293,
07/26/2019 02:41:00.000000,,,,0.004565,
07/26/2019 02:42:00.000000,,,,0.00354,
07/26/2019 02:43:00.000000,,,,6.672093,
07/26/2019 02:44:00.000000,,,,0.026832,
07/26/2019 02:45:00.000000,,,,12.130769,
07/26/2019 02:46:00.000000,,,,8.082927,
07/26/2019 02:47:00.000000,,,,0.004317,
07/26/2019 02:48:00.000000,,,,3.448718,
07/26/2019 02:50:00.000000,,,,6.22,
07/26/2019 02:51:00.000000,,,,11.668182,
07/26/2019 02:52:00.000000,,,,21.018605,
07/26/2019 02:53:00.000000,,,,0.007898,
07/26/2019 02:54:00.000000,,,,0.009048,
07/26/2019 02:55:00.000000,,,,5.7,
07/26/2019 02:56:00.000000,,,,7.1,
07/26/2019 02:57:00.000000,,,,0.007702,
07/26/2019 02:58:00.000000,,,,0.009729,
07/26/2019 02:59:00.000000,,,,0.007309,
07/26/2019 03:00:00.000000,,,,5.442857,
07/26/2019 03:01:00.000000,,,,5.4,
07/26/2019 03:02:00.000000,,,,4.21,
07/26/2019 03:03:00.000000,,,,0.00519,
07/26/2019 03:04:00.000000,,,,3.0625,
07/26/2019 03:05:00.000000,,,,0.006555,
07/26/2019 03:06:00.000000,,,,0.004549,
07/26/2019 03:07:00.000000,,,,15.094872,
07/26/2019 03:08:00.000000,,,,9.611429,
07/26/2019 03:09:00.000000,,,,4.192683,
07/26/2019 03:10:00.000000,,,,0.009894,
07/26/2019 03:11:00.000000,,,,7.551429,
07/26/2019 03:12:00.000000,,,,10.157143,
07/26/2019 03:13:00.000000,,,,0.005076,
07/26/2019 03:14:00.000000,,,,0.009119,
07/26/2019 03:15:00.000000,,,,0.010804,
07/26/2019 03:16:00.000000,,,,6.640909,
07/26/2019 03:17:00.000000,,,,7.533333,
07/26/2019 03:18:00.000000,,,,4.385,
07/26/2019 03:19:00.000000,,,,0.004259,
07/26/2019 03:20:00.000000,,,,0.004787,
07/26/2019 03:21:00.000000,,,,3.211628,
07/26/2019 03:22:00.000000,,,,9.758537,
07/26/2019 03:23:00.000000,,,,0.007041,
07/26/2019 03:24:00.000000,,,,3.834146,
07/26/2019 03:25:00.000000,,,,0.01618,
07/26/2019 03:26:00.000000,,,,0.006668,
07/26/2019 03:27:00.000000,,,,0.02231,
07/26/2019 03:28:00.000000,,,,5.882927,
07/26/2019 03:29:00.000000,,,,0.014588,
07/26/2019 03:30:00.000000,,,,0.014939,
07/26/2019 03:31:00.000000,,,,0.008405,
07/26/2019 03:32:00.000000,,,,0.009863,
07/26/2019 03:33:00.000000,,,,0.005159,
07/26/2019 03:34:00.000000,,,,3.8,
07/26/2019 03:35:00.000000,,,,6.019512,
07/26/2019 03:36:00.000000,,,,0.006689,
07/26/2019 03:37:00.000000,,,,4.11,
07/26/2019 03:38:00.000000,,,,0.006658,
07/26/2019 03:39:00.000000,,,,6.378049,
07/26/2019 03:40:00.000000,,,,3.797436,
07/26/2019 03:41:00.000000,,,,0.0107,
07/26/2019 03:42:00.000000,,,,0.015611,
07/26/2019 03:43:00.000000,,,,0.006792,
07/26/2019 03:44:00.000000,,,,7.8,
07/26/2019 03:45:00.000000,,,,7.773171,
07/26/2019 03:46:00.000000,,,,0.00398,
07/26/2019 03:47:00.000000,,,,2.711364,
07/26/2019 03:48:00.000000,,,,0.003805,
07/26/2019 03:49:00.000000,,,,10.868293,
07/26/2019 03:50:00.000000,,,,4.914286,
07/26/2019 03:51:00.000000,,,,5.456098,
07/26/2019 03:52:00.000000,,,,4.255556,
07/26/2019 03:53:00.000000,,,,3.523077,
07/26/2019 03:54:00.000000,,,,0.009336,
07/26/2019 03:55:00.000000,,,,7.066667,
07/26/2019 03:56:00.000000,,,,0.009572,
07/26/2019 03:57:00.000000,,,,0.005582,
07/26/2019 03:58:00.000000,,,,8.136842,
07/26/2019 03:59:00.000000,,,,0.018606,
07/26/2019 04:00:00.000000,,,,0.006267,
07/26/2019 04:01:00.000000,,,,6.2875,
07/26/2019 04:02:00.000000,,,,7.804651,
07/26/2019 04:03:00.000000,,,,5.676744,
07/26/2019 04:04:00.000000,,,,4.681395,
07/26/2019 04:05:00.000000,,,,0.006938,
07/26/2019 04:06:00.000000,,,,9.697561,
07/26/2019 04:07:00.000000,,,,0.022302,
07/26/2019 04:08:00.000000,,,,9.518605,
07/26/2019 04:10:00.000000,,,,0.005204,
07/26/2019 04:11:00.000000,,,,6.475,
07/26/2019 04:12:00.000000,,,,0.005638,
07/26/2019 04:13:00.000000,,,,0.010656,
07/26/2019 04:14:00.000000,,,,7.669231,
07/26/2019 04:15:00.000000,,,,6.973171,
07/26/2019 04:16:00.000000,,,,0.010408,
07/26/2019 04:17:00.000000,,,,7.05,
07/26/2019 04:18:00.000000,,,,5.815385,
07/26/2019 04:19:00.000000,,,,3.807317,
07/26/2019 04:20:00.000000,,,,3.415,
07/26/2019 04:21:00.000000,,,,6.8,
07/26/2019 04:22:00.000000,,,,11.702439,
07/26/2019 04:23:00.000000,,,,12.828571,
07/26/2019 04:24:00.000000,,,,0.009272,
07/26/2019 04:25:00.000000,,,,4.792308,
07/26/2019 04:26:00.000000,,,,0.006402,
07/26/2019 04:27:00.000000,,,,6.738462,
07/26/2019 04:28:00.000000,,,,7.175,
07/26/2019 04:29:00.000000,,,,0.007475,
07/26/2019 04:30:00.000000,,,,0.008322,
07/26/2019 04:31:00.000000,,,,0.004935,
07/26/2019 04:32:00.000000,,,,3.4,
07/26/2019 04:33:00.000000,,,,0.004935,
07/26/2019 04:34:00.000000,,,,0.00446,
07/26/2019 04:35:00.000000,,,,2.997674,
07/26/2019 04:36:00.000000,,,,0.008549,
07/26/2019 04:37:00.000000,,,,0.004688,
07/26/2019 04:38:00.000000,,,,2.915,
07/26/2019 04:39:00.000000,,,,4.406818,
07/26/2019 04:40:00.000000,,,,0.008281,
07/26/2019 04:41:00.000000,,,,0.00508,
07/26/2019 04:42:00.000000,,,,0.00795,
07/26/2019 04:43:00.000000,,,,7.338462,
07/26/2019 04:44:00.000000,,,,11.735,
07/26/2019 04:45:00.000000,,,,0.006711,
07/26/2019 04:46:00.000000,,,,0.010222,
07/26/2019 04:47:00.000000,,,,0.011688,
07/26/2019 04:48:00.000000,,,,7.614286,
07/26/2019 04:49:00.000000,,,,9.193023,
07/26/2019 04:50:00.000000,,,,4.577273,
07/26/2019 04:51:00.000000,,,,0.007486,
07/26/2019 04:52:00.000000,,,,6.671429,
07/26/2019 04:53:00.000000,,,,0.008909,
07/26/2019 04:54:00.000000,,,,4.128571,
07/26/2019 04:55:00.000000,,,,3.6,
07/26/2019 04:56:00.000000,,,,0.006414,
07/26/2019 04:57:00.000000,,,,0.004743,
07/26/2019 04:58:00.000000,,,,0.010415,
07/26/2019 04:59:00.000000,,,,0.009569,
07/26/2019 05:00:00.000000,,,,0.005032,
07/26/2019 05:01:00.000000,,,,7.775,
07/26/2019 05:02:00.000000,,,,7.179487,
07/26/2019 05:03:00.000000,,,,12.666667,
07/26/2019 05:04:00.000000,,,,0.007734,
07/26/2019 05:05:00.000000,,,,0.007074,
07/26/2019 05:06:00.000000,,,,6.414286,
07/26/2019 05:07:00.000000,,,,0.005362,
07/26/2019 05:08:00.000000,,,,3.814286,
07/26/2019 05:09:00.000000,,,,6.995455,
07/26/2019 05:10:00.000000,,,,13.676923,
07/26/2019 05:11:00.000000,,,,5.55,
07/26/2019 05:12:00.000000,,,,5.307692,
07/26/2019 05:13:00.000000,,,,6.040476,
07/26/2019 05:14:00.000000,,,,3.809524,
07/26/2019 05:15:00.000000,,,,3.5,
07/26/2019 05:16:00.000000,,,,3.5,
07/26/2019 05:17:00.000000,,,,3.412195,
07/26/2019 05:18:00.000000,,,,0.00398,
07/26/2019 05:19:00.000000,,,,0.003846,
07/26/2019 05:20:00.000000,,,,0.009507,
07/26/2019 05:21:00.000000,,,,3.87,
07/26/2019 05:22:00.000000,,,,4.518605,
07/26/2019 05:23:00.000000,,,,19.546512,
07/26/2019 05:24:00.000000,,,,15.55,
07/26/2019 05:25:00.000000,,,,0.010229,
07/26/2019 05:26:00.000000,,,,0.006806,
07/26/2019 05:27:00.000000,,,,3.35,
07/26/2019 05:28:00.000000,,,,0.005197,
07/26/2019 05:29:00.000000,,,,0.004187,
07/26/2019 05:30:00.000000,,,,3.383784,
07/26/2019 05:31:00.000000,,,,6.385366,
07/26/2019 05:32:00.000000,,,,0.008868,
07/26/2019 05:33:00.000000,,,,8.158974,
07/26/2019 05:34:00.000000,,,,0.022974,
07/26/2019 05:35:00.000000,,,,0.009157,
07/26/2019 05:36:00.000000,,,,4.140909,
07/26/2019 05:37:00.000000,,,,3.62381,
07/26/2019 05:38:00.000000,,,,0.00332,
07/26/2019 05:39:00.000000,,,,0.00991,
07/26/2019 05:40:00.000000,,,,0.00927,
07/26/2019 05:41:00.000000,,,,0.006208,
07/26/2019 05:42:00.000000,,,,0.008909,
07/26/2019 05:43:00.000000,,,,6.385,
07/26/2019 05:44:00.000000,,,,17.026829,
07/26/2019 05:45:00.000000,,,,0.007167,
07/26/2019 05:46:00.000000,,,,0.006146,
07/26/2019 05:47:00.000000,,,,16.892857,
07/26/2019 05:48:00.000000,,,,5.557143,
07/26/2019 05:49:00.000000,,,,3.4,
07/26/2019 05:50:00.000000,,,,3.314634,
07/26/2019 05:51:00.000000,,,,0.005218,
07/26/2019 05:52:00.000000,,,,3.710526,
07/26/2019 05:53:00.000000,,,,0.004336,
07/26/2019 05:54:00.000000,,,,0.004325,
07/26/2019 05:55:00.000000,,,,0.00829,
07/26/2019 05:56:00.000000,,,,3.571429,
07/26/2019 05:57:00.000000,,,,0.005973,
07/26/2019 05:58:00.000000,,,,0.012409,
07/26/2019 05:59:00.000000,,,,0.009351,
07/26/2019 06:00:00.000000,,,,0.010834,
07/26/2019 06:01:00.000000,,,,15.552941,
07/26/2019 06:02:00.000000,,,,0.012605,
07/26/2019 06:03:00.000000,,,,4.45122,
07/26/2019 06:04:00.000000,,,,2.661538,
07/26/2019 06:05:00.000000,,,,0.011637,
07/26/2019 06:06:00.000000,,,,11.885,
07/26/2019 06:07:00.000000,,,,7.1,
07/26/2019 06:08:00.000000,,,,3.251163,
07/26/2019 06:09:00.000000,,,,0.004243,
07/26/2019 06:10:00.000000,,,,0.012482,
07/26/2019 06:11:00.000000,,,,0.007188,
07/26/2019 06:12:00.000000,,,,0.004058,
07/26/2019 06:13:00.000000,,,,5.318182,
07/26/2019 06:14:00.000000,,,,7.1625,
07/26/2019 06:15:00.000000,,,,7.82381,
07/26/2019 06:16:00.000000,,,,0.015324,
07/26/2019 06:17:00.000000,,,,7.052381,
07/26/2019 06:18:00.000000,,,,0.00692,
07/26/2019 06:19:00.000000,,,,12.863415,
07/26/2019 06:20:00.000000,,,,14.373171,
07/26/2019 06:21:00.000000,,,,5.413636,
07/26/2019 06:22:00.000000,,,,0.004902,
07/26/2019 06:23:00.000000,,,,0.003852,
07/26/2019 06:24:00.000000,,,,3.214286,
07/26/2019 06:25:00.000000,,,,0.014685,
07/26/2019 06:26:00.000000,,,,0.008568,
07/26/2019 06:27:00.000000,,,,0.005273,
07/26/2019 06:28:00.000000,,,,0.008136,
07/26/2019 06:29:00.000000,,,,0.008568,
07/26/2019 06:30:00.000000,,,,0.004305,
07/26/2019 06:31:00.000000,,,,0.005829,
07/26/2019 06:32:00.000000,,,,0.003728,
07/26/2019 06:33:00.000000,,,,4.642857,
07/26/2019 06:34:00.000000,,,,5.725,
07/26/2019 06:35:00.000000,,,,0.00657,
07/26/2019 06:36:00.000000,,,,6.624324,
07/26/2019 06:37:00.000000,,,,3.7,
07/26/2019 06:38:00.000000,,,,7.745238,
07/26/2019 06:39:00.000000,,,,0.004531,
07/26/2019 06:40:00.000000,,,,0.003398,
07/26/2019 06:41:00.000000,,,,4.717949,
07/26/2019 06:42:00.000000,,,,0.011122,
07/26/2019 06:43:00.000000,,,,3.425,
07/26/2019 06:44:00.000000,,,,0.002842,
07/26/2019 06:45:00.000000,,,,0.005108,
07/26/2019 06:46:00.000000,,,,0.010195,
07/26/2019 06:47:00.000000,,,,6.195,
07/26/2019 06:48:00.000000,,,,0.008589,
07/26/2019 06:49:00.000000,,,,0.007662,
07/26/2019 06:50:00.000000,,,,3.295455,
07/26/2019 06:51:00.000000,,,,0.007229,
07/26/2019 06:52:00.000000,,,,3.406977,
07/26/2019 06:53:00.000000,,,,0.003955,
07/26/2019 06:54:00.000000,,,,4.897727,
07/26/2019 06:55:00.000000,,,,0.003852,
07/26/2019 06:56:00.000000,,,,0.005801,
07/26/2019 06:57:00.000000,,,,0.005883,
07/26/2019 06:58:00.000000,,,,5.7,
07/26/2019 06:59:00.000000,,,,5.988095,
07/26/2019 07:00:00.000000,,,,0.007097,
07/26/2019 07:01:00.000000,,,,7.4,
07/26/2019 07:02:00.000000,,,,0.004669,
07/26/2019 07:03:00.000000,,,,0.016867,
07/26/2019 07:04:00.000000,,,,4.958537,
07/26/2019 07:05:00.000000,,,,0.005986,
07/26/2019 07:06:00.000000,,,,0.004155,
07/26/2019 07:07:00.000000,,,,2.913889,
07/26/2019 07:08:00.000000,,,,0.003579,
07/26/2019 07:09:00.000000,,,,0.00687,
07/26/2019 07:10:00.000000,,,,4.9,
07/26/2019 07:11:00.000000,,,,0.019583,
07/26/2019 07:12:00.000000,,,,0.006706,
07/26/2019 07:13:00.000000,,,,8.042857,
07/26/2019 07:14:00.000000,,,,0.004916,
07/26/2019 07:15:00.000000,,,,0.005245,
07/26/2019 07:16:00.000000,,,,0.007477,
07/26/2019 07:17:00.000000,,,,0.00471,
07/26/2019 07:18:00.000000,,,,3.085714,
07/26/2019 07:19:00.000000,,,,2.912821,
07/26/2019 07:20:00.000000,,,,0.003805,
07/26/2019 07:21:00.000000,,,,2.927273,
07/26/2019 07:22:00.000000,,,,0.003466,
07/26/2019 07:23:00.000000,,,,4.865116,
07/26/2019 07:24:00.000000,,,,7.171429,
07/26/2019 07:25:00.000000,,,,3.642857,
07/26/2019 07:26:00.000000,,,,5.730952,
07/26/2019 07:27:00.000000,,,,0.004135,
07/26/2019 07:28:00.000000,,,,7.453659,
07/26/2019 07:29:00.000000,,,,0.007292,
07/26/2019 07:30:00.000000,,,,4.67561,
07/26/2019 07:31:00.000000,,,,9.576923,
07/26/2019 07:32:00.000000,,,,0.005937,
07/26/2019 07:33:00.000000,,,,3.597561,
07/26/2019 07:34:00.000000,,,,3.411905,
07/26/2019 07:35:00.000000,,,,6.729268,
07/26/2019 07:36:00.000000,,,,3.830769,
07/26/2019 07:37:00.000000,,,,0.003718,
07/26/2019 07:38:00.000000,,,,0.008556,
07/26/2019 07:39:00.000000,,,,0.004478,
07/26/2019 07:40:00.000000,,,,0.003616,
07/26/2019 07:41:00.000000,,,,5.119512,
07/26/2019 07:42:00.000000,,,,0.007344,
07/26/2019 07:43:00.000000,,,,4.457143,
07/26/2019 07:44:00.000000,,,,0.008566,
07/26/2019 07:45:00.000000,,,,4.090909,
07/26/2019 07:46:00.000000,,,,0.003533,
07/26/2019 07:47:00.000000,,,,0.003451,
07/26/2019 07:48:00.000000,,,,3.055,
07/26/2019 07:49:00.000000,,,,0.003708,
07/26/2019 07:50:00.000000,,,,0.019064,
07/26/2019 07:51:00.000000,,,,7.721951,
07/26/2019 07:52:00.000000,,,,0.00832,
07/26/2019 07:53:00.000000,,,,0.005896,
07/26/2019 07:54:00.000000,,,,3.051163,
07/26/2019 07:55:00.000000,,,,0.004242,
07/26/2019 07:56:00.000000,,,,12.867442,
07/26/2019 07:57:00.000000,,,,0.004725,
07/26/2019 07:58:00.000000,,,,0.005947,
07/26/2019 07:59:00.000000,,,,0.003451,
07/26/2019 08:00:00.000000,,,,0.006925,
07/26/2019 08:01:00.000000,,,,6.760465,
07/26/2019 08:02:00.000000,,,,0.004088,
07/26/2019 08:03:00.000000,,,,0.005567,
07/26/2019 08:04:00.000000,,,,0.004187,
07/26/2019 08:05:00.000000,,,,0.005457,
07/26/2019 08:06:00.000000,,,,0.011633,
07/26/2019 08:07:00.000000,,,,0.008494,
07/26/2019 08:08:00.000000,,,,7.210526,
07/26/2019 08:09:00.000000,,,,0.005929,
07/26/2019 08:10:00.000000,,,,4.816279,
07/26/2019 08:11:00.000000,,,,0.006038,
07/26/2019 08:12:00.000000,,,,2.826829,
07/26/2019 08:13:00.000000,,,,3.72,
07/26/2019 08:14:00.000000,,,,0.003698,
07/26/2019 08:15:00.000000,,,,2.548649,
07/26/2019 08:16:00.000000,,,,2.757143,
07/26/2019 08:17:00.000000,,,,4.45,
07/26/2019 08:18:00.000000,,,,0.006512,
07/26/2019 08:19:00.000000,,,,4.130769,
07/26/2019 08:20:00.000000,,,,3.812195,
07/26/2019 08:21:00.000000,,,,0.003657,
07/26/2019 08:22:00.000000,,,,0.003246,
07/26/2019 08:23:00.000000,,,,0.008135,
07/26/2019 08:24:00.000000,,,,0.004499,
07/26/2019 08:25:00.000000,,,,2.9,
07/26/2019 08:26:00.000000,,,,0.003369,
07/26/2019 08:27:00.000000,,,,0.006101,
07/26/2019 08:28:00.000000,,,,3.538462,
07/26/2019 08:29:00.000000,,,,3.640476,
07/26/2019 08:30:00.000000,,,,3.443902,
07/26/2019 08:31:00.000000,,,,4.717073,
07/26/2019 08:32:00.000000,,,,0.00378,
07/26/2019 08:33:00.000000,,,,0.006204,
07/26/2019 08:34:00.000000,,,,0.007285,
07/26/2019 08:35:00.000000,,,,0.00595,
07/26/2019 08:36:00.000000,,,,2.992308,
07/26/2019 08:37:00.000000,,,,8.419512,
07/26/2019 08:38:00.000000,,,,0.009007,
07/26/2019 08:39:00.000000,,,,0.017316,
07/26/2019 08:40:00.000000,,,,0.004637,
07/26/2019 08:41:00.000000,,,,0.003549,
07/26/2019 08:42:00.000000,,,,0.00357,
07/26/2019 08:43:00.000000,,,,3.072973,
07/26/2019 08:44:00.000000,,,,0.003252,
07/26/2019 08:45:00.000000,,,,2.933333,
07/26/2019 08:46:00.000000,,,,6.2375,
07/26/2019 08:47:00.000000,,,,0.008863,
07/26/2019 08:48:00.000000,,,,0.007755,
07/26/2019 08:49:00.000000,,,,8.157143,
07/26/2019 08:50:00.000000,,,,3.617949,
07/26/2019 08:51:00.000000,,,,5.939474,
07/26/2019 08:52:00.000000,,,,0.005283,
07/26/2019 08:53:00.000000,,,,4.185,
07/26/2019 08:54:00.000000,,,,0.012279,
07/26/2019 08:55:00.000000,,,,4.492308,
07/26/2019 08:56:00.000000,,,,0.012761,
07/26/2019 08:57:00.000000,,,,8.771429,
07/26/2019 08:58:00.000000,,,,3.570732,
07/26/2019 08:59:00.000000,,,,0.006617,
07/26/2019 09:00:00.000000,,,,0.004072,
07/26/2019 09:01:00.000000,,,,0.003703,
07/26/2019 09:02:00.000000,,,,2.913514,
07/26/2019 09:03:00.000000,,,,0.00439,
07/26/2019 09:04:00.000000,,,,0.004349,
07/26/2019 09:05:00.000000,,,,0.008104,
07/26/2019 09:06:00.000000,,,,0.004349,
07/26/2019 09:07:00.000000,,,,3.325,
07/26/2019 09:08:00.000000,,,,4.675,
07/26/2019 09:09:00.000000,,,,0.006237,
07/26/2019 09:10:00.000000,,,,0.004329,
07/26/2019 09:11:00.000000,,,,9.114286,
07/26/2019 09:12:00.000000,,,,0.008022,
07/26/2019 09:13:00.000000,,,,0.005909,
07/26/2019 09:14:00.000000,,,,6.183333,
07/26/2019 09:15:00.000000,,,,0.005129,
07/26/2019 09:16:00.000000,,,,0.007529,
07/26/2019 09:17:00.000000,,,,6.173171,
07/26/2019 09:18:00.000000,,,,5.235135,
07/26/2019 09:19:00.000000,,,,4.423077,
07/26/2019 09:20:00.000000,,,,11.1,
07/26/2019 09:21:00.000000,,,,0.005498,
07/26/2019 09:22:00.000000,,,,2.982927,
07/26/2019 09:23:00.000000,,,,5.987805,
07/26/2019 09:24:00.000000,,,,0.008104,
07/26/2019 09:25:00.000000,,,,7.565854,
07/26/2019 09:26:00.000000,,,,0.007529,
07/26/2019 09:27:00.000000,,,,0.007037,
07/26/2019 09:28:00.000000,,,,3.288889,
07/26/2019 09:29:00.000000,,,,2.811628,
07/26/2019 09:30:00.000000,,,,4.257143,
07/26/2019 09:31:00.000000,,,,7.987179,
07/26/2019 09:32:00.000000,,,,0.005232,
07/26/2019 09:33:00.000000,,,,0.005621,
07/26/2019 09:34:00.000000,,,,4.963158,
07/26/2019 09:35:00.000000,,,,0.004001,
07/26/2019 09:36:00.000000,,,,2.814286,
07/26/2019 09:37:00.000000,,,,4.925,
07/26/2019 09:38:00.000000,,,,0.005191,
07/26/2019 09:39:00.000000,,,,0.004206,
07/26/2019 09:40:00.000000,,,,0.006422,
07/26/2019 09:41:00.000000,,,,0.004739,
07/26/2019 09:42:00.000000,,,,6.305,
07/26/2019 09:43:00.000000,,,,0.006319,
07/26/2019 09:44:00.000000,,,,4.031707,
07/26/2019 09:45:00.000000,,,,12.095122,
07/26/2019 09:46:00.000000,,,,7.195455,
07/26/2019 09:47:00.000000,,,,0.007222,
07/26/2019 09:48:00.000000,,,,3.271795,
07/26/2019 09:50:00.000000,,,,3.2125,
07/26/2019 09:51:00.000000,,,,2.8,
07/26/2019 09:52:00.000000,,,,0.012371,
07/26/2019 09:53:00.000000,,,,6.407317,
07/26/2019 09:54:00.000000,,,,5.357143,
07/26/2019 09:55:00.000000,,,,0.00396,
07/26/2019 09:56:00.000000,,,,6.75814,
07/26/2019 09:57:00.000000,,,,0.005314,
07/26/2019 09:58:00.000000,,,,3.6125,
07/26/2019 09:59:00.000000,,,,5.406977,
07/26/2019 10:00:00.000000,,,,0.012248,
07/26/2019 10:01:00.000000,,,,0.005704,
07/26/2019 10:02:00.000000,,,,2.805,
07/26/2019 10:03:00.000000,,,,5.675,
07/26/2019 10:04:00.000000,,,,0.006945,
07/26/2019 10:05:00.000000,,,,0.004185,
07/26/2019 10:06:00.000000,,,,5.428571,
07/26/2019 10:07:00.000000,,,,0.005673,
07/26/2019 10:08:00.000000,,,,6.207317,
07/26/2019 10:09:00.000000,,,,3.373684,
07/26/2019 10:10:00.000000,,,,0.003457,
07/26/2019 10:11:00.000000,,,,0.003108,
07/26/2019 10:12:00.000000,,,,3.025,
07/26/2019 10:13:00.000000,,,,0.007201,
07/26/2019 10:14:00.000000,,,,3.690698,
07/26/2019 10:15:00.000000,,,,2.876923,
07/26/2019 10:16:00.000000,,,,0.008976,
07/26/2019 10:17:00.000000,,,,6.671429,
07/26/2019 10:18:00.000000,,,,6.071429,
07/26/2019 10:19:00.000000,,,,5.913158,
07/26/2019 10:20:00.000000,,,,6.191176,
07/26/2019 10:21:00.000000,,,,0.003683,
07/26/2019 10:22:00.000000,,,,2.786111,
07/26/2019 10:23:00.000000,,,,0.006832,
07/26/2019 10:24:00.000000,,,,0.004801,
07/26/2019 10:25:00.000000,,,,6.943902,
07/26/2019 10:26:00.000000,,,,0.010248,
07/26/2019 10:27:00.000000,,,,0.004134,
07/26/2019 10:28:00.000000,,,,4.515385,
07/26/2019 10:29:00.000000,,,,8.274359,
07/26/2019 10:30:00.000000,,,,0.003724,
07/26/2019 10:31:00.000000,,,,6.363415,
07/26/2019 10:32:00.000000,,,,8.014286,
07/26/2019 10:33:00.000000,,,,6.15122,
07/26/2019 10:34:00.000000,,,,7.415,
07/26/2019 10:35:00.000000,,,,0.006299,
07/26/2019 10:36:00.000000,,,,0.00833,
07/26/2019 10:37:00.000000,,,,0.006196,
07/26/2019 10:38:00.000000,,,,7.321951,
07/26/2019 10:39:00.000000,,,,0.007427,
07/26/2019 10:40:00.000000,,,,0.009786,
07/26/2019 10:41:00.000000,,,,3.87561,
07/26/2019 10:42:00.000000,,,,8.0,
07/26/2019 10:43:00.000000,,,,3.55641,
07/26/2019 10:44:00.000000,,,,7.188372,
07/26/2019 10:45:00.000000,,,,8.412195,
07/26/2019 10:46:00.000000,,,,17.292683,
07/26/2019 10:47:00.000000,,,,5.285,
07/26/2019 10:48:00.000000,,,,3.245455,
07/26/2019 10:50:00.000000,,,,6.668182,
07/26/2019 10:51:00.000000,,,,0.00794,
07/26/2019 10:52:00.000000,,,,5.706667,
07/26/2019 10:53:00.000000,,,,7.571429,
07/26/2019 10:54:00.000000,,,,6.158537,
07/26/2019 10:55:00.000000,,,,0.008145,
07/26/2019 10:56:00.000000,,,,6.4375,
07/26/2019 10:57:00.000000,,,,0.00877,
07/26/2019 10:58:00.000000,,,,0.005245,
07/26/2019 10:59:00.000000,,,,2.674419,
07/26/2019 11:00:00.000000,,,,0.004877,
07/26/2019 11:01:00.000000,,,,4.1,
07/26/2019 11:02:00.000000,,,,0.003575,
07/26/2019 11:03:00.000000,,,,2.884615,
07/26/2019 11:04:00.000000,,,,3.328571,
07/26/2019 11:05:00.000000,,,,0.006331,
07/26/2019 11:06:00.000000,,,,0.004102,
07/26/2019 11:07:00.000000,,,,0.009713,
07/26/2019 11:08:00.000000,,,,13.57027,
07/26/2019 11:09:00.000000,,,,4.114634,
07/26/2019 11:10:00.000000,,,,0.006495,
07/26/2019 11:11:00.000000,,,,0.010306,
07/26/2019 11:12:00.000000,,,,3.825,
07/26/2019 11:13:00.000000,,,,0.009138,
07/26/2019 11:14:00.000000,,,,7.002703,
07/26/2019 11:15:00.000000,,,,6.8,
07/26/2019 11:16:00.000000,,,,0.00795,
07/26/2019 11:17:00.000000,,,,3.302326,
07/26/2019 11:18:00.000000,,,,0.003852,
07/26/2019 11:19:00.000000,,,,0.008729,
07/26/2019 11:20:00.000000,,,,0.009681,
07/26/2019 11:21:00.000000,,,,0.004344,
07/26/2019 11:22:00.000000,,,,0.003319,
07/26/2019 11:23:00.000000,,,,0.0067,
07/26/2019 11:24:00.000000,,,,0.013113,
07/26/2019 11:25:00.000000,,,,19.134091,
07/26/2019 11:26:00.000000,,,,0.016002,
07/26/2019 11:27:00.000000,,,,0.018973,
07/26/2019 11:28:00.000000,,,,5.136585,
07/26/2019 11:29:00.000000,,,,4.628571,
07/26/2019 11:30:00.000000,,,,4.175676,
07/26/2019 11:31:00.000000,,,,7.951163,
07/26/2019 11:32:00.000000,,,,7.151163,
07/26/2019 11:33:00.000000,,,,3.9,
07/26/2019 11:34:00.000000,,,,0.012048,
07/26/2019 11:35:00.000000,,,,6.746512,
07/26/2019 11:36:00.000000,,,,6.163415,
07/26/2019 11:37:00.000000,,,,4.619512,
07/26/2019 11:38:00.000000,,,,0.00377,
07/26/2019 11:39:00.000000,,,,5.628571,
07/26/2019 11:40:00.000000,,,,5.92439,
07/26/2019 11:41:00.000000,,,,0.004692,
07/26/2019 11:42:00.000000,,,,0.010532,
07/26/2019 11:43:00.000000,,,,7.448837,
07/26/2019 11:44:00.000000,,,,10.369767,
07/26/2019 11:45:00.000000,,,,5.895349,
07/26/2019 11:46:00.000000,,,,3.870732,
07/26/2019 11:47:00.000000,,,,0.008134,
07/26/2019 11:48:00.000000,,,,12.74878,
07/26/2019 11:50:00.000000,,,,21.65,
07/26/2019 11:51:00.000000,,,,10.722727,
07/26/2019 11:52:00.000000,,,,15.841463,
07/26/2019 11:53:00.000000,,,,0.006782,
07/26/2019 11:54:00.000000,,,,8.045238,
07/26/2019 11:55:00.000000,,,,5.185714,
07/26/2019 11:56:00.000000,,,,3.6,
07/26/2019 11:57:00.000000,,,,0.004508,
07/26/2019 11:58:00.000000,,,,7.3,
07/26/2019 11:59:00.000000,,,,12.154545,
07/26/2019 12:00:00.000000,,,,0.021555,
07/26/2019 12:01:00.000000,,,,7.341026,
07/26/2019 12:02:00.000000,,,,0.005573,
07/26/2019 12:03:00.000000,,,,9.326667,
07/26/2019 12:04:00.000000,,,,9.414634,
07/26/2019 12:05:00.000000,,,,0.015654,
07/26/2019 12:06:00.000000,,,,0.006843,
07/26/2019 12:07:00.000000,,,,24.767442,
07/26/2019 12:08:00.000000,,,,0.018031,
07/26/2019 12:10:00.000000,,,,8.785714,
07/26/2019 12:11:00.000000,,,,11.142857,
07/26/2019 12:12:00.000000,,,,0.011483,
07/26/2019 12:13:00.000000,,,,10.507692,
07/26/2019 12:14:00.000000,,,,10.45,
07/26/2019 12:15:00.000000,,,,0.012564,
07/26/2019 12:16:00.000000,,,,0.020197,
07/26/2019 12:17:00.000000,,,,15.109091,
07/26/2019 12:18:00.000000,,,,0.0159,
07/26/2019 12:19:00.000000,,,,9.795,
07/26/2019 12:20:00.000000,,,,7.309756,
07/26/2019 12:21:00.000000,,,,9.137209,
07/26/2019 12:22:00.000000,,,,10.52439,
07/26/2019 12:23:00.000000,,,,8.433333,
07/26/2019 12:24:00.000000,,,,0.014549,
07/26/2019 12:25:00.000000,,,,0.011275,
07/26/2019 12:26:00.000000,,,,8.412821,
07/26/2019 12:27:00.000000,,,,4.8,
07/26/2019 12:28:00.000000,,,,15.794872,
07/26/2019 12:29:00.000000,,,,0.015245,
07/26/2019 12:30:00.000000,,,,0.019237,
07/26/2019 12:31:00.000000,,,,0.008708,
07/26/2019 12:32:00.000000,,,,10.62093,
07/26/2019 12:33:00.000000,,,,0.006557,
07/26/2019 12:34:00.000000,,,,0.011802,
07/26/2019 12:35:00.000000,,,,0.029341,
07/26/2019 12:36:00.000000,,,,0.039955,
07/26/2019 12:37:00.000000,,,,0.021574,
07/26/2019 12:38:00.000000,,,,9.911628,
07/26/2019 12:39:00.000000,,,,0.020968,
07/26/2019 12:40:00.000000,,,,0.016039,
07/26/2019 12:41:00.000000,,,,15.997561,
07/26/2019 12:42:00.000000,,,,0.015773,
07/26/2019 12:43:00.000000,,,,14.975,
07/26/2019 12:44:00.000000,,,,0.011005,
07/26/2019 12:45:00.000000,,,,0.013612,
07/26/2019 12:46:00.000000,,,,5.041463,
07/26/2019 12:47:00.000000,,,,7.722222,
07/26/2019 12:48:00.000000,,,,0.005496,
07/26/2019 12:50:00.000000,,,,0.01557,
07/26/2019 12:51:00.000000,,,,0.023035,
07/26/2019 12:52:00.000000,,,,13.543902,
07/26/2019 12:53:00.000000,,,,0.016831,
07/26/2019 12:54:00.000000,,,,28.353846,
07/26/2019 12:55:00.000000,,,,0.017097,
07/26/2019 12:56:00.000000,,,,18.105263,
07/26/2019 12:57:00.000000,,,,0.005952,
07/26/2019 12:58:00.000000,,,,0.018126,
07/26/2019 12:59:00.000000,,,,0.019606,
07/26/2019 13:00:00.000000,,,,0.012467,
07/26/2019 13:01:00.000000,,,,0.026017,
07/26/2019 13:02:00.000000,,,,0.025094,
07/26/2019 13:03:00.000000,,,,18.953488,
07/26/2019 13:04:00.000000,,,,0.038263,
07/26/2019 13:05:00.000000,,,,49.356098,
07/26/2019 13:06:00.000000,,,,27.458974,
07/26/2019 13:07:00.000000,,,,0.026025,
07/26/2019 13:08:00.000000,,,,20.630233,
07/26/2019 13:09:00.000000,,,,16.458139,
07/26/2019 13:10:00.000000,,,,22.351282,
07/26/2019 13:11:00.000000,,,,25.785714,
07/26/2019 13:12:00.000000,,,,0.032053,
07/26/2019 13:13:00.000000,,,,28.702439,
07/26/2019 13:14:00.000000,,,,0.042822,
07/26/2019 13:15:00.000000,,,,34.473171,
07/26/2019 13:16:00.000000,,,,30.643902,
07/26/2019 13:17:00.000000,,,,0.035172,
07/26/2019 13:18:00.000000,,,,0.021794,
07/26/2019 13:19:00.000000,,,,29.109524,
07/26/2019 13:20:00.000000,,,,0.026725,
07/26/2019 13:21:00.000000,,,,0.036939,
07/26/2019 13:22:00.000000,,,,0.04399,
07/26/2019 13:23:00.000000,,,,19.954762,
07/26/2019 13:24:00.000000,,,,21.438462,
07/26/2019 13:25:00.000000,,,,0.024006,
07/26/2019 13:26:00.000000,,,,13.065,
07/26/2019 13:27:00.000000,,,,15.731707,
07/26/2019 13:28:00.000000,,,,26.662791,
07/26/2019 13:30:00.000000,,,,0.030788,
07/26/2019 13:31:00.000000,,,,0.019788,
07/26/2019 13:32:00.000000,,,,11.74186,
07/26/2019 13:33:00.000000,,,,0.023572,
07/26/2019 13:34:00.000000,,,,16.3,
07/26/2019 13:35:00.000000,,,,16.041463,
07/26/2019 13:36:00.000000,,,,0.032938,
07/26/2019 13:37:00.000000,,,,27.071428,
07/26/2019 13:38:00.000000,,,,0.024085,
07/26/2019 13:39:00.000000,,,,17.585714,
07/26/2019 13:40:00.000000,,,,22.180488,
07/26/2019 13:41:00.000000,,,,0.032443,
07/26/2019 13:42:00.000000,,,,0.019016,
07/26/2019 13:43:00.000000,,,,0.017878,
07/26/2019 13:44:00.000000,,,,0.028399,
07/26/2019 13:45:00.000000,,,,0.018067,
07/26/2019 13:46:00.000000,,,,48.585714,
07/26/2019 13:47:00.000000,,,,0.037222,
07/26/2019 13:48:00.000000,,,,21.897619,
07/26/2019 13:50:00.000000,,,,18.969231,
07/26/2019 13:51:00.000000,,,,17.914286,
07/26/2019 13:52:00.000000,,,,21.14878,
07/26/2019 13:53:00.000000,,,,30.055814,
07/26/2019 13:54:00.000000,,,,20.584211,
07/26/2019 13:55:00.000000,,,,0.021584,
07/26/2019 13:56:00.000000,,,,19.504878,
07/26/2019 13:57:00.000000,,,,15.014286,
07/26/2019 13:58:00.000000,,,,7.0,
07/26/2019 13:59:00.000000,,,,28.205263,
07/26/2019 14:00:00.000000,,,,0.030833,
07/26/2019 14:01:00.000000,,,,0.024192,
07/26/2019 14:02:00.000000,,,,16.5,
07/26/2019 14:03:00.000000,,,,0.081309,
07/26/2019 14:04:00.000000,,,,0.029329,
07/26/2019 14:05:00.000000,,,,0.032256,
07/26/2019 14:06:00.000000,,,,34.942857,
07/26/2019 14:07:00.000000,,,,16.892308,
07/26/2019 14:08:00.000000,,,,16.835714,
07/26/2019 14:09:00.000000,,,,0.023551,
07/26/2019 14:10:00.000000,,,,0.035797,
07/26/2019 14:11:00.000000,,,,17.0875,
07/26/2019 14:12:00.000000,,,,25.585294,
07/26/2019 14:13:00.000000,,,,0.009861,
07/26/2019 14:14:00.000000,,,,20.2,
07/26/2019 14:15:00.000000,,,,16.175,
07/26/2019 14:16:00.000000,,,,14.217073,
07/26/2019 14:17:00.000000,,,,0.019073,
07/26/2019 14:18:00.000000,,,,0.041268,
07/26/2019 14:19:00.000000,,,,22.642857,
07/26/2019 14:20:00.000000,,,,0.033283,
07/26/2019 14:21:00.000000,,,,7.290909,
07/26/2019 14:22:00.000000,,,,0.034634,
07/26/2019 14:23:00.000000,,,,0.021844,
07/26/2019 14:24:00.000000,,,,18.995122,
07/26/2019 14:25:00.000000,,,,5.839024,
07/26/2019 14:26:00.000000,,,,0.013925,
07/26/2019 14:27:00.000000,,,,0.02259,
07/26/2019 14:28:00.000000,,,,0.022696,
07/26/2019 14:30:00.000000,,,,0.044631,
07/26/2019 14:31:00.000000,,,,15.409302,
07/26/2019 14:32:00.000000,,,,14.263636,
07/26/2019 14:33:00.000000,,,,0.016673,
07/26/2019 14:34:00.000000,,,,0.036983,
07/26/2019 14:35:00.000000,,,,0.023994,
07/26/2019 14:36:00.000000,,,,21.257143,
07/26/2019 14:37:00.000000,,,,15.13,
07/26/2019 14:38:00.000000,,,,24.263636,
07/26/2019 14:39:00.000000,,,,0.033551,
07/26/2019 14:40:00.000000,,,,15.135714,
07/26/2019 14:41:00.000000,,,,24.1,
07/26/2019 14:42:00.000000,,,,26.915385,
07/26/2019 14:43:00.000000,,,,0.017288,
07/26/2019 14:44:00.000000,,,,0.007856,
07/26/2019 14:45:00.000000,,,,20.457143,
07/26/2019 14:46:00.000000,,,,0.034067,
07/26/2019 14:47:00.000000,,,,0.029804,
07/26/2019 14:48:00.000000,,,,18.241026,
07/26/2019 14:50:00.000000,,,,15.042857,
07/26/2019 14:51:00.000000,,,,7.45814,
07/26/2019 14:52:00.000000,,,,16.154545,
07/26/2019 14:53:00.000000,,,,0.012319,
07/26/2019 14:54:00.000000,,,,15.452,
07/26/2019 14:55:00.000000,,,,0.017331,
07/26/2019 14:56:00.000000,,,,17.832558,
07/26/2019 14:57:00.000000,,,,0.03351,
07/26/2019 14:58:00.000000,,,,0.018459,
07/26/2019 14:59:00.000000,,,,0.036642,
07/26/2019 15:00:00.000000,,,,0.018098,
07/26/2019 15:01:00.000000,,,,25.988636,
07/26/2019 15:02:00.000000,,,,0.034572,
07/26/2019 15:03:00.000000,,,,0.0224,
07/26/2019 15:04:00.000000,,,,23.866667,
07/26/2019 15:05:00.000000,,,,0.023316,
07/26/2019 15:06:00.000000,,,,0.035091,
07/26/2019 15:07:00.000000,,,,0.021634,
07/26/2019 15:08:00.000000,,,,0.037711,
07/26/2019 15:10:00.000000,,,,0.051359,
07/26/2019 15:11:00.000000,,,,32.7175,
07/26/2019 15:12:00.000000,,,,0.046019,
07/26/2019 15:13:00.000000,,,,24.521429,
07/26/2019 15:14:00.000000,,,,47.745455,
07/26/2019 15:15:00.000000,,,,22.930769,
07/26/2019 15:16:00.000000,,,,25.863158,
07/26/2019 15:17:00.000000,,,,0.037757,
07/26/2019 15:18:00.000000,,,,0.041467,
07/26/2019 15:19:00.000000,,,,0.067273,
07/26/2019 15:20:00.000000,,,,38.936585,
07/26/2019 15:21:00.000000,,,,0.043821,
07/26/2019 15:22:00.000000,,,,27.267568,
07/26/2019 15:23:00.000000,,,,0.037474,
07/26/2019 15:24:00.000000,,,,0.029284,
07/26/2019 15:25:00.000000,,,,0.026817,
07/26/2019 15:26:00.000000,,,,0.042128,
07/26/2019 15:27:00.000000,,,,0.033101,
07/26/2019 15:28:00.000000,,,,19.240909,
07/26/2019 15:29:00.000000,,,,25.928571,
07/26/2019 15:30:00.000000,,,,22.467442,
07/26/2019 15:31:00.000000,,,,0.038796,
07/26/2019 15:32:00.000000,,,,15.865,
07/26/2019 15:33:00.000000,,,,15.019512,
07/26/2019 15:34:00.000000,,,,0.016268,
07/26/2019 15:35:00.000000,,,,0.0283,
07/26/2019 15:36:00.000000,,,,0.008197,
07/26/2019 15:37:00.000000,,,,0.035934,
07/26/2019 15:38:00.000000,,,,12.613953,
07/26/2019 15:39:00.000000,,,,0.015404,
07/26/2019 15:40:00.000000,,,,13.9,
07/26/2019 15:41:00.000000,,,,0.016725,
07/26/2019 15:42:00.000000,,,,19.373171,
07/26/2019 15:43:00.000000,,,,16.73,
07/26/2019 15:44:00.000000,,,,0.014633,
07/26/2019 15:45:00.000000,,,,0.041444,
07/26/2019 15:46:00.000000,,,,0.03313,
07/26/2019 15:47:00.000000,,,,0.031913,
07/26/2019 15:48:00.000000,,,,0.022617,
07/26/2019 15:49:00.000000,,,,32.064286,
07/26/2019 15:50:00.000000,,,,27.234884,
07/26/2019 15:51:00.000000,,,,0.02926,
07/26/2019 15:52:00.000000,,,,15.942857,
07/26/2019 15:53:00.000000,,,,0.021993,
07/26/2019 15:54:00.000000,,,,20.728571,
07/26/2019 15:55:00.000000,,,,0.032517,
07/26/2019 15:56:00.000000,,,,0.025819,
07/26/2019 15:57:00.000000,,,,15.395455,
07/26/2019 15:58:00.000000,,,,25.17647,
07/26/2019 15:59:00.000000,,,,0.032969,
07/26/2019 16:00:00.000000,,,,16.942857,
07/26/2019 16:01:00.000000,,,,31.352632,
07/26/2019 16:02:00.000000,,,,0.043625,
07/26/2019 16:03:00.000000,,,,0.028369,
07/26/2019 16:04:00.000000,,,,0.029376,
07/26/2019 16:05:00.000000,,,,0.031509,
07/26/2019 16:06:00.000000,,,,0.027032,
07/26/2019 16:07:00.000000,,,,23.26875,
07/26/2019 16:08:00.000000,,,,0.024554,
07/26/2019 16:09:00.000000,,,,0.028984,
07/26/2019 16:10:00.000000,,,,0.038014,
07/26/2019 16:11:00.000000,,,,0.028032,
07/26/2019 16:12:00.000000,,,,29.856098,
07/26/2019 16:13:00.000000,,,,26.774419,
07/26/2019 16:14:00.000000,,,,0.034541,
07/26/2019 16:15:00.000000,,,,22.973684,
07/26/2019 16:16:00.000000,,,,0.02968,
07/26/2019 16:17:00.000000,,,,0.027809,
07/26/2019 16:18:00.000000,,,,16.878571,
07/26/2019 16:19:00.000000,,,,0.016604,
07/26/2019 16:20:00.000000,,,,26.23871,
07/26/2019 16:21:00.000000,,,,0.029078,
07/26/2019 16:22:00.000000,,,,0.020991,
07/26/2019 16:23:00.000000,,,,16.45,
07/26/2019 16:24:00.000000,,,,0.024767,
07/26/2019 16:25:00.000000,,,,5.2625,
07/26/2019 16:26:00.000000,,,,0.016046,
07/26/2019 16:27:00.000000,,,,26.51,
07/26/2019 16:28:00.000000,,,,22.207692,
07/26/2019 16:30:00.000000,,,,0.021115,
07/26/2019 16:31:00.000000,,,,12.85,
07/26/2019 16:32:00.000000,,,,12.288889,
07/26/2019 16:33:00.000000,,,,20.6925,
07/26/2019 16:34:00.000000,,,,38.281395,
07/26/2019 16:35:00.000000,,,,27.5,
07/26/2019 16:36:00.000000,,,,16.454545,
07/26/2019 16:37:00.000000,,,,0.017077,
07/26/2019 16:38:00.000000,,,,24.99,
07/26/2019 16:39:00.000000,,,,24.038462,
07/26/2019 16:40:00.000000,,,,0.043488,
07/26/2019 16:41:00.000000,,,,0.024959,
07/26/2019 16:42:00.000000,,,,20.458065,
07/26/2019 16:43:00.000000,,,,26.496552,
07/26/2019 16:44:00.000000,,,,0.033119,
07/26/2019 16:45:00.000000,,,,22.6,
07/26/2019 16:46:00.000000,,,,31.228571,
07/26/2019 16:47:00.000000,,,,0.024161,
07/26/2019 16:48:00.000000,,,,0.038115,
07/26/2019 16:49:00.000000,,,,0.044188,
07/26/2019 16:50:00.000000,,,,5.924138,
07/26/2019 16:51:00.000000,,,,0.020091,
07/26/2019 16:52:00.000000,,,,0.039601,
07/26/2019 16:53:00.000000,,,,0.049464,
07/26/2019 16:54:00.000000,,,,19.06875,
07/26/2019 16:55:00.000000,,,,19.854545,
07/26/2019 16:56:00.000000,,,,22.847059,
07/26/2019 16:57:00.000000,,,,24.019355,
07/26/2019 16:58:00.000000,,,,26.564103,
07/26/2019 16:59:00.000000,,,,0.044362,
07/26/2019 17:00:00.000000,,,,0.039343,
07/26/2019 17:01:00.000000,,,,27.753659,
07/26/2019 17:02:00.000000,,,,15.87,
07/26/2019 17:03:00.000000,,,,0.037458,
07/26/2019 17:04:00.000000,,,,30.9,
07/26/2019 17:05:00.000000,,,,0.032032,
07/26/2019 17:06:00.000000,,,,0.020858,
07/26/2019 17:07:00.000000,,,,20.21,
07/26/2019 17:08:00.000000,,,,15.736585,
07/26/2019 17:09:00.000000,,,,20.8,
07/26/2019 17:10:00.000000,,,,0.02611,
07/26/2019 17:11:00.000000,,,,0.031189,
07/26/2019 17:12:00.000000,,,,20.528571,
07/26/2019 17:13:00.000000,,,,22.415385,
07/26/2019 17:14:00.000000,,,,32.227027,
07/26/2019 17:15:00.000000,,,,29.328571,
07/26/2019 17:16:00.000000,,,,0.039517,
07/26/2019 17:17:00.000000,,,,27.540476,
07/26/2019 17:18:00.000000,,,,0.02545,
07/26/2019 17:19:00.000000,,,,0.017876,
07/26/2019 17:20:00.000000,,,,19.595238,
07/26/2019 17:21:00.000000,,,,0.023179,
07/26/2019 17:22:00.000000,,,,0.016099,
07/26/2019 17:23:00.000000,,,,10.795455,
07/26/2019 17:24:00.000000,,,,20.471429,
07/26/2019 17:25:00.000000,,,,23.721951,
07/26/2019 17:26:00.000000,,,,0.005573,
07/26/2019 17:27:00.000000,,,,0.011426,
07/26/2019 17:28:00.000000,,,,8.082857,
07/26/2019 17:29:00.000000,,,,15.2625,
07/26/2019 17:30:00.000000,,,,30.684615,
07/26/2019 17:31:00.000000,,,,21.263415,
07/26/2019 17:32:00.000000,,,,0.024931,
07/26/2019 17:33:00.000000,,,,17.925,
07/26/2019 17:34:00.000000,,,,0.035362,
07/26/2019 17:35:00.000000,,,,19.392683,
07/26/2019 17:36:00.000000,,,,0.055488,
07/26/2019 17:37:00.000000,,,,0.024801,
07/26/2019 17:38:00.000000,,,,23.212821,
07/26/2019 17:39:00.000000,,,,14.553846,
07/26/2019 17:40:00.000000,,,,22.057143,
07/26/2019 17:41:00.000000,,,,37.297561,
07/26/2019 17:42:00.000000,,,,20.931707,
07/26/2019 17:43:00.000000,,,,0.033664,
07/26/2019 17:44:00.000000,,,,15.486667,
07/26/2019 17:45:00.000000,,,,15.1,
07/26/2019 17:46:00.000000,,,,18.58,
07/26/2019 17:47:00.000000,,,,0.024378,
07/26/2019 17:48:00.000000,,,,12.596875,
07/26/2019 17:50:00.000000,,,,25.975,
07/26/2019 17:51:00.000000,,,,57.963415,
07/26/2019 17:52:00.000000,,,,0.041294,
07/26/2019 17:53:00.000000,,,,20.95,
07/26/2019 17:54:00.000000,,,,23.475,
07/26/2019 17:55:00.000000,,,,0.034496,
07/26/2019 17:56:00.000000,,,,0.020635,
07/26/2019 17:57:00.000000,,,,0.028155,
07/26/2019 17:58:00.000000,,,,20.982927,
07/26/2019 17:59:00.000000,,,,0.047838,
07/26/2019 18:00:00.000000,,,,28.114634,
07/26/2019 18:01:00.000000,,,,19.236585,
07/26/2019 18:02:00.000000,,,,29.163158,
07/26/2019 18:03:00.000000,,,,30.538095,
07/26/2019 18:04:00.000000,,,,18.120513,
07/26/2019 18:05:00.000000,,,,0.03588,
07/26/2019 18:06:00.000000,,,,16.715,
07/26/2019 18:07:00.000000,,,,27.461905,
07/26/2019 18:08:00.000000,,,,25.031579,
07/26/2019 18:10:00.000000,,,,0.053995,
07/26/2019 18:11:00.000000,,,,29.752632,
07/26/2019 18:12:00.000000,,,,38.58,
07/26/2019 18:13:00.000000,,,,0.023903,
07/26/2019 18:14:00.000000,,,,39.790244,
07/26/2019 18:15:00.000000,,,,0.021165,
07/26/2019 18:16:00.000000,,,,21.909756,
07/26/2019 18:17:00.000000,,,,23.216279,
07/26/2019 18:18:00.000000,,,,22.415385,
07/26/2019 18:19:00.000000,,,,0.035665,
07/26/2019 18:20:00.000000,,,,15.814286,
07/26/2019 18:21:00.000000,,,,0.008884,
07/26/2019 18:22:00.000000,,,,0.003294,
07/26/2019 18:23:00.000000,,,,11.125,
07/26/2019 18:24:00.000000,,,,0.014247,
07/26/2019 18:25:00.000000,,,,25.34186,
07/26/2019 18:26:00.000000,,,,12.3,
07/26/2019 18:27:00.000000,,,,0.025579,
07/26/2019 18:28:00.000000,,,,19.142857,
07/26/2019 18:30:00.000000,,,,0.05391,
07/26/2019 18:31:00.000000,,,,18.5375,
07/26/2019 18:32:00.000000,,,,19.614286,
07/26/2019 18:33:00.000000,,,,16.49,
07/26/2019 18:34:00.000000,,,,8.1,
07/26/2019 18:35:00.000000,,,,2.515385,
07/26/2019 18:36:00.000000,,,,0.002332,
07/26/2019 18:37:00.000000,,,,0.031099,
07/26/2019 18:38:00.000000,,,,0.016412,
07/26/2019 18:39:00.000000,,,,0.010663,
07/26/2019 18:40:00.000000,,,,10.45,
07/26/2019 18:41:00.000000,,,,0.020418,
07/26/2019 18:42:00.000000,,,,12.311905,
07/26/2019 18:43:00.000000,,,,0.018583,
07/26/2019 18:44:00.000000,,,,4.654545,
07/26/2019 18:45:00.000000,,,,0.004155,
07/26/2019 18:46:00.000000,,,,16.02093,
07/26/2019 18:47:00.000000,,,,16.519512,
07/26/2019 18:48:00.000000,,,,0.03056,
07/26/2019 18:49:00.000000,,,,28.023077,
07/26/2019 18:50:00.000000,,,,0.035363,
07/26/2019 18:51:00.000000,,,,15.786667,
07/26/2019 18:52:00.000000,,,,0.029064,
07/26/2019 18:53:00.000000,,,,14.266667,
07/26/2019 18:54:00.000000,,,,28.4,
07/26/2019 18:55:00.000000,,,,0.01381,
07/26/2019 18:56:00.000000,,,,0.039473,
07/26/2019 18:57:00.000000,,,,0.017496,
07/26/2019 18:58:00.000000,,,,7.010526,
07/26/2019 18:59:00.000000,,,,0.011211,
07/26/2019 19:00:00.000000,,,,3.05641,
07/26/2019 19:01:00.000000,,,,0.009722,
07/26/2019 19:02:00.000000,,,,14.445455,
07/26/2019 19:03:00.000000,,,,0.018814,
07/26/2019 19:04:00.000000,,,,5.084848,
07/26/2019 19:05:00.000000,,,,0.002657,
07/26/2019 19:06:00.000000,,,,0.02036,
07/26/2019 19:07:00.000000,,,,15.383721,
07/26/2019 19:08:00.000000,,,,21.286486,
07/26/2019 19:10:00.000000,,,,25.075758,
07/26/2019 19:11:00.000000,,,,0.013305,
07/26/2019 19:12:00.000000,,,,11.781081,
07/26/2019 19:13:00.000000,,,,16.5,
07/26/2019 19:14:00.000000,,,,0.007269,
07/26/2019 19:15:00.000000,,,,0.019834,
07/26/2019 19:16:00.000000,,,,10.45,
07/26/2019 19:17:00.000000,,,,0.019356,
07/26/2019 19:18:00.000000,,,,5.202326,
07/26/2019 19:19:00.000000,,,,0.011505,
07/26/2019 19:20:00.000000,,,,0.009286,
07/26/2019 19:21:00.000000,,,,0.01633,
07/26/2019 19:22:00.000000,,,,0.028024,
07/26/2019 19:23:00.000000,,,,0.014045,
07/26/2019 19:24:00.000000,,,,11.804762,
07/26/2019 19:25:00.000000,,,,0.011519,
07/26/2019 19:26:00.000000,,,,7.846512,
07/26/2019 19:27:00.000000,,,,10.35,
07/26/2019 19:28:00.000000,,,,11.5875,
07/26/2019 19:30:00.000000,,,,0.005977,
07/26/2019 19:31:00.000000,,,,11.515789,
07/26/2019 19:32:00.000000,,,,7.245455,
07/26/2019 19:33:00.000000,,,,19.571429,
07/26/2019 19:34:00.000000,,,,6.909756,
07/26/2019 19:35:00.000000,,,,0.010735,
07/26/2019 19:36:00.000000,,,,0.009023,
07/26/2019 19:37:00.000000,,,,4.94186,
07/26/2019 19:38:00.000000,,,,0.010138,
07/26/2019 19:39:00.000000,,,,3.707692,
07/26/2019 19:40:00.000000,,,,1.936364,
07/26/2019 19:41:00.000000,,,,6.705714,
07/26/2019 19:42:00.000000,,,,0.019774,
07/26/2019 19:43:00.000000,,,,0.011368,
07/26/2019 19:44:00.000000,,,,9.168182,
07/26/2019 19:45:00.000000,,,,0.014451,
07/26/2019 19:46:00.000000,,,,0.017419,
07/26/2019 19:47:00.000000,,,,16.955882,
07/26/2019 19:48:00.000000,,,,0.021109,
07/26/2019 19:50:00.000000,,,,0.004622,
07/26/2019 19:51:00.000000,,,,0.00569,
07/26/2019 19:52:00.000000,,,,0.011969,
07/26/2019 19:53:00.000000,,,,0.010574,
07/26/2019 19:54:00.000000,,,,2.977143,
07/26/2019 19:55:00.000000,,,,8.276923,
07/26/2019 19:56:00.000000,,,,0.003985,
07/26/2019 19:57:00.000000,,,,6.424324,
07/26/2019 19:58:00.000000,,,,0.003549,
07/26/2019 19:59:00.000000,,,,0.008329,
07/26/2019 20:00:00.000000,,,,2.375,
07/26/2019 20:01:00.000000,,,,0.008808,
07/26/2019 20:02:00.000000,,,,2.25,
07/26/2019 20:03:00.000000,,,,0.011195,
07/26/2019 20:04:00.000000,,,,9.712195,
07/26/2019 20:05:00.000000,,,,0.019774,
07/26/2019 20:06:00.000000,,,,0.008535,
07/26/2019 20:07:00.000000,,,,6.985714,
07/26/2019 20:08:00.000000,,,,10.039535,
07/26/2019 20:09:00.000000,,,,7.95,
07/26/2019 20:10:00.000000,,,,0.003096,
07/26/2019 20:11:00.000000,,,,0.003085,
07/26/2019 20:12:00.000000,,,,0.021725,
07/26/2019 20:13:00.000000,,,,15.530769,
07/26/2019 20:14:00.000000,,,,12.026829,
07/26/2019 20:15:00.000000,,,,6.07907,
07/26/2019 20:16:00.000000,,,,0.019872,
07/26/2019 20:17:00.000000,,,,0.017943,
07/26/2019 20:18:00.000000,,,,0.01718,
07/26/2019 20:19:00.000000,,,,7.4075,
07/26/2019 20:20:00.000000,,,,2.646154,
07/26/2019 20:21:00.000000,,,,6.324324,
07/26/2019 20:22:00.000000,,,,9.952632,
07/26/2019 20:23:00.000000,,,,0.011926,
07/26/2019 20:24:00.000000,,,,0.032637,
07/26/2019 20:25:00.000000,,,,0.020984,
07/26/2019 20:26:00.000000,,,,0.019012,
07/26/2019 20:27:00.000000,,,,4.948837,
07/26/2019 20:28:00.000000,,,,13.51282,
07/26/2019 20:30:00.000000,,,,8.463158,
07/26/2019 20:31:00.000000,,,,0.008449,
07/26/2019 20:32:00.000000,,,,9.46,
07/26/2019 20:33:00.000000,,,,0.015322,
07/26/2019 20:34:00.000000,,,,3.390909,
07/26/2019 20:35:00.000000,,,,0.006372,
07/26/2019 20:36:00.000000,,,,10.045161,
07/26/2019 20:37:00.000000,,,,20.672973,
07/26/2019 20:38:00.000000,,,,0.011114,
07/26/2019 20:39:00.000000,,,,0.012409,
07/26/2019 20:40:00.000000,,,,12.923077,
07/26/2019 20:41:00.000000,,,,6.8,
07/26/2019 20:42:00.000000,,,,8.25,
07/26/2019 20:43:00.000000,,,,21.738095,
07/26/2019 20:44:00.000000,,,,0.018201,
07/26/2019 20:45:00.000000,,,,11.74878,
07/26/2019 20:46:00.000000,,,,0.012487,
07/26/2019 20:47:00.000000,,,,0.007618,
07/26/2019 20:48:00.000000,,,,13.374419,
07/26/2019 20:49:00.000000,,,,0.005237,
07/26/2019 20:50:00.000000,,,,0.002248,
07/26/2019 20:51:00.000000,,,,0.014201,
07/26/2019 20:52:00.000000,,,,0.007954,
07/26/2019 20:53:00.000000,,,,13.930435,
07/26/2019 20:54:00.000000,,,,0.020512,
07/26/2019 20:55:00.000000,,,,20.295349,
07/26/2019 20:56:00.000000,,,,0.016945,
07/26/2019 20:57:00.000000,,,,3.276923,
07/26/2019 20:58:00.000000,,,,2.568293,
07/26/2019 20:59:00.000000,,,,0.017161,
07/26/2019 21:00:00.000000,,,,0.013403,
07/26/2019 21:01:00.000000,,,,9.213953,
07/26/2019 21:02:00.000000,,,,17.775,
07/26/2019 21:03:00.000000,,,,0.011512,
07/26/2019 21:04:00.000000,,,,6.711905,
07/26/2019 21:05:00.000000,,,,0.018724,
07/26/2019 21:06:00.000000,,,,0.013458,
07/26/2019 21:07:00.000000,,,,0.011353,
07/26/2019 21:08:00.000000,,,,0.01144,
07/26/2019 21:09:00.000000,,,,0.011701,
07/26/2019 21:10:00.000000,,,,0.010657,
07/26/2019 21:11:00.000000,,,,0.004767,
07/26/2019 21:12:00.000000,,,,0.010387,
07/26/2019 21:13:00.000000,,,,17.568889,
07/26/2019 21:14:00.000000,,,,0.012717,
07/26/2019 21:15:00.000000,,,,15.342857,
07/26/2019 21:16:00.000000,,,,0.02049,
07/26/2019 21:17:00.000000,,,,0.020926,
07/26/2019 21:18:00.000000,,,,4.9,
07/26/2019 21:19:00.000000,,,,0.009123,
07/26/2019 21:20:00.000000,,,,0.005064,
07/26/2019 21:21:00.000000,,,,1.74,
07/26/2019 21:22:00.000000,,,,0.004415,
07/26/2019 21:23:00.000000,,,,6.713636,
07/26/2019 21:24:00.000000,,,,0.003409,
07/26/2019 21:25:00.000000,,,,19.125,
07/26/2019 21:26:00.000000,,,,0.00459,
07/26/2019 21:27:00.000000,,,,6.652941,
07/26/2019 21:28:00.000000,,,,0.043776,
07/26/2019 21:29:00.000000,,,,12.834146,
07/26/2019 21:30:00.000000,,,,4.651282,
07/26/2019 21:31:00.000000,,,,8.161538,
07/26/2019 21:32:00.000000,,,,14.51,
07/26/2019 21:33:00.000000,,,,0.020216,
07/26/2019 21:34:00.000000,,,,0.004204,
07/26/2019 21:35:00.000000,,,,0.00275,
07/26/2019 21:36:00.000000,,,,0.007784,
07/26/2019 21:37:00.000000,,,,0.009669,
07/26/2019 21:38:00.000000,,,,0.010924,
07/26/2019 21:39:00.000000,,,,3.06,
07/26/2019 21:40:00.000000,,,,14.232558,
07/26/2019 21:41:00.000000,,,,8.033333,
07/26/2019 21:42:00.000000,,,,15.882927,
07/26/2019 21:43:00.000000,,,,6.485714,
07/26/2019 21:44:00.000000,,,,0.021901,
07/26/2019 21:45:00.000000,,,,12.712195,
07/26/2019 21:46:00.000000,,,,8.6,
07/26/2019 21:47:00.000000,,,,0.015694,
07/26/2019 21:48:00.000000,,,,0.012454,
07/26/2019 21:49:00.000000,,,,0.012789,
07/26/2019 21:50:00.000000,,,,0.025266,
07/26/2019 21:51:00.000000,,,,0.014712,
07/26/2019 21:52:00.000000,,,,9.358537,
07/26/2019 21:53:00.000000,,,,0.006948,
07/26/2019 21:54:00.000000,,,,0.018157,
07/26/2019 21:55:00.000000,,,,0.024335,
07/26/2019 21:56:00.000000,,,,10.478049,
07/26/2019 21:57:00.000000,,,,0.002878,
07/26/2019 21:58:00.000000,,,,0.02918,
07/26/2019 21:59:00.000000,,,,20.285714,
07/26/2019 22:00:00.000000,,,,0.022065,
07/26/2019 22:01:00.000000,,,,12.027907,
07/26/2019 22:02:00.000000,,,,26.275676,
07/26/2019 22:03:00.000000,,,,0.014349,
07/26/2019 22:04:00.000000,,,,0.011222,
07/26/2019 22:05:00.000000,,,,0.013141,
07/26/2019 22:06:00.000000,,,,0.030246,
07/26/2019 22:07:00.000000,,,,0.004662,
07/26/2019 22:08:00.000000,,,,17.188372,
07/26/2019 22:09:00.000000,,,,26.121622,
07/26/2019 22:10:00.000000,,,,9.325,
07/26/2019 22:11:00.000000,,,,0.003109,
07/26/2019 22:12:00.000000,,,,17.113636,
07/26/2019 22:13:00.000000,,,,0.021496,
07/26/2019 22:14:00.000000,,,,15.034146,
07/26/2019 22:15:00.000000,,,,66.31,
07/26/2019 22:16:00.000000,,,,18.745455,
07/26/2019 22:17:00.000000,,,,0.016227,
07/26/2019 22:18:00.000000,,,,0.015001,
07/26/2019 22:19:00.000000,,,,7.108108,
07/26/2019 22:20:00.000000,,,,5.934884,
07/26/2019 22:21:00.000000,,,,0.013393,
07/26/2019 22:22:00.000000,,,,24.592308,
07/26/2019 22:23:00.000000,,,,11.328571,
07/26/2019 22:24:00.000000,,,,18.122857,
07/26/2019 22:25:00.000000,,,,17.342857,
07/26/2019 22:26:00.000000,,,,23.155555,
07/26/2019 22:27:00.000000,,,,22.542424,
07/26/2019 22:28:00.000000,,,,20.277778,
07/26/2019 22:29:00.000000,,,,23.771429,
07/26/2019 22:30:00.000000,,,,0.021025,
07/26/2019 22:31:00.000000,,,,0.028104,
07/26/2019 22:32:00.000000,,,,17.495349,
07/26/2019 22:33:00.000000,,,,13.185714,
07/26/2019 22:34:00.000000,,,,0.005127,
07/26/2019 22:35:00.000000,,,,5.2625,
07/26/2019 22:36:00.000000,,,,0.015597,
07/26/2019 22:37:00.000000,,,,6.423077,
07/26/2019 22:38:00.000000,,,,0.009794,
07/26/2019 22:39:00.000000,,,,27.176923,
07/26/2019 22:40:00.000000,,,,93.7,
07/26/2019 22:41:00.000000,,,,0.048206,
07/26/2019 22:42:00.000000,,,,7.195,
07/26/2019 22:43:00.000000,,,,7.043902,
07/26/2019 22:44:00.000000,,,,5.55,
07/26/2019 22:45:00.000000,,,,0.009428,
07/26/2019 22:46:00.000000,,,,0.019188,
07/26/2019 22:47:00.000000,,,,0.004264,
07/26/2019 22:48:00.000000,,,,0.024394,
07/26/2019 22:49:00.000000,,,,11.2,
07/26/2019 22:50:00.000000,,,,9.265116,
07/26/2019 22:51:00.000000,,,,12.414634,
07/26/2019 22:52:00.000000,,,,0.010467,
07/26/2019 22:53:00.000000,,,,12.071429,
07/26/2019 22:54:00.000000,,,,0.009974,
07/26/2019 22:55:00.000000,,,,0.009503,
07/26/2019 22:56:00.000000,,,,0.008099,
07/26/2019 22:57:00.000000,,,,8.146154,
07/26/2019 22:58:00.000000,,,,2.704878,
07/26/2019 22:59:00.000000,,,,16.156098,
07/26/2019 23:00:00.000000,,,,58.726829,
07/26/2019 23:01:00.000000,,,,0.048555,
07/26/2019 23:02:00.000000,,,,25.343902,
07/26/2019 23:03:00.000000,,,,17.15,
07/26/2019 23:04:00.000000,,,,0.045218,
07/26/2019 23:05:00.000000,,,,0.033085,
07/26/2019 23:06:00.000000,,,,0.030378,
07/26/2019 23:07:00.000000,,,,28.6825,
07/26/2019 23:08:00.000000,,,,0.046295,
07/26/2019 23:09:00.000000,,,,39.797222,
07/26/2019 23:10:00.000000,,,,18.164706,
07/26/2019 23:11:00.000000,,,,37.961538,
07/26/2019 23:12:00.000000,,,,27.54,
07/26/2019 23:13:00.000000,,,,0.043739,
07/26/2019 23:14:00.000000,,,,28.613158,
07/26/2019 23:15:00.000000,,,,23.627273,
07/26/2019 23:16:00.000000,,,,0.060902,
07/26/2019 23:17:00.000000,,,,26.029268,
07/26/2019 23:18:00.000000,,,,20.268293,
07/26/2019 23:19:00.000000,,,,0.043355,
07/26/2019 23:20:00.000000,,,,32.2,
07/26/2019 23:21:00.000000,,,,32.9375,
07/26/2019 23:22:00.000000,,,,0.052,
07/26/2019 23:23:00.000000,,,,20.710526,
07/26/2019 23:24:00.000000,,,,0.036759,
07/26/2019 23:25:00.000000,,,,13.271429,
07/26/2019 23:26:00.000000,,,,14.516279,
07/26/2019 23:27:00.000000,,,,0.024271,
07/26/2019 23:28:00.000000,,,,31.207692,
07/26/2019 23:30:00.000000,,,,24.478947,
07/26/2019 23:31:00.000000,,,,25.5125,
07/26/2019 23:32:00.000000,,,,32.792308,
07/26/2019 23:33:00.000000,,,,0.039085,
07/26/2019 23:34:00.000000,,,,31.52093,
07/26/2019 23:35:00.000000,,,,21.77,
07/26/2019 23:36:00.000000,,,,17.15,
07/26/2019 23:37:00.000000,,,,0.025808,
07/26/2019 23:38:00.000000,,,,34.12093,
07/26/2019 23:39:00.000000,,,,0.038893,
07/26/2019 23:40:00.000000,,,,25.956098,
07/26/2019 23:41:00.000000,,,,17.6125,
07/26/2019 23:42:00.000000,,,,0.045148,
07/26/2019 23:43:00.000000,,,,12.448276,
07/26/2019 23:44:00.000000,,,,0.019959,
07/26/2019 23:45:00.000000,,,,22.131579,
07/26/2019 23:46:00.000000,,,,0.025163,
07/26/2019 23:47:00.000000,,,,22.483871,
07/26/2019 23:48:00.000000,,,,30.807692,
07/26/2019 23:49:00.000000,,,,26.038462,
07/26/2019 23:50:00.000000,,,,20.167442,
07/26/2019 23:51:00.000000,,,,0.030039,
07/26/2019 23:52:00.000000,,,,0.024901,
07/26/2019 23:53:00.000000,,,,0.020893,
07/26/2019 23:54:00.000000,,,,33.711628,
07/26/2019 23:55:00.000000,,,,20.28,
07/26/2019 23:56:00.000000,,,,0.023401,
07/26/2019 23:57:00.000000,,,,44.214286,
07/26/2019 23:58:00.000000,,,,21.95122,
07/26/2019 23:59:00.000000,,,,30.219512,
07/27/2019 00:00:00.000000,,,,22.353658,
07/27/2019 00:01:00.000000,,,,0.027723,
07/27/2019 00:02:00.000000,,,,29.470588,
07/27/2019 00:03:00.000000,,,,23.026829,
07/27/2019 00:04:00.000000,,,,18.25,
07/27/2019 00:05:00.000000,,,,0.021096,
07/27/2019 00:06:00.000000,,,,0.040682,
07/27/2019 00:07:00.000000,,,,0.033175,
07/27/2019 00:08:00.000000,,,,5.755,
07/27/2019 00:09:00.000000,,,,34.128571,
07/27/2019 00:10:00.000000,,,,25.934375,
07/27/2019 00:11:00.000000,,,,0.021245,
07/27/2019 00:12:00.000000,,,,0.036727,
07/27/2019 00:13:00.000000,,,,0.04132,
07/27/2019 00:14:00.000000,,,,0.025519,
07/27/2019 00:15:00.000000,,,,0.025966,
07/27/2019 00:16:00.000000,,,,27.270732,
07/27/2019 00:17:00.000000,,,,0.046998,
07/27/2019 00:18:00.000000,,,,16.642857,
07/27/2019 00:19:00.000000,,,,0.016588,
07/27/2019 00:20:00.000000,,,,10.085714,
07/27/2019 00:21:00.000000,,,,18.5925,
07/27/2019 00:22:00.000000,,,,14.568085,
07/27/2019 00:23:00.000000,,,,23.509302,
07/27/2019 00:24:00.000000,,,,0.022457,
07/27/2019 00:25:00.000000,,,,0.024286,
07/27/2019 00:26:00.000000,,,,0.025269,
07/27/2019 00:27:00.000000,,,,0.030935,
07/27/2019 00:28:00.000000,,,,0.028663,
07/27/2019 00:29:00.000000,,,,0.075602,
07/27/2019 00:30:00.000000,,,,0.030606,
07/27/2019 00:31:00.000000,,,,36.693939,
07/27/2019 00:32:00.000000,,,,0.017129,
07/27/2019 00:33:00.000000,,,,27.919355,
07/27/2019 00:34:00.000000,,,,12.511429,
07/27/2019 00:35:00.000000,,,,0.034757,
07/27/2019 00:36:00.000000,,,,0.026242,
07/27/2019 00:37:00.000000,,,,26.671428,
07/27/2019 00:38:00.000000,,,,18.921951,
07/27/2019 00:39:00.000000,,,,14.051163,
07/27/2019 00:40:00.000000,,,,0.028186,
07/27/2019 00:41:00.000000,,,,0.014187,
07/27/2019 00:42:00.000000,,,,20.910256,
07/27/2019 00:43:00.000000,,,,0.014832,
07/27/2019 00:44:00.000000,,,,10.7,
07/27/2019 00:45:00.000000,,,,14.0,
07/27/2019 00:46:00.000000,,,,17.673171,
07/27/2019 00:47:00.000000,,,,0.016008,
07/27/2019 00:48:00.000000,,,,10.373171,
07/27/2019 00:49:00.000000,,,,0.015965,
07/27/2019 00:50:00.000000,,,,10.767742,
07/27/2019 00:51:00.000000,,,,12.928571,
07/27/2019 00:52:00.000000,,,,0.020234,
07/27/2019 00:53:00.000000,,,,5.35814,
07/27/2019 00:54:00.000000,,,,15.404651,
07/27/2019 00:55:00.000000,,,,0.02314,
07/27/2019 00:56:00.000000,,,,13.133333,
07/27/2019 00:57:00.000000,,,,10.995,
07/27/2019 00:58:00.000000,,,,0.017878,
07/27/2019 00:59:00.000000,,,,17.828571,
07/27/2019 01:00:00.000000,,,,0.018332,
07/27/2019 01:01:00.000000,,,,0.019273,
07/27/2019 01:02:00.000000,,,,0.039264,
07/27/2019 01:03:00.000000,,,,0.01978,
07/27/2019 01:04:00.000000,,,,17.57931,
07/27/2019 01:05:00.000000,,,,0.026532,
07/27/2019 01:06:00.000000,,,,0.021111,
07/27/2019 01:07:00.000000,,,,14.282927,
07/27/2019 01:08:00.000000,,,,16.627778,
07/27/2019 01:09:00.000000,,,,0.014941,
07/27/2019 01:10:00.000000,,,,0.011158,
07/27/2019 01:11:00.000000,,,,0.014983,
07/27/2019 01:12:00.000000,,,,17.232558,
07/27/2019 01:13:00.000000,,,,0.020815,
07/27/2019 01:14:00.000000,,,,0.007523,
07/27/2019 01:15:00.000000,,,,24.270732,
07/27/2019 01:16:00.000000,,,,7.223077,
07/27/2019 01:17:00.000000,,,,0.029015,
07/27/2019 01:18:00.000000,,,,0.035946,
07/27/2019 01:19:00.000000,,,,23.678571,
07/27/2019 01:20:00.000000,,,,70.378049,
07/27/2019 01:21:00.000000,,,,26.183721,
07/27/2019 01:22:00.000000,,,,29.660465,
07/27/2019 01:23:00.000000,,,,0.029078,
07/27/2019 01:24:00.000000,,,,20.675,
07/27/2019 01:25:00.000000,,,,16.059091,
07/27/2019 01:26:00.000000,,,,15.804545,
07/27/2019 01:27:00.000000,,,,19.255814,
07/27/2019 01:28:00.000000,,,,21.789189,
07/27/2019 01:29:00.000000,,,,14.992308,
07/27/2019 01:30:00.000000,,,,22.185714,
07/27/2019 01:31:00.000000,,,,27.313636,
07/27/2019 01:32:00.000000,,,,38.6625,
07/27/2019 01:33:00.000000,,,,19.2,
07/27/2019 01:34:00.000000,,,,0.017138,
07/27/2019 01:35:00.000000,,,,0.012489,
07/27/2019 01:36:00.000000,,,,12.855,
07/27/2019 01:37:00.000000,,,,12.731707,
07/27/2019 01:38:00.000000,,,,0.017667,
07/27/2019 01:39:00.000000,,,,17.09,
07/27/2019 01:40:00.000000,,,,0.036052,
07/27/2019 01:41:00.000000,,,,11.734146,
07/27/2019 01:42:00.000000,,,,14.084615,
07/27/2019 01:43:00.000000,,,,0.01279,
07/27/2019 01:44:00.000000,,,,0.020282,
07/27/2019 01:45:00.000000,,,,17.225,
07/27/2019 01:46:00.000000,,,,0.016082,
07/27/2019 01:47:00.000000,,,,0.020451,
07/27/2019 01:48:00.000000,,,,5.702632,
07/27/2019 01:49:00.000000,,,,24.394444,
07/27/2019 01:50:00.000000,,,,9.767442,
07/27/2019 01:51:00.000000,,,,0.01165,
07/27/2019 01:52:00.000000,,,,0.011524,
07/27/2019 01:53:00.000000,,,,13.923077,
07/27/2019 01:54:00.000000,,,,0.0191,
07/27/2019 01:55:00.000000,,,,0.02416,
07/27/2019 01:56:00.000000,,,,0.022744,
07/27/2019 01:57:00.000000,,,,26.020455,
07/27/2019 01:58:00.000000,,,,18.537838,
07/27/2019 01:59:00.000000,,,,0.022175,
07/27/2019 02:00:00.000000,,,,0.019835,
07/27/2019 02:01:00.000000,,,,0.026728,
07/27/2019 02:02:00.000000,,,,0.016926,
07/27/2019 02:03:00.000000,,,,8.577273,
07/27/2019 02:04:00.000000,,,,0.015978,
07/27/2019 02:05:00.000000,,,,22.16,
07/27/2019 02:06:00.000000,,,,27.042857,
07/27/2019 02:07:00.000000,,,,19.931707,
07/27/2019 02:08:00.000000,,,,7.2275,
07/27/2019 02:09:00.000000,,,,20.278049,
07/27/2019 02:10:00.000000,,,,9.304878,
07/27/2019 02:11:00.000000,,,,18.1,
07/27/2019 02:12:00.000000,,,,12.74,
07/27/2019 02:13:00.000000,,,,15.323256,
07/27/2019 02:14:00.000000,,,,12.251163,
07/27/2019 02:15:00.000000,,,,0.008031,
07/27/2019 02:16:00.000000,,,,0.016631,
07/27/2019 02:17:00.000000,,,,18.446341,
07/27/2019 02:18:00.000000,,,,0.024451,
07/27/2019 02:19:00.000000,,,,15.034146,
07/27/2019 02:20:00.000000,,,,17.553659,
07/27/2019 02:21:00.000000,,,,13.761905,
07/27/2019 02:22:00.000000,,,,20.707692,
07/27/2019 02:23:00.000000,,,,0.029046,
07/27/2019 02:24:00.000000,,,,24.0075,
07/27/2019 02:25:00.000000,,,,25.05,
07/27/2019 02:26:00.000000,,,,11.622727,
07/27/2019 02:27:00.000000,,,,0.021838,
07/27/2019 02:28:00.000000,,,,0.008895,
07/27/2019 02:29:00.000000,,,,8.060976,
07/27/2019 02:30:00.000000,,,,8.822727,
07/27/2019 02:31:00.000000,,,,10.505,
07/27/2019 02:32:00.000000,,,,9.531579,
07/27/2019 02:33:00.000000,,,,8.878049,
07/27/2019 02:34:00.000000,,,,0.015854,
07/27/2019 02:35:00.000000,,,,0.007116,
07/27/2019 02:36:00.000000,,,,14.0,
07/27/2019 02:37:00.000000,,,,0.016294,
07/27/2019 02:38:00.000000,,,,11.232558,
07/27/2019 02:39:00.000000,,,,0.011768,
07/27/2019 02:40:00.000000,,,,0.015999,
07/27/2019 02:41:00.000000,,,,0.014926,
07/27/2019 02:42:00.000000,,,,4.821429,
07/27/2019 02:43:00.000000,,,,0.010736,
07/27/2019 02:44:00.000000,,,,11.269231,
07/27/2019 02:45:00.000000,,,,0.013936,
07/27/2019 02:46:00.000000,,,,14.847368,
07/27/2019 02:47:00.000000,,,,0.03082,
07/27/2019 02:48:00.000000,,,,13.781579,
07/27/2019 02:49:00.000000,,,,19.4475,
07/27/2019 02:50:00.000000,,,,0.011963,
07/27/2019 02:51:00.000000,,,,0.026702,
07/27/2019 02:52:00.000000,,,,9.922222,
07/27/2019 02:53:00.000000,,,,0.005025,
07/27/2019 02:54:00.000000,,,,6.362791,
07/27/2019 02:55:00.000000,,,,5.5,
07/27/2019 02:56:00.000000,,,,12.854545,
07/27/2019 02:57:00.000000,,,,13.741463,
07/27/2019 02:58:00.000000,,,,11.592683,
07/27/2019 02:59:00.000000,,,,8.62439,
07/27/2019 03:00:00.000000,,,,0.007118,
07/27/2019 03:01:00.000000,,,,0.008336,
07/27/2019 03:02:00.000000,,,,0.013943,
07/27/2019 03:03:00.000000,,,,0.010793,
07/27/2019 03:04:00.000000,,,,8.5125,
07/27/2019 03:05:00.000000,,,,12.576923,
07/27/2019 03:06:00.000000,,,,0.007202,
07/27/2019 03:07:00.000000,,,,0.014426,
07/27/2019 03:08:00.000000,,,,0.015728,
07/27/2019 03:09:00.000000,,,,0.015082,
07/27/2019 03:10:00.000000,,,,0.009941,
07/27/2019 03:11:00.000000,,,,18.62439,
07/27/2019 03:12:00.000000,,,,10.322727,
07/27/2019 03:13:00.000000,,,,9.456818,
07/27/2019 03:14:00.000000,,,,0.018371,
07/27/2019 03:15:00.000000,,,,10.885714,
07/27/2019 03:16:00.000000,,,,4.814286,
07/27/2019 03:17:00.000000,,,,11.67619,
07/27/2019 03:18:00.000000,,,,0.015351,
07/27/2019 03:19:00.000000,,,,0.021517,
07/27/2019 03:20:00.000000,,,,12.0625,
07/27/2019 03:21:00.000000,,,,0.006858,
07/27/2019 03:22:00.000000,,,,10.913953,
07/27/2019 03:23:00.000000,,,,13.404651,
07/27/2019 03:24:00.000000,,,,0.029171,
07/27/2019 03:25:00.000000,,,,0.011975,
07/27/2019 03:26:00.000000,,,,0.026508,
07/27/2019 03:27:00.000000,,,,0.021601,
07/27/2019 03:28:00.000000,,,,0.011912,
07/27/2019 03:30:00.000000,,,,12.774419,
07/27/2019 03:31:00.000000,,,,16.056098,
07/27/2019 03:32:00.000000,,,,0.018054,
07/27/2019 03:33:00.000000,,,,5.493333,
07/27/2019 03:34:00.000000,,,,19.357895,
07/27/2019 03:35:00.000000,,,,14.111628,
07/27/2019 03:36:00.000000,,,,0.010441,
07/27/2019 03:37:00.000000,,,,0.017573,
07/27/2019 03:38:00.000000,,,,0.01219,
07/27/2019 03:39:00.000000,,,,0.005456,
07/27/2019 03:40:00.000000,,,,0.01663,
07/27/2019 03:41:00.000000,,,,0.013321,
07/27/2019 03:42:00.000000,,,,9.964286,
07/27/2019 03:43:00.000000,,,,0.004618,
07/27/2019 03:44:00.000000,,,,8.136585,
07/27/2019 03:45:00.000000,,,,9.778378,
07/27/2019 03:46:00.000000,,,,0.015091,
07/27/2019 03:47:00.000000,,,,0.070971,
07/27/2019 03:48:00.000000,,,,25.729268,
07/27/2019 03:49:00.000000,,,,13.025,
07/27/2019 03:50:00.000000,,,,6.3,
07/27/2019 03:51:00.000000,,,,3.467442,
07/27/2019 03:52:00.000000,,,,0.010242,
07/27/2019 03:53:00.000000,,,,11.053846,
07/27/2019 03:54:00.000000,,,,0.005351,
07/27/2019 03:55:00.000000,,,,51.655814,
07/27/2019 03:56:00.000000,,,,14.397619,
07/27/2019 03:57:00.000000,,,,0.02029,
07/27/2019 03:58:00.000000,,,,5.973171,
07/27/2019 03:59:00.000000,,,,7.535714,
07/27/2019 04:00:00.000000,,,,0.011421,
07/27/2019 04:01:00.000000,,,,14.855814,
07/27/2019 04:02:00.000000,,,,0.012101,
07/27/2019 04:03:00.000000,,,,0.005439,
07/27/2019 04:04:00.000000,,,,4.835,
07/27/2019 04:05:00.000000,,,,11.085714,
07/27/2019 04:06:00.000000,,,,0.011505,
07/27/2019 04:07:00.000000,,,,0.026012,
07/27/2019 04:08:00.000000,,,,11.692683,
07/27/2019 04:09:00.000000,,,,0.01549,
07/27/2019 04:10:00.000000,,,,0.025813,
07/27/2019 04:11:00.000000,,,,6.617073,
07/27/2019 04:12:00.000000,,,,0.017801,
07/27/2019 04:13:00.000000,,,,11.685366,
07/27/2019 04:14:00.000000,,,,9.5,
07/27/2019 04:15:00.000000,,,,0.012927,
07/27/2019 04:16:00.000000,,,,9.873171,
07/27/2019 04:17:00.000000,,,,16.338461,
07/27/2019 04:18:00.000000,,,,0.019297,
07/27/2019 04:19:00.000000,,,,0.006652,
07/27/2019 04:20:00.000000,,,,0.038772,
07/27/2019 04:21:00.000000,,,,13.005263,
07/27/2019 04:22:00.000000,,,,0.005449,
07/27/2019 04:23:00.000000,,,,12.277273,
07/27/2019 04:24:00.000000,,,,0.011547,
07/27/2019 04:25:00.000000,,,,12.88,
07/27/2019 04:26:00.000000,,,,5.022727,
07/27/2019 04:27:00.000000,,,,7.8625,
07/27/2019 04:28:00.000000,,,,5.030769,
07/27/2019 04:29:00.000000,,,,0.007584,
07/27/2019 04:30:00.000000,,,,26.423077,
07/27/2019 04:31:00.000000,,,,0.018541,
07/27/2019 04:32:00.000000,,,,17.688636,
07/27/2019 04:33:00.000000,,,,15.4375,
07/27/2019 04:34:00.000000,,,,11.367568,
07/27/2019 04:35:00.000000,,,,9.337209,
07/27/2019 04:36:00.000000,,,,9.868293,
07/27/2019 04:37:00.000000,,,,11.215789,
07/27/2019 04:38:00.000000,,,,30.607317,
07/27/2019 04:39:00.000000,,,,0.025602,
07/27/2019 04:40:00.000000,,,,0.015104,
07/27/2019 04:41:00.000000,,,,14.657143,
07/27/2019 04:42:00.000000,,,,17.992308,
07/27/2019 04:43:00.000000,,,,11.387805,
07/27/2019 04:44:00.000000,,,,0.017517,
07/27/2019 04:45:00.000000,,,,7.164286,
07/27/2019 04:46:00.000000,,,,4.16,
07/27/2019 04:47:00.000000,,,,0.021654,
07/27/2019 04:48:00.000000,,,,5.557143,
07/27/2019 04:49:00.000000,,,,7.546154,
07/27/2019 04:50:00.000000,,,,14.255556,
07/27/2019 04:51:00.000000,,,,0.011333,
07/27/2019 04:52:00.000000,,,,6.434884,
07/27/2019 04:53:00.000000,,,,0.005923,
07/27/2019 04:54:00.000000,,,,2.756098,
07/27/2019 04:55:00.000000,,,,5.658537,
07/27/2019 04:56:00.000000,,,,3.937838,
07/27/2019 04:57:00.000000,,,,6.660976,
07/27/2019 04:58:00.000000,,,,0.003614,
07/27/2019 04:59:00.000000,,,,0.010947,
07/27/2019 05:00:00.000000,,,,3.397619,
07/27/2019 05:01:00.000000,,,,0.012106,
07/27/2019 05:02:00.000000,,,,0.007792,
07/27/2019 05:03:00.000000,,,,10.65,
07/27/2019 05:04:00.000000,,,,9.117073,
07/27/2019 05:05:00.000000,,,,0.007472,
07/27/2019 05:06:00.000000,,,,0.008742,
07/27/2019 05:07:00.000000,,,,5.267442,
07/27/2019 05:08:00.000000,,,,0.004173,
07/27/2019 05:09:00.000000,,,,0.006468,
07/27/2019 05:10:00.000000,,,,0.006697,
07/27/2019 05:11:00.000000,,,,8.911905,
07/27/2019 05:12:00.000000,,,,11.87561,
07/27/2019 05:13:00.000000,,,,0.020092,
07/27/2019 05:14:00.000000,,,,0.013103,
07/27/2019 05:15:00.000000,,,,3.951163,
07/27/2019 05:16:00.000000,,,,8.430769,
07/27/2019 05:17:00.000000,,,,7.964444,
07/27/2019 05:18:00.000000,,,,0.018507,
07/27/2019 05:19:00.000000,,,,5.836364,
07/27/2019 05:20:00.000000,,,,0.009013,
07/27/2019 05:21:00.000000,,,,5.6125,
07/27/2019 05:22:00.000000,,,,0.026039,
07/27/2019 05:23:00.000000,,,,9.85122,
07/27/2019 05:24:00.000000,,,,0.006238,
07/27/2019 05:25:00.000000,,,,7.854545,
07/27/2019 05:26:00.000000,,,,3.495349,
07/27/2019 05:27:00.000000,,,,0.003272,
07/27/2019 05:28:00.000000,,,,0.01419,
07/27/2019 05:29:00.000000,,,,0.007418,
07/27/2019 05:30:00.000000,,,,2.865116,
07/27/2019 05:31:00.000000,,,,0.006168,
07/27/2019 05:32:00.000000,,,,5.057143,
07/27/2019 05:33:00.000000,,,,0.004168,
07/27/2019 05:34:00.000000,,,,7.388372,
07/27/2019 05:35:00.000000,,,,3.182927,
07/27/2019 05:36:00.000000,,,,4.71,
07/27/2019 05:37:00.000000,,,,3.74,
07/27/2019 05:38:00.000000,,,,0.005619,
07/27/2019 05:39:00.000000,,,,0.006327,
07/27/2019 05:40:00.000000,,,,10.982927,
07/27/2019 05:41:00.000000,,,,0.004318,
07/27/2019 05:42:00.000000,,,,3.139024,
07/27/2019 05:43:00.000000,,,,0.004339,
07/27/2019 05:44:00.000000,,,,3.332558,
07/27/2019 05:45:00.000000,,,,0.003658,
07/27/2019 05:46:00.000000,,,,0.010579,
07/27/2019 05:47:00.000000,,,,0.008199,
07/27/2019 05:48:00.000000,,,,0.011514,
07/27/2019 05:49:00.000000,,,,6.746512,
07/27/2019 05:50:00.000000,,,,0.010829,
07/27/2019 05:51:00.000000,,,,0.00663,
07/27/2019 05:52:00.000000,,,,7.223077,
07/27/2019 05:53:00.000000,,,,4.0,
07/27/2019 05:54:00.000000,,,,0.005497,
07/27/2019 05:55:00.000000,,,,8.284091,
07/27/2019 05:56:00.000000,,,,3.344186,
07/27/2019 05:57:00.000000,,,,0.014788,
07/27/2019 05:58:00.000000,,,,6.1375,
07/27/2019 05:59:00.000000,,,,0.002941,
07/27/2019 06:00:00.000000,,,,3.095122,
07/27/2019 06:01:00.000000,,,,0.005944,
07/27/2019 06:02:00.000000,,,,0.013697,
07/27/2019 06:03:00.000000,,,,5.8125,
07/27/2019 06:04:00.000000,,,,15.528571,
07/27/2019 06:05:00.000000,,,,4.431818,
07/27/2019 06:06:00.000000,,,,0.005071,
07/27/2019 06:07:00.000000,,,,0.003717,
07/27/2019 06:08:00.000000,,,,0.003259,
07/27/2019 06:10:00.000000,,,,0.014323,
07/27/2019 06:11:00.000000,,,,3.775,
07/27/2019 06:12:00.000000,,,,2.2,
07/27/2019 06:13:00.000000,,,,6.633333,
07/27/2019 06:14:00.000000,,,,0.006372,
07/27/2019 06:15:00.000000,,,,7.675,
07/27/2019 06:16:00.000000,,,,2.837838,
07/27/2019 06:17:00.000000,,,,0.008095,
07/27/2019 06:18:00.000000,,,,6.1,
07/27/2019 06:19:00.000000,,,,0.0033,
07/27/2019 06:20:00.000000,,,,4.936364,
07/27/2019 06:21:00.000000,,,,0.003093,
07/27/2019 06:22:00.000000,,,,1.986842,
07/27/2019 06:23:00.000000,,,,2.17,
07/27/2019 06:24:00.000000,,,,0.003778,
07/27/2019 06:25:00.000000,,,,0.003882,
07/27/2019 06:26:00.000000,,,,0.00739,
07/27/2019 06:27:00.000000,,,,2.812195,
07/27/2019 06:28:00.000000,,,,0.002861,
07/27/2019 06:29:00.000000,,,,0.006081,
07/27/2019 06:30:00.000000,,,,0.003194,
07/27/2019 06:31:00.000000,,,,0.011298,
07/27/2019 06:32:00.000000,,,,3.072727,
07/27/2019 06:33:00.000000,,,,0.005473,
07/27/2019 06:34:00.000000,,,,0.003195,
07/27/2019 06:35:00.000000,,,,0.005784,
07/27/2019 06:36:00.000000,,,,9.468889,
07/27/2019 06:37:00.000000,,,,0.003566,
07/27/2019 06:38:00.000000,,,,5.82,
07/27/2019 06:39:00.000000,,,,2.571429,
07/27/2019 06:40:00.000000,,,,0.011485,
07/27/2019 06:41:00.000000,,,,6.519444,
07/27/2019 06:42:00.000000,,,,0.006095,
07/27/2019 06:43:00.000000,,,,2.354545,
07/27/2019 06:44:00.000000,,,,0.011402,
07/27/2019 06:45:00.000000,,,,13.6,
07/27/2019 06:46:00.000000,,,,0.004892,
07/27/2019 06:47:00.000000,,,,0.008271,
07/27/2019 06:48:00.000000,,,,7.6,
07/27/2019 06:50:00.000000,,,,12.806977,
07/27/2019 06:51:00.000000,,,,3.91,
07/27/2019 06:52:00.000000,,,,5.134146,
07/27/2019 06:53:00.000000,,,,6.485714,
07/27/2019 06:54:00.000000,,,,0.026659,
07/27/2019 06:55:00.000000,,,,0.010137,
07/27/2019 06:56:00.000000,,,,8.876744,
07/27/2019 06:57:00.000000,,,,0.008375,
07/27/2019 06:58:00.000000,,,,0.003773,
07/27/2019 06:59:00.000000,,,,7.180488,
07/27/2019 07:00:00.000000,,,,0.00425,
07/27/2019 07:01:00.000000,,,,2.33,
07/27/2019 07:02:00.000000,,,,10.580488,
07/27/2019 07:03:00.000000,,,,6.878049,
07/27/2019 07:04:00.000000,,,,2.774359,
07/27/2019 07:05:00.000000,,,,2.982927,
07/27/2019 07:06:00.000000,,,,2.338462,
07/27/2019 07:07:00.000000,,,,1.936585,
07/27/2019 07:08:00.000000,,,,0.003193,
07/27/2019 07:10:00.000000,,,,5.553659,
07/27/2019 07:11:00.000000,,,,3.520513,
07/27/2019 07:12:00.000000,,,,2.195349,
07/27/2019 07:13:00.000000,,,,5.011628,
07/27/2019 07:14:00.000000,,,,2.512195,
07/27/2019 07:15:00.000000,,,,0.002488,
07/27/2019 07:16:00.000000,,,,6.165,
07/27/2019 07:17:00.000000,,,,2.425581,
07/27/2019 07:18:00.000000,,,,0.001907,
07/27/2019 07:19:00.000000,,,,0.002177,
07/27/2019 07:20:00.000000,,,,0.005141,
07/27/2019 07:21:00.000000,,,,1.772093,
07/27/2019 07:22:00.000000,,,,1.485,
07/27/2019 07:23:00.000000,,,,0.006219,
07/27/2019 07:24:00.000000,,,,2.430233,
07/27/2019 07:25:00.000000,,,,0.007546,
07/27/2019 07:26:00.000000,,,,2.834884,
07/27/2019 07:27:00.000000,,,,0.002964,
07/27/2019 07:28:00.000000,,,,0.008064,
07/27/2019 07:29:00.000000,,,,0.003586,
07/27/2019 07:30:00.000000,,,,0.004353,
07/27/2019 07:31:00.000000,,,,2.514286,
07/27/2019 07:32:00.000000,,,,5.295238,
07/27/2019 07:33:00.000000,,,,7.631707,
07/27/2019 07:34:00.000000,,,,2.992308,
07/27/2019 07:35:00.000000,,,,5.612195,
07/27/2019 07:36:00.000000,,,,3.952632,
07/27/2019 07:37:00.000000,,,,0.003151,
07/27/2019 07:38:00.000000,,,,0.002964,
07/27/2019 07:39:00.000000,,,,2.839024,
07/27/2019 07:40:00.000000,,,,0.003503,
07/27/2019 07:41:00.000000,,,,4.095455,
07/27/2019 07:42:00.000000,,,,9.129268,
07/27/2019 07:43:00.000000,,,,4.742857,
07/27/2019 07:44:00.000000,,,,0.005991,
07/27/2019 07:45:00.000000,,,,4.136364,
07/27/2019 07:46:00.000000,,,,0.003524,
07/27/2019 07:47:00.000000,,,,6.3,
07/27/2019 07:48:00.000000,,,,5.604545,
07/27/2019 07:49:00.000000,,,,0.005991,
07/27/2019 07:50:00.000000,,,,0.003151,
07/27/2019 07:51:00.000000,,,,0.004996,
07/27/2019 07:52:00.000000,,,,0.004333,
07/27/2019 07:53:00.000000,,,,6.047727,
07/27/2019 07:54:00.000000,,,,4.19,
07/27/2019 07:55:00.000000,,,,0.00483,
07/27/2019 07:56:00.000000,,,,0.003089,
07/27/2019 07:57:00.000000,,,,0.005224,
07/27/2019 07:58:00.000000,,,,0.003234,
07/27/2019 07:59:00.000000,,,,0.004395,
07/27/2019 08:00:00.000000,,,,2.34878,
07/27/2019 08:01:00.000000,,,,0.004996,
07/27/2019 08:02:00.000000,,,,2.730303,
07/27/2019 08:03:00.000000,,,,1.881395,
07/27/2019 08:04:00.000000,,,,0.006903,
07/27/2019 08:05:00.000000,,,,2.885366,
07/27/2019 08:06:00.000000,,,,0.007214,
07/27/2019 08:07:00.000000,,,,0.007774,
07/27/2019 08:08:00.000000,,,,0.016522,
07/27/2019 08:09:00.000000,,,,4.653488,
07/27/2019 08:10:00.000000,,,,0.009578,
07/27/2019 08:11:00.000000,,,,0.010096,
07/27/2019 08:12:00.000000,,,,0.003835,
07/27/2019 08:13:00.000000,,,,4.404878,
07/27/2019 08:14:00.000000,,,,15.214634,
07/27/2019 08:15:00.000000,,,,4.437209,
07/27/2019 08:16:00.000000,,,,5.55122,
07/27/2019 08:17:00.000000,,,,3.410256,
07/27/2019 08:18:00.000000,,,,3.34,
07/27/2019 08:19:00.000000,,,,7.291892,
07/27/2019 08:20:00.000000,,,,0.005266,
07/27/2019 08:21:00.000000,,,,6.106818,
07/27/2019 08:22:00.000000,,,,0.003421,
07/27/2019 08:23:00.000000,,,,0.003193,
07/27/2019 08:24:00.000000,,,,8.12381,
07/27/2019 08:25:00.000000,,,,3.423684,
07/27/2019 08:26:00.000000,,,,2.823077,
07/27/2019 08:27:00.000000,,,,3.093548,
07/27/2019 08:28:00.000000,,,,0.003172,
07/27/2019 08:29:00.000000,,,,4.565116,
07/27/2019 08:30:00.000000,,,,8.876923,
07/27/2019 08:31:00.000000,,,,0.003731,
07/27/2019 08:32:00.000000,,,,0.003099,
07/27/2019 08:33:00.000000,,,,0.004975,
07/27/2019 08:34:00.000000,,,,0.006178,
07/27/2019 08:35:00.000000,,,,0.007463,
07/27/2019 08:36:00.000000,,,,9.586486,
07/27/2019 08:37:00.000000,,,,7.045455,
07/27/2019 08:38:00.000000,,,,4.863636,
07/27/2019 08:39:00.000000,,,,3.124324,
07/27/2019 08:40:00.000000,,,,0.004727,
07/27/2019 08:41:00.000000,,,,7.325,
07/27/2019 08:42:00.000000,,,,14.586486,
07/27/2019 08:43:00.000000,,,,11.185714,
07/27/2019 08:44:00.000000,,,,8.021429,
07/27/2019 08:45:00.000000,,,,0.010604,
07/27/2019 08:46:00.000000,,,,0.008831,
07/27/2019 08:47:00.000000,,,,9.915,
07/27/2019 08:48:00.000000,,,,0.009982,
07/27/2019 08:49:00.000000,,,,0.009588,
07/27/2019 08:50:00.000000,,,,0.007639,
07/27/2019 08:51:00.000000,,,,17.227027,
07/27/2019 08:52:00.000000,,,,4.109677,
07/27/2019 08:53:00.000000,,,,11.65,
07/27/2019 08:54:00.000000,,,,0.009992,
07/27/2019 08:55:00.000000,,,,0.007059,
07/27/2019 08:56:00.000000,,,,0.009267,
07/27/2019 08:57:00.000000,,,,7.086667,
07/27/2019 08:58:00.000000,,,,7.069231,
07/27/2019 08:59:00.000000,,,,7.7125,
07/27/2019 09:00:00.000000,,,,5.157143,
07/27/2019 09:01:00.000000,,,,0.010303,
07/27/2019 09:02:00.000000,,,,8.933333,
07/27/2019 09:03:00.000000,,,,10.615,
07/27/2019 09:04:00.000000,,,,0.031075,
07/27/2019 09:05:00.000000,,,,18.628571,
07/27/2019 09:06:00.000000,,,,10.953659,
07/27/2019 09:07:00.000000,,,,0.00966,
07/27/2019 09:08:00.000000,,,,16.055,
07/27/2019 09:09:00.000000,,,,8.556098,
07/27/2019 09:10:00.000000,,,,19.494595,
07/27/2019 09:11:00.000000,,,,0.021228,
07/27/2019 09:12:00.000000,,,,0.012376,
07/27/2019 09:13:00.000000,,,,0.008209,
07/27/2019 09:14:00.000000,,,,0.017476,
07/27/2019 09:15:00.000000,,,,12.312903,
07/27/2019 09:16:00.000000,,,,6.871875,
07/27/2019 09:17:00.000000,,,,10.132558,
07/27/2019 09:18:00.000000,,,,0.006894,
07/27/2019 09:19:00.000000,,,,0.024534,
07/27/2019 09:20:00.000000,,,,0.012484,
07/27/2019 09:21:00.000000,,,,0.009627,
07/27/2019 09:22:00.000000,,,,4.4,
07/27/2019 09:23:00.000000,,,,5.133333,
07/27/2019 09:24:00.000000,,,,0.018385,
07/27/2019 09:25:00.000000,,,,0.007495,
07/27/2019 09:26:00.000000,,,,0.015714,
07/27/2019 09:27:00.000000,,,,0.026066,
07/27/2019 09:28:00.000000,,,,0.017143,
07/27/2019 09:30:00.000000,,,,5.088095,
07/27/2019 09:31:00.000000,,,,0.01058,
07/27/2019 09:32:00.000000,,,,0.00764,
07/27/2019 09:33:00.000000,,,,6.663636,
07/27/2019 09:34:00.000000,,,,12.293023,
07/27/2019 09:35:00.000000,,,,0.013602,
07/27/2019 09:36:00.000000,,,,0.006522,
07/27/2019 09:37:00.000000,,,,0.011325,
07/27/2019 09:38:00.000000,,,,0.012857,
07/27/2019 09:39:00.000000,,,,19.023256,
07/27/2019 09:40:00.000000,,,,6.07619,
07/27/2019 09:41:00.000000,,,,0.019689,
07/27/2019 09:42:00.000000,,,,0.014431,
07/27/2019 09:43:00.000000,,,,9.705,
07/27/2019 09:44:00.000000,,,,0.012339,
07/27/2019 09:45:00.000000,,,,7.481579,
07/27/2019 09:46:00.000000,,,,9.595349,
07/27/2019 09:47:00.000000,,,,18.432558,
07/27/2019 09:48:00.000000,,,,8.916279,
07/27/2019 09:50:00.000000,,,,0.030414,
07/27/2019 09:51:00.000000,,,,7.294872,
07/27/2019 09:52:00.000000,,,,0.005072,
07/27/2019 09:53:00.000000,,,,0.008074,
07/27/2019 09:54:00.000000,,,,0.006211,
07/27/2019 09:55:00.000000,,,,0.012961,
07/27/2019 09:56:00.000000,,,,11.941463,
07/27/2019 09:57:00.000000,,,,0.018219,
07/27/2019 09:58:00.000000,,,,0.025611,
07/27/2019 09:59:00.000000,,,,14.39,
07/27/2019 10:00:00.000000,,,,0.011925,
07/27/2019 10:01:00.000000,,,,0.010849,
07/27/2019 10:02:00.000000,,,,7.704878,
07/27/2019 10:03:00.000000,,,,20.165,
07/27/2019 10:04:00.000000,,,,0.012453,
07/27/2019 10:05:00.000000,,,,0.00588,
07/27/2019 10:06:00.000000,,,,4.495,
07/27/2019 10:07:00.000000,,,,9.341935,
07/27/2019 10:08:00.000000,,,,17.065,
07/27/2019 10:09:00.000000,,,,10.35814,
07/27/2019 10:10:00.000000,,,,0.018727,
07/27/2019 10:11:00.000000,,,,6.257143,
07/27/2019 10:12:00.000000,,,,0.008913,
07/27/2019 10:13:00.000000,,,,0.011925,
07/27/2019 10:14:00.000000,,,,15.155,
07/27/2019 10:15:00.000000,,,,10.197619,
07/27/2019 10:16:00.000000,,,,0.011563,
07/27/2019 10:17:00.000000,,,,7.165854,
07/27/2019 10:18:00.000000,,,,13.287805,
07/27/2019 10:19:00.000000,,,,5.795122,
07/27/2019 10:20:00.000000,,,,0.00617,
07/27/2019 10:21:00.000000,,,,11.769231,
07/27/2019 10:22:00.000000,,,,13.939024,
07/27/2019 10:23:00.000000,,,,8.765116,
07/27/2019 10:24:00.000000,,,,7.042857,
07/27/2019 10:25:00.000000,,,,4.928571,
07/27/2019 10:26:00.000000,,,,0.013913,
07/27/2019 10:27:00.000000,,,,9.727273,
07/27/2019 10:28:00.000000,,,,0.009741,
07/27/2019 10:29:00.000000,,,,10.246341,
07/27/2019 10:30:00.000000,,,,0.015331,
07/27/2019 10:31:00.000000,,,,0.015869,
07/27/2019 10:32:00.000000,,,,0.014648,
07/27/2019 10:33:00.000000,,,,11.25814,
07/27/2019 10:34:00.000000,,,,0.009016,
07/27/2019 10:35:00.000000,,,,10.038462,
07/27/2019 10:36:00.000000,,,,9.731707,
07/27/2019 10:37:00.000000,,,,0.011356,
07/27/2019 10:38:00.000000,,,,0.010279,
07/27/2019 10:39:00.000000,,,,0.010983,
07/27/2019 10:40:00.000000,,,,20.946512,
07/27/2019 10:41:00.000000,,,,0.007713,
07/27/2019 10:42:00.000000,,,,0.011176,
07/27/2019 10:43:00.000000,,,,0.009956,
07/27/2019 10:44:00.000000,,,,12.909091,
07/27/2019 10:45:00.000000,,,,0.013357,
07/27/2019 10:46:00.000000,,,,0.011776,
07/27/2019 10:47:00.000000,,,,14.245238,
07/27/2019 10:48:00.000000,,,,8.1625,
07/27/2019 10:49:00.000000,,,,0.012003,
07/27/2019 10:50:00.000000,,,,5.923077,
07/27/2019 10:51:00.000000,,,,0.005769,
07/27/2019 10:52:00.000000,,,,0.005252,
07/27/2019 10:53:00.000000,,,,10.630769,
07/27/2019 10:54:00.000000,,,,9.75122,
07/27/2019 10:55:00.000000,,,,0.008932,
07/27/2019 10:56:00.000000,,,,15.432558,
07/27/2019 10:57:00.000000,,,,0.01436,
07/27/2019 10:58:00.000000,,,,16.671429,
07/27/2019 10:59:00.000000,,,,0.012055,
07/27/2019 11:00:00.000000,,,,0.005593,
07/27/2019 11:01:00.000000,,,,0.005428,
07/27/2019 11:02:00.000000,,,,11.05,
07/27/2019 11:03:00.000000,,,,20.6625,
07/27/2019 11:04:00.000000,,,,10.820455,
07/27/2019 11:05:00.000000,,,,8.3,
07/27/2019 11:06:00.000000,,,,16.636585,
07/27/2019 11:07:00.000000,,,,10.54878,
07/27/2019 11:08:00.000000,,,,0.025092,
07/27/2019 11:09:00.000000,,,,0.011631,
07/27/2019 11:10:00.000000,,,,0.011548,
07/27/2019 11:11:00.000000,,,,0.009387,
07/27/2019 11:12:00.000000,,,,0.017937,
07/27/2019 11:13:00.000000,,,,8.07561,
07/27/2019 11:14:00.000000,,,,0.032804,
07/27/2019 11:15:00.000000,,,,26.261905,
07/27/2019 11:16:00.000000,,,,10.121951,
07/27/2019 11:17:00.000000,,,,10.314286,
07/27/2019 11:18:00.000000,,,,16.118182,
07/27/2019 11:19:00.000000,,,,0.01436,
07/27/2019 11:20:00.000000,,,,14.972093,
07/27/2019 11:21:00.000000,,,,0.012303,
07/27/2019 11:22:00.000000,,,,9.91,
07/27/2019 11:23:00.000000,,,,0.019684,
07/27/2019 11:24:00.000000,,,,10.914286,
07/27/2019 11:25:00.000000,,,,4.878049,
07/27/2019 11:26:00.000000,,,,0.020175,
07/27/2019 11:27:00.000000,,,,0.019514,
07/27/2019 11:28:00.000000,,,,14.228571,
07/27/2019 11:30:00.000000,,,,6.772093,
07/27/2019 11:31:00.000000,,,,11.023256,
07/27/2019 11:32:00.000000,,,,12.597561,
07/27/2019 11:33:00.000000,,,,5.846154,
07/27/2019 11:34:00.000000,,,,8.386047,
07/27/2019 11:35:00.000000,,,,0.013991,
07/27/2019 11:36:00.000000,,,,0.010501,
07/27/2019 11:37:00.000000,,,,8.816667,
07/27/2019 11:38:00.000000,,,,9.495,
07/27/2019 11:39:00.000000,,,,5.75,
07/27/2019 11:40:00.000000,,,,0.023789,
07/27/2019 11:41:00.000000,,,,11.321053,
07/27/2019 11:42:00.000000,,,,0.020727,
07/27/2019 11:43:00.000000,,,,13.6,
07/27/2019 11:44:00.000000,,,,19.059091,
07/27/2019 11:45:00.000000,,,,17.004762,
07/27/2019 11:46:00.000000,,,,6.702326,
07/27/2019 11:47:00.000000,,,,15.985366,
07/27/2019 11:48:00.000000,,,,0.01885,
07/27/2019 11:49:00.000000,,,,15.521739,
07/27/2019 11:50:00.000000,,,,0.014199,
07/27/2019 11:51:00.000000,,,,0.013735,
07/27/2019 11:52:00.000000,,,,24.093023,
07/27/2019 11:53:00.000000,,,,0.019149,
07/27/2019 11:54:00.000000,,,,0.030987,
07/27/2019 11:55:00.000000,,,,18.297674,
07/27/2019 11:56:00.000000,,,,0.033606,
07/27/2019 11:57:00.000000,,,,0.027706,
07/27/2019 11:58:00.000000,,,,11.402326,
07/27/2019 11:59:00.000000,,,,10.672093,
07/27/2019 12:00:00.000000,,,,0.007806,
07/27/2019 12:01:00.000000,,,,0.014655,
07/27/2019 12:02:00.000000,,,,0.006148,
07/27/2019 12:03:00.000000,,,,12.761538,
07/27/2019 12:04:00.000000,,,,16.255,
07/27/2019 12:05:00.000000,,,,22.654545,
07/27/2019 12:06:00.000000,,,,0.017744,
07/27/2019 12:07:00.000000,,,,13.926829,
07/27/2019 12:08:00.000000,,,,5.807143,
07/27/2019 12:10:00.000000,,,,0.016323,
07/27/2019 12:11:00.000000,,,,0.012317,
07/27/2019 12:12:00.000000,,,,11.693023,
07/27/2019 12:13:00.000000,,,,0.013594,
07/27/2019 12:14:00.000000,,,,5.328571,
07/27/2019 12:15:00.000000,,,,0.008383,
07/27/2019 12:16:00.000000,,,,0.012615,
07/27/2019 12:17:00.000000,,,,14.053846,
07/27/2019 12:18:00.000000,,,,0.016694,
07/27/2019 12:19:00.000000,,,,0.011575,
07/27/2019 12:20:00.000000,,,,12.717391,
07/27/2019 12:21:00.000000,,,,0.022347,
07/27/2019 12:22:00.000000,,,,15.27,
07/27/2019 12:23:00.000000,,,,0.02417,
07/27/2019 12:24:00.000000,,,,11.307317,
07/27/2019 12:25:00.000000,,,,42.895455,
07/27/2019 12:26:00.000000,,,,33.009302,
07/27/2019 12:27:00.000000,,,,20.9,
07/27/2019 12:28:00.000000,,,,0.009588,
07/27/2019 12:30:00.000000,,,,21.892308,
07/27/2019 12:31:00.000000,,,,22.830952,
07/27/2019 12:32:00.000000,,,,15.184444,
07/27/2019 12:33:00.000000,,,,0.012749,
07/27/2019 12:34:00.000000,,,,0.018022,
07/27/2019 12:35:00.000000,,,,5.867568,
07/27/2019 12:36:00.000000,,,,7.238462,
07/27/2019 12:37:00.000000,,,,0.013254,
07/27/2019 12:38:00.000000,,,,14.87619,
07/27/2019 12:39:00.000000,,,,5.986364,
07/27/2019 12:40:00.000000,,,,0.004881,
07/27/2019 12:41:00.000000,,,,0.01071,
07/27/2019 12:42:00.000000,,,,20.516216,
07/27/2019 12:43:00.000000,,,,8.867442,
07/27/2019 12:44:00.000000,,,,0.006848,
07/27/2019 12:45:00.000000,,,,0.004521,
07/27/2019 12:46:00.000000,,,,0.025282,
07/27/2019 12:47:00.000000,,,,20.371429,
07/27/2019 12:48:00.000000,,,,9.088095,
07/27/2019 12:50:00.000000,,,,11.767442,
07/27/2019 12:51:00.000000,,,,24.156098,
07/27/2019 12:52:00.000000,,,,0.021613,
07/27/2019 12:53:00.000000,,,,29.05,
07/27/2019 12:54:00.000000,,,,0.020933,
07/27/2019 12:55:00.000000,,,,0.017241,
07/27/2019 12:56:00.000000,,,,0.024418,
07/27/2019 12:57:00.000000,,,,21.072222,
07/27/2019 12:58:00.000000,,,,0.017447,
07/27/2019 12:59:00.000000,,,,26.553488,
07/27/2019 13:00:00.000000,,,,0.015323,
07/27/2019 13:01:00.000000,,,,0.019407,
07/27/2019 13:02:00.000000,,,,0.026604,
07/27/2019 13:03:00.000000,,,,18.254545,
07/27/2019 13:04:00.000000,,,,24.119048,
07/27/2019 13:05:00.000000,,,,11.825,
07/27/2019 13:06:00.000000,,,,10.18,
07/27/2019 13:07:00.000000,,,,12.55,
07/27/2019 13:08:00.000000,,,,12.060976,
07/27/2019 13:10:00.000000,,,,0.024842,
07/27/2019 13:11:00.000000,,,,7.8125,
07/27/2019 13:12:00.000000,,,,0.028456,
07/27/2019 13:13:00.000000,,,,20.253659,
07/27/2019 13:14:00.000000,,,,0.018833,
07/27/2019 13:15:00.000000,,,,20.715789,
07/27/2019 13:16:00.000000,,,,0.01588,
07/27/2019 13:17:00.000000,,,,18.8,
07/27/2019 13:18:00.000000,,,,0.020981,
07/27/2019 13:19:00.000000,,,,10.581818,
07/27/2019 13:20:00.000000,,,,15.138095,
07/27/2019 13:21:00.000000,,,,0.012592,
07/27/2019 13:22:00.000000,,,,17.245,
07/27/2019 13:23:00.000000,,,,16.72,
07/27/2019 13:24:00.000000,,,,15.007317,
07/27/2019 13:25:00.000000,,,,28.273684,
07/27/2019 13:26:00.000000,,,,0.018361,
07/27/2019 13:27:00.000000,,,,0.01496,
07/27/2019 13:28:00.000000,,,,12.44,
07/27/2019 13:30:00.000000,,,,0.010134,
07/27/2019 13:31:00.000000,,,,18.946154,
07/27/2019 13:32:00.000000,,,,14.907895,
07/27/2019 13:33:00.000000,,,,0.034907,
07/27/2019 13:34:00.000000,,,,18.945,
07/27/2019 13:35:00.000000,,,,6.875,
07/27/2019 13:36:00.000000,,,,21.695238,
07/27/2019 13:37:00.000000,,,,24.44,
07/27/2019 13:38:00.000000,,,,15.76,
07/27/2019 13:39:00.000000,,,,16.402381,
07/27/2019 13:40:00.000000,,,,0.015433,
07/27/2019 13:41:00.000000,,,,0.024763,
07/27/2019 13:42:00.000000,,,,0.023373,
07/27/2019 13:43:00.000000,,,,12.613793,
07/27/2019 13:44:00.000000,,,,0.014206,
07/27/2019 13:45:00.000000,,,,13.014286,
07/27/2019 13:46:00.000000,,,,0.026874,
07/27/2019 13:47:00.000000,,,,0.016835,
07/27/2019 13:48:00.000000,,,,0.012865,
07/27/2019 13:50:00.000000,,,,0.015557,
07/27/2019 13:51:00.000000,,,,0.027581,
07/27/2019 13:52:00.000000,,,,14.092683,
07/27/2019 13:53:00.000000,,,,0.02443,
07/27/2019 13:54:00.000000,,,,15.231579,
07/27/2019 13:55:00.000000,,,,0.01823,
07/27/2019 13:56:00.000000,,,,0.02362,
07/27/2019 13:57:00.000000,,,,0.012208,
07/27/2019 13:58:00.000000,,,,4.927273,
07/27/2019 13:59:00.000000,,,,7.430769,
07/27/2019 14:00:00.000000,,,,22.54186,
07/27/2019 14:01:00.000000,,,,0.021504,
07/27/2019 14:02:00.000000,,,,15.639535,
07/27/2019 14:03:00.000000,,,,12.242857,
07/27/2019 14:04:00.000000,,,,21.446341,
07/27/2019 14:05:00.000000,,,,12.931707,
07/27/2019 14:06:00.000000,,,,0.017005,
07/27/2019 14:07:00.000000,,,,0.017883,
07/27/2019 14:08:00.000000,,,,0.01672,
07/27/2019 14:10:00.000000,,,,0.013423,
07/27/2019 14:11:00.000000,,,,9.746341,
07/27/2019 14:12:00.000000,,,,0.011738,
07/27/2019 14:13:00.000000,,,,4.434146,
07/27/2019 14:14:00.000000,,,,3.34186,
07/27/2019 14:15:00.000000,,,,0.003954,
07/27/2019 14:16:00.000000,,,,0.015291,
07/27/2019 14:17:00.000000,,,,5.610811,
07/27/2019 14:18:00.000000,,,,3.234375,
07/27/2019 14:19:00.000000,,,,0.004539,
07/27/2019 14:20:00.000000,,,,3.615,
07/27/2019 14:21:00.000000,,,,9.428571,
07/27/2019 14:22:00.000000,,,,0.028642,
07/27/2019 14:23:00.000000,,,,15.081818,
07/27/2019 14:24:00.000000,,,,9.015385,
07/27/2019 14:25:00.000000,,,,12.013953,
07/27/2019 14:26:00.000000,,,,0.009523,
07/27/2019 14:27:00.000000,,,,0.011657,
07/27/2019 14:28:00.000000,,,,9.938462,
07/27/2019 14:29:00.000000,,,,16.584615,
07/27/2019 14:30:00.000000,,,,12.9,
07/27/2019 14:31:00.000000,,,,0.011756,
07/27/2019 14:32:00.000000,,,,9.7075,
07/27/2019 14:33:00.000000,,,,7.107692,
07/27/2019 14:34:00.000000,,,,9.353488,
07/27/2019 14:35:00.000000,,,,11.7,
07/27/2019 14:36:00.000000,,,,10.1625,
07/27/2019 14:37:00.000000,,,,11.87907,
07/27/2019 14:38:00.000000,,,,0.006662,
07/27/2019 14:39:00.000000,,,,0.005761,
07/27/2019 14:40:00.000000,,,,0.019385,
07/27/2019 14:41:00.000000,,,,19.958536,
07/27/2019 14:42:00.000000,,,,12.430769,
07/27/2019 14:43:00.000000,,,,10.139535,
07/27/2019 14:44:00.000000,,,,3.781818,
07/27/2019 14:45:00.000000,,,,0.016841,
07/27/2019 14:46:00.000000,,,,13.180488,
07/27/2019 14:47:00.000000,,,,6.284615,
07/27/2019 14:48:00.000000,,,,7.548889,
07/27/2019 14:49:00.000000,,,,0.007378,
07/27/2019 14:50:00.000000,,,,9.263415,
07/27/2019 14:51:00.000000,,,,0.007652,
07/27/2019 14:52:00.000000,,,,0.006387,
07/27/2019 14:53:00.000000,,,,0.007799,
07/27/2019 14:54:00.000000,,,,10.753659,
07/27/2019 14:55:00.000000,,,,5.9875,
07/27/2019 14:56:00.000000,,,,0.026285,
07/27/2019 14:57:00.000000,,,,9.363636,
07/27/2019 14:58:00.000000,,,,0.027224,
07/27/2019 14:59:00.000000,,,,8.958537,
07/27/2019 15:00:00.000000,,,,2.719048,
07/27/2019 15:01:00.000000,,,,6.945238,
07/27/2019 15:02:00.000000,,,,0.006134,
07/27/2019 15:03:00.000000,,,,2.675,
07/27/2019 15:04:00.000000,,,,0.003151,
07/27/2019 15:05:00.000000,,,,2.791892,
07/27/2019 15:06:00.000000,,,,0.02021,
07/27/2019 15:07:00.000000,,,,15.625,
07/27/2019 15:08:00.000000,,,,4.01,
07/27/2019 15:09:00.000000,,,,0.0038,
07/27/2019 15:10:00.000000,,,,2.5,
07/27/2019 15:11:00.000000,,,,2.8375,
07/27/2019 15:12:00.000000,,,,0.008978,
07/27/2019 15:13:00.000000,,,,10.671429,
07/27/2019 15:14:00.000000,,,,5.235,
07/27/2019 15:15:00.000000,,,,3.095,
07/27/2019 15:16:00.000000,,,,0.005393,
07/27/2019 15:17:00.000000,,,,0.003238,
07/27/2019 15:18:00.000000,,,,0.003595,
07/27/2019 15:19:00.000000,,,,5.297674,
07/27/2019 15:20:00.000000,,,,0.003711,
07/27/2019 15:21:00.000000,,,,2.4375,
07/27/2019 15:22:00.000000,,,,3.274286,
07/27/2019 15:23:00.000000,,,,19.657895,
07/27/2019 15:24:00.000000,,,,0.00861,
07/27/2019 15:25:00.000000,,,,0.016095,
07/27/2019 15:26:00.000000,,,,0.007685,
07/27/2019 15:27:00.000000,,,,0.004068,
07/27/2019 15:28:00.000000,,,,5.987179,
07/27/2019 15:29:00.000000,,,,7.802632,
07/27/2019 15:30:00.000000,,,,12.968421,
07/27/2019 15:31:00.000000,,,,0.00759,
07/27/2019 15:32:00.000000,,,,0.003448,
07/27/2019 15:33:00.000000,,,,0.005004,
07/27/2019 15:34:00.000000,,,,7.052632,
07/27/2019 15:35:00.000000,,,,2.853488,
07/27/2019 15:36:00.000000,,,,0.018231,
07/27/2019 15:37:00.000000,,,,14.282927,
07/27/2019 15:38:00.000000,,,,4.609756,
07/27/2019 15:39:00.000000,,,,6.097674,
07/27/2019 15:40:00.000000,,,,2.843902,
07/27/2019 15:41:00.000000,,,,0.006168,
07/27/2019 15:42:00.000000,,,,8.002439,
07/27/2019 15:43:00.000000,,,,0.003579,
07/27/2019 15:44:00.000000,,,,3.414286,
07/27/2019 15:45:00.000000,,,,2.627907,
07/27/2019 15:46:00.000000,,,,5.230952,
07/27/2019 15:47:00.000000,,,,6.565854,
07/27/2019 15:48:00.000000,,,,7.214286,
07/27/2019 15:49:00.000000,,,,0.01594,
07/27/2019 15:50:00.000000,,,,0.012059,
07/27/2019 15:51:00.000000,,,,10.271429,
07/27/2019 15:52:00.000000,,,,12.266667,
07/27/2019 15:53:00.000000,,,,6.112195,
07/27/2019 15:54:00.000000,,,,0.00718,
07/27/2019 15:55:00.000000,,,,7.022222,
07/27/2019 15:56:00.000000,,,,7.722222,
07/27/2019 15:57:00.000000,,,,0.004327,
07/27/2019 15:58:00.000000,,,,0.010468,
07/27/2019 15:59:00.000000,,,,7.51,
07/27/2019 16:00:00.000000,,,,0.007784,
07/27/2019 16:01:00.000000,,,,0.010567,
07/27/2019 16:02:00.000000,,,,0.007094,
07/27/2019 16:03:00.000000,,,,6.002439,
07/27/2019 16:04:00.000000,,,,6.776923,
07/27/2019 16:05:00.000000,,,,3.186364,
07/27/2019 16:06:00.000000,,,,12.8,
07/27/2019 16:07:00.000000,,,,8.410256,
07/27/2019 16:08:00.000000,,,,0.01696,
07/27/2019 16:09:00.000000,,,,3.77,
07/27/2019 16:10:00.000000,,,,0.010532,
07/27/2019 16:11:00.000000,,,,0.025445,
07/27/2019 16:12:00.000000,,,,19.021951,
07/27/2019 16:13:00.000000,,,,0.012912,
07/27/2019 16:14:00.000000,,,,16.641463,
07/27/2019 16:15:00.000000,,,,4.378049,
07/27/2019 16:16:00.000000,,,,0.019991,
07/27/2019 16:17:00.000000,,,,0.010012,
07/27/2019 16:18:00.000000,,,,6.832432,
07/27/2019 16:19:00.000000,,,,0.012232,
07/27/2019 16:20:00.000000,,,,8.784615,
07/27/2019 16:21:00.000000,,,,8.686364,
07/27/2019 16:22:00.000000,,,,6.32,
07/27/2019 16:23:00.000000,,,,15.978378,
07/27/2019 16:24:00.000000,,,,0.008656,
07/27/2019 16:25:00.000000,,,,0.003676,
07/27/2019 16:26:00.000000,,,,20.613514,
07/27/2019 16:27:00.000000,,,,0.023265,
07/27/2019 16:28:00.000000,,,,0.00529,
07/27/2019 16:29:00.000000,,,,2.3,
07/27/2019 16:30:00.000000,,,,5.345,
07/27/2019 16:31:00.000000,,,,0.009553,
07/27/2019 16:32:00.000000,,,,0.00514,
07/27/2019 16:33:00.000000,,,,0.006353,
07/27/2019 16:34:00.000000,,,,12.27,
07/27/2019 16:35:00.000000,,,,4.053333,
07/27/2019 16:36:00.000000,,,,0.002897,
07/27/2019 16:37:00.000000,,,,0.006856,
07/27/2019 16:38:00.000000,,,,10.875,
07/27/2019 16:39:00.000000,,,,4.961538,
07/27/2019 16:40:00.000000,,,,4.761538,
07/27/2019 16:41:00.000000,,,,0.017332,
07/27/2019 16:42:00.000000,,,,4.857895,
07/27/2019 16:43:00.000000,,,,25.271429,
07/27/2019 16:44:00.000000,,,,0.022571,
07/27/2019 16:45:00.000000,,,,33.339535,
07/27/2019 16:46:00.000000,,,,0.021442,
07/27/2019 16:47:00.000000,,,,0.007985,
07/27/2019 16:48:00.000000,,,,0.019675,
07/27/2019 16:49:00.000000,,,,5.242857,
07/27/2019 16:50:00.000000,,,,4.815,
07/27/2019 16:51:00.000000,,,,0.008432,
07/27/2019 16:52:00.000000,,,,0.033622,
07/27/2019 16:53:00.000000,,,,9.565625,
07/27/2019 16:54:00.000000,,,,0.015097,
07/27/2019 16:55:00.000000,,,,0.005621,
07/27/2019 16:56:00.000000,,,,8.263415,
07/27/2019 16:57:00.000000,,,,0.005586,
07/27/2019 16:58:00.000000,,,,0.009679,
07/27/2019 16:59:00.000000,,,,3.278049,
07/27/2019 17:00:00.000000,,,,0.006916,
07/27/2019 17:01:00.000000,,,,19.2125,
07/27/2019 17:02:00.000000,,,,6.539286,
07/27/2019 17:03:00.000000,,,,0.004166,
07/27/2019 17:04:00.000000,,,,0.006134,
07/27/2019 17:05:00.000000,,,,10.706977,
07/27/2019 17:06:00.000000,,,,0.01468,
07/27/2019 17:07:00.000000,,,,11.570588,
07/27/2019 17:08:00.000000,,,,0.005842,
07/27/2019 17:10:00.000000,,,,0.006449,
07/27/2019 17:11:00.000000,,,,30.190625,
07/27/2019 17:12:00.000000,,,,0.010038,
07/27/2019 17:13:00.000000,,,,12.875,
07/27/2019 17:14:00.000000,,,,3.63913,
07/27/2019 17:15:00.000000,,,,0.022869,
07/27/2019 17:16:00.000000,,,,8.562857,
07/27/2019 17:17:00.000000,,,,0.009611,
07/27/2019 17:18:00.000000,,,,0.01605,
07/27/2019 17:19:00.000000,,,,0.008967,
07/27/2019 17:20:00.000000,,,,0.036503,
07/27/2019 17:21:00.000000,,,,7.594737,
07/27/2019 17:22:00.000000,,,,0.003239,
07/27/2019 17:23:00.000000,,,,0.008388,
07/27/2019 17:24:00.000000,,,,3.011628,
07/27/2019 17:25:00.000000,,,,0.013146,
07/27/2019 17:26:00.000000,,,,11.330233,
07/27/2019 17:27:00.000000,,,,4.855,
07/27/2019 17:28:00.000000,,,,7.327273,
07/27/2019 17:30:00.000000,,,,21.313636,
07/27/2019 17:31:00.000000,,,,7.821951,
07/27/2019 17:32:00.000000,,,,4.6,
07/27/2019 17:33:00.000000,,,,0.013715,
07/27/2019 17:34:00.000000,,,,11.022222,
07/27/2019 17:35:00.000000,,,,7.657143,
07/27/2019 17:36:00.000000,,,,0.019902,
07/27/2019 17:37:00.000000,,,,6.280435,
07/27/2019 17:38:00.000000,,,,0.016571,
07/27/2019 17:39:00.000000,,,,8.221951,
07/27/2019 17:40:00.000000,,,,5.165854,
07/27/2019 17:41:00.000000,,,,6.129545,
07/27/2019 17:42:00.000000,,,,0.008969,
07/27/2019 17:43:00.000000,,,,0.009044,
07/27/2019 17:44:00.000000,,,,0.00941,
07/27/2019 17:45:00.000000,,,,0.007902,
07/27/2019 17:46:00.000000,,,,0.008236,
07/27/2019 17:47:00.000000,,,,3.142857,
07/27/2019 17:48:00.000000,,,,0.009886,
07/27/2019 17:50:00.000000,,,,4.08,
07/27/2019 17:51:00.000000,,,,11.704878,
07/27/2019 17:52:00.000000,,,,0.005452,
07/27/2019 17:53:00.000000,,,,6.257143,
07/27/2019 17:54:00.000000,,,,0.014514,
07/27/2019 17:55:00.000000,,,,7.177273,
07/27/2019 17:56:00.000000,,,,7.518605,
07/27/2019 17:57:00.000000,,,,9.254545,
07/27/2019 17:58:00.000000,,,,0.016171,
07/27/2019 17:59:00.000000,,,,0.017917,
07/27/2019 18:00:00.000000,,,,8.415385,
07/27/2019 18:01:00.000000,,,,0.011499,
07/27/2019 18:02:00.000000,,,,0.009518,
07/27/2019 18:03:00.000000,,,,0.009798,
07/27/2019 18:04:00.000000,,,,0.007903,
07/27/2019 18:05:00.000000,,,,9.940476,
07/27/2019 18:06:00.000000,,,,0.004522,
07/27/2019 18:07:00.000000,,,,6.385714,
07/27/2019 18:08:00.000000,,,,0.004871,
07/27/2019 18:10:00.000000,,,,0.008042,
07/27/2019 18:11:00.000000,,,,2.397059,
07/27/2019 18:12:00.000000,,,,0.003511,
07/27/2019 18:13:00.000000,,,,0.016861,
07/27/2019 18:14:00.000000,,,,0.005728,
07/27/2019 18:15:00.000000,,,,13.584848,
07/27/2019 18:16:00.000000,,,,0.013954,
07/27/2019 18:17:00.000000,,,,0.010379,
07/27/2019 18:18:00.000000,,,,0.011059,
07/27/2019 18:19:00.000000,,,,6.493939,
07/27/2019 18:20:00.000000,,,,2.856098,
07/27/2019 18:21:00.000000,,,,0.006525,
07/27/2019 18:22:00.000000,,,,2.832432,
07/27/2019 18:23:00.000000,,,,0.003535,
07/27/2019 18:24:00.000000,,,,4.693023,
07/27/2019 18:25:00.000000,,,,9.609756,
07/27/2019 18:26:00.000000,,,,0.010988,
07/27/2019 18:27:00.000000,,,,0.003691,
07/27/2019 18:28:00.000000,,,,10.571053,
07/27/2019 18:29:00.000000,,,,6.65,
07/27/2019 18:30:00.000000,,,,0.009866,
07/27/2019 18:31:00.000000,,,,2.847727,
07/27/2019 18:32:00.000000,,,,0.009758,
07/27/2019 18:33:00.000000,,,,0.011196,
07/27/2019 18:34:00.000000,,,,0.00951,
07/27/2019 18:35:00.000000,,,,2.872727,
07/27/2019 18:36:00.000000,,,,0.009293,
07/27/2019 18:37:00.000000,,,,8.34878,
07/27/2019 18:38:00.000000,,,,13.552778,
07/27/2019 18:39:00.000000,,,,0.010783,
07/27/2019 18:40:00.000000,,,,0.009014,
07/27/2019 18:41:00.000000,,,,6.933333,
07/27/2019 18:42:00.000000,,,,0.019383,
07/27/2019 18:43:00.000000,,,,0.008969,
07/27/2019 18:44:00.000000,,,,0.009046,
07/27/2019 18:45:00.000000,,,,3.802778,
07/27/2019 18:46:00.000000,,,,0.014776,
07/27/2019 18:47:00.000000,,,,3.692683,
07/27/2019 18:48:00.000000,,,,15.034146,
07/27/2019 18:50:00.000000,,,,0.008497,
07/27/2019 18:51:00.000000,,,,7.905,
07/27/2019 18:52:00.000000,,,,0.006559,
07/27/2019 18:53:00.000000,,,,2.7,
07/27/2019 18:54:00.000000,,,,8.176744,
07/27/2019 18:55:00.000000,,,,3.397619,
07/27/2019 18:56:00.000000,,,,0.006013,
07/27/2019 18:57:00.000000,,,,13.265854,
07/27/2019 18:58:00.000000,,,,0.013768,
07/27/2019 18:59:00.000000,,,,0.027678,
07/27/2019 19:00:00.000000,,,,12.034146,
07/27/2019 19:01:00.000000,,,,7.097561,
07/27/2019 19:02:00.000000,,,,0.006733,
07/27/2019 19:03:00.000000,,,,0.006939,
07/27/2019 19:04:00.000000,,,,15.334146,
07/27/2019 19:05:00.000000,,,,0.009542,
07/27/2019 19:06:00.000000,,,,0.016351,
07/27/2019 19:07:00.000000,,,,0.01744,
07/27/2019 19:08:00.000000,,,,16.230952,
07/27/2019 19:09:00.000000,,,,0.009087,
07/27/2019 19:10:00.000000,,,,7.618182,
07/27/2019 19:11:00.000000,,,,15.446154,
07/27/2019 19:12:00.000000,,,,0.02746,
07/27/2019 19:13:00.000000,,,,0.019273,
07/27/2019 19:14:00.000000,,,,13.285714,
07/27/2019 19:15:00.000000,,,,0.013357,
07/27/2019 19:16:00.000000,,,,7.435135,
07/27/2019 19:17:00.000000,,,,7.24,
07/27/2019 19:18:00.000000,,,,0.007462,
07/27/2019 19:19:00.000000,,,,7.321951,
07/27/2019 19:20:00.000000,,,,0.013591,
07/27/2019 19:21:00.000000,,,,3.742105,
07/27/2019 19:22:00.000000,,,,11.57,
07/27/2019 19:23:00.000000,,,,0.007386,
07/27/2019 19:24:00.000000,,,,4.07561,
07/27/2019 19:25:00.000000,,,,13.585714,
07/27/2019 19:26:00.000000,,,,9.869231,
07/27/2019 19:27:00.000000,,,,0.012323,
07/27/2019 19:28:00.000000,,,,11.485,
07/27/2019 19:30:00.000000,,,,6.334884,
07/27/2019 19:31:00.000000,,,,0.024326,
07/27/2019 19:32:00.000000,,,,0.0147,
07/27/2019 19:33:00.000000,,,,12.966667,
07/27/2019 19:34:00.000000,,,,16.7125,
07/27/2019 19:35:00.000000,,,,0.011214,
07/27/2019 19:36:00.000000,,,,7.823256,
07/27/2019 19:37:00.000000,,,,0.025338,
07/27/2019 19:38:00.000000,,,,5.973171,
07/27/2019 19:39:00.000000,,,,0.019084,
07/27/2019 19:40:00.000000,,,,5.7,
07/27/2019 19:41:00.000000,,,,0.013561,
07/27/2019 19:42:00.000000,,,,29.958537,
07/27/2019 19:43:00.000000,,,,7.034146,
07/27/2019 19:44:00.000000,,,,11.335135,
07/27/2019 19:45:00.000000,,,,0.021133,
07/27/2019 19:46:00.000000,,,,4.592683,
07/27/2019 19:47:00.000000,,,,0.010167,
07/27/2019 19:48:00.000000,,,,3.16875,
07/27/2019 19:49:00.000000,,,,5.447059,
07/27/2019 19:50:00.000000,,,,0.009214,
07/27/2019 19:51:00.000000,,,,0.009386,
07/27/2019 19:52:00.000000,,,,3.52439,
07/27/2019 19:53:00.000000,,,,5.615385,
07/27/2019 19:54:00.000000,,,,0.003593,
07/27/2019 19:55:00.000000,,,,0.009247,
07/27/2019 19:56:00.000000,,,,3.228571,
07/27/2019 19:57:00.000000,,,,4.651163,
07/27/2019 19:58:00.000000,,,,0.010474,
07/27/2019 19:59:00.000000,,,,10.831579,
07/27/2019 20:00:00.000000,,,,2.95,
07/27/2019 20:01:00.000000,,,,0.007506,
07/27/2019 20:02:00.000000,,,,4.734146,
07/27/2019 20:03:00.000000,,,,0.004511,
07/27/2019 20:04:00.000000,,,,0.006186,
07/27/2019 20:05:00.000000,,,,6.1725,
07/27/2019 20:06:00.000000,,,,0.003842,
07/27/2019 20:07:00.000000,,,,0.002864,
07/27/2019 20:08:00.000000,,,,2.992857,
07/27/2019 20:09:00.000000,,,,0.004634,
07/27/2019 20:10:00.000000,,,,8.328571,
07/27/2019 20:11:00.000000,,,,0.010974,
07/27/2019 20:12:00.000000,,,,0.015659,
07/27/2019 20:13:00.000000,,,,8.439394,
07/27/2019 20:14:00.000000,,,,5.390909,
07/27/2019 20:15:00.000000,,,,0.006523,
07/27/2019 20:16:00.000000,,,,8.126316,
07/27/2019 20:17:00.000000,,,,13.039024,
07/27/2019 20:18:00.000000,,,,0.005994,
07/27/2019 20:19:00.000000,,,,0.007404,
07/27/2019 20:20:00.000000,,,,19.109302,
07/27/2019 20:21:00.000000,,,,0.015025,
07/27/2019 20:22:00.000000,,,,0.004879,
07/27/2019 20:23:00.000000,,,,16.832558,
07/27/2019 20:24:00.000000,,,,15.571429,
07/27/2019 20:25:00.000000,,,,0.011959,
07/27/2019 20:26:00.000000,,,,9.891429,
07/27/2019 20:27:00.000000,,,,0.010051,
07/27/2019 20:28:00.000000,,,,0.010872,
07/27/2019 20:30:00.000000,,,,0.014464,
07/27/2019 20:31:00.000000,,,,0.006304,
07/27/2019 20:32:00.000000,,,,0.010146,
07/27/2019 20:33:00.000000,,,,3.563158,
07/27/2019 20:34:00.000000,,,,7.53,
07/27/2019 20:35:00.000000,,,,0.015394,
07/27/2019 20:36:00.000000,,,,22.714286,
07/27/2019 20:37:00.000000,,,,0.020759,
07/27/2019 20:38:00.000000,,,,6.972727,
07/27/2019 20:39:00.000000,,,,5.360976,
07/27/2019 20:40:00.000000,,,,3.815,
07/27/2019 20:41:00.000000,,,,2.868293,
07/27/2019 20:42:00.000000,,,,0.006302,
07/27/2019 20:43:00.000000,,,,2.909756,
07/27/2019 20:44:00.000000,,,,0.016345,
07/27/2019 20:45:00.000000,,,,0.00671,
07/27/2019 20:46:00.000000,,,,0.01102,
07/27/2019 20:47:00.000000,,,,0.005177,
07/27/2019 20:48:00.000000,,,,0.007166,
07/27/2019 20:49:00.000000,,,,0.019544,
07/27/2019 20:50:00.000000,,,,8.378049,
07/27/2019 20:51:00.000000,,,,13.573171,
07/27/2019 20:52:00.000000,,,,7.329268,
07/27/2019 20:53:00.000000,,,,7.913636,
07/27/2019 20:54:00.000000,,,,0.018877,
07/27/2019 20:55:00.000000,,,,0.00749,
07/27/2019 20:56:00.000000,,,,12.4625,
07/27/2019 20:57:00.000000,,,,5.397674,
07/27/2019 20:58:00.000000,,,,0.017719,
07/27/2019 20:59:00.000000,,,,11.927273,
07/27/2019 21:00:00.000000,,,,7.068182,
07/27/2019 21:01:00.000000,,,,8.336842,
07/27/2019 21:02:00.000000,,,,7.02093,
07/27/2019 21:03:00.000000,,,,7.65,
07/27/2019 21:04:00.000000,,,,0.005394,
07/27/2019 21:05:00.000000,,,,0.014178,
07/27/2019 21:06:00.000000,,,,0.005884,
07/27/2019 21:07:00.000000,,,,2.492308,
07/27/2019 21:08:00.000000,,,,4.1,
07/27/2019 21:10:00.000000,,,,0.00396,
07/27/2019 21:11:00.000000,,,,2.44186,
07/27/2019 21:12:00.000000,,,,0.00807,
07/27/2019 21:13:00.000000,,,,0.004067,
07/27/2019 21:14:00.000000,,,,0.004557,
07/27/2019 21:15:00.000000,,,,0.010391,
07/27/2019 21:16:00.000000,,,,3.702632,
07/27/2019 21:17:00.000000,,,,0.007104,
07/27/2019 21:18:00.000000,,,,8.119512,
07/27/2019 21:19:00.000000,,,,2.938095,
07/27/2019 21:20:00.000000,,,,0.006103,
07/27/2019 21:21:00.000000,,,,0.008783,
07/27/2019 21:22:00.000000,,,,0.004083,
07/27/2019 21:23:00.000000,,,,5.217073,
07/27/2019 21:24:00.000000,,,,5.788372,
07/27/2019 21:25:00.000000,,,,9.485714,
07/27/2019 21:26:00.000000,,,,0.006287,
07/27/2019 21:27:00.000000,,,,4.41,
07/27/2019 21:28:00.000000,,,,2.794118,
07/27/2019 21:29:00.000000,,,,0.009144,
07/27/2019 21:30:00.000000,,,,4.8,
07/27/2019 21:31:00.000000,,,,0.005684,
07/27/2019 21:32:00.000000,,,,0.010327,
07/27/2019 21:33:00.000000,,,,6.727273,
07/27/2019 21:34:00.000000,,,,6.826829,
07/27/2019 21:35:00.000000,,,,2.935714,
07/27/2019 21:36:00.000000,,,,2.145,
07/27/2019 21:37:00.000000,,,,0.005892,
07/27/2019 21:38:00.000000,,,,3.904878,
07/27/2019 21:39:00.000000,,,,0.004744,
07/27/2019 21:40:00.000000,,,,0.003217,
07/27/2019 21:41:00.000000,,,,0.009597,
07/27/2019 21:42:00.000000,,,,10.651163,
07/27/2019 21:43:00.000000,,,,0.003762,
07/27/2019 21:44:00.000000,,,,6.515385,
07/27/2019 21:45:00.000000,,,,0.006583,
07/27/2019 21:46:00.000000,,,,0.017697,
07/27/2019 21:47:00.000000,,,,0.009908,
07/27/2019 21:48:00.000000,,,,8.523077,
07/27/2019 21:49:00.000000,,,,6.734884,
07/27/2019 21:50:00.000000,,,,0.006285,
07/27/2019 21:51:00.000000,,,,5.917073,
07/27/2019 21:52:00.000000,,,,0.009426,
07/27/2019 21:53:00.000000,,,,2.805128,
07/27/2019 21:54:00.000000,,,,3.92439,
07/27/2019 21:55:00.000000,,,,10.9,
07/27/2019 21:56:00.000000,,,,6.52093,
07/27/2019 21:57:00.000000,,,,0.007203,
07/27/2019 21:58:00.000000,,,,0.018349,
07/27/2019 21:59:00.000000,,,,3.569767,
07/27/2019 22:00:00.000000,,,,2.382927,
07/27/2019 22:01:00.000000,,,,0.010756,
07/27/2019 22:02:00.000000,,,,0.013917,
07/27/2019 22:03:00.000000,,,,3.580645,
07/27/2019 22:04:00.000000,,,,1.993548,
07/27/2019 22:05:00.000000,,,,0.003518,
07/27/2019 22:06:00.000000,,,,0.009043,
07/27/2019 22:07:00.000000,,,,3.435714,
07/27/2019 22:08:00.000000,,,,3.335897,
07/27/2019 22:09:00.000000,,,,5.331707,
07/27/2019 22:10:00.000000,,,,6.276923,
07/27/2019 22:11:00.000000,,,,0.01926,
07/27/2019 22:12:00.000000,,,,0.005952,
07/27/2019 22:13:00.000000,,,,0.002046,
07/27/2019 22:14:00.000000,,,,3.960976,
07/27/2019 22:15:00.000000,,,,1.805263,
07/27/2019 22:16:00.000000,,,,3.134884,
07/27/2019 22:17:00.000000,,,,0.002616,
07/27/2019 22:18:00.000000,,,,2.246667,
07/27/2019 22:19:00.000000,,,,0.00463,
07/27/2019 22:20:00.000000,,,,3.614634,
07/27/2019 22:21:00.000000,,,,1.918182,
07/27/2019 22:22:00.000000,,,,0.002538,
07/27/2019 22:23:00.000000,,,,3.6625,
07/27/2019 22:24:00.000000,,,,0.00314,
07/27/2019 22:25:00.000000,,,,0.002495,
07/27/2019 22:26:00.000000,,,,0.01828,
07/27/2019 22:27:00.000000,,,,3.211111,
07/27/2019 22:28:00.000000,,,,1.614634,
07/27/2019 22:29:00.000000,,,,0.001588,
07/27/2019 22:30:00.000000,,,,0.002371,
07/27/2019 22:31:00.000000,,,,3.221429,
07/27/2019 22:32:00.000000,,,,0.001663,
07/27/2019 22:33:00.000000,,,,1.441463,
07/27/2019 22:34:00.000000,,,,7.45,
07/27/2019 22:35:00.000000,,,,0.006694,
07/27/2019 22:36:00.000000,,,,0.006889,
07/27/2019 22:37:00.000000,,,,0.001758,
07/27/2019 22:38:00.000000,,,,0.001287,
07/27/2019 22:39:00.000000,,,,0.006243,
07/27/2019 22:40:00.000000,,,,0.00221,
07/27/2019 22:41:00.000000,,,,0.005106,
07/27/2019 22:42:00.000000,,,,4.032558,
07/27/2019 22:43:00.000000,,,,2.555,
07/27/2019 22:44:00.000000,,,,0.01358,
07/27/2019 22:45:00.000000,,,,7.031707,
07/27/2019 22:46:00.000000,,,,0.009761,
07/27/2019 22:47:00.000000,,,,0.014867,
07/27/2019 22:48:00.000000,,,,2.694737,
07/27/2019 22:50:00.000000,,,,0.055229,
07/27/2019 22:51:00.000000,,,,13.569231,
07/27/2019 22:52:00.000000,,,,3.482051,
07/27/2019 22:53:00.000000,,,,3.937209,
07/27/2019 22:54:00.000000,,,,0.016329,
07/27/2019 22:55:00.000000,,,,0.004505,
07/27/2019 22:56:00.000000,,,,0.011931,
07/27/2019 22:57:00.000000,,,,7.060465,
07/27/2019 22:58:00.000000,,,,3.167442,
07/27/2019 22:59:00.000000,,,,0.003794,
07/27/2019 23:00:00.000000,,,,0.003142,
07/27/2019 23:01:00.000000,,,,0.006444,
07/27/2019 23:02:00.000000,,,,7.125,
07/27/2019 23:03:00.000000,,,,15.9625,
07/27/2019 23:04:00.000000,,,,0.012226,
07/27/2019 23:05:00.000000,,,,0.009608,
07/27/2019 23:06:00.000000,,,,0.021966,
07/27/2019 23:07:00.000000,,,,15.615,
07/27/2019 23:08:00.000000,,,,15.423077,
07/27/2019 23:10:00.000000,,,,0.027268,
07/27/2019 23:11:00.000000,,,,0.014753,
07/27/2019 23:12:00.000000,,,,7.02,
07/27/2019 23:13:00.000000,,,,0.005664,
07/27/2019 23:14:00.000000,,,,6.975,
07/27/2019 23:15:00.000000,,,,0.004551,
07/27/2019 23:16:00.000000,,,,9.82439,
07/27/2019 23:17:00.000000,,,,11.565,
07/27/2019 23:18:00.000000,,,,10.753488,
07/27/2019 23:19:00.000000,,,,4.395,
07/27/2019 23:20:00.000000,,,,0.008177,
07/27/2019 23:21:00.000000,,,,5.671429,
07/27/2019 23:22:00.000000,,,,14.54878,
07/27/2019 23:23:00.000000,,,,0.009461,
07/27/2019 23:24:00.000000,,,,0.004105,
07/27/2019 23:25:00.000000,,,,16.487805,
07/27/2019 23:26:00.000000,,,,0.006544,
07/27/2019 23:27:00.000000,,,,0.013131,
07/27/2019 23:28:00.000000,,,,5.537838,
07/27/2019 23:30:00.000000,,,,10.7875,
07/27/2019 23:31:00.000000,,,,4.066667,
07/27/2019 23:32:00.000000,,,,11.45,
07/27/2019 23:33:00.000000,,,,0.0416,
07/27/2019 23:34:00.000000,,,,8.623077,
07/27/2019 23:35:00.000000,,,,0.00821,
07/27/2019 23:36:00.000000,,,,3.647826,
07/27/2019 23:37:00.000000,,,,0.00335,
07/27/2019 23:38:00.000000,,,,0.008876,
07/27/2019 23:39:00.000000,,,,7.570732,
07/27/2019 23:40:00.000000,,,,0.010682,
07/27/2019 23:41:00.000000,,,,3.463158,
07/27/2019 23:42:00.000000,,,,0.011771,
07/27/2019 23:43:00.000000,,,,0.005722,
07/27/2019 23:44:00.000000,,,,0.009033,
07/27/2019 23:45:00.000000,,,,0.010954,
07/27/2019 23:46:00.000000,,,,0.006712,
07/27/2019 23:47:00.000000,,,,0.005403,
07/27/2019 23:48:00.000000,,,,4.631818,
07/27/2019 23:50:00.000000,,,,0.00859,
07/27/2019 23:51:00.000000,,,,9.025581,
07/27/2019 23:52:00.000000,,,,0.009286,
07/27/2019 23:53:00.000000,,,,0.007155,
07/27/2019 23:54:00.000000,,,,0.008517,
07/27/2019 23:55:00.000000,,,,5.240541,
07/27/2019 23:56:00.000000,,,,0.008621,
07/27/2019 23:57:00.000000,,,,3.986842,
07/27/2019 23:58:00.000000,,,,0.003689,
07/27/2019 23:59:00.000000,,,,8.116667,
07/28/2019 00:00:00.000000,,,,0.008284,
07/28/2019 00:01:00.000000,,,,0.00489,
07/28/2019 00:02:00.000000,,,,3.3125,
07/28/2019 00:03:00.000000,,,,6.351282,
07/28/2019 00:04:00.000000,,,,6.275,
07/28/2019 00:05:00.000000,,,,0.016378,
07/28/2019 00:06:00.000000,,,,7.572727,
07/28/2019 00:07:00.000000,,,,3.471429,
07/28/2019 00:08:00.000000,,,,0.005474,
07/28/2019 00:10:00.000000,,,,0.006947,
07/28/2019 00:11:00.000000,,,,3.465854,
07/28/2019 00:12:00.000000,,,,0.020652,
07/28/2019 00:13:00.000000,,,,0.013673,
07/28/2019 00:14:00.000000,,,,11.075,
07/28/2019 00:15:00.000000,,,,7.333333,
07/28/2019 00:16:00.000000,,,,7.204762,
07/28/2019 00:17:00.000000,,,,0.024273,
07/28/2019 00:18:00.000000,,,,0.011915,
07/28/2019 00:19:00.000000,,,,0.065682,
07/28/2019 00:20:00.000000,,,,0.020736,
07/28/2019 00:21:00.000000,,,,6.14,
07/28/2019 00:22:00.000000,,,,0.010597,
07/28/2019 00:23:00.000000,,,,0.024368,
07/28/2019 00:24:00.000000,,,,16.237209,
07/28/2019 00:25:00.000000,,,,0.011017,
07/28/2019 00:26:00.000000,,,,0.009955,
07/28/2019 00:27:00.000000,,,,0.010079,
07/28/2019 00:28:00.000000,,,,0.011339,
07/28/2019 00:30:00.000000,,,,7.375,
07/28/2019 00:31:00.000000,,,,0.014825,
07/28/2019 00:32:00.000000,,,,5.603226,
07/28/2019 00:33:00.000000,,,,21.390909,
07/28/2019 00:34:00.000000,,,,16.095122,
07/28/2019 00:35:00.000000,,,,11.445,
07/28/2019 00:36:00.000000,,,,0.01705,
07/28/2019 00:37:00.000000,,,,22.853333,
07/28/2019 00:38:00.000000,,,,6.869767,
07/28/2019 00:39:00.000000,,,,0.003985,
07/28/2019 00:40:00.000000,,,,0.005264,
07/28/2019 00:41:00.000000,,,,3.125,
07/28/2019 00:42:00.000000,,,,15.960465,
07/28/2019 00:43:00.000000,,,,0.00723,
07/28/2019 00:44:00.000000,,,,0.004022,
07/28/2019 00:45:00.000000,,,,11.159459,
07/28/2019 00:46:00.000000,,,,6.290244,
07/28/2019 00:47:00.000000,,,,3.506977,
07/28/2019 00:48:00.000000,,,,0.004545,
07/28/2019 00:50:00.000000,,,,0.018327,
07/28/2019 00:51:00.000000,,,,8.695238,
07/28/2019 00:52:00.000000,,,,5.157895,
07/28/2019 00:53:00.000000,,,,14.332558,
07/28/2019 00:54:00.000000,,,,0.007037,
07/28/2019 00:55:00.000000,,,,7.238462,
07/28/2019 00:56:00.000000,,,,5.441463,
07/28/2019 00:57:00.000000,,,,0.019709,
07/28/2019 00:58:00.000000,,,,8.610256,
07/28/2019 00:59:00.000000,,,,0.006933,
07/28/2019 01:00:00.000000,,,,0.008545,
07/28/2019 01:01:00.000000,,,,0.012064,
07/28/2019 01:02:00.000000,,,,4.7,
07/28/2019 01:03:00.000000,,,,0.008703,
07/28/2019 01:04:00.000000,,,,0.004215,
07/28/2019 01:05:00.000000,,,,0.006436,
07/28/2019 01:06:00.000000,,,,0.010027,
07/28/2019 01:07:00.000000,,,,0.023959,
07/28/2019 01:08:00.000000,,,,0.02104,
07/28/2019 01:10:00.000000,,,,3.6,
07/28/2019 01:11:00.000000,,,,6.051282,
07/28/2019 01:12:00.000000,,,,4.280488,
07/28/2019 01:13:00.000000,,,,0.008956,
07/28/2019 01:14:00.000000,,,,4.92439,
07/28/2019 01:15:00.000000,,,,6.510811,
07/28/2019 01:16:00.000000,,,,12.44878,
07/28/2019 01:17:00.000000,,,,5.615385,
07/28/2019 01:18:00.000000,,,,0.012914,
07/28/2019 01:19:00.000000,,,,0.007717,
07/28/2019 01:20:00.000000,,,,6.635,
07/28/2019 01:21:00.000000,,,,4.295455,
07/28/2019 01:22:00.000000,,,,4.156098,
07/28/2019 01:23:00.000000,,,,0.00841,
07/28/2019 01:24:00.000000,,,,0.009502,
07/28/2019 01:25:00.000000,,,,0.004032,
07/28/2019 01:26:00.000000,,,,0.013806,
07/28/2019 01:27:00.000000,,,,0.013586,
07/28/2019 01:28:00.000000,,,,7.045,
07/28/2019 01:29:00.000000,,,,0.02028,
07/28/2019 01:30:00.000000,,,,0.009395,
07/28/2019 01:31:00.000000,,,,0.00992,
07/28/2019 01:32:00.000000,,,,7.825641,
07/28/2019 01:33:00.000000,,,,4.485,
07/28/2019 01:34:00.000000,,,,10.046341,
07/28/2019 01:35:00.000000,,,,5.444186,
07/28/2019 01:36:00.000000,,,,0.008913,
07/28/2019 01:37:00.000000,,,,0.004918,
07/28/2019 01:38:00.000000,,,,6.465789,
07/28/2019 01:39:00.000000,,,,0.006943,
07/28/2019 01:40:00.000000,,,,0.018651,
07/28/2019 01:41:00.000000,,,,4.74186,
07/28/2019 01:42:00.000000,,,,3.709091,
07/28/2019 01:43:00.000000,,,,5.245,
07/28/2019 01:44:00.000000,,,,3.885,
07/28/2019 01:45:00.000000,,,,4.795122,
07/28/2019 01:46:00.000000,,,,0.014117,
07/28/2019 01:47:00.000000,,,,5.675,
07/28/2019 01:48:00.000000,,,,7.466667,
07/28/2019 01:50:00.000000,,,,0.006151,
07/28/2019 01:51:00.000000,,,,0.013388,
07/28/2019 01:52:00.000000,,,,0.006809,
07/28/2019 01:53:00.000000,,,,0.008796,
07/28/2019 01:54:00.000000,,,,0.010992,
07/28/2019 01:55:00.000000,,,,8.987179,
07/28/2019 01:56:00.000000,,,,0.005888,
07/28/2019 01:57:00.000000,,,,4.125,
07/28/2019 01:58:00.000000,,,,0.004795,
07/28/2019 01:59:00.000000,,,,0.004993,
07/28/2019 02:00:00.000000,,,,5.365854,
07/28/2019 02:01:00.000000,,,,4.622222,
07/28/2019 02:02:00.000000,,,,4.325,
07/28/2019 02:03:00.000000,,,,0.006531,
07/28/2019 02:04:00.000000,,,,4.685366,
07/28/2019 02:05:00.000000,,,,3.736364,
07/28/2019 02:06:00.000000,,,,5.707317,
07/28/2019 02:07:00.000000,,,,0.008429,
07/28/2019 02:08:00.000000,,,,4.4,
07/28/2019 02:09:00.000000,,,,3.204651,
07/28/2019 02:10:00.000000,,,,0.003991,
07/28/2019 02:11:00.000000,,,,3.372727,
07/28/2019 02:12:00.000000,,,,3.486047,
07/28/2019 02:13:00.000000,,,,0.004949,
07/28/2019 02:14:00.000000,,,,0.004886,
07/28/2019 02:15:00.000000,,,,3.557143,
07/28/2019 02:16:00.000000,,,,5.6875,
07/28/2019 02:17:00.000000,,,,9.514286,
07/28/2019 02:18:00.000000,,,,0.007117,
07/28/2019 02:19:00.000000,,,,0.010551,
07/28/2019 02:20:00.000000,,,,7.12,
07/28/2019 02:21:00.000000,,,,0.005504,
07/28/2019 02:22:00.000000,,,,0.007877,
07/28/2019 02:23:00.000000,,,,15.121875,
07/28/2019 02:24:00.000000,,,,5.44878,
07/28/2019 02:25:00.000000,,,,4.1875,
07/28/2019 02:26:00.000000,,,,0.006628,
07/28/2019 02:27:00.000000,,,,0.005592,
07/28/2019 02:28:00.000000,,,,4.23,
07/28/2019 02:29:00.000000,,,,8.15814,
07/28/2019 02:30:00.000000,,,,15.802273,
07/28/2019 02:31:00.000000,,,,0.008366,
07/28/2019 02:32:00.000000,,,,0.008605,
07/28/2019 02:33:00.000000,,,,0.007472,
07/28/2019 02:34:00.000000,,,,7.871429,
07/28/2019 02:35:00.000000,,,,8.285366,
07/28/2019 02:36:00.000000,,,,0.006235,
07/28/2019 02:37:00.000000,,,,0.007567,
07/28/2019 02:38:00.000000,,,,0.008521,
07/28/2019 02:39:00.000000,,,,9.027273,
07/28/2019 02:40:00.000000,,,,10.405,
07/28/2019 02:41:00.000000,,,,5.7875,
07/28/2019 02:42:00.000000,,,,0.00521,
07/28/2019 02:43:00.000000,,,,8.0375,
07/28/2019 02:44:00.000000,,,,0.010825,
07/28/2019 02:45:00.000000,,,,4.15,
07/28/2019 02:46:00.000000,,,,0.004816,
07/28/2019 02:47:00.000000,,,,0.010109,
07/28/2019 02:48:00.000000,,,,6.320513,
07/28/2019 02:49:00.000000,,,,4.586047,
07/28/2019 02:50:00.000000,,,,0.008677,
07/28/2019 02:51:00.000000,,,,4.902326,
07/28/2019 02:52:00.000000,,,,6.004878,
07/28/2019 02:53:00.000000,,,,8.078049,
07/28/2019 02:54:00.000000,,,,0.005659,
07/28/2019 02:55:00.000000,,,,4.025641,
07/28/2019 02:56:00.000000,,,,4.175,
07/28/2019 02:57:00.000000,,,,0.004654,
07/28/2019 02:58:00.000000,,,,4.89,
07/28/2019 02:59:00.000000,,,,0.01136,
07/28/2019 03:00:00.000000,,,,7.297619,
07/28/2019 03:01:00.000000,,,,0.005856,
07/28/2019 03:02:00.000000,,,,11.059091,
07/28/2019 03:03:00.000000,,,,0.010448,
07/28/2019 03:04:00.000000,,,,6.7375,
07/28/2019 03:05:00.000000,,,,4.985,
07/28/2019 03:06:00.000000,,,,5.642857,
07/28/2019 03:07:00.000000,,,,6.4,
07/28/2019 03:08:00.000000,,,,4.310526,
07/28/2019 03:09:00.000000,,,,5.605128,
07/28/2019 03:10:00.000000,,,,6.416667,
07/28/2019 03:11:00.000000,,,,0.007256,
07/28/2019 03:12:00.000000,,,,7.966667,
07/28/2019 03:13:00.000000,,,,7.181395,
07/28/2019 03:14:00.000000,,,,0.011091,
07/28/2019 03:15:00.000000,,,,0.008562,
07/28/2019 03:16:00.000000,,,,4.029268,
07/28/2019 03:17:00.000000,,,,0.00512,
07/28/2019 03:18:00.000000,,,,5.668182,
07/28/2019 03:19:00.000000,,,,4.534146,
07/28/2019 03:20:00.000000,,,,3.689744,
07/28/2019 03:21:00.000000,,,,3.771429,
07/28/2019 03:22:00.000000,,,,0.005452,
07/28/2019 03:23:00.000000,,,,6.557143,
07/28/2019 03:24:00.000000,,,,0.005675,
07/28/2019 03:25:00.000000,,,,0.006749,
07/28/2019 03:26:00.000000,,,,12.239535,
07/28/2019 03:27:00.000000,,,,0.007308,
07/28/2019 03:28:00.000000,,,,8.364286,
07/28/2019 03:29:00.000000,,,,6.555814,
07/28/2019 03:30:00.000000,,,,0.007888,
07/28/2019 03:31:00.000000,,,,0.008054,
07/28/2019 03:32:00.000000,,,,7.505405,
07/28/2019 03:33:00.000000,,,,0.008633,
07/28/2019 03:34:00.000000,,,,4.780488,
07/28/2019 03:35:00.000000,,,,6.728571,
07/28/2019 03:36:00.000000,,,,4.280952,
07/28/2019 03:37:00.000000,,,,7.071429,
07/28/2019 03:38:00.000000,,,,0.006025,
07/28/2019 03:39:00.000000,,,,5.077273,
07/28/2019 03:40:00.000000,,,,6.071795,
07/28/2019 03:41:00.000000,,,,6.023256,
07/28/2019 03:42:00.000000,,,,8.5,
07/28/2019 03:43:00.000000,,,,8.49,
07/28/2019 03:44:00.000000,,,,8.995,
07/28/2019 03:45:00.000000,,,,8.495455,
07/28/2019 03:46:00.000000,,,,14.546341,
07/28/2019 03:47:00.000000,,,,10.979487,
07/28/2019 03:48:00.000000,,,,7.945455,
07/28/2019 03:49:00.000000,,,,5.142105,
07/28/2019 03:50:00.000000,,,,0.005497,
07/28/2019 03:51:00.000000,,,,4.907692,
07/28/2019 03:52:00.000000,,,,4.743902,
07/28/2019 03:53:00.000000,,,,10.231707,
07/28/2019 03:54:00.000000,,,,6.140541,
07/28/2019 03:55:00.000000,,,,0.011428,
07/28/2019 03:56:00.000000,,,,0.00764,
07/28/2019 03:57:00.000000,,,,0.011874,
07/28/2019 03:58:00.000000,,,,0.008882,
07/28/2019 03:59:00.000000,,,,8.761538,
07/28/2019 04:00:00.000000,,,,0.010652,
07/28/2019 04:01:00.000000,,,,12.66087,
07/28/2019 04:02:00.000000,,,,26.873171,
07/28/2019 04:03:00.000000,,,,11.114286,
07/28/2019 04:04:00.000000,,,,10.723077,
07/28/2019 04:05:00.000000,,,,9.5375,
07/28/2019 04:06:00.000000,,,,0.019638,
07/28/2019 04:07:00.000000,,,,0.021967,
07/28/2019 04:08:00.000000,,,,0.028488,
07/28/2019 04:09:00.000000,,,,0.026791,
07/28/2019 04:10:00.000000,,,,22.278049,
07/28/2019 04:11:00.000000,,,,25.051163,
07/28/2019 04:12:00.000000,,,,25.047619,
07/28/2019 04:13:00.000000,,,,0.026025,
07/28/2019 04:14:00.000000,,,,0.032546,
07/28/2019 04:15:00.000000,,,,26.74359,
07/28/2019 04:16:00.000000,,,,0.030414,
07/28/2019 04:17:00.000000,,,,0.029389,
07/28/2019 04:18:00.000000,,,,0.024648,
07/28/2019 04:19:00.000000,,,,35.762791,
07/28/2019 04:20:00.000000,,,,0.032671,
07/28/2019 04:21:00.000000,,,,0.042805,
07/28/2019 04:22:00.000000,,,,0.036335,
07/28/2019 04:23:00.000000,,,,20.590244,
07/28/2019 04:24:00.000000,,,,23.210256,
07/28/2019 04:25:00.000000,,,,17.482927,
07/28/2019 04:26:00.000000,,,,0.020373,
07/28/2019 04:27:00.000000,,,,0.031418,
07/28/2019 04:28:00.000000,,,,22.53,
07/28/2019 04:29:00.000000,,,,0.012857,
07/28/2019 04:30:00.000000,,,,13.778049,
07/28/2019 04:31:00.000000,,,,0.0303,
07/28/2019 04:32:00.000000,,,,0.01617,
07/28/2019 04:33:00.000000,,,,9.746154,
07/28/2019 04:34:00.000000,,,,9.67619,
07/28/2019 04:35:00.000000,,,,0.010455,
07/28/2019 04:36:00.000000,,,,0.014068,
07/28/2019 04:37:00.000000,,,,0.010538,
07/28/2019 04:38:00.000000,,,,7.938462,
07/28/2019 04:39:00.000000,,,,0.01619,
07/28/2019 04:40:00.000000,,,,11.97,
07/28/2019 04:41:00.000000,,,,0.011573,
07/28/2019 04:42:00.000000,,,,14.022727,
07/28/2019 04:43:00.000000,,,,0.008706,
07/28/2019 04:44:00.000000,,,,7.671429,
07/28/2019 04:45:00.000000,,,,11.34186,
07/28/2019 04:46:00.000000,,,,0.014555,
07/28/2019 04:47:00.000000,,,,8.539024,
07/28/2019 04:48:00.000000,,,,7.757143,
07/28/2019 04:49:00.000000,,,,0.007288,
07/28/2019 04:50:00.000000,,,,0.012774,
07/28/2019 04:51:00.000000,,,,5.486047,
07/28/2019 04:52:00.000000,,,,0.008126,
07/28/2019 04:53:00.000000,,,,5.2125,
07/28/2019 04:54:00.000000,,,,5.757895,
07/28/2019 04:55:00.000000,,,,7.94,
07/28/2019 04:56:00.000000,,,,0.005983,
07/28/2019 04:57:00.000000,,,,11.746512,
07/28/2019 04:58:00.000000,,,,6.5,
07/28/2019 04:59:00.000000,,,,0.008882,
07/28/2019 05:00:00.000000,,,,0.016946,
07/28/2019 05:01:00.000000,,,,0.012076,
07/28/2019 05:02:00.000000,,,,0.011464,
07/28/2019 05:03:00.000000,,,,10.5125,
07/28/2019 05:04:00.000000,,,,9.554762,
07/28/2019 05:05:00.000000,,,,5.371429,
07/28/2019 05:06:00.000000,,,,16.064286,
07/28/2019 05:07:00.000000,,,,8.752778,
07/28/2019 05:08:00.000000,,,,0.007048,
07/28/2019 05:09:00.000000,,,,0.008106,
07/28/2019 05:10:00.000000,,,,14.702439,
07/28/2019 05:11:00.000000,,,,0.01986,
07/28/2019 05:12:00.000000,,,,4.278125,
07/28/2019 05:13:00.000000,,,,0.00568,
07/28/2019 05:14:00.000000,,,,0.00538,
07/28/2019 05:15:00.000000,,,,0.013102,
07/28/2019 05:16:00.000000,,,,0.010842,
07/28/2019 05:17:00.000000,,,,5.729268,
07/28/2019 05:18:00.000000,,,,0.017186,
07/28/2019 05:19:00.000000,,,,7.957143,
07/28/2019 05:20:00.000000,,,,8.990476,
07/28/2019 05:21:00.000000,,,,0.006696,
07/28/2019 05:22:00.000000,,,,0.011837,
07/28/2019 05:23:00.000000,,,,0.007774,
07/28/2019 05:24:00.000000,,,,7.695,
07/28/2019 05:25:00.000000,,,,0.020026,
07/28/2019 05:26:00.000000,,,,7.587179,
07/28/2019 05:27:00.000000,,,,8.57561,
07/28/2019 05:28:00.000000,,,,12.807692,
07/28/2019 05:29:00.000000,,,,0.016291,
07/28/2019 05:30:00.000000,,,,7.559091,
07/28/2019 05:31:00.000000,,,,11.174419,
07/28/2019 05:32:00.000000,,,,9.328571,
07/28/2019 05:33:00.000000,,,,5.632432,
07/28/2019 05:34:00.000000,,,,0.006414,
07/28/2019 05:35:00.000000,,,,6.070968,
07/28/2019 05:36:00.000000,,,,0.009455,
07/28/2019 05:37:00.000000,,,,0.010345,
07/28/2019 05:38:00.000000,,,,0.00879,
07/28/2019 05:39:00.000000,,,,10.641463,
07/28/2019 05:40:00.000000,,,,10.27561,
07/28/2019 05:41:00.000000,,,,9.581818,
07/28/2019 05:42:00.000000,,,,4.742857,
07/28/2019 05:43:00.000000,,,,4.188095,
07/28/2019 05:44:00.000000,,,,0.004603,
07/28/2019 05:45:00.000000,,,,0.009568,
07/28/2019 05:46:00.000000,,,,4.460976,
07/28/2019 05:47:00.000000,,,,5.169231,
07/28/2019 05:48:00.000000,,,,4.675,
07/28/2019 05:49:00.000000,,,,0.006663,
07/28/2019 05:50:00.000000,,,,5.987879,
07/28/2019 05:51:00.000000,,,,6.443182,
07/28/2019 05:52:00.000000,,,,9.181081,
07/28/2019 05:53:00.000000,,,,0.011167,
07/28/2019 05:54:00.000000,,,,0.007867,
07/28/2019 05:55:00.000000,,,,0.025075,
07/28/2019 05:56:00.000000,,,,13.14,
07/28/2019 05:57:00.000000,,,,15.965854,
07/28/2019 05:58:00.000000,,,,0.011199,
07/28/2019 05:59:00.000000,,,,0.007141,
07/28/2019 06:00:00.000000,,,,0.015526,
07/28/2019 06:01:00.000000,,,,0.01289,
07/28/2019 06:02:00.000000,,,,11.309091,
07/28/2019 06:03:00.000000,,,,0.00987,
07/28/2019 06:04:00.000000,,,,5.721951,
07/28/2019 06:05:00.000000,,,,0.011962,
07/28/2019 06:06:00.000000,,,,0.009028,
07/28/2019 06:07:00.000000,,,,0.01076,
07/28/2019 06:08:00.000000,,,,0.016305,
07/28/2019 06:09:00.000000,,,,10.341463,
07/28/2019 06:10:00.000000,,,,12.18,
07/28/2019 06:11:00.000000,,,,8.623256,
07/28/2019 06:12:00.000000,,,,0.005514,
07/28/2019 06:13:00.000000,,,,9.175,
07/28/2019 06:14:00.000000,,,,7.646667,
07/28/2019 06:15:00.000000,,,,14.470732,
07/28/2019 06:16:00.000000,,,,16.929268,
07/28/2019 06:17:00.000000,,,,18.042857,
07/28/2019 06:18:00.000000,,,,10.635,
07/28/2019 06:19:00.000000,,,,0.009173,
07/28/2019 06:20:00.000000,,,,0.011464,
07/28/2019 06:21:00.000000,,,,0.007017,
07/28/2019 06:22:00.000000,,,,0.005566,
07/28/2019 06:23:00.000000,,,,0.008437,
07/28/2019 06:24:00.000000,,,,0.020451,
07/28/2019 06:25:00.000000,,,,10.726829,
07/28/2019 06:26:00.000000,,,,0.013081,
07/28/2019 06:27:00.000000,,,,0.007142,
07/28/2019 06:28:00.000000,,,,0.006022,
07/28/2019 06:29:00.000000,,,,0.012469,
07/28/2019 06:30:00.000000,,,,0.012376,
07/28/2019 06:31:00.000000,,,,0.012314,
07/28/2019 06:32:00.000000,,,,7.082857,
07/28/2019 06:33:00.000000,,,,0.012304,
07/28/2019 06:34:00.000000,,,,4.58125,
07/28/2019 06:35:00.000000,,,,0.008779,
07/28/2019 06:36:00.000000,,,,0.005887,
07/28/2019 06:37:00.000000,,,,0.008562,
07/28/2019 06:38:00.000000,,,,0.009453,
07/28/2019 06:39:00.000000,,,,0.006499,
07/28/2019 06:40:00.000000,,,,9.242857,
07/28/2019 06:41:00.000000,,,,0.011122,
07/28/2019 06:42:00.000000,,,,0.008904,
07/28/2019 06:43:00.000000,,,,8.92,
07/28/2019 06:44:00.000000,,,,5.953846,
07/28/2019 06:45:00.000000,,,,0.014128,
07/28/2019 06:46:00.000000,,,,0.013433,
07/28/2019 06:47:00.000000,,,,6.82381,
07/28/2019 06:48:00.000000,,,,5.538462,
07/28/2019 06:49:00.000000,,,,0.009339,
07/28/2019 06:50:00.000000,,,,0.008551,
07/28/2019 06:51:00.000000,,,,0.006292,
07/28/2019 06:52:00.000000,,,,4.56,
07/28/2019 06:53:00.000000,,,,9.9,
07/28/2019 06:54:00.000000,,,,8.7875,
07/28/2019 06:55:00.000000,,,,0.012739,
07/28/2019 06:56:00.000000,,,,0.014418,
07/28/2019 06:57:00.000000,,,,9.49,
07/28/2019 06:58:00.000000,,,,0.013143,
07/28/2019 06:59:00.000000,,,,0.014677,
07/28/2019 07:00:00.000000,,,,5.997619,
07/28/2019 07:01:00.000000,,,,10.0125,
07/28/2019 07:02:00.000000,,,,19.45,
07/28/2019 07:03:00.000000,,,,0.00795,
07/28/2019 07:04:00.000000,,,,5.187805,
07/28/2019 07:05:00.000000,,,,10.361538,
07/28/2019 07:06:00.000000,,,,5.742105,
07/28/2019 07:07:00.000000,,,,13.584211,
07/28/2019 07:08:00.000000,,,,0.009741,
07/28/2019 07:10:00.000000,,,,8.534884,
07/28/2019 07:11:00.000000,,,,0.012795,
07/28/2019 07:12:00.000000,,,,0.014079,
07/28/2019 07:13:00.000000,,,,0.01382,
07/28/2019 07:14:00.000000,,,,16.585714,
07/28/2019 07:15:00.000000,,,,6.552632,
07/28/2019 07:16:00.000000,,,,0.005486,
07/28/2019 07:17:00.000000,,,,10.232558,
07/28/2019 07:18:00.000000,,,,0.006832,
07/28/2019 07:19:00.000000,,,,0.01354,
07/28/2019 07:20:00.000000,,,,9.478049,
07/28/2019 07:21:00.000000,,,,7.35,
07/28/2019 07:22:00.000000,,,,5.256098,
07/28/2019 07:23:00.000000,,,,14.45,
07/28/2019 07:24:00.000000,,,,0.008551,
07/28/2019 07:25:00.000000,,,,0.008406,
07/28/2019 07:26:00.000000,,,,0.006335,
07/28/2019 07:27:00.000000,,,,5.732558,
07/28/2019 07:28:00.000000,,,,0.015404,
07/28/2019 07:29:00.000000,,,,7.871429,
07/28/2019 07:30:00.000000,,,,0.011573,
07/28/2019 07:31:00.000000,,,,11.623684,
07/28/2019 07:32:00.000000,,,,10.670732,
07/28/2019 07:33:00.000000,,,,8.45122,
07/28/2019 07:34:00.000000,,,,0.012754,
07/28/2019 07:35:00.000000,,,,8.97027,
07/28/2019 07:36:00.000000,,,,8.171429,
07/28/2019 07:37:00.000000,,,,8.275,
07/28/2019 07:38:00.000000,,,,8.473333,
07/28/2019 07:39:00.000000,,,,5.842857,
07/28/2019 07:40:00.000000,,,,5.143902,
07/28/2019 07:41:00.000000,,,,0.010787,
07/28/2019 07:42:00.000000,,,,0.014265,
07/28/2019 07:43:00.000000,,,,0.014368,
07/28/2019 07:44:00.000000,,,,0.014803,
07/28/2019 07:45:00.000000,,,,0.015631,
07/28/2019 07:46:00.000000,,,,0.009151,
07/28/2019 07:47:00.000000,,,,8.1375,
07/28/2019 07:48:00.000000,,,,0.005976,
07/28/2019 07:50:00.000000,,,,0.007878,
07/28/2019 07:51:00.000000,,,,5.092683,
07/28/2019 07:52:00.000000,,,,0.005955,
07/28/2019 07:53:00.000000,,,,7.019512,
07/28/2019 07:54:00.000000,,,,9.192683,
07/28/2019 07:55:00.000000,,,,6.426829,
07/28/2019 07:56:00.000000,,,,0.008064,
07/28/2019 07:57:00.000000,,,,10.612195,
07/28/2019 07:58:00.000000,,,,0.006286,
07/28/2019 07:59:00.000000,,,,4.692308,
07/28/2019 08:00:00.000000,,,,14.5,
07/28/2019 08:01:00.000000,,,,13.815789,
07/28/2019 08:02:00.000000,,,,0.008901,
07/28/2019 08:03:00.000000,,,,4.457143,
07/28/2019 08:04:00.000000,,,,0.011083,
07/28/2019 08:05:00.000000,,,,9.468182,
07/28/2019 08:06:00.000000,,,,8.2,
07/28/2019 08:07:00.000000,,,,9.184615,
07/28/2019 08:08:00.000000,,,,0.013213,
07/28/2019 08:09:00.000000,,,,0.005784,
07/28/2019 08:10:00.000000,,,,0.006897,
07/28/2019 08:11:00.000000,,,,0.005132,
07/28/2019 08:12:00.000000,,,,0.010945,
07/28/2019 08:13:00.000000,,,,7.77381,
07/28/2019 08:14:00.000000,,,,0.012473,
07/28/2019 08:15:00.000000,,,,0.009695,
07/28/2019 08:16:00.000000,,,,10.585366,
07/28/2019 08:17:00.000000,,,,5.438636,
07/28/2019 08:18:00.000000,,,,7.367442,
07/28/2019 08:19:00.000000,,,,0.005008,
07/28/2019 08:20:00.000000,,,,7.865,
07/28/2019 08:21:00.000000,,,,6.534884,
07/28/2019 08:22:00.000000,,,,0.02063,
07/28/2019 08:23:00.000000,,,,6.97561,
07/28/2019 08:24:00.000000,,,,0.011585,
07/28/2019 08:25:00.000000,,,,6.385714,
07/28/2019 08:26:00.000000,,,,0.007992,
07/28/2019 08:27:00.000000,,,,5.276744,
07/28/2019 08:28:00.000000,,,,0.005059,
07/28/2019 08:30:00.000000,,,,0.004393,
07/28/2019 08:31:00.000000,,,,0.00398,
07/28/2019 08:32:00.000000,,,,3.640476,
07/28/2019 08:33:00.000000,,,,0.008889,
07/28/2019 08:34:00.000000,,,,5.77907,
07/28/2019 08:35:00.000000,,,,0.006579,
07/28/2019 08:36:00.000000,,,,6.225,
07/28/2019 08:37:00.000000,,,,0.007579,
07/28/2019 08:38:00.000000,,,,4.4,
07/28/2019 08:39:00.000000,,,,0.007342,
07/28/2019 08:40:00.000000,,,,0.006187,
07/28/2019 08:41:00.000000,,,,6.180488,
07/28/2019 08:42:00.000000,,,,4.248837,
07/28/2019 08:43:00.000000,,,,3.476923,
07/28/2019 08:44:00.000000,,,,4.177273,
07/28/2019 08:45:00.000000,,,,0.006228,
07/28/2019 08:46:00.000000,,,,3.307317,
07/28/2019 08:47:00.000000,,,,0.005301,
07/28/2019 08:48:00.000000,,,,0.004424,
07/28/2019 08:50:00.000000,,,,5.946341,
07/28/2019 08:51:00.000000,,,,4.165116,
07/28/2019 08:52:00.000000,,,,6.45,
07/28/2019 08:53:00.000000,,,,5.314286,
07/28/2019 08:54:00.000000,,,,0.011302,
07/28/2019 08:55:00.000000,,,,0.005176,
07/28/2019 08:56:00.000000,,,,6.625581,
07/28/2019 08:57:00.000000,,,,9.109302,
07/28/2019 08:58:00.000000,,,,4.804878,
07/28/2019 08:59:00.000000,,,,0.00529,
07/28/2019 09:00:00.000000,,,,0.007022,
07/28/2019 09:01:00.000000,,,,0.009105,
07/28/2019 09:02:00.000000,,,,4.152381,
07/28/2019 09:03:00.000000,,,,0.005146,
07/28/2019 09:04:00.000000,,,,15.794872,
07/28/2019 09:05:00.000000,,,,0.009745,
07/28/2019 09:06:00.000000,,,,5.858537,
07/28/2019 09:07:00.000000,,,,7.23,
07/28/2019 09:08:00.000000,,,,0.009281,
07/28/2019 09:09:00.000000,,,,0.013364,
07/28/2019 09:10:00.000000,,,,5.990476,
07/28/2019 09:11:00.000000,,,,0.005418,
07/28/2019 09:12:00.000000,,,,3.697674,
07/28/2019 09:13:00.000000,,,,0.00932,
07/28/2019 09:14:00.000000,,,,0.010103,
07/28/2019 09:15:00.000000,,,,7.773171,
07/28/2019 09:16:00.000000,,,,0.008496,
07/28/2019 09:17:00.000000,,,,4.986364,
07/28/2019 09:18:00.000000,,,,0.006601,
07/28/2019 09:19:00.000000,,,,4.816667,
07/28/2019 09:20:00.000000,,,,6.375676,
07/28/2019 09:21:00.000000,,,,5.45,
07/28/2019 09:22:00.000000,,,,0.009825,
07/28/2019 09:23:00.000000,,,,8.994286,
07/28/2019 09:24:00.000000,,,,4.935484,
07/28/2019 09:25:00.000000,,,,0.005592,
07/28/2019 09:26:00.000000,,,,4.335897,
07/28/2019 09:27:00.000000,,,,12.687097,
07/28/2019 09:28:00.000000,,,,0.011864,
07/28/2019 09:29:00.000000,,,,0.008558,
07/28/2019 09:30:00.000000,,,,0.012234,
07/28/2019 09:31:00.000000,,,,0.0083,
07/28/2019 09:32:00.000000,,,,7.675,
07/28/2019 09:33:00.000000,,,,0.007384,
07/28/2019 09:34:00.000000,,,,3.875,
07/28/2019 09:35:00.000000,,,,0.004336,
07/28/2019 09:36:00.000000,,,,0.00965,
07/28/2019 09:37:00.000000,,,,4.113043,
07/28/2019 09:38:00.000000,,,,5.25,
07/28/2019 09:39:00.000000,,,,0.00657,
07/28/2019 09:40:00.000000,,,,8.373171,
07/28/2019 09:41:00.000000,,,,0.006694,
07/28/2019 09:42:00.000000,,,,0.004717,
07/28/2019 09:43:00.000000,,,,0.007744,
07/28/2019 09:44:00.000000,,,,0.004521,
07/28/2019 09:45:00.000000,,,,0.007478,
07/28/2019 09:46:00.000000,,,,3.995122,
07/28/2019 09:47:00.000000,,,,0.008855,
07/28/2019 09:48:00.000000,,,,14.346667,
07/28/2019 09:49:00.000000,,,,7.181395,
07/28/2019 09:50:00.000000,,,,0.022123,
07/28/2019 09:51:00.000000,,,,10.242105,
07/28/2019 09:52:00.000000,,,,0.011447,
07/28/2019 09:53:00.000000,,,,5.946154,
07/28/2019 09:54:00.000000,,,,0.006202,
07/28/2019 09:55:00.000000,,,,0.006284,
07/28/2019 09:56:00.000000,,,,0.006757,
07/28/2019 09:57:00.000000,,,,3.851429,
07/28/2019 09:58:00.000000,,,,0.00469,
07/28/2019 09:59:00.000000,,,,6.669565,
07/28/2019 10:00:00.000000,,,,4.031707,
07/28/2019 10:01:00.000000,,,,3.315789,
07/28/2019 10:02:00.000000,,,,7.04,
07/28/2019 10:03:00.000000,,,,0.008598,
07/28/2019 10:04:00.000000,,,,0.012476,
07/28/2019 10:05:00.000000,,,,0.007292,
07/28/2019 10:06:00.000000,,,,0.004525,
07/28/2019 10:07:00.000000,,,,6.328571,
07/28/2019 10:08:00.000000,,,,7.24186,
07/28/2019 10:09:00.000000,,,,0.008557,
07/28/2019 10:10:00.000000,,,,0.007271,
07/28/2019 10:11:00.000000,,,,0.007498,
07/28/2019 10:12:00.000000,,,,12.107692,
07/28/2019 10:13:00.000000,,,,4.983784,
07/28/2019 10:14:00.000000,,,,0.008752,
07/28/2019 10:15:00.000000,,,,4.302326,
07/28/2019 10:16:00.000000,,,,0.00793,
07/28/2019 10:17:00.000000,,,,0.005609,
07/28/2019 10:18:00.000000,,,,0.005769,
07/28/2019 10:19:00.000000,,,,5.680952,
07/28/2019 10:20:00.000000,,,,4.230769,
07/28/2019 10:21:00.000000,,,,13.9,
07/28/2019 10:22:00.000000,,,,8.65122,
07/28/2019 10:23:00.000000,,,,0.011525,
07/28/2019 10:24:00.000000,,,,0.008433,
07/28/2019 10:25:00.000000,,,,0.01096,
07/28/2019 10:26:00.000000,,,,6.880488,
07/28/2019 10:27:00.000000,,,,0.007673,
07/28/2019 10:28:00.000000,,,,0.004591,
07/28/2019 10:29:00.000000,,,,0.005444,
07/28/2019 10:30:00.000000,,,,0.010744,
07/28/2019 10:31:00.000000,,,,0.007488,
07/28/2019 10:32:00.000000,,,,0.008844,
07/28/2019 10:33:00.000000,,,,0.009563,
07/28/2019 10:34:00.000000,,,,0.005095,
07/28/2019 10:35:00.000000,,,,0.004869,
07/28/2019 10:36:00.000000,,,,5.591892,
07/28/2019 10:37:00.000000,,,,0.005464,
07/28/2019 10:38:00.000000,,,,0.008464,
07/28/2019 10:39:00.000000,,,,0.006831,
07/28/2019 10:40:00.000000,,,,3.753333,
07/28/2019 10:41:00.000000,,,,0.007909,
07/28/2019 10:42:00.000000,,,,0.006142,
07/28/2019 10:43:00.000000,,,,0.020944,
07/28/2019 10:44:00.000000,,,,9.031818,
07/28/2019 10:45:00.000000,,,,8.994872,
07/28/2019 10:46:00.000000,,,,0.007498,
07/28/2019 10:47:00.000000,,,,0.010074,
07/28/2019 10:48:00.000000,,,,0.006842,
07/28/2019 10:49:00.000000,,,,4.002703,
07/28/2019 10:50:00.000000,,,,5.257143,
07/28/2019 10:51:00.000000,,,,0.006883,
07/28/2019 10:52:00.000000,,,,0.005991,
07/28/2019 10:53:00.000000,,,,0.004442,
07/28/2019 10:54:00.000000,,,,0.004421,
07/28/2019 10:55:00.000000,,,,5.802632,
07/28/2019 10:56:00.000000,,,,3.761538,
07/28/2019 10:57:00.000000,,,,0.00757,
07/28/2019 10:58:00.000000,,,,0.016702,
07/28/2019 10:59:00.000000,,,,4.514286,
07/28/2019 11:00:00.000000,,,,0.007077,
07/28/2019 11:01:00.000000,,,,0.004571,
07/28/2019 11:02:00.000000,,,,2.8875,
07/28/2019 11:03:00.000000,,,,6.434091,
07/28/2019 11:04:00.000000,,,,3.925,
07/28/2019 11:05:00.000000,,,,0.006112,
07/28/2019 11:06:00.000000,,,,5.371429,
07/28/2019 11:07:00.000000,,,,0.010354,
07/28/2019 11:08:00.000000,,,,0.011771,
07/28/2019 11:09:00.000000,,,,0.004828,
07/28/2019 11:10:00.000000,,,,3.580952,
07/28/2019 11:11:00.000000,,,,5.921951,
07/28/2019 11:12:00.000000,,,,9.023077,
07/28/2019 11:13:00.000000,,,,0.005721,
07/28/2019 11:14:00.000000,,,,4.797561,
07/28/2019 11:15:00.000000,,,,0.007847,
07/28/2019 11:16:00.000000,,,,0.00417,
07/28/2019 11:17:00.000000,,,,7.665854,
07/28/2019 11:18:00.000000,,,,0.010908,
07/28/2019 11:19:00.000000,,,,0.004304,
07/28/2019 11:20:00.000000,,,,3.595,
07/28/2019 11:21:00.000000,,,,0.00377,
07/28/2019 11:22:00.000000,,,,0.003585,
07/28/2019 11:23:00.000000,,,,4.706977,
07/28/2019 11:24:00.000000,,,,0.009666,
07/28/2019 11:25:00.000000,,,,3.985714,
07/28/2019 11:26:00.000000,,,,2.96,
07/28/2019 11:27:00.000000,,,,6.751163,
07/28/2019 11:28:00.000000,,,,4.27,
07/28/2019 11:30:00.000000,,,,0.008536,
07/28/2019 11:31:00.000000,,,,4.375676,
07/28/2019 11:32:00.000000,,,,6.7,
07/28/2019 11:33:00.000000,,,,4.981579,
07/28/2019 11:34:00.000000,,,,3.519512,
07/28/2019 11:35:00.000000,,,,5.785714,
07/28/2019 11:36:00.000000,,,,0.011987,
07/28/2019 11:37:00.000000,,,,0.006091,
07/28/2019 11:38:00.000000,,,,0.006666,
07/28/2019 11:39:00.000000,,,,7.995349,
07/28/2019 11:40:00.000000,,,,0.01476,
07/28/2019 11:41:00.000000,,,,0.008597,
07/28/2019 11:42:00.000000,,,,3.786047,
07/28/2019 11:43:00.000000,,,,0.009183,
07/28/2019 11:44:00.000000,,,,3.5125,
07/28/2019 11:45:00.000000,,,,0.004294,
07/28/2019 11:46:00.000000,,,,0.00568,
07/28/2019 11:47:00.000000,,,,7.335,
07/28/2019 11:48:00.000000,,,,4.315,
07/28/2019 11:49:00.000000,,,,0.004561,
07/28/2019 11:50:00.000000,,,,4.710526,
07/28/2019 11:51:00.000000,,,,0.006944,
07/28/2019 11:52:00.000000,,,,5.87,
07/28/2019 11:53:00.000000,,,,3.8875,
07/28/2019 11:54:00.000000,,,,0.005362,
07/28/2019 11:55:00.000000,,,,7.123529,
07/28/2019 11:56:00.000000,,,,0.008536,
07/28/2019 11:57:00.000000,,,,0.005115,
07/28/2019 11:58:00.000000,,,,0.004129,
07/28/2019 11:59:00.000000,,,,5.862791,
07/28/2019 12:00:00.000000,,,,6.55122,
07/28/2019 12:01:00.000000,,,,5.495,
07/28/2019 12:02:00.000000,,,,3.763415,
07/28/2019 12:03:00.000000,,,,0.003492,
07/28/2019 12:04:00.000000,,,,5.367442,
07/28/2019 12:05:00.000000,,,,0.004684,
07/28/2019 12:06:00.000000,,,,24.791304,
07/28/2019 12:07:00.000000,,,,0.009224,
07/28/2019 12:08:00.000000,,,,3.242857,
07/28/2019 12:09:00.000000,,,,8.919512,
07/28/2019 12:10:00.000000,,,,7.276923,
07/28/2019 12:11:00.000000,,,,0.008104,
07/28/2019 12:12:00.000000,,,,0.006471,
07/28/2019 12:13:00.000000,,,,5.714894,
07/28/2019 12:14:00.000000,,,,12.121951,
07/28/2019 12:15:00.000000,,,,5.371429,
07/28/2019 12:16:00.000000,,,,4.540476,
07/28/2019 12:17:00.000000,,,,0.008854,
07/28/2019 12:18:00.000000,,,,0.019043,
07/28/2019 12:19:00.000000,,,,5.05641,
07/28/2019 12:20:00.000000,,,,0.017523,
07/28/2019 12:21:00.000000,,,,0.011997,
07/28/2019 12:22:00.000000,,,,8.22439,
07/28/2019 12:23:00.000000,,,,0.00825,
07/28/2019 12:24:00.000000,,,,0.004493,
07/28/2019 12:25:00.000000,,,,9.014286,
07/28/2019 12:26:00.000000,,,,4.792683,
07/28/2019 12:27:00.000000,,,,0.005109,
07/28/2019 12:28:00.000000,,,,3.847619,
07/28/2019 12:29:00.000000,,,,8.910811,
07/28/2019 12:30:00.000000,,,,7.184848,
07/28/2019 12:31:00.000000,,,,7.003226,
07/28/2019 12:32:00.000000,,,,0.008925,
07/28/2019 12:33:00.000000,,,,0.021501,
07/28/2019 12:34:00.000000,,,,12.25,
07/28/2019 12:35:00.000000,,,,0.008964,
07/28/2019 12:36:00.000000,,,,10.092105,
07/28/2019 12:37:00.000000,,,,0.005588,
07/28/2019 12:38:00.000000,,,,5.43,
07/28/2019 12:39:00.000000,,,,5.331818,
07/28/2019 12:40:00.000000,,,,4.515385,
07/28/2019 12:41:00.000000,,,,0.012218,
07/28/2019 12:42:00.000000,,,,7.329268,
07/28/2019 12:43:00.000000,,,,6.869231,
07/28/2019 12:44:00.000000,,,,0.004921,
07/28/2019 12:45:00.000000,,,,7.763636,
07/28/2019 12:46:00.000000,,,,0.00554,
07/28/2019 12:47:00.000000,,,,12.555,
07/28/2019 12:48:00.000000,,,,0.006311,
07/28/2019 12:49:00.000000,,,,0.006352,
07/28/2019 12:50:00.000000,,,,17.890698,
07/28/2019 12:51:00.000000,,,,10.325,
07/28/2019 12:52:00.000000,,,,0.023211,
07/28/2019 12:53:00.000000,,,,0.00779,
07/28/2019 12:54:00.000000,,,,0.008974,
07/28/2019 12:55:00.000000,,,,9.109756,
07/28/2019 12:56:00.000000,,,,10.543902,
07/28/2019 12:57:00.000000,,,,9.834146,
07/28/2019 12:58:00.000000,,,,15.504878,
07/28/2019 12:59:00.000000,,,,7.02439,
07/28/2019 13:00:00.000000,,,,16.938889,
07/28/2019 13:01:00.000000,,,,15.796875,
07/28/2019 13:02:00.000000,,,,0.021394,
07/28/2019 13:03:00.000000,,,,0.010573,
07/28/2019 13:04:00.000000,,,,7.822727,
07/28/2019 13:05:00.000000,,,,22.093182,
07/28/2019 13:06:00.000000,,,,0.015424,
07/28/2019 13:07:00.000000,,,,7.230435,
07/28/2019 13:08:00.000000,,,,7.7625,
07/28/2019 13:09:00.000000,,,,6.014286,
07/28/2019 13:10:00.000000,,,,9.853488,
07/28/2019 13:11:00.000000,,,,10.821053,
07/28/2019 13:12:00.000000,,,,0.006147,
07/28/2019 13:13:00.000000,,,,0.017808,
07/28/2019 13:14:00.000000,,,,0.01561,
07/28/2019 13:15:00.000000,,,,13.819512,
07/28/2019 13:16:00.000000,,,,0.00613,
07/28/2019 13:17:00.000000,,,,0.009876,
07/28/2019 13:18:00.000000,,,,0.007691,
07/28/2019 13:19:00.000000,,,,0.006201,
07/28/2019 13:20:00.000000,,,,7.636585,
07/28/2019 13:21:00.000000,,,,0.01588,
07/28/2019 13:22:00.000000,,,,12.52,
07/28/2019 13:23:00.000000,,,,10.819512,
07/28/2019 13:24:00.000000,,,,4.873529,
07/28/2019 13:25:00.000000,,,,0.007609,
07/28/2019 13:26:00.000000,,,,4.948571,
07/28/2019 13:27:00.000000,,,,8.297059,
07/28/2019 13:28:00.000000,,,,0.020617,
07/28/2019 13:29:00.000000,,,,17.002564,
07/28/2019 13:30:00.000000,,,,21.336364,
07/28/2019 13:31:00.000000,,,,9.2375,
07/28/2019 13:32:00.000000,,,,7.832432,
07/28/2019 13:33:00.000000,,,,11.13,
07/28/2019 13:34:00.000000,,,,0.023975,
07/28/2019 13:35:00.000000,,,,9.995238,
07/28/2019 13:36:00.000000,,,,0.008852,
07/28/2019 13:37:00.000000,,,,10.4125,
07/28/2019 13:38:00.000000,,,,0.022365,
07/28/2019 13:39:00.000000,,,,0.014603,
07/28/2019 13:40:00.000000,,,,8.518605,
07/28/2019 13:41:00.000000,,,,13.842857,
07/28/2019 13:42:00.000000,,,,0.015807,
07/28/2019 13:43:00.000000,,,,0.02824,
07/28/2019 13:44:00.000000,,,,17.502326,
07/28/2019 13:45:00.000000,,,,0.044031,
07/28/2019 13:46:00.000000,,,,0.038482,
07/28/2019 13:47:00.000000,,,,0.049674,
07/28/2019 13:48:00.000000,,,,0.015561,
07/28/2019 13:49:00.000000,,,,20.74186,
07/28/2019 13:50:00.000000,,,,16.585714,
07/28/2019 13:51:00.000000,,,,12.35122,
07/28/2019 13:52:00.000000,,,,25.946154,
07/28/2019 13:53:00.000000,,,,33.9,
07/28/2019 13:54:00.000000,,,,0.028266,
07/28/2019 13:55:00.000000,,,,0.014978,
07/28/2019 13:56:00.000000,,,,0.025256,
07/28/2019 13:57:00.000000,,,,0.021494,
07/28/2019 13:58:00.000000,,,,0.018301,
07/28/2019 13:59:00.000000,,,,12.180488,
07/28/2019 14:00:00.000000,,,,8.804762,
07/28/2019 14:01:00.000000,,,,0.013435,
07/28/2019 14:02:00.000000,,,,12.588889,
07/28/2019 14:03:00.000000,,,,0.014953,
07/28/2019 14:04:00.000000,,,,0.008543,
07/28/2019 14:05:00.000000,,,,8.883333,
07/28/2019 14:06:00.000000,,,,0.01173,
07/28/2019 14:07:00.000000,,,,0.005218,
07/28/2019 14:08:00.000000,,,,0.008021,
07/28/2019 14:09:00.000000,,,,6.293023,
07/28/2019 14:10:00.000000,,,,0.007418,
07/28/2019 14:11:00.000000,,,,0.005754,
07/28/2019 14:12:00.000000,,,,0.006183,
07/28/2019 14:13:00.000000,,,,0.006754,
07/28/2019 14:14:00.000000,,,,8.736585,
07/28/2019 14:15:00.000000,,,,6.866667,
07/28/2019 14:16:00.000000,,,,4.556098,
07/28/2019 14:17:00.000000,,,,4.81,
07/28/2019 14:18:00.000000,,,,0.004528,
07/28/2019 14:19:00.000000,,,,0.005459,
07/28/2019 14:20:00.000000,,,,0.010592,
07/28/2019 14:21:00.000000,,,,4.151163,
07/28/2019 14:22:00.000000,,,,8.175,
07/28/2019 14:23:00.000000,,,,6.439024,
07/28/2019 14:24:00.000000,,,,0.010182,
07/28/2019 14:25:00.000000,,,,0.004327,
07/28/2019 14:26:00.000000,,,,13.738462,
07/28/2019 14:27:00.000000,,,,8.523077,
07/28/2019 14:28:00.000000,,,,0.010448,
07/28/2019 14:29:00.000000,,,,17.4,
07/28/2019 14:30:00.000000,,,,16.42439,
07/28/2019 14:31:00.000000,,,,0.010301,
07/28/2019 14:32:00.000000,,,,6.415385,
07/28/2019 14:33:00.000000,,,,3.8,
07/28/2019 14:34:00.000000,,,,5.9375,
07/28/2019 14:35:00.000000,,,,0.005168,
07/28/2019 14:36:00.000000,,,,6.181395,
07/28/2019 14:37:00.000000,,,,3.37,
07/28/2019 14:38:00.000000,,,,0.003679,
07/28/2019 14:39:00.000000,,,,0.016161,
07/28/2019 14:40:00.000000,,,,5.428571,
07/28/2019 14:41:00.000000,,,,10.351282,
07/28/2019 14:42:00.000000,,,,9.709302,
07/28/2019 14:43:00.000000,,,,8.371429,
07/28/2019 14:44:00.000000,,,,7.269231,
07/28/2019 14:45:00.000000,,,,4.174419,
07/28/2019 14:46:00.000000,,,,3.52439,
07/28/2019 14:47:00.000000,,,,0.004051,
07/28/2019 14:48:00.000000,,,,14.915385,
07/28/2019 14:49:00.000000,,,,14.5,
07/28/2019 14:50:00.000000,,,,8.02439,
07/28/2019 14:51:00.000000,,,,0.004267,
07/28/2019 14:52:00.000000,,,,9.64878,
07/28/2019 14:53:00.000000,,,,0.010158,
07/28/2019 14:54:00.000000,,,,4.988889,
07/28/2019 14:55:00.000000,,,,0.006553,
07/28/2019 14:56:00.000000,,,,0.00666,
07/28/2019 14:57:00.000000,,,,3.306977,
07/28/2019 14:58:00.000000,,,,0.003202,
07/28/2019 14:59:00.000000,,,,0.003611,
07/28/2019 15:00:00.000000,,,,0.013016,
07/28/2019 15:01:00.000000,,,,4.715,
07/28/2019 15:02:00.000000,,,,5.330769,
07/28/2019 15:03:00.000000,,,,0.004825,
07/28/2019 15:04:00.000000,,,,0.00555,
07/28/2019 15:05:00.000000,,,,3.717073,
07/28/2019 15:06:00.000000,,,,0.012007,
07/28/2019 15:07:00.000000,,,,9.316667,
07/28/2019 15:08:00.000000,,,,0.009435,
07/28/2019 15:09:00.000000,,,,0.006639,
07/28/2019 15:10:00.000000,,,,3.936364,
07/28/2019 15:11:00.000000,,,,0.004163,
07/28/2019 15:12:00.000000,,,,0.002924,
07/28/2019 15:13:00.000000,,,,0.010214,
07/28/2019 15:14:00.000000,,,,0.016053,
07/28/2019 15:15:00.000000,,,,6.752632,
07/28/2019 15:16:00.000000,,,,2.516667,
07/28/2019 15:17:00.000000,,,,0.002458,
07/28/2019 15:18:00.000000,,,,3.919512,
07/28/2019 15:19:00.000000,,,,0.002797,
07/28/2019 15:20:00.000000,,,,0.002444,
07/28/2019 15:21:00.000000,,,,2.163415,
07/28/2019 15:22:00.000000,,,,5.6,
07/28/2019 15:23:00.000000,,,,2.511905,
07/28/2019 15:24:00.000000,,,,2.252632,
07/28/2019 15:25:00.000000,,,,2.12439,
07/28/2019 15:26:00.000000,,,,0.007513,
07/28/2019 15:27:00.000000,,,,5.15,
07/28/2019 15:28:00.000000,,,,4.646512,
07/28/2019 15:29:00.000000,,,,0.004729,
07/28/2019 15:30:00.000000,,,,3.430435,
07/28/2019 15:31:00.000000,,,,0.003424,
07/28/2019 15:32:00.000000,,,,0.008753,
07/28/2019 15:33:00.000000,,,,8.078049,
07/28/2019 15:34:00.000000,,,,0.006174,
07/28/2019 15:35:00.000000,,,,0.0026,
07/28/2019 15:36:00.000000,,,,2.96,
07/28/2019 15:37:00.000000,,,,7.097561,
07/28/2019 15:38:00.000000,,,,3.5,
07/28/2019 15:39:00.000000,,,,2.7,
07/28/2019 15:40:00.000000,,,,0.004542,
07/28/2019 15:41:00.000000,,,,0.003889,
07/28/2019 15:42:00.000000,,,,0.0051,
07/28/2019 15:43:00.000000,,,,0.005191,
07/28/2019 15:44:00.000000,,,,0.022392,
07/28/2019 15:45:00.000000,,,,7.01,
07/28/2019 15:46:00.000000,,,,11.33,
07/28/2019 15:47:00.000000,,,,5.985714,
07/28/2019 15:48:00.000000,,,,0.003118,
07/28/2019 15:50:00.000000,,,,0.00275,
07/28/2019 15:51:00.000000,,,,0.004548,
07/28/2019 15:52:00.000000,,,,0.002632,
07/28/2019 15:53:00.000000,,,,0.006795,
07/28/2019 15:54:00.000000,,,,4.019512,
07/28/2019 15:55:00.000000,,,,0.005109,
07/28/2019 15:56:00.000000,,,,2.8,
07/28/2019 15:57:00.000000,,,,0.003569,
07/28/2019 15:58:00.000000,,,,2.714634,
07/28/2019 15:59:00.000000,,,,0.007459,
07/28/2019 16:00:00.000000,,,,2.343902,
07/28/2019 16:01:00.000000,,,,11.475,
07/28/2019 16:02:00.000000,,,,0.006583,
07/28/2019 16:03:00.000000,,,,0.016575,
07/28/2019 16:04:00.000000,,,,0.005814,
07/28/2019 16:05:00.000000,,,,6.5,
07/28/2019 16:06:00.000000,,,,0.015132,
07/28/2019 16:07:00.000000,,,,0.009191,
07/28/2019 16:08:00.000000,,,,2.547619,
07/28/2019 16:10:00.000000,,,,0.007265,
07/28/2019 16:11:00.000000,,,,2.564865,
07/28/2019 16:12:00.000000,,,,0.008325,
07/28/2019 16:13:00.000000,,,,0.018415,
07/28/2019 16:14:00.000000,,,,0.005138,
07/28/2019 16:15:00.000000,,,,2.826667,
07/28/2019 16:16:00.000000,,,,0.021277,
07/28/2019 16:17:00.000000,,,,8.634091,
07/28/2019 16:18:00.000000,,,,0.007465,
07/28/2019 16:19:00.000000,,,,12.553846,
07/28/2019 16:20:00.000000,,,,0.00726,
07/28/2019 16:21:00.000000,,,,0.006189,
07/28/2019 16:22:00.000000,,,,3.942857,
07/28/2019 16:23:00.000000,,,,7.588235,
07/28/2019 16:24:00.000000,,,,2.984615,
07/28/2019 16:25:00.000000,,,,4.562791,
07/28/2019 16:26:00.000000,,,,0.00371,
07/28/2019 16:27:00.000000,,,,2.115,
07/28/2019 16:28:00.000000,,,,0.00271,
07/28/2019 16:29:00.000000,,,,2.614286,
07/28/2019 16:30:00.000000,,,,0.011779,
07/28/2019 16:31:00.000000,,,,8.015909,
07/28/2019 16:32:00.000000,,,,3.156098,
07/28/2019 16:33:00.000000,,,,4.419512,
07/28/2019 16:34:00.000000,,,,4.446512,
07/28/2019 16:35:00.000000,,,,5.965217,
07/28/2019 16:36:00.000000,,,,0.020235,
07/28/2019 16:37:00.000000,,,,0.008419,
07/28/2019 16:38:00.000000,,,,3.22,
07/28/2019 16:39:00.000000,,,,0.002792,
07/28/2019 16:40:00.000000,,,,0.007083,
07/28/2019 16:41:00.000000,,,,3.71,
07/28/2019 16:42:00.000000,,,,2.514286,
07/28/2019 16:43:00.000000,,,,0.005476,
07/28/2019 16:44:00.000000,,,,0.002846,
07/28/2019 16:45:00.000000,,,,2.264286,
07/28/2019 16:46:00.000000,,,,0.00238,
07/28/2019 16:47:00.000000,,,,5.571429,
07/28/2019 16:48:00.000000,,,,2.659091,
07/28/2019 16:49:00.000000,,,,0.019625,
07/28/2019 16:50:00.000000,,,,9.086047,
07/28/2019 16:51:00.000000,,,,0.003218,
07/28/2019 16:52:00.000000,,,,0.010519,
07/28/2019 16:53:00.000000,,,,0.003305,
07/28/2019 16:54:00.000000,,,,0.002821,
07/28/2019 16:55:00.000000,,,,4.685714,
07/28/2019 16:56:00.000000,,,,0.00351,
07/28/2019 16:57:00.000000,,,,7.662791,
07/28/2019 16:58:00.000000,,,,3.109302,
07/28/2019 16:59:00.000000,,,,6.156098,
07/28/2019 17:00:00.000000,,,,3.028571,
07/28/2019 17:01:00.000000,,,,0.003693,
07/28/2019 17:02:00.000000,,,,4.095122,
07/28/2019 17:03:00.000000,,,,0.004802,
07/28/2019 17:04:00.000000,,,,15.16,
07/28/2019 17:05:00.000000,,,,0.021658,
07/28/2019 17:06:00.000000,,,,0.006495,
07/28/2019 17:07:00.000000,,,,4.23,
07/28/2019 17:08:00.000000,,,,5.110256,
07/28/2019 17:09:00.000000,,,,4.764103,
07/28/2019 17:10:00.000000,,,,2.27027,
07/28/2019 17:11:00.000000,,,,2.148718,
07/28/2019 17:12:00.000000,,,,5.443902,
07/28/2019 17:13:00.000000,,,,3.038462,
07/28/2019 17:14:00.000000,,,,2.085366,
07/28/2019 17:15:00.000000,,,,2.790244,
07/28/2019 17:16:00.000000,,,,0.003835,
07/28/2019 17:17:00.000000,,,,2.323077,
07/28/2019 17:18:00.000000,,,,0.014167,
07/28/2019 17:19:00.000000,,,,6.485714,
07/28/2019 17:20:00.000000,,,,0.004597,
07/28/2019 17:21:00.000000,,,,6.9,
07/28/2019 17:22:00.000000,,,,0.004165,
07/28/2019 17:23:00.000000,,,,0.00254,
07/28/2019 17:24:00.000000,,,,0.002754,
07/28/2019 17:25:00.000000,,,,0.003355,
07/28/2019 17:26:00.000000,,,,4.871053,
07/28/2019 17:27:00.000000,,,,9.869048,
07/28/2019 17:28:00.000000,,,,6.385714,
07/28/2019 17:29:00.000000,,,,2.913333,
07/28/2019 17:30:00.000000,,,,0.005102,
07/28/2019 17:31:00.000000,,,,0.010502,
07/28/2019 17:32:00.000000,,,,3.03125,
07/28/2019 17:33:00.000000,,,,0.007278,
07/28/2019 17:34:00.000000,,,,13.742857,
07/28/2019 17:35:00.000000,,,,15.007143,
07/28/2019 17:36:00.000000,,,,0.005457,
07/28/2019 17:37:00.000000,,,,0.002803,
07/28/2019 17:38:00.000000,,,,0.009352,
07/28/2019 17:39:00.000000,,,,19.226829,
07/28/2019 17:40:00.000000,,,,13.587805,
07/28/2019 17:41:00.000000,,,,14.781818,
07/28/2019 17:42:00.000000,,,,7.391892,
07/28/2019 17:43:00.000000,,,,14.2125,
07/28/2019 17:44:00.000000,,,,4.55814,
07/28/2019 17:45:00.000000,,,,5.725581,
07/28/2019 17:46:00.000000,,,,0.003379,
07/28/2019 17:47:00.000000,,,,4.244444,
07/28/2019 17:48:00.000000,,,,2.714286,
07/28/2019 17:49:00.000000,,,,14.85,
07/28/2019 17:50:00.000000,,,,7.814286,
07/28/2019 17:51:00.000000,,,,0.006472,
07/28/2019 17:52:00.000000,,,,2.85,
07/28/2019 17:53:00.000000,,,,5.066667,
07/28/2019 17:54:00.000000,,,,2.828571,
07/28/2019 17:55:00.000000,,,,0.014173,
07/28/2019 17:56:00.000000,,,,4.2125,
07/28/2019 17:57:00.000000,,,,0.011614,
07/28/2019 17:58:00.000000,,,,0.018667,
07/28/2019 17:59:00.000000,,,,0.009217,
07/28/2019 18:00:00.000000,,,,4.728571,
07/28/2019 18:01:00.000000,,,,0.008085,
07/28/2019 18:02:00.000000,,,,0.010543,
07/28/2019 18:03:00.000000,,,,37.3,
07/28/2019 18:04:00.000000,,,,9.725,
07/28/2019 18:05:00.000000,,,,2.746154,
07/28/2019 18:06:00.000000,,,,5.302439,
07/28/2019 18:07:00.000000,,,,2.714286,
07/28/2019 18:08:00.000000,,,,5.568182,
07/28/2019 18:09:00.000000,,,,0.002781,
07/28/2019 18:10:00.000000,,,,0.010629,
07/28/2019 18:11:00.000000,,,,0.004981,
07/28/2019 18:12:00.000000,,,,7.282353,
07/28/2019 18:13:00.000000,,,,0.005665,
07/28/2019 18:14:00.000000,,,,2.369231,
07/28/2019 18:15:00.000000,,,,5.415385,
07/28/2019 18:16:00.000000,,,,2.322581,
07/28/2019 18:17:00.000000,,,,2.372093,
07/28/2019 18:18:00.000000,,,,4.881818,
07/28/2019 18:19:00.000000,,,,18.943902,
07/28/2019 18:20:00.000000,,,,0.004914,
07/28/2019 18:21:00.000000,,,,2.2,
07/28/2019 18:22:00.000000,,,,2.02439,
07/28/2019 18:23:00.000000,,,,0.002821,
07/28/2019 18:24:00.000000,,,,13.385714,
07/28/2019 18:25:00.000000,,,,7.714286,
07/28/2019 18:26:00.000000,,,,0.009936,
07/28/2019 18:27:00.000000,,,,0.007209,
07/28/2019 18:28:00.000000,,,,3.413636,
07/28/2019 18:29:00.000000,,,,2.338462,
07/28/2019 18:30:00.000000,,,,0.006128,
07/28/2019 18:31:00.000000,,,,2.79,
07/28/2019 18:32:00.000000,,,,0.003321,
07/28/2019 18:33:00.000000,,,,5.15,
07/28/2019 18:34:00.000000,,,,8.397561,
07/28/2019 18:35:00.000000,,,,5.584211,
07/28/2019 18:36:00.000000,,,,0.011363,
07/28/2019 18:37:00.000000,,,,0.011355,
07/28/2019 18:38:00.000000,,,,0.012963,
07/28/2019 18:39:00.000000,,,,8.438095,
07/28/2019 18:40:00.000000,,,,4.134884,
07/28/2019 18:41:00.000000,,,,0.005813,
07/28/2019 18:42:00.000000,,,,4.268571,
07/28/2019 18:43:00.000000,,,,2.571429,
07/28/2019 18:44:00.000000,,,,0.01063,
07/28/2019 18:45:00.000000,,,,6.261538,
07/28/2019 18:46:00.000000,,,,3.25,
07/28/2019 18:47:00.000000,,,,0.005499,
07/28/2019 18:48:00.000000,,,,0.00319,
07/28/2019 18:49:00.000000,,,,0.011721,
07/28/2019 18:50:00.000000,,,,0.00542,
07/28/2019 18:51:00.000000,,,,5.456098,
07/28/2019 18:52:00.000000,,,,0.003338,
07/28/2019 18:53:00.000000,,,,6.89,
07/28/2019 18:54:00.000000,,,,0.003082,
07/28/2019 18:55:00.000000,,,,4.079487,
07/28/2019 18:56:00.000000,,,,2.085714,
07/28/2019 18:57:00.000000,,,,0.002677,
07/28/2019 18:58:00.000000,,,,0.004976,
07/28/2019 18:59:00.000000,,,,4.771429,
07/28/2019 19:00:00.000000,,,,0.007653,
07/28/2019 19:01:00.000000,,,,3.754545,
07/28/2019 19:02:00.000000,,,,0.003217,
07/28/2019 19:03:00.000000,,,,1.887805,
07/28/2019 19:04:00.000000,,,,0.007784,
07/28/2019 19:05:00.000000,,,,0.009357,
07/28/2019 19:06:00.000000,,,,6.45,
07/28/2019 19:07:00.000000,,,,2.492308,
07/28/2019 19:08:00.000000,,,,0.00245,
07/28/2019 19:09:00.000000,,,,0.00721,
07/28/2019 19:10:00.000000,,,,2.387805,
07/28/2019 19:11:00.000000,,,,2.15814,
07/28/2019 19:12:00.000000,,,,5.028571,
07/28/2019 19:13:00.000000,,,,5.5,
07/28/2019 19:14:00.000000,,,,0.003312,
07/28/2019 19:15:00.000000,,,,3.097727,
07/28/2019 19:16:00.000000,,,,13.102439,
07/28/2019 19:17:00.000000,,,,0.003837,
07/28/2019 19:18:00.000000,,,,0.006226,
07/28/2019 19:19:00.000000,,,,12.560976,
07/28/2019 19:20:00.000000,,,,0.006656,
07/28/2019 19:21:00.000000,,,,0.008162,
07/28/2019 19:22:00.000000,,,,5.321053,
07/28/2019 19:23:00.000000,,,,6.209756,
07/28/2019 19:24:00.000000,,,,0.008624,
07/28/2019 19:25:00.000000,,,,2.875,
07/28/2019 19:26:00.000000,,,,0.002606,
07/28/2019 19:27:00.000000,,,,0.005427,
07/28/2019 19:28:00.000000,,,,0.010909,
07/28/2019 19:29:00.000000,,,,0.00925,
07/28/2019 19:30:00.000000,,,,2.493023,
07/28/2019 19:31:00.000000,,,,2.156098,
07/28/2019 19:32:00.000000,,,,2.285,
07/28/2019 19:33:00.000000,,,,1.955814,
07/28/2019 19:34:00.000000,,,,0.002464,
07/28/2019 19:35:00.000000,,,,1.987179,
07/28/2019 19:36:00.000000,,,,1.9125,
07/28/2019 19:37:00.000000,,,,2.156098,
07/28/2019 19:38:00.000000,,,,0.002619,
07/28/2019 19:39:00.000000,,,,0.002597,
07/28/2019 19:40:00.000000,,,,2.0,
07/28/2019 19:41:00.000000,,,,3.083333,
07/28/2019 19:42:00.000000,,,,0.007198,
07/28/2019 19:43:00.000000,,,,4.923256,
07/28/2019 19:44:00.000000,,,,0.00455,
07/28/2019 19:45:00.000000,,,,6.483333,
07/28/2019 19:46:00.000000,,,,2.748276,
07/28/2019 19:47:00.000000,,,,6.947826,
07/28/2019 19:48:00.000000,,,,5.95,
07/28/2019 19:49:00.000000,,,,0.005248,
07/28/2019 19:50:00.000000,,,,2.069231,
07/28/2019 19:51:00.000000,,,,0.008408,
07/28/2019 19:52:00.000000,,,,2.395833,
07/28/2019 19:53:00.000000,,,,3.738462,
07/28/2019 19:54:00.000000,,,,9.976923,
07/28/2019 19:55:00.000000,,,,0.003944,
07/28/2019 19:56:00.000000,,,,5.7,
07/28/2019 19:57:00.000000,,,,0.006154,
07/28/2019 19:58:00.000000,,,,0.008374,
07/28/2019 19:59:00.000000,,,,0.009546,
07/28/2019 20:00:00.000000,,,,5.342857,
07/28/2019 20:01:00.000000,,,,5.384615,
07/28/2019 20:02:00.000000,,,,0.008558,
07/28/2019 20:03:00.000000,,,,11.216667,
07/28/2019 20:04:00.000000,,,,0.010091,
07/28/2019 20:05:00.000000,,,,2.678947,
07/28/2019 20:06:00.000000,,,,0.002929,
07/28/2019 20:07:00.000000,,,,0.003211,
07/28/2019 20:08:00.000000,,,,6.234211,
07/28/2019 20:10:00.000000,,,,0.00377,
07/28/2019 20:11:00.000000,,,,4.160465,
07/28/2019 20:12:00.000000,,,,0.008624,
07/28/2019 20:13:00.000000,,,,0.003486,
07/28/2019 20:14:00.000000,,,,0.008515,
07/28/2019 20:15:00.000000,,,,3.410526,
07/28/2019 20:16:00.000000,,,,8.217073,
07/28/2019 20:17:00.000000,,,,0.008212,
07/28/2019 20:18:00.000000,,,,0.005699,
07/28/2019 20:19:00.000000,,,,3.934146,
07/28/2019 20:20:00.000000,,,,3.021951,
07/28/2019 20:21:00.000000,,,,2.297674,
07/28/2019 20:22:00.000000,,,,2.712195,
07/28/2019 20:23:00.000000,,,,2.205,
07/28/2019 20:24:00.000000,,,,0.014774,
07/28/2019 20:25:00.000000,,,,0.005253,
07/28/2019 20:26:00.000000,,,,0.00243,
07/28/2019 20:27:00.000000,,,,2.055,
07/28/2019 20:28:00.000000,,,,2.797436,
07/28/2019 20:29:00.000000,,,,0.007354,
07/28/2019 20:30:00.000000,,,,0.020436,
07/28/2019 20:31:00.000000,,,,0.01011,
07/28/2019 20:32:00.000000,,,,0.003642,
07/28/2019 20:33:00.000000,,,,7.725,
07/28/2019 20:34:00.000000,,,,11.033333,
07/28/2019 20:35:00.000000,,,,0.004659,
07/28/2019 20:36:00.000000,,,,0.011701,
07/28/2019 20:37:00.000000,,,,5.6,
07/28/2019 20:38:00.000000,,,,0.006883,
07/28/2019 20:39:00.000000,,,,6.923077,
07/28/2019 20:40:00.000000,,,,0.00383,
07/28/2019 20:41:00.000000,,,,2.3475,
07/28/2019 20:42:00.000000,,,,0.003336,
07/28/2019 20:43:00.000000,,,,0.005222,
07/28/2019 20:44:00.000000,,,,0.00299,
07/28/2019 20:45:00.000000,,,,1.725,
07/28/2019 20:46:00.000000,,,,2.297561,
07/28/2019 20:47:00.000000,,,,0.003554,
07/28/2019 20:48:00.000000,,,,8.953846,
07/28/2019 20:49:00.000000,,,,3.367442,
07/28/2019 20:50:00.000000,,,,5.342857,
07/28/2019 20:51:00.000000,,,,0.006565,
07/28/2019 20:52:00.000000,,,,6.019444,
07/28/2019 20:53:00.000000,,,,0.003965,
07/28/2019 20:54:00.000000,,,,2.194118,
07/28/2019 20:55:00.000000,,,,0.007735,
07/28/2019 20:56:00.000000,,,,13.33,
07/28/2019 20:57:00.000000,,,,14.583333,
07/28/2019 20:58:00.000000,,,,13.234146,
07/28/2019 20:59:00.000000,,,,0.003911,
07/28/2019 21:00:00.000000,,,,0.009523,
07/28/2019 21:01:00.000000,,,,0.006804,
07/28/2019 21:02:00.000000,,,,9.757143,
07/28/2019 21:03:00.000000,,,,5.87619,
07/28/2019 21:04:00.000000,,,,0.003088,
07/28/2019 21:05:00.000000,,,,0.00845,
07/28/2019 21:06:00.000000,,,,0.005634,
07/28/2019 21:07:00.000000,,,,5.856098,
07/28/2019 21:08:00.000000,,,,4.334091,
07/28/2019 21:09:00.000000,,,,0.005194,
07/28/2019 21:10:00.000000,,,,2.425,
07/28/2019 21:11:00.000000,,,,0.010475,
07/28/2019 21:12:00.000000,,,,0.006168,
07/28/2019 21:13:00.000000,,,,0.002976,
07/28/2019 21:14:00.000000,,,,0.013677,
07/28/2019 21:15:00.000000,,,,0.009197,
07/28/2019 21:16:00.000000,,,,6.252632,
07/28/2019 21:17:00.000000,,,,6.2,
07/28/2019 21:18:00.000000,,,,5.167442,
07/28/2019 21:19:00.000000,,,,2.453659,
07/28/2019 21:20:00.000000,,,,3.707692,
07/28/2019 21:21:00.000000,,,,12.721429,
07/28/2019 21:22:00.000000,,,,0.005601,
07/28/2019 21:23:00.000000,,,,1.969767,
07/28/2019 21:24:00.000000,,,,0.002788,
07/28/2019 21:25:00.000000,,,,0.002964,
07/28/2019 21:26:00.000000,,,,2.042857,
07/28/2019 21:27:00.000000,,,,0.008224,
07/28/2019 21:28:00.000000,,,,12.919512,
07/28/2019 21:29:00.000000,,,,6.387805,
07/28/2019 21:30:00.000000,,,,0.018417,
07/28/2019 21:31:00.000000,,,,6.62093,
07/28/2019 21:32:00.000000,,,,0.003376,
07/28/2019 21:33:00.000000,,,,0.007488,
07/28/2019 21:34:00.000000,,,,2.72439,
07/28/2019 21:35:00.000000,,,,0.003073,
07/28/2019 21:36:00.000000,,,,0.0029,
07/28/2019 21:37:00.000000,,,,0.00989,
07/28/2019 21:38:00.000000,,,,3.175,
07/28/2019 21:39:00.000000,,,,14.44,
07/28/2019 21:40:00.000000,,,,5.885714,
07/28/2019 21:41:00.000000,,,,0.015928,
07/28/2019 21:42:00.000000,,,,0.015885,
07/28/2019 21:43:00.000000,,,,0.019564,
07/28/2019 21:44:00.000000,,,,7.078049,
07/28/2019 21:45:00.000000,,,,0.009424,
07/28/2019 21:46:00.000000,,,,7.343902,
07/28/2019 21:47:00.000000,,,,0.005462,
07/28/2019 21:48:00.000000,,,,7.576923,
07/28/2019 21:49:00.000000,,,,2.997674,
07/28/2019 21:50:00.000000,,,,2.638462,
07/28/2019 21:51:00.000000,,,,0.005212,
07/28/2019 21:52:00.000000,,,,5.848837,
07/28/2019 21:53:00.000000,,,,5.85122,
07/28/2019 21:54:00.000000,,,,16.669767,
07/28/2019 21:55:00.000000,,,,0.012619,
07/28/2019 21:56:00.000000,,,,6.519512,
07/28/2019 21:57:00.000000,,,,3.202326,
07/28/2019 21:58:00.000000,,,,0.00295,
07/28/2019 21:59:00.000000,,,,2.37561,
07/28/2019 22:00:00.000000,,,,3.892683,
07/28/2019 22:01:00.000000,,,,0.069253,
07/28/2019 22:02:00.000000,,,,9.681395,
07/28/2019 22:03:00.000000,,,,2.25,
07/28/2019 22:04:00.000000,,,,0.009421,
07/28/2019 22:05:00.000000,,,,3.757143,
07/28/2019 22:06:00.000000,,,,0.015524,
07/28/2019 22:07:00.000000,,,,7.613953,
07/28/2019 22:08:00.000000,,,,3.178947,
07/28/2019 22:10:00.000000,,,,0.00898,
07/28/2019 22:11:00.000000,,,,3.127907,
07/28/2019 22:12:00.000000,,,,0.003001,
07/28/2019 22:13:00.000000,,,,13.265,
07/28/2019 22:14:00.000000,,,,0.010621,
07/28/2019 22:15:00.000000,,,,0.003821,
07/28/2019 22:16:00.000000,,,,0.015043,
07/28/2019 22:17:00.000000,,,,0.010029,
07/28/2019 22:18:00.000000,,,,3.428571,
07/28/2019 22:19:00.000000,,,,0.004236,
07/28/2019 22:20:00.000000,,,,2.446341,
07/28/2019 22:21:00.000000,,,,0.017248,
07/28/2019 22:22:00.000000,,,,6.433333,
07/28/2019 22:23:00.000000,,,,0.017194,
07/28/2019 22:24:00.000000,,,,11.771429,
07/28/2019 22:25:00.000000,,,,6.627907,
07/28/2019 22:26:00.000000,,,,7.37907,
07/28/2019 22:27:00.000000,,,,2.92,
07/28/2019 22:28:00.000000,,,,5.4625,
07/28/2019 22:29:00.000000,,,,4.351163,
07/28/2019 22:30:00.000000,,,,0.006371,
07/28/2019 22:31:00.000000,,,,0.015718,
07/28/2019 22:32:00.000000,,,,3.461905,
07/28/2019 22:33:00.000000,,,,0.012807,
07/28/2019 22:34:00.000000,,,,3.565789,
07/28/2019 22:35:00.000000,,,,0.008926,
07/28/2019 22:36:00.000000,,,,0.006961,
07/28/2019 22:37:00.000000,,,,5.37619,
07/28/2019 22:38:00.000000,,,,4.114286,
07/28/2019 22:39:00.000000,,,,2.785714,
07/28/2019 22:40:00.000000,,,,2.6,
07/28/2019 22:41:00.000000,,,,6.55122,
07/28/2019 22:42:00.000000,,,,3.343902,
07/28/2019 22:43:00.000000,,,,0.002907,
07/28/2019 22:44:00.000000,,,,3.790698,
07/28/2019 22:45:00.000000,,,,0.006733,
07/28/2019 22:46:00.000000,,,,0.004636,
07/28/2019 22:47:00.000000,,,,4.575,
07/28/2019 22:48:00.000000,,,,0.017182,
07/28/2019 22:49:00.000000,,,,14.965854,
07/28/2019 22:50:00.000000,,,,7.9,
07/28/2019 22:51:00.000000,,,,0.017409,
07/28/2019 22:52:00.000000,,,,0.014608,
07/28/2019 22:53:00.000000,,,,0.005237,
07/28/2019 22:54:00.000000,,,,0.021912,
07/28/2019 22:55:00.000000,,,,9.328947,
07/28/2019 22:56:00.000000,,,,13.78,
07/28/2019 22:57:00.000000,,,,0.011374,
07/28/2019 22:58:00.000000,,,,7.517073,
07/28/2019 22:59:00.000000,,,,6.465,
07/28/2019 23:00:00.000000,,,,0.003419,
07/28/2019 23:01:00.000000,,,,0.016198,
07/28/2019 23:02:00.000000,,,,0.004069,
07/28/2019 23:03:00.000000,,,,0.010593,
07/28/2019 23:04:00.000000,,,,0.011178,
07/28/2019 23:05:00.000000,,,,7.282927,
07/28/2019 23:06:00.000000,,,,0.003506,
07/28/2019 23:07:00.000000,,,,2.81,
07/28/2019 23:08:00.000000,,,,0.012931,
07/28/2019 23:09:00.000000,,,,3.95,
07/28/2019 23:10:00.000000,,,,2.476923,
07/28/2019 23:11:00.000000,,,,0.008711,
07/28/2019 23:12:00.000000,,,,6.063636,
07/28/2019 23:13:00.000000,,,,3.060465,
07/28/2019 23:14:00.000000,,,,2.5125,
07/28/2019 23:15:00.000000,,,,14.460465,
07/28/2019 23:16:00.000000,,,,4.0625,
07/28/2019 23:17:00.000000,,,,0.004766,
07/28/2019 23:18:00.000000,,,,0.009683,
07/28/2019 23:19:00.000000,,,,7.622727,
07/28/2019 23:20:00.000000,,,,3.039535,
07/28/2019 23:21:00.000000,,,,16.858974,
07/28/2019 23:22:00.000000,,,,30.239024,
07/28/2019 23:23:00.000000,,,,23.539535,
07/28/2019 23:24:00.000000,,,,7.618605,
07/28/2019 23:25:00.000000,,,,0.013558,
07/28/2019 23:26:00.000000,,,,3.473171,
07/28/2019 23:27:00.000000,,,,0.010778,
07/28/2019 23:28:00.000000,,,,0.019682,
07/28/2019 23:29:00.000000,,,,0.006783,
07/28/2019 23:30:00.000000,,,,0.01398,
07/28/2019 23:31:00.000000,,,,0.005248,
07/28/2019 23:32:00.000000,,,,0.025863,
07/28/2019 23:33:00.000000,,,,10.463158,
07/28/2019 23:34:00.000000,,,,0.004827,
07/28/2019 23:35:00.000000,,,,7.374419,
07/28/2019 23:36:00.000000,,,,15.327907,
07/28/2019 23:37:00.000000,,,,9.351282,
07/28/2019 23:38:00.000000,,,,0.027169,
07/28/2019 23:39:00.000000,,,,0.028326,
07/28/2019 23:40:00.000000,,,,8.640541,
07/28/2019 23:41:00.000000,,,,0.015984,
07/28/2019 23:42:00.000000,,,,9.575,
07/28/2019 23:43:00.000000,,,,10.438462,
07/28/2019 23:44:00.000000,,,,12.631707,
07/28/2019 23:45:00.000000,,,,0.018921,
07/28/2019 23:46:00.000000,,,,18.295455,
07/28/2019 23:47:00.000000,,,,0.007126,
07/28/2019 23:48:00.000000,,,,14.625,
07/28/2019 23:49:00.000000,,,,0.013653,
07/28/2019 23:50:00.000000,,,,0.017227,
07/28/2019 23:51:00.000000,,,,19.7,
07/28/2019 23:52:00.000000,,,,7.695,
07/28/2019 23:53:00.000000,,,,3.663158,
07/28/2019 23:54:00.000000,,,,10.171429,
07/28/2019 23:55:00.000000,,,,0.012781,
07/28/2019 23:56:00.000000,,,,9.963415,
07/28/2019 23:57:00.000000,,,,0.016885,
07/28/2019 23:58:00.000000,,,,16.873171,
07/28/2019 23:59:00.000000,,,,0.038536,
07/29/2019 00:00:00.000000,,,,0.014448,
07/29/2019 00:01:00.000000,,,,8.105,
07/29/2019 00:02:00.000000,,,,3.679487,
07/29/2019 00:03:00.000000,,,,6.841463,
07/29/2019 00:04:00.000000,,,,3.385714,
07/29/2019 00:05:00.000000,,,,0.011492,
07/29/2019 00:06:00.000000,,,,0.005821,
07/29/2019 00:07:00.000000,,,,0.007477,
07/29/2019 00:08:00.000000,,,,0.013563,
07/29/2019 00:09:00.000000,,,,0.016488,
07/29/2019 00:10:00.000000,,,,0.019991,
07/29/2019 00:11:00.000000,,,,3.970732,
07/29/2019 00:12:00.000000,,,,4.573684,
07/29/2019 00:13:00.000000,,,,3.646154,
07/29/2019 00:14:00.000000,,,,10.664865,
07/29/2019 00:15:00.000000,,,,0.00708,
07/29/2019 00:16:00.000000,,,,7.65,
07/29/2019 00:17:00.000000,,,,3.151163,
07/29/2019 00:18:00.000000,,,,0.004778,
07/29/2019 00:19:00.000000,,,,0.012963,
07/29/2019 00:20:00.000000,,,,9.55,
07/29/2019 00:21:00.000000,,,,3.52093,
07/29/2019 00:22:00.000000,,,,0.003659,
07/29/2019 00:23:00.000000,,,,2.469767,
07/29/2019 00:24:00.000000,,,,18.378947,
07/29/2019 00:25:00.000000,,,,0.021678,
07/29/2019 00:26:00.000000,,,,0.004665,
07/29/2019 00:27:00.000000,,,,3.469048,
07/29/2019 00:28:00.000000,,,,4.79,
07/29/2019 00:30:00.000000,,,,9.128571,
07/29/2019 00:31:00.000000,,,,0.015922,
07/29/2019 00:32:00.000000,,,,3.989474,
07/29/2019 00:33:00.000000,,,,13.7625,
07/29/2019 00:34:00.000000,,,,0.004355,
07/29/2019 00:35:00.000000,,,,0.003306,
07/29/2019 00:36:00.000000,,,,0.010946,
07/29/2019 00:37:00.000000,,,,5.116667,
07/29/2019 00:38:00.000000,,,,0.003456,
07/29/2019 00:39:00.000000,,,,0.016746,
07/29/2019 00:40:00.000000,,,,9.009302,
07/29/2019 00:41:00.000000,,,,7.946154,
07/29/2019 00:42:00.000000,,,,3.546341,
07/29/2019 00:43:00.000000,,,,16.55,
07/29/2019 00:44:00.000000,,,,0.011128,
07/29/2019 00:45:00.000000,,,,15.265,
07/29/2019 00:46:00.000000,,,,4.336364,
07/29/2019 00:47:00.000000,,,,0.002968,
07/29/2019 00:48:00.000000,,,,3.934884,
07/29/2019 00:49:00.000000,,,,4.810256,
07/29/2019 00:50:00.000000,,,,5.07,
07/29/2019 00:51:00.000000,,,,12.75814,
07/29/2019 00:52:00.000000,,,,5.363636,
07/29/2019 00:53:00.000000,,,,0.007735,
07/29/2019 00:54:00.000000,,,,0.011506,
07/29/2019 00:55:00.000000,,,,4.0,
07/29/2019 00:56:00.000000,,,,0.007767,
07/29/2019 00:57:00.000000,,,,15.518182,
07/29/2019 00:58:00.000000,,,,0.005325,
07/29/2019 00:59:00.000000,,,,0.009631,
07/29/2019 01:00:00.000000,,,,0.017227,
07/29/2019 01:01:00.000000,,,,0.011165,
07/29/2019 01:02:00.000000,,,,0.011187,
07/29/2019 01:03:00.000000,,,,22.07619,
07/29/2019 01:04:00.000000,,,,0.010877,
07/29/2019 01:05:00.000000,,,,9.548936,
07/29/2019 01:06:00.000000,,,,5.354762,
07/29/2019 01:07:00.000000,,,,0.006257,
07/29/2019 01:08:00.000000,,,,0.013692,
07/29/2019 01:10:00.000000,,,,6.244186,
07/29/2019 01:11:00.000000,,,,0.003557,
07/29/2019 01:12:00.000000,,,,0.010872,
07/29/2019 01:13:00.000000,,,,5.02,
07/29/2019 01:14:00.000000,,,,0.006452,
07/29/2019 01:15:00.000000,,,,6.624324,
07/29/2019 01:16:00.000000,,,,5.16,
07/29/2019 01:17:00.000000,,,,0.004191,
07/29/2019 01:18:00.000000,,,,17.52,
07/29/2019 01:19:00.000000,,,,4.554545,
07/29/2019 01:20:00.000000,,,,9.526829,
07/29/2019 01:21:00.000000,,,,9.636364,
07/29/2019 01:22:00.000000,,,,3.325581,
07/29/2019 01:23:00.000000,,,,9.555814,
07/29/2019 01:24:00.000000,,,,6.485366,
07/29/2019 01:25:00.000000,,,,19.5,
07/29/2019 01:26:00.000000,,,,9.35122,
07/29/2019 01:27:00.000000,,,,0.007931,
07/29/2019 01:28:00.000000,,,,11.076744,
07/29/2019 01:30:00.000000,,,,0.002811,
07/29/2019 01:31:00.000000,,,,4.3875,
07/29/2019 01:32:00.000000,,,,2.736585,
07/29/2019 01:33:00.000000,,,,8.4,
07/29/2019 01:34:00.000000,,,,9.571429,
07/29/2019 01:35:00.000000,,,,6.625,
07/29/2019 01:36:00.000000,,,,0.004487,
07/29/2019 01:37:00.000000,,,,9.176923,
07/29/2019 01:38:00.000000,,,,8.905128,
07/29/2019 01:39:00.000000,,,,3.8875,
07/29/2019 01:40:00.000000,,,,6.076923,
07/29/2019 01:41:00.000000,,,,9.769767,
07/29/2019 01:42:00.000000,,,,17.825,
07/29/2019 01:43:00.000000,,,,9.509756,
07/29/2019 01:44:00.000000,,,,3.892857,
07/29/2019 01:45:00.000000,,,,2.627907,
07/29/2019 01:46:00.000000,,,,8.9,
07/29/2019 01:47:00.000000,,,,0.00463,
07/29/2019 01:48:00.000000,,,,0.012298,
07/29/2019 01:49:00.000000,,,,15.528947,
07/29/2019 01:50:00.000000,,,,9.712195,
07/29/2019 01:51:00.000000,,,,0.007243,
07/29/2019 01:52:00.000000,,,,0.007774,
07/29/2019 01:53:00.000000,,,,9.569767,
07/29/2019 01:54:00.000000,,,,0.010079,
07/29/2019 01:55:00.000000,,,,9.557143,
07/29/2019 01:56:00.000000,,,,0.018646,
07/29/2019 01:57:00.000000,,,,15.772727,
07/29/2019 01:58:00.000000,,,,0.007605,
07/29/2019 01:59:00.000000,,,,17.1,
07/29/2019 02:00:00.000000,,,,6.325,
07/29/2019 02:01:00.000000,,,,6.02619,
07/29/2019 02:02:00.000000,,,,15.181081,
07/29/2019 02:03:00.000000,,,,2.839394,
07/29/2019 02:04:00.000000,,,,2.574359,
07/29/2019 02:05:00.000000,,,,0.021207,
07/29/2019 02:06:00.000000,,,,0.024999,
07/29/2019 02:07:00.000000,,,,9.415,
07/29/2019 02:08:00.000000,,,,11.128205,
07/29/2019 02:10:00.000000,,,,0.010423,
07/29/2019 02:11:00.000000,,,,0.011038,
07/29/2019 02:12:00.000000,,,,0.004894,
07/29/2019 02:13:00.000000,,,,0.012231,
07/29/2019 02:14:00.000000,,,,0.027189,
07/29/2019 02:15:00.000000,,,,10.695122,
07/29/2019 02:16:00.000000,,,,0.015235,
07/29/2019 02:17:00.000000,,,,28.236585,
07/29/2019 02:18:00.000000,,,,32.368182,
07/29/2019 02:19:00.000000,,,,17.936585,
07/29/2019 02:20:00.000000,,,,0.007067,
07/29/2019 02:21:00.000000,,,,10.668182,
07/29/2019 02:22:00.000000,,,,4.171429,
07/29/2019 02:23:00.000000,,,,0.003572,
07/29/2019 02:24:00.000000,,,,0.005452,
07/29/2019 02:25:00.000000,,,,7.771429,
07/29/2019 02:26:00.000000,,,,17.825,
07/29/2019 02:27:00.000000,,,,0.011982,
07/29/2019 02:28:00.000000,,,,11.7,
07/29/2019 02:30:00.000000,,,,0.012151,
07/29/2019 02:31:00.000000,,,,0.01923,
07/29/2019 02:32:00.000000,,,,17.1125,
07/29/2019 02:33:00.000000,,,,0.015997,
07/29/2019 02:34:00.000000,,,,0.026111,
07/29/2019 02:35:00.000000,,,,5.933333,
07/29/2019 02:36:00.000000,,,,0.015175,
07/29/2019 02:37:00.000000,,,,8.15122,
07/29/2019 02:38:00.000000,,,,6.94,
07/29/2019 02:39:00.000000,,,,11.253659,
07/29/2019 02:40:00.000000,,,,0.01604,
07/29/2019 02:41:00.000000,,,,20.630233,
07/29/2019 02:42:00.000000,,,,0.023723,
07/29/2019 02:43:00.000000,,,,0.015323,
07/29/2019 02:44:00.000000,,,,0.013156,
07/29/2019 02:45:00.000000,,,,4.276744,
07/29/2019 02:46:00.000000,,,,0.004068,
07/29/2019 02:47:00.000000,,,,0.008474,
07/29/2019 02:48:00.000000,,,,3.917073,
07/29/2019 02:50:00.000000,,,,12.939535,
07/29/2019 02:51:00.000000,,,,15.371429,
07/29/2019 02:52:00.000000,,,,0.007841,
07/29/2019 02:53:00.000000,,,,7.260976,
07/29/2019 02:54:00.000000,,,,11.456098,
07/29/2019 02:55:00.000000,,,,0.009915,
07/29/2019 02:56:00.000000,,,,16.902439,
07/29/2019 02:57:00.000000,,,,11.854054,
07/29/2019 02:58:00.000000,,,,0.019536,
07/29/2019 02:59:00.000000,,,,0.011768,
07/29/2019 03:00:00.000000,,,,0.005,
07/29/2019 03:01:00.000000,,,,0.023494,
07/29/2019 03:02:00.000000,,,,0.016631,
07/29/2019 03:03:00.000000,,,,9.125926,
07/29/2019 03:04:00.000000,,,,27.6,
07/29/2019 03:05:00.000000,,,,0.029167,
07/29/2019 03:06:00.000000,,,,12.381818,
07/29/2019 03:07:00.000000,,,,0.010284,
07/29/2019 03:08:00.000000,,,,9.014286,
07/29/2019 03:10:00.000000,,,,0.009388,
07/29/2019 03:11:00.000000,,,,0.00553,
07/29/2019 03:12:00.000000,,,,3.578947,
07/29/2019 03:13:00.000000,,,,0.01887,
07/29/2019 03:14:00.000000,,,,0.045204,
07/29/2019 03:15:00.000000,,,,33.885714,
07/29/2019 03:16:00.000000,,,,0.027627,
07/29/2019 03:17:00.000000,,,,0.00902,
07/29/2019 03:18:00.000000,,,,13.070732,
07/29/2019 03:19:00.000000,,,,11.109091,
07/29/2019 03:20:00.000000,,,,3.941379,
07/29/2019 03:21:00.000000,,,,0.011606,
07/29/2019 03:22:00.000000,,,,14.563158,
07/29/2019 03:23:00.000000,,,,9.921951,
07/29/2019 03:24:00.000000,,,,0.015632,
07/29/2019 03:25:00.000000,,,,0.013015,
07/29/2019 03:26:00.000000,,,,0.011354,
07/29/2019 03:27:00.000000,,,,0.010765,
07/29/2019 03:28:00.000000,,,,6.85,
07/29/2019 03:30:00.000000,,,,0.022308,
07/29/2019 03:31:00.000000,,,,0.019574,
07/29/2019 03:32:00.000000,,,,0.008536,
07/29/2019 03:33:00.000000,,,,17.980952,
07/29/2019 03:34:00.000000,,,,18.404878,
07/29/2019 03:35:00.000000,,,,0.014865,
07/29/2019 03:36:00.000000,,,,0.005572,
07/29/2019 03:37:00.000000,,,,0.004794,
07/29/2019 03:38:00.000000,,,,0.00861,
07/29/2019 03:39:00.000000,,,,0.005551,
07/29/2019 03:40:00.000000,,,,0.013204,
07/29/2019 03:41:00.000000,,,,0.011574,
07/29/2019 03:42:00.000000,,,,54.504,
07/29/2019 03:43:00.000000,,,,25.729412,
07/29/2019 03:44:00.000000,,,,11.413636,
07/29/2019 03:45:00.000000,,,,11.193023,
07/29/2019 03:46:00.000000,,,,4.670732,
07/29/2019 03:47:00.000000,,,,3.583721,
07/29/2019 03:48:00.000000,,,,17.783333,
07/29/2019 03:49:00.000000,,,,9.2,
07/29/2019 03:50:00.000000,,,,11.840476,
07/29/2019 03:51:00.000000,,,,0.012752,
07/29/2019 03:52:00.000000,,,,7.146512,
07/29/2019 03:53:00.000000,,,,0.005092,
07/29/2019 03:54:00.000000,,,,0.004678,
07/29/2019 03:55:00.000000,,,,7.865909,
07/29/2019 03:56:00.000000,,,,0.023287,
07/29/2019 03:57:00.000000,,,,0.014625,
07/29/2019 03:58:00.000000,,,,8.953846,
07/29/2019 03:59:00.000000,,,,0.020536,
07/29/2019 04:00:00.000000,,,,0.009407,
07/29/2019 04:01:00.000000,,,,15.556098,
07/29/2019 04:02:00.000000,,,,19.633333,
07/29/2019 04:03:00.000000,,,,12.073171,
07/29/2019 04:04:00.000000,,,,5.790244,
07/29/2019 04:05:00.000000,,,,0.00462,
07/29/2019 04:06:00.000000,,,,0.015308,
07/29/2019 04:07:00.000000,,,,0.006698,
07/29/2019 04:08:00.000000,,,,0.01682,
07/29/2019 04:09:00.000000,,,,5.378049,
07/29/2019 04:10:00.000000,,,,0.007864,
07/29/2019 04:11:00.000000,,,,11.146154,
07/29/2019 04:12:00.000000,,,,0.00625,
07/29/2019 04:13:00.000000,,,,0.017113,
07/29/2019 04:14:00.000000,,,,0.016798,
07/29/2019 04:15:00.000000,,,,9.814286,
07/29/2019 04:16:00.000000,,,,0.012122,
07/29/2019 04:17:00.000000,,,,13.572093,
07/29/2019 04:18:00.000000,,,,22.078049,
07/29/2019 04:19:00.000000,,,,0.022901,
07/29/2019 04:20:00.000000,,,,0.012394,
07/29/2019 04:21:00.000000,,,,9.168293,
07/29/2019 04:22:00.000000,,,,0.011597,
07/29/2019 04:23:00.000000,,,,14.783333,
07/29/2019 04:24:00.000000,,,,0.02525,
07/29/2019 04:25:00.000000,,,,0.012352,
07/29/2019 04:26:00.000000,,,,0.010297,
07/29/2019 04:27:00.000000,,,,13.145238,
07/29/2019 04:28:00.000000,,,,0.020405,
07/29/2019 04:29:00.000000,,,,0.007063,
07/29/2019 04:30:00.000000,,,,0.012651,
07/29/2019 04:31:00.000000,,,,0.020819,
07/29/2019 04:32:00.000000,,,,0.013111,
07/29/2019 04:33:00.000000,,,,17.290909,
07/29/2019 04:34:00.000000,,,,8.102326,
07/29/2019 04:35:00.000000,,,,10.5125,
07/29/2019 04:36:00.000000,,,,15.709756,
07/29/2019 04:37:00.000000,,,,5.790909,
07/29/2019 04:38:00.000000,,,,0.010493,
07/29/2019 04:39:00.000000,,,,4.78,
07/29/2019 04:40:00.000000,,,,6.581395,
07/29/2019 04:41:00.000000,,,,10.257143,
07/29/2019 04:42:00.000000,,,,0.006242,
07/29/2019 04:43:00.000000,,,,5.6,
07/29/2019 04:44:00.000000,,,,0.013174,
07/29/2019 04:45:00.000000,,,,16.223077,
07/29/2019 04:46:00.000000,,,,0.008399,
07/29/2019 04:47:00.000000,,,,0.022509,
07/29/2019 04:48:00.000000,,,,0.015291,
07/29/2019 04:49:00.000000,,,,0.01527,
07/29/2019 04:50:00.000000,,,,0.018889,
07/29/2019 04:51:00.000000,,,,0.011693,
07/29/2019 04:52:00.000000,,,,0.006171,
07/29/2019 04:53:00.000000,,,,14.625,
07/29/2019 04:54:00.000000,,,,12.376923,
07/29/2019 04:55:00.000000,,,,8.672973,
07/29/2019 04:56:00.000000,,,,0.011651,
07/29/2019 04:57:00.000000,,,,8.511765,
07/29/2019 04:58:00.000000,,,,21.327778,
07/29/2019 04:59:00.000000,,,,11.953659,
07/29/2019 05:00:00.000000,,,,0.024464,
07/29/2019 05:01:00.000000,,,,0.020724,
07/29/2019 05:02:00.000000,,,,10.851163,
07/29/2019 05:03:00.000000,,,,0.012953,
07/29/2019 05:04:00.000000,,,,0.024004,
07/29/2019 05:05:00.000000,,,,0.015125,
07/29/2019 05:06:00.000000,,,,14.026667,
07/29/2019 05:07:00.000000,,,,0.025926,
07/29/2019 05:08:00.000000,,,,0.015616,
07/29/2019 05:09:00.000000,,,,7.297674,
07/29/2019 05:10:00.000000,,,,0.022583,
07/29/2019 05:11:00.000000,,,,0.01876,
07/29/2019 05:12:00.000000,,,,0.007928,
07/29/2019 05:13:00.000000,,,,9.419512,
07/29/2019 05:14:00.000000,,,,0.011062,
07/29/2019 05:15:00.000000,,,,9.969231,
07/29/2019 05:16:00.000000,,,,0.022552,
07/29/2019 05:17:00.000000,,,,0.010456,
07/29/2019 05:18:00.000000,,,,7.017391,
07/29/2019 05:19:00.000000,,,,0.014039,
07/29/2019 05:20:00.000000,,,,0.01476,
07/29/2019 05:21:00.000000,,,,0.021675,
07/29/2019 05:22:00.000000,,,,11.542857,
07/29/2019 05:23:00.000000,,,,10.675,
07/29/2019 05:24:00.000000,,,,8.566667,
07/29/2019 05:25:00.000000,,,,0.014655,
07/29/2019 05:26:00.000000,,,,8.148837,
07/29/2019 05:27:00.000000,,,,0.009379,
07/29/2019 05:28:00.000000,,,,4.981579,
07/29/2019 05:29:00.000000,,,,0.013103,
07/29/2019 05:30:00.000000,,,,11.790244,
07/29/2019 05:31:00.000000,,,,10.15,
07/29/2019 05:32:00.000000,,,,0.006729,
07/29/2019 05:33:00.000000,,,,4.604762,
07/29/2019 05:34:00.000000,,,,7.323077,
07/29/2019 05:35:00.000000,,,,20.314286,
07/29/2019 05:36:00.000000,,,,17.44878,
07/29/2019 05:37:00.000000,,,,0.015732,
07/29/2019 05:38:00.000000,,,,22.209756,
07/29/2019 05:39:00.000000,,,,16.883721,
07/29/2019 05:40:00.000000,,,,0.014407,
07/29/2019 05:41:00.000000,,,,12.592683,
07/29/2019 05:42:00.000000,,,,10.52,
07/29/2019 05:43:00.000000,,,,0.012644,
07/29/2019 05:44:00.000000,,,,9.165,
07/29/2019 05:45:00.000000,,,,0.022627,
07/29/2019 05:46:00.000000,,,,12.582927,
07/29/2019 05:47:00.000000,,,,0.015755,
07/29/2019 05:48:00.000000,,,,0.017139,
07/29/2019 05:50:00.000000,,,,11.615,
07/29/2019 05:51:00.000000,,,,5.485714,
07/29/2019 05:52:00.000000,,,,9.63,
07/29/2019 05:53:00.000000,,,,8.442857,
07/29/2019 05:54:00.000000,,,,16.353658,
07/29/2019 05:55:00.000000,,,,0.020046,
07/29/2019 05:56:00.000000,,,,0.019535,
07/29/2019 05:57:00.000000,,,,0.016639,
07/29/2019 05:58:00.000000,,,,0.019098,
07/29/2019 05:59:00.000000,,,,11.665,
07/29/2019 06:00:00.000000,,,,0.022223,
07/29/2019 06:01:00.000000,,,,0.01199,
07/29/2019 06:02:00.000000,,,,19.986047,
07/29/2019 06:03:00.000000,,,,12.0,
07/29/2019 06:04:00.000000,,,,0.02978,
07/29/2019 06:05:00.000000,,,,0.009573,
07/29/2019 06:06:00.000000,,,,28.741463,
07/29/2019 06:07:00.000000,,,,19.613636,
07/29/2019 06:08:00.000000,,,,30.271429,
07/29/2019 06:10:00.000000,,,,0.02104,
07/29/2019 06:11:00.000000,,,,13.297436,
07/29/2019 06:12:00.000000,,,,27.936585,
07/29/2019 06:13:00.000000,,,,9.775,
07/29/2019 06:14:00.000000,,,,0.018872,
07/29/2019 06:15:00.000000,,,,9.157895,
07/29/2019 06:16:00.000000,,,,10.736585,
07/29/2019 06:17:00.000000,,,,0.028329,
07/29/2019 06:18:00.000000,,,,7.405,
07/29/2019 06:19:00.000000,,,,0.006609,
07/29/2019 06:20:00.000000,,,,0.026604,
07/29/2019 06:21:00.000000,,,,0.019433,
07/29/2019 06:22:00.000000,,,,0.031135,
07/29/2019 06:23:00.000000,,,,0.016357,
07/29/2019 06:24:00.000000,,,,0.014299,
07/29/2019 06:25:00.000000,,,,22.842857,
07/29/2019 06:26:00.000000,,,,0.013136,
07/29/2019 06:27:00.000000,,,,9.995,
07/29/2019 06:28:00.000000,,,,11.9675,
07/29/2019 06:30:00.000000,,,,17.966667,
07/29/2019 06:31:00.000000,,,,31.790909,
07/29/2019 06:32:00.000000,,,,19.829268,
07/29/2019 06:33:00.000000,,,,6.558537,
07/29/2019 06:34:00.000000,,,,12.011905,
07/29/2019 06:35:00.000000,,,,0.013285,
07/29/2019 06:36:00.000000,,,,0.012496,
07/29/2019 06:37:00.000000,,,,10.765,
07/29/2019 06:38:00.000000,,,,19.009756,
07/29/2019 06:39:00.000000,,,,12.195349,
07/29/2019 06:40:00.000000,,,,7.455,
07/29/2019 06:41:00.000000,,,,0.00682,
07/29/2019 06:42:00.000000,,,,15.574359,
07/29/2019 06:43:00.000000,,,,0.013402,
07/29/2019 06:44:00.000000,,,,14.345455,
07/29/2019 06:45:00.000000,,,,40.4625,
07/29/2019 06:46:00.000000,,,,15.85,
07/29/2019 06:47:00.000000,,,,10.4625,
07/29/2019 06:48:00.000000,,,,0.020393,
07/29/2019 06:50:00.000000,,,,0.011843,
07/29/2019 06:51:00.000000,,,,11.060976,
07/29/2019 06:52:00.000000,,,,0.01178,
07/29/2019 06:53:00.000000,,,,14.585714,
07/29/2019 06:54:00.000000,,,,0.016729,
07/29/2019 06:55:00.000000,,,,13.716667,
07/29/2019 06:56:00.000000,,,,0.026218,
07/29/2019 06:57:00.000000,,,,15.514634,
07/29/2019 06:58:00.000000,,,,22.97,
07/29/2019 06:59:00.000000,,,,13.785714,
07/29/2019 07:00:00.000000,,,,10.895,
07/29/2019 07:01:00.000000,,,,0.006451,
07/29/2019 07:02:00.000000,,,,10.002326,
07/29/2019 07:03:00.000000,,,,8.45,
07/29/2019 07:04:00.000000,,,,0.011517,
07/29/2019 07:05:00.000000,,,,0.012799,
07/29/2019 07:06:00.000000,,,,15.521951,
07/29/2019 07:07:00.000000,,,,0.017389,
07/29/2019 07:08:00.000000,,,,0.007909,
07/29/2019 07:09:00.000000,,,,0.01162,
07/29/2019 07:10:00.000000,,,,0.016697,
07/29/2019 07:11:00.000000,,,,0.016552,
07/29/2019 07:12:00.000000,,,,18.617949,
07/29/2019 07:13:00.000000,,,,18.465,
07/29/2019 07:14:00.000000,,,,0.010649,
07/29/2019 07:15:00.000000,,,,0.012396,
07/29/2019 07:16:00.000000,,,,11.309756,
07/29/2019 07:17:00.000000,,,,0.006534,
07/29/2019 07:18:00.000000,,,,18.956098,
07/29/2019 07:19:00.000000,,,,7.392857,
07/29/2019 07:20:00.000000,,,,16.969767,
07/29/2019 07:21:00.000000,,,,0.014381,
07/29/2019 07:22:00.000000,,,,15.976744,
07/29/2019 07:23:00.000000,,,,16.542857,
07/29/2019 07:24:00.000000,,,,0.016262,
07/29/2019 07:25:00.000000,,,,11.263415,
07/29/2019 07:26:00.000000,,,,20.684211,
07/29/2019 07:27:00.000000,,,,0.011993,
07/29/2019 07:28:00.000000,,,,15.7,
07/29/2019 07:30:00.000000,,,,11.680488,
07/29/2019 07:31:00.000000,,,,0.011166,
07/29/2019 07:32:00.000000,,,,11.985714,
07/29/2019 07:33:00.000000,,,,0.018578,
07/29/2019 07:34:00.000000,,,,6.4,
07/29/2019 07:35:00.000000,,,,19.312195,
07/29/2019 07:36:00.000000,,,,19.836585,
07/29/2019 07:37:00.000000,,,,11.185714,
07/29/2019 07:38:00.000000,,,,0.010793,
07/29/2019 07:39:00.000000,,,,19.556522,
07/29/2019 07:40:00.000000,,,,11.233333,
07/29/2019 07:41:00.000000,,,,14.090244,
07/29/2019 07:42:00.000000,,,,0.016076,
07/29/2019 07:43:00.000000,,,,9.618605,
07/29/2019 07:44:00.000000,,,,0.007652,
07/29/2019 07:45:00.000000,,,,9.083721,
07/29/2019 07:46:00.000000,,,,0.013485,
07/29/2019 07:47:00.000000,,,,10.746154,
07/29/2019 07:48:00.000000,,,,6.569767,
07/29/2019 07:50:00.000000,,,,0.022581,
07/29/2019 07:51:00.000000,,,,9.492683,
07/29/2019 07:52:00.000000,,,,8.851163,
07/29/2019 07:53:00.000000,,,,6.439024,
07/29/2019 07:54:00.000000,,,,0.017429,
07/29/2019 07:55:00.000000,,,,0.039235,
07/29/2019 07:56:00.000000,,,,10.859574,
07/29/2019 07:57:00.000000,,,,10.41,
07/29/2019 07:58:00.000000,,,,9.34878,
07/29/2019 07:59:00.000000,,,,7.862791,
07/29/2019 08:00:00.000000,,,,0.0092,
07/29/2019 08:01:00.000000,,,,9.566667,
07/29/2019 08:02:00.000000,,,,0.010428,
07/29/2019 08:03:00.000000,,,,17.261905,
07/29/2019 08:04:00.000000,,,,0.020439,
07/29/2019 08:05:00.000000,,,,26.233333,
07/29/2019 08:06:00.000000,,,,0.015707,
07/29/2019 08:07:00.000000,,,,12.417073,
07/29/2019 08:08:00.000000,,,,0.008851,
07/29/2019 08:10:00.000000,,,,14.628571,
07/29/2019 08:11:00.000000,,,,11.85814,
07/29/2019 08:12:00.000000,,,,10.864103,
07/29/2019 08:13:00.000000,,,,0.023366,
07/29/2019 08:14:00.000000,,,,0.020623,
07/29/2019 08:15:00.000000,,,,11.158537,
07/29/2019 08:16:00.000000,,,,0.020314,
07/29/2019 08:17:00.000000,,,,0.020128,
07/29/2019 08:18:00.000000,,,,10.778947,
07/29/2019 08:19:00.000000,,,,0.01223,
07/29/2019 08:20:00.000000,,,,0.018231,
07/29/2019 08:21:00.000000,,,,0.02912,
07/29/2019 08:22:00.000000,,,,18.560465,
07/29/2019 08:23:00.000000,,,,29.718605,
07/29/2019 08:24:00.000000,,,,0.036462,
07/29/2019 08:25:00.000000,,,,0.025697,
07/29/2019 08:26:00.000000,,,,22.738462,
07/29/2019 08:27:00.000000,,,,8.6125,
07/29/2019 08:28:00.000000,,,,9.916667,
07/29/2019 08:30:00.000000,,,,0.008486,
07/29/2019 08:31:00.000000,,,,0.014418,
07/29/2019 08:32:00.000000,,,,14.15625,
07/29/2019 08:33:00.000000,,,,0.019093,
07/29/2019 08:34:00.000000,,,,14.9125,
07/29/2019 08:35:00.000000,,,,13.8375,
07/29/2019 08:36:00.000000,,,,7.014286,
07/29/2019 08:37:00.000000,,,,0.013882,
07/29/2019 08:38:00.000000,,,,0.017703,
07/29/2019 08:39:00.000000,,,,19.457143,
07/29/2019 08:40:00.000000,,,,8.760976,
07/29/2019 08:41:00.000000,,,,9.614706,
07/29/2019 08:42:00.000000,,,,0.014954,
07/29/2019 08:43:00.000000,,,,23.933333,
07/29/2019 08:44:00.000000,,,,0.014378,
07/29/2019 08:45:00.000000,,,,0.016826,
07/29/2019 08:46:00.000000,,,,0.01769,
07/29/2019 08:47:00.000000,,,,14.975758,
07/29/2019 08:48:00.000000,,,,12.1125,
07/29/2019 08:49:00.000000,,,,0.007991,
07/29/2019 08:50:00.000000,,,,13.04878,
07/29/2019 08:51:00.000000,,,,0.01012,
07/29/2019 08:52:00.000000,,,,8.470732,
07/29/2019 08:53:00.000000,,,,9.815385,
07/29/2019 08:54:00.000000,,,,12.47561,
07/29/2019 08:55:00.000000,,,,0.020755,
07/29/2019 08:56:00.000000,,,,0.016785,
07/29/2019 08:57:00.000000,,,,12.713953,
07/29/2019 08:58:00.000000,,,,17.565854,
07/29/2019 08:59:00.000000,,,,0.013319,
07/29/2019 09:00:00.000000,,,,9.59,
07/29/2019 09:01:00.000000,,,,12.305,
07/29/2019 09:02:00.000000,,,,11.178049,
07/29/2019 09:03:00.000000,,,,7.557143,
07/29/2019 09:04:00.000000,,,,8.333333,
07/29/2019 09:05:00.000000,,,,9.871429,
07/29/2019 09:06:00.000000,,,,0.006922,
07/29/2019 09:07:00.000000,,,,0.013772,
07/29/2019 09:08:00.000000,,,,0.014101,
07/29/2019 09:09:00.000000,,,,0.014296,
07/29/2019 09:10:00.000000,,,,0.00866,
07/29/2019 09:11:00.000000,,,,0.019007,
07/29/2019 09:12:00.000000,,,,0.01264,
07/29/2019 09:13:00.000000,,,,8.063636,
07/29/2019 09:14:00.000000,,,,0.017711,
07/29/2019 09:15:00.000000,,,,0.019531,
07/29/2019 09:16:00.000000,,,,9.767442,
07/29/2019 09:17:00.000000,,,,10.813636,
07/29/2019 09:18:00.000000,,,,7.436364,
07/29/2019 09:19:00.000000,,,,12.931429,
07/29/2019 09:20:00.000000,,,,0.03031,
07/29/2019 09:21:00.000000,,,,0.026041,
07/29/2019 09:22:00.000000,,,,22.717949,
07/29/2019 09:23:00.000000,,,,0.011622,
07/29/2019 09:24:00.000000,,,,0.007971,
07/29/2019 09:25:00.000000,,,,13.157143,
07/29/2019 09:26:00.000000,,,,0.014481,
07/29/2019 09:27:00.000000,,,,13.352632,
07/29/2019 09:28:00.000000,,,,0.017587,
07/29/2019 09:29:00.000000,,,,0.008711,
07/29/2019 09:30:00.000000,,,,21.221053,
07/29/2019 09:31:00.000000,,,,20.926829,
07/29/2019 09:32:00.000000,,,,14.326087,
07/29/2019 09:33:00.000000,,,,0.022053,
07/29/2019 09:34:00.000000,,,,0.033177,
07/29/2019 09:35:00.000000,,,,0.022279,
07/29/2019 09:36:00.000000,,,,25.307692,
07/29/2019 09:37:00.000000,,,,12.5875,
07/29/2019 09:38:00.000000,,,,0.015551,
07/29/2019 09:39:00.000000,,,,19.363636,
07/29/2019 09:40:00.000000,,,,22.529032,
07/29/2019 09:41:00.000000,,,,8.825641,
07/29/2019 09:42:00.000000,,,,0.030301,
07/29/2019 09:43:00.000000,,,,42.505882,
07/29/2019 09:44:00.000000,,,,24.228571,
07/29/2019 09:45:00.000000,,,,0.009838,
07/29/2019 09:46:00.000000,,,,28.684211,
07/29/2019 09:47:00.000000,,,,0.032467,
07/29/2019 09:48:00.000000,,,,20.541379,
07/29/2019 09:49:00.000000,,,,0.022629,
07/29/2019 09:50:00.000000,,,,22.846512,
07/29/2019 09:51:00.000000,,,,18.447222,
07/29/2019 09:52:00.000000,,,,0.025799,
07/29/2019 09:53:00.000000,,,,0.034856,
07/29/2019 09:54:00.000000,,,,0.034412,
07/29/2019 09:55:00.000000,,,,0.018861,
07/29/2019 09:56:00.000000,,,,28.257143,
07/29/2019 09:57:00.000000,,,,22.957895,
07/29/2019 09:58:00.000000,,,,22.312195,
07/29/2019 09:59:00.000000,,,,0.036328,
07/29/2019 10:00:00.000000,,,,0.029351,
07/29/2019 10:01:00.000000,,,,26.615,
07/29/2019 10:02:00.000000,,,,19.076923,
07/29/2019 10:03:00.000000,,,,18.478049,
07/29/2019 10:04:00.000000,,,,27.321428,
07/29/2019 10:05:00.000000,,,,9.3375,
07/29/2019 10:06:00.000000,,,,17.52381,
07/29/2019 10:07:00.000000,,,,17.045,
07/29/2019 10:08:00.000000,,,,7.951163,
07/29/2019 10:09:00.000000,,,,0.019941,
07/29/2019 10:10:00.000000,,,,0.038889,
07/29/2019 10:11:00.000000,,,,29.4,
07/29/2019 10:12:00.000000,,,,0.037375,
07/29/2019 10:13:00.000000,,,,0.044493,
07/29/2019 10:14:00.000000,,,,21.484615,
07/29/2019 10:15:00.000000,,,,16.426316,
07/29/2019 10:16:00.000000,,,,19.257143,
07/29/2019 10:17:00.000000,,,,0.032258,
07/29/2019 10:18:00.000000,,,,0.021407,
07/29/2019 10:19:00.000000,,,,16.336585,
07/29/2019 10:20:00.000000,,,,19.0125,
07/29/2019 10:21:00.000000,,,,0.028621,
07/29/2019 10:22:00.000000,,,,24.591892,
07/29/2019 10:23:00.000000,,,,45.08,
07/29/2019 10:24:00.000000,,,,17.567442,
07/29/2019 10:25:00.000000,,,,18.876923,
07/29/2019 10:26:00.000000,,,,21.959091,
07/29/2019 10:27:00.000000,,,,0.0197,
07/29/2019 10:28:00.000000,,,,26.579545,
07/29/2019 10:29:00.000000,,,,22.428571,
07/29/2019 10:30:00.000000,,,,0.030633,
07/29/2019 10:31:00.000000,,,,0.020906,
07/29/2019 10:32:00.000000,,,,0.030889,
07/29/2019 10:33:00.000000,,,,0.01783,
07/29/2019 10:34:00.000000,,,,0.032064,
07/29/2019 10:35:00.000000,,,,19.411364,
07/29/2019 10:36:00.000000,,,,22.011905,
07/29/2019 10:37:00.000000,,,,0.037367,
07/29/2019 10:38:00.000000,,,,0.037357,
07/29/2019 10:39:00.000000,,,,0.022551,
07/29/2019 10:40:00.000000,,,,0.015593,
07/29/2019 10:41:00.000000,,,,29.957143,
07/29/2019 10:42:00.000000,,,,0.022694,
07/29/2019 10:43:00.000000,,,,0.0239,
07/29/2019 10:44:00.000000,,,,24.269231,
07/29/2019 10:45:00.000000,,,,0.044152,
07/29/2019 10:46:00.000000,,,,31.925,
07/29/2019 10:47:00.000000,,,,0.019373,
07/29/2019 10:48:00.000000,,,,25.930233,
07/29/2019 10:50:00.000000,,,,0.02109,
07/29/2019 10:51:00.000000,,,,13.938462,
07/29/2019 10:52:00.000000,,,,12.973171,
07/29/2019 10:53:00.000000,,,,14.084615,
07/29/2019 10:54:00.000000,,,,13.435135,
07/29/2019 10:55:00.000000,,,,22.565,
07/29/2019 10:56:00.000000,,,,25.172093,
07/29/2019 10:57:00.000000,,,,14.187805,
07/29/2019 10:58:00.000000,,,,16.185714,
07/29/2019 10:59:00.000000,,,,0.013062,
07/29/2019 11:00:00.000000,,,,0.02292,
07/29/2019 11:01:00.000000,,,,0.032971,
07/29/2019 11:02:00.000000,,,,18.445455,
07/29/2019 11:03:00.000000,,,,27.84186,
07/29/2019 11:04:00.000000,,,,25.485714,
07/29/2019 11:05:00.000000,,,,0.022001,
07/29/2019 11:06:00.000000,,,,0.021246,
07/29/2019 11:07:00.000000,,,,17.852381,
07/29/2019 11:08:00.000000,,,,15.090244,
07/29/2019 11:09:00.000000,,,,0.018307,
07/29/2019 11:10:00.000000,,,,32.68,
07/29/2019 11:11:00.000000,,,,17.25,
07/29/2019 11:12:00.000000,,,,15.885714,
07/29/2019 11:13:00.000000,,,,20.708696,
07/29/2019 11:14:00.000000,,,,0.020695,
07/29/2019 11:15:00.000000,,,,0.028879,
07/29/2019 11:16:00.000000,,,,11.056818,
07/29/2019 11:17:00.000000,,,,0.065391,
07/29/2019 11:18:00.000000,,,,32.4,
07/29/2019 11:19:00.000000,,,,0.026716,
07/29/2019 11:20:00.000000,,,,22.334884,
07/29/2019 11:21:00.000000,,,,0.018695,
07/29/2019 11:22:00.000000,,,,0.019552,
07/29/2019 11:23:00.000000,,,,34.98421,
07/29/2019 11:24:00.000000,,,,29.430769,
07/29/2019 11:25:00.000000,,,,0.026369,
07/29/2019 11:26:00.000000,,,,0.023001,
07/29/2019 11:27:00.000000,,,,0.032961,
07/29/2019 11:28:00.000000,,,,0.051392,
07/29/2019 11:29:00.000000,,,,0.029442,
07/29/2019 11:30:00.000000,,,,23.653488,
07/29/2019 11:31:00.000000,,,,0.02241,
07/29/2019 11:32:00.000000,,,,0.021463,
07/29/2019 11:33:00.000000,,,,14.685,
07/29/2019 11:34:00.000000,,,,23.661538,
07/29/2019 11:35:00.000000,,,,0.024337,
07/29/2019 11:36:00.000000,,,,23.645238,
07/29/2019 11:37:00.000000,,,,0.035017,
07/29/2019 11:38:00.000000,,,,16.097561,
07/29/2019 11:39:00.000000,,,,22.318605,
07/29/2019 11:40:00.000000,,,,25.928571,
07/29/2019 11:41:00.000000,,,,0.02134,
07/29/2019 11:42:00.000000,,,,21.236364,
07/29/2019 11:43:00.000000,,,,34.9,
07/29/2019 11:44:00.000000,,,,32.469231,
07/29/2019 11:45:00.000000,,,,0.034691,
07/29/2019 11:46:00.000000,,,,11.623077,
07/29/2019 11:47:00.000000,,,,0.061313,
07/29/2019 11:48:00.000000,,,,0.033078,
07/29/2019 11:50:00.000000,,,,14.730769,
07/29/2019 11:51:00.000000,,,,0.010951,
07/29/2019 11:52:00.000000,,,,15.653488,
07/29/2019 11:53:00.000000,,,,14.728571,
07/29/2019 11:54:00.000000,,,,0.020641,
07/29/2019 11:55:00.000000,,,,25.610811,
07/29/2019 11:56:00.000000,,,,0.033831,
07/29/2019 11:57:00.000000,,,,0.059398,
07/29/2019 11:58:00.000000,,,,0.031002,
07/29/2019 11:59:00.000000,,,,28.65,
07/29/2019 12:00:00.000000,,,,26.778947,
07/29/2019 12:01:00.000000,,,,24.392683,
07/29/2019 12:02:00.000000,,,,0.020071,
07/29/2019 12:03:00.000000,,,,0.024305,
07/29/2019 12:04:00.000000,,,,29.383721,
07/29/2019 12:05:00.000000,,,,19.916279,
07/29/2019 12:06:00.000000,,,,0.012254,
07/29/2019 12:07:00.000000,,,,0.031531,
07/29/2019 12:08:00.000000,,,,0.025302,
07/29/2019 12:09:00.000000,,,,37.413953,
07/29/2019 12:10:00.000000,,,,0.032142,
07/29/2019 12:11:00.000000,,,,35.480952,
07/29/2019 12:12:00.000000,,,,0.031266,
07/29/2019 12:13:00.000000,,,,17.7875,
07/29/2019 12:14:00.000000,,,,0.027378,
07/29/2019 12:15:00.000000,,,,21.215385,
07/29/2019 12:16:00.000000,,,,17.129268,
07/29/2019 12:17:00.000000,,,,0.027073,
07/29/2019 12:18:00.000000,,,,0.036701,
07/29/2019 12:19:00.000000,,,,0.031938,
07/29/2019 12:20:00.000000,,,,35.7425,
07/29/2019 12:21:00.000000,,,,37.057143,
07/29/2019 12:22:00.000000,,,,27.886667,
07/29/2019 12:23:00.000000,,,,0.046513,
07/29/2019 12:24:00.000000,,,,0.027358,
07/29/2019 12:25:00.000000,,,,29.547619,
07/29/2019 12:26:00.000000,,,,28.857143,
07/29/2019 12:27:00.000000,,,,0.026055,
07/29/2019 12:28:00.000000,,,,0.026951,
07/29/2019 12:30:00.000000,,,,34.04186,
07/29/2019 12:31:00.000000,,,,0.028233,
07/29/2019 12:32:00.000000,,,,19.075,
07/29/2019 12:33:00.000000,,,,0.017567,
07/29/2019 12:34:00.000000,,,,0.029923,
07/29/2019 12:35:00.000000,,,,23.533333,
07/29/2019 12:36:00.000000,,,,18.82,
07/29/2019 12:37:00.000000,,,,0.024213,
07/29/2019 12:38:00.000000,,,,21.541463,
07/29/2019 12:39:00.000000,,,,30.373684,
07/29/2019 12:40:00.000000,,,,14.597222,
07/29/2019 12:41:00.000000,,,,21.32381,
07/29/2019 12:42:00.000000,,,,34.345,
07/29/2019 12:43:00.000000,,,,0.01598,
07/29/2019 12:44:00.000000,,,,0.014635,
07/29/2019 12:45:00.000000,,,,26.5,
07/29/2019 12:46:00.000000,,,,0.029106,
07/29/2019 12:47:00.000000,,,,30.965854,
07/29/2019 12:48:00.000000,,,,0.025532,
07/29/2019 12:49:00.000000,,,,18.171429,
07/29/2019 12:50:00.000000,,,,21.823077,
07/29/2019 12:51:00.000000,,,,0.020538,
07/29/2019 12:52:00.000000,,,,25.8,
07/29/2019 12:53:00.000000,,,,0.030891,
07/29/2019 12:54:00.000000,,,,19.537209,
07/29/2019 12:55:00.000000,,,,0.030428,
07/29/2019 12:56:00.000000,,,,0.021997,
07/29/2019 12:57:00.000000,,,,19.236364,
07/29/2019 12:58:00.000000,,,,15.671429,
07/29/2019 12:59:00.000000,,,,18.872093,
07/29/2019 13:00:00.000000,,,,20.94,
07/29/2019 13:01:00.000000,,,,0.030755,
07/29/2019 13:02:00.000000,,,,23.790698,
07/29/2019 13:03:00.000000,,,,0.022866,
07/29/2019 13:04:00.000000,,,,0.022989,
07/29/2019 13:05:00.000000,,,,18.666667,
07/29/2019 13:06:00.000000,,,,0.026657,
07/29/2019 13:07:00.000000,,,,0.019834,
07/29/2019 13:08:00.000000,,,,0.020776,
07/29/2019 13:09:00.000000,,,,22.785714,
07/29/2019 13:10:00.000000,,,,24.738636,
07/29/2019 13:11:00.000000,,,,0.033972,
07/29/2019 13:12:00.000000,,,,26.628571,
07/29/2019 13:13:00.000000,,,,0.038356,
07/29/2019 13:14:00.000000,,,,27.485714,
07/29/2019 13:15:00.000000,,,,28.188636,
07/29/2019 13:16:00.000000,,,,27.252381,
07/29/2019 13:17:00.000000,,,,19.991304,
07/29/2019 13:18:00.000000,,,,0.037209,
07/29/2019 13:19:00.000000,,,,0.041635,
07/29/2019 13:20:00.000000,,,,30.041463,
07/29/2019 13:21:00.000000,,,,0.046593,
07/29/2019 13:22:00.000000,,,,21.942857,
07/29/2019 13:23:00.000000,,,,0.020715,
07/29/2019 13:24:00.000000,,,,0.015531,
07/29/2019 13:25:00.000000,,,,0.027722,
07/29/2019 13:26:00.000000,,,,23.088372,
07/29/2019 13:27:00.000000,,,,15.795122,
07/29/2019 13:28:00.000000,,,,0.032087,
07/29/2019 13:30:00.000000,,,,0.02635,
07/29/2019 13:31:00.000000,,,,19.735714,
07/29/2019 13:32:00.000000,,,,0.041532,
07/29/2019 13:33:00.000000,,,,34.469231,
07/29/2019 13:34:00.000000,,,,0.038377,
07/29/2019 13:35:00.000000,,,,0.036512,
07/29/2019 13:36:00.000000,,,,0.022846,
07/29/2019 13:37:00.000000,,,,0.016474,
07/29/2019 13:38:00.000000,,,,31.622222,
07/29/2019 13:39:00.000000,,,,22.464286,
07/29/2019 13:40:00.000000,,,,29.028571,
07/29/2019 13:41:00.000000,,,,0.051168,
07/29/2019 13:42:00.000000,,,,0.034262,
07/29/2019 13:43:00.000000,,,,19.9,
07/29/2019 13:44:00.000000,,,,25.364102,
07/29/2019 13:45:00.000000,,,,0.024066,
07/29/2019 13:46:00.000000,,,,27.03617,
07/29/2019 13:47:00.000000,,,,28.2925,
07/29/2019 13:48:00.000000,,,,38.767442,
07/29/2019 13:49:00.000000,,,,21.831818,
07/29/2019 13:50:00.000000,,,,20.1075,
07/29/2019 13:51:00.000000,,,,32.048718,
07/29/2019 13:52:00.000000,,,,40.733333,
07/29/2019 13:53:00.000000,,,,0.035348,
07/29/2019 13:54:00.000000,,,,18.042857,
07/29/2019 13:55:00.000000,,,,0.020858,
07/29/2019 13:56:00.000000,,,,0.035092,
07/29/2019 13:57:00.000000,,,,0.051731,
07/29/2019 13:58:00.000000,,,,37.073684,
07/29/2019 13:59:00.000000,,,,21.269565,
07/29/2019 14:00:00.000000,,,,0.023589,
07/29/2019 14:01:00.000000,,,,22.490909,
07/29/2019 14:02:00.000000,,,,26.82439,
07/29/2019 14:03:00.000000,,,,0.05813,
07/29/2019 14:04:00.000000,,,,0.036035,
07/29/2019 14:05:00.000000,,,,70.7875,
07/29/2019 14:06:00.000000,,,,0.038893,
07/29/2019 14:07:00.000000,,,,0.021373,
07/29/2019 14:08:00.000000,,,,0.03266,
07/29/2019 14:09:00.000000,,,,0.037477,
07/29/2019 14:10:00.000000,,,,41.631111,
07/29/2019 14:11:00.000000,,,,24.757143,
07/29/2019 14:12:00.000000,,,,14.706977,
07/29/2019 14:13:00.000000,,,,18.055263,
07/29/2019 14:14:00.000000,,,,0.037492,
07/29/2019 14:15:00.000000,,,,33.541026,
07/29/2019 14:16:00.000000,,,,24.509756,
07/29/2019 14:17:00.000000,,,,0.03313,
07/29/2019 14:18:00.000000,,,,23.151282,
07/29/2019 14:19:00.000000,,,,36.195349,
07/29/2019 14:20:00.000000,,,,21.847368,
07/29/2019 14:21:00.000000,,,,23.32439,
07/29/2019 14:22:00.000000,,,,29.72093,
07/29/2019 14:23:00.000000,,,,0.037331,
07/29/2019 14:24:00.000000,,,,0.023072,
07/29/2019 14:25:00.000000,,,,0.025914,
07/29/2019 14:26:00.000000,,,,0.029732,
07/29/2019 14:27:00.000000,,,,28.492857,
07/29/2019 14:28:00.000000,,,,0.0097,
07/29/2019 14:30:00.000000,,,,16.4875,
07/29/2019 14:31:00.000000,,,,0.03351,
07/29/2019 14:32:00.000000,,,,25.634884,
07/29/2019 14:33:00.000000,,,,19.128571,
07/29/2019 14:34:00.000000,,,,0.016504,
07/29/2019 14:35:00.000000,,,,12.408333,
07/29/2019 14:36:00.000000,,,,24.2125,
07/29/2019 14:37:00.000000,,,,31.566667,
07/29/2019 14:38:00.000000,,,,0.010535,
07/29/2019 14:39:00.000000,,,,0.021757,
07/29/2019 14:40:00.000000,,,,0.025449,
07/29/2019 14:41:00.000000,,,,0.03605,
07/29/2019 14:42:00.000000,,,,16.923256,
07/29/2019 14:43:00.000000,,,,0.041755,
07/29/2019 14:44:00.000000,,,,19.053488,
07/29/2019 14:45:00.000000,,,,18.656098,
07/29/2019 14:46:00.000000,,,,0.034983,
07/29/2019 14:47:00.000000,,,,35.997561,
07/29/2019 14:48:00.000000,,,,0.032147,
07/29/2019 14:49:00.000000,,,,0.041251,
07/29/2019 14:50:00.000000,,,,0.052584,
07/29/2019 14:51:00.000000,,,,20.817391,
07/29/2019 14:52:00.000000,,,,22.669231,
07/29/2019 14:53:00.000000,,,,0.038581,
07/29/2019 14:54:00.000000,,,,0.028986,
07/29/2019 14:55:00.000000,,,,0.036054,
07/29/2019 14:56:00.000000,,,,0.029209,
07/29/2019 14:57:00.000000,,,,0.028306,
07/29/2019 14:58:00.000000,,,,0.029797,
07/29/2019 14:59:00.000000,,,,0.039372,
07/29/2019 15:00:00.000000,,,,0.025789,
07/29/2019 15:01:00.000000,,,,32.646154,
07/29/2019 15:02:00.000000,,,,10.470732,
07/29/2019 15:03:00.000000,,,,14.185714,
07/29/2019 15:04:00.000000,,,,25.675,
07/29/2019 15:05:00.000000,,,,0.028967,
07/29/2019 15:06:00.000000,,,,0.041367,
07/29/2019 15:07:00.000000,,,,27.378571,
07/29/2019 15:08:00.000000,,,,0.035953,
07/29/2019 15:09:00.000000,,,,0.040408,
07/29/2019 15:10:00.000000,,,,46.988889,
07/29/2019 15:11:00.000000,,,,0.049619,
07/29/2019 15:12:00.000000,,,,0.036909,
07/29/2019 15:13:00.000000,,,,0.038469,
07/29/2019 15:14:00.000000,,,,20.885,
07/29/2019 15:15:00.000000,,,,0.03185,
07/29/2019 15:16:00.000000,,,,0.025379,
07/29/2019 15:17:00.000000,,,,19.485714,
07/29/2019 15:18:00.000000,,,,71.85,
07/29/2019 15:19:00.000000,,,,0.052893,
07/29/2019 15:20:00.000000,,,,0.026041,
07/29/2019 15:21:00.000000,,,,24.330769,
07/29/2019 15:22:00.000000,,,,0.040409,
07/29/2019 15:23:00.000000,,,,0.032262,
07/29/2019 15:24:00.000000,,,,42.946154,
07/29/2019 15:25:00.000000,,,,29.709091,
07/29/2019 15:26:00.000000,,,,18.654762,
07/29/2019 15:27:00.000000,,,,18.2875,
07/29/2019 15:28:00.000000,,,,0.024749,
07/29/2019 15:30:00.000000,,,,0.016936,
07/29/2019 15:31:00.000000,,,,12.514286,
07/29/2019 15:32:00.000000,,,,0.019517,
07/29/2019 15:33:00.000000,,,,0.020528,
07/29/2019 15:34:00.000000,,,,0.023947,
07/29/2019 15:35:00.000000,,,,13.546875,
07/29/2019 15:36:00.000000,,,,14.8,
07/29/2019 15:37:00.000000,,,,0.022641,
07/29/2019 15:38:00.000000,,,,0.020747,
07/29/2019 15:39:00.000000,,,,0.013978,
07/29/2019 15:40:00.000000,,,,0.035388,
07/29/2019 15:41:00.000000,,,,0.0096,
07/29/2019 15:42:00.000000,,,,10.7,
07/29/2019 15:43:00.000000,,,,0.01541,
07/29/2019 15:44:00.000000,,,,17.4375,
07/29/2019 15:45:00.000000,,,,10.375,
07/29/2019 15:46:00.000000,,,,0.027092,
07/29/2019 15:47:00.000000,,,,19.625,
07/29/2019 15:48:00.000000,,,,14.828571,
07/29/2019 15:49:00.000000,,,,15.424324,
07/29/2019 15:50:00.000000,,,,10.12619,
07/29/2019 15:51:00.000000,,,,0.011757,
07/29/2019 15:52:00.000000,,,,0.033978,
07/29/2019 15:53:00.000000,,,,0.016796,
07/29/2019 15:54:00.000000,,,,0.013659,
07/29/2019 15:55:00.000000,,,,0.038226,
07/29/2019 15:56:00.000000,,,,49.883333,
07/29/2019 15:57:00.000000,,,,0.029083,
07/29/2019 15:58:00.000000,,,,0.022804,
07/29/2019 15:59:00.000000,,,,0.016639,
07/29/2019 16:00:00.000000,,,,0.023309,
07/29/2019 16:01:00.000000,,,,0.018988,
07/29/2019 16:02:00.000000,,,,15.302439,
07/29/2019 16:03:00.000000,,,,27.555,
07/29/2019 16:04:00.000000,,,,0.017591,
07/29/2019 16:05:00.000000,,,,18.914286,
07/29/2019 16:06:00.000000,,,,24.2,
07/29/2019 16:07:00.000000,,,,0.036546,
07/29/2019 16:08:00.000000,,,,18.774419,
07/29/2019 16:09:00.000000,,,,13.955,
07/29/2019 16:10:00.000000,,,,10.978378,
07/29/2019 16:11:00.000000,,,,0.024777,
07/29/2019 16:12:00.000000,,,,0.017881,
07/29/2019 16:13:00.000000,,,,22.741026,
07/29/2019 16:14:00.000000,,,,19.68,
07/29/2019 16:15:00.000000,,,,6.7375,
07/29/2019 16:16:00.000000,,,,23.375,
07/29/2019 16:17:00.000000,,,,15.932558,
07/29/2019 16:18:00.000000,,,,18.07561,
07/29/2019 16:19:00.000000,,,,0.026624,
07/29/2019 16:20:00.000000,,,,0.012871,
07/29/2019 16:21:00.000000,,,,5.80625,
07/29/2019 16:22:00.000000,,,,31.20303,
07/29/2019 16:23:00.000000,,,,0.032994,
07/29/2019 16:24:00.000000,,,,0.023887,
07/29/2019 16:25:00.000000,,,,25.47907,
07/29/2019 16:26:00.000000,,,,19.988571,
07/29/2019 16:27:00.000000,,,,0.023097,
07/29/2019 16:28:00.000000,,,,15.529268,
07/29/2019 16:29:00.000000,,,,0.009658,
07/29/2019 16:30:00.000000,,,,0.013666,
07/29/2019 16:31:00.000000,,,,11.37561,
07/29/2019 16:32:00.000000,,,,18.894737,
07/29/2019 16:33:00.000000,,,,24.5,
07/29/2019 16:34:00.000000,,,,12.071429,
07/29/2019 16:35:00.000000,,,,0.017493,
07/29/2019 16:36:00.000000,,,,11.504651,
07/29/2019 16:37:00.000000,,,,0.016897,
07/29/2019 16:38:00.000000,,,,0.020307,
07/29/2019 16:39:00.000000,,,,0.013495,
07/29/2019 16:40:00.000000,,,,0.02649,
07/29/2019 16:41:00.000000,,,,0.033749,
07/29/2019 16:42:00.000000,,,,0.027598,
07/29/2019 16:43:00.000000,,,,22.15,
07/29/2019 16:44:00.000000,,,,0.036499,
07/29/2019 16:45:00.000000,,,,19.057143,
07/29/2019 16:46:00.000000,,,,0.058829,
07/29/2019 16:47:00.000000,,,,25.569231,
07/29/2019 16:48:00.000000,,,,22.072727,
07/29/2019 16:50:00.000000,,,,13.39375,
07/29/2019 16:51:00.000000,,,,9.525641,
07/29/2019 16:52:00.000000,,,,14.873684,
07/29/2019 16:53:00.000000,,,,18.841667,
07/29/2019 16:54:00.000000,,,,15.269565,
07/29/2019 16:55:00.000000,,,,24.069231,
07/29/2019 16:56:00.000000,,,,0.02102,
07/29/2019 16:57:00.000000,,,,14.642857,
07/29/2019 16:58:00.000000,,,,16.32,
07/29/2019 16:59:00.000000,,,,0.038783,
07/29/2019 17:00:00.000000,,,,15.93,
07/29/2019 17:01:00.000000,,,,0.013199,
07/29/2019 17:02:00.000000,,,,16.983721,
07/29/2019 17:03:00.000000,,,,0.022841,
07/29/2019 17:04:00.000000,,,,0.014892,
07/29/2019 17:05:00.000000,,,,0.015085,
07/29/2019 17:06:00.000000,,,,13.773333,
07/29/2019 17:07:00.000000,,,,0.032055,
07/29/2019 17:08:00.000000,,,,0.023055,
07/29/2019 17:09:00.000000,,,,0.017824,
07/29/2019 17:10:00.000000,,,,0.011885,
07/29/2019 17:11:00.000000,,,,25.942105,
07/29/2019 17:12:00.000000,,,,14.775676,
07/29/2019 17:13:00.000000,,,,15.945455,
07/29/2019 17:14:00.000000,,,,5.853125,
07/29/2019 17:15:00.000000,,,,25.625,
07/29/2019 17:16:00.000000,,,,0.03265,
07/29/2019 17:17:00.000000,,,,13.083721,
07/29/2019 17:18:00.000000,,,,0.031619,
07/29/2019 17:19:00.000000,,,,0.019053,
07/29/2019 17:20:00.000000,,,,0.03372,
07/29/2019 17:21:00.000000,,,,17.553333,
07/29/2019 17:22:00.000000,,,,0.026905,
07/29/2019 17:23:00.000000,,,,10.72381,
07/29/2019 17:24:00.000000,,,,0.011872,
07/29/2019 17:25:00.000000,,,,13.283333,
07/29/2019 17:26:00.000000,,,,47.315909,
07/29/2019 17:27:00.000000,,,,0.027409,
07/29/2019 17:28:00.000000,,,,0.013597,
07/29/2019 17:29:00.000000,,,,0.026924,
07/29/2019 17:30:00.000000,,,,19.176923,
07/29/2019 17:31:00.000000,,,,0.016884,
07/29/2019 17:32:00.000000,,,,4.6925,
07/29/2019 17:33:00.000000,,,,0.033531,
07/29/2019 17:34:00.000000,,,,29.542857,
07/29/2019 17:35:00.000000,,,,0.028118,
07/29/2019 17:36:00.000000,,,,0.016375,
07/29/2019 17:37:00.000000,,,,5.882051,
07/29/2019 17:38:00.000000,,,,4.451351,
07/29/2019 17:39:00.000000,,,,0.016369,
07/29/2019 17:40:00.000000,,,,0.016219,
07/29/2019 17:41:00.000000,,,,13.371429,
07/29/2019 17:42:00.000000,,,,14.433333,
07/29/2019 17:43:00.000000,,,,13.063415,
07/29/2019 17:44:00.000000,,,,10.727273,
07/29/2019 17:45:00.000000,,,,15.738235,
07/29/2019 17:46:00.000000,,,,0.012433,
07/29/2019 17:47:00.000000,,,,15.965,
07/29/2019 17:48:00.000000,,,,20.785,
07/29/2019 17:49:00.000000,,,,15.307692,
07/29/2019 17:50:00.000000,,,,12.366667,
07/29/2019 17:51:00.000000,,,,9.695122,
07/29/2019 17:52:00.000000,,,,0.015423,
07/29/2019 17:53:00.000000,,,,5.36,
07/29/2019 17:54:00.000000,,,,0.030454,
07/29/2019 17:55:00.000000,,,,27.671429,
07/29/2019 17:56:00.000000,,,,23.384615,
07/29/2019 17:57:00.000000,,,,0.013894,
07/29/2019 17:58:00.000000,,,,0.013866,
07/29/2019 17:59:00.000000,,,,0.021016,
07/29/2019 18:00:00.000000,,,,0.015442,
07/29/2019 18:01:00.000000,,,,0.041272,
07/29/2019 18:02:00.000000,,,,0.035594,
07/29/2019 18:03:00.000000,,,,16.207407,
07/29/2019 18:04:00.000000,,,,11.921212,
07/29/2019 18:05:00.000000,,,,15.945455,
07/29/2019 18:06:00.000000,,,,22.444681,
07/29/2019 18:07:00.000000,,,,18.858621,
07/29/2019 18:08:00.000000,,,,15.462162,
07/29/2019 18:09:00.000000,,,,12.213889,
07/29/2019 18:10:00.000000,,,,0.016782,
07/29/2019 18:11:00.000000,,,,8.163636,
07/29/2019 18:12:00.000000,,,,0.030864,
07/29/2019 18:13:00.000000,,,,0.024218,
07/29/2019 18:14:00.000000,,,,0.006768,
07/29/2019 18:15:00.000000,,,,0.025646,
07/29/2019 18:16:00.000000,,,,7.4,
07/29/2019 18:17:00.000000,,,,22.6,
07/29/2019 18:18:00.000000,,,,13.2,
07/29/2019 18:19:00.000000,,,,0.022002,
07/29/2019 18:20:00.000000,,,,16.651429,
07/29/2019 18:21:00.000000,,,,0.010829,
07/29/2019 18:22:00.000000,,,,9.45,
07/29/2019 18:23:00.000000,,,,0.014821,
07/29/2019 18:24:00.000000,,,,0.007685,
07/29/2019 18:25:00.000000,,,,16.251282,
07/29/2019 18:26:00.000000,,,,12.033333,
07/29/2019 18:27:00.000000,,,,6.887805,
07/29/2019 18:28:00.000000,,,,15.35,
07/29/2019 18:30:00.000000,,,,3.822222,
07/29/2019 18:31:00.000000,,,,0.021939,
07/29/2019 18:32:00.000000,,,,0.013012,
07/29/2019 18:33:00.000000,,,,15.964865,
07/29/2019 18:34:00.000000,,,,10.942857,
07/29/2019 18:35:00.000000,,,,0.014871,
07/29/2019 18:36:00.000000,,,,0.00843,
07/29/2019 18:37:00.000000,,,,0.017702,
07/29/2019 18:38:00.000000,,,,5.811628,
07/29/2019 18:39:00.000000,,,,0.012941,
07/29/2019 18:40:00.000000,,,,21.635897,
07/29/2019 18:41:00.000000,,,,11.67907,
07/29/2019 18:42:00.000000,,,,3.802326,
07/29/2019 18:43:00.000000,,,,8.328571,
07/29/2019 18:44:00.000000,,,,12.945455,
07/29/2019 18:45:00.000000,,,,0.010041,
07/29/2019 18:46:00.000000,,,,0.004004,
07/29/2019 18:47:00.000000,,,,0.0029,
07/29/2019 18:48:00.000000,,,,0.002759,
07/29/2019 18:49:00.000000,,,,0.005757,
07/29/2019 18:50:00.000000,,,,5.3875,
07/29/2019 18:51:00.000000,,,,0.009089,
07/29/2019 18:52:00.000000,,,,18.838461,
07/29/2019 18:53:00.000000,,,,0.006665,
07/29/2019 18:54:00.000000,,,,0.021684,
07/29/2019 18:55:00.000000,,,,5.253659,
07/29/2019 18:56:00.000000,,,,0.006023,
07/29/2019 18:57:00.000000,,,,0.006197,
07/29/2019 18:58:00.000000,,,,0.00741,
07/29/2019 18:59:00.000000,,,,7.034146,
07/29/2019 19:00:00.000000,,,,4.346809,
07/29/2019 19:01:00.000000,,,,5.740426,
07/29/2019 19:02:00.000000,,,,0.009535,
07/29/2019 19:03:00.000000,,,,0.029237,
07/29/2019 19:04:00.000000,,,,4.72,
07/29/2019 19:05:00.000000,,,,2.765854,
07/29/2019 19:06:00.000000,,,,0.026077,
07/29/2019 19:07:00.000000,,,,0.017754,
07/29/2019 19:08:00.000000,,,,4.031707,
07/29/2019 19:09:00.000000,,,,0.010339,
07/29/2019 19:10:00.000000,,,,0.018659,
07/29/2019 19:11:00.000000,,,,28.25,
07/29/2019 19:12:00.000000,,,,0.033777,
07/29/2019 19:13:00.000000,,,,9.583333,
07/29/2019 19:14:00.000000,,,,7.414286,
07/29/2019 19:15:00.000000,,,,8.161538,
07/29/2019 19:16:00.000000,,,,0.009091,
07/29/2019 19:17:00.000000,,,,14.639024,
07/29/2019 19:18:00.000000,,,,4.497297,
07/29/2019 19:19:00.000000,,,,3.571795,
07/29/2019 19:20:00.000000,,,,0.007863,
07/29/2019 19:21:00.000000,,,,0.019441,
07/29/2019 19:22:00.000000,,,,9.926829,
07/29/2019 19:23:00.000000,,,,0.006951,
07/29/2019 19:24:00.000000,,,,0.004149,
07/29/2019 19:25:00.000000,,,,0.010405,
07/29/2019 19:26:00.000000,,,,4.346154,
07/29/2019 19:27:00.000000,,,,2.985714,
07/29/2019 19:28:00.000000,,,,6.6625,
07/29/2019 19:30:00.000000,,,,5.371429,
07/29/2019 19:31:00.000000,,,,9.383333,
07/29/2019 19:32:00.000000,,,,6.876923,
07/29/2019 19:33:00.000000,,,,0.012034,
07/29/2019 19:34:00.000000,,,,0.008428,
07/29/2019 19:35:00.000000,,,,0.003975,
07/29/2019 19:36:00.000000,,,,6.288095,
07/29/2019 19:37:00.000000,,,,0.008982,
07/29/2019 19:38:00.000000,,,,8.276744,
07/29/2019 19:39:00.000000,,,,0.007855,
07/29/2019 19:40:00.000000,,,,0.005582,
07/29/2019 19:41:00.000000,,,,2.985714,
07/29/2019 19:42:00.000000,,,,0.006364,
07/29/2019 19:43:00.000000,,,,15.695238,
07/29/2019 19:44:00.000000,,,,4.0625,
07/29/2019 19:45:00.000000,,,,0.005365,
07/29/2019 19:46:00.000000,,,,5.871429,
07/29/2019 19:47:00.000000,,,,0.008819,
07/29/2019 19:48:00.000000,,,,5.378049,
07/29/2019 19:49:00.000000,,,,2.861111,
07/29/2019 19:50:00.000000,,,,13.083721,
07/29/2019 19:51:00.000000,,,,0.009177,
07/29/2019 19:52:00.000000,,,,0.009556,
07/29/2019 19:53:00.000000,,,,9.076744,
07/29/2019 19:54:00.000000,,,,6.665854,
07/29/2019 19:55:00.000000,,,,0.003866,
07/29/2019 19:56:00.000000,,,,0.006712,
07/29/2019 19:57:00.000000,,,,2.664286,
07/29/2019 19:58:00.000000,,,,2.457143,
07/29/2019 19:59:00.000000,,,,0.007938,
07/29/2019 20:00:00.000000,,,,10.093333,
07/29/2019 20:01:00.000000,,,,3.963636,
07/29/2019 20:02:00.000000,,,,0.008115,
07/29/2019 20:03:00.000000,,,,0.003992,
07/29/2019 20:04:00.000000,,,,0.006682,
07/29/2019 20:05:00.000000,,,,22.067442,
07/29/2019 20:06:00.000000,,,,8.156098,
07/29/2019 20:07:00.000000,,,,0.008557,
07/29/2019 20:08:00.000000,,,,0.00782,
07/29/2019 20:09:00.000000,,,,0.012121,
07/29/2019 20:10:00.000000,,,,0.007277,
07/29/2019 20:11:00.000000,,,,0.004099,
07/29/2019 20:12:00.000000,,,,0.004991,
07/29/2019 20:13:00.000000,,,,21.195349,
07/29/2019 20:14:00.000000,,,,5.430769,
07/29/2019 20:15:00.000000,,,,2.271429,
07/29/2019 20:16:00.000000,,,,0.011013,
07/29/2019 20:17:00.000000,,,,0.007646,
07/29/2019 20:18:00.000000,,,,0.01186,
07/29/2019 20:19:00.000000,,,,0.008884,
07/29/2019 20:20:00.000000,,,,0.004059,
07/29/2019 20:21:00.000000,,,,0.010088,
07/29/2019 20:22:00.000000,,,,0.01178,
07/29/2019 20:23:00.000000,,,,0.004466,
07/29/2019 20:24:00.000000,,,,0.003424,
07/29/2019 20:25:00.000000,,,,0.00741,
07/29/2019 20:26:00.000000,,,,0.004395,
07/29/2019 20:27:00.000000,,,,0.007639,
07/29/2019 20:28:00.000000,,,,0.012552,
07/29/2019 20:30:00.000000,,,,0.011002,
07/29/2019 20:31:00.000000,,,,3.952632,
07/29/2019 20:32:00.000000,,,,0.011909,
07/29/2019 20:33:00.000000,,,,7.748571,
07/29/2019 20:34:00.000000,,,,0.009554,
07/29/2019 20:35:00.000000,,,,0.004622,
07/29/2019 20:36:00.000000,,,,0.035684,
07/29/2019 20:37:00.000000,,,,0.028469,
07/29/2019 20:38:00.000000,,,,8.066667,
07/29/2019 20:39:00.000000,,,,7.242857,
07/29/2019 20:40:00.000000,,,,0.013782,
07/29/2019 20:41:00.000000,,,,0.016107,
07/29/2019 20:42:00.000000,,,,0.019768,
07/29/2019 20:43:00.000000,,,,33.858696,
07/29/2019 20:44:00.000000,,,,7.175,
07/29/2019 20:45:00.000000,,,,0.011284,
07/29/2019 20:46:00.000000,,,,0.011499,
07/29/2019 20:47:00.000000,,,,0.007365,
07/29/2019 20:48:00.000000,,,,14.490244,
07/29/2019 20:50:00.000000,,,,0.011865,
07/29/2019 20:51:00.000000,,,,0.011671,
07/29/2019 20:52:00.000000,,,,8.483721,
07/29/2019 20:53:00.000000,,,,0.018498,
07/29/2019 20:54:00.000000,,,,0.006353,
07/29/2019 20:55:00.000000,,,,0.009755,
07/29/2019 20:56:00.000000,,,,8.242857,
07/29/2019 20:57:00.000000,,,,16.65641,
07/29/2019 20:58:00.000000,,,,9.382927,
07/29/2019 20:59:00.000000,,,,0.014165,
07/29/2019 21:00:00.000000,,,,0.009702,
07/29/2019 21:01:00.000000,,,,25.738462,
07/29/2019 21:02:00.000000,,,,8.933333,
07/29/2019 21:03:00.000000,,,,0.019275,
07/29/2019 21:04:00.000000,,,,0.023954,
07/29/2019 21:05:00.000000,,,,0.018305,
07/29/2019 21:06:00.000000,,,,8.630769,
07/29/2019 21:07:00.000000,,,,5.914286,
07/29/2019 21:08:00.000000,,,,5.77,
07/29/2019 21:10:00.000000,,,,0.006131,
07/29/2019 21:11:00.000000,,,,23.529545,
07/29/2019 21:12:00.000000,,,,0.027162,
07/29/2019 21:13:00.000000,,,,6.82093,
07/29/2019 21:14:00.000000,,,,8.412821,
07/29/2019 21:15:00.000000,,,,0.017486,
07/29/2019 21:16:00.000000,,,,2.538889,
07/29/2019 21:17:00.000000,,,,5.107143,
07/29/2019 21:18:00.000000,,,,9.66,
07/29/2019 21:19:00.000000,,,,15.271429,
07/29/2019 21:20:00.000000,,,,11.195349,
07/29/2019 21:21:00.000000,,,,8.292683,
07/29/2019 21:22:00.000000,,,,0.015041,
07/29/2019 21:23:00.000000,,,,0.012509,
07/29/2019 21:24:00.000000,,,,7.637209,
07/29/2019 21:25:00.000000,,,,0.01068,
07/29/2019 21:26:00.000000,,,,20.853846,
07/29/2019 21:27:00.000000,,,,0.005313,
07/29/2019 21:28:00.000000,,,,5.755814,
07/29/2019 21:30:00.000000,,,,7.307317,
07/29/2019 21:31:00.000000,,,,10.628571,
07/29/2019 21:32:00.000000,,,,0.004999,
07/29/2019 21:33:00.000000,,,,0.01939,
07/29/2019 21:34:00.000000,,,,8.628571,
07/29/2019 21:35:00.000000,,,,0.025515,
07/29/2019 21:36:00.000000,,,,0.007708,
07/29/2019 21:37:00.000000,,,,13.271429,
07/29/2019 21:38:00.000000,,,,9.870732,
07/29/2019 21:39:00.000000,,,,18.507692,
07/29/2019 21:40:00.000000,,,,0.01197,
07/29/2019 21:41:00.000000,,,,0.01139,
07/29/2019 21:42:00.000000,,,,9.278947,
07/29/2019 21:43:00.000000,,,,0.015902,
07/29/2019 21:44:00.000000,,,,0.012973,
07/29/2019 21:45:00.000000,,,,4.47,
07/29/2019 21:46:00.000000,,,,0.029418,
07/29/2019 21:47:00.000000,,,,0.008548,
07/29/2019 21:48:00.000000,,,,8.27907,
07/29/2019 21:50:00.000000,,,,19.177273,
07/29/2019 21:51:00.000000,,,,0.030589,
07/29/2019 21:52:00.000000,,,,29.792683,
07/29/2019 21:53:00.000000,,,,14.327907,
07/29/2019 21:54:00.000000,,,,18.630952,
07/29/2019 21:55:00.000000,,,,0.028602,
07/29/2019 21:56:00.000000,,,,0.038027,
07/29/2019 21:57:00.000000,,,,28.843902,
07/29/2019 21:58:00.000000,,,,10.073171,
07/29/2019 21:59:00.000000,,,,12.09,
07/29/2019 22:00:00.000000,,,,0.010258,
07/29/2019 22:01:00.000000,,,,0.631141,
07/29/2019 22:02:00.000000,,,,0.139022,
07/29/2019 22:03:00.000000,,,,15.045,
07/29/2019 22:04:00.000000,,,,0.013275,
07/29/2019 22:05:00.000000,,,,0.010937,
07/29/2019 22:06:00.000000,,,,12.134211,
07/29/2019 22:07:00.000000,,,,9.18125,
07/29/2019 22:08:00.000000,,,,14.053846,
07/29/2019 22:09:00.000000,,,,12.144444,
07/29/2019 22:10:00.000000,,,,0.012032,
07/29/2019 22:11:00.000000,,,,0.012292,
07/29/2019 22:12:00.000000,,,,0.011383,
07/29/2019 22:13:00.000000,,,,0.014197,
07/29/2019 22:14:00.000000,,,,14.375,
07/29/2019 22:15:00.000000,,,,22.151351,
07/29/2019 22:16:00.000000,,,,14.509302,
07/29/2019 22:17:00.000000,,,,0.021895,
07/29/2019 22:18:00.000000,,,,0.022954,
07/29/2019 22:19:00.000000,,,,16.533333,
07/29/2019 22:20:00.000000,,,,9.556098,
07/29/2019 22:21:00.000000,,,,6.506977,
07/29/2019 22:22:00.000000,,,,14.330233,
07/29/2019 22:23:00.000000,,,,11.065,
07/29/2019 22:24:00.000000,,,,11.665854,
07/29/2019 22:25:00.000000,,,,0.018763,
07/29/2019 22:26:00.000000,,,,0.013708,
07/29/2019 22:27:00.000000,,,,21.64359,
07/29/2019 22:28:00.000000,,,,11.892308,
07/29/2019 22:29:00.000000,,,,0.009488,
07/29/2019 22:30:00.000000,,,,0.014809,
07/29/2019 22:31:00.000000,,,,9.15,
07/29/2019 22:32:00.000000,,,,19.285366,
07/29/2019 22:33:00.000000,,,,8.795349,
07/29/2019 22:34:00.000000,,,,0.018544,
07/29/2019 22:35:00.000000,,,,0.031914,
07/29/2019 22:36:00.000000,,,,27.62,
07/29/2019 22:37:00.000000,,,,0.01699,
07/29/2019 22:38:00.000000,,,,11.676316,
07/29/2019 22:39:00.000000,,,,0.014748,
07/29/2019 22:40:00.000000,,,,4.394737,
07/29/2019 22:41:00.000000,,,,9.985,
07/29/2019 22:42:00.000000,,,,9.492683,
07/29/2019 22:43:00.000000,,,,0.016211,
07/29/2019 22:44:00.000000,,,,0.012117,
07/29/2019 22:45:00.000000,,,,12.270732,
07/29/2019 22:46:00.000000,,,,0.023156,
07/29/2019 22:47:00.000000,,,,8.602326,
07/29/2019 22:48:00.000000,,,,0.041046,
07/29/2019 22:49:00.000000,,,,10.813953,
07/29/2019 22:50:00.000000,,,,0.004113,
07/29/2019 22:51:00.000000,,,,0.010552,
07/29/2019 22:52:00.000000,,,,0.010509,
07/29/2019 22:53:00.000000,,,,0.010315,
07/29/2019 22:54:00.000000,,,,0.019596,
07/29/2019 22:55:00.000000,,,,17.784615,
07/29/2019 22:56:00.000000,,,,8.142857,
07/29/2019 22:57:00.000000,,,,0.016689,
07/29/2019 22:58:00.000000,,,,0.020931,
07/29/2019 22:59:00.000000,,,,25.731707,
07/29/2019 23:00:00.000000,,,,18.25,
07/29/2019 23:01:00.000000,,,,0.041354,
07/29/2019 23:02:00.000000,,,,16.602632,
07/29/2019 23:03:00.000000,,,,18.771429,
07/29/2019 23:04:00.000000,,,,22.257143,
07/29/2019 23:05:00.000000,,,,19.215,
07/29/2019 23:06:00.000000,,,,0.037029,
07/29/2019 23:07:00.000000,,,,35.7,
07/29/2019 23:08:00.000000,,,,22.257143,
07/29/2019 23:09:00.000000,,,,35.071428,
07/29/2019 23:10:00.000000,,,,0.039711,
07/29/2019 23:11:00.000000,,,,0.025077,
07/29/2019 23:12:00.000000,,,,0.040175,
07/29/2019 23:13:00.000000,,,,24.410256,
07/29/2019 23:14:00.000000,,,,23.955263,
07/29/2019 23:15:00.000000,,,,29.563415,
07/29/2019 23:16:00.000000,,,,23.1,
07/29/2019 23:17:00.000000,,,,20.681818,
07/29/2019 23:18:00.000000,,,,25.120513,
07/29/2019 23:19:00.000000,,,,53.019512,
07/29/2019 23:20:00.000000,,,,0.040985,
07/29/2019 23:21:00.000000,,,,0.017356,
07/29/2019 23:22:00.000000,,,,18.397561,
07/29/2019 23:23:00.000000,,,,12.725641,
07/29/2019 23:24:00.000000,,,,7.96,
07/29/2019 23:25:00.000000,,,,12.080488,
07/29/2019 23:26:00.000000,,,,21.357143,
07/29/2019 23:27:00.000000,,,,6.664103,
07/29/2019 23:28:00.000000,,,,0.024208,
07/29/2019 23:29:00.000000,,,,0.007708,
07/29/2019 23:30:00.000000,,,,0.029277,
07/29/2019 23:31:00.000000,,,,13.597561,
07/29/2019 23:32:00.000000,,,,9.285,
07/29/2019 23:33:00.000000,,,,0.014803,
07/29/2019 23:34:00.000000,,,,10.881395,
07/29/2019 23:35:00.000000,,,,14.840476,
07/29/2019 23:36:00.000000,,,,0.030051,
07/29/2019 23:37:00.000000,,,,0.016948,
07/29/2019 23:38:00.000000,,,,0.014993,
07/29/2019 23:39:00.000000,,,,4.181395,
07/29/2019 23:40:00.000000,,,,0.013667,
07/29/2019 23:41:00.000000,,,,0.00788,
07/29/2019 23:42:00.000000,,,,0.024788,
07/29/2019 23:43:00.000000,,,,0.025798,
07/29/2019 23:44:00.000000,,,,18.746341,
07/29/2019 23:45:00.000000,,,,0.022683,
07/29/2019 23:46:00.000000,,,,0.032736,
07/29/2019 23:47:00.000000,,,,7.79,
07/29/2019 23:48:00.000000,,,,7.643902,
07/29/2019 23:50:00.000000,,,,7.931818,
07/29/2019 23:51:00.000000,,,,0.010848,
07/29/2019 23:52:00.000000,,,,0.011041,
07/29/2019 23:53:00.000000,,,,10.180488,
07/29/2019 23:54:00.000000,,,,8.986047,
07/29/2019 23:55:00.000000,,,,6.335,
07/29/2019 23:56:00.000000,,,,0.012101,
07/29/2019 23:57:00.000000,,,,14.5,
07/29/2019 23:58:00.000000,,,,0.011757,
07/29/2019 23:59:00.000000,,,,10.385714,
07/30/2019 00:00:00.000000,,,,0.006385,
07/30/2019 00:01:00.000000,,,,0.008206,
07/30/2019 00:02:00.000000,,,,13.438462,
07/30/2019 00:03:00.000000,,,,14.055814,
07/30/2019 00:04:00.000000,,,,0.004917,
07/30/2019 00:05:00.000000,,,,5.034146,
07/30/2019 00:06:00.000000,,,,9.788372,
07/30/2019 00:07:00.000000,,,,0.005785,
07/30/2019 00:08:00.000000,,,,2.614286,
07/30/2019 00:09:00.000000,,,,6.645455,
07/30/2019 00:10:00.000000,,,,0.006707,
07/30/2019 00:11:00.000000,,,,0.0036,
07/30/2019 00:12:00.000000,,,,0.003728,
07/30/2019 00:13:00.000000,,,,0.007392,
07/30/2019 00:14:00.000000,,,,0.011943,
07/30/2019 00:15:00.000000,,,,13.67561,
07/30/2019 00:16:00.000000,,,,0.02155,
07/30/2019 00:17:00.000000,,,,18.504651,
07/30/2019 00:18:00.000000,,,,4.675,
07/30/2019 00:19:00.000000,,,,0.020244,
07/30/2019 00:20:00.000000,,,,0.018747,
07/30/2019 00:21:00.000000,,,,0.012909,
07/30/2019 00:22:00.000000,,,,21.729545,
07/30/2019 00:23:00.000000,,,,21.112195,
07/30/2019 00:24:00.000000,,,,0.038872,
07/30/2019 00:25:00.000000,,,,17.852381,
07/30/2019 00:26:00.000000,,,,0.009681,
07/30/2019 00:27:00.000000,,,,10.902326,
07/30/2019 00:28:00.000000,,,,13.663415,
07/30/2019 00:29:00.000000,,,,19.474359,
07/30/2019 00:30:00.000000,,,,30.385714,
07/30/2019 00:31:00.000000,,,,14.08,
07/30/2019 00:32:00.000000,,,,0.013726,
07/30/2019 00:33:00.000000,,,,9.760976,
07/30/2019 00:34:00.000000,,,,0.02084,
07/30/2019 00:35:00.000000,,,,0.004264,
07/30/2019 00:36:00.000000,,,,0.003273,
07/30/2019 00:37:00.000000,,,,0.010466,
07/30/2019 00:38:00.000000,,,,0.010529,
07/30/2019 00:39:00.000000,,,,2.71,
07/30/2019 00:40:00.000000,,,,3.09,
07/30/2019 00:41:00.000000,,,,15.4625,
07/30/2019 00:42:00.000000,,,,12.590244,
07/30/2019 00:43:00.000000,,,,0.014724,
07/30/2019 00:44:00.000000,,,,23.997727,
07/30/2019 00:45:00.000000,,,,0.015256,
07/30/2019 00:46:00.000000,,,,0.015427,
07/30/2019 00:47:00.000000,,,,11.162162,
07/30/2019 00:48:00.000000,,,,11.757895,
07/30/2019 00:49:00.000000,,,,0.011104,
07/30/2019 00:50:00.000000,,,,0.012371,
07/30/2019 00:51:00.000000,,,,0.00444,
07/30/2019 00:52:00.000000,,,,0.009912,
07/30/2019 00:53:00.000000,,,,11.44878,
07/30/2019 00:54:00.000000,,,,0.013212,
07/30/2019 00:55:00.000000,,,,0.022986,
07/30/2019 00:56:00.000000,,,,0.010423,
07/30/2019 00:57:00.000000,,,,3.358537,
07/30/2019 00:58:00.000000,,,,10.980488,
07/30/2019 00:59:00.000000,,,,0.004009,
07/30/2019 01:00:00.000000,,,,8.471429,
07/30/2019 01:01:00.000000,,,,7.02439,
07/30/2019 01:02:00.000000,,,,8.045,
07/30/2019 01:03:00.000000,,,,0.030007,
07/30/2019 01:04:00.000000,,,,10.757143,
07/30/2019 01:05:00.000000,,,,0.003466,
07/30/2019 01:06:00.000000,,,,0.009346,
07/30/2019 01:07:00.000000,,,,0.003515,
07/30/2019 01:08:00.000000,,,,4.528571,
07/30/2019 01:09:00.000000,,,,0.010204,
07/30/2019 01:10:00.000000,,,,9.974419,
07/30/2019 01:11:00.000000,,,,0.009493,
07/30/2019 01:12:00.000000,,,,4.790698,
07/30/2019 01:13:00.000000,,,,2.886364,
07/30/2019 01:14:00.000000,,,,0.008548,
07/30/2019 01:15:00.000000,,,,3.787179,
07/30/2019 01:16:00.000000,,,,0.010487,
07/30/2019 01:17:00.000000,,,,10.5,
07/30/2019 01:18:00.000000,,,,0.004168,
07/30/2019 01:19:00.000000,,,,3.36,
07/30/2019 01:20:00.000000,,,,5.953846,
07/30/2019 01:21:00.000000,,,,0.011138,
07/30/2019 01:22:00.000000,,,,4.05,
07/30/2019 01:23:00.000000,,,,0.007058,
07/30/2019 01:24:00.000000,,,,0.003519,
07/30/2019 01:25:00.000000,,,,0.003166,
07/30/2019 01:26:00.000000,,,,0.00363,
07/30/2019 01:27:00.000000,,,,8.495122,
07/30/2019 01:28:00.000000,,,,0.009782,
07/30/2019 01:29:00.000000,,,,0.015062,
07/30/2019 01:30:00.000000,,,,11.637143,
07/30/2019 01:31:00.000000,,,,3.218519,
07/30/2019 01:32:00.000000,,,,0.008769,
07/30/2019 01:33:00.000000,,,,5.855,
07/30/2019 01:34:00.000000,,,,0.004068,
07/30/2019 01:35:00.000000,,,,0.011895,
07/30/2019 01:36:00.000000,,,,8.735135,
07/30/2019 01:37:00.000000,,,,7.414286,
07/30/2019 01:38:00.000000,,,,0.008168,
07/30/2019 01:39:00.000000,,,,0.0104,
07/30/2019 01:40:00.000000,,,,15.095238,
07/30/2019 01:41:00.000000,,,,0.010252,
07/30/2019 01:42:00.000000,,,,0.017568,
07/30/2019 01:43:00.000000,,,,0.009631,
07/30/2019 01:44:00.000000,,,,8.069444,
07/30/2019 01:45:00.000000,,,,0.006633,
07/30/2019 01:46:00.000000,,,,0.007001,
07/30/2019 01:47:00.000000,,,,15.018182,
07/30/2019 01:48:00.000000,,,,7.2,
07/30/2019 01:49:00.000000,,,,0.010071,
07/30/2019 01:50:00.000000,,,,0.017861,
07/30/2019 01:51:00.000000,,,,0.007674,
07/30/2019 01:52:00.000000,,,,4.236364,
07/30/2019 01:53:00.000000,,,,13.185714,
07/30/2019 01:54:00.000000,,,,0.00628,
07/30/2019 01:55:00.000000,,,,7.54186,
07/30/2019 01:56:00.000000,,,,4.712903,
07/30/2019 01:57:00.000000,,,,0.009029,
07/30/2019 01:58:00.000000,,,,6.042424,
07/30/2019 01:59:00.000000,,,,0.00525,
07/30/2019 02:00:00.000000,,,,8.547368,
07/30/2019 02:01:00.000000,,,,7.180488,
07/30/2019 02:02:00.000000,,,,3.172727,
07/30/2019 02:03:00.000000,,,,0.010835,
07/30/2019 02:04:00.000000,,,,5.484615,
07/30/2019 02:05:00.000000,,,,0.005922,
07/30/2019 02:06:00.000000,,,,6.340909,
07/30/2019 02:07:00.000000,,,,13.665957,
07/30/2019 02:08:00.000000,,,,6.814286,
07/30/2019 02:09:00.000000,,,,2.813333,
07/30/2019 02:10:00.000000,,,,2.4,
07/30/2019 02:11:00.000000,,,,0.005327,
07/30/2019 02:12:00.000000,,,,16.636585,
07/30/2019 02:13:00.000000,,,,10.078049,
07/30/2019 02:14:00.000000,,,,4.297561,
07/30/2019 02:15:00.000000,,,,3.017073,
07/30/2019 02:16:00.000000,,,,0.003754,
07/30/2019 02:17:00.000000,,,,0.005656,
07/30/2019 02:18:00.000000,,,,0.010012,
07/30/2019 02:19:00.000000,,,,0.020233,
07/30/2019 02:20:00.000000,,,,13.448837,
07/30/2019 02:21:00.000000,,,,0.00932,
07/30/2019 02:22:00.000000,,,,0.008357,
07/30/2019 02:23:00.000000,,,,2.92439,
07/30/2019 02:24:00.000000,,,,10.795349,
07/30/2019 02:25:00.000000,,,,0.008252,
07/30/2019 02:26:00.000000,,,,5.328571,
07/30/2019 02:27:00.000000,,,,0.004147,
07/30/2019 02:28:00.000000,,,,0.004692,
07/30/2019 02:29:00.000000,,,,4.326829,
07/30/2019 02:30:00.000000,,,,5.862791,
07/30/2019 02:31:00.000000,,,,3.223077,
07/30/2019 02:32:00.000000,,,,5.827273,
07/30/2019 02:33:00.000000,,,,19.482927,
07/30/2019 02:34:00.000000,,,,10.469231,
07/30/2019 02:35:00.000000,,,,3.528571,
07/30/2019 02:36:00.000000,,,,0.004958,
07/30/2019 02:37:00.000000,,,,3.17561,
07/30/2019 02:38:00.000000,,,,0.008022,
07/30/2019 02:39:00.000000,,,,0.01207,
07/30/2019 02:40:00.000000,,,,0.004173,
07/30/2019 02:41:00.000000,,,,7.929545,
07/30/2019 02:42:00.000000,,,,0.009183,
07/30/2019 02:43:00.000000,,,,4.114286,
07/30/2019 02:44:00.000000,,,,6.955814,
07/30/2019 02:45:00.000000,,,,0.009727,
07/30/2019 02:46:00.000000,,,,0.004382,
07/30/2019 02:47:00.000000,,,,5.444186,
07/30/2019 02:48:00.000000,,,,6.073684,
07/30/2019 02:49:00.000000,,,,11.757143,
07/30/2019 02:50:00.000000,,,,0.005355,
07/30/2019 02:51:00.000000,,,,4.682222,
07/30/2019 02:52:00.000000,,,,0.008681,
07/30/2019 02:53:00.000000,,,,3.95,
07/30/2019 02:54:00.000000,,,,3.358537,
07/30/2019 02:55:00.000000,,,,9.216667,
07/30/2019 02:56:00.000000,,,,5.87561,
07/30/2019 02:57:00.000000,,,,25.295122,
07/30/2019 02:58:00.000000,,,,0.011323,
07/30/2019 02:59:00.000000,,,,11.840909,
07/30/2019 03:00:00.000000,,,,0.02063,
07/30/2019 03:01:00.000000,,,,0.015428,
07/30/2019 03:02:00.000000,,,,0.004575,
07/30/2019 03:03:00.000000,,,,14.3675,
07/30/2019 03:04:00.000000,,,,0.006236,
07/30/2019 03:05:00.000000,,,,0.010749,
07/30/2019 03:06:00.000000,,,,8.571429,
07/30/2019 03:07:00.000000,,,,33.597674,
07/30/2019 03:08:00.000000,,,,0.030512,
07/30/2019 03:09:00.000000,,,,0.013454,
07/30/2019 03:10:00.000000,,,,12.225,
07/30/2019 03:11:00.000000,,,,6.748837,
07/30/2019 03:12:00.000000,,,,0.01876,
07/30/2019 03:13:00.000000,,,,144.285714,
07/30/2019 03:14:00.000000,,,,32.181818,
07/30/2019 03:15:00.000000,,,,0.015177,
07/30/2019 03:16:00.000000,,,,0.009892,
07/30/2019 03:17:00.000000,,,,20.987805,
07/30/2019 03:18:00.000000,,,,9.842857,
07/30/2019 03:19:00.000000,,,,4.526829,
07/30/2019 03:20:00.000000,,,,0.007532,
07/30/2019 03:21:00.000000,,,,3.855263,
07/30/2019 03:22:00.000000,,,,5.442857,
07/30/2019 03:23:00.000000,,,,0.006656,
07/30/2019 03:24:00.000000,,,,0.005028,
07/30/2019 03:25:00.000000,,,,3.642857,
07/30/2019 03:26:00.000000,,,,0.011966,
07/30/2019 03:27:00.000000,,,,7.337209,
07/30/2019 03:28:00.000000,,,,8.0375,
07/30/2019 03:29:00.000000,,,,7.169565,
07/30/2019 03:30:00.000000,,,,0.004632,
07/30/2019 03:31:00.000000,,,,3.148649,
07/30/2019 03:32:00.000000,,,,0.006176,
07/30/2019 03:33:00.000000,,,,8.573684,
07/30/2019 03:34:00.000000,,,,0.008179,
07/30/2019 03:35:00.000000,,,,0.005362,
07/30/2019 03:36:00.000000,,,,3.592308,
07/30/2019 03:37:00.000000,,,,0.004037,
07/30/2019 03:38:00.000000,,,,5.733333,
07/30/2019 03:39:00.000000,,,,0.004313,
07/30/2019 03:40:00.000000,,,,0.00423,
07/30/2019 03:41:00.000000,,,,0.006085,
07/30/2019 03:42:00.000000,,,,9.916667,
07/30/2019 03:43:00.000000,,,,0.012138,
07/30/2019 03:44:00.000000,,,,0.007877,
07/30/2019 03:45:00.000000,,,,7.186957,
07/30/2019 03:46:00.000000,,,,0.004897,
07/30/2019 03:47:00.000000,,,,0.009887,
07/30/2019 03:48:00.000000,,,,5.07,
07/30/2019 03:49:00.000000,,,,0.008033,
07/30/2019 03:50:00.000000,,,,7.263415,
07/30/2019 03:51:00.000000,,,,4.186842,
07/30/2019 03:52:00.000000,,,,10.807692,
07/30/2019 03:53:00.000000,,,,0.008825,
07/30/2019 03:54:00.000000,,,,6.427027,
07/30/2019 03:55:00.000000,,,,0.009492,
07/30/2019 03:56:00.000000,,,,7.614286,
07/30/2019 03:57:00.000000,,,,10.223077,
07/30/2019 03:58:00.000000,,,,4.866667,
07/30/2019 03:59:00.000000,,,,4.533333,
07/30/2019 04:00:00.000000,,,,3.392308,
07/30/2019 04:01:00.000000,,,,0.004209,
07/30/2019 04:02:00.000000,,,,0.018598,
07/30/2019 04:03:00.000000,,,,0.011002,
07/30/2019 04:04:00.000000,,,,0.00598,
07/30/2019 04:05:00.000000,,,,10.731707,
07/30/2019 04:06:00.000000,,,,0.010971,
07/30/2019 04:07:00.000000,,,,7.4,
07/30/2019 04:08:00.000000,,,,4.153846,
07/30/2019 04:10:00.000000,,,,6.590244,
07/30/2019 04:11:00.000000,,,,8.315,
07/30/2019 04:12:00.000000,,,,13.87,
07/30/2019 04:13:00.000000,,,,0.014932,
07/30/2019 04:14:00.000000,,,,0.01026,
07/30/2019 04:15:00.000000,,,,8.070732,
07/30/2019 04:16:00.000000,,,,0.009427,
07/30/2019 04:17:00.000000,,,,6.9,
07/30/2019 04:18:00.000000,,,,9.592308,
07/30/2019 04:19:00.000000,,,,0.014901,
07/30/2019 04:20:00.000000,,,,7.7,
07/30/2019 04:21:00.000000,,,,11.694872,
07/30/2019 04:22:00.000000,,,,13.268421,
07/30/2019 04:23:00.000000,,,,0.014214,
07/30/2019 04:24:00.000000,,,,0.005858,
07/30/2019 04:25:00.000000,,,,7.785714,
07/30/2019 04:26:00.000000,,,,29.111111,
07/30/2019 04:27:00.000000,,,,0.031685,
07/30/2019 04:28:00.000000,,,,20.179487,
07/30/2019 04:30:00.000000,,,,0.013417,
07/30/2019 04:31:00.000000,,,,0.012231,
07/30/2019 04:32:00.000000,,,,0.004552,
07/30/2019 04:33:00.000000,,,,0.003637,
07/30/2019 04:34:00.000000,,,,13.27,
07/30/2019 04:35:00.000000,,,,0.009457,
07/30/2019 04:36:00.000000,,,,6.9875,
07/30/2019 04:37:00.000000,,,,3.988372,
07/30/2019 04:38:00.000000,,,,0.028027,
07/30/2019 04:39:00.000000,,,,0.009707,
07/30/2019 04:40:00.000000,,,,0.00876,
07/30/2019 04:41:00.000000,,,,15.328571,
07/30/2019 04:42:00.000000,,,,0.009154,
07/30/2019 04:43:00.000000,,,,7.678947,
07/30/2019 04:44:00.000000,,,,0.013202,
07/30/2019 04:45:00.000000,,,,13.17907,
07/30/2019 04:46:00.000000,,,,0.009112,
07/30/2019 04:47:00.000000,,,,5.016667,
07/30/2019 04:48:00.000000,,,,0.003799,
07/30/2019 04:49:00.000000,,,,0.014968,
07/30/2019 04:50:00.000000,,,,6.934146,
07/30/2019 04:51:00.000000,,,,5.580556,
07/30/2019 04:52:00.000000,,,,0.009039,
07/30/2019 04:53:00.000000,,,,3.35,
07/30/2019 04:54:00.000000,,,,0.003421,
07/30/2019 04:55:00.000000,,,,0.006592,
07/30/2019 04:56:00.000000,,,,0.00368,
07/30/2019 04:57:00.000000,,,,10.111765,
07/30/2019 04:58:00.000000,,,,0.018181,
07/30/2019 04:59:00.000000,,,,11.276923,
07/30/2019 05:00:00.000000,,,,8.95,
07/30/2019 05:01:00.000000,,,,0.00398,
07/30/2019 05:02:00.000000,,,,0.005431,
07/30/2019 05:03:00.000000,,,,0.008541,
07/30/2019 05:04:00.000000,,,,5.136364,
07/30/2019 05:05:00.000000,,,,0.005784,
07/30/2019 05:06:00.000000,,,,9.978378,
07/30/2019 05:07:00.000000,,,,4.635714,
07/30/2019 05:08:00.000000,,,,4.295,
07/30/2019 05:09:00.000000,,,,3.187805,
07/30/2019 05:10:00.000000,,,,3.229268,
07/30/2019 05:11:00.000000,,,,3.25,
07/30/2019 05:12:00.000000,,,,8.015789,
07/30/2019 05:13:00.000000,,,,0.012915,
07/30/2019 05:14:00.000000,,,,7.817949,
07/30/2019 05:15:00.000000,,,,3.26,
07/30/2019 05:16:00.000000,,,,0.006903,
07/30/2019 05:17:00.000000,,,,0.017351,
07/30/2019 05:18:00.000000,,,,0.015548,
07/30/2019 05:19:00.000000,,,,0.021746,
07/30/2019 05:20:00.000000,,,,7.626316,
07/30/2019 05:21:00.000000,,,,0.004188,
07/30/2019 05:22:00.000000,,,,3.1,
07/30/2019 05:23:00.000000,,,,0.004063,
07/30/2019 05:24:00.000000,,,,0.006385,
07/30/2019 05:25:00.000000,,,,7.058333,
07/30/2019 05:26:00.000000,,,,0.009578,
07/30/2019 05:27:00.000000,,,,13.013793,
07/30/2019 05:28:00.000000,,,,0.007805,
07/30/2019 05:29:00.000000,,,,0.003814,
07/30/2019 05:30:00.000000,,,,0.00454,
07/30/2019 05:31:00.000000,,,,0.006198,
07/30/2019 05:32:00.000000,,,,0.006095,
07/30/2019 05:33:00.000000,,,,0.010117,
07/30/2019 05:34:00.000000,,,,12.226316,
07/30/2019 05:35:00.000000,,,,6.716216,
07/30/2019 05:36:00.000000,,,,3.215789,
07/30/2019 05:37:00.000000,,,,2.716279,
07/30/2019 05:38:00.000000,,,,2.2575,
07/30/2019 05:39:00.000000,,,,11.55122,
07/30/2019 05:40:00.000000,,,,9.065116,
07/30/2019 05:41:00.000000,,,,0.00427,
07/30/2019 05:42:00.000000,,,,6.104762,
07/30/2019 05:43:00.000000,,,,10.790244,
07/30/2019 05:44:00.000000,,,,0.01447,
07/30/2019 05:45:00.000000,,,,6.715789,
07/30/2019 05:46:00.000000,,,,6.147368,
07/30/2019 05:47:00.000000,,,,3.434146,
07/30/2019 05:48:00.000000,,,,0.004685,
07/30/2019 05:49:00.000000,,,,4.185714,
07/30/2019 05:50:00.000000,,,,0.00681,
07/30/2019 05:51:00.000000,,,,10.264286,
07/30/2019 05:52:00.000000,,,,9.666667,
07/30/2019 05:53:00.000000,,,,0.0051,
07/30/2019 05:54:00.000000,,,,0.002581,
07/30/2019 05:55:00.000000,,,,2.186667,
07/30/2019 05:56:00.000000,,,,9.4,
07/30/2019 05:57:00.000000,,,,0.004499,
07/30/2019 05:58:00.000000,,,,4.461905,
07/30/2019 05:59:00.000000,,,,0.003047,
07/30/2019 06:00:00.000000,,,,0.022472,
07/30/2019 06:01:00.000000,,,,0.008303,
07/30/2019 06:02:00.000000,,,,4.036111,
07/30/2019 06:03:00.000000,,,,3.666667,
07/30/2019 06:04:00.000000,,,,0.003027,
07/30/2019 06:05:00.000000,,,,0.006675,
07/30/2019 06:06:00.000000,,,,0.003731,
07/30/2019 06:07:00.000000,,,,0.007442,
07/30/2019 06:08:00.000000,,,,9.271429,
07/30/2019 06:10:00.000000,,,,0.011671,
07/30/2019 06:11:00.000000,,,,2.925581,
07/30/2019 06:12:00.000000,,,,0.002819,
07/30/2019 06:13:00.000000,,,,0.002757,
07/30/2019 06:14:00.000000,,,,0.01901,
07/30/2019 06:15:00.000000,,,,0.006095,
07/30/2019 06:16:00.000000,,,,0.033853,
07/30/2019 06:17:00.000000,,,,0.00937,
07/30/2019 06:18:00.000000,,,,0.002612,
07/30/2019 06:19:00.000000,,,,5.160976,
07/30/2019 06:20:00.000000,,,,0.007173,
07/30/2019 06:21:00.000000,,,,0.008562,
07/30/2019 06:22:00.000000,,,,5.509302,
07/30/2019 06:23:00.000000,,,,0.016315,
07/30/2019 06:24:00.000000,,,,7.009524,
07/30/2019 06:25:00.000000,,,,2.8,
07/30/2019 06:26:00.000000,,,,5.95,
07/30/2019 06:27:00.000000,,,,0.007712,
07/30/2019 06:28:00.000000,,,,0.005203,
07/30/2019 06:29:00.000000,,,,8.118182,
07/30/2019 06:30:00.000000,,,,0.007422,
07/30/2019 06:31:00.000000,,,,2.644444,
07/30/2019 06:32:00.000000,,,,2.714286,
07/30/2019 06:33:00.000000,,,,2.5375,
07/30/2019 06:34:00.000000,,,,43.027907,
07/30/2019 06:35:00.000000,,,,0.021166,
07/30/2019 06:36:00.000000,,,,8.792683,
07/30/2019 06:37:00.000000,,,,0.013579,
07/30/2019 06:38:00.000000,,,,9.825,
07/30/2019 06:39:00.000000,,,,6.416279,
07/30/2019 06:40:00.000000,,,,2.904762,
07/30/2019 06:41:00.000000,,,,13.9625,
07/30/2019 06:42:00.000000,,,,4.2,
07/30/2019 06:43:00.000000,,,,0.024006,
07/30/2019 06:44:00.000000,,,,10.231707,
07/30/2019 06:45:00.000000,,,,0.003846,
07/30/2019 06:46:00.000000,,,,8.570732,
07/30/2019 06:47:00.000000,,,,0.004053,
07/30/2019 06:48:00.000000,,,,0.013993,
07/30/2019 06:49:00.000000,,,,11.817073,
07/30/2019 06:50:00.000000,,,,0.003814,
07/30/2019 06:51:00.000000,,,,0.003203,
07/30/2019 06:52:00.000000,,,,0.002664,
07/30/2019 06:53:00.000000,,,,0.010023,
07/30/2019 06:54:00.000000,,,,7.822727,
07/30/2019 06:55:00.000000,,,,3.28,
07/30/2019 06:56:00.000000,,,,0.008012,
07/30/2019 06:57:00.000000,,,,0.004467,
07/30/2019 06:58:00.000000,,,,3.105882,
07/30/2019 06:59:00.000000,,,,3.382857,
07/30/2019 07:00:00.000000,,,,0.005711,
07/30/2019 07:01:00.000000,,,,2.66,
07/30/2019 07:02:00.000000,,,,5.246667,
07/30/2019 07:03:00.000000,,,,0.005494,
07/30/2019 07:04:00.000000,,,,4.383333,
07/30/2019 07:05:00.000000,,,,4.571429,
07/30/2019 07:06:00.000000,,,,7.46,
07/30/2019 07:07:00.000000,,,,0.003441,
07/30/2019 07:08:00.000000,,,,0.00765,
07/30/2019 07:09:00.000000,,,,2.9125,
07/30/2019 07:10:00.000000,,,,0.006406,
07/30/2019 07:11:00.000000,,,,6.075556,
07/30/2019 07:12:00.000000,,,,0.005659,
07/30/2019 07:13:00.000000,,,,0.008437,
07/30/2019 07:14:00.000000,,,,0.003462,
07/30/2019 07:15:00.000000,,,,4.213636,
07/30/2019 07:16:00.000000,,,,0.005825,
07/30/2019 07:17:00.000000,,,,0.007898,
07/30/2019 07:18:00.000000,,,,0.008541,
07/30/2019 07:19:00.000000,,,,0.003224,
07/30/2019 07:20:00.000000,,,,5.875,
07/30/2019 07:21:00.000000,,,,3.085,
07/30/2019 07:22:00.000000,,,,0.005732,
07/30/2019 07:23:00.000000,,,,6.771429,
07/30/2019 07:24:00.000000,,,,0.005297,
07/30/2019 07:25:00.000000,,,,0.00794,
07/30/2019 07:26:00.000000,,,,3.340476,
07/30/2019 07:27:00.000000,,,,0.004975,
07/30/2019 07:28:00.000000,,,,15.129268,
07/30/2019 07:29:00.000000,,,,0.007836,
07/30/2019 07:30:00.000000,,,,2.514286,
07/30/2019 07:31:00.000000,,,,6.754545,
07/30/2019 07:32:00.000000,,,,0.010666,
07/30/2019 07:33:00.000000,,,,3.468293,
07/30/2019 07:34:00.000000,,,,0.008033,
07/30/2019 07:35:00.000000,,,,5.8375,
07/30/2019 07:36:00.000000,,,,7.593023,
07/30/2019 07:37:00.000000,,,,6.407317,
07/30/2019 07:38:00.000000,,,,0.006221,
07/30/2019 07:39:00.000000,,,,0.008706,
07/30/2019 07:40:00.000000,,,,3.311628,
07/30/2019 07:41:00.000000,,,,6.556098,
07/30/2019 07:42:00.000000,,,,7.113953,
07/30/2019 07:43:00.000000,,,,0.006998,
07/30/2019 07:44:00.000000,,,,3.833333,
07/30/2019 07:45:00.000000,,,,0.003209,
07/30/2019 07:46:00.000000,,,,6.25,
07/30/2019 07:47:00.000000,,,,0.012453,
07/30/2019 07:48:00.000000,,,,0.00824,
07/30/2019 07:49:00.000000,,,,0.008395,
07/30/2019 07:50:00.000000,,,,3.444186,
07/30/2019 07:51:00.000000,,,,2.464103,
07/30/2019 07:52:00.000000,,,,0.008447,
07/30/2019 07:53:00.000000,,,,0.005528,
07/30/2019 07:54:00.000000,,,,3.033333,
07/30/2019 07:55:00.000000,,,,0.008261,
07/30/2019 07:56:00.000000,,,,3.22439,
07/30/2019 07:57:00.000000,,,,3.318605,
07/30/2019 07:58:00.000000,,,,0.007526,
07/30/2019 07:59:00.000000,,,,0.010331,
07/30/2019 08:00:00.000000,,,,4.08,
07/30/2019 08:01:00.000000,,,,6.207143,
07/30/2019 08:02:00.000000,,,,8.55,
07/30/2019 08:03:00.000000,,,,0.008333,
07/30/2019 08:04:00.000000,,,,0.010917,
07/30/2019 08:05:00.000000,,,,0.014019,
07/30/2019 08:06:00.000000,,,,4.202564,
07/30/2019 08:07:00.000000,,,,0.009429,
07/30/2019 08:08:00.000000,,,,15.13,
07/30/2019 08:09:00.000000,,,,0.010814,
07/30/2019 08:10:00.000000,,,,0.008622,
07/30/2019 08:11:00.000000,,,,0.014867,
07/30/2019 08:12:00.000000,,,,4.567442,
07/30/2019 08:13:00.000000,,,,10.368182,
07/30/2019 08:14:00.000000,,,,17.676923,
07/30/2019 08:15:00.000000,,,,5.190244,
07/30/2019 08:16:00.000000,,,,3.387179,
07/30/2019 08:17:00.000000,,,,2.885714,
07/30/2019 08:18:00.000000,,,,5.95,
07/30/2019 08:19:00.000000,,,,3.353846,
07/30/2019 08:20:00.000000,,,,3.765854,
07/30/2019 08:21:00.000000,,,,0.006906,
07/30/2019 08:22:00.000000,,,,3.775,
07/30/2019 08:23:00.000000,,,,6.473171,
07/30/2019 08:24:00.000000,,,,0.008788,
07/30/2019 08:25:00.000000,,,,0.009119,
07/30/2019 08:26:00.000000,,,,4.314286,
07/30/2019 08:27:00.000000,,,,3.972727,
07/30/2019 08:28:00.000000,,,,0.004338,
07/30/2019 08:29:00.000000,,,,13.409756,
07/30/2019 08:30:00.000000,,,,0.008301,
07/30/2019 08:31:00.000000,,,,0.009138,
07/30/2019 08:32:00.000000,,,,0.008467,
07/30/2019 08:33:00.000000,,,,3.112903,
07/30/2019 08:34:00.000000,,,,12.602381,
07/30/2019 08:35:00.000000,,,,5.192683,
07/30/2019 08:36:00.000000,,,,2.795455,
07/30/2019 08:37:00.000000,,,,5.576923,
07/30/2019 08:38:00.000000,,,,6.895349,
07/30/2019 08:39:00.000000,,,,5.238095,
07/30/2019 08:40:00.000000,,,,0.007847,
07/30/2019 08:41:00.000000,,,,7.565854,
07/30/2019 08:42:00.000000,,,,6.276744,
07/30/2019 08:43:00.000000,,,,8.610526,
07/30/2019 08:44:00.000000,,,,0.006732,
07/30/2019 08:45:00.000000,,,,0.009953,
07/30/2019 08:46:00.000000,,,,11.287805,
07/30/2019 08:47:00.000000,,,,6.87027,
07/30/2019 08:48:00.000000,,,,0.010511,
07/30/2019 08:49:00.000000,,,,5.533333,
07/30/2019 08:50:00.000000,,,,7.642857,
07/30/2019 08:51:00.000000,,,,0.01208,
07/30/2019 08:52:00.000000,,,,0.005792,
07/30/2019 08:53:00.000000,,,,5.364706,
07/30/2019 08:54:00.000000,,,,0.00762,
07/30/2019 08:55:00.000000,,,,0.009293,
07/30/2019 08:56:00.000000,,,,0.006464,
07/30/2019 08:57:00.000000,,,,0.012101,
07/30/2019 08:58:00.000000,,,,0.004801,
07/30/2019 08:59:00.000000,,,,0.009768,
07/30/2019 09:00:00.000000,,,,3.821951,
07/30/2019 09:01:00.000000,,,,0.008167,
07/30/2019 09:02:00.000000,,,,0.008952,
07/30/2019 09:03:00.000000,,,,0.004805,
07/30/2019 09:04:00.000000,,,,0.006228,
07/30/2019 09:05:00.000000,,,,0.004929,
07/30/2019 09:06:00.000000,,,,3.529268,
07/30/2019 09:07:00.000000,,,,0.007528,
07/30/2019 09:08:00.000000,,,,4.004651,
07/30/2019 09:10:00.000000,,,,5.990244,
07/30/2019 09:11:00.000000,,,,0.004434,
07/30/2019 09:12:00.000000,,,,7.997297,
07/30/2019 09:13:00.000000,,,,12.78,
07/30/2019 09:14:00.000000,,,,7.484615,
07/30/2019 09:15:00.000000,,,,8.27381,
07/30/2019 09:16:00.000000,,,,0.005362,
07/30/2019 09:17:00.000000,,,,0.010518,
07/30/2019 09:18:00.000000,,,,0.005878,
07/30/2019 09:19:00.000000,,,,0.006352,
07/30/2019 09:20:00.000000,,,,0.006476,
07/30/2019 09:21:00.000000,,,,0.005094,
07/30/2019 09:22:00.000000,,,,3.471429,
07/30/2019 09:23:00.000000,,,,5.673684,
07/30/2019 09:24:00.000000,,,,0.007239,
07/30/2019 09:25:00.000000,,,,0.00563,
07/30/2019 09:26:00.000000,,,,0.004496,
07/30/2019 09:27:00.000000,,,,0.004125,
07/30/2019 09:28:00.000000,,,,0.008208,
07/30/2019 09:29:00.000000,,,,0.006661,
07/30/2019 09:30:00.000000,,,,0.004743,
07/30/2019 09:31:00.000000,,,,0.008992,
07/30/2019 09:32:00.000000,,,,0.011021,
07/30/2019 09:33:00.000000,,,,5.585714,
07/30/2019 09:34:00.000000,,,,13.8,
07/30/2019 09:35:00.000000,,,,0.006673,
07/30/2019 09:36:00.000000,,,,3.313158,
07/30/2019 09:37:00.000000,,,,0.009021,
07/30/2019 09:38:00.000000,,,,5.588372,
07/30/2019 09:39:00.000000,,,,0.007126,
07/30/2019 09:40:00.000000,,,,0.012543,
07/30/2019 09:41:00.000000,,,,0.006591,
07/30/2019 09:42:00.000000,,,,0.011884,
07/30/2019 09:43:00.000000,,,,0.010545,
07/30/2019 09:44:00.000000,,,,7.583721,
07/30/2019 09:45:00.000000,,,,6.826316,
07/30/2019 09:46:00.000000,,,,6.786364,
07/30/2019 09:47:00.000000,,,,5.911111,
07/30/2019 09:48:00.000000,,,,0.004799,
07/30/2019 09:49:00.000000,,,,0.010401,
07/30/2019 09:50:00.000000,,,,13.497561,
07/30/2019 09:51:00.000000,,,,0.01415,
07/30/2019 09:52:00.000000,,,,0.008845,
07/30/2019 09:53:00.000000,,,,0.006166,
07/30/2019 09:54:00.000000,,,,0.0086,
07/30/2019 09:55:00.000000,,,,12.15,
07/30/2019 09:56:00.000000,,,,9.05,
07/30/2019 09:57:00.000000,,,,4.833333,
07/30/2019 09:58:00.000000,,,,0.004558,
07/30/2019 09:59:00.000000,,,,7.266667,
07/30/2019 10:00:00.000000,,,,0.005775,
07/30/2019 10:01:00.000000,,,,5.736842,
07/30/2019 10:02:00.000000,,,,0.00721,
07/30/2019 10:03:00.000000,,,,14.702564,
07/30/2019 10:04:00.000000,,,,8.542857,
07/30/2019 10:05:00.000000,,,,0.011925,
07/30/2019 10:06:00.000000,,,,0.005746,
07/30/2019 10:07:00.000000,,,,11.364865,
07/30/2019 10:08:00.000000,,,,0.006014,
07/30/2019 10:10:00.000000,,,,3.839535,
07/30/2019 10:11:00.000000,,,,0.010751,
07/30/2019 10:12:00.000000,,,,0.00931,
07/30/2019 10:13:00.000000,,,,0.005582,
07/30/2019 10:14:00.000000,,,,8.309756,
07/30/2019 10:15:00.000000,,,,5.425,
07/30/2019 10:16:00.000000,,,,4.15122,
07/30/2019 10:17:00.000000,,,,7.017073,
07/30/2019 10:18:00.000000,,,,0.012708,
07/30/2019 10:19:00.000000,,,,14.876923,
07/30/2019 10:20:00.000000,,,,0.012774,
07/30/2019 10:21:00.000000,,,,0.005801,
07/30/2019 10:22:00.000000,,,,8.790244,
07/30/2019 10:23:00.000000,,,,9.924242,
07/30/2019 10:24:00.000000,,,,0.009997,
07/30/2019 10:25:00.000000,,,,8.670732,
07/30/2019 10:26:00.000000,,,,0.01265,
07/30/2019 10:27:00.000000,,,,0.014502,
07/30/2019 10:28:00.000000,,,,0.02489,
07/30/2019 10:29:00.000000,,,,0.01626,
07/30/2019 10:30:00.000000,,,,5.241463,
07/30/2019 10:31:00.000000,,,,6.485714,
07/30/2019 10:32:00.000000,,,,9.938298,
07/30/2019 10:33:00.000000,,,,0.006574,
07/30/2019 10:34:00.000000,,,,7.855556,
07/30/2019 10:35:00.000000,,,,9.617073,
07/30/2019 10:36:00.000000,,,,11.204878,
07/30/2019 10:37:00.000000,,,,8.375,
07/30/2019 10:38:00.000000,,,,28.459459,
07/30/2019 10:39:00.000000,,,,15.1575,
07/30/2019 10:40:00.000000,,,,0.010385,
07/30/2019 10:41:00.000000,,,,0.008289,
07/30/2019 10:42:00.000000,,,,0.007909,
07/30/2019 10:43:00.000000,,,,0.007272,
07/30/2019 10:44:00.000000,,,,6.877143,
07/30/2019 10:45:00.000000,,,,9.997561,
07/30/2019 10:46:00.000000,,,,9.137778,
07/30/2019 10:47:00.000000,,,,0.01249,
07/30/2019 10:48:00.000000,,,,0.017133,
07/30/2019 10:49:00.000000,,,,12.293182,
07/30/2019 10:50:00.000000,,,,0.015038,
07/30/2019 10:51:00.000000,,,,0.015674,
07/30/2019 10:52:00.000000,,,,19.330233,
07/30/2019 10:53:00.000000,,,,19.071739,
07/30/2019 10:54:00.000000,,,,0.020481,
07/30/2019 10:55:00.000000,,,,20.015217,
07/30/2019 10:56:00.000000,,,,0.032662,
07/30/2019 10:57:00.000000,,,,8.830769,
07/30/2019 10:58:00.000000,,,,0.017623,
07/30/2019 10:59:00.000000,,,,13.494737,
07/30/2019 11:00:00.000000,,,,0.046387,
07/30/2019 11:01:00.000000,,,,0.032847,
07/30/2019 11:02:00.000000,,,,0.022383,
07/30/2019 11:03:00.000000,,,,22.766667,
07/30/2019 11:04:00.000000,,,,0.029451,
07/30/2019 11:05:00.000000,,,,26.941667,
07/30/2019 11:06:00.000000,,,,0.033544,
07/30/2019 11:07:00.000000,,,,0.039077,
07/30/2019 11:08:00.000000,,,,17.22381,
07/30/2019 11:09:00.000000,,,,22.330435,
07/30/2019 11:10:00.000000,,,,45.294737,
07/30/2019 11:11:00.000000,,,,0.038869,
07/30/2019 11:12:00.000000,,,,0.045558,
07/30/2019 11:13:00.000000,,,,0.025612,
07/30/2019 11:14:00.000000,,,,0.031749,
07/30/2019 11:15:00.000000,,,,36.604651,
07/30/2019 11:16:00.000000,,,,30.572727,
07/30/2019 11:17:00.000000,,,,0.061725,
07/30/2019 11:18:00.000000,,,,30.205263,
07/30/2019 11:19:00.000000,,,,22.884615,
07/30/2019 11:20:00.000000,,,,21.239535,
07/30/2019 11:21:00.000000,,,,25.282927,
07/30/2019 11:22:00.000000,,,,0.042163,
07/30/2019 11:23:00.000000,,,,0.041069,
07/30/2019 11:24:00.000000,,,,34.097727,
07/30/2019 11:25:00.000000,,,,0.028259,
07/30/2019 11:26:00.000000,,,,30.546154,
07/30/2019 11:27:00.000000,,,,35.369767,
07/30/2019 11:28:00.000000,,,,0.028658,
07/30/2019 11:29:00.000000,,,,27.92,
07/30/2019 11:30:00.000000,,,,32.133333,
07/30/2019 11:31:00.000000,,,,21.484444,
07/30/2019 11:32:00.000000,,,,0.027162,
07/30/2019 11:33:00.000000,,,,0.026567,
07/30/2019 11:34:00.000000,,,,0.024687,
07/30/2019 11:35:00.000000,,,,0.02812,
07/30/2019 11:36:00.000000,,,,0.030358,
07/30/2019 11:37:00.000000,,,,0.034353,
07/30/2019 11:38:00.000000,,,,27.873171,
07/30/2019 11:39:00.000000,,,,0.036846,
07/30/2019 11:40:00.000000,,,,46.210526,
07/30/2019 11:41:00.000000,,,,25.916,
07/30/2019 11:42:00.000000,,,,23.557143,
07/30/2019 11:43:00.000000,,,,29.560976,
07/30/2019 11:44:00.000000,,,,28.815,
07/30/2019 11:45:00.000000,,,,0.044836,
07/30/2019 11:46:00.000000,,,,30.297727,
07/30/2019 11:47:00.000000,,,,0.035262,
07/30/2019 11:48:00.000000,,,,41.262791,
07/30/2019 11:49:00.000000,,,,31.604878,
07/30/2019 11:50:00.000000,,,,24.22619,
07/30/2019 11:51:00.000000,,,,29.705,
07/30/2019 11:52:00.000000,,,,0.039002,
07/30/2019 11:53:00.000000,,,,0.030909,
07/30/2019 11:54:00.000000,,,,0.02252,
07/30/2019 11:55:00.000000,,,,36.153659,
07/30/2019 11:56:00.000000,,,,24.702439,
07/30/2019 11:57:00.000000,,,,37.84186,
07/30/2019 11:58:00.000000,,,,0.044203,
07/30/2019 11:59:00.000000,,,,0.047089,
07/30/2019 12:00:00.000000,,,,40.053846,
07/30/2019 12:01:00.000000,,,,0.036777,
07/30/2019 12:02:00.000000,,,,34.509524,
07/30/2019 12:03:00.000000,,,,0.058003,
07/30/2019 12:04:00.000000,,,,37.915789,
07/30/2019 12:05:00.000000,,,,30.348718,
07/30/2019 12:06:00.000000,,,,0.052901,
07/30/2019 12:07:00.000000,,,,33.302326,
07/30/2019 12:08:00.000000,,,,0.039573,
07/30/2019 12:10:00.000000,,,,26.595122,
07/30/2019 12:11:00.000000,,,,35.5975,
07/30/2019 12:12:00.000000,,,,0.072636,
07/30/2019 12:13:00.000000,,,,0.036981,
07/30/2019 12:14:00.000000,,,,31.18,
07/30/2019 12:15:00.000000,,,,34.277273,
07/30/2019 12:16:00.000000,,,,38.223077,
07/30/2019 12:17:00.000000,,,,0.062942,
07/30/2019 12:18:00.000000,,,,42.820454,
07/30/2019 12:19:00.000000,,,,0.045084,
07/30/2019 12:20:00.000000,,,,32.6,
07/30/2019 12:21:00.000000,,,,0.028899,
07/30/2019 12:22:00.000000,,,,36.3375,
07/30/2019 12:23:00.000000,,,,0.029267,
07/30/2019 12:24:00.000000,,,,32.507692,
07/30/2019 12:25:00.000000,,,,28.880488,
07/30/2019 12:26:00.000000,,,,0.044472,
07/30/2019 12:27:00.000000,,,,24.714286,
07/30/2019 12:28:00.000000,,,,39.317073,
07/30/2019 12:29:00.000000,,,,39.962791,
07/30/2019 12:30:00.000000,,,,0.036757,
07/30/2019 12:31:00.000000,,,,0.040431,
07/30/2019 12:32:00.000000,,,,0.059289,
07/30/2019 12:33:00.000000,,,,0.063738,
07/30/2019 12:34:00.000000,,,,45.771429,
07/30/2019 12:35:00.000000,,,,0.05086,
07/30/2019 12:36:00.000000,,,,0.07733,
07/30/2019 12:37:00.000000,,,,44.878049,
07/30/2019 12:38:00.000000,,,,0.054533,
07/30/2019 12:39:00.000000,,,,0.048145,
07/30/2019 12:40:00.000000,,,,0.028695,
07/30/2019 12:41:00.000000,,,,0.031634,
07/30/2019 12:42:00.000000,,,,0.026512,
07/30/2019 12:43:00.000000,,,,0.015021,
07/30/2019 12:44:00.000000,,,,24.607143,
07/30/2019 12:45:00.000000,,,,0.034492,
07/30/2019 12:46:00.000000,,,,0.042043,
07/30/2019 12:47:00.000000,,,,0.048166,
07/30/2019 12:48:00.000000,,,,0.040166,
07/30/2019 12:49:00.000000,,,,48.633333,
07/30/2019 12:50:00.000000,,,,0.042527,
07/30/2019 12:51:00.000000,,,,0.044591,
07/30/2019 12:52:00.000000,,,,0.034619,
07/30/2019 12:53:00.000000,,,,39.995349,
07/30/2019 12:54:00.000000,,,,0.068068,
07/30/2019 12:55:00.000000,,,,0.040127,
07/30/2019 12:56:00.000000,,,,0.040946,
07/30/2019 12:57:00.000000,,,,0.049622,
07/30/2019 12:58:00.000000,,,,0.05128,
07/30/2019 12:59:00.000000,,,,0.06104,
07/30/2019 13:00:00.000000,,,,0.03935,
07/30/2019 13:01:00.000000,,,,23.876316,
07/30/2019 13:02:00.000000,,,,17.507317,
07/30/2019 13:03:00.000000,,,,38.752381,
07/30/2019 13:04:00.000000,,,,0.049684,
07/30/2019 13:05:00.000000,,,,19.778947,
07/30/2019 13:06:00.000000,,,,41.3,
07/30/2019 13:07:00.000000,,,,0.059133,
07/30/2019 13:08:00.000000,,,,41.9,
07/30/2019 13:10:00.000000,,,,43.610526,
07/30/2019 13:11:00.000000,,,,0.055998,
07/30/2019 13:12:00.000000,,,,0.03934,
07/30/2019 13:13:00.000000,,,,0.031124,
07/30/2019 13:14:00.000000,,,,0.027968,
07/30/2019 13:15:00.000000,,,,38.790244,
07/30/2019 13:16:00.000000,,,,30.2,
07/30/2019 13:17:00.000000,,,,0.048514,
07/30/2019 13:18:00.000000,,,,54.7,
07/30/2019 13:19:00.000000,,,,38.676744,
07/30/2019 13:20:00.000000,,,,25.797674,
07/30/2019 13:21:00.000000,,,,29.721053,
07/30/2019 13:22:00.000000,,,,0.049116,
07/30/2019 13:23:00.000000,,,,0.050874,
07/30/2019 13:24:00.000000,,,,0.077386,
07/30/2019 13:25:00.000000,,,,45.414286,
07/30/2019 13:26:00.000000,,,,34.269231,
07/30/2019 13:27:00.000000,,,,0.043325,
07/30/2019 13:28:00.000000,,,,0.043469,
07/30/2019 13:29:00.000000,,,,31.242105,
07/30/2019 13:30:00.000000,,,,36.951163,
07/30/2019 13:31:00.000000,,,,0.053338,
07/30/2019 13:32:00.000000,,,,42.6,
07/30/2019 13:33:00.000000,,,,40.043902,
07/30/2019 13:34:00.000000,,,,0.041469,
07/30/2019 13:35:00.000000,,,,0.041222,
07/30/2019 13:36:00.000000,,,,0.040132,
07/30/2019 13:37:00.000000,,,,52.257895,
07/30/2019 13:38:00.000000,,,,0.048711,
07/30/2019 13:39:00.000000,,,,0.04142,
07/30/2019 13:40:00.000000,,,,46.829268,
07/30/2019 13:41:00.000000,,,,39.130769,
07/30/2019 13:42:00.000000,,,,0.062882,
07/30/2019 13:43:00.000000,,,,0.048114,
07/30/2019 13:44:00.000000,,,,0.043047,
07/30/2019 13:45:00.000000,,,,45.938462,
07/30/2019 13:46:00.000000,,,,49.492683,
07/30/2019 13:47:00.000000,,,,39.797561,
07/30/2019 13:48:00.000000,,,,33.913953,
07/30/2019 13:49:00.000000,,,,0.055704,
07/30/2019 13:50:00.000000,,,,0.062227,
07/30/2019 13:51:00.000000,,,,0.090407,
07/30/2019 13:52:00.000000,,,,45.06,
07/30/2019 13:53:00.000000,,,,30.423256,
07/30/2019 13:54:00.000000,,,,0.043407,
07/30/2019 13:55:00.000000,,,,41.846154,
07/30/2019 13:56:00.000000,,,,27.97561,
07/30/2019 13:57:00.000000,,,,52.613333,
07/30/2019 13:58:00.000000,,,,0.066552,
07/30/2019 13:59:00.000000,,,,0.047826,
07/30/2019 14:00:00.000000,,,,34.245455,
07/30/2019 14:01:00.000000,,,,38.742857,
07/30/2019 14:02:00.000000,,,,0.052345,
07/30/2019 14:03:00.000000,,,,0.045157,
07/30/2019 14:04:00.000000,,,,0.060196,
07/30/2019 14:05:00.000000,,,,0.034146,
07/30/2019 14:06:00.000000,,,,32.260976,
07/30/2019 14:07:00.000000,,,,30.826829,
07/30/2019 14:08:00.000000,,,,32.785714,
07/30/2019 14:09:00.000000,,,,0.028998,
07/30/2019 14:10:00.000000,,,,0.054071,
07/30/2019 14:11:00.000000,,,,50.885366,
07/30/2019 14:12:00.000000,,,,32.014286,
07/30/2019 14:13:00.000000,,,,33.771429,
07/30/2019 14:14:00.000000,,,,37.110345,
07/30/2019 14:15:00.000000,,,,0.049278,
07/30/2019 14:16:00.000000,,,,0.055142,
07/30/2019 14:17:00.000000,,,,27.973684,
07/30/2019 14:18:00.000000,,,,0.041805,
07/30/2019 14:19:00.000000,,,,31.14186,
07/30/2019 14:20:00.000000,,,,31.435,
07/30/2019 14:21:00.000000,,,,0.056138,
07/30/2019 14:22:00.000000,,,,37.882927,
07/30/2019 14:23:00.000000,,,,24.015385,
07/30/2019 14:24:00.000000,,,,0.037803,
07/30/2019 14:25:00.000000,,,,0.06672,
07/30/2019 14:26:00.000000,,,,50.616279,
07/30/2019 14:27:00.000000,,,,0.059415,
07/30/2019 14:28:00.000000,,,,0.037641,
07/30/2019 14:29:00.000000,,,,39.138462,
07/30/2019 14:30:00.000000,,,,56.914286,
07/30/2019 14:31:00.000000,,,,64.139535,
07/30/2019 14:32:00.000000,,,,53.628571,
07/30/2019 14:33:00.000000,,,,38.96,
07/30/2019 14:34:00.000000,,,,0.065191,
07/30/2019 14:35:00.000000,,,,26.151282,
07/30/2019 14:36:00.000000,,,,43.445,
07/30/2019 14:37:00.000000,,,,0.063781,
07/30/2019 14:38:00.000000,,,,0.074394,
07/30/2019 14:39:00.000000,,,,42.679487,
07/30/2019 14:40:00.000000,,,,62.093023,
07/30/2019 14:41:00.000000,,,,35.794872,
07/30/2019 14:42:00.000000,,,,0.03562,
07/30/2019 14:43:00.000000,,,,0.040278,
07/30/2019 14:44:00.000000,,,,27.342857,
07/30/2019 14:45:00.000000,,,,24.55,
07/30/2019 14:46:00.000000,,,,32.290244,
07/30/2019 14:47:00.000000,,,,22.9,
07/30/2019 14:48:00.000000,,,,0.022333,
07/30/2019 14:49:00.000000,,,,0.03187,
07/30/2019 14:50:00.000000,,,,31.383721,
07/30/2019 14:51:00.000000,,,,18.497561,
07/30/2019 14:52:00.000000,,,,0.038688,
07/30/2019 14:53:00.000000,,,,38.15,
07/30/2019 14:54:00.000000,,,,24.006977,
07/30/2019 14:55:00.000000,,,,25.087805,
07/30/2019 14:56:00.000000,,,,21.72381,
07/30/2019 14:57:00.000000,,,,29.569231,
07/30/2019 14:58:00.000000,,,,44.655,
07/30/2019 14:59:00.000000,,,,33.972727,
07/30/2019 15:00:00.000000,,,,32.92439,
07/30/2019 15:01:00.000000,,,,21.488636,
07/30/2019 15:02:00.000000,,,,20.256098,
07/30/2019 15:03:00.000000,,,,59.768182,
07/30/2019 15:04:00.000000,,,,43.121951,
07/30/2019 15:05:00.000000,,,,31.2,
07/30/2019 15:06:00.000000,,,,0.042539,
07/30/2019 15:07:00.000000,,,,0.047168,
07/30/2019 15:08:00.000000,,,,0.037303,
07/30/2019 15:09:00.000000,,,,36.963415,
07/30/2019 15:10:00.000000,,,,0.058406,
07/30/2019 15:11:00.000000,,,,0.034393,
07/30/2019 15:12:00.000000,,,,15.943902,
07/30/2019 15:13:00.000000,,,,0.021433,
07/30/2019 15:14:00.000000,,,,0.023698,
07/30/2019 15:15:00.000000,,,,0.025949,
07/30/2019 15:16:00.000000,,,,0.041346,
07/30/2019 15:17:00.000000,,,,30.857895,
07/30/2019 15:18:00.000000,,,,27.48,
07/30/2019 15:19:00.000000,,,,0.034647,
07/30/2019 15:20:00.000000,,,,0.031099,
07/30/2019 15:21:00.000000,,,,0.041749,
07/30/2019 15:22:00.000000,,,,0.010492,
07/30/2019 15:23:00.000000,,,,0.026366,
07/30/2019 15:24:00.000000,,,,0.047811,
07/30/2019 15:25:00.000000,,,,0.029372,
07/30/2019 15:26:00.000000,,,,0.029709,
07/30/2019 15:27:00.000000,,,,35.739024,
07/30/2019 15:28:00.000000,,,,0.037504,
07/30/2019 15:29:00.000000,,,,42.459524,
07/30/2019 15:30:00.000000,,,,55.069767,
07/30/2019 15:31:00.000000,,,,0.048483,
07/30/2019 15:32:00.000000,,,,0.035409,
07/30/2019 15:33:00.000000,,,,17.014286,
07/30/2019 15:34:00.000000,,,,24.521951,
07/30/2019 15:35:00.000000,,,,37.287805,
07/30/2019 15:36:00.000000,,,,0.065196,
07/30/2019 15:37:00.000000,,,,0.041061,
07/30/2019 15:38:00.000000,,,,48.284615,
07/30/2019 15:39:00.000000,,,,59.241463,
07/30/2019 15:40:00.000000,,,,54.680488,
07/30/2019 15:41:00.000000,,,,29.114634,
07/30/2019 15:42:00.000000,,,,40.521951,
07/30/2019 15:43:00.000000,,,,0.035668,
07/30/2019 15:44:00.000000,,,,0.057328,
07/30/2019 15:45:00.000000,,,,0.052936,
07/30/2019 15:46:00.000000,,,,0.057357,
07/30/2019 15:47:00.000000,,,,49.348837,
07/30/2019 15:48:00.000000,,,,33.868182,
07/30/2019 15:49:00.000000,,,,0.037626,
07/30/2019 15:50:00.000000,,,,0.059349,
07/30/2019 15:51:00.000000,,,,85.692683,
07/30/2019 15:52:00.000000,,,,0.074411,
07/30/2019 15:53:00.000000,,,,43.827273,
07/30/2019 15:54:00.000000,,,,40.328571,
07/30/2019 15:55:00.000000,,,,0.055314,
07/30/2019 15:56:00.000000,,,,56.060465,
07/30/2019 15:57:00.000000,,,,33.090698,
07/30/2019 15:58:00.000000,,,,0.042693,
07/30/2019 15:59:00.000000,,,,27.5375,
07/30/2019 16:00:00.000000,,,,0.0475,
07/30/2019 16:01:00.000000,,,,0.055069,
07/30/2019 16:02:00.000000,,,,52.018605,
07/30/2019 16:03:00.000000,,,,0.055597,
07/30/2019 16:04:00.000000,,,,0.080028,
07/30/2019 16:05:00.000000,,,,0.065052,
07/30/2019 16:06:00.000000,,,,42.670732,
07/30/2019 16:07:00.000000,,,,0.286909,
07/30/2019 16:08:00.000000,,,,74.6625,
07/30/2019 16:09:00.000000,,,,33.095454,
07/30/2019 16:10:00.000000,,,,47.855814,
07/30/2019 16:11:00.000000,,,,0.08435,
07/30/2019 16:12:00.000000,,,,35.397619,
07/30/2019 16:13:00.000000,,,,17.709524,
07/30/2019 16:14:00.000000,,,,0.008057,
07/30/2019 16:15:00.000000,,,,27.082927,
07/30/2019 16:16:00.000000,,,,37.828571,
07/30/2019 16:17:00.000000,,,,59.755814,
07/30/2019 16:18:00.000000,,,,48.609091,
07/30/2019 16:19:00.000000,,,,0.04828,
07/30/2019 16:20:00.000000,,,,19.514286,
07/30/2019 16:21:00.000000,,,,0.059057,
07/30/2019 16:22:00.000000,,,,36.459524,
07/30/2019 16:23:00.000000,,,,18.94878,
07/30/2019 16:24:00.000000,,,,0.082875,
07/30/2019 16:25:00.000000,,,,30.962791,
07/30/2019 16:26:00.000000,,,,0.044952,
07/30/2019 16:27:00.000000,,,,34.239024,
07/30/2019 16:28:00.000000,,,,36.082927,
07/30/2019 16:29:00.000000,,,,0.054539,
07/30/2019 16:30:00.000000,,,,0.034261,
07/30/2019 16:31:00.000000,,,,27.468293,
07/30/2019 16:32:00.000000,,,,0.045474,
07/30/2019 16:33:00.000000,,,,42.173684,
07/30/2019 16:34:00.000000,,,,27.363158,
07/30/2019 16:35:00.000000,,,,0.067418,
07/30/2019 16:36:00.000000,,,,0.042498,
07/30/2019 16:37:00.000000,,,,0.03839,
07/30/2019 16:38:00.000000,,,,57.502439,
07/30/2019 16:39:00.000000,,,,0.044455,
07/30/2019 16:40:00.000000,,,,37.533333,
07/30/2019 16:41:00.000000,,,,29.268421,
07/30/2019 16:42:00.000000,,,,0.025271,
07/30/2019 16:43:00.000000,,,,35.261538,
07/30/2019 16:44:00.000000,,,,27.176744,
07/30/2019 16:45:00.000000,,,,6.915385,
07/30/2019 16:46:00.000000,,,,16.406977,
07/30/2019 16:47:00.000000,,,,0.027422,
07/30/2019 16:48:00.000000,,,,0.026949,
07/30/2019 16:49:00.000000,,,,27.3,
07/30/2019 16:50:00.000000,,,,0.026325,
07/30/2019 16:51:00.000000,,,,0.018023,
07/30/2019 16:52:00.000000,,,,0.023658,
07/30/2019 16:53:00.000000,,,,33.7,
07/30/2019 16:54:00.000000,,,,0.018023,
07/30/2019 16:55:00.000000,,,,21.358537,
07/30/2019 16:56:00.000000,,,,0.020066,
07/30/2019 16:57:00.000000,,,,14.412195,
07/30/2019 16:58:00.000000,,,,0.029465,
07/30/2019 16:59:00.000000,,,,20.7,
07/30/2019 17:00:00.000000,,,,0.016059,
07/30/2019 17:01:00.000000,,,,18.125,
07/30/2019 17:02:00.000000,,,,36.574359,
07/30/2019 17:03:00.000000,,,,0.02017,
07/30/2019 17:04:00.000000,,,,15.218182,
07/30/2019 17:05:00.000000,,,,0.049245,
07/30/2019 17:06:00.000000,,,,52.172727,
07/30/2019 17:07:00.000000,,,,29.310811,
07/30/2019 17:08:00.000000,,,,18.118421,
07/30/2019 17:09:00.000000,,,,44.87907,
07/30/2019 17:10:00.000000,,,,30.192308,
07/30/2019 17:11:00.000000,,,,0.02366,
07/30/2019 17:12:00.000000,,,,19.343902,
07/30/2019 17:13:00.000000,,,,27.368293,
07/30/2019 17:14:00.000000,,,,11.797561,
07/30/2019 17:15:00.000000,,,,10.592308,
07/30/2019 17:16:00.000000,,,,19.145,
07/30/2019 17:17:00.000000,,,,15.67027,
07/30/2019 17:18:00.000000,,,,0.031805,
07/30/2019 17:19:00.000000,,,,0.032465,
07/30/2019 17:20:00.000000,,,,0.016033,
07/30/2019 17:21:00.000000,,,,0.023113,
07/30/2019 17:22:00.000000,,,,0.018179,
07/30/2019 17:23:00.000000,,,,9.18,
07/30/2019 17:24:00.000000,,,,14.886486,
07/30/2019 17:25:00.000000,,,,0.016283,
07/30/2019 17:26:00.000000,,,,0.014106,
07/30/2019 17:27:00.000000,,,,15.575676,
07/30/2019 17:28:00.000000,,,,0.049789,
07/30/2019 17:29:00.000000,,,,16.561538,
07/30/2019 17:30:00.000000,,,,0.023788,
07/30/2019 17:31:00.000000,,,,0.024667,
07/30/2019 17:32:00.000000,,,,18.97561,
07/30/2019 17:33:00.000000,,,,19.6,
07/30/2019 17:34:00.000000,,,,0.004648,
07/30/2019 17:35:00.000000,,,,10.523684,
07/30/2019 17:36:00.000000,,,,0.007262,
07/30/2019 17:37:00.000000,,,,0.011907,
07/30/2019 17:38:00.000000,,,,0.021824,
07/30/2019 17:39:00.000000,,,,0.005154,
07/30/2019 17:40:00.000000,,,,0.007938,
07/30/2019 17:41:00.000000,,,,15.155,
07/30/2019 17:42:00.000000,,,,10.7,
07/30/2019 17:43:00.000000,,,,22.844186,
07/30/2019 17:44:00.000000,,,,0.015916,
07/30/2019 17:45:00.000000,,,,3.676923,
07/30/2019 17:46:00.000000,,,,31.142857,
07/30/2019 17:47:00.000000,,,,31.923256,
07/30/2019 17:48:00.000000,,,,63.753488,
07/30/2019 17:50:00.000000,,,,0.063774,
07/30/2019 17:51:00.000000,,,,0.071181,
07/30/2019 17:52:00.000000,,,,36.272727,
07/30/2019 17:53:00.000000,,,,32.066667,
07/30/2019 17:54:00.000000,,,,0.057155,
07/30/2019 17:55:00.000000,,,,54.560976,
07/30/2019 17:56:00.000000,,,,42.346512,
07/30/2019 17:57:00.000000,,,,64.065909,
07/30/2019 17:58:00.000000,,,,78.971429,
07/30/2019 17:59:00.000000,,,,0.120898,
07/30/2019 18:00:00.000000,,,,74.306818,
07/30/2019 18:01:00.000000,,,,87.95,
07/30/2019 18:02:00.000000,,,,0.071909,
07/30/2019 18:03:00.000000,,,,0.086026,
07/30/2019 18:04:00.000000,,,,192.063636,
07/30/2019 18:05:00.000000,,,,0.149735,
07/30/2019 18:06:00.000000,,,,85.918605,
07/30/2019 18:07:00.000000,,,,71.87561,
07/30/2019 18:08:00.000000,,,,57.586047,
07/30/2019 18:10:00.000000,,,,0.099002,
07/30/2019 18:11:00.000000,,,,0.096386,
07/30/2019 18:12:00.000000,,,,48.735555,
07/30/2019 18:13:00.000000,,,,0.074744,
07/30/2019 18:14:00.000000,,,,0.061318,
07/30/2019 18:15:00.000000,,,,0.061964,
07/30/2019 18:16:00.000000,,,,50.654762,
07/30/2019 18:17:00.000000,,,,0.097987,
07/30/2019 18:18:00.000000,,,,0.094382,
07/30/2019 18:19:00.000000,,,,79.988095,
07/30/2019 18:20:00.000000,,,,48.559091,
07/30/2019 18:21:00.000000,,,,88.628571,
07/30/2019 18:22:00.000000,,,,0.083278,
07/30/2019 18:23:00.000000,,,,0.117862,
07/30/2019 18:24:00.000000,,,,0.098813,
07/30/2019 18:25:00.000000,,,,0.09082,
07/30/2019 18:26:00.000000,,,,58.886364,
07/30/2019 18:27:00.000000,,,,0.064978,
07/30/2019 18:28:00.000000,,,,0.120037,
07/30/2019 18:29:00.000000,,,,80.104545,
07/30/2019 18:30:00.000000,,,,64.8125,
07/30/2019 18:31:00.000000,,,,44.586047,
07/30/2019 18:32:00.000000,,,,55.625581,
07/30/2019 18:33:00.000000,,,,0.069825,
07/30/2019 18:34:00.000000,,,,0.068225,
07/30/2019 18:35:00.000000,,,,0.072176,
07/30/2019 18:36:00.000000,,,,54.307317,
07/30/2019 18:37:00.000000,,,,0.057534,
07/30/2019 18:38:00.000000,,,,0.070882,
07/30/2019 18:39:00.000000,,,,69.656098,
07/30/2019 18:40:00.000000,,,,0.081781,
07/30/2019 18:41:00.000000,,,,56.407692,
07/30/2019 18:42:00.000000,,,,49.813636,
07/30/2019 18:43:00.000000,,,,0.076728,
07/30/2019 18:44:00.000000,,,,49.2,
07/30/2019 18:45:00.000000,,,,77.616667,
07/30/2019 18:46:00.000000,,,,68.842857,
07/30/2019 18:47:00.000000,,,,0.118778,
07/30/2019 18:48:00.000000,,,,0.1406,
07/30/2019 18:50:00.000000,,,,89.85814,
07/30/2019 18:51:00.000000,,,,0.111069,
07/30/2019 18:52:00.000000,,,,0.083599,
07/30/2019 18:53:00.000000,,,,0.090227,
07/30/2019 18:54:00.000000,,,,0.073058,
07/30/2019 18:55:00.000000,,,,22.990909,
07/30/2019 18:56:00.000000,,,,37.97561,
07/30/2019 18:57:00.000000,,,,66.582927,
07/30/2019 18:58:00.000000,,,,34.85,
07/30/2019 18:59:00.000000,,,,0.100844,
07/30/2019 19:00:00.000000,,,,0.051681,
07/30/2019 19:01:00.000000,,,,0.070921,
07/30/2019 19:02:00.000000,,,,0.078247,
07/30/2019 19:03:00.000000,,,,0.061117,
07/30/2019 19:04:00.000000,,,,47.527907,
07/30/2019 19:05:00.000000,,,,0.061318,
07/30/2019 19:06:00.000000,,,,0.08268,
07/30/2019 19:07:00.000000,,,,45.92093,
07/30/2019 19:08:00.000000,,,,0.085949,
07/30/2019 19:09:00.000000,,,,0.085557,
07/30/2019 19:10:00.000000,,,,63.985366,
07/30/2019 19:11:00.000000,,,,67.667442,
07/30/2019 19:12:00.000000,,,,0.070899,
07/30/2019 19:13:00.000000,,,,55.02439,
07/30/2019 19:14:00.000000,,,,0.087972,
07/30/2019 19:15:00.000000,,,,61.442857,
07/30/2019 19:16:00.000000,,,,0.099115,
07/30/2019 19:17:00.000000,,,,60.964286,
07/30/2019 19:18:00.000000,,,,0.081998,
07/30/2019 19:19:00.000000,,,,0.048504,
07/30/2019 19:20:00.000000,,,,0.055911,
07/30/2019 19:21:00.000000,,,,0.044008,
07/30/2019 19:22:00.000000,,,,46.876744,
07/30/2019 19:23:00.000000,,,,42.355,
07/30/2019 19:24:00.000000,,,,0.046589,
07/30/2019 19:25:00.000000,,,,0.066711,
07/30/2019 19:26:00.000000,,,,39.554054,
07/30/2019 19:27:00.000000,,,,0.061461,
07/30/2019 19:28:00.000000,,,,49.648837,
07/30/2019 19:30:00.000000,,,,0.062491,
07/30/2019 19:31:00.000000,,,,0.039506,
07/30/2019 19:32:00.000000,,,,31.525581,
07/30/2019 19:33:00.000000,,,,0.057457,
07/30/2019 19:34:00.000000,,,,32.041463,
07/30/2019 19:35:00.000000,,,,0.054874,
07/30/2019 19:36:00.000000,,,,41.665116,
07/30/2019 19:37:00.000000,,,,0.038569,
07/30/2019 19:38:00.000000,,,,42.285,
07/30/2019 19:39:00.000000,,,,52.585714,
07/30/2019 19:40:00.000000,,,,48.414286,
07/30/2019 19:41:00.000000,,,,0.043228,
07/30/2019 19:42:00.000000,,,,46.535714,
07/30/2019 19:43:00.000000,,,,0.032862,
07/30/2019 19:44:00.000000,,,,32.268182,
07/30/2019 19:45:00.000000,,,,34.929268,
07/30/2019 19:46:00.000000,,,,0.035102,
07/30/2019 19:47:00.000000,,,,0.036887,
07/30/2019 19:48:00.000000,,,,29.282927,
07/30/2019 19:49:00.000000,,,,0.045316,
07/30/2019 19:50:00.000000,,,,30.736364,
07/30/2019 19:51:00.000000,,,,32.89,
07/30/2019 19:52:00.000000,,,,0.03667,
07/30/2019 19:53:00.000000,,,,0.035102,
07/30/2019 19:54:00.000000,,,,0.043537,
07/30/2019 19:55:00.000000,,,,0.033201,
07/30/2019 19:56:00.000000,,,,0.027054,
07/30/2019 19:57:00.000000,,,,0.034153,
07/30/2019 19:58:00.000000,,,,44.712195,
07/30/2019 19:59:00.000000,,,,36.617073,
07/30/2019 20:00:00.000000,,,,39.545238,
07/30/2019 20:01:00.000000,,,,39.438462,
07/30/2019 20:02:00.000000,,,,40.1525,
07/30/2019 20:03:00.000000,,,,0.057208,
07/30/2019 20:04:00.000000,,,,26.24,
07/30/2019 20:05:00.000000,,,,0.031759,
07/30/2019 20:06:00.000000,,,,30.475676,
07/30/2019 20:07:00.000000,,,,0.037845,
07/30/2019 20:08:00.000000,,,,26.32,
07/30/2019 20:10:00.000000,,,,30.0,
07/30/2019 20:11:00.000000,,,,25.716216,
07/30/2019 20:12:00.000000,,,,0.097672,
07/30/2019 20:13:00.000000,,,,31.362791,
07/30/2019 20:14:00.000000,,,,36.2,
07/30/2019 20:15:00.000000,,,,25.6,
07/30/2019 20:16:00.000000,,,,0.026871,
07/30/2019 20:17:00.000000,,,,17.2,
07/30/2019 20:18:00.000000,,,,0.033987,
07/30/2019 20:19:00.000000,,,,0.058784,
07/30/2019 20:20:00.000000,,,,0.048696,
07/30/2019 20:21:00.000000,,,,0.022565,
07/30/2019 20:22:00.000000,,,,0.027296,
07/30/2019 20:23:00.000000,,,,30.277273,
07/30/2019 20:24:00.000000,,,,26.174419,
07/30/2019 20:25:00.000000,,,,0.024068,
07/30/2019 20:26:00.000000,,,,21.608108,
07/30/2019 20:27:00.000000,,,,19.653488,
07/30/2019 20:28:00.000000,,,,49.433333,
07/30/2019 20:29:00.000000,,,,22.634146,
07/30/2019 20:30:00.000000,,,,0.02197,
07/30/2019 20:31:00.000000,,,,0.016594,
07/30/2019 20:32:00.000000,,,,12.744444,
07/30/2019 20:33:00.000000,,,,0.027782,
07/30/2019 20:34:00.000000,,,,0.026826,
07/30/2019 20:35:00.000000,,,,17.357143,
07/30/2019 20:36:00.000000,,,,13.4,
07/30/2019 20:37:00.000000,,,,4.815789,
07/30/2019 20:38:00.000000,,,,0.033516,
07/30/2019 20:39:00.000000,,,,15.536585,
07/30/2019 20:40:00.000000,,,,0.022996,
07/30/2019 20:41:00.000000,,,,0.042196,
07/30/2019 20:42:00.000000,,,,0.022584,
07/30/2019 20:43:00.000000,,,,10.465,
07/30/2019 20:44:00.000000,,,,0.017963,
07/30/2019 20:45:00.000000,,,,0.02419,
07/30/2019 20:46:00.000000,,,,0.014297,
07/30/2019 20:47:00.000000,,,,0.012984,
07/30/2019 20:48:00.000000,,,,20.879545,
07/30/2019 20:50:00.000000,,,,0.014553,
07/30/2019 20:51:00.000000,,,,14.045946,
07/30/2019 20:52:00.000000,,,,19.338461,
07/30/2019 20:53:00.000000,,,,0.022611,
07/30/2019 20:54:00.000000,,,,0.029093,
07/30/2019 20:55:00.000000,,,,0.024256,
07/30/2019 20:56:00.000000,,,,20.485366,
07/30/2019 20:57:00.000000,,,,22.863415,
07/30/2019 20:58:00.000000,,,,0.013619,
07/30/2019 20:59:00.000000,,,,33.377273,
07/30/2019 21:00:00.000000,,,,18.2,
07/30/2019 21:01:00.000000,,,,13.963636,
07/30/2019 21:02:00.000000,,,,0.014963,
07/30/2019 21:03:00.000000,,,,12.08,
07/30/2019 21:04:00.000000,,,,12.370732,
07/30/2019 21:05:00.000000,,,,0.010309,
07/30/2019 21:06:00.000000,,,,4.0375,
07/30/2019 21:07:00.000000,,,,17.071429,
07/30/2019 21:08:00.000000,,,,0.012036,
07/30/2019 21:09:00.000000,,,,0.014415,
07/30/2019 21:10:00.000000,,,,11.316129,
07/30/2019 21:11:00.000000,,,,0.015651,
07/30/2019 21:12:00.000000,,,,8.744186,
07/30/2019 21:13:00.000000,,,,0.008764,
07/30/2019 21:14:00.000000,,,,0.005429,
07/30/2019 21:15:00.000000,,,,7.712195,
07/30/2019 21:16:00.000000,,,,0.02069,
07/30/2019 21:17:00.000000,,,,0.018597,
07/30/2019 21:18:00.000000,,,,0.020297,
07/30/2019 21:19:00.000000,,,,5.485366,
07/30/2019 21:20:00.000000,,,,0.01367,
07/30/2019 21:21:00.000000,,,,10.251163,
07/30/2019 21:22:00.000000,,,,25.023256,
07/30/2019 21:23:00.000000,,,,16.990244,
07/30/2019 21:24:00.000000,,,,0.007667,
07/30/2019 21:25:00.000000,,,,0.016807,
07/30/2019 21:26:00.000000,,,,13.319512,
07/30/2019 21:27:00.000000,,,,8.915385,
07/30/2019 21:28:00.000000,,,,21.065789,
07/30/2019 21:29:00.000000,,,,25.314286,
07/30/2019 21:30:00.000000,,,,0.015342,
07/30/2019 21:31:00.000000,,,,0.022027,
07/30/2019 21:32:00.000000,,,,0.02008,
07/30/2019 21:33:00.000000,,,,7.046875,
07/30/2019 21:34:00.000000,,,,0.014474,
07/30/2019 21:35:00.000000,,,,17.5,
07/30/2019 21:36:00.000000,,,,5.871429,
07/30/2019 21:37:00.000000,,,,0.015763,
07/30/2019 21:38:00.000000,,,,16.76,
07/30/2019 21:39:00.000000,,,,5.351429,
07/30/2019 21:40:00.000000,,,,0.009191,
07/30/2019 21:41:00.000000,,,,26.145,
07/30/2019 21:42:00.000000,,,,8.15,
07/30/2019 21:43:00.000000,,,,0.010661,
07/30/2019 21:44:00.000000,,,,0.02426,
07/30/2019 21:45:00.000000,,,,0.01494,
07/30/2019 21:46:00.000000,,,,7.881818,
07/30/2019 21:47:00.000000,,,,25.7375,
07/30/2019 21:48:00.000000,,,,0.022385,
07/30/2019 21:49:00.000000,,,,16.528571,
07/30/2019 21:50:00.000000,,,,16.714286,
07/30/2019 21:51:00.000000,,,,23.5,
07/30/2019 21:52:00.000000,,,,0.020603,
07/30/2019 21:53:00.000000,,,,10.388095,
07/30/2019 21:54:00.000000,,,,0.010007,
07/30/2019 21:55:00.000000,,,,0.008001,
07/30/2019 21:56:00.000000,,,,6.778049,
07/30/2019 21:57:00.000000,,,,0.015697,
07/30/2019 21:58:00.000000,,,,5.651515,
07/30/2019 21:59:00.000000,,,,10.733333,
07/30/2019 22:00:00.000000,,,,0.017398,
07/30/2019 22:01:00.000000,,,,0.009897,
07/30/2019 22:02:00.000000,,,,0.005629,
07/30/2019 22:03:00.000000,,,,0.005368,
07/30/2019 22:04:00.000000,,,,4.793333,
07/30/2019 22:05:00.000000,,,,0.017747,
07/30/2019 22:06:00.000000,,,,0.016369,
07/30/2019 22:07:00.000000,,,,0.012555,
07/30/2019 22:08:00.000000,,,,11.015,
07/30/2019 22:10:00.000000,,,,16.525641,
07/30/2019 22:11:00.000000,,,,0.01476,
07/30/2019 22:12:00.000000,,,,0.014906,
07/30/2019 22:13:00.000000,,,,0.014492,
07/30/2019 22:14:00.000000,,,,0.026977,
07/30/2019 22:15:00.000000,,,,7.041026,
07/30/2019 22:16:00.000000,,,,0.016282,
07/30/2019 22:17:00.000000,,,,21.992683,
07/30/2019 22:18:00.000000,,,,16.530233,
07/30/2019 22:19:00.000000,,,,0.009059,
07/30/2019 22:20:00.000000,,,,0.007226,
07/30/2019 22:21:00.000000,,,,0.012513,
07/30/2019 22:22:00.000000,,,,0.027421,
07/30/2019 22:23:00.000000,,,,14.07561,
07/30/2019 22:24:00.000000,,,,21.771739,
07/30/2019 22:25:00.000000,,,,20.2,
07/30/2019 22:26:00.000000,,,,0.037114,
07/30/2019 22:27:00.000000,,,,0.021035,
07/30/2019 22:28:00.000000,,,,10.975,
07/30/2019 22:29:00.000000,,,,0.017313,
07/30/2019 22:30:00.000000,,,,6.8625,
07/30/2019 22:31:00.000000,,,,0.023253,
07/30/2019 22:32:00.000000,,,,0.017648,
07/30/2019 22:33:00.000000,,,,0.019033,
07/30/2019 22:34:00.000000,,,,0.01979,
07/30/2019 22:35:00.000000,,,,12.056098,
07/30/2019 22:36:00.000000,,,,0.011585,
07/30/2019 22:37:00.000000,,,,0.011996,
07/30/2019 22:38:00.000000,,,,20.9375,
07/30/2019 22:39:00.000000,,,,0.046309,
07/30/2019 22:40:00.000000,,,,0.032162,
07/30/2019 22:41:00.000000,,,,0.065448,
07/30/2019 22:42:00.000000,,,,35.369048,
07/30/2019 22:43:00.000000,,,,34.02439,
07/30/2019 22:44:00.000000,,,,31.297561,
07/30/2019 22:45:00.000000,,,,0.032651,
07/30/2019 22:46:00.000000,,,,26.026829,
07/30/2019 22:47:00.000000,,,,18.7,
07/30/2019 22:48:00.000000,,,,0.041375,
07/30/2019 22:50:00.000000,,,,26.634146,
07/30/2019 22:51:00.000000,,,,22.748718,
07/30/2019 22:52:00.000000,,,,20.709302,
07/30/2019 22:53:00.000000,,,,0.051714,
07/30/2019 22:54:00.000000,,,,18.239024,
07/30/2019 22:55:00.000000,,,,28.395,
07/30/2019 22:56:00.000000,,,,0.042648,
07/30/2019 22:57:00.000000,,,,31.3625,
07/30/2019 22:58:00.000000,,,,56.3,
07/30/2019 22:59:00.000000,,,,0.074077,
07/30/2019 23:00:00.000000,,,,53.928571,
07/30/2019 23:01:00.000000,,,,90.205,
07/30/2019 23:02:00.000000,,,,0.145647,
07/30/2019 23:03:00.000000,,,,0.090889,
07/30/2019 23:04:00.000000,,,,0.104912,
07/30/2019 23:05:00.000000,,,,70.915385,
07/30/2019 23:06:00.000000,,,,0.089922,
07/30/2019 23:07:00.000000,,,,0.075985,
07/30/2019 23:08:00.000000,,,,0.038057,
07/30/2019 23:10:00.000000,,,,0.062207,
07/30/2019 23:11:00.000000,,,,0.041436,
07/30/2019 23:12:00.000000,,,,0.055162,
07/30/2019 23:13:00.000000,,,,0.04571,
07/30/2019 23:14:00.000000,,,,0.075504,
07/30/2019 23:15:00.000000,,,,36.995122,
07/30/2019 23:16:00.000000,,,,64.561538,
07/30/2019 23:17:00.000000,,,,39.005,
07/30/2019 23:18:00.000000,,,,0.047863,
07/30/2019 23:19:00.000000,,,,0.039196,
07/30/2019 23:20:00.000000,,,,46.669767,
07/30/2019 23:21:00.000000,,,,0.039024,
07/30/2019 23:22:00.000000,,,,31.9,
07/30/2019 23:23:00.000000,,,,0.044769,
07/30/2019 23:24:00.000000,,,,58.8,
07/30/2019 23:25:00.000000,,,,41.293023,
07/30/2019 23:26:00.000000,,,,0.053074,
07/30/2019 23:27:00.000000,,,,0.043325,
07/30/2019 23:28:00.000000,,,,0.033726,
07/30/2019 23:30:00.000000,,,,31.88,
07/30/2019 23:31:00.000000,,,,26.53,
07/30/2019 23:32:00.000000,,,,50.909091,
07/30/2019 23:33:00.000000,,,,30.790909,
07/30/2019 23:34:00.000000,,,,0.059835,
07/30/2019 23:35:00.000000,,,,0.051125,
07/30/2019 23:36:00.000000,,,,0.032871,
07/30/2019 23:37:00.000000,,,,40.631579,
07/30/2019 23:38:00.000000,,,,0.034861,
07/30/2019 23:39:00.000000,,,,36.966667,
07/30/2019 23:40:00.000000,,,,19.542857,
07/30/2019 23:41:00.000000,,,,0.030927,
07/30/2019 23:42:00.000000,,,,25.965116,
07/30/2019 23:43:00.000000,,,,20.947368,
07/30/2019 23:44:00.000000,,,,70.021053,
07/30/2019 23:45:00.000000,,,,0.039314,
07/30/2019 23:46:00.000000,,,,0.092417,
07/30/2019 23:47:00.000000,,,,47.45,
07/30/2019 23:48:00.000000,,,,21.514634,
07/30/2019 23:50:00.000000,,,,10.4,
07/30/2019 23:51:00.000000,,,,0.025065,
07/30/2019 23:52:00.000000,,,,0.014868,
07/30/2019 23:53:00.000000,,,,12.254762,
07/30/2019 23:54:00.000000,,,,0.038159,
07/30/2019 23:55:00.000000,,,,22.461538,
07/30/2019 23:56:00.000000,,,,10.644444,
07/30/2019 23:57:00.000000,,,,0.021864,
07/30/2019 23:58:00.000000,,,,0.020508,
07/30/2019 23:59:00.000000,,,,20.695455,
07/31/2019 00:00:00.000000,,,,0.017245,
07/31/2019 00:01:00.000000,,,,0.021265,
07/31/2019 00:02:00.000000,,,,0.022682,
07/31/2019 00:03:00.000000,,,,0.02939,
07/31/2019 00:04:00.000000,,,,0.016864,
07/31/2019 00:05:00.000000,,,,0.008696,
07/31/2019 00:06:00.000000,,,,6.331707,
07/31/2019 00:07:00.000000,,,,0.042932,
07/31/2019 00:08:00.000000,,,,34.58,
07/31/2019 00:10:00.000000,,,,0.018916,
07/31/2019 00:11:00.000000,,,,0.018514,
07/31/2019 00:12:00.000000,,,,16.6,
07/31/2019 00:13:00.000000,,,,0.009725,
07/31/2019 00:14:00.000000,,,,47.364286,
07/31/2019 00:15:00.000000,,,,13.1,
07/31/2019 00:16:00.000000,,,,5.759091,
07/31/2019 00:17:00.000000,,,,0.025211,
07/31/2019 00:18:00.000000,,,,9.74,
07/31/2019 00:19:00.000000,,,,0.010553,
07/31/2019 00:20:00.000000,,,,0.007746,
07/31/2019 00:21:00.000000,,,,5.6,
07/31/2019 00:22:00.000000,,,,0.017433,
07/31/2019 00:23:00.000000,,,,6.625,
07/31/2019 00:24:00.000000,,,,0.01486,
07/31/2019 00:25:00.000000,,,,0.009907,
07/31/2019 00:26:00.000000,,,,4.35,
07/31/2019 00:27:00.000000,,,,0.007905,
07/31/2019 00:28:00.000000,,,,0.006787,
07/31/2019 00:30:00.000000,,,,0.01075,
07/31/2019 00:31:00.000000,,,,0.023671,
07/31/2019 00:32:00.000000,,,,13.366667,
07/31/2019 00:33:00.000000,,,,0.008376,
07/31/2019 00:34:00.000000,,,,0.01604,
07/31/2019 00:35:00.000000,,,,0.015956,
07/31/2019 00:36:00.000000,,,,89.656098,
07/31/2019 00:37:00.000000,,,,0.038813,
07/31/2019 00:38:00.000000,,,,12.638462,
07/31/2019 00:39:00.000000,,,,12.95,
07/31/2019 00:40:00.000000,,,,0.055778,
07/31/2019 00:41:00.000000,,,,0.03674,
07/31/2019 00:42:00.000000,,,,0.017438,
07/31/2019 00:43:00.000000,,,,0.015178,
07/31/2019 00:44:00.000000,,,,12.8,
07/31/2019 00:45:00.000000,,,,14.316667,
07/31/2019 00:46:00.000000,,,,0.01989,
07/31/2019 00:47:00.000000,,,,0.015033,
07/31/2019 00:48:00.000000,,,,18.009091,
07/31/2019 00:50:00.000000,,,,11.075,
07/31/2019 00:51:00.000000,,,,0.016253,
07/31/2019 00:52:00.000000,,,,0.014363,
07/31/2019 00:53:00.000000,,,,0.018458,
07/31/2019 00:54:00.000000,,,,9.032558,
07/31/2019 00:55:00.000000,,,,0.019504,
07/31/2019 00:56:00.000000,,,,6.527273,
07/31/2019 00:57:00.000000,,,,0.010423,
07/31/2019 00:58:00.000000,,,,6.62439,
07/31/2019 00:59:00.000000,,,,8.590244,
07/31/2019 01:00:00.000000,,,,0.013317,
07/31/2019 01:01:00.000000,,,,0.007843,
07/31/2019 01:02:00.000000,,,,17.016667,
07/31/2019 01:03:00.000000,,,,0.009668,
07/31/2019 01:04:00.000000,,,,0.014995,
07/31/2019 01:05:00.000000,,,,0.02353,
07/31/2019 01:06:00.000000,,,,0.027192,
07/31/2019 01:07:00.000000,,,,0.029846,
07/31/2019 01:08:00.000000,,,,15.819512,
07/31/2019 01:10:00.000000,,,,17.657143,
07/31/2019 01:11:00.000000,,,,0.013907,
07/31/2019 01:12:00.000000,,,,15.25,
07/31/2019 01:13:00.000000,,,,20.055172,
07/31/2019 01:14:00.000000,,,,0.027794,
07/31/2019 01:15:00.000000,,,,0.029323,
07/31/2019 01:16:00.000000,,,,0.027752,
07/31/2019 01:17:00.000000,,,,0.011687,
07/31/2019 01:18:00.000000,,,,0.011478,
07/31/2019 01:19:00.000000,,,,0.031648,
07/31/2019 01:20:00.000000,,,,0.019856,
07/31/2019 01:21:00.000000,,,,0.016295,
07/31/2019 01:22:00.000000,,,,14.442857,
07/31/2019 01:23:00.000000,,,,0.018683,
07/31/2019 01:24:00.000000,,,,0.051817,
07/31/2019 01:25:00.000000,,,,0.041994,
07/31/2019 01:26:00.000000,,,,0.021427,
07/31/2019 01:27:00.000000,,,,12.345,
07/31/2019 01:28:00.000000,,,,0.014661,
07/31/2019 01:30:00.000000,,,,0.026223,
07/31/2019 01:31:00.000000,,,,0.030286,
07/31/2019 01:32:00.000000,,,,12.695238,
07/31/2019 01:33:00.000000,,,,15.202326,
07/31/2019 01:34:00.000000,,,,20.59,
07/31/2019 01:35:00.000000,,,,0.011902,
07/31/2019 01:36:00.000000,,,,0.009957,
07/31/2019 01:37:00.000000,,,,13.819512,
07/31/2019 01:38:00.000000,,,,11.892857,
07/31/2019 01:39:00.000000,,,,0.014747,
07/31/2019 01:40:00.000000,,,,0.010731,
07/31/2019 01:41:00.000000,,,,0.011066,
07/31/2019 01:42:00.000000,,,,10.8,
07/31/2019 01:43:00.000000,,,,10.046341,
07/31/2019 01:44:00.000000,,,,15.960976,
07/31/2019 01:45:00.000000,,,,0.014224,
07/31/2019 01:46:00.000000,,,,0.008618,
07/31/2019 01:47:00.000000,,,,0.008313,
07/31/2019 01:48:00.000000,,,,0.014895,
07/31/2019 01:50:00.000000,,,,0.007036,
07/31/2019 01:51:00.000000,,,,7.61,
07/31/2019 01:52:00.000000,,,,0.009844,
07/31/2019 01:53:00.000000,,,,9.218182,
07/31/2019 01:54:00.000000,,,,13.6875,
07/31/2019 01:55:00.000000,,,,16.365116,
07/31/2019 01:56:00.000000,,,,10.033333,
07/31/2019 01:57:00.000000,,,,19.142857,
07/31/2019 01:58:00.000000,,,,18.675,
07/31/2019 01:59:00.000000,,,,7.606977,
07/31/2019 02:00:00.000000,,,,24.940909,
07/31/2019 02:01:00.000000,,,,8.758537,
07/31/2019 02:02:00.000000,,,,0.021489,
07/31/2019 02:03:00.000000,,,,12.62093,
07/31/2019 02:04:00.000000,,,,45.812821,
07/31/2019 02:05:00.000000,,,,0.050362,
07/31/2019 02:06:00.000000,,,,0.0246,
07/31/2019 02:07:00.000000,,,,21.3,
07/31/2019 02:08:00.000000,,,,8.122222,
07/31/2019 02:10:00.000000,,,,10.55,
07/31/2019 02:11:00.000000,,,,0.011143,
07/31/2019 02:12:00.000000,,,,13.907317,
07/31/2019 02:13:00.000000,,,,0.01641,
07/31/2019 02:14:00.000000,,,,7.342105,
07/31/2019 02:15:00.000000,,,,8.263415,
07/31/2019 02:16:00.000000,,,,0.011959,
07/31/2019 02:17:00.000000,,,,0.019667,
07/31/2019 02:18:00.000000,,,,0.008839,
07/31/2019 02:19:00.000000,,,,10.25,
07/31/2019 02:20:00.000000,,,,0.008692,
07/31/2019 02:21:00.000000,,,,0.008064,
07/31/2019 02:22:00.000000,,,,7.010256,
07/31/2019 02:23:00.000000,,,,0.018023,
07/31/2019 02:24:00.000000,,,,8.823077,
07/31/2019 02:25:00.000000,,,,0.015091,
07/31/2019 02:26:00.000000,,,,0.016274,
07/31/2019 02:27:00.000000,,,,0.009771,
07/31/2019 02:28:00.000000,,,,11.860465,
07/31/2019 02:30:00.000000,,,,0.026485,
07/31/2019 02:31:00.000000,,,,19.31,
07/31/2019 02:32:00.000000,,,,22.113636,
07/31/2019 02:33:00.000000,,,,10.435135,
07/31/2019 02:34:00.000000,,,,0.009373,
07/31/2019 02:35:00.000000,,,,0.013101,
07/31/2019 02:36:00.000000,,,,10.353333,
07/31/2019 02:37:00.000000,,,,7.605263,
07/31/2019 02:38:00.000000,,,,10.958974,
07/31/2019 02:39:00.000000,,,,12.505,
07/31/2019 02:40:00.000000,,,,10.309756,
07/31/2019 02:41:00.000000,,,,0.008985,
07/31/2019 02:42:00.000000,,,,7.241463,
07/31/2019 02:43:00.000000,,,,6.860976,
07/31/2019 02:44:00.000000,,,,8.786364,
07/31/2019 02:45:00.000000,,,,0.009132,
07/31/2019 02:46:00.000000,,,,0.014106,
07/31/2019 02:47:00.000000,,,,0.009843,
07/31/2019 02:48:00.000000,,,,0.013095,
07/31/2019 02:50:00.000000,,,,0.016232,
07/31/2019 02:51:00.000000,,,,0.009424,
07/31/2019 02:52:00.000000,,,,0.014193,
07/31/2019 02:53:00.000000,,,,8.116667,
07/31/2019 02:54:00.000000,,,,8.809524,
07/31/2019 02:55:00.000000,,,,9.955263,
07/31/2019 02:56:00.000000,,,,8.969565,
07/31/2019 02:57:00.000000,,,,8.8,
07/31/2019 02:58:00.000000,,,,16.37619,
07/31/2019 02:59:00.000000,,,,0.015741,
07/31/2019 03:00:00.000000,,,,0.010469,
07/31/2019 03:01:00.000000,,,,0.021431,
07/31/2019 03:02:00.000000,,,,15.509756,
07/31/2019 03:03:00.000000,,,,0.017571,
07/31/2019 03:04:00.000000,,,,0.010082,
07/31/2019 03:05:00.000000,,,,0.01367,
07/31/2019 03:06:00.000000,,,,10.692308,
07/31/2019 03:07:00.000000,,,,0.011578,
07/31/2019 03:08:00.000000,,,,0.016368,
07/31/2019 03:09:00.000000,,,,18.542857,
07/31/2019 03:10:00.000000,,,,15.2,
07/31/2019 03:11:00.000000,,,,0.015322,
07/31/2019 03:12:00.000000,,,,0.021159,
07/31/2019 03:13:00.000000,,,,0.018418,
07/31/2019 03:14:00.000000,,,,0.014214,
07/31/2019 03:15:00.000000,,,,15.665854,
07/31/2019 03:16:00.000000,,,,9.043902,
07/31/2019 03:17:00.000000,,,,9.204878,
07/31/2019 03:18:00.000000,,,,12.092308,
07/31/2019 03:19:00.000000,,,,9.95,
07/31/2019 03:20:00.000000,,,,0.017226,
07/31/2019 03:21:00.000000,,,,0.015605,
07/31/2019 03:22:00.000000,,,,0.015647,
07/31/2019 03:23:00.000000,,,,17.45,
07/31/2019 03:24:00.000000,,,,0.022497,
07/31/2019 03:25:00.000000,,,,10.046341,
07/31/2019 03:26:00.000000,,,,11.456757,
07/31/2019 03:27:00.000000,,,,36.794444,
07/31/2019 03:28:00.000000,,,,0.042924,
07/31/2019 03:29:00.000000,,,,0.038782,
07/31/2019 03:30:00.000000,,,,15.144444,
07/31/2019 03:31:00.000000,,,,0.016107,
07/31/2019 03:32:00.000000,,,,6.776744,
07/31/2019 03:33:00.000000,,,,6.836364,
07/31/2019 03:34:00.000000,,,,0.016264,
07/31/2019 03:35:00.000000,,,,0.02097,
07/31/2019 03:36:00.000000,,,,7.28,
07/31/2019 03:37:00.000000,,,,0.013994,
07/31/2019 03:38:00.000000,,,,11.002439,
07/31/2019 03:39:00.000000,,,,10.1125,
07/31/2019 03:40:00.000000,,,,10.085714,
07/31/2019 03:41:00.000000,,,,0.011756,
07/31/2019 03:42:00.000000,,,,9.213158,
07/31/2019 03:43:00.000000,,,,0.011777,
07/31/2019 03:44:00.000000,,,,6.377273,
07/31/2019 03:45:00.000000,,,,16.4,
07/31/2019 03:46:00.000000,,,,14.816667,
07/31/2019 03:47:00.000000,,,,0.025321,
07/31/2019 03:48:00.000000,,,,11.821951,
07/31/2019 03:49:00.000000,,,,16.237209,
07/31/2019 03:50:00.000000,,,,0.016201,
07/31/2019 03:51:00.000000,,,,0.015939,
07/31/2019 03:52:00.000000,,,,10.022727,
07/31/2019 03:53:00.000000,,,,10.357895,
07/31/2019 03:54:00.000000,,,,11.876744,
07/31/2019 03:55:00.000000,,,,0.024998,
07/31/2019 03:56:00.000000,,,,8.569231,
07/31/2019 03:57:00.000000,,,,27.714634,
07/31/2019 03:58:00.000000,,,,13.253846,
07/31/2019 03:59:00.000000,,,,10.075,
07/31/2019 04:00:00.000000,,,,17.524324,
07/31/2019 04:01:00.000000,,,,0.018063,
07/31/2019 04:02:00.000000,,,,0.033469,
07/31/2019 04:03:00.000000,,,,0.021117,
07/31/2019 04:04:00.000000,,,,12.87561,
07/31/2019 04:05:00.000000,,,,17.588372,
07/31/2019 04:06:00.000000,,,,15.585714,
07/31/2019 04:07:00.000000,,,,0.03464,
07/31/2019 04:08:00.000000,,,,24.892683,
07/31/2019 04:09:00.000000,,,,0.021127,
07/31/2019 04:10:00.000000,,,,0.014935,
07/31/2019 04:11:00.000000,,,,25.207143,
07/31/2019 04:12:00.000000,,,,0.023867,
07/31/2019 04:13:00.000000,,,,16.190909,
07/31/2019 04:14:00.000000,,,,0.025206,
07/31/2019 04:15:00.000000,,,,0.059282,
07/31/2019 04:16:00.000000,,,,0.024579,
07/31/2019 04:17:00.000000,,,,0.022382,
07/31/2019 04:18:00.000000,,,,0.017843,
07/31/2019 04:19:00.000000,,,,0.026315,
07/31/2019 04:20:00.000000,,,,18.121053,
07/31/2019 04:21:00.000000,,,,13.528571,
07/31/2019 04:22:00.000000,,,,0.029787,
07/31/2019 04:23:00.000000,,,,12.002326,
07/31/2019 04:24:00.000000,,,,31.444737,
07/31/2019 04:25:00.000000,,,,11.309302,
07/31/2019 04:26:00.000000,,,,12.490698,
07/31/2019 04:27:00.000000,,,,7.814286,
07/31/2019 04:28:00.000000,,,,0.024244,
07/31/2019 04:29:00.000000,,,,0.022027,
07/31/2019 04:30:00.000000,,,,0.011526,
07/31/2019 04:31:00.000000,,,,0.007217,
07/31/2019 04:32:00.000000,,,,9.7875,
07/31/2019 04:33:00.000000,,,,17.253846,
07/31/2019 04:34:00.000000,,,,11.011905,
07/31/2019 04:35:00.000000,,,,0.007259,
07/31/2019 04:36:00.000000,,,,0.009309,
07/31/2019 04:37:00.000000,,,,0.006892,
07/31/2019 04:38:00.000000,,,,0.01298,
07/31/2019 04:39:00.000000,,,,22.525,
07/31/2019 04:40:00.000000,,,,22.16,
07/31/2019 04:41:00.000000,,,,13.35,
07/31/2019 04:42:00.000000,,,,15.830769,
07/31/2019 04:43:00.000000,,,,7.97561,
07/31/2019 04:44:00.000000,,,,0.010671,
07/31/2019 04:45:00.000000,,,,0.027752,
07/31/2019 04:46:00.000000,,,,11.156818,
07/31/2019 04:47:00.000000,,,,0.016787,
07/31/2019 04:48:00.000000,,,,8.557143,
07/31/2019 04:49:00.000000,,,,0.007027,
07/31/2019 04:50:00.000000,,,,0.013352,
07/31/2019 04:51:00.000000,,,,0.007959,
07/31/2019 04:52:00.000000,,,,5.9,
07/31/2019 04:53:00.000000,,,,5.730769,
07/31/2019 04:54:00.000000,,,,9.3,
07/31/2019 04:55:00.000000,,,,0.013132,
07/31/2019 04:56:00.000000,,,,0.013886,
07/31/2019 04:57:00.000000,,,,8.937838,
07/31/2019 04:58:00.000000,,,,17.204651,
07/31/2019 04:59:00.000000,,,,17.41,
07/31/2019 05:00:00.000000,,,,0.015722,
07/31/2019 05:01:00.000000,,,,9.368293,
07/31/2019 05:02:00.000000,,,,0.015542,
07/31/2019 05:03:00.000000,,,,11.842857,
07/31/2019 05:04:00.000000,,,,15.156818,
07/31/2019 05:05:00.000000,,,,0.011756,
07/31/2019 05:06:00.000000,,,,0.007708,
07/31/2019 05:07:00.000000,,,,10.477273,
07/31/2019 05:08:00.000000,,,,0.014057,
07/31/2019 05:09:00.000000,,,,0.011871,
07/31/2019 05:10:00.000000,,,,0.014894,
07/31/2019 05:11:00.000000,,,,0.017142,
07/31/2019 05:12:00.000000,,,,7.088372,
07/31/2019 05:13:00.000000,,,,9.670732,
07/31/2019 05:14:00.000000,,,,0.007865,
07/31/2019 05:15:00.000000,,,,0.026618,
07/31/2019 05:16:00.000000,,,,0.027329,
07/31/2019 05:17:00.000000,,,,0.014925,
07/31/2019 05:18:00.000000,,,,0.012655,
07/31/2019 05:19:00.000000,,,,9.469767,
07/31/2019 05:20:00.000000,,,,6.718919,
07/31/2019 05:21:00.000000,,,,0.009737,
07/31/2019 05:22:00.000000,,,,0.007844,
07/31/2019 05:23:00.000000,,,,0.012603,
07/31/2019 05:24:00.000000,,,,0.021566,
07/31/2019 05:25:00.000000,,,,0.016128,
07/31/2019 05:26:00.000000,,,,0.016368,
07/31/2019 05:27:00.000000,,,,9.0,
07/31/2019 05:28:00.000000,,,,12.7,
07/31/2019 05:29:00.000000,,,,13.228571,
07/31/2019 05:30:00.000000,,,,22.419512,
07/31/2019 05:31:00.000000,,,,27.718605,
07/31/2019 05:32:00.000000,,,,0.010331,
07/31/2019 05:33:00.000000,,,,7.171429,
07/31/2019 05:34:00.000000,,,,6.509756,
07/31/2019 05:35:00.000000,,,,7.695455,
07/31/2019 05:36:00.000000,,,,0.010592,
07/31/2019 05:37:00.000000,,,,8.753846,
07/31/2019 05:38:00.000000,,,,12.861538,
07/31/2019 05:39:00.000000,,,,0.014405,
07/31/2019 05:40:00.000000,,,,15.842857,
07/31/2019 05:41:00.000000,,,,16.342857,
07/31/2019 05:42:00.000000,,,,0.009746,
07/31/2019 05:43:00.000000,,,,22.146154,
07/31/2019 05:44:00.000000,,,,17.141026,
07/31/2019 05:45:00.000000,,,,0.014655,
07/31/2019 05:46:00.000000,,,,11.128571,
07/31/2019 05:47:00.000000,,,,0.016307,
07/31/2019 05:48:00.000000,,,,20.464865,
07/31/2019 05:49:00.000000,,,,13.392308,
07/31/2019 05:50:00.000000,,,,0.008586,
07/31/2019 05:51:00.000000,,,,14.028571,
07/31/2019 05:52:00.000000,,,,0.015711,
07/31/2019 05:53:00.000000,,,,0.023431,
07/31/2019 05:54:00.000000,,,,9.886364,
07/31/2019 05:55:00.000000,,,,14.509302,
07/31/2019 05:56:00.000000,,,,0.010683,
07/31/2019 05:57:00.000000,,,,0.01207,
07/31/2019 05:58:00.000000,,,,10.504762,
07/31/2019 05:59:00.000000,,,,0.00821,
07/31/2019 06:00:00.000000,,,,14.821951,
07/31/2019 06:01:00.000000,,,,17.175,
07/31/2019 06:02:00.000000,,,,0.022088,
07/31/2019 06:03:00.000000,,,,0.012044,
07/31/2019 06:04:00.000000,,,,0.022015,
07/31/2019 06:05:00.000000,,,,11.278947,
07/31/2019 06:06:00.000000,,,,10.456098,
07/31/2019 06:07:00.000000,,,,0.015649,
07/31/2019 06:08:00.000000,,,,19.7,
07/31/2019 06:09:00.000000,,,,0.020515,
07/31/2019 06:10:00.000000,,,,0.019087,
07/31/2019 06:11:00.000000,,,,0.016139,
07/31/2019 06:12:00.000000,,,,0.009002,
07/31/2019 06:13:00.000000,,,,0.008377,
07/31/2019 06:14:00.000000,,,,0.008148,
07/31/2019 06:15:00.000000,,,,6.2375,
07/31/2019 06:16:00.000000,,,,0.010617,
07/31/2019 06:17:00.000000,,,,0.012482,
07/31/2019 06:18:00.000000,,,,12.847727,
07/31/2019 06:19:00.000000,,,,35.914286,
07/31/2019 06:20:00.000000,,,,0.013517,
07/31/2019 06:21:00.000000,,,,16.054545,
07/31/2019 06:22:00.000000,,,,9.957143,
07/31/2019 06:23:00.000000,,,,10.784211,
07/31/2019 06:24:00.000000,,,,14.483333,
07/31/2019 06:25:00.000000,,,,13.292308,
07/31/2019 06:26:00.000000,,,,0.012237,
07/31/2019 06:27:00.000000,,,,9.668421,
07/31/2019 06:28:00.000000,,,,9.197297,
07/31/2019 06:30:00.000000,,,,0.022434,
07/31/2019 06:31:00.000000,,,,0.013381,
07/31/2019 06:32:00.000000,,,,0.017294,
07/31/2019 06:33:00.000000,,,,0.01464,
07/31/2019 06:34:00.000000,,,,11.926829,
07/31/2019 06:35:00.000000,,,,0.027689,
07/31/2019 06:36:00.000000,,,,0.015452,
07/31/2019 06:37:00.000000,,,,0.01618,
07/31/2019 06:38:00.000000,,,,0.018418,
07/31/2019 06:39:00.000000,,,,8.017073,
07/31/2019 06:40:00.000000,,,,0.013506,
07/31/2019 06:41:00.000000,,,,20.144737,
07/31/2019 06:42:00.000000,,,,0.017804,
07/31/2019 06:43:00.000000,,,,9.786667,
07/31/2019 06:44:00.000000,,,,7.47907,
07/31/2019 06:45:00.000000,,,,13.12093,
07/31/2019 06:46:00.000000,,,,12.5875,
07/31/2019 06:47:00.000000,,,,0.01411,
07/31/2019 06:48:00.000000,,,,0.012268,
07/31/2019 06:50:00.000000,,,,12.983721,
07/31/2019 06:51:00.000000,,,,18.680488,
07/31/2019 06:52:00.000000,,,,8.6,
07/31/2019 06:53:00.000000,,,,10.1,
07/31/2019 06:54:00.000000,,,,0.011519,
07/31/2019 06:55:00.000000,,,,16.051724,
07/31/2019 06:56:00.000000,,,,0.013142,
07/31/2019 06:57:00.000000,,,,8.989474,
07/31/2019 06:58:00.000000,,,,0.017741,
07/31/2019 06:59:00.000000,,,,10.179545,
07/31/2019 07:00:00.000000,,,,7.296,
07/31/2019 07:01:00.000000,,,,12.321951,
07/31/2019 07:02:00.000000,,,,0.009407,
07/31/2019 07:03:00.000000,,,,6.061538,
07/31/2019 07:04:00.000000,,,,0.008428,
07/31/2019 07:05:00.000000,,,,0.008324,
07/31/2019 07:06:00.000000,,,,11.885714,
07/31/2019 07:07:00.000000,,,,0.012924,
07/31/2019 07:08:00.000000,,,,10.684615,
07/31/2019 07:09:00.000000,,,,7.214634,
07/31/2019 07:10:00.000000,,,,0.011051,
07/31/2019 07:11:00.000000,,,,8.96,
07/31/2019 07:12:00.000000,,,,0.009448,
07/31/2019 07:13:00.000000,,,,0.014526,
07/31/2019 07:14:00.000000,,,,0.015296,
07/31/2019 07:15:00.000000,,,,0.024286,
07/31/2019 07:16:00.000000,,,,0.011217,
07/31/2019 07:17:00.000000,,,,12.025,
07/31/2019 07:18:00.000000,,,,13.568293,
07/31/2019 07:19:00.000000,,,,24.888095,
07/31/2019 07:20:00.000000,,,,0.02079,
07/31/2019 07:21:00.000000,,,,26.144186,
07/31/2019 07:22:00.000000,,,,17.981818,
07/31/2019 07:23:00.000000,,,,11.895,
07/31/2019 07:24:00.000000,,,,0.013028,
07/31/2019 07:25:00.000000,,,,7.24,
07/31/2019 07:26:00.000000,,,,14.616279,
07/31/2019 07:27:00.000000,,,,0.027137,
07/31/2019 07:28:00.000000,,,,16.070732,
07/31/2019 07:29:00.000000,,,,0.010385,
07/31/2019 07:30:00.000000,,,,0.008428,
07/31/2019 07:31:00.000000,,,,6.7,
07/31/2019 07:32:00.000000,,,,9.9,
07/31/2019 07:33:00.000000,,,,0.011425,
07/31/2019 07:34:00.000000,,,,10.159459,
07/31/2019 07:35:00.000000,,,,0.010551,
07/31/2019 07:36:00.000000,,,,9.84359,
07/31/2019 07:37:00.000000,,,,0.008449,
07/31/2019 07:38:00.000000,,,,0.01053,
07/31/2019 07:39:00.000000,,,,17.863415,
07/31/2019 07:40:00.000000,,,,17.197619,
07/31/2019 07:41:00.000000,,,,0.010281,
07/31/2019 07:42:00.000000,,,,7.95122,
07/31/2019 07:43:00.000000,,,,0.009927,
07/31/2019 07:44:00.000000,,,,0.010905,
07/31/2019 07:45:00.000000,,,,0.008928,
07/31/2019 07:46:00.000000,,,,9.328205,
07/31/2019 07:47:00.000000,,,,0.012616,
07/31/2019 07:48:00.000000,,,,9.617647,
07/31/2019 07:49:00.000000,,,,10.833333,
07/31/2019 07:50:00.000000,,,,0.01351,
07/31/2019 07:51:00.000000,,,,9.8375,
07/31/2019 07:52:00.000000,,,,0.009665,
07/31/2019 07:53:00.000000,,,,0.009374,
07/31/2019 07:54:00.000000,,,,9.925,
07/31/2019 07:55:00.000000,,,,0.021096,
07/31/2019 07:56:00.000000,,,,7.536364,
07/31/2019 07:57:00.000000,,,,13.514286,
07/31/2019 07:58:00.000000,,,,0.010912,
07/31/2019 07:59:00.000000,,,,7.538462,
07/31/2019 08:00:00.000000,,,,6.536364,
07/31/2019 08:01:00.000000,,,,0.009239,
07/31/2019 08:02:00.000000,,,,0.007647,
07/31/2019 08:03:00.000000,,,,0.011956,
07/31/2019 08:04:00.000000,,,,6.656098,
07/31/2019 08:05:00.000000,,,,8.585714,
07/31/2019 08:06:00.000000,,,,6.171429,
07/31/2019 08:07:00.000000,,,,14.562791,
07/31/2019 08:08:00.000000,,,,11.75,
07/31/2019 08:09:00.000000,,,,0.024016,
07/31/2019 08:10:00.000000,,,,7.378049,
07/31/2019 08:11:00.000000,,,,0.007202,
07/31/2019 08:12:00.000000,,,,0.019579,
07/31/2019 08:13:00.000000,,,,0.019558,
07/31/2019 08:14:00.000000,,,,8.205,
07/31/2019 08:15:00.000000,,,,7.668293,
07/31/2019 08:16:00.000000,,,,0.011442,
07/31/2019 08:17:00.000000,,,,6.088889,
07/31/2019 08:18:00.000000,,,,6.155,
07/31/2019 08:19:00.000000,,,,0.007732,
07/31/2019 08:20:00.000000,,,,17.789189,
07/31/2019 08:21:00.000000,,,,0.01724,
07/31/2019 08:22:00.000000,,,,11.03,
07/31/2019 08:23:00.000000,,,,0.008116,
07/31/2019 08:24:00.000000,,,,0.013323,
07/31/2019 08:25:00.000000,,,,9.233333,
07/31/2019 08:26:00.000000,,,,6.470213,
07/31/2019 08:27:00.000000,,,,0.008979,
07/31/2019 08:28:00.000000,,,,5.57907,
07/31/2019 08:29:00.000000,,,,5.731818,
07/31/2019 08:30:00.000000,,,,0.006776,
07/31/2019 08:31:00.000000,,,,0.00742,
07/31/2019 08:32:00.000000,,,,0.008054,
07/31/2019 08:33:00.000000,,,,8.909302,
07/31/2019 08:34:00.000000,,,,8.206818,
07/31/2019 08:35:00.000000,,,,6.8,
07/31/2019 08:36:00.000000,,,,7.460465,
07/31/2019 08:37:00.000000,,,,0.023424,
07/31/2019 08:38:00.000000,,,,28.177273,
07/31/2019 08:39:00.000000,,,,17.495455,
07/31/2019 08:40:00.000000,,,,0.013264,
07/31/2019 08:41:00.000000,,,,0.007452,
07/31/2019 08:42:00.000000,,,,11.063415,
07/31/2019 08:43:00.000000,,,,0.008666,
07/31/2019 08:44:00.000000,,,,5.565,
07/31/2019 08:45:00.000000,,,,12.0,
07/31/2019 08:46:00.000000,,,,0.013918,
07/31/2019 08:47:00.000000,,,,0.007763,
07/31/2019 08:48:00.000000,,,,7.090698,
07/31/2019 08:49:00.000000,,,,0.006808,
07/31/2019 08:50:00.000000,,,,0.010368,
07/31/2019 08:51:00.000000,,,,5.788372,
07/31/2019 08:52:00.000000,,,,0.012672,
07/31/2019 08:53:00.000000,,,,6.125581,
07/31/2019 08:54:00.000000,,,,8.411628,
07/31/2019 08:55:00.000000,,,,0.009029,
07/31/2019 08:56:00.000000,,,,0.012496,
07/31/2019 08:57:00.000000,,,,9.070732,
07/31/2019 08:58:00.000000,,,,6.248837,
07/31/2019 08:59:00.000000,,,,5.73,
07/31/2019 09:00:00.000000,,,,14.285,
07/31/2019 09:01:00.000000,,,,0.007919,
07/31/2019 09:02:00.000000,,,,5.35,
07/31/2019 09:03:00.000000,,,,5.846341,
07/31/2019 09:04:00.000000,,,,0.010898,
07/31/2019 09:05:00.000000,,,,0.007846,
07/31/2019 09:06:00.000000,,,,0.009486,
07/31/2019 09:07:00.000000,,,,0.011728,
07/31/2019 09:08:00.000000,,,,9.170732,
07/31/2019 09:09:00.000000,,,,0.009445,
07/31/2019 09:10:00.000000,,,,0.010026,
07/31/2019 09:11:00.000000,,,,10.1375,
07/31/2019 09:12:00.000000,,,,9.2275,
07/31/2019 09:13:00.000000,,,,0.007431,
07/31/2019 09:14:00.000000,,,,0.010565,
07/31/2019 09:15:00.000000,,,,0.023061,
07/31/2019 09:16:00.000000,,,,0.013368,
07/31/2019 09:17:00.000000,,,,9.502439,
07/31/2019 09:18:00.000000,,,,6.354545,
07/31/2019 09:19:00.000000,,,,0.006871,
07/31/2019 09:20:00.000000,,,,8.85,
07/31/2019 09:21:00.000000,,,,0.007992,
07/31/2019 09:22:00.000000,,,,0.012724,
07/31/2019 09:23:00.000000,,,,0.00822,
07/31/2019 09:24:00.000000,,,,5.936364,
07/31/2019 09:25:00.000000,,,,8.933333,
07/31/2019 09:26:00.000000,,,,0.010368,
07/31/2019 09:27:00.000000,,,,0.008396,
07/31/2019 09:28:00.000000,,,,10.633333,
07/31/2019 09:29:00.000000,,,,0.008956,
07/31/2019 09:30:00.000000,,,,0.011257,
07/31/2019 09:31:00.000000,,,,0.012252,
07/31/2019 09:32:00.000000,,,,8.07561,
07/31/2019 09:33:00.000000,,,,0.009163,
07/31/2019 09:34:00.000000,,,,7.9975,
07/31/2019 09:35:00.000000,,,,8.2,
07/31/2019 09:36:00.000000,,,,0.007193,
07/31/2019 09:37:00.000000,,,,5.55,
07/31/2019 09:38:00.000000,,,,0.008426,
07/31/2019 09:39:00.000000,,,,6.235,
07/31/2019 09:40:00.000000,,,,0.011022,
07/31/2019 09:41:00.000000,,,,7.009756,
07/31/2019 09:42:00.000000,,,,0.019429,
07/31/2019 09:43:00.000000,,,,0.011188,
07/31/2019 09:44:00.000000,,,,6.436364,
07/31/2019 09:45:00.000000,,,,7.966667,
07/31/2019 09:46:00.000000,,,,0.007735,
07/31/2019 09:47:00.000000,,,,6.714286,
07/31/2019 09:48:00.000000,,,,0.01385,
07/31/2019 09:49:00.000000,,,,0.025188,
07/31/2019 09:50:00.000000,,,,0.011277,
07/31/2019 09:51:00.000000,,,,7.957143,
07/31/2019 09:52:00.000000,,,,0.014242,
07/31/2019 09:53:00.000000,,,,9.484615,
07/31/2019 09:54:00.000000,,,,0.010013,
07/31/2019 09:55:00.000000,,,,0.010718,
07/31/2019 09:56:00.000000,,,,6.385366,
07/31/2019 09:57:00.000000,,,,9.197143,
07/31/2019 09:58:00.000000,,,,8.045455,
07/31/2019 09:59:00.000000,,,,0.009951,
07/31/2019 10:00:00.000000,,,,0.010282,
07/31/2019 10:01:00.000000,,,,9.974419,
07/31/2019 10:02:00.000000,,,,0.016854,
07/31/2019 10:03:00.000000,,,,7.488372,
07/31/2019 10:04:00.000000,,,,6.229268,
07/31/2019 10:05:00.000000,,,,6.88,
07/31/2019 10:06:00.000000,,,,0.010759,
07/31/2019 10:07:00.000000,,,,6.675,
07/31/2019 10:08:00.000000,,,,0.017505,
07/31/2019 10:10:00.000000,,,,0.011956,
07/31/2019 10:11:00.000000,,,,0.008085,
07/31/2019 10:12:00.000000,,,,6.541463,
07/31/2019 10:13:00.000000,,,,0.007515,
07/31/2019 10:14:00.000000,,,,9.183721,
07/31/2019 10:15:00.000000,,,,7.118605,
07/31/2019 10:16:00.000000,,,,9.142105,
07/31/2019 10:17:00.000000,,,,0.012339,
07/31/2019 10:18:00.000000,,,,0.008385,
07/31/2019 10:19:00.000000,,,,9.933333,
07/31/2019 10:20:00.000000,,,,0.014016,
07/31/2019 10:21:00.000000,,,,0.013437,
07/31/2019 10:22:00.000000,,,,18.041463,
07/31/2019 10:23:00.000000,,,,0.010621,
07/31/2019 10:24:00.000000,,,,0.010642,
07/31/2019 10:25:00.000000,,,,0.012422,
07/31/2019 10:26:00.000000,,,,0.008633,
07/31/2019 10:27:00.000000,,,,6.3,
07/31/2019 10:28:00.000000,,,,7.226316,
07/31/2019 10:29:00.000000,,,,0.011248,
07/31/2019 10:30:00.000000,,,,12.4625,
07/31/2019 10:31:00.000000,,,,0.009181,
07/31/2019 10:32:00.000000,,,,0.009884,
07/31/2019 10:33:00.000000,,,,6.009524,
07/31/2019 10:34:00.000000,,,,11.678947,
07/31/2019 10:35:00.000000,,,,0.00885,
07/31/2019 10:36:00.000000,,,,0.00734,
07/31/2019 10:37:00.000000,,,,8.546341,
07/31/2019 10:38:00.000000,,,,0.009408,
07/31/2019 10:39:00.000000,,,,0.012572,
07/31/2019 10:40:00.000000,,,,8.15,
07/31/2019 10:41:00.000000,,,,0.011517,
07/31/2019 10:42:00.000000,,,,0.013254,
07/31/2019 10:43:00.000000,,,,17.275,
07/31/2019 10:44:00.000000,,,,9.769231,
07/31/2019 10:45:00.000000,,,,8.413636,
07/31/2019 10:46:00.000000,,,,0.007837,
07/31/2019 10:47:00.000000,,,,0.00763,
07/31/2019 10:48:00.000000,,,,12.481395,
07/31/2019 10:50:00.000000,,,,0.011284,
07/31/2019 10:51:00.000000,,,,0.009793,
07/31/2019 10:52:00.000000,,,,8.95122,
07/31/2019 10:53:00.000000,,,,0.014638,
07/31/2019 10:54:00.000000,,,,0.008654,
07/31/2019 10:55:00.000000,,,,0.007019,
07/31/2019 10:56:00.000000,,,,15.77,
07/31/2019 10:57:00.000000,,,,7.310256,
07/31/2019 10:58:00.000000,,,,8.933333,
07/31/2019 10:59:00.000000,,,,9.4,
07/31/2019 11:00:00.000000,,,,12.057143,
07/31/2019 11:01:00.000000,,,,0.01118,
07/31/2019 11:02:00.000000,,,,12.55,
07/31/2019 11:03:00.000000,,,,15.64,
07/31/2019 11:04:00.000000,,,,0.02472,
07/31/2019 11:05:00.000000,,,,21.285366,
07/31/2019 11:06:00.000000,,,,0.011449,
07/31/2019 11:07:00.000000,,,,7.65,
07/31/2019 11:08:00.000000,,,,0.007515,
07/31/2019 11:10:00.000000,,,,8.660976,
07/31/2019 11:11:00.000000,,,,0.018136,
07/31/2019 11:12:00.000000,,,,10.1,
07/31/2019 11:13:00.000000,,,,0.011739,
07/31/2019 11:14:00.000000,,,,0.011522,
07/31/2019 11:15:00.000000,,,,0.011221,
07/31/2019 11:16:00.000000,,,,11.642857,
07/31/2019 11:17:00.000000,,,,16.675,
07/31/2019 11:18:00.000000,,,,0.010041,
07/31/2019 11:19:00.000000,,,,9.140541,
07/31/2019 11:20:00.000000,,,,14.7,
07/31/2019 11:21:00.000000,,,,0.013051,
07/31/2019 11:22:00.000000,,,,0.008167,
07/31/2019 11:23:00.000000,,,,22.2,
07/31/2019 11:24:00.000000,,,,17.646154,
07/31/2019 11:25:00.000000,,,,8.015,
07/31/2019 11:26:00.000000,,,,0.012716,
07/31/2019 11:27:00.000000,,,,0.010132,
07/31/2019 11:28:00.000000,,,,0.017803,
07/31/2019 11:30:00.000000,,,,9.356818,
07/31/2019 11:31:00.000000,,,,0.008126,
07/31/2019 11:32:00.000000,,,,0.012282,
07/31/2019 11:33:00.000000,,,,19.528571,
07/31/2019 11:34:00.000000,,,,0.014662,
07/31/2019 11:35:00.000000,,,,10.702439,
07/31/2019 11:36:00.000000,,,,0.010779,
07/31/2019 11:37:00.000000,,,,0.01208,
07/31/2019 11:38:00.000000,,,,0.017883,
07/31/2019 11:39:00.000000,,,,10.455,
07/31/2019 11:40:00.000000,,,,0.016128,
07/31/2019 11:41:00.000000,,,,13.529268,
07/31/2019 11:42:00.000000,,,,0.013854,
07/31/2019 11:43:00.000000,,,,6.414286,
07/31/2019 11:44:00.000000,,,,8.539535,
07/31/2019 11:45:00.000000,,,,8.742857,
07/31/2019 11:46:00.000000,,,,0.013378,
07/31/2019 11:47:00.000000,,,,0.008002,
07/31/2019 11:48:00.000000,,,,11.705,
07/31/2019 11:50:00.000000,,,,10.3,
07/31/2019 11:51:00.000000,,,,6.689474,
07/31/2019 11:52:00.000000,,,,0.022724,
07/31/2019 11:53:00.000000,,,,0.009656,
07/31/2019 11:54:00.000000,,,,8.946341,
07/31/2019 11:55:00.000000,,,,9.2,
07/31/2019 11:56:00.000000,,,,0.032608,
07/31/2019 11:57:00.000000,,,,0.017824,
07/31/2019 11:58:00.000000,,,,11.129268,
07/31/2019 11:59:00.000000,,,,6.519048,
07/31/2019 12:00:00.000000,,,,7.448837,
07/31/2019 12:01:00.000000,,,,16.82093,
07/31/2019 12:02:00.000000,,,,0.017121,
07/31/2019 12:03:00.000000,,,,0.01497,
07/31/2019 12:04:00.000000,,,,0.008509,
07/31/2019 12:05:00.000000,,,,5.885714,
07/31/2019 12:06:00.000000,,,,0.013916,
07/31/2019 12:07:00.000000,,,,0.014226,
07/31/2019 12:08:00.000000,,,,20.31,
07/31/2019 12:10:00.000000,,,,0.011786,
07/31/2019 12:11:00.000000,,,,10.154054,
07/31/2019 12:12:00.000000,,,,6.633333,
07/31/2019 12:13:00.000000,,,,0.012592,
07/31/2019 12:14:00.000000,,,,22.134884,
07/31/2019 12:15:00.000000,,,,0.013244,
07/31/2019 12:16:00.000000,,,,19.125,
07/31/2019 12:17:00.000000,,,,17.230233,
07/31/2019 12:18:00.000000,,,,10.3,
07/31/2019 12:19:00.000000,,,,13.402439,
07/31/2019 12:20:00.000000,,,,0.013941,
07/31/2019 12:21:00.000000,,,,0.024419,
07/31/2019 12:22:00.000000,,,,16.125,
07/31/2019 12:23:00.000000,,,,9.755814,
07/31/2019 12:24:00.000000,,,,0.012741,
07/31/2019 12:25:00.000000,,,,0.017429,
07/31/2019 12:26:00.000000,,,,8.604878,
07/31/2019 12:27:00.000000,,,,22.42381,
07/31/2019 12:28:00.000000,,,,0.024667,
07/31/2019 12:30:00.000000,,,,12.728571,
07/31/2019 12:31:00.000000,,,,14.331818,
07/31/2019 12:32:00.000000,,,,0.017109,
07/31/2019 12:33:00.000000,,,,0.037418,
07/31/2019 12:34:00.000000,,,,17.428571,
07/31/2019 12:35:00.000000,,,,0.085647,
07/31/2019 12:36:00.000000,,,,20.45,
07/31/2019 12:37:00.000000,,,,10.057143,
07/31/2019 12:38:00.000000,,,,0.015446,
07/31/2019 12:39:00.000000,,,,0.016417,
07/31/2019 12:40:00.000000,,,,26.37907,
07/31/2019 12:41:00.000000,,,,0.025503,
07/31/2019 12:42:00.000000,,,,18.953488,
07/31/2019 12:43:00.000000,,,,11.674286,
07/31/2019 12:44:00.000000,,,,19.264286,
07/31/2019 12:45:00.000000,,,,0.038301,
07/31/2019 12:46:00.000000,,,,0.02809,
07/31/2019 12:47:00.000000,,,,16.445455,
07/31/2019 12:48:00.000000,,,,15.34186,
07/31/2019 12:50:00.000000,,,,36.712195,
07/31/2019 12:51:00.000000,,,,0.029793,
07/31/2019 12:52:00.000000,,,,15.885,
07/31/2019 12:53:00.000000,,,,0.038694,
07/31/2019 12:54:00.000000,,,,21.4,
07/31/2019 12:55:00.000000,,,,17.665854,
07/31/2019 12:56:00.000000,,,,14.385714,
07/31/2019 12:57:00.000000,,,,13.9,
07/31/2019 12:58:00.000000,,,,0.026134,
07/31/2019 12:59:00.000000,,,,0.035281,
07/31/2019 13:00:00.000000,,,,0.022436,
07/31/2019 13:01:00.000000,,,,27.053333,
07/31/2019 13:02:00.000000,,,,22.413953,
07/31/2019 13:03:00.000000,,,,33.415,
07/31/2019 13:04:00.000000,,,,23.969767,
07/31/2019 13:05:00.000000,,,,18.685366,
07/31/2019 13:06:00.000000,,,,0.024629,
07/31/2019 13:07:00.000000,,,,22.079487,
07/31/2019 13:08:00.000000,,,,0.027591,
07/31/2019 13:09:00.000000,,,,0.028817,
07/31/2019 13:10:00.000000,,,,0.036362,
07/31/2019 13:11:00.000000,,,,0.034179,
07/31/2019 13:12:00.000000,,,,23.257143,
07/31/2019 13:13:00.000000,,,,18.446512,
07/31/2019 13:14:00.000000,,,,35.161538,
07/31/2019 13:15:00.000000,,,,0.03313,
07/31/2019 13:16:00.000000,,,,0.02254,
07/31/2019 13:17:00.000000,,,,26.273171,
07/31/2019 13:18:00.000000,,,,37.17381,
07/31/2019 13:19:00.000000,,,,0.030282,
07/31/2019 13:20:00.000000,,,,0.032797,
07/31/2019 13:21:00.000000,,,,25.161538,
07/31/2019 13:22:00.000000,,,,25.156098,
07/31/2019 13:23:00.000000,,,,0.034055,
07/31/2019 13:24:00.000000,,,,0.026063,
07/31/2019 13:25:00.000000,,,,0.021886,
07/31/2019 13:26:00.000000,,,,33.421429,
07/31/2019 13:27:00.000000,,,,30.805128,
07/31/2019 13:28:00.000000,,,,41.956818,
07/31/2019 13:29:00.000000,,,,0.032028,
07/31/2019 13:30:00.000000,,,,19.390244,
07/31/2019 13:31:00.000000,,,,0.03618,
07/31/2019 13:32:00.000000,,,,15.288095,
07/31/2019 13:33:00.000000,,,,0.022615,
07/31/2019 13:34:00.000000,,,,16.661905,
07/31/2019 13:35:00.000000,,,,16.572727,
07/31/2019 13:36:00.000000,,,,30.258537,
07/31/2019 13:37:00.000000,,,,0.022449,
07/31/2019 13:38:00.000000,,,,0.042604,
07/31/2019 13:39:00.000000,,,,113.2,
07/31/2019 13:40:00.000000,,,,0.05921,
07/31/2019 13:41:00.000000,,,,0.033533,
07/31/2019 13:42:00.000000,,,,13.12,
07/31/2019 13:43:00.000000,,,,0.012677,
07/31/2019 13:44:00.000000,,,,51.1,
07/31/2019 13:45:00.000000,,,,34.918919,
07/31/2019 13:46:00.000000,,,,25.825,
07/31/2019 13:47:00.000000,,,,0.043428,
07/31/2019 13:48:00.000000,,,,0.039843,
07/31/2019 13:49:00.000000,,,,0.059889,
07/31/2019 13:50:00.000000,,,,33.277273,
07/31/2019 13:51:00.000000,,,,0.041649,
07/31/2019 13:52:00.000000,,,,0.029822,
07/31/2019 13:53:00.000000,,,,24.497619,
07/31/2019 13:54:00.000000,,,,0.025691,
07/31/2019 13:55:00.000000,,,,0.034536,
07/31/2019 13:56:00.000000,,,,0.02413,
07/31/2019 13:57:00.000000,,,,43.9,
07/31/2019 13:58:00.000000,,,,33.1,
07/31/2019 13:59:00.000000,,,,0.02872,
07/31/2019 14:00:00.000000,,,,39.55,
07/31/2019 14:01:00.000000,,,,0.051288,
07/31/2019 14:02:00.000000,,,,36.768293,
07/31/2019 14:03:00.000000,,,,0.049168,
07/31/2019 14:04:00.000000,,,,32.082353,
07/31/2019 14:05:00.000000,,,,33.55,
07/31/2019 14:06:00.000000,,,,0.043064,
07/31/2019 14:07:00.000000,,,,41.264286,
07/31/2019 14:08:00.000000,,,,40.16875,
07/31/2019 14:09:00.000000,,,,19.395122,
07/31/2019 14:10:00.000000,,,,26.880488,
07/31/2019 14:11:00.000000,,,,0.028256,
07/31/2019 14:12:00.000000,,,,18.3425,
07/31/2019 14:13:00.000000,,,,37.557143,
07/31/2019 14:14:00.000000,,,,0.054612,
07/31/2019 14:15:00.000000,,,,0.04697,
07/31/2019 14:16:00.000000,,,,31.513158,
07/31/2019 14:17:00.000000,,,,33.761364,
07/31/2019 14:18:00.000000,,,,31.27907,
07/31/2019 14:19:00.000000,,,,0.031767,
07/31/2019 14:20:00.000000,,,,21.715385,
07/31/2019 14:21:00.000000,,,,25.0,
07/31/2019 14:22:00.000000,,,,26.776923,
07/31/2019 14:23:00.000000,,,,0.032546,
07/31/2019 14:24:00.000000,,,,31.235,
07/31/2019 14:25:00.000000,,,,0.028357,
07/31/2019 14:26:00.000000,,,,38.802326,
07/31/2019 14:27:00.000000,,,,0.051856,
07/31/2019 14:28:00.000000,,,,0.042021,
07/31/2019 14:29:00.000000,,,,0.034065,
07/31/2019 14:30:00.000000,,,,31.509302,
07/31/2019 14:31:00.000000,,,,15.505263,
07/31/2019 14:32:00.000000,,,,0.043545,
07/31/2019 14:33:00.000000,,,,0.028946,
07/31/2019 14:34:00.000000,,,,0.029973,
07/31/2019 14:35:00.000000,,,,40.87619,
07/31/2019 14:36:00.000000,,,,31.136842,
07/31/2019 14:37:00.000000,,,,22.747619,
07/31/2019 14:38:00.000000,,,,0.035356,
07/31/2019 14:39:00.000000,,,,29.334884,
07/31/2019 14:40:00.000000,,,,30.063415,
07/31/2019 14:41:00.000000,,,,0.032498,
07/31/2019 14:42:00.000000,,,,32.17619,
07/31/2019 14:43:00.000000,,,,0.028992,
07/31/2019 14:44:00.000000,,,,15.365,
07/31/2019 14:45:00.000000,,,,16.786667,
07/31/2019 14:46:00.000000,,,,0.056136,
07/31/2019 14:47:00.000000,,,,0.043986,
07/31/2019 14:48:00.000000,,,,24.239474,
07/31/2019 14:49:00.000000,,,,17.2625,
07/31/2019 14:50:00.000000,,,,0.01595,
07/31/2019 14:51:00.000000,,,,22.271795,
07/31/2019 14:52:00.000000,,,,0.018478,
07/31/2019 14:53:00.000000,,,,33.72,
07/31/2019 14:54:00.000000,,,,0.065205,
07/31/2019 14:55:00.000000,,,,24.129545,
07/31/2019 14:56:00.000000,,,,0.024054,
07/31/2019 14:57:00.000000,,,,25.997561,
07/31/2019 14:58:00.000000,,,,26.439535,
07/31/2019 14:59:00.000000,,,,0.050663,
07/31/2019 15:00:00.000000,,,,34.247368,
07/31/2019 15:01:00.000000,,,,0.024543,
07/31/2019 15:02:00.000000,,,,10.717949,
07/31/2019 15:03:00.000000,,,,0.012134,
07/31/2019 15:04:00.000000,,,,11.494737,
07/31/2019 15:05:00.000000,,,,0.021213,
07/31/2019 15:06:00.000000,,,,14.56,
07/31/2019 15:07:00.000000,,,,0.017246,
07/31/2019 15:08:00.000000,,,,30.436585,
07/31/2019 15:09:00.000000,,,,0.030801,
07/31/2019 15:10:00.000000,,,,34.717949,
07/31/2019 15:11:00.000000,,,,0.012415,
07/31/2019 15:12:00.000000,,,,11.097297,
07/31/2019 15:13:00.000000,,,,0.038227,
07/31/2019 15:14:00.000000,,,,37.930769,
07/31/2019 15:15:00.000000,,,,0.020214,
07/31/2019 15:16:00.000000,,,,18.035897,
07/31/2019 15:17:00.000000,,,,0.025371,
07/31/2019 15:18:00.000000,,,,12.330233,
07/31/2019 15:19:00.000000,,,,5.639474,
07/31/2019 15:20:00.000000,,,,0.020143,
07/31/2019 15:21:00.000000,,,,0.016523,
07/31/2019 15:22:00.000000,,,,22.952632,
07/31/2019 15:23:00.000000,,,,0.018929,
07/31/2019 15:24:00.000000,,,,0.023869,
07/31/2019 15:25:00.000000,,,,0.024785,
07/31/2019 15:26:00.000000,,,,16.0,
07/31/2019 15:27:00.000000,,,,21.675,
07/31/2019 15:28:00.000000,,,,20.387805,
07/31/2019 15:29:00.000000,,,,21.9575,
07/31/2019 15:30:00.000000,,,,14.543182,
07/31/2019 15:31:00.000000,,,,13.0,
07/31/2019 15:32:00.000000,,,,6.108108,
07/31/2019 15:33:00.000000,,,,17.6175,
07/31/2019 15:34:00.000000,,,,0.024923,
07/31/2019 15:35:00.000000,,,,27.487179,
07/31/2019 15:36:00.000000,,,,0.026991,
07/31/2019 15:37:00.000000,,,,0.022258,
07/31/2019 15:38:00.000000,,,,0.028995,
07/31/2019 15:39:00.000000,,,,0.05321,
07/31/2019 15:40:00.000000,,,,0.029693,
07/31/2019 15:41:00.000000,,,,0.030269,
07/31/2019 15:42:00.000000,,,,0.035777,
07/31/2019 15:43:00.000000,,,,0.037738,
07/31/2019 15:44:00.000000,,,,0.044371,
07/31/2019 15:45:00.000000,,,,0.036356,
07/31/2019 15:46:00.000000,,,,16.151282,
07/31/2019 15:47:00.000000,,,,25.484615,
07/31/2019 15:48:00.000000,,,,0.056532,
07/31/2019 15:49:00.000000,,,,22.02381,
07/31/2019 15:50:00.000000,,,,40.055555,
07/31/2019 15:51:00.000000,,,,0.021138,
07/31/2019 15:52:00.000000,,,,31.12,
07/31/2019 15:53:00.000000,,,,18.194737,
07/31/2019 15:54:00.000000,,,,0.025391,
07/31/2019 15:55:00.000000,,,,0.027529,
07/31/2019 15:56:00.000000,,,,37.633333,
07/31/2019 15:57:00.000000,,,,0.057622,
07/31/2019 15:58:00.000000,,,,21.042222,
07/31/2019 15:59:00.000000,,,,0.032381,
07/31/2019 16:00:00.000000,,,,0.013358,
07/31/2019 16:01:00.000000,,,,0.019387,
07/31/2019 16:02:00.000000,,,,13.146154,
07/31/2019 16:03:00.000000,,,,13.957143,
07/31/2019 16:04:00.000000,,,,12.228571,
07/31/2019 16:05:00.000000,,,,14.358537,
07/31/2019 16:06:00.000000,,,,0.023126,
07/31/2019 16:07:00.000000,,,,18.358537,
07/31/2019 16:08:00.000000,,,,0.0084,
07/31/2019 16:09:00.000000,,,,4.02439,
07/31/2019 16:10:00.000000,,,,0.024366,
07/31/2019 16:11:00.000000,,,,0.019877,
07/31/2019 16:12:00.000000,,,,0.017355,
07/31/2019 16:13:00.000000,,,,0.022183,
07/31/2019 16:14:00.000000,,,,0.007925,
07/31/2019 16:15:00.000000,,,,0.017376,
07/31/2019 16:16:00.000000,,,,10.253846,
07/31/2019 16:17:00.000000,,,,0.013939,
07/31/2019 16:18:00.000000,,,,0.095782,
07/31/2019 16:19:00.000000,,,,0.047176,
07/31/2019 16:20:00.000000,,,,0.025018,
07/31/2019 16:21:00.000000,,,,0.033642,
07/31/2019 16:22:00.000000,,,,0.025298,
07/31/2019 16:23:00.000000,,,,52.865,
07/31/2019 16:24:00.000000,,,,0.058445,
07/31/2019 16:25:00.000000,,,,29.053488,
07/31/2019 16:26:00.000000,,,,33.225,
07/31/2019 16:27:00.000000,,,,36.830952,
07/31/2019 16:28:00.000000,,,,24.739535,
07/31/2019 16:29:00.000000,,,,39.831707,
07/31/2019 16:30:00.000000,,,,25.060465,
07/31/2019 16:31:00.000000,,,,0.039967,
07/31/2019 16:32:00.000000,,,,0.054327,
07/31/2019 16:33:00.000000,,,,35.421951,
07/31/2019 16:34:00.000000,,,,21.12619,
07/31/2019 16:35:00.000000,,,,0.025594,
07/31/2019 16:36:00.000000,,,,0.030301,
07/31/2019 16:37:00.000000,,,,24.046512,
07/31/2019 16:38:00.000000,,,,15.756818,
07/31/2019 16:39:00.000000,,,,0.027834,
07/31/2019 16:40:00.000000,,,,0.02602,
07/31/2019 16:41:00.000000,,,,17.069048,
07/31/2019 16:42:00.000000,,,,16.786842,
07/31/2019 16:43:00.000000,,,,46.21,
07/31/2019 16:44:00.000000,,,,0.046658,
07/31/2019 16:45:00.000000,,,,30.48,
07/31/2019 16:46:00.000000,,,,0.082824,
07/31/2019 16:47:00.000000,,,,0.051656,
07/31/2019 16:48:00.000000,,,,35.395122,
07/31/2019 16:49:00.000000,,,,38.685714,
07/31/2019 16:50:00.000000,,,,0.03701,
07/31/2019 16:51:00.000000,,,,16.63,
07/31/2019 16:52:00.000000,,,,19.876923,
07/31/2019 16:53:00.000000,,,,40.684615,
07/31/2019 16:54:00.000000,,,,0.051782,
07/31/2019 16:55:00.000000,,,,55.2125,
07/31/2019 16:56:00.000000,,,,35.4,
07/31/2019 16:57:00.000000,,,,46.782927,
07/31/2019 16:58:00.000000,,,,26.633333,
07/31/2019 16:59:00.000000,,,,38.753333,
07/31/2019 17:00:00.000000,,,,38.810256,
07/31/2019 17:01:00.000000,,,,0.038953,
07/31/2019 17:02:00.000000,,,,0.048213,
07/31/2019 17:03:00.000000,,,,47.866667,
07/31/2019 17:04:00.000000,,,,38.955,
07/31/2019 17:05:00.000000,,,,0.049476,
07/31/2019 17:06:00.000000,,,,57.205263,
07/31/2019 17:07:00.000000,,,,0.059567,
07/31/2019 17:08:00.000000,,,,0.036557,
07/31/2019 17:10:00.000000,,,,27.717949,
07/31/2019 17:11:00.000000,,,,29.173171,
07/31/2019 17:12:00.000000,,,,0.028692,
07/31/2019 17:13:00.000000,,,,0.03927,
07/31/2019 17:14:00.000000,,,,24.214286,
07/31/2019 17:15:00.000000,,,,24.323077,
07/31/2019 17:16:00.000000,,,,0.054685,
07/31/2019 17:17:00.000000,,,,23.225,
07/31/2019 17:18:00.000000,,,,0.040124,
07/31/2019 17:19:00.000000,,,,28.4375,
07/31/2019 17:20:00.000000,,,,47.93,
07/31/2019 17:21:00.000000,,,,37.528571,
07/31/2019 17:22:00.000000,,,,37.921951,
07/31/2019 17:23:00.000000,,,,31.363415,
07/31/2019 17:24:00.000000,,,,29.465,
07/31/2019 17:25:00.000000,,,,37.936364,
07/31/2019 17:26:00.000000,,,,0.041882,
07/31/2019 17:27:00.000000,,,,31.187805,
07/31/2019 17:28:00.000000,,,,0.032579,
07/31/2019 17:30:00.000000,,,,36.670732,
07/31/2019 17:31:00.000000,,,,57.533333,
07/31/2019 17:32:00.000000,,,,0.048453,
07/31/2019 17:33:00.000000,,,,0.046487,
07/31/2019 17:34:00.000000,,,,26.484615,
07/31/2019 17:35:00.000000,,,,0.037083,
07/31/2019 17:36:00.000000,,,,0.053797,
07/31/2019 17:37:00.000000,,,,0.054213,
07/31/2019 17:38:00.000000,,,,0.050708,
07/31/2019 17:39:00.000000,,,,51.065854,
07/31/2019 17:40:00.000000,,,,32.665854,
07/31/2019 17:41:00.000000,,,,61.1,
07/31/2019 17:42:00.000000,,,,60.904878,
07/31/2019 17:43:00.000000,,,,0.033889,
07/31/2019 17:44:00.000000,,,,35.680488,
07/31/2019 17:45:00.000000,,,,29.495,
07/31/2019 17:46:00.000000,,,,38.592308,
07/31/2019 17:47:00.000000,,,,36.128571,
07/31/2019 17:48:00.000000,,,,39.156097,
07/31/2019 17:49:00.000000,,,,36.716667,
07/31/2019 17:50:00.000000,,,,0.068823,
07/31/2019 17:51:00.000000,,,,0.065534,
07/31/2019 17:52:00.000000,,,,0.081197,
07/31/2019 17:53:00.000000,,,,0.065459,
07/31/2019 17:54:00.000000,,,,50.597436,
07/31/2019 17:55:00.000000,,,,0.046443,
07/31/2019 17:56:00.000000,,,,0.047825,
07/31/2019 17:57:00.000000,,,,0.040296,
07/31/2019 17:58:00.000000,,,,51.185,
07/31/2019 17:59:00.000000,,,,28.812121,
07/31/2019 18:00:00.000000,,,,35.323077,
07/31/2019 18:01:00.000000,,,,0.049451,
07/31/2019 18:02:00.000000,,,,23.402632,
07/31/2019 18:03:00.000000,,,,38.286364,
07/31/2019 18:04:00.000000,,,,31.736842,
07/31/2019 18:05:00.000000,,,,0.065541,
07/31/2019 18:06:00.000000,,,,0.045396,
07/31/2019 18:07:00.000000,,,,41.33,
07/31/2019 18:08:00.000000,,,,51.294872,
07/31/2019 18:10:00.000000,,,,34.583721,
07/31/2019 18:11:00.000000,,,,27.456098,
07/31/2019 18:12:00.000000,,,,27.261538,
07/31/2019 18:13:00.000000,,,,0.038729,
07/31/2019 18:14:00.000000,,,,30.865909,
07/31/2019 18:15:00.000000,,,,35.995455,
07/31/2019 18:16:00.000000,,,,23.057143,
07/31/2019 18:17:00.000000,,,,0.033487,
07/31/2019 18:18:00.000000,,,,0.049768,
07/31/2019 18:19:00.000000,,,,0.051596,
07/31/2019 18:20:00.000000,,,,24.971429,
07/31/2019 18:21:00.000000,,,,45.042857,
07/31/2019 18:22:00.000000,,,,33.457143,
07/31/2019 18:23:00.000000,,,,28.318605,
07/31/2019 18:24:00.000000,,,,26.7,
07/31/2019 18:25:00.000000,,,,28.107692,
07/31/2019 18:26:00.000000,,,,0.060521,
07/31/2019 18:27:00.000000,,,,36.442424,
07/31/2019 18:28:00.000000,,,,17.725,
07/31/2019 18:29:00.000000,,,,48.416667,
07/31/2019 18:30:00.000000,,,,0.041831,
07/31/2019 18:31:00.000000,,,,0.043448,
07/31/2019 18:32:00.000000,,,,0.035001,
07/31/2019 18:33:00.000000,,,,0.05508,
07/31/2019 18:34:00.000000,,,,0.038197,
07/31/2019 18:35:00.000000,,,,0.026841,
07/31/2019 18:36:00.000000,,,,33.414286,
07/31/2019 18:37:00.000000,,,,36.216279,
07/31/2019 18:38:00.000000,,,,0.04324,
07/31/2019 18:39:00.000000,,,,0.038847,
07/31/2019 18:40:00.000000,,,,31.659091,
07/31/2019 18:41:00.000000,,,,25.03,
07/31/2019 18:42:00.000000,,,,35.681395,
07/31/2019 18:43:00.000000,,,,43.025,
07/31/2019 18:44:00.000000,,,,33.771429,
07/31/2019 18:45:00.000000,,,,29.524324,
07/31/2019 18:46:00.000000,,,,50.2875,
07/31/2019 18:47:00.000000,,,,32.831818,
07/31/2019 18:48:00.000000,,,,44.486047,
07/31/2019 18:49:00.000000,,,,0.064704,
07/31/2019 18:50:00.000000,,,,49.531707,
07/31/2019 18:51:00.000000,,,,48.38,
07/31/2019 18:52:00.000000,,,,37.142857,
07/31/2019 18:53:00.000000,,,,37.076923,
07/31/2019 18:54:00.000000,,,,31.085714,
07/31/2019 18:55:00.000000,,,,0.137787,
07/31/2019 18:56:00.000000,,,,56.614286,
07/31/2019 18:57:00.000000,,,,58.17561,
07/31/2019 18:58:00.000000,,,,0.028801,
07/31/2019 18:59:00.000000,,,,0.057736,
07/31/2019 19:00:00.000000,,,,0.029464,
07/31/2019 19:01:00.000000,,,,0.061493,
07/31/2019 19:02:00.000000,,,,29.9375,
07/31/2019 19:03:00.000000,,,,32.734146,
07/31/2019 19:04:00.000000,,,,0.058109,
07/31/2019 19:05:00.000000,,,,28.616667,
07/31/2019 19:06:00.000000,,,,0.067322,
07/31/2019 19:07:00.000000,,,,0.064267,
07/31/2019 19:08:00.000000,,,,50.893023,
07/31/2019 19:09:00.000000,,,,40.772093,
07/31/2019 19:10:00.000000,,,,44.218605,
07/31/2019 19:11:00.000000,,,,0.049149,
07/31/2019 19:12:00.000000,,,,52.357143,
07/31/2019 19:13:00.000000,,,,40.473171,
07/31/2019 19:14:00.000000,,,,25.981395,
07/31/2019 19:15:00.000000,,,,0.055691,
07/31/2019 19:16:00.000000,,,,60.635,
07/31/2019 19:17:00.000000,,,,28.033333,
07/31/2019 19:18:00.000000,,,,35.771429,
07/31/2019 19:19:00.000000,,,,26.097674,
07/31/2019 19:20:00.000000,,,,24.458139,
07/31/2019 19:21:00.000000,,,,0.043877,
07/31/2019 19:22:00.000000,,,,54.177273,
07/31/2019 19:23:00.000000,,,,0.058782,
07/31/2019 19:24:00.000000,,,,31.9,
07/31/2019 19:25:00.000000,,,,0.031978,
07/31/2019 19:26:00.000000,,,,0.042229,
07/31/2019 19:27:00.000000,,,,0.044767,
07/31/2019 19:28:00.000000,,,,0.054931,
07/31/2019 19:29:00.000000,,,,0.091877,
07/31/2019 19:30:00.000000,,,,0.059595,
07/31/2019 19:31:00.000000,,,,0.047056,
07/31/2019 19:32:00.000000,,,,44.935,
07/31/2019 19:33:00.000000,,,,0.061016,
07/31/2019 19:34:00.000000,,,,0.056873,
07/31/2019 19:35:00.000000,,,,0.058163,
07/31/2019 19:36:00.000000,,,,57.314286,
07/31/2019 19:37:00.000000,,,,0.066462,
07/31/2019 19:38:00.000000,,,,0.032781,
07/31/2019 19:39:00.000000,,,,63.169767,
07/31/2019 19:40:00.000000,,,,35.414286,
07/31/2019 19:41:00.000000,,,,66.665854,
07/31/2019 19:42:00.000000,,,,0.087137,
07/31/2019 19:43:00.000000,,,,0.062936,
07/31/2019 19:44:00.000000,,,,36.285366,
07/31/2019 19:45:00.000000,,,,49.730233,
07/31/2019 19:46:00.000000,,,,0.058163,
07/31/2019 19:47:00.000000,,,,43.405,
07/31/2019 19:48:00.000000,,,,0.062806,
07/31/2019 19:49:00.000000,,,,0.057664,
07/31/2019 19:50:00.000000,,,,48.271429,
07/31/2019 19:51:00.000000,,,,64.574419,
07/31/2019 19:52:00.000000,,,,0.133997,
07/31/2019 19:53:00.000000,,,,0.07476,
07/31/2019 19:54:00.000000,,,,97.477273,
07/31/2019 19:55:00.000000,,,,55.943902,
07/31/2019 19:56:00.000000,,,,0.049193,
07/31/2019 19:57:00.000000,,,,44.514286,
07/31/2019 19:58:00.000000,,,,37.711628,
07/31/2019 19:59:00.000000,,,,0.041364,
07/31/2019 20:00:00.000000,,,,51.0875,
07/31/2019 20:01:00.000000,,,,41.751351,
07/31/2019 20:02:00.000000,,,,0.062893,
07/31/2019 20:03:00.000000,,,,0.064238,
07/31/2019 20:04:00.000000,,,,62.169565,
07/31/2019 20:05:00.000000,,,,48.154839,
07/31/2019 20:06:00.000000,,,,0.061081,
07/31/2019 20:07:00.000000,,,,57.238462,
07/31/2019 20:08:00.000000,,,,0.054418,
07/31/2019 20:09:00.000000,,,,64.669767,
07/31/2019 20:10:00.000000,,,,50.390322,
07/31/2019 20:11:00.000000,,,,47.560465,
07/31/2019 20:12:00.000000,,,,35.203448,
07/31/2019 20:13:00.000000,,,,33.539394,
07/31/2019 20:14:00.000000,,,,0.036079,
07/31/2019 20:15:00.000000,,,,0.047049,
07/31/2019 20:16:00.000000,,,,0.03167,
07/31/2019 20:17:00.000000,,,,24.36,
07/31/2019 20:18:00.000000,,,,23.8925,
07/31/2019 20:19:00.000000,,,,0.050602,
07/31/2019 20:20:00.000000,,,,0.049493,
07/31/2019 20:21:00.000000,,,,35.36,
07/31/2019 20:22:00.000000,,,,0.044833,
07/31/2019 20:23:00.000000,,,,27.2475,
07/31/2019 20:24:00.000000,,,,43.513043,
07/31/2019 20:25:00.000000,,,,0.050136,
07/31/2019 20:26:00.000000,,,,45.566667,
07/31/2019 20:27:00.000000,,,,0.047815,
07/31/2019 20:28:00.000000,,,,31.373809,
07/31/2019 20:29:00.000000,,,,0.0338,
07/31/2019 20:30:00.000000,,,,0.033323,
07/31/2019 20:31:00.000000,,,,0.046094,
07/31/2019 20:32:00.000000,,,,0.038368,
07/31/2019 20:33:00.000000,,,,31.840909,
07/31/2019 20:34:00.000000,,,,25.488372,
07/31/2019 20:35:00.000000,,,,36.1,
07/31/2019 20:36:00.000000,,,,0.045949,
07/31/2019 20:37:00.000000,,,,0.042912,
07/31/2019 20:38:00.000000,,,,0.029114,
07/31/2019 20:39:00.000000,,,,40.710526,
07/31/2019 20:40:00.000000,,,,0.042847,
07/31/2019 20:41:00.000000,,,,22.719512,
07/31/2019 20:42:00.000000,,,,21.0,
07/31/2019 20:43:00.000000,,,,0.039397,
07/31/2019 20:44:00.000000,,,,39.812195,
07/31/2019 20:45:00.000000,,,,19.834884,
07/31/2019 20:46:00.000000,,,,0.055473,
07/31/2019 20:47:00.000000,,,,0.042456,
07/31/2019 20:48:00.000000,,,,0.047562,
07/31/2019 20:49:00.000000,,,,247.690243,
07/31/2019 20:50:00.000000,,,,96.516279,
07/31/2019 20:51:00.000000,,,,19.023256,
07/31/2019 20:52:00.000000,,,,0.021309,
07/31/2019 20:53:00.000000,,,,0.028943,
07/31/2019 20:54:00.000000,,,,0.044345,
07/31/2019 20:55:00.000000,,,,31.9,
07/31/2019 20:56:00.000000,,,,18.25122,
07/31/2019 20:57:00.000000,,,,14.909524,
07/31/2019 20:58:00.000000,,,,0.037817,
07/31/2019 20:59:00.000000,,,,0.023524,
07/31/2019 21:00:00.000000,,,,0.029063,
07/31/2019 21:01:00.000000,,,,50.26,
07/31/2019 21:02:00.000000,,,,0.011436,
07/31/2019 21:03:00.000000,,,,0.032495,
07/31/2019 21:04:00.000000,,,,32.11,
07/31/2019 21:05:00.000000,,,,0.034494,
07/31/2019 21:06:00.000000,,,,0.059202,
07/31/2019 21:07:00.000000,,,,29.103226,
07/31/2019 21:08:00.000000,,,,38.421951,
07/31/2019 21:10:00.000000,,,,20.955,
07/31/2019 21:11:00.000000,,,,31.013514,
07/31/2019 21:12:00.000000,,,,0.035678,
07/31/2019 21:13:00.000000,,,,0.033123,
07/31/2019 21:14:00.000000,,,,0.036015,
07/31/2019 21:15:00.000000,,,,16.54,
07/31/2019 21:16:00.000000,,,,0.048933,
07/31/2019 21:17:00.000000,,,,0.031883,
07/31/2019 21:18:00.000000,,,,21.866667,
07/31/2019 21:19:00.000000,,,,0.040147,
07/31/2019 21:20:00.000000,,,,18.5,
07/31/2019 21:21:00.000000,,,,0.03297,
07/31/2019 21:22:00.000000,,,,28.356757,
07/31/2019 21:23:00.000000,,,,0.037102,
07/31/2019 21:24:00.000000,,,,0.045384,
07/31/2019 21:25:00.000000,,,,0.018811,
07/31/2019 21:26:00.000000,,,,0.034233,
07/31/2019 21:27:00.000000,,,,0.052566,
07/31/2019 21:28:00.000000,,,,0.08113,
07/31/2019 21:29:00.000000,,,,25.57,
07/31/2019 21:30:00.000000,,,,0.025854,
07/31/2019 21:31:00.000000,,,,0.027425,
07/31/2019 21:32:00.000000,,,,0.02364,
07/31/2019 21:33:00.000000,,,,32.715,
07/31/2019 21:34:00.000000,,,,0.023684,
07/31/2019 21:35:00.000000,,,,0.039299,
07/31/2019 21:36:00.000000,,,,35.23,
07/31/2019 21:37:00.000000,,,,0.036615,
07/31/2019 21:38:00.000000,,,,0.03791,
07/31/2019 21:39:00.000000,,,,24.663415,
07/31/2019 21:40:00.000000,,,,20.971429,
07/31/2019 21:41:00.000000,,,,27.7625,
07/31/2019 21:42:00.000000,,,,13.225581,
07/31/2019 21:43:00.000000,,,,28.968293,
07/31/2019 21:44:00.000000,,,,0.038034,
07/31/2019 21:45:00.000000,,,,30.751163,
07/31/2019 21:46:00.000000,,,,16.7,
07/31/2019 21:47:00.000000,,,,23.604878,
07/31/2019 21:48:00.000000,,,,0.040179,
07/31/2019 21:49:00.000000,,,,26.621951,
07/31/2019 21:50:00.000000,,,,32.674359,
07/31/2019 21:51:00.000000,,,,0.026077,
07/31/2019 21:52:00.000000,,,,45.0375,
07/31/2019 21:53:00.000000,,,,30.04878,
07/31/2019 21:54:00.000000,,,,22.514286,
07/31/2019 21:55:00.000000,,,,20.757895,
07/31/2019 21:56:00.000000,,,,0.02689,
07/31/2019 21:57:00.000000,,,,33.385714,
07/31/2019 21:58:00.000000,,,,33.98,
07/31/2019 21:59:00.000000,,,,0.049178,
07/31/2019 22:00:00.000000,,,,0.035027,
07/31/2019 22:01:00.000000,,,,25.714286,
07/31/2019 22:02:00.000000,,,,0.021964,
07/31/2019 22:03:00.000000,,,,0.041082,
07/31/2019 22:04:00.000000,,,,0.041581,
07/31/2019 22:05:00.000000,,,,0.057723,
07/31/2019 22:06:00.000000,,,,0.052597,
07/31/2019 22:07:00.000000,,,,45.34,
07/31/2019 22:08:00.000000,,,,0.058086,
07/31/2019 22:09:00.000000,,,,35.695349,
07/31/2019 22:10:00.000000,,,,0.029353,
07/31/2019 22:11:00.000000,,,,0.021759,
07/31/2019 22:12:00.000000,,,,0.02498,
07/31/2019 22:13:00.000000,,,,0.024936,
07/31/2019 22:14:00.000000,,,,0.055064,
07/31/2019 22:15:00.000000,,,,24.144444,
07/31/2019 22:16:00.000000,,,,16.957895,
07/31/2019 22:17:00.000000,,,,18.34878,
07/31/2019 22:18:00.000000,,,,29.593617,
07/31/2019 22:19:00.000000,,,,33.71,
07/31/2019 22:20:00.000000,,,,0.024407,
07/31/2019 22:21:00.000000,,,,23.95,
07/31/2019 22:22:00.000000,,,,19.3,
07/31/2019 22:23:00.000000,,,,27.322727,
07/31/2019 22:24:00.000000,,,,34.974419,
07/31/2019 22:25:00.000000,,,,36.688889,
07/31/2019 22:26:00.000000,,,,0.055358,
07/31/2019 22:27:00.000000,,,,33.641463,
07/31/2019 22:28:00.000000,,,,0.059634,
07/31/2019 22:29:00.000000,,,,0.078633,
07/31/2019 22:30:00.000000,,,,0.030584,
07/31/2019 22:31:00.000000,,,,0.039727,
07/31/2019 22:32:00.000000,,,,0.027547,
07/31/2019 22:33:00.000000,,,,28.159091,
07/31/2019 22:34:00.000000,,,,0.058405,
07/31/2019 22:35:00.000000,,,,0.063582,
07/31/2019 22:36:00.000000,,,,21.097619,
07/31/2019 22:37:00.000000,,,,0.031986,
07/31/2019 22:38:00.000000,,,,28.8,
07/31/2019 22:39:00.000000,,,,0.05749,
07/31/2019 22:40:00.000000,,,,41.991429,
07/31/2019 22:41:00.000000,,,,0.05064,
07/31/2019 22:42:00.000000,,,,32.495455,
07/31/2019 22:43:00.000000,,,,29.246154,
07/31/2019 22:44:00.000000,,,,0.033933,
07/31/2019 22:45:00.000000,,,,29.014634,
07/31/2019 22:46:00.000000,,,,36.159091,
07/31/2019 22:47:00.000000,,,,31.975,
07/31/2019 22:48:00.000000,,,,30.517073,
07/31/2019 22:49:00.000000,,,,0.102106,
07/31/2019 22:50:00.000000,,,,0.063633,
07/31/2019 22:51:00.000000,,,,20.145238,
07/31/2019 22:52:00.000000,,,,36.402326,
07/31/2019 22:53:00.000000,,,,0.027774,
07/31/2019 22:54:00.000000,,,,0.035837,
07/31/2019 22:55:00.000000,,,,30.437209,
07/31/2019 22:56:00.000000,,,,20.828571,
07/31/2019 22:57:00.000000,,,,29.571428,
07/31/2019 22:58:00.000000,,,,0.046211,
07/31/2019 22:59:00.000000,,,,0.040419,
07/31/2019 23:00:00.000000,,,,40.33,
07/31/2019 23:01:00.000000,,,,28.416667,
07/31/2019 23:02:00.000000,,,,28.417073,
07/31/2019 23:03:00.000000,,,,0.043053,
07/31/2019 23:04:00.000000,,,,0.02733,
07/31/2019 23:05:00.000000,,,,33.745455,
07/31/2019 23:06:00.000000,,,,29.160465,
07/31/2019 23:07:00.000000,,,,32.316279,
07/31/2019 23:08:00.000000,,,,0.036231,
07/31/2019 23:09:00.000000,,,,37.516279,
07/31/2019 23:10:00.000000,,,,0.031888,
07/31/2019 23:11:00.000000,,,,21.111628,
07/31/2019 23:12:00.000000,,,,0.067054,
07/31/2019 23:13:00.000000,,,,0.126023,
07/31/2019 23:14:00.000000,,,,0.067226,
07/31/2019 23:15:00.000000,,,,33.157143,
07/31/2019 23:16:00.000000,,,,28.936842,
07/31/2019 23:17:00.000000,,,,36.792857,
07/31/2019 23:18:00.000000,,,,0.039219,
07/31/2019 23:19:00.000000,,,,0.043725,
07/31/2019 23:20:00.000000,,,,0.050571,
07/31/2019 23:21:00.000000,,,,44.052381,
07/31/2019 23:22:00.000000,,,,0.042659,
07/31/2019 23:23:00.000000,,,,0.040485,
07/31/2019 23:24:00.000000,,,,0.058392,
07/31/2019 23:25:00.000000,,,,0.048929,
07/31/2019 23:26:00.000000,,,,51.145455,
07/31/2019 23:27:00.000000,,,,0.04723,
07/31/2019 23:28:00.000000,,,,0.03165,
07/31/2019 23:29:00.000000,,,,40.484615,
07/31/2019 23:30:00.000000,,,,0.06921,
07/31/2019 23:31:00.000000,,,,0.056644,
07/31/2019 23:32:00.000000,,,,0.06611,
07/31/2019 23:33:00.000000,,,,38.615,
07/31/2019 23:34:00.000000,,,,38.721428,
07/31/2019 23:35:00.000000,,,,0.043251,
07/31/2019 23:36:00.000000,,,,48.704878,
07/31/2019 23:37:00.000000,,,,46.3,
07/31/2019 23:38:00.000000,,,,66.757143,
07/31/2019 23:39:00.000000,,,,37.560976,
07/31/2019 23:40:00.000000,,,,52.036585,
07/31/2019 23:41:00.000000,,,,0.050432,
07/31/2019 23:42:00.000000,,,,0.043389,
07/31/2019 23:43:00.000000,,,,0.05031,
07/31/2019 23:44:00.000000,,,,36.115385,
07/31/2019 23:45:00.000000,,,,0.039211,
07/31/2019 23:46:00.000000,,,,26.218182,
07/31/2019 23:47:00.000000,,,,0.046968,
07/31/2019 23:48:00.000000,,,,0.044396,
07/31/2019 23:49:00.000000,,,,0.049967,
07/31/2019 23:50:00.000000,,,,51.15,
07/31/2019 23:51:00.000000,,,,0.045725,
07/31/2019 23:52:00.000000,,,,0.036854,
07/31/2019 23:53:00.000000,,,,0.041889,
07/31/2019 23:54:00.000000,,,,0.066959,
07/31/2019 23:55:00.000000,,,,128.863636,
07/31/2019 23:56:00.000000,,,,0.057188,
07/31/2019 23:57:00.000000,,,,0.062452,
07/31/2019 23:58:00.000000,,,,0.086199,
07/31/2019 23:59:00.000000,,,,58.828205,
                