InstrumentName, Melody-Catalpa B
StartTime, 2019-12-01 00:00:00
EndTime, 2019-12-31 23:59:59
Date,PM2.5
12/01/2019 00:00:00.769000,0.0
12/01/2019 00:02:00.708000,0.0
12/01/2019 00:04:00.759000,0.0
12/01/2019 00:06:00.724000,0.0
12/01/2019 00:08:00.955000,0.0
12/01/2019 00:10:00.872000,0.07
12/01/2019 00:12:00.723000,0.01
12/01/2019 00:14:00.709000,0.17
12/01/2019 00:16:00.406000,0.13
12/01/2019 00:18:00.703000,0.0
12/01/2019 00:20:00.383000,0.0
12/01/2019 00:22:00.838000,0.0
12/01/2019 00:24:00.788000,0.0
12/01/2019 00:26:00.715000,0.0
12/01/2019 00:28:00.711000,0.0
12/01/2019 00:30:00.692000,0.0
12/01/2019 00:32:00.815000,0.0
12/01/2019 00:34:01.068000,0.0
12/01/2019 00:36:00.449000,0.03
12/01/2019 00:38:00.379000,0.0
12/01/2019 00:40:00.712000,0.0
12/01/2019 00:42:00.702000,0.0
12/01/2019 00:44:00.636000,0.0
12/01/2019 00:46:00.377000,0.0
12/01/2019 00:48:00.737000,0.11
12/01/2019 00:50:00.421000,0.36
12/01/2019 00:52:00.383000,0.0
12/01/2019 00:54:00.650000,0.0
12/01/2019 00:56:00.450000,0.0
12/01/2019 00:58:00.719000,0.16
12/01/2019 01:00:00.833000,0.22
12/01/2019 01:02:00.607000,0.0
12/01/2019 01:04:00.411000,0.0
12/01/2019 01:06:00.706000,0.0
12/01/2019 01:08:00.785000,0.0
12/01/2019 01:10:00.823000,0.0
12/01/2019 01:12:00.702000,0.0
12/01/2019 01:14:00.709000,0.0
12/01/2019 01:16:00.753000,0.0
12/01/2019 01:18:00.796000,0.0
12/01/2019 01:20:00.408000,0.0
12/01/2019 01:22:00.422000,0.0
12/01/2019 01:24:00.381000,0.0
12/01/2019 01:26:00.693000,0.36
12/01/2019 01:28:00.646000,0.49
12/01/2019 01:30:00.672000,0.11
12/01/2019 01:32:00.837000,0.0
12/01/2019 01:34:00.964000,0.12
12/01/2019 01:36:00.807000,0.0
12/01/2019 01:38:00.791000,0.66
12/01/2019 01:40:00.520000,0.83
12/01/2019 01:42:01.681000,0.0
12/01/2019 01:44:00.627000,0.0
12/01/2019 01:46:00.811000,0.0
12/01/2019 01:48:00.702000,0.13
12/01/2019 01:50:00.719000,0.0
12/01/2019 01:52:00.792000,0.0
12/01/2019 01:54:00.701000,0.0
12/01/2019 01:56:00.771000,0.0
12/01/2019 01:58:00.371000,0.0
12/01/2019 02:00:00.717000,0.34
12/01/2019 02:02:00.366000,0.16
12/01/2019 02:04:00.604000,1.93
12/01/2019 02:06:00.617000,1.91
12/01/2019 02:08:00.781000,2.21
12/01/2019 02:10:01.154000,2.72
12/01/2019 02:12:00.795000,3.31
12/01/2019 02:14:00.892000,4.59
12/01/2019 02:16:00.383000,6.59
12/01/2019 02:18:00.398000,7.1
12/01/2019 02:20:00.826000,4.23
12/01/2019 02:22:00.823000,4.23
12/01/2019 02:24:00.857000,3.82
12/01/2019 02:26:00.610000,4.07
12/01/2019 02:28:00.615000,5.47
12/01/2019 02:30:00.453000,4.63
12/01/2019 02:32:00.784000,4.36
12/01/2019 02:34:01.280000,4.39
12/01/2019 02:36:00.780000,4.77
12/01/2019 02:38:00.364000,3.99
12/01/2019 02:40:00.389000,2.97
12/01/2019 02:42:00.404000,4.19
12/01/2019 02:44:00.767000,3.15
12/01/2019 02:46:00.769000,5.01
12/01/2019 02:48:00.772000,3.41
12/01/2019 02:50:00.366000,3.64
12/01/2019 02:52:00.626000,3.32
12/01/2019 02:54:00.588000,3.25
12/01/2019 02:56:00.596000,4.68
12/01/2019 02:58:00.600000,3.7
12/01/2019 03:00:00.389000,3.81
12/01/2019 03:02:00.715000,4.58
12/01/2019 03:04:00.716000,4.81
12/01/2019 03:06:00.644000,4.32
12/01/2019 03:08:00.596000,4.57
12/01/2019 03:10:00.710000,5.21
12/01/2019 03:12:00.740000,5.36
12/01/2019 03:14:00.791000,5.24
12/01/2019 03:16:00.589000,5.13
12/01/2019 03:18:00.884000,5.03
12/01/2019 03:20:01.029000,5.93
12/01/2019 03:22:00.729000,5.8
12/01/2019 03:24:00.780000,5.15
12/01/2019 03:26:00.593000,5.44
12/01/2019 03:28:00.703000,5.59
12/01/2019 03:30:00.387000,5.08
12/01/2019 03:32:00.777000,6.25
12/01/2019 03:34:01.123000,6.58
12/01/2019 03:36:00.685000,6.67
12/01/2019 03:38:00.629000,5.9
12/01/2019 03:40:00.717000,7.13
12/01/2019 03:42:00.379000,6.52
12/01/2019 03:44:00.570000,6.84
12/01/2019 03:46:00.782000,7.36
12/01/2019 03:48:00.688000,7.26
12/01/2019 03:50:00.396000,7.89
12/01/2019 03:52:00.399000,8.18
12/01/2019 03:54:00.357000,8.49
12/01/2019 03:56:00.790000,7.75
12/01/2019 03:58:00.765000,7.28
12/01/2019 04:00:00.805000,7.34
12/01/2019 04:02:00.387000,8.21
12/01/2019 04:04:00.816000,7.37
12/01/2019 04:06:00.776000,6.48
12/01/2019 04:08:00.360000,5.07
12/01/2019 04:12:00.741000,7.68
12/01/2019 04:14:00.564000,8.87
12/01/2019 04:16:00.356000,7.45
12/01/2019 04:18:00.725000,6.79
12/01/2019 04:20:00.662000,6.58
12/01/2019 04:22:00.701000,7.21
12/01/2019 04:24:00.757000,7.81
12/01/2019 04:26:00.370000,5.15
12/01/2019 04:28:00.563000,3.65
12/01/2019 04:30:00.784000,4.1
12/01/2019 04:32:00.665000,4.13
12/01/2019 04:34:00.967000,4.52
12/01/2019 04:36:00.356000,4.46
12/01/2019 04:38:00.338000,4.83
12/01/2019 04:40:00.374000,5.21
12/01/2019 04:42:00.595000,5.07
12/01/2019 04:44:00.729000,4.56
12/01/2019 04:46:00.334000,4.48
12/01/2019 04:48:00.679000,3.65
12/01/2019 04:50:00.343000,4.48
12/01/2019 04:52:00.700000,4.06
12/01/2019 04:54:00.369000,5.12
12/01/2019 04:56:00.752000,5.0
12/01/2019 04:58:00.401000,4.57
12/01/2019 05:00:00.675000,4.65
12/01/2019 05:02:00.805000,4.28
12/01/2019 05:04:00.573000,4.47
12/01/2019 05:06:00.697000,4.21
12/01/2019 05:08:00.678000,4.71
12/01/2019 05:12:00.582000,4.65
12/01/2019 05:14:00.339000,4.26
12/01/2019 05:16:00.747000,3.62
12/01/2019 05:18:00.566000,4.58
12/01/2019 05:20:00.359000,3.85
12/01/2019 05:22:00.673000,3.56
12/01/2019 05:24:00.606000,2.91
12/01/2019 05:26:00.832000,3.45
12/01/2019 05:28:00.662000,3.73
12/01/2019 05:30:00.717000,4.34
12/01/2019 05:32:00.690000,5.72
12/01/2019 05:34:00.968000,7.04
12/01/2019 05:36:00.770000,7.33
12/01/2019 05:38:00.751000,6.07
12/01/2019 05:40:00.723000,6.0
12/01/2019 05:42:00.673000,6.69
12/01/2019 05:44:00.692000,7.24
12/01/2019 05:46:00.328000,7.63
12/01/2019 05:48:00.664000,8.01
12/01/2019 05:50:00.600000,7.69
12/01/2019 05:52:00.729000,5.23
12/01/2019 05:54:00.865000,6.62
12/01/2019 05:56:00.769000,6.11
12/01/2019 05:58:00.769000,8.09
12/01/2019 06:00:00.563000,8.51
12/01/2019 06:02:00.557000,8.42
12/01/2019 06:04:00.582000,8.32
12/01/2019 06:06:00.728000,7.66
12/01/2019 06:08:00.766000,7.09
12/01/2019 06:10:00.373000,8.61
12/01/2019 06:12:00.363000,8.48
12/01/2019 06:14:00.612000,7.68
12/01/2019 06:16:00.656000,8.05
12/01/2019 06:18:00.658000,7.3
12/01/2019 06:20:00.340000,6.83
12/01/2019 06:22:00.757000,7.13
12/01/2019 06:24:00.336000,6.26
12/01/2019 06:26:00.693000,7.56
12/01/2019 06:28:00.656000,8.27
12/01/2019 06:30:00.687000,8.39
12/01/2019 06:32:00.720000,8.42
12/01/2019 06:34:00.913000,8.51
12/01/2019 06:36:00.376000,9.31
12/01/2019 06:38:00.591000,7.79
12/01/2019 06:40:00.730000,8.1
12/01/2019 06:42:00.595000,7.59
12/01/2019 06:44:00.544000,8.53
12/01/2019 06:46:00.728000,8.41
12/01/2019 06:48:00.711000,8.3
12/01/2019 06:50:00.595000,8.32
12/01/2019 06:52:00.334000,7.58
12/01/2019 06:54:00.650000,8.01
12/01/2019 06:56:00.538000,10.94
12/01/2019 06:58:00.344000,9.36
12/01/2019 07:00:00.791000,7.82
12/01/2019 07:02:00.687000,8.04
12/01/2019 07:04:00.592000,8.46
12/01/2019 07:06:00.647000,7.49
12/01/2019 07:08:00.704000,7.9
12/01/2019 07:10:00.711000,8.66
12/01/2019 07:12:00.587000,8.47
12/01/2019 07:14:00.334000,9.25
12/01/2019 07:16:00.322000,9.43
12/01/2019 07:18:00.646000,9.49
12/01/2019 07:20:00.404000,8.46
12/01/2019 07:22:00.666000,10.35
12/01/2019 07:24:00.651000,10.87
12/01/2019 07:26:00.634000,10.21
12/01/2019 07:28:00.757000,9.79
12/01/2019 07:30:00.793000,10.0
12/01/2019 07:32:00.720000,10.28
12/01/2019 07:34:00.860000,10.58
12/01/2019 07:36:00.715000,9.63
12/01/2019 07:38:00.750000,7.53
12/01/2019 07:40:00.767000,7.34
12/01/2019 07:42:00.683000,7.54
12/01/2019 07:44:00.659000,6.07
12/01/2019 07:46:00.741000,6.69
12/01/2019 07:48:00.313000,7.41
12/01/2019 07:50:00.539000,6.78
12/01/2019 07:52:00.336000,6.4
12/01/2019 07:54:00.522000,6.71
12/01/2019 07:56:00.666000,7.9
12/01/2019 07:58:00.744000,7.28
12/01/2019 08:00:00.562000,6.23
12/01/2019 08:02:00.532000,6.68
12/01/2019 08:04:01.153000,6.43
12/01/2019 08:06:00.590000,6.48
12/01/2019 08:08:00.665000,7.2
12/01/2019 08:10:00.402000,7.61
12/01/2019 08:12:00.319000,6.77
12/01/2019 08:14:00.714000,7.15
12/01/2019 08:16:00.638000,7.36
12/01/2019 08:18:00.767000,6.81
12/01/2019 08:20:00.763000,7.25
12/01/2019 08:22:00.317000,6.85
12/01/2019 08:24:00.315000,7.07
12/01/2019 08:26:00.525000,7.1
12/01/2019 08:28:00.641000,7.1
12/01/2019 08:30:00.581000,6.2
12/01/2019 08:32:00.755000,7.16
12/01/2019 08:34:00.886000,6.65
12/01/2019 08:36:00.526000,6.18
12/01/2019 08:38:00.709000,5.9
12/01/2019 08:40:00.730000,7.37
12/01/2019 08:42:00.892000,7.26
12/01/2019 08:44:00.765000,6.84
12/01/2019 08:46:00.723000,6.38
12/01/2019 08:48:00.644000,7.62
12/01/2019 08:50:00.793000,5.83
12/01/2019 08:52:00.314000,5.06
12/01/2019 08:54:00.526000,6.69
12/01/2019 08:56:00.631000,5.44
12/01/2019 08:58:00.531000,5.59
12/01/2019 09:00:00.512000,5.14
12/01/2019 09:02:00.677000,5.74
12/01/2019 09:04:00.658000,4.32
12/01/2019 09:06:00.699000,4.54
12/01/2019 09:34:01.344000,3.74
12/01/2019 09:36:00.980000,3.43
12/01/2019 09:38:01.323000,3.42
12/01/2019 09:40:00.991000,3.9
12/01/2019 09:42:01.484000,3.28
12/01/2019 09:44:01.371000,3.99
12/01/2019 09:46:01.304000,4.34
12/01/2019 09:48:01.442000,3.59
12/01/2019 09:50:01.462000,3.56
12/01/2019 09:52:01.091000,3.72
12/01/2019 09:54:01.377000,3.38
12/01/2019 09:56:00.999000,2.8
12/01/2019 09:58:01.302000,1.54
12/01/2019 10:00:01.397000,3.1
12/01/2019 10:02:01.232000,3.24
12/01/2019 10:04:01.367000,3.06
12/01/2019 10:06:01.000000,2.48
12/01/2019 10:08:00.982000,2.74
12/01/2019 10:10:01.544000,2.84
12/01/2019 10:12:01.483000,3.64
12/01/2019 10:14:00.986000,3.17
12/01/2019 10:16:01.419000,3.06
12/01/2019 10:18:01.208000,2.29
12/01/2019 10:20:01.386000,2.99
12/01/2019 10:22:01.218000,3.03
12/01/2019 10:24:01.419000,2.87
12/01/2019 10:26:01.384000,2.94
12/01/2019 10:28:01.538000,2.7
12/01/2019 10:30:01.358000,2.54
12/01/2019 10:32:01.330000,2.55
12/01/2019 10:34:01.479000,2.79
12/01/2019 10:36:01.364000,2.98
12/01/2019 10:38:01.311000,3.21
12/01/2019 10:40:01.197000,3.07
12/01/2019 10:42:01.400000,3.07
12/01/2019 10:44:00.993000,2.9
12/01/2019 10:46:01.377000,3.68
12/01/2019 10:48:00.993000,2.92
12/01/2019 10:50:00.981000,3.31
12/01/2019 10:52:00.985000,3.31
12/01/2019 10:54:01.496000,2.37
12/01/2019 10:56:01.214000,3.33
12/01/2019 10:58:01.322000,4.51
12/01/2019 11:00:01.476000,2.75
12/01/2019 11:02:01.396000,3.42
12/01/2019 11:04:01.396000,2.7
12/01/2019 11:06:01.208000,2.93
12/01/2019 11:08:01.197000,3.06
12/01/2019 11:10:01.484000,2.97
12/01/2019 11:12:01.930000,2.43
12/01/2019 11:14:01.419000,3.03
12/01/2019 11:16:01.212000,2.51
12/01/2019 11:18:01.214000,3.09
12/01/2019 11:20:00.963000,2.61
12/01/2019 11:22:01.382000,2.29
12/01/2019 11:24:00.996000,2.36
12/01/2019 11:26:01.480000,2.56
12/01/2019 11:28:01.371000,2.47
12/01/2019 11:30:00.993000,2.58
12/01/2019 11:32:01.436000,2.61
12/01/2019 11:34:01.695000,2.0
12/01/2019 11:36:00.996000,2.48
12/01/2019 11:38:00.942000,1.46
12/01/2019 11:40:01.199000,1.34
12/01/2019 11:42:01.227000,1.29
12/01/2019 11:44:00.973000,1.06
12/01/2019 11:46:00.966000,1.31
12/01/2019 11:48:01.341000,1.09
12/01/2019 11:50:01.272000,1.87
12/01/2019 11:52:01.348000,0.85
12/01/2019 11:54:01.352000,1.0
12/01/2019 11:56:01.360000,1.0
12/01/2019 11:58:01.000000,1.26
12/01/2019 12:00:01.292000,1.29
12/01/2019 12:02:01.392000,1.81
12/01/2019 12:04:01.418000,1.26
12/01/2019 12:06:01.177000,1.54
12/01/2019 12:08:01.336000,1.23
12/01/2019 12:10:01.305000,1.56
12/01/2019 12:12:01.293000,1.24
12/01/2019 12:14:01.282000,1.13
12/01/2019 12:16:00.970000,1.14
12/01/2019 12:18:01.251000,1.74
12/01/2019 12:20:01.410000,1.51
12/01/2019 12:22:01.314000,1.0
12/01/2019 12:24:01.293000,0.83
12/01/2019 12:26:01.213000,0.85
12/01/2019 12:28:01.302000,1.06
12/01/2019 12:30:01.319000,1.36
12/01/2019 12:32:00.965000,1.25
12/01/2019 12:34:01.622000,0.96
12/01/2019 12:36:01.189000,0.71
12/01/2019 12:38:01.413000,1.13
12/01/2019 12:40:00.974000,0.55
12/01/2019 12:42:01.204000,0.82
12/01/2019 12:44:01.198000,0.77
12/01/2019 12:46:01.394000,0.46
12/01/2019 12:48:01.285000,0.57
12/01/2019 12:50:00.975000,0.7
12/01/2019 12:52:00.950000,1.21
12/01/2019 12:54:01.378000,1.14
12/01/2019 12:56:01.429000,0.56
12/01/2019 12:58:00.944000,1.46
12/01/2019 13:00:01.268000,0.72
12/01/2019 13:02:00.945000,1.18
12/01/2019 13:04:01.200000,1.17
12/01/2019 13:06:01.285000,0.66
12/01/2019 13:08:01.379000,0.54
12/01/2019 13:10:01.322000,0.72
12/01/2019 13:12:01.273000,0.86
12/01/2019 13:14:01.275000,0.48
12/01/2019 13:16:01.348000,0.37
12/01/2019 13:18:01.207000,0.69
12/01/2019 13:20:00.942000,1.24
12/01/2019 13:22:01.367000,0.79
12/01/2019 13:24:01.183000,0.84
12/01/2019 13:26:00.940000,0.84
12/01/2019 13:28:01.339000,0.58
12/01/2019 13:30:01.173000,0.66
12/01/2019 13:32:01.250000,0.71
12/01/2019 13:36:01.262000,0.78
12/01/2019 13:38:01.373000,0.36
12/01/2019 13:40:01.350000,0.43
12/01/2019 13:42:01.352000,0.65
12/01/2019 13:46:01.202000,1.4
12/01/2019 13:48:01.148000,2.38
12/01/2019 13:50:01.197000,1.43
12/01/2019 13:52:01.261000,0.9
12/01/2019 13:56:00.961000,2.1
12/01/2019 13:58:00.942000,2.71
12/01/2019 14:00:01.264000,3.37
12/01/2019 14:02:01.334000,1.09
12/01/2019 14:06:01.339000,2.3
12/01/2019 14:08:01.269000,3.12
12/01/2019 14:10:01.384000,4.32
12/01/2019 14:12:01.211000,3.21
12/01/2019 14:16:00.926000,3.77
12/01/2019 14:18:00.937000,3.15
12/01/2019 14:20:01.430000,3.83
12/01/2019 14:22:00.957000,3.3
12/01/2019 14:26:01.378000,3.93
12/01/2019 14:28:01.461000,3.32
12/01/2019 14:30:01.457000,2.73
12/01/2019 14:32:01.358000,3.72
12/01/2019 14:36:01.285000,2.97
12/01/2019 14:38:01.258000,3.79
12/01/2019 14:40:00.927000,3.61
12/01/2019 14:42:00.948000,3.85
12/01/2019 14:46:00.921000,4.36
12/01/2019 14:48:01.181000,4.59
12/01/2019 14:50:00.913000,4.49
12/01/2019 14:52:01.252000,4.52
12/01/2019 14:54:01.177000,4.44
12/01/2019 14:56:00.953000,4.96
12/01/2019 14:58:00.961000,5.12
12/01/2019 15:00:01.362000,3.78
12/01/2019 15:02:01.176000,5.59
12/01/2019 15:04:00.918000,5.67
12/01/2019 15:06:00.950000,6.93
12/01/2019 15:08:00.931000,6.37
12/01/2019 15:10:01.257000,8.74
12/01/2019 15:12:00.932000,8.93
12/01/2019 15:14:01.154000,7.53
12/01/2019 15:16:01.353000,8.78
12/01/2019 15:18:00.935000,7.72
12/01/2019 15:20:00.933000,8.85
12/01/2019 15:22:01.164000,8.01
12/01/2019 15:24:01.361000,7.9
12/01/2019 15:26:01.152000,8.61
12/01/2019 15:28:01.202000,8.43
12/01/2019 15:30:01.403000,7.97
12/01/2019 15:32:01.399000,5.9
12/01/2019 15:34:01.697000,8.45
12/01/2019 15:36:01.328000,9.3
12/01/2019 15:38:01.282000,8.43
12/01/2019 15:40:00.911000,7.83
12/01/2019 15:42:00.926000,7.53
12/01/2019 15:44:01.223000,7.39
12/01/2019 15:46:00.962000,6.84
12/01/2019 15:48:01.306000,6.71
12/01/2019 15:50:01.346000,6.86
12/01/2019 15:52:01.281000,6.7
12/01/2019 15:54:01.244000,6.8
12/01/2019 15:56:01.155000,5.96
12/01/2019 15:58:01.360000,6.07
12/01/2019 16:00:01.248000,6.12
12/01/2019 16:02:00.951000,8.47
12/01/2019 16:04:01.289000,8.36
12/01/2019 16:06:01.302000,8.86
12/01/2019 16:08:01.329000,8.28
12/01/2019 16:10:01.468000,8.88
12/01/2019 16:12:01.224000,8.35
12/01/2019 16:14:01.148000,9.54
12/01/2019 16:16:01.163000,8.2
12/01/2019 16:18:01.193000,7.79
12/01/2019 16:20:01.201000,7.36
12/01/2019 16:22:01.178000,8.13
12/01/2019 16:24:01.252000,7.24
12/01/2019 16:26:01.394000,8.32
12/01/2019 16:28:01.318000,8.36
12/01/2019 16:30:01.321000,7.49
12/01/2019 16:32:01.249000,10.62
12/01/2019 16:34:01.644000,9.92
12/01/2019 16:36:01.311000,8.01
12/01/2019 16:38:00.918000,7.34
12/01/2019 16:40:00.990000,8.35
12/01/2019 16:42:01.369000,8.36
12/01/2019 16:44:01.379000,7.52
12/01/2019 16:46:01.133000,6.94
12/01/2019 16:48:00.908000,6.49
12/01/2019 16:50:00.944000,8.73
12/01/2019 16:52:01.286000,6.16
12/01/2019 16:54:00.961000,7.04
12/01/2019 16:56:01.144000,6.84
12/01/2019 16:58:00.945000,6.93
12/01/2019 17:00:01.260000,6.7
12/01/2019 17:02:01.354000,7.01
12/01/2019 17:04:00.921000,7.62
12/01/2019 17:06:00.902000,6.74
12/01/2019 17:08:00.919000,5.76
12/01/2019 17:10:01.111000,5.21
12/01/2019 17:12:00.933000,6.68
12/01/2019 17:14:01.135000,5.82
12/01/2019 17:18:01.151000,5.62
12/01/2019 17:20:00.940000,5.61
12/01/2019 17:22:00.915000,5.89
12/01/2019 17:24:00.958000,5.74
12/01/2019 17:28:01.154000,5.4
12/01/2019 17:30:01.310000,5.47
12/01/2019 17:32:01.333000,5.97
12/01/2019 17:34:01.977000,5.19
12/01/2019 17:38:01.264000,5.13
12/01/2019 17:40:01.565000,4.75
12/01/2019 17:42:01.135000,5.12
12/01/2019 17:44:01.239000,4.87
12/01/2019 17:48:01.506000,4.52
12/01/2019 17:50:01.297000,4.05
12/01/2019 17:52:01.173000,5.03
12/01/2019 17:54:01.498000,4.26
12/01/2019 17:58:01.288000,5.32
12/01/2019 18:00:00.919000,3.93
12/01/2019 18:02:01.378000,4.69
12/01/2019 18:04:00.921000,4.73
12/01/2019 18:08:01.343000,4.36
12/01/2019 18:10:00.898000,4.51
12/01/2019 18:12:01.266000,4.09
12/01/2019 18:14:00.996000,4.79
12/01/2019 18:18:00.905000,4.32
12/01/2019 18:20:01.312000,4.33
12/01/2019 18:22:01.347000,5.21
12/01/2019 18:24:01.121000,4.32
12/01/2019 18:28:01.356000,4.69
12/01/2019 18:30:01.229000,4.81
12/01/2019 18:32:01.221000,5.59
12/01/2019 18:34:01.612000,5.0
12/01/2019 18:38:01.271000,4.51
12/01/2019 18:40:00.944000,4.67
12/01/2019 18:42:00.908000,5.46
12/01/2019 18:44:01.224000,5.52
12/01/2019 18:48:01.129000,5.67
12/01/2019 18:50:01.222000,5.33
12/01/2019 18:52:00.898000,5.1
12/01/2019 18:54:01.222000,5.13
12/01/2019 18:56:00.921000,5.04
12/01/2019 18:58:01.242000,5.63
12/01/2019 19:00:01.401000,5.93
12/01/2019 19:02:01.151000,5.96
12/01/2019 19:04:01.222000,6.47
12/01/2019 19:06:00.927000,5.21
12/01/2019 19:08:01.302000,5.19
12/01/2019 19:10:01.285000,5.57
12/01/2019 19:12:01.247000,5.89
12/01/2019 19:14:01.165000,5.51
12/01/2019 19:16:01.241000,5.81
12/01/2019 19:18:01.277000,5.46
12/01/2019 19:20:01.121000,5.89
12/01/2019 19:22:01.122000,5.6
12/01/2019 19:24:01.388000,5.43
12/01/2019 19:26:01.295000,5.42
12/01/2019 19:28:01.223000,5.22
12/01/2019 19:30:01.125000,5.76
12/01/2019 19:32:01.311000,5.22
12/01/2019 19:34:01.525000,4.62
12/01/2019 19:36:01.224000,5.04
12/01/2019 19:38:00.925000,4.79
12/01/2019 19:40:01.335000,4.91
12/01/2019 19:42:01.119000,5.01
12/01/2019 19:44:01.213000,5.23
12/01/2019 19:46:01.323000,5.1
12/01/2019 19:48:01.092000,5.42
12/01/2019 19:50:01.137000,6.02
12/01/2019 19:52:01.229000,5.5
12/01/2019 19:56:00.914000,5.83
12/01/2019 19:58:01.205000,5.42
12/01/2019 20:00:01.284000,5.21
12/01/2019 20:02:00.916000,6.58
12/01/2019 20:06:00.996000,5.74
12/01/2019 20:08:00.899000,5.68
12/01/2019 20:10:00.921000,6.39
12/01/2019 20:12:01.294000,6.13
12/01/2019 20:16:01.160000,5.89
12/01/2019 20:18:00.904000,5.2
12/01/2019 20:20:01.199000,5.63
12/01/2019 20:22:01.269000,5.65
12/01/2019 20:26:01.276000,5.78
12/01/2019 20:28:01.106000,5.94
12/01/2019 20:30:00.971000,5.83
12/01/2019 20:32:01.106000,5.82
12/01/2019 20:36:01.331000,6.04
12/01/2019 20:38:01.126000,6.22
12/01/2019 20:40:01.277000,5.78
12/01/2019 20:42:00.890000,5.87
12/01/2019 20:46:01.293000,6.12
12/01/2019 20:48:01.285000,6.31
12/01/2019 20:50:01.266000,7.01
12/01/2019 20:52:00.904000,6.28
12/01/2019 20:56:01.194000,5.96
12/01/2019 20:58:00.897000,6.46
12/01/2019 21:00:01.161000,6.03
12/01/2019 21:02:00.928000,6.28
12/01/2019 21:06:00.942000,6.99
12/01/2019 21:08:01.106000,7.1
12/01/2019 21:10:01.295000,7.45
12/01/2019 21:12:01.213000,6.71
12/01/2019 21:16:01.239000,7.06
12/01/2019 21:18:01.392000,7.16
12/01/2019 21:20:01.303000,6.39
12/01/2019 21:22:01.286000,6.76
12/01/2019 21:26:00.898000,6.59
12/01/2019 21:28:00.904000,7.67
12/01/2019 21:30:00.947000,7.34
12/01/2019 21:32:01.100000,7.37
12/01/2019 21:34:01.230000,7.26
12/01/2019 21:36:01.296000,8.44
12/01/2019 21:38:01.108000,7.6
12/01/2019 21:40:01.129000,7.06
12/01/2019 21:42:00.885000,7.74
12/01/2019 21:44:01.119000,7.57
12/01/2019 21:46:01.325000,8.48
12/01/2019 21:48:00.920000,9.66
12/01/2019 21:50:01.142000,8.7
12/01/2019 21:52:01.336000,7.63
12/01/2019 21:54:00.971000,8.1
12/01/2019 21:56:01.129000,9.22
12/01/2019 21:58:00.915000,9.0
12/01/2019 22:00:01.210000,7.93
12/01/2019 22:02:01.224000,9.09
12/01/2019 22:04:00.888000,9.74
12/01/2019 22:06:00.919000,9.62
12/01/2019 22:08:01.317000,8.7
12/01/2019 22:10:01.223000,10.97
12/01/2019 22:12:01.196000,9.6
12/01/2019 22:14:01.249000,8.62
12/01/2019 22:16:01.112000,9.49
12/01/2019 22:18:01.101000,9.9
12/01/2019 22:20:01.363000,10.16
12/01/2019 22:22:00.893000,9.19
12/01/2019 22:24:01.350000,9.53
12/01/2019 22:26:01.136000,9.04
12/01/2019 22:28:01.281000,9.39
12/01/2019 22:30:01.205000,8.81
12/01/2019 22:32:01.127000,9.78
12/01/2019 22:34:01.624000,9.92
12/01/2019 22:36:01.292000,9.03
12/01/2019 22:38:00.872000,9.87
12/01/2019 22:40:01.210000,9.57
12/01/2019 22:42:00.878000,9.21
12/01/2019 22:44:00.871000,9.17
12/01/2019 22:46:00.899000,9.93
12/01/2019 22:48:01.316000,9.31
12/01/2019 22:50:00.897000,9.03
12/01/2019 22:52:00.879000,9.06
12/01/2019 22:54:00.921000,10.45
12/01/2019 22:56:01.099000,9.82
12/01/2019 22:58:01.106000,10.2
12/01/2019 23:00:01.208000,10.03
12/01/2019 23:02:01.267000,10.3
12/01/2019 23:04:00.892000,9.78
12/01/2019 23:06:00.893000,9.91
12/01/2019 23:08:01.125000,9.6
12/01/2019 23:10:01.226000,10.49
12/01/2019 23:12:01.315000,10.94
12/01/2019 23:14:01.298000,10.24
12/01/2019 23:16:01.216000,10.84
12/01/2019 23:18:01.191000,11.35
12/01/2019 23:20:01.281000,10.44
12/01/2019 23:22:01.207000,11.01
12/01/2019 23:24:01.094000,11.93
12/01/2019 23:26:00.874000,13.06
12/01/2019 23:28:00.963000,10.93
12/01/2019 23:30:01.162000,12.25
12/01/2019 23:32:00.914000,12.86
12/01/2019 23:34:01.585000,12.73
12/01/2019 23:36:01.412000,12.3
12/01/2019 23:38:01.339000,15.09
12/01/2019 23:40:01.294000,12.8
12/01/2019 23:42:00.890000,11.87
12/01/2019 23:44:01.219000,15.59
12/01/2019 23:46:01.189000,13.1
12/01/2019 23:48:00.897000,13.38
12/01/2019 23:50:00.918000,12.59
12/01/2019 23:52:01.083000,13.79
12/01/2019 23:54:01.203000,13.82
12/01/2019 23:56:01.202000,14.91
12/01/2019 23:58:01.301000,14.89
12/02/2019 00:00:01.118000,13.47
12/02/2019 00:02:00.860000,14.67
12/02/2019 00:04:01.188000,15.88
12/02/2019 00:06:00.874000,14.12
12/02/2019 00:08:01.302000,15.53
12/02/2019 00:10:01.181000,13.6
12/02/2019 00:12:01.086000,15.63
12/02/2019 00:14:01.140000,14.77
12/02/2019 00:16:01.220000,15.39
12/02/2019 00:18:01.348000,16.43
12/02/2019 00:20:01.149000,16.51
12/02/2019 00:22:00.869000,17.93
12/02/2019 00:24:01.294000,16.03
12/02/2019 00:26:01.205000,15.94
12/02/2019 00:28:01.200000,15.9
12/02/2019 00:30:00.879000,15.49
12/02/2019 00:32:01.352000,15.33
12/02/2019 00:34:01.859000,15.64
12/02/2019 00:36:01.240000,15.54
12/02/2019 00:38:00.881000,15.88
12/02/2019 00:40:01.293000,14.25
12/02/2019 00:42:01.304000,14.11
12/02/2019 00:44:01.309000,15.66
12/02/2019 00:46:01.272000,15.77
12/02/2019 00:48:01.106000,17.0
12/02/2019 00:50:01.184000,15.86
12/02/2019 00:52:01.191000,17.26
12/02/2019 00:54:00.890000,17.93
12/02/2019 00:56:01.331000,18.33
12/02/2019 00:58:01.404000,18.4
12/02/2019 01:00:01.305000,18.5
12/02/2019 01:02:00.864000,16.88
12/02/2019 01:04:01.264000,18.09
12/02/2019 01:06:01.117000,17.54
12/02/2019 01:08:01.280000,18.06
12/02/2019 01:10:01.444000,18.19
12/02/2019 01:12:01.088000,18.1
12/02/2019 01:14:01.291000,18.71
12/02/2019 01:16:01.080000,17.93
12/02/2019 01:18:00.866000,17.19
12/02/2019 01:20:01.182000,19.14
12/02/2019 01:22:01.313000,19.78
12/02/2019 01:24:01.154000,21.78
12/02/2019 01:26:01.086000,17.83
12/02/2019 01:28:01.216000,18.5
12/02/2019 01:30:01.105000,20.13
12/02/2019 01:32:01.106000,19.64
12/02/2019 01:34:01.650000,19.14
12/02/2019 01:36:01.102000,19.91
12/02/2019 01:38:01.306000,20.33
12/02/2019 01:40:01.122000,21.45
12/02/2019 01:42:01.270000,21.36
12/02/2019 01:44:01.311000,22.31
12/02/2019 01:46:01.081000,23.82
12/02/2019 01:48:01.275000,23.5
12/02/2019 01:50:01.348000,23.01
12/02/2019 01:52:01.212000,24.4
12/02/2019 01:54:01.208000,23.42
12/02/2019 01:56:01.192000,24.03
12/02/2019 01:58:01.187000,27.73
12/02/2019 02:00:01.123000,27.01
12/02/2019 02:02:01.356000,25.74
12/02/2019 02:04:01.380000,25.57
12/02/2019 02:06:01.210000,34.78
12/02/2019 02:08:01.087000,31.97
12/02/2019 02:10:01.257000,35.66
12/02/2019 02:12:01.175000,34.6
12/02/2019 02:14:01.173000,38.49
12/02/2019 02:16:01.187000,33.72
12/02/2019 02:18:01.192000,37.29
12/02/2019 02:20:00.912000,44.12
12/02/2019 02:22:01.297000,44.34
12/02/2019 02:24:01.186000,43.51
12/02/2019 02:26:00.900000,42.87
12/02/2019 02:28:01.143000,44.48
12/02/2019 02:30:01.092000,46.54
12/02/2019 02:32:01.080000,47.97
12/02/2019 02:34:01.565000,48.76
12/02/2019 02:36:01.180000,45.62
12/02/2019 02:38:01.316000,46.47
12/02/2019 02:40:01.195000,44.79
12/02/2019 02:42:01.204000,39.75
12/02/2019 02:44:00.875000,40.03
12/02/2019 02:46:01.073000,40.54
12/02/2019 02:48:00.948000,40.85
12/02/2019 02:50:01.208000,39.54
12/02/2019 02:52:01.313000,37.85
12/02/2019 02:54:01.283000,35.32
12/02/2019 02:56:01.259000,34.97
12/02/2019 02:58:01.083000,37.89
12/02/2019 03:00:00.845000,38.68
12/02/2019 03:02:00.857000,34.32
12/02/2019 03:04:01.075000,33.81
12/02/2019 03:06:01.283000,36.66
12/02/2019 03:08:00.875000,36.32
12/02/2019 03:10:01.301000,36.36
12/02/2019 03:12:01.169000,37.59
12/02/2019 03:14:01.159000,37.18
12/02/2019 03:16:01.191000,36.44
12/02/2019 03:18:01.078000,36.04
12/02/2019 03:20:01.154000,35.4
12/02/2019 03:22:01.289000,36.83
12/02/2019 03:24:01.083000,36.74
12/02/2019 03:26:01.155000,35.64
12/02/2019 03:28:01.081000,35.59
12/02/2019 03:30:01.350000,36.57
12/02/2019 03:32:01.072000,38.54
12/02/2019 03:34:01.178000,39.46
12/02/2019 03:36:01.453000,37.87
12/02/2019 03:38:01.062000,42.22
12/02/2019 03:40:01.095000,43.13
12/02/2019 03:42:00.860000,45.68
12/02/2019 03:44:01.401000,45.89
12/02/2019 03:46:00.832000,46.14
12/02/2019 03:48:01.178000,44.47
12/02/2019 03:50:00.857000,40.56
12/02/2019 03:52:00.848000,42.25
12/02/2019 03:54:00.850000,43.14
12/02/2019 03:56:01.070000,45.12
12/02/2019 03:58:01.281000,42.97
12/02/2019 04:00:00.930000,43.28
12/02/2019 04:02:01.185000,42.0
12/02/2019 04:04:01.335000,42.53
12/02/2019 04:06:01.151000,43.33
12/02/2019 04:08:01.172000,42.75
12/02/2019 04:10:00.887000,39.57
12/02/2019 04:12:01.300000,36.69
12/02/2019 04:14:00.841000,33.71
12/02/2019 04:16:01.046000,36.38
12/02/2019 04:18:01.202000,38.5
12/02/2019 04:20:01.277000,34.71
12/02/2019 04:22:00.852000,36.14
12/02/2019 04:24:01.353000,35.42
12/02/2019 04:26:01.277000,32.9
12/02/2019 04:28:01.284000,33.1
12/02/2019 04:30:01.345000,31.28
12/02/2019 04:32:01.293000,34.43
12/02/2019 04:34:01.562000,32.16
12/02/2019 04:36:01.185000,32.11
12/02/2019 04:38:01.139000,28.94
12/02/2019 04:40:01.156000,29.84
12/02/2019 04:42:01.162000,29.99
12/02/2019 04:44:00.826000,26.24
12/02/2019 04:46:01.255000,28.78
12/02/2019 04:48:01.219000,28.34
12/02/2019 04:50:00.902000,27.7
12/02/2019 04:52:01.137000,26.61
12/02/2019 04:54:01.350000,27.0
12/02/2019 04:56:01.142000,27.22
12/02/2019 04:58:01.048000,26.97
12/02/2019 05:00:01.288000,27.79
12/02/2019 05:02:01.097000,29.52
12/02/2019 05:04:00.855000,29.07
12/02/2019 05:06:00.841000,28.4
12/02/2019 05:08:01.092000,26.54
12/02/2019 05:12:01.173000,27.43
12/02/2019 05:16:01.267000,27.74
12/02/2019 05:18:00.830000,26.58
12/02/2019 05:20:00.807000,26.85
12/02/2019 05:22:00.990000,26.48
12/02/2019 05:24:01.264000,25.68
12/02/2019 05:26:01.154000,25.81
12/02/2019 05:28:01.162000,25.4
12/02/2019 05:30:01.243000,27.13
12/02/2019 05:32:01.373000,23.83
12/02/2019 05:34:01.137000,25.6
12/02/2019 05:36:01.163000,24.79
12/02/2019 05:38:01.247000,23.63
12/02/2019 05:40:00.943000,26.35
12/02/2019 05:42:01.140000,25.3
12/02/2019 05:44:01.199000,25.15
12/02/2019 05:46:00.867000,26.51
12/02/2019 05:48:01.231000,26.25
12/02/2019 05:50:01.438000,25.07
12/02/2019 05:52:00.824000,25.42
12/02/2019 05:54:01.257000,28.03
12/02/2019 05:56:00.826000,28.76
12/02/2019 05:58:00.846000,24.34
12/02/2019 06:00:00.846000,24.02
12/02/2019 06:02:00.805000,24.48
12/02/2019 06:04:00.817000,21.99
12/02/2019 06:06:00.825000,22.06
12/02/2019 06:08:01.180000,21.15
12/02/2019 06:10:01.161000,21.76
12/02/2019 06:12:00.808000,17.08
12/02/2019 06:14:01.286000,18.86
12/02/2019 06:16:01.127000,17.91
12/02/2019 06:18:01.203000,18.74
12/02/2019 06:20:01.127000,16.54
12/02/2019 06:22:01.074000,16.0
12/02/2019 06:24:01.138000,18.43
12/02/2019 06:26:01.368000,17.08
12/02/2019 06:28:01.037000,17.74
12/02/2019 06:30:01.168000,15.85
12/02/2019 06:32:01.019000,15.42
12/02/2019 06:34:01.181000,16.09
12/02/2019 06:36:01.024000,16.55
12/02/2019 06:38:01.027000,15.17
12/02/2019 06:40:01.142000,14.24
12/02/2019 06:42:00.835000,14.12
12/02/2019 06:44:01.047000,16.67
12/02/2019 06:46:00.799000,15.28
12/02/2019 06:48:01.053000,15.19
12/02/2019 06:50:01.136000,16.29
12/02/2019 06:52:01.240000,15.74
12/02/2019 06:54:01.075000,15.7
12/02/2019 06:56:01.138000,15.71
12/02/2019 06:58:01.135000,14.94
12/02/2019 07:00:00.803000,16.37
12/02/2019 07:02:00.815000,15.22
12/02/2019 07:04:00.820000,14.56
12/02/2019 07:06:01.032000,14.35
12/02/2019 07:08:01.174000,12.66
12/02/2019 07:10:01.053000,13.69
12/02/2019 07:12:01.244000,11.62
12/02/2019 07:14:01.249000,9.46
12/02/2019 07:16:01.155000,10.55
12/02/2019 07:18:01.133000,10.6
12/02/2019 07:20:01.241000,10.46
12/02/2019 07:22:01.139000,10.53
12/02/2019 07:24:01.087000,9.88
12/02/2019 07:26:01.197000,11.49
12/02/2019 07:28:01.194000,10.57
12/02/2019 07:30:00.827000,10.14
12/02/2019 07:32:01.168000,9.5
12/02/2019 07:34:01.373000,8.7
12/02/2019 07:36:01.044000,9.72
12/02/2019 07:38:01.115000,9.76
12/02/2019 07:40:01.229000,9.13
12/02/2019 07:42:01.235000,8.76
12/02/2019 07:44:01.279000,8.69
12/02/2019 07:46:01.232000,7.82
12/02/2019 07:48:01.141000,7.57
12/02/2019 07:50:01.029000,7.73
12/02/2019 07:52:00.785000,6.6
12/02/2019 07:54:01.102000,6.16
12/02/2019 07:56:00.784000,5.67
12/02/2019 07:58:01.116000,6.74
12/02/2019 08:00:01.009000,5.81
12/02/2019 08:02:01.027000,5.56
12/02/2019 08:04:01.196000,5.76
12/02/2019 08:06:01.223000,5.69
12/02/2019 08:08:01.136000,5.68
12/02/2019 08:10:00.769000,6.32
12/02/2019 08:12:01.024000,5.3
12/02/2019 08:14:00.840000,4.45
12/02/2019 08:16:01.026000,5.53
12/02/2019 08:18:01.161000,5.15
12/02/2019 08:20:01.304000,5.51
12/02/2019 08:22:01.024000,4.03
12/02/2019 08:24:01.086000,5.78
12/02/2019 08:26:01.204000,5.13
12/02/2019 08:28:01.208000,6.2
12/02/2019 08:30:01.144000,7.27
12/02/2019 08:32:01.042000,6.7
12/02/2019 08:34:01.452000,6.21
12/02/2019 08:36:01.161000,6.78
12/02/2019 08:38:01.154000,6.42
12/02/2019 08:40:01.130000,6.19
12/02/2019 08:42:00.784000,6.37
12/02/2019 08:44:01.152000,6.54
12/02/2019 08:46:00.838000,6.01
12/02/2019 08:48:01.023000,6.9
12/02/2019 08:50:01.107000,6.45
12/02/2019 08:52:00.770000,4.75
12/02/2019 08:54:01.013000,4.8
12/02/2019 08:56:01.159000,5.07
12/02/2019 08:58:01.207000,3.96
12/02/2019 09:00:01.608000,4.54
12/02/2019 09:02:01.118000,4.27
12/02/2019 09:04:00.812000,3.25
12/02/2019 09:06:01.285000,4.59
12/02/2019 09:36:02.794000,3.15
12/02/2019 09:38:02.993000,4.16
12/02/2019 09:40:03.799000,4.09
12/02/2019 09:42:03.218000,3.21
12/02/2019 09:44:03.214000,4.0
12/02/2019 09:46:03.139000,3.26
12/02/2019 09:48:03.107000,3.14
12/02/2019 09:50:03.265000,3.26
12/02/2019 09:52:02.769000,3.83
12/02/2019 09:54:03.246000,2.87
12/02/2019 09:56:02.794000,3.83
12/02/2019 09:58:03.175000,2.46
12/02/2019 10:00:03.133000,2.87
12/02/2019 10:02:03.032000,3.33
12/02/2019 10:04:03.134000,2.77
12/02/2019 10:06:03.202000,2.3
12/02/2019 10:08:02.994000,2.41
12/02/2019 10:10:03.104000,3.6
12/02/2019 10:12:02.762000,2.41
12/02/2019 10:14:02.817000,3.06
12/02/2019 10:16:03.086000,1.93
12/02/2019 10:18:02.785000,2.84
12/02/2019 10:20:03.012000,2.41
12/02/2019 10:22:02.985000,2.21
12/02/2019 10:24:03.175000,2.23
12/02/2019 10:26:03.183000,2.1
12/02/2019 10:28:02.835000,2.75
12/02/2019 10:30:03.157000,2.56
12/02/2019 10:32:03.195000,2.01
12/02/2019 10:34:02.982000,1.77
12/02/2019 10:36:03.117000,3.12
12/02/2019 10:38:02.779000,1.82
12/02/2019 10:40:02.758000,2.91
12/02/2019 10:42:02.768000,2.78
12/02/2019 10:44:03.006000,3.0
12/02/2019 10:46:02.765000,2.21
12/02/2019 10:48:02.763000,1.86
12/02/2019 10:50:02.761000,1.68
12/02/2019 10:52:03.134000,1.06
12/02/2019 10:54:03.224000,1.94
12/02/2019 10:56:03.155000,1.8
12/02/2019 10:58:02.759000,1.69
12/02/2019 11:00:03.227000,1.74
12/02/2019 11:02:03.089000,1.78
12/02/2019 11:04:03.077000,2.03
12/02/2019 11:06:02.982000,1.97
12/02/2019 11:08:02.985000,1.62
12/02/2019 11:10:03.229000,1.71
12/02/2019 11:12:03.094000,1.43
12/02/2019 11:14:03.047000,1.7
12/02/2019 11:16:03.100000,1.91
12/02/2019 11:18:02.758000,1.71
12/02/2019 11:20:02.825000,1.28
12/02/2019 11:22:03.086000,1.37
12/02/2019 11:24:03.196000,1.45
12/02/2019 11:26:02.974000,1.28
12/02/2019 11:28:03.088000,1.43
12/02/2019 11:30:03.222000,1.45
12/02/2019 11:32:03.006000,1.38
12/02/2019 11:34:03.012000,0.96
12/02/2019 11:36:03.448000,1.34
12/02/2019 11:38:03.094000,1.76
12/02/2019 11:40:03.413000,1.26
12/02/2019 11:42:02.996000,1.57
12/02/2019 11:44:02.741000,1.84
12/02/2019 11:46:02.832000,2.42
12/02/2019 11:48:02.979000,1.61
12/02/2019 11:50:03.212000,1.45
12/02/2019 11:52:03.108000,2.01
12/02/2019 11:54:03.143000,1.62
12/02/2019 11:56:03.222000,1.97
12/02/2019 11:58:02.766000,2.35
12/02/2019 12:00:02.740000,2.54
12/02/2019 12:02:03.160000,1.83
12/02/2019 12:04:03.022000,2.37
12/02/2019 12:06:03.100000,2.29
12/02/2019 12:08:02.989000,2.12
12/02/2019 12:10:02.896000,2.33
12/02/2019 12:12:03.186000,2.17
12/02/2019 12:14:03.093000,2.3
12/02/2019 12:16:03.167000,2.82
12/02/2019 12:18:03.207000,2.71
12/02/2019 12:20:02.973000,2.5
12/02/2019 12:22:02.841000,2.38
12/02/2019 12:24:03.139000,2.44
12/02/2019 12:26:03.260000,3.01
12/02/2019 12:28:03.065000,2.72
12/02/2019 12:30:03.088000,3.2
12/02/2019 12:32:03.069000,3.48
12/02/2019 12:34:02.751000,2.71
12/02/2019 12:36:03.502000,3.67
12/02/2019 12:38:03.188000,3.75
12/02/2019 12:40:03.213000,2.7
12/02/2019 12:42:03.107000,3.01
12/02/2019 12:44:03.177000,3.03
12/02/2019 12:46:03.120000,4.1
12/02/2019 12:48:02.745000,4.21
12/02/2019 12:50:03.319000,4.06
12/02/2019 12:52:02.981000,3.62
12/02/2019 12:54:02.746000,3.83
12/02/2019 12:56:03.034000,3.99
12/02/2019 12:58:03.067000,5.41
12/02/2019 13:00:03.031000,2.63
12/02/2019 13:02:02.752000,2.59
12/02/2019 13:04:02.748000,4.28
12/02/2019 13:06:03.109000,3.84
12/02/2019 13:08:02.975000,3.12
12/02/2019 13:10:03.021000,2.74
12/02/2019 13:12:02.763000,2.69
12/02/2019 13:14:02.742000,3.85
12/02/2019 13:16:03.191000,3.52
12/02/2019 13:18:03.002000,2.28
12/02/2019 13:20:03.274000,3.41
12/02/2019 13:22:03.183000,3.69
12/02/2019 13:24:02.729000,3.06
12/02/2019 13:26:03.334000,4.41
12/02/2019 13:28:03.044000,3.2
12/02/2019 13:30:03.539000,2.7
12/02/2019 13:32:02.737000,1.9
12/02/2019 13:34:02.951000,1.85
12/02/2019 13:36:03.453000,3.19
12/02/2019 13:38:02.957000,3.41
12/02/2019 13:40:03.459000,1.72
12/02/2019 13:42:02.726000,1.76
12/02/2019 13:44:03.122000,1.17
12/02/2019 13:46:03.132000,1.79
12/02/2019 13:48:03.213000,1.76
12/02/2019 13:50:03.072000,1.72
12/02/2019 13:52:02.951000,1.62
12/02/2019 13:54:02.741000,1.3
12/02/2019 13:56:02.958000,1.24
12/02/2019 13:58:03.105000,1.13
12/02/2019 14:00:06.143000,1.25
12/02/2019 14:02:06.807000,1.07
12/02/2019 14:04:03.072000,2.2
12/02/2019 14:06:02.729000,1.84
12/02/2019 14:08:03.124000,1.08
12/02/2019 14:10:13.419000,1.17
12/02/2019 14:12:02.817000,0.93
12/02/2019 14:14:03.020000,0.96
12/02/2019 14:16:02.947000,0.78
12/02/2019 14:18:02.969000,1.12
12/02/2019 14:20:02.732000,1.54
12/02/2019 14:22:02.979000,1.64
12/02/2019 14:24:02.948000,0.69
12/02/2019 14:26:03.147000,0.74
12/02/2019 14:28:02.944000,0.73
12/02/2019 14:30:03.110000,1.16
12/02/2019 14:32:03.007000,4.0
12/02/2019 14:34:02.961000,1.57
12/02/2019 14:36:03.346000,1.0
12/02/2019 14:38:02.938000,0.52
12/02/2019 14:40:03.703000,1.42
12/02/2019 14:42:02.729000,0.93
12/02/2019 14:44:03.092000,1.81
12/02/2019 14:46:02.992000,1.68
12/02/2019 14:48:02.933000,2.1
12/02/2019 14:50:08.646000,0.99
12/02/2019 14:52:02.729000,1.25
12/02/2019 14:54:03.197000,2.08
12/02/2019 14:56:02.947000,2.26
12/02/2019 14:58:03.124000,1.05
12/02/2019 15:00:03.059000,1.53
12/02/2019 15:02:03.107000,1.83
12/02/2019 15:04:03.046000,1.0
12/02/2019 15:06:02.953000,3.63
12/02/2019 15:08:02.942000,4.86
12/02/2019 15:10:03.145000,3.82
12/02/2019 15:12:03.220000,2.84
12/02/2019 15:14:02.959000,2.51
12/02/2019 15:16:02.959000,3.2
12/02/2019 15:18:03.181000,2.46
12/02/2019 15:20:03.307000,4.41
12/02/2019 15:22:03.109000,1.66
12/02/2019 15:24:03.122000,1.84
12/02/2019 15:26:03.048000,2.32
12/02/2019 15:28:02.747000,2.15
12/02/2019 15:30:03.719000,2.82
12/02/2019 15:32:02.996000,1.06
12/02/2019 15:34:03.042000,0.4
12/02/2019 15:36:03.512000,0.31
12/02/2019 15:38:03.203000,0.11
12/02/2019 15:40:02.950000,0.04
12/02/2019 15:42:03.112000,0.09
12/02/2019 15:44:02.939000,0.52
12/02/2019 15:46:02.972000,0.62
12/02/2019 15:48:02.707000,0.72
12/02/2019 15:50:03.130000,0.16
12/02/2019 15:52:03.181000,0.0
12/02/2019 15:54:03.130000,0.0
12/02/2019 15:56:03.104000,0.0
12/02/2019 15:58:03.071000,0.09
12/02/2019 16:00:03.693000,0.1
12/02/2019 16:02:02.934000,0.23
12/02/2019 16:04:02.713000,0.09
12/02/2019 16:06:02.958000,0.43
12/02/2019 16:08:02.714000,0.35
12/02/2019 16:10:03.356000,0.14
12/02/2019 16:12:02.723000,0.0
12/02/2019 16:14:02.955000,0.18
12/02/2019 16:16:02.936000,0.15
12/02/2019 16:18:02.975000,0.18
12/02/2019 16:20:03.757000,0.1
12/02/2019 16:22:02.935000,0.0
12/02/2019 16:24:03.073000,0.19
12/02/2019 16:26:02.707000,0.17
12/02/2019 16:28:03.045000,0.0
12/02/2019 16:30:03.030000,0.01
12/02/2019 16:32:02.712000,0.0
12/02/2019 16:34:03.042000,0.27
12/02/2019 16:36:03.055000,0.13
12/02/2019 16:38:03.168000,0.0
12/02/2019 16:40:03.975000,0.22
12/02/2019 16:42:03.124000,0.22
12/02/2019 16:44:03.125000,0.0
12/02/2019 16:46:02.923000,0.03
12/02/2019 16:48:03.095000,0.22
12/02/2019 16:50:04.212000,0.09
12/02/2019 16:52:03.116000,0.2
12/02/2019 16:54:02.991000,0.0
12/02/2019 16:56:03.081000,0.04
12/02/2019 16:58:03.125000,0.13
12/02/2019 17:00:03.339000,0.16
12/02/2019 17:02:03.049000,0.03
12/02/2019 17:04:02.717000,0.0
12/02/2019 17:06:03.038000,0.0
12/02/2019 17:08:03.036000,0.09
12/02/2019 17:10:03.104000,0.0
12/02/2019 17:12:03.168000,0.04
12/02/2019 17:14:02.938000,0.0
12/02/2019 17:16:02.976000,0.0
12/02/2019 17:18:03.042000,0.0
12/02/2019 17:20:02.950000,0.0
12/02/2019 17:22:02.707000,0.0
12/02/2019 17:24:02.794000,0.0
12/02/2019 17:26:03.173000,0.0
12/02/2019 17:28:02.713000,0.0
12/02/2019 17:30:02.720000,0.0
12/02/2019 17:32:03.110000,0.0
12/02/2019 17:34:03.049000,0.0
12/02/2019 17:36:03.479000,0.0
12/02/2019 17:38:03.042000,0.16
12/02/2019 17:40:03.081000,0.03
12/02/2019 17:42:02.697000,0.1
12/02/2019 17:44:03.945000,0.17
12/02/2019 17:46:03.093000,0.18
12/02/2019 17:48:02.996000,0.02
12/02/2019 17:50:03.117000,0.3
12/02/2019 17:52:03.037000,0.0
12/02/2019 17:54:02.704000,0.09
12/02/2019 17:56:02.728000,0.09
12/02/2019 17:58:03.043000,0.13
12/02/2019 18:00:03.122000,0.19
12/02/2019 18:02:02.951000,0.0
12/02/2019 18:04:03.193000,0.13
12/02/2019 18:06:02.950000,0.18
12/02/2019 18:08:02.937000,0.37
12/02/2019 18:10:03.117000,0.0
12/02/2019 18:12:02.742000,0.27
12/02/2019 18:14:02.966000,0.01
12/02/2019 18:16:02.905000,0.16
12/02/2019 18:18:03.046000,0.34
12/02/2019 18:20:03.115000,0.13
12/02/2019 18:22:03.118000,0.19
12/02/2019 18:24:03.056000,0.48
12/02/2019 18:26:02.730000,0.13
12/02/2019 18:28:02.950000,0.49
12/02/2019 18:30:03.233000,0.5
12/02/2019 18:32:02.978000,0.65
12/02/2019 18:34:02.938000,0.86
12/02/2019 18:36:03.147000,0.89
12/02/2019 18:38:03.163000,0.85
12/02/2019 18:40:03.058000,0.91
12/02/2019 18:42:03.055000,0.34
12/02/2019 18:44:02.951000,0.28
12/02/2019 18:46:02.712000,0.51
12/02/2019 18:48:02.921000,0.18
12/02/2019 18:50:02.740000,0.0
12/02/2019 18:52:02.710000,0.23
12/02/2019 18:54:03.139000,0.11
12/02/2019 18:56:02.712000,0.15
12/02/2019 18:58:03.194000,0.09
12/02/2019 19:00:03.110000,0.2
12/02/2019 19:02:02.935000,0.01
12/02/2019 19:04:03.034000,0.49
12/02/2019 19:06:03.042000,1.2
12/02/2019 19:08:03.016000,1.97
12/02/2019 19:10:02.720000,2.06
12/02/2019 19:12:02.720000,1.85
12/02/2019 19:14:03.334000,1.72
12/02/2019 19:16:03.175000,1.97
12/02/2019 19:18:02.724000,2.31
12/02/2019 19:20:02.967000,3.35
12/02/2019 19:22:02.977000,4.06
12/02/2019 19:24:02.717000,4.91
12/02/2019 19:26:03.052000,4.94
12/02/2019 19:28:03.130000,3.91
12/02/2019 19:30:03.088000,2.13
12/02/2019 19:32:03.127000,1.57
12/02/2019 19:34:02.976000,1.07
12/02/2019 19:36:03.358000,0.77
12/02/2019 19:38:02.739000,0.78
12/02/2019 19:40:02.730000,0.69
12/02/2019 19:42:02.932000,0.67
12/02/2019 19:44:03.157000,0.62
12/02/2019 19:46:02.728000,1.18
12/02/2019 19:48:03.064000,0.96
12/02/2019 19:50:03.103000,1.04
12/02/2019 19:52:03.026000,0.68
12/02/2019 19:54:03.133000,0.87
12/02/2019 19:56:02.935000,0.62
12/02/2019 19:58:02.951000,0.48
12/02/2019 20:00:03.506000,0.94
12/02/2019 20:02:03.129000,0.46
12/02/2019 20:04:03.156000,0.39
12/02/2019 20:06:02.728000,0.53
12/02/2019 20:08:03.096000,0.46
12/02/2019 20:10:02.947000,0.8
12/02/2019 20:12:02.947000,0.73
12/02/2019 20:14:02.950000,0.58
12/02/2019 20:16:02.725000,0.9
12/02/2019 20:18:02.728000,1.3
12/02/2019 20:20:03.511000,1.99
12/02/2019 20:22:02.931000,1.9
12/02/2019 20:24:03.151000,1.45
12/02/2019 20:26:03.189000,1.86
12/02/2019 20:28:03.052000,0.76
12/02/2019 20:30:02.982000,0.43
12/02/2019 20:32:02.729000,0.96
12/02/2019 20:34:02.714000,0.54
12/02/2019 20:36:03.123000,0.32
12/02/2019 20:38:03.221000,0.15
12/02/2019 20:40:02.952000,0.04
12/02/2019 20:42:03.118000,0.09
12/02/2019 20:44:03.059000,0.0
12/02/2019 20:46:03.144000,0.0
12/02/2019 20:48:03.052000,0.46
12/02/2019 20:50:03.091000,1.63
12/02/2019 20:52:03.058000,2.03
12/02/2019 20:54:02.944000,1.18
12/02/2019 20:56:03.085000,1.57
12/02/2019 20:58:03.056000,1.6
12/02/2019 21:00:03.143000,1.62
12/02/2019 21:02:03.054000,1.2
12/02/2019 21:04:02.974000,1.18
12/02/2019 21:06:03.055000,0.96
12/02/2019 21:08:02.932000,0.57
12/02/2019 21:10:02.817000,0.72
12/02/2019 21:12:02.941000,0.75
12/02/2019 21:14:03.206000,1.65
12/02/2019 21:16:02.728000,0.8
12/02/2019 21:18:03.135000,0.57
12/02/2019 21:20:03.052000,0.49
12/02/2019 21:22:03.158000,0.63
12/02/2019 21:24:02.738000,0.45
12/02/2019 21:26:03.059000,0.46
12/02/2019 21:28:02.972000,0.13
12/02/2019 21:30:03.034000,0.15
12/02/2019 21:32:03.074000,0.23
12/02/2019 21:34:02.982000,0.0
12/02/2019 21:36:03.172000,0.47
12/02/2019 21:38:02.736000,0.18
12/02/2019 21:40:02.720000,0.3
12/02/2019 21:42:02.973000,0.49
12/02/2019 21:44:02.954000,0.47
12/02/2019 21:46:02.718000,0.63
12/02/2019 21:48:03.206000,0.77
12/02/2019 21:50:03.124000,0.87
12/02/2019 21:52:02.951000,0.69
12/02/2019 21:54:03.009000,0.9
12/02/2019 21:56:03.044000,0.79
12/02/2019 21:58:02.749000,5.01
12/02/2019 22:00:03.048000,10.33
12/02/2019 22:02:02.742000,3.94
12/02/2019 22:04:02.942000,1.85
12/02/2019 22:06:03.059000,1.9
12/02/2019 22:08:03.042000,4.38
12/02/2019 22:10:03.068000,1.31
12/02/2019 22:12:03.108000,2.03
12/02/2019 22:14:03.748000,1.56
12/02/2019 22:16:02.738000,1.08
12/02/2019 22:18:02.741000,1.56
12/02/2019 22:20:02.741000,1.64
12/02/2019 22:22:02.715000,1.72
12/02/2019 22:24:02.912000,1.19
12/02/2019 22:26:03.219000,0.99
12/02/2019 22:28:03.148000,0.8
12/02/2019 22:30:03.008000,0.84
12/02/2019 22:32:03.066000,0.73
12/02/2019 22:34:02.731000,0.86
12/02/2019 22:36:03.591000,0.63
12/02/2019 22:38:03.181000,0.97
12/02/2019 22:40:03.170000,0.26
12/02/2019 22:42:03.120000,0.74
12/02/2019 22:44:03.052000,1.12
12/02/2019 22:46:03.039000,0.56
12/02/2019 22:48:03.088000,1.1
12/02/2019 22:50:03.305000,0.66
12/02/2019 22:52:03.049000,1.07
12/02/2019 22:54:02.977000,1.19
12/02/2019 22:56:02.710000,1.12
12/02/2019 22:58:02.959000,0.97
12/02/2019 23:00:02.968000,1.09
12/02/2019 23:02:03.128000,1.42
12/02/2019 23:04:03.142000,1.59
12/02/2019 23:06:03.133000,0.9
12/02/2019 23:08:03.159000,1.1
12/02/2019 23:10:03.059000,1.51
12/02/2019 23:12:02.731000,1.61
12/02/2019 23:14:02.979000,1.2
12/02/2019 23:16:03.239000,1.65
12/02/2019 23:18:02.949000,1.74
12/02/2019 23:20:02.821000,1.58
12/02/2019 23:22:02.951000,1.16
12/02/2019 23:24:02.962000,1.22
12/02/2019 23:26:02.965000,1.34
12/02/2019 23:28:02.735000,1.97
12/02/2019 23:30:02.742000,2.15
12/02/2019 23:32:02.948000,2.32
12/02/2019 23:34:03.218000,2.23
12/02/2019 23:36:03.387000,2.18
12/02/2019 23:38:03.114000,1.71
12/02/2019 23:40:02.759000,1.74
12/02/2019 23:42:03.062000,1.58
12/02/2019 23:44:03.041000,2.29
12/02/2019 23:46:03.129000,4.87
12/02/2019 23:48:02.972000,3.75
12/02/2019 23:50:02.724000,2.8
12/02/2019 23:52:02.942000,1.59
12/02/2019 23:54:03.216000,2.96
12/02/2019 23:56:02.722000,3.75
12/02/2019 23:58:02.961000,2.93
12/03/2019 00:00:03.098000,2.56
12/03/2019 00:02:03.064000,3.03
12/03/2019 00:04:02.731000,3.55
12/03/2019 00:06:02.719000,3.29
12/03/2019 00:08:02.750000,3.37
12/03/2019 00:10:02.735000,3.28
12/03/2019 00:12:03.148000,4.28
12/03/2019 00:14:02.733000,5.55
12/03/2019 00:16:03.054000,4.66
12/03/2019 00:18:03.168000,4.42
12/03/2019 00:20:03.660000,5.29
12/03/2019 00:22:03.082000,4.81
12/03/2019 00:24:03.049000,4.99
12/03/2019 00:26:03.150000,5.62
12/03/2019 00:28:02.995000,5.04
12/03/2019 00:30:03.175000,5.75
12/03/2019 00:32:03.035000,6.9
12/03/2019 00:36:03.053000,5.1
12/03/2019 00:38:03.123000,5.46
12/03/2019 00:40:03.062000,5.63
12/03/2019 00:42:03.057000,7.12
12/03/2019 00:44:02.717000,7.67
12/03/2019 00:46:03.153000,6.21
12/03/2019 00:48:03.115000,5.33
12/03/2019 00:50:02.738000,4.97
12/03/2019 00:52:02.727000,5.04
12/03/2019 00:54:02.726000,4.24
12/03/2019 00:56:04.220000,5.99
12/03/2019 00:58:02.735000,5.23
12/03/2019 01:00:03.234000,4.55
12/03/2019 01:02:02.956000,4.97
12/03/2019 01:04:02.959000,4.16
12/03/2019 01:06:03.017000,2.6
12/03/2019 01:08:02.954000,3.65
12/03/2019 01:10:03.151000,3.04
12/03/2019 01:12:03.131000,3.3
12/03/2019 01:14:03.023000,3.75
12/03/2019 01:16:03.043000,2.97
12/03/2019 01:18:03.144000,2.54
12/03/2019 01:20:02.953000,2.49
12/03/2019 01:22:03.058000,2.83
12/03/2019 01:24:03.158000,2.46
12/03/2019 01:26:03.041000,4.33
12/03/2019 01:28:03.027000,4.13
12/03/2019 01:30:02.743000,3.5
12/03/2019 01:32:02.731000,5.83
12/03/2019 01:34:03.213000,4.96
12/03/2019 01:36:03.607000,2.59
12/03/2019 01:38:03.023000,1.9
12/03/2019 01:40:03.050000,2.73
12/03/2019 01:42:03.088000,5.25
12/03/2019 01:44:02.973000,3.69
12/03/2019 01:46:03.055000,2.38
12/03/2019 01:48:03.068000,2.17
12/03/2019 01:50:03.035000,1.97
12/03/2019 01:52:03.053000,1.87
12/03/2019 01:54:02.721000,2.32
12/03/2019 01:56:02.724000,4.11
12/03/2019 01:58:03.185000,3.39
12/03/2019 02:02:03.053000,2.15
12/03/2019 02:04:03.171000,1.86
12/03/2019 02:08:03.056000,2.03
12/03/2019 02:10:03.312000,1.78
12/03/2019 02:12:03.048000,2.7
12/03/2019 02:14:03.116000,3.23
12/03/2019 02:16:03.152000,1.79
12/03/2019 02:18:02.733000,1.29
12/03/2019 02:20:03.320000,1.67
12/03/2019 02:22:03.123000,1.64
12/03/2019 02:24:03.117000,1.47
12/03/2019 02:26:03.044000,1.09
12/03/2019 02:28:02.811000,0.93
12/03/2019 02:30:02.932000,1.18
12/03/2019 02:32:03.147000,0.69
12/03/2019 02:34:02.956000,0.96
12/03/2019 02:36:03.118000,1.06
12/03/2019 02:38:03.098000,0.84
12/03/2019 02:40:03.310000,0.83
12/03/2019 02:42:03.156000,1.1
12/03/2019 02:44:02.932000,0.52
12/03/2019 02:46:02.940000,0.93
12/03/2019 02:48:03.124000,0.55
12/03/2019 02:50:02.736000,0.38
12/03/2019 02:52:02.745000,0.73
12/03/2019 02:54:03.036000,0.51
12/03/2019 02:56:02.740000,0.32
12/03/2019 02:58:02.921000,0.0
12/03/2019 03:00:03.046000,0.0
12/03/2019 03:02:02.710000,0.0
12/03/2019 03:04:03.049000,0.0
12/03/2019 03:06:03.045000,0.0
12/03/2019 03:08:03.090000,0.0
12/03/2019 03:10:03.097000,0.0
12/03/2019 03:12:03.044000,0.0
12/03/2019 03:14:03.641000,0.0
12/03/2019 03:16:03.114000,0.0
12/03/2019 03:18:02.993000,0.0
12/03/2019 03:20:03.234000,0.0
12/03/2019 03:22:03.184000,0.0
12/03/2019 03:24:03.219000,0.0
12/03/2019 03:26:02.972000,0.0
12/03/2019 03:28:03.139000,0.0
12/03/2019 03:30:02.759000,0.0
12/03/2019 03:32:02.950000,0.0
12/03/2019 03:34:03.327000,0.0
12/03/2019 03:36:03.441000,0.0
12/03/2019 03:38:03.043000,0.0
12/03/2019 03:40:03.035000,0.0
12/03/2019 03:42:03.136000,0.0
12/03/2019 03:44:03.044000,0.0
12/03/2019 03:46:03.051000,0.0
12/03/2019 03:48:03.109000,0.0
12/03/2019 03:50:03.023000,0.0
12/03/2019 03:52:02.955000,0.0
12/03/2019 03:54:03.113000,0.0
12/03/2019 03:56:03.145000,0.0
12/03/2019 03:58:03.121000,0.0
12/03/2019 04:00:03.031000,0.0
12/03/2019 04:02:02.956000,0.0
12/03/2019 04:04:03.053000,0.0
12/03/2019 04:06:02.736000,0.0
12/03/2019 04:08:02.945000,0.0
12/03/2019 04:10:03.005000,0.0
12/03/2019 04:12:02.731000,0.0
12/03/2019 04:14:03.062000,0.0
12/03/2019 04:16:02.951000,0.0
12/03/2019 04:18:03.036000,0.0
12/03/2019 04:20:04.648000,0.0
12/03/2019 04:22:02.948000,0.0
12/03/2019 04:24:03.159000,0.0
12/03/2019 04:26:03.152000,0.0
12/03/2019 04:28:02.717000,0.0
12/03/2019 04:30:03.091000,0.0
12/03/2019 04:32:03.119000,0.0
12/03/2019 04:34:03.140000,0.0
12/03/2019 04:36:03.670000,0.0
12/03/2019 04:38:02.710000,0.0
12/03/2019 04:40:02.948000,0.0
12/03/2019 04:42:02.943000,0.0
12/03/2019 04:44:02.735000,0.0
12/03/2019 04:46:03.053000,0.03
12/03/2019 04:48:02.951000,0.06
12/03/2019 04:50:02.836000,0.69
12/03/2019 04:52:02.981000,0.55
12/03/2019 04:54:02.948000,0.81
12/03/2019 04:56:03.048000,1.13
12/03/2019 04:58:02.719000,0.67
12/03/2019 05:00:03.141000,0.91
12/03/2019 05:02:03.135000,0.51
12/03/2019 05:04:03.039000,0.33
12/03/2019 05:06:03.015000,0.24
12/03/2019 05:08:02.963000,0.85
12/03/2019 05:10:02.966000,1.57
12/03/2019 05:12:03.032000,1.03
12/03/2019 05:14:02.947000,1.94
12/03/2019 05:16:02.955000,2.82
12/03/2019 05:18:03.116000,3.14
12/03/2019 05:20:06.593000,3.32
12/03/2019 05:22:02.933000,4.0
12/03/2019 05:24:03.131000,4.82
12/03/2019 05:26:03.103000,5.52
12/03/2019 05:28:02.719000,5.09
12/03/2019 05:30:03.059000,5.36
12/03/2019 05:32:03.086000,4.46
12/03/2019 05:34:03.007000,3.42
12/03/2019 05:36:03.551000,2.37
12/03/2019 05:38:03.141000,2.01
12/03/2019 05:40:03.122000,2.57
12/03/2019 05:42:02.984000,2.39
12/03/2019 05:44:02.735000,2.78
12/03/2019 05:46:02.784000,3.03
12/03/2019 05:48:03.040000,2.71
12/03/2019 05:50:03.027000,2.91
12/03/2019 05:52:03.214000,2.07
12/03/2019 05:54:02.767000,2.93
12/03/2019 05:56:03.029000,2.7
12/03/2019 05:58:02.729000,2.7
12/03/2019 06:00:03.376000,2.45
12/03/2019 06:02:03.044000,2.03
12/03/2019 06:04:03.145000,2.72
12/03/2019 06:06:03.043000,2.32
12/03/2019 06:08:03.100000,2.81
12/03/2019 06:10:03.237000,2.4
12/03/2019 06:12:02.723000,2.43
12/03/2019 06:14:02.937000,2.9
12/03/2019 06:16:03.149000,2.27
12/03/2019 06:18:03.050000,1.04
12/03/2019 06:20:02.950000,0.0
12/03/2019 06:22:03.184000,0.0
12/03/2019 06:24:02.965000,0.16
12/03/2019 06:26:02.937000,0.96
12/03/2019 06:28:02.724000,0.08
12/03/2019 06:30:03.043000,0.18
12/03/2019 06:32:03.014000,0.25
12/03/2019 06:34:02.984000,0.0
12/03/2019 06:36:03.352000,0.0
12/03/2019 06:38:02.726000,0.0
12/03/2019 06:40:03.055000,0.0
12/03/2019 06:42:03.033000,0.0
12/03/2019 06:44:03.061000,0.0
12/03/2019 06:46:03.156000,0.0
12/03/2019 06:48:03.119000,0.0
12/03/2019 06:50:05.618000,0.0
12/03/2019 06:52:02.740000,0.0
12/03/2019 06:54:03.104000,0.0
12/03/2019 06:56:03.147000,0.0
12/03/2019 06:58:03.111000,0.0
12/03/2019 07:00:03.097000,0.0
12/03/2019 07:02:03.113000,0.0
12/03/2019 07:04:03.061000,0.0
12/03/2019 07:06:03.127000,0.6
12/03/2019 07:08:02.702000,0.0
12/03/2019 07:10:02.961000,0.0
12/03/2019 07:12:02.937000,0.0
12/03/2019 07:14:03.195000,0.0
12/03/2019 07:16:02.710000,0.0
12/03/2019 07:18:02.951000,0.0
12/03/2019 07:20:03.011000,0.0
12/03/2019 07:22:02.943000,0.0
12/03/2019 07:24:02.727000,0.0
12/03/2019 07:26:03.101000,0.0
12/03/2019 07:28:03.234000,0.0
12/03/2019 07:30:03.184000,0.15
12/03/2019 07:32:03.039000,0.03
12/03/2019 07:34:03.032000,0.0
12/03/2019 07:36:03.343000,0.0
12/03/2019 07:38:03.021000,0.0
12/03/2019 07:40:11.146000,0.0
12/03/2019 07:42:02.724000,0.0
12/03/2019 07:44:02.705000,0.0
12/03/2019 07:46:03.054000,0.0
12/03/2019 07:48:03.148000,0.0
12/03/2019 07:50:02.711000,0.0
12/03/2019 07:52:03.315000,0.0
12/03/2019 07:54:02.949000,0.0
12/03/2019 07:56:03.215000,0.0
12/03/2019 07:58:02.717000,0.0
12/03/2019 08:00:03.086000,0.0
12/03/2019 08:02:03.155000,0.0
12/03/2019 08:04:02.966000,0.0
12/03/2019 08:06:03.156000,0.0
12/03/2019 08:08:02.724000,0.0
12/03/2019 08:10:03.156000,0.0
12/03/2019 08:12:02.942000,0.0
12/03/2019 08:14:03.137000,0.0
12/03/2019 08:16:03.127000,0.0
12/03/2019 08:18:02.953000,0.0
12/03/2019 08:20:03.126000,0.0
12/03/2019 08:22:03.128000,0.0
12/03/2019 08:24:02.954000,0.0
12/03/2019 08:26:03.044000,0.0
12/03/2019 08:28:03.111000,0.0
12/03/2019 08:30:03.119000,0.0
12/03/2019 08:32:03.037000,0.0
12/03/2019 08:34:03.051000,0.0
12/03/2019 08:36:03.442000,0.0
12/03/2019 08:38:03.044000,0.0
12/03/2019 08:40:03.230000,0.0
12/03/2019 08:42:03.130000,0.0
12/03/2019 08:44:02.722000,0.0
12/03/2019 08:46:02.946000,0.0
12/03/2019 08:48:03.220000,0.0
12/03/2019 08:50:03.139000,0.0
12/03/2019 08:52:03.045000,0.0
12/03/2019 08:54:03.137000,0.0
12/03/2019 08:56:02.984000,0.0
12/03/2019 08:58:02.727000,0.0
12/03/2019 09:00:03.281000,0.0
12/03/2019 09:02:03.113000,0.0
12/03/2019 09:04:02.747000,0.0
12/03/2019 09:06:02.975000,0.0
12/03/2019 09:08:02.943000,0.0
12/03/2019 09:48:05.032000,0.0
12/03/2019 09:50:05.040000,0.0
12/03/2019 09:52:05.030000,0.0
12/03/2019 09:54:04.963000,0.0
12/03/2019 09:56:05.066000,0.0
12/03/2019 09:58:04.857000,0.0
12/03/2019 10:00:04.851000,0.0
12/03/2019 10:02:04.943000,0.0
12/03/2019 10:04:05.064000,0.0
12/03/2019 10:06:05.108000,0.0
12/03/2019 10:08:04.944000,0.0
12/03/2019 10:10:04.910000,0.0
12/03/2019 10:12:04.858000,0.0
12/03/2019 10:14:05.052000,0.0
12/03/2019 10:16:05.077000,0.0
12/03/2019 10:18:05.053000,0.0
12/03/2019 10:20:04.874000,0.0
12/03/2019 10:22:04.867000,0.0
12/03/2019 10:24:05.031000,0.0
12/03/2019 10:26:04.629000,0.0
12/03/2019 10:28:04.916000,0.0
12/03/2019 10:30:05.017000,0.0
12/03/2019 10:32:04.627000,0.0
12/03/2019 10:34:05.059000,0.17
12/03/2019 10:36:04.999000,0.0
12/03/2019 10:38:05.171000,0.0
12/03/2019 10:40:04.862000,0.0
12/03/2019 10:42:04.902000,0.0
12/03/2019 10:44:05.114000,0.0
12/03/2019 10:46:04.853000,0.0
12/03/2019 10:48:05.297000,0.0
12/03/2019 10:50:04.854000,0.0
12/03/2019 10:52:04.645000,0.0
12/03/2019 10:54:04.638000,0.0
12/03/2019 10:56:05.126000,0.0
12/03/2019 10:58:04.982000,0.0
12/03/2019 11:00:05.152000,0.0
12/03/2019 11:02:04.970000,0.0
12/03/2019 11:04:04.988000,0.0
12/03/2019 11:06:05.055000,0.23
12/03/2019 11:08:04.871000,0.0
12/03/2019 11:10:05.040000,0.0
12/03/2019 11:12:04.673000,0.0
12/03/2019 11:14:04.668000,0.0
12/03/2019 11:16:04.971000,0.0
12/03/2019 11:18:05.092000,0.0
12/03/2019 11:20:05.160000,0.0
12/03/2019 11:22:04.877000,0.0
12/03/2019 11:24:04.994000,0.0
12/03/2019 11:26:04.720000,0.0
12/03/2019 11:28:04.650000,0.0
12/03/2019 11:30:04.659000,0.0
12/03/2019 11:32:04.624000,0.0
12/03/2019 11:34:05.105000,0.0
12/03/2019 11:36:04.974000,0.0
12/03/2019 11:38:04.905000,0.0
12/03/2019 11:40:05.112000,0.0
12/03/2019 11:42:04.865000,0.0
12/03/2019 11:44:04.643000,0.0
12/03/2019 11:46:04.866000,0.0
12/03/2019 11:48:05.281000,0.0
12/03/2019 11:50:04.891000,0.0
12/03/2019 11:52:04.855000,0.0
12/03/2019 11:54:04.974000,0.0
12/03/2019 11:56:04.982000,0.0
12/03/2019 11:58:05.009000,0.0
12/03/2019 12:00:05.204000,0.0
12/03/2019 12:02:05.002000,0.0
12/03/2019 12:04:05.144000,0.0
12/03/2019 12:06:04.642000,0.0
12/03/2019 12:08:04.882000,0.0
12/03/2019 12:10:05.033000,0.0
12/03/2019 12:12:04.638000,0.0
12/03/2019 12:14:04.882000,0.0
12/03/2019 12:16:04.874000,0.0
12/03/2019 12:18:04.871000,0.0
12/03/2019 12:20:04.645000,0.0
12/03/2019 12:22:04.933000,0.0
12/03/2019 12:24:04.631000,0.0
12/03/2019 12:26:05.043000,0.0
12/03/2019 12:28:05.032000,0.0
12/03/2019 12:30:05.011000,0.0
12/03/2019 12:32:05.031000,0.0
12/03/2019 12:34:04.996000,0.0
12/03/2019 12:36:05.025000,0.0
12/03/2019 12:38:04.944000,0.0
12/03/2019 12:40:05.088000,0.0
12/03/2019 12:42:04.866000,0.0
12/03/2019 12:44:05.051000,0.0
12/03/2019 12:46:04.978000,0.0
12/03/2019 12:48:05.351000,0.0
12/03/2019 12:50:04.640000,0.0
12/03/2019 12:52:04.709000,0.0
12/03/2019 12:54:04.986000,0.0
12/03/2019 12:56:04.623000,0.0
12/03/2019 12:58:04.665000,0.0
12/03/2019 13:00:04.652000,0.0
12/03/2019 13:02:04.967000,0.0
12/03/2019 13:04:04.938000,0.0
12/03/2019 13:06:04.862000,0.0
12/03/2019 13:08:04.635000,0.0
12/03/2019 13:10:04.992000,0.0
12/03/2019 13:12:04.653000,0.0
12/03/2019 13:14:05.003000,0.0
12/03/2019 13:16:04.716000,0.0
12/03/2019 13:18:05.054000,0.0
12/03/2019 13:20:04.659000,0.0
12/03/2019 13:22:04.970000,0.0
12/03/2019 13:24:04.889000,0.0
12/03/2019 13:26:04.856000,0.0
12/03/2019 13:28:04.966000,0.0
12/03/2019 13:30:04.635000,0.0
12/03/2019 13:32:05.116000,0.0
12/03/2019 13:34:04.844000,0.0
12/03/2019 13:36:04.980000,0.0
12/03/2019 13:38:04.633000,0.0
12/03/2019 13:40:05.104000,0.0
12/03/2019 13:42:04.941000,0.0
12/03/2019 13:44:04.863000,0.0
12/03/2019 13:46:05.029000,0.0
12/03/2019 13:48:05.312000,0.0
12/03/2019 13:50:04.705000,0.0
12/03/2019 13:52:05.039000,0.0
12/03/2019 13:54:04.994000,0.0
12/03/2019 13:56:05.049000,0.0
12/03/2019 13:58:05.105000,0.0
12/03/2019 14:00:04.999000,0.0
12/03/2019 14:02:04.623000,0.0
12/03/2019 14:04:05.223000,0.0
12/03/2019 14:06:04.956000,0.0
12/03/2019 14:08:05.060000,0.0
12/03/2019 14:10:04.649000,0.0
12/03/2019 14:12:05.038000,0.0
12/03/2019 14:14:04.649000,0.0
12/03/2019 14:16:04.851000,0.0
12/03/2019 14:18:05.140000,0.0
12/03/2019 14:20:05.221000,0.0
12/03/2019 14:22:04.956000,0.0
12/03/2019 14:24:05.006000,0.0
12/03/2019 14:26:04.857000,0.0
12/03/2019 14:28:05.039000,0.0
12/03/2019 14:30:05.077000,0.0
12/03/2019 14:32:05.016000,0.0
12/03/2019 14:34:04.879000,0.0
12/03/2019 14:36:04.750000,0.0
12/03/2019 14:38:05.118000,0.0
12/03/2019 14:40:05.117000,0.0
12/03/2019 14:42:04.943000,0.0
12/03/2019 14:44:04.973000,0.0
12/03/2019 14:46:04.627000,0.0
12/03/2019 14:48:05.738000,0.0
12/03/2019 14:50:05.050000,0.0
12/03/2019 14:52:05.044000,0.0
12/03/2019 14:54:04.983000,0.0
12/03/2019 14:56:04.717000,0.0
12/03/2019 14:58:05.052000,0.0
12/03/2019 15:00:04.964000,0.0
12/03/2019 15:02:04.984000,0.0
12/03/2019 15:04:04.637000,0.0
12/03/2019 15:06:05.025000,0.0
12/03/2019 15:08:05.084000,0.0
12/03/2019 15:10:05.137000,0.0
12/03/2019 15:12:04.622000,0.0
12/03/2019 15:14:04.946000,0.0
12/03/2019 15:16:04.879000,0.0
12/03/2019 15:18:04.999000,0.0
12/03/2019 15:20:04.944000,0.0
12/03/2019 15:22:04.874000,0.0
12/03/2019 15:24:05.016000,0.0
12/03/2019 15:26:04.639000,0.0
12/03/2019 15:28:04.974000,0.0
12/03/2019 15:30:04.936000,0.0
12/03/2019 15:32:04.630000,0.0
12/03/2019 15:34:05.395000,0.0
12/03/2019 15:36:05.046000,0.0
12/03/2019 15:38:04.881000,0.0
12/03/2019 15:40:04.640000,0.0
12/03/2019 15:42:04.884000,0.0
12/03/2019 15:44:04.649000,0.0
12/03/2019 15:46:04.993000,0.0
12/03/2019 15:48:05.005000,0.0
12/03/2019 15:50:04.861000,0.0
12/03/2019 15:52:05.077000,0.0
12/03/2019 15:54:04.998000,0.0
12/03/2019 15:56:04.639000,0.0
12/03/2019 15:58:05.115000,0.0
12/03/2019 16:00:04.886000,0.0
12/03/2019 16:02:04.982000,0.0
12/03/2019 16:04:04.998000,0.0
12/03/2019 16:06:05.042000,0.0
12/03/2019 16:08:04.848000,0.0
12/03/2019 16:10:04.996000,0.0
12/03/2019 16:12:05.051000,0.0
12/03/2019 16:14:05.010000,0.0
12/03/2019 16:16:05.024000,0.0
12/03/2019 16:18:04.849000,0.0
12/03/2019 16:20:04.949000,0.0
12/03/2019 16:22:04.624000,0.0
12/03/2019 16:24:05.096000,0.0
12/03/2019 16:26:05.027000,0.0
12/03/2019 16:28:04.637000,0.0
12/03/2019 16:30:04.986000,0.0
12/03/2019 16:32:04.870000,0.0
12/03/2019 16:34:04.920000,0.0
12/03/2019 16:36:04.876000,0.0
12/03/2019 16:38:05.094000,0.0
12/03/2019 16:40:05.035000,0.0
12/03/2019 16:42:05.006000,0.0
12/03/2019 16:44:04.888000,0.0
12/03/2019 16:46:04.638000,0.0
12/03/2019 16:48:05.762000,0.0
12/03/2019 16:50:04.640000,0.0
12/03/2019 16:52:04.911000,0.0
12/03/2019 16:54:05.028000,0.0
12/03/2019 16:56:05.050000,0.0
12/03/2019 16:58:04.680000,0.0
12/03/2019 17:00:04.856000,0.0
12/03/2019 17:02:05.131000,0.0
12/03/2019 17:04:04.630000,0.0
12/03/2019 17:06:04.899000,0.0
12/03/2019 17:08:05.009000,0.0
12/03/2019 17:10:04.907000,0.0
12/03/2019 17:12:04.663000,0.0
12/03/2019 17:14:05.107000,0.0
12/03/2019 17:16:05.085000,0.0
12/03/2019 17:18:04.964000,0.0
12/03/2019 17:20:04.988000,0.0
12/03/2019 17:22:05.001000,0.0
12/03/2019 17:24:04.649000,0.0
12/03/2019 17:26:05.116000,0.0
12/03/2019 17:28:04.651000,0.0
12/03/2019 17:30:06.870000,0.0
12/03/2019 17:32:05.011000,0.0
12/03/2019 17:34:04.992000,0.0
12/03/2019 17:36:04.969000,0.0
12/03/2019 17:38:04.986000,0.0
12/03/2019 17:40:05.037000,0.0
12/03/2019 17:42:05.033000,0.0
12/03/2019 17:44:04.959000,0.0
12/03/2019 17:46:04.633000,0.0
12/03/2019 17:48:05.322000,0.0
12/03/2019 17:50:13.249000,0.0
12/03/2019 17:52:04.988000,0.0
12/03/2019 17:54:04.912000,0.0
12/03/2019 17:56:04.719000,0.0
12/03/2019 17:58:04.881000,0.0
12/03/2019 18:00:05.162000,0.0
12/03/2019 18:02:05.013000,0.0
12/03/2019 18:04:05.005000,0.0
12/03/2019 18:06:05.062000,0.0
12/03/2019 18:08:05.037000,0.0
12/03/2019 18:10:05.102000,0.0
12/03/2019 18:12:04.643000,0.0
12/03/2019 18:14:05.308000,0.0
12/03/2019 18:16:04.871000,0.0
12/03/2019 18:18:04.654000,0.0
12/03/2019 18:20:04.996000,0.0
12/03/2019 18:22:04.658000,0.0
12/03/2019 18:24:05.016000,0.0
12/03/2019 18:26:05.042000,0.0
12/03/2019 18:28:05.179000,0.0
12/03/2019 18:30:05.099000,0.0
12/03/2019 18:32:05.038000,0.0
12/03/2019 18:34:04.660000,0.0
12/03/2019 18:36:04.657000,0.0
12/03/2019 18:38:05.120000,0.0
12/03/2019 18:40:05.049000,0.0
12/03/2019 18:42:04.960000,0.0
12/03/2019 18:44:04.907000,0.0
12/03/2019 18:46:05.007000,0.0
12/03/2019 18:48:05.429000,0.0
12/03/2019 18:50:05.020000,0.0
12/03/2019 18:52:05.060000,0.0
12/03/2019 18:54:04.981000,0.0
12/03/2019 18:56:04.683000,0.0
12/03/2019 18:58:04.813000,0.0
12/03/2019 19:00:05.002000,0.0
12/03/2019 19:02:04.649000,0.0
12/03/2019 19:04:04.991000,0.0
12/03/2019 19:06:05.089000,0.0
12/03/2019 19:08:05.015000,0.0
12/03/2019 19:10:04.678000,0.0
12/03/2019 19:12:04.647000,0.0
12/03/2019 19:14:05.009000,0.0
12/03/2019 19:16:04.999000,0.0
12/03/2019 19:18:04.672000,0.0
12/03/2019 19:20:05.018000,0.01
12/03/2019 19:22:04.910000,0.0
12/03/2019 19:24:05.116000,0.0
12/03/2019 19:26:04.656000,0.0
12/03/2019 19:28:05.010000,0.0
12/03/2019 19:30:04.989000,0.0
12/03/2019 19:32:05.067000,0.0
12/03/2019 19:34:04.660000,0.0
12/03/2019 19:36:05.139000,0.0
12/03/2019 19:38:05.177000,0.0
12/03/2019 19:40:04.940000,0.0
12/03/2019 19:42:05.101000,0.0
12/03/2019 19:44:05.157000,0.0
12/03/2019 19:46:05.102000,0.0
12/03/2019 19:48:05.230000,0.0
12/03/2019 19:50:05.156000,0.0
12/03/2019 19:52:04.908000,0.0
12/03/2019 19:54:04.883000,0.0
12/03/2019 19:56:05.151000,0.0
12/03/2019 19:58:05.085000,0.0
12/03/2019 20:00:05.062000,0.0
12/03/2019 20:02:04.997000,0.0
12/03/2019 20:04:05.081000,0.0
12/03/2019 20:06:05.089000,0.0
12/03/2019 20:08:04.647000,0.0
12/03/2019 20:10:04.686000,0.0
12/03/2019 20:12:05.001000,0.0
12/03/2019 20:14:05.131000,0.0
12/03/2019 20:16:05.025000,0.0
12/03/2019 20:18:04.870000,0.0
12/03/2019 20:20:04.982000,0.0
12/03/2019 20:22:05.042000,0.0
12/03/2019 20:24:04.927000,0.0
12/03/2019 20:26:05.215000,0.0
12/03/2019 20:28:05.080000,0.0
12/03/2019 20:30:05.743000,0.0
12/03/2019 20:32:04.898000,0.0
12/03/2019 20:34:04.899000,0.0
12/03/2019 20:36:05.063000,0.0
12/03/2019 20:38:05.033000,0.0
12/03/2019 20:40:05.076000,0.0
12/03/2019 20:42:05.044000,0.0
12/03/2019 20:44:05.032000,0.0
12/03/2019 20:46:05.043000,0.0
12/03/2019 20:48:05.619000,0.0
12/03/2019 20:50:04.893000,0.0
12/03/2019 20:52:05.031000,0.0
12/03/2019 20:54:04.996000,0.0
12/03/2019 20:56:05.131000,0.0
12/03/2019 20:58:05.083000,0.0
12/03/2019 21:00:05.042000,0.0
12/03/2019 21:02:05.036000,0.0
12/03/2019 21:04:04.667000,0.0
12/03/2019 21:06:05.089000,0.0
12/03/2019 21:08:04.964000,0.0
12/03/2019 21:10:04.892000,0.0
12/03/2019 21:12:04.712000,0.0
12/03/2019 21:14:04.651000,0.0
12/03/2019 21:16:05.157000,0.0
12/03/2019 21:18:04.903000,0.0
12/03/2019 21:20:04.928000,0.0
12/03/2019 21:22:04.659000,0.0
12/03/2019 21:24:05.076000,0.0
12/03/2019 21:26:05.068000,0.0
12/03/2019 21:28:04.657000,0.0
12/03/2019 21:30:04.681000,0.0
12/03/2019 21:32:05.142000,0.0
12/03/2019 21:34:04.699000,0.0
12/03/2019 21:36:05.022000,0.0
12/03/2019 21:38:05.170000,0.0
12/03/2019 21:40:05.029000,0.0
12/03/2019 21:42:05.028000,0.0
12/03/2019 21:44:04.993000,0.0
12/03/2019 21:46:05.144000,0.0
12/03/2019 21:48:05.551000,0.16
12/03/2019 21:50:05.013000,0.0
12/03/2019 21:52:04.668000,0.0
12/03/2019 21:54:04.998000,0.0
12/03/2019 21:56:04.672000,0.0
12/03/2019 21:58:04.968000,0.0
12/03/2019 22:00:05.008000,0.0
12/03/2019 22:02:05.093000,0.0
12/03/2019 22:04:04.962000,0.0
12/03/2019 22:06:04.710000,0.0
12/03/2019 22:08:05.087000,0.0
12/03/2019 22:10:04.719000,0.0
12/03/2019 22:12:05.031000,0.0
12/03/2019 22:14:04.668000,0.0
12/03/2019 22:16:05.133000,0.0
12/03/2019 22:18:05.024000,0.06
12/03/2019 22:20:05.021000,0.19
12/03/2019 22:22:04.685000,0.0
12/03/2019 22:24:05.207000,0.0
12/03/2019 22:26:05.011000,0.0
12/03/2019 22:28:05.081000,0.0
12/03/2019 22:30:04.993000,0.44
12/03/2019 22:32:05.012000,0.03
12/03/2019 22:34:04.926000,0.29
12/03/2019 22:36:04.916000,0.03
12/03/2019 22:38:04.917000,0.0
12/03/2019 22:40:05.165000,0.0
12/03/2019 22:42:05.009000,0.0
12/03/2019 22:44:05.020000,0.0
12/03/2019 22:46:04.883000,0.04
12/03/2019 22:48:05.539000,0.0
12/03/2019 22:50:04.695000,0.17
12/03/2019 22:52:04.899000,0.0
12/03/2019 22:54:05.173000,0.0
12/03/2019 22:56:04.886000,0.0
12/03/2019 22:58:05.018000,0.0
12/03/2019 23:00:04.898000,0.07
12/03/2019 23:02:04.693000,0.09
12/03/2019 23:04:04.752000,0.15
12/03/2019 23:06:05.019000,0.08
12/03/2019 23:08:05.158000,0.07
12/03/2019 23:10:05.102000,0.18
12/03/2019 23:12:04.717000,0.0
12/03/2019 23:14:05.123000,0.08
12/03/2019 23:16:05.024000,0.51
12/03/2019 23:18:05.029000,0.0
12/03/2019 23:20:05.080000,0.38
12/03/2019 23:22:04.723000,0.25
12/03/2019 23:24:04.913000,1.0
12/03/2019 23:26:05.124000,0.97
12/03/2019 23:28:04.992000,0.78
12/03/2019 23:30:05.023000,0.94
12/03/2019 23:32:04.936000,0.75
12/03/2019 23:34:04.994000,1.1
12/03/2019 23:36:04.685000,0.72
12/03/2019 23:38:04.668000,1.7
12/03/2019 23:40:04.703000,1.11
12/03/2019 23:42:05.120000,1.06
12/03/2019 23:44:05.048000,1.0
12/03/2019 23:46:04.725000,1.35
12/03/2019 23:48:05.543000,1.03
12/03/2019 23:50:04.689000,1.21
12/03/2019 23:52:05.046000,1.13
12/03/2019 23:54:05.212000,0.96
12/03/2019 23:56:05.028000,1.06
12/03/2019 23:58:04.684000,1.09
12/04/2019 00:00:04.682000,1.22
12/04/2019 00:02:05.022000,1.09
12/04/2019 00:04:05.022000,1.27
12/04/2019 00:06:04.900000,1.34
12/04/2019 00:08:04.938000,1.66
12/04/2019 00:10:05.026000,0.78
12/04/2019 00:12:04.908000,1.09
12/04/2019 00:14:04.985000,0.88
12/04/2019 00:16:04.668000,1.33
12/04/2019 00:18:05.121000,0.73
12/04/2019 00:20:05.002000,0.71
12/04/2019 00:22:05.125000,0.86
12/04/2019 00:24:05.026000,0.96
12/04/2019 00:26:05.085000,1.44
12/04/2019 00:28:05.133000,0.96
12/04/2019 00:30:04.902000,0.72
12/04/2019 00:32:04.748000,0.94
12/04/2019 00:34:05.068000,1.12
12/04/2019 00:36:05.152000,0.93
12/04/2019 00:38:05.176000,1.0
12/04/2019 00:40:04.989000,1.17
12/04/2019 00:42:05.160000,0.93
12/04/2019 00:44:04.673000,0.94
12/04/2019 00:46:05.026000,0.0
12/04/2019 00:48:05.343000,0.38
12/04/2019 00:50:05.048000,0.74
12/04/2019 00:52:04.697000,2.46
12/04/2019 00:54:05.122000,4.24
12/04/2019 00:56:05.218000,3.55
12/04/2019 00:58:05.039000,2.3
12/04/2019 01:00:05.702000,1.39
12/04/2019 01:02:05.152000,1.32
12/04/2019 01:04:04.697000,1.7
12/04/2019 01:06:04.957000,1.94
12/04/2019 01:08:05.070000,2.47
12/04/2019 01:10:05.083000,1.9
12/04/2019 01:12:04.914000,1.84
12/04/2019 01:14:05.220000,2.44
12/04/2019 01:16:05.084000,8.28
12/04/2019 01:18:05.118000,12.3
12/04/2019 01:20:04.988000,10.51
12/04/2019 01:22:05.022000,4.69
12/04/2019 01:24:05.101000,6.2
12/04/2019 01:26:05.042000,7.54
12/04/2019 01:28:04.836000,4.63
12/04/2019 01:30:05.083000,3.9
12/04/2019 01:32:04.942000,3.88
12/04/2019 01:34:05.074000,3.6
12/04/2019 01:36:04.668000,2.97
12/04/2019 01:38:04.697000,3.04
12/04/2019 01:40:04.714000,2.94
12/04/2019 01:42:05.125000,3.14
12/04/2019 01:44:05.121000,3.53
12/04/2019 01:46:04.935000,2.91
12/04/2019 01:48:05.358000,2.62
12/04/2019 01:50:05.089000,2.59
12/04/2019 01:52:04.824000,3.48
12/04/2019 01:54:04.918000,3.72
12/04/2019 01:56:04.935000,4.61
12/04/2019 01:58:04.661000,6.17
12/04/2019 02:00:04.681000,8.01
12/04/2019 02:02:05.186000,9.52
12/04/2019 02:04:04.893000,11.06
12/04/2019 02:06:05.178000,10.32
12/04/2019 02:08:04.948000,10.76
12/04/2019 02:10:05.168000,11.69
12/04/2019 02:12:04.951000,11.78
12/04/2019 02:14:04.682000,12.22
12/04/2019 02:16:05.119000,12.64
12/04/2019 02:18:05.121000,11.24
12/04/2019 02:20:05.073000,9.88
12/04/2019 02:22:04.676000,11.61
12/04/2019 02:24:04.704000,10.6
12/04/2019 02:26:04.681000,9.8
12/04/2019 02:28:04.693000,10.64
12/04/2019 02:30:06.960000,10.86
12/04/2019 02:32:05.116000,11.42
12/04/2019 02:34:05.209000,11.63
12/04/2019 02:36:05.180000,11.85
12/04/2019 02:38:05.119000,10.08
12/04/2019 02:40:04.924000,9.72
12/04/2019 02:42:05.096000,10.6
12/04/2019 02:44:05.112000,10.49
12/04/2019 02:46:04.695000,9.01
12/04/2019 02:48:05.390000,6.07
12/04/2019 02:50:05.028000,5.4
12/04/2019 02:52:05.219000,6.25
12/04/2019 02:54:05.082000,6.42
12/04/2019 02:56:05.141000,5.57
12/04/2019 02:58:05.123000,5.97
12/04/2019 03:00:05.039000,4.68
12/04/2019 03:02:05.115000,4.47
12/04/2019 03:04:05.075000,3.32
12/04/2019 03:06:05.041000,3.01
12/04/2019 03:08:05.219000,3.67
12/04/2019 03:10:05.163000,5.16
12/04/2019 03:12:05.072000,3.61
12/04/2019 03:14:05.312000,3.79
12/04/2019 03:16:04.993000,4.67
12/04/2019 03:18:04.914000,4.75
12/04/2019 03:20:06.484000,5.41
12/04/2019 03:22:05.003000,4.57
12/04/2019 03:24:04.892000,3.53
12/04/2019 03:26:05.012000,4.01
12/04/2019 03:28:05.024000,3.99
12/04/2019 03:30:04.950000,4.8
12/04/2019 03:32:05.145000,3.55
12/04/2019 03:34:05.084000,4.47
12/04/2019 03:36:04.943000,4.49
12/04/2019 03:38:04.677000,3.59
12/04/2019 03:40:04.723000,4.29
12/04/2019 03:42:04.916000,4.52
12/04/2019 03:44:04.725000,5.18
12/04/2019 03:46:05.032000,4.75
12/04/2019 03:48:05.719000,4.11
12/04/2019 03:50:05.064000,4.5
12/04/2019 03:52:04.690000,5.69
12/04/2019 03:54:05.120000,5.14
12/04/2019 03:56:05.082000,5.55
12/04/2019 03:58:04.687000,6.01
12/04/2019 04:00:04.885000,9.79
12/04/2019 04:02:05.120000,9.1
12/04/2019 04:04:05.126000,8.09
12/04/2019 04:06:04.716000,8.61
12/04/2019 04:08:05.171000,7.6
12/04/2019 04:10:05.008000,7.31
12/04/2019 04:12:05.017000,6.77
12/04/2019 04:14:04.889000,7.1
12/04/2019 04:16:04.650000,8.03
12/04/2019 04:18:05.053000,8.13
12/04/2019 04:20:05.051000,7.54
12/04/2019 04:22:05.015000,9.45
12/04/2019 04:24:05.013000,9.25
12/04/2019 04:26:04.931000,8.43
12/04/2019 04:28:04.985000,7.96
12/04/2019 04:30:05.153000,8.03
12/04/2019 04:32:04.903000,7.1
12/04/2019 04:34:04.982000,6.95
12/04/2019 04:36:05.002000,6.62
12/04/2019 04:38:05.072000,6.63
12/04/2019 04:40:04.985000,6.75
12/04/2019 04:42:05.155000,6.21
12/04/2019 04:44:05.034000,6.07
12/04/2019 04:46:05.045000,6.51
12/04/2019 04:48:05.341000,6.51
12/04/2019 04:50:04.920000,4.78
12/04/2019 04:52:05.146000,4.54
12/04/2019 04:54:04.971000,5.36
12/04/2019 04:56:04.884000,4.96
12/04/2019 04:58:05.032000,5.15
12/04/2019 05:00:06.446000,5.18
12/04/2019 05:02:05.065000,4.0
12/04/2019 05:04:05.043000,3.63
12/04/2019 05:06:05.040000,6.14
12/04/2019 05:08:05.057000,4.9
12/04/2019 05:10:04.667000,3.81
12/04/2019 05:12:04.660000,3.96
12/04/2019 05:14:04.726000,3.35
12/04/2019 05:16:04.993000,3.77
12/04/2019 05:18:05.062000,2.51
12/04/2019 05:20:05.111000,3.15
12/04/2019 05:22:04.920000,2.5
12/04/2019 05:24:04.898000,2.72
12/04/2019 05:26:04.648000,4.3
12/04/2019 05:28:04.713000,4.39
12/04/2019 05:30:14.076000,3.56
12/04/2019 05:32:04.669000,4.19
12/04/2019 05:34:05.057000,3.24
12/04/2019 05:36:04.993000,3.45
12/04/2019 05:38:04.984000,2.03
12/04/2019 05:40:04.930000,1.79
12/04/2019 05:42:04.891000,1.59
12/04/2019 05:44:05.079000,0.54
12/04/2019 05:46:04.901000,1.37
12/04/2019 05:48:05.370000,0.82
12/04/2019 05:50:05.014000,1.0
12/04/2019 05:52:05.006000,0.45
12/04/2019 05:54:05.124000,0.57
12/04/2019 05:56:05.095000,0.0
12/04/2019 05:58:04.986000,0.0
12/04/2019 06:00:13.233000,0.0
12/04/2019 06:02:04.725000,0.0
12/04/2019 06:04:05.010000,0.0
12/04/2019 06:06:04.881000,0.0
12/04/2019 06:08:05.066000,0.0
12/04/2019 06:10:05.012000,0.0
12/04/2019 06:12:04.876000,0.0
12/04/2019 06:14:05.018000,0.0
12/04/2019 06:16:05.090000,0.0
12/04/2019 06:18:04.701000,0.0
12/04/2019 06:20:05.084000,0.0
12/04/2019 06:22:04.880000,0.0
12/04/2019 06:24:04.985000,0.0
12/04/2019 06:26:05.047000,0.0
12/04/2019 06:28:04.686000,0.0
12/04/2019 06:30:09.442000,0.0
12/04/2019 06:32:04.888000,0.0
12/04/2019 06:34:04.675000,0.0
12/04/2019 06:36:05.154000,0.0
12/04/2019 06:38:05.056000,0.0
12/04/2019 06:40:04.654000,0.0
12/04/2019 06:42:04.923000,0.0
12/04/2019 06:44:05.139000,0.0
12/04/2019 06:46:04.996000,0.0
12/04/2019 06:48:05.337000,0.0
12/04/2019 06:50:05.677000,0.0
12/04/2019 06:52:05.013000,0.0
12/04/2019 06:54:04.882000,0.0
12/04/2019 06:56:05.223000,0.0
12/04/2019 06:58:05.112000,0.0
12/04/2019 07:00:05.042000,0.0
12/04/2019 07:02:05.141000,0.0
12/04/2019 07:04:06.619000,0.0
12/04/2019 07:06:04.994000,0.0
12/04/2019 07:08:04.660000,0.0
12/04/2019 07:10:05.060000,0.0
12/04/2019 07:12:05.438000,0.0
12/04/2019 07:14:05.125000,0.0
12/04/2019 07:16:04.710000,0.0
12/04/2019 07:18:04.651000,0.0
12/04/2019 07:20:04.966000,0.0
12/04/2019 07:22:05.011000,0.0
12/04/2019 07:24:04.671000,0.0
12/04/2019 07:26:04.997000,0.0
12/04/2019 07:28:05.014000,0.0
12/04/2019 07:30:05.133000,0.0
12/04/2019 07:32:04.695000,0.0
12/04/2019 07:34:04.891000,0.0
12/04/2019 07:36:05.007000,0.0
12/04/2019 07:38:05.037000,0.0
12/04/2019 07:40:04.880000,0.0
12/04/2019 07:42:04.910000,0.29
12/04/2019 07:44:05.146000,0.89
12/04/2019 07:46:04.869000,1.71
12/04/2019 07:48:05.351000,2.13
12/04/2019 07:50:04.864000,2.55
12/04/2019 07:52:05.043000,2.28
12/04/2019 07:54:04.643000,1.97
12/04/2019 07:56:04.864000,1.76
12/04/2019 07:58:05.050000,1.66
12/04/2019 08:00:04.988000,1.68
12/04/2019 08:02:05.081000,1.48
12/04/2019 08:04:06.085000,1.74
12/04/2019 08:06:04.896000,1.75
12/04/2019 08:08:04.654000,2.28
12/04/2019 08:10:04.647000,1.82
12/04/2019 08:12:04.901000,2.04
12/04/2019 08:14:05.013000,2.16
12/04/2019 08:16:04.977000,1.96
12/04/2019 08:18:05.045000,2.09
12/04/2019 08:20:06.073000,1.21
12/04/2019 08:22:05.034000,2.01
12/04/2019 08:24:04.924000,1.97
12/04/2019 08:26:05.218000,1.57
12/04/2019 08:28:05.106000,1.65
12/04/2019 08:30:05.257000,2.13
12/04/2019 08:32:04.656000,1.52
12/04/2019 08:34:07.423000,1.68
12/04/2019 08:36:04.940000,2.54
12/04/2019 08:38:04.992000,6.2
12/04/2019 08:40:05.143000,7.55
12/04/2019 08:42:05.006000,7.06
12/04/2019 08:44:05.164000,8.63
12/04/2019 08:46:05.013000,9.6
12/04/2019 08:48:05.092000,9.23
12/04/2019 08:50:04.998000,10.01
12/04/2019 08:52:05.034000,10.42
12/04/2019 08:54:05.055000,10.07
12/04/2019 08:56:05.087000,9.42
12/04/2019 08:58:04.691000,9.79
12/04/2019 09:00:06.314000,11.13
12/04/2019 09:02:06.342000,11.17
12/04/2019 09:04:05.064000,9.46
12/04/2019 09:06:05.014000,11.27
12/04/2019 09:40:08.623000,12.19
12/04/2019 09:42:06.145000,12.72
12/04/2019 09:44:06.129000,12.59
12/04/2019 09:46:07.042000,12.42
12/04/2019 09:48:06.107000,11.86
12/04/2019 09:50:07.652000,11.82
12/04/2019 09:52:05.701000,12.64
12/04/2019 09:54:06.003000,12.78
12/04/2019 09:56:06.015000,13.3
12/04/2019 09:58:06.027000,13.93
12/04/2019 10:00:05.694000,12.07
12/04/2019 10:02:06.078000,11.53
12/04/2019 10:04:05.910000,11.76
12/04/2019 10:06:06.019000,11.89
12/04/2019 10:08:06.159000,11.62
12/04/2019 10:10:06.041000,11.89
12/04/2019 10:12:06.105000,11.72
12/04/2019 10:14:06.104000,11.12
12/04/2019 10:16:06.142000,8.29
12/04/2019 10:18:05.678000,9.2
12/04/2019 10:20:07.714000,7.09
12/04/2019 10:22:05.903000,4.99
12/04/2019 10:24:06.132000,2.1
12/04/2019 10:26:06.084000,1.04
12/04/2019 10:28:05.662000,4.51
12/04/2019 10:30:06.742000,12.43
12/04/2019 10:32:06.122000,17.96
12/04/2019 10:34:06.097000,18.41
12/04/2019 10:36:05.960000,19.29
12/04/2019 10:38:05.895000,18.97
12/04/2019 10:40:07.638000,20.13
12/04/2019 10:42:05.711000,20.12
12/04/2019 10:44:06.005000,19.81
12/04/2019 10:46:06.078000,19.52
12/04/2019 10:48:06.062000,19.0
12/04/2019 10:50:06.106000,17.77
12/04/2019 10:52:06.109000,18.83
12/04/2019 10:54:05.741000,20.34
12/04/2019 10:56:06.009000,18.75
12/04/2019 10:58:06.134000,18.77
12/04/2019 11:00:06.080000,17.93
12/04/2019 11:02:05.741000,18.8
12/04/2019 11:04:06.039000,18.37
12/04/2019 11:06:06.119000,17.54
12/04/2019 11:08:06.061000,18.35
12/04/2019 11:10:05.992000,18.48
12/04/2019 11:12:05.995000,19.04
12/04/2019 11:14:06.046000,18.76
12/04/2019 11:16:06.117000,18.52
12/04/2019 11:18:06.108000,17.84
12/04/2019 11:20:05.677000,18.2
12/04/2019 11:22:05.689000,18.54
12/04/2019 11:24:06.089000,19.28
12/04/2019 11:26:06.045000,19.93
12/04/2019 11:28:05.663000,20.33
12/04/2019 11:30:05.899000,18.57
12/04/2019 11:32:05.800000,18.63
12/04/2019 11:34:06.058000,18.23
12/04/2019 11:36:05.696000,17.64
12/04/2019 11:38:06.077000,17.81
12/04/2019 11:40:06.530000,17.73
12/04/2019 11:42:06.120000,16.68
12/04/2019 11:44:05.985000,16.63
12/04/2019 11:46:06.021000,16.94
12/04/2019 11:48:06.299000,16.74
12/04/2019 11:50:06.115000,15.88
12/04/2019 11:52:05.901000,14.86
12/04/2019 11:54:05.709000,14.86
12/04/2019 11:56:06.010000,12.78
12/04/2019 11:58:05.890000,12.18
12/04/2019 12:00:05.951000,11.28
12/04/2019 12:02:06.141000,9.69
12/04/2019 12:04:05.689000,9.71
12/04/2019 12:06:07.156000,7.0
12/04/2019 12:08:05.728000,6.39
12/04/2019 12:10:06.071000,6.65
12/04/2019 12:12:06.029000,6.46
12/04/2019 12:14:06.014000,5.2
12/04/2019 12:16:05.899000,5.27
12/04/2019 12:18:06.013000,5.31
12/04/2019 12:20:06.006000,4.25
12/04/2019 12:22:06.162000,4.55
12/04/2019 12:24:06.113000,4.91
12/04/2019 12:26:06.071000,6.04
12/04/2019 12:28:06.064000,5.64
12/04/2019 12:30:05.879000,5.51
12/04/2019 12:32:05.755000,5.22
12/04/2019 12:34:06.005000,4.47
12/04/2019 12:36:05.706000,4.54
12/04/2019 12:38:06.120000,3.63
12/04/2019 12:40:06.299000,3.75
12/04/2019 12:42:06.027000,4.8
12/04/2019 12:44:06.005000,4.21
12/04/2019 12:46:06.013000,3.7
12/04/2019 12:48:05.849000,3.48
12/04/2019 12:50:06.761000,4.07
12/04/2019 12:52:06.090000,4.8
12/04/2019 12:54:05.889000,5.04
12/04/2019 12:56:06.029000,5.3
12/04/2019 12:58:06.011000,6.0
12/04/2019 13:00:05.955000,5.37
12/04/2019 13:02:06.109000,6.13
12/04/2019 13:04:05.906000,6.34
12/04/2019 13:06:05.902000,4.25
12/04/2019 13:08:05.994000,4.21
12/04/2019 13:10:06.578000,5.82
12/04/2019 13:12:06.645000,6.48
12/04/2019 13:14:06.042000,7.68
12/04/2019 13:16:06.066000,4.9
12/04/2019 13:18:05.893000,5.33
12/04/2019 13:20:05.647000,7.1
12/04/2019 13:22:05.985000,9.37
12/04/2019 13:24:05.691000,6.39
12/04/2019 13:26:05.994000,7.24
12/04/2019 13:28:05.904000,6.01
12/04/2019 13:30:06.144000,7.04
12/04/2019 13:32:06.112000,10.15
12/04/2019 13:34:06.029000,7.56
12/04/2019 13:36:05.659000,6.44
12/04/2019 13:38:05.714000,6.75
12/04/2019 13:40:06.238000,9.23
12/04/2019 13:42:05.685000,8.5
12/04/2019 13:44:05.649000,8.7
12/04/2019 13:46:05.652000,7.56
12/04/2019 13:48:05.995000,7.14
12/04/2019 13:50:06.113000,7.13
12/04/2019 13:52:06.055000,7.24
12/04/2019 13:54:05.881000,8.94
12/04/2019 13:56:06.032000,9.68
12/04/2019 13:58:06.034000,10.09
12/04/2019 14:00:05.982000,9.94
12/04/2019 14:02:05.682000,8.88
12/04/2019 14:04:06.005000,9.15
12/04/2019 14:06:06.035000,7.91
12/04/2019 14:08:05.884000,8.3
12/04/2019 14:10:05.897000,7.43
12/04/2019 14:12:05.992000,7.25
12/04/2019 14:14:05.938000,8.27
12/04/2019 14:16:05.701000,7.93
12/04/2019 14:18:05.995000,8.24
12/04/2019 14:20:06.089000,8.27
12/04/2019 14:22:06.058000,12.86
12/04/2019 14:24:05.989000,7.83
12/04/2019 14:26:05.986000,7.26
12/04/2019 14:28:05.947000,7.19
12/04/2019 14:30:05.686000,9.87
12/04/2019 14:32:05.998000,10.1
12/04/2019 14:34:05.959000,8.73
12/04/2019 14:36:06.071000,11.06
12/04/2019 14:38:06.143000,8.75
12/04/2019 14:40:06.534000,9.15
12/04/2019 14:42:06.018000,8.75
12/04/2019 14:44:05.663000,11.71
12/04/2019 14:46:06.082000,11.37
12/04/2019 14:48:05.998000,11.74
12/04/2019 14:50:08.607000,11.94
12/04/2019 14:52:06.142000,13.99
12/04/2019 14:54:05.671000,15.41
12/04/2019 14:56:06.058000,13.79
12/04/2019 14:58:05.984000,17.7
12/04/2019 15:00:06.108000,20.44
12/04/2019 15:02:05.906000,15.55
12/04/2019 15:04:06.113000,15.25
12/04/2019 15:06:05.988000,15.83
12/04/2019 15:08:06.132000,16.66
12/04/2019 15:10:05.942000,16.71
12/04/2019 15:12:05.953000,18.29
12/04/2019 15:14:05.674000,18.45
12/04/2019 15:16:06.043000,18.72
12/04/2019 15:18:05.880000,20.06
12/04/2019 15:20:06.084000,18.18
12/04/2019 15:22:05.902000,18.89
12/04/2019 15:24:05.909000,19.38
12/04/2019 15:26:06.120000,17.81
12/04/2019 15:28:06.045000,18.57
12/04/2019 15:30:06.228000,19.04
12/04/2019 15:32:06.004000,19.21
12/04/2019 15:34:05.915000,19.12
12/04/2019 15:36:05.895000,20.82
12/04/2019 15:38:05.924000,19.84
12/04/2019 15:40:06.432000,18.93
12/04/2019 15:42:05.990000,17.41
12/04/2019 15:44:05.913000,18.96
12/04/2019 15:46:06.077000,19.19
12/04/2019 15:48:05.697000,17.53
12/04/2019 15:50:09.332000,17.85
12/04/2019 15:52:05.910000,18.73
12/04/2019 15:54:05.678000,17.49
12/04/2019 15:56:06.022000,17.86
12/04/2019 15:58:05.982000,17.3
12/04/2019 16:00:05.999000,19.17
12/04/2019 16:02:06.119000,18.4
12/04/2019 16:04:06.120000,17.45
12/04/2019 16:06:06.056000,17.2
12/04/2019 16:08:05.946000,17.87
12/04/2019 16:10:06.129000,17.13
12/04/2019 16:12:05.969000,19.03
12/04/2019 16:14:05.665000,18.26
12/04/2019 16:16:05.683000,19.04
12/04/2019 16:18:05.978000,17.84
12/04/2019 16:20:05.929000,16.43
12/04/2019 16:22:05.984000,16.99
12/04/2019 16:24:05.656000,16.74
12/04/2019 16:26:06.068000,14.63
12/04/2019 16:28:05.666000,16.45
12/04/2019 16:30:05.834000,22.78
12/04/2019 16:32:06.074000,18.16
12/04/2019 16:34:06.128000,16.12
12/04/2019 16:36:05.983000,16.25
12/04/2019 16:38:05.974000,17.68
12/04/2019 16:40:06.366000,17.48
12/04/2019 16:42:06.047000,21.29
12/04/2019 16:44:05.662000,16.8
12/04/2019 16:46:06.040000,15.83
12/04/2019 16:48:05.645000,15.61
12/04/2019 16:50:09.286000,15.71
12/04/2019 16:52:06.092000,14.84
12/04/2019 16:54:06.191000,14.8
12/04/2019 16:56:05.979000,16.15
12/04/2019 16:58:05.911000,16.18
12/04/2019 17:00:06.020000,14.12
12/04/2019 17:02:06.043000,15.11
12/04/2019 17:04:05.968000,16.16
12/04/2019 17:06:05.654000,15.31
12/04/2019 17:08:05.888000,13.79
12/04/2019 17:10:05.999000,14.09
12/04/2019 17:12:05.708000,14.14
12/04/2019 17:14:05.683000,15.19
12/04/2019 17:16:05.985000,15.57
12/04/2019 17:18:06.115000,10.97
12/04/2019 17:20:05.904000,9.45
12/04/2019 17:22:05.903000,9.99
12/04/2019 17:24:06.083000,7.96
12/04/2019 17:26:05.885000,7.84
12/04/2019 17:28:06.156000,8.57
12/04/2019 17:30:06.127000,9.64
12/04/2019 17:32:06.060000,10.54
12/04/2019 17:34:06.040000,9.09
12/04/2019 17:36:05.922000,8.43
12/04/2019 17:38:05.998000,7.88
12/04/2019 17:40:06.175000,7.29
12/04/2019 17:42:05.904000,7.19
12/04/2019 17:44:05.660000,6.42
12/04/2019 17:46:05.680000,6.97
12/04/2019 17:48:06.109000,5.97
12/04/2019 17:50:05.678000,3.79
12/04/2019 17:52:06.005000,4.59
12/04/2019 17:54:06.038000,5.2
12/04/2019 17:56:05.985000,4.13
12/04/2019 17:58:05.674000,3.56
12/04/2019 18:00:05.886000,3.23
12/04/2019 18:02:05.968000,2.04
12/04/2019 18:04:06.102000,2.28
12/04/2019 18:06:06.033000,2.45
12/04/2019 18:08:05.646000,3.26
12/04/2019 18:10:06.061000,2.84
12/04/2019 18:12:05.656000,2.95
12/04/2019 18:14:06.128000,2.77
12/04/2019 18:16:06.095000,2.96
12/04/2019 18:18:06.068000,2.62
12/04/2019 18:20:05.652000,2.29
12/04/2019 18:22:05.977000,2.36
12/04/2019 18:24:06.312000,1.48
12/04/2019 18:26:05.646000,1.66
12/04/2019 18:28:06.264000,1.69
12/04/2019 18:30:07.859000,1.57
12/04/2019 18:32:06.107000,1.86
12/04/2019 18:34:06.071000,1.73
12/04/2019 18:36:06.086000,1.24
12/04/2019 18:38:06.099000,0.48
12/04/2019 18:40:06.511000,1.0
12/04/2019 18:42:05.682000,0.46
12/04/2019 18:44:05.717000,0.82
12/04/2019 18:46:06.238000,0.54
12/04/2019 18:48:05.646000,0.49
12/04/2019 18:50:05.653000,0.24
12/04/2019 18:52:05.673000,0.0
12/04/2019 18:54:06.081000,0.37
12/04/2019 18:56:05.681000,0.29
12/04/2019 18:58:05.667000,0.24
12/04/2019 19:00:06.053000,0.74
12/04/2019 19:02:06.133000,0.67
12/04/2019 19:04:05.701000,0.48
12/04/2019 19:06:05.705000,0.0
12/04/2019 19:08:06.014000,0.19
12/04/2019 19:10:06.104000,0.24
12/04/2019 19:12:06.103000,0.59
12/04/2019 19:14:06.264000,0.45
12/04/2019 19:16:05.881000,0.0
12/04/2019 19:18:06.107000,0.0
12/04/2019 19:20:06.062000,0.0
12/04/2019 19:22:05.912000,0.0
12/04/2019 19:24:06.225000,0.17
12/04/2019 19:26:05.952000,0.13
12/04/2019 19:28:06.120000,0.0
12/04/2019 19:30:06.015000,0.4
12/04/2019 19:32:05.988000,0.36
12/04/2019 19:34:06.069000,0.34
12/04/2019 19:36:05.697000,0.18
12/04/2019 19:38:06.100000,0.0
12/04/2019 19:40:06.343000,0.09
12/04/2019 19:42:06.112000,0.23
12/04/2019 19:44:05.875000,0.39
12/04/2019 19:46:05.652000,0.29
12/04/2019 19:48:06.105000,0.48
12/04/2019 19:50:05.645000,0.94
12/04/2019 19:52:05.973000,0.75
12/04/2019 19:54:06.042000,0.86
12/04/2019 19:56:05.996000,1.52
12/04/2019 19:58:05.699000,1.44
12/04/2019 20:00:06.086000,1.28
12/04/2019 20:02:06.055000,2.15
12/04/2019 20:04:05.673000,2.27
12/04/2019 20:06:05.922000,2.13
12/04/2019 20:08:05.900000,2.84
12/04/2019 20:10:05.900000,2.79
12/04/2019 20:12:06.023000,3.64
12/04/2019 20:14:05.905000,4.04
12/04/2019 20:16:05.920000,4.5
12/04/2019 20:18:06.015000,3.61
12/04/2019 20:20:06.048000,3.93
12/04/2019 20:22:05.677000,3.8
12/04/2019 20:24:05.667000,3.97
12/04/2019 20:26:05.690000,3.57
12/04/2019 20:28:06.056000,3.57
12/04/2019 20:30:06.089000,3.99
12/04/2019 20:32:05.708000,4.04
12/04/2019 20:34:06.012000,4.16
12/04/2019 20:36:05.993000,3.38
12/04/2019 20:38:05.896000,2.56
12/04/2019 20:40:06.311000,2.8
12/04/2019 20:42:05.732000,2.74
12/04/2019 20:44:05.684000,2.78
12/04/2019 20:46:05.884000,2.59
12/04/2019 20:48:06.052000,2.84
12/04/2019 20:50:05.701000,3.04
12/04/2019 20:52:06.095000,2.75
12/04/2019 20:54:06.001000,2.71
12/04/2019 20:56:05.687000,2.94
12/04/2019 20:58:06.077000,2.74
12/04/2019 21:00:06.074000,2.62
12/04/2019 21:02:05.699000,3.12
12/04/2019 21:04:05.672000,3.52
12/04/2019 21:06:06.011000,2.8
12/04/2019 21:08:05.687000,3.53
12/04/2019 21:10:05.995000,3.13
12/04/2019 21:12:06.015000,3.09
12/04/2019 21:14:05.652000,3.38
12/04/2019 21:16:06.057000,2.78
12/04/2019 21:18:05.890000,3.47
12/04/2019 21:20:05.897000,3.84
12/04/2019 21:22:06.002000,4.25
12/04/2019 21:24:05.994000,4.0
12/04/2019 21:26:06.120000,3.24
12/04/2019 21:28:06.000000,4.35
12/04/2019 21:30:06.268000,4.25
12/04/2019 21:32:06.163000,4.85
12/04/2019 21:34:05.686000,5.22
12/04/2019 21:36:05.913000,5.1
12/04/2019 21:38:06.067000,4.46
12/04/2019 21:40:08.714000,4.62
12/04/2019 21:42:06.004000,4.93
12/04/2019 21:44:05.686000,4.55
12/04/2019 21:46:05.937000,5.16
12/04/2019 21:48:05.689000,4.49
12/04/2019 21:50:05.982000,4.04
12/04/2019 21:52:06.011000,3.96
12/04/2019 21:54:06.029000,3.96
12/04/2019 21:56:05.656000,3.44
12/04/2019 22:00:06.456000,4.49
12/04/2019 22:02:05.671000,5.41
12/04/2019 22:04:05.702000,4.66
12/04/2019 22:06:05.902000,4.57
12/04/2019 22:08:06.028000,4.72
12/04/2019 22:12:06.074000,5.0
12/04/2019 22:14:05.677000,5.26
12/04/2019 22:16:05.947000,5.03
12/04/2019 22:18:06.015000,5.12
12/04/2019 22:22:06.088000,5.25
12/04/2019 22:24:06.087000,5.78
12/04/2019 22:26:05.999000,5.63
12/04/2019 22:28:06.008000,4.93
12/04/2019 22:32:06.025000,4.99
12/04/2019 22:34:05.895000,6.09
12/04/2019 22:36:06.133000,5.49
12/04/2019 22:38:06.022000,5.93
12/04/2019 22:42:06.184000,4.79
12/04/2019 22:44:05.897000,5.03
12/04/2019 22:46:05.924000,5.38
12/04/2019 22:48:06.043000,5.29
12/04/2019 22:52:06.175000,4.99
12/04/2019 22:54:05.692000,5.29
12/04/2019 22:56:06.014000,5.13
12/04/2019 22:58:06.037000,4.22
12/04/2019 23:02:05.922000,7.1
12/04/2019 23:04:05.711000,8.07
12/04/2019 23:06:05.670000,8.42
12/04/2019 23:08:06.022000,10.6
12/04/2019 23:12:06.080000,15.84
12/04/2019 23:14:05.910000,14.74
12/04/2019 23:16:06.021000,15.91
12/04/2019 23:18:06.089000,16.26
12/04/2019 23:20:06.043000,15.79
12/04/2019 23:22:06.099000,15.21
12/04/2019 23:24:05.931000,15.46
12/04/2019 23:26:06.202000,15.63
12/04/2019 23:28:06.022000,14.74
12/04/2019 23:30:06.021000,15.06
12/04/2019 23:32:06.057000,16.99
12/04/2019 23:34:06.124000,16.37
12/04/2019 23:36:05.747000,15.93
12/04/2019 23:38:06.135000,14.66
12/04/2019 23:40:06.162000,15.74
12/04/2019 23:42:06.027000,15.75
12/04/2019 23:44:05.919000,16.72
12/04/2019 23:46:05.734000,15.51
12/04/2019 23:48:05.928000,15.28
12/04/2019 23:50:06.134000,17.41
12/04/2019 23:52:06.097000,15.35
12/04/2019 23:54:06.082000,16.87
12/04/2019 23:56:06.155000,17.01
12/04/2019 23:58:06.026000,15.96
12/05/2019 00:00:06.043000,14.73
12/05/2019 00:02:05.678000,16.06
12/05/2019 00:04:05.951000,15.91
12/05/2019 00:06:06.018000,15.69
12/05/2019 00:08:06.022000,15.85
12/05/2019 00:10:06.092000,13.64
12/05/2019 00:12:05.918000,14.65
12/05/2019 00:14:06.019000,13.13
12/05/2019 00:16:06.112000,11.38
12/05/2019 00:18:06.005000,13.02
12/05/2019 00:20:06.108000,10.7
12/05/2019 00:22:06.028000,12.61
12/05/2019 00:24:05.967000,12.87
12/05/2019 00:26:06.103000,12.22
12/05/2019 00:28:05.929000,12.64
12/05/2019 00:30:06.505000,12.87
12/05/2019 00:32:05.690000,13.3
12/05/2019 00:34:06.093000,14.45
12/05/2019 00:36:05.956000,14.64
12/05/2019 00:38:06.033000,14.58
12/05/2019 00:40:06.615000,13.86
12/05/2019 00:42:06.066000,13.09
12/05/2019 00:44:05.895000,13.51
12/05/2019 00:46:05.992000,12.42
12/05/2019 00:48:06.152000,12.59
12/05/2019 00:50:06.037000,12.77
12/05/2019 00:52:05.694000,11.39
12/05/2019 00:54:05.687000,11.79
12/05/2019 00:56:05.699000,12.48
12/05/2019 00:58:06.002000,10.9
12/05/2019 01:00:06.073000,9.99
12/05/2019 01:02:06.022000,12.22
12/05/2019 01:04:05.683000,15.34
12/05/2019 01:06:06.172000,15.43
12/05/2019 01:08:06.022000,15.25
12/05/2019 01:10:05.920000,16.01
12/05/2019 01:12:06.054000,17.91
12/05/2019 01:14:05.951000,18.88
12/05/2019 01:16:06.175000,17.76
12/05/2019 01:18:05.690000,17.24
12/05/2019 01:20:06.186000,17.79
12/05/2019 01:22:05.929000,18.43
12/05/2019 01:24:05.716000,17.8
12/05/2019 01:26:06.103000,17.46
12/05/2019 01:28:05.909000,17.57
12/05/2019 01:30:06.009000,18.2
12/05/2019 01:32:06.167000,19.18
12/05/2019 01:34:06.232000,18.14
12/05/2019 01:36:05.702000,16.79
12/05/2019 01:38:06.070000,16.96
12/05/2019 01:40:06.573000,18.36
12/05/2019 01:42:05.698000,17.69
12/05/2019 01:44:06.089000,18.7
12/05/2019 01:46:05.689000,18.64
12/05/2019 01:48:05.709000,19.99
12/05/2019 01:50:05.973000,20.3
12/05/2019 01:52:06.031000,19.26
12/05/2019 01:54:05.695000,20.27
12/05/2019 01:56:06.018000,17.87
12/05/2019 01:58:05.708000,18.36
12/05/2019 02:00:05.663000,17.93
12/05/2019 02:02:06.069000,15.56
12/05/2019 02:04:06.167000,15.0
12/05/2019 02:06:05.908000,13.37
12/05/2019 02:08:05.693000,14.09
12/05/2019 02:10:05.999000,14.1
12/05/2019 02:12:06.073000,14.42
12/05/2019 02:14:05.918000,14.34
12/05/2019 02:16:05.910000,14.88
12/05/2019 02:18:06.018000,18.48
12/05/2019 02:20:06.060000,18.24
12/05/2019 02:22:06.052000,18.71
12/05/2019 02:24:05.686000,17.86
12/05/2019 02:26:05.914000,16.69
12/05/2019 02:28:05.671000,16.53
12/05/2019 02:30:05.710000,16.35
12/05/2019 02:32:05.682000,15.96
12/05/2019 02:34:06.049000,18.4
12/05/2019 02:36:06.090000,20.86
12/05/2019 02:38:06.017000,19.0
12/05/2019 02:40:06.493000,18.34
12/05/2019 02:42:06.082000,18.25
12/05/2019 02:44:05.682000,18.59
12/05/2019 02:46:06.026000,19.72
12/05/2019 02:48:05.995000,20.97
12/05/2019 02:50:06.016000,19.71
12/05/2019 02:52:06.043000,19.31
12/05/2019 02:54:06.003000,21.96
12/05/2019 02:56:05.990000,19.97
12/05/2019 02:58:05.699000,16.74
12/05/2019 03:00:06.150000,16.0
12/05/2019 03:02:05.678000,14.36
12/05/2019 03:04:06.132000,18.89
12/05/2019 03:06:05.900000,20.23
12/05/2019 03:08:05.993000,19.5
12/05/2019 03:10:06.177000,16.65
12/05/2019 03:12:06.138000,17.9
12/05/2019 03:14:05.999000,17.79
12/05/2019 03:16:05.884000,17.72
12/05/2019 03:18:06.117000,18.0
12/05/2019 03:20:10.744000,18.0
12/05/2019 03:22:05.918000,21.26
12/05/2019 03:24:06.023000,21.3
12/05/2019 03:26:05.920000,26.18
12/05/2019 03:28:05.987000,32.03
12/05/2019 03:30:06.060000,37.39
12/05/2019 03:32:06.132000,28.95
12/05/2019 03:34:05.915000,22.65
12/05/2019 03:36:06.003000,22.77
12/05/2019 03:38:05.666000,25.37
12/05/2019 03:40:06.391000,24.76
12/05/2019 03:42:06.105000,19.42
12/05/2019 03:44:06.053000,18.03
12/05/2019 03:46:06.056000,18.26
12/05/2019 03:48:06.013000,19.21
12/05/2019 03:50:06.244000,17.86
12/05/2019 03:52:05.977000,18.57
12/05/2019 03:54:06.009000,16.77
12/05/2019 03:56:05.661000,23.06
12/05/2019 03:58:05.892000,27.67
12/05/2019 04:00:06.534000,23.47
12/05/2019 04:02:05.881000,24.36
12/05/2019 04:04:06.153000,25.09
12/05/2019 04:06:05.887000,24.0
12/05/2019 04:08:06.196000,23.37
12/05/2019 04:10:06.006000,21.36
12/05/2019 04:12:06.277000,21.6
12/05/2019 04:14:05.951000,20.7
12/05/2019 04:16:06.131000,24.22
12/05/2019 04:18:05.931000,27.72
12/05/2019 04:20:05.987000,28.2
12/05/2019 04:22:06.124000,24.2
12/05/2019 04:24:06.047000,22.79
12/05/2019 04:26:06.098000,20.38
12/05/2019 04:28:05.995000,22.18
12/05/2019 04:30:06.958000,21.46
12/05/2019 04:32:06.006000,21.45
12/05/2019 04:34:05.678000,20.19
12/05/2019 04:36:05.698000,19.55
12/05/2019 04:38:05.994000,18.41
12/05/2019 04:40:06.560000,20.29
12/05/2019 04:42:06.120000,21.49
12/05/2019 04:44:05.658000,21.93
12/05/2019 04:46:06.006000,21.09
12/05/2019 04:48:05.886000,18.53
12/05/2019 04:50:06.004000,18.32
12/05/2019 04:52:06.144000,17.4
12/05/2019 04:54:06.014000,18.29
12/05/2019 04:56:06.101000,18.41
12/05/2019 04:58:06.079000,17.83
12/05/2019 05:00:06.049000,18.55
12/05/2019 05:02:05.696000,20.26
12/05/2019 05:04:05.679000,18.01
12/05/2019 05:06:06.134000,19.12
12/05/2019 05:08:05.670000,19.69
12/05/2019 05:12:05.951000,22.18
12/05/2019 05:16:06.146000,19.86
12/05/2019 05:18:06.077000,20.55
12/05/2019 05:20:05.907000,20.16
12/05/2019 05:22:06.125000,19.44
12/05/2019 05:24:05.680000,18.69
12/05/2019 05:26:06.058000,19.35
12/05/2019 05:28:06.014000,19.75
12/05/2019 05:30:06.004000,20.35
12/05/2019 05:32:06.009000,18.43
12/05/2019 05:34:05.992000,20.16
12/05/2019 05:36:06.055000,19.51
12/05/2019 05:38:05.682000,18.79
12/05/2019 05:40:06.375000,19.07
12/05/2019 05:42:05.685000,19.1
12/05/2019 05:44:05.698000,17.37
12/05/2019 05:46:06.074000,16.62
12/05/2019 05:48:06.064000,18.97
12/05/2019 05:50:06.110000,18.16
12/05/2019 05:52:06.096000,17.9
12/05/2019 05:54:05.925000,15.84
12/05/2019 05:56:06.142000,17.97
12/05/2019 05:58:05.877000,18.16
12/05/2019 06:00:06.042000,18.92
12/05/2019 06:02:05.989000,17.36
12/05/2019 06:04:06.068000,16.97
12/05/2019 06:06:05.992000,17.65
12/05/2019 06:08:06.116000,18.19
12/05/2019 06:10:06.093000,17.87
12/05/2019 06:12:06.023000,16.1
12/05/2019 06:14:05.997000,16.07
12/05/2019 06:16:06.094000,14.88
12/05/2019 06:18:05.660000,15.01
12/05/2019 06:20:05.770000,15.09
12/05/2019 06:22:06.097000,15.51
12/05/2019 06:24:05.674000,14.03
12/05/2019 06:26:05.698000,13.9
12/05/2019 06:28:06.031000,15.43
12/05/2019 06:30:06.098000,13.46
12/05/2019 06:32:06.083000,12.1
12/05/2019 06:34:05.672000,13.14
12/05/2019 06:36:05.976000,10.25
12/05/2019 06:38:06.117000,11.99
12/05/2019 06:40:06.306000,12.22
12/05/2019 06:42:05.975000,12.36
12/05/2019 06:44:05.991000,13.52
12/05/2019 06:46:05.995000,12.1
12/05/2019 06:48:06.170000,12.06
12/05/2019 06:50:06.096000,12.96
12/05/2019 06:52:06.002000,12.93
12/05/2019 06:54:06.038000,12.3
12/05/2019 06:56:06.076000,11.33
12/05/2019 06:58:06.083000,12.18
12/05/2019 07:00:06.287000,12.14
12/05/2019 07:02:06.077000,12.23
12/05/2019 07:04:05.870000,11.58
12/05/2019 07:06:06.272000,11.52
12/05/2019 07:08:06.038000,11.72
12/05/2019 07:10:05.645000,12.06
12/05/2019 07:12:06.028000,11.13
12/05/2019 07:14:06.102000,11.23
12/05/2019 07:16:05.888000,12.27
12/05/2019 07:18:05.859000,11.96
12/05/2019 07:30:07.565000,11.21
12/05/2019 07:32:06.051000,11.11
12/05/2019 07:34:06.116000,11.94
12/05/2019 07:36:06.311000,11.71
12/05/2019 07:38:06.033000,11.53
12/05/2019 07:40:07.041000,10.81
12/05/2019 07:42:05.874000,12.01
12/05/2019 07:44:05.962000,11.1
12/05/2019 07:46:06.160000,11.39
12/05/2019 07:48:06.117000,10.78
12/05/2019 07:50:05.990000,10.85
12/05/2019 07:52:05.897000,10.89
12/05/2019 07:54:05.905000,10.94
12/05/2019 07:56:05.976000,11.57
12/05/2019 07:58:06.175000,11.25
12/05/2019 08:00:06.143000,11.0
12/05/2019 08:02:06.031000,10.49
12/05/2019 08:04:06.288000,9.9
12/05/2019 08:06:05.869000,9.73
12/05/2019 08:08:06.038000,10.81
12/05/2019 08:10:05.974000,10.93
12/05/2019 08:12:06.119000,10.03
12/05/2019 08:14:06.034000,10.12
12/05/2019 08:16:06.102000,10.06
12/05/2019 08:18:05.677000,10.58
12/05/2019 08:20:06.045000,10.55
12/05/2019 08:22:06.089000,9.79
12/05/2019 08:24:05.856000,9.87
12/05/2019 08:26:06.119000,11.36
12/05/2019 08:28:06.032000,10.03
12/05/2019 08:30:05.884000,10.94
12/05/2019 08:32:05.664000,10.54
12/05/2019 08:34:05.656000,10.1
12/05/2019 08:36:05.662000,10.21
12/05/2019 08:38:05.967000,9.73
12/05/2019 08:40:06.073000,9.79
12/05/2019 08:42:05.971000,10.55
12/05/2019 08:44:05.945000,9.19
12/05/2019 08:46:06.050000,10.22
12/05/2019 08:48:05.972000,9.22
12/05/2019 08:50:05.941000,9.64
12/05/2019 08:52:06.149000,9.9
12/05/2019 08:54:06.035000,11.97
12/05/2019 08:56:05.876000,12.09
12/05/2019 08:58:05.872000,12.16
12/05/2019 09:00:05.977000,11.94
12/05/2019 09:02:05.652000,12.46
12/05/2019 09:04:05.961000,11.7
12/05/2019 09:06:06.008000,12.67
12/05/2019 09:08:05.676000,12.2
12/05/2019 09:46:07.543000,12.81
12/05/2019 09:48:07.557000,11.72
12/05/2019 09:50:07.587000,13.15
12/05/2019 09:52:07.347000,11.53
12/05/2019 09:54:07.660000,12.36
12/05/2019 09:56:07.981000,12.71
12/05/2019 09:58:07.870000,12.88
12/05/2019 10:00:07.398000,12.8
12/05/2019 10:02:07.381000,13.23
12/05/2019 10:04:07.699000,11.6
12/05/2019 10:06:07.737000,13.01
12/05/2019 10:08:07.362000,12.46
12/05/2019 10:10:07.341000,12.68
12/05/2019 10:12:07.571000,11.88
12/05/2019 10:14:07.691000,12.04
12/05/2019 10:16:07.356000,11.81
12/05/2019 10:18:07.593000,12.69
12/05/2019 10:20:08.194000,10.84
12/05/2019 10:22:07.559000,12.79
12/05/2019 10:24:07.665000,11.96
12/05/2019 10:26:07.788000,10.93
12/05/2019 10:28:07.560000,11.72
12/05/2019 10:30:07.575000,12.26
12/05/2019 10:32:07.666000,11.91
12/05/2019 10:34:07.334000,12.2
12/05/2019 10:36:07.634000,12.87
12/05/2019 10:38:07.407000,11.47
12/05/2019 10:40:07.653000,11.1
12/05/2019 10:42:07.698000,10.97
12/05/2019 10:44:07.634000,10.16
12/05/2019 10:46:07.337000,10.43
12/05/2019 10:48:07.837000,10.42
12/05/2019 10:50:07.588000,10.76
12/05/2019 10:52:07.656000,10.67
12/05/2019 10:56:07.698000,10.32
12/05/2019 10:58:07.740000,9.26
12/05/2019 11:00:07.762000,9.72
12/05/2019 11:02:07.728000,9.15
12/05/2019 11:04:07.325000,8.58
12/05/2019 11:06:08.598000,7.29
12/05/2019 11:08:07.674000,9.35
12/05/2019 11:10:07.581000,8.67
12/05/2019 11:12:07.742000,8.91
12/05/2019 11:14:07.372000,7.52
12/05/2019 11:16:07.661000,7.34
12/05/2019 11:18:07.671000,7.52
12/05/2019 11:20:07.691000,7.39
12/05/2019 11:22:07.564000,7.05
12/05/2019 11:24:07.840000,8.48
12/05/2019 11:26:07.371000,6.33
12/05/2019 11:28:07.627000,8.12
12/05/2019 11:30:07.358000,8.0
12/05/2019 11:32:07.649000,8.04
12/05/2019 11:34:07.712000,8.7
12/05/2019 11:36:07.406000,9.26
12/05/2019 11:38:07.681000,9.25
12/05/2019 11:40:08.078000,8.21
12/05/2019 11:42:07.715000,9.07
12/05/2019 11:44:07.651000,9.01
12/05/2019 11:46:07.688000,8.09
12/05/2019 11:48:07.670000,8.79
12/05/2019 11:50:07.966000,9.32
12/05/2019 11:52:07.680000,9.03
12/05/2019 11:54:07.558000,8.58
12/05/2019 11:56:07.977000,8.22
12/05/2019 11:58:07.328000,8.11
12/05/2019 12:00:07.699000,9.27
12/05/2019 12:02:07.687000,8.94
12/05/2019 12:04:07.749000,9.25
12/05/2019 12:06:07.568000,9.45
12/05/2019 12:08:07.335000,9.85
12/05/2019 12:10:07.663000,9.16
12/05/2019 12:12:07.550000,10.31
12/05/2019 12:14:07.719000,9.35
12/05/2019 12:16:07.596000,9.21
12/05/2019 12:18:07.556000,9.21
12/05/2019 12:20:07.853000,10.06
12/05/2019 12:22:07.571000,9.76
12/05/2019 12:24:07.752000,9.52
12/05/2019 12:26:07.684000,10.55
12/05/2019 12:28:07.757000,11.04
12/05/2019 12:30:07.573000,10.11
12/05/2019 12:32:07.332000,10.18
12/05/2019 12:34:07.875000,11.04
12/05/2019 12:36:07.339000,10.51
12/05/2019 12:38:07.667000,10.53
12/05/2019 12:40:07.591000,10.96
12/05/2019 12:42:07.820000,11.57
12/05/2019 12:44:07.552000,11.96
12/05/2019 12:46:07.675000,10.26
12/05/2019 12:48:07.708000,10.13
12/05/2019 12:50:07.323000,10.8
12/05/2019 13:00:07.724000,12.0
12/05/2019 13:02:07.960000,10.94
12/05/2019 13:04:07.679000,10.49
12/05/2019 13:06:07.455000,10.37
12/05/2019 13:08:07.778000,9.87
12/05/2019 13:10:07.760000,11.03
12/05/2019 13:12:07.809000,11.2
12/05/2019 13:14:07.468000,11.58
12/05/2019 13:16:07.841000,9.0
12/05/2019 13:18:07.871000,7.82
12/05/2019 13:20:07.777000,8.39
12/05/2019 13:22:07.761000,6.75
12/05/2019 13:24:07.778000,6.11
12/05/2019 13:26:07.436000,6.16
12/05/2019 13:28:07.659000,4.21
12/05/2019 13:30:07.747000,2.91
12/05/2019 13:32:07.780000,2.38
12/05/2019 13:34:07.680000,1.64
12/05/2019 13:36:07.441000,1.07
12/05/2019 13:38:07.944000,0.75
12/05/2019 13:40:07.763000,0.79
12/05/2019 13:42:07.432000,1.03
12/05/2019 13:44:07.982000,1.23
12/05/2019 13:46:07.785000,1.38
12/05/2019 13:48:07.672000,0.96
12/05/2019 13:50:07.879000,0.83
12/05/2019 13:52:07.445000,0.61
12/05/2019 13:54:07.695000,0.06
12/05/2019 13:56:07.442000,0.29
12/05/2019 13:58:07.912000,0.0
12/05/2019 14:00:07.705000,0.22
12/05/2019 14:02:07.936000,0.0
12/05/2019 14:04:07.658000,0.0
12/05/2019 14:06:07.657000,0.0
12/05/2019 14:08:08.058000,0.0
12/05/2019 14:10:07.858000,0.0
12/05/2019 14:12:08.272000,0.0
12/05/2019 14:14:07.664000,0.0
12/05/2019 14:16:07.843000,0.0
12/05/2019 14:18:07.425000,0.0
12/05/2019 14:20:07.888000,0.0
12/05/2019 14:22:07.861000,0.0
12/05/2019 14:24:07.834000,0.0
12/05/2019 14:26:07.459000,0.0
12/05/2019 14:28:07.760000,0.0
12/05/2019 14:30:07.907000,0.0
12/05/2019 14:32:07.671000,0.06
12/05/2019 14:34:07.444000,2.43
12/05/2019 14:36:07.893000,2.09
12/05/2019 14:38:07.682000,0.71
12/05/2019 14:40:08.106000,0.0
12/05/2019 14:42:07.651000,0.0
12/05/2019 14:44:07.830000,0.16
12/05/2019 14:46:07.673000,1.26
12/05/2019 14:48:07.899000,0.87
12/05/2019 14:50:07.446000,2.13
12/05/2019 14:52:07.761000,1.85
12/05/2019 14:54:07.681000,0.49
12/05/2019 14:56:07.684000,0.85
12/05/2019 14:58:07.450000,1.2
12/05/2019 15:00:07.840000,1.18
12/05/2019 15:02:07.652000,0.84
12/05/2019 15:04:07.762000,0.74
12/05/2019 15:06:07.847000,0.56
12/05/2019 15:08:07.756000,0.45
12/05/2019 15:12:08.315000,0.5
12/05/2019 15:14:07.828000,0.43
12/05/2019 15:16:07.640000,0.0
12/05/2019 15:18:07.661000,0.44
12/05/2019 15:20:07.416000,0.15
12/05/2019 15:22:07.860000,0.34
12/05/2019 15:24:07.853000,0.17
12/05/2019 15:26:07.783000,0.06
12/05/2019 15:28:07.953000,0.15
12/05/2019 15:30:07.442000,0.68
12/05/2019 15:32:07.824000,0.1
12/05/2019 15:34:07.430000,0.16
12/05/2019 15:36:08.012000,0.49
12/05/2019 15:38:07.758000,0.69
12/05/2019 15:40:08.091000,0.19
12/05/2019 15:42:07.734000,3.72
12/05/2019 15:44:07.668000,1.21
12/05/2019 15:46:07.864000,0.85
12/05/2019 15:48:07.668000,1.35
12/05/2019 15:50:07.927000,1.7
12/05/2019 15:52:07.758000,2.69
12/05/2019 15:54:07.779000,2.34
12/05/2019 15:56:08.052000,3.2
12/05/2019 16:00:07.883000,3.07
12/05/2019 16:02:07.691000,3.54
12/05/2019 16:04:07.685000,2.93
12/05/2019 16:06:07.503000,3.35
12/05/2019 16:08:07.867000,2.67
12/05/2019 16:10:07.823000,2.52
12/05/2019 16:12:08.162000,2.55
12/05/2019 16:14:07.956000,2.32
12/05/2019 16:16:07.898000,2.33
12/05/2019 16:18:07.695000,2.79
12/05/2019 16:20:07.847000,2.99
12/05/2019 16:22:07.765000,3.26
12/05/2019 16:24:07.813000,2.57
12/05/2019 16:26:07.880000,3.13
12/05/2019 16:28:07.791000,2.87
12/05/2019 16:30:07.660000,3.38
12/05/2019 16:32:07.845000,3.39
12/05/2019 16:34:07.433000,3.1
12/05/2019 16:36:07.783000,3.0
12/05/2019 16:38:07.435000,3.07
12/05/2019 16:40:07.435000,2.77
12/05/2019 16:42:07.775000,3.16
12/05/2019 16:44:07.949000,3.18
12/05/2019 16:46:07.471000,3.13
12/05/2019 16:48:07.670000,3.17
12/05/2019 16:50:07.702000,2.99
12/05/2019 16:52:07.894000,2.78
12/05/2019 16:54:07.684000,2.55
12/05/2019 16:56:07.937000,2.83
12/05/2019 16:58:07.846000,3.51
12/05/2019 17:00:07.481000,3.51
12/05/2019 17:02:07.789000,3.27
12/05/2019 17:04:07.444000,3.88
12/05/2019 17:06:07.855000,5.66
12/05/2019 17:08:08.349000,5.88
12/05/2019 17:10:07.887000,3.86
12/05/2019 17:12:08.042000,2.61
12/05/2019 17:14:07.767000,2.36
12/05/2019 17:16:07.659000,1.88
12/05/2019 17:18:07.872000,1.93
12/05/2019 17:20:09.788000,2.14
12/05/2019 17:22:07.820000,2.66
12/05/2019 17:24:07.464000,2.93
12/05/2019 17:26:07.929000,3.57
12/05/2019 17:28:07.789000,2.63
12/05/2019 17:30:08.103000,2.03
12/05/2019 17:32:07.436000,3.71
12/05/2019 17:34:07.770000,3.15
12/05/2019 17:36:07.778000,2.41
12/05/2019 17:38:07.451000,2.57
12/05/2019 17:40:07.809000,2.39
12/05/2019 17:42:07.831000,2.96
12/05/2019 17:44:07.875000,1.1
12/05/2019 17:46:07.450000,1.63
12/05/2019 17:48:07.862000,2.08
12/05/2019 17:50:07.970000,2.26
12/05/2019 17:52:07.780000,2.19
12/05/2019 17:54:07.812000,2.23
12/05/2019 17:56:07.736000,1.51
12/05/2019 17:58:07.455000,0.96
12/05/2019 18:00:07.920000,1.03
12/05/2019 18:02:07.871000,1.7
12/05/2019 18:04:07.439000,1.93
12/05/2019 18:06:07.446000,1.14
12/05/2019 18:08:07.680000,1.17
12/05/2019 18:10:07.866000,1.01
12/05/2019 18:14:07.451000,1.49
12/05/2019 18:16:07.452000,2.13
12/05/2019 18:18:07.446000,1.38
12/05/2019 18:20:07.823000,1.23
12/05/2019 18:22:07.500000,0.94
12/05/2019 18:24:07.785000,1.73
12/05/2019 18:26:07.769000,1.58
12/05/2019 18:28:07.436000,1.56
12/05/2019 18:30:07.874000,2.07
12/05/2019 18:32:07.492000,1.75
12/05/2019 18:34:07.706000,1.86
12/05/2019 18:36:07.752000,1.54
12/05/2019 18:38:07.447000,1.77
12/05/2019 18:40:07.674000,1.51
12/05/2019 18:42:07.766000,2.04
12/05/2019 18:44:07.723000,1.62
12/05/2019 18:46:07.443000,1.15
12/05/2019 18:48:07.450000,1.65
12/05/2019 18:50:07.859000,2.23
12/05/2019 18:52:07.995000,1.82
12/05/2019 18:54:07.474000,1.59
12/05/2019 18:56:07.796000,1.71
12/05/2019 18:58:07.676000,1.42
12/05/2019 19:00:07.764000,1.37
12/05/2019 19:02:07.934000,1.83
12/05/2019 19:04:07.441000,1.87
12/05/2019 19:08:07.807000,2.1
12/05/2019 19:10:07.427000,1.84
12/05/2019 19:12:08.164000,2.41
12/05/2019 19:14:07.905000,2.26
12/05/2019 19:16:07.458000,1.99
12/05/2019 19:18:07.772000,2.03
12/05/2019 19:20:08.068000,1.79
12/05/2019 19:22:07.882000,1.4
12/05/2019 19:24:07.676000,1.54
12/05/2019 19:26:07.880000,1.47
12/05/2019 19:28:07.854000,1.86
12/05/2019 19:30:07.456000,1.26
12/05/2019 19:32:07.770000,1.37
12/05/2019 19:34:07.452000,1.61
12/05/2019 19:36:07.726000,1.31
12/05/2019 19:38:07.905000,1.08
12/05/2019 19:40:11.307000,1.71
12/05/2019 19:42:07.449000,1.68
12/05/2019 19:44:07.680000,1.67
12/05/2019 19:46:07.894000,1.4
12/05/2019 19:48:07.945000,1.2
12/05/2019 19:50:07.887000,1.59
12/05/2019 19:52:07.464000,1.04
12/05/2019 19:54:07.453000,1.25
12/05/2019 19:56:07.652000,1.18
12/05/2019 19:58:07.846000,1.15
12/05/2019 20:00:07.815000,1.04
12/05/2019 20:02:07.834000,1.23
12/05/2019 20:04:07.830000,1.36
12/05/2019 20:06:07.916000,1.13
12/05/2019 20:08:07.779000,1.51
12/05/2019 20:10:07.649000,1.57
12/05/2019 20:12:08.087000,1.81
12/05/2019 20:14:07.866000,1.62
12/05/2019 20:16:07.489000,1.57
12/05/2019 20:18:07.737000,1.4
12/05/2019 20:22:07.841000,1.97
12/05/2019 20:24:07.761000,2.07
12/05/2019 20:26:07.884000,2.25
12/05/2019 20:28:07.651000,1.93
12/05/2019 20:30:07.763000,2.28
12/05/2019 20:32:07.793000,3.09
12/05/2019 20:34:07.446000,2.32
12/05/2019 20:36:07.701000,2.56
12/05/2019 20:38:07.819000,3.04
12/05/2019 20:40:07.905000,3.19
12/05/2019 20:42:07.867000,2.58
12/05/2019 20:44:07.838000,2.87
12/05/2019 20:46:07.535000,2.74
12/05/2019 20:48:07.745000,2.51
12/05/2019 20:50:07.679000,1.82
12/05/2019 20:52:07.446000,2.1
12/05/2019 20:54:07.705000,2.2
12/05/2019 20:56:07.435000,1.62
12/05/2019 20:58:07.432000,1.28
12/05/2019 21:00:07.796000,1.16
12/05/2019 21:02:07.768000,1.06
12/05/2019 21:04:07.464000,1.34
12/05/2019 21:06:07.438000,1.36
12/05/2019 21:08:07.678000,1.35
12/05/2019 21:10:07.881000,1.04
12/05/2019 21:12:08.107000,1.41
12/05/2019 21:14:07.675000,1.16
12/05/2019 21:16:07.765000,1.55
12/05/2019 21:18:07.688000,1.63
12/05/2019 21:20:07.650000,0.99
12/05/2019 21:22:07.788000,1.79
12/05/2019 21:24:07.676000,1.78
12/05/2019 21:26:07.879000,1.96
12/05/2019 21:28:07.776000,2.86
12/05/2019 21:30:07.665000,1.99
12/05/2019 21:32:07.765000,1.52
12/05/2019 21:34:07.964000,1.78
12/05/2019 21:38:07.430000,2.79
12/05/2019 21:40:07.644000,1.84
12/05/2019 21:42:07.456000,2.26
12/05/2019 21:44:07.945000,1.89
12/05/2019 21:46:07.447000,2.46
12/05/2019 21:48:07.674000,2.12
12/05/2019 21:50:07.709000,1.81
12/05/2019 21:52:07.694000,2.2
12/05/2019 21:54:07.775000,2.16
12/05/2019 21:56:07.758000,2.26
12/05/2019 21:58:07.441000,2.25
12/05/2019 22:00:07.861000,2.33
12/05/2019 22:02:07.756000,2.61
12/05/2019 22:04:07.456000,2.96
12/05/2019 22:06:07.426000,2.76
12/05/2019 22:08:07.748000,3.62
12/05/2019 22:10:07.781000,3.72
12/05/2019 22:12:07.798000,3.39
12/05/2019 22:14:07.464000,2.96
12/05/2019 22:16:07.771000,3.63
12/05/2019 22:18:07.864000,3.81
12/05/2019 22:20:07.424000,5.04
12/05/2019 22:22:07.703000,4.29
12/05/2019 22:24:07.764000,4.58
12/05/2019 22:26:07.999000,4.65
12/05/2019 22:28:07.798000,4.94
12/05/2019 22:30:07.862000,5.03
12/05/2019 22:32:07.929000,4.71
12/05/2019 22:34:07.848000,6.03
12/05/2019 22:36:07.878000,6.29
12/05/2019 22:38:07.682000,5.14
12/05/2019 22:40:07.674000,5.06
12/05/2019 22:42:07.848000,5.29
12/05/2019 22:44:07.771000,5.67
12/05/2019 22:46:07.764000,5.39
12/05/2019 22:48:07.680000,5.58
12/05/2019 22:50:07.438000,5.59
12/05/2019 22:52:07.688000,6.42
12/05/2019 22:54:07.788000,5.84
12/05/2019 22:56:07.796000,6.13
12/05/2019 22:58:07.445000,7.43
12/05/2019 23:00:07.791000,7.21
12/05/2019 23:02:07.837000,8.59
12/05/2019 23:04:07.777000,7.22
12/05/2019 23:06:07.760000,8.03
12/05/2019 23:08:07.760000,7.19
12/05/2019 23:10:07.774000,8.04
12/05/2019 23:12:08.294000,6.54
12/05/2019 23:14:08.047000,6.34
12/05/2019 23:16:07.435000,5.71
12/05/2019 23:18:07.853000,4.63
12/05/2019 23:20:07.938000,5.07
12/05/2019 23:22:07.654000,4.91
12/05/2019 23:24:07.883000,4.22
12/05/2019 23:26:07.938000,5.35
12/05/2019 23:28:07.881000,5.36
12/05/2019 23:30:07.804000,5.78
12/05/2019 23:32:07.963000,6.18
12/05/2019 23:34:07.444000,7.09
12/05/2019 23:36:07.423000,6.7
12/05/2019 23:38:07.684000,5.66
12/05/2019 23:40:11.681000,6.65
12/05/2019 23:42:07.868000,6.63
12/05/2019 23:44:07.459000,6.09
12/05/2019 23:46:07.759000,5.81
12/05/2019 23:48:07.461000,6.12
12/05/2019 23:50:07.796000,5.46
12/05/2019 23:52:07.435000,6.25
12/05/2019 23:54:07.693000,7.78
12/05/2019 23:56:07.870000,8.04
12/05/2019 23:58:07.787000,6.88
12/06/2019 00:00:07.761000,6.32
12/06/2019 00:02:07.838000,5.8
12/06/2019 00:04:07.773000,6.7
12/06/2019 00:06:07.697000,6.96
12/06/2019 00:08:07.798000,7.57
12/06/2019 00:10:07.823000,8.29
12/06/2019 00:12:08.207000,6.94
12/06/2019 00:14:07.879000,6.88
12/06/2019 00:16:07.761000,6.49
12/06/2019 00:18:07.810000,6.94
12/06/2019 00:20:07.713000,5.49
12/06/2019 00:22:07.675000,6.5
12/06/2019 00:24:07.437000,7.21
12/06/2019 00:26:07.687000,6.97
12/06/2019 00:28:07.614000,7.17
12/06/2019 00:30:07.776000,7.39
12/06/2019 00:32:07.443000,7.97
12/06/2019 00:34:15.874000,7.97
12/06/2019 00:36:08.033000,8.34
12/06/2019 00:38:07.828000,8.74
12/06/2019 00:40:07.686000,8.16
12/06/2019 00:42:07.439000,8.09
12/06/2019 00:44:07.768000,8.94
12/06/2019 00:46:07.428000,9.23
12/06/2019 00:48:07.671000,8.68
12/06/2019 00:50:07.655000,9.96
12/06/2019 00:52:07.818000,9.48
12/06/2019 00:54:07.838000,8.57
12/06/2019 00:56:07.829000,8.91
12/06/2019 00:58:07.843000,8.69
12/06/2019 01:00:07.847000,9.42
12/06/2019 01:02:07.824000,11.75
12/06/2019 01:04:07.660000,11.25
12/06/2019 01:06:07.876000,13.4
12/06/2019 01:08:07.784000,12.9
12/06/2019 01:10:07.671000,15.06
12/06/2019 01:12:08.157000,16.69
12/06/2019 01:14:07.780000,15.62
12/06/2019 01:18:07.711000,13.06
12/06/2019 01:20:07.860000,11.45
12/06/2019 01:22:07.751000,12.72
12/06/2019 01:24:07.428000,12.65
12/06/2019 01:26:07.911000,13.2
12/06/2019 01:28:07.425000,13.09
12/06/2019 01:30:07.835000,10.32
12/06/2019 01:32:07.739000,11.3
12/06/2019 01:34:07.922000,10.11
12/06/2019 01:36:07.902000,10.0
12/06/2019 01:38:07.778000,10.5
12/06/2019 01:40:07.464000,11.85
12/06/2019 01:42:07.675000,12.14
12/06/2019 01:44:07.448000,11.14
12/06/2019 01:46:07.830000,11.09
12/06/2019 01:48:07.664000,11.24
12/06/2019 01:50:07.813000,10.03
12/06/2019 01:52:07.790000,8.82
12/06/2019 01:54:07.669000,7.12
12/06/2019 01:56:07.820000,7.37
12/06/2019 01:58:07.669000,7.54
12/06/2019 02:00:07.727000,8.52
12/06/2019 02:02:07.916000,7.38
12/06/2019 02:04:07.670000,6.94
12/06/2019 02:06:07.786000,6.66
12/06/2019 02:08:07.870000,5.79
12/06/2019 02:10:07.942000,4.49
12/06/2019 02:14:07.763000,3.74
12/06/2019 02:16:07.430000,4.49
12/06/2019 02:18:07.454000,4.33
12/06/2019 02:22:07.543000,4.6
12/06/2019 02:24:07.457000,4.3
12/06/2019 02:26:07.678000,3.22
12/06/2019 02:28:07.449000,2.88
12/06/2019 02:30:07.438000,2.7
12/06/2019 02:32:07.850000,2.68
12/06/2019 02:34:07.767000,2.38
12/06/2019 02:36:07.872000,2.51
12/06/2019 02:38:07.432000,2.9
12/06/2019 02:40:07.419000,2.84
12/06/2019 02:42:07.661000,2.33
12/06/2019 02:44:07.739000,3.81
12/06/2019 02:46:07.676000,3.9
12/06/2019 02:48:07.751000,4.81
12/06/2019 02:50:07.932000,5.23
12/06/2019 02:52:07.659000,6.64
12/06/2019 02:54:07.939000,7.78
12/06/2019 02:56:07.745000,7.45
12/06/2019 02:58:07.419000,8.44
12/06/2019 03:00:07.942000,7.82
12/06/2019 03:02:07.801000,7.91
12/06/2019 03:04:07.845000,7.06
12/06/2019 03:06:07.670000,8.39
12/06/2019 03:08:07.424000,8.51
12/06/2019 03:10:07.460000,7.99
12/06/2019 03:12:08.185000,7.37
12/06/2019 03:14:07.744000,7.51
12/06/2019 03:16:07.817000,6.77
12/06/2019 03:18:07.934000,7.13
12/06/2019 03:20:07.813000,7.22
12/06/2019 03:22:07.864000,7.36
12/06/2019 03:24:07.879000,7.34
12/06/2019 03:26:07.418000,7.88
12/06/2019 03:28:07.822000,8.06
12/06/2019 03:30:07.667000,8.99
12/06/2019 03:32:07.446000,9.29
12/06/2019 03:34:07.882000,9.23
12/06/2019 03:36:07.659000,9.64
12/06/2019 03:38:07.661000,10.0
12/06/2019 03:40:07.922000,9.99
12/06/2019 03:42:07.745000,9.56
12/06/2019 03:44:07.426000,8.51
12/06/2019 03:46:07.760000,10.42
12/06/2019 03:48:07.644000,9.99
12/06/2019 03:50:07.848000,8.55
12/06/2019 03:52:07.869000,9.18
12/06/2019 03:54:07.436000,9.43
12/06/2019 03:56:07.849000,9.17
12/06/2019 03:58:07.773000,9.4
12/06/2019 04:00:07.757000,9.11
12/06/2019 04:02:07.648000,10.25
12/06/2019 04:04:07.648000,10.23
12/06/2019 04:06:07.651000,9.46
12/06/2019 04:08:07.873000,9.14
12/06/2019 04:10:07.785000,8.38
12/06/2019 04:12:08.121000,7.52
12/06/2019 04:14:07.626000,8.2
12/06/2019 04:16:07.420000,7.78
12/06/2019 04:18:07.423000,10.31
12/06/2019 04:20:07.946000,11.73
12/06/2019 04:22:07.739000,13.22
12/06/2019 04:24:07.445000,11.61
12/06/2019 04:26:07.842000,10.46
12/06/2019 04:28:07.918000,7.82
12/06/2019 04:30:07.714000,6.34
12/06/2019 04:32:07.648000,6.4
12/06/2019 04:34:07.868000,3.63
12/06/2019 04:36:07.819000,4.52
12/06/2019 04:38:07.946000,2.85
12/06/2019 04:40:07.738000,9.3
12/06/2019 04:42:07.889000,21.28
12/06/2019 04:44:07.659000,22.7
12/06/2019 04:46:07.865000,23.57
12/06/2019 04:50:07.827000,13.7
12/06/2019 04:52:07.654000,11.67
12/06/2019 04:54:07.827000,13.61
12/06/2019 04:56:07.429000,14.94
12/06/2019 04:58:07.649000,9.22
12/06/2019 05:00:07.685000,7.66
12/06/2019 05:02:07.882000,8.97
12/06/2019 05:04:07.749000,9.37
12/06/2019 05:06:07.681000,8.79
12/06/2019 05:08:07.755000,5.19
12/06/2019 05:12:08.265000,4.17
12/06/2019 05:14:07.755000,2.91
12/06/2019 05:16:07.933000,2.7
12/06/2019 05:18:07.652000,3.09
12/06/2019 05:20:07.738000,2.74
12/06/2019 05:22:07.786000,3.56
12/06/2019 05:24:07.745000,2.96
12/06/2019 05:26:07.735000,3.31
12/06/2019 05:28:07.759000,3.98
12/06/2019 05:30:07.653000,2.97
12/06/2019 05:32:07.658000,3.59
12/06/2019 05:34:07.721000,3.74
12/06/2019 05:36:07.440000,4.39
12/06/2019 05:38:07.736000,5.13
12/06/2019 05:40:08.137000,4.93
12/06/2019 05:42:07.645000,3.56
12/06/2019 05:44:07.805000,3.67
12/06/2019 05:46:07.770000,3.9
12/06/2019 05:48:07.687000,4.22
12/06/2019 05:50:07.753000,3.51
12/06/2019 05:52:07.917000,3.14
12/06/2019 05:54:07.444000,3.06
12/06/2019 05:56:07.418000,3.1
12/06/2019 05:58:07.863000,3.59
12/06/2019 06:00:07.669000,3.43
12/06/2019 06:02:07.437000,4.12
12/06/2019 06:04:07.513000,2.93
12/06/2019 06:06:07.628000,3.83
12/06/2019 06:08:07.432000,3.04
12/06/2019 06:10:07.436000,3.03
12/06/2019 06:12:08.048000,2.6
12/06/2019 06:14:07.750000,2.38
12/06/2019 06:16:07.736000,2.59
12/06/2019 06:18:07.673000,2.16
12/06/2019 06:20:07.755000,2.19
12/06/2019 06:22:07.898000,2.34
12/06/2019 06:24:07.732000,1.61
12/06/2019 06:26:07.817000,1.51
12/06/2019 06:28:07.748000,1.83
12/06/2019 06:30:07.788000,1.19
12/06/2019 06:32:07.729000,1.74
12/06/2019 06:34:07.758000,0.93
12/06/2019 06:36:07.782000,1.16
12/06/2019 06:38:07.788000,0.75
12/06/2019 06:40:08.526000,1.1
12/06/2019 06:42:07.665000,1.09
12/06/2019 06:44:07.436000,0.46
12/06/2019 06:46:07.749000,0.56
12/06/2019 06:48:07.417000,0.66
12/06/2019 06:50:07.428000,0.96
12/06/2019 06:52:07.412000,1.04
12/06/2019 06:54:07.874000,0.9
12/06/2019 06:56:07.417000,0.75
12/06/2019 06:58:07.451000,1.0
12/06/2019 07:00:07.403000,0.9
12/06/2019 07:02:07.749000,0.81
12/06/2019 07:04:07.421000,1.22
12/06/2019 07:06:13.957000,0.54
12/06/2019 07:10:07.732000,2.16
12/06/2019 07:12:08.057000,1.96
12/06/2019 07:14:07.871000,1.69
12/06/2019 07:16:07.631000,1.83
12/06/2019 07:18:07.840000,1.43
12/06/2019 07:20:07.621000,1.35
12/06/2019 07:22:07.735000,1.34
12/06/2019 07:24:07.635000,1.46
12/06/2019 07:26:07.855000,1.46
12/06/2019 07:30:08.184000,1.09
12/06/2019 07:32:07.871000,1.07
12/06/2019 07:34:07.424000,1.17
12/06/2019 07:36:07.741000,0.75
12/06/2019 07:38:07.738000,0.68
12/06/2019 07:40:07.651000,0.91
12/06/2019 07:42:07.826000,0.76
12/06/2019 07:44:07.839000,0.69
12/06/2019 07:46:07.647000,0.85
12/06/2019 07:48:07.854000,0.92
12/06/2019 07:50:07.748000,0.83
12/06/2019 07:52:07.666000,0.94
12/06/2019 07:54:07.437000,0.89
12/06/2019 07:56:07.794000,0.73
12/06/2019 07:58:07.740000,0.87
12/06/2019 08:00:07.418000,0.99
12/06/2019 08:02:07.745000,0.68
12/06/2019 08:04:07.419000,0.81
12/06/2019 08:06:07.732000,0.96
12/06/2019 08:08:07.931000,0.87
12/06/2019 08:10:07.719000,0.93
12/06/2019 08:12:08.125000,0.69
12/06/2019 08:14:07.819000,0.72
12/06/2019 08:16:07.626000,0.57
12/06/2019 08:18:07.796000,0.29
12/06/2019 08:20:07.751000,0.99
12/06/2019 08:22:07.852000,0.41
12/06/2019 08:24:07.645000,0.55
12/06/2019 08:26:07.786000,0.57
12/06/2019 08:28:07.444000,0.67
12/06/2019 08:30:07.654000,0.46
12/06/2019 08:32:07.414000,0.08
12/06/2019 08:34:07.727000,0.09
12/06/2019 08:36:07.407000,0.0
12/06/2019 08:38:07.628000,0.09
12/06/2019 08:40:07.412000,0.39
12/06/2019 08:42:07.940000,0.38
12/06/2019 08:44:07.804000,0.04
12/06/2019 08:46:07.778000,0.49
12/06/2019 08:48:07.660000,0.13
12/06/2019 08:50:07.741000,0.13
12/06/2019 08:52:07.726000,0.25
12/06/2019 08:54:07.719000,0.06
12/06/2019 08:56:07.831000,0.42
12/06/2019 08:58:07.435000,0.38
12/06/2019 09:00:07.847000,0.18
12/06/2019 09:02:07.713000,0.4
12/06/2019 09:04:07.739000,0.69
12/06/2019 09:06:07.645000,0.46
12/06/2019 09:40:10.117000,0.38
12/06/2019 09:42:10.034000,0.24
12/06/2019 09:44:10.078000,0.21
12/06/2019 09:46:10.036000,0.09
12/06/2019 09:48:10.012000,0.18
12/06/2019 09:50:10.017000,0.69
12/06/2019 09:52:10.123000,0.29
12/06/2019 09:54:09.864000,0.4
12/06/2019 09:56:09.666000,0.65
12/06/2019 10:00:11.196000,0.61
12/06/2019 10:02:09.908000,0.59
12/06/2019 10:04:09.641000,0.22
12/06/2019 10:06:09.805000,0.37
12/06/2019 10:08:09.628000,0.28
12/06/2019 10:10:10.136000,0.25
12/06/2019 10:12:09.897000,0.22
12/06/2019 10:14:09.970000,0.21
12/06/2019 10:16:09.696000,0.49
12/06/2019 10:18:09.880000,0.31
12/06/2019 10:20:09.658000,0.04
12/06/2019 10:22:09.634000,0.13
12/06/2019 10:26:09.862000,0.48
12/06/2019 10:30:10.624000,0.6
12/06/2019 10:32:09.878000,0.57
12/06/2019 10:34:10.068000,0.26
12/06/2019 10:36:10.092000,0.1
12/06/2019 10:40:10.232000,0.17
12/06/2019 10:42:09.858000,0.41
12/06/2019 10:44:09.657000,0.5
12/06/2019 10:46:10.057000,0.16
12/06/2019 10:48:10.080000,0.61
12/06/2019 10:50:09.660000,0.22
12/06/2019 10:52:09.839000,0.46
12/06/2019 10:54:09.993000,0.04
12/06/2019 10:56:09.636000,0.41
12/06/2019 10:58:09.860000,0.3
12/06/2019 11:00:09.956000,0.46
12/06/2019 11:02:10.026000,0.16
12/06/2019 11:04:09.986000,0.25
12/06/2019 11:06:09.863000,0.04
12/06/2019 11:08:10.012000,0.09
12/06/2019 11:10:09.996000,0.4
12/06/2019 11:12:10.133000,0.39
12/06/2019 11:14:09.642000,0.44
12/06/2019 11:16:10.002000,0.31
12/06/2019 11:18:09.878000,0.12
12/06/2019 11:20:09.626000,0.39
12/06/2019 11:22:10.104000,0.79
12/06/2019 11:26:10.016000,0.72
12/06/2019 11:30:09.971000,0.17
12/06/2019 11:32:09.968000,0.51
12/06/2019 11:34:10.082000,0.49
12/06/2019 11:36:10.063000,0.18
12/06/2019 11:38:09.746000,0.3
12/06/2019 11:40:10.420000,0.46
12/06/2019 11:42:10.145000,0.57
12/06/2019 11:44:09.995000,0.67
12/06/2019 11:46:09.994000,0.39
12/06/2019 11:50:09.658000,0.31
12/06/2019 11:52:10.038000,0.46
12/06/2019 11:54:09.671000,0.62
12/06/2019 11:56:09.860000,0.62
12/06/2019 11:58:10.163000,0.24
12/06/2019 12:02:09.628000,0.27
12/06/2019 12:04:10.049000,0.45
12/06/2019 12:06:09.641000,0.9
12/06/2019 12:08:09.867000,0.31
12/06/2019 12:10:09.627000,0.68
12/06/2019 12:12:10.079000,0.42
12/06/2019 12:14:09.625000,0.17
12/06/2019 12:16:09.858000,0.44
12/06/2019 12:18:09.644000,0.49
12/06/2019 12:20:09.858000,0.36
12/06/2019 12:22:09.965000,0.3
12/06/2019 12:24:10.018000,0.47
12/06/2019 12:26:10.094000,1.0
12/06/2019 12:28:09.857000,0.49
12/06/2019 12:30:09.876000,0.67
12/06/2019 12:32:09.872000,0.51
12/06/2019 12:34:09.963000,0.74
12/06/2019 12:36:09.671000,0.25
12/06/2019 12:38:09.621000,0.68
12/06/2019 12:40:10.386000,0.1
12/06/2019 12:42:10.015000,0.48
12/06/2019 12:44:09.979000,0.52
12/06/2019 12:46:09.634000,0.65
12/06/2019 12:48:09.882000,0.34
12/06/2019 12:50:09.957000,0.26
12/06/2019 12:52:09.621000,0.66
12/06/2019 12:54:09.849000,0.78
12/06/2019 12:56:09.840000,0.71
12/06/2019 12:58:10.027000,0.77
12/06/2019 13:00:09.644000,0.77
12/06/2019 13:02:10.147000,0.44
12/06/2019 13:04:09.884000,0.8
12/06/2019 13:06:10.135000,0.51
12/06/2019 13:08:09.877000,0.65
12/06/2019 13:10:09.618000,0.79
12/06/2019 13:12:09.886000,0.62
12/06/2019 13:14:09.623000,0.46
12/06/2019 13:16:10.094000,0.21
12/06/2019 13:20:10.005000,0.49
12/06/2019 13:22:09.955000,0.41
12/06/2019 13:24:10.076000,1.0
12/06/2019 13:26:10.039000,1.08
12/06/2019 13:28:09.887000,0.56
12/06/2019 13:30:10.028000,0.48
12/06/2019 13:32:09.865000,0.74
12/06/2019 13:34:10.120000,1.07
12/06/2019 13:36:09.943000,0.61
12/06/2019 13:38:10.014000,0.66
12/06/2019 13:40:09.974000,0.7
12/06/2019 13:42:09.945000,0.59
12/06/2019 13:44:09.925000,0.78
12/06/2019 13:46:09.871000,0.7
12/06/2019 13:48:09.847000,0.75
12/06/2019 13:50:09.987000,0.6
12/06/2019 13:52:10.121000,1.01
12/06/2019 13:54:09.605000,0.63
12/06/2019 13:56:10.065000,0.29
12/06/2019 13:58:09.858000,0.57
12/06/2019 14:00:09.921000,0.69
12/06/2019 14:02:09.833000,0.84
12/06/2019 14:04:09.630000,1.06
12/06/2019 14:06:10.001000,0.96
12/06/2019 14:08:09.942000,1.13
12/06/2019 14:10:10.058000,3.87
12/06/2019 14:12:09.609000,2.51
12/06/2019 14:14:09.657000,1.04
12/06/2019 14:16:09.840000,1.4
12/06/2019 14:18:10.018000,1.19
12/06/2019 14:20:10.228000,1.23
12/06/2019 14:22:09.938000,1.73
12/06/2019 14:24:09.871000,1.88
12/06/2019 14:26:09.979000,1.96
12/06/2019 14:28:09.943000,4.53
12/06/2019 14:30:09.838000,2.29
12/06/2019 14:32:09.624000,1.4
12/06/2019 14:34:09.962000,0.87
12/06/2019 14:36:10.073000,1.45
12/06/2019 14:38:09.646000,0.94
12/06/2019 14:40:10.274000,0.87
12/06/2019 14:42:10.024000,1.49
12/06/2019 14:44:09.855000,2.27
12/06/2019 14:46:09.930000,1.8
12/06/2019 14:50:09.827000,2.55
12/06/2019 14:52:09.957000,2.41
12/06/2019 14:54:09.620000,2.93
12/06/2019 14:56:09.611000,3.36
12/06/2019 14:58:09.831000,3.43
12/06/2019 15:00:09.620000,2.56
12/06/2019 15:04:09.952000,2.61
12/06/2019 15:06:13.413000,2.14
12/06/2019 15:08:09.839000,3.85
12/06/2019 15:10:10.124000,3.69
12/06/2019 15:12:09.942000,3.81
12/06/2019 15:14:09.608000,3.81
12/06/2019 15:16:10.052000,5.28
12/06/2019 15:18:09.954000,5.18
12/06/2019 15:20:09.887000,5.03
12/06/2019 15:22:09.874000,5.34
12/06/2019 15:24:09.635000,5.88
12/06/2019 15:26:10.010000,6.31
12/06/2019 15:28:09.827000,5.52
12/06/2019 15:30:09.954000,5.39
12/06/2019 15:32:09.836000,5.74
12/06/2019 15:34:09.636000,5.36
12/06/2019 15:36:10.014000,6.38
12/06/2019 15:38:09.939000,7.13
12/06/2019 15:40:10.231000,6.17
12/06/2019 15:42:10.014000,6.82
12/06/2019 15:44:09.630000,6.42
12/06/2019 15:46:09.626000,6.97
12/06/2019 15:48:09.652000,5.92
12/06/2019 15:50:09.951000,8.3
12/06/2019 15:52:09.954000,9.62
12/06/2019 15:54:10.026000,10.55
12/06/2019 15:56:10.000000,12.94
12/06/2019 16:00:10.050000,8.31
12/06/2019 16:02:09.965000,8.03
12/06/2019 16:04:09.855000,5.73
12/06/2019 16:06:09.861000,4.62
12/06/2019 16:10:09.943000,6.9
12/06/2019 16:12:09.868000,7.44
12/06/2019 16:14:09.854000,4.24
12/06/2019 16:16:09.985000,3.62
12/06/2019 16:18:10.155000,2.41
12/06/2019 16:20:09.872000,2.46
12/06/2019 16:22:10.001000,2.59
12/06/2019 16:24:09.890000,2.03
12/06/2019 16:26:10.154000,1.38
12/06/2019 16:28:10.087000,1.94
12/06/2019 16:30:09.658000,2.11
12/06/2019 16:34:10.013000,1.94
12/06/2019 16:36:10.102000,1.68
12/06/2019 16:38:09.920000,1.81
12/06/2019 16:40:10.657000,1.33
12/06/2019 16:42:09.965000,1.37
12/06/2019 16:44:10.239000,1.61
12/06/2019 16:46:09.921000,1.41
12/06/2019 16:48:09.960000,1.32
12/06/2019 16:50:09.865000,1.62
12/06/2019 16:52:09.848000,1.0
12/06/2019 16:54:09.609000,1.0
12/06/2019 16:56:09.982000,0.59
12/06/2019 16:58:09.642000,0.74
12/06/2019 17:00:10.064000,1.13
12/06/2019 17:02:09.957000,1.11
12/06/2019 17:04:10.010000,1.28
12/06/2019 17:06:10.085000,1.26
12/06/2019 17:08:09.610000,1.49
12/06/2019 17:10:10.052000,1.47
12/06/2019 17:12:09.948000,1.2
12/06/2019 17:14:09.604000,1.68
12/06/2019 17:18:09.952000,1.76
12/06/2019 17:20:10.039000,1.19
12/06/2019 17:22:09.842000,1.49
12/06/2019 17:24:09.934000,1.53
12/06/2019 17:28:09.602000,1.32
12/06/2019 17:30:09.818000,1.13
12/06/2019 17:34:09.826000,1.59
12/06/2019 17:36:10.040000,1.36
12/06/2019 17:40:11.297000,1.26
12/06/2019 17:42:09.944000,1.27
12/06/2019 17:44:09.611000,1.39
12/06/2019 17:46:09.971000,1.37
12/06/2019 17:48:09.947000,2.0
12/06/2019 17:50:10.045000,1.42
12/06/2019 17:52:09.829000,1.34
12/06/2019 17:54:10.035000,1.39
12/06/2019 17:56:09.736000,2.18
12/06/2019 17:58:10.017000,3.3
12/06/2019 18:00:09.856000,3.36
12/06/2019 18:02:10.019000,3.17
12/06/2019 18:04:10.055000,3.57
12/06/2019 18:06:09.853000,3.04
12/06/2019 18:08:09.613000,2.63
12/06/2019 18:10:09.985000,3.39
12/06/2019 18:12:09.844000,3.11
12/06/2019 18:14:09.608000,3.43
12/06/2019 18:16:10.011000,3.25
12/06/2019 18:18:09.971000,3.14
12/06/2019 18:20:09.823000,3.35
12/06/2019 18:22:09.949000,3.37
12/06/2019 18:24:09.822000,3.65
12/06/2019 18:26:09.599000,3.53
12/06/2019 18:28:10.085000,3.9
12/06/2019 18:30:09.954000,3.16
12/06/2019 18:32:09.607000,3.27
12/06/2019 18:34:09.936000,3.12
12/06/2019 18:36:09.853000,2.97
12/06/2019 18:38:09.827000,3.21
12/06/2019 18:40:10.449000,3.21
12/06/2019 18:42:09.934000,3.54
12/06/2019 18:44:10.047000,3.69
12/06/2019 18:46:09.969000,4.2
12/06/2019 18:48:09.847000,3.38
12/06/2019 18:50:10.061000,3.84
12/06/2019 18:52:09.819000,3.5
12/06/2019 18:54:09.585000,3.33
12/06/2019 18:56:09.963000,4.12
12/06/2019 19:00:09.664000,4.35
12/06/2019 19:02:10.016000,4.14
12/06/2019 19:04:09.972000,4.43
12/06/2019 19:06:09.985000,4.74
12/06/2019 19:08:10.037000,4.16
12/06/2019 19:10:09.617000,4.46
12/06/2019 19:12:09.948000,4.47
12/06/2019 19:14:10.044000,4.32
12/06/2019 19:16:09.997000,4.3
12/06/2019 19:18:09.664000,4.61
12/06/2019 19:20:10.056000,4.17
12/06/2019 19:22:09.831000,4.6
12/06/2019 19:24:09.602000,4.53
12/06/2019 19:26:09.604000,4.31
12/06/2019 19:30:09.606000,4.03
12/06/2019 19:32:09.874000,4.79
12/06/2019 19:34:10.006000,6.16
12/06/2019 19:36:09.607000,4.94
12/06/2019 19:40:09.962000,5.04
12/06/2019 19:42:09.618000,5.01
12/06/2019 19:44:10.084000,5.06
12/06/2019 19:46:10.037000,5.62
12/06/2019 19:48:10.082000,5.22
12/06/2019 19:50:09.838000,6.28
12/06/2019 19:52:09.924000,5.49
12/06/2019 19:54:10.046000,4.8
12/06/2019 19:56:10.095000,5.17
12/06/2019 19:58:09.598000,4.81
12/06/2019 20:00:10.015000,5.24
12/06/2019 20:02:09.986000,6.07
12/06/2019 20:04:09.586000,5.86
12/06/2019 20:06:10.109000,5.7
12/06/2019 20:08:09.607000,5.63
12/06/2019 20:10:09.937000,6.12
12/06/2019 20:12:09.818000,6.0
12/06/2019 20:14:09.637000,6.18
12/06/2019 20:16:10.108000,6.69
12/06/2019 20:18:09.933000,6.16
12/06/2019 20:20:09.985000,5.92
12/06/2019 20:22:09.640000,5.83
12/06/2019 20:24:09.617000,6.19
12/06/2019 20:26:10.004000,6.34
12/06/2019 20:28:10.050000,6.39
12/06/2019 20:30:10.054000,6.12
12/06/2019 20:32:09.933000,6.48
12/06/2019 20:36:09.593000,5.94
12/06/2019 20:38:09.857000,6.71
12/06/2019 20:42:09.620000,6.07
12/06/2019 20:44:10.088000,6.32
12/06/2019 20:46:09.826000,6.73
12/06/2019 20:48:09.970000,6.79
12/06/2019 20:50:09.878000,5.85
12/06/2019 20:52:10.108000,5.8
12/06/2019 20:54:09.982000,6.24
12/06/2019 20:56:09.822000,6.81
12/06/2019 20:58:10.023000,18.37
12/06/2019 21:00:09.964000,18.63
12/06/2019 21:02:09.994000,12.42
12/06/2019 21:04:11.330000,10.96
12/06/2019 21:06:09.734000,7.46
12/06/2019 21:08:09.819000,9.19
12/06/2019 21:10:09.931000,8.68
12/06/2019 21:12:09.627000,8.06
12/06/2019 21:14:10.821000,7.86
12/06/2019 21:16:09.621000,7.04
12/06/2019 21:18:09.883000,7.3
12/06/2019 21:20:10.004000,7.39
12/06/2019 21:22:10.037000,7.41
12/06/2019 21:24:09.884000,7.32
12/06/2019 21:28:09.607000,7.74
12/06/2019 21:30:09.962000,7.4
12/06/2019 21:32:10.060000,7.51
12/06/2019 21:34:10.005000,7.38
12/06/2019 21:36:09.942000,7.21
12/06/2019 21:38:09.842000,7.36
12/06/2019 21:40:10.271000,7.6
12/06/2019 21:42:09.825000,6.12
12/06/2019 21:44:10.006000,6.7
12/06/2019 21:46:10.077000,7.36
12/06/2019 21:48:09.635000,6.84
12/06/2019 21:50:10.027000,7.87
12/06/2019 21:52:09.973000,6.83
12/06/2019 21:54:09.997000,7.51
12/06/2019 21:56:09.842000,6.58
12/06/2019 22:00:09.856000,7.69
12/06/2019 22:02:09.648000,7.48
12/06/2019 22:04:09.829000,7.54
12/06/2019 22:06:10.026000,6.68
12/06/2019 22:08:10.073000,6.99
12/06/2019 22:10:10.022000,7.67
12/06/2019 22:12:09.622000,7.71
12/06/2019 22:14:09.834000,7.86
12/06/2019 22:16:10.152000,7.74
12/06/2019 22:18:09.619000,8.09
12/06/2019 22:20:10.072000,8.59
12/06/2019 22:22:09.961000,8.2
12/06/2019 22:24:09.954000,7.45
12/06/2019 22:26:10.136000,7.63
12/06/2019 22:28:09.943000,7.13
12/06/2019 22:30:10.149000,8.06
12/06/2019 22:32:10.045000,7.87
12/06/2019 22:34:09.999000,7.33
12/06/2019 22:36:09.962000,6.54
12/06/2019 22:40:10.632000,6.62
12/06/2019 22:42:09.925000,6.07
12/06/2019 22:44:09.981000,6.59
12/06/2019 22:48:09.603000,5.7
12/06/2019 22:50:10.018000,5.51
12/06/2019 22:52:09.913000,5.83
12/06/2019 22:54:10.088000,6.04
12/06/2019 22:56:10.035000,5.65
12/06/2019 23:00:09.607000,5.8
12/06/2019 23:02:09.825000,6.77
12/06/2019 23:04:09.644000,6.6
12/06/2019 23:06:09.598000,6.43
12/06/2019 23:08:09.627000,7.11
12/06/2019 23:10:09.595000,9.31
12/06/2019 23:12:09.843000,7.71
12/06/2019 23:14:09.989000,8.3
12/06/2019 23:16:10.007000,9.17
12/06/2019 23:18:09.625000,6.33
12/06/2019 23:20:09.645000,6.71
12/06/2019 23:22:10.128000,6.71
12/06/2019 23:24:10.031000,7.87
12/06/2019 23:26:09.948000,7.97
12/06/2019 23:30:09.958000,16.16
12/06/2019 23:32:09.929000,17.06
12/06/2019 23:34:10.014000,13.51
12/06/2019 23:36:10.008000,11.31
12/06/2019 23:38:10.187000,14.94
12/06/2019 23:40:10.554000,14.03
12/06/2019 23:42:09.890000,14.75
12/06/2019 23:44:09.858000,14.62
12/06/2019 23:46:10.131000,12.37
12/06/2019 23:48:09.606000,13.25
12/06/2019 23:50:09.991000,13.87
12/06/2019 23:52:09.610000,14.03
12/06/2019 23:54:09.884000,14.32
12/06/2019 23:56:09.626000,12.84
12/06/2019 23:58:09.993000,10.48
12/07/2019 00:02:09.596000,9.99
12/07/2019 00:04:09.624000,8.71
12/07/2019 00:06:09.621000,8.94
12/07/2019 00:08:10.087000,10.0
12/07/2019 00:10:09.644000,9.65
12/07/2019 00:12:09.944000,10.39
12/07/2019 00:16:09.636000,8.93
12/07/2019 00:20:16.892000,9.19
12/07/2019 00:22:10.112000,10.0
12/07/2019 00:24:09.877000,10.93
12/07/2019 00:26:10.047000,10.39
12/07/2019 00:28:10.034000,10.01
12/07/2019 00:30:09.954000,10.71
12/07/2019 00:32:10.053000,11.64
12/07/2019 00:34:09.623000,11.41
12/07/2019 00:36:09.979000,10.29
12/07/2019 00:40:10.229000,10.12
12/07/2019 00:42:09.643000,11.1
12/07/2019 00:44:10.023000,10.28
12/07/2019 00:46:10.083000,11.25
12/07/2019 00:50:09.956000,11.64
12/07/2019 00:52:09.943000,11.5
12/07/2019 00:54:09.953000,11.19
12/07/2019 00:56:10.111000,12.3
12/07/2019 00:58:09.988000,11.29
12/07/2019 01:00:09.921000,12.0
12/07/2019 01:02:10.038000,12.96
12/07/2019 01:04:10.055000,12.9
12/07/2019 01:06:10.018000,12.61
12/07/2019 01:08:10.034000,12.13
12/07/2019 01:10:09.968000,12.31
12/07/2019 01:12:09.620000,13.18
12/07/2019 01:14:09.642000,14.49
12/07/2019 01:16:09.883000,12.74
12/07/2019 01:18:10.018000,13.63
12/07/2019 01:20:09.658000,12.67
12/07/2019 01:22:10.035000,11.4
12/07/2019 01:24:09.937000,10.7
12/07/2019 01:26:09.936000,15.54
12/07/2019 01:28:09.653000,14.2
12/07/2019 01:30:12.937000,12.32
12/07/2019 01:32:09.852000,13.84
12/07/2019 01:34:09.985000,13.42
12/07/2019 01:38:09.621000,11.22
12/07/2019 01:40:10.384000,11.32
12/07/2019 01:42:10.125000,12.53
12/07/2019 01:44:09.924000,14.01
12/07/2019 01:46:09.984000,14.74
12/07/2019 01:48:09.865000,15.06
12/07/2019 01:50:09.616000,14.72
12/07/2019 01:52:09.916000,13.96
12/07/2019 01:54:09.641000,14.81
12/07/2019 01:56:09.821000,13.7
12/07/2019 02:00:10.024000,14.78
12/07/2019 02:02:09.627000,14.66
12/07/2019 02:04:09.954000,14.54
12/07/2019 02:06:09.627000,13.97
12/07/2019 02:08:10.027000,13.04
12/07/2019 02:10:09.956000,14.0
12/07/2019 02:12:09.859000,13.11
12/07/2019 02:14:09.819000,12.51
12/07/2019 02:16:09.927000,13.68
12/07/2019 02:18:09.938000,14.2
12/07/2019 02:20:10.098000,14.13
12/07/2019 02:22:10.063000,14.04
12/07/2019 02:24:09.862000,14.45
12/07/2019 02:26:09.969000,14.94
12/07/2019 02:28:10.690000,17.64
12/07/2019 02:30:09.920000,17.1
12/07/2019 02:32:09.639000,14.83
12/07/2019 02:34:10.123000,14.89
12/07/2019 02:36:09.928000,13.24
12/07/2019 02:38:09.598000,14.04
12/07/2019 02:40:10.468000,12.51
12/07/2019 02:42:09.629000,13.01
12/07/2019 02:44:09.996000,13.88
12/07/2019 02:46:10.016000,15.11
12/07/2019 02:50:09.837000,16.48
12/07/2019 02:52:11.050000,13.39
12/07/2019 02:54:09.965000,14.26
12/07/2019 02:56:09.878000,14.91
12/07/2019 02:58:09.949000,16.39
12/07/2019 03:00:09.840000,18.74
12/07/2019 03:02:09.613000,18.39
12/07/2019 03:04:10.003000,17.43
12/07/2019 03:06:09.991000,16.2
12/07/2019 03:08:11.035000,15.31
12/07/2019 03:10:09.950000,16.93
12/07/2019 03:12:09.961000,16.6
12/07/2019 03:14:09.926000,16.36
12/07/2019 03:16:09.714000,16.56
12/07/2019 03:18:09.627000,15.91
12/07/2019 03:20:09.738000,16.69
12/07/2019 03:22:10.102000,15.85
12/07/2019 03:24:09.604000,15.9
12/07/2019 03:26:09.989000,16.93
12/07/2019 03:28:09.816000,16.55
12/07/2019 03:30:10.047000,16.15
12/07/2019 03:32:10.041000,16.38
12/07/2019 03:34:09.593000,17.1
12/07/2019 03:36:09.846000,16.55
12/07/2019 03:38:09.967000,16.82
12/07/2019 03:40:10.279000,16.93
12/07/2019 03:44:09.848000,16.96
12/07/2019 03:46:09.975000,17.21
12/07/2019 03:48:09.858000,18.11
12/07/2019 03:50:09.945000,18.64
12/07/2019 03:52:10.072000,17.57
12/07/2019 03:54:09.946000,18.94
12/07/2019 03:56:10.145000,18.07
12/07/2019 03:58:09.842000,18.13
12/07/2019 04:02:09.917000,20.29
12/07/2019 04:04:09.964000,18.63
12/07/2019 04:06:10.029000,19.28
12/07/2019 04:08:09.614000,22.11
12/07/2019 04:10:10.039000,24.97
12/07/2019 04:12:09.613000,24.25
12/07/2019 04:14:09.910000,26.06
12/07/2019 04:16:09.617000,24.32
12/07/2019 04:18:10.006000,24.42
12/07/2019 04:20:09.814000,26.06
12/07/2019 04:22:09.950000,25.46
12/07/2019 04:24:09.809000,25.44
12/07/2019 04:28:10.004000,25.03
12/07/2019 04:30:09.587000,27.35
12/07/2019 04:32:09.969000,23.9
12/07/2019 04:34:10.078000,23.64
12/07/2019 04:36:09.631000,25.1
12/07/2019 04:38:09.614000,23.82
12/07/2019 04:40:10.275000,23.21
12/07/2019 04:42:09.820000,23.91
12/07/2019 04:44:09.590000,22.72
12/07/2019 04:46:09.601000,21.97
12/07/2019 04:48:09.800000,22.69
12/07/2019 04:50:10.052000,24.89
12/07/2019 04:52:09.604000,23.41
12/07/2019 04:54:09.940000,24.73
12/07/2019 04:56:10.006000,24.53
12/07/2019 05:00:10.858000,23.38
12/07/2019 05:02:09.964000,23.18
12/07/2019 05:04:10.004000,21.49
12/07/2019 05:06:09.924000,25.62
12/07/2019 05:08:09.572000,26.04
12/07/2019 05:12:09.987000,25.72
12/07/2019 05:14:09.972000,26.42
12/07/2019 05:16:09.950000,27.06
12/07/2019 05:18:09.912000,26.6
12/07/2019 05:20:09.982000,28.49
12/07/2019 05:22:09.583000,28.09
12/07/2019 05:24:09.905000,27.26
12/07/2019 05:28:09.859000,27.01
12/07/2019 05:30:09.912000,28.53
12/07/2019 05:32:09.831000,26.3
12/07/2019 05:36:09.571000,17.63
12/07/2019 05:38:09.591000,20.04
12/07/2019 05:40:09.998000,21.74
12/07/2019 05:42:09.947000,20.67
12/07/2019 05:44:09.839000,20.09
12/07/2019 05:46:09.925000,19.46
12/07/2019 05:48:09.966000,19.77
12/07/2019 05:50:09.961000,21.09
12/07/2019 05:52:09.598000,21.15
12/07/2019 05:54:10.002000,20.22
12/07/2019 05:56:09.837000,19.01
12/07/2019 06:00:10.295000,18.21
12/07/2019 06:02:09.581000,18.53
12/07/2019 06:06:09.833000,27.54
12/07/2019 06:08:09.846000,30.21
12/07/2019 06:10:09.838000,29.91
12/07/2019 06:12:09.892000,31.41
12/07/2019 06:14:10.008000,32.89
12/07/2019 06:16:09.918000,32.87
12/07/2019 06:18:09.577000,34.15
12/07/2019 06:20:09.917000,31.96
12/07/2019 06:22:09.571000,31.3
12/07/2019 06:24:09.981000,28.99
12/07/2019 06:26:09.591000,26.3
12/07/2019 06:28:10.773000,25.0
12/07/2019 06:32:09.823000,24.87
12/07/2019 06:34:09.993000,24.43
12/07/2019 06:36:09.801000,21.43
12/07/2019 06:38:10.060000,19.0
12/07/2019 06:40:10.298000,20.38
12/07/2019 06:42:09.583000,18.96
12/07/2019 06:44:10.068000,17.84
12/07/2019 06:46:09.945000,15.12
12/07/2019 06:50:09.824000,11.78
12/07/2019 06:52:09.588000,16.65
12/07/2019 06:54:09.798000,14.26
12/07/2019 06:56:09.587000,12.53
12/07/2019 06:58:09.929000,14.76
12/07/2019 07:00:09.952000,14.43
12/07/2019 07:02:09.925000,13.24
12/07/2019 07:04:09.931000,11.34
12/07/2019 07:06:10.000000,11.01
12/07/2019 07:10:09.824000,15.06
12/07/2019 07:12:09.592000,11.71
12/07/2019 07:14:10.236000,11.54
12/07/2019 07:16:09.974000,11.94
12/07/2019 07:18:09.918000,12.2
12/07/2019 07:20:09.913000,12.44
12/07/2019 07:22:09.575000,11.84
12/07/2019 07:24:09.902000,11.74
12/07/2019 07:26:09.945000,12.76
12/07/2019 07:28:09.802000,11.19
12/07/2019 07:32:09.566000,10.21
12/07/2019 07:34:09.585000,9.96
12/07/2019 07:36:09.730000,9.85
12/07/2019 07:38:09.993000,11.07
12/07/2019 07:40:10.142000,12.54
12/07/2019 07:42:09.597000,10.35
12/07/2019 07:44:09.586000,9.6
12/07/2019 07:46:09.795000,10.23
12/07/2019 07:48:09.952000,8.9
12/07/2019 07:50:09.774000,7.62
12/07/2019 07:52:09.577000,7.78
12/07/2019 07:54:09.554000,6.87
12/07/2019 07:56:09.832000,6.57
12/07/2019 08:00:09.569000,7.73
12/07/2019 08:02:09.814000,4.96
12/07/2019 08:04:09.803000,5.48
12/07/2019 08:06:09.779000,6.04
12/07/2019 08:08:09.917000,6.03
12/07/2019 08:10:09.985000,6.1
12/07/2019 08:12:10.019000,5.96
12/07/2019 08:14:09.825000,4.45
12/07/2019 08:16:09.859000,4.49
12/07/2019 08:20:09.944000,3.35
12/07/2019 08:22:09.815000,2.07
12/07/2019 08:24:09.558000,1.69
12/07/2019 08:26:09.820000,1.71
12/07/2019 08:30:09.802000,1.04
12/07/2019 08:32:09.813000,1.22
12/07/2019 08:34:09.952000,1.28
12/07/2019 08:36:09.958000,1.07
12/07/2019 08:38:09.614000,0.59
12/07/2019 08:40:09.981000,0.72
12/07/2019 08:42:09.555000,0.84
12/07/2019 08:44:09.942000,1.11
12/07/2019 08:46:09.844000,1.0
12/07/2019 08:48:09.880000,1.06
12/07/2019 08:50:09.796000,1.39
12/07/2019 08:52:09.937000,0.7
12/07/2019 08:54:10.040000,1.13
12/07/2019 08:56:09.968000,1.09
12/07/2019 08:58:09.846000,1.22
12/07/2019 09:00:10.028000,1.24
12/07/2019 09:02:09.968000,0.78
12/07/2019 09:04:09.962000,0.94
12/07/2019 09:06:10.022000,1.08
12/07/2019 09:41:02.714000,1.45
12/07/2019 09:43:02.564000,1.22
12/07/2019 09:45:02.460000,1.09
12/07/2019 09:47:02.394000,1.4
12/07/2019 09:49:02.492000,1.66
12/07/2019 09:51:02.541000,1.36
12/07/2019 09:53:02.382000,1.41
12/07/2019 09:55:02.388000,0.81
12/07/2019 09:57:02.404000,1.13
12/07/2019 09:59:02.345000,1.14
12/07/2019 10:01:02.305000,1.37
12/07/2019 10:03:02.418000,1.26
12/07/2019 10:05:02.640000,1.13
12/07/2019 10:07:02.423000,1.1
12/07/2019 10:09:02.538000,1.59
12/07/2019 10:11:02.332000,1.46
12/07/2019 10:13:02.089000,1.04
12/07/2019 10:15:02.416000,1.2
12/07/2019 10:17:02.338000,1.09
12/07/2019 10:19:02.089000,1.36
12/07/2019 10:21:02.072000,1.36
12/07/2019 10:23:02.632000,1.16
12/07/2019 10:25:02.552000,1.43
12/07/2019 10:27:02.542000,1.79
12/07/2019 10:29:02.294000,1.5
12/07/2019 10:31:02.284000,1.18
12/07/2019 10:33:02.097000,1.54
12/07/2019 10:35:02.238000,1.83
12/07/2019 10:37:02.430000,1.47
12/07/2019 10:39:02.069000,1.5
12/07/2019 10:41:02.472000,2.49
12/07/2019 10:43:02.553000,1.75
12/07/2019 10:45:02.391000,3.25
12/07/2019 10:47:02.102000,2.91
12/07/2019 10:49:02.463000,3.36
12/07/2019 10:51:02.388000,3.87
12/07/2019 10:53:02.384000,4.07
12/07/2019 10:55:02.120000,3.71
12/07/2019 10:57:02.391000,5.1
12/07/2019 10:59:02.476000,5.19
12/07/2019 11:01:02.079000,5.13
12/07/2019 11:03:02.531000,5.85
12/07/2019 11:05:02.546000,5.84
12/07/2019 11:07:02.469000,5.63
12/07/2019 11:09:02.085000,5.42
12/07/2019 11:11:02.311000,8.54
12/07/2019 11:13:02.383000,8.69
12/07/2019 11:15:02.453000,8.73
12/07/2019 11:17:02.517000,9.42
12/07/2019 11:19:02.406000,9.56
12/07/2019 11:21:02.283000,9.78
12/07/2019 11:23:02.542000,10.9
12/07/2019 11:25:04.931000,10.99
12/07/2019 11:27:02.458000,10.51
12/07/2019 11:29:02.458000,11.07
12/07/2019 11:31:02.304000,10.58
12/07/2019 11:33:02.287000,10.33
12/07/2019 11:35:02.321000,10.83
12/07/2019 11:37:02.375000,9.51
12/07/2019 11:39:02.444000,11.87
12/07/2019 11:41:02.701000,13.69
12/07/2019 11:43:02.337000,13.91
12/07/2019 11:45:02.455000,13.1
12/07/2019 11:47:02.309000,13.22
12/07/2019 11:49:02.324000,13.49
12/07/2019 11:51:02.417000,14.52
12/07/2019 11:53:02.461000,17.29
12/07/2019 11:55:02.532000,19.88
12/07/2019 11:57:02.472000,17.91
12/07/2019 11:59:02.483000,18.84
12/07/2019 12:01:02.524000,18.79
12/07/2019 12:03:02.451000,18.05
12/07/2019 12:05:02.446000,18.55
12/07/2019 12:07:02.446000,17.39
12/07/2019 12:09:02.502000,17.2
12/07/2019 12:11:02.489000,17.54
12/07/2019 12:13:02.274000,16.99
12/07/2019 12:15:02.071000,17.2
12/07/2019 12:17:02.069000,15.83
12/07/2019 12:19:02.551000,14.54
12/07/2019 12:21:02.079000,14.22
12/07/2019 12:23:02.281000,14.46
12/07/2019 12:25:02.296000,14.97
12/07/2019 12:27:02.120000,13.39
12/07/2019 12:29:02.438000,12.5
12/07/2019 12:31:02.429000,11.04
12/07/2019 12:33:02.397000,9.89
12/07/2019 12:35:02.363000,8.46
12/07/2019 12:37:02.928000,8.0
12/07/2019 12:39:02.442000,8.96
12/07/2019 12:41:02.687000,8.07
12/07/2019 12:43:02.450000,6.38
12/07/2019 12:45:02.139000,6.81
12/07/2019 12:47:02.305000,6.1
12/07/2019 12:49:02.489000,6.09
12/07/2019 12:51:02.519000,5.83
12/07/2019 12:53:02.404000,5.35
12/07/2019 12:55:02.387000,5.57
12/07/2019 12:57:02.129000,5.62
12/07/2019 12:59:02.525000,5.47
12/07/2019 13:01:02.416000,6.3
12/07/2019 13:03:02.371000,5.53
12/07/2019 13:05:02.238000,5.15
12/07/2019 13:07:02.508000,6.17
12/07/2019 13:09:02.060000,7.47
12/07/2019 13:11:02.337000,6.75
12/07/2019 13:13:02.342000,6.01
12/07/2019 13:15:02.312000,6.63
12/07/2019 13:17:02.392000,7.03
12/07/2019 13:19:02.333000,6.47
12/07/2019 13:21:02.377000,7.39
12/07/2019 13:23:02.362000,6.75
12/07/2019 13:25:02.344000,5.91
12/07/2019 13:27:02.275000,7.06
12/07/2019 13:29:02.396000,8.5
12/07/2019 13:31:02.414000,7.6
12/07/2019 13:33:02.127000,7.71
12/07/2019 13:35:02.549000,7.47
12/07/2019 13:37:02.450000,8.23
12/07/2019 13:39:02.057000,8.36
12/07/2019 13:41:02.664000,12.2
12/07/2019 13:43:02.517000,10.37
12/07/2019 13:45:02.555000,7.78
12/07/2019 13:47:02.038000,8.13
12/07/2019 13:49:02.052000,9.51
12/07/2019 13:51:02.438000,9.49
12/07/2019 13:53:02.394000,8.71
12/07/2019 13:55:02.041000,8.34
12/07/2019 13:57:02.373000,11.17
12/07/2019 13:59:02.430000,10.39
12/07/2019 14:01:02.068000,9.1
12/07/2019 14:03:02.331000,12.34
12/07/2019 14:05:02.531000,8.63
12/07/2019 14:07:02.058000,11.03
12/07/2019 14:09:02.518000,9.07
12/07/2019 14:11:02.442000,8.37
12/07/2019 14:13:02.514000,9.21
12/07/2019 14:15:02.451000,9.04
12/07/2019 14:17:02.119000,10.37
12/07/2019 14:19:02.428000,10.24
12/07/2019 14:21:02.046000,13.85
12/07/2019 14:23:02.069000,10.61
12/07/2019 14:25:02.298000,13.84
12/07/2019 14:27:02.404000,15.27
12/07/2019 14:29:02.398000,10.84
12/07/2019 14:31:02.079000,12.8
12/07/2019 14:33:02.306000,13.23
12/07/2019 14:35:02.718000,11.82
12/07/2019 14:37:02.528000,13.18
12/07/2019 14:39:02.427000,12.94
12/07/2019 14:41:02.803000,13.61
12/07/2019 14:43:02.270000,11.82
12/07/2019 14:45:02.229000,15.36
12/07/2019 14:47:02.043000,12.21
12/07/2019 14:49:02.281000,13.96
12/07/2019 14:51:02.442000,14.94
12/07/2019 14:53:02.035000,14.71
12/07/2019 14:55:02.139000,12.0
12/07/2019 14:57:02.386000,13.76
12/07/2019 14:59:02.314000,13.32
12/07/2019 15:01:02.383000,15.28
12/07/2019 15:03:02.514000,16.57
12/07/2019 15:05:02.615000,14.97
12/07/2019 15:07:02.376000,15.3
12/07/2019 15:09:02.287000,15.88
12/07/2019 15:11:02.254000,14.78
12/07/2019 15:13:02.132000,16.74
12/07/2019 15:15:02.118000,14.53
12/07/2019 15:17:02.437000,17.16
12/07/2019 15:19:02.358000,16.37
12/07/2019 15:21:02.428000,15.29
12/07/2019 15:23:02.437000,14.45
12/07/2019 15:25:02.038000,16.74
12/07/2019 15:27:02.066000,14.91
12/07/2019 15:29:02.448000,20.97
12/07/2019 15:31:02.331000,21.75
12/07/2019 15:33:02.288000,20.04
12/07/2019 15:35:02.338000,20.42
12/07/2019 15:37:02.335000,19.08
12/07/2019 15:39:02.486000,19.85
12/07/2019 15:41:02.925000,18.24
12/07/2019 15:43:02.339000,16.32
12/07/2019 15:45:02.391000,17.18
12/07/2019 15:47:02.520000,16.3
12/07/2019 15:49:02.407000,15.79
12/07/2019 15:51:02.394000,16.6
12/07/2019 15:53:02.414000,16.93
12/07/2019 15:55:02.156000,14.93
12/07/2019 15:57:02.509000,17.15
12/07/2019 15:59:02.397000,15.77
12/07/2019 16:01:02.455000,15.06
12/07/2019 16:03:02.529000,16.68
12/07/2019 16:05:02.465000,14.62
12/07/2019 16:07:02.356000,15.99
12/07/2019 16:09:02.438000,17.88
12/07/2019 16:11:02.465000,16.91
12/07/2019 16:13:02.083000,14.49
12/07/2019 16:15:02.399000,14.51
12/07/2019 16:17:02.326000,14.87
12/07/2019 16:19:02.519000,15.4
12/07/2019 16:21:02.398000,12.0
12/07/2019 16:23:02.554000,13.35
12/07/2019 16:25:02.378000,13.04
12/07/2019 16:27:02.320000,13.19
12/07/2019 16:29:02.471000,13.54
12/07/2019 16:31:02.472000,12.83
12/07/2019 16:33:02.471000,12.29
12/07/2019 16:35:02.080000,12.54
12/07/2019 16:37:02.445000,13.25
12/07/2019 16:39:02.543000,13.75
12/07/2019 16:41:02.951000,14.1
12/07/2019 16:43:02.314000,13.85
12/07/2019 16:45:02.421000,14.65
12/07/2019 16:47:02.227000,13.25
12/07/2019 16:49:02.397000,13.99
12/07/2019 16:51:02.518000,14.76
12/07/2019 16:53:02.446000,15.33
12/07/2019 16:55:02.112000,17.0
12/07/2019 16:57:02.602000,17.38
12/07/2019 16:59:02.458000,18.38
12/07/2019 17:01:02.409000,18.77
12/07/2019 17:03:02.546000,18.12
12/07/2019 17:05:02.484000,19.7
12/07/2019 17:07:02.394000,19.64
12/07/2019 17:09:02.370000,22.34
12/07/2019 17:11:02.434000,22.72
12/07/2019 17:13:02.290000,22.09
12/07/2019 17:15:02.394000,19.86
12/07/2019 17:17:02.432000,18.42
12/07/2019 17:19:02.282000,18.79
12/07/2019 17:21:02.417000,14.69
12/07/2019 17:23:02.841000,13.43
12/07/2019 17:25:02.438000,10.16
12/07/2019 17:27:02.400000,8.43
12/07/2019 17:29:02.517000,6.29
12/07/2019 17:31:02.401000,4.48
12/07/2019 17:33:02.512000,5.91
12/07/2019 17:35:02.544000,3.52
12/07/2019 17:37:02.302000,5.21
12/07/2019 17:39:02.107000,2.56
12/07/2019 17:41:02.837000,0.2
12/07/2019 17:43:02.364000,1.9
12/07/2019 17:45:02.463000,2.31
12/07/2019 17:47:02.094000,2.96
12/07/2019 17:49:02.456000,2.1
12/07/2019 17:51:02.296000,1.82
12/07/2019 17:53:02.118000,2.74
12/07/2019 17:55:02.439000,2.23
12/07/2019 17:57:02.627000,1.76
12/07/2019 17:59:02.318000,1.46
12/07/2019 18:01:02.443000,0.13
12/07/2019 18:03:02.448000,0.47
12/07/2019 18:05:02.073000,0.27
12/07/2019 18:07:02.451000,0.0
12/07/2019 18:09:02.372000,0.0
12/07/2019 18:11:02.544000,0.0
12/07/2019 18:13:02.418000,0.0
12/07/2019 18:15:02.144000,0.0
12/07/2019 18:17:02.405000,0.0
12/07/2019 18:19:02.317000,0.0
12/07/2019 18:21:02.367000,0.0
12/07/2019 18:23:02.450000,0.0
12/07/2019 18:25:02.469000,0.0
12/07/2019 18:27:02.535000,0.0
12/07/2019 18:29:02.408000,0.0
12/07/2019 18:31:02.403000,0.0
12/07/2019 18:33:02.308000,0.0
12/07/2019 18:35:02.138000,0.0
12/07/2019 18:37:02.400000,0.0
12/07/2019 18:39:02.589000,0.0
12/07/2019 18:41:02.931000,0.0
12/07/2019 18:43:02.445000,0.0
12/07/2019 18:45:02.427000,0.0
12/07/2019 18:47:02.314000,0.0
12/07/2019 18:49:02.468000,0.0
12/07/2019 18:51:02.063000,0.0
12/07/2019 18:53:02.650000,0.0
12/07/2019 18:55:02.088000,0.0
12/07/2019 18:57:02.478000,0.0
12/07/2019 18:59:02.126000,0.0
12/07/2019 19:01:02.092000,0.0
12/07/2019 19:03:02.104000,0.0
12/07/2019 19:05:02.520000,0.0
12/07/2019 19:07:02.152000,0.0
12/07/2019 19:09:02.088000,0.0
12/07/2019 19:11:02.452000,0.0
12/07/2019 19:13:02.324000,0.0
12/07/2019 19:15:02.483000,0.0
12/07/2019 19:17:02.073000,0.0
12/07/2019 19:19:02.496000,0.0
12/07/2019 19:21:02.579000,0.0
12/07/2019 19:23:02.296000,0.0
12/07/2019 19:25:02.445000,0.0
12/07/2019 19:27:02.380000,0.0
12/07/2019 19:29:02.097000,0.0
12/07/2019 19:31:02.454000,0.0
12/07/2019 19:33:02.467000,0.0
12/07/2019 19:35:02.131000,0.0
12/07/2019 19:37:03.696000,0.0
12/07/2019 19:39:02.605000,0.0
12/07/2019 19:41:02.740000,0.0
12/07/2019 19:43:02.062000,0.0
12/07/2019 19:45:02.341000,0.0
12/07/2019 19:47:02.291000,0.0
12/07/2019 19:49:02.442000,0.0
12/07/2019 19:51:02.093000,0.0
12/07/2019 19:53:02.414000,0.0
12/07/2019 19:55:02.099000,0.0
12/07/2019 19:57:02.457000,0.0
12/07/2019 19:59:03.029000,0.0
12/07/2019 20:01:02.460000,0.0
12/07/2019 20:03:02.112000,0.0
12/07/2019 20:05:02.536000,0.0
12/07/2019 20:07:02.455000,0.0
12/07/2019 20:09:02.476000,0.0
12/07/2019 20:11:02.515000,0.0
12/07/2019 20:13:02.146000,0.0
12/07/2019 20:15:02.431000,0.0
12/07/2019 20:17:02.138000,0.0
12/07/2019 20:19:02.113000,0.0
12/07/2019 20:21:02.590000,0.0
12/07/2019 20:23:02.097000,0.0
12/07/2019 20:25:02.457000,0.0
12/07/2019 20:27:02.128000,0.0
12/07/2019 20:29:02.069000,0.0
12/07/2019 20:31:02.411000,0.0
12/07/2019 20:33:02.386000,0.0
12/07/2019 20:35:02.412000,0.0
12/07/2019 20:37:02.464000,0.0
12/07/2019 20:39:02.160000,0.0
12/07/2019 20:41:02.841000,0.0
12/07/2019 20:43:02.361000,0.0
12/07/2019 20:45:02.420000,0.0
12/07/2019 20:47:02.212000,0.0
12/07/2019 20:49:02.379000,0.0
12/07/2019 20:51:02.137000,0.0
12/07/2019 20:53:02.062000,0.0
12/07/2019 20:55:02.527000,0.73
12/07/2019 20:57:02.333000,3.4
12/07/2019 20:59:02.415000,3.9
12/07/2019 21:01:02.520000,3.93
12/07/2019 21:03:02.085000,3.27
12/07/2019 21:05:02.556000,2.99
12/07/2019 21:07:02.443000,3.01
12/07/2019 21:09:02.516000,3.09
12/07/2019 21:11:02.414000,3.26
12/07/2019 21:13:02.065000,2.8
12/07/2019 21:15:02.834000,2.97
12/07/2019 21:17:02.458000,2.62
12/07/2019 21:19:02.557000,2.36
12/07/2019 21:21:02.524000,1.68
12/07/2019 21:23:02.494000,2.35
12/07/2019 21:25:02.487000,1.59
12/07/2019 21:27:02.419000,0.14
12/07/2019 21:29:02.656000,0.0
12/07/2019 21:31:02.339000,0.0
12/07/2019 21:33:02.287000,0.0
12/07/2019 21:35:02.067000,0.0
12/07/2019 21:37:02.462000,0.0
12/07/2019 21:39:02.491000,0.0
12/07/2019 21:41:02.837000,0.0
12/07/2019 21:43:02.456000,0.0
12/07/2019 21:45:02.325000,0.0
12/07/2019 21:47:02.382000,0.0
12/07/2019 21:49:02.392000,0.91
12/07/2019 21:51:02.082000,1.7
12/07/2019 21:53:02.446000,1.49
12/07/2019 21:55:02.530000,1.4
12/07/2019 21:57:02.159000,1.62
12/07/2019 21:59:02.317000,0.72
12/07/2019 22:01:02.447000,0.46
12/07/2019 22:03:02.424000,0.74
12/07/2019 22:05:02.424000,0.3
12/07/2019 22:07:02.394000,0.91
12/07/2019 22:11:02.376000,0.81
12/07/2019 22:13:02.062000,0.67
12/07/2019 22:15:02.511000,0.78
12/07/2019 22:17:02.509000,1.13
12/07/2019 22:19:02.405000,0.85
12/07/2019 22:21:02.393000,0.61
12/07/2019 22:23:02.290000,0.42
12/07/2019 22:25:02.830000,0.79
12/07/2019 22:27:02.058000,0.97
12/07/2019 22:29:02.384000,1.04
12/07/2019 22:31:02.412000,0.67
12/07/2019 22:33:02.442000,0.97
12/07/2019 22:35:02.064000,1.03
12/07/2019 22:37:02.456000,0.94
12/07/2019 22:39:02.454000,0.62
12/07/2019 22:41:02.857000,0.96
12/07/2019 22:43:02.371000,1.01
12/07/2019 22:45:02.532000,0.9
12/07/2019 22:47:02.299000,0.31
12/07/2019 22:49:02.443000,0.8
12/07/2019 22:51:02.544000,0.39
12/07/2019 22:53:02.513000,0.13
12/07/2019 22:55:02.627000,0.28
12/07/2019 22:57:02.465000,0.46
12/07/2019 22:59:02.449000,0.53
12/07/2019 23:01:02.079000,0.51
12/07/2019 23:03:02.055000,0.49
12/07/2019 23:05:02.426000,0.56
12/07/2019 23:07:02.445000,1.1
12/07/2019 23:09:02.474000,0.43
12/07/2019 23:11:02.427000,0.49
12/07/2019 23:13:02.401000,0.57
12/07/2019 23:15:02.507000,0.78
12/07/2019 23:17:02.497000,0.72
12/07/2019 23:19:02.466000,0.73
12/07/2019 23:21:02.092000,1.04
12/07/2019 23:23:02.515000,0.94
12/07/2019 23:25:02.077000,0.81
12/07/2019 23:27:02.395000,0.71
12/07/2019 23:29:02.082000,0.45
12/07/2019 23:31:02.100000,0.79
12/07/2019 23:33:02.088000,0.74
12/07/2019 23:35:02.547000,0.51
12/07/2019 23:37:02.463000,1.06
12/07/2019 23:39:02.456000,0.79
12/07/2019 23:41:02.526000,1.04
12/07/2019 23:43:02.502000,1.39
12/07/2019 23:45:02.405000,1.04
12/07/2019 23:47:02.517000,1.63
12/07/2019 23:49:02.480000,1.43
12/07/2019 23:51:02.439000,1.88
12/07/2019 23:53:02.424000,1.12
12/07/2019 23:55:02.509000,1.82
12/07/2019 23:57:03.405000,1.66
12/07/2019 23:59:02.519000,1.54
12/08/2019 00:01:02.388000,1.77
12/08/2019 00:03:02.401000,2.63
12/08/2019 00:05:02.353000,1.87
12/08/2019 00:07:02.122000,1.69
12/08/2019 00:09:02.418000,2.23
12/08/2019 00:11:02.455000,1.75
12/08/2019 00:13:02.471000,1.16
12/08/2019 00:15:02.536000,1.13
12/08/2019 00:17:02.568000,1.04
12/08/2019 00:19:02.081000,1.1
12/08/2019 00:21:02.135000,1.09
12/08/2019 00:23:02.404000,1.03
12/08/2019 00:25:02.539000,0.87
12/08/2019 00:27:02.129000,0.99
12/08/2019 00:29:02.363000,1.43
12/08/2019 00:31:02.350000,1.38
12/08/2019 00:33:02.500000,1.45
12/08/2019 00:35:02.307000,1.55
12/08/2019 00:37:02.400000,1.37
12/08/2019 00:39:02.541000,1.17
12/08/2019 00:41:02.708000,1.42
12/08/2019 00:43:02.462000,1.85
12/08/2019 00:45:02.520000,1.35
12/08/2019 00:47:02.078000,2.15
12/08/2019 00:49:02.424000,2.45
12/08/2019 00:51:02.123000,3.49
12/08/2019 00:53:02.504000,4.83
12/08/2019 00:55:02.583000,10.17
12/08/2019 00:57:02.403000,11.1
12/08/2019 00:59:02.464000,11.06
12/08/2019 01:01:02.413000,12.13
12/08/2019 01:03:02.086000,8.97
12/08/2019 01:05:02.395000,8.79
12/08/2019 01:07:02.492000,8.9
12/08/2019 01:09:02.542000,6.65
12/08/2019 01:11:02.361000,7.19
12/08/2019 01:13:02.330000,16.48
12/08/2019 01:15:02.483000,6.18
12/08/2019 01:17:02.350000,9.91
12/08/2019 01:19:02.446000,10.5
12/08/2019 01:21:02.487000,7.18
12/08/2019 01:23:02.352000,4.6
12/08/2019 01:25:02.117000,6.99
12/08/2019 01:27:02.410000,7.19
12/08/2019 01:29:02.416000,8.07
12/08/2019 01:31:02.439000,6.0
12/08/2019 01:33:02.491000,8.62
12/08/2019 01:35:02.070000,9.04
12/08/2019 01:37:02.456000,7.17
12/08/2019 01:39:02.510000,9.78
12/08/2019 01:41:02.757000,8.37
12/08/2019 01:43:02.406000,9.07
12/08/2019 01:45:02.236000,10.14
12/08/2019 01:47:02.477000,8.58
12/08/2019 01:49:02.569000,10.94
12/08/2019 01:51:02.304000,28.52
12/08/2019 01:53:02.316000,29.16
12/08/2019 01:55:02.635000,20.65
12/08/2019 01:57:02.096000,23.21
12/08/2019 02:01:02.437000,16.99
12/08/2019 02:03:02.112000,16.23
12/08/2019 02:07:02.619000,14.62
12/08/2019 02:09:02.131000,16.4
12/08/2019 02:11:02.562000,9.94
12/08/2019 02:13:02.402000,9.06
12/08/2019 02:15:02.329000,15.01
12/08/2019 02:17:02.498000,12.7
12/08/2019 02:19:02.410000,7.39
12/08/2019 02:21:02.431000,14.1
12/08/2019 02:23:02.489000,11.96
12/08/2019 02:25:02.817000,23.78
12/08/2019 02:27:02.545000,17.51
12/08/2019 02:29:02.089000,12.74
12/08/2019 02:31:02.502000,13.32
12/08/2019 02:33:02.446000,15.24
12/08/2019 02:35:02.411000,14.45
12/08/2019 02:37:02.599000,16.6
12/08/2019 02:39:02.427000,18.36
12/08/2019 02:41:02.467000,17.11
12/08/2019 02:43:02.480000,14.1
12/08/2019 02:45:02.355000,6.7
12/08/2019 02:47:02.485000,4.69
12/08/2019 02:49:02.411000,2.09
12/08/2019 02:51:02.331000,6.39
12/08/2019 02:53:02.067000,3.69
12/08/2019 02:55:02.431000,1.86
12/08/2019 02:57:02.342000,0.93
12/08/2019 02:59:02.350000,0.83
12/08/2019 03:01:02.344000,1.2
12/08/2019 03:03:02.147000,1.53
12/08/2019 03:05:02.114000,0.54
12/08/2019 03:07:02.302000,1.96
12/08/2019 03:09:02.396000,0.58
12/08/2019 03:11:02.537000,1.04
12/08/2019 03:13:02.468000,0.97
12/08/2019 03:15:02.101000,0.21
12/08/2019 03:17:02.064000,1.0
12/08/2019 03:19:02.091000,1.36
12/08/2019 03:21:02.423000,1.66
12/08/2019 03:23:02.079000,1.9
12/08/2019 03:25:02.549000,1.46
12/08/2019 03:27:02.518000,0.53
12/08/2019 03:29:02.389000,2.9
12/08/2019 03:31:02.484000,12.43
12/08/2019 03:33:02.332000,9.49
12/08/2019 03:35:02.403000,9.72
12/08/2019 03:37:02.419000,7.57
12/08/2019 03:39:02.578000,9.12
12/08/2019 03:41:02.787000,6.41
12/08/2019 03:43:02.649000,6.94
12/08/2019 03:45:02.345000,4.8
12/08/2019 03:47:02.348000,2.51
12/08/2019 03:49:02.305000,2.51
12/08/2019 03:51:02.535000,2.19
12/08/2019 03:53:02.332000,1.39
12/08/2019 03:55:02.462000,1.09
12/08/2019 03:57:02.098000,3.01
12/08/2019 03:59:02.475000,4.07
12/08/2019 04:01:02.482000,4.1
12/08/2019 04:03:02.077000,2.0
12/08/2019 04:05:02.416000,0.94
12/08/2019 04:07:02.429000,1.71
12/08/2019 04:09:02.074000,2.33
12/08/2019 04:11:02.091000,1.84
12/08/2019 04:13:02.345000,2.76
12/08/2019 04:15:02.115000,2.9
12/08/2019 04:17:02.066000,6.11
12/08/2019 04:19:02.423000,5.39
12/08/2019 04:21:02.484000,6.23
12/08/2019 04:23:02.313000,6.89
12/08/2019 04:25:02.454000,7.99
12/08/2019 04:27:02.138000,1.74
12/08/2019 04:29:02.600000,0.75
12/08/2019 04:31:02.442000,1.78
12/08/2019 04:33:02.483000,2.56
12/08/2019 04:35:02.507000,3.55
12/08/2019 04:37:02.303000,1.87
12/08/2019 04:39:02.452000,1.47
12/08/2019 04:41:02.835000,0.73
12/08/2019 04:43:02.467000,0.09
12/08/2019 04:45:02.441000,0.18
12/08/2019 04:47:02.529000,0.16
12/08/2019 04:49:02.533000,1.38
12/08/2019 04:51:02.297000,1.35
12/08/2019 04:53:02.560000,4.09
12/08/2019 04:55:02.549000,5.3
12/08/2019 04:57:02.450000,4.26
12/08/2019 04:59:02.427000,3.49
12/08/2019 05:01:02.111000,3.68
12/08/2019 05:03:02.102000,3.08
12/08/2019 05:05:02.319000,2.66
12/08/2019 05:07:02.407000,4.44
12/08/2019 05:13:02.076000,8.36
12/08/2019 05:17:02.338000,3.67
12/08/2019 05:19:02.473000,3.69
12/08/2019 05:21:02.137000,3.16
12/08/2019 05:23:02.147000,1.46
12/08/2019 05:25:02.536000,0.87
12/08/2019 05:27:02.539000,1.03
12/08/2019 05:29:02.343000,3.03
12/08/2019 05:31:02.116000,3.31
12/08/2019 05:33:02.302000,1.44
12/08/2019 05:35:03.401000,2.16
12/08/2019 05:37:02.545000,2.18
12/08/2019 05:39:02.398000,4.0
12/08/2019 05:41:02.523000,4.21
12/08/2019 05:43:02.406000,5.53
12/08/2019 05:45:02.513000,4.35
12/08/2019 05:47:02.540000,5.64
12/08/2019 05:49:02.406000,5.0
12/08/2019 05:51:02.437000,5.41
12/08/2019 05:53:02.102000,5.72
12/08/2019 05:55:02.096000,7.49
12/08/2019 05:57:02.062000,7.54
12/08/2019 05:59:02.306000,7.99
12/08/2019 06:01:02.548000,8.5
12/08/2019 06:03:02.517000,6.17
12/08/2019 06:05:03.616000,5.62
12/08/2019 06:07:02.471000,3.5
12/08/2019 06:09:02.404000,3.3
12/08/2019 06:11:02.064000,4.61
12/08/2019 06:13:02.400000,4.01
12/08/2019 06:15:02.083000,4.83
12/08/2019 06:17:02.338000,4.51
12/08/2019 06:19:03.877000,4.91
12/08/2019 06:21:02.069000,4.06
12/08/2019 06:23:02.498000,3.56
12/08/2019 06:25:02.062000,4.34
12/08/2019 06:27:02.462000,7.43
12/08/2019 06:29:02.304000,7.03
12/08/2019 06:31:02.481000,5.3
12/08/2019 06:33:02.068000,4.62
12/08/2019 06:35:02.641000,3.13
12/08/2019 06:37:02.562000,3.07
12/08/2019 06:39:02.480000,2.99
12/08/2019 06:41:02.541000,2.18
12/08/2019 06:43:02.064000,2.27
12/08/2019 06:45:02.305000,1.64
12/08/2019 06:47:02.581000,1.91
12/08/2019 06:49:02.433000,2.32
12/08/2019 06:51:02.535000,1.7
12/08/2019 06:53:02.536000,1.9
12/08/2019 06:55:02.536000,2.0
12/08/2019 06:57:02.070000,1.52
12/08/2019 06:59:02.459000,1.72
12/08/2019 07:01:02.062000,1.46
12/08/2019 07:03:02.075000,1.27
12/08/2019 07:05:02.479000,0.6
12/08/2019 07:07:02.292000,0.86
12/08/2019 07:09:02.334000,0.19
12/08/2019 07:11:02.383000,0.81
12/08/2019 07:13:02.087000,0.63
12/08/2019 07:15:02.363000,0.57
12/08/2019 07:17:02.297000,0.52
12/08/2019 07:19:02.570000,0.5
12/08/2019 07:21:02.397000,0.64
12/08/2019 07:23:02.389000,0.62
12/08/2019 07:25:02.481000,0.51
12/08/2019 07:27:02.556000,0.78
12/08/2019 07:29:02.516000,0.74
12/08/2019 07:31:02.515000,0.94
12/08/2019 07:33:02.516000,0.87
12/08/2019 07:35:02.067000,0.99
12/08/2019 07:37:02.571000,1.03
12/08/2019 07:39:02.296000,0.83
12/08/2019 07:41:02.735000,0.85
12/08/2019 07:43:02.069000,0.58
12/08/2019 07:45:02.427000,0.96
12/08/2019 07:47:02.363000,0.99
12/08/2019 07:49:02.387000,1.14
12/08/2019 07:51:02.393000,1.13
12/08/2019 07:53:02.073000,0.8
12/08/2019 07:55:02.076000,0.67
12/08/2019 07:57:02.286000,0.77
12/08/2019 07:59:02.459000,0.69
12/08/2019 08:01:02.418000,0.73
12/08/2019 08:03:02.518000,0.67
12/08/2019 08:05:02.495000,0.77
12/08/2019 08:07:02.339000,0.74
12/08/2019 08:09:02.461000,0.45
12/08/2019 08:11:02.441000,0.79
12/08/2019 08:13:02.459000,0.73
12/08/2019 08:15:02.313000,1.01
12/08/2019 08:17:02.753000,0.72
12/08/2019 08:19:02.396000,0.54
12/08/2019 08:21:02.279000,0.64
12/08/2019 08:23:02.486000,1.25
12/08/2019 08:25:02.406000,1.06
12/08/2019 08:27:02.541000,0.97
12/08/2019 08:29:02.405000,0.28
12/08/2019 08:31:02.489000,0.41
12/08/2019 08:33:02.504000,0.72
12/08/2019 08:35:02.445000,0.51
12/08/2019 08:37:02.294000,0.32
12/08/2019 08:39:02.085000,0.0
12/08/2019 08:41:02.457000,0.04
12/08/2019 08:43:02.331000,0.22
12/08/2019 08:45:02.065000,0.41
12/08/2019 08:47:02.101000,0.0
12/08/2019 08:49:02.411000,0.04
12/08/2019 08:51:02.535000,0.18
12/08/2019 08:53:02.304000,0.12
12/08/2019 08:55:02.378000,0.04
12/08/2019 08:57:02.574000,0.0
12/08/2019 08:59:02.427000,0.34
12/08/2019 09:01:02.075000,0.0
12/08/2019 09:03:02.068000,0.09
12/08/2019 09:05:02.535000,0.0
12/08/2019 09:45:03.929000,0.56
12/08/2019 09:47:04.034000,1.16
12/08/2019 09:49:04.055000,0.55
12/08/2019 09:51:03.701000,0.28
12/08/2019 09:53:04.019000,0.26
12/08/2019 09:55:04.067000,0.22
12/08/2019 09:57:03.707000,0.04
12/08/2019 09:59:04.057000,0.22
12/08/2019 10:01:04.151000,0.0
12/08/2019 10:03:04.102000,0.2
12/08/2019 10:05:03.709000,0.08
12/08/2019 10:07:04.053000,0.0
12/08/2019 10:09:03.696000,0.0
12/08/2019 10:11:04.072000,0.0
12/08/2019 10:13:03.973000,0.04
12/08/2019 10:15:04.043000,0.0
12/08/2019 10:17:03.726000,0.0
12/08/2019 10:19:03.966000,0.0
12/08/2019 10:21:03.736000,0.0
12/08/2019 10:23:04.081000,0.13
12/08/2019 10:25:03.703000,0.0
12/08/2019 10:27:04.178000,0.0
12/08/2019 10:29:04.188000,0.0
12/08/2019 10:31:03.955000,0.0
12/08/2019 10:33:04.050000,0.0
12/08/2019 10:35:03.728000,0.0
12/08/2019 10:37:04.236000,0.0
12/08/2019 10:39:04.364000,0.03
12/08/2019 10:41:04.052000,0.0
12/08/2019 10:43:04.124000,0.0
12/08/2019 10:45:04.755000,0.0
12/08/2019 10:47:03.707000,0.0
12/08/2019 10:49:04.228000,0.13
12/08/2019 10:51:03.997000,0.0
12/08/2019 10:53:03.717000,0.0
12/08/2019 10:55:04.120000,0.04
12/08/2019 10:57:03.922000,0.0
12/08/2019 10:59:03.961000,0.0
12/08/2019 11:01:03.971000,0.0
12/08/2019 11:03:04.239000,0.0
12/08/2019 11:05:03.711000,0.0
12/08/2019 11:07:04.045000,0.0
12/08/2019 11:09:03.725000,0.0
12/08/2019 11:11:04.118000,0.0
12/08/2019 11:13:04.159000,0.0
12/08/2019 11:15:03.748000,0.0
12/08/2019 11:17:03.697000,0.0
12/08/2019 11:19:04.019000,0.0
12/08/2019 11:21:04.140000,0.0
12/08/2019 11:23:03.720000,0.0
12/08/2019 11:25:03.714000,0.0
12/08/2019 11:27:03.716000,0.0
12/08/2019 11:29:04.034000,0.0
12/08/2019 11:31:03.705000,0.0
12/08/2019 11:33:04.128000,0.0
12/08/2019 11:35:04.172000,0.0
12/08/2019 11:37:04.148000,0.0
12/08/2019 11:39:04.125000,0.0
12/08/2019 11:41:04.040000,0.0
12/08/2019 11:43:04.038000,0.0
12/08/2019 11:45:09.290000,0.0
12/08/2019 11:47:04.251000,0.0
12/08/2019 11:49:03.923000,0.09
12/08/2019 11:51:04.034000,0.09
12/08/2019 11:53:03.732000,0.04
12/08/2019 11:55:05.451000,0.0
12/08/2019 11:57:04.021000,0.0
12/08/2019 11:59:03.710000,0.0
12/08/2019 12:01:04.190000,0.0
12/08/2019 12:03:04.193000,0.0
12/08/2019 12:05:04.140000,0.0
12/08/2019 12:07:04.047000,0.01
12/08/2019 12:09:03.715000,0.0
12/08/2019 12:11:03.709000,0.08
12/08/2019 12:13:04.029000,0.0
12/08/2019 12:15:04.015000,0.0
12/08/2019 12:17:04.016000,0.0
12/08/2019 12:19:03.721000,0.0
12/08/2019 12:21:04.100000,0.0
12/08/2019 12:23:04.050000,0.0
12/08/2019 12:25:04.105000,0.0
12/08/2019 12:27:04.113000,0.0
12/08/2019 12:29:03.976000,0.0
12/08/2019 12:31:04.036000,0.0
12/08/2019 12:33:04.028000,0.0
12/08/2019 12:35:04.044000,0.0
12/08/2019 12:37:04.139000,0.0
12/08/2019 12:39:04.175000,0.0
12/08/2019 12:41:04.047000,0.0
12/08/2019 12:43:04.014000,0.0
12/08/2019 12:45:04.551000,0.0
12/08/2019 12:47:04.126000,0.0
12/08/2019 12:49:04.039000,0.0
12/08/2019 12:51:03.730000,0.0
12/08/2019 12:53:03.699000,0.0
12/08/2019 12:55:03.697000,0.0
12/08/2019 12:57:04.041000,0.0
12/08/2019 12:59:04.168000,0.12
12/08/2019 13:01:04.129000,0.0
12/08/2019 13:03:03.942000,0.0
12/08/2019 13:05:03.756000,0.0
12/08/2019 13:07:04.016000,0.0
12/08/2019 13:09:04.048000,0.0
12/08/2019 13:11:04.090000,0.0
12/08/2019 13:13:04.164000,0.0
12/08/2019 13:15:03.838000,0.0
12/08/2019 13:17:03.754000,0.25
12/08/2019 13:19:04.107000,0.37
12/08/2019 13:21:03.742000,0.0
12/08/2019 13:23:04.095000,0.0
12/08/2019 13:25:03.733000,1.38
12/08/2019 13:27:04.073000,1.42
12/08/2019 13:29:03.723000,0.26
12/08/2019 13:31:04.054000,0.72
12/08/2019 13:33:04.016000,0.04
12/08/2019 13:35:03.744000,0.0
12/08/2019 13:37:04.133000,0.04
12/08/2019 13:39:04.144000,0.01
12/08/2019 13:41:04.020000,0.0
12/08/2019 13:43:04.087000,0.0
12/08/2019 13:45:04.696000,0.0
12/08/2019 13:47:04.068000,0.57
12/08/2019 13:49:03.686000,0.31
12/08/2019 13:51:03.694000,0.17
12/08/2019 13:53:04.046000,0.08
12/08/2019 13:55:03.920000,0.09
12/08/2019 13:57:04.048000,0.0
12/08/2019 13:59:04.019000,0.0
12/08/2019 14:01:04.098000,0.36
12/08/2019 14:03:03.711000,0.2
12/08/2019 14:05:03.917000,0.16
12/08/2019 14:07:04.136000,1.07
12/08/2019 14:09:03.721000,0.61
12/08/2019 14:11:04.073000,3.28
12/08/2019 14:13:04.128000,1.62
12/08/2019 14:15:03.851000,0.07
12/08/2019 14:17:04.141000,0.19
12/08/2019 14:19:04.136000,0.26
12/08/2019 14:21:04.003000,0.0
12/08/2019 14:23:04.423000,0.04
12/08/2019 14:25:04.846000,0.54
12/08/2019 14:27:03.944000,1.8
12/08/2019 14:29:03.932000,0.0
12/08/2019 14:31:04.196000,0.0
12/08/2019 14:33:04.110000,0.83
12/08/2019 14:35:04.127000,2.0
12/08/2019 14:37:03.701000,1.87
12/08/2019 14:39:03.721000,0.25
12/08/2019 14:41:04.038000,0.27
12/08/2019 14:43:04.223000,0.26
12/08/2019 14:45:04.582000,0.0
12/08/2019 14:47:04.141000,0.0
12/08/2019 14:49:04.202000,0.28
12/08/2019 14:51:03.685000,0.73
12/08/2019 14:53:04.213000,1.73
12/08/2019 14:55:03.689000,0.19
12/08/2019 14:57:04.747000,0.04
12/08/2019 14:59:04.175000,0.16
12/08/2019 15:01:03.901000,0.62
12/08/2019 15:03:04.126000,1.34
12/08/2019 15:05:04.176000,0.04
12/08/2019 15:07:04.081000,0.23
12/08/2019 15:09:03.700000,0.24
12/08/2019 15:11:04.142000,0.12
12/08/2019 15:13:04.139000,0.19
12/08/2019 15:15:03.922000,0.47
12/08/2019 15:17:04.088000,0.28
12/08/2019 15:19:04.155000,0.87
12/08/2019 15:21:03.752000,0.74
12/08/2019 15:23:03.682000,0.68
12/08/2019 15:25:03.694000,0.78
12/08/2019 15:27:04.081000,1.13
12/08/2019 15:29:03.904000,0.88
12/08/2019 15:31:03.746000,1.09
12/08/2019 15:33:04.201000,0.87
12/08/2019 15:35:03.774000,0.8
12/08/2019 15:37:03.684000,0.9
12/08/2019 15:39:04.036000,0.79
12/08/2019 15:41:03.928000,0.75
12/08/2019 15:43:04.101000,1.16
12/08/2019 15:45:04.237000,0.96
12/08/2019 15:47:03.676000,0.89
12/08/2019 15:49:04.054000,1.13
12/08/2019 15:51:04.164000,1.0
12/08/2019 15:53:04.035000,2.54
12/08/2019 15:55:04.017000,1.67
12/08/2019 15:57:03.687000,2.28
12/08/2019 15:59:04.167000,2.79
12/08/2019 16:01:04.032000,2.56
12/08/2019 16:03:04.012000,2.41
12/08/2019 16:05:03.748000,2.15
12/08/2019 16:07:04.088000,2.21
12/08/2019 16:09:04.030000,2.09
12/08/2019 16:11:03.929000,1.96
12/08/2019 16:13:04.146000,2.31
12/08/2019 16:15:04.038000,1.99
12/08/2019 16:17:03.730000,1.79
12/08/2019 16:19:04.042000,1.38
12/08/2019 16:21:03.909000,1.96
12/08/2019 16:23:03.726000,2.26
12/08/2019 16:25:03.740000,1.94
12/08/2019 16:27:04.112000,1.81
12/08/2019 16:29:04.014000,1.74
12/08/2019 16:31:03.947000,1.57
12/08/2019 16:33:03.908000,1.48
12/08/2019 16:35:03.970000,1.28
12/08/2019 16:37:04.040000,1.44
12/08/2019 16:39:04.154000,1.25
12/08/2019 16:41:04.113000,1.37
12/08/2019 16:43:04.128000,1.61
12/08/2019 16:45:04.374000,1.33
12/08/2019 16:47:04.029000,2.07
12/08/2019 16:49:04.012000,1.57
12/08/2019 16:51:04.161000,1.56
12/08/2019 16:53:04.231000,2.9
12/08/2019 16:55:04.029000,1.26
12/08/2019 16:57:04.041000,2.16
12/08/2019 16:59:03.944000,2.48
12/08/2019 17:01:03.725000,1.72
12/08/2019 17:03:04.007000,1.7
12/08/2019 17:05:04.155000,2.13
12/08/2019 17:07:03.744000,2.53
12/08/2019 17:09:04.128000,1.42
12/08/2019 17:11:04.076000,2.03
12/08/2019 17:13:03.684000,1.57
12/08/2019 17:15:05.147000,2.0
12/08/2019 17:17:03.956000,1.93
12/08/2019 17:19:04.128000,1.75
12/08/2019 17:21:04.154000,1.9
12/08/2019 17:23:03.932000,1.72
12/08/2019 17:25:03.695000,1.94
12/08/2019 17:27:04.145000,2.44
12/08/2019 17:29:03.705000,2.07
12/08/2019 17:31:04.047000,1.75
12/08/2019 17:33:04.025000,1.34
12/08/2019 17:35:03.678000,1.29
12/08/2019 17:37:04.167000,1.69
12/08/2019 17:39:03.918000,1.38
12/08/2019 17:41:04.007000,1.04
12/08/2019 17:43:04.095000,1.21
12/08/2019 17:45:04.092000,1.22
12/08/2019 17:47:04.074000,1.0
12/08/2019 17:49:03.732000,0.81
12/08/2019 17:51:04.043000,0.37
12/08/2019 17:53:04.230000,1.42
12/08/2019 17:55:04.095000,1.43
12/08/2019 17:57:03.719000,2.91
12/08/2019 17:59:04.151000,2.94
12/08/2019 18:01:03.933000,4.06
12/08/2019 18:03:04.032000,4.26
12/08/2019 18:05:03.711000,4.97
12/08/2019 18:07:04.160000,4.87
12/08/2019 18:09:03.903000,3.71
12/08/2019 18:11:04.020000,4.28
12/08/2019 18:13:04.066000,4.06
12/08/2019 18:15:07.789000,5.29
12/08/2019 18:17:04.150000,4.89
12/08/2019 18:19:04.024000,5.13
12/08/2019 18:21:03.685000,5.49
12/08/2019 18:23:04.165000,5.6
12/08/2019 18:25:04.083000,4.88
12/08/2019 18:27:03.694000,5.04
12/08/2019 18:29:03.724000,6.13
12/08/2019 18:31:04.082000,6.58
12/08/2019 18:33:04.109000,6.41
12/08/2019 18:35:04.155000,4.89
12/08/2019 18:37:04.029000,5.86
12/08/2019 18:39:03.974000,5.91
12/08/2019 18:41:03.923000,5.04
12/08/2019 18:43:03.942000,3.8
12/08/2019 18:45:11.172000,3.64
12/08/2019 18:47:04.093000,3.37
12/08/2019 18:49:03.897000,2.91
12/08/2019 18:51:03.961000,2.86
12/08/2019 18:53:04.128000,2.21
12/08/2019 18:55:04.169000,2.26
12/08/2019 18:57:03.964000,2.28
12/08/2019 18:59:03.919000,2.44
12/08/2019 19:01:03.747000,3.01
12/08/2019 19:03:04.097000,2.63
12/08/2019 19:05:03.924000,2.4
12/08/2019 19:07:04.136000,1.91
12/08/2019 19:09:04.026000,2.36
12/08/2019 19:11:03.728000,1.7
12/08/2019 19:13:04.007000,1.82
12/08/2019 19:15:04.238000,1.26
12/08/2019 19:17:03.833000,2.32
12/08/2019 19:19:03.740000,3.09
12/08/2019 19:21:03.732000,4.0
12/08/2019 19:23:03.707000,4.48
12/08/2019 19:25:03.698000,3.68
12/08/2019 19:27:04.122000,2.04
12/08/2019 19:29:03.820000,2.03
12/08/2019 19:31:04.131000,2.06
12/08/2019 19:33:04.061000,2.41
12/08/2019 19:35:03.934000,2.13
12/08/2019 19:37:04.036000,2.0
12/08/2019 19:39:04.112000,2.85
12/08/2019 19:41:03.744000,2.19
12/08/2019 19:43:04.136000,1.9
12/08/2019 19:45:05.128000,1.96
12/08/2019 19:47:03.683000,2.24
12/08/2019 19:49:04.021000,3.12
12/08/2019 19:51:04.080000,2.55
12/08/2019 19:53:04.456000,2.58
12/08/2019 19:55:04.143000,2.6
12/08/2019 19:57:04.097000,2.33
12/08/2019 19:59:04.045000,2.23
12/08/2019 20:01:04.205000,2.21
12/08/2019 20:03:03.708000,2.18
12/08/2019 20:05:04.146000,1.84
12/08/2019 20:07:03.712000,1.85
12/08/2019 20:09:04.025000,0.25
12/08/2019 20:11:04.008000,0.0
12/08/2019 20:13:04.164000,0.0
12/08/2019 20:15:04.022000,0.0
12/08/2019 20:17:04.082000,0.0
12/08/2019 20:19:04.020000,0.0
12/08/2019 20:21:04.028000,0.0
12/08/2019 20:23:04.029000,0.0
12/08/2019 20:25:04.182000,0.0
12/08/2019 20:27:03.934000,0.0
12/08/2019 20:29:04.083000,0.0
12/08/2019 20:31:04.105000,0.0
12/08/2019 20:33:03.934000,0.0
12/08/2019 20:35:04.152000,0.0
12/08/2019 20:37:04.121000,0.0
12/08/2019 20:39:04.097000,0.0
12/08/2019 20:41:04.143000,0.0
12/08/2019 20:43:04.246000,0.0
12/08/2019 20:45:04.925000,0.0
12/08/2019 20:47:04.056000,0.0
12/08/2019 20:49:04.216000,0.0
12/08/2019 20:51:03.941000,0.0
12/08/2019 20:53:04.103000,0.0
12/08/2019 20:55:04.317000,0.0
12/08/2019 20:57:04.252000,0.0
12/08/2019 20:59:04.044000,0.0
12/08/2019 21:01:03.947000,0.0
12/08/2019 21:03:04.176000,0.0
12/08/2019 21:05:04.141000,0.0
12/08/2019 21:07:03.922000,0.0
12/08/2019 21:09:03.836000,0.0
12/08/2019 21:11:03.683000,0.0
12/08/2019 21:13:03.718000,0.0
12/08/2019 21:15:04.099000,0.0
12/08/2019 21:17:03.714000,0.0
12/08/2019 21:19:04.226000,0.0
12/08/2019 21:21:04.538000,0.0
12/08/2019 21:23:04.125000,0.0
12/08/2019 21:25:04.137000,0.0
12/08/2019 21:27:03.943000,0.0
12/08/2019 21:29:03.945000,0.0
12/08/2019 21:31:03.950000,0.0
12/08/2019 21:33:04.178000,0.0
12/08/2019 21:35:04.028000,0.0
12/08/2019 21:37:04.041000,0.0
12/08/2019 21:39:03.917000,0.0
12/08/2019 21:41:03.919000,0.0
12/08/2019 21:43:04.050000,0.0
12/08/2019 21:45:04.259000,0.0
12/08/2019 21:47:03.935000,0.0
12/08/2019 21:49:03.709000,0.0
12/08/2019 21:51:04.036000,0.0
12/08/2019 21:53:03.734000,0.0
12/08/2019 21:55:03.712000,0.0
12/08/2019 21:57:04.056000,0.0
12/08/2019 21:59:03.733000,0.0
12/08/2019 22:01:03.832000,0.0
12/08/2019 22:03:03.918000,0.0
12/08/2019 22:05:04.754000,0.0
12/08/2019 22:07:04.037000,0.0
12/08/2019 22:09:05.069000,0.0
12/08/2019 22:11:04.201000,0.0
12/08/2019 22:13:04.092000,0.0
12/08/2019 22:15:04.140000,0.0
12/08/2019 22:17:03.913000,0.0
12/08/2019 22:19:03.951000,0.0
12/08/2019 22:21:04.042000,0.0
12/08/2019 22:23:04.100000,0.0
12/08/2019 22:25:04.123000,0.0
12/08/2019 22:27:04.024000,0.0
12/08/2019 22:29:03.715000,0.0
12/08/2019 22:31:03.718000,0.0
12/08/2019 22:33:03.721000,0.0
12/08/2019 22:35:03.951000,0.0
12/08/2019 22:37:03.837000,0.0
12/08/2019 22:39:03.712000,0.0
12/08/2019 22:41:03.940000,0.0
12/08/2019 22:43:04.209000,0.0
12/08/2019 22:45:04.044000,0.0
12/08/2019 22:47:04.148000,0.0
12/08/2019 22:49:03.965000,0.0
12/08/2019 22:51:03.744000,0.0
12/08/2019 22:53:04.035000,0.0
12/08/2019 22:55:03.737000,0.0
12/08/2019 22:57:04.202000,0.0
12/08/2019 22:59:04.101000,0.0
12/08/2019 23:01:04.069000,0.0
12/08/2019 23:03:04.043000,0.0
12/08/2019 23:05:03.755000,0.0
12/08/2019 23:07:03.975000,0.0
12/08/2019 23:09:03.831000,0.0
12/08/2019 23:11:04.242000,0.0
12/08/2019 23:13:04.029000,0.0
12/08/2019 23:15:03.939000,0.0
12/08/2019 23:17:04.050000,0.0
12/08/2019 23:19:04.234000,0.0
12/08/2019 23:21:04.032000,0.0
12/08/2019 23:23:03.727000,0.0
12/08/2019 23:25:03.952000,0.0
12/08/2019 23:27:04.116000,0.03
12/08/2019 23:29:04.145000,0.0
12/08/2019 23:31:03.703000,0.0
12/08/2019 23:33:03.714000,0.0
12/08/2019 23:35:04.052000,0.0
12/08/2019 23:37:04.167000,0.0
12/08/2019 23:39:04.129000,0.0
12/08/2019 23:41:04.150000,0.0
12/08/2019 23:43:03.732000,0.0
12/08/2019 23:45:04.680000,0.0
12/08/2019 23:47:04.147000,0.0
12/08/2019 23:49:03.707000,0.0
12/08/2019 23:51:03.740000,0.0
12/08/2019 23:53:04.029000,0.0
12/08/2019 23:55:04.239000,0.0
12/08/2019 23:57:04.032000,0.0
12/08/2019 23:59:04.172000,0.04
12/09/2019 00:01:04.103000,0.18
12/09/2019 00:03:04.108000,0.16
12/09/2019 00:05:04.030000,0.23
12/09/2019 00:07:03.721000,0.0
12/09/2019 00:09:04.183000,0.06
12/09/2019 00:11:03.730000,0.27
12/09/2019 00:13:04.033000,0.0
12/09/2019 00:15:04.140000,0.0
12/09/2019 00:17:04.121000,0.0
12/09/2019 00:19:04.149000,0.0
12/09/2019 00:21:04.047000,0.0
12/09/2019 00:23:04.090000,0.03
12/09/2019 00:25:04.053000,0.0
12/09/2019 00:27:04.195000,0.91
12/09/2019 00:29:03.965000,0.13
12/09/2019 00:31:04.210000,0.0
12/09/2019 00:33:04.104000,0.0
12/09/2019 00:35:04.130000,0.0
12/09/2019 00:37:03.720000,0.0
12/09/2019 00:39:04.112000,0.0
12/09/2019 00:41:04.196000,0.08
12/09/2019 00:43:03.759000,0.0
12/09/2019 00:45:05.549000,0.0
12/09/2019 00:47:04.113000,0.0
12/09/2019 00:49:04.184000,0.0
12/09/2019 00:51:04.026000,0.0
12/09/2019 00:53:04.167000,0.0
12/09/2019 00:55:04.044000,0.0
12/09/2019 00:57:04.036000,0.14
12/09/2019 00:59:04.029000,0.0
12/09/2019 01:01:04.046000,0.0
12/09/2019 01:03:04.066000,1.81
12/09/2019 01:05:03.763000,0.8
12/09/2019 01:07:04.123000,0.04
12/09/2019 01:09:04.063000,0.24
12/09/2019 01:11:04.022000,0.0
12/09/2019 01:13:03.712000,0.0
12/09/2019 01:15:04.180000,0.0
12/09/2019 01:17:03.926000,0.0
12/09/2019 01:19:03.950000,0.0
12/09/2019 01:21:04.164000,0.14
12/09/2019 01:23:04.157000,0.83
12/09/2019 01:25:03.986000,3.25
12/09/2019 01:27:04.106000,3.7
12/09/2019 01:29:03.707000,1.6
12/09/2019 01:31:03.731000,2.81
12/09/2019 01:33:03.983000,2.23
12/09/2019 01:35:03.711000,1.49
12/09/2019 01:37:04.128000,1.64
12/09/2019 01:39:04.114000,1.48
12/09/2019 01:41:04.045000,1.6
12/09/2019 01:43:04.235000,2.13
12/09/2019 01:45:04.745000,2.25
12/09/2019 01:47:04.120000,1.0
12/09/2019 01:49:04.034000,0.94
12/09/2019 01:51:04.138000,0.74
12/09/2019 01:53:04.173000,1.19
12/09/2019 01:55:03.715000,1.46
12/09/2019 01:57:03.698000,1.16
12/09/2019 01:59:03.992000,1.57
12/09/2019 02:01:04.125000,1.52
12/09/2019 02:03:03.832000,2.04
12/09/2019 02:05:04.045000,1.33
12/09/2019 02:07:04.100000,1.72
12/09/2019 02:09:04.112000,4.03
12/09/2019 02:11:04.147000,5.17
12/09/2019 02:13:04.130000,3.8
12/09/2019 02:15:04.142000,1.91
12/09/2019 02:17:03.725000,1.84
12/09/2019 02:19:04.058000,2.18
12/09/2019 02:21:03.737000,1.87
12/09/2019 02:23:03.743000,1.42
12/09/2019 02:25:03.926000,0.1
12/09/2019 02:27:04.072000,0.0
12/09/2019 02:29:04.133000,0.0
12/09/2019 02:31:04.203000,0.0
12/09/2019 02:33:04.069000,0.0
12/09/2019 02:35:04.043000,0.0
12/09/2019 02:37:04.139000,0.0
12/09/2019 02:39:04.193000,0.0
12/09/2019 02:41:04.289000,0.0
12/09/2019 02:43:03.708000,0.0
12/09/2019 02:45:04.889000,0.0
12/09/2019 02:47:03.711000,0.0
12/09/2019 02:49:04.173000,0.23
12/09/2019 02:51:03.741000,0.49
12/09/2019 02:53:03.700000,0.09
12/09/2019 02:55:04.115000,0.0
12/09/2019 02:57:04.112000,0.74
12/09/2019 02:59:03.966000,0.76
12/09/2019 03:01:04.034000,0.34
12/09/2019 03:03:04.050000,0.0
12/09/2019 03:05:04.312000,0.0
12/09/2019 03:07:04.089000,0.0
12/09/2019 03:09:03.723000,0.0
12/09/2019 03:11:03.738000,0.0
12/09/2019 03:13:04.102000,0.0
12/09/2019 03:15:06.346000,0.0
12/09/2019 03:17:03.920000,0.33
12/09/2019 03:19:04.234000,0.56
12/09/2019 03:21:04.026000,0.19
12/09/2019 03:23:04.102000,0.59
12/09/2019 03:25:03.882000,0.19
12/09/2019 03:27:04.152000,0.57
12/09/2019 03:29:04.120000,2.38
12/09/2019 03:31:04.124000,2.26
12/09/2019 03:33:04.092000,0.81
12/09/2019 03:35:04.147000,0.0
12/09/2019 03:37:04.159000,0.0
12/09/2019 03:39:04.185000,0.0
12/09/2019 03:41:04.043000,0.0
12/09/2019 03:43:03.730000,0.0
12/09/2019 03:45:04.910000,0.0
12/09/2019 03:47:04.342000,0.0
12/09/2019 03:49:04.166000,0.0
12/09/2019 03:51:04.158000,0.0
12/09/2019 03:53:04.119000,0.0
12/09/2019 03:55:03.975000,0.29
12/09/2019 03:57:03.939000,0.18
12/09/2019 03:59:04.133000,0.0
12/09/2019 04:01:04.047000,0.0
12/09/2019 04:03:04.111000,0.0
12/09/2019 04:05:03.969000,0.0
12/09/2019 04:07:04.052000,0.0
12/09/2019 04:11:03.713000,0.78
12/09/2019 04:13:03.700000,1.06
12/09/2019 04:15:03.716000,0.9
12/09/2019 04:19:03.759000,0.57
12/09/2019 04:21:04.123000,0.09
12/09/2019 04:23:04.050000,0.09
12/09/2019 04:25:04.042000,0.9
12/09/2019 04:27:04.089000,0.56
12/09/2019 04:29:03.937000,0.3
12/09/2019 04:31:03.710000,0.0
12/09/2019 04:33:03.724000,0.0
12/09/2019 04:35:03.930000,0.0
12/09/2019 04:37:04.043000,0.0
12/09/2019 04:39:04.218000,0.0
12/09/2019 04:41:04.098000,0.0
12/09/2019 04:43:03.728000,0.0
12/09/2019 04:45:04.395000,0.0
12/09/2019 04:47:04.026000,0.0
12/09/2019 04:49:03.745000,0.0
12/09/2019 04:51:04.152000,0.0
12/09/2019 04:53:03.933000,0.0
12/09/2019 04:55:04.005000,0.0
12/09/2019 04:57:04.097000,0.0
12/09/2019 04:59:04.231000,0.0
12/09/2019 05:01:04.177000,0.0
12/09/2019 05:03:04.097000,0.0
12/09/2019 05:05:04.198000,0.0
12/09/2019 05:07:03.933000,0.0
12/09/2019 05:09:03.748000,0.0
12/09/2019 05:13:03.912000,0.0
12/09/2019 05:15:06.137000,0.0
12/09/2019 05:17:03.942000,0.0
12/09/2019 05:19:04.139000,0.0
12/09/2019 05:21:04.097000,0.0
12/09/2019 05:23:03.941000,0.0
12/09/2019 05:25:03.731000,0.0
12/09/2019 05:27:04.186000,0.0
12/09/2019 05:29:04.132000,0.0
12/09/2019 05:31:04.036000,0.0
12/09/2019 05:33:03.730000,0.0
12/09/2019 05:35:05.107000,0.0
12/09/2019 05:37:03.745000,0.0
12/09/2019 05:39:04.181000,0.0
12/09/2019 05:41:03.936000,0.0
12/09/2019 05:43:03.723000,0.0
12/09/2019 05:45:04.556000,0.0
12/09/2019 05:47:04.188000,0.0
12/09/2019 05:49:04.205000,0.0
12/09/2019 05:51:04.148000,0.0
12/09/2019 05:53:04.100000,0.0
12/09/2019 05:55:04.092000,0.0
12/09/2019 05:57:04.101000,0.0
12/09/2019 05:59:04.053000,0.0
12/09/2019 06:01:04.072000,0.0
12/09/2019 06:03:04.135000,0.0
12/09/2019 06:05:05.837000,0.0
12/09/2019 06:07:03.930000,0.0
12/09/2019 06:09:04.106000,0.0
12/09/2019 06:11:04.024000,0.0
12/09/2019 06:13:04.133000,0.0
12/09/2019 06:15:04.161000,0.0
12/09/2019 06:17:03.713000,0.0
12/09/2019 06:19:03.930000,0.0
12/09/2019 06:21:04.194000,0.0
12/09/2019 06:23:03.935000,0.0
12/09/2019 06:25:03.737000,0.0
12/09/2019 06:27:04.168000,0.0
12/09/2019 06:29:04.030000,0.0
12/09/2019 06:31:03.709000,0.0
12/09/2019 06:33:04.042000,0.0
12/09/2019 06:35:03.924000,0.0
12/09/2019 06:37:04.043000,0.0
12/09/2019 06:39:03.733000,0.0
12/09/2019 06:41:03.951000,0.0
12/09/2019 06:43:04.127000,0.0
12/09/2019 06:45:04.389000,0.0
12/09/2019 06:47:03.958000,0.0
12/09/2019 06:49:03.742000,0.0
12/09/2019 06:51:04.097000,0.0
12/09/2019 06:53:04.212000,0.0
12/09/2019 06:55:04.027000,0.0
12/09/2019 06:57:03.973000,0.0
12/09/2019 06:59:04.035000,0.0
12/09/2019 07:01:03.703000,0.0
12/09/2019 07:03:03.728000,0.0
12/09/2019 07:05:04.232000,0.0
12/09/2019 07:07:04.029000,0.0
12/09/2019 07:09:04.104000,0.0
12/09/2019 07:11:04.049000,0.0
12/09/2019 07:13:03.718000,0.0
12/09/2019 07:15:03.947000,0.0
12/09/2019 07:17:04.188000,0.0
12/09/2019 07:19:03.697000,0.0
12/09/2019 07:21:04.086000,0.0
12/09/2019 07:23:04.047000,0.0
12/09/2019 07:25:04.116000,0.0
12/09/2019 07:27:04.025000,0.0
12/09/2019 07:29:04.130000,0.0
12/09/2019 07:31:04.136000,0.0
12/09/2019 07:33:04.031000,0.0
12/09/2019 07:35:03.968000,0.0
12/09/2019 07:37:03.690000,0.0
12/09/2019 07:39:04.170000,0.0
12/09/2019 07:41:04.119000,0.0
12/09/2019 07:43:03.698000,0.0
12/09/2019 07:45:04.112000,0.0
12/09/2019 07:47:04.025000,0.0
12/09/2019 07:49:04.127000,0.0
12/09/2019 07:51:04.048000,0.0
12/09/2019 07:53:03.916000,0.0
12/09/2019 07:55:04.026000,0.0
12/09/2019 07:57:03.750000,0.0
12/09/2019 07:59:03.925000,0.0
12/09/2019 08:01:03.698000,0.0
12/09/2019 08:03:04.029000,0.0
12/09/2019 08:05:03.936000,0.0
12/09/2019 08:07:04.187000,0.0
12/09/2019 08:09:04.181000,0.0
12/09/2019 08:11:03.691000,0.0
12/09/2019 08:13:03.947000,0.0
12/09/2019 08:15:04.015000,0.0
12/09/2019 08:17:04.047000,0.0
12/09/2019 08:19:03.714000,0.24
12/09/2019 08:21:03.696000,1.0
12/09/2019 08:23:03.820000,1.21
12/09/2019 08:25:03.734000,1.43
12/09/2019 08:27:04.022000,1.63
12/09/2019 08:29:04.173000,1.25
12/09/2019 08:31:04.132000,1.56
12/09/2019 08:33:03.717000,1.31
12/09/2019 08:35:05.640000,1.55
12/09/2019 08:37:04.124000,1.49
12/09/2019 08:39:04.119000,1.38
12/09/2019 08:41:04.099000,1.87
12/09/2019 08:43:03.702000,2.12
12/09/2019 08:45:04.150000,1.57
12/09/2019 08:47:04.217000,1.62
12/09/2019 08:49:04.096000,1.54
12/09/2019 08:51:03.711000,1.74
12/09/2019 08:53:03.703000,2.0
12/09/2019 08:55:04.166000,1.33
12/09/2019 08:57:04.166000,2.03
12/09/2019 08:59:03.915000,1.81
12/09/2019 09:01:04.066000,2.1
12/09/2019 09:03:03.943000,2.39
12/09/2019 09:05:04.130000,2.26
12/09/2019 09:07:03.697000,2.17
12/09/2019 09:41:05.621000,1.9
12/09/2019 09:43:05.263000,1.81
12/09/2019 09:45:05.616000,2.07
12/09/2019 09:47:05.510000,1.64
12/09/2019 09:49:05.627000,2.06
12/09/2019 09:51:05.635000,2.26
12/09/2019 09:53:05.263000,2.19
12/09/2019 09:55:05.276000,2.2
12/09/2019 09:57:05.295000,2.17
12/09/2019 09:59:05.500000,1.99
12/09/2019 10:01:05.630000,1.87
12/09/2019 10:03:05.613000,2.31
12/09/2019 10:05:05.681000,2.01
12/09/2019 10:07:05.531000,2.46
12/09/2019 10:09:05.737000,2.33
12/09/2019 10:11:05.627000,2.03
12/09/2019 10:13:05.536000,2.34
12/09/2019 10:15:05.680000,2.14
12/09/2019 10:17:05.673000,2.51
12/09/2019 10:19:05.626000,2.51
12/09/2019 10:21:05.315000,2.09
12/09/2019 10:23:05.642000,2.33
12/09/2019 10:25:05.267000,2.31
12/09/2019 10:27:05.300000,2.32
12/09/2019 10:29:05.612000,2.08
12/09/2019 10:31:05.633000,2.27
12/09/2019 10:33:05.563000,2.09
12/09/2019 10:35:05.726000,1.86
12/09/2019 10:37:05.267000,2.63
12/09/2019 10:39:05.344000,2.14
12/09/2019 10:41:05.655000,2.42
12/09/2019 10:43:05.673000,2.29
12/09/2019 10:45:05.604000,2.34
12/09/2019 10:47:05.939000,2.32
12/09/2019 10:49:05.524000,2.64
12/09/2019 10:51:05.535000,2.51
12/09/2019 10:53:05.492000,2.77
12/09/2019 10:55:05.599000,2.45
12/09/2019 10:57:05.304000,2.34
12/09/2019 10:59:05.524000,2.54
12/09/2019 11:01:05.289000,2.4
12/09/2019 11:03:05.634000,2.47
12/09/2019 11:05:05.495000,2.46
12/09/2019 11:07:05.618000,2.68
12/09/2019 11:09:05.658000,2.67
12/09/2019 11:11:05.550000,2.4
12/09/2019 11:13:05.494000,2.51
12/09/2019 11:15:05.620000,2.71
12/09/2019 11:17:05.688000,2.82
12/09/2019 11:19:05.721000,2.94
12/09/2019 11:21:05.601000,2.7
12/09/2019 11:23:05.316000,2.65
12/09/2019 11:25:05.615000,2.61
12/09/2019 11:27:05.356000,3.48
12/09/2019 11:29:05.258000,2.73
12/09/2019 11:31:05.669000,2.93
12/09/2019 11:33:05.302000,3.45
12/09/2019 11:35:05.501000,3.63
12/09/2019 11:37:05.663000,3.39
12/09/2019 11:39:05.285000,3.57
12/09/2019 11:41:06.189000,3.42
12/09/2019 11:43:05.693000,2.97
12/09/2019 11:45:13.824000,3.8
12/09/2019 11:47:05.286000,3.93
12/09/2019 11:49:05.507000,4.06
12/09/2019 11:51:05.279000,3.69
12/09/2019 11:53:05.337000,3.39
12/09/2019 11:55:05.661000,2.79
12/09/2019 11:57:05.737000,4.03
12/09/2019 11:59:05.677000,3.69
12/09/2019 12:01:05.537000,2.87
12/09/2019 12:03:05.276000,3.89
12/09/2019 12:05:05.482000,3.37
12/09/2019 12:07:05.698000,3.4
12/09/2019 12:09:05.685000,3.25
12/09/2019 12:11:05.751000,3.7
12/09/2019 12:13:05.267000,3.52
12/09/2019 12:15:05.511000,3.5
12/09/2019 12:17:05.278000,3.01
12/09/2019 12:19:05.294000,3.03
12/09/2019 12:21:05.547000,3.61
12/09/2019 12:23:05.510000,3.04
12/09/2019 12:25:05.581000,3.27
12/09/2019 12:27:05.606000,3.14
12/09/2019 12:29:05.252000,3.25
12/09/2019 12:31:05.285000,2.61
12/09/2019 12:33:05.748000,2.26
12/09/2019 12:35:05.656000,3.71
12/09/2019 12:37:05.615000,2.97
12/09/2019 12:39:05.675000,2.62
12/09/2019 12:41:05.873000,3.16
12/09/2019 12:43:05.521000,3.5
12/09/2019 12:45:05.613000,3.15
12/09/2019 12:47:05.698000,3.69
12/09/2019 12:49:05.600000,3.75
12/09/2019 12:51:05.743000,3.49
12/09/2019 12:53:05.284000,2.59
12/09/2019 12:55:05.245000,3.77
12/09/2019 12:57:05.544000,4.25
12/09/2019 12:59:05.736000,3.4
12/09/2019 13:01:05.702000,4.25
12/09/2019 13:03:05.517000,3.08
12/09/2019 13:05:05.478000,2.81
12/09/2019 13:07:05.302000,2.88
12/09/2019 13:09:05.531000,4.99
12/09/2019 13:11:05.518000,5.24
12/09/2019 13:13:05.723000,3.89
12/09/2019 13:15:05.612000,2.73
12/09/2019 13:17:05.274000,2.72
12/09/2019 13:19:05.494000,4.18
12/09/2019 13:21:05.635000,2.9
12/09/2019 13:23:05.655000,3.22
12/09/2019 13:25:05.755000,4.36
12/09/2019 13:27:05.276000,3.9
12/09/2019 13:29:05.269000,3.0
12/09/2019 13:31:05.620000,3.36
12/09/2019 13:33:05.643000,7.45
12/09/2019 13:35:05.505000,6.23
12/09/2019 13:37:05.500000,5.96
12/09/2019 13:39:05.735000,7.0
12/09/2019 13:41:05.674000,7.28
12/09/2019 13:43:05.483000,5.71
12/09/2019 13:45:05.884000,5.54
12/09/2019 13:47:05.633000,6.22
12/09/2019 13:49:05.637000,5.67
12/09/2019 13:51:05.626000,6.04
12/09/2019 13:53:05.253000,6.19
12/09/2019 13:55:05.595000,6.0
12/09/2019 13:57:05.253000,6.03
12/09/2019 13:59:05.640000,5.28
12/09/2019 14:01:05.647000,6.57
12/09/2019 14:03:05.658000,5.81
12/09/2019 14:05:05.649000,6.26
12/09/2019 14:07:05.591000,6.22
12/09/2019 14:09:05.510000,6.36
12/09/2019 14:11:05.247000,7.19
12/09/2019 14:13:05.742000,5.9
12/09/2019 14:15:05.257000,6.27
12/09/2019 14:17:05.637000,6.75
12/09/2019 14:19:05.653000,6.07
12/09/2019 14:21:05.518000,5.72
12/09/2019 14:23:05.276000,5.85
12/09/2019 14:25:06.047000,6.25
12/09/2019 14:27:05.253000,6.72
12/09/2019 14:29:05.602000,6.5
12/09/2019 14:31:05.540000,6.3
12/09/2019 14:33:05.255000,7.27
12/09/2019 14:35:05.469000,7.43
12/09/2019 14:37:05.736000,8.42
12/09/2019 14:39:05.255000,7.74
12/09/2019 14:41:05.718000,8.24
12/09/2019 14:43:05.638000,7.24
12/09/2019 14:45:05.834000,7.91
12/09/2019 14:47:05.738000,7.88
12/09/2019 14:49:05.323000,7.74
12/09/2019 14:51:05.671000,8.45
12/09/2019 14:53:05.529000,6.8
12/09/2019 14:55:05.728000,8.13
12/09/2019 14:57:05.711000,6.38
12/09/2019 14:59:05.591000,6.68
12/09/2019 15:01:05.621000,7.11
12/09/2019 15:03:05.598000,6.54
12/09/2019 15:05:05.284000,7.12
12/09/2019 15:07:05.484000,6.44
12/09/2019 15:09:05.352000,6.51
12/09/2019 15:11:05.258000,6.18
12/09/2019 15:13:05.272000,5.99
12/09/2019 15:15:05.668000,6.04
12/09/2019 15:17:05.622000,5.91
12/09/2019 15:19:05.571000,5.85
12/09/2019 15:21:05.712000,5.87
12/09/2019 15:23:05.290000,6.37
12/09/2019 15:25:05.851000,6.18
12/09/2019 15:27:05.485000,6.76
12/09/2019 15:29:05.709000,7.75
12/09/2019 15:31:05.623000,6.31
12/09/2019 15:33:05.577000,7.07
12/09/2019 15:35:05.461000,6.75
12/09/2019 15:37:05.755000,6.67
12/09/2019 15:39:05.589000,7.38
12/09/2019 15:41:05.962000,6.78
12/09/2019 15:43:05.825000,6.99
12/09/2019 15:45:06.072000,6.46
12/09/2019 15:47:05.573000,6.51
12/09/2019 15:49:05.650000,7.03
12/09/2019 15:51:05.494000,6.41
12/09/2019 15:53:05.570000,7.38
12/09/2019 15:55:05.326000,6.77
12/09/2019 15:57:05.733000,6.1
12/09/2019 15:59:05.618000,7.72
12/09/2019 16:01:05.684000,6.38
12/09/2019 16:03:05.641000,6.71
12/09/2019 16:05:05.557000,6.22
12/09/2019 16:07:05.238000,6.54
12/09/2019 16:09:05.719000,7.03
12/09/2019 16:11:05.692000,6.91
12/09/2019 16:13:05.571000,7.73
12/09/2019 16:15:05.593000,6.85
12/09/2019 16:17:05.496000,7.93
12/09/2019 16:19:05.767000,7.97
12/09/2019 16:21:05.728000,8.88
12/09/2019 16:23:05.625000,9.03
12/09/2019 16:25:05.735000,8.66
12/09/2019 16:27:05.654000,9.38
12/09/2019 16:29:05.302000,8.68
12/09/2019 16:31:05.618000,9.44
12/09/2019 16:33:05.339000,9.88
12/09/2019 16:35:05.943000,10.37
12/09/2019 16:37:05.574000,10.12
12/09/2019 16:39:05.565000,8.65
12/09/2019 16:41:06.125000,8.36
12/09/2019 16:43:06.322000,8.07
12/09/2019 16:45:05.460000,8.41
12/09/2019 16:47:05.585000,9.03
12/09/2019 16:49:05.661000,8.5
12/09/2019 16:51:05.638000,8.15
12/09/2019 16:53:05.695000,9.3
12/09/2019 16:55:05.243000,9.93
12/09/2019 16:57:05.275000,8.87
12/09/2019 16:59:05.241000,8.51
12/09/2019 17:01:05.650000,7.72
12/09/2019 17:03:05.500000,7.91
12/09/2019 17:05:05.233000,7.75
12/09/2019 17:07:05.603000,8.6
12/09/2019 17:09:05.647000,9.13
12/09/2019 17:11:05.591000,8.36
12/09/2019 17:13:05.699000,9.07
12/09/2019 17:15:05.731000,9.67
12/09/2019 17:17:05.637000,10.23
12/09/2019 17:19:05.637000,7.97
12/09/2019 17:21:05.613000,7.96
12/09/2019 17:23:05.574000,7.39
12/09/2019 17:25:05.720000,7.31
12/09/2019 17:27:05.657000,7.07
12/09/2019 17:29:05.492000,7.6
12/09/2019 17:31:05.482000,7.99
12/09/2019 17:33:05.638000,8.59
12/09/2019 17:35:05.632000,8.41
12/09/2019 17:37:05.566000,7.71
12/09/2019 17:39:05.484000,7.41
12/09/2019 17:41:05.903000,7.59
12/09/2019 17:43:05.261000,5.87
12/09/2019 17:45:05.502000,5.86
12/09/2019 17:47:05.240000,5.96
12/09/2019 17:49:05.626000,6.06
12/09/2019 17:51:05.250000,6.93
12/09/2019 17:53:05.501000,6.99
12/09/2019 17:55:05.573000,7.28
12/09/2019 17:57:05.569000,7.03
12/09/2019 17:59:05.642000,7.24
12/09/2019 18:01:05.714000,7.69
12/09/2019 18:03:05.566000,7.28
12/09/2019 18:05:05.608000,7.31
12/09/2019 18:07:05.634000,6.59
12/09/2019 18:09:05.626000,7.19
12/09/2019 18:11:05.241000,7.79
12/09/2019 18:13:05.689000,6.9
12/09/2019 18:15:05.666000,6.81
12/09/2019 18:17:05.721000,6.82
12/09/2019 18:19:05.584000,6.92
12/09/2019 18:21:05.574000,6.78
12/09/2019 18:23:05.650000,6.49
12/09/2019 18:25:05.255000,6.61
12/09/2019 18:27:05.263000,6.31
12/09/2019 18:29:05.237000,7.44
12/09/2019 18:31:05.586000,6.97
12/09/2019 18:33:05.600000,6.25
12/09/2019 18:35:05.293000,6.09
12/09/2019 18:37:05.477000,6.26
12/09/2019 18:39:05.228000,6.53
12/09/2019 18:41:06.142000,6.32
12/09/2019 18:43:05.447000,7.39
12/09/2019 18:45:05.260000,6.09
12/09/2019 18:47:05.476000,6.19
12/09/2019 18:49:05.584000,6.45
12/09/2019 18:51:05.418000,5.9
12/09/2019 18:53:05.612000,7.52
12/09/2019 18:55:05.573000,7.82
12/09/2019 18:57:05.647000,7.38
12/09/2019 18:59:05.260000,8.48
12/09/2019 19:01:05.242000,8.41
12/09/2019 19:03:05.600000,7.49
12/09/2019 19:05:05.286000,7.4
12/09/2019 19:07:05.588000,7.83
12/09/2019 19:09:05.547000,7.65
12/09/2019 19:11:05.284000,8.06
12/09/2019 19:13:05.665000,7.48
12/09/2019 19:15:05.560000,7.13
12/09/2019 19:17:05.685000,8.27
12/09/2019 19:19:05.488000,8.2
12/09/2019 19:21:05.549000,9.38
12/09/2019 19:23:05.265000,8.48
12/09/2019 19:25:05.250000,8.44
12/09/2019 19:27:05.349000,8.75
12/09/2019 19:29:05.454000,8.55
12/09/2019 19:31:05.518000,8.6
12/09/2019 19:33:05.942000,7.97
12/09/2019 19:35:05.570000,9.23
12/09/2019 19:37:05.612000,8.33
12/09/2019 19:39:05.238000,7.96
12/09/2019 19:41:06.195000,7.51
12/09/2019 19:43:05.623000,7.13
12/09/2019 19:45:05.784000,7.01
12/09/2019 19:47:05.650000,6.76
12/09/2019 19:49:05.621000,6.8
12/09/2019 19:51:05.251000,6.52
12/09/2019 19:53:05.475000,6.29
12/09/2019 19:55:05.742000,6.54
12/09/2019 19:57:05.581000,6.86
12/09/2019 19:59:05.245000,6.42
12/09/2019 20:01:05.639000,6.14
12/09/2019 20:03:05.654000,6.76
12/09/2019 20:05:05.575000,5.81
12/09/2019 20:07:05.561000,5.07
12/09/2019 20:09:05.483000,5.93
12/09/2019 20:11:05.653000,5.64
12/09/2019 20:13:05.239000,6.82
12/09/2019 20:15:05.743000,5.86
12/09/2019 20:17:05.229000,6.23
12/09/2019 20:19:05.653000,6.03
12/09/2019 20:21:05.554000,5.1
12/09/2019 20:23:05.282000,6.28
12/09/2019 20:25:05.275000,5.65
12/09/2019 20:27:05.605000,6.71
12/09/2019 20:29:05.610000,6.33
12/09/2019 20:31:05.638000,6.58
12/09/2019 20:33:05.830000,4.92
12/09/2019 20:35:05.251000,5.96
12/09/2019 20:37:05.734000,5.59
12/09/2019 20:39:05.247000,5.9
12/09/2019 20:41:05.752000,5.38
12/09/2019 20:43:05.242000,5.58
12/09/2019 20:45:05.923000,4.39
12/09/2019 20:47:05.736000,5.69
12/09/2019 20:49:05.663000,5.06
12/09/2019 20:51:05.800000,5.3
12/09/2019 20:53:05.675000,5.28
12/09/2019 20:55:05.689000,4.79
12/09/2019 20:57:05.564000,5.11
12/09/2019 20:59:05.621000,4.74
12/09/2019 21:01:05.264000,3.99
12/09/2019 21:03:05.652000,5.5
12/09/2019 21:05:05.961000,5.9
12/09/2019 21:07:05.231000,5.39
12/09/2019 21:09:05.666000,4.81
12/09/2019 21:11:05.237000,6.62
12/09/2019 21:13:05.327000,6.36
12/09/2019 21:15:05.606000,5.54
12/09/2019 21:17:05.573000,5.37
12/09/2019 21:19:05.484000,6.42
12/09/2019 21:21:05.470000,5.74
12/09/2019 21:23:05.464000,5.83
12/09/2019 21:25:05.248000,5.1
12/09/2019 21:27:05.590000,4.75
12/09/2019 21:29:05.600000,5.69
12/09/2019 21:31:05.562000,6.09
12/09/2019 21:33:05.635000,4.89
12/09/2019 21:35:05.476000,5.38
12/09/2019 21:37:05.590000,6.11
12/09/2019 21:39:05.487000,4.97
12/09/2019 21:41:05.530000,5.56
12/09/2019 21:43:05.529000,5.54
12/09/2019 21:45:05.569000,6.12
12/09/2019 21:47:05.471000,5.59
12/09/2019 21:49:05.455000,5.53
12/09/2019 21:51:05.236000,5.1
12/09/2019 21:53:05.570000,5.04
12/09/2019 21:55:05.671000,5.74
12/09/2019 21:57:05.571000,4.9
12/09/2019 21:59:05.475000,5.09
12/09/2019 22:01:05.646000,5.16
12/09/2019 22:03:05.475000,5.64
12/09/2019 22:05:05.469000,4.8
12/09/2019 22:07:05.575000,4.14
12/09/2019 22:09:06.119000,5.74
12/09/2019 22:11:05.739000,4.84
12/09/2019 22:13:05.624000,5.01
12/09/2019 22:15:05.728000,5.38
12/09/2019 22:17:05.581000,4.5
12/09/2019 22:19:05.616000,4.38
12/09/2019 22:21:05.742000,4.24
12/09/2019 22:23:06.320000,4.99
12/09/2019 22:25:05.657000,5.2
12/09/2019 22:27:06.062000,5.4
12/09/2019 22:29:06.223000,6.65
12/09/2019 22:31:05.576000,5.99
12/09/2019 22:33:05.481000,5.93
12/09/2019 22:35:05.718000,5.31
12/09/2019 22:37:05.592000,5.16
12/09/2019 22:39:05.255000,5.63
12/09/2019 22:41:07.624000,6.28
12/09/2019 22:43:05.237000,4.74
12/09/2019 22:45:05.739000,6.22
12/09/2019 22:47:05.655000,6.79
12/09/2019 22:49:05.559000,6.56
12/09/2019 22:51:05.532000,5.72
12/09/2019 22:53:05.232000,6.54
12/09/2019 22:55:05.684000,5.51
12/09/2019 22:57:05.723000,5.96
12/09/2019 22:59:05.574000,5.99
12/09/2019 23:01:05.627000,5.85
12/09/2019 23:03:05.260000,5.54
12/09/2019 23:05:05.688000,5.66
12/09/2019 23:07:05.723000,5.84
12/09/2019 23:09:05.346000,5.59
12/09/2019 23:11:05.651000,6.67
12/09/2019 23:13:05.591000,5.86
12/09/2019 23:15:05.614000,5.83
12/09/2019 23:17:05.718000,6.0
12/09/2019 23:19:05.250000,6.12
12/09/2019 23:21:05.239000,5.48
12/09/2019 23:23:05.219000,6.55
12/09/2019 23:25:05.502000,6.21
12/09/2019 23:27:05.478000,6.64
12/09/2019 23:29:05.616000,5.81
12/09/2019 23:31:05.570000,6.16
12/09/2019 23:33:05.510000,5.76
12/09/2019 23:35:05.711000,5.78
12/09/2019 23:37:05.626000,5.79
12/09/2019 23:39:05.695000,5.7
12/09/2019 23:41:05.842000,6.45
12/09/2019 23:43:05.230000,7.16
12/09/2019 23:45:05.664000,8.5
12/09/2019 23:47:05.568000,9.75
12/09/2019 23:49:05.627000,9.52
12/09/2019 23:51:05.713000,9.04
12/09/2019 23:53:05.625000,7.42
12/09/2019 23:55:05.564000,8.09
12/09/2019 23:57:05.620000,8.56
12/09/2019 23:59:05.637000,7.88
12/10/2019 00:01:05.301000,8.55
12/10/2019 00:03:05.626000,7.03
12/10/2019 00:05:05.672000,7.85
12/10/2019 00:07:05.475000,7.51
12/10/2019 00:09:05.438000,8.52
12/10/2019 00:11:05.223000,6.54
12/10/2019 00:13:05.485000,7.71
12/10/2019 00:15:05.544000,7.26
12/10/2019 00:17:05.606000,6.45
12/10/2019 00:19:05.433000,6.68
12/10/2019 00:21:05.471000,7.6
12/10/2019 00:23:05.731000,7.3
12/10/2019 00:25:05.593000,6.49
12/10/2019 00:27:05.388000,6.74
12/10/2019 00:29:05.569000,7.62
12/10/2019 00:31:05.475000,6.66
12/10/2019 00:33:05.581000,7.66
12/10/2019 00:35:05.238000,6.51
12/10/2019 00:37:05.595000,8.0
12/10/2019 00:39:05.683000,7.75
12/10/2019 00:41:05.921000,8.49
12/10/2019 00:43:05.469000,7.94
12/10/2019 00:45:05.615000,6.99
12/10/2019 00:47:05.563000,7.49
12/10/2019 00:49:05.575000,6.81
12/10/2019 00:51:05.716000,6.99
12/10/2019 00:53:05.606000,6.89
12/10/2019 00:55:05.565000,8.46
12/10/2019 00:57:05.215000,7.27
12/10/2019 00:59:05.609000,6.54
12/10/2019 01:01:05.544000,7.93
12/10/2019 01:03:05.656000,8.99
12/10/2019 01:05:05.574000,10.0
12/10/2019 01:07:05.670000,12.1
12/10/2019 01:09:05.589000,11.16
12/10/2019 01:11:05.601000,11.24
12/10/2019 01:13:05.645000,12.15
12/10/2019 01:15:05.572000,11.59
12/10/2019 01:17:05.455000,43.97
12/10/2019 01:19:05.710000,42.45
12/10/2019 01:21:05.565000,47.46
12/10/2019 01:23:05.295000,26.26
12/10/2019 01:25:05.449000,27.35
12/10/2019 01:27:05.605000,23.06
12/10/2019 01:29:05.634000,33.35
12/10/2019 01:31:05.449000,26.56
12/10/2019 01:33:05.659000,13.87
12/10/2019 01:35:05.665000,11.93
12/10/2019 01:37:05.471000,11.19
12/10/2019 01:39:05.575000,11.86
12/10/2019 01:41:06.006000,11.89
12/10/2019 01:43:05.640000,12.42
12/10/2019 01:45:05.728000,12.97
12/10/2019 01:47:05.500000,11.67
12/10/2019 01:49:05.439000,11.28
12/10/2019 01:51:05.568000,11.0
12/10/2019 01:53:05.244000,11.31
12/10/2019 01:55:05.461000,12.7
12/10/2019 01:57:05.562000,14.49
12/10/2019 01:59:05.605000,17.44
12/10/2019 02:01:05.679000,21.0
12/10/2019 02:03:05.547000,20.84
12/10/2019 02:05:06.421000,11.97
12/10/2019 02:07:05.435000,11.46
12/10/2019 02:09:05.580000,11.78
12/10/2019 02:11:05.575000,11.9
12/10/2019 02:13:05.526000,11.89
12/10/2019 02:15:05.579000,12.2
12/10/2019 02:17:05.212000,23.52
12/10/2019 02:19:05.223000,18.97
12/10/2019 02:21:05.567000,18.13
12/10/2019 02:23:05.571000,17.82
12/10/2019 02:25:05.603000,15.56
12/10/2019 02:27:05.442000,16.14
12/10/2019 02:29:05.595000,15.59
12/10/2019 02:31:05.493000,22.37
12/10/2019 02:33:05.234000,18.57
12/10/2019 02:35:05.574000,15.94
12/10/2019 02:37:05.730000,14.68
12/10/2019 02:39:05.207000,14.8
12/10/2019 02:41:05.639000,13.94
12/10/2019 02:43:05.216000,13.5
12/10/2019 02:45:05.418000,15.96
12/10/2019 02:47:05.599000,15.13
12/10/2019 02:49:05.632000,15.68
12/10/2019 02:51:05.642000,16.84
12/10/2019 02:53:05.726000,16.57
12/10/2019 02:55:05.440000,17.13
12/10/2019 02:57:05.620000,13.49
12/10/2019 02:59:05.552000,14.4
12/10/2019 03:01:05.574000,15.62
12/10/2019 03:03:05.557000,15.85
12/10/2019 03:05:05.521000,15.1
12/10/2019 03:07:05.209000,12.91
12/10/2019 03:09:05.706000,11.63
12/10/2019 03:11:05.598000,12.83
12/10/2019 03:13:05.570000,12.61
12/10/2019 03:15:06.027000,14.43
12/10/2019 03:17:05.437000,11.54
12/10/2019 03:19:05.548000,11.6
12/10/2019 03:21:05.499000,11.59
12/10/2019 03:23:05.596000,11.87
12/10/2019 03:25:05.298000,11.84
12/10/2019 03:27:05.471000,12.82
12/10/2019 03:29:05.450000,11.46
12/10/2019 03:31:05.599000,9.49
12/10/2019 03:33:05.587000,10.54
12/10/2019 03:35:05.552000,11.03
12/10/2019 03:37:05.518000,10.13
12/10/2019 03:39:05.673000,10.87
12/10/2019 03:41:05.548000,9.97
12/10/2019 03:43:05.791000,9.42
12/10/2019 03:45:05.453000,11.75
12/10/2019 03:47:05.418000,9.84
12/10/2019 03:49:05.302000,9.42
12/10/2019 03:51:05.612000,10.63
12/10/2019 03:53:05.684000,10.75
12/10/2019 03:55:05.534000,10.06
12/10/2019 03:57:05.521000,12.06
12/10/2019 03:59:05.438000,10.48
12/10/2019 04:01:05.538000,11.49
12/10/2019 04:03:05.638000,17.59
12/10/2019 04:05:05.594000,12.75
12/10/2019 04:07:05.696000,11.26
12/10/2019 04:09:05.195000,9.93
12/10/2019 04:13:05.619000,12.61
12/10/2019 04:15:05.434000,10.82
12/10/2019 04:17:05.520000,10.79
12/10/2019 04:19:05.421000,10.91
12/10/2019 04:21:05.540000,12.03
12/10/2019 04:23:05.507000,11.93
12/10/2019 04:25:05.616000,11.39
12/10/2019 04:27:05.192000,11.91
12/10/2019 04:29:05.434000,10.59
12/10/2019 04:31:05.584000,10.9
12/10/2019 04:33:05.532000,10.91
12/10/2019 04:35:05.231000,11.34
12/10/2019 04:37:05.550000,9.91
12/10/2019 04:39:05.251000,10.83
12/10/2019 04:41:06.001000,12.0
12/10/2019 04:43:05.621000,13.09
12/10/2019 04:45:05.419000,12.69
12/10/2019 04:47:05.534000,12.42
12/10/2019 04:49:05.516000,12.34
12/10/2019 04:51:05.561000,12.34
12/10/2019 04:53:05.582000,13.09
12/10/2019 04:55:05.606000,12.88
12/10/2019 04:57:05.613000,11.87
12/10/2019 04:59:05.518000,13.19
12/10/2019 05:01:05.606000,14.4
12/10/2019 05:03:05.434000,13.89
12/10/2019 05:05:05.620000,12.73
12/10/2019 05:07:05.431000,14.22
12/10/2019 05:11:05.201000,12.1
12/10/2019 05:13:05.542000,12.79
12/10/2019 05:15:05.504000,13.58
12/10/2019 05:17:05.639000,13.38
12/10/2019 05:19:05.435000,12.69
12/10/2019 05:21:05.198000,14.26
12/10/2019 05:23:05.609000,14.55
12/10/2019 05:25:05.436000,13.15
12/10/2019 05:27:05.203000,14.61
12/10/2019 05:29:05.535000,14.55
12/10/2019 05:31:05.445000,13.74
12/10/2019 05:33:05.412000,13.02
12/10/2019 05:35:05.726000,12.52
12/10/2019 05:37:05.611000,14.15
12/10/2019 05:39:05.644000,13.59
12/10/2019 05:41:05.852000,14.76
12/10/2019 05:43:05.557000,15.67
12/10/2019 05:45:05.674000,14.29
12/10/2019 05:47:05.535000,14.09
12/10/2019 05:49:05.553000,15.55
12/10/2019 05:51:05.573000,15.72
12/10/2019 05:53:05.498000,15.33
12/10/2019 05:55:05.604000,15.03
12/10/2019 05:57:05.423000,13.84
12/10/2019 05:59:05.240000,13.72
12/10/2019 06:01:05.176000,14.74
12/10/2019 06:03:05.528000,13.69
12/10/2019 06:05:05.545000,14.07
12/10/2019 06:07:05.579000,13.33
12/10/2019 06:09:05.431000,13.91
12/10/2019 06:11:05.562000,13.8
12/10/2019 06:13:05.515000,12.83
12/10/2019 06:15:05.176000,14.25
12/10/2019 06:17:05.675000,14.12
12/10/2019 06:19:05.392000,14.24
12/10/2019 06:21:05.581000,13.51
12/10/2019 06:23:05.640000,13.1
12/10/2019 06:25:05.432000,13.03
12/10/2019 06:27:05.605000,13.77
12/10/2019 06:29:05.196000,14.38
12/10/2019 06:31:05.516000,13.47
12/10/2019 06:33:05.526000,12.42
12/10/2019 06:35:05.473000,12.84
12/10/2019 06:37:05.517000,13.21
12/10/2019 06:39:05.504000,12.63
12/10/2019 06:41:05.951000,13.74
12/10/2019 06:43:05.189000,15.68
12/10/2019 06:45:05.536000,13.13
12/10/2019 06:47:05.653000,12.51
12/10/2019 06:49:05.416000,13.59
12/10/2019 06:51:05.754000,15.45
12/10/2019 06:53:05.523000,14.4
12/10/2019 06:55:05.750000,14.56
12/10/2019 06:57:05.517000,14.37
12/10/2019 06:59:05.519000,14.85
12/10/2019 07:01:05.730000,12.49
12/10/2019 07:03:05.438000,13.58
12/10/2019 07:05:05.535000,15.25
12/10/2019 07:07:05.532000,13.75
12/10/2019 07:09:05.568000,14.74
12/10/2019 07:11:05.607000,15.18
12/10/2019 07:13:05.565000,14.12
12/10/2019 07:15:05.210000,14.25
12/10/2019 07:17:05.489000,14.73
12/10/2019 07:19:05.432000,14.13
12/10/2019 07:21:05.563000,18.19
12/10/2019 07:23:05.182000,16.07
12/10/2019 07:25:05.595000,16.4
12/10/2019 07:27:05.408000,17.46
12/10/2019 07:29:05.400000,16.61
12/10/2019 07:31:05.536000,17.97
12/10/2019 07:33:05.651000,15.58
12/10/2019 07:35:05.579000,17.54
12/10/2019 07:37:05.450000,15.36
12/10/2019 07:39:05.580000,15.18
12/10/2019 07:41:05.559000,17.27
12/10/2019 07:43:05.828000,15.57
12/10/2019 07:45:05.187000,15.68
12/10/2019 07:47:05.398000,16.21
12/10/2019 07:49:05.494000,14.97
12/10/2019 07:51:05.655000,16.51
12/10/2019 07:53:05.181000,16.45
12/10/2019 07:55:05.557000,16.28
12/10/2019 07:57:05.575000,16.88
12/10/2019 07:59:05.525000,15.03
12/10/2019 08:01:05.448000,16.18
12/10/2019 08:03:05.629000,16.39
12/10/2019 08:05:05.511000,16.12
12/10/2019 08:07:05.413000,14.75
12/10/2019 08:09:05.153000,15.81
12/10/2019 08:11:05.231000,16.0
12/10/2019 08:13:05.560000,15.33
12/10/2019 08:15:05.572000,15.72
12/10/2019 08:17:05.500000,15.93
12/10/2019 08:19:05.389000,15.7
12/10/2019 08:21:05.167000,15.07
12/10/2019 08:23:05.521000,16.82
12/10/2019 08:25:05.731000,16.35
12/10/2019 08:27:05.162000,15.35
12/10/2019 08:29:05.455000,15.33
12/10/2019 08:31:05.536000,14.3
12/10/2019 08:33:05.519000,15.6
12/10/2019 08:35:05.164000,14.54
12/10/2019 08:37:05.501000,13.83
12/10/2019 08:39:05.207000,14.71
12/10/2019 08:41:05.857000,14.58
12/10/2019 08:43:05.177000,16.0
12/10/2019 08:45:05.636000,15.96
12/10/2019 08:47:05.550000,15.19
12/10/2019 08:49:05.505000,14.83
12/10/2019 08:51:05.560000,14.03
12/10/2019 08:53:05.508000,14.75
12/10/2019 08:55:05.489000,15.26
12/10/2019 08:57:05.502000,14.78
12/10/2019 08:59:05.569000,15.15
12/10/2019 09:01:05.495000,14.39
12/10/2019 09:03:05.597000,15.51
12/10/2019 09:05:05.149000,13.43
12/10/2019 09:07:05.246000,14.14
12/10/2019 09:47:06.997000,14.31
12/10/2019 09:49:07.126000,13.46
12/10/2019 09:51:07.321000,15.49
12/10/2019 09:53:07.115000,14.22
12/10/2019 09:55:07.076000,14.22
12/10/2019 09:57:07.112000,14.06
12/10/2019 09:59:07.121000,13.83
12/10/2019 10:01:07.088000,14.17
12/10/2019 10:03:07.335000,12.97
12/10/2019 10:05:07.225000,12.65
12/10/2019 10:07:07.090000,12.72
12/10/2019 10:09:07.197000,11.46
12/10/2019 10:11:07.051000,12.05
12/10/2019 10:13:06.793000,11.19
12/10/2019 10:15:07.102000,11.44
12/10/2019 10:17:06.796000,12.81
12/10/2019 10:19:07.087000,12.63
12/10/2019 10:21:07.073000,11.87
12/10/2019 10:23:07.169000,11.36
12/10/2019 10:25:07.304000,12.29
12/10/2019 10:27:07.236000,10.75
12/10/2019 10:29:07.173000,11.16
12/10/2019 10:31:06.791000,11.37
12/10/2019 10:33:07.247000,12.07
12/10/2019 10:35:06.770000,12.42
12/10/2019 10:37:07.105000,12.01
12/10/2019 10:39:06.984000,12.57
12/10/2019 10:41:07.220000,12.18
12/10/2019 10:43:06.777000,12.03
12/10/2019 10:45:07.149000,11.72
12/10/2019 10:47:07.457000,10.61
12/10/2019 10:49:07.103000,12.49
12/10/2019 10:51:07.268000,11.71
12/10/2019 10:53:07.235000,12.24
12/10/2019 10:55:07.157000,11.47
12/10/2019 10:57:06.978000,10.21
12/10/2019 10:59:07.321000,11.86
12/10/2019 11:01:07.169000,11.13
12/10/2019 11:03:06.836000,11.45
12/10/2019 11:05:07.102000,10.79
12/10/2019 11:07:06.996000,11.06
12/10/2019 11:09:07.223000,11.96
12/10/2019 11:11:07.274000,11.46
12/10/2019 11:13:07.230000,12.39
12/10/2019 11:15:07.127000,12.13
12/10/2019 11:17:07.150000,11.65
12/10/2019 11:19:06.788000,10.75
12/10/2019 11:21:06.758000,12.28
12/10/2019 11:23:06.767000,12.3
12/10/2019 11:25:07.265000,13.55
12/10/2019 11:27:07.074000,13.35
12/10/2019 11:29:06.985000,12.06
12/10/2019 11:31:07.001000,12.09
12/10/2019 11:33:06.778000,11.07
12/10/2019 11:35:07.081000,12.0
12/10/2019 11:37:07.245000,12.51
12/10/2019 11:39:06.775000,11.5
12/10/2019 11:41:07.095000,11.31
12/10/2019 11:43:06.992000,12.14
12/10/2019 11:45:06.760000,13.72
12/10/2019 11:47:07.084000,13.0
12/10/2019 11:49:06.989000,15.32
12/10/2019 11:51:07.229000,13.78
12/10/2019 11:53:07.148000,13.7
12/10/2019 11:55:07.133000,15.85
12/10/2019 11:57:07.076000,14.43
12/10/2019 11:59:07.161000,15.81
12/10/2019 12:01:07.139000,15.54
12/10/2019 12:03:06.965000,15.27
12/10/2019 12:05:06.765000,16.0
12/10/2019 12:07:07.103000,16.81
12/10/2019 12:09:07.068000,17.03
12/10/2019 12:11:07.068000,16.55
12/10/2019 12:13:07.083000,16.61
12/10/2019 12:15:06.972000,17.29
12/10/2019 12:17:07.200000,16.04
12/10/2019 12:19:06.755000,16.94
12/10/2019 12:21:07.004000,17.34
12/10/2019 12:23:07.215000,16.21
12/10/2019 12:25:06.768000,17.61
12/10/2019 12:27:07.143000,17.13
12/10/2019 12:29:06.756000,18.2
12/10/2019 12:31:06.749000,18.11
12/10/2019 12:33:07.156000,16.84
12/10/2019 12:35:07.204000,19.28
12/10/2019 12:37:07.080000,16.48
12/10/2019 12:39:07.062000,16.4
12/10/2019 12:41:08.059000,17.76
12/10/2019 12:43:06.818000,20.35
12/10/2019 12:45:07.154000,18.13
12/10/2019 12:47:07.434000,18.78
12/10/2019 12:49:07.200000,19.23
12/10/2019 12:51:06.962000,19.3
12/10/2019 12:53:07.196000,21.38
12/10/2019 12:55:07.198000,22.84
12/10/2019 12:57:06.819000,20.36
12/10/2019 12:59:07.033000,19.61
12/10/2019 13:01:06.758000,21.61
12/10/2019 13:03:06.962000,18.34
12/10/2019 13:05:07.083000,19.48
12/10/2019 13:07:07.069000,16.93
12/10/2019 13:11:06.782000,19.36
12/10/2019 13:13:07.151000,21.16
12/10/2019 13:15:07.228000,18.45
12/10/2019 13:17:06.951000,19.73
12/10/2019 13:19:07.082000,19.1
12/10/2019 13:21:07.011000,21.32
12/10/2019 13:23:06.917000,19.87
12/10/2019 13:25:06.762000,19.51
12/10/2019 13:27:07.097000,22.49
12/10/2019 13:29:06.962000,20.27
12/10/2019 13:31:07.052000,18.75
12/10/2019 13:33:06.737000,19.8
12/10/2019 13:35:06.758000,24.06
12/10/2019 13:37:06.952000,20.04
12/10/2019 13:39:06.753000,18.97
12/10/2019 13:41:06.755000,18.66
12/10/2019 13:43:07.316000,19.74
12/10/2019 13:45:06.966000,21.16
12/10/2019 13:47:07.564000,21.74
12/10/2019 13:49:06.756000,21.48
12/10/2019 13:51:06.943000,24.12
12/10/2019 13:53:07.125000,21.25
12/10/2019 13:55:07.011000,22.03
12/10/2019 13:57:06.752000,22.31
12/10/2019 13:59:07.209000,21.51
12/10/2019 14:01:07.217000,20.38
12/10/2019 14:03:07.154000,19.51
12/10/2019 14:05:06.723000,21.17
12/10/2019 14:07:06.964000,21.96
12/10/2019 14:09:07.063000,19.88
12/10/2019 14:11:06.744000,19.51
12/10/2019 14:13:06.857000,19.27
12/10/2019 14:15:06.968000,19.7
12/10/2019 14:17:07.056000,23.5
12/10/2019 14:19:07.137000,18.84
12/10/2019 14:21:06.953000,19.01
12/10/2019 14:23:06.942000,18.06
12/10/2019 14:25:06.716000,21.66
12/10/2019 14:27:07.205000,19.3
12/10/2019 14:29:07.131000,22.1
12/10/2019 14:31:07.291000,17.92
12/10/2019 14:33:06.729000,21.87
12/10/2019 14:35:07.194000,20.33
12/10/2019 14:37:06.943000,19.75
12/10/2019 14:39:06.964000,18.82
12/10/2019 14:41:07.114000,17.91
12/10/2019 14:43:07.130000,18.28
12/10/2019 14:45:06.963000,18.4
12/10/2019 14:47:07.224000,16.97
12/10/2019 14:49:07.058000,17.23
12/10/2019 14:51:06.721000,17.04
12/10/2019 14:53:06.965000,15.63
12/10/2019 14:55:07.254000,16.04
12/10/2019 14:57:07.079000,18.07
12/10/2019 14:59:07.106000,17.13
12/10/2019 15:01:07.059000,16.71
12/10/2019 15:03:07.131000,17.32
12/10/2019 15:05:06.713000,19.19
12/10/2019 15:07:07.111000,17.09
12/10/2019 15:09:07.154000,16.42
12/10/2019 15:11:07.287000,17.85
12/10/2019 15:13:07.835000,15.78
12/10/2019 15:15:07.094000,16.49
12/10/2019 15:17:07.191000,15.98
12/10/2019 15:19:07.130000,17.84
12/10/2019 15:21:07.122000,16.59
12/10/2019 15:23:06.743000,18.84
12/10/2019 15:25:07.098000,18.93
12/10/2019 15:27:07.789000,19.12
12/10/2019 15:29:06.933000,18.93
12/10/2019 15:31:07.205000,17.74
12/10/2019 15:33:07.104000,17.28
12/10/2019 15:35:07.224000,18.57
12/10/2019 15:37:06.734000,17.81
12/10/2019 15:39:06.990000,20.44
12/10/2019 15:41:07.030000,20.28
12/10/2019 15:43:06.937000,23.52
12/10/2019 15:45:07.213000,22.31
12/10/2019 15:47:07.331000,20.52
12/10/2019 15:49:07.100000,19.39
12/10/2019 15:51:06.749000,19.29
12/10/2019 15:53:07.141000,20.1
12/10/2019 15:55:07.045000,19.69
12/10/2019 15:57:06.939000,20.23
12/10/2019 15:59:07.028000,18.82
12/10/2019 16:01:07.150000,18.85
12/10/2019 16:03:07.120000,16.84
12/10/2019 16:05:06.732000,18.29
12/10/2019 16:07:07.100000,15.42
12/10/2019 16:09:06.945000,15.39
12/10/2019 16:11:07.098000,16.09
12/10/2019 16:13:07.123000,14.1
12/10/2019 16:15:07.185000,16.41
12/10/2019 16:17:06.714000,14.58
12/10/2019 16:19:07.190000,16.37
12/10/2019 16:21:07.059000,16.45
12/10/2019 16:23:07.218000,15.36
12/10/2019 16:25:07.125000,14.91
12/10/2019 16:27:06.747000,15.97
12/10/2019 16:29:06.947000,14.96
12/10/2019 16:31:07.119000,15.68
12/10/2019 16:33:06.727000,14.18
12/10/2019 16:35:06.940000,16.01
12/10/2019 16:37:06.724000,15.64
12/10/2019 16:39:06.912000,15.01
12/10/2019 16:41:07.040000,14.54
12/10/2019 16:43:07.168000,14.16
12/10/2019 16:45:07.170000,14.26
12/10/2019 16:47:07.161000,12.97
12/10/2019 16:49:07.099000,14.29
12/10/2019 16:51:06.984000,13.94
12/10/2019 16:53:06.703000,14.68
12/10/2019 16:55:07.061000,14.55
12/10/2019 16:57:07.020000,12.51
12/10/2019 16:59:07.020000,12.64
12/10/2019 17:01:06.724000,12.94
12/10/2019 17:03:07.026000,13.69
12/10/2019 17:05:06.778000,15.31
12/10/2019 17:07:07.046000,13.72
12/10/2019 17:09:07.017000,13.65
12/10/2019 17:11:07.035000,13.57
12/10/2019 17:13:07.146000,13.9
12/10/2019 17:15:07.023000,16.16
12/10/2019 17:17:07.089000,13.88
12/10/2019 17:19:07.175000,12.96
12/10/2019 17:21:08.408000,12.77
12/10/2019 17:23:06.719000,15.0
12/10/2019 17:25:07.154000,14.03
12/10/2019 17:27:06.718000,13.93
12/10/2019 17:29:07.091000,14.07
12/10/2019 17:31:06.698000,14.46
12/10/2019 17:33:07.195000,12.78
12/10/2019 17:35:07.222000,12.5
12/10/2019 17:37:06.706000,11.3
12/10/2019 17:39:07.204000,12.9
12/10/2019 17:41:07.066000,13.01
12/10/2019 17:43:06.725000,13.79
12/10/2019 17:45:06.923000,14.1
12/10/2019 17:47:08.422000,14.11
12/10/2019 17:49:06.928000,13.31
12/10/2019 17:51:07.264000,13.46
12/10/2019 17:53:07.227000,13.29
12/10/2019 17:55:06.960000,11.99
12/10/2019 17:57:07.172000,13.13
12/10/2019 17:59:06.918000,13.62
12/10/2019 18:01:07.076000,12.57
12/10/2019 18:03:07.217000,13.01
12/10/2019 18:05:07.049000,13.25
12/10/2019 18:07:07.028000,13.09
12/10/2019 18:09:07.148000,14.22
12/10/2019 18:11:07.003000,13.3
12/10/2019 18:13:07.033000,13.81
12/10/2019 18:15:07.034000,13.12
12/10/2019 18:17:07.102000,12.24
12/10/2019 18:19:07.045000,12.81
12/10/2019 18:21:06.738000,13.93
12/10/2019 18:23:06.798000,13.54
12/10/2019 18:25:07.152000,13.09
12/10/2019 18:27:06.707000,12.93
12/10/2019 18:29:06.962000,13.7
12/10/2019 18:31:06.934000,12.26
12/10/2019 18:33:06.702000,13.34
12/10/2019 18:35:06.701000,14.49
12/10/2019 18:37:06.991000,14.62
12/10/2019 18:39:06.715000,13.69
12/10/2019 18:41:06.693000,14.4
12/10/2019 18:43:07.039000,12.68
12/10/2019 18:45:13.798000,15.0
12/10/2019 18:47:07.561000,14.46
12/10/2019 18:49:06.723000,14.64
12/10/2019 18:51:07.029000,13.87
12/10/2019 18:53:06.720000,14.41
12/10/2019 18:55:06.721000,14.84
12/10/2019 18:57:07.018000,14.45
12/10/2019 18:59:07.172000,13.45
12/10/2019 19:01:07.049000,13.78
12/10/2019 19:03:07.012000,13.37
12/10/2019 19:05:08.347000,14.28
12/10/2019 19:07:07.053000,12.87
12/10/2019 19:09:07.009000,15.01
12/10/2019 19:11:07.095000,15.23
12/10/2019 19:13:07.157000,14.06
12/10/2019 19:15:07.007000,14.05
12/10/2019 19:17:07.020000,14.69
12/10/2019 19:19:07.038000,14.26
12/10/2019 19:21:06.736000,14.14
12/10/2019 19:23:06.940000,15.22
12/10/2019 19:25:07.014000,15.02
12/10/2019 19:27:06.912000,14.23
12/10/2019 19:29:06.710000,13.41
12/10/2019 19:31:06.715000,13.06
12/10/2019 19:33:06.931000,13.13
12/10/2019 19:35:07.146000,13.93
12/10/2019 19:37:07.046000,14.9
12/10/2019 19:39:07.004000,14.43
12/10/2019 19:41:07.167000,14.34
12/10/2019 19:43:07.106000,14.19
12/10/2019 19:45:06.758000,14.06
12/10/2019 19:47:07.417000,14.31
12/10/2019 19:49:07.390000,13.09
12/10/2019 19:51:07.103000,13.78
12/10/2019 19:53:06.947000,14.54
12/10/2019 19:55:07.033000,13.81
12/10/2019 19:57:07.045000,14.81
12/10/2019 19:59:07.170000,15.48
12/10/2019 20:01:07.199000,14.51
12/10/2019 20:03:07.109000,14.86
12/10/2019 20:05:07.148000,15.42
12/10/2019 20:07:08.169000,14.15
12/10/2019 20:09:06.899000,14.66
12/10/2019 20:11:06.725000,14.07
12/10/2019 20:13:06.696000,16.48
12/10/2019 20:15:07.104000,13.54
12/10/2019 20:17:07.108000,14.7
12/10/2019 20:19:07.075000,15.41
12/10/2019 20:21:08.717000,15.47
12/10/2019 20:23:07.109000,15.42
12/10/2019 20:25:07.034000,14.49
12/10/2019 20:27:06.999000,14.96
12/10/2019 20:29:06.680000,16.04
12/10/2019 20:31:07.093000,15.65
12/10/2019 20:33:07.097000,16.02
12/10/2019 20:35:07.025000,16.7
12/10/2019 20:37:06.697000,20.06
12/10/2019 20:39:06.921000,22.79
12/10/2019 20:41:07.173000,16.73
12/10/2019 20:43:07.083000,15.29
12/10/2019 20:45:06.698000,15.28
12/10/2019 20:47:07.354000,14.63
12/10/2019 20:49:07.078000,17.46
12/10/2019 20:51:06.936000,16.24
12/10/2019 20:53:06.892000,17.04
12/10/2019 20:55:07.098000,17.33
12/10/2019 20:57:07.150000,16.39
12/10/2019 20:59:09.195000,16.21
12/10/2019 21:01:06.673000,14.74
12/10/2019 21:03:06.915000,15.56
12/10/2019 21:05:06.702000,15.25
12/10/2019 21:07:07.054000,14.44
12/10/2019 21:09:07.017000,16.04
12/10/2019 21:11:06.935000,15.82
12/10/2019 21:13:07.161000,16.21
12/10/2019 21:15:08.682000,15.12
12/10/2019 21:17:07.125000,17.16
12/10/2019 21:19:06.999000,16.67
12/10/2019 21:21:07.167000,17.09
12/10/2019 21:23:07.067000,15.86
12/10/2019 21:25:06.999000,15.41
12/10/2019 21:27:07.160000,15.97
12/10/2019 21:29:07.067000,16.24
12/10/2019 21:31:07.049000,16.28
12/10/2019 21:33:06.694000,15.82
12/10/2019 21:35:07.014000,16.13
12/10/2019 21:37:07.078000,18.21
12/10/2019 21:39:07.000000,17.97
12/10/2019 21:41:07.019000,16.66
12/10/2019 21:43:07.012000,17.21
12/10/2019 21:45:09.821000,16.53
12/10/2019 21:47:07.437000,17.1
12/10/2019 21:49:07.023000,17.2
12/10/2019 21:51:07.103000,16.99
12/10/2019 21:53:07.028000,16.67
12/10/2019 21:55:06.917000,16.07
12/10/2019 21:57:07.040000,15.04
12/10/2019 21:59:07.124000,15.74
12/10/2019 22:01:07.006000,16.54
12/10/2019 22:03:07.091000,15.52
12/10/2019 22:05:07.041000,15.86
12/10/2019 22:07:07.107000,15.42
12/10/2019 22:09:07.079000,16.41
12/10/2019 22:11:06.994000,14.26
12/10/2019 22:13:06.731000,15.34
12/10/2019 22:15:07.052000,17.15
12/10/2019 22:17:06.730000,15.32
12/10/2019 22:19:09.361000,17.49
12/10/2019 22:21:06.682000,15.46
12/10/2019 22:23:07.122000,16.53
12/10/2019 22:25:06.692000,16.28
12/10/2019 22:27:07.019000,16.01
12/10/2019 22:29:07.066000,15.83
12/10/2019 22:31:07.089000,16.93
12/10/2019 22:33:07.080000,15.81
12/10/2019 22:35:06.678000,16.71
12/10/2019 22:37:06.718000,15.81
12/10/2019 22:39:07.174000,16.43
12/10/2019 22:41:07.090000,16.41
12/10/2019 22:43:06.793000,17.56
12/10/2019 22:45:07.164000,17.13
12/10/2019 22:47:07.375000,16.47
12/10/2019 22:49:07.120000,16.45
12/10/2019 22:51:07.160000,15.91
12/10/2019 22:53:06.887000,16.94
12/10/2019 22:55:07.004000,17.23
12/10/2019 22:57:07.004000,17.88
12/10/2019 22:59:06.895000,15.43
12/10/2019 23:01:06.999000,17.1
12/10/2019 23:03:07.177000,16.11
12/10/2019 23:05:07.138000,16.85
12/10/2019 23:07:07.043000,18.47
12/10/2019 23:09:08.930000,15.73
12/10/2019 23:11:07.012000,15.93
12/10/2019 23:13:06.681000,16.29
12/10/2019 23:15:06.905000,18.27
12/10/2019 23:17:06.680000,16.75
12/10/2019 23:19:06.703000,17.21
12/10/2019 23:21:07.079000,17.13
12/10/2019 23:23:06.987000,16.76
12/10/2019 23:25:06.696000,17.83
12/10/2019 23:27:06.897000,16.59
12/10/2019 23:29:07.153000,17.68
12/10/2019 23:31:06.902000,17.8
12/10/2019 23:33:07.066000,18.12
12/10/2019 23:35:07.155000,18.04
12/10/2019 23:37:07.040000,16.26
12/10/2019 23:39:07.088000,16.83
12/10/2019 23:41:07.122000,17.44
12/10/2019 23:43:06.934000,16.73
12/10/2019 23:45:07.152000,15.81
12/10/2019 23:47:07.365000,17.45
12/10/2019 23:49:06.988000,14.63
12/10/2019 23:51:07.013000,18.12
12/10/2019 23:53:07.061000,16.11
12/10/2019 23:55:07.142000,16.26
12/10/2019 23:57:07.143000,16.21
12/10/2019 23:59:07.003000,16.16
12/11/2019 00:01:06.679000,15.41
12/11/2019 00:03:06.994000,17.41
12/11/2019 00:05:06.678000,16.16
12/11/2019 00:07:07.022000,17.01
12/11/2019 00:09:06.683000,18.26
12/11/2019 00:11:06.996000,15.24
12/11/2019 00:13:07.066000,16.45
12/11/2019 00:15:07.077000,17.97
12/11/2019 00:17:07.074000,18.97
12/11/2019 00:19:06.689000,17.81
12/11/2019 00:21:06.686000,19.32
12/11/2019 00:23:07.160000,24.36
12/11/2019 00:25:07.233000,21.11
12/11/2019 00:27:07.047000,19.99
12/11/2019 00:29:06.981000,17.58
12/11/2019 00:31:06.689000,29.54
12/11/2019 00:33:07.031000,32.32
12/11/2019 00:35:07.063000,28.03
12/11/2019 00:37:07.148000,26.6
12/11/2019 00:39:07.063000,23.26
12/11/2019 00:41:06.982000,24.13
12/11/2019 00:43:07.008000,24.23
12/11/2019 00:45:07.113000,27.26
12/11/2019 00:47:07.329000,23.58
12/11/2019 00:49:07.003000,22.54
12/11/2019 00:51:06.695000,23.5
12/11/2019 00:53:07.049000,22.18
12/11/2019 00:55:06.887000,23.0
12/11/2019 00:57:06.663000,21.4
12/11/2019 00:59:06.984000,25.69
12/11/2019 01:01:08.675000,27.96
12/11/2019 01:03:07.115000,32.91
12/11/2019 01:05:07.091000,31.35
12/11/2019 01:07:06.998000,32.94
12/11/2019 01:09:07.003000,24.04
12/11/2019 01:11:07.048000,30.0
12/11/2019 01:13:07.096000,26.18
12/11/2019 01:15:07.053000,28.64
12/11/2019 01:17:06.911000,29.9
12/11/2019 01:19:06.675000,28.83
12/11/2019 01:21:07.140000,31.12
12/11/2019 01:23:07.006000,38.69
12/11/2019 01:25:07.051000,26.86
12/11/2019 01:27:07.072000,27.91
12/11/2019 01:29:07.521000,22.76
12/11/2019 01:31:07.147000,21.37
12/11/2019 01:33:06.982000,20.43
12/11/2019 01:35:06.995000,19.07
12/11/2019 01:37:06.879000,18.75
12/11/2019 01:39:07.043000,19.24
12/11/2019 01:41:07.004000,19.04
12/11/2019 01:43:07.025000,18.1
12/11/2019 01:45:06.990000,17.65
12/11/2019 01:47:07.261000,19.59
12/11/2019 01:49:06.954000,19.79
12/11/2019 01:51:06.978000,18.94
12/11/2019 01:53:06.986000,18.86
12/11/2019 01:55:06.677000,18.84
12/11/2019 01:57:06.980000,18.44
12/11/2019 01:59:06.666000,19.65
12/11/2019 02:01:06.889000,18.56
12/11/2019 02:03:07.155000,17.76
12/11/2019 02:05:07.001000,17.93
12/11/2019 02:07:07.016000,19.0
12/11/2019 02:09:07.106000,20.4
12/11/2019 02:11:07.117000,22.58
12/11/2019 02:13:06.675000,19.97
12/11/2019 02:15:07.046000,20.22
12/11/2019 02:17:06.977000,21.68
12/11/2019 02:19:07.064000,20.86
12/11/2019 02:21:06.669000,20.91
12/11/2019 02:23:07.157000,21.81
12/11/2019 02:25:07.100000,22.63
12/11/2019 02:27:06.700000,21.76
12/11/2019 02:29:07.026000,22.42
12/11/2019 02:31:07.085000,21.03
12/11/2019 02:33:07.067000,24.09
12/11/2019 02:35:09.116000,21.64
12/11/2019 02:37:06.898000,22.46
12/11/2019 02:39:07.143000,21.68
12/11/2019 02:41:06.926000,23.06
12/11/2019 02:43:06.882000,22.17
12/11/2019 02:45:07.089000,20.99
12/11/2019 02:47:07.016000,23.33
12/11/2019 02:49:06.870000,24.2
12/11/2019 02:51:07.099000,24.13
12/11/2019 02:53:06.647000,23.35
12/11/2019 02:55:07.109000,23.41
12/11/2019 02:57:06.901000,25.19
12/11/2019 02:59:06.991000,23.91
12/11/2019 03:01:07.158000,22.68
12/11/2019 03:03:06.975000,26.33
12/11/2019 03:05:06.675000,25.95
12/11/2019 03:07:07.118000,25.44
12/11/2019 03:09:07.108000,25.91
12/11/2019 03:11:07.112000,26.16
12/11/2019 03:13:06.671000,25.31
12/11/2019 03:15:06.752000,28.1
12/11/2019 03:17:06.967000,27.76
12/11/2019 03:19:06.679000,27.99
12/11/2019 03:21:06.880000,28.98
12/11/2019 03:23:06.724000,27.91
12/11/2019 03:25:06.990000,24.81
12/11/2019 03:27:06.996000,26.15
12/11/2019 03:29:06.666000,25.15
12/11/2019 03:31:07.146000,24.49
12/11/2019 03:33:15.286000,23.72
12/11/2019 03:35:07.068000,24.3
12/11/2019 03:37:06.984000,24.49
12/11/2019 03:39:06.651000,21.59
12/11/2019 03:41:06.870000,22.14
12/11/2019 03:43:06.695000,25.97
12/11/2019 03:45:06.988000,21.9
12/11/2019 03:47:07.150000,22.87
12/11/2019 03:49:06.639000,21.77
12/11/2019 03:51:07.099000,22.54
12/11/2019 03:53:07.005000,23.01
12/11/2019 03:55:06.652000,23.59
12/11/2019 03:57:06.674000,22.97
12/11/2019 03:59:06.873000,22.38
12/11/2019 04:01:06.991000,20.97
12/11/2019 04:03:06.808000,22.21
12/11/2019 04:05:06.887000,21.62
12/11/2019 04:07:06.892000,22.9
12/11/2019 04:09:06.977000,20.32
12/11/2019 04:11:07.112000,22.25
12/11/2019 04:13:06.644000,18.0
12/11/2019 04:15:07.073000,21.79
12/11/2019 04:17:07.919000,24.86
12/11/2019 04:19:07.009000,24.72
12/11/2019 04:21:06.669000,24.53
12/11/2019 04:23:06.977000,22.9
12/11/2019 04:25:06.913000,21.99
12/11/2019 04:27:07.038000,21.46
12/11/2019 04:29:07.066000,23.97
12/11/2019 04:31:06.879000,24.64
12/11/2019 04:33:06.683000,24.04
12/11/2019 04:35:06.650000,23.91
12/11/2019 04:37:07.052000,23.61
12/11/2019 04:39:06.970000,21.91
12/11/2019 04:41:06.975000,23.1
12/11/2019 04:43:06.656000,25.87
12/11/2019 04:45:07.029000,24.29
12/11/2019 04:47:07.325000,24.36
12/11/2019 04:49:07.065000,24.44
12/11/2019 04:51:06.859000,22.61
12/11/2019 04:53:06.955000,23.2
12/11/2019 04:55:06.960000,24.04
12/11/2019 04:57:07.144000,25.52
12/11/2019 04:59:06.635000,20.92
12/11/2019 05:01:06.649000,24.34
12/11/2019 05:03:06.852000,22.85
12/11/2019 05:05:06.866000,21.87
12/11/2019 05:07:07.223000,21.67
12/11/2019 05:09:07.037000,20.83
12/11/2019 05:13:06.632000,21.28
12/11/2019 05:15:07.024000,22.31
12/11/2019 05:17:07.046000,22.19
12/11/2019 05:19:07.110000,21.34
12/11/2019 05:21:06.972000,21.69
12/11/2019 05:23:06.971000,20.43
12/11/2019 05:25:06.664000,22.97
12/11/2019 05:27:07.085000,23.27
12/11/2019 05:29:07.025000,21.81
12/11/2019 05:31:06.638000,21.77
12/11/2019 05:33:06.963000,21.48
12/11/2019 05:35:06.661000,21.73
12/11/2019 05:37:07.107000,21.22
12/11/2019 05:39:06.639000,24.36
12/11/2019 05:41:06.954000,20.54
12/11/2019 05:43:06.627000,22.09
12/11/2019 05:45:07.136000,22.78
12/11/2019 05:47:07.447000,21.43
12/11/2019 05:49:06.867000,22.91
12/11/2019 05:51:07.093000,21.54
12/11/2019 05:53:07.058000,21.85
12/11/2019 05:55:07.106000,21.46
12/11/2019 05:57:06.916000,24.04
12/11/2019 05:59:07.005000,22.68
12/11/2019 06:01:06.944000,22.16
12/11/2019 06:03:07.124000,22.03
12/11/2019 06:05:06.652000,22.21
12/11/2019 06:07:07.064000,22.38
12/11/2019 06:09:07.027000,20.94
12/11/2019 06:11:06.967000,21.4
12/11/2019 06:13:06.646000,23.29
12/11/2019 06:15:07.172000,22.61
12/11/2019 06:17:06.871000,22.76
12/11/2019 06:19:07.060000,21.88
12/11/2019 06:21:07.084000,23.03
12/11/2019 06:23:06.947000,22.09
12/11/2019 06:25:06.836000,23.41
12/11/2019 06:27:06.939000,23.6
12/11/2019 06:29:07.103000,21.83
12/11/2019 06:31:06.626000,22.71
12/11/2019 06:33:06.643000,23.93
12/11/2019 06:35:07.012000,28.42
12/11/2019 06:37:06.618000,36.03
12/11/2019 06:39:06.843000,31.11
12/11/2019 06:41:06.950000,32.0
12/11/2019 06:43:07.041000,34.31
12/11/2019 06:45:07.034000,31.32
12/11/2019 06:47:07.260000,30.51
12/11/2019 06:49:06.641000,28.75
12/11/2019 06:51:06.854000,27.93
12/11/2019 06:53:07.130000,29.16
12/11/2019 06:55:07.123000,30.68
12/11/2019 06:57:06.943000,28.55
12/11/2019 06:59:06.939000,29.29
12/11/2019 07:01:07.096000,28.75
12/11/2019 07:03:07.034000,29.13
12/11/2019 07:05:07.058000,25.01
12/11/2019 07:07:06.976000,27.18
12/11/2019 07:09:06.968000,27.51
12/11/2019 07:11:06.932000,28.47
12/11/2019 07:13:06.836000,27.69
12/11/2019 07:15:06.949000,26.42
12/11/2019 07:17:06.713000,25.19
12/11/2019 07:19:06.616000,25.13
12/11/2019 07:21:06.614000,25.23
12/11/2019 07:23:06.942000,25.21
12/11/2019 07:25:06.934000,24.88
12/11/2019 07:27:07.033000,24.9
12/11/2019 07:29:06.932000,24.93
12/11/2019 07:31:06.915000,25.33
12/11/2019 07:33:07.108000,23.62
12/11/2019 07:35:06.940000,23.37
12/11/2019 07:37:06.938000,24.2
12/11/2019 07:39:06.748000,23.12
12/11/2019 07:41:06.946000,23.37
12/11/2019 07:43:06.998000,23.0
12/11/2019 07:45:06.628000,23.06
12/11/2019 07:47:06.916000,21.41
12/11/2019 07:49:06.871000,20.28
12/11/2019 07:51:07.048000,21.13
12/11/2019 07:53:06.951000,19.29
12/11/2019 07:55:07.048000,17.87
12/11/2019 07:57:06.944000,17.73
12/11/2019 07:59:06.939000,16.32
12/11/2019 08:01:06.613000,13.55
12/11/2019 08:03:07.052000,12.97
12/11/2019 08:05:09.662000,13.06
12/11/2019 08:07:06.936000,13.99
12/11/2019 08:09:06.988000,14.71
12/11/2019 08:11:06.825000,15.4
12/11/2019 08:13:06.618000,17.11
12/11/2019 08:15:06.929000,15.78
12/11/2019 08:17:06.611000,16.15
12/11/2019 08:19:06.863000,18.34
12/11/2019 08:21:07.022000,20.28
12/11/2019 08:23:07.236000,21.2
12/11/2019 08:25:06.617000,24.04
12/11/2019 08:27:06.644000,21.49
12/11/2019 08:29:06.971000,21.04
12/11/2019 08:31:06.858000,23.27
12/11/2019 08:33:06.941000,23.71
12/11/2019 08:35:07.237000,23.57
12/11/2019 08:37:07.059000,24.72
12/11/2019 08:39:07.001000,24.42
12/11/2019 08:41:06.981000,24.34
12/11/2019 08:43:07.066000,23.74
12/11/2019 08:45:06.835000,26.87
12/11/2019 08:47:07.339000,25.11
12/11/2019 08:49:06.619000,23.43
12/11/2019 08:51:06.943000,26.76
12/11/2019 08:53:07.103000,26.6
12/11/2019 08:55:06.946000,25.52
12/11/2019 08:57:06.942000,27.87
12/11/2019 08:59:06.670000,27.39
12/11/2019 09:01:06.659000,26.12
12/11/2019 09:03:06.600000,26.45
12/11/2019 09:05:08.247000,26.35
12/11/2019 09:07:06.860000,27.72
12/11/2019 09:41:07.778000,26.56
12/11/2019 09:43:08.029000,28.15
12/11/2019 09:45:07.575000,27.19
12/11/2019 09:47:07.761000,28.52
12/11/2019 09:49:07.699000,26.72
12/11/2019 09:51:07.653000,27.4
12/11/2019 09:53:07.771000,28.09
12/11/2019 09:55:07.682000,26.49
12/11/2019 09:57:07.549000,28.57
12/11/2019 09:59:07.572000,26.84
12/11/2019 10:01:07.330000,26.72
12/11/2019 10:03:07.554000,26.93
12/11/2019 10:05:07.792000,27.29
12/11/2019 10:07:07.841000,27.74
12/11/2019 10:09:07.786000,28.17
12/11/2019 10:11:07.721000,27.89
12/11/2019 10:13:07.681000,28.31
12/11/2019 10:15:07.547000,28.4
12/11/2019 10:17:07.546000,30.47
12/11/2019 10:19:07.748000,26.38
12/11/2019 10:21:07.619000,29.07
12/11/2019 10:23:07.701000,27.58
12/11/2019 10:25:07.542000,29.57
12/11/2019 10:27:07.340000,28.24
12/11/2019 10:29:07.705000,28.55
12/11/2019 10:31:07.543000,25.69
12/11/2019 10:33:07.847000,28.16
12/11/2019 10:35:07.335000,28.61
12/11/2019 10:37:07.717000,28.15
12/11/2019 10:39:07.709000,28.79
12/11/2019 10:41:07.922000,28.63
12/11/2019 10:43:07.546000,29.88
12/11/2019 10:45:07.763000,32.99
12/11/2019 10:47:07.707000,30.25
12/11/2019 10:49:07.334000,30.39
12/11/2019 10:51:07.362000,31.77
12/11/2019 10:53:07.645000,31.52
12/11/2019 10:55:07.533000,32.46
12/11/2019 10:57:07.874000,32.59
12/11/2019 10:59:07.545000,32.47
12/11/2019 11:01:07.648000,32.13
12/11/2019 11:03:07.568000,34.15
12/11/2019 11:05:07.900000,33.79
12/11/2019 11:07:07.829000,33.42
12/11/2019 11:09:07.633000,34.65
12/11/2019 11:11:07.351000,35.69
12/11/2019 11:13:07.527000,34.63
12/11/2019 11:15:12.553000,34.43
12/11/2019 11:17:07.553000,33.04
12/11/2019 11:19:07.766000,35.08
12/11/2019 11:21:07.639000,35.6
12/11/2019 11:23:08.586000,34.34
12/11/2019 11:25:07.667000,35.51
12/11/2019 11:27:07.806000,34.44
12/11/2019 11:29:07.634000,34.63
12/11/2019 11:31:07.697000,32.91
12/11/2019 11:33:07.713000,35.97
12/11/2019 11:35:07.707000,35.37
12/11/2019 11:37:07.560000,33.93
12/11/2019 11:39:07.532000,37.1
12/11/2019 11:41:07.637000,32.7
12/11/2019 11:43:07.716000,35.9
12/11/2019 11:45:07.651000,36.51
12/11/2019 11:47:07.551000,33.78
12/11/2019 11:49:07.649000,38.36
12/11/2019 11:51:07.785000,35.38
12/11/2019 11:53:07.537000,35.96
12/11/2019 11:55:07.610000,35.04
12/11/2019 11:57:07.740000,36.1
12/11/2019 11:59:07.300000,37.22
12/11/2019 12:01:07.798000,38.39
12/11/2019 12:03:07.758000,38.82
12/11/2019 12:05:07.645000,37.47
12/11/2019 12:07:07.542000,39.78
12/11/2019 12:09:07.618000,37.44
12/11/2019 12:11:07.761000,35.73
12/11/2019 12:13:07.343000,34.89
12/11/2019 12:15:07.542000,34.58
12/11/2019 12:17:07.794000,34.54
12/11/2019 12:19:07.573000,34.85
12/11/2019 12:21:07.640000,36.09
12/11/2019 12:23:07.300000,34.55
12/11/2019 12:25:07.777000,36.34
12/11/2019 12:27:07.633000,33.8
12/11/2019 12:29:07.631000,33.49
12/11/2019 12:31:07.678000,34.74
12/11/2019 12:33:07.314000,37.12
12/11/2019 12:35:07.691000,38.0
12/11/2019 12:37:07.639000,35.9
12/11/2019 12:39:07.556000,35.44
12/11/2019 12:41:07.791000,34.75
12/11/2019 12:43:07.618000,34.8
12/11/2019 12:45:07.588000,34.14
12/11/2019 12:47:07.737000,33.0
12/11/2019 12:49:07.337000,32.43
12/11/2019 12:51:07.708000,34.53
12/11/2019 12:53:07.643000,35.33
12/11/2019 12:55:07.672000,35.27
12/11/2019 12:57:07.636000,36.36
12/11/2019 12:59:07.624000,35.3
12/11/2019 13:01:07.292000,33.27
12/11/2019 13:03:07.632000,33.06
12/11/2019 13:05:07.639000,31.78
12/11/2019 13:07:07.309000,35.41
12/11/2019 13:09:07.293000,30.64
12/11/2019 13:11:07.650000,30.39
12/11/2019 13:13:07.623000,31.12
12/11/2019 13:15:07.514000,29.49
12/11/2019 13:17:07.779000,30.17
12/11/2019 13:19:07.505000,28.47
12/11/2019 13:21:07.601000,27.9
12/11/2019 13:23:07.500000,29.01
12/11/2019 13:25:07.313000,28.91
12/11/2019 13:27:07.612000,31.43
12/11/2019 13:29:07.743000,28.21
12/11/2019 13:31:07.621000,30.76
12/11/2019 13:33:07.610000,32.99
12/11/2019 13:35:07.662000,29.86
12/11/2019 13:37:07.531000,29.0
12/11/2019 13:39:07.600000,28.69
12/11/2019 13:41:07.659000,28.99
12/11/2019 13:43:07.568000,27.94
12/11/2019 13:45:07.615000,30.42
12/11/2019 13:47:07.648000,29.29
12/11/2019 13:49:07.626000,28.54
12/11/2019 13:51:07.615000,29.06
12/11/2019 13:53:07.661000,27.82
12/11/2019 13:55:07.720000,27.9
12/11/2019 13:57:07.611000,26.48
12/11/2019 13:59:07.638000,26.83
12/11/2019 14:01:07.294000,28.56
12/11/2019 14:03:08.494000,25.4
12/11/2019 14:05:07.611000,27.74
12/11/2019 14:07:07.849000,24.79
12/11/2019 14:09:07.543000,25.39
12/11/2019 14:11:07.762000,24.1
12/11/2019 14:13:07.607000,23.55
12/11/2019 14:15:07.630000,22.6
12/11/2019 14:17:07.628000,22.86
12/11/2019 14:19:07.536000,24.32
12/11/2019 14:21:07.768000,25.05
12/11/2019 14:23:07.376000,23.2
12/11/2019 14:25:07.285000,23.14
12/11/2019 14:27:07.514000,23.1
12/11/2019 14:29:07.689000,22.65
12/11/2019 14:31:07.553000,22.81
12/11/2019 14:33:07.821000,19.64
12/11/2019 14:35:07.555000,19.83
12/11/2019 14:37:07.279000,21.16
12/11/2019 14:39:07.755000,23.07
12/11/2019 14:41:07.964000,21.78
12/11/2019 14:43:07.640000,22.12
12/11/2019 14:45:07.532000,19.83
12/11/2019 14:47:07.625000,19.94
12/11/2019 14:49:07.349000,21.04
12/11/2019 14:51:07.794000,20.77
12/11/2019 14:53:07.516000,18.16
12/11/2019 14:55:07.608000,18.22
12/11/2019 14:57:07.283000,19.65
12/11/2019 14:59:07.698000,19.26
12/11/2019 15:01:07.752000,18.72
12/11/2019 15:03:07.637000,18.63
12/11/2019 15:05:07.598000,20.92
12/11/2019 15:07:07.686000,21.14
12/11/2019 15:09:07.579000,21.09
12/11/2019 15:11:07.276000,22.59
12/11/2019 15:13:07.698000,22.68
12/11/2019 15:15:07.499000,22.43
12/11/2019 15:17:07.678000,23.37
12/11/2019 15:19:07.702000,22.46
12/11/2019 15:21:07.640000,23.43
12/11/2019 15:23:07.534000,23.57
12/11/2019 15:25:07.712000,24.04
12/11/2019 15:27:07.282000,23.01
12/11/2019 15:29:07.662000,22.16
12/11/2019 15:31:07.546000,25.45
12/11/2019 15:33:07.613000,21.57
12/11/2019 15:35:07.599000,19.37
12/11/2019 15:37:07.723000,22.94
12/11/2019 15:39:07.478000,23.09
12/11/2019 15:41:08.130000,19.96
12/11/2019 15:43:07.747000,22.17
12/11/2019 15:45:07.665000,18.79
12/11/2019 15:47:07.295000,14.63
12/11/2019 15:49:07.724000,15.81
12/11/2019 15:51:07.285000,15.86
12/11/2019 15:53:07.494000,10.57
12/11/2019 15:55:07.287000,13.49
12/11/2019 15:57:07.542000,13.04
12/11/2019 15:59:07.497000,13.08
12/11/2019 16:01:07.632000,10.11
12/11/2019 16:03:07.484000,10.54
12/11/2019 16:05:07.757000,10.32
12/11/2019 16:07:07.599000,5.43
12/11/2019 16:09:07.681000,4.38
12/11/2019 16:11:08.959000,5.71
12/11/2019 16:13:07.504000,4.12
12/11/2019 16:15:07.804000,5.03
12/11/2019 16:17:07.560000,4.36
12/11/2019 16:19:07.608000,4.54
12/11/2019 16:21:07.738000,4.71
12/11/2019 16:23:07.285000,3.78
12/11/2019 16:25:07.717000,4.88
12/11/2019 16:27:07.672000,5.41
12/11/2019 16:29:07.672000,3.91
12/11/2019 16:31:07.677000,3.93
12/11/2019 16:33:07.668000,3.39
12/11/2019 16:35:07.732000,3.73
12/11/2019 16:37:07.277000,5.66
12/11/2019 16:39:07.742000,6.16
12/11/2019 16:41:07.995000,7.04
12/11/2019 16:43:07.543000,6.34
12/11/2019 16:45:07.268000,10.07
12/11/2019 16:47:07.596000,12.16
12/11/2019 16:49:07.502000,14.86
12/11/2019 16:51:07.692000,14.87
12/11/2019 16:53:07.666000,15.49
12/11/2019 16:55:07.283000,15.51
12/11/2019 16:57:07.328000,15.81
12/11/2019 16:59:07.656000,14.97
12/11/2019 17:01:07.726000,14.14
12/11/2019 17:03:07.696000,14.42
12/11/2019 17:05:07.821000,14.03
12/11/2019 17:07:07.760000,13.93
12/11/2019 17:09:07.509000,14.23
12/11/2019 17:11:07.278000,12.82
12/11/2019 17:13:07.508000,12.94
12/11/2019 17:15:10.281000,12.41
12/11/2019 17:17:07.664000,12.24
12/11/2019 17:19:07.641000,11.35
12/11/2019 17:21:07.617000,10.44
12/11/2019 17:23:07.672000,10.38
12/11/2019 17:25:07.689000,10.37
12/11/2019 17:27:07.503000,9.4
12/11/2019 17:29:07.526000,9.03
12/11/2019 17:31:07.623000,7.13
12/11/2019 17:33:07.539000,7.11
12/11/2019 17:35:07.718000,7.55
12/11/2019 17:37:07.265000,7.84
12/11/2019 17:39:07.700000,8.6
12/11/2019 17:41:07.713000,9.41
12/11/2019 17:43:07.611000,10.88
12/11/2019 17:45:07.648000,10.48
12/11/2019 17:47:07.763000,11.78
12/11/2019 17:49:07.580000,12.51
12/11/2019 17:51:07.742000,11.07
12/11/2019 17:53:07.654000,11.66
12/11/2019 17:55:07.320000,10.9
12/11/2019 17:57:07.726000,10.44
12/11/2019 17:59:07.719000,9.91
12/11/2019 18:01:07.322000,11.32
12/11/2019 18:03:07.720000,10.99
12/11/2019 18:05:07.513000,12.16
12/11/2019 18:07:07.513000,11.7
12/11/2019 18:09:07.621000,12.42
12/11/2019 18:11:07.338000,12.65
12/11/2019 18:13:07.688000,12.77
12/11/2019 18:15:07.580000,12.78
12/11/2019 18:17:07.303000,13.96
12/11/2019 18:19:07.594000,12.82
12/11/2019 18:21:07.718000,13.74
12/11/2019 18:23:07.524000,13.67
12/11/2019 18:25:07.640000,13.28
12/11/2019 18:27:07.821000,13.31
12/11/2019 18:29:07.266000,13.4
12/11/2019 18:31:07.510000,13.41
12/11/2019 18:33:07.547000,13.4
12/11/2019 18:35:07.614000,12.54
12/11/2019 18:37:07.530000,12.21
12/11/2019 18:39:07.693000,12.46
12/11/2019 18:41:07.925000,12.52
12/11/2019 18:43:07.662000,11.43
12/11/2019 18:45:07.718000,10.78
12/11/2019 18:47:07.692000,11.52
12/11/2019 18:49:07.290000,11.23
12/11/2019 18:51:07.680000,10.55
12/11/2019 18:53:07.579000,11.48
12/11/2019 18:55:07.667000,11.66
12/11/2019 18:57:07.746000,10.37
12/11/2019 18:59:07.276000,9.81
12/11/2019 19:01:07.895000,10.9
12/11/2019 19:03:07.277000,12.36
12/11/2019 19:05:07.584000,15.03
12/11/2019 19:07:07.535000,16.24
12/11/2019 19:09:07.607000,16.97
12/11/2019 19:11:07.598000,18.42
12/11/2019 19:13:07.719000,19.06
12/11/2019 19:15:08.960000,20.3
12/11/2019 19:17:07.594000,20.94
12/11/2019 19:19:07.719000,20.57
12/11/2019 19:21:07.607000,21.0
12/11/2019 19:23:07.273000,22.57
12/11/2019 19:25:07.640000,21.34
12/11/2019 19:27:07.716000,20.21
12/11/2019 19:29:07.734000,20.77
12/11/2019 19:31:07.611000,20.21
12/11/2019 19:33:07.620000,23.93
12/11/2019 19:35:07.517000,21.0
12/11/2019 19:37:07.730000,21.29
12/11/2019 19:39:07.650000,20.1
12/11/2019 19:41:07.824000,17.77
12/11/2019 19:43:07.677000,18.29
12/11/2019 19:45:08.785000,19.24
12/11/2019 19:47:07.619000,20.31
12/11/2019 19:49:07.702000,20.71
12/11/2019 19:51:07.927000,18.59
12/11/2019 19:53:07.468000,18.57
12/11/2019 19:55:07.602000,18.51
12/11/2019 19:57:07.546000,19.57
12/11/2019 19:59:07.306000,19.88
12/11/2019 20:01:07.562000,20.57
12/11/2019 20:03:07.511000,19.33
12/11/2019 20:05:07.272000,18.62
12/11/2019 20:07:07.669000,19.15
12/11/2019 20:09:07.332000,21.09
12/11/2019 20:11:07.491000,20.8
12/11/2019 20:13:07.613000,20.38
12/11/2019 20:15:15.598000,21.87
12/11/2019 20:17:07.516000,21.43
12/11/2019 20:19:07.687000,19.84
12/11/2019 20:21:07.600000,20.21
12/11/2019 20:23:07.516000,20.39
12/11/2019 20:25:07.344000,20.09
12/11/2019 20:27:07.289000,19.6
12/11/2019 20:29:07.603000,21.06
12/11/2019 20:31:07.697000,22.03
12/11/2019 20:33:07.761000,21.31
12/11/2019 20:35:07.270000,24.48
12/11/2019 20:37:07.521000,27.3
12/11/2019 20:39:07.273000,26.7
12/11/2019 20:41:07.845000,28.04
12/11/2019 20:43:07.699000,27.97
12/11/2019 20:45:08.041000,28.99
12/11/2019 20:47:07.502000,29.2
12/11/2019 20:49:07.619000,26.4
12/11/2019 20:51:07.819000,25.15
12/11/2019 20:53:07.684000,27.69
12/11/2019 20:55:07.640000,27.41
12/11/2019 20:57:07.715000,26.6
12/11/2019 20:59:07.687000,29.14
12/11/2019 21:01:07.592000,27.82
12/11/2019 21:03:07.837000,27.76
12/11/2019 21:05:07.670000,25.62
12/11/2019 21:07:07.518000,27.42
12/11/2019 21:09:07.759000,31.43
12/11/2019 21:11:07.263000,29.24
12/11/2019 21:13:07.300000,32.22
12/11/2019 21:15:07.610000,32.56
12/11/2019 21:17:07.275000,31.31
12/11/2019 21:19:07.292000,31.72
12/11/2019 21:21:07.625000,30.8
12/11/2019 21:23:07.539000,29.96
12/11/2019 21:25:07.676000,30.82
12/11/2019 21:27:07.269000,30.53
12/11/2019 21:29:07.545000,31.18
12/11/2019 21:31:07.807000,31.85
12/11/2019 21:33:07.621000,32.14
12/11/2019 21:35:07.618000,32.36
12/11/2019 21:37:07.531000,32.65
12/11/2019 21:39:07.498000,32.17
12/11/2019 21:41:07.701000,32.76
12/11/2019 21:43:07.622000,31.73
12/11/2019 21:45:07.794000,32.29
12/11/2019 21:47:07.296000,31.14
12/11/2019 21:49:07.700000,30.23
12/11/2019 21:51:07.682000,28.96
12/11/2019 21:53:07.680000,27.37
12/11/2019 21:55:07.701000,13.97
12/11/2019 21:57:07.289000,6.79
12/11/2019 21:59:07.615000,9.01
12/11/2019 22:01:07.526000,9.18
12/11/2019 22:03:07.679000,1.1
12/11/2019 22:05:07.597000,0.14
12/11/2019 22:07:07.271000,0.84
12/11/2019 22:09:07.644000,0.16
12/11/2019 22:11:07.296000,0.0
12/11/2019 22:13:07.686000,0.0
12/11/2019 22:15:07.634000,0.0
12/11/2019 22:17:07.276000,0.0
12/11/2019 22:19:07.597000,0.0
12/11/2019 22:21:07.513000,0.0
12/11/2019 22:23:07.641000,0.0
12/11/2019 22:25:07.297000,0.0
12/11/2019 22:27:07.597000,0.0
12/11/2019 22:29:07.678000,0.0
12/11/2019 22:31:07.269000,0.0
12/11/2019 22:33:07.535000,0.0
12/11/2019 22:35:07.763000,0.0
12/11/2019 22:37:07.600000,0.0
12/11/2019 22:39:07.287000,0.0
12/11/2019 22:41:07.626000,0.0
12/11/2019 22:43:07.629000,0.0
12/11/2019 22:45:07.613000,0.0
12/11/2019 22:47:07.299000,0.0
12/11/2019 22:49:07.672000,0.0
12/11/2019 22:51:07.738000,0.0
12/11/2019 22:53:07.519000,0.0
12/11/2019 22:55:07.841000,0.0
12/11/2019 22:57:07.524000,0.0
12/11/2019 22:59:07.661000,0.0
12/11/2019 23:01:07.546000,0.0
12/11/2019 23:03:07.635000,0.0
12/11/2019 23:05:07.645000,0.0
12/11/2019 23:07:07.608000,0.0
12/11/2019 23:09:07.717000,0.0
12/11/2019 23:13:07.273000,0.0
12/11/2019 23:15:07.307000,0.0
12/11/2019 23:17:07.494000,0.0
12/11/2019 23:19:07.696000,0.0
12/11/2019 23:21:07.748000,0.0
12/11/2019 23:23:07.499000,0.0
12/11/2019 23:25:07.549000,0.0
12/11/2019 23:27:07.718000,0.0
12/11/2019 23:29:07.631000,0.0
12/11/2019 23:31:07.303000,0.0
12/11/2019 23:33:07.564000,0.0
12/11/2019 23:35:07.616000,0.29
12/11/2019 23:37:07.566000,0.0
12/11/2019 23:39:07.525000,0.0
12/11/2019 23:41:07.874000,0.0
12/11/2019 23:55:07.281000,0.16
12/11/2019 23:57:07.295000,0.43
12/12/2019 00:03:07.283000,1.94
12/12/2019 00:05:07.616000,1.84
12/12/2019 00:07:07.691000,0.91
12/12/2019 00:11:07.304000,0.84
12/12/2019 00:15:07.517000,1.5
12/12/2019 00:17:07.720000,1.63
12/12/2019 00:19:07.734000,1.13
12/12/2019 00:21:07.692000,1.32
12/12/2019 00:23:07.757000,1.75
12/12/2019 00:25:07.745000,3.59
12/12/2019 00:27:07.324000,2.12
12/12/2019 00:29:07.809000,2.64
12/12/2019 00:31:07.606000,6.4
12/12/2019 00:33:07.290000,8.67
12/12/2019 00:35:08.033000,8.41
12/12/2019 00:37:07.536000,6.93
12/12/2019 00:39:07.735000,7.9
12/12/2019 00:41:07.772000,8.19
12/12/2019 00:43:07.737000,9.32
12/12/2019 00:45:07.554000,10.04
12/12/2019 00:47:07.622000,8.96
12/12/2019 00:49:07.603000,10.01
12/12/2019 00:51:07.333000,9.93
12/12/2019 00:53:07.271000,9.7
12/12/2019 00:55:07.293000,9.7
12/12/2019 00:57:07.300000,10.59
12/12/2019 00:59:07.654000,12.0
12/12/2019 01:01:07.675000,12.84
12/12/2019 01:03:07.525000,10.46
12/12/2019 01:05:07.766000,9.99
12/12/2019 01:07:07.759000,9.8
12/12/2019 01:09:07.783000,9.5
12/12/2019 01:11:07.727000,8.87
12/12/2019 01:13:07.551000,8.55
12/12/2019 01:15:07.695000,8.47
12/12/2019 01:17:07.528000,7.54
12/12/2019 01:19:07.637000,11.69
12/12/2019 01:21:07.282000,13.33
12/12/2019 01:23:07.616000,5.32
12/12/2019 01:25:07.712000,0.85
12/12/2019 01:27:07.314000,0.07
12/12/2019 01:29:07.296000,0.0
12/12/2019 01:31:09.188000,0.0
12/12/2019 01:33:07.657000,0.0
12/12/2019 01:35:07.689000,0.0
12/12/2019 01:37:07.521000,0.11
12/12/2019 01:39:07.690000,0.0
12/12/2019 01:41:07.733000,0.0
12/12/2019 01:43:07.322000,0.0
12/12/2019 01:45:07.709000,0.0
12/12/2019 01:47:07.532000,0.01
12/12/2019 01:49:07.684000,0.0
12/12/2019 01:51:07.597000,0.17
12/12/2019 01:53:07.622000,0.0
12/12/2019 01:55:07.317000,0.04
12/12/2019 01:57:07.648000,0.12
12/12/2019 01:59:07.343000,0.4
12/12/2019 02:01:07.512000,0.0
12/12/2019 02:03:07.323000,0.0
12/12/2019 02:05:07.748000,0.0
12/12/2019 02:07:07.625000,0.33
12/12/2019 02:09:07.617000,0.26
12/12/2019 02:11:07.637000,10.54
12/12/2019 02:13:07.725000,13.9
12/12/2019 02:15:07.548000,15.99
12/12/2019 02:17:07.630000,16.41
12/12/2019 02:19:07.744000,16.72
12/12/2019 02:21:07.300000,17.94
12/12/2019 02:23:07.622000,17.87
12/12/2019 02:25:08.468000,16.93
12/12/2019 02:27:07.539000,11.24
12/12/2019 02:29:07.726000,11.33
12/12/2019 02:31:07.595000,3.23
12/12/2019 02:33:07.734000,1.06
12/12/2019 02:35:07.546000,3.96
12/12/2019 02:37:07.311000,0.74
12/12/2019 02:39:07.271000,0.0
12/12/2019 02:41:07.948000,0.23
12/12/2019 02:43:07.780000,0.03
12/12/2019 02:45:07.300000,1.32
12/12/2019 02:47:07.293000,1.07
12/12/2019 02:49:07.571000,0.15
12/12/2019 02:51:07.689000,0.0
12/12/2019 02:53:07.739000,0.0
12/12/2019 02:55:07.779000,0.0
12/12/2019 02:57:07.644000,0.0
12/12/2019 02:59:07.285000,0.04
12/12/2019 03:01:07.789000,0.0
12/12/2019 03:03:07.722000,0.0
12/12/2019 03:05:07.773000,0.0
12/12/2019 03:07:07.528000,0.0
12/12/2019 03:09:07.661000,0.0
12/12/2019 03:11:07.615000,0.0
12/12/2019 03:13:07.693000,0.0
12/12/2019 03:15:07.706000,0.0
12/12/2019 03:17:07.636000,0.0
12/12/2019 03:19:07.718000,0.01
12/12/2019 03:21:07.708000,0.09
12/12/2019 03:23:09.023000,0.0
12/12/2019 03:25:07.673000,0.0
12/12/2019 03:27:07.509000,0.0
12/12/2019 03:29:12.433000,0.0
12/12/2019 03:31:07.515000,0.0
12/12/2019 03:33:11.504000,0.0
12/12/2019 03:35:07.735000,0.0
12/12/2019 03:37:07.686000,0.0
12/12/2019 03:39:07.677000,0.0
12/12/2019 03:41:08.171000,0.0
12/12/2019 03:43:07.691000,0.0
12/12/2019 03:45:07.963000,0.0
12/12/2019 03:47:07.304000,0.0
12/12/2019 03:49:07.779000,0.0
12/12/2019 03:51:08.994000,0.0
12/12/2019 03:53:07.606000,0.0
12/12/2019 03:55:07.707000,0.0
12/12/2019 03:57:07.609000,0.0
12/12/2019 03:59:07.513000,0.0
12/12/2019 04:01:07.623000,0.04
12/12/2019 04:03:07.617000,0.0
12/12/2019 04:05:07.303000,0.0
12/12/2019 04:07:07.727000,0.0
12/12/2019 04:09:07.680000,0.0
12/12/2019 04:11:07.531000,0.0
12/12/2019 04:13:07.789000,0.0
12/12/2019 04:15:07.286000,0.0
12/12/2019 04:17:07.534000,0.0
12/12/2019 04:19:07.849000,0.0
12/12/2019 04:21:07.349000,0.0
12/12/2019 04:23:07.640000,0.0
12/12/2019 04:25:08.223000,0.0
12/12/2019 04:27:07.673000,0.0
12/12/2019 04:29:07.301000,0.33
12/12/2019 04:31:07.781000,0.57
12/12/2019 04:33:10.565000,0.81
12/12/2019 04:35:07.683000,0.43
12/12/2019 04:37:07.486000,0.04
12/12/2019 04:39:07.519000,0.69
12/12/2019 04:41:07.987000,0.59
12/12/2019 04:43:07.511000,0.69
12/12/2019 04:45:07.609000,0.79
12/12/2019 04:47:07.294000,0.46
12/12/2019 04:49:07.540000,0.0
12/12/2019 04:51:07.742000,0.39
12/12/2019 04:53:07.664000,0.29
12/12/2019 04:55:07.690000,0.26
12/12/2019 04:57:07.282000,0.24
12/12/2019 04:59:07.819000,0.87
12/12/2019 05:01:07.305000,0.25
12/12/2019 05:03:08.039000,0.16
12/12/2019 05:05:07.297000,0.47
12/12/2019 05:07:07.297000,0.17
12/12/2019 05:09:08.118000,0.28
12/12/2019 05:13:07.674000,0.0
12/12/2019 05:15:07.288000,0.29
12/12/2019 05:17:07.630000,0.66
12/12/2019 05:19:07.264000,0.56
12/12/2019 05:21:07.652000,0.22
12/12/2019 05:23:07.693000,0.49
12/12/2019 05:25:07.283000,0.26
12/12/2019 05:27:07.525000,0.3
12/12/2019 05:29:07.792000,0.2
12/12/2019 05:31:07.281000,0.21
12/12/2019 05:33:07.494000,0.39
12/12/2019 05:35:07.285000,0.43
12/12/2019 05:37:07.749000,0.53
12/12/2019 05:39:07.569000,0.39
12/12/2019 05:41:07.955000,0.16
12/12/2019 05:43:07.289000,0.68
12/12/2019 05:45:07.536000,0.57
12/12/2019 05:47:07.269000,0.94
12/12/2019 05:49:07.681000,1.07
12/12/2019 05:51:07.688000,1.06
12/12/2019 05:53:07.300000,0.92
12/12/2019 05:55:07.536000,0.51
12/12/2019 05:57:07.278000,0.91
12/12/2019 05:59:07.630000,1.01
12/12/2019 06:01:07.756000,0.54
12/12/2019 06:03:07.653000,0.46
12/12/2019 06:05:07.705000,0.41
12/12/2019 06:07:07.732000,0.09
12/12/2019 06:09:07.795000,0.41
12/12/2019 06:11:07.681000,0.72
12/12/2019 06:13:07.290000,0.62
12/12/2019 06:15:12.459000,0.01
12/12/2019 06:17:07.681000,0.46
12/12/2019 06:19:07.942000,0.54
12/12/2019 06:21:07.279000,0.02
12/12/2019 06:23:07.680000,0.28
12/12/2019 06:25:07.618000,0.1
12/12/2019 06:27:07.594000,0.21
12/12/2019 06:29:07.542000,0.24
12/12/2019 06:31:07.612000,0.7
12/12/2019 06:33:07.281000,0.51
12/12/2019 06:35:07.723000,1.08
12/12/2019 06:37:07.729000,1.96
12/12/2019 06:39:07.523000,1.61
12/12/2019 06:41:08.164000,2.14
12/12/2019 06:43:07.528000,2.8
12/12/2019 06:45:12.025000,1.69
12/12/2019 06:47:07.754000,1.83
12/12/2019 06:49:07.521000,1.75
12/12/2019 06:51:07.996000,1.71
12/12/2019 06:53:07.655000,1.43
12/12/2019 06:55:07.680000,1.42
12/12/2019 06:57:07.623000,1.53
12/12/2019 06:59:07.776000,1.74
12/12/2019 07:01:07.694000,1.35
12/12/2019 07:03:07.700000,1.07
12/12/2019 07:05:07.351000,0.88
12/12/2019 07:07:07.685000,0.41
12/12/2019 07:09:07.534000,0.6
12/12/2019 07:11:07.321000,0.52
12/12/2019 07:13:07.704000,0.27
12/12/2019 07:15:07.608000,0.17
12/12/2019 07:17:07.263000,0.17
12/12/2019 07:19:07.522000,0.13
12/12/2019 07:21:07.729000,0.0
12/12/2019 07:23:07.589000,0.0
12/12/2019 07:25:10.186000,0.21
12/12/2019 07:27:07.589000,0.0
12/12/2019 07:29:07.496000,0.0
12/12/2019 07:31:07.501000,0.18
12/12/2019 07:33:07.689000,0.0
12/12/2019 07:35:07.720000,0.0
12/12/2019 07:37:07.538000,0.0
12/12/2019 07:39:07.251000,0.18
12/12/2019 07:41:07.802000,0.07
12/12/2019 07:43:07.699000,0.0
12/12/2019 07:45:07.758000,0.04
12/12/2019 07:47:07.582000,0.0
12/12/2019 07:49:07.573000,0.13
12/12/2019 07:51:07.655000,0.36
12/12/2019 07:53:07.591000,0.12
12/12/2019 07:55:07.693000,0.21
12/12/2019 07:57:07.529000,0.29
12/12/2019 07:59:07.730000,0.3
12/12/2019 08:01:07.510000,0.25
12/12/2019 08:03:07.694000,0.0
12/12/2019 08:05:07.701000,0.04
12/12/2019 08:07:07.598000,0.41
12/12/2019 08:09:07.708000,0.41
12/12/2019 08:11:07.588000,0.43
12/12/2019 08:13:07.581000,0.29
12/12/2019 08:15:07.284000,0.38
12/12/2019 08:17:07.658000,0.33
12/12/2019 08:19:07.281000,0.43
12/12/2019 08:21:07.531000,0.3
12/12/2019 08:23:07.601000,0.06
12/12/2019 08:25:07.622000,0.34
12/12/2019 08:27:07.525000,0.37
12/12/2019 08:29:07.313000,0.29
12/12/2019 08:31:07.481000,0.21
12/12/2019 08:33:07.624000,0.04
12/12/2019 08:35:07.612000,0.35
12/12/2019 08:37:07.598000,0.07
12/12/2019 08:39:07.641000,0.0
12/12/2019 08:41:07.719000,0.26
12/12/2019 08:43:07.649000,0.2
12/12/2019 08:45:07.273000,0.28
12/12/2019 08:47:07.517000,0.1
12/12/2019 08:49:07.739000,0.0
12/12/2019 08:51:07.630000,0.11
12/12/2019 08:53:07.617000,0.06
12/12/2019 08:55:07.260000,0.27
12/12/2019 08:57:07.755000,0.26
12/12/2019 08:59:07.272000,0.2
12/12/2019 09:01:07.713000,0.0
12/12/2019 09:03:07.733000,0.0
12/12/2019 09:05:07.524000,0.0
12/12/2019 09:07:07.352000,0.31
12/12/2019 09:51:11.293000,0.0
12/12/2019 09:53:11.078000,0.0
12/12/2019 09:55:11.465000,0.59
12/12/2019 09:57:11.382000,0.49
12/12/2019 09:59:12.411000,1.54
12/12/2019 10:01:11.482000,0.47
12/12/2019 10:03:11.426000,1.51
12/12/2019 10:05:11.314000,1.97
12/12/2019 10:07:11.544000,1.55
12/12/2019 10:09:11.440000,1.69
12/12/2019 10:11:11.085000,1.1
12/12/2019 10:13:11.391000,0.26
12/12/2019 10:15:11.139000,0.04
12/12/2019 10:17:11.316000,0.0
12/12/2019 10:19:11.400000,0.12
12/12/2019 10:21:11.523000,0.0
12/12/2019 10:23:11.509000,0.0
12/12/2019 10:25:11.394000,0.0
12/12/2019 10:27:12.300000,0.0
12/12/2019 10:29:11.418000,0.0
12/12/2019 10:31:11.073000,0.0
12/12/2019 10:33:11.469000,0.09
12/12/2019 10:35:11.286000,0.0
12/12/2019 10:37:11.457000,0.0
12/12/2019 10:39:11.303000,0.0
12/12/2019 10:41:11.453000,0.0
12/12/2019 10:43:11.489000,0.0
12/12/2019 10:45:15.398000,0.0
12/12/2019 10:47:11.394000,0.0
12/12/2019 10:49:11.402000,0.07
12/12/2019 10:51:11.760000,0.0
12/12/2019 10:53:17.068000,0.0
12/12/2019 10:55:11.416000,0.0
12/12/2019 10:57:11.451000,0.0
12/12/2019 10:59:11.289000,0.0
12/12/2019 11:01:11.542000,0.0
12/12/2019 11:03:11.575000,0.0
12/12/2019 11:05:11.459000,0.0
12/12/2019 11:07:11.303000,0.0
12/12/2019 11:09:11.427000,0.0
12/12/2019 11:11:11.081000,0.0
12/12/2019 11:13:11.069000,0.0
12/12/2019 11:15:11.532000,0.16
12/12/2019 11:17:11.326000,0.09
12/12/2019 11:19:11.524000,0.1
12/12/2019 11:21:11.440000,0.0
12/12/2019 11:23:11.395000,0.0
12/12/2019 11:25:11.394000,0.08
12/12/2019 11:27:11.515000,0.0
12/12/2019 11:29:11.581000,0.04
12/12/2019 11:31:11.061000,0.0
12/12/2019 11:33:11.541000,0.0
12/12/2019 11:35:11.326000,0.0
12/12/2019 11:37:11.418000,0.04
12/12/2019 11:39:11.452000,0.0
12/12/2019 11:41:11.379000,0.0
12/12/2019 11:43:11.501000,0.22
12/12/2019 11:45:11.400000,0.17
12/12/2019 11:47:11.421000,0.12
12/12/2019 11:49:11.451000,0.13
12/12/2019 11:51:11.376000,0.0
12/12/2019 11:53:11.078000,0.0
12/12/2019 11:55:11.098000,0.0
12/12/2019 11:57:11.291000,0.0
12/12/2019 11:59:11.060000,0.0
12/12/2019 12:01:11.466000,0.1
12/12/2019 12:03:11.405000,0.0
12/12/2019 12:05:11.409000,0.09
12/12/2019 12:07:11.232000,0.0
12/12/2019 12:09:11.050000,0.0
12/12/2019 12:11:11.392000,0.01
12/12/2019 12:13:11.494000,0.0
12/12/2019 12:15:11.395000,0.0
12/12/2019 12:17:11.561000,0.0
12/12/2019 12:19:11.514000,0.0
12/12/2019 12:21:11.486000,0.0
12/12/2019 12:23:11.459000,0.01
12/12/2019 12:25:11.085000,0.0
12/12/2019 12:27:13.680000,0.0
12/12/2019 12:29:11.458000,0.08
12/12/2019 12:31:11.992000,0.0
12/12/2019 12:33:11.510000,0.0
12/12/2019 12:35:11.462000,0.0
12/12/2019 12:37:11.449000,0.0
12/12/2019 12:39:11.434000,0.15
12/12/2019 12:41:11.408000,0.29
12/12/2019 12:43:11.386000,0.07
12/12/2019 12:45:18.603000,0.0
12/12/2019 12:47:11.496000,0.07
12/12/2019 12:49:11.386000,0.01
12/12/2019 12:51:11.773000,0.0
12/12/2019 12:53:11.085000,0.0
12/12/2019 12:55:11.388000,0.0
12/12/2019 12:57:11.557000,0.22
12/12/2019 12:59:11.383000,0.15
12/12/2019 13:01:11.452000,1.06
12/12/2019 13:03:11.312000,0.06
12/12/2019 13:05:11.407000,0.18
12/12/2019 13:07:11.078000,0.0
12/12/2019 13:09:11.050000,0.13
12/12/2019 13:11:11.407000,0.51
12/12/2019 13:13:11.058000,0.25
12/12/2019 13:15:11.310000,0.0
12/12/2019 13:17:11.937000,0.04
12/12/2019 13:19:11.047000,0.69
12/12/2019 13:21:11.074000,0.6
12/12/2019 13:23:11.089000,0.57
12/12/2019 13:25:11.513000,0.22
12/12/2019 13:27:11.120000,0.38
12/12/2019 13:29:11.383000,0.17
12/12/2019 13:31:11.539000,0.42
12/12/2019 13:33:11.425000,0.35
12/12/2019 13:35:11.335000,0.92
12/12/2019 13:37:11.492000,0.49
12/12/2019 13:39:11.069000,0.67
12/12/2019 13:41:11.541000,0.19
12/12/2019 13:43:11.095000,0.27
12/12/2019 13:45:11.377000,0.54
12/12/2019 13:47:12.849000,0.32
12/12/2019 13:49:11.058000,0.63
12/12/2019 13:51:11.740000,0.0
12/12/2019 13:53:11.522000,0.56
12/12/2019 13:55:12.440000,0.55
12/12/2019 13:57:11.470000,0.4
12/12/2019 13:59:11.436000,0.24
12/12/2019 14:01:11.067000,0.54
12/12/2019 14:03:11.570000,0.52
12/12/2019 14:05:11.277000,0.8
12/12/2019 14:07:11.295000,0.75
12/12/2019 14:09:11.394000,0.54
12/12/2019 14:11:11.054000,0.41
12/12/2019 14:13:11.316000,0.44
12/12/2019 14:15:11.283000,0.72
12/12/2019 14:17:11.066000,0.71
12/12/2019 14:19:11.395000,0.81
12/12/2019 14:21:11.458000,1.06
12/12/2019 14:23:11.528000,4.24
12/12/2019 14:25:11.459000,6.19
12/12/2019 14:27:11.513000,7.15
12/12/2019 14:29:11.447000,6.1
12/12/2019 14:31:11.079000,6.31
12/12/2019 14:33:11.047000,6.62
12/12/2019 14:35:12.465000,6.9
12/12/2019 14:37:11.472000,6.4
12/12/2019 14:39:11.440000,6.02
12/12/2019 14:41:11.553000,5.87
12/12/2019 14:43:11.559000,6.06
12/12/2019 14:45:11.067000,5.58
12/12/2019 14:47:11.404000,6.25
12/12/2019 14:49:11.458000,6.8
12/12/2019 14:51:11.743000,6.3
12/12/2019 14:53:11.278000,7.99
12/12/2019 14:55:11.407000,7.13
12/12/2019 14:57:11.061000,7.94
12/12/2019 14:59:11.084000,8.76
12/12/2019 15:01:14.293000,7.9
12/12/2019 15:03:11.465000,9.2
12/12/2019 15:05:11.385000,8.91
12/12/2019 15:07:11.427000,8.33
12/12/2019 15:09:11.089000,8.12
12/12/2019 15:11:11.342000,8.49
12/12/2019 15:13:11.439000,8.57
12/12/2019 15:15:12.981000,7.73
12/12/2019 15:17:11.282000,7.85
12/12/2019 15:19:11.065000,9.03
12/12/2019 15:21:12.772000,9.51
12/12/2019 15:23:11.359000,7.94
12/12/2019 15:25:11.377000,8.06
12/12/2019 15:27:11.460000,7.68
12/12/2019 15:29:11.272000,9.26
12/12/2019 15:31:11.047000,7.94
12/12/2019 15:33:11.458000,8.53
12/12/2019 15:35:11.057000,8.82
12/12/2019 15:37:11.387000,8.06
12/12/2019 15:39:11.421000,9.93
12/12/2019 15:41:11.429000,8.81
12/12/2019 15:43:11.443000,9.25
12/12/2019 15:45:11.268000,9.33
12/12/2019 15:47:11.067000,8.7
12/12/2019 15:49:11.391000,8.75
12/12/2019 15:51:11.736000,9.06
12/12/2019 15:53:11.120000,9.0
12/12/2019 15:55:11.486000,8.56
12/12/2019 15:57:11.510000,7.74
12/12/2019 15:59:11.449000,7.99
12/12/2019 16:01:11.465000,7.68
12/12/2019 16:03:11.082000,8.03
12/12/2019 16:05:15.018000,7.5
12/12/2019 16:07:11.292000,8.2
12/12/2019 16:09:11.361000,8.52
12/12/2019 16:11:11.444000,7.9
12/12/2019 16:13:11.278000,7.91
12/12/2019 16:15:11.370000,8.33
12/12/2019 16:17:11.446000,7.96
12/12/2019 16:19:11.552000,9.13
12/12/2019 16:21:11.379000,8.56
12/12/2019 16:23:12.473000,8.58
12/12/2019 16:25:11.367000,8.3
12/12/2019 16:27:11.042000,9.33
12/12/2019 16:29:11.293000,8.72
12/12/2019 16:31:11.447000,8.63
12/12/2019 16:33:11.543000,8.71
12/12/2019 16:35:11.064000,9.04
12/12/2019 16:37:11.050000,9.68
12/12/2019 16:39:11.479000,9.9
12/12/2019 16:41:11.134000,9.2
12/12/2019 16:43:11.383000,8.26
12/12/2019 16:45:11.382000,9.62
12/12/2019 16:47:11.389000,10.85
12/12/2019 16:49:11.042000,10.84
12/12/2019 16:51:11.718000,8.87
12/12/2019 16:53:11.510000,8.51
12/12/2019 16:55:11.471000,8.13
12/12/2019 16:57:11.391000,10.44
12/12/2019 16:59:11.450000,8.81
12/12/2019 17:01:11.072000,9.74
12/12/2019 17:03:11.377000,9.06
12/12/2019 17:05:11.364000,8.15
12/12/2019 17:07:11.285000,8.73
12/12/2019 17:09:11.147000,8.71
12/12/2019 17:11:11.423000,9.37
12/12/2019 17:13:11.309000,8.47
12/12/2019 17:15:11.068000,9.31
12/12/2019 17:17:11.440000,9.88
12/12/2019 17:19:11.277000,9.29
12/12/2019 17:21:11.404000,8.45
12/12/2019 17:23:11.370000,8.45
12/12/2019 17:25:11.417000,8.11
12/12/2019 17:27:11.449000,7.43
12/12/2019 17:29:11.059000,6.9
12/12/2019 17:31:11.260000,7.84
12/12/2019 17:33:11.154000,8.23
12/12/2019 17:35:11.528000,8.26
12/12/2019 17:37:11.035000,8.09
12/12/2019 17:39:11.519000,7.67
12/12/2019 17:41:11.381000,8.03
12/12/2019 17:43:11.399000,8.43
12/12/2019 17:45:11.387000,8.57
12/12/2019 17:47:11.268000,8.18
12/12/2019 17:49:11.457000,8.63
12/12/2019 17:51:11.795000,9.4
12/12/2019 17:53:11.521000,9.22
12/12/2019 17:55:11.460000,9.78
12/12/2019 17:57:11.125000,10.28
12/12/2019 17:59:11.389000,9.39
12/12/2019 18:01:11.389000,10.53
12/12/2019 18:03:11.315000,10.49
12/12/2019 18:05:11.514000,9.96
12/12/2019 18:07:11.052000,10.52
12/12/2019 18:09:11.042000,10.37
12/12/2019 18:11:11.528000,10.47
12/12/2019 18:13:11.275000,11.18
12/12/2019 18:15:13.230000,10.39
12/12/2019 18:17:11.064000,11.11
12/12/2019 18:19:11.379000,10.51
12/12/2019 18:21:11.134000,11.99
12/12/2019 18:23:11.437000,11.42
12/12/2019 18:25:11.458000,11.24
12/12/2019 18:27:11.120000,10.79
12/12/2019 18:29:11.027000,11.0
12/12/2019 18:31:11.469000,10.2
12/12/2019 18:33:11.045000,10.71
12/12/2019 18:35:11.137000,11.31
12/12/2019 18:37:11.457000,12.0
12/12/2019 18:39:11.437000,11.35
12/12/2019 18:41:11.270000,11.03
12/12/2019 18:43:11.594000,10.58
12/12/2019 18:45:11.475000,10.94
12/12/2019 18:47:11.053000,10.28
12/12/2019 18:49:11.532000,10.54
12/12/2019 18:51:11.728000,9.52
12/12/2019 18:53:11.604000,8.6
12/12/2019 18:55:11.049000,9.34
12/12/2019 18:57:11.389000,7.87
12/12/2019 18:59:11.500000,5.99
12/12/2019 19:01:11.371000,6.93
12/12/2019 19:03:11.521000,7.85
12/12/2019 19:05:11.047000,9.2
12/12/2019 19:07:11.547000,7.69
12/12/2019 19:09:11.391000,7.19
12/12/2019 19:11:11.114000,6.81
12/12/2019 19:13:11.394000,6.49
12/12/2019 19:15:11.449000,7.13
12/12/2019 19:17:11.079000,9.16
12/12/2019 19:19:11.269000,10.25
12/12/2019 19:21:11.067000,10.21
12/12/2019 19:23:11.394000,9.43
12/12/2019 19:25:11.515000,11.06
12/12/2019 19:27:11.478000,10.41
12/12/2019 19:29:11.453000,10.3
12/12/2019 19:31:11.067000,10.84
12/12/2019 19:33:11.546000,10.24
12/12/2019 19:35:11.459000,9.91
12/12/2019 19:37:11.546000,11.06
12/12/2019 19:39:11.562000,11.13
12/12/2019 19:41:11.612000,11.23
12/12/2019 19:43:11.500000,10.94
12/12/2019 19:45:11.400000,11.24
12/12/2019 19:47:11.265000,11.04
12/12/2019 19:49:11.260000,11.8
12/12/2019 19:51:11.730000,12.27
12/12/2019 19:53:11.288000,11.33
12/12/2019 19:55:11.537000,12.93
12/12/2019 19:57:11.049000,12.1
12/12/2019 19:59:11.266000,10.94
12/12/2019 20:01:11.267000,12.16
12/12/2019 20:03:11.527000,12.48
12/12/2019 20:05:11.510000,11.9
12/12/2019 20:07:11.434000,12.54
12/12/2019 20:09:11.391000,12.17
12/12/2019 20:11:11.038000,12.94
12/12/2019 20:13:11.433000,12.83
12/12/2019 20:15:11.050000,12.87
12/12/2019 20:17:11.048000,12.54
12/12/2019 20:19:11.467000,13.24
12/12/2019 20:21:11.495000,11.58
12/12/2019 20:23:11.369000,10.94
12/12/2019 20:25:11.448000,11.64
12/12/2019 20:27:11.117000,12.06
12/12/2019 20:29:11.464000,12.19
12/12/2019 20:31:11.057000,11.67
12/12/2019 20:33:11.323000,12.49
12/12/2019 20:35:17.743000,10.46
12/12/2019 20:37:11.430000,7.86
12/12/2019 20:39:11.389000,7.82
12/12/2019 20:41:11.067000,7.49
12/12/2019 20:43:11.049000,8.1
12/12/2019 20:45:11.261000,6.76
12/12/2019 20:47:11.546000,2.46
12/12/2019 20:49:11.370000,1.2
12/12/2019 20:51:11.392000,0.09
12/12/2019 20:53:11.429000,0.0
12/12/2019 20:55:11.358000,0.0
12/12/2019 20:57:11.456000,0.0
12/12/2019 20:59:11.563000,0.0
12/12/2019 21:01:11.058000,0.0
12/12/2019 21:03:11.056000,0.0
12/12/2019 21:05:11.444000,0.0
12/12/2019 21:07:11.395000,0.0
12/12/2019 21:09:11.293000,0.0
12/12/2019 21:11:11.474000,0.0
12/12/2019 21:13:11.263000,0.0
12/12/2019 21:15:11.392000,0.0
12/12/2019 21:17:11.346000,0.0
12/12/2019 21:19:11.599000,0.0
12/12/2019 21:21:11.061000,0.0
12/12/2019 21:23:11.385000,0.0
12/12/2019 21:25:11.389000,0.0
12/12/2019 21:27:11.390000,0.0
12/12/2019 21:29:11.311000,0.0
12/12/2019 21:31:12.212000,0.0
12/12/2019 21:33:11.532000,0.0
12/12/2019 21:35:11.051000,0.0
12/12/2019 21:37:11.381000,0.0
12/12/2019 21:39:11.397000,0.0
12/12/2019 21:41:11.449000,0.0
12/12/2019 21:43:11.446000,0.0
12/12/2019 21:45:11.043000,0.0
12/12/2019 21:47:11.078000,0.0
12/12/2019 21:49:11.042000,0.0
12/12/2019 21:51:11.740000,0.0
12/12/2019 21:53:11.396000,0.0
12/12/2019 21:55:11.036000,0.0
12/12/2019 21:57:11.348000,0.0
12/12/2019 21:59:11.406000,0.0
12/12/2019 22:01:11.277000,0.0
12/12/2019 22:03:11.339000,0.0
12/12/2019 22:05:11.062000,0.0
12/12/2019 22:07:11.319000,0.0
12/12/2019 22:09:11.278000,0.0
12/12/2019 22:11:11.458000,0.0
12/12/2019 22:13:11.447000,0.0
12/12/2019 22:15:11.077000,0.0
12/12/2019 22:17:11.046000,0.0
12/12/2019 22:19:11.072000,0.0
12/12/2019 22:21:11.452000,0.0
12/12/2019 22:23:11.384000,0.0
12/12/2019 22:25:11.476000,0.0
12/12/2019 22:27:11.452000,0.0
12/12/2019 22:29:11.486000,0.0
12/12/2019 22:31:11.398000,0.0
12/12/2019 22:33:11.486000,0.0
12/12/2019 22:35:11.073000,0.0
12/12/2019 22:37:11.395000,0.0
12/12/2019 22:39:11.466000,0.0
12/12/2019 22:41:11.060000,0.0
12/12/2019 22:43:11.467000,0.0
12/12/2019 22:45:11.271000,0.0
12/12/2019 22:47:11.457000,0.0
12/12/2019 22:49:11.440000,0.0
12/12/2019 22:51:11.709000,0.0
12/12/2019 22:53:11.074000,0.0
12/12/2019 22:55:11.517000,0.0
12/12/2019 22:57:11.542000,0.0
12/12/2019 22:59:11.364000,0.0
12/12/2019 23:01:11.053000,0.0
12/12/2019 23:03:11.446000,0.0
12/12/2019 23:05:11.453000,0.0
12/12/2019 23:07:11.450000,0.0
12/12/2019 23:09:11.443000,0.0
12/12/2019 23:11:11.465000,0.0
12/12/2019 23:13:11.461000,0.0
12/12/2019 23:15:11.381000,0.0
12/12/2019 23:17:11.399000,0.0
12/12/2019 23:19:11.479000,0.0
12/12/2019 23:21:11.493000,0.0
12/12/2019 23:23:11.271000,0.0
12/12/2019 23:25:11.601000,0.0
12/12/2019 23:27:11.282000,0.0
12/12/2019 23:29:11.402000,0.0
12/12/2019 23:31:11.454000,0.0
12/12/2019 23:33:11.447000,0.0
12/12/2019 23:35:11.511000,0.0
12/12/2019 23:37:11.269000,0.0
12/12/2019 23:39:11.418000,0.0
12/12/2019 23:41:11.358000,0.1
12/12/2019 23:43:11.053000,0.0
12/12/2019 23:45:11.603000,0.0
12/12/2019 23:47:11.047000,0.13
12/12/2019 23:49:11.547000,0.2
12/12/2019 23:51:11.733000,0.04
12/12/2019 23:53:11.382000,0.34
12/12/2019 23:55:11.377000,0.09
12/12/2019 23:57:11.472000,0.57
12/12/2019 23:59:11.385000,1.36
12/13/2019 00:01:11.558000,0.56
12/13/2019 00:03:11.416000,0.77
12/13/2019 00:05:11.280000,0.06
12/13/2019 00:07:11.601000,0.6
12/13/2019 00:09:11.404000,0.28
12/13/2019 00:11:11.405000,0.28
12/13/2019 00:13:11.391000,0.61
12/13/2019 00:15:11.405000,0.37
12/13/2019 00:17:11.488000,0.22
12/13/2019 00:19:11.502000,0.59
12/13/2019 00:21:11.076000,0.48
12/13/2019 00:23:11.511000,0.36
12/13/2019 00:25:11.484000,0.2
12/13/2019 00:27:11.442000,0.59
12/13/2019 00:29:11.269000,0.81
12/13/2019 00:31:11.631000,0.6
12/13/2019 00:33:11.404000,1.55
12/13/2019 00:35:11.396000,0.21
12/13/2019 00:37:11.278000,0.24
12/13/2019 00:39:11.282000,0.2
12/13/2019 00:41:11.112000,0.14
12/13/2019 00:43:11.326000,0.34
12/13/2019 00:45:11.650000,0.17
12/13/2019 00:47:11.508000,0.32
12/13/2019 00:49:11.403000,0.08
12/13/2019 00:51:11.978000,0.22
12/13/2019 00:53:11.113000,0.0
12/13/2019 00:55:11.455000,0.2
12/13/2019 00:57:11.277000,0.69
12/13/2019 00:59:11.500000,0.67
12/13/2019 01:01:11.396000,0.82
12/13/2019 01:03:11.382000,0.87
12/13/2019 01:05:11.376000,1.03
12/13/2019 01:07:11.397000,1.39
12/13/2019 01:09:11.456000,2.36
12/13/2019 01:11:11.190000,0.88
12/13/2019 01:13:11.375000,1.0
12/13/2019 01:15:11.279000,0.85
12/13/2019 01:17:11.517000,0.84
12/13/2019 01:19:11.419000,1.15
12/13/2019 01:21:11.314000,1.29
12/13/2019 01:23:11.394000,0.49
12/13/2019 01:25:11.056000,0.33
12/13/2019 01:27:11.541000,0.85
12/13/2019 01:29:11.318000,0.67
12/13/2019 01:31:11.071000,0.34
12/13/2019 01:33:11.067000,0.87
12/13/2019 01:35:11.486000,0.58
12/13/2019 01:37:11.084000,0.53
12/13/2019 01:39:11.307000,0.4
12/13/2019 01:41:11.497000,0.57
12/13/2019 01:43:11.408000,0.46
12/13/2019 01:45:11.402000,1.04
12/13/2019 01:47:11.401000,1.54
12/13/2019 01:49:11.054000,0.67
12/13/2019 01:51:14.282000,1.06
12/13/2019 01:53:11.277000,0.58
12/13/2019 01:55:11.286000,1.28
12/13/2019 01:57:11.065000,0.76
12/13/2019 01:59:11.272000,1.34
12/13/2019 02:03:11.409000,1.79
12/13/2019 02:05:11.106000,1.17
12/13/2019 02:07:11.048000,1.58
12/13/2019 02:09:11.389000,1.16
12/13/2019 02:11:11.302000,1.12
12/13/2019 02:13:11.267000,1.9
12/13/2019 02:15:11.519000,1.21
12/13/2019 02:17:11.445000,1.36
12/13/2019 02:19:11.411000,1.29
12/13/2019 02:21:11.482000,1.45
12/13/2019 02:23:11.067000,1.39
12/13/2019 02:25:11.131000,1.35
12/13/2019 02:27:11.062000,1.42
12/13/2019 02:29:11.127000,1.1
12/13/2019 02:31:11.411000,1.29
12/13/2019 02:33:11.458000,1.3
12/13/2019 02:35:11.320000,1.39
12/13/2019 02:37:11.616000,1.17
12/13/2019 02:39:11.345000,1.36
12/13/2019 02:41:11.388000,2.25
12/13/2019 02:43:11.452000,1.71
12/13/2019 02:45:11.516000,1.63
12/13/2019 02:47:11.512000,2.17
12/13/2019 02:49:11.364000,2.75
12/13/2019 02:51:11.450000,2.62
12/13/2019 02:53:11.457000,2.7
12/13/2019 02:55:11.311000,2.82
12/13/2019 02:57:11.383000,2.43
12/13/2019 02:59:11.289000,2.99
12/13/2019 03:01:11.304000,2.51
12/13/2019 03:03:11.273000,2.66
12/13/2019 03:05:11.474000,2.21
12/13/2019 03:07:11.469000,2.2
12/13/2019 03:09:11.274000,1.49
12/13/2019 03:11:11.456000,2.31
12/13/2019 03:13:11.047000,2.0
12/13/2019 03:15:11.550000,1.96
12/13/2019 03:17:11.444000,1.63
12/13/2019 03:19:11.454000,1.55
12/13/2019 03:21:11.038000,1.52
12/13/2019 03:23:11.047000,1.63
12/13/2019 03:25:11.508000,1.85
12/13/2019 03:27:11.381000,1.48
12/13/2019 03:29:11.617000,1.88
12/13/2019 03:31:11.115000,1.84
12/13/2019 03:33:11.457000,1.91
12/13/2019 03:35:11.054000,1.65
12/13/2019 03:37:11.264000,1.21
12/13/2019 03:39:11.461000,1.63
12/13/2019 03:41:11.383000,1.81
12/13/2019 03:43:11.057000,1.42
12/13/2019 03:45:11.303000,2.06
12/13/2019 03:47:11.383000,2.17
12/13/2019 03:49:11.375000,2.97
12/13/2019 03:51:11.711000,2.85
12/13/2019 03:53:11.442000,3.13
12/13/2019 03:55:11.269000,3.43
12/13/2019 03:57:11.452000,3.03
12/13/2019 03:59:11.401000,2.13
12/13/2019 04:01:11.458000,3.67
12/13/2019 04:03:11.456000,2.79
12/13/2019 04:05:11.372000,1.82
12/13/2019 04:07:11.651000,1.65
12/13/2019 04:09:11.405000,2.58
12/13/2019 04:11:11.460000,2.11
12/13/2019 04:13:11.043000,1.97
12/13/2019 04:15:11.567000,1.24
12/13/2019 04:17:11.318000,1.58
12/13/2019 04:19:11.030000,1.01
12/13/2019 04:21:11.374000,1.9
12/13/2019 04:23:11.261000,3.39
12/13/2019 04:25:11.392000,2.03
12/13/2019 04:27:11.381000,2.16
12/13/2019 04:29:11.305000,3.57
12/13/2019 04:31:11.416000,6.7
12/13/2019 04:33:11.446000,6.89
12/13/2019 04:35:11.398000,7.12
12/13/2019 04:37:11.442000,7.49
12/13/2019 04:39:11.376000,6.9
12/13/2019 04:41:11.264000,7.44
12/13/2019 04:43:11.466000,5.91
12/13/2019 04:45:11.451000,4.65
12/13/2019 04:47:11.428000,4.2
12/13/2019 04:49:11.520000,2.23
12/13/2019 04:51:11.356000,1.77
12/13/2019 04:53:11.515000,1.61
12/13/2019 04:55:11.397000,1.87
12/13/2019 04:57:11.385000,2.3
12/13/2019 04:59:11.370000,1.81
12/13/2019 05:01:11.048000,1.31
12/13/2019 05:03:11.282000,2.2
12/13/2019 05:05:11.410000,1.83
12/13/2019 05:07:11.082000,1.56
12/13/2019 05:09:11.072000,1.82
12/13/2019 05:13:11.456000,0.76
12/13/2019 05:15:11.523000,0.33
12/13/2019 05:17:11.447000,0.0
12/13/2019 05:19:11.279000,0.0
12/13/2019 05:21:11.388000,0.0
12/13/2019 05:23:11.479000,0.0
12/13/2019 05:25:11.417000,0.0
12/13/2019 05:27:11.266000,0.0
12/13/2019 05:29:11.415000,0.0
12/13/2019 05:31:11.280000,0.0
12/13/2019 05:33:11.153000,0.0
12/13/2019 05:35:11.059000,0.0
12/13/2019 05:37:11.438000,0.0
12/13/2019 05:39:11.377000,0.0
12/13/2019 05:41:11.069000,0.0
12/13/2019 05:43:11.051000,0.0
12/13/2019 05:45:11.539000,0.0
12/13/2019 05:47:11.458000,0.0
12/13/2019 05:49:11.377000,0.0
12/13/2019 05:51:11.701000,0.0
12/13/2019 05:53:11.487000,0.0
12/13/2019 05:55:11.251000,0.0
12/13/2019 05:57:11.571000,0.0
12/13/2019 05:59:11.059000,0.0
12/13/2019 06:01:11.039000,0.0
12/13/2019 06:03:11.462000,0.0
12/13/2019 06:05:11.029000,0.0
12/13/2019 06:07:11.087000,0.0
12/13/2019 06:09:11.363000,0.0
12/13/2019 06:11:11.098000,0.0
12/13/2019 06:13:11.409000,0.0
12/13/2019 06:15:11.295000,0.0
12/13/2019 06:17:11.489000,0.0
12/13/2019 06:19:11.256000,0.0
12/13/2019 06:21:11.394000,0.0
12/13/2019 06:23:11.559000,0.0
12/13/2019 06:25:11.325000,0.0
12/13/2019 06:27:11.396000,0.0
12/13/2019 06:29:11.427000,0.0
12/13/2019 06:31:11.102000,0.0
12/13/2019 06:33:11.849000,0.0
12/13/2019 06:35:11.472000,0.0
12/13/2019 06:37:11.435000,0.0
12/13/2019 06:39:11.385000,0.0
12/13/2019 06:41:11.411000,0.0
12/13/2019 06:43:11.372000,0.0
12/13/2019 06:45:11.362000,0.0
12/13/2019 06:47:11.436000,0.0
12/13/2019 06:49:11.389000,0.0
12/13/2019 06:51:11.649000,0.0
12/13/2019 06:53:11.026000,0.0
12/13/2019 06:55:11.459000,0.0
12/13/2019 06:57:11.427000,0.0
12/13/2019 06:59:12.015000,0.0
12/13/2019 07:01:11.028000,0.0
12/13/2019 07:03:11.035000,0.0
12/13/2019 07:05:11.412000,0.0
12/13/2019 07:07:11.471000,0.0
12/13/2019 07:09:11.051000,0.0
12/13/2019 07:11:11.049000,0.0
12/13/2019 07:13:11.053000,0.0
12/13/2019 07:15:11.469000,0.0
12/13/2019 07:17:11.401000,0.0
12/13/2019 07:19:11.546000,0.0
12/13/2019 07:21:11.023000,0.0
12/13/2019 07:23:11.364000,0.0
12/13/2019 07:25:11.031000,0.0
12/13/2019 07:27:11.531000,0.0
12/13/2019 07:29:11.420000,0.0
12/13/2019 07:31:11.358000,0.0
12/13/2019 07:33:11.467000,0.0
12/13/2019 07:35:11.120000,0.0
12/13/2019 07:37:11.419000,0.0
12/13/2019 07:39:11.261000,0.0
12/13/2019 07:41:11.371000,0.0
12/13/2019 07:43:11.396000,0.0
12/13/2019 07:45:11.033000,0.0
12/13/2019 07:47:11.628000,0.0
12/13/2019 07:49:11.033000,0.0
12/13/2019 07:51:11.660000,0.0
12/13/2019 07:53:11.035000,0.0
12/13/2019 07:55:11.043000,0.0
12/13/2019 07:57:11.434000,0.0
12/13/2019 07:59:11.371000,0.0
12/13/2019 08:01:11.367000,0.0
12/13/2019 08:03:11.364000,0.0
12/13/2019 08:05:11.282000,0.0
12/13/2019 08:07:11.374000,0.0
12/13/2019 08:09:11.443000,0.0
12/13/2019 08:11:11.378000,0.0
12/13/2019 08:13:11.452000,0.0
12/13/2019 08:15:11.525000,0.0
12/13/2019 08:17:11.446000,0.0
12/13/2019 08:19:11.520000,0.0
12/13/2019 08:21:11.451000,0.0
12/13/2019 08:23:11.361000,0.0
12/13/2019 08:25:11.444000,0.0
12/13/2019 08:27:11.282000,0.0
12/13/2019 08:29:11.445000,0.0
12/13/2019 08:31:11.033000,0.0
12/13/2019 08:33:11.288000,0.0
12/13/2019 08:35:11.258000,0.0
12/13/2019 08:37:11.447000,0.0
12/13/2019 08:39:11.286000,0.0
12/13/2019 08:41:11.261000,0.0
12/13/2019 08:43:11.047000,0.0
12/13/2019 08:45:11.382000,0.0
12/13/2019 08:47:11.352000,0.0
12/13/2019 08:49:11.279000,0.0
12/13/2019 08:51:11.569000,0.0
12/13/2019 08:53:11.043000,0.0
12/13/2019 08:55:11.036000,0.0
12/13/2019 08:57:11.441000,0.0
12/13/2019 08:59:11.514000,0.0
12/13/2019 09:01:11.291000,0.0
12/13/2019 09:03:11.388000,0.0
12/13/2019 09:05:11.380000,0.0
12/13/2019 09:07:11.367000,0.0
12/13/2019 09:41:12.606000,0.0
12/13/2019 09:43:12.667000,0.0
12/13/2019 09:45:13.111000,0.0
12/13/2019 09:47:12.945000,0.0
12/13/2019 09:49:12.971000,0.0
12/13/2019 09:51:13.022000,0.0
12/13/2019 09:53:13.092000,0.0
12/13/2019 09:55:12.969000,0.0
12/13/2019 09:57:12.653000,0.0
12/13/2019 09:59:12.865000,0.0
12/13/2019 10:01:13.057000,0.0
12/13/2019 10:03:13.131000,0.0
12/13/2019 10:05:12.627000,0.0
12/13/2019 10:07:12.868000,0.0
12/13/2019 10:09:13.048000,0.0
12/13/2019 10:11:13.036000,0.0
12/13/2019 10:13:13.250000,0.0
12/13/2019 10:15:13.038000,0.0
12/13/2019 10:17:13.013000,0.0
12/13/2019 10:19:12.851000,0.0
12/13/2019 10:21:12.862000,0.0
12/13/2019 10:23:12.629000,0.0
12/13/2019 10:25:13.018000,0.0
12/13/2019 10:27:12.919000,0.0
12/13/2019 10:29:12.955000,0.0
12/13/2019 10:31:12.954000,0.0
12/13/2019 10:33:12.980000,0.0
12/13/2019 10:35:13.102000,0.0
12/13/2019 10:37:12.842000,0.0
12/13/2019 10:39:12.956000,0.0
12/13/2019 10:41:12.945000,0.0
12/13/2019 10:43:12.650000,0.0
12/13/2019 10:45:13.065000,0.0
12/13/2019 10:47:14.385000,0.0
12/13/2019 10:49:13.145000,0.0
12/13/2019 10:51:12.998000,0.0
12/13/2019 10:53:13.029000,0.0
12/13/2019 10:55:12.965000,0.0
12/13/2019 10:57:12.647000,0.0
12/13/2019 10:59:12.633000,0.0
12/13/2019 11:01:13.014000,0.0
12/13/2019 11:03:12.949000,0.0
12/13/2019 11:05:13.025000,0.0
12/13/2019 11:07:12.968000,0.0
12/13/2019 11:09:12.630000,0.0
12/13/2019 11:11:12.928000,0.0
12/13/2019 11:13:12.964000,0.0
12/13/2019 11:15:12.981000,0.0
12/13/2019 11:17:12.963000,0.0
12/13/2019 11:19:13.026000,0.0
12/13/2019 11:21:13.019000,0.0
12/13/2019 11:23:12.853000,0.0
12/13/2019 11:25:13.026000,0.0
12/13/2019 11:27:13.075000,0.0
12/13/2019 11:29:13.082000,0.0
12/13/2019 11:31:14.090000,0.0
12/13/2019 11:33:12.965000,0.0
12/13/2019 11:35:12.633000,0.0
12/13/2019 11:37:12.610000,0.0
12/13/2019 11:39:13.039000,0.0
12/13/2019 11:41:13.264000,0.0
12/13/2019 11:43:13.012000,0.0
12/13/2019 11:45:12.656000,0.0
12/13/2019 11:47:12.619000,0.0
12/13/2019 11:49:12.890000,0.0
12/13/2019 11:51:13.217000,0.0
12/13/2019 11:53:12.961000,0.0
12/13/2019 11:55:12.654000,0.0
12/13/2019 11:57:13.046000,0.0
12/13/2019 11:59:12.960000,0.0
12/13/2019 12:01:13.020000,0.0
12/13/2019 12:03:13.020000,0.0
12/13/2019 12:05:12.966000,0.0
12/13/2019 12:07:13.140000,0.0
12/13/2019 12:09:13.205000,0.0
12/13/2019 12:11:13.025000,0.0
12/13/2019 12:13:13.067000,0.0
12/13/2019 12:15:13.000000,0.0
12/13/2019 12:17:12.853000,0.0
12/13/2019 12:19:13.021000,0.0
12/13/2019 12:21:14.316000,0.0
12/13/2019 12:23:12.995000,0.0
12/13/2019 12:25:12.968000,0.0
12/13/2019 12:27:12.636000,0.0
12/13/2019 12:29:12.948000,0.0
12/13/2019 12:31:12.859000,0.0
12/13/2019 12:33:12.957000,0.0
12/13/2019 12:35:13.120000,0.0
12/13/2019 12:37:12.931000,0.0
12/13/2019 12:39:12.617000,0.0
12/13/2019 12:41:13.374000,0.0
12/13/2019 12:43:13.072000,0.0
12/13/2019 12:45:12.628000,0.0
12/13/2019 12:47:13.058000,0.0
12/13/2019 12:49:13.062000,0.0
12/13/2019 12:51:12.879000,0.0
12/13/2019 12:53:12.847000,0.0
12/13/2019 12:55:13.114000,0.0
12/13/2019 12:57:12.843000,0.0
12/13/2019 12:59:12.615000,0.0
12/13/2019 13:01:12.989000,0.0
12/13/2019 13:03:12.978000,0.0
12/13/2019 13:05:13.029000,0.0
12/13/2019 13:07:13.063000,0.0
12/13/2019 13:09:13.025000,0.0
12/13/2019 13:11:14.049000,0.0
12/13/2019 13:13:13.103000,0.0
12/13/2019 13:15:13.051000,0.0
12/13/2019 13:17:12.838000,0.0
12/13/2019 13:19:13.073000,0.0
12/13/2019 13:21:12.847000,0.0
12/13/2019 13:23:13.082000,0.0
12/13/2019 13:25:12.953000,0.0
12/13/2019 13:27:13.022000,0.0
12/13/2019 13:29:12.982000,0.0
12/13/2019 13:31:12.600000,0.0
12/13/2019 13:33:12.948000,0.0
12/13/2019 13:35:12.602000,0.0
12/13/2019 13:37:12.627000,0.0
12/13/2019 13:39:12.966000,0.0
12/13/2019 13:41:13.263000,0.0
12/13/2019 13:43:12.640000,0.0
12/13/2019 13:45:12.840000,0.0
12/13/2019 13:47:12.879000,0.0
12/13/2019 13:49:12.845000,0.0
12/13/2019 13:51:12.649000,0.0
12/13/2019 13:53:12.846000,0.0
12/13/2019 13:55:13.024000,0.0
12/13/2019 13:57:13.079000,0.0
12/13/2019 13:59:13.071000,0.0
12/13/2019 14:01:12.933000,0.0
12/13/2019 14:03:12.609000,0.0
12/13/2019 14:05:12.973000,0.0
12/13/2019 14:07:13.080000,0.0
12/13/2019 14:09:12.643000,0.0
12/13/2019 14:11:12.859000,0.0
12/13/2019 14:13:13.067000,0.0
12/13/2019 14:15:12.952000,0.0
12/13/2019 14:17:12.821000,0.0
12/13/2019 14:19:12.991000,0.0
12/13/2019 14:21:13.064000,0.0
12/13/2019 14:23:12.953000,0.0
12/13/2019 14:25:12.870000,0.0
12/13/2019 14:27:13.152000,0.0
12/13/2019 14:29:12.657000,0.0
12/13/2019 14:31:12.885000,0.0
12/13/2019 14:33:12.997000,0.0
12/13/2019 14:35:12.667000,0.42
12/13/2019 14:37:12.617000,0.0
12/13/2019 14:39:13.036000,0.0
12/13/2019 14:41:13.598000,0.0
12/13/2019 14:43:13.123000,0.0
12/13/2019 14:45:13.005000,0.0
12/13/2019 14:47:12.653000,0.0
12/13/2019 14:49:13.014000,0.0
12/13/2019 14:51:13.029000,0.0
12/13/2019 14:53:12.917000,0.0
12/13/2019 14:55:12.858000,0.0
12/13/2019 14:57:12.635000,0.0
12/13/2019 14:59:12.946000,0.0
12/13/2019 15:01:13.145000,0.0
12/13/2019 15:03:12.865000,0.0
12/13/2019 15:05:13.246000,0.0
12/13/2019 15:07:13.029000,0.0
12/13/2019 15:09:13.052000,0.0
12/13/2019 15:11:12.945000,0.0
12/13/2019 15:13:12.835000,0.0
12/13/2019 15:15:12.990000,0.0
12/13/2019 15:17:13.013000,0.0
12/13/2019 15:19:13.077000,0.0
12/13/2019 15:21:12.633000,0.0
12/13/2019 15:23:12.962000,0.0
12/13/2019 15:25:13.125000,0.0
12/13/2019 15:27:13.047000,0.0
12/13/2019 15:29:13.039000,0.0
12/13/2019 15:31:12.963000,0.0
12/13/2019 15:33:12.999000,0.0
12/13/2019 15:35:12.947000,0.0
12/13/2019 15:37:12.639000,0.0
12/13/2019 15:39:12.629000,0.0
12/13/2019 15:41:13.290000,0.0
12/13/2019 15:43:12.866000,0.0
12/13/2019 15:45:13.017000,0.0
12/13/2019 15:47:12.633000,0.0
12/13/2019 15:49:12.629000,0.0
12/13/2019 15:51:12.610000,0.0
12/13/2019 15:53:13.041000,0.0
12/13/2019 15:55:13.005000,0.0
12/13/2019 15:57:12.615000,0.0
12/13/2019 15:59:12.863000,0.0
12/13/2019 16:01:13.077000,0.0
12/13/2019 16:03:12.648000,0.0
12/13/2019 16:05:12.875000,0.0
12/13/2019 16:07:12.864000,0.0
12/13/2019 16:09:12.944000,0.0
12/13/2019 16:11:13.054000,0.0
12/13/2019 16:13:12.857000,0.0
12/13/2019 16:15:13.147000,0.0
12/13/2019 16:17:12.936000,0.0
12/13/2019 16:19:12.630000,0.0
12/13/2019 16:21:12.976000,0.0
12/13/2019 16:23:12.625000,0.0
12/13/2019 16:25:12.844000,0.0
12/13/2019 16:27:13.108000,0.0
12/13/2019 16:29:12.837000,0.0
12/13/2019 16:31:12.941000,0.0
12/13/2019 16:33:12.958000,0.0
12/13/2019 16:35:12.946000,0.0
12/13/2019 16:37:12.842000,0.0
12/13/2019 16:39:12.956000,0.0
12/13/2019 16:41:13.483000,0.0
12/13/2019 16:43:13.004000,0.0
12/13/2019 16:45:12.971000,0.0
12/13/2019 16:47:12.961000,0.0
12/13/2019 16:49:12.663000,0.0
12/13/2019 16:51:12.874000,0.0
12/13/2019 16:53:13.210000,0.0
12/13/2019 16:55:12.944000,0.0
12/13/2019 16:57:13.027000,0.0
12/13/2019 16:59:12.645000,0.0
12/13/2019 17:01:12.871000,0.0
12/13/2019 17:03:13.356000,0.0
12/13/2019 17:05:12.613000,0.0
12/13/2019 17:07:12.640000,0.0
12/13/2019 17:09:12.626000,0.0
12/13/2019 17:11:12.956000,0.0
12/13/2019 17:13:12.989000,0.0
12/13/2019 17:15:12.620000,0.0
12/13/2019 17:17:13.011000,0.0
12/13/2019 17:19:12.836000,0.0
12/13/2019 17:21:13.091000,0.0
12/13/2019 17:23:13.035000,0.0
12/13/2019 17:25:14.197000,0.0
12/13/2019 17:27:12.857000,0.0
12/13/2019 17:29:12.872000,0.0
12/13/2019 17:31:12.748000,0.0
12/13/2019 17:33:12.615000,0.0
12/13/2019 17:35:13.115000,0.0
12/13/2019 17:37:12.952000,0.0
12/13/2019 17:39:13.037000,0.0
12/13/2019 17:41:13.088000,0.0
12/13/2019 17:43:12.936000,0.0
12/13/2019 17:45:12.647000,0.0
12/13/2019 17:47:12.606000,0.0
12/13/2019 17:49:13.041000,0.0
12/13/2019 17:51:12.959000,0.0
12/13/2019 17:53:12.945000,0.0
12/13/2019 17:55:13.022000,0.0
12/13/2019 17:57:12.954000,0.0
12/13/2019 17:59:12.862000,0.0
12/13/2019 18:01:13.007000,0.0
12/13/2019 18:03:12.845000,0.0
12/13/2019 18:05:12.626000,0.0
12/13/2019 18:07:12.939000,0.0
12/13/2019 18:09:12.625000,0.0
12/13/2019 18:11:12.988000,0.0
12/13/2019 18:13:12.954000,0.0
12/13/2019 18:15:12.932000,0.0
12/13/2019 18:17:12.642000,0.0
12/13/2019 18:19:12.632000,0.0
12/13/2019 18:21:12.699000,0.0
12/13/2019 18:23:12.863000,0.0
12/13/2019 18:25:13.084000,0.0
12/13/2019 18:27:13.079000,0.0
12/13/2019 18:29:12.983000,0.0
12/13/2019 18:31:12.958000,0.0
12/13/2019 18:33:12.952000,0.0
12/13/2019 18:35:12.614000,0.0
12/13/2019 18:37:13.059000,0.0
12/13/2019 18:39:12.985000,0.0
12/13/2019 18:41:15.106000,0.0
12/13/2019 18:43:13.133000,0.0
12/13/2019 18:45:12.957000,0.0
12/13/2019 18:47:12.871000,0.0
12/13/2019 18:49:12.845000,0.0
12/13/2019 18:51:13.042000,0.0
12/13/2019 18:53:12.943000,0.0
12/13/2019 18:55:12.629000,0.35
12/13/2019 18:57:12.948000,0.39
12/13/2019 18:59:12.611000,0.0
12/13/2019 19:01:13.097000,0.0
12/13/2019 19:03:12.952000,0.0
12/13/2019 19:05:12.942000,0.09
12/13/2019 19:07:12.610000,0.04
12/13/2019 19:09:12.960000,0.0
12/13/2019 19:11:13.126000,1.04
12/13/2019 19:13:13.161000,0.0
12/13/2019 19:15:13.041000,0.0
12/13/2019 19:17:12.996000,0.0
12/13/2019 19:19:12.914000,0.0
12/13/2019 19:21:13.030000,0.0
12/13/2019 19:23:12.855000,0.0
12/13/2019 19:25:13.047000,0.0
12/13/2019 19:27:13.026000,0.0
12/13/2019 19:29:12.652000,0.0
12/13/2019 19:31:12.612000,0.0
12/13/2019 19:33:13.086000,0.0
12/13/2019 19:35:13.101000,0.0
12/13/2019 19:37:12.620000,0.0
12/13/2019 19:39:12.702000,0.0
12/13/2019 19:41:13.339000,0.0
12/13/2019 19:43:13.019000,0.0
12/13/2019 19:45:12.942000,0.0
12/13/2019 19:47:12.971000,0.0
12/13/2019 19:49:13.150000,0.0
12/13/2019 19:51:12.843000,0.0
12/13/2019 19:53:12.640000,0.0
12/13/2019 19:55:12.956000,0.0
12/13/2019 19:57:12.921000,0.0
12/13/2019 19:59:12.623000,0.0
12/13/2019 20:01:12.628000,0.0
12/13/2019 20:03:13.037000,0.0
12/13/2019 20:05:12.943000,0.0
12/13/2019 20:07:13.009000,0.0
12/13/2019 20:09:12.631000,0.04
12/13/2019 20:11:13.012000,0.0
12/13/2019 20:13:13.078000,0.0
12/13/2019 20:15:12.944000,0.0
12/13/2019 20:17:12.973000,0.0
12/13/2019 20:19:13.022000,0.0
12/13/2019 20:21:12.957000,0.0
12/13/2019 20:23:13.000000,0.0
12/13/2019 20:25:13.053000,0.0
12/13/2019 20:27:13.004000,0.0
12/13/2019 20:29:13.129000,0.0
12/13/2019 20:31:12.952000,0.0
12/13/2019 20:33:13.097000,0.0
12/13/2019 20:35:12.860000,0.0
12/13/2019 20:37:12.872000,0.0
12/13/2019 20:39:12.943000,0.0
12/13/2019 20:41:12.943000,0.0
12/13/2019 20:43:12.938000,0.0
12/13/2019 20:45:12.616000,0.0
12/13/2019 20:47:12.617000,0.0
12/13/2019 20:49:12.944000,0.0
12/13/2019 20:51:12.969000,0.0
12/13/2019 20:53:12.643000,0.0
12/13/2019 20:55:12.901000,0.0
12/13/2019 20:57:13.049000,0.0
12/13/2019 20:59:12.960000,0.0
12/13/2019 21:01:12.623000,0.0
12/13/2019 21:03:12.643000,0.0
12/13/2019 21:05:12.827000,0.0
12/13/2019 21:07:13.012000,0.0
12/13/2019 21:09:12.846000,0.0
12/13/2019 21:11:12.839000,0.0
12/13/2019 21:13:12.662000,0.0
12/13/2019 21:15:12.657000,0.0
12/13/2019 21:17:13.043000,0.0
12/13/2019 21:19:12.626000,0.0
12/13/2019 21:21:12.808000,0.0
12/13/2019 21:23:13.007000,0.0
12/13/2019 21:25:12.977000,0.0
12/13/2019 21:27:12.649000,0.25
12/13/2019 21:29:13.037000,0.0
12/13/2019 21:31:12.994000,0.0
12/13/2019 21:33:12.985000,0.0
12/13/2019 21:35:12.626000,0.0
12/13/2019 21:37:12.873000,0.0
12/13/2019 21:39:12.835000,0.0
12/13/2019 21:41:13.270000,0.0
12/13/2019 21:43:12.622000,0.0
12/13/2019 21:45:12.974000,0.0
12/13/2019 21:47:12.614000,0.0
12/13/2019 21:49:12.866000,0.0
12/13/2019 21:51:13.027000,0.0
12/13/2019 21:53:13.070000,0.0
12/13/2019 21:55:12.887000,0.0
12/13/2019 21:57:12.967000,0.0
12/13/2019 21:59:13.100000,0.0
12/13/2019 22:01:13.095000,0.0
12/13/2019 22:03:13.024000,0.0
12/13/2019 22:05:13.021000,0.09
12/13/2019 22:07:13.097000,0.09
12/13/2019 22:09:13.019000,0.0
12/13/2019 22:11:13.028000,0.0
12/13/2019 22:13:13.017000,0.0
12/13/2019 22:15:13.051000,0.0
12/13/2019 22:17:12.971000,0.0
12/13/2019 22:19:12.954000,0.0
12/13/2019 22:21:13.073000,0.0
12/13/2019 22:23:12.958000,0.0
12/13/2019 22:25:13.018000,0.0
12/13/2019 22:27:12.883000,0.0
12/13/2019 22:29:13.026000,0.0
12/13/2019 22:31:13.077000,0.0
12/13/2019 22:33:12.971000,0.0
12/13/2019 22:35:12.602000,0.0
12/13/2019 22:37:12.951000,0.0
12/13/2019 22:39:12.610000,0.0
12/13/2019 22:41:13.213000,0.0
12/13/2019 22:43:12.855000,0.0
12/13/2019 22:45:13.121000,0.0
12/13/2019 22:47:12.940000,0.09
12/13/2019 22:49:12.896000,0.0
12/13/2019 22:51:12.759000,0.0
12/13/2019 22:53:12.621000,0.0
12/13/2019 22:55:12.640000,0.0
12/13/2019 22:57:13.078000,0.0
12/13/2019 22:59:13.074000,0.0
12/13/2019 23:01:12.908000,0.0
12/13/2019 23:03:12.983000,0.0
12/13/2019 23:05:12.864000,0.0
12/13/2019 23:07:13.055000,0.0
12/13/2019 23:09:12.634000,0.0
12/13/2019 23:11:12.640000,0.0
12/13/2019 23:13:12.948000,0.0
12/13/2019 23:15:12.614000,0.0
12/13/2019 23:17:12.625000,0.0
12/13/2019 23:19:12.984000,0.0
12/13/2019 23:21:13.075000,0.0
12/13/2019 23:23:12.957000,0.0
12/13/2019 23:25:13.119000,0.0
12/13/2019 23:27:12.959000,0.0
12/13/2019 23:29:12.857000,0.0
12/13/2019 23:31:12.959000,0.17
12/13/2019 23:33:13.052000,0.0
12/13/2019 23:35:12.631000,0.0
12/13/2019 23:37:12.861000,0.0
12/13/2019 23:39:12.863000,0.0
12/13/2019 23:41:13.273000,0.0
12/13/2019 23:43:12.970000,0.0
12/13/2019 23:45:12.634000,0.0
12/13/2019 23:47:12.638000,0.0
12/13/2019 23:49:12.981000,0.0
12/13/2019 23:51:12.662000,0.0
12/13/2019 23:53:12.995000,0.0
12/13/2019 23:55:12.866000,0.0
12/13/2019 23:57:12.617000,0.0
12/13/2019 23:59:12.654000,0.0
12/14/2019 00:01:13.083000,0.0
12/14/2019 00:03:13.019000,0.0
12/14/2019 00:05:12.943000,0.0
12/14/2019 00:07:12.845000,0.0
12/14/2019 00:09:13.031000,0.0
12/14/2019 00:11:12.971000,0.0
12/14/2019 00:13:13.035000,0.0
12/14/2019 00:15:13.013000,0.0
12/14/2019 00:17:12.857000,0.0
12/14/2019 00:19:12.631000,0.0
12/14/2019 00:21:13.014000,0.0
12/14/2019 00:23:12.626000,0.0
12/14/2019 00:25:13.031000,0.0
12/14/2019 00:27:13.116000,0.09
12/14/2019 00:29:12.984000,0.0
12/14/2019 00:31:13.000000,0.0
12/14/2019 00:33:13.121000,0.0
12/14/2019 00:35:12.951000,0.0
12/14/2019 00:37:13.000000,0.0
12/14/2019 00:39:12.887000,0.0
12/14/2019 00:41:13.381000,0.0
12/14/2019 00:43:12.630000,0.0
12/14/2019 00:45:12.957000,0.0
12/14/2019 00:47:13.053000,0.0
12/14/2019 00:49:13.015000,0.0
12/14/2019 00:51:13.065000,0.0
12/14/2019 00:53:13.017000,0.0
12/14/2019 00:55:13.048000,0.0
12/14/2019 00:57:12.630000,0.0
12/14/2019 00:59:12.945000,0.0
12/14/2019 01:01:12.955000,0.0
12/14/2019 01:03:12.964000,0.0
12/14/2019 01:05:12.840000,0.0
12/14/2019 01:07:12.960000,0.0
12/14/2019 01:09:16.431000,0.0
12/14/2019 01:11:12.928000,0.0
12/14/2019 01:13:12.965000,0.04
12/14/2019 01:15:13.095000,0.0
12/14/2019 01:17:12.983000,0.04
12/14/2019 01:19:13.439000,0.0
12/14/2019 01:21:12.849000,0.0
12/14/2019 01:23:13.048000,0.16
12/14/2019 01:25:12.940000,0.15
12/14/2019 01:27:13.030000,0.01
12/14/2019 01:29:13.219000,0.36
12/14/2019 01:31:13.051000,0.0
12/14/2019 01:33:13.042000,0.01
12/14/2019 01:35:12.627000,0.26
12/14/2019 01:37:12.854000,0.09
12/14/2019 01:39:12.631000,0.0
12/14/2019 01:41:12.922000,0.0
12/14/2019 01:43:12.863000,0.21
12/14/2019 01:45:13.020000,0.17
12/14/2019 01:47:12.977000,0.1
12/14/2019 01:49:12.954000,0.0
12/14/2019 01:51:13.016000,0.15
12/14/2019 01:53:12.869000,0.0
12/14/2019 01:55:12.845000,0.0
12/14/2019 01:57:12.641000,0.0
12/14/2019 01:59:12.981000,0.0
12/14/2019 02:03:13.052000,0.25
12/14/2019 02:05:12.951000,0.25
12/14/2019 02:07:13.128000,0.51
12/14/2019 02:09:12.858000,0.3
12/14/2019 02:11:12.860000,0.36
12/14/2019 02:13:12.606000,0.11
12/14/2019 02:15:12.862000,0.09
12/14/2019 02:17:12.665000,0.44
12/14/2019 02:19:12.858000,0.79
12/14/2019 02:21:12.642000,0.61
12/14/2019 02:23:12.888000,0.96
12/14/2019 02:25:12.840000,1.01
12/14/2019 02:27:12.954000,0.8
12/14/2019 02:29:13.051000,1.07
12/14/2019 02:31:12.990000,0.94
12/14/2019 02:33:12.635000,0.29
12/14/2019 02:35:13.064000,0.2
12/14/2019 02:37:12.869000,0.2
12/14/2019 02:39:12.626000,0.7
12/14/2019 02:41:13.029000,3.12
12/14/2019 02:43:13.123000,2.83
12/14/2019 02:45:13.214000,2.31
12/14/2019 02:47:13.082000,0.99
12/14/2019 02:49:12.639000,1.71
12/14/2019 02:51:12.615000,1.21
12/14/2019 02:53:13.063000,1.09
12/14/2019 02:55:12.935000,0.83
12/14/2019 02:57:13.022000,0.66
12/14/2019 02:59:12.956000,0.82
12/14/2019 03:01:12.607000,0.43
12/14/2019 03:03:12.968000,2.94
12/14/2019 03:05:13.022000,9.2
12/14/2019 03:07:12.849000,6.76
12/14/2019 03:09:12.630000,5.24
12/14/2019 03:11:12.946000,1.6
12/14/2019 03:13:13.233000,0.83
12/14/2019 03:15:13.063000,0.64
12/14/2019 03:17:12.981000,0.62
12/14/2019 03:19:12.627000,0.25
12/14/2019 03:21:12.946000,1.04
12/14/2019 03:23:13.041000,1.04
12/14/2019 03:25:12.944000,0.9
12/14/2019 03:27:12.995000,0.66
12/14/2019 03:29:12.612000,0.92
12/14/2019 03:31:12.616000,0.99
12/14/2019 03:33:12.636000,0.69
12/14/2019 03:35:12.823000,0.75
12/14/2019 03:37:12.993000,0.65
12/14/2019 03:39:13.089000,1.14
12/14/2019 03:41:13.333000,1.26
12/14/2019 03:43:12.945000,0.97
12/14/2019 03:45:16.516000,1.21
12/14/2019 03:47:12.929000,1.2
12/14/2019 03:49:13.014000,2.82
12/14/2019 03:51:13.141000,2.56
12/14/2019 03:53:12.954000,2.83
12/14/2019 03:55:13.140000,2.3
12/14/2019 03:57:13.027000,2.92
12/14/2019 03:59:12.859000,2.13
12/14/2019 04:01:13.022000,1.54
12/14/2019 04:03:13.009000,1.9
12/14/2019 04:05:12.993000,3.85
12/14/2019 04:07:12.617000,3.43
12/14/2019 04:11:12.601000,3.33
12/14/2019 04:13:12.920000,3.37
12/14/2019 04:15:12.811000,2.91
12/14/2019 04:17:12.623000,4.53
12/14/2019 04:19:12.657000,5.42
12/14/2019 04:21:12.836000,5.04
12/14/2019 04:23:13.088000,3.81
12/14/2019 04:25:12.603000,2.71
12/14/2019 04:27:13.011000,2.03
12/14/2019 04:29:13.018000,2.28
12/14/2019 04:31:12.610000,1.93
12/14/2019 04:33:13.030000,1.84
12/14/2019 04:35:12.950000,2.4
12/14/2019 04:37:13.163000,1.77
12/14/2019 04:39:12.855000,1.78
12/14/2019 04:41:13.239000,2.1
12/14/2019 04:43:12.829000,2.88
12/14/2019 04:45:12.867000,2.09
12/14/2019 04:47:13.039000,2.03
12/14/2019 04:49:13.039000,2.66
12/14/2019 04:51:12.946000,4.39
12/14/2019 04:53:13.012000,9.79
12/14/2019 04:55:12.838000,8.42
12/14/2019 04:57:13.056000,8.81
12/14/2019 04:59:12.827000,6.12
12/14/2019 05:01:12.710000,6.89
12/14/2019 05:03:12.626000,11.38
12/14/2019 05:05:12.930000,16.15
12/14/2019 05:07:13.017000,16.94
12/14/2019 05:09:12.942000,15.81
12/14/2019 05:11:12.932000,12.55
12/14/2019 05:13:12.952000,9.5
12/14/2019 05:15:12.617000,8.34
12/14/2019 05:17:12.600000,8.91
12/14/2019 05:19:13.012000,9.71
12/14/2019 05:21:12.939000,9.04
12/14/2019 05:23:13.106000,9.53
12/14/2019 05:25:12.933000,10.23
12/14/2019 05:27:12.853000,8.81
12/14/2019 05:29:12.854000,8.67
12/14/2019 05:31:12.834000,9.0
12/14/2019 05:33:13.251000,10.16
12/14/2019 05:35:12.934000,8.43
12/14/2019 05:37:12.886000,8.0
12/14/2019 05:39:12.831000,5.88
12/14/2019 05:41:13.039000,6.59
12/14/2019 05:43:12.839000,5.76
12/14/2019 05:45:15.253000,5.29
12/14/2019 05:47:13.088000,5.06
12/14/2019 05:49:12.835000,4.01
12/14/2019 05:51:12.920000,3.49
12/14/2019 05:53:12.844000,3.37
12/14/2019 05:55:12.928000,4.18
12/14/2019 05:57:13.090000,3.69
12/14/2019 05:59:12.590000,4.55
12/14/2019 06:01:12.629000,4.45
12/14/2019 06:03:13.008000,6.49
12/14/2019 06:05:12.834000,5.9
12/14/2019 06:07:13.004000,5.29
12/14/2019 06:09:12.814000,5.97
12/14/2019 06:11:13.049000,7.38
12/14/2019 06:13:12.588000,7.09
12/14/2019 06:15:12.946000,7.76
12/14/2019 06:17:12.812000,6.8
12/14/2019 06:19:12.625000,7.85
12/14/2019 06:21:13.045000,8.82
12/14/2019 06:23:13.181000,8.94
12/14/2019 06:25:13.037000,10.06
12/14/2019 06:27:12.821000,10.44
12/14/2019 06:29:12.939000,10.02
12/14/2019 06:31:12.889000,8.43
12/14/2019 06:33:12.939000,7.87
12/14/2019 06:35:12.847000,8.15
12/14/2019 06:37:12.832000,9.18
12/14/2019 06:39:13.010000,8.41
12/14/2019 06:41:13.291000,8.0
12/14/2019 06:43:12.599000,6.96
12/14/2019 06:45:13.020000,6.3
12/14/2019 06:47:13.075000,5.49
12/14/2019 06:49:12.601000,5.85
12/14/2019 06:51:12.947000,4.22
12/14/2019 06:53:12.952000,5.25
12/14/2019 06:55:12.598000,4.3
12/14/2019 06:57:13.150000,4.57
12/14/2019 06:59:12.818000,4.33
12/14/2019 07:01:12.609000,5.59
12/14/2019 07:03:12.609000,4.67
12/14/2019 07:05:12.977000,3.7
12/14/2019 07:07:12.620000,3.73
12/14/2019 07:09:13.024000,4.38
12/14/2019 07:11:12.609000,3.93
12/14/2019 07:13:12.936000,2.37
12/14/2019 07:15:13.052000,2.62
12/14/2019 07:17:13.053000,2.1
12/14/2019 07:19:12.798000,3.27
12/14/2019 07:21:12.946000,2.42
12/14/2019 07:23:12.915000,3.1
12/14/2019 07:25:12.847000,2.03
12/14/2019 07:27:12.820000,1.71
12/14/2019 07:29:12.941000,2.24
12/14/2019 07:31:12.984000,2.59
12/14/2019 07:33:12.989000,1.83
12/14/2019 07:35:13.022000,1.88
12/14/2019 07:37:12.920000,2.55
12/14/2019 07:39:12.912000,1.83
12/14/2019 07:41:12.979000,2.09
12/14/2019 07:43:12.926000,2.03
12/14/2019 07:45:12.931000,2.26
12/14/2019 07:47:12.913000,1.91
12/14/2019 07:49:12.845000,1.46
12/14/2019 07:51:13.037000,1.61
12/14/2019 07:53:12.840000,1.42
12/14/2019 07:55:13.025000,1.67
12/14/2019 07:57:13.027000,1.74
12/14/2019 07:59:12.916000,1.79
12/14/2019 08:01:13.018000,1.8
12/14/2019 08:03:12.922000,1.8
12/14/2019 08:05:12.817000,1.47
12/14/2019 08:07:12.638000,1.17
12/14/2019 08:09:12.949000,1.81
12/14/2019 08:11:12.838000,1.94
12/14/2019 08:13:12.850000,1.4
12/14/2019 08:15:13.063000,1.6
12/14/2019 08:17:12.972000,2.03
12/14/2019 08:19:12.585000,1.73
12/14/2019 08:21:12.924000,1.96
12/14/2019 08:23:12.597000,1.56
12/14/2019 08:25:12.917000,1.89
12/14/2019 08:27:12.979000,1.65
12/14/2019 08:29:13.052000,1.64
12/14/2019 08:31:12.925000,1.75
12/14/2019 08:33:12.961000,1.86
12/14/2019 08:35:13.035000,1.86
12/14/2019 08:37:13.061000,1.76
12/14/2019 08:39:12.808000,1.96
12/14/2019 08:41:13.317000,1.87
12/14/2019 08:43:12.922000,2.09
12/14/2019 08:45:12.623000,1.83
12/14/2019 08:47:13.088000,1.71
12/14/2019 08:49:12.998000,1.61
12/14/2019 08:51:12.589000,1.79
12/14/2019 08:53:12.854000,1.35
12/14/2019 08:55:13.049000,1.15
12/14/2019 08:57:12.915000,1.73
12/14/2019 08:59:12.956000,1.11
12/14/2019 09:01:12.930000,0.86
12/14/2019 09:03:12.941000,1.21
12/14/2019 09:05:12.944000,1.43
12/14/2019 09:39:14.207000,1.04
12/14/2019 09:41:14.206000,1.03
12/14/2019 09:43:13.920000,1.18
12/14/2019 09:45:14.238000,1.12
12/14/2019 09:47:14.195000,1.38
12/14/2019 09:49:14.274000,0.97
12/14/2019 09:51:14.199000,0.96
12/14/2019 09:53:14.110000,1.06
12/14/2019 09:55:13.880000,1.33
12/14/2019 09:57:14.295000,1.03
12/14/2019 09:59:13.939000,0.83
12/14/2019 10:01:14.259000,1.03
12/14/2019 10:03:14.282000,0.74
12/14/2019 10:05:13.898000,1.07
12/14/2019 10:07:15.580000,1.04
12/14/2019 10:09:14.328000,0.8
12/14/2019 10:11:14.131000,0.78
12/14/2019 10:13:14.319000,0.81
12/14/2019 10:15:14.329000,0.81
12/14/2019 10:17:14.142000,0.58
12/14/2019 10:19:13.916000,0.91
12/14/2019 10:21:14.267000,0.79
12/14/2019 10:23:14.236000,0.87
12/14/2019 10:25:14.132000,0.49
12/14/2019 10:27:14.275000,1.12
12/14/2019 10:29:14.399000,0.5
12/14/2019 10:31:14.221000,0.33
12/14/2019 10:33:13.878000,0.57
12/14/2019 10:35:13.896000,0.37
12/14/2019 10:37:14.221000,0.58
12/14/2019 10:39:14.216000,0.31
12/14/2019 10:41:14.204000,0.3
12/14/2019 10:43:13.930000,0.25
12/14/2019 10:45:13.890000,0.26
12/14/2019 10:47:14.209000,0.26
12/14/2019 10:49:14.241000,0.38
12/14/2019 10:51:14.347000,0.0
12/14/2019 10:53:14.214000,0.34
12/14/2019 10:55:13.895000,0.09
12/14/2019 10:57:14.111000,0.33
12/14/2019 10:59:14.327000,0.37
12/14/2019 11:01:14.201000,0.35
12/14/2019 11:03:14.347000,0.54
12/14/2019 11:05:14.354000,0.04
12/14/2019 11:07:13.882000,0.07
12/14/2019 11:09:14.259000,0.0
12/14/2019 11:11:14.187000,0.36
12/14/2019 11:13:13.870000,0.3
12/14/2019 11:15:14.222000,0.07
12/14/2019 11:17:13.870000,0.06
12/14/2019 11:19:14.204000,0.47
12/14/2019 11:21:14.324000,0.56
12/14/2019 11:23:14.316000,0.37
12/14/2019 11:25:14.301000,0.09
12/14/2019 11:27:14.139000,0.54
12/14/2019 11:29:14.091000,0.43
12/14/2019 11:31:14.304000,0.35
12/14/2019 11:33:14.266000,0.54
12/14/2019 11:35:14.297000,0.61
12/14/2019 11:37:14.103000,0.17
12/14/2019 11:39:14.236000,0.42
12/14/2019 11:41:14.095000,0.45
12/14/2019 11:43:14.266000,0.46
12/14/2019 11:45:14.227000,0.12
12/14/2019 11:47:14.132000,0.25
12/14/2019 11:49:14.190000,0.0
12/14/2019 11:51:14.207000,0.37
12/14/2019 11:53:14.155000,0.62
12/14/2019 11:55:14.113000,0.31
12/14/2019 11:57:13.887000,0.3
12/14/2019 11:59:14.184000,0.17
12/14/2019 12:01:13.863000,0.04
12/14/2019 12:03:14.219000,0.0
12/14/2019 12:05:14.099000,0.04
12/14/2019 12:07:14.104000,0.08
12/14/2019 12:09:14.256000,0.04
12/14/2019 12:11:14.305000,0.42
12/14/2019 12:13:14.219000,0.31
12/14/2019 12:15:14.263000,0.28
12/14/2019 12:17:14.107000,0.23
12/14/2019 12:19:13.850000,0.04
12/14/2019 12:21:14.262000,0.13
12/14/2019 12:23:14.297000,0.13
12/14/2019 12:25:14.234000,0.07
12/14/2019 12:27:14.123000,0.0
12/14/2019 12:29:14.395000,0.09
12/14/2019 12:31:13.899000,0.04
12/14/2019 12:33:14.089000,0.0
12/14/2019 12:35:14.179000,0.22
12/14/2019 12:37:14.287000,0.0
12/14/2019 12:39:14.524000,0.12
12/14/2019 12:41:14.242000,0.0
12/14/2019 12:43:14.339000,0.0
12/14/2019 12:45:14.194000,0.0
12/14/2019 12:47:14.270000,0.0
12/14/2019 12:49:14.270000,0.07
12/14/2019 12:51:14.222000,0.54
12/14/2019 12:53:14.127000,0.01
12/14/2019 12:55:14.260000,0.13
12/14/2019 12:57:14.207000,0.15
12/14/2019 12:59:14.275000,0.0
12/14/2019 13:01:14.183000,0.0
12/14/2019 13:03:14.238000,0.31
12/14/2019 13:05:14.215000,0.09
12/14/2019 13:07:14.098000,0.0
12/14/2019 13:09:14.259000,0.31
12/14/2019 13:11:13.862000,0.0
12/14/2019 13:13:13.870000,0.16
12/14/2019 13:15:14.107000,0.19
12/14/2019 13:17:14.291000,0.3
12/14/2019 13:19:14.097000,0.37
12/14/2019 13:21:14.142000,0.0
12/14/2019 13:23:14.370000,0.71
12/14/2019 13:25:14.214000,1.01
12/14/2019 13:27:14.241000,0.27
12/14/2019 13:29:13.851000,0.48
12/14/2019 13:31:14.190000,0.2
12/14/2019 13:33:14.215000,0.17
12/14/2019 13:35:14.137000,0.0
12/14/2019 13:37:14.258000,0.7
12/14/2019 13:39:14.550000,0.51
12/14/2019 13:41:14.261000,0.17
12/14/2019 13:43:14.103000,0.61
12/14/2019 13:45:14.357000,0.41
12/14/2019 13:47:14.329000,0.19
12/14/2019 13:49:13.934000,0.13
12/14/2019 13:51:14.200000,0.0
12/14/2019 13:53:14.174000,0.01
12/14/2019 13:55:14.319000,0.61
12/14/2019 13:57:14.233000,0.41
12/14/2019 13:59:14.352000,0.3
12/14/2019 14:01:14.197000,0.19
12/14/2019 14:03:14.243000,0.25
12/14/2019 14:05:14.101000,0.06
12/14/2019 14:07:14.087000,0.48
12/14/2019 14:09:14.271000,0.0
12/14/2019 14:11:13.855000,0.35
12/14/2019 14:13:14.098000,0.04
12/14/2019 14:15:14.384000,0.38
12/14/2019 14:17:13.854000,0.42
12/14/2019 14:19:14.229000,0.27
12/14/2019 14:21:14.237000,0.84
12/14/2019 14:23:14.234000,1.07
12/14/2019 14:25:14.099000,1.34
12/14/2019 14:27:14.335000,0.96
12/14/2019 14:29:14.309000,1.56
12/14/2019 14:31:14.252000,1.19
12/14/2019 14:33:14.256000,1.54
12/14/2019 14:35:14.189000,1.42
12/14/2019 14:37:14.204000,0.62
12/14/2019 14:39:14.177000,0.5
12/14/2019 14:41:14.199000,0.34
12/14/2019 14:43:14.070000,0.57
12/14/2019 14:45:14.545000,0.92
12/14/2019 14:47:14.535000,1.71
12/14/2019 14:49:14.189000,1.58
12/14/2019 14:51:13.887000,0.42
12/14/2019 14:53:14.083000,1.22
12/14/2019 14:55:14.241000,1.09
12/14/2019 14:57:13.877000,1.14
12/14/2019 14:59:14.326000,0.73
12/14/2019 15:01:13.861000,0.64
12/14/2019 15:03:14.269000,1.13
12/14/2019 15:05:14.261000,1.08
12/14/2019 15:07:14.339000,0.87
12/14/2019 15:09:14.071000,1.37
12/14/2019 15:11:14.287000,0.61
12/14/2019 15:13:14.193000,0.33
12/14/2019 15:15:14.321000,0.28
12/14/2019 15:17:13.868000,0.0
12/14/2019 15:19:14.266000,0.24
12/14/2019 15:21:14.178000,0.14
12/14/2019 15:23:14.089000,0.09
12/14/2019 15:25:14.167000,0.29
12/14/2019 15:27:14.324000,0.15
12/14/2019 15:29:14.208000,0.59
12/14/2019 15:31:14.199000,0.21
12/14/2019 15:33:14.325000,0.2
12/14/2019 15:35:13.844000,0.19
12/14/2019 15:37:14.289000,0.22
12/14/2019 15:39:14.507000,0.0
12/14/2019 15:41:14.077000,0.09
12/14/2019 15:43:13.858000,0.13
12/14/2019 15:45:14.191000,0.03
12/14/2019 15:47:14.355000,0.15
12/14/2019 15:49:14.242000,0.24
12/14/2019 15:51:14.147000,0.12
12/14/2019 15:53:14.081000,0.03
12/14/2019 15:55:14.223000,0.0
12/14/2019 15:57:14.126000,0.08
12/14/2019 15:59:14.247000,0.12
12/14/2019 16:01:14.210000,0.13
12/14/2019 16:03:14.180000,0.14
12/14/2019 16:05:14.167000,0.1
12/14/2019 16:07:14.202000,0.65
12/14/2019 16:09:15.586000,0.27
12/14/2019 16:11:15.124000,0.37
12/14/2019 16:13:14.178000,0.49
12/14/2019 16:15:13.850000,0.38
12/14/2019 16:17:14.151000,0.18
12/14/2019 16:19:14.096000,0.23
12/14/2019 16:21:14.343000,0.08
12/14/2019 16:23:14.213000,0.12
12/14/2019 16:25:14.239000,0.34
12/14/2019 16:27:14.076000,0.36
12/14/2019 16:29:14.272000,0.39
12/14/2019 16:31:13.831000,0.27
12/14/2019 16:33:14.199000,0.34
12/14/2019 16:35:14.247000,0.36
12/14/2019 16:37:14.189000,0.23
12/14/2019 16:39:14.503000,0.46
12/14/2019 16:41:14.197000,0.32
12/14/2019 16:43:14.267000,0.99
12/14/2019 16:45:14.238000,0.49
12/14/2019 16:47:14.063000,0.51
12/14/2019 16:49:14.192000,0.38
12/14/2019 16:51:14.247000,0.71
12/14/2019 16:53:14.368000,0.96
12/14/2019 16:55:13.850000,0.65
12/14/2019 16:57:14.185000,0.17
12/14/2019 16:59:14.262000,0.63
12/14/2019 17:01:14.064000,0.93
12/14/2019 17:03:14.267000,1.07
12/14/2019 17:05:13.835000,0.99
12/14/2019 17:07:13.839000,1.31
12/14/2019 17:09:14.169000,1.0
12/14/2019 17:11:14.219000,1.31
12/14/2019 17:13:14.062000,1.42
12/14/2019 17:15:14.246000,0.85
12/14/2019 17:17:14.255000,1.45
12/14/2019 17:19:13.847000,0.91
12/14/2019 17:21:14.326000,0.89
12/14/2019 17:23:13.839000,0.75
12/14/2019 17:25:14.174000,0.94
12/14/2019 17:27:13.853000,1.17
12/14/2019 17:29:14.181000,0.9
12/14/2019 17:31:14.248000,0.86
12/14/2019 17:33:14.161000,1.18
12/14/2019 17:35:14.496000,0.99
12/14/2019 17:37:14.062000,0.78
12/14/2019 17:39:14.642000,0.79
12/14/2019 17:41:14.235000,0.77
12/14/2019 17:43:14.234000,0.49
12/14/2019 17:45:14.288000,0.56
12/14/2019 17:47:14.256000,0.94
12/14/2019 17:49:14.067000,0.84
12/14/2019 17:51:13.835000,0.45
12/14/2019 17:53:14.181000,0.83
12/14/2019 17:55:13.856000,0.93
12/14/2019 17:57:14.068000,1.29
12/14/2019 17:59:13.869000,1.33
12/14/2019 18:01:14.055000,0.96
12/14/2019 18:03:14.235000,1.28
12/14/2019 18:05:14.205000,1.34
12/14/2019 18:07:14.072000,1.5
12/14/2019 18:09:14.128000,1.87
12/14/2019 18:11:14.051000,1.78
12/14/2019 18:13:14.183000,1.2
12/14/2019 18:15:14.240000,1.31
12/14/2019 18:17:13.859000,1.53
12/14/2019 18:19:14.188000,1.74
12/14/2019 18:21:14.067000,1.21
12/14/2019 18:23:14.244000,1.14
12/14/2019 18:25:14.223000,1.19
12/14/2019 18:27:14.243000,1.66
12/14/2019 18:29:14.263000,1.65
12/14/2019 18:31:14.440000,1.56
12/14/2019 18:33:13.860000,1.38
12/14/2019 18:35:14.236000,1.62
12/14/2019 18:37:14.052000,1.24
12/14/2019 18:39:14.631000,1.32
12/14/2019 18:41:14.069000,1.14
12/14/2019 18:43:13.839000,1.38
12/14/2019 18:45:14.244000,1.04
12/14/2019 18:47:14.272000,1.55
12/14/2019 18:49:14.088000,1.09
12/14/2019 18:51:13.860000,1.74
12/14/2019 18:53:13.824000,1.52
12/14/2019 18:55:15.244000,1.83
12/14/2019 18:57:13.890000,1.41
12/14/2019 18:59:14.093000,1.78
12/14/2019 19:01:13.986000,1.49
12/14/2019 19:03:14.052000,1.2
12/14/2019 19:05:14.140000,1.9
12/14/2019 19:07:14.160000,1.65
12/14/2019 19:09:14.090000,1.69
12/14/2019 19:11:14.201000,1.51
12/14/2019 19:13:14.337000,1.71
12/14/2019 19:15:14.082000,1.35
12/14/2019 19:17:14.050000,2.03
12/14/2019 19:19:14.153000,1.79
12/14/2019 19:21:14.228000,2.28
12/14/2019 19:23:14.199000,1.75
12/14/2019 19:25:14.184000,1.91
12/14/2019 19:27:14.231000,1.93
12/14/2019 19:29:13.839000,2.0
12/14/2019 19:31:14.205000,2.35
12/14/2019 19:33:14.143000,1.86
12/14/2019 19:35:14.169000,1.81
12/14/2019 19:37:14.320000,2.14
12/14/2019 19:39:14.153000,1.81
12/14/2019 19:41:14.168000,2.24
12/14/2019 19:43:14.044000,1.99
12/14/2019 19:45:13.825000,2.3
12/14/2019 19:47:14.235000,1.97
12/14/2019 19:49:14.319000,2.28
12/14/2019 19:51:14.164000,1.79
12/14/2019 19:53:14.316000,2.17
12/14/2019 19:55:14.145000,2.31
12/14/2019 19:57:13.862000,1.99
12/14/2019 19:59:14.147000,2.0
12/14/2019 20:01:13.849000,2.36
12/14/2019 20:03:14.157000,1.9
12/14/2019 20:05:14.146000,2.21
12/14/2019 20:07:14.238000,2.03
12/14/2019 20:09:14.317000,1.99
12/14/2019 20:11:14.262000,2.31
12/14/2019 20:13:13.813000,2.56
12/14/2019 20:15:14.268000,2.35
12/14/2019 20:17:14.150000,2.12
12/14/2019 20:19:14.148000,2.01
12/14/2019 20:21:14.289000,2.39
12/14/2019 20:23:14.215000,2.21
12/14/2019 20:25:14.198000,2.42
12/14/2019 20:27:14.430000,2.45
12/14/2019 20:29:14.254000,2.2
12/14/2019 20:31:13.826000,2.13
12/14/2019 20:33:14.249000,1.97
12/14/2019 20:35:14.202000,2.7
12/14/2019 20:37:13.824000,2.1
12/14/2019 20:39:14.188000,2.52
12/14/2019 20:41:14.058000,2.36
12/14/2019 20:43:14.250000,3.2
12/14/2019 20:45:13.819000,2.51
12/14/2019 20:47:14.304000,2.34
12/14/2019 20:49:14.190000,2.65
12/14/2019 20:51:14.146000,2.87
12/14/2019 20:53:14.159000,3.01
12/14/2019 20:55:14.337000,2.59
12/14/2019 20:57:14.301000,2.1
12/14/2019 20:59:14.160000,2.3
12/14/2019 21:01:13.844000,3.16
12/14/2019 21:03:13.849000,2.8
12/14/2019 21:05:14.059000,2.75
12/14/2019 21:07:14.174000,2.93
12/14/2019 21:09:14.277000,3.21
12/14/2019 21:11:13.838000,4.03
12/14/2019 21:13:14.235000,3.19
12/14/2019 21:15:13.857000,3.21
12/14/2019 21:17:14.228000,4.01
12/14/2019 21:19:14.313000,3.55
12/14/2019 21:21:13.851000,2.97
12/14/2019 21:23:14.056000,3.55
12/14/2019 21:25:14.145000,3.48
12/14/2019 21:27:14.043000,3.24
12/14/2019 21:29:14.211000,2.94
12/14/2019 21:31:13.961000,2.51
12/14/2019 21:33:13.816000,2.71
12/14/2019 21:35:13.846000,2.65
12/14/2019 21:37:14.233000,3.14
12/14/2019 21:39:14.456000,2.96
12/14/2019 21:41:14.189000,2.96
12/14/2019 21:43:14.244000,3.64
12/14/2019 21:45:14.149000,3.54
12/14/2019 21:47:13.857000,4.91
12/14/2019 21:49:13.846000,4.24
12/14/2019 21:51:14.164000,4.96
12/14/2019 21:53:13.840000,4.88
12/14/2019 21:55:14.038000,6.63
12/14/2019 21:57:14.172000,4.48
12/14/2019 21:59:14.202000,5.59
12/14/2019 22:01:13.824000,4.77
12/14/2019 22:03:13.870000,5.61
12/14/2019 22:05:13.835000,6.49
12/14/2019 22:07:14.093000,5.54
12/14/2019 22:09:14.211000,5.78
12/14/2019 22:11:13.852000,5.14
12/14/2019 22:13:14.109000,4.67
12/14/2019 22:15:14.053000,4.41
12/14/2019 22:17:14.166000,4.53
12/14/2019 22:19:14.347000,4.07
12/14/2019 22:21:13.835000,5.06
12/14/2019 22:23:13.819000,4.42
12/14/2019 22:25:14.213000,4.97
12/14/2019 22:27:14.142000,4.96
12/14/2019 22:29:14.253000,5.32
12/14/2019 22:31:13.851000,4.99
12/14/2019 22:33:14.148000,5.33
12/14/2019 22:35:13.836000,5.85
12/14/2019 22:37:14.245000,5.92
12/14/2019 22:39:14.383000,5.43
12/14/2019 22:41:14.155000,6.1
12/14/2019 22:43:14.071000,5.99
12/14/2019 22:45:14.238000,6.63
12/14/2019 22:47:14.027000,7.25
12/14/2019 22:49:13.854000,11.15
12/14/2019 22:51:14.247000,11.48
12/14/2019 22:53:14.161000,6.96
12/14/2019 22:55:14.168000,5.84
12/14/2019 22:57:14.142000,5.99
12/14/2019 22:59:14.225000,5.79
12/14/2019 23:01:14.159000,6.09
12/14/2019 23:03:14.348000,5.74
12/14/2019 23:05:14.245000,5.99
12/14/2019 23:07:14.131000,6.58
12/14/2019 23:09:14.344000,8.46
12/14/2019 23:11:14.061000,7.92
12/14/2019 23:13:14.202000,8.68
12/14/2019 23:15:14.156000,9.09
12/14/2019 23:17:14.357000,8.85
12/14/2019 23:19:14.289000,8.83
12/14/2019 23:21:14.052000,7.12
12/14/2019 23:23:14.149000,8.82
12/14/2019 23:25:14.159000,14.87
12/14/2019 23:27:14.162000,18.46
12/14/2019 23:29:14.047000,11.94
12/14/2019 23:31:14.158000,7.3
12/14/2019 23:33:13.818000,8.46
12/14/2019 23:35:14.346000,8.2
12/14/2019 23:37:14.341000,9.11
12/14/2019 23:39:14.447000,8.15
12/14/2019 23:41:14.184000,8.32
12/14/2019 23:43:14.170000,7.83
12/14/2019 23:45:13.845000,6.99
12/14/2019 23:47:14.041000,8.39
12/14/2019 23:49:14.045000,6.94
12/14/2019 23:51:14.063000,7.26
12/14/2019 23:53:14.212000,7.71
12/14/2019 23:55:13.821000,7.93
12/14/2019 23:57:14.157000,7.82
12/14/2019 23:59:14.128000,6.96
12/15/2019 00:01:14.053000,6.77
12/15/2019 00:03:14.032000,6.2
12/15/2019 00:05:13.828000,9.04
12/15/2019 00:07:13.806000,7.79
12/15/2019 00:09:14.193000,7.49
12/15/2019 00:11:14.201000,7.44
12/15/2019 00:13:14.265000,7.87
12/15/2019 00:15:14.211000,8.0
12/15/2019 00:17:13.814000,7.8
12/15/2019 00:19:14.221000,8.93
12/15/2019 00:21:14.137000,10.65
12/15/2019 00:23:14.305000,13.8
12/15/2019 00:25:14.214000,17.24
12/15/2019 00:27:13.846000,16.22
12/15/2019 00:29:13.814000,11.64
12/15/2019 00:31:14.071000,9.63
12/15/2019 00:33:14.234000,8.46
12/15/2019 00:35:14.165000,9.0
12/15/2019 00:37:14.051000,7.51
12/15/2019 00:39:14.789000,8.47
12/15/2019 00:41:14.221000,10.01
12/15/2019 00:43:13.808000,8.47
12/15/2019 00:45:14.141000,8.36
12/15/2019 00:47:14.247000,8.7
12/15/2019 00:49:14.223000,8.92
12/15/2019 00:51:14.129000,8.97
12/15/2019 00:53:14.157000,9.37
12/15/2019 00:55:14.158000,10.38
12/15/2019 00:57:14.207000,9.48
12/15/2019 00:59:14.124000,9.87
12/15/2019 01:01:14.247000,9.64
12/15/2019 01:03:14.141000,11.13
12/15/2019 01:05:13.847000,12.77
12/15/2019 01:07:14.201000,13.99
12/15/2019 01:09:14.345000,11.8
12/15/2019 01:11:14.130000,11.87
12/15/2019 01:13:14.515000,15.94
12/15/2019 01:15:15.319000,17.81
12/15/2019 01:17:14.214000,17.21
12/15/2019 01:19:14.222000,17.07
12/15/2019 01:21:13.809000,16.86
12/15/2019 01:23:14.308000,17.94
12/15/2019 01:25:14.211000,18.19
12/15/2019 01:27:14.237000,18.03
12/15/2019 01:29:14.127000,16.13
12/15/2019 01:31:13.826000,16.26
12/15/2019 01:33:14.194000,16.8
12/15/2019 01:35:14.028000,17.74
12/15/2019 01:37:14.117000,27.6
12/15/2019 01:39:14.433000,38.07
12/15/2019 01:41:14.291000,23.59
12/15/2019 01:43:14.284000,19.77
12/15/2019 01:45:14.044000,17.77
12/15/2019 01:47:14.044000,17.16
12/15/2019 01:49:14.159000,18.96
12/15/2019 01:51:14.223000,19.29
12/15/2019 01:53:13.825000,17.26
12/15/2019 01:55:14.154000,16.32
12/15/2019 01:57:14.122000,16.25
12/15/2019 01:59:14.216000,14.13
12/15/2019 02:03:13.833000,12.28
12/15/2019 02:05:14.467000,11.7
12/15/2019 02:07:13.927000,10.49
12/15/2019 02:09:14.229000,10.39
12/15/2019 02:11:14.055000,10.76
12/15/2019 02:13:13.806000,10.24
12/15/2019 02:15:14.142000,13.03
12/15/2019 02:17:14.089000,12.06
12/15/2019 02:19:14.142000,10.61
12/15/2019 02:21:14.133000,11.64
12/15/2019 02:23:14.231000,10.29
12/15/2019 02:25:14.306000,11.1
12/15/2019 02:27:13.794000,11.53
12/15/2019 02:29:14.215000,11.06
12/15/2019 02:31:14.037000,11.91
12/15/2019 02:33:14.443000,11.72
12/15/2019 02:35:13.791000,12.78
12/15/2019 02:37:14.168000,13.03
12/15/2019 02:39:14.396000,13.07
12/15/2019 02:41:14.125000,13.12
12/15/2019 02:43:13.828000,12.51
12/15/2019 02:45:14.067000,13.0
12/15/2019 02:47:13.808000,13.03
12/15/2019 02:49:14.221000,13.87
12/15/2019 02:51:14.250000,13.66
12/15/2019 02:53:14.197000,13.07
12/15/2019 02:55:14.157000,14.57
12/15/2019 02:57:14.235000,13.63
12/15/2019 02:59:14.224000,14.1
12/15/2019 03:01:14.190000,13.0
12/15/2019 03:03:14.244000,13.57
12/15/2019 03:05:13.822000,13.06
12/15/2019 03:07:14.209000,12.75
12/15/2019 03:09:13.815000,11.75
12/15/2019 03:11:14.127000,11.63
12/15/2019 03:13:13.784000,12.35
12/15/2019 03:15:13.799000,11.77
12/15/2019 03:17:13.803000,11.39
12/15/2019 03:19:14.023000,12.79
12/15/2019 03:21:14.140000,11.43
12/15/2019 03:23:14.126000,10.99
12/15/2019 03:25:13.816000,13.28
12/15/2019 03:27:14.111000,13.2
12/15/2019 03:29:14.203000,12.35
12/15/2019 03:31:14.223000,12.69
12/15/2019 03:33:14.138000,13.58
12/15/2019 03:35:14.108000,15.36
12/15/2019 03:37:14.161000,16.07
12/15/2019 03:39:14.386000,17.02
12/15/2019 03:41:13.940000,18.82
12/15/2019 03:43:14.222000,16.36
12/15/2019 03:45:14.242000,15.22
12/15/2019 03:47:14.041000,14.69
12/15/2019 03:49:14.246000,14.77
12/15/2019 03:51:14.054000,13.34
12/15/2019 03:53:14.278000,13.9
12/15/2019 03:55:14.255000,17.87
12/15/2019 03:57:14.268000,27.67
12/15/2019 03:59:14.108000,22.58
12/15/2019 04:01:14.140000,19.62
12/15/2019 04:03:14.228000,20.63
12/15/2019 04:05:13.787000,23.16
12/15/2019 04:07:14.141000,21.35
12/15/2019 04:09:14.251000,21.11
12/15/2019 04:11:14.250000,14.04
12/15/2019 04:13:14.187000,13.68
12/15/2019 04:15:14.132000,14.71
12/15/2019 04:17:14.279000,13.67
12/15/2019 04:19:13.840000,14.54
12/15/2019 04:21:14.024000,14.61
12/15/2019 04:23:14.148000,14.07
12/15/2019 04:25:14.124000,12.84
12/15/2019 04:27:14.062000,13.31
12/15/2019 04:29:14.171000,13.12
12/15/2019 04:31:14.174000,14.72
12/15/2019 04:33:14.111000,16.1
12/15/2019 04:35:14.202000,15.66
12/15/2019 04:37:13.798000,15.12
12/15/2019 04:39:14.363000,15.42
12/15/2019 04:41:14.054000,15.29
12/15/2019 04:43:14.214000,12.59
12/15/2019 04:45:14.319000,13.41
12/15/2019 04:47:14.044000,18.53
12/15/2019 04:49:14.203000,20.45
12/15/2019 04:51:14.142000,19.79
12/15/2019 04:53:14.015000,22.06
12/15/2019 04:55:14.124000,26.7
12/15/2019 04:57:14.120000,27.86
12/15/2019 04:59:14.108000,28.0
12/15/2019 05:01:14.057000,26.73
12/15/2019 05:03:13.843000,25.86
12/15/2019 05:05:14.115000,23.01
12/15/2019 05:07:14.008000,21.86
12/15/2019 05:11:13.801000,25.55
12/15/2019 05:13:13.806000,27.49
12/15/2019 05:15:14.158000,27.69
12/15/2019 05:17:14.107000,24.66
12/15/2019 05:19:13.995000,23.15
12/15/2019 05:21:13.771000,23.96
12/15/2019 05:23:14.139000,24.68
12/15/2019 05:25:13.798000,23.14
12/15/2019 05:27:13.845000,23.09
12/15/2019 05:29:14.002000,21.18
12/15/2019 05:31:14.073000,21.99
12/15/2019 05:33:14.193000,21.0
12/15/2019 05:35:14.017000,20.09
12/15/2019 05:37:13.793000,19.94
12/15/2019 05:39:14.434000,17.7
12/15/2019 05:41:14.271000,19.73
12/15/2019 05:43:13.988000,20.9
12/15/2019 05:45:14.226000,20.47
12/15/2019 05:47:14.002000,21.19
12/15/2019 05:49:14.150000,20.58
12/15/2019 05:51:13.791000,21.07
12/15/2019 05:53:14.177000,21.73
12/15/2019 05:55:14.187000,20.51
12/15/2019 05:57:13.995000,20.69
12/15/2019 05:59:14.005000,20.43
12/15/2019 06:01:14.133000,21.16
12/15/2019 06:03:14.096000,21.41
12/15/2019 06:05:14.197000,23.14
12/15/2019 06:07:14.190000,25.27
12/15/2019 06:09:13.790000,26.19
12/15/2019 06:11:14.246000,28.47
12/15/2019 06:13:13.793000,30.26
12/15/2019 06:15:13.851000,31.57
12/15/2019 06:17:13.818000,31.54
12/15/2019 06:19:14.288000,30.29
12/15/2019 06:21:13.775000,30.93
12/15/2019 06:23:13.796000,29.57
12/15/2019 06:25:14.107000,27.66
12/15/2019 06:27:14.020000,31.31
12/15/2019 06:29:14.107000,29.94
12/15/2019 06:31:14.089000,29.06
12/15/2019 06:33:13.803000,28.91
12/15/2019 06:35:14.145000,26.91
12/15/2019 06:37:14.115000,27.78
12/15/2019 06:39:14.438000,27.37
12/15/2019 06:41:14.317000,29.56
12/15/2019 06:43:14.133000,27.1
12/15/2019 06:45:14.162000,28.66
12/15/2019 06:47:14.383000,25.97
12/15/2019 06:49:14.102000,27.01
12/15/2019 06:51:14.107000,26.09
12/15/2019 06:53:14.209000,26.62
12/15/2019 06:55:13.776000,26.75
12/15/2019 06:57:13.798000,25.26
12/15/2019 06:59:13.762000,26.61
12/15/2019 07:01:13.829000,25.33
12/15/2019 07:03:14.156000,25.21
12/15/2019 07:05:14.203000,28.38
12/15/2019 07:07:13.989000,26.88
12/15/2019 07:11:14.285000,29.51
12/15/2019 07:13:14.282000,25.74
12/15/2019 07:15:14.951000,23.75
12/15/2019 07:17:14.101000,25.42
12/15/2019 07:19:13.998000,25.35
12/15/2019 07:21:14.291000,24.78
12/15/2019 07:23:13.991000,25.63
12/15/2019 07:25:14.088000,25.16
12/15/2019 07:27:14.147000,25.26
12/15/2019 07:29:14.190000,25.36
12/15/2019 07:31:14.177000,24.94
12/15/2019 07:33:14.082000,27.08
12/15/2019 07:35:14.275000,26.21
12/15/2019 07:37:13.748000,25.94
12/15/2019 07:39:14.460000,25.9
12/15/2019 07:41:13.976000,26.03
12/15/2019 07:43:14.156000,25.87
12/15/2019 07:45:14.158000,26.55
12/15/2019 07:47:14.072000,26.23
12/15/2019 07:49:14.014000,24.3
12/15/2019 07:51:14.245000,25.34
12/15/2019 07:53:14.078000,24.61
12/15/2019 07:55:13.765000,26.87
12/15/2019 07:57:14.281000,24.11
12/15/2019 07:59:14.147000,22.38
12/15/2019 08:01:13.994000,21.88
12/15/2019 08:03:14.097000,21.44
12/15/2019 08:05:14.176000,19.35
12/15/2019 08:07:14.065000,21.53
12/15/2019 08:09:14.023000,19.07
12/15/2019 08:11:14.127000,18.76
12/15/2019 08:13:14.095000,19.99
12/15/2019 08:15:14.230000,19.18
12/15/2019 08:17:14.143000,18.23
12/15/2019 08:19:14.048000,19.79
12/15/2019 08:21:14.076000,18.41
12/15/2019 08:23:14.223000,17.51
12/15/2019 08:25:14.080000,17.68
12/15/2019 08:27:14.075000,19.46
12/15/2019 08:29:13.772000,18.67
12/15/2019 08:31:13.744000,18.35
12/15/2019 08:33:14.041000,18.94
12/15/2019 08:35:14.192000,17.57
12/15/2019 08:37:14.197000,20.25
12/15/2019 08:39:14.387000,17.13
12/15/2019 08:41:14.174000,18.56
12/15/2019 08:43:14.080000,19.17
12/15/2019 08:45:13.991000,17.91
12/15/2019 08:47:14.088000,17.93
12/15/2019 08:49:14.191000,18.61
12/15/2019 08:51:13.969000,17.07
12/15/2019 08:53:14.017000,18.32
12/15/2019 08:55:13.738000,17.57
12/15/2019 08:57:14.150000,17.51
12/15/2019 08:59:14.159000,17.41
12/15/2019 09:01:13.824000,18.27
12/15/2019 09:03:13.763000,17.51
12/15/2019 09:05:13.748000,16.51
12/15/2019 09:39:16.737000,19.8
12/15/2019 09:41:16.605000,20.79
12/15/2019 09:43:16.693000,23.99
12/15/2019 09:45:16.501000,26.16
12/15/2019 09:47:16.658000,21.91
12/15/2019 09:49:16.723000,24.14
12/15/2019 09:51:16.566000,25.26
12/15/2019 09:53:16.243000,25.95
12/15/2019 09:55:16.594000,24.52
12/15/2019 09:57:16.567000,25.45
12/15/2019 09:59:16.693000,25.84
12/15/2019 10:01:16.628000,25.94
12/15/2019 10:03:16.643000,26.1
12/15/2019 10:05:16.588000,25.96
12/15/2019 10:07:16.494000,25.41
12/15/2019 10:09:16.833000,27.07
12/15/2019 10:11:16.461000,25.31
12/15/2019 10:13:16.571000,26.4
12/15/2019 10:15:16.612000,26.75
12/15/2019 10:17:16.267000,26.33
12/15/2019 10:19:16.719000,23.07
12/15/2019 10:21:16.475000,24.78
12/15/2019 10:23:16.565000,26.33
12/15/2019 10:25:16.569000,24.62
12/15/2019 10:27:16.494000,26.07
12/15/2019 10:29:16.244000,26.23
12/15/2019 10:31:16.678000,28.42
12/15/2019 10:33:16.487000,25.23
12/15/2019 10:35:16.796000,26.53
12/15/2019 10:37:16.472000,26.29
12/15/2019 10:39:17.002000,27.57
12/15/2019 10:41:16.477000,26.54
12/15/2019 10:43:16.465000,27.65
12/15/2019 10:45:16.712000,27.75
12/15/2019 10:47:16.687000,29.67
12/15/2019 10:49:16.575000,30.01
12/15/2019 10:51:16.631000,30.99
12/15/2019 10:53:16.479000,28.54
12/15/2019 10:55:16.610000,31.03
12/15/2019 10:57:16.646000,28.19
12/15/2019 10:59:16.803000,27.76
12/15/2019 11:01:16.464000,28.81
12/15/2019 11:03:16.672000,28.65
12/15/2019 11:05:16.767000,28.61
12/15/2019 11:07:16.488000,28.69
12/15/2019 11:09:16.588000,27.84
12/15/2019 11:11:16.731000,28.37
12/15/2019 11:13:16.490000,28.72
12/15/2019 11:15:16.473000,30.81
12/15/2019 11:17:16.563000,31.38
12/15/2019 11:19:16.250000,30.22
12/15/2019 11:21:16.250000,30.68
12/15/2019 11:23:16.481000,30.74
12/15/2019 11:25:16.223000,30.61
12/15/2019 11:27:16.290000,29.18
12/15/2019 11:29:16.610000,30.91
12/15/2019 11:31:16.563000,29.55
12/15/2019 11:33:16.558000,30.07
12/15/2019 11:35:16.237000,28.31
12/15/2019 11:37:16.646000,29.43
12/15/2019 11:39:17.048000,31.2
12/15/2019 11:41:16.265000,30.04
12/15/2019 11:43:16.441000,30.49
12/15/2019 11:45:16.225000,30.04
12/15/2019 11:47:16.705000,27.23
12/15/2019 11:49:16.251000,28.1
12/15/2019 11:51:16.728000,28.76
12/15/2019 11:53:16.673000,28.12
12/15/2019 11:55:16.234000,28.09
12/15/2019 11:57:16.248000,30.51
12/15/2019 11:59:16.474000,29.06
12/15/2019 12:01:16.542000,30.0
12/15/2019 12:03:16.232000,30.96
12/15/2019 12:05:16.243000,29.41
12/15/2019 12:07:16.494000,30.71
12/15/2019 12:09:16.711000,33.35
12/15/2019 12:11:16.690000,35.09
12/15/2019 12:13:16.227000,35.15
12/15/2019 12:15:16.668000,36.29
12/15/2019 12:17:16.463000,35.39
12/15/2019 12:19:16.640000,32.18
12/15/2019 12:21:16.235000,34.16
12/15/2019 12:23:16.215000,33.69
12/15/2019 12:25:16.488000,34.71
12/15/2019 12:27:16.663000,33.88
12/15/2019 12:29:16.619000,32.64
12/15/2019 12:31:16.471000,33.93
12/15/2019 12:33:16.653000,33.94
12/15/2019 12:35:16.222000,31.88
12/15/2019 12:37:16.554000,31.75
12/15/2019 12:39:16.572000,33.28
12/15/2019 12:41:16.222000,32.77
12/15/2019 12:43:16.616000,32.85
12/15/2019 12:45:16.552000,32.07
12/15/2019 12:47:16.915000,33.14
12/15/2019 12:49:16.550000,32.86
12/15/2019 12:51:16.477000,32.06
12/15/2019 12:53:16.652000,33.66
12/15/2019 12:55:16.214000,32.38
12/15/2019 12:57:16.229000,33.43
12/15/2019 12:59:16.235000,33.09
12/15/2019 13:01:16.391000,32.75
12/15/2019 13:03:16.693000,33.63
12/15/2019 13:05:16.442000,32.29
12/15/2019 13:07:16.617000,34.01
12/15/2019 13:09:16.463000,33.94
12/15/2019 13:11:16.702000,31.91
12/15/2019 13:13:16.653000,32.63
12/15/2019 13:15:16.783000,34.43
12/15/2019 13:17:16.620000,33.76
12/15/2019 13:19:16.588000,36.27
12/15/2019 13:21:16.568000,34.46
12/15/2019 13:23:16.551000,32.92
12/15/2019 13:25:16.597000,33.99
12/15/2019 13:27:16.679000,34.64
12/15/2019 13:29:16.595000,34.85
12/15/2019 13:31:16.435000,35.04
12/15/2019 13:33:16.441000,32.92
12/15/2019 13:35:16.617000,34.13
12/15/2019 13:37:16.209000,33.99
12/15/2019 13:39:17.065000,34.52
12/15/2019 13:41:16.718000,35.16
12/15/2019 13:43:16.705000,34.6
12/15/2019 13:45:16.472000,34.82
12/15/2019 13:47:16.525000,33.62
12/15/2019 13:49:16.453000,34.0
12/15/2019 13:51:16.228000,33.46
12/15/2019 13:53:16.468000,32.2
12/15/2019 13:55:16.624000,32.87
12/15/2019 13:57:16.215000,35.14
12/15/2019 13:59:16.460000,34.22
12/15/2019 14:01:16.204000,33.66
12/15/2019 14:03:16.598000,32.93
12/15/2019 14:05:16.208000,33.55
12/15/2019 14:07:16.568000,32.8
12/15/2019 14:09:16.204000,31.96
12/15/2019 14:11:16.707000,32.34
12/15/2019 14:13:16.610000,32.93
12/15/2019 14:15:16.549000,34.65
12/15/2019 14:17:16.633000,35.26
12/15/2019 14:19:16.516000,34.21
12/15/2019 14:21:16.542000,35.69
12/15/2019 14:23:16.560000,34.59
12/15/2019 14:25:16.533000,35.59
12/15/2019 14:27:16.249000,36.24
12/15/2019 14:29:16.551000,37.41
12/15/2019 14:31:16.533000,38.71
12/15/2019 14:33:16.614000,35.52
12/15/2019 14:35:16.554000,37.22
12/15/2019 14:37:16.560000,37.28
12/15/2019 14:39:16.557000,35.86
12/15/2019 14:41:16.537000,33.07
12/15/2019 14:43:16.519000,33.28
12/15/2019 14:45:16.634000,34.09
12/15/2019 14:47:16.641000,35.96
12/15/2019 14:49:16.549000,37.74
12/15/2019 14:51:16.722000,36.79
12/15/2019 14:53:16.450000,35.76
12/15/2019 14:55:16.549000,35.5
12/15/2019 14:57:16.211000,33.96
12/15/2019 14:59:16.545000,32.85
12/15/2019 15:01:16.210000,33.06
12/15/2019 15:03:16.240000,32.28
12/15/2019 15:05:16.621000,33.68
12/15/2019 15:07:16.555000,32.66
12/15/2019 15:09:16.591000,30.34
12/15/2019 15:11:16.530000,31.78
12/15/2019 15:13:16.494000,29.99
12/15/2019 15:15:16.197000,30.78
12/15/2019 15:17:16.555000,29.38
12/15/2019 15:19:16.540000,27.7
12/15/2019 15:21:16.432000,30.29
12/15/2019 15:23:16.213000,29.2
12/15/2019 15:25:16.610000,28.81
12/15/2019 15:27:16.591000,30.42
12/15/2019 15:29:16.648000,26.81
12/15/2019 15:31:16.653000,28.38
12/15/2019 15:33:16.511000,26.88
12/15/2019 15:35:16.638000,26.99
12/15/2019 15:37:16.515000,27.99
12/15/2019 15:39:16.561000,25.96
12/15/2019 15:41:16.622000,26.7
12/15/2019 15:43:16.455000,23.57
12/15/2019 15:45:16.537000,21.59
12/15/2019 15:47:16.218000,23.2
12/15/2019 15:49:16.639000,21.65
12/15/2019 15:51:16.630000,22.06
12/15/2019 15:53:16.671000,21.18
12/15/2019 15:55:16.451000,21.0
12/15/2019 15:57:16.209000,19.23
12/15/2019 15:59:16.544000,20.95
12/15/2019 16:01:16.571000,22.82
12/15/2019 16:03:16.609000,23.76
12/15/2019 16:05:16.215000,23.59
12/15/2019 16:07:16.527000,24.33
12/15/2019 16:09:16.203000,24.06
12/15/2019 16:11:16.525000,25.31
12/15/2019 16:13:16.697000,24.7
12/15/2019 16:15:16.546000,25.86
12/15/2019 16:17:16.513000,25.01
12/15/2019 16:19:17.957000,23.13
12/15/2019 16:21:16.635000,21.59
12/15/2019 16:23:16.659000,19.43
12/15/2019 16:25:16.437000,21.42
12/15/2019 16:27:16.734000,18.86
12/15/2019 16:29:16.489000,16.55
12/15/2019 16:31:16.531000,14.69
12/15/2019 16:33:16.415000,15.42
12/15/2019 16:35:16.749000,14.47
12/15/2019 16:37:16.208000,12.22
12/15/2019 16:39:16.802000,9.47
12/15/2019 16:41:16.428000,9.78
12/15/2019 16:43:16.184000,9.53
12/15/2019 16:45:16.660000,7.14
12/15/2019 16:47:16.445000,7.62
12/15/2019 16:49:16.576000,6.47
12/15/2019 16:51:16.570000,7.09
12/15/2019 16:53:16.558000,6.74
12/15/2019 16:55:16.244000,7.07
12/15/2019 16:57:16.785000,6.25
12/15/2019 16:59:16.182000,5.52
12/15/2019 17:01:16.511000,4.28
12/15/2019 17:03:16.680000,3.46
12/15/2019 17:05:16.463000,3.4
12/15/2019 17:07:16.446000,4.09
12/15/2019 17:09:16.396000,4.04
12/15/2019 17:11:16.626000,3.67
12/15/2019 17:13:16.514000,4.13
12/15/2019 17:15:16.590000,2.81
12/15/2019 17:17:16.587000,3.12
12/15/2019 17:19:16.588000,2.51
12/15/2019 17:21:16.640000,2.74
12/15/2019 17:23:16.394000,2.36
12/15/2019 17:25:16.454000,2.27
12/15/2019 17:27:16.507000,1.89
12/15/2019 17:29:16.594000,2.79
12/15/2019 17:31:16.633000,2.3
12/15/2019 17:33:16.198000,2.39
12/15/2019 17:35:16.174000,2.01
12/15/2019 17:37:16.547000,2.67
12/15/2019 17:39:16.953000,2.45
12/15/2019 17:41:16.782000,3.29
12/15/2019 17:43:16.203000,4.57
12/15/2019 17:45:16.703000,4.54
12/15/2019 17:47:16.604000,5.13
12/15/2019 17:49:16.533000,5.5
12/15/2019 17:51:16.401000,5.53
12/15/2019 17:53:16.417000,5.88
12/15/2019 17:55:16.543000,6.13
12/15/2019 17:57:16.211000,6.63
12/15/2019 17:59:16.462000,8.22
12/15/2019 18:01:16.614000,10.41
12/15/2019 18:03:16.408000,10.62
12/15/2019 18:05:16.180000,11.28
12/15/2019 18:07:16.650000,12.66
12/15/2019 18:09:16.186000,14.57
12/15/2019 18:11:16.419000,14.51
12/15/2019 18:13:16.504000,14.23
12/15/2019 18:15:16.538000,15.85
12/15/2019 18:17:16.651000,15.24
12/15/2019 18:19:16.552000,14.52
12/15/2019 18:21:16.520000,13.07
12/15/2019 18:23:16.404000,12.45
12/15/2019 18:25:16.244000,11.01
12/15/2019 18:27:16.517000,10.34
12/15/2019 18:29:16.437000,11.0
12/15/2019 18:31:16.182000,11.44
12/15/2019 18:33:16.185000,10.83
12/15/2019 18:35:16.198000,10.56
12/15/2019 18:37:16.197000,10.01
12/15/2019 18:39:16.588000,8.99
12/15/2019 18:41:16.484000,10.53
12/15/2019 18:43:16.688000,9.1
12/15/2019 18:45:16.629000,7.86
12/15/2019 18:47:16.646000,7.52
12/15/2019 18:49:16.193000,8.88
12/15/2019 18:51:16.183000,8.8
12/15/2019 18:53:16.593000,7.99
12/15/2019 18:55:16.426000,9.0
12/15/2019 18:57:16.645000,9.31
12/15/2019 18:59:16.490000,8.66
12/15/2019 19:01:16.191000,8.63
12/15/2019 19:03:16.511000,10.0
12/15/2019 19:05:16.391000,10.86
12/15/2019 19:07:16.624000,10.65
12/15/2019 19:09:16.542000,11.17
12/15/2019 19:11:16.624000,12.1
12/15/2019 19:13:16.599000,11.67
12/15/2019 19:15:16.519000,13.09
12/15/2019 19:17:16.519000,12.26
12/15/2019 19:19:16.221000,12.13
12/15/2019 19:21:16.522000,12.84
12/15/2019 19:23:16.194000,12.01
12/15/2019 19:25:16.552000,12.33
12/15/2019 19:27:16.419000,11.78
12/15/2019 19:29:16.548000,12.99
12/15/2019 19:31:16.432000,11.74
12/15/2019 19:33:16.389000,13.19
12/15/2019 19:35:16.564000,14.32
12/15/2019 19:37:16.605000,13.19
12/15/2019 19:39:16.786000,14.91
12/15/2019 19:41:16.496000,15.12
12/15/2019 19:43:16.240000,13.69
12/15/2019 19:45:16.520000,13.49
12/15/2019 19:47:16.625000,12.1
12/15/2019 19:49:16.207000,12.22
12/15/2019 19:51:16.661000,12.84
12/15/2019 19:53:16.539000,13.75
12/15/2019 19:55:17.765000,13.8
12/15/2019 19:57:16.525000,12.2
12/15/2019 19:59:16.508000,11.45
12/15/2019 20:01:16.587000,8.87
12/15/2019 20:03:16.606000,8.61
12/15/2019 20:05:16.488000,9.06
12/15/2019 20:07:16.638000,9.33
12/15/2019 20:09:16.495000,8.06
12/15/2019 20:11:16.591000,7.9
12/15/2019 20:13:16.179000,8.57
12/15/2019 20:15:16.640000,7.3
12/15/2019 20:17:16.207000,7.07
12/15/2019 20:19:16.403000,5.64
12/15/2019 20:21:16.576000,5.99
12/15/2019 20:23:16.180000,5.15
12/15/2019 20:25:16.500000,5.39
12/15/2019 20:27:16.608000,5.73
12/15/2019 20:29:16.430000,5.15
12/15/2019 20:31:16.512000,4.97
12/15/2019 20:33:16.510000,4.97
12/15/2019 20:35:16.682000,4.74
12/15/2019 20:37:16.546000,4.68
12/15/2019 20:39:17.028000,4.16
12/15/2019 20:41:16.518000,4.76
12/15/2019 20:43:16.623000,4.2
12/15/2019 20:45:16.613000,4.36
12/15/2019 20:47:16.599000,3.83
12/15/2019 20:49:16.520000,4.24
12/15/2019 20:51:16.556000,3.63
12/15/2019 20:53:16.567000,3.64
12/15/2019 20:55:16.190000,3.04
12/15/2019 20:57:16.616000,2.68
12/15/2019 20:59:16.185000,3.54
12/15/2019 21:01:16.610000,4.53
12/15/2019 21:03:16.614000,3.38
12/15/2019 21:05:16.417000,2.72
12/15/2019 21:07:16.642000,3.41
12/15/2019 21:09:16.487000,3.83
12/15/2019 21:11:16.406000,2.92
12/15/2019 21:13:16.556000,3.56
12/15/2019 21:15:16.624000,3.41
12/15/2019 21:17:16.393000,5.29
12/15/2019 21:19:16.618000,3.49
12/15/2019 21:21:16.617000,2.97
12/15/2019 21:23:16.597000,3.46
12/15/2019 21:25:16.411000,3.33
12/15/2019 21:27:16.407000,2.49
12/15/2019 21:29:16.689000,2.41
12/15/2019 21:31:16.455000,3.08
12/15/2019 21:33:16.518000,3.25
12/15/2019 21:35:16.496000,2.63
12/15/2019 21:37:16.181000,3.16
12/15/2019 21:39:16.887000,3.06
12/15/2019 21:41:16.543000,2.97
12/15/2019 21:43:16.576000,2.42
12/15/2019 21:45:16.510000,2.73
12/15/2019 21:47:16.400000,2.23
12/15/2019 21:49:16.622000,2.72
12/15/2019 21:51:16.618000,4.7
12/15/2019 21:53:16.507000,2.97
12/15/2019 21:55:16.517000,2.6
12/15/2019 21:57:16.537000,3.18
12/15/2019 21:59:16.518000,3.17
12/15/2019 22:01:16.421000,2.79
12/15/2019 22:03:16.181000,4.32
12/15/2019 22:05:16.186000,4.76
12/15/2019 22:07:16.160000,3.69
12/15/2019 22:09:16.178000,4.29
12/15/2019 22:11:16.493000,6.47
12/15/2019 22:13:16.156000,15.43
12/15/2019 22:15:16.574000,35.88
12/15/2019 22:17:16.552000,8.42
12/15/2019 22:19:16.420000,3.07
12/15/2019 22:21:16.569000,2.42
12/15/2019 22:23:16.640000,3.28
12/15/2019 22:25:16.398000,3.49
12/15/2019 22:27:16.528000,2.65
12/15/2019 22:29:16.559000,2.38
12/15/2019 22:31:16.443000,3.57
12/15/2019 22:33:16.420000,3.96
12/15/2019 22:35:16.529000,5.37
12/15/2019 22:37:16.430000,9.03
12/15/2019 22:39:16.903000,4.93
12/15/2019 22:41:16.510000,2.17
12/15/2019 22:43:16.186000,2.04
12/15/2019 22:45:17.057000,2.43
12/15/2019 22:47:16.474000,2.46
12/15/2019 22:49:16.499000,2.91
12/15/2019 22:51:16.539000,2.23
12/15/2019 22:53:16.606000,2.14
12/15/2019 22:55:16.147000,3.72
12/15/2019 22:57:16.192000,7.07
12/15/2019 22:59:16.160000,3.44
12/15/2019 23:01:16.504000,3.17
12/15/2019 23:03:16.445000,2.28
12/15/2019 23:05:16.590000,1.73
12/15/2019 23:07:16.505000,2.29
12/15/2019 23:09:16.165000,3.23
12/15/2019 23:11:16.170000,2.3
12/15/2019 23:13:16.487000,1.99
12/15/2019 23:15:16.492000,2.0
12/15/2019 23:17:16.390000,1.54
12/15/2019 23:19:16.570000,1.87
12/15/2019 23:21:16.432000,1.87
12/15/2019 23:23:16.592000,1.91
12/15/2019 23:25:16.596000,2.11
12/15/2019 23:27:16.651000,1.81
12/15/2019 23:29:16.168000,1.61
12/15/2019 23:31:16.486000,1.85
12/15/2019 23:33:16.456000,1.64
12/15/2019 23:35:16.486000,2.23
12/15/2019 23:37:16.410000,1.96
12/15/2019 23:39:16.836000,2.0
12/15/2019 23:41:16.616000,2.32
12/15/2019 23:43:16.586000,2.07
12/15/2019 23:45:16.483000,2.17
12/15/2019 23:47:16.381000,2.25
12/15/2019 23:49:16.221000,2.28
12/15/2019 23:51:16.396000,2.3
12/15/2019 23:53:16.492000,2.23
12/15/2019 23:55:16.371000,1.93
12/15/2019 23:57:16.168000,2.18
12/15/2019 23:59:16.167000,2.18
12/16/2019 00:01:16.362000,2.81
12/16/2019 00:03:16.508000,2.35
12/16/2019 00:05:16.494000,2.96
12/16/2019 00:07:16.181000,2.62
12/16/2019 00:09:16.296000,2.56
12/16/2019 00:11:16.596000,3.17
12/16/2019 00:13:16.542000,3.57
12/16/2019 00:15:16.150000,2.82
12/16/2019 00:17:16.632000,2.58
12/16/2019 00:19:16.384000,2.71
12/16/2019 00:21:16.228000,3.21
12/16/2019 00:23:16.588000,2.62
12/16/2019 00:25:16.542000,2.44
12/16/2019 00:27:16.621000,2.87
12/16/2019 00:29:16.544000,3.18
12/16/2019 00:31:16.491000,4.25
12/16/2019 00:33:16.381000,3.09
12/16/2019 00:35:16.520000,3.13
12/16/2019 00:37:16.567000,3.45
12/16/2019 00:39:16.996000,3.7
12/16/2019 00:41:16.604000,3.52
12/16/2019 00:43:16.158000,4.14
12/16/2019 00:45:16.489000,3.62
12/16/2019 00:47:16.573000,3.18
12/16/2019 00:49:16.192000,2.87
12/16/2019 00:51:16.148000,2.94
12/16/2019 00:53:16.482000,3.66
12/16/2019 00:55:16.608000,3.59
12/16/2019 00:57:16.473000,2.93
12/16/2019 00:59:16.403000,3.1
12/16/2019 01:01:16.390000,2.96
12/16/2019 01:03:16.394000,3.68
12/16/2019 01:05:16.146000,4.42
12/16/2019 01:07:16.412000,3.69
12/16/2019 01:09:16.162000,4.09
12/16/2019 01:11:16.169000,5.04
12/16/2019 01:13:16.485000,4.78
12/16/2019 01:15:16.522000,4.67
12/16/2019 01:17:16.454000,4.8
12/16/2019 01:19:16.534000,4.85
12/16/2019 01:21:16.599000,4.58
12/16/2019 01:23:16.387000,5.03
12/16/2019 01:25:16.371000,4.76
12/16/2019 01:27:16.616000,5.04
12/16/2019 01:29:16.389000,5.41
12/16/2019 01:31:16.520000,5.24
12/16/2019 01:33:16.157000,5.06
12/16/2019 01:35:16.445000,5.18
12/16/2019 01:37:16.572000,5.78
12/16/2019 01:39:16.824000,4.88
12/16/2019 01:41:16.151000,5.57
12/16/2019 01:43:16.482000,6.85
12/16/2019 01:45:16.701000,8.43
12/16/2019 01:47:16.495000,6.56
12/16/2019 01:49:16.571000,7.47
12/16/2019 01:51:16.477000,5.86
12/16/2019 01:53:16.126000,5.88
12/16/2019 01:55:16.512000,9.73
12/16/2019 01:57:16.556000,10.45
12/16/2019 01:59:16.411000,13.34
12/16/2019 02:03:16.158000,8.2
12/16/2019 02:05:16.572000,7.96
12/16/2019 02:07:16.465000,9.93
12/16/2019 02:09:16.574000,9.26
12/16/2019 02:11:16.547000,7.7
12/16/2019 02:13:16.462000,8.88
12/16/2019 02:15:16.413000,8.21
12/16/2019 02:17:16.222000,9.03
12/16/2019 02:19:16.548000,7.63
12/16/2019 02:21:16.362000,7.31
12/16/2019 02:23:16.547000,7.31
12/16/2019 02:25:16.151000,6.55
12/16/2019 02:27:16.431000,6.43
12/16/2019 02:29:16.581000,6.62
12/16/2019 02:31:16.483000,6.32
12/16/2019 02:33:16.486000,6.71
12/16/2019 02:35:16.552000,7.34
12/16/2019 02:37:16.173000,6.55
12/16/2019 02:39:16.892000,6.6
12/16/2019 02:41:16.193000,6.67
12/16/2019 02:43:16.535000,6.59
12/16/2019 02:45:16.518000,6.8
12/16/2019 02:47:16.521000,6.28
12/16/2019 02:49:16.354000,5.99
12/16/2019 02:51:16.470000,6.31
12/16/2019 02:53:16.362000,5.72
12/16/2019 02:55:16.419000,6.88
12/16/2019 02:57:16.140000,7.72
12/16/2019 02:59:16.391000,10.06
12/16/2019 03:01:16.458000,9.93
12/16/2019 03:03:16.367000,10.52
12/16/2019 03:05:16.533000,11.54
12/16/2019 03:07:16.354000,14.67
12/16/2019 03:09:16.538000,12.83
12/16/2019 03:11:16.493000,15.37
12/16/2019 03:13:16.135000,13.9
12/16/2019 03:15:16.240000,12.94
12/16/2019 03:17:16.471000,14.94
12/16/2019 03:19:16.515000,17.88
12/16/2019 03:21:16.344000,19.36
12/16/2019 03:23:16.367000,19.45
12/16/2019 03:25:16.365000,19.99
12/16/2019 03:27:16.519000,19.01
12/16/2019 03:29:16.376000,17.26
12/16/2019 03:31:16.482000,16.16
12/16/2019 03:33:16.543000,12.19
12/16/2019 03:35:16.545000,12.54
12/16/2019 03:37:16.607000,12.6
12/16/2019 03:39:16.675000,11.91
12/16/2019 03:41:16.898000,10.7
12/16/2019 03:43:16.457000,10.45
12/16/2019 03:45:16.120000,11.55
12/16/2019 03:47:16.587000,9.82
12/16/2019 03:49:16.501000,7.65
12/16/2019 03:51:16.419000,6.2
12/16/2019 03:53:16.605000,6.06
12/16/2019 03:55:16.401000,5.73
12/16/2019 03:57:16.466000,4.57
12/16/2019 03:59:16.453000,5.49
12/16/2019 04:01:16.455000,6.27
12/16/2019 04:03:16.458000,7.44
12/16/2019 04:05:16.578000,8.76
12/16/2019 04:07:16.384000,9.61
12/16/2019 04:09:16.461000,8.91
12/16/2019 04:11:16.367000,7.5
12/16/2019 04:13:16.548000,7.04
12/16/2019 04:15:16.585000,6.76
12/16/2019 04:17:16.493000,7.2
12/16/2019 04:19:16.140000,6.88
12/16/2019 04:21:16.353000,7.47
12/16/2019 04:23:16.501000,8.46
12/16/2019 04:25:16.590000,7.51
12/16/2019 04:27:16.464000,6.28
12/16/2019 04:29:16.424000,7.87
12/16/2019 04:31:16.129000,8.23
12/16/2019 04:33:16.214000,7.97
12/16/2019 04:35:16.624000,7.33
12/16/2019 04:37:16.125000,7.81
12/16/2019 04:39:16.830000,8.44
12/16/2019 04:41:16.545000,8.1
12/16/2019 04:43:16.365000,7.4
12/16/2019 04:45:16.564000,7.48
12/16/2019 04:47:16.518000,7.1
12/16/2019 04:49:16.522000,7.01
12/16/2019 04:51:16.448000,7.64
12/16/2019 04:53:16.468000,7.85
12/16/2019 04:55:16.137000,7.1
12/16/2019 04:57:16.409000,9.06
12/16/2019 04:59:16.350000,6.81
12/16/2019 05:01:16.151000,7.25
12/16/2019 05:03:16.140000,7.39
12/16/2019 05:05:16.116000,8.2
12/16/2019 05:07:16.367000,7.04
12/16/2019 05:09:16.504000,6.78
12/16/2019 05:11:16.526000,7.37
12/16/2019 05:13:16.413000,6.66
12/16/2019 05:15:16.508000,6.36
12/16/2019 05:17:16.432000,6.81
12/16/2019 05:19:16.352000,7.14
12/16/2019 05:21:16.511000,7.49
12/16/2019 05:23:16.381000,6.97
12/16/2019 05:25:16.457000,8.22
12/16/2019 05:27:16.386000,7.28
12/16/2019 05:29:16.120000,8.27
12/16/2019 05:31:16.145000,8.09
12/16/2019 05:33:16.404000,6.9
12/16/2019 05:35:16.554000,7.39
12/16/2019 05:37:16.138000,6.87
12/16/2019 05:39:16.686000,7.07
12/16/2019 05:41:16.439000,7.0
12/16/2019 05:43:16.108000,7.09
12/16/2019 05:45:16.521000,6.76
12/16/2019 05:47:16.440000,6.93
12/16/2019 05:49:16.628000,7.51
12/16/2019 05:51:16.644000,6.77
12/16/2019 05:53:16.386000,6.51
12/16/2019 05:55:16.341000,7.16
12/16/2019 05:57:16.358000,5.57
12/16/2019 05:59:16.346000,6.13
12/16/2019 06:01:16.501000,6.62
12/16/2019 06:03:16.353000,6.46
12/16/2019 06:05:16.841000,5.86
12/16/2019 06:07:16.154000,5.96
12/16/2019 06:09:16.366000,5.8
12/16/2019 06:11:16.585000,5.13
12/16/2019 06:13:16.440000,5.8
12/16/2019 06:15:16.156000,5.23
12/16/2019 06:17:16.449000,5.74
12/16/2019 06:19:16.489000,5.51
12/16/2019 06:21:17.498000,5.35
12/16/2019 06:23:16.531000,6.46
12/16/2019 06:25:16.509000,6.01
12/16/2019 06:27:16.453000,5.97
12/16/2019 06:29:16.143000,5.24
12/16/2019 06:31:16.337000,5.53
12/16/2019 06:33:16.126000,5.63
12/16/2019 06:35:16.741000,5.9
12/16/2019 06:37:16.115000,6.15
12/16/2019 06:39:16.740000,6.6
12/16/2019 06:41:16.465000,6.24
12/16/2019 06:43:16.532000,5.53
12/16/2019 06:45:16.493000,5.28
12/16/2019 06:47:16.136000,5.5
12/16/2019 06:49:16.354000,5.0
12/16/2019 06:51:16.445000,5.12
12/16/2019 06:53:16.320000,4.56
12/16/2019 06:55:16.537000,4.07
12/16/2019 06:57:16.449000,4.57
12/16/2019 06:59:16.147000,4.93
12/16/2019 07:01:16.548000,4.21
12/16/2019 07:03:16.460000,4.25
12/16/2019 07:05:16.500000,5.7
12/16/2019 07:07:16.444000,4.62
12/16/2019 07:09:16.567000,3.68
12/16/2019 07:11:16.118000,4.79
12/16/2019 07:13:16.483000,4.8
12/16/2019 07:15:16.597000,4.59
12/16/2019 07:17:16.456000,4.67
12/16/2019 07:19:16.448000,4.72
12/16/2019 07:21:16.597000,5.27
12/16/2019 07:23:16.385000,6.22
12/16/2019 07:25:16.445000,6.13
12/16/2019 07:27:16.343000,9.43
12/16/2019 07:29:16.541000,10.22
12/16/2019 07:31:16.540000,10.23
12/16/2019 07:33:16.430000,9.63
12/16/2019 07:35:16.140000,11.82
12/16/2019 07:37:16.150000,10.97
12/16/2019 07:39:16.804000,11.8
12/16/2019 07:41:16.524000,11.23
12/16/2019 07:43:16.118000,10.82
12/16/2019 07:45:16.648000,11.82
12/16/2019 07:47:16.426000,10.85
12/16/2019 07:49:16.658000,12.04
12/16/2019 07:51:16.119000,11.93
12/16/2019 07:53:16.335000,11.22
12/16/2019 07:55:16.516000,12.7
12/16/2019 07:57:16.502000,11.65
12/16/2019 07:59:16.432000,12.32
12/16/2019 08:01:16.550000,10.47
12/16/2019 08:03:16.432000,10.91
12/16/2019 08:05:16.446000,9.74
12/16/2019 08:07:16.524000,8.84
12/16/2019 08:11:16.559000,7.41
12/16/2019 08:13:16.435000,8.15
12/16/2019 08:15:16.493000,8.18
12/16/2019 08:17:16.109000,8.53
12/16/2019 08:19:16.434000,8.7
12/16/2019 08:21:16.507000,7.68
12/16/2019 08:23:16.585000,8.62
12/16/2019 08:25:16.545000,8.07
12/16/2019 08:27:16.353000,7.88
12/16/2019 08:29:16.430000,8.89
12/16/2019 08:31:16.561000,9.94
12/16/2019 08:33:16.124000,8.41
12/16/2019 08:35:16.450000,8.53
12/16/2019 08:37:16.358000,9.59
12/16/2019 08:39:16.420000,9.79
12/16/2019 08:41:16.516000,10.24
12/16/2019 08:43:16.473000,11.27
12/16/2019 08:45:16.557000,10.79
12/16/2019 08:47:16.137000,10.08
12/16/2019 08:49:16.445000,11.4
12/16/2019 08:51:16.530000,11.51
12/16/2019 08:53:16.319000,11.49
12/16/2019 08:55:16.338000,11.73
12/16/2019 08:57:16.110000,11.8
12/16/2019 08:59:16.109000,11.39
12/16/2019 09:01:16.598000,11.81
12/16/2019 09:03:16.318000,12.51
12/16/2019 09:05:16.327000,12.07
12/16/2019 09:41:18.284000,14.29
12/16/2019 09:43:18.084000,13.79
12/16/2019 09:45:17.845000,13.94
12/16/2019 09:47:18.093000,14.39
12/16/2019 09:49:18.143000,14.54
12/16/2019 09:51:17.832000,14.53
12/16/2019 09:53:18.197000,14.21
12/16/2019 09:55:18.411000,14.38
12/16/2019 09:57:18.124000,14.36
12/16/2019 09:59:18.097000,15.42
12/16/2019 10:01:18.147000,15.62
12/16/2019 10:03:18.082000,15.39
12/16/2019 10:05:18.083000,17.97
12/16/2019 10:07:18.284000,17.54
12/16/2019 10:09:18.223000,18.23
12/16/2019 10:11:18.223000,18.91
12/16/2019 10:13:18.321000,19.49
12/16/2019 10:15:18.239000,18.37
12/16/2019 10:17:18.212000,19.26
12/16/2019 10:19:18.216000,18.99
12/16/2019 10:21:18.128000,20.13
12/16/2019 10:23:18.033000,18.63
12/16/2019 10:25:18.165000,20.54
12/16/2019 10:27:18.128000,18.52
12/16/2019 10:29:18.017000,18.94
12/16/2019 10:31:18.125000,18.32
12/16/2019 10:33:17.848000,18.89
12/16/2019 10:35:18.213000,17.79
12/16/2019 10:37:18.023000,19.07
12/16/2019 10:39:17.843000,17.88
12/16/2019 10:41:18.069000,18.42
12/16/2019 10:43:18.126000,18.71
12/16/2019 10:45:18.151000,18.56
12/16/2019 10:47:17.811000,18.57
12/16/2019 10:49:18.243000,19.9
12/16/2019 10:51:18.132000,20.06
12/16/2019 10:53:18.027000,19.9
12/16/2019 10:55:18.114000,19.32
12/16/2019 10:57:18.146000,19.46
12/16/2019 10:59:18.028000,18.16
12/16/2019 11:01:18.246000,17.55
12/16/2019 11:03:17.828000,20.73
12/16/2019 11:05:18.020000,21.39
12/16/2019 11:07:18.200000,20.19
12/16/2019 11:09:18.227000,19.61
12/16/2019 11:11:18.148000,19.61
12/16/2019 11:13:18.127000,21.01
12/16/2019 11:15:18.124000,19.8
12/16/2019 11:17:18.268000,20.54
12/16/2019 11:19:18.142000,19.67
12/16/2019 11:21:18.035000,20.47
12/16/2019 11:23:18.006000,20.7
12/16/2019 11:25:18.069000,21.54
12/16/2019 11:27:17.827000,21.5
12/16/2019 11:29:18.189000,20.96
12/16/2019 11:31:18.238000,21.96
12/16/2019 11:33:18.130000,21.44
12/16/2019 11:35:18.168000,22.19
12/16/2019 11:37:17.835000,20.62
12/16/2019 11:39:18.232000,20.8
12/16/2019 11:41:17.784000,20.89
12/16/2019 11:43:18.199000,21.67
12/16/2019 11:45:18.941000,23.43
12/16/2019 11:47:17.838000,23.27
12/16/2019 11:49:18.127000,22.86
12/16/2019 11:51:18.146000,22.57
12/16/2019 11:53:18.114000,22.85
12/16/2019 11:55:18.191000,21.72
12/16/2019 11:57:17.824000,23.21
12/16/2019 11:59:18.045000,24.03
12/16/2019 12:01:18.282000,22.97
12/16/2019 12:03:18.349000,23.27
12/16/2019 12:05:17.884000,22.54
12/16/2019 12:07:18.184000,23.25
12/16/2019 12:09:18.184000,21.91
12/16/2019 12:11:18.109000,24.78
12/16/2019 12:13:18.107000,23.23
12/16/2019 12:15:18.032000,22.33
12/16/2019 12:17:18.029000,23.96
12/16/2019 12:19:18.171000,22.88
12/16/2019 12:21:18.160000,22.6
12/16/2019 12:23:18.202000,23.32
12/16/2019 12:25:18.037000,22.58
12/16/2019 12:27:18.076000,22.63
12/16/2019 12:29:18.149000,22.91
12/16/2019 12:31:18.242000,22.94
12/16/2019 12:33:18.237000,22.43
12/16/2019 12:35:17.816000,23.14
12/16/2019 12:37:18.255000,21.78
12/16/2019 12:39:18.142000,24.24
12/16/2019 12:41:17.876000,22.37
12/16/2019 12:43:18.178000,23.13
12/16/2019 12:45:18.054000,22.82
12/16/2019 12:47:17.796000,22.59
12/16/2019 12:49:18.252000,24.33
12/16/2019 12:51:18.133000,23.93
12/16/2019 12:53:18.029000,23.77
12/16/2019 12:55:18.653000,23.12
12/16/2019 12:57:18.110000,21.87
12/16/2019 12:59:18.015000,24.94
12/16/2019 13:01:17.800000,23.47
12/16/2019 13:03:17.774000,23.35
12/16/2019 13:05:18.129000,23.36
12/16/2019 13:07:18.231000,24.58
12/16/2019 13:09:18.424000,26.72
12/16/2019 13:11:18.156000,26.38
12/16/2019 13:13:18.159000,24.18
12/16/2019 13:15:18.236000,25.8
12/16/2019 13:17:18.114000,25.53
12/16/2019 13:19:17.775000,23.99
12/16/2019 13:21:18.130000,25.7
12/16/2019 13:23:17.794000,23.97
12/16/2019 13:25:17.809000,25.75
12/16/2019 13:27:18.193000,24.81
12/16/2019 13:29:18.027000,25.93
12/16/2019 13:31:18.015000,25.39
12/16/2019 13:33:18.143000,26.29
12/16/2019 13:35:18.048000,26.05
12/16/2019 13:37:18.246000,25.1
12/16/2019 13:39:18.042000,24.94
12/16/2019 13:41:17.799000,27.18
12/16/2019 13:43:18.171000,27.65
12/16/2019 13:45:17.771000,25.97
12/16/2019 13:47:17.800000,25.94
12/16/2019 13:49:18.072000,24.84
12/16/2019 13:51:17.779000,25.57
12/16/2019 13:53:18.217000,27.51
12/16/2019 13:55:18.599000,26.66
12/16/2019 13:57:17.806000,26.44
12/16/2019 13:59:18.175000,26.12
12/16/2019 14:01:18.052000,25.81
12/16/2019 14:03:18.260000,25.12
12/16/2019 14:05:18.223000,26.87
12/16/2019 14:07:18.625000,24.74
12/16/2019 14:09:17.792000,26.09
12/16/2019 14:11:18.116000,27.34
12/16/2019 14:13:18.200000,28.01
12/16/2019 14:15:18.106000,27.54
12/16/2019 14:17:18.132000,27.19
12/16/2019 14:19:18.095000,25.79
12/16/2019 14:21:18.219000,26.43
12/16/2019 14:23:18.007000,27.0
12/16/2019 14:25:18.137000,24.75
12/16/2019 14:27:18.218000,27.44
12/16/2019 14:29:17.786000,26.9
12/16/2019 14:31:18.024000,25.37
12/16/2019 14:33:18.199000,25.36
12/16/2019 14:35:18.327000,25.61
12/16/2019 14:37:18.311000,25.75
12/16/2019 14:39:17.850000,26.49
12/16/2019 14:41:18.106000,26.63
12/16/2019 14:43:18.271000,25.77
12/16/2019 14:45:18.024000,25.21
12/16/2019 14:47:17.781000,24.93
12/16/2019 14:49:18.117000,24.21
12/16/2019 14:51:18.128000,25.56
12/16/2019 14:53:17.996000,25.35
12/16/2019 14:55:18.243000,24.65
12/16/2019 14:57:18.184000,25.44
12/16/2019 14:59:18.115000,24.59
12/16/2019 15:01:18.102000,25.07
12/16/2019 15:03:17.774000,24.83
12/16/2019 15:05:18.065000,25.58
12/16/2019 15:07:18.214000,26.74
12/16/2019 15:09:18.159000,25.18
12/16/2019 15:11:18.205000,24.86
12/16/2019 15:13:17.788000,26.96
12/16/2019 15:15:17.762000,27.49
12/16/2019 15:17:18.080000,26.43
12/16/2019 15:19:18.015000,26.03
12/16/2019 15:21:17.762000,28.44
12/16/2019 15:23:18.121000,29.01
12/16/2019 15:25:17.995000,28.49
12/16/2019 15:27:17.817000,27.76
12/16/2019 15:29:18.034000,27.29
12/16/2019 15:31:18.121000,27.18
12/16/2019 15:33:18.111000,27.19
12/16/2019 15:35:18.183000,25.3
12/16/2019 15:37:17.815000,27.37
12/16/2019 15:39:17.990000,26.87
12/16/2019 15:41:17.779000,26.07
12/16/2019 15:43:18.009000,27.19
12/16/2019 15:45:18.297000,27.01
12/16/2019 15:47:18.098000,27.48
12/16/2019 15:49:17.991000,27.67
12/16/2019 15:51:17.932000,30.96
12/16/2019 15:53:18.121000,27.91
12/16/2019 15:55:18.626000,27.54
12/16/2019 15:57:18.119000,25.84
12/16/2019 15:59:18.011000,25.0
12/16/2019 16:01:18.118000,27.74
12/16/2019 16:03:18.205000,26.11
12/16/2019 16:05:18.041000,27.81
12/16/2019 16:07:17.763000,28.28
12/16/2019 16:09:18.208000,26.07
12/16/2019 16:11:18.161000,25.12
12/16/2019 16:13:18.140000,24.63
12/16/2019 16:15:18.149000,24.0
12/16/2019 16:17:17.785000,21.8
12/16/2019 16:19:18.045000,19.75
12/16/2019 16:21:18.221000,18.57
12/16/2019 16:23:17.851000,16.88
12/16/2019 16:25:18.166000,16.52
12/16/2019 16:27:18.087000,16.18
12/16/2019 16:29:17.983000,14.66
12/16/2019 16:31:18.090000,14.96
12/16/2019 16:33:18.032000,12.52
12/16/2019 16:35:17.767000,13.71
12/16/2019 16:37:18.017000,14.71
12/16/2019 16:39:17.989000,14.71
12/16/2019 16:41:18.078000,13.84
12/16/2019 16:43:17.771000,13.82
12/16/2019 16:45:18.022000,13.99
12/16/2019 16:47:18.084000,12.77
12/16/2019 16:49:17.757000,13.6
12/16/2019 16:51:18.084000,13.58
12/16/2019 16:53:18.105000,12.37
12/16/2019 16:55:18.170000,12.56
12/16/2019 16:57:18.002000,12.6
12/16/2019 16:59:18.141000,12.06
12/16/2019 17:01:18.127000,10.1
12/16/2019 17:03:18.159000,8.52
12/16/2019 17:05:17.764000,7.42
12/16/2019 17:07:18.241000,11.2
12/16/2019 17:09:18.158000,11.66
12/16/2019 17:11:17.795000,10.89
12/16/2019 17:13:18.135000,10.28
12/16/2019 17:15:18.022000,8.99
12/16/2019 17:17:18.088000,7.68
12/16/2019 17:19:18.366000,11.29
12/16/2019 17:21:18.002000,11.7
12/16/2019 17:23:18.214000,12.26
12/16/2019 17:25:18.106000,9.93
12/16/2019 17:27:17.746000,8.29
12/16/2019 17:29:18.289000,2.37
12/16/2019 17:31:17.828000,1.87
12/16/2019 17:33:18.033000,6.5
12/16/2019 17:35:17.761000,6.3
12/16/2019 17:37:18.083000,2.24
12/16/2019 17:39:18.149000,1.96
12/16/2019 17:41:18.076000,2.75
12/16/2019 17:43:17.757000,4.51
12/16/2019 17:45:18.145000,2.37
12/16/2019 17:47:17.843000,2.41
12/16/2019 17:49:18.160000,1.04
12/16/2019 17:51:17.985000,1.6
12/16/2019 17:53:18.128000,2.44
12/16/2019 17:55:18.317000,2.03
12/16/2019 17:57:17.775000,3.0
12/16/2019 17:59:17.960000,3.61
12/16/2019 18:01:18.212000,2.72
12/16/2019 18:03:18.001000,3.23
12/16/2019 18:05:17.761000,3.37
12/16/2019 18:07:18.052000,3.29
12/16/2019 18:09:18.084000,3.57
12/16/2019 18:11:18.072000,2.67
12/16/2019 18:13:18.075000,2.97
12/16/2019 18:15:18.200000,3.15
12/16/2019 18:17:17.980000,4.06
12/16/2019 18:19:18.218000,3.86
12/16/2019 18:21:18.004000,3.03
12/16/2019 18:23:17.966000,3.0
12/16/2019 18:25:18.177000,4.62
12/16/2019 18:27:18.099000,4.1
12/16/2019 18:29:18.073000,4.75
12/16/2019 18:31:18.076000,3.45
12/16/2019 18:33:17.737000,3.84
12/16/2019 18:35:18.079000,4.42
12/16/2019 18:37:17.746000,5.01
12/16/2019 18:39:18.120000,4.67
12/16/2019 18:41:17.738000,3.0
12/16/2019 18:43:17.817000,4.01
12/16/2019 18:45:18.089000,3.46
12/16/2019 18:47:18.181000,3.87
12/16/2019 18:49:18.078000,3.78
12/16/2019 18:51:18.088000,3.78
12/16/2019 18:53:18.149000,4.04
12/16/2019 18:55:18.532000,3.31
12/16/2019 18:57:17.767000,4.75
12/16/2019 18:59:18.292000,4.46
12/16/2019 19:01:17.993000,4.97
12/16/2019 19:03:18.240000,3.62
12/16/2019 19:05:18.060000,4.9
12/16/2019 19:07:17.754000,4.09
12/16/2019 19:09:17.733000,5.41
12/16/2019 19:11:17.761000,5.56
12/16/2019 19:13:18.215000,5.23
12/16/2019 19:15:17.969000,4.7
12/16/2019 19:17:18.171000,5.65
12/16/2019 19:19:18.095000,5.21
12/16/2019 19:21:18.078000,4.61
12/16/2019 19:23:17.742000,5.58
12/16/2019 19:25:18.165000,5.12
12/16/2019 19:27:17.736000,4.39
12/16/2019 19:29:18.201000,4.62
12/16/2019 19:31:18.182000,5.0
12/16/2019 19:33:17.740000,4.18
12/16/2019 19:35:17.800000,3.97
12/16/2019 19:37:18.104000,4.46
12/16/2019 19:39:18.250000,3.93
12/16/2019 19:41:18.198000,4.48
12/16/2019 19:43:18.101000,4.56
12/16/2019 19:45:18.076000,4.01
12/16/2019 19:47:17.971000,4.29
12/16/2019 19:49:17.991000,4.85
12/16/2019 19:51:18.139000,4.63
12/16/2019 19:53:17.754000,5.03
12/16/2019 19:55:18.516000,5.08
12/16/2019 19:57:17.754000,5.09
12/16/2019 19:59:18.168000,5.15
12/16/2019 20:01:18.212000,5.37
12/16/2019 20:03:18.326000,4.96
12/16/2019 20:05:18.162000,5.46
12/16/2019 20:07:18.122000,5.49
12/16/2019 20:09:18.065000,4.51
12/16/2019 20:11:18.177000,5.38
12/16/2019 20:13:18.068000,3.7
12/16/2019 20:15:18.065000,5.16
12/16/2019 20:17:17.979000,5.31
12/16/2019 20:19:17.953000,5.55
12/16/2019 20:21:17.961000,5.14
12/16/2019 20:23:18.226000,4.81
12/16/2019 20:25:17.966000,4.8
12/16/2019 20:27:17.998000,4.88
12/16/2019 20:29:18.114000,5.16
12/16/2019 20:31:17.756000,5.07
12/16/2019 20:33:18.190000,4.12
12/16/2019 20:35:18.079000,3.81
12/16/2019 20:37:17.750000,4.52
12/16/2019 20:39:17.996000,3.97
12/16/2019 20:41:18.193000,4.16
12/16/2019 20:43:18.169000,4.31
12/16/2019 20:45:18.133000,4.14
12/16/2019 20:47:18.103000,4.31
12/16/2019 20:49:17.955000,3.65
12/16/2019 20:51:18.197000,4.36
12/16/2019 20:53:18.058000,3.94
12/16/2019 20:55:18.460000,3.58
12/16/2019 20:57:18.137000,3.62
12/16/2019 20:59:18.123000,4.19
12/16/2019 21:01:17.986000,3.37
12/16/2019 21:03:17.729000,4.34
12/16/2019 21:05:18.090000,4.5
12/16/2019 21:07:18.043000,3.81
12/16/2019 21:09:18.087000,5.22
12/16/2019 21:11:18.136000,4.66
12/16/2019 21:13:17.987000,3.72
12/16/2019 21:15:18.121000,3.86
12/16/2019 21:17:18.078000,4.43
12/16/2019 21:19:17.986000,5.12
12/16/2019 21:21:18.045000,4.88
12/16/2019 21:23:18.149000,5.45
12/16/2019 21:25:17.981000,4.66
12/16/2019 21:27:18.047000,4.65
12/16/2019 21:29:18.073000,3.9
12/16/2019 21:31:18.242000,5.21
12/16/2019 21:33:18.114000,5.14
12/16/2019 21:35:18.146000,4.49
12/16/2019 21:37:18.077000,4.7
12/16/2019 21:39:18.203000,4.52
12/16/2019 21:41:18.156000,4.96
12/16/2019 21:43:17.730000,4.26
12/16/2019 21:45:17.963000,4.68
12/16/2019 21:47:18.064000,3.81
12/16/2019 21:49:18.126000,3.16
12/16/2019 21:51:17.977000,2.96
12/16/2019 21:53:17.958000,3.63
12/16/2019 21:55:18.440000,2.46
12/16/2019 21:57:17.974000,3.96
12/16/2019 21:59:17.732000,2.64
12/16/2019 22:01:18.261000,2.39
12/16/2019 22:03:17.956000,3.41
12/16/2019 22:05:18.164000,2.63
12/16/2019 22:07:18.055000,3.2
12/16/2019 22:09:17.805000,2.92
12/16/2019 22:11:19.375000,2.79
12/16/2019 22:13:18.107000,3.16
12/16/2019 22:15:17.759000,2.78
12/16/2019 22:17:18.058000,2.94
12/16/2019 22:19:18.116000,2.61
12/16/2019 22:21:17.809000,3.46
12/16/2019 22:23:18.143000,2.96
12/16/2019 22:25:17.950000,2.54
12/16/2019 22:27:17.744000,3.04
12/16/2019 22:29:18.234000,3.14
12/16/2019 22:31:17.946000,2.52
12/16/2019 22:33:17.761000,2.85
12/16/2019 22:35:18.003000,1.65
12/16/2019 22:37:17.793000,2.72
12/16/2019 22:39:17.738000,2.33
12/16/2019 22:41:17.728000,2.45
12/16/2019 22:43:18.289000,2.26
12/16/2019 22:45:18.075000,1.41
12/16/2019 22:47:17.984000,1.91
12/16/2019 22:49:18.160000,3.0
12/16/2019 22:51:18.158000,1.85
12/16/2019 22:53:18.086000,1.86
12/16/2019 22:55:18.553000,1.82
12/16/2019 22:57:17.733000,1.75
12/16/2019 22:59:18.008000,1.47
12/16/2019 23:01:18.058000,1.44
12/16/2019 23:03:18.071000,1.43
12/16/2019 23:05:18.115000,1.76
12/16/2019 23:07:18.201000,1.35
12/16/2019 23:09:17.941000,1.0
12/16/2019 23:11:17.754000,1.16
12/16/2019 23:13:18.047000,0.84
12/16/2019 23:15:18.149000,0.97
12/16/2019 23:17:18.161000,1.11
12/16/2019 23:19:18.192000,1.12
12/16/2019 23:21:18.065000,1.01
12/16/2019 23:23:17.735000,0.91
12/16/2019 23:25:17.778000,0.17
12/16/2019 23:27:17.728000,0.1
12/16/2019 23:29:17.965000,0.14
12/16/2019 23:31:17.940000,0.13
12/16/2019 23:33:18.064000,0.29
12/16/2019 23:35:18.067000,0.39
12/16/2019 23:37:17.748000,0.0
12/16/2019 23:39:18.068000,0.28
12/16/2019 23:41:17.756000,0.0
12/16/2019 23:43:17.754000,0.0
12/16/2019 23:45:18.055000,0.34
12/16/2019 23:47:18.197000,0.32
12/16/2019 23:49:18.092000,0.28
12/16/2019 23:51:17.717000,0.18
12/16/2019 23:53:18.143000,0.26
12/16/2019 23:55:18.369000,0.18
12/16/2019 23:57:18.043000,0.46
12/16/2019 23:59:18.138000,0.47
12/17/2019 00:01:18.414000,0.89
12/17/2019 00:03:18.111000,2.13
12/17/2019 00:05:18.138000,1.17
12/17/2019 00:07:18.055000,1.1
12/17/2019 00:09:18.078000,1.23
12/17/2019 00:11:18.204000,0.93
12/17/2019 00:13:18.065000,0.24
12/17/2019 00:15:17.942000,0.7
12/17/2019 00:17:17.742000,0.94
12/17/2019 00:19:18.045000,1.22
12/17/2019 00:21:17.999000,2.17
12/17/2019 00:23:18.095000,3.62
12/17/2019 00:25:18.201000,2.13
12/17/2019 00:27:18.005000,2.89
12/17/2019 00:29:18.112000,1.67
12/17/2019 00:31:18.036000,1.4
12/17/2019 00:33:17.941000,1.49
12/17/2019 00:35:17.760000,1.34
12/17/2019 00:37:17.758000,2.33
12/17/2019 00:39:17.730000,2.41
12/17/2019 00:41:18.118000,3.53
12/17/2019 00:43:17.954000,2.9
12/17/2019 00:45:18.070000,3.5
12/17/2019 00:47:18.216000,3.5
12/17/2019 00:49:17.742000,5.47
12/17/2019 00:51:18.083000,4.3
12/17/2019 00:53:17.962000,3.57
12/17/2019 00:55:18.283000,3.25
12/17/2019 00:57:18.056000,2.71
12/17/2019 00:59:18.156000,1.57
12/17/2019 01:01:17.717000,2.13
12/17/2019 01:03:18.050000,2.35
12/17/2019 01:05:18.106000,1.75
12/17/2019 01:07:18.162000,0.87
12/17/2019 01:09:17.931000,0.97
12/17/2019 01:11:18.014000,1.07
12/17/2019 01:13:18.205000,1.54
12/17/2019 01:15:17.742000,1.33
12/17/2019 01:17:18.050000,1.07
12/17/2019 01:19:17.728000,1.43
12/17/2019 01:21:17.950000,1.0
12/17/2019 01:23:17.944000,1.09
12/17/2019 01:25:18.042000,2.29
12/17/2019 01:27:17.751000,1.74
12/17/2019 01:29:18.136000,1.51
12/17/2019 01:31:18.061000,3.53
12/17/2019 01:33:18.038000,2.07
12/17/2019 01:35:18.023000,3.86
12/17/2019 01:37:17.960000,2.73
12/17/2019 01:39:18.103000,3.31
12/17/2019 01:41:18.025000,2.73
12/17/2019 01:43:18.038000,2.62
12/17/2019 01:45:18.334000,3.37
12/17/2019 01:47:17.748000,2.79
12/17/2019 01:49:18.219000,3.2
12/17/2019 01:51:18.068000,3.18
12/17/2019 01:53:18.092000,3.26
12/17/2019 01:55:18.404000,3.82
12/17/2019 01:57:18.301000,4.61
12/17/2019 01:59:18.156000,4.96
12/17/2019 02:03:18.148000,3.93
12/17/2019 02:05:17.934000,3.9
12/17/2019 02:07:17.935000,4.9
12/17/2019 02:09:17.741000,4.41
12/17/2019 02:11:17.932000,4.44
12/17/2019 02:13:18.177000,4.84
12/17/2019 02:15:17.931000,3.92
12/17/2019 02:17:18.236000,3.51
12/17/2019 02:19:18.062000,3.4
12/17/2019 02:21:18.017000,4.69
12/17/2019 02:23:18.002000,3.23
12/17/2019 02:25:18.040000,3.37
12/17/2019 02:27:18.140000,2.31
12/17/2019 02:29:18.127000,1.25
12/17/2019 02:31:18.298000,0.61
12/17/2019 02:33:17.746000,0.51
12/17/2019 02:35:17.698000,0.11
12/17/2019 02:37:17.727000,0.24
12/17/2019 02:39:18.099000,0.12
12/17/2019 02:41:18.014000,0.49
12/17/2019 02:43:18.097000,0.57
12/17/2019 02:45:18.110000,0.53
12/17/2019 02:47:18.022000,0.0
12/17/2019 02:49:17.699000,0.37
12/17/2019 02:51:18.125000,0.41
12/17/2019 02:53:18.150000,0.51
12/17/2019 02:55:18.316000,0.4
12/17/2019 02:57:17.967000,0.42
12/17/2019 02:59:18.133000,0.53
12/17/2019 03:01:18.092000,0.46
12/17/2019 03:03:17.940000,0.44
12/17/2019 03:05:17.726000,0.61
12/17/2019 03:07:18.094000,0.91
12/17/2019 03:09:18.050000,1.65
12/17/2019 03:11:17.740000,3.43
12/17/2019 03:13:17.722000,3.16
12/17/2019 03:15:18.142000,3.08
12/17/2019 03:17:17.957000,3.7
12/17/2019 03:19:18.025000,4.01
12/17/2019 03:21:17.694000,5.17
12/17/2019 03:23:18.038000,3.26
12/17/2019 03:25:18.087000,4.19
12/17/2019 03:27:18.088000,3.82
12/17/2019 03:29:17.940000,3.41
12/17/2019 03:31:17.926000,3.77
12/17/2019 03:33:17.822000,3.78
12/17/2019 03:35:17.694000,3.51
12/17/2019 03:37:18.103000,3.12
12/17/2019 03:39:17.699000,3.04
12/17/2019 03:41:18.098000,4.39
12/17/2019 03:43:18.020000,3.86
12/17/2019 03:45:18.011000,2.26
12/17/2019 03:47:17.929000,1.97
12/17/2019 03:49:18.096000,2.03
12/17/2019 03:51:18.007000,2.78
12/17/2019 03:53:17.692000,3.57
12/17/2019 03:55:18.879000,2.64
12/17/2019 03:57:18.094000,2.36
12/17/2019 03:59:18.009000,3.54
12/17/2019 04:01:17.713000,3.9
12/17/2019 04:03:17.901000,3.29
12/17/2019 04:05:17.962000,3.19
12/17/2019 04:07:18.203000,4.7
12/17/2019 04:09:17.939000,4.18
12/17/2019 04:11:18.116000,4.43
12/17/2019 04:13:18.088000,4.71
12/17/2019 04:15:17.698000,5.1
12/17/2019 04:17:18.071000,4.76
12/17/2019 04:19:17.712000,4.49
12/17/2019 04:21:18.025000,3.88
12/17/2019 04:23:17.905000,4.86
12/17/2019 04:25:18.143000,5.07
12/17/2019 04:27:18.075000,3.72
12/17/2019 04:29:18.161000,3.74
12/17/2019 04:31:18.074000,4.74
12/17/2019 04:33:17.923000,4.81
12/17/2019 04:35:17.945000,4.32
12/17/2019 04:37:17.913000,4.12
12/17/2019 04:39:18.072000,4.21
12/17/2019 04:41:18.143000,3.86
12/17/2019 04:43:18.069000,4.1
12/17/2019 04:45:17.889000,4.14
12/17/2019 04:47:18.049000,2.9
12/17/2019 04:49:19.892000,3.55
12/17/2019 04:51:18.242000,2.93
12/17/2019 04:53:17.683000,4.25
12/17/2019 04:55:18.278000,3.32
12/17/2019 04:57:17.993000,3.63
12/17/2019 04:59:18.015000,3.7
12/17/2019 05:01:18.133000,3.9
12/17/2019 05:03:18.066000,3.76
12/17/2019 05:05:18.105000,3.59
12/17/2019 05:07:17.699000,3.27
12/17/2019 05:09:18.047000,4.64
12/17/2019 05:11:18.068000,3.87
12/17/2019 05:13:17.887000,3.79
12/17/2019 05:15:17.918000,3.63
12/17/2019 05:17:18.110000,3.39
12/17/2019 05:19:18.018000,4.18
12/17/2019 05:21:17.924000,5.37
12/17/2019 05:23:18.052000,4.44
12/17/2019 05:25:17.680000,4.17
12/17/2019 05:27:17.661000,3.6
12/17/2019 05:29:17.921000,4.6
12/17/2019 05:31:17.678000,4.58
12/17/2019 05:33:18.101000,4.39
12/17/2019 05:35:17.674000,4.15
12/17/2019 05:37:17.988000,4.6
12/17/2019 05:39:17.926000,3.3
12/17/2019 05:41:17.686000,3.75
12/17/2019 05:43:18.123000,3.6
12/17/2019 05:45:17.675000,4.53
12/17/2019 05:47:17.941000,3.96
12/17/2019 05:49:17.945000,3.51
12/17/2019 05:51:17.661000,2.96
12/17/2019 05:53:17.957000,2.1
12/17/2019 05:55:18.075000,2.49
12/17/2019 05:57:18.102000,3.01
12/17/2019 05:59:17.963000,2.32
12/17/2019 06:01:17.983000,2.07
12/17/2019 06:03:17.663000,2.43
12/17/2019 06:05:18.059000,1.86
12/17/2019 06:07:18.178000,2.09
12/17/2019 06:09:17.978000,2.31
12/17/2019 06:11:17.662000,2.15
12/17/2019 06:13:17.752000,2.38
12/17/2019 06:15:18.013000,1.33
12/17/2019 06:17:18.244000,2.28
12/17/2019 06:19:17.993000,1.05
12/17/2019 06:21:17.980000,1.35
12/17/2019 06:23:18.008000,1.04
12/17/2019 06:25:17.747000,1.16
12/17/2019 06:27:18.072000,1.18
12/17/2019 06:29:17.974000,1.64
12/17/2019 06:31:17.750000,1.28
12/17/2019 06:33:18.227000,1.13
12/17/2019 06:35:17.976000,1.0
12/17/2019 06:37:18.080000,0.47
12/17/2019 06:39:18.091000,1.07
12/17/2019 06:41:18.093000,0.91
12/17/2019 06:43:17.894000,1.61
12/17/2019 06:45:18.006000,1.12
12/17/2019 06:47:18.107000,1.44
12/17/2019 06:49:17.853000,0.69
12/17/2019 06:51:17.999000,1.32
12/17/2019 06:53:18.010000,1.11
12/17/2019 06:55:18.371000,0.73
12/17/2019 06:57:17.637000,0.78
12/17/2019 06:59:17.684000,0.93
12/17/2019 07:01:18.056000,0.97
12/17/2019 07:03:18.102000,1.03
12/17/2019 07:05:17.975000,1.11
12/17/2019 07:07:17.666000,1.06
12/17/2019 07:09:18.099000,0.79
12/17/2019 07:11:17.893000,1.0
12/17/2019 07:13:18.031000,1.03
12/17/2019 07:15:18.083000,1.29
12/17/2019 07:17:17.967000,0.99
12/17/2019 07:19:17.866000,1.76
12/17/2019 07:21:17.654000,1.14
12/17/2019 07:23:18.105000,1.06
12/17/2019 07:25:18.096000,1.07
12/17/2019 07:27:17.883000,0.94
12/17/2019 07:29:17.889000,1.16
12/17/2019 07:31:17.886000,1.11
12/17/2019 07:33:17.857000,0.91
12/17/2019 07:35:17.859000,1.18
12/17/2019 07:37:18.143000,0.83
12/17/2019 07:39:17.878000,0.77
12/17/2019 07:41:17.663000,1.21
12/17/2019 07:43:17.981000,1.26
12/17/2019 07:45:18.008000,1.07
12/17/2019 07:47:17.964000,1.01
12/17/2019 07:49:18.045000,0.73
12/17/2019 07:51:18.025000,1.25
12/17/2019 07:53:17.881000,1.09
12/17/2019 07:55:18.153000,1.04
12/17/2019 07:57:17.638000,0.89
12/17/2019 07:59:17.958000,1.09
12/17/2019 08:01:18.032000,1.24
12/17/2019 08:03:18.042000,0.86
12/17/2019 08:05:17.958000,0.94
12/17/2019 08:07:17.987000,0.87
12/17/2019 08:09:17.653000,0.74
12/17/2019 08:11:17.861000,1.16
12/17/2019 08:13:17.990000,0.87
12/17/2019 08:15:17.708000,0.77
12/17/2019 08:17:17.891000,0.94
12/17/2019 08:19:18.015000,0.93
12/17/2019 08:21:18.337000,0.86
12/17/2019 08:23:17.653000,1.15
12/17/2019 08:25:17.862000,1.8
12/17/2019 08:27:17.656000,1.73
12/17/2019 08:29:17.864000,1.79
12/17/2019 08:31:18.072000,1.2
12/17/2019 08:33:17.974000,2.09
12/17/2019 08:35:18.044000,0.82
12/17/2019 08:37:17.996000,1.54
12/17/2019 08:39:18.045000,1.45
12/17/2019 08:41:17.647000,1.35
12/17/2019 08:43:17.970000,1.0
12/17/2019 08:45:17.868000,1.83
12/17/2019 08:47:17.881000,1.49
12/17/2019 08:49:17.665000,1.94
12/17/2019 08:51:17.882000,1.39
12/17/2019 08:53:17.975000,1.4
12/17/2019 08:55:18.955000,1.28
12/17/2019 08:57:17.881000,1.15
12/17/2019 08:59:17.978000,1.76
12/17/2019 09:01:18.098000,1.32
12/17/2019 09:03:18.094000,1.27
12/17/2019 09:05:17.946000,0.8
12/17/2019 09:07:18.028000,0.87
12/17/2019 09:09:17.962000,1.6
12/17/2019 09:47:19.115000,0.55
12/17/2019 09:49:19.434000,0.5
12/17/2019 09:51:19.209000,0.41
12/17/2019 09:53:19.234000,0.64
12/17/2019 09:55:19.277000,0.31
12/17/2019 09:57:19.205000,0.48
12/17/2019 09:59:19.228000,0.48
12/17/2019 10:01:19.106000,0.07
12/17/2019 10:03:19.345000,0.12
12/17/2019 10:05:19.406000,0.31
12/17/2019 10:07:19.280000,0.31
12/17/2019 10:09:19.269000,0.16
12/17/2019 10:11:19.305000,0.0
12/17/2019 10:13:19.386000,0.45
12/17/2019 10:15:19.355000,0.44
12/17/2019 10:17:18.868000,0.17
12/17/2019 10:19:19.158000,0.0
12/17/2019 10:21:18.868000,0.4
12/17/2019 10:23:18.949000,0.13
12/17/2019 10:25:19.246000,0.07
12/17/2019 10:27:19.292000,0.09
12/17/2019 10:29:18.871000,0.35
12/17/2019 10:31:19.112000,0.09
12/17/2019 10:33:18.891000,0.35
12/17/2019 10:35:18.946000,0.82
12/17/2019 10:37:18.890000,0.01
12/17/2019 10:39:19.326000,0.3
12/17/2019 10:41:19.122000,0.39
12/17/2019 10:43:19.351000,0.49
12/17/2019 10:45:19.207000,0.19
12/17/2019 10:47:20.117000,0.23
12/17/2019 10:49:18.880000,0.0
12/17/2019 10:51:19.295000,0.13
12/17/2019 10:53:19.216000,0.03
12/17/2019 10:55:19.346000,0.18
12/17/2019 10:57:18.951000,0.5
12/17/2019 10:59:19.235000,0.17
12/17/2019 11:01:19.124000,0.0
12/17/2019 11:03:19.223000,0.22
12/17/2019 11:05:19.183000,0.23
12/17/2019 11:07:19.098000,0.17
12/17/2019 11:09:19.105000,0.1
12/17/2019 11:11:19.267000,0.0
12/17/2019 11:13:19.095000,0.0
12/17/2019 11:15:19.110000,0.04
12/17/2019 11:17:19.083000,0.4
12/17/2019 11:19:19.237000,0.18
12/17/2019 11:21:18.871000,0.18
12/17/2019 11:23:19.201000,0.28
12/17/2019 11:25:18.884000,0.03
12/17/2019 11:27:19.231000,0.0
12/17/2019 11:29:18.887000,0.42
12/17/2019 11:31:19.312000,0.21
12/17/2019 11:33:19.194000,0.04
12/17/2019 11:35:19.391000,0.19
12/17/2019 11:37:19.089000,0.0
12/17/2019 11:39:19.256000,0.0
12/17/2019 11:41:19.160000,0.0
12/17/2019 11:43:18.875000,0.34
12/17/2019 11:45:18.861000,0.0
12/17/2019 11:47:19.547000,0.0
12/17/2019 11:49:19.170000,0.22
12/17/2019 11:51:18.890000,0.0
12/17/2019 11:53:18.878000,0.22
12/17/2019 11:55:18.895000,0.04
12/17/2019 11:57:19.250000,0.29
12/17/2019 11:59:19.271000,0.16
12/17/2019 12:01:19.220000,0.3
12/17/2019 12:03:19.210000,0.04
12/17/2019 12:05:19.260000,0.0
12/17/2019 12:07:19.340000,0.0
12/17/2019 12:09:19.236000,0.06
12/17/2019 12:11:19.243000,0.46
12/17/2019 12:13:19.199000,0.23
12/17/2019 12:15:19.177000,0.19
12/17/2019 12:17:19.251000,0.09
12/17/2019 12:19:19.084000,0.63
12/17/2019 12:21:19.286000,0.0
12/17/2019 12:23:18.900000,0.0
12/17/2019 12:25:19.297000,0.0
12/17/2019 12:27:19.337000,0.25
12/17/2019 12:29:19.200000,0.04
12/17/2019 12:31:19.082000,0.16
12/17/2019 12:33:19.181000,0.35
12/17/2019 12:35:19.256000,0.07
12/17/2019 12:37:19.067000,0.13
12/17/2019 12:39:19.253000,0.04
12/17/2019 12:41:19.248000,0.01
12/17/2019 12:43:19.217000,0.0
12/17/2019 12:45:18.845000,0.07
12/17/2019 12:47:19.597000,0.31
12/17/2019 12:49:19.272000,0.1
12/17/2019 12:51:19.083000,0.17
12/17/2019 12:53:18.870000,0.26
12/17/2019 12:55:19.202000,0.03
12/17/2019 12:57:19.281000,0.29
12/17/2019 12:59:19.188000,0.0
12/17/2019 13:01:19.260000,0.22
12/17/2019 13:03:19.340000,0.0
12/17/2019 13:05:19.234000,0.0
12/17/2019 13:07:19.169000,0.0
12/17/2019 13:09:18.852000,0.13
12/17/2019 13:11:19.167000,0.07
12/17/2019 13:13:19.244000,0.18
12/17/2019 13:15:19.074000,0.21
12/17/2019 13:17:19.632000,0.0
12/17/2019 13:19:18.831000,0.4
12/17/2019 13:21:19.253000,0.57
12/17/2019 13:23:19.262000,0.03
12/17/2019 13:25:18.826000,0.06
12/17/2019 13:27:19.262000,0.21
12/17/2019 13:29:19.157000,0.48
12/17/2019 13:31:19.172000,0.59
12/17/2019 13:33:19.218000,0.08
12/17/2019 13:35:19.361000,1.04
12/17/2019 13:37:19.247000,0.03
12/17/2019 13:39:19.213000,0.67
12/17/2019 13:41:18.866000,1.24
12/17/2019 13:43:19.241000,1.03
12/17/2019 13:45:19.301000,0.78
12/17/2019 13:47:19.427000,0.72
12/17/2019 13:49:18.868000,0.43
12/17/2019 13:51:19.060000,0.3
12/17/2019 13:53:19.217000,0.22
12/17/2019 13:55:19.309000,0.13
12/17/2019 13:57:19.226000,0.0
12/17/2019 13:59:19.099000,0.32
12/17/2019 14:01:18.834000,0.0
12/17/2019 14:03:19.167000,0.09
12/17/2019 14:05:19.141000,0.01
12/17/2019 14:07:19.052000,0.24
12/17/2019 14:09:19.259000,0.27
12/17/2019 14:11:19.306000,0.84
12/17/2019 14:13:19.176000,0.59
12/17/2019 14:15:19.167000,0.4
12/17/2019 14:17:19.392000,0.13
12/17/2019 14:19:19.279000,0.31
12/17/2019 14:21:19.266000,0.34
12/17/2019 14:23:18.871000,0.75
12/17/2019 14:25:18.853000,2.09
12/17/2019 14:27:19.247000,1.43
12/17/2019 14:29:19.253000,0.81
12/17/2019 14:31:19.171000,1.84
12/17/2019 14:33:19.058000,2.51
12/17/2019 14:35:19.258000,1.34
12/17/2019 14:37:18.845000,0.13
12/17/2019 14:39:19.043000,0.14
12/17/2019 14:41:19.237000,0.06
12/17/2019 14:43:19.059000,0.0
12/17/2019 14:45:19.159000,0.0
12/17/2019 14:47:19.242000,0.0
12/17/2019 14:49:19.236000,0.0
12/17/2019 14:51:19.280000,0.0
12/17/2019 14:53:19.258000,0.0
12/17/2019 14:55:18.839000,0.0
12/17/2019 14:57:19.158000,0.6
12/17/2019 14:59:19.235000,0.84
12/17/2019 15:01:19.241000,1.21
12/17/2019 15:03:19.152000,1.04
12/17/2019 15:05:19.314000,1.42
12/17/2019 15:07:19.234000,1.26
12/17/2019 15:09:19.181000,1.14
12/17/2019 15:11:18.835000,1.46
12/17/2019 15:13:19.227000,1.12
12/17/2019 15:15:19.072000,2.07
12/17/2019 15:17:19.161000,1.42
12/17/2019 15:19:19.251000,2.34
12/17/2019 15:21:19.054000,3.2
12/17/2019 15:23:19.305000,3.46
12/17/2019 15:25:19.179000,2.71
12/17/2019 15:27:19.070000,3.09
12/17/2019 15:29:19.239000,4.07
12/17/2019 15:31:19.317000,3.77
12/17/2019 15:33:19.262000,3.24
12/17/2019 15:35:19.052000,3.31
12/17/2019 15:37:18.840000,2.42
12/17/2019 15:39:18.821000,2.77
12/17/2019 15:41:18.849000,2.87
12/17/2019 15:43:19.051000,4.1
12/17/2019 15:45:19.229000,4.18
12/17/2019 15:47:19.555000,3.54
12/17/2019 15:49:19.275000,2.0
12/17/2019 15:51:19.347000,1.12
12/17/2019 15:53:19.176000,0.79
12/17/2019 15:55:19.145000,0.74
12/17/2019 15:57:19.185000,0.62
12/17/2019 15:59:19.148000,0.57
12/17/2019 16:01:19.151000,0.69
12/17/2019 16:03:19.061000,1.26
12/17/2019 16:05:19.231000,1.04
12/17/2019 16:07:19.113000,2.22
12/17/2019 16:09:19.376000,2.0
12/17/2019 16:11:19.231000,1.43
12/17/2019 16:13:18.849000,1.9
12/17/2019 16:15:19.194000,1.55
12/17/2019 16:17:18.866000,1.62
12/17/2019 16:19:19.049000,1.82
12/17/2019 16:21:19.146000,1.04
12/17/2019 16:23:19.172000,0.76
12/17/2019 16:25:19.148000,1.19
12/17/2019 16:27:20.383000,0.93
12/17/2019 16:29:19.292000,1.07
12/17/2019 16:31:18.840000,0.61
12/17/2019 16:33:19.245000,0.41
12/17/2019 16:35:19.114000,0.54
12/17/2019 16:37:19.265000,1.06
12/17/2019 16:39:19.351000,0.35
12/17/2019 16:41:19.060000,0.36
12/17/2019 16:43:19.302000,0.0
12/17/2019 16:45:18.809000,0.06
12/17/2019 16:47:19.259000,0.31
12/17/2019 16:49:19.180000,0.26
12/17/2019 16:51:19.132000,0.37
12/17/2019 16:53:19.196000,0.9
12/17/2019 16:55:19.149000,0.67
12/17/2019 16:57:19.166000,0.77
12/17/2019 16:59:19.239000,1.1
12/17/2019 17:01:19.133000,1.36
12/17/2019 17:03:19.256000,1.41
12/17/2019 17:05:19.150000,0.97
12/17/2019 17:07:19.055000,1.14
12/17/2019 17:09:19.163000,1.15
12/17/2019 17:11:19.271000,1.13
12/17/2019 17:13:19.204000,1.3
12/17/2019 17:15:19.150000,1.82
12/17/2019 17:17:19.234000,1.66
12/17/2019 17:19:19.257000,1.35
12/17/2019 17:21:19.132000,1.97
12/17/2019 17:23:18.836000,2.09
12/17/2019 17:25:19.118000,1.85
12/17/2019 17:27:19.282000,1.9
12/17/2019 17:29:19.188000,1.71
12/17/2019 17:31:18.815000,1.68
12/17/2019 17:33:19.203000,1.42
12/17/2019 17:35:19.280000,1.31
12/17/2019 17:37:19.153000,1.32
12/17/2019 17:39:19.228000,1.72
12/17/2019 17:41:19.170000,1.28
12/17/2019 17:43:19.128000,1.65
12/17/2019 17:45:18.843000,1.57
12/17/2019 17:47:19.211000,1.8
12/17/2019 17:49:19.065000,2.34
12/17/2019 17:51:18.851000,1.54
12/17/2019 17:53:19.157000,1.58
12/17/2019 17:55:19.053000,1.42
12/17/2019 17:57:19.311000,1.94
12/17/2019 17:59:19.062000,1.01
12/17/2019 18:01:19.037000,1.06
12/17/2019 18:03:19.081000,0.96
12/17/2019 18:05:19.033000,1.52
12/17/2019 18:07:19.290000,1.55
12/17/2019 18:09:19.297000,1.96
12/17/2019 18:11:19.069000,2.3
12/17/2019 18:13:19.177000,2.04
12/17/2019 18:15:19.105000,2.35
12/17/2019 18:17:19.255000,1.84
12/17/2019 18:19:18.817000,1.38
12/17/2019 18:21:18.813000,1.33
12/17/2019 18:23:19.344000,1.44
12/17/2019 18:25:18.816000,1.38
12/17/2019 18:27:19.183000,1.46
12/17/2019 18:29:18.816000,1.67
12/17/2019 18:31:18.827000,1.19
12/17/2019 18:33:19.160000,1.75
12/17/2019 18:35:18.815000,1.41
12/17/2019 18:37:19.139000,1.47
12/17/2019 18:39:19.144000,1.99
12/17/2019 18:41:19.227000,1.5
12/17/2019 18:43:19.043000,1.25
12/17/2019 18:45:19.301000,0.96
12/17/2019 18:47:19.485000,0.99
12/17/2019 18:49:18.820000,1.19
12/17/2019 18:51:19.194000,1.16
12/17/2019 18:53:19.206000,1.33
12/17/2019 18:55:19.150000,1.82
12/17/2019 18:57:19.047000,1.64
12/17/2019 18:59:18.830000,1.66
12/17/2019 19:01:19.155000,1.94
12/17/2019 19:03:19.224000,1.84
12/17/2019 19:05:19.350000,2.04
12/17/2019 19:07:19.087000,2.3
12/17/2019 19:09:19.044000,1.66
12/17/2019 19:11:18.801000,2.56
12/17/2019 19:13:19.218000,2.04
12/17/2019 19:15:18.813000,2.33
12/17/2019 19:17:19.064000,2.42
12/17/2019 19:19:19.152000,2.22
12/17/2019 19:21:19.150000,2.34
12/17/2019 19:23:19.198000,2.77
12/17/2019 19:25:19.150000,2.14
12/17/2019 19:27:19.195000,2.18
12/17/2019 19:29:19.021000,2.68
12/17/2019 19:31:19.251000,2.21
12/17/2019 19:33:18.818000,2.36
12/17/2019 19:35:19.183000,3.29
12/17/2019 19:37:19.023000,2.63
12/17/2019 19:39:19.182000,3.01
12/17/2019 19:41:19.203000,3.47
12/17/2019 19:43:19.217000,3.38
12/17/2019 19:45:19.175000,3.89
12/17/2019 19:47:19.502000,3.37
12/17/2019 19:49:19.051000,3.81
12/17/2019 19:51:19.126000,5.58
12/17/2019 19:53:19.265000,5.79
12/17/2019 19:55:18.815000,8.3
12/17/2019 19:57:19.154000,10.87
12/17/2019 19:59:19.311000,17.82
12/17/2019 20:01:19.203000,28.48
12/17/2019 20:03:19.177000,39.56
12/17/2019 20:05:19.495000,42.99
12/17/2019 20:07:18.820000,45.0
12/17/2019 20:09:19.136000,39.63
12/17/2019 20:11:19.239000,40.21
12/17/2019 20:13:19.193000,35.61
12/17/2019 20:15:19.158000,32.67
12/17/2019 20:17:19.168000,21.13
12/17/2019 20:19:19.280000,19.65
12/17/2019 20:21:19.206000,20.69
12/17/2019 20:23:19.053000,17.55
12/17/2019 20:25:19.132000,11.9
12/17/2019 20:27:19.272000,8.94
12/17/2019 20:29:19.192000,8.57
12/17/2019 20:31:19.062000,7.66
12/17/2019 20:33:19.250000,7.0
12/17/2019 20:35:19.287000,8.15
12/17/2019 20:37:19.185000,7.68
12/17/2019 20:39:18.815000,5.96
12/17/2019 20:41:19.164000,6.42
12/17/2019 20:43:18.808000,5.52
12/17/2019 20:45:19.161000,6.79
12/17/2019 20:47:19.565000,5.29
12/17/2019 20:49:19.262000,4.75
12/17/2019 20:51:19.034000,5.46
12/17/2019 20:53:19.195000,5.34
12/17/2019 20:55:19.134000,5.39
12/17/2019 20:57:19.008000,4.41
12/17/2019 20:59:19.026000,5.79
12/17/2019 21:01:19.155000,5.35
12/17/2019 21:03:19.154000,4.84
12/17/2019 21:05:19.347000,4.96
12/17/2019 21:07:19.209000,5.29
12/17/2019 21:09:19.150000,5.35
12/17/2019 21:11:19.116000,6.09
12/17/2019 21:13:19.140000,4.77
12/17/2019 21:15:19.288000,5.04
12/17/2019 21:17:19.076000,5.13
12/17/2019 21:19:18.842000,4.52
12/17/2019 21:21:19.158000,4.33
12/17/2019 21:23:19.127000,4.6
12/17/2019 21:25:19.235000,5.38
12/17/2019 21:27:19.956000,5.08
12/17/2019 21:29:19.212000,4.96
12/17/2019 21:31:19.908000,4.64
12/17/2019 21:33:19.266000,5.63
12/17/2019 21:35:19.268000,5.1
12/17/2019 21:37:19.258000,4.63
12/17/2019 21:39:19.139000,6.16
12/17/2019 21:41:19.344000,4.85
12/17/2019 21:43:19.201000,5.14
12/17/2019 21:45:19.137000,4.81
12/17/2019 21:47:19.548000,5.35
12/17/2019 21:49:19.018000,5.9
12/17/2019 21:51:19.054000,6.01
12/17/2019 21:53:18.831000,5.54
12/17/2019 21:55:18.802000,5.79
12/17/2019 21:57:19.241000,5.52
12/17/2019 21:59:19.127000,6.94
12/17/2019 22:01:19.052000,5.87
12/17/2019 22:03:18.791000,5.06
12/17/2019 22:05:19.055000,5.58
12/17/2019 22:07:18.847000,4.96
12/17/2019 22:09:19.197000,5.16
12/17/2019 22:11:19.270000,5.11
12/17/2019 22:13:19.023000,4.58
12/17/2019 22:15:18.817000,4.9
12/17/2019 22:17:19.300000,4.35
12/17/2019 22:19:18.805000,5.9
12/17/2019 22:21:19.156000,4.25
12/17/2019 22:23:19.215000,4.91
12/17/2019 22:25:19.053000,5.58
12/17/2019 22:27:19.038000,5.11
12/17/2019 22:29:19.119000,4.34
12/17/2019 22:31:19.166000,4.59
12/17/2019 22:33:18.889000,5.16
12/17/2019 22:35:19.242000,5.99
12/17/2019 22:37:19.224000,3.92
12/17/2019 22:39:19.137000,3.87
12/17/2019 22:41:19.208000,4.94
12/17/2019 22:43:19.227000,4.99
12/17/2019 22:45:19.126000,4.96
12/17/2019 22:47:19.486000,4.34
12/17/2019 22:49:19.076000,5.46
12/17/2019 22:51:18.794000,4.8
12/17/2019 22:53:19.042000,5.04
12/17/2019 22:55:18.846000,4.15
12/17/2019 22:57:19.239000,4.82
12/17/2019 22:59:19.185000,5.59
12/17/2019 23:01:18.792000,4.84
12/17/2019 23:03:18.848000,4.79
12/17/2019 23:05:19.317000,6.19
12/17/2019 23:07:19.227000,5.42
12/17/2019 23:09:19.199000,5.7
12/17/2019 23:11:19.126000,6.13
12/17/2019 23:13:18.796000,6.09
12/17/2019 23:15:18.792000,6.4
12/17/2019 23:17:19.250000,5.04
12/17/2019 23:19:19.156000,6.72
12/17/2019 23:21:18.825000,6.54
12/17/2019 23:23:19.018000,5.87
12/17/2019 23:25:19.141000,5.47
12/17/2019 23:27:19.158000,5.07
12/17/2019 23:29:19.205000,7.2
12/17/2019 23:31:19.290000,8.49
12/17/2019 23:33:18.835000,8.18
12/17/2019 23:35:19.034000,7.96
12/17/2019 23:37:19.018000,8.01
12/17/2019 23:39:19.149000,9.06
12/17/2019 23:41:19.141000,11.13
12/17/2019 23:43:19.018000,9.94
12/17/2019 23:45:18.848000,9.2
12/17/2019 23:47:19.644000,7.7
12/17/2019 23:49:21.928000,7.19
12/17/2019 23:51:18.807000,11.25
12/17/2019 23:53:19.148000,12.52
12/17/2019 23:55:19.019000,11.62
12/17/2019 23:57:19.180000,11.9
12/17/2019 23:59:19.165000,10.42
12/18/2019 00:01:19.246000,10.71
12/18/2019 00:03:19.090000,10.86
12/18/2019 00:05:19.022000,9.31
12/18/2019 00:07:18.951000,8.56
12/18/2019 00:09:19.166000,8.43
12/18/2019 00:11:19.161000,8.54
12/18/2019 00:13:19.102000,8.03
12/18/2019 00:15:19.187000,8.87
12/18/2019 00:17:19.139000,8.92
12/18/2019 00:19:19.074000,9.14
12/18/2019 00:21:19.297000,8.19
12/18/2019 00:23:19.248000,7.35
12/18/2019 00:25:19.022000,8.37
12/18/2019 00:27:19.207000,8.59
12/18/2019 00:29:20.309000,8.71
12/18/2019 00:31:19.218000,9.55
12/18/2019 00:33:19.035000,9.64
12/18/2019 00:35:19.051000,9.31
12/18/2019 00:37:19.265000,9.78
12/18/2019 00:39:18.800000,8.7
12/18/2019 00:41:19.036000,9.46
12/18/2019 00:43:19.014000,9.28
12/18/2019 00:45:19.142000,8.83
12/18/2019 00:47:19.429000,7.94
12/18/2019 00:49:18.819000,9.77
12/18/2019 00:51:19.013000,10.17
12/18/2019 00:53:19.140000,9.34
12/18/2019 00:55:19.138000,7.86
12/18/2019 00:57:19.249000,8.66
12/18/2019 00:59:19.147000,9.27
12/18/2019 01:01:19.151000,8.57
12/18/2019 01:03:19.044000,8.47
12/18/2019 01:05:19.109000,8.18
12/18/2019 01:07:19.192000,9.14
12/18/2019 01:09:19.293000,8.77
12/18/2019 01:11:19.137000,9.32
12/18/2019 01:13:18.806000,9.62
12/18/2019 01:15:19.211000,10.62
12/18/2019 01:17:18.809000,9.65
12/18/2019 01:19:20.265000,9.61
12/18/2019 01:21:19.007000,10.82
12/18/2019 01:23:19.243000,11.1
12/18/2019 01:25:19.022000,9.29
12/18/2019 01:27:19.259000,9.83
12/18/2019 01:29:19.275000,9.69
12/18/2019 01:31:19.213000,9.81
12/18/2019 01:33:19.172000,10.25
12/18/2019 01:35:18.785000,9.52
12/18/2019 01:37:18.833000,9.36
12/18/2019 01:39:18.789000,9.78
12/18/2019 01:41:19.361000,8.83
12/18/2019 01:43:19.211000,8.74
12/18/2019 01:45:19.262000,11.42
12/18/2019 01:47:19.651000,11.14
12/18/2019 01:49:19.186000,9.27
12/18/2019 01:51:19.186000,8.66
12/18/2019 01:53:19.045000,10.21
12/18/2019 01:55:19.249000,9.5
12/18/2019 01:57:19.014000,9.47
12/18/2019 02:01:19.277000,9.43
12/18/2019 02:03:18.779000,11.57
12/18/2019 02:05:19.144000,11.09
12/18/2019 02:07:19.253000,9.75
12/18/2019 02:09:18.811000,10.78
12/18/2019 02:11:18.777000,11.52
12/18/2019 02:13:18.786000,10.88
12/18/2019 02:15:19.210000,10.39
12/18/2019 02:17:18.772000,11.44
12/18/2019 02:19:19.178000,10.47
12/18/2019 02:21:19.230000,9.53
12/18/2019 02:23:19.252000,10.33
12/18/2019 02:25:18.841000,10.0
12/18/2019 02:27:19.046000,10.0
12/18/2019 02:29:19.137000,9.71
12/18/2019 02:31:19.183000,9.87
12/18/2019 02:33:19.117000,9.44
12/18/2019 02:35:19.243000,10.32
12/18/2019 02:37:19.203000,9.1
12/18/2019 02:39:19.278000,9.54
12/18/2019 02:41:19.185000,9.96
12/18/2019 02:43:18.810000,9.42
12/18/2019 02:45:19.189000,9.12
12/18/2019 02:47:19.563000,9.15
12/18/2019 02:49:19.229000,8.96
12/18/2019 02:51:19.175000,9.19
12/18/2019 02:53:19.247000,10.04
12/18/2019 02:55:18.769000,9.07
12/18/2019 02:57:18.808000,9.13
12/18/2019 02:59:19.346000,9.13
12/18/2019 03:01:18.801000,7.91
12/18/2019 03:03:19.147000,8.49
12/18/2019 03:05:19.038000,8.16
12/18/2019 03:07:19.005000,8.13
12/18/2019 03:09:19.137000,7.52
12/18/2019 03:11:19.038000,8.56
12/18/2019 03:13:19.157000,7.96
12/18/2019 03:15:19.148000,9.25
12/18/2019 03:17:19.107000,9.57
12/18/2019 03:19:19.103000,9.52
12/18/2019 03:21:18.836000,9.8
12/18/2019 03:23:19.125000,8.33
12/18/2019 03:25:19.040000,9.54
12/18/2019 03:27:19.148000,8.6
12/18/2019 03:29:19.013000,5.61
12/18/2019 03:31:19.020000,5.6
12/18/2019 03:33:18.798000,5.75
12/18/2019 03:35:19.174000,6.54
12/18/2019 03:37:18.781000,5.44
12/18/2019 03:39:19.132000,6.74
12/18/2019 03:41:19.232000,5.8
12/18/2019 03:43:19.190000,5.04
12/18/2019 03:45:18.801000,5.26
12/18/2019 03:47:19.546000,5.49
12/18/2019 03:49:18.990000,6.07
12/18/2019 03:51:19.193000,8.01
12/18/2019 03:53:19.112000,7.75
12/18/2019 03:55:19.123000,8.4
12/18/2019 03:57:19.113000,8.59
12/18/2019 03:59:19.233000,8.61
12/18/2019 04:01:19.119000,11.32
12/18/2019 04:03:19.115000,10.56
12/18/2019 04:05:19.084000,8.49
12/18/2019 04:07:19.251000,8.78
12/18/2019 04:09:19.046000,11.06
12/18/2019 04:11:19.310000,9.06
12/18/2019 04:13:18.779000,10.5
12/18/2019 04:15:18.795000,10.73
12/18/2019 04:17:19.001000,9.9
12/18/2019 04:19:18.985000,10.03
12/18/2019 04:21:19.112000,10.03
12/18/2019 04:23:18.993000,8.34
12/18/2019 04:25:19.153000,8.42
12/18/2019 04:27:19.084000,9.16
12/18/2019 04:29:19.042000,7.25
12/18/2019 04:31:19.031000,8.13
12/18/2019 04:33:19.204000,7.84
12/18/2019 04:35:18.965000,10.81
12/18/2019 04:37:18.768000,10.93
12/18/2019 04:39:19.159000,10.71
12/18/2019 04:41:19.160000,10.32
12/18/2019 04:43:19.274000,11.94
12/18/2019 04:45:19.112000,8.6
12/18/2019 04:47:20.144000,9.88
12/18/2019 04:49:19.347000,8.15
12/18/2019 04:51:19.083000,9.0
12/18/2019 04:53:19.193000,8.04
12/18/2019 04:55:19.146000,8.57
12/18/2019 04:57:19.085000,9.78
12/18/2019 04:59:18.775000,8.62
12/18/2019 05:01:18.771000,8.6
12/18/2019 05:03:18.785000,7.46
12/18/2019 05:05:18.983000,7.14
12/18/2019 05:07:19.045000,6.96
12/18/2019 05:11:19.355000,7.88
12/18/2019 05:13:19.017000,8.46
12/18/2019 05:15:19.020000,10.43
12/18/2019 05:17:18.996000,10.03
12/18/2019 05:19:19.248000,9.2
12/18/2019 05:21:18.766000,9.29
12/18/2019 05:23:19.126000,10.36
12/18/2019 05:25:19.162000,8.46
12/18/2019 05:27:18.772000,7.49
12/18/2019 05:29:19.089000,7.27
12/18/2019 05:31:19.057000,5.96
12/18/2019 05:33:18.805000,6.22
12/18/2019 05:35:18.772000,6.8
12/18/2019 05:37:19.193000,5.52
12/18/2019 05:39:19.324000,5.65
12/18/2019 05:41:19.204000,5.48
12/18/2019 05:43:18.772000,4.22
12/18/2019 05:45:19.106000,4.44
12/18/2019 05:47:19.186000,2.79
12/18/2019 05:49:19.189000,3.65
12/18/2019 05:51:19.129000,4.26
12/18/2019 05:53:18.770000,3.76
12/18/2019 05:55:18.779000,1.57
12/18/2019 05:57:19.107000,1.31
12/18/2019 05:59:19.189000,1.55
12/18/2019 06:01:19.006000,1.6
12/18/2019 06:03:19.282000,1.48
12/18/2019 06:05:19.073000,1.57
12/18/2019 06:07:18.985000,2.11
12/18/2019 06:11:18.968000,0.85
12/18/2019 06:13:18.791000,1.43
12/18/2019 06:15:19.028000,1.28
12/18/2019 06:17:18.780000,1.25
12/18/2019 06:19:18.744000,1.25
12/18/2019 06:21:18.977000,1.34
12/18/2019 06:23:19.251000,1.51
12/18/2019 06:25:18.990000,1.52
12/18/2019 06:27:19.152000,1.49
12/18/2019 06:29:19.067000,0.86
12/18/2019 06:31:19.004000,1.29
12/18/2019 06:33:19.131000,1.39
12/18/2019 06:35:19.145000,1.5
12/18/2019 06:37:19.119000,1.68
12/18/2019 06:39:18.762000,1.29
12/18/2019 06:41:19.213000,1.93
12/18/2019 06:43:18.960000,1.83
12/18/2019 06:45:19.100000,1.94
12/18/2019 06:47:19.428000,2.57
12/18/2019 06:49:19.087000,2.32
12/18/2019 06:51:18.748000,2.76
12/18/2019 06:53:19.206000,2.34
12/18/2019 06:55:19.120000,3.6
12/18/2019 06:57:19.255000,4.49
12/18/2019 06:59:19.163000,5.21
12/18/2019 07:01:18.967000,4.69
12/18/2019 07:03:19.150000,6.74
12/18/2019 07:05:18.825000,6.9
12/18/2019 07:07:19.063000,5.38
12/18/2019 07:09:19.283000,4.57
12/18/2019 07:11:19.090000,6.01
12/18/2019 07:13:18.755000,6.48
12/18/2019 07:15:19.088000,6.38
12/18/2019 07:17:19.187000,6.85
12/18/2019 07:19:18.756000,6.5
12/18/2019 07:21:19.147000,6.71
12/18/2019 07:23:19.134000,6.03
12/18/2019 07:25:19.072000,5.91
12/18/2019 07:27:18.756000,5.28
12/18/2019 07:29:19.060000,5.58
12/18/2019 07:31:18.969000,5.9
12/18/2019 07:33:19.089000,6.34
12/18/2019 07:35:19.146000,6.1
12/18/2019 07:37:19.280000,7.04
12/18/2019 07:39:18.738000,6.83
12/18/2019 07:41:19.091000,6.57
12/18/2019 07:43:18.726000,6.54
12/18/2019 07:45:19.144000,6.25
12/18/2019 07:47:19.360000,6.57
12/18/2019 07:49:19.192000,7.37
12/18/2019 07:51:19.061000,8.82
12/18/2019 07:53:19.165000,9.43
12/18/2019 07:55:18.767000,13.25
12/18/2019 07:57:19.141000,20.89
12/18/2019 07:59:19.119000,16.76
12/18/2019 08:01:19.132000,19.46
12/18/2019 08:03:19.224000,15.22
12/18/2019 08:05:19.112000,12.29
12/18/2019 08:07:19.153000,10.59
12/18/2019 08:09:19.347000,9.52
12/18/2019 08:11:19.178000,8.88
12/18/2019 08:13:19.218000,8.63
12/18/2019 08:15:19.204000,9.2
12/18/2019 08:17:18.724000,8.12
12/18/2019 08:19:18.747000,7.07
12/18/2019 08:21:19.144000,8.65
12/18/2019 08:23:19.071000,8.03
12/18/2019 08:25:18.995000,8.46
12/18/2019 08:27:19.086000,8.73
12/18/2019 08:29:18.814000,10.19
12/18/2019 08:31:19.130000,10.43
12/18/2019 08:33:18.965000,6.01
12/18/2019 08:35:19.141000,4.85
12/18/2019 08:37:19.116000,5.35
12/18/2019 08:39:19.148000,4.66
12/18/2019 08:41:19.125000,3.83
12/18/2019 08:43:18.760000,4.0
12/18/2019 08:45:18.954000,3.71
12/18/2019 08:47:19.358000,3.26
12/18/2019 08:49:19.197000,4.2
12/18/2019 08:51:19.118000,4.29
12/18/2019 08:53:19.209000,3.59
12/18/2019 08:55:19.214000,4.51
12/18/2019 08:57:18.789000,4.45
12/18/2019 08:59:19.075000,4.1
12/18/2019 09:01:19.149000,3.94
12/18/2019 09:03:19.066000,3.71
12/18/2019 09:05:19.057000,4.3
12/18/2019 09:07:18.761000,3.37
12/18/2019 09:43:20.861000,3.25
12/18/2019 09:45:21.074000,5.35
12/18/2019 09:47:21.007000,5.26
12/18/2019 09:49:20.963000,5.34
12/18/2019 09:51:20.958000,5.28
12/18/2019 09:53:21.042000,2.69
12/18/2019 09:55:21.121000,5.0
12/18/2019 09:57:21.046000,5.41
12/18/2019 09:59:21.096000,6.0
12/18/2019 10:01:21.042000,2.58
12/18/2019 10:03:20.891000,0.59
12/18/2019 10:05:21.237000,0.44
12/18/2019 10:07:20.868000,0.58
12/18/2019 10:09:21.145000,0.72
12/18/2019 10:11:21.064000,0.99
12/18/2019 10:13:21.013000,0.91
12/18/2019 10:15:20.969000,1.03
12/18/2019 10:17:21.023000,0.86
12/18/2019 10:19:20.975000,0.99
12/18/2019 10:21:20.675000,1.04
12/18/2019 10:23:21.057000,1.53
12/18/2019 10:25:20.846000,1.09
12/18/2019 10:27:20.953000,1.43
12/18/2019 10:29:21.141000,1.79
12/18/2019 10:31:21.054000,1.93
12/18/2019 10:33:21.090000,2.04
12/18/2019 10:35:20.853000,3.74
12/18/2019 10:37:20.715000,2.43
12/18/2019 10:39:21.029000,6.31
12/18/2019 10:41:21.013000,6.45
12/18/2019 10:43:21.147000,3.35
12/18/2019 10:45:21.073000,4.6
12/18/2019 10:47:20.634000,4.42
12/18/2019 10:49:20.952000,2.07
12/18/2019 10:51:20.657000,2.32
12/18/2019 10:53:21.030000,3.43
12/18/2019 10:55:20.635000,2.4
12/18/2019 10:57:21.181000,1.84
12/18/2019 10:59:20.636000,1.2
12/18/2019 11:01:20.843000,1.67
12/18/2019 11:03:20.976000,0.96
12/18/2019 11:05:20.881000,1.0
12/18/2019 11:07:21.123000,1.5
12/18/2019 11:09:20.868000,1.96
12/18/2019 11:11:20.852000,1.52
12/18/2019 11:13:20.678000,1.17
12/18/2019 11:15:21.076000,1.26
12/18/2019 11:17:20.621000,1.29
12/18/2019 11:19:20.639000,0.0
12/18/2019 11:21:21.128000,0.03
12/18/2019 11:23:20.954000,0.22
12/18/2019 11:25:20.963000,0.06
12/18/2019 11:27:20.999000,0.0
12/18/2019 11:29:20.951000,0.0
12/18/2019 11:31:21.082000,0.07
12/18/2019 11:33:20.992000,0.18
12/18/2019 11:35:20.862000,0.0
12/18/2019 11:37:21.062000,0.0
12/18/2019 11:39:21.004000,0.0
12/18/2019 11:41:21.253000,0.0
12/18/2019 11:43:20.646000,0.0
12/18/2019 11:45:21.082000,0.0
12/18/2019 11:47:20.639000,0.0
12/18/2019 11:49:20.826000,0.0
12/18/2019 11:51:21.225000,0.0
12/18/2019 11:53:20.624000,0.0
12/18/2019 11:55:20.842000,0.0
12/18/2019 11:57:21.088000,0.0
12/18/2019 11:59:21.078000,0.0
12/18/2019 12:01:20.628000,0.0
12/18/2019 12:03:21.025000,0.0
12/18/2019 12:05:20.630000,0.0
12/18/2019 12:07:20.929000,0.0
12/18/2019 12:09:21.082000,0.0
12/18/2019 12:11:21.017000,0.0
12/18/2019 12:13:20.923000,0.0
12/18/2019 12:15:21.225000,0.0
12/18/2019 12:17:20.931000,0.0
12/18/2019 12:19:20.653000,0.0
12/18/2019 12:21:20.828000,0.0
12/18/2019 12:23:20.882000,0.0
12/18/2019 12:25:20.889000,0.0
12/18/2019 12:27:21.023000,0.0
12/18/2019 12:29:20.876000,0.0
12/18/2019 12:31:20.876000,0.21
12/18/2019 12:33:21.022000,0.0
12/18/2019 12:35:20.950000,0.0
12/18/2019 12:37:20.744000,0.0
12/18/2019 12:39:20.921000,0.0
12/18/2019 12:41:20.954000,0.0
12/18/2019 12:43:20.875000,0.0
12/18/2019 12:45:21.048000,0.0
12/18/2019 12:47:20.998000,0.0
12/18/2019 12:49:20.886000,0.0
12/18/2019 12:51:21.017000,0.0
12/18/2019 12:53:21.010000,0.18
12/18/2019 12:55:21.002000,0.29
12/18/2019 12:57:21.137000,0.0
12/18/2019 12:59:24.033000,0.26
12/18/2019 13:01:21.004000,0.0
12/18/2019 13:03:20.845000,0.18
12/18/2019 13:05:21.047000,0.0
12/18/2019 13:07:21.047000,0.04
12/18/2019 13:11:20.939000,0.0
12/18/2019 13:13:20.819000,0.67
12/18/2019 13:15:20.857000,0.11
12/18/2019 13:17:21.032000,0.42
12/18/2019 13:19:20.602000,0.0
12/18/2019 13:21:20.882000,0.0
12/18/2019 13:23:20.936000,0.17
12/18/2019 13:25:20.951000,0.0
12/18/2019 13:27:20.932000,0.04
12/18/2019 13:29:21.044000,1.2
12/18/2019 13:31:20.828000,1.53
12/18/2019 13:33:20.603000,0.16
12/18/2019 13:35:21.090000,0.05
12/18/2019 13:37:20.593000,0.0
12/18/2019 13:39:20.646000,0.29
12/18/2019 13:41:20.941000,0.16
12/18/2019 13:43:20.954000,0.21
12/18/2019 13:45:20.839000,0.58
12/18/2019 13:47:20.992000,0.5
12/18/2019 13:49:20.921000,0.0
12/18/2019 13:51:20.873000,0.0
12/18/2019 13:53:21.006000,0.16
12/18/2019 13:55:21.059000,0.26
12/18/2019 13:57:20.917000,0.82
12/18/2019 13:59:20.838000,0.58
12/18/2019 14:01:21.055000,0.24
12/18/2019 14:03:21.047000,0.0
12/18/2019 14:05:21.012000,0.52
12/18/2019 14:07:20.653000,0.81
12/18/2019 14:09:20.834000,0.78
12/18/2019 14:11:20.702000,0.22
12/18/2019 14:13:21.066000,0.41
12/18/2019 14:15:21.068000,0.84
12/18/2019 14:17:21.102000,1.32
12/18/2019 14:19:20.992000,1.0
12/18/2019 14:21:21.082000,1.13
12/18/2019 14:23:20.965000,0.63
12/18/2019 14:25:20.650000,0.96
12/18/2019 14:27:20.855000,0.39
12/18/2019 14:29:20.603000,0.65
12/18/2019 14:31:20.915000,0.17
12/18/2019 14:33:21.055000,0.81
12/18/2019 14:35:20.964000,0.57
12/18/2019 14:37:21.133000,0.65
12/18/2019 14:39:20.622000,3.19
12/18/2019 14:41:21.272000,0.85
12/18/2019 14:43:20.850000,1.09
12/18/2019 14:45:20.947000,0.9
12/18/2019 14:47:20.971000,1.13
12/18/2019 14:49:20.906000,3.37
12/18/2019 14:51:20.570000,2.12
12/18/2019 14:53:20.943000,3.62
12/18/2019 14:55:20.909000,3.73
12/18/2019 14:57:20.848000,4.11
12/18/2019 14:59:21.153000,3.72
12/18/2019 15:01:20.953000,2.72
12/18/2019 15:03:21.017000,3.01
12/18/2019 15:05:20.864000,1.51
12/18/2019 15:07:20.914000,1.81
12/18/2019 15:09:20.988000,1.88
12/18/2019 15:11:20.820000,1.57
12/18/2019 15:13:22.054000,1.59
12/18/2019 15:15:20.964000,1.78
12/18/2019 15:17:20.907000,1.31
12/18/2019 15:19:21.033000,0.99
12/18/2019 15:21:20.900000,1.23
12/18/2019 15:23:21.035000,1.26
12/18/2019 15:25:21.058000,2.01
12/18/2019 15:27:20.940000,2.12
12/18/2019 15:29:21.033000,1.28
12/18/2019 15:31:20.618000,1.27
12/18/2019 15:33:20.823000,2.16
12/18/2019 15:35:20.914000,2.03
12/18/2019 15:37:20.919000,1.56
12/18/2019 15:39:20.846000,1.52
12/18/2019 15:41:20.899000,1.16
12/18/2019 15:43:20.604000,1.33
12/18/2019 15:45:20.883000,1.53
12/18/2019 15:47:20.935000,1.88
12/18/2019 15:49:20.922000,2.74
12/18/2019 15:51:20.599000,2.48
12/18/2019 15:53:20.907000,3.59
12/18/2019 15:55:20.938000,4.03
12/18/2019 15:57:20.810000,3.2
12/18/2019 15:59:20.596000,3.71
12/18/2019 16:01:20.579000,5.44
12/18/2019 16:03:20.963000,3.71
12/18/2019 16:05:20.623000,4.41
12/18/2019 16:07:20.916000,4.22
12/18/2019 16:09:20.825000,3.0
12/18/2019 16:11:20.961000,2.07
12/18/2019 16:13:20.952000,2.13
12/18/2019 16:15:20.917000,1.96
12/18/2019 16:17:20.676000,0.68
12/18/2019 16:19:20.814000,0.3
12/18/2019 16:21:20.801000,0.97
12/18/2019 16:23:20.965000,0.69
12/18/2019 16:25:20.919000,0.45
12/18/2019 16:27:20.927000,0.44
12/18/2019 16:29:21.019000,0.0
12/18/2019 16:31:20.586000,0.0
12/18/2019 16:33:20.637000,0.0
12/18/2019 16:35:21.007000,0.0
12/18/2019 16:37:20.625000,0.0
12/18/2019 16:39:20.923000,0.0
12/18/2019 16:41:20.938000,0.0
12/18/2019 16:43:20.815000,0.0
12/18/2019 16:45:20.814000,0.0
12/18/2019 16:47:20.628000,0.0
12/18/2019 16:49:21.059000,0.0
12/18/2019 16:51:20.595000,0.0
12/18/2019 16:53:20.902000,0.0
12/18/2019 16:55:21.077000,0.0
12/18/2019 16:57:20.979000,0.0
12/18/2019 16:59:20.958000,0.0
12/18/2019 17:01:20.810000,0.25
12/18/2019 17:03:20.971000,0.17
12/18/2019 17:05:20.813000,0.0
12/18/2019 17:07:21.049000,0.1
12/18/2019 17:09:20.929000,0.0
12/18/2019 17:11:20.960000,0.18
12/18/2019 17:13:21.024000,0.17
12/18/2019 17:15:20.970000,0.0
12/18/2019 17:17:20.905000,0.0
12/18/2019 17:19:21.051000,0.15
12/18/2019 17:21:20.594000,0.0
12/18/2019 17:23:20.982000,0.07
12/18/2019 17:25:20.933000,0.07
12/18/2019 17:27:21.022000,0.0
12/18/2019 17:29:20.967000,0.0
12/18/2019 17:33:39.718000,0.0
12/18/2019 17:35:21.053000,0.0
12/18/2019 17:37:20.602000,0.0
12/18/2019 17:39:21.072000,0.0
12/18/2019 17:41:21.485000,0.0
12/18/2019 17:43:20.601000,0.0
12/18/2019 17:45:20.590000,0.0
12/18/2019 17:47:20.650000,0.04
12/18/2019 17:49:20.883000,0.0
12/18/2019 17:51:20.594000,0.0
12/18/2019 17:53:20.831000,0.0
12/18/2019 17:55:20.561000,0.0
12/18/2019 17:57:20.981000,0.0
12/18/2019 17:59:20.585000,0.0
12/18/2019 18:01:20.940000,0.0
12/18/2019 18:03:20.815000,0.07
12/18/2019 18:05:21.033000,0.0
12/18/2019 18:07:20.908000,0.0
12/18/2019 18:09:20.829000,0.18
12/18/2019 18:11:20.648000,0.04
12/18/2019 18:13:20.578000,0.0
12/18/2019 18:15:20.641000,0.0
12/18/2019 18:17:20.968000,0.0
12/18/2019 18:19:20.975000,0.0
12/18/2019 18:21:20.596000,0.0
12/18/2019 18:23:20.803000,0.0
12/18/2019 18:25:21.008000,0.18
12/18/2019 18:27:20.566000,0.0
12/18/2019 18:29:21.076000,0.0
12/18/2019 18:31:21.020000,0.04
12/18/2019 18:33:20.783000,0.0
12/18/2019 18:35:20.603000,0.09
12/18/2019 18:37:20.910000,0.0
12/18/2019 18:39:20.599000,0.0
12/18/2019 18:41:20.902000,0.13
12/18/2019 18:43:20.833000,0.0
12/18/2019 18:45:20.895000,0.0
12/18/2019 18:47:21.037000,0.1
12/18/2019 18:49:20.927000,0.04
12/18/2019 18:51:21.001000,0.17
12/18/2019 18:53:20.829000,0.0
12/18/2019 18:55:20.973000,0.0
12/18/2019 18:57:21.083000,0.0
12/18/2019 18:59:21.155000,0.04
12/18/2019 19:01:20.570000,0.0
12/18/2019 19:03:20.588000,0.0
12/18/2019 19:05:20.938000,0.0
12/18/2019 19:07:20.632000,0.0
12/18/2019 19:09:21.095000,0.0
12/18/2019 19:11:20.978000,0.0
12/18/2019 19:13:20.923000,0.0
12/18/2019 19:15:20.794000,0.0
12/18/2019 19:17:20.995000,0.0
12/18/2019 19:19:20.976000,0.0
12/18/2019 19:21:20.604000,0.0
12/18/2019 19:23:20.900000,0.0
12/18/2019 19:25:20.823000,0.0
12/18/2019 19:27:20.805000,0.1
12/18/2019 19:29:20.960000,0.0
12/18/2019 19:31:20.593000,0.0
12/18/2019 19:33:20.957000,0.0
12/18/2019 19:35:20.960000,0.0
12/18/2019 19:37:20.812000,0.0
12/18/2019 19:39:21.023000,0.0
12/18/2019 19:41:21.405000,0.0
12/18/2019 19:43:21.012000,0.0
12/18/2019 19:45:21.052000,0.0
12/18/2019 19:47:20.837000,0.0
12/18/2019 19:49:21.007000,0.0
12/18/2019 19:51:20.989000,0.0
12/18/2019 19:53:21.051000,0.0
12/18/2019 19:55:20.855000,0.0
12/18/2019 19:57:20.935000,0.0
12/18/2019 19:59:21.032000,0.26
12/18/2019 20:01:21.103000,0.0
12/18/2019 20:03:21.055000,0.0
12/18/2019 20:05:21.059000,0.0
12/18/2019 20:07:21.053000,0.0
12/18/2019 20:09:20.976000,0.0
12/18/2019 20:11:20.958000,0.0
12/18/2019 20:13:20.917000,0.0
12/18/2019 20:15:20.903000,0.0
12/18/2019 20:17:20.921000,0.0
12/18/2019 20:19:20.940000,0.0
12/18/2019 20:21:20.613000,0.0
12/18/2019 20:23:20.576000,0.0
12/18/2019 20:25:20.649000,0.0
12/18/2019 20:27:20.602000,0.0
12/18/2019 20:29:21.051000,0.0
12/18/2019 20:31:20.852000,0.0
12/18/2019 20:33:20.578000,0.19
12/18/2019 20:35:20.989000,0.0
12/18/2019 20:37:20.593000,0.0
12/18/2019 20:39:20.947000,0.0
12/18/2019 20:41:21.436000,0.0
12/18/2019 20:43:20.927000,0.04
12/18/2019 20:45:20.844000,0.0
12/18/2019 20:47:20.590000,0.22
12/18/2019 20:49:21.144000,0.14
12/18/2019 20:51:20.972000,0.22
12/18/2019 20:53:20.836000,0.0
12/18/2019 20:55:20.835000,0.07
12/18/2019 20:57:20.575000,0.07
12/18/2019 20:59:20.911000,0.0
12/18/2019 21:01:21.058000,0.41
12/18/2019 21:03:20.859000,0.13
12/18/2019 21:05:20.586000,0.37
12/18/2019 21:07:21.076000,0.32
12/18/2019 21:09:20.936000,0.3
12/18/2019 21:11:20.969000,0.14
12/18/2019 21:13:20.613000,0.27
12/18/2019 21:15:20.834000,0.54
12/18/2019 21:17:20.943000,0.33
12/18/2019 21:19:20.922000,0.07
12/18/2019 21:21:21.126000,0.17
12/18/2019 21:23:20.970000,0.91
12/18/2019 21:25:21.266000,1.03
12/18/2019 22:27:20.819000,2.09
12/18/2019 22:29:20.617000,2.01
12/18/2019 22:31:20.602000,2.43
12/18/2019 22:33:21.045000,2.32
12/18/2019 22:35:20.929000,2.59
12/18/2019 22:37:20.850000,2.86
12/18/2019 22:39:20.988000,3.48
12/18/2019 22:41:21.506000,2.82
12/18/2019 22:43:20.919000,2.55
12/18/2019 22:45:20.909000,2.54
12/18/2019 22:47:21.041000,2.09
12/18/2019 22:49:20.601000,2.38
12/18/2019 22:51:20.847000,2.72
12/18/2019 22:53:20.952000,2.36
12/18/2019 22:55:20.921000,2.09
12/18/2019 22:57:20.921000,2.29
12/18/2019 22:59:20.600000,2.51
12/18/2019 23:01:21.040000,2.25
12/18/2019 23:03:20.995000,3.46
12/18/2019 23:05:20.614000,3.96
12/18/2019 23:07:20.931000,3.14
12/18/2019 23:09:21.019000,3.9
12/18/2019 23:11:21.037000,3.7
12/18/2019 23:13:21.068000,4.16
12/18/2019 23:15:20.856000,4.19
12/18/2019 23:17:20.829000,4.14
12/18/2019 23:19:21.069000,4.61
12/18/2019 23:21:20.930000,4.54
12/18/2019 23:23:20.588000,4.1
12/18/2019 23:25:20.604000,4.75
12/18/2019 23:27:21.062000,5.55
12/18/2019 23:29:20.929000,4.24
12/18/2019 23:31:20.589000,6.49
12/18/2019 23:33:21.105000,4.87
12/18/2019 23:35:20.985000,4.3
12/18/2019 23:37:20.913000,4.12
12/18/2019 23:39:20.844000,4.56
12/18/2019 23:41:21.330000,4.9
12/18/2019 23:43:20.931000,5.19
12/18/2019 23:45:20.587000,5.55
12/18/2019 23:47:20.611000,3.53
12/18/2019 23:49:20.978000,4.08
12/18/2019 23:51:20.598000,3.83
12/18/2019 23:53:21.003000,4.06
12/18/2019 23:55:21.097000,3.47
12/18/2019 23:57:21.023000,4.18
12/18/2019 23:59:20.931000,3.97
12/19/2019 00:01:20.973000,2.8
12/19/2019 00:03:20.591000,3.29
12/19/2019 00:05:20.979000,3.71
12/19/2019 00:07:20.630000,3.15
12/19/2019 00:09:20.818000,4.33
12/19/2019 00:11:20.945000,3.88
12/19/2019 00:13:21.181000,3.82
12/19/2019 00:15:21.101000,3.65
12/19/2019 00:17:20.907000,4.01
12/19/2019 00:19:20.986000,4.4
12/19/2019 00:21:20.972000,6.06
12/19/2019 00:23:21.084000,8.89
12/19/2019 00:25:21.195000,8.63
12/19/2019 00:27:20.927000,9.66
12/19/2019 00:29:21.512000,9.03
12/19/2019 00:31:20.855000,11.18
12/19/2019 00:33:20.973000,10.77
12/19/2019 00:35:21.002000,8.91
12/19/2019 00:37:21.008000,9.85
12/19/2019 00:39:20.921000,10.27
12/19/2019 00:41:21.296000,10.39
12/19/2019 00:43:21.007000,8.7
12/19/2019 00:45:20.843000,7.74
12/19/2019 00:47:20.971000,6.18
12/19/2019 00:49:20.911000,6.5
12/19/2019 00:51:20.975000,5.94
12/19/2019 00:53:20.840000,8.34
12/19/2019 00:55:20.590000,9.97
12/19/2019 00:57:20.834000,15.59
12/19/2019 00:59:21.076000,16.0
12/19/2019 01:01:21.005000,12.91
12/19/2019 01:03:20.902000,11.31
12/19/2019 01:05:20.813000,9.84
12/19/2019 01:07:20.921000,15.87
12/19/2019 01:11:20.815000,8.63
12/19/2019 01:13:20.965000,9.17
12/19/2019 01:15:20.826000,12.44
12/19/2019 01:17:20.966000,21.44
12/19/2019 01:19:20.605000,23.72
12/19/2019 01:21:20.988000,25.17
12/19/2019 01:23:20.584000,20.51
12/19/2019 01:25:20.590000,21.7
12/19/2019 01:27:20.633000,17.6
12/19/2019 01:29:21.000000,14.76
12/19/2019 01:31:20.963000,13.41
12/19/2019 01:33:20.589000,13.93
12/19/2019 01:35:20.617000,15.71
12/19/2019 01:37:20.584000,13.94
12/19/2019 01:39:20.923000,13.85
12/19/2019 01:41:21.379000,14.93
12/19/2019 01:43:20.816000,16.2
12/19/2019 01:45:21.155000,14.33
12/19/2019 01:47:20.580000,13.49
12/19/2019 01:49:21.013000,13.27
12/19/2019 01:51:20.917000,22.16
12/19/2019 01:53:20.807000,36.16
12/19/2019 01:55:21.000000,41.31
12/19/2019 01:57:20.816000,38.97
12/19/2019 01:59:20.844000,29.54
12/19/2019 02:03:20.974000,16.52
12/19/2019 02:05:20.593000,16.86
12/19/2019 02:07:20.992000,17.21
12/19/2019 02:09:20.838000,13.36
12/19/2019 02:11:20.588000,10.93
12/19/2019 02:13:20.990000,9.58
12/19/2019 02:15:20.991000,9.56
12/19/2019 02:17:20.830000,8.64
12/19/2019 02:19:21.023000,8.74
12/19/2019 02:21:20.580000,10.47
12/19/2019 02:23:20.608000,10.24
12/19/2019 02:25:20.645000,10.77
12/19/2019 02:27:21.010000,12.44
12/19/2019 02:29:20.589000,11.41
12/19/2019 02:31:21.044000,8.97
12/19/2019 02:33:21.004000,7.42
12/19/2019 02:35:20.609000,7.67
12/19/2019 02:37:20.829000,6.52
12/19/2019 02:39:21.005000,6.75
12/19/2019 02:41:21.260000,5.83
12/19/2019 02:43:20.815000,6.67
12/19/2019 02:45:20.607000,6.0
12/19/2019 02:47:20.929000,6.24
12/19/2019 02:49:20.584000,6.66
12/19/2019 02:51:21.086000,6.62
12/19/2019 02:53:20.909000,6.52
12/19/2019 02:55:20.840000,5.52
12/19/2019 02:57:20.968000,6.4
12/19/2019 02:59:21.007000,8.36
12/19/2019 03:01:20.925000,11.77
12/19/2019 03:03:20.972000,13.66
12/19/2019 03:05:21.241000,12.61
12/19/2019 03:07:20.931000,13.13
12/19/2019 03:09:21.034000,11.88
12/19/2019 03:11:20.799000,9.64
12/19/2019 03:13:20.981000,11.94
12/19/2019 03:15:20.825000,16.56
12/19/2019 03:17:20.918000,17.07
12/19/2019 03:19:20.909000,14.17
12/19/2019 03:21:20.920000,16.76
12/19/2019 03:23:21.066000,13.51
12/19/2019 03:25:21.039000,11.96
12/19/2019 03:27:21.145000,8.6
12/19/2019 03:29:20.909000,8.46
12/19/2019 03:31:20.923000,10.3
12/19/2019 03:33:20.602000,10.58
12/19/2019 03:35:20.805000,8.37
12/19/2019 03:37:21.048000,6.66
12/19/2019 03:39:20.956000,5.52
12/19/2019 03:41:21.292000,4.66
12/19/2019 03:43:21.044000,2.92
12/19/2019 03:45:20.569000,2.6
12/19/2019 03:47:20.843000,2.61
12/19/2019 03:49:21.032000,3.04
12/19/2019 03:51:20.834000,3.08
12/19/2019 03:53:20.818000,3.6
12/19/2019 03:55:20.979000,2.81
12/19/2019 03:57:20.596000,3.58
12/19/2019 03:59:20.926000,2.97
12/19/2019 04:01:20.822000,3.09
12/19/2019 04:03:20.792000,4.19
12/19/2019 04:05:20.897000,5.54
12/19/2019 04:07:20.815000,4.49
12/19/2019 04:09:20.926000,4.19
12/19/2019 04:11:20.852000,3.39
12/19/2019 04:13:20.847000,2.78
12/19/2019 04:15:21.316000,3.23
12/19/2019 04:17:20.810000,3.21
12/19/2019 04:19:20.913000,3.43
12/19/2019 04:21:20.588000,3.67
12/19/2019 04:23:20.945000,3.46
12/19/2019 04:25:21.007000,3.58
12/19/2019 04:27:21.047000,3.09
12/19/2019 04:29:20.984000,2.72
12/19/2019 04:31:20.984000,3.41
12/19/2019 04:33:20.845000,2.73
12/19/2019 04:35:21.030000,2.63
12/19/2019 04:37:20.978000,3.19
12/19/2019 04:39:21.035000,2.71
12/19/2019 04:41:21.144000,3.03
12/19/2019 04:43:20.894000,2.72
12/19/2019 04:45:20.794000,3.21
12/19/2019 04:47:21.020000,2.87
12/19/2019 04:49:20.908000,3.25
12/19/2019 04:51:20.917000,2.63
12/19/2019 04:53:20.595000,2.96
12/19/2019 04:55:20.569000,2.75
12/19/2019 04:57:21.096000,2.93
12/19/2019 04:59:20.629000,3.0
12/19/2019 05:01:20.589000,2.53
12/19/2019 05:03:20.891000,2.91
12/19/2019 05:05:20.960000,2.62
12/19/2019 05:07:21.051000,2.88
12/19/2019 05:09:21.011000,2.54
12/19/2019 05:11:20.645000,2.49
12/19/2019 05:13:20.644000,2.41
12/19/2019 05:15:21.000000,2.57
12/19/2019 05:17:20.855000,2.52
12/19/2019 05:19:20.883000,2.74
12/19/2019 05:21:20.591000,2.46
12/19/2019 05:23:20.892000,2.61
12/19/2019 05:25:20.847000,2.58
12/19/2019 05:27:20.942000,2.54
12/19/2019 05:29:21.027000,2.43
12/19/2019 05:31:20.979000,2.59
12/19/2019 05:33:20.913000,2.51
12/19/2019 05:35:20.806000,2.27
12/19/2019 05:37:20.904000,2.22
12/19/2019 05:39:20.894000,2.93
12/19/2019 05:41:21.249000,2.25
12/19/2019 05:43:20.828000,2.19
12/19/2019 05:45:20.590000,2.6
12/19/2019 05:47:20.570000,2.97
12/19/2019 05:49:20.578000,2.41
12/19/2019 05:51:20.943000,2.04
12/19/2019 05:53:20.575000,2.0
12/19/2019 05:55:21.051000,2.0
12/19/2019 05:57:20.962000,2.33
12/19/2019 05:59:20.788000,1.58
12/19/2019 06:01:20.968000,1.25
12/19/2019 06:03:21.088000,1.69
12/19/2019 06:05:20.802000,1.77
12/19/2019 06:07:20.989000,2.03
12/19/2019 06:09:20.808000,1.82
12/19/2019 06:11:20.924000,2.06
12/19/2019 06:13:20.559000,1.64
12/19/2019 06:15:20.784000,2.92
12/19/2019 06:17:20.842000,2.79
12/19/2019 06:19:20.577000,3.24
12/19/2019 06:21:20.971000,2.86
12/19/2019 06:23:20.904000,3.33
12/19/2019 06:25:20.949000,3.26
12/19/2019 06:27:20.552000,4.13
12/19/2019 06:29:20.919000,5.03
12/19/2019 06:31:20.876000,4.53
12/19/2019 06:33:21.021000,6.23
12/19/2019 06:35:20.967000,6.4
12/19/2019 06:37:20.856000,5.88
12/19/2019 06:39:20.802000,5.28
12/19/2019 06:41:21.240000,6.11
12/19/2019 06:43:20.950000,4.91
12/19/2019 06:45:20.840000,5.24
12/19/2019 06:47:21.015000,5.69
12/19/2019 06:49:21.009000,5.66
12/19/2019 06:51:20.555000,6.13
12/19/2019 06:53:20.562000,5.55
12/19/2019 06:55:20.805000,4.12
12/19/2019 06:57:21.018000,3.54
12/19/2019 06:59:20.623000,3.1
12/19/2019 07:01:20.785000,3.65
12/19/2019 07:03:20.901000,2.7
12/19/2019 07:05:20.900000,4.32
12/19/2019 07:07:20.880000,7.77
12/19/2019 07:09:20.571000,10.79
12/19/2019 07:11:20.853000,8.59
12/19/2019 07:13:20.950000,6.73
12/19/2019 07:15:20.837000,5.82
12/19/2019 07:17:20.586000,3.99
12/19/2019 07:19:21.196000,2.52
12/19/2019 07:21:20.949000,3.55
12/19/2019 07:23:20.779000,2.83
12/19/2019 07:25:20.932000,2.72
12/19/2019 07:27:21.009000,2.19
12/19/2019 07:29:20.919000,2.16
12/19/2019 07:31:21.027000,2.1
12/19/2019 07:33:20.964000,1.62
12/19/2019 07:35:20.832000,1.56
12/19/2019 07:37:20.896000,1.87
12/19/2019 07:39:20.957000,2.3
12/19/2019 07:41:21.258000,1.91
12/19/2019 07:43:20.795000,2.03
12/19/2019 07:45:21.155000,1.74
12/19/2019 07:47:20.789000,2.29
12/19/2019 07:49:20.784000,2.0
12/19/2019 07:51:20.974000,2.06
12/19/2019 07:53:20.780000,1.94
12/19/2019 07:55:20.615000,2.66
12/19/2019 07:57:20.538000,2.75
12/19/2019 07:59:21.010000,2.06
12/19/2019 08:01:20.552000,1.96
12/19/2019 08:03:20.931000,2.35
12/19/2019 08:05:20.925000,2.88
12/19/2019 08:07:20.894000,3.54
12/19/2019 08:09:20.607000,1.9
12/19/2019 08:11:20.826000,1.46
12/19/2019 08:13:21.011000,1.28
12/19/2019 08:15:20.544000,1.0
12/19/2019 08:17:20.996000,1.73
12/19/2019 08:19:21.009000,1.27
12/19/2019 08:21:20.775000,1.21
12/19/2019 08:23:20.565000,1.39
12/19/2019 08:25:20.956000,1.71
12/19/2019 08:27:21.004000,0.87
12/19/2019 08:29:20.896000,1.6
12/19/2019 08:31:20.591000,1.17
12/19/2019 08:33:20.836000,1.0
12/19/2019 08:35:21.000000,1.17
12/19/2019 08:37:20.883000,0.97
12/19/2019 08:39:20.930000,1.01
12/19/2019 08:41:21.421000,1.17
12/19/2019 08:43:21.030000,1.13
12/19/2019 08:45:20.794000,0.8
12/19/2019 08:47:21.032000,1.17
12/19/2019 08:49:20.568000,0.97
12/19/2019 08:51:20.881000,0.86
12/19/2019 08:53:20.905000,0.97
12/19/2019 08:55:21.111000,0.74
12/19/2019 08:57:20.917000,0.96
12/19/2019 08:59:21.026000,1.15
12/19/2019 09:01:21.068000,0.88
12/19/2019 09:03:20.568000,0.74
12/19/2019 09:05:20.894000,1.23
12/19/2019 09:35:21.766000,1.36
12/19/2019 09:37:21.983000,0.91
12/19/2019 09:39:21.932000,1.17
12/19/2019 09:41:21.871000,0.97
12/19/2019 09:43:21.820000,0.97
12/19/2019 09:45:21.820000,0.86
12/19/2019 09:47:21.854000,1.0
12/19/2019 09:49:21.754000,1.17
12/19/2019 09:51:21.985000,1.0
12/19/2019 09:53:21.927000,1.14
12/19/2019 09:55:21.890000,1.15
12/19/2019 09:57:21.989000,1.03
12/19/2019 09:59:21.766000,1.32
12/19/2019 10:01:22.030000,1.06
12/19/2019 10:03:21.741000,0.74
12/19/2019 10:05:21.863000,1.14
12/19/2019 10:07:21.798000,1.07
12/19/2019 10:09:21.848000,1.21
12/19/2019 10:11:21.888000,1.0
12/19/2019 10:13:21.528000,1.2
12/19/2019 10:15:21.988000,0.76
12/19/2019 10:17:21.912000,1.0
12/19/2019 10:19:21.811000,0.87
12/19/2019 10:21:21.530000,0.87
12/19/2019 10:23:21.540000,0.81
12/19/2019 10:25:21.528000,0.29
12/19/2019 10:27:22.000000,0.77
12/19/2019 10:29:21.963000,0.85
12/19/2019 10:31:21.538000,0.89
12/19/2019 10:33:22.026000,0.89
12/19/2019 10:35:22.491000,0.96
12/19/2019 10:37:21.622000,0.63
12/19/2019 10:39:21.526000,0.47
12/19/2019 10:41:21.917000,0.97
12/19/2019 10:43:21.864000,0.87
12/19/2019 10:45:21.980000,0.97
12/19/2019 10:47:21.837000,0.85
12/19/2019 10:49:21.920000,0.71
12/19/2019 10:51:21.817000,0.7
12/19/2019 10:53:21.852000,0.81
12/19/2019 10:55:21.838000,0.69
12/19/2019 10:57:21.860000,1.21
12/19/2019 10:59:21.981000,0.93
12/19/2019 11:01:21.532000,0.87
12/19/2019 11:03:21.919000,0.81
12/19/2019 11:05:21.993000,0.63
12/19/2019 11:07:21.915000,0.87
12/19/2019 11:09:21.524000,1.01
12/19/2019 11:11:21.978000,0.83
12/19/2019 11:13:21.995000,1.1
12/19/2019 11:15:21.950000,1.09
12/19/2019 11:17:21.860000,0.81
12/19/2019 11:19:21.732000,0.67
12/19/2019 11:21:22.005000,0.38
12/19/2019 11:23:21.928000,0.84
12/19/2019 11:25:21.531000,0.81
12/19/2019 11:27:21.943000,0.62
12/19/2019 11:29:21.929000,0.73
12/19/2019 11:31:21.937000,0.79
12/19/2019 11:33:21.955000,0.99
12/19/2019 11:35:22.020000,1.09
12/19/2019 11:37:21.740000,0.69
12/19/2019 11:39:21.843000,0.71
12/19/2019 11:41:21.763000,1.0
12/19/2019 11:43:21.932000,0.79
12/19/2019 11:45:21.839000,1.06
12/19/2019 11:47:21.957000,0.99
12/19/2019 11:49:21.912000,0.83
12/19/2019 11:51:21.921000,0.51
12/19/2019 11:53:21.894000,0.9
12/19/2019 11:55:21.723000,1.06
12/19/2019 11:57:22.023000,0.63
12/19/2019 11:59:22.022000,0.62
12/19/2019 12:01:22.009000,0.66
12/19/2019 12:03:21.856000,0.91
12/19/2019 12:05:21.543000,0.41
12/19/2019 12:07:21.888000,0.79
12/19/2019 12:09:21.989000,0.68
12/19/2019 12:11:21.906000,0.59
12/19/2019 12:13:21.928000,0.81
12/19/2019 12:15:21.951000,0.64
12/19/2019 12:17:21.550000,0.57
12/19/2019 12:19:21.818000,0.9
12/19/2019 12:21:21.825000,0.87
12/19/2019 12:23:21.511000,0.79
12/19/2019 12:25:21.526000,1.03
12/19/2019 12:27:21.509000,0.85
12/19/2019 12:29:21.511000,1.26
12/19/2019 12:31:21.895000,2.76
12/19/2019 12:33:21.875000,0.83
12/19/2019 12:35:22.302000,0.75
12/19/2019 12:37:21.964000,1.94
12/19/2019 12:39:21.824000,2.99
12/19/2019 12:41:21.846000,1.24
12/19/2019 12:43:21.894000,0.97
12/19/2019 12:45:21.525000,0.63
12/19/2019 12:47:21.853000,1.0
12/19/2019 12:49:21.527000,1.13
12/19/2019 12:51:21.500000,2.14
12/19/2019 12:53:21.822000,4.12
12/19/2019 12:55:21.968000,1.16
12/19/2019 12:57:21.749000,0.93
12/19/2019 12:59:21.829000,1.26
12/19/2019 13:01:21.906000,1.18
12/19/2019 13:03:21.864000,1.01
12/19/2019 13:05:21.819000,1.0
12/19/2019 13:07:21.990000,1.06
12/19/2019 13:09:21.869000,1.29
12/19/2019 13:11:21.511000,1.13
12/19/2019 13:13:21.516000,1.13
12/19/2019 13:15:21.500000,1.13
12/19/2019 13:17:21.740000,0.88
12/19/2019 13:19:21.511000,0.92
12/19/2019 13:21:21.907000,0.73
12/19/2019 13:23:21.959000,1.24
12/19/2019 13:25:21.720000,1.15
12/19/2019 13:27:21.516000,1.1
12/19/2019 13:29:21.883000,1.04
12/19/2019 13:31:21.900000,1.04
12/19/2019 13:33:21.742000,1.14
12/19/2019 13:35:22.384000,1.96
12/19/2019 13:37:22.006000,1.61
12/19/2019 13:39:21.816000,1.72
12/19/2019 13:41:21.921000,1.61
12/19/2019 13:43:21.838000,1.27
12/19/2019 13:45:21.826000,1.1
12/19/2019 13:47:21.894000,1.26
12/19/2019 13:49:21.613000,1.0
12/19/2019 13:51:21.821000,1.48
12/19/2019 13:53:21.743000,1.76
12/19/2019 13:55:21.521000,1.39
12/19/2019 13:57:21.812000,2.08
12/19/2019 13:59:22.020000,1.81
12/19/2019 14:01:21.910000,1.91
12/19/2019 14:03:21.845000,2.75
12/19/2019 14:05:21.910000,1.7
12/19/2019 14:07:21.740000,2.08
12/19/2019 14:09:21.759000,3.63
12/19/2019 14:11:21.893000,2.1
12/19/2019 14:13:21.898000,3.57
12/19/2019 14:15:21.826000,2.0
12/19/2019 14:17:21.822000,3.53
12/19/2019 14:19:21.947000,3.76
12/19/2019 14:21:21.519000,2.41
12/19/2019 14:23:21.807000,1.96
12/19/2019 14:25:21.929000,1.36
12/19/2019 14:27:21.843000,2.12
12/19/2019 14:29:21.816000,4.2
12/19/2019 14:31:22.016000,2.1
12/19/2019 14:33:21.833000,1.1
12/19/2019 14:35:22.217000,1.76
12/19/2019 14:37:21.531000,1.62
12/19/2019 14:39:21.964000,1.38
12/19/2019 14:41:21.841000,2.48
12/19/2019 14:43:21.517000,1.27
12/19/2019 14:45:21.854000,2.09
12/19/2019 14:47:22.014000,2.99
12/19/2019 14:49:21.899000,2.06
12/19/2019 14:51:21.732000,2.03
12/19/2019 14:53:21.891000,3.17
12/19/2019 14:55:21.517000,3.29
12/19/2019 14:57:21.492000,4.51
12/19/2019 14:59:21.722000,4.96
12/19/2019 15:01:21.755000,3.74
12/19/2019 15:03:21.938000,2.77
12/19/2019 15:05:21.508000,2.91
12/19/2019 15:07:21.811000,2.59
12/19/2019 15:09:21.739000,2.34
12/19/2019 15:11:21.694000,2.49
12/19/2019 15:13:21.838000,1.81
12/19/2019 15:15:21.983000,2.01
12/19/2019 15:17:21.832000,1.88
12/19/2019 15:19:21.868000,2.72
12/19/2019 15:21:21.889000,3.62
12/19/2019 15:23:21.887000,3.23
12/19/2019 15:25:21.883000,3.16
12/19/2019 15:27:21.898000,2.4
12/19/2019 15:29:21.826000,3.01
12/19/2019 15:31:21.732000,3.38
12/19/2019 15:33:21.817000,2.07
12/19/2019 15:35:21.955000,2.79
12/19/2019 15:37:21.898000,3.22
12/19/2019 15:39:21.937000,2.33
12/19/2019 15:41:21.873000,2.44
12/19/2019 15:43:22.007000,2.78
12/19/2019 15:45:21.707000,6.07
12/19/2019 15:47:21.825000,3.96
12/19/2019 15:49:21.798000,3.9
12/19/2019 15:51:21.905000,3.52
12/19/2019 15:53:21.717000,3.03
12/19/2019 15:55:21.793000,2.07
12/19/2019 15:57:21.741000,2.56
12/19/2019 15:59:21.515000,3.18
12/19/2019 16:01:21.899000,2.15
12/19/2019 16:03:21.888000,2.46
12/19/2019 16:05:21.811000,2.69
12/19/2019 16:07:21.808000,2.28
12/19/2019 16:09:24.180000,2.93
12/19/2019 16:11:21.495000,2.51
12/19/2019 16:13:21.627000,2.09
12/19/2019 16:15:21.794000,2.39
12/19/2019 16:17:21.725000,2.79
12/19/2019 16:19:21.743000,2.49
12/19/2019 16:21:21.803000,2.49
12/19/2019 16:23:21.704000,2.6
12/19/2019 16:25:21.957000,2.84
12/19/2019 16:27:22.012000,2.12
12/19/2019 16:29:21.888000,2.73
12/19/2019 16:31:21.705000,2.9
12/19/2019 16:33:21.794000,2.79
12/19/2019 16:35:22.195000,2.78
12/19/2019 16:37:21.698000,3.12
12/19/2019 16:39:21.712000,3.52
12/19/2019 16:41:21.489000,2.94
12/19/2019 16:43:21.867000,2.92
12/19/2019 16:45:21.723000,2.84
12/19/2019 16:47:21.902000,3.74
12/19/2019 16:49:21.497000,3.49
12/19/2019 16:51:21.837000,3.19
12/19/2019 16:53:21.980000,3.39
12/19/2019 16:55:21.848000,3.46
12/19/2019 16:57:21.808000,3.39
12/19/2019 16:59:21.837000,3.81
12/19/2019 17:01:21.502000,3.72
12/19/2019 17:03:21.822000,3.67
12/19/2019 17:05:21.804000,3.57
12/19/2019 17:07:21.957000,4.04
12/19/2019 17:09:21.893000,4.19
12/19/2019 17:11:21.889000,4.84
12/19/2019 17:13:21.833000,5.01
12/19/2019 17:15:21.938000,5.26
12/19/2019 17:17:21.805000,5.87
12/19/2019 17:19:21.521000,5.65
12/19/2019 17:21:21.837000,4.94
12/19/2019 17:23:21.886000,4.93
12/19/2019 17:25:21.483000,5.27
12/19/2019 17:27:21.964000,4.06
12/19/2019 17:29:21.737000,4.57
12/19/2019 17:31:21.810000,5.22
12/19/2019 17:33:21.489000,6.27
12/19/2019 17:35:22.184000,5.57
12/19/2019 17:37:21.812000,5.55
12/19/2019 17:39:21.895000,5.54
12/19/2019 17:41:21.782000,5.72
12/19/2019 17:43:21.810000,6.25
12/19/2019 17:45:21.908000,6.01
12/19/2019 17:47:21.895000,5.36
12/19/2019 17:49:21.516000,5.06
12/19/2019 17:51:21.720000,3.98
12/19/2019 17:53:21.934000,4.28
12/19/2019 17:55:21.816000,5.27
12/19/2019 17:57:21.474000,6.75
12/19/2019 17:59:21.527000,4.9
12/19/2019 18:01:21.473000,4.71
12/19/2019 18:03:21.523000,4.19
12/19/2019 18:05:21.844000,4.16
12/19/2019 18:07:21.874000,4.38
12/19/2019 18:09:21.807000,4.61
12/19/2019 18:11:21.481000,3.96
12/19/2019 18:13:21.519000,4.87
12/19/2019 18:15:22.016000,4.31
12/19/2019 18:17:21.506000,3.49
12/19/2019 18:19:21.961000,3.99
12/19/2019 18:21:21.921000,3.76
12/19/2019 18:23:21.864000,4.35
12/19/2019 18:25:21.617000,3.49
12/19/2019 18:27:21.702000,3.52
12/19/2019 18:29:21.883000,4.04
12/19/2019 18:31:21.924000,3.67
12/19/2019 18:33:21.952000,3.51
12/19/2019 18:35:22.180000,3.97
12/19/2019 18:37:21.933000,3.76
12/19/2019 18:39:21.490000,3.16
12/19/2019 18:41:21.996000,3.34
12/19/2019 18:43:21.490000,3.39
12/19/2019 18:45:21.732000,3.37
12/19/2019 18:47:21.739000,3.11
12/19/2019 18:49:21.877000,2.78
12/19/2019 18:51:21.834000,2.76
12/19/2019 18:53:21.967000,3.5
12/19/2019 18:55:21.804000,4.1
12/19/2019 18:57:21.797000,3.31
12/19/2019 18:59:21.943000,3.44
12/19/2019 19:01:21.492000,2.91
12/19/2019 19:03:21.815000,2.56
12/19/2019 19:07:21.486000,2.82
12/19/2019 19:09:21.888000,2.34
12/19/2019 19:11:21.916000,1.9
12/19/2019 19:13:21.508000,2.22
12/19/2019 19:15:21.873000,2.32
12/19/2019 19:17:21.901000,2.78
12/19/2019 19:19:21.971000,2.31
12/19/2019 19:21:21.826000,2.36
12/19/2019 19:23:21.807000,2.04
12/19/2019 19:25:21.719000,2.58
12/19/2019 19:27:21.820000,2.21
12/19/2019 19:29:21.809000,1.87
12/19/2019 19:31:21.921000,2.17
12/19/2019 19:33:21.478000,1.87
12/19/2019 19:35:22.400000,2.03
12/19/2019 19:37:21.520000,2.4
12/19/2019 19:39:21.518000,2.3
12/19/2019 19:41:21.804000,2.19
12/19/2019 19:43:21.495000,2.52
12/19/2019 19:45:21.953000,3.07
12/19/2019 19:47:21.872000,2.96
12/19/2019 19:49:21.803000,2.27
12/19/2019 19:51:21.813000,3.06
12/19/2019 19:53:21.483000,2.68
12/19/2019 19:55:21.798000,2.79
12/19/2019 19:57:21.826000,3.26
12/19/2019 19:59:21.540000,3.61
12/19/2019 20:01:21.523000,3.3
12/19/2019 20:03:21.894000,3.14
12/19/2019 20:05:21.752000,3.53
12/19/2019 20:07:21.744000,3.71
12/19/2019 20:09:21.909000,3.79
12/19/2019 20:11:21.741000,3.2
12/19/2019 20:13:21.495000,4.01
12/19/2019 20:15:21.985000,3.64
12/19/2019 20:17:21.968000,3.75
12/19/2019 20:19:21.508000,3.55
12/19/2019 20:21:21.713000,3.77
12/19/2019 20:23:21.821000,4.84
12/19/2019 20:25:21.834000,3.83
12/19/2019 20:27:21.828000,3.58
12/19/2019 20:29:21.892000,3.66
12/19/2019 20:31:21.612000,4.18
12/19/2019 20:33:21.957000,3.94
12/19/2019 20:35:22.128000,3.73
12/19/2019 20:37:21.516000,3.64
12/19/2019 20:39:21.708000,3.52
12/19/2019 20:41:21.819000,3.78
12/19/2019 20:43:21.889000,3.28
12/19/2019 20:45:21.883000,4.09
12/19/2019 20:47:21.612000,4.0
12/19/2019 20:49:21.819000,4.04
12/19/2019 20:51:21.922000,3.79
12/19/2019 20:53:21.828000,4.01
12/19/2019 20:55:21.967000,3.71
12/19/2019 20:57:21.883000,3.91
12/19/2019 20:59:21.727000,3.66
12/19/2019 21:01:21.512000,3.03
12/19/2019 21:03:21.767000,3.77
12/19/2019 21:05:21.905000,3.85
12/19/2019 21:07:21.802000,3.77
12/19/2019 21:09:21.832000,3.76
12/19/2019 21:11:21.912000,4.09
12/19/2019 21:13:21.497000,4.04
12/19/2019 21:15:21.922000,3.85
12/19/2019 21:17:21.882000,3.7
12/19/2019 21:19:21.977000,3.97
12/19/2019 21:21:21.494000,3.19
12/19/2019 21:23:21.488000,3.93
12/19/2019 21:25:21.825000,3.9
12/19/2019 21:27:21.805000,3.8
12/19/2019 21:29:21.761000,3.47
12/19/2019 21:31:21.523000,4.35
12/19/2019 21:33:21.960000,3.93
12/19/2019 21:35:21.859000,3.81
12/19/2019 21:37:21.529000,3.83
12/19/2019 21:39:21.872000,3.53
12/19/2019 21:41:21.892000,3.99
12/19/2019 21:43:22.001000,3.54
12/19/2019 21:45:21.825000,3.74
12/19/2019 21:47:21.798000,4.03
12/19/2019 21:49:21.772000,3.7
12/19/2019 21:51:21.953000,3.79
12/19/2019 21:53:21.932000,3.82
12/19/2019 21:55:21.489000,3.3
12/19/2019 21:57:21.972000,3.14
12/19/2019 21:59:21.498000,3.26
12/19/2019 22:01:22.095000,2.93
12/19/2019 22:03:21.707000,3.18
12/19/2019 22:05:21.492000,3.43
12/19/2019 22:07:21.884000,3.08
12/19/2019 22:09:21.490000,3.11
12/19/2019 22:11:21.731000,3.58
12/19/2019 22:13:21.823000,3.81
12/19/2019 22:15:22.044000,3.61
12/19/2019 22:17:22.023000,3.66
12/19/2019 22:19:21.492000,3.73
12/19/2019 22:21:21.505000,4.17
12/19/2019 22:23:21.884000,3.78
12/19/2019 22:25:21.532000,3.63
12/19/2019 22:27:21.840000,3.44
12/19/2019 22:29:21.917000,3.75
12/19/2019 22:31:21.988000,3.59
12/19/2019 22:33:21.729000,4.27
12/19/2019 22:35:22.196000,3.82
12/19/2019 22:37:21.744000,3.93
12/19/2019 22:39:21.499000,3.44
12/19/2019 22:41:21.708000,3.99
12/19/2019 22:43:21.506000,4.31
12/19/2019 22:45:21.913000,4.03
12/19/2019 22:47:21.762000,3.91
12/19/2019 22:49:21.811000,3.77
12/19/2019 22:51:21.486000,4.3
12/19/2019 22:53:21.510000,4.07
12/19/2019 22:55:21.701000,3.31
12/19/2019 22:57:21.525000,3.79
12/19/2019 22:59:21.936000,4.07
12/19/2019 23:01:21.815000,3.81
12/19/2019 23:03:21.881000,3.46
12/19/2019 23:05:21.986000,3.17
12/19/2019 23:07:21.878000,3.74
12/19/2019 23:09:21.960000,3.4
12/19/2019 23:11:21.971000,5.16
12/19/2019 23:13:21.836000,4.65
12/19/2019 23:15:21.728000,3.96
12/19/2019 23:17:21.798000,4.22
12/19/2019 23:19:21.884000,4.94
12/19/2019 23:21:21.497000,5.18
12/19/2019 23:23:21.762000,4.67
12/19/2019 23:25:21.835000,4.22
12/19/2019 23:27:21.486000,3.69
12/19/2019 23:29:21.770000,3.91
12/19/2019 23:31:21.920000,4.38
12/19/2019 23:33:21.780000,3.57
12/19/2019 23:35:23.917000,4.01
12/19/2019 23:37:21.840000,3.59
12/19/2019 23:39:21.712000,3.86
12/19/2019 23:41:21.992000,3.65
12/19/2019 23:43:21.494000,3.88
12/19/2019 23:45:21.831000,3.96
12/19/2019 23:47:21.961000,3.99
12/19/2019 23:49:21.811000,4.15
12/19/2019 23:51:21.896000,4.62
12/19/2019 23:53:21.880000,4.11
12/19/2019 23:55:21.815000,4.62
12/19/2019 23:57:21.922000,3.84
12/19/2019 23:59:21.526000,4.75
12/20/2019 00:01:21.826000,4.2
12/20/2019 00:03:21.890000,4.54
12/20/2019 00:05:21.884000,5.0
12/20/2019 00:07:21.969000,4.74
12/20/2019 00:09:21.503000,5.16
12/20/2019 00:11:21.920000,4.45
12/20/2019 00:13:21.793000,5.58
12/20/2019 00:15:21.959000,4.43
12/20/2019 00:17:21.526000,4.31
12/20/2019 00:19:21.499000,4.93
12/20/2019 00:21:21.803000,4.03
12/20/2019 00:23:21.938000,4.78
12/20/2019 00:25:21.719000,6.39
12/20/2019 00:27:21.512000,4.93
12/20/2019 00:29:21.481000,6.04
12/20/2019 00:31:21.833000,4.3
12/20/2019 00:33:21.912000,5.66
12/20/2019 00:35:22.130000,6.35
12/20/2019 00:37:21.843000,6.15
12/20/2019 00:39:21.838000,6.59
12/20/2019 00:41:21.828000,5.84
12/20/2019 00:43:21.816000,5.54
12/20/2019 00:45:21.930000,5.4
12/20/2019 00:47:21.885000,5.44
12/20/2019 00:49:21.941000,5.33
12/20/2019 00:51:21.829000,5.04
12/20/2019 00:53:21.967000,5.93
12/20/2019 00:55:21.916000,6.12
12/20/2019 00:57:21.832000,7.01
12/20/2019 00:59:21.515000,6.25
12/20/2019 01:01:21.825000,7.04
12/20/2019 01:03:21.726000,5.58
12/20/2019 01:05:21.872000,6.83
12/20/2019 01:07:21.887000,6.55
12/20/2019 01:09:21.898000,7.1
12/20/2019 01:11:21.907000,6.65
12/20/2019 01:13:21.736000,7.33
12/20/2019 01:15:21.842000,6.54
12/20/2019 01:17:21.768000,7.56
12/20/2019 01:19:21.809000,7.18
12/20/2019 01:21:21.483000,7.58
12/20/2019 01:23:21.946000,7.58
12/20/2019 01:25:21.874000,11.07
12/20/2019 01:27:21.896000,10.57
12/20/2019 01:29:21.825000,11.0
12/20/2019 01:31:21.828000,13.04
12/20/2019 01:33:21.803000,13.86
12/20/2019 01:35:21.880000,12.99
12/20/2019 01:37:21.522000,13.43
12/20/2019 01:39:21.946000,14.54
12/20/2019 01:41:21.813000,14.87
12/20/2019 01:43:21.748000,16.11
12/20/2019 01:45:21.950000,18.87
12/20/2019 01:47:21.752000,18.69
12/20/2019 01:49:21.889000,17.64
12/20/2019 01:51:21.524000,15.49
12/20/2019 01:53:21.718000,14.16
12/20/2019 01:55:21.509000,10.93
12/20/2019 01:57:21.957000,10.7
12/20/2019 01:59:21.894000,10.14
12/20/2019 02:03:21.884000,11.35
12/20/2019 02:05:22.012000,11.94
12/20/2019 02:07:21.917000,12.11
12/20/2019 02:09:21.910000,11.37
12/20/2019 02:11:21.771000,12.51
12/20/2019 02:13:21.802000,11.94
12/20/2019 02:15:21.529000,11.59
12/20/2019 02:17:21.905000,13.22
12/20/2019 02:19:21.990000,11.48
12/20/2019 02:21:21.897000,11.54
12/20/2019 02:23:21.908000,10.8
12/20/2019 02:25:21.968000,10.3
12/20/2019 02:27:21.824000,11.41
12/20/2019 02:29:21.893000,10.74
12/20/2019 02:31:22.116000,11.26
12/20/2019 02:33:21.869000,12.81
12/20/2019 02:35:22.154000,12.2
12/20/2019 02:37:21.893000,11.01
12/20/2019 02:39:21.953000,11.46
12/20/2019 02:41:21.992000,11.38
12/20/2019 02:43:21.895000,14.04
12/20/2019 02:45:21.805000,15.58
12/20/2019 02:47:21.933000,13.81
12/20/2019 02:49:21.854000,13.16
12/20/2019 02:51:21.989000,10.49
12/20/2019 02:53:21.897000,10.59
12/20/2019 02:55:21.481000,9.04
12/20/2019 02:57:21.863000,9.28
12/20/2019 02:59:21.914000,9.83
12/20/2019 03:01:21.782000,9.07
12/20/2019 03:03:21.700000,8.49
12/20/2019 03:05:22.220000,10.5
12/20/2019 03:07:21.522000,11.2
12/20/2019 03:09:21.492000,7.2
12/20/2019 03:11:21.931000,6.72
12/20/2019 03:13:21.830000,6.62
12/20/2019 03:15:21.977000,7.01
12/20/2019 03:17:21.804000,8.55
12/20/2019 03:19:21.785000,8.22
12/20/2019 03:21:21.737000,6.17
12/20/2019 03:23:21.865000,5.79
12/20/2019 03:25:21.804000,6.26
12/20/2019 03:27:21.941000,7.22
12/20/2019 03:29:21.885000,7.46
12/20/2019 03:31:21.985000,6.71
12/20/2019 03:33:21.469000,6.93
12/20/2019 03:35:21.983000,7.91
12/20/2019 03:37:21.483000,8.58
12/20/2019 03:39:21.750000,8.43
12/20/2019 03:41:21.812000,6.53
12/20/2019 03:43:21.910000,6.42
12/20/2019 03:45:21.841000,7.0
12/20/2019 03:47:21.484000,5.35
12/20/2019 03:49:21.794000,5.06
12/20/2019 03:51:21.800000,5.59
12/20/2019 03:53:21.803000,4.57
12/20/2019 03:55:21.475000,3.04
12/20/2019 03:57:21.946000,2.65
12/20/2019 03:59:21.820000,3.11
12/20/2019 04:01:21.469000,2.72
12/20/2019 04:03:21.886000,2.54
12/20/2019 04:05:21.694000,2.96
12/20/2019 04:07:21.877000,2.64
12/20/2019 04:09:21.474000,3.14
12/20/2019 04:11:21.811000,2.28
12/20/2019 04:13:21.992000,2.41
12/20/2019 04:15:21.815000,2.51
12/20/2019 04:17:21.743000,2.87
12/20/2019 04:19:21.870000,1.97
12/20/2019 04:21:21.800000,2.61
12/20/2019 04:23:21.900000,2.29
12/20/2019 04:25:21.946000,2.93
12/20/2019 04:27:21.695000,2.14
12/20/2019 04:29:21.895000,2.49
12/20/2019 04:31:21.932000,2.87
12/20/2019 04:33:21.705000,2.83
12/20/2019 04:35:22.184000,2.51
12/20/2019 04:37:21.783000,2.99
12/20/2019 04:39:21.859000,2.87
12/20/2019 04:41:21.689000,3.09
12/20/2019 04:43:21.952000,3.77
12/20/2019 04:45:21.732000,2.76
12/20/2019 04:47:21.502000,4.35
12/20/2019 04:49:21.489000,3.06
12/20/2019 04:51:21.802000,2.38
12/20/2019 04:53:21.924000,2.01
12/20/2019 04:55:21.785000,1.31
12/20/2019 04:57:22.012000,1.1
12/20/2019 04:59:21.495000,1.2
12/20/2019 05:01:21.715000,1.2
12/20/2019 05:03:21.508000,1.94
12/20/2019 05:05:21.711000,2.27
12/20/2019 05:07:21.741000,2.19
12/20/2019 05:11:21.741000,2.49
12/20/2019 05:13:21.477000,2.56
12/20/2019 05:15:21.834000,2.08
12/20/2019 05:17:21.914000,1.85
12/20/2019 05:19:21.708000,1.42
12/20/2019 05:21:22.045000,1.74
12/20/2019 05:23:21.466000,1.19
12/20/2019 05:25:21.713000,1.87
12/20/2019 05:27:21.780000,1.04
12/20/2019 05:29:21.782000,0.81
12/20/2019 05:31:21.745000,1.23
12/20/2019 05:33:21.873000,1.28
12/20/2019 05:35:22.134000,0.81
12/20/2019 05:37:21.717000,0.62
12/20/2019 05:39:21.924000,0.84
12/20/2019 05:41:22.221000,0.81
12/20/2019 05:43:21.463000,0.39
12/20/2019 05:45:21.851000,0.39
12/20/2019 05:47:21.799000,1.35
12/20/2019 05:49:21.827000,0.84
12/20/2019 05:51:21.487000,1.5
12/20/2019 05:53:21.458000,3.45
12/20/2019 05:55:21.697000,4.2
12/20/2019 05:57:21.740000,2.5
12/20/2019 05:59:21.712000,3.46
12/20/2019 06:01:21.705000,1.53
12/20/2019 06:03:21.460000,1.19
12/20/2019 06:05:21.477000,1.99
12/20/2019 06:07:21.795000,5.06
12/20/2019 06:09:21.823000,3.3
12/20/2019 06:11:21.865000,5.78
12/20/2019 06:13:21.470000,3.53
12/20/2019 06:15:21.796000,4.57
12/20/2019 06:17:21.698000,4.69
12/20/2019 06:19:21.775000,5.04
12/20/2019 06:21:21.804000,4.8
12/20/2019 06:23:21.477000,3.76
12/20/2019 06:25:21.913000,4.06
12/20/2019 06:27:21.782000,3.16
12/20/2019 06:29:21.691000,3.91
12/20/2019 06:31:21.450000,4.53
12/20/2019 06:33:21.766000,3.67
12/20/2019 06:35:22.192000,3.18
12/20/2019 06:37:21.775000,3.3
12/20/2019 06:39:21.855000,3.24
12/20/2019 06:41:21.828000,3.26
12/20/2019 06:43:21.786000,3.27
12/20/2019 06:45:21.791000,3.29
12/20/2019 06:47:21.851000,3.8
12/20/2019 06:49:21.688000,3.18
12/20/2019 06:51:21.785000,3.25
12/20/2019 06:53:21.807000,2.48
12/20/2019 06:55:21.472000,2.48
12/20/2019 06:57:21.464000,2.61
12/20/2019 06:59:21.775000,3.06
12/20/2019 07:01:21.539000,2.84
12/20/2019 07:03:21.456000,1.41
12/20/2019 07:05:21.766000,1.96
12/20/2019 07:07:21.770000,2.41
12/20/2019 07:09:21.709000,1.22
12/20/2019 07:11:21.771000,1.07
12/20/2019 07:13:21.502000,0.45
12/20/2019 07:15:21.731000,1.04
12/20/2019 07:17:21.845000,1.38
12/20/2019 07:19:21.762000,3.17
12/20/2019 07:21:21.931000,2.7
12/20/2019 07:23:21.825000,0.93
12/20/2019 07:25:21.825000,0.34
12/20/2019 07:27:21.791000,0.18
12/20/2019 07:29:21.776000,0.24
12/20/2019 07:31:21.696000,0.29
12/20/2019 07:33:21.464000,0.29
12/20/2019 07:35:22.319000,0.02
12/20/2019 07:37:21.942000,0.16
12/20/2019 07:39:21.768000,0.46
12/20/2019 07:41:21.436000,0.03
12/20/2019 07:43:21.453000,0.24
12/20/2019 07:45:21.859000,0.14
12/20/2019 07:47:21.992000,0.11
12/20/2019 07:49:21.779000,0.17
12/20/2019 07:51:21.759000,0.04
12/20/2019 07:53:21.839000,0.0
12/20/2019 07:55:21.951000,0.0
12/20/2019 07:57:21.767000,0.0
12/20/2019 07:59:21.755000,0.0
12/20/2019 08:01:21.704000,0.18
12/20/2019 08:03:21.760000,0.53
12/20/2019 08:05:21.897000,0.22
12/20/2019 08:07:21.842000,0.0
12/20/2019 08:09:21.767000,0.28
12/20/2019 08:11:21.461000,0.93
12/20/2019 08:15:25.251000,1.32
12/20/2019 08:17:21.764000,0.54
12/20/2019 08:19:21.771000,0.0
12/20/2019 08:21:21.679000,0.0
12/20/2019 08:23:21.797000,0.24
12/20/2019 08:25:22.006000,0.0
12/20/2019 08:27:21.734000,0.0
12/20/2019 08:29:22.021000,0.0
12/20/2019 08:31:21.448000,0.0
12/20/2019 08:33:21.473000,0.09
12/20/2019 08:35:22.098000,0.0
12/20/2019 08:37:21.436000,0.0
12/20/2019 08:39:21.929000,0.08
12/20/2019 08:41:21.461000,0.13
12/20/2019 08:43:21.477000,0.0
12/20/2019 08:45:21.887000,0.09
12/20/2019 08:47:21.817000,0.25
12/20/2019 08:49:21.767000,0.0
12/20/2019 08:51:21.704000,0.3
12/20/2019 08:53:21.914000,0.0
12/20/2019 08:55:21.771000,0.0
12/20/2019 08:57:21.533000,0.0
12/20/2019 08:59:21.941000,0.0
12/20/2019 09:01:22.012000,0.0
12/20/2019 09:03:21.906000,0.0
12/20/2019 09:05:21.925000,0.0
12/20/2019 09:07:21.501000,0.0
12/20/2019 09:41:22.656000,0.0
12/20/2019 09:43:22.551000,0.0
12/20/2019 09:45:23.641000,0.0
12/20/2019 09:47:22.722000,0.0
12/20/2019 09:49:22.346000,0.0
12/20/2019 09:51:22.532000,0.0
12/20/2019 09:53:22.650000,0.0
12/20/2019 09:55:22.305000,0.0
12/20/2019 09:57:22.520000,0.0
12/20/2019 09:59:22.650000,0.0
12/20/2019 10:01:22.292000,0.0
12/20/2019 10:03:22.328000,0.0
12/20/2019 10:05:22.541000,0.0
12/20/2019 10:07:22.639000,0.0
12/20/2019 10:09:22.546000,0.0
12/20/2019 10:11:22.629000,0.0
12/20/2019 10:13:22.681000,0.0
12/20/2019 10:15:22.294000,0.0
12/20/2019 10:17:22.622000,0.0
12/20/2019 10:19:22.690000,0.0
12/20/2019 10:21:22.551000,0.0
12/20/2019 10:23:22.751000,0.0
12/20/2019 10:25:22.738000,0.0
12/20/2019 10:27:22.857000,0.0
12/20/2019 10:29:22.751000,0.0
12/20/2019 10:31:22.310000,0.0
12/20/2019 10:33:22.582000,0.0
12/20/2019 10:35:22.708000,0.0
12/20/2019 10:37:22.662000,0.0
12/20/2019 10:39:22.654000,0.0
12/20/2019 10:41:23.231000,0.0
12/20/2019 10:43:22.670000,0.0
12/20/2019 10:45:22.689000,0.0
12/20/2019 10:47:22.277000,0.0
12/20/2019 10:49:22.744000,0.0
12/20/2019 10:51:22.508000,0.0
12/20/2019 10:53:22.525000,0.0
12/20/2019 10:55:22.675000,0.0
12/20/2019 10:57:22.790000,0.0
12/20/2019 10:59:22.634000,0.0
12/20/2019 11:01:22.754000,0.0
12/20/2019 11:03:22.688000,0.0
12/20/2019 11:05:22.685000,0.0
12/20/2019 11:07:22.651000,0.0
12/20/2019 11:09:22.635000,0.0
12/20/2019 11:11:22.562000,0.0
12/20/2019 11:13:22.616000,0.0
12/20/2019 11:15:22.524000,0.0
12/20/2019 11:17:22.580000,0.0
12/20/2019 11:19:22.543000,0.0
12/20/2019 11:21:22.527000,0.0
12/20/2019 11:23:22.799000,0.0
12/20/2019 11:25:22.521000,0.0
12/20/2019 11:27:22.583000,0.0
12/20/2019 11:29:22.509000,0.0
12/20/2019 11:31:22.340000,0.0
12/20/2019 11:33:22.798000,0.0
12/20/2019 11:35:22.598000,0.0
12/20/2019 11:37:22.420000,0.0
12/20/2019 11:39:22.514000,0.0
12/20/2019 11:41:22.705000,0.0
12/20/2019 11:43:22.382000,0.0
12/20/2019 11:45:22.731000,0.0
12/20/2019 11:47:22.758000,0.0
12/20/2019 11:49:22.718000,0.0
12/20/2019 11:51:22.808000,0.0
12/20/2019 11:53:22.718000,0.0
12/20/2019 11:55:22.737000,0.07
12/20/2019 11:57:22.727000,0.0
12/20/2019 11:59:22.534000,0.0
12/20/2019 12:01:22.756000,0.07
12/20/2019 12:03:22.357000,0.0
12/20/2019 12:05:22.692000,0.0
12/20/2019 12:07:22.652000,0.0
12/20/2019 12:09:22.627000,0.0
12/20/2019 12:11:22.680000,0.0
12/20/2019 12:13:22.621000,0.0
12/20/2019 12:15:22.614000,0.0
12/20/2019 12:17:22.283000,0.0
12/20/2019 12:19:22.322000,0.0
12/20/2019 12:21:22.271000,0.0
12/20/2019 12:23:22.617000,0.35
12/20/2019 12:25:22.629000,0.0
12/20/2019 12:27:22.504000,0.24
12/20/2019 12:29:22.672000,0.17
12/20/2019 12:31:22.621000,0.0
12/20/2019 12:33:22.541000,0.43
12/20/2019 12:35:22.503000,0.0
12/20/2019 12:37:22.294000,0.0
12/20/2019 12:39:22.729000,0.0
12/20/2019 12:41:23.114000,0.0
12/20/2019 12:43:22.604000,0.16
12/20/2019 12:45:22.497000,0.0
12/20/2019 12:47:22.602000,1.18
12/20/2019 12:49:22.672000,0.0
12/20/2019 12:51:22.531000,0.0
12/20/2019 12:53:22.613000,0.0
12/20/2019 12:55:22.666000,0.0
12/20/2019 12:57:22.498000,0.0
12/20/2019 12:59:22.663000,0.19
12/20/2019 13:01:22.615000,0.2
12/20/2019 13:03:22.519000,0.19
12/20/2019 13:05:22.622000,0.3
12/20/2019 13:07:22.495000,0.84
12/20/2019 13:09:22.622000,0.97
12/20/2019 13:11:22.512000,0.0
12/20/2019 13:13:22.260000,0.42
12/20/2019 13:15:22.701000,0.0
12/20/2019 13:17:22.823000,0.31
12/20/2019 13:19:22.704000,1.84
12/20/2019 13:21:22.630000,1.46
12/20/2019 13:23:22.759000,1.06
12/20/2019 13:25:22.750000,0.0
12/20/2019 13:27:22.637000,0.28
12/20/2019 13:29:22.561000,0.0
12/20/2019 13:31:22.539000,0.03
12/20/2019 13:33:22.750000,0.0
12/20/2019 13:35:22.696000,0.0
12/20/2019 13:37:22.296000,0.57
12/20/2019 13:39:22.515000,0.04
12/20/2019 13:41:23.039000,0.43
12/20/2019 13:43:22.336000,0.0
12/20/2019 13:45:22.658000,0.0
12/20/2019 13:47:22.648000,0.0
12/20/2019 13:49:22.610000,0.0
12/20/2019 13:51:22.265000,0.11
12/20/2019 13:53:22.650000,0.28
12/20/2019 13:55:22.484000,0.07
12/20/2019 13:57:22.288000,0.09
12/20/2019 13:59:22.268000,1.27
12/20/2019 14:01:22.777000,0.13
12/20/2019 14:03:22.680000,0.0
12/20/2019 14:05:22.313000,0.09
12/20/2019 14:07:22.509000,0.0
12/20/2019 14:09:22.615000,1.58
12/20/2019 14:11:22.591000,0.18
12/20/2019 14:13:22.636000,0.42
12/20/2019 14:15:22.627000,0.0
12/20/2019 14:17:22.588000,0.0
12/20/2019 14:19:22.544000,0.0
12/20/2019 14:21:22.510000,0.42
12/20/2019 14:23:22.261000,0.27
12/20/2019 14:25:22.280000,0.04
12/20/2019 14:27:22.256000,0.24
12/20/2019 14:29:22.762000,0.22
12/20/2019 14:31:22.268000,0.1
12/20/2019 14:33:22.674000,0.34
12/20/2019 14:35:22.281000,0.2
12/20/2019 14:37:22.249000,0.35
12/20/2019 14:39:22.723000,0.18
12/20/2019 14:41:23.052000,0.2
12/20/2019 14:43:22.266000,0.41
12/20/2019 14:45:22.256000,1.04
12/20/2019 14:47:22.819000,1.28
12/20/2019 14:49:22.300000,1.55
12/20/2019 14:51:22.497000,2.03
12/20/2019 14:53:22.635000,1.8
12/20/2019 14:55:22.738000,2.5
12/20/2019 14:57:22.729000,1.72
12/20/2019 14:59:22.603000,0.94
12/20/2019 15:01:22.686000,1.3
12/20/2019 15:03:22.524000,2.29
12/20/2019 15:05:22.473000,2.04
12/20/2019 15:07:22.327000,1.25
12/20/2019 15:09:22.525000,2.27
12/20/2019 15:11:22.598000,2.19
12/20/2019 15:13:22.601000,1.36
12/20/2019 15:15:22.729000,1.46
12/20/2019 15:17:22.668000,1.19
12/20/2019 15:19:22.505000,1.18
12/20/2019 15:21:22.290000,1.22
12/20/2019 15:23:22.717000,1.39
12/20/2019 15:25:22.602000,1.53
12/20/2019 15:27:22.635000,1.17
12/20/2019 15:29:22.617000,1.21
12/20/2019 15:31:22.331000,1.69
12/20/2019 15:33:22.263000,1.6
12/20/2019 15:35:22.591000,2.06
12/20/2019 15:37:22.309000,2.88
12/20/2019 15:39:22.493000,2.57
12/20/2019 15:41:22.986000,3.83
12/20/2019 15:43:22.492000,2.55
12/20/2019 15:45:22.592000,3.35
12/20/2019 15:47:22.486000,4.35
12/20/2019 15:49:22.582000,3.41
12/20/2019 15:51:22.242000,2.91
12/20/2019 15:53:22.693000,1.97
12/20/2019 15:55:22.268000,1.31
12/20/2019 15:57:22.245000,1.49
12/20/2019 15:59:22.795000,2.73
12/20/2019 16:01:22.722000,2.35
12/20/2019 16:03:22.598000,2.39
12/20/2019 16:05:22.741000,1.72
12/20/2019 16:07:22.274000,3.86
12/20/2019 16:09:22.270000,2.01
12/20/2019 16:11:22.683000,2.36
12/20/2019 16:13:22.288000,2.03
12/20/2019 16:15:22.593000,2.14
12/20/2019 16:17:22.600000,2.39
12/20/2019 16:19:22.469000,2.16
12/20/2019 16:21:22.594000,2.57
12/20/2019 16:23:22.592000,2.51
12/20/2019 16:25:22.658000,2.61
12/20/2019 16:27:22.582000,2.01
12/20/2019 16:29:22.742000,1.88
12/20/2019 16:31:22.768000,2.42
12/20/2019 16:33:22.722000,2.35
12/20/2019 16:35:22.671000,2.03
12/20/2019 16:37:22.587000,1.94
12/20/2019 16:39:22.266000,1.63
12/20/2019 16:41:22.919000,1.74
12/20/2019 16:43:22.641000,1.97
12/20/2019 16:45:22.605000,1.33
12/20/2019 16:47:22.575000,1.15
12/20/2019 16:49:22.458000,1.0
12/20/2019 16:51:22.682000,1.1
12/20/2019 16:53:22.603000,1.09
12/20/2019 16:55:22.333000,1.26
12/20/2019 16:57:22.637000,1.29
12/20/2019 16:59:22.653000,1.3
12/20/2019 17:01:22.575000,1.06
12/20/2019 17:03:22.677000,1.68
12/20/2019 17:05:22.629000,1.19
12/20/2019 17:07:22.572000,0.91
12/20/2019 17:09:22.592000,1.03
12/20/2019 17:11:22.242000,1.1
12/20/2019 17:13:22.688000,0.84
12/20/2019 17:15:22.646000,0.29
12/20/2019 17:17:22.509000,0.48
12/20/2019 17:19:22.275000,0.66
12/20/2019 17:21:22.475000,0.39
12/20/2019 17:23:22.271000,0.32
12/20/2019 17:25:22.229000,0.86
12/20/2019 17:27:22.602000,0.38
12/20/2019 17:29:22.599000,0.43
12/20/2019 17:31:22.419000,0.91
12/20/2019 17:33:22.275000,1.18
12/20/2019 17:35:22.494000,2.03
12/20/2019 17:37:22.723000,2.19
12/20/2019 17:39:22.602000,2.74
12/20/2019 17:41:22.681000,1.88
12/20/2019 17:43:22.690000,1.4
12/20/2019 17:45:22.609000,1.47
12/20/2019 17:47:22.603000,2.04
12/20/2019 17:49:22.595000,1.84
12/20/2019 17:51:22.792000,1.43
12/20/2019 17:53:22.583000,1.47
12/20/2019 17:55:22.639000,1.06
12/20/2019 17:57:22.281000,0.93
12/20/2019 17:59:22.688000,0.88
12/20/2019 18:01:22.648000,1.31
12/20/2019 18:03:22.237000,0.97
12/20/2019 18:05:22.286000,0.76
12/20/2019 18:07:22.465000,1.0
12/20/2019 18:09:22.626000,0.86
12/20/2019 18:11:22.586000,0.84
12/20/2019 18:13:22.530000,0.86
12/20/2019 18:15:22.719000,0.86
12/20/2019 18:17:22.488000,1.06
12/20/2019 18:19:22.714000,0.87
12/20/2019 18:21:22.723000,1.38
12/20/2019 18:23:22.516000,1.14
12/20/2019 18:25:22.621000,1.36
12/20/2019 18:27:22.718000,1.49
12/20/2019 18:29:22.575000,1.09
12/20/2019 18:31:22.629000,1.1
12/20/2019 18:33:22.642000,1.34
12/20/2019 18:35:22.687000,0.92
12/20/2019 18:37:22.704000,1.28
12/20/2019 18:39:22.262000,1.23
12/20/2019 18:41:23.116000,1.14
12/20/2019 18:43:22.274000,0.66
12/20/2019 18:45:22.252000,0.71
12/20/2019 18:47:22.931000,0.81
12/20/2019 18:49:22.614000,1.13
12/20/2019 18:51:22.241000,0.97
12/20/2019 18:53:22.596000,1.33
12/20/2019 18:55:22.505000,1.09
12/20/2019 18:57:22.575000,0.91
12/20/2019 18:59:22.239000,1.16
12/20/2019 19:01:22.500000,1.13
12/20/2019 19:03:22.497000,1.82
12/20/2019 19:05:22.516000,1.59
12/20/2019 19:07:22.260000,1.74
12/20/2019 19:09:22.484000,1.79
12/20/2019 19:11:22.293000,1.87
12/20/2019 19:13:22.238000,2.16
12/20/2019 19:15:22.710000,2.39
12/20/2019 19:17:22.609000,2.72
12/20/2019 19:19:22.714000,2.97
12/20/2019 19:21:22.733000,2.82
12/20/2019 19:23:22.628000,2.83
12/20/2019 19:25:22.500000,2.67
12/20/2019 19:27:22.617000,2.34
12/20/2019 19:29:22.702000,2.82
12/20/2019 19:31:23.922000,3.29
12/20/2019 19:33:22.657000,3.25
12/20/2019 19:35:22.585000,3.31
12/20/2019 19:37:22.740000,3.43
12/20/2019 19:39:22.486000,3.45
12/20/2019 19:41:22.909000,3.77
12/20/2019 19:43:22.730000,3.72
12/20/2019 19:45:22.595000,3.43
12/20/2019 19:47:22.472000,3.9
12/20/2019 19:49:22.707000,4.53
12/20/2019 19:51:22.803000,4.09
12/20/2019 19:53:22.425000,3.8
12/20/2019 19:55:22.595000,3.47
12/20/2019 19:57:22.517000,3.65
12/20/2019 19:59:22.725000,3.26
12/20/2019 20:01:22.487000,3.87
12/20/2019 20:03:22.268000,3.25
12/20/2019 20:05:22.608000,3.97
12/20/2019 20:07:22.500000,3.49
12/20/2019 20:09:22.502000,3.21
12/20/2019 20:11:22.700000,3.71
12/20/2019 20:13:22.610000,4.4
12/20/2019 20:15:22.600000,3.91
12/20/2019 20:17:22.717000,4.34
12/20/2019 20:19:22.602000,3.55
12/20/2019 20:21:22.627000,4.16
12/20/2019 20:23:22.252000,3.45
12/20/2019 20:25:22.642000,3.45
12/20/2019 20:27:22.593000,3.64
12/20/2019 20:29:22.701000,3.39
12/20/2019 20:31:22.689000,3.39
12/20/2019 20:33:22.613000,3.72
12/20/2019 20:35:22.727000,3.7
12/20/2019 20:37:22.729000,3.43
12/20/2019 20:39:22.749000,3.27
12/20/2019 20:41:22.929000,2.86
12/20/2019 20:43:22.656000,3.15
12/20/2019 20:45:22.589000,3.14
12/20/2019 20:47:22.244000,2.87
12/20/2019 20:49:22.696000,2.83
12/20/2019 20:51:22.290000,3.23
12/20/2019 20:53:22.284000,2.79
12/20/2019 20:55:22.602000,2.85
12/20/2019 20:57:22.611000,2.72
12/20/2019 20:59:22.733000,2.64
12/20/2019 21:01:22.631000,2.31
12/20/2019 21:03:22.605000,2.42
12/20/2019 21:05:22.672000,2.52
12/20/2019 21:07:22.589000,2.51
12/20/2019 21:09:22.623000,2.28
12/20/2019 21:11:22.608000,1.7
12/20/2019 21:13:22.640000,2.68
12/20/2019 21:15:22.662000,2.46
12/20/2019 21:17:22.612000,2.64
12/20/2019 21:19:22.485000,2.41
12/20/2019 21:21:22.266000,2.68
12/20/2019 21:23:22.275000,2.13
12/20/2019 21:25:22.523000,1.81
12/20/2019 21:27:22.736000,2.03
12/20/2019 21:29:22.252000,2.39
12/20/2019 21:31:22.307000,2.92
12/20/2019 21:33:22.256000,3.09
12/20/2019 21:35:22.606000,2.56
12/20/2019 21:37:22.715000,2.31
12/20/2019 21:39:22.722000,2.89
12/20/2019 21:41:22.844000,2.81
12/20/2019 21:43:23.015000,2.39
12/20/2019 21:45:22.261000,3.04
12/20/2019 21:47:22.635000,2.9
12/20/2019 21:49:22.467000,3.13
12/20/2019 21:51:22.732000,3.12
12/20/2019 21:53:22.703000,2.8
12/20/2019 21:55:22.628000,3.07
12/20/2019 21:57:22.595000,3.03
12/20/2019 21:59:22.739000,3.24
12/20/2019 22:01:22.624000,3.44
12/20/2019 22:03:22.599000,3.39
12/20/2019 22:05:22.669000,3.44
12/20/2019 22:07:22.507000,3.47
12/20/2019 22:09:22.653000,3.39
12/20/2019 22:11:22.287000,3.59
12/20/2019 22:13:22.737000,3.31
12/20/2019 22:15:22.265000,3.61
12/20/2019 22:17:22.737000,3.69
12/20/2019 22:19:22.756000,3.41
12/20/2019 22:21:22.548000,3.26
12/20/2019 22:23:22.316000,3.76
12/20/2019 22:25:22.723000,3.68
12/20/2019 22:27:22.618000,3.81
12/20/2019 22:29:22.496000,3.7
12/20/2019 22:31:22.491000,2.84
12/20/2019 22:33:22.517000,3.58
12/20/2019 22:35:22.600000,3.87
12/20/2019 22:37:22.305000,3.61
12/20/2019 22:39:22.697000,3.21
12/20/2019 22:41:22.814000,3.66
12/20/2019 22:43:22.251000,3.99
12/20/2019 22:45:22.705000,3.07
12/20/2019 22:47:22.673000,3.14
12/20/2019 22:49:22.599000,3.17
12/20/2019 22:51:22.659000,3.8
12/20/2019 22:53:22.696000,3.74
12/20/2019 22:55:22.288000,4.17
12/20/2019 22:57:22.505000,3.6
12/20/2019 22:59:22.297000,3.43
12/20/2019 23:01:22.721000,4.18
12/20/2019 23:03:22.601000,3.79
12/20/2019 23:05:22.290000,3.63
12/20/2019 23:07:22.590000,3.2
12/20/2019 23:09:22.516000,4.19
12/20/2019 23:11:22.305000,4.17
12/20/2019 23:13:22.610000,4.25
12/20/2019 23:15:22.623000,4.1
12/20/2019 23:17:22.515000,3.6
12/20/2019 23:19:22.294000,3.9
12/20/2019 23:21:22.265000,3.5
12/20/2019 23:23:22.292000,3.55
12/20/2019 23:25:22.515000,3.81
12/20/2019 23:27:22.690000,3.97
12/20/2019 23:29:22.621000,4.0
12/20/2019 23:31:22.616000,3.72
12/20/2019 23:33:22.662000,4.0
12/20/2019 23:35:22.253000,4.36
12/20/2019 23:37:22.330000,3.59
12/20/2019 23:39:22.480000,3.9
12/20/2019 23:41:22.609000,4.26
12/20/2019 23:43:22.287000,4.24
12/20/2019 23:45:22.636000,3.74
12/20/2019 23:47:22.793000,4.01
12/20/2019 23:49:22.600000,4.25
12/20/2019 23:51:22.599000,3.99
12/20/2019 23:53:22.612000,3.86
12/20/2019 23:55:22.548000,3.86
12/20/2019 23:57:22.646000,4.66
12/20/2019 23:59:22.585000,4.54
12/21/2019 00:01:22.538000,4.19
12/21/2019 00:03:22.306000,3.94
12/21/2019 00:05:22.726000,4.43
12/21/2019 00:07:22.634000,4.72
12/21/2019 00:09:22.599000,4.47
12/21/2019 00:11:22.618000,4.26
12/21/2019 00:13:22.256000,4.94
12/21/2019 00:15:22.591000,4.71
12/21/2019 00:17:22.581000,4.85
12/21/2019 00:19:22.255000,5.83
12/21/2019 00:21:27.664000,7.9
12/21/2019 00:23:22.285000,5.69
12/21/2019 00:25:22.715000,6.12
12/21/2019 00:27:22.257000,5.67
12/21/2019 00:29:22.710000,7.43
12/21/2019 00:31:22.752000,6.91
12/21/2019 00:33:22.807000,7.27
12/21/2019 00:35:22.292000,5.19
12/21/2019 00:37:22.630000,4.48
12/21/2019 00:39:22.671000,6.3
12/21/2019 00:41:23.102000,6.88
12/21/2019 00:43:22.701000,6.68
12/21/2019 00:45:22.492000,6.21
12/21/2019 00:47:22.262000,7.72
12/21/2019 00:49:22.603000,7.34
12/21/2019 00:51:22.549000,5.71
12/21/2019 00:53:22.501000,6.42
12/21/2019 00:55:22.644000,7.22
12/21/2019 00:57:22.656000,6.47
12/21/2019 00:59:22.254000,6.71
12/21/2019 01:01:22.586000,6.51
12/21/2019 01:03:22.667000,7.23
12/21/2019 01:05:22.292000,7.15
12/21/2019 01:07:22.274000,6.39
12/21/2019 01:09:22.492000,6.37
12/21/2019 01:11:22.620000,6.77
12/21/2019 01:13:22.649000,7.09
12/21/2019 01:15:22.721000,7.6
12/21/2019 02:17:22.514000,7.13
12/21/2019 02:19:22.259000,6.15
12/21/2019 02:21:22.283000,6.42
12/21/2019 02:23:22.648000,6.01
12/21/2019 02:25:22.678000,6.46
12/21/2019 02:27:22.301000,5.65
12/21/2019 02:29:22.486000,4.9
12/21/2019 02:31:22.631000,5.86
12/21/2019 02:33:22.479000,5.97
12/21/2019 02:35:22.262000,6.97
12/21/2019 02:37:22.735000,5.96
12/21/2019 02:39:22.607000,6.16
12/21/2019 02:41:22.908000,5.61
12/21/2019 02:43:22.601000,6.85
12/21/2019 02:45:22.700000,5.9
12/21/2019 02:47:22.494000,6.06
12/21/2019 02:49:22.709000,7.32
12/21/2019 02:51:22.261000,7.12
12/21/2019 02:53:22.302000,6.3
12/21/2019 02:55:22.651000,7.59
12/21/2019 02:57:22.602000,6.9
12/21/2019 02:59:22.266000,6.87
12/21/2019 03:01:22.616000,7.49
12/21/2019 03:03:22.599000,6.34
12/21/2019 03:05:22.268000,8.65
12/21/2019 03:07:22.483000,7.54
12/21/2019 03:09:22.636000,8.89
12/21/2019 03:11:22.495000,10.56
12/21/2019 03:13:22.615000,6.8
12/21/2019 03:15:22.494000,6.62
12/21/2019 03:17:22.715000,9.47
12/21/2019 03:19:22.479000,8.31
12/21/2019 03:21:22.511000,7.79
12/21/2019 03:23:22.597000,9.16
12/21/2019 03:25:22.487000,8.48
12/21/2019 03:27:22.714000,8.32
12/21/2019 03:29:22.799000,8.73
12/21/2019 03:31:22.249000,8.8
12/21/2019 03:33:22.734000,8.62
12/21/2019 03:35:22.256000,9.42
12/21/2019 03:37:22.748000,8.7
12/21/2019 03:39:22.606000,7.97
12/21/2019 03:41:22.912000,8.38
12/21/2019 03:43:22.487000,7.99
12/21/2019 03:45:22.280000,8.61
12/21/2019 03:47:22.279000,8.81
12/21/2019 03:49:22.582000,8.9
12/21/2019 03:51:22.744000,9.03
12/21/2019 03:53:22.629000,9.49
12/21/2019 03:55:22.283000,9.38
12/21/2019 03:57:22.252000,9.57
12/21/2019 03:59:22.249000,9.99
12/21/2019 04:01:22.518000,11.62
12/21/2019 04:03:22.478000,12.0
12/21/2019 04:05:22.723000,13.16
12/21/2019 04:07:22.599000,13.96
12/21/2019 04:09:22.649000,14.83
12/21/2019 04:11:22.605000,13.79
12/21/2019 04:13:22.569000,10.46
12/21/2019 04:15:22.499000,12.19
12/21/2019 04:17:22.484000,13.14
12/21/2019 04:19:22.793000,13.64
12/21/2019 04:21:22.598000,15.41
12/21/2019 04:23:22.707000,14.53
12/21/2019 04:25:22.490000,10.66
12/21/2019 04:27:22.481000,13.37
12/21/2019 04:29:22.507000,15.49
12/21/2019 04:31:22.692000,14.7
12/21/2019 04:33:22.714000,13.94
12/21/2019 04:35:22.264000,13.07
12/21/2019 04:37:22.695000,14.45
12/21/2019 04:39:22.600000,14.99
12/21/2019 04:41:23.118000,11.72
12/21/2019 04:43:22.472000,11.38
12/21/2019 04:45:22.804000,11.84
12/21/2019 04:47:22.282000,11.63
12/21/2019 04:49:22.474000,10.03
12/21/2019 04:51:22.307000,5.68
12/21/2019 04:53:22.509000,5.57
12/21/2019 04:55:22.662000,6.68
12/21/2019 04:57:22.644000,6.3
12/21/2019 04:59:22.500000,6.45
12/21/2019 05:01:22.577000,6.46
12/21/2019 05:03:22.651000,6.83
12/21/2019 05:05:22.295000,6.06
12/21/2019 05:07:22.518000,6.71
12/21/2019 05:09:22.627000,6.88
12/21/2019 05:11:22.600000,6.35
12/21/2019 05:13:22.660000,5.18
12/21/2019 05:15:22.732000,3.28
12/21/2019 05:17:22.756000,4.33
12/21/2019 05:19:22.275000,4.03
12/21/2019 05:21:22.685000,5.21
12/21/2019 05:23:22.699000,3.88
12/21/2019 05:25:22.676000,3.76
12/21/2019 05:27:22.706000,3.07
12/21/2019 05:29:22.565000,1.61
12/21/2019 05:31:22.457000,2.13
12/21/2019 05:33:22.534000,1.51
12/21/2019 05:35:22.717000,2.0
12/21/2019 05:37:22.583000,1.58
12/21/2019 05:39:22.715000,1.35
12/21/2019 05:41:22.886000,1.0
12/21/2019 05:43:22.281000,1.56
12/21/2019 05:45:22.305000,1.3
12/21/2019 05:47:22.269000,1.37
12/21/2019 05:49:22.657000,1.55
12/21/2019 05:51:22.652000,1.01
12/21/2019 05:53:22.263000,0.7
12/21/2019 05:55:22.579000,0.94
12/21/2019 05:57:22.703000,1.16
12/21/2019 05:59:22.476000,0.9
12/21/2019 06:01:22.254000,0.74
12/21/2019 06:03:22.457000,0.65
12/21/2019 06:05:22.480000,0.84
12/21/2019 06:07:22.616000,0.49
12/21/2019 06:09:22.509000,0.37
12/21/2019 06:11:22.672000,0.31
12/21/2019 06:13:22.593000,0.51
12/21/2019 06:15:22.499000,0.6
12/21/2019 06:17:22.683000,1.06
12/21/2019 06:19:22.468000,1.64
12/21/2019 06:21:22.276000,1.09
12/21/2019 06:23:22.634000,0.88
12/21/2019 06:25:22.567000,0.51
12/21/2019 06:27:22.595000,0.91
12/21/2019 06:29:22.733000,0.91
12/21/2019 06:31:22.255000,1.33
12/21/2019 06:33:22.572000,1.25
12/21/2019 06:35:22.318000,0.71
12/21/2019 06:37:22.638000,0.79
12/21/2019 06:39:22.731000,0.74
12/21/2019 06:41:22.987000,1.27
12/21/2019 06:43:22.272000,1.04
12/21/2019 06:45:22.564000,0.96
12/21/2019 06:47:22.578000,1.09
12/21/2019 06:49:22.575000,2.54
12/21/2019 06:51:22.711000,2.28
12/21/2019 06:53:22.574000,2.57
12/21/2019 06:55:22.721000,2.68
12/21/2019 06:57:22.622000,1.87
12/21/2019 06:59:22.617000,5.14
12/21/2019 07:01:22.553000,6.49
12/21/2019 07:03:22.605000,9.45
12/21/2019 07:05:22.287000,7.99
12/21/2019 07:07:22.669000,7.24
12/21/2019 07:09:22.648000,8.83
12/21/2019 07:11:22.573000,10.18
12/21/2019 07:13:22.267000,10.07
12/21/2019 07:15:24.897000,8.22
12/21/2019 07:17:22.612000,7.14
12/21/2019 07:19:22.596000,8.31
12/21/2019 07:21:22.587000,8.18
12/21/2019 07:23:22.486000,9.03
12/21/2019 07:25:22.238000,9.21
12/21/2019 07:27:22.278000,9.79
12/21/2019 07:29:22.442000,9.31
12/21/2019 07:31:22.688000,11.53
12/21/2019 07:33:22.550000,12.38
12/21/2019 07:35:22.536000,10.81
12/21/2019 07:37:22.460000,11.59
12/21/2019 07:39:22.677000,12.02
12/21/2019 07:41:22.686000,13.46
12/21/2019 07:43:22.573000,12.72
12/21/2019 07:45:22.701000,12.57
12/21/2019 07:47:25.243000,12.78
12/21/2019 07:49:22.507000,13.24
12/21/2019 07:51:22.572000,12.52
12/21/2019 07:53:22.638000,10.46
12/21/2019 07:55:22.254000,8.79
12/21/2019 07:57:22.613000,7.84
12/21/2019 07:59:22.327000,7.99
12/21/2019 08:01:22.465000,8.86
12/21/2019 08:03:22.242000,7.91
12/21/2019 08:05:22.556000,8.21
12/21/2019 08:07:22.222000,8.57
12/21/2019 08:09:22.587000,7.74
12/21/2019 08:11:22.573000,5.56
12/21/2019 08:13:22.709000,4.74
12/21/2019 08:15:22.228000,3.65
12/21/2019 08:17:22.245000,2.25
12/21/2019 08:19:22.630000,3.09
12/21/2019 08:21:22.234000,3.06
12/21/2019 08:23:22.567000,3.83
12/21/2019 08:25:22.628000,4.18
12/21/2019 08:27:24.845000,3.88
12/21/2019 08:29:22.563000,2.46
12/21/2019 08:31:22.670000,2.41
12/21/2019 08:33:22.568000,2.21
12/21/2019 08:35:22.452000,2.39
12/21/2019 08:37:22.244000,2.03
12/21/2019 08:39:22.711000,1.67
12/21/2019 08:41:22.903000,1.9
12/21/2019 08:43:22.726000,1.64
12/21/2019 08:45:22.627000,1.51
12/21/2019 08:47:22.652000,1.23
12/21/2019 08:49:22.604000,0.99
12/21/2019 08:51:22.553000,0.9
12/21/2019 08:53:22.533000,0.88
12/21/2019 08:55:22.256000,1.0
12/21/2019 08:57:22.552000,0.61
12/21/2019 08:59:22.618000,1.62
12/21/2019 09:01:22.693000,1.64
12/21/2019 09:03:22.608000,1.4
12/21/2019 09:05:22.597000,0.75
12/21/2019 09:33:24.884000,0.54
12/21/2019 09:35:24.446000,0.41
12/21/2019 09:37:24.435000,0.0
12/21/2019 09:39:24.329000,0.0
12/21/2019 09:41:24.434000,0.0
12/21/2019 09:43:24.502000,0.0
12/21/2019 09:45:24.103000,0.07
12/21/2019 09:47:24.511000,0.0
12/21/2019 09:49:24.111000,0.0
12/21/2019 09:51:24.456000,0.0
12/21/2019 09:53:24.108000,0.0
12/21/2019 09:55:24.099000,0.0
12/21/2019 09:57:24.125000,0.0
12/21/2019 09:59:24.455000,0.0
12/21/2019 10:01:24.121000,0.0
12/21/2019 10:03:24.331000,0.0
12/21/2019 10:05:24.598000,0.0
12/21/2019 10:07:24.314000,0.0
12/21/2019 10:09:24.499000,0.0
12/21/2019 10:11:24.610000,0.0
12/21/2019 10:13:24.426000,0.12
12/21/2019 10:15:24.551000,0.0
12/21/2019 10:17:24.519000,0.0
12/21/2019 10:19:24.505000,0.0
12/21/2019 10:21:24.527000,0.0
12/21/2019 10:23:24.554000,0.0
12/21/2019 10:25:24.450000,0.0
12/21/2019 10:27:24.439000,0.0
12/21/2019 10:29:24.486000,0.0
12/21/2019 10:31:24.093000,0.06
12/21/2019 10:33:24.432000,0.0
12/21/2019 10:35:24.564000,0.0
12/21/2019 10:37:24.519000,0.0
12/21/2019 10:39:24.428000,0.0
12/21/2019 10:41:24.529000,0.0
12/21/2019 10:43:24.633000,0.0
12/21/2019 10:45:24.512000,0.0
12/21/2019 10:47:24.525000,0.0
12/21/2019 10:49:24.407000,0.0
12/21/2019 10:51:24.504000,0.0
12/21/2019 10:53:24.561000,0.0
12/21/2019 10:55:24.479000,0.0
12/21/2019 10:57:24.499000,0.0
12/21/2019 10:59:24.323000,0.0
12/21/2019 11:01:24.348000,0.0
12/21/2019 11:03:24.448000,0.0
12/21/2019 11:05:24.538000,0.0
12/21/2019 11:07:24.492000,0.0
12/21/2019 11:09:24.091000,0.0
12/21/2019 11:11:24.426000,0.17
12/21/2019 11:13:24.105000,0.0
12/21/2019 11:15:24.536000,0.09
12/21/2019 11:17:24.316000,0.0
12/21/2019 11:19:24.596000,0.0
12/21/2019 11:21:24.322000,0.0
12/21/2019 11:23:24.347000,0.0
12/21/2019 11:25:24.404000,0.01
12/21/2019 11:27:24.492000,0.0
12/21/2019 11:29:24.582000,0.0
12/21/2019 11:31:24.109000,0.14
12/21/2019 11:33:24.765000,0.0
12/21/2019 11:35:24.505000,0.13
12/21/2019 11:37:24.100000,0.07
12/21/2019 11:39:24.485000,0.0
12/21/2019 11:41:24.329000,0.0
12/21/2019 11:43:24.411000,0.0
12/21/2019 11:45:24.090000,0.0
12/21/2019 11:47:24.123000,0.09
12/21/2019 11:49:24.119000,0.0
12/21/2019 11:51:24.403000,0.0
12/21/2019 11:53:24.348000,0.0
12/21/2019 11:55:24.445000,0.07
12/21/2019 11:57:24.507000,0.0
12/21/2019 11:59:24.428000,0.0
12/21/2019 12:01:24.329000,0.0
12/21/2019 12:03:24.114000,0.0
12/21/2019 12:05:24.595000,0.01
12/21/2019 12:07:24.437000,0.26
12/21/2019 12:09:24.326000,0.0
12/21/2019 12:11:24.318000,0.0
12/21/2019 12:13:24.333000,0.0
12/21/2019 12:15:24.435000,0.21
12/21/2019 12:17:24.413000,0.14
12/21/2019 12:19:24.323000,0.14
12/21/2019 12:21:24.581000,0.13
12/21/2019 12:23:24.424000,0.04
12/21/2019 12:25:24.102000,0.0
12/21/2019 12:27:24.331000,0.1
12/21/2019 12:29:24.083000,0.0
12/21/2019 12:31:24.532000,0.0
12/21/2019 12:33:24.663000,0.0
12/21/2019 12:35:24.429000,0.08
12/21/2019 12:37:24.497000,0.0
12/21/2019 12:39:24.433000,0.0
12/21/2019 12:41:24.492000,0.0
12/21/2019 12:43:24.485000,0.0
12/21/2019 12:45:24.092000,0.41
12/21/2019 12:47:24.340000,0.03
12/21/2019 12:49:24.327000,0.0
12/21/2019 12:51:24.502000,0.0
12/21/2019 12:53:24.311000,0.0
12/21/2019 12:55:24.397000,0.0
12/21/2019 12:57:24.216000,0.0
12/21/2019 12:59:24.126000,0.07
12/21/2019 13:01:24.530000,0.0
12/21/2019 13:03:24.487000,0.0
12/21/2019 13:05:24.085000,0.0
12/21/2019 13:07:24.455000,0.0
12/21/2019 13:09:24.596000,0.0
12/21/2019 13:11:24.484000,0.09
12/21/2019 13:13:24.427000,0.0
12/21/2019 13:15:24.461000,0.0
12/21/2019 13:17:24.475000,0.07
12/21/2019 13:19:24.404000,0.23
12/21/2019 13:21:24.504000,0.0
12/21/2019 13:23:24.411000,0.0
12/21/2019 13:25:24.078000,0.0
12/21/2019 13:27:24.425000,0.04
12/21/2019 13:29:24.424000,0.25
12/21/2019 13:31:24.629000,0.17
12/21/2019 13:33:24.730000,0.16
12/21/2019 13:35:24.307000,0.28
12/21/2019 13:37:24.464000,0.0
12/21/2019 13:39:24.066000,0.0
12/21/2019 13:41:24.502000,1.37
12/21/2019 13:43:24.410000,0.84
12/21/2019 13:45:24.432000,0.0
12/21/2019 13:47:24.082000,0.14
12/21/2019 13:49:24.300000,0.0
12/21/2019 13:51:24.516000,0.0
12/21/2019 13:53:24.428000,0.03
12/21/2019 13:55:24.493000,1.57
12/21/2019 13:57:24.469000,0.09
12/21/2019 13:59:24.481000,0.25
12/21/2019 14:01:24.413000,0.06
12/21/2019 14:03:24.315000,0.07
12/21/2019 14:05:24.417000,0.0
12/21/2019 14:07:24.391000,0.0
12/21/2019 14:09:24.100000,0.0
12/21/2019 14:11:24.317000,0.0
12/21/2019 14:13:24.076000,0.0
12/21/2019 14:15:24.087000,0.0
12/21/2019 14:17:24.424000,0.39
12/21/2019 14:19:24.402000,1.91
12/21/2019 14:21:24.466000,1.14
12/21/2019 14:23:24.333000,0.22
12/21/2019 14:25:24.284000,0.23
12/21/2019 14:27:24.473000,0.0
12/21/2019 14:29:24.401000,0.0
12/21/2019 14:31:24.490000,0.53
12/21/2019 14:33:24.657000,0.28
12/21/2019 14:35:24.380000,0.04
12/21/2019 14:37:24.450000,0.0
12/21/2019 14:39:24.296000,0.44
12/21/2019 14:41:24.294000,0.46
12/21/2019 14:43:24.085000,0.09
12/21/2019 14:45:24.479000,3.01
12/21/2019 14:47:24.078000,0.18
12/21/2019 14:49:24.072000,0.23
12/21/2019 14:51:24.417000,0.76
12/21/2019 14:53:24.068000,1.1
12/21/2019 14:55:24.288000,0.76
12/21/2019 14:57:24.478000,0.28
12/21/2019 14:59:24.477000,0.3
12/21/2019 15:01:24.517000,0.21
12/21/2019 15:03:24.473000,0.18
12/21/2019 15:05:24.092000,0.09
12/21/2019 15:07:24.069000,0.03
12/21/2019 15:09:24.394000,0.25
12/21/2019 15:11:24.553000,0.26
12/21/2019 15:13:24.489000,0.46
12/21/2019 15:15:24.535000,0.56
12/21/2019 15:17:24.058000,0.91
12/21/2019 15:19:24.432000,0.74
12/21/2019 15:21:24.096000,1.45
12/21/2019 15:23:24.053000,1.84
12/21/2019 15:25:24.471000,0.83
12/21/2019 15:27:25.016000,0.26
12/21/2019 15:29:24.095000,0.66
12/21/2019 15:31:24.508000,1.27
12/21/2019 15:33:24.855000,1.35
12/21/2019 15:35:24.409000,2.69
12/21/2019 15:37:24.287000,1.1
12/21/2019 15:39:24.486000,1.31
12/21/2019 15:41:24.469000,1.16
12/21/2019 15:43:24.076000,1.18
12/21/2019 15:45:24.077000,2.37
12/21/2019 15:47:24.073000,1.56
12/21/2019 15:49:24.284000,2.46
12/21/2019 15:51:24.543000,2.09
12/21/2019 15:53:24.404000,3.55
12/21/2019 15:55:24.446000,4.69
12/21/2019 15:57:24.091000,2.47
12/21/2019 15:59:24.479000,1.49
12/21/2019 16:01:24.081000,2.01
12/21/2019 16:03:24.122000,1.76
12/21/2019 16:05:24.096000,2.4
12/21/2019 16:07:24.322000,2.11
12/21/2019 16:09:24.416000,2.25
12/21/2019 16:11:24.092000,3.0
12/21/2019 16:13:24.404000,2.63
12/21/2019 16:15:24.418000,2.38
12/21/2019 16:17:24.392000,2.03
12/21/2019 16:19:24.456000,2.19
12/21/2019 16:21:24.462000,1.79
12/21/2019 16:23:24.468000,1.65
12/21/2019 16:25:24.455000,1.96
12/21/2019 16:27:24.403000,1.72
12/21/2019 16:29:24.556000,2.16
12/21/2019 16:31:24.504000,2.04
12/21/2019 16:33:24.686000,2.08
12/21/2019 16:35:24.620000,2.37
12/21/2019 16:37:24.276000,2.67
12/21/2019 16:39:24.501000,2.84
12/21/2019 16:41:24.426000,2.51
12/21/2019 16:43:24.545000,3.26
12/21/2019 16:45:24.393000,2.98
12/21/2019 16:47:24.405000,3.26
12/21/2019 16:49:24.375000,3.59
12/21/2019 16:51:24.392000,3.92
12/21/2019 16:53:24.407000,4.14
12/21/2019 16:55:24.272000,3.73
12/21/2019 16:57:24.406000,3.76
12/21/2019 16:59:24.300000,3.8
12/21/2019 17:01:24.415000,3.87
12/21/2019 17:03:24.474000,4.21
12/21/2019 17:05:24.284000,4.54
12/21/2019 17:07:24.481000,4.58
12/21/2019 17:09:24.501000,3.83
12/21/2019 17:11:24.466000,4.87
12/21/2019 17:13:24.297000,4.76
12/21/2019 17:15:24.402000,5.61
12/21/2019 17:17:24.097000,3.86
12/21/2019 17:19:24.083000,3.6
12/21/2019 17:21:24.414000,2.79
12/21/2019 17:23:24.064000,1.0
12/21/2019 17:25:24.429000,1.33
12/21/2019 17:27:24.410000,1.0
12/21/2019 17:29:24.278000,0.39
12/21/2019 17:31:24.534000,0.58
12/21/2019 17:33:24.899000,0.26
12/21/2019 17:35:24.549000,0.32
12/21/2019 17:37:24.495000,0.81
12/21/2019 17:39:24.562000,0.49
12/21/2019 17:41:24.399000,0.17
12/21/2019 17:43:24.458000,0.26
12/21/2019 17:45:24.446000,0.21
12/21/2019 17:47:24.281000,1.0
12/21/2019 17:49:24.406000,0.87
12/21/2019 17:51:24.396000,1.33
12/21/2019 17:53:24.106000,1.43
12/21/2019 17:55:24.600000,1.36
12/21/2019 17:57:24.060000,1.36
12/21/2019 17:59:24.552000,1.37
12/21/2019 18:01:24.381000,1.01
12/21/2019 18:03:24.618000,0.87
12/21/2019 18:05:24.306000,0.47
12/21/2019 18:07:24.388000,0.64
12/21/2019 18:09:24.515000,0.87
12/21/2019 18:11:24.073000,0.6
12/21/2019 18:13:24.430000,0.89
12/21/2019 18:15:24.462000,1.16
12/21/2019 18:17:24.085000,0.87
12/21/2019 18:19:24.282000,1.44
12/21/2019 18:21:24.394000,1.23
12/21/2019 18:23:24.322000,1.01
12/21/2019 18:25:24.057000,0.93
12/21/2019 18:27:24.094000,0.96
12/21/2019 18:29:24.407000,1.07
12/21/2019 18:31:24.463000,1.11
12/21/2019 18:33:24.808000,1.75
12/21/2019 18:35:24.468000,1.62
12/21/2019 18:37:24.540000,1.21
12/21/2019 18:39:24.287000,1.01
12/21/2019 18:41:24.504000,1.13
12/21/2019 18:43:24.066000,0.54
12/21/2019 18:45:24.088000,0.79
12/21/2019 18:47:24.319000,0.8
12/21/2019 18:49:24.473000,0.94
12/21/2019 18:51:24.449000,0.81
12/21/2019 18:53:24.472000,1.09
12/21/2019 18:55:24.491000,1.25
12/21/2019 18:57:24.516000,1.5
12/21/2019 18:59:24.446000,1.03
12/21/2019 19:01:24.060000,1.31
12/21/2019 19:03:24.410000,1.47
12/21/2019 19:05:24.323000,1.39
12/21/2019 19:07:24.406000,0.87
12/21/2019 19:09:24.596000,0.49
12/21/2019 19:11:24.315000,0.53
12/21/2019 19:13:24.094000,0.83
12/21/2019 19:15:24.070000,1.53
12/21/2019 19:17:24.301000,1.46
12/21/2019 19:19:24.088000,1.16
12/21/2019 19:21:24.055000,1.0
12/21/2019 19:23:24.486000,1.41
12/21/2019 19:25:24.427000,0.86
12/21/2019 19:27:24.525000,1.15
12/21/2019 19:29:24.583000,1.09
12/21/2019 19:31:24.485000,0.84
12/21/2019 19:33:24.818000,0.94
12/21/2019 19:35:24.466000,0.93
12/21/2019 19:37:24.488000,0.93
12/21/2019 19:39:24.398000,0.75
12/21/2019 19:41:24.086000,1.0
12/21/2019 19:43:24.317000,1.02
12/21/2019 19:45:24.510000,0.96
12/21/2019 19:47:24.093000,1.21
12/21/2019 19:49:24.076000,1.28
12/21/2019 19:51:24.104000,1.64
12/21/2019 19:53:24.492000,0.79
12/21/2019 19:55:24.409000,0.49
12/21/2019 19:57:24.330000,0.3
12/21/2019 19:59:24.325000,0.04
12/21/2019 20:01:24.577000,0.04
12/21/2019 20:03:24.496000,0.1
12/21/2019 20:05:24.097000,0.0
12/21/2019 20:07:24.576000,0.0
12/21/2019 20:09:24.108000,0.0
12/21/2019 20:11:24.298000,0.18
12/21/2019 20:13:24.513000,0.01
12/21/2019 20:15:24.431000,0.08
12/21/2019 20:17:24.471000,0.03
12/21/2019 20:19:24.510000,0.04
12/21/2019 20:21:24.485000,0.27
12/21/2019 20:23:24.431000,0.09
12/21/2019 20:25:24.562000,0.0
12/21/2019 20:27:24.088000,0.22
12/21/2019 20:29:24.513000,0.16
12/21/2019 20:31:24.482000,0.0
12/21/2019 20:33:24.408000,0.03
12/21/2019 20:35:24.468000,0.33
12/21/2019 20:37:24.397000,0.28
12/21/2019 20:39:24.320000,0.03
12/21/2019 20:41:24.543000,0.03
12/21/2019 20:43:24.570000,0.16
12/21/2019 20:45:24.528000,0.07
12/21/2019 20:47:24.577000,0.04
12/21/2019 20:49:24.512000,0.0
12/21/2019 20:51:24.333000,0.02
12/21/2019 20:53:24.567000,0.18
12/21/2019 20:55:24.502000,0.2
12/21/2019 20:57:24.514000,0.19
12/21/2019 20:59:24.539000,0.34
12/21/2019 21:01:24.505000,0.43
12/21/2019 21:03:24.412000,0.51
12/21/2019 21:05:24.430000,1.0
12/21/2019 21:07:24.410000,0.68
12/21/2019 21:09:24.084000,0.5
12/21/2019 21:11:24.352000,1.09
12/21/2019 21:13:24.322000,0.96
12/21/2019 21:15:24.351000,0.9
12/21/2019 21:17:24.331000,0.76
12/21/2019 21:19:24.699000,0.84
12/21/2019 21:21:24.447000,1.01
12/21/2019 21:23:24.103000,1.71
12/21/2019 21:25:24.434000,1.57
12/21/2019 21:27:24.326000,2.29
12/21/2019 21:29:24.417000,2.54
12/21/2019 21:31:24.093000,2.38
12/21/2019 21:33:24.945000,2.16
12/21/2019 21:35:24.452000,2.17
12/21/2019 21:37:24.422000,2.36
12/21/2019 21:39:24.118000,1.62
12/21/2019 21:41:24.449000,2.77
12/21/2019 21:43:24.513000,2.61
12/21/2019 21:45:24.489000,1.96
12/21/2019 21:47:24.439000,2.53
12/21/2019 21:49:24.496000,2.86
12/21/2019 21:51:24.489000,2.81
12/21/2019 21:53:24.435000,3.07
12/21/2019 21:55:24.329000,3.36
12/21/2019 21:57:24.553000,3.9
12/21/2019 21:59:24.482000,3.16
12/21/2019 22:01:24.084000,3.49
12/21/2019 22:03:24.720000,3.73
12/21/2019 22:05:24.319000,3.38
12/21/2019 22:07:24.396000,3.39
12/21/2019 22:09:24.412000,4.13
12/21/2019 22:11:24.514000,3.9
12/21/2019 22:13:24.103000,3.82
12/21/2019 22:15:24.309000,4.74
12/21/2019 22:17:24.183000,3.87
12/21/2019 22:19:24.488000,4.42
12/21/2019 22:21:24.585000,4.24
12/21/2019 22:23:24.437000,4.19
12/21/2019 22:25:24.512000,5.32
12/21/2019 22:27:24.109000,5.19
12/21/2019 22:29:24.537000,5.26
12/21/2019 22:31:24.429000,4.9
12/21/2019 22:33:24.703000,5.14
12/21/2019 22:35:24.398000,4.59
12/21/2019 22:37:24.344000,5.39
12/21/2019 22:39:24.495000,6.64
12/21/2019 22:41:24.551000,6.9
12/21/2019 22:43:24.497000,6.5
12/21/2019 22:45:24.713000,6.23
12/21/2019 22:47:24.481000,7.49
12/21/2019 22:49:24.499000,7.22
12/21/2019 22:51:24.522000,6.78
12/21/2019 22:53:24.363000,6.57
12/21/2019 22:55:24.429000,6.53
12/21/2019 22:57:24.402000,6.69
12/21/2019 22:59:24.116000,6.55
12/21/2019 23:01:24.513000,6.4
12/21/2019 23:03:24.527000,6.84
12/21/2019 23:05:24.110000,6.27
12/21/2019 23:07:24.419000,6.04
12/21/2019 23:09:24.445000,5.18
12/21/2019 23:11:24.433000,6.1
12/21/2019 23:13:24.430000,6.04
12/21/2019 23:15:24.480000,7.22
12/21/2019 23:17:24.612000,6.78
12/21/2019 23:19:24.520000,7.19
12/21/2019 23:21:24.534000,6.54
12/21/2019 23:23:24.107000,6.91
12/21/2019 23:25:24.515000,6.68
12/21/2019 23:27:24.413000,6.76
12/21/2019 23:29:24.451000,6.58
12/21/2019 23:31:24.132000,6.8
12/21/2019 23:33:24.498000,6.48
12/21/2019 23:35:24.533000,6.13
12/21/2019 23:37:24.334000,6.66
12/21/2019 23:39:24.616000,6.86
12/21/2019 23:41:24.504000,7.14
12/21/2019 23:43:24.589000,6.47
12/21/2019 23:45:24.518000,7.54
12/21/2019 23:47:24.108000,6.06
12/21/2019 23:49:24.446000,7.22
12/21/2019 23:51:24.458000,6.47
12/21/2019 23:53:24.322000,7.06
12/21/2019 23:55:24.582000,7.94
12/21/2019 23:57:24.102000,8.09
12/21/2019 23:59:24.133000,8.24
12/22/2019 00:01:24.457000,7.74
12/22/2019 00:03:24.500000,8.26
12/22/2019 00:05:24.491000,8.09
12/22/2019 00:07:24.429000,8.36
12/22/2019 00:09:24.551000,8.29
12/22/2019 00:11:24.102000,9.5
12/22/2019 00:13:24.534000,9.52
12/22/2019 00:15:24.104000,9.7
12/22/2019 00:17:24.116000,8.82
12/22/2019 00:19:24.685000,8.13
12/22/2019 00:21:24.113000,8.86
12/22/2019 00:23:24.619000,8.65
12/22/2019 00:25:24.508000,8.22
12/22/2019 00:27:24.595000,7.7
12/22/2019 00:29:24.343000,9.35
12/22/2019 00:31:24.407000,8.81
12/22/2019 00:33:24.442000,9.26
12/22/2019 00:35:24.443000,8.87
12/22/2019 00:37:24.124000,8.06
12/22/2019 00:39:24.434000,7.86
12/22/2019 00:41:24.360000,8.24
12/22/2019 00:43:24.465000,8.99
12/22/2019 00:45:24.344000,9.47
12/22/2019 00:47:24.117000,8.16
12/22/2019 00:49:24.364000,9.09
12/22/2019 00:51:25.084000,10.79
12/22/2019 00:53:24.505000,10.66
12/22/2019 00:55:24.124000,10.59
12/22/2019 00:57:24.439000,10.09
12/22/2019 00:59:24.506000,10.88
12/22/2019 01:01:24.149000,11.28
12/22/2019 01:03:24.523000,11.93
12/22/2019 01:05:24.561000,13.65
12/22/2019 01:07:24.496000,13.88
12/22/2019 01:09:24.132000,15.7
12/22/2019 01:11:24.422000,14.31
12/22/2019 01:13:24.503000,14.9
12/22/2019 01:15:24.112000,12.74
12/22/2019 01:17:24.322000,14.57
12/22/2019 01:19:24.441000,12.82
12/22/2019 01:21:24.402000,11.04
12/22/2019 01:23:24.520000,10.15
12/22/2019 01:25:24.596000,9.9
12/22/2019 01:27:24.464000,10.54
12/22/2019 01:29:24.452000,10.43
12/22/2019 01:31:24.546000,11.23
12/22/2019 01:33:24.991000,9.51
12/22/2019 01:35:24.334000,9.56
12/22/2019 01:37:24.530000,9.89
12/22/2019 01:39:24.328000,11.54
12/22/2019 01:41:24.508000,10.67
12/22/2019 01:43:24.471000,9.8
12/22/2019 01:45:24.383000,11.0
12/22/2019 01:47:24.119000,9.42
12/22/2019 01:49:24.093000,9.64
12/22/2019 01:51:24.443000,9.9
12/22/2019 01:53:24.433000,8.28
12/22/2019 01:55:24.471000,8.65
12/22/2019 01:57:24.596000,8.24
12/22/2019 01:59:24.497000,8.64
12/22/2019 02:03:24.426000,7.81
12/22/2019 02:05:24.395000,9.41
12/22/2019 02:07:24.625000,10.34
12/22/2019 02:09:24.339000,11.33
12/22/2019 02:11:24.361000,11.51
12/22/2019 02:13:24.434000,14.48
12/22/2019 02:15:24.582000,13.59
12/22/2019 02:17:24.309000,14.48
12/22/2019 02:19:24.529000,12.14
12/22/2019 02:21:24.511000,14.93
12/22/2019 02:23:24.450000,13.42
12/22/2019 02:25:24.429000,12.55
12/22/2019 02:27:24.125000,11.65
12/22/2019 02:29:24.553000,13.58
12/22/2019 02:31:24.237000,12.3
12/22/2019 02:33:24.692000,11.46
12/22/2019 02:35:24.581000,12.84
12/22/2019 02:37:24.312000,11.19
12/22/2019 02:39:24.543000,13.78
12/22/2019 02:41:24.605000,15.94
12/22/2019 02:43:24.547000,20.89
12/22/2019 02:45:24.347000,20.29
12/22/2019 02:47:24.461000,19.35
12/22/2019 02:49:24.512000,21.07
12/22/2019 02:51:24.330000,20.69
12/22/2019 02:53:24.579000,22.03
12/22/2019 02:55:24.507000,18.76
12/22/2019 02:57:24.432000,15.36
12/22/2019 02:59:24.121000,14.86
12/22/2019 03:01:24.608000,15.8
12/22/2019 03:03:24.123000,14.4
12/22/2019 03:05:24.515000,12.97
12/22/2019 03:07:24.441000,13.56
12/22/2019 03:09:24.382000,14.34
12/22/2019 03:11:24.709000,11.44
12/22/2019 03:13:24.448000,10.06
12/22/2019 03:15:24.113000,7.09
12/22/2019 03:17:24.122000,8.88
12/22/2019 03:19:24.513000,9.69
12/22/2019 03:21:24.506000,10.49
12/22/2019 03:23:24.088000,9.96
12/22/2019 03:25:24.125000,9.69
12/22/2019 03:27:24.431000,7.96
12/22/2019 03:29:24.110000,8.0
12/22/2019 03:31:24.602000,11.15
12/22/2019 03:33:24.431000,12.87
12/22/2019 03:35:24.182000,8.46
12/22/2019 03:37:24.480000,13.84
12/22/2019 03:39:24.430000,14.16
12/22/2019 03:41:24.422000,10.52
12/22/2019 03:43:24.122000,9.29
12/22/2019 03:45:24.116000,11.19
12/22/2019 03:47:24.102000,11.97
12/22/2019 03:49:24.610000,12.73
12/22/2019 03:51:24.449000,13.39
12/22/2019 03:53:24.689000,10.03
12/22/2019 03:55:24.495000,12.82
12/22/2019 03:57:24.439000,12.57
12/22/2019 03:59:24.589000,12.3
12/22/2019 04:01:24.419000,11.08
12/22/2019 04:03:24.424000,10.33
12/22/2019 04:05:24.319000,10.0
12/22/2019 04:07:24.434000,13.84
12/22/2019 04:09:24.365000,13.34
12/22/2019 04:11:24.477000,15.32
12/22/2019 04:13:24.407000,13.07
12/22/2019 04:15:24.088000,13.05
12/22/2019 04:17:24.424000,11.56
12/22/2019 04:19:24.425000,11.14
12/22/2019 04:21:24.441000,11.26
12/22/2019 04:23:24.318000,11.63
12/22/2019 04:25:24.591000,11.43
12/22/2019 04:27:24.417000,10.83
12/22/2019 04:29:24.392000,11.64
12/22/2019 04:31:24.106000,10.29
12/22/2019 04:33:24.757000,8.49
12/22/2019 04:35:24.489000,9.24
12/22/2019 04:37:24.430000,10.9
12/22/2019 04:39:24.499000,8.76
12/22/2019 04:41:24.493000,7.51
12/22/2019 04:43:24.112000,7.23
12/22/2019 04:45:24.599000,6.43
12/22/2019 04:47:24.524000,6.9
12/22/2019 04:49:24.114000,7.11
12/22/2019 04:51:24.085000,6.41
12/22/2019 04:53:24.524000,8.34
12/22/2019 04:55:24.480000,6.72
12/22/2019 04:57:24.516000,6.54
12/22/2019 04:59:26.874000,6.97
12/22/2019 05:01:24.484000,7.32
12/22/2019 05:03:24.107000,6.66
12/22/2019 05:05:24.508000,6.31
12/22/2019 05:07:24.086000,7.17
12/22/2019 05:09:24.586000,8.08
12/22/2019 05:11:24.090000,7.06
12/22/2019 05:13:24.474000,7.51
12/22/2019 05:15:24.549000,7.9
12/22/2019 05:17:24.433000,8.07
12/22/2019 05:19:24.513000,12.87
12/22/2019 05:21:24.084000,16.34
12/22/2019 05:23:24.113000,14.4
12/22/2019 05:25:24.302000,10.17
12/22/2019 05:27:24.511000,12.54
12/22/2019 05:29:24.440000,14.54
12/22/2019 05:31:24.560000,11.0
12/22/2019 05:33:24.656000,8.23
12/22/2019 05:35:24.591000,10.68
12/22/2019 05:37:24.570000,9.01
12/22/2019 05:39:24.492000,8.33
12/22/2019 05:41:24.504000,9.37
12/22/2019 05:43:24.328000,8.25
12/22/2019 05:45:24.513000,10.3
12/22/2019 05:47:24.316000,8.72
12/22/2019 05:49:24.310000,10.51
12/22/2019 05:51:24.434000,8.0
12/22/2019 05:53:24.421000,8.09
12/22/2019 05:55:24.335000,6.21
12/22/2019 05:57:24.317000,6.18
12/22/2019 05:59:24.810000,7.34
12/22/2019 06:01:24.571000,8.71
12/22/2019 06:03:24.548000,6.82
12/22/2019 06:05:24.502000,6.87
12/22/2019 06:07:24.310000,7.47
12/22/2019 06:09:24.507000,8.06
12/22/2019 06:11:24.111000,8.43
12/22/2019 06:13:24.424000,10.24
12/22/2019 06:15:24.116000,8.34
12/22/2019 06:17:24.092000,8.34
12/22/2019 06:19:24.589000,9.92
12/22/2019 06:21:24.511000,9.41
12/22/2019 06:23:24.405000,9.01
12/22/2019 06:25:24.479000,8.37
12/22/2019 06:27:24.406000,8.29
12/22/2019 06:29:24.626000,6.27
12/22/2019 06:31:24.523000,6.21
12/22/2019 06:33:24.414000,5.03
12/22/2019 06:35:24.433000,7.48
12/22/2019 06:37:24.105000,6.6
12/22/2019 06:39:24.439000,7.18
12/22/2019 06:41:24.601000,6.9
12/22/2019 06:43:24.494000,7.33
12/22/2019 06:45:24.607000,6.37
12/22/2019 06:47:24.899000,7.74
12/22/2019 06:49:24.403000,6.82
12/22/2019 06:51:24.425000,6.86
12/22/2019 06:53:24.332000,6.56
12/22/2019 06:55:24.404000,5.68
12/22/2019 06:57:24.431000,4.03
12/22/2019 06:59:24.309000,2.75
12/22/2019 07:01:24.435000,2.7
12/22/2019 07:03:24.081000,1.61
12/22/2019 07:05:24.484000,1.49
12/22/2019 07:07:24.308000,1.92
12/22/2019 07:09:24.579000,3.32
12/22/2019 07:11:24.103000,3.13
12/22/2019 07:13:24.533000,3.79
12/22/2019 07:15:24.511000,4.31
12/22/2019 07:17:24.481000,4.77
12/22/2019 07:19:24.417000,5.68
12/22/2019 07:21:24.317000,5.76
12/22/2019 07:23:24.103000,7.4
12/22/2019 07:25:24.753000,6.36
12/22/2019 07:27:24.497000,5.22
12/22/2019 07:29:24.562000,6.04
12/22/2019 07:31:24.097000,6.87
12/22/2019 07:33:24.677000,5.8
12/22/2019 07:35:24.417000,6.23
12/22/2019 07:37:24.085000,4.8
12/22/2019 07:39:24.340000,3.49
12/22/2019 07:41:24.092000,3.04
12/22/2019 07:43:24.334000,2.99
12/22/2019 07:45:24.560000,2.75
12/22/2019 07:47:24.436000,3.46
12/22/2019 07:49:24.421000,2.91
12/22/2019 07:51:24.309000,3.07
12/22/2019 07:53:24.433000,2.59
12/22/2019 07:55:24.511000,2.51
12/22/2019 07:57:24.403000,2.94
12/22/2019 07:59:24.425000,2.11
12/22/2019 08:01:24.113000,2.39
12/22/2019 08:03:24.493000,2.36
12/22/2019 08:05:24.315000,2.51
12/22/2019 08:07:24.531000,2.41
12/22/2019 08:09:24.085000,2.51
12/22/2019 08:11:24.407000,1.88
12/22/2019 08:13:24.428000,2.47
12/22/2019 08:15:24.404000,3.1
12/22/2019 08:17:24.095000,3.0
12/22/2019 08:19:24.490000,3.13
12/22/2019 08:21:24.421000,2.52
12/22/2019 08:23:24.398000,2.37
12/22/2019 08:25:24.487000,2.92
12/22/2019 08:27:24.560000,2.46
12/22/2019 08:31:24.483000,2.76
12/22/2019 08:33:24.920000,2.18
12/22/2019 08:35:24.468000,2.04
12/22/2019 08:37:24.292000,2.33
12/22/2019 08:39:24.098000,2.6
12/22/2019 08:41:24.566000,2.75
12/22/2019 08:43:24.530000,2.03
12/22/2019 08:45:24.103000,2.04
12/22/2019 08:47:24.079000,2.82
12/22/2019 08:49:24.093000,2.13
12/22/2019 08:51:24.099000,2.11
12/22/2019 08:53:24.314000,1.97
12/22/2019 08:55:24.469000,1.4
12/22/2019 08:57:24.079000,1.26
12/22/2019 08:59:24.584000,1.8
12/22/2019 09:01:24.521000,2.01
12/22/2019 09:03:24.413000,1.78
12/22/2019 09:05:24.486000,1.19
12/22/2019 09:07:24.403000,1.73
12/22/2019 09:41:25.494000,0.57
12/22/2019 09:43:25.276000,0.49
12/22/2019 09:45:25.370000,0.94
12/22/2019 09:47:25.366000,0.94
12/22/2019 09:49:25.416000,0.96
12/22/2019 09:51:25.049000,0.32
12/22/2019 09:53:25.371000,0.86
12/22/2019 09:55:25.359000,0.8
12/22/2019 09:57:25.463000,0.76
12/22/2019 09:59:25.527000,0.78
12/22/2019 10:01:25.395000,0.69
12/22/2019 10:03:25.264000,0.24
12/22/2019 10:05:25.431000,0.88
12/22/2019 10:07:25.016000,0.83
12/22/2019 10:09:25.358000,0.73
12/22/2019 10:11:25.455000,0.74
12/22/2019 10:13:25.505000,0.76
12/22/2019 10:15:25.382000,0.9
12/22/2019 10:17:25.034000,0.83
12/22/2019 10:19:25.530000,0.99
12/22/2019 10:21:25.409000,0.71
12/22/2019 10:23:25.461000,0.97
12/22/2019 10:25:25.381000,1.11
12/22/2019 10:27:25.391000,0.58
12/22/2019 10:29:25.389000,0.41
12/22/2019 10:31:25.238000,0.39
12/22/2019 10:33:25.385000,0.63
12/22/2019 10:35:25.454000,0.1
12/22/2019 10:37:25.397000,0.21
12/22/2019 10:39:25.357000,0.24
12/22/2019 10:41:25.597000,0.4
12/22/2019 10:43:25.492000,0.77
12/22/2019 10:45:25.022000,0.26
12/22/2019 10:47:25.408000,0.12
12/22/2019 10:49:25.251000,0.58
12/22/2019 10:51:25.505000,0.22
12/22/2019 10:53:25.285000,0.36
12/22/2019 10:55:25.252000,0.25
12/22/2019 10:57:25.292000,0.28
12/22/2019 10:59:25.362000,0.06
12/22/2019 11:01:25.432000,0.1
12/22/2019 11:03:25.480000,0.26
12/22/2019 11:05:25.015000,0.0
12/22/2019 11:07:25.320000,0.23
12/22/2019 11:09:25.242000,0.04
12/22/2019 11:11:25.048000,0.07
12/22/2019 11:13:25.495000,0.16
12/22/2019 11:15:25.448000,0.0
12/22/2019 11:17:25.311000,0.0
12/22/2019 11:19:25.358000,0.24
12/22/2019 11:21:25.345000,0.18
12/22/2019 11:23:25.371000,0.0
12/22/2019 11:25:25.531000,0.0
12/22/2019 11:27:25.356000,0.03
12/22/2019 11:29:25.420000,0.0
12/22/2019 11:31:25.361000,0.0
12/22/2019 11:33:25.252000,0.0
12/22/2019 11:35:25.485000,0.0
12/22/2019 11:37:25.415000,0.05
12/22/2019 11:39:25.050000,0.06
12/22/2019 11:41:25.671000,0.0
12/22/2019 11:43:25.547000,0.1
12/22/2019 11:45:25.512000,0.14
12/22/2019 11:47:25.034000,0.04
12/22/2019 11:49:25.479000,0.0
12/22/2019 11:51:25.279000,0.0
12/22/2019 11:53:25.405000,0.0
12/22/2019 11:55:25.376000,0.0
12/22/2019 11:57:25.303000,0.0
12/22/2019 11:59:25.403000,0.0
12/22/2019 12:01:25.416000,0.0
12/22/2019 12:03:25.293000,0.09
12/22/2019 12:05:25.244000,0.01
12/22/2019 12:07:25.348000,0.0
12/22/2019 12:09:25.621000,0.07
12/22/2019 12:11:25.374000,0.09
12/22/2019 12:13:25.055000,0.0
12/22/2019 12:15:25.242000,0.04
12/22/2019 12:17:25.529000,0.0
12/22/2019 12:19:25.264000,0.0
12/22/2019 12:21:25.535000,0.25
12/22/2019 12:23:25.008000,0.0
12/22/2019 12:25:25.016000,0.17
12/22/2019 12:27:25.488000,0.0
12/22/2019 12:29:25.419000,0.0
12/22/2019 12:31:25.465000,0.0
12/22/2019 12:33:25.722000,0.0
12/22/2019 12:35:25.365000,0.22
12/22/2019 12:37:25.070000,0.1
12/22/2019 12:39:25.255000,0.0
12/22/2019 12:41:25.700000,0.0
12/22/2019 12:43:25.414000,0.0
12/22/2019 12:45:25.358000,0.3
12/22/2019 12:47:25.020000,0.0
12/22/2019 12:49:25.348000,0.0
12/22/2019 12:51:25.377000,0.0
12/22/2019 12:53:25.357000,0.0
12/22/2019 12:55:25.421000,0.0
12/22/2019 12:57:25.054000,0.0
12/22/2019 12:59:25.487000,0.39
12/22/2019 13:01:25.407000,0.0
12/22/2019 13:03:25.468000,0.0
12/22/2019 13:05:25.431000,0.0
12/22/2019 13:07:25.365000,0.0
12/22/2019 13:09:25.370000,0.22
12/22/2019 13:11:25.367000,0.04
12/22/2019 13:13:25.480000,0.0
12/22/2019 13:15:25.019000,0.0
12/22/2019 13:17:25.386000,0.0
12/22/2019 13:19:25.364000,0.0
12/22/2019 13:21:25.444000,0.0
12/22/2019 13:23:25.428000,0.07
12/22/2019 13:25:25.250000,0.25
12/22/2019 13:27:25.489000,0.22
12/22/2019 13:29:25.425000,0.16
12/22/2019 13:31:25.326000,0.0
12/22/2019 13:33:25.014000,0.2
12/22/2019 13:35:25.412000,0.13
12/22/2019 13:37:25.450000,0.36
12/22/2019 13:39:25.269000,0.51
12/22/2019 13:41:25.741000,0.0
12/22/2019 13:43:25.482000,0.0
12/22/2019 13:45:25.358000,0.88
12/22/2019 13:47:25.278000,1.01
12/22/2019 13:49:25.414000,0.96
12/22/2019 13:51:25.462000,0.79
12/22/2019 13:53:25.249000,0.58
12/22/2019 13:55:25.439000,0.32
12/22/2019 13:57:25.341000,0.75
12/22/2019 13:59:25.360000,0.33
12/22/2019 14:01:25.265000,0.84
12/22/2019 14:03:25.235000,1.34
12/22/2019 14:05:25.361000,0.0
12/22/2019 14:07:25.342000,0.03
12/22/2019 14:09:25.340000,0.09
12/22/2019 14:11:25.021000,0.75
12/22/2019 14:13:25.301000,0.49
12/22/2019 14:15:25.277000,0.43
12/22/2019 14:17:25.341000,0.21
12/22/2019 14:19:25.394000,0.0
12/22/2019 14:21:25.005000,0.09
12/22/2019 14:23:25.264000,0.27
12/22/2019 14:25:25.407000,0.27
12/22/2019 14:27:25.037000,0.16
12/22/2019 14:29:25.484000,0.12
12/22/2019 14:31:25.398000,0.0
12/22/2019 14:33:25.396000,0.1
12/22/2019 14:35:25.035000,0.0
12/22/2019 14:37:25.042000,0.01
12/22/2019 14:39:25.378000,0.27
12/22/2019 14:41:25.578000,0.52
12/22/2019 14:43:25.435000,0.33
12/22/2019 14:45:25.003000,1.0
12/22/2019 14:47:25.412000,1.23
12/22/2019 14:49:25.461000,1.51
12/22/2019 14:51:25.026000,1.72
12/22/2019 14:53:25.237000,0.83
12/22/2019 14:55:25.002000,1.4
12/22/2019 14:57:25.028000,1.06
12/22/2019 14:59:25.239000,1.31
12/22/2019 15:01:25.337000,1.5
12/22/2019 15:03:25.339000,1.18
12/22/2019 15:05:25.395000,1.24
12/22/2019 15:07:25.335000,1.3
12/22/2019 15:09:25.029000,0.72
12/22/2019 15:11:25.491000,0.24
12/22/2019 15:13:25.027000,0.5
12/22/2019 15:15:25.066000,0.36
12/22/2019 15:17:25.228000,0.26
12/22/2019 15:19:25.043000,0.13
12/22/2019 15:21:25.516000,0.59
12/22/2019 15:23:25.355000,0.26
12/22/2019 15:25:25.402000,0.39
12/22/2019 15:27:25.310000,0.0
12/22/2019 15:29:25.442000,0.28
12/22/2019 15:31:25.482000,0.1
12/22/2019 15:33:25.337000,0.43
12/22/2019 15:35:25.341000,0.56
12/22/2019 15:37:25.246000,0.57
12/22/2019 15:39:25.443000,0.34
12/22/2019 15:41:25.627000,0.48
12/22/2019 15:43:25.399000,0.33
12/22/2019 15:45:25.243000,0.51
12/22/2019 15:47:25.498000,0.48
12/22/2019 15:49:25.423000,0.5
12/22/2019 15:51:25.354000,0.59
12/22/2019 15:53:25.061000,0.18
12/22/2019 15:55:24.994000,0.24
12/22/2019 15:57:25.263000,0.75
12/22/2019 15:59:25.402000,1.23
12/22/2019 16:01:25.496000,0.81
12/22/2019 16:03:25.506000,0.74
12/22/2019 16:05:25.343000,0.86
12/22/2019 16:07:25.050000,0.75
12/22/2019 16:09:25.012000,0.31
12/22/2019 16:11:25.345000,0.66
12/22/2019 16:13:25.466000,0.71
12/22/2019 16:15:25.339000,0.93
12/22/2019 16:17:25.043000,0.4
12/22/2019 16:19:25.002000,0.73
12/22/2019 16:21:25.040000,0.65
12/22/2019 16:23:25.506000,0.81
12/22/2019 16:25:25.450000,0.25
12/22/2019 16:27:25.242000,0.32
12/22/2019 16:29:25.259000,0.44
12/22/2019 16:31:25.016000,0.54
12/22/2019 16:33:25.330000,1.1
12/22/2019 16:35:25.466000,0.84
12/22/2019 16:37:25.362000,0.96
12/22/2019 16:39:25.253000,1.35
12/22/2019 16:41:25.666000,0.23
12/22/2019 16:43:25.034000,1.03
12/22/2019 16:45:25.231000,1.22
12/22/2019 16:47:25.433000,0.72
12/22/2019 16:49:25.403000,1.13
12/22/2019 16:51:25.195000,1.51
12/22/2019 16:53:25.442000,1.13
12/22/2019 16:55:25.603000,1.63
12/22/2019 16:57:25.258000,1.45
12/22/2019 16:59:25.333000,0.59
12/22/2019 17:01:25.108000,1.13
12/22/2019 17:03:25.346000,1.46
12/22/2019 17:05:25.239000,0.79
12/22/2019 17:07:25.489000,0.97
12/22/2019 17:09:25.354000,0.47
12/22/2019 17:11:25.386000,0.8
12/22/2019 17:13:25.429000,0.41
12/22/2019 17:15:25.221000,0.74
12/22/2019 17:17:25.047000,0.55
12/22/2019 17:19:25.332000,0.61
12/22/2019 17:21:25.358000,1.68
12/22/2019 17:23:25.355000,2.3
12/22/2019 17:25:25.342000,2.24
12/22/2019 17:27:25.349000,2.93
12/22/2019 17:29:25.231000,3.0
12/22/2019 17:31:25.488000,2.82
12/22/2019 17:33:25.410000,2.54
12/22/2019 17:35:25.287000,2.29
12/22/2019 17:37:25.394000,2.51
12/22/2019 17:39:25.462000,2.41
12/22/2019 17:41:25.787000,1.58
12/22/2019 17:43:25.425000,1.3
12/22/2019 17:45:25.453000,1.45
12/22/2019 17:47:25.011000,1.1
12/22/2019 17:49:25.499000,0.76
12/22/2019 17:51:25.282000,0.94
12/22/2019 17:53:25.351000,0.82
12/22/2019 17:55:25.489000,0.3
12/22/2019 17:57:25.434000,0.16
12/22/2019 17:59:25.442000,0.18
12/22/2019 18:01:25.279000,0.0
12/22/2019 18:03:25.344000,0.13
12/22/2019 18:05:25.002000,0.21
12/22/2019 18:07:25.022000,0.57
12/22/2019 18:09:25.393000,0.91
12/22/2019 18:11:25.280000,1.11
12/22/2019 18:13:25.402000,1.28
12/22/2019 18:15:25.291000,1.06
12/22/2019 18:17:25.284000,1.07
12/22/2019 18:19:25.009000,1.12
12/22/2019 18:21:25.500000,1.81
12/22/2019 18:23:25.396000,0.86
12/22/2019 18:25:25.388000,0.52
12/22/2019 18:27:25.358000,0.35
12/22/2019 18:29:25.351000,0.0
12/22/2019 18:31:25.292000,0.1
12/22/2019 18:33:25.353000,0.04
12/22/2019 18:35:25.274000,0.04
12/22/2019 18:37:25.031000,0.03
12/22/2019 18:39:25.447000,0.0
12/22/2019 18:41:25.396000,0.0
12/22/2019 18:43:25.345000,0.06
12/22/2019 18:45:25.369000,0.0
12/22/2019 18:47:25.407000,0.0
12/22/2019 18:49:25.376000,0.0
12/22/2019 18:51:25.339000,0.0
12/22/2019 18:53:25.369000,0.03
12/22/2019 18:55:25.506000,0.0
12/22/2019 18:57:25.531000,0.12
12/22/2019 18:59:25.038000,0.0
12/22/2019 19:01:25.300000,0.27
12/22/2019 19:03:25.364000,0.0
12/22/2019 19:05:25.480000,0.0
12/22/2019 19:07:25.266000,0.0
12/22/2019 19:09:25.280000,0.05
12/22/2019 19:11:25.275000,0.0
12/22/2019 19:13:25.534000,0.09
12/22/2019 19:15:25.328000,0.0
12/22/2019 19:17:25.476000,0.0
12/22/2019 19:19:25.506000,0.0
12/22/2019 19:21:25.378000,0.0
12/22/2019 19:23:25.449000,0.13
12/22/2019 19:25:25.424000,0.0
12/22/2019 19:27:25.055000,0.0
12/22/2019 19:29:25.703000,0.0
12/22/2019 19:31:25.023000,0.0
12/22/2019 19:33:25.383000,0.0
12/22/2019 19:35:25.030000,0.18
12/22/2019 19:37:25.321000,0.0
12/22/2019 19:39:25.103000,0.0
12/22/2019 19:41:25.724000,0.0
12/22/2019 19:43:25.547000,0.0
12/22/2019 19:45:25.038000,0.45
12/22/2019 19:47:25.411000,0.32
12/22/2019 19:49:25.031000,0.13
12/22/2019 19:51:25.061000,0.0
12/22/2019 19:53:25.282000,0.03
12/22/2019 19:55:25.281000,0.0
12/22/2019 19:57:25.372000,0.0
12/22/2019 19:59:25.284000,0.04
12/22/2019 20:01:25.506000,0.44
12/22/2019 20:03:25.020000,0.03
12/22/2019 20:05:25.400000,0.04
12/22/2019 20:07:25.022000,0.0
12/22/2019 20:09:25.056000,0.0
12/22/2019 20:11:25.104000,0.0
12/22/2019 20:13:25.510000,0.0
12/22/2019 20:15:25.509000,0.0
12/22/2019 20:17:25.272000,0.23
12/22/2019 20:19:25.367000,0.07
12/22/2019 20:21:25.363000,0.0
12/22/2019 20:23:25.489000,0.0
12/22/2019 20:25:25.612000,0.0
12/22/2019 20:27:25.372000,0.0
12/22/2019 20:29:25.412000,0.01
12/22/2019 20:31:25.376000,0.0
12/22/2019 20:33:25.265000,0.03
12/22/2019 20:35:25.384000,0.03
12/22/2019 20:37:25.037000,0.16
12/22/2019 20:39:25.057000,0.0
12/22/2019 20:41:25.673000,0.19
12/22/2019 20:43:25.356000,0.0
12/22/2019 20:45:25.429000,0.0
12/22/2019 20:47:25.451000,0.0
12/22/2019 20:49:25.083000,0.0
12/22/2019 20:51:25.373000,0.53
12/22/2019 20:53:25.415000,0.9
12/22/2019 20:55:25.451000,0.49
12/22/2019 20:57:25.547000,0.51
12/22/2019 20:59:25.043000,0.33
12/22/2019 21:01:25.342000,0.44
12/22/2019 21:03:25.271000,0.21
12/22/2019 21:05:25.389000,0.2
12/22/2019 21:07:25.369000,0.25
12/22/2019 21:09:25.521000,0.55
12/22/2019 21:11:25.492000,0.34
12/22/2019 21:13:25.299000,0.23
12/22/2019 21:15:25.074000,0.88
12/22/2019 21:17:25.494000,1.16
12/22/2019 21:19:25.297000,1.49
12/22/2019 21:21:25.296000,1.0
12/22/2019 21:23:25.294000,1.87
12/22/2019 21:25:25.516000,2.26
12/22/2019 21:27:25.451000,1.89
12/22/2019 21:29:25.335000,1.24
12/22/2019 21:31:25.397000,1.46
12/22/2019 21:33:25.286000,1.91
12/22/2019 21:35:25.442000,1.66
12/22/2019 21:37:25.290000,1.97
12/22/2019 21:39:25.543000,3.01
12/22/2019 21:41:26.008000,2.61
12/22/2019 21:43:25.388000,2.61
12/22/2019 21:45:25.063000,3.19
12/22/2019 21:47:25.432000,3.33
12/22/2019 21:49:25.444000,3.37
12/22/2019 21:51:25.447000,2.88
12/22/2019 21:53:25.385000,4.46
12/22/2019 21:55:25.521000,4.06
12/22/2019 21:57:25.616000,4.0
12/22/2019 21:59:25.126000,3.35
12/22/2019 22:01:25.337000,3.75
12/22/2019 22:03:25.304000,3.28
12/22/2019 22:05:25.063000,3.64
12/22/2019 22:07:25.631000,3.39
12/22/2019 22:09:25.092000,4.1
12/22/2019 22:11:25.727000,3.17
12/22/2019 22:13:25.066000,4.06
12/22/2019 22:15:25.400000,3.91
12/22/2019 22:17:25.425000,4.34
12/22/2019 22:19:25.118000,3.91
12/22/2019 22:21:25.475000,4.01
12/22/2019 22:23:25.480000,4.52
12/22/2019 22:25:25.090000,4.46
12/22/2019 22:27:25.286000,4.33
12/22/2019 22:29:25.787000,4.65
12/22/2019 22:31:25.306000,5.29
12/22/2019 22:33:25.606000,4.49
12/22/2019 22:35:25.399000,3.69
12/22/2019 22:37:25.397000,3.61
12/22/2019 22:39:25.384000,3.87
12/22/2019 22:41:25.874000,3.87
12/22/2019 22:43:25.316000,5.08
12/22/2019 22:45:25.540000,4.79
12/22/2019 22:47:25.465000,4.01
12/22/2019 22:49:25.509000,5.37
12/22/2019 22:51:25.280000,4.25
12/22/2019 22:53:25.531000,4.44
12/22/2019 22:55:25.292000,5.27
12/22/2019 22:57:25.478000,4.48
12/22/2019 22:59:25.104000,4.94
12/22/2019 23:01:25.482000,4.3
12/22/2019 23:03:25.083000,4.52
12/22/2019 23:05:25.337000,4.99
12/22/2019 23:07:25.463000,3.79
12/22/2019 23:09:25.427000,4.64
12/22/2019 23:11:25.481000,4.5
12/22/2019 23:13:25.607000,5.1
12/22/2019 23:15:25.317000,4.72
12/22/2019 23:17:25.413000,5.24
12/22/2019 23:19:25.103000,5.04
12/22/2019 23:21:25.511000,6.09
12/22/2019 23:23:25.525000,5.98
12/22/2019 23:25:25.318000,5.34
12/22/2019 23:27:25.404000,6.68
12/22/2019 23:29:25.402000,7.1
12/22/2019 23:31:25.387000,8.12
12/22/2019 23:33:25.294000,8.37
12/22/2019 23:35:25.303000,8.61
12/22/2019 23:37:25.485000,9.04
12/22/2019 23:39:25.078000,9.25
12/22/2019 23:41:25.746000,9.03
12/22/2019 23:43:25.059000,8.54
12/22/2019 23:45:25.542000,9.03
12/22/2019 23:47:25.198000,8.94
12/22/2019 23:49:25.408000,6.91
12/22/2019 23:51:25.124000,7.75
12/22/2019 23:53:25.468000,8.04
12/22/2019 23:55:25.446000,8.36
12/22/2019 23:57:25.303000,9.13
12/22/2019 23:59:25.098000,8.65
12/23/2019 00:01:25.060000,8.39
12/23/2019 00:03:25.289000,8.59
12/23/2019 00:05:25.482000,7.81
12/23/2019 00:07:25.300000,9.07
12/23/2019 00:09:25.412000,9.19
12/23/2019 00:11:25.109000,8.97
12/23/2019 00:13:25.490000,8.09
12/23/2019 00:15:25.061000,7.25
12/23/2019 00:17:25.304000,8.1
12/23/2019 00:19:25.579000,8.66
12/23/2019 00:21:25.416000,9.1
12/23/2019 00:23:25.407000,8.85
12/23/2019 00:25:25.464000,7.5
12/23/2019 00:27:26.002000,8.86
12/23/2019 00:29:25.526000,9.07
12/23/2019 00:31:25.414000,9.75
12/23/2019 00:33:25.102000,10.06
12/23/2019 00:35:25.329000,9.97
12/23/2019 00:37:25.191000,10.07
12/23/2019 00:39:25.072000,11.07
12/23/2019 00:41:25.838000,11.04
12/23/2019 00:43:25.587000,11.72
12/23/2019 00:45:25.060000,11.61
12/23/2019 00:47:25.492000,12.96
12/23/2019 00:49:25.082000,14.61
12/23/2019 00:51:25.108000,15.58
12/23/2019 00:53:25.058000,16.36
12/23/2019 00:55:25.552000,20.65
12/23/2019 00:57:25.304000,19.76
12/23/2019 00:59:25.305000,17.61
12/23/2019 01:01:25.928000,18.83
12/23/2019 01:03:25.320000,17.57
12/23/2019 01:05:25.409000,18.45
12/23/2019 01:09:25.814000,15.24
12/23/2019 01:11:25.402000,13.13
12/23/2019 01:13:25.469000,14.46
12/23/2019 01:15:25.099000,14.75
12/23/2019 01:17:25.459000,15.26
12/23/2019 01:19:25.738000,14.34
12/23/2019 01:21:25.413000,12.29
12/23/2019 01:23:25.536000,11.29
12/23/2019 01:25:25.311000,16.88
12/23/2019 01:27:25.558000,15.04
12/23/2019 01:29:25.424000,19.25
12/23/2019 01:31:25.310000,21.08
12/23/2019 01:33:25.395000,17.74
12/23/2019 01:35:25.064000,17.38
12/23/2019 01:37:25.590000,18.17
12/23/2019 01:39:25.416000,17.51
12/23/2019 01:41:25.433000,15.64
12/23/2019 01:43:25.323000,19.6
12/23/2019 01:45:25.453000,17.81
12/23/2019 01:47:25.195000,15.87
12/23/2019 01:49:25.644000,13.58
12/23/2019 01:51:25.407000,12.36
12/23/2019 01:53:25.325000,13.01
12/23/2019 01:55:25.475000,12.15
12/23/2019 01:57:25.426000,13.41
12/23/2019 02:01:25.106000,15.0
12/23/2019 02:03:25.811000,15.42
12/23/2019 02:05:25.403000,15.54
12/23/2019 02:07:25.317000,13.24
12/23/2019 02:15:25.417000,12.25
12/23/2019 02:17:25.323000,13.18
12/23/2019 02:19:25.126000,13.93
12/23/2019 02:21:25.483000,12.19
12/23/2019 02:23:25.429000,8.91
12/23/2019 02:25:25.431000,9.5
12/23/2019 02:27:25.360000,12.03
12/23/2019 02:29:25.316000,11.76
12/23/2019 02:31:25.402000,11.09
12/23/2019 02:33:25.452000,10.94
12/23/2019 02:35:25.105000,9.42
12/23/2019 02:37:25.331000,9.26
12/23/2019 02:39:25.557000,8.88
12/23/2019 02:41:25.804000,6.14
12/23/2019 02:43:25.578000,6.03
12/23/2019 02:45:25.480000,8.35
12/23/2019 02:47:25.420000,9.26
12/23/2019 02:49:25.529000,8.12
12/23/2019 02:51:25.078000,6.34
12/23/2019 02:53:25.555000,8.65
12/23/2019 02:55:25.467000,8.62
12/23/2019 02:57:25.406000,9.25
12/23/2019 02:59:25.400000,8.89
12/23/2019 03:01:25.437000,8.87
12/23/2019 03:03:25.410000,9.06
12/23/2019 03:05:25.106000,9.0
12/23/2019 03:07:25.426000,9.58
12/23/2019 03:09:25.499000,9.6
12/23/2019 03:11:25.474000,9.84
12/23/2019 03:13:25.482000,9.28
12/23/2019 03:15:26.009000,7.94
12/23/2019 03:17:25.319000,8.79
12/23/2019 03:19:25.404000,7.96
12/23/2019 03:21:25.187000,8.09
12/23/2019 03:23:25.404000,8.51
12/23/2019 03:25:25.113000,8.2
12/23/2019 03:27:25.072000,7.86
12/23/2019 03:29:25.452000,7.91
12/23/2019 03:31:25.464000,9.18
12/23/2019 03:33:25.306000,8.67
12/23/2019 03:35:25.544000,8.41
12/23/2019 03:37:25.530000,7.71
12/23/2019 03:39:25.529000,7.62
12/23/2019 03:41:25.898000,8.08
12/23/2019 03:43:25.410000,6.59
12/23/2019 03:45:25.385000,6.09
12/23/2019 03:47:25.403000,6.07
12/23/2019 03:49:25.255000,5.97
12/23/2019 03:51:25.474000,7.21
12/23/2019 03:53:25.523000,6.33
12/23/2019 03:55:25.444000,5.64
12/23/2019 03:57:25.422000,4.39
12/23/2019 03:59:25.475000,6.96
12/23/2019 04:01:25.721000,5.56
12/23/2019 04:03:25.320000,5.31
12/23/2019 04:05:25.062000,6.41
12/23/2019 04:07:25.337000,6.96
12/23/2019 04:09:25.398000,6.51
12/23/2019 04:11:25.307000,5.79
12/23/2019 04:13:25.119000,5.32
12/23/2019 04:15:25.455000,5.66
12/23/2019 04:17:25.402000,6.39
12/23/2019 04:19:25.358000,4.33
12/23/2019 04:21:25.108000,4.32
12/23/2019 04:23:25.063000,5.57
12/23/2019 04:25:25.425000,6.28
12/23/2019 04:27:25.397000,5.13
12/23/2019 04:29:25.457000,5.38
12/23/2019 04:31:25.442000,5.34
12/23/2019 04:33:25.308000,4.58
12/23/2019 04:35:25.095000,5.99
12/23/2019 04:37:25.100000,6.37
12/23/2019 04:39:25.298000,6.36
12/23/2019 04:41:25.505000,6.58
12/23/2019 04:43:25.289000,5.04
12/23/2019 04:45:25.514000,4.34
12/23/2019 04:47:25.052000,4.53
12/23/2019 04:49:25.598000,4.49
12/23/2019 04:51:25.457000,4.29
12/23/2019 04:53:25.526000,5.47
12/23/2019 04:55:25.395000,5.3
12/23/2019 04:57:25.532000,4.11
12/23/2019 04:59:25.096000,4.34
12/23/2019 05:01:25.543000,4.75
12/23/2019 05:03:25.582000,4.4
12/23/2019 05:05:25.059000,4.42
12/23/2019 05:07:25.301000,4.72
12/23/2019 05:13:25.403000,7.47
12/23/2019 05:15:25.055000,6.67
12/23/2019 05:17:25.084000,6.0
12/23/2019 05:19:25.132000,6.9
12/23/2019 05:21:25.075000,5.16
12/23/2019 05:23:25.306000,4.46
12/23/2019 05:25:25.427000,4.62
12/23/2019 05:27:25.132000,4.43
12/23/2019 05:29:25.101000,3.96
12/23/2019 05:31:25.577000,4.3
12/23/2019 05:33:25.399000,3.49
12/23/2019 05:35:25.475000,4.43
12/23/2019 05:37:25.534000,4.24
12/23/2019 05:39:25.399000,3.51
12/23/2019 05:41:25.662000,3.51
12/23/2019 05:43:25.418000,3.34
12/23/2019 05:45:25.410000,4.1
12/23/2019 05:47:25.598000,4.14
12/23/2019 05:49:25.056000,4.36
12/23/2019 05:51:25.318000,2.96
12/23/2019 05:53:25.477000,3.48
12/23/2019 05:55:25.406000,2.67
12/23/2019 05:57:25.439000,2.7
12/23/2019 05:59:25.500000,2.63
12/23/2019 06:01:25.459000,2.0
12/23/2019 06:03:25.064000,2.2
12/23/2019 06:05:25.095000,1.3
12/23/2019 06:07:25.495000,2.44
12/23/2019 06:09:25.454000,1.68
12/23/2019 06:11:25.063000,2.42
12/23/2019 06:13:25.298000,1.86
12/23/2019 06:15:25.312000,2.23
12/23/2019 06:17:25.060000,1.75
12/23/2019 06:19:25.499000,2.64
12/23/2019 06:21:25.342000,1.8
12/23/2019 06:23:25.093000,2.12
12/23/2019 06:25:25.369000,1.83
12/23/2019 06:27:25.059000,1.58
12/23/2019 06:29:25.110000,1.09
12/23/2019 06:31:25.093000,1.17
12/23/2019 06:33:25.410000,1.62
12/23/2019 06:35:25.287000,1.28
12/23/2019 06:37:25.338000,1.52
12/23/2019 06:39:25.440000,1.16
12/23/2019 06:41:25.705000,1.1
12/23/2019 06:43:25.330000,1.12
12/23/2019 06:45:25.403000,0.97
12/23/2019 06:47:25.491000,1.0
12/23/2019 06:49:25.405000,1.04
12/23/2019 06:51:25.317000,1.24
12/23/2019 06:53:25.103000,1.07
12/23/2019 06:55:25.542000,1.27
12/23/2019 06:57:25.705000,1.58
12/23/2019 06:59:25.077000,1.1
12/23/2019 07:01:25.410000,1.73
12/23/2019 07:03:25.057000,1.15
12/23/2019 07:05:25.089000,1.17
12/23/2019 07:07:25.503000,1.11
12/23/2019 07:09:25.318000,1.0
12/23/2019 07:11:25.539000,1.16
12/23/2019 07:13:25.526000,1.12
12/23/2019 07:15:25.541000,1.62
12/23/2019 07:17:25.411000,1.56
12/23/2019 07:19:25.209000,1.82
12/23/2019 07:21:25.505000,1.8
12/23/2019 07:23:25.207000,1.57
12/23/2019 07:25:25.488000,1.66
12/23/2019 07:27:25.467000,1.7
12/23/2019 07:29:25.519000,1.06
12/23/2019 07:31:25.394000,1.67
12/23/2019 07:33:25.471000,1.45
12/23/2019 07:35:25.079000,2.26
12/23/2019 07:37:25.058000,2.22
12/23/2019 07:39:25.089000,2.9
12/23/2019 07:41:25.430000,3.38
12/23/2019 07:43:25.392000,4.07
12/23/2019 07:45:25.057000,4.97
12/23/2019 07:47:25.316000,3.71
12/23/2019 07:49:25.391000,3.64
12/23/2019 07:51:25.416000,2.41
12/23/2019 07:53:25.110000,2.39
12/23/2019 07:55:25.535000,1.81
12/23/2019 07:57:25.309000,1.87
12/23/2019 07:59:25.302000,2.21
12/23/2019 08:01:25.535000,2.35
12/23/2019 08:03:25.281000,2.25
12/23/2019 08:05:25.488000,2.58
12/23/2019 08:07:25.490000,2.61
12/23/2019 08:09:25.293000,2.52
12/23/2019 08:11:25.526000,2.16
12/23/2019 08:13:25.401000,1.93
12/23/2019 08:15:25.315000,2.14
12/23/2019 08:17:25.475000,1.79
12/23/2019 08:19:25.048000,1.28
12/23/2019 08:21:25.090000,1.5
12/23/2019 08:23:25.131000,1.76
12/23/2019 08:25:25.449000,1.39
12/23/2019 08:27:25.405000,1.26
12/23/2019 08:29:25.316000,1.5
12/23/2019 08:31:25.503000,1.23
12/23/2019 08:33:25.413000,1.13
12/23/2019 08:35:25.348000,1.01
12/23/2019 08:37:25.287000,1.22
12/23/2019 08:39:25.327000,0.87
12/23/2019 08:41:25.668000,1.03
12/23/2019 08:43:25.426000,0.94
12/23/2019 08:45:25.325000,1.01
12/23/2019 08:47:25.467000,1.35
12/23/2019 08:49:25.604000,1.16
12/23/2019 08:51:25.379000,1.0
12/23/2019 08:53:25.622000,0.96
12/23/2019 08:55:25.475000,1.04
12/23/2019 08:57:25.052000,1.24
12/23/2019 08:59:25.097000,1.6
12/23/2019 09:01:25.287000,1.24
12/23/2019 09:03:25.325000,1.74
12/23/2019 09:05:25.570000,1.68
12/23/2019 09:43:26.391000,0.97
12/23/2019 09:45:26.427000,1.06
12/23/2019 09:47:26.530000,1.59
12/23/2019 09:49:26.600000,0.96
12/23/2019 09:51:26.189000,1.41
12/23/2019 09:53:26.695000,1.97
12/23/2019 09:55:26.641000,1.92
12/23/2019 09:57:26.223000,1.73
12/23/2019 09:59:26.182000,1.66
12/23/2019 10:01:26.523000,1.86
12/23/2019 10:03:26.585000,1.57
12/23/2019 10:05:26.540000,1.86
12/23/2019 10:07:26.234000,1.94
12/23/2019 10:09:26.629000,1.28
12/23/2019 10:11:26.635000,1.64
12/23/2019 10:13:26.466000,1.46
12/23/2019 10:15:26.189000,1.37
12/23/2019 10:17:26.278000,1.11
12/23/2019 10:19:26.215000,1.13
12/23/2019 10:21:26.570000,1.16
12/23/2019 10:23:26.668000,1.17
12/23/2019 10:25:26.200000,1.23
12/23/2019 10:27:26.547000,1.35
12/23/2019 10:29:26.622000,1.55
12/23/2019 10:31:26.584000,1.2
12/23/2019 10:33:26.595000,1.16
12/23/2019 10:35:26.239000,1.36
12/23/2019 10:37:26.183000,1.39
12/23/2019 10:39:26.589000,1.01
12/23/2019 10:41:26.572000,1.46
12/23/2019 10:43:26.908000,1.3
12/23/2019 10:45:26.457000,1.62
12/23/2019 10:47:26.584000,1.42
12/23/2019 10:49:26.435000,1.39
12/23/2019 10:51:26.527000,1.16
12/23/2019 10:53:26.501000,1.52
12/23/2019 10:55:26.670000,1.55
12/23/2019 10:57:26.534000,1.71
12/23/2019 10:59:26.513000,1.39
12/23/2019 11:01:26.433000,1.37
12/23/2019 11:03:26.529000,1.84
12/23/2019 11:05:26.189000,2.19
12/23/2019 11:07:26.620000,1.8
12/23/2019 11:09:26.445000,1.7
12/23/2019 11:11:26.527000,1.69
12/23/2019 11:13:26.572000,2.46
12/23/2019 11:15:26.195000,2.61
12/23/2019 11:17:26.512000,2.63
12/23/2019 11:19:26.516000,1.86
12/23/2019 11:21:26.438000,2.08
12/23/2019 11:23:26.195000,1.79
12/23/2019 11:25:26.534000,2.22
12/23/2019 11:27:26.542000,1.87
12/23/2019 11:29:26.557000,1.38
12/23/2019 11:31:26.516000,1.72
12/23/2019 11:33:26.623000,1.44
12/23/2019 11:35:26.650000,2.4
12/23/2019 11:37:26.229000,1.83
12/23/2019 11:39:26.603000,2.1
12/23/2019 11:41:26.608000,1.13
12/23/2019 11:43:26.935000,2.0
12/23/2019 11:45:26.618000,1.89
12/23/2019 11:47:26.558000,1.45
12/23/2019 11:49:26.463000,1.9
12/23/2019 11:51:26.232000,1.89
12/23/2019 11:53:26.606000,1.17
12/23/2019 11:55:26.527000,1.76
12/23/2019 11:57:26.509000,1.5
12/23/2019 11:59:26.443000,1.26
12/23/2019 12:01:26.553000,1.53
12/23/2019 12:03:26.584000,1.39
12/23/2019 12:05:26.508000,1.49
12/23/2019 12:07:26.672000,1.57
12/23/2019 12:09:26.513000,1.38
12/23/2019 12:11:26.668000,1.04
12/23/2019 12:13:26.537000,0.97
12/23/2019 12:15:26.414000,1.26
12/23/2019 12:17:26.404000,1.05
12/23/2019 12:19:26.205000,0.97
12/23/2019 12:21:26.577000,1.2
12/23/2019 12:23:26.212000,1.03
12/23/2019 12:25:26.627000,1.04
12/23/2019 12:27:26.241000,0.91
12/23/2019 12:29:26.177000,1.62
12/23/2019 12:31:26.642000,1.52
12/23/2019 12:33:26.726000,1.46
12/23/2019 12:35:26.604000,1.59
12/23/2019 12:37:30.180000,0.79
12/23/2019 12:39:26.589000,0.83
12/23/2019 12:41:26.606000,1.19
12/23/2019 12:43:26.943000,0.84
12/23/2019 12:45:26.612000,1.42
12/23/2019 12:47:26.583000,1.27
12/23/2019 12:49:26.196000,1.59
12/23/2019 12:51:26.449000,1.16
12/23/2019 12:53:26.391000,1.28
12/23/2019 12:55:26.535000,1.09
12/23/2019 12:57:26.544000,1.22
12/23/2019 12:59:26.603000,1.22
12/23/2019 13:01:26.208000,1.16
12/23/2019 13:03:26.594000,1.09
12/23/2019 13:05:26.533000,0.75
12/23/2019 13:07:26.408000,1.03
12/23/2019 13:09:26.410000,1.06
12/23/2019 13:11:26.211000,1.18
12/23/2019 13:13:26.408000,1.01
12/23/2019 13:15:26.521000,0.55
12/23/2019 13:17:26.624000,0.7
12/23/2019 13:19:26.452000,1.01
12/23/2019 13:21:26.184000,0.88
12/23/2019 13:23:26.432000,1.21
12/23/2019 13:25:26.408000,0.72
12/23/2019 13:27:26.596000,1.15
12/23/2019 13:29:26.509000,0.99
12/23/2019 13:31:26.567000,1.06
12/23/2019 13:33:26.601000,0.57
12/23/2019 13:35:26.506000,0.7
12/23/2019 13:37:26.563000,0.96
12/23/2019 13:39:26.525000,0.99
12/23/2019 13:41:26.522000,0.81
12/23/2019 13:43:26.900000,0.62
12/23/2019 13:45:26.185000,0.66
12/23/2019 13:47:26.196000,0.97
12/23/2019 13:49:26.513000,0.45
12/23/2019 13:51:26.642000,0.26
12/23/2019 13:53:26.569000,0.27
12/23/2019 13:55:26.538000,0.0
12/23/2019 13:57:26.440000,0.1
12/23/2019 13:59:26.269000,0.17
12/23/2019 14:01:26.541000,0.0
12/23/2019 14:03:26.183000,0.55
12/23/2019 14:05:26.419000,0.06
12/23/2019 14:07:26.173000,0.18
12/23/2019 14:09:26.407000,0.12
12/23/2019 14:11:26.535000,0.27
12/23/2019 14:13:26.534000,0.12
12/23/2019 14:15:26.194000,1.21
12/23/2019 14:17:26.587000,1.02
12/23/2019 14:19:26.542000,1.04
12/23/2019 14:21:26.508000,0.83
12/23/2019 14:23:26.236000,0.51
12/23/2019 14:25:26.197000,0.87
12/23/2019 14:27:26.422000,0.82
12/23/2019 14:29:26.664000,1.25
12/23/2019 14:31:26.418000,0.87
12/23/2019 14:33:26.513000,1.06
12/23/2019 14:35:26.424000,0.46
12/23/2019 14:37:26.187000,0.82
12/23/2019 14:39:26.551000,0.46
12/23/2019 14:41:26.512000,0.49
12/23/2019 14:43:26.846000,0.38
12/23/2019 14:45:26.569000,0.55
12/23/2019 14:47:26.586000,0.51
12/23/2019 14:49:26.603000,0.75
12/23/2019 14:51:26.179000,0.35
12/23/2019 14:53:26.455000,0.49
12/23/2019 14:55:26.556000,0.4
12/23/2019 14:57:26.416000,0.51
12/23/2019 14:59:26.479000,0.37
12/23/2019 15:01:26.200000,0.75
12/23/2019 15:03:26.628000,0.03
12/23/2019 15:05:26.181000,0.17
12/23/2019 15:07:26.521000,0.45
12/23/2019 15:09:26.543000,0.75
12/23/2019 15:11:26.511000,0.55
12/23/2019 15:13:26.171000,1.01
12/23/2019 15:15:26.198000,0.67
12/23/2019 15:17:26.516000,0.3
12/23/2019 15:19:26.185000,0.3
12/23/2019 15:21:26.560000,1.3
12/23/2019 15:23:26.431000,1.01
12/23/2019 15:25:26.199000,0.39
12/23/2019 15:27:26.402000,0.64
12/23/2019 15:29:26.437000,0.21
12/23/2019 15:31:26.542000,0.13
12/23/2019 15:33:26.491000,0.07
12/23/2019 15:35:26.794000,0.51
12/23/2019 15:37:26.602000,0.46
12/23/2019 15:39:26.233000,0.67
12/23/2019 15:41:26.625000,0.69
12/23/2019 15:43:26.740000,0.35
12/23/2019 15:45:26.583000,0.66
12/23/2019 15:47:26.564000,0.09
12/23/2019 15:49:26.592000,0.48
12/23/2019 15:51:26.179000,0.51
12/23/2019 15:53:26.759000,0.49
12/23/2019 15:55:26.518000,0.25
12/23/2019 15:57:26.534000,0.72
12/23/2019 15:59:26.188000,0.88
12/23/2019 16:01:26.179000,1.03
12/23/2019 16:03:26.518000,1.09
12/23/2019 16:05:26.505000,1.49
12/23/2019 16:07:26.221000,1.12
12/23/2019 16:09:26.542000,1.2
12/23/2019 16:11:26.202000,1.48
12/23/2019 16:13:26.606000,1.34
12/23/2019 16:15:26.425000,1.68
12/23/2019 16:17:26.210000,1.69
12/23/2019 16:19:26.219000,1.45
12/23/2019 16:21:26.605000,1.46
12/23/2019 16:23:26.504000,1.29
12/23/2019 16:25:26.508000,0.84
12/23/2019 16:27:26.200000,1.28
12/23/2019 16:29:26.576000,1.37
12/23/2019 16:31:26.581000,1.29
12/23/2019 16:33:26.194000,1.3
12/23/2019 16:35:26.675000,1.57
12/23/2019 16:37:26.194000,1.13
12/23/2019 16:39:26.450000,1.45
12/23/2019 16:41:26.523000,1.13
12/23/2019 16:43:26.905000,1.74
12/23/2019 16:45:26.217000,1.92
12/23/2019 16:47:26.227000,1.97
12/23/2019 16:49:26.678000,1.52
12/23/2019 16:51:26.404000,1.8
12/23/2019 16:53:26.602000,1.39
12/23/2019 16:55:26.506000,1.13
12/23/2019 16:57:26.505000,1.37
12/23/2019 16:59:26.199000,1.13
12/23/2019 17:01:26.524000,1.32
12/23/2019 17:03:26.200000,1.47
12/23/2019 17:05:26.550000,1.99
12/23/2019 17:07:26.529000,1.38
12/23/2019 17:09:26.666000,1.2
12/23/2019 17:11:26.412000,1.59
12/23/2019 17:13:26.672000,1.39
12/23/2019 17:15:26.194000,1.65
12/23/2019 17:17:26.588000,1.51
12/23/2019 17:19:26.606000,1.08
12/23/2019 17:21:26.177000,1.31
12/23/2019 17:23:26.456000,1.09
12/23/2019 17:25:26.617000,1.26
12/23/2019 17:27:26.441000,0.91
12/23/2019 17:29:26.174000,1.09
12/23/2019 17:31:26.168000,0.55
12/23/2019 17:33:26.441000,1.21
12/23/2019 17:35:26.571000,1.58
12/23/2019 17:37:26.562000,1.51
12/23/2019 17:39:26.658000,1.09
12/23/2019 17:41:26.191000,1.31
12/23/2019 17:43:26.905000,1.52
12/23/2019 17:45:26.548000,1.1
12/23/2019 17:47:26.584000,1.6
12/23/2019 17:49:26.177000,2.3
12/23/2019 17:51:26.640000,2.23
12/23/2019 17:53:26.542000,2.37
12/23/2019 17:55:26.195000,2.28
12/23/2019 17:57:26.418000,1.67
12/23/2019 17:59:26.170000,2.29
12/23/2019 18:01:26.465000,3.32
12/23/2019 18:03:26.646000,2.74
12/23/2019 18:05:26.692000,2.57
12/23/2019 18:07:26.473000,3.33
12/23/2019 18:09:26.435000,2.3
12/23/2019 18:11:26.415000,2.74
12/23/2019 18:13:26.521000,2.24
12/23/2019 18:15:26.681000,1.38
12/23/2019 18:17:26.569000,1.97
12/23/2019 18:19:26.537000,1.9
12/23/2019 18:21:26.198000,1.78
12/23/2019 18:23:26.461000,1.0
12/23/2019 18:25:26.183000,0.79
12/23/2019 18:27:26.415000,1.09
12/23/2019 18:29:26.561000,0.63
12/23/2019 18:31:26.695000,0.11
12/23/2019 18:33:26.525000,0.17
12/23/2019 18:35:26.592000,0.0
12/23/2019 18:37:26.690000,0.07
12/23/2019 18:39:26.580000,0.0
12/23/2019 18:41:26.184000,0.03
12/23/2019 18:43:26.582000,0.0
12/23/2019 18:45:26.534000,0.0
12/23/2019 18:47:26.433000,0.0
12/23/2019 18:49:26.691000,0.0
12/23/2019 18:51:26.466000,0.0
12/23/2019 18:53:26.661000,0.0
12/23/2019 18:55:26.518000,0.0
12/23/2019 18:57:26.588000,0.0
12/23/2019 18:59:26.205000,0.0
12/23/2019 19:01:26.645000,0.0
12/23/2019 19:03:26.188000,0.18
12/23/2019 19:05:26.527000,0.19
12/23/2019 19:07:26.447000,0.44
12/23/2019 19:09:26.190000,1.13
12/23/2019 19:11:26.426000,1.67
12/23/2019 19:13:26.525000,1.46
12/23/2019 19:15:26.558000,0.94
12/23/2019 19:17:26.231000,1.0
12/23/2019 19:19:26.216000,0.13
12/23/2019 19:21:26.514000,1.15
12/23/2019 19:23:26.544000,0.46
12/23/2019 19:25:26.237000,0.62
12/23/2019 19:27:26.416000,1.09
12/23/2019 19:29:26.507000,1.82
12/23/2019 19:31:26.541000,1.26
12/23/2019 19:33:26.517000,1.75
12/23/2019 19:35:26.433000,1.62
12/23/2019 19:37:26.539000,1.28
12/23/2019 19:39:26.453000,0.99
12/23/2019 19:41:26.669000,0.59
12/23/2019 19:43:26.901000,0.21
12/23/2019 19:45:26.549000,0.29
12/23/2019 19:47:26.233000,0.17
12/23/2019 19:49:26.233000,0.0
12/23/2019 19:51:26.526000,0.0
12/23/2019 19:53:26.496000,0.0
12/23/2019 19:55:26.417000,0.0
12/23/2019 19:57:26.704000,0.0
12/23/2019 19:59:26.602000,0.0
12/23/2019 20:01:26.568000,0.43
12/23/2019 20:03:26.566000,0.0
12/23/2019 20:05:26.594000,0.0
12/23/2019 20:07:26.439000,0.0
12/23/2019 20:09:26.212000,0.0
12/23/2019 20:11:26.703000,0.16
12/23/2019 20:13:26.518000,0.0
12/23/2019 20:15:26.443000,0.0
12/23/2019 20:17:26.588000,0.0
12/23/2019 20:19:26.556000,0.0
12/23/2019 20:21:26.605000,0.04
12/23/2019 20:23:26.531000,0.0
12/23/2019 20:25:26.662000,0.0
12/23/2019 20:27:26.659000,0.0
12/23/2019 20:29:26.541000,0.0
12/23/2019 20:31:26.665000,0.0
12/23/2019 20:33:26.643000,0.0
12/23/2019 20:35:26.696000,0.06
12/23/2019 20:37:26.672000,0.0
12/23/2019 20:39:26.606000,0.0
12/23/2019 20:41:26.201000,0.0
12/23/2019 20:43:26.912000,0.15
12/23/2019 20:45:26.240000,0.0
12/23/2019 20:47:26.632000,0.0
12/23/2019 20:49:26.606000,0.0
12/23/2019 20:51:26.449000,0.0
12/23/2019 20:53:26.629000,0.0
12/23/2019 20:55:26.204000,0.0
12/23/2019 20:57:26.547000,0.0
12/23/2019 20:59:26.664000,0.0
12/23/2019 21:01:26.604000,0.0
12/23/2019 21:03:26.230000,0.0
12/23/2019 21:05:26.453000,0.0
12/23/2019 21:07:26.658000,0.03
12/23/2019 21:09:26.628000,0.0
12/23/2019 21:11:26.738000,0.0
12/23/2019 21:13:26.672000,0.0
12/23/2019 21:15:26.518000,0.0
12/23/2019 21:17:26.554000,0.0
12/23/2019 21:19:26.210000,0.22
12/23/2019 21:21:26.603000,0.0
12/23/2019 21:23:26.447000,0.0
12/23/2019 21:25:26.306000,0.21
12/23/2019 21:27:26.740000,0.04
12/23/2019 21:29:26.561000,0.0
12/23/2019 21:31:26.525000,0.0
12/23/2019 21:33:26.576000,0.0
12/23/2019 21:35:26.551000,0.0
12/23/2019 21:37:26.210000,0.0
12/23/2019 21:39:26.530000,0.0
12/23/2019 21:41:26.467000,0.0
12/23/2019 21:43:26.799000,0.0
12/23/2019 21:45:26.234000,0.0
12/23/2019 21:47:26.578000,0.0
12/23/2019 21:49:26.466000,0.0
12/23/2019 21:51:26.672000,0.0
12/23/2019 21:53:26.609000,0.0
12/23/2019 21:55:26.610000,0.0
12/23/2019 21:57:26.542000,0.0
12/23/2019 21:59:26.603000,0.0
12/23/2019 22:01:26.719000,0.04
12/23/2019 22:03:26.632000,0.0
12/23/2019 22:05:26.603000,0.11
12/23/2019 22:07:26.555000,0.07
12/23/2019 22:09:26.555000,0.22
12/23/2019 22:11:26.665000,0.25
12/23/2019 22:13:26.242000,0.54
12/23/2019 22:15:26.677000,0.32
12/23/2019 22:17:26.241000,1.09
12/23/2019 22:19:26.218000,0.86
12/23/2019 22:21:26.436000,0.82
12/23/2019 22:23:26.336000,0.96
12/23/2019 22:25:26.630000,2.62
12/23/2019 22:27:26.248000,1.74
12/23/2019 22:29:26.579000,2.3
12/23/2019 22:31:26.236000,1.84
12/23/2019 22:33:26.627000,2.13
12/23/2019 22:35:26.477000,2.58
12/23/2019 22:37:26.601000,2.18
12/23/2019 22:39:26.634000,1.56
12/23/2019 22:41:26.591000,2.61
12/23/2019 22:43:27.034000,2.54
12/23/2019 22:45:26.752000,3.03
12/23/2019 22:47:26.606000,3.12
12/23/2019 22:49:26.229000,2.51
12/23/2019 22:51:26.651000,2.73
12/23/2019 22:53:26.235000,2.81
12/23/2019 22:55:26.506000,1.91
12/23/2019 22:57:26.221000,2.25
12/23/2019 22:59:26.628000,2.74
12/23/2019 23:01:26.238000,2.96
12/23/2019 23:03:26.677000,3.06
12/23/2019 23:05:26.527000,2.77
12/23/2019 23:07:26.609000,2.78
12/23/2019 23:09:26.665000,2.47
12/23/2019 23:11:26.560000,4.22
12/23/2019 23:13:26.654000,4.81
12/23/2019 23:15:26.627000,5.89
12/23/2019 23:17:26.221000,5.9
12/23/2019 23:19:26.480000,5.79
12/23/2019 23:21:26.560000,3.84
12/23/2019 23:23:26.252000,4.92
12/23/2019 23:25:26.430000,3.71
12/23/2019 23:27:26.232000,3.67
12/23/2019 23:29:26.627000,3.5
12/23/2019 23:31:26.227000,3.68
12/23/2019 23:33:26.646000,3.07
12/23/2019 23:35:26.234000,3.62
12/23/2019 23:37:26.250000,4.03
12/23/2019 23:39:26.533000,4.1
12/23/2019 23:41:26.616000,4.96
12/23/2019 23:43:26.886000,4.49
12/23/2019 23:45:26.707000,5.71
12/23/2019 23:47:26.561000,5.17
12/23/2019 23:49:26.491000,5.51
12/23/2019 23:51:26.749000,5.41
12/23/2019 23:53:26.453000,5.99
12/23/2019 23:55:26.511000,6.72
12/23/2019 23:57:26.610000,6.38
12/23/2019 23:59:26.452000,5.66
12/24/2019 00:01:26.557000,5.42
12/24/2019 00:03:26.593000,6.29
12/24/2019 00:05:26.495000,6.38
12/24/2019 00:07:26.552000,6.42
12/24/2019 00:09:26.822000,5.46
12/24/2019 00:11:26.628000,5.19
12/24/2019 00:13:26.507000,5.41
12/24/2019 00:15:26.725000,5.45
12/24/2019 00:17:26.578000,4.13
12/24/2019 00:19:26.576000,3.54
12/24/2019 00:21:26.684000,2.9
12/24/2019 00:23:26.653000,4.53
12/24/2019 00:25:26.268000,3.72
12/24/2019 00:27:26.513000,3.79
12/24/2019 00:29:26.527000,3.43
12/24/2019 00:31:26.500000,3.04
12/24/2019 00:33:26.236000,2.62
12/24/2019 00:35:26.242000,4.17
12/24/2019 00:37:26.568000,3.88
12/24/2019 00:39:26.491000,2.89
12/24/2019 00:41:26.686000,3.43
12/24/2019 00:43:26.917000,3.0
12/24/2019 00:45:26.901000,2.91
12/24/2019 00:47:26.638000,3.22
12/24/2019 00:49:26.576000,3.58
12/24/2019 00:51:26.569000,3.07
12/24/2019 00:53:26.702000,2.55
12/24/2019 00:55:26.582000,2.43
12/24/2019 00:57:26.567000,2.17
12/24/2019 00:59:26.577000,2.26
12/24/2019 01:01:26.275000,1.85
12/24/2019 01:03:26.683000,2.31
12/24/2019 01:05:26.578000,2.12
12/24/2019 01:07:26.761000,1.96
12/24/2019 01:09:26.478000,2.52
12/24/2019 01:11:26.727000,2.19
12/24/2019 01:13:26.231000,2.44
12/24/2019 01:15:26.609000,2.14
12/24/2019 01:17:26.491000,2.18
12/24/2019 01:19:26.497000,3.0
12/24/2019 01:21:26.671000,3.42
12/24/2019 01:23:26.509000,3.18
12/24/2019 01:25:26.637000,3.38
12/24/2019 01:27:26.237000,5.1
12/24/2019 01:29:26.618000,5.35
12/24/2019 01:31:26.240000,3.64
12/24/2019 01:33:26.459000,3.45
12/24/2019 01:35:26.574000,3.85
12/24/2019 01:37:26.644000,3.99
12/24/2019 01:39:26.236000,4.62
12/24/2019 01:41:26.704000,5.07
12/24/2019 01:43:26.654000,5.54
12/24/2019 01:45:26.611000,6.01
12/24/2019 01:47:26.477000,6.91
12/24/2019 01:49:26.464000,5.0
12/24/2019 01:51:26.556000,5.33
12/24/2019 01:53:26.258000,7.74
12/24/2019 01:55:26.599000,6.65
12/24/2019 01:57:26.601000,7.3
12/24/2019 01:59:26.711000,7.93
12/24/2019 02:01:26.247000,6.66
12/24/2019 02:03:26.512000,6.39
12/24/2019 02:05:26.637000,5.33
12/24/2019 02:07:26.715000,5.46
12/24/2019 02:09:26.501000,7.3
12/24/2019 02:11:26.607000,6.79
12/24/2019 02:13:26.633000,5.94
12/24/2019 02:15:26.708000,5.89
12/24/2019 02:17:26.650000,7.38
12/24/2019 02:19:26.230000,8.1
12/24/2019 02:21:26.488000,10.64
12/24/2019 02:23:26.230000,11.63
12/24/2019 02:25:26.638000,11.84
12/24/2019 02:27:26.227000,10.61
12/24/2019 02:29:26.472000,10.39
12/24/2019 02:31:26.250000,8.35
12/24/2019 02:33:26.458000,9.01
12/24/2019 02:35:26.633000,8.65
12/24/2019 02:37:26.566000,8.55
12/24/2019 02:39:26.724000,8.59
12/24/2019 02:41:26.484000,8.01
12/24/2019 02:43:26.655000,8.15
12/24/2019 02:45:26.691000,7.73
12/24/2019 02:47:26.457000,7.5
12/24/2019 02:49:26.778000,7.96
12/24/2019 02:51:26.610000,8.32
12/24/2019 02:53:26.488000,8.42
12/24/2019 02:55:26.611000,8.23
12/24/2019 02:57:26.624000,8.79
12/24/2019 02:59:26.709000,7.55
12/24/2019 03:01:26.259000,6.84
12/24/2019 03:03:26.497000,5.13
12/24/2019 03:05:26.604000,4.52
12/24/2019 03:07:26.776000,4.71
12/24/2019 03:09:26.473000,3.1
12/24/2019 03:11:26.733000,2.83
12/24/2019 03:13:26.617000,2.66
12/24/2019 03:15:26.478000,2.6
12/24/2019 03:17:26.273000,2.85
12/24/2019 03:19:26.507000,2.66
12/24/2019 03:21:26.476000,3.18
12/24/2019 03:23:26.608000,3.3
12/24/2019 03:25:26.638000,3.69
12/24/2019 03:27:26.741000,4.04
12/24/2019 03:29:26.242000,13.44
12/24/2019 03:31:26.646000,20.82
12/24/2019 03:33:26.570000,16.97
12/24/2019 03:35:26.597000,21.25
12/24/2019 03:37:26.283000,19.6
12/24/2019 03:39:26.532000,18.97
12/24/2019 03:41:26.293000,18.57
12/24/2019 03:43:27.036000,18.81
12/24/2019 03:45:26.313000,15.33
12/24/2019 03:47:26.568000,13.61
12/24/2019 03:49:26.477000,10.79
12/24/2019 03:51:26.251000,8.54
12/24/2019 03:53:26.569000,6.56
12/24/2019 03:55:26.565000,7.56
12/24/2019 03:57:26.633000,4.6
12/24/2019 03:59:26.649000,6.91
12/24/2019 04:01:26.232000,7.61
12/24/2019 04:03:26.721000,6.5
12/24/2019 04:05:26.513000,6.8
12/24/2019 04:07:26.480000,9.09
12/24/2019 04:09:26.532000,8.61
12/24/2019 04:11:26.461000,6.94
12/24/2019 04:13:26.267000,6.9
12/24/2019 04:15:26.228000,5.03
12/24/2019 04:17:26.490000,6.31
12/24/2019 04:19:26.489000,6.54
12/24/2019 04:21:26.481000,5.21
12/24/2019 04:23:26.578000,5.78
12/24/2019 04:25:26.483000,7.18
12/24/2019 04:27:26.621000,8.81
12/24/2019 04:29:26.473000,12.17
12/24/2019 04:31:26.634000,14.29
12/24/2019 04:33:26.688000,17.07
12/24/2019 04:35:26.277000,17.37
12/24/2019 04:37:26.579000,18.51
12/24/2019 04:39:26.795000,18.73
12/24/2019 04:41:26.668000,20.12
12/24/2019 04:43:26.889000,19.91
12/24/2019 04:45:26.641000,19.41
12/24/2019 04:47:26.308000,20.26
12/24/2019 04:49:26.729000,18.0
12/24/2019 04:51:26.657000,17.45
12/24/2019 04:53:26.571000,15.77
12/24/2019 04:55:26.257000,16.13
12/24/2019 04:57:26.590000,14.0
12/24/2019 04:59:26.238000,11.16
12/24/2019 05:01:26.252000,12.04
12/24/2019 05:03:26.472000,9.15
12/24/2019 05:05:26.567000,8.97
12/24/2019 05:07:26.679000,8.88
12/24/2019 05:11:26.230000,8.14
12/24/2019 05:15:26.589000,7.83
12/24/2019 05:17:26.649000,7.72
12/24/2019 05:19:26.708000,7.13
12/24/2019 05:21:26.505000,6.45
12/24/2019 05:23:26.497000,7.74
12/24/2019 05:25:26.493000,8.84
12/24/2019 05:27:26.611000,8.06
12/24/2019 05:29:26.612000,8.84
12/24/2019 05:31:26.238000,7.96
12/24/2019 05:33:26.549000,8.61
12/24/2019 05:35:26.588000,8.1
12/24/2019 05:37:26.477000,7.83
12/24/2019 05:39:26.478000,8.5
12/24/2019 05:41:26.709000,8.0
12/24/2019 05:43:26.828000,7.45
12/24/2019 05:45:26.488000,6.74
12/24/2019 05:47:26.475000,6.57
12/24/2019 05:49:26.665000,7.03
12/24/2019 05:51:26.490000,6.94
12/24/2019 05:53:26.688000,7.52
12/24/2019 05:55:26.720000,8.16
12/24/2019 05:57:26.627000,7.5
12/24/2019 05:59:26.232000,6.58
12/24/2019 06:01:26.262000,5.32
12/24/2019 06:03:26.457000,4.28
12/24/2019 06:05:26.588000,3.6
12/24/2019 06:07:26.815000,4.01
12/24/2019 06:09:26.729000,3.1
12/24/2019 06:11:26.555000,3.09
12/24/2019 06:13:26.644000,3.11
12/24/2019 06:15:26.634000,2.77
12/24/2019 06:19:26.242000,2.25
12/24/2019 06:21:26.263000,4.59
12/24/2019 06:23:26.620000,4.01
12/24/2019 06:25:26.674000,2.38
12/24/2019 06:27:26.236000,2.33
12/24/2019 06:29:26.255000,3.6
12/24/2019 06:31:26.592000,1.97
12/24/2019 06:33:26.656000,2.3
12/24/2019 06:35:26.839000,2.04
12/24/2019 06:37:26.648000,1.68
12/24/2019 06:39:26.656000,2.17
12/24/2019 06:41:26.483000,2.37
12/24/2019 06:43:26.568000,1.99
12/24/2019 06:45:26.230000,1.84
12/24/2019 06:47:26.492000,2.01
12/24/2019 06:49:26.618000,2.37
12/24/2019 06:51:26.676000,2.42
12/24/2019 06:53:26.584000,2.59
12/24/2019 06:55:26.582000,2.48
12/24/2019 06:57:26.689000,2.19
12/24/2019 06:59:26.475000,2.18
12/24/2019 07:01:26.261000,2.57
12/24/2019 07:03:26.527000,2.86
12/24/2019 07:05:26.648000,2.91
12/24/2019 07:07:26.624000,2.15
12/24/2019 07:09:26.573000,1.99
12/24/2019 07:11:26.672000,2.28
12/24/2019 07:13:26.789000,3.57
12/24/2019 07:15:26.502000,3.96
12/24/2019 07:17:26.595000,3.32
12/24/2019 07:19:26.634000,2.9
12/24/2019 07:21:26.455000,2.36
12/24/2019 07:23:26.244000,3.16
12/24/2019 07:25:26.552000,3.19
12/24/2019 07:27:26.586000,2.51
12/24/2019 07:29:26.641000,1.77
12/24/2019 07:31:26.605000,1.85
12/24/2019 07:33:26.558000,1.65
12/24/2019 07:35:26.578000,1.47
12/24/2019 07:37:26.609000,1.55
12/24/2019 07:39:26.577000,1.1
12/24/2019 07:41:26.520000,0.74
12/24/2019 07:43:27.125000,0.12
12/24/2019 07:45:26.570000,0.42
12/24/2019 07:47:26.624000,0.39
12/24/2019 07:49:26.551000,0.74
12/24/2019 07:51:26.686000,0.22
12/24/2019 07:53:26.467000,0.34
12/24/2019 07:55:26.553000,0.61
12/24/2019 07:57:26.613000,0.14
12/24/2019 07:59:26.268000,0.27
12/24/2019 08:01:26.578000,0.4
12/24/2019 08:03:26.657000,0.44
12/24/2019 08:05:26.327000,0.21
12/24/2019 08:07:26.548000,0.78
12/24/2019 08:09:26.573000,0.35
12/24/2019 08:11:26.285000,0.0
12/24/2019 08:13:26.622000,0.09
12/24/2019 08:15:26.642000,0.18
12/24/2019 08:17:26.625000,0.0
12/24/2019 08:19:26.454000,0.04
12/24/2019 08:21:26.549000,0.16
12/24/2019 08:23:26.237000,0.04
12/24/2019 08:25:26.707000,0.09
12/24/2019 08:27:26.614000,0.34
12/24/2019 08:29:26.509000,0.0
12/24/2019 08:31:26.532000,0.34
12/24/2019 08:33:26.716000,0.0
12/24/2019 08:35:26.702000,0.0
12/24/2019 08:37:26.702000,0.0
12/24/2019 08:39:26.686000,0.0
12/24/2019 08:41:26.236000,0.12
12/24/2019 08:43:26.902000,0.07
12/24/2019 08:45:26.579000,0.0
12/24/2019 08:47:26.478000,0.0
12/24/2019 08:49:26.600000,0.0
12/24/2019 08:51:26.607000,0.0
12/24/2019 08:53:26.597000,0.0
12/24/2019 08:55:26.644000,0.0
12/24/2019 08:57:26.731000,0.0
12/24/2019 08:59:26.633000,0.0
12/24/2019 09:01:26.456000,0.0
12/24/2019 09:03:26.653000,0.0
12/24/2019 09:05:26.244000,0.0
12/24/2019 09:07:26.227000,0.0
12/24/2019 09:47:27.373000,0.0
12/24/2019 09:49:27.267000,0.0
12/24/2019 09:51:27.303000,0.0
12/24/2019 09:53:27.326000,0.0
12/24/2019 09:55:27.456000,0.0
12/24/2019 09:57:27.341000,0.0
12/24/2019 09:59:27.238000,0.0
12/24/2019 10:01:27.477000,0.0
12/24/2019 10:03:27.442000,0.34
12/24/2019 10:05:27.270000,0.23
12/24/2019 10:07:27.416000,0.0
12/24/2019 10:09:27.344000,0.04
12/24/2019 10:11:27.377000,0.14
12/24/2019 10:13:27.355000,0.0
12/24/2019 10:15:27.237000,0.0
12/24/2019 10:17:27.332000,0.0
12/24/2019 10:19:27.444000,0.0
12/24/2019 10:21:27.357000,0.0
12/24/2019 10:23:27.242000,0.0
12/24/2019 10:25:27.458000,0.09
12/24/2019 10:27:27.244000,0.0
12/24/2019 10:29:27.337000,0.0
12/24/2019 10:31:27.342000,0.0
12/24/2019 10:33:27.427000,0.0
12/24/2019 10:35:27.504000,0.0
12/24/2019 10:37:27.320000,0.0
12/24/2019 10:39:27.270000,0.0
12/24/2019 10:41:27.409000,0.0
12/24/2019 10:43:27.510000,0.0
12/24/2019 10:45:27.038000,0.0
12/24/2019 10:47:27.683000,0.0
12/24/2019 10:49:27.311000,0.0
12/24/2019 10:51:27.222000,0.0
12/24/2019 10:53:27.348000,0.0
12/24/2019 10:55:27.072000,0.0
12/24/2019 10:57:27.027000,0.0
12/24/2019 10:59:27.062000,0.0
12/24/2019 11:01:27.455000,0.0
12/24/2019 11:03:27.324000,0.0
12/24/2019 11:05:27.434000,0.0
12/24/2019 11:07:27.228000,0.0
12/24/2019 11:09:27.376000,0.0
12/24/2019 11:11:27.238000,0.0
12/24/2019 11:13:27.455000,0.0
12/24/2019 11:15:27.396000,0.0
12/24/2019 11:17:27.351000,0.0
12/24/2019 11:19:27.007000,0.0
12/24/2019 11:21:27.327000,0.0
12/24/2019 11:23:27.264000,0.0
12/24/2019 11:25:27.408000,0.0
12/24/2019 11:27:27.331000,0.0
12/24/2019 11:29:27.468000,0.0
12/24/2019 11:31:27.323000,0.0
12/24/2019 11:33:27.283000,0.0
12/24/2019 11:35:27.202000,0.0
12/24/2019 11:37:27.319000,0.0
12/24/2019 11:39:27.404000,0.0
12/24/2019 11:41:27.025000,0.0
12/24/2019 11:43:27.227000,0.0
12/24/2019 11:45:27.348000,0.0
12/24/2019 11:47:27.780000,0.0
12/24/2019 11:49:27.453000,0.0
12/24/2019 11:51:27.097000,0.0
12/24/2019 11:53:27.334000,0.0
12/24/2019 11:55:27.297000,0.0
12/24/2019 11:57:27.437000,0.0
12/24/2019 11:59:27.498000,0.0
12/24/2019 12:01:26.998000,0.0
12/24/2019 12:03:27.332000,0.0
12/24/2019 12:05:27.241000,0.0
12/24/2019 12:07:27.325000,0.0
12/24/2019 12:09:27.440000,0.0
12/24/2019 12:11:27.010000,0.0
12/24/2019 12:13:27.236000,0.0
12/24/2019 12:15:27.326000,0.0
12/24/2019 12:17:27.344000,0.0
12/24/2019 12:19:27.277000,0.0
12/24/2019 12:21:27.222000,0.03
12/24/2019 12:23:27.362000,0.0
12/24/2019 12:25:27.273000,0.0
12/24/2019 12:27:27.482000,0.07
12/24/2019 12:29:27.403000,0.0
12/24/2019 12:31:27.239000,0.0
12/24/2019 12:33:27.333000,0.0
12/24/2019 12:35:27.404000,0.0
12/24/2019 12:37:27.333000,0.0
12/24/2019 12:39:27.222000,0.0
12/24/2019 12:41:27.430000,0.01
12/24/2019 12:43:27.341000,0.0
12/24/2019 12:45:27.297000,0.0
12/24/2019 12:47:27.696000,0.0
12/24/2019 12:49:26.997000,0.0
12/24/2019 12:51:27.006000,0.11
12/24/2019 12:53:27.235000,0.1
12/24/2019 12:55:27.341000,0.0
12/24/2019 12:57:27.199000,0.0
12/24/2019 12:59:27.235000,0.0
12/24/2019 13:01:27.415000,0.0
12/24/2019 13:03:27.400000,0.07
12/24/2019 13:05:27.498000,0.12
12/24/2019 13:07:26.984000,0.0
12/24/2019 13:09:27.456000,0.0
12/24/2019 13:11:27.005000,0.0
12/24/2019 13:13:27.218000,0.0
12/24/2019 13:15:27.597000,0.0
12/24/2019 13:17:27.214000,0.13
12/24/2019 13:19:27.522000,0.0
12/24/2019 13:21:27.357000,0.0
12/24/2019 13:23:27.222000,0.1
12/24/2019 13:25:27.371000,0.03
12/24/2019 13:27:27.367000,0.0
12/24/2019 13:29:27.433000,0.0
12/24/2019 13:31:27.329000,0.0
12/24/2019 13:33:27.229000,0.0
12/24/2019 13:35:27.327000,0.0
12/24/2019 13:37:27.331000,0.0
12/24/2019 13:39:27.363000,0.0
12/24/2019 13:41:27.002000,0.0
12/24/2019 13:43:27.018000,0.0
12/24/2019 13:45:27.507000,0.0
12/24/2019 13:47:27.932000,0.0
12/24/2019 13:49:27.201000,0.0
12/24/2019 13:51:27.235000,0.0
12/24/2019 13:53:27.509000,0.0
12/24/2019 13:55:27.231000,0.0
12/24/2019 13:57:27.441000,0.0
12/24/2019 13:59:27.399000,0.0
12/24/2019 14:01:27.471000,0.09
12/24/2019 14:03:26.989000,0.08
12/24/2019 14:05:26.994000,0.04
12/24/2019 14:07:27.301000,0.0
12/24/2019 14:09:27.003000,0.0
12/24/2019 14:11:27.002000,0.1
12/24/2019 14:13:27.307000,0.0
12/24/2019 14:15:27.499000,0.0
12/24/2019 14:17:27.234000,1.19
12/24/2019 14:19:27.362000,1.13
12/24/2019 14:21:27.325000,3.28
12/24/2019 14:23:27.413000,3.31
12/24/2019 14:25:27.308000,1.51
12/24/2019 14:27:27.428000,1.03
12/24/2019 14:29:27.496000,0.59
12/24/2019 14:31:29.794000,0.2
12/24/2019 14:33:27.328000,0.02
12/24/2019 14:35:27.325000,0.0
12/24/2019 14:37:28.279000,0.14
12/24/2019 14:39:27.028000,0.81
12/24/2019 14:41:26.988000,0.51
12/24/2019 14:43:27.393000,0.96
12/24/2019 14:45:27.553000,0.73
12/24/2019 14:47:27.712000,1.16
12/24/2019 14:49:27.020000,1.72
12/24/2019 14:51:27.241000,1.8
12/24/2019 14:53:27.523000,1.59
12/24/2019 14:55:27.341000,2.14
12/24/2019 14:57:27.369000,2.49
12/24/2019 14:59:27.015000,1.81
12/24/2019 15:01:27.266000,2.26
12/24/2019 15:03:27.544000,1.7
12/24/2019 15:05:27.488000,1.31
12/24/2019 15:07:27.439000,1.61
12/24/2019 15:09:27.351000,1.38
12/24/2019 15:11:27.422000,1.34
12/24/2019 15:13:27.423000,1.36
12/24/2019 15:15:27.328000,1.18
12/24/2019 15:17:27.306000,1.12
12/24/2019 15:19:27.334000,1.08
12/24/2019 15:21:27.443000,1.04
12/24/2019 15:23:27.003000,1.53
12/24/2019 15:25:27.380000,1.75
12/24/2019 15:27:27.212000,1.58
12/24/2019 15:29:26.979000,2.09
12/24/2019 15:31:27.316000,1.41
12/24/2019 15:33:27.001000,2.13
12/24/2019 15:35:27.388000,1.77
12/24/2019 15:37:27.565000,1.83
12/24/2019 15:39:27.495000,1.46
12/24/2019 15:41:26.984000,1.51
12/24/2019 15:43:27.435000,0.94
12/24/2019 15:45:27.491000,0.86
12/24/2019 15:47:27.685000,0.75
12/24/2019 15:49:27.374000,1.04
12/24/2019 15:51:27.534000,1.41
12/24/2019 15:53:27.009000,2.17
12/24/2019 15:55:27.210000,1.89
12/24/2019 15:57:27.482000,1.74
12/24/2019 15:59:27.439000,1.32
12/24/2019 16:01:27.326000,1.54
12/24/2019 16:03:27.289000,1.56
12/24/2019 16:05:26.997000,1.25
12/24/2019 16:07:27.014000,1.09
12/24/2019 16:09:27.330000,1.21
12/24/2019 16:11:27.326000,1.25
12/24/2019 16:13:27.498000,1.4
12/24/2019 16:15:27.361000,1.57
12/24/2019 16:17:27.233000,2.39
12/24/2019 16:19:28.538000,2.35
12/24/2019 16:21:27.334000,1.87
12/24/2019 16:23:27.466000,2.38
12/24/2019 16:25:27.247000,2.22
12/24/2019 16:27:26.997000,2.43
12/24/2019 16:29:27.394000,2.13
12/24/2019 16:31:27.010000,1.3
12/24/2019 16:33:27.394000,1.38
12/24/2019 16:35:27.331000,0.96
12/24/2019 16:37:27.325000,1.23
12/24/2019 16:39:27.046000,1.08
12/24/2019 16:41:27.016000,1.16
12/24/2019 16:43:27.308000,1.4
12/24/2019 16:45:27.244000,1.62
12/24/2019 16:47:27.534000,1.46
12/24/2019 16:49:27.395000,1.41
12/24/2019 16:51:27.222000,0.87
12/24/2019 16:53:27.296000,1.41
12/24/2019 16:55:27.328000,1.54
12/24/2019 16:57:27.332000,1.19
12/24/2019 16:59:27.311000,1.66
12/24/2019 17:01:27.333000,1.83
12/24/2019 17:03:26.985000,2.01
12/24/2019 17:05:27.348000,1.93
12/24/2019 17:07:27.432000,2.74
12/24/2019 17:09:27.468000,2.47
12/24/2019 17:11:27.416000,1.8
12/24/2019 17:13:27.399000,1.38
12/24/2019 17:15:27.036000,1.12
12/24/2019 17:17:27.000000,1.15
12/24/2019 17:19:27.435000,1.17
12/24/2019 17:21:27.327000,1.42
12/24/2019 17:23:27.527000,1.32
12/24/2019 17:25:27.328000,1.56
12/24/2019 17:27:27.426000,1.56
12/24/2019 17:29:27.226000,1.0
12/24/2019 17:31:27.325000,1.21
12/24/2019 17:43:27.452000,1.74
12/24/2019 17:45:27.015000,1.27
12/24/2019 17:47:27.550000,2.47
12/24/2019 17:49:27.410000,2.72
12/24/2019 17:51:27.350000,3.82
12/24/2019 17:53:27.011000,5.33
12/24/2019 17:55:27.339000,4.91
12/24/2019 17:57:27.386000,5.53
12/24/2019 17:59:27.319000,5.24
12/24/2019 18:01:27.395000,3.41
12/24/2019 18:03:27.270000,2.44
12/24/2019 18:05:27.002000,1.88
12/24/2019 18:07:27.246000,1.63
12/24/2019 18:09:27.244000,1.78
12/24/2019 18:11:27.318000,2.18
12/24/2019 18:13:27.415000,1.24
12/24/2019 18:15:27.098000,0.93
12/24/2019 18:17:27.328000,0.84
12/24/2019 18:19:27.008000,1.38
12/24/2019 18:21:26.995000,1.0
12/24/2019 18:23:27.326000,0.94
12/24/2019 18:25:26.992000,0.63
12/24/2019 18:27:27.318000,0.64
12/24/2019 18:29:27.249000,0.96
12/24/2019 18:31:27.223000,1.42
12/24/2019 18:33:27.252000,0.96
12/24/2019 18:35:27.396000,0.68
12/24/2019 18:37:27.432000,0.44
12/24/2019 18:39:27.015000,0.82
12/24/2019 18:41:26.985000,0.56
12/24/2019 18:43:27.336000,0.2
12/24/2019 18:45:27.222000,0.61
12/24/2019 18:47:27.338000,0.0
12/24/2019 18:49:27.545000,0.0
12/24/2019 18:51:27.348000,0.32
12/24/2019 18:53:27.335000,0.0
12/24/2019 18:55:27.486000,0.65
12/24/2019 18:57:27.191000,0.04
12/24/2019 18:59:27.259000,0.29
12/24/2019 19:01:27.454000,0.17
12/24/2019 19:03:27.387000,0.07
12/24/2019 19:05:27.428000,0.22
12/24/2019 19:07:26.994000,0.19
12/24/2019 19:09:27.290000,0.04
12/24/2019 19:11:27.261000,0.04
12/24/2019 19:13:27.502000,0.0
12/24/2019 19:15:27.022000,0.09
12/24/2019 19:17:27.002000,0.0
12/24/2019 19:19:27.428000,0.0
12/24/2019 19:21:27.007000,0.04
12/24/2019 19:23:27.002000,0.0
12/24/2019 19:25:27.362000,0.0
12/24/2019 19:27:27.225000,0.0
12/24/2019 19:29:27.342000,0.0
12/24/2019 19:31:26.993000,0.0
12/24/2019 19:33:27.341000,0.0
12/24/2019 19:35:27.018000,0.0
12/24/2019 19:37:27.275000,0.0
12/24/2019 19:39:27.440000,0.0
12/24/2019 19:41:27.240000,0.0
12/24/2019 19:43:27.029000,0.0
12/24/2019 19:45:27.018000,0.0
12/24/2019 19:47:27.698000,0.0
12/24/2019 19:49:27.250000,0.0
12/24/2019 19:51:27.012000,0.0
12/24/2019 19:53:27.396000,0.0
12/24/2019 19:55:27.009000,0.0
12/24/2019 19:57:27.337000,0.0
12/24/2019 19:59:27.232000,0.0
12/24/2019 20:01:27.358000,0.0
12/24/2019 20:03:27.388000,0.0
12/24/2019 20:05:27.346000,0.0
12/24/2019 20:07:27.552000,0.07
12/24/2019 20:09:27.335000,0.0
12/24/2019 20:11:27.441000,0.0
12/24/2019 20:13:27.215000,0.0
12/24/2019 20:15:27.382000,0.0
12/24/2019 20:17:27.437000,0.0
12/24/2019 20:19:27.252000,0.0
12/24/2019 20:21:27.282000,0.0
12/24/2019 20:23:27.345000,0.0
12/24/2019 20:25:27.468000,0.0
12/24/2019 20:27:27.002000,0.08
12/24/2019 20:29:27.247000,0.0
12/24/2019 20:31:27.048000,0.0
12/24/2019 20:33:27.275000,0.0
12/24/2019 20:35:27.492000,0.17
12/24/2019 20:37:27.334000,0.0
12/24/2019 20:39:27.407000,0.0
12/24/2019 20:41:27.001000,0.0
12/24/2019 20:43:27.346000,0.08
12/24/2019 20:45:27.410000,0.07
12/24/2019 20:47:27.708000,0.07
12/24/2019 20:49:27.023000,0.0
12/24/2019 20:51:27.397000,0.06
12/24/2019 20:53:27.253000,0.0
12/24/2019 20:55:27.328000,0.03
12/24/2019 20:57:27.454000,0.04
12/24/2019 20:59:27.048000,0.0
12/24/2019 21:01:27.353000,0.3
12/24/2019 21:03:27.459000,0.03
12/24/2019 21:05:27.034000,0.09
12/24/2019 21:07:27.349000,0.22
12/24/2019 21:09:27.354000,0.17
12/24/2019 21:11:27.232000,0.16
12/24/2019 21:13:27.267000,0.26
12/24/2019 21:15:27.470000,0.0
12/24/2019 21:17:27.457000,0.04
12/24/2019 21:19:27.358000,0.31
12/24/2019 21:21:27.347000,0.13
12/24/2019 21:23:27.037000,0.12
12/24/2019 21:25:27.271000,0.17
12/24/2019 21:27:27.031000,0.03
12/24/2019 21:29:27.340000,0.0
12/24/2019 21:31:27.041000,0.0
12/24/2019 21:33:27.351000,0.0
12/24/2019 21:35:27.268000,0.18
12/24/2019 21:37:27.441000,0.39
12/24/2019 21:39:27.347000,0.49
12/24/2019 21:41:27.443000,0.46
12/24/2019 21:43:27.322000,0.43
12/24/2019 21:45:27.403000,0.62
12/24/2019 21:47:27.648000,0.21
12/24/2019 21:49:27.431000,0.29
12/24/2019 21:51:27.411000,0.37
12/24/2019 21:53:27.019000,0.53
12/24/2019 21:55:27.277000,0.58
12/24/2019 21:57:27.409000,0.88
12/24/2019 21:59:27.415000,0.32
12/24/2019 22:01:27.308000,0.42
12/24/2019 22:03:27.439000,0.41
12/24/2019 22:05:27.365000,0.13
12/24/2019 22:07:27.039000,0.5
12/24/2019 22:09:27.033000,0.58
12/24/2019 22:11:27.380000,0.0
12/24/2019 22:13:27.037000,0.09
12/24/2019 22:15:27.508000,0.39
12/24/2019 22:17:27.040000,0.15
12/24/2019 22:19:27.020000,0.36
12/24/2019 22:21:27.046000,0.21
12/24/2019 22:23:27.037000,0.54
12/24/2019 22:25:27.429000,0.24
12/24/2019 22:27:27.474000,0.13
12/24/2019 22:29:27.359000,0.3
12/24/2019 22:31:27.048000,0.21
12/24/2019 22:33:27.451000,0.04
12/24/2019 22:35:27.367000,0.41
12/24/2019 22:37:27.539000,0.04
12/24/2019 22:39:27.250000,0.0
12/24/2019 22:41:27.515000,0.26
12/24/2019 22:43:27.364000,0.67
12/24/2019 22:45:27.432000,0.06
12/24/2019 22:47:27.662000,0.0
12/24/2019 22:49:27.372000,0.1
12/24/2019 22:51:27.422000,0.61
12/24/2019 22:53:27.021000,0.34
12/24/2019 22:55:27.057000,0.44
12/24/2019 22:57:27.491000,0.36
12/24/2019 22:59:27.293000,0.23
12/24/2019 23:01:27.436000,0.36
12/24/2019 23:03:27.041000,0.25
12/24/2019 23:05:27.366000,0.22
12/24/2019 23:07:27.344000,0.2
12/24/2019 23:09:27.431000,0.0
12/24/2019 23:11:27.362000,0.04
12/24/2019 23:13:27.477000,0.29
12/24/2019 23:15:27.419000,0.64
12/24/2019 23:17:27.358000,0.63
12/24/2019 23:19:27.343000,0.87
12/24/2019 23:21:27.024000,1.01
12/24/2019 23:23:27.477000,0.87
12/24/2019 23:25:27.348000,1.01
12/24/2019 23:27:27.018000,1.01
12/24/2019 23:29:27.279000,1.0
12/24/2019 23:31:27.499000,0.97
12/24/2019 23:33:27.083000,1.03
12/24/2019 23:35:27.261000,1.41
12/24/2019 23:37:27.361000,1.39
12/24/2019 23:39:27.460000,1.24
12/24/2019 23:41:27.319000,1.39
12/24/2019 23:43:27.042000,1.41
12/24/2019 23:45:27.295000,2.06
12/24/2019 23:47:27.374000,1.71
12/24/2019 23:49:27.484000,2.27
12/24/2019 23:51:27.554000,3.1
12/24/2019 23:53:27.023000,2.74
12/24/2019 23:55:27.400000,3.54
12/24/2019 23:57:27.458000,3.8
12/24/2019 23:59:27.391000,3.72
12/25/2019 00:01:27.501000,3.65
12/25/2019 00:03:27.411000,4.28
12/25/2019 00:05:27.049000,4.78
12/25/2019 00:07:27.390000,5.01
12/25/2019 00:09:27.500000,5.85
12/25/2019 00:11:27.273000,4.26
12/25/2019 00:13:27.431000,4.53
12/25/2019 00:15:27.062000,4.53
12/25/2019 00:17:27.352000,4.58
12/25/2019 00:19:27.464000,5.97
12/25/2019 00:21:27.251000,5.39
12/25/2019 00:23:27.437000,5.96
12/25/2019 00:25:27.444000,6.37
12/25/2019 00:27:27.373000,5.71
12/25/2019 00:29:27.630000,5.03
12/25/2019 00:31:27.351000,5.56
12/25/2019 00:33:27.504000,5.88
12/25/2019 00:35:27.387000,6.66
12/25/2019 00:37:27.469000,6.96
12/25/2019 00:39:27.507000,6.09
12/25/2019 00:41:27.273000,5.67
12/25/2019 00:43:27.360000,6.28
12/25/2019 00:45:27.395000,6.73
12/25/2019 00:47:27.750000,6.9
12/25/2019 00:49:27.417000,4.91
12/25/2019 00:51:27.029000,7.18
12/25/2019 00:53:27.538000,8.17
12/25/2019 00:55:27.461000,8.33
12/25/2019 00:57:27.456000,9.27
12/25/2019 00:59:27.529000,9.5
12/25/2019 01:01:27.064000,12.75
12/25/2019 01:03:27.041000,12.81
12/25/2019 01:05:27.433000,13.35
12/25/2019 01:07:27.082000,13.21
12/25/2019 01:09:27.435000,15.3
12/25/2019 01:11:27.425000,14.77
12/25/2019 01:13:27.043000,16.19
12/25/2019 01:15:27.486000,15.87
12/25/2019 01:17:27.458000,17.26
12/25/2019 01:19:27.422000,16.65
12/25/2019 01:21:27.288000,18.05
12/25/2019 01:23:27.026000,19.37
12/25/2019 01:25:27.268000,21.36
12/25/2019 01:27:27.052000,22.09
12/25/2019 01:29:27.051000,22.3
12/25/2019 01:31:27.369000,21.97
12/25/2019 01:33:27.361000,21.27
12/25/2019 01:35:27.463000,20.3
12/25/2019 01:37:27.357000,18.67
12/25/2019 01:39:27.075000,19.88
12/25/2019 01:41:27.242000,17.93
12/25/2019 01:43:27.346000,19.37
12/25/2019 01:45:27.056000,22.24
12/25/2019 01:47:27.406000,24.27
12/25/2019 01:49:27.475000,24.43
12/25/2019 01:51:27.241000,24.86
12/25/2019 01:53:27.631000,29.39
12/25/2019 01:55:27.504000,30.52
12/25/2019 01:57:27.376000,31.2
12/25/2019 02:01:27.047000,31.78
12/25/2019 02:03:27.333000,31.09
12/25/2019 02:05:27.489000,27.6
12/25/2019 02:07:27.527000,26.77
12/25/2019 02:09:27.351000,24.56
12/25/2019 02:11:27.372000,21.69
12/25/2019 02:13:27.354000,18.38
12/25/2019 02:15:27.413000,19.3
12/25/2019 02:17:27.490000,22.61
12/25/2019 02:19:27.492000,22.71
12/25/2019 02:21:27.073000,20.74
12/25/2019 02:23:27.483000,18.84
12/25/2019 02:25:27.028000,18.84
12/25/2019 02:27:27.038000,19.12
12/25/2019 02:29:27.379000,19.7
12/25/2019 02:31:27.475000,18.21
12/25/2019 02:33:27.443000,17.57
12/25/2019 02:35:27.358000,18.84
12/25/2019 02:37:27.049000,15.94
12/25/2019 02:39:27.391000,14.26
12/25/2019 02:41:27.354000,13.93
12/25/2019 02:43:27.469000,13.37
12/25/2019 02:45:27.047000,13.52
12/25/2019 02:47:27.760000,14.23
12/25/2019 02:49:27.424000,16.25
12/25/2019 02:51:27.036000,19.45
12/25/2019 02:53:27.054000,20.06
12/25/2019 02:55:27.428000,18.5
12/25/2019 02:57:27.286000,17.13
12/25/2019 02:59:27.056000,11.59
12/25/2019 03:01:27.339000,9.09
12/25/2019 03:03:27.498000,8.84
12/25/2019 03:05:27.380000,9.23
12/25/2019 03:07:27.023000,8.26
12/25/2019 03:09:27.087000,8.81
12/25/2019 03:11:27.360000,7.41
12/25/2019 03:13:27.421000,6.79
12/25/2019 03:15:27.427000,7.55
12/25/2019 03:17:27.360000,7.0
12/25/2019 03:19:27.345000,7.69
12/25/2019 03:21:27.261000,8.58
12/25/2019 03:23:27.051000,7.97
12/25/2019 03:25:27.038000,7.64
12/25/2019 03:27:27.403000,6.82
12/25/2019 03:29:27.432000,7.06
12/25/2019 03:31:27.433000,7.49
12/25/2019 03:33:27.355000,8.33
12/25/2019 03:35:27.466000,8.69
12/25/2019 03:37:27.378000,7.31
12/25/2019 03:39:27.246000,7.74
12/25/2019 03:41:27.033000,8.09
12/25/2019 03:43:27.267000,8.24
12/25/2019 03:45:27.355000,8.21
12/25/2019 03:47:27.366000,7.69
12/25/2019 03:49:27.425000,8.37
12/25/2019 03:51:27.556000,8.18
12/25/2019 03:53:27.027000,8.33
12/25/2019 03:55:27.369000,7.63
12/25/2019 03:57:27.359000,7.39
12/25/2019 03:59:27.412000,8.09
12/25/2019 04:01:27.096000,8.99
12/25/2019 04:03:27.356000,9.33
12/25/2019 04:05:27.352000,15.07
12/25/2019 04:07:27.370000,11.81
12/25/2019 04:11:27.357000,10.06
12/25/2019 04:13:27.502000,8.94
12/25/2019 04:15:27.042000,8.55
12/25/2019 04:17:27.278000,8.72
12/25/2019 04:19:27.042000,7.87
12/25/2019 04:21:27.058000,7.21
12/25/2019 04:23:27.491000,7.83
12/25/2019 04:25:27.355000,8.07
12/25/2019 04:27:27.499000,6.43
12/25/2019 04:29:27.400000,7.83
12/25/2019 04:31:27.034000,7.03
12/25/2019 04:33:27.504000,7.62
12/25/2019 04:35:27.497000,8.26
12/25/2019 04:37:27.346000,8.26
12/25/2019 04:39:27.494000,7.56
12/25/2019 04:41:27.321000,7.4
12/25/2019 04:43:27.351000,7.15
12/25/2019 04:45:27.243000,7.25
12/25/2019 04:47:27.737000,6.62
12/25/2019 04:49:27.366000,7.04
12/25/2019 04:51:27.475000,8.17
12/25/2019 04:53:27.419000,7.72
12/25/2019 04:55:27.354000,5.14
12/25/2019 04:57:27.060000,5.4
12/25/2019 04:59:27.483000,5.64
12/25/2019 05:01:27.348000,5.81
12/25/2019 05:03:27.034000,6.06
12/25/2019 05:05:27.351000,6.89
12/25/2019 05:07:27.134000,6.72
12/25/2019 05:11:27.461000,7.39
12/25/2019 05:13:27.026000,8.09
12/25/2019 05:15:27.347000,7.8
12/25/2019 05:17:27.252000,6.34
12/25/2019 05:19:27.365000,7.6
12/25/2019 05:21:27.244000,7.3
12/25/2019 05:23:27.406000,7.5
12/25/2019 05:25:27.380000,6.64
12/25/2019 05:27:27.358000,7.82
12/25/2019 05:29:27.037000,7.66
12/25/2019 05:31:27.046000,7.76
12/25/2019 05:33:27.512000,8.78
12/25/2019 05:35:27.405000,8.37
12/25/2019 05:37:27.038000,8.19
12/25/2019 05:39:27.266000,7.69
12/25/2019 05:41:27.532000,7.57
12/25/2019 05:43:27.265000,7.76
12/25/2019 05:45:27.238000,7.7
12/25/2019 05:47:27.646000,7.97
12/25/2019 05:49:27.468000,8.9
12/25/2019 05:51:27.330000,9.29
12/25/2019 05:53:27.529000,9.4
12/25/2019 05:55:27.646000,9.65
12/25/2019 05:57:27.276000,10.89
12/25/2019 05:59:27.251000,11.87
12/25/2019 06:01:27.394000,10.41
12/25/2019 06:03:27.454000,10.16
12/25/2019 06:05:27.382000,10.31
12/25/2019 06:07:27.528000,9.49
12/25/2019 06:09:27.463000,10.13
12/25/2019 06:11:27.417000,11.37
12/25/2019 06:13:27.023000,10.39
12/25/2019 06:15:27.381000,8.81
12/25/2019 06:17:27.425000,9.13
12/25/2019 06:19:27.430000,8.38
12/25/2019 06:21:27.488000,7.19
12/25/2019 06:23:27.342000,6.9
12/25/2019 06:25:27.033000,6.57
12/25/2019 06:27:27.035000,6.41
12/25/2019 06:29:27.446000,6.83
12/25/2019 06:31:27.439000,6.48
12/25/2019 06:33:27.037000,5.56
12/25/2019 06:35:27.471000,4.87
12/25/2019 06:37:27.228000,6.47
12/25/2019 06:39:27.269000,5.92
12/25/2019 06:41:27.366000,5.85
12/25/2019 06:43:27.531000,5.35
12/25/2019 06:45:27.354000,5.71
12/25/2019 06:47:27.805000,6.89
12/25/2019 06:49:27.264000,7.4
12/25/2019 06:51:27.484000,6.93
12/25/2019 06:53:27.402000,7.01
12/25/2019 06:55:27.255000,5.99
12/25/2019 06:57:27.099000,6.77
12/25/2019 06:59:27.024000,6.83
12/25/2019 07:01:27.399000,6.5
12/25/2019 07:03:27.040000,6.48
12/25/2019 07:05:27.257000,6.86
12/25/2019 07:07:27.337000,6.62
12/25/2019 07:09:27.343000,7.44
12/25/2019 07:11:27.358000,5.38
12/25/2019 07:13:27.349000,7.35
12/25/2019 07:15:27.552000,7.59
12/25/2019 07:17:27.356000,8.25
12/25/2019 07:19:27.362000,8.09
12/25/2019 07:21:27.536000,7.9
12/25/2019 07:23:27.032000,8.91
12/25/2019 07:25:27.361000,9.16
12/25/2019 07:27:27.369000,8.62
12/25/2019 07:29:27.453000,6.71
12/25/2019 07:31:27.378000,7.46
12/25/2019 07:33:27.395000,5.66
12/25/2019 07:35:27.457000,3.93
12/25/2019 07:37:27.293000,4.49
12/25/2019 07:39:27.048000,3.8
12/25/2019 07:41:27.231000,2.74
12/25/2019 07:43:27.244000,2.66
12/25/2019 07:45:27.037000,2.91
12/25/2019 07:47:27.701000,3.3
12/25/2019 07:49:27.586000,3.54
12/25/2019 07:51:27.350000,3.27
12/25/2019 07:53:27.448000,2.96
12/25/2019 07:55:27.037000,3.21
12/25/2019 07:57:27.358000,3.22
12/25/2019 07:59:27.334000,3.09
12/25/2019 08:01:27.022000,4.11
12/25/2019 08:03:27.260000,3.57
12/25/2019 08:05:27.078000,2.9
12/25/2019 08:07:27.489000,3.36
12/25/2019 08:09:27.428000,2.85
12/25/2019 08:11:27.407000,2.2
12/25/2019 08:13:27.448000,1.64
12/25/2019 08:15:27.419000,2.25
12/25/2019 08:17:27.412000,1.76
12/25/2019 08:19:27.352000,1.8
12/25/2019 08:21:27.253000,1.52
12/25/2019 08:23:27.372000,1.31
12/25/2019 08:25:27.022000,1.7
12/25/2019 08:27:27.297000,1.63
12/25/2019 08:29:27.515000,1.51
12/25/2019 08:31:27.388000,1.64
12/25/2019 08:33:27.373000,2.26
12/25/2019 08:35:27.051000,2.21
12/25/2019 08:37:27.513000,2.24
12/25/2019 08:39:27.443000,2.36
12/25/2019 08:41:27.367000,2.35
12/25/2019 08:43:27.337000,2.1
12/25/2019 08:45:27.038000,2.51
12/25/2019 08:47:27.707000,1.66
12/25/2019 08:49:27.346000,1.33
12/25/2019 08:51:27.068000,2.03
12/25/2019 08:53:27.025000,1.62
12/25/2019 08:55:27.339000,1.97
12/25/2019 08:57:27.343000,1.88
12/25/2019 08:59:27.325000,1.31
12/25/2019 09:01:27.438000,1.46
12/25/2019 09:03:27.527000,1.0
12/25/2019 09:05:27.392000,1.25
12/25/2019 09:07:27.349000,1.43
12/25/2019 09:37:27.819000,1.29
12/25/2019 09:39:28.159000,1.13
12/25/2019 09:41:27.812000,1.15
12/25/2019 09:43:28.054000,1.69
12/25/2019 09:45:28.290000,1.5
12/25/2019 09:47:28.131000,1.39
12/25/2019 09:49:27.835000,1.49
12/25/2019 09:51:28.045000,1.6
12/25/2019 09:53:28.132000,1.2
12/25/2019 09:55:28.298000,1.48
12/25/2019 09:57:27.844000,1.08
12/25/2019 09:59:28.198000,1.34
12/25/2019 10:01:28.186000,2.03
12/25/2019 10:03:27.832000,1.3
12/25/2019 10:05:28.223000,1.43
12/25/2019 10:07:28.249000,1.21
12/25/2019 10:09:28.216000,1.13
12/25/2019 10:11:28.265000,1.42
12/25/2019 10:13:28.153000,1.42
12/25/2019 10:15:28.327000,1.41
12/25/2019 10:17:28.162000,1.57
12/25/2019 10:19:28.137000,1.99
12/25/2019 10:21:28.153000,1.29
12/25/2019 10:23:27.815000,1.66
12/25/2019 10:25:28.227000,1.34
12/25/2019 10:27:27.823000,0.93
12/25/2019 10:29:28.210000,1.53
12/25/2019 10:31:28.063000,0.86
12/25/2019 10:33:28.254000,1.06
12/25/2019 10:35:27.821000,1.43
12/25/2019 10:37:28.678000,1.3
12/25/2019 10:39:28.058000,1.46
12/25/2019 10:41:28.058000,1.21
12/25/2019 10:43:27.838000,1.0
12/25/2019 10:45:28.189000,1.3
12/25/2019 10:47:28.313000,1.13
12/25/2019 10:49:27.892000,1.5
12/25/2019 10:51:28.227000,1.24
12/25/2019 10:53:28.177000,0.86
12/25/2019 10:55:27.908000,0.96
12/25/2019 10:57:27.824000,1.36
12/25/2019 10:59:28.236000,1.28
12/25/2019 11:01:28.282000,1.12
12/25/2019 11:03:28.195000,0.97
12/25/2019 11:05:28.211000,0.83
12/25/2019 11:07:27.852000,1.06
12/25/2019 11:09:27.865000,0.87
12/25/2019 11:11:27.823000,0.86
12/25/2019 11:13:28.102000,1.03
12/25/2019 11:15:27.818000,1.0
12/25/2019 11:17:28.092000,1.01
12/25/2019 11:19:27.810000,1.04
12/25/2019 11:21:28.278000,0.82
12/25/2019 11:23:28.202000,0.91
12/25/2019 11:25:28.437000,1.0
12/25/2019 11:27:28.256000,0.75
12/25/2019 11:29:28.201000,0.81
12/25/2019 11:31:28.063000,1.04
12/25/2019 11:33:27.830000,1.29
12/25/2019 11:35:28.178000,0.78
12/25/2019 11:37:28.602000,0.86
12/25/2019 11:39:28.037000,0.93
12/25/2019 11:41:28.056000,0.77
12/25/2019 11:43:28.191000,1.1
12/25/2019 11:45:28.318000,1.17
12/25/2019 11:47:28.053000,0.91
12/25/2019 11:49:28.247000,0.94
12/25/2019 11:51:28.134000,1.1
12/25/2019 11:53:27.846000,0.51
12/25/2019 11:55:28.141000,0.55
12/25/2019 11:57:27.849000,1.2
12/25/2019 11:59:28.158000,0.94
12/25/2019 12:01:28.251000,0.9
12/25/2019 12:03:28.221000,0.94
12/25/2019 12:05:28.238000,1.04
12/25/2019 12:07:28.028000,0.99
12/25/2019 12:09:28.305000,0.81
12/25/2019 12:11:28.034000,1.06
12/25/2019 12:13:28.207000,1.0
12/25/2019 12:15:27.825000,0.99
12/25/2019 12:17:28.042000,0.88
12/25/2019 12:19:28.032000,1.0
12/25/2019 12:21:28.156000,1.0
12/25/2019 12:23:28.283000,0.8
12/25/2019 12:25:28.304000,0.99
12/25/2019 12:27:28.205000,0.9
12/25/2019 12:29:28.126000,0.89
12/25/2019 12:31:28.172000,1.09
12/25/2019 12:33:28.335000,0.91
12/25/2019 12:35:27.814000,1.19
12/25/2019 12:37:28.588000,0.76
12/25/2019 12:39:28.027000,1.0
12/25/2019 12:41:28.080000,0.84
12/25/2019 12:43:28.057000,0.87
12/25/2019 12:45:28.273000,0.72
12/25/2019 12:47:28.251000,0.82
12/25/2019 12:49:28.146000,0.82
12/25/2019 12:51:28.136000,0.83
12/25/2019 12:53:28.054000,0.7
12/25/2019 12:55:28.013000,0.82
12/25/2019 12:57:27.830000,0.62
12/25/2019 12:59:27.801000,0.25
12/25/2019 13:01:28.129000,0.9
12/25/2019 13:03:27.810000,1.01
12/25/2019 13:05:27.806000,0.71
12/25/2019 13:07:28.193000,0.64
12/25/2019 13:09:28.145000,0.99
12/25/2019 13:11:28.287000,1.04
12/25/2019 13:13:28.125000,0.66
12/25/2019 13:15:27.811000,0.96
12/25/2019 13:17:28.137000,0.82
12/25/2019 13:19:28.139000,0.76
12/25/2019 13:21:27.824000,0.96
12/25/2019 13:23:28.181000,0.64
12/25/2019 13:25:28.304000,0.64
12/25/2019 13:27:28.326000,0.91
12/25/2019 13:29:28.069000,0.76
12/25/2019 13:31:27.833000,1.13
12/25/2019 13:33:28.121000,0.69
12/25/2019 13:35:28.042000,0.83
12/25/2019 13:37:28.523000,1.27
12/25/2019 13:39:28.142000,0.99
12/25/2019 13:41:28.124000,0.88
12/25/2019 13:43:28.050000,0.62
12/25/2019 13:45:27.823000,0.78
12/25/2019 13:47:28.245000,1.22
12/25/2019 13:49:28.162000,2.2
12/25/2019 13:51:28.138000,0.96
12/25/2019 13:53:28.176000,0.35
12/25/2019 13:55:28.046000,0.96
12/25/2019 13:57:28.043000,0.66
12/25/2019 13:59:27.793000,1.49
12/25/2019 14:01:28.270000,3.88
12/25/2019 14:03:27.819000,2.17
12/25/2019 14:05:28.092000,1.26
12/25/2019 14:07:28.267000,1.18
12/25/2019 14:09:28.202000,1.77
12/25/2019 14:11:28.131000,1.41
12/25/2019 14:13:27.790000,1.79
12/25/2019 14:15:28.021000,1.94
12/25/2019 14:17:28.122000,2.04
12/25/2019 14:19:27.798000,1.65
12/25/2019 14:21:28.111000,1.06
12/25/2019 14:23:28.189000,1.49
12/25/2019 14:25:28.119000,1.29
12/25/2019 14:27:28.292000,2.92
12/25/2019 14:29:28.038000,2.29
12/25/2019 14:31:28.035000,1.7
12/25/2019 14:33:28.194000,1.26
12/25/2019 14:35:28.128000,1.66
12/25/2019 14:37:28.453000,1.8
12/25/2019 14:39:28.029000,1.46
12/25/2019 14:41:28.023000,1.43
12/25/2019 14:43:28.138000,1.51
12/25/2019 14:45:28.112000,2.63
12/25/2019 14:47:28.024000,2.4
12/25/2019 14:49:28.038000,4.71
12/25/2019 14:51:27.795000,5.03
12/25/2019 14:53:27.808000,3.25
12/25/2019 14:55:28.024000,1.32
12/25/2019 14:57:28.162000,4.9
12/25/2019 14:59:27.809000,5.6
12/25/2019 15:01:28.211000,5.63
12/25/2019 15:03:28.200000,4.93
12/25/2019 15:05:28.124000,5.59
12/25/2019 15:07:28.209000,6.93
12/25/2019 15:09:28.251000,9.94
12/25/2019 15:11:27.955000,10.64
12/25/2019 15:13:28.142000,10.43
12/25/2019 15:15:28.012000,9.0
12/25/2019 15:17:28.215000,6.8
12/25/2019 15:19:27.809000,4.74
12/25/2019 15:21:28.181000,4.51
12/25/2019 15:23:28.171000,2.85
12/25/2019 15:25:27.791000,4.49
12/25/2019 15:27:28.231000,4.68
12/25/2019 15:29:28.005000,5.87
12/25/2019 15:31:28.156000,4.16
12/25/2019 15:33:28.221000,4.26
12/25/2019 15:35:27.811000,7.78
12/25/2019 15:37:28.334000,10.08
12/25/2019 15:39:28.018000,9.45
12/25/2019 15:41:27.954000,9.49
12/25/2019 15:43:27.776000,7.59
12/25/2019 15:45:27.812000,6.75
12/25/2019 15:47:28.261000,7.75
12/25/2019 15:49:29.277000,20.87
12/25/2019 15:51:28.218000,13.99
12/25/2019 15:53:28.261000,20.38
12/25/2019 15:55:28.229000,15.75
12/25/2019 15:57:27.793000,13.3
12/25/2019 15:59:28.214000,10.14
12/25/2019 16:01:28.185000,15.14
12/25/2019 16:03:27.813000,10.67
12/25/2019 16:05:27.778000,5.96
12/25/2019 16:07:28.016000,3.33
12/25/2019 16:11:28.197000,3.17
12/25/2019 16:13:28.086000,3.21
12/25/2019 16:15:28.012000,3.09
12/25/2019 16:17:28.110000,4.7
12/25/2019 16:19:28.215000,5.72
12/25/2019 16:21:28.190000,5.66
12/25/2019 16:23:28.738000,5.28
12/25/2019 16:25:28.036000,6.97
12/25/2019 16:27:28.197000,8.68
12/25/2019 16:29:28.111000,9.04
12/25/2019 16:31:28.155000,10.62
12/25/2019 16:33:27.795000,10.46
12/25/2019 16:35:28.181000,8.83
12/25/2019 16:37:28.167000,8.42
12/25/2019 16:39:28.203000,6.82
12/25/2019 16:41:28.209000,5.79
12/25/2019 16:43:28.222000,6.2
12/25/2019 16:45:28.069000,4.93
12/25/2019 16:47:28.114000,4.42
12/25/2019 16:49:28.090000,7.63
12/25/2019 16:51:28.065000,5.77
12/25/2019 16:53:27.793000,7.61
12/25/2019 16:55:28.133000,5.34
12/25/2019 16:57:28.035000,6.09
12/25/2019 16:59:28.018000,7.16
12/25/2019 17:01:28.157000,4.62
12/25/2019 17:03:28.135000,3.33
12/25/2019 17:05:28.171000,2.28
12/25/2019 17:07:28.318000,2.7
12/25/2019 17:09:28.262000,2.91
12/25/2019 17:11:28.017000,3.17
12/25/2019 17:13:28.165000,3.61
12/25/2019 17:15:27.799000,3.79
12/25/2019 17:17:27.795000,2.84
12/25/2019 17:19:28.277000,2.54
12/25/2019 17:21:28.029000,2.25
12/25/2019 17:23:28.140000,1.72
12/25/2019 17:25:27.824000,1.46
12/25/2019 17:27:28.339000,1.07
12/25/2019 17:29:28.121000,1.09
12/25/2019 17:31:28.177000,1.22
12/25/2019 17:33:28.167000,1.42
12/25/2019 17:35:28.108000,1.17
12/25/2019 17:37:28.444000,2.1
12/25/2019 17:39:27.783000,1.32
12/25/2019 17:41:28.332000,1.16
12/25/2019 17:43:28.135000,1.23
12/25/2019 17:45:28.198000,0.83
12/25/2019 17:47:28.228000,1.15
12/25/2019 17:49:28.212000,1.43
12/25/2019 17:51:28.110000,1.56
12/25/2019 17:53:28.210000,1.0
12/25/2019 17:55:28.144000,1.37
12/25/2019 17:57:28.222000,1.16
12/25/2019 17:59:28.236000,0.65
12/25/2019 18:01:28.256000,1.08
12/25/2019 18:03:28.209000,1.72
12/25/2019 18:05:28.132000,1.72
12/25/2019 18:07:28.113000,1.84
12/25/2019 18:09:27.783000,3.27
12/25/2019 18:11:27.825000,2.1
12/25/2019 18:13:28.113000,0.91
12/25/2019 18:15:28.096000,1.24
12/25/2019 18:17:28.254000,1.54
12/25/2019 18:19:27.811000,1.29
12/25/2019 18:21:28.186000,1.37
12/25/2019 18:23:28.271000,1.09
12/25/2019 18:25:28.140000,1.15
12/25/2019 18:27:28.214000,1.34
12/25/2019 18:29:28.162000,2.2
12/25/2019 18:31:28.203000,1.79
12/25/2019 18:33:28.263000,0.69
12/25/2019 18:35:27.784000,2.04
12/25/2019 18:37:28.720000,1.99
12/25/2019 18:39:28.037000,1.42
12/25/2019 18:41:28.237000,1.58
12/25/2019 18:43:27.801000,1.87
12/25/2019 18:45:28.133000,2.88
12/25/2019 18:47:28.116000,2.65
12/25/2019 18:49:27.791000,1.79
12/25/2019 18:51:27.791000,1.6
12/25/2019 18:53:27.834000,1.91
12/25/2019 18:55:28.156000,1.51
12/25/2019 18:57:27.833000,1.23
12/25/2019 18:59:28.026000,1.66
12/25/2019 19:01:28.316000,1.1
12/25/2019 19:03:28.199000,1.39
12/25/2019 19:05:27.816000,2.06
12/25/2019 19:07:28.208000,1.63
12/25/2019 19:11:28.175000,1.43
12/25/2019 19:13:28.227000,1.16
12/25/2019 19:15:27.806000,0.74
12/25/2019 19:17:28.158000,1.0
12/25/2019 19:19:28.115000,1.16
12/25/2019 19:21:28.093000,0.0
12/25/2019 19:23:28.253000,0.18
12/25/2019 19:25:28.327000,0.0
12/25/2019 19:27:27.783000,0.0
12/25/2019 19:29:28.191000,0.0
12/25/2019 19:31:28.133000,0.0
12/25/2019 19:33:27.854000,0.0
12/25/2019 19:35:27.850000,1.06
12/25/2019 19:37:28.510000,1.65
12/25/2019 19:39:28.227000,1.54
12/25/2019 19:41:27.780000,1.09
12/25/2019 19:43:27.807000,0.47
12/25/2019 19:45:28.178000,0.21
12/25/2019 19:47:28.257000,0.03
12/25/2019 19:49:27.801000,0.0
12/25/2019 19:51:28.635000,0.0
12/25/2019 19:53:27.825000,0.0
12/25/2019 19:55:27.864000,0.0
12/25/2019 19:57:28.461000,0.0
12/25/2019 19:59:28.113000,0.0
12/25/2019 20:01:27.992000,0.0
12/25/2019 20:03:28.224000,0.0
12/25/2019 20:05:28.167000,0.0
12/25/2019 20:07:28.220000,0.0
12/25/2019 20:09:27.791000,0.38
12/25/2019 20:11:28.095000,0.74
12/25/2019 20:13:28.116000,0.0
12/25/2019 20:15:28.273000,0.04
12/25/2019 20:17:28.217000,0.04
12/25/2019 20:19:28.242000,0.0
12/25/2019 20:21:28.132000,0.0
12/25/2019 20:23:28.215000,0.07
12/25/2019 20:25:27.799000,0.54
12/25/2019 20:27:28.189000,0.85
12/25/2019 20:29:28.178000,1.0
12/25/2019 20:31:28.137000,0.51
12/25/2019 20:33:27.836000,0.0
12/25/2019 20:35:28.159000,0.18
12/25/2019 20:37:28.538000,0.0
12/25/2019 20:39:28.236000,0.0
12/25/2019 20:41:28.142000,0.0
12/25/2019 20:43:28.176000,0.0
12/25/2019 20:45:28.231000,0.0
12/25/2019 20:47:27.789000,0.0
12/25/2019 20:49:27.818000,0.0
12/25/2019 20:51:28.241000,0.0
12/25/2019 20:53:28.194000,0.04
12/25/2019 20:55:27.834000,0.0
12/25/2019 20:57:28.201000,0.0
12/25/2019 20:59:27.810000,0.0
12/25/2019 21:01:28.174000,0.0
12/25/2019 21:03:28.180000,0.0
12/25/2019 21:05:28.112000,0.0
12/25/2019 21:07:28.027000,0.0
12/25/2019 21:09:27.825000,0.0
12/25/2019 21:11:28.202000,0.0
12/25/2019 21:13:28.304000,0.0
12/25/2019 21:15:28.144000,0.0
12/25/2019 21:17:28.108000,0.04
12/25/2019 21:19:28.231000,0.0
12/25/2019 21:21:28.163000,0.0
12/25/2019 21:23:28.132000,0.0
12/25/2019 21:25:27.835000,0.0
12/25/2019 21:27:28.239000,0.0
12/25/2019 21:29:28.239000,0.0
12/25/2019 21:31:27.821000,0.0
12/25/2019 21:33:27.806000,0.0
12/25/2019 21:35:27.800000,0.0
12/25/2019 21:37:28.664000,0.0
12/25/2019 21:39:28.030000,0.0
12/25/2019 21:41:28.163000,0.0
12/25/2019 21:43:28.225000,0.0
12/25/2019 21:45:28.135000,0.0
12/25/2019 21:47:27.798000,0.04
12/25/2019 21:49:28.252000,0.0
12/25/2019 21:51:28.173000,0.0
12/25/2019 21:53:27.815000,0.0
12/25/2019 21:55:28.123000,0.16
12/25/2019 21:57:28.330000,0.0
12/25/2019 21:59:27.824000,0.0
12/25/2019 22:01:28.185000,0.0
12/25/2019 22:03:27.799000,0.0
12/25/2019 22:05:28.269000,0.0
12/25/2019 22:07:28.023000,0.0
12/25/2019 22:09:28.121000,0.0
12/25/2019 22:11:28.337000,0.0
12/25/2019 22:13:28.303000,0.0
12/25/2019 22:15:28.315000,0.8
12/25/2019 22:17:28.211000,0.8
12/25/2019 22:19:27.837000,0.21
12/25/2019 22:21:27.819000,0.06
12/25/2019 22:23:27.832000,0.34
12/25/2019 22:25:28.024000,0.39
12/25/2019 22:27:28.128000,0.41
12/25/2019 22:29:28.018000,0.29
12/25/2019 22:31:27.803000,0.12
12/25/2019 22:33:28.078000,0.0
12/25/2019 22:35:27.792000,0.04
12/25/2019 22:37:28.451000,0.0
12/25/2019 22:39:28.187000,0.0
12/25/2019 22:41:28.276000,0.0
12/25/2019 22:43:27.820000,0.13
12/25/2019 22:45:28.150000,0.0
12/25/2019 22:47:27.816000,0.0
12/25/2019 22:49:28.132000,0.15
12/25/2019 22:51:28.137000,0.0
12/25/2019 22:53:27.819000,0.0
12/25/2019 22:55:28.137000,0.13
12/25/2019 22:57:28.209000,0.0
12/25/2019 22:59:28.176000,0.0
12/25/2019 23:01:28.205000,0.0
12/25/2019 23:03:28.138000,0.0
12/25/2019 23:05:28.126000,0.0
12/25/2019 23:07:28.265000,0.0
12/25/2019 23:09:27.806000,0.0
12/25/2019 23:11:28.257000,0.09
12/25/2019 23:13:28.217000,0.0
12/25/2019 23:15:27.833000,0.11
12/25/2019 23:17:28.185000,0.0
12/25/2019 23:19:28.333000,0.0
12/25/2019 23:21:28.210000,0.0
12/25/2019 23:23:28.209000,0.0
12/25/2019 23:25:28.281000,0.0
12/25/2019 23:27:28.247000,0.0
12/25/2019 23:29:28.229000,0.0
12/25/2019 23:31:28.066000,0.0
12/25/2019 23:33:28.281000,0.0
12/25/2019 23:35:28.237000,0.0
12/25/2019 23:37:28.453000,0.0
12/25/2019 23:39:28.246000,0.08
12/25/2019 23:41:28.047000,0.0
12/25/2019 23:43:28.210000,0.0
12/25/2019 23:45:28.202000,0.0
12/25/2019 23:47:28.143000,0.0
12/25/2019 23:49:28.145000,0.0
12/25/2019 23:51:28.136000,0.0
12/25/2019 23:53:27.839000,0.0
12/25/2019 23:55:28.293000,0.39
12/25/2019 23:57:28.034000,2.64
12/25/2019 23:59:28.135000,3.07
12/26/2019 00:01:28.069000,3.25
12/26/2019 00:03:28.043000,2.77
12/26/2019 00:05:28.029000,3.21
12/26/2019 00:07:28.338000,2.89
12/26/2019 00:09:28.043000,2.25
12/26/2019 00:11:28.142000,1.76
12/26/2019 00:13:27.828000,1.37
12/26/2019 00:15:28.061000,1.17
12/26/2019 00:17:28.130000,0.82
12/26/2019 00:19:28.230000,0.88
12/26/2019 00:21:28.054000,28.4
12/26/2019 00:23:28.204000,72.74
12/26/2019 00:25:28.130000,66.89
12/26/2019 00:27:28.244000,33.35
12/26/2019 00:29:28.234000,12.65
12/26/2019 00:31:28.147000,4.37
12/26/2019 00:33:28.125000,1.29
12/26/2019 00:35:28.295000,1.18
12/26/2019 00:37:28.172000,0.83
12/26/2019 00:39:28.250000,1.0
12/26/2019 00:41:28.140000,1.41
12/26/2019 00:43:28.300000,1.31
12/26/2019 00:45:28.016000,1.51
12/26/2019 00:47:28.148000,1.24
12/26/2019 00:49:28.205000,2.06
12/26/2019 00:51:28.171000,2.93
12/26/2019 00:53:27.839000,3.5
12/26/2019 00:55:28.139000,4.48
12/26/2019 00:57:28.165000,7.73
12/26/2019 00:59:27.837000,7.43
12/26/2019 01:01:28.140000,9.51
12/26/2019 01:03:28.194000,10.48
12/26/2019 01:05:27.826000,11.68
12/26/2019 01:07:27.833000,14.49
12/26/2019 01:09:28.205000,20.31
12/26/2019 01:11:27.826000,20.69
12/26/2019 01:13:28.137000,22.44
12/26/2019 01:15:28.136000,19.77
12/26/2019 01:17:28.236000,18.6
12/26/2019 01:19:27.812000,18.46
12/26/2019 01:21:28.142000,17.9
12/26/2019 01:23:28.147000,18.35
12/26/2019 01:25:28.128000,18.6
12/26/2019 01:27:28.035000,20.12
12/26/2019 01:29:28.264000,22.48
12/26/2019 01:31:27.840000,19.74
12/26/2019 01:33:28.153000,17.58
12/26/2019 01:35:28.205000,16.81
12/26/2019 01:37:28.105000,16.38
12/26/2019 01:39:27.822000,18.88
12/26/2019 01:41:28.133000,21.91
12/26/2019 01:43:28.070000,24.19
12/26/2019 01:45:28.187000,26.09
12/26/2019 01:47:28.041000,27.88
12/26/2019 01:49:27.819000,32.68
12/26/2019 01:51:27.838000,32.08
12/26/2019 01:53:27.834000,32.6
12/26/2019 01:55:28.045000,32.11
12/26/2019 01:57:28.212000,30.22
12/26/2019 01:59:28.209000,31.13
12/26/2019 02:01:28.035000,26.88
12/26/2019 02:03:28.069000,23.22
12/26/2019 02:05:28.147000,20.42
12/26/2019 02:07:28.150000,15.85
12/26/2019 02:09:27.817000,14.46
12/26/2019 02:11:28.082000,8.3
12/26/2019 02:13:28.168000,9.82
12/26/2019 02:15:28.155000,8.37
12/26/2019 02:17:28.188000,7.44
12/26/2019 02:19:28.203000,8.01
12/26/2019 02:21:27.811000,7.53
12/26/2019 02:23:28.231000,6.86
12/26/2019 02:25:27.821000,6.47
12/26/2019 02:27:27.840000,7.15
12/26/2019 02:29:28.137000,6.74
12/26/2019 02:31:28.261000,7.3
12/26/2019 02:33:28.190000,7.58
12/26/2019 02:35:28.236000,6.91
12/26/2019 02:37:28.736000,7.2
12/26/2019 02:39:28.063000,7.54
12/26/2019 02:41:28.222000,8.62
12/26/2019 02:43:28.431000,8.1
12/26/2019 02:45:28.133000,7.13
12/26/2019 02:47:28.051000,8.26
12/26/2019 02:49:27.812000,10.94
12/26/2019 02:51:28.142000,10.43
12/26/2019 02:53:27.804000,9.85
12/26/2019 02:55:28.237000,8.53
12/26/2019 02:57:27.825000,7.9
12/26/2019 02:59:28.135000,10.24
12/26/2019 03:01:28.155000,8.82
12/26/2019 03:03:28.172000,8.82
12/26/2019 03:05:28.422000,14.55
12/26/2019 03:07:27.848000,23.37
12/26/2019 03:09:28.133000,29.65
12/26/2019 03:11:28.145000,26.77
12/26/2019 03:13:28.142000,28.07
12/26/2019 03:15:28.133000,29.14
12/26/2019 03:17:27.817000,26.53
12/26/2019 03:19:28.040000,18.85
12/26/2019 03:21:28.284000,15.67
12/26/2019 03:23:27.842000,18.3
12/26/2019 03:25:28.143000,16.33
12/26/2019 03:27:28.202000,15.65
12/26/2019 03:29:28.174000,15.8
12/26/2019 03:31:27.819000,16.24
12/26/2019 03:33:28.062000,15.4
12/26/2019 03:35:28.065000,13.43
12/26/2019 03:37:28.674000,11.46
12/26/2019 03:39:28.193000,9.37
12/26/2019 03:41:28.112000,8.43
12/26/2019 03:43:28.026000,8.43
12/26/2019 03:45:28.128000,8.59
12/26/2019 03:47:27.811000,8.85
12/26/2019 03:49:28.225000,9.85
12/26/2019 03:51:28.288000,8.99
12/26/2019 03:53:28.251000,9.34
12/26/2019 03:55:28.109000,8.84
12/26/2019 03:57:28.013000,8.86
12/26/2019 03:59:28.234000,8.59
12/26/2019 04:01:28.147000,9.22
12/26/2019 04:03:28.189000,10.99
12/26/2019 04:05:27.842000,11.24
12/26/2019 04:07:28.246000,9.56
12/26/2019 04:09:28.030000,10.7
12/26/2019 04:43:28.142000,27.12
12/26/2019 04:45:28.127000,22.4
12/26/2019 04:47:28.044000,21.36
12/26/2019 04:49:28.015000,20.87
12/26/2019 04:51:27.814000,18.79
12/26/2019 04:53:28.013000,20.17
12/26/2019 04:55:28.194000,19.92
12/26/2019 04:57:27.819000,20.84
12/26/2019 04:59:28.113000,20.81
12/26/2019 05:01:28.124000,17.76
12/26/2019 05:03:28.244000,15.62
12/26/2019 05:05:28.354000,16.4
12/26/2019 05:07:28.218000,13.59
12/26/2019 05:09:28.184000,11.55
12/26/2019 05:13:27.850000,10.32
12/26/2019 05:15:28.144000,10.24
12/26/2019 05:17:28.027000,10.04
12/26/2019 05:19:27.790000,9.9
12/26/2019 05:21:27.809000,10.3
12/26/2019 05:23:28.181000,9.9
12/26/2019 05:25:27.838000,9.74
12/26/2019 05:27:28.282000,8.55
12/26/2019 05:29:28.233000,9.64
12/26/2019 05:31:28.197000,8.38
12/26/2019 05:33:28.225000,9.14
12/26/2019 05:35:28.147000,9.77
12/26/2019 05:37:28.349000,9.31
12/26/2019 05:39:28.302000,10.45
12/26/2019 05:41:28.073000,10.14
12/26/2019 05:43:27.799000,7.42
12/26/2019 05:45:28.037000,8.84
12/26/2019 05:47:28.033000,6.74
12/26/2019 05:49:28.043000,6.55
12/26/2019 05:51:28.112000,6.73
12/26/2019 05:53:28.153000,5.83
12/26/2019 05:55:28.112000,5.99
12/26/2019 05:57:28.125000,7.13
12/26/2019 05:59:28.156000,7.02
12/26/2019 06:01:28.276000,7.78
12/26/2019 06:03:28.213000,7.75
12/26/2019 06:05:28.169000,6.85
12/26/2019 06:07:28.181000,6.84
12/26/2019 06:09:28.022000,7.29
12/26/2019 06:11:28.220000,6.54
12/26/2019 06:13:28.190000,4.6
12/26/2019 06:15:28.256000,1.6
12/26/2019 06:17:27.794000,0.99
12/26/2019 06:19:28.337000,0.66
12/26/2019 06:21:28.014000,0.81
12/26/2019 06:23:28.261000,1.12
12/26/2019 06:25:28.022000,1.37
12/26/2019 06:27:28.278000,2.1
12/26/2019 06:29:28.134000,1.96
12/26/2019 06:31:28.160000,2.49
12/26/2019 06:33:28.018000,2.24
12/26/2019 06:35:28.170000,1.82
12/26/2019 06:37:28.211000,1.52
12/26/2019 06:39:28.294000,1.72
12/26/2019 06:41:28.247000,1.5
12/26/2019 06:43:28.064000,2.21
12/26/2019 06:45:28.132000,2.32
12/26/2019 06:47:28.123000,1.8
12/26/2019 06:49:28.131000,1.99
12/26/2019 06:51:28.056000,2.13
12/26/2019 06:53:28.229000,2.2
12/26/2019 06:55:28.117000,2.27
12/26/2019 06:57:28.208000,2.01
12/26/2019 06:59:28.049000,1.84
12/26/2019 07:01:28.039000,1.87
12/26/2019 07:03:28.259000,1.91
12/26/2019 07:05:28.175000,1.86
12/26/2019 07:07:28.147000,1.55
12/26/2019 07:09:27.994000,1.78
12/26/2019 07:11:27.781000,2.01
12/26/2019 07:13:28.139000,1.34
12/26/2019 07:15:28.237000,1.76
12/26/2019 07:17:27.785000,1.66
12/26/2019 07:19:27.773000,1.56
12/26/2019 07:21:28.202000,1.47
12/26/2019 07:23:27.994000,1.16
12/26/2019 07:25:28.009000,1.58
12/26/2019 07:27:28.174000,2.13
12/26/2019 07:29:28.210000,2.33
12/26/2019 07:31:28.158000,2.9
12/26/2019 07:33:27.775000,1.99
12/26/2019 07:35:28.117000,2.74
12/26/2019 07:37:28.284000,3.13
12/26/2019 07:39:28.013000,1.39
12/26/2019 07:41:28.116000,2.22
12/26/2019 07:43:28.229000,1.39
12/26/2019 07:45:28.049000,1.85
12/26/2019 07:47:27.762000,2.29
12/26/2019 07:49:28.017000,1.38
12/26/2019 07:51:28.189000,1.59
12/26/2019 07:53:27.991000,1.51
12/26/2019 07:55:28.191000,1.59
12/26/2019 07:57:28.034000,1.6
12/26/2019 07:59:28.104000,1.62
12/26/2019 08:01:27.774000,2.09
12/26/2019 08:03:28.128000,1.82
12/26/2019 08:05:28.272000,2.04
12/26/2019 08:07:27.797000,1.6
12/26/2019 08:09:28.293000,1.42
12/26/2019 08:11:28.055000,1.46
12/26/2019 08:13:28.152000,1.22
12/26/2019 08:15:28.024000,1.65
12/26/2019 08:17:27.785000,1.2
12/26/2019 08:19:28.017000,1.83
12/26/2019 08:21:27.767000,1.53
12/26/2019 08:23:27.997000,1.21
12/26/2019 08:25:27.785000,1.44
12/26/2019 08:27:28.197000,1.24
12/26/2019 08:29:28.196000,1.72
12/26/2019 08:31:28.180000,1.31
12/26/2019 08:33:28.060000,1.01
12/26/2019 08:35:28.168000,1.2
12/26/2019 08:37:28.491000,0.99
12/26/2019 08:39:27.983000,1.0
12/26/2019 08:41:28.095000,1.33
12/26/2019 08:43:27.751000,0.8
12/26/2019 08:45:28.151000,1.03
12/26/2019 08:47:27.841000,1.31
12/26/2019 08:49:28.228000,1.13
12/26/2019 08:51:28.213000,1.17
12/26/2019 08:53:28.210000,1.16
12/26/2019 08:55:28.175000,0.9
12/26/2019 08:57:28.097000,1.03
12/26/2019 08:59:27.843000,1.01
12/26/2019 09:07:31.378000,0.93
12/26/2019 09:09:28.091000,0.27
12/26/2019 09:11:28.220000,0.61
12/26/2019 09:13:28.192000,0.67
12/26/2019 09:15:28.108000,0.41
12/26/2019 09:17:28.021000,0.2
12/26/2019 09:19:27.829000,0.22
12/26/2019 09:21:28.013000,0.96
12/26/2019 09:23:27.994000,0.76
12/26/2019 09:25:28.159000,0.47
12/26/2019 09:27:27.770000,0.61
12/26/2019 09:29:28.137000,0.73
12/26/2019 09:31:27.755000,0.45
12/26/2019 09:33:27.832000,0.64
12/26/2019 09:35:27.756000,0.45
12/26/2019 09:37:28.440000,0.41
12/26/2019 09:39:28.048000,0.63
12/26/2019 09:41:28.242000,0.83
12/26/2019 09:43:28.083000,0.39
12/26/2019 09:45:28.112000,0.49
12/26/2019 09:47:28.207000,0.31
12/26/2019 09:49:28.033000,0.09
12/26/2019 09:51:27.769000,0.51
12/26/2019 09:53:28.304000,0.38
12/26/2019 09:55:28.156000,0.0
12/26/2019 09:57:28.155000,0.07
12/26/2019 09:59:28.006000,0.0
12/26/2019 10:01:27.780000,0.16
12/26/2019 10:03:27.975000,0.21
12/26/2019 10:05:27.768000,0.1
12/26/2019 10:07:28.104000,0.04
12/26/2019 10:09:28.192000,0.04
12/26/2019 10:11:28.237000,0.15
12/26/2019 10:13:27.832000,0.25
12/26/2019 10:15:28.076000,0.13
12/26/2019 10:17:28.076000,0.0
12/26/2019 10:19:27.839000,0.0
12/26/2019 10:21:28.828000,0.0
12/26/2019 10:23:27.753000,0.12
12/26/2019 10:25:28.159000,0.0
12/26/2019 10:27:27.976000,0.0
12/26/2019 10:29:28.082000,0.0
12/26/2019 10:31:28.143000,0.16
12/26/2019 10:33:27.768000,0.06
12/26/2019 10:35:27.753000,0.23
12/26/2019 10:37:28.503000,0.07
12/26/2019 10:39:27.990000,0.0
12/26/2019 10:41:27.754000,0.04
12/26/2019 10:43:27.753000,0.0
12/26/2019 10:45:28.000000,0.0
12/26/2019 10:47:27.876000,0.0
12/26/2019 10:49:28.077000,0.13
12/26/2019 10:51:28.067000,0.0
12/26/2019 10:53:28.089000,0.0
12/26/2019 10:55:28.421000,0.0
12/26/2019 10:57:28.272000,0.0
12/26/2019 10:59:27.756000,0.09
12/26/2019 11:01:28.185000,0.14
12/26/2019 11:03:28.113000,0.04
12/26/2019 11:05:27.768000,0.0
12/26/2019 11:07:28.211000,0.0
12/26/2019 11:09:28.140000,0.0
12/26/2019 11:11:28.268000,0.0
12/26/2019 11:13:27.997000,0.0
12/26/2019 11:15:28.222000,0.04
12/26/2019 11:17:28.245000,0.06
12/26/2019 11:19:27.763000,0.09
12/26/2019 11:21:28.233000,0.0
12/26/2019 11:23:27.810000,0.0
12/26/2019 11:25:28.205000,0.0
12/26/2019 11:27:28.152000,0.0
12/26/2019 11:29:28.101000,0.0
12/26/2019 11:31:28.188000,0.09
12/26/2019 11:33:27.785000,0.06
12/26/2019 11:35:27.988000,0.0
12/26/2019 11:37:28.313000,0.03
12/26/2019 11:39:27.965000,0.0
12/26/2019 11:41:27.956000,0.07
12/26/2019 11:43:28.168000,0.0
12/26/2019 11:45:27.751000,0.0
12/26/2019 11:47:28.036000,0.0
12/26/2019 11:49:27.913000,0.06
12/26/2019 11:51:28.157000,0.0
12/26/2019 11:53:27.757000,0.0
12/26/2019 11:55:28.112000,0.0
12/26/2019 11:57:28.080000,0.0
12/26/2019 11:59:27.803000,0.0
12/26/2019 12:01:28.059000,0.0
12/26/2019 12:03:28.157000,0.0
12/26/2019 12:05:28.065000,0.0
12/26/2019 12:07:27.801000,0.13
12/26/2019 12:09:27.969000,0.0
12/26/2019 12:11:28.068000,0.0
12/26/2019 12:13:28.227000,0.0
12/26/2019 12:15:27.976000,0.21
12/26/2019 12:17:27.973000,0.0
12/26/2019 12:19:28.136000,0.0
12/26/2019 12:21:28.130000,0.0
12/26/2019 12:23:27.990000,0.0
12/26/2019 12:25:28.148000,0.2
12/26/2019 12:27:28.144000,0.0
12/26/2019 12:29:27.743000,0.37
12/26/2019 12:31:27.754000,0.0
12/26/2019 12:33:28.062000,0.29
12/26/2019 12:35:27.961000,0.09
12/26/2019 12:37:28.430000,0.43
12/26/2019 12:39:28.140000,0.0
12/26/2019 12:41:28.093000,0.01
12/26/2019 12:43:27.740000,0.1
12/26/2019 12:45:27.743000,0.22
12/26/2019 12:47:28.135000,0.16
12/26/2019 12:49:27.787000,0.0
12/26/2019 12:51:27.742000,0.14
12/26/2019 12:53:28.048000,0.39
12/26/2019 12:55:28.033000,0.1
12/26/2019 12:57:28.143000,0.11
12/26/2019 12:59:28.155000,0.09
12/26/2019 13:01:28.136000,0.25
12/26/2019 13:03:27.756000,0.7
12/26/2019 13:05:28.135000,2.47
12/26/2019 13:07:27.977000,0.99
12/26/2019 13:11:28.037000,0.33
12/26/2019 13:13:28.231000,0.04
12/26/2019 13:15:27.991000,0.2
12/26/2019 13:17:28.562000,0.0
12/26/2019 13:19:27.952000,0.28
12/26/2019 13:21:27.734000,0.41
12/26/2019 13:23:28.174000,0.63
12/26/2019 13:25:27.941000,0.0
12/26/2019 13:27:27.755000,0.3
12/26/2019 13:29:28.177000,0.91
12/26/2019 13:31:28.138000,0.81
12/26/2019 13:33:27.747000,0.94
12/26/2019 13:35:28.049000,1.25
12/26/2019 13:37:28.254000,0.82
12/26/2019 13:39:28.076000,1.17
12/26/2019 13:41:27.959000,1.65
12/26/2019 13:43:27.726000,1.09
12/26/2019 13:45:27.728000,1.66
12/26/2019 13:47:27.735000,1.52
12/26/2019 13:49:27.978000,1.42
12/26/2019 13:51:28.134000,1.66
12/26/2019 13:53:28.029000,1.78
12/26/2019 13:55:28.151000,1.97
12/26/2019 13:57:28.118000,3.83
12/26/2019 13:59:28.141000,5.37
12/26/2019 14:01:28.215000,5.12
12/26/2019 14:03:27.729000,5.88
12/26/2019 14:05:28.152000,5.51
12/26/2019 14:07:28.055000,5.81
12/26/2019 14:09:27.744000,5.51
12/26/2019 14:11:28.093000,5.18
12/26/2019 14:13:28.132000,6.21
12/26/2019 14:15:27.732000,5.97
12/26/2019 14:17:28.045000,6.34
12/26/2019 14:19:27.971000,6.56
12/26/2019 14:21:28.131000,6.84
12/26/2019 14:23:28.199000,5.56
12/26/2019 14:25:28.188000,7.78
12/26/2019 14:27:27.721000,7.87
12/26/2019 14:29:27.751000,6.49
12/26/2019 14:31:28.077000,6.78
12/26/2019 14:33:27.759000,7.49
12/26/2019 14:35:28.028000,6.73
12/26/2019 14:37:28.641000,6.01
12/26/2019 14:39:28.135000,6.0
12/26/2019 14:41:28.060000,6.15
12/26/2019 14:43:27.733000,5.42
12/26/2019 14:45:28.092000,5.38
12/26/2019 14:47:28.110000,5.9
12/26/2019 14:49:27.951000,5.51
12/26/2019 14:51:28.062000,5.37
12/26/2019 14:53:27.956000,6.0
12/26/2019 14:55:28.140000,6.85
12/26/2019 14:57:28.035000,6.5
12/26/2019 14:59:28.225000,6.19
12/26/2019 15:01:27.981000,6.16
12/26/2019 15:03:28.169000,5.29
12/26/2019 15:05:27.728000,6.34
12/26/2019 15:07:27.718000,5.39
12/26/2019 15:09:28.158000,5.94
12/26/2019 15:11:27.740000,5.72
12/26/2019 15:13:28.054000,6.46
12/26/2019 15:15:28.052000,7.07
12/26/2019 15:17:28.110000,6.73
12/26/2019 15:19:27.958000,6.69
12/26/2019 15:21:28.045000,5.52
12/26/2019 15:23:27.714000,5.59
12/26/2019 15:25:28.042000,5.4
12/26/2019 15:27:28.153000,6.99
12/26/2019 15:29:28.097000,7.06
12/26/2019 15:31:27.949000,6.5
12/26/2019 15:33:27.996000,7.07
12/26/2019 15:35:28.028000,6.28
12/26/2019 15:37:28.052000,6.85
12/26/2019 15:39:28.014000,6.23
12/26/2019 15:41:27.719000,6.82
12/26/2019 15:43:28.055000,7.77
12/26/2019 15:45:27.968000,6.18
12/26/2019 15:47:28.183000,5.54
12/26/2019 15:49:27.949000,5.69
12/26/2019 15:51:28.166000,6.81
12/26/2019 15:53:27.716000,6.16
12/26/2019 15:55:28.020000,5.32
12/26/2019 15:57:28.205000,7.21
12/26/2019 15:59:27.952000,8.41
12/26/2019 16:01:28.252000,6.83
12/26/2019 16:03:27.935000,5.83
12/26/2019 16:05:27.914000,6.54
12/26/2019 16:07:28.147000,5.87
12/26/2019 16:09:28.038000,5.56
12/26/2019 16:11:28.038000,6.68
12/26/2019 16:13:27.940000,5.58
12/26/2019 16:15:28.055000,5.46
12/26/2019 16:17:27.947000,5.91
12/26/2019 16:19:27.950000,6.22
12/26/2019 16:21:27.717000,6.66
12/26/2019 16:23:27.944000,5.81
12/26/2019 16:25:28.299000,6.16
12/26/2019 16:27:27.933000,6.51
12/26/2019 16:29:28.120000,5.72
12/26/2019 16:31:28.149000,6.2
12/26/2019 16:33:28.032000,6.14
12/26/2019 16:35:28.073000,5.87
12/26/2019 16:37:28.538000,7.09
12/26/2019 16:39:28.028000,7.37
12/26/2019 16:41:27.704000,7.19
12/26/2019 16:43:28.040000,6.38
12/26/2019 16:45:28.030000,7.74
12/26/2019 16:47:27.693000,8.92
12/26/2019 16:49:28.143000,6.88
12/26/2019 16:51:28.036000,7.88
12/26/2019 16:53:27.724000,9.45
12/26/2019 16:55:27.697000,9.97
12/26/2019 16:57:27.925000,8.89
12/26/2019 16:59:28.153000,9.25
12/26/2019 17:01:28.045000,9.63
12/26/2019 17:03:28.206000,8.39
12/26/2019 17:05:27.951000,9.44
12/26/2019 17:07:28.025000,9.45
12/26/2019 17:09:28.152000,9.45
12/26/2019 17:11:28.021000,10.4
12/26/2019 17:13:27.725000,8.43
12/26/2019 17:15:28.059000,8.56
12/26/2019 17:17:27.943000,8.75
12/26/2019 17:19:27.697000,9.1
12/26/2019 17:21:28.068000,9.04
12/26/2019 17:23:28.096000,8.24
12/26/2019 17:25:28.021000,10.14
12/26/2019 17:27:27.715000,10.02
12/26/2019 17:29:28.043000,8.86
12/26/2019 17:31:28.149000,7.68
12/26/2019 17:33:28.030000,9.66
12/26/2019 17:35:27.924000,8.27
12/26/2019 17:37:28.037000,9.59
12/26/2019 17:39:28.114000,9.47
12/26/2019 17:41:27.919000,10.0
12/26/2019 17:43:28.052000,9.46
12/26/2019 17:45:28.158000,9.73
12/26/2019 17:47:28.128000,9.15
12/26/2019 17:49:28.089000,9.7
12/26/2019 17:51:28.125000,9.44
12/26/2019 17:53:28.037000,9.01
12/26/2019 17:55:28.029000,9.68
12/26/2019 17:57:28.082000,9.99
12/26/2019 17:59:28.137000,9.16
12/26/2019 18:01:28.038000,9.78
12/26/2019 18:03:27.753000,10.35
12/26/2019 18:05:28.106000,8.64
12/26/2019 18:07:27.916000,9.52
12/26/2019 18:09:28.231000,10.38
12/26/2019 18:11:28.109000,8.65
12/26/2019 18:13:28.214000,8.36
12/26/2019 18:15:27.922000,9.33
12/26/2019 18:17:28.017000,10.43
12/26/2019 18:19:27.939000,9.54
12/26/2019 18:21:27.695000,10.77
12/26/2019 18:23:28.127000,10.71
12/26/2019 18:25:27.686000,9.29
12/26/2019 18:27:28.152000,11.12
12/26/2019 18:29:27.731000,10.66
12/26/2019 18:31:28.104000,10.14
12/26/2019 18:33:27.691000,10.56
12/26/2019 18:35:27.937000,9.76
12/26/2019 18:37:28.554000,9.51
12/26/2019 18:39:27.685000,10.32
12/26/2019 18:41:28.020000,11.36
12/26/2019 18:43:27.916000,10.63
12/26/2019 18:45:28.169000,11.44
12/26/2019 18:47:27.691000,13.01
12/26/2019 18:49:27.699000,12.24
12/26/2019 18:51:28.174000,12.5
12/26/2019 18:53:28.167000,11.42
12/26/2019 18:55:28.017000,12.07
12/26/2019 18:57:28.077000,12.13
12/26/2019 18:59:27.914000,12.6
12/26/2019 19:01:28.018000,11.03
12/26/2019 19:03:28.027000,11.25
12/26/2019 19:05:28.243000,10.81
12/26/2019 19:07:28.398000,13.57
12/26/2019 19:09:28.081000,11.77
12/26/2019 19:11:28.112000,12.59
12/26/2019 19:13:28.041000,11.77
12/26/2019 19:15:28.070000,10.23
12/26/2019 19:17:27.682000,12.12
12/26/2019 19:19:28.012000,13.36
12/26/2019 19:21:27.940000,12.54
12/26/2019 19:23:28.008000,11.96
12/26/2019 19:25:28.108000,10.84
12/26/2019 19:27:28.079000,12.41
12/26/2019 19:29:27.932000,11.59
12/26/2019 19:31:27.697000,13.86
12/26/2019 19:33:28.025000,12.14
12/26/2019 19:35:28.123000,12.7
12/26/2019 19:37:28.612000,11.28
12/26/2019 19:39:28.201000,12.54
12/26/2019 19:41:28.039000,11.71
12/26/2019 19:43:28.100000,11.61
12/26/2019 19:45:27.686000,12.73
12/26/2019 19:47:28.192000,12.83
12/26/2019 19:49:27.712000,12.16
12/26/2019 19:51:28.182000,12.51
12/26/2019 19:53:28.010000,12.53
12/26/2019 19:55:28.018000,12.28
12/26/2019 19:57:27.691000,11.93
12/26/2019 19:59:28.015000,12.65
12/26/2019 20:01:28.022000,11.83
12/26/2019 20:03:28.107000,14.76
12/26/2019 20:05:28.128000,13.59
12/26/2019 20:07:28.130000,11.93
12/26/2019 20:09:27.708000,13.35
12/26/2019 20:11:28.099000,12.04
12/26/2019 20:13:27.920000,11.25
12/26/2019 20:15:28.127000,11.5
12/26/2019 20:17:27.905000,10.87
12/26/2019 20:19:28.186000,12.47
12/26/2019 20:21:27.700000,11.08
12/26/2019 20:23:28.108000,11.37
12/26/2019 20:25:28.123000,11.98
12/26/2019 20:27:27.999000,11.86
12/26/2019 20:29:27.993000,11.86
12/26/2019 20:31:28.011000,13.15
12/26/2019 20:33:28.067000,14.03
12/26/2019 20:35:28.087000,13.1
12/26/2019 20:37:28.314000,12.89
12/26/2019 20:39:28.068000,13.26
12/26/2019 20:41:28.001000,12.24
12/26/2019 20:43:28.037000,13.33
12/26/2019 20:45:27.920000,11.53
12/26/2019 20:47:28.088000,11.19
12/26/2019 20:49:28.014000,11.33
12/26/2019 20:51:28.140000,11.69
12/26/2019 20:53:28.072000,13.06
12/26/2019 20:55:28.147000,12.91
12/26/2019 20:57:28.086000,13.22
12/26/2019 20:59:27.691000,10.94
12/26/2019 21:01:28.013000,11.21
12/26/2019 21:03:28.041000,11.41
12/26/2019 21:05:28.026000,11.74
12/26/2019 21:07:28.086000,12.35
12/26/2019 21:09:27.943000,12.06
12/26/2019 21:11:28.067000,11.36
12/26/2019 21:13:27.694000,11.06
12/26/2019 21:15:28.099000,13.33
12/26/2019 21:17:28.134000,11.24
12/26/2019 21:19:27.681000,12.24
12/26/2019 21:21:28.043000,11.68
12/26/2019 21:23:27.964000,12.66
12/26/2019 21:25:27.923000,12.22
12/26/2019 21:27:27.907000,13.2
12/26/2019 21:29:27.903000,12.06
12/26/2019 21:31:27.676000,10.88
12/26/2019 21:33:28.185000,11.74
12/26/2019 21:35:28.035000,11.83
12/26/2019 21:37:28.584000,11.43
12/26/2019 21:39:28.024000,12.59
12/26/2019 21:41:27.913000,12.65
12/26/2019 21:43:28.240000,10.89
12/26/2019 21:45:28.051000,12.29
12/26/2019 21:47:28.002000,11.89
12/26/2019 21:49:28.123000,12.53
12/26/2019 21:51:27.942000,12.04
12/26/2019 21:53:28.109000,12.77
12/26/2019 21:55:28.167000,11.34
12/26/2019 21:57:28.147000,11.66
12/26/2019 21:59:28.133000,12.58
12/26/2019 22:01:27.882000,12.36
12/26/2019 22:03:27.920000,11.66
12/26/2019 22:05:28.077000,12.0
12/26/2019 22:07:27.723000,11.49
12/26/2019 22:09:28.000000,12.04
12/26/2019 22:11:28.121000,12.51
12/26/2019 22:13:28.094000,12.67
12/26/2019 22:15:27.924000,12.91
12/26/2019 22:17:27.998000,11.91
12/26/2019 22:19:27.672000,13.01
12/26/2019 22:21:27.700000,13.23
12/26/2019 22:23:27.713000,16.62
12/26/2019 22:25:28.103000,14.7
12/26/2019 22:27:27.908000,12.9
12/26/2019 22:29:28.194000,11.57
12/26/2019 22:31:27.692000,11.78
12/26/2019 22:33:27.897000,11.42
12/26/2019 22:35:27.737000,12.54
12/26/2019 22:37:28.397000,12.75
12/26/2019 22:39:27.733000,12.87
12/26/2019 22:41:28.132000,11.87
12/26/2019 22:43:28.007000,13.09
12/26/2019 22:45:28.098000,12.92
12/26/2019 22:47:28.098000,13.69
12/26/2019 22:49:28.055000,12.78
12/26/2019 22:51:27.917000,11.63
12/26/2019 22:53:28.178000,12.9
12/26/2019 22:55:27.908000,12.94
12/26/2019 22:57:28.096000,12.81
12/26/2019 22:59:28.013000,13.24
12/26/2019 23:01:27.932000,12.27
12/26/2019 23:03:27.913000,14.21
12/26/2019 23:05:28.227000,13.63
12/26/2019 23:07:27.738000,12.11
12/26/2019 23:09:27.922000,13.24
12/26/2019 23:11:27.682000,12.42
12/26/2019 23:13:28.178000,14.13
12/26/2019 23:15:27.993000,11.88
12/26/2019 23:17:28.142000,12.6
12/26/2019 23:19:27.693000,11.55
12/26/2019 23:21:28.005000,11.43
12/26/2019 23:23:27.683000,11.59
12/26/2019 23:25:27.744000,11.84
12/26/2019 23:27:28.104000,11.39
12/26/2019 23:29:27.998000,10.59
12/26/2019 23:31:27.978000,12.1
12/26/2019 23:33:28.147000,12.34
12/26/2019 23:35:27.678000,11.28
12/26/2019 23:37:28.119000,12.07
12/26/2019 23:39:28.109000,12.97
12/26/2019 23:41:27.901000,13.41
12/26/2019 23:43:28.077000,13.57
12/26/2019 23:45:28.094000,13.33
12/26/2019 23:47:28.126000,12.72
12/26/2019 23:49:27.888000,13.79
12/26/2019 23:51:28.109000,14.31
12/26/2019 23:53:27.895000,12.97
12/26/2019 23:55:28.129000,14.55
12/26/2019 23:57:28.085000,12.94
12/26/2019 23:59:28.064000,12.06
12/27/2019 00:01:27.907000,13.42
12/27/2019 00:03:28.020000,13.63
12/27/2019 00:05:28.110000,13.91
12/27/2019 00:07:28.054000,14.23
12/27/2019 00:09:27.687000,14.2
12/27/2019 00:11:28.068000,12.77
12/27/2019 00:13:28.005000,14.11
12/27/2019 00:15:27.683000,13.28
12/27/2019 00:17:27.908000,14.16
12/27/2019 00:19:28.180000,13.7
12/27/2019 00:21:27.898000,13.75
12/27/2019 00:23:27.899000,13.87
12/27/2019 00:25:27.706000,13.59
12/27/2019 00:27:28.145000,13.77
12/27/2019 00:29:27.890000,12.93
12/27/2019 00:31:27.925000,15.72
12/27/2019 00:33:28.144000,15.99
12/27/2019 00:35:27.978000,15.32
12/27/2019 00:37:28.477000,16.55
12/27/2019 00:39:27.672000,16.32
12/27/2019 00:41:28.214000,15.54
12/27/2019 00:43:28.002000,16.88
12/27/2019 00:45:27.683000,16.61
12/27/2019 00:47:27.991000,21.31
12/27/2019 00:49:27.978000,24.89
12/27/2019 00:51:28.185000,25.18
12/27/2019 00:53:27.894000,34.01
12/27/2019 00:55:27.998000,34.36
12/27/2019 00:57:27.887000,33.03
12/27/2019 00:59:28.002000,25.78
12/27/2019 01:01:28.071000,24.24
12/27/2019 01:03:27.657000,24.96
12/27/2019 01:05:27.699000,22.52
12/27/2019 01:07:27.983000,24.27
12/27/2019 01:09:28.088000,24.51
12/27/2019 01:11:27.668000,25.85
12/27/2019 01:13:28.049000,29.22
12/27/2019 01:15:28.052000,28.43
12/27/2019 01:17:28.089000,27.1
12/27/2019 01:19:28.140000,27.63
12/27/2019 01:21:28.002000,28.03
12/27/2019 01:23:27.913000,27.63
12/27/2019 01:25:27.676000,28.3
12/27/2019 01:27:27.918000,26.91
12/27/2019 01:29:27.989000,27.99
12/27/2019 01:31:27.659000,28.52
12/27/2019 01:33:27.992000,29.04
12/27/2019 01:35:27.652000,26.89
12/27/2019 01:37:28.352000,26.21
12/27/2019 01:39:27.920000,28.46
12/27/2019 01:41:27.882000,27.28
12/27/2019 01:43:28.027000,24.88
12/27/2019 01:45:27.993000,27.33
12/27/2019 01:47:27.681000,25.16
12/27/2019 01:49:27.952000,25.51
12/27/2019 01:51:28.131000,27.44
12/27/2019 01:53:27.993000,25.93
12/27/2019 01:55:27.987000,27.56
12/27/2019 01:57:28.163000,27.06
12/27/2019 01:59:28.126000,26.61
12/27/2019 02:01:27.937000,29.97
12/27/2019 02:03:27.987000,26.71
12/27/2019 02:05:27.673000,29.06
12/27/2019 02:07:27.874000,28.37
12/27/2019 02:09:27.689000,26.58
12/27/2019 02:11:27.998000,29.39
12/27/2019 02:13:28.006000,32.58
12/27/2019 02:15:27.686000,32.57
12/27/2019 02:17:27.676000,30.77
12/27/2019 02:19:28.036000,29.79
12/27/2019 02:21:28.066000,29.14
12/27/2019 02:23:28.154000,29.07
12/27/2019 02:25:28.074000,29.93
12/27/2019 02:27:27.974000,28.48
12/27/2019 02:29:27.657000,28.51
12/27/2019 02:31:27.649000,31.43
12/27/2019 02:33:27.983000,29.62
12/27/2019 02:35:27.689000,28.6
12/27/2019 02:37:28.247000,27.55
12/27/2019 02:39:28.077000,30.71
12/27/2019 02:41:27.880000,30.51
12/27/2019 02:43:27.976000,28.48
12/27/2019 02:45:28.154000,29.65
12/27/2019 02:47:28.052000,32.65
12/27/2019 02:49:27.930000,30.49
12/27/2019 02:51:28.033000,30.91
12/27/2019 02:53:28.006000,29.11
12/27/2019 02:55:27.658000,29.48
12/27/2019 02:57:27.696000,28.57
12/27/2019 02:59:28.101000,28.51
12/27/2019 03:01:27.650000,27.41
12/27/2019 03:03:28.190000,28.64
12/27/2019 03:05:28.045000,30.9
12/27/2019 03:07:28.001000,31.36
12/27/2019 03:09:27.973000,31.64
12/27/2019 03:11:28.110000,30.22
12/27/2019 03:13:28.039000,29.57
12/27/2019 03:15:27.865000,26.13
12/27/2019 03:17:28.038000,28.53
12/27/2019 03:19:27.980000,26.21
12/27/2019 03:21:27.980000,27.16
12/27/2019 03:23:28.031000,28.29
12/27/2019 03:25:28.043000,25.64
12/27/2019 03:27:28.013000,25.6
12/27/2019 03:29:27.892000,28.71
12/27/2019 03:31:28.072000,30.0
12/27/2019 03:33:28.070000,28.51
12/27/2019 03:35:27.843000,26.93
12/27/2019 03:37:28.279000,26.53
12/27/2019 03:39:28.079000,26.41
12/27/2019 03:41:27.647000,26.71
12/27/2019 03:43:27.647000,29.11
12/27/2019 03:45:27.873000,28.16
12/27/2019 03:47:27.971000,25.74
12/27/2019 03:49:27.958000,27.46
12/27/2019 03:51:28.130000,26.08
12/27/2019 03:53:28.138000,26.13
12/27/2019 03:55:27.643000,25.97
12/27/2019 03:57:27.956000,25.35
12/27/2019 03:59:27.890000,25.31
12/27/2019 04:01:27.626000,26.9
12/27/2019 04:03:28.053000,25.75
12/27/2019 04:05:28.027000,25.61
12/27/2019 04:07:27.673000,26.43
12/27/2019 04:09:27.654000,27.18
12/27/2019 04:11:27.958000,25.72
12/27/2019 04:13:27.962000,24.04
12/27/2019 04:15:28.028000,27.91
12/27/2019 04:17:28.070000,27.99
12/27/2019 04:19:27.996000,26.74
12/27/2019 04:21:28.137000,29.82
12/27/2019 04:23:28.023000,33.43
12/27/2019 04:25:27.940000,32.25
12/27/2019 04:27:28.148000,33.68
12/27/2019 04:29:27.643000,32.76
12/27/2019 04:31:28.043000,31.57
12/27/2019 04:33:28.095000,28.99
12/27/2019 04:35:28.099000,27.44
12/27/2019 04:37:28.317000,28.67
12/27/2019 04:39:27.909000,27.06
12/27/2019 04:41:27.642000,27.2
12/27/2019 04:43:27.886000,29.47
12/27/2019 04:45:27.862000,29.1
12/27/2019 04:47:28.044000,29.48
12/27/2019 04:49:27.641000,28.59
12/27/2019 04:51:27.995000,25.1
12/27/2019 04:53:27.942000,26.1
12/27/2019 04:55:28.040000,25.18
12/27/2019 04:57:27.634000,25.09
12/27/2019 04:59:27.961000,25.33
12/27/2019 05:01:28.064000,24.29
12/27/2019 05:03:28.099000,22.79
12/27/2019 05:05:27.961000,23.96
12/27/2019 05:07:28.098000,24.83
12/27/2019 05:09:27.650000,23.54
12/27/2019 05:11:27.976000,24.25
12/27/2019 05:13:28.033000,26.17
12/27/2019 05:15:27.949000,23.68
12/27/2019 05:17:27.993000,23.67
12/27/2019 05:19:27.664000,23.74
12/27/2019 05:21:27.949000,24.67
12/27/2019 05:23:27.958000,25.7
12/27/2019 05:25:27.871000,24.99
12/27/2019 05:27:27.639000,25.0
12/27/2019 05:29:27.946000,24.96
12/27/2019 05:31:27.626000,26.49
12/27/2019 05:33:27.859000,25.71
12/27/2019 05:35:27.616000,26.63
12/27/2019 05:37:28.507000,26.71
12/27/2019 05:39:27.840000,27.87
12/27/2019 05:41:27.950000,28.61
12/27/2019 05:43:27.989000,29.77
12/27/2019 05:45:28.033000,29.33
12/27/2019 05:47:27.938000,28.03
12/27/2019 05:49:28.109000,30.04
12/27/2019 05:51:27.644000,30.61
12/27/2019 05:53:27.932000,32.33
12/27/2019 05:55:27.634000,33.58
12/27/2019 05:57:28.035000,31.89
12/27/2019 05:59:28.055000,31.0
12/27/2019 06:01:28.023000,33.47
12/27/2019 06:03:28.046000,32.29
12/27/2019 06:05:27.970000,31.39
12/27/2019 06:07:27.938000,30.82
12/27/2019 06:09:27.879000,30.7
12/27/2019 06:11:27.846000,31.6
12/27/2019 06:13:27.634000,29.29
12/27/2019 06:15:28.053000,29.07
12/27/2019 06:17:28.108000,28.04
12/27/2019 06:19:28.033000,29.52
12/27/2019 06:21:27.862000,28.99
12/27/2019 06:23:27.963000,28.3
12/27/2019 06:25:27.614000,28.67
12/27/2019 06:27:28.153000,28.49
12/27/2019 06:29:28.048000,28.0
12/27/2019 06:31:27.629000,29.32
12/27/2019 06:33:27.633000,28.81
12/27/2019 06:35:27.827000,29.38
12/27/2019 06:37:28.431000,27.48
12/27/2019 06:39:27.937000,28.93
12/27/2019 06:41:28.111000,30.49
12/27/2019 06:43:28.104000,28.79
12/27/2019 06:45:27.959000,27.81
12/27/2019 06:47:27.862000,29.34
12/27/2019 06:49:28.060000,28.39
12/27/2019 06:51:27.854000,27.74
12/27/2019 06:53:27.608000,26.76
12/27/2019 06:55:27.928000,27.12
12/27/2019 06:57:27.948000,27.69
12/27/2019 06:59:27.882000,28.14
12/27/2019 07:01:28.060000,29.78
12/27/2019 07:03:28.014000,31.15
12/27/2019 07:05:28.089000,27.8
12/27/2019 07:07:27.925000,26.99
12/27/2019 07:09:28.079000,28.94
12/27/2019 07:11:28.019000,29.58
12/27/2019 07:13:28.452000,29.07
12/27/2019 07:15:28.108000,30.61
12/27/2019 07:17:27.861000,28.03
12/27/2019 07:19:28.049000,30.8
12/27/2019 07:21:27.836000,31.15
12/27/2019 07:23:27.633000,30.94
12/27/2019 07:25:28.074000,29.9
12/27/2019 07:27:27.951000,29.55
12/27/2019 07:29:27.630000,30.15
12/27/2019 07:31:27.640000,30.77
12/27/2019 07:33:28.101000,29.48
12/27/2019 07:35:27.844000,31.82
12/27/2019 07:37:28.357000,28.99
12/27/2019 07:39:27.934000,30.1
12/27/2019 07:41:27.865000,29.81
12/27/2019 07:43:27.620000,29.65
12/27/2019 07:45:27.929000,27.12
12/27/2019 07:47:27.870000,29.21
12/27/2019 07:49:27.996000,28.8
12/27/2019 07:51:27.834000,30.31
12/27/2019 07:53:27.643000,29.24
12/27/2019 07:55:27.836000,30.91
12/27/2019 07:57:28.049000,28.62
12/27/2019 07:59:27.918000,28.91
12/27/2019 08:01:28.013000,29.78
12/27/2019 08:03:27.827000,28.22
12/27/2019 08:05:27.936000,26.99
12/27/2019 08:07:27.976000,25.71
12/27/2019 08:09:27.925000,28.3
12/27/2019 08:11:27.612000,25.41
12/27/2019 08:13:27.867000,23.61
12/27/2019 08:15:27.925000,24.73
12/27/2019 08:17:28.048000,26.74
12/27/2019 08:19:28.060000,26.34
12/27/2019 08:21:27.935000,25.99
12/27/2019 08:23:27.605000,26.22
12/27/2019 08:25:27.983000,23.59
12/27/2019 08:27:28.027000,22.55
12/27/2019 08:29:27.923000,24.63
12/27/2019 08:31:27.615000,22.72
12/27/2019 08:33:27.848000,22.86
12/27/2019 08:35:27.934000,21.1
12/27/2019 08:37:28.179000,21.01
12/27/2019 08:39:28.536000,23.13
12/27/2019 08:41:27.859000,20.84
12/27/2019 08:43:27.997000,22.72
12/27/2019 08:45:27.825000,22.11
12/27/2019 08:47:27.864000,21.09
12/27/2019 08:49:28.103000,21.61
12/27/2019 08:51:27.592000,21.22
12/27/2019 08:53:27.883000,20.3
12/27/2019 08:55:28.106000,21.26
12/27/2019 08:57:27.602000,21.12
12/27/2019 08:59:27.979000,22.85
12/27/2019 09:01:27.980000,21.45
12/27/2019 09:03:28.065000,22.04
12/27/2019 09:05:27.956000,22.2
12/27/2019 09:07:27.851000,21.71
12/27/2019 09:37:28.865000,20.79
12/27/2019 09:39:28.783000,21.01
12/27/2019 09:41:28.555000,22.31
12/27/2019 09:43:28.721000,21.94
12/27/2019 09:45:28.746000,18.61
12/27/2019 09:47:28.737000,20.25
12/27/2019 09:49:28.750000,18.54
12/27/2019 09:51:28.429000,20.09
12/27/2019 09:53:28.745000,19.68
12/27/2019 09:55:28.855000,20.59
12/27/2019 09:57:28.795000,19.34
12/27/2019 09:59:28.632000,20.33
12/27/2019 10:01:28.774000,19.8
12/27/2019 10:03:28.807000,19.61
12/27/2019 10:05:28.749000,21.56
12/27/2019 10:07:28.831000,21.24
12/27/2019 10:11:28.901000,22.42
12/27/2019 10:13:28.748000,21.97
12/27/2019 10:15:28.661000,22.87
12/27/2019 10:17:28.792000,22.3
12/27/2019 10:19:28.780000,23.35
12/27/2019 10:21:28.401000,22.23
12/27/2019 10:23:28.846000,22.59
12/27/2019 10:25:28.428000,21.56
12/27/2019 10:27:28.445000,23.63
12/27/2019 10:29:28.836000,21.55
12/27/2019 10:31:28.400000,21.27
12/27/2019 10:33:28.861000,21.65
12/27/2019 10:35:28.812000,21.69
12/27/2019 10:37:29.254000,21.38
12/27/2019 10:39:28.636000,22.27
12/27/2019 10:41:28.719000,21.1
12/27/2019 10:43:28.712000,21.87
12/27/2019 10:45:28.666000,20.42
12/27/2019 10:47:28.836000,21.23
12/27/2019 10:49:28.718000,22.88
12/27/2019 10:51:28.871000,23.1
12/27/2019 10:53:28.644000,22.83
12/27/2019 10:55:28.901000,20.67
12/27/2019 10:57:28.731000,21.59
12/27/2019 10:59:28.829000,22.69
12/27/2019 11:01:28.419000,22.87
12/27/2019 11:03:28.886000,21.96
12/27/2019 11:05:28.855000,21.25
12/27/2019 11:07:28.415000,20.11
12/27/2019 11:09:28.826000,20.41
12/27/2019 11:11:28.441000,21.66
12/27/2019 11:13:28.855000,22.15
12/27/2019 11:15:28.798000,21.73
12/27/2019 11:17:28.853000,20.98
12/27/2019 11:19:28.815000,19.94
12/27/2019 11:21:28.832000,20.89
12/27/2019 11:23:28.434000,19.22
12/27/2019 11:25:28.753000,19.76
12/27/2019 11:27:28.617000,20.83
12/27/2019 11:29:28.848000,20.03
12/27/2019 11:31:28.731000,20.51
12/27/2019 11:33:28.717000,21.49
12/27/2019 11:35:28.706000,20.9
12/27/2019 11:37:28.800000,20.7
12/27/2019 11:39:28.741000,19.22
12/27/2019 11:41:29.552000,20.76
12/27/2019 11:43:28.645000,19.44
12/27/2019 11:45:28.833000,20.33
12/27/2019 11:47:28.842000,19.04
12/27/2019 11:49:28.921000,20.04
12/27/2019 11:51:28.687000,18.48
12/27/2019 11:53:29.736000,19.06
12/27/2019 11:55:28.391000,19.81
12/27/2019 11:57:28.750000,20.47
12/27/2019 11:59:28.710000,19.22
12/27/2019 12:01:28.785000,20.76
12/27/2019 12:03:28.647000,19.53
12/27/2019 12:05:28.635000,21.79
12/27/2019 12:07:28.715000,18.67
12/27/2019 12:09:28.626000,20.87
12/27/2019 12:11:28.390000,20.74
12/27/2019 12:13:28.718000,22.93
12/27/2019 12:15:28.388000,21.97
12/27/2019 12:17:28.409000,21.63
12/27/2019 12:19:28.884000,21.55
12/27/2019 12:21:28.842000,21.18
12/27/2019 12:23:28.614000,22.25
12/27/2019 12:25:28.712000,21.5
12/27/2019 12:27:28.703000,23.35
12/27/2019 12:29:28.380000,23.8
12/27/2019 12:31:28.395000,20.16
12/27/2019 12:33:28.788000,22.62
12/27/2019 12:35:28.614000,23.78
12/27/2019 12:37:28.992000,23.03
12/27/2019 12:39:28.726000,23.19
12/27/2019 12:41:28.388000,22.76
12/27/2019 12:43:28.833000,23.54
12/27/2019 12:45:28.395000,22.8
12/27/2019 12:47:28.804000,21.93
12/27/2019 12:49:28.726000,22.43
12/27/2019 12:51:28.712000,24.58
12/27/2019 12:53:28.702000,22.36
12/27/2019 12:55:28.425000,22.88
12/27/2019 12:57:28.740000,21.51
12/27/2019 12:59:28.834000,21.37
12/27/2019 13:01:28.781000,22.09
12/27/2019 13:03:28.740000,20.62
12/27/2019 13:05:28.734000,22.06
12/27/2019 13:07:28.861000,21.42
12/27/2019 13:09:28.423000,20.56
12/27/2019 13:11:28.784000,22.01
12/27/2019 13:13:28.832000,20.03
12/27/2019 13:15:28.710000,20.75
12/27/2019 13:17:28.860000,20.03
12/27/2019 13:19:28.734000,18.99
12/27/2019 13:21:28.750000,19.63
12/27/2019 13:23:28.788000,19.18
12/27/2019 13:25:28.758000,20.28
12/27/2019 13:27:28.409000,19.57
12/27/2019 13:29:28.374000,22.14
12/27/2019 13:31:28.401000,19.35
12/27/2019 13:33:28.598000,20.82
12/27/2019 13:35:28.613000,19.51
12/27/2019 13:37:28.729000,17.97
12/27/2019 13:39:28.451000,19.59
12/27/2019 13:41:28.396000,20.1
12/27/2019 13:43:28.637000,20.59
12/27/2019 13:45:28.601000,19.07
12/27/2019 13:47:28.764000,20.61
12/27/2019 13:49:28.593000,18.68
12/27/2019 13:51:28.846000,18.17
12/27/2019 13:53:28.629000,19.91
12/27/2019 13:55:28.728000,18.99
12/27/2019 13:57:28.781000,19.43
12/27/2019 13:59:28.705000,21.06
12/27/2019 14:01:28.701000,19.84
12/27/2019 14:03:28.583000,17.39
12/27/2019 14:05:28.391000,20.01
12/27/2019 14:07:28.363000,20.16
12/27/2019 14:09:28.687000,19.45
12/27/2019 14:11:28.793000,19.9
12/27/2019 14:13:28.761000,20.53
12/27/2019 14:15:28.650000,20.71
12/27/2019 14:17:28.744000,21.6
12/27/2019 14:19:28.764000,19.54
12/27/2019 14:21:28.443000,19.9
12/27/2019 14:23:29.331000,22.7
12/27/2019 14:25:28.704000,20.5
12/27/2019 14:27:28.723000,21.46
12/27/2019 14:29:28.376000,20.26
12/27/2019 14:31:28.763000,21.38
12/27/2019 14:33:28.618000,20.42
12/27/2019 14:35:28.695000,19.86
12/27/2019 14:37:28.778000,21.9
12/27/2019 14:39:28.627000,21.58
12/27/2019 14:41:28.386000,21.47
12/27/2019 14:43:28.380000,21.0
12/27/2019 14:45:28.714000,22.18
12/27/2019 14:47:28.779000,22.07
12/27/2019 14:49:28.694000,20.63
12/27/2019 14:51:28.697000,21.29
12/27/2019 14:53:28.770000,21.63
12/27/2019 14:55:28.384000,23.35
12/27/2019 14:57:28.701000,21.69
12/27/2019 14:59:28.586000,21.79
12/27/2019 15:01:28.639000,23.58
12/27/2019 15:03:28.601000,23.16
12/27/2019 15:05:28.798000,22.63
12/27/2019 15:07:28.358000,21.37
12/27/2019 15:09:28.364000,23.07
12/27/2019 15:11:28.618000,23.16
12/27/2019 15:13:28.421000,23.65
12/27/2019 15:15:28.687000,23.67
12/27/2019 15:17:28.647000,23.0
12/27/2019 15:19:28.937000,25.21
12/27/2019 15:21:28.375000,24.46
12/27/2019 15:23:28.699000,24.47
12/27/2019 15:25:28.942000,26.06
12/27/2019 15:27:28.788000,25.9
12/27/2019 15:29:28.673000,24.49
12/27/2019 15:31:28.769000,25.42
12/27/2019 15:33:28.724000,25.93
12/27/2019 15:35:28.701000,26.37
12/27/2019 15:37:29.290000,24.85
12/27/2019 15:39:28.592000,26.03
12/27/2019 15:41:28.682000,26.32
12/27/2019 15:43:28.697000,26.01
12/27/2019 15:45:28.861000,29.2
12/27/2019 15:47:28.674000,29.51
12/27/2019 15:49:28.578000,26.58
12/27/2019 15:51:28.377000,27.68
12/27/2019 15:53:28.752000,29.56
12/27/2019 15:55:28.607000,28.91
12/27/2019 15:57:28.834000,28.18
12/27/2019 15:59:28.358000,30.54
12/27/2019 16:01:28.634000,29.77
12/27/2019 16:03:28.588000,31.3
12/27/2019 16:05:28.365000,32.22
12/27/2019 16:07:28.383000,27.72
12/27/2019 16:09:28.725000,26.87
12/27/2019 16:11:28.620000,28.64
12/27/2019 16:13:28.773000,25.65
12/27/2019 16:15:28.766000,24.93
12/27/2019 16:17:28.765000,24.03
12/27/2019 16:19:28.742000,25.42
12/27/2019 16:21:28.758000,23.38
12/27/2019 16:23:28.697000,26.04
12/27/2019 16:25:28.711000,25.99
12/27/2019 16:27:28.755000,26.36
12/27/2019 16:29:28.397000,21.07
12/27/2019 16:31:28.804000,20.95
12/27/2019 16:33:28.354000,23.07
12/27/2019 16:35:28.691000,21.45
12/27/2019 16:37:29.053000,21.99
12/27/2019 16:39:28.636000,20.97
12/27/2019 16:41:28.672000,20.18
12/27/2019 16:43:28.371000,21.01
12/27/2019 16:45:28.821000,19.74
12/27/2019 16:47:28.372000,20.41
12/27/2019 16:49:28.748000,22.32
12/27/2019 16:51:28.706000,21.86
12/27/2019 16:53:28.676000,22.26
12/27/2019 16:55:28.689000,21.85
12/27/2019 16:57:28.644000,21.82
12/27/2019 16:59:28.353000,21.32
12/27/2019 17:01:28.367000,19.07
12/27/2019 17:03:28.652000,19.93
12/27/2019 17:05:28.684000,20.03
12/27/2019 17:07:28.672000,18.97
12/27/2019 17:09:28.794000,16.97
12/27/2019 17:11:28.782000,17.07
12/27/2019 17:13:28.806000,19.19
12/27/2019 17:15:28.599000,17.86
12/27/2019 17:17:28.708000,17.1
12/27/2019 17:19:28.779000,17.69
12/27/2019 17:21:28.393000,16.19
12/27/2019 17:23:28.698000,18.06
12/27/2019 17:25:28.838000,17.13
12/27/2019 17:27:28.821000,19.21
12/27/2019 17:29:28.797000,19.39
12/27/2019 17:31:28.673000,17.85
12/27/2019 17:33:28.659000,17.8
12/27/2019 17:35:28.388000,18.15
12/27/2019 17:37:29.138000,17.46
12/27/2019 17:39:28.779000,19.78
12/27/2019 17:41:28.345000,18.84
12/27/2019 17:43:28.703000,16.87
12/27/2019 17:45:28.601000,16.68
12/27/2019 17:47:28.572000,17.31
12/27/2019 17:49:28.735000,19.2
12/27/2019 17:51:28.734000,16.96
12/27/2019 17:53:28.825000,17.2
12/27/2019 17:55:28.861000,16.47
12/27/2019 17:57:28.680000,17.52
12/27/2019 17:59:28.421000,18.63
12/27/2019 18:01:28.683000,17.78
12/27/2019 18:03:28.769000,18.07
12/27/2019 18:05:28.671000,16.63
12/27/2019 18:07:28.721000,18.27
12/27/2019 18:09:28.570000,18.69
12/27/2019 18:11:28.815000,17.69
12/27/2019 18:13:28.689000,18.81
12/27/2019 18:15:28.674000,18.41
12/27/2019 18:17:28.750000,18.06
12/27/2019 18:19:28.582000,19.33
12/27/2019 18:21:28.763000,19.78
12/27/2019 18:23:28.671000,19.23
12/27/2019 18:25:28.595000,20.06
12/27/2019 18:27:28.836000,19.14
12/27/2019 18:29:28.706000,19.82
12/27/2019 18:31:28.663000,18.85
12/27/2019 18:33:28.342000,16.6
12/27/2019 18:35:28.580000,18.1
12/27/2019 18:37:29.251000,17.45
12/27/2019 18:39:28.812000,18.06
12/27/2019 18:41:28.749000,17.16
12/27/2019 18:43:28.744000,16.91
12/27/2019 18:45:28.875000,17.59
12/27/2019 18:47:28.680000,15.9
12/27/2019 18:49:28.680000,15.49
12/27/2019 18:51:28.664000,17.13
12/27/2019 18:53:28.595000,16.76
12/27/2019 18:55:28.590000,17.84
12/27/2019 18:57:28.558000,17.4
12/27/2019 18:59:28.677000,16.61
12/27/2019 19:01:28.697000,15.41
12/27/2019 19:03:28.560000,18.54
12/27/2019 19:05:28.676000,16.82
12/27/2019 19:07:28.669000,16.88
12/27/2019 19:09:28.823000,15.61
12/27/2019 19:11:28.689000,15.81
12/27/2019 19:13:28.732000,16.03
12/27/2019 19:15:28.794000,16.88
12/27/2019 19:17:28.836000,17.44
12/27/2019 19:19:28.674000,16.74
12/27/2019 19:21:28.750000,16.69
12/27/2019 19:23:31.133000,17.33
12/27/2019 19:25:28.720000,17.27
12/27/2019 19:27:28.708000,17.43
12/27/2019 19:29:28.355000,17.63
12/27/2019 19:31:28.393000,18.13
12/27/2019 19:33:28.830000,18.75
12/27/2019 19:35:28.705000,19.62
12/27/2019 19:37:29.132000,22.63
12/27/2019 19:39:28.592000,21.36
12/27/2019 19:41:28.723000,21.56
12/27/2019 19:43:28.578000,21.18
12/27/2019 19:45:28.341000,21.48
12/27/2019 19:47:28.702000,20.37
12/27/2019 19:49:28.845000,21.21
12/27/2019 19:51:28.674000,21.2
12/27/2019 19:53:28.562000,22.0
12/27/2019 19:55:28.654000,23.22
12/27/2019 19:57:28.678000,21.27
12/27/2019 19:59:28.347000,22.66
12/27/2019 20:01:28.495000,23.07
12/27/2019 20:03:28.569000,21.37
12/27/2019 20:05:28.666000,22.98
12/27/2019 20:07:28.360000,23.0
12/27/2019 20:09:28.742000,22.58
12/27/2019 20:11:28.334000,21.77
12/27/2019 20:13:28.343000,23.32
12/27/2019 20:15:28.801000,22.42
12/27/2019 20:17:28.370000,21.99
12/27/2019 20:19:28.885000,22.0
12/27/2019 20:23:28.570000,23.64
12/27/2019 20:25:28.571000,22.87
12/27/2019 20:27:28.558000,22.3
12/27/2019 20:29:28.369000,23.45
12/27/2019 20:31:28.718000,22.03
12/27/2019 20:33:28.729000,21.11
12/27/2019 20:35:28.693000,21.92
12/27/2019 20:37:29.162000,21.7
12/27/2019 20:39:28.694000,22.56
12/27/2019 20:41:28.577000,21.54
12/27/2019 20:43:28.359000,21.04
12/27/2019 20:45:28.757000,20.37
12/27/2019 20:47:28.747000,19.73
12/27/2019 20:49:28.336000,20.24
12/27/2019 20:51:28.361000,22.06
12/27/2019 20:53:28.571000,21.34
12/27/2019 20:55:28.348000,20.78
12/27/2019 20:57:28.771000,20.36
12/27/2019 20:59:28.731000,19.67
12/27/2019 21:01:28.634000,21.97
12/27/2019 21:03:28.567000,22.22
12/27/2019 21:05:28.575000,21.82
12/27/2019 21:07:28.720000,23.93
12/27/2019 21:09:28.669000,24.63
12/27/2019 21:11:28.357000,23.7
12/27/2019 21:13:28.653000,23.52
12/27/2019 21:15:28.789000,23.63
12/27/2019 21:17:28.664000,23.21
12/27/2019 21:19:28.553000,23.53
12/27/2019 21:21:28.734000,24.17
12/27/2019 21:23:28.666000,24.59
12/27/2019 21:25:28.822000,22.87
12/27/2019 21:27:28.818000,23.4
12/27/2019 21:29:28.730000,23.53
12/27/2019 21:31:28.689000,23.22
12/27/2019 21:33:28.550000,25.74
12/27/2019 21:35:28.577000,24.43
12/27/2019 21:37:28.752000,24.62
12/27/2019 21:39:28.943000,24.34
12/27/2019 21:41:28.826000,23.13
12/27/2019 21:43:28.657000,23.0
12/27/2019 21:45:28.344000,24.12
12/27/2019 21:47:28.649000,22.12
12/27/2019 21:49:28.783000,23.71
12/27/2019 21:51:28.580000,23.43
12/27/2019 21:53:28.579000,24.05
12/27/2019 21:55:28.815000,22.97
12/27/2019 21:57:28.359000,23.03
12/27/2019 21:59:28.750000,22.24
12/27/2019 22:01:28.353000,23.41
12/27/2019 22:03:28.752000,22.24
12/27/2019 22:05:28.758000,22.77
12/27/2019 22:07:28.719000,21.27
12/27/2019 22:09:28.329000,23.83
12/27/2019 22:11:28.809000,23.49
12/27/2019 22:13:28.731000,22.51
12/27/2019 22:15:28.704000,22.76
12/27/2019 22:17:28.424000,21.69
12/27/2019 22:19:28.762000,24.15
12/27/2019 22:21:28.360000,23.96
12/27/2019 22:23:28.661000,23.45
12/27/2019 22:25:28.589000,22.7
12/27/2019 22:27:28.555000,22.83
12/27/2019 22:29:28.846000,22.27
12/27/2019 22:31:28.733000,23.43
12/27/2019 22:33:28.328000,23.0
12/27/2019 22:35:28.821000,22.97
12/27/2019 22:37:29.225000,22.76
12/27/2019 22:39:28.654000,23.96
12/27/2019 22:41:28.582000,23.9
12/27/2019 22:43:28.560000,24.96
12/27/2019 22:45:28.756000,24.77
12/27/2019 22:47:28.670000,24.45
12/27/2019 22:49:28.683000,24.23
12/27/2019 22:51:28.740000,24.9
12/27/2019 22:53:28.730000,23.1
12/27/2019 22:55:28.662000,25.12
12/27/2019 22:57:28.662000,23.63
12/27/2019 22:59:28.831000,22.71
12/27/2019 23:01:28.330000,21.91
12/27/2019 23:03:28.933000,23.43
12/27/2019 23:05:28.736000,23.06
12/27/2019 23:07:28.358000,23.14
12/27/2019 23:09:28.572000,23.46
12/27/2019 23:11:28.743000,23.52
12/27/2019 23:13:28.359000,22.65
12/27/2019 23:15:28.735000,22.55
12/27/2019 23:17:28.749000,23.7
12/27/2019 23:19:28.353000,22.31
12/27/2019 23:21:28.832000,23.0
12/27/2019 23:23:28.748000,22.91
12/27/2019 23:25:28.629000,24.43
12/27/2019 23:27:28.839000,23.12
12/27/2019 23:29:28.643000,21.85
12/27/2019 23:31:28.733000,23.41
12/27/2019 23:33:28.838000,22.87
12/27/2019 23:35:28.597000,23.46
12/27/2019 23:37:28.999000,22.25
12/27/2019 23:39:28.825000,23.43
12/27/2019 23:41:28.755000,24.42
12/27/2019 23:43:28.822000,23.62
12/27/2019 23:45:28.655000,23.4
12/27/2019 23:47:28.692000,22.16
12/27/2019 23:49:28.587000,22.91
12/27/2019 23:51:28.334000,24.37
12/27/2019 23:53:28.718000,23.12
12/27/2019 23:55:28.422000,23.2
12/27/2019 23:57:28.355000,24.97
12/27/2019 23:59:28.581000,23.36
12/28/2019 00:01:28.683000,23.78
12/28/2019 00:03:28.578000,24.39
12/28/2019 00:05:28.845000,25.96
12/28/2019 00:07:28.844000,25.17
12/28/2019 00:09:28.362000,24.06
12/28/2019 00:11:28.725000,23.57
12/28/2019 00:13:28.661000,24.94
12/28/2019 00:15:28.777000,24.09
12/28/2019 00:17:28.371000,23.91
12/28/2019 00:19:28.347000,23.6
12/28/2019 00:21:28.329000,22.84
12/28/2019 00:23:28.727000,23.12
12/28/2019 00:25:28.810000,24.37
12/28/2019 00:27:28.338000,24.06
12/28/2019 00:29:28.324000,23.66
12/28/2019 00:31:28.652000,23.99
12/28/2019 00:33:28.579000,23.88
12/28/2019 00:35:28.835000,24.63
12/28/2019 00:37:29.087000,25.25
12/28/2019 00:39:28.547000,24.2
12/28/2019 00:41:28.699000,23.83
12/28/2019 00:43:28.682000,24.14
12/28/2019 00:45:28.323000,23.55
12/28/2019 00:47:28.591000,24.34
12/28/2019 00:49:28.554000,24.97
12/28/2019 00:51:28.653000,23.97
12/28/2019 00:53:28.731000,24.64
12/28/2019 00:55:28.735000,24.73
12/28/2019 00:57:28.332000,24.56
12/28/2019 00:59:28.545000,24.28
12/28/2019 01:01:28.716000,26.11
12/28/2019 01:03:28.664000,24.61
12/28/2019 01:05:28.672000,26.51
12/28/2019 01:07:28.331000,24.15
12/28/2019 01:09:28.343000,27.23
12/28/2019 01:11:28.726000,24.24
12/28/2019 01:13:28.709000,24.87
12/28/2019 01:15:28.556000,26.06
12/28/2019 01:17:28.708000,27.45
12/28/2019 01:19:28.929000,27.06
12/28/2019 01:21:28.761000,23.79
12/28/2019 01:23:28.339000,25.7
12/28/2019 01:25:28.547000,25.76
12/28/2019 01:27:28.641000,25.16
12/28/2019 01:29:28.729000,26.59
12/28/2019 01:31:28.734000,25.4
12/28/2019 01:33:28.553000,28.12
12/28/2019 01:35:28.823000,26.7
12/28/2019 01:37:28.757000,27.56
12/28/2019 01:39:28.657000,27.46
12/28/2019 01:41:28.734000,28.45
12/28/2019 01:43:28.712000,27.11
12/28/2019 01:45:28.839000,27.9
12/28/2019 01:47:28.632000,29.61
12/28/2019 01:49:28.349000,28.19
12/28/2019 01:51:28.662000,26.82
12/28/2019 01:53:28.737000,26.34
12/28/2019 01:55:28.670000,26.7
12/28/2019 01:57:28.331000,26.36
12/28/2019 01:59:28.646000,26.81
12/28/2019 02:01:28.358000,33.18
12/28/2019 02:03:28.653000,27.27
12/28/2019 02:05:28.392000,27.39
12/28/2019 02:07:28.332000,27.9
12/28/2019 02:09:28.317000,26.06
12/28/2019 02:11:28.562000,27.8
12/28/2019 02:13:28.652000,28.55
12/28/2019 02:15:28.567000,27.37
12/28/2019 02:17:28.721000,25.75
12/28/2019 02:19:28.733000,26.87
12/28/2019 02:21:28.727000,26.91
12/28/2019 02:23:28.733000,26.56
12/28/2019 02:25:28.796000,26.91
12/28/2019 02:27:28.322000,26.51
12/28/2019 02:29:28.701000,28.13
12/28/2019 02:31:28.551000,27.23
12/28/2019 02:33:28.581000,25.6
12/28/2019 02:35:28.525000,26.76
12/28/2019 02:37:28.994000,27.12
12/28/2019 02:39:28.711000,25.74
12/28/2019 02:41:28.857000,25.59
12/28/2019 02:43:28.733000,26.21
12/28/2019 02:45:28.327000,28.71
12/28/2019 02:47:28.706000,28.66
12/28/2019 02:49:28.710000,29.58
12/28/2019 02:51:28.721000,29.34
12/28/2019 02:53:28.852000,27.93
12/28/2019 02:55:28.336000,27.01
12/28/2019 02:57:28.357000,30.87
12/28/2019 02:59:28.619000,30.41
12/28/2019 03:01:28.595000,32.64
12/28/2019 03:03:28.662000,30.37
12/28/2019 03:05:28.728000,32.03
12/28/2019 03:07:28.322000,30.4
12/28/2019 03:09:28.714000,31.11
12/28/2019 03:11:28.344000,31.62
12/28/2019 03:13:28.669000,32.94
12/28/2019 03:15:28.332000,32.63
12/28/2019 03:17:28.581000,32.91
12/28/2019 03:19:28.547000,34.33
12/28/2019 03:21:28.646000,31.81
12/28/2019 03:23:28.652000,32.74
12/28/2019 03:25:28.324000,31.14
12/28/2019 03:27:28.569000,33.43
12/28/2019 03:29:28.316000,33.39
12/28/2019 03:31:28.741000,30.36
12/28/2019 03:33:28.762000,32.8
12/28/2019 03:35:28.666000,30.83
12/28/2019 03:37:29.158000,32.41
12/28/2019 03:39:28.700000,32.38
12/28/2019 03:41:28.635000,30.4
12/28/2019 03:43:28.629000,31.55
12/28/2019 03:45:28.380000,32.56
12/28/2019 03:47:28.309000,30.87
12/28/2019 03:49:28.328000,31.44
12/28/2019 03:51:28.299000,31.15
12/28/2019 03:53:28.326000,34.88
12/28/2019 03:55:28.303000,32.52
12/28/2019 03:57:28.788000,31.44
12/28/2019 03:59:28.743000,32.7
12/28/2019 04:01:28.724000,31.23
12/28/2019 04:03:28.324000,32.45
12/28/2019 04:05:28.712000,31.54
12/28/2019 04:07:28.615000,31.95
12/28/2019 04:09:28.734000,32.11
12/28/2019 04:11:28.746000,31.64
12/28/2019 04:13:28.596000,31.59
12/28/2019 04:15:28.530000,30.39
12/28/2019 04:17:28.762000,31.54
12/28/2019 04:19:28.719000,32.53
12/28/2019 04:21:28.659000,29.12
12/28/2019 04:23:28.657000,31.07
12/28/2019 04:25:28.544000,31.28
12/28/2019 04:27:28.720000,32.28
12/28/2019 04:29:28.340000,32.43
12/28/2019 04:31:28.528000,32.26
12/28/2019 04:33:28.632000,31.52
12/28/2019 04:35:28.619000,32.9
12/28/2019 04:37:28.970000,33.33
12/28/2019 04:39:28.646000,34.39
12/28/2019 04:41:28.728000,32.78
12/28/2019 04:43:28.302000,33.42
12/28/2019 04:45:28.336000,31.83
12/28/2019 04:47:28.515000,33.29
12/28/2019 04:49:28.713000,34.99
12/28/2019 04:51:28.349000,33.99
12/28/2019 04:53:28.540000,32.94
12/28/2019 04:55:28.609000,32.57
12/28/2019 04:57:28.734000,32.91
12/28/2019 04:59:28.321000,33.64
12/28/2019 05:01:28.711000,33.8
12/28/2019 05:03:28.727000,33.79
12/28/2019 05:05:28.691000,33.0
12/28/2019 05:07:28.645000,33.37
12/28/2019 05:11:28.524000,32.24
12/28/2019 05:13:28.710000,34.62
12/28/2019 05:15:28.700000,33.18
12/28/2019 05:17:28.633000,31.24
12/28/2019 05:19:28.649000,31.36
12/28/2019 05:21:28.530000,33.07
12/28/2019 05:23:28.764000,31.65
12/28/2019 05:25:28.622000,31.84
12/28/2019 05:27:28.552000,32.26
12/28/2019 05:29:28.291000,32.07
12/28/2019 05:31:28.634000,32.83
12/28/2019 05:33:28.637000,32.1
12/28/2019 05:35:28.707000,30.86
12/28/2019 05:37:28.639000,31.39
12/28/2019 05:39:28.807000,32.84
12/28/2019 05:41:28.538000,30.73
12/28/2019 05:43:28.698000,31.47
12/28/2019 05:45:28.729000,34.57
12/28/2019 05:47:28.319000,35.54
12/28/2019 05:49:28.697000,35.6
12/28/2019 05:51:28.305000,36.91
12/28/2019 05:53:28.301000,36.14
12/28/2019 05:55:28.617000,35.71
12/28/2019 05:57:28.642000,35.31
12/28/2019 05:59:28.645000,35.58
12/28/2019 06:01:28.645000,35.09
12/28/2019 06:03:28.648000,38.54
12/28/2019 06:05:28.300000,40.32
12/28/2019 06:07:28.781000,39.32
12/28/2019 06:09:28.705000,40.68
12/28/2019 06:11:28.534000,40.88
12/28/2019 06:13:28.618000,41.41
12/28/2019 06:15:28.638000,38.15
12/28/2019 06:17:28.617000,38.75
12/28/2019 06:19:28.523000,38.17
12/28/2019 06:21:28.762000,37.43
12/28/2019 06:23:28.313000,38.77
12/28/2019 06:25:28.712000,38.85
12/28/2019 06:27:28.529000,38.33
12/28/2019 06:29:28.624000,37.49
12/28/2019 06:31:28.505000,38.58
12/28/2019 06:33:28.651000,35.03
12/28/2019 06:35:28.631000,37.42
12/28/2019 06:37:29.050000,37.17
12/28/2019 06:39:28.519000,35.97
12/28/2019 06:41:28.620000,35.13
12/28/2019 06:43:28.629000,36.93
12/28/2019 06:45:28.667000,36.74
12/28/2019 06:47:28.747000,38.25
12/28/2019 06:49:28.620000,37.32
12/28/2019 06:51:29.725000,37.02
12/28/2019 06:53:28.519000,35.39
12/28/2019 06:55:28.671000,35.91
12/28/2019 06:57:28.701000,37.15
12/28/2019 06:59:28.607000,35.45
12/28/2019 07:01:28.618000,35.1
12/28/2019 07:03:28.643000,34.28
12/28/2019 07:05:28.313000,34.59
12/28/2019 07:07:28.548000,37.42
12/28/2019 07:11:28.675000,38.11
12/28/2019 07:13:28.621000,35.03
12/28/2019 07:15:28.710000,35.45
12/28/2019 07:17:28.648000,35.17
12/28/2019 07:19:28.312000,34.18
12/28/2019 07:21:28.648000,34.2
12/28/2019 07:23:28.697000,33.27
12/28/2019 07:25:28.685000,32.84
12/28/2019 07:27:28.285000,34.11
12/28/2019 07:29:28.917000,34.4
12/28/2019 07:31:28.608000,33.64
12/28/2019 07:33:28.622000,33.6
12/28/2019 07:35:28.699000,31.25
12/28/2019 07:37:29.212000,33.7
12/28/2019 07:39:28.681000,32.59
12/28/2019 07:41:28.614000,32.13
12/28/2019 07:43:28.719000,31.94
12/28/2019 07:45:28.603000,30.84
12/28/2019 07:47:28.306000,28.96
12/28/2019 07:49:28.699000,27.51
12/28/2019 07:51:28.689000,30.32
12/28/2019 07:53:28.658000,28.3
12/28/2019 07:55:28.509000,27.69
12/28/2019 07:57:28.634000,29.27
12/28/2019 07:59:28.267000,29.4
12/28/2019 08:01:28.686000,27.39
12/28/2019 08:03:28.496000,30.74
12/28/2019 08:05:28.677000,29.52
12/28/2019 08:07:28.673000,27.87
12/28/2019 08:09:28.493000,28.33
12/28/2019 08:11:28.699000,29.08
12/28/2019 08:13:28.825000,28.82
12/28/2019 08:15:28.291000,28.83
12/28/2019 08:17:28.596000,30.17
12/28/2019 08:19:28.762000,28.83
12/28/2019 08:21:28.540000,29.99
12/28/2019 08:23:28.638000,29.51
12/28/2019 08:25:28.505000,29.6
12/28/2019 08:27:28.284000,29.17
12/28/2019 08:29:28.706000,29.34
12/28/2019 08:31:28.745000,27.5
12/28/2019 08:33:28.604000,28.49
12/28/2019 08:35:28.532000,28.57
12/28/2019 08:37:28.906000,28.66
12/28/2019 08:39:28.305000,27.82
12/28/2019 08:41:28.276000,27.4
12/28/2019 08:43:28.649000,28.56
12/28/2019 08:45:28.302000,29.24
12/28/2019 08:47:28.268000,29.24
12/28/2019 08:49:28.529000,28.3
12/28/2019 08:51:28.615000,27.36
12/28/2019 08:53:28.514000,26.72
12/28/2019 08:55:28.663000,29.39
12/28/2019 08:57:28.703000,26.83
12/28/2019 08:59:28.656000,28.94
12/28/2019 09:01:28.686000,28.69
12/28/2019 09:03:28.705000,28.87
12/28/2019 09:05:28.491000,27.18
12/28/2019 09:39:28.901000,27.75
12/28/2019 09:41:28.664000,26.55
12/28/2019 09:43:29.034000,27.22
12/28/2019 09:45:29.039000,27.42
12/28/2019 09:47:28.986000,27.79
12/28/2019 09:49:29.123000,28.0
12/28/2019 09:51:28.671000,26.1
12/28/2019 09:53:28.986000,26.49
12/28/2019 09:55:28.680000,28.38
12/28/2019 09:57:28.903000,27.79
12/28/2019 09:59:29.038000,27.46
12/28/2019 10:01:28.984000,26.5
12/28/2019 10:03:28.717000,26.13
12/28/2019 10:05:28.994000,27.14
12/28/2019 10:07:29.100000,27.42
12/28/2019 10:09:28.937000,28.48
12/28/2019 10:11:28.812000,26.99
12/28/2019 10:13:28.671000,28.52
12/28/2019 10:15:29.028000,26.71
12/28/2019 10:17:28.991000,25.87
12/28/2019 10:19:28.916000,28.05
12/28/2019 10:21:28.672000,27.22
12/28/2019 10:23:28.747000,26.56
12/28/2019 10:25:28.655000,28.13
12/28/2019 10:27:28.981000,26.53
12/28/2019 10:29:28.652000,27.49
12/28/2019 10:31:29.055000,26.65
12/28/2019 10:33:29.113000,27.9
12/28/2019 10:35:28.884000,25.52
12/28/2019 10:37:28.692000,27.03
12/28/2019 10:39:29.050000,26.14
12/28/2019 10:41:28.686000,26.22
12/28/2019 10:43:28.657000,27.58
12/28/2019 10:45:28.986000,28.94
12/28/2019 10:47:29.081000,28.71
12/28/2019 10:49:29.018000,28.33
12/28/2019 10:51:29.090000,27.27
12/28/2019 10:53:28.893000,26.97
12/28/2019 10:55:28.899000,26.87
12/28/2019 10:57:28.974000,26.73
12/28/2019 10:59:29.118000,28.19
12/28/2019 11:01:29.077000,26.54
12/28/2019 11:03:28.658000,27.01
12/28/2019 11:05:28.975000,26.46
12/28/2019 11:07:28.997000,27.01
12/28/2019 11:09:28.981000,25.49
12/28/2019 11:11:28.905000,27.4
12/28/2019 11:13:29.111000,28.43
12/28/2019 11:15:28.677000,26.77
12/28/2019 11:17:28.663000,26.65
12/28/2019 11:19:28.667000,28.15
12/28/2019 11:21:29.077000,27.06
12/28/2019 11:23:29.147000,27.77
12/28/2019 11:25:29.231000,26.51
12/28/2019 11:27:29.134000,26.61
12/28/2019 11:29:29.011000,26.73
12/28/2019 11:31:28.908000,27.19
12/28/2019 11:33:29.115000,26.71
12/28/2019 11:35:28.880000,27.49
12/28/2019 11:37:29.135000,27.01
12/28/2019 11:39:29.339000,26.74
12/28/2019 11:41:28.671000,27.74
12/28/2019 11:43:28.989000,27.81
12/28/2019 11:45:28.885000,27.63
12/28/2019 11:47:28.891000,28.09
12/28/2019 11:49:28.867000,28.96
12/28/2019 11:51:29.049000,27.52
12/28/2019 11:53:29.052000,29.31
12/28/2019 11:55:28.646000,27.46
12/28/2019 11:57:29.056000,27.9
12/28/2019 11:59:28.647000,28.9
12/28/2019 12:01:28.688000,28.15
12/28/2019 12:03:28.989000,25.8
12/28/2019 12:05:29.054000,26.8
12/28/2019 12:07:28.651000,29.9
12/28/2019 12:09:29.042000,27.54
12/28/2019 12:11:28.657000,28.96
12/28/2019 12:13:28.870000,29.37
12/28/2019 12:15:28.976000,27.72
12/28/2019 12:17:28.993000,26.55
12/28/2019 12:19:28.972000,25.76
12/28/2019 12:21:28.663000,26.24
12/28/2019 12:23:28.962000,25.54
12/28/2019 12:25:28.663000,23.59
12/28/2019 12:27:28.643000,22.73
12/28/2019 12:29:28.960000,22.87
12/28/2019 12:31:28.986000,21.87
12/28/2019 12:33:29.069000,23.11
12/28/2019 12:35:29.031000,22.87
12/28/2019 12:37:29.007000,20.93
12/28/2019 12:39:29.532000,15.1
12/28/2019 12:41:28.979000,12.77
12/28/2019 12:43:28.700000,13.52
12/28/2019 12:45:28.870000,13.81
12/28/2019 12:47:28.662000,15.22
12/28/2019 12:49:28.965000,13.99
12/28/2019 12:51:28.914000,14.19
12/28/2019 12:53:28.989000,13.78
12/28/2019 12:55:28.647000,15.79
12/28/2019 12:57:29.233000,14.11
12/28/2019 12:59:28.861000,14.2
12/28/2019 13:01:28.974000,13.82
12/28/2019 13:03:28.995000,15.14
12/28/2019 13:05:28.859000,11.97
12/28/2019 13:07:29.053000,10.54
12/28/2019 13:09:28.868000,9.55
12/28/2019 13:11:28.897000,8.85
12/28/2019 13:13:29.011000,8.1
12/28/2019 13:15:28.892000,10.17
12/28/2019 13:17:29.100000,9.88
12/28/2019 13:19:28.979000,7.9
12/28/2019 13:21:28.968000,7.39
12/28/2019 13:23:28.916000,7.73
12/28/2019 13:25:28.659000,6.94
12/28/2019 13:27:28.973000,7.45
12/28/2019 13:29:29.063000,7.27
12/28/2019 13:31:29.020000,9.59
12/28/2019 13:33:28.869000,7.7
12/28/2019 13:35:29.663000,8.29
12/28/2019 13:37:29.035000,7.75
12/28/2019 13:39:29.560000,8.13
12/28/2019 13:41:28.632000,6.91
12/28/2019 13:43:28.653000,7.81
12/28/2019 13:45:28.870000,7.5
12/28/2019 13:47:29.092000,8.86
12/28/2019 13:49:28.640000,9.56
12/28/2019 13:51:29.228000,9.16
12/28/2019 13:53:28.976000,9.54
12/28/2019 13:55:28.858000,9.42
12/28/2019 13:57:29.055000,9.59
12/28/2019 13:59:28.960000,8.78
12/28/2019 14:01:28.898000,8.8
12/28/2019 14:03:29.087000,7.23
12/28/2019 14:05:28.962000,6.03
12/28/2019 14:07:28.658000,4.64
12/28/2019 14:09:28.635000,5.22
12/28/2019 14:11:29.008000,4.46
12/28/2019 14:13:28.881000,4.4
12/28/2019 14:15:29.043000,4.88
12/28/2019 14:17:28.649000,4.93
12/28/2019 14:19:28.876000,5.23
12/28/2019 14:21:29.150000,4.13
12/28/2019 14:23:29.002000,5.03
12/28/2019 14:25:28.873000,4.71
12/28/2019 14:27:29.099000,4.49
12/28/2019 14:29:28.873000,4.37
12/28/2019 14:31:29.233000,4.9
12/28/2019 14:33:29.022000,4.51
12/28/2019 14:35:28.650000,3.74
12/28/2019 14:37:28.618000,3.37
12/28/2019 14:39:29.227000,3.94
12/28/2019 14:41:29.025000,5.44
12/28/2019 14:43:28.852000,5.19
12/28/2019 14:45:29.021000,4.29
12/28/2019 14:47:28.980000,4.65
12/28/2019 14:49:29.146000,5.36
12/28/2019 14:51:29.027000,6.81
12/28/2019 14:53:28.953000,4.67
12/28/2019 14:55:29.039000,4.07
12/28/2019 14:57:29.025000,4.76
12/28/2019 14:59:28.722000,4.99
12/28/2019 15:01:29.037000,4.1
12/28/2019 15:03:29.019000,4.56
12/28/2019 15:05:28.993000,4.78
12/28/2019 15:07:28.643000,3.39
12/28/2019 15:09:28.878000,3.76
12/28/2019 15:11:29.051000,3.24
12/28/2019 15:13:28.976000,3.5
12/28/2019 15:15:30.375000,4.46
12/28/2019 15:17:28.958000,3.96
12/28/2019 15:19:28.952000,4.13
12/28/2019 15:21:29.025000,2.77
12/28/2019 15:23:28.655000,4.03
12/28/2019 15:25:28.953000,2.99
12/28/2019 15:27:28.980000,4.39
12/28/2019 15:29:29.110000,3.56
12/28/2019 15:31:28.656000,3.74
12/28/2019 15:33:29.024000,3.01
12/28/2019 15:35:28.832000,3.54
12/28/2019 15:37:29.075000,2.77
12/28/2019 15:39:29.230000,2.06
12/28/2019 15:41:29.125000,2.52
12/28/2019 15:43:29.023000,2.99
12/28/2019 15:45:28.645000,2.78
12/28/2019 15:47:28.918000,3.25
12/28/2019 15:49:28.634000,3.0
12/28/2019 15:51:29.061000,2.78
12/28/2019 15:53:28.648000,3.56
12/28/2019 15:55:28.982000,3.71
12/28/2019 15:57:29.037000,3.54
12/28/2019 15:59:28.927000,4.34
12/28/2019 16:01:28.990000,3.54
12/28/2019 16:03:29.004000,3.75
12/28/2019 16:05:28.964000,3.3
12/28/2019 16:07:30.138000,3.53
12/28/2019 16:09:28.872000,3.94
12/28/2019 16:11:29.027000,3.44
12/28/2019 16:13:29.018000,4.09
12/28/2019 16:15:28.630000,3.6
12/28/2019 16:17:28.617000,3.57
12/28/2019 16:19:28.627000,3.23
12/28/2019 16:21:28.973000,3.01
12/28/2019 16:23:28.635000,2.51
12/28/2019 16:25:29.953000,3.47
12/28/2019 16:27:29.046000,2.83
12/28/2019 16:29:28.940000,3.19
12/28/2019 16:31:28.844000,3.15
12/28/2019 16:33:29.027000,2.07
12/28/2019 16:35:28.856000,2.37
12/28/2019 16:37:29.032000,3.16
12/28/2019 16:39:29.210000,3.44
12/28/2019 16:41:29.019000,2.12
12/28/2019 16:43:29.075000,2.53
12/28/2019 16:45:28.960000,2.35
12/28/2019 16:47:28.979000,2.41
12/28/2019 16:49:28.937000,2.4
12/28/2019 16:51:28.827000,3.04
12/28/2019 16:53:28.864000,2.13
12/28/2019 16:55:28.637000,2.01
12/28/2019 16:57:28.832000,2.5
12/28/2019 16:59:28.859000,2.43
12/28/2019 17:01:29.108000,1.83
12/28/2019 17:03:28.623000,2.56
12/28/2019 17:05:28.637000,3.18
12/28/2019 17:07:28.626000,2.59
12/28/2019 17:09:29.051000,2.79
12/28/2019 17:11:29.085000,1.94
12/28/2019 17:13:28.860000,1.81
12/28/2019 17:15:28.641000,1.75
12/28/2019 17:17:29.022000,2.03
12/28/2019 17:19:28.975000,2.04
12/28/2019 17:21:28.613000,1.83
12/28/2019 17:23:28.928000,1.19
12/28/2019 17:25:29.048000,1.49
12/28/2019 17:27:28.999000,1.09
12/28/2019 17:29:29.116000,0.44
12/28/2019 17:31:28.968000,0.79
12/28/2019 17:33:28.858000,0.93
12/28/2019 17:35:29.015000,0.89
12/28/2019 17:37:28.604000,0.99
12/28/2019 17:39:29.372000,0.91
12/28/2019 17:41:28.853000,0.76
12/28/2019 17:43:28.855000,1.08
12/28/2019 17:45:28.630000,0.96
12/28/2019 17:47:28.954000,0.88
12/28/2019 17:49:28.838000,0.96
12/28/2019 17:51:28.623000,1.27
12/28/2019 17:53:28.964000,0.88
12/28/2019 17:55:28.948000,1.35
12/28/2019 17:57:29.049000,1.54
12/28/2019 17:59:28.861000,1.66
12/28/2019 18:01:28.944000,0.91
12/28/2019 18:03:28.860000,1.51
12/28/2019 18:05:29.049000,1.13
12/28/2019 18:07:28.864000,2.0
12/28/2019 18:09:28.613000,2.71
12/28/2019 18:11:28.856000,1.93
12/28/2019 18:13:28.636000,1.39
12/28/2019 18:15:28.646000,1.0
12/28/2019 18:17:28.823000,1.55
12/28/2019 18:19:29.000000,1.25
12/28/2019 18:21:28.624000,1.49
12/28/2019 18:23:28.952000,1.1
12/28/2019 18:25:28.941000,1.56
12/28/2019 18:27:28.859000,1.61
12/28/2019 18:29:28.843000,1.94
12/28/2019 18:31:28.746000,1.68
12/28/2019 18:33:28.938000,1.36
12/28/2019 18:35:28.651000,1.44
12/28/2019 18:37:28.978000,1.26
12/28/2019 18:39:29.137000,1.4
12/28/2019 18:41:28.958000,1.15
12/28/2019 18:43:28.630000,1.25
12/28/2019 18:45:28.829000,1.09
12/28/2019 18:47:28.609000,1.13
12/28/2019 18:49:29.072000,1.1
12/28/2019 18:51:28.616000,0.96
12/28/2019 18:53:29.048000,1.17
12/28/2019 18:55:29.010000,1.48
12/28/2019 18:57:28.989000,1.65
12/28/2019 18:59:28.830000,1.42
12/28/2019 19:01:28.722000,1.66
12/28/2019 19:03:28.979000,1.96
12/28/2019 19:05:28.839000,1.4
12/28/2019 19:07:28.643000,1.39
12/28/2019 19:09:28.840000,1.61
12/28/2019 19:11:28.646000,1.69
12/28/2019 19:13:28.603000,1.87
12/28/2019 19:15:28.945000,0.87
12/28/2019 19:17:28.634000,1.25
12/28/2019 19:19:28.951000,1.33
12/28/2019 19:21:28.620000,1.73
12/28/2019 19:23:28.821000,1.13
12/28/2019 19:25:28.628000,1.01
12/28/2019 19:27:28.940000,0.86
12/28/2019 19:29:28.978000,0.75
12/28/2019 19:31:28.841000,0.68
12/28/2019 19:33:29.029000,0.58
12/28/2019 19:35:28.639000,0.87
12/28/2019 19:37:28.833000,1.33
12/28/2019 19:39:29.108000,1.62
12/28/2019 19:41:29.008000,1.13
12/28/2019 19:43:28.867000,0.46
12/28/2019 19:45:28.633000,0.55
12/28/2019 19:47:28.915000,0.48
12/28/2019 19:49:28.840000,0.24
12/28/2019 19:51:28.825000,0.21
12/28/2019 19:53:28.617000,0.36
12/28/2019 19:55:28.829000,0.41
12/28/2019 19:57:28.856000,0.64
12/28/2019 19:59:28.842000,0.21
12/28/2019 20:01:28.841000,0.09
12/28/2019 20:03:28.976000,0.49
12/28/2019 20:05:28.990000,0.21
12/28/2019 20:07:28.998000,0.24
12/28/2019 20:09:29.013000,0.28
12/28/2019 20:11:29.041000,0.67
12/28/2019 20:13:28.669000,0.87
12/28/2019 20:15:28.632000,0.34
12/28/2019 20:17:28.976000,0.48
12/28/2019 20:19:28.951000,0.07
12/28/2019 20:21:28.829000,0.21
12/28/2019 20:23:29.135000,0.21
12/28/2019 20:25:28.930000,0.0
12/28/2019 20:27:28.938000,0.0
12/28/2019 20:29:29.082000,0.0
12/28/2019 20:31:28.644000,0.16
12/28/2019 20:33:29.013000,0.0
12/28/2019 20:35:28.970000,0.0
12/28/2019 20:37:28.624000,0.03
12/28/2019 20:39:29.301000,0.0
12/28/2019 20:41:28.837000,0.0
12/28/2019 20:43:28.975000,0.0
12/28/2019 20:45:29.074000,0.0
12/28/2019 20:47:28.830000,0.0
12/28/2019 20:49:28.925000,0.0
12/28/2019 20:51:28.923000,0.27
12/28/2019 20:53:29.091000,0.0
12/28/2019 20:55:29.062000,0.1
12/28/2019 20:57:29.045000,0.09
12/28/2019 20:59:28.989000,0.0
12/28/2019 21:01:28.965000,0.3
12/28/2019 21:03:28.831000,0.03
12/28/2019 21:05:29.043000,0.0
12/28/2019 21:07:29.029000,0.39
12/28/2019 21:09:28.933000,0.03
12/28/2019 21:11:28.997000,0.03
12/28/2019 21:13:28.604000,0.25
12/28/2019 21:15:28.849000,0.22
12/28/2019 21:17:29.057000,0.09
12/28/2019 21:19:28.612000,0.0
12/28/2019 21:21:28.838000,0.0
12/28/2019 21:23:28.623000,0.0
12/28/2019 21:25:28.829000,0.15
12/28/2019 21:27:29.015000,0.0
12/28/2019 21:29:28.919000,0.0
12/28/2019 21:31:28.600000,0.13
12/28/2019 21:33:28.606000,0.0
12/28/2019 21:35:28.843000,0.0
12/28/2019 21:37:29.026000,0.49
12/28/2019 21:39:29.237000,0.0
12/28/2019 21:41:29.038000,0.3
12/28/2019 21:43:29.124000,0.2
12/28/2019 21:45:28.811000,0.0
12/28/2019 21:47:28.613000,0.0
12/28/2019 21:49:28.988000,0.07
12/28/2019 21:51:28.922000,0.18
12/28/2019 21:53:28.583000,0.15
12/28/2019 21:55:28.837000,0.0
12/28/2019 21:57:28.582000,0.03
12/28/2019 21:59:28.842000,0.1
12/28/2019 22:01:28.937000,0.0
12/28/2019 22:03:28.977000,0.21
12/28/2019 22:05:29.054000,0.06
12/28/2019 22:07:28.925000,0.18
12/28/2019 22:09:28.617000,0.0
12/28/2019 22:11:28.982000,0.29
12/28/2019 22:13:28.588000,0.06
12/28/2019 22:15:28.908000,0.0
12/28/2019 22:17:28.934000,0.49
12/28/2019 22:19:29.138000,0.38
12/28/2019 22:21:28.585000,0.34
12/28/2019 22:23:28.601000,0.31
12/28/2019 22:25:29.122000,0.28
12/28/2019 22:27:29.022000,0.09
12/28/2019 22:29:28.903000,0.23
12/28/2019 22:31:29.007000,0.28
12/28/2019 22:33:28.925000,0.27
12/28/2019 22:35:28.994000,0.54
12/28/2019 22:37:28.664000,0.34
12/28/2019 22:39:29.487000,0.22
12/28/2019 22:41:28.606000,0.2
12/28/2019 22:43:28.900000,0.73
12/28/2019 22:45:28.586000,0.3
12/28/2019 22:47:28.983000,0.4
12/28/2019 22:49:28.807000,0.3
12/28/2019 22:51:28.997000,0.32
12/28/2019 22:53:28.849000,0.38
12/28/2019 22:55:28.924000,0.38
12/28/2019 22:57:28.633000,0.4
12/28/2019 22:59:28.828000,0.63
12/28/2019 23:01:29.018000,0.43
12/28/2019 23:03:28.912000,0.5
12/28/2019 23:05:28.919000,0.59
12/28/2019 23:07:28.812000,0.25
12/28/2019 23:09:28.893000,0.16
12/28/2019 23:11:28.590000,0.0
12/28/2019 23:13:28.829000,0.33
12/28/2019 23:15:29.009000,0.0
12/28/2019 23:17:28.959000,0.0
12/28/2019 23:19:28.820000,0.49
12/28/2019 23:21:28.836000,0.46
12/28/2019 23:23:28.938000,0.13
12/28/2019 23:25:28.900000,0.0
12/28/2019 23:27:28.904000,0.24
12/28/2019 23:29:28.585000,0.0
12/28/2019 23:31:28.923000,0.0
12/28/2019 23:33:28.829000,0.63
12/28/2019 23:35:28.599000,0.35
12/28/2019 23:37:28.835000,0.46
12/28/2019 23:39:29.010000,0.79
12/28/2019 23:41:29.027000,1.07
12/28/2019 23:43:28.998000,0.51
12/28/2019 23:45:28.910000,0.36
12/28/2019 23:47:28.924000,0.51
12/28/2019 23:49:28.625000,0.67
12/28/2019 23:51:28.917000,0.44
12/28/2019 23:53:28.585000,0.67
12/28/2019 23:55:28.581000,2.44
12/28/2019 23:57:28.973000,2.11
12/28/2019 23:59:28.924000,2.69
12/29/2019 00:01:28.793000,4.23
12/29/2019 00:03:29.080000,4.0
12/29/2019 00:05:28.985000,3.84
12/29/2019 00:07:28.824000,2.56
12/29/2019 00:09:28.949000,2.83
12/29/2019 00:11:28.973000,3.64
12/29/2019 00:13:28.909000,3.61
12/29/2019 00:15:28.925000,3.38
12/29/2019 00:17:28.918000,4.35
12/29/2019 00:19:28.895000,2.2
12/29/2019 00:21:28.603000,1.45
12/29/2019 00:23:28.913000,1.0
12/29/2019 00:25:49.039000,1.5
12/29/2019 00:27:47.651000,1.11
12/29/2019 00:29:47.335000,1.2
12/29/2019 00:31:47.836000,1.93
12/29/2019 00:33:47.538000,2.36
12/29/2019 00:35:47.619000,1.76
12/29/2019 00:37:47.580000,1.77
12/29/2019 00:39:47.711000,1.54
12/29/2019 00:41:47.646000,1.45
12/29/2019 00:43:47.744000,1.77
12/29/2019 00:45:47.567000,1.49
12/29/2019 00:47:47.541000,1.37
12/29/2019 00:49:47.340000,1.42
12/29/2019 00:51:47.570000,1.49
12/29/2019 00:53:47.554000,2.15
12/29/2019 00:55:47.571000,3.16
12/29/2019 00:57:47.822000,2.91
12/29/2019 00:59:47.332000,1.18
12/29/2019 01:01:47.328000,2.46
12/29/2019 01:03:47.437000,2.34
12/29/2019 01:05:47.770000,3.05
12/29/2019 01:07:47.574000,3.33
12/29/2019 01:09:47.708000,3.11
12/29/2019 01:11:47.567000,2.67
12/29/2019 01:13:48.140000,2.97
12/29/2019 01:15:47.472000,2.44
12/29/2019 01:17:47.858000,2.24
12/29/2019 01:19:47.783000,2.9
12/29/2019 01:21:47.776000,2.15
12/29/2019 01:23:48.030000,1.97
12/29/2019 01:25:48.327000,1.46
12/29/2019 01:27:47.684000,0.93
12/29/2019 01:29:47.491000,0.78
12/29/2019 01:31:47.487000,0.9
12/29/2019 01:33:47.832000,0.66
12/29/2019 01:35:47.526000,0.8
12/29/2019 01:37:48.017000,1.06
12/29/2019 01:39:47.811000,1.26
12/29/2019 01:41:47.654000,1.23
12/29/2019 01:43:47.660000,1.61
12/29/2019 01:45:47.633000,1.62
12/29/2019 01:47:47.641000,1.73
12/29/2019 01:49:47.544000,2.09
12/29/2019 01:51:47.326000,1.24
12/29/2019 01:53:47.708000,2.84
12/29/2019 01:55:47.841000,1.51
12/29/2019 01:57:47.544000,2.1
12/29/2019 01:59:47.652000,1.83
12/29/2019 02:01:47.533000,1.58
12/29/2019 02:03:47.632000,1.6
12/29/2019 02:05:47.761000,1.68
12/29/2019 02:07:47.822000,4.11
12/29/2019 02:09:47.710000,4.03
12/29/2019 02:11:47.417000,2.22
12/29/2019 02:13:47.645000,2.25
12/29/2019 02:15:47.305000,1.8
12/29/2019 02:17:47.546000,1.86
12/29/2019 02:19:47.655000,1.91
12/29/2019 02:21:47.541000,2.66
12/29/2019 02:23:47.657000,2.6
12/29/2019 02:25:47.874000,1.83
12/29/2019 02:27:47.670000,1.89
12/29/2019 02:29:47.542000,1.28
12/29/2019 02:31:47.708000,0.84
12/29/2019 02:33:47.334000,1.2
12/29/2019 02:35:47.313000,1.11
12/29/2019 02:37:47.745000,1.84
12/29/2019 02:39:47.342000,1.4
12/29/2019 02:41:47.735000,1.44
12/29/2019 02:43:47.331000,1.72
12/29/2019 02:45:47.632000,1.68
12/29/2019 02:47:47.745000,1.79
12/29/2019 02:49:47.636000,1.76
12/29/2019 02:51:47.629000,1.75
12/29/2019 02:53:47.797000,2.09
12/29/2019 02:55:47.639000,2.14
12/29/2019 02:57:47.683000,2.51
12/29/2019 02:59:47.325000,2.31
12/29/2019 03:01:47.579000,2.7
12/29/2019 03:03:47.830000,3.49
12/29/2019 03:05:47.320000,3.44
12/29/2019 03:07:47.732000,2.65
12/29/2019 03:09:47.300000,2.94
12/29/2019 03:11:47.807000,4.21
12/29/2019 03:13:47.788000,4.3
12/29/2019 03:15:47.310000,4.23
12/29/2019 03:17:47.539000,3.62
12/29/2019 03:19:47.718000,4.37
12/29/2019 03:21:47.630000,4.66
12/29/2019 03:23:47.651000,4.9
12/29/2019 03:25:48.118000,5.52
12/29/2019 03:27:47.307000,5.62
12/29/2019 03:29:47.743000,5.56
12/29/2019 03:31:47.537000,6.43
12/29/2019 03:33:47.835000,5.33
12/29/2019 03:35:47.537000,4.91
12/29/2019 03:37:47.816000,3.4
12/29/2019 03:39:47.753000,1.9
12/29/2019 03:41:47.334000,1.9
12/29/2019 03:43:47.332000,1.62
12/29/2019 03:45:48.679000,1.38
12/29/2019 03:47:47.628000,1.29
12/29/2019 03:49:47.627000,1.43
12/29/2019 03:51:47.727000,1.71
12/29/2019 03:53:47.532000,1.49
12/29/2019 03:55:47.628000,1.1
12/29/2019 03:57:47.317000,1.49
12/29/2019 03:59:47.552000,1.14
12/29/2019 04:01:47.691000,0.96
12/29/2019 04:03:47.743000,1.3
12/29/2019 04:05:47.542000,1.54
12/29/2019 04:07:47.622000,1.28
12/29/2019 04:09:47.736000,2.52
12/29/2019 04:11:47.655000,1.78
12/29/2019 04:13:47.532000,2.35
12/29/2019 04:15:47.666000,3.06
12/29/2019 04:17:47.300000,2.5
12/29/2019 04:19:47.697000,1.62
12/29/2019 04:21:47.651000,1.3
12/29/2019 04:23:47.707000,1.44
12/29/2019 04:25:47.731000,1.49
12/29/2019 04:27:47.539000,2.03
12/29/2019 04:29:47.547000,2.48
12/29/2019 04:31:47.642000,3.49
12/29/2019 04:33:47.523000,2.1
12/29/2019 04:35:47.623000,1.81
12/29/2019 04:37:47.639000,4.73
12/29/2019 04:39:47.533000,4.84
12/29/2019 04:41:47.525000,2.07
12/29/2019 04:43:47.310000,2.63
12/29/2019 04:45:47.691000,1.82
12/29/2019 04:47:47.539000,2.47
12/29/2019 04:49:47.527000,1.83
12/29/2019 04:51:47.650000,2.99
12/29/2019 04:53:47.314000,2.7
12/29/2019 04:55:47.544000,2.55
12/29/2019 04:57:47.691000,2.16
12/29/2019 04:59:47.512000,2.99
12/29/2019 05:01:47.564000,2.61
12/29/2019 05:03:47.522000,3.43
12/29/2019 05:05:47.737000,4.07
12/29/2019 05:07:47.536000,5.84
12/29/2019 05:09:47.599000,5.46
12/29/2019 05:11:47.314000,6.84
12/29/2019 05:13:47.688000,5.55
12/29/2019 05:15:47.289000,4.78
12/29/2019 05:17:47.627000,5.19
12/29/2019 05:19:47.617000,4.78
12/29/2019 05:21:47.715000,5.0
12/29/2019 05:23:47.626000,4.68
12/29/2019 05:25:47.615000,4.32
12/29/2019 05:27:47.737000,4.33
12/29/2019 05:29:47.510000,4.27
12/29/2019 05:31:47.770000,4.24
12/29/2019 05:33:47.745000,4.11
12/29/2019 05:35:47.697000,4.26
12/29/2019 05:37:47.285000,4.32
12/29/2019 05:39:47.548000,4.68
12/29/2019 05:41:47.596000,5.28
12/29/2019 05:43:47.731000,4.58
12/29/2019 05:45:47.728000,4.76
12/29/2019 05:47:47.505000,4.21
12/29/2019 05:49:47.338000,5.13
12/29/2019 05:51:47.517000,4.94
12/29/2019 05:53:47.734000,4.68
12/29/2019 05:55:47.617000,5.15
12/29/2019 05:57:47.292000,5.4
12/29/2019 05:59:47.605000,4.93
12/29/2019 06:01:47.728000,5.11
12/29/2019 06:03:47.294000,4.72
12/29/2019 06:05:47.297000,5.2
12/29/2019 06:07:47.501000,5.39
12/29/2019 06:09:47.622000,5.62
12/29/2019 06:11:47.317000,5.15
12/29/2019 06:13:47.711000,5.35
12/29/2019 06:15:47.288000,5.61
12/29/2019 06:17:47.738000,4.83
12/29/2019 06:19:47.602000,4.32
12/29/2019 06:21:47.715000,5.61
12/29/2019 06:23:47.303000,7.32
12/29/2019 06:25:47.936000,7.17
12/29/2019 06:27:47.706000,7.1
12/29/2019 06:29:47.498000,8.18
12/29/2019 06:31:47.607000,7.65
12/29/2019 06:33:47.621000,7.55
12/29/2019 06:35:47.522000,7.79
12/29/2019 06:37:47.669000,8.04
12/29/2019 06:39:47.720000,9.03
12/29/2019 06:41:47.296000,7.8
12/29/2019 06:43:47.602000,7.58
12/29/2019 06:45:47.592000,9.11
12/29/2019 06:47:47.482000,9.73
12/29/2019 06:49:47.606000,8.13
12/29/2019 06:51:47.597000,8.16
12/29/2019 06:53:47.679000,8.84
12/29/2019 06:55:47.632000,8.69
12/29/2019 06:57:47.630000,8.59
12/29/2019 06:59:47.615000,9.92
12/29/2019 07:01:47.510000,9.13
12/29/2019 07:03:47.522000,10.17
12/29/2019 07:05:47.543000,9.06
12/29/2019 07:07:47.278000,8.28
12/29/2019 07:09:47.610000,9.01
12/29/2019 07:11:47.726000,8.93
12/29/2019 07:13:47.508000,9.35
12/29/2019 07:15:47.731000,9.61
12/29/2019 07:17:47.722000,9.24
12/29/2019 07:19:47.715000,8.73
12/29/2019 07:21:47.513000,9.7
12/29/2019 07:23:47.699000,7.85
12/29/2019 07:25:48.080000,8.71
12/29/2019 07:27:47.505000,8.49
12/29/2019 07:29:47.328000,8.87
12/29/2019 07:31:47.340000,6.93
12/29/2019 07:33:47.294000,7.9
12/29/2019 07:35:47.267000,7.68
12/29/2019 07:37:47.322000,7.47
12/29/2019 07:39:47.268000,7.88
12/29/2019 07:41:47.303000,6.96
12/29/2019 07:43:47.635000,6.34
12/29/2019 07:45:47.274000,5.72
12/29/2019 07:47:47.507000,5.12
12/29/2019 07:49:47.264000,4.38
12/29/2019 07:51:47.335000,5.03
12/29/2019 07:53:47.312000,5.38
12/29/2019 07:55:47.806000,5.59
12/29/2019 07:57:47.478000,5.9
12/29/2019 07:59:47.690000,5.93
12/29/2019 08:01:47.278000,5.69
12/29/2019 08:03:47.639000,6.12
12/29/2019 08:05:47.501000,6.01
12/29/2019 08:07:47.528000,5.53
12/29/2019 08:09:47.660000,4.94
12/29/2019 08:11:47.670000,4.94
12/29/2019 08:13:47.634000,5.34
12/29/2019 08:15:47.511000,5.41
12/29/2019 08:17:47.688000,5.49
12/29/2019 08:19:47.708000,4.75
12/29/2019 08:21:47.266000,4.76
12/29/2019 08:23:47.339000,4.54
12/29/2019 08:25:48.146000,4.47
12/29/2019 08:27:47.260000,4.27
12/29/2019 08:29:47.276000,4.64
12/29/2019 08:31:47.264000,3.88
12/29/2019 08:33:47.286000,3.23
12/29/2019 08:35:47.593000,3.94
12/29/2019 08:37:47.520000,3.78
12/29/2019 08:39:47.582000,3.45
12/29/2019 08:41:47.248000,3.44
12/29/2019 08:43:47.277000,2.76
12/29/2019 08:45:47.669000,3.3
12/29/2019 08:47:47.494000,2.97
12/29/2019 08:49:47.691000,2.57
12/29/2019 08:51:47.723000,3.79
12/29/2019 08:53:47.526000,3.1
12/29/2019 08:55:47.632000,2.27
12/29/2019 08:57:47.578000,1.94
12/29/2019 08:59:47.723000,2.03
12/29/2019 09:01:47.630000,1.49
12/29/2019 09:03:47.739000,2.29
12/29/2019 09:05:47.262000,2.09
12/29/2019 09:43:48.273000,1.28
12/29/2019 09:45:48.122000,1.13
12/29/2019 09:47:48.229000,1.25
12/29/2019 09:49:48.230000,0.82
12/29/2019 09:51:48.339000,1.08
12/29/2019 09:53:48.231000,0.84
12/29/2019 09:55:48.342000,0.52
12/29/2019 09:57:48.363000,0.85
12/29/2019 09:59:48.233000,1.17
12/29/2019 10:01:47.910000,1.0
12/29/2019 10:03:48.205000,1.05
12/29/2019 10:05:48.372000,0.94
12/29/2019 10:07:48.402000,0.73
12/29/2019 10:09:48.132000,0.76
12/29/2019 10:11:48.251000,1.0
12/29/2019 10:13:48.277000,0.84
12/29/2019 10:17:48.369000,0.62
12/29/2019 10:19:48.226000,0.79
12/29/2019 10:21:48.235000,0.43
12/29/2019 10:23:48.141000,0.63
12/29/2019 10:25:48.234000,0.48
12/29/2019 10:27:47.911000,0.48
12/29/2019 10:29:48.357000,0.72
12/29/2019 10:31:48.118000,0.79
12/29/2019 10:33:48.296000,0.42
12/29/2019 10:35:48.227000,0.27
12/29/2019 10:37:47.908000,0.09
12/29/2019 10:39:48.228000,0.47
12/29/2019 10:41:48.312000,1.0
12/29/2019 10:43:48.636000,0.14
12/29/2019 10:45:47.901000,0.32
12/29/2019 10:47:48.339000,0.1
12/29/2019 10:49:48.307000,0.14
12/29/2019 10:51:48.290000,0.45
12/29/2019 10:53:48.378000,0.38
12/29/2019 10:55:48.327000,0.27
12/29/2019 10:57:48.332000,0.11
12/29/2019 10:59:48.232000,0.58
12/29/2019 11:01:48.333000,0.11
12/29/2019 11:03:48.276000,0.13
12/29/2019 11:05:48.355000,0.17
12/29/2019 11:07:48.213000,0.08
12/29/2019 11:09:47.893000,0.09
12/29/2019 11:11:48.142000,0.0
12/29/2019 11:13:48.336000,0.09
12/29/2019 11:15:48.347000,0.3
12/29/2019 11:17:48.277000,0.14
12/29/2019 11:19:48.226000,0.0
12/29/2019 11:21:48.367000,0.04
12/29/2019 11:23:48.117000,0.0
12/29/2019 11:25:48.329000,0.18
12/29/2019 11:27:47.892000,0.0
12/29/2019 11:29:48.228000,0.0
12/29/2019 11:31:47.918000,0.0
12/29/2019 11:33:48.217000,0.0
12/29/2019 11:35:47.897000,0.0
12/29/2019 11:37:48.301000,0.0
12/29/2019 11:39:48.318000,0.0
12/29/2019 11:41:48.132000,0.1
12/29/2019 11:43:48.546000,0.0
12/29/2019 11:45:48.206000,0.13
12/29/2019 11:47:48.304000,0.0
12/29/2019 11:49:48.334000,0.01
12/29/2019 11:51:47.888000,0.0
12/29/2019 11:53:48.204000,0.0
12/29/2019 11:55:48.284000,0.0
12/29/2019 11:57:48.331000,0.0
12/29/2019 11:59:48.129000,0.01
12/29/2019 12:01:48.094000,0.0
12/29/2019 12:03:48.219000,0.0
12/29/2019 12:05:48.323000,0.0
12/29/2019 12:07:48.341000,0.0
12/29/2019 12:09:47.939000,0.04
12/29/2019 12:11:48.216000,0.0
12/29/2019 12:13:48.299000,0.0
12/29/2019 12:15:47.899000,0.0
12/29/2019 12:17:48.274000,0.0
12/29/2019 12:19:48.351000,0.04
12/29/2019 12:21:48.115000,0.0
12/29/2019 12:23:48.154000,0.0
12/29/2019 12:25:47.876000,0.0
12/29/2019 12:27:48.338000,0.0
12/29/2019 12:29:48.215000,0.0
12/29/2019 12:31:47.883000,0.0
12/29/2019 12:33:48.207000,0.0
12/29/2019 12:35:48.203000,0.0
12/29/2019 12:37:47.887000,0.0
12/29/2019 12:39:47.914000,0.0
12/29/2019 12:41:47.901000,0.13
12/29/2019 12:43:48.219000,0.0
12/29/2019 12:45:48.228000,0.06
12/29/2019 12:47:48.271000,0.0
12/29/2019 12:49:48.129000,0.0
12/29/2019 12:51:47.882000,0.03
12/29/2019 12:53:47.879000,0.0
12/29/2019 12:55:48.276000,0.24
12/29/2019 12:57:48.322000,0.26
12/29/2019 12:59:47.919000,0.19
12/29/2019 13:01:48.204000,0.21
12/29/2019 13:03:47.894000,0.14
12/29/2019 13:05:48.280000,0.13
12/29/2019 13:07:47.887000,0.0
12/29/2019 13:09:48.207000,0.04
12/29/2019 13:11:48.200000,0.38
12/29/2019 13:13:47.889000,1.07
12/29/2019 13:15:48.110000,0.7
12/29/2019 13:17:48.539000,0.0
12/29/2019 13:19:47.893000,0.74
12/29/2019 13:21:48.291000,0.01
12/29/2019 13:23:48.245000,0.31
12/29/2019 13:25:47.938000,0.53
12/29/2019 13:27:48.434000,0.15
12/29/2019 13:29:48.193000,0.63
12/29/2019 13:31:48.273000,0.35
12/29/2019 13:33:48.199000,0.77
12/29/2019 13:35:48.199000,0.09
12/29/2019 13:37:48.302000,0.0
12/29/2019 13:39:48.097000,0.19
12/29/2019 13:41:48.239000,0.16
12/29/2019 13:43:48.525000,0.51
12/29/2019 13:45:48.259000,1.01
12/29/2019 13:47:48.192000,0.49
12/29/2019 13:49:48.316000,0.28
12/29/2019 13:51:48.235000,0.15
12/29/2019 13:53:48.104000,0.0
12/29/2019 13:55:48.083000,0.3
12/29/2019 13:57:48.289000,0.24
12/29/2019 13:59:48.319000,0.07
12/29/2019 14:01:48.304000,0.04
12/29/2019 14:03:48.307000,0.55
12/29/2019 14:05:48.303000,0.33
12/29/2019 14:07:48.251000,0.12
12/29/2019 14:09:48.180000,0.08
12/29/2019 14:11:48.256000,0.43
12/29/2019 14:13:48.208000,0.35
12/29/2019 14:15:48.173000,0.12
12/29/2019 14:17:48.200000,0.03
12/29/2019 14:19:48.237000,0.0
12/29/2019 14:21:48.092000,0.17
12/29/2019 14:23:48.309000,0.18
12/29/2019 14:25:47.859000,0.36
12/29/2019 14:27:48.084000,0.37
12/29/2019 14:29:48.184000,0.31
12/29/2019 14:31:48.081000,0.13
12/29/2019 14:33:47.883000,0.04
12/29/2019 14:35:48.343000,0.5
12/29/2019 14:37:48.269000,0.07
12/29/2019 14:39:47.858000,0.54
12/29/2019 14:41:48.257000,0.65
12/29/2019 14:43:48.504000,0.15
12/29/2019 14:45:48.251000,0.23
12/29/2019 14:47:48.262000,0.0
12/29/2019 14:49:47.862000,0.21
12/29/2019 14:51:48.132000,0.41
12/29/2019 14:53:48.190000,0.12
12/29/2019 14:55:48.113000,0.83
12/29/2019 14:57:48.084000,0.27
12/29/2019 14:59:47.857000,0.62
12/29/2019 15:01:47.890000,0.5
12/29/2019 15:03:48.345000,0.9
12/29/2019 15:05:48.189000,1.33
12/29/2019 15:07:47.857000,1.07
12/29/2019 15:09:48.198000,0.96
12/29/2019 15:11:48.336000,1.69
12/29/2019 15:13:47.915000,1.43
12/29/2019 15:15:48.237000,1.38
12/29/2019 15:17:48.135000,1.09
12/29/2019 15:19:48.228000,1.34
12/29/2019 15:21:47.869000,1.13
12/29/2019 15:23:48.253000,1.59
12/29/2019 15:25:48.237000,2.06
12/29/2019 15:27:48.292000,0.97
12/29/2019 15:29:48.116000,1.14
12/29/2019 15:31:48.189000,0.46
12/29/2019 15:33:48.218000,1.49
12/29/2019 15:35:48.298000,1.72
12/29/2019 15:37:48.082000,0.46
12/29/2019 15:39:48.331000,0.13
12/29/2019 15:41:48.250000,0.07
12/29/2019 15:43:48.444000,0.32
12/29/2019 15:45:47.836000,0.52
12/29/2019 15:47:48.284000,0.26
12/29/2019 15:49:48.246000,0.07
12/29/2019 15:51:48.299000,0.62
12/29/2019 15:53:48.168000,0.6
12/29/2019 15:55:48.641000,0.52
12/29/2019 15:57:47.868000,0.38
12/29/2019 15:59:48.171000,0.13
12/29/2019 16:01:48.250000,0.0
12/29/2019 16:03:48.280000,0.0
12/29/2019 16:05:50.708000,0.0
12/29/2019 16:07:48.089000,0.1
12/29/2019 16:09:48.247000,0.0
12/29/2019 16:11:47.848000,0.0
12/29/2019 16:13:48.170000,0.0
12/29/2019 16:15:48.186000,0.0
12/29/2019 16:17:48.239000,0.0
12/29/2019 16:19:48.229000,0.0
12/29/2019 16:21:48.351000,0.0
12/29/2019 16:23:48.232000,0.0
12/29/2019 16:25:48.228000,0.0
12/29/2019 16:27:48.198000,0.0
12/29/2019 16:29:48.310000,0.0
12/29/2019 16:31:48.500000,0.0
12/29/2019 16:33:47.856000,0.0
12/29/2019 16:35:48.121000,0.03
12/29/2019 16:37:48.160000,0.0
12/29/2019 16:39:48.156000,0.0
12/29/2019 16:41:48.092000,0.0
12/29/2019 16:43:48.591000,0.0
12/29/2019 16:45:48.156000,0.0
12/29/2019 16:47:48.178000,0.0
12/29/2019 16:49:48.088000,0.0
12/29/2019 16:51:48.065000,0.0
12/29/2019 16:53:48.338000,0.0
12/29/2019 16:55:48.235000,0.0
12/29/2019 16:57:48.055000,0.0
12/29/2019 16:59:47.844000,0.0
12/29/2019 17:01:48.119000,0.0
12/29/2019 17:03:47.848000,0.0
12/29/2019 17:05:48.061000,0.0
12/29/2019 17:07:48.242000,0.72
12/29/2019 17:09:47.845000,1.0
12/29/2019 17:11:48.280000,0.79
12/29/2019 17:13:48.085000,0.84
12/29/2019 17:15:48.086000,0.65
12/29/2019 17:17:48.162000,0.99
12/29/2019 17:19:48.188000,1.42
12/29/2019 17:21:47.876000,1.13
12/29/2019 17:23:48.166000,0.85
12/29/2019 17:25:48.238000,1.11
12/29/2019 17:27:48.310000,0.72
12/29/2019 17:29:48.344000,0.61
12/29/2019 17:31:48.272000,1.21
12/29/2019 17:33:48.323000,1.06
12/29/2019 17:35:48.180000,1.33
12/29/2019 17:37:48.158000,1.15
12/29/2019 17:39:48.136000,0.8
12/29/2019 17:41:48.337000,0.94
12/29/2019 17:43:48.634000,0.74
12/29/2019 17:45:48.236000,1.51
12/29/2019 17:47:48.052000,2.13
12/29/2019 17:49:48.330000,1.84
12/29/2019 17:51:48.230000,1.69
12/29/2019 17:53:48.066000,1.73
12/29/2019 17:55:48.165000,1.61
12/29/2019 17:57:48.273000,1.6
12/29/2019 17:59:48.082000,1.97
12/29/2019 18:01:48.223000,1.39
12/29/2019 18:03:47.914000,1.45
12/29/2019 18:05:48.306000,1.66
12/29/2019 18:07:48.179000,1.52
12/29/2019 18:09:48.149000,1.49
12/29/2019 18:11:48.161000,1.51
12/29/2019 18:13:48.087000,1.14
12/29/2019 18:15:48.161000,0.81
12/29/2019 18:17:48.260000,1.19
12/29/2019 18:19:48.343000,1.0
12/29/2019 18:21:47.825000,1.09
12/29/2019 18:23:48.110000,1.21
12/29/2019 18:25:48.065000,1.26
12/29/2019 18:27:48.222000,0.8
12/29/2019 18:29:48.216000,0.81
12/29/2019 18:31:48.055000,1.54
12/29/2019 18:33:47.848000,1.01
12/29/2019 18:35:47.836000,1.54
12/29/2019 18:37:48.176000,1.29
12/29/2019 18:39:47.838000,1.2
12/29/2019 18:41:48.092000,1.03
12/29/2019 18:43:48.237000,1.44
12/29/2019 18:45:48.174000,1.34
12/29/2019 18:47:48.248000,1.17
12/29/2019 18:49:48.133000,1.26
12/29/2019 18:51:47.852000,1.25
12/29/2019 18:53:48.221000,1.21
12/29/2019 18:55:47.845000,1.32
12/29/2019 18:57:48.169000,1.64
12/29/2019 18:59:48.167000,1.52
12/29/2019 19:01:48.169000,1.45
12/29/2019 19:03:48.238000,1.73
12/29/2019 19:05:48.232000,1.71
12/29/2019 19:07:48.157000,1.79
12/29/2019 19:09:48.129000,1.86
12/29/2019 19:11:48.075000,2.07
12/29/2019 19:13:48.201000,1.93
12/29/2019 19:15:47.847000,2.17
12/29/2019 19:17:47.837000,1.62
12/29/2019 19:19:48.237000,1.57
12/29/2019 19:21:48.158000,1.43
12/29/2019 19:23:48.294000,1.23
12/29/2019 19:25:47.827000,1.97
12/29/2019 19:27:47.833000,1.67
12/29/2019 19:29:48.296000,1.37
12/29/2019 19:31:48.235000,1.62
12/29/2019 19:33:48.212000,1.75
12/29/2019 19:35:48.190000,1.76
12/29/2019 19:37:48.217000,1.64
12/29/2019 19:39:47.835000,1.52
12/29/2019 19:41:48.143000,1.36
12/29/2019 19:43:48.575000,1.55
12/29/2019 19:45:48.177000,1.49
12/29/2019 19:47:48.275000,2.21
12/29/2019 19:49:47.835000,1.78
12/29/2019 19:51:47.840000,1.58
12/29/2019 19:53:47.917000,1.73
12/29/2019 19:55:48.174000,1.1
12/29/2019 19:57:47.874000,1.36
12/29/2019 19:59:48.199000,1.82
12/29/2019 20:01:48.148000,1.55
12/29/2019 20:03:48.212000,1.67
12/29/2019 20:05:48.322000,1.45
12/29/2019 20:07:48.139000,1.44
12/29/2019 20:09:48.223000,1.36
12/29/2019 20:11:48.059000,1.61
12/29/2019 20:13:48.234000,2.04
12/29/2019 20:15:48.204000,1.78
12/29/2019 20:17:47.839000,2.28
12/29/2019 20:19:47.868000,1.65
12/29/2019 20:21:48.162000,1.84
12/29/2019 20:23:48.355000,1.65
12/29/2019 20:25:48.219000,1.91
12/29/2019 20:27:48.188000,1.83
12/29/2019 20:29:47.843000,1.89
12/29/2019 20:31:48.224000,1.4
12/29/2019 20:33:47.848000,1.68
12/29/2019 20:35:48.030000,1.45
12/29/2019 20:37:48.149000,1.77
12/29/2019 20:39:47.905000,1.67
12/29/2019 20:41:48.153000,1.31
12/29/2019 20:43:48.523000,1.38
12/29/2019 20:45:48.189000,1.45
12/29/2019 20:47:48.252000,1.54
12/29/2019 20:49:48.148000,1.4
12/29/2019 20:51:48.063000,2.41
12/29/2019 20:53:48.054000,1.92
12/29/2019 20:55:48.061000,1.79
12/29/2019 20:57:48.150000,1.6
12/29/2019 20:59:48.144000,1.55
12/29/2019 21:01:48.232000,1.82
12/29/2019 21:03:48.207000,1.6
12/29/2019 21:05:48.139000,1.07
12/29/2019 21:07:47.834000,1.34
12/29/2019 21:09:48.046000,1.1
12/29/2019 21:11:48.140000,0.8
12/29/2019 21:13:48.074000,0.65
12/29/2019 21:15:48.163000,0.99
12/29/2019 21:17:48.048000,0.99
12/29/2019 21:19:47.835000,1.23
12/29/2019 21:21:48.522000,1.1
12/29/2019 21:23:48.152000,1.25
12/29/2019 21:25:48.251000,1.23
12/29/2019 21:27:48.154000,1.75
12/29/2019 21:29:48.045000,1.57
12/29/2019 21:31:47.838000,1.79
12/29/2019 21:33:48.244000,1.14
12/29/2019 21:35:48.146000,1.7
12/29/2019 21:37:47.818000,1.74
12/29/2019 21:39:48.198000,1.07
12/29/2019 21:41:48.069000,1.44
12/29/2019 21:43:48.714000,1.12
12/29/2019 21:45:48.257000,0.99
12/29/2019 21:47:48.147000,1.32
12/29/2019 21:49:47.824000,1.03
12/29/2019 21:51:48.144000,1.18
12/29/2019 21:53:48.283000,1.46
12/29/2019 21:55:47.827000,1.06
12/29/2019 21:57:48.183000,1.32
12/29/2019 21:59:48.338000,1.64
12/29/2019 22:01:48.325000,1.31
12/29/2019 22:03:48.082000,1.34
12/29/2019 22:05:48.328000,1.84
12/29/2019 22:07:48.154000,1.43
12/29/2019 22:09:48.135000,1.39
12/29/2019 22:11:48.140000,1.24
12/29/2019 22:13:48.332000,1.08
12/29/2019 22:15:47.823000,1.79
12/29/2019 22:17:48.246000,1.26
12/29/2019 22:19:47.833000,1.39
12/29/2019 22:21:48.142000,1.31
12/29/2019 22:23:48.252000,1.18
12/29/2019 22:25:47.870000,1.34
12/29/2019 22:27:48.203000,0.45
12/29/2019 22:29:48.262000,0.16
12/29/2019 22:31:47.826000,0.35
12/29/2019 22:33:48.021000,0.0
12/29/2019 22:35:47.825000,0.0
12/29/2019 22:37:47.804000,0.0
12/29/2019 22:39:48.284000,0.0
12/29/2019 22:41:48.144000,0.12
12/29/2019 22:43:49.333000,0.89
12/29/2019 22:45:47.909000,0.44
12/29/2019 22:47:47.806000,0.34
12/29/2019 22:49:48.156000,0.0
12/29/2019 22:51:48.214000,0.0
12/29/2019 22:53:48.203000,0.0
12/29/2019 22:55:47.821000,0.3
12/29/2019 22:57:48.053000,1.09
12/29/2019 22:59:48.218000,2.77
12/29/2019 23:01:48.142000,1.23
12/29/2019 23:03:48.230000,1.08
12/29/2019 23:05:47.821000,0.28
12/29/2019 23:07:48.144000,0.3
12/29/2019 23:09:48.249000,0.0
12/29/2019 23:11:48.219000,0.0
12/29/2019 23:13:48.155000,0.01
12/29/2019 23:15:48.199000,0.0
12/29/2019 23:17:48.170000,0.03
12/29/2019 23:19:48.034000,0.33
12/29/2019 23:21:48.176000,0.13
12/29/2019 23:23:47.832000,0.18
12/29/2019 23:25:48.061000,0.0
12/29/2019 23:27:47.822000,0.12
12/29/2019 23:29:48.141000,0.35
12/29/2019 23:31:48.045000,0.16
12/29/2019 23:33:48.241000,0.42
12/29/2019 23:35:48.141000,0.0
12/29/2019 23:37:47.817000,0.13
12/29/2019 23:39:48.343000,0.27
12/29/2019 23:41:48.194000,0.5
12/29/2019 23:43:48.501000,0.03
12/29/2019 23:45:48.314000,0.09
12/29/2019 23:47:48.143000,0.4
12/29/2019 23:49:47.839000,0.09
12/29/2019 23:51:48.159000,0.0
12/29/2019 23:53:51.021000,0.19
12/29/2019 23:55:48.051000,0.03
12/29/2019 23:57:48.271000,0.0
12/29/2019 23:59:48.041000,0.0
12/30/2019 00:01:48.143000,0.09
12/30/2019 00:03:48.205000,0.18
12/30/2019 00:05:48.303000,0.18
12/30/2019 00:07:48.221000,0.64
12/30/2019 00:09:48.252000,0.2
12/30/2019 00:11:48.038000,0.0
12/30/2019 00:13:48.129000,0.07
12/30/2019 00:15:48.033000,0.36
12/30/2019 00:17:47.787000,0.44
12/30/2019 00:19:47.822000,0.51
12/30/2019 00:21:47.794000,0.88
12/30/2019 00:23:48.029000,0.54
12/30/2019 00:25:48.124000,0.61
12/30/2019 00:27:48.228000,0.0
12/30/2019 00:29:48.127000,0.25
12/30/2019 00:31:47.825000,0.04
12/30/2019 00:33:47.828000,0.32
12/30/2019 00:35:48.194000,0.03
12/30/2019 00:37:48.260000,0.85
12/30/2019 00:39:48.270000,0.54
12/30/2019 00:41:48.038000,0.51
12/30/2019 00:43:49.116000,0.47
12/30/2019 00:45:48.228000,0.38
12/30/2019 00:47:48.225000,0.7
12/30/2019 00:49:48.202000,1.01
12/30/2019 00:51:48.166000,0.79
12/30/2019 00:53:47.790000,0.57
12/30/2019 00:55:47.873000,0.16
12/30/2019 00:57:47.827000,0.91
12/30/2019 00:59:47.893000,0.54
12/30/2019 01:01:48.296000,1.1
12/30/2019 01:03:48.157000,1.04
12/30/2019 01:05:48.040000,0.81
12/30/2019 01:07:48.254000,0.58
12/30/2019 01:09:48.038000,0.72
12/30/2019 01:11:48.249000,1.06
12/30/2019 01:13:48.224000,0.81
12/30/2019 01:15:47.816000,1.13
12/30/2019 01:17:48.208000,0.94
12/30/2019 01:19:48.035000,0.94
12/30/2019 01:21:47.823000,1.0
12/30/2019 01:23:48.431000,2.03
12/30/2019 01:25:48.113000,0.09
12/30/2019 01:27:48.005000,0.14
12/30/2019 01:29:47.956000,0.23
12/30/2019 01:31:47.780000,0.06
12/30/2019 01:33:47.803000,0.13
12/30/2019 01:35:48.189000,0.62
12/30/2019 01:37:47.866000,0.18
12/30/2019 01:39:48.225000,0.0
12/30/2019 01:41:48.192000,0.39
12/30/2019 01:43:48.955000,0.22
12/30/2019 01:45:48.012000,0.18
12/30/2019 01:47:47.802000,0.09
12/30/2019 01:49:48.244000,0.15
12/30/2019 01:51:47.785000,0.0
12/30/2019 01:53:48.135000,0.18
12/30/2019 01:55:48.177000,0.09
12/30/2019 01:57:48.221000,0.15
12/30/2019 01:59:48.073000,0.29
12/30/2019 02:03:48.112000,0.21
12/30/2019 02:05:48.329000,0.63
12/30/2019 02:07:48.038000,0.1
12/30/2019 02:09:47.819000,0.1
12/30/2019 02:11:48.305000,0.12
12/30/2019 02:13:48.276000,0.47
12/30/2019 02:15:48.116000,0.72
12/30/2019 02:17:48.011000,0.87
12/30/2019 02:19:47.787000,0.24
12/30/2019 02:21:48.141000,0.8
12/30/2019 02:23:48.118000,0.97
12/30/2019 02:25:48.312000,0.92
12/30/2019 02:27:47.787000,0.94
12/30/2019 02:29:47.815000,0.67
12/30/2019 02:31:48.063000,0.68
12/30/2019 02:33:48.258000,0.82
12/30/2019 02:35:48.173000,0.73
12/30/2019 02:37:48.105000,0.69
12/30/2019 02:39:48.227000,0.59
12/30/2019 02:41:48.254000,0.35
12/30/2019 02:43:48.471000,0.31
12/30/2019 02:45:48.013000,0.58
12/30/2019 02:47:48.253000,0.3
12/30/2019 02:49:47.789000,0.12
12/30/2019 02:51:48.099000,0.58
12/30/2019 02:53:48.233000,0.18
12/30/2019 02:55:47.777000,0.0
12/30/2019 02:57:49.041000,0.0
12/30/2019 02:59:48.185000,0.07
12/30/2019 03:01:48.026000,0.0
12/30/2019 03:03:48.044000,0.09
12/30/2019 03:05:48.264000,0.0
12/30/2019 03:07:47.789000,0.23
12/30/2019 03:09:47.780000,0.03
12/30/2019 03:11:48.233000,0.12
12/30/2019 03:13:48.006000,0.68
12/30/2019 03:15:47.768000,0.49
12/30/2019 03:17:48.173000,0.21
12/30/2019 03:19:48.026000,0.45
12/30/2019 03:21:48.049000,0.17
12/30/2019 03:23:48.098000,0.03
12/30/2019 03:25:48.223000,0.13
12/30/2019 03:27:48.109000,0.06
12/30/2019 03:29:47.999000,0.0
12/30/2019 03:31:48.168000,0.54
12/30/2019 03:33:47.784000,0.43
12/30/2019 03:35:48.206000,0.69
12/30/2019 03:37:48.250000,1.94
12/30/2019 03:39:47.990000,1.36
12/30/2019 03:41:48.177000,2.51
12/30/2019 03:43:48.436000,5.03
12/30/2019 03:45:48.030000,6.31
12/30/2019 03:47:48.172000,2.87
12/30/2019 03:49:48.096000,1.34
12/30/2019 03:51:48.102000,0.3
12/30/2019 03:53:47.784000,0.0
12/30/2019 03:55:48.233000,0.22
12/30/2019 03:57:48.170000,0.0
12/30/2019 03:59:48.152000,0.0
12/30/2019 04:01:48.095000,0.0
12/30/2019 04:03:48.086000,0.0
12/30/2019 04:05:47.765000,0.03
12/30/2019 04:07:48.166000,0.0
12/30/2019 04:09:47.785000,0.0
12/30/2019 04:11:48.057000,0.0
12/30/2019 04:13:47.796000,0.0
12/30/2019 04:15:48.219000,0.13
12/30/2019 04:17:48.133000,0.04
12/30/2019 04:19:48.018000,0.09
12/30/2019 04:21:48.166000,0.0
12/30/2019 04:23:47.778000,0.0
12/30/2019 04:25:47.987000,0.09
12/30/2019 04:27:47.789000,0.18
12/30/2019 04:29:48.199000,0.14
12/30/2019 04:31:48.205000,0.24
12/30/2019 04:33:48.092000,0.03
12/30/2019 04:35:48.193000,0.68
12/30/2019 04:37:48.137000,0.75
12/30/2019 04:39:48.089000,0.59
12/30/2019 04:41:48.186000,0.45
12/30/2019 04:43:48.457000,0.34
12/30/2019 04:45:48.085000,0.55
12/30/2019 04:47:48.107000,0.17
12/30/2019 04:49:48.197000,0.61
12/30/2019 04:51:47.779000,0.16
12/30/2019 04:53:48.088000,0.27
12/30/2019 04:55:48.105000,0.72
12/30/2019 04:57:47.987000,0.0
12/30/2019 04:59:48.170000,0.14
12/30/2019 05:01:47.977000,0.0
12/30/2019 05:03:47.766000,0.3
12/30/2019 05:05:48.139000,0.28
12/30/2019 05:07:48.125000,0.22
12/30/2019 05:09:48.174000,0.79
12/30/2019 05:11:48.233000,0.79
12/30/2019 05:13:47.768000,0.75
12/30/2019 05:15:48.029000,0.96
12/30/2019 05:17:48.096000,1.25
12/30/2019 05:19:48.082000,0.96
12/30/2019 05:21:48.196000,0.73
12/30/2019 05:23:47.781000,0.58
12/30/2019 05:25:48.195000,1.13
12/30/2019 05:27:48.109000,1.61
12/30/2019 05:29:48.132000,1.84
12/30/2019 05:31:47.757000,1.88
12/30/2019 05:33:48.522000,1.68
12/30/2019 05:35:48.183000,1.22
12/30/2019 05:37:48.082000,1.41
12/30/2019 05:39:47.765000,2.89
12/30/2019 05:41:48.082000,3.01
12/30/2019 05:43:48.424000,1.55
12/30/2019 05:45:48.184000,2.75
12/30/2019 05:47:48.256000,3.28
12/30/2019 05:49:47.981000,4.01
12/30/2019 05:51:48.180000,3.46
12/30/2019 05:53:48.221000,3.17
12/30/2019 05:55:47.977000,3.41
12/30/2019 05:57:47.752000,4.36
12/30/2019 05:59:48.112000,3.63
12/30/2019 06:01:48.007000,4.39
12/30/2019 06:03:47.752000,3.93
12/30/2019 06:05:47.752000,3.81
12/30/2019 06:07:47.739000,3.77
12/30/2019 06:09:47.975000,3.53
12/30/2019 06:11:47.751000,3.8
12/30/2019 06:13:48.059000,2.17
12/30/2019 06:15:47.997000,1.9
12/30/2019 06:17:48.068000,3.05
12/30/2019 06:19:48.057000,3.87
12/30/2019 06:21:47.738000,4.19
12/30/2019 06:23:47.761000,3.53
12/30/2019 06:25:47.961000,3.06
12/30/2019 06:27:48.155000,3.26
12/30/2019 06:29:47.763000,3.63
12/30/2019 06:31:48.073000,2.27
12/30/2019 06:33:48.075000,1.46
12/30/2019 06:35:47.739000,0.99
12/30/2019 06:37:47.976000,1.06
12/30/2019 06:39:48.170000,1.14
12/30/2019 06:41:48.014000,0.84
12/30/2019 06:43:48.384000,0.21
12/30/2019 06:45:47.745000,0.76
12/30/2019 06:47:47.978000,0.7
12/30/2019 06:49:48.122000,0.57
12/30/2019 06:51:48.142000,0.63
12/30/2019 06:53:48.240000,0.54
12/30/2019 06:55:47.977000,0.87
12/30/2019 06:57:47.743000,0.87
12/30/2019 06:59:48.142000,0.82
12/30/2019 07:01:48.182000,0.71
12/30/2019 07:03:47.727000,1.45
12/30/2019 07:05:48.000000,2.09
12/30/2019 07:07:48.235000,1.23
12/30/2019 07:09:48.052000,2.13
12/30/2019 07:11:48.174000,2.38
12/30/2019 07:13:48.074000,2.48
12/30/2019 07:15:47.991000,2.04
12/30/2019 07:17:47.962000,2.85
12/30/2019 07:19:48.065000,2.56
12/30/2019 07:21:48.213000,3.19
12/30/2019 07:23:47.728000,3.9
12/30/2019 07:25:48.122000,4.1
12/30/2019 07:27:48.194000,3.59
12/30/2019 07:29:48.158000,2.99
12/30/2019 07:31:48.092000,3.32
12/30/2019 07:33:47.964000,2.84
12/30/2019 07:35:48.218000,2.76
12/30/2019 07:37:48.136000,3.49
12/30/2019 07:39:47.836000,3.21
12/30/2019 07:41:48.171000,4.01
12/30/2019 07:43:48.448000,3.66
12/30/2019 07:45:47.740000,1.25
12/30/2019 07:47:47.719000,2.07
12/30/2019 07:49:48.128000,1.68
12/30/2019 07:51:47.730000,2.56
12/30/2019 07:53:48.051000,1.78
12/30/2019 07:55:47.721000,3.39
12/30/2019 07:57:48.149000,2.44
12/30/2019 07:59:47.722000,3.04
12/30/2019 08:01:47.974000,2.78
12/30/2019 08:03:48.054000,2.59
12/30/2019 08:05:48.050000,2.06
12/30/2019 08:07:47.976000,3.99
12/30/2019 08:09:47.943000,1.96
12/30/2019 08:11:48.152000,2.97
12/30/2019 08:13:48.132000,2.56
12/30/2019 08:15:47.722000,3.29
12/30/2019 08:17:48.217000,4.69
12/30/2019 08:19:47.947000,3.97
12/30/2019 08:21:48.097000,3.4
12/30/2019 08:23:47.962000,3.14
12/30/2019 08:25:48.108000,4.0
12/30/2019 08:27:48.118000,2.37
12/30/2019 08:29:48.167000,2.76
12/30/2019 08:31:47.964000,3.03
12/30/2019 08:33:47.721000,3.02
12/30/2019 08:35:48.179000,3.12
12/30/2019 08:37:47.728000,2.61
12/30/2019 08:39:48.036000,2.14
12/30/2019 08:41:48.085000,2.36
12/30/2019 08:43:48.322000,1.79
12/30/2019 08:45:47.740000,1.55
12/30/2019 08:47:48.065000,1.74
12/30/2019 08:49:48.217000,3.01
12/30/2019 08:51:48.184000,3.65
12/30/2019 08:53:48.148000,3.03
12/30/2019 08:55:47.940000,1.64
12/30/2019 08:57:48.200000,1.81
12/30/2019 08:59:48.034000,3.09
12/30/2019 09:01:47.932000,4.37
12/30/2019 09:03:48.164000,5.13
12/30/2019 09:05:48.042000,4.9
12/30/2019 09:39:48.430000,1.97
12/30/2019 09:41:48.438000,2.4
12/30/2019 09:43:48.531000,0.64
12/30/2019 09:45:48.528000,2.0
12/30/2019 09:47:48.320000,1.18
12/30/2019 09:49:48.498000,1.33
12/30/2019 09:51:48.626000,1.07
12/30/2019 09:53:48.501000,1.11
12/30/2019 09:55:48.399000,1.62
12/30/2019 09:57:48.315000,0.67
12/30/2019 09:59:48.124000,0.46
12/30/2019 10:01:48.411000,0.64
12/30/2019 10:03:48.088000,0.39
12/30/2019 10:05:48.501000,0.57
12/30/2019 10:07:48.520000,0.41
12/30/2019 10:09:48.130000,0.38
12/30/2019 10:11:48.318000,0.37
12/30/2019 10:13:48.634000,0.22
12/30/2019 10:15:48.431000,0.21
12/30/2019 10:17:48.529000,0.0
12/30/2019 10:19:48.492000,0.0
12/30/2019 10:21:48.573000,0.04
12/30/2019 10:23:48.474000,0.0
12/30/2019 10:25:48.103000,0.0
12/30/2019 10:27:48.437000,0.0
12/30/2019 10:29:48.453000,0.0
12/30/2019 10:31:48.479000,0.0
12/30/2019 10:33:48.430000,0.0
12/30/2019 10:35:48.567000,0.0
12/30/2019 10:37:48.411000,0.0
12/30/2019 10:39:48.783000,0.0
12/30/2019 10:41:48.467000,0.0
12/30/2019 10:43:48.089000,0.0
12/30/2019 10:45:48.436000,0.0
12/30/2019 10:47:48.541000,0.04
12/30/2019 10:49:48.328000,0.04
12/30/2019 10:51:48.424000,0.0
12/30/2019 10:53:48.508000,0.0
12/30/2019 10:55:48.316000,0.19
12/30/2019 10:57:48.528000,0.12
12/30/2019 10:59:48.422000,0.0
12/30/2019 11:01:48.112000,0.0
12/30/2019 11:03:48.471000,0.0
12/30/2019 11:05:48.323000,0.0
12/30/2019 11:07:48.490000,0.09
12/30/2019 11:09:48.576000,0.0
12/30/2019 11:11:48.436000,0.0
12/30/2019 11:13:48.480000,0.0
12/30/2019 11:15:48.575000,0.0
12/30/2019 11:17:48.571000,0.0
12/30/2019 11:19:48.102000,0.0
12/30/2019 11:21:48.455000,0.0
12/30/2019 11:23:48.575000,0.0
12/30/2019 11:25:48.436000,0.0
12/30/2019 11:27:48.554000,0.0
12/30/2019 11:29:48.571000,0.0
12/30/2019 11:31:48.481000,0.0
12/30/2019 11:33:48.099000,0.01
12/30/2019 11:35:48.431000,0.0
12/30/2019 11:37:48.106000,0.0
12/30/2019 11:39:48.750000,0.0
12/30/2019 11:41:48.429000,0.0
12/30/2019 11:43:48.510000,0.0
12/30/2019 11:45:48.471000,0.09
12/30/2019 11:47:48.516000,0.14
12/30/2019 11:49:48.392000,0.0
12/30/2019 11:51:48.593000,0.0
12/30/2019 11:53:48.520000,0.0
12/30/2019 11:55:48.465000,0.0
12/30/2019 11:57:48.312000,0.0
12/30/2019 11:59:48.315000,0.0
12/30/2019 12:01:48.085000,0.0
12/30/2019 12:03:48.416000,0.0
12/30/2019 12:05:48.436000,0.0
12/30/2019 12:07:48.428000,0.0
12/30/2019 12:09:48.408000,0.0
12/30/2019 12:11:48.432000,0.0
12/30/2019 12:13:48.489000,0.0
12/30/2019 12:15:48.086000,0.0
12/30/2019 12:17:48.309000,0.0
12/30/2019 12:19:48.079000,0.0
12/30/2019 12:21:48.074000,0.0
12/30/2019 12:23:48.389000,0.0
12/30/2019 12:25:48.142000,0.03
12/30/2019 12:27:48.310000,0.39
12/30/2019 12:29:48.410000,0.54
12/30/2019 12:31:48.067000,0.46
12/30/2019 12:33:48.431000,0.9
12/30/2019 12:35:48.473000,0.0
12/30/2019 12:37:48.409000,0.07
12/30/2019 12:39:48.487000,0.0
12/30/2019 12:41:48.068000,0.0
12/30/2019 12:43:48.405000,0.0
12/30/2019 12:45:48.309000,0.0
12/30/2019 12:47:48.451000,0.0
12/30/2019 12:49:48.493000,0.68
12/30/2019 12:51:48.483000,1.35
12/30/2019 12:53:48.515000,0.09
12/30/2019 12:55:48.388000,0.0
12/30/2019 12:57:48.521000,0.0
12/30/2019 12:59:48.440000,0.0
12/30/2019 13:01:48.065000,0.0
12/30/2019 13:03:48.297000,0.13
12/30/2019 13:05:48.485000,0.0
12/30/2019 13:07:48.383000,0.0
12/30/2019 13:09:48.457000,0.0
12/30/2019 13:11:48.467000,0.0
12/30/2019 13:13:48.395000,0.0
12/30/2019 13:15:48.382000,0.0
12/30/2019 13:17:48.322000,0.0
12/30/2019 13:19:48.458000,0.0
12/30/2019 13:21:48.085000,0.0
12/30/2019 13:23:48.350000,0.0
12/30/2019 13:25:48.418000,0.0
12/30/2019 13:27:48.051000,0.07
12/30/2019 13:29:48.330000,0.11
12/30/2019 13:31:48.417000,0.0
12/30/2019 13:33:48.421000,0.0
12/30/2019 13:35:48.520000,0.0
12/30/2019 13:37:48.278000,0.0
12/30/2019 13:39:48.812000,0.85
12/30/2019 13:41:48.378000,2.13
12/30/2019 13:43:48.387000,2.52
12/30/2019 13:45:48.627000,1.53
12/30/2019 13:47:48.432000,0.82
12/30/2019 13:49:48.438000,0.37
12/30/2019 13:51:48.293000,0.45
12/30/2019 13:53:48.614000,0.38
12/30/2019 13:55:48.446000,0.5
12/30/2019 13:57:48.047000,1.16
12/30/2019 13:59:48.288000,0.92
12/30/2019 14:01:48.278000,1.23
12/30/2019 14:03:48.384000,1.76
12/30/2019 14:05:48.268000,1.84
12/30/2019 14:07:48.393000,0.6
12/30/2019 14:09:48.278000,1.17
12/30/2019 14:11:48.303000,1.21
12/30/2019 14:13:48.058000,1.18
12/30/2019 14:15:48.398000,1.76
12/30/2019 14:17:48.517000,0.45
12/30/2019 14:19:48.077000,0.3
12/30/2019 14:21:48.452000,0.03
12/30/2019 14:23:48.319000,0.0
12/30/2019 14:25:48.413000,0.13
12/30/2019 14:27:48.070000,0.21
12/30/2019 14:29:48.270000,0.14
12/30/2019 14:31:48.435000,0.57
12/30/2019 14:33:48.444000,0.0
12/30/2019 14:35:48.074000,0.09
12/30/2019 14:37:48.282000,0.04
12/30/2019 14:39:48.666000,0.22
12/30/2019 14:41:48.072000,0.34
12/30/2019 14:43:48.400000,0.19
12/30/2019 14:45:48.282000,0.0
12/30/2019 14:47:48.043000,0.16
12/30/2019 14:49:48.333000,0.07
12/30/2019 14:51:48.077000,0.0
12/30/2019 14:53:48.356000,0.1
12/30/2019 14:55:48.438000,0.53
12/30/2019 14:57:48.439000,0.89
12/30/2019 14:59:48.063000,0.38
12/30/2019 15:01:48.424000,0.39
12/30/2019 15:03:48.047000,0.59
12/30/2019 15:05:48.529000,1.64
12/30/2019 15:07:48.375000,2.72
12/30/2019 15:09:48.401000,2.41
12/30/2019 15:11:48.460000,3.03
12/30/2019 15:13:48.288000,1.39
12/30/2019 15:15:48.391000,1.23
12/30/2019 15:17:48.329000,1.81
12/30/2019 15:19:48.374000,1.27
12/30/2019 15:21:48.374000,1.64
12/30/2019 15:23:48.373000,2.37
12/30/2019 15:25:48.437000,1.88
12/30/2019 15:27:48.050000,2.03
12/30/2019 15:29:48.340000,2.06
12/30/2019 15:31:48.460000,1.66
12/30/2019 15:33:48.386000,1.39
12/30/2019 15:35:48.278000,1.25
12/30/2019 15:37:48.206000,0.75
12/30/2019 15:39:48.641000,1.16
12/30/2019 15:41:48.479000,1.1
12/30/2019 15:43:48.035000,0.83
12/30/2019 15:45:48.515000,1.29
12/30/2019 15:47:48.062000,1.04
12/30/2019 15:49:48.054000,1.72
12/30/2019 15:51:48.341000,1.01
12/30/2019 15:53:48.259000,0.74
12/30/2019 15:55:48.386000,0.04
12/30/2019 15:57:48.515000,0.3
12/30/2019 15:59:48.381000,0.2
12/30/2019 16:01:48.521000,0.0
12/30/2019 16:03:48.254000,0.19
12/30/2019 16:05:48.481000,1.48
12/30/2019 16:07:48.029000,0.09
12/30/2019 16:09:48.420000,0.12
12/30/2019 16:11:48.027000,0.0
12/30/2019 16:13:48.270000,0.18
12/30/2019 16:15:48.038000,0.19
12/30/2019 16:17:48.473000,0.0
12/30/2019 16:19:48.421000,0.0
12/30/2019 16:21:48.383000,0.0
12/30/2019 16:23:48.428000,0.0
12/30/2019 16:25:48.513000,0.1
12/30/2019 16:27:48.451000,0.0
12/30/2019 16:29:48.268000,0.25
12/30/2019 16:31:48.024000,0.0
12/30/2019 16:33:48.354000,0.0
12/30/2019 16:35:48.257000,0.0
12/30/2019 16:37:48.444000,0.0
12/30/2019 16:39:48.373000,0.0
12/30/2019 16:41:48.359000,0.24
12/30/2019 16:43:48.344000,0.0
12/30/2019 16:45:48.502000,0.0
12/30/2019 16:47:48.532000,0.0
12/30/2019 16:49:48.027000,0.16
12/30/2019 16:51:48.417000,0.0
12/30/2019 16:53:48.441000,0.0
12/30/2019 16:55:48.365000,0.12
12/30/2019 16:57:48.350000,0.0
12/30/2019 16:59:48.353000,0.24
12/30/2019 17:01:48.438000,0.07
12/30/2019 17:03:48.440000,0.04
12/30/2019 17:05:48.039000,0.0
12/30/2019 17:07:48.263000,0.2
12/30/2019 17:09:48.259000,0.0
12/30/2019 17:11:48.473000,0.13
12/30/2019 17:13:48.443000,0.13
12/30/2019 17:15:48.405000,0.25
12/30/2019 17:17:48.040000,0.17
12/30/2019 17:19:48.045000,0.0
12/30/2019 17:21:48.413000,0.0
12/30/2019 17:23:48.354000,0.44
12/30/2019 17:25:48.055000,0.57
12/30/2019 17:27:48.257000,0.54
12/30/2019 17:29:48.251000,0.18
12/30/2019 17:31:48.534000,0.42
12/30/2019 17:33:48.279000,0.23
12/30/2019 17:35:48.331000,0.46
12/30/2019 17:37:48.345000,0.53
12/30/2019 17:39:48.724000,0.38
12/30/2019 17:41:48.051000,0.66
12/30/2019 17:43:48.445000,0.26
12/30/2019 17:45:48.032000,0.14
12/30/2019 17:47:48.038000,0.0
12/30/2019 17:49:48.368000,0.14
12/30/2019 17:51:48.348000,0.26
12/30/2019 17:53:48.528000,0.4
12/30/2019 17:55:48.339000,0.5
12/30/2019 17:57:48.399000,0.34
12/30/2019 17:59:48.008000,0.22
12/30/2019 18:01:48.258000,0.35
12/30/2019 18:03:48.629000,0.32
12/30/2019 18:05:48.018000,0.22
12/30/2019 18:07:48.027000,0.0
12/30/2019 18:09:48.275000,0.26
12/30/2019 18:11:48.382000,0.0
12/30/2019 18:13:48.421000,0.24
12/30/2019 18:15:48.458000,0.42
12/30/2019 18:17:48.028000,0.23
12/30/2019 18:19:48.402000,0.97
12/30/2019 18:21:48.325000,0.27
12/30/2019 18:23:48.351000,0.57
12/30/2019 18:25:48.270000,0.18
12/30/2019 18:27:48.467000,0.0
12/30/2019 18:29:48.013000,0.0
12/30/2019 18:31:48.055000,0.04
12/30/2019 18:33:48.248000,0.03
12/30/2019 18:35:48.040000,0.0
12/30/2019 18:37:48.438000,0.38
12/30/2019 18:39:49.033000,0.0
12/30/2019 18:41:48.363000,0.17
12/30/2019 18:43:48.246000,0.0
12/30/2019 18:45:48.336000,0.25
12/30/2019 18:47:48.026000,0.0
12/30/2019 18:49:48.029000,0.0
12/30/2019 18:51:48.403000,0.15
12/30/2019 18:53:48.338000,0.03
12/30/2019 18:55:48.394000,0.23
12/30/2019 18:57:48.239000,0.17
12/30/2019 18:59:48.490000,0.17
12/30/2019 19:01:48.265000,0.0
12/30/2019 19:03:48.027000,0.18
12/30/2019 19:05:48.260000,0.18
12/30/2019 19:07:48.403000,0.17
12/30/2019 19:09:48.334000,0.01
12/30/2019 19:11:48.393000,0.3
12/30/2019 19:13:48.463000,0.0
12/30/2019 19:15:48.432000,0.0
12/30/2019 19:17:48.280000,0.18
12/30/2019 19:19:48.320000,0.33
12/30/2019 19:21:48.408000,0.0
12/30/2019 19:23:48.371000,0.81
12/30/2019 19:25:48.014000,0.43
12/30/2019 19:27:48.429000,0.28
12/30/2019 19:29:48.547000,0.42
12/30/2019 19:31:48.341000,0.38
12/30/2019 19:33:48.042000,0.28
12/30/2019 19:35:48.536000,0.5
12/30/2019 19:37:48.233000,0.22
12/30/2019 19:39:48.795000,0.24
12/30/2019 19:41:48.238000,0.09
12/30/2019 19:43:48.337000,0.09
12/30/2019 19:45:48.437000,0.09
12/30/2019 19:47:48.005000,0.31
12/30/2019 19:49:48.365000,0.42
12/30/2019 19:51:48.449000,0.85
12/30/2019 19:53:48.348000,0.52
12/30/2019 19:55:48.226000,0.86
12/30/2019 19:57:48.230000,0.84
12/30/2019 19:59:48.432000,0.71
12/30/2019 20:01:48.392000,0.82
12/30/2019 20:03:48.425000,0.86
12/30/2019 20:05:48.321000,1.12
12/30/2019 20:07:48.255000,1.21
12/30/2019 20:09:48.361000,1.31
12/30/2019 20:11:48.429000,1.09
12/30/2019 20:13:48.466000,1.07
12/30/2019 20:15:48.013000,1.48
12/30/2019 20:17:48.318000,1.54
12/30/2019 20:19:48.332000,1.25
12/30/2019 20:21:48.261000,1.14
12/30/2019 20:23:48.379000,1.43
12/30/2019 20:25:48.224000,1.51
12/30/2019 20:27:48.225000,1.41
12/30/2019 20:29:48.229000,0.99
12/30/2019 20:31:48.413000,0.99
12/30/2019 20:33:48.010000,1.39
12/30/2019 20:35:48.239000,0.9
12/30/2019 20:37:48.427000,1.43
12/30/2019 20:39:48.648000,1.21
12/30/2019 20:41:48.353000,1.09
12/30/2019 20:43:48.401000,1.0
12/30/2019 20:45:48.032000,1.22
12/30/2019 20:47:48.033000,1.33
12/30/2019 20:49:48.280000,1.47
12/30/2019 20:51:48.017000,1.24
12/30/2019 20:53:48.028000,1.16
12/30/2019 20:55:48.339000,1.56
12/30/2019 20:57:48.316000,1.14
12/30/2019 20:59:48.364000,1.29
12/30/2019 21:01:47.992000,1.73
12/30/2019 21:03:48.014000,1.44
12/30/2019 21:05:48.036000,1.45
12/30/2019 21:07:48.223000,1.39
12/30/2019 21:11:48.398000,1.25
12/30/2019 21:13:48.275000,1.58
12/30/2019 21:15:48.141000,1.88
12/30/2019 21:17:48.028000,1.33
12/30/2019 21:19:48.338000,1.57
12/30/2019 21:21:48.444000,1.36
12/30/2019 21:23:48.423000,1.37
12/30/2019 21:25:48.336000,1.12
12/30/2019 21:27:48.377000,1.4
12/30/2019 21:29:48.234000,1.53
12/30/2019 21:31:48.007000,1.65
12/30/2019 21:33:48.428000,1.42
12/30/2019 21:35:48.330000,1.19
12/30/2019 21:37:48.249000,1.43
12/30/2019 21:39:48.602000,1.38
12/30/2019 21:41:48.324000,1.69
12/30/2019 21:43:48.016000,1.54
12/30/2019 21:45:48.247000,1.93
12/30/2019 21:47:48.326000,1.61
12/30/2019 21:49:48.337000,1.97
12/30/2019 21:51:48.476000,1.52
12/30/2019 21:53:48.366000,1.78
12/30/2019 21:55:48.434000,1.97
12/30/2019 21:57:48.435000,1.6
12/30/2019 21:59:48.421000,1.38
12/30/2019 22:01:48.250000,0.85
12/30/2019 22:03:48.224000,0.32
12/30/2019 22:05:48.425000,0.25
12/30/2019 22:07:47.988000,0.0
12/30/2019 22:09:48.440000,0.09
12/30/2019 22:11:48.325000,0.18
12/30/2019 22:13:48.238000,0.0
12/30/2019 22:15:48.352000,1.31
12/30/2019 22:17:48.332000,0.6
12/30/2019 22:19:48.611000,1.1
12/30/2019 22:21:48.431000,1.34
12/30/2019 22:23:48.570000,1.03
12/30/2019 22:25:48.475000,0.42
12/30/2019 22:27:48.325000,0.47
12/30/2019 22:29:48.034000,0.28
12/30/2019 22:31:48.463000,0.29
12/30/2019 22:33:48.003000,0.31
12/30/2019 22:35:48.038000,0.0
12/30/2019 22:37:48.331000,0.3
12/30/2019 22:39:48.420000,0.37
12/30/2019 22:41:48.468000,0.31
12/30/2019 22:43:48.487000,0.07
12/30/2019 22:45:48.350000,0.12
12/30/2019 22:47:48.032000,0.21
12/30/2019 22:49:48.231000,0.18
12/30/2019 22:51:48.351000,0.03
12/30/2019 22:53:48.258000,0.09
12/30/2019 22:55:48.498000,0.61
12/30/2019 22:57:48.366000,0.0
12/30/2019 22:59:48.270000,0.47
12/30/2019 23:01:48.477000,0.31
12/30/2019 23:03:48.211000,0.41
12/30/2019 23:05:48.246000,0.06
12/30/2019 23:07:48.031000,0.57
12/30/2019 23:09:48.326000,0.24
12/30/2019 23:11:48.365000,0.44
12/30/2019 23:13:47.998000,0.59
12/30/2019 23:15:48.010000,0.46
12/30/2019 23:17:48.424000,0.79
12/30/2019 23:19:48.238000,0.24
12/30/2019 23:21:48.340000,0.8
12/30/2019 23:23:48.223000,0.57
12/30/2019 23:25:48.336000,0.85
12/30/2019 23:27:48.452000,0.99
12/30/2019 23:29:48.022000,1.09
12/30/2019 23:31:48.279000,0.86
12/30/2019 23:33:48.403000,1.17
12/30/2019 23:35:48.341000,1.2
12/30/2019 23:37:48.216000,1.03
12/30/2019 23:39:48.366000,1.61
12/30/2019 23:41:48.326000,1.48
12/30/2019 23:43:48.552000,1.42
12/30/2019 23:45:48.315000,2.37
12/30/2019 23:47:48.218000,2.13
12/30/2019 23:49:48.504000,2.74
12/30/2019 23:51:48.241000,2.99
12/30/2019 23:53:48.401000,2.07
12/30/2019 23:55:48.413000,3.81
12/30/2019 23:57:48.329000,2.9
12/30/2019 23:59:48.471000,3.37
12/31/2019 00:01:48.414000,3.46
12/31/2019 00:03:48.491000,2.25
12/31/2019 00:05:48.000000,3.8
12/31/2019 00:07:48.336000,2.85
12/31/2019 00:09:47.982000,4.14
12/31/2019 00:11:48.013000,4.26
12/31/2019 00:13:48.330000,4.4
12/31/2019 00:15:48.322000,4.74
12/31/2019 00:17:48.007000,5.9
12/31/2019 00:19:47.994000,5.53
12/31/2019 00:21:48.017000,5.96
12/31/2019 00:23:48.219000,4.94
12/31/2019 00:25:48.302000,5.12
12/31/2019 00:27:48.010000,5.66
12/31/2019 00:29:48.337000,5.88
12/31/2019 00:31:48.312000,5.64
12/31/2019 00:33:48.016000,5.18
12/31/2019 00:35:48.021000,5.57
12/31/2019 00:37:47.984000,4.9
12/31/2019 00:39:48.954000,4.81
12/31/2019 00:41:48.333000,5.01
12/31/2019 00:43:47.971000,5.62
12/31/2019 00:45:48.463000,6.31
12/31/2019 00:47:48.391000,7.88
12/31/2019 00:49:48.327000,7.19
12/31/2019 00:51:48.217000,6.56
12/31/2019 00:53:48.412000,6.34
12/31/2019 00:55:48.495000,5.32
12/31/2019 00:57:48.015000,3.64
12/31/2019 00:59:48.313000,2.64
12/31/2019 01:01:48.507000,1.8
12/31/2019 01:03:48.314000,2.14
12/31/2019 01:05:48.392000,1.31
12/31/2019 01:07:48.213000,1.31
12/31/2019 01:09:48.002000,1.22
12/31/2019 01:11:48.466000,0.94
12/31/2019 01:13:48.243000,0.59
12/31/2019 01:15:47.973000,0.23
12/31/2019 01:17:48.541000,0.71
12/31/2019 01:19:48.369000,0.89
12/31/2019 01:21:48.245000,1.09
12/31/2019 01:23:48.335000,0.61
12/31/2019 01:25:48.377000,1.24
12/31/2019 01:27:48.402000,0.93
12/31/2019 01:29:48.185000,1.04
12/31/2019 01:31:48.305000,1.49
12/31/2019 01:33:47.972000,1.21
12/31/2019 01:35:48.361000,1.13
12/31/2019 01:37:48.055000,0.52
12/31/2019 01:39:48.622000,0.84
12/31/2019 01:41:48.335000,1.57
12/31/2019 01:43:48.193000,1.6
12/31/2019 01:45:48.319000,1.66
12/31/2019 01:47:48.387000,0.88
12/31/2019 01:49:48.222000,0.72
12/31/2019 01:51:48.444000,0.66
12/31/2019 01:53:48.194000,0.82
12/31/2019 01:55:48.450000,0.41
12/31/2019 01:57:48.374000,0.78
12/31/2019 01:59:48.411000,0.68
12/31/2019 02:01:48.210000,0.43
12/31/2019 02:03:48.039000,0.12
12/31/2019 02:05:47.995000,0.22
12/31/2019 02:07:48.210000,0.26
12/31/2019 02:09:48.042000,0.35
12/31/2019 02:11:48.311000,0.22
12/31/2019 02:13:48.326000,0.0
12/31/2019 02:15:48.199000,0.0
12/31/2019 02:17:48.210000,0.0
12/31/2019 02:19:48.269000,0.04
12/31/2019 02:21:48.425000,0.0
12/31/2019 02:23:48.444000,0.0
12/31/2019 02:25:48.038000,0.31
12/31/2019 02:27:48.207000,0.0
12/31/2019 02:29:47.967000,0.0
12/31/2019 02:31:48.196000,0.0
12/31/2019 02:33:48.210000,0.0
12/31/2019 02:35:48.243000,0.0
12/31/2019 02:37:47.972000,0.0
12/31/2019 02:39:48.390000,0.0
12/31/2019 02:41:48.464000,0.0
12/31/2019 02:43:48.393000,0.0
12/31/2019 02:45:47.966000,0.0
12/31/2019 02:47:48.290000,0.13
12/31/2019 02:49:48.301000,0.04
12/31/2019 02:51:48.461000,0.0
12/31/2019 02:53:47.969000,0.0
12/31/2019 02:55:48.243000,0.26
12/31/2019 02:57:48.201000,0.27
12/31/2019 02:59:47.967000,0.0
12/31/2019 03:01:47.986000,0.04
12/31/2019 03:03:48.394000,0.16
12/31/2019 03:05:48.513000,0.03
12/31/2019 03:07:48.286000,0.0
12/31/2019 03:09:48.322000,0.2
12/31/2019 03:11:48.298000,0.23
12/31/2019 03:13:48.330000,0.01
12/31/2019 03:15:48.387000,0.0
12/31/2019 03:17:48.355000,0.13
12/31/2019 03:19:48.447000,0.0
12/31/2019 03:21:48.415000,0.04
12/31/2019 03:23:48.367000,0.06
12/31/2019 03:25:48.318000,0.17
12/31/2019 03:27:48.305000,0.07
12/31/2019 03:29:48.413000,0.46
12/31/2019 03:31:48.190000,0.45
12/31/2019 03:33:48.328000,0.32
12/31/2019 03:35:48.189000,0.38
12/31/2019 03:37:48.310000,0.35
12/31/2019 03:39:48.830000,0.3
12/31/2019 03:41:47.977000,0.0
12/31/2019 03:43:47.971000,0.18
12/31/2019 03:45:48.001000,0.17
12/31/2019 03:47:48.337000,0.37
12/31/2019 03:49:48.534000,0.24
12/31/2019 03:51:48.184000,0.67
12/31/2019 03:53:48.307000,0.37
12/31/2019 03:55:48.452000,0.69
12/31/2019 03:57:48.459000,0.0
12/31/2019 03:59:48.276000,0.26
12/31/2019 04:01:48.139000,0.15
12/31/2019 04:03:48.180000,0.2
12/31/2019 04:05:48.350000,0.62
12/31/2019 04:07:48.298000,0.07
12/31/2019 04:09:48.364000,0.13
12/31/2019 04:11:48.388000,0.65
12/31/2019 04:13:48.368000,0.0
12/31/2019 04:15:48.301000,0.15
12/31/2019 04:17:48.042000,0.26
12/31/2019 04:19:48.166000,0.13
12/31/2019 04:21:48.407000,0.0
12/31/2019 04:23:48.428000,0.01
12/31/2019 04:25:48.432000,0.13
12/31/2019 04:27:47.961000,0.2
12/31/2019 04:29:48.318000,0.0
12/31/2019 04:31:48.220000,0.09
12/31/2019 04:33:48.282000,0.0
12/31/2019 04:35:48.279000,0.0
12/31/2019 04:37:48.343000,0.0
12/31/2019 04:39:48.806000,0.0
12/31/2019 04:41:47.968000,0.0
12/31/2019 04:43:47.969000,0.0
12/31/2019 04:45:48.284000,0.34
12/31/2019 04:47:48.435000,0.35
12/31/2019 04:49:48.231000,0.0
12/31/2019 04:51:48.176000,0.1
12/31/2019 04:53:48.372000,0.41
12/31/2019 04:55:48.349000,0.76
12/31/2019 04:57:48.358000,1.01
12/31/2019 04:59:48.228000,0.66
12/31/2019 05:01:47.943000,0.09
12/31/2019 05:03:48.035000,0.29
12/31/2019 05:05:48.274000,0.63
12/31/2019 05:07:48.415000,0.1
12/31/2019 05:09:48.432000,0.0
12/31/2019 05:11:48.264000,0.28
12/31/2019 05:13:48.281000,0.0
12/31/2019 05:15:48.226000,0.16
12/31/2019 05:17:48.329000,0.0
12/31/2019 05:19:48.279000,0.0
12/31/2019 05:21:48.817000,0.0
12/31/2019 05:23:48.335000,0.0
12/31/2019 05:25:48.196000,0.0
12/31/2019 05:27:48.272000,0.01
12/31/2019 05:29:47.976000,0.0
12/31/2019 05:31:48.121000,0.0
12/31/2019 05:33:48.516000,0.08
12/31/2019 05:35:49.042000,0.0
12/31/2019 05:37:48.279000,0.0
12/31/2019 05:39:49.161000,0.0
12/31/2019 05:41:48.042000,0.0
12/31/2019 05:43:48.152000,0.0
12/31/2019 05:45:48.172000,0.0
12/31/2019 05:47:48.322000,0.0
12/31/2019 05:49:47.963000,0.0
12/31/2019 05:51:48.347000,0.17
12/31/2019 05:53:48.195000,0.0
12/31/2019 05:55:47.936000,0.0
12/31/2019 05:57:48.282000,0.0
12/31/2019 05:59:48.378000,0.0
12/31/2019 06:01:48.169000,0.17
12/31/2019 06:03:48.261000,0.43
12/31/2019 06:05:48.249000,0.05
12/31/2019 06:07:48.367000,0.04
12/31/2019 06:09:47.929000,0.0
12/31/2019 06:11:47.946000,0.13
12/31/2019 06:13:48.540000,0.0
12/31/2019 06:15:48.156000,0.0
12/31/2019 06:17:48.361000,0.0
12/31/2019 06:19:48.321000,0.04
12/31/2019 06:21:48.171000,0.0
12/31/2019 06:23:48.160000,0.0
12/31/2019 06:25:48.288000,0.0
12/31/2019 06:27:48.423000,0.0
12/31/2019 06:29:48.282000,0.0
12/31/2019 06:31:48.357000,0.0
12/31/2019 06:33:48.285000,0.07
12/31/2019 06:35:48.249000,0.0
12/31/2019 06:37:47.959000,0.0
12/31/2019 06:39:48.337000,0.12
12/31/2019 06:41:48.180000,0.08
12/31/2019 06:43:48.248000,0.0
12/31/2019 06:45:48.399000,0.0
12/31/2019 06:47:48.267000,0.0
12/31/2019 06:49:48.355000,0.0
12/31/2019 06:51:48.155000,0.0
12/31/2019 06:53:47.917000,0.09
12/31/2019 06:55:48.307000,0.0
12/31/2019 06:57:48.283000,0.0
12/31/2019 06:59:48.414000,0.0
12/31/2019 07:01:48.415000,0.0
12/31/2019 07:03:48.358000,0.0
12/31/2019 07:05:47.953000,0.0
12/31/2019 07:07:48.244000,0.0
12/31/2019 07:09:48.160000,0.0
12/31/2019 07:11:48.165000,0.19
12/31/2019 07:13:48.162000,0.0
12/31/2019 07:15:48.373000,0.0
12/31/2019 07:17:48.282000,0.17
12/31/2019 07:19:48.336000,0.0
12/31/2019 07:21:48.410000,0.0
12/31/2019 07:23:47.959000,0.0
12/31/2019 07:25:47.911000,0.0
12/31/2019 07:27:48.400000,0.0
12/31/2019 07:29:47.917000,0.0
12/31/2019 07:31:47.948000,0.0
12/31/2019 07:33:47.926000,0.0
12/31/2019 07:35:47.941000,0.0
12/31/2019 07:37:48.152000,0.0
12/31/2019 07:39:48.244000,0.0
12/31/2019 07:41:47.935000,0.0
12/31/2019 07:43:47.921000,0.0
12/31/2019 07:45:48.235000,0.0
12/31/2019 07:47:48.241000,0.0
12/31/2019 07:49:48.267000,0.0
12/31/2019 07:51:48.413000,0.0
12/31/2019 07:53:48.305000,0.0
12/31/2019 07:55:48.318000,0.0
12/31/2019 07:57:48.277000,0.0
12/31/2019 07:59:48.293000,0.0
12/31/2019 08:01:47.927000,0.0
12/31/2019 08:03:48.348000,0.0
12/31/2019 08:05:48.221000,0.0
12/31/2019 08:07:48.137000,0.0
12/31/2019 08:09:48.236000,0.0
12/31/2019 08:11:48.282000,0.0
12/31/2019 08:13:47.934000,0.0
12/31/2019 08:15:48.148000,0.0
12/31/2019 08:17:48.304000,0.0
12/31/2019 08:19:48.316000,0.0
12/31/2019 08:21:48.276000,0.0
12/31/2019 08:23:48.169000,0.0
12/31/2019 08:25:47.927000,0.0
12/31/2019 08:27:48.337000,0.0
12/31/2019 08:29:47.941000,0.0
12/31/2019 08:31:48.272000,0.0
12/31/2019 08:33:48.334000,0.0
12/31/2019 08:35:47.906000,0.0
12/31/2019 08:37:48.270000,0.0
12/31/2019 08:39:48.904000,0.0
12/31/2019 08:41:48.383000,0.0
12/31/2019 08:43:48.275000,0.0
12/31/2019 08:45:48.151000,0.0
12/31/2019 08:47:48.312000,0.0
12/31/2019 08:49:48.248000,0.0
12/31/2019 08:51:48.636000,0.21
12/31/2019 08:53:48.253000,0.1
12/31/2019 08:55:48.129000,0.0
12/31/2019 08:57:48.152000,0.0
12/31/2019 08:59:48.405000,0.0
12/31/2019 09:01:48.446000,0.0
12/31/2019 09:03:48.186000,0.0
12/31/2019 09:05:47.931000,0.0
12/31/2019 09:07:48.423000,0.0
12/31/2019 09:35:50.076000,0.0
12/31/2019 09:37:50.402000,0.0
12/31/2019 09:39:50.326000,0.0
12/31/2019 09:41:50.530000,0.0
12/31/2019 09:43:50.437000,0.0
12/31/2019 09:45:50.533000,0.0
12/31/2019 09:47:50.634000,0.0
12/31/2019 09:49:50.431000,0.0
12/31/2019 09:51:50.446000,0.62
12/31/2019 09:53:50.538000,0.97
12/31/2019 09:55:50.086000,1.85
12/31/2019 09:57:50.441000,5.51
12/31/2019 09:59:50.337000,7.23
12/31/2019 10:01:50.424000,8.46
12/31/2019 10:03:50.299000,9.43
12/31/2019 10:05:50.919000,12.7
12/31/2019 10:07:50.487000,15.32
12/31/2019 10:09:50.088000,18.81
12/31/2019 10:11:50.323000,21.99
12/31/2019 10:13:50.559000,26.68
12/31/2019 10:15:50.092000,28.4
12/31/2019 10:17:50.305000,17.89
12/31/2019 10:19:50.504000,27.2
12/31/2019 10:21:50.511000,31.72
12/31/2019 10:23:50.424000,32.9
12/31/2019 10:25:52.092000,34.84
12/31/2019 10:27:50.559000,37.35
12/31/2019 10:29:50.571000,45.15
12/31/2019 10:31:50.537000,37.27
12/31/2019 10:33:50.395000,41.4
12/31/2019 10:35:50.538000,23.3
12/31/2019 10:37:50.428000,10.51
12/31/2019 10:39:50.120000,2.57
12/31/2019 10:41:50.138000,2.82
12/31/2019 10:43:50.564000,2.94
12/31/2019 10:45:50.054000,3.15
12/31/2019 10:47:50.464000,1.7
12/31/2019 10:49:50.400000,0.83
12/31/2019 10:51:50.335000,1.06
12/31/2019 10:53:50.085000,1.07
12/31/2019 10:55:50.406000,0.56
12/31/2019 10:57:50.404000,0.27
12/31/2019 10:59:50.444000,0.09
12/31/2019 11:01:50.415000,0.0
12/31/2019 11:03:50.408000,0.09
12/31/2019 11:05:50.368000,0.0
12/31/2019 11:07:50.080000,0.36
12/31/2019 11:09:50.064000,0.09
12/31/2019 11:11:50.083000,0.0
12/31/2019 11:13:50.478000,0.0
12/31/2019 11:15:50.079000,0.0
12/31/2019 11:17:50.442000,0.0
12/31/2019 11:19:50.545000,0.13
12/31/2019 11:21:50.104000,0.09
12/31/2019 11:23:50.535000,0.0
12/31/2019 11:25:50.503000,0.09
12/31/2019 11:27:50.073000,0.45
12/31/2019 11:29:50.289000,0.0
12/31/2019 11:31:50.545000,0.07
12/31/2019 11:33:50.467000,0.12
12/31/2019 11:35:50.701000,0.0
12/31/2019 11:37:50.711000,0.0
12/31/2019 11:39:50.397000,0.0
12/31/2019 11:41:50.529000,0.0
12/31/2019 11:43:50.516000,0.0
12/31/2019 11:45:50.089000,0.04
12/31/2019 11:47:50.401000,0.0
12/31/2019 11:49:50.115000,0.0
12/31/2019 11:51:50.510000,0.0
12/31/2019 11:53:50.428000,0.0
12/31/2019 11:55:50.516000,0.0
12/31/2019 11:57:50.282000,0.0
12/31/2019 11:59:50.453000,0.0
12/31/2019 12:01:50.517000,0.0
12/31/2019 12:03:50.081000,0.0
12/31/2019 12:05:50.389000,0.0
12/31/2019 12:07:50.538000,0.0
12/31/2019 12:09:50.418000,0.03
12/31/2019 12:11:50.399000,0.16
12/31/2019 12:13:50.316000,0.0
12/31/2019 12:15:50.399000,0.0
12/31/2019 12:17:50.407000,0.0
12/31/2019 12:19:50.333000,0.0
12/31/2019 12:21:50.511000,0.0
12/31/2019 12:23:50.500000,0.0
12/31/2019 12:25:50.062000,0.0
12/31/2019 12:27:50.070000,0.04
12/31/2019 12:29:50.494000,0.0
12/31/2019 12:31:50.483000,0.01
12/31/2019 12:33:50.273000,0.32
12/31/2019 12:35:50.938000,0.01
12/31/2019 12:37:50.392000,0.29
12/31/2019 12:39:50.135000,0.37
12/31/2019 12:41:50.377000,0.0
12/31/2019 12:43:50.045000,0.0
12/31/2019 12:45:50.289000,0.0
12/31/2019 12:47:50.033000,0.0
12/31/2019 12:49:50.485000,0.0
12/31/2019 12:51:50.050000,0.0
12/31/2019 12:53:50.039000,0.07
12/31/2019 12:55:50.066000,0.0
12/31/2019 12:57:50.352000,0.0
12/31/2019 12:59:50.082000,0.0
12/31/2019 13:01:50.039000,0.0
12/31/2019 13:03:50.386000,0.0
12/31/2019 13:05:50.392000,0.17
12/31/2019 13:07:50.047000,0.0
12/31/2019 13:09:50.063000,0.0
12/31/2019 13:11:50.274000,0.0
12/31/2019 13:13:50.372000,0.0
12/31/2019 13:15:50.423000,0.0
12/31/2019 13:17:50.505000,0.55
12/31/2019 13:19:50.329000,0.0
12/31/2019 13:21:50.363000,1.07
12/31/2019 13:23:50.411000,0.26
12/31/2019 13:25:50.269000,0.0
12/31/2019 13:27:50.376000,0.0
12/31/2019 13:29:50.283000,0.0
12/31/2019 13:31:50.050000,0.89
12/31/2019 13:33:50.380000,0.36
12/31/2019 13:35:50.935000,0.09
12/31/2019 13:37:50.055000,0.0
12/31/2019 13:39:50.043000,0.0
12/31/2019 13:41:50.547000,0.04
12/31/2019 13:43:50.446000,0.0
12/31/2019 13:45:50.462000,0.0
12/31/2019 13:47:50.277000,0.0
12/31/2019 13:49:50.323000,0.0
12/31/2019 13:51:50.069000,0.0
12/31/2019 13:53:50.419000,0.0
12/31/2019 13:55:50.355000,0.23
12/31/2019 13:57:50.424000,0.0
12/31/2019 13:59:50.041000,0.0
12/31/2019 14:01:50.470000,0.0
12/31/2019 14:03:50.032000,0.0
12/31/2019 14:05:50.261000,0.0
12/31/2019 14:07:50.360000,0.0
12/31/2019 14:09:50.376000,0.25
12/31/2019 14:11:50.360000,0.0
12/31/2019 14:13:50.261000,0.0
12/31/2019 14:15:50.421000,0.17
12/31/2019 14:17:50.426000,0.0
12/31/2019 14:19:50.354000,0.34
12/31/2019 14:21:50.431000,0.63
12/31/2019 14:23:50.440000,0.07
12/31/2019 14:25:50.335000,0.69
12/31/2019 14:27:50.459000,0.0
12/31/2019 14:29:50.365000,0.03
12/31/2019 14:31:50.268000,0.0
12/31/2019 14:33:50.361000,0.15
12/31/2019 14:35:50.637000,0.0
12/31/2019 14:37:50.396000,0.0
12/31/2019 14:39:50.273000,0.0
12/31/2019 14:41:50.369000,0.26
12/31/2019 14:43:50.048000,0.15
12/31/2019 14:45:50.031000,0.0
12/31/2019 14:47:50.353000,0.0
12/31/2019 14:49:50.034000,0.61
12/31/2019 14:51:50.419000,0.34
12/31/2019 14:53:50.043000,0.39
12/31/2019 14:55:50.532000,0.0
12/31/2019 14:57:50.030000,0.09
12/31/2019 14:59:50.528000,0.46
12/31/2019 15:01:50.431000,0.96
12/31/2019 15:03:50.328000,0.42
12/31/2019 15:05:50.133000,1.13
12/31/2019 15:07:50.362000,0.46
12/31/2019 15:11:50.359000,0.88
12/31/2019 15:13:50.604000,1.18
12/31/2019 15:15:50.400000,0.87
12/31/2019 15:17:50.378000,0.79
12/31/2019 15:19:50.345000,0.31
12/31/2019 15:21:50.494000,0.6
12/31/2019 15:23:50.402000,0.17
12/31/2019 15:25:50.453000,0.51
12/31/2019 15:27:50.268000,0.93
12/31/2019 15:29:50.355000,0.08
12/31/2019 15:31:50.351000,0.61
12/31/2019 15:33:50.438000,0.4
12/31/2019 15:35:50.879000,4.19
12/31/2019 15:37:50.370000,8.72
12/31/2019 15:39:50.356000,4.0
12/31/2019 15:41:50.239000,2.47
12/31/2019 15:43:50.343000,1.57
12/31/2019 15:45:50.423000,1.15
12/31/2019 15:47:50.511000,0.81
12/31/2019 15:49:50.412000,0.29
12/31/2019 15:51:50.472000,0.48
12/31/2019 15:53:50.252000,0.17
12/31/2019 15:55:50.349000,0.07
12/31/2019 15:57:50.341000,0.45
12/31/2019 15:59:50.023000,0.36
12/31/2019 16:01:50.039000,0.3
12/31/2019 16:03:50.024000,0.8
12/31/2019 16:05:50.249000,0.45
12/31/2019 16:07:50.026000,1.0
12/31/2019 16:09:50.387000,0.95
12/31/2019 16:11:50.026000,1.9
12/31/2019 16:13:50.356000,1.46
12/31/2019 16:15:50.242000,0.71
12/31/2019 16:17:50.463000,0.79
12/31/2019 16:19:50.041000,1.38
12/31/2019 16:21:50.349000,1.41
12/31/2019 16:23:49.998000,1.21
12/31/2019 16:25:50.346000,2.07
12/31/2019 16:27:50.245000,2.69
12/31/2019 16:29:50.360000,2.72
12/31/2019 16:31:50.500000,4.14
12/31/2019 16:33:50.535000,3.21
12/31/2019 16:35:50.669000,3.09
12/31/2019 16:37:50.506000,2.99
12/31/2019 16:39:50.542000,3.97
12/31/2019 16:41:50.241000,3.72
12/31/2019 16:43:50.434000,2.61
12/31/2019 16:45:50.234000,2.36
12/31/2019 16:47:50.374000,3.04
12/31/2019 16:49:50.023000,2.09
12/31/2019 16:51:50.449000,1.7
12/31/2019 16:53:50.399000,1.44
12/31/2019 16:55:50.367000,1.28
12/31/2019 16:57:49.996000,1.51
12/31/2019 16:59:50.226000,2.29
12/31/2019 17:01:50.438000,1.29
12/31/2019 17:03:50.019000,1.7
12/31/2019 17:05:50.339000,1.43
12/31/2019 17:07:50.018000,1.55
12/31/2019 17:09:50.331000,1.9
12/31/2019 17:11:50.060000,2.0
12/31/2019 17:13:50.432000,2.45
12/31/2019 17:15:50.394000,1.83
12/31/2019 17:17:50.466000,1.65
12/31/2019 17:19:50.346000,1.14
12/31/2019 17:21:50.025000,0.77
12/31/2019 17:23:49.996000,1.22
12/31/2019 17:25:50.239000,0.32
12/31/2019 17:27:50.451000,0.41
12/31/2019 17:29:50.322000,0.31
12/31/2019 17:31:50.247000,0.27
12/31/2019 17:33:50.347000,0.93
12/31/2019 17:35:50.661000,0.57
12/31/2019 17:37:50.429000,0.7
12/31/2019 17:39:50.397000,0.09
12/31/2019 17:41:50.333000,0.19
12/31/2019 17:43:50.637000,0.46
12/31/2019 17:45:50.038000,0.41
12/31/2019 17:47:50.339000,0.54
12/31/2019 17:49:50.412000,0.54
12/31/2019 17:51:50.347000,0.96
12/31/2019 17:53:50.239000,1.25
12/31/2019 17:55:50.331000,1.06
12/31/2019 17:57:50.251000,1.12
12/31/2019 17:59:50.004000,1.0
12/31/2019 18:01:50.231000,0.9
12/31/2019 18:03:50.461000,1.13
12/31/2019 18:05:50.055000,0.74
12/31/2019 18:07:50.334000,0.88
12/31/2019 18:09:50.015000,1.21
12/31/2019 18:11:50.333000,1.21
12/31/2019 18:13:50.400000,1.25
12/31/2019 18:15:50.442000,0.11
12/31/2019 18:17:50.236000,0.19
12/31/2019 18:19:50.380000,0.33
12/31/2019 18:21:50.449000,0.39
12/31/2019 18:23:50.409000,0.32
12/31/2019 18:25:50.015000,0.23
12/31/2019 18:27:50.246000,0.43
12/31/2019 18:29:50.409000,0.16
12/31/2019 18:31:50.255000,0.13
12/31/2019 18:33:50.388000,0.24
12/31/2019 18:35:50.533000,0.09
12/31/2019 18:37:50.342000,0.06
12/31/2019 18:39:50.012000,0.22
12/31/2019 18:41:50.440000,0.01
12/31/2019 18:43:50.411000,0.0
12/31/2019 18:45:50.454000,0.06
12/31/2019 18:47:50.461000,0.0
12/31/2019 18:49:50.006000,0.0
12/31/2019 18:51:50.503000,0.0
12/31/2019 18:53:49.998000,0.0
12/31/2019 18:55:50.466000,0.0
12/31/2019 18:57:49.996000,0.24
12/31/2019 18:59:50.021000,0.0
12/31/2019 19:01:50.258000,0.0
12/31/2019 19:03:50.227000,0.08
12/31/2019 19:05:50.373000,0.14
12/31/2019 19:07:50.410000,0.23
12/31/2019 19:09:50.347000,0.18
12/31/2019 19:11:50.008000,0.0
12/31/2019 19:13:50.248000,0.08
12/31/2019 19:15:50.406000,0.01
12/31/2019 19:17:50.338000,0.08
12/31/2019 19:19:50.440000,0.21
12/31/2019 19:21:50.231000,0.0
12/31/2019 19:23:50.241000,0.07
12/31/2019 19:25:50.384000,0.0
12/31/2019 19:27:50.035000,0.0
12/31/2019 19:29:50.349000,0.26
12/31/2019 19:31:50.247000,0.29
12/31/2019 19:33:50.334000,0.47
12/31/2019 19:35:50.938000,0.59
12/31/2019 19:37:50.324000,0.49
12/31/2019 19:39:50.448000,0.0
12/31/2019 19:41:50.482000,0.0
12/31/2019 19:43:50.239000,0.0
12/31/2019 19:45:50.224000,0.54
12/31/2019 19:47:50.026000,0.25
12/31/2019 19:49:50.467000,0.0
12/31/2019 19:51:50.240000,0.0
12/31/2019 19:53:50.346000,0.0
12/31/2019 19:55:50.006000,0.0
12/31/2019 19:57:49.991000,0.0
12/31/2019 19:59:50.328000,0.0
12/31/2019 20:01:50.457000,0.0
12/31/2019 20:03:50.128000,0.0
12/31/2019 20:05:50.010000,0.0
12/31/2019 20:07:50.241000,0.0
12/31/2019 20:09:50.334000,0.0
12/31/2019 20:11:50.322000,0.0
12/31/2019 20:13:50.493000,0.0
12/31/2019 20:15:50.111000,0.0
12/31/2019 20:17:50.002000,0.0
12/31/2019 20:19:50.322000,0.0
12/31/2019 20:21:50.250000,0.0
12/31/2019 20:23:50.416000,0.0
12/31/2019 20:25:50.027000,0.0
12/31/2019 20:27:50.336000,0.0
12/31/2019 20:29:50.024000,0.0
12/31/2019 20:31:50.007000,0.0
12/31/2019 20:33:50.029000,0.0
12/31/2019 20:35:50.763000,0.0
12/31/2019 20:37:49.998000,0.0
12/31/2019 20:39:50.423000,0.0
12/31/2019 20:41:50.260000,0.0
12/31/2019 20:43:50.337000,0.0
12/31/2019 20:45:50.459000,0.0
12/31/2019 20:47:50.291000,0.0
12/31/2019 20:49:50.457000,0.0
12/31/2019 20:51:50.245000,0.0
12/31/2019 20:53:50.387000,0.0
12/31/2019 20:55:50.225000,0.0
12/31/2019 20:57:50.436000,0.0
12/31/2019 20:59:50.480000,0.0
12/31/2019 21:01:50.485000,0.0
12/31/2019 21:03:50.384000,0.0
12/31/2019 21:05:50.502000,0.0
12/31/2019 21:07:50.346000,0.0
12/31/2019 21:09:50.012000,0.0
12/31/2019 21:11:50.519000,0.0
12/31/2019 21:13:50.401000,0.0
12/31/2019 21:15:50.337000,0.0
12/31/2019 21:17:50.412000,0.0
12/31/2019 21:19:50.355000,0.0
12/31/2019 21:21:50.499000,0.0
12/31/2019 21:23:50.017000,0.0
12/31/2019 21:25:50.013000,0.0
12/31/2019 21:27:50.359000,0.0
12/31/2019 21:29:50.027000,0.0
12/31/2019 21:31:50.489000,0.0
12/31/2019 21:33:50.241000,0.0
12/31/2019 21:35:50.905000,0.0
12/31/2019 21:37:50.484000,0.0
12/31/2019 21:39:50.368000,0.0
12/31/2019 21:41:50.346000,0.0
12/31/2019 21:43:50.433000,0.0
12/31/2019 21:45:50.012000,0.0
12/31/2019 21:47:50.338000,0.0
12/31/2019 21:49:50.348000,0.0
12/31/2019 21:51:50.015000,0.0
12/31/2019 21:53:50.035000,0.0
12/31/2019 21:55:50.284000,0.0
12/31/2019 21:57:50.254000,0.0
12/31/2019 21:59:50.231000,0.0
12/31/2019 22:01:50.357000,0.0
12/31/2019 22:03:50.028000,0.0
12/31/2019 22:05:50.023000,0.0
12/31/2019 22:07:50.398000,0.0
12/31/2019 22:09:50.331000,0.0
12/31/2019 22:11:50.403000,0.0
12/31/2019 22:13:50.236000,0.0
12/31/2019 22:15:50.239000,0.0
12/31/2019 22:17:50.317000,0.0
12/31/2019 22:19:50.471000,0.0
12/31/2019 22:21:50.382000,0.0
12/31/2019 22:23:50.356000,0.0
12/31/2019 22:25:50.127000,0.0
12/31/2019 22:27:50.437000,0.0
12/31/2019 22:29:50.458000,0.0
12/31/2019 22:31:50.365000,0.0
12/31/2019 22:33:50.461000,0.0
12/31/2019 22:35:50.596000,0.0
12/31/2019 22:37:50.418000,0.0
12/31/2019 22:39:50.248000,0.0
12/31/2019 22:41:50.245000,0.29
12/31/2019 22:43:50.351000,0.08
12/31/2019 22:45:50.366000,0.37
12/31/2019 22:47:50.331000,0.0
12/31/2019 22:49:50.439000,0.0
12/31/2019 22:51:50.239000,0.09
12/31/2019 22:53:50.335000,0.0
12/31/2019 22:55:50.358000,0.26
12/31/2019 22:57:50.006000,0.43
12/31/2019 22:59:50.366000,0.16
12/31/2019 23:01:50.328000,0.44
12/31/2019 23:03:50.419000,0.0
12/31/2019 23:05:50.313000,0.65
12/31/2019 23:07:50.259000,0.21
12/31/2019 23:09:50.027000,0.14
12/31/2019 23:11:50.473000,0.09
12/31/2019 23:13:50.021000,0.94
12/31/2019 23:15:50.376000,0.97
12/31/2019 23:17:50.296000,0.5
12/31/2019 23:19:50.344000,1.21
12/31/2019 23:21:50.456000,1.24
12/31/2019 23:23:50.260000,0.83
12/31/2019 23:25:50.400000,2.23
12/31/2019 23:27:50.466000,3.16
12/31/2019 23:29:50.488000,2.2
12/31/2019 23:31:50.342000,2.23
12/31/2019 23:33:50.335000,2.94
12/31/2019 23:35:50.679000,3.89
12/31/2019 23:37:50.028000,6.14
12/31/2019 23:39:50.413000,6.41
12/31/2019 23:41:50.483000,10.76
12/31/2019 23:43:50.028000,10.75
12/31/2019 23:45:50.355000,9.03
12/31/2019 23:47:50.016000,9.43
12/31/2019 23:49:50.252000,10.94
12/31/2019 23:51:50.395000,10.46
12/31/2019 23:53:50.451000,10.04
12/31/2019 23:55:50.296000,9.21
12/31/2019 23:57:50.229000,6.55
12/31/2019 23:59:50.330000,5.47
                